tanggal,temperature_2m_max,temperature_2m_min,temperature_2m_mean,precipitation_sum,rain_sum,et0_fao_evapotranspiration,windspeed_10m_max,shortwave_radiation_sum,relative_humidity_2m_max,relative_humidity_2m_min,kabupaten,lat,lon
2018-01-01,27.8,23.9,25.8,8.3,8.3,3.26,6.6,16.54,99,78,Bangkalan,-6.9046,112.9834
2018-01-02,28.0,24.0,25.8,17.1,17.1,3.52,9.5,18.35,100,80,Bangkalan,-6.9046,112.9834
2018-01-03,29.5,24.2,26.4,9.9,9.9,3.71,9.9,18.63,99,73,Bangkalan,-6.9046,112.9834
2018-01-04,29.0,24.0,26.0,19.8,19.8,3.54,13.4,18.14,99,77,Bangkalan,-6.9046,112.9834
2018-01-05,29.5,23.8,25.9,18.8,18.8,3.79,13.0,19.22,98,75,Bangkalan,-6.9046,112.9834
2018-01-06,29.5,23.9,25.8,11.9,11.9,3.64,12.0,18.51,98,74,Bangkalan,-6.9046,112.9834
2018-01-07,26.5,23.8,25.2,17.6,17.6,2.06,15.5,10.61,97,84,Bangkalan,-6.9046,112.9834
2018-01-08,28.6,23.9,26.0,5.5,5.5,3.47,9.7,17.57,99,76,Bangkalan,-6.9046,112.9834
2018-01-09,29.3,23.8,26.5,1.4,1.4,4.42,11.1,22.38,96,71,Bangkalan,-6.9046,112.9834
2018-01-10,28.9,25.0,26.5,6.7,6.7,4.1,20.8,21.74,93,74,Bangkalan,-6.9046,112.9834
2018-01-11,28.5,24.0,25.7,17.7,17.7,2.85,21.4,13.71,96,74,Bangkalan,-6.9046,112.9834
2018-01-12,29.1,24.4,26.3,2.1,2.1,3.81,19.7,17.4,91,70,Bangkalan,-6.9046,112.9834
2018-01-13,29.5,24.9,27.0,8.5,8.5,4.16,25.5,19.76,93,68,Bangkalan,-6.9046,112.9834
2018-01-14,28.8,23.8,26.3,5.8,5.8,3.1,21.1,14.63,97,76,Bangkalan,-6.9046,112.9834
2018-01-15,28.4,25.5,27.1,0.8,0.8,4.03,22.7,17.47,90,72,Bangkalan,-6.9046,112.9834
2018-01-16,28.9,24.5,26.6,3.6,3.6,3.74,25.6,16.19,91,73,Bangkalan,-6.9046,112.9834
2018-01-17,28.9,25.6,26.8,15.1,15.1,3.74,20.6,16.71,90,74,Bangkalan,-6.9046,112.9834
2018-01-18,28.4,24.7,25.9,25.0,25.0,2.82,17.6,14.09,97,80,Bangkalan,-6.9046,112.9834
2018-01-19,27.6,23.9,25.2,16.0,16.0,2.08,14.6,10.76,98,84,Bangkalan,-6.9046,112.9834
2018-01-20,28.4,24.5,25.6,16.1,16.1,2.99,17.0,15.41,96,72,Bangkalan,-6.9046,112.9834
2018-01-21,27.8,24.4,25.8,12.1,12.1,3.02,20.2,14.84,95,73,Bangkalan,-6.9046,112.9834
2018-01-22,27.2,25.0,25.6,20.4,20.4,2.88,26.4,14.95,95,82,Bangkalan,-6.9046,112.9834
2018-01-23,27.5,24.5,25.6,14.3,14.3,2.77,25.8,14.38,93,80,Bangkalan,-6.9046,112.9834
2018-01-24,27.9,24.9,25.9,13.8,13.8,3.08,19.5,16.44,94,81,Bangkalan,-6.9046,112.9834
2018-01-25,27.8,25.3,26.5,1.4,1.4,3.4,28.8,16.36,92,75,Bangkalan,-6.9046,112.9834
2018-01-26,28.1,25.7,26.4,3.9,3.9,3.67,26.0,19.1,92,78,Bangkalan,-6.9046,112.9834
2018-01-27,28.7,24.6,26.7,9.1,9.1,4.19,32.5,20.66,92,74,Bangkalan,-6.9046,112.9834
2018-01-28,27.0,24.8,26.0,11.0,11.0,3.01,29.2,14.03,91,82,Bangkalan,-6.9046,112.9834
2018-01-29,28.6,24.5,26.6,12.0,12.0,4.34,33.5,20.94,92,74,Bangkalan,-6.9046,112.9834
2018-01-30,28.1,24.5,26.2,12.7,12.7,4.01,28.7,19.74,92,77,Bangkalan,-6.9046,112.9834
2018-01-31,27.4,23.6,25.6,19.1,19.1,2.72,26.9,13.09,96,81,Bangkalan,-6.9046,112.9834
2018-02-01,27.9,24.2,25.7,18.0,18.0,3.11,27.7,16.09,94,81,Bangkalan,-6.9046,112.9834
2018-02-02,27.2,24.4,25.8,12.7,12.7,3.12,21.5,16.19,96,81,Bangkalan,-6.9046,112.9834
2018-02-03,27.7,24.4,25.8,10.0,10.0,3.47,26.4,19.02,97,79,Bangkalan,-6.9046,112.9834
2018-02-04,28.7,24.1,26.0,6.3,6.3,4.17,20.8,22.3,97,75,Bangkalan,-6.9046,112.9834
2018-02-05,28.4,23.9,25.8,7.3,7.3,3.1,20.4,15.13,97,75,Bangkalan,-6.9046,112.9834
2018-02-06,27.0,24.7,25.7,1.3,1.3,2.46,23.0,9.39,90,75,Bangkalan,-6.9046,112.9834
2018-02-07,26.9,24.4,25.3,19.6,19.6,2.92,23.7,14.72,94,79,Bangkalan,-6.9046,112.9834
2018-02-08,26.4,23.7,24.8,54.0,54.0,1.97,23.2,10.77,99,86,Bangkalan,-6.9046,112.9834
2018-02-09,27.5,24.5,25.6,8.9,8.9,3.33,21.1,17.44,94,79,Bangkalan,-6.9046,112.9834
2018-02-10,28.1,24.0,25.5,9.2,9.2,3.42,17.3,17.91,98,75,Bangkalan,-6.9046,112.9834
2018-02-11,27.1,23.9,25.2,31.3,31.3,3.38,20.6,18.83,97,81,Bangkalan,-6.9046,112.9834
2018-02-12,27.6,23.5,25.6,16.4,16.4,3.5,26.2,17.76,96,78,Bangkalan,-6.9046,112.9834
2018-02-13,27.5,25.0,25.9,10.7,10.7,3.46,29.2,16.71,89,76,Bangkalan,-6.9046,112.9834
2018-02-14,27.6,24.2,26.1,8.5,8.5,3.5,25.6,16.79,93,78,Bangkalan,-6.9046,112.9834
2018-02-15,27.5,23.9,25.6,12.7,12.7,3.2,26.5,16.63,98,77,Bangkalan,-6.9046,112.9834
2018-02-16,27.5,24.1,25.6,6.2,6.2,2.77,26.3,13.25,96,78,Bangkalan,-6.9046,112.9834
2018-02-17,28.3,24.5,26.5,2.3,2.3,4.49,26.7,24.15,94,76,Bangkalan,-6.9046,112.9834
2018-02-18,29.0,25.1,26.7,2.8,2.8,4.6,19.3,23.54,91,73,Bangkalan,-6.9046,112.9834
2018-02-19,29.1,24.6,26.5,7.1,7.1,4.49,13.3,23.46,96,75,Bangkalan,-6.9046,112.9834
2018-02-20,28.4,24.3,26.0,11.6,11.6,3.93,14.9,20.97,96,77,Bangkalan,-6.9046,112.9834
2018-02-21,28.5,24.0,26.2,1.8,1.8,4.48,11.9,23.45,98,76,Bangkalan,-6.9046,112.9834
2018-02-22,28.2,23.1,25.5,13.5,13.5,4.39,11.2,22.99,99,77,Bangkalan,-6.9046,112.9834
2018-02-23,28.0,23.6,25.7,8.1,8.1,3.7,11.8,19.07,97,77,Bangkalan,-6.9046,112.9834
2018-02-24,27.5,23.4,25.2,17.4,17.4,3.18,16.3,16.97,98,82,Bangkalan,-6.9046,112.9834
2018-02-25,28.3,24.0,25.9,6.6,6.6,3.12,11.2,15.73,97,75,Bangkalan,-6.9046,112.9834
2018-02-26,28.6,23.3,25.4,34.7,34.7,3.15,12.4,16.26,97,76,Bangkalan,-6.9046,112.9834
2018-02-27,29.4,23.1,26.2,3.9,3.9,4.46,7.1,22.4,96,70,Bangkalan,-6.9046,112.9834
2018-02-28,28.6,23.1,26.0,1.6,1.6,4.42,10.1,22.91,98,77,Bangkalan,-6.9046,112.9834
2018-03-01,28.0,23.9,25.6,13.4,13.4,3.35,14.2,18.03,96,78,Bangkalan,-6.9046,112.9834
2018-03-02,28.8,23.5,26.0,8.3,8.3,4.13,14.2,21.89,96,78,Bangkalan,-6.9046,112.9834
2018-03-03,28.3,24.3,26.0,3.3,3.3,3.72,9.0,19.53,97,80,Bangkalan,-6.9046,112.9834
2018-03-04,29.0,23.8,26.3,2.3,2.3,4.28,11.6,22.0,97,74,Bangkalan,-6.9046,112.9834
2018-03-05,28.6,23.1,25.5,18.3,18.3,3.73,9.8,19.61,98,83,Bangkalan,-6.9046,112.9834
2018-03-06,28.6,23.5,26.3,3.3,3.3,4.12,12.2,21.32,99,77,Bangkalan,-6.9046,112.9834
2018-03-07,28.9,23.8,25.6,24.3,24.3,3.46,14.1,17.86,98,78,Bangkalan,-6.9046,112.9834
2018-03-08,28.0,23.9,26.0,10.0,10.0,3.21,14.9,16.81,98,79,Bangkalan,-6.9046,112.9834
2018-03-09,29.9,24.0,26.6,16.3,16.3,4.14,12.6,20.66,98,73,Bangkalan,-6.9046,112.9834
2018-03-10,29.4,23.5,26.3,10.8,10.8,4.48,13.7,22.8,98,74,Bangkalan,-6.9046,112.9834
2018-03-11,28.4,23.9,25.8,5.1,5.1,3.26,10.5,16.55,99,77,Bangkalan,-6.9046,112.9834
2018-03-12,28.4,23.5,25.6,18.0,18.0,3.2,13.3,16.29,99,77,Bangkalan,-6.9046,112.9834
2018-03-13,26.9,23.4,24.8,26.0,26.0,2.19,12.7,11.19,98,84,Bangkalan,-6.9046,112.9834
2018-03-14,29.1,23.6,26.2,5.0,5.0,4.39,13.4,22.6,98,71,Bangkalan,-6.9046,112.9834
2018-03-15,29.5,24.0,26.6,4.6,4.6,4.61,8.5,23.36,95,71,Bangkalan,-6.9046,112.9834
2018-03-16,28.6,23.8,25.9,22.1,22.1,3.98,10.0,20.53,98,78,Bangkalan,-6.9046,112.9834
2018-03-17,27.6,23.0,25.0,13.6,13.6,3.55,9.8,18.43,99,82,Bangkalan,-6.9046,112.9834
2018-03-18,28.4,22.7,25.4,7.8,7.8,3.93,11.5,20.62,97,79,Bangkalan,-6.9046,112.9834
2018-03-19,29.5,23.2,26.3,9.4,9.4,4.57,9.7,23.18,95,75,Bangkalan,-6.9046,112.9834
2018-03-20,29.7,24.5,27.1,4.9,4.9,5.06,15.7,25.92,96,68,Bangkalan,-6.9046,112.9834
2018-03-21,27.7,24.2,26.3,3.3,3.3,3.74,24.5,19.84,96,81,Bangkalan,-6.9046,112.9834
2018-03-22,27.8,23.7,25.3,23.9,23.9,2.76,20.6,14.84,96,83,Bangkalan,-6.9046,112.9834
2018-03-23,29.2,23.4,26.5,2.6,2.6,4.75,13.7,24.62,96,73,Bangkalan,-6.9046,112.9834
2018-03-24,30.0,24.2,26.7,2.0,2.0,4.23,9.8,21.07,95,70,Bangkalan,-6.9046,112.9834
2018-03-25,29.5,24.0,26.3,15.6,15.6,4.41,8.9,22.49,96,75,Bangkalan,-6.9046,112.9834
2018-03-26,28.6,23.6,26.2,2.4,2.4,4.17,10.3,21.51,98,73,Bangkalan,-6.9046,112.9834
2018-03-27,29.1,24.6,26.4,9.2,9.2,3.88,13.2,20.13,96,78,Bangkalan,-6.9046,112.9834
2018-03-28,29.9,24.4,26.8,6.2,6.2,4.33,12.6,21.56,97,72,Bangkalan,-6.9046,112.9834
2018-03-29,29.3,24.5,26.9,3.7,3.7,4.67,14.5,24.03,95,73,Bangkalan,-6.9046,112.9834
2018-03-30,29.2,24.6,26.5,1.8,1.8,4.24,17.6,21.92,95,71,Bangkalan,-6.9046,112.9834
2018-03-31,29.4,24.6,26.6,6.7,6.7,4.47,15.9,23.59,96,72,Bangkalan,-6.9046,112.9834
2018-04-01,29.2,24.0,26.5,3.6,3.6,4.28,16.8,22.25,99,74,Bangkalan,-6.9046,112.9834
2018-04-02,29.2,23.8,26.4,1.9,1.9,4.39,10.5,22.81,97,75,Bangkalan,-6.9046,112.9834
2018-04-03,30.2,23.8,26.8,2.6,2.6,4.49,9.4,22.17,98,68,Bangkalan,-6.9046,112.9834
2018-04-04,29.4,24.2,26.6,4.4,4.4,4.42,10.5,22.38,96,74,Bangkalan,-6.9046,112.9834
2018-04-05,30.0,24.4,26.9,1.5,1.5,4.33,10.1,21.82,97,66,Bangkalan,-6.9046,112.9834
2018-04-06,30.7,24.2,26.7,2.5,2.5,4.12,11.2,20.7,98,70,Bangkalan,-6.9046,112.9834
2018-04-07,29.1,23.6,26.0,9.1,9.1,3.95,14.4,20.68,99,76,Bangkalan,-6.9046,112.9834
2018-04-08,28.9,23.5,25.7,9.9,9.9,3.87,16.5,20.73,96,75,Bangkalan,-6.9046,112.9834
2018-04-09,29.8,23.7,26.3,9.9,9.9,3.97,13.0,20.2,97,70,Bangkalan,-6.9046,112.9834
2018-04-10,30.6,24.2,27.3,0.8,0.8,4.62,13.0,21.95,91,61,Bangkalan,-6.9046,112.9834
2018-04-11,30.9,24.5,27.4,0.6,0.6,4.69,14.4,22.86,92,62,Bangkalan,-6.9046,112.9834
2018-04-12,29.0,24.5,27.0,4.9,4.9,3.62,11.7,18.13,94,77,Bangkalan,-6.9046,112.9834
2018-04-13,30.6,24.8,27.4,3.4,3.4,4.36,12.4,21.34,94,67,Bangkalan,-6.9046,112.9834
2018-04-14,30.2,25.1,27.3,2.7,2.7,4.22,13.8,21.12,93,69,Bangkalan,-6.9046,112.9834
2018-04-15,31.2,24.7,27.6,1.2,1.2,4.63,10.7,22.35,96,63,Bangkalan,-6.9046,112.9834
2018-04-16,30.5,24.9,27.2,5.7,5.7,4.29,9.3,21.41,95,70,Bangkalan,-6.9046,112.9834
2018-04-17,28.8,24.2,26.4,9.5,9.5,3.66,9.7,18.79,99,76,Bangkalan,-6.9046,112.9834
2018-04-18,29.2,24.0,26.2,8.7,8.7,3.56,9.4,18.1,100,78,Bangkalan,-6.9046,112.9834
2018-04-19,29.6,24.0,26.7,1.8,1.8,4.15,10.7,20.74,96,70,Bangkalan,-6.9046,112.9834
2018-04-20,29.2,24.3,26.6,6.3,6.3,4.0,13.1,20.66,95,72,Bangkalan,-6.9046,112.9834
2018-04-21,29.5,24.1,26.6,4.4,4.4,3.59,12.4,18.1,97,72,Bangkalan,-6.9046,112.9834
2018-04-22,29.0,24.5,26.6,8.0,8.0,3.23,14.8,16.43,96,77,Bangkalan,-6.9046,112.9834
2018-04-23,30.1,24.5,26.6,9.3,9.3,3.64,18.2,18.96,96,74,Bangkalan,-6.9046,112.9834
2018-04-24,29.8,24.4,26.7,9.7,9.7,3.92,9.8,19.84,94,69,Bangkalan,-6.9046,112.9834
2018-04-25,30.3,24.2,26.9,2.6,2.6,4.37,11.3,21.7,95,63,Bangkalan,-6.9046,112.9834
2018-04-26,29.0,23.8,26.5,0.3,0.3,4.13,16.4,20.42,96,73,Bangkalan,-6.9046,112.9834
2018-04-27,30.5,24.7,27.1,2.4,2.4,4.32,14.8,20.7,88,62,Bangkalan,-6.9046,112.9834
2018-04-28,30.5,24.4,27.2,1.5,1.5,4.47,16.7,21.31,93,66,Bangkalan,-6.9046,112.9834
2018-04-29,31.3,24.9,27.4,0.0,0.0,5.26,15.6,23.89,86,52,Bangkalan,-6.9046,112.9834
2018-04-30,31.0,24.2,27.0,0.4,0.4,4.88,13.6,22.21,89,52,Bangkalan,-6.9046,112.9834
2018-05-01,30.6,23.9,26.9,0.2,0.2,4.84,14.3,22.0,87,55,Bangkalan,-6.9046,112.9834
2018-05-02,30.7,23.8,26.7,0.0,0.0,4.55,11.2,22.11,91,54,Bangkalan,-6.9046,112.9834
2018-05-03,30.5,23.7,26.7,0.4,0.4,4.61,10.3,21.92,89,58,Bangkalan,-6.9046,112.9834
2018-05-04,31.5,24.1,27.0,0.0,0.0,4.88,10.7,22.73,89,49,Bangkalan,-6.9046,112.9834
2018-05-05,30.8,23.7,26.9,0.2,0.2,4.59,16.1,21.46,91,58,Bangkalan,-6.9046,112.9834
2018-05-06,31.0,24.9,27.5,0.6,0.6,4.67,19.9,20.91,88,60,Bangkalan,-6.9046,112.9834
2018-05-07,31.5,24.7,27.6,0.3,0.3,4.6,15.0,20.76,90,56,Bangkalan,-6.9046,112.9834
2018-05-08,31.0,24.8,27.5,0.0,0.0,4.61,12.1,20.75,91,56,Bangkalan,-6.9046,112.9834
2018-05-09,30.8,24.4,27.1,2.3,2.3,4.54,17.4,20.92,90,56,Bangkalan,-6.9046,112.9834
2018-05-10,31.4,24.2,27.2,0.0,0.0,4.99,16.0,22.42,88,52,Bangkalan,-6.9046,112.9834
2018-05-11,31.4,24.0,27.3,1.7,1.7,4.83,13.9,22.08,92,58,Bangkalan,-6.9046,112.9834
2018-05-12,30.9,25.2,27.5,0.1,0.1,4.3,13.6,19.33,89,57,Bangkalan,-6.9046,112.9834
2018-05-13,31.9,24.6,27.7,0.0,0.0,4.81,14.3,21.24,88,52,Bangkalan,-6.9046,112.9834
2018-05-14,30.9,25.3,27.6,1.2,1.2,4.35,17.7,19.47,89,60,Bangkalan,-6.9046,112.9834
2018-05-15,30.5,25.6,27.4,5.7,5.7,3.79,15.5,17.35,88,69,Bangkalan,-6.9046,112.9834
2018-05-16,30.9,25.2,27.4,9.5,9.5,3.81,17.5,17.62,89,66,Bangkalan,-6.9046,112.9834
2018-05-17,29.7,25.0,26.9,11.9,11.9,3.67,17.2,18.09,92,72,Bangkalan,-6.9046,112.9834
2018-05-18,30.1,24.6,27.2,1.1,1.1,4.11,12.9,18.96,92,66,Bangkalan,-6.9046,112.9834
2018-05-19,30.5,24.8,27.2,1.2,1.2,4.17,12.4,19.52,89,61,Bangkalan,-6.9046,112.9834
2018-05-20,30.6,25.1,27.0,7.3,7.3,3.99,16.0,18.62,89,58,Bangkalan,-6.9046,112.9834
2018-05-21,29.5,24.3,26.8,0.6,0.6,3.09,16.2,13.7,93,66,Bangkalan,-6.9046,112.9834
2018-05-22,30.5,25.2,27.4,0.3,0.3,4.09,21.0,18.08,88,63,Bangkalan,-6.9046,112.9834
2018-05-23,30.4,25.1,27.0,3.8,3.8,3.63,18.7,17.27,93,66,Bangkalan,-6.9046,112.9834
2018-05-24,30.0,24.1,26.7,9.7,9.7,3.58,14.8,17.69,97,68,Bangkalan,-6.9046,112.9834
2018-05-25,30.8,25.4,27.1,4.6,4.6,3.59,12.3,17.03,91,64,Bangkalan,-6.9046,112.9834
2018-05-26,30.0,25.0,27.3,1.3,1.3,3.76,14.2,17.5,92,69,Bangkalan,-6.9046,112.9834
2018-05-27,30.6,25.5,27.6,0.7,0.7,4.4,21.6,18.91,87,62,Bangkalan,-6.9046,112.9834
2018-05-28,30.8,25.0,27.4,0.5,0.5,4.51,19.3,20.01,85,59,Bangkalan,-6.9046,112.9834
2018-05-29,30.5,24.8,27.1,0.0,0.0,4.36,20.9,19.69,94,59,Bangkalan,-6.9046,112.9834
2018-05-30,30.5,24.5,26.7,0.0,0.0,4.5,14.0,20.83,86,58,Bangkalan,-6.9046,112.9834
2018-05-31,29.7,23.5,26.4,0.9,0.9,3.89,11.2,18.94,91,61,Bangkalan,-6.9046,112.9834
2018-06-01,30.5,23.8,26.6,1.1,1.1,4.26,13.0,20.2,90,53,Bangkalan,-6.9046,112.9834
2018-06-02,30.1,23.4,26.4,0.1,0.1,4.09,15.5,19.71,90,60,Bangkalan,-6.9046,112.9834
2018-06-03,30.0,23.0,26.4,0.7,0.7,3.85,14.5,18.13,95,60,Bangkalan,-6.9046,112.9834
2018-06-04,29.6,24.1,26.7,0.3,0.3,3.96,19.2,18.23,92,67,Bangkalan,-6.9046,112.9834
2018-06-05,30.2,24.5,27.1,0.2,0.2,4.05,14.9,19.06,91,63,Bangkalan,-6.9046,112.9834
2018-06-06,30.2,24.0,26.9,2.1,2.1,3.96,13.1,19.47,94,63,Bangkalan,-6.9046,112.9834
2018-06-07,31.2,24.3,27.1,1.7,1.7,4.0,18.1,19.37,95,59,Bangkalan,-6.9046,112.9834
2018-06-08,31.1,24.5,27.2,0.5,0.5,4.06,15.9,18.87,94,59,Bangkalan,-6.9046,112.9834
2018-06-09,30.1,24.6,26.9,1.5,1.5,3.89,15.9,17.13,91,60,Bangkalan,-6.9046,112.9834
2018-06-10,31.9,23.8,27.3,0.5,0.5,4.48,15.1,20.06,92,52,Bangkalan,-6.9046,112.9834
2018-06-11,30.6,24.8,27.4,3.7,3.7,4.05,14.0,17.82,91,62,Bangkalan,-6.9046,112.9834
2018-06-12,30.5,25.0,27.1,3.2,3.2,3.93,16.3,18.36,91,65,Bangkalan,-6.9046,112.9834
2018-06-13,31.0,25.0,27.3,0.0,0.0,5.06,18.7,20.66,84,51,Bangkalan,-6.9046,112.9834
2018-06-14,30.9,24.2,27.0,0.0,0.0,5.21,22.9,21.25,83,51,Bangkalan,-6.9046,112.9834
2018-06-15,31.1,23.3,26.7,0.0,0.0,5.03,16.3,21.21,85,47,Bangkalan,-6.9046,112.9834
2018-06-16,30.5,22.6,26.4,0.6,0.6,4.4,15.5,20.24,91,55,Bangkalan,-6.9046,112.9834
2018-06-17,30.5,24.0,26.8,1.5,1.5,4.5,23.0,18.4,85,57,Bangkalan,-6.9046,112.9834
2018-06-18,30.5,23.9,26.9,0.0,0.0,4.52,22.0,19.34,90,52,Bangkalan,-6.9046,112.9834
2018-06-19,29.8,24.6,26.7,1.8,1.8,3.64,17.2,15.51,90,65,Bangkalan,-6.9046,112.9834
2018-06-20,29.9,25.0,26.8,9.8,9.8,3.69,17.4,16.92,93,66,Bangkalan,-6.9046,112.9834
2018-06-21,29.0,23.9,26.2,3.0,3.0,3.08,15.8,13.63,98,68,Bangkalan,-6.9046,112.9834
2018-06-22,29.6,24.8,26.7,5.1,5.1,3.47,14.4,16.32,92,70,Bangkalan,-6.9046,112.9834
2018-06-23,30.0,24.0,26.5,7.2,7.2,3.75,14.5,17.69,93,62,Bangkalan,-6.9046,112.9834
2018-06-24,30.4,24.1,26.7,4.1,4.1,3.82,17.0,17.65,91,63,Bangkalan,-6.9046,112.9834
2018-06-25,30.6,24.4,26.6,3.9,3.9,3.95,15.7,18.5,91,56,Bangkalan,-6.9046,112.9834
2018-06-26,29.6,24.4,26.3,5.0,5.0,3.62,17.9,16.07,89,62,Bangkalan,-6.9046,112.9834
2018-06-27,30.8,24.0,26.9,0.1,0.1,4.62,14.9,19.93,87,54,Bangkalan,-6.9046,112.9834
2018-06-28,30.2,24.0,26.7,1.4,1.4,4.42,16.9,19.62,86,57,Bangkalan,-6.9046,112.9834
2018-06-29,30.0,23.6,26.7,2.6,2.6,4.33,19.0,18.88,87,57,Bangkalan,-6.9046,112.9834
2018-06-30,30.5,23.5,26.7,1.4,1.4,4.5,16.1,19.64,86,55,Bangkalan,-6.9046,112.9834
2018-07-01,30.6,23.9,26.8,0.2,0.2,4.65,19.5,20.4,85,54,Bangkalan,-6.9046,112.9834
2018-07-02,31.0,22.7,26.2,0.0,0.0,4.3,11.0,20.53,94,49,Bangkalan,-6.9046,112.9834
2018-07-03,30.2,23.4,26.4,0.2,0.2,4.06,9.3,19.68,89,56,Bangkalan,-6.9046,112.9834
2018-07-04,29.6,24.8,26.5,4.3,4.3,3.54,21.8,15.45,92,63,Bangkalan,-6.9046,112.9834
2018-07-05,30.0,24.4,26.7,0.0,0.0,6.45,26.7,21.45,73,43,Bangkalan,-6.9046,112.9834
2018-07-06,30.4,23.1,26.1,0.1,0.1,5.16,22.3,20.85,81,45,Bangkalan,-6.9046,112.9834
2018-07-07,31.0,23.6,26.7,0.1,0.1,4.89,18.3,19.76,80,49,Bangkalan,-6.9046,112.9834
2018-07-08,30.8,23.6,26.8,0.8,0.8,4.65,13.6,20.02,85,50,Bangkalan,-6.9046,112.9834
2018-07-09,31.5,24.0,27.1,0.0,0.0,5.37,20.6,21.19,84,44,Bangkalan,-6.9046,112.9834
2018-07-10,30.6,23.2,26.7,0.3,0.3,4.54,20.1,18.64,85,48,Bangkalan,-6.9046,112.9834
2018-07-11,30.0,22.8,26.2,0.3,0.3,4.65,21.1,20.38,81,45,Bangkalan,-6.9046,112.9834
2018-07-12,31.1,22.9,26.0,1.3,1.3,4.5,16.4,20.63,86,45,Bangkalan,-6.9046,112.9834
2018-07-13,30.5,22.6,25.7,1.9,1.9,4.1,13.5,19.08,92,50,Bangkalan,-6.9046,112.9834
2018-07-14,30.2,23.2,25.9,1.4,1.4,4.37,17.3,19.17,93,51,Bangkalan,-6.9046,112.9834
2018-07-15,30.2,23.8,26.4,0.0,0.0,5.65,21.9,20.83,77,47,Bangkalan,-6.9046,112.9834
2018-07-16,30.0,23.9,26.4,0.5,0.5,4.88,19.4,19.61,80,51,Bangkalan,-6.9046,112.9834
2018-07-17,30.5,23.4,26.5,2.2,2.2,4.52,16.7,19.11,87,51,Bangkalan,-6.9046,112.9834
2018-07-18,31.0,22.6,26.7,0.4,0.4,4.76,17.2,20.01,92,52,Bangkalan,-6.9046,112.9834
2018-07-19,31.5,23.1,26.9,0.0,0.0,4.99,18.8,21.35,94,47,Bangkalan,-6.9046,112.9834
2018-07-20,31.2,23.0,26.7,0.1,0.1,4.63,21.3,20.84,94,51,Bangkalan,-6.9046,112.9834
2018-07-21,30.8,23.9,26.8,7.0,7.0,4.13,13.3,18.85,92,54,Bangkalan,-6.9046,112.9834
2018-07-22,30.0,24.2,26.7,2.4,2.4,4.12,13.6,19.67,91,60,Bangkalan,-6.9046,112.9834
2018-07-23,31.3,24.1,27.5,1.4,1.4,4.94,19.6,20.5,86,49,Bangkalan,-6.9046,112.9834
2018-07-24,30.8,23.5,26.7,1.8,1.8,4.84,16.6,20.46,88,47,Bangkalan,-6.9046,112.9834
2018-07-25,31.0,22.3,26.0,0.0,0.0,4.99,14.5,22.42,92,44,Bangkalan,-6.9046,112.9834
2018-07-26,30.2,21.9,25.8,0.0,0.0,4.75,14.8,22.08,90,49,Bangkalan,-6.9046,112.9834
2018-07-27,31.4,23.2,26.4,0.0,0.0,4.79,15.3,21.64,86,46,Bangkalan,-6.9046,112.9834
2018-07-28,32.1,23.9,26.7,0.2,0.2,4.9,19.3,21.45,85,45,Bangkalan,-6.9046,112.9834
2018-07-29,31.2,24.0,26.7,0.1,0.1,4.96,16.8,21.25,81,46,Bangkalan,-6.9046,112.9834
2018-07-30,31.6,23.6,27.0,2.0,2.0,4.74,17.4,21.01,89,46,Bangkalan,-6.9046,112.9834
2018-07-31,31.5,23.5,27.2,0.2,0.2,5.15,16.5,20.91,93,45,Bangkalan,-6.9046,112.9834
2018-08-01,31.4,24.0,27.2,0.1,0.1,5.06,21.1,21.24,88,46,Bangkalan,-6.9046,112.9834
2018-08-02,31.0,23.5,26.4,0.0,0.0,6.48,29.2,22.64,81,37,Bangkalan,-6.9046,112.9834
2018-08-03,30.4,22.1,25.5,0.0,0.0,5.95,24.3,22.7,76,40,Bangkalan,-6.9046,112.9834
2018-08-04,30.6,22.5,25.7,0.0,0.0,5.57,22.2,22.47,76,42,Bangkalan,-6.9046,112.9834
2018-08-05,30.7,22.4,25.9,0.0,0.0,6.0,24.3,22.38,78,42,Bangkalan,-6.9046,112.9834
2018-08-06,31.2,22.9,26.2,0.0,0.0,5.79,22.9,22.03,79,40,Bangkalan,-6.9046,112.9834
2018-08-07,31.0,23.1,26.1,1.8,1.8,4.98,16.6,21.82,84,43,Bangkalan,-6.9046,112.9834
2018-08-08,32.2,23.5,27.1,0.8,0.8,5.09,15.7,21.43,87,43,Bangkalan,-6.9046,112.9834
2018-08-09,32.5,23.7,27.6,0.1,0.1,5.36,17.6,22.19,90,43,Bangkalan,-6.9046,112.9834
2018-08-10,32.0,23.5,27.2,1.0,1.0,4.94,18.8,21.28,94,43,Bangkalan,-6.9046,112.9834
2018-08-11,32.5,23.7,27.2,0.8,0.8,5.35,17.8,22.48,84,44,Bangkalan,-6.9046,112.9834
2018-08-12,30.9,23.6,26.8,2.3,2.3,4.74,14.7,20.78,86,49,Bangkalan,-6.9046,112.9834
2018-08-13,30.6,23.5,26.7,1.7,1.7,4.88,19.0,21.44,91,50,Bangkalan,-6.9046,112.9834
2018-08-14,31.9,23.0,27.0,0.0,0.0,5.6,18.9,22.7,93,40,Bangkalan,-6.9046,112.9834
2018-08-15,31.1,23.5,26.5,0.0,0.0,5.01,16.2,22.05,89,41,Bangkalan,-6.9046,112.9834
2018-08-16,30.8,23.0,26.2,0.0,0.0,5.72,19.2,24.0,81,38,Bangkalan,-6.9046,112.9834
2018-08-17,30.9,21.5,26.0,0.0,0.0,5.6,20.9,24.12,80,37,Bangkalan,-6.9046,112.9834
2018-08-18,30.5,22.9,26.1,2.1,2.1,5.22,17.6,22.37,83,44,Bangkalan,-6.9046,112.9834
2018-08-19,31.5,22.9,26.9,0.3,0.3,5.35,18.3,22.09,90,43,Bangkalan,-6.9046,112.9834
2018-08-20,31.2,23.5,26.8,4.2,4.2,4.9,14.3,21.92,95,50,Bangkalan,-6.9046,112.9834
2018-08-21,31.2,22.9,26.5,2.1,2.1,4.85,14.0,22.23,94,49,Bangkalan,-6.9046,112.9834
2018-08-22,31.5,24.0,27.0,1.4,1.4,5.15,17.1,22.17,90,49,Bangkalan,-6.9046,112.9834
2018-08-23,31.0,23.5,26.7,0.0,0.0,5.3,17.3,23.03,82,46,Bangkalan,-6.9046,112.9834
2018-08-24,31.5,23.2,26.7,0.0,0.0,5.65,22.3,23.58,88,44,Bangkalan,-6.9046,112.9834
2018-08-25,30.4,22.2,26.0,0.0,0.0,5.13,16.8,23.8,89,46,Bangkalan,-6.9046,112.9834
2018-08-26,30.5,23.5,26.8,0.4,0.4,5.44,18.9,23.25,84,49,Bangkalan,-6.9046,112.9834
2018-08-27,30.1,23.4,26.5,2.1,2.1,4.37,17.4,20.01,90,56,Bangkalan,-6.9046,112.9834
2018-08-28,31.1,23.5,27.0,1.5,1.5,4.81,14.7,21.88,92,48,Bangkalan,-6.9046,112.9834
2018-08-29,30.8,23.9,26.8,1.9,1.9,4.8,13.2,21.63,89,48,Bangkalan,-6.9046,112.9834
2018-08-30,31.5,23.5,27.0,0.5,0.5,5.23,15.5,22.96,87,44,Bangkalan,-6.9046,112.9834
2018-08-31,31.2,24.5,27.1,1.1,1.1,4.77,17.3,20.89,85,51,Bangkalan,-6.9046,112.9834
2018-09-01,31.0,24.2,26.7,2.9,2.9,4.55,15.8,21.15,88,57,Bangkalan,-6.9046,112.9834
2018-09-02,31.4,23.8,27.1,1.6,1.6,4.92,15.9,22.16,88,49,Bangkalan,-6.9046,112.9834
2018-09-03,31.8,23.8,27.1,0.0,0.0,6.08,20.4,24.38,83,40,Bangkalan,-6.9046,112.9834
2018-09-04,32.5,22.5,26.8,0.0,0.0,5.71,16.5,24.26,78,37,Bangkalan,-6.9046,112.9834
2018-09-05,33.0,23.5,27.6,0.9,0.9,5.15,17.1,20.72,80,42,Bangkalan,-6.9046,112.9834
2018-09-06,32.7,24.5,27.7,0.7,0.7,5.73,22.2,23.16,81,41,Bangkalan,-6.9046,112.9834
2018-09-07,32.6,24.5,28.1,0.0,0.0,6.13,20.1,23.98,82,41,Bangkalan,-6.9046,112.9834
2018-09-08,32.0,23.9,27.7,0.8,0.8,5.77,18.7,23.64,86,45,Bangkalan,-6.9046,112.9834
2018-09-09,32.9,23.5,28.2,0.0,0.0,6.4,21.7,25.09,91,42,Bangkalan,-6.9046,112.9834
2018-09-10,33.4,24.5,28.5,0.0,0.0,6.74,20.3,24.56,88,36,Bangkalan,-6.9046,112.9834
2018-09-11,32.2,23.8,27.6,0.4,0.4,5.9,24.5,24.18,85,42,Bangkalan,-6.9046,112.9834
2018-09-12,32.5,23.4,27.6,0.0,0.0,5.96,19.4,24.58,89,33,Bangkalan,-6.9046,112.9834
2018-09-13,31.9,22.8,26.9,0.0,0.0,6.19,16.3,25.96,80,35,Bangkalan,-6.9046,112.9834
2018-09-14,32.5,22.4,26.5,0.5,0.5,5.44,18.2,23.68,92,35,Bangkalan,-6.9046,112.9834
2018-09-15,32.0,23.1,27.2,0.0,0.0,6.07,15.0,24.61,83,37,Bangkalan,-6.9046,112.9834
2018-09-16,32.8,22.6,27.4,0.1,0.1,5.88,24.6,24.21,88,36,Bangkalan,-6.9046,112.9834
2018-09-17,32.8,23.5,28.1,0.9,0.9,6.08,17.6,24.25,91,35,Bangkalan,-6.9046,112.9834
2018-09-18,31.8,24.5,27.9,0.0,0.0,4.14,17.5,13.53,91,39,Bangkalan,-6.9046,112.9834
2018-09-19,31.5,24.0,27.5,0.5,0.5,4.77,14.6,22.1,88,48,Bangkalan,-6.9046,112.9834
2018-09-20,31.1,24.6,27.6,0.1,0.1,4.45,17.6,19.31,88,53,Bangkalan,-6.9046,112.9834
2018-09-21,31.1,23.8,27.4,1.3,1.3,5.07,14.8,23.79,93,53,Bangkalan,-6.9046,112.9834
2018-09-22,32.3,24.5,28.1,0.0,0.0,5.77,24.1,24.22,82,45,Bangkalan,-6.9046,112.9834
2018-09-23,32.7,24.1,27.8,2.1,2.1,5.64,14.8,24.05,90,40,Bangkalan,-6.9046,112.9834
2018-09-24,33.7,23.8,27.9,0.7,0.7,5.86,16.6,25.38,91,38,Bangkalan,-6.9046,112.9834
2018-09-25,34.0,24.3,28.2,0.5,0.5,5.79,18.2,25.21,91,39,Bangkalan,-6.9046,112.9834
2018-09-26,32.7,24.1,27.8,0.1,0.1,5.57,14.5,24.5,87,39,Bangkalan,-6.9046,112.9834
2018-09-27,32.5,23.8,27.8,0.0,0.0,6.29,19.4,26.3,84,35,Bangkalan,-6.9046,112.9834
2018-09-28,32.8,23.8,27.5,0.1,0.1,5.97,19.6,25.25,82,38,Bangkalan,-6.9046,112.9834
2018-09-29,32.3,23.7,27.5,3.8,3.8,5.51,17.8,24.51,92,43,Bangkalan,-6.9046,112.9834
2018-09-30,33.0,23.4,28.2,0.0,0.0,6.14,22.9,24.66,90,42,Bangkalan,-6.9046,112.9834
2018-10-01,32.5,24.1,27.8,1.7,1.7,5.41,18.7,23.86,92,45,Bangkalan,-6.9046,112.9834
2018-10-02,32.3,24.9,27.8,1.5,1.5,5.28,22.3,23.47,90,49,Bangkalan,-6.9046,112.9834
2018-10-03,31.2,24.9,27.4,2.7,2.7,4.58,17.4,20.51,90,57,Bangkalan,-6.9046,112.9834
2018-10-04,32.5,24.7,27.9,1.0,1.0,5.65,23.2,23.28,87,45,Bangkalan,-6.9046,112.9834
2018-10-05,32.2,24.3,27.8,0.0,0.0,5.94,22.9,25.65,87,44,Bangkalan,-6.9046,112.9834
2018-10-06,32.2,24.6,28.0,1.6,1.6,5.57,20.2,23.48,88,47,Bangkalan,-6.9046,112.9834
2018-10-07,32.8,23.7,28.3,0.0,0.0,6.35,23.4,26.31,91,40,Bangkalan,-6.9046,112.9834
2018-10-08,33.0,23.5,28.2,0.0,0.0,6.36,23.3,26.07,95,40,Bangkalan,-6.9046,112.9834
2018-10-09,33.3,23.8,28.0,0.1,0.1,5.78,18.0,26.0,90,41,Bangkalan,-6.9046,112.9834
2018-10-10,32.1,24.0,28.1,0.1,0.1,5.93,17.6,25.46,87,37,Bangkalan,-6.9046,112.9834
2018-10-11,31.5,22.6,27.4,0.3,0.3,5.78,19.3,26.06,96,56,Bangkalan,-6.9046,112.9834
2018-10-12,31.7,23.8,27.7,0.7,0.7,5.29,16.2,24.82,94,54,Bangkalan,-6.9046,112.9834
2018-10-13,31.7,25.5,28.4,2.5,2.5,5.27,14.5,23.44,84,48,Bangkalan,-6.9046,112.9834
2018-10-14,30.6,25.2,27.8,2.6,2.6,5.27,15.8,23.9,83,55,Bangkalan,-6.9046,112.9834
2018-10-15,32.2,25.4,28.7,1.4,1.4,5.5,12.2,24.38,84,50,Bangkalan,-6.9046,112.9834
2018-10-16,32.5,24.9,28.4,0.6,0.6,5.58,14.1,24.68,84,45,Bangkalan,-6.9046,112.9834
2018-10-17,31.6,24.5,28.4,1.1,1.1,5.49,13.3,24.8,87,53,Bangkalan,-6.9046,112.9834
2018-10-18,31.1,25.2,28.1,1.7,1.7,5.35,16.1,23.36,83,63,Bangkalan,-6.9046,112.9834
2018-10-19,34.2,25.0,28.7,0.6,0.6,6.18,16.4,24.83,80,38,Bangkalan,-6.9046,112.9834
2018-10-20,33.0,24.0,28.5,0.0,0.0,6.06,16.3,25.13,82,41,Bangkalan,-6.9046,112.9834
2018-10-21,32.7,24.6,28.2,0.4,0.4,5.61,16.1,24.4,82,45,Bangkalan,-6.9046,112.9834
2018-10-22,32.8,24.4,28.3,1.2,1.2,5.68,14.6,25.31,89,43,Bangkalan,-6.9046,112.9834
2018-10-23,33.3,25.0,28.6,0.2,0.2,5.49,18.0,25.01,89,49,Bangkalan,-6.9046,112.9834
2018-10-24,32.8,25.3,28.4,1.8,1.8,5.19,14.4,24.75,94,49,Bangkalan,-6.9046,112.9834
2018-10-25,32.2,25.5,28.4,3.0,3.0,5.45,16.1,24.4,89,50,Bangkalan,-6.9046,112.9834
2018-10-26,33.2,25.0,28.7,0.7,0.7,5.84,15.0,25.34,86,42,Bangkalan,-6.9046,112.9834
2018-10-27,33.0,24.7,28.6,0.2,0.2,5.77,16.9,24.76,87,43,Bangkalan,-6.9046,112.9834
2018-10-28,31.8,24.5,27.9,2.9,2.9,4.99,14.6,23.32,97,59,Bangkalan,-6.9046,112.9834
2018-10-29,30.2,24.4,27.1,2.1,2.1,4.16,12.2,19.65,97,62,Bangkalan,-6.9046,112.9834
2018-10-30,32.7,25.0,28.3,0.4,0.4,5.76,15.1,25.33,93,42,Bangkalan,-6.9046,112.9834
2018-10-31,32.3,24.5,28.1,0.5,0.5,5.54,16.2,24.28,87,44,Bangkalan,-6.9046,112.9834
2018-11-01,33.1,24.1,28.4,0.2,0.2,5.93,18.7,24.95,88,39,Bangkalan,-6.9046,112.9834
2018-11-02,32.8,24.5,27.9,2.3,2.3,5.03,21.1,22.3,88,47,Bangkalan,-6.9046,112.9834
2018-11-03,32.8,25.3,28.7,1.9,1.9,5.33,17.1,23.22,85,52,Bangkalan,-6.9046,112.9834
2018-11-04,31.9,25.4,28.6,0.8,0.8,5.21,15.3,23.41,88,53,Bangkalan,-6.9046,112.9834
2018-11-05,32.2,24.6,28.4,5.1,5.1,4.92,14.0,22.53,96,53,Bangkalan,-6.9046,112.9834
2018-11-06,32.5,26.0,28.3,5.9,5.9,4.69,14.5,21.36,95,52,Bangkalan,-6.9046,112.9834
2018-11-07,31.2,25.5,27.3,11.3,11.3,4.09,12.5,20.04,95,64,Bangkalan,-6.9046,112.9834
2018-11-08,29.0,24.8,26.6,6.3,6.3,3.75,16.2,19.38,98,75,Bangkalan,-6.9046,112.9834
2018-11-09,29.1,24.3,26.4,10.4,10.4,3.38,11.4,16.64,97,76,Bangkalan,-6.9046,112.9834
2018-11-10,30.7,24.5,27.0,12.0,12.0,4.21,9.6,20.94,97,66,Bangkalan,-6.9046,112.9834
2018-11-11,30.0,24.2,27.3,1.0,1.0,4.44,10.8,21.73,97,67,Bangkalan,-6.9046,112.9834
2018-11-12,29.9,24.4,27.3,2.2,2.2,4.34,10.8,21.56,97,70,Bangkalan,-6.9046,112.9834
2018-11-13,30.0,24.4,27.1,2.9,2.9,4.32,10.4,21.59,98,69,Bangkalan,-6.9046,112.9834
2018-11-14,30.3,24.5,27.2,5.8,5.8,4.43,10.8,22.11,98,70,Bangkalan,-6.9046,112.9834
2018-11-15,32.7,24.5,28.3,3.8,3.8,4.64,11.1,22.01,96,55,Bangkalan,-6.9046,112.9834
2018-11-16,32.7,25.5,28.7,1.1,1.1,5.14,14.2,24.36,93,53,Bangkalan,-6.9046,112.9834
2018-11-17,30.8,26.0,27.8,3.5,3.5,4.28,12.0,20.98,93,68,Bangkalan,-6.9046,112.9834
2018-11-18,30.0,24.5,27.1,3.4,3.4,4.12,11.0,20.43,98,72,Bangkalan,-6.9046,112.9834
2018-11-19,30.5,25.1,27.7,0.1,0.1,4.7,10.8,23.16,94,70,Bangkalan,-6.9046,112.9834
2018-11-20,30.6,24.2,27.4,19.2,19.2,4.91,15.4,24.07,97,66,Bangkalan,-6.9046,112.9834
2018-11-21,30.2,24.2,27.4,4.6,4.6,5.02,15.9,24.47,97,64,Bangkalan,-6.9046,112.9834
2018-11-22,30.9,24.9,27.8,1.1,1.1,4.96,17.2,23.28,95,62,Bangkalan,-6.9046,112.9834
2018-11-23,30.3,24.4,27.8,2.6,2.6,4.98,17.1,23.14,94,62,Bangkalan,-6.9046,112.9834
2018-11-24,28.8,25.4,27.1,1.2,1.2,3.25,13.6,15.18,90,73,Bangkalan,-6.9046,112.9834
2018-11-25,30.1,23.8,26.4,19.2,19.2,4.1,10.8,20.35,98,66,Bangkalan,-6.9046,112.9834
2018-11-26,25.9,23.3,24.7,22.0,22.0,1.33,8.2,6.39,99,88,Bangkalan,-6.9046,112.9834
2018-11-27,29.7,23.9,26.5,9.0,9.0,4.39,10.7,22.01,99,70,Bangkalan,-6.9046,112.9834
2018-11-28,29.2,23.7,26.5,15.6,15.6,3.63,12.2,18.46,99,76,Bangkalan,-6.9046,112.9834
2018-11-29,30.5,24.6,26.7,7.6,7.6,4.17,13.7,20.57,99,69,Bangkalan,-6.9046,112.9834
2018-11-30,28.1,24.1,26.0,6.3,6.3,2.59,8.5,12.7,99,80,Bangkalan,-6.9046,112.9834
2018-12-01,29.0,24.0,26.2,12.5,12.5,3.25,10.7,15.88,99,73,Bangkalan,-6.9046,112.9834
2018-12-02,29.5,24.0,26.2,12.7,12.7,3.73,10.8,18.78,98,76,Bangkalan,-6.9046,112.9834
2018-12-03,28.4,24.2,26.1,6.9,6.9,2.43,15.0,11.58,98,75,Bangkalan,-6.9046,112.9834
2018-12-04,30.4,24.9,26.9,9.5,9.5,4.24,13.8,21.05,98,67,Bangkalan,-6.9046,112.9834
2018-12-05,29.9,24.5,26.6,8.5,8.5,4.02,14.3,20.69,99,76,Bangkalan,-6.9046,112.9834
2018-12-06,29.4,24.2,26.7,13.3,13.3,3.93,11.9,19.81,99,74,Bangkalan,-6.9046,112.9834
2018-12-07,30.1,25.0,27.5,5.8,5.8,4.45,10.5,22.24,96,76,Bangkalan,-6.9046,112.9834
2018-12-08,30.8,24.5,27.2,10.1,10.1,4.5,13.0,22.23,99,66,Bangkalan,-6.9046,112.9834
2018-12-09,29.0,24.6,26.7,6.3,6.3,3.8,12.7,19.54,99,77,Bangkalan,-6.9046,112.9834
2018-12-10,30.0,25.1,27.3,2.4,2.4,4.41,11.5,21.8,95,73,Bangkalan,-6.9046,112.9834
2018-12-11,30.7,24.3,27.1,8.2,8.2,4.25,10.3,21.19,98,77,Bangkalan,-6.9046,112.9834
2018-12-12,29.0,24.5,26.6,10.2,10.2,4.07,12.1,21.14,99,78,Bangkalan,-6.9046,112.9834
2018-12-13,26.6,23.4,25.4,17.6,17.6,1.34,9.4,6.27,99,90,Bangkalan,-6.9046,112.9834
2018-12-14,29.9,24.5,27.0,6.2,6.2,4.38,11.5,21.95,95,75,Bangkalan,-6.9046,112.9834
2018-12-15,30.1,24.0,26.3,16.5,16.5,4.11,13.0,20.84,97,75,Bangkalan,-6.9046,112.9834
2018-12-16,29.4,24.3,26.6,15.5,15.5,3.02,14.7,14.66,98,75,Bangkalan,-6.9046,112.9834
2018-12-17,31.5,24.2,27.9,0.8,0.8,5.16,15.2,23.93,96,56,Bangkalan,-6.9046,112.9834
2018-12-18,29.6,25.1,27.0,2.5,2.5,4.13,13.1,20.09,94,70,Bangkalan,-6.9046,112.9834
2018-12-19,29.9,24.3,26.6,9.2,9.2,3.98,10.0,19.98,96,72,Bangkalan,-6.9046,112.9834
2018-12-20,27.8,24.0,26.0,9.6,9.6,3.78,12.8,19.74,99,78,Bangkalan,-6.9046,112.9834
2018-12-21,27.8,24.1,25.9,15.6,15.6,2.6,11.9,12.92,99,79,Bangkalan,-6.9046,112.9834
2018-12-22,29.0,23.5,26.0,18.6,18.6,3.35,18.8,17.02,98,73,Bangkalan,-6.9046,112.9834
2018-12-23,28.7,23.7,25.6,45.2,45.2,2.66,14.4,13.01,99,77,Bangkalan,-6.9046,112.9834
2018-12-24,26.6,24.0,25.2,5.0,5.0,1.41,8.0,6.47,98,85,Bangkalan,-6.9046,112.9834
2018-12-25,28.5,24.0,25.7,19.8,19.8,3.35,11.2,17.1,98,76,Bangkalan,-6.9046,112.9834
2018-12-26,29.8,23.9,26.3,12.4,12.4,3.84,14.1,19.36,97,69,Bangkalan,-6.9046,112.9834
2018-12-27,30.4,24.0,26.4,11.6,11.6,4.46,15.3,23.08,98,66,Bangkalan,-6.9046,112.9834
2018-12-28,29.9,24.3,27.2,0.5,0.5,4.03,20.6,17.5,97,61,Bangkalan,-6.9046,112.9834
2018-12-29,30.3,25.4,27.9,0.3,0.3,4.79,23.3,21.41,88,67,Bangkalan,-6.9046,112.9834
2018-12-30,28.6,25.2,27.0,1.9,1.9,4.24,24.9,20.1,91,72,Bangkalan,-6.9046,112.9834
2018-12-31,28.4,25.2,27.0,3.4,3.4,3.66,25.0,16.49,91,77,Bangkalan,-6.9046,112.9834
2019-01-01,28.0,24.5,26.4,11.9,11.9,3.74,30.3,18.48,94,77,Bangkalan,-6.9046,112.9834
2019-01-02,28.6,24.1,26.3,3.9,3.9,3.85,24.5,18.37,97,72,Bangkalan,-6.9046,112.9834
2019-01-03,27.0,24.4,25.4,10.4,10.4,1.93,16.2,9.35,98,82,Bangkalan,-6.9046,112.9834
2019-01-04,26.9,24.1,25.8,13.1,13.1,2.62,19.2,13.96,97,84,Bangkalan,-6.9046,112.9834
2019-01-05,28.0,25.1,26.5,1.9,1.9,3.61,13.9,19.07,96,77,Bangkalan,-6.9046,112.9834
2019-01-06,29.4,24.0,27.1,2.0,2.0,4.6,10.9,23.4,98,74,Bangkalan,-6.9046,112.9834
2019-01-07,29.2,23.8,26.2,42.7,42.7,4.14,11.2,20.97,99,75,Bangkalan,-6.9046,112.9834
2019-01-08,29.6,23.3,26.2,21.1,21.1,4.3,10.3,22.08,99,74,Bangkalan,-6.9046,112.9834
2019-01-09,28.9,24.2,26.8,0.9,0.9,4.36,15.2,22.48,97,76,Bangkalan,-6.9046,112.9834
2019-01-10,29.0,24.6,26.9,2.0,2.0,4.29,12.4,21.74,97,73,Bangkalan,-6.9046,112.9834
2019-01-11,29.0,23.5,26.5,7.0,7.0,4.29,10.0,22.03,99,79,Bangkalan,-6.9046,112.9834
2019-01-12,29.0,24.2,26.4,11.5,11.5,3.98,11.8,20.6,99,80,Bangkalan,-6.9046,112.9834
2019-01-13,29.0,24.1,26.2,12.4,12.4,3.84,15.2,20.09,99,79,Bangkalan,-6.9046,112.9834
2019-01-14,28.4,23.8,26.1,4.5,4.5,4.04,19.5,21.7,99,75,Bangkalan,-6.9046,112.9834
2019-01-15,28.5,24.0,26.1,12.8,12.8,3.55,17.4,18.37,99,76,Bangkalan,-6.9046,112.9834
2019-01-16,26.4,24.1,25.1,21.7,21.7,1.53,19.4,7.62,98,86,Bangkalan,-6.9046,112.9834
2019-01-17,27.9,24.4,25.9,20.8,20.8,2.89,20.7,14.34,97,79,Bangkalan,-6.9046,112.9834
2019-01-18,28.8,24.0,25.9,29.1,29.1,3.76,20.4,19.9,98,77,Bangkalan,-6.9046,112.9834
2019-01-19,27.7,23.6,25.6,26.8,26.8,2.79,14.8,14.55,99,81,Bangkalan,-6.9046,112.9834
2019-01-20,29.2,24.1,26.1,13.7,13.7,3.72,17.3,19.51,99,77,Bangkalan,-6.9046,112.9834
2019-01-21,30.2,24.0,26.4,15.3,15.3,3.76,21.4,19.5,97,75,Bangkalan,-6.9046,112.9834
2019-01-22,28.1,24.9,25.9,25.4,25.4,2.79,36.5,13.75,95,78,Bangkalan,-6.9046,112.9834
2019-01-23,27.5,24.4,25.9,7.2,7.2,2.26,30.5,8.56,96,78,Bangkalan,-6.9046,112.9834
2019-01-24,28.5,24.9,26.3,3.5,3.5,3.69,23.9,18.98,95,78,Bangkalan,-6.9046,112.9834
2019-01-25,27.0,24.2,25.6,14.1,14.1,2.3,31.2,10.08,96,78,Bangkalan,-6.9046,112.9834
2019-01-26,27.8,25.0,26.3,7.8,7.8,3.6,28.8,18.39,94,81,Bangkalan,-6.9046,112.9834
2019-01-27,26.5,24.4,25.4,19.7,19.7,2.29,25.1,11.48,95,86,Bangkalan,-6.9046,112.9834
2019-01-28,27.1,24.2,25.8,22.3,22.3,2.54,27.0,12.53,97,80,Bangkalan,-6.9046,112.9834
2019-01-29,28.2,25.0,26.4,4.3,4.3,3.43,20.8,17.59,94,77,Bangkalan,-6.9046,112.9834
2019-01-30,29.7,24.2,26.7,15.6,15.6,4.52,14.1,23.37,98,70,Bangkalan,-6.9046,112.9834
2019-01-31,29.0,24.1,25.8,17.2,17.2,3.25,16.5,16.75,99,82,Bangkalan,-6.9046,112.9834
2019-02-01,28.8,24.0,26.0,4.5,4.5,3.8,13.3,19.72,96,74,Bangkalan,-6.9046,112.9834
2019-02-02,28.5,24.5,26.2,3.1,3.1,3.63,16.9,18.91,98,77,Bangkalan,-6.9046,112.9834
2019-02-03,28.9,24.6,26.6,2.5,2.5,4.49,13.7,23.6,97,76,Bangkalan,-6.9046,112.9834
2019-02-04,28.8,24.4,26.2,6.6,6.6,3.71,22.7,19.73,98,77,Bangkalan,-6.9046,112.9834
2019-02-05,27.5,24.9,26.1,5.2,5.2,3.06,21.4,16.59,95,82,Bangkalan,-6.9046,112.9834
2019-02-06,28.5,24.4,26.4,5.7,5.7,3.81,20.8,20.32,95,81,Bangkalan,-6.9046,112.9834
2019-02-07,28.5,24.1,26.2,3.2,3.2,4.07,16.0,21.66,98,76,Bangkalan,-6.9046,112.9834
2019-02-08,28.8,23.2,25.9,4.8,4.8,4.29,13.4,22.73,99,78,Bangkalan,-6.9046,112.9834
2019-02-09,28.9,24.1,26.3,4.9,4.9,4.25,14.8,21.82,99,74,Bangkalan,-6.9046,112.9834
2019-02-10,28.2,23.5,25.8,15.6,15.6,4.14,16.0,21.91,99,79,Bangkalan,-6.9046,112.9834
2019-02-11,28.9,23.6,25.9,11.0,11.0,3.75,13.2,19.14,99,77,Bangkalan,-6.9046,112.9834
2019-02-12,26.5,24.0,25.2,10.7,10.7,2.09,16.6,10.87,98,85,Bangkalan,-6.9046,112.9834
2019-02-13,28.0,24.0,26.1,2.3,2.3,3.12,12.6,15.9,99,78,Bangkalan,-6.9046,112.9834
2019-02-14,28.5,24.3,26.2,11.0,11.0,3.87,8.6,19.73,98,80,Bangkalan,-6.9046,112.9834
2019-02-15,28.7,24.0,25.9,13.9,13.9,3.53,15.6,18.44,97,78,Bangkalan,-6.9046,112.9834
2019-02-16,28.9,23.2,26.1,5.7,5.7,4.43,10.8,23.05,99,75,Bangkalan,-6.9046,112.9834
2019-02-17,29.2,23.5,26.3,4.3,4.3,4.83,11.2,24.76,99,71,Bangkalan,-6.9046,112.9834
2019-02-18,29.2,23.8,26.3,10.0,10.0,4.54,12.2,23.31,98,76,Bangkalan,-6.9046,112.9834
2019-02-19,28.3,24.4,26.3,10.8,10.8,3.6,11.4,18.92,98,83,Bangkalan,-6.9046,112.9834
2019-02-20,29.2,24.5,26.5,6.8,6.8,3.71,12.9,18.95,97,77,Bangkalan,-6.9046,112.9834
2019-02-21,28.1,24.2,26.1,6.1,6.1,3.29,13.0,17.04,97,82,Bangkalan,-6.9046,112.9834
2019-02-22,29.8,23.5,26.3,10.7,10.7,4.27,12.6,21.53,99,69,Bangkalan,-6.9046,112.9834
2019-02-23,29.4,23.6,26.1,13.6,13.6,4.46,9.0,22.87,98,71,Bangkalan,-6.9046,112.9834
2019-02-24,29.8,23.9,26.7,7.1,7.1,4.64,9.3,23.6,97,72,Bangkalan,-6.9046,112.9834
2019-02-25,29.0,24.1,26.6,1.7,1.7,4.15,9.7,21.16,99,75,Bangkalan,-6.9046,112.9834
2019-02-26,30.9,24.5,27.5,0.9,0.9,5.08,17.5,24.92,92,63,Bangkalan,-6.9046,112.9834
2019-02-27,30.6,25.0,27.3,3.3,3.3,4.2,13.6,21.05,93,72,Bangkalan,-6.9046,112.9834
2019-02-28,30.0,24.4,26.7,12.7,12.7,4.0,15.8,20.79,96,76,Bangkalan,-6.9046,112.9834
2019-03-01,29.4,24.5,26.5,13.6,13.6,3.55,16.9,18.53,98,76,Bangkalan,-6.9046,112.9834
2019-03-02,28.9,23.9,25.8,17.9,17.9,3.43,10.9,17.69,99,80,Bangkalan,-6.9046,112.9834
2019-03-03,29.8,23.4,26.2,9.8,9.8,3.41,9.2,16.82,99,76,Bangkalan,-6.9046,112.9834
2019-03-04,29.0,23.8,26.2,10.2,10.2,3.49,8.4,17.37,99,79,Bangkalan,-6.9046,112.9834
2019-03-05,29.6,23.7,26.0,25.4,25.4,4.01,9.7,20.36,99,77,Bangkalan,-6.9046,112.9834
2019-03-06,25.6,23.4,24.6,62.2,62.2,1.06,22.0,4.81,98,91,Bangkalan,-6.9046,112.9834
2019-03-07,28.0,22.9,25.4,4.8,4.8,2.43,20.3,9.87,94,71,Bangkalan,-6.9046,112.9834
2019-03-08,30.9,22.7,26.4,2.7,2.7,3.98,14.6,18.12,96,56,Bangkalan,-6.9046,112.9834
2019-03-09,29.7,24.5,26.9,2.1,2.1,4.66,10.1,23.51,95,69,Bangkalan,-6.9046,112.9834
2019-03-10,30.0,24.6,26.8,1.0,1.0,4.64,11.2,23.0,94,70,Bangkalan,-6.9046,112.9834
2019-03-11,28.5,23.9,26.5,4.2,4.2,4.0,12.4,20.96,96,79,Bangkalan,-6.9046,112.9834
2019-03-12,28.0,24.5,26.5,7.1,7.1,3.87,15.6,20.22,98,80,Bangkalan,-6.9046,112.9834
2019-03-13,29.4,24.2,26.4,5.6,5.6,3.49,16.1,17.45,96,73,Bangkalan,-6.9046,112.9834
2019-03-14,29.9,24.1,26.6,2.4,2.4,3.87,11.6,19.05,97,70,Bangkalan,-6.9046,112.9834
2019-03-15,29.8,24.6,26.8,15.5,15.5,3.71,13.4,18.54,96,75,Bangkalan,-6.9046,112.9834
2019-03-16,29.3,24.8,26.5,5.3,5.3,4.25,15.7,21.55,94,70,Bangkalan,-6.9046,112.9834
2019-03-17,27.6,23.9,25.4,18.4,18.4,2.3,18.3,11.38,98,79,Bangkalan,-6.9046,112.9834
2019-03-18,28.1,23.9,25.4,12.2,12.2,2.66,13.0,13.33,98,78,Bangkalan,-6.9046,112.9834
2019-03-19,27.8,24.0,25.5,9.7,9.7,3.25,18.5,17.51,98,78,Bangkalan,-6.9046,112.9834
2019-03-20,29.0,24.3,26.6,8.7,8.7,4.1,20.6,20.77,98,75,Bangkalan,-6.9046,112.9834
2019-03-21,28.5,24.5,26.6,7.3,7.3,3.37,22.1,17.35,97,80,Bangkalan,-6.9046,112.9834
2019-03-22,29.1,25.0,26.8,7.8,7.8,4.01,25.1,21.0,96,76,Bangkalan,-6.9046,112.9834
2019-03-23,27.9,24.5,25.9,26.9,26.9,2.51,23.2,13.39,96,82,Bangkalan,-6.9046,112.9834
2019-03-24,26.8,24.2,25.5,13.9,13.9,1.53,18.8,7.97,97,89,Bangkalan,-6.9046,112.9834
2019-03-25,28.6,24.4,26.4,9.5,9.5,3.75,15.8,19.97,98,81,Bangkalan,-6.9046,112.9834
2019-03-26,28.9,23.4,25.8,11.6,11.6,3.7,10.8,18.99,98,78,Bangkalan,-6.9046,112.9834
2019-03-27,29.0,23.5,26.0,20.6,20.6,3.59,8.8,18.45,99,77,Bangkalan,-6.9046,112.9834
2019-03-28,28.1,23.9,25.8,4.7,4.7,3.3,11.4,17.21,98,81,Bangkalan,-6.9046,112.9834
2019-03-29,29.0,23.5,26.3,0.9,0.9,4.55,9.4,23.26,97,73,Bangkalan,-6.9046,112.9834
2019-03-30,28.9,24.1,26.4,1.6,1.6,4.18,12.8,21.59,96,73,Bangkalan,-6.9046,112.9834
2019-03-31,30.2,23.7,26.6,8.3,8.3,4.52,11.0,22.94,97,67,Bangkalan,-6.9046,112.9834
2019-04-01,29.0,23.5,26.0,13.7,13.7,3.92,9.0,20.16,99,77,Bangkalan,-6.9046,112.9834
2019-04-02,28.6,23.5,25.7,10.7,10.7,3.18,11.1,16.17,98,78,Bangkalan,-6.9046,112.9834
2019-04-03,28.7,23.8,26.2,8.1,8.1,3.83,9.4,19.75,97,78,Bangkalan,-6.9046,112.9834
2019-04-04,29.6,23.8,26.2,11.7,11.7,4.37,9.7,22.33,99,78,Bangkalan,-6.9046,112.9834
2019-04-05,29.5,24.0,26.1,9.7,9.7,4.12,10.2,21.47,98,75,Bangkalan,-6.9046,112.9834
2019-04-06,29.8,23.9,26.4,4.8,4.8,4.49,11.6,22.74,97,78,Bangkalan,-6.9046,112.9834
2019-04-07,29.5,24.6,27.0,1.3,1.3,4.39,11.5,22.42,98,73,Bangkalan,-6.9046,112.9834
2019-04-08,29.1,24.6,27.1,1.4,1.4,4.25,11.4,22.13,98,77,Bangkalan,-6.9046,112.9834
2019-04-09,29.2,24.2,26.9,2.3,2.3,4.08,12.2,21.02,97,79,Bangkalan,-6.9046,112.9834
2019-04-10,28.8,24.7,26.4,8.1,8.1,3.71,8.9,19.17,100,83,Bangkalan,-6.9046,112.9834
2019-04-11,28.8,24.4,25.9,18.1,18.1,3.37,9.7,17.37,98,83,Bangkalan,-6.9046,112.9834
2019-04-12,29.6,23.6,26.2,15.1,15.1,3.87,12.2,20.07,99,80,Bangkalan,-6.9046,112.9834
2019-04-13,29.0,24.0,26.0,20.9,20.9,3.08,16.8,16.04,99,80,Bangkalan,-6.9046,112.9834
2019-04-14,28.4,23.8,26.0,10.1,10.1,2.81,8.4,14.08,98,82,Bangkalan,-6.9046,112.9834
2019-04-15,28.2,24.1,26.3,5.6,5.6,2.8,9.7,13.95,96,78,Bangkalan,-6.9046,112.9834
2019-04-16,28.9,23.9,26.1,11.4,11.4,3.54,10.2,18.18,99,78,Bangkalan,-6.9046,112.9834
2019-04-17,29.6,24.2,26.8,1.9,1.9,4.07,10.5,20.78,96,74,Bangkalan,-6.9046,112.9834
2019-04-18,30.1,24.8,26.9,8.7,8.7,3.79,15.7,19.7,95,80,Bangkalan,-6.9046,112.9834
2019-04-19,31.0,25.2,27.7,0.8,0.8,4.69,17.3,21.69,94,59,Bangkalan,-6.9046,112.9834
2019-04-20,31.1,24.7,27.6,0.6,0.6,4.41,12.4,20.22,91,60,Bangkalan,-6.9046,112.9834
2019-04-21,31.2,25.0,27.7,0.5,0.5,4.9,15.9,22.81,91,59,Bangkalan,-6.9046,112.9834
2019-04-22,30.6,24.8,27.5,4.3,4.3,4.47,18.2,21.25,91,66,Bangkalan,-6.9046,112.9834
2019-04-23,31.0,25.3,27.7,1.1,1.1,4.58,16.9,21.3,91,64,Bangkalan,-6.9046,112.9834
2019-04-24,30.5,24.9,27.7,2.3,2.3,4.16,14.9,19.26,91,64,Bangkalan,-6.9046,112.9834
2019-04-25,30.9,24.8,27.3,1.4,1.4,4.4,11.5,21.42,92,63,Bangkalan,-6.9046,112.9834
2019-04-26,30.4,25.0,27.5,1.2,1.2,4.22,11.5,20.26,94,65,Bangkalan,-6.9046,112.9834
2019-04-27,30.5,25.0,27.0,9.8,9.8,3.84,10.0,19.05,97,67,Bangkalan,-6.9046,112.9834
2019-04-28,28.3,24.4,26.0,11.9,11.9,3.15,16.7,16.61,99,83,Bangkalan,-6.9046,112.9834
2019-04-29,27.0,24.0,25.3,12.9,12.9,1.43,10.4,7.02,99,85,Bangkalan,-6.9046,112.9834
2019-04-30,29.0,23.6,26.3,3.5,3.5,3.74,9.1,19.09,98,75,Bangkalan,-6.9046,112.9834
2019-05-01,28.7,23.9,26.1,8.6,8.6,3.23,10.2,16.44,99,78,Bangkalan,-6.9046,112.9834
2019-05-02,29.8,24.1,26.3,8.7,8.7,3.57,10.1,18.21,96,74,Bangkalan,-6.9046,112.9834
2019-05-03,30.5,24.4,27.1,1.9,1.9,4.34,13.2,21.39,96,64,Bangkalan,-6.9046,112.9834
2019-05-04,30.8,24.4,27.5,0.5,0.5,4.45,9.4,21.71,95,62,Bangkalan,-6.9046,112.9834
2019-05-05,29.9,23.8,27.1,1.0,1.0,4.09,8.7,20.22,95,68,Bangkalan,-6.9046,112.9834
2019-05-06,30.0,24.8,27.2,1.9,1.9,3.99,9.5,19.86,95,69,Bangkalan,-6.9046,112.9834
2019-05-07,30.4,24.4,26.9,3.0,3.0,3.76,10.8,18.77,94,71,Bangkalan,-6.9046,112.9834
2019-05-08,30.6,25.3,27.6,0.8,0.8,4.72,14.3,21.6,91,63,Bangkalan,-6.9046,112.9834
2019-05-09,30.4,24.5,27.2,0.9,0.9,4.42,16.7,20.57,95,63,Bangkalan,-6.9046,112.9834
2019-05-10,30.2,24.4,27.0,1.0,1.0,4.3,14.8,20.49,89,62,Bangkalan,-6.9046,112.9834
2019-05-11,29.7,24.6,26.9,1.8,1.8,4.3,12.8,19.97,90,67,Bangkalan,-6.9046,112.9834
2019-05-12,30.3,24.6,27.2,1.4,1.4,4.6,13.3,21.01,89,63,Bangkalan,-6.9046,112.9834
2019-05-13,30.4,25.0,27.3,1.5,1.5,4.5,16.7,20.17,89,62,Bangkalan,-6.9046,112.9834
2019-05-14,30.6,25.1,27.6,0.2,0.2,4.28,13.0,19.97,91,66,Bangkalan,-6.9046,112.9834
2019-05-15,31.2,25.1,27.8,0.8,0.8,4.62,15.6,20.88,91,59,Bangkalan,-6.9046,112.9834
2019-05-16,30.6,24.7,27.5,0.0,0.0,4.47,15.0,20.44,94,62,Bangkalan,-6.9046,112.9834
2019-05-17,30.6,24.4,27.1,0.2,0.2,4.53,13.8,20.61,85,58,Bangkalan,-6.9046,112.9834
2019-05-18,30.9,23.8,26.8,1.0,1.0,4.37,14.7,20.76,91,55,Bangkalan,-6.9046,112.9834
2019-05-19,31.2,24.0,27.1,0.0,0.0,4.83,11.5,21.91,89,50,Bangkalan,-6.9046,112.9834
2019-05-20,31.3,24.5,27.4,0.3,0.3,4.7,18.4,21.18,90,58,Bangkalan,-6.9046,112.9834
2019-05-21,31.5,24.6,27.4,0.0,0.0,4.72,14.8,21.73,93,57,Bangkalan,-6.9046,112.9834
2019-05-22,32.0,24.8,27.9,0.0,0.0,5.04,15.2,21.98,89,52,Bangkalan,-6.9046,112.9834
2019-05-23,31.3,25.1,27.7,1.5,1.5,4.44,16.6,19.7,93,58,Bangkalan,-6.9046,112.9834
2019-05-24,31.8,25.0,27.8,0.0,0.0,5.09,15.6,21.63,88,48,Bangkalan,-6.9046,112.9834
2019-05-25,31.7,24.1,27.4,0.0,0.0,5.03,18.8,20.61,89,49,Bangkalan,-6.9046,112.9834
2019-05-26,31.3,24.7,27.4,1.8,1.8,4.4,14.0,20.24,91,54,Bangkalan,-6.9046,112.9834
2019-05-27,31.1,24.8,27.6,1.4,1.4,4.39,14.7,19.34,92,56,Bangkalan,-6.9046,112.9834
2019-05-28,30.2,25.3,27.6,1.5,1.5,4.29,18.9,18.48,86,65,Bangkalan,-6.9046,112.9834
2019-05-29,31.1,25.4,27.9,0.7,0.7,4.53,18.2,18.67,87,59,Bangkalan,-6.9046,112.9834
2019-05-30,31.3,25.0,27.8,1.5,1.5,4.9,17.8,20.21,88,54,Bangkalan,-6.9046,112.9834
2019-05-31,31.6,24.9,27.7,0.5,0.5,4.92,17.7,19.99,88,51,Bangkalan,-6.9046,112.9834
2019-06-01,31.4,25.1,27.7,0.0,0.0,4.89,20.6,19.05,81,53,Bangkalan,-6.9046,112.9834
2019-06-02,30.8,25.0,27.7,1.0,1.0,4.92,20.1,19.71,83,57,Bangkalan,-6.9046,112.9834
2019-06-03,31.3,25.3,27.7,0.4,0.4,4.67,19.9,19.66,85,55,Bangkalan,-6.9046,112.9834
2019-06-04,29.8,24.5,27.0,1.6,1.6,3.87,14.2,18.07,91,65,Bangkalan,-6.9046,112.9834
2019-06-05,31.0,24.2,27.2,2.5,2.5,3.92,13.9,18.26,94,58,Bangkalan,-6.9046,112.9834
2019-06-06,30.8,24.5,27.4,0.8,0.8,4.2,16.3,18.85,93,61,Bangkalan,-6.9046,112.9834
2019-06-07,31.2,24.5,27.5,1.3,1.3,4.18,16.0,19.02,93,58,Bangkalan,-6.9046,112.9834
2019-06-08,31.5,24.8,27.4,0.1,0.1,4.1,11.1,19.04,90,52,Bangkalan,-6.9046,112.9834
2019-06-09,31.6,25.0,27.3,1.7,1.7,3.86,16.3,16.52,87,54,Bangkalan,-6.9046,112.9834
2019-06-10,31.5,24.6,27.3,0.8,0.8,4.27,14.3,19.65,87,53,Bangkalan,-6.9046,112.9834
2019-06-11,32.4,25.0,27.9,0.2,0.2,4.89,16.1,20.49,87,51,Bangkalan,-6.9046,112.9834
2019-06-12,31.5,24.8,27.8,0.4,0.4,4.54,17.1,19.48,87,54,Bangkalan,-6.9046,112.9834
2019-06-13,31.5,25.3,28.0,0.5,0.5,4.29,17.6,17.04,84,54,Bangkalan,-6.9046,112.9834
2019-06-14,30.0,25.8,27.2,12.4,12.4,3.34,19.2,14.31,91,62,Bangkalan,-6.9046,112.9834
2019-06-15,31.0,25.2,27.4,3.3,3.3,3.9,15.1,16.61,86,64,Bangkalan,-6.9046,112.9834
2019-06-16,31.1,24.0,27.0,0.1,0.1,4.92,16.3,20.94,89,49,Bangkalan,-6.9046,112.9834
2019-06-17,31.9,23.5,26.9,0.0,0.0,5.11,15.8,21.22,92,42,Bangkalan,-6.9046,112.9834
2019-06-18,30.6,23.4,26.5,1.0,1.0,4.42,17.9,18.71,91,52,Bangkalan,-6.9046,112.9834
2019-06-19,30.4,23.2,26.3,0.2,0.2,4.51,15.4,20.91,91,50,Bangkalan,-6.9046,112.9834
2019-06-20,30.5,23.4,26.3,1.6,1.6,4.01,12.8,18.31,89,51,Bangkalan,-6.9046,112.9834
2019-06-21,30.8,22.6,26.0,3.2,3.2,3.99,12.3,18.88,92,49,Bangkalan,-6.9046,112.9834
2019-06-22,31.0,23.1,26.2,5.6,5.6,3.94,13.5,19.08,96,53,Bangkalan,-6.9046,112.9834
2019-06-23,30.8,23.5,26.6,0.0,0.0,4.04,13.8,17.27,92,54,Bangkalan,-6.9046,112.9834
2019-06-24,31.2,23.6,26.7,0.5,0.5,4.99,16.1,21.01,89,45,Bangkalan,-6.9046,112.9834
2019-06-25,32.0,22.7,26.9,0.0,0.0,5.06,16.0,21.01,90,43,Bangkalan,-6.9046,112.9834
2019-06-26,31.4,23.0,26.7,2.5,2.5,4.53,17.1,19.95,93,49,Bangkalan,-6.9046,112.9834
2019-06-27,30.8,23.1,26.5,0.1,0.1,4.7,24.3,19.89,93,50,Bangkalan,-6.9046,112.9834
2019-06-28,30.5,23.9,26.5,0.0,0.0,5.49,24.3,20.99,76,46,Bangkalan,-6.9046,112.9834
2019-06-29,31.1,22.4,26.2,0.0,0.0,5.75,26.0,21.59,80,39,Bangkalan,-6.9046,112.9834
2019-06-30,30.0,22.5,25.7,0.0,0.0,4.64,16.4,18.76,81,46,Bangkalan,-6.9046,112.9834
2019-07-01,30.2,21.5,25.9,0.0,0.0,4.69,13.0,20.87,89,50,Bangkalan,-6.9046,112.9834
2019-07-02,30.9,22.8,26.5,4.9,4.9,4.1,16.1,18.97,90,51,Bangkalan,-6.9046,112.9834
2019-07-03,31.5,24.9,27.6,0.6,0.6,4.12,16.0,16.44,88,55,Bangkalan,-6.9046,112.9834
2019-07-04,30.4,24.5,26.6,11.0,11.0,3.6,18.4,17.07,94,66,Bangkalan,-6.9046,112.9834
2019-07-05,29.9,23.8,26.5,1.6,1.6,3.82,17.7,17.29,94,64,Bangkalan,-6.9046,112.9834
2019-07-06,31.4,24.0,26.9,0.1,0.1,4.84,21.6,19.78,90,48,Bangkalan,-6.9046,112.9834
2019-07-07,31.3,22.8,26.6,0.0,0.0,5.12,19.3,19.98,88,40,Bangkalan,-6.9046,112.9834
2019-07-08,31.0,23.1,26.3,0.0,0.0,5.15,18.1,20.9,88,46,Bangkalan,-6.9046,112.9834
2019-07-09,31.0,23.1,26.4,0.0,0.0,5.3,16.6,21.32,85,39,Bangkalan,-6.9046,112.9834
2019-07-10,31.1,23.4,26.5,0.4,0.4,4.93,14.1,20.77,85,44,Bangkalan,-6.9046,112.9834
2019-07-11,31.8,22.7,26.8,0.0,0.0,4.96,17.8,20.06,91,43,Bangkalan,-6.9046,112.9834
2019-07-12,31.6,22.5,26.6,0.8,0.8,4.94,16.3,20.36,88,44,Bangkalan,-6.9046,112.9834
2019-07-13,31.2,23.4,26.6,0.0,0.0,5.45,18.4,21.69,81,38,Bangkalan,-6.9046,112.9834
2019-07-14,31.0,22.9,26.3,0.0,0.0,5.56,17.7,20.98,84,38,Bangkalan,-6.9046,112.9834
2019-07-15,31.5,22.1,26.5,0.0,0.0,5.45,20.0,20.29,83,34,Bangkalan,-6.9046,112.9834
2019-07-16,31.2,23.1,26.6,0.0,0.0,5.45,24.6,21.59,86,41,Bangkalan,-6.9046,112.9834
2019-07-17,31.4,23.5,26.7,0.1,0.1,5.43,22.3,21.0,77,41,Bangkalan,-6.9046,112.9834
2019-07-18,32.8,23.1,27.7,0.0,0.0,5.62,20.8,20.52,86,41,Bangkalan,-6.9046,112.9834
2019-07-19,30.2,24.5,27.2,0.6,0.6,3.45,18.5,10.66,83,57,Bangkalan,-6.9046,112.9834
2019-07-20,33.4,25.1,28.5,0.3,0.3,5.32,18.2,19.53,85,43,Bangkalan,-6.9046,112.9834
2019-07-21,31.7,24.5,27.5,1.7,1.7,4.96,17.3,19.47,87,43,Bangkalan,-6.9046,112.9834
2019-07-22,32.5,22.7,27.1,0.0,0.0,5.29,15.0,21.81,94,37,Bangkalan,-6.9046,112.9834
2019-07-23,31.5,22.9,26.4,1.5,1.5,4.75,21.4,21.23,92,46,Bangkalan,-6.9046,112.9834
2019-07-24,31.8,22.8,26.7,0.1,0.1,5.17,17.1,20.83,89,41,Bangkalan,-6.9046,112.9834
2019-07-25,32.3,23.2,27.0,0.0,0.0,5.49,17.4,21.79,88,37,Bangkalan,-6.9046,112.9834
2019-07-26,31.4,22.2,26.7,0.2,0.2,5.04,14.5,21.87,92,45,Bangkalan,-6.9046,112.9834
2019-07-27,31.8,22.5,26.6,1.3,1.3,4.63,16.1,20.78,94,45,Bangkalan,-6.9046,112.9834
2019-07-28,31.6,23.1,26.6,1.7,1.7,4.72,17.3,20.9,92,43,Bangkalan,-6.9046,112.9834
2019-07-29,31.0,23.0,26.4,0.1,0.1,4.7,16.3,20.37,81,45,Bangkalan,-6.9046,112.9834
2019-07-30,31.3,24.1,26.9,2.2,2.2,5.03,17.6,20.59,83,45,Bangkalan,-6.9046,112.9834
2019-07-31,31.5,23.8,27.0,0.0,0.0,5.58,16.9,21.88,85,38,Bangkalan,-6.9046,112.9834
2019-08-01,31.5,22.6,26.9,0.0,0.0,5.27,17.6,20.68,90,38,Bangkalan,-6.9046,112.9834
2019-08-02,31.0,23.0,26.6,0.3,0.3,4.9,19.6,19.88,92,46,Bangkalan,-6.9046,112.9834
2019-08-03,31.9,23.1,26.9,0.0,0.0,5.67,21.0,21.42,87,37,Bangkalan,-6.9046,112.9834
2019-08-04,30.6,23.1,26.2,0.1,0.1,5.37,26.6,21.31,75,41,Bangkalan,-6.9046,112.9834
2019-08-05,30.2,23.0,25.9,0.0,0.0,5.59,19.9,21.73,77,42,Bangkalan,-6.9046,112.9834
2019-08-06,30.6,22.4,25.7,0.0,0.0,5.17,15.6,22.04,83,39,Bangkalan,-6.9046,112.9834
2019-08-07,31.0,21.9,26.0,0.0,0.0,5.09,17.0,22.65,87,38,Bangkalan,-6.9046,112.9834
2019-08-08,31.5,23.0,26.4,0.2,0.2,5.08,15.3,22.05,83,40,Bangkalan,-6.9046,112.9834
2019-08-09,31.2,23.2,26.7,2.0,2.0,5.1,15.2,21.63,85,44,Bangkalan,-6.9046,112.9834
2019-08-10,31.7,23.5,26.8,0.0,0.0,5.05,16.1,22.15,87,42,Bangkalan,-6.9046,112.9834
2019-08-11,31.0,23.1,26.4,2.9,2.9,4.81,20.2,21.65,90,47,Bangkalan,-6.9046,112.9834
2019-08-12,31.2,23.1,26.9,1.1,1.1,5.07,25.3,22.04,89,48,Bangkalan,-6.9046,112.9834
2019-08-13,32.5,23.8,27.5,0.0,0.0,5.47,23.7,21.47,91,43,Bangkalan,-6.9046,112.9834
2019-08-14,32.5,23.8,27.4,0.0,0.0,5.63,23.8,22.85,88,41,Bangkalan,-6.9046,112.9834
2019-08-15,30.6,23.6,27.0,2.0,2.0,4.73,15.7,20.22,92,55,Bangkalan,-6.9046,112.9834
2019-08-16,31.8,24.0,27.1,1.9,1.9,5.11,17.7,21.33,88,46,Bangkalan,-6.9046,112.9834
2019-08-17,32.1,23.4,26.9,0.1,0.1,5.63,25.0,22.97,87,42,Bangkalan,-6.9046,112.9834
2019-08-18,31.2,23.3,26.8,0.1,0.1,5.95,20.7,23.73,81,43,Bangkalan,-6.9046,112.9834
2019-08-19,31.5,22.6,26.6,0.1,0.1,5.78,23.6,23.07,82,42,Bangkalan,-6.9046,112.9834
2019-08-20,31.8,24.2,27.6,0.0,0.0,6.42,23.7,23.26,70,43,Bangkalan,-6.9046,112.9834
2019-08-21,32.5,23.9,27.3,0.1,0.1,5.55,27.5,22.71,82,43,Bangkalan,-6.9046,112.9834
2019-08-22,30.6,24.4,27.2,2.6,2.6,5.08,19.9,19.86,83,50,Bangkalan,-6.9046,112.9834
2019-08-23,31.4,23.8,27.2,0.9,0.9,5.49,19.4,21.66,85,43,Bangkalan,-6.9046,112.9834
2019-08-24,31.5,23.5,26.7,1.9,1.9,4.92,17.0,21.71,88,45,Bangkalan,-6.9046,112.9834
2019-08-25,32.0,24.1,27.2,0.1,0.1,5.49,18.3,23.11,83,45,Bangkalan,-6.9046,112.9834
2019-08-26,32.0,24.1,27.2,0.1,0.1,5.11,16.6,22.62,84,46,Bangkalan,-6.9046,112.9834
2019-08-27,31.1,24.0,26.7,1.8,1.8,4.75,18.5,20.81,84,47,Bangkalan,-6.9046,112.9834
2019-08-28,31.4,23.5,26.7,0.2,0.2,5.39,22.2,22.68,85,42,Bangkalan,-6.9046,112.9834
2019-08-29,31.4,22.6,26.6,0.0,0.0,5.68,23.7,24.07,92,45,Bangkalan,-6.9046,112.9834
2019-08-30,32.2,22.9,26.8,0.1,0.1,5.72,21.6,23.18,91,41,Bangkalan,-6.9046,112.9834
2019-08-31,33.2,22.9,27.4,0.0,0.0,6.26,20.5,23.29,89,36,Bangkalan,-6.9046,112.9834
2019-09-01,32.1,23.2,27.2,0.1,0.1,5.61,17.3,24.09,87,44,Bangkalan,-6.9046,112.9834
2019-09-02,31.9,23.9,27.3,0.0,0.0,5.57,19.1,24.47,89,47,Bangkalan,-6.9046,112.9834
2019-09-03,30.9,24.3,26.9,2.2,2.2,4.76,20.9,20.1,85,50,Bangkalan,-6.9046,112.9834
2019-09-04,31.8,23.4,26.9,0.1,0.1,5.95,19.6,24.38,87,39,Bangkalan,-6.9046,112.9834
2019-09-05,31.4,22.3,26.2,0.0,0.0,5.59,16.0,24.81,88,41,Bangkalan,-6.9046,112.9834
2019-09-06,31.2,23.5,26.5,0.0,0.0,5.33,17.3,23.72,85,41,Bangkalan,-6.9046,112.9834
2019-09-07,31.6,23.5,27.0,0.0,0.0,5.77,17.6,24.4,84,42,Bangkalan,-6.9046,112.9834
2019-09-08,31.0,23.9,27.0,0.1,0.1,5.47,17.4,23.93,85,46,Bangkalan,-6.9046,112.9834
2019-09-09,31.3,23.6,27.0,0.3,0.3,5.64,22.7,24.08,91,47,Bangkalan,-6.9046,112.9834
2019-09-10,33.8,22.8,27.7,0.0,0.0,7.15,29.2,25.7,86,29,Bangkalan,-6.9046,112.9834
2019-09-11,32.0,23.2,27.0,0.3,0.3,5.53,19.6,24.05,93,43,Bangkalan,-6.9046,112.9834
2019-09-12,31.5,23.0,26.9,0.3,0.3,6.52,16.6,25.18,79,28,Bangkalan,-6.9046,112.9834
2019-09-13,31.3,23.0,26.4,0.4,0.4,5.74,24.6,24.27,80,39,Bangkalan,-6.9046,112.9834
2019-09-14,31.7,22.9,26.8,1.2,1.2,5.67,22.9,23.36,83,40,Bangkalan,-6.9046,112.9834
2019-09-15,31.5,22.4,26.9,1.1,1.1,5.81,22.1,23.6,92,41,Bangkalan,-6.9046,112.9834
2019-09-16,30.5,23.2,26.7,0.4,0.4,5.63,25.0,24.07,87,52,Bangkalan,-6.9046,112.9834
2019-09-17,30.5,23.4,27.1,0.3,0.3,5.51,26.7,23.32,89,54,Bangkalan,-6.9046,112.9834
2019-09-18,32.9,24.2,28.0,0.0,0.0,6.23,21.6,25.06,87,43,Bangkalan,-6.9046,112.9834
2019-09-19,32.1,24.0,27.2,4.9,4.9,5.48,18.3,22.81,88,40,Bangkalan,-6.9046,112.9834
2019-09-20,31.5,23.2,27.1,0.0,0.0,5.74,24.1,24.7,89,42,Bangkalan,-6.9046,112.9834
2019-09-21,31.8,22.7,26.9,0.4,0.4,5.49,15.6,24.71,95,42,Bangkalan,-6.9046,112.9834
2019-09-22,32.3,24.0,27.7,0.3,0.3,5.97,19.1,24.99,84,44,Bangkalan,-6.9046,112.9834
2019-09-23,32.8,23.9,27.9,0.0,0.0,6.23,23.0,25.35,89,44,Bangkalan,-6.9046,112.9834
2019-09-24,33.4,24.2,28.2,1.0,1.0,6.37,23.2,25.25,85,42,Bangkalan,-6.9046,112.9834
2019-09-25,33.7,24.5,28.5,0.0,0.0,6.31,22.7,25.17,89,41,Bangkalan,-6.9046,112.9834
2019-09-26,31.9,24.4,27.9,3.5,3.5,5.58,17.4,23.1,89,46,Bangkalan,-6.9046,112.9834
2019-09-27,33.2,24.9,28.3,1.4,1.4,5.93,17.2,24.66,87,44,Bangkalan,-6.9046,112.9834
2019-09-28,32.7,24.9,28.2,2.0,2.0,5.65,20.2,23.4,89,43,Bangkalan,-6.9046,112.9834
2019-09-29,32.2,24.6,28.2,2.3,2.3,6.01,21.8,24.32,84,44,Bangkalan,-6.9046,112.9834
2019-09-30,33.5,23.4,28.2,0.2,0.2,6.11,16.0,25.46,93,36,Bangkalan,-6.9046,112.9834
2019-10-01,33.0,24.5,28.1,0.0,0.0,6.26,27.3,25.59,87,41,Bangkalan,-6.9046,112.9834
2019-10-02,33.2,24.1,28.2,0.9,0.9,5.94,22.9,25.02,90,43,Bangkalan,-6.9046,112.9834
2019-10-03,33.1,24.1,28.5,0.2,0.2,6.32,25.0,25.03,91,41,Bangkalan,-6.9046,112.9834
2019-10-04,33.8,22.8,28.5,0.1,0.1,6.45,17.6,25.39,95,29,Bangkalan,-6.9046,112.9834
2019-10-05,33.3,22.5,28.2,0.0,0.0,6.7,21.5,26.61,78,31,Bangkalan,-6.9046,112.9834
2019-10-06,33.6,24.5,28.6,0.0,0.0,6.83,19.7,26.12,81,25,Bangkalan,-6.9046,112.9834
2019-10-07,33.5,25.3,28.2,0.8,0.8,5.71,16.6,24.76,83,42,Bangkalan,-6.9046,112.9834
2019-10-08,34.1,24.6,28.3,1.6,1.6,5.66,19.0,24.41,85,40,Bangkalan,-6.9046,112.9834
2019-10-09,33.5,24.6,28.4,1.2,1.2,5.77,17.3,24.58,88,40,Bangkalan,-6.9046,112.9834
2019-10-10,32.7,25.4,28.6,1.1,1.1,5.99,23.1,23.65,86,41,Bangkalan,-6.9046,112.9834
2019-10-11,33.5,23.7,28.5,0.0,0.0,6.17,22.7,25.27,87,39,Bangkalan,-6.9046,112.9834
2019-10-12,33.0,23.4,27.6,1.0,1.0,5.51,16.6,24.85,91,42,Bangkalan,-6.9046,112.9834
2019-10-13,33.0,22.4,27.4,0.3,0.3,5.38,17.3,25.33,97,39,Bangkalan,-6.9046,112.9834
2019-10-14,32.3,23.8,28.0,1.1,1.1,5.59,17.3,24.79,86,48,Bangkalan,-6.9046,112.9834
2019-10-15,33.9,24.8,28.5,1.6,1.6,5.73,15.3,24.6,87,39,Bangkalan,-6.9046,112.9834
2019-10-16,32.4,25.1,28.2,2.6,2.6,5.72,15.1,24.35,81,46,Bangkalan,-6.9046,112.9834
2019-10-17,33.3,24.7,28.5,0.1,0.1,6.19,21.6,25.35,85,38,Bangkalan,-6.9046,112.9834
2019-10-18,33.2,23.4,28.3,0.0,0.0,6.0,16.7,25.98,92,41,Bangkalan,-6.9046,112.9834
2019-10-19,33.5,24.7,28.7,0.7,0.7,6.01,20.2,25.87,87,44,Bangkalan,-6.9046,112.9834
2019-10-20,32.8,24.2,28.6,0.1,0.1,6.32,24.6,25.79,91,45,Bangkalan,-6.9046,112.9834
2019-10-21,34.2,24.2,29.4,0.0,0.0,7.15,23.7,26.89,89,30,Bangkalan,-6.9046,112.9834
2019-10-22,34.5,24.0,29.2,0.1,0.1,6.31,23.9,25.61,91,37,Bangkalan,-6.9046,112.9834
2019-10-23,34.5,23.9,29.0,0.0,0.0,6.41,24.1,25.86,92,34,Bangkalan,-6.9046,112.9834
2019-10-24,34.5,24.9,29.1,0.5,0.5,6.15,19.4,25.38,87,37,Bangkalan,-6.9046,112.9834
2019-10-25,33.0,23.9,28.3,1.6,1.6,5.89,23.2,25.61,94,42,Bangkalan,-6.9046,112.9834
2019-10-26,32.2,23.7,27.9,1.5,1.5,5.42,13.8,25.02,95,49,Bangkalan,-6.9046,112.9834
2019-10-27,32.6,24.9,28.3,0.8,0.8,5.5,14.8,24.09,84,44,Bangkalan,-6.9046,112.9834
2019-10-28,34.3,25.8,29.2,0.0,0.0,6.09,14.1,25.67,82,35,Bangkalan,-6.9046,112.9834
2019-10-29,32.3,24.8,28.4,1.0,1.0,5.24,13.2,24.08,91,47,Bangkalan,-6.9046,112.9834
2019-10-30,33.6,25.3,28.9,0.6,0.6,5.84,14.1,25.03,80,42,Bangkalan,-6.9046,112.9834
2019-10-31,33.5,25.0,28.3,4.5,4.5,5.41,13.7,24.36,96,44,Bangkalan,-6.9046,112.9834
2019-11-01,32.8,24.0,27.6,8.9,8.9,4.38,12.7,20.63,98,52,Bangkalan,-6.9046,112.9834
2019-11-02,29.3,24.4,26.2,18.6,18.6,3.72,14.4,18.52,97,70,Bangkalan,-6.9046,112.9834
2019-11-03,30.2,24.2,26.8,11.5,11.5,4.23,14.7,20.53,98,65,Bangkalan,-6.9046,112.9834
2019-11-04,31.2,25.0,27.7,1.7,1.7,5.13,13.4,23.52,88,57,Bangkalan,-6.9046,112.9834
2019-11-05,31.1,24.2,27.5,2.0,2.0,5.17,15.1,24.72,96,57,Bangkalan,-6.9046,112.9834
2019-11-06,31.7,23.6,27.5,0.0,0.0,5.55,16.1,26.18,86,50,Bangkalan,-6.9046,112.9834
2019-11-07,31.9,24.9,27.9,1.1,1.1,5.19,13.9,25.16,91,59,Bangkalan,-6.9046,112.9834
2019-11-08,31.2,25.0,28.1,1.2,1.2,5.17,11.3,24.89,89,61,Bangkalan,-6.9046,112.9834
2019-11-09,32.5,24.4,28.0,3.6,3.6,4.99,12.6,24.04,97,50,Bangkalan,-6.9046,112.9834
2019-11-10,32.3,25.6,28.4,0.7,0.7,5.3,12.8,25.03,88,49,Bangkalan,-6.9046,112.9834
2019-11-11,33.4,25.9,28.8,0.9,0.9,5.55,15.9,24.65,87,49,Bangkalan,-6.9046,112.9834
2019-11-12,32.2,25.9,28.7,2.5,2.5,5.41,22.4,22.92,84,52,Bangkalan,-6.9046,112.9834
2019-11-13,30.5,26.0,28.0,7.8,7.8,4.21,18.5,19.49,91,62,Bangkalan,-6.9046,112.9834
2019-11-14,30.8,24.6,27.6,0.8,0.8,4.04,12.1,19.13,95,63,Bangkalan,-6.9046,112.9834
2019-11-15,31.2,24.0,27.9,0.1,0.1,5.34,15.3,25.56,96,63,Bangkalan,-6.9046,112.9834
2019-11-16,33.4,24.6,28.3,0.0,0.0,5.45,12.7,24.69,83,41,Bangkalan,-6.9046,112.9834
2019-11-17,33.3,24.6,28.8,0.1,0.1,5.73,15.5,25.43,89,48,Bangkalan,-6.9046,112.9834
2019-11-18,33.4,25.1,28.8,0.6,0.6,5.63,15.9,25.61,91,48,Bangkalan,-6.9046,112.9834
2019-11-19,32.1,24.6,28.2,0.1,0.1,5.26,16.5,24.07,92,51,Bangkalan,-6.9046,112.9834
2019-11-20,32.0,24.8,28.2,0.8,0.8,5.24,15.5,23.88,95,53,Bangkalan,-6.9046,112.9834
2019-11-21,31.0,23.9,27.7,1.2,1.2,4.76,11.3,22.64,89,60,Bangkalan,-6.9046,112.9834
2019-11-22,32.7,24.5,28.5,0.9,0.9,5.36,14.6,24.3,91,50,Bangkalan,-6.9046,112.9834
2019-11-23,32.5,24.9,28.6,1.5,1.5,5.49,14.6,24.87,89,49,Bangkalan,-6.9046,112.9834
2019-11-24,32.8,24.6,28.7,1.4,1.4,5.25,14.7,23.67,96,48,Bangkalan,-6.9046,112.9834
2019-11-25,30.8,26.0,28.3,2.4,2.4,4.55,11.9,21.6,95,64,Bangkalan,-6.9046,112.9834
2019-11-26,31.0,25.1,28.5,1.5,1.5,5.02,13.1,23.48,93,62,Bangkalan,-6.9046,112.9834
2019-11-27,31.3,25.0,28.3,2.8,2.8,4.84,12.0,22.5,96,61,Bangkalan,-6.9046,112.9834
2019-11-28,32.8,25.0,28.9,1.5,1.5,5.14,14.7,22.76,97,49,Bangkalan,-6.9046,112.9834
2019-11-29,33.2,26.4,29.3,2.7,2.7,5.09,13.1,21.84,85,50,Bangkalan,-6.9046,112.9834
2019-11-30,32.7,25.6,28.8,2.4,2.4,4.81,10.5,22.22,90,51,Bangkalan,-6.9046,112.9834
2019-12-01,33.8,25.6,29.2,1.3,1.3,5.46,14.9,24.51,94,45,Bangkalan,-6.9046,112.9834
2019-12-02,32.0,25.6,29.1,0.1,0.1,5.22,15.3,23.37,94,60,Bangkalan,-6.9046,112.9834
2019-12-03,32.1,25.8,28.7,0.8,0.8,5.01,16.6,22.38,94,59,Bangkalan,-6.9046,112.9834
2019-12-04,32.8,24.4,27.6,6.8,6.8,4.71,19.6,22.1,98,57,Bangkalan,-6.9046,112.9834
2019-12-05,30.3,24.5,26.7,16.3,16.3,3.33,13.5,16.15,99,68,Bangkalan,-6.9046,112.9834
2019-12-06,30.3,24.8,27.0,6.1,6.1,3.98,13.3,19.85,98,71,Bangkalan,-6.9046,112.9834
2019-12-07,30.5,24.9,27.5,3.0,3.0,4.21,11.2,20.76,99,66,Bangkalan,-6.9046,112.9834
2019-12-08,32.2,24.9,28.0,2.5,2.5,4.69,13.0,22.77,97,61,Bangkalan,-6.9046,112.9834
2019-12-09,30.7,25.1,27.7,10.7,10.7,4.3,12.1,21.15,98,73,Bangkalan,-6.9046,112.9834
2019-12-10,29.5,24.9,27.1,4.7,4.7,4.13,11.5,20.48,99,74,Bangkalan,-6.9046,112.9834
2019-12-11,30.5,24.2,27.1,4.8,4.8,4.48,12.4,22.51,96,66,Bangkalan,-6.9046,112.9834
2019-12-12,29.4,25.0,27.3,1.5,1.5,4.36,13.7,22.2,94,76,Bangkalan,-6.9046,112.9834
2019-12-13,30.4,24.1,27.2,3.4,3.4,4.59,12.9,22.65,99,71,Bangkalan,-6.9046,112.9834
2019-12-14,29.3,24.5,27.2,2.6,2.6,4.07,11.2,20.28,96,75,Bangkalan,-6.9046,112.9834
2019-12-15,29.8,24.3,26.8,3.5,3.5,4.2,13.7,21.34,99,71,Bangkalan,-6.9046,112.9834
2019-12-16,28.8,23.9,26.3,4.2,4.2,3.34,13.9,17.04,98,76,Bangkalan,-6.9046,112.9834
2019-12-17,28.1,24.0,26.0,7.6,7.6,2.92,10.8,14.63,99,80,Bangkalan,-6.9046,112.9834
2019-12-18,30.3,24.6,27.1,5.8,5.8,4.09,11.9,20.6,98,73,Bangkalan,-6.9046,112.9834
2019-12-19,29.7,25.0,27.5,1.3,1.3,4.36,12.7,21.55,97,73,Bangkalan,-6.9046,112.9834
2019-12-20,30.8,24.8,27.8,2.1,2.1,4.46,11.4,21.95,97,71,Bangkalan,-6.9046,112.9834
2019-12-21,30.7,24.5,27.7,3.4,3.4,4.47,10.1,21.98,98,69,Bangkalan,-6.9046,112.9834
2019-12-22,28.6,24.7,26.3,39.9,39.9,2.58,10.7,13.13,99,75,Bangkalan,-6.9046,112.9834
2019-12-23,28.5,24.5,26.5,8.2,8.2,3.3,14.5,16.56,97,79,Bangkalan,-6.9046,112.9834
2019-12-24,29.8,25.0,27.1,13.4,13.4,4.31,9.4,21.56,99,76,Bangkalan,-6.9046,112.9834
2019-12-25,30.0,24.9,26.6,19.2,19.2,3.67,16.6,18.63,99,70,Bangkalan,-6.9046,112.9834
2019-12-26,29.0,24.8,26.7,15.1,15.1,3.28,13.0,16.26,98,77,Bangkalan,-6.9046,112.9834
2019-12-27,28.5,24.8,26.2,20.1,20.1,2.95,14.8,14.85,99,78,Bangkalan,-6.9046,112.9834
2019-12-28,29.5,24.3,27.0,6.3,6.3,4.69,15.3,23.83,98,71,Bangkalan,-6.9046,112.9834
2019-12-29,30.0,24.8,27.1,10.7,10.7,4.23,14.3,20.92,98,72,Bangkalan,-6.9046,112.9834
2019-12-30,29.2,24.8,26.7,14.3,14.3,3.91,12.6,20.03,99,80,Bangkalan,-6.9046,112.9834
2019-12-31,29.4,24.3,26.3,24.3,24.3,3.05,15.5,15.43,98,77,Bangkalan,-6.9046,112.9834
2020-01-01,27.0,24.6,25.3,42.4,42.4,1.73,18.5,9.26,97,91,Bangkalan,-6.9046,112.9834
2020-01-02,29.0,24.6,26.7,10.8,10.8,3.89,22.0,19.8,98,76,Bangkalan,-6.9046,112.9834
2020-01-03,29.3,25.5,27.2,6.4,6.4,3.92,28.4,17.68,93,69,Bangkalan,-6.9046,112.9834
2020-01-04,27.5,24.9,26.2,12.5,12.5,2.33,33.1,10.5,96,81,Bangkalan,-6.9046,112.9834
2020-01-05,28.8,25.6,26.9,5.9,5.9,3.2,25.5,15.42,93,76,Bangkalan,-6.9046,112.9834
2020-01-06,29.3,24.5,26.2,11.8,11.8,3.5,25.1,18.28,97,73,Bangkalan,-6.9046,112.9834
2020-01-07,28.5,24.7,26.0,14.6,14.6,3.08,27.3,15.77,96,77,Bangkalan,-6.9046,112.9834
2020-01-08,28.0,24.2,25.3,78.4,78.4,2.04,18.8,9.81,97,76,Bangkalan,-6.9046,112.9834
2020-01-09,30.0,24.2,26.3,27.7,27.7,4.24,14.8,22.41,98,72,Bangkalan,-6.9046,112.9834
2020-01-10,29.2,24.3,26.3,21.2,21.2,3.91,20.8,19.65,98,72,Bangkalan,-6.9046,112.9834
2020-01-11,28.9,25.0,26.0,10.6,10.6,3.16,20.7,16.42,97,71,Bangkalan,-6.9046,112.9834
2020-01-12,30.1,25.5,27.5,1.7,1.7,4.34,21.3,19.0,94,67,Bangkalan,-6.9046,112.9834
2020-01-13,29.0,25.2,27.2,5.1,5.1,4.41,29.2,21.68,94,74,Bangkalan,-6.9046,112.9834
2020-01-14,29.2,25.4,27.0,4.6,4.6,4.26,24.0,22.07,96,75,Bangkalan,-6.9046,112.9834
2020-01-15,29.7,24.3,26.4,22.2,22.2,3.93,15.5,20.23,98,75,Bangkalan,-6.9046,112.9834
2020-01-16,29.1,24.1,26.6,1.9,1.9,3.36,7.9,16.54,99,76,Bangkalan,-6.9046,112.9834
2020-01-17,30.1,24.0,27.3,0.7,0.7,4.89,13.2,24.72,98,71,Bangkalan,-6.9046,112.9834
2020-01-18,29.8,24.6,27.4,2.2,2.2,4.8,10.5,23.98,98,69,Bangkalan,-6.9046,112.9834
2020-01-19,30.0,24.4,26.9,2.9,2.9,4.66,9.4,23.48,99,69,Bangkalan,-6.9046,112.9834
2020-01-20,29.6,24.6,26.5,17.8,17.8,4.23,12.1,21.78,98,77,Bangkalan,-6.9046,112.9834
2020-01-21,29.4,23.9,26.3,10.9,10.9,3.73,12.2,18.91,99,76,Bangkalan,-6.9046,112.9834
2020-01-22,30.5,24.4,27.4,5.2,5.2,4.87,11.6,24.16,98,70,Bangkalan,-6.9046,112.9834
2020-01-23,30.2,24.8,27.0,4.1,4.1,3.84,10.5,19.11,99,75,Bangkalan,-6.9046,112.9834
2020-01-24,29.2,24.1,26.6,13.1,13.1,4.23,10.5,21.74,99,76,Bangkalan,-6.9046,112.9834
2020-01-25,29.3,23.8,26.4,14.2,14.2,4.25,10.2,21.76,99,77,Bangkalan,-6.9046,112.9834
2020-01-26,30.5,24.3,27.1,3.2,3.2,4.58,11.1,22.67,98,71,Bangkalan,-6.9046,112.9834
2020-01-27,28.8,24.6,26.6,9.6,9.6,3.8,12.2,19.68,98,77,Bangkalan,-6.9046,112.9834
2020-01-28,30.5,25.0,27.6,2.1,2.1,4.88,8.8,24.24,96,70,Bangkalan,-6.9046,112.9834
2020-01-29,30.3,24.7,27.6,0.5,0.5,5.02,15.5,25.25,99,73,Bangkalan,-6.9046,112.9834
2020-01-30,29.2,24.9,26.5,14.5,14.5,3.17,24.8,16.25,96,74,Bangkalan,-6.9046,112.9834
2020-01-31,28.0,24.5,26.2,28.9,28.9,2.6,16.4,12.89,97,80,Bangkalan,-6.9046,112.9834
2020-02-01,28.6,24.6,26.2,17.9,17.9,3.32,12.8,16.89,99,77,Bangkalan,-6.9046,112.9834
2020-02-02,28.2,24.1,26.0,9.1,9.1,3.75,13.8,19.91,99,80,Bangkalan,-6.9046,112.9834
2020-02-03,29.0,24.2,26.2,10.1,10.1,4.04,13.3,20.94,98,75,Bangkalan,-6.9046,112.9834
2020-02-04,29.6,23.9,26.4,7.8,7.8,4.04,9.8,20.57,97,77,Bangkalan,-6.9046,112.9834
2020-02-05,30.5,24.3,27.3,0.3,0.3,4.95,13.5,24.25,97,65,Bangkalan,-6.9046,112.9834
2020-02-06,29.1,25.2,26.8,12.5,12.5,4.26,21.1,22.16,95,74,Bangkalan,-6.9046,112.9834
2020-02-07,29.0,24.6,26.3,12.0,12.0,3.26,25.7,16.95,96,75,Bangkalan,-6.9046,112.9834
2020-02-08,28.2,24.9,26.6,6.8,6.8,3.3,23.8,16.33,97,78,Bangkalan,-6.9046,112.9834
2020-02-09,30.3,25.3,27.5,0.0,0.0,4.53,19.5,20.41,91,60,Bangkalan,-6.9046,112.9834
2020-02-10,29.4,24.5,26.8,2.9,2.9,3.6,11.9,17.46,96,73,Bangkalan,-6.9046,112.9834
2020-02-11,27.6,23.9,25.5,14.7,14.7,2.27,8.6,11.25,99,80,Bangkalan,-6.9046,112.9834
2020-02-12,28.9,24.5,26.5,5.4,5.4,4.1,13.0,21.14,99,76,Bangkalan,-6.9046,112.9834
2020-02-13,29.4,24.8,27.0,0.8,0.8,4.42,10.8,22.41,97,74,Bangkalan,-6.9046,112.9834
2020-02-14,29.7,24.4,26.9,5.7,5.7,4.37,9.7,21.98,99,75,Bangkalan,-6.9046,112.9834
2020-02-15,29.4,24.0,26.5,8.7,8.7,4.03,10.9,20.4,99,74,Bangkalan,-6.9046,112.9834
2020-02-16,29.1,24.5,26.4,17.1,17.1,3.63,13.6,18.48,98,76,Bangkalan,-6.9046,112.9834
2020-02-17,28.4,24.4,26.1,13.6,13.6,3.11,18.4,15.92,97,78,Bangkalan,-6.9046,112.9834
2020-02-18,28.0,24.4,25.7,14.6,14.6,2.56,18.7,13.4,97,84,Bangkalan,-6.9046,112.9834
2020-02-19,28.2,24.4,25.8,13.1,13.1,2.98,23.5,15.85,97,78,Bangkalan,-6.9046,112.9834
2020-02-20,27.2,24.2,25.8,11.3,11.3,2.83,26.6,14.93,96,82,Bangkalan,-6.9046,112.9834
2020-02-21,29.2,24.4,26.4,7.2,7.2,4.31,19.7,23.19,98,74,Bangkalan,-6.9046,112.9834
2020-02-22,29.6,24.2,26.5,13.0,13.0,4.35,13.8,22.43,98,70,Bangkalan,-6.9046,112.9834
2020-02-23,28.6,24.5,26.4,7.6,7.6,4.03,16.8,21.72,98,83,Bangkalan,-6.9046,112.9834
2020-02-24,28.4,24.3,26.2,13.8,13.8,2.62,15.8,12.94,99,79,Bangkalan,-6.9046,112.9834
2020-02-25,29.1,24.6,26.5,9.3,9.3,3.62,20.7,18.51,97,75,Bangkalan,-6.9046,112.9834
2020-02-26,28.5,24.8,26.5,13.8,13.8,2.86,17.6,14.47,97,77,Bangkalan,-6.9046,112.9834
2020-02-27,28.8,25.0,26.6,13.7,13.7,3.16,17.8,16.55,98,82,Bangkalan,-6.9046,112.9834
2020-02-28,29.3,25.2,26.8,8.5,8.5,3.87,20.8,20.11,97,75,Bangkalan,-6.9046,112.9834
2020-02-29,28.6,24.8,26.5,7.8,7.8,3.29,19.6,17.07,97,78,Bangkalan,-6.9046,112.9834
2020-03-01,27.2,25.1,26.1,11.3,11.3,2.22,19.4,11.27,96,85,Bangkalan,-6.9046,112.9834
2020-03-02,29.3,25.1,27.1,1.3,1.3,4.17,17.5,21.38,97,75,Bangkalan,-6.9046,112.9834
2020-03-03,29.1,24.9,26.9,4.0,4.0,3.21,14.6,15.92,98,77,Bangkalan,-6.9046,112.9834
2020-03-04,28.7,25.5,26.6,16.1,16.1,2.64,16.4,13.47,98,82,Bangkalan,-6.9046,112.9834
2020-03-05,28.0,25.0,26.3,6.7,6.7,1.98,20.0,9.1,98,79,Bangkalan,-6.9046,112.9834
2020-03-06,29.5,24.3,26.7,7.9,7.9,3.51,17.7,17.06,99,69,Bangkalan,-6.9046,112.9834
2020-03-07,28.8,23.9,25.9,9.3,9.3,3.38,17.5,18.0,99,78,Bangkalan,-6.9046,112.9834
2020-03-08,28.5,24.6,26.5,8.4,8.4,3.56,18.1,18.3,99,79,Bangkalan,-6.9046,112.9834
2020-03-09,30.1,25.5,26.9,8.2,8.2,4.14,17.6,21.01,92,72,Bangkalan,-6.9046,112.9834
2020-03-10,30.0,25.4,27.4,0.1,0.1,4.25,13.1,20.96,95,71,Bangkalan,-6.9046,112.9834
2020-03-11,30.0,25.2,27.7,2.2,2.2,4.68,15.3,24.08,98,75,Bangkalan,-6.9046,112.9834
2020-03-12,30.1,24.8,27.6,0.1,0.1,4.99,10.2,25.19,98,72,Bangkalan,-6.9046,112.9834
2020-03-13,30.0,24.8,27.0,4.2,4.2,4.15,12.1,20.69,98,73,Bangkalan,-6.9046,112.9834
2020-03-14,30.0,24.7,27.1,2.3,2.3,4.17,9.7,20.76,97,71,Bangkalan,-6.9046,112.9834
2020-03-15,29.7,25.1,27.2,4.3,4.3,4.32,10.9,21.61,98,72,Bangkalan,-6.9046,112.9834
2020-03-16,30.2,24.4,26.7,15.3,15.3,4.24,13.2,21.77,96,78,Bangkalan,-6.9046,112.9834
2020-03-17,29.8,24.1,26.4,16.6,16.6,3.75,12.7,19.53,98,78,Bangkalan,-6.9046,112.9834
2020-03-18,29.2,24.4,26.4,5.5,5.5,3.89,15.6,20.57,99,75,Bangkalan,-6.9046,112.9834
2020-03-19,29.0,24.5,26.2,14.9,14.9,3.91,13.1,20.48,99,77,Bangkalan,-6.9046,112.9834
2020-03-20,30.0,23.9,26.4,3.0,3.0,4.23,12.6,21.26,99,71,Bangkalan,-6.9046,112.9834
2020-03-21,28.4,23.9,26.4,1.4,1.4,3.96,10.4,20.71,99,78,Bangkalan,-6.9046,112.9834
2020-03-22,29.2,24.5,26.8,4.4,4.4,3.61,12.2,18.44,98,79,Bangkalan,-6.9046,112.9834
2020-03-23,29.1,23.9,26.2,16.0,16.0,3.94,10.8,20.25,98,78,Bangkalan,-6.9046,112.9834
2020-03-24,28.1,23.5,25.7,7.6,7.6,3.39,12.9,17.99,98,78,Bangkalan,-6.9046,112.9834
2020-03-25,30.5,24.0,26.4,11.5,11.5,3.89,9.6,19.56,98,72,Bangkalan,-6.9046,112.9834
2020-03-26,30.5,24.8,27.1,5.7,5.7,4.38,11.2,22.46,98,75,Bangkalan,-6.9046,112.9834
2020-03-27,30.5,23.9,27.3,0.7,0.7,4.59,10.0,22.82,98,69,Bangkalan,-6.9046,112.9834
2020-03-28,29.6,25.1,27.5,1.4,1.4,4.36,11.4,21.8,96,73,Bangkalan,-6.9046,112.9834
2020-03-29,28.2,24.9,26.2,7.3,7.3,2.83,12.6,14.4,99,81,Bangkalan,-6.9046,112.9834
2020-03-30,30.1,24.4,26.4,18.9,18.9,3.69,8.9,18.62,98,75,Bangkalan,-6.9046,112.9834
2020-03-31,29.6,23.8,26.1,10.5,10.5,3.64,15.9,19.08,98,74,Bangkalan,-6.9046,112.9834
2020-04-01,28.4,24.2,26.1,4.3,4.3,2.66,9.7,13.3,99,81,Bangkalan,-6.9046,112.9834
2020-04-02,29.6,24.7,26.9,4.6,4.6,4.0,9.0,20.21,98,76,Bangkalan,-6.9046,112.9834
2020-04-03,30.0,24.8,26.7,19.3,19.3,3.86,10.1,19.38,98,75,Bangkalan,-6.9046,112.9834
2020-04-04,28.5,24.1,26.3,16.3,16.3,2.9,11.6,14.68,99,80,Bangkalan,-6.9046,112.9834
2020-04-05,28.8,23.8,26.0,13.7,13.7,2.41,8.3,11.76,98,79,Bangkalan,-6.9046,112.9834
2020-04-06,27.1,24.1,25.7,18.0,18.0,2.48,10.3,12.59,99,83,Bangkalan,-6.9046,112.9834
2020-04-07,28.5,24.5,26.1,9.6,9.6,3.63,11.8,18.45,99,76,Bangkalan,-6.9046,112.9834
2020-04-08,29.8,23.5,25.7,24.0,24.0,3.34,11.2,16.93,99,75,Bangkalan,-6.9046,112.9834
2020-04-09,30.6,24.0,26.7,3.3,3.3,3.92,10.5,19.76,99,74,Bangkalan,-6.9046,112.9834
2020-04-10,30.0,24.0,26.8,7.0,7.0,4.03,12.9,20.26,98,70,Bangkalan,-6.9046,112.9834
2020-04-11,29.6,24.1,26.5,5.5,5.5,3.76,7.1,18.73,99,69,Bangkalan,-6.9046,112.9834
2020-04-12,29.8,24.0,26.3,10.0,10.0,3.96,8.0,19.8,99,76,Bangkalan,-6.9046,112.9834
2020-04-13,29.5,23.8,26.7,2.7,2.7,4.23,11.3,21.28,99,72,Bangkalan,-6.9046,112.9834
2020-04-14,29.3,24.1,26.4,4.1,4.1,3.91,12.1,19.98,100,77,Bangkalan,-6.9046,112.9834
2020-04-15,30.4,24.4,27.2,1.5,1.5,4.3,11.7,21.48,96,71,Bangkalan,-6.9046,112.9834
2020-04-16,30.8,24.3,27.3,5.4,5.4,4.15,11.3,20.33,93,72,Bangkalan,-6.9046,112.9834
2020-04-17,28.8,24.9,26.6,11.0,11.0,3.14,12.8,15.94,99,81,Bangkalan,-6.9046,112.9834
2020-04-18,29.4,24.0,26.5,14.5,14.5,3.43,14.4,17.72,99,79,Bangkalan,-6.9046,112.9834
2020-04-19,28.0,24.3,26.1,16.1,16.1,2.18,10.2,10.64,99,80,Bangkalan,-6.9046,112.9834
2020-04-20,30.8,25.0,27.3,1.0,1.0,3.89,12.2,19.03,94,71,Bangkalan,-6.9046,112.9834
2020-04-21,30.3,24.8,27.2,3.2,3.2,4.22,13.3,21.2,96,76,Bangkalan,-6.9046,112.9834
2020-04-22,30.7,24.8,27.9,1.6,1.6,4.53,15.6,21.2,94,65,Bangkalan,-6.9046,112.9834
2020-04-23,31.1,25.2,27.7,5.3,5.3,4.07,16.1,19.93,94,73,Bangkalan,-6.9046,112.9834
2020-04-24,31.4,24.6,27.7,1.6,1.6,4.6,15.3,21.66,93,59,Bangkalan,-6.9046,112.9834
2020-04-25,30.1,25.5,27.4,6.4,6.4,2.95,13.3,13.23,91,70,Bangkalan,-6.9046,112.9834
2020-04-26,29.9,25.4,26.7,23.3,23.3,2.63,14.4,13.0,94,75,Bangkalan,-6.9046,112.9834
2020-04-27,30.6,24.8,27.4,1.0,1.0,4.5,14.7,21.33,91,61,Bangkalan,-6.9046,112.9834
2020-04-28,30.1,24.4,27.2,1.5,1.5,4.16,15.0,19.35,93,63,Bangkalan,-6.9046,112.9834
2020-04-29,30.5,24.2,27.0,6.1,6.1,4.21,13.0,20.12,98,60,Bangkalan,-6.9046,112.9834
2020-04-30,30.2,24.4,26.5,25.5,25.5,3.53,11.7,17.78,100,68,Bangkalan,-6.9046,112.9834
2020-05-01,30.2,24.9,27.1,7.9,7.9,3.82,14.0,18.88,93,70,Bangkalan,-6.9046,112.9834
2020-05-02,30.1,24.9,26.8,5.1,5.1,3.62,11.4,17.91,94,69,Bangkalan,-6.9046,112.9834
2020-05-03,28.8,24.0,26.3,1.7,1.7,2.2,10.4,9.81,97,73,Bangkalan,-6.9046,112.9834
2020-05-04,30.5,24.8,27.4,1.7,1.7,3.94,15.1,18.9,94,67,Bangkalan,-6.9046,112.9834
2020-05-05,31.0,24.9,27.4,9.4,9.4,3.93,12.8,19.28,98,67,Bangkalan,-6.9046,112.9834
2020-05-06,31.4,25.2,27.8,2.3,2.3,4.34,14.6,20.62,94,60,Bangkalan,-6.9046,112.9834
2020-05-07,31.5,25.1,28.1,1.3,1.3,4.71,15.9,22.13,94,61,Bangkalan,-6.9046,112.9834
2020-05-08,31.2,26.0,28.1,4.4,4.4,4.15,16.6,19.7,95,66,Bangkalan,-6.9046,112.9834
2020-05-09,30.1,24.9,26.6,23.0,23.0,2.91,14.5,14.68,98,76,Bangkalan,-6.9046,112.9834
2020-05-10,30.5,24.8,27.4,0.6,0.6,4.19,18.8,20.32,96,67,Bangkalan,-6.9046,112.9834
2020-05-11,30.4,25.4,27.4,1.3,1.3,3.7,16.1,17.09,98,69,Bangkalan,-6.9046,112.9834
2020-05-12,31.1,25.5,27.6,1.5,1.5,4.18,15.2,19.11,91,62,Bangkalan,-6.9046,112.9834
2020-05-13,30.8,25.5,27.7,0.4,0.4,4.58,15.9,20.25,90,59,Bangkalan,-6.9046,112.9834
2020-05-14,31.1,25.0,27.7,0.5,0.5,4.57,16.3,19.99,89,59,Bangkalan,-6.9046,112.9834
2020-05-15,31.6,25.5,28.0,0.7,0.7,4.38,15.5,19.14,88,59,Bangkalan,-6.9046,112.9834
2020-05-16,32.2,26.1,28.6,0.1,0.1,4.93,15.0,20.9,89,57,Bangkalan,-6.9046,112.9834
2020-05-17,31.5,26.1,28.2,5.1,5.1,4.36,14.8,19.58,88,62,Bangkalan,-6.9046,112.9834
2020-05-18,30.5,25.1,27.0,8.3,8.3,2.8,11.6,13.31,98,69,Bangkalan,-6.9046,112.9834
2020-05-19,29.6,24.5,26.6,2.3,2.3,2.48,12.6,11.48,99,72,Bangkalan,-6.9046,112.9834
2020-05-20,30.2,24.9,26.8,9.8,9.8,3.32,14.7,16.69,98,70,Bangkalan,-6.9046,112.9834
2020-05-21,28.6,24.3,26.1,11.3,11.3,2.8,9.7,14.4,99,81,Bangkalan,-6.9046,112.9834
2020-05-22,29.5,24.8,26.8,0.7,0.7,3.38,9.5,17.16,98,77,Bangkalan,-6.9046,112.9834
2020-05-23,30.0,24.4,27.3,1.0,1.0,3.76,9.7,18.89,97,76,Bangkalan,-6.9046,112.9834
2020-05-24,30.9,25.1,27.7,1.7,1.7,4.13,9.4,20.31,99,65,Bangkalan,-6.9046,112.9834
2020-05-25,29.6,25.2,27.5,0.8,0.8,3.42,8.7,17.2,96,79,Bangkalan,-6.9046,112.9834
2020-05-26,30.1,24.7,26.8,5.9,5.9,3.58,8.7,17.92,100,72,Bangkalan,-6.9046,112.9834
2020-05-27,30.1,24.2,26.3,5.3,5.3,3.06,9.1,15.22,99,71,Bangkalan,-6.9046,112.9834
2020-05-28,27.0,24.2,25.5,17.4,17.4,1.82,13.0,8.94,99,83,Bangkalan,-6.9046,112.9834
2020-05-29,30.5,24.1,26.7,2.5,2.5,3.23,11.9,15.6,97,66,Bangkalan,-6.9046,112.9834
2020-05-30,30.9,24.9,27.6,0.8,0.8,3.99,13.9,18.75,94,65,Bangkalan,-6.9046,112.9834
2020-05-31,28.9,24.2,26.4,8.8,8.8,2.76,13.8,14.04,97,80,Bangkalan,-6.9046,112.9834
2020-06-01,29.2,25.0,26.8,0.6,0.6,2.12,11.4,9.87,96,80,Bangkalan,-6.9046,112.9834
2020-06-02,30.0,24.5,26.8,3.4,3.4,3.19,12.0,15.14,96,64,Bangkalan,-6.9046,112.9834
2020-06-03,31.1,25.2,27.4,0.2,0.2,4.44,20.3,19.17,91,56,Bangkalan,-6.9046,112.9834
2020-06-04,30.0,24.5,26.9,0.6,0.6,4.27,20.3,19.02,90,60,Bangkalan,-6.9046,112.9834
2020-06-05,30.0,23.8,26.7,1.1,1.1,4.13,14.5,18.94,91,63,Bangkalan,-6.9046,112.9834
2020-06-06,30.2,23.6,26.5,2.0,2.0,3.8,9.7,18.67,94,64,Bangkalan,-6.9046,112.9834
2020-06-07,29.5,24.0,26.3,3.1,3.1,3.51,9.9,17.27,96,66,Bangkalan,-6.9046,112.9834
2020-06-08,30.3,23.6,26.6,0.2,0.2,4.21,14.9,19.79,95,57,Bangkalan,-6.9046,112.9834
2020-06-09,30.0,24.0,26.7,1.6,1.6,4.38,15.8,19.79,91,62,Bangkalan,-6.9046,112.9834
2020-06-10,30.5,23.4,26.6,0.5,0.5,4.2,14.4,19.13,92,57,Bangkalan,-6.9046,112.9834
2020-06-11,30.2,23.6,26.6,0.7,0.7,4.2,13.6,19.64,91,58,Bangkalan,-6.9046,112.9834
2020-06-12,30.9,23.2,26.5,0.1,0.1,4.39,12.6,20.67,94,56,Bangkalan,-6.9046,112.9834
2020-06-13,30.8,23.7,27.0,0.0,0.0,3.69,13.0,16.03,92,58,Bangkalan,-6.9046,112.9834
2020-06-14,29.1,24.4,26.4,21.0,21.0,2.9,16.0,14.37,96,72,Bangkalan,-6.9046,112.9834
2020-06-15,30.4,24.8,27.2,1.1,1.1,3.35,13.7,15.89,94,71,Bangkalan,-6.9046,112.9834
2020-06-16,31.2,24.5,27.3,0.5,0.5,4.06,16.9,17.65,95,55,Bangkalan,-6.9046,112.9834
2020-06-17,31.5,24.1,27.7,1.0,1.0,4.5,18.5,18.83,93,53,Bangkalan,-6.9046,112.9834
2020-06-18,31.1,25.2,27.8,0.3,0.3,4.28,17.7,18.0,90,61,Bangkalan,-6.9046,112.9834
2020-06-19,31.8,25.0,27.8,0.1,0.1,4.78,17.8,20.02,89,52,Bangkalan,-6.9046,112.9834
2020-06-20,31.9,24.9,27.7,0.0,0.0,4.8,15.3,19.13,85,47,Bangkalan,-6.9046,112.9834
2020-06-21,30.8,24.6,27.2,11.7,11.7,3.79,14.6,16.66,89,58,Bangkalan,-6.9046,112.9834
2020-06-22,31.5,24.5,27.5,0.0,0.0,4.71,17.2,19.99,92,45,Bangkalan,-6.9046,112.9834
2020-06-23,31.5,24.3,27.4,0.0,0.0,4.9,16.1,20.75,88,48,Bangkalan,-6.9046,112.9834
2020-06-24,31.2,24.8,27.5,0.2,0.2,4.75,17.4,19.67,86,50,Bangkalan,-6.9046,112.9834
2020-06-25,30.7,24.2,26.8,1.0,1.0,4.45,14.8,19.29,88,52,Bangkalan,-6.9046,112.9834
2020-06-26,30.6,23.4,26.5,1.2,1.2,4.34,14.9,19.81,87,55,Bangkalan,-6.9046,112.9834
2020-06-27,31.4,23.0,26.6,0.4,0.4,4.38,13.9,20.04,93,49,Bangkalan,-6.9046,112.9834
2020-06-28,31.4,23.5,26.9,0.2,0.2,4.28,13.7,19.36,92,49,Bangkalan,-6.9046,112.9834
2020-06-29,30.2,24.1,27.0,1.8,1.8,4.12,15.5,17.78,93,58,Bangkalan,-6.9046,112.9834
2020-06-30,31.8,24.0,27.4,0.0,0.0,4.76,13.9,20.52,92,49,Bangkalan,-6.9046,112.9834
2020-07-01,32.2,24.4,27.9,0.0,0.0,4.92,15.8,19.35,86,49,Bangkalan,-6.9046,112.9834
2020-07-02,31.6,24.5,27.4,1.4,1.4,4.39,13.5,19.17,89,53,Bangkalan,-6.9046,112.9834
2020-07-03,31.2,23.4,27.1,0.5,0.5,5.02,19.6,20.66,92,43,Bangkalan,-6.9046,112.9834
2020-07-04,31.8,23.1,27.2,0.2,0.2,4.94,18.6,19.9,92,45,Bangkalan,-6.9046,112.9834
2020-07-05,31.0,23.9,26.9,2.9,2.9,4.12,18.4,17.85,89,52,Bangkalan,-6.9046,112.9834
2020-07-06,29.1,24.0,26.3,1.1,1.1,3.31,16.3,14.31,92,68,Bangkalan,-6.9046,112.9834
2020-07-07,31.5,23.6,27.0,1.0,1.0,4.4,15.8,17.78,89,54,Bangkalan,-6.9046,112.9834
2020-07-08,31.4,24.0,27.2,0.7,0.7,4.56,15.5,19.79,90,52,Bangkalan,-6.9046,112.9834
2020-07-09,31.0,24.9,27.5,1.3,1.3,4.61,18.3,19.12,82,57,Bangkalan,-6.9046,112.9834
2020-07-10,31.0,24.9,27.4,0.1,0.1,4.52,18.7,19.46,85,51,Bangkalan,-6.9046,112.9834
2020-07-11,31.8,24.8,27.6,0.8,0.8,4.78,18.5,20.26,87,54,Bangkalan,-6.9046,112.9834
2020-07-12,30.6,24.0,27.0,1.8,1.8,4.0,13.9,18.24,93,59,Bangkalan,-6.9046,112.9834
2020-07-13,31.8,23.5,27.4,1.0,1.0,4.47,14.7,19.31,92,53,Bangkalan,-6.9046,112.9834
2020-07-14,31.6,24.5,27.7,1.5,1.5,4.63,17.3,18.71,87,50,Bangkalan,-6.9046,112.9834
2020-07-15,28.2,24.8,26.2,16.8,16.8,3.14,17.7,15.22,93,76,Bangkalan,-6.9046,112.9834
2020-07-16,30.5,23.8,26.7,0.8,0.8,3.39,18.4,13.97,93,56,Bangkalan,-6.9046,112.9834
2020-07-17,31.6,23.5,26.9,0.5,0.5,4.59,19.9,20.15,92,54,Bangkalan,-6.9046,112.9834
2020-07-18,32.1,23.6,27.3,0.7,0.7,4.67,15.6,20.82,92,47,Bangkalan,-6.9046,112.9834
2020-07-19,31.6,24.7,27.5,1.6,1.6,4.42,14.5,19.38,88,56,Bangkalan,-6.9046,112.9834
2020-07-20,30.5,25.2,27.3,2.9,2.9,4.11,16.2,18.17,87,59,Bangkalan,-6.9046,112.9834
2020-07-21,30.2,24.2,27.0,1.4,1.4,4.09,18.7,17.69,92,59,Bangkalan,-6.9046,112.9834
2020-07-22,32.1,23.9,27.5,1.3,1.3,4.97,17.7,19.84,88,46,Bangkalan,-6.9046,112.9834
2020-07-23,31.8,24.5,27.6,0.2,0.2,5.19,19.5,21.26,87,47,Bangkalan,-6.9046,112.9834
2020-07-24,32.3,24.4,27.6,0.0,0.0,5.73,20.1,21.54,83,39,Bangkalan,-6.9046,112.9834
2020-07-25,30.9,23.5,26.9,0.0,0.0,5.84,22.8,22.16,75,46,Bangkalan,-6.9046,112.9834
2020-07-26,31.6,23.6,27.1,0.0,0.0,5.78,20.0,21.65,76,38,Bangkalan,-6.9046,112.9834
2020-07-27,32.3,23.2,27.2,0.0,0.0,5.64,16.6,21.97,84,33,Bangkalan,-6.9046,112.9834
2020-07-28,32.3,24.4,27.5,0.0,0.0,5.83,23.0,22.12,81,41,Bangkalan,-6.9046,112.9834
2020-07-29,31.5,24.0,27.1,0.0,0.0,5.95,19.9,22.28,77,38,Bangkalan,-6.9046,112.9834
2020-07-30,31.2,22.0,26.5,0.0,0.0,5.5,12.8,22.99,76,38,Bangkalan,-6.9046,112.9834
2020-07-31,31.5,22.4,26.7,0.4,0.4,4.84,17.1,21.53,92,43,Bangkalan,-6.9046,112.9834
2020-08-01,31.6,23.8,27.1,1.1,1.1,4.77,15.5,20.59,89,46,Bangkalan,-6.9046,112.9834
2020-08-02,31.0,23.9,27.1,0.1,0.1,5.07,21.1,19.93,84,47,Bangkalan,-6.9046,112.9834
2020-08-03,31.8,23.5,26.9,1.0,1.0,4.79,16.5,20.85,87,46,Bangkalan,-6.9046,112.9834
2020-08-04,30.4,25.0,27.0,0.1,0.1,3.74,14.7,13.36,83,52,Bangkalan,-6.9046,112.9834
2020-08-05,32.2,25.2,27.7,1.9,1.9,4.72,17.7,19.94,91,50,Bangkalan,-6.9046,112.9834
2020-08-06,32.9,24.6,27.5,1.4,1.4,4.9,18.0,20.83,85,46,Bangkalan,-6.9046,112.9834
2020-08-07,32.2,23.9,27.3,1.5,1.5,5.04,15.4,21.52,86,45,Bangkalan,-6.9046,112.9834
2020-08-08,31.4,23.6,27.0,3.1,3.1,4.53,17.6,20.19,88,50,Bangkalan,-6.9046,112.9834
2020-08-09,32.1,23.8,27.3,0.5,0.5,4.92,20.6,21.69,92,49,Bangkalan,-6.9046,112.9834
2020-08-10,31.4,24.0,27.5,2.8,2.8,4.56,18.8,20.16,94,57,Bangkalan,-6.9046,112.9834
2020-08-11,31.1,25.0,27.0,15.2,15.2,3.52,18.9,16.17,92,63,Bangkalan,-6.9046,112.9834
2020-08-12,31.1,23.9,26.7,5.1,5.1,4.18,16.3,20.06,97,60,Bangkalan,-6.9046,112.9834
2020-08-13,31.2,24.5,27.3,1.6,1.6,4.31,10.7,19.83,95,55,Bangkalan,-6.9046,112.9834
2020-08-14,31.0,24.0,26.9,5.8,5.8,4.28,12.9,20.68,95,55,Bangkalan,-6.9046,112.9834
2020-08-15,31.1,24.1,27.0,2.6,2.6,4.4,17.7,21.23,94,57,Bangkalan,-6.9046,112.9834
2020-08-16,31.6,23.7,27.0,1.5,1.5,4.71,18.6,21.97,93,51,Bangkalan,-6.9046,112.9834
2020-08-17,32.2,23.0,27.6,1.0,1.0,5.26,17.2,22.05,97,46,Bangkalan,-6.9046,112.9834
2020-08-18,31.6,24.0,27.3,1.4,1.4,5.01,16.5,21.59,91,47,Bangkalan,-6.9046,112.9834
2020-08-19,31.6,24.1,27.3,0.9,0.9,5.18,17.7,21.73,84,46,Bangkalan,-6.9046,112.9834
2020-08-20,31.2,24.1,27.2,1.4,1.4,5.18,20.6,20.46,85,47,Bangkalan,-6.9046,112.9834
2020-08-21,32.0,23.6,27.5,0.6,0.6,5.75,23.2,23.13,88,47,Bangkalan,-6.9046,112.9834
2020-08-22,33.5,23.9,28.3,0.0,0.0,6.43,19.1,23.83,82,38,Bangkalan,-6.9046,112.9834
2020-08-23,32.8,23.9,27.8,0.2,0.2,5.44,23.6,23.15,87,48,Bangkalan,-6.9046,112.9834
2020-08-24,32.8,23.5,27.6,0.0,0.0,5.96,27.9,24.33,93,38,Bangkalan,-6.9046,112.9834
2020-08-25,33.7,24.5,28.3,0.0,0.0,6.35,20.9,24.43,89,33,Bangkalan,-6.9046,112.9834
2020-08-26,33.3,24.7,28.2,0.0,0.0,6.54,24.5,24.33,89,38,Bangkalan,-6.9046,112.9834
2020-08-27,33.3,23.2,27.9,0.0,0.0,6.67,18.4,24.52,77,30,Bangkalan,-6.9046,112.9834
2020-08-28,32.0,24.3,27.6,3.6,3.6,5.19,17.0,21.48,83,44,Bangkalan,-6.9046,112.9834
2020-08-29,33.3,25.1,28.5,0.0,0.0,6.19,20.6,23.31,86,44,Bangkalan,-6.9046,112.9834
2020-08-30,32.6,24.2,28.0,0.0,0.0,6.25,21.7,24.35,81,41,Bangkalan,-6.9046,112.9834
2020-08-31,33.8,24.0,28.5,0.0,0.0,6.59,18.0,24.59,82,37,Bangkalan,-6.9046,112.9834
2020-09-01,33.3,24.1,27.8,2.7,2.7,5.07,15.2,22.15,91,44,Bangkalan,-6.9046,112.9834
2020-09-02,32.2,24.6,27.6,6.8,6.8,4.52,12.8,20.27,88,51,Bangkalan,-6.9046,112.9834
2020-09-03,31.7,25.5,27.8,3.7,3.7,4.6,22.2,19.86,86,53,Bangkalan,-6.9046,112.9834
2020-09-04,33.3,25.0,28.5,0.0,0.0,5.73,17.6,24.07,88,45,Bangkalan,-6.9046,112.9834
2020-09-05,32.3,25.5,28.1,1.8,1.8,5.45,17.3,23.01,87,49,Bangkalan,-6.9046,112.9834
2020-09-06,32.9,23.9,27.9,0.6,0.6,5.53,17.3,23.72,85,44,Bangkalan,-6.9046,112.9834
2020-09-07,32.8,24.0,27.7,1.7,1.7,5.46,17.6,23.53,94,43,Bangkalan,-6.9046,112.9834
2020-09-08,33.3,24.2,28.3,1.2,1.2,5.78,19.3,23.36,92,42,Bangkalan,-6.9046,112.9834
2020-09-09,32.4,25.1,28.3,2.6,2.6,5.62,18.4,23.65,86,44,Bangkalan,-6.9046,112.9834
2020-09-10,33.4,24.8,28.3,2.4,2.4,5.75,18.8,23.21,88,38,Bangkalan,-6.9046,112.9834
2020-09-11,33.6,24.1,27.9,1.0,1.0,5.5,14.0,23.35,87,38,Bangkalan,-6.9046,112.9834
2020-09-12,32.7,25.1,28.3,2.1,2.1,5.87,16.6,23.52,82,43,Bangkalan,-6.9046,112.9834
2020-09-13,33.2,24.9,28.4,1.0,1.0,5.72,14.8,24.08,84,39,Bangkalan,-6.9046,112.9834
2020-09-14,32.8,25.0,27.9,1.8,1.8,5.73,16.0,23.78,80,40,Bangkalan,-6.9046,112.9834
2020-09-15,33.2,24.6,28.0,0.3,0.3,6.01,19.6,24.68,80,35,Bangkalan,-6.9046,112.9834
2020-09-16,32.8,24.8,27.8,0.5,0.5,6.02,21.4,25.05,77,35,Bangkalan,-6.9046,112.9834
2020-09-17,32.5,23.8,27.8,3.2,3.2,5.67,22.0,24.21,88,42,Bangkalan,-6.9046,112.9834
2020-09-18,32.8,24.6,28.1,0.2,0.2,5.83,27.2,24.8,88,46,Bangkalan,-6.9046,112.9834
2020-09-19,33.9,25.4,28.8,1.7,1.7,6.1,24.0,24.12,86,44,Bangkalan,-6.9046,112.9834
2020-09-20,32.8,24.9,28.4,0.1,0.1,5.81,22.4,24.38,89,48,Bangkalan,-6.9046,112.9834
2020-09-21,32.5,25.4,28.6,3.5,3.5,5.33,13.7,24.15,87,52,Bangkalan,-6.9046,112.9834
2020-09-22,32.2,25.7,27.9,4.5,4.5,4.39,12.0,20.65,95,54,Bangkalan,-6.9046,112.9834
2020-09-23,33.3,24.4,28.5,2.1,2.1,5.28,18.9,23.23,98,46,Bangkalan,-6.9046,112.9834
2020-09-24,34.0,24.3,28.6,0.5,0.5,5.42,13.5,24.41,95,41,Bangkalan,-6.9046,112.9834
2020-09-25,33.7,25.2,29.2,0.2,0.2,5.65,13.1,23.85,84,41,Bangkalan,-6.9046,112.9834
2020-09-26,33.5,25.7,28.7,1.8,1.8,5.16,16.5,21.38,86,44,Bangkalan,-6.9046,112.9834
2020-09-27,32.5,25.7,28.6,3.0,3.0,5.29,14.6,21.87,81,46,Bangkalan,-6.9046,112.9834
2020-09-28,33.3,25.2,28.9,2.1,2.1,5.94,18.5,23.31,83,44,Bangkalan,-6.9046,112.9834
2020-09-29,33.7,25.5,28.8,1.7,1.7,6.11,17.1,24.76,82,39,Bangkalan,-6.9046,112.9834
2020-09-30,32.1,25.6,28.3,6.8,6.8,5.34,17.6,22.44,88,48,Bangkalan,-6.9046,112.9834
2020-10-01,33.4,25.2,28.7,1.7,1.7,5.85,20.3,24.61,87,45,Bangkalan,-6.9046,112.9834
2020-10-02,33.7,25.4,29.0,1.5,1.5,5.9,19.7,24.84,90,46,Bangkalan,-6.9046,112.9834
2020-10-03,33.6,25.5,29.1,0.2,0.2,6.36,21.2,24.64,87,41,Bangkalan,-6.9046,112.9834
2020-10-04,33.5,24.0,28.7,2.0,2.0,6.23,23.5,23.52,90,40,Bangkalan,-6.9046,112.9834
2020-10-05,32.3,25.8,28.4,1.6,1.6,5.2,19.5,20.29,77,49,Bangkalan,-6.9046,112.9834
2020-10-06,33.3,25.2,28.5,0.9,0.9,5.62,22.3,21.16,79,48,Bangkalan,-6.9046,112.9834
2020-10-07,32.9,25.0,28.3,1.8,1.8,5.68,20.4,22.97,88,44,Bangkalan,-6.9046,112.9834
2020-10-08,32.5,25.6,28.6,1.8,1.8,5.9,21.1,23.44,80,46,Bangkalan,-6.9046,112.9834
2020-10-09,32.7,25.1,28.2,1.5,1.5,4.78,15.7,20.15,83,42,Bangkalan,-6.9046,112.9834
2020-10-10,30.0,25.5,27.2,19.1,19.1,3.11,16.8,13.26,90,66,Bangkalan,-6.9046,112.9834
2020-10-11,32.7,25.0,28.5,2.0,2.0,5.86,25.0,23.74,91,41,Bangkalan,-6.9046,112.9834
2020-10-12,33.2,25.3,28.6,2.7,2.7,5.58,20.5,22.49,90,44,Bangkalan,-6.9046,112.9834
2020-10-13,33.5,24.6,29.0,0.9,0.9,6.44,21.7,24.45,86,42,Bangkalan,-6.9046,112.9834
2020-10-14,33.9,25.0,28.9,2.7,2.7,5.17,15.0,21.59,89,45,Bangkalan,-6.9046,112.9834
2020-10-15,33.0,24.2,28.5,2.4,2.4,4.78,14.6,19.83,93,42,Bangkalan,-6.9046,112.9834
2020-10-16,34.0,26.2,29.1,2.0,2.0,5.37,12.2,23.53,86,41,Bangkalan,-6.9046,112.9834
2020-10-17,33.0,24.5,28.4,0.3,0.3,5.21,13.9,22.44,90,43,Bangkalan,-6.9046,112.9834
2020-10-18,30.1,25.8,27.2,9.4,9.4,3.01,13.0,11.96,91,53,Bangkalan,-6.9046,112.9834
2020-10-19,28.6,24.4,25.4,35.7,35.7,1.45,14.5,6.42,98,68,Bangkalan,-6.9046,112.9834
2020-10-20,29.7,23.7,26.6,3.5,3.5,3.89,19.2,18.66,98,68,Bangkalan,-6.9046,112.9834
2020-10-21,31.9,24.2,27.7,1.7,1.7,4.95,14.5,23.4,98,56,Bangkalan,-6.9046,112.9834
2020-10-22,31.7,24.2,27.8,1.8,1.8,5.09,15.2,24.11,99,53,Bangkalan,-6.9046,112.9834
2020-10-23,30.1,23.6,26.9,4.6,4.6,4.57,10.5,22.62,100,64,Bangkalan,-6.9046,112.9834
2020-10-24,31.4,24.3,27.8,2.8,2.8,4.89,11.5,22.96,96,56,Bangkalan,-6.9046,112.9834
2020-10-25,31.5,24.7,27.3,9.2,9.2,4.07,13.7,19.88,99,64,Bangkalan,-6.9046,112.9834
2020-10-26,30.8,24.5,27.3,2.9,2.9,4.15,13.1,20.12,100,67,Bangkalan,-6.9046,112.9834
2020-10-27,27.5,24.2,25.4,104.7,104.7,2.28,12.3,12.05,98,79,Bangkalan,-6.9046,112.9834
2020-10-28,30.8,23.6,26.8,3.3,3.3,4.82,11.5,23.7,96,60,Bangkalan,-6.9046,112.9834
2020-10-29,31.5,24.5,27.7,1.5,1.5,4.84,15.3,22.68,94,58,Bangkalan,-6.9046,112.9834
2020-10-30,30.3,25.0,26.7,8.8,8.8,3.32,18.0,16.57,96,69,Bangkalan,-6.9046,112.9834
2020-10-31,28.5,24.0,25.8,25.0,25.0,2.71,13.2,13.72,99,77,Bangkalan,-6.9046,112.9834
2020-11-01,28.6,24.0,26.4,13.0,13.0,3.47,11.6,16.7,99,69,Bangkalan,-6.9046,112.9834
2020-11-02,28.0,24.0,25.8,19.0,19.0,2.86,13.9,14.39,100,78,Bangkalan,-6.9046,112.9834
2020-11-03,29.8,23.6,26.4,13.3,13.3,4.09,13.2,20.75,99,74,Bangkalan,-6.9046,112.9834
2020-11-04,29.8,24.6,26.9,15.6,15.6,3.75,16.9,18.27,90,72,Bangkalan,-6.9046,112.9834
2020-11-05,30.9,24.8,27.5,10.9,10.9,4.36,12.5,21.25,96,65,Bangkalan,-6.9046,112.9834
2020-11-06,31.6,23.8,27.5,1.0,1.0,5.05,16.0,24.55,97,58,Bangkalan,-6.9046,112.9834
2020-11-07,32.0,25.1,28.1,0.5,0.5,5.44,13.5,25.67,95,54,Bangkalan,-6.9046,112.9834
2020-11-08,31.3,23.3,27.4,0.9,0.9,5.07,14.0,24.61,96,57,Bangkalan,-6.9046,112.9834
2020-11-09,31.3,24.2,27.8,0.5,0.5,5.06,10.0,24.71,93,59,Bangkalan,-6.9046,112.9834
2020-11-10,32.5,24.4,28.1,2.7,2.7,5.25,13.8,24.6,91,51,Bangkalan,-6.9046,112.9834
2020-11-11,32.0,24.9,28.1,5.1,5.1,4.96,15.8,22.55,98,56,Bangkalan,-6.9046,112.9834
2020-11-12,31.7,25.9,28.6,0.3,0.3,5.31,21.6,24.08,90,61,Bangkalan,-6.9046,112.9834
2020-11-13,31.9,25.8,28.4,2.7,2.7,4.98,15.3,23.67,93,61,Bangkalan,-6.9046,112.9834
2020-11-14,32.0,25.8,28.4,2.1,2.1,4.83,15.1,22.59,95,58,Bangkalan,-6.9046,112.9834
2020-11-15,31.6,25.1,27.6,8.2,8.2,4.05,12.3,19.02,95,62,Bangkalan,-6.9046,112.9834
2020-11-16,31.6,25.2,28.2,2.5,2.5,4.94,13.0,23.25,93,65,Bangkalan,-6.9046,112.9834
2020-11-17,32.5,26.5,28.7,0.8,0.8,5.33,18.3,23.05,83,53,Bangkalan,-6.9046,112.9834
2020-11-18,32.3,25.8,28.7,1.6,1.6,5.45,17.3,24.49,86,53,Bangkalan,-6.9046,112.9834
2020-11-19,31.1,25.5,27.9,8.9,8.9,4.58,18.6,21.77,97,64,Bangkalan,-6.9046,112.9834
2020-11-20,29.0,24.6,26.6,7.1,7.1,3.77,10.8,18.88,99,77,Bangkalan,-6.9046,112.9834
2020-11-21,30.9,24.4,27.5,4.1,4.1,4.75,10.9,23.07,99,64,Bangkalan,-6.9046,112.9834
2020-11-22,29.8,24.2,26.4,14.1,14.1,3.78,8.2,19.3,99,71,Bangkalan,-6.9046,112.9834
2020-11-23,28.8,24.5,26.3,9.9,9.9,3.58,9.9,18.14,99,77,Bangkalan,-6.9046,112.9834
2020-11-24,29.7,24.2,26.4,22.4,22.4,4.07,7.9,20.5,98,74,Bangkalan,-6.9046,112.9834
2020-11-25,28.5,24.6,26.2,21.0,21.0,2.46,10.5,12.21,99,79,Bangkalan,-6.9046,112.9834
2020-11-26,29.3,24.5,26.2,16.2,16.2,3.23,10.5,16.13,98,76,Bangkalan,-6.9046,112.9834
2020-11-27,29.0,24.4,25.8,17.6,17.6,2.46,7.2,11.85,98,75,Bangkalan,-6.9046,112.9834
2020-11-28,28.8,24.7,26.6,8.2,8.2,3.11,10.5,14.81,98,76,Bangkalan,-6.9046,112.9834
2020-11-29,26.9,23.5,25.1,19.5,19.5,1.81,9.2,8.82,100,84,Bangkalan,-6.9046,112.9834
2020-11-30,26.5,23.9,25.0,12.1,12.1,1.52,13.7,7.47,98,86,Bangkalan,-6.9046,112.9834
2020-12-01,30.1,23.4,26.6,3.8,3.8,4.35,6.6,21.65,97,62,Bangkalan,-6.9046,112.9834
2020-12-02,29.8,24.4,26.8,4.3,4.3,3.96,10.3,19.63,99,73,Bangkalan,-6.9046,112.9834
2020-12-03,29.1,24.9,26.7,14.2,14.2,3.74,16.7,18.89,96,80,Bangkalan,-6.9046,112.9834
2020-12-04,31.0,25.0,26.9,6.2,6.2,4.06,13.8,19.47,98,64,Bangkalan,-6.9046,112.9834
2020-12-05,29.1,24.8,26.4,22.9,22.9,2.92,21.0,13.53,96,68,Bangkalan,-6.9046,112.9834
2020-12-06,27.9,24.5,25.7,25.6,25.6,2.59,24.1,14.49,99,82,Bangkalan,-6.9046,112.9834
2020-12-07,26.9,24.5,25.6,38.2,38.2,2.2,26.9,11.52,97,87,Bangkalan,-6.9046,112.9834
2020-12-08,28.2,24.4,26.4,14.8,14.8,3.22,29.5,15.9,97,76,Bangkalan,-6.9046,112.9834
2020-12-09,27.0,24.4,25.6,29.0,29.0,2.03,32.9,9.66,97,85,Bangkalan,-6.9046,112.9834
2020-12-10,27.8,24.5,26.2,15.0,15.0,3.26,28.4,16.96,95,81,Bangkalan,-6.9046,112.9834
2020-12-11,28.0,24.7,25.8,19.0,19.0,2.72,22.9,14.4,97,81,Bangkalan,-6.9046,112.9834
2020-12-12,26.8,24.5,25.3,19.1,19.1,1.8,17.7,9.16,98,86,Bangkalan,-6.9046,112.9834
2020-12-13,28.0,23.5,25.3,24.9,24.9,2.27,21.0,10.86,98,76,Bangkalan,-6.9046,112.9834
2020-12-14,29.0,23.5,26.1,10.0,10.0,3.86,13.4,18.89,98,67,Bangkalan,-6.9046,112.9834
2020-12-15,27.9,23.7,25.5,10.4,10.4,2.04,7.4,9.85,100,79,Bangkalan,-6.9046,112.9834
2020-12-16,29.0,23.8,25.4,32.2,32.2,3.0,11.3,15.4,100,72,Bangkalan,-6.9046,112.9834
2020-12-17,28.2,24.2,25.5,19.1,19.1,2.89,18.1,14.85,98,76,Bangkalan,-6.9046,112.9834
2020-12-18,29.0,24.1,26.3,5.9,5.9,4.25,21.2,20.1,97,61,Bangkalan,-6.9046,112.9834
2020-12-19,29.0,24.2,25.7,14.3,14.3,3.12,14.9,15.44,97,75,Bangkalan,-6.9046,112.9834
2020-12-20,29.4,24.5,26.9,1.3,1.3,4.01,17.6,18.71,94,67,Bangkalan,-6.9046,112.9834
2020-12-21,30.2,24.5,27.1,0.4,0.4,4.61,16.6,21.47,91,62,Bangkalan,-6.9046,112.9834
2020-12-22,30.9,24.9,27.4,1.1,1.1,4.86,17.1,23.93,93,62,Bangkalan,-6.9046,112.9834
2020-12-23,29.0,24.8,26.9,3.4,3.4,3.92,8.1,19.72,96,74,Bangkalan,-6.9046,112.9834
2020-12-24,29.8,24.4,26.7,4.7,4.7,4.29,10.5,21.66,99,76,Bangkalan,-6.9046,112.9834
2020-12-25,28.2,23.8,26.0,2.6,2.6,3.86,10.5,19.99,98,76,Bangkalan,-6.9046,112.9834
2020-12-26,27.8,23.7,25.8,4.9,4.9,3.39,9.2,17.56,99,77,Bangkalan,-6.9046,112.9834
2020-12-27,28.9,23.6,25.9,19.7,19.7,3.84,12.4,19.72,99,75,Bangkalan,-6.9046,112.9834
2020-12-28,29.0,23.6,25.6,48.5,48.5,3.67,17.1,18.79,99,74,Bangkalan,-6.9046,112.9834
2020-12-29,28.5,24.2,25.8,17.0,17.0,2.81,17.0,14.11,97,73,Bangkalan,-6.9046,112.9834
2020-12-30,27.8,23.8,25.1,32.6,32.6,2.25,16.3,11.63,99,82,Bangkalan,-6.9046,112.9834
2020-12-31,28.5,23.5,25.6,11.6,11.6,3.58,11.5,18.12,99,73,Bangkalan,-6.9046,112.9834
2021-01-01,27.6,23.9,25.5,10.1,10.1,2.8,18.1,14.35,99,82,Bangkalan,-6.9046,112.9834
2021-01-02,28.2,23.4,25.7,10.3,10.3,2.98,9.4,15.07,99,76,Bangkalan,-6.9046,112.9834
2021-01-03,28.9,24.2,26.3,8.0,8.0,3.87,14.3,19.92,98,72,Bangkalan,-6.9046,112.9834
2021-01-04,28.5,24.1,26.3,9.0,9.0,3.39,13.4,16.89,98,73,Bangkalan,-6.9046,112.9834
2021-01-05,26.9,24.3,25.4,22.3,22.3,2.68,16.4,14.6,98,84,Bangkalan,-6.9046,112.9834
2021-01-06,28.1,23.8,25.7,37.4,37.4,3.05,13.1,16.24,98,84,Bangkalan,-6.9046,112.9834
2021-01-07,28.9,24.2,25.6,31.4,31.4,2.89,15.2,14.79,98,77,Bangkalan,-6.9046,112.9834
2021-01-08,29.4,24.2,25.7,14.4,14.4,3.03,9.0,14.69,98,74,Bangkalan,-6.9046,112.9834
2021-01-09,28.8,24.0,25.9,15.0,15.0,3.38,7.6,17.16,98,79,Bangkalan,-6.9046,112.9834
2021-01-10,28.9,23.8,25.6,20.2,20.2,3.15,14.3,16.31,99,79,Bangkalan,-6.9046,112.9834
2021-01-11,27.2,23.9,25.6,15.1,15.1,2.83,14.9,14.98,99,81,Bangkalan,-6.9046,112.9834
2021-01-12,28.5,24.1,26.2,11.3,11.3,3.75,13.4,19.62,98,77,Bangkalan,-6.9046,112.9834
2021-01-13,29.8,24.8,26.4,13.5,13.5,3.38,15.5,16.84,97,70,Bangkalan,-6.9046,112.9834
2021-01-14,29.0,24.7,26.5,9.5,9.5,3.32,18.5,15.58,95,75,Bangkalan,-6.9046,112.9834
2021-01-15,28.5,24.9,26.0,7.9,7.9,3.0,18.9,14.42,97,76,Bangkalan,-6.9046,112.9834
2021-01-16,28.8,24.3,25.9,9.7,9.7,3.04,16.9,15.21,98,75,Bangkalan,-6.9046,112.9834
2021-01-17,28.0,24.5,25.8,9.1,9.1,2.85,20.5,14.41,97,75,Bangkalan,-6.9046,112.9834
2021-01-18,26.9,24.1,25.1,24.5,24.5,2.46,26.5,13.22,98,82,Bangkalan,-6.9046,112.9834
2021-01-19,27.5,23.8,25.2,19.6,19.6,2.34,28.0,10.88,97,72,Bangkalan,-6.9046,112.9834
2021-01-20,27.8,24.0,25.5,11.6,11.6,2.74,20.5,14.33,97,79,Bangkalan,-6.9046,112.9834
2021-01-21,29.0,24.1,25.9,24.4,24.4,4.06,18.9,21.64,98,76,Bangkalan,-6.9046,112.9834
2021-01-22,28.4,24.3,25.8,7.4,7.4,3.5,17.9,18.93,98,76,Bangkalan,-6.9046,112.9834
2021-01-23,28.4,24.1,26.2,8.6,8.6,3.59,13.6,18.2,98,77,Bangkalan,-6.9046,112.9834
2021-01-24,27.6,23.5,25.1,18.0,18.0,3.2,17.0,17.39,98,80,Bangkalan,-6.9046,112.9834
2021-01-25,27.4,24.0,25.4,4.7,4.7,2.1,10.8,9.84,98,77,Bangkalan,-6.9046,112.9834
2021-01-26,29.0,22.9,25.5,54.4,54.4,4.45,14.8,23.0,98,70,Bangkalan,-6.9046,112.9834
2021-01-27,28.2,24.1,25.2,19.9,19.9,1.87,18.7,9.32,97,76,Bangkalan,-6.9046,112.9834
2021-01-28,26.6,24.1,25.2,14.1,14.1,2.49,26.7,13.18,96,83,Bangkalan,-6.9046,112.9834
2021-01-29,25.8,23.8,24.7,44.6,44.6,1.57,31.2,7.64,97,88,Bangkalan,-6.9046,112.9834
2021-01-30,25.8,24.1,24.7,34.4,34.4,1.45,29.9,7.69,97,90,Bangkalan,-6.9046,112.9834
2021-01-31,28.1,24.3,25.6,9.7,9.7,3.02,24.5,15.85,93,76,Bangkalan,-6.9046,112.9834
2021-02-01,28.2,24.4,26.2,3.2,3.2,3.75,26.1,18.61,93,77,Bangkalan,-6.9046,112.9834
2021-02-02,27.5,24.2,26.0,6.8,6.8,3.25,28.8,16.48,96,78,Bangkalan,-6.9046,112.9834
2021-02-03,27.7,24.2,25.6,9.9,9.9,2.58,32.8,12.93,96,80,Bangkalan,-6.9046,112.9834
2021-02-04,26.2,23.9,25.2,18.8,18.8,2.09,25.6,9.96,97,82,Bangkalan,-6.9046,112.9834
2021-02-05,27.4,24.5,25.6,10.8,10.8,3.12,26.9,15.66,93,82,Bangkalan,-6.9046,112.9834
2021-02-06,27.3,24.3,26.2,8.4,8.4,3.66,28.9,18.35,94,80,Bangkalan,-6.9046,112.9834
2021-02-07,28.0,24.8,26.3,3.3,3.3,4.14,27.3,21.93,93,77,Bangkalan,-6.9046,112.9834
2021-02-08,27.5,24.9,26.1,4.6,4.6,3.32,25.6,16.86,93,81,Bangkalan,-6.9046,112.9834
2021-02-09,28.0,24.8,26.0,8.1,8.1,3.18,24.9,17.23,95,81,Bangkalan,-6.9046,112.9834
2021-02-10,27.5,24.6,25.8,4.7,4.7,2.91,19.4,15.13,96,81,Bangkalan,-6.9046,112.9834
2021-02-11,27.9,24.5,25.9,7.0,7.0,3.42,20.0,18.44,98,83,Bangkalan,-6.9046,112.9834
2021-02-12,28.9,24.4,26.1,6.9,6.9,4.08,18.6,22.06,97,77,Bangkalan,-6.9046,112.9834
2021-02-13,28.2,23.9,25.8,9.4,9.4,3.73,16.6,20.46,97,81,Bangkalan,-6.9046,112.9834
2021-02-14,28.7,23.5,25.6,16.3,16.3,3.81,21.1,20.57,97,76,Bangkalan,-6.9046,112.9834
2021-02-15,28.1,23.6,25.8,11.9,11.9,3.73,21.6,19.38,99,77,Bangkalan,-6.9046,112.9834
2021-02-16,28.4,23.9,26.0,12.7,12.7,4.33,20.3,23.22,99,76,Bangkalan,-6.9046,112.9834
2021-02-17,28.1,23.9,25.8,3.7,3.7,3.83,20.6,20.75,99,78,Bangkalan,-6.9046,112.9834
2021-02-18,28.6,24.3,26.0,8.6,8.6,4.7,23.1,25.16,96,67,Bangkalan,-6.9046,112.9834
2021-02-19,26.6,23.8,25.3,25.5,25.5,2.78,26.0,14.68,97,81,Bangkalan,-6.9046,112.9834
2021-02-20,27.7,23.8,25.6,1.5,1.5,3.55,24.3,18.37,97,78,Bangkalan,-6.9046,112.9834
2021-02-21,28.7,23.8,26.0,4.6,4.6,4.01,15.9,21.15,97,76,Bangkalan,-6.9046,112.9834
2021-02-22,28.4,24.1,26.1,3.7,3.7,3.66,20.1,19.18,96,76,Bangkalan,-6.9046,112.9834
2021-02-23,28.8,24.2,26.1,13.1,13.1,4.08,23.9,21.69,97,74,Bangkalan,-6.9046,112.9834
2021-02-24,27.5,24.0,25.7,16.8,16.8,2.94,32.4,13.69,97,76,Bangkalan,-6.9046,112.9834
2021-02-25,27.6,23.9,25.4,26.0,26.0,3.32,22.8,18.77,97,82,Bangkalan,-6.9046,112.9834
2021-02-26,28.1,24.6,26.1,1.0,1.0,4.08,23.0,22.22,96,81,Bangkalan,-6.9046,112.9834
2021-02-27,29.5,23.9,26.0,25.5,25.5,3.78,14.2,19.36,98,75,Bangkalan,-6.9046,112.9834
2021-02-28,28.5,23.9,26.0,0.9,0.9,2.7,10.0,13.08,98,74,Bangkalan,-6.9046,112.9834
2021-03-01,29.1,23.8,26.3,12.9,12.9,4.11,9.8,21.06,97,76,Bangkalan,-6.9046,112.9834
2021-03-02,28.1,23.2,25.5,21.0,21.0,3.73,17.5,20.33,99,77,Bangkalan,-6.9046,112.9834
2021-03-03,28.6,23.1,26.1,1.3,1.3,3.91,16.1,20.24,98,75,Bangkalan,-6.9046,112.9834
2021-03-04,27.6,23.6,25.6,7.5,7.5,2.94,13.9,15.35,96,80,Bangkalan,-6.9046,112.9834
2021-03-05,29.4,24.1,26.3,8.6,8.6,3.94,10.4,19.71,98,69,Bangkalan,-6.9046,112.9834
2021-03-06,27.5,23.9,25.6,5.6,5.6,3.03,10.9,15.39,98,72,Bangkalan,-6.9046,112.9834
2021-03-07,27.0,23.9,25.4,13.6,13.6,3.07,18.1,16.12,99,82,Bangkalan,-6.9046,112.9834
2021-03-08,28.0,23.8,25.6,10.7,10.7,3.34,18.8,17.37,97,78,Bangkalan,-6.9046,112.9834
2021-03-09,27.8,24.1,25.9,8.1,8.1,3.17,20.1,16.38,94,75,Bangkalan,-6.9046,112.9834
2021-03-10,26.5,24.4,25.5,14.8,14.8,2.42,18.9,11.64,95,82,Bangkalan,-6.9046,112.9834
2021-03-11,28.0,23.5,25.7,5.8,5.8,3.15,15.5,15.81,96,76,Bangkalan,-6.9046,112.9834
2021-03-12,29.1,23.0,25.8,3.8,3.8,4.5,11.8,23.35,96,71,Bangkalan,-6.9046,112.9834
2021-03-13,29.4,23.9,25.9,3.1,3.1,4.18,12.6,21.4,97,70,Bangkalan,-6.9046,112.9834
2021-03-14,28.9,23.6,26.0,7.7,7.7,4.18,13.5,21.43,98,71,Bangkalan,-6.9046,112.9834
2021-03-15,28.1,22.7,25.6,3.5,3.5,4.15,12.5,22.18,99,76,Bangkalan,-6.9046,112.9834
2021-03-16,28.2,24.0,26.1,4.6,4.6,4.06,9.6,21.1,96,76,Bangkalan,-6.9046,112.9834
2021-03-17,29.8,23.4,26.7,2.5,2.5,4.75,9.7,23.94,98,67,Bangkalan,-6.9046,112.9834
2021-03-18,29.5,23.9,26.7,0.6,0.6,4.53,11.8,22.94,97,72,Bangkalan,-6.9046,112.9834
2021-03-19,29.2,24.2,26.6,2.5,2.5,4.57,18.7,24.02,97,74,Bangkalan,-6.9046,112.9834
2021-03-20,29.6,25.0,26.8,4.6,4.6,4.07,18.4,20.86,96,68,Bangkalan,-6.9046,112.9834
2021-03-21,29.0,25.5,27.0,2.9,2.9,4.38,18.1,22.33,94,73,Bangkalan,-6.9046,112.9834
2021-03-22,29.0,24.4,26.7,3.5,3.5,4.02,15.0,20.29,98,76,Bangkalan,-6.9046,112.9834
2021-03-23,28.8,24.6,26.5,6.2,6.2,3.92,15.4,19.98,98,74,Bangkalan,-6.9046,112.9834
2021-03-24,28.7,23.8,26.3,7.4,7.4,4.09,12.2,21.16,99,76,Bangkalan,-6.9046,112.9834
2021-03-25,29.2,24.0,26.4,10.4,10.4,4.32,11.5,22.16,99,76,Bangkalan,-6.9046,112.9834
2021-03-26,29.2,23.6,26.2,6.7,6.7,3.95,11.5,20.07,99,76,Bangkalan,-6.9046,112.9834
2021-03-27,28.7,24.0,26.1,14.6,14.6,3.3,12.2,17.37,99,79,Bangkalan,-6.9046,112.9834
2021-03-28,29.4,24.0,26.4,7.2,7.2,4.15,8.4,21.17,98,79,Bangkalan,-6.9046,112.9834
2021-03-29,28.9,25.1,26.8,2.0,2.0,3.37,15.2,17.11,99,79,Bangkalan,-6.9046,112.9834
2021-03-30,27.5,24.4,25.9,13.8,13.8,2.99,10.0,15.39,98,82,Bangkalan,-6.9046,112.9834
2021-03-31,29.8,24.4,26.7,4.3,4.3,3.8,13.5,18.71,97,72,Bangkalan,-6.9046,112.9834
2021-04-01,29.0,24.4,26.0,18.1,18.1,3.71,19.7,19.7,99,79,Bangkalan,-6.9046,112.9834
2021-04-02,29.6,23.9,26.6,0.5,0.5,2.88,11.2,13.6,98,71,Bangkalan,-6.9046,112.9834
2021-04-03,30.5,25.1,27.6,0.0,0.0,5.05,16.4,24.98,96,64,Bangkalan,-6.9046,112.9834
2021-04-04,30.1,24.9,27.1,7.8,7.8,4.16,18.5,20.51,95,69,Bangkalan,-6.9046,112.9834
2021-04-05,30.2,24.6,27.3,2.8,2.8,4.11,14.4,20.53,97,72,Bangkalan,-6.9046,112.9834
2021-04-06,28.1,25.4,26.9,16.9,16.9,2.65,24.5,13.32,96,81,Bangkalan,-6.9046,112.9834
2021-04-07,28.5,24.5,26.3,10.5,10.5,2.75,23.1,13.02,98,75,Bangkalan,-6.9046,112.9834
2021-04-08,28.5,24.4,26.2,13.4,13.4,2.78,26.4,13.67,97,78,Bangkalan,-6.9046,112.9834
2021-04-09,29.0,25.0,27.0,0.9,0.9,4.01,15.6,20.18,94,76,Bangkalan,-6.9046,112.9834
2021-04-10,28.9,24.0,26.2,6.7,6.7,3.72,9.4,18.84,98,75,Bangkalan,-6.9046,112.9834
2021-04-11,30.0,23.5,26.3,13.2,13.2,4.19,9.1,21.7,98,71,Bangkalan,-6.9046,112.9834
2021-04-12,29.6,24.4,26.5,5.6,5.6,4.29,10.7,21.98,98,72,Bangkalan,-6.9046,112.9834
2021-04-13,28.8,23.2,26.0,6.9,6.9,3.89,9.8,20.36,99,76,Bangkalan,-6.9046,112.9834
2021-04-14,28.7,23.6,26.2,1.8,1.8,4.03,11.6,20.88,99,79,Bangkalan,-6.9046,112.9834
2021-04-15,29.0,23.6,26.3,1.2,1.2,3.95,10.5,20.1,97,71,Bangkalan,-6.9046,112.9834
2021-04-16,30.0,22.9,26.8,1.1,1.1,4.44,7.2,22.16,98,67,Bangkalan,-6.9046,112.9834
2021-04-17,30.5,24.5,27.1,1.7,1.7,4.43,11.5,21.64,95,60,Bangkalan,-6.9046,112.9834
2021-04-18,29.8,23.0,26.0,5.9,5.9,3.6,10.4,17.81,96,71,Bangkalan,-6.9046,112.9834
2021-04-19,30.8,24.0,27.0,1.1,1.1,4.66,13.7,22.64,94,59,Bangkalan,-6.9046,112.9834
2021-04-20,31.1,23.6,27.1,0.0,0.0,5.17,13.2,24.29,91,51,Bangkalan,-6.9046,112.9834
2021-04-21,31.1,23.5,27.0,0.0,0.0,5.36,15.8,24.27,83,52,Bangkalan,-6.9046,112.9834
2021-04-22,30.2,23.0,26.7,0.4,0.4,4.98,13.6,23.63,92,56,Bangkalan,-6.9046,112.9834
2021-04-23,29.9,23.9,26.7,1.6,1.6,4.66,12.3,22.51,96,58,Bangkalan,-6.9046,112.9834
2021-04-24,30.1,23.4,26.7,1.9,1.9,4.51,12.0,22.22,96,60,Bangkalan,-6.9046,112.9834
2021-04-25,30.6,23.8,26.9,0.8,0.8,4.43,12.5,21.05,93,60,Bangkalan,-6.9046,112.9834
2021-04-26,31.0,24.1,27.2,1.6,1.6,4.67,14.0,21.97,91,57,Bangkalan,-6.9046,112.9834
2021-04-27,31.3,24.2,27.4,1.3,1.3,4.91,13.6,22.37,92,56,Bangkalan,-6.9046,112.9834
2021-04-28,30.2,24.2,27.0,0.9,0.9,4.31,10.9,20.95,92,60,Bangkalan,-6.9046,112.9834
2021-04-29,30.8,24.5,27.1,2.0,2.0,4.39,12.4,21.36,90,58,Bangkalan,-6.9046,112.9834
2021-04-30,31.1,24.4,27.2,2.8,2.8,4.22,13.8,20.51,92,58,Bangkalan,-6.9046,112.9834
2021-05-01,31.2,24.0,27.3,1.4,1.4,4.45,15.5,21.38,95,61,Bangkalan,-6.9046,112.9834
2021-05-02,30.4,24.8,26.8,8.5,8.5,3.67,12.8,18.37,94,72,Bangkalan,-6.9046,112.9834
2021-05-03,30.6,24.5,27.3,0.6,0.6,4.51,20.3,21.54,94,61,Bangkalan,-6.9046,112.9834
2021-05-04,30.3,24.9,27.4,1.8,1.8,4.03,16.0,18.71,92,65,Bangkalan,-6.9046,112.9834
2021-05-05,31.5,24.6,27.6,3.0,3.0,4.25,11.3,20.04,92,56,Bangkalan,-6.9046,112.9834
2021-05-06,30.8,24.2,27.5,2.3,2.3,4.14,10.0,19.87,96,60,Bangkalan,-6.9046,112.9834
2021-05-07,29.1,24.7,26.9,4.1,4.1,3.15,9.7,15.48,98,75,Bangkalan,-6.9046,112.9834
2021-05-08,29.6,24.5,26.7,2.8,2.8,3.77,12.6,18.4,98,64,Bangkalan,-6.9046,112.9834
2021-05-09,31.0,24.4,27.4,0.2,0.2,4.84,12.6,22.58,90,52,Bangkalan,-6.9046,112.9834
2021-05-10,31.1,24.2,27.6,1.1,1.1,4.67,13.1,21.25,91,58,Bangkalan,-6.9046,112.9834
2021-05-11,31.9,24.5,27.8,2.0,2.0,4.82,15.0,21.24,92,56,Bangkalan,-6.9046,112.9834
2021-05-12,32.5,24.3,28.0,0.3,0.3,5.19,15.1,21.93,92,49,Bangkalan,-6.9046,112.9834
2021-05-13,32.5,25.0,28.1,0.5,0.5,4.98,16.6,20.84,85,51,Bangkalan,-6.9046,112.9834
2021-05-14,33.1,24.8,28.1,0.1,0.1,5.17,16.5,21.77,88,45,Bangkalan,-6.9046,112.9834
2021-05-15,31.5,25.0,27.6,1.7,1.7,4.58,16.7,20.43,89,55,Bangkalan,-6.9046,112.9834
2021-05-16,32.1,24.1,27.5,0.5,0.5,4.84,16.9,21.78,93,52,Bangkalan,-6.9046,112.9834
2021-05-17,31.4,24.5,27.5,2.7,2.7,4.5,13.0,20.83,92,55,Bangkalan,-6.9046,112.9834
2021-05-18,31.9,24.8,27.7,1.3,1.3,4.2,13.3,19.1,91,55,Bangkalan,-6.9046,112.9834
2021-05-19,29.6,24.9,26.4,24.9,24.9,2.73,12.9,13.3,94,68,Bangkalan,-6.9046,112.9834
2021-05-20,31.4,24.4,26.8,6.7,6.7,3.56,10.0,17.26,95,61,Bangkalan,-6.9046,112.9834
2021-05-21,31.5,24.7,27.6,0.7,0.7,4.36,11.5,20.4,92,55,Bangkalan,-6.9046,112.9834
2021-05-22,31.0,24.7,27.4,1.7,1.7,3.98,11.3,18.98,93,60,Bangkalan,-6.9046,112.9834
2021-05-23,30.2,23.7,27.2,1.0,1.0,4.09,13.0,19.25,93,61,Bangkalan,-6.9046,112.9834
2021-05-24,31.1,23.6,27.3,1.5,1.5,4.2,13.1,19.43,91,57,Bangkalan,-6.9046,112.9834
2021-05-25,31.0,24.6,27.6,1.2,1.2,4.14,13.5,18.85,93,60,Bangkalan,-6.9046,112.9834
2021-05-26,31.1,25.1,27.6,1.8,1.8,4.22,20.8,19.11,92,60,Bangkalan,-6.9046,112.9834
2021-05-27,31.9,24.8,28.0,1.3,1.3,4.51,20.3,20.11,94,56,Bangkalan,-6.9046,112.9834
2021-05-28,30.8,25.3,27.7,4.9,4.9,3.9,16.2,17.71,93,65,Bangkalan,-6.9046,112.9834
2021-05-29,31.2,25.1,27.2,5.2,5.2,3.9,13.6,18.74,94,57,Bangkalan,-6.9046,112.9834
2021-05-30,30.1,24.3,26.6,2.8,2.8,3.51,9.7,17.46,99,67,Bangkalan,-6.9046,112.9834
2021-05-31,30.4,24.4,26.5,4.6,4.6,3.27,8.3,16.2,99,67,Bangkalan,-6.9046,112.9834
2021-06-01,30.2,23.6,27.0,1.9,1.9,3.74,11.4,18.13,98,65,Bangkalan,-6.9046,112.9834
2021-06-02,31.1,24.8,27.3,1.5,1.5,4.04,17.8,18.59,94,59,Bangkalan,-6.9046,112.9834
2021-06-03,30.8,24.2,27.4,0.8,0.8,3.96,17.7,17.56,94,61,Bangkalan,-6.9046,112.9834
2021-06-04,31.6,24.5,27.7,1.1,1.1,4.33,18.2,19.68,94,58,Bangkalan,-6.9046,112.9834
2021-06-05,31.9,24.6,27.6,1.2,1.2,4.42,15.6,20.14,95,55,Bangkalan,-6.9046,112.9834
2021-06-06,31.4,24.5,27.5,1.6,1.6,4.05,12.9,18.93,94,53,Bangkalan,-6.9046,112.9834
2021-06-07,30.3,24.0,27.0,2.8,2.8,3.75,10.1,18.2,98,63,Bangkalan,-6.9046,112.9834
2021-06-08,31.0,24.8,27.5,1.8,1.8,4.19,12.8,18.82,91,54,Bangkalan,-6.9046,112.9834
2021-06-09,30.2,24.3,26.8,2.6,2.6,3.38,14.0,16.07,95,65,Bangkalan,-6.9046,112.9834
2021-06-10,30.2,24.1,26.8,1.5,1.5,3.4,12.6,16.13,96,68,Bangkalan,-6.9046,112.9834
2021-06-11,31.8,24.8,27.1,5.0,5.0,3.48,12.3,16.3,95,63,Bangkalan,-6.9046,112.9834
2021-06-12,30.1,24.0,26.8,3.1,3.1,3.55,13.0,17.18,95,65,Bangkalan,-6.9046,112.9834
2021-06-13,31.0,24.0,27.2,1.7,1.7,4.33,15.6,19.98,92,57,Bangkalan,-6.9046,112.9834
2021-06-14,30.0,24.8,26.5,8.5,8.5,3.25,18.8,16.27,98,68,Bangkalan,-6.9046,112.9834
2021-06-15,30.4,24.4,26.3,15.0,15.0,3.2,21.3,15.93,97,64,Bangkalan,-6.9046,112.9834
2021-06-16,30.0,23.8,26.5,5.5,5.5,3.45,19.8,16.76,98,67,Bangkalan,-6.9046,112.9834
2021-06-17,29.6,23.8,25.9,17.3,17.3,2.94,13.4,14.83,98,70,Bangkalan,-6.9046,112.9834
2021-06-18,29.2,23.5,26.0,2.8,2.8,3.02,12.1,15.12,99,73,Bangkalan,-6.9046,112.9834
2021-06-19,28.3,23.5,25.3,22.0,22.0,2.57,10.1,13.04,99,78,Bangkalan,-6.9046,112.9834
2021-06-20,28.5,23.3,25.6,5.1,5.1,2.86,15.8,14.46,99,72,Bangkalan,-6.9046,112.9834
2021-06-21,27.6,22.8,25.0,23.8,23.8,2.53,9.7,12.93,99,86,Bangkalan,-6.9046,112.9834
2021-06-22,30.2,23.4,26.2,5.5,5.5,3.71,13.9,18.5,100,61,Bangkalan,-6.9046,112.9834
2021-06-23,28.0,24.4,26.0,15.8,15.8,2.62,15.8,13.23,94,79,Bangkalan,-6.9046,112.9834
2021-06-24,28.5,23.6,25.6,13.9,13.9,2.88,14.6,14.79,99,77,Bangkalan,-6.9046,112.9834
2021-06-25,29.5,23.1,25.9,3.1,3.1,3.38,13.0,17.28,98,73,Bangkalan,-6.9046,112.9834
2021-06-26,29.5,24.6,26.3,5.8,5.8,3.44,12.5,17.33,94,68,Bangkalan,-6.9046,112.9834
2021-06-27,30.6,24.0,26.8,3.5,3.5,3.82,13.6,18.68,94,61,Bangkalan,-6.9046,112.9834
2021-06-28,28.8,24.4,26.0,10.0,10.0,2.85,11.9,14.65,97,72,Bangkalan,-6.9046,112.9834
2021-06-29,30.2,24.0,26.5,5.7,5.7,3.4,15.9,16.5,93,68,Bangkalan,-6.9046,112.9834
2021-06-30,29.8,24.0,26.5,1.6,1.6,3.68,15.3,17.7,93,61,Bangkalan,-6.9046,112.9834
2021-07-01,30.8,24.0,26.6,1.2,1.2,4.1,11.8,19.76,91,57,Bangkalan,-6.9046,112.9834
2021-07-02,30.5,23.8,26.6,0.0,0.0,4.29,14.2,20.07,89,58,Bangkalan,-6.9046,112.9834
2021-07-03,30.0,23.5,26.5,0.8,0.8,3.85,11.2,18.39,93,61,Bangkalan,-6.9046,112.9834
2021-07-04,30.7,23.1,26.7,0.2,0.2,4.25,13.2,19.37,96,55,Bangkalan,-6.9046,112.9834
2021-07-05,31.1,24.0,26.9,0.0,0.0,4.91,18.3,21.04,90,50,Bangkalan,-6.9046,112.9834
2021-07-06,30.2,23.1,26.0,0.0,0.0,5.16,18.5,21.12,81,42,Bangkalan,-6.9046,112.9834
2021-07-07,31.0,22.2,26.3,0.1,0.1,4.47,11.5,20.51,89,50,Bangkalan,-6.9046,112.9834
2021-07-08,29.2,25.0,26.8,0.0,0.0,3.31,15.3,13.13,82,63,Bangkalan,-6.9046,112.9834
2021-07-09,29.6,24.0,26.3,4.7,4.7,3.4,16.1,16.78,94,69,Bangkalan,-6.9046,112.9834
2021-07-10,30.0,24.0,26.9,3.7,3.7,3.65,15.1,17.11,96,69,Bangkalan,-6.9046,112.9834
2021-07-11,31.2,24.9,27.6,0.1,0.1,4.85,21.5,20.56,88,55,Bangkalan,-6.9046,112.9834
2021-07-12,31.5,23.9,26.9,0.0,0.0,4.55,20.6,20.41,94,51,Bangkalan,-6.9046,112.9834
2021-07-13,31.9,23.4,27.1,0.0,0.0,4.95,15.0,21.07,96,37,Bangkalan,-6.9046,112.9834
2021-07-14,30.9,24.4,27.0,0.0,0.0,4.68,16.0,20.82,91,49,Bangkalan,-6.9046,112.9834
2021-07-15,31.0,22.9,26.8,0.1,0.1,5.03,24.5,20.46,94,45,Bangkalan,-6.9046,112.9834
2021-07-16,30.9,24.0,26.8,0.0,0.0,4.44,18.4,17.26,77,46,Bangkalan,-6.9046,112.9834
2021-07-17,30.9,23.8,26.9,1.4,1.4,3.7,12.6,15.45,87,52,Bangkalan,-6.9046,112.9834
2021-07-18,31.6,23.8,27.3,0.3,0.3,4.59,13.5,20.28,87,48,Bangkalan,-6.9046,112.9834
2021-07-19,32.0,24.0,27.4,1.5,1.5,4.63,20.2,20.11,92,49,Bangkalan,-6.9046,112.9834
2021-07-20,31.8,23.5,27.1,1.2,1.2,4.6,17.1,20.39,90,50,Bangkalan,-6.9046,112.9834
2021-07-21,31.2,23.8,27.3,0.6,0.6,4.65,15.3,19.67,89,53,Bangkalan,-6.9046,112.9834
2021-07-22,30.3,24.6,27.1,0.3,0.3,2.97,17.9,10.77,86,56,Bangkalan,-6.9046,112.9834
2021-07-23,31.5,24.4,27.5,2.5,2.5,4.52,13.7,19.65,89,55,Bangkalan,-6.9046,112.9834
2021-07-24,32.0,23.7,27.3,0.0,0.0,5.49,19.7,22.14,83,47,Bangkalan,-6.9046,112.9834
2021-07-25,33.0,22.8,27.0,0.0,0.0,5.85,21.1,22.93,93,30,Bangkalan,-6.9046,112.9834
2021-07-26,31.5,22.1,26.3,0.0,0.0,5.17,20.7,22.84,92,50,Bangkalan,-6.9046,112.9834
2021-07-27,32.1,21.1,26.3,0.0,0.0,5.41,17.9,22.5,85,37,Bangkalan,-6.9046,112.9834
2021-07-28,31.5,22.0,26.6,0.0,0.0,5.12,15.3,22.12,94,45,Bangkalan,-6.9046,112.9834
2021-07-29,31.9,23.0,26.9,0.0,0.0,4.77,14.2,22.12,87,43,Bangkalan,-6.9046,112.9834
2021-07-30,30.7,24.2,27.2,1.6,1.6,4.21,12.8,19.74,90,54,Bangkalan,-6.9046,112.9834
2021-07-31,31.8,24.4,27.4,0.8,0.8,4.79,19.3,21.15,90,48,Bangkalan,-6.9046,112.9834
2021-08-01,32.0,23.1,27.5,0.9,0.9,5.15,21.6,21.65,89,44,Bangkalan,-6.9046,112.9834
2021-08-02,31.5,24.0,27.4,3.2,3.2,4.62,22.2,19.16,86,50,Bangkalan,-6.9046,112.9834
2021-08-03,31.4,24.3,27.3,4.2,4.2,4.26,13.8,19.97,95,53,Bangkalan,-6.9046,112.9834
2021-08-04,31.6,24.2,27.5,1.8,1.8,4.72,17.4,20.11,94,52,Bangkalan,-6.9046,112.9834
2021-08-05,31.9,23.6,27.3,1.1,1.1,4.9,19.8,21.47,90,49,Bangkalan,-6.9046,112.9834
2021-08-06,32.3,24.5,27.6,1.0,1.0,4.96,25.1,21.0,86,49,Bangkalan,-6.9046,112.9834
2021-08-07,31.1,24.6,27.3,1.6,1.6,4.43,22.1,19.49,90,56,Bangkalan,-6.9046,112.9834
2021-08-08,31.5,24.7,27.3,3.0,3.0,4.3,20.3,19.01,90,56,Bangkalan,-6.9046,112.9834
2021-08-09,31.0,24.8,27.3,2.0,2.0,4.35,19.9,18.46,88,55,Bangkalan,-6.9046,112.9834
2021-08-10,32.1,24.5,27.8,0.1,0.1,5.23,19.1,21.2,89,42,Bangkalan,-6.9046,112.9834
2021-08-11,32.8,23.9,27.8,0.0,0.0,6.07,17.4,23.19,81,34,Bangkalan,-6.9046,112.9834
2021-08-12,32.8,23.2,28.0,0.0,0.0,5.36,19.1,21.25,88,43,Bangkalan,-6.9046,112.9834
2021-08-13,32.2,25.0,27.6,2.2,2.2,4.79,16.1,21.15,90,49,Bangkalan,-6.9046,112.9834
2021-08-14,32.2,24.2,27.8,2.1,2.1,5.08,21.6,21.41,90,50,Bangkalan,-6.9046,112.9834
2021-08-15,32.8,24.4,27.9,0.1,0.1,5.52,26.4,22.2,89,45,Bangkalan,-6.9046,112.9834
2021-08-16,32.7,24.7,28.2,0.9,0.9,5.6,17.9,21.62,88,45,Bangkalan,-6.9046,112.9834
2021-08-17,33.0,24.3,27.8,0.6,0.6,4.82,13.8,20.78,90,40,Bangkalan,-6.9046,112.9834
2021-08-18,30.7,25.4,27.4,10.4,10.4,4.17,15.4,18.49,93,55,Bangkalan,-6.9046,112.9834
2021-08-19,32.0,24.5,27.3,2.5,2.5,4.44,16.0,20.2,90,45,Bangkalan,-6.9046,112.9834
2021-08-20,30.8,23.7,26.9,2.6,2.6,4.21,13.0,19.11,93,54,Bangkalan,-6.9046,112.9834
2021-08-21,31.1,24.5,27.4,2.5,2.5,4.79,16.1,21.33,92,52,Bangkalan,-6.9046,112.9834
2021-08-22,31.5,24.2,27.3,2.6,2.6,4.75,14.6,21.08,87,50,Bangkalan,-6.9046,112.9834
2021-08-23,32.2,24.0,27.4,1.6,1.6,5.25,17.2,22.0,90,45,Bangkalan,-6.9046,112.9834
2021-08-24,31.9,24.0,27.5,0.4,0.4,5.39,17.4,22.88,89,41,Bangkalan,-6.9046,112.9834
2021-08-25,32.0,24.2,27.6,0.5,0.5,5.7,20.4,22.41,80,45,Bangkalan,-6.9046,112.9834
2021-08-26,32.5,23.5,27.4,0.0,0.0,6.0,17.6,24.4,80,38,Bangkalan,-6.9046,112.9834
2021-08-27,32.7,22.2,27.5,0.0,0.0,5.66,20.3,23.59,89,38,Bangkalan,-6.9046,112.9834
2021-08-28,32.5,25.2,28.0,3.6,3.6,5.46,20.0,21.35,81,44,Bangkalan,-6.9046,112.9834
2021-08-29,33.2,25.0,28.5,0.4,0.4,5.69,22.4,22.32,86,45,Bangkalan,-6.9046,112.9834
2021-08-30,32.5,26.0,28.6,1.3,1.3,5.78,21.7,22.51,82,50,Bangkalan,-6.9046,112.9834
2021-08-31,33.2,25.0,28.1,1.5,1.5,5.55,16.6,23.31,86,42,Bangkalan,-6.9046,112.9834
2021-09-01,32.8,23.6,27.6,0.4,0.4,5.54,18.7,24.16,93,44,Bangkalan,-6.9046,112.9834
2021-09-02,33.0,24.1,28.2,0.0,0.0,6.16,19.6,24.72,80,36,Bangkalan,-6.9046,112.9834
2021-09-03,33.4,24.1,28.3,0.0,0.0,6.46,19.5,23.98,80,38,Bangkalan,-6.9046,112.9834
2021-09-04,33.7,24.5,28.5,0.0,0.0,5.88,18.7,23.53,80,36,Bangkalan,-6.9046,112.9834
2021-09-05,32.2,25.3,28.1,4.0,4.0,4.92,17.9,20.51,86,46,Bangkalan,-6.9046,112.9834
2021-09-06,32.6,25.3,28.1,4.7,4.7,5.25,19.1,22.6,84,47,Bangkalan,-6.9046,112.9834
2021-09-07,32.3,24.5,28.2,1.2,1.2,5.31,15.3,22.78,90,47,Bangkalan,-6.9046,112.9834
2021-09-08,32.8,25.7,28.6,1.4,1.4,5.77,17.4,21.98,80,43,Bangkalan,-6.9046,112.9834
2021-09-09,33.1,23.5,28.0,1.9,1.9,5.88,18.7,23.98,92,39,Bangkalan,-6.9046,112.9834
2021-09-10,33.1,24.6,28.5,0.5,0.5,5.64,13.4,23.71,87,43,Bangkalan,-6.9046,112.9834
2021-09-11,31.2,25.5,27.3,6.6,6.6,3.86,18.7,16.76,93,55,Bangkalan,-6.9046,112.9834
2021-09-12,30.0,24.0,26.4,5.7,5.7,3.17,17.1,14.59,97,62,Bangkalan,-6.9046,112.9834
2021-09-13,30.3,24.6,27.1,0.1,0.1,4.25,19.7,19.31,92,58,Bangkalan,-6.9046,112.9834
2021-09-14,30.6,24.0,27.1,10.2,10.2,4.4,16.2,21.24,98,64,Bangkalan,-6.9046,112.9834
2021-09-15,32.3,23.2,27.1,0.3,0.3,5.11,20.4,23.68,99,52,Bangkalan,-6.9046,112.9834
2021-09-16,30.5,23.5,27.1,1.9,1.9,4.83,10.5,23.47,96,59,Bangkalan,-6.9046,112.9834
2021-09-17,33.1,25.0,28.6,0.1,0.1,5.99,17.9,24.21,91,44,Bangkalan,-6.9046,112.9834
2021-09-18,33.5,25.0,28.5,0.0,0.0,6.25,19.6,25.32,91,40,Bangkalan,-6.9046,112.9834
2021-09-19,33.6,25.3,28.7,0.0,0.0,6.53,16.9,25.24,80,32,Bangkalan,-6.9046,112.9834
2021-09-20,32.5,22.5,27.8,1.0,1.0,5.77,17.9,24.55,96,42,Bangkalan,-6.9046,112.9834
2021-09-21,32.0,25.5,27.4,15.9,15.9,4.18,22.4,17.02,84,53,Bangkalan,-6.9046,112.9834
2021-09-22,30.1,24.7,27.1,2.0,2.0,4.08,20.5,17.94,86,58,Bangkalan,-6.9046,112.9834
2021-09-23,32.0,24.4,27.5,3.2,3.2,5.1,19.8,23.13,92,56,Bangkalan,-6.9046,112.9834
2021-09-24,29.9,24.8,26.9,9.5,9.5,3.48,18.2,15.72,92,66,Bangkalan,-6.9046,112.9834
2021-09-25,30.5,24.8,27.4,1.6,1.6,5.1,15.8,23.22,91,60,Bangkalan,-6.9046,112.9834
2021-09-26,31.4,24.4,26.6,11.7,11.7,3.93,15.0,19.11,96,62,Bangkalan,-6.9046,112.9834
2021-09-27,31.4,24.0,27.1,1.3,1.3,5.15,21.6,23.25,94,54,Bangkalan,-6.9046,112.9834
2021-09-28,32.0,24.9,27.7,1.2,1.2,5.79,20.5,23.99,84,52,Bangkalan,-6.9046,112.9834
2021-09-29,32.2,24.1,27.9,0.9,0.9,5.7,14.5,24.64,85,51,Bangkalan,-6.9046,112.9834
2021-09-30,32.0,23.3,27.7,1.4,1.4,5.3,13.3,23.91,96,52,Bangkalan,-6.9046,112.9834
2021-10-01,32.5,23.5,27.8,0.4,0.4,5.1,9.2,24.11,97,45,Bangkalan,-6.9046,112.9834
2021-10-02,30.6,24.5,27.5,0.4,0.4,4.67,11.7,21.69,90,56,Bangkalan,-6.9046,112.9834
2021-10-03,31.9,24.2,27.8,1.3,1.3,5.32,13.4,24.79,89,49,Bangkalan,-6.9046,112.9834
2021-10-04,30.8,24.8,26.9,18.5,18.5,4.73,15.0,22.95,94,61,Bangkalan,-6.9046,112.9834
2021-10-05,30.6,24.5,27.1,7.6,7.6,5.06,21.4,22.63,92,59,Bangkalan,-6.9046,112.9834
2021-10-06,29.9,24.8,26.6,3.7,3.7,4.48,23.2,17.98,82,63,Bangkalan,-6.9046,112.9834
2021-10-07,31.4,24.5,27.6,0.8,0.8,5.65,15.6,24.95,80,50,Bangkalan,-6.9046,112.9834
2021-10-08,32.2,23.9,27.7,0.1,0.1,5.82,15.1,25.83,87,46,Bangkalan,-6.9046,112.9834
2021-10-09,32.8,23.8,27.9,0.0,0.0,5.66,15.3,25.53,89,44,Bangkalan,-6.9046,112.9834
2021-10-10,33.3,24.4,28.4,0.0,0.0,5.9,15.8,25.91,88,44,Bangkalan,-6.9046,112.9834
2021-10-11,33.4,24.2,28.6,0.1,0.1,6.13,18.7,25.95,91,43,Bangkalan,-6.9046,112.9834
2021-10-12,33.2,24.4,28.4,0.0,0.0,6.01,15.0,25.65,84,43,Bangkalan,-6.9046,112.9834
2021-10-13,32.8,23.8,27.8,0.6,0.6,5.52,13.3,25.29,92,45,Bangkalan,-6.9046,112.9834
2021-10-14,32.7,24.8,28.3,0.3,0.3,5.92,18.1,25.28,84,49,Bangkalan,-6.9046,112.9834
2021-10-15,32.2,24.6,28.4,1.6,1.6,5.64,17.8,25.02,87,51,Bangkalan,-6.9046,112.9834
2021-10-16,32.5,25.6,28.8,2.2,2.2,5.68,14.7,24.74,86,51,Bangkalan,-6.9046,112.9834
2021-10-17,31.4,25.9,28.1,9.5,9.5,4.91,13.8,22.98,88,60,Bangkalan,-6.9046,112.9834
2021-10-18,30.8,25.6,27.5,9.5,9.5,4.26,16.3,20.48,94,66,Bangkalan,-6.9046,112.9834
2021-10-19,30.5,24.0,26.9,15.2,15.2,4.3,15.5,21.02,97,65,Bangkalan,-6.9046,112.9834
2021-10-20,32.2,24.6,28.0,1.4,1.4,5.05,13.2,24.1,93,53,Bangkalan,-6.9046,112.9834
2021-10-21,31.5,24.5,27.9,1.7,1.7,4.79,13.0,23.27,94,62,Bangkalan,-6.9046,112.9834
2021-10-22,32.0,24.8,28.1,2.1,2.1,4.83,13.6,23.0,96,56,Bangkalan,-6.9046,112.9834
2021-10-23,30.7,23.2,27.4,2.4,2.4,5.19,13.7,25.26,98,65,Bangkalan,-6.9046,112.9834
2021-10-24,31.1,24.7,28.0,1.2,1.2,5.09,13.3,24.54,93,65,Bangkalan,-6.9046,112.9834
2021-10-25,31.8,24.4,27.9,3.9,3.9,5.32,12.4,25.3,97,60,Bangkalan,-6.9046,112.9834
2021-10-26,32.0,24.5,27.9,11.8,11.8,4.66,13.9,21.83,93,56,Bangkalan,-6.9046,112.9834
2021-10-27,31.0,24.3,27.1,8.1,8.1,3.54,14.5,16.32,97,65,Bangkalan,-6.9046,112.9834
2021-10-28,31.8,25.0,27.3,13.8,13.8,4.39,13.0,21.45,95,60,Bangkalan,-6.9046,112.9834
2021-10-29,30.5,24.4,26.8,10.2,10.2,4.66,10.6,23.44,96,73,Bangkalan,-6.9046,112.9834
2021-10-30,29.6,24.5,26.6,6.2,6.2,3.75,18.0,19.23,96,77,Bangkalan,-6.9046,112.9834
2021-10-31,30.0,23.4,26.4,30.8,30.8,4.1,12.8,20.72,98,70,Bangkalan,-6.9046,112.9834
2021-11-01,29.6,22.8,26.0,12.2,12.2,3.69,14.8,19.2,98,73,Bangkalan,-6.9046,112.9834
2021-11-02,30.9,24.0,26.3,17.6,17.6,4.38,11.8,22.0,96,68,Bangkalan,-6.9046,112.9834
2021-11-03,30.8,24.8,27.4,3.7,3.7,4.69,11.3,23.17,95,69,Bangkalan,-6.9046,112.9834
2021-11-04,30.6,24.2,26.4,9.5,9.5,3.67,14.8,18.05,97,69,Bangkalan,-6.9046,112.9834
2021-11-05,29.4,23.8,25.8,15.9,15.9,3.17,17.4,16.33,98,74,Bangkalan,-6.9046,112.9834
2021-11-06,29.9,24.0,27.0,6.4,6.4,4.27,13.0,21.14,95,68,Bangkalan,-6.9046,112.9834
2021-11-07,30.9,24.3,27.5,10.2,10.2,4.78,12.4,23.72,95,70,Bangkalan,-6.9046,112.9834
2021-11-08,29.4,23.5,26.8,11.3,11.3,3.62,10.3,17.59,99,74,Bangkalan,-6.9046,112.9834
2021-11-09,30.5,24.9,27.0,18.6,18.6,4.16,10.1,20.85,98,73,Bangkalan,-6.9046,112.9834
2021-11-10,30.5,23.7,26.2,9.8,9.8,3.95,11.0,19.75,97,71,Bangkalan,-6.9046,112.9834
2021-11-11,28.0,24.0,25.7,22.5,22.5,3.0,13.9,15.14,98,80,Bangkalan,-6.9046,112.9834
2021-11-12,28.3,24.1,26.0,15.6,15.6,2.59,9.3,12.54,98,80,Bangkalan,-6.9046,112.9834
2021-11-13,28.9,23.9,25.7,32.8,32.8,2.94,14.2,14.59,98,74,Bangkalan,-6.9046,112.9834
2021-11-14,28.6,23.0,25.2,13.8,13.8,2.93,11.5,14.96,98,77,Bangkalan,-6.9046,112.9834
2021-11-15,27.9,23.9,25.2,20.1,20.1,2.31,10.0,11.61,98,80,Bangkalan,-6.9046,112.9834
2021-11-16,29.0,23.8,26.0,5.6,5.6,2.89,8.9,14.01,99,72,Bangkalan,-6.9046,112.9834
2021-11-17,29.6,23.5,25.9,14.4,14.4,3.46,14.4,17.5,99,73,Bangkalan,-6.9046,112.9834
2021-11-18,30.2,23.8,26.4,12.5,12.5,4.17,11.2,21.16,98,67,Bangkalan,-6.9046,112.9834
2021-11-19,30.4,23.6,26.2,26.5,26.5,4.09,15.0,20.87,98,73,Bangkalan,-6.9046,112.9834
2021-11-20,25.4,23.2,24.4,55.8,55.8,0.62,10.2,2.5,99,90,Bangkalan,-6.9046,112.9834
2021-11-21,29.8,22.8,26.5,0.7,0.7,4.17,10.3,20.4,96,66,Bangkalan,-6.9046,112.9834
2021-11-22,30.8,24.3,27.1,3.0,3.0,4.42,14.7,21.97,96,69,Bangkalan,-6.9046,112.9834
2021-11-23,29.2,23.6,26.1,20.5,20.5,3.39,12.9,16.93,98,79,Bangkalan,-6.9046,112.9834
2021-11-24,29.2,23.4,25.8,31.8,31.8,3.39,13.7,17.48,98,77,Bangkalan,-6.9046,112.9834
2021-11-25,29.8,23.5,26.2,20.4,20.4,4.02,11.3,20.61,97,75,Bangkalan,-6.9046,112.9834
2021-11-26,29.1,24.1,26.0,31.8,31.8,3.43,17.1,17.86,97,78,Bangkalan,-6.9046,112.9834
2021-11-27,28.7,23.9,25.5,18.6,18.6,3.33,13.0,16.87,98,77,Bangkalan,-6.9046,112.9834
2021-11-28,27.0,23.8,24.7,34.3,34.3,1.61,11.8,7.9,99,83,Bangkalan,-6.9046,112.9834
2021-11-29,29.4,23.0,25.7,7.4,7.4,3.08,9.8,14.78,98,64,Bangkalan,-6.9046,112.9834
2021-11-30,29.0,23.0,25.3,18.7,18.7,3.23,12.6,16.66,96,76,Bangkalan,-6.9046,112.9834
2021-12-01,28.0,23.8,25.4,23.7,23.7,2.17,11.9,10.38,98,79,Bangkalan,-6.9046,112.9834
2021-12-02,30.5,23.8,26.4,29.9,29.9,4.31,11.6,21.18,99,66,Bangkalan,-6.9046,112.9834
2021-12-03,29.1,23.2,26.2,13.2,13.2,3.97,16.1,20.77,98,74,Bangkalan,-6.9046,112.9834
2021-12-04,27.2,24.0,25.4,34.0,34.0,2.52,18.5,12.87,98,82,Bangkalan,-6.9046,112.9834
2021-12-05,27.5,24.2,25.8,13.8,13.8,2.22,22.4,9.42,96,79,Bangkalan,-6.9046,112.9834
2021-12-06,28.2,24.7,26.0,11.4,11.4,2.09,18.2,8.97,97,78,Bangkalan,-6.9046,112.9834
2021-12-07,29.0,24.9,26.6,1.9,1.9,3.61,18.4,17.62,96,76,Bangkalan,-6.9046,112.9834
2021-12-08,29.3,23.8,26.2,33.8,33.8,4.17,18.1,21.65,99,75,Bangkalan,-6.9046,112.9834
2021-12-09,30.5,23.8,26.5,16.8,16.8,4.76,13.6,24.04,98,73,Bangkalan,-6.9046,112.9834
2021-12-10,29.7,24.2,26.2,2.8,2.8,4.29,16.9,22.44,97,76,Bangkalan,-6.9046,112.9834
2021-12-11,30.0,24.6,26.5,3.5,3.5,4.25,15.8,21.7,95,75,Bangkalan,-6.9046,112.9834
2021-12-12,30.8,24.1,26.7,15.7,15.7,4.62,15.3,22.38,98,66,Bangkalan,-6.9046,112.9834
2021-12-13,30.9,23.7,26.7,10.5,10.5,4.45,8.2,21.97,98,70,Bangkalan,-6.9046,112.9834
2021-12-14,29.9,24.0,26.1,14.5,14.5,3.89,8.7,19.61,97,73,Bangkalan,-6.9046,112.9834
2021-12-15,27.5,23.6,25.2,27.7,27.7,2.68,9.3,13.84,98,83,Bangkalan,-6.9046,112.9834
2021-12-16,30.0,23.8,26.3,11.2,11.2,4.03,10.8,20.21,98,73,Bangkalan,-6.9046,112.9834
2021-12-17,29.6,23.8,26.7,9.5,9.5,4.25,9.5,21.4,97,72,Bangkalan,-6.9046,112.9834
2021-12-18,29.0,24.2,26.1,9.5,9.5,3.84,9.7,19.56,99,80,Bangkalan,-6.9046,112.9834
2021-12-19,30.4,24.2,26.8,8.3,8.3,4.22,16.1,21.61,98,72,Bangkalan,-6.9046,112.9834
2021-12-20,27.9,23.3,25.4,31.4,31.4,2.65,13.4,13.63,99,81,Bangkalan,-6.9046,112.9834
2021-12-21,27.8,24.1,25.6,14.1,14.1,2.38,15.6,11.73,99,79,Bangkalan,-6.9046,112.9834
2021-12-22,29.7,23.7,26.8,0.0,0.0,4.35,12.8,21.52,95,73,Bangkalan,-6.9046,112.9834
2021-12-23,30.5,24.6,27.0,11.4,11.4,4.58,15.7,23.09,94,69,Bangkalan,-6.9046,112.9834
2021-12-24,29.5,24.0,26.8,0.7,0.7,4.66,18.7,24.03,96,72,Bangkalan,-6.9046,112.9834
2021-12-25,29.7,24.4,26.8,10.4,10.4,4.18,17.7,20.76,96,73,Bangkalan,-6.9046,112.9834
2021-12-26,30.4,24.8,27.1,4.3,4.3,4.51,17.0,22.77,95,68,Bangkalan,-6.9046,112.9834
2021-12-27,30.1,24.6,26.9,10.3,10.3,4.5,19.9,22.17,96,68,Bangkalan,-6.9046,112.9834
2021-12-28,30.1,24.8,26.8,4.1,4.1,4.89,18.3,24.89,96,68,Bangkalan,-6.9046,112.9834
2021-12-29,30.0,24.0,26.6,5.6,5.6,3.94,16.3,19.73,97,71,Bangkalan,-6.9046,112.9834
2021-12-30,29.3,24.6,26.2,13.9,13.9,3.39,15.8,16.93,97,71,Bangkalan,-6.9046,112.9834
2021-12-31,28.9,24.2,25.9,17.0,17.0,3.59,19.2,18.63,98,74,Bangkalan,-6.9046,112.9834
2022-01-01,28.3,24.0,25.7,7.1,7.1,3.22,16.5,16.51,99,72,Bangkalan,-6.9046,112.9834
2022-01-02,28.8,23.2,25.4,13.0,13.0,3.69,14.1,19.14,99,76,Bangkalan,-6.9046,112.9834
2022-01-03,28.9,23.4,25.7,2.3,2.3,3.77,9.9,19.08,97,76,Bangkalan,-6.9046,112.9834
2022-01-04,29.2,23.5,26.2,1.2,1.2,4.11,8.4,20.24,95,67,Bangkalan,-6.9046,112.9834
2022-01-05,28.5,23.6,25.6,2.6,2.6,3.91,11.0,19.87,96,73,Bangkalan,-6.9046,112.9834
2022-01-06,29.1,23.2,26.0,4.9,4.9,4.4,13.0,22.4,98,72,Bangkalan,-6.9046,112.9834
2022-01-07,30.2,22.4,25.8,6.6,6.6,4.63,16.1,23.43,98,63,Bangkalan,-6.9046,112.9834
2022-01-08,28.9,22.5,26.1,1.7,1.7,4.77,10.4,24.05,97,69,Bangkalan,-6.9046,112.9834
2022-01-09,29.0,23.8,25.7,7.1,7.1,3.71,15.7,19.13,96,75,Bangkalan,-6.9046,112.9834
2022-01-10,29.1,23.4,26.1,9.2,9.2,4.37,16.5,22.9,97,75,Bangkalan,-6.9046,112.9834
2022-01-11,27.3,23.9,25.0,27.6,27.6,2.47,18.0,13.15,98,82,Bangkalan,-6.9046,112.9834
2022-01-12,26.4,23.6,24.8,26.7,26.7,1.85,22.9,9.8,98,86,Bangkalan,-6.9046,112.9834
2022-01-13,27.3,24.5,25.3,16.3,16.3,2.6,22.9,14.26,98,83,Bangkalan,-6.9046,112.9834
2022-01-14,28.4,24.3,26.1,9.8,9.8,3.3,26.3,16.2,95,77,Bangkalan,-6.9046,112.9834
2022-01-15,26.5,23.4,25.3,25.5,25.5,2.1,26.5,10.75,95,85,Bangkalan,-6.9046,112.9834
2022-01-16,28.0,23.5,25.1,26.5,26.5,3.03,21.1,16.58,98,79,Bangkalan,-6.9046,112.9834
2022-01-17,28.0,24.0,25.5,13.0,13.0,3.88,23.7,21.29,98,78,Bangkalan,-6.9046,112.9834
2022-01-18,27.1,23.5,24.6,21.1,21.1,2.21,22.3,11.74,98,82,Bangkalan,-6.9046,112.9834
2022-01-19,27.7,23.1,25.0,9.2,9.2,3.28,26.7,18.09,98,78,Bangkalan,-6.9046,112.9834
2022-01-20,27.6,23.0,24.6,17.8,17.8,2.67,20.2,14.58,97,77,Bangkalan,-6.9046,112.9834
2022-01-21,28.4,23.2,25.6,0.3,0.3,3.64,13.3,18.28,98,72,Bangkalan,-6.9046,112.9834
2022-01-22,28.9,24.2,26.0,8.0,8.0,3.98,24.3,21.89,95,76,Bangkalan,-6.9046,112.9834
2022-01-23,29.8,24.4,26.6,1.0,1.0,4.71,18.4,24.21,96,70,Bangkalan,-6.9046,112.9834
2022-01-24,29.3,24.6,27.2,1.2,1.2,4.7,26.4,23.28,95,71,Bangkalan,-6.9046,112.9834
2022-01-25,28.7,25.1,26.8,11.1,11.1,4.53,32.4,23.89,92,77,Bangkalan,-6.9046,112.9834
2022-01-26,28.8,24.4,26.6,8.1,8.1,4.32,31.8,21.5,92,73,Bangkalan,-6.9046,112.9834
2022-01-27,29.0,24.5,26.2,10.2,10.2,4.14,24.8,21.9,95,75,Bangkalan,-6.9046,112.9834
2022-01-28,29.2,24.4,26.5,3.4,3.4,3.91,18.8,19.22,94,72,Bangkalan,-6.9046,112.9834
2022-01-29,28.6,24.8,26.5,1.1,1.1,3.71,17.5,18.03,94,74,Bangkalan,-6.9046,112.9834
2022-01-30,30.1,24.0,26.4,5.5,5.5,4.2,13.0,20.88,98,71,Bangkalan,-6.9046,112.9834
2022-01-31,29.0,24.2,26.1,9.2,9.2,3.35,24.9,17.46,96,75,Bangkalan,-6.9046,112.9834
2022-02-01,28.8,23.6,25.9,19.8,19.8,3.5,18.4,18.52,98,76,Bangkalan,-6.9046,112.9834
2022-02-02,28.5,23.6,25.8,13.7,13.7,3.63,16.5,19.04,98,78,Bangkalan,-6.9046,112.9834
2022-02-03,29.7,22.9,26.4,5.5,5.5,4.74,16.2,23.8,97,73,Bangkalan,-6.9046,112.9834
2022-02-04,29.0,23.9,26.2,15.6,15.6,3.89,16.2,19.96,98,75,Bangkalan,-6.9046,112.9834
2022-02-05,28.1,24.2,25.9,12.7,12.7,3.49,24.6,18.85,97,76,Bangkalan,-6.9046,112.9834
2022-02-06,28.0,24.2,25.8,8.9,8.9,3.42,22.5,17.95,96,77,Bangkalan,-6.9046,112.9834
2022-02-07,26.5,23.9,25.4,22.9,22.9,2.55,23.1,13.68,97,84,Bangkalan,-6.9046,112.9834
2022-02-08,28.5,24.5,26.1,2.6,2.6,3.61,21.9,19.02,98,78,Bangkalan,-6.9046,112.9834
2022-02-09,28.4,24.3,25.7,16.0,16.0,3.51,18.1,18.62,98,77,Bangkalan,-6.9046,112.9834
2022-02-10,27.3,24.1,25.3,20.9,20.9,2.35,18.5,12.4,98,85,Bangkalan,-6.9046,112.9834
2022-02-11,27.9,24.1,25.5,12.5,12.5,1.9,16.2,8.99,98,79,Bangkalan,-6.9046,112.9834
2022-02-12,28.0,23.5,25.0,28.9,28.9,2.54,16.1,13.55,98,80,Bangkalan,-6.9046,112.9834
2022-02-13,27.5,23.6,25.4,7.1,7.1,2.81,10.4,14.34,99,82,Bangkalan,-6.9046,112.9834
2022-02-14,26.9,23.1,24.7,14.2,14.2,1.76,10.5,8.95,99,85,Bangkalan,-6.9046,112.9834
2022-02-15,27.8,23.1,25.2,43.0,43.0,3.17,13.8,16.62,98,83,Bangkalan,-6.9046,112.9834
2022-02-16,28.7,23.5,25.6,8.5,8.5,4.02,16.5,21.46,98,76,Bangkalan,-6.9046,112.9834
2022-02-17,27.5,22.7,25.2,22.8,22.8,3.15,20.4,17.0,99,80,Bangkalan,-6.9046,112.9834
2022-02-18,27.2,23.2,25.1,10.5,10.5,2.84,12.6,14.88,98,81,Bangkalan,-6.9046,112.9834
2022-02-19,29.4,23.4,26.3,0.3,0.3,5.0,12.7,25.6,98,74,Bangkalan,-6.9046,112.9834
2022-02-20,27.6,24.8,25.9,23.5,23.5,2.71,21.5,13.89,96,80,Bangkalan,-6.9046,112.9834
2022-02-21,29.1,24.0,25.9,5.5,5.5,2.51,15.6,12.0,98,73,Bangkalan,-6.9046,112.9834
2022-02-22,29.5,23.4,26.0,1.7,1.7,3.95,21.7,20.34,94,66,Bangkalan,-6.9046,112.9834
2022-02-23,30.1,23.1,25.9,16.4,16.4,4.83,15.2,24.67,99,63,Bangkalan,-6.9046,112.9834
2022-02-24,29.2,23.0,25.8,3.9,3.9,4.69,16.2,24.76,97,71,Bangkalan,-6.9046,112.9834
2022-02-25,27.9,23.9,25.8,1.7,1.7,4.18,20.9,22.99,94,77,Bangkalan,-6.9046,112.9834
2022-02-26,27.9,23.6,25.8,14.2,14.2,3.71,19.3,19.41,94,78,Bangkalan,-6.9046,112.9834
2022-02-27,27.9,24.0,25.9,10.1,10.1,3.59,20.8,18.43,95,79,Bangkalan,-6.9046,112.9834
2022-02-28,28.0,23.2,25.9,15.9,15.9,3.7,20.5,19.73,97,81,Bangkalan,-6.9046,112.9834
2022-03-01,27.6,23.9,25.5,17.8,17.8,3.19,27.5,17.44,97,77,Bangkalan,-6.9046,112.9834
2022-03-02,28.0,24.3,26.1,11.6,11.6,3.5,28.3,18.17,95,78,Bangkalan,-6.9046,112.9834
2022-03-03,27.6,25.1,26.2,12.6,12.6,3.4,25.1,17.19,94,79,Bangkalan,-6.9046,112.9834
2022-03-04,29.6,24.4,26.5,1.9,1.9,4.45,17.1,23.25,96,73,Bangkalan,-6.9046,112.9834
2022-03-05,29.9,23.8,26.1,25.8,25.8,4.15,8.9,20.72,98,68,Bangkalan,-6.9046,112.9834
2022-03-06,29.7,24.0,26.2,14.3,14.3,4.31,13.0,21.97,98,73,Bangkalan,-6.9046,112.9834
2022-03-07,27.9,23.4,25.4,34.0,34.0,3.48,15.4,18.55,99,82,Bangkalan,-6.9046,112.9834
2022-03-08,28.8,23.4,25.2,15.6,15.6,3.11,6.8,15.57,99,73,Bangkalan,-6.9046,112.9834
2022-03-09,27.8,23.2,25.0,53.1,53.1,3.03,11.5,15.87,98,85,Bangkalan,-6.9046,112.9834
2022-03-10,29.2,23.2,25.8,10.8,10.8,4.12,12.0,21.36,98,79,Bangkalan,-6.9046,112.9834
2022-03-11,29.0,22.7,26.0,3.2,3.2,4.63,16.2,24.25,99,75,Bangkalan,-6.9046,112.9834
2022-03-12,28.2,23.7,26.0,14.6,14.6,3.71,16.8,19.76,99,79,Bangkalan,-6.9046,112.9834
2022-03-13,29.5,23.4,26.4,13.5,13.5,4.2,10.5,21.29,99,73,Bangkalan,-6.9046,112.9834
2022-03-14,30.0,23.6,25.9,19.8,19.8,3.86,14.9,20.26,98,76,Bangkalan,-6.9046,112.9834
2022-03-15,29.6,23.0,25.7,30.0,30.0,3.78,14.0,19.67,99,75,Bangkalan,-6.9046,112.9834
2022-03-16,29.0,23.3,25.5,15.7,15.7,3.48,19.6,18.19,97,81,Bangkalan,-6.9046,112.9834
2022-03-17,30.0,24.0,26.9,2.7,2.7,4.61,10.4,23.49,96,75,Bangkalan,-6.9046,112.9834
2022-03-18,30.2,23.6,26.7,7.9,7.9,4.51,12.4,22.83,97,77,Bangkalan,-6.9046,112.9834
2022-03-19,29.5,24.2,26.0,8.1,8.1,3.86,14.3,19.93,98,74,Bangkalan,-6.9046,112.9834
2022-03-20,28.9,24.2,25.9,10.0,10.0,3.34,15.2,17.38,97,79,Bangkalan,-6.9046,112.9834
2022-03-21,29.0,23.6,26.1,11.3,11.3,4.12,15.8,21.18,98,78,Bangkalan,-6.9046,112.9834
2022-03-22,27.6,23.5,25.5,18.6,18.6,2.95,15.6,15.61,99,79,Bangkalan,-6.9046,112.9834
2022-03-23,28.9,24.6,26.6,1.9,1.9,3.97,17.2,20.44,97,76,Bangkalan,-6.9046,112.9834
2022-03-24,29.4,23.5,26.7,1.9,1.9,4.88,11.8,25.18,98,75,Bangkalan,-6.9046,112.9834
2022-03-25,29.4,23.5,26.7,5.1,5.1,4.66,11.5,23.89,97,75,Bangkalan,-6.9046,112.9834
2022-03-26,30.1,23.8,26.5,10.6,10.6,4.31,13.9,21.3,98,74,Bangkalan,-6.9046,112.9834
2022-03-27,28.8,23.4,25.5,26.0,26.0,3.01,12.3,15.04,98,80,Bangkalan,-6.9046,112.9834
2022-03-28,29.6,23.9,26.8,1.4,1.4,4.63,15.2,22.9,96,71,Bangkalan,-6.9046,112.9834
2022-03-29,29.6,23.2,26.7,0.4,0.4,4.01,11.5,19.66,98,70,Bangkalan,-6.9046,112.9834
2022-03-30,30.3,24.6,27.0,6.2,6.2,4.51,10.0,22.65,92,67,Bangkalan,-6.9046,112.9834
2022-03-31,30.3,23.1,25.7,15.9,15.9,4.12,11.5,21.34,98,72,Bangkalan,-6.9046,112.9834
2022-04-01,28.4,23.1,25.4,17.3,17.3,3.03,10.7,15.49,98,82,Bangkalan,-6.9046,112.9834
2022-04-02,29.4,23.4,25.8,11.0,11.0,3.6,9.5,18.51,96,75,Bangkalan,-6.9046,112.9834
2022-04-03,29.6,23.3,26.0,12.7,12.7,4.3,9.1,21.64,98,74,Bangkalan,-6.9046,112.9834
2022-04-04,29.2,23.0,25.7,12.4,12.4,3.86,12.6,20.05,98,78,Bangkalan,-6.9046,112.9834
2022-04-05,30.2,23.4,26.4,3.7,3.7,4.19,14.0,21.2,94,71,Bangkalan,-6.9046,112.9834
2022-04-06,30.0,23.8,26.5,14.2,14.2,4.25,9.8,21.77,98,74,Bangkalan,-6.9046,112.9834
2022-04-07,29.2,24.6,26.6,7.6,7.6,3.91,8.7,19.68,94,77,Bangkalan,-6.9046,112.9834
2022-04-08,30.3,23.6,26.8,4.1,4.1,4.4,12.1,22.21,97,71,Bangkalan,-6.9046,112.9834
2022-04-09,29.8,24.1,26.5,6.4,6.4,4.26,8.4,21.68,96,74,Bangkalan,-6.9046,112.9834
2022-04-10,30.0,22.9,26.6,4.4,4.4,4.44,14.4,22.26,98,67,Bangkalan,-6.9046,112.9834
2022-04-11,30.5,24.3,27.2,0.8,0.8,4.68,10.1,22.89,93,63,Bangkalan,-6.9046,112.9834
2022-04-12,30.0,23.8,26.8,2.0,2.0,4.53,8.0,22.57,91,66,Bangkalan,-6.9046,112.9834
2022-04-13,30.8,24.6,27.1,3.3,3.3,4.76,13.8,23.13,88,63,Bangkalan,-6.9046,112.9834
2022-04-14,31.2,23.1,27.3,0.7,0.7,4.94,14.9,23.56,92,56,Bangkalan,-6.9046,112.9834
2022-04-15,31.2,23.3,27.5,0.2,0.2,4.95,12.5,23.91,93,61,Bangkalan,-6.9046,112.9834
2022-04-16,30.9,24.0,27.5,0.6,0.6,4.56,11.5,22.41,96,64,Bangkalan,-6.9046,112.9834
2022-04-17,30.7,24.7,27.6,1.6,1.6,4.4,12.4,21.32,91,65,Bangkalan,-6.9046,112.9834
2022-04-18,29.2,24.7,26.4,9.4,9.4,3.08,13.0,15.47,95,77,Bangkalan,-6.9046,112.9834
2022-04-19,28.9,23.6,25.4,46.6,46.6,2.72,13.7,14.0,99,81,Bangkalan,-6.9046,112.9834
2022-04-20,28.8,23.5,25.1,27.7,27.7,2.64,9.4,13.23,99,79,Bangkalan,-6.9046,112.9834
2022-04-21,28.9,23.9,25.6,8.8,8.8,3.32,10.3,16.98,97,78,Bangkalan,-6.9046,112.9834
2022-04-22,30.0,24.2,26.7,8.0,8.0,3.92,13.8,19.78,96,74,Bangkalan,-6.9046,112.9834
2022-04-23,30.9,24.4,27.0,9.0,9.0,4.27,12.1,21.15,96,64,Bangkalan,-6.9046,112.9834
2022-04-24,29.9,24.2,26.3,16.6,16.6,3.31,12.0,16.78,98,76,Bangkalan,-6.9046,112.9834
2022-04-25,30.9,24.0,26.7,4.6,4.6,4.17,13.7,21.15,98,70,Bangkalan,-6.9046,112.9834
2022-04-26,28.0,23.9,25.7,4.7,4.7,3.34,11.5,17.82,96,80,Bangkalan,-6.9046,112.9834
2022-04-27,29.6,23.9,26.2,6.9,6.9,3.95,14.5,20.09,96,72,Bangkalan,-6.9046,112.9834
2022-04-28,29.5,23.4,26.3,10.2,10.2,3.79,10.6,19.38,98,75,Bangkalan,-6.9046,112.9834
2022-04-29,29.6,23.8,26.5,7.3,7.3,3.62,8.6,18.15,98,77,Bangkalan,-6.9046,112.9834
2022-04-30,29.2,24.3,26.2,17.3,17.3,3.51,16.6,18.26,97,79,Bangkalan,-6.9046,112.9834
2022-05-01,29.8,24.1,26.8,7.3,7.3,3.8,15.2,19.05,96,73,Bangkalan,-6.9046,112.9834
2022-05-02,31.6,25.2,28.0,1.1,1.1,4.65,15.5,21.36,93,61,Bangkalan,-6.9046,112.9834
2022-05-03,31.0,25.0,27.7,0.6,0.6,4.4,14.9,20.71,90,68,Bangkalan,-6.9046,112.9834
2022-05-04,31.0,25.0,27.1,2.0,2.0,4.1,11.7,20.04,94,65,Bangkalan,-6.9046,112.9834
2022-05-05,29.5,24.5,26.7,2.2,2.2,3.67,9.8,18.44,94,74,Bangkalan,-6.9046,112.9834
2022-05-06,30.3,24.5,26.9,14.2,14.2,3.6,11.6,18.24,96,73,Bangkalan,-6.9046,112.9834
2022-05-07,30.9,25.0,27.0,13.9,13.9,3.6,13.2,18.2,94,73,Bangkalan,-6.9046,112.9834
2022-05-08,28.4,24.4,26.2,32.3,32.3,2.62,12.9,13.31,96,82,Bangkalan,-6.9046,112.9834
2022-05-09,28.3,24.0,25.7,24.7,24.7,2.11,15.7,10.45,98,84,Bangkalan,-6.9046,112.9834
2022-05-10,28.5,24.1,25.7,1.5,1.5,2.55,15.3,12.86,96,77,Bangkalan,-6.9046,112.9834
2022-05-11,29.3,24.5,26.6,3.1,3.1,3.55,12.5,18.46,96,79,Bangkalan,-6.9046,112.9834
2022-05-12,29.1,24.5,26.6,13.3,13.3,3.31,9.0,16.92,96,79,Bangkalan,-6.9046,112.9834
2022-05-13,29.5,23.0,26.2,26.3,26.3,3.73,11.2,19.06,98,79,Bangkalan,-6.9046,112.9834
2022-05-14,29.0,24.4,26.2,9.1,9.1,3.19,11.3,16.49,98,81,Bangkalan,-6.9046,112.9834
2022-05-15,30.4,24.1,27.0,7.0,7.0,3.65,11.2,18.48,97,75,Bangkalan,-6.9046,112.9834
2022-05-16,30.6,24.2,27.0,1.4,1.4,3.94,14.3,19.74,95,67,Bangkalan,-6.9046,112.9834
2022-05-17,30.2,24.1,26.8,2.4,2.4,3.91,12.7,19.57,95,68,Bangkalan,-6.9046,112.9834
2022-05-18,29.0,24.4,26.0,16.8,16.8,2.84,17.2,14.64,97,76,Bangkalan,-6.9046,112.9834
2022-05-19,29.4,23.8,26.0,10.1,10.1,2.97,19.2,15.4,99,76,Bangkalan,-6.9046,112.9834
2022-05-20,27.5,24.2,25.4,18.8,18.8,2.03,13.1,10.4,99,85,Bangkalan,-6.9046,112.9834
2022-05-21,28.4,23.5,25.7,3.1,3.1,2.77,11.6,14.12,99,78,Bangkalan,-6.9046,112.9834
2022-05-22,30.0,24.4,26.9,1.6,1.6,3.78,15.2,18.08,92,69,Bangkalan,-6.9046,112.9834
2022-05-23,31.0,25.0,27.6,0.3,0.3,4.73,18.4,20.68,87,58,Bangkalan,-6.9046,112.9834
2022-05-24,30.2,25.1,27.4,2.7,2.7,4.03,18.6,19.11,94,71,Bangkalan,-6.9046,112.9834
2022-05-25,30.4,23.9,26.4,19.0,19.0,3.55,14.0,18.06,98,76,Bangkalan,-6.9046,112.9834
2022-05-26,26.4,23.6,24.7,31.4,31.4,1.37,19.6,6.48,99,83,Bangkalan,-6.9046,112.9834
2022-05-27,29.1,23.2,25.6,5.7,5.7,3.04,13.5,15.28,97,74,Bangkalan,-6.9046,112.9834
2022-05-28,29.5,23.5,26.4,0.0,0.0,4.12,10.6,20.64,97,67,Bangkalan,-6.9046,112.9834
2022-05-29,29.5,23.5,26.7,0.4,0.4,3.75,10.1,18.77,97,71,Bangkalan,-6.9046,112.9834
2022-05-30,30.0,24.5,27.0,0.5,0.5,4.1,10.1,20.48,91,69,Bangkalan,-6.9046,112.9834
2022-05-31,30.0,23.9,27.0,0.6,0.6,3.94,9.9,19.52,92,69,Bangkalan,-6.9046,112.9834
2022-06-01,29.0,24.2,25.6,14.3,14.3,2.54,13.4,13.26,95,79,Bangkalan,-6.9046,112.9834
2022-06-02,30.9,23.9,27.2,0.4,0.4,4.33,11.4,20.32,94,60,Bangkalan,-6.9046,112.9834
2022-06-03,29.9,23.8,26.9,8.1,8.1,3.89,12.7,19.11,97,72,Bangkalan,-6.9046,112.9834
2022-06-04,29.5,23.6,26.0,7.9,7.9,3.29,13.0,16.98,97,72,Bangkalan,-6.9046,112.9834
2022-06-05,28.9,22.8,25.4,26.1,26.1,2.93,13.0,14.96,98,75,Bangkalan,-6.9046,112.9834
2022-06-06,29.0,23.4,25.4,10.8,10.8,2.72,14.2,14.19,96,75,Bangkalan,-6.9046,112.9834
2022-06-07,30.3,23.2,26.7,4.1,4.1,3.97,13.4,19.59,99,69,Bangkalan,-6.9046,112.9834
2022-06-08,29.5,25.0,26.7,7.7,7.7,3.46,16.0,16.97,91,71,Bangkalan,-6.9046,112.9834
2022-06-09,29.6,24.1,26.5,8.4,8.4,3.34,13.7,16.68,94,67,Bangkalan,-6.9046,112.9834
2022-06-10,29.6,24.1,26.5,2.6,2.6,3.27,11.8,15.9,95,69,Bangkalan,-6.9046,112.9834
2022-06-11,30.1,24.2,26.6,6.0,6.0,3.35,12.9,17.05,96,72,Bangkalan,-6.9046,112.9834
2022-06-12,29.6,23.9,26.2,6.7,6.7,3.47,13.3,17.83,98,73,Bangkalan,-6.9046,112.9834
2022-06-13,28.6,23.7,25.2,10.1,10.1,2.61,15.1,13.45,97,77,Bangkalan,-6.9046,112.9834
2022-06-14,28.5,23.3,25.2,20.7,20.7,2.54,15.1,13.0,97,78,Bangkalan,-6.9046,112.9834
2022-06-15,28.8,24.4,26.1,7.2,7.2,3.21,20.3,17.04,92,73,Bangkalan,-6.9046,112.9834
2022-06-16,29.4,24.5,26.1,11.2,11.2,3.38,17.3,17.14,95,70,Bangkalan,-6.9046,112.9834
2022-06-17,28.0,23.4,25.2,18.3,18.3,2.65,10.4,13.76,96,82,Bangkalan,-6.9046,112.9834
2022-06-18,29.3,23.1,25.5,1.5,1.5,3.32,11.9,17.21,95,75,Bangkalan,-6.9046,112.9834
2022-06-19,28.7,22.8,25.4,6.1,6.1,3.39,13.7,17.92,97,74,Bangkalan,-6.9046,112.9834
2022-06-20,29.6,24.3,26.5,2.4,2.4,3.6,14.5,17.77,92,71,Bangkalan,-6.9046,112.9834
2022-06-21,29.7,23.4,26.6,0.8,0.8,4.2,15.5,19.49,94,64,Bangkalan,-6.9046,112.9834
2022-06-22,30.5,24.0,26.7,0.0,0.0,4.74,16.1,20.82,87,51,Bangkalan,-6.9046,112.9834
2022-06-23,29.1,23.5,26.0,2.9,2.9,3.56,15.7,17.32,95,70,Bangkalan,-6.9046,112.9834
2022-06-24,30.2,24.2,26.6,1.9,1.9,4.07,15.5,19.57,92,64,Bangkalan,-6.9046,112.9834
2022-06-25,29.2,24.2,26.3,8.9,8.9,3.5,18.2,17.1,89,69,Bangkalan,-6.9046,112.9834
2022-06-26,28.7,23.4,25.6,23.1,23.1,2.57,16.6,12.77,99,72,Bangkalan,-6.9046,112.9834
2022-06-27,29.1,22.9,25.8,7.9,7.9,3.59,18.1,17.42,97,70,Bangkalan,-6.9046,112.9834
2022-06-28,29.9,23.1,26.6,0.1,0.1,4.46,18.1,20.38,92,60,Bangkalan,-6.9046,112.9834
2022-06-29,30.4,23.9,26.9,0.0,0.0,5.03,17.2,20.78,93,48,Bangkalan,-6.9046,112.9834
2022-06-30,29.8,22.5,26.3,0.7,0.7,3.93,13.5,19.08,95,66,Bangkalan,-6.9046,112.9834
2022-07-01,30.2,25.0,27.3,0.3,0.3,4.19,16.1,17.35,84,60,Bangkalan,-6.9046,112.9834
2022-07-02,28.9,24.9,26.4,15.2,15.2,3.15,13.8,15.45,91,76,Bangkalan,-6.9046,112.9834
2022-07-03,29.7,24.2,26.5,4.5,4.5,3.33,14.2,16.65,94,70,Bangkalan,-6.9046,112.9834
2022-07-04,28.5,24.6,26.4,10.7,10.7,3.19,13.9,16.07,96,76,Bangkalan,-6.9046,112.9834
2022-07-05,29.1,23.9,26.0,5.4,5.4,3.3,12.5,17.02,97,77,Bangkalan,-6.9046,112.9834
2022-07-06,28.9,22.5,25.0,12.8,12.8,3.13,12.8,16.54,96,76,Bangkalan,-6.9046,112.9834
2022-07-07,29.8,22.1,26.1,0.4,0.4,4.39,17.3,20.19,95,61,Bangkalan,-6.9046,112.9834
2022-07-08,29.6,22.9,25.9,0.0,0.0,4.68,20.9,20.92,88,54,Bangkalan,-6.9046,112.9834
2022-07-09,30.0,23.0,26.0,0.0,0.0,4.61,14.4,20.39,83,54,Bangkalan,-6.9046,112.9834
2022-07-10,30.5,23.0,26.5,0.2,0.2,4.48,15.4,20.11,88,57,Bangkalan,-6.9046,112.9834
2022-07-11,30.6,23.5,26.8,0.2,0.2,4.17,18.9,19.21,91,60,Bangkalan,-6.9046,112.9834
2022-07-12,30.0,24.5,27.1,0.5,0.5,4.13,18.7,18.82,91,64,Bangkalan,-6.9046,112.9834
2022-07-13,29.5,24.5,26.3,2.4,2.4,3.48,16.4,16.98,91,69,Bangkalan,-6.9046,112.9834
2022-07-14,27.9,23.5,25.6,11.7,11.7,2.96,15.9,15.15,99,78,Bangkalan,-6.9046,112.9834
2022-07-15,30.0,24.4,26.9,1.0,1.0,4.37,18.9,20.03,88,65,Bangkalan,-6.9046,112.9834
2022-07-16,30.1,24.2,27.0,0.9,0.9,4.46,14.1,20.17,88,62,Bangkalan,-6.9046,112.9834
2022-07-17,28.0,23.6,25.2,13.3,13.3,1.99,16.0,9.13,97,75,Bangkalan,-6.9046,112.9834
2022-07-18,30.4,23.9,26.7,1.0,1.0,4.31,16.1,20.22,93,60,Bangkalan,-6.9046,112.9834
2022-07-19,31.0,23.7,26.7,0.4,0.4,4.53,14.6,20.35,92,55,Bangkalan,-6.9046,112.9834
2022-07-20,31.0,23.2,26.5,0.0,0.0,4.65,19.0,21.15,92,55,Bangkalan,-6.9046,112.9834
2022-07-21,30.3,24.4,27.1,0.6,0.6,4.64,19.3,19.57,84,58,Bangkalan,-6.9046,112.9834
2022-07-22,29.9,25.0,26.9,0.9,0.9,4.1,18.0,18.91,91,64,Bangkalan,-6.9046,112.9834
2022-07-23,29.9,23.8,26.7,0.8,0.8,4.52,20.7,20.36,91,61,Bangkalan,-6.9046,112.9834
2022-07-24,29.8,24.2,26.6,1.7,1.7,5.12,25.7,19.97,75,58,Bangkalan,-6.9046,112.9834
2022-07-25,29.6,22.4,25.8,0.0,0.0,5.5,24.2,22.28,82,47,Bangkalan,-6.9046,112.9834
2022-07-26,31.2,22.0,25.9,0.0,0.0,4.9,13.2,21.99,82,48,Bangkalan,-6.9046,112.9834
2022-07-27,30.6,22.9,26.9,0.7,0.7,4.68,13.4,20.87,90,57,Bangkalan,-6.9046,112.9834
2022-07-28,30.6,23.5,26.8,1.2,1.2,4.73,14.8,21.24,89,59,Bangkalan,-6.9046,112.9834
2022-07-29,31.1,23.4,26.7,0.2,0.2,4.72,18.1,21.05,87,54,Bangkalan,-6.9046,112.9834
2022-07-30,31.5,23.3,26.7,0.0,0.0,4.93,13.5,22.09,89,50,Bangkalan,-6.9046,112.9834
2022-07-31,30.1,23.5,26.4,0.1,0.1,4.64,15.5,21.38,88,56,Bangkalan,-6.9046,112.9834
2022-08-01,30.3,23.0,26.5,0.9,0.9,4.54,15.3,21.14,92,60,Bangkalan,-6.9046,112.9834
2022-08-02,29.1,24.0,25.8,10.2,10.2,3.08,17.4,15.13,95,70,Bangkalan,-6.9046,112.9834
2022-08-03,30.7,23.9,26.8,1.5,1.5,4.32,15.0,20.7,96,61,Bangkalan,-6.9046,112.9834
2022-08-04,31.3,24.2,27.2,0.0,0.0,5.13,18.7,21.86,87,52,Bangkalan,-6.9046,112.9834
2022-08-05,30.5,22.8,26.2,0.0,0.0,4.91,17.6,23.08,87,51,Bangkalan,-6.9046,112.9834
2022-08-06,30.2,22.5,26.2,0.3,0.3,4.41,10.1,21.95,92,53,Bangkalan,-6.9046,112.9834
2022-08-07,29.6,23.0,26.5,1.0,1.0,4.1,12.5,19.2,93,59,Bangkalan,-6.9046,112.9834
2022-08-08,31.2,24.2,27.1,0.3,0.3,4.86,15.6,21.93,88,55,Bangkalan,-6.9046,112.9834
2022-08-09,32.0,24.5,27.6,0.4,0.4,5.34,16.2,22.16,84,51,Bangkalan,-6.9046,112.9834
2022-08-10,31.5,24.2,27.4,2.9,2.9,4.71,16.7,20.67,87,59,Bangkalan,-6.9046,112.9834
2022-08-11,30.9,25.4,27.5,6.0,6.0,4.58,18.1,21.14,85,57,Bangkalan,-6.9046,112.9834
2022-08-12,30.0,25.1,26.8,5.2,5.2,3.82,17.1,18.22,94,68,Bangkalan,-6.9046,112.9834
2022-08-13,30.2,23.0,25.9,28.9,28.9,3.69,13.9,18.64,98,69,Bangkalan,-6.9046,112.9834
2022-08-14,29.5,22.8,25.1,28.0,28.0,3.24,17.2,17.14,98,71,Bangkalan,-6.9046,112.9834
2022-08-15,29.3,23.0,25.9,9.1,9.1,3.73,15.0,18.95,96,72,Bangkalan,-6.9046,112.9834
2022-08-16,29.5,23.2,26.2,3.0,3.0,4.24,14.8,20.86,95,69,Bangkalan,-6.9046,112.9834
2022-08-17,30.7,23.5,26.6,1.0,1.0,4.82,17.4,21.27,90,56,Bangkalan,-6.9046,112.9834
2022-08-18,31.4,23.6,27.1,0.0,0.0,5.09,19.0,21.18,89,49,Bangkalan,-6.9046,112.9834
2022-08-19,31.5,24.5,27.4,0.7,0.7,5.3,17.4,22.4,86,52,Bangkalan,-6.9046,112.9834
2022-08-20,31.5,24.6,27.3,0.0,0.0,5.84,21.5,22.62,79,50,Bangkalan,-6.9046,112.9834
2022-08-21,30.4,24.0,26.8,1.4,1.4,5.09,17.2,21.11,83,53,Bangkalan,-6.9046,112.9834
2022-08-22,31.1,23.6,26.8,0.2,0.2,5.13,14.8,22.5,83,51,Bangkalan,-6.9046,112.9834
2022-08-23,31.0,23.8,26.9,1.0,1.0,5.21,17.8,22.14,89,51,Bangkalan,-6.9046,112.9834
2022-08-24,31.8,23.5,26.9,0.0,0.0,5.82,17.3,23.36,83,40,Bangkalan,-6.9046,112.9834
2022-08-25,31.5,23.8,27.2,1.0,1.0,5.53,16.2,22.94,83,48,Bangkalan,-6.9046,112.9834
2022-08-26,31.0,24.2,27.2,3.9,3.9,4.94,16.3,21.7,85,55,Bangkalan,-6.9046,112.9834
2022-08-27,31.1,24.8,27.0,1.7,1.7,4.74,17.9,20.7,87,55,Bangkalan,-6.9046,112.9834
2022-08-28,31.0,23.5,27.1,0.9,0.9,5.26,19.5,22.12,87,52,Bangkalan,-6.9046,112.9834
2022-08-29,31.6,23.8,27.2,1.5,1.5,5.36,18.8,23.42,82,50,Bangkalan,-6.9046,112.9834
2022-08-30,31.5,24.2,27.4,1.5,1.5,5.07,17.7,22.69,89,52,Bangkalan,-6.9046,112.9834
2022-08-31,30.0,24.1,26.5,4.7,4.7,4.23,15.7,20.5,90,65,Bangkalan,-6.9046,112.9834
2022-09-01,31.9,24.1,27.5,0.8,0.8,5.06,16.0,22.91,92,53,Bangkalan,-6.9046,112.9834
2022-09-02,32.3,24.1,27.4,1.2,1.2,5.15,15.3,23.45,93,50,Bangkalan,-6.9046,112.9834
2022-09-03,32.0,23.6,27.4,0.2,0.2,4.95,9.3,23.79,96,49,Bangkalan,-6.9046,112.9834
2022-09-04,31.4,24.1,27.2,3.2,3.2,4.45,9.8,21.28,93,56,Bangkalan,-6.9046,112.9834
2022-09-05,30.6,23.8,27.2,1.4,1.4,4.32,13.2,19.67,96,57,Bangkalan,-6.9046,112.9834
2022-09-06,30.5,24.1,26.9,3.5,3.5,4.47,14.8,20.93,92,62,Bangkalan,-6.9046,112.9834
2022-09-07,30.6,24.5,26.9,4.2,4.2,4.39,15.9,20.26,91,64,Bangkalan,-6.9046,112.9834
2022-09-08,30.8,24.1,26.7,6.5,6.5,4.01,15.3,19.21,91,61,Bangkalan,-6.9046,112.9834
2022-09-09,28.9,23.8,25.5,11.8,11.8,2.61,15.2,13.26,98,74,Bangkalan,-6.9046,112.9834
2022-09-10,29.4,23.5,25.7,13.3,13.3,3.75,10.7,19.16,98,71,Bangkalan,-6.9046,112.9834
2022-09-11,29.8,22.6,26.1,3.9,3.9,4.26,12.5,21.19,97,64,Bangkalan,-6.9046,112.9834
2022-09-12,31.0,23.0,26.6,0.2,0.2,5.23,19.0,24.34,94,55,Bangkalan,-6.9046,112.9834
2022-09-13,32.3,23.5,27.1,0.2,0.2,5.28,13.5,24.56,91,45,Bangkalan,-6.9046,112.9834
2022-09-14,32.0,23.5,27.4,0.4,0.4,5.33,14.5,23.91,93,47,Bangkalan,-6.9046,112.9834
2022-09-15,31.5,24.2,27.4,2.3,2.3,5.13,12.4,23.58,88,52,Bangkalan,-6.9046,112.9834
2022-09-16,31.3,25.0,27.4,2.9,2.9,4.63,13.0,20.78,88,57,Bangkalan,-6.9046,112.9834
2022-09-17,32.0,24.2,27.7,0.0,0.0,5.75,15.5,25.13,86,41,Bangkalan,-6.9046,112.9834
2022-09-18,32.5,23.5,27.1,0.3,0.3,5.4,16.0,25.26,94,47,Bangkalan,-6.9046,112.9834
2022-09-19,31.8,23.8,27.7,0.8,0.8,5.58,16.4,24.74,92,50,Bangkalan,-6.9046,112.9834
2022-09-20,32.2,23.9,27.9,0.0,0.0,5.4,14.0,23.34,84,46,Bangkalan,-6.9046,112.9834
2022-09-21,30.4,25.1,27.0,7.0,7.0,3.97,13.5,18.65,88,64,Bangkalan,-6.9046,112.9834
2022-09-22,31.2,25.0,27.4,4.5,4.5,4.92,13.5,22.85,86,59,Bangkalan,-6.9046,112.9834
2022-09-23,31.5,25.3,27.7,0.8,0.8,5.19,13.5,24.33,87,59,Bangkalan,-6.9046,112.9834
2022-09-24,32.0,24.1,27.4,1.7,1.7,5.02,12.8,24.2,94,52,Bangkalan,-6.9046,112.9834
2022-09-25,33.0,24.2,28.1,0.4,0.4,5.66,19.0,24.03,94,47,Bangkalan,-6.9046,112.9834
2022-09-26,32.7,24.6,28.3,0.1,0.1,6.01,19.7,24.3,83,47,Bangkalan,-6.9046,112.9834
2022-09-27,33.2,24.2,28.0,0.0,0.0,5.86,15.2,24.94,81,44,Bangkalan,-6.9046,112.9834
2022-09-28,33.0,23.9,27.7,0.0,0.0,5.59,13.0,25.17,87,43,Bangkalan,-6.9046,112.9834
2022-09-29,32.5,24.0,27.9,1.4,1.4,5.53,16.3,24.82,89,50,Bangkalan,-6.9046,112.9834
2022-09-30,29.0,24.5,26.4,14.8,14.8,3.37,19.3,16.63,93,74,Bangkalan,-6.9046,112.9834
2022-10-01,30.1,24.8,26.9,7.5,7.5,3.87,13.3,18.8,93,69,Bangkalan,-6.9046,112.9834
2022-10-02,31.4,24.0,26.6,21.6,21.6,4.34,11.4,21.26,97,62,Bangkalan,-6.9046,112.9834
2022-10-03,29.1,23.2,25.6,29.5,29.5,3.16,9.5,15.88,98,73,Bangkalan,-6.9046,112.9834
2022-10-04,29.7,23.4,26.2,10.3,10.3,4.32,10.1,21.62,98,72,Bangkalan,-6.9046,112.9834
2022-10-05,29.3,24.5,25.9,14.4,14.4,3.19,12.9,15.91,96,75,Bangkalan,-6.9046,112.9834
2022-10-06,29.3,23.8,25.8,12.9,12.9,2.98,15.1,14.61,99,69,Bangkalan,-6.9046,112.9834
2022-10-07,29.9,23.5,26.1,10.8,10.8,3.99,10.9,20.26,95,71,Bangkalan,-6.9046,112.9834
2022-10-08,30.3,22.9,26.0,15.1,15.1,3.92,12.1,19.83,98,73,Bangkalan,-6.9046,112.9834
2022-10-09,29.5,23.8,25.9,10.3,10.3,4.24,12.6,21.78,97,75,Bangkalan,-6.9046,112.9834
2022-10-10,28.1,23.6,25.8,6.9,6.9,3.77,10.9,19.81,96,78,Bangkalan,-6.9046,112.9834
2022-10-11,28.5,24.6,26.1,12.7,12.7,3.51,10.7,18.06,94,78,Bangkalan,-6.9046,112.9834
2022-10-12,29.5,24.3,26.5,4.8,4.8,3.87,14.3,19.18,96,71,Bangkalan,-6.9046,112.9834
2022-10-13,30.0,23.8,26.4,20.2,20.2,4.6,13.2,22.9,97,73,Bangkalan,-6.9046,112.9834
2022-10-14,29.6,23.4,26.0,8.9,8.9,4.15,10.4,20.92,99,70,Bangkalan,-6.9046,112.9834
2022-10-15,30.0,22.2,25.3,18.1,18.1,4.24,13.5,21.85,98,70,Bangkalan,-6.9046,112.9834
2022-10-16,30.8,24.0,27.5,0.5,0.5,5.07,14.5,23.33,94,63,Bangkalan,-6.9046,112.9834
2022-10-17,30.0,25.0,27.0,12.0,12.0,4.01,13.7,18.67,96,73,Bangkalan,-6.9046,112.9834
2022-10-18,27.1,23.9,25.3,14.0,14.0,2.35,11.0,11.76,98,81,Bangkalan,-6.9046,112.9834
2022-10-19,28.1,23.9,25.3,28.9,28.9,2.73,8.3,13.73,98,78,Bangkalan,-6.9046,112.9834
2022-10-20,29.0,23.2,26.0,21.9,21.9,3.85,11.3,19.64,99,76,Bangkalan,-6.9046,112.9834
2022-10-21,28.1,23.3,25.2,17.2,17.2,2.79,14.1,14.53,98,81,Bangkalan,-6.9046,112.9834
2022-10-22,30.1,23.4,26.7,0.8,0.8,4.42,9.8,22.04,98,66,Bangkalan,-6.9046,112.9834
2022-10-23,30.4,24.3,26.8,3.6,3.6,4.45,12.2,22.07,95,68,Bangkalan,-6.9046,112.9834
2022-10-24,29.9,24.1,25.9,25.9,25.9,3.6,12.5,18.34,98,73,Bangkalan,-6.9046,112.9834
2022-10-25,29.7,23.9,25.8,25.4,25.4,3.89,10.2,20.11,99,70,Bangkalan,-6.9046,112.9834
2022-10-26,29.6,23.6,25.4,28.8,28.8,3.22,11.7,16.44,98,73,Bangkalan,-6.9046,112.9834
2022-10-27,29.2,23.4,26.1,5.7,5.7,3.56,15.6,17.44,98,70,Bangkalan,-6.9046,112.9834
2022-10-28,30.9,23.8,27.1,0.9,0.9,5.39,18.7,24.18,96,55,Bangkalan,-6.9046,112.9834
2022-10-29,29.5,23.2,26.3,2.6,2.6,4.75,14.3,22.78,90,63,Bangkalan,-6.9046,112.9834
2022-10-30,30.7,23.5,26.9,0.8,0.8,5.35,18.2,25.27,95,57,Bangkalan,-6.9046,112.9834
2022-10-31,29.6,22.9,26.8,0.7,0.7,5.14,15.3,24.63,93,64,Bangkalan,-6.9046,112.9834
2022-11-01,30.2,24.2,26.8,2.1,2.1,4.89,12.4,24.02,91,66,Bangkalan,-6.9046,112.9834
2022-11-02,30.5,24.0,26.8,6.9,6.9,4.54,11.2,22.62,98,69,Bangkalan,-6.9046,112.9834
2022-11-03,30.5,24.1,27.6,2.6,2.6,5.06,13.8,24.57,94,64,Bangkalan,-6.9046,112.9834
2022-11-04,30.5,24.1,26.4,15.9,15.9,4.2,11.4,21.25,96,70,Bangkalan,-6.9046,112.9834
2022-11-05,30.5,23.5,26.5,12.0,12.0,4.21,10.8,21.26,97,70,Bangkalan,-6.9046,112.9834
2022-11-06,29.3,23.1,25.6,23.2,23.2,3.24,11.9,16.38,98,76,Bangkalan,-6.9046,112.9834
2022-11-07,28.3,22.6,25.3,21.8,21.8,3.53,12.5,18.15,98,78,Bangkalan,-6.9046,112.9834
2022-11-08,29.5,23.3,26.2,5.8,5.8,4.68,12.4,23.37,99,66,Bangkalan,-6.9046,112.9834
2022-11-09,28.5,23.4,25.6,9.0,9.0,2.94,10.5,14.79,96,76,Bangkalan,-6.9046,112.9834
2022-11-10,29.9,24.0,26.0,14.4,14.4,4.07,12.6,20.59,98,74,Bangkalan,-6.9046,112.9834
2022-11-11,29.6,22.8,25.4,24.0,24.0,3.56,11.5,18.15,99,74,Bangkalan,-6.9046,112.9834
2022-11-12,28.6,23.5,25.7,15.9,15.9,3.05,11.6,15.42,98,78,Bangkalan,-6.9046,112.9834
2022-11-13,29.6,23.5,25.7,14.1,14.1,3.58,11.7,18.18,98,76,Bangkalan,-6.9046,112.9834
2022-11-14,29.0,23.8,25.8,14.4,14.4,2.77,14.9,13.81,99,79,Bangkalan,-6.9046,112.9834
2022-11-15,28.2,23.5,25.6,11.6,11.6,3.3,14.1,17.13,98,80,Bangkalan,-6.9046,112.9834
2022-11-16,26.8,23.7,25.2,32.6,32.6,1.89,16.6,9.94,98,85,Bangkalan,-6.9046,112.9834
2022-11-17,30.7,24.0,26.9,5.2,5.2,4.87,17.9,23.72,98,70,Bangkalan,-6.9046,112.9834
2022-11-18,30.0,24.2,26.4,19.1,19.1,3.39,11.8,16.32,98,73,Bangkalan,-6.9046,112.9834
2022-11-19,26.2,23.5,24.9,25.7,25.7,1.32,11.8,6.31,98,87,Bangkalan,-6.9046,112.9834
2022-11-20,28.6,23.7,26.0,2.3,2.3,4.28,19.8,22.86,97,73,Bangkalan,-6.9046,112.9834
2022-11-21,30.3,23.5,26.9,0.7,0.7,5.16,16.0,25.66,94,65,Bangkalan,-6.9046,112.9834
2022-11-22,30.0,24.2,27.0,4.6,4.6,3.92,11.6,18.95,96,71,Bangkalan,-6.9046,112.9834
2022-11-23,29.6,23.8,26.4,8.2,8.2,3.79,8.3,19.0,96,75,Bangkalan,-6.9046,112.9834
2022-11-24,29.6,23.6,25.4,21.7,21.7,3.01,9.1,14.96,98,76,Bangkalan,-6.9046,112.9834
2022-11-25,29.4,23.0,25.8,3.1,3.1,3.86,9.7,19.23,98,75,Bangkalan,-6.9046,112.9834
2022-11-26,27.5,23.0,25.1,20.6,20.6,2.97,14.4,15.6,98,80,Bangkalan,-6.9046,112.9834
2022-11-27,29.2,23.4,25.5,6.1,6.1,2.99,15.8,15.12,99,72,Bangkalan,-6.9046,112.9834
2022-11-28,29.0,23.4,25.3,24.4,24.4,3.02,10.2,14.9,98,80,Bangkalan,-6.9046,112.9834
2022-11-29,28.8,23.2,25.7,21.0,21.0,3.43,9.8,17.06,98,78,Bangkalan,-6.9046,112.9834
2022-11-30,29.2,23.5,25.6,17.8,17.8,3.54,10.7,17.82,98,78,Bangkalan,-6.9046,112.9834
2022-12-01,29.5,23.5,26.4,7.9,7.9,3.95,8.9,19.79,98,73,Bangkalan,-6.9046,112.9834
2022-12-02,28.5,23.9,25.8,10.2,10.2,3.42,10.5,17.43,97,76,Bangkalan,-6.9046,112.9834
2022-12-03,28.5,23.5,26.0,17.4,17.4,3.13,8.9,15.73,98,78,Bangkalan,-6.9046,112.9834
2022-12-04,29.4,23.8,26.0,7.2,7.2,3.77,10.7,18.96,99,75,Bangkalan,-6.9046,112.9834
2022-12-05,29.1,23.4,25.7,11.2,11.2,3.7,15.2,19.65,97,77,Bangkalan,-6.9046,112.9834
2022-12-06,30.0,23.7,26.6,0.7,0.7,4.77,11.6,23.78,97,69,Bangkalan,-6.9046,112.9834
2022-12-07,29.0,23.1,26.2,3.2,3.2,4.15,9.4,21.35,96,75,Bangkalan,-6.9046,112.9834
2022-12-08,30.5,23.4,26.9,2.2,2.2,4.83,12.5,23.73,96,64,Bangkalan,-6.9046,112.9834
2022-12-09,31.4,22.7,27.0,1.8,1.8,4.98,13.9,24.43,95,63,Bangkalan,-6.9046,112.9834
2022-12-10,30.0,24.3,27.2,1.0,1.0,4.92,12.3,24.41,94,66,Bangkalan,-6.9046,112.9834
2022-12-11,30.9,24.4,27.4,2.6,2.6,4.98,10.2,24.35,97,62,Bangkalan,-6.9046,112.9834
2022-12-12,30.0,24.1,27.0,5.1,5.1,4.7,8.7,23.64,99,73,Bangkalan,-6.9046,112.9834
2022-12-13,31.0,24.2,27.3,7.9,7.9,4.62,10.9,22.89,96,66,Bangkalan,-6.9046,112.9834
2022-12-14,29.1,23.7,26.2,14.9,14.9,4.06,11.2,20.67,98,75,Bangkalan,-6.9046,112.9834
2022-12-15,29.3,23.3,25.6,9.4,9.4,4.22,11.4,22.02,96,74,Bangkalan,-6.9046,112.9834
2022-12-16,29.1,23.7,25.3,37.3,37.3,2.87,12.6,14.0,98,75,Bangkalan,-6.9046,112.9834
2022-12-17,29.7,23.6,25.7,13.2,13.2,3.63,9.4,18.24,98,73,Bangkalan,-6.9046,112.9834
2022-12-18,29.9,22.9,26.5,1.2,1.2,4.62,13.6,23.05,97,66,Bangkalan,-6.9046,112.9834
2022-12-19,29.2,24.0,25.9,3.7,3.7,4.62,12.9,23.79,96,74,Bangkalan,-6.9046,112.9834
2022-12-20,30.8,23.3,26.5,9.2,9.2,4.93,12.2,24.39,96,62,Bangkalan,-6.9046,112.9834
2022-12-21,30.5,23.5,26.4,9.2,9.2,4.07,13.9,20.26,97,69,Bangkalan,-6.9046,112.9834
2022-12-22,28.4,25.0,26.3,18.9,18.9,3.22,21.8,15.25,93,75,Bangkalan,-6.9046,112.9834
2022-12-23,29.1,24.1,26.1,11.7,11.7,3.08,32.7,12.9,96,68,Bangkalan,-6.9046,112.9834
2022-12-24,28.5,24.0,25.8,3.8,3.8,2.73,22.7,11.89,96,71,Bangkalan,-6.9046,112.9834
2022-12-25,27.0,24.0,24.9,25.7,25.7,1.76,28.1,8.69,97,80,Bangkalan,-6.9046,112.9834
2022-12-26,26.8,23.5,24.9,17.6,17.6,2.18,27.4,10.71,97,81,Bangkalan,-6.9046,112.9834
2022-12-27,26.0,23.3,24.9,18.3,18.3,2.12,28.6,10.57,97,83,Bangkalan,-6.9046,112.9834
2022-12-28,28.9,24.0,26.2,11.5,11.5,4.46,29.7,21.73,95,69,Bangkalan,-6.9046,112.9834
2022-12-29,26.2,23.8,24.8,31.3,31.3,1.53,31.6,7.16,96,86,Bangkalan,-6.9046,112.9834
2022-12-30,25.5,23.5,24.6,32.8,32.8,1.34,29.4,5.46,96,87,Bangkalan,-6.9046,112.9834
2022-12-31,25.7,23.4,24.7,29.2,29.2,2.27,30.4,11.12,96,85,Bangkalan,-6.9046,112.9834
2023-01-01,27.0,23.2,25.0,19.0,19.0,3.15,31.5,16.76,97,80,Bangkalan,-6.9046,112.9834
2023-01-02,27.8,24.2,25.9,5.6,5.6,3.72,36.2,18.46,92,77,Bangkalan,-6.9046,112.9834
2023-01-03,27.9,24.5,26.2,5.5,5.5,4.5,34.0,22.68,90,77,Bangkalan,-6.9046,112.9834
2023-01-04,28.7,25.0,26.3,2.5,2.5,4.59,29.6,22.78,90,72,Bangkalan,-6.9046,112.9834
2023-01-05,29.5,24.9,26.8,3.3,3.3,4.74,23.8,22.46,88,67,Bangkalan,-6.9046,112.9834
2023-01-06,30.0,25.0,26.6,3.2,3.2,4.23,20.5,20.67,93,68,Bangkalan,-6.9046,112.9834
2023-01-07,30.8,24.3,26.7,14.4,14.4,4.94,14.0,24.58,97,61,Bangkalan,-6.9046,112.9834
2023-01-08,29.0,23.4,26.0,4.1,4.1,3.75,13.9,19.24,97,76,Bangkalan,-6.9046,112.9834
2023-01-09,29.0,22.1,25.3,8.9,8.9,4.39,13.3,22.63,97,71,Bangkalan,-6.9046,112.9834
2023-01-10,28.9,22.9,25.5,3.0,3.0,4.36,16.0,22.65,98,76,Bangkalan,-6.9046,112.9834
2023-01-11,30.5,23.3,26.6,2.4,2.4,4.97,13.6,24.78,97,61,Bangkalan,-6.9046,112.9834
2023-01-12,28.4,23.3,26.2,2.6,2.6,4.44,15.8,22.58,96,75,Bangkalan,-6.9046,112.9834
2023-01-13,29.6,23.3,26.4,2.3,2.3,5.08,14.8,25.15,94,64,Bangkalan,-6.9046,112.9834
2023-01-14,29.2,23.7,26.7,0.4,0.4,4.96,18.6,24.7,96,67,Bangkalan,-6.9046,112.9834
2023-01-15,28.5,24.6,26.6,5.1,5.1,4.41,20.2,22.67,93,75,Bangkalan,-6.9046,112.9834
2023-01-16,28.5,23.6,25.9,6.1,6.1,3.41,22.3,17.69,98,79,Bangkalan,-6.9046,112.9834
2023-01-17,28.2,24.4,26.0,8.8,8.8,3.23,24.4,16.45,96,77,Bangkalan,-6.9046,112.9834
2023-01-18,29.0,24.0,25.7,14.3,14.3,3.67,16.9,19.21,95,75,Bangkalan,-6.9046,112.9834
2023-01-19,27.5,23.6,25.3,6.5,6.5,3.21,17.3,17.22,98,81,Bangkalan,-6.9046,112.9834
2023-01-20,28.4,23.4,25.7,5.4,5.4,3.57,13.8,18.46,98,73,Bangkalan,-6.9046,112.9834
2023-01-21,29.2,23.5,25.8,19.6,19.6,4.43,9.3,22.54,98,73,Bangkalan,-6.9046,112.9834
2023-01-22,29.4,23.1,25.7,18.4,18.4,4.29,11.8,22.18,99,74,Bangkalan,-6.9046,112.9834
2023-01-23,28.8,23.6,26.2,1.1,1.1,4.59,12.0,23.9,98,76,Bangkalan,-6.9046,112.9834
2023-01-24,29.4,23.8,26.1,6.5,6.5,4.31,12.1,22.25,97,72,Bangkalan,-6.9046,112.9834
2023-01-25,27.7,23.5,25.3,9.2,9.2,3.52,15.3,19.02,97,81,Bangkalan,-6.9046,112.9834
2023-01-26,29.0,23.9,25.2,22.6,22.6,2.84,16.6,14.7,97,76,Bangkalan,-6.9046,112.9834
2023-01-27,28.0,24.3,25.4,15.0,15.0,2.34,19.9,11.85,96,74,Bangkalan,-6.9046,112.9834
2023-01-28,27.5,24.4,25.2,14.4,14.4,2.28,21.4,12.08,97,79,Bangkalan,-6.9046,112.9834
2023-01-29,29.2,24.4,26.0,14.5,14.5,3.85,18.2,20.08,96,74,Bangkalan,-6.9046,112.9834
2023-01-30,28.9,24.5,26.2,7.2,7.2,3.19,20.2,15.82,91,76,Bangkalan,-6.9046,112.9834
2023-01-31,30.2,24.8,26.7,3.9,3.9,4.04,19.9,20.25,97,69,Bangkalan,-6.9046,112.9834
2023-02-01,28.8,24.5,25.8,21.3,21.3,3.14,18.7,15.95,96,74,Bangkalan,-6.9046,112.9834
2023-02-02,27.6,24.0,25.4,8.3,8.3,2.03,22.7,9.33,96,76,Bangkalan,-6.9046,112.9834
2023-02-03,28.1,24.0,25.8,7.4,7.4,2.97,22.0,14.81,97,75,Bangkalan,-6.9046,112.9834
2023-02-04,28.0,25.2,26.4,1.9,1.9,3.6,24.6,17.52,94,72,Bangkalan,-6.9046,112.9834
2023-02-05,27.1,23.9,25.7,19.2,19.2,2.79,19.5,14.08,97,81,Bangkalan,-6.9046,112.9834
2023-02-06,28.9,25.1,26.5,1.0,1.0,4.2,18.6,21.12,91,72,Bangkalan,-6.9046,112.9834
2023-02-07,28.4,24.4,25.8,16.1,16.1,2.9,27.3,14.39,97,69,Bangkalan,-6.9046,112.9834
2023-02-08,27.5,23.5,25.6,20.6,20.6,2.68,21.0,13.4,98,80,Bangkalan,-6.9046,112.9834
2023-02-09,28.1,24.1,25.8,13.6,13.6,4.0,22.4,21.45,97,73,Bangkalan,-6.9046,112.9834
2023-02-10,28.7,24.0,26.4,8.6,8.6,3.79,23.3,18.4,96,73,Bangkalan,-6.9046,112.9834
2023-02-11,28.1,24.0,25.6,11.6,11.6,3.29,23.3,17.86,97,80,Bangkalan,-6.9046,112.9834
2023-02-12,28.2,24.1,25.8,2.2,2.2,2.89,23.9,14.34,96,73,Bangkalan,-6.9046,112.9834
2023-02-13,28.8,23.5,25.6,7.5,7.5,3.86,17.4,20.69,97,74,Bangkalan,-6.9046,112.9834
2023-02-14,28.5,24.1,26.0,4.5,4.5,4.45,22.4,24.04,96,73,Bangkalan,-6.9046,112.9834
2023-02-15,27.5,23.5,25.3,14.6,14.6,3.46,21.7,18.7,96,80,Bangkalan,-6.9046,112.9834
2023-02-16,27.6,23.6,25.3,7.1,7.1,3.12,22.8,16.6,97,78,Bangkalan,-6.9046,112.9834
2023-02-17,28.0,24.0,25.9,3.9,3.9,4.09,25.9,22.18,95,78,Bangkalan,-6.9046,112.9834
2023-02-18,28.1,23.4,25.7,10.4,10.4,3.75,22.7,20.28,98,80,Bangkalan,-6.9046,112.9834
2023-02-19,28.9,23.7,26.1,7.7,7.7,4.52,22.9,24.77,96,71,Bangkalan,-6.9046,112.9834
2023-02-20,29.0,24.2,26.1,11.5,11.5,4.51,21.6,24.07,98,72,Bangkalan,-6.9046,112.9834
2023-02-21,28.4,23.4,25.7,11.0,11.0,3.52,21.1,18.28,98,77,Bangkalan,-6.9046,112.9834
2023-02-22,28.0,23.4,25.6,18.1,18.1,3.72,29.5,20.8,98,78,Bangkalan,-6.9046,112.9834
2023-02-23,28.1,24.2,26.1,12.2,12.2,3.43,30.6,16.5,96,75,Bangkalan,-6.9046,112.9834
2023-02-24,28.0,24.8,26.5,8.2,8.2,3.79,30.4,19.13,93,77,Bangkalan,-6.9046,112.9834
2023-02-25,28.4,25.1,26.8,6.6,6.6,4.57,29.7,22.71,90,73,Bangkalan,-6.9046,112.9834
2023-02-26,27.6,24.2,25.7,16.3,16.3,3.3,33.4,16.24,97,77,Bangkalan,-6.9046,112.9834
2023-02-27,27.4,24.2,25.4,21.1,21.1,2.99,31.0,15.87,95,77,Bangkalan,-6.9046,112.9834
2023-02-28,28.5,23.9,25.3,18.0,18.0,3.38,28.6,18.31,97,78,Bangkalan,-6.9046,112.9834
2023-03-01,28.6,23.3,25.4,31.7,31.7,4.05,19.3,21.79,98,74,Bangkalan,-6.9046,112.9834
2023-03-02,25.2,23.1,24.0,111.5,111.5,1.65,24.7,9.23,98,87,Bangkalan,-6.9046,112.9834
2023-03-03,28.5,23.6,26.0,2.5,2.5,4.56,18.8,23.95,96,72,Bangkalan,-6.9046,112.9834
2023-03-04,29.5,23.2,25.9,1.8,1.8,4.91,15.8,25.52,96,70,Bangkalan,-6.9046,112.9834
2023-03-05,29.0,23.1,25.9,12.8,12.8,4.4,17.9,22.8,98,73,Bangkalan,-6.9046,112.9834
2023-03-06,29.1,24.2,26.0,4.9,4.9,3.64,14.8,18.45,96,72,Bangkalan,-6.9046,112.9834
2023-03-07,29.2,23.6,26.1,2.7,2.7,4.84,12.0,24.85,98,69,Bangkalan,-6.9046,112.9834
2023-03-08,29.1,23.6,25.3,8.6,8.6,4.21,12.8,21.75,96,74,Bangkalan,-6.9046,112.9834
2023-03-09,29.5,23.0,26.0,3.9,3.9,4.46,9.3,22.91,97,72,Bangkalan,-6.9046,112.9834
2023-03-10,30.0,23.5,26.3,4.3,4.3,4.62,10.5,23.76,99,72,Bangkalan,-6.9046,112.9834
2023-03-11,29.5,23.5,26.7,5.0,5.0,4.65,11.2,23.57,98,75,Bangkalan,-6.9046,112.9834
2023-03-12,29.0,23.4,26.4,2.2,2.2,4.75,13.0,24.81,98,75,Bangkalan,-6.9046,112.9834
2023-03-13,29.4,23.0,25.2,15.5,15.5,3.79,18.1,19.93,96,73,Bangkalan,-6.9046,112.9834
2023-03-14,27.9,21.4,24.3,30.9,30.9,3.32,15.1,17.72,99,79,Bangkalan,-6.9046,112.9834
2023-03-15,29.4,22.3,26.0,5.8,5.8,4.64,10.5,23.82,98,72,Bangkalan,-6.9046,112.9834
2023-03-16,29.9,24.4,26.8,7.0,7.0,4.58,10.7,23.09,89,68,Bangkalan,-6.9046,112.9834
2023-03-17,29.5,23.6,26.3,7.9,7.9,4.26,10.4,21.88,95,74,Bangkalan,-6.9046,112.9834
2023-03-18,29.9,23.5,26.3,5.4,5.4,4.29,14.1,22.27,97,70,Bangkalan,-6.9046,112.9834
2023-03-19,30.1,24.3,26.8,1.4,1.4,4.52,13.2,22.89,96,69,Bangkalan,-6.9046,112.9834
2023-03-20,30.5,23.3,26.1,17.0,17.0,4.34,10.3,22.15,98,71,Bangkalan,-6.9046,112.9834
2023-03-21,29.2,22.2,26.0,5.4,5.4,4.75,12.2,24.62,99,72,Bangkalan,-6.9046,112.9834
2023-03-22,29.8,22.6,26.3,8.9,8.9,4.73,10.9,24.02,97,69,Bangkalan,-6.9046,112.9834
2023-03-23,30.4,23.1,26.9,9.6,9.6,4.85,8.0,24.31,98,69,Bangkalan,-6.9046,112.9834
2023-03-24,30.3,24.5,26.7,4.6,4.6,4.25,11.2,21.14,97,71,Bangkalan,-6.9046,112.9834
2023-03-25,29.3,23.5,26.2,5.6,5.6,4.48,9.8,23.03,98,75,Bangkalan,-6.9046,112.9834
2023-03-26,27.8,23.9,25.8,5.6,5.6,3.28,13.1,17.25,98,80,Bangkalan,-6.9046,112.9834
2023-03-27,28.4,23.1,25.7,25.2,25.2,3.5,19.5,18.19,98,74,Bangkalan,-6.9046,112.9834
2023-03-28,27.6,24.1,25.9,8.3,8.3,3.15,18.4,16.8,95,81,Bangkalan,-6.9046,112.9834
2023-03-29,28.7,24.4,26.5,5.0,5.0,3.42,8.2,16.98,97,76,Bangkalan,-6.9046,112.9834
2023-03-30,29.9,23.7,26.1,8.1,8.1,3.81,12.0,19.13,97,72,Bangkalan,-6.9046,112.9834
2023-03-31,28.2,22.8,25.1,32.8,32.8,3.52,13.5,18.68,98,75,Bangkalan,-6.9046,112.9834
2023-04-01,28.5,23.6,25.4,4.0,4.0,3.15,13.2,15.45,98,73,Bangkalan,-6.9046,112.9834
2023-04-02,29.2,23.3,25.9,1.9,1.9,3.77,9.2,19.11,97,73,Bangkalan,-6.9046,112.9834
2023-04-03,28.2,23.5,25.4,22.2,22.2,3.55,16.3,17.83,99,84,Bangkalan,-6.9046,112.9834
2023-04-04,28.9,22.9,25.7,1.4,1.4,3.68,10.2,18.27,99,74,Bangkalan,-6.9046,112.9834
2023-04-05,29.1,23.9,26.2,3.7,3.7,3.91,9.8,19.8,95,74,Bangkalan,-6.9046,112.9834
2023-04-06,28.5,23.6,25.7,6.9,6.9,3.94,9.4,20.31,97,76,Bangkalan,-6.9046,112.9834
2023-04-07,29.2,23.1,25.8,6.6,6.6,3.4,11.3,17.24,97,74,Bangkalan,-6.9046,112.9834
2023-04-08,29.8,23.5,26.2,6.9,6.9,4.19,13.9,20.72,98,70,Bangkalan,-6.9046,112.9834
2023-04-09,29.3,23.8,26.0,18.0,18.0,4.29,17.4,22.47,98,69,Bangkalan,-6.9046,112.9834
2023-04-10,29.9,24.1,26.1,7.9,7.9,4.29,20.6,22.42,97,68,Bangkalan,-6.9046,112.9834
2023-04-11,29.9,24.3,26.7,4.0,4.0,4.5,16.8,23.14,97,70,Bangkalan,-6.9046,112.9834
2023-04-12,29.6,24.2,26.6,4.7,4.7,4.26,13.9,21.66,96,72,Bangkalan,-6.9046,112.9834
2023-04-13,29.4,23.9,25.9,12.7,12.7,3.16,11.8,15.64,99,72,Bangkalan,-6.9046,112.9834
2023-04-14,30.0,24.0,26.4,6.2,6.2,3.58,12.3,17.39,96,72,Bangkalan,-6.9046,112.9834
2023-04-15,30.0,23.8,26.3,23.7,23.7,3.89,9.4,19.71,99,73,Bangkalan,-6.9046,112.9834
2023-04-16,30.2,23.4,26.4,11.7,11.7,4.18,12.8,21.1,100,69,Bangkalan,-6.9046,112.9834
2023-04-17,28.9,23.5,26.0,7.9,7.9,3.15,10.2,15.92,97,79,Bangkalan,-6.9046,112.9834
2023-04-18,29.8,23.8,26.2,15.9,15.9,3.54,12.9,18.34,95,77,Bangkalan,-6.9046,112.9834
2023-04-19,30.8,24.6,27.4,2.7,2.7,4.63,11.0,22.79,94,64,Bangkalan,-6.9046,112.9834
2023-04-20,30.0,24.6,26.7,2.7,2.7,4.18,11.6,20.94,95,74,Bangkalan,-6.9046,112.9834
2023-04-21,29.1,24.4,26.3,12.8,12.8,3.64,12.3,18.92,96,78,Bangkalan,-6.9046,112.9834
2023-04-22,29.9,24.5,26.6,9.7,9.7,3.78,15.8,19.15,94,75,Bangkalan,-6.9046,112.9834
2023-04-23,30.6,24.9,27.4,5.9,5.9,4.57,15.3,22.06,90,65,Bangkalan,-6.9046,112.9834
2023-04-24,31.0,24.9,27.5,1.2,1.2,4.66,14.2,22.49,92,63,Bangkalan,-6.9046,112.9834
2023-04-25,30.5,23.7,27.2,2.2,2.2,4.41,14.3,21.39,96,65,Bangkalan,-6.9046,112.9834
2023-04-26,29.4,24.6,26.5,7.4,7.4,3.58,13.5,18.34,93,76,Bangkalan,-6.9046,112.9834
2023-04-27,30.8,24.2,26.8,9.1,9.1,4.0,13.0,20.33,97,72,Bangkalan,-6.9046,112.9834
2023-04-28,28.5,23.9,26.2,21.0,21.0,2.8,10.5,14.28,97,81,Bangkalan,-6.9046,112.9834
2023-04-29,27.0,23.0,25.0,22.1,22.1,1.92,11.9,9.76,99,85,Bangkalan,-6.9046,112.9834
2023-04-30,29.8,23.6,26.1,12.6,12.6,3.83,12.6,19.72,97,73,Bangkalan,-6.9046,112.9834
2023-05-01,29.8,24.4,26.7,4.6,4.6,3.82,14.6,19.53,98,75,Bangkalan,-6.9046,112.9834
2023-05-02,28.9,24.4,26.4,13.4,13.4,3.12,13.5,15.98,96,76,Bangkalan,-6.9046,112.9834
2023-05-03,29.8,24.6,26.1,31.1,31.1,2.92,13.7,15.31,99,79,Bangkalan,-6.9046,112.9834
2023-05-04,30.8,24.4,27.2,1.7,1.7,4.17,14.1,20.7,96,64,Bangkalan,-6.9046,112.9834
2023-05-05,30.9,24.8,27.2,3.9,3.9,4.4,12.6,21.73,95,65,Bangkalan,-6.9046,112.9834
2023-05-06,30.1,24.6,26.6,8.9,8.9,3.75,14.6,19.74,95,76,Bangkalan,-6.9046,112.9834
2023-05-07,31.0,25.3,27.7,2.4,2.4,4.4,14.0,20.72,93,64,Bangkalan,-6.9046,112.9834
2023-05-08,31.3,24.1,27.5,0.1,0.1,4.35,12.7,20.79,93,60,Bangkalan,-6.9046,112.9834
2023-05-09,29.8,24.1,26.3,26.5,26.5,2.71,10.1,13.52,96,77,Bangkalan,-6.9046,112.9834
2023-05-10,28.6,25.0,26.5,3.2,3.2,2.29,20.2,10.65,94,80,Bangkalan,-6.9046,112.9834
2023-05-11,29.8,24.5,26.4,31.8,31.8,2.72,16.4,13.54,97,77,Bangkalan,-6.9046,112.9834
2023-05-12,30.2,25.5,27.5,8.5,8.5,3.7,17.5,18.23,95,76,Bangkalan,-6.9046,112.9834
2023-05-13,30.3,25.1,27.3,0.9,0.9,4.76,23.6,21.12,93,62,Bangkalan,-6.9046,112.9834
2023-05-14,29.9,24.3,26.9,0.0,0.0,5.06,19.7,22.58,81,64,Bangkalan,-6.9046,112.9834
2023-05-15,29.9,24.5,26.6,0.0,0.0,4.85,20.2,21.9,84,62,Bangkalan,-6.9046,112.9834
2023-05-16,30.0,23.6,26.8,0.1,0.1,4.83,17.1,21.84,85,61,Bangkalan,-6.9046,112.9834
2023-05-17,30.4,24.1,26.8,0.0,0.0,4.69,13.5,21.72,83,57,Bangkalan,-6.9046,112.9834
2023-05-18,29.9,23.9,26.7,0.9,0.9,4.33,14.3,20.44,88,63,Bangkalan,-6.9046,112.9834
2023-05-19,30.0,24.4,26.6,1.0,1.0,3.99,11.6,19.02,88,66,Bangkalan,-6.9046,112.9834
2023-05-20,30.6,24.6,27.1,1.0,1.0,4.48,13.9,20.57,87,59,Bangkalan,-6.9046,112.9834
2023-05-21,30.8,24.6,27.1,0.4,0.4,4.73,16.3,21.36,86,57,Bangkalan,-6.9046,112.9834
2023-05-22,30.3,23.7,26.6,0.3,0.3,4.47,15.4,20.92,91,56,Bangkalan,-6.9046,112.9834
2023-05-23,29.2,23.7,26.5,1.4,1.4,4.33,14.3,20.87,87,64,Bangkalan,-6.9046,112.9834
2023-05-24,30.5,24.2,26.9,1.8,1.8,4.36,12.2,20.27,86,59,Bangkalan,-6.9046,112.9834
2023-05-25,30.5,24.2,27.0,0.5,0.5,4.64,16.1,21.02,92,59,Bangkalan,-6.9046,112.9834
2023-05-26,31.2,24.2,27.2,0.0,0.0,4.62,14.1,20.71,90,56,Bangkalan,-6.9046,112.9834
2023-05-27,30.4,24.3,26.9,0.6,0.6,4.71,20.2,21.01,89,61,Bangkalan,-6.9046,112.9834
2023-05-28,30.8,24.6,27.0,0.0,0.0,4.77,20.2,19.61,77,57,Bangkalan,-6.9046,112.9834
2023-05-29,29.9,23.7,26.6,0.8,0.8,4.52,13.8,20.53,86,61,Bangkalan,-6.9046,112.9834
2023-05-30,31.2,23.6,26.9,0.1,0.1,4.73,16.3,21.31,87,52,Bangkalan,-6.9046,112.9834
2023-05-31,30.5,24.0,27.1,1.3,1.3,4.32,13.6,19.54,90,59,Bangkalan,-6.9046,112.9834
2023-06-01,31.8,24.4,27.4,1.1,1.1,4.48,15.1,20.23,91,53,Bangkalan,-6.9046,112.9834
2023-06-02,31.5,23.9,27.6,0.8,0.8,4.57,14.6,20.25,94,56,Bangkalan,-6.9046,112.9834
2023-06-03,31.0,25.2,27.6,1.3,1.3,4.39,14.8,20.17,91,60,Bangkalan,-6.9046,112.9834
2023-06-04,31.0,24.4,27.4,1.8,1.8,4.29,12.4,19.79,92,61,Bangkalan,-6.9046,112.9834
2023-06-05,31.0,24.8,27.1,5.5,5.5,3.79,10.2,17.83,89,63,Bangkalan,-6.9046,112.9834
2023-06-06,31.4,24.6,27.5,1.7,1.7,4.28,12.8,19.48,89,61,Bangkalan,-6.9046,112.9834
2023-06-07,30.7,24.5,27.0,1.3,1.3,3.76,14.5,17.16,90,64,Bangkalan,-6.9046,112.9834
2023-06-08,31.1,24.5,27.2,1.2,1.2,4.25,15.2,19.29,91,57,Bangkalan,-6.9046,112.9834
2023-06-09,31.5,24.6,27.3,0.0,0.0,4.52,16.4,20.57,90,53,Bangkalan,-6.9046,112.9834
2023-06-10,31.5,24.4,27.1,1.4,1.4,4.37,16.3,20.14,93,56,Bangkalan,-6.9046,112.9834
2023-06-11,31.1,24.5,27.4,1.1,1.1,4.37,15.4,18.92,91,60,Bangkalan,-6.9046,112.9834
2023-06-12,31.4,25.0,27.8,0.3,0.3,4.38,15.5,19.27,89,62,Bangkalan,-6.9046,112.9834
2023-06-13,31.3,25.1,27.6,0.8,0.8,4.51,15.7,19.24,88,58,Bangkalan,-6.9046,112.9834
2023-06-14,31.5,24.5,27.1,0.2,0.2,4.54,15.6,19.81,86,51,Bangkalan,-6.9046,112.9834
2023-06-15,30.6,24.1,26.9,0.2,0.2,4.13,16.8,18.22,91,57,Bangkalan,-6.9046,112.9834
2023-06-16,31.1,24.1,26.8,0.9,0.9,4.16,16.8,19.5,93,54,Bangkalan,-6.9046,112.9834
2023-06-17,31.5,23.7,26.9,0.0,0.0,4.35,23.3,20.02,91,54,Bangkalan,-6.9046,112.9834
2023-06-18,30.1,23.1,26.5,0.0,0.0,4.63,21.4,20.88,92,55,Bangkalan,-6.9046,112.9834
2023-06-19,31.0,23.6,27.2,0.1,0.1,4.4,15.3,20.23,86,57,Bangkalan,-6.9046,112.9834
2023-06-20,30.5,22.8,26.8,1.7,1.7,4.0,11.1,18.67,96,60,Bangkalan,-6.9046,112.9834
2023-06-21,31.8,24.9,27.8,0.2,0.2,4.66,17.6,19.83,86,53,Bangkalan,-6.9046,112.9834
2023-06-22,31.8,25.0,27.9,0.1,0.1,4.73,15.1,19.92,86,51,Bangkalan,-6.9046,112.9834
2023-06-23,31.2,24.5,27.3,0.1,0.1,4.48,14.5,20.21,87,53,Bangkalan,-6.9046,112.9834
2023-06-24,31.4,23.3,26.9,0.0,0.0,4.58,15.0,20.84,92,51,Bangkalan,-6.9046,112.9834
2023-06-25,30.9,23.3,27.0,0.5,0.5,4.27,11.8,19.45,92,54,Bangkalan,-6.9046,112.9834
2023-06-26,30.7,23.9,26.9,1.6,1.6,4.07,14.6,19.45,90,55,Bangkalan,-6.9046,112.9834
2023-06-27,30.9,23.4,27.4,1.1,1.1,4.57,17.1,19.68,93,54,Bangkalan,-6.9046,112.9834
2023-06-28,30.9,23.5,27.2,0.9,0.9,4.21,16.3,19.2,93,58,Bangkalan,-6.9046,112.9834
2023-06-29,31.9,23.4,27.6,0.6,0.6,4.32,14.3,19.47,97,57,Bangkalan,-6.9046,112.9834
2023-06-30,31.4,23.8,27.6,0.7,0.7,4.35,15.9,19.74,96,56,Bangkalan,-6.9046,112.9834
2023-07-01,30.6,24.2,27.5,1.7,1.7,4.42,21.3,18.44,91,61,Bangkalan,-6.9046,112.9834
2023-07-02,31.3,24.1,26.4,7.9,7.9,3.57,17.9,17.03,98,60,Bangkalan,-6.9046,112.9834
2023-07-03,30.8,23.1,26.5,4.6,4.6,3.93,12.6,19.31,98,59,Bangkalan,-6.9046,112.9834
2023-07-04,29.6,23.6,26.5,7.2,7.2,3.75,7.6,18.71,97,66,Bangkalan,-6.9046,112.9834
2023-07-05,31.4,23.5,27.1,2.9,2.9,4.1,12.8,19.53,97,61,Bangkalan,-6.9046,112.9834
2023-07-06,31.0,23.7,27.3,1.6,1.6,4.02,11.7,18.79,97,63,Bangkalan,-6.9046,112.9834
2023-07-07,29.2,24.4,26.3,14.7,14.7,3.12,14.2,15.82,94,71,Bangkalan,-6.9046,112.9834
2023-07-08,26.2,23.9,25.4,11.4,11.4,1.49,15.0,6.7,96,85,Bangkalan,-6.9046,112.9834
2023-07-09,30.0,24.0,26.8,0.7,0.7,4.29,18.2,20.2,95,63,Bangkalan,-6.9046,112.9834
2023-07-10,31.3,23.7,27.0,0.3,0.3,4.57,16.1,20.19,92,56,Bangkalan,-6.9046,112.9834
2023-07-11,30.5,23.6,26.6,0.6,0.6,4.45,16.6,19.74,88,56,Bangkalan,-6.9046,112.9834
2023-07-12,31.0,24.0,26.6,0.0,0.0,4.71,19.8,20.7,83,50,Bangkalan,-6.9046,112.9834
2023-07-13,31.0,23.4,27.3,0.0,0.0,3.92,14.7,17.28,88,58,Bangkalan,-6.9046,112.9834
2023-07-14,31.2,24.5,27.2,0.8,0.8,4.79,21.2,19.61,92,54,Bangkalan,-6.9046,112.9834
2023-07-15,31.1,22.9,26.9,0.7,0.7,4.42,18.8,19.9,92,53,Bangkalan,-6.9046,112.9834
2023-07-16,31.0,23.0,26.9,0.5,0.5,4.92,19.0,20.73,92,51,Bangkalan,-6.9046,112.9834
2023-07-17,31.0,23.2,26.9,0.0,0.0,5.3,18.0,21.78,84,49,Bangkalan,-6.9046,112.9834
2023-07-18,31.9,23.2,26.9,0.0,0.0,5.35,18.0,21.96,90,39,Bangkalan,-6.9046,112.9834
2023-07-19,31.2,23.0,26.8,0.0,0.0,5.57,26.8,21.69,87,49,Bangkalan,-6.9046,112.9834
2023-07-20,31.3,23.6,27.0,0.0,0.0,6.04,22.1,21.88,73,41,Bangkalan,-6.9046,112.9834
2023-07-21,30.9,23.0,26.8,0.0,0.0,5.45,22.6,21.4,78,47,Bangkalan,-6.9046,112.9834
2023-07-22,31.9,24.0,27.2,0.0,0.0,5.57,22.0,21.64,78,41,Bangkalan,-6.9046,112.9834
2023-07-23,31.5,24.0,27.1,0.0,0.0,4.94,19.7,20.4,82,49,Bangkalan,-6.9046,112.9834
2023-07-24,31.1,23.8,26.9,1.1,1.1,4.28,15.2,18.36,83,52,Bangkalan,-6.9046,112.9834
2023-07-25,31.2,23.5,27.0,0.8,0.8,4.53,19.6,19.23,90,51,Bangkalan,-6.9046,112.9834
2023-07-26,31.2,23.8,26.8,0.0,0.0,5.13,21.1,21.96,87,49,Bangkalan,-6.9046,112.9834
2023-07-27,30.9,22.9,26.4,0.0,0.0,4.86,18.9,20.4,82,48,Bangkalan,-6.9046,112.9834
2023-07-28,31.0,22.7,26.6,0.0,0.0,5.3,18.1,21.43,85,43,Bangkalan,-6.9046,112.9834
2023-07-29,31.8,23.5,27.0,0.0,0.0,5.79,19.1,22.13,77,36,Bangkalan,-6.9046,112.9834
2023-07-30,31.8,23.4,27.0,0.0,0.0,5.76,18.9,21.77,78,39,Bangkalan,-6.9046,112.9834
2023-07-31,31.0,23.1,26.9,0.8,0.8,5.14,19.0,20.76,84,50,Bangkalan,-6.9046,112.9834
2023-08-01,31.5,23.5,27.1,1.0,1.0,4.97,20.1,21.63,87,52,Bangkalan,-6.9046,112.9834
2023-08-02,31.8,24.0,27.1,0.8,0.8,4.54,21.5,20.7,90,55,Bangkalan,-6.9046,112.9834
2023-08-03,31.9,23.4,27.2,0.0,0.0,4.92,20.4,21.26,93,50,Bangkalan,-6.9046,112.9834
2023-08-04,32.1,23.9,27.2,0.8,0.8,4.96,22.0,20.94,90,49,Bangkalan,-6.9046,112.9834
2023-08-05,31.9,23.8,27.4,0.1,0.1,5.31,18.2,22.33,86,49,Bangkalan,-6.9046,112.9834
2023-08-06,30.5,23.7,27.0,4.0,4.0,4.65,17.5,20.22,91,55,Bangkalan,-6.9046,112.9834
2023-08-07,31.7,23.6,27.2,0.4,0.4,5.05,18.7,21.53,91,48,Bangkalan,-6.9046,112.9834
2023-08-08,31.4,23.5,26.7,0.0,0.0,5.05,26.6,20.92,87,47,Bangkalan,-6.9046,112.9834
2023-08-09,31.4,23.0,26.5,0.0,0.0,5.34,19.2,22.45,83,45,Bangkalan,-6.9046,112.9834
2023-08-10,30.7,22.6,26.3,0.0,0.0,5.32,17.1,23.03,86,47,Bangkalan,-6.9046,112.9834
2023-08-11,31.1,22.4,26.1,0.0,0.0,5.18,16.6,23.26,90,44,Bangkalan,-6.9046,112.9834
2023-08-12,30.6,22.8,26.3,0.2,0.2,5.03,19.1,22.16,82,47,Bangkalan,-6.9046,112.9834
2023-08-13,31.5,23.0,26.9,0.0,0.0,5.19,19.9,21.6,86,45,Bangkalan,-6.9046,112.9834
2023-08-14,32.3,23.3,26.9,0.4,0.4,5.2,18.2,22.29,85,40,Bangkalan,-6.9046,112.9834
2023-08-15,32.0,22.8,26.9,0.2,0.2,5.05,17.4,22.51,91,45,Bangkalan,-6.9046,112.9834
2023-08-16,31.5,23.2,26.8,0.2,0.2,5.13,18.3,22.56,84,47,Bangkalan,-6.9046,112.9834
2023-08-17,32.3,23.0,26.8,0.1,0.1,5.71,20.1,23.22,80,42,Bangkalan,-6.9046,112.9834
2023-08-18,31.8,22.7,26.7,0.0,0.0,5.4,16.2,23.32,84,44,Bangkalan,-6.9046,112.9834
2023-08-19,31.8,23.2,26.9,4.1,4.1,5.08,21.2,22.0,88,46,Bangkalan,-6.9046,112.9834
2023-08-20,32.0,24.0,27.5,0.0,0.0,5.45,20.0,22.11,89,45,Bangkalan,-6.9046,112.9834
2023-08-21,30.5,23.5,26.9,2.8,2.8,4.86,18.9,20.56,90,55,Bangkalan,-6.9046,112.9834
2023-08-22,32.0,23.6,27.3,0.0,0.0,5.53,20.8,22.15,86,46,Bangkalan,-6.9046,112.9834
2023-08-23,32.0,23.2,27.1,0.1,0.1,5.94,19.0,23.63,86,39,Bangkalan,-6.9046,112.9834
2023-08-24,32.5,23.3,27.5,0.0,0.0,6.03,17.7,24.08,86,36,Bangkalan,-6.9046,112.9834
2023-08-25,31.3,23.2,26.9,1.8,1.8,4.8,16.9,22.24,89,52,Bangkalan,-6.9046,112.9834
2023-08-26,32.3,24.1,27.1,0.1,0.1,5.37,16.3,23.21,88,43,Bangkalan,-6.9046,112.9834
2023-08-27,31.8,22.7,26.5,0.1,0.1,5.23,16.3,23.95,92,43,Bangkalan,-6.9046,112.9834
2023-08-28,31.2,23.1,26.9,0.0,0.0,5.51,22.3,24.06,86,48,Bangkalan,-6.9046,112.9834
2023-08-29,32.5,23.0,27.0,0.0,0.0,5.67,20.9,24.62,91,41,Bangkalan,-6.9046,112.9834
2023-08-30,31.3,22.5,26.6,1.1,1.1,5.12,24.2,22.42,90,50,Bangkalan,-6.9046,112.9834
2023-08-31,32.5,23.4,27.2,0.8,0.8,5.42,16.6,22.87,92,44,Bangkalan,-6.9046,112.9834
2023-09-01,31.1,23.6,27.0,0.7,0.7,5.67,19.4,23.87,87,45,Bangkalan,-6.9046,112.9834
2023-09-02,31.1,22.8,26.6,0.1,0.1,5.8,24.2,23.63,81,40,Bangkalan,-6.9046,112.9834
2023-09-03,31.4,23.0,26.7,0.0,0.0,6.14,19.9,24.69,82,34,Bangkalan,-6.9046,112.9834
2023-09-04,31.8,22.6,26.8,0.0,0.0,6.28,20.5,25.25,85,35,Bangkalan,-6.9046,112.9834
2023-09-05,32.2,22.4,27.1,0.5,0.5,5.85,17.6,24.07,83,42,Bangkalan,-6.9046,112.9834
2023-09-06,32.5,23.6,27.4,1.3,1.3,5.44,17.7,23.19,88,45,Bangkalan,-6.9046,112.9834
2023-09-07,31.6,23.6,27.1,0.1,0.1,5.33,15.8,24.1,85,48,Bangkalan,-6.9046,112.9834
2023-09-08,31.5,24.1,27.0,0.7,0.7,5.34,17.9,23.1,83,47,Bangkalan,-6.9046,112.9834
2023-09-09,32.0,23.5,27.0,0.0,0.0,5.89,18.3,25.41,82,42,Bangkalan,-6.9046,112.9834
2023-09-10,32.8,23.1,27.5,0.0,0.0,6.08,17.7,25.03,89,43,Bangkalan,-6.9046,112.9834
2023-09-11,33.5,23.4,27.8,0.0,0.0,5.68,20.2,24.56,86,42,Bangkalan,-6.9046,112.9834
2023-09-12,32.8,23.4,27.7,0.0,0.0,5.57,19.6,23.7,94,45,Bangkalan,-6.9046,112.9834
2023-09-13,32.0,24.2,27.4,2.1,2.1,5.38,18.7,23.49,88,45,Bangkalan,-6.9046,112.9834
2023-09-14,30.9,24.2,27.5,1.8,1.8,5.43,19.8,21.52,87,54,Bangkalan,-6.9046,112.9834
2023-09-15,32.4,24.0,27.8,1.3,1.3,6.18,17.8,24.26,80,45,Bangkalan,-6.9046,112.9834
2023-09-16,31.0,24.4,27.3,2.3,2.3,5.29,17.2,23.12,89,54,Bangkalan,-6.9046,112.9834
2023-09-17,31.8,23.9,27.1,2.5,2.5,5.1,18.9,22.99,91,48,Bangkalan,-6.9046,112.9834
2023-09-18,32.6,23.8,27.3,0.6,0.6,5.28,16.9,24.32,92,42,Bangkalan,-6.9046,112.9834
2023-09-19,32.0,24.4,27.3,0.8,0.8,5.46,15.5,24.35,82,45,Bangkalan,-6.9046,112.9834
2023-09-20,32.6,24.2,27.4,0.8,0.8,5.73,15.5,24.47,84,42,Bangkalan,-6.9046,112.9834
2023-09-21,33.2,23.9,27.4,0.2,0.2,6.01,20.4,25.54,86,38,Bangkalan,-6.9046,112.9834
2023-09-22,32.7,22.9,27.0,0.0,0.0,6.27,18.5,26.38,89,29,Bangkalan,-6.9046,112.9834
2023-09-23,32.6,22.7,27.2,0.5,0.5,5.76,20.2,25.1,89,39,Bangkalan,-6.9046,112.9834
2023-09-24,32.7,22.9,27.5,0.0,0.0,5.73,20.7,25.56,90,44,Bangkalan,-6.9046,112.9834
2023-09-25,32.9,23.6,28.0,0.4,0.4,6.15,19.0,24.94,88,40,Bangkalan,-6.9046,112.9834
2023-09-26,33.3,24.0,28.2,0.0,0.0,6.64,20.6,26.29,76,34,Bangkalan,-6.9046,112.9834
2023-09-27,33.2,23.2,27.8,0.3,0.3,6.19,25.1,25.82,82,39,Bangkalan,-6.9046,112.9834
2023-09-28,32.9,23.6,27.8,0.1,0.1,5.87,24.5,25.28,90,45,Bangkalan,-6.9046,112.9834
2023-09-29,33.5,24.0,28.0,0.4,0.4,5.81,21.2,24.69,91,42,Bangkalan,-6.9046,112.9834
2023-09-30,33.5,24.3,28.0,0.0,0.0,5.98,16.5,25.8,92,38,Bangkalan,-6.9046,112.9834
2023-10-01,32.7,23.7,27.6,0.3,0.3,5.57,16.7,25.24,83,39,Bangkalan,-6.9046,112.9834
2023-10-02,33.4,24.2,28.1,0.2,0.2,5.8,18.8,24.96,84,40,Bangkalan,-6.9046,112.9834
2023-10-03,32.3,24.9,28.0,0.5,0.5,5.64,17.2,24.62,81,47,Bangkalan,-6.9046,112.9834
2023-10-04,32.5,23.9,28.0,0.2,0.2,5.72,23.7,25.55,91,48,Bangkalan,-6.9046,112.9834
2023-10-05,32.3,24.2,28.0,2.5,2.5,5.4,21.8,24.22,94,52,Bangkalan,-6.9046,112.9834
2023-10-06,34.2,24.4,28.5,0.0,0.0,6.02,24.2,25.32,95,40,Bangkalan,-6.9046,112.9834
2023-10-07,33.5,24.4,28.4,4.3,4.3,5.63,21.6,23.3,91,46,Bangkalan,-6.9046,112.9834
2023-10-08,34.5,24.8,29.1,0.6,0.6,6.68,26.9,25.72,91,38,Bangkalan,-6.9046,112.9834
2023-10-09,34.0,24.7,28.4,1.6,1.6,5.85,19.5,24.99,87,43,Bangkalan,-6.9046,112.9834
2023-10-10,31.8,23.9,27.7,2.4,2.4,4.72,13.7,22.13,94,59,Bangkalan,-6.9046,112.9834
2023-10-11,33.5,24.6,28.4,0.2,0.2,5.78,21.4,24.94,88,41,Bangkalan,-6.9046,112.9834
2023-10-12,34.3,24.5,28.6,0.1,0.1,6.0,22.4,24.36,92,38,Bangkalan,-6.9046,112.9834
2023-10-13,33.7,24.9,28.4,2.9,2.9,5.73,17.1,24.31,89,40,Bangkalan,-6.9046,112.9834
2023-10-14,33.7,24.8,28.9,0.9,0.9,6.48,25.3,26.02,87,40,Bangkalan,-6.9046,112.9834
2023-10-15,33.4,25.3,29.0,1.4,1.4,6.18,24.6,24.41,85,45,Bangkalan,-6.9046,112.9834
2023-10-16,34.2,25.8,29.4,0.0,0.0,6.44,26.4,25.27,90,45,Bangkalan,-6.9046,112.9834
2023-10-17,34.1,25.1,29.2,0.0,0.0,6.46,27.2,25.44,92,38,Bangkalan,-6.9046,112.9834
2023-10-18,33.8,24.3,28.7,0.0,0.0,6.31,26.0,25.76,93,41,Bangkalan,-6.9046,112.9834
2023-10-19,34.8,24.4,28.9,1.1,1.1,6.38,27.5,24.81,90,34,Bangkalan,-6.9046,112.9834
2023-10-20,33.3,24.6,28.5,1.5,1.5,5.77,19.4,25.29,91,43,Bangkalan,-6.9046,112.9834
2023-10-21,32.6,23.8,28.1,1.8,1.8,5.41,17.1,24.87,93,51,Bangkalan,-6.9046,112.9834
2023-10-22,32.7,24.0,28.1,1.2,1.2,5.29,13.6,23.88,95,49,Bangkalan,-6.9046,112.9834
2023-10-23,31.7,24.5,28.2,3.0,3.0,5.54,19.2,24.22,96,49,Bangkalan,-6.9046,112.9834
2023-10-24,31.5,24.2,27.7,2.2,2.2,4.88,13.7,22.97,91,64,Bangkalan,-6.9046,112.9834
2023-10-25,32.9,23.8,27.8,0.3,0.3,5.46,21.5,25.2,96,47,Bangkalan,-6.9046,112.9834
2023-10-26,33.7,24.6,28.4,0.4,0.4,5.46,15.7,25.06,93,42,Bangkalan,-6.9046,112.9834
2023-10-27,33.5,24.4,28.5,0.0,0.0,5.82,20.6,25.89,93,45,Bangkalan,-6.9046,112.9834
2023-10-28,33.2,23.8,28.5,0.0,0.0,5.84,19.5,25.79,95,48,Bangkalan,-6.9046,112.9834
2023-10-29,34.3,24.1,29.0,0.8,0.8,5.88,17.7,25.6,96,39,Bangkalan,-6.9046,112.9834
2023-10-30,33.8,25.3,29.2,1.2,1.2,6.08,17.4,25.54,85,43,Bangkalan,-6.9046,112.9834
2023-10-31,33.0,25.4,28.9,5.1,5.1,5.57,17.9,24.98,86,52,Bangkalan,-6.9046,112.9834
2023-11-01,33.8,25.6,28.9,2.0,2.0,5.57,16.1,24.8,89,46,Bangkalan,-6.9046,112.9834
2023-11-02,34.1,25.7,29.2,0.4,0.4,5.87,15.9,25.54,89,42,Bangkalan,-6.9046,112.9834
2023-11-03,32.2,25.8,28.2,9.7,9.7,4.76,16.9,22.44,95,60,Bangkalan,-6.9046,112.9834
2023-11-04,31.5,24.1,27.2,9.5,9.5,4.56,17.7,22.58,99,63,Bangkalan,-6.9046,112.9834
2023-11-05,31.5,24.7,28.1,2.3,2.3,5.07,17.9,23.48,94,61,Bangkalan,-6.9046,112.9834
2023-11-06,32.7,25.1,28.3,0.9,0.9,5.34,13.8,25.23,94,54,Bangkalan,-6.9046,112.9834
2023-11-07,33.3,24.3,28.4,0.5,0.5,5.32,13.7,24.19,95,48,Bangkalan,-6.9046,112.9834
2023-11-08,32.5,24.1,28.5,0.1,0.1,5.53,15.9,25.41,92,54,Bangkalan,-6.9046,112.9834
2023-11-09,32.3,26.1,28.7,2.5,2.5,4.77,13.8,21.78,90,58,Bangkalan,-6.9046,112.9834
2023-11-10,31.6,24.6,28.1,1.7,1.7,4.94,12.8,23.39,94,63,Bangkalan,-6.9046,112.9834
2023-11-11,32.0,24.2,28.2,2.5,2.5,5.13,13.5,23.78,97,60,Bangkalan,-6.9046,112.9834
2023-11-12,32.7,24.4,28.4,1.3,1.3,5.4,13.0,24.15,96,52,Bangkalan,-6.9046,112.9834
2023-11-13,32.3,24.8,28.8,2.7,2.7,5.13,14.1,24.02,92,59,Bangkalan,-6.9046,112.9834
2023-11-14,31.7,25.8,28.5,1.7,1.7,4.65,12.4,21.96,91,65,Bangkalan,-6.9046,112.9834
2023-11-15,30.8,25.2,27.7,10.4,10.4,4.52,14.0,22.47,95,69,Bangkalan,-6.9046,112.9834
2023-11-16,33.1,25.1,28.3,6.3,6.3,5.03,11.8,23.61,97,55,Bangkalan,-6.9046,112.9834
2023-11-17,30.0,25.2,27.4,3.3,3.3,4.24,12.0,20.76,94,72,Bangkalan,-6.9046,112.9834
2023-11-18,30.7,24.5,27.9,1.5,1.5,5.16,17.4,24.26,98,63,Bangkalan,-6.9046,112.9834
2023-11-19,32.2,24.6,28.3,1.1,1.1,5.25,16.1,24.4,91,51,Bangkalan,-6.9046,112.9834
2023-11-20,33.0,24.9,28.6,3.1,3.1,5.56,17.4,25.15,95,53,Bangkalan,-6.9046,112.9834
2023-11-21,33.8,24.4,28.5,2.9,2.9,5.54,14.7,25.08,97,46,Bangkalan,-6.9046,112.9834
2023-11-22,34.4,26.4,29.6,6.5,6.5,5.74,21.9,24.06,86,47,Bangkalan,-6.9046,112.9834
2023-11-23,33.9,26.9,29.3,1.9,1.9,5.02,12.2,21.16,89,47,Bangkalan,-6.9046,112.9834
2023-11-24,30.5,25.4,27.5,10.8,10.8,4.21,15.9,21.12,95,71,Bangkalan,-6.9046,112.9834
2023-11-25,28.9,24.3,26.5,9.5,9.5,3.63,14.8,18.38,97,74,Bangkalan,-6.9046,112.9834
2023-11-26,31.4,23.2,27.0,3.5,3.5,4.96,13.0,24.4,98,69,Bangkalan,-6.9046,112.9834
2023-11-27,29.9,24.4,27.0,6.1,6.1,4.4,14.0,21.92,99,70,Bangkalan,-6.9046,112.9834
2023-11-28,29.1,23.5,26.3,12.0,12.0,2.82,9.5,13.52,95,75,Bangkalan,-6.9046,112.9834
2023-11-29,29.9,24.5,27.1,14.0,14.0,3.71,11.3,18.24,94,73,Bangkalan,-6.9046,112.9834
2023-11-30,31.8,24.7,27.2,23.8,23.8,4.07,13.2,19.87,99,62,Bangkalan,-6.9046,112.9834
2023-12-01,28.9,24.3,26.1,18.8,18.8,3.16,9.0,15.82,97,81,Bangkalan,-6.9046,112.9834
2023-12-02,30.0,24.1,26.4,7.1,7.1,3.9,17.9,19.54,99,73,Bangkalan,-6.9046,112.9834
2023-12-03,29.2,24.1,26.5,14.7,14.7,3.9,9.4,19.89,97,78,Bangkalan,-6.9046,112.9834
2023-12-04,30.6,24.4,26.5,9.9,9.9,3.69,10.6,17.91,96,71,Bangkalan,-6.9046,112.9834
2023-12-05,30.0,23.9,26.4,16.7,16.7,4.24,10.3,21.46,98,74,Bangkalan,-6.9046,112.9834
2023-12-06,30.5,24.6,27.2,8.1,8.1,4.56,13.1,22.94,99,75,Bangkalan,-6.9046,112.9834
2023-12-07,31.4,23.9,26.5,14.7,14.7,4.68,13.7,23.66,97,71,Bangkalan,-6.9046,112.9834
2023-12-08,30.1,23.9,26.5,12.4,12.4,4.25,10.1,21.64,97,75,Bangkalan,-6.9046,112.9834
2023-12-09,28.6,24.1,26.4,18.4,18.4,2.58,14.1,12.86,98,78,Bangkalan,-6.9046,112.9834
2023-12-10,28.5,24.4,25.9,30.8,30.8,3.11,15.7,16.17,98,80,Bangkalan,-6.9046,112.9834
2023-12-11,30.9,24.1,27.5,1.9,1.9,5.09,15.1,24.06,96,64,Bangkalan,-6.9046,112.9834
2023-12-12,30.0,25.0,27.8,0.5,0.5,4.92,12.2,24.15,90,71,Bangkalan,-6.9046,112.9834
2023-12-13,30.2,24.9,27.2,4.6,4.6,4.48,13.1,22.34,98,70,Bangkalan,-6.9046,112.9834
2023-12-14,29.5,24.8,26.6,15.1,15.1,4.03,10.4,20.46,96,77,Bangkalan,-6.9046,112.9834
2023-12-15,29.8,24.8,26.7,8.5,8.5,3.99,10.2,20.29,98,76,Bangkalan,-6.9046,112.9834
2023-12-16,30.1,24.6,27.5,1.8,1.8,4.87,18.0,24.7,97,72,Bangkalan,-6.9046,112.9834
2023-12-17,31.2,23.1,27.0,6.6,6.6,5.03,22.0,24.64,96,64,Bangkalan,-6.9046,112.9834
2023-12-18,30.5,23.5,27.2,2.3,2.3,4.79,13.2,23.21,96,71,Bangkalan,-6.9046,112.9834
2023-12-19,30.2,24.1,27.6,1.2,1.2,5.17,11.3,24.63,93,61,Bangkalan,-6.9046,112.9834
2023-12-20,30.5,24.1,27.7,1.1,1.1,5.36,17.1,25.23,90,63,Bangkalan,-6.9046,112.9834
2023-12-21,30.4,24.1,27.9,0.8,0.8,5.29,11.9,24.69,84,63,Bangkalan,-6.9046,112.9834
2023-12-22,30.2,24.4,27.4,6.3,6.3,4.55,12.0,22.35,96,69,Bangkalan,-6.9046,112.9834
2023-12-23,32.4,24.6,28.1,4.4,4.4,5.28,14.2,24.61,95,53,Bangkalan,-6.9046,112.9834
2023-12-24,30.9,24.0,27.9,1.2,1.2,4.65,13.7,22.17,95,66,Bangkalan,-6.9046,112.9834
2023-12-25,29.9,24.4,26.6,8.0,8.0,3.6,20.7,18.41,96,72,Bangkalan,-6.9046,112.9834
2023-12-26,31.1,24.5,27.3,13.0,13.0,4.4,10.5,21.87,96,68,Bangkalan,-6.9046,112.9834
2023-12-27,30.1,25.1,27.3,7.1,7.1,4.14,11.3,20.88,99,75,Bangkalan,-6.9046,112.9834
2023-12-28,31.0,24.7,27.2,14.2,14.2,3.89,14.4,19.49,99,72,Bangkalan,-6.9046,112.9834
2023-12-29,31.0,25.0,27.5,6.3,6.3,4.32,11.8,21.64,98,73,Bangkalan,-6.9046,112.9834
2023-12-30,29.5,23.7,26.8,13.3,13.3,3.93,11.5,19.9,98,78,Bangkalan,-6.9046,112.9834
2023-12-31,31.5,23.7,27.1,11.3,11.3,4.78,13.7,23.75,98,70,Bangkalan,-6.9046,112.9834
2024-01-01,29.0,24.4,26.7,14.4,14.4,3.15,13.9,15.87,97,78,Bangkalan,-6.9046,112.9834
2024-01-02,30.5,24.0,27.2,9.7,9.7,4.43,13.9,22.39,98,74,Bangkalan,-6.9046,112.9834
2024-01-03,28.1,24.9,26.5,4.5,4.5,2.79,13.0,14.04,94,80,Bangkalan,-6.9046,112.9834
2024-01-04,30.4,24.5,26.8,17.8,17.8,4.11,21.3,21.43,98,76,Bangkalan,-6.9046,112.9834
2024-01-05,28.9,23.7,26.0,0.9,0.9,2.69,9.7,13.13,98,79,Bangkalan,-6.9046,112.9834
2024-01-06,28.7,24.2,26.1,19.1,19.1,2.67,7.7,13.1,99,83,Bangkalan,-6.9046,112.9834
2024-01-07,27.6,24.5,25.8,19.3,19.3,2.64,10.8,13.54,98,83,Bangkalan,-6.9046,112.9834
2024-01-08,29.6,24.4,26.5,4.9,4.9,4.03,11.9,20.82,97,80,Bangkalan,-6.9046,112.9834
2024-01-09,29.5,24.2,26.7,14.5,14.5,3.48,10.2,17.47,98,79,Bangkalan,-6.9046,112.9834
2024-01-10,30.4,24.2,27.2,6.9,6.9,4.61,13.2,22.97,98,74,Bangkalan,-6.9046,112.9834
2024-01-11,30.5,24.0,26.9,19.9,19.9,4.6,19.7,23.57,97,73,Bangkalan,-6.9046,112.9834
2024-01-12,32.2,24.6,28.3,0.4,0.4,5.4,13.0,25.79,96,57,Bangkalan,-6.9046,112.9834
2024-01-13,31.5,24.5,28.1,1.5,1.5,5.14,11.9,24.8,93,64,Bangkalan,-6.9046,112.9834
2024-01-14,32.0,24.6,28.1,1.4,1.4,4.23,15.1,19.54,92,57,Bangkalan,-6.9046,112.9834
2024-01-15,30.6,24.3,26.8,4.9,4.9,4.14,15.0,20.25,97,68,Bangkalan,-6.9046,112.9834
2024-01-16,29.5,24.1,26.2,12.2,12.2,3.58,17.1,18.0,97,76,Bangkalan,-6.9046,112.9834
2024-01-17,28.0,23.2,25.7,6.5,6.5,3.02,18.3,15.52,97,81,Bangkalan,-6.9046,112.9834
2024-01-18,30.5,24.8,26.9,11.7,11.7,4.32,15.9,21.78,97,71,Bangkalan,-6.9046,112.9834
2024-01-19,28.2,23.6,25.8,14.2,14.2,2.46,23.2,11.95,97,74,Bangkalan,-6.9046,112.9834
2024-01-20,30.0,24.2,26.7,4.9,4.9,3.99,17.7,19.37,97,67,Bangkalan,-6.9046,112.9834
2024-01-21,30.0,25.0,26.9,3.9,3.9,3.55,19.2,16.34,91,69,Bangkalan,-6.9046,112.9834
2024-01-22,28.4,25.6,26.7,3.5,3.5,3.82,27.8,19.71,90,77,Bangkalan,-6.9046,112.9834
2024-01-23,29.5,26.0,27.5,2.6,2.6,3.16,19.5,12.84,88,72,Bangkalan,-6.9046,112.9834
2024-01-24,28.8,24.9,26.6,9.1,9.1,3.58,22.8,17.7,94,74,Bangkalan,-6.9046,112.9834
2024-01-25,29.0,25.2,26.8,2.3,2.3,4.33,24.1,23.34,95,76,Bangkalan,-6.9046,112.9834
2024-01-26,29.5,24.5,26.5,6.5,6.5,4.02,22.8,21.05,96,75,Bangkalan,-6.9046,112.9834
2024-01-27,29.7,24.5,27.0,1.0,1.0,4.82,17.7,24.2,96,75,Bangkalan,-6.9046,112.9834
2024-01-28,29.8,24.2,26.7,16.4,16.4,4.6,15.4,24.0,96,74,Bangkalan,-6.9046,112.9834
2024-01-29,29.8,24.1,26.1,22.1,22.1,3.65,13.4,18.36,99,77,Bangkalan,-6.9046,112.9834
2024-01-30,29.3,23.8,25.8,17.5,17.5,3.0,11.8,15.19,98,75,Bangkalan,-6.9046,112.9834
2024-01-31,29.9,23.3,26.2,5.6,5.6,4.31,12.5,22.08,98,75,Bangkalan,-6.9046,112.9834
2024-02-01,29.8,23.9,26.8,3.4,3.4,4.65,14.8,24.0,96,76,Bangkalan,-6.9046,112.9834
2024-02-02,29.4,24.0,26.7,5.7,5.7,4.12,15.0,21.17,95,76,Bangkalan,-6.9046,112.9834
2024-02-03,28.0,24.9,26.2,14.6,14.6,3.43,19.1,18.35,97,80,Bangkalan,-6.9046,112.9834
2024-02-04,29.8,24.4,26.0,19.5,19.5,3.41,19.0,17.74,97,74,Bangkalan,-6.9046,112.9834
2024-02-05,30.1,24.1,26.6,22.7,22.7,3.87,22.2,19.36,98,69,Bangkalan,-6.9046,112.9834
2024-02-06,29.5,23.6,25.8,24.8,24.8,3.12,18.2,16.24,97,71,Bangkalan,-6.9046,112.9834
2024-02-07,28.4,24.8,26.4,4.8,4.8,3.11,18.5,15.84,96,81,Bangkalan,-6.9046,112.9834
2024-02-08,29.7,23.5,26.3,6.1,6.1,4.23,12.7,21.26,95,73,Bangkalan,-6.9046,112.9834
2024-02-09,30.0,23.8,26.4,23.2,23.2,4.4,10.1,22.44,99,75,Bangkalan,-6.9046,112.9834
2024-02-10,28.5,23.6,25.5,15.2,15.2,3.08,18.0,16.38,98,80,Bangkalan,-6.9046,112.9834
2024-02-11,29.8,24.5,26.1,15.0,15.0,3.75,16.7,20.02,97,75,Bangkalan,-6.9046,112.9834
2024-02-12,30.0,24.4,26.6,9.1,9.1,4.51,19.5,23.78,96,73,Bangkalan,-6.9046,112.9834
2024-02-13,29.6,24.1,26.8,6.1,6.1,4.4,9.8,22.36,99,77,Bangkalan,-6.9046,112.9834
2024-02-14,29.5,24.1,26.5,9.7,9.7,4.0,9.7,20.62,98,82,Bangkalan,-6.9046,112.9834
2024-02-15,30.8,24.9,27.5,4.8,4.8,4.74,9.7,23.61,98,74,Bangkalan,-6.9046,112.9834
2024-02-16,30.5,24.6,27.4,7.0,7.0,4.94,13.1,24.74,97,74,Bangkalan,-6.9046,112.9834
2024-02-17,29.9,23.9,26.2,9.0,9.0,3.86,14.9,20.46,98,77,Bangkalan,-6.9046,112.9834
2024-02-18,29.8,23.9,26.3,15.8,15.8,3.99,9.3,20.26,98,75,Bangkalan,-6.9046,112.9834
2024-02-19,29.9,23.6,27.1,1.5,1.5,4.67,12.8,24.07,97,74,Bangkalan,-6.9046,112.9834
2024-02-20,31.1,25.4,28.0,3.6,3.6,4.87,12.6,24.34,97,72,Bangkalan,-6.9046,112.9834
2024-02-21,31.3,24.5,27.2,4.8,4.8,4.75,15.6,24.12,98,73,Bangkalan,-6.9046,112.9834
2024-02-22,29.8,24.8,27.4,7.3,7.3,4.3,21.8,21.63,96,73,Bangkalan,-6.9046,112.9834
2024-02-23,28.9,24.2,26.7,10.1,10.1,3.38,17.4,17.44,98,80,Bangkalan,-6.9046,112.9834
2024-02-24,28.6,24.8,26.4,24.4,24.4,2.98,16.4,15.28,98,81,Bangkalan,-6.9046,112.9834
2024-02-25,27.2,25.0,26.0,17.4,17.4,2.21,18.9,11.24,95,84,Bangkalan,-6.9046,112.9834
2024-02-26,28.9,24.5,26.3,10.1,10.1,3.55,20.7,18.4,96,77,Bangkalan,-6.9046,112.9834
2024-02-27,30.2,24.0,26.8,6.8,6.8,4.11,7.5,20.44,97,72,Bangkalan,-6.9046,112.9834
2024-02-28,28.8,24.5,26.6,4.0,4.0,4.34,14.6,22.73,97,79,Bangkalan,-6.9046,112.9834
2024-02-29,30.1,24.7,27.2,3.4,3.4,4.77,9.7,24.25,98,76,Bangkalan,-6.9046,112.9834
2024-03-01,30.8,24.6,26.8,9.4,9.4,4.11,12.7,20.84,98,73,Bangkalan,-6.9046,112.9834
2024-03-02,29.5,25.1,27.4,1.1,1.1,4.32,18.1,21.58,99,75,Bangkalan,-6.9046,112.9834
2024-03-03,29.9,25.4,27.5,1.5,1.5,4.55,15.0,23.26,96,78,Bangkalan,-6.9046,112.9834
2024-03-04,30.3,24.9,26.7,19.6,19.6,3.81,12.2,19.2,98,74,Bangkalan,-6.9046,112.9834
2024-03-05,30.0,24.1,26.7,14.8,14.8,4.18,16.2,21.16,98,79,Bangkalan,-6.9046,112.9834
2024-03-06,29.6,23.9,26.6,5.0,5.0,4.11,18.0,21.52,97,79,Bangkalan,-6.9046,112.9834
2024-03-07,29.7,24.7,26.7,16.5,16.5,3.62,11.2,18.44,98,80,Bangkalan,-6.9046,112.9834
2024-03-08,29.5,25.2,26.8,24.6,24.6,3.66,16.8,19.33,98,81,Bangkalan,-6.9046,112.9834
2024-03-09,27.5,24.4,26.0,12.6,12.6,2.02,26.2,9.48,96,82,Bangkalan,-6.9046,112.9834
2024-03-10,29.1,24.3,26.6,2.1,2.1,3.38,22.0,14.3,94,72,Bangkalan,-6.9046,112.9834
2024-03-11,29.0,24.8,26.6,5.5,5.5,2.88,17.5,14.3,98,81,Bangkalan,-6.9046,112.9834
2024-03-12,28.1,24.6,26.4,23.6,23.6,2.28,26.8,9.67,96,74,Bangkalan,-6.9046,112.9834
2024-03-13,27.8,25.1,26.4,26.8,26.8,3.05,30.9,14.0,93,80,Bangkalan,-6.9046,112.9834
2024-03-14,28.0,24.7,26.1,17.3,17.3,2.82,28.6,12.64,95,76,Bangkalan,-6.9046,112.9834
2024-03-15,27.4,24.5,26.0,16.3,16.3,2.61,31.3,13.09,96,82,Bangkalan,-6.9046,112.9834
2024-03-16,28.2,24.8,26.4,10.3,10.3,2.78,31.4,13.05,96,80,Bangkalan,-6.9046,112.9834
2024-03-17,28.0,24.3,25.8,10.3,10.3,2.37,29.3,11.29,96,79,Bangkalan,-6.9046,112.9834
2024-03-18,28.6,24.5,26.8,6.3,6.3,3.94,25.1,20.28,96,77,Bangkalan,-6.9046,112.9834
2024-03-19,29.8,24.2,27.4,2.1,2.1,4.82,18.3,24.55,97,74,Bangkalan,-6.9046,112.9834
2024-03-20,29.9,23.0,26.8,1.3,1.3,5.03,18.1,25.95,98,70,Bangkalan,-6.9046,112.9834
2024-03-21,29.8,24.0,26.8,1.2,1.2,4.77,19.6,24.81,96,75,Bangkalan,-6.9046,112.9834
2024-03-22,30.0,23.7,27.0,0.6,0.6,4.81,12.1,24.34,96,69,Bangkalan,-6.9046,112.9834
2024-03-23,30.2,24.8,27.4,2.5,2.5,4.35,14.1,22.15,95,76,Bangkalan,-6.9046,112.9834
2024-03-24,30.9,24.8,27.3,4.8,4.8,4.46,10.7,22.31,93,72,Bangkalan,-6.9046,112.9834
2024-03-25,30.4,24.2,27.2,2.2,2.2,4.46,11.3,21.8,97,71,Bangkalan,-6.9046,112.9834
2024-03-26,31.1,25.2,27.9,2.6,2.6,4.8,12.8,23.06,92,63,Bangkalan,-6.9046,112.9834
2024-03-27,31.8,25.2,28.0,3.0,3.0,5.15,9.5,25.07,90,58,Bangkalan,-6.9046,112.9834
2024-03-28,29.6,24.6,26.4,9.1,9.1,3.54,17.7,18.15,98,77,Bangkalan,-6.9046,112.9834
2024-03-29,30.2,24.2,26.9,8.4,8.4,4.15,10.7,21.19,97,75,Bangkalan,-6.9046,112.9834
2024-03-30,31.6,25.5,28.0,8.4,8.4,4.76,13.9,23.28,95,65,Bangkalan,-6.9046,112.9834
2024-03-31,31.9,25.4,28.0,4.3,4.3,4.89,12.0,23.68,95,63,Bangkalan,-6.9046,112.9834
2024-04-01,29.6,24.6,26.8,10.5,10.5,4.02,9.5,20.59,99,80,Bangkalan,-6.9046,112.9834
2024-04-02,30.0,23.8,26.6,14.3,14.3,3.75,11.1,19.04,99,77,Bangkalan,-6.9046,112.9834
2024-04-03,30.5,24.4,27.2,7.5,7.5,3.87,14.8,19.86,98,77,Bangkalan,-6.9046,112.9834
2024-04-04,30.8,24.6,27.4,3.6,3.6,4.63,12.1,23.14,96,75,Bangkalan,-6.9046,112.9834
2024-04-05,30.0,24.1,26.6,17.3,17.3,4.25,11.6,21.93,98,77,Bangkalan,-6.9046,112.9834
2024-04-06,30.0,25.1,27.3,4.8,4.8,4.36,13.5,22.23,99,75,Bangkalan,-6.9046,112.9834
2024-04-07,30.2,25.5,27.7,2.9,2.9,4.48,8.5,22.38,96,73,Bangkalan,-6.9046,112.9834
2024-04-08,30.9,23.9,27.6,1.6,1.6,4.82,12.0,24.0,97,68,Bangkalan,-6.9046,112.9834
2024-04-09,28.2,24.8,26.3,8.8,8.8,3.14,12.9,16.61,98,82,Bangkalan,-6.9046,112.9834
2024-04-10,28.9,24.9,26.9,5.2,5.2,3.37,10.8,17.01,97,80,Bangkalan,-6.9046,112.9834
2024-04-11,29.4,24.0,26.2,20.8,20.8,3.52,10.6,17.92,98,79,Bangkalan,-6.9046,112.9834
2024-04-12,30.2,24.0,26.8,4.0,4.0,4.13,10.0,20.59,98,74,Bangkalan,-6.9046,112.9834
2024-04-13,30.0,24.8,26.9,19.1,19.1,3.73,11.6,18.9,95,77,Bangkalan,-6.9046,112.9834
2024-04-14,30.1,24.9,27.3,2.2,2.2,4.12,16.3,20.71,94,71,Bangkalan,-6.9046,112.9834
2024-04-15,30.2,24.8,27.4,1.2,1.2,4.22,14.3,21.11,95,74,Bangkalan,-6.9046,112.9834
2024-04-16,31.5,25.0,27.8,4.9,4.9,4.57,14.3,22.22,93,70,Bangkalan,-6.9046,112.9834
2024-04-17,30.0,25.2,26.9,23.7,23.7,3.25,17.0,16.1,96,73,Bangkalan,-6.9046,112.9834
2024-04-18,29.9,24.1,26.4,22.3,22.3,2.75,10.9,13.55,97,77,Bangkalan,-6.9046,112.9834
2024-04-19,30.3,23.9,26.9,19.0,19.0,3.72,10.6,18.99,98,77,Bangkalan,-6.9046,112.9834
2024-04-20,31.0,25.8,27.7,6.6,6.6,4.16,14.6,21.02,95,70,Bangkalan,-6.9046,112.9834
2024-04-21,29.8,24.5,26.7,18.5,18.5,3.31,10.8,17.0,97,82,Bangkalan,-6.9046,112.9834
2024-04-22,29.3,24.5,26.8,12.4,12.4,3.04,10.1,14.97,98,78,Bangkalan,-6.9046,112.9834
2024-04-23,29.2,24.4,26.5,22.7,22.7,2.69,13.1,13.48,98,81,Bangkalan,-6.9046,112.9834
2024-04-24,28.6,24.5,26.1,20.2,20.2,2.35,15.0,12.09,98,86,Bangkalan,-6.9046,112.9834
2024-04-25,28.4,24.6,26.1,15.0,15.0,2.39,14.6,12.16,97,84,Bangkalan,-6.9046,112.9834
2024-04-26,30.5,25.0,27.2,14.5,14.5,3.64,12.7,18.49,96,78,Bangkalan,-6.9046,112.9834
2024-04-27,31.0,25.5,28.1,0.7,0.7,4.38,18.8,21.79,92,73,Bangkalan,-6.9046,112.9834
2024-04-28,31.5,26.0,28.5,0.0,0.0,4.39,15.2,21.01,92,69,Bangkalan,-6.9046,112.9834
2024-04-29,31.4,26.1,28.0,2.1,2.1,4.42,14.4,21.2,91,65,Bangkalan,-6.9046,112.9834
2024-04-30,31.4,25.6,28.0,0.8,0.8,4.32,13.7,20.18,91,65,Bangkalan,-6.9046,112.9834
2024-05-01,31.4,25.5,28.3,0.7,0.7,4.45,14.0,20.75,92,69,Bangkalan,-6.9046,112.9834
2024-05-02,30.0,25.6,27.7,5.5,5.5,4.0,16.0,19.05,92,74,Bangkalan,-6.9046,112.9834
2024-05-03,31.9,25.8,28.2,2.0,2.0,4.61,14.6,20.94,88,61,Bangkalan,-6.9046,112.9834
2024-05-04,31.9,25.7,28.2,0.1,0.1,4.92,16.3,21.63,90,55,Bangkalan,-6.9046,112.9834
2024-05-05,30.5,23.2,27.3,0.7,0.7,4.66,15.2,21.58,95,62,Bangkalan,-6.9046,112.9834
2024-05-06,31.3,25.3,27.7,0.1,0.1,4.99,20.1,21.36,81,56,Bangkalan,-6.9046,112.9834
2024-05-07,31.6,24.5,27.6,0.3,0.3,4.51,12.2,21.29,91,60,Bangkalan,-6.9046,112.9834
2024-05-08,30.5,24.9,27.6,5.5,5.5,4.3,11.5,20.42,90,66,Bangkalan,-6.9046,112.9834
2024-05-09,31.5,25.2,28.0,1.9,1.9,4.29,14.3,20.09,90,68,Bangkalan,-6.9046,112.9834
2024-05-10,31.2,25.8,28.4,1.6,1.6,4.57,16.7,20.62,87,64,Bangkalan,-6.9046,112.9834
2024-05-11,32.1,25.7,28.7,0.4,0.4,4.71,20.2,19.73,88,56,Bangkalan,-6.9046,112.9834
2024-05-12,32.6,25.8,28.7,0.1,0.1,4.79,17.6,20.31,85,57,Bangkalan,-6.9046,112.9834
2024-05-13,32.0,24.5,28.2,0.3,0.3,4.88,13.8,21.7,92,57,Bangkalan,-6.9046,112.9834
2024-05-14,31.9,25.5,28.3,1.8,1.8,4.58,14.3,21.1,91,57,Bangkalan,-6.9046,112.9834
2024-05-15,32.0,25.1,28.1,4.1,4.1,4.68,14.0,20.35,91,60,Bangkalan,-6.9046,112.9834
2024-05-16,32.2,25.1,28.0,0.7,0.7,4.59,13.8,21.08,90,57,Bangkalan,-6.9046,112.9834
2024-05-17,32.5,24.9,28.3,0.9,0.9,4.74,17.3,20.25,92,54,Bangkalan,-6.9046,112.9834
2024-05-18,32.0,25.0,28.3,1.0,1.0,4.96,20.0,20.99,90,55,Bangkalan,-6.9046,112.9834
2024-05-19,32.7,25.9,28.5,0.1,0.1,5.33,16.8,21.36,81,48,Bangkalan,-6.9046,112.9834
2024-05-20,31.5,25.4,28.2,1.0,1.0,4.98,15.4,20.98,86,57,Bangkalan,-6.9046,112.9834
2024-05-21,32.2,25.0,28.3,0.2,0.2,4.94,14.6,20.7,86,53,Bangkalan,-6.9046,112.9834
2024-05-22,31.8,25.3,28.4,1.0,1.0,4.57,12.7,19.88,88,56,Bangkalan,-6.9046,112.9834
2024-05-23,32.3,25.4,28.3,2.6,2.6,4.56,16.9,20.08,91,54,Bangkalan,-6.9046,112.9834
2024-05-24,31.8,25.8,28.0,4.0,4.0,4.16,16.1,18.6,91,59,Bangkalan,-6.9046,112.9834
2024-05-25,32.0,24.8,27.9,1.0,1.0,4.16,13.1,19.95,96,61,Bangkalan,-6.9046,112.9834
2024-05-26,32.0,25.0,28.1,0.3,0.3,4.46,15.3,20.59,93,59,Bangkalan,-6.9046,112.9834
2024-05-27,31.4,25.3,27.6,2.8,2.8,3.98,17.1,19.14,92,62,Bangkalan,-6.9046,112.9834
2024-05-28,31.5,25.6,28.1,0.5,0.5,4.35,15.9,20.16,91,59,Bangkalan,-6.9046,112.9834
2024-05-29,31.1,25.2,27.8,0.7,0.7,4.09,13.7,19.33,92,64,Bangkalan,-6.9046,112.9834
2024-05-30,32.0,25.4,28.2,2.1,2.1,4.07,14.0,18.42,93,64,Bangkalan,-6.9046,112.9834
2024-05-31,31.3,25.8,28.3,1.4,1.4,4.08,13.4,18.31,89,67,Bangkalan,-6.9046,112.9834
2024-06-01,31.9,25.8,28.3,4.4,4.4,4.12,14.8,19.18,93,63,Bangkalan,-6.9046,112.9834
2024-06-02,30.5,24.7,27.1,4.7,4.7,3.42,9.7,16.98,96,71,Bangkalan,-6.9046,112.9834
2024-06-03,31.9,24.8,27.4,2.1,2.1,3.81,9.4,18.44,96,57,Bangkalan,-6.9046,112.9834
2024-06-04,30.9,24.8,27.2,2.8,2.8,3.65,8.3,17.99,97,62,Bangkalan,-6.9046,112.9834
2024-06-05,32.0,24.7,28.0,0.1,0.1,4.62,18.7,19.67,91,54,Bangkalan,-6.9046,112.9834
2024-06-06,31.8,24.8,27.7,1.1,1.1,4.33,16.1,19.35,87,56,Bangkalan,-6.9046,112.9834
2024-06-07,30.8,23.5,26.9,0.9,0.9,3.84,16.1,18.29,94,59,Bangkalan,-6.9046,112.9834
2024-06-08,30.6,25.1,27.3,1.3,1.3,3.78,15.8,17.62,91,64,Bangkalan,-6.9046,112.9834
2024-06-09,30.4,24.9,27.1,3.9,3.9,2.75,13.7,12.54,91,69,Bangkalan,-6.9046,112.9834
2024-06-10,31.3,25.0,27.4,1.4,1.4,3.95,16.6,18.97,93,64,Bangkalan,-6.9046,112.9834
2024-06-11,30.6,25.1,27.3,1.8,1.8,3.8,15.9,17.74,89,68,Bangkalan,-6.9046,112.9834
2024-06-12,31.4,25.0,27.5,1.4,1.4,4.2,17.1,19.0,93,58,Bangkalan,-6.9046,112.9834
2024-06-13,29.1,24.3,26.6,3.5,3.5,3.49,13.4,17.76,96,72,Bangkalan,-6.9046,112.9834
2024-06-14,29.5,24.4,26.7,0.5,0.5,3.61,12.0,17.83,91,71,Bangkalan,-6.9046,112.9834
2024-06-15,29.6,24.0,25.7,8.6,8.6,3.01,11.5,15.64,98,72,Bangkalan,-6.9046,112.9834
2024-06-16,29.9,24.2,26.9,1.4,1.4,3.88,15.0,18.27,94,67,Bangkalan,-6.9046,112.9834
2024-06-17,30.4,24.8,27.5,1.9,1.9,4.25,19.2,18.45,87,63,Bangkalan,-6.9046,112.9834
2024-06-18,31.5,23.9,27.0,0.0,0.0,5.16,23.1,21.72,88,46,Bangkalan,-6.9046,112.9834
2024-06-19,31.2,22.5,26.4,0.0,0.0,4.75,15.6,20.89,90,48,Bangkalan,-6.9046,112.9834
2024-06-20,31.3,23.4,26.6,0.0,0.0,5.0,15.9,21.38,87,47,Bangkalan,-6.9046,112.9834
2024-06-21,30.9,22.6,26.5,0.0,0.0,5.11,16.4,21.27,86,46,Bangkalan,-6.9046,112.9834
2024-06-22,31.9,23.1,27.1,0.0,0.0,4.95,16.3,20.16,89,45,Bangkalan,-6.9046,112.9834
2024-06-23,31.0,23.2,27.1,0.7,0.7,4.07,17.4,18.01,94,56,Bangkalan,-6.9046,112.9834
2024-06-24,30.2,24.2,26.3,13.4,13.4,3.46,18.6,16.15,91,63,Bangkalan,-6.9046,112.9834
2024-06-25,30.7,23.9,27.1,0.6,0.6,4.23,17.1,19.23,95,58,Bangkalan,-6.9046,112.9834
2024-06-26,31.1,24.0,27.4,1.4,1.4,4.41,20.0,19.4,91,58,Bangkalan,-6.9046,112.9834
2024-06-27,30.6,25.0,27.4,0.3,0.3,4.24,17.6,19.45,92,61,Bangkalan,-6.9046,112.9834
2024-06-28,30.9,24.7,26.9,3.8,3.8,3.58,12.0,17.51,93,66,Bangkalan,-6.9046,112.9834
2024-06-29,32.0,24.8,27.9,0.2,0.2,4.67,15.1,19.86,94,53,Bangkalan,-6.9046,112.9834
2024-06-30,32.3,23.9,27.9,0.0,0.0,4.32,15.6,19.78,93,52,Bangkalan,-6.9046,112.9834
2024-07-01,31.1,24.2,27.3,0.6,0.6,4.15,9.6,19.7,94,55,Bangkalan,-6.9046,112.9834
2024-07-02,29.4,24.7,26.3,5.7,5.7,2.96,10.3,14.25,91,73,Bangkalan,-6.9046,112.9834
2024-07-03,30.9,24.4,27.1,0.2,0.2,3.19,17.7,11.55,94,58,Bangkalan,-6.9046,112.9834
2024-07-04,29.4,24.5,26.6,12.2,12.2,2.96,19.6,12.61,92,68,Bangkalan,-6.9046,112.9834
2024-07-05,31.5,24.4,27.3,0.0,0.0,4.79,17.3,20.06,88,52,Bangkalan,-6.9046,112.9834
2024-07-06,31.5,24.2,26.6,3.1,3.1,4.07,16.9,18.81,95,54,Bangkalan,-6.9046,112.9834
2024-07-07,29.4,23.4,26.0,1.9,1.9,3.48,11.0,17.04,97,67,Bangkalan,-6.9046,112.9834
2024-07-08,31.5,24.1,27.0,0.2,0.2,4.48,17.5,19.53,90,54,Bangkalan,-6.9046,112.9834
2024-07-09,31.7,22.8,26.8,0.4,0.4,4.43,17.1,20.92,92,52,Bangkalan,-6.9046,112.9834
2024-07-10,32.3,23.5,27.5,0.0,0.0,4.97,15.9,20.57,94,47,Bangkalan,-6.9046,112.9834
2024-07-11,31.8,24.0,27.4,0.0,0.0,5.42,18.1,21.11,78,43,Bangkalan,-6.9046,112.9834
2024-07-12,31.6,22.6,27.0,0.0,0.0,5.16,16.3,20.23,83,41,Bangkalan,-6.9046,112.9834
2024-07-13,31.1,22.6,26.6,0.0,0.0,5.26,21.4,21.43,92,36,Bangkalan,-6.9046,112.9834
2024-07-14,31.5,23.3,26.7,0.0,0.0,5.86,17.1,21.85,71,38,Bangkalan,-6.9046,112.9834
2024-07-15,31.8,22.9,26.8,0.0,0.0,5.45,22.8,21.05,80,43,Bangkalan,-6.9046,112.9834
2024-07-16,32.5,24.1,27.3,0.0,0.0,5.58,23.4,21.2,81,42,Bangkalan,-6.9046,112.9834
2024-07-17,31.8,23.0,27.1,0.0,0.0,5.29,21.3,19.47,81,42,Bangkalan,-6.9046,112.9834
2024-07-18,31.4,23.7,27.1,1.6,1.6,4.92,20.6,19.88,86,48,Bangkalan,-6.9046,112.9834
2024-07-19,32.5,24.0,27.6,0.0,0.0,5.59,18.7,21.62,86,39,Bangkalan,-6.9046,112.9834
2024-07-20,31.6,23.9,27.3,0.0,0.0,4.84,17.7,18.28,88,47,Bangkalan,-6.9046,112.9834
2024-07-21,31.1,23.9,27.2,0.0,0.0,4.89,19.6,19.2,83,49,Bangkalan,-6.9046,112.9834
2024-07-22,32.0,23.8,27.1,0.0,0.0,5.27,17.4,21.56,80,42,Bangkalan,-6.9046,112.9834
2024-07-23,32.0,24.0,27.1,0.0,0.0,4.57,15.7,20.46,88,46,Bangkalan,-6.9046,112.9834
2024-07-24,32.0,23.6,27.2,0.3,0.3,4.71,15.3,21.11,88,46,Bangkalan,-6.9046,112.9834
2024-07-25,32.0,24.2,27.2,0.4,0.4,5.02,17.3,21.14,79,44,Bangkalan,-6.9046,112.9834
2024-07-26,31.8,23.5,27.3,0.2,0.2,4.8,14.5,20.75,89,46,Bangkalan,-6.9046,112.9834
2024-07-27,32.0,24.1,27.2,0.2,0.2,4.91,17.5,21.54,85,48,Bangkalan,-6.9046,112.9834
2024-07-28,33.0,23.5,27.5,0.0,0.0,5.23,18.1,22.03,90,44,Bangkalan,-6.9046,112.9834
2024-07-29,31.9,23.4,27.1,1.0,1.0,4.79,16.6,21.07,87,48,Bangkalan,-6.9046,112.9834
2024-07-30,31.9,23.6,27.5,1.9,1.9,4.79,15.3,20.72,91,53,Bangkalan,-6.9046,112.9834
2024-07-31,31.0,24.9,27.4,7.5,7.5,4.31,16.8,19.63,89,60,Bangkalan,-6.9046,112.9834
2024-08-01,31.4,25.0,27.7,1.4,1.4,4.56,18.9,19.61,90,58,Bangkalan,-6.9046,112.9834
2024-08-02,31.0,24.6,27.0,1.8,1.8,3.91,18.9,17.92,88,60,Bangkalan,-6.9046,112.9834
2024-08-03,31.4,23.5,27.1,0.6,0.6,4.64,17.6,21.1,93,53,Bangkalan,-6.9046,112.9834
2024-08-04,32.5,24.4,27.5,0.2,0.2,5.18,16.6,21.81,88,44,Bangkalan,-6.9046,112.9834
2024-08-05,32.5,22.5,26.9,0.0,0.0,5.23,17.0,22.61,91,39,Bangkalan,-6.9046,112.9834
2024-08-06,32.2,22.8,27.0,0.2,0.2,5.4,18.2,22.75,92,43,Bangkalan,-6.9046,112.9834
2024-08-07,32.0,23.6,27.6,1.6,1.6,5.03,20.8,20.7,89,50,Bangkalan,-6.9046,112.9834
2024-08-08,32.2,24.7,28.1,1.2,1.2,5.33,16.9,21.1,88,46,Bangkalan,-6.9046,112.9834
2024-08-09,31.9,24.8,27.6,0.1,0.1,5.11,24.5,21.41,87,50,Bangkalan,-6.9046,112.9834
2024-08-10,32.1,24.0,27.5,0.4,0.4,5.18,22.8,21.07,90,49,Bangkalan,-6.9046,112.9834
2024-08-11,31.5,23.4,27.1,0.0,0.0,5.93,20.6,22.79,82,39,Bangkalan,-6.9046,112.9834
2024-08-12,30.6,22.9,26.6,0.0,0.0,5.81,16.5,22.76,76,41,Bangkalan,-6.9046,112.9834
2024-08-13,32.8,22.7,27.2,0.4,0.4,5.38,16.9,22.38,88,42,Bangkalan,-6.9046,112.9834
2024-08-14,32.2,23.5,27.4,0.6,0.6,5.56,17.9,22.62,88,43,Bangkalan,-6.9046,112.9834
2024-08-15,31.3,23.1,27.2,0.0,0.0,5.59,23.3,22.53,89,44,Bangkalan,-6.9046,112.9834
2024-08-16,31.5,23.1,26.9,0.0,0.0,5.54,19.1,23.19,79,46,Bangkalan,-6.9046,112.9834
2024-08-17,32.0,24.0,27.3,3.2,3.2,5.39,14.3,22.59,81,47,Bangkalan,-6.9046,112.9834
2024-08-18,32.2,22.8,27.0,0.0,0.0,5.27,19.1,23.09,91,48,Bangkalan,-6.9046,112.9834
2024-08-19,31.3,21.8,26.7,0.0,0.0,5.48,18.9,23.9,94,50,Bangkalan,-6.9046,112.9834
2024-08-20,31.6,22.5,26.8,0.0,0.0,5.27,16.5,23.8,93,46,Bangkalan,-6.9046,112.9834
2024-08-21,32.5,23.1,27.1,0.0,0.0,5.33,17.8,23.45,88,46,Bangkalan,-6.9046,112.9834
2024-08-22,30.9,21.9,26.4,0.0,0.0,4.85,14.5,22.75,96,57,Bangkalan,-6.9046,112.9834
2024-08-23,32.2,23.9,27.5,0.0,0.0,5.17,13.2,22.62,88,44,Bangkalan,-6.9046,112.9834
2024-08-24,32.5,22.7,27.2,0.6,0.6,5.3,19.4,23.39,91,39,Bangkalan,-6.9046,112.9834
2024-08-25,32.0,24.4,27.6,0.1,0.1,5.38,16.6,22.29,82,47,Bangkalan,-6.9046,112.9834
2024-08-26,32.6,24.0,27.9,0.4,0.4,5.51,20.2,23.53,88,48,Bangkalan,-6.9046,112.9834
2024-08-27,33.2,21.8,27.6,0.0,0.0,5.94,19.9,24.2,93,38,Bangkalan,-6.9046,112.9834
2024-08-28,32.3,22.0,27.1,0.0,0.0,4.41,15.6,18.25,86,43,Bangkalan,-6.9046,112.9834
2024-08-29,32.5,23.2,27.3,0.2,0.2,5.06,13.7,22.83,92,43,Bangkalan,-6.9046,112.9834
2024-08-30,32.0,23.8,27.5,0.0,0.0,5.81,17.1,24.18,78,44,Bangkalan,-6.9046,112.9834
2024-08-31,32.3,24.1,27.6,0.0,0.0,5.56,19.1,24.53,83,44,Bangkalan,-6.9046,112.9834
2024-09-01,31.8,23.6,27.6,0.6,0.6,5.18,15.0,23.58,89,50,Bangkalan,-6.9046,112.9834
2024-09-02,31.7,24.3,27.6,0.4,0.4,5.24,17.3,22.82,88,52,Bangkalan,-6.9046,112.9834
2024-09-03,32.3,23.8,27.5,0.4,0.4,5.1,17.6,21.92,86,45,Bangkalan,-6.9046,112.9834
2024-09-04,31.9,24.2,27.7,1.7,1.7,5.16,17.1,23.09,87,53,Bangkalan,-6.9046,112.9834
2024-09-05,32.8,24.5,28.1,0.5,0.5,5.36,15.0,24.07,89,46,Bangkalan,-6.9046,112.9834
2024-09-06,33.4,25.3,28.8,0.0,0.0,6.72,19.3,24.74,84,29,Bangkalan,-6.9046,112.9834
2024-09-07,33.5,24.8,28.8,0.3,0.3,6.35,21.3,23.01,84,41,Bangkalan,-6.9046,112.9834
2024-09-08,31.8,25.5,28.4,2.1,2.1,5.37,24.3,22.09,84,53,Bangkalan,-6.9046,112.9834
2024-09-09,32.6,24.5,28.1,1.6,1.6,5.14,16.5,23.41,89,52,Bangkalan,-6.9046,112.9834
2024-09-10,30.8,24.6,27.5,2.4,2.4,4.62,13.0,22.23,90,59,Bangkalan,-6.9046,112.9834
2024-09-11,32.8,24.4,27.9,2.0,2.0,5.2,14.9,23.61,93,46,Bangkalan,-6.9046,112.9834
2024-09-12,33.2,24.5,28.0,0.1,0.1,5.84,16.7,24.48,87,42,Bangkalan,-6.9046,112.9834
2024-09-13,32.5,23.4,27.6,0.3,0.3,5.63,15.5,24.47,80,41,Bangkalan,-6.9046,112.9834
2024-09-14,32.8,23.8,27.9,0.9,0.9,5.69,15.3,24.68,80,37,Bangkalan,-6.9046,112.9834
2024-09-15,33.3,24.4,28.1,1.3,1.3,5.91,17.6,24.72,79,38,Bangkalan,-6.9046,112.9834
2024-09-16,32.8,23.8,28.0,0.6,0.6,5.46,12.5,24.81,88,42,Bangkalan,-6.9046,112.9834
2024-09-17,33.1,23.6,27.7,0.0,0.0,6.07,18.2,25.33,84,37,Bangkalan,-6.9046,112.9834
2024-09-18,32.8,22.4,27.5,0.0,0.0,6.0,18.6,25.6,86,36,Bangkalan,-6.9046,112.9834
2024-09-19,31.4,23.6,27.5,0.0,0.0,5.79,18.0,25.93,83,49,Bangkalan,-6.9046,112.9834
2024-09-20,31.9,24.2,27.8,0.5,0.5,5.62,20.0,24.22,85,50,Bangkalan,-6.9046,112.9834
2024-09-21,32.0,24.2,28.0,0.0,0.0,5.59,18.6,24.54,89,51,Bangkalan,-6.9046,112.9834
2024-09-22,31.8,24.8,28.2,1.8,1.8,5.08,19.6,22.88,94,61,Bangkalan,-6.9046,112.9834
2024-09-23,31.6,25.4,28.3,0.4,0.4,4.8,16.3,21.69,91,58,Bangkalan,-6.9046,112.9834
2024-09-24,31.5,24.6,27.8,3.4,3.4,4.72,12.2,22.17,93,59,Bangkalan,-6.9046,112.9834
2024-09-25,31.4,24.6,27.3,11.3,11.3,4.56,11.9,22.28,94,62,Bangkalan,-6.9046,112.9834
2024-09-26,31.0,24.3,27.4,3.7,3.7,4.76,15.1,23.21,97,63,Bangkalan,-6.9046,112.9834
2024-09-27,31.4,23.4,27.2,1.1,1.1,4.6,13.6,21.95,96,63,Bangkalan,-6.9046,112.9834
2024-09-28,32.7,24.9,28.5,1.3,1.3,5.76,21.3,24.77,92,50,Bangkalan,-6.9046,112.9834
2024-09-29,32.9,25.5,28.7,0.8,0.8,5.82,17.5,24.98,88,49,Bangkalan,-6.9046,112.9834
2024-09-30,33.7,24.4,28.6,0.4,0.4,5.59,18.6,24.34,90,46,Bangkalan,-6.9046,112.9834
2024-10-01,32.4,24.1,28.2,1.6,1.6,5.37,14.3,24.1,95,52,Bangkalan,-6.9046,112.9834
2024-10-02,33.0,24.4,28.3,1.4,1.4,5.38,16.3,22.96,90,47,Bangkalan,-6.9046,112.9834
2024-10-03,33.4,24.9,28.7,0.3,0.3,5.88,21.6,23.92,88,47,Bangkalan,-6.9046,112.9834
2024-10-04,33.2,24.5,28.3,1.4,1.4,5.33,16.5,23.6,88,50,Bangkalan,-6.9046,112.9834
2024-10-05,33.4,24.8,28.5,1.3,1.3,5.57,14.5,24.37,94,45,Bangkalan,-6.9046,112.9834
2024-10-06,33.6,24.8,28.6,0.3,0.3,6.06,23.1,25.27,92,42,Bangkalan,-6.9046,112.9834
2024-10-07,33.2,24.4,28.6,1.5,1.5,5.84,16.9,24.65,92,45,Bangkalan,-6.9046,112.9834
2024-10-08,33.4,24.8,28.7,0.6,0.6,5.61,18.7,23.97,88,43,Bangkalan,-6.9046,112.9834
2024-10-09,33.6,25.2,28.9,0.9,0.9,6.05,17.6,24.75,87,45,Bangkalan,-6.9046,112.9834
2024-10-10,33.8,24.8,29.1,0.3,0.3,6.4,23.5,25.72,83,43,Bangkalan,-6.9046,112.9834
2024-10-11,33.5,25.3,29.0,2.9,2.9,5.76,16.1,24.31,89,46,Bangkalan,-6.9046,112.9834
2024-10-12,33.8,25.9,29.5,0.5,0.5,6.19,24.4,24.79,83,48,Bangkalan,-6.9046,112.9834
2024-10-13,34.5,26.0,29.4,0.2,0.2,5.83,17.5,24.52,87,42,Bangkalan,-6.9046,112.9834
2024-10-14,32.8,24.6,28.6,1.8,1.8,5.31,16.0,24.63,92,53,Bangkalan,-6.9046,112.9834
2024-10-15,31.5,25.6,28.4,2.0,2.0,5.19,16.1,24.62,91,64,Bangkalan,-6.9046,112.9834
2024-10-16,33.6,24.0,29.0,0.2,0.2,6.33,22.4,25.29,82,40,Bangkalan,-6.9046,112.9834
2024-10-17,33.8,24.3,29.1,0.2,0.2,6.65,15.8,26.06,74,30,Bangkalan,-6.9046,112.9834
2024-10-18,33.2,24.9,28.9,0.1,0.1,6.05,16.5,25.39,75,42,Bangkalan,-6.9046,112.9834
2024-10-19,33.0,25.7,29.0,1.2,1.2,5.78,18.8,24.59,82,46,Bangkalan,-6.9046,112.9834
2024-10-20,31.0,23.5,26.4,15.6,15.6,4.5,13.1,22.15,96,64,Bangkalan,-6.9046,112.9834
2024-10-21,30.9,23.9,27.0,4.9,4.9,4.73,12.3,22.72,96,61,Bangkalan,-6.9046,112.9834
2024-10-22,32.8,25.4,28.6,1.0,1.0,5.46,12.2,24.63,84,52,Bangkalan,-6.9046,112.9834
2024-10-23,32.8,24.9,28.5,0.9,0.9,5.32,13.8,24.2,89,48,Bangkalan,-6.9046,112.9834
2024-10-24,31.4,24.6,28.0,2.2,2.2,4.93,12.6,23.09,95,62,Bangkalan,-6.9046,112.9834
2024-10-25,32.7,24.5,28.7,0.6,0.6,5.65,15.8,25.41,93,54,Bangkalan,-6.9046,112.9834
2024-10-26,34.0,24.9,29.3,0.0,0.0,5.51,13.1,24.93,94,43,Bangkalan,-6.9046,112.9834
2024-10-27,32.8,24.2,28.8,0.5,0.5,5.52,13.1,25.26,94,59,Bangkalan,-6.9046,112.9834
2024-10-28,32.5,24.8,28.8,0.7,0.7,5.51,13.8,25.01,92,59,Bangkalan,-6.9046,112.9834
2024-10-29,34.4,25.3,29.3,0.1,0.1,5.67,17.0,24.71,92,41,Bangkalan,-6.9046,112.9834
2024-10-30,34.0,25.9,29.5,2.1,2.1,5.77,13.2,24.6,83,45,Bangkalan,-6.9046,112.9834
2024-10-31,32.5,23.8,28.7,7.2,7.2,5.12,13.0,23.07,94,57,Bangkalan,-6.9046,112.9834
2024-11-01,30.2,24.1,26.8,19.9,19.9,3.48,13.8,16.77,96,70,Bangkalan,-6.9046,112.9834
2024-11-02,29.4,24.4,27.2,3.8,3.8,4.14,11.7,20.66,90,72,Bangkalan,-6.9046,112.9834
2024-11-03,30.4,24.0,26.9,3.4,3.4,4.2,15.9,21.2,95,68,Bangkalan,-6.9046,112.9834
2024-11-04,30.2,25.0,27.1,4.3,4.3,3.88,15.5,18.94,96,67,Bangkalan,-6.9046,112.9834
2024-11-05,31.0,24.2,27.5,3.5,3.5,4.91,12.7,23.73,93,65,Bangkalan,-6.9046,112.9834
2024-11-06,32.3,23.6,27.9,1.6,1.6,5.39,16.8,24.71,94,53,Bangkalan,-6.9046,112.9834
2024-11-07,31.8,24.2,28.1,0.2,0.2,5.56,13.5,25.53,90,54,Bangkalan,-6.9046,112.9834
2024-11-08,31.7,24.6,27.6,13.5,13.5,4.66,11.7,22.14,96,57,Bangkalan,-6.9046,112.9834
2024-11-09,32.0,24.8,27.3,15.2,15.2,3.55,11.5,16.89,96,64,Bangkalan,-6.9046,112.9834
2024-11-10,29.5,24.1,26.4,11.6,11.6,3.71,13.3,18.78,98,73,Bangkalan,-6.9046,112.9834
2024-11-11,31.1,24.5,27.2,7.6,7.6,4.41,14.0,21.99,97,67,Bangkalan,-6.9046,112.9834
2024-11-12,30.6,23.9,27.5,1.2,1.2,4.96,15.7,24.18,96,67,Bangkalan,-6.9046,112.9834
2024-11-13,31.1,24.8,28.1,2.3,2.3,4.74,13.3,22.56,89,65,Bangkalan,-6.9046,112.9834
2024-11-14,31.5,25.2,28.4,1.1,1.1,5.29,13.2,24.1,89,56,Bangkalan,-6.9046,112.9834
2024-11-15,32.3,25.1,28.4,0.6,0.6,5.02,15.0,23.23,93,55,Bangkalan,-6.9046,112.9834
2024-11-16,29.6,25.1,27.4,4.9,4.9,4.46,14.2,22.46,97,73,Bangkalan,-6.9046,112.9834
2024-11-17,31.3,24.2,28.0,3.8,3.8,5.1,13.9,24.33,96,62,Bangkalan,-6.9046,112.9834
2024-11-18,31.9,24.1,27.0,11.8,11.8,4.48,15.3,22.27,97,62,Bangkalan,-6.9046,112.9834
2024-11-19,31.5,23.8,26.5,18.2,18.2,4.23,13.3,21.14,98,64,Bangkalan,-6.9046,112.9834
2024-11-20,31.0,24.0,26.8,5.0,5.0,3.76,10.8,18.48,97,68,Bangkalan,-6.9046,112.9834
2024-11-21,30.1,24.1,26.9,8.0,8.0,4.28,11.1,21.54,97,77,Bangkalan,-6.9046,112.9834
2024-11-22,30.1,24.2,26.9,7.3,7.3,3.7,13.5,18.53,98,74,Bangkalan,-6.9046,112.9834
2024-11-23,30.6,24.7,26.9,15.2,15.2,3.82,12.3,19.2,98,72,Bangkalan,-6.9046,112.9834
2024-11-24,30.4,24.3,26.7,6.9,6.9,3.85,14.5,19.76,98,72,Bangkalan,-6.9046,112.9834
2024-11-25,30.6,24.9,27.3,4.2,4.2,4.52,10.7,22.51,99,70,Bangkalan,-6.9046,112.9834
2024-11-26,30.4,23.6,26.8,10.3,10.3,4.19,11.0,20.92,99,71,Bangkalan,-6.9046,112.9834
2024-11-27,30.3,24.0,26.9,13.0,13.0,3.82,10.5,19.22,97,74,Bangkalan,-6.9046,112.9834
2024-11-28,30.8,24.2,26.2,37.4,37.4,3.24,10.7,16.38,99,73,Bangkalan,-6.9046,112.9834
2024-11-29,31.4,24.1,27.2,0.7,0.7,3.82,10.5,18.22,97,66,Bangkalan,-6.9046,112.9834
2024-11-30,30.1,24.9,26.6,15.2,15.2,3.89,9.8,19.5,96,74,Bangkalan,-6.9046,112.9834
2024-12-01,29.0,24.7,26.7,15.4,15.4,2.73,10.1,13.04,96,78,Bangkalan,-6.9046,112.9834
2024-12-02,29.2,24.5,26.3,16.9,16.9,3.47,11.8,17.79,97,77,Bangkalan,-6.9046,112.9834
2024-12-03,30.6,24.3,27.0,2.4,2.4,4.63,12.2,23.08,95,70,Bangkalan,-6.9046,112.9834
2024-12-04,28.8,24.5,26.7,4.1,4.1,2.98,10.0,14.67,99,79,Bangkalan,-6.9046,112.9834
2024-12-05,30.9,24.6,26.6,18.5,18.5,3.74,11.8,18.65,98,67,Bangkalan,-6.9046,112.9834
2024-12-06,25.5,24.4,24.8,49.4,49.4,0.82,15.5,3.6,98,94,Bangkalan,-6.9046,112.9834
2024-12-07,29.6,24.2,26.6,5.8,5.8,4.44,16.1,22.76,97,71,Bangkalan,-6.9046,112.9834
2024-12-08,29.5,24.8,26.9,5.9,5.9,3.47,23.6,17.65,97,77,Bangkalan,-6.9046,112.9834
2024-12-09,29.5,24.6,26.0,19.4,19.4,2.49,21.3,12.48,95,77,Bangkalan,-6.9046,112.9834
2024-12-10,30.4,24.9,26.7,11.1,11.1,4.03,19.1,21.07,96,72,Bangkalan,-6.9046,112.9834
2024-12-11,29.4,24.4,26.2,15.1,15.1,3.2,17.5,15.7,97,73,Bangkalan,-6.9046,112.9834
2024-12-12,29.0,24.0,26.0,4.6,4.6,2.98,10.4,14.63,97,78,Bangkalan,-6.9046,112.9834
2024-12-13,28.8,24.4,26.3,15.8,15.8,3.2,13.1,15.93,97,77,Bangkalan,-6.9046,112.9834
2024-12-14,26.9,23.8,25.3,20.1,20.1,2.3,16.8,11.99,98,86,Bangkalan,-6.9046,112.9834
2024-12-15,28.8,24.7,25.9,19.6,19.6,2.41,16.3,12.23,97,78,Bangkalan,-6.9046,112.9834
2024-12-16,27.5,24.2,25.8,15.4,15.4,1.85,13.5,8.84,98,83,Bangkalan,-6.9046,112.9834
2024-12-17,28.5,24.7,26.3,3.9,3.9,3.27,17.8,16.67,97,80,Bangkalan,-6.9046,112.9834
2024-12-18,30.2,24.5,26.6,10.7,10.7,3.7,14.2,18.86,97,72,Bangkalan,-6.9046,112.9834
2024-12-19,30.4,24.2,27.4,3.0,3.0,5.05,20.3,24.75,94,66,Bangkalan,-6.9046,112.9834
2024-12-20,30.0,25.7,27.4,10.2,10.2,4.54,22.8,22.76,94,73,Bangkalan,-6.9046,112.9834
2024-12-21,28.9,24.9,26.3,20.0,20.0,2.91,21.0,15.04,97,80,Bangkalan,-6.9046,112.9834
2024-12-22,29.3,24.1,25.7,13.7,13.7,2.94,17.3,15.61,96,77,Bangkalan,-6.9046,112.9834
2024-12-23,29.6,23.9,26.0,3.2,3.2,4.06,15.5,21.58,97,78,Bangkalan,-6.9046,112.9834
2024-12-24,29.6,23.9,25.9,20.4,20.4,4.26,18.0,23.28,97,77,Bangkalan,-6.9046,112.9834
2024-12-25,28.8,24.5,25.8,17.7,17.7,2.72,17.7,14.34,96,80,Bangkalan,-6.9046,112.9834
2024-12-26,29.4,24.2,26.2,15.0,15.0,3.75,17.0,19.44,97,75,Bangkalan,-6.9046,112.9834
2024-12-27,29.7,25.4,27.4,1.7,1.7,4.11,19.6,20.44,96,67,Bangkalan,-6.9046,112.9834
2024-12-28,28.5,25.3,26.5,20.0,20.0,2.94,18.6,15.36,94,80,Bangkalan,-6.9046,112.9834
2024-12-29,28.7,25.2,26.7,1.9,1.9,3.33,17.6,15.67,93,74,Bangkalan,-6.9046,112.9834
2024-12-30,29.5,24.9,26.7,9.6,9.6,4.24,18.9,21.8,94,70,Bangkalan,-6.9046,112.9834
2024-12-31,28.5,24.9,26.3,14.6,14.6,3.6,30.0,18.85,96,74,Bangkalan,-6.9046,112.9834
2025-01-01,26.1,24.2,24.9,38.2,38.2,1.51,15.3,7.75,98,89,Bangkalan,-6.9046,112.9834
2025-01-02,27.4,24.0,25.3,19.6,19.6,2.42,14.0,12.68,98,85,Bangkalan,-6.9046,112.9834
2025-01-03,30.6,23.8,26.5,4.7,4.7,4.48,12.6,22.31,98,64,Bangkalan,-6.9046,112.9834
2025-01-04,29.5,23.5,26.2,5.0,5.0,3.98,12.1,20.24,96,69,Bangkalan,-6.9046,112.9834
2025-01-05,28.6,24.0,25.6,5.9,5.9,2.96,10.6,15.09,98,82,Bangkalan,-6.9046,112.9834
2025-01-06,28.0,24.2,25.6,11.4,11.4,3.18,13.2,16.59,97,82,Bangkalan,-6.9046,112.9834
2025-01-07,27.8,24.0,26.0,3.9,3.9,3.76,13.7,19.8,98,80,Bangkalan,-6.9046,112.9834
2025-01-08,28.4,24.2,26.1,5.8,5.8,3.51,25.2,19.08,97,76,Bangkalan,-6.9046,112.9834
2025-01-09,29.9,24.0,27.0,1.1,1.1,4.45,20.9,22.29,96,69,Bangkalan,-6.9046,112.9834
2025-01-10,30.0,24.4,26.5,8.1,8.1,3.7,12.0,18.71,97,74,Bangkalan,-6.9046,112.9834
2025-01-11,30.0,24.4,26.3,7.7,7.7,3.71,13.1,18.66,97,73,Bangkalan,-6.9046,112.9834
2025-01-12,29.8,24.4,25.9,28.5,28.5,3.3,16.6,17.09,96,75,Bangkalan,-6.9046,112.9834
2025-01-13,28.9,24.1,26.2,5.3,5.3,3.57,10.2,18.13,97,76,Bangkalan,-6.9046,112.9834
2025-01-14,28.7,23.5,25.7,15.4,15.4,4.09,16.6,21.86,98,79,Bangkalan,-6.9046,112.9834
2025-01-15,28.8,23.0,25.9,9.4,9.4,3.62,15.0,18.07,98,76,Bangkalan,-6.9046,112.9834
2025-01-16,28.5,23.0,26.2,20.5,20.5,3.97,20.8,20.79,99,77,Bangkalan,-6.9046,112.9834
2025-01-17,28.8,24.8,26.3,8.9,8.9,3.75,25.9,20.7,95,78,Bangkalan,-6.9046,112.9834
2025-01-18,28.0,24.5,26.4,12.1,12.1,3.46,28.5,18.89,96,80,Bangkalan,-6.9046,112.9834
2025-01-19,29.4,25.0,26.6,11.7,11.7,4.22,23.0,21.75,97,71,Bangkalan,-6.9046,112.9834
2025-01-20,28.5,24.5,25.6,24.9,24.9,2.83,22.7,15.24,96,76,Bangkalan,-6.9046,112.9834
2025-01-21,28.6,23.9,25.5,7.0,7.0,2.88,19.3,15.17,97,78,Bangkalan,-6.9046,112.9834
2025-01-22,29.2,23.5,25.8,15.7,15.7,4.17,11.0,21.5,98,75,Bangkalan,-6.9046,112.9834
2025-01-23,27.7,24.1,25.3,15.6,15.6,2.08,13.4,10.63,98,81,Bangkalan,-6.9046,112.9834
2025-01-24,28.8,23.6,25.9,0.9,0.9,3.56,10.9,17.67,97,72,Bangkalan,-6.9046,112.9834
2025-01-25,29.4,24.0,26.5,10.8,10.8,4.37,16.2,22.33,96,77,Bangkalan,-6.9046,112.9834
2025-01-26,29.6,23.9,26.0,12.4,12.4,3.61,12.8,18.53,99,77,Bangkalan,-6.9046,112.9834
2025-01-27,27.8,24.2,25.6,19.7,19.7,2.39,18.3,12.02,97,80,Bangkalan,-6.9046,112.9834
2025-01-28,27.8,24.1,25.7,9.3,9.3,3.42,19.6,18.64,97,80,Bangkalan,-6.9046,112.9834
2025-01-29,26.4,23.8,24.9,27.3,27.3,2.57,29.6,15.07,97,85,Bangkalan,-6.9046,112.9834
2025-01-30,25.7,23.9,24.6,15.9,15.9,1.59,33.0,7.79,97,85,Bangkalan,-6.9046,112.9834
2025-01-31,27.5,24.0,25.9,3.4,3.4,2.43,26.8,10.65,95,76,Bangkalan,-6.9046,112.9834
2025-02-01,28.2,23.6,26.9,4.7,4.7,4.54,26.4,21.34,95,77,Bangkalan,-6.9046,112.9834
2025-02-02,28.5,24.2,26.2,8.4,8.4,3.79,27.4,19.02,96,76,Bangkalan,-6.9046,112.9834
2025-02-03,29.1,24.8,27.2,2.3,2.3,4.63,28.4,22.23,93,74,Bangkalan,-6.9046,112.9834
2025-02-04,28.5,24.4,26.7,5.6,5.6,4.23,27.9,20.89,95,78,Bangkalan,-6.9046,112.9834
2025-02-05,28.4,23.5,26.1,13.3,13.3,3.87,26.2,20.68,96,79,Bangkalan,-6.9046,112.9834
2025-02-06,28.1,24.2,26.2,5.7,5.7,4.06,32.8,21.61,95,76,Bangkalan,-6.9046,112.9834
2025-02-07,28.5,24.0,26.1,5.6,5.6,3.59,25.5,19.53,97,80,Bangkalan,-6.9046,112.9834
2025-02-08,29.3,24.6,26.5,2.7,2.7,4.36,24.1,22.68,96,72,Bangkalan,-6.9046,112.9834
2025-02-09,28.4,24.4,26.2,3.6,3.6,3.74,27.8,19.78,94,79,Bangkalan,-6.9046,112.9834
2025-02-10,27.8,25.2,26.1,6.3,6.3,3.96,27.3,21.41,91,83,Bangkalan,-6.9046,112.9834
2025-02-11,28.6,25.1,26.8,2.8,2.8,4.36,24.2,22.07,90,76,Bangkalan,-6.9046,112.9834
2025-02-12,30.1,25.0,27.2,3.5,3.5,4.98,20.5,24.42,91,69,Bangkalan,-6.9046,112.9834
2025-02-13,29.2,24.8,26.4,5.2,5.2,3.86,20.3,20.15,95,72,Bangkalan,-6.9046,112.9834
2025-02-14,28.6,24.8,26.6,1.8,1.8,4.17,18.0,22.19,97,78,Bangkalan,-6.9046,112.9834
2025-02-15,29.1,24.0,26.5,2.2,2.2,4.45,20.6,24.16,97,76,Bangkalan,-6.9046,112.9834
2025-02-16,30.0,23.8,27.0,0.6,0.6,4.99,16.2,25.56,98,70,Bangkalan,-6.9046,112.9834
2025-02-17,28.4,22.7,25.3,27.3,27.3,4.03,16.8,22.46,98,79,Bangkalan,-6.9046,112.9834
2025-02-18,28.5,23.8,25.9,6.3,6.3,4.13,12.7,22.05,97,79,Bangkalan,-6.9046,112.9834
2025-02-19,29.5,23.4,26.6,5.3,5.3,4.77,15.3,23.4,98,70,Bangkalan,-6.9046,112.9834
2025-02-20,29.2,24.3,26.2,6.8,6.8,3.44,13.2,17.33,96,71,Bangkalan,-6.9046,112.9834
2025-02-21,29.5,24.1,26.4,2.9,2.9,4.13,14.7,20.87,96,75,Bangkalan,-6.9046,112.9834
2025-02-22,28.5,23.8,25.6,20.8,20.8,3.48,19.4,18.84,97,79,Bangkalan,-6.9046,112.9834
2025-02-23,27.0,23.4,24.7,39.6,39.6,2.22,10.0,11.33,98,84,Bangkalan,-6.9046,112.9834
2025-02-24,28.4,23.0,24.9,8.0,8.0,3.31,16.6,17.61,98,78,Bangkalan,-6.9046,112.9834
2025-02-25,29.3,23.4,26.0,3.8,3.8,4.46,11.1,22.82,98,72,Bangkalan,-6.9046,112.9834
2025-02-26,27.5,23.1,25.4,12.2,12.2,3.09,13.7,16.05,98,80,Bangkalan,-6.9046,112.9834
2025-02-27,29.5,23.8,26.3,7.4,7.4,4.58,9.1,23.4,97,72,Bangkalan,-6.9046,112.9834
2025-02-28,29.1,23.5,25.9,14.5,14.5,4.4,12.1,23.12,98,77,Bangkalan,-6.9046,112.9834
2025-03-01,30.2,23.5,26.5,5.4,5.4,4.9,9.4,24.95,97,69,Bangkalan,-6.9046,112.9834
2025-03-02,30.5,24.0,27.1,0.4,0.4,4.9,12.4,24.39,97,64,Bangkalan,-6.9046,112.9834
2025-03-03,30.2,24.4,27.1,3.6,3.6,4.73,10.5,23.78,94,68,Bangkalan,-6.9046,112.9834
2025-03-04,29.9,24.4,26.9,0.9,0.9,4.33,10.8,21.94,96,73,Bangkalan,-6.9046,112.9834
2025-03-05,30.6,24.4,27.4,2.3,2.3,4.88,11.3,24.26,95,67,Bangkalan,-6.9046,112.9834
2025-03-06,30.8,24.6,26.8,6.5,6.5,3.86,10.7,19.29,98,71,Bangkalan,-6.9046,112.9834
2025-03-07,29.6,23.5,25.6,6.6,6.6,4.12,14.6,21.58,99,76,Bangkalan,-6.9046,112.9834
2025-03-08,29.3,23.5,25.5,30.0,30.0,4.01,12.1,21.21,98,78,Bangkalan,-6.9046,112.9834
2025-03-09,28.2,23.5,25.8,12.7,12.7,3.51,15.7,18.74,99,78,Bangkalan,-6.9046,112.9834
2025-03-10,27.6,23.8,25.5,19.9,19.9,2.88,15.0,15.57,98,84,Bangkalan,-6.9046,112.9834
2025-03-11,30.0,24.4,27.1,0.1,0.1,4.59,12.7,23.19,98,70,Bangkalan,-6.9046,112.9834
2025-03-12,30.9,24.5,27.3,3.5,3.5,4.87,13.8,24.08,96,66,Bangkalan,-6.9046,112.9834
2025-03-13,29.7,24.2,26.8,3.6,3.6,4.42,12.8,22.53,95,73,Bangkalan,-6.9046,112.9834
2025-03-14,29.0,24.2,26.1,5.7,5.7,3.33,10.0,16.93,96,78,Bangkalan,-6.9046,112.9834
2025-03-15,28.4,24.0,25.7,14.4,14.4,2.98,15.5,15.6,97,79,Bangkalan,-6.9046,112.9834
2025-03-16,28.2,23.8,25.4,7.5,7.5,3.1,15.7,16.34,98,81,Bangkalan,-6.9046,112.9834
2025-03-17,27.9,23.8,25.5,10.9,10.9,2.93,19.1,15.9,97,81,Bangkalan,-6.9046,112.9834
2025-03-18,29.4,24.1,26.4,3.3,3.3,4.11,21.5,21.48,96,73,Bangkalan,-6.9046,112.9834
2025-03-19,30.5,23.7,26.1,16.6,16.6,3.88,18.3,20.08,96,69,Bangkalan,-6.9046,112.9834
2025-03-20,30.4,24.4,27.1,1.7,1.7,4.7,18.9,23.14,97,65,Bangkalan,-6.9046,112.9834
2025-03-21,30.5,25.5,27.5,2.1,2.1,4.55,21.4,21.75,91,65,Bangkalan,-6.9046,112.9834
2025-03-22,29.5,25.5,26.7,5.2,5.2,3.52,24.0,16.91,94,72,Bangkalan,-6.9046,112.9834
2025-03-23,28.9,25.0,27.0,1.9,1.9,3.63,24.7,16.43,94,74,Bangkalan,-6.9046,112.9834
2025-03-24,28.8,24.6,26.8,14.0,14.0,3.62,30.3,17.93,96,73,Bangkalan,-6.9046,112.9834
2025-03-25,29.4,25.8,27.6,2.3,2.3,4.29,25.9,20.52,90,75,Bangkalan,-6.9046,112.9834
2025-03-26,30.3,24.6,27.7,4.9,4.9,4.34,19.9,21.03,96,71,Bangkalan,-6.9046,112.9834
2025-03-27,30.0,24.2,27.0,1.0,1.0,3.77,14.7,18.67,96,73,Bangkalan,-6.9046,112.9834
2025-03-28,29.9,24.8,26.7,7.1,7.1,3.87,18.2,19.39,97,73,Bangkalan,-6.9046,112.9834
2025-03-29,30.1,24.0,26.2,9.1,9.1,3.96,17.0,19.95,97,69,Bangkalan,-6.9046,112.9834
2025-03-30,29.8,24.8,26.5,2.0,2.0,2.98,18.1,14.82,95,69,Bangkalan,-6.9046,112.9834
2025-03-31,30.2,24.1,26.6,9.0,9.0,4.06,14.8,20.83,97,73,Bangkalan,-6.9046,112.9834
2025-04-01,29.6,23.7,25.9,4.7,4.7,4.19,14.9,21.9,97,71,Bangkalan,-6.9046,112.9834
2025-04-02,29.4,23.0,25.7,12.3,12.3,4.21,10.2,21.72,98,75,Bangkalan,-6.9046,112.9834
2025-04-03,30.9,23.3,26.0,11.8,11.8,4.26,14.7,21.57,98,65,Bangkalan,-6.9046,112.9834
2025-04-04,29.2,23.3,26.2,10.9,10.9,4.31,15.2,21.61,98,68,Bangkalan,-6.9046,112.9834
2025-04-05,27.8,23.5,25.5,5.8,5.8,2.73,10.7,13.88,99,79,Bangkalan,-6.9046,112.9834
2025-04-06,30.6,23.8,27.1,1.0,1.0,4.66,12.5,22.24,97,59,Bangkalan,-6.9046,112.9834
2025-04-07,30.8,24.8,27.5,1.7,1.7,4.95,12.0,23.08,88,57,Bangkalan,-6.9046,112.9834
2025-04-08,31.0,24.2,26.8,18.4,18.4,4.38,14.5,21.56,97,62,Bangkalan,-6.9046,112.9834
2025-04-09,30.4,23.9,27.2,1.6,1.6,4.53,14.1,22.35,98,65,Bangkalan,-6.9046,112.9834
2025-04-10,29.8,24.8,27.0,2.0,2.0,4.12,16.3,21.12,91,68,Bangkalan,-6.9046,112.9834
2025-04-11,30.9,24.5,26.7,17.5,17.5,3.92,13.0,19.92,96,63,Bangkalan,-6.9046,112.9834
2025-04-12,30.5,24.3,27.0,1.0,1.0,4.26,13.3,21.32,96,69,Bangkalan,-6.9046,112.9834
2025-04-13,30.5,24.4,27.1,2.3,2.3,4.42,10.4,22.1,96,69,Bangkalan,-6.9046,112.9834
2025-04-14,30.1,24.2,26.8,1.2,1.2,4.06,12.4,20.16,99,68,Bangkalan,-6.9046,112.9834
2025-04-15,30.8,24.5,27.6,0.8,0.8,4.28,9.9,20.29,97,60,Bangkalan,-6.9046,112.9834
2025-04-16,31.1,24.5,27.6,6.7,6.7,4.24,9.6,20.73,97,63,Bangkalan,-6.9046,112.9834
2025-04-17,29.0,24.7,26.4,9.7,9.7,3.55,15.9,18.13,99,76,Bangkalan,-6.9046,112.9834
2025-04-18,28.0,25.0,26.1,13.3,13.3,2.58,18.2,13.36,98,78,Bangkalan,-6.9046,112.9834
2025-04-19,30.2,24.5,27.0,3.0,3.0,4.39,12.2,22.09,97,71,Bangkalan,-6.9046,112.9834
2025-04-20,29.2,24.2,26.3,13.4,13.4,3.85,9.0,19.94,99,81,Bangkalan,-6.9046,112.9834
2025-04-21,29.2,23.9,26.2,5.4,5.4,3.57,11.2,18.06,97,77,Bangkalan,-6.9046,112.9834
2025-04-22,30.2,23.3,26.2,3.9,3.9,4.24,9.8,21.38,96,72,Bangkalan,-6.9046,112.9834
2025-04-23,31.4,23.5,27.1,0.7,0.7,4.7,11.7,23.03,96,54,Bangkalan,-6.9046,112.9834
2025-04-24,29.6,24.0,27.1,0.2,0.2,4.43,10.1,21.99,95,70,Bangkalan,-6.9046,112.9834
2025-04-25,30.2,23.3,27.3,1.8,1.8,4.09,9.7,20.11,96,66,Bangkalan,-6.9046,112.9834
2025-04-26,31.0,23.4,27.0,1.3,1.3,4.43,12.4,21.06,97,62,Bangkalan,-6.9046,112.9834
2025-04-27,31.8,23.5,27.4,1.8,1.8,4.62,9.4,21.81,95,52,Bangkalan,-6.9046,112.9834
2025-04-28,31.4,23.9,27.8,1.5,1.5,4.85,12.5,21.73,91,50,Bangkalan,-6.9046,112.9834
2025-04-29,32.8,24.4,28.4,0.0,0.0,5.35,11.9,22.8,83,40,Bangkalan,-6.9046,112.9834
2025-04-30,32.3,24.8,28.3,0.4,0.4,5.07,12.2,21.97,84,45,Bangkalan,-6.9046,112.9834
2025-05-01,31.8,24.6,28.0,1.8,1.8,4.59,12.7,21.15,87,53,Bangkalan,-6.9046,112.9834
2025-05-02,29.1,24.9,27.2,1.4,1.4,3.16,10.6,14.97,91,72,Bangkalan,-6.9046,112.9834
2025-05-03,32.0,25.5,28.2,1.9,1.9,4.31,14.2,19.57,85,57,Bangkalan,-6.9046,112.9834
2025-05-04,31.2,25.1,27.7,1.8,1.8,4.28,17.2,20.22,91,61,Bangkalan,-6.9046,112.9834
2025-05-05,33.0,25.0,28.3,1.1,1.1,4.62,15.4,20.68,94,53,Bangkalan,-6.9046,112.9834
2025-05-06,31.8,25.1,27.6,3.4,3.4,4.02,11.4,19.08,94,62,Bangkalan,-6.9046,112.9834
2025-05-07,31.3,24.2,26.8,11.1,11.1,3.81,10.8,18.66,97,62,Bangkalan,-6.9046,112.9834
2025-05-08,30.2,24.9,26.9,1.8,1.8,3.55,12.2,17.73,95,72,Bangkalan,-6.9046,112.9834
2025-05-09,29.5,24.2,26.0,23.3,23.3,2.91,13.1,15.23,98,77,Bangkalan,-6.9046,112.9834
2025-05-10,30.1,24.2,26.4,6.0,6.0,3.62,11.7,18.26,97,68,Bangkalan,-6.9046,112.9834
2025-05-11,29.8,23.6,25.9,21.1,21.1,3.55,14.3,17.95,98,75,Bangkalan,-6.9046,112.9834
2025-05-12,29.1,23.6,25.5,6.5,6.5,3.2,15.7,17.03,97,76,Bangkalan,-6.9046,112.9834
2025-05-13,28.0,24.1,25.6,4.2,4.2,2.87,16.3,15.04,97,81,Bangkalan,-6.9046,112.9834
2025-05-14,28.7,24.2,25.9,6.9,6.9,2.97,12.0,15.53,95,79,Bangkalan,-6.9046,112.9834
2025-05-15,28.9,24.2,25.9,21.9,21.9,3.22,12.3,16.93,98,81,Bangkalan,-6.9046,112.9834
2025-05-16,28.9,24.0,25.9,18.3,18.3,2.71,11.7,14.24,98,83,Bangkalan,-6.9046,112.9834
2025-05-17,27.5,23.5,25.1,20.8,20.8,1.88,12.4,9.63,99,86,Bangkalan,-6.9046,112.9834
2025-05-18,28.8,24.2,25.8,28.7,28.7,2.4,14.4,12.39,97,80,Bangkalan,-6.9046,112.9834
2025-05-19,29.6,23.8,25.8,14.5,14.5,2.48,12.3,12.73,98,80,Bangkalan,-6.9046,112.9834
2025-05-20,30.0,23.8,26.5,0.8,0.8,3.55,13.2,17.41,97,70,Bangkalan,-6.9046,112.9834
2025-05-21,30.5,24.9,27.4,0.2,0.2,4.14,14.6,19.66,91,68,Bangkalan,-6.9046,112.9834
2025-05-22,29.6,25.0,26.7,16.9,16.9,3.36,13.4,16.85,95,71,Bangkalan,-6.9046,112.9834
2025-05-23,28.0,23.6,25.6,22.8,22.8,2.88,14.8,15.21,99,80,Bangkalan,-6.9046,112.9834
2025-05-24,29.0,24.2,26.4,2.1,2.1,3.46,11.6,17.92,98,76,Bangkalan,-6.9046,112.9834
2025-05-25,29.5,24.5,27.0,4.6,4.6,3.7,9.3,18.66,97,75,Bangkalan,-6.9046,112.9834
2025-05-26,28.8,24.3,26.3,9.0,9.0,2.8,19.0,14.71,96,74,Bangkalan,-6.9046,112.9834
2025-05-27,28.9,24.1,26.5,0.9,0.9,2.81,13.5,13.73,98,72,Bangkalan,-6.9046,112.9834
2025-05-28,30.0,25.2,27.0,4.3,4.3,3.13,9.3,15.14,95,74,Bangkalan,-6.9046,112.9834
2025-05-29,30.4,24.6,27.4,3.7,3.7,3.72,11.7,18.64,97,71,Bangkalan,-6.9046,112.9834
2025-05-30,31.0,24.9,27.5,2.6,2.6,4.04,8.8,19.86,94,65,Bangkalan,-6.9046,112.9834
2025-05-31,30.0,23.6,26.8,13.5,13.5,3.72,14.6,18.84,98,74,Bangkalan,-6.9046,112.9834
2025-06-01,28.3,23.2,25.6,4.6,4.6,2.3,13.6,11.22,98,79,Bangkalan,-6.9046,112.9834
2025-06-02,28.8,23.8,26.2,0.8,0.8,3.49,10.0,17.68,96,77,Bangkalan,-6.9046,112.9834
2025-06-03,30.9,24.4,27.4,0.2,0.2,4.07,13.1,19.1,94,64,Bangkalan,-6.9046,112.9834
2025-06-04,30.5,24.6,27.3,0.2,0.2,3.95,12.6,18.69,91,65,Bangkalan,-6.9046,112.9834
2025-06-05,31.4,24.9,27.7,0.0,0.0,4.57,14.4,20.67,91,55,Bangkalan,-6.9046,112.9834
2025-06-06,31.8,24.2,27.5,0.0,0.0,4.52,12.7,20.51,87,53,Bangkalan,-6.9046,112.9834
2025-06-07,31.2,23.9,27.6,0.0,0.0,4.33,15.1,20.12,93,57,Bangkalan,-6.9046,112.9834
2025-06-08,30.5,24.6,27.0,12.2,12.2,3.64,10.3,17.61,95,65,Bangkalan,-6.9046,112.9834
2025-06-09,29.0,23.6,25.4,44.4,44.4,2.56,13.7,13.18,98,74,Bangkalan,-6.9046,112.9834
2025-06-10,29.8,24.3,27.0,0.6,0.6,3.72,11.8,17.84,91,68,Bangkalan,-6.9046,112.9834
2025-06-11,30.8,24.0,27.4,0.1,0.1,4.29,14.0,19.07,92,61,Bangkalan,-6.9046,112.9834
2025-06-12,31.8,24.4,27.7,0.0,0.0,4.9,17.1,20.02,88,52,Bangkalan,-6.9046,112.9834
2025-06-13,30.2,24.5,27.0,4.5,4.5,3.74,16.5,16.7,93,65,Bangkalan,-6.9046,112.9834
2025-06-14,30.9,24.7,26.3,12.1,12.1,3.37,21.5,16.9,95,67,Bangkalan,-6.9046,112.9834
2025-06-15,31.0,24.9,27.4,1.5,1.5,3.77,12.7,17.72,94,65,Bangkalan,-6.9046,112.9834
2025-06-16,30.7,24.8,27.1,1.9,1.9,3.73,15.5,18.01,93,67,Bangkalan,-6.9046,112.9834
2025-06-17,30.5,24.0,27.0,0.6,0.6,3.98,13.9,18.49,91,64,Bangkalan,-6.9046,112.9834
2025-06-18,32.2,24.3,27.8,0.2,0.2,4.94,13.2,20.33,86,43,Bangkalan,-6.9046,112.9834
2025-06-19,30.7,24.9,27.6,0.1,0.1,3.35,14.3,13.53,80,45,Bangkalan,-6.9046,112.9834
2025-06-20,27.5,24.2,25.7,3.8,3.8,1.67,13.1,7.17,95,73,Bangkalan,-6.9046,112.9834
2025-06-21,30.5,23.0,26.2,2.8,2.8,3.51,13.0,16.48,91,56,Bangkalan,-6.9046,112.9834
2025-06-22,29.9,23.5,26.6,3.3,3.3,3.67,16.2,16.37,96,64,Bangkalan,-6.9046,112.9834
2025-06-23,32.3,24.4,27.6,0.0,0.0,4.95,15.9,19.69,88,46,Bangkalan,-6.9046,112.9834
2025-06-24,31.0,24.5,27.1,1.0,1.0,4.01,15.5,16.81,86,55,Bangkalan,-6.9046,112.9834
2025-06-25,31.0,23.9,27.6,0.0,0.0,3.65,16.8,13.45,93,53,Bangkalan,-6.9046,112.9834
2025-06-26,30.9,24.4,27.3,3.2,3.2,4.16,18.7,16.89,88,60,Bangkalan,-6.9046,112.9834
2025-06-27,31.5,25.3,27.4,4.7,4.7,4.16,19.2,17.99,88,57,Bangkalan,-6.9046,112.9834
2025-06-28,30.0,24.0,26.1,11.2,11.2,3.65,15.3,17.6,98,64,Bangkalan,-6.9046,112.9834
2025-06-29,30.9,23.5,26.5,0.4,0.4,3.82,18.5,17.3,93,58,Bangkalan,-6.9046,112.9834
2025-06-30,30.0,24.0,26.7,0.6,0.6,3.75,18.3,16.08,90,62,Bangkalan,-6.9046,112.9834
2025-07-01,31.0,24.6,27.2,1.7,1.7,4.28,15.4,19.61,91,55,Bangkalan,-6.9046,112.9834
2025-07-02,32.0,24.1,27.7,0.1,0.1,4.62,15.6,19.67,91,53,Bangkalan,-6.9046,112.9834
2025-07-03,31.1,24.2,26.7,11.0,11.0,3.96,13.6,18.41,91,57,Bangkalan,-6.9046,112.9834
2025-07-04,30.8,23.9,26.5,2.0,2.0,4.17,14.7,19.65,94,62,Bangkalan,-6.9046,112.9834
2025-07-05,29.5,24.0,25.8,4.8,4.8,3.32,17.0,16.06,93,63,Bangkalan,-6.9046,112.9834
2025-07-06,27.2,23.4,24.9,23.2,23.2,2.37,14.9,12.37,97,80,Bangkalan,-6.9046,112.9834
2025-07-07,29.0,23.8,25.5,32.6,32.6,3.33,12.7,17.47,96,73,Bangkalan,-6.9046,112.9834
2025-07-08,30.1,23.0,26.1,0.3,0.3,4.19,17.3,19.3,95,61,Bangkalan,-6.9046,112.9834
2025-07-09,29.0,22.8,25.6,0.0,0.0,4.67,19.4,21.62,87,56,Bangkalan,-6.9046,112.9834
2025-07-10,29.4,20.6,25.2,0.0,0.0,4.34,15.1,21.38,95,56,Bangkalan,-6.9046,112.9834
2025-07-11,29.6,22.2,25.7,0.0,0.0,4.16,16.7,19.11,85,56,Bangkalan,-6.9046,112.9834
2025-07-12,29.2,23.5,25.6,12.0,12.0,3.2,19.7,15.4,94,70,Bangkalan,-6.9046,112.9834
2025-07-13,30.1,24.8,26.9,1.7,1.7,4.28,20.0,19.7,88,66,Bangkalan,-6.9046,112.9834
2025-07-14,30.5,23.2,26.7,0.4,0.4,4.57,17.4,20.74,95,58,Bangkalan,-6.9046,112.9834
2025-07-15,30.0,24.1,26.5,1.6,1.6,3.93,15.7,19.11,94,65,Bangkalan,-6.9046,112.9834
2025-07-16,30.6,23.5,26.6,0.5,0.5,4.48,22.2,20.22,96,57,Bangkalan,-6.9046,112.9834
2025-07-17,30.4,22.5,26.1,0.0,0.0,4.41,14.7,20.84,97,57,Bangkalan,-6.9046,112.9834
2025-07-18,29.5,22.6,25.8,1.0,1.0,4.31,13.0,20.49,90,58,Bangkalan,-6.9046,112.9834
2025-07-19,29.3,21.9,25.5,0.1,0.1,4.28,12.3,20.33,91,56,Bangkalan,-6.9046,112.9834
2025-07-20,29.6,22.1,25.4,0.0,0.0,4.66,15.2,21.37,88,49,Bangkalan,-6.9046,112.9834
2025-07-21,29.7,21.2,25.3,0.0,0.0,4.68,13.7,21.87,86,47,Bangkalan,-6.9046,112.9834
2025-07-22,30.6,22.2,26.1,0.0,0.0,4.47,14.9,21.23,90,52,Bangkalan,-6.9046,112.9834
2025-07-23,31.2,23.0,26.6,0.0,0.0,4.42,15.9,20.82,91,55,Bangkalan,-6.9046,112.9834
2025-07-24,30.9,24.2,27.2,0.6,0.6,4.41,14.4,20.25,91,58,Bangkalan,-6.9046,112.9834
2025-07-25,31.0,24.7,27.5,0.7,0.7,4.71,16.1,20.66,88,57,Bangkalan,-6.9046,112.9834
2025-07-26,31.5,24.1,27.6,0.5,0.5,4.52,13.6,20.8,92,57,Bangkalan,-6.9046,112.9834
2025-07-27,31.0,24.5,27.2,1.8,1.8,4.03,15.3,19.25,93,60,Bangkalan,-6.9046,112.9834
2025-07-28,31.1,24.5,27.0,2.7,2.7,4.18,14.6,19.98,93,57,Bangkalan,-6.9046,112.9834
2025-07-29,31.8,24.6,27.4,1.0,1.0,4.69,20.0,19.57,87,54,Bangkalan,-6.9046,112.9834
2025-07-30,30.5,24.6,27.1,0.1,0.1,4.52,19.8,19.12,87,57,Bangkalan,-6.9046,112.9834
2025-07-31,31.9,23.9,27.1,0.2,0.2,4.95,15.1,21.7,89,48,Bangkalan,-6.9046,112.9834
2025-08-01,31.6,23.7,27.5,0.6,0.6,4.97,13.4,21.61,91,52,Bangkalan,-6.9046,112.9834
2025-08-02,32.5,24.4,27.7,1.0,1.0,4.73,19.0,21.64,91,51,Bangkalan,-6.9046,112.9834
2025-08-03,32.2,25.1,28.0,1.4,1.4,4.98,14.9,21.38,89,54,Bangkalan,-6.9046,112.9834
2025-08-04,31.8,24.2,27.3,1.3,1.3,4.44,14.5,20.28,92,54,Bangkalan,-6.9046,112.9834
2025-08-05,30.1,23.1,26.6,1.5,1.5,3.99,11.9,19.05,97,59,Bangkalan,-6.9046,112.9834
2025-08-06,32.2,23.0,26.8,0.0,0.0,4.83,17.1,21.74,96,48,Bangkalan,-6.9046,112.9834
2025-08-07,31.2,23.9,26.9,0.0,0.0,4.8,18.2,21.64,88,53,Bangkalan,-6.9046,112.9834
2025-08-08,31.2,24.0,27.0,0.0,0.0,5.08,16.9,22.18,86,46,Bangkalan,-6.9046,112.9834
2025-08-09,31.5,23.3,26.9,1.8,1.8,4.6,14.5,20.93,88,52,Bangkalan,-6.9046,112.9834
2025-08-10,30.9,24.0,27.3,1.9,1.9,4.67,16.7,20.49,90,55,Bangkalan,-6.9046,112.9834
2025-08-11,31.8,24.2,27.3,6.5,6.5,4.76,13.0,21.37,91,54,Bangkalan,-6.9046,112.9834
2025-08-12,30.4,23.0,26.8,2.2,2.2,4.56,13.6,20.57,95,56,Bangkalan,-6.9046,112.9834
2025-08-13,31.5,23.7,26.7,0.0,0.0,5.08,21.8,20.96,88,46,Bangkalan,-6.9046,112.9834
2025-08-14,29.9,23.4,26.5,0.9,0.9,5.17,22.7,21.35,85,53,Bangkalan,-6.9046,112.9834
2025-08-15,32.0,23.4,27.1,0.0,0.0,5.98,19.7,23.6,82,38,Bangkalan,-6.9046,112.9834
2025-08-16,31.8,23.4,27.1,0.1,0.1,5.53,18.4,22.87,86,44,Bangkalan,-6.9046,112.9834
2025-08-17,31.2,23.7,27.2,2.6,2.6,5.11,17.7,22.07,90,51,Bangkalan,-6.9046,112.9834
2025-08-18,30.3,25.0,26.8,14.5,14.5,4.09,18.7,18.33,93,60,Bangkalan,-6.9046,112.9834
2025-08-19,30.0,22.8,25.4,11.6,11.6,3.24,18.7,16.84,97,68,Bangkalan,-6.9046,112.9834
2025-08-20,28.7,22.7,25.5,0.0,0.0,4.06,10.5,20.53,97,64,Bangkalan,-6.9046,112.9834
2025-08-21,29.5,23.0,26.1,1.4,1.4,4.21,11.0,20.68,94,63,Bangkalan,-6.9046,112.9834
2025-08-22,29.6,23.2,26.5,0.8,0.8,4.57,12.1,21.92,92,62,Bangkalan,-6.9046,112.9834
2025-08-23,31.0,23.8,26.8,0.2,0.2,4.97,17.6,23.22,87,54,Bangkalan,-6.9046,112.9834
2025-08-24,31.0,23.5,26.9,0.4,0.4,4.87,15.4,22.21,91,52,Bangkalan,-6.9046,112.9834
2025-08-25,31.8,23.5,27.1,0.1,0.1,5.2,18.9,22.82,89,44,Bangkalan,-6.9046,112.9834
2025-08-26,31.6,23.6,27.4,0.0,0.0,5.21,17.5,21.06,82,49,Bangkalan,-6.9046,112.9834
2025-08-27,32.0,22.5,27.3,0.0,0.0,5.49,24.3,22.99,92,47,Bangkalan,-6.9046,112.9834
2025-08-28,31.5,24.0,27.3,1.3,1.3,5.36,20.3,22.59,85,50,Bangkalan,-6.9046,112.9834
2025-08-29,31.5,22.5,27.0,0.5,0.5,5.1,17.8,22.84,96,46,Bangkalan,-6.9046,112.9834
2025-08-30,31.8,24.5,27.7,0.3,0.3,5.8,16.6,23.26,84,42,Bangkalan,-6.9046,112.9834
2025-08-31,31.9,23.6,27.6,0.0,0.0,5.91,17.7,24.07,87,44,Bangkalan,-6.9046,112.9834
2025-09-01,32.6,23.8,27.7,0.0,0.0,5.65,19.3,21.72,81,42,Bangkalan,-6.9046,112.9834
2025-09-02,32.7,24.6,28.3,0.0,0.0,6.29,25.5,23.52,85,43,Bangkalan,-6.9046,112.9834
2025-09-03,32.6,25.2,28.3,0.0,0.0,6.09,21.8,23.58,82,46,Bangkalan,-6.9046,112.9834
2025-09-04,32.0,24.5,27.5,0.5,0.5,5.64,22.8,23.62,88,51,Bangkalan,-6.9046,112.9834
2025-09-05,32.5,23.4,27.4,0.0,0.0,5.77,14.7,24.58,91,45,Bangkalan,-6.9046,112.9834
2025-09-06,31.9,24.2,27.4,0.0,0.0,5.51,17.5,23.51,87,46,Bangkalan,-6.9046,112.9834
2025-09-07,31.8,24.0,27.6,0.1,0.1,5.99,21.1,24.06,78,46,Bangkalan,-6.9046,112.9834
2025-09-08,31.3,24.6,27.7,0.0,0.0,4.99,19.2,19.21,78,47,Bangkalan,-6.9046,112.9834
2025-09-09,31.5,24.0,27.1,10.2,10.2,4.68,15.7,21.36,89,54,Bangkalan,-6.9046,112.9834
2025-09-10,30.5,24.1,26.3,6.7,6.7,4.13,11.4,20.72,97,63,Bangkalan,-6.9046,112.9834
2025-09-11,29.6,23.7,26.4,1.5,1.5,4.24,8.7,21.21,96,71,Bangkalan,-6.9046,112.9834
2025-09-12,31.7,22.5,26.9,0.1,0.1,5.04,11.9,24.05,94,53,Bangkalan,-6.9046,112.9834
2025-09-13,31.9,23.9,27.3,0.4,0.4,4.98,15.1,23.74,96,53,Bangkalan,-6.9046,112.9834
2025-09-14,30.9,23.4,26.8,1.1,1.1,4.78,14.2,22.47,97,59,Bangkalan,-6.9046,112.9834
2025-09-15,31.4,24.3,27.1,4.1,4.1,5.01,12.6,23.26,90,52,Bangkalan,-6.9046,112.9834
2025-09-16,30.3,24.5,26.4,14.6,14.6,4.05,13.9,20.04,95,63,Bangkalan,-6.9046,112.9834
2025-09-17,30.2,23.6,26.0,3.9,3.9,4.36,13.2,21.83,96,63,Bangkalan,-6.9046,112.9834
2025-09-18,30.6,24.0,26.3,12.2,12.2,4.29,13.9,21.2,91,63,Bangkalan,-6.9046,112.9834
2025-09-19,30.5,24.7,27.3,0.8,0.8,4.89,16.9,22.87,89,61,Bangkalan,-6.9046,112.9834
2025-09-20,30.6,24.5,27.2,0.2,0.2,5.01,15.7,24.33,90,64,Bangkalan,-6.9046,112.9834
2025-09-21,30.3,24.0,27.0,2.1,2.1,4.62,14.7,23.01,93,66,Bangkalan,-6.9046,112.9834
2025-09-22,32.3,23.4,27.1,0.0,0.0,5.23,12.1,25.24,97,50,Bangkalan,-6.9046,112.9834
2025-09-23,31.1,22.8,26.9,0.0,0.0,5.15,13.8,24.97,95,61,Bangkalan,-6.9046,112.9834
2025-09-24,31.1,23.5,27.0,1.7,1.7,5.13,10.9,24.24,94,61,Bangkalan,-6.9046,112.9834
2025-09-25,31.8,24.6,27.6,1.7,1.7,5.33,15.8,24.0,87,52,Bangkalan,-6.9046,112.9834
2025-09-26,32.8,24.5,28.0,0.7,0.7,5.61,15.5,24.69,91,49,Bangkalan,-6.9046,112.9834
2025-09-27,32.7,24.9,28.2,1.4,1.4,5.6,18.8,24.17,87,50,Bangkalan,-6.9046,112.9834
2025-09-28,32.4,25.5,28.3,0.2,0.2,5.75,20.2,24.89,87,54,Bangkalan,-6.9046,112.9834
2025-09-29,31.4,24.5,27.6,12.1,12.1,4.67,16.8,21.92,95,60,Bangkalan,-6.9046,112.9834
2025-09-30,28.0,23.9,25.4,15.3,15.3,2.87,15.6,15.07,96,78,Bangkalan,-6.9046,112.9834
2025-10-01,30.0,23.6,26.7,3.9,3.9,4.51,18.2,22.77,95,69,Bangkalan,-6.9046,112.9834
2025-10-02,31.0,23.9,27.2,0.1,0.1,5.12,13.8,25.34,94,63,Bangkalan,-6.9046,112.9834
2025-10-03,31.6,24.5,27.5,0.5,0.5,5.17,14.4,24.6,97,56,Bangkalan,-6.9046,112.9834
2025-10-04,32.1,23.0,27.6,0.1,0.1,5.52,14.8,24.93,88,46,Bangkalan,-6.9046,112.9834
2025-10-05,32.4,24.5,27.5,1.1,1.1,5.35,17.4,24.13,86,46,Bangkalan,-6.9046,112.9834
2025-10-06,31.8,24.5,27.6,0.3,0.3,5.32,15.5,24.14,89,51,Bangkalan,-6.9046,112.9834
2025-10-07,32.5,25.0,27.7,1.4,1.4,5.07,16.5,24.04,94,53,Bangkalan,-6.9046,112.9834
2025-10-08,33.0,23.2,27.8,1.1,1.1,5.49,8.8,26.06,95,41,Bangkalan,-6.9046,112.9834
2025-10-09,31.9,23.2,27.6,0.5,0.5,5.36,10.8,25.12,90,47,Bangkalan,-6.9046,112.9834
2025-10-10,32.5,23.9,27.7,0.9,0.9,5.58,14.3,25.17,90,46,Bangkalan,-6.9046,112.9834
2025-10-11,31.7,23.9,27.8,0.6,0.6,5.56,15.1,25.19,90,52,Bangkalan,-6.9046,112.9834
2025-10-12,32.0,25.5,28.3,0.5,0.5,5.13,18.0,23.54,88,60,Bangkalan,-6.9046,112.9834
2025-10-13,31.5,25.0,27.8,3.9,3.9,4.83,18.4,23.23,91,61,Bangkalan,-6.9046,112.9834
2025-10-14,31.6,25.0,28.1,9.3,9.3,5.11,13.4,23.84,93,59,Bangkalan,-6.9046,112.9834
2025-10-15,31.9,25.5,27.7,13.4,13.4,4.83,15.8,22.69,92,60,Bangkalan,-6.9046,112.9834
2025-10-16,32.6,25.2,28.5,2.1,2.1,5.55,18.4,24.65,89,54,Bangkalan,-6.9046,112.9834
2025-10-17,32.3,25.5,28.3,5.6,5.6,5.19,14.8,24.03,92,59,Bangkalan,-6.9046,112.9834
2025-10-18,31.8,24.6,28.3,0.5,0.5,5.27,15.1,24.69,91,58,Bangkalan,-6.9046,112.9834
2025-10-19,31.5,24.8,28.2,0.5,0.5,4.94,9.1,23.91,92,62,Bangkalan,-6.9046,112.9834
2025-10-20,30.3,24.6,27.0,9.0,9.0,3.96,14.9,20.22,99,69,Bangkalan,-6.9046,112.9834
2025-10-21,30.0,23.9,25.7,40.6,40.6,2.5,10.8,12.42,99,73,Bangkalan,-6.9046,112.9834
2025-10-22,28.0,23.8,25.3,24.1,24.1,3.11,9.8,16.04,98,81,Bangkalan,-6.9046,112.9834
2025-10-23,30.0,24.0,26.1,8.9,8.9,3.96,12.2,20.41,98,73,Bangkalan,-6.9046,112.9834
2025-10-24,30.2,23.4,26.1,15.2,15.2,4.3,11.9,21.74,97,68,Bangkalan,-6.9046,112.9834
2025-10-25,30.6,23.0,26.7,1.5,1.5,4.78,11.2,23.56,97,63,Bangkalan,-6.9046,112.9834
2025-10-26,30.0,23.9,26.6,4.3,4.3,4.68,11.1,23.61,97,68,Bangkalan,-6.9046,112.9834
2025-10-27,30.0,22.9,26.5,1.0,1.0,4.24,11.6,20.5,97,68,Bangkalan,-6.9046,112.9834
2025-10-28,28.5,24.4,26.3,14.2,14.2,3.37,12.5,17.27,96,76,Bangkalan,-6.9046,112.9834
2025-10-29,29.8,23.8,26.4,18.5,18.5,4.48,10.2,22.63,98,72,Bangkalan,-6.9046,112.9834
2025-10-30,30.4,24.3,26.5,11.1,11.1,3.92,13.5,19.31,99,68,Bangkalan,-6.9046,112.9834
2025-10-31,29.4,23.4,26.5,10.3,10.3,4.3,13.7,22.0,99,72,Bangkalan,-6.9046,112.9834
2025-11-01,30.4,23.5,26.2,15.8,15.8,3.62,16.2,18.29,99,68,Bangkalan,-6.9046,112.9834
2025-11-02,30.9,24.3,26.6,11.9,11.9,4.24,16.2,21.34,98,71,Bangkalan,-6.9046,112.9834
2025-11-03,29.8,24.4,26.4,11.1,11.1,3.96,12.6,20.21,97,70,Bangkalan,-6.9046,112.9834
2025-11-04,29.8,23.7,26.6,9.7,9.7,4.46,14.8,22.56,96,73,Bangkalan,-6.9046,112.9834
2025-11-05,29.3,23.8,25.7,32.1,32.1,3.54,13.4,18.23,97,77,Bangkalan,-6.9046,112.9834
2025-11-06,31.0,23.9,26.8,8.5,8.5,4.34,13.7,21.08,97,62,Bangkalan,-6.9046,112.9834
2025-11-07,30.2,23.6,26.9,1.7,1.7,4.92,13.3,24.74,96,68,Bangkalan,-6.9046,112.9834
2025-11-08,30.2,24.6,27.1,7.3,7.3,4.35,13.5,21.19,96,67,Bangkalan,-6.9046,112.9834
2025-11-09,29.9,24.9,26.7,17.0,17.0,3.06,10.6,14.77,97,70,Bangkalan,-6.9046,112.9834
2025-11-10,31.1,23.9,26.5,33.0,33.0,3.95,10.3,19.09,98,66,Bangkalan,-6.9046,112.9834
2025-11-11,29.0,23.7,25.8,27.4,27.4,3.39,12.3,16.97,97,76,Bangkalan,-6.9046,112.9834
2025-11-12,27.7,23.6,25.2,9.1,9.1,2.17,13.0,10.71,97,78,Bangkalan,-6.9046,112.9834
2025-11-13,29.1,23.6,26.2,1.8,1.8,3.63,19.6,16.73,95,65,Bangkalan,-6.9046,112.9834
2025-11-14,29.8,23.9,26.0,13.7,13.7,3.78,17.2,18.75,97,69,Bangkalan,-6.9046,112.9834
2025-11-15,29.2,24.1,26.4,5.5,5.5,3.87,13.1,19.6,98,71,Bangkalan,-6.9046,112.9834
2025-11-16,29.5,24.9,27.0,1.0,1.0,4.21,12.1,20.35,96,70,Bangkalan,-6.9046,112.9834
2025-11-17,29.2,24.5,25.9,17.3,17.3,2.69,7.0,13.16,99,80,Bangkalan,-6.9046,112.9834
2025-11-18,29.5,24.1,26.4,13.6,13.6,3.83,13.0,18.89,99,70,Bangkalan,-6.9046,112.9834
2025-11-19,30.2,23.8,26.5,2.4,2.4,4.67,11.8,23.32,98,69,Bangkalan,-6.9046,112.9834
2025-11-20,28.9,24.1,26.4,6.7,6.7,3.78,8.9,18.9,99,73,Bangkalan,-6.9046,112.9834
2025-11-21,28.9,23.9,25.9,24.0,24.0,3.05,12.0,15.39,99,75,Bangkalan,-6.9046,112.9834
2025-11-22,30.2,23.8,26.6,18.1,18.1,4.04,11.8,20.24,97,70,Bangkalan,-6.9046,112.9834
2025-11-23,29.9,24.0,26.5,7.6,7.6,4.09,12.0,20.53,99,71,Bangkalan,-6.9046,112.9834
2025-11-24,29.7,23.9,26.0,12.4,12.4,3.85,8.2,19.46,97,77,Bangkalan,-6.9046,112.9834
2025-11-25,32.0,25.1,27.9,0.3,0.3,5.29,13.1,25.66,95,56,Bangkalan,-6.9046,112.9834
2025-11-26,30.6,25.1,27.2,2.6,2.6,4.84,15.3,24.03,96,66,Bangkalan,-6.9046,112.9834
2025-11-27,30.8,24.8,27.6,1.7,1.7,4.7,8.2,22.62,97,66,Bangkalan,-6.9046,112.9834
2025-11-28,29.6,25.0,26.7,14.8,14.8,4.13,11.4,21.04,96,77,Bangkalan,-6.9046,112.9834
2025-11-29,30.4,24.4,26.8,20.4,20.4,4.62,9.5,23.11,95,69,Bangkalan,-6.9046,112.9834
2025-11-30,29.0,24.5,26.6,20.6,20.6,3.56,10.4,17.76,95,78,Bangkalan,-6.9046,112.9834
2025-12-01,31.1,24.2,27.3,8.0,8.0,4.81,12.6,23.48,97,60,Bangkalan,-6.9046,112.9834
2025-12-02,29.5,24.5,26.6,9.7,9.7,4.21,11.5,21.1,96,72,Bangkalan,-6.9046,112.9834
2025-12-03,29.4,24.2,26.6,0.4,0.4,3.69,12.1,18.33,98,72,Bangkalan,-6.9046,112.9834
2025-12-04,29.8,23.2,26.4,9.2,9.2,4.21,12.1,21.05,97,70,Bangkalan,-6.9046,112.9834
2025-12-05,30.6,23.5,26.3,4.8,4.8,4.94,13.3,24.93,98,66,Bangkalan,-6.9046,112.9834
2025-12-06,29.2,23.2,25.7,13.3,13.3,4.02,10.9,20.72,97,76,Bangkalan,-6.9046,112.9834
2025-12-07,29.2,23.8,26.3,8.3,8.3,4.12,12.3,20.62,97,74,Bangkalan,-6.9046,112.9834
2025-12-08,29.0,24.5,26.4,14.0,14.0,4.12,12.4,21.47,98,80,Bangkalan,-6.9046,112.9834
2025-12-09,29.2,24.2,25.8,3.5,3.5,3.11,14.0,15.78,96,77,Bangkalan,-6.9046,112.9834
2025-12-10,29.8,24.1,26.4,3.2,3.2,4.45,13.0,22.65,97,72,Bangkalan,-6.9046,112.9834
2025-12-11,30.5,24.4,26.5,12.7,12.7,4.03,15.3,20.27,98,69,Bangkalan,-6.9046,112.9834
2025-12-12,30.2,24.2,27.3,0.0,0.0,5.08,13.1,24.31,97,65,Bangkalan,-6.9046,112.9834
2025-12-13,29.5,25.1,27.6,1.5,1.5,4.8,18.0,22.54,93,67,Bangkalan,-6.9046,112.9834
2025-12-14,28.6,23.8,25.7,30.0,30.0,3.06,24.4,15.75,98,75,Bangkalan,-6.9046,112.9834
2025-12-15,30.5,23.5,26.6,16.3,16.3,3.86,17.2,19.31,96,63,Bangkalan,-6.9046,112.9834
2025-12-16,31.1,23.5,26.9,1.4,1.4,4.09,16.6,18.65,95,59,Bangkalan,-6.9046,112.9834
2025-12-17,31.6,24.6,27.8,0.1,0.1,5.48,13.1,26.01,96,55,Bangkalan,-6.9046,112.9834
2025-12-18,28.9,24.0,26.0,24.4,24.4,3.64,16.4,19.11,97,79,Bangkalan,-6.9046,112.9834
2025-12-19,28.1,24.0,26.0,7.1,7.1,2.27,15.9,10.52,97,76,Bangkalan,-6.9046,112.9834
2025-12-20,29.1,23.7,25.5,21.0,21.0,3.67,22.6,19.39,97,76,Bangkalan,-6.9046,112.9834
2025-12-21,30.0,23.6,25.9,12.6,12.6,4.22,15.5,22.14,97,73,Bangkalan,-6.9046,112.9834
2025-12-22,29.8,24.0,26.5,15.4,15.4,3.79,17.5,18.93,96,70,Bangkalan,-6.9046,112.9834
2025-12-23,30.3,25.0,27.1,1.9,1.9,4.67,15.9,23.62,93,68,Bangkalan,-6.9046,112.9834
2025-12-24,30.1,25.0,26.9,3.9,3.9,4.4,15.9,22.0,94,70,Bangkalan,-6.9046,112.9834
2025-12-25,31.0,24.5,27.4,9.2,9.2,5.08,13.5,24.76,97,65,Bangkalan,-6.9046,112.9834
2025-12-26,30.0,24.6,26.8,7.0,7.0,4.33,17.8,21.91,97,71,Bangkalan,-6.9046,112.9834
2025-12-27,30.2,24.6,26.5,4.1,4.1,3.18,18.2,14.77,95,70,Bangkalan,-6.9046,112.9834
2025-12-28,30.1,24.9,27.4,1.9,1.9,4.73,15.7,23.8,96,71,Bangkalan,-6.9046,112.9834
2025-12-29,30.2,24.1,26.6,9.3,9.3,4.6,11.7,23.26,97,70,Bangkalan,-6.9046,112.9834
2025-12-30,29.8,24.1,26.5,16.0,16.0,4.3,9.3,21.66,97,71,Bangkalan,-6.9046,112.9834
2025-12-31,28.1,24.5,26.1,2.8,2.8,3.44,20.4,18.03,96,77,Bangkalan,-6.9046,112.9834
