tanggal,temperature_2m_max,temperature_2m_min,temperature_2m_mean,precipitation_sum,rain_sum,et0_fao_evapotranspiration,windspeed_10m_max,shortwave_radiation_sum,relative_humidity_2m_max,relative_humidity_2m_min,kabupaten,lat,lon
2018-01-01,30.1,22.8,26.1,1.4,1.4,3.96,9.8,19.62,95,69,Banyuwangi,-8.2192,114.3691
2018-01-02,30.6,24.0,26.2,18.8,18.8,4.1,13.8,21.02,98,70,Banyuwangi,-8.2192,114.3691
2018-01-03,30.4,24.2,26.6,5.3,5.3,3.81,8.7,18.76,95,68,Banyuwangi,-8.2192,114.3691
2018-01-04,31.1,23.4,26.2,30.3,30.3,4.21,12.2,21.11,96,68,Banyuwangi,-8.2192,114.3691
2018-01-05,30.6,23.5,26.1,7.1,7.1,3.82,6.8,18.81,97,68,Banyuwangi,-8.2192,114.3691
2018-01-06,30.4,23.7,26.0,18.8,18.8,3.74,14.0,18.85,100,68,Banyuwangi,-8.2192,114.3691
2018-01-07,27.9,23.9,25.6,3.3,3.3,2.7,14.4,13.67,100,79,Banyuwangi,-8.2192,114.3691
2018-01-08,30.5,23.9,26.2,11.5,11.5,3.51,14.1,17.48,96,69,Banyuwangi,-8.2192,114.3691
2018-01-09,30.6,24.4,26.5,5.0,5.0,3.62,11.0,17.92,96,68,Banyuwangi,-8.2192,114.3691
2018-01-10,30.2,23.2,26.1,1.0,1.0,3.35,12.5,16.21,95,73,Banyuwangi,-8.2192,114.3691
2018-01-11,26.8,22.5,24.9,20.1,20.1,1.83,12.8,9.22,100,87,Banyuwangi,-8.2192,114.3691
2018-01-12,29.0,21.8,25.5,1.6,1.6,2.61,13.5,11.96,100,73,Banyuwangi,-8.2192,114.3691
2018-01-13,28.6,23.6,26.1,8.6,8.6,2.4,11.9,10.24,100,74,Banyuwangi,-8.2192,114.3691
2018-01-14,29.2,23.3,26.0,3.1,3.1,3.45,12.8,16.09,100,72,Banyuwangi,-8.2192,114.3691
2018-01-15,29.6,23.8,25.8,7.4,7.4,2.76,7.3,13.27,94,65,Banyuwangi,-8.2192,114.3691
2018-01-16,29.9,24.2,26.1,3.2,3.2,3.23,12.3,15.51,94,65,Banyuwangi,-8.2192,114.3691
2018-01-17,29.0,24.5,25.8,3.6,3.6,2.64,11.2,12.55,94,67,Banyuwangi,-8.2192,114.3691
2018-01-18,30.4,23.9,25.9,10.2,10.2,3.3,8.4,16.42,100,64,Banyuwangi,-8.2192,114.3691
2018-01-19,29.7,23.7,26.1,2.2,2.2,3.83,21.4,18.67,94,65,Banyuwangi,-8.2192,114.3691
2018-01-20,29.0,24.4,25.8,2.0,2.0,3.09,12.0,14.73,94,68,Banyuwangi,-8.2192,114.3691
2018-01-21,26.3,23.5,24.6,14.9,14.9,1.72,8.4,8.64,100,86,Banyuwangi,-8.2192,114.3691
2018-01-22,29.0,24.2,25.8,2.5,2.5,2.98,11.7,14.56,96,68,Banyuwangi,-8.2192,114.3691
2018-01-23,28.2,23.4,25.3,2.3,2.3,2.12,8.5,10.13,97,76,Banyuwangi,-8.2192,114.3691
2018-01-24,28.6,23.9,25.9,7.0,7.0,2.42,8.0,11.5,100,75,Banyuwangi,-8.2192,114.3691
2018-01-25,28.7,23.9,25.4,7.1,7.1,2.8,10.7,13.76,96,73,Banyuwangi,-8.2192,114.3691
2018-01-26,28.7,23.6,25.7,20.6,20.6,3.54,17.4,17.72,94,72,Banyuwangi,-8.2192,114.3691
2018-01-27,30.3,23.9,26.2,1.1,1.1,3.4,14.8,16.4,96,62,Banyuwangi,-8.2192,114.3691
2018-01-28,30.4,24.2,26.1,0.9,0.9,3.62,10.7,17.06,94,62,Banyuwangi,-8.2192,114.3691
2018-01-29,28.3,23.6,25.9,1.0,1.0,2.92,12.6,14.08,94,72,Banyuwangi,-8.2192,114.3691
2018-01-30,30.7,23.6,26.2,11.9,11.9,4.0,14.0,19.52,96,64,Banyuwangi,-8.2192,114.3691
2018-01-31,28.7,23.4,25.5,1.9,1.9,3.17,12.0,15.51,96,64,Banyuwangi,-8.2192,114.3691
2018-02-01,26.2,23.0,24.3,15.0,15.0,1.91,10.6,9.87,100,78,Banyuwangi,-8.2192,114.3691
2018-02-02,27.9,22.7,25.0,2.7,2.7,2.91,9.6,14.48,95,80,Banyuwangi,-8.2192,114.3691
2018-02-03,29.6,23.7,26.0,1.8,1.8,3.92,8.4,19.18,100,68,Banyuwangi,-8.2192,114.3691
2018-02-04,31.5,22.5,26.6,0.8,0.8,5.06,12.5,24.66,100,58,Banyuwangi,-8.2192,114.3691
2018-02-05,30.9,24.3,26.4,8.0,8.0,3.88,13.0,18.59,92,64,Banyuwangi,-8.2192,114.3691
2018-02-06,30.2,24.5,26.6,0.7,0.7,4.54,15.0,21.11,89,62,Banyuwangi,-8.2192,114.3691
2018-02-07,29.1,23.2,25.5,15.7,15.7,3.76,8.8,18.98,100,69,Banyuwangi,-8.2192,114.3691
2018-02-08,28.8,23.3,25.2,26.0,26.0,3.2,8.2,16.05,100,69,Banyuwangi,-8.2192,114.3691
2018-02-09,29.3,23.3,25.4,15.7,15.7,3.28,13.0,17.25,96,74,Banyuwangi,-8.2192,114.3691
2018-02-10,29.8,23.5,25.7,1.8,1.8,3.94,8.9,19.61,97,63,Banyuwangi,-8.2192,114.3691
2018-02-11,29.5,23.6,26.0,12.9,12.9,4.03,11.7,20.32,95,68,Banyuwangi,-8.2192,114.3691
2018-02-12,28.9,23.9,25.9,8.7,8.7,3.54,7.4,17.72,96,71,Banyuwangi,-8.2192,114.3691
2018-02-13,29.7,23.9,26.4,5.0,5.0,3.77,10.6,18.62,93,70,Banyuwangi,-8.2192,114.3691
2018-02-14,29.4,24.2,26.1,2.5,2.5,3.68,10.9,17.91,92,68,Banyuwangi,-8.2192,114.3691
2018-02-15,29.2,24.5,26.0,1.7,1.7,2.61,8.7,12.24,95,68,Banyuwangi,-8.2192,114.3691
2018-02-16,29.5,24.4,26.1,2.0,2.0,3.02,12.3,13.71,87,65,Banyuwangi,-8.2192,114.3691
2018-02-17,30.2,23.7,26.2,7.5,7.5,4.08,6.1,20.21,95,64,Banyuwangi,-8.2192,114.3691
2018-02-18,30.4,23.9,26.9,0.4,0.4,4.56,9.4,22.1,93,64,Banyuwangi,-8.2192,114.3691
2018-02-19,30.3,23.5,26.2,1.8,1.8,4.44,8.0,22.21,90,68,Banyuwangi,-8.2192,114.3691
2018-02-20,31.3,24.5,26.3,16.1,16.1,4.1,6.4,20.32,92,63,Banyuwangi,-8.2192,114.3691
2018-02-21,30.1,24.5,26.3,7.5,7.5,3.67,8.6,18.19,98,66,Banyuwangi,-8.2192,114.3691
2018-02-22,30.0,24.3,26.2,0.7,0.7,3.4,8.2,16.43,94,65,Banyuwangi,-8.2192,114.3691
2018-02-23,28.9,23.0,25.8,15.7,15.7,3.16,8.8,15.67,100,75,Banyuwangi,-8.2192,114.3691
2018-02-24,29.9,23.4,25.9,4.5,4.5,3.79,9.1,18.86,97,68,Banyuwangi,-8.2192,114.3691
2018-02-25,29.1,23.7,25.5,12.2,12.2,2.99,12.5,15.25,96,74,Banyuwangi,-8.2192,114.3691
2018-02-26,29.2,24.4,25.8,18.8,18.8,3.59,11.2,18.03,95,75,Banyuwangi,-8.2192,114.3691
2018-02-27,30.4,23.6,26.7,1.6,1.6,4.95,11.4,24.12,93,62,Banyuwangi,-8.2192,114.3691
2018-02-28,30.6,24.2,26.5,13.4,13.4,4.51,9.4,22.5,94,67,Banyuwangi,-8.2192,114.3691
2018-03-01,29.6,24.5,26.4,1.8,1.8,3.67,15.4,18.4,93,68,Banyuwangi,-8.2192,114.3691
2018-03-02,30.5,24.9,26.6,6.1,6.1,3.99,11.1,19.81,88,65,Banyuwangi,-8.2192,114.3691
2018-03-03,29.6,23.9,26.7,3.8,3.8,4.29,16.0,21.5,93,70,Banyuwangi,-8.2192,114.3691
2018-03-04,30.4,24.5,26.8,1.5,1.5,4.13,7.4,20.21,93,67,Banyuwangi,-8.2192,114.3691
2018-03-05,29.8,24.3,26.5,4.7,4.7,4.15,16.9,21.03,95,70,Banyuwangi,-8.2192,114.3691
2018-03-06,31.0,23.9,26.6,4.9,4.9,4.34,7.2,21.4,93,65,Banyuwangi,-8.2192,114.3691
2018-03-07,29.5,23.3,26.1,9.4,9.4,3.75,7.5,19.1,100,76,Banyuwangi,-8.2192,114.3691
2018-03-08,29.8,23.0,25.8,1.1,1.1,3.8,7.5,19.12,99,75,Banyuwangi,-8.2192,114.3691
2018-03-09,30.1,23.9,26.5,8.1,8.1,4.23,12.0,21.37,92,74,Banyuwangi,-8.2192,114.3691
2018-03-10,31.5,23.3,26.8,1.7,1.7,4.62,7.6,22.52,93,59,Banyuwangi,-8.2192,114.3691
2018-03-11,30.8,24.6,27.0,2.4,2.4,4.74,8.7,23.34,94,61,Banyuwangi,-8.2192,114.3691
2018-03-12,30.6,23.9,26.0,16.4,16.4,3.78,8.7,18.78,100,64,Banyuwangi,-8.2192,114.3691
2018-03-13,30.2,23.2,25.6,15.1,15.1,3.69,14.1,18.58,100,69,Banyuwangi,-8.2192,114.3691
2018-03-14,28.4,23.6,25.0,17.5,17.5,2.25,10.4,11.18,100,75,Banyuwangi,-8.2192,114.3691
2018-03-15,28.7,24.0,25.8,7.2,7.2,3.55,11.6,17.82,90,76,Banyuwangi,-8.2192,114.3691
2018-03-16,29.3,23.4,25.8,16.1,16.1,3.76,10.7,19.52,96,73,Banyuwangi,-8.2192,114.3691
2018-03-17,28.8,23.7,25.9,1.0,1.0,3.67,10.2,18.84,95,76,Banyuwangi,-8.2192,114.3691
2018-03-18,30.1,22.6,26.1,0.3,0.3,4.25,14.5,20.74,94,61,Banyuwangi,-8.2192,114.3691
2018-03-19,31.1,24.0,26.9,2.4,2.4,5.09,13.1,24.27,85,61,Banyuwangi,-8.2192,114.3691
2018-03-20,32.4,20.8,26.3,0.2,0.2,5.42,13.5,25.87,89,53,Banyuwangi,-8.2192,114.3691
2018-03-21,30.5,23.7,26.7,0.8,0.8,4.57,9.5,22.18,87,68,Banyuwangi,-8.2192,114.3691
2018-03-22,28.9,23.5,25.5,21.2,21.2,3.05,9.2,15.35,100,77,Banyuwangi,-8.2192,114.3691
2018-03-23,30.1,23.3,26.7,7.0,7.0,4.61,9.8,22.69,99,68,Banyuwangi,-8.2192,114.3691
2018-03-24,29.7,24.2,26.6,2.5,2.5,4.29,12.6,21.07,88,73,Banyuwangi,-8.2192,114.3691
2018-03-25,30.2,23.7,26.3,14.7,14.7,4.07,11.8,20.28,93,71,Banyuwangi,-8.2192,114.3691
2018-03-26,31.1,23.0,26.7,1.7,1.7,4.92,12.4,23.79,89,58,Banyuwangi,-8.2192,114.3691
2018-03-27,30.4,24.5,26.8,1.6,1.6,4.05,13.9,19.13,87,68,Banyuwangi,-8.2192,114.3691
2018-03-28,31.2,24.3,27.2,1.2,1.2,4.82,14.0,22.38,88,60,Banyuwangi,-8.2192,114.3691
2018-03-29,32.7,24.5,27.4,0.5,0.5,5.1,9.7,24.38,94,60,Banyuwangi,-8.2192,114.3691
2018-03-30,30.5,24.1,26.8,0.2,0.2,4.27,13.0,20.98,95,65,Banyuwangi,-8.2192,114.3691
2018-03-31,30.6,24.4,26.5,12.6,12.6,3.95,8.8,19.34,97,64,Banyuwangi,-8.2192,114.3691
2018-04-01,31.0,23.7,26.7,0.7,0.7,4.33,8.7,21.39,95,62,Banyuwangi,-8.2192,114.3691
2018-04-02,31.6,24.1,26.6,2.6,2.6,4.43,7.2,21.87,95,60,Banyuwangi,-8.2192,114.3691
2018-04-03,30.3,24.4,26.7,1.2,1.2,4.42,15.2,21.68,89,71,Banyuwangi,-8.2192,114.3691
2018-04-04,30.5,23.7,26.6,3.9,3.9,4.36,9.9,21.29,93,66,Banyuwangi,-8.2192,114.3691
2018-04-05,30.0,23.8,26.5,2.4,2.4,4.44,11.8,22.21,91,68,Banyuwangi,-8.2192,114.3691
2018-04-06,30.5,23.0,26.3,1.3,1.3,4.34,14.2,21.51,92,66,Banyuwangi,-8.2192,114.3691
2018-04-07,29.6,24.0,26.5,1.4,1.4,4.08,13.8,19.79,91,68,Banyuwangi,-8.2192,114.3691
2018-04-08,31.0,24.8,27.2,0.2,0.2,4.63,16.0,21.22,88,60,Banyuwangi,-8.2192,114.3691
2018-04-09,30.5,25.0,27.3,2.4,2.4,4.34,11.2,21.26,91,64,Banyuwangi,-8.2192,114.3691
2018-04-10,30.4,24.1,27.2,0.8,0.8,4.52,13.6,21.51,87,63,Banyuwangi,-8.2192,114.3691
2018-04-11,30.1,24.8,27.3,1.8,1.8,4.34,12.5,21.37,89,66,Banyuwangi,-8.2192,114.3691
2018-04-12,31.9,23.9,27.7,1.1,1.1,4.69,10.2,22.13,93,58,Banyuwangi,-8.2192,114.3691
2018-04-13,30.2,25.2,27.3,1.1,1.1,3.8,11.2,18.86,93,69,Banyuwangi,-8.2192,114.3691
2018-04-14,30.6,24.7,27.2,7.6,7.6,4.24,11.1,20.81,94,68,Banyuwangi,-8.2192,114.3691
2018-04-15,30.2,24.1,27.0,3.2,3.2,4.14,12.1,20.28,100,68,Banyuwangi,-8.2192,114.3691
2018-04-16,30.2,24.4,27.0,1.8,1.8,4.0,13.1,19.63,92,70,Banyuwangi,-8.2192,114.3691
2018-04-17,30.2,24.0,26.5,5.3,5.3,3.79,12.7,18.48,93,68,Banyuwangi,-8.2192,114.3691
2018-04-18,30.6,23.4,26.8,2.7,2.7,4.28,11.5,20.67,93,65,Banyuwangi,-8.2192,114.3691
2018-04-19,29.3,24.1,26.4,2.8,2.8,3.65,9.3,18.27,91,71,Banyuwangi,-8.2192,114.3691
2018-04-20,31.0,23.8,26.9,1.6,1.6,4.45,12.7,21.57,87,62,Banyuwangi,-8.2192,114.3691
2018-04-21,31.3,24.5,27.4,0.8,0.8,4.37,10.4,21.06,90,65,Banyuwangi,-8.2192,114.3691
2018-04-22,30.7,25.2,27.4,1.2,1.2,3.42,9.1,16.4,92,68,Banyuwangi,-8.2192,114.3691
2018-04-23,30.4,24.5,27.1,2.6,2.6,4.11,13.5,19.63,92,62,Banyuwangi,-8.2192,114.3691
2018-04-24,30.0,24.9,27.1,2.5,2.5,4.14,10.8,19.8,87,65,Banyuwangi,-8.2192,114.3691
2018-04-25,30.3,24.3,26.9,2.0,2.0,4.23,11.2,20.4,87,65,Banyuwangi,-8.2192,114.3691
2018-04-26,29.9,23.4,26.7,1.2,1.2,4.18,12.2,20.37,90,65,Banyuwangi,-8.2192,114.3691
2018-04-27,30.8,23.1,26.4,1.3,1.3,4.41,13.0,21.7,91,58,Banyuwangi,-8.2192,114.3691
2018-04-28,29.9,23.8,26.5,0.8,0.8,4.38,14.9,20.97,88,63,Banyuwangi,-8.2192,114.3691
2018-04-29,30.5,22.6,26.5,0.0,0.0,4.95,9.9,23.13,89,54,Banyuwangi,-8.2192,114.3691
2018-04-30,29.6,21.5,25.8,1.1,1.1,4.37,10.0,20.95,81,58,Banyuwangi,-8.2192,114.3691
2018-05-01,29.8,22.6,26.0,0.0,0.0,4.36,13.5,20.84,84,57,Banyuwangi,-8.2192,114.3691
2018-05-02,30.5,22.0,26.2,0.0,0.0,4.96,14.1,23.32,89,45,Banyuwangi,-8.2192,114.3691
2018-05-03,29.6,22.9,25.8,0.0,0.0,4.28,11.4,20.15,86,59,Banyuwangi,-8.2192,114.3691
2018-05-04,30.3,23.0,26.3,0.0,0.0,5.0,11.1,23.14,89,49,Banyuwangi,-8.2192,114.3691
2018-05-05,31.5,21.8,26.4,0.9,0.9,4.58,12.4,21.48,93,54,Banyuwangi,-8.2192,114.3691
2018-05-06,31.0,22.9,26.5,0.6,0.6,4.41,17.1,21.01,92,55,Banyuwangi,-8.2192,114.3691
2018-05-07,30.2,23.3,26.5,0.1,0.1,4.35,13.8,20.74,87,59,Banyuwangi,-8.2192,114.3691
2018-05-08,30.6,23.6,26.5,0.2,0.2,4.55,13.2,20.78,86,57,Banyuwangi,-8.2192,114.3691
2018-05-09,30.0,22.4,26.0,0.0,0.0,4.29,15.1,19.96,86,58,Banyuwangi,-8.2192,114.3691
2018-05-10,30.1,22.9,26.4,0.4,0.4,4.52,17.0,21.06,89,58,Banyuwangi,-8.2192,114.3691
2018-05-11,29.9,23.6,26.7,0.9,0.9,4.21,17.2,19.72,88,63,Banyuwangi,-8.2192,114.3691
2018-05-12,29.5,24.2,26.4,5.2,5.2,3.78,13.7,17.76,94,64,Banyuwangi,-8.2192,114.3691
2018-05-13,29.2,23.2,26.1,8.0,8.0,3.76,14.2,18.39,100,67,Banyuwangi,-8.2192,114.3691
2018-05-14,29.3,23.4,25.9,5.0,5.0,3.32,14.0,16.84,100,70,Banyuwangi,-8.2192,114.3691
2018-05-15,27.3,23.2,25.3,12.1,12.1,2.29,14.6,11.81,100,82,Banyuwangi,-8.2192,114.3691
2018-05-16,28.8,24.7,26.5,3.8,3.8,3.17,15.5,15.15,90,75,Banyuwangi,-8.2192,114.3691
2018-05-17,28.0,25.2,26.6,1.8,1.8,3.18,16.3,13.94,88,72,Banyuwangi,-8.2192,114.3691
2018-05-18,28.1,25.2,26.3,4.1,4.1,3.41,15.3,15.41,85,71,Banyuwangi,-8.2192,114.3691
2018-05-19,28.5,25.0,26.3,3.1,3.1,3.49,15.0,16.74,90,70,Banyuwangi,-8.2192,114.3691
2018-05-20,28.5,24.0,26.0,1.6,1.6,3.57,12.4,18.45,92,71,Banyuwangi,-8.2192,114.3691
2018-05-21,28.7,23.8,25.9,4.3,4.3,3.24,12.5,16.64,100,75,Banyuwangi,-8.2192,114.3691
2018-05-22,29.2,22.8,26.1,1.1,1.1,3.69,15.1,19.06,100,72,Banyuwangi,-8.2192,114.3691
2018-05-23,28.8,25.0,26.4,2.4,2.4,3.55,16.6,18.36,93,74,Banyuwangi,-8.2192,114.3691
2018-05-24,28.3,23.7,25.8,7.9,7.9,3.02,13.3,15.71,100,77,Banyuwangi,-8.2192,114.3691
2018-05-25,28.9,23.6,26.2,4.3,4.3,3.51,15.6,17.64,99,74,Banyuwangi,-8.2192,114.3691
2018-05-26,27.9,23.9,25.9,7.9,7.9,3.05,16.8,14.75,100,76,Banyuwangi,-8.2192,114.3691
2018-05-27,27.8,24.2,25.8,6.7,6.7,3.13,19.7,15.43,91,73,Banyuwangi,-8.2192,114.3691
2018-05-28,27.6,23.8,25.5,7.5,7.5,3.08,14.3,15.2,95,74,Banyuwangi,-8.2192,114.3691
2018-05-29,28.0,22.9,25.3,8.8,8.8,3.52,15.1,17.21,100,62,Banyuwangi,-8.2192,114.3691
2018-05-30,28.0,23.1,25.4,0.1,0.1,3.35,12.7,16.03,88,67,Banyuwangi,-8.2192,114.3691
2018-05-31,27.7,23.8,25.5,0.6,0.6,3.53,8.5,17.76,89,68,Banyuwangi,-8.2192,114.3691
2018-06-01,28.1,22.5,25.0,0.3,0.3,3.68,12.1,18.75,89,63,Banyuwangi,-8.2192,114.3691
2018-06-02,28.2,23.1,25.4,2.2,2.2,3.71,15.1,18.64,95,68,Banyuwangi,-8.2192,114.3691
2018-06-03,27.8,23.4,25.5,0.8,0.8,3.46,13.3,17.88,94,74,Banyuwangi,-8.2192,114.3691
2018-06-04,29.4,24.0,26.1,1.5,1.5,3.32,11.0,16.28,94,67,Banyuwangi,-8.2192,114.3691
2018-06-05,31.4,22.6,26.4,0.0,0.0,4.23,10.0,20.68,95,52,Banyuwangi,-8.2192,114.3691
2018-06-06,28.1,23.5,25.6,1.2,1.2,3.49,12.2,18.14,94,73,Banyuwangi,-8.2192,114.3691
2018-06-07,28.3,23.9,25.8,0.1,0.1,3.64,13.7,18.84,93,67,Banyuwangi,-8.2192,114.3691
2018-06-08,28.0,24.4,25.7,2.6,2.6,3.31,14.1,17.67,94,75,Banyuwangi,-8.2192,114.3691
2018-06-09,27.7,23.8,25.5,2.2,2.2,3.31,13.6,16.71,96,70,Banyuwangi,-8.2192,114.3691
2018-06-10,28.3,23.4,25.7,2.0,2.0,3.53,16.4,17.86,89,71,Banyuwangi,-8.2192,114.3691
2018-06-11,27.9,24.5,25.9,4.0,4.0,2.96,18.8,14.04,93,75,Banyuwangi,-8.2192,114.3691
2018-06-12,27.5,23.7,25.7,2.0,2.0,3.1,18.0,15.63,92,75,Banyuwangi,-8.2192,114.3691
2018-06-13,27.7,22.9,25.1,0.2,0.2,3.55,12.7,17.18,89,59,Banyuwangi,-8.2192,114.3691
2018-06-14,27.8,22.9,25.1,1.4,1.4,3.79,12.2,18.54,86,57,Banyuwangi,-8.2192,114.3691
2018-06-15,27.8,23.3,25.1,0.1,0.1,3.91,12.6,19.7,89,60,Banyuwangi,-8.2192,114.3691
2018-06-16,27.8,23.3,25.2,0.0,0.0,3.49,15.5,17.98,91,67,Banyuwangi,-8.2192,114.3691
2018-06-17,28.6,21.9,25.1,1.5,1.5,3.68,12.6,18.96,93,66,Banyuwangi,-8.2192,114.3691
2018-06-18,28.4,20.0,24.8,0.0,0.0,3.82,14.1,19.54,92,63,Banyuwangi,-8.2192,114.3691
2018-06-19,26.4,22.9,24.4,10.3,10.3,2.13,12.2,11.33,100,80,Banyuwangi,-8.2192,114.3691
2018-06-20,26.3,22.8,24.2,12.2,12.2,1.28,10.8,6.46,100,87,Banyuwangi,-8.2192,114.3691
2018-06-21,26.0,22.6,24.5,11.6,11.6,1.76,14.8,8.95,100,87,Banyuwangi,-8.2192,114.3691
2018-06-22,27.2,24.2,25.2,3.4,3.4,2.82,14.3,14.4,91,75,Banyuwangi,-8.2192,114.3691
2018-06-23,27.4,22.7,25.2,3.3,3.3,3.05,14.6,15.9,100,74,Banyuwangi,-8.2192,114.3691
2018-06-24,26.9,24.0,25.3,4.0,4.0,2.71,14.5,13.34,94,77,Banyuwangi,-8.2192,114.3691
2018-06-25,26.5,24.0,25.3,5.8,5.8,2.8,19.5,12.45,91,75,Banyuwangi,-8.2192,114.3691
2018-06-26,26.3,23.9,25.1,4.2,4.2,2.85,18.7,13.63,90,74,Banyuwangi,-8.2192,114.3691
2018-06-27,26.3,22.8,24.8,5.9,5.9,2.88,16.4,15.22,99,75,Banyuwangi,-8.2192,114.3691
2018-06-28,26.4,22.1,24.2,8.2,8.2,2.85,20.5,15.36,100,75,Banyuwangi,-8.2192,114.3691
2018-06-29,26.3,22.4,24.2,6.0,6.0,2.75,19.2,14.29,100,75,Banyuwangi,-8.2192,114.3691
2018-06-30,26.4,22.1,24.5,6.7,6.7,2.98,16.0,15.79,100,76,Banyuwangi,-8.2192,114.3691
2018-07-01,27.1,22.5,24.8,0.7,0.7,3.71,11.8,19.59,92,66,Banyuwangi,-8.2192,114.3691
2018-07-02,27.4,22.8,24.9,0.4,0.4,3.54,15.0,18.8,92,67,Banyuwangi,-8.2192,114.3691
2018-07-03,27.6,22.8,24.9,3.3,3.3,3.18,14.5,15.88,94,74,Banyuwangi,-8.2192,114.3691
2018-07-04,26.9,21.5,24.3,5.4,5.4,2.95,22.4,15.86,100,75,Banyuwangi,-8.2192,114.3691
2018-07-05,27.2,20.9,23.9,7.1,7.1,3.72,16.5,18.11,100,61,Banyuwangi,-8.2192,114.3691
2018-07-06,26.4,22.3,24.2,1.1,1.1,3.58,14.1,17.18,85,66,Banyuwangi,-8.2192,114.3691
2018-07-07,26.9,22.7,24.4,0.0,0.0,3.4,17.1,16.72,85,68,Banyuwangi,-8.2192,114.3691
2018-07-08,26.7,22.8,24.5,0.8,0.8,3.14,15.0,16.28,89,72,Banyuwangi,-8.2192,114.3691
2018-07-09,26.8,22.1,24.2,5.5,5.5,3.13,14.5,16.84,97,74,Banyuwangi,-8.2192,114.3691
2018-07-10,26.0,21.2,24.0,3.0,3.0,3.12,19.5,16.18,100,68,Banyuwangi,-8.2192,114.3691
2018-07-11,26.2,21.1,23.2,3.7,3.7,2.97,14.5,15.51,93,74,Banyuwangi,-8.2192,114.3691
2018-07-12,26.4,21.0,23.7,4.4,4.4,2.79,13.1,15.12,100,75,Banyuwangi,-8.2192,114.3691
2018-07-13,26.6,20.8,24.1,3.0,3.0,3.11,16.9,15.39,99,67,Banyuwangi,-8.2192,114.3691
2018-07-14,26.1,22.9,24.2,3.2,3.2,3.0,19.8,13.97,90,68,Banyuwangi,-8.2192,114.3691
2018-07-15,25.7,20.9,23.2,4.4,4.4,2.8,13.4,13.54,100,69,Banyuwangi,-8.2192,114.3691
2018-07-16,25.8,22.0,23.9,0.1,0.1,3.01,14.8,14.07,85,70,Banyuwangi,-8.2192,114.3691
2018-07-17,26.3,22.2,24.2,0.6,0.6,3.09,14.2,15.95,90,69,Banyuwangi,-8.2192,114.3691
2018-07-18,26.2,23.1,24.4,1.8,1.8,2.81,14.7,14.93,95,76,Banyuwangi,-8.2192,114.3691
2018-07-19,26.9,23.4,24.8,3.2,3.2,3.41,15.9,18.11,93,71,Banyuwangi,-8.2192,114.3691
2018-07-20,27.0,23.6,24.9,0.6,0.6,3.67,15.7,19.97,92,69,Banyuwangi,-8.2192,114.3691
2018-07-21,26.9,23.6,25.0,2.0,2.0,3.11,11.2,16.46,93,76,Banyuwangi,-8.2192,114.3691
2018-07-22,26.3,23.0,24.5,3.6,3.6,2.54,10.2,13.32,98,83,Banyuwangi,-8.2192,114.3691
2018-07-23,27.0,22.6,24.4,3.1,3.1,3.06,13.8,16.44,100,73,Banyuwangi,-8.2192,114.3691
2018-07-24,26.7,20.5,23.8,0.1,0.1,3.68,13.7,19.88,94,69,Banyuwangi,-8.2192,114.3691
2018-07-25,26.3,21.4,23.9,0.0,0.0,3.64,17.2,19.03,85,65,Banyuwangi,-8.2192,114.3691
2018-07-26,26.3,22.4,24.3,0.1,0.1,3.4,13.6,17.22,87,66,Banyuwangi,-8.2192,114.3691
2018-07-27,26.0,22.5,24.2,1.1,1.1,2.64,16.7,13.26,91,75,Banyuwangi,-8.2192,114.3691
2018-07-28,25.8,23.0,24.1,3.0,3.0,2.45,14.7,12.56,94,75,Banyuwangi,-8.2192,114.3691
2018-07-29,26.5,22.6,24.2,0.3,0.3,2.9,15.1,14.67,90,70,Banyuwangi,-8.2192,114.3691
2018-07-30,26.7,22.6,24.6,0.1,0.1,3.42,14.2,18.44,91,73,Banyuwangi,-8.2192,114.3691
2018-07-31,26.6,22.9,24.4,4.7,4.7,3.08,12.4,16.5,94,74,Banyuwangi,-8.2192,114.3691
2018-08-01,26.4,21.4,23.6,7.6,7.6,2.89,13.8,15.78,100,76,Banyuwangi,-8.2192,114.3691
2018-08-02,26.7,21.0,23.3,2.5,2.5,3.83,19.3,18.58,95,61,Banyuwangi,-8.2192,114.3691
2018-08-03,24.4,21.5,22.7,3.1,3.1,2.8,14.5,12.87,87,71,Banyuwangi,-8.2192,114.3691
2018-08-04,25.1,21.0,22.5,7.9,7.9,2.71,13.8,13.63,100,69,Banyuwangi,-8.2192,114.3691
2018-08-05,24.1,20.5,21.9,9.4,9.4,2.02,14.1,9.17,100,71,Banyuwangi,-8.2192,114.3691
2018-08-06,25.1,20.6,23.0,0.9,0.9,3.34,15.1,15.49,87,69,Banyuwangi,-8.2192,114.3691
2018-08-07,26.2,22.0,23.9,3.7,3.7,3.32,14.2,17.08,94,70,Banyuwangi,-8.2192,114.3691
2018-08-08,26.5,23.1,24.5,0.1,0.1,3.12,16.2,16.92,91,76,Banyuwangi,-8.2192,114.3691
2018-08-09,27.1,22.5,24.6,0.7,0.7,3.7,14.3,20.02,93,73,Banyuwangi,-8.2192,114.3691
2018-08-10,26.3,22.1,24.0,9.4,9.4,3.18,13.4,17.34,100,77,Banyuwangi,-8.2192,114.3691
2018-08-11,25.4,22.0,23.8,7.4,7.4,2.78,19.0,14.48,100,76,Banyuwangi,-8.2192,114.3691
2018-08-12,27.1,23.5,24.9,0.7,0.7,3.67,16.9,18.1,89,65,Banyuwangi,-8.2192,114.3691
2018-08-13,26.5,23.2,24.6,0.6,0.6,3.38,14.1,17.79,90,73,Banyuwangi,-8.2192,114.3691
2018-08-14,26.4,22.6,24.2,1.3,1.3,3.57,14.2,19.86,95,74,Banyuwangi,-8.2192,114.3691
2018-08-15,26.8,20.9,23.5,2.5,2.5,3.86,14.7,21.1,93,65,Banyuwangi,-8.2192,114.3691
2018-08-16,25.8,20.2,23.0,2.5,2.5,3.74,16.6,19.75,90,66,Banyuwangi,-8.2192,114.3691
2018-08-17,25.4,20.8,22.5,5.6,5.6,3.23,14.0,17.7,100,72,Banyuwangi,-8.2192,114.3691
2018-08-18,25.8,20.7,23.2,5.5,5.5,2.94,14.2,16.07,100,77,Banyuwangi,-8.2192,114.3691
2018-08-19,26.5,22.8,24.5,0.8,0.8,3.67,14.5,20.05,92,73,Banyuwangi,-8.2192,114.3691
2018-08-20,26.5,23.1,24.5,0.1,0.1,3.47,14.9,19.0,94,74,Banyuwangi,-8.2192,114.3691
2018-08-21,26.5,23.0,24.3,1.5,1.5,3.32,8.7,17.68,93,74,Banyuwangi,-8.2192,114.3691
2018-08-22,26.9,22.2,24.4,1.0,1.0,3.44,13.0,17.37,89,67,Banyuwangi,-8.2192,114.3691
2018-08-23,27.0,22.7,24.3,3.6,3.6,3.74,12.3,18.9,90,64,Banyuwangi,-8.2192,114.3691
2018-08-24,26.4,21.3,23.8,3.1,3.1,3.36,13.9,17.36,100,62,Banyuwangi,-8.2192,114.3691
2018-08-25,26.2,20.8,23.5,0.0,0.0,3.93,13.5,20.31,89,60,Banyuwangi,-8.2192,114.3691
2018-08-26,26.3,22.1,24.1,0.8,0.8,3.22,16.6,16.16,88,69,Banyuwangi,-8.2192,114.3691
2018-08-27,26.2,23.1,24.3,1.7,1.7,2.82,16.2,15.0,93,75,Banyuwangi,-8.2192,114.3691
2018-08-28,26.8,21.3,24.3,3.2,3.2,3.54,13.0,19.25,100,73,Banyuwangi,-8.2192,114.3691
2018-08-29,27.1,22.2,24.0,6.0,6.0,3.57,10.6,18.89,100,70,Banyuwangi,-8.2192,114.3691
2018-08-30,27.2,22.2,23.9,9.2,9.2,3.27,16.3,17.65,100,71,Banyuwangi,-8.2192,114.3691
2018-08-31,26.3,22.6,24.4,2.0,2.0,2.68,16.5,13.51,100,75,Banyuwangi,-8.2192,114.3691
2018-09-01,26.4,22.3,24.0,8.8,8.8,2.77,17.3,15.09,100,74,Banyuwangi,-8.2192,114.3691
2018-09-02,26.9,21.9,24.0,2.1,2.1,3.72,18.9,19.56,100,69,Banyuwangi,-8.2192,114.3691
2018-09-03,26.7,21.6,23.9,0.3,0.3,4.12,18.9,20.69,85,65,Banyuwangi,-8.2192,114.3691
2018-09-04,27.3,20.8,23.9,0.0,0.0,4.54,16.1,22.77,85,59,Banyuwangi,-8.2192,114.3691
2018-09-05,26.5,22.6,24.5,1.8,1.8,3.91,15.8,20.49,91,74,Banyuwangi,-8.2192,114.3691
2018-09-06,26.7,22.5,24.4,2.0,2.0,3.84,16.0,20.57,92,69,Banyuwangi,-8.2192,114.3691
2018-09-07,27.1,23.0,24.7,2.2,2.2,3.8,16.4,20.25,91,74,Banyuwangi,-8.2192,114.3691
2018-09-08,27.1,22.3,24.6,4.8,4.8,3.64,17.6,19.81,100,71,Banyuwangi,-8.2192,114.3691
2018-09-09,27.7,22.1,24.9,0.3,0.3,4.49,14.5,23.62,93,69,Banyuwangi,-8.2192,114.3691
2018-09-10,27.6,21.5,24.6,3.6,3.6,3.94,14.1,21.37,100,74,Banyuwangi,-8.2192,114.3691
2018-09-11,27.8,21.7,24.5,6.2,6.2,4.24,11.9,21.62,100,71,Banyuwangi,-8.2192,114.3691
2018-09-12,28.4,21.1,24.3,2.8,2.8,4.91,16.6,23.89,100,57,Banyuwangi,-8.2192,114.3691
2018-09-13,27.9,20.9,24.2,0.0,0.0,5.0,17.5,24.52,87,63,Banyuwangi,-8.2192,114.3691
2018-09-14,27.0,21.5,24.1,1.9,1.9,4.5,16.8,22.76,87,63,Banyuwangi,-8.2192,114.3691
2018-09-15,26.8,21.4,24.0,0.9,0.9,4.33,14.8,23.04,89,63,Banyuwangi,-8.2192,114.3691
2018-09-16,27.4,20.6,24.2,1.5,1.5,4.17,14.3,22.16,90,70,Banyuwangi,-8.2192,114.3691
2018-09-17,27.7,22.7,25.1,1.5,1.5,4.11,13.0,21.52,95,72,Banyuwangi,-8.2192,114.3691
2018-09-18,27.8,22.5,25.0,1.7,1.7,4.05,16.2,21.63,95,71,Banyuwangi,-8.2192,114.3691
2018-09-19,28.0,23.5,25.3,1.9,1.9,3.87,11.2,19.95,94,71,Banyuwangi,-8.2192,114.3691
2018-09-20,28.3,23.7,25.4,0.0,0.0,3.31,13.1,16.52,91,70,Banyuwangi,-8.2192,114.3691
2018-09-21,27.7,23.1,25.3,0.6,0.6,4.25,15.3,21.79,90,60,Banyuwangi,-8.2192,114.3691
2018-09-22,28.9,21.8,25.0,0.0,0.0,5.05,15.5,24.63,94,52,Banyuwangi,-8.2192,114.3691
2018-09-23,28.5,22.5,25.5,0.9,0.9,4.55,15.5,22.29,92,64,Banyuwangi,-8.2192,114.3691
2018-09-24,28.9,22.7,25.4,0.9,0.9,4.86,15.8,25.04,94,62,Banyuwangi,-8.2192,114.3691
2018-09-25,28.4,23.3,25.5,1.1,1.1,4.3,13.2,21.9,91,66,Banyuwangi,-8.2192,114.3691
2018-09-26,28.7,21.8,24.8,0.0,0.0,5.47,11.6,26.14,88,47,Banyuwangi,-8.2192,114.3691
2018-09-27,29.6,21.1,24.8,0.0,0.0,5.64,11.6,26.2,89,48,Banyuwangi,-8.2192,114.3691
2018-09-28,28.5,22.0,24.9,0.0,0.0,4.97,14.8,24.02,94,58,Banyuwangi,-8.2192,114.3691
2018-09-29,29.0,22.6,25.4,0.4,0.4,4.58,14.2,23.04,95,59,Banyuwangi,-8.2192,114.3691
2018-09-30,30.7,22.1,25.9,0.5,0.5,4.91,14.8,23.84,92,53,Banyuwangi,-8.2192,114.3691
2018-10-01,29.6,24.1,26.1,0.8,0.8,4.89,17.5,24.32,92,56,Banyuwangi,-8.2192,114.3691
2018-10-02,29.5,23.7,26.2,2.0,2.0,4.74,19.5,23.49,88,61,Banyuwangi,-8.2192,114.3691
2018-10-03,28.9,22.2,25.4,2.0,2.0,4.61,17.3,24.08,99,65,Banyuwangi,-8.2192,114.3691
2018-10-04,30.5,21.9,25.6,0.0,0.0,5.25,15.1,25.87,94,48,Banyuwangi,-8.2192,114.3691
2018-10-05,30.4,21.9,25.9,0.0,0.0,5.23,18.5,26.63,91,58,Banyuwangi,-8.2192,114.3691
2018-10-06,28.8,23.7,26.0,0.2,0.2,4.48,17.4,22.59,96,64,Banyuwangi,-8.2192,114.3691
2018-10-07,28.9,22.2,25.8,3.2,3.2,4.51,17.1,23.32,100,64,Banyuwangi,-8.2192,114.3691
2018-10-08,28.6,23.3,25.7,1.8,1.8,4.48,13.2,23.18,95,67,Banyuwangi,-8.2192,114.3691
2018-10-09,29.9,23.0,25.7,0.2,0.2,5.14,13.0,24.58,92,52,Banyuwangi,-8.2192,114.3691
2018-10-10,29.2,21.9,25.5,0.0,0.0,5.02,18.2,25.36,93,58,Banyuwangi,-8.2192,114.3691
2018-10-11,29.2,23.2,25.8,0.1,0.1,4.61,18.4,22.95,93,61,Banyuwangi,-8.2192,114.3691
2018-10-12,29.3,23.7,25.9,0.0,0.0,4.85,15.2,24.38,94,58,Banyuwangi,-8.2192,114.3691
2018-10-13,30.3,22.9,26.1,0.4,0.4,5.22,18.7,24.79,92,54,Banyuwangi,-8.2192,114.3691
2018-10-14,29.6,23.1,26.0,1.1,1.1,4.98,16.5,23.89,89,60,Banyuwangi,-8.2192,114.3691
2018-10-15,28.9,23.1,25.7,2.8,2.8,4.54,16.2,22.92,95,64,Banyuwangi,-8.2192,114.3691
2018-10-16,28.9,22.9,25.6,1.6,1.6,4.54,16.4,23.27,100,64,Banyuwangi,-8.2192,114.3691
2018-10-17,29.6,23.4,26.0,0.0,0.0,4.98,17.9,23.86,92,59,Banyuwangi,-8.2192,114.3691
2018-10-18,28.8,23.3,25.8,3.4,3.4,4.52,15.5,21.5,88,68,Banyuwangi,-8.2192,114.3691
2018-10-19,29.9,23.5,26.0,0.1,0.1,5.35,20.1,24.65,90,51,Banyuwangi,-8.2192,114.3691
2018-10-20,28.9,23.5,25.8,3.1,3.1,4.56,16.3,21.86,87,67,Banyuwangi,-8.2192,114.3691
2018-10-21,28.8,23.3,25.5,1.6,1.6,4.53,15.1,23.32,92,63,Banyuwangi,-8.2192,114.3691
2018-10-22,29.6,23.6,26.4,1.1,1.1,4.69,15.1,22.77,94,64,Banyuwangi,-8.2192,114.3691
2018-10-23,30.5,23.6,26.7,0.6,0.6,4.98,19.4,24.07,91,61,Banyuwangi,-8.2192,114.3691
2018-10-24,30.3,23.9,26.7,0.7,0.7,5.23,18.7,25.43,95,62,Banyuwangi,-8.2192,114.3691
2018-10-25,29.4,24.4,26.7,0.3,0.3,4.96,19.2,23.23,88,61,Banyuwangi,-8.2192,114.3691
2018-10-26,29.3,24.2,26.3,1.4,1.4,4.88,17.1,23.59,85,62,Banyuwangi,-8.2192,114.3691
2018-10-27,29.0,23.4,25.7,4.0,4.0,4.37,17.1,21.75,93,70,Banyuwangi,-8.2192,114.3691
2018-10-28,28.2,22.3,25.3,1.4,1.4,4.06,15.3,20.02,90,69,Banyuwangi,-8.2192,114.3691
2018-10-29,28.4,23.1,25.6,0.9,0.9,4.79,14.8,23.63,89,63,Banyuwangi,-8.2192,114.3691
2018-10-30,29.9,23.0,26.0,0.3,0.3,5.28,17.1,25.86,93,55,Banyuwangi,-8.2192,114.3691
2018-10-31,29.5,23.5,26.0,1.3,1.3,5.05,16.5,24.76,94,53,Banyuwangi,-8.2192,114.3691
2018-11-01,29.1,23.8,26.2,0.5,0.5,4.52,15.3,21.99,90,63,Banyuwangi,-8.2192,114.3691
2018-11-02,29.7,23.4,26.4,2.1,2.1,4.62,15.7,22.8,93,61,Banyuwangi,-8.2192,114.3691
2018-11-03,29.6,23.5,26.7,4.6,4.6,4.67,18.6,22.73,100,64,Banyuwangi,-8.2192,114.3691
2018-11-04,28.9,23.8,26.1,4.7,4.7,3.66,9.7,18.33,100,75,Banyuwangi,-8.2192,114.3691
2018-11-05,29.4,24.4,26.6,3.6,3.6,4.35,13.5,21.73,94,70,Banyuwangi,-8.2192,114.3691
2018-11-06,29.5,23.9,26.1,6.4,6.4,3.96,10.9,19.9,100,72,Banyuwangi,-8.2192,114.3691
2018-11-07,29.0,23.8,26.0,3.7,3.7,3.67,12.7,18.44,100,73,Banyuwangi,-8.2192,114.3691
2018-11-08,29.3,24.2,26.2,7.0,7.0,3.55,13.3,17.93,100,74,Banyuwangi,-8.2192,114.3691
2018-11-09,28.4,23.4,25.9,4.9,4.9,3.44,10.9,17.5,100,78,Banyuwangi,-8.2192,114.3691
2018-11-10,28.8,24.2,26.6,0.9,0.9,4.02,12.3,20.28,95,74,Banyuwangi,-8.2192,114.3691
2018-11-11,29.6,24.4,26.7,0.9,0.9,4.37,17.3,21.73,95,65,Banyuwangi,-8.2192,114.3691
2018-11-12,28.8,24.2,26.4,3.8,3.8,3.78,14.3,18.97,100,74,Banyuwangi,-8.2192,114.3691
2018-11-13,29.3,23.7,26.2,3.9,3.9,3.9,14.6,19.91,100,73,Banyuwangi,-8.2192,114.3691
2018-11-14,29.5,24.8,26.9,1.2,1.2,4.37,13.3,22.35,95,72,Banyuwangi,-8.2192,114.3691
2018-11-15,29.4,24.2,26.5,6.9,6.9,3.84,11.4,19.18,100,73,Banyuwangi,-8.2192,114.3691
2018-11-16,30.1,24.4,27.0,3.1,3.1,4.7,12.5,23.32,96,68,Banyuwangi,-8.2192,114.3691
2018-11-17,31.0,24.2,27.3,1.3,1.3,4.97,12.7,24.38,90,62,Banyuwangi,-8.2192,114.3691
2018-11-18,31.7,24.3,27.1,11.9,11.9,4.54,10.4,22.1,100,66,Banyuwangi,-8.2192,114.3691
2018-11-19,33.9,21.4,27.1,0.4,0.4,5.63,16.7,26.6,99,50,Banyuwangi,-8.2192,114.3691
2018-11-20,32.9,22.6,27.2,0.1,0.1,5.73,16.0,26.2,89,52,Banyuwangi,-8.2192,114.3691
2018-11-21,32.6,24.0,27.5,0.4,0.4,5.55,15.5,25.36,87,53,Banyuwangi,-8.2192,114.3691
2018-11-22,30.6,23.5,26.8,0.9,0.9,4.86,15.6,22.24,92,64,Banyuwangi,-8.2192,114.3691
2018-11-23,30.5,23.6,26.8,2.6,2.6,5.07,13.7,22.83,87,62,Banyuwangi,-8.2192,114.3691
2018-11-24,29.6,23.7,25.8,13.4,13.4,4.05,15.7,20.01,100,66,Banyuwangi,-8.2192,114.3691
2018-11-25,28.7,23.8,25.4,7.9,7.9,3.67,9.3,18.73,100,74,Banyuwangi,-8.2192,114.3691
2018-11-26,27.9,23.7,25.4,6.9,6.9,2.73,7.1,13.46,94,79,Banyuwangi,-8.2192,114.3691
2018-11-27,28.5,23.1,25.2,18.4,18.4,3.19,12.4,16.62,100,79,Banyuwangi,-8.2192,114.3691
2018-11-28,28.8,23.2,25.5,5.8,5.8,3.47,8.3,17.69,100,78,Banyuwangi,-8.2192,114.3691
2018-11-29,27.7,23.8,25.5,18.6,18.6,3.04,9.7,15.89,100,85,Banyuwangi,-8.2192,114.3691
2018-11-30,29.5,24.4,26.0,3.1,3.1,3.37,8.8,16.59,96,71,Banyuwangi,-8.2192,114.3691
2018-12-01,28.7,24.3,26.1,2.1,2.1,3.66,13.8,18.01,91,75,Banyuwangi,-8.2192,114.3691
2018-12-02,29.5,23.0,26.2,2.8,2.8,4.56,14.6,22.48,90,68,Banyuwangi,-8.2192,114.3691
2018-12-03,28.4,24.4,26.2,3.4,3.4,3.12,14.5,14.9,92,73,Banyuwangi,-8.2192,114.3691
2018-12-04,28.8,24.8,26.4,5.4,5.4,3.61,12.9,18.47,94,78,Banyuwangi,-8.2192,114.3691
2018-12-05,29.0,24.1,26.4,4.9,4.9,3.65,11.1,18.65,100,78,Banyuwangi,-8.2192,114.3691
2018-12-06,29.4,23.6,26.4,5.5,5.5,3.98,13.0,20.09,100,72,Banyuwangi,-8.2192,114.3691
2018-12-07,29.8,24.2,26.7,41.8,41.8,3.69,11.3,18.27,100,74,Banyuwangi,-8.2192,114.3691
2018-12-08,30.1,24.5,26.9,6.0,6.0,4.16,12.2,21.02,100,70,Banyuwangi,-8.2192,114.3691
2018-12-09,30.7,24.7,26.7,16.0,16.0,4.18,12.5,21.09,100,70,Banyuwangi,-8.2192,114.3691
2018-12-10,31.0,24.6,27.1,4.4,4.4,4.36,13.1,21.56,94,68,Banyuwangi,-8.2192,114.3691
2018-12-11,30.9,24.3,27.2,2.9,2.9,4.29,9.3,20.7,94,67,Banyuwangi,-8.2192,114.3691
2018-12-12,31.4,24.6,27.2,3.8,3.8,4.44,8.4,21.52,93,62,Banyuwangi,-8.2192,114.3691
2018-12-13,30.5,24.2,27.0,6.2,6.2,3.68,9.7,17.97,100,72,Banyuwangi,-8.2192,114.3691
2018-12-14,32.5,24.4,27.5,8.7,8.7,4.74,8.9,22.73,100,55,Banyuwangi,-8.2192,114.3691
2018-12-15,31.1,24.5,26.8,7.4,7.4,3.83,14.8,18.0,95,67,Banyuwangi,-8.2192,114.3691
2018-12-16,31.3,25.1,27.4,0.4,0.4,4.85,19.0,20.69,86,58,Banyuwangi,-8.2192,114.3691
2018-12-17,31.2,25.4,27.5,0.6,0.6,5.17,19.7,22.76,85,58,Banyuwangi,-8.2192,114.3691
2018-12-18,29.8,24.0,26.3,20.1,20.1,4.04,11.6,19.66,100,69,Banyuwangi,-8.2192,114.3691
2018-12-19,29.6,24.4,26.5,2.6,2.6,3.75,11.5,17.77,92,68,Banyuwangi,-8.2192,114.3691
2018-12-20,29.6,24.0,25.9,28.1,28.1,3.85,11.6,18.78,100,67,Banyuwangi,-8.2192,114.3691
2018-12-21,29.4,23.9,26.1,3.4,3.4,3.26,11.9,16.1,100,73,Banyuwangi,-8.2192,114.3691
2018-12-22,30.2,23.8,25.7,31.5,31.5,3.5,15.0,18.22,100,68,Banyuwangi,-8.2192,114.3691
2018-12-23,29.4,24.1,25.8,3.1,3.1,2.88,15.5,13.92,97,75,Banyuwangi,-8.2192,114.3691
2018-12-24,27.0,23.1,24.8,14.7,14.7,2.19,16.6,10.74,100,81,Banyuwangi,-8.2192,114.3691
2018-12-25,29.7,23.2,25.7,3.2,3.2,3.39,10.8,16.92,96,69,Banyuwangi,-8.2192,114.3691
2018-12-26,30.6,23.5,26.5,5.9,5.9,4.07,10.6,20.12,94,69,Banyuwangi,-8.2192,114.3691
2018-12-27,32.1,24.5,27.4,1.3,1.3,4.86,13.8,22.5,94,57,Banyuwangi,-8.2192,114.3691
2018-12-28,31.0,25.2,27.4,0.0,0.0,3.55,20.3,12.35,90,59,Banyuwangi,-8.2192,114.3691
2018-12-29,32.2,24.5,27.3,0.7,0.7,3.84,9.0,17.95,96,55,Banyuwangi,-8.2192,114.3691
2018-12-30,28.7,24.3,25.6,21.1,21.1,2.69,8.7,13.48,100,76,Banyuwangi,-8.2192,114.3691
2018-12-31,29.0,24.6,26.3,4.1,4.1,3.63,12.1,18.3,95,74,Banyuwangi,-8.2192,114.3691
2019-01-01,30.2,24.7,26.4,2.7,2.7,3.8,8.7,18.77,95,63,Banyuwangi,-8.2192,114.3691
2019-01-02,29.0,23.7,25.8,4.4,4.4,3.53,14.4,17.84,100,70,Banyuwangi,-8.2192,114.3691
2019-01-03,27.7,22.9,25.0,30.6,30.6,2.41,11.5,11.73,100,76,Banyuwangi,-8.2192,114.3691
2019-01-04,28.9,22.9,25.6,11.8,11.8,3.16,19.1,16.17,100,75,Banyuwangi,-8.2192,114.3691
2019-01-05,29.4,24.1,26.3,5.5,5.5,3.85,14.4,19.61,100,74,Banyuwangi,-8.2192,114.3691
2019-01-06,31.0,23.6,26.1,9.7,9.7,3.5,8.5,17.23,100,67,Banyuwangi,-8.2192,114.3691
2019-01-07,31.5,23.7,26.7,1.8,1.8,4.82,15.0,23.97,93,59,Banyuwangi,-8.2192,114.3691
2019-01-08,30.8,23.4,26.5,10.9,10.9,4.48,14.6,22.82,100,70,Banyuwangi,-8.2192,114.3691
2019-01-09,31.6,23.9,27.3,2.6,2.6,5.04,16.0,24.49,93,62,Banyuwangi,-8.2192,114.3691
2019-01-10,30.5,23.8,27.1,4.7,4.7,4.56,14.0,22.76,100,68,Banyuwangi,-8.2192,114.3691
2019-01-11,31.4,23.9,26.7,6.0,6.0,4.59,13.0,22.6,96,67,Banyuwangi,-8.2192,114.3691
2019-01-12,30.7,24.5,26.4,9.2,9.2,4.03,6.9,20.03,100,70,Banyuwangi,-8.2192,114.3691
2019-01-13,31.4,22.6,26.6,2.8,2.8,4.51,11.0,22.27,99,64,Banyuwangi,-8.2192,114.3691
2019-01-14,31.1,23.6,26.4,10.0,10.0,4.19,7.4,20.6,100,66,Banyuwangi,-8.2192,114.3691
2019-01-15,29.9,23.5,25.6,13.1,13.1,3.23,6.8,16.34,100,76,Banyuwangi,-8.2192,114.3691
2019-01-16,27.6,23.5,24.9,21.0,21.0,1.83,13.4,9.0,100,85,Banyuwangi,-8.2192,114.3691
2019-01-17,30.1,23.5,25.8,14.0,14.0,3.73,10.9,18.29,100,66,Banyuwangi,-8.2192,114.3691
2019-01-18,30.0,23.0,25.9,28.1,28.1,3.44,10.9,17.02,100,67,Banyuwangi,-8.2192,114.3691
2019-01-19,29.4,24.3,26.4,0.5,0.5,3.36,12.8,16.42,96,71,Banyuwangi,-8.2192,114.3691
2019-01-20,31.1,22.5,25.9,17.9,17.9,4.0,8.7,20.06,100,68,Banyuwangi,-8.2192,114.3691
2019-01-21,31.1,23.4,26.3,5.8,5.8,4.17,19.2,21.56,100,67,Banyuwangi,-8.2192,114.3691
2019-01-22,31.3,24.5,26.7,5.3,5.3,3.68,22.9,17.27,96,60,Banyuwangi,-8.2192,114.3691
2019-01-23,27.0,23.1,24.9,4.1,4.1,1.78,11.5,7.91,100,80,Banyuwangi,-8.2192,114.3691
2019-01-24,33.3,23.4,26.9,3.9,3.9,4.59,18.6,18.98,99,50,Banyuwangi,-8.2192,114.3691
2019-01-25,29.6,22.8,26.0,7.1,7.1,3.4,11.7,16.21,100,70,Banyuwangi,-8.2192,114.3691
2019-01-26,30.4,24.8,26.6,2.3,2.3,4.18,11.0,20.14,91,63,Banyuwangi,-8.2192,114.3691
2019-01-27,29.0,23.7,25.8,0.1,0.1,3.25,11.9,15.48,93,72,Banyuwangi,-8.2192,114.3691
2019-01-28,27.9,23.9,25.8,1.9,1.9,2.97,10.0,13.78,89,72,Banyuwangi,-8.2192,114.3691
2019-01-29,29.5,22.3,26.3,1.5,1.5,3.52,13.4,17.59,99,69,Banyuwangi,-8.2192,114.3691
2019-01-30,30.7,25.2,27.3,0.3,0.3,4.18,17.3,20.46,92,65,Banyuwangi,-8.2192,114.3691
2019-01-31,30.5,24.1,26.5,0.7,0.7,3.51,13.6,16.83,94,59,Banyuwangi,-8.2192,114.3691
2019-02-01,30.6,24.9,27.0,0.8,0.8,4.22,12.1,20.36,90,61,Banyuwangi,-8.2192,114.3691
2019-02-02,30.1,24.4,26.7,3.4,3.4,4.12,9.7,20.37,96,66,Banyuwangi,-8.2192,114.3691
2019-02-03,30.5,24.2,26.6,11.3,11.3,4.29,10.0,21.57,98,65,Banyuwangi,-8.2192,114.3691
2019-02-04,29.6,23.5,25.9,11.3,11.3,3.26,14.5,16.45,99,73,Banyuwangi,-8.2192,114.3691
2019-02-05,30.4,24.3,26.6,6.6,6.6,4.03,10.8,19.83,91,69,Banyuwangi,-8.2192,114.3691
2019-02-06,29.7,24.7,26.7,6.2,6.2,3.54,10.4,17.11,96,70,Banyuwangi,-8.2192,114.3691
2019-02-07,30.5,23.5,26.1,5.9,5.9,3.94,7.9,19.47,100,74,Banyuwangi,-8.2192,114.3691
2019-02-08,29.3,23.1,25.5,11.8,11.8,3.21,8.2,16.26,100,79,Banyuwangi,-8.2192,114.3691
2019-02-09,30.3,24.5,26.4,3.9,3.9,3.93,8.8,19.18,100,70,Banyuwangi,-8.2192,114.3691
2019-02-10,30.8,23.3,26.3,55.5,55.5,4.6,11.9,22.88,100,64,Banyuwangi,-8.2192,114.3691
2019-02-11,29.7,23.3,26.3,3.1,3.1,4.14,11.6,20.52,100,69,Banyuwangi,-8.2192,114.3691
2019-02-12,30.2,24.7,26.4,2.2,2.2,3.41,15.2,16.48,95,63,Banyuwangi,-8.2192,114.3691
2019-02-13,29.1,23.6,25.9,8.8,8.8,3.32,11.2,16.78,100,75,Banyuwangi,-8.2192,114.3691
2019-02-14,29.9,24.1,26.5,8.9,8.9,4.46,14.5,22.85,100,72,Banyuwangi,-8.2192,114.3691
2019-02-15,30.4,22.1,26.5,4.2,4.2,4.5,11.0,22.54,100,67,Banyuwangi,-8.2192,114.3691
2019-02-16,31.1,24.2,26.6,4.7,4.7,4.68,9.2,23.19,100,66,Banyuwangi,-8.2192,114.3691
2019-02-17,31.0,24.1,27.0,2.6,2.6,4.84,14.5,24.16,93,65,Banyuwangi,-8.2192,114.3691
2019-02-18,30.2,22.8,26.6,9.2,9.2,3.84,9.6,18.75,99,69,Banyuwangi,-8.2192,114.3691
2019-02-19,30.3,24.9,26.8,6.5,6.5,3.72,15.3,18.28,95,69,Banyuwangi,-8.2192,114.3691
2019-02-20,30.0,23.5,26.2,2.6,2.6,3.56,12.2,18.02,97,73,Banyuwangi,-8.2192,114.3691
2019-02-21,29.6,23.7,26.6,1.4,1.4,4.3,19.2,22.25,91,73,Banyuwangi,-8.2192,114.3691
2019-02-22,30.6,23.4,26.7,2.6,2.6,4.28,11.7,21.48,99,67,Banyuwangi,-8.2192,114.3691
2019-02-23,30.2,22.9,26.6,3.2,3.2,4.41,12.5,21.98,99,67,Banyuwangi,-8.2192,114.3691
2019-02-24,31.8,23.6,27.0,3.8,3.8,4.7,10.9,22.86,95,61,Banyuwangi,-8.2192,114.3691
2019-02-25,31.7,24.0,27.5,0.8,0.8,5.16,10.5,24.85,89,61,Banyuwangi,-8.2192,114.3691
2019-02-26,31.1,23.8,27.3,3.0,3.0,4.71,12.4,23.07,91,66,Banyuwangi,-8.2192,114.3691
2019-02-27,30.3,22.8,26.6,5.2,5.2,3.9,10.4,19.32,100,71,Banyuwangi,-8.2192,114.3691
2019-02-28,31.0,23.7,26.9,5.2,5.2,4.26,6.8,20.91,100,72,Banyuwangi,-8.2192,114.3691
2019-03-01,31.0,24.6,27.2,1.1,1.1,4.57,18.7,22.06,94,69,Banyuwangi,-8.2192,114.3691
2019-03-02,30.3,24.5,26.7,3.6,3.6,4.03,13.5,19.97,94,72,Banyuwangi,-8.2192,114.3691
2019-03-03,30.1,24.2,26.7,5.4,5.4,4.1,8.7,20.14,100,69,Banyuwangi,-8.2192,114.3691
2019-03-04,30.2,23.1,26.4,12.7,12.7,3.89,8.5,19.29,100,69,Banyuwangi,-8.2192,114.3691
2019-03-05,31.0,24.3,27.0,4.5,4.5,4.49,15.8,22.5,96,68,Banyuwangi,-8.2192,114.3691
2019-03-06,28.4,23.7,25.7,94.4,94.4,2.91,12.1,14.7,100,79,Banyuwangi,-8.2192,114.3691
2019-03-07,27.4,23.1,24.7,33.0,33.0,1.82,10.0,9.06,100,90,Banyuwangi,-8.2192,114.3691
2019-03-08,28.6,22.4,25.6,6.3,6.3,2.32,10.0,10.75,100,78,Banyuwangi,-8.2192,114.3691
2019-03-09,30.8,24.2,26.8,8.5,8.5,4.95,13.0,23.45,94,59,Banyuwangi,-8.2192,114.3691
2019-03-10,31.6,23.7,26.9,2.5,2.5,4.71,7.7,22.9,96,61,Banyuwangi,-8.2192,114.3691
2019-03-11,31.8,23.7,27.4,0.6,0.6,4.89,15.1,23.78,91,63,Banyuwangi,-8.2192,114.3691
2019-03-12,29.5,24.9,26.4,10.3,10.3,3.69,14.0,19.05,96,77,Banyuwangi,-8.2192,114.3691
2019-03-13,27.8,23.8,25.7,3.3,3.3,3.03,12.6,15.64,94,84,Banyuwangi,-8.2192,114.3691
2019-03-14,30.6,23.4,26.7,3.3,3.3,3.67,11.1,17.37,99,64,Banyuwangi,-8.2192,114.3691
2019-03-15,28.0,24.1,25.6,13.7,13.7,2.51,16.1,12.57,100,81,Banyuwangi,-8.2192,114.3691
2019-03-16,30.0,23.7,25.6,31.9,31.9,3.57,12.5,17.83,96,72,Banyuwangi,-8.2192,114.3691
2019-03-17,28.9,22.8,24.8,15.1,15.1,2.76,9.6,13.66,100,73,Banyuwangi,-8.2192,114.3691
2019-03-18,28.3,23.5,25.2,7.8,7.8,2.92,8.9,14.47,100,76,Banyuwangi,-8.2192,114.3691
2019-03-19,29.7,23.0,25.3,9.2,9.2,3.05,7.3,15.11,100,70,Banyuwangi,-8.2192,114.3691
2019-03-20,29.3,23.9,26.1,2.1,2.1,3.28,10.2,16.26,95,73,Banyuwangi,-8.2192,114.3691
2019-03-21,29.2,24.2,26.1,1.3,1.3,3.34,9.4,16.43,91,72,Banyuwangi,-8.2192,114.3691
2019-03-22,30.0,24.1,26.0,3.0,3.0,3.2,9.1,15.68,94,66,Banyuwangi,-8.2192,114.3691
2019-03-23,28.5,23.9,25.5,27.4,27.4,2.65,10.4,13.0,100,77,Banyuwangi,-8.2192,114.3691
2019-03-24,28.3,23.2,25.4,104.3,104.3,1.99,10.7,9.68,100,76,Banyuwangi,-8.2192,114.3691
2019-03-25,30.3,23.3,26.1,11.9,11.9,3.43,9.2,17.33,100,73,Banyuwangi,-8.2192,114.3691
2019-03-26,29.5,24.3,26.5,7.9,7.9,3.66,10.1,18.42,96,78,Banyuwangi,-8.2192,114.3691
2019-03-27,30.3,23.5,26.4,11.0,11.0,4.21,8.4,21.03,100,69,Banyuwangi,-8.2192,114.3691
2019-03-28,30.4,23.5,26.2,5.2,5.2,4.47,9.2,21.95,100,67,Banyuwangi,-8.2192,114.3691
2019-03-29,30.2,22.8,25.8,8.9,8.9,4.09,11.0,20.69,100,68,Banyuwangi,-8.2192,114.3691
2019-03-30,31.8,24.0,26.8,5.3,5.3,4.67,10.8,22.82,100,62,Banyuwangi,-8.2192,114.3691
2019-03-31,30.4,23.7,26.6,1.1,1.1,4.62,12.8,23.04,90,67,Banyuwangi,-8.2192,114.3691
2019-04-01,29.9,23.8,26.2,2.8,2.8,4.29,11.9,20.97,91,70,Banyuwangi,-8.2192,114.3691
2019-04-02,29.9,23.9,26.0,11.9,11.9,3.95,10.8,19.86,100,69,Banyuwangi,-8.2192,114.3691
2019-04-03,29.7,23.0,26.0,5.3,5.3,3.89,9.0,19.47,100,66,Banyuwangi,-8.2192,114.3691
2019-04-04,28.5,23.1,25.7,6.4,6.4,3.63,8.5,18.78,100,80,Banyuwangi,-8.2192,114.3691
2019-04-05,28.1,23.0,25.4,9.1,9.1,2.67,11.2,13.85,100,81,Banyuwangi,-8.2192,114.3691
2019-04-06,29.3,23.7,26.0,2.1,2.1,3.82,10.1,19.09,93,74,Banyuwangi,-8.2192,114.3691
2019-04-07,30.7,24.2,26.8,1.1,1.1,4.72,13.2,22.9,91,64,Banyuwangi,-8.2192,114.3691
2019-04-08,30.8,23.5,26.6,8.0,8.0,4.02,16.3,20.25,96,65,Banyuwangi,-8.2192,114.3691
2019-04-09,29.7,24.9,26.7,3.4,3.4,3.58,8.3,17.83,96,71,Banyuwangi,-8.2192,114.3691
2019-04-10,30.1,24.5,26.7,5.2,5.2,3.69,7.4,18.48,100,74,Banyuwangi,-8.2192,114.3691
2019-04-11,30.6,25.1,26.9,9.1,9.1,3.77,9.4,18.76,94,68,Banyuwangi,-8.2192,114.3691
2019-04-12,30.1,24.8,26.9,0.6,0.6,3.72,10.0,18.57,95,71,Banyuwangi,-8.2192,114.3691
2019-04-13,30.2,24.2,26.3,13.5,13.5,3.26,8.9,16.23,100,75,Banyuwangi,-8.2192,114.3691
2019-04-14,28.7,23.7,26.1,6.6,6.6,2.64,6.1,13.03,95,79,Banyuwangi,-8.2192,114.3691
2019-04-15,29.3,24.0,26.3,4.1,4.1,2.81,7.9,13.88,96,75,Banyuwangi,-8.2192,114.3691
2019-04-16,29.6,24.8,26.7,11.5,11.5,3.51,16.0,18.18,96,73,Banyuwangi,-8.2192,114.3691
2019-04-17,30.3,22.7,26.6,7.2,7.2,4.1,9.7,20.6,100,70,Banyuwangi,-8.2192,114.3691
2019-04-18,29.9,23.8,26.8,3.3,3.3,3.91,13.0,19.48,100,70,Banyuwangi,-8.2192,114.3691
2019-04-19,30.2,24.6,27.1,4.0,4.0,4.22,10.2,20.82,91,68,Banyuwangi,-8.2192,114.3691
2019-04-20,28.9,23.6,26.1,3.7,3.7,3.47,10.9,17.64,92,77,Banyuwangi,-8.2192,114.3691
2019-04-21,29.7,23.6,26.4,3.0,3.0,3.51,12.7,17.46,96,70,Banyuwangi,-8.2192,114.3691
2019-04-22,29.6,22.7,26.2,5.8,5.8,4.21,13.5,20.95,99,70,Banyuwangi,-8.2192,114.3691
2019-04-23,29.5,24.0,26.5,6.2,6.2,3.81,15.1,19.7,100,71,Banyuwangi,-8.2192,114.3691
2019-04-24,29.9,25.2,27.2,1.2,1.2,4.24,14.0,21.14,90,67,Banyuwangi,-8.2192,114.3691
2019-04-25,29.1,23.4,26.5,4.4,4.4,3.92,12.7,19.94,100,72,Banyuwangi,-8.2192,114.3691
2019-04-26,29.3,24.1,26.7,3.5,3.5,3.92,11.5,19.62,90,70,Banyuwangi,-8.2192,114.3691
2019-04-27,28.7,24.6,26.2,8.0,8.0,3.46,10.1,17.8,100,79,Banyuwangi,-8.2192,114.3691
2019-04-28,30.0,23.3,26.1,6.6,6.6,3.44,16.2,17.3,100,69,Banyuwangi,-8.2192,114.3691
2019-04-29,28.2,23.9,25.8,7.7,7.7,2.45,9.4,12.25,100,77,Banyuwangi,-8.2192,114.3691
2019-04-30,29.1,23.8,26.0,3.3,3.3,3.66,11.8,18.55,96,74,Banyuwangi,-8.2192,114.3691
2019-05-01,29.6,24.0,26.1,5.0,5.0,3.66,9.4,18.23,100,69,Banyuwangi,-8.2192,114.3691
2019-05-02,28.7,23.7,26.0,1.7,1.7,3.52,8.6,18.02,100,75,Banyuwangi,-8.2192,114.3691
2019-05-03,29.1,24.3,26.4,1.0,1.0,4.1,12.8,20.77,91,72,Banyuwangi,-8.2192,114.3691
2019-05-04,29.6,23.6,26.2,1.3,1.3,4.11,9.7,20.51,94,71,Banyuwangi,-8.2192,114.3691
2019-05-05,28.9,23.7,26.1,4.1,4.1,3.61,8.9,18.33,100,75,Banyuwangi,-8.2192,114.3691
2019-05-06,28.8,24.0,26.1,3.8,3.8,3.31,8.9,17.04,100,77,Banyuwangi,-8.2192,114.3691
2019-05-07,28.9,24.3,26.3,1.9,1.9,3.36,13.3,17.56,94,78,Banyuwangi,-8.2192,114.3691
2019-05-08,29.1,23.6,26.2,3.2,3.2,4.11,13.6,20.42,92,67,Banyuwangi,-8.2192,114.3691
2019-05-09,28.8,22.8,25.8,5.3,5.3,3.81,12.2,19.12,100,58,Banyuwangi,-8.2192,114.3691
2019-05-10,27.9,23.0,25.9,4.5,4.5,3.3,18.7,16.21,99,75,Banyuwangi,-8.2192,114.3691
2019-05-11,28.1,23.9,26.1,2.6,2.6,3.28,15.2,15.63,92,70,Banyuwangi,-8.2192,114.3691
2019-05-12,28.2,24.4,26.0,1.7,1.7,3.69,13.8,18.82,90,72,Banyuwangi,-8.2192,114.3691
2019-05-13,28.4,24.2,26.1,1.0,1.0,3.81,11.9,19.73,91,73,Banyuwangi,-8.2192,114.3691
2019-05-14,28.8,23.5,26.3,0.6,0.6,3.86,11.1,19.71,90,71,Banyuwangi,-8.2192,114.3691
2019-05-15,28.5,25.1,26.6,1.9,1.9,3.54,14.6,18.0,91,74,Banyuwangi,-8.2192,114.3691
2019-05-16,28.3,24.1,26.0,4.6,4.6,3.61,14.5,18.67,93,72,Banyuwangi,-8.2192,114.3691
2019-05-17,27.9,22.0,25.2,4.6,4.6,3.51,12.4,17.82,99,71,Banyuwangi,-8.2192,114.3691
2019-05-18,27.9,22.1,25.2,0.0,0.0,4.08,12.1,20.18,85,61,Banyuwangi,-8.2192,114.3691
2019-05-19,28.4,22.7,25.9,1.4,1.4,3.77,12.0,18.82,89,67,Banyuwangi,-8.2192,114.3691
2019-05-20,28.6,24.0,26.0,2.8,2.8,3.81,14.4,19.65,93,71,Banyuwangi,-8.2192,114.3691
2019-05-21,28.1,23.7,25.7,7.2,7.2,3.35,12.4,17.67,100,76,Banyuwangi,-8.2192,114.3691
2019-05-22,28.7,23.1,25.7,2.2,2.2,3.52,12.1,18.35,100,76,Banyuwangi,-8.2192,114.3691
2019-05-23,28.5,23.9,26.3,3.8,3.8,3.54,15.9,18.37,94,74,Banyuwangi,-8.2192,114.3691
2019-05-24,28.4,23.2,25.6,4.6,4.6,3.68,16.9,18.9,95,70,Banyuwangi,-8.2192,114.3691
2019-05-25,28.1,23.5,25.7,2.2,2.2,3.75,14.7,18.69,89,72,Banyuwangi,-8.2192,114.3691
2019-05-26,28.0,23.3,25.8,5.0,5.0,3.24,17.2,16.68,99,75,Banyuwangi,-8.2192,114.3691
2019-05-27,27.7,24.5,25.8,2.7,2.7,3.03,14.4,15.63,93,76,Banyuwangi,-8.2192,114.3691
2019-05-28,28.1,23.4,25.8,1.5,1.5,3.47,13.2,18.26,92,76,Banyuwangi,-8.2192,114.3691
2019-05-29,28.3,23.0,25.9,1.9,1.9,3.54,16.3,18.1,93,72,Banyuwangi,-8.2192,114.3691
2019-05-30,27.3,23.7,25.8,2.6,2.6,3.15,18.2,14.89,91,71,Banyuwangi,-8.2192,114.3691
2019-05-31,27.2,23.7,25.6,2.4,2.4,3.21,24.2,14.67,92,70,Banyuwangi,-8.2192,114.3691
2019-06-01,26.7,22.9,25.2,3.6,3.6,2.85,21.7,13.52,92,75,Banyuwangi,-8.2192,114.3691
2019-06-02,26.9,23.1,25.0,8.3,8.3,2.76,16.6,14.37,100,74,Banyuwangi,-8.2192,114.3691
2019-06-03,27.3,22.9,25.0,3.8,3.8,2.83,14.0,14.65,99,75,Banyuwangi,-8.2192,114.3691
2019-06-04,27.6,23.0,25.2,1.0,1.0,3.09,12.8,16.25,100,76,Banyuwangi,-8.2192,114.3691
2019-06-05,27.8,24.5,25.8,0.4,0.4,3.41,13.9,18.01,95,77,Banyuwangi,-8.2192,114.3691
2019-06-06,27.8,24.0,25.6,0.3,0.3,3.58,14.7,18.93,95,75,Banyuwangi,-8.2192,114.3691
2019-06-07,27.7,23.4,25.4,0.2,0.2,3.45,15.0,18.51,97,73,Banyuwangi,-8.2192,114.3691
2019-06-08,27.2,23.8,25.1,1.8,1.8,3.01,13.3,16.08,96,75,Banyuwangi,-8.2192,114.3691
2019-06-09,27.3,23.5,25.0,1.8,1.8,3.08,11.8,15.85,95,72,Banyuwangi,-8.2192,114.3691
2019-06-10,27.6,23.3,25.1,0.6,0.6,3.51,11.7,18.5,96,69,Banyuwangi,-8.2192,114.3691
2019-06-11,27.3,23.5,25.3,2.0,2.0,3.08,15.3,15.39,90,74,Banyuwangi,-8.2192,114.3691
2019-06-12,27.1,23.1,25.0,7.2,7.2,2.82,16.6,14.85,100,79,Banyuwangi,-8.2192,114.3691
2019-06-13,26.6,22.9,24.7,6.6,6.6,2.27,9.4,11.92,100,84,Banyuwangi,-8.2192,114.3691
2019-06-14,26.2,23.5,24.7,11.4,11.4,1.62,11.9,8.08,100,85,Banyuwangi,-8.2192,114.3691
2019-06-15,27.5,22.8,24.9,3.6,3.6,3.03,14.8,16.14,100,72,Banyuwangi,-8.2192,114.3691
2019-06-16,26.8,22.1,24.4,2.3,2.3,3.22,11.0,16.75,92,75,Banyuwangi,-8.2192,114.3691
2019-06-17,26.6,23.2,24.6,1.7,1.7,2.94,15.5,15.18,90,73,Banyuwangi,-8.2192,114.3691
2019-06-18,27.1,22.2,24.5,0.7,0.7,3.54,13.6,19.0,92,68,Banyuwangi,-8.2192,114.3691
2019-06-19,26.6,22.3,24.3,0.8,0.8,3.26,11.2,17.43,93,73,Banyuwangi,-8.2192,114.3691
2019-06-20,26.6,21.6,24.1,0.1,0.1,3.37,11.8,17.92,93,67,Banyuwangi,-8.2192,114.3691
2019-06-21,27.0,22.9,24.6,0.0,0.0,3.46,12.7,18.25,91,67,Banyuwangi,-8.2192,114.3691
2019-06-22,27.0,22.7,24.5,0.0,0.0,3.35,15.0,17.94,93,68,Banyuwangi,-8.2192,114.3691
2019-06-23,27.1,21.7,24.4,0.6,0.6,3.57,14.1,19.11,95,68,Banyuwangi,-8.2192,114.3691
2019-06-24,26.9,20.8,24.0,0.6,0.6,3.53,11.3,18.15,92,70,Banyuwangi,-8.2192,114.3691
2019-06-25,27.4,22.0,24.7,1.4,1.4,3.78,16.0,20.08,94,67,Banyuwangi,-8.2192,114.3691
2019-06-26,26.8,23.5,24.8,0.0,0.0,3.58,15.3,19.1,88,69,Banyuwangi,-8.2192,114.3691
2019-06-27,26.8,22.6,24.3,0.8,0.8,3.09,15.6,15.49,92,68,Banyuwangi,-8.2192,114.3691
2019-06-28,25.9,21.3,23.5,0.9,0.9,3.11,17.8,14.47,92,60,Banyuwangi,-8.2192,114.3691
2019-06-29,27.0,21.4,23.7,0.0,0.0,3.96,16.4,18.71,84,57,Banyuwangi,-8.2192,114.3691
2019-06-30,26.4,21.6,23.8,0.2,0.2,3.56,15.1,18.66,86,63,Banyuwangi,-8.2192,114.3691
2019-07-01,26.7,20.6,23.7,0.4,0.4,3.65,15.0,19.33,93,64,Banyuwangi,-8.2192,114.3691
2019-07-02,26.9,23.0,24.6,0.5,0.5,3.14,14.6,16.91,94,74,Banyuwangi,-8.2192,114.3691
2019-07-03,27.1,23.9,25.1,1.9,1.9,2.89,11.6,15.08,95,74,Banyuwangi,-8.2192,114.3691
2019-07-04,28.9,22.8,25.0,2.8,2.8,3.04,11.2,15.97,96,73,Banyuwangi,-8.2192,114.3691
2019-07-05,26.3,22.7,24.5,1.5,1.5,2.75,15.9,14.55,96,79,Banyuwangi,-8.2192,114.3691
2019-07-06,26.6,23.3,24.6,0.4,0.4,3.63,15.0,19.18,92,68,Banyuwangi,-8.2192,114.3691
2019-07-07,26.8,23.0,24.6,0.0,0.0,3.62,16.0,18.49,90,66,Banyuwangi,-8.2192,114.3691
2019-07-08,26.3,20.7,23.5,0.1,0.1,3.41,13.3,17.97,86,69,Banyuwangi,-8.2192,114.3691
2019-07-09,25.8,21.0,23.3,1.6,1.6,3.25,16.0,16.62,92,69,Banyuwangi,-8.2192,114.3691
2019-07-10,26.3,21.7,23.7,1.5,1.5,3.43,13.0,18.64,94,71,Banyuwangi,-8.2192,114.3691
2019-07-11,26.1,22.5,24.0,0.7,0.7,3.21,15.5,17.43,90,74,Banyuwangi,-8.2192,114.3691
2019-07-12,26.7,20.8,23.5,2.9,2.9,3.56,15.6,19.35,95,72,Banyuwangi,-8.2192,114.3691
2019-07-13,26.2,20.7,23.0,5.3,5.3,3.47,16.0,18.89,100,67,Banyuwangi,-8.2192,114.3691
2019-07-14,26.4,19.3,23.2,1.2,1.2,3.89,12.8,20.83,89,64,Banyuwangi,-8.2192,114.3691
2019-07-15,26.1,21.4,23.6,1.8,1.8,3.15,18.9,17.03,91,70,Banyuwangi,-8.2192,114.3691
2019-07-16,25.8,20.7,23.4,5.2,5.2,3.17,17.3,16.92,100,70,Banyuwangi,-8.2192,114.3691
2019-07-17,26.0,20.4,23.3,3.3,3.3,3.22,14.4,17.58,100,68,Banyuwangi,-8.2192,114.3691
2019-07-18,26.8,22.3,24.3,0.8,0.8,3.31,15.1,17.63,94,72,Banyuwangi,-8.2192,114.3691
2019-07-19,26.3,23.1,24.5,2.3,2.3,3.02,15.9,16.83,93,79,Banyuwangi,-8.2192,114.3691
2019-07-20,27.0,23.4,24.7,1.8,1.8,2.84,16.1,15.08,94,76,Banyuwangi,-8.2192,114.3691
2019-07-21,26.2,22.9,24.3,3.8,3.8,2.91,15.5,15.72,100,73,Banyuwangi,-8.2192,114.3691
2019-07-22,26.2,22.5,24.1,4.2,4.2,3.1,14.3,16.74,100,74,Banyuwangi,-8.2192,114.3691
2019-07-23,26.4,21.6,23.7,5.9,5.9,3.53,12.9,19.72,100,72,Banyuwangi,-8.2192,114.3691
2019-07-24,25.9,21.6,23.4,9.8,9.8,3.18,13.4,17.63,100,73,Banyuwangi,-8.2192,114.3691
2019-07-25,26.3,21.4,23.9,2.1,2.1,3.32,15.5,18.28,100,72,Banyuwangi,-8.2192,114.3691
2019-07-26,26.4,22.8,24.3,0.1,0.1,3.3,15.5,17.59,92,70,Banyuwangi,-8.2192,114.3691
2019-07-27,26.3,22.0,24.1,0.3,0.3,3.33,12.2,17.8,89,71,Banyuwangi,-8.2192,114.3691
2019-07-28,26.6,21.6,23.8,0.3,0.3,4.01,13.2,20.48,90,62,Banyuwangi,-8.2192,114.3691
2019-07-29,26.5,20.2,23.8,4.6,4.6,3.41,14.8,18.43,99,72,Banyuwangi,-8.2192,114.3691
2019-07-30,26.4,21.6,23.7,9.7,9.7,3.39,14.1,18.87,100,75,Banyuwangi,-8.2192,114.3691
2019-07-31,26.1,20.9,23.4,7.4,7.4,3.19,14.8,17.69,100,72,Banyuwangi,-8.2192,114.3691
2019-08-01,26.9,20.9,23.7,4.0,4.0,3.6,15.9,19.71,100,72,Banyuwangi,-8.2192,114.3691
2019-08-02,26.6,21.3,23.7,2.5,2.5,3.47,17.0,19.24,100,70,Banyuwangi,-8.2192,114.3691
2019-08-03,25.9,21.3,23.6,2.5,2.5,3.56,19.6,18.81,94,72,Banyuwangi,-8.2192,114.3691
2019-08-04,25.1,20.8,22.9,2.8,2.8,3.22,14.2,17.46,92,69,Banyuwangi,-8.2192,114.3691
2019-08-05,26.1,20.7,22.9,0.5,0.5,3.98,16.6,21.42,91,57,Banyuwangi,-8.2192,114.3691
2019-08-06,25.9,20.8,23.1,0.1,0.1,3.66,13.0,19.27,91,65,Banyuwangi,-8.2192,114.3691
2019-08-07,25.6,21.0,23.1,2.1,2.1,3.13,13.3,16.4,93,71,Banyuwangi,-8.2192,114.3691
2019-08-08,25.5,20.8,23.2,3.1,3.1,2.79,12.8,14.99,100,74,Banyuwangi,-8.2192,114.3691
2019-08-09,26.2,20.9,23.2,2.8,2.8,2.93,16.1,15.6,100,70,Banyuwangi,-8.2192,114.3691
2019-08-10,26.2,21.6,23.4,1.6,1.6,3.53,13.3,18.95,93,68,Banyuwangi,-8.2192,114.3691
2019-08-11,26.5,21.8,23.6,0.0,0.0,3.64,16.6,20.17,94,70,Banyuwangi,-8.2192,114.3691
2019-08-12,27.8,21.0,24.5,0.0,0.0,4.07,12.0,21.83,96,68,Banyuwangi,-8.2192,114.3691
2019-08-13,28.0,21.8,24.7,1.2,1.2,3.9,12.5,20.74,97,73,Banyuwangi,-8.2192,114.3691
2019-08-14,28.6,21.6,25.0,0.5,0.5,4.09,12.3,21.61,97,67,Banyuwangi,-8.2192,114.3691
2019-08-15,27.6,22.5,24.5,0.5,0.5,3.98,14.6,21.05,96,67,Banyuwangi,-8.2192,114.3691
2019-08-16,26.6,22.0,24.0,3.4,3.4,3.43,17.1,17.63,95,69,Banyuwangi,-8.2192,114.3691
2019-08-17,26.1,21.8,23.8,2.6,2.6,3.28,17.1,17.17,100,68,Banyuwangi,-8.2192,114.3691
2019-08-18,25.9,21.8,23.7,4.9,4.9,3.53,18.4,18.76,96,68,Banyuwangi,-8.2192,114.3691
2019-08-19,25.7,22.1,23.7,1.8,1.8,3.42,16.9,17.56,93,68,Banyuwangi,-8.2192,114.3691
2019-08-20,26.7,22.3,24.1,0.6,0.6,4.02,12.6,20.92,92,67,Banyuwangi,-8.2192,114.3691
2019-08-21,27.3,22.3,24.5,0.3,0.3,3.92,16.8,21.12,93,68,Banyuwangi,-8.2192,114.3691
2019-08-22,27.0,22.1,24.3,4.2,4.2,3.79,16.4,20.01,99,65,Banyuwangi,-8.2192,114.3691
2019-08-23,26.0,21.0,23.4,6.3,6.3,3.16,21.0,17.7,100,74,Banyuwangi,-8.2192,114.3691
2019-08-24,26.6,22.4,24.0,4.4,4.4,3.36,16.1,18.15,95,69,Banyuwangi,-8.2192,114.3691
2019-08-25,26.3,22.7,24.0,2.1,2.1,2.94,16.8,15.64,99,73,Banyuwangi,-8.2192,114.3691
2019-08-26,25.7,22.1,23.7,3.2,3.2,3.0,15.9,16.12,96,77,Banyuwangi,-8.2192,114.3691
2019-08-27,26.0,21.3,23.5,0.2,0.2,3.69,15.9,20.33,95,70,Banyuwangi,-8.2192,114.3691
2019-08-28,26.5,21.5,23.6,0.5,0.5,3.85,14.9,20.96,90,66,Banyuwangi,-8.2192,114.3691
2019-08-29,27.2,21.1,23.8,0.7,0.7,4.43,17.6,24.25,95,61,Banyuwangi,-8.2192,114.3691
2019-08-30,26.5,21.5,23.9,3.0,3.0,3.75,16.6,20.68,100,69,Banyuwangi,-8.2192,114.3691
2019-08-31,26.7,22.1,23.9,1.2,1.2,3.83,19.4,20.54,95,69,Banyuwangi,-8.2192,114.3691
2019-09-01,26.3,21.5,24.0,0.3,0.3,4.11,16.6,22.24,91,67,Banyuwangi,-8.2192,114.3691
2019-09-02,26.0,21.9,23.8,0.2,0.2,4.13,17.4,22.82,92,69,Banyuwangi,-8.2192,114.3691
2019-09-03,27.0,21.6,23.6,0.3,0.3,3.82,16.3,19.83,92,63,Banyuwangi,-8.2192,114.3691
2019-09-04,26.7,20.7,23.3,1.1,1.1,4.24,13.8,21.91,93,57,Banyuwangi,-8.2192,114.3691
2019-09-05,26.3,21.7,23.6,0.6,0.6,3.72,15.3,19.36,92,70,Banyuwangi,-8.2192,114.3691
2019-09-06,26.0,21.9,23.4,0.7,0.7,3.51,15.3,18.77,95,70,Banyuwangi,-8.2192,114.3691
2019-09-07,26.6,21.9,23.8,1.6,1.6,3.6,16.8,19.45,95,70,Banyuwangi,-8.2192,114.3691
2019-09-08,26.1,22.2,23.8,2.2,2.2,3.35,16.5,17.98,96,70,Banyuwangi,-8.2192,114.3691
2019-09-09,26.4,21.5,23.9,0.7,0.7,3.89,18.0,21.81,95,72,Banyuwangi,-8.2192,114.3691
2019-09-10,27.2,22.0,24.1,0.9,0.9,4.31,15.3,23.36,94,67,Banyuwangi,-8.2192,114.3691
2019-09-11,26.6,20.7,23.5,1.3,1.3,4.31,16.3,22.39,95,65,Banyuwangi,-8.2192,114.3691
2019-09-12,26.6,20.7,23.3,0.6,0.6,4.35,14.7,22.17,90,57,Banyuwangi,-8.2192,114.3691
2019-09-13,26.4,20.6,23.4,0.3,0.3,4.13,15.3,21.99,94,65,Banyuwangi,-8.2192,114.3691
2019-09-14,26.3,21.2,23.4,0.8,0.8,3.64,13.4,19.34,95,70,Banyuwangi,-8.2192,114.3691
2019-09-15,27.0,22.3,24.0,0.0,0.0,3.94,15.3,20.9,94,67,Banyuwangi,-8.2192,114.3691
2019-09-16,28.5,22.0,24.5,0.0,0.0,4.37,11.9,22.78,96,64,Banyuwangi,-8.2192,114.3691
2019-09-17,27.7,22.5,24.2,2.1,2.1,4.4,18.7,23.59,98,65,Banyuwangi,-8.2192,114.3691
2019-09-18,26.9,22.5,24.2,1.1,1.1,4.07,18.7,22.52,98,68,Banyuwangi,-8.2192,114.3691
2019-09-19,26.6,21.9,23.8,1.9,1.9,3.91,15.8,21.3,96,69,Banyuwangi,-8.2192,114.3691
2019-09-20,26.7,22.1,23.9,1.1,1.1,4.24,14.8,23.31,98,71,Banyuwangi,-8.2192,114.3691
2019-09-21,26.6,22.4,23.8,1.8,1.8,3.77,15.6,20.38,96,66,Banyuwangi,-8.2192,114.3691
2019-09-22,26.6,22.0,23.8,0.6,0.6,4.22,16.9,22.53,94,63,Banyuwangi,-8.2192,114.3691
2019-09-23,26.6,21.9,24.0,0.9,0.9,3.96,20.0,21.68,95,70,Banyuwangi,-8.2192,114.3691
2019-09-24,27.7,22.6,24.6,1.7,1.7,4.26,17.8,22.99,98,68,Banyuwangi,-8.2192,114.3691
2019-09-25,27.7,23.1,24.9,1.7,1.7,4.06,13.7,21.54,98,71,Banyuwangi,-8.2192,114.3691
2019-09-26,27.5,22.6,24.6,2.0,2.0,3.71,13.5,20.0,98,73,Banyuwangi,-8.2192,114.3691
2019-09-27,27.2,22.8,24.8,1.9,1.9,4.01,15.1,21.29,96,72,Banyuwangi,-8.2192,114.3691
2019-09-28,27.1,22.7,24.5,6.7,6.7,3.6,15.8,19.7,100,73,Banyuwangi,-8.2192,114.3691
2019-09-29,27.2,22.7,24.5,2.2,2.2,4.1,17.9,22.95,100,75,Banyuwangi,-8.2192,114.3691
2019-09-30,27.4,22.5,24.3,3.1,3.1,4.22,10.4,22.34,100,70,Banyuwangi,-8.2192,114.3691
2019-10-01,27.7,22.3,24.7,0.3,0.3,4.67,12.4,23.65,87,65,Banyuwangi,-8.2192,114.3691
2019-10-02,27.9,23.0,25.0,1.9,1.9,4.31,17.2,23.02,98,70,Banyuwangi,-8.2192,114.3691
2019-10-03,29.3,22.8,25.1,2.1,2.1,4.52,16.5,23.82,100,62,Banyuwangi,-8.2192,114.3691
2019-10-04,29.1,22.1,25.0,0.2,0.2,5.22,11.2,26.4,94,52,Banyuwangi,-8.2192,114.3691
2019-10-05,28.4,20.8,24.2,0.0,0.0,5.27,11.7,26.02,91,54,Banyuwangi,-8.2192,114.3691
2019-10-06,28.5,22.1,24.8,0.1,0.1,4.87,15.8,25.03,92,60,Banyuwangi,-8.2192,114.3691
2019-10-07,28.3,22.6,24.7,2.5,2.5,4.59,16.3,24.09,96,61,Banyuwangi,-8.2192,114.3691
2019-10-08,28.2,22.2,24.9,0.2,0.2,4.78,15.4,24.08,92,63,Banyuwangi,-8.2192,114.3691
2019-10-09,28.9,22.7,25.2,1.0,1.0,4.96,16.0,25.25,96,56,Banyuwangi,-8.2192,114.3691
2019-10-10,29.2,22.9,25.3,1.3,1.3,4.57,16.1,23.37,96,60,Banyuwangi,-8.2192,114.3691
2019-10-11,29.9,23.2,25.6,0.8,0.8,5.02,16.6,25.15,99,52,Banyuwangi,-8.2192,114.3691
2019-10-12,29.3,22.9,25.2,0.0,0.0,4.98,16.2,25.82,95,57,Banyuwangi,-8.2192,114.3691
2019-10-13,29.0,22.5,25.2,0.0,0.0,4.87,15.4,24.57,94,60,Banyuwangi,-8.2192,114.3691
2019-10-14,28.6,23.5,25.7,0.0,0.0,4.64,16.7,23.71,99,63,Banyuwangi,-8.2192,114.3691
2019-10-15,29.2,23.1,25.5,1.5,1.5,4.54,17.0,22.1,94,53,Banyuwangi,-8.2192,114.3691
2019-10-16,28.5,22.9,25.3,0.3,0.3,4.47,13.5,22.5,93,61,Banyuwangi,-8.2192,114.3691
2019-10-17,28.8,22.3,25.3,0.0,0.0,4.77,17.9,23.65,92,49,Banyuwangi,-8.2192,114.3691
2019-10-18,28.9,23.0,25.7,0.0,0.0,4.67,18.4,23.71,92,63,Banyuwangi,-8.2192,114.3691
2019-10-19,29.0,23.6,25.6,0.0,0.0,4.99,18.9,25.43,91,52,Banyuwangi,-8.2192,114.3691
2019-10-20,29.7,23.3,25.8,1.4,1.4,4.78,18.0,24.13,95,61,Banyuwangi,-8.2192,114.3691
2019-10-21,29.9,23.1,25.9,0.6,0.6,4.72,16.5,24.09,96,62,Banyuwangi,-8.2192,114.3691
2019-10-22,29.4,23.5,26.1,0.6,0.6,5.25,17.8,25.18,95,59,Banyuwangi,-8.2192,114.3691
2019-10-23,30.6,23.4,26.1,0.1,0.1,5.22,18.6,25.6,97,46,Banyuwangi,-8.2192,114.3691
2019-10-24,30.0,22.8,25.6,0.0,0.0,5.33,16.8,24.95,95,50,Banyuwangi,-8.2192,114.3691
2019-10-25,29.9,23.0,25.7,0.0,0.0,4.93,17.7,24.76,96,56,Banyuwangi,-8.2192,114.3691
2019-10-26,29.3,23.1,25.8,0.3,0.3,4.96,14.0,24.28,92,50,Banyuwangi,-8.2192,114.3691
2019-10-27,29.7,22.8,25.7,0.6,0.6,5.23,14.6,25.61,93,55,Banyuwangi,-8.2192,114.3691
2019-10-28,29.5,22.9,25.8,3.8,3.8,4.86,13.0,24.65,100,62,Banyuwangi,-8.2192,114.3691
2019-10-29,30.6,23.0,26.2,0.0,0.0,5.22,18.6,25.54,90,59,Banyuwangi,-8.2192,114.3691
2019-10-30,29.9,23.2,26.1,0.5,0.5,5.14,17.7,25.21,97,52,Banyuwangi,-8.2192,114.3691
2019-10-31,29.6,23.6,26.0,1.9,1.9,4.44,15.8,22.28,96,66,Banyuwangi,-8.2192,114.3691
2019-11-01,29.3,23.6,25.6,4.4,4.4,3.53,11.5,17.66,100,72,Banyuwangi,-8.2192,114.3691
2019-11-02,27.7,23.1,24.9,6.8,6.8,2.92,12.3,14.9,100,73,Banyuwangi,-8.2192,114.3691
2019-11-03,28.2,22.7,25.4,4.6,4.6,4.04,13.2,20.35,100,69,Banyuwangi,-8.2192,114.3691
2019-11-04,28.6,22.9,25.7,2.5,2.5,4.48,15.7,22.93,100,68,Banyuwangi,-8.2192,114.3691
2019-11-05,30.3,23.0,26.3,1.2,1.2,5.47,17.9,26.5,92,60,Banyuwangi,-8.2192,114.3691
2019-11-06,30.7,22.6,26.2,0.0,0.0,5.49,19.0,26.47,89,61,Banyuwangi,-8.2192,114.3691
2019-11-07,30.4,23.0,26.3,0.0,0.0,5.37,17.8,26.26,90,56,Banyuwangi,-8.2192,114.3691
2019-11-08,29.9,23.9,26.7,0.0,0.0,5.2,17.4,24.5,91,55,Banyuwangi,-8.2192,114.3691
2019-11-09,30.9,23.7,27.0,0.3,0.3,5.08,15.9,24.29,91,62,Banyuwangi,-8.2192,114.3691
2019-11-10,31.0,23.6,26.8,1.2,1.2,5.11,17.1,24.29,90,56,Banyuwangi,-8.2192,114.3691
2019-11-11,30.5,23.8,26.7,0.9,0.9,4.88,16.8,23.68,95,62,Banyuwangi,-8.2192,114.3691
2019-11-12,30.2,23.8,26.7,1.2,1.2,4.79,16.6,23.56,93,59,Banyuwangi,-8.2192,114.3691
2019-11-13,30.2,24.9,26.9,1.1,1.1,4.51,18.0,22.46,95,66,Banyuwangi,-8.2192,114.3691
2019-11-14,32.0,24.0,27.2,2.1,2.1,5.2,15.0,24.56,96,47,Banyuwangi,-8.2192,114.3691
2019-11-15,31.3,23.0,26.6,0.0,0.0,5.81,18.6,27.32,93,52,Banyuwangi,-8.2192,114.3691
2019-11-16,31.4,23.3,26.9,1.5,1.5,5.54,17.6,24.87,94,54,Banyuwangi,-8.2192,114.3691
2019-11-17,32.3,23.9,27.0,1.3,1.3,5.37,19.0,25.6,98,44,Banyuwangi,-8.2192,114.3691
2019-11-18,31.3,23.8,26.8,0.0,0.0,5.14,19.0,24.82,93,50,Banyuwangi,-8.2192,114.3691
2019-11-19,31.2,24.4,27.2,0.5,0.5,5.17,17.8,24.52,95,47,Banyuwangi,-8.2192,114.3691
2019-11-20,29.7,24.3,26.6,2.0,2.0,4.25,13.2,20.93,94,66,Banyuwangi,-8.2192,114.3691
2019-11-21,30.9,24.4,26.9,0.2,0.2,5.31,15.3,24.88,93,51,Banyuwangi,-8.2192,114.3691
2019-11-22,30.6,23.7,26.9,0.4,0.4,5.03,17.8,23.77,91,59,Banyuwangi,-8.2192,114.3691
2019-11-23,30.4,23.8,26.8,1.5,1.5,4.99,18.8,24.3,95,59,Banyuwangi,-8.2192,114.3691
2019-11-24,30.4,24.0,26.7,1.2,1.2,4.72,19.8,23.47,96,64,Banyuwangi,-8.2192,114.3691
2019-11-25,32.3,24.8,27.8,1.3,1.3,5.2,17.3,23.99,92,59,Banyuwangi,-8.2192,114.3691
2019-11-26,32.3,22.7,27.4,0.1,0.1,5.6,19.6,26.17,89,55,Banyuwangi,-8.2192,114.3691
2019-11-27,31.1,24.5,27.2,0.7,0.7,4.54,14.2,21.42,93,59,Banyuwangi,-8.2192,114.3691
2019-11-28,30.9,24.2,27.3,0.8,0.8,4.9,17.1,22.94,93,56,Banyuwangi,-8.2192,114.3691
2019-11-29,30.8,24.3,27.2,3.1,3.1,4.69,14.4,22.73,94,62,Banyuwangi,-8.2192,114.3691
2019-11-30,29.7,25.0,27.2,0.6,0.6,4.23,14.8,20.87,91,70,Banyuwangi,-8.2192,114.3691
2019-12-01,31.8,24.3,27.7,2.3,2.3,5.32,15.8,24.72,96,55,Banyuwangi,-8.2192,114.3691
2019-12-02,31.6,23.2,27.8,1.0,1.0,5.48,17.8,26.16,100,63,Banyuwangi,-8.2192,114.3691
2019-12-03,33.8,24.0,28.6,0.3,0.3,5.81,15.6,25.79,90,49,Banyuwangi,-8.2192,114.3691
2019-12-04,31.8,24.7,27.9,2.0,2.0,4.75,16.2,22.14,94,59,Banyuwangi,-8.2192,114.3691
2019-12-05,31.1,25.2,27.6,2.4,2.4,4.46,14.6,20.98,95,58,Banyuwangi,-8.2192,114.3691
2019-12-06,32.7,25.2,28.3,0.7,0.7,4.89,11.6,22.89,88,58,Banyuwangi,-8.2192,114.3691
2019-12-07,32.0,24.6,27.8,1.0,1.0,4.74,17.5,21.83,94,57,Banyuwangi,-8.2192,114.3691
2019-12-08,33.2,24.3,28.1,3.6,3.6,5.43,17.1,24.38,94,41,Banyuwangi,-8.2192,114.3691
2019-12-09,34.0,24.3,28.4,1.4,1.4,5.47,14.5,24.55,93,45,Banyuwangi,-8.2192,114.3691
2019-12-10,34.1,24.3,28.1,5.0,5.0,5.38,14.8,24.02,97,40,Banyuwangi,-8.2192,114.3691
2019-12-11,31.2,24.0,27.3,1.2,1.2,4.79,14.3,22.57,93,62,Banyuwangi,-8.2192,114.3691
2019-12-12,34.0,24.6,27.6,6.8,6.8,5.15,16.2,23.84,100,48,Banyuwangi,-8.2192,114.3691
2019-12-13,33.2,23.5,26.9,6.6,6.6,4.56,10.4,21.62,100,53,Banyuwangi,-8.2192,114.3691
2019-12-14,32.4,23.9,27.4,3.0,3.0,4.73,18.2,22.15,100,55,Banyuwangi,-8.2192,114.3691
2019-12-15,30.8,24.1,26.1,18.8,18.8,3.33,9.6,16.6,100,68,Banyuwangi,-8.2192,114.3691
2019-12-16,31.6,23.6,26.7,13.9,13.9,4.15,9.4,20.25,99,64,Banyuwangi,-8.2192,114.3691
2019-12-17,30.3,24.4,26.6,4.6,4.6,3.45,7.3,16.74,100,72,Banyuwangi,-8.2192,114.3691
2019-12-18,31.7,24.2,27.4,9.0,9.0,4.72,12.9,22.92,100,64,Banyuwangi,-8.2192,114.3691
2019-12-19,33.2,24.7,27.6,3.0,3.0,4.78,8.9,22.97,100,57,Banyuwangi,-8.2192,114.3691
2019-12-20,32.5,23.3,27.7,2.1,2.1,5.08,13.6,24.39,99,59,Banyuwangi,-8.2192,114.3691
2019-12-21,33.1,24.6,27.9,3.4,3.4,4.84,12.0,22.91,97,54,Banyuwangi,-8.2192,114.3691
2019-12-22,32.4,23.6,27.4,4.1,4.1,4.85,15.9,23.61,98,56,Banyuwangi,-8.2192,114.3691
2019-12-23,32.2,24.9,27.4,7.3,7.3,4.27,11.1,20.33,100,58,Banyuwangi,-8.2192,114.3691
2019-12-24,32.2,24.3,27.4,8.8,8.8,4.57,12.1,22.04,97,59,Banyuwangi,-8.2192,114.3691
2019-12-25,31.8,24.6,27.2,7.3,7.3,4.42,14.8,21.58,97,63,Banyuwangi,-8.2192,114.3691
2019-12-26,30.3,23.4,26.8,1.8,1.8,3.87,10.2,19.07,100,73,Banyuwangi,-8.2192,114.3691
2019-12-27,32.0,23.3,26.8,6.6,6.6,4.12,9.1,20.03,99,63,Banyuwangi,-8.2192,114.3691
2019-12-28,32.0,24.4,27.0,2.3,2.3,4.22,10.2,20.36,93,61,Banyuwangi,-8.2192,114.3691
2019-12-29,32.3,24.6,27.5,0.8,0.8,4.1,14.7,19.51,91,61,Banyuwangi,-8.2192,114.3691
2019-12-30,32.1,25.1,27.9,2.6,2.6,4.53,10.4,21.42,95,62,Banyuwangi,-8.2192,114.3691
2019-12-31,31.3,23.9,26.8,12.2,12.2,3.74,13.6,18.55,99,68,Banyuwangi,-8.2192,114.3691
2020-01-01,28.8,23.9,25.7,10.0,10.0,2.19,12.9,10.53,100,75,Banyuwangi,-8.2192,114.3691
2020-01-02,30.3,22.9,26.1,11.8,11.8,3.55,7.8,17.09,100,67,Banyuwangi,-8.2192,114.3691
2020-01-03,30.5,23.2,26.0,9.5,9.5,3.8,21.8,19.11,99,64,Banyuwangi,-8.2192,114.3691
2020-01-04,30.2,24.1,26.0,6.8,6.8,3.22,19.6,15.08,100,63,Banyuwangi,-8.2192,114.3691
2020-01-05,30.8,23.7,26.5,4.7,4.7,3.33,19.0,16.08,98,69,Banyuwangi,-8.2192,114.3691
2020-01-06,29.8,24.3,26.3,6.9,6.9,3.41,13.0,17.07,96,74,Banyuwangi,-8.2192,114.3691
2020-01-07,29.7,24.3,26.5,2.4,2.4,3.65,9.9,17.8,96,69,Banyuwangi,-8.2192,114.3691
2020-01-08,29.5,24.1,26.1,3.7,3.7,3.65,12.0,18.25,97,72,Banyuwangi,-8.2192,114.3691
2020-01-09,31.5,23.4,27.1,2.0,2.0,4.67,14.3,22.47,97,67,Banyuwangi,-8.2192,114.3691
2020-01-10,31.6,24.2,27.2,1.7,1.7,5.07,10.5,24.55,92,58,Banyuwangi,-8.2192,114.3691
2020-01-11,32.3,24.2,27.2,1.4,1.4,4.44,15.0,19.77,94,58,Banyuwangi,-8.2192,114.3691
2020-01-12,33.4,25.4,28.4,1.5,1.5,5.2,16.3,22.86,90,51,Banyuwangi,-8.2192,114.3691
2020-01-13,32.3,24.4,27.2,2.8,2.8,4.52,12.7,21.31,90,55,Banyuwangi,-8.2192,114.3691
2020-01-14,32.4,24.9,28.0,0.6,0.6,4.94,14.3,22.81,90,56,Banyuwangi,-8.2192,114.3691
2020-01-15,31.6,25.0,27.3,1.2,1.2,4.48,10.5,21.82,95,64,Banyuwangi,-8.2192,114.3691
2020-01-16,30.5,24.3,27.3,1.9,1.9,4.73,13.1,23.24,91,68,Banyuwangi,-8.2192,114.3691
2020-01-17,31.3,23.9,27.5,2.4,2.4,5.23,13.0,24.7,87,59,Banyuwangi,-8.2192,114.3691
2020-01-18,31.9,23.8,27.6,2.1,2.1,5.51,13.7,25.96,86,58,Banyuwangi,-8.2192,114.3691
2020-01-19,32.0,24.4,27.4,4.8,4.8,4.82,13.5,23.3,93,58,Banyuwangi,-8.2192,114.3691
2020-01-20,31.6,24.0,27.3,4.8,4.8,4.65,12.0,22.0,91,60,Banyuwangi,-8.2192,114.3691
2020-01-21,31.2,24.9,27.2,5.6,5.6,3.77,10.6,17.91,97,66,Banyuwangi,-8.2192,114.3691
2020-01-22,32.3,24.4,27.5,0.4,0.4,4.45,10.0,20.89,95,57,Banyuwangi,-8.2192,114.3691
2020-01-23,32.0,24.5,27.7,1.7,1.7,4.54,11.1,21.64,94,59,Banyuwangi,-8.2192,114.3691
2020-01-24,31.6,24.4,27.7,2.1,2.1,4.85,9.9,23.34,89,61,Banyuwangi,-8.2192,114.3691
2020-01-25,32.5,23.8,27.3,1.8,1.8,4.75,12.6,22.79,90,54,Banyuwangi,-8.2192,114.3691
2020-01-26,31.8,24.5,27.7,2.5,2.5,4.66,10.8,22.15,93,59,Banyuwangi,-8.2192,114.3691
2020-01-27,32.5,24.8,28.0,1.0,1.0,4.95,18.7,23.31,95,62,Banyuwangi,-8.2192,114.3691
2020-01-28,31.7,25.6,27.9,1.3,1.3,4.41,9.0,20.99,94,65,Banyuwangi,-8.2192,114.3691
2020-01-29,33.5,24.6,28.1,0.1,0.1,4.48,7.8,20.96,91,56,Banyuwangi,-8.2192,114.3691
2020-01-30,31.3,24.6,27.1,15.1,15.1,3.55,14.8,16.96,95,69,Banyuwangi,-8.2192,114.3691
2020-01-31,33.1,24.6,27.5,3.8,3.8,3.87,12.6,17.46,93,53,Banyuwangi,-8.2192,114.3691
2020-02-01,32.5,23.9,26.8,99.7,99.7,3.83,7.7,18.43,100,61,Banyuwangi,-8.2192,114.3691
2020-02-02,30.8,23.7,26.7,9.7,9.7,4.44,13.5,22.1,100,68,Banyuwangi,-8.2192,114.3691
2020-02-03,31.5,23.8,27.1,2.9,2.9,4.69,9.1,22.84,95,61,Banyuwangi,-8.2192,114.3691
2020-02-04,32.3,24.0,27.8,0.9,0.9,5.41,10.2,25.96,93,50,Banyuwangi,-8.2192,114.3691
2020-02-05,32.7,24.2,28.0,1.0,1.0,5.51,12.2,25.76,92,55,Banyuwangi,-8.2192,114.3691
2020-02-06,32.4,24.5,27.5,2.3,2.3,4.61,7.4,21.91,96,56,Banyuwangi,-8.2192,114.3691
2020-02-07,30.6,24.1,26.6,9.4,9.4,3.45,11.4,16.73,100,66,Banyuwangi,-8.2192,114.3691
2020-02-08,30.2,23.5,26.8,7.3,7.3,3.73,15.8,17.25,100,62,Banyuwangi,-8.2192,114.3691
2020-02-09,26.9,24.4,25.5,5.9,5.9,1.65,13.4,8.27,100,83,Banyuwangi,-8.2192,114.3691
2020-02-10,30.9,24.1,26.4,3.4,3.4,4.03,12.0,19.92,95,72,Banyuwangi,-8.2192,114.3691
2020-02-11,30.3,24.2,26.7,1.8,1.8,3.73,12.6,18.46,95,68,Banyuwangi,-8.2192,114.3691
2020-02-12,31.0,24.2,27.1,5.9,5.9,4.64,14.1,22.98,100,66,Banyuwangi,-8.2192,114.3691
2020-02-13,31.1,24.6,27.1,17.3,17.3,4.66,12.0,23.51,100,69,Banyuwangi,-8.2192,114.3691
2020-02-14,31.1,24.7,27.0,5.1,5.1,4.34,9.8,21.35,100,65,Banyuwangi,-8.2192,114.3691
2020-02-15,30.3,24.5,26.6,5.6,5.6,3.81,9.9,18.8,100,75,Banyuwangi,-8.2192,114.3691
2020-02-16,30.5,23.6,26.7,1.8,1.8,3.82,10.7,18.69,100,70,Banyuwangi,-8.2192,114.3691
2020-02-17,29.3,24.2,26.1,8.8,8.8,2.74,7.2,13.43,100,72,Banyuwangi,-8.2192,114.3691
2020-02-18,31.7,23.8,26.7,2.7,2.7,4.27,12.2,20.71,100,61,Banyuwangi,-8.2192,114.3691
2020-02-19,30.2,24.3,26.4,2.8,2.8,3.64,9.2,17.77,92,68,Banyuwangi,-8.2192,114.3691
2020-02-20,28.7,23.8,25.9,3.7,3.7,3.14,10.5,15.11,96,70,Banyuwangi,-8.2192,114.3691
2020-02-21,30.6,23.5,26.1,5.7,5.7,3.19,14.1,15.46,100,62,Banyuwangi,-8.2192,114.3691
2020-02-22,30.4,23.7,26.1,12.4,12.4,3.29,9.7,16.41,100,70,Banyuwangi,-8.2192,114.3691
2020-02-23,30.8,24.7,27.0,1.4,1.4,4.56,11.3,22.46,95,63,Banyuwangi,-8.2192,114.3691
2020-02-24,30.7,24.7,27.2,1.0,1.0,4.5,15.8,22.64,95,70,Banyuwangi,-8.2192,114.3691
2020-02-25,31.0,25.0,27.3,4.3,4.3,3.88,8.6,18.64,97,66,Banyuwangi,-8.2192,114.3691
2020-02-26,29.1,24.5,26.2,17.8,17.8,2.84,15.1,14.15,100,77,Banyuwangi,-8.2192,114.3691
2020-02-27,31.3,24.4,27.3,3.0,3.0,4.08,12.3,19.43,95,65,Banyuwangi,-8.2192,114.3691
2020-02-28,32.2,25.7,27.5,2.4,2.4,4.33,9.4,21.05,97,61,Banyuwangi,-8.2192,114.3691
2020-02-29,30.4,24.8,26.9,5.5,5.5,3.73,9.9,17.97,100,69,Banyuwangi,-8.2192,114.3691
2020-03-01,29.7,23.8,25.8,7.2,7.2,2.72,9.5,13.33,100,73,Banyuwangi,-8.2192,114.3691
2020-03-02,31.7,24.2,27.1,2.6,2.6,4.14,9.0,19.71,100,60,Banyuwangi,-8.2192,114.3691
2020-03-03,31.4,24.6,26.8,13.2,13.2,3.84,9.3,19.0,100,72,Banyuwangi,-8.2192,114.3691
2020-03-04,30.7,24.8,26.9,24.1,24.1,3.47,13.7,17.68,96,75,Banyuwangi,-8.2192,114.3691
2020-03-05,29.6,24.1,26.5,1.3,1.3,3.3,7.4,16.22,97,72,Banyuwangi,-8.2192,114.3691
2020-03-06,30.4,23.7,26.4,12.9,12.9,2.92,11.9,14.29,100,71,Banyuwangi,-8.2192,114.3691
2020-03-07,31.1,23.5,26.5,2.4,2.4,3.79,11.3,18.21,100,63,Banyuwangi,-8.2192,114.3691
2020-03-08,28.4,24.9,26.0,3.1,3.1,1.99,11.4,9.67,100,80,Banyuwangi,-8.2192,114.3691
2020-03-09,28.9,24.2,25.8,8.4,8.4,2.7,8.3,13.43,100,75,Banyuwangi,-8.2192,114.3691
2020-03-10,30.4,24.0,26.8,1.3,1.3,3.71,16.0,17.51,92,67,Banyuwangi,-8.2192,114.3691
2020-03-11,29.2,24.5,26.5,22.0,22.0,3.21,11.3,15.93,100,79,Banyuwangi,-8.2192,114.3691
2020-03-12,30.4,24.6,26.9,0.3,0.3,3.64,7.6,17.77,93,72,Banyuwangi,-8.2192,114.3691
2020-03-13,31.0,24.7,26.6,20.8,20.8,3.62,8.4,17.55,100,66,Banyuwangi,-8.2192,114.3691
2020-03-14,31.2,23.3,26.7,3.9,3.9,3.91,10.2,19.2,100,67,Banyuwangi,-8.2192,114.3691
2020-03-15,32.0,24.5,27.5,1.6,1.6,4.49,8.9,21.47,92,60,Banyuwangi,-8.2192,114.3691
2020-03-16,30.9,24.6,26.9,6.0,6.0,4.02,11.5,19.75,96,69,Banyuwangi,-8.2192,114.3691
2020-03-17,30.8,23.3,26.5,11.0,11.0,4.24,10.9,21.14,95,66,Banyuwangi,-8.2192,114.3691
2020-03-18,29.8,24.0,26.8,1.0,1.0,3.94,21.3,20.06,94,71,Banyuwangi,-8.2192,114.3691
2020-03-19,30.3,23.9,26.4,20.0,20.0,3.74,11.3,18.94,98,72,Banyuwangi,-8.2192,114.3691
2020-03-20,31.6,24.5,27.3,2.0,2.0,4.89,12.6,23.84,95,62,Banyuwangi,-8.2192,114.3691
2020-03-21,30.7,24.0,27.0,0.4,0.4,4.69,18.6,23.52,92,69,Banyuwangi,-8.2192,114.3691
2020-03-22,31.3,24.8,27.7,0.8,0.8,4.74,13.9,22.98,91,63,Banyuwangi,-8.2192,114.3691
2020-03-23,31.0,23.4,26.2,15.0,15.0,3.71,6.9,18.22,100,70,Banyuwangi,-8.2192,114.3691
2020-03-24,30.6,23.5,26.5,3.5,3.5,3.88,20.1,19.76,94,69,Banyuwangi,-8.2192,114.3691
2020-03-25,31.1,24.0,27.1,1.3,1.3,4.66,15.9,22.86,94,62,Banyuwangi,-8.2192,114.3691
2020-03-26,30.4,23.8,27.1,1.6,1.6,4.56,13.6,22.25,91,68,Banyuwangi,-8.2192,114.3691
2020-03-27,27.6,24.7,25.9,12.9,12.9,2.15,8.7,10.94,99,82,Banyuwangi,-8.2192,114.3691
2020-03-28,31.0,24.7,27.0,4.3,4.3,3.74,16.0,18.25,96,67,Banyuwangi,-8.2192,114.3691
2020-03-29,30.4,24.4,26.7,8.2,8.2,3.72,13.1,18.87,96,74,Banyuwangi,-8.2192,114.3691
2020-03-30,30.4,24.5,27.0,0.8,0.8,4.14,11.2,20.43,90,69,Banyuwangi,-8.2192,114.3691
2020-03-31,30.4,23.8,26.7,2.9,2.9,3.99,15.3,20.01,94,69,Banyuwangi,-8.2192,114.3691
2020-04-01,30.9,24.1,27.1,1.3,1.3,4.19,11.9,20.45,94,63,Banyuwangi,-8.2192,114.3691
2020-04-02,30.7,24.3,27.4,2.1,2.1,4.31,12.0,21.08,89,70,Banyuwangi,-8.2192,114.3691
2020-04-03,31.3,24.1,27.1,2.4,2.4,3.97,10.6,19.57,98,67,Banyuwangi,-8.2192,114.3691
2020-04-04,30.7,23.9,26.6,7.3,7.3,3.53,6.1,17.38,99,71,Banyuwangi,-8.2192,114.3691
2020-04-05,30.2,24.6,26.7,6.7,6.7,3.51,10.7,17.4,99,76,Banyuwangi,-8.2192,114.3691
2020-04-06,28.8,23.7,25.9,16.3,16.3,2.56,6.4,12.56,100,80,Banyuwangi,-8.2192,114.3691
2020-04-07,30.2,23.2,26.0,8.0,8.0,3.23,7.4,15.99,100,72,Banyuwangi,-8.2192,114.3691
2020-04-08,30.1,24.2,26.4,8.6,8.6,3.34,8.6,16.39,98,73,Banyuwangi,-8.2192,114.3691
2020-04-09,30.7,23.8,27.0,1.3,1.3,4.5,13.0,22.28,94,66,Banyuwangi,-8.2192,114.3691
2020-04-10,30.9,23.8,27.3,3.1,3.1,4.64,11.7,22.79,95,62,Banyuwangi,-8.2192,114.3691
2020-04-11,29.3,24.4,26.3,2.9,2.9,3.66,11.2,18.57,96,76,Banyuwangi,-8.2192,114.3691
2020-04-12,30.5,23.3,26.6,1.0,1.0,3.88,9.7,18.36,90,58,Banyuwangi,-8.2192,114.3691
2020-04-13,30.3,23.1,26.2,18.7,18.7,3.84,13.9,19.19,100,65,Banyuwangi,-8.2192,114.3691
2020-04-14,28.0,24.1,26.2,3.6,3.6,3.35,12.8,17.0,100,82,Banyuwangi,-8.2192,114.3691
2020-04-15,31.8,24.1,27.2,5.3,5.3,4.3,14.7,20.96,97,64,Banyuwangi,-8.2192,114.3691
2020-04-16,31.3,24.9,27.7,4.7,4.7,4.31,10.8,20.91,92,65,Banyuwangi,-8.2192,114.3691
2020-04-17,30.6,25.1,27.3,2.6,2.6,3.92,18.5,19.6,94,69,Banyuwangi,-8.2192,114.3691
2020-04-18,30.1,24.4,27.1,0.4,0.4,3.86,18.7,19.51,94,73,Banyuwangi,-8.2192,114.3691
2020-04-19,29.5,24.7,26.9,1.7,1.7,3.22,12.0,15.78,95,74,Banyuwangi,-8.2192,114.3691
2020-04-20,31.5,24.9,27.6,1.2,1.2,4.25,13.4,20.76,97,69,Banyuwangi,-8.2192,114.3691
2020-04-21,30.5,24.4,27.4,1.7,1.7,4.17,9.2,20.27,88,70,Banyuwangi,-8.2192,114.3691
2020-04-22,32.2,23.3,27.3,0.9,0.9,4.54,11.0,21.9,93,57,Banyuwangi,-8.2192,114.3691
2020-04-23,30.6,24.2,27.4,2.1,2.1,4.46,12.7,21.34,92,66,Banyuwangi,-8.2192,114.3691
2020-04-24,30.9,23.2,27.1,0.7,0.7,4.68,12.1,22.69,92,56,Banyuwangi,-8.2192,114.3691
2020-04-25,29.8,24.9,26.8,2.3,2.3,3.71,13.9,18.03,96,71,Banyuwangi,-8.2192,114.3691
2020-04-26,30.6,24.2,27.0,1.5,1.5,3.99,10.4,19.53,93,70,Banyuwangi,-8.2192,114.3691
2020-04-27,29.8,24.2,26.5,2.4,2.4,3.82,14.5,19.17,94,69,Banyuwangi,-8.2192,114.3691
2020-04-28,29.5,23.8,26.3,2.1,2.1,3.67,10.8,17.94,91,68,Banyuwangi,-8.2192,114.3691
2020-04-29,30.3,23.5,26.8,0.7,0.7,4.42,13.5,21.35,88,58,Banyuwangi,-8.2192,114.3691
2020-04-30,28.4,23.9,26.0,5.2,5.2,2.41,9.7,10.98,88,74,Banyuwangi,-8.2192,114.3691
2020-05-01,30.1,24.2,27.2,0.2,0.2,4.21,12.2,19.99,82,60,Banyuwangi,-8.2192,114.3691
2020-05-02,30.0,24.3,27.0,1.8,1.8,4.25,12.3,20.48,87,64,Banyuwangi,-8.2192,114.3691
2020-05-03,30.8,24.0,27.3,0.5,0.5,4.23,8.4,19.89,90,60,Banyuwangi,-8.2192,114.3691
2020-05-04,30.2,25.5,27.2,1.4,1.4,3.96,13.2,19.5,96,67,Banyuwangi,-8.2192,114.3691
2020-05-05,30.5,24.7,27.3,1.6,1.6,4.12,14.1,20.0,90,64,Banyuwangi,-8.2192,114.3691
2020-05-06,30.0,24.6,27.2,0.5,0.5,4.21,13.0,20.71,90,65,Banyuwangi,-8.2192,114.3691
2020-05-07,30.5,24.1,27.3,0.2,0.2,4.39,13.4,21.49,90,61,Banyuwangi,-8.2192,114.3691
2020-05-08,30.7,25.6,27.5,2.3,2.3,3.58,14.7,17.7,91,70,Banyuwangi,-8.2192,114.3691
2020-05-09,29.0,25.0,26.8,5.8,5.8,2.94,10.0,14.58,95,74,Banyuwangi,-8.2192,114.3691
2020-05-10,30.7,25.5,27.3,1.1,1.1,4.23,12.2,20.72,93,63,Banyuwangi,-8.2192,114.3691
2020-05-11,30.4,25.2,27.1,1.8,1.8,3.73,8.9,18.23,91,65,Banyuwangi,-8.2192,114.3691
2020-05-12,29.4,24.8,26.7,0.9,0.9,4.02,10.5,19.91,90,67,Banyuwangi,-8.2192,114.3691
2020-05-13,28.9,24.2,26.5,1.3,1.3,3.82,15.9,18.66,91,71,Banyuwangi,-8.2192,114.3691
2020-05-14,28.2,24.5,26.4,3.1,3.1,3.28,15.6,15.67,92,74,Banyuwangi,-8.2192,114.3691
2020-05-15,28.8,25.5,26.8,5.5,5.5,3.44,16.8,16.62,89,75,Banyuwangi,-8.2192,114.3691
2020-05-16,28.7,23.9,26.4,6.5,6.5,3.13,16.9,15.92,100,77,Banyuwangi,-8.2192,114.3691
2020-05-17,29.1,24.4,26.6,8.1,8.1,3.11,15.2,15.21,100,75,Banyuwangi,-8.2192,114.3691
2020-05-18,27.7,24.4,26.0,20.9,20.9,2.03,10.4,10.5,100,86,Banyuwangi,-8.2192,114.3691
2020-05-19,29.0,24.8,26.3,1.9,1.9,2.58,8.4,12.67,96,76,Banyuwangi,-8.2192,114.3691
2020-05-20,29.0,24.0,26.1,5.3,5.3,2.99,13.5,15.27,100,78,Banyuwangi,-8.2192,114.3691
2020-05-21,27.0,23.9,25.2,33.6,33.6,1.48,12.0,7.74,100,88,Banyuwangi,-8.2192,114.3691
2020-05-22,31.2,23.8,27.3,0.6,0.6,4.05,15.5,19.71,97,68,Banyuwangi,-8.2192,114.3691
2020-05-23,31.0,25.3,27.3,3.3,3.3,3.79,11.3,18.78,94,70,Banyuwangi,-8.2192,114.3691
2020-05-24,31.1,24.8,27.2,3.2,3.2,3.98,14.4,19.71,93,64,Banyuwangi,-8.2192,114.3691
2020-05-25,31.9,24.4,27.3,0.6,0.6,4.32,11.5,20.87,92,60,Banyuwangi,-8.2192,114.3691
2020-05-26,30.8,24.7,27.2,8.5,8.5,3.53,11.7,17.02,100,67,Banyuwangi,-8.2192,114.3691
2020-05-27,29.4,24.5,26.3,4.1,4.1,2.72,6.4,13.61,100,77,Banyuwangi,-8.2192,114.3691
2020-05-28,28.0,23.9,25.6,5.2,5.2,2.58,11.5,13.26,100,84,Banyuwangi,-8.2192,114.3691
2020-05-29,29.2,24.2,26.0,5.9,5.9,2.63,7.4,12.97,100,74,Banyuwangi,-8.2192,114.3691
2020-05-30,29.4,23.4,26.5,6.1,6.1,3.64,12.3,18.6,100,75,Banyuwangi,-8.2192,114.3691
2020-05-31,29.0,23.6,26.2,3.1,3.1,3.13,9.6,15.85,100,75,Banyuwangi,-8.2192,114.3691
2020-06-01,28.3,24.0,26.5,15.6,15.6,2.72,12.4,13.28,100,73,Banyuwangi,-8.2192,114.3691
2020-06-02,29.4,24.3,26.7,1.0,1.0,3.79,11.3,19.05,92,70,Banyuwangi,-8.2192,114.3691
2020-06-03,31.1,24.0,27.0,0.0,0.0,4.26,11.0,20.66,95,49,Banyuwangi,-8.2192,114.3691
2020-06-04,28.0,23.9,26.0,2.9,2.9,3.39,17.8,15.9,90,63,Banyuwangi,-8.2192,114.3691
2020-06-05,27.1,23.8,25.5,4.9,4.9,2.67,18.5,13.35,91,78,Banyuwangi,-8.2192,114.3691
2020-06-06,27.0,23.3,25.4,6.4,6.4,2.36,14.6,11.99,99,80,Banyuwangi,-8.2192,114.3691
2020-06-07,27.8,22.7,25.4,6.8,6.8,3.26,14.5,17.1,99,74,Banyuwangi,-8.2192,114.3691
2020-06-08,27.9,23.1,25.6,3.9,3.9,3.3,14.8,15.89,100,70,Banyuwangi,-8.2192,114.3691
2020-06-09,28.4,23.6,26.0,0.0,0.0,3.74,12.3,18.24,87,59,Banyuwangi,-8.2192,114.3691
2020-06-10,28.6,21.6,25.4,0.0,0.0,3.99,10.9,19.75,83,61,Banyuwangi,-8.2192,114.3691
2020-06-11,29.3,22.5,25.8,0.0,0.0,4.13,10.0,20.5,88,60,Banyuwangi,-8.2192,114.3691
2020-06-12,29.2,21.8,25.5,1.3,1.3,4.04,9.7,20.55,93,61,Banyuwangi,-8.2192,114.3691
2020-06-13,28.6,23.4,25.7,6.2,6.2,3.17,12.2,16.43,100,72,Banyuwangi,-8.2192,114.3691
2020-06-14,28.1,23.6,25.7,16.4,16.4,2.69,8.5,13.95,100,83,Banyuwangi,-8.2192,114.3691
2020-06-15,27.9,24.6,26.0,4.1,4.1,2.52,12.1,13.15,95,82,Banyuwangi,-8.2192,114.3691
2020-06-16,28.9,24.0,26.3,3.9,3.9,3.51,15.8,17.73,100,70,Banyuwangi,-8.2192,114.3691
2020-06-17,28.4,24.1,26.1,5.0,5.0,3.21,12.5,16.26,100,77,Banyuwangi,-8.2192,114.3691
2020-06-18,28.1,23.3,25.9,6.6,6.6,3.0,14.4,14.76,100,76,Banyuwangi,-8.2192,114.3691
2020-06-19,27.3,24.4,25.9,4.8,4.8,3.02,19.0,13.92,90,76,Banyuwangi,-8.2192,114.3691
2020-06-20,27.4,22.9,25.6,5.7,5.7,2.84,15.5,13.61,100,74,Banyuwangi,-8.2192,114.3691
2020-06-21,27.4,25.2,25.9,6.6,6.6,2.81,14.9,14.13,91,78,Banyuwangi,-8.2192,114.3691
2020-06-22,28.2,24.2,26.1,3.5,3.5,3.4,16.4,17.25,91,73,Banyuwangi,-8.2192,114.3691
2020-06-23,27.8,22.5,25.3,5.4,5.4,3.3,15.7,16.55,91,73,Banyuwangi,-8.2192,114.3691
2020-06-24,28.3,22.9,25.5,5.0,5.0,3.27,17.3,15.71,99,66,Banyuwangi,-8.2192,114.3691
2020-06-25,27.9,23.2,25.3,1.7,1.7,3.33,17.9,15.55,87,63,Banyuwangi,-8.2192,114.3691
2020-06-26,27.0,23.4,24.8,5.6,5.6,3.13,14.6,16.94,97,76,Banyuwangi,-8.2192,114.3691
2020-06-27,27.4,22.3,25.0,0.6,0.6,3.45,11.7,18.04,94,72,Banyuwangi,-8.2192,114.3691
2020-06-28,27.0,23.9,25.3,3.4,3.4,2.75,12.2,14.23,92,76,Banyuwangi,-8.2192,114.3691
2020-06-29,27.8,23.0,25.3,6.7,6.7,3.21,15.5,16.83,100,71,Banyuwangi,-8.2192,114.3691
2020-06-30,27.4,22.2,24.9,3.9,3.9,3.13,17.2,16.32,100,71,Banyuwangi,-8.2192,114.3691
2020-07-01,26.9,24.0,25.4,5.8,5.8,3.12,16.9,15.94,89,75,Banyuwangi,-8.2192,114.3691
2020-07-02,27.9,22.8,25.2,1.0,1.0,3.38,17.1,17.6,94,70,Banyuwangi,-8.2192,114.3691
2020-07-03,27.3,22.5,24.8,2.1,2.1,3.28,19.2,16.63,91,71,Banyuwangi,-8.2192,114.3691
2020-07-04,27.9,22.3,24.6,0.1,0.1,3.69,17.2,19.62,94,68,Banyuwangi,-8.2192,114.3691
2020-07-05,27.8,21.6,24.6,0.5,0.5,3.45,13.0,17.95,94,73,Banyuwangi,-8.2192,114.3691
2020-07-06,27.4,22.6,24.9,2.0,2.0,2.59,13.3,12.63,95,75,Banyuwangi,-8.2192,114.3691
2020-07-07,27.2,23.0,24.8,7.9,7.9,2.87,13.8,15.35,100,77,Banyuwangi,-8.2192,114.3691
2020-07-08,26.5,22.7,24.4,11.2,11.2,2.91,19.5,16.39,100,82,Banyuwangi,-8.2192,114.3691
2020-07-09,26.8,22.6,24.6,6.3,6.3,2.69,19.8,14.05,100,77,Banyuwangi,-8.2192,114.3691
2020-07-10,26.7,23.5,24.8,3.3,3.3,3.09,14.6,16.41,95,75,Banyuwangi,-8.2192,114.3691
2020-07-11,27.5,23.7,25.1,3.8,3.8,3.12,17.6,16.1,95,72,Banyuwangi,-8.2192,114.3691
2020-07-12,27.3,22.9,25.1,6.6,6.6,3.22,13.3,16.74,100,72,Banyuwangi,-8.2192,114.3691
2020-07-13,27.7,23.8,25.5,0.6,0.6,3.59,14.6,19.26,91,74,Banyuwangi,-8.2192,114.3691
2020-07-14,27.8,23.5,25.2,2.6,2.6,3.24,14.0,16.85,94,75,Banyuwangi,-8.2192,114.3691
2020-07-15,27.0,23.9,25.3,2.3,2.3,3.16,15.4,16.03,92,76,Banyuwangi,-8.2192,114.3691
2020-07-16,27.4,23.6,25.3,0.4,0.4,3.75,15.8,19.08,90,70,Banyuwangi,-8.2192,114.3691
2020-07-17,27.3,21.6,24.7,0.6,0.6,3.46,16.5,18.28,95,72,Banyuwangi,-8.2192,114.3691
2020-07-18,27.4,23.1,25.0,5.7,5.7,3.34,13.8,17.87,100,73,Banyuwangi,-8.2192,114.3691
2020-07-19,27.9,23.5,25.3,5.2,5.2,3.5,16.3,18.38,99,74,Banyuwangi,-8.2192,114.3691
2020-07-20,27.5,23.0,25.1,8.0,8.0,3.25,13.2,17.26,100,75,Banyuwangi,-8.2192,114.3691
2020-07-21,27.0,24.2,25.2,3.1,3.1,2.43,14.2,12.65,95,77,Banyuwangi,-8.2192,114.3691
2020-07-22,27.9,22.4,25.3,1.8,1.8,3.58,14.4,18.51,94,72,Banyuwangi,-8.2192,114.3691
2020-07-23,26.6,22.9,24.8,7.3,7.3,3.14,19.3,16.91,96,79,Banyuwangi,-8.2192,114.3691
2020-07-24,26.8,22.4,24.6,1.1,1.1,3.59,21.4,17.86,92,64,Banyuwangi,-8.2192,114.3691
2020-07-25,27.1,21.6,24.3,0.3,0.3,4.12,18.3,19.26,81,56,Banyuwangi,-8.2192,114.3691
2020-07-26,27.1,22.5,24.7,0.2,0.2,3.94,19.9,19.91,85,61,Banyuwangi,-8.2192,114.3691
2020-07-27,27.1,22.3,24.5,3.7,3.7,3.3,18.9,16.94,94,73,Banyuwangi,-8.2192,114.3691
2020-07-28,26.1,21.9,23.9,8.0,8.0,2.9,20.6,15.35,100,75,Banyuwangi,-8.2192,114.3691
2020-07-29,26.9,20.6,23.4,0.6,0.6,4.29,15.8,20.41,89,48,Banyuwangi,-8.2192,114.3691
2020-07-30,26.5,20.5,23.7,0.8,0.8,3.67,15.7,18.62,89,68,Banyuwangi,-8.2192,114.3691
2020-07-31,26.8,22.7,24.3,3.2,3.2,3.41,21.3,18.16,89,69,Banyuwangi,-8.2192,114.3691
2020-08-01,26.8,22.2,24.2,0.5,0.5,3.39,18.4,16.66,87,68,Banyuwangi,-8.2192,114.3691
2020-08-02,26.7,21.2,23.7,0.0,0.0,3.85,12.2,19.92,89,61,Banyuwangi,-8.2192,114.3691
2020-08-03,26.9,22.1,24.3,0.0,0.0,3.67,14.0,19.21,92,64,Banyuwangi,-8.2192,114.3691
2020-08-04,25.0,23.6,24.2,1.0,1.0,1.42,11.8,6.36,94,82,Banyuwangi,-8.2192,114.3691
2020-08-05,26.4,23.1,24.4,4.0,4.0,2.72,18.4,14.21,95,75,Banyuwangi,-8.2192,114.3691
2020-08-06,26.9,22.5,24.4,1.5,1.5,3.64,14.5,19.05,94,62,Banyuwangi,-8.2192,114.3691
2020-08-07,26.0,22.8,24.1,4.5,4.5,2.68,17.5,13.91,94,73,Banyuwangi,-8.2192,114.3691
2020-08-08,26.3,23.1,24.5,0.0,0.0,3.02,16.7,15.93,90,73,Banyuwangi,-8.2192,114.3691
2020-08-09,28.1,22.5,25.0,0.0,0.0,3.93,15.0,20.67,95,67,Banyuwangi,-8.2192,114.3691
2020-08-10,29.3,22.9,25.5,0.1,0.1,3.99,16.1,20.5,93,63,Banyuwangi,-8.2192,114.3691
2020-08-11,27.6,23.3,25.2,1.3,1.3,3.16,13.0,16.7,97,77,Banyuwangi,-8.2192,114.3691
2020-08-12,28.0,23.0,25.1,0.5,0.5,3.5,13.4,18.46,98,75,Banyuwangi,-8.2192,114.3691
2020-08-13,27.6,24.1,25.3,4.7,4.7,3.18,15.6,16.74,96,77,Banyuwangi,-8.2192,114.3691
2020-08-14,27.6,23.9,25.2,3.2,3.2,3.37,14.6,17.94,95,76,Banyuwangi,-8.2192,114.3691
2020-08-15,27.8,23.7,25.4,1.4,1.4,3.7,14.5,19.93,96,75,Banyuwangi,-8.2192,114.3691
2020-08-16,27.0,24.0,25.3,4.2,4.2,3.3,17.2,17.55,96,76,Banyuwangi,-8.2192,114.3691
2020-08-17,27.0,24.2,25.2,4.1,4.1,3.49,16.2,18.43,91,75,Banyuwangi,-8.2192,114.3691
2020-08-18,26.9,22.5,24.7,5.4,5.4,3.4,13.8,18.13,99,74,Banyuwangi,-8.2192,114.3691
2020-08-19,26.5,21.9,24.1,9.5,9.5,3.43,17.0,18.6,100,75,Banyuwangi,-8.2192,114.3691
2020-08-20,26.5,22.9,24.6,1.8,1.8,3.25,18.1,17.85,94,78,Banyuwangi,-8.2192,114.3691
2020-08-21,28.6,22.2,25.2,0.0,0.0,4.32,18.0,23.09,96,69,Banyuwangi,-8.2192,114.3691
2020-08-22,27.9,21.9,25.2,0.6,0.6,4.01,13.9,21.2,96,71,Banyuwangi,-8.2192,114.3691
2020-08-23,28.1,23.2,25.3,1.7,1.7,4.15,14.5,22.1,95,67,Banyuwangi,-8.2192,114.3691
2020-08-24,28.3,21.8,24.9,1.8,1.8,4.29,17.4,22.91,94,67,Banyuwangi,-8.2192,114.3691
2020-08-25,27.8,22.2,25.0,2.4,2.4,4.05,16.9,21.12,100,69,Banyuwangi,-8.2192,114.3691
2020-08-26,27.6,23.1,24.8,2.6,2.6,3.87,19.5,20.1,96,68,Banyuwangi,-8.2192,114.3691
2020-08-27,26.9,22.5,24.6,4.6,4.6,3.44,17.7,17.64,90,71,Banyuwangi,-8.2192,114.3691
2020-08-28,28.0,22.1,25.0,2.3,2.3,4.19,15.1,22.08,95,70,Banyuwangi,-8.2192,114.3691
2020-08-29,27.4,22.7,25.0,5.3,5.3,3.94,21.6,21.41,100,73,Banyuwangi,-8.2192,114.3691
2020-08-30,27.5,21.7,24.8,0.2,0.2,4.14,19.2,21.6,92,69,Banyuwangi,-8.2192,114.3691
2020-08-31,27.8,22.3,24.9,1.5,1.5,4.06,17.5,21.06,91,65,Banyuwangi,-8.2192,114.3691
2020-09-01,28.0,22.5,25.0,8.1,8.1,3.73,16.5,19.56,100,72,Banyuwangi,-8.2192,114.3691
2020-09-02,27.9,22.8,25.1,7.0,7.0,3.7,14.3,19.52,100,73,Banyuwangi,-8.2192,114.3691
2020-09-03,28.1,23.1,25.4,7.4,7.4,3.58,14.4,18.88,100,75,Banyuwangi,-8.2192,114.3691
2020-09-04,28.2,23.3,25.5,4.6,4.6,3.99,16.4,21.34,100,72,Banyuwangi,-8.2192,114.3691
2020-09-05,28.8,22.4,25.2,1.8,1.8,4.36,16.1,22.42,91,65,Banyuwangi,-8.2192,114.3691
2020-09-06,27.9,22.8,25.1,3.7,3.7,3.83,12.2,20.0,94,73,Banyuwangi,-8.2192,114.3691
2020-09-07,28.0,22.9,25.4,4.1,4.1,3.95,15.6,20.65,100,70,Banyuwangi,-8.2192,114.3691
2020-09-08,28.4,23.5,25.7,1.8,1.8,4.24,16.6,22.12,95,70,Banyuwangi,-8.2192,114.3691
2020-09-09,28.0,23.2,25.4,2.2,2.2,4.03,17.5,21.38,95,71,Banyuwangi,-8.2192,114.3691
2020-09-10,27.9,23.4,25.3,4.5,4.5,4.11,17.2,21.76,97,68,Banyuwangi,-8.2192,114.3691
2020-09-11,27.8,22.3,24.9,8.1,8.1,3.86,18.2,20.91,100,72,Banyuwangi,-8.2192,114.3691
2020-09-12,27.7,22.0,24.6,6.0,6.0,3.92,16.2,21.24,100,71,Banyuwangi,-8.2192,114.3691
2020-09-13,28.0,21.7,24.8,2.4,2.4,3.99,16.7,21.03,99,69,Banyuwangi,-8.2192,114.3691
2020-09-14,28.6,21.6,24.6,1.7,1.7,4.88,11.4,24.49,92,59,Banyuwangi,-8.2192,114.3691
2020-09-15,29.0,21.7,24.6,0.5,0.5,4.8,14.8,23.34,92,58,Banyuwangi,-8.2192,114.3691
2020-09-16,27.7,21.7,24.4,2.1,2.1,4.22,12.5,21.74,92,68,Banyuwangi,-8.2192,114.3691
2020-09-17,28.2,22.1,25.1,0.0,0.0,4.18,14.5,21.41,90,67,Banyuwangi,-8.2192,114.3691
2020-09-18,29.1,21.4,25.5,0.0,0.0,4.65,16.6,23.72,94,60,Banyuwangi,-8.2192,114.3691
2020-09-19,29.2,23.5,26.4,0.4,0.4,4.5,17.1,23.4,94,70,Banyuwangi,-8.2192,114.3691
2020-09-20,28.7,22.7,25.5,1.8,1.8,4.22,14.2,21.54,90,65,Banyuwangi,-8.2192,114.3691
2020-09-21,28.3,23.8,25.6,9.5,9.5,4.09,15.1,20.78,100,72,Banyuwangi,-8.2192,114.3691
2020-09-22,27.9,23.5,25.3,5.3,5.3,3.22,11.4,17.04,100,75,Banyuwangi,-8.2192,114.3691
2020-09-23,29.1,23.5,26.0,2.3,2.3,4.42,11.9,22.56,96,64,Banyuwangi,-8.2192,114.3691
2020-09-24,29.2,23.2,25.9,1.8,1.8,4.7,12.8,22.85,98,67,Banyuwangi,-8.2192,114.3691
2020-09-25,29.2,23.2,25.7,5.0,5.0,4.08,12.2,20.38,100,67,Banyuwangi,-8.2192,114.3691
2020-09-26,29.0,23.2,25.8,2.1,2.1,4.4,15.0,22.26,96,65,Banyuwangi,-8.2192,114.3691
2020-09-27,29.2,23.2,25.9,1.8,1.8,4.68,15.8,23.74,95,63,Banyuwangi,-8.2192,114.3691
2020-09-28,28.8,23.2,25.6,5.2,5.2,4.11,14.0,20.61,100,68,Banyuwangi,-8.2192,114.3691
2020-09-29,28.1,22.5,24.9,7.1,7.1,3.67,12.9,19.4,100,74,Banyuwangi,-8.2192,114.3691
2020-09-30,28.2,23.0,25.6,2.4,2.4,4.07,14.3,21.53,100,75,Banyuwangi,-8.2192,114.3691
2020-10-01,29.0,23.7,26.2,3.1,3.1,4.4,13.8,22.8,96,72,Banyuwangi,-8.2192,114.3691
2020-10-02,29.1,23.8,26.2,5.3,5.3,4.35,14.8,22.54,100,71,Banyuwangi,-8.2192,114.3691
2020-10-03,28.8,23.5,25.8,4.7,4.7,3.97,14.5,20.82,100,71,Banyuwangi,-8.2192,114.3691
2020-10-04,26.5,22.7,24.3,11.5,11.5,3.07,11.4,16.58,100,82,Banyuwangi,-8.2192,114.3691
2020-10-05,28.5,22.6,25.1,5.6,5.6,3.75,16.7,18.79,100,68,Banyuwangi,-8.2192,114.3691
2020-10-06,26.8,22.3,25.0,4.1,4.1,3.44,18.4,16.74,100,71,Banyuwangi,-8.2192,114.3691
2020-10-07,28.0,23.7,25.7,0.2,0.2,4.39,18.0,21.01,86,64,Banyuwangi,-8.2192,114.3691
2020-10-08,27.8,23.8,25.4,5.4,5.4,3.71,17.4,18.76,94,69,Banyuwangi,-8.2192,114.3691
2020-10-09,28.3,23.6,25.8,0.6,0.6,4.39,15.8,21.59,91,66,Banyuwangi,-8.2192,114.3691
2020-10-10,25.5,24.0,24.7,10.2,10.2,1.7,11.4,8.9,100,88,Banyuwangi,-8.2192,114.3691
2020-10-11,28.7,23.4,25.7,20.8,20.8,3.92,12.2,20.53,100,76,Banyuwangi,-8.2192,114.3691
2020-10-12,28.8,23.3,25.7,5.3,5.3,4.01,14.3,21.08,100,73,Banyuwangi,-8.2192,114.3691
2020-10-13,29.3,22.5,25.9,1.5,1.5,4.82,15.8,24.87,94,70,Banyuwangi,-8.2192,114.3691
2020-10-14,29.1,24.0,26.1,1.9,1.9,4.57,12.6,23.31,95,64,Banyuwangi,-8.2192,114.3691
2020-10-15,28.9,24.2,26.0,2.4,2.4,3.98,10.6,20.53,96,72,Banyuwangi,-8.2192,114.3691
2020-10-16,28.6,23.7,25.9,1.7,1.7,4.22,12.4,21.55,94,69,Banyuwangi,-8.2192,114.3691
2020-10-17,29.4,22.8,25.7,0.0,0.0,5.02,14.3,25.09,93,66,Banyuwangi,-8.2192,114.3691
2020-10-18,28.6,23.0,25.6,0.5,0.5,4.37,13.5,22.55,90,71,Banyuwangi,-8.2192,114.3691
2020-10-19,27.7,23.9,25.3,16.7,16.7,2.91,11.4,15.11,100,79,Banyuwangi,-8.2192,114.3691
2020-10-20,30.5,23.1,26.2,5.5,5.5,4.58,12.9,22.82,100,60,Banyuwangi,-8.2192,114.3691
2020-10-21,28.8,24.4,26.3,1.3,1.3,4.27,15.3,22.41,94,72,Banyuwangi,-8.2192,114.3691
2020-10-22,28.7,24.9,26.3,1.6,1.6,4.38,16.1,22.96,94,72,Banyuwangi,-8.2192,114.3691
2020-10-23,28.8,24.4,26.2,2.9,2.9,4.23,14.8,21.5,94,70,Banyuwangi,-8.2192,114.3691
2020-10-24,28.9,24.1,26.2,1.0,1.0,4.36,13.6,22.43,93,71,Banyuwangi,-8.2192,114.3691
2020-10-25,28.6,24.1,26.3,1.4,1.4,4.15,13.7,21.41,95,74,Banyuwangi,-8.2192,114.3691
2020-10-26,28.9,24.8,26.4,4.2,4.2,4.13,14.6,21.0,95,72,Banyuwangi,-8.2192,114.3691
2020-10-27,28.3,23.7,25.8,3.1,3.1,3.92,12.2,20.19,100,73,Banyuwangi,-8.2192,114.3691
2020-10-28,29.0,22.7,26.0,1.3,1.3,4.65,17.4,23.86,93,70,Banyuwangi,-8.2192,114.3691
2020-10-29,29.5,23.8,26.1,2.6,2.6,4.17,14.9,21.5,96,71,Banyuwangi,-8.2192,114.3691
2020-10-30,30.6,24.1,26.7,2.0,2.0,4.11,13.6,20.25,96,64,Banyuwangi,-8.2192,114.3691
2020-10-31,27.2,23.1,24.9,10.9,10.9,2.22,9.4,10.91,100,81,Banyuwangi,-8.2192,114.3691
2020-11-01,28.4,23.3,25.5,1.1,1.1,2.35,7.8,11.2,96,73,Banyuwangi,-8.2192,114.3691
2020-11-02,30.1,24.3,26.7,3.5,3.5,4.34,12.3,21.83,95,70,Banyuwangi,-8.2192,114.3691
2020-11-03,31.9,24.1,27.3,0.4,0.4,5.21,12.4,25.02,94,54,Banyuwangi,-8.2192,114.3691
2020-11-04,30.3,22.8,26.3,3.3,3.3,4.5,12.5,22.02,94,64,Banyuwangi,-8.2192,114.3691
2020-11-05,30.1,24.2,26.8,4.0,4.0,4.52,13.6,23.0,100,72,Banyuwangi,-8.2192,114.3691
2020-11-06,29.7,23.8,26.8,0.4,0.4,4.76,13.4,23.84,95,66,Banyuwangi,-8.2192,114.3691
2020-11-07,30.6,24.2,26.9,0.1,0.1,5.21,13.8,25.74,95,63,Banyuwangi,-8.2192,114.3691
2020-11-08,31.3,24.1,27.2,0.0,0.0,5.39,17.4,25.05,88,51,Banyuwangi,-8.2192,114.3691
2020-11-09,30.6,24.5,27.2,1.4,1.4,5.17,15.6,24.6,90,66,Banyuwangi,-8.2192,114.3691
2020-11-10,30.3,23.7,27.1,1.1,1.1,4.99,13.1,24.02,93,63,Banyuwangi,-8.2192,114.3691
2020-11-11,28.1,24.3,26.1,3.2,3.2,3.36,8.8,16.93,94,78,Banyuwangi,-8.2192,114.3691
2020-11-12,31.7,23.2,27.6,0.4,0.4,5.12,18.7,24.72,91,59,Banyuwangi,-8.2192,114.3691
2020-11-13,30.3,25.2,27.4,1.3,1.3,4.33,12.9,21.2,95,70,Banyuwangi,-8.2192,114.3691
2020-11-14,30.5,24.9,27.2,5.6,5.6,4.18,10.8,20.61,100,68,Banyuwangi,-8.2192,114.3691
2020-11-15,29.6,24.5,26.5,4.7,4.7,3.35,10.2,16.41,95,73,Banyuwangi,-8.2192,114.3691
2020-11-16,30.9,24.1,27.5,2.1,2.1,5.18,15.3,24.46,94,58,Banyuwangi,-8.2192,114.3691
2020-11-17,30.4,23.8,26.8,4.9,4.9,4.51,14.8,21.92,100,63,Banyuwangi,-8.2192,114.3691
2020-11-18,30.3,23.8,26.8,3.1,3.1,4.57,14.1,22.71,96,67,Banyuwangi,-8.2192,114.3691
2020-11-19,30.9,23.8,27.1,0.3,0.3,4.64,12.8,22.57,96,63,Banyuwangi,-8.2192,114.3691
2020-11-20,30.6,25.3,27.2,0.9,0.9,4.08,9.7,19.66,92,67,Banyuwangi,-8.2192,114.3691
2020-11-21,29.5,24.7,27.0,3.3,3.3,3.68,9.9,18.05,97,75,Banyuwangi,-8.2192,114.3691
2020-11-22,29.5,23.9,26.5,10.6,10.6,3.59,7.0,17.82,100,71,Banyuwangi,-8.2192,114.3691
2020-11-23,30.1,24.5,26.6,1.8,1.8,3.71,9.2,18.11,94,72,Banyuwangi,-8.2192,114.3691
2020-11-24,29.8,24.2,26.2,5.7,5.7,3.56,15.8,17.93,94,73,Banyuwangi,-8.2192,114.3691
2020-11-25,29.5,24.4,26.1,8.7,8.7,3.57,13.0,18.1,94,74,Banyuwangi,-8.2192,114.3691
2020-11-26,29.9,23.9,26.0,15.4,15.4,3.39,10.6,16.74,100,71,Banyuwangi,-8.2192,114.3691
2020-11-27,30.1,23.2,25.6,16.7,16.7,3.19,11.5,16.24,100,71,Banyuwangi,-8.2192,114.3691
2020-11-28,31.7,23.9,26.4,7.3,7.3,3.74,9.5,18.14,100,64,Banyuwangi,-8.2192,114.3691
2020-11-29,30.4,23.6,26.7,3.1,3.1,3.84,15.7,18.83,100,67,Banyuwangi,-8.2192,114.3691
2020-11-30,26.4,23.2,24.8,13.2,13.2,1.4,13.3,6.98,100,88,Banyuwangi,-8.2192,114.3691
2020-12-01,27.4,23.6,25.5,2.8,2.8,2.06,7.1,9.63,100,79,Banyuwangi,-8.2192,114.3691
2020-12-02,29.3,23.0,26.4,0.0,0.0,3.88,9.0,18.77,91,64,Banyuwangi,-8.2192,114.3691
2020-12-03,31.5,24.3,26.5,11.2,11.2,3.93,9.8,19.05,100,64,Banyuwangi,-8.2192,114.3691
2020-12-04,29.7,24.2,25.7,15.3,15.3,3.12,11.5,16.0,100,74,Banyuwangi,-8.2192,114.3691
2020-12-05,30.4,23.8,26.1,9.5,9.5,3.5,11.2,17.21,96,66,Banyuwangi,-8.2192,114.3691
2020-12-06,29.5,23.0,25.8,9.7,9.7,3.17,12.4,14.99,100,71,Banyuwangi,-8.2192,114.3691
2020-12-07,31.6,23.2,26.1,6.3,6.3,3.72,17.8,17.88,100,58,Banyuwangi,-8.2192,114.3691
2020-12-08,30.9,24.5,26.5,1.9,1.9,3.69,13.4,17.37,93,66,Banyuwangi,-8.2192,114.3691
2020-12-09,29.9,23.4,26.4,1.3,1.3,3.16,13.2,14.51,95,66,Banyuwangi,-8.2192,114.3691
2020-12-10,29.5,23.9,25.8,0.9,0.9,3.05,10.7,14.48,94,69,Banyuwangi,-8.2192,114.3691
2020-12-11,28.6,24.4,25.9,7.3,7.3,2.76,7.5,13.33,100,75,Banyuwangi,-8.2192,114.3691
2020-12-12,27.3,23.5,24.8,31.2,31.2,2.15,11.6,10.68,100,82,Banyuwangi,-8.2192,114.3691
2020-12-13,28.9,22.9,25.6,9.6,9.6,3.28,9.2,15.95,100,69,Banyuwangi,-8.2192,114.3691
2020-12-14,27.1,23.1,25.1,11.9,11.9,2.15,11.0,11.21,100,87,Banyuwangi,-8.2192,114.3691
2020-12-15,25.9,23.4,24.4,25.4,25.4,1.33,8.8,7.02,100,93,Banyuwangi,-8.2192,114.3691
2020-12-16,28.8,23.7,25.2,19.9,19.9,2.56,15.3,13.45,99,77,Banyuwangi,-8.2192,114.3691
2020-12-17,29.4,22.3,25.5,4.8,4.8,3.56,7.6,17.64,100,73,Banyuwangi,-8.2192,114.3691
2020-12-18,30.3,22.5,25.8,1.7,1.7,3.58,13.9,17.51,94,66,Banyuwangi,-8.2192,114.3691
2020-12-19,29.9,23.1,25.9,1.7,1.7,3.88,16.4,19.26,98,67,Banyuwangi,-8.2192,114.3691
2020-12-20,31.2,23.2,26.5,0.5,0.5,4.21,17.6,18.91,95,60,Banyuwangi,-8.2192,114.3691
2020-12-21,32.5,23.3,27.3,0.0,0.0,5.73,22.5,24.93,93,48,Banyuwangi,-8.2192,114.3691
2020-12-22,32.3,24.7,27.6,0.1,0.1,5.03,17.5,21.4,88,53,Banyuwangi,-8.2192,114.3691
2020-12-23,31.1,24.7,27.3,0.6,0.6,5.27,17.0,23.69,87,57,Banyuwangi,-8.2192,114.3691
2020-12-24,29.9,23.5,26.2,3.1,3.1,4.13,13.5,20.47,94,64,Banyuwangi,-8.2192,114.3691
2020-12-25,29.9,23.8,25.8,17.2,17.2,3.91,9.7,19.54,100,65,Banyuwangi,-8.2192,114.3691
2020-12-26,29.5,23.5,25.8,11.6,11.6,3.95,9.2,19.65,100,64,Banyuwangi,-8.2192,114.3691
2020-12-27,30.4,23.7,26.4,2.8,2.8,4.06,8.7,20.07,100,62,Banyuwangi,-8.2192,114.3691
2020-12-28,30.1,24.0,26.2,3.1,3.1,4.01,10.8,20.01,96,69,Banyuwangi,-8.2192,114.3691
2020-12-29,30.0,23.4,25.9,5.0,5.0,3.47,8.2,17.51,98,70,Banyuwangi,-8.2192,114.3691
2020-12-30,29.0,23.1,25.5,16.3,16.3,3.29,13.1,16.8,100,76,Banyuwangi,-8.2192,114.3691
2020-12-31,30.0,23.2,25.7,8.3,8.3,3.4,6.4,16.43,100,65,Banyuwangi,-8.2192,114.3691
2021-01-01,30.8,23.4,26.1,3.5,3.5,4.29,10.5,21.24,100,61,Banyuwangi,-8.2192,114.3691
2021-01-02,29.1,24.2,25.8,7.8,7.8,3.44,12.0,17.63,96,78,Banyuwangi,-8.2192,114.3691
2021-01-03,29.2,24.2,26.0,1.9,1.9,3.54,8.8,17.72,96,74,Banyuwangi,-8.2192,114.3691
2021-01-04,29.9,23.3,25.7,9.5,9.5,3.18,6.6,15.47,100,68,Banyuwangi,-8.2192,114.3691
2021-01-05,28.2,23.3,25.1,25.7,25.7,2.67,5.5,13.38,100,83,Banyuwangi,-8.2192,114.3691
2021-01-06,30.0,22.7,25.8,5.2,5.2,3.22,7.9,15.66,99,70,Banyuwangi,-8.2192,114.3691
2021-01-07,28.8,24.1,26.0,10.3,10.3,2.8,13.1,14.44,100,81,Banyuwangi,-8.2192,114.3691
2021-01-08,27.0,23.5,24.8,17.1,17.1,1.58,13.7,7.96,100,79,Banyuwangi,-8.2192,114.3691
2021-01-09,29.2,23.7,25.8,18.1,18.1,3.49,12.2,18.13,96,77,Banyuwangi,-8.2192,114.3691
2021-01-10,30.9,23.0,26.4,8.0,8.0,4.7,17.9,23.93,100,66,Banyuwangi,-8.2192,114.3691
2021-01-11,30.4,22.9,26.3,6.4,6.4,3.88,19.5,19.27,99,67,Banyuwangi,-8.2192,114.3691
2021-01-12,29.9,23.3,26.2,9.2,9.2,3.66,11.5,18.59,100,74,Banyuwangi,-8.2192,114.3691
2021-01-13,29.2,23.9,25.3,37.2,37.2,1.91,13.7,9.76,100,77,Banyuwangi,-8.2192,114.3691
2021-01-14,31.2,23.2,26.9,2.6,2.6,4.61,15.2,21.97,100,65,Banyuwangi,-8.2192,114.3691
2021-01-15,31.0,24.1,26.5,17.9,17.9,3.62,13.7,17.12,100,65,Banyuwangi,-8.2192,114.3691
2021-01-16,26.8,23.5,24.9,20.1,20.1,1.6,14.8,7.96,100,89,Banyuwangi,-8.2192,114.3691
2021-01-17,29.5,23.7,25.6,21.9,21.9,3.36,9.4,17.04,100,72,Banyuwangi,-8.2192,114.3691
2021-01-18,29.0,23.4,25.1,34.7,34.7,3.21,9.3,15.91,100,69,Banyuwangi,-8.2192,114.3691
2021-01-19,27.6,23.1,25.2,3.4,3.4,1.89,6.6,8.82,100,76,Banyuwangi,-8.2192,114.3691
2021-01-20,30.5,24.4,26.8,0.7,0.7,4.36,10.7,21.54,91,68,Banyuwangi,-8.2192,114.3691
2021-01-21,31.3,23.2,27.1,0.6,0.6,4.31,11.0,20.45,94,62,Banyuwangi,-8.2192,114.3691
2021-01-22,30.1,23.6,26.4,2.9,2.9,4.03,13.0,20.33,96,68,Banyuwangi,-8.2192,114.3691
2021-01-23,29.5,24.1,26.1,6.1,6.1,3.53,10.0,17.48,95,70,Banyuwangi,-8.2192,114.3691
2021-01-24,30.1,24.0,26.0,16.2,16.2,3.4,8.9,16.85,100,68,Banyuwangi,-8.2192,114.3691
2021-01-25,30.8,23.9,26.0,3.2,3.2,3.5,13.5,17.03,94,60,Banyuwangi,-8.2192,114.3691
2021-01-26,31.6,22.1,25.7,9.8,9.8,4.39,13.3,21.67,100,61,Banyuwangi,-8.2192,114.3691
2021-01-27,28.2,23.8,25.3,5.4,5.4,3.03,8.2,15.2,100,80,Banyuwangi,-8.2192,114.3691
2021-01-28,29.6,23.4,25.7,2.6,2.6,3.83,13.9,19.21,100,67,Banyuwangi,-8.2192,114.3691
2021-01-29,28.8,23.0,24.9,20.0,20.0,3.11,11.3,15.25,100,67,Banyuwangi,-8.2192,114.3691
2021-01-30,27.3,22.3,24.5,9.2,9.2,2.29,8.9,11.02,100,73,Banyuwangi,-8.2192,114.3691
2021-01-31,30.1,23.4,26.3,0.7,0.7,4.06,9.5,19.84,96,63,Banyuwangi,-8.2192,114.3691
2021-02-01,30.4,24.0,26.6,1.9,1.9,4.43,12.6,21.42,91,63,Banyuwangi,-8.2192,114.3691
2021-02-02,29.8,24.0,25.8,5.2,5.2,3.04,11.2,14.8,95,65,Banyuwangi,-8.2192,114.3691
2021-02-03,28.6,23.5,25.5,9.4,9.4,2.73,8.9,13.09,100,71,Banyuwangi,-8.2192,114.3691
2021-02-04,29.1,23.0,25.6,1.5,1.5,2.79,11.1,12.64,99,66,Banyuwangi,-8.2192,114.3691
2021-02-05,27.4,23.5,25.1,4.5,4.5,2.62,11.8,12.12,100,73,Banyuwangi,-8.2192,114.3691
2021-02-06,26.8,22.7,24.7,7.7,7.7,2.43,9.1,12.06,100,80,Banyuwangi,-8.2192,114.3691
2021-02-07,29.7,23.9,25.9,3.4,3.4,3.92,11.1,19.26,100,65,Banyuwangi,-8.2192,114.3691
2021-02-08,27.9,23.3,25.2,7.1,7.1,2.67,7.9,13.19,100,81,Banyuwangi,-8.2192,114.3691
2021-02-09,29.8,22.9,25.8,9.5,9.5,3.86,7.2,18.97,100,69,Banyuwangi,-8.2192,114.3691
2021-02-10,27.8,23.2,24.9,18.0,18.0,2.27,13.0,11.21,100,85,Banyuwangi,-8.2192,114.3691
2021-02-11,28.3,23.6,25.8,2.7,2.7,2.9,6.9,14.18,96,75,Banyuwangi,-8.2192,114.3691
2021-02-12,28.0,23.4,25.3,23.1,23.1,2.94,8.0,14.84,100,83,Banyuwangi,-8.2192,114.3691
2021-02-13,30.3,23.8,25.8,23.8,23.8,4.1,10.6,21.11,96,72,Banyuwangi,-8.2192,114.3691
2021-02-14,28.8,24.0,25.6,5.2,5.2,3.51,7.2,18.07,95,76,Banyuwangi,-8.2192,114.3691
2021-02-15,30.5,23.8,25.9,7.9,7.9,4.07,10.2,20.75,100,68,Banyuwangi,-8.2192,114.3691
2021-02-16,30.8,23.8,26.6,1.6,1.6,4.76,12.4,23.75,94,64,Banyuwangi,-8.2192,114.3691
2021-02-17,31.7,22.8,26.2,12.2,12.2,4.32,15.5,21.48,94,63,Banyuwangi,-8.2192,114.3691
2021-02-18,29.5,22.6,25.7,2.3,2.3,4.25,16.0,21.78,100,67,Banyuwangi,-8.2192,114.3691
2021-02-19,28.4,23.0,25.2,18.9,18.9,2.98,11.8,14.45,100,73,Banyuwangi,-8.2192,114.3691
2021-02-20,27.1,23.1,24.8,22.8,22.8,2.36,7.3,11.51,100,81,Banyuwangi,-8.2192,114.3691
2021-02-21,30.8,22.8,26.5,2.5,2.5,4.73,11.9,23.36,99,68,Banyuwangi,-8.2192,114.3691
2021-02-22,30.7,24.2,27.0,0.7,0.7,4.45,15.7,20.83,93,66,Banyuwangi,-8.2192,114.3691
2021-02-23,27.6,24.3,25.5,16.9,16.9,2.74,15.1,14.23,98,90,Banyuwangi,-8.2192,114.3691
2021-02-24,28.1,22.6,25.2,19.3,19.3,3.12,13.2,15.57,100,74,Banyuwangi,-8.2192,114.3691
2021-02-25,28.4,23.1,25.5,1.0,1.0,3.4,7.6,16.89,97,71,Banyuwangi,-8.2192,114.3691
2021-02-26,30.9,23.9,26.3,5.0,5.0,4.12,10.3,20.43,97,65,Banyuwangi,-8.2192,114.3691
2021-02-27,28.9,23.4,25.4,14.0,14.0,2.8,16.3,14.16,100,72,Banyuwangi,-8.2192,114.3691
2021-02-28,30.6,23.2,26.2,2.0,2.0,4.47,18.7,21.68,100,60,Banyuwangi,-8.2192,114.3691
2021-03-01,30.8,24.1,26.4,29.5,29.5,4.15,12.1,20.87,93,69,Banyuwangi,-8.2192,114.3691
2021-03-02,29.7,23.8,26.2,9.2,9.2,4.27,15.2,21.91,96,72,Banyuwangi,-8.2192,114.3691
2021-03-03,29.1,24.3,26.1,4.6,4.6,3.63,15.7,18.96,96,74,Banyuwangi,-8.2192,114.3691
2021-03-04,29.5,24.3,26.3,8.9,8.9,3.74,8.3,18.72,97,67,Banyuwangi,-8.2192,114.3691
2021-03-05,27.7,23.5,25.3,6.4,6.4,2.37,6.7,11.66,96,80,Banyuwangi,-8.2192,114.3691
2021-03-06,28.9,23.7,25.8,3.7,3.7,3.78,13.8,19.35,94,72,Banyuwangi,-8.2192,114.3691
2021-03-07,29.3,23.6,25.7,3.0,3.0,3.76,16.9,19.34,95,68,Banyuwangi,-8.2192,114.3691
2021-03-08,28.1,23.7,25.5,2.5,2.5,3.19,7.6,15.8,95,74,Banyuwangi,-8.2192,114.3691
2021-03-09,29.1,23.2,25.2,19.1,19.1,3.12,12.0,15.88,100,72,Banyuwangi,-8.2192,114.3691
2021-03-10,29.9,24.3,26.2,0.1,0.1,3.83,14.8,18.98,94,62,Banyuwangi,-8.2192,114.3691
2021-03-11,31.0,24.0,26.7,4.8,4.8,4.72,9.7,23.31,98,62,Banyuwangi,-8.2192,114.3691
2021-03-12,30.3,22.3,25.7,4.3,4.3,4.2,13.7,21.28,94,64,Banyuwangi,-8.2192,114.3691
2021-03-13,30.0,23.7,25.6,15.5,15.5,3.82,6.0,19.39,95,72,Banyuwangi,-8.2192,114.3691
2021-03-14,30.1,23.6,26.0,1.5,1.5,3.66,13.4,18.1,93,65,Banyuwangi,-8.2192,114.3691
2021-03-15,30.4,23.3,26.4,1.8,1.8,4.07,12.2,20.22,96,68,Banyuwangi,-8.2192,114.3691
2021-03-16,31.4,23.7,26.7,0.5,0.5,4.52,11.1,22.11,96,64,Banyuwangi,-8.2192,114.3691
2021-03-17,30.4,24.4,26.2,0.9,0.9,4.1,8.9,20.65,92,69,Banyuwangi,-8.2192,114.3691
2021-03-18,31.4,23.3,26.5,6.3,6.3,4.46,8.2,21.75,100,61,Banyuwangi,-8.2192,114.3691
2021-03-19,30.9,24.0,26.2,4.3,4.3,4.06,8.7,20.16,94,67,Banyuwangi,-8.2192,114.3691
2021-03-20,29.6,23.2,26.0,2.4,2.4,4.12,7.9,20.81,95,76,Banyuwangi,-8.2192,114.3691
2021-03-21,30.9,24.3,26.7,10.6,10.6,4.44,10.9,22.18,97,64,Banyuwangi,-8.2192,114.3691
2021-03-22,29.4,24.4,26.5,0.9,0.9,3.36,10.8,16.34,94,68,Banyuwangi,-8.2192,114.3691
2021-03-23,29.9,24.5,26.5,4.2,4.2,3.9,8.4,19.37,99,67,Banyuwangi,-8.2192,114.3691
2021-03-24,29.8,24.2,26.7,2.0,2.0,3.64,10.2,18.04,93,68,Banyuwangi,-8.2192,114.3691
2021-03-25,31.1,24.6,26.8,1.5,1.5,4.08,10.1,19.84,95,63,Banyuwangi,-8.2192,114.3691
2021-03-26,31.0,24.6,26.7,10.3,10.3,4.45,9.9,22.17,100,67,Banyuwangi,-8.2192,114.3691
2021-03-27,31.0,23.0,26.9,0.7,0.7,4.72,9.8,23.28,100,61,Banyuwangi,-8.2192,114.3691
2021-03-28,30.1,24.4,26.7,5.5,5.5,4.36,14.0,21.34,95,69,Banyuwangi,-8.2192,114.3691
2021-03-29,30.4,23.4,26.3,9.7,9.7,3.75,14.4,18.7,100,69,Banyuwangi,-8.2192,114.3691
2021-03-30,29.3,23.8,25.9,15.1,15.1,3.0,8.9,15.07,100,79,Banyuwangi,-8.2192,114.3691
2021-03-31,29.8,23.7,26.0,17.2,17.2,3.9,9.4,19.57,100,70,Banyuwangi,-8.2192,114.3691
2021-04-01,30.6,23.6,26.1,11.3,11.3,3.94,9.7,19.57,100,64,Banyuwangi,-8.2192,114.3691
2021-04-02,30.2,24.0,26.4,1.2,1.2,3.32,12.0,16.65,96,71,Banyuwangi,-8.2192,114.3691
2021-04-03,30.6,25.1,27.0,13.6,13.6,4.07,9.2,20.39,93,71,Banyuwangi,-8.2192,114.3691
2021-04-04,29.8,25.1,26.8,2.1,2.1,3.8,10.8,18.44,94,69,Banyuwangi,-8.2192,114.3691
2021-04-05,30.7,25.0,27.4,0.6,0.6,4.12,9.2,19.41,94,69,Banyuwangi,-8.2192,114.3691
2021-04-06,29.6,23.8,26.4,1.0,1.0,2.71,11.2,11.81,86,58,Banyuwangi,-8.2192,114.3691
2021-04-07,28.4,23.9,25.8,1.0,1.0,2.26,11.2,10.31,92,77,Banyuwangi,-8.2192,114.3691
2021-04-08,29.3,24.2,26.1,2.0,2.0,2.81,13.2,13.31,96,68,Banyuwangi,-8.2192,114.3691
2021-04-09,31.2,24.8,27.3,1.6,1.6,4.32,14.2,21.07,95,63,Banyuwangi,-8.2192,114.3691
2021-04-10,30.5,25.3,27.2,0.2,0.2,4.13,10.1,20.26,94,67,Banyuwangi,-8.2192,114.3691
2021-04-11,30.0,23.8,26.4,0.8,0.8,4.31,12.5,21.19,92,71,Banyuwangi,-8.2192,114.3691
2021-04-12,30.5,24.2,26.6,1.3,1.3,4.52,12.3,22.11,94,67,Banyuwangi,-8.2192,114.3691
2021-04-13,30.2,23.7,26.2,2.6,2.6,4.21,11.4,21.03,94,65,Banyuwangi,-8.2192,114.3691
2021-04-14,30.1,23.4,26.4,0.8,0.8,4.41,11.0,22.04,91,64,Banyuwangi,-8.2192,114.3691
2021-04-15,29.5,23.1,26.2,2.4,2.4,3.96,11.0,19.95,92,68,Banyuwangi,-8.2192,114.3691
2021-04-16,30.2,22.7,26.3,1.0,1.0,4.46,11.4,21.78,91,61,Banyuwangi,-8.2192,114.3691
2021-04-17,30.1,23.1,26.3,2.4,2.4,4.23,12.0,20.98,90,62,Banyuwangi,-8.2192,114.3691
2021-04-18,27.9,23.9,25.7,6.2,6.2,3.29,11.3,17.11,95,79,Banyuwangi,-8.2192,114.3691
2021-04-19,29.8,23.4,26.1,2.5,2.5,4.35,9.8,21.62,95,63,Banyuwangi,-8.2192,114.3691
2021-04-20,29.4,20.4,25.4,0.0,0.0,4.89,11.8,23.63,89,59,Banyuwangi,-8.2192,114.3691
2021-04-21,29.4,21.9,25.9,0.4,0.4,4.63,12.2,21.31,81,63,Banyuwangi,-8.2192,114.3691
2021-04-22,29.5,22.0,25.9,0.0,0.0,4.93,12.1,22.76,81,54,Banyuwangi,-8.2192,114.3691
2021-04-23,29.2,23.2,26.0,0.7,0.7,4.67,11.0,22.21,84,62,Banyuwangi,-8.2192,114.3691
2021-04-24,30.0,22.4,26.0,1.7,1.7,4.43,12.3,21.39,94,61,Banyuwangi,-8.2192,114.3691
2021-04-25,30.0,23.5,26.3,8.1,8.1,3.96,11.7,19.67,100,67,Banyuwangi,-8.2192,114.3691
2021-04-26,29.7,22.1,26.0,2.4,2.4,4.26,14.7,21.14,94,66,Banyuwangi,-8.2192,114.3691
2021-04-27,29.3,22.9,26.5,2.0,2.0,4.26,13.7,19.89,99,64,Banyuwangi,-8.2192,114.3691
2021-04-28,28.6,23.1,26.3,3.6,3.6,3.63,9.9,17.8,99,64,Banyuwangi,-8.2192,114.3691
2021-04-29,29.5,23.6,26.3,0.9,0.9,3.4,9.5,16.65,90,65,Banyuwangi,-8.2192,114.3691
2021-04-30,29.1,24.8,26.6,1.7,1.7,3.63,13.6,18.18,90,71,Banyuwangi,-8.2192,114.3691
2021-05-01,30.0,23.3,26.3,1.2,1.2,4.04,14.0,19.98,96,67,Banyuwangi,-8.2192,114.3691
2021-05-02,30.7,22.8,26.3,1.7,1.7,4.07,11.9,20.08,94,63,Banyuwangi,-8.2192,114.3691
2021-05-03,31.0,23.2,27.0,0.3,0.3,4.38,11.8,21.48,91,61,Banyuwangi,-8.2192,114.3691
2021-05-04,31.2,23.2,27.0,1.1,1.1,4.33,15.3,20.39,92,61,Banyuwangi,-8.2192,114.3691
2021-05-05,30.2,22.1,26.4,0.6,0.6,4.29,14.4,21.19,90,66,Banyuwangi,-8.2192,114.3691
2021-05-06,29.9,24.6,27.1,1.9,1.9,4.03,14.0,19.72,91,67,Banyuwangi,-8.2192,114.3691
2021-05-07,29.1,23.9,26.3,4.0,4.0,3.91,15.7,19.38,100,66,Banyuwangi,-8.2192,114.3691
2021-05-08,28.6,24.0,26.6,1.2,1.2,4.08,12.6,19.02,80,69,Banyuwangi,-8.2192,114.3691
2021-05-09,28.2,24.0,26.3,4.9,4.9,3.6,14.4,18.36,91,72,Banyuwangi,-8.2192,114.3691
2021-05-10,29.0,24.5,26.6,3.2,3.2,3.92,15.9,19.17,88,69,Banyuwangi,-8.2192,114.3691
2021-05-11,29.3,24.1,26.9,3.5,3.5,3.7,17.4,18.13,90,68,Banyuwangi,-8.2192,114.3691
2021-05-12,29.1,25.0,26.8,1.9,1.9,4.11,16.0,19.74,90,66,Banyuwangi,-8.2192,114.3691
2021-05-13,29.5,23.6,26.6,0.2,0.2,4.19,17.1,20.28,85,65,Banyuwangi,-8.2192,114.3691
2021-05-14,29.1,24.7,26.7,2.8,2.8,3.46,15.6,16.78,90,71,Banyuwangi,-8.2192,114.3691
2021-05-15,28.8,24.2,26.4,5.1,5.1,3.64,14.3,18.17,94,71,Banyuwangi,-8.2192,114.3691
2021-05-16,28.6,23.2,26.0,3.3,3.3,3.44,12.9,17.64,99,70,Banyuwangi,-8.2192,114.3691
2021-05-17,28.6,24.0,26.3,2.3,2.3,3.61,15.2,18.24,91,70,Banyuwangi,-8.2192,114.3691
2021-05-18,29.2,24.6,26.6,1.1,1.1,3.51,10.5,17.38,92,66,Banyuwangi,-8.2192,114.3691
2021-05-19,29.5,24.2,26.4,1.3,1.3,3.36,8.8,16.37,92,66,Banyuwangi,-8.2192,114.3691
2021-05-20,29.3,24.4,26.5,2.2,2.2,4.03,11.0,20.2,94,66,Banyuwangi,-8.2192,114.3691
2021-05-21,29.5,23.7,26.4,0.5,0.5,3.96,13.5,19.63,91,65,Banyuwangi,-8.2192,114.3691
2021-05-22,29.2,23.8,26.1,0.3,0.3,4.04,10.4,20.3,90,62,Banyuwangi,-8.2192,114.3691
2021-05-23,29.8,23.9,26.4,0.8,0.8,3.67,9.1,17.77,92,65,Banyuwangi,-8.2192,114.3691
2021-05-24,29.0,24.5,26.4,1.2,1.2,3.43,13.0,17.16,93,70,Banyuwangi,-8.2192,114.3691
2021-05-25,29.3,24.5,26.2,0.5,0.5,2.78,11.9,13.18,92,64,Banyuwangi,-8.2192,114.3691
2021-05-26,29.7,23.7,26.6,2.8,2.8,3.86,11.8,19.28,94,68,Banyuwangi,-8.2192,114.3691
2021-05-27,30.0,22.7,26.3,0.8,0.8,4.09,13.0,20.57,96,68,Banyuwangi,-8.2192,114.3691
2021-05-28,28.6,24.1,26.0,4.8,4.8,2.8,12.7,14.22,100,75,Banyuwangi,-8.2192,114.3691
2021-05-29,29.2,24.4,26.4,2.3,2.3,3.4,12.8,16.91,93,69,Banyuwangi,-8.2192,114.3691
2021-05-30,28.9,24.0,26.1,6.9,6.9,3.16,10.6,15.63,100,68,Banyuwangi,-8.2192,114.3691
2021-05-31,28.9,24.0,26.0,0.0,0.0,3.53,10.8,17.3,88,64,Banyuwangi,-8.2192,114.3691
2021-06-01,28.5,24.0,25.8,0.1,0.1,3.77,13.8,18.9,92,65,Banyuwangi,-8.2192,114.3691
2021-06-02,30.4,23.3,26.2,0.0,0.0,4.17,9.2,21.01,93,62,Banyuwangi,-8.2192,114.3691
2021-06-03,30.0,21.8,26.0,0.0,0.0,3.99,13.3,19.84,94,61,Banyuwangi,-8.2192,114.3691
2021-06-04,30.9,23.1,26.9,1.6,1.6,3.94,12.5,19.26,95,62,Banyuwangi,-8.2192,114.3691
2021-06-05,29.9,24.2,26.8,1.4,1.4,3.75,11.5,18.64,96,67,Banyuwangi,-8.2192,114.3691
2021-06-06,29.9,23.4,26.4,1.5,1.5,3.92,13.8,19.26,96,58,Banyuwangi,-8.2192,114.3691
2021-06-07,29.4,23.8,26.1,0.6,0.6,3.99,13.9,19.81,93,61,Banyuwangi,-8.2192,114.3691
2021-06-08,29.1,23.4,26.0,0.2,0.2,3.81,13.7,18.68,91,66,Banyuwangi,-8.2192,114.3691
2021-06-09,29.5,23.4,26.0,4.4,4.4,2.81,10.7,13.69,100,66,Banyuwangi,-8.2192,114.3691
2021-06-10,28.6,23.4,26.0,2.9,2.9,3.45,14.8,17.49,100,68,Banyuwangi,-8.2192,114.3691
2021-06-11,28.9,24.6,26.6,1.5,1.5,3.42,14.3,16.67,91,69,Banyuwangi,-8.2192,114.3691
2021-06-12,29.0,23.9,26.3,0.5,0.5,3.5,13.6,17.44,92,67,Banyuwangi,-8.2192,114.3691
2021-06-13,29.6,24.2,26.7,0.3,0.3,3.85,16.0,19.01,90,65,Banyuwangi,-8.2192,114.3691
2021-06-14,29.4,23.4,25.9,1.2,1.2,3.27,16.8,16.62,94,66,Banyuwangi,-8.2192,114.3691
2021-06-15,29.6,23.9,26.2,1.3,1.3,3.34,12.1,16.54,93,70,Banyuwangi,-8.2192,114.3691
2021-06-16,30.4,23.2,26.1,3.7,3.7,3.52,12.5,17.16,100,64,Banyuwangi,-8.2192,114.3691
2021-06-17,28.6,23.3,26.2,4.8,4.8,3.19,13.3,15.53,100,72,Banyuwangi,-8.2192,114.3691
2021-06-18,28.3,23.6,26.0,6.1,6.1,2.82,13.7,13.98,99,71,Banyuwangi,-8.2192,114.3691
2021-06-19,29.2,23.9,26.4,1.1,1.1,3.52,13.3,17.69,93,69,Banyuwangi,-8.2192,114.3691
2021-06-20,30.7,23.7,26.7,0.4,0.4,4.11,16.3,19.26,92,56,Banyuwangi,-8.2192,114.3691
2021-06-21,30.6,23.4,26.1,2.4,2.4,3.2,8.0,15.31,94,58,Banyuwangi,-8.2192,114.3691
2021-06-22,28.9,22.6,25.8,1.4,1.4,3.44,11.5,17.55,96,70,Banyuwangi,-8.2192,114.3691
2021-06-23,29.0,23.6,25.9,5.0,5.0,3.27,11.9,16.37,93,69,Banyuwangi,-8.2192,114.3691
2021-06-24,27.8,23.7,25.6,7.6,7.6,2.6,10.9,13.48,100,81,Banyuwangi,-8.2192,114.3691
2021-06-25,26.7,23.2,25.0,1.6,1.6,2.42,9.5,12.48,95,80,Banyuwangi,-8.2192,114.3691
2021-06-26,29.5,24.0,26.4,1.4,1.4,3.49,13.2,17.59,94,68,Banyuwangi,-8.2192,114.3691
2021-06-27,29.1,23.5,26.2,1.0,1.0,3.47,10.4,17.35,94,71,Banyuwangi,-8.2192,114.3691
2021-06-28,29.9,23.3,26.2,4.8,4.8,3.42,10.0,16.67,95,65,Banyuwangi,-8.2192,114.3691
2021-06-29,28.5,23.0,25.9,1.6,1.6,3.37,13.8,17.16,92,71,Banyuwangi,-8.2192,114.3691
2021-06-30,29.5,22.7,26.4,0.8,0.8,3.78,16.1,17.94,91,63,Banyuwangi,-8.2192,114.3691
2021-07-01,28.6,23.1,26.1,1.5,1.5,3.66,18.2,18.2,91,67,Banyuwangi,-8.2192,114.3691
2021-07-02,28.5,23.0,25.7,3.2,3.2,3.73,15.1,18.82,92,65,Banyuwangi,-8.2192,114.3691
2021-07-03,26.7,22.9,25.3,3.8,3.8,2.7,11.0,13.87,99,80,Banyuwangi,-8.2192,114.3691
2021-07-04,27.5,22.7,24.9,2.2,2.2,2.9,17.2,15.08,91,72,Banyuwangi,-8.2192,114.3691
2021-07-05,27.6,22.1,24.9,3.1,3.1,3.7,19.0,17.51,86,63,Banyuwangi,-8.2192,114.3691
2021-07-06,27.0,21.8,24.3,0.1,0.1,3.67,13.7,17.02,84,61,Banyuwangi,-8.2192,114.3691
2021-07-07,28.0,21.4,24.8,3.4,3.4,3.65,13.5,18.26,100,66,Banyuwangi,-8.2192,114.3691
2021-07-08,26.2,22.2,24.5,6.7,6.7,1.37,6.5,6.67,100,86,Banyuwangi,-8.2192,114.3691
2021-07-09,28.8,23.1,25.5,1.6,1.6,3.19,8.2,16.15,94,70,Banyuwangi,-8.2192,114.3691
2021-07-10,29.9,24.2,26.4,1.8,1.8,3.52,11.8,17.21,94,67,Banyuwangi,-8.2192,114.3691
2021-07-11,29.7,23.6,26.4,1.7,1.7,3.67,14.0,18.17,94,67,Banyuwangi,-8.2192,114.3691
2021-07-12,28.6,24.9,26.3,2.0,2.0,3.67,16.9,18.59,91,67,Banyuwangi,-8.2192,114.3691
2021-07-13,28.3,23.1,25.4,3.1,3.1,3.5,15.3,17.81,100,66,Banyuwangi,-8.2192,114.3691
2021-07-14,28.0,23.4,25.5,1.7,1.7,3.65,15.4,16.48,85,66,Banyuwangi,-8.2192,114.3691
2021-07-15,28.2,22.3,25.2,4.4,4.4,3.71,19.3,17.05,99,59,Banyuwangi,-8.2192,114.3691
2021-07-16,28.2,23.3,25.7,1.2,1.2,3.68,16.7,16.74,81,63,Banyuwangi,-8.2192,114.3691
2021-07-17,27.9,23.7,25.8,0.5,0.5,3.67,15.6,16.98,85,64,Banyuwangi,-8.2192,114.3691
2021-07-18,28.0,22.6,25.2,1.4,1.4,3.51,13.4,17.5,89,63,Banyuwangi,-8.2192,114.3691
2021-07-19,28.2,23.1,25.5,0.2,0.2,3.75,17.2,18.99,90,66,Banyuwangi,-8.2192,114.3691
2021-07-20,28.6,23.9,25.9,0.3,0.3,3.82,16.1,19.27,92,63,Banyuwangi,-8.2192,114.3691
2021-07-21,28.2,23.7,25.6,1.9,1.9,3.65,15.1,18.58,94,64,Banyuwangi,-8.2192,114.3691
2021-07-22,28.0,23.1,25.6,1.0,1.0,3.67,17.8,17.54,85,68,Banyuwangi,-8.2192,114.3691
2021-07-23,28.2,24.6,26.1,0.4,0.4,3.77,19.5,16.92,87,68,Banyuwangi,-8.2192,114.3691
2021-07-24,28.1,22.8,25.3,0.0,0.0,4.4,13.3,21.64,87,59,Banyuwangi,-8.2192,114.3691
2021-07-25,28.3,21.9,24.7,0.0,0.0,4.18,13.9,20.51,86,54,Banyuwangi,-8.2192,114.3691
2021-07-26,28.3,21.7,25.0,0.0,0.0,4.37,14.4,22.3,91,55,Banyuwangi,-8.2192,114.3691
2021-07-27,27.9,20.6,24.8,0.6,0.6,3.69,13.9,18.65,92,64,Banyuwangi,-8.2192,114.3691
2021-07-28,27.9,23.2,25.3,1.7,1.7,3.58,17.1,17.38,90,54,Banyuwangi,-8.2192,114.3691
2021-07-29,27.9,23.0,25.3,5.3,5.3,3.55,18.1,18.12,91,71,Banyuwangi,-8.2192,114.3691
2021-07-30,28.0,22.9,25.4,4.2,4.2,3.55,16.4,18.08,99,68,Banyuwangi,-8.2192,114.3691
2021-07-31,28.3,22.8,25.2,4.4,4.4,3.68,17.7,18.7,100,66,Banyuwangi,-8.2192,114.3691
2021-08-01,27.2,23.1,24.9,7.4,7.4,3.16,17.4,16.15,100,70,Banyuwangi,-8.2192,114.3691
2021-08-02,25.8,22.7,24.2,11.6,11.6,2.02,15.2,10.62,100,84,Banyuwangi,-8.2192,114.3691
2021-08-03,26.7,23.0,24.7,6.0,6.0,2.42,12.4,12.81,100,79,Banyuwangi,-8.2192,114.3691
2021-08-04,27.4,23.4,25.3,2.3,2.3,3.07,15.8,16.52,100,78,Banyuwangi,-8.2192,114.3691
2021-08-05,28.0,22.9,25.3,2.7,2.7,3.37,18.3,18.13,99,74,Banyuwangi,-8.2192,114.3691
2021-08-06,29.3,22.8,25.9,0.3,0.3,4.02,12.7,20.5,95,70,Banyuwangi,-8.2192,114.3691
2021-08-07,29.9,24.2,26.5,1.3,1.3,4.19,10.4,20.99,95,64,Banyuwangi,-8.2192,114.3691
2021-08-08,28.1,23.5,25.9,1.0,1.0,3.69,17.3,19.07,96,73,Banyuwangi,-8.2192,114.3691
2021-08-09,28.1,23.2,25.6,1.7,1.7,3.68,16.9,18.6,94,70,Banyuwangi,-8.2192,114.3691
2021-08-10,27.6,22.1,25.1,3.8,3.8,3.68,16.6,18.79,94,69,Banyuwangi,-8.2192,114.3691
2021-08-11,27.4,21.9,24.8,5.7,5.7,3.62,16.1,18.81,100,68,Banyuwangi,-8.2192,114.3691
2021-08-12,26.9,23.8,25.2,5.1,5.1,2.76,17.1,13.59,92,77,Banyuwangi,-8.2192,114.3691
2021-08-13,28.3,23.3,25.3,7.1,7.1,3.41,17.7,17.66,100,73,Banyuwangi,-8.2192,114.3691
2021-08-14,28.0,22.9,25.3,4.8,4.8,3.36,12.7,17.74,100,76,Banyuwangi,-8.2192,114.3691
2021-08-15,28.4,22.8,25.4,1.7,1.7,3.99,16.6,20.79,100,70,Banyuwangi,-8.2192,114.3691
2021-08-16,28.1,23.1,25.2,6.0,6.0,3.75,14.7,19.64,96,71,Banyuwangi,-8.2192,114.3691
2021-08-17,27.9,23.1,25.0,6.7,6.7,3.33,11.7,17.62,100,73,Banyuwangi,-8.2192,114.3691
2021-08-18,28.0,22.8,25.3,3.4,3.4,3.65,14.5,18.5,100,71,Banyuwangi,-8.2192,114.3691
2021-08-19,27.6,22.7,25.0,3.2,3.2,3.69,15.0,18.82,100,65,Banyuwangi,-8.2192,114.3691
2021-08-20,27.5,23.7,25.2,4.3,4.3,3.05,13.3,15.25,91,73,Banyuwangi,-8.2192,114.3691
2021-08-21,27.8,23.7,25.1,4.3,4.3,3.59,12.7,18.96,96,71,Banyuwangi,-8.2192,114.3691
2021-08-22,27.3,22.7,24.8,4.5,4.5,3.64,14.6,19.77,100,74,Banyuwangi,-8.2192,114.3691
2021-08-23,27.7,22.0,24.8,1.0,1.0,4.15,15.0,21.74,95,65,Banyuwangi,-8.2192,114.3691
2021-08-24,27.7,22.8,24.7,5.9,5.9,3.81,14.8,19.77,94,64,Banyuwangi,-8.2192,114.3691
2021-08-25,27.2,21.6,24.2,3.4,3.4,3.84,15.5,19.9,100,66,Banyuwangi,-8.2192,114.3691
2021-08-26,27.8,22.0,24.6,0.2,0.2,4.45,16.0,21.52,86,60,Banyuwangi,-8.2192,114.3691
2021-08-27,27.3,22.4,24.6,5.6,5.6,3.62,14.2,18.66,100,71,Banyuwangi,-8.2192,114.3691
2021-08-28,27.3,22.0,24.5,5.1,5.1,3.48,17.1,18.72,100,73,Banyuwangi,-8.2192,114.3691
2021-08-29,27.3,23.0,24.9,8.0,8.0,3.2,15.3,17.14,100,76,Banyuwangi,-8.2192,114.3691
2021-08-30,27.9,22.8,25.0,12.9,12.9,3.57,18.0,18.44,100,74,Banyuwangi,-8.2192,114.3691
2021-08-31,27.6,22.8,25.0,4.3,4.3,3.83,13.9,20.36,100,72,Banyuwangi,-8.2192,114.3691
2021-09-01,27.6,23.0,25.0,0.4,0.4,4.26,14.5,21.59,86,63,Banyuwangi,-8.2192,114.3691
2021-09-02,27.7,22.1,24.8,0.6,0.6,4.06,17.8,19.92,92,66,Banyuwangi,-8.2192,114.3691
2021-09-03,27.8,22.9,24.7,4.3,4.3,3.84,17.3,19.53,92,68,Banyuwangi,-8.2192,114.3691
2021-09-04,27.2,22.7,24.5,7.4,7.4,3.46,14.2,18.41,95,73,Banyuwangi,-8.2192,114.3691
2021-09-05,28.5,23.3,25.3,0.6,0.6,4.07,11.6,20.42,90,61,Banyuwangi,-8.2192,114.3691
2021-09-06,28.1,23.2,25.5,0.8,0.8,4.09,13.2,20.82,92,74,Banyuwangi,-8.2192,114.3691
2021-09-07,27.4,23.1,24.9,9.2,9.2,3.28,13.0,17.67,100,79,Banyuwangi,-8.2192,114.3691
2021-09-08,27.8,22.5,25.0,9.3,9.3,3.84,16.6,19.75,100,71,Banyuwangi,-8.2192,114.3691
2021-09-09,27.6,22.9,25.0,3.9,3.9,3.69,10.5,19.28,95,73,Banyuwangi,-8.2192,114.3691
2021-09-10,28.2,23.1,25.4,4.3,4.3,3.77,16.2,19.72,96,72,Banyuwangi,-8.2192,114.3691
2021-09-11,27.4,23.2,24.7,7.2,7.2,2.38,10.4,11.97,100,75,Banyuwangi,-8.2192,114.3691
2021-09-12,26.5,23.3,24.6,7.0,7.0,2.19,9.7,11.32,100,81,Banyuwangi,-8.2192,114.3691
2021-09-13,29.8,23.6,26.1,1.1,1.1,3.68,17.1,18.02,96,62,Banyuwangi,-8.2192,114.3691
2021-09-14,29.2,23.3,25.9,0.8,0.8,4.08,13.0,21.2,96,68,Banyuwangi,-8.2192,114.3691
2021-09-15,28.7,23.1,25.6,1.0,1.0,4.32,12.7,22.48,97,69,Banyuwangi,-8.2192,114.3691
2021-09-16,28.1,23.2,25.5,3.5,3.5,4.13,13.7,21.77,96,74,Banyuwangi,-8.2192,114.3691
2021-09-17,27.9,23.3,25.5,8.6,8.6,3.96,18.8,21.14,100,75,Banyuwangi,-8.2192,114.3691
2021-09-18,27.8,23.0,25.1,10.2,10.2,3.57,17.2,19.27,100,74,Banyuwangi,-8.2192,114.3691
2021-09-19,27.9,22.5,25.0,6.6,6.6,3.91,13.8,20.47,100,71,Banyuwangi,-8.2192,114.3691
2021-09-20,27.9,22.8,24.9,4.0,4.0,3.92,13.7,20.19,100,71,Banyuwangi,-8.2192,114.3691
2021-09-21,28.1,23.0,25.3,0.7,0.7,2.58,8.4,12.69,100,77,Banyuwangi,-8.2192,114.3691
2021-09-22,29.9,22.8,26.0,1.8,1.8,4.66,13.3,23.71,93,64,Banyuwangi,-8.2192,114.3691
2021-09-23,28.5,23.2,25.7,5.1,5.1,4.02,11.3,20.63,100,73,Banyuwangi,-8.2192,114.3691
2021-09-24,29.4,23.7,25.9,0.6,0.6,3.1,11.5,15.18,95,69,Banyuwangi,-8.2192,114.3691
2021-09-25,27.9,23.5,25.8,0.7,0.7,4.19,18.0,21.62,95,69,Banyuwangi,-8.2192,114.3691
2021-09-26,28.3,23.7,25.9,2.5,2.5,4.1,17.6,21.03,92,71,Banyuwangi,-8.2192,114.3691
2021-09-27,28.1,23.5,25.6,1.1,1.1,4.66,14.3,23.31,88,64,Banyuwangi,-8.2192,114.3691
2021-09-28,27.9,23.3,25.4,0.7,0.7,4.1,16.2,19.81,88,67,Banyuwangi,-8.2192,114.3691
2021-09-29,28.5,23.0,25.8,0.0,0.0,4.41,13.7,21.82,87,68,Banyuwangi,-8.2192,114.3691
2021-09-30,28.3,23.8,25.7,1.5,1.5,3.9,17.3,20.34,94,71,Banyuwangi,-8.2192,114.3691
2021-10-01,28.3,23.6,25.4,3.8,3.8,4.19,14.3,22.02,96,74,Banyuwangi,-8.2192,114.3691
2021-10-02,28.9,22.3,25.4,0.6,0.6,4.53,13.5,23.07,95,69,Banyuwangi,-8.2192,114.3691
2021-10-03,28.0,23.5,25.4,5.6,5.6,4.02,15.5,20.93,94,71,Banyuwangi,-8.2192,114.3691
2021-10-04,28.1,23.0,25.1,4.0,4.0,3.66,13.5,18.55,96,72,Banyuwangi,-8.2192,114.3691
2021-10-05,27.2,22.6,24.6,6.0,6.0,3.37,17.6,17.93,100,77,Banyuwangi,-8.2192,114.3691
2021-10-06,27.7,22.7,24.7,1.3,1.3,3.52,15.1,16.77,91,65,Banyuwangi,-8.2192,114.3691
2021-10-07,27.5,22.2,24.8,0.0,0.0,4.38,15.3,21.5,88,64,Banyuwangi,-8.2192,114.3691
2021-10-08,28.1,22.6,25.1,1.2,1.2,4.24,14.0,21.68,92,71,Banyuwangi,-8.2192,114.3691
2021-10-09,28.3,23.4,25.6,1.4,1.4,4.43,15.3,22.91,91,68,Banyuwangi,-8.2192,114.3691
2021-10-10,28.2,23.2,25.4,3.0,3.0,4.22,14.5,21.9,100,67,Banyuwangi,-8.2192,114.3691
2021-10-11,28.7,22.9,25.5,0.0,0.0,5.03,19.9,25.02,90,65,Banyuwangi,-8.2192,114.3691
2021-10-12,29.8,22.5,25.6,0.0,0.0,5.36,17.6,26.06,92,64,Banyuwangi,-8.2192,114.3691
2021-10-13,28.8,22.4,25.5,0.0,0.0,5.25,17.1,25.39,88,58,Banyuwangi,-8.2192,114.3691
2021-10-14,28.6,23.1,25.7,0.2,0.2,4.78,18.1,23.03,89,62,Banyuwangi,-8.2192,114.3691
2021-10-15,29.7,22.8,26.1,0.0,0.0,4.76,16.2,23.16,89,62,Banyuwangi,-8.2192,114.3691
2021-10-16,29.9,24.2,26.7,1.0,1.0,4.9,16.1,24.33,93,65,Banyuwangi,-8.2192,114.3691
2021-10-17,29.1,24.4,26.7,0.6,0.6,4.22,12.4,21.05,92,70,Banyuwangi,-8.2192,114.3691
2021-10-18,31.7,24.3,27.2,4.9,4.9,4.78,11.3,23.03,98,58,Banyuwangi,-8.2192,114.3691
2021-10-19,30.2,23.8,26.0,2.2,2.2,4.44,12.5,22.77,97,70,Banyuwangi,-8.2192,114.3691
2021-10-20,30.1,24.1,26.7,0.4,0.4,4.58,14.5,22.49,97,68,Banyuwangi,-8.2192,114.3691
2021-10-21,30.1,24.8,27.0,2.0,2.0,4.74,15.3,23.41,95,65,Banyuwangi,-8.2192,114.3691
2021-10-22,29.9,24.2,26.7,3.9,3.9,4.56,16.3,22.93,100,68,Banyuwangi,-8.2192,114.3691
2021-10-23,30.7,24.0,27.2,0.3,0.3,5.34,20.7,25.39,90,65,Banyuwangi,-8.2192,114.3691
2021-10-24,31.3,23.2,27.0,0.0,0.0,5.76,21.3,26.39,86,58,Banyuwangi,-8.2192,114.3691
2021-10-25,31.0,23.5,27.0,0.3,0.3,5.62,19.2,26.07,86,55,Banyuwangi,-8.2192,114.3691
2021-10-26,31.1,24.3,27.2,0.7,0.7,5.12,16.5,23.97,91,57,Banyuwangi,-8.2192,114.3691
2021-10-27,29.3,24.1,26.3,1.0,1.0,3.47,11.9,16.95,92,70,Banyuwangi,-8.2192,114.3691
2021-10-28,29.2,24.5,26.6,0.8,0.8,4.12,13.7,20.89,94,72,Banyuwangi,-8.2192,114.3691
2021-10-29,28.9,24.3,26.1,2.4,2.4,3.84,13.7,19.45,97,75,Banyuwangi,-8.2192,114.3691
2021-10-30,29.0,23.3,25.9,1.6,1.6,3.51,12.6,17.47,96,74,Banyuwangi,-8.2192,114.3691
2021-10-31,28.8,22.9,25.9,13.5,13.5,3.69,12.7,18.45,100,74,Banyuwangi,-8.2192,114.3691
2021-11-01,29.7,22.2,25.3,0.6,0.6,3.27,9.7,16.11,100,71,Banyuwangi,-8.2192,114.3691
2021-11-02,28.6,24.1,25.4,9.4,9.4,3.59,12.1,18.65,96,76,Banyuwangi,-8.2192,114.3691
2021-11-03,29.9,23.4,26.5,0.0,0.0,4.66,19.1,23.22,94,68,Banyuwangi,-8.2192,114.3691
2021-11-04,28.4,23.9,25.4,5.0,5.0,3.17,13.5,15.79,100,76,Banyuwangi,-8.2192,114.3691
2021-11-05,31.6,22.9,26.8,0.8,0.8,4.8,13.6,23.09,95,59,Banyuwangi,-8.2192,114.3691
2021-11-06,31.7,24.7,27.4,0.9,0.9,4.74,15.3,22.76,91,59,Banyuwangi,-8.2192,114.3691
2021-11-07,31.3,23.9,27.1,2.3,2.3,4.89,13.6,23.65,96,63,Banyuwangi,-8.2192,114.3691
2021-11-08,30.2,23.2,26.4,8.5,8.5,4.11,17.0,20.48,95,68,Banyuwangi,-8.2192,114.3691
2021-11-09,30.4,24.9,27.0,2.3,2.3,4.18,10.9,20.05,94,68,Banyuwangi,-8.2192,114.3691
2021-11-10,29.1,23.6,25.5,20.5,20.5,3.45,14.0,18.14,97,74,Banyuwangi,-8.2192,114.3691
2021-11-11,29.2,23.1,25.0,19.4,19.4,2.47,15.3,12.76,100,74,Banyuwangi,-8.2192,114.3691
2021-11-12,29.6,23.8,26.0,4.4,4.4,3.16,13.5,15.08,96,73,Banyuwangi,-8.2192,114.3691
2021-11-13,30.2,24.6,27.1,0.4,0.4,4.54,13.3,21.33,87,62,Banyuwangi,-8.2192,114.3691
2021-11-14,28.6,24.6,26.1,1.2,1.2,2.7,8.4,12.49,90,74,Banyuwangi,-8.2192,114.3691
2021-11-15,30.9,23.1,25.8,12.5,12.5,3.36,11.5,16.02,100,61,Banyuwangi,-8.2192,114.3691
2021-11-16,27.8,22.7,25.2,6.0,6.0,2.1,6.2,10.22,100,79,Banyuwangi,-8.2192,114.3691
2021-11-17,31.2,23.2,26.4,4.1,4.1,4.09,10.6,19.9,94,62,Banyuwangi,-8.2192,114.3691
2021-11-18,30.3,22.7,26.2,14.3,14.3,4.92,14.7,24.67,100,65,Banyuwangi,-8.2192,114.3691
2021-11-19,30.1,23.2,25.8,5.6,5.6,4.27,13.7,21.76,100,68,Banyuwangi,-8.2192,114.3691
2021-11-20,27.8,23.5,25.0,10.3,10.3,2.19,16.3,11.31,100,83,Banyuwangi,-8.2192,114.3691
2021-11-21,29.6,23.3,25.9,10.3,10.3,3.49,10.8,17.24,97,75,Banyuwangi,-8.2192,114.3691
2021-11-22,31.4,23.5,26.5,3.8,3.8,4.26,16.1,20.88,97,65,Banyuwangi,-8.2192,114.3691
2021-11-23,29.7,23.9,26.0,1.4,1.4,3.38,8.6,16.33,96,73,Banyuwangi,-8.2192,114.3691
2021-11-24,30.3,23.0,26.0,5.5,5.5,4.09,11.6,20.63,94,70,Banyuwangi,-8.2192,114.3691
2021-11-25,28.9,22.9,25.9,6.0,6.0,3.93,14.7,20.38,95,75,Banyuwangi,-8.2192,114.3691
2021-11-26,29.0,23.9,26.0,9.6,9.6,3.6,10.1,18.07,100,75,Banyuwangi,-8.2192,114.3691
2021-11-27,29.6,23.4,26.2,10.1,10.1,3.96,10.9,19.87,100,74,Banyuwangi,-8.2192,114.3691
2021-11-28,28.7,22.8,25.1,32.3,32.3,3.01,11.9,15.4,100,74,Banyuwangi,-8.2192,114.3691
2021-11-29,28.5,22.3,24.8,17.4,17.4,3.47,9.4,16.93,100,68,Banyuwangi,-8.2192,114.3691
2021-11-30,29.4,23.5,25.1,18.6,18.6,2.83,11.2,14.1,100,70,Banyuwangi,-8.2192,114.3691
2021-12-01,26.2,22.5,24.5,14.7,14.7,1.9,7.2,9.28,100,87,Banyuwangi,-8.2192,114.3691
2021-12-02,30.2,23.2,25.6,9.4,9.4,3.82,10.5,19.08,100,72,Banyuwangi,-8.2192,114.3691
2021-12-03,30.1,24.0,26.3,4.5,4.5,4.17,9.1,20.82,96,69,Banyuwangi,-8.2192,114.3691
2021-12-04,29.7,24.1,26.5,8.5,8.5,4.2,17.9,21.22,100,73,Banyuwangi,-8.2192,114.3691
2021-12-05,29.8,23.8,26.3,3.6,3.6,3.75,12.6,18.46,97,73,Banyuwangi,-8.2192,114.3691
2021-12-06,26.9,23.7,25.5,23.1,23.1,1.61,13.0,7.91,100,86,Banyuwangi,-8.2192,114.3691
2021-12-07,30.9,23.9,26.9,3.8,3.8,3.59,9.0,17.03,94,67,Banyuwangi,-8.2192,114.3691
2021-12-08,31.6,23.8,26.5,2.9,2.9,5.05,11.2,25.14,96,61,Banyuwangi,-8.2192,114.3691
2021-12-09,32.1,23.8,27.3,0.8,0.8,5.53,17.9,25.95,93,57,Banyuwangi,-8.2192,114.3691
2021-12-10,31.8,24.2,27.3,2.5,2.5,4.94,13.7,23.39,88,62,Banyuwangi,-8.2192,114.3691
2021-12-11,30.5,24.7,26.7,12.4,12.4,4.24,11.0,20.5,94,66,Banyuwangi,-8.2192,114.3691
2021-12-12,32.6,24.7,27.1,13.4,13.4,4.74,15.2,22.47,95,55,Banyuwangi,-8.2192,114.3691
2021-12-13,31.4,24.2,27.5,0.3,0.3,5.1,12.5,24.65,96,64,Banyuwangi,-8.2192,114.3691
2021-12-14,30.0,24.2,26.3,16.6,16.6,4.27,12.1,21.98,97,72,Banyuwangi,-8.2192,114.3691
2021-12-15,30.5,23.8,25.9,13.9,13.9,3.52,9.6,17.71,100,71,Banyuwangi,-8.2192,114.3691
2021-12-16,30.8,23.5,26.7,6.5,6.5,4.44,10.1,22.19,100,70,Banyuwangi,-8.2192,114.3691
2021-12-17,30.8,23.7,26.8,1.2,1.2,4.42,11.2,22.01,95,68,Banyuwangi,-8.2192,114.3691
2021-12-18,31.6,23.4,26.9,3.9,3.9,5.03,17.1,24.86,95,63,Banyuwangi,-8.2192,114.3691
2021-12-19,31.0,24.3,26.3,8.2,8.2,3.74,13.5,18.55,100,66,Banyuwangi,-8.2192,114.3691
2021-12-20,29.9,23.5,25.8,8.4,8.4,3.6,13.2,18.09,100,73,Banyuwangi,-8.2192,114.3691
2021-12-21,30.6,24.0,26.8,1.5,1.5,3.75,27.1,18.77,100,68,Banyuwangi,-8.2192,114.3691
2021-12-22,30.0,24.8,27.4,0.7,0.7,2.57,6.6,11.82,93,70,Banyuwangi,-8.2192,114.3691
2021-12-23,31.3,23.9,26.5,20.2,20.2,3.69,8.9,18.25,95,69,Banyuwangi,-8.2192,114.3691
2021-12-24,30.7,22.7,25.9,3.4,3.4,4.36,7.9,21.65,97,68,Banyuwangi,-8.2192,114.3691
2021-12-25,31.8,22.9,26.5,5.4,5.4,4.16,9.5,20.33,97,65,Banyuwangi,-8.2192,114.3691
2021-12-26,32.1,22.9,27.4,0.1,0.1,5.23,19.1,23.72,92,61,Banyuwangi,-8.2192,114.3691
2021-12-27,31.4,25.3,27.8,2.0,2.0,5.13,16.5,23.46,88,64,Banyuwangi,-8.2192,114.3691
2021-12-28,32.6,24.5,27.1,9.6,9.6,4.56,16.5,21.16,93,59,Banyuwangi,-8.2192,114.3691
2021-12-29,30.5,23.1,26.5,9.4,9.4,3.97,10.4,19.94,97,68,Banyuwangi,-8.2192,114.3691
2021-12-30,29.3,23.2,25.6,15.1,15.1,3.5,13.3,18.05,99,75,Banyuwangi,-8.2192,114.3691
2021-12-31,30.9,23.7,25.9,4.8,4.8,3.56,10.7,17.46,98,63,Banyuwangi,-8.2192,114.3691
2022-01-01,29.7,23.8,25.8,3.7,3.7,3.39,12.3,16.73,97,65,Banyuwangi,-8.2192,114.3691
2022-01-02,28.2,23.4,25.1,20.9,20.9,2.74,6.8,13.83,97,80,Banyuwangi,-8.2192,114.3691
2022-01-03,29.4,23.7,26.0,2.3,2.3,3.41,13.8,16.16,96,63,Banyuwangi,-8.2192,114.3691
2022-01-04,29.9,24.5,26.1,4.4,4.4,3.49,11.4,15.93,88,66,Banyuwangi,-8.2192,114.3691
2022-01-05,29.4,24.0,25.9,1.6,1.6,3.57,9.2,17.81,94,67,Banyuwangi,-8.2192,114.3691
2022-01-06,30.9,22.9,26.3,1.9,1.9,3.8,8.8,18.0,92,55,Banyuwangi,-8.2192,114.3691
2022-01-07,30.5,22.2,24.9,18.6,18.6,3.56,15.0,18.69,100,63,Banyuwangi,-8.2192,114.3691
2022-01-08,30.5,21.9,25.8,0.1,0.1,4.29,12.8,20.87,97,58,Banyuwangi,-8.2192,114.3691
2022-01-09,30.7,23.5,25.9,26.1,26.1,4.07,9.6,19.86,100,58,Banyuwangi,-8.2192,114.3691
2022-01-10,29.9,23.2,25.8,16.4,16.4,4.07,16.3,21.02,100,67,Banyuwangi,-8.2192,114.3691
2022-01-11,26.9,23.6,25.0,7.6,7.6,2.26,13.8,11.47,100,83,Banyuwangi,-8.2192,114.3691
2022-01-12,30.4,22.8,25.8,2.6,2.6,3.54,8.9,17.18,100,66,Banyuwangi,-8.2192,114.3691
2022-01-13,31.6,23.4,26.4,9.4,9.4,4.7,11.2,23.19,96,61,Banyuwangi,-8.2192,114.3691
2022-01-14,31.6,23.6,26.7,2.2,2.2,4.67,9.8,22.85,94,64,Banyuwangi,-8.2192,114.3691
2022-01-15,29.7,24.1,25.8,4.8,4.8,3.44,12.2,16.79,100,68,Banyuwangi,-8.2192,114.3691
2022-01-16,31.0,24.1,26.5,5.2,5.2,4.14,14.2,20.13,100,66,Banyuwangi,-8.2192,114.3691
2022-01-17,30.6,23.7,25.9,12.0,12.0,3.54,8.9,17.36,99,64,Banyuwangi,-8.2192,114.3691
2022-01-18,27.6,22.4,24.7,8.1,8.1,2.3,8.3,11.61,100,83,Banyuwangi,-8.2192,114.3691
2022-01-19,29.3,22.8,24.7,8.8,8.8,3.32,9.8,17.16,100,74,Banyuwangi,-8.2192,114.3691
2022-01-20,28.0,22.5,24.9,7.6,7.6,2.61,8.7,13.21,100,80,Banyuwangi,-8.2192,114.3691
2022-01-21,29.4,23.0,25.4,2.1,2.1,3.28,12.2,16.22,100,68,Banyuwangi,-8.2192,114.3691
2022-01-22,30.0,22.4,25.6,19.1,19.1,3.74,14.3,18.73,94,66,Banyuwangi,-8.2192,114.3691
2022-01-23,30.8,22.9,26.6,1.5,1.5,4.98,14.2,24.43,93,65,Banyuwangi,-8.2192,114.3691
2022-01-24,33.9,23.9,27.8,0.0,0.0,5.81,11.5,27.31,96,42,Banyuwangi,-8.2192,114.3691
2022-01-25,32.1,24.0,27.1,0.4,0.4,4.77,11.2,22.79,91,58,Banyuwangi,-8.2192,114.3691
2022-01-26,30.3,23.9,26.8,0.1,0.1,3.92,10.6,18.54,91,61,Banyuwangi,-8.2192,114.3691
2022-01-27,30.7,24.0,26.6,5.4,5.4,3.64,8.9,17.52,91,68,Banyuwangi,-8.2192,114.3691
2022-01-28,29.5,23.4,25.7,12.1,12.1,3.22,12.0,16.25,97,75,Banyuwangi,-8.2192,114.3691
2022-01-29,31.8,24.0,26.5,4.5,4.5,4.16,11.6,20.3,97,60,Banyuwangi,-8.2192,114.3691
2022-01-30,30.3,23.7,25.6,11.5,11.5,3.56,15.0,18.32,100,71,Banyuwangi,-8.2192,114.3691
2022-01-31,30.8,24.2,26.6,2.3,2.3,4.7,11.6,22.83,88,61,Banyuwangi,-8.2192,114.3691
2022-02-01,30.4,24.7,26.4,5.3,5.3,4.38,14.6,21.02,94,58,Banyuwangi,-8.2192,114.3691
2022-02-02,31.0,23.7,26.7,0.6,0.6,4.92,17.6,24.33,95,62,Banyuwangi,-8.2192,114.3691
2022-02-03,31.9,23.1,26.8,0.3,0.3,5.02,7.8,24.45,92,59,Banyuwangi,-8.2192,114.3691
2022-02-04,29.9,23.4,26.2,2.0,2.0,4.5,9.5,22.56,94,69,Banyuwangi,-8.2192,114.3691
2022-02-05,29.4,23.6,25.6,7.3,7.3,3.57,8.5,17.85,98,70,Banyuwangi,-8.2192,114.3691
2022-02-06,30.8,23.7,26.4,4.9,4.9,4.24,15.8,21.0,100,63,Banyuwangi,-8.2192,114.3691
2022-02-07,30.0,23.3,26.2,4.3,4.3,4.24,12.2,21.17,100,73,Banyuwangi,-8.2192,114.3691
2022-02-08,31.9,24.0,26.9,0.8,0.8,4.49,12.8,21.34,94,56,Banyuwangi,-8.2192,114.3691
2022-02-09,31.1,23.4,26.3,6.3,6.3,3.75,8.4,18.27,96,65,Banyuwangi,-8.2192,114.3691
2022-02-10,28.9,24.2,25.8,4.6,4.6,2.93,13.7,14.2,100,70,Banyuwangi,-8.2192,114.3691
2022-02-11,29.9,24.1,26.1,1.9,1.9,3.53,11.3,17.24,93,67,Banyuwangi,-8.2192,114.3691
2022-02-12,29.6,24.7,26.7,0.6,0.6,3.96,20.8,18.29,94,67,Banyuwangi,-8.2192,114.3691
2022-02-13,29.8,23.8,26.0,2.6,2.6,3.64,16.6,18.11,100,72,Banyuwangi,-8.2192,114.3691
2022-02-14,27.7,22.5,25.0,18.8,18.8,2.73,9.4,13.62,100,81,Banyuwangi,-8.2192,114.3691
2022-02-15,29.2,22.5,25.5,28.7,28.7,4.03,11.5,20.82,100,75,Banyuwangi,-8.2192,114.3691
2022-02-16,29.7,23.3,26.1,0.9,0.9,4.63,16.9,23.38,91,70,Banyuwangi,-8.2192,114.3691
2022-02-17,29.4,23.5,26.6,1.6,1.6,4.82,23.7,24.73,94,71,Banyuwangi,-8.2192,114.3691
2022-02-18,29.3,23.8,26.3,0.6,0.6,4.39,25.3,22.95,96,69,Banyuwangi,-8.2192,114.3691
2022-02-19,31.6,24.7,27.0,9.0,9.0,4.76,13.7,23.35,98,64,Banyuwangi,-8.2192,114.3691
2022-02-20,30.9,22.6,25.9,3.1,3.1,4.23,8.7,21.29,95,68,Banyuwangi,-8.2192,114.3691
2022-02-21,30.4,23.0,25.6,6.5,6.5,2.74,15.2,12.42,100,64,Banyuwangi,-8.2192,114.3691
2022-02-22,29.7,22.6,25.4,7.7,7.7,3.19,22.1,15.73,100,70,Banyuwangi,-8.2192,114.3691
2022-02-23,29.8,23.4,25.3,4.0,4.0,3.48,18.5,17.9,94,70,Banyuwangi,-8.2192,114.3691
2022-02-24,29.1,22.8,25.3,9.6,9.6,4.33,10.0,22.52,95,71,Banyuwangi,-8.2192,114.3691
2022-02-25,29.9,23.0,25.8,3.2,3.2,4.27,11.6,21.81,94,68,Banyuwangi,-8.2192,114.3691
2022-02-26,29.1,23.6,25.4,13.5,13.5,3.09,11.2,15.41,100,72,Banyuwangi,-8.2192,114.3691
2022-02-27,28.8,23.1,25.8,0.3,0.3,3.17,12.8,15.38,95,75,Banyuwangi,-8.2192,114.3691
2022-02-28,29.9,23.3,26.0,2.0,2.0,3.76,12.3,18.47,89,72,Banyuwangi,-8.2192,114.3691
2022-03-01,29.9,23.8,25.4,11.2,11.2,3.29,11.6,16.3,100,74,Banyuwangi,-8.2192,114.3691
2022-03-02,30.0,23.9,26.0,3.1,3.1,3.85,11.2,18.96,95,68,Banyuwangi,-8.2192,114.3691
2022-03-03,29.2,23.8,26.0,3.5,3.5,3.9,11.4,19.31,94,70,Banyuwangi,-8.2192,114.3691
2022-03-04,29.6,24.0,25.8,11.3,11.3,3.28,11.7,16.45,96,72,Banyuwangi,-8.2192,114.3691
2022-03-05,31.5,24.0,27.3,0.3,0.3,5.31,16.3,24.79,96,60,Banyuwangi,-8.2192,114.3691
2022-03-06,30.2,24.3,26.6,1.6,1.6,4.31,16.9,20.85,89,69,Banyuwangi,-8.2192,114.3691
2022-03-07,29.8,23.8,26.0,6.8,6.8,3.89,10.9,19.7,100,74,Banyuwangi,-8.2192,114.3691
2022-03-08,30.2,22.9,25.8,2.0,2.0,4.48,14.5,23.26,100,70,Banyuwangi,-8.2192,114.3691
2022-03-09,30.2,22.7,25.7,26.1,26.1,3.9,9.8,19.48,100,70,Banyuwangi,-8.2192,114.3691
2022-03-10,30.5,23.6,25.5,16.5,16.5,3.63,13.0,18.69,100,71,Banyuwangi,-8.2192,114.3691
2022-03-11,29.2,24.1,26.2,9.0,9.0,3.8,23.0,20.14,96,71,Banyuwangi,-8.2192,114.3691
2022-03-12,30.4,24.3,26.7,3.5,3.5,4.19,25.0,21.62,99,71,Banyuwangi,-8.2192,114.3691
2022-03-13,30.5,24.1,26.5,3.7,3.7,4.0,12.7,20.03,96,69,Banyuwangi,-8.2192,114.3691
2022-03-14,30.6,23.7,26.0,23.9,23.9,3.91,8.2,19.61,100,69,Banyuwangi,-8.2192,114.3691
2022-03-15,30.7,22.9,26.3,18.4,18.4,4.2,11.5,20.99,100,69,Banyuwangi,-8.2192,114.3691
2022-03-16,29.8,23.5,26.4,5.2,5.2,4.03,10.6,20.24,100,75,Banyuwangi,-8.2192,114.3691
2022-03-17,30.5,23.8,27.0,0.7,0.7,4.73,12.9,23.69,92,70,Banyuwangi,-8.2192,114.3691
2022-03-18,30.0,24.0,26.9,0.2,0.2,4.31,11.9,21.68,94,73,Banyuwangi,-8.2192,114.3691
2022-03-19,29.1,23.9,25.7,12.6,12.6,3.73,12.1,19.55,100,77,Banyuwangi,-8.2192,114.3691
2022-03-20,30.1,23.5,26.1,3.0,3.0,3.75,17.3,18.91,100,70,Banyuwangi,-8.2192,114.3691
2022-03-21,28.9,23.8,25.8,16.5,16.5,3.32,15.6,17.42,97,76,Banyuwangi,-8.2192,114.3691
2022-03-22,29.4,24.0,26.2,1.3,1.3,4.07,24.9,21.73,100,71,Banyuwangi,-8.2192,114.3691
2022-03-23,29.4,24.0,26.1,2.4,2.4,4.05,10.9,20.54,98,74,Banyuwangi,-8.2192,114.3691
2022-03-24,31.5,24.0,26.3,11.8,11.8,4.06,13.1,19.88,100,61,Banyuwangi,-8.2192,114.3691
2022-03-25,31.3,22.3,26.5,10.4,10.4,4.41,11.0,21.48,100,61,Banyuwangi,-8.2192,114.3691
2022-03-26,31.7,24.9,27.3,3.0,3.0,4.55,11.8,22.15,94,58,Banyuwangi,-8.2192,114.3691
2022-03-27,29.5,23.9,25.9,16.5,16.5,3.71,12.4,19.32,96,77,Banyuwangi,-8.2192,114.3691
2022-03-28,29.7,22.9,26.3,9.7,9.7,4.19,16.6,21.07,100,67,Banyuwangi,-8.2192,114.3691
2022-03-29,31.1,22.7,26.0,2.9,2.9,4.11,12.4,20.22,96,61,Banyuwangi,-8.2192,114.3691
2022-03-30,30.9,23.5,27.0,1.5,1.5,4.56,6.9,22.36,91,66,Banyuwangi,-8.2192,114.3691
2022-03-31,30.5,23.6,26.8,0.7,0.7,4.68,13.6,22.56,91,66,Banyuwangi,-8.2192,114.3691
2022-04-01,28.8,24.2,26.0,2.0,2.0,3.63,8.1,18.36,93,77,Banyuwangi,-8.2192,114.3691
2022-04-02,29.6,24.3,26.0,2.6,2.6,3.81,9.1,19.36,93,73,Banyuwangi,-8.2192,114.3691
2022-04-03,30.2,22.4,25.5,14.8,14.8,4.31,12.4,22.2,100,72,Banyuwangi,-8.2192,114.3691
2022-04-04,30.7,22.2,25.7,2.1,2.1,4.54,13.6,23.03,97,65,Banyuwangi,-8.2192,114.3691
2022-04-05,30.2,21.4,25.9,0.7,0.7,4.75,12.7,23.62,93,66,Banyuwangi,-8.2192,114.3691
2022-04-06,29.6,23.4,25.7,9.5,9.5,4.05,13.1,20.72,96,71,Banyuwangi,-8.2192,114.3691
2022-04-07,30.0,23.4,26.1,1.0,1.0,4.1,13.5,20.4,98,70,Banyuwangi,-8.2192,114.3691
2022-04-08,31.4,23.4,26.7,0.9,0.9,4.46,12.2,21.64,91,66,Banyuwangi,-8.2192,114.3691
2022-04-09,30.9,23.0,26.4,2.6,2.6,4.35,13.9,21.68,97,69,Banyuwangi,-8.2192,114.3691
2022-04-10,30.7,23.4,26.5,0.4,0.4,4.64,11.9,22.22,88,62,Banyuwangi,-8.2192,114.3691
2022-04-11,30.5,23.5,26.7,0.0,0.0,5.01,12.6,23.81,88,61,Banyuwangi,-8.2192,114.3691
2022-04-12,30.4,22.1,26.2,0.0,0.0,5.08,11.1,23.48,79,60,Banyuwangi,-8.2192,114.3691
2022-04-13,30.4,23.3,26.6,0.0,0.0,4.81,11.2,22.58,88,59,Banyuwangi,-8.2192,114.3691
2022-04-14,30.5,22.4,26.7,0.0,0.0,4.89,12.7,23.22,87,63,Banyuwangi,-8.2192,114.3691
2022-04-15,31.6,23.8,27.0,2.1,2.1,4.72,13.5,21.99,89,61,Banyuwangi,-8.2192,114.3691
2022-04-16,30.6,24.1,26.6,1.9,1.9,3.89,10.8,19.27,93,68,Banyuwangi,-8.2192,114.3691
2022-04-17,30.4,24.1,26.8,1.4,1.4,3.93,14.2,19.36,92,71,Banyuwangi,-8.2192,114.3691
2022-04-18,29.2,24.1,26.5,1.3,1.3,3.18,16.5,15.65,95,74,Banyuwangi,-8.2192,114.3691
2022-04-19,28.5,23.4,25.9,12.9,12.9,3.14,20.0,15.29,100,77,Banyuwangi,-8.2192,114.3691
2022-04-20,26.9,24.2,25.3,8.2,8.2,1.65,17.0,8.13,100,83,Banyuwangi,-8.2192,114.3691
2022-04-21,30.2,23.2,26.3,8.1,8.1,3.94,18.6,19.66,100,68,Banyuwangi,-8.2192,114.3691
2022-04-22,29.8,23.0,26.2,0.2,0.2,4.03,12.4,20.12,100,68,Banyuwangi,-8.2192,114.3691
2022-04-23,30.5,24.0,26.6,4.6,4.6,3.99,14.3,19.79,96,70,Banyuwangi,-8.2192,114.3691
2022-04-24,29.7,23.3,26.3,2.5,2.5,3.66,10.7,18.5,95,74,Banyuwangi,-8.2192,114.3691
2022-04-25,29.7,24.0,26.5,2.9,2.9,4.07,11.3,20.48,93,71,Banyuwangi,-8.2192,114.3691
2022-04-26,31.3,23.8,26.9,0.3,0.3,4.21,20.5,19.6,89,58,Banyuwangi,-8.2192,114.3691
2022-04-27,31.0,23.3,27.0,0.0,0.0,4.44,22.5,19.56,89,60,Banyuwangi,-8.2192,114.3691
2022-04-28,29.5,24.2,26.3,1.6,1.6,3.0,16.6,14.82,98,71,Banyuwangi,-8.2192,114.3691
2022-04-29,30.5,24.7,27.5,0.0,0.0,4.19,23.2,19.39,95,68,Banyuwangi,-8.2192,114.3691
2022-04-30,30.9,24.5,27.1,3.6,3.6,4.13,19.1,19.81,94,65,Banyuwangi,-8.2192,114.3691
2022-05-01,30.3,24.9,27.3,1.3,1.3,4.07,18.7,19.92,88,68,Banyuwangi,-8.2192,114.3691
2022-05-02,30.3,24.6,27.0,2.2,2.2,4.17,11.9,20.54,94,68,Banyuwangi,-8.2192,114.3691
2022-05-03,30.5,24.0,27.2,0.7,0.7,4.04,13.7,19.32,93,67,Banyuwangi,-8.2192,114.3691
2022-05-04,30.1,24.4,26.7,1.3,1.3,4.0,12.1,19.41,93,68,Banyuwangi,-8.2192,114.3691
2022-05-05,29.3,24.3,26.5,1.4,1.4,3.34,10.2,16.43,93,71,Banyuwangi,-8.2192,114.3691
2022-05-06,29.5,24.0,26.6,1.4,1.4,3.55,12.4,17.56,93,71,Banyuwangi,-8.2192,114.3691
2022-05-07,31.3,24.5,27.2,1.3,1.3,4.06,12.8,19.33,93,62,Banyuwangi,-8.2192,114.3691
2022-05-08,30.7,23.0,27.0,7.1,7.1,4.02,16.2,19.52,100,66,Banyuwangi,-8.2192,114.3691
2022-05-09,30.8,24.4,27.3,1.0,1.0,3.69,10.7,17.92,91,66,Banyuwangi,-8.2192,114.3691
2022-05-10,30.1,24.4,27.2,0.7,0.7,3.57,9.4,17.53,90,69,Banyuwangi,-8.2192,114.3691
2022-05-11,31.3,26.0,28.2,0.3,0.3,3.97,9.2,18.83,88,63,Banyuwangi,-8.2192,114.3691
2022-05-12,30.3,24.9,27.1,2.2,2.2,3.75,13.6,18.1,94,67,Banyuwangi,-8.2192,114.3691
2022-05-13,30.8,23.7,26.7,4.5,4.5,3.56,6.7,17.76,100,71,Banyuwangi,-8.2192,114.3691
2022-05-14,31.5,24.2,27.1,2.6,2.6,4.19,12.9,20.07,93,60,Banyuwangi,-8.2192,114.3691
2022-05-15,30.6,24.3,27.3,0.0,0.0,4.46,16.2,21.01,83,64,Banyuwangi,-8.2192,114.3691
2022-05-16,31.3,23.8,27.3,0.0,0.0,4.94,12.9,22.01,81,46,Banyuwangi,-8.2192,114.3691
2022-05-17,31.5,23.8,26.6,2.5,2.5,3.73,8.4,17.77,96,60,Banyuwangi,-8.2192,114.3691
2022-05-18,29.7,24.3,26.5,4.7,4.7,3.12,17.7,15.17,93,70,Banyuwangi,-8.2192,114.3691
2022-05-19,30.8,23.2,26.5,3.6,3.6,3.71,22.4,18.48,100,63,Banyuwangi,-8.2192,114.3691
2022-05-20,28.6,24.0,25.7,7.9,7.9,2.98,8.1,15.09,100,77,Banyuwangi,-8.2192,114.3691
2022-05-21,30.3,23.1,26.5,0.7,0.7,3.78,13.3,17.95,92,65,Banyuwangi,-8.2192,114.3691
2022-05-22,31.4,23.7,27.5,0.0,0.0,4.66,14.4,21.0,84,54,Banyuwangi,-8.2192,114.3691
2022-05-23,31.9,23.3,27.6,0.0,0.0,4.83,15.4,21.28,86,50,Banyuwangi,-8.2192,114.3691
2022-05-24,30.0,24.5,27.3,5.0,5.0,4.11,19.6,19.39,96,69,Banyuwangi,-8.2192,114.3691
2022-05-25,31.0,23.3,26.9,2.4,2.4,3.56,10.7,16.88,100,64,Banyuwangi,-8.2192,114.3691
2022-05-26,26.6,23.3,24.9,18.7,18.7,1.64,11.4,7.98,100,82,Banyuwangi,-8.2192,114.3691
2022-05-27,28.4,23.3,25.5,4.1,4.1,2.79,10.5,14.02,100,76,Banyuwangi,-8.2192,114.3691
2022-05-28,30.8,23.6,26.7,2.1,2.1,3.86,18.4,18.18,94,64,Banyuwangi,-8.2192,114.3691
2022-05-29,30.0,24.5,26.9,0.4,0.4,3.77,20.8,17.03,92,67,Banyuwangi,-8.2192,114.3691
2022-05-30,31.0,23.8,27.3,0.4,0.4,4.22,24.6,19.02,92,63,Banyuwangi,-8.2192,114.3691
2022-05-31,31.1,24.4,27.4,1.3,1.3,3.91,12.7,18.15,91,62,Banyuwangi,-8.2192,114.3691
2022-06-01,28.7,23.6,26.1,1.9,1.9,3.07,15.1,14.98,96,72,Banyuwangi,-8.2192,114.3691
2022-06-02,31.1,23.6,26.8,1.0,1.0,4.49,11.7,20.47,89,54,Banyuwangi,-8.2192,114.3691
2022-06-03,28.3,23.3,25.8,1.3,1.3,2.92,9.3,14.38,91,75,Banyuwangi,-8.2192,114.3691
2022-06-04,30.4,23.5,26.2,1.5,1.5,3.8,10.7,18.66,94,66,Banyuwangi,-8.2192,114.3691
2022-06-05,28.2,23.5,25.4,6.0,6.0,2.9,11.3,14.85,95,73,Banyuwangi,-8.2192,114.3691
2022-06-06,29.4,22.7,26.0,6.4,6.4,3.52,10.3,17.58,95,67,Banyuwangi,-8.2192,114.3691
2022-06-07,29.9,23.1,26.0,0.2,0.2,3.58,15.0,17.81,94,66,Banyuwangi,-8.2192,114.3691
2022-06-08,30.4,22.9,26.4,0.5,0.5,3.8,21.4,18.38,92,65,Banyuwangi,-8.2192,114.3691
2022-06-09,29.6,24.1,26.3,6.4,6.4,3.57,12.2,17.66,93,69,Banyuwangi,-8.2192,114.3691
2022-06-10,31.2,23.5,26.3,4.6,4.6,3.64,10.5,17.64,95,61,Banyuwangi,-8.2192,114.3691
2022-06-11,31.5,23.0,26.9,1.7,1.7,3.93,10.8,18.63,90,58,Banyuwangi,-8.2192,114.3691
2022-06-12,29.8,23.9,26.2,0.4,0.4,3.14,13.2,15.8,95,69,Banyuwangi,-8.2192,114.3691
2022-06-13,30.0,23.0,26.1,2.5,2.5,2.98,9.4,14.15,91,64,Banyuwangi,-8.2192,114.3691
2022-06-14,30.4,24.0,26.4,1.2,1.2,3.33,12.4,16.33,90,64,Banyuwangi,-8.2192,114.3691
2022-06-15,31.0,23.8,27.1,0.2,0.2,3.97,10.3,19.11,86,59,Banyuwangi,-8.2192,114.3691
2022-06-16,29.4,22.5,25.6,7.9,7.9,3.06,12.1,15.1,95,70,Banyuwangi,-8.2192,114.3691
2022-06-17,29.1,22.9,25.2,1.9,1.9,3.09,14.3,15.74,93,72,Banyuwangi,-8.2192,114.3691
2022-06-18,30.3,22.7,26.2,0.8,0.8,3.81,11.7,18.4,89,61,Banyuwangi,-8.2192,114.3691
2022-06-19,30.2,23.3,26.1,4.6,4.6,3.64,15.0,17.69,94,62,Banyuwangi,-8.2192,114.3691
2022-06-20,28.0,23.3,25.4,3.6,3.6,3.11,14.1,15.79,95,71,Banyuwangi,-8.2192,114.3691
2022-06-21,29.5,22.6,26.1,1.1,1.1,4.09,17.1,18.72,85,61,Banyuwangi,-8.2192,114.3691
2022-06-22,29.8,23.0,26.5,1.6,1.6,4.15,13.9,19.18,86,59,Banyuwangi,-8.2192,114.3691
2022-06-23,29.0,24.6,26.9,2.0,2.0,3.87,15.2,16.29,85,61,Banyuwangi,-8.2192,114.3691
2022-06-24,29.3,24.1,26.7,5.6,5.6,3.81,16.1,16.24,93,62,Banyuwangi,-8.2192,114.3691
2022-06-25,29.4,24.0,26.7,2.4,2.4,3.7,19.6,15.07,91,62,Banyuwangi,-8.2192,114.3691
2022-06-26,28.1,22.9,25.6,5.3,5.3,3.0,14.0,14.49,100,69,Banyuwangi,-8.2192,114.3691
2022-06-27,27.8,22.6,25.6,7.4,7.4,3.26,16.6,14.53,99,67,Banyuwangi,-8.2192,114.3691
2022-06-28,29.0,24.0,26.4,1.5,1.5,3.92,19.5,16.1,83,54,Banyuwangi,-8.2192,114.3691
2022-06-29,28.6,23.1,25.5,1.9,1.9,4.16,13.0,20.19,100,63,Banyuwangi,-8.2192,114.3691
2022-06-30,28.1,22.8,25.0,7.0,7.0,3.28,16.5,16.3,100,69,Banyuwangi,-8.2192,114.3691
2022-07-01,28.0,22.7,25.5,1.9,1.9,3.33,16.6,15.08,100,69,Banyuwangi,-8.2192,114.3691
2022-07-02,28.6,24.1,26.3,1.9,1.9,3.28,15.4,15.88,93,73,Banyuwangi,-8.2192,114.3691
2022-07-03,30.4,22.9,26.2,1.2,1.2,3.65,8.9,17.91,96,64,Banyuwangi,-8.2192,114.3691
2022-07-04,30.1,23.2,26.3,0.7,0.7,3.59,17.9,17.37,97,68,Banyuwangi,-8.2192,114.3691
2022-07-05,28.7,22.7,25.6,3.2,3.2,3.56,13.8,18.29,96,74,Banyuwangi,-8.2192,114.3691
2022-07-06,28.0,23.1,25.6,2.6,2.6,3.38,18.2,15.67,95,68,Banyuwangi,-8.2192,114.3691
2022-07-07,26.8,22.6,25.0,4.1,4.1,3.66,16.6,18.23,93,69,Banyuwangi,-8.2192,114.3691
2022-07-08,28.5,20.9,24.4,0.0,0.0,4.47,15.5,19.74,89,39,Banyuwangi,-8.2192,114.3691
2022-07-09,28.1,21.8,25.1,0.0,0.0,3.69,15.0,15.97,82,58,Banyuwangi,-8.2192,114.3691
2022-07-10,28.2,23.4,25.8,2.2,2.2,3.72,17.4,18.45,86,68,Banyuwangi,-8.2192,114.3691
2022-07-11,26.8,24.4,25.4,13.0,13.0,2.54,15.9,13.04,90,78,Banyuwangi,-8.2192,114.3691
2022-07-12,27.2,24.2,25.7,1.8,1.8,3.05,17.3,15.17,90,76,Banyuwangi,-8.2192,114.3691
2022-07-13,28.3,24.3,25.6,3.5,3.5,3.42,15.3,17.21,91,70,Banyuwangi,-8.2192,114.3691
2022-07-14,27.8,24.1,25.8,1.3,1.3,3.43,17.7,16.34,90,68,Banyuwangi,-8.2192,114.3691
2022-07-15,27.5,24.1,26.0,1.9,1.9,3.62,19.3,16.84,91,70,Banyuwangi,-8.2192,114.3691
2022-07-16,27.2,23.6,25.3,5.5,5.5,3.46,17.9,17.8,91,73,Banyuwangi,-8.2192,114.3691
2022-07-17,28.0,24.3,25.8,5.4,5.4,3.3,16.1,16.16,90,69,Banyuwangi,-8.2192,114.3691
2022-07-18,28.1,24.3,26.0,0.8,0.8,3.64,17.0,17.37,89,67,Banyuwangi,-8.2192,114.3691
2022-07-19,28.0,23.9,25.6,2.0,2.0,3.79,14.7,18.61,91,64,Banyuwangi,-8.2192,114.3691
2022-07-20,27.9,23.0,25.4,0.1,0.1,4.09,17.9,20.16,90,62,Banyuwangi,-8.2192,114.3691
2022-07-21,28.2,24.0,25.9,0.6,0.6,3.93,15.8,17.19,84,62,Banyuwangi,-8.2192,114.3691
2022-07-22,28.7,23.5,25.8,1.2,1.2,3.73,17.9,16.88,82,62,Banyuwangi,-8.2192,114.3691
2022-07-23,27.8,23.5,25.5,2.9,2.9,3.48,23.5,14.95,87,66,Banyuwangi,-8.2192,114.3691
2022-07-24,27.4,21.8,25.0,1.3,1.3,4.43,17.1,19.71,90,53,Banyuwangi,-8.2192,114.3691
2022-07-25,28.1,20.3,24.5,0.0,0.0,4.63,16.6,21.1,78,50,Banyuwangi,-8.2192,114.3691
2022-07-26,27.8,20.6,24.8,0.0,0.0,3.82,18.6,18.36,84,63,Banyuwangi,-8.2192,114.3691
2022-07-27,28.4,22.3,25.6,1.0,1.0,4.0,17.1,19.15,87,67,Banyuwangi,-8.2192,114.3691
2022-07-28,28.1,24.0,25.9,0.0,0.0,4.03,16.4,19.09,84,61,Banyuwangi,-8.2192,114.3691
2022-07-29,28.5,22.1,25.2,0.3,0.3,3.99,20.9,19.54,86,63,Banyuwangi,-8.2192,114.3691
2022-07-30,28.1,22.8,25.5,1.4,1.4,3.92,16.0,18.94,92,63,Banyuwangi,-8.2192,114.3691
2022-07-31,27.8,22.9,25.0,2.7,2.7,3.73,13.4,18.93,92,60,Banyuwangi,-8.2192,114.3691
2022-08-01,31.2,22.2,26.1,0.5,0.5,4.23,13.8,20.53,92,51,Banyuwangi,-8.2192,114.3691
2022-08-02,28.4,23.3,25.2,0.3,0.3,3.17,13.7,16.19,94,69,Banyuwangi,-8.2192,114.3691
2022-08-03,29.0,21.8,25.2,0.5,0.5,4.03,17.7,20.55,90,66,Banyuwangi,-8.2192,114.3691
2022-08-04,28.5,23.0,25.1,2.0,2.0,4.26,16.8,21.47,97,58,Banyuwangi,-8.2192,114.3691
2022-08-05,28.2,21.5,24.7,0.5,0.5,4.21,14.5,20.69,93,62,Banyuwangi,-8.2192,114.3691
2022-08-06,28.5,22.2,24.9,2.2,2.2,4.08,12.8,20.28,95,64,Banyuwangi,-8.2192,114.3691
2022-08-07,28.2,22.7,24.7,6.1,6.1,3.37,13.0,17.47,100,71,Banyuwangi,-8.2192,114.3691
2022-08-08,27.4,22.5,24.9,4.7,4.7,3.74,15.4,19.21,100,72,Banyuwangi,-8.2192,114.3691
2022-08-09,27.6,23.4,25.5,0.6,0.6,3.96,16.6,19.91,93,70,Banyuwangi,-8.2192,114.3691
2022-08-10,28.1,23.0,25.4,5.1,5.1,3.65,14.2,18.56,93,70,Banyuwangi,-8.2192,114.3691
2022-08-11,28.5,23.9,25.9,0.5,0.5,3.76,14.2,19.29,93,70,Banyuwangi,-8.2192,114.3691
2022-08-12,29.7,23.3,25.8,3.5,3.5,3.52,12.1,17.99,96,68,Banyuwangi,-8.2192,114.3691
2022-08-13,29.2,22.8,25.4,8.4,8.4,3.51,11.1,17.65,100,71,Banyuwangi,-8.2192,114.3691
2022-08-14,30.6,22.3,25.9,4.8,4.8,4.07,11.9,20.0,100,62,Banyuwangi,-8.2192,114.3691
2022-08-15,29.1,21.8,25.7,0.8,0.8,4.09,12.6,20.69,100,67,Banyuwangi,-8.2192,114.3691
2022-08-16,29.6,22.8,26.1,1.8,1.8,4.31,15.5,21.21,93,64,Banyuwangi,-8.2192,114.3691
2022-08-17,28.0,22.5,25.2,4.9,4.9,4.12,15.8,20.15,96,65,Banyuwangi,-8.2192,114.3691
2022-08-18,28.4,24.4,26.1,3.0,3.0,4.22,22.6,19.26,82,66,Banyuwangi,-8.2192,114.3691
2022-08-19,28.1,23.9,26.0,4.7,4.7,4.13,22.6,19.3,85,67,Banyuwangi,-8.2192,114.3691
2022-08-20,27.7,23.3,25.5,1.4,1.4,4.15,19.3,19.13,89,59,Banyuwangi,-8.2192,114.3691
2022-08-21,29.0,23.7,26.0,0.0,0.0,4.36,19.4,20.71,85,54,Banyuwangi,-8.2192,114.3691
2022-08-22,27.5,23.6,25.8,4.3,4.3,4.05,19.5,19.06,87,69,Banyuwangi,-8.2192,114.3691
2022-08-23,28.2,24.6,26.2,0.1,0.1,4.99,22.1,22.05,81,59,Banyuwangi,-8.2192,114.3691
2022-08-24,28.5,24.1,26.1,0.0,0.0,4.86,18.2,22.11,80,59,Banyuwangi,-8.2192,114.3691
2022-08-25,27.9,23.5,25.8,3.2,3.2,4.41,17.8,20.95,88,66,Banyuwangi,-8.2192,114.3691
2022-08-26,27.6,23.6,25.4,5.7,5.7,3.56,18.6,17.43,90,71,Banyuwangi,-8.2192,114.3691
2022-08-27,27.7,24.3,25.6,1.0,1.0,3.91,19.7,18.3,88,67,Banyuwangi,-8.2192,114.3691
2022-08-28,28.0,22.9,25.2,0.4,0.4,3.87,15.4,18.2,89,61,Banyuwangi,-8.2192,114.3691
2022-08-29,27.8,22.3,24.6,9.9,9.9,3.69,15.7,19.29,100,69,Banyuwangi,-8.2192,114.3691
2022-08-30,27.7,22.6,25.3,3.0,3.0,3.57,12.4,18.22,100,73,Banyuwangi,-8.2192,114.3691
2022-08-31,28.0,23.4,25.5,0.2,0.2,3.76,15.1,19.12,95,70,Banyuwangi,-8.2192,114.3691
2022-09-01,28.2,24.1,25.8,2.6,2.6,4.08,14.1,20.84,91,70,Banyuwangi,-8.2192,114.3691
2022-09-02,28.5,24.0,26.0,1.4,1.4,4.37,14.3,22.35,93,69,Banyuwangi,-8.2192,114.3691
2022-09-03,28.5,24.2,25.8,3.1,3.1,4.01,17.6,20.77,95,70,Banyuwangi,-8.2192,114.3691
2022-09-04,28.3,23.4,25.5,7.0,7.0,3.93,14.5,20.43,100,69,Banyuwangi,-8.2192,114.3691
2022-09-05,28.6,22.8,25.5,1.0,1.0,4.28,13.5,22.11,96,69,Banyuwangi,-8.2192,114.3691
2022-09-06,28.3,23.8,25.7,1.3,1.3,4.05,15.3,21.11,96,70,Banyuwangi,-8.2192,114.3691
2022-09-07,27.5,24.2,25.5,2.7,2.7,3.38,14.4,17.31,93,73,Banyuwangi,-8.2192,114.3691
2022-09-08,28.5,24.2,25.8,1.8,1.8,4.03,14.7,20.88,95,71,Banyuwangi,-8.2192,114.3691
2022-09-09,28.8,23.8,25.5,1.7,1.7,3.69,15.0,18.8,95,69,Banyuwangi,-8.2192,114.3691
2022-09-10,28.5,24.1,25.6,5.2,5.2,3.8,16.6,19.65,95,71,Banyuwangi,-8.2192,114.3691
2022-09-11,28.1,24.1,25.7,1.2,1.2,3.84,16.6,20.02,96,73,Banyuwangi,-8.2192,114.3691
2022-09-12,29.7,21.8,26.0,0.1,0.1,4.95,18.4,24.84,90,61,Banyuwangi,-8.2192,114.3691
2022-09-13,28.8,24.0,26.2,3.8,3.8,4.44,18.0,22.14,93,68,Banyuwangi,-8.2192,114.3691
2022-09-14,27.8,23.1,25.1,3.8,3.8,3.95,15.6,21.2,98,73,Banyuwangi,-8.2192,114.3691
2022-09-15,27.4,23.3,25.2,4.9,4.9,3.63,19.3,18.54,98,74,Banyuwangi,-8.2192,114.3691
2022-09-16,28.5,22.7,25.3,3.9,3.9,4.19,15.8,21.32,91,64,Banyuwangi,-8.2192,114.3691
2022-09-17,28.6,21.4,25.1,0.0,0.0,5.07,15.6,24.55,89,52,Banyuwangi,-8.2192,114.3691
2022-09-18,29.1,23.0,25.6,0.1,0.1,4.74,15.0,24.32,96,63,Banyuwangi,-8.2192,114.3691
2022-09-19,29.1,22.3,25.5,2.7,2.7,4.71,15.5,23.21,96,63,Banyuwangi,-8.2192,114.3691
2022-09-20,28.3,23.4,25.7,6.3,6.3,4.44,16.1,21.47,86,67,Banyuwangi,-8.2192,114.3691
2022-09-21,28.3,24.1,25.8,4.2,4.2,3.99,16.8,19.99,91,69,Banyuwangi,-8.2192,114.3691
2022-09-22,28.8,24.1,26.0,3.9,3.9,4.1,16.0,20.64,97,67,Banyuwangi,-8.2192,114.3691
2022-09-23,29.3,23.5,26.1,1.4,1.4,4.61,16.8,23.66,96,68,Banyuwangi,-8.2192,114.3691
2022-09-24,29.5,23.6,25.9,1.4,1.4,4.39,12.8,22.38,96,67,Banyuwangi,-8.2192,114.3691
2022-09-25,29.2,23.4,25.7,1.4,1.4,4.32,15.3,21.74,93,69,Banyuwangi,-8.2192,114.3691
2022-09-26,28.9,23.5,25.6,4.8,4.8,4.31,13.8,21.25,94,65,Banyuwangi,-8.2192,114.3691
2022-09-27,29.2,22.5,25.7,1.8,1.8,4.96,16.1,24.94,97,63,Banyuwangi,-8.2192,114.3691
2022-09-28,29.8,22.6,26.0,0.7,0.7,4.95,15.8,24.64,90,62,Banyuwangi,-8.2192,114.3691
2022-09-29,30.0,22.9,26.4,0.2,0.2,4.79,19.5,23.43,90,57,Banyuwangi,-8.2192,114.3691
2022-09-30,29.1,24.6,26.3,1.1,1.1,3.67,13.6,18.01,90,70,Banyuwangi,-8.2192,114.3691
2022-10-01,28.7,24.4,25.5,4.4,4.4,2.99,13.6,15.21,96,73,Banyuwangi,-8.2192,114.3691
2022-10-02,29.3,23.8,25.7,6.4,6.4,3.76,11.4,18.92,95,71,Banyuwangi,-8.2192,114.3691
2022-10-03,27.8,22.2,24.9,6.2,6.2,2.93,11.0,14.82,100,77,Banyuwangi,-8.2192,114.3691
2022-10-04,29.5,23.3,25.5,7.0,7.0,4.08,16.0,20.67,95,69,Banyuwangi,-8.2192,114.3691
2022-10-05,30.0,23.9,26.6,1.3,1.3,4.6,14.5,21.67,91,61,Banyuwangi,-8.2192,114.3691
2022-10-06,27.9,24.5,25.8,3.4,3.4,3.34,14.4,16.69,93,71,Banyuwangi,-8.2192,114.3691
2022-10-07,28.5,23.5,25.4,9.1,9.1,3.05,14.8,15.22,100,72,Banyuwangi,-8.2192,114.3691
2022-10-08,28.8,22.8,25.5,5.1,5.1,3.32,12.9,16.8,100,74,Banyuwangi,-8.2192,114.3691
2022-10-09,29.3,23.7,25.5,3.0,3.0,3.83,12.3,19.59,98,70,Banyuwangi,-8.2192,114.3691
2022-10-10,29.8,23.8,26.0,0.2,0.2,4.34,12.2,21.81,96,66,Banyuwangi,-8.2192,114.3691
2022-10-11,31.1,23.5,26.0,10.8,10.8,4.66,15.5,23.26,97,65,Banyuwangi,-8.2192,114.3691
2022-10-12,28.8,22.6,25.7,0.9,0.9,4.28,15.1,20.85,90,69,Banyuwangi,-8.2192,114.3691
2022-10-13,28.9,24.0,26.1,4.4,4.4,4.48,13.7,21.9,92,67,Banyuwangi,-8.2192,114.3691
2022-10-14,28.6,23.9,26.1,3.0,3.0,3.79,12.1,18.74,93,69,Banyuwangi,-8.2192,114.3691
2022-10-15,29.4,24.7,26.7,4.0,4.0,4.11,12.3,19.83,88,67,Banyuwangi,-8.2192,114.3691
2022-10-16,29.7,24.2,26.4,3.0,3.0,3.93,14.4,19.19,96,67,Banyuwangi,-8.2192,114.3691
2022-10-17,28.1,23.8,25.6,4.5,4.5,3.21,14.6,16.04,97,74,Banyuwangi,-8.2192,114.3691
2022-10-18,27.4,23.3,25.0,8.0,8.0,2.26,13.0,11.31,100,76,Banyuwangi,-8.2192,114.3691
2022-10-19,29.7,23.4,25.6,1.9,1.9,3.24,7.7,15.98,98,69,Banyuwangi,-8.2192,114.3691
2022-10-20,29.1,23.3,26.1,1.8,1.8,3.36,17.4,16.68,98,74,Banyuwangi,-8.2192,114.3691
2022-10-21,29.7,23.8,26.3,2.2,2.2,3.91,17.7,19.67,100,70,Banyuwangi,-8.2192,114.3691
2022-10-22,30.4,23.5,26.0,0.5,0.5,3.84,11.4,19.09,94,68,Banyuwangi,-8.2192,114.3691
2022-10-23,30.8,23.4,26.1,5.6,5.6,4.53,13.0,22.83,100,66,Banyuwangi,-8.2192,114.3691
2022-10-24,30.2,23.1,25.8,1.1,1.1,4.07,11.9,20.38,97,69,Banyuwangi,-8.2192,114.3691
2022-10-25,29.9,22.9,25.5,5.2,5.2,3.67,14.1,18.64,98,69,Banyuwangi,-8.2192,114.3691
2022-10-26,29.5,23.7,26.1,2.2,2.2,3.76,13.1,17.41,93,65,Banyuwangi,-8.2192,114.3691
2022-10-27,28.5,23.3,25.0,4.4,4.4,2.74,12.5,13.53,95,75,Banyuwangi,-8.2192,114.3691
2022-10-28,30.1,22.9,25.7,0.5,0.5,5.02,16.8,22.51,92,52,Banyuwangi,-8.2192,114.3691
2022-10-29,30.0,22.2,26.1,1.3,1.3,5.55,13.8,24.64,75,55,Banyuwangi,-8.2192,114.3691
2022-10-30,31.4,23.6,26.5,0.0,0.0,5.97,21.0,26.16,80,47,Banyuwangi,-8.2192,114.3691
2022-10-31,29.8,21.9,25.4,2.8,2.8,4.82,14.0,22.95,95,58,Banyuwangi,-8.2192,114.3691
2022-11-01,29.5,23.4,26.3,0.3,0.3,4.58,11.7,21.92,91,63,Banyuwangi,-8.2192,114.3691
2022-11-02,29.5,23.8,26.5,1.7,1.7,4.19,9.3,20.23,93,70,Banyuwangi,-8.2192,114.3691
2022-11-03,32.1,23.2,27.0,0.2,0.2,5.35,14.4,25.61,95,55,Banyuwangi,-8.2192,114.3691
2022-11-04,28.7,23.8,26.1,0.8,0.8,3.97,12.0,20.16,98,75,Banyuwangi,-8.2192,114.3691
2022-11-05,29.7,22.7,26.3,1.6,1.6,4.22,10.9,20.79,95,68,Banyuwangi,-8.2192,114.3691
2022-11-06,29.6,23.9,26.4,1.2,1.2,4.33,11.5,21.18,94,65,Banyuwangi,-8.2192,114.3691
2022-11-07,28.8,23.5,25.7,0.5,0.5,3.47,10.1,17.27,94,72,Banyuwangi,-8.2192,114.3691
2022-11-08,29.3,22.7,25.7,0.3,0.3,3.54,14.3,17.56,97,71,Banyuwangi,-8.2192,114.3691
2022-11-09,28.6,24.1,25.8,2.1,2.1,3.12,9.4,14.9,100,72,Banyuwangi,-8.2192,114.3691
2022-11-10,30.0,23.7,25.8,7.7,7.7,3.64,9.9,18.04,96,69,Banyuwangi,-8.2192,114.3691
2022-11-11,29.5,23.0,25.8,1.0,1.0,3.94,11.2,19.67,96,72,Banyuwangi,-8.2192,114.3691
2022-11-12,30.1,23.0,25.9,9.5,9.5,3.65,11.2,17.89,96,68,Banyuwangi,-8.2192,114.3691
2022-11-13,28.9,23.7,25.8,1.9,1.9,3.55,10.3,17.69,96,72,Banyuwangi,-8.2192,114.3691
2022-11-14,29.3,23.3,25.9,6.5,6.5,3.31,10.6,16.33,100,73,Banyuwangi,-8.2192,114.3691
2022-11-15,30.4,23.8,26.1,1.0,1.0,3.77,11.4,18.57,95,67,Banyuwangi,-8.2192,114.3691
2022-11-16,28.7,23.5,25.5,12.9,12.9,2.92,8.1,14.57,100,76,Banyuwangi,-8.2192,114.3691
2022-11-17,30.5,23.5,26.6,6.9,6.9,3.89,6.9,18.43,100,65,Banyuwangi,-8.2192,114.3691
2022-11-18,27.0,24.0,25.1,7.1,7.1,1.55,10.6,7.77,100,86,Banyuwangi,-8.2192,114.3691
2022-11-19,29.6,22.2,25.9,0.0,0.0,2.96,12.8,13.72,94,70,Banyuwangi,-8.2192,114.3691
2022-11-20,31.5,23.5,26.9,0.6,0.6,4.71,14.5,22.56,94,55,Banyuwangi,-8.2192,114.3691
2022-11-21,30.6,24.4,26.4,5.0,5.0,3.78,17.0,18.42,100,67,Banyuwangi,-8.2192,114.3691
2022-11-22,29.8,24.1,26.0,1.4,1.4,3.09,9.7,14.78,94,66,Banyuwangi,-8.2192,114.3691
2022-11-23,29.7,23.7,26.3,1.8,1.8,3.59,13.6,17.01,95,70,Banyuwangi,-8.2192,114.3691
2022-11-24,28.5,23.5,25.3,3.0,3.0,3.35,9.2,16.94,100,76,Banyuwangi,-8.2192,114.3691
2022-11-25,29.8,23.1,25.7,9.1,9.1,3.1,10.0,15.02,100,67,Banyuwangi,-8.2192,114.3691
2022-11-26,29.4,23.1,25.3,8.3,8.3,3.57,8.7,17.78,100,71,Banyuwangi,-8.2192,114.3691
2022-11-27,29.5,23.3,25.7,1.8,1.8,3.6,8.7,17.53,100,67,Banyuwangi,-8.2192,114.3691
2022-11-28,29.0,22.7,25.3,5.0,5.0,2.75,11.2,13.65,100,75,Banyuwangi,-8.2192,114.3691
2022-11-29,29.1,22.6,25.4,11.7,11.7,3.3,12.7,16.34,100,72,Banyuwangi,-8.2192,114.3691
2022-11-30,30.6,23.2,26.7,1.9,1.9,5.12,13.3,24.33,90,63,Banyuwangi,-8.2192,114.3691
2022-12-01,30.8,24.4,27.2,0.3,0.3,5.69,14.6,25.02,80,56,Banyuwangi,-8.2192,114.3691
2022-12-02,31.0,24.0,26.9,2.3,2.3,5.7,12.2,25.71,79,56,Banyuwangi,-8.2192,114.3691
2022-12-03,28.6,24.0,26.0,1.6,1.6,3.8,11.5,17.96,96,71,Banyuwangi,-8.2192,114.3691
2022-12-04,30.0,22.9,25.7,2.9,2.9,4.09,13.4,20.91,94,68,Banyuwangi,-8.2192,114.3691
2022-12-05,28.9,23.2,25.8,1.2,1.2,4.03,12.0,20.44,97,73,Banyuwangi,-8.2192,114.3691
2022-12-06,29.1,22.5,25.6,0.6,0.6,4.1,12.4,20.71,97,74,Banyuwangi,-8.2192,114.3691
2022-12-07,30.8,23.3,26.6,0.2,0.2,5.1,12.2,25.22,94,67,Banyuwangi,-8.2192,114.3691
2022-12-08,31.3,23.2,26.7,0.5,0.5,5.29,19.7,24.99,91,57,Banyuwangi,-8.2192,114.3691
2022-12-09,30.3,23.5,26.6,0.7,0.7,5.12,13.8,24.09,91,61,Banyuwangi,-8.2192,114.3691
2022-12-10,30.9,23.4,26.6,1.9,1.9,5.18,13.8,23.56,87,58,Banyuwangi,-8.2192,114.3691
2022-12-11,30.8,24.2,26.6,0.6,0.6,4.83,11.5,23.5,94,63,Banyuwangi,-8.2192,114.3691
2022-12-12,31.7,23.4,26.8,1.6,1.6,5.22,12.2,24.94,92,58,Banyuwangi,-8.2192,114.3691
2022-12-13,31.8,22.8,26.7,2.0,2.0,4.88,14.3,23.98,90,58,Banyuwangi,-8.2192,114.3691
2022-12-14,30.6,23.2,26.5,2.0,2.0,4.52,11.0,22.38,99,66,Banyuwangi,-8.2192,114.3691
2022-12-15,30.9,23.3,26.2,4.9,4.9,4.49,11.8,22.5,99,64,Banyuwangi,-8.2192,114.3691
2022-12-16,29.4,23.2,25.2,22.2,22.2,3.39,12.6,17.54,96,71,Banyuwangi,-8.2192,114.3691
2022-12-17,29.8,23.3,25.5,11.7,11.7,3.89,13.8,20.22,96,71,Banyuwangi,-8.2192,114.3691
2022-12-18,30.2,23.5,26.4,2.1,2.1,4.83,14.3,24.63,89,66,Banyuwangi,-8.2192,114.3691
2022-12-19,31.2,23.0,26.7,1.0,1.0,5.58,12.2,26.16,81,56,Banyuwangi,-8.2192,114.3691
2022-12-20,30.7,22.8,26.5,0.8,0.8,5.3,13.8,25.55,89,61,Banyuwangi,-8.2192,114.3691
2022-12-21,30.4,23.5,26.4,3.8,3.8,4.16,15.5,20.67,96,69,Banyuwangi,-8.2192,114.3691
2022-12-22,29.1,23.8,26.1,2.3,2.3,2.96,17.5,13.18,93,71,Banyuwangi,-8.2192,114.3691
2022-12-23,30.7,23.7,26.5,6.9,6.9,3.41,14.0,15.44,100,61,Banyuwangi,-8.2192,114.3691
2022-12-24,28.2,23.0,25.4,3.7,3.7,2.18,11.9,9.91,100,73,Banyuwangi,-8.2192,114.3691
2022-12-25,28.5,22.2,24.9,19.3,19.3,3.23,8.2,16.37,100,73,Banyuwangi,-8.2192,114.3691
2022-12-26,28.5,22.1,24.7,6.9,6.9,3.48,9.0,17.87,100,72,Banyuwangi,-8.2192,114.3691
2022-12-27,26.9,22.7,24.5,5.5,5.5,2.4,14.6,12.26,100,80,Banyuwangi,-8.2192,114.3691
2022-12-28,29.1,22.8,24.7,38.8,38.8,3.33,8.7,17.1,100,74,Banyuwangi,-8.2192,114.3691
2022-12-29,28.3,22.1,24.8,9.1,9.1,2.62,10.2,12.94,100,71,Banyuwangi,-8.2192,114.3691
2022-12-30,27.2,23.4,25.2,0.7,0.7,2.36,9.7,11.07,96,73,Banyuwangi,-8.2192,114.3691
2022-12-31,30.5,22.9,25.4,9.0,9.0,3.69,11.2,17.44,100,61,Banyuwangi,-8.2192,114.3691
2023-01-01,29.2,22.4,25.0,0.9,0.9,3.12,12.9,14.87,94,65,Banyuwangi,-8.2192,114.3691
2023-01-02,30.2,23.2,26.6,4.2,4.2,3.93,11.8,18.07,95,59,Banyuwangi,-8.2192,114.3691
2023-01-03,32.5,25.0,28.2,0.0,0.0,5.46,20.4,22.18,81,48,Banyuwangi,-8.2192,114.3691
2023-01-04,31.9,24.7,27.8,0.8,0.8,5.27,23.1,22.72,83,53,Banyuwangi,-8.2192,114.3691
2023-01-05,32.3,24.1,27.8,0.8,0.8,5.74,22.9,24.61,86,54,Banyuwangi,-8.2192,114.3691
2023-01-06,30.5,24.8,27.1,5.1,5.1,4.65,21.2,20.31,87,60,Banyuwangi,-8.2192,114.3691
2023-01-07,31.9,23.9,27.3,0.6,0.6,5.55,20.6,25.17,89,53,Banyuwangi,-8.2192,114.3691
2023-01-08,31.5,23.2,26.1,1.4,1.4,4.76,10.5,23.21,94,56,Banyuwangi,-8.2192,114.3691
2023-01-09,31.2,22.5,26.4,1.9,1.9,4.94,13.8,23.34,92,53,Banyuwangi,-8.2192,114.3691
2023-01-10,31.0,23.1,26.8,4.6,4.6,5.52,15.1,25.77,89,55,Banyuwangi,-8.2192,114.3691
2023-01-11,32.9,24.4,27.6,0.0,0.0,5.87,19.1,24.74,87,46,Banyuwangi,-8.2192,114.3691
2023-01-12,31.9,24.8,27.6,0.7,0.7,6.22,18.1,26.11,75,49,Banyuwangi,-8.2192,114.3691
2023-01-13,31.8,23.4,26.8,7.1,7.1,5.21,11.4,24.5,93,51,Banyuwangi,-8.2192,114.3691
2023-01-14,30.5,22.5,26.5,0.3,0.3,4.59,14.8,22.3,92,58,Banyuwangi,-8.2192,114.3691
2023-01-15,30.5,23.2,25.9,2.6,2.6,4.05,11.3,19.98,95,65,Banyuwangi,-8.2192,114.3691
2023-01-16,29.6,23.2,25.7,7.8,7.8,3.08,12.4,15.07,97,69,Banyuwangi,-8.2192,114.3691
2023-01-17,29.1,23.5,25.9,0.9,0.9,3.25,6.8,15.85,96,74,Banyuwangi,-8.2192,114.3691
2023-01-18,30.0,23.7,26.2,1.5,1.5,3.9,13.4,18.69,96,68,Banyuwangi,-8.2192,114.3691
2023-01-19,31.5,23.5,25.8,13.7,13.7,4.2,8.3,21.04,100,59,Banyuwangi,-8.2192,114.3691
2023-01-20,29.6,22.3,25.5,11.6,11.6,3.58,10.9,18.34,100,67,Banyuwangi,-8.2192,114.3691
2023-01-21,30.6,23.3,25.9,3.5,3.5,4.47,9.2,22.49,95,63,Banyuwangi,-8.2192,114.3691
2023-01-22,30.8,22.0,26.1,2.0,2.0,4.63,7.0,22.98,94,57,Banyuwangi,-8.2192,114.3691
2023-01-23,31.4,21.4,26.6,1.4,1.4,5.22,8.3,25.48,91,54,Banyuwangi,-8.2192,114.3691
2023-01-24,30.7,23.2,26.3,3.1,3.1,4.36,9.3,21.53,95,61,Banyuwangi,-8.2192,114.3691
2023-01-25,30.2,23.2,26.1,5.5,5.5,3.92,11.3,19.68,97,67,Banyuwangi,-8.2192,114.3691
2023-01-26,30.2,23.0,25.6,34.4,34.4,3.3,15.5,16.74,100,68,Banyuwangi,-8.2192,114.3691
2023-01-27,27.9,22.2,24.7,25.0,25.0,2.47,6.9,12.68,100,84,Banyuwangi,-8.2192,114.3691
2023-01-28,25.5,21.8,24.1,26.9,26.9,1.47,7.2,7.56,100,84,Banyuwangi,-8.2192,114.3691
2023-01-29,29.9,22.8,25.9,2.2,2.2,3.58,11.2,17.52,100,67,Banyuwangi,-8.2192,114.3691
2023-01-30,29.8,24.0,25.8,17.2,17.2,3.18,7.9,15.9,100,74,Banyuwangi,-8.2192,114.3691
2023-01-31,28.9,24.3,26.1,6.0,6.0,3.71,10.8,18.42,94,76,Banyuwangi,-8.2192,114.3691
2023-02-01,29.0,24.2,26.1,7.4,7.4,3.83,14.1,19.29,95,73,Banyuwangi,-8.2192,114.3691
2023-02-02,27.4,23.5,25.3,4.0,4.0,1.92,16.7,8.29,100,77,Banyuwangi,-8.2192,114.3691
2023-02-03,28.1,23.5,25.3,3.9,3.9,2.34,9.4,11.12,96,71,Banyuwangi,-8.2192,114.3691
2023-02-04,29.3,24.1,25.6,3.5,3.5,3.03,13.9,14.69,95,69,Banyuwangi,-8.2192,114.3691
2023-02-05,27.5,23.2,24.9,7.4,7.4,2.36,20.2,10.16,100,73,Banyuwangi,-8.2192,114.3691
2023-02-06,28.0,22.9,25.0,3.4,3.4,2.49,14.0,11.57,100,72,Banyuwangi,-8.2192,114.3691
2023-02-07,27.2,23.1,25.0,9.6,9.6,2.25,11.6,11.25,95,81,Banyuwangi,-8.2192,114.3691
2023-02-08,29.0,23.1,25.2,7.1,7.1,2.58,13.3,12.32,100,71,Banyuwangi,-8.2192,114.3691
2023-02-09,29.1,22.3,25.5,9.3,9.3,3.56,16.3,17.43,100,67,Banyuwangi,-8.2192,114.3691
2023-02-10,30.2,22.7,25.6,5.5,5.5,3.34,10.5,16.23,100,63,Banyuwangi,-8.2192,114.3691
2023-02-11,30.2,23.6,25.6,19.5,19.5,3.59,9.7,17.88,100,66,Banyuwangi,-8.2192,114.3691
2023-02-12,31.6,23.2,25.6,22.0,22.0,4.42,10.7,22.08,100,63,Banyuwangi,-8.2192,114.3691
2023-02-13,31.4,23.2,25.9,0.6,0.6,3.66,16.6,17.85,97,58,Banyuwangi,-8.2192,114.3691
2023-02-14,31.5,22.9,26.1,9.0,9.0,4.56,14.6,23.06,95,59,Banyuwangi,-8.2192,114.3691
2023-02-15,29.6,22.7,25.5,2.5,2.5,3.7,16.1,18.49,100,69,Banyuwangi,-8.2192,114.3691
2023-02-16,28.1,23.0,25.2,27.0,27.0,3.4,13.6,17.93,100,84,Banyuwangi,-8.2192,114.3691
2023-02-17,29.6,23.7,25.6,18.6,18.6,3.76,13.8,18.91,100,75,Banyuwangi,-8.2192,114.3691
2023-02-18,29.4,23.1,25.2,31.4,31.4,3.12,15.8,16.19,100,76,Banyuwangi,-8.2192,114.3691
2023-02-19,31.6,22.8,26.2,7.3,7.3,4.18,12.1,20.71,96,62,Banyuwangi,-8.2192,114.3691
2023-02-20,30.7,22.9,26.0,12.3,12.3,4.02,9.7,20.18,95,67,Banyuwangi,-8.2192,114.3691
2023-02-21,30.4,23.6,26.5,3.6,3.6,4.64,10.5,22.94,96,66,Banyuwangi,-8.2192,114.3691
2023-02-22,30.5,23.8,26.2,1.1,1.1,4.27,7.2,21.1,95,63,Banyuwangi,-8.2192,114.3691
2023-02-23,28.8,24.0,25.5,4.9,4.9,2.71,10.4,13.33,96,68,Banyuwangi,-8.2192,114.3691
2023-02-24,29.2,23.2,25.2,13.0,13.0,3.17,8.9,16.0,100,75,Banyuwangi,-8.2192,114.3691
2023-02-25,29.8,23.5,25.8,6.0,6.0,3.58,11.4,17.7,100,68,Banyuwangi,-8.2192,114.3691
2023-02-26,29.6,22.8,25.0,5.2,5.2,3.5,11.4,17.72,100,67,Banyuwangi,-8.2192,114.3691
2023-02-27,30.8,23.2,25.2,15.4,15.4,3.91,11.6,19.49,100,60,Banyuwangi,-8.2192,114.3691
2023-02-28,29.0,22.9,25.2,6.5,6.5,3.74,10.8,19.12,100,72,Banyuwangi,-8.2192,114.3691
2023-03-01,30.5,23.0,26.3,1.2,1.2,4.48,16.1,21.38,99,62,Banyuwangi,-8.2192,114.3691
2023-03-02,29.1,22.0,25.1,31.4,31.4,4.0,15.5,20.62,100,71,Banyuwangi,-8.2192,114.3691
2023-03-03,30.0,21.9,25.2,6.1,6.1,4.0,15.8,20.11,100,65,Banyuwangi,-8.2192,114.3691
2023-03-04,31.2,22.7,26.1,1.1,1.1,4.9,10.1,24.11,87,59,Banyuwangi,-8.2192,114.3691
2023-03-05,29.4,23.7,25.5,10.7,10.7,4.0,9.1,20.48,94,65,Banyuwangi,-8.2192,114.3691
2023-03-06,29.9,22.6,25.9,6.4,6.4,4.23,14.3,21.23,92,68,Banyuwangi,-8.2192,114.3691
2023-03-07,30.4,23.1,26.0,6.5,6.5,4.62,9.7,23.32,96,64,Banyuwangi,-8.2192,114.3691
2023-03-08,30.3,22.6,25.6,12.9,12.9,4.59,14.0,23.02,95,64,Banyuwangi,-8.2192,114.3691
2023-03-09,30.9,23.0,26.2,0.4,0.4,5.11,9.4,25.14,91,59,Banyuwangi,-8.2192,114.3691
2023-03-10,31.6,22.8,26.9,0.8,0.8,5.3,13.2,25.24,89,53,Banyuwangi,-8.2192,114.3691
2023-03-11,30.8,23.0,26.9,1.4,1.4,5.33,12.8,25.99,87,67,Banyuwangi,-8.2192,114.3691
2023-03-12,31.3,23.5,26.8,2.0,2.0,5.37,9.5,25.47,90,57,Banyuwangi,-8.2192,114.3691
2023-03-13,30.2,23.1,26.1,0.4,0.4,4.62,7.8,22.9,94,59,Banyuwangi,-8.2192,114.3691
2023-03-14,30.0,23.8,26.0,0.1,0.1,4.11,11.3,19.94,96,62,Banyuwangi,-8.2192,114.3691
2023-03-15,31.3,22.9,26.8,0.0,0.0,5.12,10.5,25.14,94,57,Banyuwangi,-8.2192,114.3691
2023-03-16,30.6,24.5,26.9,1.0,1.0,4.7,11.3,22.86,91,66,Banyuwangi,-8.2192,114.3691
2023-03-17,29.5,23.6,26.1,4.9,4.9,4.32,9.9,21.62,95,69,Banyuwangi,-8.2192,114.3691
2023-03-18,30.9,23.4,26.5,3.2,3.2,4.39,9.9,21.6,100,65,Banyuwangi,-8.2192,114.3691
2023-03-19,31.2,23.2,26.6,1.9,1.9,4.63,10.2,22.77,96,65,Banyuwangi,-8.2192,114.3691
2023-03-20,29.8,23.3,26.0,9.0,9.0,4.14,10.7,21.13,100,72,Banyuwangi,-8.2192,114.3691
2023-03-21,31.0,22.3,26.6,0.4,0.4,4.95,12.2,24.36,96,64,Banyuwangi,-8.2192,114.3691
2023-03-22,30.6,23.9,26.9,1.1,1.1,4.27,14.0,20.8,89,66,Banyuwangi,-8.2192,114.3691
2023-03-23,31.5,24.2,27.1,0.8,0.8,4.53,7.4,21.72,93,64,Banyuwangi,-8.2192,114.3691
2023-03-24,31.5,23.6,26.4,5.0,5.0,4.08,11.3,20.05,98,61,Banyuwangi,-8.2192,114.3691
2023-03-25,31.0,23.4,26.4,2.7,2.7,4.02,13.0,19.66,100,65,Banyuwangi,-8.2192,114.3691
2023-03-26,30.0,23.3,26.7,1.4,1.4,4.4,21.2,22.18,91,67,Banyuwangi,-8.2192,114.3691
2023-03-27,30.3,24.0,26.7,1.5,1.5,3.92,8.7,19.29,94,68,Banyuwangi,-8.2192,114.3691
2023-03-28,29.8,23.7,26.4,1.8,1.8,3.47,17.3,16.92,93,70,Banyuwangi,-8.2192,114.3691
2023-03-29,31.4,24.5,26.6,7.6,7.6,3.88,14.9,19.13,93,62,Banyuwangi,-8.2192,114.3691
2023-03-30,29.5,23.4,25.8,2.6,2.6,4.06,10.6,20.79,97,72,Banyuwangi,-8.2192,114.3691
2023-03-31,29.7,23.0,24.8,24.2,24.2,3.23,10.1,16.97,100,70,Banyuwangi,-8.2192,114.3691
2023-04-01,28.8,23.8,25.5,6.2,6.2,2.67,10.4,13.45,96,76,Banyuwangi,-8.2192,114.3691
2023-04-02,28.6,23.0,25.1,6.5,6.5,2.61,8.9,13.04,100,75,Banyuwangi,-8.2192,114.3691
2023-04-03,29.3,22.7,25.2,6.1,6.1,3.15,10.1,15.72,100,69,Banyuwangi,-8.2192,114.3691
2023-04-04,28.6,22.4,25.0,4.1,4.1,3.1,7.3,15.56,100,75,Banyuwangi,-8.2192,114.3691
2023-04-05,30.1,23.6,25.8,1.7,1.7,3.6,8.9,17.95,94,69,Banyuwangi,-8.2192,114.3691
2023-04-06,29.6,23.0,25.8,2.4,2.4,3.88,14.0,19.36,97,71,Banyuwangi,-8.2192,114.3691
2023-04-07,29.2,22.8,25.5,5.1,5.1,3.57,11.3,18.14,100,71,Banyuwangi,-8.2192,114.3691
2023-04-08,31.5,22.8,26.5,0.6,0.6,4.27,10.0,20.26,89,56,Banyuwangi,-8.2192,114.3691
2023-04-09,31.0,22.0,26.1,5.1,5.1,4.3,11.7,20.52,100,58,Banyuwangi,-8.2192,114.3691
2023-04-10,31.3,24.2,25.7,15.4,15.4,3.44,14.8,16.84,96,62,Banyuwangi,-8.2192,114.3691
2023-04-11,29.7,23.8,26.2,3.6,3.6,3.72,12.7,18.51,94,73,Banyuwangi,-8.2192,114.3691
2023-04-12,29.6,23.2,26.1,11.9,11.9,3.28,8.0,16.39,100,75,Banyuwangi,-8.2192,114.3691
2023-04-13,28.4,23.1,26.0,8.6,8.6,2.76,10.6,13.17,100,76,Banyuwangi,-8.2192,114.3691
2023-04-14,30.6,24.9,26.2,13.9,13.9,3.13,10.2,15.05,93,63,Banyuwangi,-8.2192,114.3691
2023-04-15,30.3,22.9,26.0,6.9,6.9,3.93,10.8,19.45,100,64,Banyuwangi,-8.2192,114.3691
2023-04-16,31.2,23.2,26.7,1.2,1.2,4.45,8.9,21.7,90,60,Banyuwangi,-8.2192,114.3691
2023-04-17,31.0,22.9,26.7,1.7,1.7,4.44,8.3,21.83,94,61,Banyuwangi,-8.2192,114.3691
2023-04-18,30.5,23.7,26.9,0.4,0.4,4.55,13.1,22.32,89,64,Banyuwangi,-8.2192,114.3691
2023-04-19,30.3,23.5,27.0,1.2,1.2,4.64,13.9,22.81,91,65,Banyuwangi,-8.2192,114.3691
2023-04-20,28.6,24.1,26.0,3.7,3.7,3.33,15.6,17.21,95,77,Banyuwangi,-8.2192,114.3691
2023-04-21,29.8,23.5,25.9,1.0,1.0,3.19,10.6,15.86,92,69,Banyuwangi,-8.2192,114.3691
2023-04-22,30.1,24.7,27.1,1.0,1.0,4.24,13.6,20.84,89,62,Banyuwangi,-8.2192,114.3691
2023-04-23,31.0,23.2,27.1,2.3,2.3,4.49,9.0,22.09,89,63,Banyuwangi,-8.2192,114.3691
2023-04-24,30.8,24.1,27.1,1.1,1.1,4.49,12.7,22.21,92,65,Banyuwangi,-8.2192,114.3691
2023-04-25,32.3,23.2,27.1,8.4,8.4,4.76,13.0,22.45,91,56,Banyuwangi,-8.2192,114.3691
2023-04-26,30.6,23.9,26.4,9.8,9.8,4.09,13.0,20.67,97,67,Banyuwangi,-8.2192,114.3691
2023-04-27,28.9,24.7,25.9,10.0,10.0,3.06,12.4,15.91,96,78,Banyuwangi,-8.2192,114.3691
2023-04-28,28.6,23.0,25.8,14.6,14.6,2.64,18.4,13.12,100,79,Banyuwangi,-8.2192,114.3691
2023-04-29,29.8,22.5,25.9,8.0,8.0,3.41,20.0,17.74,100,68,Banyuwangi,-8.2192,114.3691
2023-04-30,30.2,24.3,26.3,6.9,6.9,3.67,10.5,18.4,96,69,Banyuwangi,-8.2192,114.3691
2023-05-01,29.7,22.7,25.7,6.2,6.2,3.08,7.3,15.48,96,72,Banyuwangi,-8.2192,114.3691
2023-05-02,31.0,23.7,26.6,0.9,0.9,3.74,8.5,18.39,95,64,Banyuwangi,-8.2192,114.3691
2023-05-03,31.1,24.4,27.3,1.2,1.2,4.17,8.7,20.42,90,65,Banyuwangi,-8.2192,114.3691
2023-05-04,30.5,23.8,27.1,0.9,0.9,4.35,13.7,21.54,94,67,Banyuwangi,-8.2192,114.3691
2023-05-05,30.1,24.7,27.2,1.4,1.4,4.01,15.4,19.46,88,69,Banyuwangi,-8.2192,114.3691
2023-05-06,29.4,25.2,27.3,2.1,2.1,3.66,12.0,17.17,92,70,Banyuwangi,-8.2192,114.3691
2023-05-07,30.2,23.6,27.0,0.3,0.3,4.62,11.3,22.44,92,55,Banyuwangi,-8.2192,114.3691
2023-05-08,29.5,24.6,26.8,2.4,2.4,3.83,14.5,19.43,96,73,Banyuwangi,-8.2192,114.3691
2023-05-09,28.2,24.6,26.0,8.5,8.5,2.38,11.8,11.92,96,80,Banyuwangi,-8.2192,114.3691
2023-05-10,30.1,24.2,26.6,1.1,1.1,3.6,11.5,17.99,95,70,Banyuwangi,-8.2192,114.3691
2023-05-11,28.4,24.7,26.4,8.9,8.9,2.29,11.9,11.27,94,83,Banyuwangi,-8.2192,114.3691
2023-05-12,28.6,25.6,26.9,5.2,5.2,3.47,18.4,16.88,93,77,Banyuwangi,-8.2192,114.3691
2023-05-13,28.9,23.8,26.5,1.8,1.8,4.34,19.3,20.16,91,63,Banyuwangi,-8.2192,114.3691
2023-05-14,29.0,24.0,26.3,1.1,1.1,4.47,16.3,19.61,82,58,Banyuwangi,-8.2192,114.3691
2023-05-15,28.3,23.6,26.0,1.1,1.1,3.44,14.0,14.84,90,56,Banyuwangi,-8.2192,114.3691
2023-05-16,28.5,23.5,25.8,0.0,0.0,3.71,13.1,16.92,86,59,Banyuwangi,-8.2192,114.3691
2023-05-17,28.4,22.9,25.4,0.4,0.4,3.55,12.3,16.42,90,62,Banyuwangi,-8.2192,114.3691
2023-05-18,28.8,22.4,25.4,0.3,0.3,3.8,10.0,18.55,91,60,Banyuwangi,-8.2192,114.3691
2023-05-19,29.0,23.3,26.0,0.0,0.0,4.09,12.5,19.82,87,63,Banyuwangi,-8.2192,114.3691
2023-05-20,29.2,23.0,26.1,0.2,0.2,4.44,15.3,21.1,83,66,Banyuwangi,-8.2192,114.3691
2023-05-21,29.1,21.7,25.8,0.6,0.6,4.44,14.7,21.71,88,58,Banyuwangi,-8.2192,114.3691
2023-05-22,28.3,22.7,25.7,2.7,2.7,4.01,13.6,20.05,90,64,Banyuwangi,-8.2192,114.3691
2023-05-23,28.8,22.3,25.7,0.7,0.7,3.83,10.2,19.2,90,64,Banyuwangi,-8.2192,114.3691
2023-05-24,30.1,22.3,26.2,1.3,1.3,4.13,13.3,20.08,91,60,Banyuwangi,-8.2192,114.3691
2023-05-25,28.5,22.3,25.6,1.9,1.9,3.89,12.6,19.79,99,68,Banyuwangi,-8.2192,114.3691
2023-05-26,28.5,22.3,25.5,3.6,3.6,3.91,14.7,18.93,84,68,Banyuwangi,-8.2192,114.3691
2023-05-27,28.5,21.8,25.6,1.3,1.3,4.04,18.0,17.74,99,61,Banyuwangi,-8.2192,114.3691
2023-05-28,28.3,23.2,26.0,0.0,0.0,4.29,14.2,19.66,88,55,Banyuwangi,-8.2192,114.3691
2023-05-29,28.4,23.0,25.6,2.3,2.3,4.18,14.1,21.04,93,60,Banyuwangi,-8.2192,114.3691
2023-05-30,30.4,21.8,25.8,0.0,0.0,4.32,11.6,21.38,92,55,Banyuwangi,-8.2192,114.3691
2023-05-31,28.4,23.6,26.1,1.5,1.5,3.6,15.0,18.01,92,71,Banyuwangi,-8.2192,114.3691
2023-06-01,28.5,23.9,26.3,1.2,1.2,3.74,17.1,17.74,90,71,Banyuwangi,-8.2192,114.3691
2023-06-02,28.1,25.2,26.3,3.1,3.1,3.41,18.7,16.1,86,73,Banyuwangi,-8.2192,114.3691
2023-06-03,29.0,25.0,26.6,0.1,0.1,3.85,15.8,17.76,84,64,Banyuwangi,-8.2192,114.3691
2023-06-04,28.3,24.9,26.4,1.1,1.1,3.63,15.0,17.05,86,68,Banyuwangi,-8.2192,114.3691
2023-06-05,28.5,24.3,26.0,3.0,3.0,3.32,11.5,16.43,96,69,Banyuwangi,-8.2192,114.3691
2023-06-06,28.5,24.1,25.7,4.5,4.5,3.04,15.9,15.11,95,69,Banyuwangi,-8.2192,114.3691
2023-06-07,27.5,23.9,25.5,3.4,3.4,2.62,13.2,12.81,93,74,Banyuwangi,-8.2192,114.3691
2023-06-08,28.8,23.8,26.0,2.1,2.1,3.83,14.1,19.43,93,67,Banyuwangi,-8.2192,114.3691
2023-06-09,28.4,22.2,25.9,2.8,2.8,3.79,14.0,18.85,99,66,Banyuwangi,-8.2192,114.3691
2023-06-10,28.5,23.6,25.9,0.7,0.7,3.62,13.2,18.06,88,69,Banyuwangi,-8.2192,114.3691
2023-06-11,28.3,23.2,25.7,2.2,2.2,3.29,14.0,16.59,93,75,Banyuwangi,-8.2192,114.3691
2023-06-12,29.2,22.8,26.2,0.8,0.8,3.85,16.8,18.68,90,68,Banyuwangi,-8.2192,114.3691
2023-06-13,28.3,23.3,26.2,2.5,2.5,3.69,19.5,17.74,98,68,Banyuwangi,-8.2192,114.3691
2023-06-14,28.4,24.3,26.4,0.4,0.4,3.8,14.0,17.52,87,65,Banyuwangi,-8.2192,114.3691
2023-06-15,28.0,23.5,25.6,1.9,1.9,3.69,15.1,17.89,89,66,Banyuwangi,-8.2192,114.3691
2023-06-16,28.2,23.8,25.6,2.0,2.0,3.48,13.9,17.55,93,64,Banyuwangi,-8.2192,114.3691
2023-06-17,28.6,23.6,26.0,0.6,0.6,3.78,15.5,18.9,90,62,Banyuwangi,-8.2192,114.3691
2023-06-18,29.9,22.9,26.2,0.0,0.0,4.04,9.3,19.99,92,55,Banyuwangi,-8.2192,114.3691
2023-06-19,31.1,20.2,25.4,0.0,0.0,4.31,11.8,20.52,91,47,Banyuwangi,-8.2192,114.3691
2023-06-20,30.2,22.8,26.2,0.0,0.0,4.16,12.4,20.36,88,54,Banyuwangi,-8.2192,114.3691
2023-06-21,28.9,23.4,25.7,1.5,1.5,3.84,13.0,18.66,95,65,Banyuwangi,-8.2192,114.3691
2023-06-22,29.0,22.4,25.4,0.2,0.2,4.01,11.5,20.41,91,63,Banyuwangi,-8.2192,114.3691
2023-06-23,28.5,21.0,24.8,0.1,0.1,4.07,12.5,20.55,90,58,Banyuwangi,-8.2192,114.3691
2023-06-24,28.3,22.7,25.5,0.0,0.0,3.81,15.3,19.24,89,62,Banyuwangi,-8.2192,114.3691
2023-06-25,29.4,23.8,26.0,0.9,0.9,3.57,10.8,17.56,90,62,Banyuwangi,-8.2192,114.3691
2023-06-26,30.2,22.4,25.1,2.2,2.2,3.62,11.9,18.37,96,59,Banyuwangi,-8.2192,114.3691
2023-06-27,30.1,22.3,25.5,0.6,0.6,3.89,13.5,18.49,93,60,Banyuwangi,-8.2192,114.3691
2023-06-28,28.2,23.5,25.5,1.7,1.7,3.29,12.3,16.26,96,70,Banyuwangi,-8.2192,114.3691
2023-06-29,28.5,23.7,25.6,4.2,4.2,3.38,10.7,17.04,97,71,Banyuwangi,-8.2192,114.3691
2023-06-30,28.5,22.9,25.1,5.3,5.3,3.09,13.4,15.99,96,71,Banyuwangi,-8.2192,114.3691
2023-07-01,26.1,23.3,24.6,11.3,11.3,1.81,15.1,9.13,100,84,Banyuwangi,-8.2192,114.3691
2023-07-02,26.9,23.1,24.5,18.6,18.6,2.19,12.4,11.37,100,79,Banyuwangi,-8.2192,114.3691
2023-07-03,27.4,23.1,24.8,6.2,6.2,2.83,12.6,15.12,100,77,Banyuwangi,-8.2192,114.3691
2023-07-04,27.5,22.9,25.0,3.7,3.7,3.11,13.8,16.68,97,77,Banyuwangi,-8.2192,114.3691
2023-07-05,27.4,23.5,25.1,1.7,1.7,2.83,13.3,15.26,97,80,Banyuwangi,-8.2192,114.3691
2023-07-06,26.6,23.3,24.8,6.5,6.5,2.34,14.2,12.1,100,81,Banyuwangi,-8.2192,114.3691
2023-07-07,26.6,23.2,24.4,18.6,18.6,2.07,17.2,11.07,100,82,Banyuwangi,-8.2192,114.3691
2023-07-08,26.3,22.6,24.6,2.6,2.6,1.97,10.9,9.85,100,82,Banyuwangi,-8.2192,114.3691
2023-07-09,27.3,23.7,25.2,1.5,1.5,3.01,12.6,15.99,94,76,Banyuwangi,-8.2192,114.3691
2023-07-10,28.0,22.0,25.2,1.0,1.0,3.75,16.4,18.9,94,71,Banyuwangi,-8.2192,114.3691
2023-07-11,27.4,21.9,24.6,1.7,1.7,3.48,17.9,17.43,88,68,Banyuwangi,-8.2192,114.3691
2023-07-12,28.3,21.3,24.6,0.3,0.3,3.66,17.2,17.77,93,61,Banyuwangi,-8.2192,114.3691
2023-07-13,27.1,22.8,25.0,11.4,11.4,2.93,17.5,14.97,100,76,Banyuwangi,-8.2192,114.3691
2023-07-14,27.5,22.5,24.8,9.4,9.4,3.16,15.2,16.51,100,70,Banyuwangi,-8.2192,114.3691
2023-07-15,27.7,23.0,25.0,4.2,4.2,3.37,16.2,17.7,99,72,Banyuwangi,-8.2192,114.3691
2023-07-16,26.3,22.4,24.4,5.2,5.2,3.46,13.7,18.74,96,75,Banyuwangi,-8.2192,114.3691
2023-07-17,27.0,21.7,24.3,4.6,4.6,3.36,17.7,17.51,93,71,Banyuwangi,-8.2192,114.3691
2023-07-18,27.8,20.7,24.7,1.1,1.1,3.86,13.8,20.01,98,68,Banyuwangi,-8.2192,114.3691
2023-07-19,26.8,21.3,23.8,2.5,2.5,3.4,20.3,17.55,93,67,Banyuwangi,-8.2192,114.3691
2023-07-20,27.0,21.0,23.9,0.2,0.2,4.11,15.5,19.1,82,60,Banyuwangi,-8.2192,114.3691
2023-07-21,27.0,21.6,24.0,0.0,0.0,3.77,14.3,17.37,87,63,Banyuwangi,-8.2192,114.3691
2023-07-22,27.2,21.3,24.4,1.1,1.1,3.61,16.9,17.4,85,69,Banyuwangi,-8.2192,114.3691
2023-07-23,27.8,21.7,24.7,0.6,0.6,3.74,14.6,18.43,87,61,Banyuwangi,-8.2192,114.3691
2023-07-24,28.1,23.6,25.2,0.8,0.8,3.63,15.1,18.68,91,65,Banyuwangi,-8.2192,114.3691
2023-07-25,27.0,21.8,24.5,2.1,2.1,3.75,15.3,20.67,93,71,Banyuwangi,-8.2192,114.3691
2023-07-26,26.8,21.8,23.9,3.6,3.6,3.66,16.6,20.0,95,69,Banyuwangi,-8.2192,114.3691
2023-07-27,26.8,20.3,23.9,0.7,0.7,4.03,16.9,21.03,89,68,Banyuwangi,-8.2192,114.3691
2023-07-28,26.7,20.7,23.6,2.1,2.1,3.54,15.5,18.47,94,67,Banyuwangi,-8.2192,114.3691
2023-07-29,27.1,20.3,23.3,0.5,0.5,4.03,17.1,20.17,86,60,Banyuwangi,-8.2192,114.3691
2023-07-30,27.0,20.7,23.6,0.9,0.9,3.61,15.0,17.59,89,64,Banyuwangi,-8.2192,114.3691
2023-07-31,27.2,21.6,23.8,1.8,1.8,3.59,15.4,19.53,93,71,Banyuwangi,-8.2192,114.3691
2023-08-01,28.0,21.1,24.4,0.0,0.0,3.93,17.8,21.23,94,71,Banyuwangi,-8.2192,114.3691
2023-08-02,28.3,22.3,24.8,0.0,0.0,3.85,14.2,20.22,95,65,Banyuwangi,-8.2192,114.3691
2023-08-03,28.0,23.3,24.9,0.8,0.8,3.63,16.9,19.19,93,71,Banyuwangi,-8.2192,114.3691
2023-08-04,27.8,22.2,24.5,2.7,2.7,3.56,14.5,18.8,95,68,Banyuwangi,-8.2192,114.3691
2023-08-05,26.8,22.0,24.2,7.2,7.2,3.21,18.5,17.41,99,75,Banyuwangi,-8.2192,114.3691
2023-08-06,27.0,22.8,24.6,2.1,2.1,3.5,14.0,19.03,98,75,Banyuwangi,-8.2192,114.3691
2023-08-07,27.2,21.3,24.0,3.9,3.9,3.81,13.1,20.78,100,73,Banyuwangi,-8.2192,114.3691
2023-08-08,27.1,19.1,23.0,0.1,0.1,4.06,16.1,21.19,93,57,Banyuwangi,-8.2192,114.3691
2023-08-09,27.0,19.3,23.0,0.0,0.0,3.96,14.2,21.25,92,69,Banyuwangi,-8.2192,114.3691
2023-08-10,26.9,18.8,22.5,0.0,0.0,4.08,13.2,21.35,93,65,Banyuwangi,-8.2192,114.3691
2023-08-11,27.9,20.4,23.4,0.0,0.0,4.46,11.2,22.73,90,55,Banyuwangi,-8.2192,114.3691
2023-08-12,27.7,19.3,23.2,0.0,0.0,4.28,12.2,22.4,92,58,Banyuwangi,-8.2192,114.3691
2023-08-13,28.0,20.0,23.8,0.4,0.4,4.21,15.8,22.14,93,58,Banyuwangi,-8.2192,114.3691
2023-08-14,27.3,20.4,23.8,0.0,0.0,3.99,13.3,20.99,94,66,Banyuwangi,-8.2192,114.3691
2023-08-15,27.3,22.0,24.3,2.3,2.3,3.94,12.4,20.78,94,69,Banyuwangi,-8.2192,114.3691
2023-08-16,27.0,22.2,24.1,3.8,3.8,3.83,15.0,20.64,97,70,Banyuwangi,-8.2192,114.3691
2023-08-17,25.8,21.7,23.2,5.2,5.2,2.86,13.4,14.89,97,72,Banyuwangi,-8.2192,114.3691
2023-08-18,26.1,21.4,23.5,1.7,1.7,3.17,14.1,17.0,98,73,Banyuwangi,-8.2192,114.3691
2023-08-19,26.7,21.2,23.8,0.1,0.1,3.89,15.0,21.22,91,71,Banyuwangi,-8.2192,114.3691
2023-08-20,27.4,20.4,23.8,0.8,0.8,4.11,15.5,22.25,93,71,Banyuwangi,-8.2192,114.3691
2023-08-21,26.8,20.6,23.6,2.8,2.8,3.84,14.5,20.83,95,72,Banyuwangi,-8.2192,114.3691
2023-08-22,27.2,20.8,23.8,0.8,0.8,3.84,17.1,19.85,91,67,Banyuwangi,-8.2192,114.3691
2023-08-23,27.1,21.6,24.0,0.6,0.6,3.78,17.5,19.73,94,66,Banyuwangi,-8.2192,114.3691
2023-08-24,27.2,21.1,24.2,1.0,1.0,4.06,18.9,21.9,97,70,Banyuwangi,-8.2192,114.3691
2023-08-25,27.3,21.2,24.1,0.9,0.9,3.85,17.4,20.55,97,69,Banyuwangi,-8.2192,114.3691
2023-08-26,27.5,21.7,24.1,2.2,2.2,3.79,17.2,20.25,94,66,Banyuwangi,-8.2192,114.3691
2023-08-27,27.1,21.1,24.0,0.0,0.0,4.05,14.0,21.27,89,69,Banyuwangi,-8.2192,114.3691
2023-08-28,27.1,22.3,24.1,0.4,0.4,3.98,16.8,21.29,90,69,Banyuwangi,-8.2192,114.3691
2023-08-29,27.1,20.9,23.8,0.2,0.2,4.17,13.5,22.27,94,70,Banyuwangi,-8.2192,114.3691
2023-08-30,28.1,20.0,23.7,0.1,0.1,4.4,19.1,23.28,94,64,Banyuwangi,-8.2192,114.3691
2023-08-31,27.1,21.5,23.8,0.8,0.8,3.84,15.6,20.44,95,70,Banyuwangi,-8.2192,114.3691
2023-09-01,27.8,20.8,23.8,0.4,0.4,4.61,19.2,23.79,89,58,Banyuwangi,-8.2192,114.3691
2023-09-02,27.3,20.6,23.5,0.0,0.0,4.16,18.3,20.94,89,59,Banyuwangi,-8.2192,114.3691
2023-09-03,27.3,21.3,23.8,0.2,0.2,4.4,16.7,22.96,90,60,Banyuwangi,-8.2192,114.3691
2023-09-04,27.3,19.4,23.5,0.0,0.0,4.24,17.9,21.38,88,61,Banyuwangi,-8.2192,114.3691
2023-09-05,27.3,21.4,24.2,0.2,0.2,4.09,16.3,20.76,91,62,Banyuwangi,-8.2192,114.3691
2023-09-06,27.2,22.2,24.4,2.2,2.2,3.49,16.8,17.46,95,67,Banyuwangi,-8.2192,114.3691
2023-09-07,27.0,22.2,24.4,0.8,0.8,3.5,15.2,17.48,95,68,Banyuwangi,-8.2192,114.3691
2023-09-08,27.7,21.3,24.2,0.5,0.5,4.38,14.3,22.55,92,60,Banyuwangi,-8.2192,114.3691
2023-09-09,27.5,21.7,23.9,0.1,0.1,4.42,16.5,23.14,94,59,Banyuwangi,-8.2192,114.3691
2023-09-10,27.7,22.1,24.7,0.5,0.5,4.09,19.3,20.86,92,65,Banyuwangi,-8.2192,114.3691
2023-09-11,28.8,22.9,25.2,1.9,1.9,4.21,15.3,21.28,98,65,Banyuwangi,-8.2192,114.3691
2023-09-12,29.0,22.9,25.1,2.0,2.0,4.46,11.9,23.16,98,65,Banyuwangi,-8.2192,114.3691
2023-09-13,28.3,22.5,24.7,1.0,1.0,4.19,11.8,21.93,98,67,Banyuwangi,-8.2192,114.3691
2023-09-14,27.9,21.2,24.4,5.2,5.2,3.79,15.6,19.22,100,66,Banyuwangi,-8.2192,114.3691
2023-09-15,27.9,21.1,24.1,2.6,2.6,4.44,14.8,22.26,86,64,Banyuwangi,-8.2192,114.3691
2023-09-16,28.3,21.8,24.7,0.6,0.6,4.36,17.0,22.67,94,64,Banyuwangi,-8.2192,114.3691
2023-09-17,27.8,21.7,24.3,2.9,2.9,4.01,14.0,21.59,98,70,Banyuwangi,-8.2192,114.3691
2023-09-18,27.2,21.5,24.1,2.6,2.6,3.94,14.3,20.7,95,71,Banyuwangi,-8.2192,114.3691
2023-09-19,27.5,22.0,24.3,0.1,0.1,3.93,13.7,20.05,91,68,Banyuwangi,-8.2192,114.3691
2023-09-20,27.2,20.7,23.9,0.1,0.1,4.13,14.3,21.55,91,68,Banyuwangi,-8.2192,114.3691
2023-09-21,27.8,21.2,24.1,0.9,0.9,4.66,15.8,23.93,95,64,Banyuwangi,-8.2192,114.3691
2023-09-22,27.1,21.2,24.0,1.9,1.9,4.35,12.3,23.12,96,67,Banyuwangi,-8.2192,114.3691
2023-09-23,28.1,21.5,24.5,0.6,0.6,4.58,12.8,24.09,92,67,Banyuwangi,-8.2192,114.3691
2023-09-24,28.4,22.5,25.0,0.5,0.5,4.6,13.8,23.98,93,64,Banyuwangi,-8.2192,114.3691
2023-09-25,29.3,22.2,25.2,0.0,0.0,5.05,14.1,24.66,94,57,Banyuwangi,-8.2192,114.3691
2023-09-26,29.2,21.1,25.0,0.0,0.0,5.17,14.1,25.42,93,59,Banyuwangi,-8.2192,114.3691
2023-09-27,29.5,21.4,24.9,0.0,0.0,5.07,15.8,24.96,95,58,Banyuwangi,-8.2192,114.3691
2023-09-28,29.5,22.6,25.5,1.0,1.0,4.82,16.5,24.14,89,60,Banyuwangi,-8.2192,114.3691
2023-09-29,29.8,22.2,25.6,0.3,0.3,5.13,16.1,25.83,93,57,Banyuwangi,-8.2192,114.3691
2023-09-30,30.1,22.3,25.6,0.6,0.6,5.26,16.3,25.91,92,55,Banyuwangi,-8.2192,114.3691
2023-10-01,30.4,22.0,25.6,0.3,0.3,5.28,13.8,25.06,91,50,Banyuwangi,-8.2192,114.3691
2023-10-02,29.3,22.0,25.4,0.4,0.4,4.87,14.7,24.11,91,61,Banyuwangi,-8.2192,114.3691
2023-10-03,29.1,22.5,25.6,0.3,0.3,4.22,13.4,20.78,92,65,Banyuwangi,-8.2192,114.3691
2023-10-04,29.8,22.3,25.9,0.1,0.1,4.81,18.7,23.77,93,61,Banyuwangi,-8.2192,114.3691
2023-10-05,30.4,24.1,26.6,2.5,2.5,4.85,17.7,24.23,97,62,Banyuwangi,-8.2192,114.3691
2023-10-06,29.7,22.9,26.1,1.8,1.8,4.85,18.4,24.7,95,64,Banyuwangi,-8.2192,114.3691
2023-10-07,29.7,23.6,26.1,1.6,1.6,4.67,16.2,23.59,95,65,Banyuwangi,-8.2192,114.3691
2023-10-08,30.1,22.7,26.0,0.9,0.9,4.88,18.3,24.6,92,63,Banyuwangi,-8.2192,114.3691
2023-10-09,29.6,21.9,25.9,0.1,0.1,4.88,14.5,24.36,95,68,Banyuwangi,-8.2192,114.3691
2023-10-10,29.8,22.7,26.0,0.9,0.9,5.03,13.4,25.3,96,63,Banyuwangi,-8.2192,114.3691
2023-10-11,30.2,22.5,25.9,0.4,0.4,5.22,17.6,25.73,95,52,Banyuwangi,-8.2192,114.3691
2023-10-12,30.4,22.6,25.9,1.0,1.0,5.02,15.6,24.83,96,56,Banyuwangi,-8.2192,114.3691
2023-10-13,29.5,22.8,25.9,1.3,1.3,4.62,17.6,22.93,97,66,Banyuwangi,-8.2192,114.3691
2023-10-14,30.7,22.6,26.4,0.0,0.0,5.15,16.3,25.32,96,60,Banyuwangi,-8.2192,114.3691
2023-10-15,31.8,22.6,26.7,1.7,1.7,5.29,18.5,25.21,98,52,Banyuwangi,-8.2192,114.3691
2023-10-16,30.1,23.0,26.3,2.2,2.2,4.97,18.3,25.33,100,64,Banyuwangi,-8.2192,114.3691
2023-10-17,31.4,22.1,26.3,1.1,1.1,5.07,20.4,25.27,98,57,Banyuwangi,-8.2192,114.3691
2023-10-18,30.4,22.4,26.2,1.0,1.0,5.17,15.0,25.96,98,59,Banyuwangi,-8.2192,114.3691
2023-10-19,30.6,22.6,26.3,0.8,0.8,5.18,18.7,25.52,94,57,Banyuwangi,-8.2192,114.3691
2023-10-20,30.2,23.3,26.2,1.5,1.5,4.88,13.6,24.32,96,62,Banyuwangi,-8.2192,114.3691
2023-10-21,31.1,22.1,26.1,0.0,0.0,5.53,14.9,25.92,93,46,Banyuwangi,-8.2192,114.3691
2023-10-22,31.2,22.8,26.6,0.1,0.1,5.34,14.8,25.17,95,49,Banyuwangi,-8.2192,114.3691
2023-10-23,30.5,23.3,26.3,0.2,0.2,4.84,13.7,23.13,89,59,Banyuwangi,-8.2192,114.3691
2023-10-24,30.4,23.1,26.1,0.3,0.3,5.08,15.2,24.35,93,61,Banyuwangi,-8.2192,114.3691
2023-10-25,31.0,22.9,26.5,0.3,0.3,5.37,17.6,25.5,91,59,Banyuwangi,-8.2192,114.3691
2023-10-26,32.0,23.7,27.3,0.9,0.9,5.46,15.8,25.32,95,51,Banyuwangi,-8.2192,114.3691
2023-10-27,33.6,23.3,27.4,0.0,0.0,5.69,17.1,26.1,99,37,Banyuwangi,-8.2192,114.3691
2023-10-28,30.8,23.0,26.7,0.1,0.1,5.19,16.9,24.89,99,59,Banyuwangi,-8.2192,114.3691
2023-10-29,31.5,23.5,26.9,0.0,0.0,5.23,15.3,24.44,91,56,Banyuwangi,-8.2192,114.3691
2023-10-30,30.6,23.1,26.5,0.8,0.8,5.04,15.4,24.18,94,60,Banyuwangi,-8.2192,114.3691
2023-10-31,31.7,22.9,26.9,0.3,0.3,5.29,15.9,24.51,87,52,Banyuwangi,-8.2192,114.3691
2023-11-01,31.4,23.3,26.9,0.3,0.3,5.09,19.3,24.19,94,56,Banyuwangi,-8.2192,114.3691
2023-11-02,31.2,23.5,27.2,3.1,3.1,5.48,17.1,25.7,100,58,Banyuwangi,-8.2192,114.3691
2023-11-03,29.7,23.6,26.4,2.7,2.7,4.01,12.7,19.68,96,70,Banyuwangi,-8.2192,114.3691
2023-11-04,30.3,23.0,26.5,1.4,1.4,4.55,12.7,22.71,95,64,Banyuwangi,-8.2192,114.3691
2023-11-05,31.0,22.8,26.9,0.0,0.0,5.27,17.8,25.66,94,60,Banyuwangi,-8.2192,114.3691
2023-11-06,31.6,24.2,27.3,0.2,0.2,5.52,18.4,26.17,94,54,Banyuwangi,-8.2192,114.3691
2023-11-07,31.6,23.2,27.1,0.0,0.0,5.51,17.1,26.03,94,56,Banyuwangi,-8.2192,114.3691
2023-11-08,32.4,23.7,27.6,0.0,0.0,5.55,16.1,25.55,91,54,Banyuwangi,-8.2192,114.3691
2023-11-09,33.0,23.5,27.4,0.5,0.5,5.34,15.4,24.66,98,54,Banyuwangi,-8.2192,114.3691
2023-11-10,33.4,22.2,27.2,1.9,1.9,5.36,20.5,25.35,96,48,Banyuwangi,-8.2192,114.3691
2023-11-11,32.5,22.2,27.2,0.9,0.9,5.43,17.8,25.25,94,54,Banyuwangi,-8.2192,114.3691
2023-11-12,31.6,23.8,27.3,2.0,2.0,5.07,16.1,23.63,89,57,Banyuwangi,-8.2192,114.3691
2023-11-13,30.5,24.6,27.3,1.2,1.2,4.91,15.0,23.0,87,63,Banyuwangi,-8.2192,114.3691
2023-11-14,29.9,24.2,27.0,1.0,1.0,4.4,14.2,21.57,95,67,Banyuwangi,-8.2192,114.3691
2023-11-15,30.4,25.0,27.0,1.9,1.9,4.28,15.0,20.56,91,67,Banyuwangi,-8.2192,114.3691
2023-11-16,30.5,24.6,26.8,2.0,2.0,4.65,13.8,22.82,96,64,Banyuwangi,-8.2192,114.3691
2023-11-17,30.9,23.5,27.0,4.1,4.1,5.13,15.8,24.78,95,62,Banyuwangi,-8.2192,114.3691
2023-11-18,31.0,23.4,26.9,4.5,4.5,5.43,19.1,25.86,93,61,Banyuwangi,-8.2192,114.3691
2023-11-19,30.2,23.9,26.9,1.7,1.7,5.19,15.9,24.98,94,62,Banyuwangi,-8.2192,114.3691
2023-11-20,30.3,24.6,26.8,2.7,2.7,4.67,16.6,22.51,96,65,Banyuwangi,-8.2192,114.3691
2023-11-21,30.7,24.2,27.3,0.4,0.4,5.0,17.0,24.22,93,63,Banyuwangi,-8.2192,114.3691
2023-11-22,31.0,24.6,27.4,1.2,1.2,4.88,14.0,23.87,92,65,Banyuwangi,-8.2192,114.3691
2023-11-23,31.7,23.9,27.5,0.4,0.4,5.04,16.4,23.89,97,61,Banyuwangi,-8.2192,114.3691
2023-11-24,31.2,24.0,27.2,0.4,0.4,4.7,14.8,22.48,96,61,Banyuwangi,-8.2192,114.3691
2023-11-25,32.3,24.0,27.1,2.2,2.2,4.68,11.5,21.9,92,55,Banyuwangi,-8.2192,114.3691
2023-11-26,31.3,23.5,27.1,2.0,2.0,5.12,14.6,24.41,95,61,Banyuwangi,-8.2192,114.3691
2023-11-27,31.7,23.1,26.9,0.5,0.5,4.75,12.2,22.25,89,55,Banyuwangi,-8.2192,114.3691
2023-11-28,31.1,24.1,26.7,4.2,4.2,4.31,15.3,20.29,88,60,Banyuwangi,-8.2192,114.3691
2023-11-29,31.0,24.7,27.1,0.8,0.8,4.33,15.8,20.33,92,59,Banyuwangi,-8.2192,114.3691
2023-11-30,30.8,24.7,26.9,1.6,1.6,4.09,12.2,19.8,98,65,Banyuwangi,-8.2192,114.3691
2023-12-01,29.2,24.4,26.2,4.5,4.5,3.43,10.8,16.73,100,73,Banyuwangi,-8.2192,114.3691
2023-12-02,30.3,24.3,26.0,6.5,6.5,3.58,13.5,17.69,98,68,Banyuwangi,-8.2192,114.3691
2023-12-03,31.3,23.8,26.9,0.9,0.9,5.01,16.1,23.87,91,59,Banyuwangi,-8.2192,114.3691
2023-12-04,29.9,24.8,26.8,1.7,1.7,4.34,13.8,21.47,92,68,Banyuwangi,-8.2192,114.3691
2023-12-05,30.5,24.3,26.9,1.0,1.0,4.64,12.4,22.15,96,64,Banyuwangi,-8.2192,114.3691
2023-12-06,31.8,24.1,27.3,0.4,0.4,4.86,13.8,22.75,87,58,Banyuwangi,-8.2192,114.3691
2023-12-07,31.9,24.5,27.4,0.6,0.6,4.91,12.8,23.53,95,62,Banyuwangi,-8.2192,114.3691
2023-12-08,32.6,23.8,27.2,1.8,1.8,4.71,13.1,23.02,90,61,Banyuwangi,-8.2192,114.3691
2023-12-09,32.8,24.7,28.0,0.5,0.5,4.72,9.5,21.65,90,56,Banyuwangi,-8.2192,114.3691
2023-12-10,32.3,25.1,27.7,2.4,2.4,5.1,15.2,23.16,89,56,Banyuwangi,-8.2192,114.3691
2023-12-11,33.7,24.8,28.4,0.0,0.0,6.22,19.2,25.31,81,43,Banyuwangi,-8.2192,114.3691
2023-12-12,34.4,22.9,28.1,2.3,2.3,5.65,16.5,25.66,94,45,Banyuwangi,-8.2192,114.3691
2023-12-13,32.8,24.5,27.1,7.5,7.5,4.62,10.7,22.38,96,59,Banyuwangi,-8.2192,114.3691
2023-12-14,30.3,23.8,26.3,5.9,5.9,3.74,9.9,18.45,98,71,Banyuwangi,-8.2192,114.3691
2023-12-15,28.8,24.2,26.2,2.9,2.9,3.36,13.5,17.19,96,76,Banyuwangi,-8.2192,114.3691
2023-12-16,31.4,24.1,27.4,4.3,4.3,5.08,12.9,24.6,95,60,Banyuwangi,-8.2192,114.3691
2023-12-17,31.1,24.4,27.5,1.6,1.6,5.2,14.7,23.89,93,59,Banyuwangi,-8.2192,114.3691
2023-12-18,30.5,24.0,27.1,0.0,0.0,5.92,20.2,26.63,84,57,Banyuwangi,-8.2192,114.3691
2023-12-19,32.3,24.1,27.4,0.0,0.0,6.47,18.1,26.52,77,44,Banyuwangi,-8.2192,114.3691
2023-12-20,32.5,24.2,27.7,0.4,0.4,6.04,21.8,24.09,73,45,Banyuwangi,-8.2192,114.3691
2023-12-21,31.5,23.5,27.5,0.1,0.1,5.54,15.0,24.77,77,51,Banyuwangi,-8.2192,114.3691
2023-12-22,31.6,24.4,27.9,0.7,0.7,5.72,16.8,25.68,80,56,Banyuwangi,-8.2192,114.3691
2023-12-23,32.3,23.9,28.1,0.0,0.0,6.05,18.4,26.63,80,56,Banyuwangi,-8.2192,114.3691
2023-12-24,34.1,24.2,27.8,10.1,10.1,5.35,16.0,24.59,93,46,Banyuwangi,-8.2192,114.3691
2023-12-25,33.1,24.3,26.9,5.8,5.8,3.7,8.4,17.61,96,50,Banyuwangi,-8.2192,114.3691
2023-12-26,31.3,24.1,27.2,0.2,0.2,3.87,12.9,18.08,92,64,Banyuwangi,-8.2192,114.3691
2023-12-27,30.8,24.4,26.9,6.0,6.0,4.3,11.3,21.45,95,69,Banyuwangi,-8.2192,114.3691
2023-12-28,30.3,23.9,27.1,0.9,0.9,4.5,12.4,22.17,94,69,Banyuwangi,-8.2192,114.3691
2023-12-29,31.5,24.3,27.5,0.6,0.6,4.69,13.1,22.57,92,63,Banyuwangi,-8.2192,114.3691
2023-12-30,32.4,24.6,28.0,2.5,2.5,5.16,16.6,23.75,93,56,Banyuwangi,-8.2192,114.3691
2023-12-31,30.4,24.4,27.1,0.9,0.9,4.19,11.9,20.44,96,70,Banyuwangi,-8.2192,114.3691
2024-01-01,30.2,24.9,27.3,1.6,1.6,3.61,12.1,17.84,95,73,Banyuwangi,-8.2192,114.3691
2024-01-02,32.4,23.2,27.1,4.1,4.1,5.04,10.8,24.88,97,63,Banyuwangi,-8.2192,114.3691
2024-01-03,31.9,24.2,27.5,1.5,1.5,4.46,18.5,21.44,96,62,Banyuwangi,-8.2192,114.3691
2024-01-04,31.3,23.9,27.0,10.3,10.3,4.24,12.3,21.06,98,67,Banyuwangi,-8.2192,114.3691
2024-01-05,27.8,24.3,26.0,3.1,3.1,3.28,12.6,16.85,100,81,Banyuwangi,-8.2192,114.3691
2024-01-06,29.9,23.9,26.5,1.7,1.7,3.28,12.7,16.15,93,68,Banyuwangi,-8.2192,114.3691
2024-01-07,32.0,24.7,27.2,4.3,4.3,4.25,13.6,20.87,94,64,Banyuwangi,-8.2192,114.3691
2024-01-08,31.6,24.0,26.8,5.0,5.0,4.15,6.0,20.01,99,62,Banyuwangi,-8.2192,114.3691
2024-01-09,33.2,23.9,27.0,4.7,4.7,4.5,14.5,22.04,96,61,Banyuwangi,-8.2192,114.3691
2024-01-10,33.6,23.8,28.1,0.9,0.9,5.4,10.2,25.4,97,57,Banyuwangi,-8.2192,114.3691
2024-01-11,35.1,24.0,28.2,2.8,2.8,5.65,14.0,26.07,97,50,Banyuwangi,-8.2192,114.3691
2024-01-12,34.5,22.6,28.2,0.4,0.4,6.27,21.3,26.24,94,44,Banyuwangi,-8.2192,114.3691
2024-01-13,34.2,25.2,28.8,0.0,0.0,6.36,20.8,25.53,78,45,Banyuwangi,-8.2192,114.3691
2024-01-14,34.8,25.3,29.0,0.3,0.3,5.98,15.5,24.51,78,43,Banyuwangi,-8.2192,114.3691
2024-01-15,33.0,25.1,28.1,1.8,1.8,4.08,10.8,18.3,88,55,Banyuwangi,-8.2192,114.3691
2024-01-16,33.9,25.2,28.1,0.8,0.8,4.59,10.1,20.58,87,50,Banyuwangi,-8.2192,114.3691
2024-01-17,31.4,23.9,26.5,4.5,4.5,4.35,17.7,21.5,96,62,Banyuwangi,-8.2192,114.3691
2024-01-18,30.2,24.6,26.4,9.9,9.9,3.22,12.8,15.98,96,73,Banyuwangi,-8.2192,114.3691
2024-01-19,28.0,23.6,25.9,2.8,2.8,2.76,13.1,12.97,100,77,Banyuwangi,-8.2192,114.3691
2024-01-20,33.1,25.5,28.5,0.0,0.0,5.91,22.3,23.57,81,47,Banyuwangi,-8.2192,114.3691
2024-01-21,33.3,24.4,28.3,1.0,1.0,5.23,17.1,22.98,88,50,Banyuwangi,-8.2192,114.3691
2024-01-22,31.2,24.0,27.6,0.9,0.9,4.68,12.0,21.37,85,61,Banyuwangi,-8.2192,114.3691
2024-01-23,32.3,23.8,27.8,0.8,0.8,4.07,16.6,17.05,94,54,Banyuwangi,-8.2192,114.3691
2024-01-24,31.8,23.8,26.7,1.3,1.3,3.87,10.1,18.51,95,60,Banyuwangi,-8.2192,114.3691
2024-01-25,32.1,24.2,26.8,3.8,3.8,3.94,15.3,18.79,100,58,Banyuwangi,-8.2192,114.3691
2024-01-26,30.8,23.3,26.0,3.7,3.7,3.58,13.0,17.61,96,65,Banyuwangi,-8.2192,114.3691
2024-01-27,30.1,23.9,26.2,1.4,1.4,3.96,8.2,19.16,98,64,Banyuwangi,-8.2192,114.3691
2024-01-28,30.1,23.7,25.9,10.0,10.0,3.24,8.0,15.88,100,70,Banyuwangi,-8.2192,114.3691
2024-01-29,29.7,23.4,25.8,1.5,1.5,3.8,13.8,19.03,97,70,Banyuwangi,-8.2192,114.3691
2024-01-30,30.3,23.2,26.1,10.8,10.8,3.98,7.4,19.72,100,70,Banyuwangi,-8.2192,114.3691
2024-01-31,31.4,23.1,25.9,17.2,17.2,4.13,14.7,20.66,100,63,Banyuwangi,-8.2192,114.3691
2024-02-01,31.2,23.7,26.2,3.0,3.0,4.04,11.4,20.16,100,68,Banyuwangi,-8.2192,114.3691
2024-02-02,30.5,23.6,26.2,9.3,9.3,4.24,10.0,21.79,95,73,Banyuwangi,-8.2192,114.3691
2024-02-03,28.6,23.4,25.5,5.4,5.4,2.98,13.1,15.29,100,80,Banyuwangi,-8.2192,114.3691
2024-02-04,29.6,23.5,25.9,13.6,13.6,3.38,10.7,17.01,100,76,Banyuwangi,-8.2192,114.3691
2024-02-05,30.9,23.5,26.0,11.8,11.8,3.98,6.0,19.83,97,69,Banyuwangi,-8.2192,114.3691
2024-02-06,31.3,23.1,26.1,6.9,6.9,4.42,9.4,22.33,95,69,Banyuwangi,-8.2192,114.3691
2024-02-07,31.2,23.7,26.5,1.9,1.9,4.29,7.3,21.0,97,67,Banyuwangi,-8.2192,114.3691
2024-02-08,31.5,23.5,26.0,6.9,6.9,4.0,8.7,19.85,98,67,Banyuwangi,-8.2192,114.3691
2024-02-09,30.8,23.6,26.2,6.9,6.9,4.18,12.3,21.12,97,71,Banyuwangi,-8.2192,114.3691
2024-02-10,31.3,22.6,26.0,9.1,9.1,3.86,6.8,18.84,100,67,Banyuwangi,-8.2192,114.3691
2024-02-11,30.5,22.8,26.0,15.0,15.0,3.58,11.4,18.24,100,73,Banyuwangi,-8.2192,114.3691
2024-02-12,29.7,23.6,26.4,3.0,3.0,3.54,7.1,17.83,96,76,Banyuwangi,-8.2192,114.3691
2024-02-13,30.8,24.2,26.7,6.2,6.2,3.68,6.9,17.9,96,68,Banyuwangi,-8.2192,114.3691
2024-02-14,30.6,24.4,26.9,1.0,1.0,4.13,11.6,20.57,95,73,Banyuwangi,-8.2192,114.3691
2024-02-15,31.4,23.7,26.9,7.0,7.0,4.67,10.4,23.1,99,66,Banyuwangi,-8.2192,114.3691
2024-02-16,31.9,23.4,27.0,2.0,2.0,5.08,12.6,24.98,95,67,Banyuwangi,-8.2192,114.3691
2024-02-17,31.7,23.5,26.3,6.0,6.0,4.51,11.9,22.76,97,66,Banyuwangi,-8.2192,114.3691
2024-02-18,32.0,23.8,26.8,0.8,0.8,4.1,8.9,19.88,93,63,Banyuwangi,-8.2192,114.3691
2024-02-19,32.1,24.8,27.9,1.1,1.1,5.13,17.1,24.69,94,62,Banyuwangi,-8.2192,114.3691
2024-02-20,33.3,24.1,27.5,4.5,4.5,5.22,13.7,25.0,99,61,Banyuwangi,-8.2192,114.3691
2024-02-21,32.5,23.8,27.2,3.2,3.2,5.08,12.5,24.73,99,67,Banyuwangi,-8.2192,114.3691
2024-02-22,31.4,24.3,27.5,0.6,0.6,4.44,13.7,21.4,95,64,Banyuwangi,-8.2192,114.3691
2024-02-23,30.5,25.3,27.2,3.4,3.4,3.7,15.5,18.12,98,72,Banyuwangi,-8.2192,114.3691
2024-02-24,31.2,24.7,26.9,7.0,7.0,3.68,12.3,17.85,97,66,Banyuwangi,-8.2192,114.3691
2024-02-25,30.3,23.7,26.0,13.0,13.0,2.85,17.8,14.25,98,68,Banyuwangi,-8.2192,114.3691
2024-02-26,30.3,23.4,25.8,11.2,11.2,3.09,8.3,15.24,100,72,Banyuwangi,-8.2192,114.3691
2024-02-27,31.3,24.1,26.8,5.4,5.4,3.91,18.2,19.59,99,71,Banyuwangi,-8.2192,114.3691
2024-02-28,31.5,24.6,26.9,10.1,10.1,4.45,15.4,22.04,100,67,Banyuwangi,-8.2192,114.3691
2024-02-29,32.3,23.8,27.2,5.4,5.4,4.7,14.7,23.19,95,64,Banyuwangi,-8.2192,114.3691
2024-03-01,30.5,24.6,26.4,24.5,24.5,3.4,7.9,16.87,100,73,Banyuwangi,-8.2192,114.3691
2024-03-02,31.6,23.5,26.9,1.7,1.7,4.2,14.8,20.52,99,63,Banyuwangi,-8.2192,114.3691
2024-03-03,30.6,24.3,27.0,1.8,1.8,4.24,6.6,20.76,95,73,Banyuwangi,-8.2192,114.3691
2024-03-04,31.6,25.4,27.3,11.1,11.1,3.76,6.4,18.36,97,70,Banyuwangi,-8.2192,114.3691
2024-03-05,31.2,24.6,26.9,17.8,17.8,3.78,10.4,18.71,97,73,Banyuwangi,-8.2192,114.3691
2024-03-06,31.1,23.8,27.1,9.6,9.6,4.2,14.1,20.92,99,70,Banyuwangi,-8.2192,114.3691
2024-03-07,29.6,24.9,27.0,0.6,0.6,2.89,9.3,14.01,96,76,Banyuwangi,-8.2192,114.3691
2024-03-08,31.3,24.7,26.6,24.0,24.0,3.56,13.4,17.43,100,68,Banyuwangi,-8.2192,114.3691
2024-03-09,30.5,24.0,25.9,44.4,44.4,2.96,12.1,14.57,100,70,Banyuwangi,-8.2192,114.3691
2024-03-10,28.2,24.2,25.8,5.5,5.5,2.38,13.7,11.21,100,77,Banyuwangi,-8.2192,114.3691
2024-03-11,29.2,24.5,26.4,0.6,0.6,2.7,13.8,12.57,94,73,Banyuwangi,-8.2192,114.3691
2024-03-12,28.4,24.5,25.9,1.7,1.7,2.45,8.7,11.96,94,74,Banyuwangi,-8.2192,114.3691
2024-03-13,32.2,24.1,26.9,0.1,0.1,3.6,10.2,16.39,92,55,Banyuwangi,-8.2192,114.3691
2024-03-14,28.5,24.3,25.7,2.4,2.4,2.75,10.4,12.86,93,74,Banyuwangi,-8.2192,114.3691
2024-03-15,29.5,23.8,25.9,2.4,2.4,3.64,10.5,17.58,93,64,Banyuwangi,-8.2192,114.3691
2024-03-16,30.8,24.2,27.0,0.8,0.8,4.84,12.3,23.22,94,64,Banyuwangi,-8.2192,114.3691
2024-03-17,30.4,24.3,26.4,4.2,4.2,4.17,9.8,20.38,96,62,Banyuwangi,-8.2192,114.3691
2024-03-18,29.6,24.1,26.4,7.4,7.4,3.44,13.9,17.08,93,68,Banyuwangi,-8.2192,114.3691
2024-03-19,31.7,24.9,27.6,0.7,0.7,4.85,13.6,23.25,92,59,Banyuwangi,-8.2192,114.3691
2024-03-20,31.7,24.3,27.2,2.3,2.3,4.63,15.3,22.64,92,62,Banyuwangi,-8.2192,114.3691
2024-03-21,31.1,23.6,27.1,1.6,1.6,4.61,8.1,22.34,96,65,Banyuwangi,-8.2192,114.3691
2024-03-22,32.3,23.4,27.2,0.1,0.1,4.8,7.1,23.29,90,56,Banyuwangi,-8.2192,114.3691
2024-03-23,31.7,23.9,27.0,0.9,0.9,4.97,12.1,24.28,91,63,Banyuwangi,-8.2192,114.3691
2024-03-24,32.4,23.5,27.1,0.6,0.6,4.77,10.2,23.07,92,58,Banyuwangi,-8.2192,114.3691
2024-03-25,30.8,24.2,26.7,3.8,3.8,3.92,13.3,18.65,94,64,Banyuwangi,-8.2192,114.3691
2024-03-26,31.2,24.9,27.3,1.3,1.3,4.69,11.7,21.71,90,60,Banyuwangi,-8.2192,114.3691
2024-03-27,31.0,24.7,27.0,5.2,5.2,4.41,14.8,20.07,100,61,Banyuwangi,-8.2192,114.3691
2024-03-28,31.3,24.6,27.0,3.9,3.9,4.36,10.8,20.65,96,61,Banyuwangi,-8.2192,114.3691
2024-03-29,30.6,24.1,27.0,0.8,0.8,4.32,10.4,20.93,90,67,Banyuwangi,-8.2192,114.3691
2024-03-30,32.2,23.9,28.1,0.8,0.8,5.33,17.1,24.11,89,53,Banyuwangi,-8.2192,114.3691
2024-03-31,31.8,24.4,27.9,1.7,1.7,5.03,12.6,23.57,92,61,Banyuwangi,-8.2192,114.3691
2024-04-01,29.5,25.2,27.0,2.8,2.8,3.54,10.0,17.07,93,73,Banyuwangi,-8.2192,114.3691
2024-04-02,29.8,24.4,26.7,3.2,3.2,3.33,10.2,16.08,98,73,Banyuwangi,-8.2192,114.3691
2024-04-03,32.8,24.3,27.9,1.0,1.0,5.07,12.3,23.75,92,53,Banyuwangi,-8.2192,114.3691
2024-04-04,29.8,24.7,26.9,1.6,1.6,2.9,10.8,13.61,91,72,Banyuwangi,-8.2192,114.3691
2024-04-05,32.5,23.9,27.1,1.0,1.0,4.21,8.7,20.07,96,57,Banyuwangi,-8.2192,114.3691
2024-04-06,33.3,23.0,27.6,0.1,0.1,4.68,7.6,22.54,97,50,Banyuwangi,-8.2192,114.3691
2024-04-07,32.3,24.9,27.6,1.2,1.2,4.0,8.6,19.16,93,58,Banyuwangi,-8.2192,114.3691
2024-04-08,29.9,24.3,26.6,13.2,13.2,3.2,7.6,15.79,100,69,Banyuwangi,-8.2192,114.3691
2024-04-09,29.1,24.4,26.2,16.5,16.5,3.17,12.1,16.1,96,80,Banyuwangi,-8.2192,114.3691
2024-04-10,28.9,23.5,26.4,10.5,10.5,2.96,9.7,14.67,100,79,Banyuwangi,-8.2192,114.3691
2024-04-11,29.8,24.2,26.5,3.3,3.3,3.26,10.9,16.19,98,71,Banyuwangi,-8.2192,114.3691
2024-04-12,30.1,24.0,26.7,1.1,1.1,3.93,10.1,19.42,93,70,Banyuwangi,-8.2192,114.3691
2024-04-13,30.8,24.5,27.5,3.5,3.5,4.43,13.3,21.66,91,69,Banyuwangi,-8.2192,114.3691
2024-04-14,30.7,24.5,27.4,3.2,3.2,4.65,14.0,22.69,87,66,Banyuwangi,-8.2192,114.3691
2024-04-15,31.1,24.2,27.4,1.9,1.9,4.61,16.7,22.37,91,65,Banyuwangi,-8.2192,114.3691
2024-04-16,29.4,24.4,26.5,4.2,4.2,3.6,20.8,18.38,96,76,Banyuwangi,-8.2192,114.3691
2024-04-17,29.4,23.8,25.6,31.7,31.7,2.98,12.4,15.29,100,75,Banyuwangi,-8.2192,114.3691
2024-04-18,29.8,24.0,26.3,4.2,4.2,3.75,16.1,19.02,100,72,Banyuwangi,-8.2192,114.3691
2024-04-19,29.2,24.7,26.6,2.2,2.2,3.65,16.4,19.16,96,79,Banyuwangi,-8.2192,114.3691
2024-04-20,29.4,24.6,26.7,2.0,2.0,3.6,11.6,18.45,95,78,Banyuwangi,-8.2192,114.3691
2024-04-21,29.4,24.0,26.3,5.2,5.2,3.46,10.5,17.7,99,79,Banyuwangi,-8.2192,114.3691
2024-04-22,28.6,23.9,26.0,6.2,6.2,3.08,12.2,15.87,100,78,Banyuwangi,-8.2192,114.3691
2024-04-23,30.1,24.2,26.3,10.2,10.2,2.81,7.9,13.86,100,75,Banyuwangi,-8.2192,114.3691
2024-04-24,28.9,24.8,26.3,14.9,14.9,2.5,9.4,12.3,99,82,Banyuwangi,-8.2192,114.3691
2024-04-25,29.6,24.1,26.5,1.4,1.4,2.9,14.8,14.12,95,75,Banyuwangi,-8.2192,114.3691
2024-04-26,32.1,24.3,27.3,0.3,0.3,4.47,12.0,21.9,93,61,Banyuwangi,-8.2192,114.3691
2024-04-27,30.9,24.5,27.2,1.5,1.5,4.31,12.4,21.69,95,72,Banyuwangi,-8.2192,114.3691
2024-04-28,30.6,25.0,27.1,1.8,1.8,4.15,11.8,21.04,96,72,Banyuwangi,-8.2192,114.3691
2024-04-29,28.8,25.3,27.0,4.9,4.9,3.81,18.3,19.36,95,76,Banyuwangi,-8.2192,114.3691
2024-04-30,29.2,25.1,26.8,2.7,2.7,3.76,16.5,18.91,93,74,Banyuwangi,-8.2192,114.3691
2024-05-01,29.5,25.3,27.2,2.3,2.3,4.01,16.8,20.2,89,74,Banyuwangi,-8.2192,114.3691
2024-05-02,28.7,24.9,26.6,4.4,4.4,3.19,13.6,16.13,93,77,Banyuwangi,-8.2192,114.3691
2024-05-03,29.1,24.4,26.4,5.3,5.3,3.85,13.7,20.07,95,74,Banyuwangi,-8.2192,114.3691
2024-05-04,28.1,23.0,25.5,3.0,3.0,3.57,13.8,18.95,97,74,Banyuwangi,-8.2192,114.3691
2024-05-05,29.4,22.7,25.7,0.0,0.0,4.42,11.6,21.76,91,62,Banyuwangi,-8.2192,114.3691
2024-05-06,28.3,23.0,25.5,1.6,1.6,3.81,11.9,19.3,89,73,Banyuwangi,-8.2192,114.3691
2024-05-07,29.1,22.5,25.5,2.2,2.2,3.92,12.1,20.16,93,72,Banyuwangi,-8.2192,114.3691
2024-05-08,29.1,23.6,25.9,2.0,2.0,3.56,12.8,18.23,95,72,Banyuwangi,-8.2192,114.3691
2024-05-09,28.6,24.3,26.1,1.6,1.6,3.27,13.5,16.77,95,77,Banyuwangi,-8.2192,114.3691
2024-05-10,29.2,24.4,26.7,1.1,1.1,3.87,15.8,20.25,94,75,Banyuwangi,-8.2192,114.3691
2024-05-11,29.1,25.1,26.7,1.5,1.5,3.67,12.6,18.96,94,75,Banyuwangi,-8.2192,114.3691
2024-05-12,29.5,24.4,26.7,0.3,0.3,3.98,12.7,20.64,94,73,Banyuwangi,-8.2192,114.3691
2024-05-13,29.3,24.1,26.5,0.2,0.2,3.92,15.7,20.55,93,74,Banyuwangi,-8.2192,114.3691
2024-05-14,29.4,24.3,26.3,0.4,0.4,4.11,14.0,21.18,94,68,Banyuwangi,-8.2192,114.3691
2024-05-15,28.9,23.7,26.0,1.3,1.3,3.73,14.9,19.54,94,74,Banyuwangi,-8.2192,114.3691
2024-05-16,29.1,24.1,26.0,2.0,2.0,3.88,13.4,19.99,96,71,Banyuwangi,-8.2192,114.3691
2024-05-17,28.6,24.1,26.2,2.3,2.3,3.61,14.2,18.83,94,75,Banyuwangi,-8.2192,114.3691
2024-05-18,28.8,24.4,26.0,4.2,4.2,3.49,13.4,18.1,96,73,Banyuwangi,-8.2192,114.3691
2024-05-19,28.2,23.7,25.5,5.6,5.6,3.31,15.9,17.31,96,73,Banyuwangi,-8.2192,114.3691
2024-05-20,28.6,24.1,25.8,2.8,2.8,3.51,14.7,17.86,92,71,Banyuwangi,-8.2192,114.3691
2024-05-21,28.5,24.1,26.0,2.1,2.1,3.5,12.0,17.95,95,72,Banyuwangi,-8.2192,114.3691
2024-05-22,28.6,24.2,26.2,0.8,0.8,3.49,13.4,18.19,94,74,Banyuwangi,-8.2192,114.3691
2024-05-23,28.8,24.4,26.2,1.2,1.2,3.35,10.8,17.13,96,73,Banyuwangi,-8.2192,114.3691
2024-05-24,29.4,24.5,26.4,0.6,0.6,3.61,15.3,18.4,96,72,Banyuwangi,-8.2192,114.3691
2024-05-25,28.8,24.3,26.1,5.2,5.2,3.49,15.2,18.36,97,76,Banyuwangi,-8.2192,114.3691
2024-05-26,28.3,24.1,26.0,6.1,6.1,3.24,15.6,16.67,100,75,Banyuwangi,-8.2192,114.3691
2024-05-27,28.2,24.9,26.4,1.7,1.7,3.22,13.7,16.62,90,78,Banyuwangi,-8.2192,114.3691
2024-05-28,31.6,23.6,26.9,0.1,0.1,3.98,13.2,19.29,98,53,Banyuwangi,-8.2192,114.3691
2024-05-29,31.0,22.7,26.1,0.7,0.7,3.75,9.0,18.43,97,64,Banyuwangi,-8.2192,114.3691
2024-05-30,28.9,23.9,26.2,0.8,0.8,3.47,12.4,17.83,97,75,Banyuwangi,-8.2192,114.3691
2024-05-31,28.9,25.0,26.5,0.8,0.8,3.53,12.6,18.0,93,74,Banyuwangi,-8.2192,114.3691
2024-06-01,29.0,24.8,26.7,2.4,2.4,3.24,13.4,16.53,96,74,Banyuwangi,-8.2192,114.3691
2024-06-02,29.5,24.2,26.4,1.2,1.2,3.61,10.4,18.41,95,75,Banyuwangi,-8.2192,114.3691
2024-06-03,27.4,24.1,25.4,5.3,5.3,2.57,13.8,13.36,97,81,Banyuwangi,-8.2192,114.3691
2024-06-04,28.4,23.3,25.6,3.6,3.6,3.44,11.2,18.02,100,76,Banyuwangi,-8.2192,114.3691
2024-06-05,28.6,23.4,25.7,4.1,4.1,3.59,15.6,18.41,96,73,Banyuwangi,-8.2192,114.3691
2024-06-06,28.2,23.8,25.6,4.2,4.2,3.41,15.2,17.71,99,76,Banyuwangi,-8.2192,114.3691
2024-06-07,26.8,23.6,25.2,3.9,3.9,2.45,12.6,12.29,100,78,Banyuwangi,-8.2192,114.3691
2024-06-08,28.0,24.5,26.1,0.8,0.8,3.42,15.9,17.77,90,76,Banyuwangi,-8.2192,114.3691
2024-06-09,28.0,24.8,26.0,2.2,2.2,3.0,13.8,15.46,93,77,Banyuwangi,-8.2192,114.3691
2024-06-10,28.2,24.3,26.2,3.2,3.2,3.29,15.3,16.56,95,75,Banyuwangi,-8.2192,114.3691
2024-06-11,27.7,24.9,25.9,1.3,1.3,2.92,15.3,14.99,91,77,Banyuwangi,-8.2192,114.3691
2024-06-12,28.2,24.4,25.9,1.0,1.0,3.61,12.4,18.16,90,68,Banyuwangi,-8.2192,114.3691
2024-06-13,28.2,23.2,25.5,0.4,0.4,3.26,11.3,16.34,92,67,Banyuwangi,-8.2192,114.3691
2024-06-14,29.4,23.5,26.2,0.5,0.5,3.39,10.9,16.59,90,68,Banyuwangi,-8.2192,114.3691
2024-06-15,28.5,24.1,26.1,0.0,0.0,3.75,14.1,19.16,90,66,Banyuwangi,-8.2192,114.3691
2024-06-16,28.6,23.1,25.7,0.0,0.0,3.67,13.9,18.3,91,63,Banyuwangi,-8.2192,114.3691
2024-06-17,28.9,22.9,25.8,0.4,0.4,3.63,13.7,18.32,94,70,Banyuwangi,-8.2192,114.3691
2024-06-18,29.1,21.3,25.2,0.4,0.4,3.95,17.2,18.98,81,64,Banyuwangi,-8.2192,114.3691
2024-06-19,28.5,23.1,26.0,0.2,0.2,4.01,18.9,19.56,86,63,Banyuwangi,-8.2192,114.3691
2024-06-20,28.7,23.5,25.8,0.2,0.2,4.2,15.1,19.68,82,54,Banyuwangi,-8.2192,114.3691
2024-06-21,28.2,22.6,25.2,0.5,0.5,3.82,18.3,18.2,90,64,Banyuwangi,-8.2192,114.3691
2024-06-22,27.8,20.9,24.7,5.0,5.0,3.68,17.3,18.62,90,69,Banyuwangi,-8.2192,114.3691
2024-06-23,27.9,24.0,25.7,4.1,4.1,3.07,18.2,14.42,92,71,Banyuwangi,-8.2192,114.3691
2024-06-24,26.8,24.2,25.1,3.7,3.7,2.01,20.5,8.65,91,76,Banyuwangi,-8.2192,114.3691
2024-06-25,27.8,23.1,25.5,1.5,1.5,2.94,15.8,13.81,93,71,Banyuwangi,-8.2192,114.3691
2024-06-26,27.8,24.3,26.0,0.2,0.2,3.26,16.1,15.98,90,69,Banyuwangi,-8.2192,114.3691
2024-06-27,30.5,24.0,26.7,0.0,0.0,3.82,14.4,18.49,94,60,Banyuwangi,-8.2192,114.3691
2024-06-28,29.4,24.2,26.4,0.4,0.4,3.75,13.3,19.03,93,65,Banyuwangi,-8.2192,114.3691
2024-06-29,28.9,23.7,26.0,2.3,2.3,3.79,13.7,19.59,97,70,Banyuwangi,-8.2192,114.3691
2024-06-30,28.8,23.6,25.9,2.3,2.3,3.54,13.9,17.51,96,68,Banyuwangi,-8.2192,114.3691
2024-07-01,27.8,22.4,25.0,5.9,5.9,3.21,17.5,17.07,100,74,Banyuwangi,-8.2192,114.3691
2024-07-02,27.9,23.4,25.4,4.2,4.2,2.57,14.0,13.02,100,76,Banyuwangi,-8.2192,114.3691
2024-07-03,27.0,23.7,25.1,10.9,10.9,2.07,9.0,10.41,100,81,Banyuwangi,-8.2192,114.3691
2024-07-04,28.1,22.9,25.7,2.4,2.4,3.3,18.8,16.14,99,69,Banyuwangi,-8.2192,114.3691
2024-07-05,27.9,24.3,25.9,1.9,1.9,3.49,17.7,16.63,89,69,Banyuwangi,-8.2192,114.3691
2024-07-06,28.3,23.8,26.0,0.0,0.0,3.45,15.7,16.75,87,69,Banyuwangi,-8.2192,114.3691
2024-07-07,28.3,24.4,25.9,1.5,1.5,3.62,16.1,18.2,90,69,Banyuwangi,-8.2192,114.3691
2024-07-08,28.2,22.9,25.5,0.7,0.7,3.91,14.8,19.69,94,66,Banyuwangi,-8.2192,114.3691
2024-07-09,28.5,23.9,25.8,0.1,0.1,3.81,19.7,19.53,92,69,Banyuwangi,-8.2192,114.3691
2024-07-10,28.1,22.1,25.4,5.1,5.1,3.68,17.9,19.17,95,71,Banyuwangi,-8.2192,114.3691
2024-07-11,27.0,21.1,23.7,6.3,6.3,3.22,17.7,16.99,100,72,Banyuwangi,-8.2192,114.3691
2024-07-12,27.9,20.7,24.0,2.1,2.1,4.07,14.1,20.76,89,63,Banyuwangi,-8.2192,114.3691
2024-07-13,26.2,20.7,23.5,4.0,4.0,3.7,14.7,18.6,90,66,Banyuwangi,-8.2192,114.3691
2024-07-14,27.7,20.1,23.5,0.2,0.2,3.93,20.0,18.6,82,58,Banyuwangi,-8.2192,114.3691
2024-07-15,27.1,19.8,23.8,1.8,1.8,3.6,15.1,17.13,89,64,Banyuwangi,-8.2192,114.3691
2024-07-16,27.3,21.4,24.1,0.9,0.9,3.78,16.7,19.32,93,64,Banyuwangi,-8.2192,114.3691
2024-07-17,27.8,21.3,24.8,0.2,0.2,3.68,17.2,18.43,92,62,Banyuwangi,-8.2192,114.3691
2024-07-18,27.6,21.3,24.5,1.5,1.5,3.78,13.4,19.94,95,68,Banyuwangi,-8.2192,114.3691
2024-07-19,27.2,21.2,24.1,3.4,3.4,3.66,18.4,19.5,93,71,Banyuwangi,-8.2192,114.3691
2024-07-20,27.1,21.6,24.6,0.1,0.1,3.43,18.2,15.83,92,66,Banyuwangi,-8.2192,114.3691
2024-07-21,27.4,21.9,24.6,0.9,0.9,3.54,15.5,17.05,91,61,Banyuwangi,-8.2192,114.3691
2024-07-22,27.1,22.1,24.4,1.2,1.2,3.44,14.8,17.92,92,71,Banyuwangi,-8.2192,114.3691
2024-07-23,27.7,23.2,25.0,1.1,1.1,3.12,14.6,15.6,96,69,Banyuwangi,-8.2192,114.3691
2024-07-24,28.1,22.8,25.1,1.5,1.5,3.8,13.6,19.4,96,63,Banyuwangi,-8.2192,114.3691
2024-07-25,27.5,21.7,24.7,0.5,0.5,3.62,12.3,18.51,92,64,Banyuwangi,-8.2192,114.3691
2024-07-26,27.7,23.0,24.9,2.9,2.9,3.67,15.3,19.17,93,68,Banyuwangi,-8.2192,114.3691
2024-07-27,27.8,22.8,24.9,2.8,2.8,3.53,17.7,18.13,96,67,Banyuwangi,-8.2192,114.3691
2024-07-28,27.4,23.3,24.8,4.3,4.3,3.28,15.8,17.21,97,71,Banyuwangi,-8.2192,114.3691
2024-07-29,27.2,22.6,24.6,6.7,6.7,2.97,13.2,15.83,100,75,Banyuwangi,-8.2192,114.3691
2024-07-30,28.0,23.0,24.8,2.8,2.8,3.25,10.9,17.04,98,74,Banyuwangi,-8.2192,114.3691
2024-07-31,28.0,22.8,25.0,0.5,0.5,3.46,11.9,18.06,96,73,Banyuwangi,-8.2192,114.3691
2024-08-01,29.5,22.4,25.6,2.9,2.9,3.89,12.5,19.77,96,68,Banyuwangi,-8.2192,114.3691
2024-08-02,29.3,22.8,25.3,1.2,1.2,3.66,12.6,18.53,96,66,Banyuwangi,-8.2192,114.3691
2024-08-03,28.8,22.2,25.1,0.0,0.0,3.93,13.0,19.92,90,66,Banyuwangi,-8.2192,114.3691
2024-08-04,27.9,21.9,24.5,2.3,2.3,3.92,13.8,20.48,92,69,Banyuwangi,-8.2192,114.3691
2024-08-05,27.9,21.8,24.5,0.2,0.2,4.25,10.9,21.35,86,64,Banyuwangi,-8.2192,114.3691
2024-08-06,28.0,22.3,24.8,4.6,4.6,3.8,17.8,19.07,89,64,Banyuwangi,-8.2192,114.3691
2024-08-07,27.9,23.3,25.2,5.4,5.4,3.62,15.8,18.39,93,69,Banyuwangi,-8.2192,114.3691
2024-08-08,27.5,23.6,25.2,4.6,4.6,3.46,20.3,18.55,94,73,Banyuwangi,-8.2192,114.3691
2024-08-09,27.3,22.5,24.8,4.8,4.8,3.28,20.3,17.87,100,74,Banyuwangi,-8.2192,114.3691
2024-08-10,27.6,22.0,24.5,1.6,1.6,4.03,13.4,21.73,93,67,Banyuwangi,-8.2192,114.3691
2024-08-11,27.2,21.0,23.7,1.7,1.7,4.19,17.9,20.3,85,53,Banyuwangi,-8.2192,114.3691
2024-08-12,27.2,20.9,23.8,0.3,0.3,4.26,15.6,21.52,92,59,Banyuwangi,-8.2192,114.3691
2024-08-13,27.1,21.3,24.1,3.9,3.9,3.7,15.0,19.65,96,71,Banyuwangi,-8.2192,114.3691
2024-08-14,27.8,21.5,24.7,1.1,1.1,4.23,13.3,21.7,97,64,Banyuwangi,-8.2192,114.3691
2024-08-15,27.4,20.8,24.1,0.2,0.2,4.28,16.9,21.09,90,58,Banyuwangi,-8.2192,114.3691
2024-08-16,27.2,20.2,23.8,0.0,0.0,3.94,15.5,18.93,88,62,Banyuwangi,-8.2192,114.3691
2024-08-17,27.9,20.9,24.1,0.0,0.0,4.2,16.3,20.75,89,60,Banyuwangi,-8.2192,114.3691
2024-08-18,27.6,20.1,24.0,0.0,0.0,4.25,15.3,21.41,89,61,Banyuwangi,-8.2192,114.3691
2024-08-19,27.9,21.3,24.1,0.4,0.4,4.43,18.0,22.16,89,58,Banyuwangi,-8.2192,114.3691
2024-08-20,27.9,20.3,24.1,0.1,0.1,4.27,13.9,21.36,87,61,Banyuwangi,-8.2192,114.3691
2024-08-21,28.5,22.7,25.1,1.2,1.2,4.12,16.4,20.85,93,63,Banyuwangi,-8.2192,114.3691
2024-08-22,27.8,21.5,24.3,0.1,0.1,4.33,14.5,22.87,94,62,Banyuwangi,-8.2192,114.3691
2024-08-23,29.1,22.5,25.1,2.0,2.0,4.4,16.3,22.47,97,60,Banyuwangi,-8.2192,114.3691
2024-08-24,26.9,22.1,24.2,7.4,7.4,3.79,15.0,20.57,100,71,Banyuwangi,-8.2192,114.3691
2024-08-25,27.3,22.2,24.5,2.0,2.0,3.21,16.8,16.74,95,76,Banyuwangi,-8.2192,114.3691
2024-08-26,29.6,21.9,24.8,2.2,2.2,4.48,11.8,22.32,97,54,Banyuwangi,-8.2192,114.3691
2024-08-27,29.5,21.2,24.7,0.0,0.0,4.9,16.0,23.11,90,60,Banyuwangi,-8.2192,114.3691
2024-08-28,29.3,20.9,24.7,0.0,0.0,4.47,12.0,21.65,94,59,Banyuwangi,-8.2192,114.3691
2024-08-29,29.1,22.7,25.1,0.4,0.4,4.4,12.7,21.97,94,62,Banyuwangi,-8.2192,114.3691
2024-08-30,28.9,22.4,24.9,0.0,0.0,4.74,11.7,23.21,94,58,Banyuwangi,-8.2192,114.3691
2024-08-31,28.5,22.0,24.9,0.0,0.0,4.26,16.8,21.17,93,60,Banyuwangi,-8.2192,114.3691
2024-09-01,28.6,23.0,25.2,1.1,1.1,4.1,16.6,20.46,96,64,Banyuwangi,-8.2192,114.3691
2024-09-02,28.2,21.5,24.5,0.6,0.6,4.35,15.4,22.77,97,66,Banyuwangi,-8.2192,114.3691
2024-09-03,28.0,21.6,24.7,1.2,1.2,3.93,13.3,20.37,94,70,Banyuwangi,-8.2192,114.3691
2024-09-04,29.5,22.2,25.3,0.8,0.8,4.42,17.6,22.8,95,65,Banyuwangi,-8.2192,114.3691
2024-09-05,28.6,22.7,25.3,1.7,1.7,4.13,15.1,21.18,96,66,Banyuwangi,-8.2192,114.3691
2024-09-06,28.5,22.6,25.0,6.7,6.7,4.23,16.8,22.03,100,66,Banyuwangi,-8.2192,114.3691
2024-09-07,28.0,22.5,25.1,2.9,2.9,3.35,16.5,17.28,100,74,Banyuwangi,-8.2192,114.3691
2024-09-08,28.7,24.1,25.9,1.9,1.9,3.96,15.4,20.6,94,70,Banyuwangi,-8.2192,114.3691
2024-09-09,29.3,23.3,25.7,1.5,1.5,4.17,13.1,21.34,97,66,Banyuwangi,-8.2192,114.3691
2024-09-10,29.4,22.8,25.5,0.5,0.5,4.2,17.3,21.47,97,66,Banyuwangi,-8.2192,114.3691
2024-09-11,28.9,22.4,25.3,1.0,1.0,4.64,15.5,23.7,97,68,Banyuwangi,-8.2192,114.3691
2024-09-12,28.2,20.0,24.3,0.1,0.1,4.57,14.0,23.65,95,66,Banyuwangi,-8.2192,114.3691
2024-09-13,29.6,20.6,24.8,0.9,0.9,4.95,12.0,24.37,90,56,Banyuwangi,-8.2192,114.3691
2024-09-14,29.5,20.1,24.8,0.5,0.5,4.79,13.8,23.49,89,58,Banyuwangi,-8.2192,114.3691
2024-09-15,29.6,21.1,25.0,0.9,0.9,4.99,13.6,24.43,89,53,Banyuwangi,-8.2192,114.3691
2024-09-16,29.4,21.8,25.0,0.4,0.4,4.41,13.0,21.46,91,60,Banyuwangi,-8.2192,114.3691
2024-09-17,30.1,20.6,25.1,0.2,0.2,5.3,13.0,24.54,89,51,Banyuwangi,-8.2192,114.3691
2024-09-18,31.2,20.8,25.4,0.6,0.6,5.21,16.8,24.26,96,46,Banyuwangi,-8.2192,114.3691
2024-09-19,30.5,20.3,25.1,1.7,1.7,4.79,16.2,23.33,96,51,Banyuwangi,-8.2192,114.3691
2024-09-20,32.1,21.2,26.4,0.4,0.4,5.06,9.4,24.28,97,47,Banyuwangi,-8.2192,114.3691
2024-09-21,32.6,21.1,26.4,0.0,0.0,4.96,13.3,23.27,94,47,Banyuwangi,-8.2192,114.3691
2024-09-22,32.9,23.0,27.4,0.0,0.0,5.12,11.8,23.86,92,48,Banyuwangi,-8.2192,114.3691
2024-09-23,32.1,24.1,27.4,0.2,0.2,4.57,8.5,21.6,93,55,Banyuwangi,-8.2192,114.3691
2024-09-24,30.2,24.2,26.3,0.9,0.9,4.11,15.2,19.92,89,62,Banyuwangi,-8.2192,114.3691
2024-09-25,30.5,23.2,26.4,0.0,0.0,4.37,12.6,20.77,89,59,Banyuwangi,-8.2192,114.3691
2024-09-26,31.3,23.4,26.7,0.6,0.6,4.78,19.2,22.9,86,53,Banyuwangi,-8.2192,114.3691
2024-09-27,31.3,23.1,27.0,0.1,0.1,4.9,16.3,23.0,90,54,Banyuwangi,-8.2192,114.3691
2024-09-28,30.9,24.1,27.3,0.2,0.2,4.98,18.1,23.63,89,59,Banyuwangi,-8.2192,114.3691
2024-09-29,30.2,23.6,26.9,4.0,4.0,4.78,16.9,23.01,96,63,Banyuwangi,-8.2192,114.3691
2024-09-30,29.9,23.6,26.3,3.0,3.0,4.18,14.4,20.87,95,68,Banyuwangi,-8.2192,114.3691
2024-10-01,30.2,23.3,26.0,2.3,2.3,4.65,14.4,23.47,97,64,Banyuwangi,-8.2192,114.3691
2024-10-02,31.1,21.4,25.8,0.0,0.0,5.19,16.0,26.04,94,58,Banyuwangi,-8.2192,114.3691
2024-10-03,30.1,22.2,26.0,2.0,2.0,4.76,15.8,23.2,91,60,Banyuwangi,-8.2192,114.3691
2024-10-04,29.8,22.6,26.2,1.4,1.4,4.68,15.0,23.01,89,66,Banyuwangi,-8.2192,114.3691
2024-10-05,29.8,22.1,26.0,0.7,0.7,4.79,13.7,23.66,93,64,Banyuwangi,-8.2192,114.3691
2024-10-06,29.8,23.5,26.3,3.4,3.4,4.53,19.3,22.77,96,67,Banyuwangi,-8.2192,114.3691
2024-10-07,29.6,23.4,25.9,3.2,3.2,4.55,16.5,23.15,98,66,Banyuwangi,-8.2192,114.3691
2024-10-08,29.6,23.2,26.1,2.1,2.1,4.65,13.0,23.11,92,65,Banyuwangi,-8.2192,114.3691
2024-10-09,30.0,22.5,26.1,0.1,0.1,5.04,16.0,25.2,91,60,Banyuwangi,-8.2192,114.3691
2024-10-10,30.7,23.3,26.6,0.4,0.4,5.16,19.2,25.26,91,56,Banyuwangi,-8.2192,114.3691
2024-10-11,30.1,23.9,26.7,1.8,1.8,4.66,15.7,23.18,91,67,Banyuwangi,-8.2192,114.3691
2024-10-12,31.7,23.2,27.1,3.2,3.2,5.31,18.6,25.38,100,55,Banyuwangi,-8.2192,114.3691
2024-10-13,31.0,23.5,26.7,0.3,0.3,5.17,12.5,25.5,95,61,Banyuwangi,-8.2192,114.3691
2024-10-14,30.8,23.9,26.9,1.0,1.0,5.26,13.0,25.32,94,60,Banyuwangi,-8.2192,114.3691
2024-10-15,30.8,23.2,26.5,1.0,1.0,5.21,14.5,24.85,97,49,Banyuwangi,-8.2192,114.3691
2024-10-16,30.7,22.1,26.3,2.5,2.5,5.86,15.8,24.61,79,48,Banyuwangi,-8.2192,114.3691
2024-10-17,30.0,23.5,26.6,0.0,0.0,5.93,21.4,24.63,75,50,Banyuwangi,-8.2192,114.3691
2024-10-18,29.3,23.2,26.3,0.6,0.6,4.89,15.8,22.6,92,62,Banyuwangi,-8.2192,114.3691
2024-10-19,30.5,23.0,26.5,0.5,0.5,4.82,20.4,23.62,91,59,Banyuwangi,-8.2192,114.3691
2024-10-20,29.9,24.0,26.5,1.3,1.3,4.44,12.5,21.47,95,64,Banyuwangi,-8.2192,114.3691
2024-10-21,29.7,23.7,25.9,3.3,3.3,4.14,12.4,20.45,96,63,Banyuwangi,-8.2192,114.3691
2024-10-22,30.2,22.5,26.1,1.8,1.8,4.95,15.5,24.42,92,64,Banyuwangi,-8.2192,114.3691
2024-10-23,30.0,23.5,26.4,4.1,4.1,4.86,13.6,23.72,93,64,Banyuwangi,-8.2192,114.3691
2024-10-24,30.5,23.3,26.4,0.6,0.6,4.89,16.2,23.41,88,65,Banyuwangi,-8.2192,114.3691
2024-10-25,30.7,23.7,27.0,0.7,0.7,5.16,15.8,24.14,90,65,Banyuwangi,-8.2192,114.3691
2024-10-26,30.9,22.9,26.9,0.8,0.8,5.37,14.8,24.95,88,62,Banyuwangi,-8.2192,114.3691
2024-10-27,32.3,22.9,27.3,0.0,0.0,5.7,17.6,25.6,85,56,Banyuwangi,-8.2192,114.3691
2024-10-28,31.8,23.9,27.6,0.7,0.7,5.78,20.0,26.28,91,51,Banyuwangi,-8.2192,114.3691
2024-10-29,31.7,23.4,27.2,0.8,0.8,5.25,16.9,24.68,95,59,Banyuwangi,-8.2192,114.3691
2024-10-30,30.9,23.6,26.8,0.9,0.9,4.92,15.0,23.93,96,62,Banyuwangi,-8.2192,114.3691
2024-10-31,30.8,23.1,27.1,1.5,1.5,4.49,14.1,21.57,97,63,Banyuwangi,-8.2192,114.3691
2024-11-01,30.3,23.2,26.6,15.6,15.6,4.12,18.8,19.88,99,65,Banyuwangi,-8.2192,114.3691
2024-11-02,32.2,22.7,27.5,3.8,3.8,4.91,11.2,23.01,99,56,Banyuwangi,-8.2192,114.3691
2024-11-03,32.4,23.4,27.5,2.6,2.6,5.22,13.5,23.94,98,54,Banyuwangi,-8.2192,114.3691
2024-11-04,31.1,22.7,26.5,1.0,1.0,4.78,15.1,23.26,98,60,Banyuwangi,-8.2192,114.3691
2024-11-05,30.9,23.0,26.5,1.6,1.6,5.19,15.5,24.97,97,59,Banyuwangi,-8.2192,114.3691
2024-11-06,31.6,22.1,27.0,0.0,0.0,5.2,14.2,24.48,94,56,Banyuwangi,-8.2192,114.3691
2024-11-07,32.1,22.8,27.3,0.0,0.0,5.36,17.4,25.05,92,56,Banyuwangi,-8.2192,114.3691
2024-11-08,31.7,23.6,26.6,4.8,4.8,4.3,15.5,20.26,99,61,Banyuwangi,-8.2192,114.3691
2024-11-09,31.1,22.6,26.5,6.8,6.8,4.06,15.7,19.66,96,62,Banyuwangi,-8.2192,114.3691
2024-11-10,31.8,24.0,26.7,1.4,1.4,4.32,18.1,21.12,94,61,Banyuwangi,-8.2192,114.3691
2024-11-11,32.9,22.9,27.2,6.0,6.0,5.36,13.0,25.19,99,53,Banyuwangi,-8.2192,114.3691
2024-11-12,31.3,22.9,27.2,1.3,1.3,4.75,9.3,22.81,92,63,Banyuwangi,-8.2192,114.3691
2024-11-13,31.4,23.7,27.8,1.3,1.3,5.25,15.4,24.8,86,63,Banyuwangi,-8.2192,114.3691
2024-11-14,30.7,24.1,27.3,0.9,0.9,4.9,16.3,23.49,90,65,Banyuwangi,-8.2192,114.3691
2024-11-15,34.3,24.1,28.6,1.3,1.3,5.63,12.6,25.66,89,48,Banyuwangi,-8.2192,114.3691
2024-11-16,32.4,24.3,27.9,0.5,0.5,4.98,12.1,22.99,97,56,Banyuwangi,-8.2192,114.3691
2024-11-17,33.3,23.4,27.9,6.7,6.7,5.21,17.6,23.51,98,54,Banyuwangi,-8.2192,114.3691
2024-11-18,33.5,23.4,27.9,4.4,4.4,5.26,19.5,24.42,95,52,Banyuwangi,-8.2192,114.3691
2024-11-19,31.8,24.2,27.5,14.5,14.5,4.57,9.6,21.66,97,62,Banyuwangi,-8.2192,114.3691
2024-11-20,30.7,24.3,27.5,1.5,1.5,3.89,9.0,18.5,95,68,Banyuwangi,-8.2192,114.3691
2024-11-21,33.3,23.9,27.8,4.0,4.0,4.85,11.9,22.63,96,53,Banyuwangi,-8.2192,114.3691
2024-11-22,32.4,24.6,28.3,0.9,0.9,4.77,10.2,21.81,83,56,Banyuwangi,-8.2192,114.3691
2024-11-23,30.9,24.7,27.8,3.3,3.3,4.33,12.2,20.99,88,68,Banyuwangi,-8.2192,114.3691
2024-11-24,32.8,25.0,28.2,3.7,3.7,4.68,11.2,21.81,98,56,Banyuwangi,-8.2192,114.3691
2024-11-25,32.1,24.6,27.7,0.5,0.5,4.38,11.1,20.48,96,62,Banyuwangi,-8.2192,114.3691
2024-11-26,32.7,24.2,28.1,0.7,0.7,4.53,13.2,21.05,92,58,Banyuwangi,-8.2192,114.3691
2024-11-27,31.8,25.4,28.2,1.4,1.4,4.0,10.1,18.99,93,64,Banyuwangi,-8.2192,114.3691
2024-11-28,32.2,24.9,27.3,14.4,14.4,4.3,13.9,21.0,96,63,Banyuwangi,-8.2192,114.3691
2024-11-29,30.4,24.6,26.9,2.4,2.4,3.8,19.4,17.83,96,66,Banyuwangi,-8.2192,114.3691
2024-11-30,29.9,24.4,26.3,16.2,16.2,3.4,14.0,17.33,95,74,Banyuwangi,-8.2192,114.3691
2024-12-01,31.3,24.7,27.4,5.4,5.4,3.89,14.5,17.08,96,59,Banyuwangi,-8.2192,114.3691
2024-12-02,32.9,25.4,27.6,13.8,13.8,3.94,11.7,18.38,92,55,Banyuwangi,-8.2192,114.3691
2024-12-03,34.1,24.8,28.4,5.8,5.8,5.17,17.8,23.31,92,46,Banyuwangi,-8.2192,114.3691
2024-12-04,33.7,24.7,28.4,1.1,1.1,4.35,9.7,19.19,87,48,Banyuwangi,-8.2192,114.3691
2024-12-05,30.2,25.0,26.7,8.3,8.3,3.97,12.1,19.65,98,69,Banyuwangi,-8.2192,114.3691
2024-12-06,28.3,25.0,26.0,9.5,9.5,2.1,8.9,9.71,97,78,Banyuwangi,-8.2192,114.3691
2024-12-07,29.4,24.2,26.4,9.2,9.2,3.79,12.9,19.43,92,75,Banyuwangi,-8.2192,114.3691
2024-12-08,31.3,24.8,26.9,10.0,10.0,3.92,16.1,19.04,94,70,Banyuwangi,-8.2192,114.3691
2024-12-09,28.9,24.8,26.2,21.3,21.3,2.9,22.2,15.04,96,77,Banyuwangi,-8.2192,114.3691
2024-12-10,33.0,24.0,26.8,6.8,6.8,4.62,15.3,22.42,97,59,Banyuwangi,-8.2192,114.3691
2024-12-11,30.1,24.3,26.1,31.8,31.8,3.1,13.7,15.19,97,69,Banyuwangi,-8.2192,114.3691
2024-12-12,29.2,24.5,26.0,22.0,22.0,2.78,6.6,13.34,97,72,Banyuwangi,-8.2192,114.3691
2024-12-13,29.2,23.4,26.2,13.1,13.1,3.41,19.4,16.34,97,69,Banyuwangi,-8.2192,114.3691
2024-12-14,28.5,24.4,26.0,12.3,12.3,3.14,18.8,15.92,98,78,Banyuwangi,-8.2192,114.3691
2024-12-15,30.2,24.9,26.6,5.7,5.7,3.14,11.5,15.03,97,74,Banyuwangi,-8.2192,114.3691
2024-12-16,29.1,24.2,25.5,34.5,34.5,2.46,12.7,11.93,98,67,Banyuwangi,-8.2192,114.3691
2024-12-17,30.1,24.6,26.4,3.7,3.7,3.29,11.1,16.12,96,69,Banyuwangi,-8.2192,114.3691
2024-12-18,30.4,24.3,27.1,0.9,0.9,3.74,16.3,17.35,96,65,Banyuwangi,-8.2192,114.3691
2024-12-19,33.7,24.2,28.1,1.0,1.0,5.23,14.1,23.88,93,50,Banyuwangi,-8.2192,114.3691
2024-12-20,30.2,24.7,26.9,4.2,4.2,4.23,11.1,20.93,96,73,Banyuwangi,-8.2192,114.3691
2024-12-21,29.2,24.5,26.6,13.2,13.2,2.87,15.1,14.19,96,75,Banyuwangi,-8.2192,114.3691
2024-12-22,28.3,24.1,25.7,14.4,14.4,1.9,14.0,9.71,98,78,Banyuwangi,-8.2192,114.3691
2024-12-23,32.5,24.2,27.1,12.1,12.1,4.65,13.5,22.69,96,63,Banyuwangi,-8.2192,114.3691
2024-12-24,31.7,24.9,27.4,2.5,2.5,4.7,12.8,22.38,96,60,Banyuwangi,-8.2192,114.3691
2024-12-25,29.0,24.6,26.2,8.1,8.1,3.0,9.7,15.08,95,78,Banyuwangi,-8.2192,114.3691
2024-12-26,30.7,24.7,26.9,14.2,14.2,3.8,11.6,18.89,92,71,Banyuwangi,-8.2192,114.3691
2024-12-27,30.0,25.0,27.4,1.7,1.7,3.8,14.1,17.65,89,65,Banyuwangi,-8.2192,114.3691
2024-12-28,29.7,24.8,26.8,3.1,3.1,2.87,11.5,13.5,94,70,Banyuwangi,-8.2192,114.3691
2024-12-29,28.8,24.2,26.0,7.1,7.1,2.34,9.5,11.14,96,79,Banyuwangi,-8.2192,114.3691
2024-12-30,30.5,24.2,26.9,1.6,1.6,3.88,18.3,18.36,97,66,Banyuwangi,-8.2192,114.3691
2024-12-31,30.0,24.3,26.4,17.4,17.4,3.52,20.0,17.5,97,69,Banyuwangi,-8.2192,114.3691
2025-01-01,28.2,23.9,25.7,14.0,14.0,2.57,7.3,12.39,98,75,Banyuwangi,-8.2192,114.3691
2025-01-02,28.0,23.8,25.1,14.4,14.4,1.92,10.6,9.09,97,78,Banyuwangi,-8.2192,114.3691
2025-01-03,29.7,23.6,26.1,4.0,4.0,3.3,17.7,15.52,95,64,Banyuwangi,-8.2192,114.3691
2025-01-04,30.2,23.8,26.1,14.9,14.9,3.83,16.2,19.13,96,64,Banyuwangi,-8.2192,114.3691
2025-01-05,29.2,23.5,25.8,24.2,24.2,4.01,14.0,20.56,96,72,Banyuwangi,-8.2192,114.3691
2025-01-06,28.8,23.8,25.6,22.2,22.2,2.49,11.3,12.39,97,74,Banyuwangi,-8.2192,114.3691
2025-01-07,30.1,24.5,26.6,12.7,12.7,3.91,14.8,19.51,96,71,Banyuwangi,-8.2192,114.3691
2025-01-08,30.3,24.1,26.4,9.8,9.8,3.92,9.6,19.38,98,66,Banyuwangi,-8.2192,114.3691
2025-01-09,30.1,23.5,26.3,5.1,5.1,4.25,12.3,21.17,95,72,Banyuwangi,-8.2192,114.3691
2025-01-10,30.6,23.9,26.7,8.1,8.1,4.64,15.7,22.9,97,66,Banyuwangi,-8.2192,114.3691
2025-01-11,29.9,24.5,26.2,27.3,27.3,3.38,17.9,17.11,96,74,Banyuwangi,-8.2192,114.3691
2025-01-12,28.3,24.5,25.8,19.4,19.4,2.6,10.2,12.97,96,82,Banyuwangi,-8.2192,114.3691
2025-01-13,29.5,24.1,26.6,3.0,3.0,3.76,12.4,18.58,95,71,Banyuwangi,-8.2192,114.3691
2025-01-14,31.4,23.7,26.6,11.8,11.8,4.35,13.3,21.41,97,63,Banyuwangi,-8.2192,114.3691
2025-01-15,30.9,23.8,26.7,12.6,12.6,4.13,11.2,20.09,99,66,Banyuwangi,-8.2192,114.3691
2025-01-16,28.6,23.7,26.0,23.2,23.2,2.49,12.5,12.0,99,78,Banyuwangi,-8.2192,114.3691
2025-01-17,31.0,24.8,27.1,8.5,8.5,4.52,11.0,22.04,95,62,Banyuwangi,-8.2192,114.3691
2025-01-18,30.1,24.5,26.6,10.6,10.6,3.65,14.1,17.99,96,67,Banyuwangi,-8.2192,114.3691
2025-01-19,31.2,24.7,26.6,12.1,12.1,3.99,11.4,19.3,97,63,Banyuwangi,-8.2192,114.3691
2025-01-20,28.0,24.3,25.5,26.9,26.9,2.32,10.3,11.35,98,77,Banyuwangi,-8.2192,114.3691
2025-01-21,29.4,24.2,26.2,6.4,6.4,3.03,9.8,14.3,97,70,Banyuwangi,-8.2192,114.3691
2025-01-22,28.9,24.0,26.1,6.0,6.0,2.98,8.9,14.19,97,72,Banyuwangi,-8.2192,114.3691
2025-01-23,29.5,24.3,25.9,25.1,25.1,3.6,14.8,18.27,97,70,Banyuwangi,-8.2192,114.3691
2025-01-24,30.7,24.3,27.1,1.1,1.1,4.48,9.5,22.02,94,66,Banyuwangi,-8.2192,114.3691
2025-01-25,31.0,24.1,27.2,4.2,4.2,4.69,10.1,23.24,89,66,Banyuwangi,-8.2192,114.3691
2025-01-26,30.7,25.0,26.9,3.0,3.0,4.03,10.3,19.78,94,69,Banyuwangi,-8.2192,114.3691
2025-01-27,29.2,23.5,26.0,9.1,9.1,2.7,10.6,12.97,97,74,Banyuwangi,-8.2192,114.3691
2025-01-28,30.5,24.0,26.4,5.0,5.0,3.88,13.1,19.08,95,65,Banyuwangi,-8.2192,114.3691
2025-01-29,30.8,24.4,26.6,4.8,4.8,4.12,14.1,19.66,97,61,Banyuwangi,-8.2192,114.3691
2025-01-30,28.4,23.8,25.4,7.5,7.5,2.73,11.3,12.96,96,65,Banyuwangi,-8.2192,114.3691
2025-01-31,29.5,24.7,26.8,0.0,0.0,2.96,11.5,12.33,87,65,Banyuwangi,-8.2192,114.3691
2025-02-01,29.7,25.2,27.2,0.0,0.0,3.4,12.1,14.6,94,64,Banyuwangi,-8.2192,114.3691
2025-02-02,31.0,24.2,27.5,0.0,0.0,3.93,12.4,17.83,92,58,Banyuwangi,-8.2192,114.3691
2025-02-03,32.7,24.5,27.7,5.9,5.9,4.76,16.0,22.27,95,57,Banyuwangi,-8.2192,114.3691
2025-02-04,32.8,24.3,27.8,0.1,0.1,4.83,16.5,21.99,96,51,Banyuwangi,-8.2192,114.3691
2025-02-05,32.6,24.9,27.8,1.6,1.6,4.67,14.9,21.16,91,50,Banyuwangi,-8.2192,114.3691
2025-02-06,33.3,24.9,27.8,8.0,8.0,4.19,13.1,18.81,93,48,Banyuwangi,-8.2192,114.3691
2025-02-07,32.1,24.3,28.2,0.7,0.7,4.63,13.0,20.92,91,61,Banyuwangi,-8.2192,114.3691
2025-02-08,33.2,25.7,28.4,8.8,8.8,5.48,27.7,21.51,92,52,Banyuwangi,-8.2192,114.3691
2025-02-09,31.3,26.9,28.6,3.1,3.1,5.62,27.9,21.0,77,58,Banyuwangi,-8.2192,114.3691
2025-02-10,30.7,26.5,28.3,2.3,2.3,5.09,27.3,18.12,79,60,Banyuwangi,-8.2192,114.3691
2025-02-11,33.0,26.3,29.4,0.0,0.0,5.91,27.0,20.87,72,47,Banyuwangi,-8.2192,114.3691
2025-02-12,30.3,25.1,27.3,2.5,2.5,3.58,19.7,14.63,84,64,Banyuwangi,-8.2192,114.3691
2025-02-13,31.6,25.3,27.9,1.3,1.3,4.59,13.5,21.05,87,59,Banyuwangi,-8.2192,114.3691
2025-02-14,31.7,25.0,27.5,0.8,0.8,4.32,13.9,19.66,90,53,Banyuwangi,-8.2192,114.3691
2025-02-15,31.9,25.1,27.5,1.5,1.5,4.48,11.6,20.66,96,57,Banyuwangi,-8.2192,114.3691
2025-02-16,32.0,24.6,27.2,0.6,0.6,4.27,10.5,19.85,92,55,Banyuwangi,-8.2192,114.3691
2025-02-17,30.1,23.8,26.4,2.6,2.6,3.9,9.3,18.89,92,63,Banyuwangi,-8.2192,114.3691
2025-02-18,31.8,23.1,26.3,3.5,3.5,3.78,11.5,18.36,96,57,Banyuwangi,-8.2192,114.3691
2025-02-19,32.0,24.0,27.1,8.7,8.7,4.18,12.8,19.32,98,55,Banyuwangi,-8.2192,114.3691
2025-02-20,29.3,23.2,25.8,12.9,12.9,3.82,12.1,19.51,97,73,Banyuwangi,-8.2192,114.3691
2025-02-21,30.8,24.5,26.4,11.0,11.0,3.57,10.1,17.59,95,64,Banyuwangi,-8.2192,114.3691
2025-02-22,30.8,24.1,26.5,8.2,8.2,3.86,12.6,18.63,98,64,Banyuwangi,-8.2192,114.3691
2025-02-23,28.8,24.4,26.1,1.0,1.0,3.39,20.0,16.71,96,71,Banyuwangi,-8.2192,114.3691
2025-02-24,30.1,23.9,26.1,0.7,0.7,3.64,10.9,17.51,97,66,Banyuwangi,-8.2192,114.3691
2025-02-25,30.4,23.8,26.2,5.6,5.6,4.35,10.5,21.63,97,66,Banyuwangi,-8.2192,114.3691
2025-02-26,29.4,24.2,26.3,1.8,1.8,3.53,7.2,17.22,93,72,Banyuwangi,-8.2192,114.3691
2025-02-27,31.0,24.4,27.1,1.6,1.6,4.58,8.9,22.36,96,65,Banyuwangi,-8.2192,114.3691
2025-02-28,32.5,23.2,27.7,1.8,1.8,5.12,12.3,24.11,95,49,Banyuwangi,-8.2192,114.3691
2025-03-01,32.0,23.5,27.9,0.3,0.3,5.32,14.4,24.91,92,54,Banyuwangi,-8.2192,114.3691
2025-03-02,32.0,24.5,28.0,2.8,2.8,5.34,12.9,24.23,88,53,Banyuwangi,-8.2192,114.3691
2025-03-03,33.2,24.2,28.3,2.2,2.2,5.23,14.4,23.89,91,53,Banyuwangi,-8.2192,114.3691
2025-03-04,32.0,24.3,28.1,2.4,2.4,5.01,11.2,23.27,89,58,Banyuwangi,-8.2192,114.3691
2025-03-05,33.3,24.1,28.8,0.9,0.9,5.34,11.1,24.04,87,53,Banyuwangi,-8.2192,114.3691
2025-03-06,32.5,24.5,27.9,3.3,3.3,4.73,16.3,22.06,97,56,Banyuwangi,-8.2192,114.3691
2025-03-07,31.9,24.5,27.4,2.7,2.7,4.52,15.8,21.47,95,57,Banyuwangi,-8.2192,114.3691
2025-03-08,32.6,23.9,27.4,2.0,2.0,5.17,16.6,24.16,88,55,Banyuwangi,-8.2192,114.3691
2025-03-09,29.3,24.3,27.0,2.4,2.4,3.6,23.2,15.94,93,70,Banyuwangi,-8.2192,114.3691
2025-03-10,31.3,23.8,27.2,5.7,5.7,4.45,16.8,20.45,96,59,Banyuwangi,-8.2192,114.3691
2025-03-11,33.1,25.2,28.0,1.5,1.5,4.6,11.7,21.14,89,52,Banyuwangi,-8.2192,114.3691
2025-03-12,32.5,24.8,27.8,6.8,6.8,4.46,12.1,20.78,96,55,Banyuwangi,-8.2192,114.3691
2025-03-13,33.3,24.4,27.8,0.2,0.2,4.57,17.8,21.34,94,49,Banyuwangi,-8.2192,114.3691
2025-03-14,32.1,24.9,27.7,1.1,1.1,4.27,19.2,19.72,84,56,Banyuwangi,-8.2192,114.3691
2025-03-15,31.5,24.8,27.1,3.9,3.9,3.75,12.7,17.85,93,61,Banyuwangi,-8.2192,114.3691
2025-03-16,32.4,24.6,27.1,1.4,1.4,3.76,10.1,17.28,95,50,Banyuwangi,-8.2192,114.3691
2025-03-17,31.9,24.5,27.2,3.7,3.7,4.01,10.4,19.23,91,59,Banyuwangi,-8.2192,114.3691
2025-03-18,31.1,23.6,26.2,20.8,20.8,4.2,14.8,20.96,98,65,Banyuwangi,-8.2192,114.3691
2025-03-19,31.0,24.1,26.7,1.4,1.4,3.97,22.6,16.93,97,57,Banyuwangi,-8.2192,114.3691
2025-03-20,34.4,24.9,28.5,1.7,1.7,5.85,20.7,23.87,88,46,Banyuwangi,-8.2192,114.3691
2025-03-21,33.2,24.0,27.9,0.7,0.7,4.72,22.2,19.93,96,47,Banyuwangi,-8.2192,114.3691
2025-03-22,33.2,24.9,27.8,4.7,4.7,4.37,15.2,18.84,93,49,Banyuwangi,-8.2192,114.3691
2025-03-23,30.4,25.1,27.5,0.3,0.3,3.82,19.5,14.62,86,58,Banyuwangi,-8.2192,114.3691
2025-03-24,33.0,25.6,28.2,1.3,1.3,4.01,10.8,17.02,96,45,Banyuwangi,-8.2192,114.3691
2025-03-25,32.5,25.1,28.3,0.5,0.5,4.14,15.0,18.17,88,51,Banyuwangi,-8.2192,114.3691
2025-03-26,32.6,25.8,28.5,3.7,3.7,3.96,13.0,16.95,83,55,Banyuwangi,-8.2192,114.3691
2025-03-27,31.7,24.8,27.3,5.8,5.8,3.03,9.0,13.63,94,57,Banyuwangi,-8.2192,114.3691
2025-03-28,33.3,25.1,27.7,1.0,1.0,4.13,8.3,19.04,90,50,Banyuwangi,-8.2192,114.3691
2025-03-29,30.9,24.4,26.8,2.8,2.8,3.41,10.1,15.7,98,60,Banyuwangi,-8.2192,114.3691
2025-03-30,30.9,23.8,26.3,12.3,12.3,3.56,6.4,17.27,96,64,Banyuwangi,-8.2192,114.3691
2025-03-31,31.5,24.5,26.6,14.2,14.2,3.66,18.0,17.95,96,62,Banyuwangi,-8.2192,114.3691
2025-04-01,31.2,23.4,26.2,5.4,5.4,3.96,11.5,19.49,98,60,Banyuwangi,-8.2192,114.3691
2025-04-02,29.0,23.7,25.9,3.5,3.5,3.34,12.8,16.75,90,74,Banyuwangi,-8.2192,114.3691
2025-04-03,30.1,23.8,26.1,14.6,14.6,3.83,11.5,19.12,97,66,Banyuwangi,-8.2192,114.3691
2025-04-04,29.8,23.4,26.5,0.3,0.3,4.71,14.5,23.23,90,65,Banyuwangi,-8.2192,114.3691
2025-04-05,31.0,21.6,26.6,0.0,0.0,5.01,8.9,23.93,85,53,Banyuwangi,-8.2192,114.3691
2025-04-06,30.7,23.2,27.1,0.0,0.0,5.17,11.1,24.57,80,57,Banyuwangi,-8.2192,114.3691
2025-04-07,31.0,23.6,27.2,0.2,0.2,5.09,15.1,23.79,82,56,Banyuwangi,-8.2192,114.3691
2025-04-08,31.0,24.3,27.3,1.3,1.3,4.54,15.5,20.78,89,59,Banyuwangi,-8.2192,114.3691
2025-04-09,30.3,24.3,26.6,1.4,1.4,4.07,12.2,20.15,94,68,Banyuwangi,-8.2192,114.3691
2025-04-10,30.7,24.7,26.6,2.4,2.4,3.49,7.9,16.84,94,68,Banyuwangi,-8.2192,114.3691
2025-04-11,29.8,23.2,26.3,3.2,3.2,3.71,11.4,18.41,97,70,Banyuwangi,-8.2192,114.3691
2025-04-12,30.9,22.8,26.8,0.5,0.5,4.54,15.7,21.7,88,64,Banyuwangi,-8.2192,114.3691
2025-04-13,31.0,24.0,27.3,0.9,0.9,4.69,15.5,22.53,91,60,Banyuwangi,-8.2192,114.3691
2025-04-14,30.6,25.2,27.2,2.6,2.6,4.18,11.8,19.63,86,62,Banyuwangi,-8.2192,114.3691
2025-04-15,34.3,24.1,28.8,0.0,0.0,5.55,12.8,23.24,74,38,Banyuwangi,-8.2192,114.3691
2025-04-16,33.9,24.0,28.5,1.0,1.0,5.2,16.3,23.08,81,46,Banyuwangi,-8.2192,114.3691
2025-04-17,32.7,24.7,27.8,0.8,0.8,4.01,12.8,18.43,87,55,Banyuwangi,-8.2192,114.3691
2025-04-18,30.0,24.7,26.4,9.2,9.2,2.93,11.8,13.58,99,63,Banyuwangi,-8.2192,114.3691
2025-04-19,32.2,23.7,26.8,5.7,5.7,4.1,9.6,19.74,94,56,Banyuwangi,-8.2192,114.3691
2025-04-20,30.5,24.5,26.6,2.2,2.2,3.86,12.2,18.91,90,64,Banyuwangi,-8.2192,114.3691
2025-04-21,32.0,24.0,27.5,0.9,0.9,4.85,12.3,22.72,83,54,Banyuwangi,-8.2192,114.3691
2025-04-22,30.0,24.0,27.0,3.8,3.8,4.67,12.9,22.27,88,65,Banyuwangi,-8.2192,114.3691
2025-04-23,32.6,24.2,28.0,0.0,0.0,5.88,16.8,23.76,76,44,Banyuwangi,-8.2192,114.3691
2025-04-24,32.5,23.7,28.2,0.3,0.3,5.44,13.7,23.1,73,41,Banyuwangi,-8.2192,114.3691
2025-04-25,31.8,24.2,27.9,1.9,1.9,4.77,12.8,22.06,100,58,Banyuwangi,-8.2192,114.3691
2025-04-26,31.8,23.9,27.4,0.6,0.6,4.73,13.4,21.53,96,53,Banyuwangi,-8.2192,114.3691
2025-04-27,31.2,23.6,27.3,0.1,0.1,5.18,13.2,22.69,83,48,Banyuwangi,-8.2192,114.3691
2025-04-28,31.3,22.9,27.0,0.4,0.4,5.17,14.5,22.24,77,46,Banyuwangi,-8.2192,114.3691
2025-04-29,31.1,23.0,27.0,1.4,1.4,5.14,13.8,21.18,75,51,Banyuwangi,-8.2192,114.3691
2025-04-30,31.1,23.0,27.1,1.7,1.7,4.41,10.6,19.61,79,54,Banyuwangi,-8.2192,114.3691
2025-05-01,33.4,24.0,28.0,1.7,1.7,4.72,13.9,21.51,90,46,Banyuwangi,-8.2192,114.3691
2025-05-02,32.9,23.0,27.8,0.0,0.0,4.96,19.2,22.0,87,48,Banyuwangi,-8.2192,114.3691
2025-05-03,32.9,23.3,27.5,1.1,1.1,4.64,14.5,21.11,91,50,Banyuwangi,-8.2192,114.3691
2025-05-04,31.6,24.7,27.9,0.9,0.9,4.27,14.0,19.95,84,59,Banyuwangi,-8.2192,114.3691
2025-05-05,30.5,24.0,27.0,4.6,4.6,3.86,12.4,18.44,96,65,Banyuwangi,-8.2192,114.3691
2025-05-06,30.1,24.0,26.4,3.2,3.2,3.2,12.6,15.39,96,67,Banyuwangi,-8.2192,114.3691
2025-05-07,29.3,23.5,26.3,4.7,4.7,2.92,11.1,14.09,99,70,Banyuwangi,-8.2192,114.3691
2025-05-08,29.7,24.7,26.9,0.7,0.7,3.27,25.5,14.62,88,70,Banyuwangi,-8.2192,114.3691
2025-05-09,31.0,23.5,26.7,6.0,6.0,3.37,16.1,16.03,96,64,Banyuwangi,-8.2192,114.3691
2025-05-10,29.7,24.2,26.2,8.8,8.8,3.26,7.7,16.08,97,71,Banyuwangi,-8.2192,114.3691
2025-05-11,30.5,23.5,26.1,25.4,25.4,3.39,18.2,16.65,98,65,Banyuwangi,-8.2192,114.3691
2025-05-12,29.6,23.7,26.2,1.8,1.8,3.54,23.4,17.49,97,71,Banyuwangi,-8.2192,114.3691
2025-05-13,29.7,24.3,26.3,5.6,5.6,3.07,16.9,14.93,97,69,Banyuwangi,-8.2192,114.3691
2025-05-14,29.4,24.2,26.3,6.0,6.0,3.07,18.1,15.22,96,71,Banyuwangi,-8.2192,114.3691
2025-05-15,30.1,23.2,26.7,1.7,1.7,3.49,22.1,16.72,96,68,Banyuwangi,-8.2192,114.3691
2025-05-16,30.8,24.6,26.9,5.2,5.2,3.08,12.1,14.24,92,62,Banyuwangi,-8.2192,114.3691
2025-05-17,30.3,25.1,27.0,1.2,1.2,3.28,13.1,14.96,87,63,Banyuwangi,-8.2192,114.3691
2025-05-18,29.4,26.3,27.6,1.7,1.7,3.48,18.5,14.86,82,68,Banyuwangi,-8.2192,114.3691
2025-05-19,29.8,25.5,27.4,4.0,4.0,3.45,18.6,15.16,87,61,Banyuwangi,-8.2192,114.3691
2025-05-20,29.0,24.4,26.8,5.3,5.3,3.79,17.0,17.18,95,69,Banyuwangi,-8.2192,114.3691
2025-05-21,28.9,24.3,26.8,4.9,4.9,3.45,17.1,14.59,94,68,Banyuwangi,-8.2192,114.3691
2025-05-22,29.3,25.7,27.2,1.0,1.0,3.51,17.0,16.35,87,67,Banyuwangi,-8.2192,114.3691
2025-05-23,29.1,24.2,26.5,4.2,4.2,3.07,16.7,14.54,97,69,Banyuwangi,-8.2192,114.3691
2025-05-24,29.4,23.9,26.3,3.3,3.3,2.68,20.3,11.53,98,70,Banyuwangi,-8.2192,114.3691
2025-05-25,30.5,24.5,27.2,0.8,0.8,3.83,23.1,17.2,96,66,Banyuwangi,-8.2192,114.3691
2025-05-26,32.2,24.9,27.6,0.8,0.8,4.1,23.8,16.86,88,56,Banyuwangi,-8.2192,114.3691
2025-05-27,30.1,25.0,26.6,1.6,1.6,2.76,9.2,12.86,96,61,Banyuwangi,-8.2192,114.3691
2025-05-28,31.7,24.8,27.7,0.1,0.1,3.99,10.1,19.19,85,60,Banyuwangi,-8.2192,114.3691
2025-05-29,30.6,24.6,27.4,0.5,0.5,3.89,11.6,18.76,84,68,Banyuwangi,-8.2192,114.3691
2025-05-30,30.4,24.1,27.3,0.7,0.7,4.01,12.7,19.17,89,68,Banyuwangi,-8.2192,114.3691
2025-05-31,29.2,24.5,26.6,5.4,5.4,3.09,13.8,15.3,95,75,Banyuwangi,-8.2192,114.3691
2025-06-01,29.9,24.2,26.8,2.2,2.2,3.81,14.6,18.44,97,65,Banyuwangi,-8.2192,114.3691
2025-06-02,30.7,23.1,27.1,0.1,0.1,4.0,11.9,18.68,85,58,Banyuwangi,-8.2192,114.3691
2025-06-03,29.9,23.7,26.9,0.9,0.9,3.98,14.3,19.23,96,68,Banyuwangi,-8.2192,114.3691
2025-06-04,31.3,22.9,26.6,2.1,2.1,4.07,17.2,19.29,91,60,Banyuwangi,-8.2192,114.3691
2025-06-05,30.3,23.3,26.8,0.0,0.0,4.46,14.3,19.9,86,56,Banyuwangi,-8.2192,114.3691
2025-06-06,30.2,22.4,26.5,0.0,0.0,4.44,14.7,20.14,77,56,Banyuwangi,-8.2192,114.3691
2025-06-07,28.7,24.2,25.9,4.4,4.4,3.39,15.0,16.23,99,69,Banyuwangi,-8.2192,114.3691
2025-06-08,29.0,23.7,26.1,2.2,2.2,3.04,15.9,14.62,96,71,Banyuwangi,-8.2192,114.3691
2025-06-09,29.1,23.5,25.9,1.7,1.7,3.5,13.8,17.46,92,70,Banyuwangi,-8.2192,114.3691
2025-06-10,28.6,24.8,26.9,3.1,3.1,3.6,19.7,16.22,86,68,Banyuwangi,-8.2192,114.3691
2025-06-11,29.5,23.9,27.0,1.7,1.7,4.28,18.3,19.33,85,61,Banyuwangi,-8.2192,114.3691
2025-06-12,29.6,22.8,26.6,1.5,1.5,4.24,17.4,19.12,81,61,Banyuwangi,-8.2192,114.3691
2025-06-13,27.7,24.8,26.4,5.9,5.9,2.9,12.5,14.34,95,74,Banyuwangi,-8.2192,114.3691
2025-06-14,30.1,24.4,26.6,1.3,1.3,3.37,10.0,16.61,94,67,Banyuwangi,-8.2192,114.3691
2025-06-15,29.3,24.2,26.2,3.3,3.3,3.19,12.8,15.98,98,73,Banyuwangi,-8.2192,114.3691
2025-06-16,29.4,23.7,26.1,4.5,4.5,3.4,12.3,16.97,97,68,Banyuwangi,-8.2192,114.3691
2025-06-17,28.7,23.8,26.4,1.5,1.5,3.87,17.7,18.71,88,70,Banyuwangi,-8.2192,114.3691
2025-06-18,28.9,23.6,26.3,0.0,0.0,3.99,12.9,18.87,84,58,Banyuwangi,-8.2192,114.3691
2025-06-19,28.4,23.1,25.7,0.0,0.0,2.98,11.2,12.97,83,66,Banyuwangi,-8.2192,114.3691
2025-06-20,30.0,22.7,26.1,0.4,0.4,3.1,10.6,14.36,86,61,Banyuwangi,-8.2192,114.3691
2025-06-21,29.1,23.2,25.9,3.4,3.4,3.57,14.0,17.33,93,70,Banyuwangi,-8.2192,114.3691
2025-06-22,29.2,23.5,26.1,1.0,1.0,3.58,19.4,16.86,93,68,Banyuwangi,-8.2192,114.3691
2025-06-23,27.9,25.3,26.3,4.0,4.0,3.59,24.9,15.86,82,70,Banyuwangi,-8.2192,114.3691
2025-06-24,28.9,22.2,26.4,0.0,0.0,4.07,16.5,17.27,87,56,Banyuwangi,-8.2192,114.3691
2025-06-25,27.4,23.6,25.5,12.7,12.7,2.92,15.8,14.22,97,73,Banyuwangi,-8.2192,114.3691
2025-06-26,27.7,23.3,25.3,7.9,7.9,2.73,13.0,14.17,97,77,Banyuwangi,-8.2192,114.3691
2025-06-27,28.3,24.6,26.2,1.1,1.1,3.44,18.6,17.02,89,75,Banyuwangi,-8.2192,114.3691
2025-06-28,28.1,24.6,26.2,0.6,0.6,3.53,23.8,15.68,88,72,Banyuwangi,-8.2192,114.3691
2025-06-29,27.7,23.7,25.7,2.4,2.4,3.43,19.2,16.29,92,71,Banyuwangi,-8.2192,114.3691
2025-06-30,27.6,24.7,26.1,1.4,1.4,3.55,16.2,16.39,84,68,Banyuwangi,-8.2192,114.3691
2025-07-01,28.5,24.3,26.1,0.2,0.2,3.66,14.4,18.49,90,70,Banyuwangi,-8.2192,114.3691
2025-07-02,28.1,23.8,25.9,2.1,2.1,3.41,15.8,17.16,88,73,Banyuwangi,-8.2192,114.3691
2025-07-03,27.2,23.7,25.4,2.8,2.8,3.0,19.4,15.24,95,76,Banyuwangi,-8.2192,114.3691
2025-07-04,27.2,23.8,25.3,3.1,3.1,2.79,18.9,12.65,92,69,Banyuwangi,-8.2192,114.3691
2025-07-05,27.3,22.7,24.8,5.0,5.0,2.83,15.9,15.02,98,74,Banyuwangi,-8.2192,114.3691
2025-07-06,27.3,23.6,25.0,12.3,12.3,2.36,13.5,12.34,96,79,Banyuwangi,-8.2192,114.3691
2025-07-07,28.6,23.3,25.6,4.0,4.0,3.58,18.0,18.32,92,74,Banyuwangi,-8.2192,114.3691
2025-07-08,27.5,21.3,24.8,0.7,0.7,3.65,20.0,18.0,94,69,Banyuwangi,-8.2192,114.3691
2025-07-09,27.3,21.5,24.1,0.2,0.2,4.09,19.1,18.98,89,64,Banyuwangi,-8.2192,114.3691
2025-07-10,27.4,21.2,24.1,0.0,0.0,4.0,16.4,18.72,80,59,Banyuwangi,-8.2192,114.3691
2025-07-11,27.1,20.5,24.1,0.0,0.0,3.69,15.2,18.35,85,64,Banyuwangi,-8.2192,114.3691
2025-07-12,28.0,22.9,25.3,0.9,0.9,3.58,12.3,18.17,90,73,Banyuwangi,-8.2192,114.3691
2025-07-13,28.7,23.5,25.8,1.5,1.5,3.79,20.6,19.55,90,71,Banyuwangi,-8.2192,114.3691
2025-07-14,28.0,23.6,25.4,4.0,4.0,3.46,17.4,18.0,98,71,Banyuwangi,-8.2192,114.3691
2025-07-15,28.7,23.4,25.7,2.1,2.1,3.47,16.2,17.25,98,70,Banyuwangi,-8.2192,114.3691
2025-07-16,27.5,22.6,25.0,3.3,3.3,3.47,19.5,16.76,97,66,Banyuwangi,-8.2192,114.3691
2025-07-17,27.5,21.6,24.4,0.3,0.3,4.05,13.0,19.81,87,64,Banyuwangi,-8.2192,114.3691
2025-07-18,27.0,22.4,24.5,1.2,1.2,3.42,13.6,16.53,86,68,Banyuwangi,-8.2192,114.3691
2025-07-19,27.4,20.3,24.1,0.0,0.0,3.84,12.3,18.87,86,60,Banyuwangi,-8.2192,114.3691
2025-07-20,26.7,20.5,24.0,0.0,0.0,4.03,14.0,20.03,85,61,Banyuwangi,-8.2192,114.3691
2025-07-21,27.6,21.0,24.3,0.0,0.0,3.95,14.7,19.65,85,61,Banyuwangi,-8.2192,114.3691
2025-07-22,27.0,21.2,24.4,0.4,0.4,3.6,15.8,18.61,91,71,Banyuwangi,-8.2192,114.3691
2025-07-23,27.4,22.7,25.1,0.1,0.1,3.43,16.5,17.97,91,69,Banyuwangi,-8.2192,114.3691
2025-07-24,27.6,23.9,25.6,0.5,0.5,3.39,12.0,17.53,94,74,Banyuwangi,-8.2192,114.3691
2025-07-25,27.9,23.9,25.7,2.9,2.9,3.23,16.4,15.81,96,70,Banyuwangi,-8.2192,114.3691
2025-07-26,28.0,24.8,26.0,1.7,1.7,3.21,16.4,16.33,86,75,Banyuwangi,-8.2192,114.3691
2025-07-27,27.8,24.1,25.8,1.7,1.7,3.32,11.8,17.48,93,78,Banyuwangi,-8.2192,114.3691
2025-07-28,27.5,23.7,25.1,9.1,9.1,2.88,20.1,14.83,97,75,Banyuwangi,-8.2192,114.3691
2025-07-29,26.9,23.6,25.0,6.6,6.6,3.07,24.9,14.38,93,72,Banyuwangi,-8.2192,114.3691
2025-07-30,26.2,23.4,24.3,9.3,9.3,2.84,21.9,14.62,96,77,Banyuwangi,-8.2192,114.3691
2025-07-31,27.3,22.6,25.0,4.4,4.4,3.49,20.3,16.8,96,69,Banyuwangi,-8.2192,114.3691
2025-08-01,27.5,23.8,25.5,1.1,1.1,3.2,20.7,15.77,90,74,Banyuwangi,-8.2192,114.3691
2025-08-02,28.3,23.2,25.6,0.1,0.1,3.85,17.5,20.42,94,73,Banyuwangi,-8.2192,114.3691
2025-08-03,28.3,23.1,25.5,4.3,4.3,3.71,16.8,19.4,98,74,Banyuwangi,-8.2192,114.3691
2025-08-04,28.5,22.2,25.5,0.5,0.5,4.14,13.5,21.35,94,70,Banyuwangi,-8.2192,114.3691
2025-08-05,28.0,22.2,25.1,0.4,0.4,4.17,15.3,21.45,92,67,Banyuwangi,-8.2192,114.3691
2025-08-06,27.4,22.2,24.6,1.3,1.3,4.21,15.6,22.33,92,66,Banyuwangi,-8.2192,114.3691
2025-08-07,27.4,21.1,24.7,0.0,0.0,4.03,18.8,20.36,88,66,Banyuwangi,-8.2192,114.3691
2025-08-08,28.2,22.7,25.4,1.1,1.1,4.0,14.3,20.24,92,59,Banyuwangi,-8.2192,114.3691
2025-08-09,27.9,23.0,25.4,1.6,1.6,3.8,16.5,20.07,88,75,Banyuwangi,-8.2192,114.3691
2025-08-10,28.3,23.7,25.6,1.3,1.3,3.72,16.4,19.12,92,70,Banyuwangi,-8.2192,114.3691
2025-08-11,28.3,23.5,26.0,0.8,0.8,4.18,17.3,21.24,91,70,Banyuwangi,-8.2192,114.3691
2025-08-12,28.3,22.9,25.8,1.4,1.4,4.28,17.1,21.16,92,64,Banyuwangi,-8.2192,114.3691
2025-08-13,28.2,22.8,25.5,1.6,1.6,4.35,16.6,21.22,88,64,Banyuwangi,-8.2192,114.3691
2025-08-14,27.4,21.9,24.7,2.0,2.0,4.22,21.0,19.99,96,58,Banyuwangi,-8.2192,114.3691
2025-08-15,27.0,21.2,24.5,3.0,3.0,4.0,21.5,19.09,81,69,Banyuwangi,-8.2192,114.3691
2025-08-16,27.3,22.5,25.1,2.2,2.2,3.57,18.4,18.29,95,70,Banyuwangi,-8.2192,114.3691
2025-08-17,27.8,23.0,25.4,0.0,0.0,3.97,20.0,20.31,89,69,Banyuwangi,-8.2192,114.3691
2025-08-18,28.5,23.2,25.4,2.6,2.6,3.79,19.9,19.78,95,73,Banyuwangi,-8.2192,114.3691
2025-08-19,27.8,23.3,25.0,4.6,4.6,3.18,11.6,16.82,94,75,Banyuwangi,-8.2192,114.3691
2025-08-20,28.9,22.5,25.3,1.7,1.7,4.19,16.5,21.66,95,67,Banyuwangi,-8.2192,114.3691
2025-08-21,28.3,22.3,25.1,1.7,1.7,4.12,17.3,20.82,93,64,Banyuwangi,-8.2192,114.3691
2025-08-22,28.2,21.1,24.6,0.0,0.0,4.07,19.1,20.15,88,59,Banyuwangi,-8.2192,114.3691
2025-08-23,30.5,21.2,25.3,0.0,0.0,4.61,9.7,22.62,87,57,Banyuwangi,-8.2192,114.3691
2025-08-24,29.0,21.5,25.1,0.4,0.4,4.66,16.3,23.18,91,64,Banyuwangi,-8.2192,114.3691
2025-08-25,28.3,21.7,25.1,1.0,1.0,4.66,15.8,22.57,93,66,Banyuwangi,-8.2192,114.3691
2025-08-26,28.2,22.5,25.1,3.2,3.2,4.18,15.6,20.33,91,60,Banyuwangi,-8.2192,114.3691
2025-08-27,27.4,22.4,24.3,13.0,13.0,3.34,19.7,17.96,96,73,Banyuwangi,-8.2192,114.3691
2025-08-28,27.5,22.5,24.8,11.8,11.8,3.7,19.6,18.49,96,69,Banyuwangi,-8.2192,114.3691
2025-08-29,26.9,22.6,24.8,13.2,13.2,3.62,20.1,18.19,94,71,Banyuwangi,-8.2192,114.3691
2025-08-30,27.5,24.1,25.6,1.1,1.1,4.15,17.7,20.07,90,69,Banyuwangi,-8.2192,114.3691
2025-08-31,28.3,23.3,25.5,0.2,0.2,4.26,15.3,21.78,91,68,Banyuwangi,-8.2192,114.3691
2025-09-01,29.2,21.4,25.2,0.4,0.4,4.58,11.6,23.21,92,68,Banyuwangi,-8.2192,114.3691
2025-09-02,30.3,22.9,26.0,0.7,0.7,4.69,16.8,23.5,98,58,Banyuwangi,-8.2192,114.3691
2025-09-03,28.7,22.6,25.8,0.1,0.1,4.4,21.3,22.79,92,71,Banyuwangi,-8.2192,114.3691
2025-09-04,28.8,23.4,25.8,2.7,2.7,4.43,18.7,22.37,94,67,Banyuwangi,-8.2192,114.3691
2025-09-05,27.9,24.4,25.9,0.8,0.8,4.65,14.7,22.78,89,64,Banyuwangi,-8.2192,114.3691
2025-09-06,28.3,22.1,25.2,0.9,0.9,4.55,17.4,21.9,93,59,Banyuwangi,-8.2192,114.3691
2025-09-07,28.1,23.3,25.6,0.0,0.0,4.88,20.7,21.35,78,57,Banyuwangi,-8.2192,114.3691
2025-09-08,28.7,23.8,25.7,3.5,3.5,4.26,20.8,19.38,94,64,Banyuwangi,-8.2192,114.3691
2025-09-09,26.0,23.4,24.2,26.2,26.2,1.7,13.3,8.84,98,85,Banyuwangi,-8.2192,114.3691
2025-09-10,27.2,22.8,24.5,43.4,43.4,2.35,14.6,11.73,99,80,Banyuwangi,-8.2192,114.3691
2025-09-11,28.6,23.6,25.9,1.1,1.1,4.32,17.9,23.16,95,73,Banyuwangi,-8.2192,114.3691
2025-09-12,28.5,23.4,25.8,1.3,1.3,4.45,11.7,23.01,96,71,Banyuwangi,-8.2192,114.3691
2025-09-13,29.2,23.0,25.7,1.4,1.4,4.56,9.9,22.75,96,66,Banyuwangi,-8.2192,114.3691
2025-09-14,28.3,22.6,25.3,2.6,2.6,3.84,12.4,19.67,97,73,Banyuwangi,-8.2192,114.3691
2025-09-15,28.2,22.5,25.1,1.9,1.9,3.67,18.5,18.72,95,73,Banyuwangi,-8.2192,114.3691
2025-09-16,28.0,23.3,25.5,5.5,5.5,3.83,19.0,18.98,97,70,Banyuwangi,-8.2192,114.3691
2025-09-17,28.4,24.0,26.2,1.5,1.5,4.39,17.2,21.36,86,66,Banyuwangi,-8.2192,114.3691
2025-09-18,27.8,24.0,25.5,1.9,1.9,3.88,17.1,20.12,92,72,Banyuwangi,-8.2192,114.3691
2025-09-19,28.6,24.0,26.0,2.2,2.2,4.24,21.8,22.4,91,74,Banyuwangi,-8.2192,114.3691
2025-09-20,28.7,25.0,26.5,0.9,0.9,4.29,19.6,21.7,86,74,Banyuwangi,-8.2192,114.3691
2025-09-21,28.4,24.2,26.0,1.2,1.2,4.19,17.2,21.76,93,72,Banyuwangi,-8.2192,114.3691
2025-09-22,29.8,22.5,25.8,0.6,0.6,4.92,12.1,24.69,94,61,Banyuwangi,-8.2192,114.3691
2025-09-23,30.4,21.5,25.7,0.6,0.6,5.17,15.3,25.38,91,63,Banyuwangi,-8.2192,114.3691
2025-09-24,29.1,22.3,25.4,1.4,1.4,4.75,17.4,23.6,94,67,Banyuwangi,-8.2192,114.3691
2025-09-25,30.5,21.4,25.9,0.1,0.1,4.83,19.6,24.23,90,66,Banyuwangi,-8.2192,114.3691
2025-09-26,29.1,22.6,26.1,0.1,0.1,4.6,19.7,23.23,85,70,Banyuwangi,-8.2192,114.3691
2025-09-27,29.5,22.8,25.9,0.5,0.5,4.61,17.2,23.97,90,70,Banyuwangi,-8.2192,114.3691
2025-09-28,29.8,23.7,26.3,1.9,1.9,4.76,19.5,24.54,94,68,Banyuwangi,-8.2192,114.3691
2025-09-29,29.1,23.9,25.8,4.3,4.3,3.93,13.9,20.47,98,73,Banyuwangi,-8.2192,114.3691
2025-09-30,28.3,24.0,25.3,6.0,6.0,3.18,13.2,16.52,98,77,Banyuwangi,-8.2192,114.3691
2025-10-01,30.6,23.4,26.8,0.0,0.0,5.18,15.6,25.59,95,61,Banyuwangi,-8.2192,114.3691
2025-10-02,30.0,23.1,26.5,0.0,0.0,4.93,16.8,24.24,94,58,Banyuwangi,-8.2192,114.3691
2025-10-03,30.1,22.9,26.4,0.0,0.0,5.4,14.4,24.83,92,54,Banyuwangi,-8.2192,114.3691
2025-10-04,30.2,23.6,26.5,0.0,0.0,5.57,16.7,24.33,88,47,Banyuwangi,-8.2192,114.3691
2025-10-05,31.0,22.7,26.7,0.0,0.0,5.25,15.3,25.33,92,59,Banyuwangi,-8.2192,114.3691
2025-10-06,29.4,23.4,26.4,0.4,0.4,4.85,12.8,24.56,96,64,Banyuwangi,-8.2192,114.3691
2025-10-07,30.6,22.7,26.4,0.0,0.0,5.53,15.3,26.0,90,60,Banyuwangi,-8.2192,114.3691
2025-10-08,31.5,23.9,27.2,0.0,0.0,5.95,16.7,24.31,83,50,Banyuwangi,-8.2192,114.3691
2025-10-09,30.4,23.0,26.5,0.7,0.7,5.38,13.6,25.38,91,62,Banyuwangi,-8.2192,114.3691
2025-10-10,29.6,22.6,26.1,0.0,0.0,4.98,13.9,24.43,90,65,Banyuwangi,-8.2192,114.3691
2025-10-11,29.4,23.2,26.2,0.8,0.8,4.73,19.6,23.87,97,66,Banyuwangi,-8.2192,114.3691
2025-10-12,30.5,24.2,27.1,2.3,2.3,4.84,16.6,24.17,95,67,Banyuwangi,-8.2192,114.3691
2025-10-13,30.4,24.4,27.1,1.4,1.4,4.75,16.2,23.59,95,66,Banyuwangi,-8.2192,114.3691
2025-10-14,30.2,24.1,26.9,2.2,2.2,4.9,14.5,24.06,96,66,Banyuwangi,-8.2192,114.3691
2025-10-15,30.2,23.3,26.7,0.6,0.6,4.76,17.0,23.65,91,67,Banyuwangi,-8.2192,114.3691
2025-10-16,29.8,23.4,26.7,3.2,3.2,4.49,13.6,22.01,96,68,Banyuwangi,-8.2192,114.3691
2025-10-17,30.8,24.0,27.1,0.8,0.8,4.85,14.3,23.82,90,70,Banyuwangi,-8.2192,114.3691
2025-10-18,30.6,24.0,27.1,0.2,0.2,5.16,21.2,24.66,89,62,Banyuwangi,-8.2192,114.3691
2025-10-19,29.8,24.4,27.0,1.1,1.1,4.49,16.1,22.53,93,72,Banyuwangi,-8.2192,114.3691
2025-10-20,31.8,23.6,27.1,1.1,1.1,4.08,11.5,19.79,92,63,Banyuwangi,-8.2192,114.3691
2025-10-21,29.5,24.1,26.2,14.9,14.9,2.74,10.9,13.49,96,76,Banyuwangi,-8.2192,114.3691
2025-10-22,29.2,24.4,26.5,1.6,1.6,3.64,10.6,17.81,91,73,Banyuwangi,-8.2192,114.3691
2025-10-23,30.6,24.1,26.6,3.6,3.6,4.75,14.0,23.51,96,63,Banyuwangi,-8.2192,114.3691
2025-10-24,30.4,23.8,26.6,1.6,1.6,4.9,16.7,24.38,94,67,Banyuwangi,-8.2192,114.3691
2025-10-25,31.6,23.4,26.6,0.7,0.7,4.84,13.4,22.95,92,57,Banyuwangi,-8.2192,114.3691
2025-10-26,30.5,23.5,26.4,1.2,1.2,4.35,13.4,21.46,92,66,Banyuwangi,-8.2192,114.3691
2025-10-27,29.8,24.0,26.8,3.2,3.2,3.42,10.5,16.32,91,67,Banyuwangi,-8.2192,114.3691
2025-10-28,31.1,24.2,27.0,9.2,9.2,4.4,10.0,21.81,97,67,Banyuwangi,-8.2192,114.3691
2025-10-29,29.0,24.2,26.1,10.9,10.9,3.58,15.1,18.21,96,75,Banyuwangi,-8.2192,114.3691
2025-10-30,29.5,23.5,26.5,4.9,4.9,3.88,13.5,19.47,96,74,Banyuwangi,-8.2192,114.3691
2025-10-31,30.1,24.0,26.7,2.2,2.2,4.62,14.2,22.98,96,72,Banyuwangi,-8.2192,114.3691
2025-11-01,29.6,24.3,26.8,7.4,7.4,4.5,15.4,22.91,91,74,Banyuwangi,-8.2192,114.3691
2025-11-02,29.2,24.5,26.4,1.9,1.9,4.07,13.1,20.79,94,77,Banyuwangi,-8.2192,114.3691
2025-11-03,29.3,23.2,25.8,4.9,4.9,3.79,11.3,19.59,96,75,Banyuwangi,-8.2192,114.3691
2025-11-04,29.8,24.3,26.2,7.8,7.8,3.65,11.2,18.03,96,70,Banyuwangi,-8.2192,114.3691
2025-11-05,29.0,24.1,25.8,4.5,4.5,3.38,12.6,16.99,95,77,Banyuwangi,-8.2192,114.3691
2025-11-06,30.9,23.5,26.5,2.9,2.9,4.47,20.1,20.61,96,56,Banyuwangi,-8.2192,114.3691
2025-11-07,32.2,23.7,26.7,3.8,3.8,4.54,13.7,22.27,95,57,Banyuwangi,-8.2192,114.3691
2025-11-08,31.1,24.1,26.9,13.6,13.6,4.34,17.9,21.68,96,69,Banyuwangi,-8.2192,114.3691
2025-11-09,27.9,23.6,25.7,10.4,10.4,2.62,15.3,13.37,98,81,Banyuwangi,-8.2192,114.3691
2025-11-10,30.0,24.3,26.9,3.5,3.5,3.55,10.6,16.86,97,66,Banyuwangi,-8.2192,114.3691
2025-11-11,30.0,24.4,25.8,17.8,17.8,3.29,10.7,16.54,98,69,Banyuwangi,-8.2192,114.3691
2025-11-12,30.3,24.0,25.7,14.9,14.9,3.23,8.6,15.69,98,65,Banyuwangi,-8.2192,114.3691
2025-11-13,30.0,24.5,26.2,2.9,2.9,3.21,9.4,15.05,92,63,Banyuwangi,-8.2192,114.3691
2025-11-14,30.8,24.3,26.3,11.0,11.0,3.65,15.5,16.73,90,62,Banyuwangi,-8.2192,114.3691
2025-11-15,30.3,24.3,27.0,5.8,5.8,4.68,13.8,21.49,82,65,Banyuwangi,-8.2192,114.3691
2025-11-16,30.1,24.2,27.0,5.2,5.2,4.32,13.3,20.82,90,64,Banyuwangi,-8.2192,114.3691
2025-11-17,30.2,24.9,26.3,16.3,16.3,3.35,8.9,16.42,94,71,Banyuwangi,-8.2192,114.3691
2025-11-18,29.6,24.4,26.2,9.5,9.5,4.29,12.6,21.65,97,70,Banyuwangi,-8.2192,114.3691
2025-11-19,30.1,23.7,26.5,1.4,1.4,4.44,19.3,20.39,93,66,Banyuwangi,-8.2192,114.3691
2025-11-20,30.5,23.5,27.0,0.2,0.2,4.77,17.7,20.89,87,59,Banyuwangi,-8.2192,114.3691
2025-11-21,30.4,24.2,26.7,2.3,2.3,4.09,10.2,19.32,94,62,Banyuwangi,-8.2192,114.3691
2025-11-22,29.7,23.8,26.5,5.6,5.6,3.41,11.2,16.53,98,73,Banyuwangi,-8.2192,114.3691
2025-11-23,30.1,24.5,26.3,4.5,4.5,3.22,9.7,15.48,98,68,Banyuwangi,-8.2192,114.3691
2025-11-24,30.4,23.9,26.6,4.6,4.6,3.82,8.5,18.26,98,65,Banyuwangi,-8.2192,114.3691
2025-11-25,31.7,24.5,27.8,0.8,0.8,5.27,14.2,24.75,92,58,Banyuwangi,-8.2192,114.3691
2025-11-26,30.3,24.9,26.5,22.0,22.0,3.37,14.5,16.17,96,69,Banyuwangi,-8.2192,114.3691
2025-11-27,31.3,25.0,27.7,0.4,0.4,5.42,15.1,23.39,80,58,Banyuwangi,-8.2192,114.3691
2025-11-28,31.6,24.9,27.8,0.3,0.3,5.65,17.5,23.66,78,55,Banyuwangi,-8.2192,114.3691
2025-11-29,30.4,25.3,27.5,0.2,0.2,5.18,17.5,19.93,75,57,Banyuwangi,-8.2192,114.3691
2025-11-30,31.1,24.1,27.4,0.0,0.0,4.69,12.0,20.13,78,53,Banyuwangi,-8.2192,114.3691
2025-12-01,31.0,24.5,27.4,1.5,1.5,5.31,15.1,23.72,93,61,Banyuwangi,-8.2192,114.3691
2025-12-02,30.6,24.4,26.6,13.3,13.3,4.15,12.1,20.08,96,63,Banyuwangi,-8.2192,114.3691
2025-12-03,30.2,24.6,27.1,0.9,0.9,4.43,9.9,20.86,90,68,Banyuwangi,-8.2192,114.3691
2025-12-04,30.2,23.9,26.5,2.3,2.3,4.13,9.9,20.07,92,67,Banyuwangi,-8.2192,114.3691
2025-12-05,29.5,23.6,26.0,2.5,2.5,3.93,14.4,19.93,95,72,Banyuwangi,-8.2192,114.3691
2025-12-06,30.8,23.5,26.3,6.1,6.1,4.59,12.5,22.3,97,66,Banyuwangi,-8.2192,114.3691
2025-12-07,32.2,23.5,27.1,1.5,1.5,5.02,13.9,23.71,93,56,Banyuwangi,-8.2192,114.3691
2025-12-08,30.4,24.0,26.9,1.7,1.7,4.17,12.5,20.48,99,70,Banyuwangi,-8.2192,114.3691
2025-12-09,32.3,23.8,27.0,1.0,1.0,4.53,10.3,21.97,98,64,Banyuwangi,-8.2192,114.3691
2025-12-10,32.1,24.0,27.3,3.0,3.0,4.81,14.5,22.61,96,59,Banyuwangi,-8.2192,114.3691
2025-12-11,31.5,24.2,26.9,8.3,8.3,3.92,13.5,18.34,96,58,Banyuwangi,-8.2192,114.3691
2025-12-12,29.8,24.6,26.8,3.1,3.1,3.6,12.5,17.27,87,66,Banyuwangi,-8.2192,114.3691
2025-12-13,29.4,24.0,26.8,0.4,0.4,3.78,12.2,18.26,92,69,Banyuwangi,-8.2192,114.3691
2025-12-14,27.9,24.1,25.4,14.6,14.6,2.85,15.1,14.06,99,74,Banyuwangi,-8.2192,114.3691
2025-12-15,30.1,24.4,26.5,2.5,2.5,3.51,15.2,16.3,94,66,Banyuwangi,-8.2192,114.3691
2025-12-16,28.8,23.8,26.4,0.7,0.7,3.37,16.9,15.73,96,68,Banyuwangi,-8.2192,114.3691
2025-12-17,30.3,24.8,27.1,4.2,4.2,4.45,14.1,21.4,88,62,Banyuwangi,-8.2192,114.3691
2025-12-18,29.6,24.4,26.6,12.7,12.7,3.8,20.6,19.36,98,71,Banyuwangi,-8.2192,114.3691
2025-12-19,29.0,24.3,26.2,4.9,4.9,2.54,13.6,11.97,95,68,Banyuwangi,-8.2192,114.3691
2025-12-20,30.4,24.1,27.2,2.0,2.0,4.21,14.4,19.94,95,60,Banyuwangi,-8.2192,114.3691
2025-12-21,30.7,24.4,26.8,30.2,30.2,4.04,9.9,18.91,97,64,Banyuwangi,-8.2192,114.3691
2025-12-22,32.3,23.7,27.5,0.6,0.6,5.09,18.4,22.75,94,63,Banyuwangi,-8.2192,114.3691
2025-12-23,32.2,24.8,28.3,0.3,0.3,5.83,21.9,24.67,84,56,Banyuwangi,-8.2192,114.3691
2025-12-24,32.1,24.2,27.9,0.9,0.9,5.27,16.9,23.65,89,57,Banyuwangi,-8.2192,114.3691
2025-12-25,33.3,25.4,28.4,1.2,1.2,5.48,17.6,24.84,87,52,Banyuwangi,-8.2192,114.3691
2025-12-26,31.8,25.0,27.8,0.5,0.5,4.87,18.1,21.71,86,61,Banyuwangi,-8.2192,114.3691
2025-12-27,30.9,25.2,27.7,3.2,3.2,4.11,20.8,16.74,90,62,Banyuwangi,-8.2192,114.3691
2025-12-28,31.3,24.5,27.6,2.0,2.0,3.5,16.0,15.4,92,63,Banyuwangi,-8.2192,114.3691
2025-12-29,32.6,25.2,28.2,0.2,0.2,5.27,16.6,22.06,87,54,Banyuwangi,-8.2192,114.3691
2025-12-30,32.2,24.6,28.1,0.0,0.0,5.19,10.7,23.26,83,53,Banyuwangi,-8.2192,114.3691
2025-12-31,31.5,25.7,27.6,1.5,1.5,4.2,11.4,18.96,93,58,Banyuwangi,-8.2192,114.3691
