tanggal,temperature_2m_max,temperature_2m_min,temperature_2m_mean,precipitation_sum,rain_sum,et0_fao_evapotranspiration,windspeed_10m_max,shortwave_radiation_sum,relative_humidity_2m_max,relative_humidity_2m_min,kabupaten,lat,lon
2018-01-01,26.9,22.1,24.4,17.7,17.7,2.28,11.5,11.41,97,83,Blitar,-8.098,112.1615
2018-01-02,27.5,22.8,24.9,16.8,16.8,2.76,13.6,13.83,97,79,Blitar,-8.098,112.1615
2018-01-03,29.0,22.7,25.1,13.7,13.7,3.2,12.3,16.24,95,81,Blitar,-8.098,112.1615
2018-01-04,27.6,22.5,24.7,14.1,14.1,2.7,12.7,13.65,98,79,Blitar,-8.098,112.1615
2018-01-05,27.1,23.0,24.5,16.7,16.7,2.5,10.0,12.68,98,80,Blitar,-8.098,112.1615
2018-01-06,27.9,22.1,24.6,11.6,11.6,2.92,14.2,14.91,99,74,Blitar,-8.098,112.1615
2018-01-07,27.9,22.4,24.6,8.5,8.5,2.57,14.5,12.58,96,73,Blitar,-8.098,112.1615
2018-01-08,29.4,22.7,25.1,7.7,7.7,3.08,8.2,14.75,97,69,Blitar,-8.098,112.1615
2018-01-09,29.5,23.0,25.4,9.2,9.2,3.33,14.5,16.86,96,71,Blitar,-8.098,112.1615
2018-01-10,27.4,22.8,24.6,20.3,20.3,2.78,15.7,14.45,99,77,Blitar,-8.098,112.1615
2018-01-11,26.4,22.0,23.8,13.2,13.2,1.78,9.9,8.49,97,81,Blitar,-8.098,112.1615
2018-01-12,27.7,21.9,24.8,1.5,1.5,2.14,13.9,8.88,91,62,Blitar,-8.098,112.1615
2018-01-13,29.4,24.3,26.0,2.5,2.5,3.41,20.1,14.76,90,67,Blitar,-8.098,112.1615
2018-01-14,29.5,22.5,25.6,2.3,2.3,3.83,15.9,18.27,95,61,Blitar,-8.098,112.1615
2018-01-15,28.9,23.0,25.3,3.7,3.7,3.64,14.1,17.87,91,65,Blitar,-8.098,112.1615
2018-01-16,28.0,23.5,25.2,3.1,3.1,2.84,12.7,13.15,90,72,Blitar,-8.098,112.1615
2018-01-17,28.9,22.9,25.2,12.5,12.5,3.34,11.4,15.95,94,69,Blitar,-8.098,112.1615
2018-01-18,29.5,22.6,24.9,22.8,22.8,3.02,11.9,14.78,95,70,Blitar,-8.098,112.1615
2018-01-19,28.2,22.0,24.3,23.5,23.5,2.26,9.0,11.1,98,78,Blitar,-8.098,112.1615
2018-01-20,27.9,22.5,24.4,17.2,17.2,2.53,13.0,12.27,96,77,Blitar,-8.098,112.1615
2018-01-21,26.9,22.8,24.3,18.5,18.5,1.91,9.4,9.03,95,81,Blitar,-8.098,112.1615
2018-01-22,28.0,22.7,25.0,6.1,6.1,2.77,16.2,12.95,93,76,Blitar,-8.098,112.1615
2018-01-23,28.5,23.2,25.1,12.0,12.0,3.05,10.8,15.08,96,73,Blitar,-8.098,112.1615
2018-01-24,28.5,22.5,24.9,12.8,12.8,2.74,11.6,13.52,95,77,Blitar,-8.098,112.1615
2018-01-25,27.8,22.9,24.8,25.9,25.9,2.22,10.8,10.69,95,78,Blitar,-8.098,112.1615
2018-01-26,28.9,22.8,24.9,14.2,14.2,2.95,14.8,14.62,95,71,Blitar,-8.098,112.1615
2018-01-27,29.4,23.0,25.5,16.6,16.6,3.6,14.4,17.72,94,70,Blitar,-8.098,112.1615
2018-01-28,28.5,23.8,25.8,2.2,2.2,3.79,28.8,16.34,90,71,Blitar,-8.098,112.1615
2018-01-29,28.0,23.2,25.3,12.9,12.9,2.85,17.0,13.81,91,74,Blitar,-8.098,112.1615
2018-01-30,28.5,22.0,24.7,18.5,18.5,3.66,20.1,19.14,93,71,Blitar,-8.098,112.1615
2018-01-31,29.3,22.7,25.4,7.2,7.2,3.91,12.8,19.47,93,66,Blitar,-8.098,112.1615
2018-02-01,28.2,22.9,24.7,22.2,22.2,2.14,11.3,9.96,96,75,Blitar,-8.098,112.1615
2018-02-02,27.8,22.5,24.3,26.5,26.5,2.51,8.2,12.56,97,77,Blitar,-8.098,112.1615
2018-02-03,27.8,22.4,24.7,7.9,7.9,2.92,19.1,14.71,96,75,Blitar,-8.098,112.1615
2018-02-04,29.5,21.8,25.0,14.9,14.9,3.97,8.3,20.02,96,68,Blitar,-8.098,112.1615
2018-02-05,28.0,22.8,24.9,7.7,7.7,2.8,11.4,14.03,97,74,Blitar,-8.098,112.1615
2018-02-06,27.2,22.5,24.3,11.6,11.6,3.13,12.2,16.11,94,72,Blitar,-8.098,112.1615
2018-02-07,28.1,21.8,24.5,21.1,21.1,3.61,13.4,18.65,96,70,Blitar,-8.098,112.1615
2018-02-08,27.0,22.2,24.0,17.1,17.1,2.23,12.3,11.12,96,79,Blitar,-8.098,112.1615
2018-02-09,27.2,21.8,23.9,19.4,19.4,2.31,8.3,11.57,96,83,Blitar,-8.098,112.1615
2018-02-10,28.7,21.5,24.8,1.2,1.2,4.17,10.5,21.32,96,66,Blitar,-8.098,112.1615
2018-02-11,28.5,23.4,25.2,1.8,1.8,3.79,16.0,18.85,90,71,Blitar,-8.098,112.1615
2018-02-12,28.4,22.6,25.1,2.7,2.7,3.33,17.9,16.96,95,69,Blitar,-8.098,112.1615
2018-02-13,28.0,21.9,24.8,6.7,6.7,3.42,10.6,17.22,95,72,Blitar,-8.098,112.1615
2018-02-14,27.8,22.5,24.9,18.3,18.3,2.85,10.0,14.12,95,77,Blitar,-8.098,112.1615
2018-02-15,27.7,22.9,24.5,20.3,20.3,2.52,11.0,12.52,96,77,Blitar,-8.098,112.1615
2018-02-16,28.5,22.9,25.2,2.3,2.3,2.71,13.7,12.49,94,72,Blitar,-8.098,112.1615
2018-02-17,28.8,22.3,25.0,13.1,13.1,3.51,13.6,17.91,94,74,Blitar,-8.098,112.1615
2018-02-18,29.1,22.1,25.4,3.6,3.6,4.03,10.9,20.38,95,65,Blitar,-8.098,112.1615
2018-02-19,29.0,22.3,24.9,17.3,17.3,3.85,11.5,19.7,97,74,Blitar,-8.098,112.1615
2018-02-20,29.2,21.5,24.8,12.3,12.3,3.68,13.3,18.82,96,77,Blitar,-8.098,112.1615
2018-02-21,29.2,21.9,25.4,9.4,9.4,4.23,12.7,21.53,96,67,Blitar,-8.098,112.1615
2018-02-22,28.4,22.3,24.8,21.8,21.8,2.86,7.5,14.08,98,76,Blitar,-8.098,112.1615
2018-02-23,28.8,22.7,24.9,19.1,19.1,3.16,8.2,15.64,97,73,Blitar,-8.098,112.1615
2018-02-24,28.4,22.8,24.7,17.9,17.9,2.85,10.0,14.43,99,79,Blitar,-8.098,112.1615
2018-02-25,28.2,22.2,24.6,7.5,7.5,3.42,13.9,17.84,96,76,Blitar,-8.098,112.1615
2018-02-26,28.0,22.5,24.8,7.2,7.2,2.76,12.3,13.78,96,79,Blitar,-8.098,112.1615
2018-02-27,28.2,22.1,25.2,1.5,1.5,4.16,14.2,21.23,95,66,Blitar,-8.098,112.1615
2018-02-28,28.9,22.1,25.5,1.6,1.6,4.02,10.3,20.05,98,68,Blitar,-8.098,112.1615
2018-03-01,29.7,22.2,25.4,4.6,4.6,3.81,10.9,18.72,94,63,Blitar,-8.098,112.1615
2018-03-02,28.0,22.2,25.0,9.9,9.9,3.29,13.2,17.09,96,78,Blitar,-8.098,112.1615
2018-03-03,29.2,23.4,25.5,6.5,6.5,3.42,10.6,17.19,93,76,Blitar,-8.098,112.1615
2018-03-04,27.6,22.8,25.1,13.3,13.3,2.66,13.5,13.13,96,78,Blitar,-8.098,112.1615
2018-03-05,28.9,23.1,25.1,12.0,12.0,3.2,10.9,15.88,98,74,Blitar,-8.098,112.1615
2018-03-06,29.9,22.6,25.2,12.4,12.4,3.56,8.9,17.78,97,70,Blitar,-8.098,112.1615
2018-03-07,27.1,22.4,24.4,17.3,17.3,2.64,12.2,14.12,98,86,Blitar,-8.098,112.1615
2018-03-08,29.2,22.2,24.8,16.2,16.2,3.63,8.1,18.51,98,71,Blitar,-8.098,112.1615
2018-03-09,27.8,22.1,24.9,2.3,2.3,3.6,11.4,19.07,98,79,Blitar,-8.098,112.1615
2018-03-10,30.0,22.5,25.6,3.6,3.6,4.34,9.7,21.62,97,71,Blitar,-8.098,112.1615
2018-03-11,28.4,22.7,25.3,3.0,3.0,4.02,9.4,20.64,97,74,Blitar,-8.098,112.1615
2018-03-12,28.4,22.5,25.2,2.9,2.9,3.5,10.5,17.43,96,71,Blitar,-8.098,112.1615
2018-03-13,28.3,22.8,24.9,5.8,5.8,3.42,9.3,17.13,95,70,Blitar,-8.098,112.1615
2018-03-14,27.6,22.6,24.6,1.6,1.6,2.75,13.2,13.68,92,79,Blitar,-8.098,112.1615
2018-03-15,28.0,21.0,24.8,1.2,1.2,3.96,17.8,20.74,99,75,Blitar,-8.098,112.1615
2018-03-16,28.6,22.5,25.2,2.6,2.6,3.88,9.8,19.58,98,69,Blitar,-8.098,112.1615
2018-03-17,28.9,21.9,24.5,9.1,9.1,3.34,10.4,16.86,97,71,Blitar,-8.098,112.1615
2018-03-18,28.8,21.6,24.7,8.9,8.9,3.73,10.2,19.05,97,70,Blitar,-8.098,112.1615
2018-03-19,28.7,21.8,25.2,0.6,0.6,3.91,13.8,20.15,96,69,Blitar,-8.098,112.1615
2018-03-20,29.7,22.2,25.5,0.0,0.0,4.78,13.8,24.39,96,67,Blitar,-8.098,112.1615
2018-03-21,30.6,22.1,25.8,0.0,0.0,4.85,21.8,23.79,96,64,Blitar,-8.098,112.1615
2018-03-22,29.0,23.1,25.3,11.9,11.9,3.82,11.6,18.72,92,72,Blitar,-8.098,112.1615
2018-03-23,29.4,22.2,25.6,0.8,0.8,4.34,15.5,21.89,95,67,Blitar,-8.098,112.1615
2018-03-24,27.3,22.5,24.4,6.2,6.2,2.88,14.7,15.87,98,83,Blitar,-8.098,112.1615
2018-03-25,27.7,22.8,24.8,4.5,4.5,3.28,13.8,17.17,97,76,Blitar,-8.098,112.1615
2018-03-26,28.2,22.8,25.1,3.7,3.7,3.46,10.7,17.5,97,72,Blitar,-8.098,112.1615
2018-03-27,27.6,22.6,25.0,1.8,1.8,3.05,13.7,15.56,94,76,Blitar,-8.098,112.1615
2018-03-28,28.0,23.2,25.2,2.1,2.1,3.53,16.2,18.75,94,79,Blitar,-8.098,112.1615
2018-03-29,28.8,23.5,25.7,3.3,3.3,3.99,17.9,20.47,95,72,Blitar,-8.098,112.1615
2018-03-30,29.6,22.6,25.6,4.3,4.3,4.06,11.7,20.44,96,70,Blitar,-8.098,112.1615
2018-03-31,29.6,22.5,25.5,6.7,6.7,3.85,13.2,19.56,94,64,Blitar,-8.098,112.1615
2018-04-01,30.0,21.8,25.7,0.5,0.5,4.31,11.0,21.4,94,65,Blitar,-8.098,112.1615
2018-04-02,29.5,22.3,25.3,5.2,5.2,3.83,10.8,19.35,94,71,Blitar,-8.098,112.1615
2018-04-03,28.4,22.8,25.3,0.6,0.6,3.71,15.9,19.42,96,74,Blitar,-8.098,112.1615
2018-04-04,28.6,21.8,24.9,1.1,1.1,3.58,12.6,18.36,98,70,Blitar,-8.098,112.1615
2018-04-05,29.2,22.8,25.6,2.1,2.1,3.87,14.8,19.71,97,71,Blitar,-8.098,112.1615
2018-04-06,29.2,22.2,25.5,3.1,3.1,3.83,14.1,19.37,98,70,Blitar,-8.098,112.1615
2018-04-07,29.0,22.3,25.1,3.6,3.6,3.43,11.3,17.06,98,73,Blitar,-8.098,112.1615
2018-04-08,29.4,22.4,24.9,14.4,14.4,3.38,10.0,16.91,97,72,Blitar,-8.098,112.1615
2018-04-09,29.1,22.1,25.2,2.1,2.1,3.42,8.4,17.15,96,70,Blitar,-8.098,112.1615
2018-04-10,29.8,21.5,25.8,1.6,1.6,4.0,14.6,19.52,94,64,Blitar,-8.098,112.1615
2018-04-11,29.8,23.0,25.9,1.2,1.2,3.67,12.9,18.21,96,69,Blitar,-8.098,112.1615
2018-04-12,29.2,22.8,25.8,6.4,6.4,3.54,7.4,17.58,98,70,Blitar,-8.098,112.1615
2018-04-13,29.8,23.3,26.1,3.3,3.3,3.97,16.5,20.1,97,70,Blitar,-8.098,112.1615
2018-04-14,30.2,23.0,26.2,1.9,1.9,4.02,13.2,19.89,95,65,Blitar,-8.098,112.1615
2018-04-15,29.9,22.9,26.0,1.4,1.4,4.12,15.8,20.56,95,68,Blitar,-8.098,112.1615
2018-04-16,28.8,23.0,25.5,3.5,3.5,3.48,12.6,18.38,97,77,Blitar,-8.098,112.1615
2018-04-17,28.7,23.4,25.3,9.6,9.6,3.23,9.7,16.62,98,78,Blitar,-8.098,112.1615
2018-04-18,29.6,23.2,25.8,5.0,5.0,3.68,11.9,18.32,98,67,Blitar,-8.098,112.1615
2018-04-19,28.2,22.6,25.5,2.6,2.6,3.54,12.0,18.1,100,73,Blitar,-8.098,112.1615
2018-04-20,28.7,22.5,25.3,4.3,4.3,3.22,8.3,16.24,97,75,Blitar,-8.098,112.1615
2018-04-21,29.9,22.7,25.8,3.9,3.9,3.74,8.3,18.57,96,67,Blitar,-8.098,112.1615
2018-04-22,29.9,23.1,25.8,6.1,6.1,3.29,10.7,16.44,97,72,Blitar,-8.098,112.1615
2018-04-23,30.1,23.5,26.0,5.2,5.2,3.61,9.8,17.67,98,63,Blitar,-8.098,112.1615
2018-04-24,30.1,23.0,26.1,1.8,1.8,3.87,15.3,18.71,94,63,Blitar,-8.098,112.1615
2018-04-25,29.9,22.5,25.5,2.5,2.5,3.86,13.2,19.14,99,61,Blitar,-8.098,112.1615
2018-04-26,30.4,22.6,25.8,1.2,1.2,4.1,10.8,20.24,98,58,Blitar,-8.098,112.1615
2018-04-27,29.6,21.8,25.6,0.9,0.9,4.04,11.4,20.01,97,65,Blitar,-8.098,112.1615
2018-04-28,29.4,22.0,25.1,0.3,0.3,3.8,17.4,18.92,97,67,Blitar,-8.098,112.1615
2018-04-29,30.0,20.7,25.1,0.0,0.0,4.73,18.1,23.95,96,58,Blitar,-8.098,112.1615
2018-04-30,29.6,20.1,24.8,0.5,0.5,4.57,16.2,22.48,96,56,Blitar,-8.098,112.1615
2018-05-01,29.6,19.2,24.4,0.2,0.2,4.32,15.9,21.17,95,54,Blitar,-8.098,112.1615
2018-05-02,29.9,19.6,24.3,0.0,0.0,4.44,17.0,22.03,96,53,Blitar,-8.098,112.1615
2018-05-03,29.4,19.9,24.3,0.1,0.1,4.28,17.0,21.83,95,61,Blitar,-8.098,112.1615
2018-05-04,30.5,19.9,24.9,0.0,0.0,4.83,16.7,23.19,96,51,Blitar,-8.098,112.1615
2018-05-05,30.4,20.5,25.2,0.0,0.0,4.44,15.5,21.63,93,54,Blitar,-8.098,112.1615
2018-05-06,30.9,20.3,25.8,1.3,1.3,4.29,14.8,20.06,94,54,Blitar,-8.098,112.1615
2018-05-07,31.3,21.7,26.3,0.5,0.5,4.57,18.7,20.95,94,54,Blitar,-8.098,112.1615
2018-05-08,31.6,21.5,25.9,0.0,0.0,4.92,21.3,22.89,94,46,Blitar,-8.098,112.1615
2018-05-09,31.1,19.8,25.4,0.5,0.5,4.72,20.0,21.72,95,48,Blitar,-8.098,112.1615
2018-05-10,31.0,22.0,26.4,0.5,0.5,4.25,13.6,19.03,92,49,Blitar,-8.098,112.1615
2018-05-11,31.6,20.4,25.8,0.0,0.0,5.01,21.5,22.29,96,50,Blitar,-8.098,112.1615
2018-05-12,31.0,21.3,26.0,0.2,0.2,4.5,20.5,19.55,93,52,Blitar,-8.098,112.1615
2018-05-13,31.4,22.6,26.3,0.2,0.2,4.53,23.3,19.51,91,47,Blitar,-8.098,112.1615
2018-05-14,32.1,22.8,27.1,0.9,0.9,4.56,16.3,19.13,94,49,Blitar,-8.098,112.1615
2018-05-15,31.0,22.8,26.6,0.8,0.8,3.96,19.9,16.52,96,56,Blitar,-8.098,112.1615
2018-05-16,32.3,23.1,26.7,1.8,1.8,3.87,17.5,15.81,93,51,Blitar,-8.098,112.1615
2018-05-17,31.5,24.1,26.7,0.0,0.0,4.24,21.1,16.06,86,52,Blitar,-8.098,112.1615
2018-05-18,31.2,23.6,26.8,0.2,0.2,4.35,19.3,16.57,84,52,Blitar,-8.098,112.1615
2018-05-19,32.0,23.3,26.5,2.8,2.8,4.11,19.1,17.49,83,45,Blitar,-8.098,112.1615
2018-05-20,32.7,23.5,27.2,0.8,0.8,4.46,16.3,18.13,88,42,Blitar,-8.098,112.1615
2018-05-21,29.5,22.8,26.0,1.2,1.2,2.59,11.8,11.4,97,60,Blitar,-8.098,112.1615
2018-05-22,32.5,22.1,26.6,1.1,1.1,3.87,12.3,17.55,99,47,Blitar,-8.098,112.1615
2018-05-23,31.3,23.4,26.3,16.0,16.0,3.43,11.5,16.69,96,57,Blitar,-8.098,112.1615
2018-05-24,31.4,23.4,26.3,3.9,3.9,3.76,16.0,16.86,94,56,Blitar,-8.098,112.1615
2018-05-25,31.2,23.1,26.0,4.4,4.4,3.19,16.6,14.86,93,57,Blitar,-8.098,112.1615
2018-05-26,29.2,23.5,26.0,0.3,0.3,3.42,18.7,14.31,94,62,Blitar,-8.098,112.1615
2018-05-27,29.5,23.5,25.9,0.0,0.0,3.6,25.3,13.42,89,60,Blitar,-8.098,112.1615
2018-05-28,30.5,22.0,25.7,0.0,0.0,4.18,23.9,18.06,95,52,Blitar,-8.098,112.1615
2018-05-29,31.0,22.3,25.8,0.0,0.0,4.83,23.3,19.99,91,46,Blitar,-8.098,112.1615
2018-05-30,30.2,20.2,24.6,0.0,0.0,4.34,20.3,20.34,95,48,Blitar,-8.098,112.1615
2018-05-31,31.0,19.7,24.5,0.0,0.0,4.52,20.6,21.19,100,49,Blitar,-8.098,112.1615
2018-06-01,30.0,19.8,24.6,0.0,0.0,4.53,20.2,21.0,98,50,Blitar,-8.098,112.1615
2018-06-02,31.6,20.4,25.5,0.0,0.0,4.32,20.1,19.5,95,44,Blitar,-8.098,112.1615
2018-06-03,31.9,21.1,26.1,0.2,0.2,4.18,19.1,18.25,97,46,Blitar,-8.098,112.1615
2018-06-04,33.0,21.0,26.3,0.1,0.1,4.0,18.5,17.8,100,43,Blitar,-8.098,112.1615
2018-06-05,33.1,22.0,26.5,0.0,0.0,4.12,16.6,18.29,98,44,Blitar,-8.098,112.1615
2018-06-06,31.5,21.8,25.8,0.2,0.2,3.92,17.7,17.79,100,50,Blitar,-8.098,112.1615
2018-06-07,31.8,21.2,25.8,0.0,0.0,4.2,17.8,19.35,99,52,Blitar,-8.098,112.1615
2018-06-08,31.6,23.5,26.3,0.4,0.4,4.11,21.0,17.88,93,48,Blitar,-8.098,112.1615
2018-06-09,31.0,22.4,25.9,0.0,0.0,4.51,22.2,19.1,95,47,Blitar,-8.098,112.1615
2018-06-10,32.2,20.4,25.6,1.0,1.0,4.29,25.6,18.41,96,43,Blitar,-8.098,112.1615
2018-06-11,30.2,23.1,26.2,2.3,2.3,4.0,20.4,15.9,92,56,Blitar,-8.098,112.1615
2018-06-12,30.4,23.0,25.9,0.7,0.7,3.69,25.1,14.99,92,54,Blitar,-8.098,112.1615
2018-06-13,30.4,21.9,25.5,0.1,0.1,4.68,22.4,20.07,92,47,Blitar,-8.098,112.1615
2018-06-14,31.5,21.0,25.5,0.3,0.3,4.61,23.5,19.48,97,43,Blitar,-8.098,112.1615
2018-06-15,31.7,21.5,25.6,0.0,0.0,4.96,21.5,20.81,96,37,Blitar,-8.098,112.1615
2018-06-16,31.7,19.2,25.0,0.2,0.2,4.19,21.0,18.74,95,40,Blitar,-8.098,112.1615
2018-06-17,32.5,19.7,25.4,0.0,0.0,4.45,18.4,20.69,96,38,Blitar,-8.098,112.1615
2018-06-18,31.6,20.3,25.5,0.0,0.0,4.28,18.5,19.37,97,43,Blitar,-8.098,112.1615
2018-06-19,29.6,21.0,24.5,6.3,6.3,3.29,18.3,15.71,100,55,Blitar,-8.098,112.1615
2018-06-20,28.8,22.5,24.7,12.6,12.6,2.68,19.8,12.63,95,66,Blitar,-8.098,112.1615
2018-06-21,27.6,22.8,24.6,2.3,2.3,2.2,19.0,9.95,96,71,Blitar,-8.098,112.1615
2018-06-22,27.9,22.4,24.5,4.2,4.2,2.76,17.5,13.26,95,70,Blitar,-8.098,112.1615
2018-06-23,27.8,22.4,24.5,12.8,12.8,2.83,16.4,13.72,95,69,Blitar,-8.098,112.1615
2018-06-24,28.0,22.9,24.7,3.5,3.5,3.12,20.3,15.04,94,69,Blitar,-8.098,112.1615
2018-06-25,27.0,22.4,24.1,9.5,9.5,3.12,22.9,15.68,92,74,Blitar,-8.098,112.1615
2018-06-26,27.2,21.9,24.0,1.8,1.8,2.93,20.7,13.39,92,67,Blitar,-8.098,112.1615
2018-06-27,27.5,21.9,24.1,1.8,1.8,3.24,21.7,15.7,92,68,Blitar,-8.098,112.1615
2018-06-28,26.9,21.5,23.8,0.5,0.5,3.28,24.5,16.26,92,70,Blitar,-8.098,112.1615
2018-06-29,27.0,20.6,23.5,1.2,1.2,3.21,23.3,16.39,96,70,Blitar,-8.098,112.1615
2018-06-30,28.1,20.2,23.6,0.1,0.1,3.59,22.1,17.95,96,63,Blitar,-8.098,112.1615
2018-07-01,28.2,20.5,23.7,0.0,0.0,3.86,15.6,19.58,94,62,Blitar,-8.098,112.1615
2018-07-02,28.1,20.1,23.4,0.1,0.1,3.58,17.7,18.47,96,62,Blitar,-8.098,112.1615
2018-07-03,28.4,19.1,23.4,0.0,0.0,3.46,21.0,17.53,99,59,Blitar,-8.098,112.1615
2018-07-04,27.5,21.8,24.2,1.2,1.2,3.47,26.5,16.83,96,67,Blitar,-8.098,112.1615
2018-07-05,27.6,20.0,23.2,0.0,0.0,4.29,26.1,20.67,94,54,Blitar,-8.098,112.1615
2018-07-06,27.8,18.7,22.8,0.0,0.0,3.96,21.3,18.89,92,55,Blitar,-8.098,112.1615
2018-07-07,27.8,20.2,23.6,0.0,0.0,3.99,21.1,18.98,93,55,Blitar,-8.098,112.1615
2018-07-08,28.0,20.1,23.6,0.1,0.1,3.39,20.0,16.09,95,62,Blitar,-8.098,112.1615
2018-07-09,28.5,20.5,24.1,0.0,0.0,4.27,22.3,20.78,96,58,Blitar,-8.098,112.1615
2018-07-10,28.0,20.6,23.7,0.0,0.0,4.14,25.3,19.03,93,57,Blitar,-8.098,112.1615
2018-07-11,27.2,17.5,23.1,0.8,0.8,3.9,20.3,18.71,96,58,Blitar,-8.098,112.1615
2018-07-12,27.6,19.3,23.3,1.2,1.2,3.64,20.5,17.7,97,58,Blitar,-8.098,112.1615
2018-07-13,28.4,20.6,23.8,0.0,0.0,3.99,23.9,17.7,94,55,Blitar,-8.098,112.1615
2018-07-14,27.9,20.4,23.5,0.1,0.1,3.86,22.4,17.02,90,55,Blitar,-8.098,112.1615
2018-07-15,27.2,20.5,23.2,0.0,0.0,4.31,21.6,18.82,88,53,Blitar,-8.098,112.1615
2018-07-16,27.9,18.6,23.0,0.0,0.0,4.11,21.3,19.72,91,55,Blitar,-8.098,112.1615
2018-07-17,28.9,20.0,23.8,0.0,0.0,3.77,20.6,16.88,95,54,Blitar,-8.098,112.1615
2018-07-18,29.8,20.1,24.2,0.1,0.1,4.07,21.5,18.93,96,56,Blitar,-8.098,112.1615
2018-07-19,29.9,20.2,24.4,0.0,0.0,4.47,21.5,20.96,96,51,Blitar,-8.098,112.1615
2018-07-20,30.2,20.0,24.2,0.0,0.0,3.71,18.5,18.02,98,53,Blitar,-8.098,112.1615
2018-07-21,30.1,21.4,24.9,0.4,0.4,3.65,18.8,16.62,97,53,Blitar,-8.098,112.1615
2018-07-22,28.8,22.0,25.0,0.2,0.2,3.62,19.7,16.55,98,59,Blitar,-8.098,112.1615
2018-07-23,29.5,21.5,24.8,1.7,1.7,3.87,24.1,17.27,97,57,Blitar,-8.098,112.1615
2018-07-24,30.0,20.0,24.3,0.0,0.0,4.56,17.1,21.48,96,49,Blitar,-8.098,112.1615
2018-07-25,29.0,18.0,22.9,0.0,0.0,4.69,20.0,22.42,100,48,Blitar,-8.098,112.1615
2018-07-26,28.5,17.0,22.5,0.0,0.0,4.41,20.1,21.74,97,55,Blitar,-8.098,112.1615
2018-07-27,27.9,18.4,23.1,0.4,0.4,3.63,22.5,16.7,97,58,Blitar,-8.098,112.1615
2018-07-28,27.1,21.2,23.6,2.5,2.5,3.21,20.5,14.43,97,61,Blitar,-8.098,112.1615
2018-07-29,29.0,19.7,23.8,0.0,0.0,4.11,21.0,18.95,98,52,Blitar,-8.098,112.1615
2018-07-30,30.0,18.8,24.0,0.0,0.0,4.13,19.4,19.22,98,49,Blitar,-8.098,112.1615
2018-07-31,28.4,20.9,24.4,2.2,2.2,3.85,19.6,17.62,96,57,Blitar,-8.098,112.1615
2018-08-01,28.9,21.0,24.0,1.3,1.3,3.95,23.2,18.45,97,56,Blitar,-8.098,112.1615
2018-08-02,28.5,20.0,23.4,0.1,0.1,4.9,26.6,21.81,95,42,Blitar,-8.098,112.1615
2018-08-03,25.5,18.9,22.1,1.3,1.3,3.65,24.3,15.88,86,59,Blitar,-8.098,112.1615
2018-08-04,26.4,19.0,22.4,1.0,1.0,3.55,21.5,15.94,92,53,Blitar,-8.098,112.1615
2018-08-05,25.0,19.4,22.2,2.4,2.4,3.34,21.3,14.43,92,59,Blitar,-8.098,112.1615
2018-08-06,27.8,17.8,22.5,0.0,0.0,4.45,26.2,19.8,87,47,Blitar,-8.098,112.1615
2018-08-07,28.7,19.1,23.6,0.0,0.0,4.29,21.7,19.25,95,51,Blitar,-8.098,112.1615
2018-08-08,30.5,20.5,24.6,0.0,0.0,4.4,21.3,19.58,96,48,Blitar,-8.098,112.1615
2018-08-09,30.2,21.1,24.7,0.1,0.1,4.41,20.4,20.93,100,51,Blitar,-8.098,112.1615
2018-08-10,29.0,20.7,24.4,0.6,0.6,4.1,24.2,18.49,99,57,Blitar,-8.098,112.1615
2018-08-11,28.5,21.0,24.1,1.3,1.3,3.83,24.8,16.26,95,59,Blitar,-8.098,112.1615
2018-08-12,29.2,21.0,24.5,0.1,0.1,3.89,20.5,16.07,91,54,Blitar,-8.098,112.1615
2018-08-13,30.5,20.9,24.9,0.1,0.1,4.29,18.4,18.92,92,49,Blitar,-8.098,112.1615
2018-08-14,30.2,20.6,24.6,0.2,0.2,4.47,20.2,20.24,96,53,Blitar,-8.098,112.1615
2018-08-15,29.3,19.5,23.8,0.0,0.0,4.78,22.1,22.47,95,47,Blitar,-8.098,112.1615
2018-08-16,29.4,17.5,23.0,0.0,0.0,5.02,24.8,23.61,98,41,Blitar,-8.098,112.1615
2018-08-17,28.8,17.0,22.5,0.0,0.0,4.47,24.5,21.11,99,43,Blitar,-8.098,112.1615
2018-08-18,29.6,19.0,23.6,0.0,0.0,4.54,22.9,20.63,97,44,Blitar,-8.098,112.1615
2018-08-19,30.5,18.8,24.1,0.0,0.0,4.67,20.0,21.9,99,46,Blitar,-8.098,112.1615
2018-08-20,30.2,19.2,24.3,0.2,0.2,4.34,19.1,20.62,100,48,Blitar,-8.098,112.1615
2018-08-21,28.9,21.2,24.6,2.5,2.5,4.23,18.9,19.47,98,57,Blitar,-8.098,112.1615
2018-08-22,30.4,20.9,24.6,0.0,0.0,4.67,22.7,21.69,98,47,Blitar,-8.098,112.1615
2018-08-23,30.0,20.4,24.5,0.1,0.1,4.98,22.3,23.5,98,48,Blitar,-8.098,112.1615
2018-08-24,31.0,20.2,24.4,0.0,0.0,5.33,23.2,23.32,96,40,Blitar,-8.098,112.1615
2018-08-25,29.4,17.0,23.0,0.0,0.0,5.07,19.0,24.19,98,47,Blitar,-8.098,112.1615
2018-08-26,30.5,19.4,24.1,0.0,0.0,4.6,22.4,20.93,93,45,Blitar,-8.098,112.1615
2018-08-27,30.2,20.4,24.5,0.0,0.0,4.22,21.6,19.32,98,47,Blitar,-8.098,112.1615
2018-08-28,28.5,22.2,24.6,1.3,1.3,3.71,19.8,17.03,96,61,Blitar,-8.098,112.1615
2018-08-29,26.3,21.8,23.8,0.6,0.6,2.66,18.0,11.37,94,64,Blitar,-8.098,112.1615
2018-08-30,27.5,22.0,24.2,1.9,1.9,3.1,20.6,13.09,92,65,Blitar,-8.098,112.1615
2018-08-31,27.7,22.1,24.3,2.1,2.1,3.17,21.9,13.89,93,65,Blitar,-8.098,112.1615
2018-09-01,26.1,21.5,23.5,2.4,2.4,2.53,19.8,11.95,96,71,Blitar,-8.098,112.1615
2018-09-02,28.9,21.9,24.6,0.8,0.8,4.17,21.4,18.85,94,58,Blitar,-8.098,112.1615
2018-09-03,28.1,20.9,24.0,0.4,0.4,4.89,21.1,22.59,95,51,Blitar,-8.098,112.1615
2018-09-04,28.5,18.6,23.4,0.0,0.0,4.6,23.3,21.1,94,46,Blitar,-8.098,112.1615
2018-09-05,27.6,20.7,24.2,2.9,2.9,4.03,23.5,18.79,95,63,Blitar,-8.098,112.1615
2018-09-06,28.2,21.7,24.5,1.5,1.5,3.77,21.1,17.02,94,63,Blitar,-8.098,112.1615
2018-09-07,28.9,21.1,24.6,2.8,2.8,4.03,20.6,18.29,97,57,Blitar,-8.098,112.1615
2018-09-08,29.7,22.1,24.9,1.1,1.1,4.36,20.8,19.64,93,54,Blitar,-8.098,112.1615
2018-09-09,31.5,21.0,25.2,0.0,0.0,4.92,22.8,22.44,95,46,Blitar,-8.098,112.1615
2018-09-10,30.5,22.5,25.4,1.1,1.1,4.55,21.0,20.38,94,50,Blitar,-8.098,112.1615
2018-09-11,30.8,20.9,25.0,1.1,1.1,4.76,22.1,21.43,98,48,Blitar,-8.098,112.1615
2018-09-12,29.0,21.0,24.2,0.8,0.8,4.85,21.7,22.31,97,49,Blitar,-8.098,112.1615
2018-09-13,28.9,19.5,23.7,0.0,0.0,4.89,21.1,23.36,96,49,Blitar,-8.098,112.1615
2018-09-14,27.8,21.5,24.1,0.1,0.1,4.51,22.3,20.11,86,51,Blitar,-8.098,112.1615
2018-09-15,29.4,19.5,23.7,0.1,0.1,4.5,23.1,20.28,95,44,Blitar,-8.098,112.1615
2018-09-16,31.0,18.1,24.1,0.2,0.2,4.8,23.1,21.78,99,44,Blitar,-8.098,112.1615
2018-09-17,30.1,21.6,25.1,1.9,1.9,4.6,19.9,21.11,98,53,Blitar,-8.098,112.1615
2018-09-18,29.6,22.5,25.2,1.8,1.8,4.13,19.0,19.08,95,56,Blitar,-8.098,112.1615
2018-09-19,30.0,22.5,24.9,2.2,2.2,3.81,18.7,18.2,96,59,Blitar,-8.098,112.1615
2018-09-20,28.5,22.6,24.9,0.2,0.2,2.46,15.3,10.39,96,62,Blitar,-8.098,112.1615
2018-09-21,30.7,21.9,25.8,0.4,0.4,4.59,17.4,20.94,98,57,Blitar,-8.098,112.1615
2018-09-22,31.7,19.8,25.1,0.0,0.0,5.42,19.2,25.69,100,44,Blitar,-8.098,112.1615
2018-09-23,31.2,21.1,25.6,0.9,0.9,5.07,20.9,22.02,100,45,Blitar,-8.098,112.1615
2018-09-24,32.0,21.5,25.9,1.1,1.1,5.29,22.5,23.29,93,44,Blitar,-8.098,112.1615
2018-09-25,30.8,22.2,25.8,0.4,0.4,5.06,21.4,22.66,98,48,Blitar,-8.098,112.1615
2018-09-26,30.2,20.1,24.9,0.0,0.0,5.44,19.4,25.87,98,47,Blitar,-8.098,112.1615
2018-09-27,31.0,19.0,24.0,0.0,0.0,5.66,23.6,25.97,97,39,Blitar,-8.098,112.1615
2018-09-28,31.0,19.0,24.4,0.0,0.0,5.59,20.9,26.31,99,44,Blitar,-8.098,112.1615
2018-09-29,30.8,20.0,25.1,0.1,0.1,4.74,18.1,21.59,100,49,Blitar,-8.098,112.1615
2018-09-30,31.6,21.4,25.8,0.2,0.2,4.79,20.3,21.41,99,48,Blitar,-8.098,112.1615
2018-10-01,31.9,21.5,26.3,0.4,0.4,5.27,21.4,22.68,97,47,Blitar,-8.098,112.1615
2018-10-02,33.4,21.2,26.4,0.0,0.0,5.77,22.4,25.4,98,41,Blitar,-8.098,112.1615
2018-10-03,32.9,21.6,26.6,0.0,0.0,6.07,21.0,26.1,96,41,Blitar,-8.098,112.1615
2018-10-04,33.2,18.7,25.5,0.0,0.0,6.02,21.6,26.64,97,31,Blitar,-8.098,112.1615
2018-10-05,32.1,19.1,25.6,0.0,0.0,5.41,21.6,24.05,100,42,Blitar,-8.098,112.1615
2018-10-06,32.7,20.9,26.3,0.5,0.5,5.58,23.5,24.06,98,46,Blitar,-8.098,112.1615
2018-10-07,32.0,22.9,26.6,1.0,1.0,5.21,20.3,22.63,96,47,Blitar,-8.098,112.1615
2018-10-08,32.0,22.6,26.4,0.5,0.5,5.51,23.4,23.79,95,46,Blitar,-8.098,112.1615
2018-10-09,31.4,22.0,25.9,0.2,0.2,5.32,24.0,23.98,97,49,Blitar,-8.098,112.1615
2018-10-10,31.4,22.4,25.8,0.0,0.0,5.04,20.8,23.09,97,49,Blitar,-8.098,112.1615
2018-10-11,31.6,22.5,26.4,0.0,0.0,5.39,22.1,23.99,98,49,Blitar,-8.098,112.1615
2018-10-12,31.9,21.5,26.3,0.0,0.0,5.46,19.6,24.91,98,47,Blitar,-8.098,112.1615
2018-10-13,30.4,22.4,25.8,0.5,0.5,5.07,22.4,23.8,98,52,Blitar,-8.098,112.1615
2018-10-14,30.8,20.9,25.6,0.5,0.5,4.97,18.6,22.48,98,50,Blitar,-8.098,112.1615
2018-10-15,30.8,22.5,26.1,2.4,2.4,5.02,22.1,22.44,95,54,Blitar,-8.098,112.1615
2018-10-16,31.0,21.9,26.1,0.1,0.1,5.22,21.9,23.09,96,50,Blitar,-8.098,112.1615
2018-10-17,29.9,22.0,25.6,0.3,0.3,4.62,19.0,21.01,96,58,Blitar,-8.098,112.1615
2018-10-18,29.2,22.5,25.4,2.2,2.2,4.08,22.0,17.42,93,58,Blitar,-8.098,112.1615
2018-10-19,29.6,21.8,25.3,1.0,1.0,4.76,24.9,20.65,96,54,Blitar,-8.098,112.1615
2018-10-20,30.1,20.7,25.3,0.8,0.8,4.76,23.6,21.1,95,52,Blitar,-8.098,112.1615
2018-10-21,30.6,22.0,25.8,0.3,0.3,4.78,20.2,21.45,96,51,Blitar,-8.098,112.1615
2018-10-22,29.1,21.4,25.4,2.2,2.2,4.33,20.4,20.0,97,64,Blitar,-8.098,112.1615
2018-10-23,30.4,23.5,26.2,0.3,0.3,4.34,18.1,19.41,92,58,Blitar,-8.098,112.1615
2018-10-24,29.9,23.5,26.2,1.1,1.1,4.39,19.6,19.74,93,59,Blitar,-8.098,112.1615
2018-10-25,29.4,23.4,25.7,1.9,1.9,4.18,20.4,19.61,94,63,Blitar,-8.098,112.1615
2018-10-26,29.8,22.0,25.6,1.1,1.1,4.5,20.2,20.81,96,63,Blitar,-8.098,112.1615
2018-10-27,29.6,21.5,25.5,2.0,2.0,4.46,22.6,20.94,96,57,Blitar,-8.098,112.1615
2018-10-28,29.2,22.8,25.5,2.5,2.5,4.41,21.0,20.93,94,63,Blitar,-8.098,112.1615
2018-10-29,29.3,22.0,25.5,0.7,0.7,4.67,18.7,21.77,96,56,Blitar,-8.098,112.1615
2018-10-30,31.0,21.0,25.5,1.0,1.0,5.51,20.3,25.22,97,50,Blitar,-8.098,112.1615
2018-10-31,31.4,19.9,25.6,0.1,0.1,5.36,22.0,24.29,98,49,Blitar,-8.098,112.1615
2018-11-01,30.8,21.7,26.0,0.6,0.6,5.1,22.3,22.53,96,51,Blitar,-8.098,112.1615
2018-11-02,31.5,21.6,26.5,0.8,0.8,5.0,19.6,22.26,96,51,Blitar,-8.098,112.1615
2018-11-03,31.1,22.8,26.8,0.7,0.7,4.79,23.8,21.29,97,60,Blitar,-8.098,112.1615
2018-11-04,30.5,23.0,26.5,3.1,3.1,4.45,22.1,20.0,96,60,Blitar,-8.098,112.1615
2018-11-05,30.1,22.8,26.2,2.9,2.9,4.0,18.8,18.95,99,67,Blitar,-8.098,112.1615
2018-11-06,29.5,23.4,25.7,2.5,2.5,3.61,20.3,17.67,97,70,Blitar,-8.098,112.1615
2018-11-07,28.8,23.2,25.1,18.7,18.7,2.84,17.6,13.96,98,74,Blitar,-8.098,112.1615
2018-11-08,29.0,22.8,25.1,53.8,53.8,2.67,12.7,13.02,98,70,Blitar,-8.098,112.1615
2018-11-09,28.5,23.0,25.1,6.9,6.9,2.48,13.8,12.45,98,76,Blitar,-8.098,112.1615
2018-11-10,29.0,23.4,25.6,10.7,10.7,3.44,13.3,17.6,99,73,Blitar,-8.098,112.1615
2018-11-11,28.5,23.4,25.4,9.6,9.6,3.49,14.1,18.34,97,78,Blitar,-8.098,112.1615
2018-11-12,28.3,23.2,25.1,9.8,9.8,3.31,15.5,17.71,98,82,Blitar,-8.098,112.1615
2018-11-13,27.2,23.5,25.0,7.6,7.6,2.53,15.1,12.93,98,80,Blitar,-8.098,112.1615
2018-11-14,28.8,23.1,25.5,7.7,7.7,3.24,13.0,16.79,98,82,Blitar,-8.098,112.1615
2018-11-15,27.6,23.8,25.1,42.0,42.0,1.93,13.7,9.63,97,84,Blitar,-8.098,112.1615
2018-11-16,29.0,23.1,25.9,1.9,1.9,4.36,20.3,22.51,98,71,Blitar,-8.098,112.1615
2018-11-17,28.9,23.1,26.1,2.4,2.4,4.01,16.9,20.3,100,72,Blitar,-8.098,112.1615
2018-11-18,28.6,23.3,25.9,3.5,3.5,3.44,13.4,17.16,97,77,Blitar,-8.098,112.1615
2018-11-19,30.6,21.4,26.0,0.2,0.2,5.28,16.9,26.76,96,65,Blitar,-8.098,112.1615
2018-11-20,28.8,23.8,26.1,1.0,1.0,4.28,17.2,21.32,96,69,Blitar,-8.098,112.1615
2018-11-21,28.8,21.8,25.5,0.9,0.9,4.21,18.9,21.5,96,70,Blitar,-8.098,112.1615
2018-11-22,28.0,22.5,25.2,1.0,1.0,4.07,18.2,20.84,94,69,Blitar,-8.098,112.1615
2018-11-23,27.9,21.2,24.8,2.1,2.1,3.94,17.3,19.64,95,69,Blitar,-8.098,112.1615
2018-11-24,28.2,22.6,25.1,1.1,1.1,3.82,15.0,19.03,94,69,Blitar,-8.098,112.1615
2018-11-25,27.7,22.0,24.6,15.9,15.9,3.5,15.5,18.89,97,79,Blitar,-8.098,112.1615
2018-11-26,26.0,22.6,24.0,30.1,30.1,1.52,8.2,7.28,99,85,Blitar,-8.098,112.1615
2018-11-27,28.4,22.4,24.8,15.5,15.5,2.95,15.5,15.22,98,83,Blitar,-8.098,112.1615
2018-11-28,27.3,22.7,24.8,35.9,35.9,2.68,13.0,13.32,98,79,Blitar,-8.098,112.1615
2018-11-29,27.1,23.5,24.8,8.3,8.3,2.35,14.4,11.93,96,85,Blitar,-8.098,112.1615
2018-11-30,26.8,23.1,24.6,9.6,9.6,2.18,10.9,10.82,96,84,Blitar,-8.098,112.1615
2018-12-01,27.5,23.4,25.0,6.1,6.1,3.25,17.2,15.33,96,69,Blitar,-8.098,112.1615
2018-12-02,27.5,22.0,24.8,2.0,2.0,2.77,15.3,13.62,91,76,Blitar,-8.098,112.1615
2018-12-03,28.0,23.4,25.1,17.0,17.0,2.72,12.9,13.62,95,79,Blitar,-8.098,112.1615
2018-12-04,28.8,22.9,24.9,20.6,20.6,3.35,14.8,17.61,97,75,Blitar,-8.098,112.1615
2018-12-05,29.5,22.6,25.4,17.4,17.4,3.43,12.8,16.88,99,75,Blitar,-8.098,112.1615
2018-12-06,28.2,22.5,25.3,16.2,16.2,3.44,11.9,17.68,99,75,Blitar,-8.098,112.1615
2018-12-07,29.2,23.1,25.7,12.6,12.6,3.37,12.8,16.86,98,71,Blitar,-8.098,112.1615
2018-12-08,28.5,23.4,25.1,51.8,51.8,2.35,16.5,11.27,98,74,Blitar,-8.098,112.1615
2018-12-09,28.6,22.9,25.6,4.1,4.1,3.42,12.6,17.07,97,77,Blitar,-8.098,112.1615
2018-12-10,28.8,23.5,25.7,6.3,6.3,3.49,14.6,17.79,99,76,Blitar,-8.098,112.1615
2018-12-11,28.4,23.7,25.9,2.1,2.1,3.38,15.8,17.06,98,78,Blitar,-8.098,112.1615
2018-12-12,28.6,23.9,25.9,3.2,3.2,3.38,15.8,16.71,95,72,Blitar,-8.098,112.1615
2018-12-13,28.0,23.9,25.4,6.0,6.0,2.3,12.3,10.5,93,73,Blitar,-8.098,112.1615
2018-12-14,28.9,24.2,26.2,0.2,0.2,3.35,14.3,15.84,92,70,Blitar,-8.098,112.1615
2018-12-15,28.0,23.9,25.4,14.8,14.8,2.82,20.1,14.33,95,77,Blitar,-8.098,112.1615
2018-12-16,26.5,23.7,24.9,3.5,3.5,1.87,14.9,8.23,96,75,Blitar,-8.098,112.1615
2018-12-17,28.5,22.5,25.3,0.2,0.2,3.82,20.0,18.55,92,67,Blitar,-8.098,112.1615
2018-12-18,27.4,21.9,24.8,1.2,1.2,3.57,16.2,18.09,93,74,Blitar,-8.098,112.1615
2018-12-19,28.2,22.5,25.1,1.2,1.2,3.89,18.8,19.91,94,70,Blitar,-8.098,112.1615
2018-12-20,28.5,23.5,25.1,19.6,19.6,3.13,13.2,15.69,95,77,Blitar,-8.098,112.1615
2018-12-21,26.7,22.6,24.6,6.1,6.1,2.43,14.0,12.45,99,81,Blitar,-8.098,112.1615
2018-12-22,27.7,23.5,24.9,7.0,7.0,2.76,16.5,13.76,96,79,Blitar,-8.098,112.1615
2018-12-23,26.6,23.4,24.7,12.5,12.5,2.34,16.5,11.7,96,82,Blitar,-8.098,112.1615
2018-12-24,27.2,22.9,24.4,9.9,9.9,2.14,14.4,9.94,96,73,Blitar,-8.098,112.1615
2018-12-25,24.6,22.5,23.4,97.3,97.3,0.94,8.9,4.14,98,92,Blitar,-8.098,112.1615
2018-12-26,28.4,21.6,25.0,3.6,3.6,3.27,14.7,16.32,96,74,Blitar,-8.098,112.1615
2018-12-27,28.6,22.9,25.7,8.0,8.0,4.07,21.6,21.0,97,71,Blitar,-8.098,112.1615
2018-12-28,28.8,22.4,25.7,0.0,0.0,3.82,24.0,18.85,94,69,Blitar,-8.098,112.1615
2018-12-29,29.5,22.7,25.8,0.8,0.8,4.01,20.1,19.47,92,66,Blitar,-8.098,112.1615
2018-12-30,27.5,22.9,25.0,3.4,3.4,2.81,18.1,13.55,94,73,Blitar,-8.098,112.1615
2018-12-31,29.5,22.6,25.9,2.1,2.1,4.07,14.0,20.08,92,66,Blitar,-8.098,112.1615
2019-01-01,29.3,22.4,25.6,7.5,7.5,3.63,12.3,17.77,93,70,Blitar,-8.098,112.1615
2019-01-02,28.8,23.0,25.4,21.5,21.5,3.09,14.6,15.08,96,71,Blitar,-8.098,112.1615
2019-01-03,27.2,23.1,24.8,17.1,17.1,2.18,16.3,10.6,95,78,Blitar,-8.098,112.1615
2019-01-04,29.9,22.4,25.8,2.3,2.3,4.15,16.2,20.69,96,64,Blitar,-8.098,112.1615
2019-01-05,29.9,22.0,25.6,2.9,2.9,4.38,18.1,22.02,97,65,Blitar,-8.098,112.1615
2019-01-06,30.5,22.5,25.3,9.4,9.4,3.57,13.6,17.79,99,67,Blitar,-8.098,112.1615
2019-01-07,29.7,22.9,25.6,8.3,8.3,4.02,12.7,20.47,99,70,Blitar,-8.098,112.1615
2019-01-08,29.0,22.2,25.4,2.1,2.1,3.94,14.4,20.24,100,71,Blitar,-8.098,112.1615
2019-01-09,29.8,23.4,26.0,8.9,8.9,4.14,5.2,20.46,97,67,Blitar,-8.098,112.1615
2019-01-10,30.3,23.1,26.0,6.8,6.8,3.9,10.4,19.53,99,73,Blitar,-8.098,112.1615
2019-01-11,30.0,23.7,26.3,7.3,7.3,3.98,13.0,19.81,99,72,Blitar,-8.098,112.1615
2019-01-12,29.3,23.0,25.7,3.6,3.6,3.71,13.4,19.03,100,78,Blitar,-8.098,112.1615
2019-01-13,28.8,23.4,25.6,18.1,18.1,3.49,14.7,17.64,97,78,Blitar,-8.098,112.1615
2019-01-14,30.0,22.3,25.4,15.3,15.3,3.97,12.0,19.97,97,68,Blitar,-8.098,112.1615
2019-01-15,28.5,23.0,25.2,14.4,14.4,3.26,14.0,16.77,97,75,Blitar,-8.098,112.1615
2019-01-16,26.7,23.3,24.7,45.5,45.5,1.94,12.4,9.25,99,83,Blitar,-8.098,112.1615
2019-01-17,28.5,22.5,24.6,40.0,40.0,2.81,14.0,14.23,100,77,Blitar,-8.098,112.1615
2019-01-18,29.3,22.5,25.2,14.3,14.3,3.66,10.3,18.41,98,71,Blitar,-8.098,112.1615
2019-01-19,29.5,22.2,25.0,20.7,20.7,2.85,15.7,14.35,98,76,Blitar,-8.098,112.1615
2019-01-20,29.5,23.0,25.8,9.0,9.0,3.94,12.0,20.12,96,77,Blitar,-8.098,112.1615
2019-01-21,27.2,23.6,25.0,11.1,11.1,2.31,16.9,12.05,96,87,Blitar,-8.098,112.1615
2019-01-22,28.3,22.8,25.1,15.6,15.6,2.85,19.1,13.89,96,78,Blitar,-8.098,112.1615
2019-01-23,28.3,23.2,25.3,4.7,4.7,2.18,17.9,9.34,93,71,Blitar,-8.098,112.1615
2019-01-24,29.3,23.0,25.2,15.7,15.7,3.79,15.9,19.12,95,69,Blitar,-8.098,112.1615
2019-01-25,28.2,23.0,24.9,12.6,12.6,2.47,14.8,12.15,95,74,Blitar,-8.098,112.1615
2019-01-26,29.9,23.8,26.0,9.1,9.1,4.12,18.4,19.77,91,69,Blitar,-8.098,112.1615
2019-01-27,28.4,24.2,25.7,3.7,3.7,3.62,24.4,17.52,91,73,Blitar,-8.098,112.1615
2019-01-28,28.2,23.9,25.8,2.2,2.2,3.73,25.1,17.98,89,75,Blitar,-8.098,112.1615
2019-01-29,29.8,22.7,26.2,0.0,0.0,4.72,20.8,23.6,90,68,Blitar,-8.098,112.1615
2019-01-30,30.4,23.6,26.0,22.8,22.8,4.05,12.0,19.53,96,69,Blitar,-8.098,112.1615
2019-01-31,28.6,22.5,24.9,12.0,12.0,2.95,12.7,14.75,98,72,Blitar,-8.098,112.1615
2019-02-01,29.4,22.1,25.3,16.7,16.7,3.61,10.9,18.32,95,69,Blitar,-8.098,112.1615
2019-02-02,29.5,22.0,25.1,15.2,15.2,3.33,12.6,16.73,97,72,Blitar,-8.098,112.1615
2019-02-03,28.1,23.4,25.3,4.7,4.7,3.19,11.3,16.16,96,83,Blitar,-8.098,112.1615
2019-02-04,28.9,22.5,25.1,16.7,16.7,3.05,10.9,15.15,95,74,Blitar,-8.098,112.1615
2019-02-05,29.4,23.2,25.8,17.3,17.3,3.51,12.3,17.59,95,73,Blitar,-8.098,112.1615
2019-02-06,29.0,22.5,25.5,6.5,6.5,3.68,10.8,18.53,96,71,Blitar,-8.098,112.1615
2019-02-07,28.1,22.7,25.2,5.1,5.1,3.52,15.7,18.48,97,82,Blitar,-8.098,112.1615
2019-02-08,27.2,22.5,24.8,9.4,9.4,2.78,12.1,14.41,98,81,Blitar,-8.098,112.1615
2019-02-09,28.5,23.2,25.6,1.5,1.5,3.87,11.8,19.54,94,73,Blitar,-8.098,112.1615
2019-02-10,28.8,23.0,25.3,13.9,13.9,3.34,11.4,16.54,95,76,Blitar,-8.098,112.1615
2019-02-11,28.0,23.1,25.3,1.9,1.9,3.48,13.2,17.42,95,73,Blitar,-8.098,112.1615
2019-02-12,28.9,22.6,25.4,6.5,6.5,3.57,12.1,17.96,96,70,Blitar,-8.098,112.1615
2019-02-13,29.8,23.2,25.6,2.8,2.8,3.7,10.2,18.33,98,65,Blitar,-8.098,112.1615
2019-02-14,27.8,23.0,25.1,4.8,4.8,2.19,6.6,10.48,98,76,Blitar,-8.098,112.1615
2019-02-15,27.6,23.0,25.0,7.6,7.6,3.19,10.2,16.53,99,80,Blitar,-8.098,112.1615
2019-02-16,30.2,21.9,25.0,17.4,17.4,4.03,10.7,20.14,99,68,Blitar,-8.098,112.1615
2019-02-17,30.5,22.4,25.8,6.8,6.8,4.46,8.1,21.88,94,66,Blitar,-8.098,112.1615
2019-02-18,28.6,22.9,25.5,13.2,13.2,3.45,8.9,17.01,97,75,Blitar,-8.098,112.1615
2019-02-19,29.2,23.4,25.4,10.9,10.9,2.91,9.5,14.19,99,70,Blitar,-8.098,112.1615
2019-02-20,29.0,22.2,24.9,27.0,27.0,2.98,6.4,14.9,97,76,Blitar,-8.098,112.1615
2019-02-21,30.3,21.9,25.6,4.4,4.4,4.36,14.8,21.84,97,64,Blitar,-8.098,112.1615
2019-02-22,29.1,22.2,25.2,8.5,8.5,3.67,11.6,18.67,99,71,Blitar,-8.098,112.1615
2019-02-23,28.5,22.3,25.2,7.3,7.3,3.87,13.7,20.17,96,73,Blitar,-8.098,112.1615
2019-02-24,29.0,22.8,25.4,10.7,10.7,3.81,13.0,19.49,97,74,Blitar,-8.098,112.1615
2019-02-25,30.1,22.1,25.5,6.1,6.1,4.15,8.7,20.48,96,65,Blitar,-8.098,112.1615
2019-02-26,30.5,22.7,26.6,1.6,1.6,4.66,6.5,22.88,94,65,Blitar,-8.098,112.1615
2019-02-27,29.5,23.1,26.0,20.6,20.6,3.93,12.1,19.76,98,72,Blitar,-8.098,112.1615
2019-02-28,29.2,23.1,25.9,6.5,6.5,3.67,14.8,19.12,99,79,Blitar,-8.098,112.1615
2019-03-01,29.0,22.9,25.5,13.6,13.6,3.32,11.2,16.28,97,73,Blitar,-8.098,112.1615
2019-03-02,28.7,22.6,25.2,11.0,11.0,3.42,12.2,17.65,97,79,Blitar,-8.098,112.1615
2019-03-03,28.0,22.5,25.3,7.4,7.4,2.93,10.5,14.43,99,77,Blitar,-8.098,112.1615
2019-03-04,30.0,22.8,25.2,47.4,47.4,3.03,10.2,14.4,98,71,Blitar,-8.098,112.1615
2019-03-05,30.5,22.9,25.7,11.0,11.0,3.64,8.9,18.04,97,73,Blitar,-8.098,112.1615
2019-03-06,26.3,23.1,24.5,36.3,36.3,1.73,10.2,8.31,98,85,Blitar,-8.098,112.1615
2019-03-07,25.1,21.7,23.8,38.9,38.9,1.13,10.5,4.56,96,78,Blitar,-8.098,112.1615
2019-03-08,27.1,21.1,24.0,0.9,0.9,2.69,10.9,12.85,96,74,Blitar,-8.098,112.1615
2019-03-09,29.3,21.6,24.9,4.9,4.9,4.43,14.2,22.7,96,63,Blitar,-8.098,112.1615
2019-03-10,28.6,21.8,24.9,12.2,12.2,3.82,12.7,19.69,94,72,Blitar,-8.098,112.1615
2019-03-11,30.0,22.2,26.1,6.5,6.5,4.3,8.7,21.31,95,71,Blitar,-8.098,112.1615
2019-03-12,29.8,22.6,25.9,2.4,2.4,4.08,17.8,20.87,95,72,Blitar,-8.098,112.1615
2019-03-13,28.8,23.9,25.4,10.2,10.2,2.92,10.1,14.23,96,79,Blitar,-8.098,112.1615
2019-03-14,29.8,22.5,25.8,0.7,0.7,4.0,13.4,19.68,98,67,Blitar,-8.098,112.1615
2019-03-15,27.0,21.9,24.2,12.5,12.5,2.32,14.6,12.2,98,85,Blitar,-8.098,112.1615
2019-03-16,28.5,22.8,24.7,12.2,12.2,3.5,15.5,18.51,99,79,Blitar,-8.098,112.1615
2019-03-17,25.5,22.2,23.7,93.9,93.9,1.2,19.8,5.62,98,89,Blitar,-8.098,112.1615
2019-03-18,27.4,22.5,24.6,11.3,11.3,2.78,11.4,14.32,97,84,Blitar,-8.098,112.1615
2019-03-19,27.8,23.1,24.7,34.1,34.1,2.66,17.2,13.71,96,82,Blitar,-8.098,112.1615
2019-03-20,29.1,23.0,25.3,24.7,24.7,3.52,14.5,17.9,96,70,Blitar,-8.098,112.1615
2019-03-21,29.5,22.7,25.5,2.2,2.2,3.24,11.8,16.07,97,72,Blitar,-8.098,112.1615
2019-03-22,29.6,23.5,25.5,13.2,13.2,3.63,11.9,18.17,95,72,Blitar,-8.098,112.1615
2019-03-23,29.0,22.7,25.0,26.9,26.9,2.61,11.0,12.91,97,75,Blitar,-8.098,112.1615
2019-03-24,28.8,23.0,25.3,4.5,4.5,2.77,17.1,13.64,96,75,Blitar,-8.098,112.1615
2019-03-25,28.5,22.4,25.3,13.4,13.4,3.31,11.4,16.86,98,76,Blitar,-8.098,112.1615
2019-03-26,28.5,22.9,25.3,2.3,2.3,3.1,9.7,15.65,98,78,Blitar,-8.098,112.1615
2019-03-27,28.5,22.7,25.5,0.3,0.3,3.57,10.5,18.23,97,81,Blitar,-8.098,112.1615
2019-03-28,28.0,23.0,25.0,5.4,5.4,3.57,11.2,18.97,97,84,Blitar,-8.098,112.1615
2019-03-29,28.2,22.3,25.0,1.9,1.9,3.79,13.7,19.44,97,72,Blitar,-8.098,112.1615
2019-03-30,30.0,21.6,25.7,0.4,0.4,4.45,13.9,22.09,99,62,Blitar,-8.098,112.1615
2019-03-31,29.3,21.8,25.7,1.3,1.3,4.0,11.9,20.26,94,69,Blitar,-8.098,112.1615
2019-04-01,28.9,22.4,25.7,1.1,1.1,4.11,13.9,21.17,96,69,Blitar,-8.098,112.1615
2019-04-02,28.6,21.9,25.1,1.5,1.5,3.94,14.8,20.55,100,75,Blitar,-8.098,112.1615
2019-04-03,28.6,22.0,25.4,2.3,2.3,3.56,12.2,18.08,100,77,Blitar,-8.098,112.1615
2019-04-04,28.5,22.4,25.2,6.4,6.4,3.36,14.1,17.59,97,82,Blitar,-8.098,112.1615
2019-04-05,28.7,22.5,25.0,5.8,5.8,3.02,13.4,15.79,100,82,Blitar,-8.098,112.1615
2019-04-06,28.8,22.8,25.1,5.3,5.3,3.58,12.6,18.54,98,77,Blitar,-8.098,112.1615
2019-04-07,28.5,22.1,25.2,8.1,8.1,3.38,13.4,17.89,100,79,Blitar,-8.098,112.1615
2019-04-08,29.9,22.5,25.9,3.0,3.0,3.77,8.7,18.71,95,71,Blitar,-8.098,112.1615
2019-04-09,29.8,23.2,25.9,5.1,5.1,3.27,7.2,16.2,96,73,Blitar,-8.098,112.1615
2019-04-10,28.5,23.7,25.8,6.2,6.2,3.33,10.6,17.26,96,83,Blitar,-8.098,112.1615
2019-04-11,28.9,23.9,25.7,7.5,7.5,2.81,12.3,13.85,93,73,Blitar,-8.098,112.1615
2019-04-12,29.8,22.9,25.8,5.0,5.0,4.0,13.0,19.79,95,66,Blitar,-8.098,112.1615
2019-04-13,29.0,23.0,25.4,9.5,9.5,2.66,10.8,13.26,98,76,Blitar,-8.098,112.1615
2019-04-14,27.8,23.0,25.3,5.5,5.5,2.82,11.3,14.53,100,77,Blitar,-8.098,112.1615
2019-04-15,28.9,22.5,25.4,6.9,6.9,3.02,11.4,15.3,98,80,Blitar,-8.098,112.1615
2019-04-16,28.6,22.2,25.1,14.3,14.3,2.6,5.4,12.96,100,78,Blitar,-8.098,112.1615
2019-04-17,30.2,22.9,25.6,54.4,54.4,3.62,9.6,17.87,98,69,Blitar,-8.098,112.1615
2019-04-18,29.8,23.2,26.1,1.5,1.5,3.48,10.6,17.11,99,70,Blitar,-8.098,112.1615
2019-04-19,30.0,22.7,25.9,2.2,2.2,3.95,14.8,19.41,98,63,Blitar,-8.098,112.1615
2019-04-20,29.6,22.8,26.0,0.8,0.8,3.97,16.4,19.96,98,69,Blitar,-8.098,112.1615
2019-04-21,29.9,22.8,26.1,0.1,0.1,3.46,11.2,16.54,96,64,Blitar,-8.098,112.1615
2019-04-22,30.0,22.0,25.9,1.5,1.5,4.16,12.6,20.34,97,65,Blitar,-8.098,112.1615
2019-04-23,29.8,23.9,26.2,3.7,3.7,3.88,18.2,19.0,91,69,Blitar,-8.098,112.1615
2019-04-24,29.7,23.6,26.3,1.9,1.9,3.79,10.5,18.45,93,67,Blitar,-8.098,112.1615
2019-04-25,29.6,23.5,26.0,1.3,1.3,4.31,20.3,21.54,94,65,Blitar,-8.098,112.1615
2019-04-26,29.5,22.6,25.7,1.2,1.2,3.9,17.1,19.44,95,67,Blitar,-8.098,112.1615
2019-04-27,28.8,22.1,25.3,3.2,3.2,3.41,14.2,17.82,98,72,Blitar,-8.098,112.1615
2019-04-28,29.5,22.8,25.2,40.1,40.1,3.21,11.5,15.92,99,68,Blitar,-8.098,112.1615
2019-04-29,29.0,23.1,25.1,4.3,4.3,2.85,8.5,13.99,99,71,Blitar,-8.098,112.1615
2019-04-30,29.0,22.1,25.4,2.0,2.0,3.55,11.3,18.1,98,69,Blitar,-8.098,112.1615
2019-05-01,29.2,22.5,25.1,4.6,4.6,3.4,10.1,17.24,100,69,Blitar,-8.098,112.1615
2019-05-02,28.4,22.3,25.1,2.7,2.7,3.53,11.2,18.18,98,72,Blitar,-8.098,112.1615
2019-05-03,29.1,21.9,25.1,0.0,0.0,4.02,14.8,20.89,98,70,Blitar,-8.098,112.1615
2019-05-04,29.2,21.8,25.3,0.0,0.0,4.18,16.0,21.79,98,69,Blitar,-8.098,112.1615
2019-05-05,28.2,21.4,24.9,1.7,1.7,3.32,14.3,17.81,99,75,Blitar,-8.098,112.1615
2019-05-06,29.0,22.8,25.3,1.2,1.2,3.43,13.9,18.01,99,79,Blitar,-8.098,112.1615
2019-05-07,29.4,22.2,25.5,2.8,2.8,3.65,16.6,18.37,97,69,Blitar,-8.098,112.1615
2019-05-08,29.2,22.4,25.5,0.1,0.1,4.03,17.1,20.1,93,66,Blitar,-8.098,112.1615
2019-05-09,28.1,22.5,24.9,0.7,0.7,3.76,21.4,19.07,96,69,Blitar,-8.098,112.1615
2019-05-10,28.5,22.5,25.0,1.1,1.1,3.7,21.0,18.57,93,68,Blitar,-8.098,112.1615
2019-05-11,29.1,22.3,25.3,0.4,0.4,3.84,18.4,17.93,90,63,Blitar,-8.098,112.1615
2019-05-12,29.2,22.2,25.1,0.0,0.0,4.26,17.9,21.1,94,64,Blitar,-8.098,112.1615
2019-05-13,28.9,21.6,25.0,1.1,1.1,3.86,17.3,19.18,96,66,Blitar,-8.098,112.1615
2019-05-14,29.9,21.8,25.5,0.6,0.6,3.85,10.9,18.89,96,61,Blitar,-8.098,112.1615
2019-05-15,30.0,22.8,25.8,0.1,0.1,4.16,15.1,20.23,98,62,Blitar,-8.098,112.1615
2019-05-16,29.0,22.0,25.0,0.2,0.2,3.87,19.3,19.43,97,63,Blitar,-8.098,112.1615
2019-05-17,28.7,20.5,24.5,0.0,0.0,3.79,19.0,18.9,98,62,Blitar,-8.098,112.1615
2019-05-18,29.4,20.9,24.8,0.1,0.1,4.1,18.3,19.48,95,57,Blitar,-8.098,112.1615
2019-05-19,29.0,21.4,25.2,0.0,0.0,4.37,13.8,21.43,92,61,Blitar,-8.098,112.1615
2019-05-20,29.9,22.4,25.6,0.0,0.0,4.35,18.8,20.95,94,57,Blitar,-8.098,112.1615
2019-05-21,30.0,21.8,25.6,0.0,0.0,4.19,18.2,19.72,97,59,Blitar,-8.098,112.1615
2019-05-22,30.4,21.0,25.6,0.0,0.0,4.43,17.9,21.27,97,59,Blitar,-8.098,112.1615
2019-05-23,30.3,21.8,25.7,0.7,0.7,4.21,20.7,18.97,97,58,Blitar,-8.098,112.1615
2019-05-24,30.5,22.9,26.0,0.0,0.0,4.58,21.4,20.0,89,53,Blitar,-8.098,112.1615
2019-05-25,30.9,20.8,25.5,0.0,0.0,4.32,22.4,19.19,93,49,Blitar,-8.098,112.1615
2019-05-26,30.7,22.8,25.8,0.9,0.9,4.02,19.4,17.93,93,56,Blitar,-8.098,112.1615
2019-05-27,29.9,23.0,25.8,2.4,2.4,3.64,15.9,16.5,91,60,Blitar,-8.098,112.1615
2019-05-28,30.6,22.0,25.8,0.9,0.9,4.1,17.9,18.82,98,56,Blitar,-8.098,112.1615
2019-05-29,30.3,22.7,26.0,0.5,0.5,4.23,20.4,18.61,92,57,Blitar,-8.098,112.1615
2019-05-30,30.5,22.0,25.7,0.0,0.0,4.72,20.7,20.57,92,52,Blitar,-8.098,112.1615
2019-05-31,29.0,21.9,25.0,1.1,1.1,3.82,25.8,15.33,93,59,Blitar,-8.098,112.1615
2019-06-01,29.2,22.5,25.0,0.1,0.1,3.83,24.6,15.28,88,54,Blitar,-8.098,112.1615
2019-06-02,29.2,22.0,25.0,1.3,1.3,3.72,23.3,16.07,93,58,Blitar,-8.098,112.1615
2019-06-03,29.5,21.6,24.9,1.1,1.1,3.71,19.5,16.82,95,58,Blitar,-8.098,112.1615
2019-06-04,30.5,20.6,25.0,0.8,0.8,3.7,18.4,17.5,99,55,Blitar,-8.098,112.1615
2019-06-05,30.8,21.5,25.4,0.1,0.1,3.85,16.2,18.24,100,54,Blitar,-8.098,112.1615
2019-06-06,31.5,22.5,25.9,0.1,0.1,4.14,14.7,19.63,98,52,Blitar,-8.098,112.1615
2019-06-07,30.5,21.6,25.1,0.1,0.1,3.81,15.9,18.39,100,56,Blitar,-8.098,112.1615
2019-06-08,29.5,20.9,24.6,0.0,0.0,4.19,18.1,20.27,99,54,Blitar,-8.098,112.1615
2019-06-09,27.6,21.7,24.3,2.3,2.3,2.83,20.0,12.28,97,65,Blitar,-8.098,112.1615
2019-06-10,30.2,21.4,25.2,0.0,0.0,4.06,19.7,18.23,99,56,Blitar,-8.098,112.1615
2019-06-11,30.5,21.8,25.4,0.0,0.0,4.41,22.1,19.56,94,51,Blitar,-8.098,112.1615
2019-06-12,30.9,22.2,25.5,0.2,0.2,4.3,24.5,18.43,96,48,Blitar,-8.098,112.1615
2019-06-13,29.1,22.0,25.2,1.8,1.8,3.41,22.7,14.93,94,63,Blitar,-8.098,112.1615
2019-06-14,28.6,23.2,25.0,4.4,4.4,2.8,19.5,12.78,95,69,Blitar,-8.098,112.1615
2019-06-15,30.1,22.5,25.4,0.0,0.0,4.3,20.1,19.27,97,52,Blitar,-8.098,112.1615
2019-06-16,30.5,19.4,24.7,0.0,0.0,4.44,23.8,19.84,96,47,Blitar,-8.098,112.1615
2019-06-17,30.6,20.4,24.6,0.0,0.0,4.27,23.9,19.29,94,50,Blitar,-8.098,112.1615
2019-06-18,30.3,19.6,24.3,0.0,0.0,4.07,19.8,19.55,97,47,Blitar,-8.098,112.1615
2019-06-19,29.5,20.5,24.1,0.0,0.0,4.18,19.4,19.81,98,48,Blitar,-8.098,112.1615
2019-06-20,29.1,18.5,23.3,0.0,0.0,3.94,18.0,18.78,100,51,Blitar,-8.098,112.1615
2019-06-21,30.0,19.5,23.8,0.0,0.0,4.18,18.4,20.12,99,46,Blitar,-8.098,112.1615
2019-06-22,30.2,18.6,23.8,0.0,0.0,4.19,21.0,20.25,100,49,Blitar,-8.098,112.1615
2019-06-23,29.1,19.5,23.8,0.2,0.2,3.74,20.8,17.42,100,56,Blitar,-8.098,112.1615
2019-06-24,30.2,19.0,23.9,0.0,0.0,4.42,21.0,20.61,98,47,Blitar,-8.098,112.1615
2019-06-25,30.3,19.1,24.1,0.0,0.0,4.33,20.1,20.44,99,46,Blitar,-8.098,112.1615
2019-06-26,30.9,19.0,24.4,0.0,0.0,4.29,20.2,20.17,99,50,Blitar,-8.098,112.1615
2019-06-27,28.1,21.0,24.1,0.3,0.3,3.78,22.2,16.78,92,57,Blitar,-8.098,112.1615
2019-06-28,28.7,19.9,23.6,0.0,0.0,4.55,25.2,20.22,95,48,Blitar,-8.098,112.1615
2019-06-29,29.6,18.7,23.6,0.0,0.0,5.03,20.4,21.5,86,39,Blitar,-8.098,112.1615
2019-06-30,30.0,18.0,23.3,0.0,0.0,4.23,26.6,19.58,94,42,Blitar,-8.098,112.1615
2019-07-01,29.5,19.3,23.9,0.0,0.0,4.35,20.6,20.63,93,47,Blitar,-8.098,112.1615
2019-07-02,30.6,19.8,24.3,0.0,0.0,3.8,20.4,18.19,100,47,Blitar,-8.098,112.1615
2019-07-03,30.5,21.2,25.4,1.7,1.7,3.79,18.0,16.97,97,52,Blitar,-8.098,112.1615
2019-07-04,29.6,23.0,25.2,8.6,8.6,3.01,12.9,14.39,96,64,Blitar,-8.098,112.1615
2019-07-05,29.5,21.3,24.7,1.6,1.6,3.6,19.2,17.14,99,64,Blitar,-8.098,112.1615
2019-07-06,30.0,21.6,24.8,0.1,0.1,4.19,18.5,18.86,95,54,Blitar,-8.098,112.1615
2019-07-07,30.4,20.2,24.5,0.0,0.0,4.09,24.5,17.8,95,49,Blitar,-8.098,112.1615
2019-07-08,30.0,19.2,24.0,0.0,0.0,4.46,25.2,19.93,94,48,Blitar,-8.098,112.1615
2019-07-09,28.7,17.3,23.2,0.0,0.0,4.3,22.7,19.66,97,46,Blitar,-8.098,112.1615
2019-07-10,30.0,20.0,24.3,0.0,0.0,4.6,20.2,20.52,95,44,Blitar,-8.098,112.1615
2019-07-11,30.2,19.9,24.0,0.0,0.0,3.74,25.9,15.67,96,44,Blitar,-8.098,112.1615
2019-07-12,30.9,18.8,24.2,0.0,0.0,4.31,20.5,19.64,96,44,Blitar,-8.098,112.1615
2019-07-13,29.5,19.2,23.6,0.0,0.0,4.81,23.6,21.5,96,44,Blitar,-8.098,112.1615
2019-07-14,29.9,16.2,23.1,0.0,0.0,5.05,22.6,21.91,98,38,Blitar,-8.098,112.1615
2019-07-15,29.5,18.2,23.8,0.1,0.1,4.7,26.0,20.1,94,46,Blitar,-8.098,112.1615
2019-07-16,29.0,19.9,23.6,0.0,0.0,4.36,26.8,19.04,92,47,Blitar,-8.098,112.1615
2019-07-17,30.0,18.4,23.6,0.0,0.0,4.45,22.9,19.4,96,43,Blitar,-8.098,112.1615
2019-07-18,30.4,19.5,24.4,0.0,0.0,4.05,23.0,17.22,97,48,Blitar,-8.098,112.1615
2019-07-19,28.2,21.5,24.5,2.0,2.0,3.04,21.8,13.03,96,62,Blitar,-8.098,112.1615
2019-07-20,30.0,22.1,24.9,0.7,0.7,3.47,24.3,14.51,98,56,Blitar,-8.098,112.1615
2019-07-21,27.5,21.4,23.8,1.6,1.6,2.74,21.6,11.34,96,65,Blitar,-8.098,112.1615
2019-07-22,29.8,19.9,24.1,0.0,0.0,3.97,22.1,17.7,98,48,Blitar,-8.098,112.1615
2019-07-23,29.9,21.1,24.3,0.0,0.0,3.76,21.0,16.95,98,47,Blitar,-8.098,112.1615
2019-07-24,28.5,21.6,24.1,0.4,0.4,3.75,21.7,16.21,94,55,Blitar,-8.098,112.1615
2019-07-25,31.0,20.5,24.6,0.0,0.0,4.71,20.6,20.73,92,42,Blitar,-8.098,112.1615
2019-07-26,31.0,19.2,24.2,0.0,0.0,4.44,21.1,20.63,98,45,Blitar,-8.098,112.1615
2019-07-27,30.5,19.5,24.2,0.0,0.0,4.21,19.1,19.32,100,48,Blitar,-8.098,112.1615
2019-07-28,29.0,20.0,23.6,0.1,0.1,4.21,23.2,19.51,98,52,Blitar,-8.098,112.1615
2019-07-29,29.0,19.6,23.8,0.3,0.3,3.95,23.9,18.01,96,50,Blitar,-8.098,112.1615
2019-07-30,30.3,21.1,24.6,0.0,0.0,4.4,21.7,19.25,95,45,Blitar,-8.098,112.1615
2019-07-31,28.9,19.6,24.0,0.2,0.2,4.18,22.0,18.53,97,52,Blitar,-8.098,112.1615
2019-08-01,29.9,20.4,24.6,0.0,0.0,4.09,21.4,17.99,94,46,Blitar,-8.098,112.1615
2019-08-02,29.9,21.0,24.7,0.8,0.8,4.35,22.5,18.42,92,51,Blitar,-8.098,112.1615
2019-08-03,29.6,19.5,23.9,0.0,0.0,5.09,28.5,21.42,94,45,Blitar,-8.098,112.1615
2019-08-04,29.0,19.5,23.7,0.0,0.0,5.17,26.6,21.74,88,44,Blitar,-8.098,112.1615
2019-08-05,29.0,17.5,22.8,0.0,0.0,4.7,20.5,21.47,95,41,Blitar,-8.098,112.1615
2019-08-06,29.4,17.2,22.6,0.0,0.0,4.84,23.0,23.04,100,42,Blitar,-8.098,112.1615
2019-08-07,28.8,17.2,22.5,0.0,0.0,4.5,22.5,21.79,98,49,Blitar,-8.098,112.1615
2019-08-08,28.6,19.4,23.3,0.2,0.2,4.0,25.0,17.73,98,53,Blitar,-8.098,112.1615
2019-08-09,30.4,18.8,24.0,0.0,0.0,4.8,26.4,21.19,95,43,Blitar,-8.098,112.1615
2019-08-10,30.9,18.4,24.1,0.0,0.0,5.1,19.7,22.67,99,42,Blitar,-8.098,112.1615
2019-08-11,30.1,19.6,24.0,0.0,0.0,4.16,19.2,18.88,98,46,Blitar,-8.098,112.1615
2019-08-12,31.1,19.1,24.4,0.0,0.0,4.31,22.8,20.44,95,47,Blitar,-8.098,112.1615
2019-08-13,30.8,21.4,25.1,0.3,0.3,3.9,21.7,17.74,99,49,Blitar,-8.098,112.1615
2019-08-14,31.2,21.0,25.2,0.4,0.4,4.29,17.7,19.09,100,47,Blitar,-8.098,112.1615
2019-08-15,30.4,22.1,25.2,0.6,0.6,4.41,20.0,19.93,97,53,Blitar,-8.098,112.1615
2019-08-16,29.8,21.3,24.7,0.0,0.0,4.49,20.3,19.13,93,48,Blitar,-8.098,112.1615
2019-08-17,29.9,21.5,24.7,0.0,0.0,5.13,24.7,21.44,90,44,Blitar,-8.098,112.1615
2019-08-18,30.5,19.2,24.0,0.0,0.0,5.02,25.0,21.55,93,41,Blitar,-8.098,112.1615
2019-08-19,29.6,20.5,24.0,0.0,0.0,4.82,25.3,21.05,93,47,Blitar,-8.098,112.1615
2019-08-20,30.4,20.9,24.4,0.0,0.0,4.75,22.8,20.8,92,44,Blitar,-8.098,112.1615
2019-08-21,31.5,19.5,24.5,0.0,0.0,4.61,21.6,21.72,99,45,Blitar,-8.098,112.1615
2019-08-22,30.6,22.0,25.1,1.8,1.8,4.46,24.6,19.71,93,49,Blitar,-8.098,112.1615
2019-08-23,30.4,20.3,24.3,0.2,0.2,4.51,23.4,18.91,95,47,Blitar,-8.098,112.1615
2019-08-24,28.7,21.1,24.2,0.1,0.1,3.85,23.5,16.02,93,53,Blitar,-8.098,112.1615
2019-08-25,28.5,21.0,24.1,0.1,0.1,3.62,23.6,15.77,96,58,Blitar,-8.098,112.1615
2019-08-26,28.4,21.1,24.0,2.2,2.2,3.37,22.1,14.73,98,62,Blitar,-8.098,112.1615
2019-08-27,30.3,20.5,24.3,0.0,0.0,5.05,21.6,23.3,95,48,Blitar,-8.098,112.1615
2019-08-28,30.5,19.0,23.9,0.0,0.0,5.22,19.3,24.49,95,43,Blitar,-8.098,112.1615
2019-08-29,31.3,19.5,24.2,0.0,0.0,4.92,21.9,22.92,98,44,Blitar,-8.098,112.1615
2019-08-30,30.1,21.4,24.6,0.0,0.0,4.8,21.2,21.01,93,46,Blitar,-8.098,112.1615
2019-08-31,30.0,20.7,24.5,0.0,0.0,4.68,25.6,20.07,92,44,Blitar,-8.098,112.1615
2019-09-01,30.1,20.2,24.3,0.0,0.0,5.14,20.2,23.72,92,50,Blitar,-8.098,112.1615
2019-09-02,31.1,21.4,24.7,0.0,0.0,5.2,22.2,24.1,91,49,Blitar,-8.098,112.1615
2019-09-03,29.8,20.2,23.9,0.0,0.0,4.26,20.2,19.94,94,48,Blitar,-8.098,112.1615
2019-09-04,30.8,19.8,24.2,0.2,0.2,5.49,22.2,24.49,96,39,Blitar,-8.098,112.1615
2019-09-05,29.7,17.4,23.2,0.0,0.0,5.16,25.8,24.57,99,45,Blitar,-8.098,112.1615
2019-09-06,28.9,19.8,23.6,0.1,0.1,4.64,22.3,21.78,98,46,Blitar,-8.098,112.1615
2019-09-07,29.4,20.4,24.3,0.2,0.2,4.67,23.0,20.76,96,48,Blitar,-8.098,112.1615
2019-09-08,29.5,21.1,24.7,0.1,0.1,4.51,22.1,19.59,93,50,Blitar,-8.098,112.1615
2019-09-09,32.3,20.3,25.1,0.1,0.1,4.9,23.8,22.25,95,41,Blitar,-8.098,112.1615
2019-09-10,32.1,19.1,24.7,0.0,0.0,5.4,21.3,24.99,100,42,Blitar,-8.098,112.1615
2019-09-11,31.4,20.4,24.7,0.0,0.0,5.57,22.0,25.23,95,40,Blitar,-8.098,112.1615
2019-09-12,30.1,16.6,23.3,0.0,0.0,5.89,24.9,26.14,100,32,Blitar,-8.098,112.1615
2019-09-13,30.0,18.8,23.9,0.0,0.0,4.92,21.8,22.71,93,44,Blitar,-8.098,112.1615
2019-09-14,31.0,19.9,24.8,0.0,0.0,5.0,20.8,21.22,98,40,Blitar,-8.098,112.1615
2019-09-15,30.3,20.1,24.9,0.3,0.3,4.79,20.4,20.12,98,46,Blitar,-8.098,112.1615
2019-09-16,31.8,19.1,24.7,0.0,0.0,4.73,18.8,21.38,98,42,Blitar,-8.098,112.1615
2019-09-17,32.0,20.4,25.3,0.1,0.1,5.15,20.1,22.97,95,42,Blitar,-8.098,112.1615
2019-09-18,31.8,20.5,25.1,0.0,0.0,5.47,20.8,25.05,97,46,Blitar,-8.098,112.1615
2019-09-19,30.6,20.2,24.7,0.0,0.0,5.64,22.1,25.06,95,43,Blitar,-8.098,112.1615
2019-09-20,30.7,20.9,25.0,0.1,0.1,4.89,23.5,21.21,95,43,Blitar,-8.098,112.1615
2019-09-21,30.4,22.0,25.1,0.0,0.0,5.25,23.3,22.91,91,46,Blitar,-8.098,112.1615
2019-09-22,31.7,20.6,25.1,0.0,0.0,5.31,21.9,23.35,96,43,Blitar,-8.098,112.1615
2019-09-23,32.2,20.2,25.3,0.0,0.0,5.31,29.0,22.78,94,41,Blitar,-8.098,112.1615
2019-09-24,33.2,22.1,26.2,0.3,0.3,5.32,20.5,22.68,91,43,Blitar,-8.098,112.1615
2019-09-25,33.2,21.4,26.4,0.0,0.0,5.97,26.2,25.58,96,41,Blitar,-8.098,112.1615
2019-09-26,32.0,22.5,26.0,1.8,1.8,5.02,20.9,21.2,96,42,Blitar,-8.098,112.1615
2019-09-27,31.4,22.2,25.9,0.1,0.1,5.34,25.5,23.28,94,44,Blitar,-8.098,112.1615
2019-09-28,31.2,22.5,26.0,0.3,0.3,4.79,23.7,19.7,94,50,Blitar,-8.098,112.1615
2019-09-29,31.3,22.6,25.7,0.9,0.9,4.69,21.4,20.28,94,48,Blitar,-8.098,112.1615
2019-09-30,31.8,21.8,25.5,0.0,0.0,5.61,22.4,24.84,93,44,Blitar,-8.098,112.1615
2019-10-01,31.4,20.6,25.2,0.0,0.0,5.58,24.6,25.17,97,47,Blitar,-8.098,112.1615
2019-10-02,32.4,22.0,26.0,1.0,1.0,4.98,21.0,21.73,93,43,Blitar,-8.098,112.1615
2019-10-03,31.9,23.0,26.3,1.3,1.3,5.04,19.6,22.06,94,47,Blitar,-8.098,112.1615
2019-10-04,32.3,21.0,25.7,0.0,0.0,6.02,26.5,26.54,99,41,Blitar,-8.098,112.1615
2019-10-05,31.5,17.7,24.8,0.0,0.0,5.95,24.9,26.66,100,41,Blitar,-8.098,112.1615
2019-10-06,30.5,21.7,25.5,1.0,1.0,5.04,20.2,22.98,97,47,Blitar,-8.098,112.1615
2019-10-07,32.3,22.5,26.3,0.2,0.2,5.59,22.1,24.33,97,46,Blitar,-8.098,112.1615
2019-10-08,31.8,21.4,26.0,0.2,0.2,5.91,22.3,25.93,98,43,Blitar,-8.098,112.1615
2019-10-09,32.2,21.4,26.0,0.0,0.0,5.35,23.8,23.59,98,41,Blitar,-8.098,112.1615
2019-10-10,32.7,22.4,26.6,0.6,0.6,5.23,21.3,22.6,95,41,Blitar,-8.098,112.1615
2019-10-11,33.7,22.4,27.0,0.3,0.3,5.68,22.4,23.71,96,36,Blitar,-8.098,112.1615
2019-10-12,31.8,22.2,26.2,0.1,0.1,5.2,18.9,22.4,96,45,Blitar,-8.098,112.1615
2019-10-13,31.5,22.6,26.0,0.6,0.6,5.18,21.1,22.67,99,49,Blitar,-8.098,112.1615
2019-10-14,30.5,22.8,25.9,2.7,2.7,4.52,22.0,19.97,98,53,Blitar,-8.098,112.1615
2019-10-15,31.3,22.6,26.0,2.1,2.1,4.94,25.2,21.32,96,50,Blitar,-8.098,112.1615
2019-10-16,31.5,21.9,26.1,0.1,0.1,5.4,23.1,23.13,96,46,Blitar,-8.098,112.1615
2019-10-17,31.5,20.1,25.6,0.0,0.0,5.5,24.1,24.39,98,43,Blitar,-8.098,112.1615
2019-10-18,31.9,20.2,25.8,0.0,0.0,4.96,22.0,21.86,100,44,Blitar,-8.098,112.1615
2019-10-19,32.6,21.2,26.2,0.2,0.2,5.4,20.9,23.65,98,49,Blitar,-8.098,112.1615
2019-10-20,32.7,23.1,26.5,1.5,1.5,5.06,21.6,22.0,96,41,Blitar,-8.098,112.1615
2019-10-21,33.8,22.5,27.3,0.9,0.9,5.9,21.3,24.34,94,42,Blitar,-8.098,112.1615
2019-10-22,32.0,21.8,26.4,0.0,0.0,5.67,21.5,25.14,98,50,Blitar,-8.098,112.1615
2019-10-23,32.8,21.4,26.4,0.2,0.2,5.76,24.4,25.46,100,45,Blitar,-8.098,112.1615
2019-10-24,32.3,21.2,26.2,0.0,0.0,5.8,21.0,26.05,100,44,Blitar,-8.098,112.1615
2019-10-25,32.4,22.6,26.6,0.9,0.9,5.35,20.9,23.65,97,44,Blitar,-8.098,112.1615
2019-10-26,32.0,22.5,26.5,0.3,0.3,5.38,20.8,23.3,97,48,Blitar,-8.098,112.1615
2019-10-27,32.5,21.4,26.6,0.0,0.0,5.92,23.4,26.04,96,44,Blitar,-8.098,112.1615
2019-10-28,31.4,21.7,26.5,1.3,1.3,5.38,20.5,23.69,98,50,Blitar,-8.098,112.1615
2019-10-29,31.8,21.3,26.3,0.5,0.5,5.39,18.4,24.06,98,49,Blitar,-8.098,112.1615
2019-10-30,31.9,21.2,26.5,0.1,0.1,5.37,21.8,23.42,96,45,Blitar,-8.098,112.1615
2019-10-31,31.2,23.0,27.0,0.9,0.9,5.16,19.6,22.28,98,52,Blitar,-8.098,112.1615
2019-11-01,30.1,23.4,25.7,2.4,2.4,3.41,18.7,15.16,94,62,Blitar,-8.098,112.1615
2019-11-02,26.8,23.0,23.9,21.7,21.7,1.94,18.9,9.86,98,76,Blitar,-8.098,112.1615
2019-11-03,28.7,22.5,25.0,1.5,1.5,3.56,19.2,16.89,96,69,Blitar,-8.098,112.1615
2019-11-04,28.8,22.0,25.3,1.7,1.7,4.16,20.1,19.86,96,65,Blitar,-8.098,112.1615
2019-11-05,30.5,22.0,25.6,0.6,0.6,5.25,16.4,25.35,97,54,Blitar,-8.098,112.1615
2019-11-06,30.4,20.6,25.3,0.3,0.3,5.32,16.7,25.74,99,53,Blitar,-8.098,112.1615
2019-11-07,31.1,20.7,25.5,0.0,0.0,5.38,17.3,25.72,98,54,Blitar,-8.098,112.1615
2019-11-08,31.5,21.7,26.2,0.8,0.8,4.89,16.9,22.29,99,54,Blitar,-8.098,112.1615
2019-11-09,31.5,23.0,26.2,2.0,2.0,4.81,18.4,22.37,98,55,Blitar,-8.098,112.1615
2019-11-10,32.0,22.7,26.8,1.7,1.7,5.05,16.6,22.9,99,53,Blitar,-8.098,112.1615
2019-11-11,32.2,23.1,26.8,1.3,1.3,5.01,19.4,22.95,98,55,Blitar,-8.098,112.1615
2019-11-12,33.1,23.1,27.1,3.0,3.0,4.99,17.4,21.79,97,49,Blitar,-8.098,112.1615
2019-11-13,33.5,24.0,27.2,12.0,12.0,4.32,14.7,19.67,96,49,Blitar,-8.098,112.1615
2019-11-14,32.8,23.5,27.0,5.6,5.6,4.62,16.1,20.83,97,55,Blitar,-8.098,112.1615
2019-11-15,31.4,22.1,26.4,0.3,0.3,5.54,19.1,25.89,98,52,Blitar,-8.098,112.1615
2019-11-16,32.0,21.0,26.2,0.2,0.2,5.16,19.1,22.8,99,50,Blitar,-8.098,112.1615
2019-11-17,32.6,22.7,27.1,2.0,2.0,5.23,20.2,23.11,96,50,Blitar,-8.098,112.1615
2019-11-18,33.2,22.2,27.1,0.6,0.6,5.2,18.6,23.12,99,51,Blitar,-8.098,112.1615
2019-11-19,32.6,23.2,27.2,0.3,0.3,5.01,18.0,22.31,98,53,Blitar,-8.098,112.1615
2019-11-20,30.9,22.3,26.8,1.1,1.1,4.78,16.7,21.38,98,58,Blitar,-8.098,112.1615
2019-11-21,31.7,23.5,27.0,1.5,1.5,4.92,16.9,21.03,94,53,Blitar,-8.098,112.1615
2019-11-22,31.5,22.0,26.9,1.1,1.1,5.07,18.0,22.25,95,50,Blitar,-8.098,112.1615
2019-11-23,32.8,21.9,27.3,1.4,1.4,5.42,20.4,23.59,99,46,Blitar,-8.098,112.1615
2019-11-24,31.5,23.7,26.9,3.0,3.0,4.45,17.0,20.42,96,59,Blitar,-8.098,112.1615
2019-11-25,32.0,24.0,27.2,2.8,2.8,4.84,18.8,21.61,96,54,Blitar,-8.098,112.1615
2019-11-26,32.6,22.5,27.3,0.0,0.0,5.36,15.8,24.07,97,49,Blitar,-8.098,112.1615
2019-11-27,32.0,23.0,27.3,0.7,0.7,4.65,14.8,20.14,95,55,Blitar,-8.098,112.1615
2019-11-28,33.0,22.2,27.6,1.9,1.9,5.0,15.0,21.64,95,51,Blitar,-8.098,112.1615
2019-11-29,33.9,22.5,27.8,1.0,1.0,5.42,22.3,22.45,97,48,Blitar,-8.098,112.1615
2019-11-30,30.4,24.4,26.7,14.0,14.0,3.58,18.4,16.49,96,66,Blitar,-8.098,112.1615
2019-12-01,31.4,23.3,27.0,2.8,2.8,4.62,16.2,21.31,99,58,Blitar,-8.098,112.1615
2019-12-02,32.8,23.9,27.5,0.7,0.7,4.7,16.4,20.94,97,56,Blitar,-8.098,112.1615
2019-12-03,33.5,23.0,27.5,0.0,0.0,5.48,18.3,24.49,97,47,Blitar,-8.098,112.1615
2019-12-04,32.8,24.0,27.8,0.2,0.2,4.9,18.4,21.18,90,51,Blitar,-8.098,112.1615
2019-12-05,31.9,23.1,27.2,7.5,7.5,4.18,13.4,19.05,97,53,Blitar,-8.098,112.1615
2019-12-06,33.2,22.6,26.5,15.0,15.0,4.07,12.7,18.99,99,50,Blitar,-8.098,112.1615
2019-12-07,31.9,23.0,26.5,13.4,13.4,4.32,11.5,20.82,99,56,Blitar,-8.098,112.1615
2019-12-08,31.5,23.3,27.1,1.4,1.4,4.43,15.5,20.73,99,65,Blitar,-8.098,112.1615
2019-12-09,32.4,24.5,27.5,2.0,2.0,4.52,15.5,20.61,96,60,Blitar,-8.098,112.1615
2019-12-10,30.8,24.1,27.0,3.0,3.0,3.85,13.0,17.36,96,62,Blitar,-8.098,112.1615
2019-12-11,30.8,23.6,26.5,2.8,2.8,4.09,16.6,19.35,97,65,Blitar,-8.098,112.1615
2019-12-12,31.9,23.5,26.5,9.3,9.3,3.97,9.4,18.72,96,61,Blitar,-8.098,112.1615
2019-12-13,30.6,23.4,26.0,17.5,17.5,3.42,11.7,15.86,96,67,Blitar,-8.098,112.1615
2019-12-14,31.2,22.9,25.5,26.8,26.8,3.76,8.8,18.16,97,62,Blitar,-8.098,112.1615
2019-12-15,28.4,23.0,25.2,13.1,13.1,3.21,10.4,16.38,97,77,Blitar,-8.098,112.1615
2019-12-16,29.5,22.5,25.3,5.0,5.0,3.41,12.8,16.79,98,74,Blitar,-8.098,112.1615
2019-12-17,28.5,22.1,25.0,4.7,4.7,3.0,12.6,15.56,99,82,Blitar,-8.098,112.1615
2019-12-18,29.0,22.2,25.5,13.1,13.1,3.75,12.8,19.04,98,74,Blitar,-8.098,112.1615
2019-12-19,30.9,22.9,26.1,9.4,9.4,3.83,8.9,18.56,96,70,Blitar,-8.098,112.1615
2019-12-20,30.5,23.6,26.4,0.9,0.9,4.32,14.4,21.47,99,67,Blitar,-8.098,112.1615
2019-12-21,30.3,24.0,27.0,3.1,3.1,4.4,14.5,21.71,96,68,Blitar,-8.098,112.1615
2019-12-22,29.6,23.8,26.0,2.5,2.5,3.37,13.4,16.78,97,75,Blitar,-8.098,112.1615
2019-12-23,29.0,23.6,25.7,6.4,6.4,3.4,14.6,17.36,98,72,Blitar,-8.098,112.1615
2019-12-24,30.2,23.8,26.4,5.5,5.5,3.91,9.8,19.26,98,68,Blitar,-8.098,112.1615
2019-12-25,29.9,23.1,26.0,7.4,7.4,3.33,13.0,16.44,98,77,Blitar,-8.098,112.1615
2019-12-26,27.6,23.0,25.6,5.6,5.6,2.49,10.1,12.09,98,77,Blitar,-8.098,112.1615
2019-12-27,29.1,23.9,25.7,21.9,21.9,2.8,11.1,13.62,96,71,Blitar,-8.098,112.1615
2019-12-28,29.6,23.4,25.7,14.0,14.0,3.52,10.3,17.18,99,71,Blitar,-8.098,112.1615
2019-12-29,31.0,23.7,25.9,11.4,11.4,3.57,11.7,17.53,97,65,Blitar,-8.098,112.1615
2019-12-30,30.7,23.3,26.2,6.9,6.9,3.61,6.7,17.57,98,69,Blitar,-8.098,112.1615
2019-12-31,28.6,23.9,25.7,10.5,10.5,3.01,12.2,15.3,99,81,Blitar,-8.098,112.1615
2020-01-01,28.1,23.4,25.4,5.3,5.3,2.6,17.2,12.13,96,75,Blitar,-8.098,112.1615
2020-01-02,30.0,23.9,26.0,19.6,19.6,4.25,13.6,21.09,96,68,Blitar,-8.098,112.1615
2020-01-03,29.8,22.6,25.7,13.6,13.6,3.64,16.9,17.86,96,67,Blitar,-8.098,112.1615
2020-01-04,29.4,23.5,25.2,17.8,17.8,2.55,15.0,12.32,96,73,Blitar,-8.098,112.1615
2020-01-05,28.5,23.2,25.3,12.1,12.1,2.65,16.5,13.28,97,80,Blitar,-8.098,112.1615
2020-01-06,27.4,23.1,25.0,13.3,13.3,2.24,9.0,11.21,97,83,Blitar,-8.098,112.1615
2020-01-07,29.2,23.0,25.2,12.7,12.7,2.9,11.5,14.49,98,73,Blitar,-8.098,112.1615
2020-01-08,28.2,22.6,25.0,13.6,13.6,3.22,12.3,16.59,97,80,Blitar,-8.098,112.1615
2020-01-09,28.2,22.7,25.2,3.9,3.9,3.87,13.4,20.82,97,83,Blitar,-8.098,112.1615
2020-01-10,28.2,23.2,25.4,3.2,3.2,3.1,13.7,15.18,97,72,Blitar,-8.098,112.1615
2020-01-11,27.9,22.2,24.7,17.0,17.0,2.43,13.2,12.07,95,79,Blitar,-8.098,112.1615
2020-01-12,29.6,22.4,25.6,3.6,3.6,3.49,13.8,16.85,96,65,Blitar,-8.098,112.1615
2020-01-13,30.1,22.4,25.8,1.0,1.0,4.42,11.9,22.07,97,69,Blitar,-8.098,112.1615
2020-01-14,30.5,22.6,26.4,3.0,3.0,4.81,14.1,23.79,95,64,Blitar,-8.098,112.1615
2020-01-15,29.7,23.4,26.1,3.6,3.6,4.19,11.2,20.79,96,68,Blitar,-8.098,112.1615
2020-01-16,29.9,22.9,25.9,1.0,1.0,4.46,14.5,22.74,100,69,Blitar,-8.098,112.1615
2020-01-17,30.0,21.9,25.7,0.0,0.0,5.17,14.2,25.93,98,60,Blitar,-8.098,112.1615
2020-01-18,30.5,21.5,25.9,0.0,0.0,5.33,13.8,26.27,94,57,Blitar,-8.098,112.1615
2020-01-19,30.1,22.0,26.0,0.3,0.3,4.82,14.8,23.72,96,64,Blitar,-8.098,112.1615
2020-01-20,30.1,21.9,26.0,1.7,1.7,4.28,12.0,20.87,98,63,Blitar,-8.098,112.1615
2020-01-21,30.5,23.2,26.4,2.9,2.9,4.52,11.2,22.22,96,63,Blitar,-8.098,112.1615
2020-01-22,31.0,23.2,26.0,8.3,8.3,4.19,14.0,20.79,96,70,Blitar,-8.098,112.1615
2020-01-23,30.1,23.0,26.4,2.2,2.2,4.24,9.6,20.82,96,71,Blitar,-8.098,112.1615
2020-01-24,30.4,22.2,26.5,4.2,4.2,4.24,10.7,20.65,98,69,Blitar,-8.098,112.1615
2020-01-25,30.4,22.5,26.3,2.1,2.1,4.35,9.8,21.39,98,65,Blitar,-8.098,112.1615
2020-01-26,30.4,23.0,26.0,11.1,11.1,3.77,11.5,18.23,99,69,Blitar,-8.098,112.1615
2020-01-27,29.5,23.0,26.2,2.6,2.6,3.42,16.7,17.0,98,71,Blitar,-8.098,112.1615
2020-01-28,30.0,22.5,26.4,5.4,5.4,4.08,9.4,20.48,96,75,Blitar,-8.098,112.1615
2020-01-29,30.9,23.5,26.1,20.0,20.0,3.46,8.1,16.87,97,71,Blitar,-8.098,112.1615
2020-01-30,28.9,23.4,25.2,16.6,16.6,2.18,14.6,10.66,96,78,Blitar,-8.098,112.1615
2020-01-31,29.6,23.0,26.1,1.5,1.5,3.98,13.8,19.28,94,68,Blitar,-8.098,112.1615
2020-02-01,29.3,23.1,25.7,5.6,5.6,3.37,12.9,16.38,96,73,Blitar,-8.098,112.1615
2020-02-02,29.5,23.0,25.2,11.8,11.8,3.07,8.9,15.3,100,71,Blitar,-8.098,112.1615
2020-02-03,28.9,23.0,25.5,1.9,1.9,3.47,13.9,17.55,98,80,Blitar,-8.098,112.1615
2020-02-04,29.8,23.5,26.0,1.0,1.0,4.33,15.2,21.88,98,68,Blitar,-8.098,112.1615
2020-02-05,29.0,22.3,25.8,2.2,2.2,4.03,13.3,20.42,97,75,Blitar,-8.098,112.1615
2020-02-06,30.5,23.0,26.0,3.5,3.5,4.12,12.8,20.57,98,66,Blitar,-8.098,112.1615
2020-02-07,29.5,23.4,25.7,9.4,9.4,2.87,16.3,13.82,98,74,Blitar,-8.098,112.1615
2020-02-08,29.4,24.0,26.4,3.1,3.1,3.13,19.5,14.77,92,69,Blitar,-8.098,112.1615
2020-02-09,26.1,23.6,24.7,22.1,22.1,1.46,10.0,6.77,97,85,Blitar,-8.098,112.1615
2020-02-10,29.8,22.5,25.7,7.7,7.7,3.7,11.0,18.35,96,72,Blitar,-8.098,112.1615
2020-02-11,30.3,22.6,25.6,4.4,4.4,4.02,9.4,20.2,99,73,Blitar,-8.098,112.1615
2020-02-12,29.1,22.6,25.4,18.6,18.6,3.05,6.8,14.99,98,74,Blitar,-8.098,112.1615
2020-02-13,30.0,23.4,25.9,41.4,41.4,3.91,11.8,19.35,97,70,Blitar,-8.098,112.1615
2020-02-14,29.2,23.1,25.5,15.1,15.1,3.07,8.1,14.93,100,75,Blitar,-8.098,112.1615
2020-02-15,28.7,23.1,25.3,19.5,19.5,2.81,13.3,14.2,98,82,Blitar,-8.098,112.1615
2020-02-16,28.9,23.5,25.7,6.9,6.9,3.68,12.1,18.98,97,79,Blitar,-8.098,112.1615
2020-02-17,28.8,22.8,25.3,25.6,25.6,3.01,13.7,15.04,99,77,Blitar,-8.098,112.1615
2020-02-18,28.8,22.7,25.6,3.1,3.1,3.47,17.7,17.75,96,75,Blitar,-8.098,112.1615
2020-02-19,28.8,22.7,25.0,13.5,13.5,2.94,13.2,14.42,96,73,Blitar,-8.098,112.1615
2020-02-20,27.1,23.6,24.9,13.8,13.8,1.82,21.3,8.4,96,81,Blitar,-8.098,112.1615
2020-02-21,29.8,22.6,25.4,26.1,26.1,3.66,12.2,18.35,98,75,Blitar,-8.098,112.1615
2020-02-22,30.2,23.5,25.7,14.6,14.6,3.61,17.1,18.48,96,75,Blitar,-8.098,112.1615
2020-02-23,30.1,23.3,26.1,4.8,4.8,4.44,13.1,22.58,97,67,Blitar,-8.098,112.1615
2020-02-24,30.5,23.2,26.3,3.4,3.4,4.31,15.2,21.69,96,71,Blitar,-8.098,112.1615
2020-02-25,28.6,24.0,25.8,14.1,14.1,2.89,11.8,14.11,97,77,Blitar,-8.098,112.1615
2020-02-26,29.6,22.4,25.7,9.8,9.8,3.19,10.7,15.67,97,73,Blitar,-8.098,112.1615
2020-02-27,30.2,23.9,26.2,14.6,14.6,3.84,13.2,18.87,95,69,Blitar,-8.098,112.1615
2020-02-28,29.3,22.6,25.8,14.7,14.7,3.51,11.9,17.78,96,75,Blitar,-8.098,112.1615
2020-02-29,29.0,23.1,25.7,21.6,21.6,3.11,11.7,15.39,98,77,Blitar,-8.098,112.1615
2020-03-01,29.1,24.1,25.7,16.8,16.8,2.59,14.9,12.32,94,80,Blitar,-8.098,112.1615
2020-03-02,29.5,24.6,26.6,4.8,4.8,4.08,16.8,19.57,95,76,Blitar,-8.098,112.1615
2020-03-03,28.8,23.3,25.7,19.1,19.1,2.89,11.4,14.58,97,81,Blitar,-8.098,112.1615
2020-03-04,27.4,23.4,25.1,17.9,17.9,2.22,12.1,11.76,97,87,Blitar,-8.098,112.1615
2020-03-05,29.2,23.1,25.7,6.6,6.6,2.83,12.7,13.78,96,76,Blitar,-8.098,112.1615
2020-03-06,30.0,22.8,25.5,13.4,13.4,3.61,9.7,17.92,95,70,Blitar,-8.098,112.1615
2020-03-07,29.6,23.0,25.4,16.8,16.8,3.2,10.8,15.81,97,72,Blitar,-8.098,112.1615
2020-03-08,28.9,23.2,25.5,7.7,7.7,3.41,14.1,17.23,97,72,Blitar,-8.098,112.1615
2020-03-09,27.0,22.8,25.1,12.9,12.9,2.17,11.1,10.5,95,81,Blitar,-8.098,112.1615
2020-03-10,29.9,23.1,25.9,9.3,9.3,3.43,12.3,16.5,95,67,Blitar,-8.098,112.1615
2020-03-11,30.1,23.8,25.8,27.6,27.6,3.43,15.5,16.98,98,71,Blitar,-8.098,112.1615
2020-03-12,30.3,22.9,26.1,3.8,3.8,4.03,12.4,19.8,99,69,Blitar,-8.098,112.1615
2020-03-13,30.0,22.9,25.6,24.1,24.1,3.27,15.5,16.18,98,72,Blitar,-8.098,112.1615
2020-03-14,30.6,23.2,26.6,0.6,0.6,4.28,7.2,20.76,97,65,Blitar,-8.098,112.1615
2020-03-15,30.9,23.1,26.4,3.5,3.5,4.4,11.9,21.5,97,64,Blitar,-8.098,112.1615
2020-03-16,29.6,22.1,26.0,1.1,1.1,4.05,14.3,20.14,98,70,Blitar,-8.098,112.1615
2020-03-17,29.8,23.2,26.1,3.1,3.1,3.9,11.5,19.48,97,71,Blitar,-8.098,112.1615
2020-03-18,29.4,22.9,25.4,13.0,13.0,3.13,7.3,15.36,97,71,Blitar,-8.098,112.1615
2020-03-19,29.1,23.0,25.3,11.5,11.5,2.88,13.0,14.42,99,77,Blitar,-8.098,112.1615
2020-03-20,29.3,22.5,25.3,23.7,23.7,3.4,11.1,16.8,99,77,Blitar,-8.098,112.1615
2020-03-21,29.7,22.1,25.7,4.9,4.9,4.01,13.9,20.35,96,72,Blitar,-8.098,112.1615
2020-03-22,30.1,23.1,26.3,8.0,8.0,4.0,12.2,19.98,98,73,Blitar,-8.098,112.1615
2020-03-23,29.5,22.6,25.2,13.6,13.6,2.94,11.2,14.25,98,67,Blitar,-8.098,112.1615
2020-03-24,30.1,22.5,25.7,6.4,6.4,3.92,12.1,19.7,97,68,Blitar,-8.098,112.1615
2020-03-25,29.5,22.3,25.6,3.3,3.3,4.11,11.5,21.14,98,71,Blitar,-8.098,112.1615
2020-03-26,30.3,23.4,26.3,2.7,2.7,4.35,13.2,21.78,98,67,Blitar,-8.098,112.1615
2020-03-27,29.4,22.2,25.6,8.1,8.1,3.34,11.3,16.94,97,72,Blitar,-8.098,112.1615
2020-03-28,28.8,23.5,25.6,11.8,11.8,2.79,11.5,13.72,99,78,Blitar,-8.098,112.1615
2020-03-29,30.0,22.8,25.7,13.2,13.2,3.28,11.9,16.13,99,70,Blitar,-8.098,112.1615
2020-03-30,28.9,22.2,25.5,2.2,2.2,3.61,15.6,18.92,98,80,Blitar,-8.098,112.1615
2020-03-31,28.5,22.7,25.3,16.0,16.0,3.18,13.4,16.53,99,80,Blitar,-8.098,112.1615
2020-04-01,29.5,22.8,25.2,35.5,35.5,2.92,9.5,14.56,98,73,Blitar,-8.098,112.1615
2020-04-02,29.6,23.3,25.6,17.9,17.9,3.24,11.3,15.9,98,72,Blitar,-8.098,112.1615
2020-04-03,28.9,23.2,25.5,10.3,10.3,3.17,10.9,15.86,99,77,Blitar,-8.098,112.1615
2020-04-04,30.2,22.9,25.5,11.6,11.6,3.07,8.2,14.99,100,73,Blitar,-8.098,112.1615
2020-04-05,28.8,23.4,25.7,2.1,2.1,3.03,13.3,15.98,98,80,Blitar,-8.098,112.1615
2020-04-06,28.6,24.2,25.7,12.2,12.2,3.11,11.9,16.14,98,86,Blitar,-8.098,112.1615
2020-04-07,28.6,23.2,25.2,18.3,18.3,3.23,15.3,16.82,99,80,Blitar,-8.098,112.1615
2020-04-08,29.5,22.4,25.5,0.0,0.0,4.16,12.0,20.73,98,65,Blitar,-8.098,112.1615
2020-04-09,29.9,22.5,25.9,0.3,0.3,4.32,14.8,22.1,94,72,Blitar,-8.098,112.1615
2020-04-10,30.1,22.5,26.1,1.7,1.7,4.43,14.4,22.3,98,69,Blitar,-8.098,112.1615
2020-04-11,28.8,23.1,25.3,4.8,4.8,3.42,13.5,18.36,99,78,Blitar,-8.098,112.1615
2020-04-12,28.7,22.5,25.3,0.9,0.9,3.92,14.1,19.95,99,72,Blitar,-8.098,112.1615
2020-04-13,30.0,21.6,25.7,0.9,0.9,4.36,15.0,21.47,93,61,Blitar,-8.098,112.1615
2020-04-14,29.4,23.0,25.8,5.3,5.3,4.03,12.4,20.21,94,66,Blitar,-8.098,112.1615
2020-04-15,29.5,22.2,25.4,35.2,35.2,3.63,8.7,18.06,96,69,Blitar,-8.098,112.1615
2020-04-16,30.5,22.8,26.2,0.3,0.3,4.14,7.4,20.34,97,66,Blitar,-8.098,112.1615
2020-04-17,28.9,23.3,25.3,11.0,11.0,2.43,9.7,12.06,98,80,Blitar,-8.098,112.1615
2020-04-18,30.4,22.0,25.7,8.6,8.6,3.51,10.5,17.53,98,73,Blitar,-8.098,112.1615
2020-04-19,29.8,23.4,26.1,3.5,3.5,3.34,10.9,16.59,97,72,Blitar,-8.098,112.1615
2020-04-20,29.9,23.5,26.2,4.5,4.5,3.48,8.9,17.04,95,70,Blitar,-8.098,112.1615
2020-04-21,29.6,23.5,26.1,1.7,1.7,3.55,10.0,17.96,97,73,Blitar,-8.098,112.1615
2020-04-22,30.1,23.0,26.4,0.8,0.8,4.17,9.8,20.67,98,67,Blitar,-8.098,112.1615
2020-04-23,30.6,22.9,26.7,1.1,1.1,4.01,12.0,19.34,97,66,Blitar,-8.098,112.1615
2020-04-24,30.5,22.0,26.3,0.1,0.1,4.28,16.1,20.91,100,62,Blitar,-8.098,112.1615
2020-04-25,30.5,22.4,26.1,0.9,0.9,3.78,12.1,18.43,99,66,Blitar,-8.098,112.1615
2020-04-26,28.8,23.0,25.7,1.2,1.2,2.72,7.4,13.24,97,72,Blitar,-8.098,112.1615
2020-04-27,29.9,22.4,25.6,8.5,8.5,3.61,11.3,18.49,97,71,Blitar,-8.098,112.1615
2020-04-28,28.5,22.1,25.2,29.7,29.7,2.58,11.8,12.92,100,77,Blitar,-8.098,112.1615
2020-04-29,29.3,22.7,25.9,1.4,1.4,3.82,13.0,18.91,97,70,Blitar,-8.098,112.1615
2020-04-30,28.9,23.1,25.9,0.5,0.5,3.58,16.6,17.61,95,68,Blitar,-8.098,112.1615
2020-05-01,29.4,22.8,25.6,0.8,0.8,3.9,14.2,19.08,94,63,Blitar,-8.098,112.1615
2020-05-02,29.6,21.6,25.5,0.5,0.5,4.04,14.6,20.14,96,66,Blitar,-8.098,112.1615
2020-05-03,29.4,21.2,25.4,0.6,0.6,3.24,6.6,15.84,97,67,Blitar,-8.098,112.1615
2020-05-04,30.5,22.1,26.3,0.0,0.0,3.98,7.2,19.48,96,63,Blitar,-8.098,112.1615
2020-05-05,30.4,22.8,26.4,0.7,0.7,3.98,11.2,19.49,98,64,Blitar,-8.098,112.1615
2020-05-06,29.9,21.8,25.9,1.0,1.0,4.08,12.9,19.98,98,65,Blitar,-8.098,112.1615
2020-05-07,30.4,22.5,26.2,0.4,0.4,3.97,12.5,19.57,97,67,Blitar,-8.098,112.1615
2020-05-08,30.6,23.2,26.3,13.6,13.6,3.63,11.5,18.28,97,66,Blitar,-8.098,112.1615
2020-05-09,29.1,24.0,26.1,5.0,5.0,2.77,9.8,13.21,97,71,Blitar,-8.098,112.1615
2020-05-10,30.0,23.3,26.0,6.6,6.6,3.53,10.9,17.39,98,66,Blitar,-8.098,112.1615
2020-05-11,28.8,23.1,25.7,0.8,0.8,3.0,8.4,14.67,98,69,Blitar,-8.098,112.1615
2020-05-12,30.0,23.0,26.0,1.1,1.1,4.2,16.0,20.65,94,63,Blitar,-8.098,112.1615
2020-05-13,29.4,22.8,25.7,0.8,0.8,4.09,19.1,20.22,94,66,Blitar,-8.098,112.1615
2020-05-14,28.9,23.5,25.7,0.6,0.6,3.84,21.0,18.55,88,69,Blitar,-8.098,112.1615
2020-05-15,30.1,23.1,25.7,5.7,5.7,3.79,17.2,18.91,93,66,Blitar,-8.098,112.1615
2020-05-16,29.7,23.5,26.2,1.1,1.1,3.79,21.0,18.41,93,71,Blitar,-8.098,112.1615
2020-05-17,29.5,23.6,25.9,3.4,3.4,3.5,18.2,17.43,96,73,Blitar,-8.098,112.1615
2020-05-18,29.0,23.5,25.9,5.6,5.6,3.03,16.9,15.04,96,72,Blitar,-8.098,112.1615
2020-05-19,28.8,23.7,25.5,3.8,3.8,2.6,14.1,12.76,98,74,Blitar,-8.098,112.1615
2020-05-20,30.0,22.6,25.6,2.3,2.3,2.95,9.9,14.4,99,71,Blitar,-8.098,112.1615
2020-05-21,29.1,24.0,25.8,15.3,15.3,2.66,14.9,13.15,98,79,Blitar,-8.098,112.1615
2020-05-22,30.7,23.0,26.7,0.0,0.0,4.17,10.5,20.32,94,61,Blitar,-8.098,112.1615
2020-05-23,31.0,23.2,26.7,0.0,0.0,4.34,13.3,21.02,94,60,Blitar,-8.098,112.1615
2020-05-24,30.4,22.6,26.2,0.0,0.0,4.19,12.3,20.46,94,64,Blitar,-8.098,112.1615
2020-05-25,30.6,22.4,26.5,2.4,2.4,4.01,12.2,19.8,95,62,Blitar,-8.098,112.1615
2020-05-26,27.9,24.1,25.5,18.7,18.7,2.46,12.5,12.64,98,83,Blitar,-8.098,112.1615
2020-05-27,26.2,23.4,24.4,45.2,45.2,1.36,10.3,6.66,97,85,Blitar,-8.098,112.1615
2020-05-28,28.5,22.5,24.8,12.1,12.1,2.38,11.1,11.96,98,77,Blitar,-8.098,112.1615
2020-05-29,29.2,22.7,25.2,2.0,2.0,3.48,14.5,17.37,98,69,Blitar,-8.098,112.1615
2020-05-30,29.2,21.9,25.2,56.1,56.1,3.19,14.5,16.73,100,70,Blitar,-8.098,112.1615
2020-05-31,27.9,23.5,25.0,38.8,38.8,2.11,11.3,10.76,98,78,Blitar,-8.098,112.1615
2020-06-01,28.4,23.5,25.5,52.4,52.4,2.62,15.3,13.1,97,78,Blitar,-8.098,112.1615
2020-06-02,28.9,23.6,25.6,11.1,11.1,2.81,10.0,13.75,94,74,Blitar,-8.098,112.1615
2020-06-03,29.4,21.5,25.3,0.6,0.6,3.6,9.0,18.08,98,67,Blitar,-8.098,112.1615
2020-06-04,28.1,21.7,24.8,0.2,0.2,3.61,22.1,18.49,94,71,Blitar,-8.098,112.1615
2020-06-05,27.7,22.0,24.6,1.5,1.5,3.19,20.9,16.84,95,74,Blitar,-8.098,112.1615
2020-06-06,26.9,22.7,24.6,2.2,2.2,2.64,18.2,13.86,96,78,Blitar,-8.098,112.1615
2020-06-07,28.4,22.5,24.8,1.8,1.8,3.05,16.1,15.24,96,70,Blitar,-8.098,112.1615
2020-06-08,28.0,21.8,24.7,0.5,0.5,3.25,15.3,16.44,96,71,Blitar,-8.098,112.1615
2020-06-09,28.4,21.3,24.5,0.1,0.1,3.39,17.0,16.87,96,68,Blitar,-8.098,112.1615
2020-06-10,28.8,20.5,24.2,0.0,0.0,3.84,12.8,19.6,92,63,Blitar,-8.098,112.1615
2020-06-11,28.6,20.6,24.5,0.0,0.0,3.88,15.3,19.78,93,64,Blitar,-8.098,112.1615
2020-06-12,28.5,20.4,24.2,0.0,0.0,3.96,14.3,20.75,97,68,Blitar,-8.098,112.1615
2020-06-13,29.2,20.9,24.9,0.1,0.1,3.71,16.1,18.44,100,64,Blitar,-8.098,112.1615
2020-06-14,28.0,22.6,24.7,10.7,10.7,2.13,10.5,10.52,97,78,Blitar,-8.098,112.1615
2020-06-15,29.0,22.5,25.3,2.2,2.2,3.07,14.8,15.99,99,80,Blitar,-8.098,112.1615
2020-06-16,29.1,22.3,25.4,0.7,0.7,3.5,16.3,17.53,97,66,Blitar,-8.098,112.1615
2020-06-17,28.1,22.7,25.1,2.2,2.2,3.25,19.9,17.07,96,74,Blitar,-8.098,112.1615
2020-06-18,28.7,22.8,25.2,1.1,1.1,3.3,19.1,16.61,95,71,Blitar,-8.098,112.1615
2020-06-19,27.8,23.1,25.0,1.6,1.6,3.37,24.5,16.52,93,72,Blitar,-8.098,112.1615
2020-06-20,29.0,22.0,25.0,1.3,1.3,3.64,20.1,17.87,93,66,Blitar,-8.098,112.1615
2020-06-21,28.6,22.2,25.0,1.6,1.6,3.52,19.1,17.61,93,68,Blitar,-8.098,112.1615
2020-06-22,28.9,22.9,25.3,0.1,0.1,3.44,21.7,16.06,94,67,Blitar,-8.098,112.1615
2020-06-23,29.0,21.9,25.1,0.7,0.7,3.6,21.0,17.31,92,63,Blitar,-8.098,112.1615
2020-06-24,28.2,21.8,24.6,1.2,1.2,3.58,20.7,18.13,93,67,Blitar,-8.098,112.1615
2020-06-25,28.5,20.6,24.0,0.0,0.0,4.14,19.6,20.7,90,63,Blitar,-8.098,112.1615
2020-06-26,28.4,19.8,23.8,0.2,0.2,3.66,16.9,18.46,96,62,Blitar,-8.098,112.1615
2020-06-27,28.6,20.3,24.3,0.0,0.0,3.88,14.3,19.61,98,63,Blitar,-8.098,112.1615
2020-06-28,28.6,20.8,24.5,0.2,0.2,3.49,15.6,17.07,97,64,Blitar,-8.098,112.1615
2020-06-29,28.1,21.7,24.7,1.2,1.2,3.42,19.9,16.38,95,66,Blitar,-8.098,112.1615
2020-06-30,28.2,21.9,24.4,0.0,0.0,3.56,21.3,17.64,95,64,Blitar,-8.098,112.1615
2020-07-01,28.0,21.5,24.3,2.3,2.3,3.39,19.6,16.97,95,67,Blitar,-8.098,112.1615
2020-07-02,28.2,22.0,24.5,3.0,3.0,3.12,20.8,15.39,95,68,Blitar,-8.098,112.1615
2020-07-03,28.1,21.3,24.3,0.0,0.0,3.93,21.2,19.36,96,62,Blitar,-8.098,112.1615
2020-07-04,29.3,20.9,24.4,0.2,0.2,3.79,16.4,18.82,95,57,Blitar,-8.098,112.1615
2020-07-05,29.4,19.4,24.2,0.7,0.7,3.69,16.0,18.07,100,58,Blitar,-8.098,112.1615
2020-07-06,28.8,20.9,24.1,6.8,6.8,2.79,20.1,13.63,97,68,Blitar,-8.098,112.1615
2020-07-07,27.9,22.5,24.4,1.4,1.4,2.47,21.1,11.28,94,70,Blitar,-8.098,112.1615
2020-07-08,27.8,20.0,23.9,1.8,1.8,3.43,22.8,17.21,97,67,Blitar,-8.098,112.1615
2020-07-09,27.9,21.8,24.4,1.3,1.3,3.21,24.0,15.32,96,69,Blitar,-8.098,112.1615
2020-07-10,27.5,21.9,24.4,0.5,0.5,3.23,23.4,15.44,93,69,Blitar,-8.098,112.1615
2020-07-11,29.0,21.9,24.8,0.1,0.1,3.69,17.2,17.88,92,64,Blitar,-8.098,112.1615
2020-07-12,27.8,22.0,24.6,0.3,0.3,3.27,18.2,16.23,97,69,Blitar,-8.098,112.1615
2020-07-13,29.6,21.9,24.8,0.6,0.6,3.71,15.2,18.21,97,60,Blitar,-8.098,112.1615
2020-07-14,29.2,21.4,24.8,1.3,1.3,3.59,16.0,17.12,98,64,Blitar,-8.098,112.1615
2020-07-15,29.2,20.6,24.8,2.0,2.0,3.44,13.3,16.9,99,67,Blitar,-8.098,112.1615
2020-07-16,29.6,22.6,25.3,0.0,0.0,3.58,13.2,17.29,96,67,Blitar,-8.098,112.1615
2020-07-17,29.7,21.0,24.3,0.0,0.0,3.89,18.3,19.69,100,63,Blitar,-8.098,112.1615
2020-07-18,28.5,22.2,24.6,0.8,0.8,3.57,18.3,17.49,98,63,Blitar,-8.098,112.1615
2020-07-19,29.3,20.6,24.3,2.6,2.6,3.41,22.3,17.01,98,64,Blitar,-8.098,112.1615
2020-07-20,29.2,22.4,25.1,0.6,0.6,3.76,17.4,18.41,96,63,Blitar,-8.098,112.1615
2020-07-21,28.0,23.0,25.1,1.2,1.2,3.09,16.0,14.32,94,69,Blitar,-8.098,112.1615
2020-07-22,29.6,21.8,25.2,0.8,0.8,3.72,18.5,17.61,96,60,Blitar,-8.098,112.1615
2020-07-23,28.8,21.8,24.8,0.0,0.0,4.32,20.4,20.89,96,58,Blitar,-8.098,112.1615
2020-07-24,28.8,20.4,24.2,0.0,0.0,4.34,24.1,19.89,94,56,Blitar,-8.098,112.1615
2020-07-25,27.9,18.2,23.1,0.0,0.0,4.63,22.9,21.45,92,49,Blitar,-8.098,112.1615
2020-07-26,28.6,20.1,23.8,0.0,0.0,4.7,18.9,22.14,89,54,Blitar,-8.098,112.1615
2020-07-27,28.4,20.3,23.9,0.0,0.0,3.76,20.9,17.34,92,56,Blitar,-8.098,112.1615
2020-07-28,27.9,21.9,24.1,2.4,2.4,3.5,25.4,15.63,94,59,Blitar,-8.098,112.1615
2020-07-29,27.5,18.4,23.0,0.1,0.1,4.55,23.3,22.15,96,45,Blitar,-8.098,112.1615
2020-07-30,28.2,16.9,22.3,0.0,0.0,4.11,19.1,20.16,95,51,Blitar,-8.098,112.1615
2020-07-31,26.4,18.8,22.6,2.0,2.0,2.92,21.1,14.43,100,72,Blitar,-8.098,112.1615
2020-08-01,28.8,20.8,24.0,0.0,0.0,4.25,22.6,20.2,94,55,Blitar,-8.098,112.1615
2020-08-02,27.9,19.5,23.2,0.0,0.0,4.39,17.0,21.91,94,54,Blitar,-8.098,112.1615
2020-08-03,28.6,18.5,23.4,0.0,0.0,3.97,17.1,20.07,98,59,Blitar,-8.098,112.1615
2020-08-04,25.9,19.9,23.1,0.5,0.5,1.66,13.6,7.03,96,73,Blitar,-8.098,112.1615
2020-08-05,28.7,21.7,24.3,0.5,0.5,3.46,21.6,15.97,96,61,Blitar,-8.098,112.1615
2020-08-06,29.6,20.3,24.1,0.0,0.0,4.8,19.1,22.52,95,49,Blitar,-8.098,112.1615
2020-08-07,28.5,19.9,23.6,0.3,0.3,3.77,21.1,17.93,95,61,Blitar,-8.098,112.1615
2020-08-08,29.5,20.0,24.2,0.0,0.0,4.11,18.0,20.32,97,58,Blitar,-8.098,112.1615
2020-08-09,30.6,19.6,24.7,0.0,0.0,4.3,16.2,20.28,100,55,Blitar,-8.098,112.1615
2020-08-10,30.2,20.4,24.5,0.5,0.5,4.0,17.7,19.5,100,55,Blitar,-8.098,112.1615
2020-08-11,30.0,21.9,24.8,21.0,21.0,3.28,16.7,15.84,98,58,Blitar,-8.098,112.1615
2020-08-12,29.0,22.1,24.7,2.9,2.9,3.05,12.5,15.21,100,67,Blitar,-8.098,112.1615
2020-08-13,27.4,22.5,24.3,5.7,5.7,2.94,19.3,16.14,98,80,Blitar,-8.098,112.1615
2020-08-14,28.2,22.0,24.5,5.0,5.0,3.18,14.1,16.43,98,73,Blitar,-8.098,112.1615
2020-08-15,29.8,22.4,25.3,0.5,0.5,3.9,13.0,19.45,98,68,Blitar,-8.098,112.1615
2020-08-16,28.7,22.4,25.0,0.5,0.5,3.53,15.3,17.55,99,72,Blitar,-8.098,112.1615
2020-08-17,28.5,21.7,24.7,1.2,1.2,3.8,18.3,18.59,96,65,Blitar,-8.098,112.1615
2020-08-18,28.5,21.1,24.5,0.3,0.3,4.2,23.3,20.16,93,62,Blitar,-8.098,112.1615
2020-08-19,28.4,21.3,24.3,0.9,0.9,4.08,22.8,19.8,96,60,Blitar,-8.098,112.1615
2020-08-20,29.1,21.8,24.5,1.2,1.2,3.89,17.7,18.79,96,58,Blitar,-8.098,112.1615
2020-08-21,30.5,19.0,24.3,0.0,0.0,4.63,16.3,22.96,98,54,Blitar,-8.098,112.1615
2020-08-22,30.7,19.8,24.7,0.0,0.0,4.78,17.7,23.25,99,50,Blitar,-8.098,112.1615
2020-08-23,31.7,22.4,25.6,0.1,0.1,4.64,21.3,22.18,97,58,Blitar,-8.098,112.1615
2020-08-24,30.1,21.4,25.0,0.4,0.4,4.31,20.3,20.6,95,53,Blitar,-8.098,112.1615
2020-08-25,30.6,21.1,25.3,0.2,0.2,4.83,20.5,22.3,96,54,Blitar,-8.098,112.1615
2020-08-26,29.3,21.5,24.7,0.0,0.0,4.82,31.1,21.79,94,55,Blitar,-8.098,112.1615
2020-08-27,30.0,20.4,24.7,0.0,0.0,4.82,22.6,22.06,89,49,Blitar,-8.098,112.1615
2020-08-28,28.9,21.5,24.9,2.1,2.1,4.05,18.9,19.37,94,58,Blitar,-8.098,112.1615
2020-08-29,30.5,22.2,25.4,0.0,0.0,4.95,23.6,22.81,94,56,Blitar,-8.098,112.1615
2020-08-30,29.8,20.9,25.1,0.0,0.0,5.08,23.2,23.07,91,54,Blitar,-8.098,112.1615
2020-08-31,30.6,20.9,24.9,0.0,0.0,4.54,22.2,20.6,92,48,Blitar,-8.098,112.1615
2020-09-01,29.8,22.0,25.0,2.6,2.6,4.04,20.9,19.22,95,57,Blitar,-8.098,112.1615
2020-09-02,28.5,22.1,25.0,3.6,3.6,3.94,19.5,19.03,97,66,Blitar,-8.098,112.1615
2020-09-03,30.6,22.9,25.6,8.3,8.3,4.11,20.9,19.36,97,62,Blitar,-8.098,112.1615
2020-09-04,29.9,23.1,25.6,26.6,26.6,4.22,22.1,20.67,96,64,Blitar,-8.098,112.1615
2020-09-05,28.9,22.0,24.9,0.0,0.0,4.66,18.9,23.8,97,64,Blitar,-8.098,112.1615
2020-09-06,29.6,21.5,24.9,1.2,1.2,4.41,20.8,22.11,97,59,Blitar,-8.098,112.1615
2020-09-07,28.8,22.5,24.8,1.6,1.6,3.52,19.0,16.31,96,62,Blitar,-8.098,112.1615
2020-09-08,29.9,21.8,25.3,1.0,1.0,4.52,19.0,21.59,95,59,Blitar,-8.098,112.1615
2020-09-09,29.1,22.7,25.3,0.4,0.4,4.02,18.6,19.07,94,62,Blitar,-8.098,112.1615
2020-09-10,28.9,22.2,25.0,0.3,0.3,4.39,20.4,20.7,96,58,Blitar,-8.098,112.1615
2020-09-11,30.0,19.8,24.8,0.0,0.0,4.75,26.3,22.15,98,52,Blitar,-8.098,112.1615
2020-09-12,29.9,21.5,25.0,0.4,0.4,4.65,21.8,21.82,96,54,Blitar,-8.098,112.1615
2020-09-13,29.5,22.0,25.1,0.1,0.1,4.74,23.7,22.62,96,58,Blitar,-8.098,112.1615
2020-09-14,30.0,19.3,24.6,0.0,0.0,4.68,23.3,22.23,99,50,Blitar,-8.098,112.1615
2020-09-15,30.1,19.0,24.4,0.0,0.0,5.23,22.0,25.37,98,50,Blitar,-8.098,112.1615
2020-09-16,28.6,19.1,23.8,0.6,0.6,4.47,22.0,21.94,100,58,Blitar,-8.098,112.1615
2020-09-17,30.0,19.5,24.9,1.2,1.2,4.85,17.0,22.87,99,52,Blitar,-8.098,112.1615
2020-09-18,31.2,20.0,25.3,1.0,1.0,4.79,18.2,22.83,100,51,Blitar,-8.098,112.1615
2020-09-19,32.5,21.1,26.0,0.3,0.3,4.77,21.0,22.17,99,47,Blitar,-8.098,112.1615
2020-09-20,32.8,22.4,26.4,0.9,0.9,4.85,23.0,21.77,99,45,Blitar,-8.098,112.1615
2020-09-21,29.8,22.6,25.6,4.1,4.1,4.41,23.7,21.08,97,60,Blitar,-8.098,112.1615
2020-09-22,28.4,22.8,25.0,4.5,4.5,3.38,19.7,17.38,98,74,Blitar,-8.098,112.1615
2020-09-23,30.6,23.0,26.0,0.6,0.6,4.35,21.2,19.77,97,58,Blitar,-8.098,112.1615
2020-09-24,29.9,22.9,25.7,2.0,2.0,4.58,20.8,22.13,99,61,Blitar,-8.098,112.1615
2020-09-25,30.9,22.5,25.9,0.4,0.4,4.69,21.4,22.08,97,56,Blitar,-8.098,112.1615
2020-09-26,30.7,21.1,25.8,1.2,1.2,4.63,22.6,20.68,99,57,Blitar,-8.098,112.1615
2020-09-27,31.2,21.9,26.2,0.0,0.0,5.43,22.9,24.29,96,49,Blitar,-8.098,112.1615
2020-09-28,30.1,22.2,25.9,1.5,1.5,5.02,27.6,23.16,96,57,Blitar,-8.098,112.1615
2020-09-29,28.3,22.2,24.8,2.4,2.4,3.98,23.0,19.59,97,68,Blitar,-8.098,112.1615
2020-09-30,29.8,20.7,25.2,4.0,4.0,4.1,18.1,19.71,98,59,Blitar,-8.098,112.1615
2020-10-01,31.6,22.8,26.3,1.9,1.9,4.81,18.2,22.19,96,56,Blitar,-8.098,112.1615
2020-10-02,31.5,22.8,26.5,2.5,2.5,4.88,20.1,22.31,95,55,Blitar,-8.098,112.1615
2020-10-03,29.8,22.5,25.6,4.1,4.1,4.29,21.3,20.66,97,61,Blitar,-8.098,112.1615
2020-10-04,28.1,22.6,24.7,3.5,3.5,3.76,24.5,19.41,97,69,Blitar,-8.098,112.1615
2020-10-05,27.6,22.1,24.2,2.7,2.7,2.79,22.2,13.18,95,67,Blitar,-8.098,112.1615
2020-10-06,28.4,22.4,25.0,1.5,1.5,4.23,26.6,18.99,93,62,Blitar,-8.098,112.1615
2020-10-07,29.7,22.2,25.6,0.0,0.0,5.04,21.5,22.36,90,53,Blitar,-8.098,112.1615
2020-10-08,28.7,22.9,25.1,1.0,1.0,4.1,23.2,18.43,91,63,Blitar,-8.098,112.1615
2020-10-09,30.1,21.9,25.8,0.2,0.2,4.63,16.2,21.09,95,56,Blitar,-8.098,112.1615
2020-10-10,27.6,23.0,24.5,17.9,17.9,1.93,17.2,9.26,98,79,Blitar,-8.098,112.1615
2020-10-11,30.7,23.0,26.0,2.4,2.4,4.27,15.9,20.3,98,59,Blitar,-8.098,112.1615
2020-10-12,30.2,23.2,25.8,6.3,6.3,3.79,19.2,17.62,96,66,Blitar,-8.098,112.1615
2020-10-13,30.0,21.9,25.5,1.9,1.9,4.47,17.9,21.39,96,60,Blitar,-8.098,112.1615
2020-10-14,30.0,22.9,25.9,0.8,0.8,4.5,21.0,21.95,97,63,Blitar,-8.098,112.1615
2020-10-15,29.5,23.0,25.7,2.5,2.5,4.27,18.8,20.84,98,65,Blitar,-8.098,112.1615
2020-10-16,29.1,22.9,25.4,0.9,0.9,3.65,20.6,17.79,98,70,Blitar,-8.098,112.1615
2020-10-17,30.0,22.6,25.5,1.1,1.1,4.52,19.1,21.95,97,56,Blitar,-8.098,112.1615
2020-10-18,28.6,22.0,24.8,3.8,3.8,3.68,15.8,18.79,96,67,Blitar,-8.098,112.1615
2020-10-19,26.9,22.6,24.5,13.8,13.8,2.24,15.5,10.74,97,78,Blitar,-8.098,112.1615
2020-10-20,29.2,22.5,25.1,6.0,6.0,3.26,11.6,15.95,99,66,Blitar,-8.098,112.1615
2020-10-21,28.6,22.6,25.2,9.9,9.9,3.07,12.3,15.4,98,76,Blitar,-8.098,112.1615
2020-10-22,29.0,22.4,25.6,4.1,4.1,3.85,13.9,19.21,98,70,Blitar,-8.098,112.1615
2020-10-23,28.8,22.0,25.1,4.0,4.0,3.45,17.7,17.14,98,73,Blitar,-8.098,112.1615
2020-10-24,29.3,22.2,25.6,1.8,1.8,4.1,13.7,20.58,98,71,Blitar,-8.098,112.1615
2020-10-25,28.6,22.6,25.3,24.5,24.5,3.52,14.8,18.3,98,79,Blitar,-8.098,112.1615
2020-10-26,28.7,23.4,25.3,8.2,8.2,3.26,15.5,16.56,98,75,Blitar,-8.098,112.1615
2020-10-27,26.9,23.1,24.2,129.2,129.2,1.93,13.9,9.74,97,82,Blitar,-8.098,112.1615
2020-10-28,28.9,22.0,25.0,2.9,2.9,3.95,14.9,20.37,99,71,Blitar,-8.098,112.1615
2020-10-29,28.2,22.1,25.0,8.5,8.5,3.39,13.2,18.18,99,74,Blitar,-8.098,112.1615
2020-10-30,29.6,22.9,25.3,55.4,55.4,3.57,14.8,18.04,100,69,Blitar,-8.098,112.1615
2020-10-31,28.7,23.0,24.8,77.1,77.1,2.69,10.5,13.33,99,76,Blitar,-8.098,112.1615
2020-11-01,29.2,22.8,25.0,6.7,6.7,3.35,16.4,16.56,97,68,Blitar,-8.098,112.1615
2020-11-02,29.0,22.9,25.0,13.1,13.1,3.27,15.1,16.89,98,74,Blitar,-8.098,112.1615
2020-11-03,28.3,23.1,24.9,37.2,37.2,2.79,10.2,13.97,97,80,Blitar,-8.098,112.1615
2020-11-04,29.6,21.9,25.5,3.6,3.6,4.39,11.4,21.9,100,65,Blitar,-8.098,112.1615
2020-11-05,30.5,22.9,26.1,18.8,18.8,4.28,10.5,21.23,98,64,Blitar,-8.098,112.1615
2020-11-06,30.9,22.9,26.1,1.5,1.5,4.5,13.3,22.34,96,64,Blitar,-8.098,112.1615
2020-11-07,30.0,22.9,25.8,0.6,0.6,4.77,15.3,24.21,98,67,Blitar,-8.098,112.1615
2020-11-08,29.5,22.1,25.6,1.1,1.1,4.22,11.2,21.24,98,71,Blitar,-8.098,112.1615
2020-11-09,29.1,21.7,25.5,1.2,1.2,4.29,17.0,22.05,97,74,Blitar,-8.098,112.1615
2020-11-10,29.4,21.5,25.5,2.2,2.2,4.54,20.4,22.83,98,68,Blitar,-8.098,112.1615
2020-11-11,28.9,22.6,25.5,6.1,6.1,3.67,19.6,19.18,96,76,Blitar,-8.098,112.1615
2020-11-12,30.4,22.6,26.4,0.9,0.9,4.54,10.5,22.17,100,64,Blitar,-8.098,112.1615
2020-11-13,29.8,23.1,26.0,12.5,12.5,3.95,14.3,20.09,100,69,Blitar,-8.098,112.1615
2020-11-14,29.8,22.8,26.2,4.9,4.9,3.77,14.4,19.08,100,78,Blitar,-8.098,112.1615
2020-11-15,29.0,23.6,25.6,8.8,8.8,2.92,12.1,14.73,97,80,Blitar,-8.098,112.1615
2020-11-16,30.1,22.5,26.3,0.9,0.9,4.52,18.5,22.3,98,69,Blitar,-8.098,112.1615
2020-11-17,30.0,23.0,26.1,2.1,2.1,4.51,20.1,22.13,95,64,Blitar,-8.098,112.1615
2020-11-18,29.6,23.2,26.1,7.7,7.7,4.02,15.5,20.12,96,69,Blitar,-8.098,112.1615
2020-11-19,30.1,22.9,26.2,8.1,8.1,3.93,16.7,19.59,97,73,Blitar,-8.098,112.1615
2020-11-20,28.9,22.9,25.1,15.4,15.4,2.31,15.9,11.54,99,77,Blitar,-8.098,112.1615
2020-11-21,29.4,22.4,25.5,12.7,12.7,3.23,10.0,15.82,99,74,Blitar,-8.098,112.1615
2020-11-22,28.0,22.5,25.0,5.1,5.1,2.75,12.1,13.73,98,78,Blitar,-8.098,112.1615
2020-11-23,28.3,22.5,25.0,8.9,8.9,2.83,14.3,14.63,99,80,Blitar,-8.098,112.1615
2020-11-24,26.6,23.1,24.5,8.1,8.1,2.13,11.9,11.24,99,88,Blitar,-8.098,112.1615
2020-11-25,27.2,22.9,24.8,5.4,5.4,2.26,14.5,10.8,97,77,Blitar,-8.098,112.1615
2020-11-26,28.5,23.2,25.4,10.2,10.2,2.98,14.4,14.04,96,70,Blitar,-8.098,112.1615
2020-11-27,27.7,22.6,24.5,24.6,24.6,1.83,13.9,8.87,97,76,Blitar,-8.098,112.1615
2020-11-28,28.2,23.5,25.2,13.7,13.7,2.71,11.1,13.55,97,83,Blitar,-8.098,112.1615
2020-11-29,25.8,23.2,24.4,27.5,27.5,1.51,7.9,7.11,97,88,Blitar,-8.098,112.1615
2020-11-30,25.4,22.0,23.6,19.4,19.4,1.11,10.8,4.79,96,81,Blitar,-8.098,112.1615
2020-12-01,28.6,21.3,25.1,0.6,0.6,4.41,12.6,22.54,96,69,Blitar,-8.098,112.1615
2020-12-02,28.7,22.6,25.2,8.4,8.4,3.0,9.8,14.79,95,74,Blitar,-8.098,112.1615
2020-12-03,29.6,22.2,24.8,33.1,33.1,2.89,14.6,14.52,98,76,Blitar,-8.098,112.1615
2020-12-04,27.9,23.0,24.6,18.7,18.7,2.27,14.0,11.53,99,83,Blitar,-8.098,112.1615
2020-12-05,28.0,22.6,24.6,41.3,41.3,2.36,8.7,11.35,98,79,Blitar,-8.098,112.1615
2020-12-06,28.9,24.0,25.7,8.6,8.6,3.38,25.5,15.13,92,73,Blitar,-8.098,112.1615
2020-12-07,26.7,24.2,25.2,12.0,12.0,2.37,24.5,9.34,91,82,Blitar,-8.098,112.1615
2020-12-08,30.6,23.9,26.2,9.2,9.2,4.58,27.3,22.08,97,64,Blitar,-8.098,112.1615
2020-12-09,28.5,24.1,25.8,1.9,1.9,3.26,24.2,15.03,92,73,Blitar,-8.098,112.1615
2020-12-10,28.7,23.5,25.9,7.4,7.4,3.45,20.5,16.85,92,75,Blitar,-8.098,112.1615
2020-12-11,28.2,23.5,25.2,33.4,33.4,2.17,14.7,10.45,96,78,Blitar,-8.098,112.1615
2020-12-12,26.4,23.2,24.4,30.8,30.8,1.55,6.1,7.21,97,79,Blitar,-8.098,112.1615
2020-12-13,28.2,22.9,24.6,34.3,34.3,2.43,11.1,11.79,98,74,Blitar,-8.098,112.1615
2020-12-14,26.7,22.5,24.1,28.6,28.6,2.14,10.1,11.04,98,89,Blitar,-8.098,112.1615
2020-12-15,26.4,22.7,24.2,13.1,13.1,2.33,12.4,12.02,98,83,Blitar,-8.098,112.1615
2020-12-16,26.8,22.8,24.2,12.2,12.2,2.52,17.0,13.68,96,85,Blitar,-8.098,112.1615
2020-12-17,27.4,22.6,24.7,9.2,9.2,3.04,14.1,15.74,96,79,Blitar,-8.098,112.1615
2020-12-18,28.0,21.8,24.5,6.5,6.5,3.3,14.0,16.93,96,75,Blitar,-8.098,112.1615
2020-12-19,26.5,22.5,24.1,4.2,4.2,2.31,12.5,11.89,96,82,Blitar,-8.098,112.1615
2020-12-20,27.5,22.0,24.2,1.5,1.5,2.98,15.9,14.95,96,72,Blitar,-8.098,112.1615
2020-12-21,28.5,21.0,24.8,0.6,0.6,4.3,19.9,22.14,95,69,Blitar,-8.098,112.1615
2020-12-22,29.4,22.6,25.6,0.4,0.4,4.62,18.9,23.9,96,65,Blitar,-8.098,112.1615
2020-12-23,28.1,22.5,25.4,1.6,1.6,4.1,18.1,21.2,94,70,Blitar,-8.098,112.1615
2020-12-24,28.8,21.9,25.1,1.8,1.8,4.39,16.3,22.62,96,70,Blitar,-8.098,112.1615
2020-12-25,28.5,22.0,25.3,1.8,1.8,3.94,11.3,20.01,96,69,Blitar,-8.098,112.1615
2020-12-26,28.7,22.8,25.6,1.0,1.0,3.73,11.6,18.25,98,67,Blitar,-8.098,112.1615
2020-12-27,27.6,23.3,25.1,13.4,13.4,3.2,10.7,16.64,94,78,Blitar,-8.098,112.1615
2020-12-28,27.5,23.4,25.0,15.5,15.5,2.84,15.1,14.71,96,82,Blitar,-8.098,112.1615
2020-12-29,28.1,22.8,24.9,21.3,21.3,2.89,13.4,14.62,97,75,Blitar,-8.098,112.1615
2020-12-30,26.1,22.9,24.2,30.8,30.8,1.98,15.3,10.46,97,88,Blitar,-8.098,112.1615
2020-12-31,28.0,22.0,24.7,12.3,12.3,2.68,13.0,13.19,96,71,Blitar,-8.098,112.1615
2021-01-01,27.4,22.5,24.7,8.2,8.2,2.74,8.8,13.75,96,81,Blitar,-8.098,112.1615
2021-01-02,28.2,23.1,25.0,8.7,8.7,3.09,15.7,14.97,95,73,Blitar,-8.098,112.1615
2021-01-03,29.1,22.1,24.9,6.8,6.8,3.28,14.0,16.07,97,75,Blitar,-8.098,112.1615
2021-01-04,26.6,23.0,24.7,9.4,9.4,2.15,9.1,10.81,96,84,Blitar,-8.098,112.1615
2021-01-05,29.1,22.8,25.0,23.2,23.2,2.5,12.2,12.32,97,73,Blitar,-8.098,112.1615
2021-01-06,28.3,22.9,24.9,11.5,11.5,2.63,11.5,12.72,97,74,Blitar,-8.098,112.1615
2021-01-07,27.2,22.8,24.7,14.6,14.6,2.15,8.6,10.56,98,80,Blitar,-8.098,112.1615
2021-01-08,27.0,23.1,24.8,6.7,6.7,1.76,13.2,7.95,97,80,Blitar,-8.098,112.1615
2021-01-09,27.0,22.9,24.6,16.7,16.7,2.25,13.7,11.81,98,83,Blitar,-8.098,112.1615
2021-01-10,26.1,23.5,24.2,165.0,165.0,0.96,10.2,4.1,97,84,Blitar,-8.098,112.1615
2021-01-11,29.5,23.0,25.1,64.4,64.4,2.97,7.7,14.62,98,72,Blitar,-8.098,112.1615
2021-01-12,29.0,23.4,25.3,20.0,20.0,3.23,14.2,16.12,97,76,Blitar,-8.098,112.1615
2021-01-13,25.9,22.9,24.3,25.6,25.6,1.23,10.1,5.72,97,89,Blitar,-8.098,112.1615
2021-01-14,27.8,23.4,24.9,12.1,12.1,2.99,19.2,15.12,96,70,Blitar,-8.098,112.1615
2021-01-15,27.0,23.2,24.3,17.4,17.4,2.16,14.1,11.42,96,86,Blitar,-8.098,112.1615
2021-01-16,25.8,22.9,24.1,19.5,19.5,1.3,9.4,6.08,96,89,Blitar,-8.098,112.1615
2021-01-17,28.5,22.5,24.8,14.7,14.7,2.71,9.1,13.18,95,80,Blitar,-8.098,112.1615
2021-01-18,28.7,23.1,25.0,46.5,46.5,3.07,13.1,15.23,94,72,Blitar,-8.098,112.1615
2021-01-19,27.5,23.5,24.8,2.6,2.6,2.68,22.7,12.1,93,78,Blitar,-8.098,112.1615
2021-01-20,28.6,23.1,25.7,0.0,0.0,3.09,15.0,14.07,92,69,Blitar,-8.098,112.1615
2021-01-21,28.6,22.3,25.5,1.0,1.0,3.89,12.3,19.57,96,71,Blitar,-8.098,112.1615
2021-01-22,27.5,22.7,25.1,6.0,6.0,3.29,15.8,17.23,97,77,Blitar,-8.098,112.1615
2021-01-23,29.1,22.1,25.3,4.2,4.2,3.57,13.4,17.7,93,65,Blitar,-8.098,112.1615
2021-01-24,28.8,22.4,25.4,2.5,2.5,3.83,10.8,18.86,92,67,Blitar,-8.098,112.1615
2021-01-25,27.5,21.7,24.2,5.7,5.7,2.74,11.0,13.57,96,81,Blitar,-8.098,112.1615
2021-01-26,29.0,21.4,24.4,19.4,19.4,3.55,17.9,18.63,97,69,Blitar,-8.098,112.1615
2021-01-27,26.4,22.2,24.3,21.3,21.3,1.91,11.1,9.26,96,84,Blitar,-8.098,112.1615
2021-01-28,28.2,22.5,25.1,9.9,9.9,3.02,17.7,14.44,93,74,Blitar,-8.098,112.1615
2021-01-29,27.5,23.5,24.8,10.5,10.5,2.65,20.2,12.53,93,76,Blitar,-8.098,112.1615
2021-01-30,27.1,22.9,24.5,6.5,6.5,2.38,24.4,11.31,97,77,Blitar,-8.098,112.1615
2021-01-31,29.1,22.1,25.1,5.7,5.7,3.88,13.3,19.46,96,68,Blitar,-8.098,112.1615
2021-02-01,29.4,22.3,25.4,16.3,16.3,4.13,17.4,20.34,96,65,Blitar,-8.098,112.1615
2021-02-02,28.6,23.6,25.3,15.6,15.6,3.12,19.0,15.04,95,76,Blitar,-8.098,112.1615
2021-02-03,28.9,22.7,25.1,9.3,9.3,3.17,15.0,15.42,96,71,Blitar,-8.098,112.1615
2021-02-04,28.8,23.5,25.1,15.5,15.5,2.92,21.9,13.54,91,72,Blitar,-8.098,112.1615
2021-02-05,28.4,23.8,25.1,9.7,9.7,2.69,26.8,11.88,91,73,Blitar,-8.098,112.1615
2021-02-06,27.9,23.5,25.2,20.7,20.7,2.87,26.2,13.45,93,78,Blitar,-8.098,112.1615
2021-02-07,28.5,24.5,25.9,7.4,7.4,4.08,28.5,19.26,96,73,Blitar,-8.098,112.1615
2021-02-08,28.3,24.0,25.5,6.5,6.5,3.38,27.3,15.87,92,75,Blitar,-8.098,112.1615
2021-02-09,28.9,23.7,25.4,14.2,14.2,3.35,19.6,16.21,96,74,Blitar,-8.098,112.1615
2021-02-10,27.0,23.2,24.8,7.7,7.7,1.98,9.3,9.44,97,80,Blitar,-8.098,112.1615
2021-02-11,28.0,22.5,24.9,2.9,2.9,3.44,14.5,18.09,98,80,Blitar,-8.098,112.1615
2021-02-12,28.5,22.9,24.8,20.4,20.4,2.7,12.4,13.77,95,76,Blitar,-8.098,112.1615
2021-02-13,28.8,22.8,24.8,9.1,9.1,3.33,12.8,16.86,96,74,Blitar,-8.098,112.1615
2021-02-14,29.4,21.6,24.7,13.5,13.5,3.61,14.6,18.55,97,70,Blitar,-8.098,112.1615
2021-02-15,28.9,22.0,25.2,4.2,4.2,3.84,12.9,19.7,97,73,Blitar,-8.098,112.1615
2021-02-16,29.1,22.8,25.4,7.3,7.3,4.26,14.0,21.81,96,71,Blitar,-8.098,112.1615
2021-02-17,28.6,22.6,24.6,43.9,43.9,3.27,13.0,17.1,98,77,Blitar,-8.098,112.1615
2021-02-18,29.2,21.6,25.3,14.6,14.6,4.16,12.3,20.92,94,66,Blitar,-8.098,112.1615
2021-02-19,27.4,23.2,24.7,15.1,15.1,2.87,22.4,14.76,95,77,Blitar,-8.098,112.1615
2021-02-20,27.3,23.1,24.8,27.0,27.0,2.98,15.9,14.53,92,76,Blitar,-8.098,112.1615
2021-02-21,29.6,22.4,25.1,5.4,5.4,3.81,11.2,18.72,96,70,Blitar,-8.098,112.1615
2021-02-22,28.8,22.2,24.8,6.8,6.8,3.42,12.6,17.61,96,76,Blitar,-8.098,112.1615
2021-02-23,28.5,22.6,24.8,8.3,8.3,3.13,15.0,15.74,96,73,Blitar,-8.098,112.1615
2021-02-24,27.3,23.7,25.0,45.3,45.3,2.16,22.4,9.33,92,79,Blitar,-8.098,112.1615
2021-02-25,28.5,23.9,25.6,4.8,4.8,4.05,25.9,19.46,87,73,Blitar,-8.098,112.1615
2021-02-26,28.8,23.9,25.6,27.5,27.5,3.48,18.8,16.88,96,74,Blitar,-8.098,112.1615
2021-02-27,28.6,22.3,24.6,19.8,19.8,2.81,11.2,14.31,98,75,Blitar,-8.098,112.1615
2021-02-28,28.2,22.5,24.8,1.0,1.0,2.84,12.1,13.35,99,70,Blitar,-8.098,112.1615
2021-03-01,29.1,21.5,25.3,3.1,3.1,4.28,9.2,21.14,93,66,Blitar,-8.098,112.1615
2021-03-02,29.6,23.5,25.8,3.8,3.8,4.57,19.2,23.25,92,71,Blitar,-8.098,112.1615
2021-03-03,29.2,23.3,25.7,1.4,1.4,4.1,19.8,20.4,92,69,Blitar,-8.098,112.1615
2021-03-04,29.2,22.4,25.3,4.0,4.0,3.96,13.8,19.62,95,67,Blitar,-8.098,112.1615
2021-03-05,29.0,21.5,24.8,1.2,1.2,3.86,11.6,18.87,96,66,Blitar,-8.098,112.1615
2021-03-06,28.8,22.4,25.0,4.2,4.2,3.53,11.0,17.86,96,75,Blitar,-8.098,112.1615
2021-03-07,28.0,22.6,24.6,13.6,13.6,2.75,9.5,13.78,97,80,Blitar,-8.098,112.1615
2021-03-08,28.6,22.8,24.9,16.4,16.4,3.58,13.5,18.01,96,70,Blitar,-8.098,112.1615
2021-03-09,28.0,21.9,24.6,8.0,8.0,2.57,10.0,12.81,97,76,Blitar,-8.098,112.1615
2021-03-10,28.5,23.8,25.6,2.4,2.4,3.61,20.8,17.51,93,72,Blitar,-8.098,112.1615
2021-03-11,29.3,22.5,25.1,10.1,10.1,3.51,12.4,17.38,99,69,Blitar,-8.098,112.1615
2021-03-12,29.0,21.6,25.0,3.3,3.3,3.99,9.4,19.95,98,68,Blitar,-8.098,112.1615
2021-03-13,27.7,22.5,24.5,10.3,10.3,3.29,11.8,17.42,97,77,Blitar,-8.098,112.1615
2021-03-14,29.0,21.9,25.0,10.0,10.0,3.65,9.0,18.31,97,67,Blitar,-8.098,112.1615
2021-03-15,29.1,22.1,25.0,8.6,8.6,3.7,8.1,18.75,96,72,Blitar,-8.098,112.1615
2021-03-16,28.5,22.8,25.2,26.0,26.0,3.3,8.8,16.64,95,78,Blitar,-8.098,112.1615
2021-03-17,28.7,21.6,25.1,7.0,7.0,3.75,11.0,19.36,96,72,Blitar,-8.098,112.1615
2021-03-18,29.4,21.6,25.2,8.9,8.9,3.48,11.6,17.32,97,74,Blitar,-8.098,112.1615
2021-03-19,29.7,22.0,25.2,19.4,19.4,4.18,13.9,21.68,98,68,Blitar,-8.098,112.1615
2021-03-20,28.2,22.5,24.8,16.7,16.7,2.96,14.0,15.21,97,80,Blitar,-8.098,112.1615
2021-03-21,29.5,21.9,25.4,6.1,6.1,4.24,13.2,21.6,96,69,Blitar,-8.098,112.1615
2021-03-22,29.2,22.2,25.6,1.5,1.5,3.63,11.6,17.97,96,69,Blitar,-8.098,112.1615
2021-03-23,28.6,23.1,25.4,5.5,5.5,3.57,10.5,17.91,96,73,Blitar,-8.098,112.1615
2021-03-24,29.6,22.6,25.6,3.1,3.1,4.14,12.8,20.82,95,67,Blitar,-8.098,112.1615
2021-03-25,29.2,23.5,25.6,24.9,24.9,3.76,10.7,18.77,96,70,Blitar,-8.098,112.1615
2021-03-26,28.8,23.1,25.5,3.8,3.8,3.46,11.0,17.53,98,77,Blitar,-8.098,112.1615
2021-03-27,29.1,23.5,25.6,8.6,8.6,3.24,11.3,16.31,98,77,Blitar,-8.098,112.1615
2021-03-28,28.7,22.0,25.4,0.9,0.9,4.01,15.4,21.23,100,78,Blitar,-8.098,112.1615
2021-03-29,29.0,22.4,25.6,5.7,5.7,3.57,11.5,18.4,98,74,Blitar,-8.098,112.1615
2021-03-30,29.0,23.4,25.3,13.4,13.4,2.79,8.7,13.64,100,76,Blitar,-8.098,112.1615
2021-03-31,28.7,22.5,25.4,2.6,2.6,3.49,15.1,18.49,100,80,Blitar,-8.098,112.1615
2021-04-01,29.5,22.6,25.2,53.5,53.5,3.05,10.5,14.94,99,73,Blitar,-8.098,112.1615
2021-04-02,28.5,23.2,25.5,11.9,11.9,2.36,11.6,11.23,98,74,Blitar,-8.098,112.1615
2021-04-03,30.3,22.8,25.5,17.3,17.3,3.78,9.7,18.86,96,71,Blitar,-8.098,112.1615
2021-04-04,29.6,23.0,25.7,9.3,9.3,3.58,9.6,17.72,96,71,Blitar,-8.098,112.1615
2021-04-05,30.5,23.1,26.5,0.7,0.7,4.29,10.2,20.99,96,62,Blitar,-8.098,112.1615
2021-04-06,29.0,23.3,25.8,11.5,11.5,2.9,9.8,14.1,98,74,Blitar,-8.098,112.1615
2021-04-07,29.1,22.7,25.5,3.2,3.2,2.92,15.1,14.16,98,71,Blitar,-8.098,112.1615
2021-04-08,30.0,23.7,26.4,1.1,1.1,4.38,16.6,20.11,90,68,Blitar,-8.098,112.1615
2021-04-09,30.4,24.2,26.7,3.4,3.4,4.6,21.4,22.11,95,69,Blitar,-8.098,112.1615
2021-04-10,29.8,23.1,25.8,7.0,7.0,3.81,7.7,18.82,96,69,Blitar,-8.098,112.1615
2021-04-11,29.1,22.8,25.4,0.8,0.8,3.84,13.7,19.52,98,72,Blitar,-8.098,112.1615
2021-04-12,29.5,22.5,25.7,0.9,0.9,4.21,13.7,21.58,96,71,Blitar,-8.098,112.1615
2021-04-13,28.1,22.4,24.9,3.6,3.6,3.26,13.0,17.59,97,87,Blitar,-8.098,112.1615
2021-04-14,29.0,22.4,24.8,7.4,7.4,3.58,8.8,18.4,98,73,Blitar,-8.098,112.1615
2021-04-15,28.8,21.6,24.8,5.1,5.1,3.52,10.7,18.4,100,73,Blitar,-8.098,112.1615
2021-04-16,29.6,21.9,25.3,1.0,1.0,4.32,14.8,21.93,100,63,Blitar,-8.098,112.1615
2021-04-17,29.3,21.5,25.4,0.7,0.7,4.13,15.1,20.85,96,65,Blitar,-8.098,112.1615
2021-04-18,28.5,22.0,24.7,9.4,9.4,2.83,11.5,14.38,98,79,Blitar,-8.098,112.1615
2021-04-19,29.5,22.1,25.2,0.0,0.0,4.58,15.9,23.68,98,65,Blitar,-8.098,112.1615
2021-04-20,29.1,20.4,24.5,0.0,0.0,4.81,16.1,24.99,97,61,Blitar,-8.098,112.1615
2021-04-21,29.0,18.4,23.8,0.5,0.5,4.5,17.1,23.02,95,62,Blitar,-8.098,112.1615
2021-04-22,29.1,21.0,24.3,0.0,0.0,4.49,16.9,22.65,94,61,Blitar,-8.098,112.1615
2021-04-23,28.6,19.9,24.2,0.7,0.7,4.32,14.4,22.08,95,63,Blitar,-8.098,112.1615
2021-04-24,29.0,19.8,24.5,0.0,0.0,4.19,15.2,21.07,94,62,Blitar,-8.098,112.1615
2021-04-25,29.8,21.8,25.3,7.2,7.2,3.68,13.5,18.23,95,65,Blitar,-8.098,112.1615
2021-04-26,30.0,22.1,25.7,0.7,0.7,4.19,14.6,20.35,95,61,Blitar,-8.098,112.1615
2021-04-27,29.4,22.2,25.4,0.1,0.1,4.31,17.9,21.09,96,62,Blitar,-8.098,112.1615
2021-04-28,28.0,21.7,24.7,1.9,1.9,3.56,15.6,17.92,95,68,Blitar,-8.098,112.1615
2021-04-29,29.4,21.5,25.4,1.9,1.9,3.7,9.8,18.65,95,62,Blitar,-8.098,112.1615
2021-04-30,29.4,22.1,25.4,5.5,5.5,3.46,12.1,17.68,100,75,Blitar,-8.098,112.1615
2021-05-01,30.0,23.0,26.0,2.1,2.1,3.78,10.3,18.79,95,71,Blitar,-8.098,112.1615
2021-05-02,30.5,22.4,26.0,1.5,1.5,4.04,8.7,19.85,92,64,Blitar,-8.098,112.1615
2021-05-03,30.0,22.5,25.9,0.9,0.9,3.85,9.2,18.95,100,64,Blitar,-8.098,112.1615
2021-05-04,30.4,22.0,25.8,0.6,0.6,3.91,11.8,19.0,97,62,Blitar,-8.098,112.1615
2021-05-05,30.6,23.2,26.4,0.4,0.4,4.03,12.9,19.48,94,59,Blitar,-8.098,112.1615
2021-05-06,30.6,22.1,26.0,2.4,2.4,3.85,13.1,18.46,98,59,Blitar,-8.098,112.1615
2021-05-07,29.5,22.9,26.0,2.4,2.4,3.65,12.4,17.77,98,67,Blitar,-8.098,112.1615
2021-05-08,30.1,21.0,25.1,0.0,0.0,4.26,16.8,20.4,96,54,Blitar,-8.098,112.1615
2021-05-09,29.9,20.2,25.1,0.0,0.0,4.01,15.5,18.81,96,54,Blitar,-8.098,112.1615
2021-05-10,29.7,22.1,26.0,0.1,0.1,3.91,17.8,17.95,95,62,Blitar,-8.098,112.1615
2021-05-11,30.4,22.6,26.3,1.7,1.7,4.05,17.5,18.73,95,60,Blitar,-8.098,112.1615
2021-05-12,30.4,24.1,26.4,0.8,0.8,3.87,17.6,16.96,91,59,Blitar,-8.098,112.1615
2021-05-13,31.5,22.1,26.4,0.4,0.4,4.51,15.0,20.16,91,51,Blitar,-8.098,112.1615
2021-05-14,31.0,23.0,26.6,1.2,1.2,4.36,16.8,19.15,94,56,Blitar,-8.098,112.1615
2021-05-15,31.0,22.6,26.4,0.6,0.6,4.44,18.6,19.87,94,55,Blitar,-8.098,112.1615
2021-05-16,30.8,22.8,26.2,0.0,0.0,4.34,19.5,19.13,93,54,Blitar,-8.098,112.1615
2021-05-17,30.1,21.6,25.7,1.1,1.1,3.89,17.2,18.33,96,60,Blitar,-8.098,112.1615
2021-05-18,30.3,21.9,26.0,0.8,0.8,4.18,17.3,19.58,96,58,Blitar,-8.098,112.1615
2021-05-19,29.9,22.5,26.0,1.0,1.0,3.7,11.5,17.41,96,60,Blitar,-8.098,112.1615
2021-05-20,30.3,23.1,25.8,6.5,6.5,3.17,15.1,14.85,95,61,Blitar,-8.098,112.1615
2021-05-21,30.4,21.8,25.9,1.5,1.5,3.97,15.5,19.15,97,63,Blitar,-8.098,112.1615
2021-05-22,30.5,21.9,25.8,1.0,1.0,3.91,15.3,18.8,97,58,Blitar,-8.098,112.1615
2021-05-23,29.8,22.5,25.9,3.2,3.2,3.4,9.9,16.54,97,64,Blitar,-8.098,112.1615
2021-05-24,30.0,22.8,25.8,1.6,1.6,3.24,16.9,15.7,99,72,Blitar,-8.098,112.1615
2021-05-25,28.9,23.9,25.4,1.5,1.5,1.86,9.1,8.27,97,67,Blitar,-8.098,112.1615
2021-05-26,31.0,20.7,25.8,1.2,1.2,3.96,10.2,19.41,97,59,Blitar,-8.098,112.1615
2021-05-27,31.2,22.0,26.2,0.5,0.5,4.02,15.2,19.26,100,58,Blitar,-8.098,112.1615
2021-05-28,30.9,23.1,26.2,3.7,3.7,3.24,12.1,15.39,99,62,Blitar,-8.098,112.1615
2021-05-29,30.9,23.2,26.1,3.1,3.1,3.42,15.2,16.3,99,66,Blitar,-8.098,112.1615
2021-05-30,29.5,23.0,25.7,0.5,0.5,3.58,15.9,17.64,97,71,Blitar,-8.098,112.1615
2021-05-31,29.9,22.5,25.6,0.8,0.8,3.59,14.4,17.53,97,62,Blitar,-8.098,112.1615
2021-06-01,30.2,21.6,25.7,0.0,0.0,3.79,16.4,18.44,98,60,Blitar,-8.098,112.1615
2021-06-02,31.1,21.6,26.0,0.1,0.1,3.88,10.8,18.38,100,58,Blitar,-8.098,112.1615
2021-06-03,31.9,21.0,25.9,0.0,0.0,4.23,14.4,20.25,100,53,Blitar,-8.098,112.1615
2021-06-04,31.6,22.5,26.5,1.2,1.2,4.06,13.4,19.03,100,54,Blitar,-8.098,112.1615
2021-06-05,31.6,22.3,26.6,0.9,0.9,3.8,13.3,17.76,100,55,Blitar,-8.098,112.1615
2021-06-06,31.4,23.0,26.3,1.5,1.5,3.9,14.4,18.59,98,54,Blitar,-8.098,112.1615
2021-06-07,30.9,22.1,25.9,0.0,0.0,4.24,16.6,19.89,96,55,Blitar,-8.098,112.1615
2021-06-08,31.5,21.8,26.0,0.7,0.7,4.03,18.0,18.51,96,51,Blitar,-8.098,112.1615
2021-06-09,31.8,23.0,26.4,3.3,3.3,3.52,13.6,16.0,95,55,Blitar,-8.098,112.1615
2021-06-10,30.2,23.7,26.1,10.8,10.8,3.49,16.4,15.72,96,63,Blitar,-8.098,112.1615
2021-06-11,29.6,22.1,25.6,0.9,0.9,3.32,16.1,15.71,96,69,Blitar,-8.098,112.1615
2021-06-12,29.9,22.1,26.1,0.4,0.4,3.53,13.0,16.52,98,63,Blitar,-8.098,112.1615
2021-06-13,29.9,20.8,25.5,0.8,0.8,3.64,16.2,17.02,98,61,Blitar,-8.098,112.1615
2021-06-14,30.0,22.5,25.5,3.5,3.5,3.19,12.4,15.79,97,58,Blitar,-8.098,112.1615
2021-06-15,31.2,22.8,25.3,11.2,11.2,3.17,14.2,15.47,98,59,Blitar,-8.098,112.1615
2021-06-16,30.8,21.6,25.2,17.2,17.2,3.36,14.6,16.16,98,59,Blitar,-8.098,112.1615
2021-06-17,28.4,23.0,24.9,2.7,2.7,2.23,10.9,10.72,98,71,Blitar,-8.098,112.1615
2021-06-18,28.4,21.9,24.7,6.6,6.6,2.88,12.7,15.11,99,70,Blitar,-8.098,112.1615
2021-06-19,27.9,21.9,24.4,29.2,29.2,2.33,9.3,11.64,98,77,Blitar,-8.098,112.1615
2021-06-20,29.4,22.0,24.8,2.0,2.0,3.22,6.9,16.23,98,69,Blitar,-8.098,112.1615
2021-06-21,27.7,22.4,24.3,20.7,20.7,2.56,7.6,12.99,98,82,Blitar,-8.098,112.1615
2021-06-22,28.1,21.6,24.4,8.7,8.7,3.04,15.4,15.72,99,71,Blitar,-8.098,112.1615
2021-06-23,27.6,22.1,24.3,9.7,9.7,2.39,12.3,12.65,98,78,Blitar,-8.098,112.1615
2021-06-24,27.7,22.7,24.4,56.4,56.4,2.27,10.6,11.35,98,79,Blitar,-8.098,112.1615
2021-06-25,28.5,21.6,24.5,1.3,1.3,2.7,10.6,13.55,98,71,Blitar,-8.098,112.1615
2021-06-26,29.5,21.9,24.9,8.0,8.0,3.07,7.0,15.56,98,71,Blitar,-8.098,112.1615
2021-06-27,29.8,21.4,25.2,1.3,1.3,3.36,12.2,16.73,99,65,Blitar,-8.098,112.1615
2021-06-28,28.9,22.5,25.0,4.9,4.9,2.68,7.6,13.28,98,71,Blitar,-8.098,112.1615
2021-06-29,29.1,21.8,25.0,2.0,2.0,3.55,11.8,18.24,100,69,Blitar,-8.098,112.1615
2021-06-30,29.2,20.9,25.1,1.7,1.7,3.5,11.5,17.15,98,63,Blitar,-8.098,112.1615
2021-07-01,29.5,21.5,25.0,0.0,0.0,3.94,16.2,19.57,94,61,Blitar,-8.098,112.1615
2021-07-02,29.5,20.8,24.8,0.0,0.0,3.75,16.3,18.27,95,56,Blitar,-8.098,112.1615
2021-07-03,27.9,22.2,24.6,0.7,0.7,3.25,16.8,16.26,96,66,Blitar,-8.098,112.1615
2021-07-04,27.9,20.6,24.1,1.5,1.5,3.48,18.9,17.56,97,65,Blitar,-8.098,112.1615
2021-07-05,28.2,20.6,23.9,0.0,0.0,4.15,21.1,20.95,96,60,Blitar,-8.098,112.1615
2021-07-06,27.8,19.5,23.4,0.0,0.0,4.06,14.7,20.34,93,55,Blitar,-8.098,112.1615
2021-07-07,28.5,18.0,23.4,0.0,0.0,3.82,18.4,19.28,97,58,Blitar,-8.098,112.1615
2021-07-08,29.0,20.9,24.8,0.2,0.2,3.44,13.3,16.4,96,62,Blitar,-8.098,112.1615
2021-07-09,29.3,21.5,24.9,1.9,1.9,3.33,14.2,16.75,99,62,Blitar,-8.098,112.1615
2021-07-10,29.5,22.6,25.3,10.5,10.5,2.91,9.1,14.45,100,69,Blitar,-8.098,112.1615
2021-07-11,31.0,22.0,25.7,0.0,0.0,3.95,13.1,19.26,98,53,Blitar,-8.098,112.1615
2021-07-12,30.0,21.2,25.3,0.2,0.2,3.64,14.3,17.47,100,61,Blitar,-8.098,112.1615
2021-07-13,28.8,22.5,24.9,0.3,0.3,3.68,22.9,18.09,96,60,Blitar,-8.098,112.1615
2021-07-14,28.8,21.6,24.8,0.2,0.2,3.87,20.4,18.42,95,58,Blitar,-8.098,112.1615
2021-07-15,28.1,21.7,24.5,0.0,0.0,3.94,24.2,17.81,93,58,Blitar,-8.098,112.1615
2021-07-16,28.2,20.5,24.1,0.0,0.0,3.47,16.5,15.97,91,59,Blitar,-8.098,112.1615
2021-07-17,29.0,21.1,24.4,1.5,1.5,3.74,18.7,17.59,93,60,Blitar,-8.098,112.1615
2021-07-18,29.0,20.4,24.5,0.0,0.0,3.92,19.7,18.3,94,57,Blitar,-8.098,112.1615
2021-07-19,29.6,21.6,25.0,0.0,0.0,3.69,18.4,17.7,96,57,Blitar,-8.098,112.1615
2021-07-20,30.9,22.0,25.6,0.1,0.1,4.0,15.8,19.03,96,54,Blitar,-8.098,112.1615
2021-07-21,30.2,21.4,25.3,0.0,0.0,4.37,16.4,20.48,98,55,Blitar,-8.098,112.1615
2021-07-22,29.6,19.5,24.6,0.0,0.0,3.95,16.9,18.51,99,53,Blitar,-8.098,112.1615
2021-07-23,28.3,22.5,25.1,1.9,1.9,3.59,21.7,16.8,95,66,Blitar,-8.098,112.1615
2021-07-24,29.8,21.2,24.9,0.0,0.0,4.61,16.3,21.69,94,51,Blitar,-8.098,112.1615
2021-07-25,29.4,19.6,23.9,0.0,0.0,4.44,20.2,21.11,96,56,Blitar,-8.098,112.1615
2021-07-26,29.9,17.4,23.3,0.0,0.0,4.44,17.4,22.26,100,52,Blitar,-8.098,112.1615
2021-07-27,29.7,17.8,23.7,0.0,0.0,4.36,18.4,20.92,100,52,Blitar,-8.098,112.1615
2021-07-28,28.8,21.0,24.6,0.5,0.5,3.83,18.8,17.42,97,57,Blitar,-8.098,112.1615
2021-07-29,30.5,21.0,24.8,0.8,0.8,4.16,21.7,19.37,97,49,Blitar,-8.098,112.1615
2021-07-30,29.1,22.1,25.0,2.8,2.8,3.57,17.6,16.82,97,61,Blitar,-8.098,112.1615
2021-07-31,29.1,22.2,24.9,3.1,3.1,3.67,20.8,16.94,96,60,Blitar,-8.098,112.1615
2021-08-01,27.9,22.0,24.5,2.6,2.6,3.66,22.7,17.58,96,67,Blitar,-8.098,112.1615
2021-08-02,27.0,22.0,24.1,3.9,3.9,3.22,19.8,16.92,95,69,Blitar,-8.098,112.1615
2021-08-03,27.0,22.3,24.1,8.4,8.4,2.37,19.2,12.03,97,74,Blitar,-8.098,112.1615
2021-08-04,29.4,22.2,25.1,1.5,1.5,3.46,16.8,16.62,97,69,Blitar,-8.098,112.1615
2021-08-05,30.4,22.1,25.2,1.5,1.5,3.81,15.3,18.2,96,56,Blitar,-8.098,112.1615
2021-08-06,31.6,20.8,25.9,0.1,0.1,4.4,14.3,20.9,97,53,Blitar,-8.098,112.1615
2021-08-07,30.9,21.2,25.6,0.6,0.6,4.12,16.3,19.72,99,54,Blitar,-8.098,112.1615
2021-08-08,31.0,21.5,25.7,1.3,1.3,4.26,15.8,20.15,100,57,Blitar,-8.098,112.1615
2021-08-09,30.2,22.1,25.8,1.0,1.0,4.01,17.2,18.49,97,57,Blitar,-8.098,112.1615
2021-08-10,29.5,22.0,25.0,0.9,0.9,4.29,22.7,20.01,97,60,Blitar,-8.098,112.1615
2021-08-11,29.6,20.8,24.5,0.0,0.0,4.6,22.4,20.48,93,50,Blitar,-8.098,112.1615
2021-08-12,28.9,21.2,24.6,2.0,2.0,3.81,24.7,17.77,95,63,Blitar,-8.098,112.1615
2021-08-13,29.1,22.0,24.7,12.7,12.7,3.49,17.1,16.9,96,61,Blitar,-8.098,112.1615
2021-08-14,29.2,22.5,25.0,3.3,3.3,3.74,18.3,18.36,97,63,Blitar,-8.098,112.1615
2021-08-15,30.0,22.4,25.3,2.0,2.0,4.1,13.0,20.17,96,60,Blitar,-8.098,112.1615
2021-08-16,29.2,21.6,24.9,0.1,0.1,4.29,21.0,20.82,95,61,Blitar,-8.098,112.1615
2021-08-17,29.0,21.2,24.9,0.5,0.5,3.92,16.3,18.9,95,60,Blitar,-8.098,112.1615
2021-08-18,29.0,21.8,25.0,1.4,1.4,3.83,18.3,18.33,97,63,Blitar,-8.098,112.1615
2021-08-19,28.5,22.6,24.8,0.4,0.4,4.4,19.9,21.37,91,59,Blitar,-8.098,112.1615
2021-08-20,27.7,21.4,24.2,6.4,6.4,3.28,17.4,16.9,94,67,Blitar,-8.098,112.1615
2021-08-21,28.2,21.8,24.5,1.5,1.5,3.55,20.3,18.02,96,71,Blitar,-8.098,112.1615
2021-08-22,28.6,21.6,24.7,1.0,1.0,4.11,20.9,19.96,98,64,Blitar,-8.098,112.1615
2021-08-23,29.5,20.7,24.5,0.0,0.0,4.51,23.1,22.04,97,52,Blitar,-8.098,112.1615
2021-08-24,28.5,21.9,24.5,0.3,0.3,4.29,21.9,20.86,96,59,Blitar,-8.098,112.1615
2021-08-25,27.9,21.7,24.3,0.7,0.7,4.08,22.9,19.36,97,62,Blitar,-8.098,112.1615
2021-08-26,28.6,21.5,24.3,0.0,0.0,4.6,22.3,21.62,94,51,Blitar,-8.098,112.1615
2021-08-27,27.1,18.8,23.6,3.0,3.0,3.66,22.1,18.0,99,66,Blitar,-8.098,112.1615
2021-08-28,29.2,21.0,24.7,0.7,0.7,4.21,21.8,19.44,95,59,Blitar,-8.098,112.1615
2021-08-29,29.2,21.5,24.8,2.3,2.3,3.98,22.5,18.92,96,59,Blitar,-8.098,112.1615
2021-08-30,30.2,21.8,25.3,1.6,1.6,4.18,21.1,18.99,95,55,Blitar,-8.098,112.1615
2021-08-31,29.8,22.3,25.1,0.3,0.3,3.9,19.2,18.3,94,59,Blitar,-8.098,112.1615
2021-09-01,29.9,22.1,25.1,0.0,0.0,4.79,20.9,22.26,95,55,Blitar,-8.098,112.1615
2021-09-02,28.8,20.8,24.4,0.8,0.8,4.31,24.2,19.97,93,52,Blitar,-8.098,112.1615
2021-09-03,28.1,22.0,24.4,2.4,2.4,3.95,22.9,18.59,93,60,Blitar,-8.098,112.1615
2021-09-04,27.5,21.5,24.3,1.8,1.8,3.86,22.6,18.37,96,66,Blitar,-8.098,112.1615
2021-09-05,29.0,21.4,24.6,0.5,0.5,3.33,20.0,13.96,96,59,Blitar,-8.098,112.1615
2021-09-06,31.0,20.8,25.4,1.0,1.0,4.67,18.4,21.65,97,53,Blitar,-8.098,112.1615
2021-09-07,29.9,22.9,25.5,1.5,1.5,4.41,23.0,21.16,97,58,Blitar,-8.098,112.1615
2021-09-08,30.4,22.0,25.3,1.1,1.1,5.09,25.4,23.95,96,52,Blitar,-8.098,112.1615
2021-09-09,29.7,19.5,24.5,1.0,1.0,4.43,22.8,20.25,95,52,Blitar,-8.098,112.1615
2021-09-10,30.2,21.4,25.4,2.3,2.3,4.67,21.5,21.55,97,54,Blitar,-8.098,112.1615
2021-09-11,30.5,23.2,25.6,7.6,7.6,3.77,18.5,17.1,95,60,Blitar,-8.098,112.1615
2021-09-12,27.0,22.5,24.1,8.0,8.0,1.99,13.4,9.41,97,73,Blitar,-8.098,112.1615
2021-09-13,30.5,21.6,25.1,12.0,12.0,3.56,12.2,17.69,98,62,Blitar,-8.098,112.1615
2021-09-14,29.6,23.0,25.1,43.5,43.5,3.07,13.9,15.39,99,72,Blitar,-8.098,112.1615
2021-09-15,29.7,22.5,25.0,24.2,24.2,3.92,12.8,19.99,97,68,Blitar,-8.098,112.1615
2021-09-16,29.2,22.5,25.2,2.2,2.2,4.26,14.8,21.57,97,64,Blitar,-8.098,112.1615
2021-09-17,29.3,22.3,25.1,2.6,2.6,4.2,20.2,21.21,96,65,Blitar,-8.098,112.1615
2021-09-18,28.9,22.4,25.1,0.9,0.9,4.15,21.9,20.71,96,68,Blitar,-8.098,112.1615
2021-09-19,28.0,21.4,24.7,1.8,1.8,4.29,24.4,21.71,97,67,Blitar,-8.098,112.1615
2021-09-20,28.4,21.8,24.6,0.2,0.2,4.02,20.4,20.3,96,63,Blitar,-8.098,112.1615
2021-09-21,28.2,22.0,24.7,5.5,5.5,3.3,16.3,16.65,97,68,Blitar,-8.098,112.1615
2021-09-22,30.0,21.2,25.1,2.6,2.6,4.51,15.6,22.67,99,58,Blitar,-8.098,112.1615
2021-09-23,30.5,22.2,25.6,0.4,0.4,4.3,15.8,20.69,96,62,Blitar,-8.098,112.1615
2021-09-24,29.6,23.1,24.8,16.2,16.2,2.97,12.4,14.46,96,68,Blitar,-8.098,112.1615
2021-09-25,29.4,21.4,25.1,2.2,2.2,4.24,17.0,21.02,99,64,Blitar,-8.098,112.1615
2021-09-26,29.1,22.8,25.2,2.0,2.0,3.32,18.8,15.41,93,68,Blitar,-8.098,112.1615
2021-09-27,29.0,21.8,24.9,0.0,0.0,4.43,21.2,21.53,93,62,Blitar,-8.098,112.1615
2021-09-28,27.8,21.8,24.5,0.0,0.0,4.34,19.9,21.16,92,63,Blitar,-8.098,112.1615
2021-09-29,29.2,21.1,24.6,0.0,0.0,4.26,21.3,21.06,97,63,Blitar,-8.098,112.1615
2021-09-30,28.3,22.5,24.9,1.6,1.6,4.0,19.8,20.19,98,70,Blitar,-8.098,112.1615
2021-10-01,29.0,21.7,24.6,2.9,2.9,4.12,18.5,21.43,98,66,Blitar,-8.098,112.1615
2021-10-02,29.6,20.8,24.5,1.0,1.0,3.81,15.9,18.3,100,59,Blitar,-8.098,112.1615
2021-10-03,28.4,21.8,24.7,0.7,0.7,3.88,20.2,19.32,97,66,Blitar,-8.098,112.1615
2021-10-04,27.3,21.8,24.3,0.3,0.3,3.45,18.1,17.21,97,71,Blitar,-8.098,112.1615
2021-10-05,27.5,21.6,24.3,0.1,0.1,4.03,21.4,20.16,96,66,Blitar,-8.098,112.1615
2021-10-06,27.5,21.6,24.1,0.2,0.2,3.97,19.6,18.84,94,63,Blitar,-8.098,112.1615
2021-10-07,27.0,21.0,23.9,0.9,0.9,3.24,19.7,15.49,93,67,Blitar,-8.098,112.1615
2021-10-08,28.4,21.0,24.3,2.0,2.0,3.98,23.1,20.01,95,65,Blitar,-8.098,112.1615
2021-10-09,28.2,22.0,24.8,3.3,3.3,3.92,22.1,19.48,96,66,Blitar,-8.098,112.1615
2021-10-10,29.5,22.5,25.3,1.2,1.2,4.19,22.0,20.34,97,62,Blitar,-8.098,112.1615
2021-10-11,29.4,21.7,24.9,0.1,0.1,4.31,21.2,21.28,99,59,Blitar,-8.098,112.1615
2021-10-12,30.3,21.8,25.2,0.5,0.5,5.02,19.6,24.44,98,55,Blitar,-8.098,112.1615
2021-10-13,30.0,21.4,25.2,0.1,0.1,5.04,19.6,24.1,96,55,Blitar,-8.098,112.1615
2021-10-14,29.7,22.0,25.3,0.0,0.0,4.73,18.4,22.6,91,63,Blitar,-8.098,112.1615
2021-10-15,29.4,21.3,25.3,1.0,1.0,4.24,15.1,20.44,94,67,Blitar,-8.098,112.1615
2021-10-16,29.5,23.3,26.0,2.6,2.6,4.22,18.4,19.76,95,65,Blitar,-8.098,112.1615
2021-10-17,29.8,23.0,25.9,3.4,3.4,3.64,17.2,17.25,96,65,Blitar,-8.098,112.1615
2021-10-18,31.2,22.4,25.4,26.0,26.0,3.96,13.6,19.4,98,61,Blitar,-8.098,112.1615
2021-10-19,30.0,21.5,25.5,1.5,1.5,4.12,15.9,20.44,98,64,Blitar,-8.098,112.1615
2021-10-20,29.9,23.0,25.9,3.4,3.4,4.39,16.6,21.86,98,69,Blitar,-8.098,112.1615
2021-10-21,30.5,21.9,25.8,3.9,3.9,4.41,18.2,21.53,98,64,Blitar,-8.098,112.1615
2021-10-22,30.0,23.0,25.8,4.1,4.1,4.35,17.6,21.68,97,67,Blitar,-8.098,112.1615
2021-10-23,30.8,21.3,25.9,0.3,0.3,4.59,18.4,22.08,97,62,Blitar,-8.098,112.1615
2021-10-24,29.6,21.8,26.0,0.4,0.4,4.38,18.0,21.09,97,70,Blitar,-8.098,112.1615
2021-10-25,29.2,23.4,26.0,0.1,0.1,3.6,18.9,16.38,92,68,Blitar,-8.098,112.1615
2021-10-26,29.2,23.0,25.9,2.0,2.0,4.14,16.2,19.86,95,67,Blitar,-8.098,112.1615
2021-10-27,30.1,22.8,25.1,40.9,40.9,2.78,13.6,13.45,98,67,Blitar,-8.098,112.1615
2021-10-28,29.0,23.2,25.4,6.4,6.4,3.2,15.4,16.15,98,73,Blitar,-8.098,112.1615
2021-10-29,28.6,23.0,25.2,9.8,9.8,3.57,15.6,18.76,99,76,Blitar,-8.098,112.1615
2021-10-30,28.6,23.0,25.2,7.5,7.5,2.92,14.7,14.69,96,75,Blitar,-8.098,112.1615
2021-10-31,29.2,22.4,24.9,17.2,17.2,3.03,9.8,15.41,97,74,Blitar,-8.098,112.1615
2021-11-01,29.0,22.5,24.9,49.6,49.6,3.49,7.2,17.27,98,73,Blitar,-8.098,112.1615
2021-11-02,27.4,22.0,24.3,5.5,5.5,2.69,16.2,14.06,98,81,Blitar,-8.098,112.1615
2021-11-03,30.0,22.0,25.2,13.0,13.0,3.75,10.9,18.39,97,70,Blitar,-8.098,112.1615
2021-11-04,29.2,22.0,25.1,7.3,7.3,3.17,18.5,16.23,97,75,Blitar,-8.098,112.1615
2021-11-05,29.8,23.0,25.2,11.9,11.9,3.25,5.7,15.88,98,67,Blitar,-8.098,112.1615
2021-11-06,30.4,21.9,25.4,25.4,25.4,3.73,9.4,18.39,98,67,Blitar,-8.098,112.1615
2021-11-07,31.2,22.6,25.4,23.0,23.0,3.9,8.0,19.02,100,67,Blitar,-8.098,112.1615
2021-11-08,29.5,22.2,25.2,3.6,3.6,3.48,11.2,17.22,99,69,Blitar,-8.098,112.1615
2021-11-09,29.4,22.6,25.7,5.5,5.5,3.51,10.6,17.4,97,77,Blitar,-8.098,112.1615
2021-11-10,26.8,22.6,24.3,15.0,15.0,2.02,15.5,10.29,98,81,Blitar,-8.098,112.1615
2021-11-11,26.4,22.4,23.7,37.4,37.4,1.78,14.8,9.16,99,83,Blitar,-8.098,112.1615
2021-11-12,27.1,23.1,24.8,3.3,3.3,2.24,13.2,10.81,96,79,Blitar,-8.098,112.1615
2021-11-13,27.6,23.4,25.0,14.5,14.5,2.52,11.5,12.23,96,79,Blitar,-8.098,112.1615
2021-11-14,26.2,22.5,24.3,8.9,8.9,1.79,10.0,8.66,99,82,Blitar,-8.098,112.1615
2021-11-15,28.1,22.2,24.6,16.8,16.8,2.5,9.7,11.83,96,72,Blitar,-8.098,112.1615
2021-11-16,28.8,21.5,24.5,17.8,17.8,3.17,9.4,15.75,97,71,Blitar,-8.098,112.1615
2021-11-17,29.2,22.1,25.1,9.5,9.5,3.38,10.9,16.93,97,68,Blitar,-8.098,112.1615
2021-11-18,29.3,22.2,25.1,21.1,21.1,3.53,11.1,17.6,98,69,Blitar,-8.098,112.1615
2021-11-19,29.0,22.0,24.7,30.0,30.0,3.27,9.3,16.47,99,72,Blitar,-8.098,112.1615
2021-11-20,25.8,22.1,24.0,13.5,13.5,1.5,9.4,7.12,98,86,Blitar,-8.098,112.1615
2021-11-21,29.7,22.0,25.1,15.2,15.2,3.65,12.0,18.54,99,74,Blitar,-8.098,112.1615
2021-11-22,30.6,22.5,25.4,21.3,21.3,3.57,13.3,17.75,98,67,Blitar,-8.098,112.1615
2021-11-23,29.1,22.2,24.7,34.7,34.7,2.68,9.5,13.28,100,77,Blitar,-8.098,112.1615
2021-11-24,28.6,22.5,25.2,8.4,8.4,3.44,11.4,17.71,97,78,Blitar,-8.098,112.1615
2021-11-25,27.9,22.6,24.9,9.3,9.3,3.48,13.4,18.1,96,78,Blitar,-8.098,112.1615
2021-11-26,26.5,22.7,24.5,12.9,12.9,2.28,15.1,11.7,96,84,Blitar,-8.098,112.1615
2021-11-27,27.9,22.6,25.0,6.6,6.6,2.97,12.9,15.19,99,79,Blitar,-8.098,112.1615
2021-11-28,26.2,22.9,24.3,6.8,6.8,1.67,12.4,7.62,94,78,Blitar,-8.098,112.1615
2021-11-29,27.9,21.8,24.4,3.7,3.7,3.27,12.9,16.76,95,76,Blitar,-8.098,112.1615
2021-11-30,28.6,21.5,24.6,9.0,9.0,3.65,14.9,18.57,96,71,Blitar,-8.098,112.1615
2021-12-01,26.4,21.9,23.9,35.2,35.2,2.14,14.4,11.06,99,84,Blitar,-8.098,112.1615
2021-12-02,28.7,22.2,25.3,15.4,15.4,3.85,17.7,19.66,98,74,Blitar,-8.098,112.1615
2021-12-03,28.3,22.8,24.8,19.3,19.3,2.62,13.0,12.88,98,75,Blitar,-8.098,112.1615
2021-12-04,27.5,22.9,24.5,25.1,25.1,1.84,8.2,8.65,98,82,Blitar,-8.098,112.1615
2021-12-05,28.1,23.0,24.5,21.8,21.8,2.36,10.3,11.73,97,79,Blitar,-8.098,112.1615
2021-12-06,27.1,22.8,24.8,6.1,6.1,2.16,11.2,10.32,96,81,Blitar,-8.098,112.1615
2021-12-07,30.5,23.4,26.2,14.1,14.1,4.19,13.0,19.84,91,67,Blitar,-8.098,112.1615
2021-12-08,31.0,23.1,25.7,10.2,10.2,4.16,12.1,20.52,91,67,Blitar,-8.098,112.1615
2021-12-09,29.1,22.3,25.5,5.9,5.9,4.28,15.9,21.74,97,71,Blitar,-8.098,112.1615
2021-12-10,29.6,22.8,25.5,2.0,2.0,4.35,16.6,22.22,97,73,Blitar,-8.098,112.1615
2021-12-11,29.1,21.3,25.1,18.0,18.0,3.95,16.1,20.53,98,75,Blitar,-8.098,112.1615
2021-12-12,28.5,22.4,24.9,14.5,14.5,3.69,17.7,19.29,98,71,Blitar,-8.098,112.1615
2021-12-13,29.1,22.1,25.5,0.3,0.3,4.44,19.0,22.62,99,70,Blitar,-8.098,112.1615
2021-12-14,28.2,22.6,25.3,3.6,3.6,3.2,15.1,16.18,97,75,Blitar,-8.098,112.1615
2021-12-15,26.5,23.2,24.9,20.0,20.0,2.09,12.7,10.45,96,82,Blitar,-8.098,112.1615
2021-12-16,28.4,23.1,25.0,16.0,16.0,2.69,10.9,13.59,98,82,Blitar,-8.098,112.1615
2021-12-17,29.5,22.3,25.1,72.6,72.6,2.77,12.3,13.68,99,74,Blitar,-8.098,112.1615
2021-12-18,28.6,23.0,25.1,9.1,9.1,2.86,14.3,14.4,98,82,Blitar,-8.098,112.1615
2021-12-19,30.3,22.5,25.3,13.3,13.3,3.27,10.9,15.93,98,70,Blitar,-8.098,112.1615
2021-12-20,27.8,22.7,24.5,16.5,16.5,2.22,9.7,10.84,98,82,Blitar,-8.098,112.1615
2021-12-21,28.6,23.1,25.5,9.3,9.3,3.43,23.6,17.51,98,76,Blitar,-8.098,112.1615
2021-12-22,31.2,22.4,26.4,1.7,1.7,4.64,14.2,22.4,95,59,Blitar,-8.098,112.1615
2021-12-23,29.5,23.1,25.3,22.5,22.5,3.73,11.0,18.78,97,77,Blitar,-8.098,112.1615
2021-12-24,29.2,22.4,25.2,2.6,2.6,3.58,11.6,17.79,99,72,Blitar,-8.098,112.1615
2021-12-25,28.6,22.0,25.4,4.5,4.5,3.43,10.5,17.32,96,75,Blitar,-8.098,112.1615
2021-12-26,28.0,22.9,25.3,4.3,4.3,3.34,15.9,17.33,95,78,Blitar,-8.098,112.1615
2021-12-27,29.5,22.6,25.5,5.0,5.0,4.25,16.4,21.53,96,68,Blitar,-8.098,112.1615
2021-12-28,29.4,22.5,25.4,1.0,1.0,4.31,13.6,22.09,98,71,Blitar,-8.098,112.1615
2021-12-29,28.3,21.8,25.1,6.6,6.6,3.64,13.5,18.78,98,75,Blitar,-8.098,112.1615
2021-12-30,28.0,22.0,24.7,26.4,26.4,2.84,11.9,14.68,98,80,Blitar,-8.098,112.1615
2021-12-31,28.4,22.1,24.9,25.2,25.2,3.27,11.8,16.83,99,77,Blitar,-8.098,112.1615
2022-01-01,29.5,22.0,24.8,21.9,21.9,3.88,11.8,19.66,96,67,Blitar,-8.098,112.1615
2022-01-02,27.8,21.9,24.2,8.2,8.2,3.27,17.6,17.36,97,79,Blitar,-8.098,112.1615
2022-01-03,28.8,21.6,25.2,0.4,0.4,4.81,17.2,24.46,96,62,Blitar,-8.098,112.1615
2022-01-04,29.0,21.9,25.0,1.1,1.1,4.25,14.4,21.69,96,67,Blitar,-8.098,112.1615
2022-01-05,29.0,22.0,25.3,0.9,0.9,4.56,13.5,23.05,92,65,Blitar,-8.098,112.1615
2022-01-06,29.5,23.0,26.2,0.0,0.0,5.25,14.6,26.19,87,61,Blitar,-8.098,112.1615
2022-01-07,30.0,21.6,26.2,0.4,0.4,4.96,19.1,23.66,91,52,Blitar,-8.098,112.1615
2022-01-08,29.8,22.2,25.9,0.7,0.7,4.59,10.6,22.2,91,61,Blitar,-8.098,112.1615
2022-01-09,27.6,22.3,25.1,17.5,17.5,3.74,12.0,19.4,96,72,Blitar,-8.098,112.1615
2022-01-10,29.5,22.1,25.1,12.8,12.8,3.62,9.9,18.0,98,71,Blitar,-8.098,112.1615
2022-01-11,29.3,22.4,24.8,23.2,23.2,3.13,12.8,15.75,95,73,Blitar,-8.098,112.1615
2022-01-12,28.5,23.2,25.1,2.5,2.5,3.09,26.6,14.34,92,71,Blitar,-8.098,112.1615
2022-01-13,28.9,23.0,25.0,21.8,21.8,3.06,12.6,14.57,96,72,Blitar,-8.098,112.1615
2022-01-14,29.5,21.6,25.6,1.7,1.7,3.94,12.3,19.07,95,66,Blitar,-8.098,112.1615
2022-01-15,29.2,23.0,25.5,20.5,20.5,3.24,13.7,15.98,95,71,Blitar,-8.098,112.1615
2022-01-16,29.4,23.0,25.2,7.2,7.2,3.42,16.4,16.95,95,68,Blitar,-8.098,112.1615
2022-01-17,29.1,23.0,25.0,9.7,9.7,3.86,15.0,19.63,96,72,Blitar,-8.098,112.1615
2022-01-18,28.4,22.2,24.1,18.5,18.5,3.0,11.7,15.48,98,73,Blitar,-8.098,112.1615
2022-01-19,29.4,22.0,24.4,23.1,23.1,3.99,14.1,20.79,96,75,Blitar,-8.098,112.1615
2022-01-20,26.4,21.8,23.5,22.6,22.6,1.84,10.5,9.03,99,83,Blitar,-8.098,112.1615
2022-01-21,28.9,22.1,24.4,12.8,12.8,3.16,11.2,15.5,96,70,Blitar,-8.098,112.1615
2022-01-22,29.0,21.7,24.6,24.5,24.5,3.65,15.0,18.81,96,74,Blitar,-8.098,112.1615
2022-01-23,29.4,22.5,25.5,7.4,7.4,4.24,14.2,21.97,97,73,Blitar,-8.098,112.1615
2022-01-24,30.7,22.0,25.9,0.0,0.0,5.15,14.4,25.12,96,58,Blitar,-8.098,112.1615
2022-01-25,30.4,23.0,25.8,12.6,12.6,4.2,20.5,21.29,92,69,Blitar,-8.098,112.1615
2022-01-26,29.7,23.6,26.0,6.2,6.2,4.0,20.7,20.26,93,71,Blitar,-8.098,112.1615
2022-01-27,28.6,22.5,25.2,4.9,4.9,3.4,11.9,17.26,96,70,Blitar,-8.098,112.1615
2022-01-28,27.3,23.0,24.9,18.5,18.5,2.63,10.4,13.31,96,78,Blitar,-8.098,112.1615
2022-01-29,29.2,22.9,24.9,20.3,20.3,3.39,11.6,16.84,96,70,Blitar,-8.098,112.1615
2022-01-30,28.9,22.7,25.2,6.9,6.9,3.87,10.0,19.35,96,72,Blitar,-8.098,112.1615
2022-01-31,29.8,22.0,25.1,7.6,7.6,4.21,13.3,21.28,96,66,Blitar,-8.098,112.1615
2022-02-01,29.1,22.5,25.0,32.0,32.0,3.71,12.6,18.61,97,70,Blitar,-8.098,112.1615
2022-02-02,30.2,22.8,25.6,1.6,1.6,4.69,19.6,23.94,96,66,Blitar,-8.098,112.1615
2022-02-03,30.8,21.8,25.3,10.5,10.5,4.45,9.2,22.27,96,65,Blitar,-8.098,112.1615
2022-02-04,29.8,21.6,24.8,24.2,24.2,3.82,14.8,19.14,98,72,Blitar,-8.098,112.1615
2022-02-05,27.5,22.1,24.5,19.9,19.9,3.14,11.5,16.03,98,83,Blitar,-8.098,112.1615
2022-02-06,28.6,22.6,25.2,8.3,8.3,3.57,15.3,17.76,94,73,Blitar,-8.098,112.1615
2022-02-07,28.9,24.2,26.0,0.5,0.5,4.28,26.9,20.12,87,74,Blitar,-8.098,112.1615
2022-02-08,30.0,23.4,26.1,5.7,5.7,4.31,25.0,19.52,95,66,Blitar,-8.098,112.1615
2022-02-09,28.7,22.3,24.9,24.9,24.9,3.27,9.4,16.44,98,77,Blitar,-8.098,112.1615
2022-02-10,29.3,22.6,25.4,8.0,8.0,3.75,13.5,17.97,96,66,Blitar,-8.098,112.1615
2022-02-11,29.0,23.8,25.8,0.5,0.5,2.91,13.7,13.11,92,69,Blitar,-8.098,112.1615
2022-02-12,29.0,24.1,25.7,7.5,7.5,3.08,16.6,13.71,94,74,Blitar,-8.098,112.1615
2022-02-13,29.2,23.0,25.3,10.2,10.2,3.56,17.9,17.23,97,72,Blitar,-8.098,112.1615
2022-02-14,26.0,22.5,24.1,11.7,11.7,1.4,11.3,6.36,98,84,Blitar,-8.098,112.1615
2022-02-15,26.0,22.1,23.6,25.8,25.8,1.77,12.2,8.91,98,82,Blitar,-8.098,112.1615
2022-02-16,28.5,22.0,24.3,18.9,18.9,3.54,10.5,18.05,99,72,Blitar,-8.098,112.1615
2022-02-17,29.1,21.5,24.4,16.9,16.9,3.13,12.2,15.69,98,74,Blitar,-8.098,112.1615
2022-02-18,28.1,22.6,24.7,13.3,13.3,3.1,12.2,15.73,98,78,Blitar,-8.098,112.1615
2022-02-19,29.9,21.5,24.8,11.4,11.4,3.87,9.2,19.5,98,70,Blitar,-8.098,112.1615
2022-02-20,28.0,22.0,24.7,23.3,23.3,3.36,13.3,17.81,98,79,Blitar,-8.098,112.1615
2022-02-21,28.2,22.1,24.6,5.8,5.8,3.43,17.1,17.88,96,77,Blitar,-8.098,112.1615
2022-02-22,28.7,20.4,24.6,5.2,5.2,4.22,22.9,21.07,99,68,Blitar,-8.098,112.1615
2022-02-23,29.2,21.4,25.0,0.5,0.5,5.01,19.0,26.24,96,70,Blitar,-8.098,112.1615
2022-02-24,28.0,21.1,24.1,10.4,10.4,3.68,15.6,19.79,95,78,Blitar,-8.098,112.1615
2022-02-25,29.0,21.4,24.6,18.2,18.2,4.16,13.2,21.35,97,66,Blitar,-8.098,112.1615
2022-02-26,29.2,22.4,25.2,6.0,6.0,3.98,12.9,20.09,95,70,Blitar,-8.098,112.1615
2022-02-27,29.3,23.6,25.6,11.8,11.8,4.22,19.8,21.46,90,73,Blitar,-8.098,112.1615
2022-02-28,28.9,24.0,25.8,1.4,1.4,4.27,26.9,20.87,91,72,Blitar,-8.098,112.1615
2022-03-01,29.0,23.7,25.5,8.2,8.2,3.97,22.4,20.07,94,72,Blitar,-8.098,112.1615
2022-03-02,29.1,23.0,25.2,11.9,11.9,3.63,17.5,18.5,92,72,Blitar,-8.098,112.1615
2022-03-03,29.3,22.5,25.2,21.5,21.5,3.57,11.7,18.14,98,74,Blitar,-8.098,112.1615
2022-03-04,28.5,22.5,25.1,5.9,5.9,3.47,14.2,17.84,98,74,Blitar,-8.098,112.1615
2022-03-05,28.7,22.9,25.2,11.5,11.5,3.53,15.3,18.08,96,74,Blitar,-8.098,112.1615
2022-03-06,28.7,23.2,25.1,6.3,6.3,3.21,18.1,16.57,96,71,Blitar,-8.098,112.1615
2022-03-07,28.5,22.9,24.5,18.2,18.2,3.04,13.3,15.52,96,77,Blitar,-8.098,112.1615
2022-03-08,27.9,22.2,24.6,3.2,3.2,3.14,16.0,16.14,98,76,Blitar,-8.098,112.1615
2022-03-09,28.1,22.5,24.9,15.7,15.7,3.34,9.8,17.03,98,79,Blitar,-8.098,112.1615
2022-03-10,27.9,22.5,24.4,37.8,37.8,2.27,12.0,11.12,98,82,Blitar,-8.098,112.1615
2022-03-11,30.0,22.8,25.3,25.6,25.6,3.92,16.8,20.22,98,71,Blitar,-8.098,112.1615
2022-03-12,29.0,22.5,25.3,6.6,6.6,3.69,20.9,19.4,99,73,Blitar,-8.098,112.1615
2022-03-13,29.0,22.0,25.0,14.7,14.7,3.5,12.3,17.68,98,76,Blitar,-8.098,112.1615
2022-03-14,29.8,22.2,25.4,34.4,34.4,3.97,16.4,20.49,98,71,Blitar,-8.098,112.1615
2022-03-15,28.5,22.5,24.6,37.3,37.3,3.32,11.9,16.98,99,80,Blitar,-8.098,112.1615
2022-03-16,28.5,22.5,24.7,14.7,14.7,2.93,10.1,15.15,99,83,Blitar,-8.098,112.1615
2022-03-17,30.2,21.8,25.6,6.6,6.6,3.94,9.7,19.77,98,73,Blitar,-8.098,112.1615
2022-03-18,29.9,22.4,25.7,3.2,3.2,4.47,12.1,22.91,100,73,Blitar,-8.098,112.1615
2022-03-19,28.4,22.6,24.6,13.1,13.1,3.31,17.8,17.72,97,78,Blitar,-8.098,112.1615
2022-03-20,29.0,22.6,24.8,15.9,15.9,3.28,10.1,16.78,97,79,Blitar,-8.098,112.1615
2022-03-21,29.5,22.1,25.1,1.3,1.3,3.51,14.7,17.6,97,72,Blitar,-8.098,112.1615
2022-03-22,28.7,22.7,25.4,1.2,1.2,3.79,22.3,19.52,93,74,Blitar,-8.098,112.1615
2022-03-23,29.5,22.0,25.0,16.7,16.7,3.57,14.6,18.38,96,73,Blitar,-8.098,112.1615
2022-03-24,30.4,22.6,25.5,7.5,7.5,4.25,16.1,21.44,97,67,Blitar,-8.098,112.1615
2022-03-25,29.8,21.9,25.3,15.4,15.4,3.55,7.3,17.58,96,72,Blitar,-8.098,112.1615
2022-03-26,29.5,22.8,25.2,21.4,21.4,3.59,9.4,17.74,97,75,Blitar,-8.098,112.1615
2022-03-27,26.6,22.5,24.5,13.6,13.6,2.27,12.6,11.89,96,83,Blitar,-8.098,112.1615
2022-03-28,30.0,22.1,25.3,25.0,25.0,4.1,14.6,20.3,98,66,Blitar,-8.098,112.1615
2022-03-29,29.6,22.8,25.5,13.2,13.2,4.02,11.0,19.83,97,67,Blitar,-8.098,112.1615
2022-03-30,28.9,23.1,25.6,4.8,4.8,3.62,8.9,18.36,96,74,Blitar,-8.098,112.1615
2022-03-31,29.0,22.1,25.3,7.6,7.6,3.84,10.2,19.81,98,74,Blitar,-8.098,112.1615
2022-04-01,28.3,22.0,25.0,3.4,3.4,3.24,9.0,16.62,99,81,Blitar,-8.098,112.1615
2022-04-02,29.7,22.0,25.6,6.1,6.1,3.93,12.8,19.58,97,67,Blitar,-8.098,112.1615
2022-04-03,29.5,22.2,25.1,9.1,9.1,4.12,14.1,21.06,96,73,Blitar,-8.098,112.1615
2022-04-04,27.6,21.0,24.1,11.1,11.1,3.29,14.2,17.85,100,81,Blitar,-8.098,112.1615
2022-04-05,28.4,20.3,24.4,1.5,1.5,3.82,12.4,20.25,100,78,Blitar,-8.098,112.1615
2022-04-06,27.8,21.2,24.3,11.1,11.1,3.18,14.1,17.26,98,81,Blitar,-8.098,112.1615
2022-04-07,27.8,21.2,24.5,6.3,6.3,3.32,14.1,17.72,99,79,Blitar,-8.098,112.1615
2022-04-08,27.7,21.8,24.7,1.7,1.7,3.54,14.7,18.93,98,79,Blitar,-8.098,112.1615
2022-04-09,27.9,22.8,24.8,0.5,0.5,3.23,12.6,16.43,97,79,Blitar,-8.098,112.1615
2022-04-10,29.1,22.0,25.0,1.4,1.4,3.62,12.3,18.29,96,76,Blitar,-8.098,112.1615
2022-04-11,29.6,21.5,25.4,0.2,0.2,4.66,15.0,23.4,96,63,Blitar,-8.098,112.1615
2022-04-12,29.4,21.4,25.2,0.2,0.2,4.34,12.1,21.78,95,63,Blitar,-8.098,112.1615
2022-04-13,29.0,20.9,25.0,0.3,0.3,4.05,10.8,20.64,95,68,Blitar,-8.098,112.1615
2022-04-14,29.8,21.6,25.6,1.7,1.7,4.11,10.9,20.65,95,66,Blitar,-8.098,112.1615
2022-04-15,30.5,22.7,26.0,1.6,1.6,4.52,11.8,22.52,94,61,Blitar,-8.098,112.1615
2022-04-16,30.0,22.8,25.3,10.4,10.4,3.6,12.0,18.1,94,72,Blitar,-8.098,112.1615
2022-04-17,29.9,22.6,25.6,2.3,2.3,3.8,12.5,19.17,94,71,Blitar,-8.098,112.1615
2022-04-18,30.1,22.8,25.4,6.6,6.6,3.39,11.2,16.83,95,69,Blitar,-8.098,112.1615
2022-04-19,28.1,22.9,24.9,11.1,11.1,2.94,17.1,15.05,98,83,Blitar,-8.098,112.1615
2022-04-20,29.1,23.0,24.8,19.3,19.3,2.95,12.0,14.48,96,73,Blitar,-8.098,112.1615
2022-04-21,29.0,22.6,24.8,18.4,18.4,3.05,13.8,15.42,98,71,Blitar,-8.098,112.1615
2022-04-22,29.7,22.6,25.5,3.6,3.6,3.54,8.0,17.28,98,72,Blitar,-8.098,112.1615
2022-04-23,30.0,23.1,25.9,13.0,13.0,3.49,8.4,17.46,96,70,Blitar,-8.098,112.1615
2022-04-24,29.5,23.0,25.3,13.1,13.1,3.21,7.2,15.95,98,74,Blitar,-8.098,112.1615
2022-04-25,29.0,21.8,25.5,1.9,1.9,3.67,15.9,19.11,98,72,Blitar,-8.098,112.1615
2022-04-26,28.9,22.2,25.1,8.4,8.4,3.3,16.0,17.47,96,78,Blitar,-8.098,112.1615
2022-04-27,30.0,21.8,25.3,15.5,15.5,3.75,14.7,19.23,96,73,Blitar,-8.098,112.1615
2022-04-28,30.6,23.0,25.6,7.4,7.4,3.78,17.0,19.05,96,68,Blitar,-8.098,112.1615
2022-04-29,30.0,23.4,25.8,11.2,11.2,3.64,12.0,18.24,95,73,Blitar,-8.098,112.1615
2022-04-30,29.5,23.5,25.6,8.9,8.9,3.23,10.5,16.25,99,71,Blitar,-8.098,112.1615
2022-05-01,29.0,23.2,25.6,3.8,3.8,3.64,12.7,18.89,100,78,Blitar,-8.098,112.1615
2022-05-02,30.6,22.6,26.1,3.8,3.8,4.05,16.3,20.42,98,65,Blitar,-8.098,112.1615
2022-05-03,30.8,21.9,25.9,11.4,11.4,4.03,11.8,20.06,96,62,Blitar,-8.098,112.1615
2022-05-04,29.7,22.5,25.6,4.4,4.4,3.64,14.8,18.86,96,71,Blitar,-8.098,112.1615
2022-05-05,28.2,22.4,25.2,7.4,7.4,3.11,12.2,16.26,98,79,Blitar,-8.098,112.1615
2022-05-06,29.3,23.2,25.8,6.2,6.2,3.6,13.8,18.78,96,78,Blitar,-8.098,112.1615
2022-05-07,30.0,23.1,25.9,11.4,11.4,3.53,12.0,17.83,95,70,Blitar,-8.098,112.1615
2022-05-08,29.2,23.0,25.3,19.8,19.8,2.83,9.4,14.3,98,80,Blitar,-8.098,112.1615
2022-05-09,29.8,23.0,25.6,11.5,11.5,3.13,10.2,15.44,98,72,Blitar,-8.098,112.1615
2022-05-10,29.8,23.4,25.6,3.4,3.4,3.14,16.9,15.66,98,72,Blitar,-8.098,112.1615
2022-05-11,30.3,22.1,25.9,0.8,0.8,3.86,16.3,19.66,97,74,Blitar,-8.098,112.1615
2022-05-12,30.1,22.4,25.7,13.6,13.6,3.29,11.1,16.3,98,71,Blitar,-8.098,112.1615
2022-05-13,29.9,23.1,25.9,8.7,8.7,3.68,8.9,18.53,98,76,Blitar,-8.098,112.1615
2022-05-14,28.6,22.9,25.4,3.7,3.7,3.33,9.8,17.11,100,79,Blitar,-8.098,112.1615
2022-05-15,29.2,23.4,25.8,1.3,1.3,3.51,16.0,18.13,100,74,Blitar,-8.098,112.1615
2022-05-16,29.6,22.4,25.5,0.1,0.1,4.13,13.4,21.12,97,69,Blitar,-8.098,112.1615
2022-05-17,30.1,21.2,25.5,0.7,0.7,4.11,9.0,20.34,95,61,Blitar,-8.098,112.1615
2022-05-18,29.6,23.1,25.8,9.7,9.7,3.2,12.2,16.2,95,72,Blitar,-8.098,112.1615
2022-05-19,29.1,22.6,24.8,36.6,36.6,2.54,12.0,12.61,99,72,Blitar,-8.098,112.1615
2022-05-20,27.0,22.8,24.4,14.3,14.3,1.81,7.5,9.13,98,84,Blitar,-8.098,112.1615
2022-05-21,28.4,21.9,24.7,4.7,4.7,2.4,6.8,11.82,100,73,Blitar,-8.098,112.1615
2022-05-22,29.1,21.9,25.1,12.6,12.6,3.21,6.4,16.14,98,71,Blitar,-8.098,112.1615
2022-05-23,30.2,21.6,25.8,0.4,0.4,4.08,6.9,20.28,100,61,Blitar,-8.098,112.1615
2022-05-24,30.0,22.5,26.1,1.8,1.8,3.82,8.9,19.03,93,65,Blitar,-8.098,112.1615
2022-05-25,30.1,22.5,25.6,3.2,3.2,3.47,7.2,17.2,96,69,Blitar,-8.098,112.1615
2022-05-26,26.0,22.4,23.9,24.7,24.7,1.26,15.3,5.78,98,81,Blitar,-8.098,112.1615
2022-05-27,28.5,22.4,25.2,0.3,0.3,2.73,10.9,12.94,95,65,Blitar,-8.098,112.1615
2022-05-28,30.5,22.5,26.1,0.1,0.1,3.95,16.9,19.21,93,62,Blitar,-8.098,112.1615
2022-05-29,29.8,23.3,25.8,2.3,2.3,4.0,18.7,19.8,90,68,Blitar,-8.098,112.1615
2022-05-30,30.0,22.6,25.9,0.2,0.2,4.23,19.2,20.28,88,66,Blitar,-8.098,112.1615
2022-05-31,30.4,21.5,25.2,5.7,5.7,3.77,12.1,18.86,98,62,Blitar,-8.098,112.1615
2022-06-01,27.0,21.7,23.9,9.3,9.3,1.77,9.5,8.66,99,80,Blitar,-8.098,112.1615
2022-06-02,29.1,21.6,25.0,0.2,0.2,3.93,14.2,19.93,96,66,Blitar,-8.098,112.1615
2022-06-03,27.7,21.7,24.5,2.7,2.7,3.12,13.5,16.58,95,76,Blitar,-8.098,112.1615
2022-06-04,28.5,21.4,24.4,10.0,10.0,2.9,10.2,15.06,98,79,Blitar,-8.098,112.1615
2022-06-05,27.4,21.7,24.4,6.7,6.7,2.63,14.4,13.9,100,82,Blitar,-8.098,112.1615
2022-06-06,28.6,21.1,24.1,10.1,10.1,2.6,9.6,13.38,99,74,Blitar,-8.098,112.1615
2022-06-07,29.4,21.5,25.0,1.3,1.3,3.34,14.5,16.85,100,71,Blitar,-8.098,112.1615
2022-06-08,29.2,22.3,24.9,30.4,30.4,2.98,9.7,15.07,98,75,Blitar,-8.098,112.1615
2022-06-09,29.9,20.9,24.6,10.2,10.2,3.6,11.1,18.45,98,68,Blitar,-8.098,112.1615
2022-06-10,29.2,21.9,25.1,0.6,0.6,3.06,7.6,15.03,94,66,Blitar,-8.098,112.1615
2022-06-11,29.3,22.3,25.2,5.0,5.0,3.2,8.7,16.13,98,73,Blitar,-8.098,112.1615
2022-06-12,28.2,21.1,24.5,0.9,0.9,3.18,11.2,16.64,99,77,Blitar,-8.098,112.1615
2022-06-13,29.1,22.1,24.6,10.6,10.6,2.73,9.7,13.77,97,73,Blitar,-8.098,112.1615
2022-06-14,27.8,22.2,24.8,8.4,8.4,2.54,9.8,13.11,99,79,Blitar,-8.098,112.1615
2022-06-15,29.2,22.0,24.8,1.1,1.1,3.17,8.2,16.02,98,70,Blitar,-8.098,112.1615
2022-06-16,28.9,21.9,24.9,5.0,5.0,3.24,12.6,16.73,97,69,Blitar,-8.098,112.1615
2022-06-17,28.2,21.2,24.1,13.2,13.2,2.98,11.6,15.68,97,75,Blitar,-8.098,112.1615
2022-06-18,29.0,21.2,24.6,2.6,2.6,3.35,14.8,17.39,100,74,Blitar,-8.098,112.1615
2022-06-19,29.0,21.5,24.8,2.8,2.8,3.1,13.6,15.71,96,67,Blitar,-8.098,112.1615
2022-06-20,28.3,21.3,24.6,1.4,1.4,3.13,18.7,16.05,95,72,Blitar,-8.098,112.1615
2022-06-21,29.2,21.6,24.8,1.0,1.0,3.68,15.2,17.87,92,64,Blitar,-8.098,112.1615
2022-06-22,29.2,21.6,24.9,0.0,0.0,4.09,17.3,20.08,90,60,Blitar,-8.098,112.1615
2022-06-23,28.0,22.0,24.4,5.8,5.8,3.14,18.2,16.31,94,72,Blitar,-8.098,112.1615
2022-06-24,28.4,22.6,25.0,1.2,1.2,3.63,21.0,17.34,88,68,Blitar,-8.098,112.1615
2022-06-25,28.0,22.2,24.8,3.5,3.5,3.19,17.3,15.95,93,74,Blitar,-8.098,112.1615
2022-06-26,27.8,22.1,24.7,2.0,2.0,3.0,18.7,14.68,95,70,Blitar,-8.098,112.1615
2022-06-27,27.6,22.1,24.5,1.1,1.1,3.59,24.0,18.44,96,71,Blitar,-8.098,112.1615
2022-06-28,28.5,21.0,24.3,0.0,0.0,4.17,18.9,20.44,95,59,Blitar,-8.098,112.1615
2022-06-29,28.4,20.8,24.0,0.0,0.0,4.24,17.9,21.13,93,59,Blitar,-8.098,112.1615
2022-06-30,28.6,19.9,24.2,1.3,1.3,3.52,17.3,17.12,95,63,Blitar,-8.098,112.1615
2022-07-01,28.2,21.8,24.8,1.0,1.0,3.71,23.1,17.81,94,66,Blitar,-8.098,112.1615
2022-07-02,28.8,22.5,25.2,3.1,3.1,3.39,17.9,16.75,95,67,Blitar,-8.098,112.1615
2022-07-03,29.8,22.0,24.7,9.9,9.9,3.15,8.5,16.12,97,69,Blitar,-8.098,112.1615
2022-07-04,29.8,21.6,25.6,6.6,6.6,3.44,11.4,17.4,100,71,Blitar,-8.098,112.1615
2022-07-05,29.4,22.2,25.4,6.9,6.9,3.54,10.6,18.09,100,72,Blitar,-8.098,112.1615
2022-07-06,27.9,21.5,24.4,5.1,5.1,2.96,17.6,15.1,99,73,Blitar,-8.098,112.1615
2022-07-07,28.0,19.5,23.9,0.4,0.4,3.79,20.3,19.56,98,66,Blitar,-8.098,112.1615
2022-07-08,27.6,20.2,23.2,0.0,0.0,4.11,20.2,20.16,96,58,Blitar,-8.098,112.1615
2022-07-09,28.0,17.9,23.1,0.2,0.2,3.83,17.8,19.25,94,62,Blitar,-8.098,112.1615
2022-07-10,28.3,20.4,24.4,0.1,0.1,3.53,16.8,17.15,94,64,Blitar,-8.098,112.1615
2022-07-11,28.7,21.5,24.8,0.8,0.8,3.43,20.1,17.09,97,70,Blitar,-8.098,112.1615
2022-07-12,29.1,22.4,25.1,1.0,1.0,3.56,19.7,17.74,95,67,Blitar,-8.098,112.1615
2022-07-13,29.5,21.6,24.7,4.4,4.4,3.52,12.5,17.59,98,63,Blitar,-8.098,112.1615
2022-07-14,28.8,21.7,24.6,3.4,3.4,3.19,14.5,16.22,100,66,Blitar,-8.098,112.1615
2022-07-15,28.0,22.2,24.9,3.2,3.2,3.47,20.1,17.32,97,71,Blitar,-8.098,112.1615
2022-07-16,27.5,22.0,24.7,1.0,1.0,3.54,18.8,18.62,96,73,Blitar,-8.098,112.1615
2022-07-17,27.6,22.1,24.4,9.6,9.6,3.01,19.1,15.03,96,71,Blitar,-8.098,112.1615
2022-07-18,28.1,22.0,24.7,3.3,3.3,3.34,17.8,16.71,96,70,Blitar,-8.098,112.1615
2022-07-19,29.4,22.5,25.1,0.7,0.7,4.07,19.7,19.97,93,60,Blitar,-8.098,112.1615
2022-07-20,29.2,20.2,24.3,1.0,1.0,3.75,18.8,18.38,95,59,Blitar,-8.098,112.1615
2022-07-21,28.2,21.2,24.6,0.5,0.5,3.82,19.9,18.31,95,64,Blitar,-8.098,112.1615
2022-07-22,28.0,22.8,24.9,2.2,2.2,3.61,19.2,17.04,91,67,Blitar,-8.098,112.1615
2022-07-23,27.5,21.5,24.1,1.7,1.7,3.27,21.9,16.86,94,70,Blitar,-8.098,112.1615
2022-07-24,27.6,19.3,23.4,0.1,0.1,4.17,22.5,20.2,93,60,Blitar,-8.098,112.1615
2022-07-25,27.4,17.5,22.4,0.0,0.0,4.46,19.4,21.58,90,51,Blitar,-8.098,112.1615
2022-07-26,29.1,18.5,23.7,0.0,0.0,4.28,17.7,20.77,92,55,Blitar,-8.098,112.1615
2022-07-27,29.5,21.5,25.0,0.6,0.6,3.86,17.6,18.2,94,59,Blitar,-8.098,112.1615
2022-07-28,29.8,20.4,24.8,0.0,0.0,3.76,17.9,17.85,99,58,Blitar,-8.098,112.1615
2022-07-29,30.5,21.2,24.9,0.1,0.1,4.01,20.7,19.49,95,52,Blitar,-8.098,112.1615
2022-07-30,28.5,22.3,24.8,0.1,0.1,3.68,15.3,17.31,95,62,Blitar,-8.098,112.1615
2022-07-31,30.5,21.3,24.9,0.0,0.0,4.37,19.5,20.76,95,49,Blitar,-8.098,112.1615
2022-08-01,31.4,19.2,24.5,0.1,0.1,4.44,19.9,21.94,100,51,Blitar,-8.098,112.1615
2022-08-02,28.9,21.1,24.5,2.6,2.6,3.19,14.9,15.71,100,67,Blitar,-8.098,112.1615
2022-08-03,30.2,22.0,25.3,0.8,0.8,4.06,19.7,19.65,99,60,Blitar,-8.098,112.1615
2022-08-04,29.5,20.9,24.6,0.0,0.0,4.68,21.3,23.18,97,57,Blitar,-8.098,112.1615
2022-08-05,29.8,17.8,23.5,0.0,0.0,4.55,19.8,22.94,99,56,Blitar,-8.098,112.1615
2022-08-06,28.6,19.2,23.8,1.1,1.1,3.94,18.9,19.79,100,59,Blitar,-8.098,112.1615
2022-08-07,27.6,22.0,24.0,3.7,3.7,2.91,19.6,14.63,96,69,Blitar,-8.098,112.1615
2022-08-08,27.9,21.6,24.4,1.9,1.9,3.62,22.5,17.63,98,68,Blitar,-8.098,112.1615
2022-08-09,29.4,21.4,24.9,2.7,2.7,4.21,21.6,19.68,95,58,Blitar,-8.098,112.1615
2022-08-10,29.6,21.9,25.1,4.6,4.6,3.88,18.9,18.66,95,61,Blitar,-8.098,112.1615
2022-08-11,29.2,21.6,25.0,3.1,3.1,3.32,16.4,16.12,98,64,Blitar,-8.098,112.1615
2022-08-12,30.8,22.0,25.5,3.1,3.1,3.71,11.6,18.28,98,61,Blitar,-8.098,112.1615
2022-08-13,29.8,21.8,24.8,3.1,3.1,3.34,12.1,16.52,100,70,Blitar,-8.098,112.1615
2022-08-14,30.3,21.0,24.0,6.7,6.7,3.42,14.3,17.11,99,63,Blitar,-8.098,112.1615
2022-08-15,29.4,20.9,24.8,8.7,8.7,3.94,10.5,19.9,96,64,Blitar,-8.098,112.1615
2022-08-16,29.6,21.2,25.0,0.5,0.5,4.24,18.4,21.3,99,64,Blitar,-8.098,112.1615
2022-08-17,29.2,21.0,24.7,0.1,0.1,4.37,20.0,20.56,96,58,Blitar,-8.098,112.1615
2022-08-18,28.4,22.0,24.9,1.1,1.1,4.06,22.4,18.68,90,64,Blitar,-8.098,112.1615
2022-08-19,29.1,22.4,25.1,3.6,3.6,4.3,22.5,19.44,89,60,Blitar,-8.098,112.1615
2022-08-20,29.1,21.8,25.1,0.0,0.0,4.61,21.6,19.8,85,55,Blitar,-8.098,112.1615
2022-08-21,29.0,22.4,25.4,1.4,1.4,4.18,17.2,18.47,84,59,Blitar,-8.098,112.1615
2022-08-22,30.1,21.0,25.3,0.0,0.0,4.66,22.8,20.38,93,52,Blitar,-8.098,112.1615
2022-08-23,29.2,22.1,25.4,0.0,0.0,4.5,25.0,17.91,88,54,Blitar,-8.098,112.1615
2022-08-24,30.7,21.6,25.3,0.0,0.0,4.91,21.8,20.98,84,45,Blitar,-8.098,112.1615
2022-08-25,29.4,21.1,25.1,0.8,0.8,4.59,20.0,20.49,91,55,Blitar,-8.098,112.1615
2022-08-26,29.7,22.2,25.2,2.9,2.9,4.2,20.7,19.03,92,58,Blitar,-8.098,112.1615
2022-08-27,28.4,22.1,24.9,2.3,2.3,3.94,23.5,17.18,91,63,Blitar,-8.098,112.1615
2022-08-28,29.0,21.5,24.9,0.5,0.5,4.52,21.3,18.96,91,53,Blitar,-8.098,112.1615
2022-08-29,28.6,21.5,24.6,10.1,10.1,3.81,20.3,17.63,94,58,Blitar,-8.098,112.1615
2022-08-30,27.8,21.8,24.6,4.0,4.0,3.52,20.3,17.09,96,70,Blitar,-8.098,112.1615
2022-08-31,28.8,21.9,24.6,2.3,2.3,3.54,15.0,17.52,98,68,Blitar,-8.098,112.1615
2022-09-01,30.4,21.2,25.1,1.3,1.3,4.33,16.9,20.82,97,59,Blitar,-8.098,112.1615
2022-09-02,30.9,22.2,25.7,0.0,0.0,4.86,17.2,23.44,95,59,Blitar,-8.098,112.1615
2022-09-03,30.0,23.0,25.6,1.3,1.3,4.49,18.5,21.4,96,56,Blitar,-8.098,112.1615
2022-09-04,29.4,22.5,25.4,0.9,0.9,4.4,19.6,21.12,95,60,Blitar,-8.098,112.1615
2022-09-05,30.4,21.2,25.4,0.2,0.2,4.44,15.8,21.29,98,56,Blitar,-8.098,112.1615
2022-09-06,29.5,21.1,25.5,1.1,1.1,4.28,17.3,20.45,98,59,Blitar,-8.098,112.1615
2022-09-07,29.7,21.7,24.8,5.0,5.0,3.74,18.1,18.22,96,64,Blitar,-8.098,112.1615
2022-09-08,31.0,21.1,24.9,12.3,12.3,3.92,14.3,19.18,98,56,Blitar,-8.098,112.1615
2022-09-09,28.6,21.9,24.4,22.5,22.5,2.66,9.6,13.09,98,70,Blitar,-8.098,112.1615
2022-09-10,27.7,22.6,24.2,21.4,21.4,2.75,14.8,14.18,98,75,Blitar,-8.098,112.1615
2022-09-11,27.2,21.9,24.0,18.2,18.2,2.43,13.8,12.5,98,77,Blitar,-8.098,112.1615
2022-09-12,29.9,21.4,24.8,1.6,1.6,4.42,15.3,22.16,99,61,Blitar,-8.098,112.1615
2022-09-13,29.6,21.4,25.2,0.4,0.4,4.76,17.3,23.39,98,63,Blitar,-8.098,112.1615
2022-09-14,29.2,22.0,25.2,2.2,2.2,4.66,18.6,23.01,96,61,Blitar,-8.098,112.1615
2022-09-15,27.6,22.1,24.5,3.2,3.2,3.7,21.6,18.97,95,71,Blitar,-8.098,112.1615
2022-09-16,29.4,22.2,24.6,7.4,7.4,3.7,18.9,18.42,95,63,Blitar,-8.098,112.1615
2022-09-17,29.7,21.0,24.7,0.0,0.0,4.8,18.2,23.98,96,59,Blitar,-8.098,112.1615
2022-09-18,30.0,22.3,25.3,0.1,0.1,4.65,16.2,22.51,96,61,Blitar,-8.098,112.1615
2022-09-19,28.9,22.1,25.0,1.8,1.8,4.51,20.9,22.21,95,61,Blitar,-8.098,112.1615
2022-09-20,28.5,21.5,24.9,1.6,1.6,4.31,22.2,20.9,93,67,Blitar,-8.098,112.1615
2022-09-21,28.9,22.1,24.8,7.0,7.0,3.73,16.0,18.4,95,67,Blitar,-8.098,112.1615
2022-09-22,28.4,22.9,25.4,2.8,2.8,4.13,18.8,19.94,93,68,Blitar,-8.098,112.1615
2022-09-23,29.1,21.8,25.1,1.9,1.9,3.97,15.5,19.99,97,67,Blitar,-8.098,112.1615
2022-09-24,28.6,22.4,25.2,1.3,1.3,3.96,17.1,20.34,97,72,Blitar,-8.098,112.1615
2022-09-25,28.7,22.6,25.1,1.8,1.8,4.33,21.4,22.44,96,67,Blitar,-8.098,112.1615
2022-09-26,27.1,22.1,24.4,2.5,2.5,3.82,20.1,19.92,97,73,Blitar,-8.098,112.1615
2022-09-27,29.2,21.9,24.8,0.4,0.4,4.43,20.3,21.79,96,61,Blitar,-8.098,112.1615
2022-09-28,28.9,20.8,24.6,1.6,1.6,4.56,18.5,22.49,96,62,Blitar,-8.098,112.1615
2022-09-29,28.4,21.3,24.8,1.0,1.0,4.21,15.6,20.91,97,66,Blitar,-8.098,112.1615
2022-09-30,29.1,22.5,24.7,22.7,22.7,3.0,13.4,15.2,97,68,Blitar,-8.098,112.1615
2022-10-01,28.5,22.4,24.8,11.1,11.1,3.23,12.9,16.52,98,73,Blitar,-8.098,112.1615
2022-10-02,27.4,21.8,24.2,7.8,7.8,2.4,13.7,11.9,98,76,Blitar,-8.098,112.1615
2022-10-03,26.3,22.5,24.1,12.0,12.0,2.25,14.0,11.35,98,79,Blitar,-8.098,112.1615
2022-10-04,28.8,22.4,25.2,1.2,1.2,4.35,17.6,21.84,95,67,Blitar,-8.098,112.1615
2022-10-05,28.0,21.7,24.5,2.1,2.1,3.76,17.1,19.2,94,70,Blitar,-8.098,112.1615
2022-10-06,28.0,22.8,24.7,2.7,2.7,2.98,17.2,14.45,95,72,Blitar,-8.098,112.1615
2022-10-07,28.1,21.8,24.3,24.9,24.9,2.72,16.1,13.81,97,76,Blitar,-8.098,112.1615
2022-10-08,28.3,22.1,24.5,11.1,11.1,3.12,16.1,15.71,99,73,Blitar,-8.098,112.1615
2022-10-09,28.6,22.1,24.7,5.4,5.4,3.65,16.5,19.07,98,76,Blitar,-8.098,112.1615
2022-10-10,27.8,22.2,24.5,3.0,3.0,2.42,14.2,12.23,98,78,Blitar,-8.098,112.1615
2022-10-11,28.1,21.8,24.6,1.6,1.6,3.18,13.3,15.85,99,70,Blitar,-8.098,112.1615
2022-10-12,27.9,21.4,24.3,3.7,3.7,3.28,17.2,17.16,98,75,Blitar,-8.098,112.1615
2022-10-13,27.9,22.0,24.7,4.4,4.4,3.57,18.3,18.52,96,74,Blitar,-8.098,112.1615
2022-10-14,27.9,22.7,24.9,2.3,2.3,3.3,16.8,16.28,94,73,Blitar,-8.098,112.1615
2022-10-15,27.7,23.0,24.7,6.1,6.1,3.24,17.2,16.03,94,71,Blitar,-8.098,112.1615
2022-10-16,27.8,21.6,24.8,2.5,2.5,3.57,17.4,18.5,98,77,Blitar,-8.098,112.1615
2022-10-17,27.3,22.6,24.6,4.8,4.8,2.91,17.1,14.91,95,77,Blitar,-8.098,112.1615
2022-10-18,26.5,22.7,24.1,19.1,19.1,1.91,13.0,9.28,99,83,Blitar,-8.098,112.1615
2022-10-19,27.8,22.4,24.6,3.8,3.8,2.79,10.7,14.09,99,77,Blitar,-8.098,112.1615
2022-10-20,28.4,22.6,24.4,24.9,24.9,2.46,9.8,12.27,100,76,Blitar,-8.098,112.1615
2022-10-21,28.4,22.1,24.3,19.2,19.2,2.3,10.9,11.48,100,78,Blitar,-8.098,112.1615
2022-10-22,30.2,21.9,25.1,9.3,9.3,3.67,12.5,18.24,100,64,Blitar,-8.098,112.1615
2022-10-23,28.8,22.2,24.8,27.3,27.3,3.31,13.2,17.14,98,75,Blitar,-8.098,112.1615
2022-10-24,26.5,22.8,24.2,17.4,17.4,2.23,14.5,11.61,98,80,Blitar,-8.098,112.1615
2022-10-25,27.2,22.6,24.5,16.2,16.2,2.99,17.0,15.64,97,78,Blitar,-8.098,112.1615
2022-10-26,27.8,22.9,24.3,14.3,14.3,3.18,17.5,16.03,96,67,Blitar,-8.098,112.1615
2022-10-27,27.8,21.5,24.2,2.5,2.5,4.04,19.2,21.67,97,71,Blitar,-8.098,112.1615
2022-10-28,27.2,20.0,23.7,0.0,0.0,4.84,17.5,24.84,92,61,Blitar,-8.098,112.1615
2022-10-29,27.5,19.8,23.9,0.3,0.3,4.47,17.7,22.65,88,65,Blitar,-8.098,112.1615
2022-10-30,27.6,20.9,24.0,0.0,0.0,4.91,15.2,25.68,91,62,Blitar,-8.098,112.1615
2022-10-31,26.9,19.2,23.5,3.1,3.1,3.62,18.6,19.08,94,73,Blitar,-8.098,112.1615
2022-11-01,28.6,22.0,25.1,3.0,3.0,3.91,16.8,19.88,96,73,Blitar,-8.098,112.1615
2022-11-02,28.1,22.0,25.1,3.2,3.2,3.31,15.0,16.81,96,76,Blitar,-8.098,112.1615
2022-11-03,29.5,21.8,25.0,14.4,14.4,3.75,10.1,18.95,96,71,Blitar,-8.098,112.1615
2022-11-04,28.2,22.5,24.8,7.5,7.5,2.97,13.0,15.31,98,79,Blitar,-8.098,112.1615
2022-11-05,29.5,22.7,25.1,2.8,2.8,3.2,12.6,15.99,100,73,Blitar,-8.098,112.1615
2022-11-06,28.5,21.7,24.3,18.6,18.6,2.98,13.4,15.38,100,78,Blitar,-8.098,112.1615
2022-11-07,28.2,22.2,24.1,36.9,36.9,2.33,9.0,11.67,98,76,Blitar,-8.098,112.1615
2022-11-08,29.5,21.5,24.5,2.6,2.6,3.65,10.4,18.46,100,68,Blitar,-8.098,112.1615
2022-11-09,27.4,22.2,24.3,20.6,20.6,2.4,12.2,12.32,100,80,Blitar,-8.098,112.1615
2022-11-10,29.6,21.2,24.6,13.4,13.4,3.27,10.0,16.45,100,75,Blitar,-8.098,112.1615
2022-11-11,28.4,22.5,24.7,10.7,10.7,3.25,15.0,16.71,99,75,Blitar,-8.098,112.1615
2022-11-12,28.6,22.1,24.4,40.6,40.6,2.61,9.1,12.84,98,76,Blitar,-8.098,112.1615
2022-11-13,28.5,21.9,24.1,29.5,29.5,2.74,14.3,14.07,99,78,Blitar,-8.098,112.1615
2022-11-14,29.4,21.9,24.7,40.4,40.4,2.88,9.5,14.4,98,75,Blitar,-8.098,112.1615
2022-11-15,29.0,23.1,24.9,16.1,16.1,3.0,10.7,14.89,99,75,Blitar,-8.098,112.1615
2022-11-16,28.5,22.2,24.7,29.6,29.6,2.55,8.3,12.63,99,78,Blitar,-8.098,112.1615
2022-11-17,29.9,23.0,25.4,64.1,64.1,3.75,10.8,18.25,97,71,Blitar,-8.098,112.1615
2022-11-18,28.6,23.0,25.0,9.5,9.5,3.51,10.0,16.44,97,63,Blitar,-8.098,112.1615
2022-11-19,27.0,22.6,24.7,3.8,3.8,2.13,17.6,9.04,92,74,Blitar,-8.098,112.1615
2022-11-20,28.5,20.8,25.0,13.2,13.2,3.84,17.7,19.57,95,72,Blitar,-8.098,112.1615
2022-11-21,29.5,22.4,25.1,25.6,25.6,3.8,15.1,19.24,96,71,Blitar,-8.098,112.1615
2022-11-22,28.8,22.1,24.9,2.4,2.4,3.56,16.6,18.08,96,69,Blitar,-8.098,112.1615
2022-11-23,28.0,22.3,24.9,7.2,7.2,2.67,10.0,12.85,95,75,Blitar,-8.098,112.1615
2022-11-24,28.0,22.6,24.4,18.4,18.4,2.9,14.4,15.06,96,77,Blitar,-8.098,112.1615
2022-11-25,29.5,22.5,24.9,20.9,20.9,3.68,8.4,18.15,98,68,Blitar,-8.098,112.1615
2022-11-26,27.3,22.1,24.1,11.4,11.4,2.73,11.0,13.89,98,80,Blitar,-8.098,112.1615
2022-11-27,27.2,22.2,24.3,6.7,6.7,2.82,10.7,14.63,99,78,Blitar,-8.098,112.1615
2022-11-28,26.7,23.3,24.5,5.5,5.5,2.41,14.8,12.26,98,81,Blitar,-8.098,112.1615
2022-11-29,27.1,22.8,24.4,6.3,6.3,2.5,12.7,12.68,98,80,Blitar,-8.098,112.1615
2022-11-30,28.5,23.0,25.4,1.1,1.1,4.06,16.0,20.18,96,70,Blitar,-8.098,112.1615
2022-12-01,28.9,22.0,25.4,0.0,0.0,4.76,16.3,23.46,91,63,Blitar,-8.098,112.1615
2022-12-02,28.0,21.9,25.0,1.5,1.5,4.14,14.5,20.84,88,69,Blitar,-8.098,112.1615
2022-12-03,28.1,22.3,24.9,3.2,3.2,3.76,15.9,19.05,93,69,Blitar,-8.098,112.1615
2022-12-04,28.6,21.4,24.2,58.4,58.4,2.61,8.1,12.96,100,76,Blitar,-8.098,112.1615
2022-12-05,28.5,22.5,24.4,79.2,79.2,2.35,12.3,11.73,99,78,Blitar,-8.098,112.1615
2022-12-06,29.5,22.5,24.6,23.5,23.5,3.24,10.3,16.12,98,74,Blitar,-8.098,112.1615
2022-12-07,28.9,22.1,24.6,10.3,10.3,3.01,11.2,15.45,99,77,Blitar,-8.098,112.1615
2022-12-08,29.1,21.3,24.8,2.5,2.5,3.97,9.4,20.48,98,75,Blitar,-8.098,112.1615
2022-12-09,29.4,21.3,25.3,0.8,0.8,4.95,17.9,25.57,99,65,Blitar,-8.098,112.1615
2022-12-10,28.5,21.0,24.5,2.5,2.5,4.23,18.4,22.93,96,76,Blitar,-8.098,112.1615
2022-12-11,28.7,22.9,25.3,2.4,2.4,3.84,13.4,19.9,98,76,Blitar,-8.098,112.1615
2022-12-12,29.4,21.4,25.3,1.7,1.7,4.36,15.2,22.15,99,68,Blitar,-8.098,112.1615
2022-12-13,29.0,22.6,25.0,4.7,4.7,3.28,13.6,16.52,98,77,Blitar,-8.098,112.1615
2022-12-14,27.4,21.5,24.4,6.8,6.8,2.59,10.8,13.19,99,82,Blitar,-8.098,112.1615
2022-12-15,27.5,22.1,24.4,5.5,5.5,3.2,11.6,16.67,97,80,Blitar,-8.098,112.1615
2022-12-16,25.4,21.5,23.4,27.7,27.7,1.88,13.9,9.57,97,83,Blitar,-8.098,112.1615
2022-12-17,28.5,22.0,24.6,1.9,1.9,3.96,15.0,21.21,97,76,Blitar,-8.098,112.1615
2022-12-18,28.9,21.0,25.1,0.1,0.1,4.69,16.0,24.72,99,70,Blitar,-8.098,112.1615
2022-12-19,29.1,21.6,25.4,2.4,2.4,4.5,17.0,23.37,95,71,Blitar,-8.098,112.1615
2022-12-20,29.2,21.8,25.0,9.2,9.2,4.27,12.4,22.15,96,74,Blitar,-8.098,112.1615
2022-12-21,29.6,21.3,25.2,12.6,12.6,4.35,17.8,22.49,98,71,Blitar,-8.098,112.1615
2022-12-22,26.4,21.6,24.0,21.6,21.6,1.94,11.3,9.66,99,84,Blitar,-8.098,112.1615
2022-12-23,27.5,22.5,24.5,24.8,24.8,2.44,17.7,12.11,94,74,Blitar,-8.098,112.1615
2022-12-24,29.4,22.7,25.1,5.4,5.4,3.3,12.2,15.64,96,63,Blitar,-8.098,112.1615
2022-12-25,27.0,22.4,24.0,21.1,21.1,1.77,13.4,8.56,98,83,Blitar,-8.098,112.1615
2022-12-26,28.5,21.5,24.0,16.8,16.8,2.99,16.2,15.12,98,73,Blitar,-8.098,112.1615
2022-12-27,27.8,21.1,24.0,9.3,9.3,2.44,12.6,12.04,96,75,Blitar,-8.098,112.1615
2022-12-28,28.6,21.6,24.5,45.7,45.7,3.09,9.4,15.6,96,74,Blitar,-8.098,112.1615
2022-12-29,27.5,22.5,24.8,9.2,9.2,2.99,17.8,15.25,96,76,Blitar,-8.098,112.1615
2022-12-30,27.4,23.1,25.1,0.2,0.2,2.8,26.1,11.76,92,76,Blitar,-8.098,112.1615
2022-12-31,27.8,23.6,25.0,20.7,20.7,3.09,30.4,13.75,88,75,Blitar,-8.098,112.1615
2023-01-01,28.1,23.7,25.3,0.9,0.9,3.6,30.1,17.06,92,72,Blitar,-8.098,112.1615
2023-01-02,28.5,22.4,25.0,11.5,11.5,3.33,19.6,16.45,94,73,Blitar,-8.098,112.1615
2023-01-03,29.7,21.4,25.1,5.0,5.0,4.17,16.5,20.88,92,62,Blitar,-8.098,112.1615
2023-01-04,29.1,22.3,25.1,6.0,6.0,4.02,15.0,20.55,96,71,Blitar,-8.098,112.1615
2023-01-05,28.5,22.0,25.1,11.3,11.3,3.97,19.0,20.49,96,73,Blitar,-8.098,112.1615
2023-01-06,28.4,22.3,24.6,10.1,10.1,3.51,20.6,18.46,97,70,Blitar,-8.098,112.1615
2023-01-07,28.4,21.5,24.8,1.2,1.2,4.48,21.3,24.12,96,73,Blitar,-8.098,112.1615
2023-01-08,28.7,22.0,24.9,0.9,0.9,4.55,17.9,23.8,95,70,Blitar,-8.098,112.1615
2023-01-09,28.5,21.4,24.9,2.7,2.7,4.46,15.7,23.41,97,71,Blitar,-8.098,112.1615
2023-01-10,28.5,22.2,25.4,1.1,1.1,4.55,18.3,23.76,94,70,Blitar,-8.098,112.1615
2023-01-11,28.7,22.8,25.4,0.7,0.7,4.5,18.0,23.66,95,69,Blitar,-8.098,112.1615
2023-01-12,28.8,21.3,25.0,0.8,0.8,4.64,17.4,23.8,94,67,Blitar,-8.098,112.1615
2023-01-13,29.5,21.0,25.4,0.0,0.0,4.9,20.0,23.97,96,61,Blitar,-8.098,112.1615
2023-01-14,29.2,23.0,25.7,4.3,4.3,4.19,15.0,21.11,96,69,Blitar,-8.098,112.1615
2023-01-15,29.0,22.0,25.0,15.5,15.5,3.63,12.8,18.33,95,69,Blitar,-8.098,112.1615
2023-01-16,29.3,21.9,25.0,8.7,8.7,3.44,11.5,17.28,95,68,Blitar,-8.098,112.1615
2023-01-17,28.8,22.8,25.1,6.9,6.9,3.45,12.8,17.42,97,75,Blitar,-8.098,112.1615
2023-01-18,28.0,22.4,24.9,3.9,3.9,3.48,15.7,17.88,98,77,Blitar,-8.098,112.1615
2023-01-19,28.4,22.0,24.7,7.0,7.0,3.94,17.3,20.46,96,70,Blitar,-8.098,112.1615
2023-01-20,28.6,21.9,24.7,6.8,6.8,3.89,14.0,20.11,96,67,Blitar,-8.098,112.1615
2023-01-21,28.6,22.0,24.9,5.6,5.6,3.9,14.2,19.9,96,71,Blitar,-8.098,112.1615
2023-01-22,28.9,22.5,25.4,2.2,2.2,4.35,17.0,22.42,95,71,Blitar,-8.098,112.1615
2023-01-23,30.0,21.3,25.5,0.9,0.9,5.21,12.1,26.27,97,61,Blitar,-8.098,112.1615
2023-01-24,30.2,22.0,25.6,3.6,3.6,4.9,15.2,24.47,96,63,Blitar,-8.098,112.1615
2023-01-25,29.5,22.0,24.4,18.9,18.9,3.69,11.6,18.95,96,70,Blitar,-8.098,112.1615
2023-01-26,26.9,22.4,23.9,21.2,21.2,2.19,15.8,11.54,96,84,Blitar,-8.098,112.1615
2023-01-27,28.1,22.6,24.7,14.3,14.3,2.96,12.4,14.84,96,73,Blitar,-8.098,112.1615
2023-01-28,28.9,22.4,24.5,24.6,24.6,2.93,10.4,14.48,97,71,Blitar,-8.098,112.1615
2023-01-29,29.0,22.8,25.2,10.1,10.1,3.45,11.0,16.98,98,74,Blitar,-8.098,112.1615
2023-01-30,29.2,22.5,25.0,14.3,14.3,3.19,13.1,15.81,99,74,Blitar,-8.098,112.1615
2023-01-31,28.6,22.5,25.1,15.7,15.7,2.6,11.6,12.61,96,75,Blitar,-8.098,112.1615
2023-02-01,29.8,22.1,25.0,19.4,19.4,3.17,13.1,15.84,97,70,Blitar,-8.098,112.1615
2023-02-02,27.5,22.8,25.0,0.9,0.9,2.42,15.4,10.76,96,76,Blitar,-8.098,112.1615
2023-02-03,28.4,23.4,25.4,2.2,2.2,2.9,21.9,12.78,95,72,Blitar,-8.098,112.1615
2023-02-04,28.8,23.3,25.4,5.3,5.3,3.77,12.3,18.78,95,69,Blitar,-8.098,112.1615
2023-02-05,27.6,23.2,25.3,5.0,5.0,3.02,10.0,14.17,95,67,Blitar,-8.098,112.1615
2023-02-06,28.9,22.5,25.0,6.2,6.2,3.07,14.9,15.08,89,70,Blitar,-8.098,112.1615
2023-02-07,28.5,21.7,24.5,15.3,15.3,2.73,10.5,13.55,97,70,Blitar,-8.098,112.1615
2023-02-08,26.2,22.7,24.1,23.7,23.7,1.87,17.3,9.0,96,84,Blitar,-8.098,112.1615
2023-02-09,28.5,22.4,24.7,22.5,22.5,3.3,13.6,16.69,95,72,Blitar,-8.098,112.1615
2023-02-10,29.5,23.1,25.5,4.0,4.0,3.82,15.0,19.13,93,71,Blitar,-8.098,112.1615
2023-02-11,28.9,23.9,25.4,10.6,10.6,3.51,22.3,16.95,94,73,Blitar,-8.098,112.1615
2023-02-12,29.4,22.6,24.9,17.0,17.0,3.12,15.5,15.56,96,68,Blitar,-8.098,112.1615
2023-02-13,28.1,22.4,24.6,10.9,10.9,3.31,15.3,16.95,96,79,Blitar,-8.098,112.1615
2023-02-14,28.8,21.6,24.7,2.6,2.6,3.92,15.0,20.43,96,76,Blitar,-8.098,112.1615
2023-02-15,27.6,22.2,24.0,8.7,8.7,2.82,13.8,15.11,97,78,Blitar,-8.098,112.1615
2023-02-16,27.9,22.6,24.5,29.6,29.6,2.66,12.6,13.65,98,79,Blitar,-8.098,112.1615
2023-02-17,28.2,22.0,24.2,24.9,24.9,3.09,9.8,15.46,97,79,Blitar,-8.098,112.1615
2023-02-18,28.6,21.9,24.7,16.4,16.4,3.63,14.8,18.68,97,79,Blitar,-8.098,112.1615
2023-02-19,29.0,21.9,24.9,10.7,10.7,4.08,12.6,21.09,96,77,Blitar,-8.098,112.1615
2023-02-20,28.6,21.9,25.1,4.0,4.0,3.82,13.6,19.72,96,70,Blitar,-8.098,112.1615
2023-02-21,30.0,21.9,25.1,17.7,17.7,4.17,10.9,21.2,96,63,Blitar,-8.098,112.1615
2023-02-22,29.0,22.5,24.8,28.9,28.9,3.51,12.6,18.08,96,75,Blitar,-8.098,112.1615
2023-02-23,27.8,23.0,25.0,9.4,9.4,3.21,17.7,16.57,94,77,Blitar,-8.098,112.1615
2023-02-24,28.6,22.3,25.1,5.8,5.8,2.99,17.4,15.15,96,73,Blitar,-8.098,112.1615
2023-02-25,29.3,22.5,25.0,18.6,18.6,3.13,15.5,15.81,98,69,Blitar,-8.098,112.1615
2023-02-26,28.8,22.3,24.6,11.3,11.3,3.01,14.8,15.15,98,72,Blitar,-8.098,112.1615
2023-02-27,28.5,23.0,24.9,13.9,13.9,3.32,27.7,17.06,91,74,Blitar,-8.098,112.1615
2023-02-28,29.2,22.2,24.8,19.3,19.3,3.31,15.7,16.35,96,68,Blitar,-8.098,112.1615
2023-03-01,28.3,22.0,24.5,23.7,23.7,3.56,12.3,18.1,97,73,Blitar,-8.098,112.1615
2023-03-02,28.3,22.3,24.3,25.4,25.4,3.2,20.2,16.91,96,74,Blitar,-8.098,112.1615
2023-03-03,29.0,22.6,25.7,1.1,1.1,4.61,12.8,23.9,96,69,Blitar,-8.098,112.1615
2023-03-04,29.2,21.0,24.7,11.6,11.6,3.89,14.0,19.92,96,70,Blitar,-8.098,112.1615
2023-03-05,27.9,21.5,24.2,35.2,35.2,3.32,13.1,17.09,97,82,Blitar,-8.098,112.1615
2023-03-06,28.2,21.4,24.9,3.0,3.0,4.25,18.7,23.0,95,73,Blitar,-8.098,112.1615
2023-03-07,28.8,22.4,25.3,1.5,1.5,4.69,15.5,24.72,98,71,Blitar,-8.098,112.1615
2023-03-08,28.4,22.0,24.9,3.6,3.6,4.08,13.5,21.47,99,74,Blitar,-8.098,112.1615
2023-03-09,29.2,21.7,25.1,0.3,0.3,4.62,14.1,23.98,100,68,Blitar,-8.098,112.1615
2023-03-10,29.4,22.0,25.5,0.7,0.7,4.27,13.3,21.34,96,73,Blitar,-8.098,112.1615
2023-03-11,29.5,21.5,25.5,0.6,0.6,4.77,14.1,24.79,98,69,Blitar,-8.098,112.1615
2023-03-12,29.6,21.1,25.2,0.2,0.2,4.95,15.7,25.32,97,67,Blitar,-8.098,112.1615
2023-03-13,28.9,22.5,25.3,1.1,1.1,4.92,12.0,25.15,97,66,Blitar,-8.098,112.1615
2023-03-14,28.9,21.1,25.0,2.8,2.8,4.5,14.2,22.95,96,67,Blitar,-8.098,112.1615
2023-03-15,30.1,22.0,25.2,4.2,4.2,4.04,10.6,20.08,98,62,Blitar,-8.098,112.1615
2023-03-16,29.5,22.8,25.3,17.0,17.0,3.15,10.5,15.87,96,73,Blitar,-8.098,112.1615
2023-03-17,29.5,22.2,25.2,14.0,14.0,3.62,14.5,18.39,97,66,Blitar,-8.098,112.1615
2023-03-18,29.2,21.2,25.2,8.8,8.8,3.81,12.5,19.63,96,74,Blitar,-8.098,112.1615
2023-03-19,29.6,22.1,25.1,34.9,34.9,3.37,9.6,17.16,95,75,Blitar,-8.098,112.1615
2023-03-20,29.0,22.4,25.2,6.7,6.7,3.69,12.5,19.34,100,81,Blitar,-8.098,112.1615
2023-03-21,30.6,21.2,25.2,7.3,7.3,4.62,11.8,23.14,98,66,Blitar,-8.098,112.1615
2023-03-22,29.9,22.1,25.5,5.2,5.2,4.23,14.5,21.25,99,69,Blitar,-8.098,112.1615
2023-03-23,30.0,22.9,25.6,2.9,2.9,3.76,15.0,18.37,98,69,Blitar,-8.098,112.1615
2023-03-24,30.0,22.6,25.5,5.3,5.3,3.67,10.9,18.32,96,76,Blitar,-8.098,112.1615
2023-03-25,29.2,22.5,24.8,18.8,18.8,3.48,10.0,17.61,97,73,Blitar,-8.098,112.1615
2023-03-26,29.5,22.2,25.0,26.9,26.9,3.53,9.7,17.83,98,71,Blitar,-8.098,112.1615
2023-03-27,28.2,22.1,24.8,5.8,5.8,2.68,11.2,13.73,98,76,Blitar,-8.098,112.1615
2023-03-28,29.3,22.4,25.2,13.8,13.8,3.38,15.8,17.11,96,69,Blitar,-8.098,112.1615
2023-03-29,30.0,22.5,25.5,2.9,2.9,3.66,9.4,18.14,93,71,Blitar,-8.098,112.1615
2023-03-30,29.4,22.1,25.5,4.1,4.1,4.37,10.7,22.23,98,71,Blitar,-8.098,112.1615
2023-03-31,29.0,22.0,24.3,14.6,14.6,3.15,14.3,15.65,98,70,Blitar,-8.098,112.1615
2023-04-01,27.1,22.5,24.1,7.0,7.0,2.41,11.4,12.43,96,81,Blitar,-8.098,112.1615
2023-04-02,27.6,21.9,24.1,13.5,13.5,2.77,13.3,14.28,96,84,Blitar,-8.098,112.1615
2023-04-03,28.0,22.5,24.9,12.2,12.2,2.94,11.6,14.51,96,77,Blitar,-8.098,112.1615
2023-04-04,28.5,21.8,24.6,12.5,12.5,3.52,13.6,18.19,97,77,Blitar,-8.098,112.1615
2023-04-05,29.6,22.8,25.4,2.2,2.2,4.41,14.0,22.12,97,64,Blitar,-8.098,112.1615
2023-04-06,28.2,21.9,24.7,2.9,2.9,3.35,12.8,17.34,96,78,Blitar,-8.098,112.1615
2023-04-07,28.6,23.0,25.3,0.6,0.6,3.91,11.8,19.72,92,70,Blitar,-8.098,112.1615
2023-04-08,29.2,21.9,25.3,0.0,0.0,4.4,14.5,22.15,94,67,Blitar,-8.098,112.1615
2023-04-09,29.3,21.8,25.2,2.3,2.3,4.19,13.8,21.19,92,65,Blitar,-8.098,112.1615
2023-04-10,28.9,22.3,24.7,20.0,20.0,3.73,12.1,19.61,97,77,Blitar,-8.098,112.1615
2023-04-11,28.7,22.1,25.1,5.2,5.2,3.72,16.1,19.21,95,76,Blitar,-8.098,112.1615
2023-04-12,27.7,22.5,24.8,13.1,13.1,2.62,10.3,13.52,98,81,Blitar,-8.098,112.1615
2023-04-13,27.6,22.4,24.6,23.6,23.6,2.46,13.0,12.26,98,78,Blitar,-8.098,112.1615
2023-04-14,28.0,22.1,25.0,1.9,1.9,3.5,17.0,17.91,96,73,Blitar,-8.098,112.1615
2023-04-15,28.5,22.2,25.1,0.6,0.6,3.69,14.5,19.0,95,74,Blitar,-8.098,112.1615
2023-04-16,29.9,22.2,25.7,0.6,0.6,4.35,14.2,22.04,95,67,Blitar,-8.098,112.1615
2023-04-17,29.6,22.1,25.5,2.3,2.3,3.74,13.7,18.29,95,69,Blitar,-8.098,112.1615
2023-04-18,29.4,23.0,25.6,2.5,2.5,3.44,11.9,17.28,94,76,Blitar,-8.098,112.1615
2023-04-19,29.8,22.0,25.8,0.9,0.9,4.29,15.8,21.91,99,68,Blitar,-8.098,112.1615
2023-04-20,29.2,22.1,25.4,1.0,1.0,3.85,15.8,20.14,100,73,Blitar,-8.098,112.1615
2023-04-21,29.9,22.3,25.5,2.2,2.2,4.06,10.0,20.32,99,66,Blitar,-8.098,112.1615
2023-04-22,29.5,21.7,25.3,14.3,14.3,3.81,16.9,19.69,99,68,Blitar,-8.098,112.1615
2023-04-23,30.8,22.7,26.0,0.3,0.3,4.02,9.0,19.86,97,60,Blitar,-8.098,112.1615
2023-04-24,30.6,22.8,26.4,0.5,0.5,4.29,10.9,21.2,96,64,Blitar,-8.098,112.1615
2023-04-25,30.8,22.7,25.7,3.8,3.8,3.97,7.9,19.31,96,61,Blitar,-8.098,112.1615
2023-04-26,29.9,22.1,25.4,8.2,8.2,3.5,14.0,17.72,97,75,Blitar,-8.098,112.1615
2023-04-27,29.3,23.1,25.6,4.6,4.6,3.17,15.8,15.92,100,72,Blitar,-8.098,112.1615
2023-04-28,29.3,22.4,25.2,15.6,15.6,2.69,13.3,13.7,98,79,Blitar,-8.098,112.1615
2023-04-29,29.1,22.7,24.9,28.5,28.5,2.74,11.9,13.43,97,77,Blitar,-8.098,112.1615
2023-04-30,29.8,22.5,25.5,4.1,4.1,3.75,11.9,19.04,98,67,Blitar,-8.098,112.1615
2023-05-01,29.6,22.0,25.2,32.9,32.9,3.59,11.4,17.95,97,69,Blitar,-8.098,112.1615
2023-05-02,29.1,21.6,25.0,11.1,11.1,3.05,5.9,15.3,99,74,Blitar,-8.098,112.1615
2023-05-03,29.6,23.0,25.7,8.5,8.5,3.13,9.4,15.67,97,78,Blitar,-8.098,112.1615
2023-05-04,29.6,22.5,25.0,22.6,22.6,2.87,11.5,14.41,100,75,Blitar,-8.098,112.1615
2023-05-05,30.0,22.1,25.6,5.4,5.4,3.79,16.0,18.97,100,69,Blitar,-8.098,112.1615
2023-05-06,28.8,23.3,25.4,4.3,4.3,2.81,13.8,14.43,96,80,Blitar,-8.098,112.1615
2023-05-07,29.4,23.1,25.8,0.1,0.1,4.05,18.2,20.6,94,70,Blitar,-8.098,112.1615
2023-05-08,30.3,21.9,25.7,0.4,0.4,3.89,10.7,19.29,97,63,Blitar,-8.098,112.1615
2023-05-09,28.5,22.2,25.1,5.1,5.1,2.67,14.5,13.8,99,81,Blitar,-8.098,112.1615
2023-05-10,29.9,22.5,25.6,5.9,5.9,3.21,9.3,15.58,97,71,Blitar,-8.098,112.1615
2023-05-11,30.0,23.1,25.3,15.8,15.8,2.75,12.7,13.46,99,69,Blitar,-8.098,112.1615
2023-05-12,30.3,23.9,26.2,3.5,3.5,3.57,16.4,17.68,95,68,Blitar,-8.098,112.1615
2023-05-13,28.1,22.4,25.1,0.6,0.6,4.0,24.3,20.14,93,68,Blitar,-8.098,112.1615
2023-05-14,27.6,20.5,24.1,0.8,0.8,3.86,21.4,19.92,93,70,Blitar,-8.098,112.1615
2023-05-15,27.5,20.9,24.0,0.1,0.1,3.75,18.2,19.1,93,68,Blitar,-8.098,112.1615
2023-05-16,28.3,20.9,23.9,0.2,0.2,3.95,17.6,20.11,89,63,Blitar,-8.098,112.1615
2023-05-17,28.2,20.7,23.7,0.0,0.0,4.09,16.2,21.16,93,62,Blitar,-8.098,112.1615
2023-05-18,28.6,20.0,24.1,0.2,0.2,3.89,14.8,20.04,94,63,Blitar,-8.098,112.1615
2023-05-19,28.9,21.0,24.6,0.0,0.0,4.03,13.6,20.51,94,66,Blitar,-8.098,112.1615
2023-05-20,29.4,20.3,24.6,0.0,0.0,4.22,15.7,21.36,95,64,Blitar,-8.098,112.1615
2023-05-21,29.5,20.5,24.6,0.0,0.0,4.21,15.5,20.94,94,59,Blitar,-8.098,112.1615
2023-05-22,29.0,20.5,24.3,0.0,0.0,4.17,16.3,21.04,94,61,Blitar,-8.098,112.1615
2023-05-23,29.4,19.5,24.2,0.1,0.1,3.83,12.9,19.18,95,59,Blitar,-8.098,112.1615
2023-05-24,29.7,20.4,24.8,0.4,0.4,4.04,14.1,20.14,96,60,Blitar,-8.098,112.1615
2023-05-25,29.6,21.1,24.9,0.0,0.0,4.23,16.6,21.21,96,61,Blitar,-8.098,112.1615
2023-05-26,30.2,20.6,25.3,1.5,1.5,4.36,16.2,20.61,95,56,Blitar,-8.098,112.1615
2023-05-27,29.5,22.0,25.2,0.4,0.4,4.48,19.2,21.6,91,58,Blitar,-8.098,112.1615
2023-05-28,28.8,21.4,24.4,0.0,0.0,4.15,17.0,19.7,89,56,Blitar,-8.098,112.1615
2023-05-29,29.9,21.6,25.0,0.0,0.0,4.44,14.0,21.4,94,50,Blitar,-8.098,112.1615
2023-05-30,30.0,20.0,24.5,0.3,0.3,3.9,15.9,19.25,97,56,Blitar,-8.098,112.1615
2023-05-31,30.1,21.5,25.2,0.2,0.2,4.04,16.2,19.48,96,58,Blitar,-8.098,112.1615
2023-06-01,30.9,21.1,25.6,0.2,0.2,3.97,17.0,18.07,96,54,Blitar,-8.098,112.1615
2023-06-02,28.7,22.6,25.7,2.8,2.8,3.82,19.5,18.12,96,67,Blitar,-8.098,112.1615
2023-06-03,29.5,22.3,25.7,0.7,0.7,3.6,18.3,16.63,94,65,Blitar,-8.098,112.1615
2023-06-04,28.5,22.9,25.3,1.3,1.3,3.24,17.7,15.65,96,69,Blitar,-8.098,112.1615
2023-06-05,27.5,22.1,24.6,2.3,2.3,2.96,19.0,14.92,98,73,Blitar,-8.098,112.1615
2023-06-06,27.4,22.2,24.3,2.5,2.5,2.54,20.8,12.73,96,74,Blitar,-8.098,112.1615
2023-06-07,28.5,22.8,24.8,3.4,3.4,2.78,20.4,13.34,95,69,Blitar,-8.098,112.1615
2023-06-08,29.4,22.5,25.4,0.8,0.8,3.79,16.4,18.41,96,68,Blitar,-8.098,112.1615
2023-06-09,29.2,21.9,25.1,1.4,1.4,4.0,16.8,19.56,95,62,Blitar,-8.098,112.1615
2023-06-10,29.5,21.8,25.4,0.1,0.1,3.9,15.8,18.21,96,60,Blitar,-8.098,112.1615
2023-06-11,28.6,22.5,25.1,2.0,2.0,3.23,16.2,16.21,96,70,Blitar,-8.098,112.1615
2023-06-12,30.3,22.5,25.7,0.8,0.8,3.58,15.8,16.52,96,62,Blitar,-8.098,112.1615
2023-06-13,30.4,22.5,25.8,0.2,0.2,3.78,20.9,16.5,93,56,Blitar,-8.098,112.1615
2023-06-14,29.8,22.6,25.8,0.0,0.0,3.97,17.7,17.31,88,58,Blitar,-8.098,112.1615
2023-06-15,29.1,22.0,25.2,0.0,0.0,3.65,16.8,16.6,94,59,Blitar,-8.098,112.1615
2023-06-16,30.0,21.8,25.1,0.6,0.6,3.66,14.0,17.45,96,58,Blitar,-8.098,112.1615
2023-06-17,30.8,20.8,25.1,0.0,0.0,3.93,19.1,18.72,97,57,Blitar,-8.098,112.1615
2023-06-18,31.6,21.8,25.6,0.5,0.5,4.18,16.3,20.16,96,53,Blitar,-8.098,112.1615
2023-06-19,31.5,20.9,25.7,0.1,0.1,4.02,13.0,18.82,98,53,Blitar,-8.098,112.1615
2023-06-20,30.7,21.6,26.2,0.2,0.2,4.08,14.4,19.05,89,54,Blitar,-8.098,112.1615
2023-06-21,30.5,20.6,25.2,0.6,0.6,4.11,20.0,19.42,95,56,Blitar,-8.098,112.1615
2023-06-22,30.9,20.5,25.2,0.5,0.5,4.1,19.7,19.39,97,56,Blitar,-8.098,112.1615
2023-06-23,30.8,21.4,25.0,0.1,0.1,4.02,18.6,19.15,100,52,Blitar,-8.098,112.1615
2023-06-24,30.5,21.0,24.8,0.0,0.0,4.03,16.4,19.41,100,52,Blitar,-8.098,112.1615
2023-06-25,30.2,20.6,24.7,0.0,0.0,4.19,15.9,20.39,98,50,Blitar,-8.098,112.1615
2023-06-26,29.5,20.0,24.5,0.4,0.4,3.98,16.2,19.43,94,58,Blitar,-8.098,112.1615
2023-06-27,28.0,22.5,24.5,2.7,2.7,3.1,20.8,14.59,94,66,Blitar,-8.098,112.1615
2023-06-28,27.4,22.0,24.4,4.2,4.2,3.11,21.1,15.7,96,71,Blitar,-8.098,112.1615
2023-06-29,28.5,22.7,24.8,2.1,2.1,3.33,19.5,16.61,97,70,Blitar,-8.098,112.1615
2023-06-30,28.2,21.8,24.7,2.5,2.5,3.51,20.3,17.8,100,69,Blitar,-8.098,112.1615
2023-07-01,27.2,22.7,24.4,2.5,2.5,2.72,22.1,13.59,95,76,Blitar,-8.098,112.1615
2023-07-02,27.5,22.7,24.3,2.8,2.8,2.71,20.3,13.64,94,72,Blitar,-8.098,112.1615
2023-07-03,27.4,21.8,24.3,2.7,2.7,3.34,19.4,17.55,95,71,Blitar,-8.098,112.1615
2023-07-04,27.3,22.3,24.3,1.5,1.5,3.05,19.5,16.41,98,74,Blitar,-8.098,112.1615
2023-07-05,27.0,22.7,24.6,1.8,1.8,2.68,18.7,13.7,96,75,Blitar,-8.098,112.1615
2023-07-06,27.6,22.6,24.7,2.1,2.1,2.82,21.1,13.99,96,75,Blitar,-8.098,112.1615
2023-07-07,25.6,22.6,23.7,14.1,14.1,1.79,21.6,9.32,96,81,Blitar,-8.098,112.1615
2023-07-08,28.9,22.4,24.4,13.2,13.2,2.62,15.0,13.24,96,69,Blitar,-8.098,112.1615
2023-07-09,28.9,22.5,24.8,6.6,6.6,3.42,16.4,17.22,95,67,Blitar,-8.098,112.1615
2023-07-10,28.5,21.1,24.5,0.0,0.0,3.29,18.1,15.97,97,68,Blitar,-8.098,112.1615
2023-07-11,28.4,21.0,24.4,0.0,0.0,4.27,21.8,20.77,91,60,Blitar,-8.098,112.1615
2023-07-12,28.0,19.7,24.2,0.0,0.0,3.99,22.9,17.88,93,58,Blitar,-8.098,112.1615
2023-07-13,27.0,21.4,24.3,3.0,3.0,3.22,22.8,15.78,92,73,Blitar,-8.098,112.1615
2023-07-14,28.0,22.4,24.5,0.8,0.8,3.81,24.1,18.35,96,62,Blitar,-8.098,112.1615
2023-07-15,27.9,21.4,24.4,0.8,0.8,3.19,18.1,15.22,97,66,Blitar,-8.098,112.1615
2023-07-16,27.4,21.2,23.9,3.1,3.1,3.77,19.8,19.12,96,65,Blitar,-8.098,112.1615
2023-07-17,28.9,19.8,24.0,0.0,0.0,4.02,20.6,18.91,95,55,Blitar,-8.098,112.1615
2023-07-18,29.5,21.0,24.5,0.0,0.0,4.32,17.2,20.65,94,55,Blitar,-8.098,112.1615
2023-07-19,28.2,21.0,24.0,0.0,0.0,4.45,26.5,20.61,93,55,Blitar,-8.098,112.1615
2023-07-20,28.5,18.9,23.4,0.0,0.0,4.35,23.2,20.42,92,53,Blitar,-8.098,112.1615
2023-07-21,28.1,20.4,23.6,0.7,0.7,4.01,23.8,18.48,93,58,Blitar,-8.098,112.1615
2023-07-22,29.1,19.6,24.3,0.0,0.0,4.35,19.8,19.73,91,57,Blitar,-8.098,112.1615
2023-07-23,28.9,21.5,24.8,0.0,0.0,4.89,20.1,21.81,85,53,Blitar,-8.098,112.1615
2023-07-24,29.8,19.6,24.0,0.0,0.0,4.09,18.5,19.61,98,54,Blitar,-8.098,112.1615
2023-07-25,30.5,19.5,24.0,0.0,0.0,4.37,16.8,21.07,100,52,Blitar,-8.098,112.1615
2023-07-26,28.8,20.0,23.9,0.0,0.0,4.5,20.0,22.17,95,54,Blitar,-8.098,112.1615
2023-07-27,28.5,17.0,22.8,0.0,0.0,4.35,21.1,21.45,98,53,Blitar,-8.098,112.1615
2023-07-28,29.0,20.2,23.9,0.0,0.0,4.49,20.5,20.02,94,48,Blitar,-8.098,112.1615
2023-07-29,28.1,19.6,23.8,0.0,0.0,4.66,20.4,21.84,92,55,Blitar,-8.098,112.1615
2023-07-30,28.0,18.8,23.3,1.0,1.0,4.06,22.7,17.77,92,54,Blitar,-8.098,112.1615
2023-07-31,28.8,19.7,23.7,0.0,0.0,3.92,19.4,18.77,95,55,Blitar,-8.098,112.1615
2023-08-01,30.1,20.2,24.2,0.0,0.0,3.97,21.2,19.4,98,53,Blitar,-8.098,112.1615
2023-08-02,30.0,20.2,24.2,0.0,0.0,3.97,16.2,19.79,100,59,Blitar,-8.098,112.1615
2023-08-03,28.9,21.0,24.8,0.5,0.5,3.26,17.4,14.25,100,60,Blitar,-8.098,112.1615
2023-08-04,28.1,22.0,24.5,1.1,1.1,4.06,23.4,18.34,96,57,Blitar,-8.098,112.1615
2023-08-05,29.8,20.6,24.5,2.4,2.4,3.95,22.2,17.95,94,56,Blitar,-8.098,112.1615
2023-08-06,28.5,21.7,24.5,2.0,2.0,3.71,16.6,18.07,95,61,Blitar,-8.098,112.1615
2023-08-07,29.7,21.4,24.8,0.3,0.3,4.3,20.2,19.97,96,56,Blitar,-8.098,112.1615
2023-08-08,29.5,19.6,23.9,0.0,0.0,4.44,18.7,21.32,98,53,Blitar,-8.098,112.1615
2023-08-09,29.8,18.3,23.8,0.0,0.0,4.56,20.6,21.38,95,48,Blitar,-8.098,112.1615
2023-08-10,29.0,19.2,23.2,0.0,0.0,4.74,19.3,23.76,97,48,Blitar,-8.098,112.1615
2023-08-11,28.9,17.5,22.6,0.0,0.0,4.71,20.1,23.38,100,48,Blitar,-8.098,112.1615
2023-08-12,29.5,17.2,22.7,0.0,0.0,4.44,19.4,22.43,100,50,Blitar,-8.098,112.1615
2023-08-13,29.6,18.5,23.4,0.0,0.0,4.64,15.2,22.55,100,52,Blitar,-8.098,112.1615
2023-08-14,29.7,18.3,23.7,0.0,0.0,4.83,19.5,23.1,97,49,Blitar,-8.098,112.1615
2023-08-15,30.7,19.8,24.3,0.1,0.1,4.7,20.8,22.08,100,48,Blitar,-8.098,112.1615
2023-08-16,30.5,20.1,24.4,0.0,0.0,5.14,24.3,23.66,96,46,Blitar,-8.098,112.1615
2023-08-17,27.1,19.9,23.3,1.6,1.6,3.87,23.7,17.94,96,61,Blitar,-8.098,112.1615
2023-08-18,28.5,19.8,23.6,0.0,0.0,4.17,22.4,18.99,95,52,Blitar,-8.098,112.1615
2023-08-19,30.4,19.1,24.1,0.0,0.0,4.38,17.4,19.84,100,48,Blitar,-8.098,112.1615
2023-08-20,29.1,20.1,24.1,0.3,0.3,4.04,20.3,18.98,98,56,Blitar,-8.098,112.1615
2023-08-21,30.1,19.4,24.5,0.0,0.0,4.88,23.4,21.08,97,50,Blitar,-8.098,112.1615
2023-08-22,29.3,20.6,24.4,0.0,0.0,4.12,22.1,17.25,94,52,Blitar,-8.098,112.1615
2023-08-23,28.1,20.4,24.0,0.3,0.3,4.03,21.8,17.61,94,56,Blitar,-8.098,112.1615
2023-08-24,30.5,20.1,24.5,0.0,0.0,4.69,21.8,21.38,91,50,Blitar,-8.098,112.1615
2023-08-25,29.5,21.5,24.8,0.3,0.3,4.26,21.9,18.75,93,57,Blitar,-8.098,112.1615
2023-08-26,28.8,21.2,24.5,0.3,0.3,3.98,17.9,17.44,95,60,Blitar,-8.098,112.1615
2023-08-27,29.5,19.4,23.7,0.0,0.0,4.46,20.6,21.57,97,52,Blitar,-8.098,112.1615
2023-08-28,30.4,18.9,24.0,0.0,0.0,5.03,21.0,24.04,99,48,Blitar,-8.098,112.1615
2023-08-29,31.4,20.5,24.8,0.0,0.0,5.23,21.9,23.71,100,45,Blitar,-8.098,112.1615
2023-08-30,31.4,19.1,24.4,0.0,0.0,4.67,23.4,22.35,98,45,Blitar,-8.098,112.1615
2023-08-31,30.0,21.4,24.8,0.3,0.3,4.73,21.5,21.26,97,47,Blitar,-8.098,112.1615
2023-09-01,29.9,20.4,24.1,0.5,0.5,4.96,19.7,22.69,99,47,Blitar,-8.098,112.1615
2023-09-02,28.9,17.2,23.2,0.1,0.1,4.36,22.4,19.93,94,45,Blitar,-8.098,112.1615
2023-09-03,30.0,19.5,24.0,0.1,0.1,4.72,25.0,20.78,95,38,Blitar,-8.098,112.1615
2023-09-04,29.8,19.9,24.3,0.0,0.0,5.82,21.3,25.25,92,38,Blitar,-8.098,112.1615
2023-09-05,30.5,19.8,24.3,0.0,0.0,5.13,22.9,23.23,91,46,Blitar,-8.098,112.1615
2023-09-06,30.0,21.2,24.9,0.0,0.0,4.93,24.6,20.87,95,51,Blitar,-8.098,112.1615
2023-09-07,30.0,20.7,24.4,0.1,0.1,4.8,24.6,22.03,96,51,Blitar,-8.098,112.1615
2023-09-08,31.2,18.9,24.2,0.0,0.0,5.52,21.3,25.28,99,42,Blitar,-8.098,112.1615
2023-09-09,30.5,17.0,23.4,0.0,0.0,5.53,20.2,26.15,98,42,Blitar,-8.098,112.1615
2023-09-10,29.9,18.9,24.1,0.7,0.7,4.63,22.9,20.56,98,50,Blitar,-8.098,112.1615
2023-09-11,31.1,20.9,25.2,0.1,0.1,4.41,21.7,19.29,95,50,Blitar,-8.098,112.1615
2023-09-12,30.6,21.9,25.3,0.5,0.5,4.93,22.9,22.63,96,52,Blitar,-8.098,112.1615
2023-09-13,30.3,21.8,25.2,1.4,1.4,4.77,22.1,21.48,96,54,Blitar,-8.098,112.1615
2023-09-14,27.5,22.2,24.7,2.4,2.4,3.44,22.6,13.59,93,60,Blitar,-8.098,112.1615
2023-09-15,31.1,21.4,25.4,0.5,0.5,5.15,23.3,21.85,94,47,Blitar,-8.098,112.1615
2023-09-16,30.8,20.9,25.1,1.1,1.1,4.6,21.6,20.37,94,49,Blitar,-8.098,112.1615
2023-09-17,30.8,22.2,25.5,0.1,0.1,5.03,21.9,22.31,96,50,Blitar,-8.098,112.1615
2023-09-18,29.9,21.7,24.7,0.4,0.4,4.84,22.4,22.31,99,52,Blitar,-8.098,112.1615
2023-09-19,30.5,20.1,24.4,0.0,0.0,5.23,24.4,24.81,100,50,Blitar,-8.098,112.1615
2023-09-20,31.1,20.0,24.8,0.0,0.0,5.6,21.9,25.92,99,47,Blitar,-8.098,112.1615
2023-09-21,31.3,20.1,24.6,0.0,0.0,5.65,23.2,26.29,98,43,Blitar,-8.098,112.1615
2023-09-22,30.8,19.5,24.5,0.0,0.0,5.83,24.9,26.44,100,33,Blitar,-8.098,112.1615
2023-09-23,30.5,19.1,24.5,0.3,0.3,4.88,20.5,22.52,97,48,Blitar,-8.098,112.1615
2023-09-24,31.1,21.3,25.3,0.0,0.0,4.97,22.1,22.85,95,46,Blitar,-8.098,112.1615
2023-09-25,30.3,22.0,25.3,1.1,1.1,5.32,25.4,24.79,97,49,Blitar,-8.098,112.1615
2023-09-26,31.1,19.9,25.0,0.0,0.0,5.68,23.2,26.24,98,40,Blitar,-8.098,112.1615
2023-09-27,31.0,20.8,25.2,0.2,0.2,4.95,20.5,22.55,96,49,Blitar,-8.098,112.1615
2023-09-28,31.1,22.5,25.8,0.6,0.6,5.16,20.4,23.87,95,52,Blitar,-8.098,112.1615
2023-09-29,32.3,22.3,26.1,0.0,0.0,5.65,22.9,26.14,95,47,Blitar,-8.098,112.1615
2023-09-30,32.0,22.7,26.1,0.2,0.2,5.74,22.0,26.21,96,44,Blitar,-8.098,112.1615
2023-10-01,31.3,19.4,25.3,0.0,0.0,5.65,22.6,26.35,98,46,Blitar,-8.098,112.1615
2023-10-02,29.5,20.8,25.0,2.7,2.7,4.97,20.8,23.63,96,54,Blitar,-8.098,112.1615
2023-10-03,29.1,20.5,24.7,1.9,1.9,4.35,19.6,20.65,100,60,Blitar,-8.098,112.1615
2023-10-04,31.9,20.9,25.9,2.2,2.2,5.1,20.5,23.18,98,50,Blitar,-8.098,112.1615
2023-10-05,33.2,22.2,26.8,0.3,0.3,5.11,22.3,21.93,98,48,Blitar,-8.098,112.1615
2023-10-06,32.4,23.0,26.9,0.2,0.2,5.53,19.2,24.75,97,51,Blitar,-8.098,112.1615
2023-10-07,32.3,23.4,27.0,0.7,0.7,5.56,20.4,24.43,96,50,Blitar,-8.098,112.1615
2023-10-08,33.2,23.0,27.2,2.1,2.1,5.24,19.7,22.37,95,44,Blitar,-8.098,112.1615
2023-10-09,33.5,21.6,26.8,0.6,0.6,5.25,20.3,22.45,95,42,Blitar,-8.098,112.1615
2023-10-10,31.9,21.0,25.9,0.1,0.1,5.67,22.4,26.02,100,46,Blitar,-8.098,112.1615
2023-10-11,32.3,22.0,26.3,0.0,0.0,5.8,22.2,26.58,97,46,Blitar,-8.098,112.1615
2023-10-12,32.8,22.3,26.6,0.3,0.3,5.36,19.3,23.09,98,42,Blitar,-8.098,112.1615
2023-10-13,32.7,21.1,26.5,0.2,0.2,5.37,20.3,23.46,99,45,Blitar,-8.098,112.1615
2023-10-14,32.7,23.3,27.0,0.9,0.9,5.26,18.3,23.11,92,46,Blitar,-8.098,112.1615
2023-10-15,33.0,22.0,26.9,1.1,1.1,5.36,16.2,23.63,98,45,Blitar,-8.098,112.1615
2023-10-16,32.5,23.6,27.3,0.0,0.0,5.33,20.5,22.79,94,50,Blitar,-8.098,112.1615
2023-10-17,33.8,23.1,27.0,0.5,0.5,5.49,19.8,24.57,95,41,Blitar,-8.098,112.1615
2023-10-18,32.3,22.9,26.7,3.1,3.1,5.26,18.8,23.55,95,53,Blitar,-8.098,112.1615
2023-10-19,32.3,22.4,26.7,1.7,1.7,5.2,17.4,23.48,97,46,Blitar,-8.098,112.1615
2023-10-20,31.7,22.1,26.3,0.4,0.4,5.27,19.0,23.55,100,51,Blitar,-8.098,112.1615
2023-10-21,32.4,21.5,25.9,0.0,0.0,5.82,20.5,26.31,100,43,Blitar,-8.098,112.1615
2023-10-22,31.6,22.6,26.2,0.2,0.2,5.41,17.7,25.38,98,53,Blitar,-8.098,112.1615
2023-10-23,32.3,22.4,26.2,0.7,0.7,4.81,15.6,21.63,100,51,Blitar,-8.098,112.1615
2023-10-24,32.3,22.2,26.5,0.5,0.5,5.3,19.4,23.32,99,47,Blitar,-8.098,112.1615
2023-10-25,32.2,22.5,26.5,1.2,1.2,5.26,18.2,23.45,100,49,Blitar,-8.098,112.1615
2023-10-26,32.5,22.8,26.9,1.5,1.5,5.39,20.4,23.95,98,50,Blitar,-8.098,112.1615
2023-10-27,32.0,23.4,26.9,1.9,1.9,5.45,19.8,24.63,98,53,Blitar,-8.098,112.1615
2023-10-28,31.5,22.2,26.2,5.3,5.3,4.85,16.1,22.81,98,56,Blitar,-8.098,112.1615
2023-10-29,32.0,21.7,26.6,0.5,0.5,5.36,20.7,23.84,100,49,Blitar,-8.098,112.1615
2023-10-30,31.5,22.4,26.4,2.5,2.5,5.03,19.1,23.12,99,52,Blitar,-8.098,112.1615
2023-10-31,32.8,22.2,27.1,0.3,0.3,5.62,20.3,24.71,100,49,Blitar,-8.098,112.1615
2023-11-01,33.3,22.2,27.5,0.7,0.7,6.08,21.0,26.02,98,43,Blitar,-8.098,112.1615
2023-11-02,33.3,22.1,27.5,0.4,0.4,6.11,22.3,26.34,98,42,Blitar,-8.098,112.1615
2023-11-03,32.9,23.3,27.1,7.2,7.2,4.67,21.8,20.87,97,49,Blitar,-8.098,112.1615
2023-11-04,32.1,22.9,27.1,2.5,2.5,5.22,20.5,23.52,97,51,Blitar,-8.098,112.1615
2023-11-05,32.2,23.0,27.1,3.3,3.3,4.83,15.7,22.05,94,56,Blitar,-8.098,112.1615
2023-11-06,32.5,24.2,27.4,0.8,0.8,5.29,17.3,23.64,95,51,Blitar,-8.098,112.1615
2023-11-07,31.4,22.8,27.0,0.8,0.8,5.04,17.3,22.88,95,56,Blitar,-8.098,112.1615
2023-11-08,33.0,23.0,27.3,1.8,1.8,5.38,16.3,24.58,99,52,Blitar,-8.098,112.1615
2023-11-09,32.3,24.2,27.6,0.0,0.0,5.25,19.8,23.58,96,52,Blitar,-8.098,112.1615
2023-11-10,31.2,24.1,26.8,3.9,3.9,4.09,17.2,18.69,96,59,Blitar,-8.098,112.1615
2023-11-11,31.2,22.5,26.2,6.1,6.1,4.31,17.3,19.88,95,58,Blitar,-8.098,112.1615
2023-11-12,30.8,22.0,25.9,2.6,2.6,4.62,18.2,22.46,98,60,Blitar,-8.098,112.1615
2023-11-13,31.4,22.0,26.1,5.3,5.3,4.32,15.6,20.4,98,58,Blitar,-8.098,112.1615
2023-11-14,31.1,22.5,26.2,2.9,2.9,4.12,16.8,19.61,98,63,Blitar,-8.098,112.1615
2023-11-15,30.5,23.6,26.3,2.2,2.2,4.13,17.7,20.12,97,67,Blitar,-8.098,112.1615
2023-11-16,31.0,23.5,26.5,0.6,0.6,4.61,20.1,22.08,99,62,Blitar,-8.098,112.1615
2023-11-17,30.7,22.4,26.4,0.0,0.0,5.23,18.7,24.71,98,59,Blitar,-8.098,112.1615
2023-11-18,30.2,22.0,25.8,1.7,1.7,4.95,20.9,24.31,98,61,Blitar,-8.098,112.1615
2023-11-19,30.5,22.9,26.3,2.6,2.6,5.08,20.6,24.24,98,61,Blitar,-8.098,112.1615
2023-11-20,31.5,22.3,26.6,1.1,1.1,4.76,22.7,21.08,99,58,Blitar,-8.098,112.1615
2023-11-21,32.8,22.6,27.5,0.4,0.4,5.63,18.5,24.52,96,51,Blitar,-8.098,112.1615
2023-11-22,32.2,23.6,27.6,1.6,1.6,5.18,20.3,22.78,95,52,Blitar,-8.098,112.1615
2023-11-23,32.9,23.5,27.4,2.0,2.0,4.84,15.8,21.36,98,53,Blitar,-8.098,112.1615
2023-11-24,31.2,23.0,26.5,3.2,3.2,3.96,15.1,18.71,99,63,Blitar,-8.098,112.1615
2023-11-25,32.2,23.0,25.8,7.3,7.3,4.2,13.3,20.01,96,57,Blitar,-8.098,112.1615
2023-11-26,30.6,22.5,26.3,1.6,1.6,4.84,19.2,23.5,94,61,Blitar,-8.098,112.1615
2023-11-27,30.8,21.9,26.4,5.3,5.3,4.78,13.8,22.73,94,57,Blitar,-8.098,112.1615
2023-11-28,28.9,22.5,25.6,8.7,8.7,3.35,13.8,15.75,99,69,Blitar,-8.098,112.1615
2023-11-29,31.1,23.0,26.1,3.4,3.4,3.9,16.5,17.88,98,60,Blitar,-8.098,112.1615
2023-11-30,29.8,23.1,25.5,5.0,5.0,3.29,14.7,15.85,99,67,Blitar,-8.098,112.1615
2023-12-01,27.5,23.5,24.6,11.7,11.7,1.95,12.3,9.43,98,78,Blitar,-8.098,112.1615
2023-12-02,28.6,23.0,25.0,7.2,7.2,2.56,14.6,12.64,97,76,Blitar,-8.098,112.1615
2023-12-03,30.0,22.5,25.7,5.0,5.0,3.78,14.5,18.57,96,68,Blitar,-8.098,112.1615
2023-12-04,29.5,23.0,25.8,3.6,3.6,3.5,14.3,16.8,94,66,Blitar,-8.098,112.1615
2023-12-05,29.4,23.4,25.7,4.1,4.1,3.32,15.3,16.44,96,70,Blitar,-8.098,112.1615
2023-12-06,30.9,23.0,26.6,0.2,0.2,4.93,16.0,23.81,95,62,Blitar,-8.098,112.1615
2023-12-07,30.0,23.1,26.2,4.0,4.0,4.12,14.4,20.34,97,68,Blitar,-8.098,112.1615
2023-12-08,29.6,23.6,26.2,5.6,5.6,3.35,14.2,15.98,98,70,Blitar,-8.098,112.1615
2023-12-09,30.1,23.6,26.4,2.0,2.0,4.0,15.0,18.69,97,65,Blitar,-8.098,112.1615
2023-12-10,30.2,23.5,26.0,8.5,8.5,3.81,15.9,18.1,96,64,Blitar,-8.098,112.1615
2023-12-11,30.4,22.4,26.1,0.3,0.3,4.73,18.8,21.61,98,55,Blitar,-8.098,112.1615
2023-12-12,30.2,22.4,26.1,2.5,2.5,4.35,21.1,21.19,92,65,Blitar,-8.098,112.1615
2023-12-13,28.9,23.6,25.6,10.3,10.3,3.34,15.1,16.57,95,74,Blitar,-8.098,112.1615
2023-12-14,30.0,22.8,25.9,0.4,0.4,3.76,15.5,17.54,98,63,Blitar,-8.098,112.1615
2023-12-15,29.2,22.9,25.9,1.6,1.6,3.89,19.6,18.32,96,64,Blitar,-8.098,112.1615
2023-12-16,30.7,22.1,26.2,0.4,0.4,4.92,17.4,23.11,94,59,Blitar,-8.098,112.1615
2023-12-17,31.1,23.5,26.8,0.0,0.0,5.42,18.2,24.5,86,53,Blitar,-8.098,112.1615
2023-12-18,31.2,21.4,26.1,0.0,0.0,5.84,18.8,26.73,94,48,Blitar,-8.098,112.1615
2023-12-19,31.0,21.9,26.1,0.0,0.0,5.98,17.3,26.07,87,41,Blitar,-8.098,112.1615
2023-12-20,32.0,21.8,26.7,0.0,0.0,6.18,17.3,25.68,78,40,Blitar,-8.098,112.1615
2023-12-21,32.8,21.9,26.9,0.0,0.0,5.87,18.4,25.38,77,40,Blitar,-8.098,112.1615
2023-12-22,32.1,22.3,27.2,0.5,0.5,4.99,19.1,20.55,87,48,Blitar,-8.098,112.1615
2023-12-23,33.5,23.0,27.8,0.0,0.0,6.18,18.8,26.36,88,42,Blitar,-8.098,112.1615
2023-12-24,33.3,21.9,27.7,0.6,0.6,5.65,15.5,24.51,93,44,Blitar,-8.098,112.1615
2023-12-25,33.8,24.9,27.8,1.4,1.4,4.61,14.5,21.14,93,45,Blitar,-8.098,112.1615
2023-12-26,30.4,23.1,26.7,1.8,1.8,3.93,14.3,18.3,94,63,Blitar,-8.098,112.1615
2023-12-27,30.6,23.3,26.7,2.1,2.1,3.89,14.6,17.85,96,63,Blitar,-8.098,112.1615
2023-12-28,31.8,23.5,26.4,9.9,9.9,3.64,14.5,17.0,98,58,Blitar,-8.098,112.1615
2023-12-29,32.0,23.6,26.9,2.0,2.0,4.1,16.5,18.8,99,58,Blitar,-8.098,112.1615
2023-12-30,30.9,23.4,26.9,13.5,13.5,4.14,14.9,18.77,98,63,Blitar,-8.098,112.1615
2023-12-31,31.1,23.3,26.6,2.2,2.2,4.28,16.0,20.54,99,64,Blitar,-8.098,112.1615
2024-01-01,30.7,23.8,26.5,7.3,7.3,2.97,10.8,13.91,97,65,Blitar,-8.098,112.1615
2024-01-02,30.5,23.1,26.0,10.1,10.1,3.59,12.8,17.36,99,71,Blitar,-8.098,112.1615
2024-01-03,31.5,23.5,26.3,15.7,15.7,3.74,10.3,17.87,98,65,Blitar,-8.098,112.1615
2024-01-04,30.0,22.9,25.5,18.7,18.7,3.44,12.0,16.93,99,71,Blitar,-8.098,112.1615
2024-01-05,29.6,22.6,25.6,4.9,4.9,3.33,12.6,16.59,98,75,Blitar,-8.098,112.1615
2024-01-06,29.9,23.9,26.1,14.8,14.8,3.33,11.9,16.45,96,71,Blitar,-8.098,112.1615
2024-01-07,29.8,23.4,25.4,51.8,51.8,2.6,10.8,12.49,97,72,Blitar,-8.098,112.1615
2024-01-08,29.6,23.0,26.0,5.1,5.1,3.59,10.0,17.78,98,68,Blitar,-8.098,112.1615
2024-01-09,29.5,23.5,26.1,7.2,7.2,3.48,10.9,16.97,100,74,Blitar,-8.098,112.1615
2024-01-10,30.8,23.1,25.9,11.6,11.6,3.66,10.1,17.69,98,69,Blitar,-8.098,112.1615
2024-01-11,30.1,23.5,26.4,1.1,1.1,4.35,19.7,21.89,97,72,Blitar,-8.098,112.1615
2024-01-12,29.9,22.7,26.1,0.0,0.0,4.6,19.5,22.1,96,60,Blitar,-8.098,112.1615
2024-01-13,29.8,22.6,26.3,1.7,1.7,4.51,19.7,22.04,96,67,Blitar,-8.098,112.1615
2024-01-14,30.1,23.0,26.2,0.0,0.0,3.92,15.4,17.52,90,59,Blitar,-8.098,112.1615
2024-01-15,30.1,23.0,26.4,0.9,0.9,4.87,15.3,23.97,94,65,Blitar,-8.098,112.1615
2024-01-16,30.4,23.2,26.4,4.7,4.7,4.71,16.4,23.5,95,65,Blitar,-8.098,112.1615
2024-01-17,30.2,22.5,25.8,17.2,17.2,3.29,17.4,16.35,100,70,Blitar,-8.098,112.1615
2024-01-18,29.0,23.8,25.4,9.2,9.2,2.87,16.5,14.5,96,74,Blitar,-8.098,112.1615
2024-01-19,27.4,22.6,24.6,14.2,14.2,3.21,17.7,16.91,96,78,Blitar,-8.098,112.1615
2024-01-20,28.9,21.8,25.1,3.4,3.4,4.44,19.4,23.7,95,72,Blitar,-8.098,112.1615
2024-01-21,29.1,22.6,25.6,2.1,2.1,3.79,16.9,19.03,97,70,Blitar,-8.098,112.1615
2024-01-22,29.2,22.9,25.9,2.8,2.8,3.85,16.9,19.74,96,72,Blitar,-8.098,112.1615
2024-01-23,30.2,23.5,26.3,0.8,0.8,4.25,16.8,20.61,95,67,Blitar,-8.098,112.1615
2024-01-24,30.2,22.8,25.5,16.5,16.5,3.44,10.3,17.15,94,71,Blitar,-8.098,112.1615
2024-01-25,30.9,22.9,26.1,5.7,5.7,4.52,11.6,22.24,96,63,Blitar,-8.098,112.1615
2024-01-26,30.4,23.0,25.5,11.9,11.9,3.84,11.2,18.93,99,67,Blitar,-8.098,112.1615
2024-01-27,29.2,22.6,25.1,24.9,24.9,3.2,8.9,16.22,96,74,Blitar,-8.098,112.1615
2024-01-28,29.0,22.2,25.0,19.1,19.1,3.23,11.5,16.67,100,78,Blitar,-8.098,112.1615
2024-01-29,29.5,22.8,25.3,9.8,9.8,3.28,10.4,16.21,98,74,Blitar,-8.098,112.1615
2024-01-30,29.0,22.5,25.3,6.1,6.1,3.75,9.5,19.12,98,78,Blitar,-8.098,112.1615
2024-01-31,30.0,22.2,25.7,5.9,5.9,4.72,11.4,23.9,97,72,Blitar,-8.098,112.1615
2024-02-01,30.6,22.5,25.9,9.1,9.1,4.53,11.0,22.43,96,64,Blitar,-8.098,112.1615
2024-02-02,29.4,22.8,25.6,26.2,26.2,3.55,15.8,17.81,96,76,Blitar,-8.098,112.1615
2024-02-03,25.4,22.8,24.1,41.8,41.8,1.15,8.4,5.24,98,89,Blitar,-8.098,112.1615
2024-02-04,29.1,23.0,25.5,2.3,2.3,4.16,15.1,21.4,96,72,Blitar,-8.098,112.1615
2024-02-05,29.5,22.6,25.3,16.0,16.0,3.84,12.2,19.36,98,71,Blitar,-8.098,112.1615
2024-02-06,28.1,22.8,24.9,36.6,36.6,2.78,12.5,14.28,97,85,Blitar,-8.098,112.1615
2024-02-07,29.7,23.0,25.4,3.9,3.9,3.72,11.1,18.36,96,71,Blitar,-8.098,112.1615
2024-02-08,30.0,22.6,25.3,3.0,3.0,4.09,10.6,20.42,95,72,Blitar,-8.098,112.1615
2024-02-09,29.5,22.3,25.5,2.5,2.5,4.34,13.0,22.13,96,75,Blitar,-8.098,112.1615
2024-02-10,29.2,22.7,25.3,8.7,8.7,3.38,9.6,16.96,98,79,Blitar,-8.098,112.1615
2024-02-11,29.5,23.0,25.1,7.5,7.5,3.43,11.9,17.64,98,77,Blitar,-8.098,112.1615
2024-02-12,30.0,23.0,26.1,4.4,4.4,4.25,12.8,21.42,97,72,Blitar,-8.098,112.1615
2024-02-13,30.5,22.9,26.6,1.5,1.5,4.83,12.8,24.14,96,66,Blitar,-8.098,112.1615
2024-02-14,29.6,23.4,26.3,1.2,1.2,3.34,11.9,16.39,96,77,Blitar,-8.098,112.1615
2024-02-15,30.6,24.0,27.1,1.1,1.1,4.33,11.2,21.53,90,66,Blitar,-8.098,112.1615
2024-02-16,30.8,22.6,26.8,2.6,2.6,4.69,11.2,23.25,100,66,Blitar,-8.098,112.1615
2024-02-17,29.1,24.1,26.1,2.2,2.2,3.94,11.9,19.89,97,76,Blitar,-8.098,112.1615
2024-02-18,28.9,23.0,25.9,3.6,3.6,3.96,13.0,20.39,96,75,Blitar,-8.098,112.1615
2024-02-19,31.2,23.1,26.2,12.0,12.0,4.23,9.4,20.7,97,67,Blitar,-8.098,112.1615
2024-02-20,31.2,23.6,26.5,11.4,11.4,4.43,10.5,21.87,98,71,Blitar,-8.098,112.1615
2024-02-21,30.5,23.0,26.7,2.1,2.1,4.71,16.8,23.84,96,73,Blitar,-8.098,112.1615
2024-02-22,31.4,23.2,27.2,2.2,2.2,4.83,9.1,23.35,99,64,Blitar,-8.098,112.1615
2024-02-23,30.8,24.2,26.3,9.9,9.9,3.45,11.7,16.8,96,71,Blitar,-8.098,112.1615
2024-02-24,30.1,24.1,26.1,33.3,33.3,3.5,14.8,17.39,96,71,Blitar,-8.098,112.1615
2024-02-25,29.7,23.5,25.7,22.7,22.7,3.39,18.3,17.15,96,70,Blitar,-8.098,112.1615
2024-02-26,29.5,22.3,25.6,8.7,8.7,3.94,11.5,20.11,98,75,Blitar,-8.098,112.1615
2024-02-27,29.9,23.6,26.3,3.9,3.9,3.66,10.6,17.9,98,73,Blitar,-8.098,112.1615
2024-02-28,30.1,23.9,26.1,15.9,15.9,3.69,12.1,18.45,96,74,Blitar,-8.098,112.1615
2024-02-29,30.4,23.5,25.8,27.6,27.6,3.57,9.8,17.72,97,74,Blitar,-8.098,112.1615
2024-03-01,27.5,23.9,25.4,16.2,16.2,2.84,13.1,14.77,97,83,Blitar,-8.098,112.1615
2024-03-02,29.5,23.0,25.8,4.9,4.9,3.42,6.9,17.11,98,74,Blitar,-8.098,112.1615
2024-03-03,29.6,23.5,26.0,22.7,22.7,3.99,8.4,20.19,96,79,Blitar,-8.098,112.1615
2024-03-04,28.0,24.0,25.6,12.6,12.6,2.62,11.3,13.32,96,85,Blitar,-8.098,112.1615
2024-03-05,29.4,23.6,25.9,23.7,23.7,3.31,8.9,16.53,98,81,Blitar,-8.098,112.1615
2024-03-06,30.4,23.9,26.2,24.8,24.8,3.5,9.5,17.45,99,74,Blitar,-8.098,112.1615
2024-03-07,29.5,24.0,26.0,14.7,14.7,2.77,10.5,13.39,96,78,Blitar,-8.098,112.1615
2024-03-08,30.2,24.1,26.0,21.4,21.4,3.17,8.3,15.85,97,77,Blitar,-8.098,112.1615
2024-03-09,27.4,23.7,25.3,14.4,14.4,1.84,15.2,8.65,97,82,Blitar,-8.098,112.1615
2024-03-10,28.9,23.5,25.7,7.1,7.1,2.83,14.0,13.56,92,72,Blitar,-8.098,112.1615
2024-03-11,29.8,24.7,26.7,1.1,1.1,3.55,20.3,15.43,87,72,Blitar,-8.098,112.1615
2024-03-12,29.1,25.4,26.9,0.6,0.6,4.19,32.5,17.09,86,74,Blitar,-8.098,112.1615
2024-03-13,28.2,25.4,26.4,1.3,1.3,3.85,32.2,15.97,86,78,Blitar,-8.098,112.1615
2024-03-14,27.9,24.7,25.8,13.1,13.1,2.81,29.6,12.01,92,77,Blitar,-8.098,112.1615
2024-03-15,28.2,23.5,25.6,12.7,12.7,2.93,20.7,14.0,94,73,Blitar,-8.098,112.1615
2024-03-16,30.1,23.7,26.3,2.2,2.2,4.65,15.8,23.43,93,66,Blitar,-8.098,112.1615
2024-03-17,29.4,23.0,25.4,8.3,8.3,4.05,14.2,20.85,95,72,Blitar,-8.098,112.1615
2024-03-18,29.4,23.2,26.6,1.2,1.2,4.06,16.6,19.58,96,67,Blitar,-8.098,112.1615
2024-03-19,31.1,21.5,26.3,0.0,0.0,5.19,16.9,25.67,95,58,Blitar,-8.098,112.1615
2024-03-20,31.1,20.8,26.0,1.1,1.1,5.26,14.1,25.71,96,59,Blitar,-8.098,112.1615
2024-03-21,30.8,22.5,25.8,3.6,3.6,4.59,8.7,22.55,98,63,Blitar,-8.098,112.1615
2024-03-22,29.6,22.1,26.0,0.7,0.7,4.27,10.3,21.39,96,70,Blitar,-8.098,112.1615
2024-03-23,30.2,22.3,26.2,0.0,0.0,4.93,15.8,24.75,95,67,Blitar,-8.098,112.1615
2024-03-24,30.2,22.9,26.0,2.7,2.7,4.48,12.7,22.52,98,66,Blitar,-8.098,112.1615
2024-03-25,30.2,22.5,26.4,0.5,0.5,4.54,16.9,22.46,99,63,Blitar,-8.098,112.1615
2024-03-26,30.5,23.9,26.7,1.2,1.2,4.56,18.4,22.08,93,68,Blitar,-8.098,112.1615
2024-03-27,30.0,22.8,26.5,0.0,0.0,4.85,17.7,23.85,92,64,Blitar,-8.098,112.1615
2024-03-28,29.5,23.3,26.1,11.3,11.3,3.8,12.5,19.01,93,73,Blitar,-8.098,112.1615
2024-03-29,30.0,22.8,26.3,8.6,8.6,4.32,14.3,22.36,94,74,Blitar,-8.098,112.1615
2024-03-30,29.8,23.0,26.5,1.4,1.4,4.33,18.5,21.65,97,70,Blitar,-8.098,112.1615
2024-03-31,29.7,24.2,26.9,2.1,2.1,4.38,16.1,21.21,94,69,Blitar,-8.098,112.1615
2024-04-01,29.6,24.0,26.2,4.7,4.7,3.38,16.0,16.38,98,72,Blitar,-8.098,112.1615
2024-04-02,29.6,23.4,25.9,1.8,1.8,3.22,15.7,16.06,99,75,Blitar,-8.098,112.1615
2024-04-03,30.0,23.0,26.3,2.3,2.3,4.05,13.6,20.66,99,75,Blitar,-8.098,112.1615
2024-04-04,30.4,24.0,26.7,0.7,0.7,4.43,14.5,22.14,98,68,Blitar,-8.098,112.1615
2024-04-05,31.1,22.5,26.4,0.5,0.5,4.52,14.1,21.91,98,60,Blitar,-8.098,112.1615
2024-04-06,30.8,22.0,26.5,0.8,0.8,4.7,16.7,23.06,96,63,Blitar,-8.098,112.1615
2024-04-07,31.2,23.6,26.1,14.1,14.1,3.85,11.9,19.13,99,70,Blitar,-8.098,112.1615
2024-04-08,29.8,22.9,25.8,6.9,6.9,2.84,10.8,13.34,98,68,Blitar,-8.098,112.1615
2024-04-09,29.5,23.2,25.4,14.7,14.7,3.02,9.2,14.9,98,76,Blitar,-8.098,112.1615
2024-04-10,28.9,23.7,25.8,7.5,7.5,2.97,11.2,15.1,97,80,Blitar,-8.098,112.1615
2024-04-11,28.5,23.7,25.6,5.3,5.3,2.79,12.6,14.11,100,81,Blitar,-8.098,112.1615
2024-04-12,29.8,23.8,26.1,2.4,2.4,3.83,14.1,19.63,100,72,Blitar,-8.098,112.1615
2024-04-13,30.2,23.2,26.0,4.5,4.5,3.76,10.2,18.76,99,70,Blitar,-8.098,112.1615
2024-04-14,30.0,23.3,26.1,4.4,4.4,3.83,13.9,19.21,95,69,Blitar,-8.098,112.1615
2024-04-15,30.4,22.9,26.5,0.7,0.7,4.18,10.1,20.53,95,65,Blitar,-8.098,112.1615
2024-04-16,30.4,22.7,26.2,1.8,1.8,4.25,17.1,21.11,99,68,Blitar,-8.098,112.1615
2024-04-17,28.4,24.1,25.6,6.6,6.6,2.32,17.5,11.16,94,77,Blitar,-8.098,112.1615
2024-04-18,29.1,23.4,25.3,21.7,21.7,3.09,14.9,16.08,96,76,Blitar,-8.098,112.1615
2024-04-19,30.0,23.0,25.6,26.9,26.9,3.25,11.5,16.26,97,77,Blitar,-8.098,112.1615
2024-04-20,30.8,22.7,26.2,3.9,3.9,3.58,14.4,17.98,98,73,Blitar,-8.098,112.1615
2024-04-21,29.9,23.2,25.8,12.6,12.6,3.0,14.5,14.91,100,78,Blitar,-8.098,112.1615
2024-04-22,29.6,24.1,26.2,6.1,6.1,2.98,15.4,14.27,96,77,Blitar,-8.098,112.1615
2024-04-23,28.8,24.4,25.5,25.1,25.1,2.24,14.2,11.19,96,83,Blitar,-8.098,112.1615
2024-04-24,29.4,23.6,25.6,25.1,25.1,2.76,11.2,13.87,98,76,Blitar,-8.098,112.1615
2024-04-25,27.6,23.6,25.4,7.4,7.4,1.63,10.0,7.75,100,83,Blitar,-8.098,112.1615
2024-04-26,30.4,23.8,26.4,5.1,5.1,3.61,10.2,17.82,100,70,Blitar,-8.098,112.1615
2024-04-27,31.3,23.7,26.3,1.0,1.0,3.92,10.5,19.38,99,64,Blitar,-8.098,112.1615
2024-04-28,30.7,23.5,26.5,4.0,4.0,3.98,15.2,20.17,97,75,Blitar,-8.098,112.1615
2024-04-29,30.8,23.4,26.5,0.6,0.6,4.17,18.9,20.19,93,66,Blitar,-8.098,112.1615
2024-04-30,29.5,23.7,26.0,2.8,2.8,3.39,16.7,16.5,94,72,Blitar,-8.098,112.1615
2024-05-01,30.9,23.5,26.4,2.1,2.1,4.04,14.8,19.27,93,65,Blitar,-8.098,112.1615
2024-05-02,29.4,24.0,26.2,0.7,0.7,3.93,20.7,19.5,92,73,Blitar,-8.098,112.1615
2024-05-03,30.0,23.1,26.0,0.1,0.1,4.22,20.2,21.06,93,67,Blitar,-8.098,112.1615
2024-05-04,29.2,21.6,25.3,0.0,0.0,4.34,19.9,22.37,96,66,Blitar,-8.098,112.1615
2024-05-05,28.9,20.0,24.2,0.0,0.0,4.06,16.9,20.87,97,65,Blitar,-8.098,112.1615
2024-05-06,29.0,21.4,24.8,0.1,0.1,4.19,18.0,21.46,95,62,Blitar,-8.098,112.1615
2024-05-07,28.2,20.5,24.7,2.5,2.5,3.61,18.3,18.87,98,73,Blitar,-8.098,112.1615
2024-05-08,30.2,22.1,25.5,3.9,3.9,3.89,10.9,19.35,98,66,Blitar,-8.098,112.1615
2024-05-09,30.4,23.3,25.8,3.5,3.5,3.56,12.9,17.49,96,69,Blitar,-8.098,112.1615
2024-05-10,30.8,22.9,26.4,0.4,0.4,3.91,14.9,18.62,97,64,Blitar,-8.098,112.1615
2024-05-11,30.0,23.7,26.3,1.1,1.1,3.7,16.1,18.35,95,70,Blitar,-8.098,112.1615
2024-05-12,30.6,23.1,26.2,1.9,1.9,4.0,11.6,19.86,98,65,Blitar,-8.098,112.1615
2024-05-13,30.2,22.4,25.9,0.0,0.0,4.3,14.2,21.52,99,65,Blitar,-8.098,112.1615
2024-05-14,30.5,23.4,26.0,0.0,0.0,4.13,14.2,20.62,98,64,Blitar,-8.098,112.1615
2024-05-15,30.0,22.8,25.7,0.0,0.0,4.1,14.2,20.05,97,61,Blitar,-8.098,112.1615
2024-05-16,29.9,22.6,25.8,0.0,0.0,3.93,15.8,18.89,96,62,Blitar,-8.098,112.1615
2024-05-17,30.4,22.2,25.9,1.6,1.6,4.15,17.6,20.29,97,63,Blitar,-8.098,112.1615
2024-05-18,30.5,23.4,26.2,0.0,0.0,4.41,19.5,21.0,94,63,Blitar,-8.098,112.1615
2024-05-19,30.0,22.5,25.9,0.0,0.0,4.56,23.4,20.94,92,59,Blitar,-8.098,112.1615
2024-05-20,29.9,23.1,26.0,0.5,0.5,4.41,19.1,20.05,89,62,Blitar,-8.098,112.1615
2024-05-21,30.4,22.4,25.7,0.0,0.0,4.3,17.2,20.67,94,60,Blitar,-8.098,112.1615
2024-05-22,30.7,22.3,25.9,0.0,0.0,4.09,16.5,19.72,97,59,Blitar,-8.098,112.1615
2024-05-23,30.5,23.5,26.1,1.6,1.6,3.67,13.7,17.44,97,61,Blitar,-8.098,112.1615
2024-05-24,30.9,22.9,25.9,16.3,16.3,3.17,14.8,15.39,100,67,Blitar,-8.098,112.1615
2024-05-25,29.9,24.0,26.2,3.9,3.9,3.55,19.5,16.13,97,65,Blitar,-8.098,112.1615
2024-05-26,30.2,23.1,26.1,0.0,0.0,4.28,19.7,20.05,95,60,Blitar,-8.098,112.1615
2024-05-27,30.1,23.1,26.0,0.4,0.4,3.98,15.3,19.21,97,64,Blitar,-8.098,112.1615
2024-05-28,30.5,22.6,25.7,1.4,1.4,3.63,11.0,18.04,100,64,Blitar,-8.098,112.1615
2024-05-29,30.7,23.0,25.9,0.2,0.2,3.93,13.3,19.32,100,61,Blitar,-8.098,112.1615
2024-05-30,29.8,22.8,25.7,0.1,0.1,3.97,16.9,19.67,100,65,Blitar,-8.098,112.1615
2024-05-31,30.0,23.2,26.1,1.5,1.5,3.58,15.5,16.89,97,69,Blitar,-8.098,112.1615
2024-06-01,31.1,23.4,26.5,0.5,0.5,3.97,16.2,18.73,95,63,Blitar,-8.098,112.1615
2024-06-02,30.4,23.5,26.4,0.7,0.7,3.65,16.9,17.47,97,67,Blitar,-8.098,112.1615
2024-06-03,30.0,23.0,26.2,0.7,0.7,4.0,21.6,19.0,98,62,Blitar,-8.098,112.1615
2024-06-04,30.9,21.9,26.0,0.0,0.0,4.42,16.9,20.52,94,56,Blitar,-8.098,112.1615
2024-06-05,30.4,21.9,25.7,0.7,0.7,4.22,21.4,19.87,96,58,Blitar,-8.098,112.1615
2024-06-06,31.0,22.4,25.7,1.6,1.6,4.06,19.2,18.83,94,56,Blitar,-8.098,112.1615
2024-06-07,29.5,21.6,25.2,1.1,1.1,3.63,19.0,17.23,98,64,Blitar,-8.098,112.1615
2024-06-08,31.0,22.8,26.1,0.1,0.1,3.66,18.9,16.3,94,57,Blitar,-8.098,112.1615
2024-06-09,29.5,22.9,25.5,6.1,6.1,2.7,13.6,12.91,96,70,Blitar,-8.098,112.1615
2024-06-10,30.8,22.2,25.9,1.4,1.4,3.55,14.5,16.55,97,59,Blitar,-8.098,112.1615
2024-06-11,30.0,23.4,26.2,0.4,0.4,3.83,15.6,17.99,96,62,Blitar,-8.098,112.1615
2024-06-12,30.5,22.8,25.9,0.0,0.0,4.13,19.6,19.29,94,60,Blitar,-8.098,112.1615
2024-06-13,29.8,21.9,25.6,0.5,0.5,3.19,14.5,14.97,95,63,Blitar,-8.098,112.1615
2024-06-14,30.6,23.0,26.2,2.4,2.4,3.46,8.7,16.62,94,60,Blitar,-8.098,112.1615
2024-06-15,30.5,22.2,25.9,0.4,0.4,3.7,16.6,17.38,96,65,Blitar,-8.098,112.1615
2024-06-16,31.4,21.3,25.6,0.0,0.0,4.27,19.4,20.14,97,51,Blitar,-8.098,112.1615
2024-06-17,31.6,22.0,26.3,0.2,0.2,3.91,15.7,17.86,96,52,Blitar,-8.098,112.1615
2024-06-18,30.9,22.7,25.8,1.3,1.3,4.14,19.9,18.82,98,54,Blitar,-8.098,112.1615
2024-06-19,29.5,20.8,25.2,0.0,0.0,4.13,17.6,18.36,95,53,Blitar,-8.098,112.1615
2024-06-20,30.2,21.8,25.6,0.0,0.0,4.36,19.6,17.97,94,50,Blitar,-8.098,112.1615
2024-06-21,30.0,21.5,25.3,0.0,0.0,4.43,20.1,18.71,93,49,Blitar,-8.098,112.1615
2024-06-22,30.1,20.6,25.0,0.0,0.0,4.34,22.3,19.13,94,50,Blitar,-8.098,112.1615
2024-06-23,28.4,21.9,24.9,2.9,2.9,3.4,22.7,14.93,93,63,Blitar,-8.098,112.1615
2024-06-24,28.5,23.0,25.4,1.0,1.0,3.54,20.9,15.24,91,64,Blitar,-8.098,112.1615
2024-06-25,30.5,22.2,25.6,0.8,0.8,3.85,18.1,17.27,92,56,Blitar,-8.098,112.1615
2024-06-26,31.5,22.2,26.0,0.1,0.1,4.05,19.3,18.4,95,56,Blitar,-8.098,112.1615
2024-06-27,31.1,22.7,25.9,1.7,1.7,3.79,13.0,18.35,95,56,Blitar,-8.098,112.1615
2024-06-28,30.0,22.5,25.8,0.8,0.8,3.45,16.0,16.48,98,66,Blitar,-8.098,112.1615
2024-06-29,30.6,22.9,26.0,0.9,0.9,3.87,18.4,17.74,97,58,Blitar,-8.098,112.1615
2024-06-30,30.8,22.5,26.0,0.0,0.0,4.39,20.4,19.82,96,58,Blitar,-8.098,112.1615
2024-07-01,30.4,22.4,26.0,0.2,0.2,4.3,19.7,18.7,94,54,Blitar,-8.098,112.1615
2024-07-02,28.9,22.6,25.2,4.5,4.5,2.82,16.9,13.18,93,69,Blitar,-8.098,112.1615
2024-07-03,30.6,22.4,25.9,0.4,0.4,3.88,19.9,17.25,95,59,Blitar,-8.098,112.1615
2024-07-04,28.3,23.5,25.2,6.6,6.6,2.94,26.8,12.25,94,67,Blitar,-8.098,112.1615
2024-07-05,30.3,22.9,25.8,0.1,0.1,4.0,18.5,16.65,89,55,Blitar,-8.098,112.1615
2024-07-06,31.1,22.1,25.8,0.5,0.5,3.98,12.8,18.53,94,56,Blitar,-8.098,112.1615
2024-07-07,30.5,21.4,25.3,0.7,0.7,3.67,15.4,17.15,97,61,Blitar,-8.098,112.1615
2024-07-08,30.2,22.0,25.5,0.0,0.0,4.34,17.2,19.85,97,54,Blitar,-8.098,112.1615
2024-07-09,31.5,20.2,25.3,0.1,0.1,4.11,18.4,19.13,97,47,Blitar,-8.098,112.1615
2024-07-10,31.0,22.0,25.7,0.1,0.1,4.34,23.2,18.95,96,52,Blitar,-8.098,112.1615
2024-07-11,29.2,20.2,24.4,0.1,0.1,4.3,26.2,18.65,95,55,Blitar,-8.098,112.1615
2024-07-12,29.4,19.8,24.2,0.1,0.1,4.61,22.7,20.64,92,50,Blitar,-8.098,112.1615
2024-07-13,29.2,18.8,23.9,0.0,0.0,4.5,22.9,19.68,96,45,Blitar,-8.098,112.1615
2024-07-14,29.5,18.4,24.0,0.0,0.0,4.74,23.7,19.48,90,43,Blitar,-8.098,112.1615
2024-07-15,29.1,18.3,23.9,0.0,0.0,4.56,21.7,19.6,91,45,Blitar,-8.098,112.1615
2024-07-16,29.6,21.1,24.7,0.0,0.0,4.61,21.2,19.31,90,48,Blitar,-8.098,112.1615
2024-07-17,30.8,19.9,24.8,0.0,0.0,4.69,22.1,20.59,90,47,Blitar,-8.098,112.1615
2024-07-18,30.4,19.6,24.4,0.0,0.0,4.15,20.5,19.63,100,50,Blitar,-8.098,112.1615
2024-07-19,30.3,19.6,24.6,0.0,0.0,4.93,24.0,21.9,97,47,Blitar,-8.098,112.1615
2024-07-20,29.8,20.2,24.7,0.0,0.0,4.82,20.0,21.56,92,49,Blitar,-8.098,112.1615
2024-07-21,30.3,21.2,24.8,0.0,0.0,4.58,19.5,19.77,91,47,Blitar,-8.098,112.1615
2024-07-22,29.9,20.2,24.6,0.0,0.0,4.12,20.6,17.28,95,50,Blitar,-8.098,112.1615
2024-07-23,30.5,20.5,24.9,0.1,0.1,4.01,19.6,18.09,97,52,Blitar,-8.098,112.1615
2024-07-24,30.7,19.8,24.5,0.0,0.0,4.49,20.9,20.99,98,48,Blitar,-8.098,112.1615
2024-07-25,30.2,19.0,24.1,0.2,0.2,4.48,21.3,21.19,98,52,Blitar,-8.098,112.1615
2024-07-26,30.5,20.5,25.0,0.7,0.7,4.64,20.6,20.93,95,50,Blitar,-8.098,112.1615
2024-07-27,31.4,21.5,25.4,0.0,0.0,4.63,23.2,20.26,94,47,Blitar,-8.098,112.1615
2024-07-28,28.6,21.8,24.6,0.8,0.8,3.59,21.9,15.2,94,61,Blitar,-8.098,112.1615
2024-07-29,28.9,20.5,24.1,6.7,6.7,3.66,17.6,17.43,96,59,Blitar,-8.098,112.1615
2024-07-30,29.3,22.0,25.1,1.9,1.9,3.83,20.9,17.45,96,59,Blitar,-8.098,112.1615
2024-07-31,29.8,21.1,25.2,0.3,0.3,3.6,15.9,16.7,98,61,Blitar,-8.098,112.1615
2024-08-01,29.2,22.8,25.4,1.6,1.6,3.5,16.7,16.39,99,66,Blitar,-8.098,112.1615
2024-08-02,30.5,21.9,25.5,0.7,0.7,3.63,17.9,16.7,100,57,Blitar,-8.098,112.1615
2024-08-03,30.5,21.9,25.4,0.4,0.4,4.08,16.0,19.27,97,57,Blitar,-8.098,112.1615
2024-08-04,30.0,21.0,24.7,1.2,1.2,4.57,20.7,21.72,99,53,Blitar,-8.098,112.1615
2024-08-05,31.6,18.6,24.6,0.0,0.0,5.12,18.9,23.11,99,39,Blitar,-8.098,112.1615
2024-08-06,30.8,20.6,25.0,0.0,0.0,4.72,22.9,20.45,97,46,Blitar,-8.098,112.1615
2024-08-07,31.0,21.9,25.6,0.0,0.0,4.4,21.4,17.82,94,51,Blitar,-8.098,112.1615
2024-08-08,28.9,22.4,25.3,1.5,1.5,4.06,21.7,17.65,92,62,Blitar,-8.098,112.1615
2024-08-09,29.2,22.6,25.3,0.4,0.4,3.49,23.2,13.05,92,58,Blitar,-8.098,112.1615
2024-08-10,29.5,21.6,24.8,0.6,0.6,3.98,20.3,17.02,95,57,Blitar,-8.098,112.1615
2024-08-11,29.5,20.1,24.2,0.0,0.0,5.34,25.6,23.46,94,42,Blitar,-8.098,112.1615
2024-08-12,29.5,17.6,23.4,0.0,0.0,5.15,16.9,23.61,92,36,Blitar,-8.098,112.1615
2024-08-13,30.2,18.1,24.0,0.0,0.0,4.76,23.4,21.55,99,50,Blitar,-8.098,112.1615
2024-08-14,31.0,21.1,25.0,0.0,0.0,5.34,22.9,23.1,88,44,Blitar,-8.098,112.1615
2024-08-15,29.1,20.6,24.3,0.0,0.0,5.17,24.3,22.86,92,50,Blitar,-8.098,112.1615
2024-08-16,29.4,19.2,23.6,0.0,0.0,4.98,21.7,23.27,90,46,Blitar,-8.098,112.1615
2024-08-17,31.2,19.4,24.3,0.1,0.1,4.54,21.8,19.07,95,45,Blitar,-8.098,112.1615
2024-08-18,30.1,19.1,24.5,0.0,0.0,5.17,22.5,23.44,93,51,Blitar,-8.098,112.1615
2024-08-19,30.4,20.5,24.7,0.0,0.0,5.11,24.0,22.56,92,49,Blitar,-8.098,112.1615
2024-08-20,31.1,20.6,24.7,0.0,0.0,4.93,25.1,22.15,96,47,Blitar,-8.098,112.1615
2024-08-21,31.4,21.3,25.2,0.0,0.0,4.56,22.0,19.87,95,48,Blitar,-8.098,112.1615
2024-08-22,31.0,19.5,24.7,0.0,0.0,4.94,21.4,22.91,97,51,Blitar,-8.098,112.1615
2024-08-23,30.5,20.0,24.6,0.0,0.0,4.64,24.7,21.0,97,50,Blitar,-8.098,112.1615
2024-08-24,30.0,19.9,24.6,0.7,0.7,4.51,25.3,19.73,100,51,Blitar,-8.098,112.1615
2024-08-25,30.1,21.0,24.8,0.7,0.7,4.01,24.3,16.78,92,49,Blitar,-8.098,112.1615
2024-08-26,32.0,21.6,25.6,0.2,0.2,5.19,23.7,22.03,97,45,Blitar,-8.098,112.1615
2024-08-27,30.0,20.2,24.4,0.0,0.0,4.72,24.6,22.0,99,53,Blitar,-8.098,112.1615
2024-08-28,30.5,19.0,24.4,0.0,0.0,4.84,20.3,22.8,100,52,Blitar,-8.098,112.1615
2024-08-29,30.2,21.1,25.1,0.2,0.2,4.93,24.6,22.29,100,51,Blitar,-8.098,112.1615
2024-08-30,31.4,21.2,25.1,0.7,0.7,5.32,22.2,24.49,99,44,Blitar,-8.098,112.1615
2024-08-31,30.2,21.6,25.0,0.8,0.8,4.63,20.8,21.11,97,51,Blitar,-8.098,112.1615
2024-09-01,29.2,20.2,24.5,0.2,0.2,3.8,19.8,16.45,97,59,Blitar,-8.098,112.1615
2024-09-02,31.9,20.3,25.4,0.0,0.0,5.16,20.4,23.25,97,47,Blitar,-8.098,112.1615
2024-09-03,30.8,20.0,25.0,0.2,0.2,4.49,19.6,19.28,99,46,Blitar,-8.098,112.1615
2024-09-04,30.9,21.8,25.7,0.8,0.8,4.45,18.1,19.93,96,49,Blitar,-8.098,112.1615
2024-09-05,31.1,22.3,26.1,1.8,1.8,4.98,22.0,22.14,97,53,Blitar,-8.098,112.1615
2024-09-06,32.4,22.4,26.3,0.0,0.0,5.9,22.8,25.16,92,41,Blitar,-8.098,112.1615
2024-09-07,31.5,21.8,26.3,0.4,0.4,5.2,24.8,21.38,93,49,Blitar,-8.098,112.1615
2024-09-08,30.5,22.9,25.8,10.2,10.2,4.15,20.9,18.75,91,59,Blitar,-8.098,112.1615
2024-09-09,31.0,21.6,25.6,2.2,2.2,4.64,16.5,22.0,98,57,Blitar,-8.098,112.1615
2024-09-10,29.7,21.8,25.4,8.7,8.7,3.72,13.8,17.46,99,62,Blitar,-8.098,112.1615
2024-09-11,31.1,23.0,26.1,0.3,0.3,4.99,20.4,22.92,96,51,Blitar,-8.098,112.1615
2024-09-12,31.5,21.1,25.6,0.0,0.0,5.4,21.9,24.11,95,46,Blitar,-8.098,112.1615
2024-09-13,31.2,20.3,25.0,0.7,0.7,5.38,22.1,24.87,98,45,Blitar,-8.098,112.1615
2024-09-14,31.0,20.0,25.0,0.0,0.0,5.16,21.5,23.76,100,48,Blitar,-8.098,112.1615
2024-09-15,31.8,20.3,25.3,0.0,0.0,5.55,23.7,24.37,98,40,Blitar,-8.098,112.1615
2024-09-16,30.1,19.6,24.5,0.0,0.0,5.07,21.8,23.57,98,49,Blitar,-8.098,112.1615
2024-09-17,31.5,20.4,24.8,0.3,0.3,5.77,21.3,25.95,99,38,Blitar,-8.098,112.1615
2024-09-18,31.0,19.7,24.5,0.0,0.0,5.42,20.5,25.49,96,42,Blitar,-8.098,112.1615
2024-09-19,31.8,19.5,24.9,0.0,0.0,5.56,19.5,26.25,94,43,Blitar,-8.098,112.1615
2024-09-20,33.0,20.4,25.7,0.0,0.0,5.46,21.6,25.81,95,42,Blitar,-8.098,112.1615
2024-09-21,32.3,20.4,25.8,0.0,0.0,5.12,19.7,23.68,97,45,Blitar,-8.098,112.1615
2024-09-22,33.1,21.2,26.9,0.7,0.7,5.14,18.2,23.22,97,48,Blitar,-8.098,112.1615
2024-09-23,31.4,22.8,26.1,4.5,4.5,3.85,14.8,18.43,96,55,Blitar,-8.098,112.1615
2024-09-24,30.4,22.9,25.9,8.6,8.6,4.11,16.4,20.1,98,62,Blitar,-8.098,112.1615
2024-09-25,30.9,21.9,26.0,3.5,3.5,4.39,13.8,21.24,99,59,Blitar,-8.098,112.1615
2024-09-26,30.6,23.8,25.9,5.5,5.5,3.75,14.7,18.03,92,59,Blitar,-8.098,112.1615
2024-09-27,31.2,23.0,26.6,0.5,0.5,4.66,15.0,21.87,94,58,Blitar,-8.098,112.1615
2024-09-28,32.2,21.8,26.8,1.2,1.2,5.38,19.5,23.87,98,50,Blitar,-8.098,112.1615
2024-09-29,32.0,22.8,26.9,1.9,1.9,5.41,19.9,23.7,93,51,Blitar,-8.098,112.1615
2024-09-30,32.0,23.1,26.9,1.0,1.0,5.06,18.8,22.47,92,55,Blitar,-8.098,112.1615
2024-10-01,31.2,23.0,26.1,2.3,2.3,4.56,20.5,20.93,97,54,Blitar,-8.098,112.1615
2024-10-02,30.9,21.1,25.9,2.9,2.9,4.97,16.6,23.43,97,56,Blitar,-8.098,112.1615
2024-10-03,30.4,21.2,26.1,2.2,2.2,4.7,18.8,21.82,97,62,Blitar,-8.098,112.1615
2024-10-04,31.5,21.1,26.3,1.8,1.8,5.29,21.3,24.11,95,52,Blitar,-8.098,112.1615
2024-10-05,31.9,22.3,26.8,0.2,0.2,5.49,20.5,24.47,96,51,Blitar,-8.098,112.1615
2024-10-06,32.1,22.8,26.5,3.7,3.7,4.61,16.7,20.62,95,51,Blitar,-8.098,112.1615
2024-10-07,31.4,22.6,26.5,0.4,0.4,5.23,23.5,23.01,93,54,Blitar,-8.098,112.1615
2024-10-08,31.1,22.6,26.6,1.1,1.1,5.47,22.3,24.6,95,56,Blitar,-8.098,112.1615
2024-10-09,30.8,22.4,26.2,2.2,2.2,4.84,17.2,22.52,98,55,Blitar,-8.098,112.1615
2024-10-10,32.2,22.5,26.6,0.8,0.8,5.2,19.6,23.58,97,53,Blitar,-8.098,112.1615
2024-10-11,32.8,22.1,27.0,0.6,0.6,5.28,17.8,23.0,96,50,Blitar,-8.098,112.1615
2024-10-12,33.0,22.9,27.3,2.0,2.0,5.28,17.7,23.93,95,52,Blitar,-8.098,112.1615
2024-10-13,33.0,23.4,27.6,0.1,0.1,5.73,21.1,25.65,95,53,Blitar,-8.098,112.1615
2024-10-14,32.3,22.9,27.0,0.0,0.0,5.57,19.4,25.14,98,51,Blitar,-8.098,112.1615
2024-10-15,32.6,21.4,26.7,0.4,0.4,6.02,23.5,25.24,98,33,Blitar,-8.098,112.1615
2024-10-16,30.8,20.3,25.6,0.0,0.0,5.96,21.9,26.05,98,47,Blitar,-8.098,112.1615
2024-10-17,30.6,21.4,25.9,0.0,0.0,5.85,21.3,25.56,91,46,Blitar,-8.098,112.1615
2024-10-18,30.3,21.6,25.9,0.5,0.5,4.95,19.1,21.84,93,56,Blitar,-8.098,112.1615
2024-10-19,30.8,22.5,26.0,4.9,4.9,4.19,15.7,19.97,96,58,Blitar,-8.098,112.1615
2024-10-20,30.1,22.9,25.0,20.0,20.0,3.27,16.9,15.72,99,62,Blitar,-8.098,112.1615
2024-10-21,29.5,23.1,25.6,2.5,2.5,3.99,18.8,18.89,96,65,Blitar,-8.098,112.1615
2024-10-22,29.1,21.8,25.5,0.8,0.8,4.65,19.9,23.03,97,64,Blitar,-8.098,112.1615
2024-10-23,29.2,22.6,25.6,2.1,2.1,4.6,21.5,22.52,97,65,Blitar,-8.098,112.1615
2024-10-24,28.7,22.5,25.2,2.8,2.8,4.07,17.0,20.76,97,65,Blitar,-8.098,112.1615
2024-10-25,29.0,22.1,25.4,1.0,1.0,4.18,18.1,20.56,97,68,Blitar,-8.098,112.1615
2024-10-26,29.4,21.7,25.4,3.0,3.0,4.43,19.5,22.05,100,63,Blitar,-8.098,112.1615
2024-10-27,30.2,21.9,26.2,0.2,0.2,4.92,15.6,23.41,98,61,Blitar,-8.098,112.1615
2024-10-28,31.4,23.0,26.7,0.2,0.2,5.09,16.8,23.92,96,56,Blitar,-8.098,112.1615
2024-10-29,30.8,24.1,26.8,1.3,1.3,5.05,18.7,23.78,92,61,Blitar,-8.098,112.1615
2024-10-30,30.7,22.5,25.8,14.0,14.0,4.45,16.1,21.71,98,62,Blitar,-8.098,112.1615
2024-10-31,31.2,22.5,26.2,8.8,8.8,4.25,14.0,20.49,97,65,Blitar,-8.098,112.1615
2024-11-01,29.0,22.8,25.4,10.1,10.1,2.61,13.3,12.87,98,76,Blitar,-8.098,112.1615
2024-11-02,31.1,23.1,25.9,18.1,18.1,3.99,11.7,19.47,100,66,Blitar,-8.098,112.1615
2024-11-03,30.6,22.4,25.1,59.6,59.6,3.16,10.9,15.57,96,69,Blitar,-8.098,112.1615
2024-11-04,29.0,22.6,25.0,13.5,13.5,3.27,13.9,16.7,96,76,Blitar,-8.098,112.1615
2024-11-05,30.5,22.4,26.3,1.5,1.5,4.97,17.0,24.51,98,61,Blitar,-8.098,112.1615
2024-11-06,31.1,22.4,26.4,0.3,0.3,4.9,12.7,23.86,96,56,Blitar,-8.098,112.1615
2024-11-07,29.8,22.0,26.0,7.2,7.2,4.54,12.0,22.89,95,66,Blitar,-8.098,112.1615
2024-11-08,29.8,22.4,25.9,12.1,12.1,4.3,14.1,21.91,96,67,Blitar,-8.098,112.1615
2024-11-09,29.3,22.6,25.2,11.0,11.0,3.33,11.5,16.84,99,75,Blitar,-8.098,112.1615
2024-11-10,29.2,22.0,25.2,10.6,10.6,3.64,11.6,18.67,99,76,Blitar,-8.098,112.1615
2024-11-11,30.3,23.0,25.1,22.0,22.0,3.18,10.1,15.45,100,70,Blitar,-8.098,112.1615
2024-11-12,30.8,21.8,25.1,15.5,15.5,3.96,11.6,19.64,100,67,Blitar,-8.098,112.1615
2024-11-13,31.0,22.4,26.2,8.6,8.6,4.01,10.3,19.7,98,66,Blitar,-8.098,112.1615
2024-11-14,30.8,22.5,26.4,3.4,3.4,4.81,17.2,23.54,94,61,Blitar,-8.098,112.1615
2024-11-15,31.8,22.5,26.2,6.8,6.8,4.34,12.1,21.29,98,59,Blitar,-8.098,112.1615
2024-11-16,31.4,23.0,25.9,5.5,5.5,3.93,12.6,19.42,98,65,Blitar,-8.098,112.1615
2024-11-17,32.5,22.2,25.7,9.7,9.7,4.15,10.2,20.37,96,60,Blitar,-8.098,112.1615
2024-11-18,32.3,22.9,25.7,23.0,23.0,3.91,10.6,19.12,98,60,Blitar,-8.098,112.1615
2024-11-19,30.2,23.4,25.3,10.0,10.0,3.12,10.7,15.35,99,71,Blitar,-8.098,112.1615
2024-11-20,29.9,22.4,25.3,6.1,6.1,3.11,9.7,15.36,98,72,Blitar,-8.098,112.1615
2024-11-21,31.1,22.8,25.4,20.7,20.7,3.33,14.1,16.64,99,67,Blitar,-8.098,112.1615
2024-11-22,31.0,23.2,25.7,15.2,15.2,3.39,15.7,16.82,98,68,Blitar,-8.098,112.1615
2024-11-23,30.5,23.2,26.0,7.0,7.0,3.63,13.9,18.16,98,71,Blitar,-8.098,112.1615
2024-11-24,29.0,23.7,25.4,10.5,10.5,2.87,12.0,14.5,98,75,Blitar,-8.098,112.1615
2024-11-25,29.0,23.1,25.6,12.0,12.0,3.48,10.3,17.48,99,74,Blitar,-8.098,112.1615
2024-11-26,29.5,22.6,25.7,12.7,12.7,3.59,15.0,17.98,99,71,Blitar,-8.098,112.1615
2024-11-27,29.5,22.9,25.7,31.5,31.5,3.75,13.8,19.07,97,71,Blitar,-8.098,112.1615
2024-11-28,26.5,23.0,24.5,43.2,43.2,1.85,17.3,9.51,99,82,Blitar,-8.098,112.1615
2024-11-29,28.0,23.6,25.1,10.5,10.5,2.67,15.3,13.69,98,77,Blitar,-8.098,112.1615
2024-11-30,26.7,23.5,24.8,13.8,13.8,2.06,15.7,10.63,99,83,Blitar,-8.098,112.1615
2024-12-01,27.8,22.9,24.9,15.6,15.6,2.21,16.1,10.77,99,78,Blitar,-8.098,112.1615
2024-12-02,30.1,23.4,25.9,7.4,7.4,3.57,13.5,17.47,98,67,Blitar,-8.098,112.1615
2024-12-03,30.8,22.6,26.1,0.3,0.3,4.44,14.2,21.61,97,60,Blitar,-8.098,112.1615
2024-12-04,30.2,22.7,25.6,7.3,7.3,3.48,14.6,17.12,98,68,Blitar,-8.098,112.1615
2024-12-05,30.1,23.3,25.6,11.1,11.1,3.72,11.5,18.52,98,69,Blitar,-8.098,112.1615
2024-12-06,28.6,23.2,24.5,18.8,18.8,2.05,14.8,10.25,100,76,Blitar,-8.098,112.1615
2024-12-07,29.6,23.0,25.4,17.9,17.9,3.19,9.8,15.6,98,71,Blitar,-8.098,112.1615
2024-12-08,30.9,22.8,25.2,17.3,17.3,3.53,11.7,17.65,99,69,Blitar,-8.098,112.1615
2024-12-09,29.0,22.5,24.7,35.4,35.4,2.75,17.3,13.92,99,74,Blitar,-8.098,112.1615
2024-12-10,30.9,22.9,25.7,23.5,23.5,3.8,14.4,18.93,96,66,Blitar,-8.098,112.1615
2024-12-11,31.4,22.6,25.4,17.1,17.1,3.5,13.0,17.31,98,63,Blitar,-8.098,112.1615
2024-12-12,30.0,23.2,25.1,16.1,16.1,2.9,12.3,14.3,98,68,Blitar,-8.098,112.1615
2024-12-13,31.8,22.5,25.9,4.6,4.6,3.93,13.7,18.46,89,59,Blitar,-8.098,112.1615
2024-12-14,27.0,22.9,24.6,37.3,37.3,1.72,10.4,8.32,99,83,Blitar,-8.098,112.1615
2024-12-15,29.5,23.4,25.7,15.6,15.6,3.22,7.8,15.56,98,68,Blitar,-8.098,112.1615
2024-12-16,29.0,23.1,25.4,6.7,6.7,2.53,15.1,11.71,97,67,Blitar,-8.098,112.1615
2024-12-17,28.2,22.9,24.9,12.8,12.8,2.34,10.4,11.47,99,75,Blitar,-8.098,112.1615
2024-12-18,30.1,22.9,25.7,2.3,2.3,3.94,13.1,19.6,98,68,Blitar,-8.098,112.1615
2024-12-19,31.1,21.9,26.0,4.5,4.5,4.66,14.3,22.7,96,59,Blitar,-8.098,112.1615
2024-12-20,30.8,23.4,25.8,11.1,11.1,3.85,14.8,19.32,97,69,Blitar,-8.098,112.1615
2024-12-21,31.2,23.0,25.7,17.8,17.8,3.4,12.4,16.79,99,63,Blitar,-8.098,112.1615
2024-12-22,29.2,23.6,25.2,18.4,18.4,2.81,13.5,14.18,99,75,Blitar,-8.098,112.1615
2024-12-23,30.3,22.7,25.6,19.8,19.8,4.02,13.0,20.12,98,70,Blitar,-8.098,112.1615
2024-12-24,30.8,23.0,25.3,10.5,10.5,3.75,12.0,18.71,98,68,Blitar,-8.098,112.1615
2024-12-25,30.5,23.0,25.3,26.6,26.6,3.31,10.3,16.22,99,63,Blitar,-8.098,112.1615
2024-12-26,30.1,22.8,25.3,42.0,42.0,3.02,14.8,15.13,99,71,Blitar,-8.098,112.1615
2024-12-27,30.9,23.4,26.7,1.0,1.0,4.35,16.7,20.38,96,60,Blitar,-8.098,112.1615
2024-12-28,27.0,23.4,24.8,19.1,19.1,2.3,13.9,11.49,98,81,Blitar,-8.098,112.1615
2024-12-29,27.4,22.8,24.3,12.1,12.1,1.88,11.7,8.92,98,77,Blitar,-8.098,112.1615
2024-12-30,30.1,21.8,25.2,19.8,19.8,3.35,14.1,16.68,97,63,Blitar,-8.098,112.1615
2024-12-31,30.2,22.7,25.4,11.9,11.9,3.55,14.3,17.42,99,63,Blitar,-8.098,112.1615
2025-01-01,29.7,22.9,25.4,10.2,10.2,3.06,10.8,14.32,99,62,Blitar,-8.098,112.1615
2025-01-02,30.3,22.6,24.6,27.4,27.4,3.06,10.8,15.07,99,69,Blitar,-8.098,112.1615
2025-01-03,29.7,22.5,25.3,1.7,1.7,3.71,13.2,18.32,98,65,Blitar,-8.098,112.1615
2025-01-04,29.8,21.9,25.2,4.8,4.8,4.33,18.2,21.09,97,61,Blitar,-8.098,112.1615
2025-01-05,28.0,21.6,24.2,14.8,14.8,2.91,14.3,15.2,99,74,Blitar,-8.098,112.1615
2025-01-06,28.0,21.7,24.6,16.3,16.3,3.02,12.3,15.52,99,75,Blitar,-8.098,112.1615
2025-01-07,29.0,22.3,24.6,27.9,27.9,3.01,9.3,15.14,98,71,Blitar,-8.098,112.1615
2025-01-08,29.1,22.7,25.2,11.3,11.3,3.3,18.9,16.74,99,67,Blitar,-8.098,112.1615
2025-01-09,31.4,22.2,26.1,10.2,10.2,4.47,16.2,21.43,100,55,Blitar,-8.098,112.1615
2025-01-10,30.2,22.6,26.0,3.5,3.5,4.49,11.5,22.08,100,65,Blitar,-8.098,112.1615
2025-01-11,29.9,23.0,25.9,1.3,1.3,4.06,12.9,19.99,98,66,Blitar,-8.098,112.1615
2025-01-12,29.0,23.0,24.8,24.3,24.3,2.69,11.7,13.42,99,74,Blitar,-8.098,112.1615
2025-01-13,28.5,22.6,24.9,15.3,15.3,2.93,9.7,14.63,98,78,Blitar,-8.098,112.1615
2025-01-14,30.4,22.2,25.0,32.2,32.2,3.44,13.3,17.23,99,65,Blitar,-8.098,112.1615
2025-01-15,30.1,22.4,25.6,13.4,13.4,3.88,9.6,19.11,98,69,Blitar,-8.098,112.1615
2025-01-16,30.1,23.0,25.7,1.9,1.9,3.48,13.4,16.93,97,63,Blitar,-8.098,112.1615
2025-01-17,31.0,22.8,25.7,24.5,24.5,4.18,14.9,20.74,97,63,Blitar,-8.098,112.1615
2025-01-18,29.7,22.8,25.3,11.2,11.2,3.24,13.9,15.84,98,66,Blitar,-8.098,112.1615
2025-01-19,29.4,22.8,25.3,33.9,33.9,3.16,9.7,15.77,98,71,Blitar,-8.098,112.1615
2025-01-20,28.6,23.2,24.7,26.7,26.7,2.21,12.2,10.92,99,72,Blitar,-8.098,112.1615
2025-01-21,29.6,22.8,25.1,5.6,5.6,2.86,15.4,13.41,98,69,Blitar,-8.098,112.1615
2025-01-22,29.2,22.7,25.0,17.7,17.7,2.86,10.0,13.76,99,69,Blitar,-8.098,112.1615
2025-01-23,27.5,22.5,24.2,17.5,17.5,2.24,8.5,11.3,100,82,Blitar,-8.098,112.1615
2025-01-24,29.5,22.1,24.7,21.2,21.2,3.53,12.4,18.12,97,70,Blitar,-8.098,112.1615
2025-01-25,28.9,22.8,25.2,5.4,5.4,3.55,10.9,17.99,97,74,Blitar,-8.098,112.1615
2025-01-26,29.0,22.8,24.9,13.3,13.3,3.22,13.2,16.41,98,73,Blitar,-8.098,112.1615
2025-01-27,27.9,22.6,24.7,10.6,10.6,2.51,8.6,12.65,98,78,Blitar,-8.098,112.1615
2025-01-28,30.2,22.2,25.2,21.4,21.4,3.7,11.8,18.31,97,64,Blitar,-8.098,112.1615
2025-01-29,29.8,23.1,25.1,12.0,12.0,3.55,19.1,17.78,98,66,Blitar,-8.098,112.1615
2025-01-30,26.9,23.4,24.5,2.9,2.9,2.39,27.0,9.96,96,77,Blitar,-8.098,112.1615
2025-01-31,30.1,24.5,26.4,0.4,0.4,4.12,22.4,15.9,80,66,Blitar,-8.098,112.1615
2025-02-01,29.7,24.8,26.5,0.6,0.6,4.09,22.9,15.6,85,67,Blitar,-8.098,112.1615
2025-02-02,29.5,24.9,26.5,0.1,0.1,3.89,24.0,14.94,85,67,Blitar,-8.098,112.1615
2025-02-03,30.5,24.9,27.2,0.2,0.2,4.52,22.3,18.54,86,64,Blitar,-8.098,112.1615
2025-02-04,30.6,25.0,27.4,0.1,0.1,5.05,24.4,20.66,86,61,Blitar,-8.098,112.1615
2025-02-05,31.1,24.8,27.1,1.0,1.0,5.5,23.5,23.87,85,60,Blitar,-8.098,112.1615
2025-02-06,30.1,24.0,26.8,5.2,5.2,5.01,27.0,21.93,94,64,Blitar,-8.098,112.1615
2025-02-07,31.2,23.4,25.7,13.7,13.7,4.06,14.0,19.66,96,61,Blitar,-8.098,112.1615
2025-02-08,30.1,22.8,25.8,7.0,7.0,4.09,13.9,20.48,98,71,Blitar,-8.098,112.1615
2025-02-09,29.6,22.5,25.4,3.5,3.5,4.09,16.4,21.21,98,72,Blitar,-8.098,112.1615
2025-02-10,28.3,22.3,24.9,19.4,19.4,3.26,17.7,16.97,98,73,Blitar,-8.098,112.1615
2025-02-11,31.0,22.2,26.2,1.0,1.0,4.85,14.3,22.76,98,52,Blitar,-8.098,112.1615
2025-02-12,28.1,22.8,25.2,4.6,4.6,2.6,13.9,12.19,94,67,Blitar,-8.098,112.1615
2025-02-13,31.1,22.8,26.1,2.6,2.6,4.66,19.4,23.26,97,62,Blitar,-8.098,112.1615
2025-02-14,30.9,22.8,25.7,2.4,2.4,4.39,11.3,21.36,96,58,Blitar,-8.098,112.1615
2025-02-15,30.9,22.9,25.7,4.1,4.1,4.32,14.9,21.52,98,64,Blitar,-8.098,112.1615
2025-02-16,31.0,22.0,25.0,7.4,7.4,4.03,10.2,20.13,100,65,Blitar,-8.098,112.1615
2025-02-17,30.0,22.0,24.6,25.2,25.2,3.58,6.7,17.94,99,69,Blitar,-8.098,112.1615
2025-02-18,30.8,22.1,25.4,7.8,7.8,4.33,12.1,21.37,100,57,Blitar,-8.098,112.1615
2025-02-19,31.0,22.1,24.9,20.6,20.6,3.77,11.4,18.75,99,62,Blitar,-8.098,112.1615
2025-02-20,27.3,22.2,24.4,7.0,7.0,2.42,9.6,12.17,99,76,Blitar,-8.098,112.1615
2025-02-21,30.6,22.8,25.3,14.7,14.7,3.7,14.4,18.69,99,69,Blitar,-8.098,112.1615
2025-02-22,30.9,22.0,25.1,11.1,11.1,3.83,10.1,18.96,98,63,Blitar,-8.098,112.1615
2025-02-23,28.8,22.8,25.0,8.7,8.7,3.1,13.4,15.53,97,72,Blitar,-8.098,112.1615
2025-02-24,28.0,22.2,24.1,12.9,12.9,2.27,8.9,11.32,98,72,Blitar,-8.098,112.1615
2025-02-25,29.5,21.7,24.4,24.9,24.9,3.32,11.8,16.88,99,72,Blitar,-8.098,112.1615
2025-02-26,27.1,22.6,24.4,27.1,27.1,2.79,8.1,14.26,99,81,Blitar,-8.098,112.1615
2025-02-27,29.6,22.0,24.9,7.5,7.5,3.61,11.0,18.37,98,71,Blitar,-8.098,112.1615
2025-02-28,29.5,22.0,25.2,1.7,1.7,4.28,11.6,21.6,99,72,Blitar,-8.098,112.1615
2025-03-01,30.1,23.2,26.0,1.2,1.2,4.09,11.4,20.43,96,66,Blitar,-8.098,112.1615
2025-03-02,30.6,22.7,26.2,2.6,2.6,4.76,12.7,23.52,99,65,Blitar,-8.098,112.1615
2025-03-03,30.4,23.1,25.9,4.0,4.0,4.13,7.6,20.56,97,71,Blitar,-8.098,112.1615
2025-03-04,30.5,22.9,24.9,20.4,20.4,3.34,12.3,16.93,98,68,Blitar,-8.098,112.1615
2025-03-05,31.1,22.5,26.6,4.5,4.5,4.82,10.0,23.6,95,62,Blitar,-8.098,112.1615
2025-03-06,30.5,22.9,26.0,17.5,17.5,4.16,11.9,20.98,97,65,Blitar,-8.098,112.1615
2025-03-07,28.1,22.8,24.6,12.1,12.1,3.0,10.1,15.48,100,78,Blitar,-8.098,112.1615
2025-03-08,29.9,22.0,24.5,34.7,34.7,2.91,12.9,14.47,99,73,Blitar,-8.098,112.1615
2025-03-09,29.8,22.9,25.0,22.9,22.9,3.21,11.1,15.9,99,69,Blitar,-8.098,112.1615
2025-03-10,29.9,22.9,25.0,22.3,22.3,2.88,16.3,14.91,98,70,Blitar,-8.098,112.1615
2025-03-11,30.1,22.6,25.8,2.0,2.0,3.69,12.8,17.63,96,64,Blitar,-8.098,112.1615
2025-03-12,31.4,22.4,25.5,11.7,11.7,4.43,12.9,22.09,100,61,Blitar,-8.098,112.1615
2025-03-13,31.7,22.9,26.1,1.9,1.9,4.58,7.1,22.28,97,59,Blitar,-8.098,112.1615
2025-03-14,30.9,22.8,25.7,10.2,10.2,3.94,8.4,19.41,96,63,Blitar,-8.098,112.1615
2025-03-15,31.0,22.8,25.5,3.8,3.8,3.85,9.6,18.96,99,65,Blitar,-8.098,112.1615
2025-03-16,30.4,22.6,24.9,18.9,18.9,3.17,9.2,15.43,99,68,Blitar,-8.098,112.1615
2025-03-17,30.7,22.5,25.3,10.0,10.0,3.71,15.3,18.44,97,64,Blitar,-8.098,112.1615
2025-03-18,29.9,23.9,25.9,12.3,12.3,3.61,13.5,17.65,96,69,Blitar,-8.098,112.1615
2025-03-19,27.9,21.5,23.8,38.9,38.9,2.19,14.5,11.47,99,77,Blitar,-8.098,112.1615
2025-03-20,30.5,22.3,25.9,1.2,1.2,4.71,12.3,23.23,97,61,Blitar,-8.098,112.1615
2025-03-21,31.0,22.6,26.3,1.6,1.6,4.67,12.2,22.82,94,60,Blitar,-8.098,112.1615
2025-03-22,28.9,23.1,25.3,16.9,16.9,3.0,12.1,15.12,97,69,Blitar,-8.098,112.1615
2025-03-23,30.2,22.9,26.1,0.1,0.1,3.24,11.0,14.73,95,56,Blitar,-8.098,112.1615
2025-03-24,28.9,23.4,25.9,2.8,2.8,3.37,21.1,16.16,93,67,Blitar,-8.098,112.1615
2025-03-25,31.0,23.1,26.5,4.0,4.0,4.21,18.7,20.54,96,59,Blitar,-8.098,112.1615
2025-03-26,31.4,23.0,26.4,13.6,13.6,4.51,18.3,21.72,99,63,Blitar,-8.098,112.1615
2025-03-27,30.8,23.0,25.9,3.6,3.6,3.41,12.2,16.51,97,64,Blitar,-8.098,112.1615
2025-03-28,31.5,22.1,25.2,44.3,44.3,3.5,9.4,17.19,99,65,Blitar,-8.098,112.1615
2025-03-29,28.9,23.1,25.0,21.6,21.6,2.69,11.3,12.86,98,70,Blitar,-8.098,112.1615
2025-03-30,29.6,22.5,25.0,7.2,7.2,3.21,14.1,16.45,97,72,Blitar,-8.098,112.1615
2025-03-31,30.0,22.0,25.5,2.8,2.8,4.4,12.5,22.23,98,67,Blitar,-8.098,112.1615
2025-04-01,29.9,22.0,25.1,1.0,1.0,4.05,10.3,20.3,97,68,Blitar,-8.098,112.1615
2025-04-02,29.6,22.2,25.4,2.6,2.6,3.92,9.0,19.65,100,68,Blitar,-8.098,112.1615
2025-04-03,29.7,23.1,25.7,1.6,1.6,3.99,12.9,19.65,96,64,Blitar,-8.098,112.1615
2025-04-04,29.0,22.9,25.9,2.4,2.4,4.29,14.0,21.34,98,66,Blitar,-8.098,112.1615
2025-04-05,30.2,22.2,25.9,0.4,0.4,4.75,12.3,23.32,89,57,Blitar,-8.098,112.1615
2025-04-06,30.2,22.0,25.6,0.0,0.0,5.08,13.5,25.08,93,59,Blitar,-8.098,112.1615
2025-04-07,29.5,21.8,25.4,1.9,1.9,4.27,10.8,21.24,90,63,Blitar,-8.098,112.1615
2025-04-08,30.4,22.3,25.5,18.4,18.4,4.01,11.3,20.31,98,67,Blitar,-8.098,112.1615
2025-04-09,30.5,22.4,25.5,9.8,9.8,3.6,9.4,18.2,99,66,Blitar,-8.098,112.1615
2025-04-10,29.6,22.9,25.3,12.6,12.6,2.91,8.8,14.66,100,72,Blitar,-8.098,112.1615
2025-04-11,29.4,22.6,25.0,9.6,9.6,2.98,14.2,15.17,100,74,Blitar,-8.098,112.1615
2025-04-12,29.7,22.4,24.9,19.5,19.5,3.73,11.4,19.07,100,66,Blitar,-8.098,112.1615
2025-04-13,30.8,22.6,25.2,16.5,16.5,3.6,10.5,18.15,98,64,Blitar,-8.098,112.1615
2025-04-14,29.2,22.4,25.4,7.5,7.5,3.71,12.1,18.7,96,68,Blitar,-8.098,112.1615
2025-04-15,29.8,22.8,25.8,6.9,6.9,3.43,9.5,16.81,97,63,Blitar,-8.098,112.1615
2025-04-16,30.5,22.5,26.1,0.5,0.5,4.36,13.0,21.58,94,63,Blitar,-8.098,112.1615
2025-04-17,28.0,22.8,25.4,9.4,9.4,2.66,12.6,13.01,97,76,Blitar,-8.098,112.1615
2025-04-18,29.1,22.6,24.9,14.8,14.8,2.72,12.0,13.88,99,69,Blitar,-8.098,112.1615
2025-04-19,29.6,22.5,25.1,20.0,20.0,3.16,9.5,15.76,99,69,Blitar,-8.098,112.1615
2025-04-20,27.4,22.0,24.8,1.4,1.4,3.06,12.3,16.09,100,80,Blitar,-8.098,112.1615
2025-04-21,30.0,22.3,25.8,0.8,0.8,3.97,11.8,19.33,95,66,Blitar,-8.098,112.1615
2025-04-22,29.4,22.4,25.6,0.9,0.9,4.23,16.0,21.31,91,67,Blitar,-8.098,112.1615
2025-04-23,30.5,22.4,25.7,0.0,0.0,4.63,14.1,22.1,92,56,Blitar,-8.098,112.1615
2025-04-24,31.2,21.8,26.0,0.0,0.0,4.67,13.2,22.27,88,53,Blitar,-8.098,112.1615
2025-04-25,30.4,22.5,26.2,0.2,0.2,4.44,12.5,21.43,91,62,Blitar,-8.098,112.1615
2025-04-26,30.5,20.9,25.5,0.2,0.2,4.23,13.4,20.55,97,64,Blitar,-8.098,112.1615
2025-04-27,30.1,21.8,25.3,0.0,0.0,4.72,14.8,22.42,92,50,Blitar,-8.098,112.1615
2025-04-28,30.2,21.2,25.2,0.7,0.7,4.71,15.9,22.69,88,55,Blitar,-8.098,112.1615
2025-04-29,29.5,21.2,25.1,1.2,1.2,4.67,17.2,22.49,89,58,Blitar,-8.098,112.1615
2025-04-30,29.6,21.4,25.5,1.2,1.2,4.23,13.9,20.63,91,62,Blitar,-8.098,112.1615
2025-05-01,30.0,22.4,25.8,1.0,1.0,4.25,14.0,21.2,92,63,Blitar,-8.098,112.1615
2025-05-02,28.6,23.1,25.1,2.6,2.6,2.21,11.7,10.7,95,73,Blitar,-8.098,112.1615
2025-05-03,31.4,21.9,25.4,11.9,11.9,3.78,11.2,18.9,96,62,Blitar,-8.098,112.1615
2025-05-04,30.8,22.0,25.5,3.6,3.6,3.88,11.6,19.38,98,64,Blitar,-8.098,112.1615
2025-05-05,30.6,22.6,25.4,19.5,19.5,3.51,12.5,17.97,98,68,Blitar,-8.098,112.1615
2025-05-06,29.1,22.9,25.3,13.9,13.9,2.82,17.3,14.49,98,75,Blitar,-8.098,112.1615
2025-05-07,29.8,23.0,25.4,15.1,15.1,3.03,14.8,15.53,98,72,Blitar,-8.098,112.1615
2025-05-08,30.6,22.7,25.4,11.7,11.7,3.09,7.0,15.38,100,68,Blitar,-8.098,112.1615
2025-05-09,28.8,23.1,24.9,26.7,26.7,2.46,8.3,12.42,100,77,Blitar,-8.098,112.1615
2025-05-10,29.3,23.1,25.5,2.0,2.0,3.46,12.6,17.7,99,75,Blitar,-8.098,112.1615
2025-05-11,31.4,22.2,25.1,13.2,13.2,3.58,11.0,18.0,98,61,Blitar,-8.098,112.1615
2025-05-12,29.9,22.2,24.5,14.4,14.4,2.81,10.5,14.22,99,72,Blitar,-8.098,112.1615
2025-05-13,29.8,22.0,24.6,19.7,19.7,2.8,6.9,14.14,100,68,Blitar,-8.098,112.1615
2025-05-14,28.9,22.5,24.8,16.0,16.0,2.93,9.7,15.05,100,71,Blitar,-8.098,112.1615
2025-05-15,30.2,22.2,24.9,10.9,10.9,3.19,8.5,15.93,99,69,Blitar,-8.098,112.1615
2025-05-16,28.9,22.9,25.0,10.3,10.3,3.0,7.9,15.25,99,77,Blitar,-8.098,112.1615
2025-05-17,30.0,22.9,24.7,28.7,28.7,3.08,10.3,15.2,100,67,Blitar,-8.098,112.1615
2025-05-18,30.5,22.8,25.0,24.4,24.4,3.05,7.5,15.01,98,67,Blitar,-8.098,112.1615
2025-05-19,29.4,22.6,24.6,18.0,18.0,2.52,15.6,12.63,97,72,Blitar,-8.098,112.1615
2025-05-20,29.5,23.0,25.1,3.5,3.5,3.03,13.8,14.98,96,68,Blitar,-8.098,112.1615
2025-05-21,29.4,23.9,25.7,1.1,1.1,3.59,18.1,17.43,92,69,Blitar,-8.098,112.1615
2025-05-22,29.8,22.9,25.3,10.7,10.7,3.53,13.3,17.45,98,62,Blitar,-8.098,112.1615
2025-05-23,29.3,22.8,24.6,23.1,23.1,2.47,9.4,12.42,99,68,Blitar,-8.098,112.1615
2025-05-24,29.5,22.4,25.4,2.2,2.2,3.14,5.3,15.5,98,66,Blitar,-8.098,112.1615
2025-05-25,30.5,22.3,25.8,1.7,1.7,3.5,14.7,17.43,98,68,Blitar,-8.098,112.1615
2025-05-26,29.6,23.0,25.2,4.6,4.6,2.61,23.6,13.02,99,66,Blitar,-8.098,112.1615
2025-05-27,29.2,22.9,25.1,4.8,4.8,2.74,7.2,13.57,97,71,Blitar,-8.098,112.1615
2025-05-28,30.6,23.3,26.0,1.5,1.5,3.6,8.0,17.87,99,67,Blitar,-8.098,112.1615
2025-05-29,30.6,22.0,25.8,0.0,0.0,4.06,12.4,20.05,97,64,Blitar,-8.098,112.1615
2025-05-30,29.1,22.4,25.7,4.4,4.4,3.59,11.9,18.17,95,69,Blitar,-8.098,112.1615
2025-05-31,30.3,22.5,25.1,15.3,15.3,3.09,11.9,15.63,100,64,Blitar,-8.098,112.1615
2025-06-01,29.6,21.9,25.5,4.2,4.2,3.32,13.4,16.24,99,65,Blitar,-8.098,112.1615
2025-06-02,30.6,22.0,26.0,1.6,1.6,3.78,10.1,18.61,100,58,Blitar,-8.098,112.1615
2025-06-03,31.0,22.5,26.0,0.1,0.1,3.8,7.3,18.53,98,60,Blitar,-8.098,112.1615
2025-06-04,30.1,21.6,24.8,3.6,3.6,2.92,11.9,14.63,100,69,Blitar,-8.098,112.1615
2025-06-05,29.5,22.0,25.2,0.2,0.2,4.06,14.7,20.2,99,61,Blitar,-8.098,112.1615
2025-06-06,30.6,21.1,25.4,0.0,0.0,4.21,14.6,20.2,93,55,Blitar,-8.098,112.1615
2025-06-07,29.7,21.4,25.2,0.2,0.2,3.93,16.7,19.29,96,63,Blitar,-8.098,112.1615
2025-06-08,29.0,21.8,25.2,2.3,2.3,3.35,18.8,16.43,98,70,Blitar,-8.098,112.1615
2025-06-09,29.9,22.9,25.0,4.3,4.3,2.69,12.6,13.15,98,66,Blitar,-8.098,112.1615
2025-06-10,28.6,22.5,25.1,1.4,1.4,3.08,13.2,15.11,94,71,Blitar,-8.098,112.1615
2025-06-11,30.0,23.0,25.7,0.5,0.5,4.06,20.1,18.6,91,58,Blitar,-8.098,112.1615
2025-06-12,30.1,22.0,25.4,0.0,0.0,4.12,16.7,19.36,93,55,Blitar,-8.098,112.1615
2025-06-13,29.6,22.9,25.3,9.5,9.5,3.31,13.1,16.75,98,67,Blitar,-8.098,112.1615
2025-06-14,29.9,22.7,24.6,26.5,26.5,2.95,12.4,15.01,98,67,Blitar,-8.098,112.1615
2025-06-15,29.8,21.7,25.0,3.7,3.7,3.32,10.7,17.01,97,68,Blitar,-8.098,112.1615
2025-06-16,29.5,22.6,25.5,0.0,0.0,3.46,14.2,16.89,99,70,Blitar,-8.098,112.1615
2025-06-17,30.1,21.4,25.1,0.6,0.6,3.83,13.5,18.68,100,59,Blitar,-8.098,112.1615
2025-06-18,29.4,21.0,24.5,0.0,0.0,4.13,15.7,20.74,93,61,Blitar,-8.098,112.1615
2025-06-19,28.9,19.9,24.1,0.0,0.0,3.82,10.9,18.64,92,58,Blitar,-8.098,112.1615
2025-06-20,29.4,21.8,25.0,0.0,0.0,2.74,8.0,12.95,92,58,Blitar,-8.098,112.1615
2025-06-21,29.9,21.7,25.3,1.9,1.9,3.46,13.4,16.53,96,58,Blitar,-8.098,112.1615
2025-06-22,30.0,21.8,24.4,8.3,8.3,2.8,16.1,14.18,98,63,Blitar,-8.098,112.1615
2025-06-23,29.6,21.5,24.6,2.2,2.2,3.7,18.0,18.05,99,59,Blitar,-8.098,112.1615
2025-06-24,29.0,22.4,25.3,0.0,0.0,3.82,16.0,17.14,90,60,Blitar,-8.098,112.1615
2025-06-25,28.7,23.1,25.3,1.1,1.1,3.78,18.4,17.67,89,64,Blitar,-8.098,112.1615
2025-06-26,28.5,22.1,24.9,3.6,3.6,3.35,17.4,16.52,94,65,Blitar,-8.098,112.1615
2025-06-27,29.5,22.9,25.0,4.0,4.0,3.32,15.8,16.42,97,65,Blitar,-8.098,112.1615
2025-06-28,28.5,22.2,24.6,4.0,4.0,3.31,19.0,16.75,97,69,Blitar,-8.098,112.1615
2025-06-29,28.9,21.9,24.4,2.2,2.2,3.25,17.2,15.98,96,64,Blitar,-8.098,112.1615
2025-06-30,29.4,22.0,25.0,0.6,0.6,3.89,15.9,18.59,94,59,Blitar,-8.098,112.1615
2025-07-01,30.0,21.9,25.2,0.8,0.8,3.72,12.2,18.35,96,61,Blitar,-8.098,112.1615
2025-07-02,30.1,21.4,25.1,0.0,0.0,4.01,17.0,19.5,96,61,Blitar,-8.098,112.1615
2025-07-03,28.8,22.4,24.5,6.9,6.9,2.98,15.0,15.11,94,67,Blitar,-8.098,112.1615
2025-07-04,27.0,22.5,24.1,2.0,2.0,3.0,20.3,14.39,93,73,Blitar,-8.098,112.1615
2025-07-05,28.3,21.6,24.4,0.1,0.1,3.09,16.4,14.16,93,63,Blitar,-8.098,112.1615
2025-07-06,27.4,22.1,24.0,6.0,6.0,2.49,12.2,12.72,98,75,Blitar,-8.098,112.1615
2025-07-07,28.0,21.5,24.1,9.5,9.5,3.0,14.7,15.76,97,71,Blitar,-8.098,112.1615
2025-07-08,28.6,21.4,24.3,0.0,0.0,3.71,19.9,17.64,95,61,Blitar,-8.098,112.1615
2025-07-09,27.2,20.4,23.3,0.0,0.0,4.19,19.1,21.0,94,56,Blitar,-8.098,112.1615
2025-07-10,28.0,19.3,23.3,0.0,0.0,3.97,13.9,19.27,91,56,Blitar,-8.098,112.1615
2025-07-11,27.9,20.1,23.4,0.0,0.0,3.56,17.0,17.17,92,59,Blitar,-8.098,112.1615
2025-07-12,28.4,19.8,23.6,1.9,1.9,3.28,14.0,16.46,94,62,Blitar,-8.098,112.1615
2025-07-13,29.2,21.0,24.4,4.6,4.6,3.42,13.0,17.25,98,63,Blitar,-8.098,112.1615
2025-07-14,28.1,22.2,24.8,1.1,1.1,3.74,21.0,17.76,96,64,Blitar,-8.098,112.1615
2025-07-15,28.6,21.7,24.5,0.7,0.7,3.28,16.9,16.07,97,65,Blitar,-8.098,112.1615
2025-07-16,28.6,21.7,24.4,0.1,0.1,3.64,22.9,17.34,92,61,Blitar,-8.098,112.1615
2025-07-17,28.6,19.1,23.6,0.0,0.0,4.01,14.9,20.09,96,61,Blitar,-8.098,112.1615
2025-07-18,27.7,20.5,23.8,0.0,0.0,3.83,15.8,19.23,93,64,Blitar,-8.098,112.1615
2025-07-19,28.5,18.7,22.9,0.0,0.0,4.17,14.5,21.24,98,55,Blitar,-8.098,112.1615
2025-07-20,28.1,19.3,23.0,0.0,0.0,4.34,17.2,22.12,95,56,Blitar,-8.098,112.1615
2025-07-21,27.7,19.2,23.1,0.0,0.0,3.92,16.0,19.57,92,55,Blitar,-8.098,112.1615
2025-07-22,28.4,18.6,23.2,0.1,0.1,3.87,16.1,19.96,95,58,Blitar,-8.098,112.1615
2025-07-23,28.9,19.9,23.7,0.0,0.0,3.82,16.3,19.52,100,60,Blitar,-8.098,112.1615
2025-07-24,27.9,20.1,24.0,0.2,0.2,3.37,16.6,16.89,99,69,Blitar,-8.098,112.1615
2025-07-25,28.6,21.9,24.9,1.6,1.6,3.9,16.3,19.1,97,66,Blitar,-8.098,112.1615
2025-07-26,29.9,22.3,25.4,0.5,0.5,4.04,17.1,19.41,95,61,Blitar,-8.098,112.1615
2025-07-27,29.9,21.3,25.0,3.1,3.1,3.87,12.8,19.45,97,62,Blitar,-8.098,112.1615
2025-07-28,27.5,22.2,24.4,1.7,1.7,3.05,18.0,15.62,98,74,Blitar,-8.098,112.1615
2025-07-29,27.4,23.0,24.7,2.6,2.6,3.6,24.1,17.46,92,71,Blitar,-8.098,112.1615
2025-07-30,26.5,22.0,23.6,1.9,1.9,2.79,21.1,13.92,95,72,Blitar,-8.098,112.1615
2025-07-31,28.7,21.7,24.5,0.4,0.4,3.79,16.8,18.28,95,63,Blitar,-8.098,112.1615
2025-08-01,30.1,22.0,25.0,0.0,0.0,3.81,19.9,18.48,95,58,Blitar,-8.098,112.1615
2025-08-02,30.5,22.5,25.3,1.5,1.5,3.56,15.8,17.51,97,59,Blitar,-8.098,112.1615
2025-08-03,28.8,22.4,24.9,2.5,2.5,3.45,17.4,17.78,98,68,Blitar,-8.098,112.1615
2025-08-04,30.6,21.4,25.0,3.3,3.3,4.01,17.2,19.62,98,61,Blitar,-8.098,112.1615
2025-08-05,30.0,21.1,24.6,2.1,2.1,4.26,16.4,21.3,100,58,Blitar,-8.098,112.1615
2025-08-06,29.0,20.5,24.3,0.0,0.0,4.41,16.1,22.42,97,60,Blitar,-8.098,112.1615
2025-08-07,29.9,20.0,24.2,0.0,0.0,4.27,17.0,21.05,96,58,Blitar,-8.098,112.1615
2025-08-08,29.4,22.1,25.4,0.3,0.3,3.87,14.3,18.31,93,62,Blitar,-8.098,112.1615
2025-08-09,29.4,22.5,25.3,0.6,0.6,4.1,14.3,20.37,97,64,Blitar,-8.098,112.1615
2025-08-10,28.5,22.3,24.6,1.7,1.7,3.52,15.9,17.76,98,69,Blitar,-8.098,112.1615
2025-08-11,29.0,21.4,24.8,3.1,3.1,3.99,17.8,19.65,96,63,Blitar,-8.098,112.1615
2025-08-12,29.5,22.4,25.1,1.4,1.4,4.17,17.4,19.57,91,58,Blitar,-8.098,112.1615
2025-08-13,30.0,21.8,25.0,0.1,0.1,4.51,18.6,20.78,93,50,Blitar,-8.098,112.1615
2025-08-14,28.5,21.5,24.3,0.0,0.0,4.95,22.9,22.48,88,48,Blitar,-8.098,112.1615
2025-08-15,29.1,19.6,24.2,0.0,0.0,4.42,21.7,20.06,86,52,Blitar,-8.098,112.1615
2025-08-16,30.0,20.8,24.8,1.4,1.4,4.46,18.3,21.08,93,54,Blitar,-8.098,112.1615
2025-08-17,30.1,20.6,24.7,0.0,0.0,4.34,16.4,20.52,98,53,Blitar,-8.098,112.1615
2025-08-18,30.8,21.5,25.2,4.0,4.0,4.08,13.6,19.75,96,53,Blitar,-8.098,112.1615
2025-08-19,29.4,21.8,24.0,44.3,44.3,2.81,14.2,14.48,99,68,Blitar,-8.098,112.1615
2025-08-20,29.8,21.5,24.3,5.2,5.2,3.09,10.4,14.95,99,61,Blitar,-8.098,112.1615
2025-08-21,29.2,21.0,24.7,1.9,1.9,3.9,13.1,19.07,98,62,Blitar,-8.098,112.1615
2025-08-22,29.8,21.0,24.7,2.8,2.8,3.93,12.9,19.43,95,61,Blitar,-8.098,112.1615
2025-08-23,30.9,20.5,25.2,2.0,2.0,4.11,11.3,20.26,100,56,Blitar,-8.098,112.1615
2025-08-24,29.5,20.2,24.3,0.0,0.0,4.36,14.1,22.08,100,60,Blitar,-8.098,112.1615
2025-08-25,29.1,20.5,23.9,0.5,0.5,4.35,16.7,21.6,98,57,Blitar,-8.098,112.1615
2025-08-26,29.1,19.8,23.9,0.3,0.3,4.6,18.8,22.38,94,56,Blitar,-8.098,112.1615
2025-08-27,27.5,20.8,23.7,2.6,2.6,3.73,23.3,19.33,92,68,Blitar,-8.098,112.1615
2025-08-28,24.6,22.2,23.2,3.8,3.8,1.75,19.5,7.64,95,78,Blitar,-8.098,112.1615
2025-08-29,27.4,21.6,24.1,2.3,2.3,3.72,21.0,18.09,96,66,Blitar,-8.098,112.1615
2025-08-30,28.6,21.8,24.8,0.2,0.2,3.75,18.6,16.71,92,61,Blitar,-8.098,112.1615
2025-08-31,29.2,21.4,24.7,1.5,1.5,4.35,16.9,21.49,94,60,Blitar,-8.098,112.1615
2025-09-01,30.0,20.9,24.9,0.0,0.0,4.27,15.7,20.43,94,54,Blitar,-8.098,112.1615
2025-09-02,31.5,20.1,24.9,0.7,0.7,4.51,14.4,22.03,100,50,Blitar,-8.098,112.1615
2025-09-03,30.8,20.2,24.9,0.1,0.1,4.54,16.0,22.03,100,55,Blitar,-8.098,112.1615
2025-09-04,31.2,22.2,25.6,0.4,0.4,4.55,18.7,21.08,97,51,Blitar,-8.098,112.1615
2025-09-05,30.2,22.0,25.2,0.0,0.0,4.42,17.5,20.76,94,54,Blitar,-8.098,112.1615
2025-09-06,28.2,21.8,24.4,1.2,1.2,4.6,18.8,22.17,95,58,Blitar,-8.098,112.1615
2025-09-07,28.5,21.0,24.5,0.0,0.0,4.47,19.7,19.36,91,57,Blitar,-8.098,112.1615
2025-09-08,29.1,21.5,24.8,0.1,0.1,3.83,20.3,16.95,89,59,Blitar,-8.098,112.1615
2025-09-09,27.4,22.5,24.2,8.8,8.8,3.21,19.8,16.62,98,71,Blitar,-8.098,112.1615
2025-09-10,27.6,22.1,23.8,29.6,29.6,2.23,19.3,10.83,99,74,Blitar,-8.098,112.1615
2025-09-11,29.6,22.2,24.7,6.2,6.2,2.78,9.4,13.64,99,69,Blitar,-8.098,112.1615
2025-09-12,29.9,22.1,25.2,0.2,0.2,4.58,19.0,22.76,98,60,Blitar,-8.098,112.1615
2025-09-13,30.5,21.5,25.5,0.2,0.2,4.49,16.8,22.23,97,58,Blitar,-8.098,112.1615
2025-09-14,28.3,22.6,25.2,2.0,2.0,4.24,19.7,21.04,98,65,Blitar,-8.098,112.1615
2025-09-15,27.7,22.8,24.7,3.4,3.4,3.65,18.9,18.85,90,70,Blitar,-8.098,112.1615
2025-09-16,28.5,22.0,24.7,3.5,3.5,3.92,18.8,19.31,95,68,Blitar,-8.098,112.1615
2025-09-17,28.5,22.9,25.0,2.3,2.3,4.09,17.6,20.21,89,64,Blitar,-8.098,112.1615
2025-09-18,28.3,22.4,24.4,6.8,6.8,3.73,16.5,19.05,97,65,Blitar,-8.098,112.1615
2025-09-19,29.9,22.0,24.7,13.2,13.2,3.97,14.1,20.4,96,63,Blitar,-8.098,112.1615
2025-09-20,31.0,21.9,25.7,2.2,2.2,4.5,14.3,21.81,99,59,Blitar,-8.098,112.1615
2025-09-21,30.4,22.1,25.6,1.8,1.8,4.42,14.7,21.59,96,61,Blitar,-8.098,112.1615
2025-09-22,29.2,22.0,25.1,0.7,0.7,4.22,14.2,21.0,98,63,Blitar,-8.098,112.1615
2025-09-23,29.5,20.4,24.5,0.0,0.0,4.83,15.1,24.94,100,62,Blitar,-8.098,112.1615
2025-09-24,29.5,20.9,24.6,0.4,0.4,4.26,17.6,21.4,99,61,Blitar,-8.098,112.1615
2025-09-25,30.6,21.5,25.4,3.8,3.8,4.46,14.0,21.84,98,56,Blitar,-8.098,112.1615
2025-09-26,30.5,21.1,25.4,1.2,1.2,4.65,17.9,22.79,100,58,Blitar,-8.098,112.1615
2025-09-27,30.7,21.8,25.6,1.7,1.7,4.46,14.5,21.57,97,57,Blitar,-8.098,112.1615
2025-09-28,31.5,20.9,25.8,2.0,2.0,4.51,10.4,21.77,100,58,Blitar,-8.098,112.1615
2025-09-29,30.0,22.9,25.5,3.2,3.2,4.09,16.7,20.33,99,64,Blitar,-8.098,112.1615
2025-09-30,27.3,22.5,24.0,16.0,16.0,2.19,12.7,10.88,98,78,Blitar,-8.098,112.1615
2025-10-01,31.4,21.6,24.5,21.0,21.0,3.41,11.0,16.95,100,59,Blitar,-8.098,112.1615
2025-10-02,31.3,21.4,25.5,2.1,2.1,4.6,11.3,22.42,100,58,Blitar,-8.098,112.1615
2025-10-03,29.9,22.6,25.5,0.1,0.1,4.98,16.4,24.8,100,54,Blitar,-8.098,112.1615
2025-10-04,29.9,20.7,25.1,0.0,0.0,4.86,13.9,24.3,100,61,Blitar,-8.098,112.1615
2025-10-05,31.2,20.6,25.5,3.5,3.5,4.8,16.0,23.45,96,55,Blitar,-8.098,112.1615
2025-10-06,29.4,22.6,25.3,8.1,8.1,4.27,12.6,21.47,98,63,Blitar,-8.098,112.1615
2025-10-07,30.5,21.7,25.4,3.1,3.1,4.78,15.1,23.75,100,63,Blitar,-8.098,112.1615
2025-10-08,29.5,22.2,25.3,0.1,0.1,4.87,17.3,24.48,97,62,Blitar,-8.098,112.1615
2025-10-09,29.7,21.0,24.8,0.2,0.2,4.47,14.9,22.48,98,65,Blitar,-8.098,112.1615
2025-10-10,29.5,21.1,25.2,1.9,1.9,4.51,15.5,22.33,96,61,Blitar,-8.098,112.1615
2025-10-11,29.4,21.5,25.2,1.6,1.6,4.49,16.8,22.22,96,60,Blitar,-8.098,112.1615
2025-10-12,31.0,23.0,26.0,7.5,7.5,4.34,15.1,21.01,97,60,Blitar,-8.098,112.1615
2025-10-13,31.0,23.2,26.1,8.4,8.4,4.34,11.1,21.29,98,61,Blitar,-8.098,112.1615
2025-10-14,31.2,23.4,26.4,1.5,1.5,4.42,13.1,21.41,100,62,Blitar,-8.098,112.1615
2025-10-15,31.0,22.5,26.0,2.8,2.8,4.41,14.5,21.38,100,61,Blitar,-8.098,112.1615
2025-10-16,30.8,23.1,26.3,3.0,3.0,4.54,16.6,21.89,96,62,Blitar,-8.098,112.1615
2025-10-17,30.7,22.6,26.0,7.7,7.7,4.39,15.2,21.67,96,63,Blitar,-8.098,112.1615
2025-10-18,31.6,22.5,26.4,2.9,2.9,4.81,12.5,23.26,100,59,Blitar,-8.098,112.1615
2025-10-19,30.2,23.2,26.2,4.3,4.3,4.09,11.6,20.24,97,67,Blitar,-8.098,112.1615
2025-10-20,30.9,23.4,25.5,31.3,31.3,3.3,8.8,16.38,99,68,Blitar,-8.098,112.1615
2025-10-21,29.3,22.8,25.0,22.7,22.7,2.81,15.3,13.99,99,72,Blitar,-8.098,112.1615
2025-10-22,28.9,22.6,24.6,19.5,19.5,2.59,12.6,13.3,100,73,Blitar,-8.098,112.1615
2025-10-23,29.0,22.6,24.5,12.2,12.2,3.02,12.9,15.4,100,72,Blitar,-8.098,112.1615
2025-10-24,29.1,22.3,24.7,9.0,9.0,3.19,15.3,16.13,99,74,Blitar,-8.098,112.1615
2025-10-25,28.6,22.1,24.3,12.7,12.7,2.9,14.4,14.9,99,71,Blitar,-8.098,112.1615
2025-10-26,28.8,22.4,24.7,3.7,3.7,3.64,12.6,18.46,99,68,Blitar,-8.098,112.1615
2025-10-27,29.9,21.6,25.0,3.7,3.7,3.66,12.4,18.14,99,68,Blitar,-8.098,112.1615
2025-10-28,29.8,22.3,24.9,28.8,28.8,3.31,11.2,16.44,99,69,Blitar,-8.098,112.1615
2025-10-29,28.8,22.1,25.0,19.9,19.9,3.36,11.1,16.9,99,73,Blitar,-8.098,112.1615
2025-10-30,28.9,22.4,24.8,12.4,12.4,2.95,10.6,14.88,99,74,Blitar,-8.098,112.1615
2025-10-31,30.2,21.9,24.8,15.1,15.1,3.29,11.8,16.54,99,70,Blitar,-8.098,112.1615
2025-11-01,30.6,22.8,25.2,8.2,8.2,3.64,8.1,18.14,100,63,Blitar,-8.098,112.1615
2025-11-02,29.1,22.4,24.9,7.2,7.2,3.21,10.2,15.91,98,73,Blitar,-8.098,112.1615
2025-11-03,28.8,22.0,24.8,17.9,17.9,3.36,10.0,17.03,100,75,Blitar,-8.098,112.1615
2025-11-04,28.8,22.4,24.7,12.7,12.7,2.98,13.6,15.13,99,74,Blitar,-8.098,112.1615
2025-11-05,28.0,22.2,24.0,16.2,16.2,2.74,12.9,14.18,99,78,Blitar,-8.098,112.1615
2025-11-06,29.2,22.8,25.1,4.9,4.9,3.51,14.5,17.15,99,65,Blitar,-8.098,112.1615
2025-11-07,30.4,22.4,24.9,18.4,18.4,3.19,10.8,16.01,100,68,Blitar,-8.098,112.1615
2025-11-08,31.9,21.5,25.4,35.5,35.5,4.05,12.9,20.01,99,59,Blitar,-8.098,112.1615
2025-11-09,28.0,22.4,25.0,9.7,9.7,2.45,11.6,11.34,99,69,Blitar,-8.098,112.1615
2025-11-10,30.8,23.6,25.7,22.6,22.6,3.15,8.4,15.06,99,61,Blitar,-8.098,112.1615
2025-11-11,30.0,22.9,24.9,21.3,21.3,3.22,14.0,15.84,99,65,Blitar,-8.098,112.1615
2025-11-12,28.7,22.5,24.6,15.3,15.3,3.02,10.8,15.09,99,69,Blitar,-8.098,112.1615
2025-11-13,29.5,22.3,24.6,23.6,23.6,3.05,10.2,14.98,98,66,Blitar,-8.098,112.1615
2025-11-14,29.2,22.4,24.5,20.7,20.7,3.19,14.4,16.08,98,69,Blitar,-8.098,112.1615
2025-11-15,27.4,22.1,24.4,19.4,19.4,3.31,12.8,17.27,99,77,Blitar,-8.098,112.1615
2025-11-16,29.9,22.3,25.1,18.1,18.1,3.66,9.6,18.01,98,68,Blitar,-8.098,112.1615
2025-11-17,29.8,23.0,25.3,4.2,4.2,3.32,11.5,15.9,98,64,Blitar,-8.098,112.1615
2025-11-18,30.0,23.0,25.0,24.0,24.0,3.51,9.6,17.56,99,68,Blitar,-8.098,112.1615
2025-11-19,30.5,23.0,25.0,18.3,18.3,3.49,7.8,17.2,99,64,Blitar,-8.098,112.1615
2025-11-20,30.8,22.6,25.4,13.0,13.0,3.81,11.4,18.45,99,60,Blitar,-8.098,112.1615
2025-11-21,30.2,23.0,25.1,20.0,20.0,2.99,10.1,14.52,98,67,Blitar,-8.098,112.1615
2025-11-22,28.8,22.5,25.0,69.8,69.8,3.03,11.5,14.48,99,69,Blitar,-8.098,112.1615
2025-11-23,31.1,22.5,25.6,11.1,11.1,4.13,13.0,19.86,99,58,Blitar,-8.098,112.1615
2025-11-24,29.0,22.4,25.2,7.0,7.0,3.78,14.2,18.3,96,61,Blitar,-8.098,112.1615
2025-11-25,30.0,21.3,25.7,2.7,2.7,4.71,15.7,23.15,93,62,Blitar,-8.098,112.1615
2025-11-26,28.5,21.6,24.3,19.2,19.2,2.83,16.1,14.59,97,70,Blitar,-8.098,112.1615
2025-11-27,29.9,22.1,25.6,0.6,0.6,4.37,15.0,21.27,96,61,Blitar,-8.098,112.1615
2025-11-28,28.3,23.5,25.8,0.8,0.8,4.04,18.9,19.22,89,61,Blitar,-8.098,112.1615
2025-11-29,29.0,22.2,25.3,0.0,0.0,4.32,16.8,20.25,84,58,Blitar,-8.098,112.1615
2025-11-30,29.5,21.6,25.4,0.1,0.1,3.93,11.7,18.33,87,62,Blitar,-8.098,112.1615
2025-12-01,29.2,22.6,25.7,1.6,1.6,4.69,15.0,22.43,94,61,Blitar,-8.098,112.1615
2025-12-02,30.0,22.9,25.0,27.1,27.1,3.02,9.9,14.84,98,64,Blitar,-8.098,112.1615
2025-12-03,30.0,23.2,25.5,7.7,7.7,3.43,12.5,17.23,99,67,Blitar,-8.098,112.1615
2025-12-04,30.0,22.6,24.7,9.4,9.4,3.16,14.0,15.62,98,66,Blitar,-8.098,112.1615
2025-12-05,29.0,21.9,24.8,7.3,7.3,3.69,12.9,18.82,99,72,Blitar,-8.098,112.1615
2025-12-06,28.6,22.6,24.6,6.1,6.1,3.18,9.7,16.05,99,71,Blitar,-8.098,112.1615
2025-12-07,28.6,22.0,24.8,10.3,10.3,3.43,10.8,17.58,99,74,Blitar,-8.098,112.1615
2025-12-08,27.6,23.0,24.4,16.0,16.0,2.12,12.1,10.44,99,78,Blitar,-8.098,112.1615
2025-12-09,28.9,22.5,24.5,4.0,4.0,2.81,13.3,13.96,99,71,Blitar,-8.098,112.1615
2025-12-10,30.0,21.8,25.8,2.6,2.6,4.45,17.3,21.84,98,63,Blitar,-8.098,112.1615
2025-12-11,29.8,22.9,25.4,6.3,6.3,3.68,17.7,17.8,98,63,Blitar,-8.098,112.1615
2025-12-12,30.2,21.5,25.8,1.2,1.2,4.52,13.1,21.91,97,59,Blitar,-8.098,112.1615
2025-12-13,31.3,23.1,26.4,1.5,1.5,4.89,15.3,23.02,93,52,Blitar,-8.098,112.1615
2025-12-14,30.0,23.0,25.8,5.2,5.2,4.26,16.4,20.97,98,63,Blitar,-8.098,112.1615
2025-12-15,28.8,22.4,25.1,5.0,5.0,3.17,14.1,15.57,96,62,Blitar,-8.098,112.1615
2025-12-16,30.9,22.0,26.1,0.5,0.5,5.19,17.5,24.03,94,52,Blitar,-8.098,112.1615
2025-12-17,30.0,21.6,25.9,0.7,0.7,4.92,15.4,24.13,92,63,Blitar,-8.098,112.1615
2025-12-18,29.5,22.0,25.0,19.1,19.1,3.95,13.9,20.2,97,65,Blitar,-8.098,112.1615
2025-12-19,31.8,22.9,26.3,1.0,1.0,4.72,12.7,22.43,99,53,Blitar,-8.098,112.1615
2025-12-20,30.7,22.4,25.1,34.1,34.1,3.59,11.0,17.61,99,66,Blitar,-8.098,112.1615
2025-12-21,29.9,23.0,25.9,0.7,0.7,3.77,11.9,17.93,96,66,Blitar,-8.098,112.1615
2025-12-22,30.5,23.4,26.1,3.6,3.6,3.11,11.4,14.86,91,64,Blitar,-8.098,112.1615
2025-12-23,30.3,23.0,26.1,6.9,6.9,4.69,18.1,23.62,96,67,Blitar,-8.098,112.1615
2025-12-24,30.6,22.8,25.8,4.2,4.2,4.53,15.3,22.58,96,64,Blitar,-8.098,112.1615
2025-12-25,30.5,22.8,26.2,3.9,3.9,4.87,16.2,24.25,95,65,Blitar,-8.098,112.1615
2025-12-26,29.0,22.8,25.1,9.2,9.2,3.63,16.5,18.65,98,73,Blitar,-8.098,112.1615
2025-12-27,30.8,22.9,26.0,1.4,1.4,4.18,18.3,20.39,98,67,Blitar,-8.098,112.1615
2025-12-28,30.5,23.0,26.5,1.2,1.2,4.77,18.2,23.5,97,65,Blitar,-8.098,112.1615
2025-12-29,30.0,23.6,26.4,1.1,1.1,4.97,14.4,24.22,92,59,Blitar,-8.098,112.1615
2025-12-30,30.1,23.0,26.3,0.0,0.0,4.56,13.0,21.87,89,62,Blitar,-8.098,112.1615
2025-12-31,30.3,23.1,25.5,9.6,9.6,3.42,11.5,16.65,99,65,Blitar,-8.098,112.1615
