tanggal,temperature_2m_max,temperature_2m_min,temperature_2m_mean,precipitation_sum,rain_sum,et0_fao_evapotranspiration,windspeed_10m_max,shortwave_radiation_sum,relative_humidity_2m_max,relative_humidity_2m_min,kabupaten,lat,lon
2018-01-01,30.5,23.8,26.5,4.1,4.1,3.48,10.2,16.98,97,65,Bojonegoro,-7.1507,111.8815
2018-01-02,29.8,24.0,26.3,7.6,7.6,3.31,9.0,16.42,98,71,Bojonegoro,-7.1507,111.8815
2018-01-03,31.5,23.6,26.6,10.0,10.0,3.61,12.0,17.67,99,66,Bojonegoro,-7.1507,111.8815
2018-01-04,30.5,24.1,26.2,24.5,24.5,3.08,8.0,14.86,97,69,Bojonegoro,-7.1507,111.8815
2018-01-05,31.6,23.9,26.2,17.4,17.4,3.86,8.4,18.96,98,64,Bojonegoro,-7.1507,111.8815
2018-01-06,30.4,24.0,26.3,5.7,5.7,3.8,9.8,18.73,97,67,Bojonegoro,-7.1507,111.8815
2018-01-07,28.0,24.1,25.5,18.9,18.9,1.97,9.2,9.42,96,77,Bojonegoro,-7.1507,111.8815
2018-01-08,30.2,23.7,26.6,1.0,1.0,3.54,6.2,17.04,98,63,Bojonegoro,-7.1507,111.8815
2018-01-09,31.0,24.0,27.0,4.6,4.6,3.87,9.7,18.84,98,64,Bojonegoro,-7.1507,111.8815
2018-01-10,30.4,24.3,26.5,7.7,7.7,4.0,15.5,19.54,96,66,Bojonegoro,-7.1507,111.8815
2018-01-11,29.2,23.7,25.6,9.1,9.1,2.56,16.9,11.99,96,69,Bojonegoro,-7.1507,111.8815
2018-01-12,29.4,23.0,25.4,3.1,3.1,2.45,10.8,11.34,93,65,Bojonegoro,-7.1507,111.8815
2018-01-13,30.1,23.5,26.4,7.7,7.7,2.92,17.7,13.17,97,68,Bojonegoro,-7.1507,111.8815
2018-01-14,29.6,23.8,26.3,0.9,0.9,3.21,17.0,14.74,95,66,Bojonegoro,-7.1507,111.8815
2018-01-15,30.4,24.2,27.0,0.0,0.0,4.13,14.8,19.0,94,63,Bojonegoro,-7.1507,111.8815
2018-01-16,29.5,24.2,26.6,0.8,0.8,3.76,20.6,16.6,91,65,Bojonegoro,-7.1507,111.8815
2018-01-17,31.0,23.8,26.8,0.4,0.4,3.67,15.2,16.93,94,62,Bojonegoro,-7.1507,111.8815
2018-01-18,28.6,23.8,25.7,12.2,12.2,2.42,13.1,11.51,95,74,Bojonegoro,-7.1507,111.8815
2018-01-19,29.0,23.8,25.5,8.9,8.9,2.4,15.0,11.74,97,73,Bojonegoro,-7.1507,111.8815
2018-01-20,29.3,23.5,25.4,13.1,13.1,2.94,13.0,14.42,95,71,Bojonegoro,-7.1507,111.8815
2018-01-21,29.5,23.0,25.9,0.8,0.8,3.39,13.6,16.05,93,68,Bojonegoro,-7.1507,111.8815
2018-01-22,27.6,23.5,25.7,6.9,6.9,2.5,18.5,11.9,96,77,Bojonegoro,-7.1507,111.8815
2018-01-23,29.1,24.0,25.9,10.8,10.8,2.66,18.2,12.68,94,72,Bojonegoro,-7.1507,111.8815
2018-01-24,30.0,24.0,26.2,8.6,8.6,3.14,19.7,15.49,96,73,Bojonegoro,-7.1507,111.8815
2018-01-25,29.1,24.0,26.0,7.5,7.5,2.75,22.0,12.97,90,75,Bojonegoro,-7.1507,111.8815
2018-01-26,30.8,24.2,26.2,11.7,11.7,3.29,18.4,15.93,93,69,Bojonegoro,-7.1507,111.8815
2018-01-27,31.0,23.9,27.3,1.2,1.2,4.3,23.6,18.89,96,60,Bojonegoro,-7.1507,111.8815
2018-01-28,29.9,23.9,26.3,16.1,16.1,2.99,15.9,13.82,96,71,Bojonegoro,-7.1507,111.8815
2018-01-29,30.1,24.6,26.3,8.8,8.8,3.62,17.7,16.03,90,65,Bojonegoro,-7.1507,111.8815
2018-01-30,30.3,23.4,26.1,3.4,3.4,4.41,18.5,21.0,92,63,Bojonegoro,-7.1507,111.8815
2018-01-31,29.1,23.6,25.9,5.3,5.3,2.95,19.7,13.76,95,73,Bojonegoro,-7.1507,111.8815
2018-02-01,29.2,24.2,25.8,6.4,6.4,3.01,19.6,14.82,95,74,Bojonegoro,-7.1507,111.8815
2018-02-02,29.6,23.5,25.7,14.9,14.9,2.96,17.0,14.67,97,72,Bojonegoro,-7.1507,111.8815
2018-02-03,29.5,24.0,26.0,7.6,7.6,2.98,16.0,14.1,95,72,Bojonegoro,-7.1507,111.8815
2018-02-04,29.4,23.2,25.7,17.2,17.2,3.24,13.6,16.33,96,72,Bojonegoro,-7.1507,111.8815
2018-02-05,26.5,23.6,24.8,8.1,8.1,1.47,15.5,6.61,98,84,Bojonegoro,-7.1507,111.8815
2018-02-06,27.5,23.1,25.0,4.7,4.7,1.99,13.5,8.62,94,78,Bojonegoro,-7.1507,111.8815
2018-02-07,27.8,23.4,24.9,24.6,24.6,2.3,13.8,11.61,94,78,Bojonegoro,-7.1507,111.8815
2018-02-08,27.4,23.5,24.8,27.9,27.9,1.73,17.8,8.1,96,78,Bojonegoro,-7.1507,111.8815
2018-02-09,28.6,23.1,25.1,16.8,16.8,2.62,16.6,13.1,95,76,Bojonegoro,-7.1507,111.8815
2018-02-10,30.1,22.8,25.9,3.7,3.7,4.3,15.6,21.84,97,66,Bojonegoro,-7.1507,111.8815
2018-02-11,29.5,23.5,25.4,23.1,23.1,2.86,14.9,14.32,96,70,Bojonegoro,-7.1507,111.8815
2018-02-12,29.0,23.1,25.7,7.6,7.6,3.3,18.7,15.98,95,74,Bojonegoro,-7.1507,111.8815
2018-02-13,29.4,24.2,26.0,6.7,6.7,3.32,17.7,15.6,91,75,Bojonegoro,-7.1507,111.8815
2018-02-14,28.6,24.3,26.1,3.0,3.0,3.15,16.3,14.59,92,73,Bojonegoro,-7.1507,111.8815
2018-02-15,29.0,23.8,25.3,16.0,16.0,2.77,18.8,13.76,96,76,Bojonegoro,-7.1507,111.8815
2018-02-16,29.3,23.7,25.6,9.5,9.5,2.34,16.7,10.8,95,75,Bojonegoro,-7.1507,111.8815
2018-02-17,30.5,23.5,26.5,6.8,6.8,4.29,15.3,21.36,96,64,Bojonegoro,-7.1507,111.8815
2018-02-18,30.4,24.1,26.5,4.8,4.8,4.0,12.5,19.67,95,68,Bojonegoro,-7.1507,111.8815
2018-02-19,30.5,23.9,26.2,13.8,13.8,3.89,12.5,19.3,95,67,Bojonegoro,-7.1507,111.8815
2018-02-20,30.1,23.1,25.9,3.6,3.6,3.54,13.7,17.79,98,69,Bojonegoro,-7.1507,111.8815
2018-02-21,31.1,23.5,26.4,8.0,8.0,4.05,10.1,19.79,98,67,Bojonegoro,-7.1507,111.8815
2018-02-22,30.0,23.4,25.6,25.9,25.9,3.16,13.1,15.41,97,69,Bojonegoro,-7.1507,111.8815
2018-02-23,29.6,23.6,25.6,15.3,15.3,2.51,12.0,12.16,97,73,Bojonegoro,-7.1507,111.8815
2018-02-24,29.3,23.6,25.8,17.8,17.8,2.81,11.9,13.92,96,71,Bojonegoro,-7.1507,111.8815
2018-02-25,30.0,23.4,26.2,7.6,7.6,3.41,8.4,16.45,96,67,Bojonegoro,-7.1507,111.8815
2018-02-26,29.2,23.3,25.6,3.7,3.7,2.99,11.2,14.53,97,71,Bojonegoro,-7.1507,111.8815
2018-02-27,31.1,22.8,26.5,4.1,4.1,4.72,8.4,23.08,98,62,Bojonegoro,-7.1507,111.8815
2018-02-28,29.9,23.1,26.2,2.9,2.9,3.55,11.7,17.4,99,72,Bojonegoro,-7.1507,111.8815
2018-03-01,30.3,24.0,26.0,16.5,16.5,3.14,16.5,15.43,97,70,Bojonegoro,-7.1507,111.8815
2018-03-02,31.0,22.8,26.4,2.8,2.8,3.69,11.5,18.25,99,65,Bojonegoro,-7.1507,111.8815
2018-03-03,30.5,24.2,26.4,7.3,7.3,3.44,8.8,16.63,97,71,Bojonegoro,-7.1507,111.8815
2018-03-04,29.5,23.5,26.3,11.5,11.5,3.21,9.7,15.83,99,72,Bojonegoro,-7.1507,111.8815
2018-03-05,29.7,23.9,25.8,24.9,24.9,2.91,9.7,14.04,97,74,Bojonegoro,-7.1507,111.8815
2018-03-06,30.1,23.0,26.4,9.6,9.6,4.0,11.2,19.88,99,71,Bojonegoro,-7.1507,111.8815
2018-03-07,29.7,23.6,25.8,24.6,24.6,3.3,9.7,16.23,96,69,Bojonegoro,-7.1507,111.8815
2018-03-08,30.0,23.9,26.2,11.5,11.5,3.35,11.8,16.76,97,71,Bojonegoro,-7.1507,111.8815
2018-03-09,30.8,23.7,26.5,4.7,4.7,4.13,9.7,20.49,98,66,Bojonegoro,-7.1507,111.8815
2018-03-10,31.5,23.4,26.4,6.5,6.5,3.96,9.7,19.46,99,69,Bojonegoro,-7.1507,111.8815
2018-03-11,30.7,24.0,26.0,17.5,17.5,3.56,13.4,17.32,97,67,Bojonegoro,-7.1507,111.8815
2018-03-12,29.3,23.7,26.0,50.7,50.7,2.8,6.9,13.22,97,69,Bojonegoro,-7.1507,111.8815
2018-03-13,28.5,23.8,25.3,9.3,9.3,1.83,9.0,8.34,96,73,Bojonegoro,-7.1507,111.8815
2018-03-14,31.1,23.8,26.8,0.8,0.8,4.48,10.2,21.75,97,59,Bojonegoro,-7.1507,111.8815
2018-03-15,31.4,22.7,26.8,1.0,1.0,4.56,8.4,22.16,100,62,Bojonegoro,-7.1507,111.8815
2018-03-16,31.0,24.0,26.3,6.6,6.6,3.88,8.2,18.99,97,66,Bojonegoro,-7.1507,111.8815
2018-03-17,28.7,23.2,25.5,25.4,25.4,2.95,7.2,14.44,98,74,Bojonegoro,-7.1507,111.8815
2018-03-18,30.4,22.8,25.7,19.9,19.9,3.3,8.4,16.31,99,64,Bojonegoro,-7.1507,111.8815
2018-03-19,31.4,23.4,26.4,8.2,8.2,4.38,10.5,21.81,100,64,Bojonegoro,-7.1507,111.8815
2018-03-20,32.0,23.0,27.5,1.3,1.3,5.2,11.1,25.16,100,56,Bojonegoro,-7.1507,111.8815
2018-03-21,30.5,24.0,26.8,3.2,3.2,4.12,19.6,20.6,94,64,Bojonegoro,-7.1507,111.8815
2018-03-22,30.2,23.8,25.7,15.2,15.2,3.11,20.1,15.32,96,69,Bojonegoro,-7.1507,111.8815
2018-03-23,32.0,23.4,26.9,1.9,1.9,4.84,12.3,23.87,99,63,Bojonegoro,-7.1507,111.8815
2018-03-24,30.7,24.5,26.8,0.6,0.6,3.91,15.5,19.5,94,68,Bojonegoro,-7.1507,111.8815
2018-03-25,30.5,23.6,26.5,8.2,8.2,4.33,12.4,21.63,97,68,Bojonegoro,-7.1507,111.8815
2018-03-26,30.9,23.2,26.4,4.4,4.4,4.26,10.4,20.99,98,69,Bojonegoro,-7.1507,111.8815
2018-03-27,30.4,24.2,26.5,15.4,15.4,3.7,6.4,18.2,97,68,Bojonegoro,-7.1507,111.8815
2018-03-28,31.1,23.8,26.9,2.1,2.1,4.4,10.7,21.61,97,66,Bojonegoro,-7.1507,111.8815
2018-03-29,31.4,23.8,27.4,1.5,1.5,4.81,10.6,23.31,95,63,Bojonegoro,-7.1507,111.8815
2018-03-30,31.1,23.6,26.9,1.5,1.5,4.65,12.0,22.64,97,61,Bojonegoro,-7.1507,111.8815
2018-03-31,31.1,24.3,26.7,7.9,7.9,4.1,16.6,20.65,96,69,Bojonegoro,-7.1507,111.8815
2018-04-01,31.1,23.5,26.8,2.7,2.7,4.08,10.9,20.2,96,69,Bojonegoro,-7.1507,111.8815
2018-04-02,30.6,23.9,26.5,15.3,15.3,3.66,12.3,18.27,96,71,Bojonegoro,-7.1507,111.8815
2018-04-03,31.4,23.9,26.6,7.1,7.1,4.35,9.3,21.52,96,68,Bojonegoro,-7.1507,111.8815
2018-04-04,31.0,24.4,27.5,0.8,0.8,4.73,8.7,22.73,94,62,Bojonegoro,-7.1507,111.8815
2018-04-05,31.4,24.0,27.2,2.2,2.2,4.49,10.4,21.82,96,62,Bojonegoro,-7.1507,111.8815
2018-04-06,31.0,23.8,26.7,3.1,3.1,4.11,13.0,20.33,99,69,Bojonegoro,-7.1507,111.8815
2018-04-07,30.0,23.6,26.1,8.0,8.0,3.74,13.8,18.84,96,72,Bojonegoro,-7.1507,111.8815
2018-04-08,30.0,23.2,25.9,6.5,6.5,3.38,16.6,17.18,98,74,Bojonegoro,-7.1507,111.8815
2018-04-09,30.7,23.5,26.6,1.6,1.6,3.76,18.3,18.75,100,65,Bojonegoro,-7.1507,111.8815
2018-04-10,31.2,23.1,27.0,0.0,0.0,4.54,9.1,21.73,98,60,Bojonegoro,-7.1507,111.8815
2018-04-11,31.4,23.7,27.4,0.2,0.2,4.6,12.3,21.89,94,61,Bojonegoro,-7.1507,111.8815
2018-04-12,30.2,24.0,27.0,2.6,2.6,3.59,11.9,17.49,97,69,Bojonegoro,-7.1507,111.8815
2018-04-13,32.1,24.1,27.7,4.8,4.8,4.49,7.9,21.69,96,68,Bojonegoro,-7.1507,111.8815
2018-04-14,30.5,24.8,27.3,5.8,5.8,4.02,12.4,19.89,96,71,Bojonegoro,-7.1507,111.8815
2018-04-15,32.0,24.4,28.1,0.2,0.2,4.72,11.1,21.83,96,59,Bojonegoro,-7.1507,111.8815
2018-04-16,31.7,25.3,27.8,1.6,1.6,4.05,6.9,19.51,93,65,Bojonegoro,-7.1507,111.8815
2018-04-17,30.3,24.9,26.9,6.5,6.5,3.78,9.4,18.58,94,70,Bojonegoro,-7.1507,111.8815
2018-04-18,30.8,24.5,26.8,15.3,15.3,3.86,11.9,19.16,96,75,Bojonegoro,-7.1507,111.8815
2018-04-19,31.8,24.2,27.1,1.4,1.4,4.28,10.6,21.18,96,59,Bojonegoro,-7.1507,111.8815
2018-04-20,31.1,24.5,27.0,2.2,2.2,4.11,9.6,20.25,98,63,Bojonegoro,-7.1507,111.8815
2018-04-21,31.1,24.5,27.0,7.8,7.8,3.51,10.0,17.3,96,70,Bojonegoro,-7.1507,111.8815
2018-04-22,30.3,24.6,26.6,12.6,12.6,3.14,13.0,15.65,98,76,Bojonegoro,-7.1507,111.8815
2018-04-23,30.2,24.4,26.4,8.5,8.5,3.12,14.3,15.6,96,76,Bojonegoro,-7.1507,111.8815
2018-04-24,30.8,23.9,26.9,4.4,4.4,3.75,8.2,18.3,97,67,Bojonegoro,-7.1507,111.8815
2018-04-25,30.9,24.4,26.9,1.3,1.3,3.87,8.2,18.78,95,65,Bojonegoro,-7.1507,111.8815
2018-04-26,30.4,24.2,27.0,0.5,0.5,3.92,16.0,18.86,95,66,Bojonegoro,-7.1507,111.8815
2018-04-27,31.1,23.3,27.1,0.2,0.2,4.25,13.0,20.27,99,62,Bojonegoro,-7.1507,111.8815
2018-04-28,31.4,23.9,27.2,0.5,0.5,4.44,8.6,21.38,99,60,Bojonegoro,-7.1507,111.8815
2018-04-29,31.6,23.2,27.3,0.0,0.0,4.93,10.5,23.44,89,51,Bojonegoro,-7.1507,111.8815
2018-04-30,31.8,23.5,27.0,0.0,0.0,5.06,9.7,23.55,93,45,Bojonegoro,-7.1507,111.8815
2018-05-01,31.5,23.0,27.0,0.0,0.0,4.7,11.2,21.74,93,51,Bojonegoro,-7.1507,111.8815
2018-05-02,32.0,23.1,27.1,0.0,0.0,4.75,7.4,22.69,89,46,Bojonegoro,-7.1507,111.8815
2018-05-03,32.2,22.6,27.3,0.0,0.0,4.86,10.1,23.05,91,45,Bojonegoro,-7.1507,111.8815
2018-05-04,31.9,22.9,27.3,0.0,0.0,4.87,8.6,22.71,89,53,Bojonegoro,-7.1507,111.8815
2018-05-05,32.2,22.5,27.2,0.0,0.0,5.04,13.5,23.0,92,48,Bojonegoro,-7.1507,111.8815
2018-05-06,32.0,23.5,27.7,0.1,0.1,4.61,19.8,19.48,93,52,Bojonegoro,-7.1507,111.8815
2018-05-07,32.8,23.6,28.0,0.0,0.0,4.86,11.5,21.5,94,50,Bojonegoro,-7.1507,111.8815
2018-05-08,32.6,24.0,28.2,0.0,0.0,4.78,10.8,21.01,91,46,Bojonegoro,-7.1507,111.8815
2018-05-09,32.7,23.9,27.9,0.1,0.1,5.03,15.0,21.79,87,46,Bojonegoro,-7.1507,111.8815
2018-05-10,32.8,23.2,27.6,0.0,0.0,5.11,16.5,22.2,94,43,Bojonegoro,-7.1507,111.8815
2018-05-11,33.8,23.1,28.1,0.0,0.0,5.06,12.4,22.14,95,44,Bojonegoro,-7.1507,111.8815
2018-05-12,33.2,24.6,28.4,0.0,0.0,4.69,9.6,20.28,83,48,Bojonegoro,-7.1507,111.8815
2018-05-13,34.5,24.7,28.9,0.0,0.0,5.12,17.9,20.78,87,41,Bojonegoro,-7.1507,111.8815
2018-05-14,33.5,24.4,28.7,0.5,0.5,4.94,16.4,20.88,88,46,Bojonegoro,-7.1507,111.8815
2018-05-15,34.1,25.7,28.5,3.9,3.9,3.99,15.9,16.92,88,49,Bojonegoro,-7.1507,111.8815
2018-05-16,33.0,25.2,28.3,3.2,3.2,4.1,16.5,17.32,91,54,Bojonegoro,-7.1507,111.8815
2018-05-17,33.0,25.6,28.2,1.4,1.4,3.87,15.3,17.29,89,52,Bojonegoro,-7.1507,111.8815
2018-05-18,32.1,24.2,28.2,0.0,0.0,4.19,10.5,17.96,90,53,Bojonegoro,-7.1507,111.8815
2018-05-19,32.5,24.9,28.2,0.9,0.9,4.28,12.0,18.71,85,50,Bojonegoro,-7.1507,111.8815
2018-05-20,32.8,24.4,28.3,0.6,0.6,4.33,11.9,18.98,93,48,Bojonegoro,-7.1507,111.8815
2018-05-21,31.5,25.6,27.9,2.3,2.3,3.93,13.2,17.36,95,56,Bojonegoro,-7.1507,111.8815
2018-05-22,31.5,24.6,27.9,4.2,4.2,4.0,18.4,17.2,94,60,Bojonegoro,-7.1507,111.8815
2018-05-23,30.6,24.6,27.2,6.8,6.8,3.36,21.8,15.75,94,67,Bojonegoro,-7.1507,111.8815
2018-05-24,32.8,24.2,27.5,1.0,1.0,3.98,15.1,18.37,96,55,Bojonegoro,-7.1507,111.8815
2018-05-25,32.2,24.5,27.6,2.0,2.0,3.64,10.2,16.84,92,56,Bojonegoro,-7.1507,111.8815
2018-05-26,32.2,24.5,28.0,0.9,0.9,4.19,13.1,17.85,92,54,Bojonegoro,-7.1507,111.8815
2018-05-27,33.7,24.6,28.4,0.0,0.0,5.04,19.6,19.03,82,45,Bojonegoro,-7.1507,111.8815
2018-05-28,33.2,24.2,28.5,0.0,0.0,4.73,12.0,19.43,87,46,Bojonegoro,-7.1507,111.8815
2018-05-29,34.0,24.6,28.6,0.0,0.0,4.95,19.2,18.95,87,41,Bojonegoro,-7.1507,111.8815
2018-05-30,34.5,23.3,28.1,0.0,0.0,4.36,10.5,19.38,87,37,Bojonegoro,-7.1507,111.8815
2018-05-31,34.3,23.2,27.9,0.2,0.2,4.52,16.2,20.14,88,36,Bojonegoro,-7.1507,111.8815
2018-06-01,34.0,23.2,27.8,0.0,0.0,4.79,17.8,20.62,87,36,Bojonegoro,-7.1507,111.8815
2018-06-02,33.4,23.2,28.0,0.2,0.2,4.45,19.1,18.4,84,43,Bojonegoro,-7.1507,111.8815
2018-06-03,33.0,24.8,28.1,0.2,0.2,4.28,16.6,17.87,86,47,Bojonegoro,-7.1507,111.8815
2018-06-04,32.5,24.0,28.1,0.0,0.0,4.09,18.8,16.1,96,49,Bojonegoro,-7.1507,111.8815
2018-06-05,32.8,24.9,28.4,0.2,0.2,4.14,14.0,17.07,91,52,Bojonegoro,-7.1507,111.8815
2018-06-06,34.6,24.5,28.8,0.4,0.4,4.66,14.6,19.84,90,41,Bojonegoro,-7.1507,111.8815
2018-06-07,34.2,24.5,28.7,0.6,0.6,4.76,16.3,20.04,87,45,Bojonegoro,-7.1507,111.8815
2018-06-08,34.7,25.0,28.7,0.2,0.2,4.43,15.8,17.49,87,39,Bojonegoro,-7.1507,111.8815
2018-06-09,34.0,23.2,28.4,0.6,0.6,4.67,14.5,18.24,90,42,Bojonegoro,-7.1507,111.8815
2018-06-10,35.0,23.2,28.5,0.0,0.0,5.21,19.5,20.21,89,38,Bojonegoro,-7.1507,111.8815
2018-06-11,34.5,24.5,29.0,0.6,0.6,4.98,15.2,19.0,85,42,Bojonegoro,-7.1507,111.8815
2018-06-12,35.0,25.0,28.6,4.3,4.3,4.47,13.1,17.99,87,43,Bojonegoro,-7.1507,111.8815
2018-06-13,34.5,24.7,28.7,0.0,0.0,5.58,22.2,18.43,76,36,Bojonegoro,-7.1507,111.8815
2018-06-14,34.2,23.0,28.1,0.0,0.0,5.64,19.9,21.0,84,35,Bojonegoro,-7.1507,111.8815
2018-06-15,34.3,22.4,27.8,0.0,0.0,4.91,16.6,19.95,92,36,Bojonegoro,-7.1507,111.8815
2018-06-16,33.4,23.0,27.7,0.0,0.0,4.87,17.7,19.52,87,37,Bojonegoro,-7.1507,111.8815
2018-06-17,33.8,23.4,27.9,0.1,0.1,4.67,19.4,17.23,89,39,Bojonegoro,-7.1507,111.8815
2018-06-18,33.5,21.9,27.5,0.2,0.2,4.83,19.5,18.92,95,39,Bojonegoro,-7.1507,111.8815
2018-06-19,33.4,24.0,27.9,0.8,0.8,4.25,19.4,15.55,88,45,Bojonegoro,-7.1507,111.8815
2018-06-20,33.5,24.0,27.5,9.2,9.2,3.95,17.0,17.2,95,46,Bojonegoro,-7.1507,111.8815
2018-06-21,30.8,24.2,26.6,4.6,4.6,3.19,12.4,13.79,96,57,Bojonegoro,-7.1507,111.8815
2018-06-22,32.0,24.0,27.3,0.5,0.5,3.95,15.8,16.98,91,55,Bojonegoro,-7.1507,111.8815
2018-06-23,32.4,23.9,27.3,1.3,1.3,4.18,12.0,18.46,89,52,Bojonegoro,-7.1507,111.8815
2018-06-24,33.3,23.3,27.5,4.7,4.7,4.29,15.8,18.65,92,50,Bojonegoro,-7.1507,111.8815
2018-06-25,32.5,24.1,27.1,5.9,5.9,3.95,11.2,17.91,92,47,Bojonegoro,-7.1507,111.8815
2018-06-26,32.5,23.0,27.1,0.1,0.1,4.14,11.9,18.42,98,46,Bojonegoro,-7.1507,111.8815
2018-06-27,33.7,23.0,27.6,0.0,0.0,4.87,16.1,19.18,91,39,Bojonegoro,-7.1507,111.8815
2018-06-28,33.6,22.5,27.4,0.2,0.2,4.82,16.1,19.51,91,40,Bojonegoro,-7.1507,111.8815
2018-06-29,33.8,22.8,27.4,0.4,0.4,4.77,18.6,18.67,88,36,Bojonegoro,-7.1507,111.8815
2018-06-30,33.6,22.0,27.4,0.0,0.0,4.98,21.3,19.22,89,37,Bojonegoro,-7.1507,111.8815
2018-07-01,34.5,21.8,27.3,0.0,0.0,4.62,18.5,19.66,91,36,Bojonegoro,-7.1507,111.8815
2018-07-02,34.4,22.0,27.7,0.0,0.0,4.85,10.5,20.61,87,33,Bojonegoro,-7.1507,111.8815
2018-07-03,33.5,21.8,27.4,0.0,0.0,5.01,20.8,19.58,90,37,Bojonegoro,-7.1507,111.8815
2018-07-04,34.0,23.5,27.4,4.5,4.5,4.3,16.9,16.93,86,39,Bojonegoro,-7.1507,111.8815
2018-07-05,32.6,23.5,27.0,0.0,0.0,6.22,25.3,20.02,73,34,Bojonegoro,-7.1507,111.8815
2018-07-06,33.7,20.5,26.4,0.0,0.0,5.26,19.9,20.56,84,31,Bojonegoro,-7.1507,111.8815
2018-07-07,34.7,21.8,27.2,0.0,0.0,5.33,21.6,19.5,84,34,Bojonegoro,-7.1507,111.8815
2018-07-08,35.6,22.0,27.5,0.0,0.0,5.2,20.6,20.18,87,31,Bojonegoro,-7.1507,111.8815
2018-07-09,34.2,23.9,27.8,0.0,0.0,5.56,20.4,19.21,81,36,Bojonegoro,-7.1507,111.8815
2018-07-10,33.5,22.1,27.2,0.0,0.0,4.99,22.3,18.05,89,34,Bojonegoro,-7.1507,111.8815
2018-07-11,32.8,22.8,27.2,0.0,0.0,5.31,21.4,19.74,75,31,Bojonegoro,-7.1507,111.8815
2018-07-12,34.2,22.0,27.4,0.0,0.0,5.06,17.7,19.72,84,32,Bojonegoro,-7.1507,111.8815
2018-07-13,33.8,22.9,27.4,0.0,0.0,4.8,17.2,18.07,82,31,Bojonegoro,-7.1507,111.8815
2018-07-14,32.7,23.4,27.2,0.0,0.0,5.23,18.1,18.28,75,34,Bojonegoro,-7.1507,111.8815
2018-07-15,33.3,23.5,26.8,0.0,0.0,5.65,27.1,17.27,70,35,Bojonegoro,-7.1507,111.8815
2018-07-16,33.3,22.0,27.1,0.0,0.0,5.0,15.8,19.22,77,34,Bojonegoro,-7.1507,111.8815
2018-07-17,32.7,22.5,27.4,0.0,0.0,4.3,15.8,14.99,82,38,Bojonegoro,-7.1507,111.8815
2018-07-18,33.7,23.1,28.0,0.0,0.0,4.57,20.2,16.18,82,37,Bojonegoro,-7.1507,111.8815
2018-07-19,35.2,24.0,28.1,0.0,0.0,5.15,21.3,19.09,79,33,Bojonegoro,-7.1507,111.8815
2018-07-20,35.2,22.4,27.9,0.0,0.0,5.23,20.8,20.39,90,34,Bojonegoro,-7.1507,111.8815
2018-07-21,34.8,22.9,28.2,0.0,0.0,4.93,16.9,18.72,89,35,Bojonegoro,-7.1507,111.8815
2018-07-22,35.6,23.5,28.6,0.2,0.2,5.3,19.3,20.32,86,33,Bojonegoro,-7.1507,111.8815
2018-07-23,34.5,23.6,28.6,0.0,0.0,5.11,16.8,18.87,87,40,Bojonegoro,-7.1507,111.8815
2018-07-24,35.2,24.0,28.3,0.0,0.0,5.73,20.7,21.15,83,32,Bojonegoro,-7.1507,111.8815
2018-07-25,35.2,21.4,27.0,0.0,0.0,5.61,16.8,22.45,93,18,Bojonegoro,-7.1507,111.8815
2018-07-26,34.5,21.0,26.8,0.0,0.0,5.55,17.4,22.31,85,25,Bojonegoro,-7.1507,111.8815
2018-07-27,34.2,21.6,27.2,0.0,0.0,5.58,20.9,22.14,85,31,Bojonegoro,-7.1507,111.8815
2018-07-28,34.1,22.0,27.5,0.0,0.0,5.47,16.1,21.29,88,35,Bojonegoro,-7.1507,111.8815
2018-07-29,35.0,22.8,28.1,0.0,0.0,4.71,10.3,18.68,78,30,Bojonegoro,-7.1507,111.8815
2018-07-30,34.7,23.0,28.2,0.0,0.0,4.77,18.9,19.05,78,34,Bojonegoro,-7.1507,111.8815
2018-07-31,34.2,23.0,28.1,0.0,0.0,4.74,20.9,17.45,88,35,Bojonegoro,-7.1507,111.8815
2018-08-01,34.8,23.5,28.1,0.0,0.0,5.42,23.7,20.05,83,33,Bojonegoro,-7.1507,111.8815
2018-08-02,33.2,22.7,26.6,0.0,0.0,6.87,32.6,22.04,79,27,Bojonegoro,-7.1507,111.8815
2018-08-03,31.8,22.4,25.9,0.0,0.0,6.46,25.5,22.17,72,33,Bojonegoro,-7.1507,111.8815
2018-08-04,32.2,20.1,25.6,0.0,0.0,5.66,21.0,21.65,85,30,Bojonegoro,-7.1507,111.8815
2018-08-05,32.0,22.2,25.8,0.0,0.0,5.81,24.4,19.51,75,37,Bojonegoro,-7.1507,111.8815
2018-08-06,33.0,21.5,26.8,0.0,0.0,5.95,20.4,21.47,65,29,Bojonegoro,-7.1507,111.8815
2018-08-07,34.3,22.0,27.4,0.0,0.0,5.27,17.1,20.32,77,28,Bojonegoro,-7.1507,111.8815
2018-08-08,34.6,22.1,27.6,2.1,2.1,4.74,17.7,18.49,86,32,Bojonegoro,-7.1507,111.8815
2018-08-09,35.3,22.9,28.2,0.0,0.0,5.48,23.2,20.77,92,32,Bojonegoro,-7.1507,111.8815
2018-08-10,34.3,23.0,28.2,0.0,0.0,5.69,21.2,20.91,89,33,Bojonegoro,-7.1507,111.8815
2018-08-11,35.5,22.9,28.0,0.0,0.0,5.68,23.3,21.44,82,30,Bojonegoro,-7.1507,111.8815
2018-08-12,34.2,22.6,27.9,0.0,0.0,4.69,15.1,18.05,84,36,Bojonegoro,-7.1507,111.8815
2018-08-13,35.3,23.1,28.5,0.0,0.0,5.47,17.8,21.09,86,31,Bojonegoro,-7.1507,111.8815
2018-08-14,34.5,23.6,28.0,0.0,0.0,5.04,18.4,17.87,82,35,Bojonegoro,-7.1507,111.8815
2018-08-15,34.3,23.5,27.8,0.0,0.0,5.58,17.6,21.44,80,32,Bojonegoro,-7.1507,111.8815
2018-08-16,33.9,21.1,26.8,0.0,0.0,6.1,22.8,23.76,75,27,Bojonegoro,-7.1507,111.8815
2018-08-17,33.8,20.8,26.6,0.0,0.0,6.26,20.0,24.15,87,23,Bojonegoro,-7.1507,111.8815
2018-08-18,34.5,20.2,26.9,0.0,0.0,5.78,16.4,23.84,89,27,Bojonegoro,-7.1507,111.8815
2018-08-19,35.1,22.0,28.0,0.0,0.0,6.19,22.1,23.3,90,28,Bojonegoro,-7.1507,111.8815
2018-08-20,35.4,22.3,28.2,0.0,0.0,5.54,20.5,21.39,90,30,Bojonegoro,-7.1507,111.8815
2018-08-21,34.1,22.8,28.1,0.2,0.2,5.46,15.3,21.23,89,36,Bojonegoro,-7.1507,111.8815
2018-08-22,34.8,24.0,28.4,0.0,0.0,5.63,18.1,19.27,79,33,Bojonegoro,-7.1507,111.8815
2018-08-23,35.2,22.1,28.2,0.0,0.0,6.26,15.6,23.67,85,24,Bojonegoro,-7.1507,111.8815
2018-08-24,35.2,22.9,28.1,0.0,0.0,6.21,16.9,23.55,82,26,Bojonegoro,-7.1507,111.8815
2018-08-25,35.8,22.0,27.6,0.0,0.0,5.82,20.7,23.52,73,26,Bojonegoro,-7.1507,111.8815
2018-08-26,35.2,23.0,28.1,0.0,0.0,6.06,16.9,22.46,77,32,Bojonegoro,-7.1507,111.8815
2018-08-27,33.5,23.2,27.9,0.0,0.0,4.64,17.6,17.37,83,39,Bojonegoro,-7.1507,111.8815
2018-08-28,34.7,24.0,28.6,0.0,0.0,5.31,16.6,19.34,83,35,Bojonegoro,-7.1507,111.8815
2018-08-29,34.5,24.2,28.2,1.0,1.0,5.25,16.5,19.75,80,35,Bojonegoro,-7.1507,111.8815
2018-08-30,35.3,23.5,28.3,0.3,0.3,5.47,17.2,20.63,80,33,Bojonegoro,-7.1507,111.8815
2018-08-31,35.2,24.0,28.3,0.5,0.5,5.31,18.0,20.37,80,37,Bojonegoro,-7.1507,111.8815
2018-09-01,34.2,23.8,27.4,4.4,4.4,4.42,13.9,18.75,81,42,Bojonegoro,-7.1507,111.8815
2018-09-02,35.7,23.9,28.4,0.2,0.2,6.0,19.2,22.06,80,33,Bojonegoro,-7.1507,111.8815
2018-09-03,34.7,22.9,27.7,0.0,0.0,6.84,23.1,24.52,83,27,Bojonegoro,-7.1507,111.8815
2018-09-04,35.2,21.8,27.6,0.0,0.0,6.42,22.4,23.53,75,27,Bojonegoro,-7.1507,111.8815
2018-09-05,35.5,23.2,28.1,0.4,0.4,5.81,22.5,21.27,78,34,Bojonegoro,-7.1507,111.8815
2018-09-06,36.0,23.6,28.9,0.0,0.0,6.36,22.6,23.13,83,28,Bojonegoro,-7.1507,111.8815
2018-09-07,36.0,23.8,28.8,0.0,0.0,6.58,20.5,22.61,80,28,Bojonegoro,-7.1507,111.8815
2018-09-08,36.6,23.2,29.3,0.0,0.0,6.61,21.4,23.68,85,27,Bojonegoro,-7.1507,111.8815
2018-09-09,37.0,24.0,29.4,0.0,0.0,7.13,25.8,24.96,82,23,Bojonegoro,-7.1507,111.8815
2018-09-10,36.0,23.4,29.0,0.0,0.0,7.42,27.4,24.99,85,23,Bojonegoro,-7.1507,111.8815
2018-09-11,36.3,21.9,28.8,0.0,0.0,6.78,20.9,25.24,92,24,Bojonegoro,-7.1507,111.8815
2018-09-12,34.4,23.5,28.3,0.0,0.0,6.35,23.8,21.86,81,31,Bojonegoro,-7.1507,111.8815
2018-09-13,36.0,21.7,28.0,0.0,0.0,6.27,16.6,25.15,82,23,Bojonegoro,-7.1507,111.8815
2018-09-14,34.8,21.4,27.5,0.0,0.0,5.97,23.2,21.66,84,26,Bojonegoro,-7.1507,111.8815
2018-09-15,35.8,22.0,27.9,0.0,0.0,6.58,22.2,24.32,80,23,Bojonegoro,-7.1507,111.8815
2018-09-16,36.2,21.7,28.2,0.0,0.0,6.79,23.5,25.05,85,22,Bojonegoro,-7.1507,111.8815
2018-09-17,36.7,22.2,28.8,0.0,0.0,6.57,21.8,23.99,88,28,Bojonegoro,-7.1507,111.8815
2018-09-18,36.1,23.1,28.9,0.0,0.0,6.01,23.4,20.53,89,28,Bojonegoro,-7.1507,111.8815
2018-09-19,35.7,23.6,28.7,0.4,0.4,4.82,18.4,18.69,86,34,Bojonegoro,-7.1507,111.8815
2018-09-20,36.0,25.0,28.8,1.2,1.2,4.85,16.1,20.53,86,36,Bojonegoro,-7.1507,111.8815
2018-09-21,36.8,24.9,29.4,0.8,0.8,5.46,15.9,22.21,90,27,Bojonegoro,-7.1507,111.8815
2018-09-22,36.2,24.1,29.3,0.4,0.4,5.67,16.4,22.65,82,35,Bojonegoro,-7.1507,111.8815
2018-09-23,36.8,23.8,29.3,0.0,0.0,6.12,18.2,22.07,87,24,Bojonegoro,-7.1507,111.8815
2018-09-24,37.6,23.7,29.6,0.0,0.0,6.32,19.1,24.48,85,23,Bojonegoro,-7.1507,111.8815
2018-09-25,37.1,24.3,29.6,0.6,0.6,6.31,16.6,23.84,83,30,Bojonegoro,-7.1507,111.8815
2018-09-26,36.5,24.0,29.4,0.3,0.3,6.19,15.0,24.07,84,30,Bojonegoro,-7.1507,111.8815
2018-09-27,36.8,24.5,29.3,0.0,0.0,6.49,13.4,25.55,70,23,Bojonegoro,-7.1507,111.8815
2018-09-28,36.7,22.3,29.0,0.0,0.0,6.93,19.0,26.5,72,20,Bojonegoro,-7.1507,111.8815
2018-09-29,37.1,22.6,29.2,0.2,0.2,6.18,17.4,24.08,89,23,Bojonegoro,-7.1507,111.8815
2018-09-30,36.5,23.2,29.9,0.0,0.0,7.51,22.7,25.87,90,24,Bojonegoro,-7.1507,111.8815
2018-10-01,37.4,24.1,30.0,0.1,0.1,6.23,15.6,24.29,85,29,Bojonegoro,-7.1507,111.8815
2018-10-02,36.6,24.5,29.6,0.8,0.8,6.0,19.8,23.65,82,34,Bojonegoro,-7.1507,111.8815
2018-10-03,34.8,25.6,29.1,1.7,1.7,5.42,15.5,21.56,78,39,Bojonegoro,-7.1507,111.8815
2018-10-04,36.5,24.5,29.4,0.0,0.0,5.84,19.5,20.87,85,30,Bojonegoro,-7.1507,111.8815
2018-10-05,37.0,23.8,29.7,0.0,0.0,7.16,19.6,26.1,80,23,Bojonegoro,-7.1507,111.8815
2018-10-06,37.0,23.5,29.9,0.0,0.0,6.77,20.2,23.73,91,27,Bojonegoro,-7.1507,111.8815
2018-10-07,37.9,23.8,30.0,0.0,0.0,7.84,30.0,26.41,89,14,Bojonegoro,-7.1507,111.8815
2018-10-08,37.3,23.6,29.8,0.0,0.0,7.48,25.3,26.13,89,22,Bojonegoro,-7.1507,111.8815
2018-10-09,38.2,23.6,30.0,0.0,0.0,7.2,20.1,25.91,82,21,Bojonegoro,-7.1507,111.8815
2018-10-10,37.8,23.8,29.8,0.0,0.0,6.53,16.8,25.15,77,26,Bojonegoro,-7.1507,111.8815
2018-10-11,38.2,24.0,30.0,0.0,0.0,7.09,25.9,26.58,85,14,Bojonegoro,-7.1507,111.8815
2018-10-12,37.2,24.5,29.9,0.0,0.0,6.2,15.7,24.72,86,28,Bojonegoro,-7.1507,111.8815
2018-10-13,37.6,25.0,30.1,0.6,0.6,6.66,19.5,24.48,82,23,Bojonegoro,-7.1507,111.8815
2018-10-14,37.0,24.9,29.9,0.2,0.2,6.15,15.6,24.09,76,27,Bojonegoro,-7.1507,111.8815
2018-10-15,37.0,25.5,30.3,0.0,0.0,6.33,15.2,23.82,77,28,Bojonegoro,-7.1507,111.8815
2018-10-16,37.3,24.5,30.1,0.3,0.3,6.49,16.5,24.01,80,27,Bojonegoro,-7.1507,111.8815
2018-10-17,36.2,24.6,30.1,0.2,0.2,5.92,14.7,22.89,81,29,Bojonegoro,-7.1507,111.8815
2018-10-18,36.0,25.0,29.5,0.3,0.3,6.24,20.2,22.13,81,33,Bojonegoro,-7.1507,111.8815
2018-10-19,36.5,25.0,29.5,0.0,0.0,6.71,24.8,22.94,77,29,Bojonegoro,-7.1507,111.8815
2018-10-20,36.7,24.5,29.7,0.4,0.4,6.53,18.9,24.53,73,28,Bojonegoro,-7.1507,111.8815
2018-10-21,36.3,24.5,29.6,0.2,0.2,6.19,13.4,24.11,81,31,Bojonegoro,-7.1507,111.8815
2018-10-22,37.1,25.0,30.1,0.0,0.0,6.37,14.3,24.25,81,30,Bojonegoro,-7.1507,111.8815
2018-10-23,36.8,25.0,30.4,0.1,0.1,5.68,10.2,22.71,81,31,Bojonegoro,-7.1507,111.8815
2018-10-24,36.8,25.1,30.0,0.6,0.6,5.73,14.2,22.26,82,33,Bojonegoro,-7.1507,111.8815
2018-10-25,35.6,25.0,29.1,1.4,1.4,5.22,13.8,20.36,82,38,Bojonegoro,-7.1507,111.8815
2018-10-26,36.4,24.9,30.0,0.5,0.5,6.39,14.2,24.21,81,31,Bojonegoro,-7.1507,111.8815
2018-10-27,37.8,24.9,30.1,0.1,0.1,6.36,19.5,24.44,80,27,Bojonegoro,-7.1507,111.8815
2018-10-28,37.6,25.0,30.2,0.3,0.3,5.92,11.4,23.02,80,27,Bojonegoro,-7.1507,111.8815
2018-10-29,33.2,25.2,28.6,0.5,0.5,3.98,15.5,13.62,78,44,Bojonegoro,-7.1507,111.8815
2018-10-30,36.0,24.6,30.2,0.1,0.1,6.57,15.5,24.38,78,33,Bojonegoro,-7.1507,111.8815
2018-10-31,37.7,24.1,30.0,0.0,0.0,6.49,21.6,24.06,74,25,Bojonegoro,-7.1507,111.8815
2018-11-01,37.2,24.6,30.3,0.7,0.7,6.19,14.7,23.48,81,30,Bojonegoro,-7.1507,111.8815
2018-11-02,37.5,25.5,30.4,0.7,0.7,6.69,20.2,24.81,79,27,Bojonegoro,-7.1507,111.8815
2018-11-03,37.7,26.0,30.7,1.5,1.5,5.79,16.6,22.12,82,33,Bojonegoro,-7.1507,111.8815
2018-11-04,37.8,25.3,30.5,1.3,1.3,5.98,13.9,23.54,90,33,Bojonegoro,-7.1507,111.8815
2018-11-05,37.0,26.4,30.6,2.3,2.3,5.85,15.1,22.91,79,32,Bojonegoro,-7.1507,111.8815
2018-11-06,35.5,26.0,29.0,5.4,5.4,4.29,16.4,17.25,86,42,Bojonegoro,-7.1507,111.8815
2018-11-07,32.2,25.5,28.0,4.4,4.4,3.48,17.1,15.78,90,56,Bojonegoro,-7.1507,111.8815
2018-11-08,30.1,24.6,26.8,7.3,7.3,3.22,11.5,15.24,96,68,Bojonegoro,-7.1507,111.8815
2018-11-09,32.2,24.2,26.9,10.8,10.8,3.68,11.0,17.16,97,59,Bojonegoro,-7.1507,111.8815
2018-11-10,32.2,24.5,27.1,17.1,17.1,3.86,12.1,18.3,98,60,Bojonegoro,-7.1507,111.8815
2018-11-11,32.3,24.0,27.8,0.6,0.6,4.59,9.0,21.63,98,55,Bojonegoro,-7.1507,111.8815
2018-11-12,32.2,23.8,27.8,0.8,0.8,4.45,8.5,20.56,98,53,Bojonegoro,-7.1507,111.8815
2018-11-13,32.1,24.4,27.2,6.7,6.7,3.98,11.4,19.17,95,60,Bojonegoro,-7.1507,111.8815
2018-11-14,32.0,24.5,27.2,6.9,6.9,4.2,7.3,20.2,96,61,Bojonegoro,-7.1507,111.8815
2018-11-15,32.8,24.4,28.2,1.0,1.0,5.06,16.6,22.57,97,56,Bojonegoro,-7.1507,111.8815
2018-11-16,33.5,24.8,28.6,2.5,2.5,5.35,16.5,23.77,92,55,Bojonegoro,-7.1507,111.8815
2018-11-17,33.0,24.9,27.9,17.8,17.8,4.53,11.1,21.51,94,56,Bojonegoro,-7.1507,111.8815
2018-11-18,32.5,24.4,27.2,18.6,18.6,4.03,9.5,18.99,95,59,Bojonegoro,-7.1507,111.8815
2018-11-19,33.8,25.1,28.2,1.1,1.1,5.13,11.8,24.09,93,52,Bojonegoro,-7.1507,111.8815
2018-11-20,32.8,24.2,28.3,0.4,0.4,5.04,11.2,22.67,96,52,Bojonegoro,-7.1507,111.8815
2018-11-21,32.7,24.0,28.3,0.8,0.8,5.2,8.7,24.61,97,51,Bojonegoro,-7.1507,111.8815
2018-11-22,32.3,24.5,28.0,0.8,0.8,5.14,17.6,22.27,98,51,Bojonegoro,-7.1507,111.8815
2018-11-23,33.3,23.5,27.8,0.1,0.1,5.41,17.6,22.75,95,44,Bojonegoro,-7.1507,111.8815
2018-11-24,32.2,23.5,28.1,0.9,0.9,4.92,11.5,22.36,93,49,Bojonegoro,-7.1507,111.8815
2018-11-25,32.0,24.2,26.7,13.5,13.5,3.64,13.3,17.19,94,57,Bojonegoro,-7.1507,111.8815
2018-11-26,27.2,23.8,25.2,18.7,18.7,1.42,10.3,6.45,97,80,Bojonegoro,-7.1507,111.8815
2018-11-27,31.6,23.7,26.5,19.5,19.5,4.08,13.0,20.01,99,63,Bojonegoro,-7.1507,111.8815
2018-11-28,30.5,24.2,26.7,1.8,1.8,3.63,11.7,17.45,97,65,Bojonegoro,-7.1507,111.8815
2018-11-29,32.2,24.6,27.1,9.1,9.1,4.21,12.9,20.07,96,63,Bojonegoro,-7.1507,111.8815
2018-11-30,30.8,24.6,26.4,11.9,11.9,2.89,7.1,13.85,95,66,Bojonegoro,-7.1507,111.8815
2018-12-01,30.6,24.3,26.9,4.5,4.5,3.85,9.2,17.59,94,63,Bojonegoro,-7.1507,111.8815
2018-12-02,30.4,24.1,26.2,20.0,20.0,3.01,13.6,13.99,93,67,Bojonegoro,-7.1507,111.8815
2018-12-03,28.7,24.2,26.3,8.8,8.8,2.32,9.7,10.84,94,76,Bojonegoro,-7.1507,111.8815
2018-12-04,31.9,24.2,26.9,9.6,9.6,4.38,9.7,21.12,94,64,Bojonegoro,-7.1507,111.8815
2018-12-05,31.0,24.0,27.0,5.9,5.9,4.02,11.7,19.75,98,70,Bojonegoro,-7.1507,111.8815
2018-12-06,31.1,24.5,26.9,9.6,9.6,3.7,8.8,17.91,94,65,Bojonegoro,-7.1507,111.8815
2018-12-07,32.2,24.5,27.7,4.5,4.5,4.65,10.5,22.2,97,61,Bojonegoro,-7.1507,111.8815
2018-12-08,32.3,24.4,27.6,6.3,6.3,4.26,16.2,20.1,98,60,Bojonegoro,-7.1507,111.8815
2018-12-09,31.8,24.8,27.3,4.7,4.7,3.91,13.6,18.91,97,63,Bojonegoro,-7.1507,111.8815
2018-12-10,31.8,25.2,27.4,5.1,5.1,4.16,10.1,20.04,95,65,Bojonegoro,-7.1507,111.8815
2018-12-11,32.2,24.5,27.1,8.3,8.3,4.13,17.9,19.93,97,65,Bojonegoro,-7.1507,111.8815
2018-12-12,31.0,24.6,27.2,17.8,17.8,4.05,8.9,19.58,95,66,Bojonegoro,-7.1507,111.8815
2018-12-13,28.0,24.0,25.9,76.5,76.5,1.5,10.3,6.53,96,76,Bojonegoro,-7.1507,111.8815
2018-12-14,31.5,24.0,26.8,11.5,11.5,3.83,12.5,18.52,97,67,Bojonegoro,-7.1507,111.8815
2018-12-15,31.3,24.4,26.7,7.9,7.9,4.06,14.2,19.68,96,64,Bojonegoro,-7.1507,111.8815
2018-12-16,29.5,24.1,26.5,1.5,1.5,2.39,12.5,10.47,95,73,Bojonegoro,-7.1507,111.8815
2018-12-17,31.9,23.9,27.4,0.0,0.0,5.01,19.6,23.16,97,57,Bojonegoro,-7.1507,111.8815
2018-12-18,31.9,24.7,27.6,0.8,0.8,5.11,7.6,24.33,86,56,Bojonegoro,-7.1507,111.8815
2018-12-19,31.4,24.1,27.4,1.7,1.7,4.76,9.7,22.9,92,59,Bojonegoro,-7.1507,111.8815
2018-12-20,30.0,24.1,26.3,20.9,20.9,3.52,11.7,17.25,96,71,Bojonegoro,-7.1507,111.8815
2018-12-21,29.6,24.2,26.2,2.9,2.9,2.39,8.4,10.94,96,69,Bojonegoro,-7.1507,111.8815
2018-12-22,30.4,24.4,26.4,5.0,5.0,3.48,14.1,17.06,97,70,Bojonegoro,-7.1507,111.8815
2018-12-23,30.1,24.3,25.9,20.5,20.5,2.81,10.7,13.14,98,70,Bojonegoro,-7.1507,111.8815
2018-12-24,29.6,23.6,25.7,11.0,11.0,2.35,10.4,11.02,97,69,Bojonegoro,-7.1507,111.8815
2018-12-25,29.6,23.5,25.2,25.6,25.6,2.58,8.4,12.6,97,71,Bojonegoro,-7.1507,111.8815
2018-12-26,29.4,23.5,26.1,6.9,6.9,3.18,8.7,15.39,97,70,Bojonegoro,-7.1507,111.8815
2018-12-27,31.5,24.1,27.0,7.1,7.1,4.55,14.9,22.07,96,63,Bojonegoro,-7.1507,111.8815
2018-12-28,32.2,24.1,27.5,0.0,0.0,4.76,14.7,21.9,92,54,Bojonegoro,-7.1507,111.8815
2018-12-29,31.5,24.0,27.7,2.5,2.5,4.9,19.7,22.08,92,60,Bojonegoro,-7.1507,111.8815
2018-12-30,30.9,24.8,27.1,1.9,1.9,3.96,19.6,18.36,86,61,Bojonegoro,-7.1507,111.8815
2018-12-31,30.6,24.6,27.3,0.7,0.7,4.42,14.9,20.02,87,65,Bojonegoro,-7.1507,111.8815
2019-01-01,28.7,24.2,26.1,2.8,2.8,3.18,17.3,14.8,92,73,Bojonegoro,-7.1507,111.8815
2019-01-02,30.8,24.0,26.2,3.8,3.8,3.52,19.7,16.91,93,71,Bojonegoro,-7.1507,111.8815
2019-01-03,27.5,23.9,25.3,8.7,8.7,2.02,10.8,9.83,97,82,Bojonegoro,-7.1507,111.8815
2019-01-04,29.2,23.4,26.4,1.4,1.4,3.11,10.0,14.77,99,72,Bojonegoro,-7.1507,111.8815
2019-01-05,30.1,23.9,26.9,3.0,3.0,3.59,10.4,17.4,99,71,Bojonegoro,-7.1507,111.8815
2019-01-06,30.9,24.0,27.3,6.4,6.4,4.21,10.5,20.29,99,63,Bojonegoro,-7.1507,111.8815
2019-01-07,31.2,24.0,26.5,14.3,14.3,4.03,12.0,19.58,95,67,Bojonegoro,-7.1507,111.8815
2019-01-08,31.3,23.6,26.9,6.7,6.7,4.61,11.0,22.6,97,65,Bojonegoro,-7.1507,111.8815
2019-01-09,31.0,23.9,27.2,6.3,6.3,4.35,12.7,21.51,99,68,Bojonegoro,-7.1507,111.8815
2019-01-10,31.2,24.5,27.3,5.6,5.6,4.13,10.0,19.76,98,66,Bojonegoro,-7.1507,111.8815
2019-01-11,30.9,24.2,26.5,15.1,15.1,3.79,10.5,18.25,96,72,Bojonegoro,-7.1507,111.8815
2019-01-12,30.5,23.9,26.5,10.9,10.9,3.72,10.1,18.2,97,71,Bojonegoro,-7.1507,111.8815
2019-01-13,30.0,24.2,26.5,21.2,21.2,3.74,10.0,18.41,100,73,Bojonegoro,-7.1507,111.8815
2019-01-14,30.0,23.4,26.4,8.5,8.5,3.96,14.8,19.73,98,71,Bojonegoro,-7.1507,111.8815
2019-01-15,30.0,24.2,26.1,8.9,8.9,3.19,14.4,15.85,97,77,Bojonegoro,-7.1507,111.8815
2019-01-16,26.3,23.8,24.9,55.7,55.7,1.12,12.2,4.92,97,86,Bojonegoro,-7.1507,111.8815
2019-01-17,29.7,23.8,25.6,38.8,38.8,2.81,14.8,13.65,98,73,Bojonegoro,-7.1507,111.8815
2019-01-18,30.4,23.5,26.1,18.2,18.2,3.8,15.3,18.93,97,71,Bojonegoro,-7.1507,111.8815
2019-01-19,30.5,23.9,26.0,9.4,9.4,2.9,10.2,14.07,98,70,Bojonegoro,-7.1507,111.8815
2019-01-20,30.9,24.2,26.7,6.9,6.9,3.5,11.8,17.06,98,68,Bojonegoro,-7.1507,111.8815
2019-01-21,30.5,24.1,26.3,10.1,10.1,3.17,17.7,15.38,96,72,Bojonegoro,-7.1507,111.8815
2019-01-22,28.8,24.2,25.8,8.1,8.1,2.59,23.5,12.44,94,73,Bojonegoro,-7.1507,111.8815
2019-01-23,29.6,24.5,25.9,4.1,4.1,2.1,18.2,8.43,94,71,Bojonegoro,-7.1507,111.8815
2019-01-24,29.8,23.9,26.0,19.6,19.6,3.3,19.9,16.59,96,76,Bojonegoro,-7.1507,111.8815
2019-01-25,28.5,23.5,25.8,11.5,11.5,3.01,23.7,14.53,95,76,Bojonegoro,-7.1507,111.8815
2019-01-26,30.5,24.2,26.5,9.7,9.7,3.65,19.1,17.62,93,70,Bojonegoro,-7.1507,111.8815
2019-01-27,29.5,24.0,25.8,13.5,13.5,2.54,17.5,12.28,98,73,Bojonegoro,-7.1507,111.8815
2019-01-28,28.5,23.7,25.8,10.4,10.4,2.62,16.2,12.62,96,77,Bojonegoro,-7.1507,111.8815
2019-01-29,29.1,24.1,26.3,1.3,1.3,2.82,13.0,13.67,96,75,Bojonegoro,-7.1507,111.8815
2019-01-30,30.9,24.0,26.5,11.5,11.5,3.64,14.8,18.03,99,71,Bojonegoro,-7.1507,111.8815
2019-01-31,29.6,23.5,25.8,8.7,8.7,3.08,12.0,15.05,98,72,Bojonegoro,-7.1507,111.8815
2019-02-01,31.0,23.8,26.0,6.7,6.7,3.37,15.5,16.45,99,64,Bojonegoro,-7.1507,111.8815
2019-02-02,30.4,24.0,26.0,3.7,3.7,3.1,16.8,15.42,98,66,Bojonegoro,-7.1507,111.8815
2019-02-03,30.4,24.0,26.5,3.3,3.3,3.83,10.9,18.98,99,67,Bojonegoro,-7.1507,111.8815
2019-02-04,30.1,24.0,26.4,6.2,6.2,3.57,15.9,17.67,97,71,Bojonegoro,-7.1507,111.8815
2019-02-05,30.5,24.0,26.2,10.2,10.2,3.12,16.4,15.45,96,72,Bojonegoro,-7.1507,111.8815
2019-02-06,29.7,24.1,26.5,2.8,2.8,3.09,11.8,14.59,95,71,Bojonegoro,-7.1507,111.8815
2019-02-07,30.4,23.8,26.5,6.9,6.9,3.91,11.3,19.66,97,70,Bojonegoro,-7.1507,111.8815
2019-02-08,30.2,23.6,26.3,3.7,3.7,3.62,10.9,17.67,98,72,Bojonegoro,-7.1507,111.8815
2019-02-09,30.4,23.9,26.5,7.2,7.2,3.71,10.9,18.23,99,68,Bojonegoro,-7.1507,111.8815
2019-02-10,30.0,23.6,26.0,15.4,15.4,3.35,12.7,16.4,99,71,Bojonegoro,-7.1507,111.8815
2019-02-11,29.5,23.9,26.2,12.5,12.5,2.95,7.9,14.09,97,72,Bojonegoro,-7.1507,111.8815
2019-02-12,27.5,24.0,25.3,20.3,20.3,2.01,11.5,9.65,96,80,Bojonegoro,-7.1507,111.8815
2019-02-13,29.0,23.9,26.3,8.6,8.6,2.78,8.6,13.43,99,73,Bojonegoro,-7.1507,111.8815
2019-02-14,30.1,24.4,26.4,10.4,10.4,3.5,10.5,17.15,97,71,Bojonegoro,-7.1507,111.8815
2019-02-15,29.6,23.6,26.1,14.5,14.5,3.32,14.7,16.62,99,75,Bojonegoro,-7.1507,111.8815
2019-02-16,31.1,23.5,26.6,2.3,2.3,4.68,9.2,22.94,98,68,Bojonegoro,-7.1507,111.8815
2019-02-17,31.0,23.5,26.7,3.9,3.9,4.35,13.5,21.36,98,66,Bojonegoro,-7.1507,111.8815
2019-02-18,31.3,23.7,26.4,11.2,11.2,4.01,13.0,19.55,97,68,Bojonegoro,-7.1507,111.8815
2019-02-19,30.1,23.0,26.4,7.3,7.3,3.32,8.1,16.29,99,72,Bojonegoro,-7.1507,111.8815
2019-02-20,29.9,24.5,26.3,28.4,28.4,2.93,10.6,14.39,99,75,Bojonegoro,-7.1507,111.8815
2019-02-21,30.2,23.8,26.3,9.6,9.6,3.41,13.4,16.91,100,72,Bojonegoro,-7.1507,111.8815
2019-02-22,30.9,23.7,26.3,27.0,27.0,3.64,11.9,17.8,99,68,Bojonegoro,-7.1507,111.8815
2019-02-23,31.2,23.8,26.5,10.0,10.0,4.3,9.0,21.22,98,69,Bojonegoro,-7.1507,111.8815
2019-02-24,31.5,24.0,26.7,8.5,8.5,4.14,10.7,20.3,98,66,Bojonegoro,-7.1507,111.8815
2019-02-25,30.9,24.7,27.3,3.1,3.1,4.46,8.6,21.79,98,70,Bojonegoro,-7.1507,111.8815
2019-02-26,32.0,24.0,27.6,1.7,1.7,4.97,14.8,24.08,98,59,Bojonegoro,-7.1507,111.8815
2019-02-27,31.4,24.5,27.5,1.7,1.7,4.43,12.9,21.58,97,66,Bojonegoro,-7.1507,111.8815
2019-02-28,31.5,24.8,27.3,3.5,3.5,4.32,9.4,21.05,97,70,Bojonegoro,-7.1507,111.8815
2019-03-01,30.2,25.2,26.8,11.6,11.6,3.5,15.9,17.48,97,72,Bojonegoro,-7.1507,111.8815
2019-03-02,30.5,24.1,26.2,16.2,16.2,3.24,8.7,15.73,98,69,Bojonegoro,-7.1507,111.8815
2019-03-03,30.0,23.1,26.2,4.6,4.6,2.46,6.9,11.49,99,76,Bojonegoro,-7.1507,111.8815
2019-03-04,31.5,23.5,27.1,12.2,12.2,4.33,9.7,20.9,98,60,Bojonegoro,-7.1507,111.8815
2019-03-05,30.7,23.9,26.1,22.2,22.2,3.51,9.3,17.06,97,70,Bojonegoro,-7.1507,111.8815
2019-03-06,27.4,24.0,25.3,13.6,13.6,1.56,14.3,6.97,96,84,Bojonegoro,-7.1507,111.8815
2019-03-07,26.9,23.4,25.1,4.9,4.9,2.11,14.4,9.33,96,70,Bojonegoro,-7.1507,111.8815
2019-03-08,30.5,22.4,26.0,6.4,6.4,4.13,11.9,19.53,94,64,Bojonegoro,-7.1507,111.8815
2019-03-09,31.9,22.3,26.6,7.1,7.1,5.06,9.2,24.33,99,57,Bojonegoro,-7.1507,111.8815
2019-03-10,31.6,23.0,26.2,12.8,12.8,4.39,13.8,21.52,98,59,Bojonegoro,-7.1507,111.8815
2019-03-11,30.6,24.1,26.7,7.0,7.0,3.81,11.5,18.7,96,65,Bojonegoro,-7.1507,111.8815
2019-03-12,29.9,24.4,26.6,5.8,5.8,3.22,11.7,15.87,98,74,Bojonegoro,-7.1507,111.8815
2019-03-13,30.8,23.9,26.4,5.8,5.8,3.47,11.2,16.91,98,71,Bojonegoro,-7.1507,111.8815
2019-03-14,30.5,23.4,26.8,4.1,4.1,3.42,9.4,16.39,98,69,Bojonegoro,-7.1507,111.8815
2019-03-15,30.6,23.5,26.4,11.7,11.7,3.83,15.6,19.05,99,70,Bojonegoro,-7.1507,111.8815
2019-03-16,32.0,23.6,26.2,9.4,9.4,4.32,16.2,21.37,95,64,Bojonegoro,-7.1507,111.8815
2019-03-17,30.5,23.3,25.6,19.1,19.1,3.18,20.3,15.63,97,72,Bojonegoro,-7.1507,111.8815
2019-03-18,30.6,23.4,25.7,19.2,19.2,3.38,12.4,16.77,98,67,Bojonegoro,-7.1507,111.8815
2019-03-19,29.1,23.3,25.7,14.3,14.3,2.96,15.1,14.58,99,75,Bojonegoro,-7.1507,111.8815
2019-03-20,30.1,24.0,26.5,9.1,9.1,3.5,11.6,17.19,95,74,Bojonegoro,-7.1507,111.8815
2019-03-21,29.4,24.4,26.7,9.9,9.9,3.03,16.1,14.71,94,75,Bojonegoro,-7.1507,111.8815
2019-03-22,31.8,24.4,26.7,11.1,11.1,3.6,13.2,17.56,97,67,Bojonegoro,-7.1507,111.8815
2019-03-23,29.1,23.6,25.7,18.5,18.5,2.3,14.2,11.12,98,77,Bojonegoro,-7.1507,111.8815
2019-03-24,27.8,24.0,25.7,5.8,5.8,1.77,11.2,8.44,97,83,Bojonegoro,-7.1507,111.8815
2019-03-25,30.0,24.1,26.4,9.7,9.7,3.2,10.2,15.74,98,73,Bojonegoro,-7.1507,111.8815
2019-03-26,30.9,23.6,26.2,11.2,11.2,3.3,12.1,16.14,98,70,Bojonegoro,-7.1507,111.8815
2019-03-27,31.0,24.0,26.6,8.9,8.9,3.65,10.2,18.12,97,67,Bojonegoro,-7.1507,111.8815
2019-03-28,30.9,23.9,26.3,7.6,7.6,3.6,12.3,17.84,98,67,Bojonegoro,-7.1507,111.8815
2019-03-29,31.4,23.1,27.1,0.0,0.0,4.78,13.0,22.35,98,59,Bojonegoro,-7.1507,111.8815
2019-03-30,31.5,24.6,27.5,1.0,1.0,4.64,7.7,22.47,92,61,Bojonegoro,-7.1507,111.8815
2019-03-31,32.3,23.8,27.5,1.7,1.7,4.91,5.6,23.82,98,56,Bojonegoro,-7.1507,111.8815
2019-04-01,31.1,23.9,26.6,23.5,23.5,4.25,8.2,20.81,99,64,Bojonegoro,-7.1507,111.8815
2019-04-02,30.6,23.9,26.4,29.9,29.9,3.92,9.7,18.96,96,66,Bojonegoro,-7.1507,111.8815
2019-04-03,30.5,24.2,26.8,3.6,3.6,3.99,13.5,19.74,95,69,Bojonegoro,-7.1507,111.8815
2019-04-04,31.9,24.4,26.7,5.9,5.9,4.18,7.9,20.47,95,63,Bojonegoro,-7.1507,111.8815
2019-04-05,30.6,24.0,26.5,25.5,25.5,3.73,14.0,18.44,96,69,Bojonegoro,-7.1507,111.8815
2019-04-06,31.2,24.0,26.7,5.3,5.3,4.32,11.3,21.11,99,65,Bojonegoro,-7.1507,111.8815
2019-04-07,31.6,24.6,27.2,5.2,5.2,4.15,7.9,20.07,98,64,Bojonegoro,-7.1507,111.8815
2019-04-08,31.0,24.0,26.9,7.2,7.2,3.52,8.3,17.11,98,69,Bojonegoro,-7.1507,111.8815
2019-04-09,30.6,24.5,27.0,12.7,12.7,3.2,10.8,15.49,98,72,Bojonegoro,-7.1507,111.8815
2019-04-10,31.0,23.9,26.9,9.3,9.3,3.68,7.6,17.93,96,70,Bojonegoro,-7.1507,111.8815
2019-04-11,30.1,24.5,26.4,28.7,28.7,2.65,7.6,12.79,97,71,Bojonegoro,-7.1507,111.8815
2019-04-12,31.1,24.2,26.7,12.0,12.0,3.89,10.0,19.03,97,68,Bojonegoro,-7.1507,111.8815
2019-04-13,29.9,24.5,26.4,14.6,14.6,2.69,9.7,13.05,98,77,Bojonegoro,-7.1507,111.8815
2019-04-14,30.0,24.1,26.4,14.3,14.3,2.85,10.1,13.77,97,79,Bojonegoro,-7.1507,111.8815
2019-04-15,31.0,23.9,26.8,7.0,7.0,3.2,10.5,15.52,99,70,Bojonegoro,-7.1507,111.8815
2019-04-16,30.0,23.9,26.4,18.2,18.2,2.9,11.1,14.27,98,76,Bojonegoro,-7.1507,111.8815
2019-04-17,31.5,23.8,27.1,6.3,6.3,3.9,11.8,19.45,99,71,Bojonegoro,-7.1507,111.8815
2019-04-18,30.9,24.5,27.1,3.8,3.8,3.81,13.8,18.78,97,70,Bojonegoro,-7.1507,111.8815
2019-04-19,31.0,24.6,27.3,0.8,0.8,4.07,14.1,19.47,98,65,Bojonegoro,-7.1507,111.8815
2019-04-20,31.8,24.5,27.7,0.7,0.7,4.39,10.1,20.7,94,57,Bojonegoro,-7.1507,111.8815
2019-04-21,31.6,24.0,27.4,0.4,0.4,4.67,14.7,21.9,96,60,Bojonegoro,-7.1507,111.8815
2019-04-22,31.5,24.0,27.5,0.7,0.7,4.51,15.2,21.48,96,60,Bojonegoro,-7.1507,111.8815
2019-04-23,31.6,24.0,27.6,0.6,0.6,4.65,12.7,21.99,93,60,Bojonegoro,-7.1507,111.8815
2019-04-24,31.4,23.6,27.4,1.5,1.5,4.31,11.7,20.91,96,60,Bojonegoro,-7.1507,111.8815
2019-04-25,31.3,24.4,27.6,1.1,1.1,3.95,7.6,19.02,96,62,Bojonegoro,-7.1507,111.8815
2019-04-26,31.5,23.9,27.5,1.3,1.3,4.26,9.4,20.63,95,60,Bojonegoro,-7.1507,111.8815
2019-04-27,31.9,24.8,27.2,3.4,3.4,3.91,11.5,18.87,95,63,Bojonegoro,-7.1507,111.8815
2019-04-28,30.0,24.5,26.5,28.8,28.8,3.22,11.3,15.74,96,74,Bojonegoro,-7.1507,111.8815
2019-04-29,29.6,24.1,26.0,9.1,9.1,2.6,10.5,12.77,99,77,Bojonegoro,-7.1507,111.8815
2019-04-30,31.0,23.5,26.6,5.8,5.8,4.01,7.7,19.69,100,63,Bojonegoro,-7.1507,111.8815
2019-05-01,29.5,24.5,26.2,27.6,27.6,2.68,7.3,13.12,96,74,Bojonegoro,-7.1507,111.8815
2019-05-02,31.8,24.5,26.5,16.2,16.2,3.7,10.2,18.3,97,66,Bojonegoro,-7.1507,111.8815
2019-05-03,31.4,23.8,27.2,0.3,0.3,4.35,9.1,21.03,96,62,Bojonegoro,-7.1507,111.8815
2019-05-04,31.5,24.2,27.6,0.0,0.0,4.62,10.0,21.78,92,60,Bojonegoro,-7.1507,111.8815
2019-05-05,31.0,24.2,27.4,1.1,1.1,4.11,11.2,19.66,96,66,Bojonegoro,-7.1507,111.8815
2019-05-06,31.6,24.5,27.4,0.6,0.6,4.08,9.7,19.78,94,59,Bojonegoro,-7.1507,111.8815
2019-05-07,31.2,23.5,27.2,0.8,0.8,4.06,8.8,19.56,97,63,Bojonegoro,-7.1507,111.8815
2019-05-08,31.4,24.5,27.7,1.1,1.1,4.58,14.9,20.75,92,60,Bojonegoro,-7.1507,111.8815
2019-05-09,30.1,24.0,26.9,1.7,1.7,3.75,10.2,17.52,94,66,Bojonegoro,-7.1507,111.8815
2019-05-10,30.6,24.5,26.9,1.6,1.6,3.77,9.4,17.91,87,62,Bojonegoro,-7.1507,111.8815
2019-05-11,30.4,23.8,27.0,0.2,0.2,4.09,8.6,19.69,92,63,Bojonegoro,-7.1507,111.8815
2019-05-12,31.0,24.2,27.2,0.0,0.0,4.48,11.6,20.9,89,61,Bojonegoro,-7.1507,111.8815
2019-05-13,31.0,23.9,27.3,0.2,0.2,4.26,11.2,19.92,88,60,Bojonegoro,-7.1507,111.8815
2019-05-14,31.1,24.1,27.3,0.4,0.4,3.91,11.0,18.67,94,62,Bojonegoro,-7.1507,111.8815
2019-05-15,31.2,23.9,27.4,1.0,1.0,3.89,11.3,18.28,96,64,Bojonegoro,-7.1507,111.8815
2019-05-16,31.8,24.4,27.5,0.1,0.1,4.52,14.5,20.17,93,56,Bojonegoro,-7.1507,111.8815
2019-05-17,31.4,23.7,27.2,0.0,0.0,4.95,18.7,22.08,88,54,Bojonegoro,-7.1507,111.8815
2019-05-18,31.0,22.9,27.1,0.0,0.0,4.12,10.7,19.42,94,56,Bojonegoro,-7.1507,111.8815
2019-05-19,31.5,23.5,27.3,0.0,0.0,4.79,9.8,21.71,85,51,Bojonegoro,-7.1507,111.8815
2019-05-20,32.2,23.5,27.4,0.0,0.0,4.65,13.0,20.81,92,55,Bojonegoro,-7.1507,111.8815
2019-05-21,32.1,23.2,27.8,0.0,0.0,4.73,14.5,21.03,95,55,Bojonegoro,-7.1507,111.8815
2019-05-22,33.1,23.1,27.8,0.0,0.0,4.92,11.3,22.02,93,47,Bojonegoro,-7.1507,111.8815
2019-05-23,32.5,22.9,27.8,0.4,0.4,4.66,13.8,20.16,98,50,Bojonegoro,-7.1507,111.8815
2019-05-24,32.5,23.4,27.8,0.0,0.0,4.75,13.3,20.77,93,50,Bojonegoro,-7.1507,111.8815
2019-05-25,32.7,22.9,27.6,0.0,0.0,4.85,12.5,21.11,90,46,Bojonegoro,-7.1507,111.8815
2019-05-26,33.5,24.0,28.2,0.2,0.2,4.71,14.5,20.38,88,49,Bojonegoro,-7.1507,111.8815
2019-05-27,32.8,23.9,28.1,0.3,0.3,4.52,14.2,19.69,89,50,Bojonegoro,-7.1507,111.8815
2019-05-28,33.0,24.0,28.4,0.1,0.1,4.82,16.9,19.5,90,49,Bojonegoro,-7.1507,111.8815
2019-05-29,33.1,24.3,28.5,0.4,0.4,4.72,15.6,19.05,89,48,Bojonegoro,-7.1507,111.8815
2019-05-30,33.0,24.6,28.3,1.0,1.0,4.65,14.0,19.02,84,47,Bojonegoro,-7.1507,111.8815
2019-05-31,32.8,24.0,27.8,0.1,0.1,5.05,17.9,19.42,80,47,Bojonegoro,-7.1507,111.8815
2019-06-01,33.2,23.0,27.6,0.0,0.0,4.73,22.3,17.41,88,44,Bojonegoro,-7.1507,111.8815
2019-06-02,33.0,23.3,27.6,0.0,0.0,4.94,23.1,18.58,86,44,Bojonegoro,-7.1507,111.8815
2019-06-03,32.6,23.2,28.0,0.0,0.0,4.42,13.4,18.18,87,47,Bojonegoro,-7.1507,111.8815
2019-06-04,33.0,23.9,27.9,0.3,0.3,4.34,12.8,19.26,90,46,Bojonegoro,-7.1507,111.8815
2019-06-05,33.7,23.4,28.1,0.5,0.5,4.61,12.7,19.39,93,45,Bojonegoro,-7.1507,111.8815
2019-06-06,33.2,24.2,28.3,0.2,0.2,4.44,12.0,18.93,90,50,Bojonegoro,-7.1507,111.8815
2019-06-07,32.8,24.1,28.2,0.2,0.2,4.15,11.4,17.18,93,51,Bojonegoro,-7.1507,111.8815
2019-06-08,33.5,23.5,28.4,0.0,0.0,5.09,13.0,21.01,88,36,Bojonegoro,-7.1507,111.8815
2019-06-09,33.2,24.0,27.8,0.1,0.1,4.26,17.6,15.58,83,44,Bojonegoro,-7.1507,111.8815
2019-06-10,34.7,23.2,28.3,0.0,0.0,4.71,13.2,19.33,89,40,Bojonegoro,-7.1507,111.8815
2019-06-11,34.3,23.7,28.5,0.0,0.0,5.34,19.2,19.99,85,40,Bojonegoro,-7.1507,111.8815
2019-06-12,34.6,23.2,28.4,0.0,0.0,5.02,19.8,18.65,86,38,Bojonegoro,-7.1507,111.8815
2019-06-13,34.2,24.0,28.4,0.0,0.0,4.59,15.0,18.15,88,45,Bojonegoro,-7.1507,111.8815
2019-06-14,32.2,24.9,27.7,3.7,3.7,3.37,13.6,13.56,87,54,Bojonegoro,-7.1507,111.8815
2019-06-15,33.3,24.5,28.0,1.4,1.4,4.2,15.5,17.09,87,52,Bojonegoro,-7.1507,111.8815
2019-06-16,33.8,24.0,28.0,0.0,0.0,5.3,18.6,19.61,79,38,Bojonegoro,-7.1507,111.8815
2019-06-17,33.7,22.5,27.4,0.0,0.0,5.47,19.4,21.27,78,32,Bojonegoro,-7.1507,111.8815
2019-06-18,33.5,23.9,27.7,0.0,0.0,4.82,15.0,19.5,82,38,Bojonegoro,-7.1507,111.8815
2019-06-19,33.1,22.6,27.1,0.0,0.0,4.86,16.0,20.76,92,38,Bojonegoro,-7.1507,111.8815
2019-06-20,33.0,21.5,26.9,0.0,0.0,5.08,16.1,20.76,91,36,Bojonegoro,-7.1507,111.8815
2019-06-21,33.2,21.9,27.1,0.0,0.0,4.52,15.2,19.69,88,39,Bojonegoro,-7.1507,111.8815
2019-06-22,33.6,21.4,27.2,0.0,0.0,4.78,16.8,20.67,93,39,Bojonegoro,-7.1507,111.8815
2019-06-23,34.0,22.5,27.6,0.0,0.0,4.63,19.1,17.44,86,36,Bojonegoro,-7.1507,111.8815
2019-06-24,33.8,23.0,27.8,0.0,0.0,5.42,18.7,21.21,80,31,Bojonegoro,-7.1507,111.8815
2019-06-25,34.5,21.5,27.6,0.0,0.0,5.58,18.2,21.34,94,33,Bojonegoro,-7.1507,111.8815
2019-06-26,34.2,22.5,27.9,0.0,0.0,5.41,17.0,20.86,89,36,Bojonegoro,-7.1507,111.8815
2019-06-27,33.1,22.6,27.2,0.0,0.0,5.33,24.5,19.59,90,38,Bojonegoro,-7.1507,111.8815
2019-06-28,32.9,21.2,26.5,0.0,0.0,5.78,20.0,21.28,88,33,Bojonegoro,-7.1507,111.8815
2019-06-29,33.3,20.7,26.6,0.0,0.0,5.44,18.8,21.42,77,31,Bojonegoro,-7.1507,111.8815
2019-06-30,32.3,21.5,26.4,0.0,0.0,4.99,17.3,21.07,82,35,Bojonegoro,-7.1507,111.8815
2019-07-01,33.3,21.5,26.9,0.0,0.0,5.21,18.9,21.27,84,35,Bojonegoro,-7.1507,111.8815
2019-07-02,33.7,22.1,27.6,0.0,0.0,4.66,15.8,18.59,87,37,Bojonegoro,-7.1507,111.8815
2019-07-03,32.5,24.1,28.1,1.9,1.9,4.19,13.7,16.0,87,48,Bojonegoro,-7.1507,111.8815
2019-07-04,32.4,24.1,27.2,9.4,9.4,3.68,19.2,15.29,91,53,Bojonegoro,-7.1507,111.8815
2019-07-05,31.4,23.8,26.7,5.8,5.8,3.75,15.9,16.17,96,56,Bojonegoro,-7.1507,111.8815
2019-07-06,33.7,23.0,27.6,0.1,0.1,4.92,18.1,19.61,90,43,Bojonegoro,-7.1507,111.8815
2019-07-07,33.2,22.5,27.4,0.0,0.0,5.14,16.9,19.78,87,40,Bojonegoro,-7.1507,111.8815
2019-07-08,33.5,23.8,27.2,0.0,0.0,5.31,22.9,20.02,79,39,Bojonegoro,-7.1507,111.8815
2019-07-09,33.7,21.8,26.9,0.0,0.0,5.26,18.7,19.54,82,34,Bojonegoro,-7.1507,111.8815
2019-07-10,34.1,22.2,27.3,0.0,0.0,5.18,19.6,20.69,82,33,Bojonegoro,-7.1507,111.8815
2019-07-11,33.6,21.7,27.1,0.0,0.0,5.05,19.3,18.74,91,35,Bojonegoro,-7.1507,111.8815
2019-07-12,34.3,21.2,27.4,0.0,0.0,5.26,21.1,20.53,91,31,Bojonegoro,-7.1507,111.8815
2019-07-13,33.5,22.1,27.1,0.0,0.0,5.75,20.3,21.72,82,28,Bojonegoro,-7.1507,111.8815
2019-07-14,33.2,22.0,26.9,0.0,0.0,5.65,17.3,21.89,77,27,Bojonegoro,-7.1507,111.8815
2019-07-15,33.2,21.9,27.1,0.0,0.0,5.26,15.6,18.91,84,29,Bojonegoro,-7.1507,111.8815
2019-07-16,33.9,21.9,26.8,0.0,0.0,5.66,26.9,20.6,81,30,Bojonegoro,-7.1507,111.8815
2019-07-17,34.2,20.5,26.8,0.0,0.0,5.28,20.1,20.48,89,29,Bojonegoro,-7.1507,111.8815
2019-07-18,34.7,20.9,27.6,0.0,0.0,5.59,22.0,20.15,90,34,Bojonegoro,-7.1507,111.8815
2019-07-19,33.5,23.5,27.8,0.0,0.0,4.6,20.2,15.0,86,40,Bojonegoro,-7.1507,111.8815
2019-07-20,35.5,25.0,28.6,0.0,0.0,5.3,22.0,17.38,79,36,Bojonegoro,-7.1507,111.8815
2019-07-21,34.4,24.1,27.9,0.0,0.0,4.88,20.1,17.31,80,36,Bojonegoro,-7.1507,111.8815
2019-07-22,34.8,20.5,27.4,0.0,0.0,5.67,18.0,21.94,94,26,Bojonegoro,-7.1507,111.8815
2019-07-23,34.7,21.1,27.3,0.0,0.0,5.14,19.4,20.57,95,31,Bojonegoro,-7.1507,111.8815
2019-07-24,34.3,22.7,27.5,0.0,0.0,5.54,22.5,20.06,87,32,Bojonegoro,-7.1507,111.8815
2019-07-25,34.2,21.6,27.4,0.0,0.0,5.34,18.3,21.61,88,31,Bojonegoro,-7.1507,111.8815
2019-07-26,34.8,23.0,28.3,0.0,0.0,5.46,16.8,21.92,85,33,Bojonegoro,-7.1507,111.8815
2019-07-27,34.7,22.0,27.8,0.0,0.0,5.17,19.7,20.4,90,31,Bojonegoro,-7.1507,111.8815
2019-07-28,34.3,22.9,27.3,0.0,0.0,5.51,22.4,21.36,84,35,Bojonegoro,-7.1507,111.8815
2019-07-29,34.4,21.0,27.1,0.0,0.0,5.6,21.6,21.72,87,31,Bojonegoro,-7.1507,111.8815
2019-07-30,34.5,22.3,27.8,0.0,0.0,5.42,16.9,20.36,87,32,Bojonegoro,-7.1507,111.8815
2019-07-31,34.5,22.9,27.6,0.0,0.0,5.9,22.4,21.74,79,30,Bojonegoro,-7.1507,111.8815
2019-08-01,34.0,23.2,28.1,0.0,0.0,5.98,19.5,21.75,79,29,Bojonegoro,-7.1507,111.8815
2019-08-02,34.0,22.9,27.8,0.0,0.0,5.31,23.9,18.71,89,32,Bojonegoro,-7.1507,111.8815
2019-08-03,34.5,23.2,27.4,0.0,0.0,6.15,24.1,21.56,76,29,Bojonegoro,-7.1507,111.8815
2019-08-04,33.2,22.9,26.9,0.0,0.0,6.24,21.1,22.65,67,28,Bojonegoro,-7.1507,111.8815
2019-08-05,33.3,22.0,26.8,0.0,0.0,5.94,15.4,22.59,69,27,Bojonegoro,-7.1507,111.8815
2019-08-06,33.5,20.5,26.5,0.0,0.0,5.58,19.4,22.98,82,28,Bojonegoro,-7.1507,111.8815
2019-08-07,33.7,20.8,26.8,0.0,0.0,5.57,14.5,22.13,83,28,Bojonegoro,-7.1507,111.8815
2019-08-08,34.0,22.0,27.2,0.0,0.0,5.61,16.3,21.29,78,29,Bojonegoro,-7.1507,111.8815
2019-08-09,33.8,22.1,27.5,0.0,0.0,5.03,20.6,18.5,82,30,Bojonegoro,-7.1507,111.8815
2019-08-10,35.2,22.9,28.0,0.1,0.1,5.25,18.5,21.21,76,28,Bojonegoro,-7.1507,111.8815
2019-08-11,35.0,22.0,27.7,0.0,0.0,5.58,20.2,21.2,88,28,Bojonegoro,-7.1507,111.8815
2019-08-12,34.8,22.0,27.9,0.0,0.0,5.87,20.4,22.26,86,33,Bojonegoro,-7.1507,111.8815
2019-08-13,33.7,23.9,28.4,0.1,0.1,5.62,23.4,18.98,86,36,Bojonegoro,-7.1507,111.8815
2019-08-14,34.5,23.1,28.3,0.0,0.0,5.97,21.6,21.64,92,29,Bojonegoro,-7.1507,111.8815
2019-08-15,34.0,24.5,28.3,0.4,0.4,4.92,17.3,18.51,83,40,Bojonegoro,-7.1507,111.8815
2019-08-16,34.6,23.6,28.3,0.0,0.0,5.06,16.5,16.88,80,34,Bojonegoro,-7.1507,111.8815
2019-08-17,35.2,23.7,27.9,0.0,0.0,6.41,25.8,21.54,76,31,Bojonegoro,-7.1507,111.8815
2019-08-18,34.8,21.6,27.5,0.0,0.0,6.21,18.9,23.79,83,27,Bojonegoro,-7.1507,111.8815
2019-08-19,34.7,21.4,27.2,0.0,0.0,6.01,26.0,21.53,85,29,Bojonegoro,-7.1507,111.8815
2019-08-20,35.1,23.5,28.3,0.0,0.0,6.16,21.6,21.45,72,30,Bojonegoro,-7.1507,111.8815
2019-08-21,35.0,21.6,27.9,0.0,0.0,6.11,22.0,23.18,89,35,Bojonegoro,-7.1507,111.8815
2019-08-22,34.2,24.1,28.0,0.6,0.6,5.18,23.6,18.63,83,39,Bojonegoro,-7.1507,111.8815
2019-08-23,35.8,22.9,27.9,0.0,0.0,6.15,20.6,22.2,81,29,Bojonegoro,-7.1507,111.8815
2019-08-24,34.0,22.1,27.6,0.0,0.0,5.44,22.7,19.27,85,33,Bojonegoro,-7.1507,111.8815
2019-08-25,35.2,22.7,28.1,0.0,0.0,5.66,21.9,20.74,81,33,Bojonegoro,-7.1507,111.8815
2019-08-26,35.5,24.3,28.6,0.0,0.0,5.77,17.3,20.83,77,32,Bojonegoro,-7.1507,111.8815
2019-08-27,36.0,24.4,28.4,0.7,0.7,5.31,17.1,19.67,75,30,Bojonegoro,-7.1507,111.8815
2019-08-28,35.3,22.9,27.9,0.0,0.0,6.25,19.6,23.48,78,30,Bojonegoro,-7.1507,111.8815
2019-08-29,34.3,23.3,28.0,0.0,0.0,6.38,23.0,23.97,84,28,Bojonegoro,-7.1507,111.8815
2019-08-30,34.7,22.1,27.8,0.0,0.0,6.21,22.1,23.26,88,29,Bojonegoro,-7.1507,111.8815
2019-08-31,34.7,23.1,28.2,0.0,0.0,6.28,23.1,21.7,79,30,Bojonegoro,-7.1507,111.8815
2019-09-01,36.3,22.1,28.2,0.1,0.1,6.11,19.6,23.44,83,31,Bojonegoro,-7.1507,111.8815
2019-09-02,36.7,23.5,28.5,0.0,0.0,6.04,20.7,23.91,79,32,Bojonegoro,-7.1507,111.8815
2019-09-03,34.8,24.1,28.1,0.1,0.1,4.89,13.4,17.45,76,35,Bojonegoro,-7.1507,111.8815
2019-09-04,35.9,22.5,28.1,0.0,0.0,6.49,17.7,24.4,85,27,Bojonegoro,-7.1507,111.8815
2019-09-05,34.8,21.3,27.3,0.0,0.0,6.15,21.1,24.53,76,27,Bojonegoro,-7.1507,111.8815
2019-09-06,34.9,22.8,27.7,0.0,0.0,6.01,18.7,23.73,76,28,Bojonegoro,-7.1507,111.8815
2019-09-07,35.7,22.1,27.9,0.0,0.0,6.24,18.0,24.44,85,26,Bojonegoro,-7.1507,111.8815
2019-09-08,35.5,22.5,28.4,0.0,0.0,6.13,16.4,24.12,83,29,Bojonegoro,-7.1507,111.8815
2019-09-09,36.3,23.5,28.8,0.0,0.0,6.6,20.6,24.92,80,22,Bojonegoro,-7.1507,111.8815
2019-09-10,36.5,20.6,28.3,0.0,0.0,7.25,23.0,25.61,94,20,Bojonegoro,-7.1507,111.8815
2019-09-11,36.4,23.0,28.5,0.0,0.0,6.27,16.4,23.65,88,27,Bojonegoro,-7.1507,111.8815
2019-09-12,35.0,22.0,27.5,0.0,0.0,6.43,20.1,24.24,72,23,Bojonegoro,-7.1507,111.8815
2019-09-13,35.1,21.2,27.6,0.3,0.3,6.24,22.9,25.3,79,22,Bojonegoro,-7.1507,111.8815
2019-09-14,35.8,22.1,27.9,0.1,0.1,6.04,21.9,24.14,88,23,Bojonegoro,-7.1507,111.8815
2019-09-15,34.0,23.0,28.0,0.0,0.0,5.01,21.3,17.31,81,34,Bojonegoro,-7.1507,111.8815
2019-09-16,35.0,23.2,28.4,0.0,0.0,6.33,22.5,23.53,89,33,Bojonegoro,-7.1507,111.8815
2019-09-17,35.8,22.2,28.4,0.0,0.0,6.26,18.8,23.61,91,32,Bojonegoro,-7.1507,111.8815
2019-09-18,36.2,23.4,28.9,0.0,0.0,6.69,18.5,24.29,81,30,Bojonegoro,-7.1507,111.8815
2019-09-19,35.8,23.0,28.3,0.0,0.0,6.24,21.1,22.39,83,28,Bojonegoro,-7.1507,111.8815
2019-09-20,36.0,21.9,28.4,0.0,0.0,6.64,20.9,25.08,89,26,Bojonegoro,-7.1507,111.8815
2019-09-21,36.3,22.2,28.2,0.1,0.1,6.24,17.4,23.77,88,27,Bojonegoro,-7.1507,111.8815
2019-09-22,37.2,22.3,28.9,0.0,0.0,6.51,21.1,24.45,79,26,Bojonegoro,-7.1507,111.8815
2019-09-23,36.5,23.5,29.1,0.0,0.0,7.17,25.2,25.29,78,27,Bojonegoro,-7.1507,111.8815
2019-09-24,36.5,23.3,29.5,0.0,0.0,7.35,22.7,25.58,85,29,Bojonegoro,-7.1507,111.8815
2019-09-25,37.1,24.5,29.7,0.0,0.0,7.0,24.1,25.55,81,29,Bojonegoro,-7.1507,111.8815
2019-09-26,36.0,25.1,29.7,0.1,0.1,6.46,19.6,23.31,80,33,Bojonegoro,-7.1507,111.8815
2019-09-27,37.3,24.4,29.5,0.4,0.4,6.54,20.2,23.52,77,28,Bojonegoro,-7.1507,111.8815
2019-09-28,36.0,24.2,29.4,0.2,0.2,6.11,17.3,22.82,80,36,Bojonegoro,-7.1507,111.8815
2019-09-29,36.8,24.6,29.6,0.0,0.0,6.57,19.4,23.86,84,29,Bojonegoro,-7.1507,111.8815
2019-09-30,38.0,23.4,29.5,0.0,0.0,7.13,24.0,25.88,83,21,Bojonegoro,-7.1507,111.8815
2019-10-01,37.8,22.9,29.4,0.0,0.0,6.88,22.4,25.68,77,24,Bojonegoro,-7.1507,111.8815
2019-10-02,37.0,24.0,29.7,0.0,0.0,6.89,24.0,24.96,81,27,Bojonegoro,-7.1507,111.8815
2019-10-03,37.0,24.2,29.8,0.2,0.2,7.06,22.3,25.5,87,24,Bojonegoro,-7.1507,111.8815
2019-10-04,38.0,22.4,29.6,0.0,0.0,7.23,27.0,24.84,86,21,Bojonegoro,-7.1507,111.8815
2019-10-05,37.6,22.3,29.2,0.0,0.0,7.74,24.1,27.0,83,16,Bojonegoro,-7.1507,111.8815
2019-10-06,36.8,22.5,29.4,0.0,0.0,7.44,25.6,26.11,83,16,Bojonegoro,-7.1507,111.8815
2019-10-07,37.3,23.7,29.7,1.2,1.2,6.32,20.9,23.59,83,28,Bojonegoro,-7.1507,111.8815
2019-10-08,37.6,24.6,30.0,0.1,0.1,6.91,20.7,24.4,79,28,Bojonegoro,-7.1507,111.8815
2019-10-09,36.8,25.2,30.1,0.0,0.0,5.98,14.3,22.79,74,33,Bojonegoro,-7.1507,111.8815
2019-10-10,38.3,25.4,30.5,0.0,0.0,6.79,22.3,22.65,77,24,Bojonegoro,-7.1507,111.8815
2019-10-11,37.8,23.6,30.1,0.0,0.0,7.19,20.0,26.77,92,18,Bojonegoro,-7.1507,111.8815
2019-10-12,37.4,22.8,29.7,0.0,0.0,6.4,19.5,24.92,93,25,Bojonegoro,-7.1507,111.8815
2019-10-13,37.8,23.5,29.9,0.6,0.6,6.21,16.7,23.25,85,25,Bojonegoro,-7.1507,111.8815
2019-10-14,37.7,23.4,29.8,0.0,0.0,6.62,15.6,25.17,86,25,Bojonegoro,-7.1507,111.8815
2019-10-15,37.2,24.4,29.8,1.2,1.2,6.41,14.8,24.08,82,29,Bojonegoro,-7.1507,111.8815
2019-10-16,37.3,24.5,29.8,0.1,0.1,6.38,21.7,22.99,81,28,Bojonegoro,-7.1507,111.8815
2019-10-17,37.4,24.8,29.9,0.0,0.0,6.23,18.5,22.94,78,28,Bojonegoro,-7.1507,111.8815
2019-10-18,37.8,23.9,30.1,0.1,0.1,6.68,18.0,26.0,76,24,Bojonegoro,-7.1507,111.8815
2019-10-19,38.3,24.7,30.4,0.1,0.1,6.52,19.6,25.07,81,28,Bojonegoro,-7.1507,111.8815
2019-10-20,37.2,23.2,30.0,0.0,0.0,7.59,24.9,25.71,92,23,Bojonegoro,-7.1507,111.8815
2019-10-21,38.7,24.1,30.6,0.0,0.0,8.28,30.3,27.02,84,19,Bojonegoro,-7.1507,111.8815
2019-10-22,39.0,24.9,30.8,0.0,0.0,7.51,23.7,26.54,80,19,Bojonegoro,-7.1507,111.8815
2019-10-23,39.0,24.8,30.7,0.0,0.0,7.43,23.5,26.31,75,19,Bojonegoro,-7.1507,111.8815
2019-10-24,38.8,23.8,30.5,0.0,0.0,7.03,20.7,26.16,84,23,Bojonegoro,-7.1507,111.8815
2019-10-25,37.7,24.6,30.1,0.0,0.0,7.01,18.3,26.32,82,22,Bojonegoro,-7.1507,111.8815
2019-10-26,36.8,24.6,30.1,0.3,0.3,5.86,11.6,23.53,82,29,Bojonegoro,-7.1507,111.8815
2019-10-27,36.2,25.1,30.0,0.6,0.6,5.86,12.7,23.54,78,32,Bojonegoro,-7.1507,111.8815
2019-10-28,37.2,24.9,30.5,0.3,0.3,6.23,14.0,23.88,83,26,Bojonegoro,-7.1507,111.8815
2019-10-29,37.0,25.1,30.2,0.5,0.5,6.18,15.3,23.75,80,27,Bojonegoro,-7.1507,111.8815
2019-10-30,37.0,24.7,30.2,0.5,0.5,5.88,11.0,23.85,78,31,Bojonegoro,-7.1507,111.8815
2019-10-31,37.9,25.1,30.3,1.6,1.6,5.84,12.4,24.13,84,28,Bojonegoro,-7.1507,111.8815
2019-11-01,33.2,24.6,28.0,7.3,7.3,3.85,15.8,16.06,93,48,Bojonegoro,-7.1507,111.8815
2019-11-02,31.9,24.5,26.4,55.9,55.9,3.14,14.5,13.6,95,54,Bojonegoro,-7.1507,111.8815
2019-11-03,32.5,24.2,27.5,4.8,4.8,4.68,14.2,20.85,92,53,Bojonegoro,-7.1507,111.8815
2019-11-04,33.5,23.4,28.0,1.7,1.7,4.9,12.6,21.54,93,48,Bojonegoro,-7.1507,111.8815
2019-11-05,34.2,24.1,29.0,0.0,0.0,5.7,16.3,22.65,89,41,Bojonegoro,-7.1507,111.8815
2019-11-06,36.5,23.0,29.0,0.0,0.0,6.08,14.5,26.02,89,28,Bojonegoro,-7.1507,111.8815
2019-11-07,35.7,23.8,29.3,0.1,0.1,5.72,13.5,24.17,82,34,Bojonegoro,-7.1507,111.8815
2019-11-08,35.3,24.6,29.5,0.6,0.6,5.49,11.5,23.21,86,40,Bojonegoro,-7.1507,111.8815
2019-11-09,36.3,24.8,29.8,0.3,0.3,5.29,12.2,22.09,86,36,Bojonegoro,-7.1507,111.8815
2019-11-10,35.5,25.3,29.9,3.3,3.3,5.41,11.4,23.17,81,39,Bojonegoro,-7.1507,111.8815
2019-11-11,37.2,25.9,29.9,3.4,3.4,5.72,12.8,23.95,86,34,Bojonegoro,-7.1507,111.8815
2019-11-12,36.6,24.6,30.1,0.0,0.0,6.24,19.7,23.44,90,36,Bojonegoro,-7.1507,111.8815
2019-11-13,34.9,26.0,30.0,0.1,0.1,5.63,19.5,21.51,84,42,Bojonegoro,-7.1507,111.8815
2019-11-14,35.2,24.7,29.7,0.1,0.1,5.29,16.3,21.19,92,40,Bojonegoro,-7.1507,111.8815
2019-11-15,37.5,25.2,30.4,0.0,0.0,6.13,15.5,23.52,88,27,Bojonegoro,-7.1507,111.8815
2019-11-16,37.5,24.0,30.4,0.1,0.1,6.69,16.9,24.36,79,24,Bojonegoro,-7.1507,111.8815
2019-11-17,37.5,25.2,30.8,0.3,0.3,6.9,23.9,23.98,81,26,Bojonegoro,-7.1507,111.8815
2019-11-18,38.2,25.4,31.0,0.1,0.1,6.59,18.9,24.37,85,25,Bojonegoro,-7.1507,111.8815
2019-11-19,36.5,25.0,30.5,0.3,0.3,5.59,14.6,21.42,87,31,Bojonegoro,-7.1507,111.8815
2019-11-20,37.6,25.5,30.3,2.0,2.0,5.76,19.2,23.12,90,29,Bojonegoro,-7.1507,111.8815
2019-11-21,36.2,25.8,29.8,1.5,1.5,5.08,8.7,21.57,87,35,Bojonegoro,-7.1507,111.8815
2019-11-22,37.2,24.9,30.1,1.2,1.2,5.78,13.5,23.82,94,30,Bojonegoro,-7.1507,111.8815
2019-11-23,37.8,25.4,30.7,0.0,0.0,6.5,19.7,24.71,83,28,Bojonegoro,-7.1507,111.8815
2019-11-24,37.3,25.9,30.7,1.3,1.3,5.77,15.3,22.93,83,31,Bojonegoro,-7.1507,111.8815
2019-11-25,38.0,25.5,29.8,3.2,3.2,5.1,13.9,21.7,91,31,Bojonegoro,-7.1507,111.8815
2019-11-26,36.8,24.5,29.5,3.4,3.4,5.08,13.7,21.81,97,34,Bojonegoro,-7.1507,111.8815
2019-11-27,35.0,24.6,29.0,2.1,2.1,4.63,14.4,20.21,93,46,Bojonegoro,-7.1507,111.8815
2019-11-28,35.9,25.5,29.7,1.3,1.3,4.95,11.4,21.1,93,40,Bojonegoro,-7.1507,111.8815
2019-11-29,35.4,25.8,29.2,14.2,14.2,4.67,12.5,20.5,90,43,Bojonegoro,-7.1507,111.8815
2019-11-30,34.0,25.5,28.4,12.3,12.3,4.32,10.2,19.81,95,50,Bojonegoro,-7.1507,111.8815
2019-12-01,35.3,24.8,29.8,0.0,0.0,5.47,10.5,24.09,98,41,Bojonegoro,-7.1507,111.8815
2019-12-02,36.5,25.8,29.7,3.6,3.6,5.05,8.9,22.76,96,42,Bojonegoro,-7.1507,111.8815
2019-12-03,34.8,24.7,28.5,12.3,12.3,4.85,15.4,21.68,98,50,Bojonegoro,-7.1507,111.8815
2019-12-04,34.5,24.6,28.1,13.4,13.4,4.62,11.7,21.07,94,49,Bojonegoro,-7.1507,111.8815
2019-12-05,31.9,24.5,27.2,16.2,16.2,3.56,12.3,16.44,97,57,Bojonegoro,-7.1507,111.8815
2019-12-06,33.4,24.2,27.5,11.0,11.0,4.2,14.0,19.76,96,56,Bojonegoro,-7.1507,111.8815
2019-12-07,32.5,24.2,27.6,4.8,4.8,4.4,10.2,20.65,98,57,Bojonegoro,-7.1507,111.8815
2019-12-08,34.2,23.5,28.5,1.8,1.8,4.6,10.2,21.15,98,49,Bojonegoro,-7.1507,111.8815
2019-12-09,34.0,24.7,28.3,3.8,3.8,4.47,14.0,20.73,97,51,Bojonegoro,-7.1507,111.8815
2019-12-10,33.6,24.9,28.1,4.4,4.4,4.43,11.6,20.87,97,52,Bojonegoro,-7.1507,111.8815
2019-12-11,33.8,24.2,27.9,4.9,4.9,4.67,11.5,21.59,93,50,Bojonegoro,-7.1507,111.8815
2019-12-12,33.5,24.6,28.0,4.9,4.9,4.48,11.7,21.22,97,56,Bojonegoro,-7.1507,111.8815
2019-12-13,33.8,24.6,27.7,5.8,5.8,4.32,16.3,20.24,94,52,Bojonegoro,-7.1507,111.8815
2019-12-14,32.8,24.4,27.8,3.5,3.5,4.25,9.5,19.67,96,52,Bojonegoro,-7.1507,111.8815
2019-12-15,32.3,24.1,27.2,17.5,17.5,3.72,11.7,17.47,97,59,Bojonegoro,-7.1507,111.8815
2019-12-16,32.6,24.5,26.8,13.5,13.5,3.89,17.8,18.59,97,58,Bojonegoro,-7.1507,111.8815
2019-12-17,31.4,24.0,26.4,19.7,19.7,3.1,8.5,14.79,98,65,Bojonegoro,-7.1507,111.8815
2019-12-18,33.2,23.9,27.3,5.3,5.3,4.33,14.0,20.87,98,56,Bojonegoro,-7.1507,111.8815
2019-12-19,32.7,24.5,27.6,10.2,10.2,4.44,11.3,21.06,94,65,Bojonegoro,-7.1507,111.8815
2019-12-20,33.7,24.5,27.9,2.6,2.6,4.8,11.2,22.83,98,58,Bojonegoro,-7.1507,111.8815
2019-12-21,32.7,25.3,27.8,6.9,6.9,4.28,12.3,20.28,98,61,Bojonegoro,-7.1507,111.8815
2019-12-22,31.5,24.5,27.2,3.8,3.8,3.78,9.2,18.03,98,64,Bojonegoro,-7.1507,111.8815
2019-12-23,31.0,24.7,27.1,3.2,3.2,3.38,10.0,16.03,97,66,Bojonegoro,-7.1507,111.8815
2019-12-24,32.2,24.8,27.7,15.2,15.2,4.0,10.8,19.23,95,64,Bojonegoro,-7.1507,111.8815
2019-12-25,31.5,24.0,26.6,22.1,22.1,3.1,15.5,14.87,96,67,Bojonegoro,-7.1507,111.8815
2019-12-26,29.9,24.3,26.9,4.6,4.6,2.96,8.7,14.21,97,72,Bojonegoro,-7.1507,111.8815
2019-12-27,29.8,24.5,26.5,13.2,13.2,2.74,7.2,13.11,96,75,Bojonegoro,-7.1507,111.8815
2019-12-28,31.2,23.4,27.0,7.8,7.8,4.07,11.2,19.51,97,65,Bojonegoro,-7.1507,111.8815
2019-12-29,31.8,24.6,27.3,9.8,9.8,3.99,10.1,18.88,96,64,Bojonegoro,-7.1507,111.8815
2019-12-30,31.2,24.3,26.8,15.4,15.4,3.64,9.1,17.54,97,70,Bojonegoro,-7.1507,111.8815
2019-12-31,31.2,24.5,26.5,29.6,29.6,2.98,13.0,14.24,96,68,Bojonegoro,-7.1507,111.8815
2020-01-01,26.1,24.1,25.0,98.4,98.4,0.88,10.1,3.63,99,89,Bojonegoro,-7.1507,111.8815
2020-01-02,30.0,24.1,26.5,4.9,4.9,2.88,16.9,12.81,98,70,Bojonegoro,-7.1507,111.8815
2020-01-03,30.6,24.5,27.1,3.3,3.3,3.88,19.7,17.81,94,64,Bojonegoro,-7.1507,111.8815
2020-01-04,28.4,24.5,26.1,3.6,3.6,2.51,21.3,11.72,94,77,Bojonegoro,-7.1507,111.8815
2020-01-05,30.6,24.6,26.8,4.5,4.5,3.59,20.2,17.27,96,70,Bojonegoro,-7.1507,111.8815
2020-01-06,29.6,24.0,26.0,14.2,14.2,2.82,17.5,13.77,97,73,Bojonegoro,-7.1507,111.8815
2020-01-07,30.4,24.1,26.0,12.9,12.9,3.06,17.8,15.11,97,71,Bojonegoro,-7.1507,111.8815
2020-01-08,29.9,24.0,25.9,6.9,6.9,2.78,12.1,13.15,96,70,Bojonegoro,-7.1507,111.8815
2020-01-09,31.1,23.9,26.4,19.6,19.6,4.2,13.0,20.6,98,66,Bojonegoro,-7.1507,111.8815
2020-01-10,30.4,24.1,26.2,13.5,13.5,3.38,14.4,16.19,98,69,Bojonegoro,-7.1507,111.8815
2020-01-11,30.0,23.5,26.0,13.5,13.5,3.21,20.9,15.72,94,70,Bojonegoro,-7.1507,111.8815
2020-01-12,30.6,24.0,27.0,1.1,1.1,3.83,12.3,17.29,93,62,Bojonegoro,-7.1507,111.8815
2020-01-13,30.8,24.0,27.3,1.3,1.3,4.44,18.1,20.47,97,64,Bojonegoro,-7.1507,111.8815
2020-01-14,30.1,24.7,27.1,3.2,3.2,3.49,17.4,16.88,95,71,Bojonegoro,-7.1507,111.8815
2020-01-15,32.0,24.6,27.0,39.3,39.3,3.86,14.7,18.63,96,63,Bojonegoro,-7.1507,111.8815
2020-01-16,32.5,24.1,27.0,14.5,14.5,3.94,7.2,18.94,97,62,Bojonegoro,-7.1507,111.8815
2020-01-17,32.2,24.0,27.7,0.5,0.5,5.15,11.5,24.86,99,59,Bojonegoro,-7.1507,111.8815
2020-01-18,32.0,24.9,28.1,1.4,1.4,5.08,12.3,24.06,98,58,Bojonegoro,-7.1507,111.8815
2020-01-19,31.8,24.0,27.6,2.6,2.6,4.22,8.4,20.26,97,66,Bojonegoro,-7.1507,111.8815
2020-01-20,31.8,25.0,27.4,11.3,11.3,3.93,11.2,18.91,98,67,Bojonegoro,-7.1507,111.8815
2020-01-21,30.2,24.6,27.0,8.1,8.1,3.73,10.1,18.03,96,71,Bojonegoro,-7.1507,111.8815
2020-01-22,32.3,24.5,27.6,4.6,4.6,4.7,9.3,22.7,98,63,Bojonegoro,-7.1507,111.8815
2020-01-23,31.5,24.6,26.9,10.0,10.0,3.71,9.5,17.89,97,68,Bojonegoro,-7.1507,111.8815
2020-01-24,30.2,25.1,27.0,13.8,13.8,3.22,10.8,15.67,95,74,Bojonegoro,-7.1507,111.8815
2020-01-25,31.0,24.1,26.9,13.4,13.4,3.86,10.3,18.78,97,67,Bojonegoro,-7.1507,111.8815
2020-01-26,32.2,24.9,27.1,14.4,14.4,4.11,16.6,19.95,96,64,Bojonegoro,-7.1507,111.8815
2020-01-27,29.9,24.2,26.9,18.1,18.1,3.03,10.1,14.67,98,73,Bojonegoro,-7.1507,111.8815
2020-01-28,31.9,24.1,27.3,10.0,10.0,4.3,12.0,20.74,99,67,Bojonegoro,-7.1507,111.8815
2020-01-29,32.6,24.2,27.4,7.5,7.5,4.55,11.3,22.32,99,68,Bojonegoro,-7.1507,111.8815
2020-01-30,30.8,24.6,26.5,14.2,14.2,3.0,18.9,14.47,96,74,Bojonegoro,-7.1507,111.8815
2020-01-31,29.0,23.8,25.9,29.8,29.8,2.15,10.7,10.38,98,79,Bojonegoro,-7.1507,111.8815
2020-02-01,30.0,24.2,26.1,14.3,14.3,2.64,9.7,12.53,99,71,Bojonegoro,-7.1507,111.8815
2020-02-02,29.0,23.8,25.9,12.9,12.9,2.35,12.5,11.13,97,77,Bojonegoro,-7.1507,111.8815
2020-02-03,29.2,23.9,26.0,16.2,16.2,2.63,10.2,12.99,98,77,Bojonegoro,-7.1507,111.8815
2020-02-04,31.2,24.0,26.8,26.0,26.0,4.33,6.8,21.11,98,67,Bojonegoro,-7.1507,111.8815
2020-02-05,31.8,24.1,27.1,7.1,7.1,4.71,10.2,22.77,98,61,Bojonegoro,-7.1507,111.8815
2020-02-06,30.8,24.3,26.8,8.5,8.5,3.52,13.4,16.92,98,70,Bojonegoro,-7.1507,111.8815
2020-02-07,30.9,24.7,26.5,16.0,16.0,3.39,14.5,16.51,96,68,Bojonegoro,-7.1507,111.8815
2020-02-08,29.4,24.3,26.4,7.5,7.5,2.56,14.7,11.7,97,76,Bojonegoro,-7.1507,111.8815
2020-02-09,30.0,24.5,26.8,0.0,0.0,3.52,15.5,15.77,96,63,Bojonegoro,-7.1507,111.8815
2020-02-10,31.4,23.5,26.7,5.2,5.2,4.08,10.8,19.73,96,64,Bojonegoro,-7.1507,111.8815
2020-02-11,30.5,24.5,26.6,14.8,14.8,3.42,10.5,16.69,98,71,Bojonegoro,-7.1507,111.8815
2020-02-12,29.2,24.7,26.7,27.8,27.8,2.91,9.4,14.29,98,79,Bojonegoro,-7.1507,111.8815
2020-02-13,30.4,24.9,27.0,20.2,20.2,3.78,8.6,18.47,98,76,Bojonegoro,-7.1507,111.8815
2020-02-14,31.0,23.8,26.8,28.9,28.9,3.72,11.9,18.17,99,69,Bojonegoro,-7.1507,111.8815
2020-02-15,30.8,24.2,26.6,26.0,26.0,3.29,8.9,15.8,98,72,Bojonegoro,-7.1507,111.8815
2020-02-16,30.5,24.0,26.4,25.6,25.6,3.1,10.2,15.08,97,73,Bojonegoro,-7.1507,111.8815
2020-02-17,27.8,24.2,25.9,7.7,7.7,1.79,10.5,8.55,97,81,Bojonegoro,-7.1507,111.8815
2020-02-18,29.5,24.1,26.0,4.2,4.2,2.82,16.0,13.97,96,75,Bojonegoro,-7.1507,111.8815
2020-02-19,29.6,24.0,25.7,13.6,13.6,2.59,20.6,13.27,98,78,Bojonegoro,-7.1507,111.8815
2020-02-20,28.4,24.0,25.6,7.0,7.0,2.07,18.8,9.51,97,75,Bojonegoro,-7.1507,111.8815
2020-02-21,31.5,23.8,26.5,12.0,12.0,3.87,15.7,19.24,97,70,Bojonegoro,-7.1507,111.8815
2020-02-22,31.7,23.5,26.6,12.9,12.9,4.43,11.7,21.92,99,65,Bojonegoro,-7.1507,111.8815
2020-02-23,30.9,23.9,26.7,14.4,14.4,4.25,13.7,21.14,99,67,Bojonegoro,-7.1507,111.8815
2020-02-24,30.8,24.0,26.8,11.7,11.7,3.38,12.6,16.63,98,70,Bojonegoro,-7.1507,111.8815
2020-02-25,30.4,24.1,26.6,16.6,16.6,2.93,20.2,14.2,98,74,Bojonegoro,-7.1507,111.8815
2020-02-26,31.0,24.0,26.6,13.7,13.7,3.32,14.2,16.16,97,68,Bojonegoro,-7.1507,111.8815
2020-02-27,30.6,24.8,26.8,14.1,14.1,3.01,11.5,14.67,97,73,Bojonegoro,-7.1507,111.8815
2020-02-28,31.5,24.6,26.9,13.0,13.0,3.81,15.1,18.87,97,72,Bojonegoro,-7.1507,111.8815
2020-02-29,29.4,24.7,26.6,8.4,8.4,2.85,14.4,13.98,96,77,Bojonegoro,-7.1507,111.8815
2020-03-01,28.9,24.8,26.4,17.4,17.4,2.26,18.4,11.06,97,79,Bojonegoro,-7.1507,111.8815
2020-03-02,31.2,24.0,26.9,10.7,10.7,3.86,12.9,19.02,99,69,Bojonegoro,-7.1507,111.8815
2020-03-03,31.5,24.5,27.1,22.8,22.8,3.55,10.5,17.19,98,67,Bojonegoro,-7.1507,111.8815
2020-03-04,30.8,25.1,26.8,18.5,18.5,2.85,10.8,13.82,96,72,Bojonegoro,-7.1507,111.8815
2020-03-05,28.6,24.8,26.3,3.1,3.1,2.12,14.5,9.27,96,75,Bojonegoro,-7.1507,111.8815
2020-03-06,31.0,23.9,26.3,6.1,6.1,3.79,12.8,18.45,96,69,Bojonegoro,-7.1507,111.8815
2020-03-07,29.5,24.0,26.2,8.7,8.7,2.95,12.2,14.55,97,75,Bojonegoro,-7.1507,111.8815
2020-03-08,30.5,24.5,26.7,2.9,2.9,3.21,15.2,15.11,96,71,Bojonegoro,-7.1507,111.8815
2020-03-09,31.1,23.9,26.8,4.6,4.6,3.89,13.6,18.94,95,67,Bojonegoro,-7.1507,111.8815
2020-03-10,30.7,24.6,27.2,7.0,7.0,3.35,11.2,15.84,94,68,Bojonegoro,-7.1507,111.8815
2020-03-11,31.1,24.6,27.4,6.6,6.6,4.17,13.3,20.12,99,67,Bojonegoro,-7.1507,111.8815
2020-03-12,31.3,24.2,27.2,3.6,3.6,4.32,12.5,20.88,98,66,Bojonegoro,-7.1507,111.8815
2020-03-13,30.9,23.9,27.2,3.8,3.8,4.03,10.0,19.48,100,68,Bojonegoro,-7.1507,111.8815
2020-03-14,30.9,24.0,27.3,1.8,1.8,3.59,10.7,17.15,99,68,Bojonegoro,-7.1507,111.8815
2020-03-15,31.3,24.7,27.0,12.1,12.1,3.76,10.6,18.18,98,72,Bojonegoro,-7.1507,111.8815
2020-03-16,32.0,23.5,26.7,16.4,16.4,4.12,10.7,19.97,98,63,Bojonegoro,-7.1507,111.8815
2020-03-17,31.2,23.4,26.6,18.9,18.9,4.32,14.1,21.55,97,70,Bojonegoro,-7.1507,111.8815
2020-03-18,30.5,24.0,26.6,12.1,12.1,3.64,17.2,18.27,98,72,Bojonegoro,-7.1507,111.8815
2020-03-19,29.5,24.0,26.2,12.9,12.9,2.77,12.0,13.63,99,78,Bojonegoro,-7.1507,111.8815
2020-03-20,31.0,24.0,26.5,11.6,11.6,3.71,11.5,18.17,99,67,Bojonegoro,-7.1507,111.8815
2020-03-21,30.5,23.9,26.9,2.4,2.4,3.98,10.2,19.5,99,71,Bojonegoro,-7.1507,111.8815
2020-03-22,30.9,24.5,27.4,3.1,3.1,3.94,9.3,19.14,98,67,Bojonegoro,-7.1507,111.8815
2020-03-23,30.6,23.8,26.2,26.1,26.1,3.33,10.9,16.28,97,70,Bojonegoro,-7.1507,111.8815
2020-03-24,30.5,23.5,26.3,14.6,14.6,3.66,12.4,18.16,100,75,Bojonegoro,-7.1507,111.8815
2020-03-25,31.9,23.5,26.7,10.7,10.7,4.38,8.9,21.44,99,66,Bojonegoro,-7.1507,111.8815
2020-03-26,31.6,24.2,27.6,5.5,5.5,4.63,12.4,22.74,97,70,Bojonegoro,-7.1507,111.8815
2020-03-27,31.8,24.5,27.7,1.7,1.7,4.29,7.2,20.64,99,62,Bojonegoro,-7.1507,111.8815
2020-03-28,30.6,25.2,27.4,7.9,7.9,3.3,10.3,15.9,96,72,Bojonegoro,-7.1507,111.8815
2020-03-29,30.0,24.5,26.9,5.6,5.6,2.82,10.5,13.62,100,73,Bojonegoro,-7.1507,111.8815
2020-03-30,31.8,24.4,26.8,17.3,17.3,3.78,9.4,18.41,99,66,Bojonegoro,-7.1507,111.8815
2020-03-31,29.9,24.4,26.5,35.9,35.9,3.08,14.8,15.27,97,76,Bojonegoro,-7.1507,111.8815
2020-04-01,29.8,24.1,26.6,2.9,2.9,2.77,11.3,13.42,99,73,Bojonegoro,-7.1507,111.8815
2020-04-02,30.6,24.1,27.0,11.0,11.0,3.56,8.7,17.57,100,73,Bojonegoro,-7.1507,111.8815
2020-04-03,30.5,24.1,26.5,19.4,19.4,3.11,11.8,15.15,97,73,Bojonegoro,-7.1507,111.8815
2020-04-04,30.1,23.6,26.3,16.0,16.0,2.8,8.0,13.47,97,75,Bojonegoro,-7.1507,111.8815
2020-04-05,29.1,24.5,26.6,11.5,11.5,2.27,7.2,10.69,98,75,Bojonegoro,-7.1507,111.8815
2020-04-06,28.2,24.9,26.1,11.8,11.8,2.16,9.5,10.56,98,81,Bojonegoro,-7.1507,111.8815
2020-04-07,30.6,23.9,26.3,44.3,44.3,3.33,10.5,16.22,98,72,Bojonegoro,-7.1507,111.8815
2020-04-08,31.2,24.2,26.5,5.5,5.5,3.33,11.1,16.1,98,64,Bojonegoro,-7.1507,111.8815
2020-04-09,31.9,23.7,27.1,6.7,6.7,4.66,9.7,22.51,99,59,Bojonegoro,-7.1507,111.8815
2020-04-10,31.4,23.3,27.0,3.9,3.9,4.32,9.4,21.11,98,66,Bojonegoro,-7.1507,111.8815
2020-04-11,31.1,24.1,26.8,6.7,6.7,3.91,10.1,19.32,97,69,Bojonegoro,-7.1507,111.8815
2020-04-12,30.8,24.1,26.8,3.9,3.9,3.97,7.6,19.43,98,68,Bojonegoro,-7.1507,111.8815
2020-04-13,30.0,24.4,26.8,9.1,9.1,3.9,10.5,19.48,98,71,Bojonegoro,-7.1507,111.8815
2020-04-14,30.9,23.9,26.8,13.3,13.3,3.48,14.3,17.24,98,68,Bojonegoro,-7.1507,111.8815
2020-04-15,30.9,24.2,27.0,12.2,12.2,3.43,14.3,16.91,100,71,Bojonegoro,-7.1507,111.8815
2020-04-16,31.2,24.4,27.3,2.9,2.9,3.87,9.7,18.99,98,70,Bojonegoro,-7.1507,111.8815
2020-04-17,29.9,24.6,26.5,12.2,12.2,2.95,12.2,14.54,98,75,Bojonegoro,-7.1507,111.8815
2020-04-18,30.6,24.0,26.6,17.9,17.9,3.23,10.0,15.91,100,72,Bojonegoro,-7.1507,111.8815
2020-04-19,29.5,23.9,26.6,10.4,10.4,2.77,7.1,13.27,97,79,Bojonegoro,-7.1507,111.8815
2020-04-20,31.1,24.8,27.3,3.1,3.1,3.46,7.8,16.81,99,71,Bojonegoro,-7.1507,111.8815
2020-04-21,30.8,24.7,27.3,3.5,3.5,3.57,10.4,17.2,97,67,Bojonegoro,-7.1507,111.8815
2020-04-22,31.2,24.8,27.8,1.1,1.1,4.09,14.0,19.31,99,68,Bojonegoro,-7.1507,111.8815
2020-04-23,31.7,25.2,27.8,3.5,3.5,3.9,13.4,18.88,95,73,Bojonegoro,-7.1507,111.8815
2020-04-24,31.5,24.1,27.6,0.5,0.5,4.3,12.7,20.58,98,60,Bojonegoro,-7.1507,111.8815
2020-04-25,30.6,25.0,27.3,1.7,1.7,2.85,9.5,13.27,96,68,Bojonegoro,-7.1507,111.8815
2020-04-26,28.0,24.6,26.3,5.6,5.6,1.72,9.7,8.22,97,85,Bojonegoro,-7.1507,111.8815
2020-04-27,31.0,24.5,27.4,3.0,3.0,4.06,10.1,19.46,100,62,Bojonegoro,-7.1507,111.8815
2020-04-28,30.5,24.2,26.9,0.7,0.7,3.4,9.1,16.15,97,63,Bojonegoro,-7.1507,111.8815
2020-04-29,30.5,23.6,26.6,8.2,8.2,3.58,12.3,17.65,97,69,Bojonegoro,-7.1507,111.8815
2020-04-30,30.8,24.6,27.2,4.1,4.1,4.11,9.1,19.89,97,65,Bojonegoro,-7.1507,111.8815
2020-05-01,31.1,24.2,27.2,6.9,6.9,3.87,11.0,18.96,99,65,Bojonegoro,-7.1507,111.8815
2020-05-02,31.2,24.8,27.2,2.1,2.1,3.79,9.4,18.35,96,61,Bojonegoro,-7.1507,111.8815
2020-05-03,29.8,23.9,26.8,0.5,0.5,2.98,11.5,14.4,99,74,Bojonegoro,-7.1507,111.8815
2020-05-04,31.6,24.5,27.5,3.0,3.0,4.14,15.5,19.77,99,61,Bojonegoro,-7.1507,111.8815
2020-05-05,31.7,24.6,27.7,1.5,1.5,3.97,13.3,19.3,99,66,Bojonegoro,-7.1507,111.8815
2020-05-06,31.6,24.2,27.9,0.4,0.4,4.01,9.7,19.31,97,68,Bojonegoro,-7.1507,111.8815
2020-05-07,32.6,24.8,28.3,0.0,0.0,4.73,14.4,22.02,94,56,Bojonegoro,-7.1507,111.8815
2020-05-08,32.3,24.6,27.9,4.0,4.0,3.91,12.6,18.69,96,68,Bojonegoro,-7.1507,111.8815
2020-05-09,30.9,25.0,27.0,13.4,13.4,3.03,16.4,14.63,97,74,Bojonegoro,-7.1507,111.8815
2020-05-10,31.6,24.9,27.7,1.8,1.8,4.07,14.3,18.82,97,61,Bojonegoro,-7.1507,111.8815
2020-05-11,30.5,24.4,27.2,5.5,5.5,3.34,15.9,16.51,97,75,Bojonegoro,-7.1507,111.8815
2020-05-12,31.2,24.6,27.6,1.8,1.8,4.09,10.1,19.42,94,61,Bojonegoro,-7.1507,111.8815
2020-05-13,31.5,24.5,27.5,0.0,0.0,4.29,10.8,20.07,93,57,Bojonegoro,-7.1507,111.8815
2020-05-14,31.2,23.9,27.4,0.6,0.6,4.28,10.8,20.01,93,60,Bojonegoro,-7.1507,111.8815
2020-05-15,32.1,23.6,27.5,0.1,0.1,4.35,13.0,20.12,93,56,Bojonegoro,-7.1507,111.8815
2020-05-16,32.0,24.5,28.1,0.4,0.4,4.43,10.8,20.52,90,61,Bojonegoro,-7.1507,111.8815
2020-05-17,32.1,24.5,27.8,4.1,4.1,4.13,9.7,19.59,92,63,Bojonegoro,-7.1507,111.8815
2020-05-18,31.4,24.4,27.3,8.2,8.2,3.13,9.2,14.58,96,64,Bojonegoro,-7.1507,111.8815
2020-05-19,31.3,24.2,27.1,7.0,7.0,3.55,9.4,16.9,97,66,Bojonegoro,-7.1507,111.8815
2020-05-20,31.6,24.2,26.9,13.0,13.0,3.48,11.2,16.96,98,66,Bojonegoro,-7.1507,111.8815
2020-05-21,31.1,24.6,27.3,3.1,3.1,2.95,9.0,13.72,99,66,Bojonegoro,-7.1507,111.8815
2020-05-22,31.1,24.4,27.5,0.5,0.5,3.87,8.7,18.51,95,64,Bojonegoro,-7.1507,111.8815
2020-05-23,32.2,24.7,28.0,0.0,0.0,4.24,9.2,19.74,99,59,Bojonegoro,-7.1507,111.8815
2020-05-24,32.2,24.2,28.2,0.0,0.0,4.26,11.6,20.05,96,61,Bojonegoro,-7.1507,111.8815
2020-05-25,32.3,24.2,28.2,2.2,2.2,3.96,6.2,18.93,99,58,Bojonegoro,-7.1507,111.8815
2020-05-26,31.1,25.0,26.9,15.4,15.4,3.03,10.4,14.62,97,72,Bojonegoro,-7.1507,111.8815
2020-05-27,29.8,24.4,26.4,6.9,6.9,2.89,12.4,14.2,98,73,Bojonegoro,-7.1507,111.8815
2020-05-28,29.5,23.8,26.1,10.4,10.4,2.43,11.5,11.61,97,74,Bojonegoro,-7.1507,111.8815
2020-05-29,31.2,24.0,26.9,1.0,1.0,3.42,6.9,16.2,99,62,Bojonegoro,-7.1507,111.8815
2020-05-30,31.1,23.8,27.1,5.3,5.3,3.62,9.8,17.43,97,66,Bojonegoro,-7.1507,111.8815
2020-05-31,29.8,24.9,26.7,8.6,8.6,3.0,17.9,15.3,96,78,Bojonegoro,-7.1507,111.8815
2020-06-01,30.0,24.3,26.7,1.7,1.7,2.27,7.6,10.89,94,69,Bojonegoro,-7.1507,111.8815
2020-06-02,29.3,24.6,26.8,2.3,2.3,2.54,7.1,12.02,97,73,Bojonegoro,-7.1507,111.8815
2020-06-03,30.6,24.0,27.1,0.4,0.4,3.88,19.1,17.59,97,65,Bojonegoro,-7.1507,111.8815
2020-06-04,30.6,22.0,26.3,0.0,0.0,4.16,13.3,19.71,98,59,Bojonegoro,-7.1507,111.8815
2020-06-05,30.8,23.0,26.7,0.0,0.0,3.97,10.2,18.85,93,60,Bojonegoro,-7.1507,111.8815
2020-06-06,30.5,22.2,26.4,1.5,1.5,3.66,14.2,17.34,98,64,Bojonegoro,-7.1507,111.8815
2020-06-07,30.0,23.4,26.5,2.1,2.1,3.24,8.2,15.72,97,67,Bojonegoro,-7.1507,111.8815
2020-06-08,30.4,23.3,26.7,0.6,0.6,3.69,10.4,17.49,93,63,Bojonegoro,-7.1507,111.8815
2020-06-09,30.9,22.7,26.8,0.2,0.2,4.08,10.6,19.01,98,60,Bojonegoro,-7.1507,111.8815
2020-06-10,31.6,22.9,26.9,0.0,0.0,4.41,13.9,20.15,89,53,Bojonegoro,-7.1507,111.8815
2020-06-11,31.1,22.0,26.4,0.0,0.0,4.14,9.6,19.81,96,55,Bojonegoro,-7.1507,111.8815
2020-06-12,31.6,22.2,26.8,0.0,0.0,4.56,12.0,21.09,95,52,Bojonegoro,-7.1507,111.8815
2020-06-13,31.6,23.1,27.3,0.0,0.0,4.14,11.7,19.3,92,55,Bojonegoro,-7.1507,111.8815
2020-06-14,30.6,24.9,27.0,2.3,2.3,2.92,13.8,13.69,91,68,Bojonegoro,-7.1507,111.8815
2020-06-15,31.2,24.4,27.1,4.8,4.8,3.24,14.4,15.63,97,69,Bojonegoro,-7.1507,111.8815
2020-06-16,31.5,23.9,27.3,0.2,0.2,3.94,14.6,17.59,98,57,Bojonegoro,-7.1507,111.8815
2020-06-17,32.3,23.1,27.5,0.0,0.0,4.35,14.0,19.08,96,49,Bojonegoro,-7.1507,111.8815
2020-06-18,32.1,24.3,27.6,0.4,0.4,4.1,15.5,18.63,90,56,Bojonegoro,-7.1507,111.8815
2020-06-19,32.3,24.0,27.5,0.6,0.6,4.39,15.5,18.73,92,51,Bojonegoro,-7.1507,111.8815
2020-06-20,32.8,23.9,27.8,0.0,0.0,4.65,12.1,20.06,87,48,Bojonegoro,-7.1507,111.8815
2020-06-21,31.2,23.4,27.2,0.0,0.0,2.68,10.3,11.42,93,57,Bojonegoro,-7.1507,111.8815
2020-06-22,32.5,24.5,27.9,0.0,0.0,4.28,17.7,17.78,87,47,Bojonegoro,-7.1507,111.8815
2020-06-23,33.2,23.4,27.8,0.0,0.0,4.79,12.8,20.39,90,41,Bojonegoro,-7.1507,111.8815
2020-06-24,32.5,23.4,27.5,0.2,0.2,4.38,16.1,18.45,89,48,Bojonegoro,-7.1507,111.8815
2020-06-25,33.0,24.0,27.8,0.0,0.0,5.19,22.6,20.53,85,42,Bojonegoro,-7.1507,111.8815
2020-06-26,32.5,22.4,27.3,0.0,0.0,4.45,14.7,19.38,86,45,Bojonegoro,-7.1507,111.8815
2020-06-27,33.0,22.3,27.3,0.0,0.0,4.45,12.7,19.97,94,38,Bojonegoro,-7.1507,111.8815
2020-06-28,33.9,22.5,27.8,0.0,0.0,4.57,11.1,19.89,93,39,Bojonegoro,-7.1507,111.8815
2020-06-29,32.8,23.4,27.7,0.0,0.0,4.52,17.6,18.14,92,46,Bojonegoro,-7.1507,111.8815
2020-06-30,33.5,23.1,27.8,0.0,0.0,4.88,18.6,19.83,91,41,Bojonegoro,-7.1507,111.8815
2020-07-01,34.2,23.4,28.0,0.4,0.4,4.64,17.2,17.72,87,41,Bojonegoro,-7.1507,111.8815
2020-07-02,33.2,23.8,28.0,1.5,1.5,4.13,14.6,17.4,86,46,Bojonegoro,-7.1507,111.8815
2020-07-03,33.8,23.1,28.0,0.0,0.0,5.06,14.6,19.64,97,39,Bojonegoro,-7.1507,111.8815
2020-07-04,33.3,22.1,27.5,0.0,0.0,5.12,19.4,20.36,91,37,Bojonegoro,-7.1507,111.8815
2020-07-05,32.8,22.4,27.5,0.8,0.8,4.63,19.4,18.26,93,44,Bojonegoro,-7.1507,111.8815
2020-07-06,32.7,24.1,26.9,20.1,20.1,3.18,13.3,13.5,95,50,Bojonegoro,-7.1507,111.8815
2020-07-07,31.4,22.5,26.4,0.7,0.7,3.07,12.7,12.25,95,52,Bojonegoro,-7.1507,111.8815
2020-07-08,32.3,22.4,27.2,0.0,0.0,4.57,15.8,19.25,94,48,Bojonegoro,-7.1507,111.8815
2020-07-09,33.5,22.5,27.4,0.1,0.1,4.79,17.8,19.88,93,46,Bojonegoro,-7.1507,111.8815
2020-07-10,32.5,23.1,27.5,0.0,0.0,4.66,17.7,18.54,87,47,Bojonegoro,-7.1507,111.8815
2020-07-11,33.9,23.1,27.9,0.1,0.1,4.71,12.6,19.9,86,41,Bojonegoro,-7.1507,111.8815
2020-07-12,33.0,22.9,27.6,0.7,0.7,4.17,12.9,17.8,93,45,Bojonegoro,-7.1507,111.8815
2020-07-13,34.2,23.5,28.2,0.0,0.0,4.88,17.1,19.42,89,42,Bojonegoro,-7.1507,111.8815
2020-07-14,33.2,23.5,28.1,0.5,0.5,4.63,20.3,18.21,91,45,Bojonegoro,-7.1507,111.8815
2020-07-15,30.3,23.5,26.3,7.4,7.4,3.13,14.8,14.79,97,63,Bojonegoro,-7.1507,111.8815
2020-07-16,32.8,23.4,27.5,0.2,0.2,4.43,14.2,18.8,97,49,Bojonegoro,-7.1507,111.8815
2020-07-17,33.7,23.2,27.7,0.2,0.2,4.75,14.4,19.76,98,46,Bojonegoro,-7.1507,111.8815
2020-07-18,34.4,22.1,27.9,0.0,0.0,5.0,17.6,20.33,94,38,Bojonegoro,-7.1507,111.8815
2020-07-19,35.4,23.4,28.0,0.7,0.7,4.85,18.2,19.63,88,39,Bojonegoro,-7.1507,111.8815
2020-07-20,33.8,24.1,28.1,4.2,4.2,4.39,14.8,18.77,90,48,Bojonegoro,-7.1507,111.8815
2020-07-21,32.5,24.0,27.6,2.5,2.5,3.97,15.6,16.93,92,52,Bojonegoro,-7.1507,111.8815
2020-07-22,34.0,22.5,28.0,0.5,0.5,5.15,20.0,20.22,96,41,Bojonegoro,-7.1507,111.8815
2020-07-23,33.8,23.1,28.0,0.0,0.0,5.0,17.3,18.59,87,43,Bojonegoro,-7.1507,111.8815
2020-07-24,34.7,22.8,27.7,0.0,0.0,5.22,20.0,19.39,87,34,Bojonegoro,-7.1507,111.8815
2020-07-25,32.6,21.0,26.8,0.0,0.0,5.49,19.2,19.74,89,37,Bojonegoro,-7.1507,111.8815
2020-07-26,34.0,21.0,27.1,0.0,0.0,5.64,16.9,22.24,84,30,Bojonegoro,-7.1507,111.8815
2020-07-27,33.9,20.9,27.1,0.0,0.0,5.5,17.4,22.03,89,33,Bojonegoro,-7.1507,111.8815
2020-07-28,34.1,22.9,27.3,0.0,0.0,5.71,26.0,21.39,82,36,Bojonegoro,-7.1507,111.8815
2020-07-29,32.8,22.0,26.8,0.0,0.0,5.94,19.4,22.32,83,34,Bojonegoro,-7.1507,111.8815
2020-07-30,33.2,20.0,26.6,0.0,0.0,5.27,14.2,22.58,86,29,Bojonegoro,-7.1507,111.8815
2020-07-31,33.0,20.7,26.5,0.0,0.0,4.61,19.0,17.99,88,39,Bojonegoro,-7.1507,111.8815
2020-08-01,32.7,22.0,27.5,0.0,0.0,4.77,18.1,17.06,87,40,Bojonegoro,-7.1507,111.8815
2020-08-02,33.7,23.1,27.6,0.0,0.0,5.34,19.0,19.54,77,37,Bojonegoro,-7.1507,111.8815
2020-08-03,34.2,22.1,27.5,0.1,0.1,5.13,16.8,20.8,83,37,Bojonegoro,-7.1507,111.8815
2020-08-04,33.0,24.0,27.8,0.0,0.0,4.12,14.5,14.7,82,43,Bojonegoro,-7.1507,111.8815
2020-08-05,34.4,24.4,28.6,0.4,0.4,5.15,16.3,20.48,81,43,Bojonegoro,-7.1507,111.8815
2020-08-06,35.0,24.0,28.6,0.0,0.0,5.6,14.5,21.54,75,36,Bojonegoro,-7.1507,111.8815
2020-08-07,35.0,24.5,28.5,0.0,0.0,4.73,14.1,17.83,74,35,Bojonegoro,-7.1507,111.8815
2020-08-08,34.7,23.8,28.4,0.5,0.5,4.47,20.9,17.98,77,38,Bojonegoro,-7.1507,111.8815
2020-08-09,35.2,24.2,28.6,0.1,0.1,5.02,23.0,20.5,82,36,Bojonegoro,-7.1507,111.8815
2020-08-10,35.1,23.5,28.8,0.1,0.1,5.37,16.8,20.59,96,40,Bojonegoro,-7.1507,111.8815
2020-08-11,33.9,24.4,27.8,11.8,11.8,4.41,18.1,18.71,94,50,Bojonegoro,-7.1507,111.8815
2020-08-12,32.5,24.0,27.4,4.1,4.1,3.94,14.4,16.77,96,52,Bojonegoro,-7.1507,111.8815
2020-08-13,33.2,24.1,27.7,1.9,1.9,4.45,15.9,19.55,89,47,Bojonegoro,-7.1507,111.8815
2020-08-14,33.0,24.1,27.5,1.8,1.8,4.19,11.1,18.7,91,51,Bojonegoro,-7.1507,111.8815
2020-08-15,33.8,22.9,27.9,0.4,0.4,4.66,14.4,20.59,96,46,Bojonegoro,-7.1507,111.8815
2020-08-16,34.3,23.9,28.3,0.7,0.7,4.92,15.3,20.54,95,39,Bojonegoro,-7.1507,111.8815
2020-08-17,35.5,23.4,28.6,0.0,0.0,5.82,22.5,22.1,87,32,Bojonegoro,-7.1507,111.8815
2020-08-18,35.0,22.7,28.3,0.0,0.0,5.6,21.5,21.45,89,36,Bojonegoro,-7.1507,111.8815
2020-08-19,34.9,23.4,28.3,0.0,0.0,5.3,19.4,19.52,84,32,Bojonegoro,-7.1507,111.8815
2020-08-20,33.4,23.1,28.0,0.6,0.6,5.26,19.2,19.98,86,40,Bojonegoro,-7.1507,111.8815
2020-08-21,34.8,21.8,28.3,0.0,0.0,6.28,20.8,22.77,96,35,Bojonegoro,-7.1507,111.8815
2020-08-22,36.0,22.5,28.9,0.0,0.0,7.01,23.2,23.9,80,23,Bojonegoro,-7.1507,111.8815
2020-08-23,36.5,23.6,29.0,0.3,0.3,5.78,18.6,23.19,90,35,Bojonegoro,-7.1507,111.8815
2020-08-24,35.5,23.1,28.6,0.0,0.0,6.64,27.0,24.56,89,22,Bojonegoro,-7.1507,111.8815
2020-08-25,36.2,21.9,28.8,0.0,0.0,7.08,24.4,24.54,92,16,Bojonegoro,-7.1507,111.8815
2020-08-26,35.3,23.1,28.5,0.0,0.0,6.45,25.3,23.03,83,31,Bojonegoro,-7.1507,111.8815
2020-08-27,35.5,21.5,28.2,0.1,0.1,6.51,23.2,24.79,88,22,Bojonegoro,-7.1507,111.8815
2020-08-28,35.2,22.5,28.3,0.9,0.9,5.72,20.4,21.52,89,33,Bojonegoro,-7.1507,111.8815
2020-08-29,35.3,23.8,29.2,0.2,0.2,5.82,18.8,21.51,84,38,Bojonegoro,-7.1507,111.8815
2020-08-30,36.1,23.7,29.0,0.0,0.0,6.76,23.4,24.35,81,25,Bojonegoro,-7.1507,111.8815
2020-08-31,35.9,23.0,28.8,0.0,0.0,6.82,22.7,24.63,75,29,Bojonegoro,-7.1507,111.8815
2020-09-01,36.2,23.3,28.7,1.0,1.0,5.8,22.9,21.89,86,34,Bojonegoro,-7.1507,111.8815
2020-09-02,34.6,24.3,28.4,2.7,2.7,5.22,15.7,20.74,83,41,Bojonegoro,-7.1507,111.8815
2020-09-03,35.4,24.5,28.4,3.0,3.0,4.83,15.5,20.16,85,43,Bojonegoro,-7.1507,111.8815
2020-09-04,35.3,23.6,29.0,0.4,0.4,5.47,14.3,22.13,93,39,Bojonegoro,-7.1507,111.8815
2020-09-05,34.3,25.1,28.8,0.2,0.2,5.93,19.8,22.89,78,41,Bojonegoro,-7.1507,111.8815
2020-09-06,35.2,23.9,28.9,0.1,0.1,5.57,11.9,22.47,81,37,Bojonegoro,-7.1507,111.8815
2020-09-07,36.5,23.5,29.2,0.0,0.0,6.14,20.0,23.07,90,28,Bojonegoro,-7.1507,111.8815
2020-09-08,36.9,22.5,29.1,0.0,0.0,6.48,24.5,24.09,93,28,Bojonegoro,-7.1507,111.8815
2020-09-09,36.8,24.1,29.7,0.0,0.0,6.22,24.9,22.74,85,30,Bojonegoro,-7.1507,111.8815
2020-09-10,36.0,24.4,29.0,0.3,0.3,5.65,19.9,21.08,85,36,Bojonegoro,-7.1507,111.8815
2020-09-11,35.2,22.9,28.8,0.3,0.3,6.18,22.2,22.2,84,32,Bojonegoro,-7.1507,111.8815
2020-09-12,35.9,23.9,29.3,1.3,1.3,6.27,17.9,23.31,78,33,Bojonegoro,-7.1507,111.8815
2020-09-13,35.9,24.5,29.5,0.0,0.0,6.52,22.9,23.58,77,33,Bojonegoro,-7.1507,111.8815
2020-09-14,36.5,25.1,29.5,0.0,0.0,5.77,15.4,21.21,71,25,Bojonegoro,-7.1507,111.8815
2020-09-15,36.0,24.0,29.1,0.1,0.1,6.57,23.1,24.35,74,26,Bojonegoro,-7.1507,111.8815
2020-09-16,35.8,24.4,29.0,0.8,0.8,6.18,14.6,23.78,72,25,Bojonegoro,-7.1507,111.8815
2020-09-17,36.2,23.5,29.2,0.0,0.0,5.89,19.0,22.22,79,30,Bojonegoro,-7.1507,111.8815
2020-09-18,36.4,23.8,29.6,0.0,0.0,6.84,21.3,24.9,86,28,Bojonegoro,-7.1507,111.8815
2020-09-19,36.8,24.5,30.1,0.0,0.0,7.02,21.6,24.3,85,30,Bojonegoro,-7.1507,111.8815
2020-09-20,36.3,25.4,30.1,0.0,0.0,6.53,19.4,23.93,81,31,Bojonegoro,-7.1507,111.8815
2020-09-21,36.4,24.9,29.6,5.1,5.1,5.91,16.2,23.26,82,34,Bojonegoro,-7.1507,111.8815
2020-09-22,35.2,24.8,28.5,5.1,5.1,4.97,19.2,20.02,90,43,Bojonegoro,-7.1507,111.8815
2020-09-23,36.5,24.0,29.8,0.7,0.7,5.75,15.7,23.02,91,37,Bojonegoro,-7.1507,111.8815
2020-09-24,37.3,23.9,30.1,0.0,0.0,6.68,18.7,23.85,90,28,Bojonegoro,-7.1507,111.8815
2020-09-25,35.8,24.6,29.9,0.4,0.4,6.17,19.5,22.61,83,34,Bojonegoro,-7.1507,111.8815
2020-09-26,37.2,24.4,29.5,1.1,1.1,5.78,20.0,22.68,85,32,Bojonegoro,-7.1507,111.8815
2020-09-27,35.8,24.4,29.6,0.8,0.8,5.67,14.1,21.94,83,36,Bojonegoro,-7.1507,111.8815
2020-09-28,36.5,25.4,30.0,0.2,0.2,6.24,18.5,22.07,76,34,Bojonegoro,-7.1507,111.8815
2020-09-29,36.1,24.4,29.2,0.0,0.0,6.3,23.0,22.86,80,31,Bojonegoro,-7.1507,111.8815
2020-09-30,36.2,24.8,29.4,1.8,1.8,6.04,18.9,23.28,80,34,Bojonegoro,-7.1507,111.8815
2020-10-01,38.0,24.8,30.2,1.0,1.0,6.48,19.7,25.04,85,28,Bojonegoro,-7.1507,111.8815
2020-10-02,38.2,25.1,30.4,0.7,0.7,6.49,20.0,24.5,84,28,Bojonegoro,-7.1507,111.8815
2020-10-03,36.7,24.7,29.8,1.6,1.6,6.6,18.5,24.23,92,28,Bojonegoro,-7.1507,111.8815
2020-10-04,34.2,24.1,28.8,0.7,0.7,6.04,21.5,21.54,87,40,Bojonegoro,-7.1507,111.8815
2020-10-05,35.0,25.5,28.4,2.9,2.9,4.88,15.6,17.92,85,39,Bojonegoro,-7.1507,111.8815
2020-10-06,35.8,25.4,29.2,1.4,1.4,6.08,17.1,22.28,74,37,Bojonegoro,-7.1507,111.8815
2020-10-07,35.7,25.4,29.6,0.3,0.3,6.24,21.6,21.29,72,37,Bojonegoro,-7.1507,111.8815
2020-10-08,34.2,25.2,28.7,2.3,2.3,5.51,18.2,20.38,74,43,Bojonegoro,-7.1507,111.8815
2020-10-09,35.5,24.4,29.2,0.8,0.8,5.48,13.7,21.69,85,37,Bojonegoro,-7.1507,111.8815
2020-10-10,33.9,24.5,27.3,7.3,7.3,3.43,15.3,14.82,92,47,Bojonegoro,-7.1507,111.8815
2020-10-11,34.9,24.2,29.0,1.4,1.4,5.93,22.0,23.31,95,40,Bojonegoro,-7.1507,111.8815
2020-10-12,34.9,24.8,29.0,2.1,2.1,5.39,18.4,21.25,87,41,Bojonegoro,-7.1507,111.8815
2020-10-13,36.0,24.4,29.5,0.0,0.0,7.08,26.3,25.55,83,30,Bojonegoro,-7.1507,111.8815
2020-10-14,36.8,24.4,29.2,0.9,0.9,5.51,15.1,21.36,89,36,Bojonegoro,-7.1507,111.8815
2020-10-15,36.7,24.4,29.5,1.0,1.0,5.42,15.3,21.19,85,29,Bojonegoro,-7.1507,111.8815
2020-10-16,34.3,26.0,29.1,0.1,0.1,4.46,18.6,15.52,79,40,Bojonegoro,-7.1507,111.8815
2020-10-17,36.2,24.0,29.5,0.5,0.5,5.63,12.8,21.36,86,34,Bojonegoro,-7.1507,111.8815
2020-10-18,28.1,24.6,26.6,3.3,3.3,1.99,15.4,6.92,82,65,Bojonegoro,-7.1507,111.8815
2020-10-19,32.0,24.8,26.7,6.7,6.7,2.59,17.9,10.35,93,51,Bojonegoro,-7.1507,111.8815
2020-10-20,32.3,24.2,27.2,16.5,16.5,4.05,16.7,18.64,96,58,Bojonegoro,-7.1507,111.8815
2020-10-21,31.8,24.0,26.8,25.7,25.7,3.71,11.7,17.41,96,60,Bojonegoro,-7.1507,111.8815
2020-10-22,32.1,24.0,26.9,9.1,9.1,3.83,13.0,17.98,96,59,Bojonegoro,-7.1507,111.8815
2020-10-23,31.5,23.9,26.9,27.8,27.8,4.07,8.2,19.64,99,62,Bojonegoro,-7.1507,111.8815
2020-10-24,31.8,23.5,27.3,7.4,7.4,4.49,9.8,21.59,97,61,Bojonegoro,-7.1507,111.8815
2020-10-25,31.5,24.8,27.4,4.6,4.6,4.13,11.8,19.79,94,63,Bojonegoro,-7.1507,111.8815
2020-10-26,32.4,24.3,27.3,9.6,9.6,4.15,13.4,19.75,96,59,Bojonegoro,-7.1507,111.8815
2020-10-27,30.2,23.5,25.9,28.8,28.8,2.94,9.1,14.07,98,66,Bojonegoro,-7.1507,111.8815
2020-10-28,32.2,22.8,27.0,4.1,4.1,4.75,12.3,22.48,97,59,Bojonegoro,-7.1507,111.8815
2020-10-29,32.7,24.5,28.0,0.1,0.1,4.82,14.3,21.94,95,53,Bojonegoro,-7.1507,111.8815
2020-10-30,31.5,24.8,27.1,9.5,9.5,3.6,19.2,17.36,97,65,Bojonegoro,-7.1507,111.8815
2020-10-31,31.5,23.6,26.2,24.3,24.3,2.82,11.9,13.13,100,60,Bojonegoro,-7.1507,111.8815
2020-11-01,28.9,23.7,26.0,13.5,13.5,2.93,11.7,14.08,96,72,Bojonegoro,-7.1507,111.8815
2020-11-02,28.6,24.1,25.8,17.2,17.2,2.25,11.3,10.62,97,76,Bojonegoro,-7.1507,111.8815
2020-11-03,31.0,23.6,26.5,16.5,16.5,3.72,12.8,18.03,97,66,Bojonegoro,-7.1507,111.8815
2020-11-04,32.5,24.0,27.4,1.0,1.0,4.5,13.4,21.01,100,58,Bojonegoro,-7.1507,111.8815
2020-11-05,31.6,23.9,27.1,5.6,5.6,3.87,11.0,18.54,98,63,Bojonegoro,-7.1507,111.8815
2020-11-06,33.0,23.1,27.8,0.0,0.0,5.14,14.8,23.44,98,49,Bojonegoro,-7.1507,111.8815
2020-11-07,33.0,24.1,28.5,1.1,1.1,5.35,10.5,24.89,94,49,Bojonegoro,-7.1507,111.8815
2020-11-08,32.7,24.0,28.1,0.2,0.2,4.84,7.6,22.37,94,50,Bojonegoro,-7.1507,111.8815
2020-11-09,33.2,24.7,28.5,0.0,0.0,5.5,15.3,24.37,95,49,Bojonegoro,-7.1507,111.8815
2020-11-10,33.3,24.4,28.2,2.1,2.1,5.13,11.9,23.17,94,54,Bojonegoro,-7.1507,111.8815
2020-11-11,33.8,25.2,28.0,7.5,7.5,4.62,16.5,21.07,93,52,Bojonegoro,-7.1507,111.8815
2020-11-12,33.0,24.9,28.5,2.0,2.0,4.85,16.2,21.76,95,54,Bojonegoro,-7.1507,111.8815
2020-11-13,33.2,25.0,28.5,3.0,3.0,4.74,11.6,21.35,97,55,Bojonegoro,-7.1507,111.8815
2020-11-14,34.2,25.0,28.9,0.5,0.5,4.95,9.4,22.43,95,47,Bojonegoro,-7.1507,111.8815
2020-11-15,32.8,24.5,27.9,3.1,3.1,4.17,18.5,18.62,96,54,Bojonegoro,-7.1507,111.8815
2020-11-16,34.0,24.3,28.5,0.8,0.8,4.74,12.9,20.77,97,51,Bojonegoro,-7.1507,111.8815
2020-11-17,33.8,25.4,28.8,1.0,1.0,5.18,13.8,21.82,86,51,Bojonegoro,-7.1507,111.8815
2020-11-18,34.7,24.6,29.2,1.7,1.7,5.5,14.2,23.5,90,42,Bojonegoro,-7.1507,111.8815
2020-11-19,33.7,24.8,28.2,5.9,5.9,4.33,16.2,19.58,93,50,Bojonegoro,-7.1507,111.8815
2020-11-20,31.5,24.3,26.9,16.5,16.5,3.36,9.4,16.01,98,65,Bojonegoro,-7.1507,111.8815
2020-11-21,32.8,24.0,27.6,6.9,6.9,4.25,11.6,20.02,97,60,Bojonegoro,-7.1507,111.8815
2020-11-22,31.6,24.1,26.5,14.5,14.5,3.52,9.3,17.09,96,63,Bojonegoro,-7.1507,111.8815
2020-11-23,31.6,24.2,26.4,39.3,39.3,2.97,11.3,13.95,98,66,Bojonegoro,-7.1507,111.8815
2020-11-24,30.2,24.3,26.7,9.2,9.2,3.38,9.8,16.12,97,69,Bojonegoro,-7.1507,111.8815
2020-11-25,31.2,24.1,26.9,3.2,3.2,3.26,9.9,14.97,96,58,Bojonegoro,-7.1507,111.8815
2020-11-26,31.0,24.6,27.1,3.8,3.8,3.76,12.0,17.65,96,61,Bojonegoro,-7.1507,111.8815
2020-11-27,30.8,24.7,27.1,3.8,3.8,2.85,8.9,12.88,96,64,Bojonegoro,-7.1507,111.8815
2020-11-28,30.9,24.2,26.7,25.2,25.2,3.07,10.6,14.44,98,67,Bojonegoro,-7.1507,111.8815
2020-11-29,28.4,24.2,25.7,22.2,22.2,1.95,8.8,8.94,98,77,Bojonegoro,-7.1507,111.8815
2020-11-30,27.3,23.5,25.1,8.1,8.1,1.7,9.4,7.62,96,76,Bojonegoro,-7.1507,111.8815
2020-12-01,31.8,23.1,27.4,0.9,0.9,5.08,6.1,24.34,92,53,Bojonegoro,-7.1507,111.8815
2020-12-02,30.1,24.0,26.3,20.0,20.0,2.77,6.1,13.09,98,71,Bojonegoro,-7.1507,111.8815
2020-12-03,30.5,24.1,26.5,17.1,17.1,3.15,10.8,15.29,97,67,Bojonegoro,-7.1507,111.8815
2020-12-04,31.3,24.4,26.9,5.6,5.6,3.83,11.8,18.23,95,63,Bojonegoro,-7.1507,111.8815
2020-12-05,30.6,24.8,26.4,16.8,16.8,2.56,13.3,11.6,98,67,Bojonegoro,-7.1507,111.8815
2020-12-06,29.2,24.5,25.8,26.1,26.1,1.99,19.0,9.5,99,77,Bojonegoro,-7.1507,111.8815
2020-12-07,26.2,24.0,25.0,37.3,37.3,1.11,14.7,4.98,98,90,Bojonegoro,-7.1507,111.8815
2020-12-08,30.5,24.0,27.1,3.6,3.6,3.77,23.7,16.24,97,65,Bojonegoro,-7.1507,111.8815
2020-12-09,28.9,24.1,26.5,3.2,3.2,2.58,20.0,11.11,96,73,Bojonegoro,-7.1507,111.8815
2020-12-10,29.4,24.0,26.5,3.2,3.2,2.8,18.7,13.43,98,75,Bojonegoro,-7.1507,111.8815
2020-12-11,30.6,24.5,26.2,18.7,18.7,2.52,15.3,11.94,96,68,Bojonegoro,-7.1507,111.8815
2020-12-12,28.5,24.0,25.8,13.1,13.1,1.95,12.7,9.27,96,80,Bojonegoro,-7.1507,111.8815
2020-12-13,29.5,23.8,25.8,24.8,24.8,2.58,14.2,12.61,97,73,Bojonegoro,-7.1507,111.8815
2020-12-14,29.2,24.0,25.6,21.2,21.2,2.78,9.5,13.28,98,71,Bojonegoro,-7.1507,111.8815
2020-12-15,29.5,22.6,25.5,8.6,8.6,2.83,10.5,13.79,98,69,Bojonegoro,-7.1507,111.8815
2020-12-16,29.1,23.5,25.5,15.7,15.7,3.01,11.3,14.84,98,72,Bojonegoro,-7.1507,111.8815
2020-12-17,29.4,23.8,25.6,36.6,36.6,3.15,13.4,15.46,97,72,Bojonegoro,-7.1507,111.8815
2020-12-18,29.0,23.3,25.8,10.4,10.4,3.62,14.9,17.68,98,68,Bojonegoro,-7.1507,111.8815
2020-12-19,30.3,23.5,25.8,15.0,15.0,3.75,10.9,18.32,97,65,Bojonegoro,-7.1507,111.8815
2020-12-20,30.2,23.0,26.4,0.2,0.2,4.19,11.2,20.31,96,61,Bojonegoro,-7.1507,111.8815
2020-12-21,30.8,22.8,26.6,1.4,1.4,4.39,13.1,20.83,93,61,Bojonegoro,-7.1507,111.8815
2020-12-22,30.8,24.2,27.0,0.9,0.9,4.33,13.4,20.88,95,63,Bojonegoro,-7.1507,111.8815
2020-12-23,30.8,23.7,27.2,1.7,1.7,4.35,10.8,20.57,96,63,Bojonegoro,-7.1507,111.8815
2020-12-24,31.7,23.8,27.3,2.0,2.0,4.83,9.8,23.37,93,58,Bojonegoro,-7.1507,111.8815
2020-12-25,30.4,23.8,26.6,10.5,10.5,3.89,9.0,18.88,96,70,Bojonegoro,-7.1507,111.8815
2020-12-26,30.2,24.0,26.3,10.6,10.6,3.4,11.3,16.71,97,68,Bojonegoro,-7.1507,111.8815
2020-12-27,29.9,24.2,26.3,10.8,10.8,3.39,8.4,16.38,97,70,Bojonegoro,-7.1507,111.8815
2020-12-28,30.1,24.2,26.3,14.3,14.3,3.4,11.6,16.37,97,69,Bojonegoro,-7.1507,111.8815
2020-12-29,30.3,24.0,25.7,39.6,39.6,3.07,12.9,15.15,96,72,Bojonegoro,-7.1507,111.8815
2020-12-30,28.5,23.8,25.3,42.8,42.8,2.14,12.0,10.13,98,80,Bojonegoro,-7.1507,111.8815
2020-12-31,29.2,23.3,25.8,5.8,5.8,3.36,11.2,16.34,97,70,Bojonegoro,-7.1507,111.8815
2021-01-01,28.2,23.9,25.7,6.6,6.6,2.57,10.8,12.55,97,78,Bojonegoro,-7.1507,111.8815
2021-01-02,29.4,23.6,26.0,5.2,5.2,3.02,8.4,14.64,96,70,Bojonegoro,-7.1507,111.8815
2021-01-03,30.3,23.4,26.4,3.8,3.8,3.56,11.2,17.17,96,67,Bojonegoro,-7.1507,111.8815
2021-01-04,30.2,23.7,26.3,3.3,3.3,3.24,11.3,15.61,96,68,Bojonegoro,-7.1507,111.8815
2021-01-05,29.4,23.9,25.8,30.8,30.8,2.29,12.6,11.17,98,79,Bojonegoro,-7.1507,111.8815
2021-01-06,30.3,24.1,26.1,31.9,31.9,2.93,12.3,14.29,98,71,Bojonegoro,-7.1507,111.8815
2021-01-07,28.3,23.9,25.8,15.2,15.2,2.22,11.2,10.63,98,78,Bojonegoro,-7.1507,111.8815
2021-01-08,29.3,24.2,26.2,8.8,8.8,2.62,9.8,12.32,97,70,Bojonegoro,-7.1507,111.8815
2021-01-09,30.0,24.0,26.0,9.2,9.2,3.13,9.4,15.19,98,70,Bojonegoro,-7.1507,111.8815
2021-01-10,29.0,24.1,26.0,10.6,10.6,2.67,12.4,12.88,98,77,Bojonegoro,-7.1507,111.8815
2021-01-11,29.8,24.0,26.0,10.9,10.9,2.68,13.8,12.92,98,71,Bojonegoro,-7.1507,111.8815
2021-01-12,30.1,24.2,26.3,8.0,8.0,3.17,11.4,15.32,97,69,Bojonegoro,-7.1507,111.8815
2021-01-13,30.2,23.9,26.0,13.1,13.1,3.02,10.2,14.65,96,71,Bojonegoro,-7.1507,111.8815
2021-01-14,30.8,24.1,26.3,6.7,6.7,3.63,15.9,17.2,96,64,Bojonegoro,-7.1507,111.8815
2021-01-15,29.8,23.6,26.0,12.6,12.6,3.13,14.8,15.18,96,71,Bojonegoro,-7.1507,111.8815
2021-01-16,29.1,24.0,26.1,3.4,3.4,2.69,12.5,12.5,96,71,Bojonegoro,-7.1507,111.8815
2021-01-17,30.8,23.6,25.9,9.7,9.7,3.5,15.1,17.16,96,64,Bojonegoro,-7.1507,111.8815
2021-01-18,27.0,24.0,25.0,31.1,31.1,1.43,17.2,6.75,96,87,Bojonegoro,-7.1507,111.8815
2021-01-19,27.3,23.6,25.1,12.9,12.9,2.25,15.5,10.95,97,81,Bojonegoro,-7.1507,111.8815
2021-01-20,30.5,23.1,25.8,17.1,17.1,3.07,17.3,15.15,98,70,Bojonegoro,-7.1507,111.8815
2021-01-21,30.9,24.1,26.5,8.1,8.1,3.94,16.5,19.51,96,64,Bojonegoro,-7.1507,111.8815
2021-01-22,30.2,23.6,25.8,11.7,11.7,3.18,12.6,15.72,97,68,Bojonegoro,-7.1507,111.8815
2021-01-23,29.8,23.7,26.1,4.8,4.8,3.42,10.5,16.9,97,68,Bojonegoro,-7.1507,111.8815
2021-01-24,28.6,23.9,25.5,34.2,34.2,2.84,12.5,14.12,99,78,Bojonegoro,-7.1507,111.8815
2021-01-25,27.7,23.9,25.4,7.8,7.8,1.82,10.7,8.24,97,78,Bojonegoro,-7.1507,111.8815
2021-01-26,30.5,22.4,25.7,8.9,8.9,4.0,17.8,19.68,96,67,Bojonegoro,-7.1507,111.8815
2021-01-27,29.0,23.7,25.4,5.5,5.5,2.46,14.3,11.91,96,74,Bojonegoro,-7.1507,111.8815
2021-01-28,29.5,23.5,25.5,20.5,20.5,2.97,18.2,14.97,95,74,Bojonegoro,-7.1507,111.8815
2021-01-29,27.6,23.8,25.2,8.1,8.1,2.16,23.2,9.76,96,74,Bojonegoro,-7.1507,111.8815
2021-01-30,26.7,23.9,24.7,13.4,13.4,1.48,18.4,7.12,95,86,Bojonegoro,-7.1507,111.8815
2021-01-31,28.5,23.2,25.4,10.6,10.6,2.84,17.8,14.34,96,78,Bojonegoro,-7.1507,111.8815
2021-02-01,30.5,23.9,26.1,11.4,11.4,3.69,19.7,18.52,96,70,Bojonegoro,-7.1507,111.8815
2021-02-02,29.9,24.1,26.3,12.7,12.7,3.21,23.2,15.47,94,73,Bojonegoro,-7.1507,111.8815
2021-02-03,28.5,24.4,25.8,5.3,5.3,2.66,23.8,12.46,94,72,Bojonegoro,-7.1507,111.8815
2021-02-04,27.9,23.9,25.2,16.7,16.7,1.69,14.5,8.0,95,84,Bojonegoro,-7.1507,111.8815
2021-02-05,27.5,23.4,25.2,13.4,13.4,2.22,21.5,11.09,97,81,Bojonegoro,-7.1507,111.8815
2021-02-06,29.3,23.8,25.7,12.5,12.5,2.88,16.3,14.35,95,75,Bojonegoro,-7.1507,111.8815
2021-02-07,29.7,23.0,26.0,9.6,9.6,3.54,18.9,17.61,97,71,Bojonegoro,-7.1507,111.8815
2021-02-08,27.6,23.2,25.3,12.4,12.4,1.82,14.4,8.45,98,79,Bojonegoro,-7.1507,111.8815
2021-02-09,29.2,23.4,25.8,8.7,8.7,2.67,15.2,12.93,98,75,Bojonegoro,-7.1507,111.8815
2021-02-10,27.5,23.7,25.6,5.8,5.8,2.2,13.7,10.81,97,82,Bojonegoro,-7.1507,111.8815
2021-02-11,29.1,23.9,26.0,9.7,9.7,2.9,12.0,14.4,98,77,Bojonegoro,-7.1507,111.8815
2021-02-12,29.4,24.0,26.1,11.4,11.4,3.57,18.9,18.13,97,74,Bojonegoro,-7.1507,111.8815
2021-02-13,28.9,23.6,25.7,6.4,6.4,2.8,17.3,13.96,97,76,Bojonegoro,-7.1507,111.8815
2021-02-14,29.5,23.0,25.6,32.7,32.7,2.97,16.0,14.75,98,77,Bojonegoro,-7.1507,111.8815
2021-02-15,28.7,23.1,25.6,7.1,7.1,2.81,14.3,13.72,98,76,Bojonegoro,-7.1507,111.8815
2021-02-16,30.4,23.7,26.2,11.4,11.4,3.85,17.1,19.16,96,71,Bojonegoro,-7.1507,111.8815
2021-02-17,29.5,23.4,25.7,14.0,14.0,3.16,14.4,15.89,97,72,Bojonegoro,-7.1507,111.8815
2021-02-18,30.6,23.0,25.8,15.2,15.2,4.17,15.5,20.93,97,67,Bojonegoro,-7.1507,111.8815
2021-02-19,28.8,23.6,25.1,28.6,28.6,2.15,16.7,10.6,95,76,Bojonegoro,-7.1507,111.8815
2021-02-20,29.9,23.1,25.3,9.9,9.9,3.02,16.1,15.16,97,69,Bojonegoro,-7.1507,111.8815
2021-02-21,30.0,22.4,26.0,5.7,5.7,3.74,15.5,18.49,98,69,Bojonegoro,-7.1507,111.8815
2021-02-22,28.9,23.2,25.7,7.9,7.9,2.81,12.1,13.86,96,76,Bojonegoro,-7.1507,111.8815
2021-02-23,30.9,23.9,26.2,9.4,9.4,4.01,16.2,19.63,96,66,Bojonegoro,-7.1507,111.8815
2021-02-24,29.3,23.9,25.7,8.5,8.5,2.8,21.0,13.45,95,74,Bojonegoro,-7.1507,111.8815
2021-02-25,27.9,23.4,25.4,9.3,9.3,2.74,15.6,14.03,98,83,Bojonegoro,-7.1507,111.8815
2021-02-26,29.5,22.9,25.6,11.7,11.7,2.86,17.9,14.17,99,76,Bojonegoro,-7.1507,111.8815
2021-02-27,31.5,23.7,26.0,9.9,9.9,3.55,14.0,17.35,98,64,Bojonegoro,-7.1507,111.8815
2021-02-28,29.3,23.8,26.1,2.7,2.7,2.54,7.3,11.78,95,72,Bojonegoro,-7.1507,111.8815
2021-03-01,31.6,22.8,26.6,3.1,3.1,4.48,10.2,21.68,95,56,Bojonegoro,-7.1507,111.8815
2021-03-02,29.5,24.0,26.0,20.0,20.0,3.25,13.3,16.13,98,74,Bojonegoro,-7.1507,111.8815
2021-03-03,30.9,23.4,26.6,3.5,3.5,4.05,15.4,19.62,99,66,Bojonegoro,-7.1507,111.8815
2021-03-04,30.1,23.2,25.8,10.5,10.5,3.29,11.4,16.11,99,68,Bojonegoro,-7.1507,111.8815
2021-03-05,30.9,23.4,26.6,6.3,6.3,4.61,8.2,22.5,98,62,Bojonegoro,-7.1507,111.8815
2021-03-06,28.4,23.0,25.6,19.2,19.2,2.95,10.0,14.61,98,78,Bojonegoro,-7.1507,111.8815
2021-03-07,29.2,23.7,25.6,12.1,12.1,2.97,14.5,14.99,97,73,Bojonegoro,-7.1507,111.8815
2021-03-08,30.0,23.4,26.0,7.5,7.5,3.24,13.5,15.62,98,71,Bojonegoro,-7.1507,111.8815
2021-03-09,28.8,23.4,26.1,0.3,0.3,3.42,17.5,16.3,97,69,Bojonegoro,-7.1507,111.8815
2021-03-10,28.2,23.1,25.6,10.1,10.1,2.82,13.1,13.87,97,74,Bojonegoro,-7.1507,111.8815
2021-03-11,30.6,23.5,25.8,7.6,7.6,3.37,15.8,16.61,97,69,Bojonegoro,-7.1507,111.8815
2021-03-12,30.6,23.3,25.7,10.5,10.5,3.53,12.6,17.33,99,65,Bojonegoro,-7.1507,111.8815
2021-03-13,30.5,23.3,25.9,8.4,8.4,4.14,11.3,20.66,98,64,Bojonegoro,-7.1507,111.8815
2021-03-14,31.0,22.8,25.8,16.0,16.0,4.19,12.0,20.92,96,65,Bojonegoro,-7.1507,111.8815
2021-03-15,29.2,22.6,25.9,9.8,9.8,3.51,10.3,17.51,97,73,Bojonegoro,-7.1507,111.8815
2021-03-16,29.8,23.8,26.3,5.9,5.9,3.33,8.4,16.35,99,72,Bojonegoro,-7.1507,111.8815
2021-03-17,31.4,23.4,26.8,6.3,6.3,4.52,7.6,22.19,99,63,Bojonegoro,-7.1507,111.8815
2021-03-18,31.8,23.5,26.6,24.8,24.8,4.11,15.3,20.15,99,64,Bojonegoro,-7.1507,111.8815
2021-03-19,31.5,23.0,26.7,3.7,3.7,4.31,13.2,21.46,98,67,Bojonegoro,-7.1507,111.8815
2021-03-20,30.7,24.1,26.6,7.8,7.8,3.6,16.9,17.56,96,69,Bojonegoro,-7.1507,111.8815
2021-03-21,31.2,23.9,26.8,2.2,2.2,4.56,15.6,22.71,96,64,Bojonegoro,-7.1507,111.8815
2021-03-22,30.5,24.1,26.5,4.5,4.5,3.64,12.3,17.83,97,66,Bojonegoro,-7.1507,111.8815
2021-03-23,31.2,24.4,26.7,9.2,9.2,4.23,11.8,20.66,97,64,Bojonegoro,-7.1507,111.8815
2021-03-24,30.6,23.6,27.2,6.8,6.8,4.49,9.8,21.76,99,64,Bojonegoro,-7.1507,111.8815
2021-03-25,31.0,24.4,26.7,12.8,12.8,3.79,9.7,18.53,96,67,Bojonegoro,-7.1507,111.8815
2021-03-26,31.4,24.0,26.8,8.5,8.5,4.11,9.8,19.9,98,65,Bojonegoro,-7.1507,111.8815
2021-03-27,30.0,24.3,26.5,8.8,8.8,3.06,13.5,14.9,97,76,Bojonegoro,-7.1507,111.8815
2021-03-28,31.6,23.5,26.6,11.6,11.6,4.08,7.4,20.08,97,67,Bojonegoro,-7.1507,111.8815
2021-03-29,31.0,24.8,27.3,3.5,3.5,3.79,9.4,18.38,96,69,Bojonegoro,-7.1507,111.8815
2021-03-30,29.5,24.4,26.1,13.9,13.9,2.7,9.0,13.07,97,76,Bojonegoro,-7.1507,111.8815
2021-03-31,30.9,24.0,26.6,14.7,14.7,3.68,9.7,18.0,99,72,Bojonegoro,-7.1507,111.8815
2021-04-01,30.2,23.9,26.3,9.4,9.4,3.19,14.6,15.46,96,74,Bojonegoro,-7.1507,111.8815
2021-04-02,30.5,24.0,27.0,0.9,0.9,3.27,8.6,15.37,98,66,Bojonegoro,-7.1507,111.8815
2021-04-03,32.5,23.8,27.5,3.0,3.0,4.73,14.2,22.77,100,63,Bojonegoro,-7.1507,111.8815
2021-04-04,32.2,23.3,26.7,18.1,18.1,3.72,9.6,17.79,99,59,Bojonegoro,-7.1507,111.8815
2021-04-05,31.5,24.1,27.3,3.6,3.6,3.77,13.0,18.3,99,70,Bojonegoro,-7.1507,111.8815
2021-04-06,30.8,24.9,26.9,10.2,10.2,2.6,18.4,12.46,95,74,Bojonegoro,-7.1507,111.8815
2021-04-07,29.9,24.0,26.1,15.1,15.1,2.66,15.5,12.9,95,73,Bojonegoro,-7.1507,111.8815
2021-04-08,31.2,23.7,26.7,4.1,4.1,3.61,16.0,17.59,97,71,Bojonegoro,-7.1507,111.8815
2021-04-09,31.6,24.0,27.1,7.9,7.9,3.83,11.9,18.59,99,68,Bojonegoro,-7.1507,111.8815
2021-04-10,30.6,23.9,26.6,8.6,8.6,3.26,8.4,16.01,100,71,Bojonegoro,-7.1507,111.8815
2021-04-11,31.2,23.8,26.7,10.0,10.0,4.2,10.8,20.47,98,64,Bojonegoro,-7.1507,111.8815
2021-04-12,32.0,24.2,26.9,3.8,3.8,4.15,8.4,20.47,98,59,Bojonegoro,-7.1507,111.8815
2021-04-13,31.2,23.5,26.4,3.7,3.7,3.96,8.9,19.48,99,62,Bojonegoro,-7.1507,111.8815
2021-04-14,30.0,23.2,26.3,3.4,3.4,3.74,10.0,18.68,99,68,Bojonegoro,-7.1507,111.8815
2021-04-15,30.9,23.4,26.4,1.4,1.4,4.31,11.0,21.33,97,65,Bojonegoro,-7.1507,111.8815
2021-04-16,30.9,22.6,27.0,0.3,0.3,4.47,8.9,21.19,98,61,Bojonegoro,-7.1507,111.8815
2021-04-17,31.0,24.2,27.5,1.2,1.2,4.24,9.7,20.71,93,60,Bojonegoro,-7.1507,111.8815
2021-04-18,31.5,23.8,26.8,3.5,3.5,4.33,7.9,21.12,98,54,Bojonegoro,-7.1507,111.8815
2021-04-19,31.4,23.9,27.0,0.8,0.8,4.55,9.6,22.16,96,59,Bojonegoro,-7.1507,111.8815
2021-04-20,31.3,23.0,27.0,0.0,0.0,5.0,13.6,23.31,96,51,Bojonegoro,-7.1507,111.8815
2021-04-21,31.5,22.0,27.0,0.0,0.0,5.24,15.0,24.27,93,52,Bojonegoro,-7.1507,111.8815
2021-04-22,31.5,22.2,26.9,0.0,0.0,4.94,7.3,24.18,95,51,Bojonegoro,-7.1507,111.8815
2021-04-23,31.5,23.0,27.0,0.1,0.1,4.75,13.1,22.24,99,51,Bojonegoro,-7.1507,111.8815
2021-04-24,31.3,23.1,27.1,1.1,1.1,4.58,9.4,22.04,93,55,Bojonegoro,-7.1507,111.8815
2021-04-25,31.5,23.4,27.0,0.9,0.9,4.4,11.3,20.89,95,56,Bojonegoro,-7.1507,111.8815
2021-04-26,31.9,23.5,27.3,0.0,0.0,4.68,12.9,21.64,98,54,Bojonegoro,-7.1507,111.8815
2021-04-27,32.0,23.4,27.6,0.1,0.1,4.74,9.2,21.73,94,52,Bojonegoro,-7.1507,111.8815
2021-04-28,31.0,23.6,26.8,7.3,7.3,3.2,13.4,15.27,94,57,Bojonegoro,-7.1507,111.8815
2021-04-29,31.1,23.5,26.8,3.8,3.8,3.53,9.3,17.2,98,67,Bojonegoro,-7.1507,111.8815
2021-04-30,32.5,24.6,27.3,0.8,0.8,4.14,7.8,19.86,96,57,Bojonegoro,-7.1507,111.8815
2021-05-01,31.9,23.7,27.4,0.9,0.9,3.97,13.4,18.71,99,61,Bojonegoro,-7.1507,111.8815
2021-05-02,32.0,23.9,27.5,2.3,2.3,4.23,16.0,19.86,98,61,Bojonegoro,-7.1507,111.8815
2021-05-03,32.2,23.6,27.6,0.1,0.1,4.68,16.7,21.23,99,54,Bojonegoro,-7.1507,111.8815
2021-05-04,31.9,24.4,27.5,2.8,2.8,3.89,13.4,18.24,97,63,Bojonegoro,-7.1507,111.8815
2021-05-05,32.3,24.1,27.7,1.0,1.0,4.19,10.1,19.73,99,57,Bojonegoro,-7.1507,111.8815
2021-05-06,32.5,23.6,28.1,1.2,1.2,4.05,6.2,19.3,99,53,Bojonegoro,-7.1507,111.8815
2021-05-07,31.4,24.3,27.2,4.3,4.3,3.61,9.2,17.36,96,65,Bojonegoro,-7.1507,111.8815
2021-05-08,30.7,24.5,26.9,2.2,2.2,3.69,14.8,17.23,94,66,Bojonegoro,-7.1507,111.8815
2021-05-09,31.3,22.8,27.1,0.0,0.0,4.49,7.6,22.03,94,46,Bojonegoro,-7.1507,111.8815
2021-05-10,32.5,24.0,27.8,0.1,0.1,4.37,12.0,19.98,94,53,Bojonegoro,-7.1507,111.8815
2021-05-11,32.4,23.1,27.9,0.3,0.3,4.62,9.1,21.22,95,56,Bojonegoro,-7.1507,111.8815
2021-05-12,34.1,24.1,28.4,0.0,0.0,5.07,17.4,21.47,92,46,Bojonegoro,-7.1507,111.8815
2021-05-13,33.0,24.0,28.1,0.1,0.1,4.73,17.2,20.48,89,49,Bojonegoro,-7.1507,111.8815
2021-05-14,34.2,24.4,28.4,0.0,0.0,5.0,17.8,21.27,89,42,Bojonegoro,-7.1507,111.8815
2021-05-15,33.2,24.2,28.5,0.1,0.1,4.65,13.0,20.9,91,48,Bojonegoro,-7.1507,111.8815
2021-05-16,33.7,23.8,28.6,0.0,0.0,4.82,9.7,20.89,92,46,Bojonegoro,-7.1507,111.8815
2021-05-17,32.7,23.8,28.2,0.8,0.8,4.2,10.0,18.77,89,51,Bojonegoro,-7.1507,111.8815
2021-05-18,34.1,24.2,28.6,2.0,2.0,4.48,8.3,20.33,92,46,Bojonegoro,-7.1507,111.8815
2021-05-19,31.7,24.2,27.2,2.9,2.9,3.18,13.5,14.73,93,58,Bojonegoro,-7.1507,111.8815
2021-05-20,33.2,23.8,27.3,6.0,6.0,3.85,13.6,18.01,98,54,Bojonegoro,-7.1507,111.8815
2021-05-21,32.8,24.7,28.0,1.0,1.0,4.17,9.4,19.16,94,53,Bojonegoro,-7.1507,111.8815
2021-05-22,31.8,24.6,27.8,1.6,1.6,3.59,8.4,16.81,92,60,Bojonegoro,-7.1507,111.8815
2021-05-23,31.5,23.8,27.3,4.7,4.7,3.36,9.7,16.19,98,61,Bojonegoro,-7.1507,111.8815
2021-05-24,32.2,23.9,27.4,2.2,2.2,3.64,12.6,16.74,98,59,Bojonegoro,-7.1507,111.8815
2021-05-25,31.5,25.0,27.7,2.1,2.1,3.16,9.1,14.27,96,61,Bojonegoro,-7.1507,111.8815
2021-05-26,32.5,23.6,27.8,1.0,1.0,4.06,18.6,17.75,97,56,Bojonegoro,-7.1507,111.8815
2021-05-27,33.5,24.9,28.8,0.1,0.1,4.72,20.0,19.29,95,49,Bojonegoro,-7.1507,111.8815
2021-05-28,31.5,25.1,27.7,5.3,5.3,3.57,16.6,16.19,94,65,Bojonegoro,-7.1507,111.8815
2021-05-29,33.2,24.4,27.4,9.1,9.1,3.73,12.0,16.99,96,53,Bojonegoro,-7.1507,111.8815
2021-05-30,32.0,24.0,27.3,3.3,3.3,3.51,11.4,16.53,96,59,Bojonegoro,-7.1507,111.8815
2021-05-31,32.2,24.0,27.2,3.6,3.6,3.43,10.0,16.12,96,58,Bojonegoro,-7.1507,111.8815
2021-06-01,32.0,23.8,27.3,1.8,1.8,3.63,11.5,17.06,97,60,Bojonegoro,-7.1507,111.8815
2021-06-02,32.6,24.5,27.8,0.9,0.9,3.9,13.5,17.1,97,55,Bojonegoro,-7.1507,111.8815
2021-06-03,33.5,24.0,28.3,0.0,0.0,4.67,17.4,19.74,95,50,Bojonegoro,-7.1507,111.8815
2021-06-04,33.5,25.0,28.7,1.3,1.3,4.68,18.4,19.25,95,48,Bojonegoro,-7.1507,111.8815
2021-06-05,33.1,23.5,28.2,0.6,0.6,4.28,13.4,18.41,97,51,Bojonegoro,-7.1507,111.8815
2021-06-06,34.3,23.6,28.7,0.6,0.6,4.42,10.5,19.68,96,43,Bojonegoro,-7.1507,111.8815
2021-06-07,33.8,25.0,28.5,2.3,2.3,4.26,11.8,19.0,94,46,Bojonegoro,-7.1507,111.8815
2021-06-08,33.1,24.0,28.3,1.0,1.0,4.46,10.2,19.94,90,47,Bojonegoro,-7.1507,111.8815
2021-06-09,32.5,24.2,27.9,1.6,1.6,3.82,11.5,17.34,94,51,Bojonegoro,-7.1507,111.8815
2021-06-10,32.8,24.1,27.9,1.5,1.5,3.82,10.0,17.11,96,51,Bojonegoro,-7.1507,111.8815
2021-06-11,33.1,24.6,27.5,8.0,8.0,3.67,11.3,16.85,96,53,Bojonegoro,-7.1507,111.8815
2021-06-12,31.5,23.8,27.1,1.1,1.1,3.68,13.6,17.4,97,61,Bojonegoro,-7.1507,111.8815
2021-06-13,33.2,23.5,27.8,0.1,0.1,4.66,14.3,19.94,99,44,Bojonegoro,-7.1507,111.8815
2021-06-14,30.6,24.6,26.7,7.4,7.4,3.02,13.0,14.28,96,64,Bojonegoro,-7.1507,111.8815
2021-06-15,31.5,23.9,26.1,16.6,16.6,3.16,16.4,15.19,98,63,Bojonegoro,-7.1507,111.8815
2021-06-16,31.8,23.5,26.6,6.0,6.0,3.62,14.8,17.2,98,58,Bojonegoro,-7.1507,111.8815
2021-06-17,29.8,23.5,26.0,9.0,9.0,2.62,8.6,12.51,98,67,Bojonegoro,-7.1507,111.8815
2021-06-18,30.7,24.1,26.5,9.5,9.5,3.41,10.6,16.66,99,64,Bojonegoro,-7.1507,111.8815
2021-06-19,28.7,23.1,25.6,14.0,14.0,2.39,11.8,11.6,98,76,Bojonegoro,-7.1507,111.8815
2021-06-20,30.5,22.4,26.0,3.7,3.7,3.4,15.0,16.68,98,66,Bojonegoro,-7.1507,111.8815
2021-06-21,29.1,23.4,25.8,13.5,13.5,2.58,6.9,12.58,98,72,Bojonegoro,-7.1507,111.8815
2021-06-22,31.1,23.0,26.5,1.3,1.3,3.88,10.0,18.63,97,63,Bojonegoro,-7.1507,111.8815
2021-06-23,29.8,23.1,25.9,8.3,8.3,2.6,13.7,12.55,97,71,Bojonegoro,-7.1507,111.8815
2021-06-24,29.9,23.0,25.9,3.0,3.0,2.84,11.0,13.91,97,69,Bojonegoro,-7.1507,111.8815
2021-06-25,30.8,22.8,26.4,0.3,0.3,3.61,12.3,17.14,100,61,Bojonegoro,-7.1507,111.8815
2021-06-26,30.8,23.5,26.3,7.4,7.4,3.19,12.8,15.71,97,69,Bojonegoro,-7.1507,111.8815
2021-06-27,31.8,23.9,27.4,0.3,0.3,3.94,11.4,18.24,98,58,Bojonegoro,-7.1507,111.8815
2021-06-28,29.5,24.0,26.3,10.1,10.1,3.11,14.5,15.33,96,68,Bojonegoro,-7.1507,111.8815
2021-06-29,30.8,23.0,26.4,1.6,1.6,3.45,12.7,16.36,100,62,Bojonegoro,-7.1507,111.8815
2021-06-30,31.5,23.5,27.2,0.5,0.5,4.0,11.7,18.57,98,52,Bojonegoro,-7.1507,111.8815
2021-07-01,32.0,23.1,27.3,0.0,0.0,4.22,10.7,19.5,95,51,Bojonegoro,-7.1507,111.8815
2021-07-02,32.2,22.8,27.0,0.0,0.0,4.22,10.2,19.83,94,49,Bojonegoro,-7.1507,111.8815
2021-07-03,32.0,22.7,27.0,0.0,0.0,4.39,14.4,19.62,94,50,Bojonegoro,-7.1507,111.8815
2021-07-04,32.3,23.1,27.1,0.0,0.0,4.43,13.5,19.68,96,45,Bojonegoro,-7.1507,111.8815
2021-07-05,32.1,22.0,26.9,0.0,0.0,5.0,19.5,21.15,96,45,Bojonegoro,-7.1507,111.8815
2021-07-06,31.8,20.8,26.3,0.0,0.0,4.63,14.4,20.15,91,39,Bojonegoro,-7.1507,111.8815
2021-07-07,32.4,21.3,26.7,0.0,0.0,4.84,16.7,20.84,89,42,Bojonegoro,-7.1507,111.8815
2021-07-08,32.7,23.4,27.6,0.4,0.4,3.77,10.8,15.78,85,45,Bojonegoro,-7.1507,111.8815
2021-07-09,32.8,23.7,27.5,1.8,1.8,3.81,13.2,16.67,95,54,Bojonegoro,-7.1507,111.8815
2021-07-10,31.8,24.1,27.7,2.2,2.2,3.89,18.8,16.26,96,58,Bojonegoro,-7.1507,111.8815
2021-07-11,33.8,23.8,28.3,0.0,0.0,4.99,24.3,19.82,96,38,Bojonegoro,-7.1507,111.8815
2021-07-12,33.0,22.7,27.5,0.0,0.0,4.78,16.5,20.03,97,42,Bojonegoro,-7.1507,111.8815
2021-07-13,34.2,22.8,28.0,0.1,0.1,5.13,18.7,20.66,95,38,Bojonegoro,-7.1507,111.8815
2021-07-14,33.5,23.5,28.2,0.0,0.0,4.64,10.9,18.99,85,37,Bojonegoro,-7.1507,111.8815
2021-07-15,33.0,24.1,27.9,0.0,0.0,4.96,22.1,17.35,81,37,Bojonegoro,-7.1507,111.8815
2021-07-16,31.8,23.2,27.2,0.0,0.0,3.77,11.5,15.29,84,40,Bojonegoro,-7.1507,111.8815
2021-07-17,33.8,22.9,27.8,0.0,0.0,4.65,16.3,19.27,88,39,Bojonegoro,-7.1507,111.8815
2021-07-18,34.6,24.4,28.4,0.1,0.1,4.97,14.6,19.41,79,40,Bojonegoro,-7.1507,111.8815
2021-07-19,34.5,23.8,28.6,0.0,0.0,5.13,17.3,20.35,87,40,Bojonegoro,-7.1507,111.8815
2021-07-20,34.6,23.5,28.6,0.0,0.0,5.31,17.4,20.87,91,37,Bojonegoro,-7.1507,111.8815
2021-07-21,34.3,23.8,28.9,0.0,0.0,4.73,10.7,19.52,92,44,Bojonegoro,-7.1507,111.8815
2021-07-22,31.6,24.5,27.7,0.0,0.0,2.98,13.0,10.63,79,46,Bojonegoro,-7.1507,111.8815
2021-07-23,34.7,24.8,28.5,0.4,0.4,5.05,19.2,19.72,88,39,Bojonegoro,-7.1507,111.8815
2021-07-24,35.6,23.9,28.6,0.0,0.0,5.7,19.5,22.09,81,30,Bojonegoro,-7.1507,111.8815
2021-07-25,36.2,22.1,27.9,0.0,0.0,6.15,18.8,22.76,88,20,Bojonegoro,-7.1507,111.8815
2021-07-26,35.3,21.8,27.4,0.0,0.0,5.65,18.1,22.88,84,24,Bojonegoro,-7.1507,111.8815
2021-07-27,35.1,19.6,27.0,0.0,0.0,5.89,23.0,22.8,98,23,Bojonegoro,-7.1507,111.8815
2021-07-28,34.2,22.0,27.7,0.0,0.0,5.38,15.7,21.95,92,31,Bojonegoro,-7.1507,111.8815
2021-07-29,35.5,21.8,28.1,0.0,0.0,5.42,19.7,21.11,91,31,Bojonegoro,-7.1507,111.8815
2021-07-30,34.0,22.6,28.1,0.6,0.6,4.61,12.3,19.92,94,41,Bojonegoro,-7.1507,111.8815
2021-07-31,34.8,23.6,28.4,0.5,0.5,4.8,13.4,19.81,86,37,Bojonegoro,-7.1507,111.8815
2021-08-01,34.0,23.1,28.0,1.2,1.2,5.33,19.7,20.06,89,42,Bojonegoro,-7.1507,111.8815
2021-08-02,34.7,23.3,28.0,0.8,0.8,4.8,17.7,19.52,88,38,Bojonegoro,-7.1507,111.8815
2021-08-03,34.8,24.5,28.1,1.0,1.0,4.47,13.0,19.32,87,42,Bojonegoro,-7.1507,111.8815
2021-08-04,34.3,23.6,28.1,0.9,0.9,4.91,18.2,19.67,91,42,Bojonegoro,-7.1507,111.8815
2021-08-05,34.4,23.1,28.3,0.0,0.0,5.16,17.6,20.19,94,39,Bojonegoro,-7.1507,111.8815
2021-08-06,35.3,22.9,28.6,0.0,0.0,5.7,21.6,21.52,95,35,Bojonegoro,-7.1507,111.8815
2021-08-07,34.5,24.5,28.7,0.8,0.8,5.05,18.2,19.29,94,42,Bojonegoro,-7.1507,111.8815
2021-08-08,35.4,23.9,28.8,2.2,2.2,5.15,18.4,20.24,93,42,Bojonegoro,-7.1507,111.8815
2021-08-09,32.8,23.8,28.0,2.5,2.5,4.42,16.6,17.59,97,50,Bojonegoro,-7.1507,111.8815
2021-08-10,34.0,23.8,27.8,0.9,0.9,4.72,21.0,18.67,92,40,Bojonegoro,-7.1507,111.8815
2021-08-11,35.0,23.4,28.2,0.0,0.0,6.09,24.3,22.89,77,30,Bojonegoro,-7.1507,111.8815
2021-08-12,36.2,22.5,28.2,0.2,0.2,5.65,22.4,21.67,89,32,Bojonegoro,-7.1507,111.8815
2021-08-13,35.3,24.0,28.7,0.9,0.9,5.04,15.0,21.06,86,37,Bojonegoro,-7.1507,111.8815
2021-08-14,35.2,23.6,28.7,0.0,0.0,5.72,23.1,22.03,89,35,Bojonegoro,-7.1507,111.8815
2021-08-15,35.4,23.4,28.9,0.0,0.0,6.17,23.1,22.85,89,30,Bojonegoro,-7.1507,111.8815
2021-08-16,35.4,24.5,29.2,0.0,0.0,5.82,18.2,21.5,86,33,Bojonegoro,-7.1507,111.8815
2021-08-17,36.0,23.8,29.3,0.0,0.0,5.63,20.2,21.25,83,29,Bojonegoro,-7.1507,111.8815
2021-08-18,34.3,24.9,28.7,1.1,1.1,4.66,12.8,19.38,81,41,Bojonegoro,-7.1507,111.8815
2021-08-19,34.8,24.7,28.4,1.2,1.2,5.05,19.0,18.69,85,37,Bojonegoro,-7.1507,111.8815
2021-08-20,34.5,23.9,28.2,1.5,1.5,4.92,15.6,19.3,80,40,Bojonegoro,-7.1507,111.8815
2021-08-21,34.4,23.8,28.2,2.5,2.5,4.8,12.3,20.03,86,40,Bojonegoro,-7.1507,111.8815
2021-08-22,34.5,23.8,28.6,0.2,0.2,5.26,10.5,21.17,86,40,Bojonegoro,-7.1507,111.8815
2021-08-23,35.7,24.4,28.9,0.0,0.0,6.06,18.9,22.47,82,29,Bojonegoro,-7.1507,111.8815
2021-08-24,35.0,22.2,28.0,0.0,0.0,6.1,26.4,22.15,91,29,Bojonegoro,-7.1507,111.8815
2021-08-25,34.5,22.6,27.9,0.3,0.3,5.99,20.8,22.57,86,35,Bojonegoro,-7.1507,111.8815
2021-08-26,35.0,22.8,28.1,0.0,0.0,6.21,21.1,22.44,81,30,Bojonegoro,-7.1507,111.8815
2021-08-27,35.1,21.5,27.6,0.0,0.0,6.25,21.4,23.6,88,29,Bojonegoro,-7.1507,111.8815
2021-08-28,35.8,23.5,29.1,0.7,0.7,5.74,14.1,21.66,82,32,Bojonegoro,-7.1507,111.8815
2021-08-29,36.2,24.4,29.0,0.6,0.6,5.79,20.3,20.83,81,35,Bojonegoro,-7.1507,111.8815
2021-08-30,36.2,24.5,29.2,0.4,0.4,5.36,16.2,19.9,82,35,Bojonegoro,-7.1507,111.8815
2021-08-31,36.9,24.8,29.6,0.0,0.0,6.23,20.0,22.98,79,29,Bojonegoro,-7.1507,111.8815
2021-09-01,36.4,24.0,29.1,0.0,0.0,6.22,18.2,23.61,84,32,Bojonegoro,-7.1507,111.8815
2021-09-02,35.0,24.1,28.5,0.0,0.0,6.68,20.9,23.94,76,32,Bojonegoro,-7.1507,111.8815
2021-09-03,35.2,23.5,28.3,0.0,0.0,6.33,23.2,22.27,81,32,Bojonegoro,-7.1507,111.8815
2021-09-04,35.7,23.5,28.5,0.0,0.0,6.17,22.1,22.37,82,33,Bojonegoro,-7.1507,111.8815
2021-09-05,35.5,24.9,28.9,0.3,0.3,4.96,15.8,17.31,76,37,Bojonegoro,-7.1507,111.8815
2021-09-06,36.2,24.2,29.4,0.1,0.1,5.95,19.2,22.73,77,34,Bojonegoro,-7.1507,111.8815
2021-09-07,35.2,24.7,29.0,0.8,0.8,5.54,17.9,20.73,87,36,Bojonegoro,-7.1507,111.8815
2021-09-08,35.2,25.2,29.1,0.4,0.4,5.13,10.7,20.55,78,37,Bojonegoro,-7.1507,111.8815
2021-09-09,35.3,24.4,28.8,0.0,0.0,5.57,22.6,18.64,75,30,Bojonegoro,-7.1507,111.8815
2021-09-10,37.0,23.8,29.5,0.5,0.5,6.05,22.2,23.03,84,29,Bojonegoro,-7.1507,111.8815
2021-09-11,36.2,25.0,28.7,4.1,4.1,4.72,14.4,18.71,92,36,Bojonegoro,-7.1507,111.8815
2021-09-12,31.9,24.2,27.6,1.9,1.9,3.85,14.2,14.98,96,51,Bojonegoro,-7.1507,111.8815
2021-09-13,33.2,24.6,28.2,0.3,0.3,4.65,16.8,18.65,89,47,Bojonegoro,-7.1507,111.8815
2021-09-14,34.1,24.6,28.0,7.5,7.5,4.39,17.2,19.13,93,46,Bojonegoro,-7.1507,111.8815
2021-09-15,34.2,23.7,27.6,1.5,1.5,4.72,12.8,21.35,98,47,Bojonegoro,-7.1507,111.8815
2021-09-16,34.0,24.0,28.5,0.1,0.1,5.29,12.1,22.94,92,43,Bojonegoro,-7.1507,111.8815
2021-09-17,36.2,23.7,28.9,0.0,0.0,6.44,24.1,25.02,90,33,Bojonegoro,-7.1507,111.8815
2021-09-18,36.0,23.6,29.0,0.0,0.0,6.74,22.7,25.16,90,26,Bojonegoro,-7.1507,111.8815
2021-09-19,35.8,24.4,29.0,0.2,0.2,6.37,19.9,23.88,83,29,Bojonegoro,-7.1507,111.8815
2021-09-20,35.2,23.0,28.6,0.0,0.0,6.24,18.7,23.86,89,34,Bojonegoro,-7.1507,111.8815
2021-09-21,35.2,24.4,28.5,0.9,0.9,4.71,19.1,18.37,87,39,Bojonegoro,-7.1507,111.8815
2021-09-22,34.2,24.1,28.4,0.3,0.3,5.61,20.1,22.53,91,40,Bojonegoro,-7.1507,111.8815
2021-09-23,35.3,23.6,28.3,4.6,4.6,5.22,19.5,21.03,95,37,Bojonegoro,-7.1507,111.8815
2021-09-24,33.5,24.9,28.3,2.5,2.5,4.62,17.7,18.73,88,48,Bojonegoro,-7.1507,111.8815
2021-09-25,34.2,24.7,28.4,3.6,3.6,4.83,13.5,20.21,89,44,Bojonegoro,-7.1507,111.8815
2021-09-26,33.8,24.0,27.1,9.4,9.4,4.09,13.1,18.49,95,50,Bojonegoro,-7.1507,111.8815
2021-09-27,32.8,23.8,27.7,1.1,1.1,5.11,17.4,20.61,94,47,Bojonegoro,-7.1507,111.8815
2021-09-28,34.0,24.1,28.1,0.0,0.0,6.17,20.5,23.24,79,42,Bojonegoro,-7.1507,111.8815
2021-09-29,35.0,22.4,28.4,0.0,0.0,5.96,19.3,23.66,92,38,Bojonegoro,-7.1507,111.8815
2021-09-30,36.0,24.0,28.9,0.3,0.3,5.9,17.5,24.28,89,39,Bojonegoro,-7.1507,111.8815
2021-10-01,35.0,23.9,28.7,0.2,0.2,5.68,17.5,22.94,90,38,Bojonegoro,-7.1507,111.8815
2021-10-02,35.2,24.0,28.8,0.3,0.3,5.54,14.3,23.16,85,34,Bojonegoro,-7.1507,111.8815
2021-10-03,36.2,24.3,29.0,1.1,1.1,5.84,16.3,22.9,83,34,Bojonegoro,-7.1507,111.8815
2021-10-04,34.0,24.6,27.7,9.5,9.5,4.48,13.9,18.5,83,45,Bojonegoro,-7.1507,111.8815
2021-10-05,34.7,23.5,28.3,1.0,1.0,5.72,20.6,21.16,86,37,Bojonegoro,-7.1507,111.8815
2021-10-06,35.1,24.3,28.2,0.0,0.0,6.01,25.6,21.46,78,34,Bojonegoro,-7.1507,111.8815
2021-10-07,34.7,23.5,28.4,0.7,0.7,5.66,19.0,22.27,81,38,Bojonegoro,-7.1507,111.8815
2021-10-08,36.2,23.9,28.9,0.7,0.7,6.25,18.6,24.2,83,32,Bojonegoro,-7.1507,111.8815
2021-10-09,37.1,22.9,28.9,0.0,0.0,6.47,20.3,25.3,90,32,Bojonegoro,-7.1507,111.8815
2021-10-10,37.2,23.5,29.4,0.1,0.1,6.51,18.7,25.23,88,32,Bojonegoro,-7.1507,111.8815
2021-10-11,36.8,24.0,29.3,0.2,0.2,6.52,22.5,25.03,86,32,Bojonegoro,-7.1507,111.8815
2021-10-12,37.7,23.6,29.5,0.0,0.0,6.8,21.6,25.77,85,26,Bojonegoro,-7.1507,111.8815
2021-10-13,36.0,23.0,29.1,0.5,0.5,6.15,19.2,23.84,89,34,Bojonegoro,-7.1507,111.8815
2021-10-14,36.5,23.6,29.4,0.3,0.3,6.25,15.1,24.32,84,35,Bojonegoro,-7.1507,111.8815
2021-10-15,37.0,24.1,29.6,0.3,0.3,6.11,16.3,24.3,80,34,Bojonegoro,-7.1507,111.8815
2021-10-16,36.9,24.8,29.8,1.0,1.0,6.04,15.4,24.43,84,36,Bojonegoro,-7.1507,111.8815
2021-10-17,36.2,25.0,29.1,1.8,1.8,4.94,13.0,21.0,86,39,Bojonegoro,-7.1507,111.8815
2021-10-18,33.5,25.6,28.2,10.7,10.7,4.62,15.7,20.66,91,53,Bojonegoro,-7.1507,111.8815
2021-10-19,34.8,24.2,27.8,7.2,7.2,4.52,11.1,20.21,96,46,Bojonegoro,-7.1507,111.8815
2021-10-20,35.3,24.3,28.7,1.6,1.6,5.14,12.9,22.15,91,45,Bojonegoro,-7.1507,111.8815
2021-10-21,36.0,24.1,29.0,1.1,1.1,5.39,12.7,24.07,92,41,Bojonegoro,-7.1507,111.8815
2021-10-22,35.8,24.1,28.7,3.3,3.3,5.38,14.7,23.29,95,40,Bojonegoro,-7.1507,111.8815
2021-10-23,36.4,23.5,28.8,1.7,1.7,5.57,14.8,23.63,96,37,Bojonegoro,-7.1507,111.8815
2021-10-24,36.5,25.0,28.9,3.2,3.2,5.34,11.6,23.77,91,42,Bojonegoro,-7.1507,111.8815
2021-10-25,36.2,24.4,29.1,2.5,2.5,5.63,12.2,23.87,95,41,Bojonegoro,-7.1507,111.8815
2021-10-26,35.9,23.9,28.1,10.1,10.1,4.82,15.4,21.19,92,41,Bojonegoro,-7.1507,111.8815
2021-10-27,32.5,24.8,27.2,9.7,9.7,3.9,14.9,17.55,95,57,Bojonegoro,-7.1507,111.8815
2021-10-28,35.0,23.8,27.2,11.4,11.4,4.15,15.8,19.65,96,48,Bojonegoro,-7.1507,111.8815
2021-10-29,34.5,24.6,27.7,7.6,7.6,4.43,12.4,20.78,96,48,Bojonegoro,-7.1507,111.8815
2021-10-30,34.2,23.4,27.3,11.1,11.1,4.39,11.9,20.5,97,50,Bojonegoro,-7.1507,111.8815
2021-10-31,31.6,24.0,26.9,14.9,14.9,3.42,17.2,15.63,96,59,Bojonegoro,-7.1507,111.8815
2021-11-01,32.8,23.4,26.6,6.0,6.0,3.97,15.0,19.12,97,57,Bojonegoro,-7.1507,111.8815
2021-11-02,33.3,23.7,26.5,14.8,14.8,4.16,11.5,20.06,98,55,Bojonegoro,-7.1507,111.8815
2021-11-03,32.5,23.6,27.1,9.1,9.1,4.21,8.9,19.7,95,57,Bojonegoro,-7.1507,111.8815
2021-11-04,34.5,23.6,27.0,12.9,12.9,4.58,10.7,21.75,98,51,Bojonegoro,-7.1507,111.8815
2021-11-05,31.2,23.9,26.3,11.6,11.6,3.3,20.1,15.58,98,65,Bojonegoro,-7.1507,111.8815
2021-11-06,32.2,24.0,27.4,3.9,3.9,4.21,10.0,19.85,98,61,Bojonegoro,-7.1507,111.8815
2021-11-07,33.5,24.2,27.2,12.0,12.0,4.52,12.3,21.79,97,59,Bojonegoro,-7.1507,111.8815
2021-11-08,32.7,23.3,26.9,7.6,7.6,4.04,13.4,19.12,97,57,Bojonegoro,-7.1507,111.8815
2021-11-09,33.0,24.1,27.2,16.4,16.4,4.27,14.3,20.16,96,59,Bojonegoro,-7.1507,111.8815
2021-11-10,31.4,24.0,26.4,18.2,18.2,3.26,11.7,15.79,98,66,Bojonegoro,-7.1507,111.8815
2021-11-11,29.8,23.7,26.0,14.6,14.6,2.71,10.2,13.07,97,73,Bojonegoro,-7.1507,111.8815
2021-11-12,28.5,23.4,25.8,7.7,7.7,2.33,13.2,10.7,96,77,Bojonegoro,-7.1507,111.8815
2021-11-13,30.5,23.9,26.1,28.1,28.1,3.19,8.3,15.24,96,68,Bojonegoro,-7.1507,111.8815
2021-11-14,30.1,23.7,25.9,16.4,16.4,2.6,7.3,12.34,97,70,Bojonegoro,-7.1507,111.8815
2021-11-15,28.5,24.0,25.6,16.4,16.4,2.17,10.4,10.27,96,77,Bojonegoro,-7.1507,111.8815
2021-11-16,30.2,23.0,25.9,9.1,9.1,3.14,9.8,14.95,96,66,Bojonegoro,-7.1507,111.8815
2021-11-17,31.0,24.0,26.4,14.9,14.9,3.18,9.7,15.42,97,68,Bojonegoro,-7.1507,111.8815
2021-11-18,32.4,23.8,26.6,3.5,3.5,4.62,9.2,22.46,98,60,Bojonegoro,-7.1507,111.8815
2021-11-19,32.1,23.1,26.4,9.4,9.4,4.53,11.5,21.97,98,56,Bojonegoro,-7.1507,111.8815
2021-11-20,28.0,23.7,25.5,7.9,7.9,1.61,7.2,7.19,98,75,Bojonegoro,-7.1507,111.8815
2021-11-21,31.0,23.6,26.9,2.4,2.4,3.91,8.3,18.84,100,65,Bojonegoro,-7.1507,111.8815
2021-11-22,30.3,24.4,26.5,16.2,16.2,3.23,13.4,15.88,95,71,Bojonegoro,-7.1507,111.8815
2021-11-23,31.5,24.2,26.0,20.8,20.8,3.13,13.7,14.97,97,66,Bojonegoro,-7.1507,111.8815
2021-11-24,30.8,23.0,26.1,2.5,2.5,3.09,13.5,14.88,98,69,Bojonegoro,-7.1507,111.8815
2021-11-25,31.7,24.0,26.4,25.8,25.8,3.87,17.4,18.84,96,65,Bojonegoro,-7.1507,111.8815
2021-11-26,30.5,23.5,25.8,33.5,33.5,3.06,8.8,14.86,99,71,Bojonegoro,-7.1507,111.8815
2021-11-27,30.8,23.7,25.7,23.0,23.0,3.39,13.7,16.64,98,68,Bojonegoro,-7.1507,111.8815
2021-11-28,27.5,22.8,25.1,11.7,11.7,1.79,12.5,7.8,97,77,Bojonegoro,-7.1507,111.8815
2021-11-29,31.2,21.4,25.1,13.6,13.6,3.84,18.9,18.92,90,59,Bojonegoro,-7.1507,111.8815
2021-11-30,31.5,23.2,25.8,32.2,32.2,3.89,8.8,18.85,96,65,Bojonegoro,-7.1507,111.8815
2021-12-01,30.3,23.5,25.7,13.8,13.8,3.32,10.1,16.34,99,69,Bojonegoro,-7.1507,111.8815
2021-12-02,32.2,23.0,26.7,28.1,28.1,4.64,10.5,22.34,99,60,Bojonegoro,-7.1507,111.8815
2021-12-03,30.6,23.8,26.8,0.7,0.7,3.83,13.4,18.2,97,64,Bojonegoro,-7.1507,111.8815
2021-12-04,29.5,23.7,25.5,43.3,43.3,2.5,15.1,12.45,97,75,Bojonegoro,-7.1507,111.8815
2021-12-05,28.5,23.7,25.3,21.2,21.2,1.89,13.6,9.09,96,83,Bojonegoro,-7.1507,111.8815
2021-12-06,30.0,23.3,26.1,12.5,12.5,3.15,16.5,15.21,96,69,Bojonegoro,-7.1507,111.8815
2021-12-07,31.1,24.0,26.3,26.1,26.1,3.46,15.0,17.18,98,69,Bojonegoro,-7.1507,111.8815
2021-12-08,31.9,23.9,26.5,12.1,12.1,3.56,13.2,16.79,98,62,Bojonegoro,-7.1507,111.8815
2021-12-09,31.6,23.4,26.2,17.6,17.6,4.35,10.9,21.31,97,66,Bojonegoro,-7.1507,111.8815
2021-12-10,31.4,23.4,25.9,7.8,7.8,3.95,13.8,19.85,99,67,Bojonegoro,-7.1507,111.8815
2021-12-11,31.2,23.1,26.2,7.7,7.7,4.24,11.5,21.0,99,67,Bojonegoro,-7.1507,111.8815
2021-12-12,32.3,23.5,26.5,12.6,12.6,4.67,12.7,22.85,97,60,Bojonegoro,-7.1507,111.8815
2021-12-13,32.3,23.3,27.3,1.6,1.6,5.01,9.7,24.08,97,60,Bojonegoro,-7.1507,111.8815
2021-12-14,31.7,24.5,26.4,6.6,6.6,4.09,10.6,20.58,97,65,Bojonegoro,-7.1507,111.8815
2021-12-15,30.1,24.2,26.2,15.5,15.5,2.63,9.8,12.65,96,69,Bojonegoro,-7.1507,111.8815
2021-12-16,31.1,24.4,26.4,33.9,33.9,3.72,7.0,17.86,97,69,Bojonegoro,-7.1507,111.8815
2021-12-17,30.8,23.5,26.6,14.6,14.6,3.81,11.6,18.72,98,71,Bojonegoro,-7.1507,111.8815
2021-12-18,31.8,23.6,26.6,21.6,21.6,3.92,12.3,18.99,98,68,Bojonegoro,-7.1507,111.8815
2021-12-19,31.8,23.9,27.0,9.8,9.8,4.34,13.7,21.2,95,62,Bojonegoro,-7.1507,111.8815
2021-12-20,28.4,23.7,25.4,19.7,19.7,2.13,9.7,9.95,98,79,Bojonegoro,-7.1507,111.8815
2021-12-21,28.3,23.8,25.7,15.9,15.9,2.0,9.3,9.5,98,80,Bojonegoro,-7.1507,111.8815
2021-12-22,31.6,23.5,27.1,0.6,0.6,4.47,10.7,21.11,98,62,Bojonegoro,-7.1507,111.8815
2021-12-23,31.5,23.9,26.4,12.3,12.3,4.37,11.5,21.55,99,65,Bojonegoro,-7.1507,111.8815
2021-12-24,31.1,22.9,27.0,0.8,0.8,4.5,11.3,21.57,97,63,Bojonegoro,-7.1507,111.8815
2021-12-25,30.7,24.4,26.4,7.7,7.7,4.0,13.5,19.74,96,67,Bojonegoro,-7.1507,111.8815
2021-12-26,31.1,24.1,26.7,10.4,10.4,4.2,13.0,21.07,96,66,Bojonegoro,-7.1507,111.8815
2021-12-27,31.6,24.3,26.7,3.0,3.0,4.33,16.2,21.34,95,64,Bojonegoro,-7.1507,111.8815
2021-12-28,31.6,23.5,26.3,11.1,11.1,4.63,13.1,22.84,96,61,Bojonegoro,-7.1507,111.8815
2021-12-29,30.9,23.3,26.8,5.8,5.8,4.14,10.4,20.25,97,64,Bojonegoro,-7.1507,111.8815
2021-12-30,31.6,23.5,26.0,20.4,20.4,3.5,9.4,17.2,97,64,Bojonegoro,-7.1507,111.8815
2021-12-31,30.5,23.8,26.0,6.9,6.9,3.65,12.0,18.17,99,67,Bojonegoro,-7.1507,111.8815
2022-01-01,30.6,22.9,26.0,12.1,12.1,3.94,12.5,19.51,97,66,Bojonegoro,-7.1507,111.8815
2022-01-02,30.1,23.5,25.9,10.1,10.1,3.96,12.4,19.71,99,69,Bojonegoro,-7.1507,111.8815
2022-01-03,31.6,23.0,26.8,0.0,0.0,4.91,11.5,23.53,96,53,Bojonegoro,-7.1507,111.8815
2022-01-04,31.0,23.7,26.8,0.0,0.0,4.29,15.1,20.21,90,58,Bojonegoro,-7.1507,111.8815
2022-01-05,31.3,23.3,26.9,1.0,1.0,4.56,12.5,21.81,96,57,Bojonegoro,-7.1507,111.8815
2022-01-06,31.5,23.1,26.0,6.7,6.7,3.8,13.3,18.73,97,58,Bojonegoro,-7.1507,111.8815
2022-01-07,32.0,23.4,26.8,5.3,5.3,5.03,13.9,23.92,94,52,Bojonegoro,-7.1507,111.8815
2022-01-08,31.6,23.7,27.1,0.3,0.3,5.07,10.3,24.34,94,53,Bojonegoro,-7.1507,111.8815
2022-01-09,30.9,23.3,25.7,11.2,11.2,3.0,15.7,14.82,96,68,Bojonegoro,-7.1507,111.8815
2022-01-10,30.8,23.3,26.3,8.8,8.8,4.0,15.8,19.75,98,67,Bojonegoro,-7.1507,111.8815
2022-01-11,29.7,23.1,25.4,28.5,28.5,2.91,14.5,14.62,96,73,Bojonegoro,-7.1507,111.8815
2022-01-12,28.4,23.7,25.4,9.0,9.0,2.54,15.5,12.57,96,75,Bojonegoro,-7.1507,111.8815
2022-01-13,28.8,23.4,25.1,18.2,18.2,2.37,13.4,11.79,98,80,Bojonegoro,-7.1507,111.8815
2022-01-14,29.5,23.6,26.3,2.4,2.4,3.62,19.4,17.07,97,72,Bojonegoro,-7.1507,111.8815
2022-01-15,30.1,24.1,26.1,11.5,11.5,3.32,21.0,16.5,94,70,Bojonegoro,-7.1507,111.8815
2022-01-16,29.4,23.8,25.4,25.4,25.4,2.49,13.3,12.21,98,75,Bojonegoro,-7.1507,111.8815
2022-01-17,30.0,23.2,25.6,6.9,6.9,3.46,17.1,17.35,97,69,Bojonegoro,-7.1507,111.8815
2022-01-18,29.4,23.3,25.3,7.4,7.4,2.94,15.5,14.36,96,72,Bojonegoro,-7.1507,111.8815
2022-01-19,30.2,23.1,25.2,9.1,9.1,3.61,20.8,18.68,97,68,Bojonegoro,-7.1507,111.8815
2022-01-20,27.4,22.5,24.1,20.2,20.2,1.86,16.2,9.13,97,79,Bojonegoro,-7.1507,111.8815
2022-01-21,30.6,22.7,25.5,14.5,14.5,4.06,16.5,20.28,98,66,Bojonegoro,-7.1507,111.8815
2022-01-22,30.4,23.1,25.5,10.8,10.8,3.59,18.0,18.53,99,72,Bojonegoro,-7.1507,111.8815
2022-01-23,30.8,22.7,26.2,12.9,12.9,3.85,14.5,18.87,98,69,Bojonegoro,-7.1507,111.8815
2022-01-24,31.6,24.0,27.5,0.7,0.7,5.14,16.1,23.64,92,61,Bojonegoro,-7.1507,111.8815
2022-01-25,30.6,24.4,27.0,3.0,3.0,4.7,18.8,23.12,93,69,Bojonegoro,-7.1507,111.8815
2022-01-26,30.5,24.3,26.9,4.1,4.1,4.1,20.7,19.59,92,71,Bojonegoro,-7.1507,111.8815
2022-01-27,30.9,24.1,26.2,6.5,6.5,4.01,18.9,20.23,94,69,Bojonegoro,-7.1507,111.8815
2022-01-28,31.0,23.5,26.0,3.1,3.1,4.11,15.9,20.83,96,66,Bojonegoro,-7.1507,111.8815
2022-01-29,28.8,23.4,25.6,4.7,4.7,2.26,10.2,10.5,96,74,Bojonegoro,-7.1507,111.8815
2022-01-30,31.5,23.5,26.1,6.7,6.7,4.0,19.4,19.81,97,64,Bojonegoro,-7.1507,111.8815
2022-01-31,30.1,24.1,26.1,12.2,12.2,3.56,15.3,17.74,96,68,Bojonegoro,-7.1507,111.8815
2022-02-01,29.0,23.6,25.4,16.3,16.3,3.0,15.7,15.64,97,78,Bojonegoro,-7.1507,111.8815
2022-02-02,31.0,22.9,26.0,11.6,11.6,4.5,12.4,22.48,98,67,Bojonegoro,-7.1507,111.8815
2022-02-03,31.4,23.7,26.4,7.8,7.8,4.35,10.2,21.72,98,67,Bojonegoro,-7.1507,111.8815
2022-02-04,31.5,23.3,26.2,6.2,6.2,4.09,19.7,20.66,98,63,Bojonegoro,-7.1507,111.8815
2022-02-05,28.9,23.6,25.6,25.6,25.6,2.79,18.7,14.3,97,77,Bojonegoro,-7.1507,111.8815
2022-02-06,29.3,23.4,25.7,21.4,21.4,3.28,18.6,16.79,98,73,Bojonegoro,-7.1507,111.8815
2022-02-07,29.2,24.0,25.9,7.9,7.9,3.06,19.8,15.24,97,70,Bojonegoro,-7.1507,111.8815
2022-02-08,28.9,23.7,25.8,20.9,20.9,3.1,16.1,15.86,100,76,Bojonegoro,-7.1507,111.8815
2022-02-09,31.0,24.2,26.0,28.3,28.3,3.36,14.8,16.75,97,69,Bojonegoro,-7.1507,111.8815
2022-02-10,30.5,24.1,25.7,13.0,13.0,2.91,12.6,14.53,98,70,Bojonegoro,-7.1507,111.8815
2022-02-11,30.5,23.1,25.7,6.4,6.4,3.04,13.2,14.67,97,66,Bojonegoro,-7.1507,111.8815
2022-02-12,30.3,23.0,25.7,25.6,25.6,3.2,13.8,15.74,98,71,Bojonegoro,-7.1507,111.8815
2022-02-13,30.4,23.3,25.3,31.8,31.8,3.16,16.1,15.66,98,69,Bojonegoro,-7.1507,111.8815
2022-02-14,28.1,23.2,25.4,9.2,9.2,1.91,8.9,8.94,98,75,Bojonegoro,-7.1507,111.8815
2022-02-15,27.4,23.8,25.5,25.2,25.2,2.27,17.0,11.19,96,81,Bojonegoro,-7.1507,111.8815
2022-02-16,30.8,23.0,26.0,13.0,13.0,4.65,12.6,23.48,99,69,Bojonegoro,-7.1507,111.8815
2022-02-17,29.0,22.9,25.1,16.9,16.9,2.68,14.4,13.28,97,74,Bojonegoro,-7.1507,111.8815
2022-02-18,27.6,23.4,25.0,18.6,18.6,2.06,11.6,10.16,99,79,Bojonegoro,-7.1507,111.8815
2022-02-19,31.1,23.1,26.1,9.9,9.9,3.94,13.5,19.43,99,68,Bojonegoro,-7.1507,111.8815
2022-02-20,29.1,23.9,25.8,15.4,15.4,2.63,20.5,13.11,98,74,Bojonegoro,-7.1507,111.8815
2022-02-21,30.8,24.1,25.9,3.4,3.4,3.2,18.9,15.68,96,69,Bojonegoro,-7.1507,111.8815
2022-02-22,30.9,23.1,26.0,5.6,5.6,4.0,16.9,19.47,98,62,Bojonegoro,-7.1507,111.8815
2022-02-23,31.6,22.1,26.0,7.0,7.0,5.07,17.9,24.73,98,60,Bojonegoro,-7.1507,111.8815
2022-02-24,31.5,22.2,26.0,3.3,3.3,4.7,15.1,23.82,98,63,Bojonegoro,-7.1507,111.8815
2022-02-25,29.9,22.6,25.5,4.9,4.9,4.08,15.0,20.75,99,70,Bojonegoro,-7.1507,111.8815
2022-02-26,30.0,23.1,25.6,15.5,15.5,3.54,17.4,17.75,97,71,Bojonegoro,-7.1507,111.8815
2022-02-27,30.2,23.1,25.7,12.4,12.4,3.25,12.2,16.21,97,74,Bojonegoro,-7.1507,111.8815
2022-02-28,29.0,23.5,25.6,13.7,13.7,3.15,18.1,15.99,98,76,Bojonegoro,-7.1507,111.8815
2022-03-01,28.4,23.5,25.8,18.8,18.8,2.85,16.0,14.16,99,78,Bojonegoro,-7.1507,111.8815
2022-03-02,31.4,23.7,26.0,8.2,8.2,3.74,16.4,18.77,97,67,Bojonegoro,-7.1507,111.8815
2022-03-03,30.2,23.5,26.1,13.9,13.9,3.7,17.1,18.6,97,71,Bojonegoro,-7.1507,111.8815
2022-03-04,32.0,23.6,26.5,2.9,2.9,4.58,13.6,23.12,97,63,Bojonegoro,-7.1507,111.8815
2022-03-05,30.8,23.4,26.0,21.6,21.6,3.7,14.8,18.19,98,70,Bojonegoro,-7.1507,111.8815
2022-03-06,30.8,23.0,26.0,20.5,20.5,4.2,13.1,20.91,98,69,Bojonegoro,-7.1507,111.8815
2022-03-07,30.6,23.5,25.6,25.3,25.3,3.57,8.9,17.32,97,70,Bojonegoro,-7.1507,111.8815
2022-03-08,30.8,23.6,25.9,24.5,24.5,3.82,10.4,18.55,98,69,Bojonegoro,-7.1507,111.8815
2022-03-09,31.4,23.0,25.9,18.6,18.6,3.87,7.3,18.99,98,67,Bojonegoro,-7.1507,111.8815
2022-03-10,30.5,23.6,25.6,20.6,20.6,3.01,13.0,14.44,97,68,Bojonegoro,-7.1507,111.8815
2022-03-11,30.7,22.9,26.1,14.4,14.4,4.22,11.0,20.96,98,66,Bojonegoro,-7.1507,111.8815
2022-03-12,28.9,23.5,26.0,12.3,12.3,2.87,13.6,14.14,97,75,Bojonegoro,-7.1507,111.8815
2022-03-13,30.8,23.2,26.0,9.0,9.0,3.49,9.2,17.17,100,72,Bojonegoro,-7.1507,111.8815
2022-03-14,31.1,23.2,26.1,18.1,18.1,4.07,12.2,20.14,98,72,Bojonegoro,-7.1507,111.8815
2022-03-15,29.9,22.9,25.9,19.6,19.6,3.52,11.3,17.43,98,73,Bojonegoro,-7.1507,111.8815
2022-03-16,31.2,23.5,26.1,24.9,24.9,3.28,19.2,15.92,98,69,Bojonegoro,-7.1507,111.8815
2022-03-17,31.6,23.5,27.3,0.8,0.8,4.82,8.9,23.47,98,66,Bojonegoro,-7.1507,111.8815
2022-03-18,32.1,23.8,26.4,16.2,16.2,4.35,16.0,21.35,98,64,Bojonegoro,-7.1507,111.8815
2022-03-19,31.5,23.2,25.8,37.9,37.9,3.99,12.6,19.88,97,67,Bojonegoro,-7.1507,111.8815
2022-03-20,31.1,23.6,26.1,7.9,7.9,3.71,13.0,18.03,97,65,Bojonegoro,-7.1507,111.8815
2022-03-21,30.8,23.5,26.1,8.8,8.8,3.33,14.6,16.36,97,68,Bojonegoro,-7.1507,111.8815
2022-03-22,29.0,24.2,26.1,5.2,5.2,2.72,13.1,12.91,98,74,Bojonegoro,-7.1507,111.8815
2022-03-23,30.5,23.0,26.1,15.3,15.3,3.83,18.7,19.28,100,70,Bojonegoro,-7.1507,111.8815
2022-03-24,31.6,23.0,26.4,6.2,6.2,4.37,12.3,21.43,98,63,Bojonegoro,-7.1507,111.8815
2022-03-25,31.0,23.0,26.6,5.1,5.1,3.5,10.3,17.12,98,69,Bojonegoro,-7.1507,111.8815
2022-03-26,31.2,23.6,26.8,10.4,10.4,4.05,11.9,19.4,96,63,Bojonegoro,-7.1507,111.8815
2022-03-27,30.4,24.0,25.9,13.5,13.5,3.45,9.0,16.92,97,66,Bojonegoro,-7.1507,111.8815
2022-03-28,31.5,22.9,26.4,7.9,7.9,4.2,10.6,20.39,98,63,Bojonegoro,-7.1507,111.8815
2022-03-29,32.1,23.4,26.6,8.0,8.0,4.68,11.8,22.6,96,58,Bojonegoro,-7.1507,111.8815
2022-03-30,31.5,23.5,26.9,16.0,16.0,4.34,9.2,20.97,98,61,Bojonegoro,-7.1507,111.8815
2022-03-31,31.0,22.9,26.0,8.8,8.8,4.12,9.4,20.65,97,70,Bojonegoro,-7.1507,111.8815
2022-04-01,30.5,23.5,26.0,10.6,10.6,3.08,11.5,14.95,97,68,Bojonegoro,-7.1507,111.8815
2022-04-02,31.6,23.1,26.2,4.8,4.8,3.97,12.4,19.17,98,63,Bojonegoro,-7.1507,111.8815
2022-04-03,31.5,23.5,25.9,16.8,16.8,4.01,8.6,19.53,99,64,Bojonegoro,-7.1507,111.8815
2022-04-04,30.8,22.5,25.8,4.0,4.0,3.99,11.5,19.81,98,67,Bojonegoro,-7.1507,111.8815
2022-04-05,31.5,23.2,26.1,2.3,2.3,4.38,14.2,21.79,96,65,Bojonegoro,-7.1507,111.8815
2022-04-06,31.4,23.3,26.3,2.8,2.8,4.33,11.6,21.82,97,66,Bojonegoro,-7.1507,111.8815
2022-04-07,30.9,23.0,26.5,3.6,3.6,4.09,14.8,20.61,97,66,Bojonegoro,-7.1507,111.8815
2022-04-08,31.5,23.5,26.8,3.1,3.1,4.58,11.3,22.68,99,64,Bojonegoro,-7.1507,111.8815
2022-04-09,31.5,23.5,26.5,12.7,12.7,4.55,13.3,22.63,98,66,Bojonegoro,-7.1507,111.8815
2022-04-10,31.8,23.9,26.5,14.0,14.0,4.27,12.8,21.22,97,63,Bojonegoro,-7.1507,111.8815
2022-04-11,31.6,24.2,27.3,0.8,0.8,4.67,12.0,22.85,92,59,Bojonegoro,-7.1507,111.8815
2022-04-12,31.6,23.2,26.9,0.2,0.2,4.63,15.5,22.59,97,55,Bojonegoro,-7.1507,111.8815
2022-04-13,31.9,23.3,26.7,2.1,2.1,4.57,14.5,22.17,98,56,Bojonegoro,-7.1507,111.8815
2022-04-14,31.9,22.9,27.0,0.6,0.6,4.69,15.1,22.88,98,60,Bojonegoro,-7.1507,111.8815
2022-04-15,32.3,22.7,27.6,0.0,0.0,4.99,6.6,23.91,99,57,Bojonegoro,-7.1507,111.8815
2022-04-16,32.5,24.1,27.5,2.0,2.0,4.63,10.0,22.09,97,58,Bojonegoro,-7.1507,111.8815
2022-04-17,32.9,24.8,27.8,0.6,0.6,4.75,12.0,22.55,94,54,Bojonegoro,-7.1507,111.8815
2022-04-18,31.1,24.8,26.9,14.7,14.7,3.19,10.1,15.46,97,66,Bojonegoro,-7.1507,111.8815
2022-04-19,31.9,23.7,26.2,71.1,71.1,3.33,7.1,16.0,99,65,Bojonegoro,-7.1507,111.8815
2022-04-20,30.0,23.5,25.3,44.4,44.4,2.57,17.4,12.4,97,72,Bojonegoro,-7.1507,111.8815
2022-04-21,29.8,23.9,25.5,15.5,15.5,2.62,14.0,12.98,98,73,Bojonegoro,-7.1507,111.8815
2022-04-22,31.7,23.2,26.8,2.7,2.7,4.11,13.5,20.04,98,63,Bojonegoro,-7.1507,111.8815
2022-04-23,31.8,23.8,26.9,10.9,10.9,4.16,8.0,20.36,99,65,Bojonegoro,-7.1507,111.8815
2022-04-24,30.6,23.5,26.1,6.8,6.8,3.54,18.7,17.74,98,72,Bojonegoro,-7.1507,111.8815
2022-04-25,32.0,23.8,26.5,5.2,5.2,4.32,11.5,21.58,98,64,Bojonegoro,-7.1507,111.8815
2022-04-26,28.3,23.6,25.8,22.7,22.7,2.25,12.4,11.04,98,80,Bojonegoro,-7.1507,111.8815
2022-04-27,29.9,23.6,26.2,11.6,11.6,3.39,14.2,16.83,98,74,Bojonegoro,-7.1507,111.8815
2022-04-28,30.9,23.4,26.2,12.6,12.6,3.39,11.2,16.74,99,74,Bojonegoro,-7.1507,111.8815
2022-04-29,30.9,24.0,26.1,19.6,19.6,3.32,16.3,16.52,99,71,Bojonegoro,-7.1507,111.8815
2022-04-30,30.2,23.5,26.3,10.9,10.9,3.54,14.0,17.82,99,73,Bojonegoro,-7.1507,111.8815
2022-05-01,30.4,24.0,26.6,1.2,1.2,3.66,14.9,18.29,98,71,Bojonegoro,-7.1507,111.8815
2022-05-02,32.2,24.5,27.8,0.1,0.1,4.61,14.1,21.78,94,58,Bojonegoro,-7.1507,111.8815
2022-05-03,32.2,23.5,27.6,0.6,0.6,4.66,12.6,22.17,99,60,Bojonegoro,-7.1507,111.8815
2022-05-04,31.6,24.3,27.1,2.9,2.9,4.18,7.5,20.3,95,63,Bojonegoro,-7.1507,111.8815
2022-05-05,31.8,23.5,27.5,0.3,0.3,4.5,10.8,21.43,97,59,Bojonegoro,-7.1507,111.8815
2022-05-06,31.9,24.0,27.0,8.9,8.9,3.99,12.0,19.85,98,67,Bojonegoro,-7.1507,111.8815
2022-05-07,31.6,24.1,27.0,10.9,10.9,3.77,9.9,18.43,97,70,Bojonegoro,-7.1507,111.8815
2022-05-08,30.7,24.1,26.0,22.5,22.5,2.97,11.2,14.76,97,73,Bojonegoro,-7.1507,111.8815
2022-05-09,29.3,23.5,25.9,18.6,18.6,2.24,10.9,10.77,98,76,Bojonegoro,-7.1507,111.8815
2022-05-10,29.9,24.1,26.5,3.8,3.8,2.88,13.6,14.16,98,73,Bojonegoro,-7.1507,111.8815
2022-05-11,30.8,23.6,26.9,2.3,2.3,3.76,10.8,18.83,99,71,Bojonegoro,-7.1507,111.8815
2022-05-12,30.9,24.1,26.8,28.3,28.3,3.14,9.0,15.23,98,75,Bojonegoro,-7.1507,111.8815
2022-05-13,31.9,23.7,26.8,7.2,7.2,3.74,12.5,18.39,96,65,Bojonegoro,-7.1507,111.8815
2022-05-14,31.1,24.5,26.5,9.0,9.0,3.08,10.1,14.95,98,70,Bojonegoro,-7.1507,111.8815
2022-05-15,31.4,24.8,27.0,4.7,4.7,3.83,9.7,18.82,95,66,Bojonegoro,-7.1507,111.8815
2022-05-16,31.6,24.4,27.2,1.2,1.2,4.08,12.7,19.97,97,64,Bojonegoro,-7.1507,111.8815
2022-05-17,31.5,23.4,26.6,6.9,6.9,3.76,8.4,18.49,95,64,Bojonegoro,-7.1507,111.8815
2022-05-18,30.1,23.6,26.1,8.1,8.1,2.7,13.7,13.62,98,76,Bojonegoro,-7.1507,111.8815
2022-05-19,29.3,23.5,25.8,10.3,10.3,2.42,15.8,12.05,97,75,Bojonegoro,-7.1507,111.8815
2022-05-20,29.0,23.5,25.5,10.4,10.4,2.32,9.3,11.78,98,77,Bojonegoro,-7.1507,111.8815
2022-05-21,29.8,23.8,25.7,14.6,14.6,2.66,12.9,13.22,97,74,Bojonegoro,-7.1507,111.8815
2022-05-22,30.4,23.4,26.5,6.3,6.3,3.52,14.6,17.82,99,70,Bojonegoro,-7.1507,111.8815
2022-05-23,31.4,23.2,27.3,0.0,0.0,4.38,17.5,20.18,96,57,Bojonegoro,-7.1507,111.8815
2022-05-24,31.1,23.1,27.1,0.9,0.9,4.01,15.5,19.32,98,65,Bojonegoro,-7.1507,111.8815
2022-05-25,30.5,23.5,26.1,15.4,15.4,3.38,13.0,16.82,98,74,Bojonegoro,-7.1507,111.8815
2022-05-26,26.0,22.9,24.6,25.3,25.3,1.12,12.7,5.0,98,86,Bojonegoro,-7.1507,111.8815
2022-05-27,30.9,22.9,25.8,0.0,0.0,3.48,13.8,17.1,97,61,Bojonegoro,-7.1507,111.8815
2022-05-28,30.9,23.6,26.8,4.4,4.4,3.98,16.3,19.45,98,67,Bojonegoro,-7.1507,111.8815
2022-05-29,30.5,22.8,26.0,5.2,5.2,3.22,14.5,15.98,98,71,Bojonegoro,-7.1507,111.8815
2022-05-30,31.2,23.8,27.0,0.5,0.5,3.91,9.8,18.94,100,61,Bojonegoro,-7.1507,111.8815
2022-05-31,30.5,23.7,26.5,4.0,4.0,3.36,6.5,16.62,99,72,Bojonegoro,-7.1507,111.8815
2022-06-01,29.5,23.4,26.0,4.0,4.0,2.82,8.7,14.05,98,74,Bojonegoro,-7.1507,111.8815
2022-06-02,31.6,23.6,27.2,0.0,0.0,4.29,12.1,20.05,94,57,Bojonegoro,-7.1507,111.8815
2022-06-03,31.4,23.3,26.7,0.4,0.4,3.99,13.6,19.45,98,61,Bojonegoro,-7.1507,111.8815
2022-06-04,30.5,23.8,26.5,5.8,5.8,3.51,13.4,17.57,94,69,Bojonegoro,-7.1507,111.8815
2022-06-05,29.4,22.9,25.5,9.4,9.4,2.97,9.4,14.92,97,73,Bojonegoro,-7.1507,111.8815
2022-06-06,29.6,22.1,25.1,10.2,10.2,2.91,19.9,15.02,98,73,Bojonegoro,-7.1507,111.8815
2022-06-07,31.1,23.0,26.9,0.2,0.2,4.06,13.0,19.32,99,62,Bojonegoro,-7.1507,111.8815
2022-06-08,30.4,23.7,26.3,12.2,12.2,3.31,14.1,16.55,99,70,Bojonegoro,-7.1507,111.8815
2022-06-09,31.1,23.2,26.4,0.5,0.5,3.71,13.3,17.91,98,60,Bojonegoro,-7.1507,111.8815
2022-06-10,30.4,22.9,26.2,2.0,2.0,2.94,9.2,14.09,100,68,Bojonegoro,-7.1507,111.8815
2022-06-11,30.5,23.6,26.5,7.1,7.1,3.15,9.9,15.28,97,69,Bojonegoro,-7.1507,111.8815
2022-06-12,31.4,23.0,26.1,9.3,9.3,3.67,14.7,18.53,98,65,Bojonegoro,-7.1507,111.8815
2022-06-13,30.3,23.8,26.1,6.5,6.5,3.22,13.0,15.93,96,66,Bojonegoro,-7.1507,111.8815
2022-06-14,29.3,23.1,25.5,6.0,6.0,2.47,15.0,12.49,96,70,Bojonegoro,-7.1507,111.8815
2022-06-15,29.8,23.5,26.1,4.3,4.3,2.87,15.1,14.19,97,70,Bojonegoro,-7.1507,111.8815
2022-06-16,31.0,23.8,26.0,6.9,6.9,3.34,14.3,16.83,96,68,Bojonegoro,-7.1507,111.8815
2022-06-17,29.3,23.1,25.5,6.5,6.5,3.22,11.8,16.35,100,73,Bojonegoro,-7.1507,111.8815
2022-06-18,31.1,22.4,26.1,0.8,0.8,3.87,8.1,19.17,100,63,Bojonegoro,-7.1507,111.8815
2022-06-19,30.1,23.2,26.1,1.9,1.9,3.47,9.9,17.16,95,69,Bojonegoro,-7.1507,111.8815
2022-06-20,31.0,23.9,26.4,4.0,4.0,3.87,10.6,18.97,91,62,Bojonegoro,-7.1507,111.8815
2022-06-21,30.5,22.8,26.7,0.0,0.0,4.12,10.8,19.57,93,58,Bojonegoro,-7.1507,111.8815
2022-06-22,31.3,22.5,26.5,0.0,0.0,4.45,11.0,20.51,93,53,Bojonegoro,-7.1507,111.8815
2022-06-23,31.0,22.0,26.4,0.6,0.6,3.86,12.4,18.85,95,58,Bojonegoro,-7.1507,111.8815
2022-06-24,31.2,22.7,26.9,0.0,0.0,4.11,10.9,19.34,91,56,Bojonegoro,-7.1507,111.8815
2022-06-25,30.7,23.6,26.4,6.6,6.6,3.62,10.4,17.9,93,63,Bojonegoro,-7.1507,111.8815
2022-06-26,30.4,23.1,25.5,14.7,14.7,2.81,7.7,14.01,96,65,Bojonegoro,-7.1507,111.8815
2022-06-27,30.6,22.9,26.0,5.4,5.4,3.73,15.0,17.78,97,66,Bojonegoro,-7.1507,111.8815
2022-06-28,30.1,22.8,26.3,0.1,0.1,4.13,13.7,19.58,88,59,Bojonegoro,-7.1507,111.8815
2022-06-29,31.3,23.4,26.6,0.0,0.0,5.03,15.9,20.82,80,42,Bojonegoro,-7.1507,111.8815
2022-06-30,31.2,21.2,26.1,0.0,0.0,4.15,11.8,19.89,89,53,Bojonegoro,-7.1507,111.8815
2022-07-01,31.2,23.0,27.0,0.1,0.1,4.18,13.4,18.98,95,56,Bojonegoro,-7.1507,111.8815
2022-07-02,32.0,23.4,27.2,0.1,0.1,4.38,15.0,19.45,88,56,Bojonegoro,-7.1507,111.8815
2022-07-03,31.2,23.4,26.6,3.9,3.9,3.26,19.6,15.93,97,66,Bojonegoro,-7.1507,111.8815
2022-07-04,30.4,23.6,26.7,3.9,3.9,2.93,15.5,13.6,97,69,Bojonegoro,-7.1507,111.8815
2022-07-05,32.2,23.6,26.1,6.4,6.4,3.58,17.0,17.42,98,60,Bojonegoro,-7.1507,111.8815
2022-07-06,30.5,23.0,25.8,5.3,5.3,3.24,10.4,15.85,97,65,Bojonegoro,-7.1507,111.8815
2022-07-07,31.5,22.9,26.5,0.0,0.0,4.47,17.5,20.02,94,52,Bojonegoro,-7.1507,111.8815
2022-07-08,30.7,21.4,25.9,0.0,0.0,5.2,19.7,20.89,95,46,Bojonegoro,-7.1507,111.8815
2022-07-09,30.7,20.6,25.9,0.0,0.0,4.54,15.3,20.81,89,46,Bojonegoro,-7.1507,111.8815
2022-07-10,31.6,21.9,26.5,0.0,0.0,4.54,11.6,20.4,88,49,Bojonegoro,-7.1507,111.8815
2022-07-11,32.4,23.0,27.2,0.0,0.0,4.44,14.2,20.01,92,54,Bojonegoro,-7.1507,111.8815
2022-07-12,32.2,23.3,27.3,0.5,0.5,4.52,16.2,20.38,95,52,Bojonegoro,-7.1507,111.8815
2022-07-13,31.4,23.2,26.5,5.4,5.4,3.75,15.8,17.8,97,60,Bojonegoro,-7.1507,111.8815
2022-07-14,30.6,22.9,25.9,5.6,5.6,3.44,19.1,17.09,98,64,Bojonegoro,-7.1507,111.8815
2022-07-15,31.2,23.8,27.2,0.4,0.4,4.23,17.1,18.82,97,57,Bojonegoro,-7.1507,111.8815
2022-07-16,31.6,23.4,26.5,5.0,5.0,3.99,13.0,19.05,95,56,Bojonegoro,-7.1507,111.8815
2022-07-17,29.5,23.1,25.7,0.5,0.5,2.22,16.2,9.98,95,62,Bojonegoro,-7.1507,111.8815
2022-07-18,31.9,23.5,27.0,1.2,1.2,4.31,12.8,19.74,89,53,Bojonegoro,-7.1507,111.8815
2022-07-19,32.1,23.1,27.4,0.1,0.1,4.61,12.4,19.94,93,51,Bojonegoro,-7.1507,111.8815
2022-07-20,32.2,22.5,26.9,0.0,0.0,4.79,14.8,21.31,94,48,Bojonegoro,-7.1507,111.8815
2022-07-21,32.4,22.7,27.3,1.7,1.7,4.83,19.1,19.52,89,47,Bojonegoro,-7.1507,111.8815
2022-07-22,32.8,24.3,27.6,1.6,1.6,4.41,13.5,18.84,89,47,Bojonegoro,-7.1507,111.8815
2022-07-23,32.8,23.0,27.1,1.1,1.1,4.78,18.8,19.86,88,47,Bojonegoro,-7.1507,111.8815
2022-07-24,32.2,22.6,26.9,0.0,0.0,5.32,19.2,19.71,84,44,Bojonegoro,-7.1507,111.8815
2022-07-25,31.9,20.6,26.0,0.0,0.0,5.02,16.8,20.41,79,41,Bojonegoro,-7.1507,111.8815
2022-07-26,31.9,20.9,26.3,0.0,0.0,4.9,14.1,22.14,84,43,Bojonegoro,-7.1507,111.8815
2022-07-27,33.7,22.2,27.6,0.0,0.0,5.0,16.0,21.04,94,44,Bojonegoro,-7.1507,111.8815
2022-07-28,33.2,22.4,27.5,0.0,0.0,5.04,16.9,20.82,95,42,Bojonegoro,-7.1507,111.8815
2022-07-29,32.8,22.9,27.5,0.0,0.0,5.15,15.0,21.52,90,39,Bojonegoro,-7.1507,111.8815
2022-07-30,32.8,22.8,27.6,0.0,0.0,4.99,12.5,21.76,93,44,Bojonegoro,-7.1507,111.8815
2022-07-31,32.5,22.4,27.2,0.0,0.0,4.29,14.7,18.02,93,42,Bojonegoro,-7.1507,111.8815
2022-08-01,33.6,22.5,27.8,0.0,0.0,5.09,13.7,21.69,90,41,Bojonegoro,-7.1507,111.8815
2022-08-02,32.8,23.9,27.4,1.2,1.2,4.04,21.7,17.47,88,52,Bojonegoro,-7.1507,111.8815
2022-08-03,34.0,23.6,28.2,0.8,0.8,4.77,15.4,19.53,96,46,Bojonegoro,-7.1507,111.8815
2022-08-04,34.5,23.6,28.2,0.0,0.0,5.68,22.2,21.91,90,40,Bojonegoro,-7.1507,111.8815
2022-08-05,34.7,21.2,27.5,0.0,0.0,5.23,12.0,22.29,89,36,Bojonegoro,-7.1507,111.8815
2022-08-06,33.7,21.9,27.8,0.3,0.3,5.12,18.9,21.38,89,37,Bojonegoro,-7.1507,111.8815
2022-08-07,33.1,23.0,27.6,0.6,0.6,5.07,20.1,20.46,92,46,Bojonegoro,-7.1507,111.8815
2022-08-08,34.7,22.9,27.8,0.6,0.6,5.4,21.6,20.9,92,39,Bojonegoro,-7.1507,111.8815
2022-08-09,35.0,23.7,28.6,0.1,0.1,5.7,18.0,21.88,80,35,Bojonegoro,-7.1507,111.8815
2022-08-10,35.5,23.9,28.9,0.2,0.2,5.5,17.4,21.15,86,40,Bojonegoro,-7.1507,111.8815
2022-08-11,35.1,24.5,28.8,1.7,1.7,5.29,14.9,21.34,85,41,Bojonegoro,-7.1507,111.8815
2022-08-12,33.0,24.4,28.1,1.6,1.6,4.34,19.2,18.4,89,53,Bojonegoro,-7.1507,111.8815
2022-08-13,33.5,23.2,26.5,31.8,31.8,3.62,11.7,16.83,96,49,Bojonegoro,-7.1507,111.8815
2022-08-14,31.9,22.4,25.4,10.2,10.2,3.32,19.7,16.2,98,59,Bojonegoro,-7.1507,111.8815
2022-08-15,32.2,22.6,26.3,12.0,12.0,4.15,14.4,19.29,99,55,Bojonegoro,-7.1507,111.8815
2022-08-16,31.6,22.5,26.3,3.7,3.7,4.24,10.8,20.43,98,56,Bojonegoro,-7.1507,111.8815
2022-08-17,31.5,22.1,26.7,0.2,0.2,4.9,16.6,21.5,95,52,Bojonegoro,-7.1507,111.8815
2022-08-18,32.7,21.9,27.1,0.0,0.0,5.15,20.0,21.59,91,44,Bojonegoro,-7.1507,111.8815
2022-08-19,33.5,23.2,27.6,0.0,0.0,5.46,17.4,22.66,88,43,Bojonegoro,-7.1507,111.8815
2022-08-20,32.8,23.7,27.9,0.0,0.0,5.38,15.8,20.49,75,46,Bojonegoro,-7.1507,111.8815
2022-08-21,32.8,24.0,27.8,0.0,0.0,5.34,17.4,21.11,76,44,Bojonegoro,-7.1507,111.8815
2022-08-22,33.1,23.2,28.1,0.0,0.0,5.4,13.5,21.74,83,41,Bojonegoro,-7.1507,111.8815
2022-08-23,32.8,23.8,28.0,0.1,0.1,5.46,18.8,21.74,83,45,Bojonegoro,-7.1507,111.8815
2022-08-24,34.3,23.1,28.0,0.0,0.0,6.21,19.3,24.09,80,34,Bojonegoro,-7.1507,111.8815
2022-08-25,34.6,22.6,28.1,0.0,0.0,5.82,23.7,21.51,84,34,Bojonegoro,-7.1507,111.8815
2022-08-26,34.5,23.4,28.2,0.2,0.2,5.19,14.5,21.28,86,41,Bojonegoro,-7.1507,111.8815
2022-08-27,34.1,23.8,27.7,4.8,4.8,4.86,15.5,19.32,83,43,Bojonegoro,-7.1507,111.8815
2022-08-28,33.9,23.0,28.1,0.0,0.0,6.41,24.5,23.38,85,37,Bojonegoro,-7.1507,111.8815
2022-08-29,34.7,23.8,28.5,0.4,0.4,5.59,19.8,20.34,76,35,Bojonegoro,-7.1507,111.8815
2022-08-30,35.2,23.4,28.5,0.5,0.5,5.55,19.4,22.97,85,39,Bojonegoro,-7.1507,111.8815
2022-08-31,32.8,24.3,27.9,3.2,3.2,4.71,14.8,20.79,87,49,Bojonegoro,-7.1507,111.8815
2022-09-01,34.7,23.8,28.7,0.4,0.4,5.47,16.4,22.47,88,40,Bojonegoro,-7.1507,111.8815
2022-09-02,35.5,23.4,29.1,0.0,0.0,5.6,11.6,23.59,92,35,Bojonegoro,-7.1507,111.8815
2022-09-03,34.8,23.5,28.8,0.0,0.0,6.03,18.2,23.37,91,37,Bojonegoro,-7.1507,111.8815
2022-09-04,34.8,23.7,28.3,0.8,0.8,4.9,16.3,20.28,87,40,Bojonegoro,-7.1507,111.8815
2022-09-05,33.1,24.4,28.2,0.7,0.7,4.47,15.1,18.43,86,46,Bojonegoro,-7.1507,111.8815
2022-09-06,33.8,23.6,27.9,4.5,4.5,4.88,14.2,21.58,94,48,Bojonegoro,-7.1507,111.8815
2022-09-07,33.2,23.9,27.4,6.4,6.4,4.29,19.6,19.01,91,50,Bojonegoro,-7.1507,111.8815
2022-09-08,33.4,23.4,27.0,10.1,10.1,4.26,17.7,19.54,95,48,Bojonegoro,-7.1507,111.8815
2022-09-09,30.0,23.7,26.2,19.9,19.9,2.98,11.7,13.9,96,62,Bojonegoro,-7.1507,111.8815
2022-09-10,32.9,23.8,26.6,18.6,18.6,3.81,11.2,17.89,95,51,Bojonegoro,-7.1507,111.8815
2022-09-11,32.4,23.2,26.6,4.0,4.0,4.44,11.9,21.06,96,55,Bojonegoro,-7.1507,111.8815
2022-09-12,33.2,23.1,27.6,0.4,0.4,5.4,15.0,23.94,100,44,Bojonegoro,-7.1507,111.8815
2022-09-13,34.0,22.8,27.9,0.0,0.0,5.52,11.7,24.41,94,39,Bojonegoro,-7.1507,111.8815
2022-09-14,33.7,22.6,28.4,0.0,0.0,5.68,14.5,23.8,93,40,Bojonegoro,-7.1507,111.8815
2022-09-15,33.9,23.2,28.0,1.5,1.5,5.63,17.8,23.97,89,42,Bojonegoro,-7.1507,111.8815
2022-09-16,35.0,23.8,27.7,3.9,3.9,4.79,12.9,21.21,93,41,Bojonegoro,-7.1507,111.8815
2022-09-17,35.8,24.4,28.9,0.0,0.0,6.2,21.0,24.9,83,28,Bojonegoro,-7.1507,111.8815
2022-09-18,36.1,23.2,28.7,0.1,0.1,6.19,15.4,24.98,91,32,Bojonegoro,-7.1507,111.8815
2022-09-19,34.3,22.6,28.3,0.2,0.2,6.24,19.8,24.61,92,38,Bojonegoro,-7.1507,111.8815
2022-09-20,34.5,23.0,28.2,0.7,0.7,5.42,16.9,20.78,87,39,Bojonegoro,-7.1507,111.8815
2022-09-21,34.8,24.4,28.1,0.9,0.9,4.57,13.4,19.3,85,41,Bojonegoro,-7.1507,111.8815
2022-09-22,35.0,24.6,28.2,3.9,3.9,5.22,14.1,22.32,83,43,Bojonegoro,-7.1507,111.8815
2022-09-23,35.3,24.0,28.8,0.6,0.6,5.23,10.5,22.72,89,43,Bojonegoro,-7.1507,111.8815
2022-09-24,35.4,23.2,28.4,1.6,1.6,5.59,17.6,23.67,94,37,Bojonegoro,-7.1507,111.8815
2022-09-25,35.2,23.3,28.5,0.9,0.9,6.09,20.7,23.85,93,38,Bojonegoro,-7.1507,111.8815
2022-09-26,34.2,23.5,28.1,0.4,0.4,5.65,19.6,22.1,88,43,Bojonegoro,-7.1507,111.8815
2022-09-27,35.8,23.2,28.7,0.0,0.0,6.05,18.5,23.54,89,33,Bojonegoro,-7.1507,111.8815
2022-09-28,35.8,22.9,28.5,0.0,0.0,5.8,24.2,22.51,84,31,Bojonegoro,-7.1507,111.8815
2022-09-29,36.1,23.5,28.9,0.7,0.7,5.95,16.8,24.41,87,35,Bojonegoro,-7.1507,111.8815
2022-09-30,33.3,25.0,27.5,3.2,3.2,3.86,17.8,16.22,90,51,Bojonegoro,-7.1507,111.8815
2022-10-01,33.2,23.8,27.0,11.6,11.6,3.82,13.8,17.59,94,52,Bojonegoro,-7.1507,111.8815
2022-10-02,33.7,24.0,26.6,8.3,8.3,3.31,9.7,14.99,96,50,Bojonegoro,-7.1507,111.8815
2022-10-03,30.7,23.0,26.0,16.6,16.6,3.59,14.1,17.41,97,64,Bojonegoro,-7.1507,111.8815
2022-10-04,32.3,23.1,26.6,0.8,0.8,4.29,23.3,20.13,98,55,Bojonegoro,-7.1507,111.8815
2022-10-05,32.8,23.5,26.4,11.0,11.0,4.01,10.0,18.99,96,52,Bojonegoro,-7.1507,111.8815
2022-10-06,31.6,23.4,25.9,10.5,10.5,3.49,11.9,16.67,96,59,Bojonegoro,-7.1507,111.8815
2022-10-07,33.2,23.0,26.4,8.5,8.5,4.4,10.8,21.15,96,53,Bojonegoro,-7.1507,111.8815
2022-10-08,33.0,22.9,26.2,2.7,2.7,4.25,12.8,20.4,97,56,Bojonegoro,-7.1507,111.8815
2022-10-09,33.0,23.0,26.4,9.0,9.0,4.52,13.5,21.72,97,56,Bojonegoro,-7.1507,111.8815
2022-10-10,33.0,23.5,26.4,7.0,7.0,4.03,12.3,19.67,96,54,Bojonegoro,-7.1507,111.8815
2022-10-11,31.5,24.0,26.5,3.8,3.8,3.41,9.4,16.22,97,60,Bojonegoro,-7.1507,111.8815
2022-10-12,31.0,23.0,26.5,1.2,1.2,3.55,11.9,16.06,98,62,Bojonegoro,-7.1507,111.8815
2022-10-13,32.4,23.1,26.7,10.5,10.5,4.6,16.6,22.09,95,57,Bojonegoro,-7.1507,111.8815
2022-10-14,32.2,23.5,26.7,2.9,2.9,3.94,12.3,18.6,94,56,Bojonegoro,-7.1507,111.8815
2022-10-15,31.0,23.6,26.0,24.2,24.2,4.03,14.4,19.88,96,64,Bojonegoro,-7.1507,111.8815
2022-10-16,32.4,23.1,27.2,2.2,2.2,4.71,12.6,21.68,96,59,Bojonegoro,-7.1507,111.8815
2022-10-17,31.2,23.8,26.9,6.2,6.2,4.28,19.1,20.11,92,63,Bojonegoro,-7.1507,111.8815
2022-10-18,30.9,23.9,26.1,10.5,10.5,2.85,10.9,13.26,97,62,Bojonegoro,-7.1507,111.8815
2022-10-19,31.8,23.3,26.0,4.0,4.0,2.92,7.9,13.64,97,60,Bojonegoro,-7.1507,111.8815
2022-10-20,30.2,23.5,26.2,11.6,11.6,3.2,13.2,15.57,99,68,Bojonegoro,-7.1507,111.8815
2022-10-21,30.2,23.0,25.5,17.3,17.3,2.61,8.6,12.62,98,70,Bojonegoro,-7.1507,111.8815
2022-10-22,32.4,23.5,27.1,2.8,2.8,4.51,6.8,21.46,98,56,Bojonegoro,-7.1507,111.8815
2022-10-23,31.8,23.4,26.3,11.8,11.8,3.89,11.1,18.76,97,60,Bojonegoro,-7.1507,111.8815
2022-10-24,31.0,23.2,25.6,12.8,12.8,3.32,14.6,16.57,98,68,Bojonegoro,-7.1507,111.8815
2022-10-25,31.5,22.8,25.9,24.8,24.8,3.79,9.5,18.31,97,62,Bojonegoro,-7.1507,111.8815
2022-10-26,29.6,23.6,25.4,21.2,21.2,2.86,12.5,14.08,99,70,Bojonegoro,-7.1507,111.8815
2022-10-27,32.1,22.9,26.6,0.1,0.1,5.0,15.2,22.82,97,50,Bojonegoro,-7.1507,111.8815
2022-10-28,31.8,22.1,26.3,0.0,0.0,5.62,19.6,25.06,91,51,Bojonegoro,-7.1507,111.8815
2022-10-29,31.1,22.6,26.5,0.1,0.1,4.24,12.2,18.95,84,52,Bojonegoro,-7.1507,111.8815
2022-10-30,32.2,22.3,26.8,0.1,0.1,5.53,15.9,24.57,89,49,Bojonegoro,-7.1507,111.8815
2022-10-31,32.2,22.5,26.9,0.4,0.4,5.41,17.6,24.83,90,49,Bojonegoro,-7.1507,111.8815
2022-11-01,31.8,23.3,26.8,4.6,4.6,4.49,11.6,21.52,95,58,Bojonegoro,-7.1507,111.8815
2022-11-02,31.9,22.7,26.5,12.5,12.5,4.08,11.2,19.43,100,57,Bojonegoro,-7.1507,111.8815
2022-11-03,32.0,23.5,27.1,7.1,7.1,4.76,9.2,22.58,97,58,Bojonegoro,-7.1507,111.8815
2022-11-04,32.5,23.0,26.6,11.4,11.4,4.12,18.6,19.92,98,59,Bojonegoro,-7.1507,111.8815
2022-11-05,32.4,23.6,26.9,3.0,3.0,4.23,10.0,20.38,96,61,Bojonegoro,-7.1507,111.8815
2022-11-06,32.4,23.3,26.2,12.6,12.6,4.01,18.6,19.56,97,60,Bojonegoro,-7.1507,111.8815
2022-11-07,27.2,22.8,25.2,10.4,10.4,1.89,7.9,8.94,97,80,Bojonegoro,-7.1507,111.8815
2022-11-08,31.5,24.0,26.7,6.6,6.6,4.57,11.5,21.93,96,61,Bojonegoro,-7.1507,111.8815
2022-11-09,30.0,23.0,25.4,24.4,24.4,2.85,12.2,13.86,98,69,Bojonegoro,-7.1507,111.8815
2022-11-10,31.4,23.1,26.0,18.3,18.3,3.6,14.8,17.32,98,65,Bojonegoro,-7.1507,111.8815
2022-11-11,31.6,23.0,26.1,24.9,24.9,4.18,6.7,20.13,97,60,Bojonegoro,-7.1507,111.8815
2022-11-12,30.0,24.3,26.0,14.2,14.2,2.91,9.9,14.09,97,69,Bojonegoro,-7.1507,111.8815
2022-11-13,30.2,23.5,26.1,11.1,11.1,2.97,11.6,14.33,98,71,Bojonegoro,-7.1507,111.8815
2022-11-14,30.5,24.0,26.1,15.0,15.0,2.79,10.8,13.33,98,70,Bojonegoro,-7.1507,111.8815
2022-11-15,30.0,23.6,26.1,15.5,15.5,3.06,9.4,14.72,98,71,Bojonegoro,-7.1507,111.8815
2022-11-16,29.6,24.0,26.1,19.3,19.3,2.32,15.3,11.1,97,75,Bojonegoro,-7.1507,111.8815
2022-11-17,31.6,24.2,26.6,14.4,14.4,3.57,21.1,17.27,99,65,Bojonegoro,-7.1507,111.8815
2022-11-18,31.6,23.8,26.8,19.9,19.9,3.94,8.7,18.36,97,58,Bojonegoro,-7.1507,111.8815
2022-11-19,27.5,23.6,25.0,14.3,14.3,1.52,8.7,6.87,97,79,Bojonegoro,-7.1507,111.8815
2022-11-20,30.1,22.6,26.0,4.9,4.9,3.48,14.0,17.62,100,70,Bojonegoro,-7.1507,111.8815
2022-11-21,31.6,23.0,26.5,6.5,6.5,4.87,15.1,24.02,96,61,Bojonegoro,-7.1507,111.8815
2022-11-22,32.0,23.5,27.2,3.6,3.6,4.69,12.4,22.24,99,56,Bojonegoro,-7.1507,111.8815
2022-11-23,31.2,24.2,26.5,11.5,11.5,3.57,5.6,17.13,96,63,Bojonegoro,-7.1507,111.8815
2022-11-24,30.9,23.5,25.8,13.7,13.7,3.21,10.5,15.22,100,64,Bojonegoro,-7.1507,111.8815
2022-11-25,31.3,23.2,25.9,21.5,21.5,4.13,13.2,20.39,99,65,Bojonegoro,-7.1507,111.8815
2022-11-26,29.8,22.5,24.9,24.7,24.7,3.1,10.0,15.14,98,70,Bojonegoro,-7.1507,111.8815
2022-11-27,29.0,22.9,25.6,2.0,2.0,2.67,11.7,12.9,96,72,Bojonegoro,-7.1507,111.8815
2022-11-28,30.3,23.6,25.7,20.2,20.2,3.61,11.7,17.54,99,69,Bojonegoro,-7.1507,111.8815
2022-11-29,30.6,23.2,25.9,19.3,19.3,3.47,14.1,17.21,97,70,Bojonegoro,-7.1507,111.8815
2022-11-30,31.4,23.8,26.1,16.9,16.9,4.22,9.8,20.3,98,64,Bojonegoro,-7.1507,111.8815
2022-12-01,31.0,23.2,26.2,20.2,20.2,4.61,13.5,22.65,95,64,Bojonegoro,-7.1507,111.8815
2022-12-02,30.8,22.3,26.1,4.9,4.9,3.52,8.9,16.77,98,61,Bojonegoro,-7.1507,111.8815
2022-12-03,31.0,23.7,26.6,3.5,3.5,4.25,13.9,20.81,97,63,Bojonegoro,-7.1507,111.8815
2022-12-04,30.1,23.5,25.8,20.0,20.0,3.58,14.8,17.83,96,69,Bojonegoro,-7.1507,111.8815
2022-12-05,29.8,22.8,25.8,12.6,12.6,3.12,10.7,15.29,98,75,Bojonegoro,-7.1507,111.8815
2022-12-06,30.3,24.1,26.3,20.8,20.8,3.63,7.1,17.85,95,72,Bojonegoro,-7.1507,111.8815
2022-12-07,31.2,23.5,26.0,13.4,13.4,3.88,17.1,19.14,95,66,Bojonegoro,-7.1507,111.8815
2022-12-08,31.5,23.6,26.6,5.3,5.3,4.56,14.4,22.16,96,65,Bojonegoro,-7.1507,111.8815
2022-12-09,31.9,23.8,26.9,1.7,1.7,5.01,13.3,24.13,96,58,Bojonegoro,-7.1507,111.8815
2022-12-10,31.8,22.8,27.0,0.3,0.3,5.25,15.1,24.05,98,56,Bojonegoro,-7.1507,111.8815
2022-12-11,31.9,23.4,26.9,2.9,2.9,4.78,9.8,23.37,97,64,Bojonegoro,-7.1507,111.8815
2022-12-12,32.0,23.2,27.0,3.7,3.7,4.79,11.8,23.21,98,62,Bojonegoro,-7.1507,111.8815
2022-12-13,31.7,23.7,26.6,12.0,12.0,4.4,13.3,21.53,96,66,Bojonegoro,-7.1507,111.8815
2022-12-14,30.5,23.6,26.0,20.2,20.2,3.38,10.0,16.56,98,68,Bojonegoro,-7.1507,111.8815
2022-12-15,31.2,22.9,25.9,14.4,14.4,4.0,14.5,19.72,98,66,Bojonegoro,-7.1507,111.8815
2022-12-16,28.8,23.0,25.2,23.7,23.7,2.15,13.4,10.39,98,79,Bojonegoro,-7.1507,111.8815
2022-12-17,30.8,23.8,25.9,8.4,8.4,3.88,13.8,19.21,96,70,Bojonegoro,-7.1507,111.8815
2022-12-18,31.8,22.4,26.6,3.0,3.0,5.08,8.9,24.91,99,62,Bojonegoro,-7.1507,111.8815
2022-12-19,31.9,23.0,26.7,1.6,1.6,4.93,9.8,24.21,99,55,Bojonegoro,-7.1507,111.8815
2022-12-20,32.0,23.8,26.6,2.2,2.2,4.68,15.7,22.96,95,58,Bojonegoro,-7.1507,111.8815
2022-12-21,31.5,23.1,26.6,29.2,29.2,4.56,12.6,22.33,98,65,Bojonegoro,-7.1507,111.8815
2022-12-22,30.0,23.9,25.8,15.2,15.2,2.95,17.7,14.4,96,71,Bojonegoro,-7.1507,111.8815
2022-12-23,29.5,23.9,25.7,5.6,5.6,2.81,23.1,12.81,94,67,Bojonegoro,-7.1507,111.8815
2022-12-24,29.8,23.7,26.3,1.3,1.3,3.55,19.9,16.56,95,66,Bojonegoro,-7.1507,111.8815
2022-12-25,28.5,23.2,25.1,15.6,15.6,1.99,19.2,9.47,95,77,Bojonegoro,-7.1507,111.8815
2022-12-26,28.3,23.4,25.0,12.5,12.5,2.62,22.4,12.96,97,74,Bojonegoro,-7.1507,111.8815
2022-12-27,28.6,22.9,24.8,6.0,6.0,2.46,19.2,11.98,96,70,Bojonegoro,-7.1507,111.8815
2022-12-28,31.0,23.0,26.4,3.8,3.8,4.52,25.8,20.87,95,56,Bojonegoro,-7.1507,111.8815
2022-12-29,28.3,24.0,25.6,9.8,9.8,2.54,18.0,11.81,94,75,Bojonegoro,-7.1507,111.8815
2022-12-30,27.7,23.7,25.1,12.3,12.3,1.99,16.3,9.15,97,80,Bojonegoro,-7.1507,111.8815
2022-12-31,27.5,23.1,24.7,12.3,12.3,1.85,20.6,8.97,97,81,Bojonegoro,-7.1507,111.8815
2023-01-01,28.1,22.8,25.3,8.0,8.0,2.63,23.7,12.6,96,75,Bojonegoro,-7.1507,111.8815
2023-01-02,28.8,24.0,25.8,7.1,7.1,3.57,25.1,17.69,91,74,Bojonegoro,-7.1507,111.8815
2023-01-03,30.5,23.1,25.9,7.5,7.5,4.16,21.3,20.8,96,68,Bojonegoro,-7.1507,111.8815
2023-01-04,30.4,23.5,26.2,4.1,4.1,4.39,23.4,21.46,94,69,Bojonegoro,-7.1507,111.8815
2023-01-05,29.9,23.2,25.9,1.2,1.2,3.95,20.0,19.7,95,68,Bojonegoro,-7.1507,111.8815
2023-01-06,30.6,24.0,26.2,11.3,11.3,3.55,16.0,17.52,95,68,Bojonegoro,-7.1507,111.8815
2023-01-07,32.0,23.5,26.3,14.1,14.1,4.73,11.5,23.19,97,60,Bojonegoro,-7.1507,111.8815
2023-01-08,30.8,23.5,26.2,2.8,2.8,4.44,9.7,21.92,96,65,Bojonegoro,-7.1507,111.8815
2023-01-09,31.5,22.0,25.7,11.3,11.3,4.62,17.7,22.94,99,62,Bojonegoro,-7.1507,111.8815
2023-01-10,31.0,22.4,25.5,6.4,6.4,4.21,13.2,21.05,99,67,Bojonegoro,-7.1507,111.8815
2023-01-11,31.4,23.0,26.6,0.5,0.5,4.72,15.2,23.0,96,63,Bojonegoro,-7.1507,111.8815
2023-01-12,31.3,22.6,26.8,0.4,0.4,5.08,15.5,24.05,97,59,Bojonegoro,-7.1507,111.8815
2023-01-13,31.5,23.1,27.1,0.5,0.5,5.29,8.2,25.44,94,55,Bojonegoro,-7.1507,111.8815
2023-01-14,31.8,23.4,27.2,1.7,1.7,5.21,12.7,25.02,96,55,Bojonegoro,-7.1507,111.8815
2023-01-15,30.9,23.8,26.3,4.4,4.4,3.89,18.1,19.26,96,67,Bojonegoro,-7.1507,111.8815
2023-01-16,30.5,23.6,26.2,12.2,12.2,3.51,14.4,17.24,96,68,Bojonegoro,-7.1507,111.8815
2023-01-17,30.1,23.8,25.8,11.5,11.5,2.99,14.2,14.74,97,71,Bojonegoro,-7.1507,111.8815
2023-01-18,30.4,23.5,25.6,8.9,8.9,3.46,9.5,16.64,96,68,Bojonegoro,-7.1507,111.8815
2023-01-19,30.3,23.5,25.7,4.5,4.5,3.44,14.8,16.7,97,67,Bojonegoro,-7.1507,111.8815
2023-01-20,30.6,22.7,25.8,1.0,1.0,3.9,15.6,19.44,98,65,Bojonegoro,-7.1507,111.8815
2023-01-21,31.1,22.9,25.9,9.7,9.7,4.45,14.8,22.08,99,67,Bojonegoro,-7.1507,111.8815
2023-01-22,31.0,23.3,26.0,3.4,3.4,4.22,8.6,21.19,98,66,Bojonegoro,-7.1507,111.8815
2023-01-23,31.0,23.7,26.8,0.3,0.3,4.72,15.6,22.8,97,60,Bojonegoro,-7.1507,111.8815
2023-01-24,32.0,23.2,26.6,9.7,9.7,4.79,10.6,23.45,97,58,Bojonegoro,-7.1507,111.8815
2023-01-25,29.8,23.8,25.7,14.7,14.7,3.17,12.9,15.24,96,69,Bojonegoro,-7.1507,111.8815
2023-01-26,30.0,23.3,25.5,18.3,18.3,3.28,14.3,16.51,95,70,Bojonegoro,-7.1507,111.8815
2023-01-27,29.0,23.5,25.4,17.0,17.0,2.5,15.0,12.21,96,74,Bojonegoro,-7.1507,111.8815
2023-01-28,28.5,23.7,25.1,15.4,15.4,2.19,12.7,10.87,98,74,Bojonegoro,-7.1507,111.8815
2023-01-29,29.2,23.1,25.7,18.0,18.0,2.99,16.0,14.85,99,75,Bojonegoro,-7.1507,111.8815
2023-01-30,30.0,23.5,26.2,1.5,1.5,3.4,18.5,16.41,96,70,Bojonegoro,-7.1507,111.8815
2023-01-31,31.0,23.6,26.2,2.7,2.7,3.82,18.4,19.03,96,69,Bojonegoro,-7.1507,111.8815
2023-02-01,30.9,23.5,25.6,19.2,19.2,3.2,21.3,15.94,96,68,Bojonegoro,-7.1507,111.8815
2023-02-02,28.6,24.1,25.4,11.6,11.6,1.98,15.0,9.21,97,70,Bojonegoro,-7.1507,111.8815
2023-02-03,29.3,23.4,25.8,7.9,7.9,2.32,18.7,9.05,97,69,Bojonegoro,-7.1507,111.8815
2023-02-04,30.7,24.1,26.0,10.5,10.5,3.24,12.9,15.72,96,70,Bojonegoro,-7.1507,111.8815
2023-02-05,29.4,23.7,25.8,6.5,6.5,3.15,15.3,15.55,97,74,Bojonegoro,-7.1507,111.8815
2023-02-06,29.9,23.4,25.9,2.1,2.1,2.68,14.9,12.24,94,66,Bojonegoro,-7.1507,111.8815
2023-02-07,29.4,22.9,25.4,23.8,23.8,3.02,13.9,14.96,95,71,Bojonegoro,-7.1507,111.8815
2023-02-08,28.0,23.9,25.6,8.8,8.8,2.35,13.9,11.25,96,78,Bojonegoro,-7.1507,111.8815
2023-02-09,29.7,23.4,25.5,15.0,15.0,2.69,14.3,13.17,97,72,Bojonegoro,-7.1507,111.8815
2023-02-10,30.5,23.6,26.3,5.9,5.9,3.9,15.4,19.05,97,66,Bojonegoro,-7.1507,111.8815
2023-02-11,29.2,24.0,25.6,12.7,12.7,2.61,16.6,13.1,97,74,Bojonegoro,-7.1507,111.8815
2023-02-12,29.1,23.5,25.4,19.1,19.1,2.48,15.4,12.41,98,80,Bojonegoro,-7.1507,111.8815
2023-02-13,30.3,23.6,25.7,12.1,12.1,3.83,17.6,18.93,96,68,Bojonegoro,-7.1507,111.8815
2023-02-14,31.0,23.0,25.6,12.7,12.7,4.0,15.2,20.53,96,66,Bojonegoro,-7.1507,111.8815
2023-02-15,30.1,23.4,25.2,17.3,17.3,3.23,17.5,16.32,96,70,Bojonegoro,-7.1507,111.8815
2023-02-16,29.0,23.2,24.9,26.0,26.0,2.74,11.7,13.77,96,74,Bojonegoro,-7.1507,111.8815
2023-02-17,29.0,23.2,25.6,12.3,12.3,3.36,17.4,17.31,96,74,Bojonegoro,-7.1507,111.8815
2023-02-18,29.8,23.5,25.6,23.0,23.0,3.5,16.2,17.98,97,73,Bojonegoro,-7.1507,111.8815
2023-02-19,30.8,23.2,25.9,9.5,9.5,4.25,21.5,21.34,96,64,Bojonegoro,-7.1507,111.8815
2023-02-20,30.6,23.1,25.8,14.8,14.8,3.91,14.8,19.65,96,68,Bojonegoro,-7.1507,111.8815
2023-02-21,30.1,23.8,25.9,17.5,17.5,3.4,13.8,16.92,96,71,Bojonegoro,-7.1507,111.8815
2023-02-22,29.6,23.2,25.8,10.2,10.2,3.43,22.6,17.44,96,72,Bojonegoro,-7.1507,111.8815
2023-02-23,29.5,23.6,25.9,11.2,11.2,2.86,16.8,13.99,96,72,Bojonegoro,-7.1507,111.8815
2023-02-24,28.2,24.0,25.9,6.4,6.4,2.58,21.3,12.38,96,77,Bojonegoro,-7.1507,111.8815
2023-02-25,30.5,23.9,26.6,4.1,4.1,3.81,22.0,17.23,96,70,Bojonegoro,-7.1507,111.8815
2023-02-26,29.0,23.7,25.9,11.4,11.4,3.37,22.5,16.15,94,72,Bojonegoro,-7.1507,111.8815
2023-02-27,27.8,24.0,25.4,7.9,7.9,2.56,21.1,12.62,95,77,Bojonegoro,-7.1507,111.8815
2023-02-28,29.8,24.0,25.8,18.5,18.5,3.24,19.6,15.17,94,71,Bojonegoro,-7.1507,111.8815
2023-03-01,30.5,23.0,25.3,58.7,58.7,3.54,14.8,17.72,96,69,Bojonegoro,-7.1507,111.8815
2023-03-02,26.9,23.2,24.3,53.2,53.2,1.96,18.5,9.85,97,83,Bojonegoro,-7.1507,111.8815
2023-03-03,30.1,23.1,25.7,5.5,5.5,4.17,13.6,21.21,96,68,Bojonegoro,-7.1507,111.8815
2023-03-04,31.0,22.8,25.7,4.8,4.8,3.94,20.0,19.72,97,64,Bojonegoro,-7.1507,111.8815
2023-03-05,30.2,22.9,25.6,13.1,13.1,3.94,15.2,19.79,98,69,Bojonegoro,-7.1507,111.8815
2023-03-06,31.1,23.2,26.6,0.9,0.9,4.59,11.1,22.08,97,61,Bojonegoro,-7.1507,111.8815
2023-03-07,31.6,22.0,26.1,3.3,3.3,4.8,6.9,23.85,100,61,Bojonegoro,-7.1507,111.8815
2023-03-08,31.1,23.2,25.3,3.7,3.7,3.81,13.3,19.03,97,62,Bojonegoro,-7.1507,111.8815
2023-03-09,31.0,22.8,25.8,9.4,9.4,4.33,10.0,21.59,97,66,Bojonegoro,-7.1507,111.8815
2023-03-10,31.6,23.3,26.4,5.4,5.4,4.71,11.2,23.18,96,59,Bojonegoro,-7.1507,111.8815
2023-03-11,31.8,23.0,26.9,3.0,3.0,4.71,12.4,23.0,99,66,Bojonegoro,-7.1507,111.8815
2023-03-12,31.6,22.9,26.9,3.7,3.7,5.11,11.2,24.72,99,56,Bojonegoro,-7.1507,111.8815
2023-03-13,31.5,23.0,26.4,3.2,3.2,4.78,13.0,23.67,97,56,Bojonegoro,-7.1507,111.8815
2023-03-14,30.7,23.1,25.3,24.7,24.7,4.12,9.9,20.51,99,66,Bojonegoro,-7.1507,111.8815
2023-03-15,30.6,22.8,26.1,3.8,3.8,4.08,11.8,20.3,98,69,Bojonegoro,-7.1507,111.8815
2023-03-16,31.4,24.1,26.7,5.8,5.8,4.18,14.4,20.93,98,65,Bojonegoro,-7.1507,111.8815
2023-03-17,30.8,24.0,26.5,9.7,9.7,3.71,9.0,18.26,98,71,Bojonegoro,-7.1507,111.8815
2023-03-18,31.5,22.8,26.5,4.9,4.9,4.47,9.7,22.33,100,65,Bojonegoro,-7.1507,111.8815
2023-03-19,30.9,23.1,26.7,5.4,5.4,4.36,17.9,22.03,100,70,Bojonegoro,-7.1507,111.8815
2023-03-20,31.5,23.4,26.1,12.0,12.0,4.15,11.0,20.56,100,70,Bojonegoro,-7.1507,111.8815
2023-03-21,31.9,22.4,26.6,2.7,2.7,4.87,13.1,23.92,98,62,Bojonegoro,-7.1507,111.8815
2023-03-22,30.0,23.1,26.3,5.9,5.9,3.16,7.5,15.46,97,74,Bojonegoro,-7.1507,111.8815
2023-03-23,31.1,23.6,26.8,16.4,16.4,4.0,16.1,19.76,96,71,Bojonegoro,-7.1507,111.8815
2023-03-24,31.4,24.3,26.6,19.6,19.6,3.74,11.7,18.14,99,68,Bojonegoro,-7.1507,111.8815
2023-03-25,30.3,23.5,26.0,13.6,13.6,3.09,8.8,15.18,98,72,Bojonegoro,-7.1507,111.8815
2023-03-26,30.5,23.0,25.8,7.6,7.6,3.45,12.9,17.35,99,70,Bojonegoro,-7.1507,111.8815
2023-03-27,29.8,23.6,26.0,6.3,6.3,2.76,9.8,13.5,99,73,Bojonegoro,-7.1507,111.8815
2023-03-28,29.6,23.9,25.9,19.2,19.2,2.93,12.6,14.63,98,72,Bojonegoro,-7.1507,111.8815
2023-03-29,31.3,23.9,26.9,7.5,7.5,3.8,9.7,18.14,98,64,Bojonegoro,-7.1507,111.8815
2023-03-30,31.2,24.0,26.5,14.1,14.1,3.64,13.8,17.58,96,66,Bojonegoro,-7.1507,111.8815
2023-03-31,29.6,23.4,25.5,21.0,21.0,3.04,10.1,14.94,98,71,Bojonegoro,-7.1507,111.8815
2023-04-01,30.1,23.5,25.4,27.6,27.6,3.35,10.1,16.35,97,70,Bojonegoro,-7.1507,111.8815
2023-04-02,30.6,22.5,25.2,17.2,17.2,3.65,20.0,18.39,100,70,Bojonegoro,-7.1507,111.8815
2023-04-03,31.1,23.5,26.1,3.3,3.3,3.92,9.4,18.99,98,62,Bojonegoro,-7.1507,111.8815
2023-04-04,30.2,23.6,25.9,1.0,1.0,3.6,7.3,17.45,99,64,Bojonegoro,-7.1507,111.8815
2023-04-05,31.6,24.0,26.8,0.5,0.5,4.72,12.1,22.92,95,55,Bojonegoro,-7.1507,111.8815
2023-04-06,31.0,23.1,25.8,8.3,8.3,3.89,11.6,19.21,97,65,Bojonegoro,-7.1507,111.8815
2023-04-07,30.3,23.3,26.6,0.2,0.2,3.49,6.3,16.78,97,66,Bojonegoro,-7.1507,111.8815
2023-04-08,31.8,23.5,26.5,18.8,18.8,4.43,14.0,21.6,98,59,Bojonegoro,-7.1507,111.8815
2023-04-09,31.0,23.2,26.5,1.4,1.4,4.31,13.1,21.3,99,65,Bojonegoro,-7.1507,111.8815
2023-04-10,30.4,23.5,25.8,6.0,6.0,3.9,21.2,20.07,98,70,Bojonegoro,-7.1507,111.8815
2023-04-11,31.0,23.3,26.8,7.2,7.2,4.25,13.2,20.98,96,65,Bojonegoro,-7.1507,111.8815
2023-04-12,31.2,23.8,26.4,14.4,14.4,4.03,12.4,19.94,98,65,Bojonegoro,-7.1507,111.8815
2023-04-13,30.1,23.9,26.1,13.0,13.0,2.75,9.2,13.22,99,72,Bojonegoro,-7.1507,111.8815
2023-04-14,31.1,24.4,26.6,5.4,5.4,3.86,8.4,18.76,94,64,Bojonegoro,-7.1507,111.8815
2023-04-15,31.1,24.0,26.9,2.8,2.8,4.22,10.7,20.56,94,67,Bojonegoro,-7.1507,111.8815
2023-04-16,31.4,23.9,26.7,14.7,14.7,4.03,6.8,19.7,96,65,Bojonegoro,-7.1507,111.8815
2023-04-17,30.5,23.9,26.4,6.8,6.8,3.47,6.6,16.91,97,71,Bojonegoro,-7.1507,111.8815
2023-04-18,30.6,24.1,26.5,6.1,6.1,3.68,16.1,18.65,98,75,Bojonegoro,-7.1507,111.8815
2023-04-19,32.5,24.5,27.8,1.2,1.2,4.66,10.0,22.36,96,57,Bojonegoro,-7.1507,111.8815
2023-04-20,32.2,23.8,27.2,5.4,5.4,4.33,8.7,20.81,95,60,Bojonegoro,-7.1507,111.8815
2023-04-21,31.8,23.5,26.6,4.3,4.3,3.68,14.8,18.1,97,66,Bojonegoro,-7.1507,111.8815
2023-04-22,31.5,23.4,26.8,1.6,1.6,3.93,10.0,19.3,99,66,Bojonegoro,-7.1507,111.8815
2023-04-23,32.0,24.5,27.4,2.0,2.0,4.44,12.2,21.68,96,64,Bojonegoro,-7.1507,111.8815
2023-04-24,32.0,24.0,27.2,6.2,6.2,4.24,11.8,20.55,96,65,Bojonegoro,-7.1507,111.8815
2023-04-25,32.0,23.0,27.2,1.4,1.4,4.56,10.0,21.81,98,57,Bojonegoro,-7.1507,111.8815
2023-04-26,30.9,24.0,27.0,7.8,7.8,3.94,12.9,19.61,97,70,Bojonegoro,-7.1507,111.8815
2023-04-27,31.3,24.2,26.8,3.8,3.8,3.77,12.4,18.71,97,69,Bojonegoro,-7.1507,111.8815
2023-04-28,31.0,24.6,26.8,19.8,19.8,3.12,17.3,15.11,95,69,Bojonegoro,-7.1507,111.8815
2023-04-29,29.0,23.6,25.5,27.6,27.6,2.08,17.4,10.12,97,77,Bojonegoro,-7.1507,111.8815
2023-04-30,31.6,23.6,26.5,6.4,6.4,3.88,12.6,19.0,100,64,Bojonegoro,-7.1507,111.8815
2023-05-01,30.2,23.5,26.3,16.5,16.5,3.03,11.1,15.17,98,74,Bojonegoro,-7.1507,111.8815
2023-05-02,30.0,23.2,26.3,4.9,4.9,3.11,10.2,15.33,98,75,Bojonegoro,-7.1507,111.8815
2023-05-03,30.2,24.0,26.5,13.0,13.0,3.11,13.0,15.44,97,72,Bojonegoro,-7.1507,111.8815
2023-05-04,31.4,24.2,26.6,20.9,20.9,3.32,9.8,16.27,99,70,Bojonegoro,-7.1507,111.8815
2023-05-05,32.0,23.8,27.4,0.8,0.8,4.46,9.4,21.39,98,60,Bojonegoro,-7.1507,111.8815
2023-05-06,31.7,24.1,27.0,1.9,1.9,3.86,8.0,19.02,99,67,Bojonegoro,-7.1507,111.8815
2023-05-07,31.4,25.1,27.5,2.4,2.4,4.04,11.1,19.56,92,64,Bojonegoro,-7.1507,111.8815
2023-05-08,31.9,23.8,27.8,0.4,0.4,4.18,5.9,20.27,94,57,Bojonegoro,-7.1507,111.8815
2023-05-09,31.9,23.9,26.8,6.5,6.5,3.83,13.0,18.49,99,64,Bojonegoro,-7.1507,111.8815
2023-05-10,30.6,24.1,26.7,7.5,7.5,3.37,17.6,16.6,98,73,Bojonegoro,-7.1507,111.8815
2023-05-11,29.6,24.1,25.9,21.1,21.1,2.43,13.3,12.08,97,75,Bojonegoro,-7.1507,111.8815
2023-05-12,31.2,23.8,27.1,7.7,7.7,3.65,11.8,18.12,97,71,Bojonegoro,-7.1507,111.8815
2023-05-13,31.1,24.8,27.2,0.1,0.1,4.87,19.7,21.2,96,60,Bojonegoro,-7.1507,111.8815
2023-05-14,30.9,22.8,26.5,0.2,0.2,4.91,18.0,21.94,92,59,Bojonegoro,-7.1507,111.8815
2023-05-15,30.5,21.6,26.3,0.0,0.0,4.34,12.6,19.99,93,59,Bojonegoro,-7.1507,111.8815
2023-05-16,30.6,22.8,26.6,0.0,0.0,4.83,16.1,21.66,86,56,Bojonegoro,-7.1507,111.8815
2023-05-17,30.8,22.0,26.4,0.0,0.0,4.67,13.5,21.68,91,54,Bojonegoro,-7.1507,111.8815
2023-05-18,31.1,22.8,26.7,0.2,0.2,4.61,14.1,21.42,89,54,Bojonegoro,-7.1507,111.8815
2023-05-19,31.5,23.2,27.3,0.0,0.0,4.43,10.2,20.73,86,53,Bojonegoro,-7.1507,111.8815
2023-05-20,31.5,23.5,27.3,0.0,0.0,4.66,16.4,21.1,87,55,Bojonegoro,-7.1507,111.8815
2023-05-21,31.4,23.0,27.1,0.0,0.0,4.62,13.8,21.34,90,56,Bojonegoro,-7.1507,111.8815
2023-05-22,30.9,22.4,26.8,0.0,0.0,4.45,13.0,20.81,91,55,Bojonegoro,-7.1507,111.8815
2023-05-23,31.6,22.3,26.8,0.0,0.0,4.61,10.1,21.64,91,51,Bojonegoro,-7.1507,111.8815
2023-05-24,31.8,22.9,27.2,0.1,0.1,4.35,10.7,20.03,95,52,Bojonegoro,-7.1507,111.8815
2023-05-25,32.0,23.3,27.5,0.0,0.0,4.58,15.1,20.69,91,53,Bojonegoro,-7.1507,111.8815
2023-05-26,32.8,22.8,27.5,0.0,0.0,4.7,14.6,20.96,90,49,Bojonegoro,-7.1507,111.8815
2023-05-27,32.5,24.0,27.8,0.0,0.0,5.13,19.7,20.98,83,48,Bojonegoro,-7.1507,111.8815
2023-05-28,31.1,23.5,27.1,0.0,0.0,4.21,14.5,17.35,83,53,Bojonegoro,-7.1507,111.8815
2023-05-29,32.0,23.5,27.6,0.0,0.0,4.47,13.8,19.15,82,50,Bojonegoro,-7.1507,111.8815
2023-05-30,32.4,22.5,27.4,0.0,0.0,4.7,11.3,20.26,94,47,Bojonegoro,-7.1507,111.8815
2023-05-31,33.0,23.0,27.8,0.0,0.0,4.67,13.0,20.26,91,44,Bojonegoro,-7.1507,111.8815
2023-06-01,33.0,23.4,28.1,0.0,0.0,4.58,15.1,19.28,92,48,Bojonegoro,-7.1507,111.8815
2023-06-02,33.5,24.1,28.4,0.0,0.0,4.98,19.7,20.62,89,46,Bojonegoro,-7.1507,111.8815
2023-06-03,33.5,24.1,28.6,0.1,0.1,4.83,12.4,20.53,87,49,Bojonegoro,-7.1507,111.8815
2023-06-04,33.2,24.5,28.1,0.5,0.5,4.4,16.4,18.32,91,51,Bojonegoro,-7.1507,111.8815
2023-06-05,32.7,24.8,27.7,2.4,2.4,3.61,15.8,15.84,86,53,Bojonegoro,-7.1507,111.8815
2023-06-06,32.9,24.1,27.4,3.3,3.3,4.09,14.9,17.83,91,53,Bojonegoro,-7.1507,111.8815
2023-06-07,32.5,24.0,27.6,2.0,2.0,4.23,14.1,18.73,91,53,Bojonegoro,-7.1507,111.8815
2023-06-08,32.7,23.3,27.6,0.4,0.4,4.38,11.2,19.43,95,49,Bojonegoro,-7.1507,111.8815
2023-06-09,33.1,23.9,28.0,0.5,0.5,4.52,12.1,19.66,89,46,Bojonegoro,-7.1507,111.8815
2023-06-10,33.5,23.4,28.1,0.0,0.0,4.58,11.8,19.39,90,43,Bojonegoro,-7.1507,111.8815
2023-06-11,33.5,23.2,27.9,0.8,0.8,4.55,18.0,18.86,91,46,Bojonegoro,-7.1507,111.8815
2023-06-12,33.7,24.3,28.4,0.2,0.2,4.48,18.7,18.42,90,48,Bojonegoro,-7.1507,111.8815
2023-06-13,33.2,24.4,28.4,0.5,0.5,4.51,12.6,18.5,87,44,Bojonegoro,-7.1507,111.8815
2023-06-14,33.5,24.2,28.4,0.0,0.0,4.78,12.4,19.85,83,40,Bojonegoro,-7.1507,111.8815
2023-06-15,33.4,23.5,27.9,0.0,0.0,4.16,11.8,16.63,87,44,Bojonegoro,-7.1507,111.8815
2023-06-16,33.0,23.9,28.0,0.1,0.1,4.4,12.1,19.23,87,44,Bojonegoro,-7.1507,111.8815
2023-06-17,33.7,23.5,28.3,0.3,0.3,4.56,14.5,19.0,90,45,Bojonegoro,-7.1507,111.8815
2023-06-18,33.5,23.3,27.9,0.0,0.0,4.95,16.3,20.59,92,43,Bojonegoro,-7.1507,111.8815
2023-06-19,34.3,23.0,27.8,8.1,8.1,4.24,14.3,19.09,97,41,Bojonegoro,-7.1507,111.8815
2023-06-20,32.7,22.6,27.5,0.5,0.5,4.29,13.0,19.53,97,49,Bojonegoro,-7.1507,111.8815
2023-06-21,33.8,23.6,28.4,0.2,0.2,5.04,16.8,19.34,86,43,Bojonegoro,-7.1507,111.8815
2023-06-22,34.2,23.1,28.3,0.5,0.5,4.47,11.7,19.98,92,42,Bojonegoro,-7.1507,111.8815
2023-06-23,32.6,23.3,27.8,0.0,0.0,4.24,9.4,19.26,94,49,Bojonegoro,-7.1507,111.8815
2023-06-24,33.8,23.1,27.9,0.1,0.1,4.61,15.3,20.84,90,41,Bojonegoro,-7.1507,111.8815
2023-06-25,33.6,23.1,27.9,0.4,0.4,4.44,13.5,19.2,91,42,Bojonegoro,-7.1507,111.8815
2023-06-26,33.6,23.4,27.7,2.4,2.4,4.22,12.4,19.21,90,44,Bojonegoro,-7.1507,111.8815
2023-06-27,33.2,23.3,27.6,0.2,0.2,4.69,20.4,17.88,93,47,Bojonegoro,-7.1507,111.8815
2023-06-28,33.5,23.1,27.7,0.4,0.4,4.86,20.9,19.18,91,46,Bojonegoro,-7.1507,111.8815
2023-06-29,33.2,23.8,28.2,0.1,0.1,4.89,18.7,19.54,90,50,Bojonegoro,-7.1507,111.8815
2023-06-30,33.2,23.3,28.1,0.5,0.5,4.74,18.1,19.59,91,48,Bojonegoro,-7.1507,111.8815
2023-07-01,33.2,24.0,27.7,1.4,1.4,4.48,19.1,17.98,88,50,Bojonegoro,-7.1507,111.8815
2023-07-02,33.2,24.0,27.2,8.4,8.4,3.98,16.0,17.04,96,48,Bojonegoro,-7.1507,111.8815
2023-07-03,33.0,23.0,27.4,0.6,0.6,4.47,15.8,18.81,92,49,Bojonegoro,-7.1507,111.8815
2023-07-04,33.0,23.1,27.7,0.0,0.0,4.45,15.3,19.24,93,48,Bojonegoro,-7.1507,111.8815
2023-07-05,33.2,23.9,27.7,1.3,1.3,4.2,17.2,17.14,90,50,Bojonegoro,-7.1507,111.8815
2023-07-06,32.3,23.8,27.4,0.9,0.9,4.23,17.7,18.68,93,55,Bojonegoro,-7.1507,111.8815
2023-07-07,31.8,23.7,26.5,4.0,4.0,3.49,12.4,16.18,93,56,Bojonegoro,-7.1507,111.8815
2023-07-08,29.8,23.2,26.3,2.6,2.6,2.77,13.5,12.34,93,65,Bojonegoro,-7.1507,111.8815
2023-07-09,32.5,22.7,27.5,0.0,0.0,4.58,15.5,19.69,97,48,Bojonegoro,-7.1507,111.8815
2023-07-10,33.2,23.2,27.5,0.2,0.2,4.9,15.6,20.7,94,46,Bojonegoro,-7.1507,111.8815
2023-07-11,33.0,23.7,27.7,0.0,0.0,4.79,12.8,20.52,87,43,Bojonegoro,-7.1507,111.8815
2023-07-12,32.7,21.8,27.1,0.0,0.0,4.84,18.2,18.71,88,43,Bojonegoro,-7.1507,111.8815
2023-07-13,32.9,23.9,27.7,0.3,0.3,4.72,17.8,19.3,79,49,Bojonegoro,-7.1507,111.8815
2023-07-14,32.3,23.6,27.4,0.0,0.0,5.19,23.6,19.48,85,46,Bojonegoro,-7.1507,111.8815
2023-07-15,33.5,22.5,27.4,0.0,0.0,4.81,21.2,20.17,89,41,Bojonegoro,-7.1507,111.8815
2023-07-16,32.5,21.8,27.0,0.0,0.0,5.25,20.1,20.16,95,43,Bojonegoro,-7.1507,111.8815
2023-07-17,33.0,21.9,27.2,0.0,0.0,5.18,12.7,21.57,87,39,Bojonegoro,-7.1507,111.8815
2023-07-18,33.5,22.2,27.1,0.0,0.0,5.42,17.5,21.87,90,29,Bojonegoro,-7.1507,111.8815
2023-07-19,32.8,21.2,26.7,0.0,0.0,5.62,25.7,21.35,95,41,Bojonegoro,-7.1507,111.8815
2023-07-20,32.3,21.0,26.5,0.0,0.0,5.48,21.5,21.63,76,40,Bojonegoro,-7.1507,111.8815
2023-07-21,32.8,22.1,26.8,0.0,0.0,5.49,20.9,20.35,85,39,Bojonegoro,-7.1507,111.8815
2023-07-22,33.3,22.0,27.5,0.0,0.0,5.36,16.1,21.4,80,39,Bojonegoro,-7.1507,111.8815
2023-07-23,32.0,24.0,27.8,0.0,0.0,4.7,19.7,16.64,74,46,Bojonegoro,-7.1507,111.8815
2023-07-24,32.9,22.6,27.6,0.1,0.1,4.58,13.0,19.25,83,44,Bojonegoro,-7.1507,111.8815
2023-07-25,33.0,22.0,27.3,0.0,0.0,4.57,15.4,19.08,93,43,Bojonegoro,-7.1507,111.8815
2023-07-26,32.8,22.6,26.9,0.0,0.0,5.38,17.3,22.17,87,40,Bojonegoro,-7.1507,111.8815
2023-07-27,33.2,20.5,26.4,0.0,0.0,5.02,18.6,21.57,89,38,Bojonegoro,-7.1507,111.8815
2023-07-28,32.2,21.9,26.8,0.0,0.0,5.13,16.6,20.84,85,39,Bojonegoro,-7.1507,111.8815
2023-07-29,33.0,21.8,26.9,0.0,0.0,5.65,17.6,22.17,82,38,Bojonegoro,-7.1507,111.8815
2023-07-30,33.3,22.6,26.9,0.0,0.0,5.82,20.0,21.47,74,36,Bojonegoro,-7.1507,111.8815
2023-07-31,33.1,21.5,27.2,0.0,0.0,5.56,17.9,22.18,83,37,Bojonegoro,-7.1507,111.8815
2023-08-01,34.2,21.5,27.6,0.0,0.0,5.16,16.2,20.12,93,40,Bojonegoro,-7.1507,111.8815
2023-08-02,34.8,22.6,27.8,1.4,1.4,4.84,15.2,20.77,93,43,Bojonegoro,-7.1507,111.8815
2023-08-03,33.7,23.4,27.9,0.0,0.0,5.14,18.2,19.1,89,37,Bojonegoro,-7.1507,111.8815
2023-08-04,33.3,23.2,27.6,0.0,0.0,5.27,19.9,19.9,90,43,Bojonegoro,-7.1507,111.8815
2023-08-05,34.5,22.0,27.9,0.0,0.0,5.37,13.7,21.88,88,37,Bojonegoro,-7.1507,111.8815
2023-08-06,33.8,23.1,27.8,0.6,0.6,4.92,14.5,20.63,86,43,Bojonegoro,-7.1507,111.8815
2023-08-07,33.0,23.6,27.8,0.1,0.1,4.73,10.5,20.67,86,44,Bojonegoro,-7.1507,111.8815
2023-08-08,33.6,22.7,27.4,0.1,0.1,4.83,14.1,19.44,90,41,Bojonegoro,-7.1507,111.8815
2023-08-09,33.9,22.5,27.1,0.0,0.0,5.05,18.0,21.7,80,35,Bojonegoro,-7.1507,111.8815
2023-08-10,33.2,22.7,26.9,0.0,0.0,5.52,15.6,23.6,82,32,Bojonegoro,-7.1507,111.8815
2023-08-11,32.8,20.8,26.5,0.0,0.0,5.52,20.3,23.33,90,34,Bojonegoro,-7.1507,111.8815
2023-08-12,33.0,21.1,26.8,0.0,0.0,5.41,14.5,23.21,84,35,Bojonegoro,-7.1507,111.8815
2023-08-13,34.5,21.2,27.1,0.0,0.0,5.27,20.6,22.09,87,32,Bojonegoro,-7.1507,111.8815
2023-08-14,34.5,22.9,27.6,0.0,0.0,5.27,15.7,22.15,82,30,Bojonegoro,-7.1507,111.8815
2023-08-15,34.2,22.4,27.7,0.0,0.0,5.66,18.4,22.27,88,34,Bojonegoro,-7.1507,111.8815
2023-08-16,34.2,22.1,27.6,0.0,0.0,5.75,19.3,22.51,84,34,Bojonegoro,-7.1507,111.8815
2023-08-17,33.4,22.1,27.0,0.0,0.0,5.88,21.0,22.73,80,36,Bojonegoro,-7.1507,111.8815
2023-08-18,33.5,21.0,26.8,0.0,0.0,5.19,21.9,20.7,88,33,Bojonegoro,-7.1507,111.8815
2023-08-19,34.8,22.2,28.0,0.0,0.0,5.55,14.7,21.92,85,32,Bojonegoro,-7.1507,111.8815
2023-08-20,34.7,23.1,27.9,0.0,0.0,5.77,23.7,21.38,86,34,Bojonegoro,-7.1507,111.8815
2023-08-21,34.8,23.0,28.2,0.0,0.0,5.69,19.7,21.54,82,34,Bojonegoro,-7.1507,111.8815
2023-08-22,34.3,23.9,28.0,0.0,0.0,5.72,18.9,20.88,80,35,Bojonegoro,-7.1507,111.8815
2023-08-23,34.8,22.1,27.6,0.0,0.0,5.83,21.8,21.32,83,33,Bojonegoro,-7.1507,111.8815
2023-08-24,34.5,23.0,28.0,0.0,0.0,6.27,18.5,23.58,79,30,Bojonegoro,-7.1507,111.8815
2023-08-25,35.6,22.4,28.2,0.0,0.0,5.41,12.6,22.17,90,32,Bojonegoro,-7.1507,111.8815
2023-08-26,34.8,24.5,28.5,0.0,0.0,5.67,15.1,22.15,75,34,Bojonegoro,-7.1507,111.8815
2023-08-27,34.1,22.5,27.7,0.0,0.0,5.69,18.7,22.67,83,31,Bojonegoro,-7.1507,111.8815
2023-08-28,35.1,22.4,27.8,1.0,1.0,5.78,20.7,23.8,80,30,Bojonegoro,-7.1507,111.8815
2023-08-29,35.2,22.9,28.0,0.0,0.0,5.92,18.6,24.46,85,32,Bojonegoro,-7.1507,111.8815
2023-08-30,35.0,22.0,27.6,0.0,0.0,5.68,17.5,23.67,90,32,Bojonegoro,-7.1507,111.8815
2023-08-31,35.0,22.7,27.9,0.0,0.0,6.0,16.6,23.51,89,32,Bojonegoro,-7.1507,111.8815
2023-09-01,35.2,22.3,27.7,0.0,0.0,5.65,14.1,22.56,83,31,Bojonegoro,-7.1507,111.8815
2023-09-02,34.2,21.7,27.3,0.0,0.0,6.22,17.3,24.58,82,20,Bojonegoro,-7.1507,111.8815
2023-09-03,34.5,22.1,27.3,0.0,0.0,6.13,20.5,23.69,85,30,Bojonegoro,-7.1507,111.8815
2023-09-04,34.6,22.0,27.6,0.0,0.0,6.19,15.4,25.23,83,24,Bojonegoro,-7.1507,111.8815
2023-09-05,35.4,21.5,27.9,0.0,0.0,6.34,18.8,23.58,81,31,Bojonegoro,-7.1507,111.8815
2023-09-06,34.8,22.5,28.0,0.0,0.0,5.73,23.7,20.38,83,35,Bojonegoro,-7.1507,111.8815
2023-09-07,36.3,22.6,28.4,0.0,0.0,5.57,15.8,22.78,81,29,Bojonegoro,-7.1507,111.8815
2023-09-08,35.5,22.7,28.4,0.0,0.0,6.08,15.1,23.95,83,27,Bojonegoro,-7.1507,111.8815
2023-09-09,35.7,22.1,28.2,0.0,0.0,6.48,14.4,25.83,74,18,Bojonegoro,-7.1507,111.8815
2023-09-10,36.0,22.6,27.9,0.0,0.0,6.6,25.3,24.91,81,29,Bojonegoro,-7.1507,111.8815
2023-09-11,36.9,23.0,29.1,0.0,0.0,6.55,18.8,24.7,80,29,Bojonegoro,-7.1507,111.8815
2023-09-12,36.5,23.4,29.2,0.0,0.0,6.11,13.7,23.7,87,31,Bojonegoro,-7.1507,111.8815
2023-09-13,37.0,22.9,28.9,0.0,0.0,6.05,15.0,23.34,85,26,Bojonegoro,-7.1507,111.8815
2023-09-14,33.9,24.6,28.3,1.8,1.8,5.75,17.1,20.96,75,39,Bojonegoro,-7.1507,111.8815
2023-09-15,36.7,22.5,28.7,0.0,0.0,6.58,22.2,24.3,84,28,Bojonegoro,-7.1507,111.8815
2023-09-16,35.3,23.9,28.6,0.0,0.0,6.0,14.5,24.03,78,38,Bojonegoro,-7.1507,111.8815
2023-09-17,34.5,24.5,28.5,2.4,2.4,5.55,16.4,22.29,85,39,Bojonegoro,-7.1507,111.8815
2023-09-18,34.9,23.9,28.4,0.0,0.0,6.53,24.2,24.68,79,30,Bojonegoro,-7.1507,111.8815
2023-09-19,35.8,22.9,28.6,0.0,0.0,5.63,15.8,21.68,82,31,Bojonegoro,-7.1507,111.8815
2023-09-20,36.0,23.5,28.9,0.2,0.2,6.36,17.4,24.3,76,33,Bojonegoro,-7.1507,111.8815
2023-09-21,35.5,23.0,28.6,0.0,0.0,7.19,25.2,26.09,77,29,Bojonegoro,-7.1507,111.8815
2023-09-22,34.7,22.6,27.8,0.0,0.0,7.0,27.3,26.21,80,21,Bojonegoro,-7.1507,111.8815
2023-09-23,36.5,22.2,28.3,0.0,0.0,6.24,20.8,25.3,82,26,Bojonegoro,-7.1507,111.8815
2023-09-24,36.8,22.9,28.8,0.0,0.0,6.07,18.0,24.18,83,27,Bojonegoro,-7.1507,111.8815
2023-09-25,35.0,22.6,28.2,0.6,0.6,6.54,23.7,24.48,91,34,Bojonegoro,-7.1507,111.8815
2023-09-26,36.8,22.2,28.7,0.0,0.0,7.12,24.5,26.52,76,18,Bojonegoro,-7.1507,111.8815
2023-09-27,36.0,22.7,28.7,0.0,0.0,6.68,19.9,25.82,81,24,Bojonegoro,-7.1507,111.8815
2023-09-28,36.5,22.5,28.9,0.0,0.0,6.68,18.2,26.13,91,25,Bojonegoro,-7.1507,111.8815
2023-09-29,36.5,23.8,29.3,0.0,0.0,6.19,14.3,24.61,87,29,Bojonegoro,-7.1507,111.8815
2023-09-30,36.5,24.6,29.6,0.0,0.0,6.4,12.1,25.71,80,26,Bojonegoro,-7.1507,111.8815
2023-10-01,36.2,23.9,29.3,0.0,0.0,6.17,15.8,24.98,78,27,Bojonegoro,-7.1507,111.8815
2023-10-02,36.5,23.6,29.2,0.0,0.0,6.29,23.1,24.13,79,29,Bojonegoro,-7.1507,111.8815
2023-10-03,36.2,23.6,29.4,0.0,0.0,6.16,15.6,24.42,79,33,Bojonegoro,-7.1507,111.8815
2023-10-04,37.0,24.0,29.5,0.2,0.2,6.27,22.1,25.01,81,33,Bojonegoro,-7.1507,111.8815
2023-10-05,36.3,24.0,29.2,0.3,0.3,6.15,19.5,25.2,88,37,Bojonegoro,-7.1507,111.8815
2023-10-06,38.0,24.7,30.2,0.0,0.0,6.91,22.1,25.46,87,23,Bojonegoro,-7.1507,111.8815
2023-10-07,36.5,24.6,30.0,0.6,0.6,6.4,21.4,24.47,89,34,Bojonegoro,-7.1507,111.8815
2023-10-08,37.0,24.5,30.3,0.0,0.0,7.2,25.1,25.6,86,25,Bojonegoro,-7.1507,111.8815
2023-10-09,38.2,24.1,29.9,0.1,0.1,6.4,22.6,25.38,87,26,Bojonegoro,-7.1507,111.8815
2023-10-10,36.8,25.0,30.0,0.4,0.4,5.85,18.4,24.34,89,33,Bojonegoro,-7.1507,111.8815
2023-10-11,36.9,24.2,29.7,0.0,0.0,6.27,19.0,24.74,87,31,Bojonegoro,-7.1507,111.8815
2023-10-12,36.9,24.2,29.9,0.0,0.0,6.48,18.2,24.23,83,25,Bojonegoro,-7.1507,111.8815
2023-10-13,35.8,24.7,29.6,0.3,0.3,6.2,16.9,23.9,83,32,Bojonegoro,-7.1507,111.8815
2023-10-14,37.1,25.1,30.3,0.0,0.0,6.98,21.7,25.07,80,24,Bojonegoro,-7.1507,111.8815
2023-10-15,37.8,23.5,30.3,0.0,0.0,7.06,24.0,24.91,90,25,Bojonegoro,-7.1507,111.8815
2023-10-16,37.7,25.9,30.8,0.0,0.0,6.86,20.3,24.64,82,29,Bojonegoro,-7.1507,111.8815
2023-10-17,37.8,24.6,30.8,0.0,0.0,7.58,28.1,26.09,87,21,Bojonegoro,-7.1507,111.8815
2023-10-18,38.3,23.6,30.1,0.0,0.0,7.06,20.6,25.92,91,18,Bojonegoro,-7.1507,111.8815
2023-10-19,37.8,24.5,29.8,0.2,0.2,6.36,21.4,24.06,85,27,Bojonegoro,-7.1507,111.8815
2023-10-20,37.5,24.5,30.0,0.1,0.1,6.49,22.9,25.6,85,28,Bojonegoro,-7.1507,111.8815
2023-10-21,38.2,25.1,30.7,0.4,0.4,6.04,18.9,24.73,84,29,Bojonegoro,-7.1507,111.8815
2023-10-22,36.7,23.8,30.1,0.1,0.1,6.04,15.5,24.25,85,32,Bojonegoro,-7.1507,111.8815
2023-10-23,36.0,25.8,30.2,0.2,0.2,6.04,16.7,23.85,84,36,Bojonegoro,-7.1507,111.8815
2023-10-24,37.1,23.7,29.3,10.5,10.5,5.58,15.7,23.51,92,32,Bojonegoro,-7.1507,111.8815
2023-10-25,37.7,22.9,29.3,0.0,0.0,6.34,21.4,25.15,98,26,Bojonegoro,-7.1507,111.8815
2023-10-26,38.2,24.7,30.6,0.6,0.6,6.44,15.5,25.19,84,26,Bojonegoro,-7.1507,111.8815
2023-10-27,38.0,24.7,30.4,0.0,0.0,6.97,23.4,25.5,86,27,Bojonegoro,-7.1507,111.8815
2023-10-28,38.0,23.6,30.5,0.0,0.0,7.22,20.0,26.1,90,22,Bojonegoro,-7.1507,111.8815
2023-10-29,36.8,24.6,30.2,0.2,0.2,6.42,17.7,24.65,82,29,Bojonegoro,-7.1507,111.8815
2023-10-30,36.3,25.6,30.0,0.9,0.9,5.88,15.1,23.75,82,35,Bojonegoro,-7.1507,111.8815
2023-10-31,36.5,25.7,29.9,0.4,0.4,5.69,15.9,23.63,83,37,Bojonegoro,-7.1507,111.8815
2023-11-01,35.9,25.4,30.6,0.3,0.3,5.82,11.9,23.5,83,38,Bojonegoro,-7.1507,111.8815
2023-11-02,37.4,26.1,30.9,0.3,0.3,6.28,18.2,25.17,83,31,Bojonegoro,-7.1507,111.8815
2023-11-03,36.0,24.6,28.3,7.1,7.1,4.48,19.2,19.79,94,42,Bojonegoro,-7.1507,111.8815
2023-11-04,34.3,24.2,27.5,2.4,2.4,4.3,14.3,19.82,95,48,Bojonegoro,-7.1507,111.8815
2023-11-05,34.7,24.1,28.9,2.0,2.0,5.31,13.8,23.54,94,51,Bojonegoro,-7.1507,111.8815
2023-11-06,36.3,24.6,29.8,0.0,0.0,6.15,16.7,25.76,92,35,Bojonegoro,-7.1507,111.8815
2023-11-07,36.9,23.7,29.8,0.0,0.0,6.15,17.5,25.44,93,33,Bojonegoro,-7.1507,111.8815
2023-11-08,36.8,24.7,30.2,0.0,0.0,6.28,12.2,25.81,89,32,Bojonegoro,-7.1507,111.8815
2023-11-09,37.2,25.6,29.8,0.4,0.4,5.12,19.0,21.4,86,36,Bojonegoro,-7.1507,111.8815
2023-11-10,37.0,24.9,28.8,2.1,2.1,4.98,16.5,22.17,89,39,Bojonegoro,-7.1507,111.8815
2023-11-11,36.3,24.1,29.3,1.1,1.1,5.53,12.5,24.06,91,37,Bojonegoro,-7.1507,111.8815
2023-11-12,35.2,25.2,29.1,1.7,1.7,5.38,13.1,22.99,86,42,Bojonegoro,-7.1507,111.8815
2023-11-13,35.3,25.4,29.6,1.1,1.1,5.32,17.1,22.46,85,43,Bojonegoro,-7.1507,111.8815
2023-11-14,36.2,26.0,29.4,11.6,11.6,4.77,15.7,20.75,88,42,Bojonegoro,-7.1507,111.8815
2023-11-15,35.5,25.3,29.0,6.5,6.5,4.85,13.5,21.64,95,46,Bojonegoro,-7.1507,111.8815
2023-11-16,36.5,25.2,28.9,4.4,4.4,5.02,12.6,21.95,94,42,Bojonegoro,-7.1507,111.8815
2023-11-17,36.2,24.5,29.4,2.3,2.3,5.81,13.4,24.45,96,38,Bojonegoro,-7.1507,111.8815
2023-11-18,36.5,23.1,29.4,0.0,0.0,6.35,24.7,24.64,97,33,Bojonegoro,-7.1507,111.8815
2023-11-19,36.5,25.0,30.2,0.2,0.2,6.54,18.4,24.67,83,37,Bojonegoro,-7.1507,111.8815
2023-11-20,35.5,24.9,29.7,5.7,5.7,5.66,16.3,23.03,94,44,Bojonegoro,-7.1507,111.8815
2023-11-21,36.3,24.5,29.9,1.5,1.5,5.9,12.4,24.38,97,39,Bojonegoro,-7.1507,111.8815
2023-11-22,38.0,25.1,30.7,2.0,2.0,6.1,12.4,23.97,86,33,Bojonegoro,-7.1507,111.8815
2023-11-23,36.5,26.2,30.5,1.0,1.0,5.11,10.7,20.87,84,38,Bojonegoro,-7.1507,111.8815
2023-11-24,36.0,24.9,28.3,16.7,16.7,4.31,17.1,19.02,94,43,Bojonegoro,-7.1507,111.8815
2023-11-25,33.1,24.0,27.1,11.3,11.3,4.22,16.7,19.72,96,57,Bojonegoro,-7.1507,111.8815
2023-11-26,34.5,23.1,27.8,4.3,4.3,5.05,18.4,23.32,96,46,Bojonegoro,-7.1507,111.8815
2023-11-27,33.5,24.3,27.6,25.1,25.1,4.35,12.2,20.08,94,50,Bojonegoro,-7.1507,111.8815
2023-11-28,31.5,23.3,27.1,2.3,2.3,3.82,12.3,17.12,96,60,Bojonegoro,-7.1507,111.8815
2023-11-29,33.1,24.6,27.3,14.9,14.9,3.9,11.2,17.99,96,57,Bojonegoro,-7.1507,111.8815
2023-11-30,33.3,24.0,27.2,17.7,17.7,3.9,19.1,18.31,94,57,Bojonegoro,-7.1507,111.8815
2023-12-01,31.5,24.5,26.4,11.6,11.6,2.59,9.7,12.16,96,64,Bojonegoro,-7.1507,111.8815
2023-12-02,31.9,24.0,26.3,9.4,9.4,2.94,13.0,13.99,97,62,Bojonegoro,-7.1507,111.8815
2023-12-03,32.3,24.6,27.0,9.3,9.3,3.61,16.4,17.04,94,58,Bojonegoro,-7.1507,111.8815
2023-12-04,31.8,24.0,26.6,20.8,20.8,3.7,13.2,17.68,96,64,Bojonegoro,-7.1507,111.8815
2023-12-05,32.0,23.4,27.0,5.1,5.1,4.15,10.5,19.86,97,61,Bojonegoro,-7.1507,111.8815
2023-12-06,32.8,24.5,27.5,12.7,12.7,4.36,7.3,20.82,96,58,Bojonegoro,-7.1507,111.8815
2023-12-07,32.8,24.1,27.1,12.0,12.0,4.53,13.5,21.89,99,60,Bojonegoro,-7.1507,111.8815
2023-12-08,32.4,24.2,27.2,3.4,3.4,3.83,8.3,18.28,98,62,Bojonegoro,-7.1507,111.8815
2023-12-09,31.4,24.1,27.5,0.5,0.5,3.65,9.5,16.91,98,62,Bojonegoro,-7.1507,111.8815
2023-12-10,30.9,25.0,26.7,16.7,16.7,2.72,14.1,12.65,95,67,Bojonegoro,-7.1507,111.8815
2023-12-11,33.8,24.2,28.3,0.0,0.0,5.66,14.9,24.24,94,50,Bojonegoro,-7.1507,111.8815
2023-12-12,33.2,22.6,28.1,0.3,0.3,5.5,12.9,25.05,93,53,Bojonegoro,-7.1507,111.8815
2023-12-13,33.0,24.0,27.9,3.1,3.1,4.77,10.9,22.5,97,56,Bojonegoro,-7.1507,111.8815
2023-12-14,32.8,24.9,27.5,15.2,15.2,4.04,10.4,19.02,95,57,Bojonegoro,-7.1507,111.8815
2023-12-15,33.6,24.1,28.1,1.0,1.0,5.02,18.0,22.51,96,47,Bojonegoro,-7.1507,111.8815
2023-12-16,34.0,23.6,28.8,0.0,0.0,5.84,12.7,26.31,90,45,Bojonegoro,-7.1507,111.8815
2023-12-17,34.8,23.5,29.1,0.0,0.0,6.12,15.6,25.81,93,41,Bojonegoro,-7.1507,111.8815
2023-12-18,34.3,24.0,29.1,0.0,0.0,6.12,18.9,25.26,87,42,Bojonegoro,-7.1507,111.8815
2023-12-19,34.5,23.6,28.8,0.0,0.0,6.13,19.2,24.66,85,35,Bojonegoro,-7.1507,111.8815
2023-12-20,35.2,24.2,29.4,0.0,0.0,6.03,16.9,23.98,72,34,Bojonegoro,-7.1507,111.8815
2023-12-21,35.8,24.8,29.6,0.0,0.0,6.16,13.8,26.35,73,33,Bojonegoro,-7.1507,111.8815
2023-12-22,35.3,25.2,29.4,0.9,0.9,5.71,16.8,24.16,81,39,Bojonegoro,-7.1507,111.8815
2023-12-23,37.0,26.5,29.9,2.8,2.8,5.7,17.0,24.33,83,37,Bojonegoro,-7.1507,111.8815
2023-12-24,36.3,24.4,29.5,4.1,4.1,5.73,16.6,25.15,98,36,Bojonegoro,-7.1507,111.8815
2023-12-25,32.5,24.4,27.5,8.0,8.0,4.21,15.3,19.31,97,58,Bojonegoro,-7.1507,111.8815
2023-12-26,33.0,23.9,27.2,6.1,6.1,4.03,11.3,18.84,98,56,Bojonegoro,-7.1507,111.8815
2023-12-27,33.8,24.1,28.0,2.7,2.7,4.55,11.8,21.31,97,56,Bojonegoro,-7.1507,111.8815
2023-12-28,34.2,24.9,27.8,10.4,10.4,4.58,15.8,21.44,97,56,Bojonegoro,-7.1507,111.8815
2023-12-29,34.1,24.3,27.9,10.8,10.8,4.54,16.3,20.89,96,55,Bojonegoro,-7.1507,111.8815
2023-12-30,32.7,24.0,27.1,19.8,19.8,3.68,14.1,17.08,96,62,Bojonegoro,-7.1507,111.8815
2023-12-31,34.3,23.8,27.3,18.2,18.2,4.45,9.7,20.84,98,56,Bojonegoro,-7.1507,111.8815
2024-01-01,32.5,24.3,27.0,19.2,19.2,3.68,14.2,17.66,98,64,Bojonegoro,-7.1507,111.8815
2024-01-02,33.2,23.6,27.3,13.4,13.4,4.33,12.8,20.87,98,59,Bojonegoro,-7.1507,111.8815
2024-01-03,29.9,24.3,26.6,12.7,12.7,3.08,11.2,14.98,97,72,Bojonegoro,-7.1507,111.8815
2024-01-04,32.8,23.8,26.8,8.4,8.4,4.03,14.8,19.58,98,62,Bojonegoro,-7.1507,111.8815
2024-01-05,31.9,23.6,26.1,11.0,11.0,3.14,14.9,15.04,97,62,Bojonegoro,-7.1507,111.8815
2024-01-06,31.0,24.1,26.6,23.5,23.5,3.48,10.5,16.88,98,70,Bojonegoro,-7.1507,111.8815
2024-01-07,28.6,24.4,26.1,16.4,16.4,2.61,11.7,12.79,97,79,Bojonegoro,-7.1507,111.8815
2024-01-08,29.4,23.9,26.4,19.9,19.9,2.74,9.3,13.29,98,78,Bojonegoro,-7.1507,111.8815
2024-01-09,31.2,24.7,27.1,9.3,9.3,3.66,11.0,17.61,98,70,Bojonegoro,-7.1507,111.8815
2024-01-10,32.0,24.5,27.1,28.6,28.6,4.2,11.3,20.16,97,65,Bojonegoro,-7.1507,111.8815
2024-01-11,31.9,24.1,26.9,12.6,12.6,4.34,12.5,21.15,99,68,Bojonegoro,-7.1507,111.8815
2024-01-12,32.4,23.7,27.9,0.2,0.2,5.38,13.0,25.34,100,55,Bojonegoro,-7.1507,111.8815
2024-01-13,32.9,23.3,27.9,1.6,1.6,5.3,12.2,24.81,92,56,Bojonegoro,-7.1507,111.8815
2024-01-14,31.6,24.0,27.5,3.1,3.1,3.78,12.8,17.06,95,57,Bojonegoro,-7.1507,111.8815
2024-01-15,32.4,24.1,27.1,2.1,2.1,3.74,16.8,17.35,96,56,Bojonegoro,-7.1507,111.8815
2024-01-16,32.8,25.2,27.5,4.0,4.0,4.21,13.7,19.88,96,60,Bojonegoro,-7.1507,111.8815
2024-01-17,30.6,23.8,26.1,10.3,10.3,2.9,13.7,13.88,99,69,Bojonegoro,-7.1507,111.8815
2024-01-18,32.5,23.9,27.0,7.9,7.9,4.3,15.7,20.57,94,63,Bojonegoro,-7.1507,111.8815
2024-01-19,30.2,24.2,25.7,15.4,15.4,2.68,13.4,12.65,95,70,Bojonegoro,-7.1507,111.8815
2024-01-20,31.4,22.6,26.5,4.9,4.9,4.31,12.5,20.56,95,66,Bojonegoro,-7.1507,111.8815
2024-01-21,32.1,24.2,27.2,2.7,2.7,4.65,18.8,22.4,91,63,Bojonegoro,-7.1507,111.8815
2024-01-22,30.5,24.0,26.7,5.6,5.6,3.78,17.9,17.89,94,69,Bojonegoro,-7.1507,111.8815
2024-01-23,31.2,24.1,27.4,0.3,0.3,3.96,16.0,18.01,89,65,Bojonegoro,-7.1507,111.8815
2024-01-24,31.6,24.5,26.8,5.1,5.1,3.95,14.1,19.0,95,65,Bojonegoro,-7.1507,111.8815
2024-01-25,31.4,23.9,26.4,18.5,18.5,4.21,15.4,20.65,96,67,Bojonegoro,-7.1507,111.8815
2024-01-26,31.1,23.8,26.1,17.6,17.6,3.3,13.1,16.17,97,66,Bojonegoro,-7.1507,111.8815
2024-01-27,30.9,23.4,25.9,15.7,15.7,3.47,14.2,17.24,98,69,Bojonegoro,-7.1507,111.8815
2024-01-28,31.1,23.5,26.0,12.9,12.9,3.67,14.1,18.58,98,68,Bojonegoro,-7.1507,111.8815
2024-01-29,30.2,23.9,26.3,8.8,8.8,3.37,14.8,16.61,97,73,Bojonegoro,-7.1507,111.8815
2024-01-30,31.4,23.2,26.3,20.5,20.5,3.54,8.7,17.09,98,67,Bojonegoro,-7.1507,111.8815
2024-01-31,31.9,23.5,26.6,13.7,13.7,4.59,12.6,22.63,99,64,Bojonegoro,-7.1507,111.8815
2024-02-01,31.7,24.5,27.0,7.2,7.2,3.96,12.3,18.94,96,61,Bojonegoro,-7.1507,111.8815
2024-02-02,31.2,24.0,26.7,9.9,9.9,3.71,10.9,18.03,95,66,Bojonegoro,-7.1507,111.8815
2024-02-03,30.4,24.5,26.1,16.5,16.5,2.89,15.9,13.91,96,71,Bojonegoro,-7.1507,111.8815
2024-02-04,31.5,23.8,26.1,28.2,28.2,3.57,12.8,17.56,96,65,Bojonegoro,-7.1507,111.8815
2024-02-05,31.5,24.0,26.6,15.1,15.1,3.91,14.5,19.07,97,62,Bojonegoro,-7.1507,111.8815
2024-02-06,31.0,23.3,25.9,12.0,12.0,3.27,14.4,16.24,97,70,Bojonegoro,-7.1507,111.8815
2024-02-07,29.6,23.9,25.9,11.2,11.2,2.78,11.5,13.24,96,73,Bojonegoro,-7.1507,111.8815
2024-02-08,32.0,23.4,26.1,22.7,22.7,3.91,13.4,18.86,99,62,Bojonegoro,-7.1507,111.8815
2024-02-09,32.0,23.5,26.9,9.8,9.8,4.87,11.5,23.58,98,64,Bojonegoro,-7.1507,111.8815
2024-02-10,30.2,23.5,25.9,28.2,28.2,3.22,12.7,15.84,98,72,Bojonegoro,-7.1507,111.8815
2024-02-11,31.2,23.9,26.3,8.3,8.3,4.13,17.9,20.93,97,68,Bojonegoro,-7.1507,111.8815
2024-02-12,31.9,23.5,26.8,7.1,7.1,4.71,14.7,23.22,97,64,Bojonegoro,-7.1507,111.8815
2024-02-13,32.5,23.7,27.3,2.0,2.0,4.69,10.8,22.43,99,57,Bojonegoro,-7.1507,111.8815
2024-02-14,31.1,24.0,26.5,20.5,20.5,3.39,13.8,16.29,97,73,Bojonegoro,-7.1507,111.8815
2024-02-15,32.1,24.5,27.1,6.9,6.9,4.24,13.0,20.57,97,69,Bojonegoro,-7.1507,111.8815
2024-02-16,32.9,24.2,27.7,8.1,8.1,5.0,8.1,23.96,98,59,Bojonegoro,-7.1507,111.8815
2024-02-17,32.5,24.2,26.5,32.1,32.1,4.11,18.8,20.18,96,65,Bojonegoro,-7.1507,111.8815
2024-02-18,32.3,23.6,26.6,5.4,5.4,4.12,10.3,20.2,99,65,Bojonegoro,-7.1507,111.8815
2024-02-19,32.2,24.0,27.3,14.7,14.7,4.53,12.7,22.07,97,66,Bojonegoro,-7.1507,111.8815
2024-02-20,32.3,24.5,27.7,7.2,7.2,4.56,11.9,21.95,98,68,Bojonegoro,-7.1507,111.8815
2024-02-21,32.5,24.4,27.1,20.7,20.7,4.46,12.2,21.74,97,68,Bojonegoro,-7.1507,111.8815
2024-02-22,32.3,24.3,27.9,2.6,2.6,5.04,15.8,23.91,98,61,Bojonegoro,-7.1507,111.8815
2024-02-23,30.6,24.8,26.9,9.8,9.8,3.34,13.4,16.29,97,73,Bojonegoro,-7.1507,111.8815
2024-02-24,30.5,24.5,26.5,15.1,15.1,2.91,11.5,14.13,97,75,Bojonegoro,-7.1507,111.8815
2024-02-25,29.1,24.0,26.1,15.4,15.4,2.48,12.3,11.94,97,78,Bojonegoro,-7.1507,111.8815
2024-02-26,32.0,23.9,26.4,14.2,14.2,3.91,14.7,19.45,98,66,Bojonegoro,-7.1507,111.8815
2024-02-27,32.4,24.6,27.2,7.0,7.0,4.19,13.5,20.12,96,64,Bojonegoro,-7.1507,111.8815
2024-02-28,30.0,24.6,26.7,34.4,34.4,3.17,12.4,15.63,95,73,Bojonegoro,-7.1507,111.8815
2024-02-29,31.2,24.7,26.8,14.9,14.9,3.72,5.8,18.15,100,75,Bojonegoro,-7.1507,111.8815
2024-03-01,32.1,24.6,26.8,18.6,18.6,3.55,13.4,17.46,98,69,Bojonegoro,-7.1507,111.8815
2024-03-02,30.0,24.4,27.1,6.9,6.9,3.41,11.9,16.52,100,75,Bojonegoro,-7.1507,111.8815
2024-03-03,31.8,24.6,27.0,12.7,12.7,4.02,13.5,19.92,97,70,Bojonegoro,-7.1507,111.8815
2024-03-04,31.5,24.3,27.3,3.9,3.9,3.98,10.9,19.61,97,68,Bojonegoro,-7.1507,111.8815
2024-03-05,31.8,24.5,27.0,17.1,17.1,3.62,9.7,17.59,98,70,Bojonegoro,-7.1507,111.8815
2024-03-06,31.5,24.0,27.0,19.2,19.2,3.73,12.3,18.03,97,71,Bojonegoro,-7.1507,111.8815
2024-03-07,31.2,24.1,26.8,18.0,18.0,2.98,11.1,13.98,99,71,Bojonegoro,-7.1507,111.8815
2024-03-08,31.2,24.8,26.7,40.4,40.4,3.1,12.3,15.08,97,73,Bojonegoro,-7.1507,111.8815
2024-03-09,27.1,24.0,25.4,16.0,16.0,1.39,17.4,5.96,96,85,Bojonegoro,-7.1507,111.8815
2024-03-10,29.1,23.8,26.1,4.9,4.9,2.61,11.2,11.75,94,69,Bojonegoro,-7.1507,111.8815
2024-03-11,30.1,24.1,26.5,10.0,10.0,2.68,16.1,13.04,98,76,Bojonegoro,-7.1507,111.8815
2024-03-12,30.0,24.4,26.7,6.5,6.5,2.85,18.0,13.09,98,71,Bojonegoro,-7.1507,111.8815
2024-03-13,29.3,24.1,26.1,13.1,13.1,2.48,23.0,11.83,95,75,Bojonegoro,-7.1507,111.8815
2024-03-14,29.9,24.3,26.1,12.3,12.3,2.81,19.0,13.72,96,72,Bojonegoro,-7.1507,111.8815
2024-03-15,30.3,24.1,26.3,8.4,8.4,3.33,25.3,16.53,96,68,Bojonegoro,-7.1507,111.8815
2024-03-16,31.0,24.1,26.8,3.5,3.5,4.29,20.3,21.29,95,69,Bojonegoro,-7.1507,111.8815
2024-03-17,30.5,23.6,26.4,3.8,3.8,3.57,19.1,17.22,96,70,Bojonegoro,-7.1507,111.8815
2024-03-18,30.9,24.4,27.1,4.8,4.8,4.26,14.2,20.35,95,64,Bojonegoro,-7.1507,111.8815
2024-03-19,32.2,24.2,27.8,0.0,0.0,5.4,13.3,25.17,92,57,Bojonegoro,-7.1507,111.8815
2024-03-20,32.0,23.0,27.2,2.2,2.2,4.99,13.3,23.94,94,60,Bojonegoro,-7.1507,111.8815
2024-03-21,30.9,23.8,26.8,9.2,9.2,4.34,15.0,21.51,96,70,Bojonegoro,-7.1507,111.8815
2024-03-22,32.0,23.4,27.0,3.0,3.0,4.66,10.8,22.73,97,61,Bojonegoro,-7.1507,111.8815
2024-03-23,32.4,25.3,27.9,2.2,2.2,4.8,13.1,23.07,94,59,Bojonegoro,-7.1507,111.8815
2024-03-24,31.7,24.9,27.2,3.9,3.9,4.46,15.6,21.99,95,67,Bojonegoro,-7.1507,111.8815
2024-03-25,31.8,24.8,27.5,5.4,5.4,4.66,8.4,22.44,95,61,Bojonegoro,-7.1507,111.8815
2024-03-26,32.7,24.0,27.5,1.4,1.4,4.85,11.5,23.24,95,61,Bojonegoro,-7.1507,111.8815
2024-03-27,33.4,24.1,28.2,2.2,2.2,5.14,11.2,24.08,94,54,Bojonegoro,-7.1507,111.8815
2024-03-28,32.3,24.2,26.6,16.5,16.5,3.88,15.5,18.87,96,62,Bojonegoro,-7.1507,111.8815
2024-03-29,31.9,24.0,26.9,9.7,9.7,4.52,14.0,22.37,97,67,Bojonegoro,-7.1507,111.8815
2024-03-30,32.2,25.0,27.8,4.8,4.8,4.58,8.2,22.02,95,66,Bojonegoro,-7.1507,111.8815
2024-03-31,32.8,25.2,28.1,3.7,3.7,4.92,12.3,23.39,97,61,Bojonegoro,-7.1507,111.8815
2024-04-01,32.8,24.4,27.2,13.2,13.2,4.14,9.0,20.05,97,65,Bojonegoro,-7.1507,111.8815
2024-04-02,30.6,24.3,26.9,3.6,3.6,3.56,11.9,17.47,97,70,Bojonegoro,-7.1507,111.8815
2024-04-03,32.2,23.8,27.3,5.5,5.5,4.14,11.6,20.26,96,69,Bojonegoro,-7.1507,111.8815
2024-04-04,33.0,24.0,27.7,13.8,13.8,4.9,9.7,23.39,99,58,Bojonegoro,-7.1507,111.8815
2024-04-05,31.5,24.1,26.8,16.2,16.2,3.64,13.7,17.34,98,63,Bojonegoro,-7.1507,111.8815
2024-04-06,32.4,23.8,27.9,0.6,0.6,5.04,8.4,24.05,98,55,Bojonegoro,-7.1507,111.8815
2024-04-07,32.7,24.5,28.1,1.3,1.3,4.94,9.5,23.42,98,56,Bojonegoro,-7.1507,111.8815
2024-04-08,31.9,24.5,27.6,7.6,7.6,4.25,10.4,20.46,97,64,Bojonegoro,-7.1507,111.8815
2024-04-09,30.7,24.5,26.5,12.7,12.7,2.68,14.5,12.77,96,70,Bojonegoro,-7.1507,111.8815
2024-04-10,31.4,24.6,26.8,14.2,14.2,3.44,11.9,16.58,100,70,Bojonegoro,-7.1507,111.8815
2024-04-11,31.8,24.0,26.6,17.3,17.3,3.4,7.6,16.5,99,68,Bojonegoro,-7.1507,111.8815
2024-04-12,31.6,24.6,27.1,17.1,17.1,4.22,11.0,20.45,96,66,Bojonegoro,-7.1507,111.8815
2024-04-13,31.4,24.4,26.8,14.2,14.2,3.83,18.0,18.95,96,71,Bojonegoro,-7.1507,111.8815
2024-04-14,31.3,24.3,26.7,3.6,3.6,3.82,10.8,18.95,95,72,Bojonegoro,-7.1507,111.8815
2024-04-15,30.8,24.1,27.1,3.9,3.9,4.13,12.7,20.56,97,73,Bojonegoro,-7.1507,111.8815
2024-04-16,32.1,24.4,27.7,0.9,0.9,4.51,11.4,21.86,98,68,Bojonegoro,-7.1507,111.8815
2024-04-17,30.6,25.2,26.9,5.5,5.5,3.11,10.2,15.06,95,74,Bojonegoro,-7.1507,111.8815
2024-04-18,30.7,24.4,26.7,14.5,14.5,3.31,9.4,16.27,96,70,Bojonegoro,-7.1507,111.8815
2024-04-19,31.1,23.7,26.4,18.3,18.3,3.75,12.0,18.53,98,74,Bojonegoro,-7.1507,111.8815
2024-04-20,32.1,24.5,27.4,2.1,2.1,3.82,12.9,18.68,96,66,Bojonegoro,-7.1507,111.8815
2024-04-21,32.0,25.0,27.1,14.9,14.9,3.78,7.3,18.03,96,69,Bojonegoro,-7.1507,111.8815
2024-04-22,31.4,24.4,27.1,8.9,8.9,3.61,11.0,17.33,98,71,Bojonegoro,-7.1507,111.8815
2024-04-23,30.5,24.0,26.4,17.4,17.4,2.64,11.6,12.63,98,75,Bojonegoro,-7.1507,111.8815
2024-04-24,30.3,24.2,26.6,21.9,21.9,2.77,11.4,13.5,98,74,Bojonegoro,-7.1507,111.8815
2024-04-25,29.6,24.1,26.2,5.9,5.9,2.52,10.4,12.28,98,77,Bojonegoro,-7.1507,111.8815
2024-04-26,31.1,24.0,26.9,7.0,7.0,3.57,11.9,17.95,98,74,Bojonegoro,-7.1507,111.8815
2024-04-27,32.0,24.3,27.3,6.9,6.9,3.98,20.9,19.94,99,70,Bojonegoro,-7.1507,111.8815
2024-04-28,31.8,24.7,27.6,4.0,4.0,4.06,10.1,19.94,95,73,Bojonegoro,-7.1507,111.8815
2024-04-29,32.7,24.8,28.2,0.2,0.2,4.53,10.5,21.49,94,60,Bojonegoro,-7.1507,111.8815
2024-04-30,32.2,24.6,28.1,0.4,0.4,4.51,14.4,20.59,94,61,Bojonegoro,-7.1507,111.8815
2024-05-01,32.3,24.4,28.2,0.4,0.4,4.68,13.8,21.01,91,60,Bojonegoro,-7.1507,111.8815
2024-05-02,32.3,25.4,27.9,1.3,1.3,4.44,12.7,20.65,88,67,Bojonegoro,-7.1507,111.8815
2024-05-03,32.6,24.7,28.2,0.0,0.0,4.85,12.8,22.22,91,59,Bojonegoro,-7.1507,111.8815
2024-05-04,32.3,24.0,27.7,0.0,0.0,4.95,18.7,21.79,92,52,Bojonegoro,-7.1507,111.8815
2024-05-05,32.0,22.4,26.9,0.0,0.0,4.99,15.7,21.99,89,52,Bojonegoro,-7.1507,111.8815
2024-05-06,31.9,23.2,27.3,0.0,0.0,4.92,16.3,21.9,89,51,Bojonegoro,-7.1507,111.8815
2024-05-07,32.6,22.7,27.6,0.0,0.0,4.95,17.1,22.38,94,52,Bojonegoro,-7.1507,111.8815
2024-05-08,31.9,24.5,27.3,5.1,5.1,4.35,12.7,20.68,93,61,Bojonegoro,-7.1507,111.8815
2024-05-09,32.2,23.6,27.3,2.1,2.1,4.13,12.0,19.75,97,62,Bojonegoro,-7.1507,111.8815
2024-05-10,32.6,24.4,28.3,0.8,0.8,4.6,13.1,20.79,95,57,Bojonegoro,-7.1507,111.8815
2024-05-11,32.1,24.7,27.4,6.5,6.5,3.84,18.4,18.82,94,66,Bojonegoro,-7.1507,111.8815
2024-05-12,33.0,24.5,28.1,0.0,0.0,4.39,16.5,19.86,93,50,Bojonegoro,-7.1507,111.8815
2024-05-13,32.7,23.2,28.0,0.0,0.0,4.69,9.6,21.57,95,54,Bojonegoro,-7.1507,111.8815
2024-05-14,32.5,24.1,28.0,0.4,0.4,4.35,12.4,20.09,94,57,Bojonegoro,-7.1507,111.8815
2024-05-15,32.7,24.0,28.0,0.3,0.3,4.48,10.0,20.25,95,54,Bojonegoro,-7.1507,111.8815
2024-05-16,33.0,23.6,28.0,0.0,0.0,4.7,12.5,21.2,91,52,Bojonegoro,-7.1507,111.8815
2024-05-17,32.9,23.7,28.3,0.0,0.0,4.79,12.4,21.2,93,51,Bojonegoro,-7.1507,111.8815
2024-05-18,32.9,23.9,28.2,0.0,0.0,4.74,12.1,21.14,94,51,Bojonegoro,-7.1507,111.8815
2024-05-19,32.5,24.4,28.3,0.0,0.0,4.83,13.9,21.22,84,52,Bojonegoro,-7.1507,111.8815
2024-05-20,32.7,23.9,28.1,0.0,0.0,4.93,13.6,21.27,85,51,Bojonegoro,-7.1507,111.8815
2024-05-21,32.8,23.4,28.1,0.0,0.0,4.89,12.0,21.31,92,51,Bojonegoro,-7.1507,111.8815
2024-05-22,33.2,23.9,28.2,0.0,0.0,4.57,11.8,20.76,91,49,Bojonegoro,-7.1507,111.8815
2024-05-23,33.4,24.5,27.6,10.0,10.0,4.2,11.4,19.41,97,54,Bojonegoro,-7.1507,111.8815
2024-05-24,32.3,24.0,27.0,12.5,12.5,3.77,15.7,18.24,98,61,Bojonegoro,-7.1507,111.8815
2024-05-25,32.0,24.0,27.4,2.9,2.9,3.95,10.9,18.95,98,61,Bojonegoro,-7.1507,111.8815
2024-05-26,32.3,24.5,28.0,0.0,0.0,4.52,13.0,20.4,93,56,Bojonegoro,-7.1507,111.8815
2024-05-27,32.5,23.6,27.5,0.5,0.5,4.29,13.7,20.58,95,60,Bojonegoro,-7.1507,111.8815
2024-05-28,32.2,23.9,27.7,0.4,0.4,4.13,13.6,19.38,96,58,Bojonegoro,-7.1507,111.8815
2024-05-29,32.7,24.3,28.1,0.0,0.0,4.41,12.5,20.16,98,54,Bojonegoro,-7.1507,111.8815
2024-05-30,32.7,24.1,28.2,0.0,0.0,4.78,14.8,20.74,92,56,Bojonegoro,-7.1507,111.8815
2024-05-31,32.5,24.5,28.2,1.2,1.2,4.18,10.2,19.23,89,59,Bojonegoro,-7.1507,111.8815
2024-06-01,33.3,24.5,28.2,1.0,1.0,4.18,13.0,19.6,92,55,Bojonegoro,-7.1507,111.8815
2024-06-02,33.3,24.2,27.4,2.7,2.7,3.6,8.8,17.11,96,58,Bojonegoro,-7.1507,111.8815
2024-06-03,33.0,24.1,27.7,1.0,1.0,4.22,17.7,19.16,99,54,Bojonegoro,-7.1507,111.8815
2024-06-04,32.1,25.3,28.1,0.2,0.2,4.04,9.2,18.77,87,55,Bojonegoro,-7.1507,111.8815
2024-06-05,32.9,24.2,28.2,0.0,0.0,4.93,19.1,20.49,90,50,Bojonegoro,-7.1507,111.8815
2024-06-06,32.4,22.9,27.4,0.0,0.0,4.37,11.2,20.28,93,53,Bojonegoro,-7.1507,111.8815
2024-06-07,32.7,23.4,27.3,0.8,0.8,4.24,12.6,19.91,94,51,Bojonegoro,-7.1507,111.8815
2024-06-08,32.0,24.0,27.7,2.7,2.7,3.88,14.0,17.74,94,56,Bojonegoro,-7.1507,111.8815
2024-06-09,31.5,24.2,26.9,1.9,1.9,3.12,13.8,14.56,95,64,Bojonegoro,-7.1507,111.8815
2024-06-10,32.2,24.0,27.7,1.0,1.0,3.96,10.2,18.51,94,58,Bojonegoro,-7.1507,111.8815
2024-06-11,32.0,24.1,27.3,0.8,0.8,3.93,11.5,18.39,95,62,Bojonegoro,-7.1507,111.8815
2024-06-12,32.6,24.2,27.1,9.0,9.0,4.01,11.8,19.11,95,58,Bojonegoro,-7.1507,111.8815
2024-06-13,31.5,23.5,26.7,7.6,7.6,3.42,13.4,16.64,98,62,Bojonegoro,-7.1507,111.8815
2024-06-14,31.5,24.0,26.9,4.9,4.9,3.57,12.7,17.16,97,62,Bojonegoro,-7.1507,111.8815
2024-06-15,30.6,23.8,26.2,7.0,7.0,2.84,10.4,13.65,97,65,Bojonegoro,-7.1507,111.8815
2024-06-16,31.7,22.4,26.9,0.1,0.1,4.06,11.5,18.84,96,57,Bojonegoro,-7.1507,111.8815
2024-06-17,32.5,23.9,27.5,0.6,0.6,4.24,16.3,18.83,90,52,Bojonegoro,-7.1507,111.8815
2024-06-18,32.2,23.8,27.4,0.0,0.0,4.91,16.8,21.01,96,44,Bojonegoro,-7.1507,111.8815
2024-06-19,32.1,22.4,26.6,0.0,0.0,4.91,16.4,21.15,94,43,Bojonegoro,-7.1507,111.8815
2024-06-20,32.0,22.2,26.5,0.0,0.0,4.85,15.3,21.04,93,42,Bojonegoro,-7.1507,111.8815
2024-06-21,32.0,21.4,26.6,0.0,0.0,4.65,13.7,20.61,91,45,Bojonegoro,-7.1507,111.8815
2024-06-22,32.7,22.0,27.0,0.0,0.0,4.77,16.5,20.5,92,42,Bojonegoro,-7.1507,111.8815
2024-06-23,33.4,22.2,27.6,0.4,0.4,4.56,13.2,19.44,93,45,Bojonegoro,-7.1507,111.8815
2024-06-24,32.5,24.0,27.0,4.6,4.6,3.62,13.0,16.9,93,53,Bojonegoro,-7.1507,111.8815
2024-06-25,33.0,23.7,27.3,2.7,2.7,4.23,11.3,19.04,88,51,Bojonegoro,-7.1507,111.8815
2024-06-26,32.4,23.7,27.7,0.0,0.0,4.31,14.0,18.86,90,54,Bojonegoro,-7.1507,111.8815
2024-06-27,32.2,24.1,27.8,1.3,1.3,4.2,14.6,18.92,93,54,Bojonegoro,-7.1507,111.8815
2024-06-28,32.3,24.0,27.6,0.4,0.4,3.95,12.2,17.89,96,57,Bojonegoro,-7.1507,111.8815
2024-06-29,32.3,24.0,28.0,0.6,0.6,4.54,16.8,19.07,96,54,Bojonegoro,-7.1507,111.8815
2024-06-30,33.4,23.9,28.3,0.0,0.0,4.69,18.7,19.56,91,49,Bojonegoro,-7.1507,111.8815
2024-07-01,32.8,24.7,28.2,0.0,0.0,4.17,9.2,19.11,84,48,Bojonegoro,-7.1507,111.8815
2024-07-02,32.5,24.9,27.5,0.9,0.9,3.51,12.6,15.82,91,55,Bojonegoro,-7.1507,111.8815
2024-07-03,32.5,23.8,27.7,0.4,0.4,3.91,12.6,16.32,93,52,Bojonegoro,-7.1507,111.8815
2024-07-04,31.0,23.9,26.2,7.0,7.0,2.4,13.1,10.89,94,58,Bojonegoro,-7.1507,111.8815
2024-07-05,32.2,23.5,27.6,0.0,0.0,4.55,17.7,19.88,87,52,Bojonegoro,-7.1507,111.8815
2024-07-06,32.9,23.2,27.3,0.2,0.2,4.38,15.7,19.12,90,46,Bojonegoro,-7.1507,111.8815
2024-07-07,31.8,23.4,26.5,1.2,1.2,3.36,16.5,16.08,95,56,Bojonegoro,-7.1507,111.8815
2024-07-08,31.6,23.4,27.2,0.7,0.7,4.38,13.5,19.9,97,53,Bojonegoro,-7.1507,111.8815
2024-07-09,32.6,22.8,27.3,0.0,0.0,4.49,10.2,20.7,92,47,Bojonegoro,-7.1507,111.8815
2024-07-10,33.2,22.8,27.7,0.0,0.0,5.0,14.9,20.78,94,44,Bojonegoro,-7.1507,111.8815
2024-07-11,32.4,22.5,27.4,0.0,0.0,5.14,20.6,19.83,84,41,Bojonegoro,-7.1507,111.8815
2024-07-12,33.2,21.5,27.1,0.0,0.0,5.19,19.3,20.65,90,35,Bojonegoro,-7.1507,111.8815
2024-07-13,32.3,21.6,26.6,0.0,0.0,5.6,21.7,21.96,88,34,Bojonegoro,-7.1507,111.8815
2024-07-14,31.8,21.0,26.4,0.0,0.0,5.13,15.2,21.91,84,35,Bojonegoro,-7.1507,111.8815
2024-07-15,32.5,20.5,26.6,0.0,0.0,5.42,23.1,20.49,91,37,Bojonegoro,-7.1507,111.8815
2024-07-16,33.5,23.1,27.5,0.0,0.0,4.96,13.8,20.74,78,40,Bojonegoro,-7.1507,111.8815
2024-07-17,32.9,22.4,27.0,0.0,0.0,5.35,18.8,21.05,83,35,Bojonegoro,-7.1507,111.8815
2024-07-18,32.8,21.9,27.3,0.0,0.0,4.5,16.8,17.01,94,40,Bojonegoro,-7.1507,111.8815
2024-07-19,33.8,23.1,27.6,0.0,0.0,5.3,12.8,21.35,84,37,Bojonegoro,-7.1507,111.8815
2024-07-20,34.2,22.9,27.6,0.0,0.0,5.32,21.4,20.7,83,36,Bojonegoro,-7.1507,111.8815
2024-07-21,33.5,22.5,27.8,0.0,0.0,5.05,15.6,19.37,82,38,Bojonegoro,-7.1507,111.8815
2024-07-22,33.0,22.5,27.4,0.0,0.0,4.86,22.7,18.28,83,41,Bojonegoro,-7.1507,111.8815
2024-07-23,33.9,23.3,27.9,0.0,0.0,4.55,13.4,19.67,84,39,Bojonegoro,-7.1507,111.8815
2024-07-24,34.0,23.1,28.0,0.0,0.0,4.69,11.9,19.24,83,35,Bojonegoro,-7.1507,111.8815
2024-07-25,34.0,23.6,27.9,0.0,0.0,4.62,12.8,19.79,79,37,Bojonegoro,-7.1507,111.8815
2024-07-26,34.2,22.8,28.0,0.0,0.0,5.14,20.1,20.59,85,35,Bojonegoro,-7.1507,111.8815
2024-07-27,34.8,22.9,28.1,0.0,0.0,5.12,19.7,21.24,89,34,Bojonegoro,-7.1507,111.8815
2024-07-28,34.4,22.2,27.9,0.0,0.0,5.62,22.9,21.95,92,38,Bojonegoro,-7.1507,111.8815
2024-07-29,34.3,21.9,27.8,0.0,0.0,5.08,15.8,20.84,87,36,Bojonegoro,-7.1507,111.8815
2024-07-30,34.2,22.4,28.0,0.5,0.5,5.17,15.8,20.98,91,43,Bojonegoro,-7.1507,111.8815
2024-07-31,33.8,23.8,27.9,2.4,2.4,4.64,16.6,19.97,87,47,Bojonegoro,-7.1507,111.8815
2024-08-01,33.8,24.0,28.1,0.9,0.9,4.69,16.0,19.32,91,48,Bojonegoro,-7.1507,111.8815
2024-08-02,32.8,24.0,27.1,2.4,2.4,4.09,13.9,18.69,94,53,Bojonegoro,-7.1507,111.8815
2024-08-03,33.8,22.9,27.7,0.0,0.0,5.0,12.7,21.84,98,43,Bojonegoro,-7.1507,111.8815
2024-08-04,33.0,23.5,28.0,0.4,0.4,5.53,20.3,21.92,87,41,Bojonegoro,-7.1507,111.8815
2024-08-05,33.7,21.5,27.7,0.0,0.0,5.26,12.1,22.39,86,34,Bojonegoro,-7.1507,111.8815
2024-08-06,33.8,22.4,27.8,0.0,0.0,5.87,21.1,22.74,88,35,Bojonegoro,-7.1507,111.8815
2024-08-07,34.0,22.5,27.8,0.4,0.4,5.1,17.8,20.89,88,43,Bojonegoro,-7.1507,111.8815
2024-08-08,34.5,23.9,28.3,0.7,0.7,5.32,18.9,20.97,86,40,Bojonegoro,-7.1507,111.8815
2024-08-09,34.5,23.6,28.4,0.0,0.0,4.98,13.5,19.09,86,39,Bojonegoro,-7.1507,111.8815
2024-08-10,35.0,24.2,28.4,0.0,0.0,5.31,14.3,19.58,83,34,Bojonegoro,-7.1507,111.8815
2024-08-11,33.8,21.7,27.4,0.0,0.0,6.13,22.3,22.83,82,34,Bojonegoro,-7.1507,111.8815
2024-08-12,33.2,19.9,26.7,0.0,0.0,5.66,16.3,23.73,81,32,Bojonegoro,-7.1507,111.8815
2024-08-13,34.5,21.8,27.3,0.0,0.0,5.46,23.8,19.93,81,34,Bojonegoro,-7.1507,111.8815
2024-08-14,35.0,22.0,28.0,0.0,0.0,5.62,19.2,22.12,86,34,Bojonegoro,-7.1507,111.8815
2024-08-15,34.1,22.5,27.6,0.0,0.0,5.96,18.9,22.28,80,37,Bojonegoro,-7.1507,111.8815
2024-08-16,33.5,21.9,27.2,0.0,0.0,5.91,19.3,22.94,77,35,Bojonegoro,-7.1507,111.8815
2024-08-17,35.1,21.7,27.8,0.0,0.0,5.83,15.5,22.81,84,34,Bojonegoro,-7.1507,111.8815
2024-08-18,35.3,22.5,27.8,0.0,0.0,5.84,19.4,23.3,81,33,Bojonegoro,-7.1507,111.8815
2024-08-19,35.5,21.2,27.8,0.0,0.0,5.97,20.8,23.59,89,35,Bojonegoro,-7.1507,111.8815
2024-08-20,34.8,22.5,27.8,0.0,0.0,5.71,16.3,23.91,83,36,Bojonegoro,-7.1507,111.8815
2024-08-21,35.5,22.0,28.0,0.0,0.0,5.75,13.0,23.63,90,32,Bojonegoro,-7.1507,111.8815
2024-08-22,35.2,22.1,28.0,0.0,0.0,5.08,13.4,22.23,91,33,Bojonegoro,-7.1507,111.8815
2024-08-23,34.7,23.0,28.2,0.0,0.0,5.53,20.0,20.33,82,36,Bojonegoro,-7.1507,111.8815
2024-08-24,34.7,22.6,28.0,0.0,0.0,5.92,27.1,20.76,86,33,Bojonegoro,-7.1507,111.8815
2024-08-25,35.2,23.0,28.0,0.9,0.9,5.48,22.5,20.66,80,35,Bojonegoro,-7.1507,111.8815
2024-08-26,36.2,23.3,28.8,0.0,0.0,6.25,21.6,23.33,85,34,Bojonegoro,-7.1507,111.8815
2024-08-27,35.0,22.8,28.2,0.0,0.0,6.53,22.9,23.95,75,32,Bojonegoro,-7.1507,111.8815
2024-08-28,35.7,22.6,28.4,0.0,0.0,5.32,16.1,19.3,82,28,Bojonegoro,-7.1507,111.8815
2024-08-29,34.7,23.3,28.5,0.6,0.6,6.06,20.3,22.46,85,34,Bojonegoro,-7.1507,111.8815
2024-08-30,35.5,23.1,28.8,0.0,0.0,6.28,17.9,23.9,81,31,Bojonegoro,-7.1507,111.8815
2024-08-31,35.1,23.9,28.7,0.0,0.0,6.31,15.4,24.28,78,33,Bojonegoro,-7.1507,111.8815
2024-09-01,35.0,23.2,28.5,0.1,0.1,5.82,24.0,22.4,82,38,Bojonegoro,-7.1507,111.8815
2024-09-02,36.7,24.1,29.2,0.1,0.1,6.03,17.6,22.84,83,34,Bojonegoro,-7.1507,111.8815
2024-09-03,36.0,23.8,28.7,0.2,0.2,6.01,18.8,23.19,81,30,Bojonegoro,-7.1507,111.8815
2024-09-04,35.8,24.1,28.8,0.7,0.7,5.56,16.5,21.63,84,39,Bojonegoro,-7.1507,111.8815
2024-09-05,36.8,24.3,29.7,0.7,0.7,6.22,22.7,23.82,84,31,Bojonegoro,-7.1507,111.8815
2024-09-06,36.6,24.5,29.9,0.0,0.0,6.62,20.1,23.73,78,31,Bojonegoro,-7.1507,111.8815
2024-09-07,36.0,24.5,29.7,0.0,0.0,6.39,24.9,21.47,80,33,Bojonegoro,-7.1507,111.8815
2024-09-08,34.7,24.9,28.4,4.2,4.2,4.85,17.0,19.75,83,43,Bojonegoro,-7.1507,111.8815
2024-09-09,36.6,24.6,29.0,3.8,3.8,5.51,12.3,23.53,91,36,Bojonegoro,-7.1507,111.8815
2024-09-10,34.1,24.0,27.5,7.7,7.7,4.29,14.8,19.38,94,44,Bojonegoro,-7.1507,111.8815
2024-09-11,34.0,24.0,28.4,0.2,0.2,5.64,19.7,23.37,94,43,Bojonegoro,-7.1507,111.8815
2024-09-12,34.0,23.6,28.4,0.0,0.0,6.02,18.5,24.77,84,37,Bojonegoro,-7.1507,111.8815
2024-09-13,34.4,23.1,28.2,0.0,0.0,6.11,18.2,24.4,84,30,Bojonegoro,-7.1507,111.8815
2024-09-14,34.5,23.2,28.6,0.0,0.0,6.11,19.7,23.97,82,31,Bojonegoro,-7.1507,111.8815
2024-09-15,34.2,23.2,28.7,0.0,0.0,6.28,24.7,23.96,78,32,Bojonegoro,-7.1507,111.8815
2024-09-16,35.0,23.2,28.2,0.4,0.4,5.95,21.9,23.27,78,33,Bojonegoro,-7.1507,111.8815
2024-09-17,35.4,23.4,28.8,0.0,0.0,6.93,22.8,25.57,77,25,Bojonegoro,-7.1507,111.8815
2024-09-18,35.3,22.2,28.6,0.0,0.0,6.97,18.8,25.81,68,22,Bojonegoro,-7.1507,111.8815
2024-09-19,36.5,22.2,28.6,0.0,0.0,6.07,15.7,26.12,82,25,Bojonegoro,-7.1507,111.8815
2024-09-20,36.2,23.0,28.8,0.1,0.1,6.02,18.7,24.97,88,31,Bojonegoro,-7.1507,111.8815
2024-09-21,36.4,23.9,29.5,0.0,0.0,5.95,21.3,24.26,88,31,Bojonegoro,-7.1507,111.8815
2024-09-22,35.8,25.2,29.8,3.4,3.4,5.74,14.8,23.23,87,42,Bojonegoro,-7.1507,111.8815
2024-09-23,34.2,24.5,28.2,4.6,4.6,4.51,18.4,19.7,92,48,Bojonegoro,-7.1507,111.8815
2024-09-24,33.8,24.8,27.5,8.2,8.2,3.86,9.0,17.34,95,49,Bojonegoro,-7.1507,111.8815
2024-09-25,33.8,23.8,27.4,10.5,10.5,4.79,16.0,21.96,97,50,Bojonegoro,-7.1507,111.8815
2024-09-26,34.2,23.8,26.9,17.7,17.7,4.12,17.5,19.18,96,51,Bojonegoro,-7.1507,111.8815
2024-09-27,33.7,23.5,28.0,1.4,1.4,4.8,10.7,21.75,97,53,Bojonegoro,-7.1507,111.8815
2024-09-28,35.5,24.7,29.2,0.0,0.0,5.93,16.0,23.96,90,40,Bojonegoro,-7.1507,111.8815
2024-09-29,35.7,25.0,29.5,0.0,0.0,6.01,13.4,25.0,82,36,Bojonegoro,-7.1507,111.8815
2024-09-30,36.3,23.9,29.6,0.1,0.1,6.11,19.1,25.08,89,36,Bojonegoro,-7.1507,111.8815
2024-10-01,36.7,24.5,29.5,0.0,0.0,6.18,18.3,24.98,90,30,Bojonegoro,-7.1507,111.8815
2024-10-02,36.5,25.2,29.6,1.3,1.3,5.71,12.7,24.78,79,34,Bojonegoro,-7.1507,111.8815
2024-10-03,36.5,23.8,29.4,0.2,0.2,6.09,16.1,23.79,90,31,Bojonegoro,-7.1507,111.8815
2024-10-04,36.2,25.2,29.4,1.2,1.2,5.68,12.5,24.15,80,39,Bojonegoro,-7.1507,111.8815
2024-10-05,35.8,24.5,29.5,0.6,0.6,5.47,13.3,23.16,87,39,Bojonegoro,-7.1507,111.8815
2024-10-06,36.8,24.2,29.7,0.1,0.1,6.2,20.5,24.58,89,29,Bojonegoro,-7.1507,111.8815
2024-10-07,37.1,24.4,29.9,0.0,0.0,6.52,14.6,25.42,87,31,Bojonegoro,-7.1507,111.8815
2024-10-08,37.0,25.0,30.3,0.0,0.0,6.38,16.3,24.61,80,32,Bojonegoro,-7.1507,111.8815
2024-10-09,36.8,25.9,30.0,0.8,0.8,5.98,12.7,24.06,79,35,Bojonegoro,-7.1507,111.8815
2024-10-10,37.8,25.0,30.3,0.0,0.0,6.5,17.4,25.92,84,30,Bojonegoro,-7.1507,111.8815
2024-10-11,36.5,24.5,29.8,0.7,0.7,5.79,17.0,22.47,85,37,Bojonegoro,-7.1507,111.8815
2024-10-12,38.5,25.0,30.4,0.0,0.0,6.52,21.9,24.99,87,30,Bojonegoro,-7.1507,111.8815
2024-10-13,37.2,26.0,30.3,0.7,0.7,6.03,12.0,24.1,81,35,Bojonegoro,-7.1507,111.8815
2024-10-14,36.3,25.1,29.9,0.4,0.4,5.83,10.7,23.98,87,35,Bojonegoro,-7.1507,111.8815
2024-10-15,36.0,24.9,29.8,0.2,0.2,6.55,18.6,23.89,85,31,Bojonegoro,-7.1507,111.8815
2024-10-16,35.3,23.7,29.1,0.0,0.0,7.05,27.5,25.06,67,34,Bojonegoro,-7.1507,111.8815
2024-10-17,36.0,23.4,29.0,0.0,0.0,7.15,28.2,25.95,80,29,Bojonegoro,-7.1507,111.8815
2024-10-18,35.2,23.7,29.2,0.1,0.1,5.88,13.2,23.75,73,34,Bojonegoro,-7.1507,111.8815
2024-10-19,35.4,24.1,28.8,1.6,1.6,5.5,14.2,23.24,88,42,Bojonegoro,-7.1507,111.8815
2024-10-20,33.6,23.6,26.4,32.3,32.3,3.85,14.8,18.01,95,51,Bojonegoro,-7.1507,111.8815
2024-10-21,32.3,23.8,27.0,22.5,22.5,4.3,15.2,20.26,94,55,Bojonegoro,-7.1507,111.8815
2024-10-22,33.8,24.6,28.6,0.0,0.0,5.75,14.6,24.86,87,47,Bojonegoro,-7.1507,111.8815
2024-10-23,33.5,24.0,28.5,0.0,0.0,5.98,18.0,25.04,91,48,Bojonegoro,-7.1507,111.8815
2024-10-24,33.5,24.1,27.8,2.1,2.1,4.96,17.4,22.49,91,52,Bojonegoro,-7.1507,111.8815
2024-10-25,34.4,24.5,28.6,0.9,0.9,5.65,13.5,24.55,87,46,Bojonegoro,-7.1507,111.8815
2024-10-26,34.3,24.0,28.7,0.2,0.2,5.9,18.0,24.53,92,46,Bojonegoro,-7.1507,111.8815
2024-10-27,35.5,23.1,29.0,0.3,0.3,6.08,15.4,25.77,92,43,Bojonegoro,-7.1507,111.8815
2024-10-28,35.5,24.2,29.3,0.3,0.3,5.68,12.8,24.98,88,45,Bojonegoro,-7.1507,111.8815
2024-10-29,35.3,24.6,29.5,0.6,0.6,6.31,20.4,25.2,91,44,Bojonegoro,-7.1507,111.8815
2024-10-30,35.0,24.9,29.4,0.3,0.3,5.78,15.4,24.76,85,45,Bojonegoro,-7.1507,111.8815
2024-10-31,35.3,25.4,29.1,3.4,3.4,5.33,13.8,23.52,92,48,Bojonegoro,-7.1507,111.8815
2024-11-01,30.9,23.2,26.5,27.2,27.2,2.85,14.8,13.24,98,65,Bojonegoro,-7.1507,111.8815
2024-11-02,33.1,24.5,27.9,5.7,5.7,4.28,15.7,19.88,94,57,Bojonegoro,-7.1507,111.8815
2024-11-03,31.9,24.0,26.7,20.7,20.7,3.73,13.1,17.94,97,59,Bojonegoro,-7.1507,111.8815
2024-11-04,31.9,24.5,27.3,3.5,3.5,3.79,11.8,17.94,96,60,Bojonegoro,-7.1507,111.8815
2024-11-05,33.3,24.4,28.0,2.0,2.0,5.19,10.9,24.11,94,50,Bojonegoro,-7.1507,111.8815
2024-11-06,33.6,23.0,27.9,0.2,0.2,5.38,14.8,24.29,97,46,Bojonegoro,-7.1507,111.8815
2024-11-07,33.9,23.6,28.9,0.2,0.2,5.66,12.0,24.95,94,43,Bojonegoro,-7.1507,111.8815
2024-11-08,34.8,24.1,28.2,7.0,7.0,5.08,11.0,23.37,95,48,Bojonegoro,-7.1507,111.8815
2024-11-09,33.8,24.6,27.9,6.1,6.1,3.95,12.2,17.92,92,54,Bojonegoro,-7.1507,111.8815
2024-11-10,33.6,24.2,27.5,12.1,12.1,4.4,15.3,20.49,97,55,Bojonegoro,-7.1507,111.8815
2024-11-11,33.5,24.4,27.3,7.2,7.2,4.91,15.3,23.38,96,56,Bojonegoro,-7.1507,111.8815
2024-11-12,33.2,23.8,28.0,4.8,4.8,5.33,14.5,24.33,97,53,Bojonegoro,-7.1507,111.8815
2024-11-13,32.5,24.1,27.5,3.0,3.0,4.72,14.4,22.95,96,64,Bojonegoro,-7.1507,111.8815
2024-11-14,32.8,24.1,28.2,2.5,2.5,5.17,16.6,23.91,97,57,Bojonegoro,-7.1507,111.8815
2024-11-15,32.7,24.4,28.1,2.6,2.6,4.86,12.5,22.82,91,57,Bojonegoro,-7.1507,111.8815
2024-11-16,31.5,24.4,27.6,9.2,9.2,3.95,17.7,18.8,94,64,Bojonegoro,-7.1507,111.8815
2024-11-17,33.4,24.0,28.0,12.2,12.2,5.3,13.2,24.86,96,56,Bojonegoro,-7.1507,111.8815
2024-11-18,33.0,23.9,27.4,13.1,13.1,4.54,11.8,21.78,97,59,Bojonegoro,-7.1507,111.8815
2024-11-19,33.1,23.9,26.7,11.2,11.2,4.15,13.6,19.93,99,59,Bojonegoro,-7.1507,111.8815
2024-11-20,33.1,24.0,27.0,13.1,13.1,4.13,16.4,19.71,95,60,Bojonegoro,-7.1507,111.8815
2024-11-21,32.2,24.0,27.2,19.8,19.8,4.12,11.2,19.94,98,64,Bojonegoro,-7.1507,111.8815
2024-11-22,32.4,24.4,27.2,15.6,15.6,4.36,14.5,21.15,98,61,Bojonegoro,-7.1507,111.8815
2024-11-23,32.7,24.6,27.1,15.1,15.1,3.79,14.2,18.33,97,62,Bojonegoro,-7.1507,111.8815
2024-11-24,32.0,24.6,26.8,27.5,27.5,3.73,9.0,17.98,96,65,Bojonegoro,-7.1507,111.8815
2024-11-25,32.5,24.1,27.1,16.3,16.3,4.37,11.7,21.17,97,64,Bojonegoro,-7.1507,111.8815
2024-11-26,32.7,23.8,27.2,5.5,5.5,4.38,14.3,21.3,98,63,Bojonegoro,-7.1507,111.8815
2024-11-27,32.9,24.9,27.4,22.3,22.3,4.06,7.4,19.29,95,60,Bojonegoro,-7.1507,111.8815
2024-11-28,31.1,24.3,26.7,38.9,38.9,3.41,14.6,16.56,97,70,Bojonegoro,-7.1507,111.8815
2024-11-29,31.9,23.9,26.9,17.4,17.4,3.9,8.7,19.09,98,69,Bojonegoro,-7.1507,111.8815
2024-11-30,30.4,24.2,26.4,25.3,25.3,3.39,13.0,16.84,97,75,Bojonegoro,-7.1507,111.8815
2024-12-01,31.0,24.0,26.5,26.3,26.3,3.28,12.5,15.78,98,71,Bojonegoro,-7.1507,111.8815
2024-12-02,29.8,24.2,26.0,34.2,34.2,2.54,10.8,12.23,98,80,Bojonegoro,-7.1507,111.8815
2024-12-03,31.8,24.4,26.7,29.6,29.6,4.32,14.6,20.97,97,65,Bojonegoro,-7.1507,111.8815
2024-12-04,31.1,23.8,26.7,12.8,12.8,3.62,11.3,17.27,98,66,Bojonegoro,-7.1507,111.8815
2024-12-05,31.4,24.5,26.7,16.2,16.2,3.84,12.7,18.67,97,69,Bojonegoro,-7.1507,111.8815
2024-12-06,25.9,24.0,24.9,26.3,26.3,1.12,9.4,5.05,97,85,Bojonegoro,-7.1507,111.8815
2024-12-07,30.9,23.4,26.1,13.9,13.9,3.64,15.5,18.26,99,72,Bojonegoro,-7.1507,111.8815
2024-12-08,30.7,24.2,26.5,17.0,17.0,3.28,19.1,16.59,98,77,Bojonegoro,-7.1507,111.8815
2024-12-09,31.1,24.2,26.3,4.0,4.0,3.12,18.9,15.27,98,67,Bojonegoro,-7.1507,111.8815
2024-12-10,30.6,23.7,26.1,29.0,29.0,3.26,18.0,16.33,96,73,Bojonegoro,-7.1507,111.8815
2024-12-11,31.4,23.7,26.5,9.3,9.3,3.86,11.2,19.04,97,69,Bojonegoro,-7.1507,111.8815
2024-12-12,29.4,24.8,26.2,15.7,15.7,2.33,12.1,11.39,96,78,Bojonegoro,-7.1507,111.8815
2024-12-13,31.2,23.5,26.6,13.0,13.0,3.78,11.5,18.45,97,67,Bojonegoro,-7.1507,111.8815
2024-12-14,28.6,24.0,25.8,35.7,35.7,2.27,11.0,10.95,99,81,Bojonegoro,-7.1507,111.8815
2024-12-15,30.0,24.0,26.2,18.9,18.9,2.99,12.7,14.81,97,75,Bojonegoro,-7.1507,111.8815
2024-12-16,28.1,24.8,26.0,16.9,16.9,2.06,7.8,9.81,97,80,Bojonegoro,-7.1507,111.8815
2024-12-17,30.3,23.9,26.3,30.5,30.5,3.18,14.7,15.56,96,76,Bojonegoro,-7.1507,111.8815
2024-12-18,30.2,23.9,26.6,1.8,1.8,3.43,11.1,16.82,99,74,Bojonegoro,-7.1507,111.8815
2024-12-19,31.5,23.1,27.3,0.8,0.8,5.17,17.3,24.35,93,63,Bojonegoro,-7.1507,111.8815
2024-12-20,30.9,25.0,27.4,3.5,3.5,4.13,18.3,19.95,93,72,Bojonegoro,-7.1507,111.8815
2024-12-21,31.4,24.5,26.9,15.3,15.3,3.93,21.1,19.55,96,70,Bojonegoro,-7.1507,111.8815
2024-12-22,30.8,24.8,26.4,48.4,48.4,3.12,16.4,15.4,96,75,Bojonegoro,-7.1507,111.8815
2024-12-23,30.9,23.8,26.5,7.9,7.9,4.22,14.5,21.15,99,72,Bojonegoro,-7.1507,111.8815
2024-12-24,31.1,23.8,25.9,16.6,16.6,3.74,13.5,18.84,100,71,Bojonegoro,-7.1507,111.8815
2024-12-25,30.0,24.1,26.1,12.8,12.8,2.96,14.2,14.62,97,71,Bojonegoro,-7.1507,111.8815
2024-12-26,30.6,24.0,26.2,25.1,25.1,3.27,14.4,15.85,98,70,Bojonegoro,-7.1507,111.8815
2024-12-27,30.7,24.6,27.3,0.1,0.1,4.06,19.1,19.16,92,66,Bojonegoro,-7.1507,111.8815
2024-12-28,30.9,24.6,26.7,13.3,13.3,3.36,12.8,15.81,95,67,Bojonegoro,-7.1507,111.8815
2024-12-29,28.9,24.0,25.9,4.4,4.4,2.15,14.6,9.7,94,71,Bojonegoro,-7.1507,111.8815
2024-12-30,30.5,23.0,25.8,29.6,29.6,3.66,19.5,18.32,96,71,Bojonegoro,-7.1507,111.8815
2024-12-31,29.9,24.0,26.4,5.4,5.4,3.16,23.1,15.18,97,71,Bojonegoro,-7.1507,111.8815
2025-01-01,28.8,24.0,25.5,39.4,39.4,2.06,12.3,10.04,96,81,Bojonegoro,-7.1507,111.8815
2025-01-02,28.5,23.7,25.6,13.1,13.1,2.41,11.4,11.82,97,77,Bojonegoro,-7.1507,111.8815
2025-01-03,30.7,23.3,26.8,0.9,0.9,4.07,9.7,19.53,98,62,Bojonegoro,-7.1507,111.8815
2025-01-04,31.3,23.5,26.4,10.5,10.5,4.44,15.1,22.11,97,61,Bojonegoro,-7.1507,111.8815
2025-01-05,30.0,23.0,25.7,15.1,15.1,3.18,11.9,15.81,98,73,Bojonegoro,-7.1507,111.8815
2025-01-06,30.4,23.5,25.7,8.4,8.4,3.42,14.1,16.77,99,69,Bojonegoro,-7.1507,111.8815
2025-01-07,30.0,23.7,26.1,19.8,19.8,3.45,9.6,16.98,97,75,Bojonegoro,-7.1507,111.8815
2025-01-08,28.9,23.6,26.0,14.8,14.8,2.97,13.5,14.8,97,76,Bojonegoro,-7.1507,111.8815
2025-01-09,30.5,23.2,26.8,3.8,3.8,4.02,15.5,19.67,98,65,Bojonegoro,-7.1507,111.8815
2025-01-10,31.5,24.0,26.6,14.1,14.1,4.34,11.7,21.41,95,70,Bojonegoro,-7.1507,111.8815
2025-01-11,30.9,23.8,26.4,17.5,17.5,3.87,8.8,18.87,98,71,Bojonegoro,-7.1507,111.8815
2025-01-12,30.4,23.9,26.0,17.9,17.9,3.24,16.1,15.79,97,71,Bojonegoro,-7.1507,111.8815
2025-01-13,29.5,23.8,25.9,7.8,7.8,3.24,8.1,15.87,95,74,Bojonegoro,-7.1507,111.8815
2025-01-14,30.1,24.1,26.1,19.7,19.7,3.11,15.0,15.31,99,75,Bojonegoro,-7.1507,111.8815
2025-01-15,30.0,23.1,26.3,10.7,10.7,3.72,10.8,18.21,99,69,Bojonegoro,-7.1507,111.8815
2025-01-16,30.3,23.7,26.2,9.5,9.5,3.49,17.3,17.15,97,71,Bojonegoro,-7.1507,111.8815
2025-01-17,30.6,24.2,26.4,11.3,11.3,3.96,16.5,20.2,96,73,Bojonegoro,-7.1507,111.8815
2025-01-18,29.0,24.2,26.2,14.0,14.0,3.01,17.3,15.29,95,79,Bojonegoro,-7.1507,111.8815
2025-01-19,30.9,23.5,26.4,15.5,15.5,4.09,17.3,20.73,94,68,Bojonegoro,-7.1507,111.8815
2025-01-20,29.6,24.2,25.7,24.8,24.8,2.51,18.3,12.57,96,75,Bojonegoro,-7.1507,111.8815
2025-01-21,30.0,24.0,26.1,14.3,14.3,3.08,18.2,15.17,96,75,Bojonegoro,-7.1507,111.8815
2025-01-22,30.5,24.1,26.2,22.2,22.2,3.46,10.4,16.82,98,68,Bojonegoro,-7.1507,111.8815
2025-01-23,29.1,24.0,25.6,6.1,6.1,2.16,9.9,10.17,98,76,Bojonegoro,-7.1507,111.8815
2025-01-24,30.9,22.8,25.8,22.9,22.9,3.81,13.6,18.69,100,67,Bojonegoro,-7.1507,111.8815
2025-01-25,31.5,23.5,26.3,3.6,3.6,4.16,12.9,20.23,99,66,Bojonegoro,-7.1507,111.8815
2025-01-26,31.2,23.8,26.1,23.2,23.2,3.69,10.7,18.1,97,72,Bojonegoro,-7.1507,111.8815
2025-01-27,27.6,23.5,25.6,4.5,4.5,2.21,12.0,10.65,98,82,Bojonegoro,-7.1507,111.8815
2025-01-28,28.1,23.6,25.4,4.6,4.6,2.9,16.8,14.5,96,74,Bojonegoro,-7.1507,111.8815
2025-01-29,28.4,23.4,25.3,14.7,14.7,2.63,23.2,13.31,97,76,Bojonegoro,-7.1507,111.8815
2025-01-30,27.5,23.7,24.7,10.9,10.9,1.72,17.4,8.06,95,81,Bojonegoro,-7.1507,111.8815
2025-01-31,30.0,23.3,26.0,0.9,0.9,2.96,16.3,14.05,97,73,Bojonegoro,-7.1507,111.8815
2025-02-01,29.5,23.2,26.2,1.5,1.5,3.59,18.8,17.48,95,73,Bojonegoro,-7.1507,111.8815
2025-02-02,30.0,23.4,25.9,8.7,8.7,3.16,22.1,15.88,96,72,Bojonegoro,-7.1507,111.8815
2025-02-03,30.8,23.5,27.0,0.9,0.9,4.2,22.8,19.8,96,68,Bojonegoro,-7.1507,111.8815
2025-02-04,30.9,24.5,27.1,5.7,5.7,4.25,20.4,20.16,90,66,Bojonegoro,-7.1507,111.8815
2025-02-05,30.5,23.9,26.7,14.0,14.0,4.32,21.1,21.73,94,69,Bojonegoro,-7.1507,111.8815
2025-02-06,29.9,23.6,26.3,14.9,14.9,3.75,18.8,19.16,97,73,Bojonegoro,-7.1507,111.8815
2025-02-07,30.4,23.5,26.0,12.0,12.0,3.55,17.3,18.06,97,74,Bojonegoro,-7.1507,111.8815
2025-02-08,30.4,23.9,26.3,8.5,8.5,3.94,16.6,19.67,95,72,Bojonegoro,-7.1507,111.8815
2025-02-09,30.5,23.7,26.1,7.2,7.2,4.05,18.8,20.59,96,73,Bojonegoro,-7.1507,111.8815
2025-02-10,29.8,23.9,26.0,10.2,10.2,3.67,20.2,18.86,97,72,Bojonegoro,-7.1507,111.8815
2025-02-11,30.6,23.8,26.9,1.3,1.3,4.46,15.9,21.56,96,71,Bojonegoro,-7.1507,111.8815
2025-02-12,30.5,23.8,27.0,0.0,0.0,4.47,18.1,20.85,96,65,Bojonegoro,-7.1507,111.8815
2025-02-13,31.4,24.0,26.4,7.3,7.3,4.3,16.0,21.66,97,69,Bojonegoro,-7.1507,111.8815
2025-02-14,30.1,23.0,26.0,5.5,5.5,3.81,14.9,19.18,99,73,Bojonegoro,-7.1507,111.8815
2025-02-15,30.2,22.7,25.7,9.3,9.3,4.07,18.2,20.62,98,74,Bojonegoro,-7.1507,111.8815
2025-02-16,31.0,23.2,26.5,9.3,9.3,4.64,13.6,23.48,97,70,Bojonegoro,-7.1507,111.8815
2025-02-17,29.8,23.9,25.8,11.4,11.4,3.58,15.4,18.22,98,73,Bojonegoro,-7.1507,111.8815
2025-02-18,30.2,23.0,25.8,13.8,13.8,3.8,9.4,19.03,98,73,Bojonegoro,-7.1507,111.8815
2025-02-19,30.5,23.0,26.0,26.0,26.0,4.01,17.2,20.2,97,72,Bojonegoro,-7.1507,111.8815
2025-02-20,30.8,23.2,25.9,7.0,7.0,3.83,13.0,19.27,99,68,Bojonegoro,-7.1507,111.8815
2025-02-21,30.6,23.6,26.1,8.1,8.1,3.99,13.7,20.08,99,68,Bojonegoro,-7.1507,111.8815
2025-02-22,30.1,23.4,25.8,13.6,13.6,3.21,11.3,16.17,98,76,Bojonegoro,-7.1507,111.8815
2025-02-23,28.4,23.2,25.0,24.9,24.9,2.34,10.3,11.33,98,78,Bojonegoro,-7.1507,111.8815
2025-02-24,28.9,23.2,24.9,32.6,32.6,2.35,14.8,11.35,99,79,Bojonegoro,-7.1507,111.8815
2025-02-25,30.5,23.2,25.5,38.0,38.0,3.86,9.8,19.21,97,73,Bojonegoro,-7.1507,111.8815
2025-02-26,29.4,23.2,25.4,5.0,5.0,2.33,10.4,11.16,98,68,Bojonegoro,-7.1507,111.8815
2025-02-27,31.0,23.6,25.8,14.3,14.3,4.22,7.5,20.87,99,70,Bojonegoro,-7.1507,111.8815
2025-02-28,31.1,23.1,25.6,23.7,23.7,4.0,15.7,19.71,98,67,Bojonegoro,-7.1507,111.8815
2025-03-01,31.5,23.0,26.6,2.9,2.9,4.74,8.7,23.36,97,66,Bojonegoro,-7.1507,111.8815
2025-03-02,31.6,23.5,26.9,6.1,6.1,4.79,9.3,23.55,100,63,Bojonegoro,-7.1507,111.8815
2025-03-03,31.2,24.4,26.9,7.9,7.9,3.95,11.4,19.25,95,67,Bojonegoro,-7.1507,111.8815
2025-03-04,30.7,24.0,26.7,3.9,3.9,4.49,12.7,22.24,96,68,Bojonegoro,-7.1507,111.8815
2025-03-05,32.0,23.6,27.4,0.4,0.4,4.84,10.0,23.42,97,64,Bojonegoro,-7.1507,111.8815
2025-03-06,31.0,24.2,26.7,10.5,10.5,4.29,10.1,21.11,99,73,Bojonegoro,-7.1507,111.8815
2025-03-07,31.2,23.5,25.7,21.4,21.4,3.47,8.6,17.15,98,72,Bojonegoro,-7.1507,111.8815
2025-03-08,31.0,23.6,25.6,32.8,32.8,3.61,17.5,17.97,98,72,Bojonegoro,-7.1507,111.8815
2025-03-09,30.0,23.8,25.9,11.1,11.1,2.99,17.4,15.05,99,74,Bojonegoro,-7.1507,111.8815
2025-03-10,27.6,23.8,25.3,39.6,39.6,1.87,11.3,9.19,97,84,Bojonegoro,-7.1507,111.8815
2025-03-11,30.9,24.0,26.6,4.2,4.2,3.41,9.6,16.37,99,70,Bojonegoro,-7.1507,111.8815
2025-03-12,31.2,23.9,26.5,13.0,13.0,3.73,11.5,18.48,96,70,Bojonegoro,-7.1507,111.8815
2025-03-13,32.0,23.7,26.8,7.5,7.5,4.45,13.6,22.02,97,65,Bojonegoro,-7.1507,111.8815
2025-03-14,30.5,24.1,26.0,27.2,27.2,2.78,8.7,13.45,99,72,Bojonegoro,-7.1507,111.8815
2025-03-15,30.9,23.8,26.1,12.5,12.5,3.59,16.4,17.64,97,68,Bojonegoro,-7.1507,111.8815
2025-03-16,31.0,23.7,25.8,4.1,4.1,3.43,15.8,16.68,98,66,Bojonegoro,-7.1507,111.8815
2025-03-17,29.9,23.9,25.8,21.4,21.4,2.95,14.2,14.93,96,75,Bojonegoro,-7.1507,111.8815
2025-03-18,30.4,23.9,26.1,20.2,20.2,3.32,18.8,16.73,98,72,Bojonegoro,-7.1507,111.8815
2025-03-19,30.5,23.4,25.8,19.8,19.8,3.45,18.7,17.71,99,73,Bojonegoro,-7.1507,111.8815
2025-03-20,31.2,23.5,26.7,14.9,14.9,4.76,15.5,23.79,98,64,Bojonegoro,-7.1507,111.8815
2025-03-21,31.5,24.1,27.2,3.5,3.5,4.73,18.6,23.08,96,63,Bojonegoro,-7.1507,111.8815
2025-03-22,30.0,24.0,25.9,20.1,20.1,2.88,18.2,14.29,94,77,Bojonegoro,-7.1507,111.8815
2025-03-23,30.5,23.0,26.3,1.8,1.8,2.91,14.5,13.85,96,66,Bojonegoro,-7.1507,111.8815
2025-03-24,29.0,24.2,26.4,12.7,12.7,2.88,21.4,14.02,96,75,Bojonegoro,-7.1507,111.8815
2025-03-25,31.0,24.1,27.6,0.5,0.5,4.5,15.0,21.35,95,65,Bojonegoro,-7.1507,111.8815
2025-03-26,31.0,24.8,27.4,15.8,15.8,4.3,18.2,21.23,96,67,Bojonegoro,-7.1507,111.8815
2025-03-27,30.9,24.4,26.6,9.3,9.3,3.52,9.6,17.09,96,72,Bojonegoro,-7.1507,111.8815
2025-03-28,29.9,23.7,25.9,34.3,34.3,3.26,12.4,16.35,97,78,Bojonegoro,-7.1507,111.8815
2025-03-29,30.6,24.1,26.1,18.3,18.3,3.8,11.9,18.85,97,71,Bojonegoro,-7.1507,111.8815
2025-03-30,31.5,23.7,26.4,1.4,1.4,3.63,15.7,17.73,95,62,Bojonegoro,-7.1507,111.8815
2025-03-31,31.3,24.4,26.8,2.4,2.4,4.56,13.8,22.5,94,64,Bojonegoro,-7.1507,111.8815
2025-04-01,30.6,23.9,26.0,6.4,6.4,3.72,12.5,18.33,96,69,Bojonegoro,-7.1507,111.8815
2025-04-02,30.8,23.0,25.7,23.3,23.3,3.87,17.8,19.17,97,68,Bojonegoro,-7.1507,111.8815
2025-04-03,31.1,23.4,25.8,6.6,6.6,3.8,13.0,18.44,96,68,Bojonegoro,-7.1507,111.8815
2025-04-04,30.8,23.4,26.1,2.5,2.5,4.26,10.2,20.97,98,67,Bojonegoro,-7.1507,111.8815
2025-04-05,29.8,23.5,26.1,3.6,3.6,3.42,9.6,16.88,97,68,Bojonegoro,-7.1507,111.8815
2025-04-06,31.5,23.7,27.2,0.1,0.1,4.68,11.5,22.56,94,56,Bojonegoro,-7.1507,111.8815
2025-04-07,31.4,24.3,27.4,0.3,0.3,4.85,10.2,23.23,89,58,Bojonegoro,-7.1507,111.8815
2025-04-08,31.5,24.0,26.9,18.5,18.5,4.55,7.0,22.24,96,65,Bojonegoro,-7.1507,111.8815
2025-04-09,32.0,24.1,27.3,0.9,0.9,4.61,9.7,22.37,94,59,Bojonegoro,-7.1507,111.8815
2025-04-10,30.2,24.4,26.8,11.0,11.0,3.5,11.4,17.72,98,74,Bojonegoro,-7.1507,111.8815
2025-04-11,31.0,24.2,26.3,18.2,18.2,3.4,13.0,16.75,99,69,Bojonegoro,-7.1507,111.8815
2025-04-12,31.1,23.8,26.3,13.6,13.6,4.4,13.0,22.35,97,68,Bojonegoro,-7.1507,111.8815
2025-04-13,30.9,23.7,26.4,17.7,17.7,4.05,11.7,20.25,96,73,Bojonegoro,-7.1507,111.8815
2025-04-14,31.0,23.9,26.5,1.6,1.6,3.88,13.9,19.23,98,67,Bojonegoro,-7.1507,111.8815
2025-04-15,30.0,24.6,26.7,12.0,12.0,3.37,9.7,16.76,96,70,Bojonegoro,-7.1507,111.8815
2025-04-16,31.7,24.2,27.0,1.2,1.2,4.19,12.9,20.5,97,65,Bojonegoro,-7.1507,111.8815
2025-04-17,29.2,24.2,26.2,4.5,4.5,2.58,10.8,12.39,98,77,Bojonegoro,-7.1507,111.8815
2025-04-18,29.0,24.0,26.1,12.7,12.7,2.87,13.4,14.49,99,76,Bojonegoro,-7.1507,111.8815
2025-04-19,31.4,24.2,26.9,5.2,5.2,4.07,8.5,19.65,97,64,Bojonegoro,-7.1507,111.8815
2025-04-20,31.1,24.0,26.5,13.4,13.4,3.79,11.5,18.93,98,68,Bojonegoro,-7.1507,111.8815
2025-04-21,31.2,23.9,26.3,10.1,10.1,4.02,12.4,19.8,97,65,Bojonegoro,-7.1507,111.8815
2025-04-22,31.2,23.2,26.3,2.1,2.1,4.09,10.4,20.46,95,64,Bojonegoro,-7.1507,111.8815
2025-04-23,31.6,23.6,27.2,0.4,0.4,4.7,13.0,22.69,93,58,Bojonegoro,-7.1507,111.8815
2025-04-24,31.6,23.4,27.1,0.8,0.8,4.7,9.2,22.41,95,57,Bojonegoro,-7.1507,111.8815
2025-04-25,31.4,23.6,26.6,3.1,3.1,3.9,12.5,18.87,97,66,Bojonegoro,-7.1507,111.8815
2025-04-26,31.5,22.5,26.6,0.1,0.1,4.55,14.0,22.04,99,58,Bojonegoro,-7.1507,111.8815
2025-04-27,31.5,23.0,27.1,0.2,0.2,4.78,11.9,22.81,99,55,Bojonegoro,-7.1507,111.8815
2025-04-28,31.5,22.6,26.9,0.1,0.1,4.71,13.0,22.09,86,53,Bojonegoro,-7.1507,111.8815
2025-04-29,31.6,23.0,27.2,0.0,0.0,4.9,13.7,22.63,91,51,Bojonegoro,-7.1507,111.8815
2025-04-30,31.4,22.8,27.0,0.0,0.0,4.39,4.9,21.39,90,54,Bojonegoro,-7.1507,111.8815
2025-05-01,31.9,23.0,27.1,1.6,1.6,4.38,7.3,21.28,96,61,Bojonegoro,-7.1507,111.8815
2025-05-02,28.9,23.8,26.4,15.1,15.1,2.85,10.1,14.27,96,77,Bojonegoro,-7.1507,111.8815
2025-05-03,31.9,23.5,26.8,6.1,6.1,4.03,9.0,19.89,99,64,Bojonegoro,-7.1507,111.8815
2025-05-04,31.1,24.0,26.8,3.5,3.5,3.7,11.0,18.32,99,67,Bojonegoro,-7.1507,111.8815
2025-05-05,31.8,24.2,27.1,2.4,2.4,4.19,9.9,20.44,96,65,Bojonegoro,-7.1507,111.8815
2025-05-06,31.5,23.9,26.8,4.2,4.2,3.95,10.4,19.35,97,66,Bojonegoro,-7.1507,111.8815
2025-05-07,31.2,23.9,26.4,13.8,13.8,3.48,8.4,17.06,95,68,Bojonegoro,-7.1507,111.8815
2025-05-08,30.6,24.2,26.6,16.3,16.3,3.71,8.8,18.57,98,75,Bojonegoro,-7.1507,111.8815
2025-05-09,30.4,24.1,25.9,30.3,30.3,2.91,12.5,14.41,98,78,Bojonegoro,-7.1507,111.8815
2025-05-10,31.2,24.1,26.7,12.5,12.5,4.0,10.8,19.87,97,65,Bojonegoro,-7.1507,111.8815
2025-05-11,30.1,23.6,26.0,28.7,28.7,3.17,13.0,15.56,97,76,Bojonegoro,-7.1507,111.8815
2025-05-12,30.2,23.5,25.9,6.7,6.7,2.95,8.8,14.46,97,73,Bojonegoro,-7.1507,111.8815
2025-05-13,29.7,23.5,25.7,14.6,14.6,2.75,13.8,14.04,99,75,Bojonegoro,-7.1507,111.8815
2025-05-14,30.0,23.4,26.2,12.8,12.8,3.22,11.4,16.39,99,74,Bojonegoro,-7.1507,111.8815
2025-05-15,30.1,23.7,25.8,19.8,19.8,2.96,14.1,14.95,99,76,Bojonegoro,-7.1507,111.8815
2025-05-16,30.2,23.7,25.8,26.9,26.9,2.73,15.0,13.86,99,76,Bojonegoro,-7.1507,111.8815
2025-05-17,29.7,23.5,25.5,25.9,25.9,2.53,10.8,12.57,99,75,Bojonegoro,-7.1507,111.8815
2025-05-18,30.5,23.9,26.0,13.9,13.9,3.14,12.6,15.56,98,72,Bojonegoro,-7.1507,111.8815
2025-05-19,30.1,24.2,26.1,21.3,21.3,2.98,7.8,14.7,96,74,Bojonegoro,-7.1507,111.8815
2025-05-20,30.6,24.1,26.8,1.8,1.8,3.64,10.1,17.6,94,67,Bojonegoro,-7.1507,111.8815
2025-05-21,30.8,24.1,26.7,3.9,3.9,3.64,8.6,17.76,96,69,Bojonegoro,-7.1507,111.8815
2025-05-22,30.5,23.6,26.3,11.2,11.2,3.42,11.8,17.13,97,70,Bojonegoro,-7.1507,111.8815
2025-05-23,28.6,23.4,25.4,28.3,28.3,2.5,14.0,12.61,96,79,Bojonegoro,-7.1507,111.8815
2025-05-24,29.6,23.9,26.3,3.6,3.6,3.08,10.6,15.5,99,73,Bojonegoro,-7.1507,111.8815
2025-05-25,30.4,23.7,26.5,12.9,12.9,3.27,9.5,16.32,100,74,Bojonegoro,-7.1507,111.8815
2025-05-26,28.7,24.0,25.8,21.1,21.1,1.98,14.4,9.54,98,79,Bojonegoro,-7.1507,111.8815
2025-05-27,30.1,23.4,26.5,0.5,0.5,2.68,10.6,12.91,100,70,Bojonegoro,-7.1507,111.8815
2025-05-28,31.0,23.8,26.6,7.1,7.1,3.49,13.4,17.46,99,72,Bojonegoro,-7.1507,111.8815
2025-05-29,31.9,23.9,27.6,5.4,5.4,4.21,13.1,19.78,97,63,Bojonegoro,-7.1507,111.8815
2025-05-30,31.5,23.8,27.6,0.0,0.0,4.13,8.9,20.1,97,62,Bojonegoro,-7.1507,111.8815
2025-05-31,31.4,24.4,26.6,7.4,7.4,3.61,11.5,17.77,96,68,Bojonegoro,-7.1507,111.8815
2025-06-01,30.1,23.6,26.3,5.3,5.3,2.89,9.8,13.81,96,72,Bojonegoro,-7.1507,111.8815
2025-06-02,30.6,23.5,26.8,0.4,0.4,3.91,8.5,19.18,99,65,Bojonegoro,-7.1507,111.8815
2025-06-03,31.0,23.5,26.8,0.3,0.3,3.89,9.5,18.83,95,65,Bojonegoro,-7.1507,111.8815
2025-06-04,31.2,23.6,26.7,1.1,1.1,3.89,13.5,19.06,97,66,Bojonegoro,-7.1507,111.8815
2025-06-05,31.0,23.2,26.8,0.1,0.1,4.13,14.2,20.11,97,66,Bojonegoro,-7.1507,111.8815
2025-06-06,30.9,22.8,26.9,0.0,0.0,4.25,6.5,20.98,90,60,Bojonegoro,-7.1507,111.8815
2025-06-07,31.0,22.8,26.9,0.0,0.0,4.3,16.2,20.34,96,63,Bojonegoro,-7.1507,111.8815
2025-06-08,31.0,23.5,26.6,5.1,5.1,3.83,8.4,18.86,97,63,Bojonegoro,-7.1507,111.8815
2025-06-09,28.8,23.4,25.6,6.1,6.1,2.38,11.2,11.42,96,72,Bojonegoro,-7.1507,111.8815
2025-06-10,29.6,23.3,25.9,3.1,3.1,3.14,12.5,15.85,94,74,Bojonegoro,-7.1507,111.8815
2025-06-11,30.4,23.2,26.0,1.7,1.7,3.6,12.5,18.13,96,70,Bojonegoro,-7.1507,111.8815
2025-06-12,30.8,22.8,26.3,0.0,0.0,4.28,11.7,20.68,96,61,Bojonegoro,-7.1507,111.8815
2025-06-13,29.9,23.3,25.6,7.2,7.2,2.95,10.9,14.55,94,73,Bojonegoro,-7.1507,111.8815
2025-06-14,30.0,24.0,25.9,13.9,13.9,2.91,14.3,14.7,98,76,Bojonegoro,-7.1507,111.8815
2025-06-15,30.1,23.3,26.5,2.6,2.6,3.66,14.2,18.53,99,72,Bojonegoro,-7.1507,111.8815
2025-06-16,30.6,23.4,26.1,6.5,6.5,3.34,15.0,16.74,97,72,Bojonegoro,-7.1507,111.8815
2025-06-17,30.0,23.0,26.1,0.7,0.7,3.68,7.6,18.34,99,73,Bojonegoro,-7.1507,111.8815
2025-06-18,31.0,23.4,26.5,0.0,0.0,4.35,12.1,20.73,93,55,Bojonegoro,-7.1507,111.8815
2025-06-19,29.9,23.0,25.9,0.0,0.0,3.32,7.2,16.09,88,54,Bojonegoro,-7.1507,111.8815
2025-06-20,27.8,22.4,24.7,2.5,2.5,2.19,6.8,10.83,93,75,Bojonegoro,-7.1507,111.8815
2025-06-21,30.5,21.9,25.8,2.3,2.3,3.64,13.3,18.21,98,68,Bojonegoro,-7.1507,111.8815
2025-06-22,29.2,23.0,25.1,8.0,8.0,2.95,13.2,15.26,96,75,Bojonegoro,-7.1507,111.8815
2025-06-23,30.4,22.2,25.9,0.3,0.3,4.16,11.8,20.31,97,62,Bojonegoro,-7.1507,111.8815
2025-06-24,30.4,22.6,26.1,0.4,0.4,3.73,9.8,18.32,88,60,Bojonegoro,-7.1507,111.8815
2025-06-25,31.1,23.9,26.9,0.3,0.3,3.95,14.9,17.43,84,60,Bojonegoro,-7.1507,111.8815
2025-06-26,30.5,23.1,26.5,1.2,1.2,3.83,12.0,18.34,90,65,Bojonegoro,-7.1507,111.8815
2025-06-27,30.9,23.3,26.5,0.4,0.4,3.94,15.1,19.14,94,61,Bojonegoro,-7.1507,111.8815
2025-06-28,30.6,22.6,25.6,10.3,10.3,3.66,9.1,18.47,96,67,Bojonegoro,-7.1507,111.8815
2025-06-29,30.3,22.8,25.9,1.0,1.0,3.58,12.7,17.41,94,63,Bojonegoro,-7.1507,111.8815
2025-06-30,29.8,22.8,26.1,0.5,0.5,3.67,15.7,17.32,93,67,Bojonegoro,-7.1507,111.8815
2025-07-01,30.8,22.9,26.2,1.9,1.9,3.96,11.2,19.35,95,64,Bojonegoro,-7.1507,111.8815
2025-07-02,31.2,22.9,26.7,0.3,0.3,4.15,8.7,20.24,94,60,Bojonegoro,-7.1507,111.8815
2025-07-03,30.9,23.9,26.2,7.9,7.9,3.69,7.8,18.17,92,63,Bojonegoro,-7.1507,111.8815
2025-07-04,31.0,22.9,26.1,0.7,0.7,4.13,15.9,19.61,90,62,Bojonegoro,-7.1507,111.8815
2025-07-05,30.6,23.0,25.8,3.5,3.5,3.72,11.9,18.43,94,61,Bojonegoro,-7.1507,111.8815
2025-07-06,30.0,22.7,25.3,12.3,12.3,2.94,12.6,14.34,96,69,Bojonegoro,-7.1507,111.8815
2025-07-07,30.5,21.9,25.5,2.7,2.7,3.52,14.0,17.46,98,64,Bojonegoro,-7.1507,111.8815
2025-07-08,30.5,22.9,26.1,0.1,0.1,4.1,17.1,18.31,96,62,Bojonegoro,-7.1507,111.8815
2025-07-09,29.8,21.4,25.0,0.0,0.0,4.63,17.2,21.34,89,53,Bojonegoro,-7.1507,111.8815
2025-07-10,30.0,20.0,24.8,0.0,0.0,4.38,11.6,21.63,88,53,Bojonegoro,-7.1507,111.8815
2025-07-11,29.7,21.0,24.9,0.0,0.0,3.98,15.2,19.58,88,53,Bojonegoro,-7.1507,111.8815
2025-07-12,30.3,21.1,25.3,0.3,0.3,3.47,15.7,16.61,92,63,Bojonegoro,-7.1507,111.8815
2025-07-13,31.0,23.2,26.4,1.4,1.4,3.75,18.7,17.86,95,64,Bojonegoro,-7.1507,111.8815
2025-07-14,31.5,23.0,26.6,0.0,0.0,4.46,18.6,20.55,91,58,Bojonegoro,-7.1507,111.8815
2025-07-15,31.1,22.0,26.6,0.0,0.0,4.23,13.9,20.07,92,58,Bojonegoro,-7.1507,111.8815
2025-07-16,30.9,23.5,26.7,0.0,0.0,4.45,21.0,20.17,93,60,Bojonegoro,-7.1507,111.8815
2025-07-17,30.5,20.9,25.9,0.0,0.0,4.21,11.6,20.18,94,58,Bojonegoro,-7.1507,111.8815
2025-07-18,30.6,22.2,25.7,0.0,0.0,4.28,12.0,20.24,86,53,Bojonegoro,-7.1507,111.8815
2025-07-19,30.0,20.8,25.2,0.0,0.0,4.33,12.2,20.99,89,52,Bojonegoro,-7.1507,111.8815
2025-07-20,29.8,20.8,24.8,0.0,0.0,4.66,17.0,21.93,92,52,Bojonegoro,-7.1507,111.8815
2025-07-21,29.7,20.5,24.8,0.0,0.0,4.56,14.4,22.09,86,55,Bojonegoro,-7.1507,111.8815
2025-07-22,30.1,20.0,25.0,0.0,0.0,4.44,16.6,21.8,91,57,Bojonegoro,-7.1507,111.8815
2025-07-23,30.6,21.7,26.0,0.0,0.0,3.95,9.5,19.39,93,58,Bojonegoro,-7.1507,111.8815
2025-07-24,31.4,22.4,26.4,0.0,0.0,4.2,14.0,19.05,93,57,Bojonegoro,-7.1507,111.8815
2025-07-25,31.2,23.2,27.0,0.0,0.0,4.43,13.0,20.66,89,59,Bojonegoro,-7.1507,111.8815
2025-07-26,31.6,23.2,27.1,0.0,0.0,4.54,13.8,21.19,89,59,Bojonegoro,-7.1507,111.8815
2025-07-27,31.9,23.0,26.7,0.3,0.3,4.25,10.9,20.44,95,58,Bojonegoro,-7.1507,111.8815
2025-07-28,31.2,23.5,26.6,1.0,1.0,4.14,13.8,20.0,92,62,Bojonegoro,-7.1507,111.8815
2025-07-29,30.1,23.4,26.4,0.6,0.6,4.11,11.4,19.25,90,65,Bojonegoro,-7.1507,111.8815
2025-07-30,30.4,23.0,26.1,0.6,0.6,4.2,18.9,19.27,89,63,Bojonegoro,-7.1507,111.8815
2025-07-31,31.0,22.4,26.2,0.0,0.0,4.58,13.4,21.97,89,57,Bojonegoro,-7.1507,111.8815
2025-08-01,31.1,22.2,26.4,0.0,0.0,4.5,9.6,22.03,91,59,Bojonegoro,-7.1507,111.8815
2025-08-02,32.2,22.8,26.8,0.0,0.0,4.54,14.8,21.55,93,55,Bojonegoro,-7.1507,111.8815
2025-08-03,31.6,22.8,26.8,0.8,0.8,4.48,17.1,20.89,95,63,Bojonegoro,-7.1507,111.8815
2025-08-04,31.5,22.5,26.2,2.4,2.4,4.26,12.9,20.76,95,59,Bojonegoro,-7.1507,111.8815
2025-08-05,31.2,22.5,26.0,3.4,3.4,4.23,11.9,20.68,98,59,Bojonegoro,-7.1507,111.8815
2025-08-06,31.7,22.1,26.4,0.0,0.0,4.5,13.1,21.21,97,58,Bojonegoro,-7.1507,111.8815
2025-08-07,30.9,22.0,26.3,0.2,0.2,4.13,12.6,19.36,90,62,Bojonegoro,-7.1507,111.8815
2025-08-08,30.6,23.4,26.5,0.0,0.0,4.34,10.6,20.66,91,61,Bojonegoro,-7.1507,111.8815
2025-08-09,31.5,22.6,26.5,0.0,0.0,4.7,9.9,22.5,93,51,Bojonegoro,-7.1507,111.8815
2025-08-10,31.0,23.2,26.5,0.2,0.2,4.39,11.5,21.06,96,60,Bojonegoro,-7.1507,111.8815
2025-08-11,31.5,23.2,26.6,3.3,3.3,4.54,14.4,21.96,91,60,Bojonegoro,-7.1507,111.8815
2025-08-12,30.5,22.7,25.6,4.8,4.8,3.82,11.9,18.64,94,63,Bojonegoro,-7.1507,111.8815
2025-08-13,30.5,22.1,25.8,1.0,1.0,4.47,13.4,21.71,96,55,Bojonegoro,-7.1507,111.8815
2025-08-14,29.4,22.5,25.6,0.9,0.9,4.86,18.6,21.7,90,58,Bojonegoro,-7.1507,111.8815
2025-08-15,30.5,21.5,25.7,0.0,0.0,4.81,14.7,23.1,86,54,Bojonegoro,-7.1507,111.8815
2025-08-16,31.0,21.6,25.9,0.0,0.0,4.86,14.3,22.9,91,52,Bojonegoro,-7.1507,111.8815
2025-08-17,31.2,21.7,26.1,0.0,0.0,4.75,13.5,22.67,94,54,Bojonegoro,-7.1507,111.8815
2025-08-18,31.5,22.9,26.4,2.8,2.8,4.07,18.8,19.79,93,60,Bojonegoro,-7.1507,111.8815
2025-08-19,30.4,23.0,25.4,24.7,24.7,3.1,18.2,15.65,97,67,Bojonegoro,-7.1507,111.8815
2025-08-20,30.7,22.1,25.8,0.9,0.9,4.18,6.9,20.83,96,62,Bojonegoro,-7.1507,111.8815
2025-08-21,31.2,21.9,25.8,1.2,1.2,4.22,10.3,20.87,97,61,Bojonegoro,-7.1507,111.8815
2025-08-22,31.0,22.9,26.3,0.2,0.2,4.43,9.3,21.44,96,59,Bojonegoro,-7.1507,111.8815
2025-08-23,31.0,22.5,26.6,0.0,0.0,4.55,11.6,21.8,98,58,Bojonegoro,-7.1507,111.8815
2025-08-24,31.5,22.9,26.8,0.2,0.2,4.81,10.2,23.13,96,55,Bojonegoro,-7.1507,111.8815
2025-08-25,31.4,22.1,26.1,0.0,0.0,5.29,20.0,23.68,95,49,Bojonegoro,-7.1507,111.8815
2025-08-26,31.3,21.3,26.1,0.0,0.0,5.17,17.0,22.8,87,50,Bojonegoro,-7.1507,111.8815
2025-08-27,31.6,22.0,26.2,0.1,0.1,5.21,22.7,23.13,85,52,Bojonegoro,-7.1507,111.8815
2025-08-28,30.5,23.0,26.1,0.3,0.3,4.77,23.1,21.46,89,59,Bojonegoro,-7.1507,111.8815
2025-08-29,31.1,22.2,26.2,0.2,0.2,4.95,21.9,22.38,90,56,Bojonegoro,-7.1507,111.8815
2025-08-30,31.9,22.8,26.7,0.0,0.0,5.12,13.1,23.5,88,52,Bojonegoro,-7.1507,111.8815
2025-08-31,32.1,22.8,26.7,0.0,0.0,5.24,14.5,23.88,88,46,Bojonegoro,-7.1507,111.8815
2025-09-01,31.9,22.0,26.5,0.0,0.0,5.2,17.3,23.94,90,47,Bojonegoro,-7.1507,111.8815
2025-09-02,32.2,22.5,27.2,0.0,0.0,5.29,23.6,22.64,92,49,Bojonegoro,-7.1507,111.8815
2025-09-03,32.3,22.2,27.0,0.0,0.0,5.31,21.4,23.86,96,49,Bojonegoro,-7.1507,111.8815
2025-09-04,32.5,22.6,27.0,0.0,0.0,4.93,14.4,22.58,94,43,Bojonegoro,-7.1507,111.8815
2025-09-05,32.0,22.9,27.2,0.0,0.0,5.37,18.5,23.96,90,46,Bojonegoro,-7.1507,111.8815
2025-09-06,31.5,23.0,26.9,0.0,0.0,5.59,21.8,22.29,88,48,Bojonegoro,-7.1507,111.8815
2025-09-07,32.0,22.6,26.8,0.0,0.0,5.37,22.5,20.78,79,47,Bojonegoro,-7.1507,111.8815
2025-09-08,32.2,23.3,27.1,0.0,0.0,5.07,19.8,21.44,81,49,Bojonegoro,-7.1507,111.8815
2025-09-09,33.0,23.2,27.2,0.6,0.6,5.13,19.3,22.76,87,52,Bojonegoro,-7.1507,111.8815
2025-09-10,31.9,23.6,26.7,11.9,11.9,4.49,12.7,21.14,94,59,Bojonegoro,-7.1507,111.8815
2025-09-11,31.2,23.1,26.4,5.1,5.1,3.74,14.0,18.13,96,63,Bojonegoro,-7.1507,111.8815
2025-09-12,32.6,22.2,27.1,0.0,0.0,5.32,14.5,23.95,97,49,Bojonegoro,-7.1507,111.8815
2025-09-13,32.2,23.5,27.4,0.1,0.1,4.98,11.4,22.82,88,54,Bojonegoro,-7.1507,111.8815
2025-09-14,32.5,22.6,27.4,0.1,0.1,5.33,12.9,23.55,95,47,Bojonegoro,-7.1507,111.8815
2025-09-15,32.2,23.5,27.3,1.4,1.4,5.12,17.2,22.46,85,51,Bojonegoro,-7.1507,111.8815
2025-09-16,32.9,23.8,26.7,4.4,4.4,4.27,11.0,20.32,88,52,Bojonegoro,-7.1507,111.8815
2025-09-17,31.3,23.1,26.0,8.2,8.2,4.29,16.2,21.05,94,60,Bojonegoro,-7.1507,111.8815
2025-09-18,32.0,23.0,25.8,12.9,12.9,4.06,17.3,19.91,96,58,Bojonegoro,-7.1507,111.8815
2025-09-19,31.6,23.0,26.9,1.6,1.6,4.91,14.3,22.98,91,56,Bojonegoro,-7.1507,111.8815
2025-09-20,32.3,23.0,27.2,0.2,0.2,5.18,13.5,24.25,95,53,Bojonegoro,-7.1507,111.8815
2025-09-21,32.0,23.5,26.8,1.9,1.9,4.58,10.6,22.08,95,60,Bojonegoro,-7.1507,111.8815
2025-09-22,32.8,22.4,27.3,0.0,0.0,5.22,12.0,24.18,98,51,Bojonegoro,-7.1507,111.8815
2025-09-23,33.7,22.3,27.7,0.1,0.1,5.67,12.2,25.77,89,42,Bojonegoro,-7.1507,111.8815
2025-09-24,32.8,22.9,27.1,0.2,0.2,5.21,17.2,24.4,91,48,Bojonegoro,-7.1507,111.8815
2025-09-25,32.5,22.6,27.2,1.3,1.3,5.09,12.1,23.41,94,50,Bojonegoro,-7.1507,111.8815
2025-09-26,33.2,23.6,28.0,0.0,0.0,5.67,17.6,24.74,91,47,Bojonegoro,-7.1507,111.8815
2025-09-27,33.7,23.6,28.1,0.1,0.1,5.4,14.5,24.09,92,47,Bojonegoro,-7.1507,111.8815
2025-09-28,33.7,23.7,28.5,0.0,0.0,5.76,19.7,24.7,96,47,Bojonegoro,-7.1507,111.8815
2025-09-29,33.3,23.8,27.5,1.6,1.6,4.88,12.1,22.26,94,54,Bojonegoro,-7.1507,111.8815
2025-09-30,30.5,23.3,25.8,9.8,9.8,2.76,14.0,12.64,96,64,Bojonegoro,-7.1507,111.8815
2025-10-01,31.7,23.2,26.9,4.2,4.2,4.31,16.8,20.33,96,58,Bojonegoro,-7.1507,111.8815
2025-10-02,33.9,23.6,28.0,0.0,0.0,5.52,12.5,25.08,97,44,Bojonegoro,-7.1507,111.8815
2025-10-03,34.2,23.6,28.2,0.8,0.8,5.82,14.4,24.82,96,44,Bojonegoro,-7.1507,111.8815
2025-10-04,33.8,22.2,27.8,0.0,0.0,5.31,9.5,24.08,86,42,Bojonegoro,-7.1507,111.8815
2025-10-05,34.2,23.5,27.6,0.0,0.0,5.37,18.5,23.99,93,41,Bojonegoro,-7.1507,111.8815
2025-10-06,33.5,23.1,27.7,0.7,0.7,5.41,16.7,23.85,98,48,Bojonegoro,-7.1507,111.8815
2025-10-07,34.2,24.0,28.0,0.8,0.8,5.33,12.1,24.12,97,39,Bojonegoro,-7.1507,111.8815
2025-10-08,33.8,23.5,28.2,0.3,0.3,5.78,15.8,24.54,92,41,Bojonegoro,-7.1507,111.8815
2025-10-09,33.3,23.2,27.8,0.0,0.0,5.49,11.7,24.84,84,43,Bojonegoro,-7.1507,111.8815
2025-10-10,33.0,23.6,28.1,0.0,0.0,5.62,14.3,24.99,86,48,Bojonegoro,-7.1507,111.8815
2025-10-11,33.3,23.3,28.1,0.0,0.0,5.68,12.9,24.98,89,45,Bojonegoro,-7.1507,111.8815
2025-10-12,34.7,24.8,28.5,1.4,1.4,5.31,15.7,23.38,85,50,Bojonegoro,-7.1507,111.8815
2025-10-13,33.4,24.4,28.2,1.6,1.6,5.21,15.2,23.61,93,55,Bojonegoro,-7.1507,111.8815
2025-10-14,33.8,24.5,28.5,1.5,1.5,5.29,14.7,23.56,94,52,Bojonegoro,-7.1507,111.8815
2025-10-15,33.5,24.8,27.8,3.7,3.7,4.79,12.1,22.48,96,55,Bojonegoro,-7.1507,111.8815
2025-10-16,33.9,24.1,28.8,0.2,0.2,5.71,13.0,24.85,94,45,Bojonegoro,-7.1507,111.8815
2025-10-17,34.3,25.1,28.8,1.5,1.5,5.28,13.0,24.12,86,50,Bojonegoro,-7.1507,111.8815
2025-10-18,34.2,24.0,28.7,0.0,0.0,5.47,10.7,24.56,94,47,Bojonegoro,-7.1507,111.8815
2025-10-19,34.2,24.5,28.6,1.8,1.8,5.29,12.8,24.46,95,47,Bojonegoro,-7.1507,111.8815
2025-10-20,32.9,25.2,28.0,8.1,8.1,4.52,12.8,21.06,93,59,Bojonegoro,-7.1507,111.8815
2025-10-21,32.0,24.8,26.5,33.7,33.7,2.91,15.4,13.41,96,63,Bojonegoro,-7.1507,111.8815
2025-10-22,32.1,24.0,26.0,26.4,26.4,3.49,18.5,16.78,98,65,Bojonegoro,-7.1507,111.8815
2025-10-23,32.0,23.9,26.4,7.7,7.7,4.37,19.7,21.28,98,64,Bojonegoro,-7.1507,111.8815
2025-10-24,31.6,23.9,26.2,27.6,27.6,4.17,10.8,20.12,96,65,Bojonegoro,-7.1507,111.8815
2025-10-25,30.9,23.6,26.2,4.6,4.6,3.71,8.2,18.18,96,65,Bojonegoro,-7.1507,111.8815
2025-10-26,31.9,23.5,26.1,13.6,13.6,4.49,13.3,22.02,96,63,Bojonegoro,-7.1507,111.8815
2025-10-27,31.5,22.9,26.8,0.1,0.1,4.62,7.8,22.48,98,62,Bojonegoro,-7.1507,111.8815
2025-10-28,30.8,23.4,26.0,32.2,32.2,3.05,10.8,14.76,97,68,Bojonegoro,-7.1507,111.8815
2025-10-29,31.1,24.0,26.6,9.6,9.6,3.83,7.0,18.51,96,60,Bojonegoro,-7.1507,111.8815
2025-10-30,31.2,24.0,26.5,17.0,17.0,4.13,10.7,19.98,96,68,Bojonegoro,-7.1507,111.8815
2025-10-31,31.8,23.9,26.6,7.8,7.8,4.49,13.4,21.97,96,63,Bojonegoro,-7.1507,111.8815
2025-11-01,32.2,23.8,26.6,8.3,8.3,3.62,11.8,17.24,98,64,Bojonegoro,-7.1507,111.8815
2025-11-02,31.0,24.2,26.4,17.5,17.5,3.71,15.7,18.46,98,70,Bojonegoro,-7.1507,111.8815
2025-11-03,32.0,23.8,26.7,17.4,17.4,4.42,7.4,21.57,97,62,Bojonegoro,-7.1507,111.8815
2025-11-04,31.0,24.0,26.6,21.3,21.3,4.18,10.1,20.3,96,66,Bojonegoro,-7.1507,111.8815
2025-11-05,31.0,23.9,26.0,20.4,20.4,3.37,19.4,16.55,96,68,Bojonegoro,-7.1507,111.8815
2025-11-06,31.2,23.9,26.6,17.3,17.3,4.14,15.2,19.86,98,63,Bojonegoro,-7.1507,111.8815
2025-11-07,31.5,23.5,26.6,8.1,8.1,4.51,7.4,21.89,96,63,Bojonegoro,-7.1507,111.8815
2025-11-08,30.6,23.6,26.3,21.9,21.9,3.6,12.1,17.78,96,70,Bojonegoro,-7.1507,111.8815
2025-11-09,29.2,23.9,26.5,1.5,1.5,3.05,6.1,14.63,97,73,Bojonegoro,-7.1507,111.8815
2025-11-10,32.2,24.5,26.8,28.3,28.3,4.28,15.0,20.56,98,59,Bojonegoro,-7.1507,111.8815
2025-11-11,30.9,24.0,25.8,20.2,20.2,3.3,12.4,16.07,96,67,Bojonegoro,-7.1507,111.8815
2025-11-12,29.0,23.4,25.4,5.3,5.3,2.34,8.5,10.97,96,73,Bojonegoro,-7.1507,111.8815
2025-11-13,29.5,23.5,25.7,3.7,3.7,2.86,10.5,13.89,95,72,Bojonegoro,-7.1507,111.8815
2025-11-14,30.6,23.8,25.9,28.3,28.3,4.04,16.7,20.12,96,68,Bojonegoro,-7.1507,111.8815
2025-11-15,30.0,23.8,26.3,18.6,18.6,3.7,12.3,18.54,96,71,Bojonegoro,-7.1507,111.8815
2025-11-16,30.8,23.8,26.6,9.5,9.5,4.05,11.9,19.34,95,67,Bojonegoro,-7.1507,111.8815
2025-11-17,30.5,24.0,26.3,18.6,18.6,3.69,7.8,17.8,99,65,Bojonegoro,-7.1507,111.8815
2025-11-18,31.7,23.8,26.4,16.7,16.7,4.25,11.0,20.66,97,62,Bojonegoro,-7.1507,111.8815
2025-11-19,30.5,23.5,25.8,7.2,7.2,3.28,9.7,16.16,97,67,Bojonegoro,-7.1507,111.8815
2025-11-20,31.1,23.6,26.4,22.7,22.7,4.09,15.3,20.09,98,68,Bojonegoro,-7.1507,111.8815
2025-11-21,29.7,23.8,26.3,16.9,16.9,3.43,14.1,16.78,98,75,Bojonegoro,-7.1507,111.8815
2025-11-22,31.8,23.8,27.3,1.3,1.3,4.57,6.7,21.75,100,60,Bojonegoro,-7.1507,111.8815
2025-11-23,31.2,24.1,26.7,13.4,13.4,4.12,11.1,19.99,98,66,Bojonegoro,-7.1507,111.8815
2025-11-24,30.6,23.7,26.4,6.2,6.2,3.7,9.3,17.96,98,71,Bojonegoro,-7.1507,111.8815
2025-11-25,32.4,22.9,27.4,0.0,0.0,5.23,11.7,25.14,95,54,Bojonegoro,-7.1507,111.8815
2025-11-26,31.1,24.0,26.8,5.3,5.3,4.44,14.8,21.79,95,62,Bojonegoro,-7.1507,111.8815
2025-11-27,31.9,23.8,26.9,1.6,1.6,4.25,8.9,20.5,96,62,Bojonegoro,-7.1507,111.8815
2025-11-28,31.9,24.1,26.9,6.8,6.8,4.63,9.4,22.58,95,60,Bojonegoro,-7.1507,111.8815
2025-11-29,31.5,23.0,26.7,0.6,0.6,4.21,16.8,19.21,96,58,Bojonegoro,-7.1507,111.8815
2025-11-30,31.4,23.2,27.0,1.2,1.2,4.66,10.7,22.43,88,61,Bojonegoro,-7.1507,111.8815
2025-12-01,31.1,24.1,26.7,0.9,0.9,3.13,14.2,14.12,89,62,Bojonegoro,-7.1507,111.8815
2025-12-02,31.2,23.5,26.6,11.2,11.2,3.55,15.2,16.89,93,65,Bojonegoro,-7.1507,111.8815
2025-12-03,30.5,24.4,27.0,1.6,1.6,3.25,11.9,15.45,98,66,Bojonegoro,-7.1507,111.8815
2025-12-04,30.1,24.0,26.1,28.0,28.0,3.51,9.7,16.97,96,73,Bojonegoro,-7.1507,111.8815
2025-12-05,31.2,23.0,26.3,6.6,6.6,4.35,6.3,21.22,98,66,Bojonegoro,-7.1507,111.8815
2025-12-06,30.0,23.9,25.7,37.5,37.5,3.05,10.9,14.82,98,72,Bojonegoro,-7.1507,111.8815
2025-12-07,31.6,23.5,26.3,5.8,5.8,4.09,13.0,19.92,98,64,Bojonegoro,-7.1507,111.8815
2025-12-08,30.2,24.6,26.5,16.3,16.3,3.99,14.4,20.04,98,74,Bojonegoro,-7.1507,111.8815
2025-12-09,29.9,23.5,25.8,12.5,12.5,3.24,13.8,16.16,97,72,Bojonegoro,-7.1507,111.8815
2025-12-10,32.0,23.5,26.3,12.5,12.5,4.35,12.6,21.47,97,63,Bojonegoro,-7.1507,111.8815
2025-12-11,30.6,24.3,26.9,1.4,1.4,3.72,13.3,17.46,98,63,Bojonegoro,-7.1507,111.8815
2025-12-12,31.6,23.7,27.3,0.5,0.5,5.06,7.9,24.44,96,56,Bojonegoro,-7.1507,111.8815
2025-12-13,29.8,24.3,27.0,0.8,0.8,3.73,12.2,17.11,88,67,Bojonegoro,-7.1507,111.8815
2025-12-14,28.9,23.8,25.7,4.5,4.5,3.0,16.5,14.94,94,73,Bojonegoro,-7.1507,111.8815
2025-12-15,31.4,23.2,26.6,0.8,0.8,4.56,15.0,22.23,94,61,Bojonegoro,-7.1507,111.8815
2025-12-16,32.7,24.5,27.9,0.0,0.0,5.49,14.6,24.87,85,52,Bojonegoro,-7.1507,111.8815
2025-12-17,32.1,23.5,27.2,1.1,1.1,5.17,13.9,24.62,89,56,Bojonegoro,-7.1507,111.8815
2025-12-18,30.5,24.4,26.1,11.7,11.7,3.4,18.7,16.88,97,71,Bojonegoro,-7.1507,111.8815
2025-12-19,29.0,24.4,26.0,1.1,1.1,2.57,14.2,12.29,95,69,Bojonegoro,-7.1507,111.8815
2025-12-20,31.0,23.6,25.8,18.5,18.5,3.56,18.2,17.99,99,70,Bojonegoro,-7.1507,111.8815
2025-12-21,30.3,23.6,25.9,11.3,11.3,3.37,16.8,16.83,97,72,Bojonegoro,-7.1507,111.8815
2025-12-22,31.5,23.9,26.8,5.5,5.5,4.03,13.0,19.25,96,62,Bojonegoro,-7.1507,111.8815
2025-12-23,31.8,23.9,26.9,9.6,9.6,4.47,12.7,22.08,97,66,Bojonegoro,-7.1507,111.8815
2025-12-24,32.0,23.8,27.1,1.2,1.2,4.85,12.8,23.95,99,65,Bojonegoro,-7.1507,111.8815
2025-12-25,31.8,23.7,27.0,5.0,5.0,4.84,14.0,23.89,96,64,Bojonegoro,-7.1507,111.8815
2025-12-26,31.6,24.2,26.4,17.2,17.2,4.18,12.1,20.7,96,70,Bojonegoro,-7.1507,111.8815
2025-12-27,31.2,24.1,26.4,11.2,11.2,3.86,13.5,18.6,95,69,Bojonegoro,-7.1507,111.8815
2025-12-28,32.8,24.4,27.6,0.4,0.4,5.1,12.0,24.67,95,56,Bojonegoro,-7.1507,111.8815
2025-12-29,31.9,24.0,26.7,4.3,4.3,4.55,11.5,22.11,97,62,Bojonegoro,-7.1507,111.8815
2025-12-30,31.2,23.8,26.9,12.6,12.6,4.22,11.2,20.13,97,62,Bojonegoro,-7.1507,111.8815
2025-12-31,27.5,24.0,25.6,11.2,11.2,2.22,17.3,10.5,96,82,Bojonegoro,-7.1507,111.8815
