tanggal,temperature_2m_max,temperature_2m_min,temperature_2m_mean,precipitation_sum,rain_sum,et0_fao_evapotranspiration,windspeed_10m_max,shortwave_radiation_sum,relative_humidity_2m_max,relative_humidity_2m_min,kabupaten,lat,lon
2018-01-01,28.1,23.6,25.5,2.8,2.8,3.2,11.3,16.37,95,78,Jember,-8.1724,113.702
2018-01-02,28.8,23.1,25.8,7.5,7.5,3.31,8.5,16.46,97,73,Jember,-8.1724,113.702
2018-01-03,29.7,23.2,26.2,14.8,14.8,3.33,9.5,16.39,97,76,Jember,-8.1724,113.702
2018-01-04,30.1,24.0,26.0,33.8,33.8,3.38,6.6,16.68,98,71,Jember,-8.1724,113.702
2018-01-05,29.0,23.8,25.6,11.6,11.6,3.13,11.3,15.81,99,79,Jember,-8.1724,113.702
2018-01-06,28.1,24.2,25.4,13.5,13.5,2.66,16.0,13.43,98,80,Jember,-8.1724,113.702
2018-01-07,28.4,23.9,25.4,9.3,9.3,2.2,10.7,10.25,94,72,Jember,-8.1724,113.702
2018-01-08,29.5,24.0,26.5,2.0,2.0,3.74,7.8,18.32,92,71,Jember,-8.1724,113.702
2018-01-09,29.2,24.2,26.9,1.5,1.5,3.71,8.7,18.09,93,69,Jember,-8.1724,113.702
2018-01-10,29.1,23.9,25.7,29.3,29.3,2.85,22.8,14.67,98,79,Jember,-8.1724,113.702
2018-01-11,26.9,23.8,25.0,23.7,23.7,1.56,15.3,7.58,95,86,Jember,-8.1724,113.702
2018-01-12,29.0,23.3,25.9,0.8,0.8,2.51,14.3,11.33,88,72,Jember,-8.1724,113.702
2018-01-13,28.4,23.5,25.8,3.1,3.1,1.75,8.3,7.0,89,72,Jember,-8.1724,113.702
2018-01-14,29.2,23.9,26.2,1.6,1.6,2.84,7.8,13.09,89,71,Jember,-8.1724,113.702
2018-01-15,28.5,24.1,25.8,5.8,5.8,2.55,8.7,11.92,92,71,Jember,-8.1724,113.702
2018-01-16,29.2,23.1,25.7,4.0,4.0,3.28,11.6,15.51,89,69,Jember,-8.1724,113.702
2018-01-17,29.6,23.7,25.9,3.6,3.6,3.19,8.7,15.0,92,67,Jember,-8.1724,113.702
2018-01-18,30.6,23.8,26.0,8.1,8.1,3.58,14.2,17.48,92,68,Jember,-8.1724,113.702
2018-01-19,27.9,23.8,25.3,25.4,25.4,2.3,13.0,11.58,95,81,Jember,-8.1724,113.702
2018-01-20,26.6,24.0,25.1,15.5,15.5,1.52,11.8,6.97,96,83,Jember,-8.1724,113.702
2018-01-21,26.1,23.7,24.7,14.4,14.4,1.19,10.0,5.43,97,83,Jember,-8.1724,113.702
2018-01-22,28.0,24.0,25.4,2.0,2.0,3.05,8.8,14.81,92,73,Jember,-8.1724,113.702
2018-01-23,27.1,23.9,25.3,8.4,8.4,2.29,8.9,10.92,95,77,Jember,-8.1724,113.702
2018-01-24,28.4,23.9,25.7,12.3,12.3,2.7,17.3,13.32,94,74,Jember,-8.1724,113.702
2018-01-25,27.8,23.4,25.5,5.2,5.2,2.51,14.0,12.35,96,73,Jember,-8.1724,113.702
2018-01-26,29.4,23.7,25.8,3.0,3.0,3.22,11.4,15.23,96,66,Jember,-8.1724,113.702
2018-01-27,29.0,24.0,26.0,1.7,1.7,3.64,10.5,17.9,91,71,Jember,-8.1724,113.702
2018-01-28,29.2,23.8,26.4,0.7,0.7,3.94,16.1,18.37,89,70,Jember,-8.1724,113.702
2018-01-29,27.4,23.8,25.4,7.9,7.9,2.55,10.0,12.65,93,84,Jember,-8.1724,113.702
2018-01-30,29.5,23.1,25.5,12.9,12.9,3.78,14.0,18.44,94,67,Jember,-8.1724,113.702
2018-01-31,27.5,23.1,25.3,10.7,10.7,3.71,9.4,18.78,96,75,Jember,-8.1724,113.702
2018-02-01,26.5,22.5,24.0,19.7,19.7,1.98,11.8,9.85,97,84,Jember,-8.1724,113.702
2018-02-02,27.3,23.4,25.1,11.6,11.6,2.19,7.7,10.67,97,81,Jember,-8.1724,113.702
2018-02-03,29.0,23.1,25.6,5.1,5.1,3.96,8.0,20.01,97,71,Jember,-8.1724,113.702
2018-02-04,30.9,22.7,26.4,2.0,2.0,4.69,13.8,23.17,95,65,Jember,-8.1724,113.702
2018-02-05,29.1,24.1,26.1,21.8,21.8,3.21,15.2,15.85,94,76,Jember,-8.1724,113.702
2018-02-06,28.6,23.8,25.4,17.3,17.3,3.12,14.7,16.17,97,77,Jember,-8.1724,113.702
2018-02-07,28.2,23.4,25.3,18.1,18.1,3.39,7.0,17.07,94,79,Jember,-8.1724,113.702
2018-02-08,27.2,23.8,25.0,12.8,12.8,2.0,8.2,9.22,96,73,Jember,-8.1724,113.702
2018-02-09,28.0,23.4,25.4,32.8,32.8,2.79,11.6,13.96,94,76,Jember,-8.1724,113.702
2018-02-10,30.0,23.7,25.9,5.1,5.1,4.12,11.3,20.61,95,66,Jember,-8.1724,113.702
2018-02-11,28.7,24.4,26.0,0.9,0.9,3.37,10.1,16.81,92,74,Jember,-8.1724,113.702
2018-02-12,27.8,23.0,25.4,0.2,0.2,3.49,10.5,17.49,95,73,Jember,-8.1724,113.702
2018-02-13,29.1,23.8,25.8,9.7,9.7,2.9,13.5,14.62,95,71,Jember,-8.1724,113.702
2018-02-14,28.5,23.8,25.8,8.3,8.3,2.81,11.1,13.65,95,77,Jember,-8.1724,113.702
2018-02-15,27.1,24.1,25.2,44.8,44.8,1.81,13.9,8.67,95,80,Jember,-8.1724,113.702
2018-02-16,28.7,23.6,25.6,0.1,0.1,2.62,10.5,11.93,90,72,Jember,-8.1724,113.702
2018-02-17,29.5,23.2,25.8,7.2,7.2,3.64,10.1,18.02,92,73,Jember,-8.1724,113.702
2018-02-18,29.9,24.1,26.6,0.9,0.9,4.11,11.3,19.6,93,67,Jember,-8.1724,113.702
2018-02-19,30.5,23.7,26.2,2.3,2.3,4.29,9.1,21.42,93,72,Jember,-8.1724,113.702
2018-02-20,30.0,23.6,26.0,8.1,8.1,3.8,14.2,18.82,95,73,Jember,-8.1724,113.702
2018-02-21,29.8,24.5,26.3,2.5,2.5,3.41,5.7,16.6,92,72,Jember,-8.1724,113.702
2018-02-22,29.5,23.6,26.0,2.7,2.7,3.28,8.3,15.97,98,68,Jember,-8.1724,113.702
2018-02-23,28.6,24.1,26.0,0.4,0.4,2.84,8.9,13.8,95,75,Jember,-8.1724,113.702
2018-02-24,28.5,24.0,25.5,19.1,19.1,2.71,8.1,13.18,95,75,Jember,-8.1724,113.702
2018-02-25,29.3,23.1,25.5,2.5,2.5,3.16,11.3,15.92,97,81,Jember,-8.1724,113.702
2018-02-26,28.9,24.2,25.8,13.0,13.0,2.71,10.0,13.53,96,78,Jember,-8.1724,113.702
2018-02-27,29.8,24.5,26.9,0.7,0.7,4.31,12.6,21.12,89,69,Jember,-8.1724,113.702
2018-02-28,30.0,23.5,26.6,1.4,1.4,4.1,9.4,20.47,94,71,Jember,-8.1724,113.702
2018-03-01,29.9,24.2,26.7,0.5,0.5,3.99,16.6,19.8,92,69,Jember,-8.1724,113.702
2018-03-02,29.2,23.2,26.0,2.6,2.6,3.4,14.5,17.28,94,77,Jember,-8.1724,113.702
2018-03-03,29.5,24.1,26.5,0.2,0.2,4.1,10.5,20.67,95,72,Jember,-8.1724,113.702
2018-03-04,29.9,24.1,26.6,0.5,0.5,3.92,10.8,19.62,93,71,Jember,-8.1724,113.702
2018-03-05,30.0,24.2,26.6,1.3,1.3,3.93,12.1,19.4,97,71,Jember,-8.1724,113.702
2018-03-06,30.9,23.6,26.5,2.4,2.4,4.22,9.4,20.6,96,65,Jember,-8.1724,113.702
2018-03-07,29.0,23.8,25.6,8.4,8.4,3.0,12.2,15.26,97,79,Jember,-8.1724,113.702
2018-03-08,27.9,24.2,25.5,16.4,16.4,2.7,9.7,13.35,92,81,Jember,-8.1724,113.702
2018-03-09,29.5,23.6,26.4,3.7,3.7,3.99,10.7,20.3,92,78,Jember,-8.1724,113.702
2018-03-10,31.1,24.1,26.8,1.6,1.6,4.49,11.8,22.28,90,72,Jember,-8.1724,113.702
2018-03-11,30.4,24.0,26.4,3.2,3.2,3.86,9.0,19.02,97,68,Jember,-8.1724,113.702
2018-03-12,29.9,23.8,26.0,3.5,3.5,3.66,8.0,18.09,98,68,Jember,-8.1724,113.702
2018-03-13,29.1,24.0,25.7,24.4,24.4,3.23,6.9,15.92,94,73,Jember,-8.1724,113.702
2018-03-14,29.2,23.4,25.8,3.7,3.7,3.42,14.7,16.41,95,67,Jember,-8.1724,113.702
2018-03-15,29.1,24.1,26.4,3.8,3.8,3.78,14.5,19.12,93,71,Jember,-8.1724,113.702
2018-03-16,29.5,24.0,25.9,9.1,9.1,3.24,11.5,16.25,94,75,Jember,-8.1724,113.702
2018-03-17,28.8,23.9,25.9,16.2,16.2,3.83,13.0,19.38,96,75,Jember,-8.1724,113.702
2018-03-18,30.1,23.0,26.2,5.5,5.5,4.15,7.7,20.76,93,71,Jember,-8.1724,113.702
2018-03-19,30.4,23.4,26.9,0.4,0.4,4.28,12.6,21.15,89,70,Jember,-8.1724,113.702
2018-03-20,30.4,23.4,27.0,0.0,0.0,4.73,14.5,23.43,93,65,Jember,-8.1724,113.702
2018-03-21,29.6,23.1,26.3,0.1,0.1,4.19,15.0,20.66,87,72,Jember,-8.1724,113.702
2018-03-22,28.8,23.6,26.1,6.1,6.1,2.79,12.5,13.26,93,69,Jember,-8.1724,113.702
2018-03-23,31.3,24.4,27.0,1.9,1.9,4.49,9.9,21.69,93,66,Jember,-8.1724,113.702
2018-03-24,29.0,24.2,26.0,5.4,5.4,3.23,14.0,16.1,94,76,Jember,-8.1724,113.702
2018-03-25,28.6,23.3,25.7,19.3,19.3,3.27,11.7,16.67,96,73,Jember,-8.1724,113.702
2018-03-26,29.8,23.6,26.6,1.0,1.0,4.11,13.0,20.41,94,68,Jember,-8.1724,113.702
2018-03-27,28.8,24.0,26.2,3.6,3.6,2.97,12.9,14.8,95,78,Jember,-8.1724,113.702
2018-03-28,29.5,23.4,26.3,3.4,3.4,3.91,14.7,20.13,95,77,Jember,-8.1724,113.702
2018-03-29,30.3,23.9,27.0,4.3,4.3,4.37,16.1,21.45,96,67,Jember,-8.1724,113.702
2018-03-30,30.7,24.2,26.5,5.6,5.6,4.23,13.6,20.9,94,70,Jember,-8.1724,113.702
2018-03-31,29.9,24.0,26.2,8.6,8.6,3.57,11.8,17.4,91,71,Jember,-8.1724,113.702
2018-04-01,30.5,24.1,27.0,0.0,0.0,3.97,8.9,19.38,92,64,Jember,-8.1724,113.702
2018-04-02,29.9,25.0,27.1,1.7,1.7,4.03,9.4,19.84,91,69,Jember,-8.1724,113.702
2018-04-03,29.5,24.0,26.4,2.6,2.6,3.6,13.1,17.91,89,72,Jember,-8.1724,113.702
2018-04-04,30.3,24.0,26.6,7.9,7.9,3.92,10.5,19.67,90,71,Jember,-8.1724,113.702
2018-04-05,31.8,23.5,27.0,2.7,2.7,4.4,13.3,21.6,94,62,Jember,-8.1724,113.702
2018-04-06,30.9,21.6,26.2,7.8,7.8,4.22,10.5,21.14,95,71,Jember,-8.1724,113.702
2018-04-07,30.6,22.6,26.3,1.6,1.6,4.19,7.7,20.57,93,65,Jember,-8.1724,113.702
2018-04-08,30.7,22.5,26.3,3.6,3.6,3.78,10.8,18.12,89,59,Jember,-8.1724,113.702
2018-04-09,30.5,23.0,26.5,4.2,4.2,4.05,7.7,19.49,92,59,Jember,-8.1724,113.702
2018-04-10,32.5,23.3,27.2,0.2,0.2,4.27,12.0,20.17,94,50,Jember,-8.1724,113.702
2018-04-11,31.5,23.9,27.3,5.3,5.3,4.09,7.2,19.82,96,63,Jember,-8.1724,113.702
2018-04-12,31.0,23.2,27.2,0.5,0.5,4.16,7.0,20.04,94,64,Jember,-8.1724,113.702
2018-04-13,30.5,24.0,27.0,3.8,3.8,3.87,12.3,19.1,97,72,Jember,-8.1724,113.702
2018-04-14,32.2,24.4,27.8,0.4,0.4,4.51,6.3,21.5,95,60,Jember,-8.1724,113.702
2018-04-15,31.9,24.1,27.3,0.2,0.2,4.43,7.9,21.3,96,61,Jember,-8.1724,113.702
2018-04-16,31.0,25.0,27.3,8.3,8.3,3.85,13.2,18.71,94,67,Jember,-8.1724,113.702
2018-04-17,29.3,24.5,26.5,8.4,8.4,3.41,10.1,17.0,96,76,Jember,-8.1724,113.702
2018-04-18,32.0,24.2,27.2,0.9,0.9,4.33,11.1,20.87,93,60,Jember,-8.1724,113.702
2018-04-19,31.5,23.4,27.0,0.5,0.5,4.03,8.0,19.58,97,57,Jember,-8.1724,113.702
2018-04-20,31.0,23.4,27.0,1.6,1.6,4.27,7.6,20.98,91,65,Jember,-8.1724,113.702
2018-04-21,31.8,24.4,27.3,0.1,0.1,4.36,8.4,21.17,95,61,Jember,-8.1724,113.702
2018-04-22,31.4,24.0,27.4,3.0,3.0,3.65,10.9,17.24,91,63,Jember,-8.1724,113.702
2018-04-23,31.9,24.4,27.6,0.3,0.3,3.91,8.3,18.09,92,58,Jember,-8.1724,113.702
2018-04-24,32.3,24.5,27.8,0.1,0.1,4.11,7.8,19.15,95,54,Jember,-8.1724,113.702
2018-04-25,30.9,24.4,27.1,1.3,1.3,3.81,7.2,18.31,96,64,Jember,-8.1724,113.702
2018-04-26,31.2,23.9,27.1,0.2,0.2,3.94,15.5,18.1,98,57,Jember,-8.1724,113.702
2018-04-27,31.9,21.8,26.9,1.1,1.1,4.23,9.2,20.16,89,54,Jember,-8.1724,113.702
2018-04-28,31.4,23.5,26.9,0.7,0.7,4.24,11.9,20.03,94,62,Jember,-8.1724,113.702
2018-04-29,32.9,21.4,26.6,0.0,0.0,5.0,10.9,23.14,90,41,Jember,-8.1724,113.702
2018-04-30,32.2,20.5,26.1,0.0,0.0,4.79,9.8,22.81,91,46,Jember,-8.1724,113.702
2018-05-01,31.9,20.9,26.3,0.5,0.5,4.29,10.8,19.56,95,46,Jember,-8.1724,113.702
2018-05-02,32.2,21.4,26.1,0.3,0.3,4.81,18.7,22.44,92,48,Jember,-8.1724,113.702
2018-05-03,32.1,22.1,26.2,0.7,0.7,4.34,15.5,20.24,95,49,Jember,-8.1724,113.702
2018-05-04,33.0,22.5,27.0,0.1,0.1,4.94,17.7,22.58,90,33,Jember,-8.1724,113.702
2018-05-05,32.8,23.0,27.3,0.2,0.2,4.53,13.1,21.14,85,39,Jember,-8.1724,113.702
2018-05-06,33.5,22.6,27.7,1.2,1.2,4.69,11.7,21.48,87,42,Jember,-8.1724,113.702
2018-05-07,34.5,22.5,27.7,0.0,0.0,4.6,7.9,21.04,93,38,Jember,-8.1724,113.702
2018-05-08,33.7,21.9,27.2,0.0,0.0,4.65,10.3,20.7,94,38,Jember,-8.1724,113.702
2018-05-09,33.0,21.8,27.0,0.5,0.5,4.31,8.6,19.82,88,45,Jember,-8.1724,113.702
2018-05-10,33.5,22.9,28.0,0.0,0.0,4.61,7.4,21.87,92,39,Jember,-8.1724,113.702
2018-05-11,33.5,22.9,27.8,0.7,0.7,4.63,10.5,19.84,89,45,Jember,-8.1724,113.702
2018-05-12,32.9,22.7,27.5,0.1,0.1,4.47,13.6,19.24,89,46,Jember,-8.1724,113.702
2018-05-13,33.3,23.0,27.8,0.0,0.0,4.19,8.0,18.93,90,44,Jember,-8.1724,113.702
2018-05-14,33.8,24.6,28.5,0.0,0.0,4.48,13.8,18.52,86,43,Jember,-8.1724,113.702
2018-05-15,31.7,24.2,27.4,0.7,0.7,3.47,14.0,14.58,92,55,Jember,-8.1724,113.702
2018-05-16,33.0,24.4,28.0,1.1,1.1,3.65,13.0,15.56,90,49,Jember,-8.1724,113.702
2018-05-17,30.2,24.4,27.1,0.1,0.1,2.94,12.2,12.34,88,59,Jember,-8.1724,113.702
2018-05-18,31.2,24.1,27.5,0.2,0.2,3.55,9.5,15.17,85,53,Jember,-8.1724,113.702
2018-05-19,32.2,24.6,27.8,0.1,0.1,3.89,8.9,16.92,81,49,Jember,-8.1724,113.702
2018-05-20,33.7,23.8,27.9,0.9,0.9,4.22,11.9,19.59,86,42,Jember,-8.1724,113.702
2018-05-21,33.0,23.6,27.8,2.6,2.6,3.61,7.5,16.55,94,47,Jember,-8.1724,113.702
2018-05-22,33.1,25.0,28.4,0.1,0.1,3.85,9.5,17.07,92,46,Jember,-8.1724,113.702
2018-05-23,32.8,24.1,27.9,0.2,0.2,3.58,8.4,16.06,94,48,Jember,-8.1724,113.702
2018-05-24,31.6,23.9,27.0,3.4,3.4,2.94,10.8,13.33,93,56,Jember,-8.1724,113.702
2018-05-25,32.5,24.2,27.3,1.0,1.0,3.29,8.7,14.93,92,52,Jember,-8.1724,113.702
2018-05-26,30.9,24.9,27.1,4.7,4.7,2.71,7.9,12.22,94,60,Jember,-8.1724,113.702
2018-05-27,32.0,23.9,27.1,0.6,0.6,3.5,12.8,14.87,91,51,Jember,-8.1724,113.702
2018-05-28,31.5,23.1,26.9,0.3,0.3,3.58,8.8,15.27,88,51,Jember,-8.1724,113.702
2018-05-29,32.3,22.8,26.8,0.0,0.0,4.6,15.6,19.51,87,41,Jember,-8.1724,113.702
2018-05-30,31.9,20.8,25.7,0.2,0.2,4.19,20.0,18.41,93,46,Jember,-8.1724,113.702
2018-05-31,32.3,21.1,26.0,0.0,0.0,4.51,17.9,20.44,99,46,Jember,-8.1724,113.702
2018-06-01,31.5,21.8,26.4,0.6,0.6,3.93,20.9,16.97,98,48,Jember,-8.1724,113.702
2018-06-02,33.0,23.0,26.9,0.3,0.3,3.99,21.5,17.92,93,42,Jember,-8.1724,113.702
2018-06-03,32.3,23.5,27.3,0.6,0.6,3.61,15.9,16.01,94,49,Jember,-8.1724,113.702
2018-06-04,33.2,23.8,27.9,0.0,0.0,4.07,15.0,18.18,93,47,Jember,-8.1724,113.702
2018-06-05,34.0,23.5,28.2,0.2,0.2,4.39,10.6,19.63,92,43,Jember,-8.1724,113.702
2018-06-06,32.2,23.5,27.1,0.0,0.0,4.02,15.0,17.71,98,51,Jember,-8.1724,113.702
2018-06-07,33.0,23.8,27.3,0.0,0.0,4.28,18.2,19.16,96,53,Jember,-8.1724,113.702
2018-06-08,33.7,23.6,27.4,0.5,0.5,3.84,18.6,16.15,96,45,Jember,-8.1724,113.702
2018-06-09,32.5,23.6,27.1,0.9,0.9,3.48,13.4,15.24,88,42,Jember,-8.1724,113.702
2018-06-10,33.6,21.0,26.9,2.5,2.5,3.64,7.4,16.6,97,43,Jember,-8.1724,113.702
2018-06-11,31.2,23.5,26.6,5.3,5.3,2.77,10.3,12.33,94,55,Jember,-8.1724,113.702
2018-06-12,31.2,23.2,26.9,1.2,1.2,3.01,13.2,12.84,88,56,Jember,-8.1724,113.702
2018-06-13,32.5,21.8,26.3,0.0,0.0,4.13,9.9,19.1,91,40,Jember,-8.1724,113.702
2018-06-14,32.5,21.0,26.1,0.0,0.0,4.1,7.8,19.52,88,39,Jember,-8.1724,113.702
2018-06-15,32.8,20.4,26.2,0.0,0.0,4.17,8.2,19.11,91,39,Jember,-8.1724,113.702
2018-06-16,32.3,20.3,26.4,0.6,0.6,4.22,14.6,19.67,96,43,Jember,-8.1724,113.702
2018-06-17,33.5,21.4,27.7,0.0,0.0,4.32,8.8,20.02,97,37,Jember,-8.1724,113.702
2018-06-18,33.5,22.0,27.4,0.0,0.0,4.52,16.8,20.34,88,32,Jember,-8.1724,113.702
2018-06-19,30.3,22.8,25.8,27.3,27.3,2.37,12.3,10.7,97,56,Jember,-8.1724,113.702
2018-06-20,29.4,23.7,25.9,5.8,5.8,2.7,10.2,12.69,96,67,Jember,-8.1724,113.702
2018-06-21,28.0,23.4,25.4,4.0,4.0,1.99,8.6,9.62,95,76,Jember,-8.1724,113.702
2018-06-22,29.7,23.3,25.9,3.3,3.3,3.08,8.0,14.79,92,63,Jember,-8.1724,113.702
2018-06-23,30.1,23.5,25.8,10.6,10.6,2.89,10.5,13.63,94,64,Jember,-8.1724,113.702
2018-06-24,29.4,23.2,25.7,0.8,0.8,3.24,9.9,15.89,95,68,Jember,-8.1724,113.702
2018-06-25,28.9,22.9,25.4,2.1,2.1,2.95,9.8,14.34,91,65,Jember,-8.1724,113.702
2018-06-26,29.0,22.5,25.2,0.7,0.7,3.23,13.4,15.75,90,64,Jember,-8.1724,113.702
2018-06-27,29.5,22.6,25.3,0.4,0.4,3.5,12.7,17.16,92,61,Jember,-8.1724,113.702
2018-06-28,29.0,22.0,24.9,2.3,2.3,3.39,12.0,16.32,90,63,Jember,-8.1724,113.702
2018-06-29,28.9,22.1,24.9,2.6,2.6,3.02,12.0,14.6,92,64,Jember,-8.1724,113.702
2018-06-30,29.0,21.4,24.7,0.9,0.9,3.19,9.0,15.58,94,61,Jember,-8.1724,113.702
2018-07-01,30.4,20.8,25.0,0.0,0.0,3.94,7.9,19.8,93,54,Jember,-8.1724,113.702
2018-07-02,30.6,20.5,25.0,0.0,0.0,3.79,6.4,18.76,96,55,Jember,-8.1724,113.702
2018-07-03,29.2,20.8,24.8,0.8,0.8,3.33,11.6,16.42,95,65,Jember,-8.1724,113.702
2018-07-04,29.5,22.1,25.4,1.9,1.9,3.75,12.0,18.03,90,61,Jember,-8.1724,113.702
2018-07-05,29.4,20.1,24.3,0.1,0.1,4.0,12.5,18.26,87,47,Jember,-8.1724,113.702
2018-07-06,29.0,19.0,24.0,0.1,0.1,3.7,11.8,17.72,90,55,Jember,-8.1724,113.702
2018-07-07,29.4,20.6,24.5,0.0,0.0,3.29,11.5,15.64,89,51,Jember,-8.1724,113.702
2018-07-08,29.9,20.3,24.9,0.1,0.1,3.41,8.9,16.21,95,57,Jember,-8.1724,113.702
2018-07-09,30.5,20.8,25.2,0.3,0.3,3.43,11.0,16.13,98,51,Jember,-8.1724,113.702
2018-07-10,29.5,21.4,25.0,0.5,0.5,3.79,14.7,17.47,93,53,Jember,-8.1724,113.702
2018-07-11,29.2,19.6,24.3,1.8,1.8,3.57,9.4,17.15,92,52,Jember,-8.1724,113.702
2018-07-12,29.2,21.5,24.8,0.5,0.5,3.42,8.4,16.49,92,52,Jember,-8.1724,113.702
2018-07-13,29.5,20.6,24.6,0.1,0.1,3.52,9.8,16.37,94,51,Jember,-8.1724,113.702
2018-07-14,29.2,21.6,24.6,1.4,1.4,3.07,11.1,13.29,88,52,Jember,-8.1724,113.702
2018-07-15,27.9,21.3,24.0,1.4,1.4,2.45,11.4,10.82,93,54,Jember,-8.1724,113.702
2018-07-16,29.9,20.2,24.5,0.1,0.1,3.35,13.4,15.2,86,52,Jember,-8.1724,113.702
2018-07-17,29.0,21.6,25.0,0.0,0.0,3.07,10.3,13.61,91,57,Jember,-8.1724,113.702
2018-07-18,29.6,22.5,25.4,1.0,1.0,3.05,10.5,14.05,94,62,Jember,-8.1724,113.702
2018-07-19,31.7,22.0,26.0,0.0,0.0,4.01,10.1,18.42,96,46,Jember,-8.1724,113.702
2018-07-20,30.8,21.1,25.9,0.1,0.1,4.08,17.8,19.04,95,54,Jember,-8.1724,113.702
2018-07-21,31.2,22.6,25.9,5.9,5.9,3.04,11.7,13.47,98,54,Jember,-8.1724,113.702
2018-07-22,28.7,23.4,25.1,13.1,13.1,2.41,11.6,11.65,96,72,Jember,-8.1724,113.702
2018-07-23,30.4,22.7,25.9,2.3,2.3,3.73,12.3,17.36,95,56,Jember,-8.1724,113.702
2018-07-24,31.0,20.7,24.8,0.0,0.0,4.16,8.9,20.08,97,45,Jember,-8.1724,113.702
2018-07-25,30.1,18.5,23.9,0.0,0.0,4.2,7.6,20.97,98,51,Jember,-8.1724,113.702
2018-07-26,30.4,19.5,24.5,0.0,0.0,4.2,15.6,19.73,96,52,Jember,-8.1724,113.702
2018-07-27,30.8,21.4,25.1,0.9,0.9,3.07,12.6,13.01,92,49,Jember,-8.1724,113.702
2018-07-28,29.3,21.5,25.1,1.7,1.7,2.85,12.1,12.43,97,55,Jember,-8.1724,113.702
2018-07-29,31.6,21.7,25.6,0.2,0.2,4.18,20.2,18.61,92,45,Jember,-8.1724,113.702
2018-07-30,32.4,21.0,26.0,1.5,1.5,4.4,14.5,20.67,94,46,Jember,-8.1724,113.702
2018-07-31,30.3,21.8,25.5,1.9,1.9,3.61,9.5,16.65,96,53,Jember,-8.1724,113.702
2018-08-01,29.0,22.4,25.1,1.7,1.7,2.96,9.2,13.4,93,58,Jember,-8.1724,113.702
2018-08-02,30.2,20.6,24.6,1.0,1.0,4.26,15.6,18.85,93,36,Jember,-8.1724,113.702
2018-08-03,27.2,19.2,23.1,1.4,1.4,3.04,14.1,13.08,87,53,Jember,-8.1724,113.702
2018-08-04,28.2,20.0,23.6,1.0,1.0,2.8,13.6,11.74,89,50,Jember,-8.1724,113.702
2018-08-05,26.7,21.2,23.6,1.4,1.4,2.46,11.4,10.49,91,56,Jember,-8.1724,113.702
2018-08-06,29.2,19.1,24.0,0.2,0.2,3.53,13.3,15.93,84,47,Jember,-8.1724,113.702
2018-08-07,30.3,20.0,24.9,0.3,0.3,3.95,11.0,18.19,91,48,Jember,-8.1724,113.702
2018-08-08,31.5,21.7,26.2,0.2,0.2,4.36,14.4,19.72,90,48,Jember,-8.1724,113.702
2018-08-09,33.0,22.2,26.3,1.1,1.1,4.28,19.1,19.84,93,43,Jember,-8.1724,113.702
2018-08-10,30.6,21.0,25.5,0.5,0.5,3.2,10.6,13.63,93,49,Jember,-8.1724,113.702
2018-08-11,29.9,22.4,25.6,0.3,0.3,3.2,13.6,13.22,92,54,Jember,-8.1724,113.702
2018-08-12,32.0,21.6,26.3,0.0,0.0,4.09,13.3,17.59,90,44,Jember,-8.1724,113.702
2018-08-13,32.4,21.7,26.6,0.0,0.0,4.2,7.2,19.23,92,43,Jember,-8.1724,113.702
2018-08-14,31.8,21.4,26.2,0.0,0.0,3.76,8.4,17.11,92,46,Jember,-8.1724,113.702
2018-08-15,31.7,21.3,25.6,0.9,0.9,3.7,11.3,15.11,95,40,Jember,-8.1724,113.702
2018-08-16,31.0,19.0,24.7,0.3,0.3,4.21,11.1,18.95,90,35,Jember,-8.1724,113.702
2018-08-17,30.2,19.8,24.5,0.1,0.1,4.12,17.1,18.14,95,46,Jember,-8.1724,113.702
2018-08-18,31.9,19.6,25.2,0.0,0.0,4.26,13.8,18.82,95,40,Jember,-8.1724,113.702
2018-08-19,32.7,20.3,25.8,1.2,1.2,4.37,15.8,20.26,95,38,Jember,-8.1724,113.702
2018-08-20,31.9,21.5,26.2,0.6,0.6,4.36,15.9,19.63,97,49,Jember,-8.1724,113.702
2018-08-21,31.6,22.0,26.2,0.6,0.6,3.66,10.0,16.28,94,50,Jember,-8.1724,113.702
2018-08-22,33.1,20.9,26.2,1.1,1.1,4.38,17.3,19.54,97,36,Jember,-8.1724,113.702
2018-08-23,33.5,21.5,26.3,0.3,0.3,4.41,13.3,18.95,94,34,Jember,-8.1724,113.702
2018-08-24,32.7,20.4,25.9,0.0,0.0,4.81,10.6,21.91,97,34,Jember,-8.1724,113.702
2018-08-25,31.5,19.3,25.0,0.0,0.0,4.91,22.0,22.19,95,40,Jember,-8.1724,113.702
2018-08-26,33.0,21.2,26.2,0.0,0.0,4.05,13.4,16.59,89,42,Jember,-8.1724,113.702
2018-08-27,32.7,21.0,26.3,0.0,0.0,4.1,17.0,17.92,97,43,Jember,-8.1724,113.702
2018-08-28,32.5,22.7,26.6,0.7,0.7,4.28,19.1,18.05,92,43,Jember,-8.1724,113.702
2018-08-29,29.0,23.4,25.3,4.2,4.2,3.6,17.9,16.64,90,60,Jember,-8.1724,113.702
2018-08-30,30.6,21.8,25.5,1.5,1.5,3.51,17.1,15.37,94,53,Jember,-8.1724,113.702
2018-08-31,31.1,23.4,25.9,3.7,3.7,3.23,10.4,14.24,92,50,Jember,-8.1724,113.702
2018-09-01,29.6,22.4,25.3,4.1,4.1,3.14,11.6,14.38,95,58,Jember,-8.1724,113.702
2018-09-02,31.7,22.0,25.7,1.0,1.0,4.23,21.4,18.42,96,50,Jember,-8.1724,113.702
2018-09-03,29.0,21.8,25.0,1.2,1.2,3.04,14.8,12.26,89,53,Jember,-8.1724,113.702
2018-09-04,31.6,21.1,25.4,0.1,0.1,4.83,18.0,21.7,86,41,Jember,-8.1724,113.702
2018-09-05,30.7,21.9,25.5,4.6,4.6,3.66,10.0,17.16,89,50,Jember,-8.1724,113.702
2018-09-06,32.5,21.9,26.2,0.2,0.2,4.26,8.4,19.73,93,41,Jember,-8.1724,113.702
2018-09-07,32.6,22.0,26.9,0.6,0.6,4.61,9.9,20.87,93,42,Jember,-8.1724,113.702
2018-09-08,31.8,22.5,26.5,0.4,0.4,3.95,10.5,16.78,95,47,Jember,-8.1724,113.702
2018-09-09,33.5,20.9,26.9,0.0,0.0,4.75,7.9,22.04,97,41,Jember,-8.1724,113.702
2018-09-10,33.7,22.5,27.4,3.1,3.1,4.87,10.1,21.83,94,39,Jember,-8.1724,113.702
2018-09-11,32.6,21.4,26.8,0.8,0.8,4.89,12.2,21.58,96,44,Jember,-8.1724,113.702
2018-09-12,32.0,21.9,25.8,1.4,1.4,4.97,19.2,21.2,90,37,Jember,-8.1724,113.702
2018-09-13,32.8,21.1,25.7,0.0,0.0,5.28,21.6,23.19,87,36,Jember,-8.1724,113.702
2018-09-14,32.2,19.7,25.4,1.2,1.2,4.8,20.5,20.53,95,37,Jember,-8.1724,113.702
2018-09-15,33.0,20.0,25.5,0.6,0.6,4.67,17.3,21.45,94,33,Jember,-8.1724,113.702
2018-09-16,32.7,19.5,26.3,1.2,1.2,4.86,9.3,22.26,96,40,Jember,-8.1724,113.702
2018-09-17,32.8,22.1,26.5,6.1,6.1,4.55,10.3,21.42,92,43,Jember,-8.1724,113.702
2018-09-18,32.4,23.0,26.3,12.4,12.4,4.35,15.7,20.85,98,53,Jember,-8.1724,113.702
2018-09-19,29.9,22.9,25.6,14.3,14.3,3.74,13.8,17.64,96,63,Jember,-8.1724,113.702
2018-09-20,30.8,23.6,26.5,1.2,1.2,3.5,12.1,16.15,94,59,Jember,-8.1724,113.702
2018-09-21,32.0,23.0,26.7,1.7,1.7,4.42,8.8,21.03,96,53,Jember,-8.1724,113.702
2018-09-22,33.9,20.6,26.7,0.0,0.0,5.47,15.3,25.57,99,41,Jember,-8.1724,113.702
2018-09-23,31.9,22.2,26.7,0.3,0.3,4.6,12.3,21.08,97,45,Jember,-8.1724,113.702
2018-09-24,33.8,22.2,27.5,0.0,0.0,5.24,8.9,23.73,95,38,Jember,-8.1724,113.702
2018-09-25,32.8,22.7,27.2,0.9,0.9,4.86,11.2,21.74,92,45,Jember,-8.1724,113.702
2018-09-26,34.6,21.3,26.9,0.4,0.4,5.82,18.4,25.78,99,34,Jember,-8.1724,113.702
2018-09-27,35.0,21.1,26.6,0.4,0.4,5.84,17.3,25.7,100,23,Jember,-8.1724,113.702
2018-09-28,34.5,21.1,26.9,0.5,0.5,5.61,17.3,24.81,99,30,Jember,-8.1724,113.702
2018-09-29,34.0,21.8,27.1,2.6,2.6,5.16,14.3,22.76,94,39,Jember,-8.1724,113.702
2018-09-30,35.0,22.5,28.1,0.5,0.5,5.25,15.2,23.05,99,34,Jember,-8.1724,113.702
2018-10-01,34.5,23.3,28.5,0.1,0.1,5.13,10.5,21.65,89,39,Jember,-8.1724,113.702
2018-10-02,35.0,23.0,28.4,0.5,0.5,5.42,15.4,23.52,95,38,Jember,-8.1724,113.702
2018-10-03,35.0,22.9,28.6,0.0,0.0,5.64,10.9,24.16,89,34,Jember,-8.1724,113.702
2018-10-04,35.7,21.4,27.9,0.3,0.3,5.98,20.1,26.24,95,25,Jember,-8.1724,113.702
2018-10-05,35.6,21.7,28.2,0.0,0.0,5.89,20.3,25.64,93,30,Jember,-8.1724,113.702
2018-10-06,34.4,23.1,28.6,0.1,0.1,5.06,9.5,22.06,95,37,Jember,-8.1724,113.702
2018-10-07,35.8,23.2,28.8,0.5,0.5,5.56,18.7,23.52,92,31,Jember,-8.1724,113.702
2018-10-08,35.3,22.9,28.5,0.1,0.1,5.54,14.8,23.07,96,33,Jember,-8.1724,113.702
2018-10-09,35.7,21.6,27.6,1.6,1.6,5.41,14.1,23.17,98,31,Jember,-8.1724,113.702
2018-10-10,34.2,23.2,27.5,1.4,1.4,5.32,19.3,23.4,94,41,Jember,-8.1724,113.702
2018-10-11,34.3,23.0,28.1,1.5,1.5,4.98,19.5,21.97,95,41,Jember,-8.1724,113.702
2018-10-12,34.7,22.8,27.8,2.1,2.1,5.17,18.0,22.12,97,40,Jember,-8.1724,113.702
2018-10-13,33.8,24.0,27.8,1.4,1.4,5.58,25.1,23.37,94,42,Jember,-8.1724,113.702
2018-10-14,33.7,23.8,27.8,2.1,2.1,5.37,17.9,22.59,91,43,Jember,-8.1724,113.702
2018-10-15,33.1,23.5,27.5,3.4,3.4,4.58,10.2,20.58,92,47,Jember,-8.1724,113.702
2018-10-16,33.7,22.7,27.5,1.0,1.0,5.34,13.9,23.34,91,43,Jember,-8.1724,113.702
2018-10-17,32.5,23.7,27.3,0.3,0.3,4.81,16.9,20.08,93,47,Jember,-8.1724,113.702
2018-10-18,32.8,23.5,27.2,1.1,1.1,4.7,18.1,19.0,88,44,Jember,-8.1724,113.702
2018-10-19,33.5,22.5,27.2,0.0,0.0,5.28,22.1,21.57,91,39,Jember,-8.1724,113.702
2018-10-20,32.8,22.4,27.2,1.5,1.5,4.64,13.8,19.58,84,42,Jember,-8.1724,113.702
2018-10-21,34.1,22.4,27.6,0.8,0.8,5.34,18.2,22.94,91,40,Jember,-8.1724,113.702
2018-10-22,34.2,23.4,27.9,1.1,1.1,5.32,21.7,22.63,92,40,Jember,-8.1724,113.702
2018-10-23,34.7,23.7,28.2,0.7,0.7,5.23,17.8,22.03,92,42,Jember,-8.1724,113.702
2018-10-24,34.6,24.6,28.3,0.9,0.9,5.35,20.6,22.17,89,42,Jember,-8.1724,113.702
2018-10-25,32.3,24.7,27.8,0.9,0.9,4.03,14.5,16.25,87,52,Jember,-8.1724,113.702
2018-10-26,33.7,22.8,27.8,1.5,1.5,5.11,10.1,22.75,94,40,Jember,-8.1724,113.702
2018-10-27,34.8,22.4,27.4,3.9,3.9,5.22,15.9,22.94,98,37,Jember,-8.1724,113.702
2018-10-28,31.2,23.0,27.1,1.0,1.0,4.57,13.6,19.75,95,52,Jember,-8.1724,113.702
2018-10-29,33.7,22.1,27.5,0.6,0.6,5.54,18.4,23.95,97,39,Jember,-8.1724,113.702
2018-10-30,35.5,23.2,28.1,0.3,0.3,5.95,19.6,25.37,90,32,Jember,-8.1724,113.702
2018-10-31,35.6,22.5,28.5,0.2,0.2,5.77,13.7,24.6,94,32,Jember,-8.1724,113.702
2018-11-01,34.8,23.1,28.4,0.5,0.5,5.47,18.9,22.9,92,37,Jember,-8.1724,113.702
2018-11-02,36.3,23.3,29.1,0.6,0.6,5.22,11.8,23.14,87,32,Jember,-8.1724,113.702
2018-11-03,34.7,24.0,29.1,1.4,1.4,5.44,10.7,23.21,94,43,Jember,-8.1724,113.702
2018-11-04,32.5,25.0,27.9,1.8,1.8,4.44,8.6,19.7,91,55,Jember,-8.1724,113.702
2018-11-05,32.8,24.6,27.7,4.4,4.4,4.33,12.8,19.67,94,55,Jember,-8.1724,113.702
2018-11-06,30.9,24.1,26.8,23.1,23.1,3.49,14.5,16.46,97,68,Jember,-8.1724,113.702
2018-11-07,31.1,24.1,26.4,14.4,14.4,3.66,11.9,17.5,97,66,Jember,-8.1724,113.702
2018-11-08,30.9,24.0,26.2,9.4,9.4,3.57,9.0,17.14,95,66,Jember,-8.1724,113.702
2018-11-09,30.1,24.4,26.3,12.6,12.6,2.93,10.0,13.99,95,74,Jember,-8.1724,113.702
2018-11-10,31.5,23.5,26.5,12.9,12.9,3.8,10.6,18.24,99,70,Jember,-8.1724,113.702
2018-11-11,31.1,24.0,27.1,2.9,2.9,4.46,11.9,20.83,97,63,Jember,-8.1724,113.702
2018-11-12,30.3,24.5,26.7,25.0,25.0,3.66,10.2,17.6,95,71,Jember,-8.1724,113.702
2018-11-13,29.9,24.4,26.8,25.9,25.9,3.81,10.4,18.45,95,75,Jember,-8.1724,113.702
2018-11-14,31.6,24.0,27.1,11.0,11.0,4.13,7.3,19.74,96,65,Jember,-8.1724,113.702
2018-11-15,31.8,24.9,27.1,12.7,12.7,3.86,10.0,18.35,91,70,Jember,-8.1724,113.702
2018-11-16,32.0,24.0,27.1,11.4,11.4,4.37,11.9,20.7,93,64,Jember,-8.1724,113.702
2018-11-17,31.2,24.6,27.7,1.3,1.3,4.65,12.1,22.43,94,67,Jember,-8.1724,113.702
2018-11-18,30.5,25.0,26.8,7.8,7.8,3.71,10.1,17.9,95,65,Jember,-8.1724,113.702
2018-11-19,32.5,23.8,27.5,0.0,0.0,5.15,16.8,24.39,96,62,Jember,-8.1724,113.702
2018-11-20,31.9,23.9,27.2,1.0,1.0,4.59,17.1,21.33,95,59,Jember,-8.1724,113.702
2018-11-21,30.9,24.5,27.0,1.5,1.5,4.49,15.4,21.65,91,66,Jember,-8.1724,113.702
2018-11-22,29.5,23.9,26.2,2.0,2.0,3.65,14.1,17.87,95,73,Jember,-8.1724,113.702
2018-11-23,30.4,22.8,26.4,2.0,2.0,4.65,15.1,22.08,93,61,Jember,-8.1724,113.702
2018-11-24,29.2,23.0,25.8,2.5,2.5,3.84,11.3,18.91,92,72,Jember,-8.1724,113.702
2018-11-25,29.3,23.2,25.3,103.3,103.3,3.11,13.2,15.28,97,74,Jember,-8.1724,113.702
2018-11-26,26.9,23.1,24.9,39.2,39.2,1.99,8.0,9.65,98,77,Jember,-8.1724,113.702
2018-11-27,28.8,23.6,25.7,15.8,15.8,3.41,9.8,17.09,97,76,Jember,-8.1724,113.702
2018-11-28,28.5,23.2,25.3,15.8,15.8,3.04,10.0,15.74,100,79,Jember,-8.1724,113.702
2018-11-29,28.1,24.0,25.2,34.4,34.4,2.43,12.7,12.27,97,81,Jember,-8.1724,113.702
2018-11-30,28.5,23.2,25.5,6.1,6.1,2.62,10.6,13.06,97,82,Jember,-8.1724,113.702
2018-12-01,27.4,24.0,25.5,11.1,11.1,2.29,12.2,10.93,95,81,Jember,-8.1724,113.702
2018-12-02,30.0,23.2,26.2,5.7,5.7,3.79,15.2,18.59,94,69,Jember,-8.1724,113.702
2018-12-03,28.7,23.7,26.0,5.7,5.7,2.42,8.0,11.4,92,76,Jember,-8.1724,113.702
2018-12-04,30.7,23.9,26.4,6.9,6.9,3.48,9.6,16.58,94,65,Jember,-8.1724,113.702
2018-12-05,30.7,24.1,26.5,8.8,8.8,3.39,9.9,16.36,98,71,Jember,-8.1724,113.702
2018-12-06,31.5,23.3,26.1,21.8,21.8,3.41,11.8,16.7,98,68,Jember,-8.1724,113.702
2018-12-07,30.2,24.5,26.9,16.1,16.1,3.37,9.8,16.34,95,78,Jember,-8.1724,113.702
2018-12-08,30.2,25.0,26.8,13.8,13.8,3.39,11.7,16.44,94,71,Jember,-8.1724,113.702
2018-12-09,30.3,24.2,26.7,4.0,4.0,3.42,10.3,16.63,98,72,Jember,-8.1724,113.702
2018-12-10,30.8,24.9,26.9,8.5,8.5,3.73,13.2,18.54,96,73,Jember,-8.1724,113.702
2018-12-11,29.8,24.4,26.8,3.8,3.8,3.29,13.9,16.33,96,78,Jember,-8.1724,113.702
2018-12-12,29.7,24.7,26.7,2.8,2.8,3.62,12.9,18.01,96,74,Jember,-8.1724,113.702
2018-12-13,29.2,24.5,26.8,2.1,2.1,2.82,9.0,13.08,96,73,Jember,-8.1724,113.702
2018-12-14,30.6,25.1,27.2,9.5,9.5,4.32,12.4,21.17,95,70,Jember,-8.1724,113.702
2018-12-15,29.1,24.5,26.3,11.2,11.2,3.26,15.1,16.53,96,81,Jember,-8.1724,113.702
2018-12-16,29.0,24.1,26.3,3.7,3.7,3.65,18.7,18.73,95,76,Jember,-8.1724,113.702
2018-12-17,29.8,24.6,26.6,3.1,3.1,3.95,16.1,18.96,91,66,Jember,-8.1724,113.702
2018-12-18,29.0,23.6,26.1,3.3,3.3,3.48,12.7,16.73,94,70,Jember,-8.1724,113.702
2018-12-19,28.6,23.6,25.9,13.2,13.2,2.78,14.3,13.31,94,74,Jember,-8.1724,113.702
2018-12-20,28.7,23.9,25.8,13.8,13.8,3.03,8.4,15.0,95,74,Jember,-8.1724,113.702
2018-12-21,27.7,24.1,25.9,0.5,0.5,2.74,5.9,13.28,95,78,Jember,-8.1724,113.702
2018-12-22,29.2,23.8,25.6,20.8,20.8,2.62,13.0,12.97,97,77,Jember,-8.1724,113.702
2018-12-23,28.4,24.0,25.5,24.7,24.7,2.35,14.7,11.47,96,80,Jember,-8.1724,113.702
2018-12-24,26.5,23.3,24.6,22.2,22.2,1.41,15.5,6.69,96,87,Jember,-8.1724,113.702
2018-12-25,27.8,23.4,25.2,3.8,3.8,2.46,9.4,12.11,97,80,Jember,-8.1724,113.702
2018-12-26,30.1,23.2,26.1,4.3,4.3,3.5,12.9,17.14,96,71,Jember,-8.1724,113.702
2018-12-27,29.5,23.5,26.3,9.6,9.6,3.81,16.9,19.12,96,71,Jember,-8.1724,113.702
2018-12-28,29.5,24.8,26.7,0.5,0.5,2.94,21.7,12.55,93,68,Jember,-8.1724,113.702
2018-12-29,30.1,24.4,27.0,0.8,0.8,3.69,22.2,17.48,94,67,Jember,-8.1724,113.702
2018-12-30,28.3,24.0,25.7,9.4,9.4,2.51,14.3,11.84,96,76,Jember,-8.1724,113.702
2018-12-31,28.6,23.6,25.9,5.5,5.5,3.7,10.9,18.33,95,70,Jember,-8.1724,113.702
2019-01-01,29.2,23.8,26.0,2.5,2.5,3.77,10.5,18.66,93,69,Jember,-8.1724,113.702
2019-01-02,29.5,23.9,26.2,9.3,9.3,3.72,8.5,17.92,97,70,Jember,-8.1724,113.702
2019-01-03,26.3,24.0,24.9,22.9,22.9,1.46,9.2,6.52,95,81,Jember,-8.1724,113.702
2019-01-04,27.9,23.5,25.5,3.3,3.3,2.76,15.5,13.82,93,80,Jember,-8.1724,113.702
2019-01-05,28.8,23.5,26.1,4.6,4.6,4.03,8.3,20.15,93,73,Jember,-8.1724,113.702
2019-01-06,29.7,23.4,25.9,8.3,8.3,3.39,7.8,16.54,96,73,Jember,-8.1724,113.702
2019-01-07,31.6,23.8,27.1,5.1,5.1,4.71,13.2,22.68,96,65,Jember,-8.1724,113.702
2019-01-08,30.1,23.8,26.9,6.6,6.6,4.12,11.5,20.28,94,72,Jember,-8.1724,113.702
2019-01-09,30.4,24.6,27.1,1.4,1.4,4.46,7.9,22.01,95,68,Jember,-8.1724,113.702
2019-01-10,29.9,24.2,26.9,3.5,3.5,4.58,10.1,22.68,97,67,Jember,-8.1724,113.702
2019-01-11,30.0,24.6,26.5,13.8,13.8,3.85,8.8,18.68,95,69,Jember,-8.1724,113.702
2019-01-12,30.0,24.4,26.4,23.2,23.2,3.32,9.8,16.37,95,78,Jember,-8.1724,113.702
2019-01-13,30.1,23.9,26.7,1.8,1.8,4.17,9.0,20.85,93,72,Jember,-8.1724,113.702
2019-01-14,29.3,23.9,26.1,21.2,21.2,4.04,6.6,19.89,95,72,Jember,-8.1724,113.702
2019-01-15,29.6,24.1,26.1,23.6,23.6,3.1,14.5,15.26,96,74,Jember,-8.1724,113.702
2019-01-16,26.8,23.8,25.1,95.5,95.5,1.45,13.2,6.57,98,83,Jember,-8.1724,113.702
2019-01-17,29.7,23.1,25.7,104.0,104.0,3.56,13.6,17.84,97,72,Jember,-8.1724,113.702
2019-01-18,28.5,24.2,26.1,63.7,63.7,2.73,6.6,13.08,96,75,Jember,-8.1724,113.702
2019-01-19,29.4,23.5,26.3,5.7,5.7,3.4,11.6,16.84,97,76,Jember,-8.1724,113.702
2019-01-20,30.7,24.5,26.8,9.0,9.0,3.89,13.7,18.86,97,71,Jember,-8.1724,113.702
2019-01-21,28.5,24.5,26.0,28.6,28.6,2.87,18.5,14.94,96,82,Jember,-8.1724,113.702
2019-01-22,29.2,24.3,26.0,13.4,13.4,2.89,21.2,14.8,98,79,Jember,-8.1724,113.702
2019-01-23,27.8,23.2,25.1,4.6,4.6,1.92,10.6,8.47,94,74,Jember,-8.1724,113.702
2019-01-24,30.8,23.2,26.1,15.8,15.8,3.92,16.0,19.03,96,63,Jember,-8.1724,113.702
2019-01-25,29.1,23.8,25.8,16.3,16.3,3.3,14.1,16.08,96,69,Jember,-8.1724,113.702
2019-01-26,29.4,23.8,26.0,13.3,13.3,4.24,12.5,20.75,94,65,Jember,-8.1724,113.702
2019-01-27,29.0,24.0,25.9,0.5,0.5,3.78,13.5,18.73,93,74,Jember,-8.1724,113.702
2019-01-28,27.8,24.3,26.1,1.4,1.4,2.99,12.6,14.32,91,78,Jember,-8.1724,113.702
2019-01-29,29.4,24.5,27.0,0.0,0.0,4.51,13.3,22.35,93,64,Jember,-8.1724,113.702
2019-01-30,30.2,23.8,26.9,4.0,4.0,4.15,14.3,20.43,95,68,Jember,-8.1724,113.702
2019-01-31,28.0,24.0,25.8,9.7,9.7,1.99,10.0,9.25,97,78,Jember,-8.1724,113.702
2019-02-01,30.5,24.2,26.6,1.1,1.1,3.77,7.9,18.33,95,65,Jember,-8.1724,113.702
2019-02-02,30.4,23.8,26.3,12.5,12.5,3.74,9.4,18.5,95,73,Jember,-8.1724,113.702
2019-02-03,29.9,24.3,26.4,4.9,4.9,3.69,11.3,18.12,96,74,Jember,-8.1724,113.702
2019-02-04,30.3,23.8,26.1,12.5,12.5,3.08,13.5,15.24,95,71,Jember,-8.1724,113.702
2019-02-05,30.5,23.5,26.5,14.3,14.3,3.75,9.4,18.49,94,69,Jember,-8.1724,113.702
2019-02-06,30.3,24.3,26.6,4.6,4.6,3.59,8.5,17.37,97,70,Jember,-8.1724,113.702
2019-02-07,29.5,24.4,26.4,8.2,8.2,3.29,11.8,16.25,97,81,Jember,-8.1724,113.702
2019-02-08,27.8,23.9,25.3,66.7,66.7,2.21,11.9,10.92,98,85,Jember,-8.1724,113.702
2019-02-09,29.6,23.9,26.3,4.6,4.6,3.67,11.3,17.82,96,70,Jember,-8.1724,113.702
2019-02-10,29.9,23.6,26.3,12.8,12.8,4.17,8.4,20.6,96,70,Jember,-8.1724,113.702
2019-02-11,29.9,24.0,26.4,2.6,2.6,3.82,13.2,18.83,97,70,Jember,-8.1724,113.702
2019-02-12,29.8,23.5,26.3,0.4,0.4,3.71,14.8,18.08,92,69,Jember,-8.1724,113.702
2019-02-13,29.1,24.1,25.8,10.5,10.5,3.47,10.1,17.01,96,71,Jember,-8.1724,113.702
2019-02-14,30.0,24.4,26.8,1.1,1.1,4.27,6.1,20.96,91,70,Jember,-8.1724,113.702
2019-02-15,30.0,24.0,26.6,2.4,2.4,3.87,7.5,18.82,98,69,Jember,-8.1724,113.702
2019-02-16,30.7,23.5,26.4,6.9,6.9,4.39,7.7,21.68,98,70,Jember,-8.1724,113.702
2019-02-17,30.6,24.1,27.0,1.4,1.4,4.75,10.4,23.35,96,65,Jember,-8.1724,113.702
2019-02-18,29.7,24.2,26.6,1.3,1.3,3.76,8.3,18.34,97,72,Jember,-8.1724,113.702
2019-02-19,30.4,23.8,27.0,0.9,0.9,4.02,6.8,19.45,94,69,Jember,-8.1724,113.702
2019-02-20,29.5,24.5,26.4,1.1,1.1,3.82,7.1,18.9,96,72,Jember,-8.1724,113.702
2019-02-21,29.9,23.1,26.6,0.6,0.6,4.33,11.2,21.77,96,73,Jember,-8.1724,113.702
2019-02-22,30.8,24.3,26.6,5.3,5.3,4.03,10.2,19.81,95,70,Jember,-8.1724,113.702
2019-02-23,30.7,24.1,26.9,10.4,10.4,4.39,9.8,21.8,93,68,Jember,-8.1724,113.702
2019-02-24,30.6,23.4,26.6,9.9,9.9,4.21,9.1,20.79,95,72,Jember,-8.1724,113.702
2019-02-25,31.8,24.6,27.5,0.1,0.1,4.98,9.7,24.02,91,53,Jember,-8.1724,113.702
2019-02-26,33.0,23.9,28.1,1.1,1.1,5.14,9.9,24.26,94,56,Jember,-8.1724,113.702
2019-02-27,30.4,24.8,27.0,17.7,17.7,3.94,8.6,19.45,97,73,Jember,-8.1724,113.702
2019-02-28,30.8,24.6,27.0,7.2,7.2,4.04,9.9,19.66,94,73,Jember,-8.1724,113.702
2019-03-01,30.9,24.5,27.1,3.4,3.4,4.27,12.8,20.93,92,66,Jember,-8.1724,113.702
2019-03-02,30.7,24.2,26.5,19.1,19.1,4.06,5.8,19.87,95,68,Jember,-8.1724,113.702
2019-03-03,30.5,24.0,26.8,10.9,10.9,4.33,10.1,21.21,96,68,Jember,-8.1724,113.702
2019-03-04,29.9,24.2,26.6,24.9,24.9,3.49,10.9,17.06,97,75,Jember,-8.1724,113.702
2019-03-05,30.7,24.8,26.9,9.9,9.9,3.83,9.4,18.64,96,69,Jember,-8.1724,113.702
2019-03-06,29.1,23.6,25.4,83.0,83.0,2.7,10.4,13.37,99,75,Jember,-8.1724,113.702
2019-03-07,26.5,23.9,24.8,54.9,54.9,1.21,14.3,5.17,96,83,Jember,-8.1724,113.702
2019-03-08,29.7,23.5,26.2,1.1,1.1,3.74,18.5,17.47,94,65,Jember,-8.1724,113.702
2019-03-09,31.7,21.5,26.2,5.0,5.0,5.01,14.6,24.02,95,53,Jember,-8.1724,113.702
2019-03-10,30.6,23.7,26.4,6.2,6.2,3.86,11.4,18.58,93,66,Jember,-8.1724,113.702
2019-03-11,30.2,24.1,27.2,1.3,1.3,4.67,10.9,23.05,95,71,Jember,-8.1724,113.702
2019-03-12,29.4,24.1,26.4,1.2,1.2,3.69,7.6,18.12,95,74,Jember,-8.1724,113.702
2019-03-13,28.2,23.7,25.9,9.9,9.9,2.71,12.1,13.59,96,81,Jember,-8.1724,113.702
2019-03-14,30.4,24.3,26.7,3.1,3.1,3.8,11.3,17.88,93,67,Jember,-8.1724,113.702
2019-03-15,27.7,23.6,25.3,33.2,33.2,2.39,16.1,11.82,95,78,Jember,-8.1724,113.702
2019-03-16,29.1,23.6,25.6,27.4,27.4,3.16,16.1,15.61,95,72,Jember,-8.1724,113.702
2019-03-17,27.0,23.8,24.6,47.0,47.0,1.67,9.1,7.74,95,86,Jember,-8.1724,113.702
2019-03-18,27.9,23.1,25.2,10.2,10.2,2.45,11.4,12.16,95,81,Jember,-8.1724,113.702
2019-03-19,28.8,23.8,25.2,28.2,28.2,2.7,7.9,13.2,96,74,Jember,-8.1724,113.702
2019-03-20,28.2,23.9,25.8,2.6,2.6,3.14,7.9,15.54,96,77,Jember,-8.1724,113.702
2019-03-21,28.6,23.6,25.8,7.3,7.3,3.36,8.3,16.7,97,75,Jember,-8.1724,113.702
2019-03-22,29.5,23.9,25.7,10.5,10.5,3.34,7.2,16.71,96,71,Jember,-8.1724,113.702
2019-03-23,27.9,24.0,25.4,17.2,17.2,2.81,9.4,13.92,97,77,Jember,-8.1724,113.702
2019-03-24,27.7,23.8,25.5,18.3,18.3,2.18,10.2,10.26,96,80,Jember,-8.1724,113.702
2019-03-25,29.0,23.5,26.0,5.0,5.0,3.43,9.2,17.21,96,78,Jember,-8.1724,113.702
2019-03-26,29.3,23.9,25.9,19.0,19.0,2.87,7.7,13.98,98,75,Jember,-8.1724,113.702
2019-03-27,30.5,24.0,27.0,5.2,5.2,3.89,12.7,18.86,97,72,Jember,-8.1724,113.702
2019-03-28,30.4,23.5,26.5,7.4,7.4,3.92,11.3,19.34,96,70,Jember,-8.1724,113.702
2019-03-29,30.0,24.0,26.4,2.1,2.1,3.84,12.7,19.3,97,72,Jember,-8.1724,113.702
2019-03-30,29.8,23.8,26.6,3.0,3.0,4.29,7.1,21.14,91,66,Jember,-8.1724,113.702
2019-03-31,31.6,23.7,26.9,12.0,12.0,4.08,9.8,20.13,93,69,Jember,-8.1724,113.702
2019-04-01,30.2,23.2,26.6,2.5,2.5,4.14,10.8,20.4,94,69,Jember,-8.1724,113.702
2019-04-02,29.4,23.6,25.8,9.4,9.4,3.09,12.3,15.5,96,71,Jember,-8.1724,113.702
2019-04-03,30.5,23.8,26.3,3.6,3.6,3.87,7.9,19.23,97,69,Jember,-8.1724,113.702
2019-04-04,29.6,23.8,26.2,13.7,13.7,3.34,10.9,16.54,97,74,Jember,-8.1724,113.702
2019-04-05,29.5,23.9,25.8,11.7,11.7,2.92,9.3,14.56,98,76,Jember,-8.1724,113.702
2019-04-06,30.1,24.0,26.5,3.6,3.6,3.68,12.8,18.44,94,72,Jember,-8.1724,113.702
2019-04-07,30.4,24.8,27.1,1.3,1.3,4.18,15.5,20.62,93,69,Jember,-8.1724,113.702
2019-04-08,28.5,24.5,26.2,5.9,5.9,3.72,7.9,18.77,95,78,Jember,-8.1724,113.702
2019-04-09,28.7,24.0,26.4,1.0,1.0,3.57,8.7,18.09,93,80,Jember,-8.1724,113.702
2019-04-10,29.9,24.8,26.7,5.4,5.4,3.49,9.8,17.65,98,79,Jember,-8.1724,113.702
2019-04-11,30.0,25.1,26.6,9.1,9.1,3.0,8.4,14.66,96,76,Jember,-8.1724,113.702
2019-04-12,30.9,24.6,27.0,4.8,4.8,3.58,6.5,17.42,95,70,Jember,-8.1724,113.702
2019-04-13,29.6,24.5,26.4,8.6,8.6,3.25,5.8,15.94,99,73,Jember,-8.1724,113.702
2019-04-14,28.6,24.0,26.1,4.3,4.3,2.86,9.1,14.61,98,85,Jember,-8.1724,113.702
2019-04-15,29.8,23.9,26.7,1.3,1.3,2.98,10.0,14.82,95,75,Jember,-8.1724,113.702
2019-04-16,29.1,24.0,26.9,1.8,1.8,3.34,10.7,16.47,96,76,Jember,-8.1724,113.702
2019-04-17,30.9,23.8,27.0,11.4,11.4,3.55,5.4,17.13,94,69,Jember,-8.1724,113.702
2019-04-18,32.7,24.5,27.8,0.8,0.8,4.51,12.3,21.77,97,58,Jember,-8.1724,113.702
2019-04-19,32.2,23.8,27.4,0.7,0.7,4.51,13.5,21.63,96,56,Jember,-8.1724,113.702
2019-04-20,30.5,23.0,26.8,0.3,0.3,4.17,7.9,20.37,95,65,Jember,-8.1724,113.702
2019-04-21,32.3,23.5,27.5,0.1,0.1,4.39,9.4,20.47,94,56,Jember,-8.1724,113.702
2019-04-22,32.0,24.9,27.6,1.6,1.6,4.06,7.3,19.39,94,60,Jember,-8.1724,113.702
2019-04-23,32.3,24.5,27.6,1.8,1.8,4.11,12.2,19.16,90,57,Jember,-8.1724,113.702
2019-04-24,32.7,23.9,27.5,0.8,0.8,4.32,10.6,20.21,94,54,Jember,-8.1724,113.702
2019-04-25,31.5,23.7,27.1,1.6,1.6,4.08,8.0,19.76,93,61,Jember,-8.1724,113.702
2019-04-26,31.3,23.0,27.1,0.4,0.4,4.23,8.3,20.37,95,61,Jember,-8.1724,113.702
2019-04-27,30.5,23.4,26.6,8.0,8.0,3.53,8.2,17.23,97,70,Jember,-8.1724,113.702
2019-04-28,29.5,24.4,26.4,17.3,17.3,3.28,7.3,16.07,97,75,Jember,-8.1724,113.702
2019-04-29,28.1,24.2,26.1,5.5,5.5,2.26,10.0,10.89,97,79,Jember,-8.1724,113.702
2019-04-30,30.3,24.0,26.6,3.6,3.6,3.9,10.1,19.28,97,68,Jember,-8.1724,113.702
2019-05-01,30.0,23.7,26.2,3.2,3.2,3.77,7.6,18.83,98,72,Jember,-8.1724,113.702
2019-05-02,30.1,23.6,26.3,4.0,4.0,3.55,12.7,17.87,98,72,Jember,-8.1724,113.702
2019-05-03,31.0,23.2,26.6,2.6,2.6,4.04,13.8,19.67,100,66,Jember,-8.1724,113.702
2019-05-04,30.9,24.0,26.8,2.2,2.2,4.03,13.7,19.58,92,66,Jember,-8.1724,113.702
2019-05-05,30.5,24.0,26.6,4.0,4.0,3.65,11.0,18.1,95,72,Jember,-8.1724,113.702
2019-05-06,30.8,23.9,26.4,2.1,2.1,3.62,11.9,17.82,96,70,Jember,-8.1724,113.702
2019-05-07,31.5,23.0,26.8,1.0,1.0,3.85,8.3,18.4,94,61,Jember,-8.1724,113.702
2019-05-08,31.6,23.5,26.7,1.5,1.5,4.13,15.2,20.03,93,58,Jember,-8.1724,113.702
2019-05-09,30.5,23.3,26.3,0.3,0.3,3.2,9.4,15.09,94,57,Jember,-8.1724,113.702
2019-05-10,30.0,22.5,25.9,1.7,1.7,3.48,11.8,16.7,93,63,Jember,-8.1724,113.702
2019-05-11,30.5,23.4,26.7,0.0,0.0,4.04,13.6,18.8,90,59,Jember,-8.1724,113.702
2019-05-12,31.5,22.6,26.5,0.0,0.0,4.21,8.6,20.16,92,53,Jember,-8.1724,113.702
2019-05-13,31.2,22.4,26.5,0.1,0.1,3.94,7.6,19.0,93,56,Jember,-8.1724,113.702
2019-05-14,31.2,22.9,27.0,0.2,0.2,4.02,7.6,19.35,93,59,Jember,-8.1724,113.702
2019-05-15,32.0,24.6,27.8,0.2,0.2,4.16,8.9,19.66,94,56,Jember,-8.1724,113.702
2019-05-16,31.0,23.0,26.5,3.5,3.5,3.67,11.3,17.2,96,59,Jember,-8.1724,113.702
2019-05-17,30.9,22.7,26.3,1.6,1.6,3.89,14.4,18.82,96,58,Jember,-8.1724,113.702
2019-05-18,31.5,21.1,26.0,0.0,0.0,4.24,14.7,20.29,99,50,Jember,-8.1724,113.702
2019-05-19,31.6,21.1,26.6,0.0,0.0,4.31,7.6,20.96,92,51,Jember,-8.1724,113.702
2019-05-20,32.8,23.0,27.1,0.3,0.3,3.99,9.0,18.46,92,48,Jember,-8.1724,113.702
2019-05-21,32.6,22.2,27.1,0.0,0.0,4.53,11.2,20.66,94,51,Jember,-8.1724,113.702
2019-05-22,33.0,22.6,27.3,0.1,0.1,4.24,10.2,19.32,93,47,Jember,-8.1724,113.702
2019-05-23,32.8,23.4,27.2,0.4,0.4,4.04,11.1,18.2,96,49,Jember,-8.1724,113.702
2019-05-24,32.7,22.8,27.1,0.0,0.0,4.74,17.4,20.36,94,47,Jember,-8.1724,113.702
2019-05-25,32.7,22.0,26.9,0.0,0.0,4.17,9.6,18.89,89,43,Jember,-8.1724,113.702
2019-05-26,32.2,23.4,27.1,1.2,1.2,3.76,7.9,17.12,94,52,Jember,-8.1724,113.702
2019-05-27,31.4,23.8,27.3,0.3,0.3,3.59,8.5,16.49,93,55,Jember,-8.1724,113.702
2019-05-28,32.0,23.2,27.5,0.6,0.6,3.69,7.6,16.72,98,51,Jember,-8.1724,113.702
2019-05-29,32.4,23.6,27.3,0.7,0.7,4.09,11.8,18.02,94,49,Jember,-8.1724,113.702
2019-05-30,31.4,23.4,27.0,0.9,0.9,3.96,16.3,16.59,85,52,Jember,-8.1724,113.702
2019-05-31,31.1,23.0,26.4,1.9,1.9,3.57,15.3,14.73,87,52,Jember,-8.1724,113.702
2019-06-01,31.0,22.7,26.3,1.1,1.1,3.35,13.7,14.17,87,53,Jember,-8.1724,113.702
2019-06-02,31.0,23.0,26.3,1.0,1.0,3.26,9.1,14.37,91,52,Jember,-8.1724,113.702
2019-06-03,31.0,22.8,26.5,0.4,0.4,3.38,8.4,15.12,92,53,Jember,-8.1724,113.702
2019-06-04,31.6,23.2,26.9,2.0,2.0,3.81,11.2,17.86,94,52,Jember,-8.1724,113.702
2019-06-05,32.0,23.1,27.1,1.4,1.4,3.78,11.6,17.96,98,53,Jember,-8.1724,113.702
2019-06-06,32.3,23.5,27.5,0.9,0.9,4.07,9.5,18.71,97,51,Jember,-8.1724,113.702
2019-06-07,32.7,23.4,27.2,0.0,0.0,4.2,17.0,18.81,97,49,Jember,-8.1724,113.702
2019-06-08,31.5,23.1,26.4,0.1,0.1,3.94,20.8,17.36,98,51,Jember,-8.1724,113.702
2019-06-09,32.1,23.0,26.0,6.5,6.5,3.18,13.9,14.44,96,48,Jember,-8.1724,113.702
2019-06-10,31.9,23.3,26.7,0.1,0.1,3.9,10.2,18.03,94,49,Jember,-8.1724,113.702
2019-06-11,31.4,22.8,26.6,0.6,0.6,2.84,8.7,11.95,96,51,Jember,-8.1724,113.702
2019-06-12,31.9,22.4,26.6,1.8,1.8,3.85,14.8,17.02,95,51,Jember,-8.1724,113.702
2019-06-13,30.9,23.1,26.2,5.2,5.2,3.07,10.1,13.36,93,57,Jember,-8.1724,113.702
2019-06-14,28.8,24.5,25.9,11.1,11.1,1.92,10.5,8.38,95,74,Jember,-8.1724,113.702
2019-06-15,31.4,22.7,26.3,0.4,0.4,4.09,14.3,19.24,92,56,Jember,-8.1724,113.702
2019-06-16,30.5,21.1,25.1,0.0,0.0,3.68,10.4,17.63,96,54,Jember,-8.1724,113.702
2019-06-17,31.0,20.4,24.8,0.0,0.0,3.94,16.9,18.14,96,53,Jember,-8.1724,113.702
2019-06-18,31.0,20.9,25.3,1.3,1.3,3.68,12.6,17.76,97,51,Jember,-8.1724,113.702
2019-06-19,30.3,20.3,25.0,0.5,0.5,3.75,19.1,17.9,95,55,Jember,-8.1724,113.702
2019-06-20,29.8,21.1,24.7,0.6,0.6,3.85,18.2,18.86,98,55,Jember,-8.1724,113.702
2019-06-21,30.5,20.5,25.1,0.1,0.1,3.87,18.7,18.2,100,54,Jember,-8.1724,113.702
2019-06-22,30.7,21.9,25.4,0.0,0.0,4.19,21.2,19.61,99,54,Jember,-8.1724,113.702
2019-06-23,31.7,21.6,25.7,0.6,0.6,3.92,18.4,18.12,97,45,Jember,-8.1724,113.702
2019-06-24,32.0,21.2,25.6,2.1,2.1,3.96,9.7,18.7,92,39,Jember,-8.1724,113.702
2019-06-25,32.2,21.6,26.1,1.5,1.5,4.29,11.6,20.04,93,44,Jember,-8.1724,113.702
2019-06-26,31.6,20.4,26.0,0.8,0.8,4.13,13.1,19.51,97,52,Jember,-8.1724,113.702
2019-06-27,29.9,21.3,25.2,0.6,0.6,3.19,16.7,13.5,97,55,Jember,-8.1724,113.702
2019-06-28,31.5,19.5,24.2,0.0,0.0,4.01,16.9,18.64,99,40,Jember,-8.1724,113.702
2019-06-29,30.6,18.6,24.0,0.0,0.0,4.59,19.1,20.98,89,43,Jember,-8.1724,113.702
2019-06-30,31.0,18.8,24.7,0.0,0.0,4.24,16.2,19.62,92,41,Jember,-8.1724,113.702
2019-07-01,31.0,19.9,25.3,0.0,0.0,4.16,17.4,19.53,93,45,Jember,-8.1724,113.702
2019-07-02,31.3,21.1,25.9,0.9,0.9,3.84,14.5,18.01,96,50,Jember,-8.1724,113.702
2019-07-03,30.8,22.9,26.4,2.9,2.9,2.83,7.2,12.9,96,58,Jember,-8.1724,113.702
2019-07-04,31.2,23.0,26.5,1.8,1.8,3.07,6.0,14.51,99,55,Jember,-8.1724,113.702
2019-07-05,29.6,23.0,25.5,10.4,10.4,2.71,8.4,13.23,99,66,Jember,-8.1724,113.702
2019-07-06,30.6,20.7,25.4,0.0,0.0,4.04,8.3,19.58,96,47,Jember,-8.1724,113.702
2019-07-07,30.4,20.8,25.1,0.0,0.0,4.28,18.9,19.48,94,50,Jember,-8.1724,113.702
2019-07-08,30.9,19.4,24.5,0.0,0.0,4.41,13.3,20.59,94,42,Jember,-8.1724,113.702
2019-07-09,30.0,19.9,24.6,0.1,0.1,3.04,8.1,13.44,93,47,Jember,-8.1724,113.702
2019-07-10,30.0,21.0,25.2,0.1,0.1,3.44,8.1,16.08,91,49,Jember,-8.1724,113.702
2019-07-11,31.2,20.5,25.6,0.0,0.0,3.94,10.8,18.12,95,45,Jember,-8.1724,113.702
2019-07-12,31.6,20.6,25.5,0.0,0.0,4.02,14.0,18.01,96,45,Jember,-8.1724,113.702
2019-07-13,31.1,18.9,24.5,0.0,0.0,3.85,13.7,17.18,94,40,Jember,-8.1724,113.702
2019-07-14,31.4,19.0,24.7,0.0,0.0,4.18,9.9,19.2,91,35,Jember,-8.1724,113.702
2019-07-15,30.5,20.3,24.9,0.0,0.0,4.46,19.5,19.52,91,46,Jember,-8.1724,113.702
2019-07-16,30.9,20.4,25.0,0.2,0.2,3.66,10.7,15.93,91,40,Jember,-8.1724,113.702
2019-07-17,30.4,19.4,24.9,0.0,0.0,3.78,11.6,16.74,89,46,Jember,-8.1724,113.702
2019-07-18,31.0,21.1,25.7,2.9,2.9,3.37,10.0,15.24,96,51,Jember,-8.1724,113.702
2019-07-19,31.5,22.6,26.2,1.1,1.1,3.48,10.5,15.63,94,51,Jember,-8.1724,113.702
2019-07-20,33.0,22.8,26.8,0.4,0.4,4.09,12.9,17.55,96,47,Jember,-8.1724,113.702
2019-07-21,30.6,22.5,26.1,0.2,0.2,3.13,11.4,12.83,96,50,Jember,-8.1724,113.702
2019-07-22,32.2,22.0,26.0,1.8,1.8,3.55,9.1,16.04,94,40,Jember,-8.1724,113.702
2019-07-23,31.9,21.4,26.2,2.2,2.2,4.17,13.0,18.73,92,42,Jember,-8.1724,113.702
2019-07-24,30.5,22.6,25.7,0.8,0.8,3.01,10.1,12.66,96,46,Jember,-8.1724,113.702
2019-07-25,31.5,21.4,25.7,0.0,0.0,4.46,16.3,19.71,88,46,Jember,-8.1724,113.702
2019-07-26,31.8,20.5,25.7,0.2,0.2,4.04,15.5,18.42,98,48,Jember,-8.1724,113.702
2019-07-27,32.5,21.3,25.9,0.1,0.1,4.17,17.0,18.0,98,43,Jember,-8.1724,113.702
2019-07-28,32.7,20.0,25.4,0.7,0.7,4.27,14.1,18.55,98,39,Jember,-8.1724,113.702
2019-07-29,31.6,20.7,25.6,0.6,0.6,3.52,10.0,14.94,96,43,Jember,-8.1724,113.702
2019-07-30,32.2,21.4,26.1,0.0,0.0,4.65,12.1,20.78,95,43,Jember,-8.1724,113.702
2019-07-31,31.5,21.0,25.7,0.0,0.0,4.06,13.4,17.74,92,45,Jember,-8.1724,113.702
2019-08-01,32.0,20.7,26.0,0.0,0.0,3.84,11.2,16.83,92,41,Jember,-8.1724,113.702
2019-08-02,31.0,21.5,25.7,0.2,0.2,3.84,11.8,17.05,95,46,Jember,-8.1724,113.702
2019-08-03,30.6,20.9,25.0,0.0,0.0,4.95,23.8,20.7,94,42,Jember,-8.1724,113.702
2019-08-04,29.6,19.5,24.3,0.0,0.0,3.67,11.9,15.42,85,43,Jember,-8.1724,113.702
2019-08-05,31.0,18.5,24.5,0.0,0.0,4.83,12.4,21.82,86,35,Jember,-8.1724,113.702
2019-08-06,32.0,18.9,24.5,0.1,0.1,4.6,18.8,20.74,90,32,Jember,-8.1724,113.702
2019-08-07,31.2,21.4,24.8,0.8,0.8,3.58,15.4,15.99,94,42,Jember,-8.1724,113.702
2019-08-08,30.5,20.5,25.1,0.3,0.3,3.51,10.0,15.56,94,46,Jember,-8.1724,113.702
2019-08-09,30.9,21.4,25.6,0.0,0.0,3.59,12.2,14.71,92,46,Jember,-8.1724,113.702
2019-08-10,32.1,20.2,25.5,0.0,0.0,4.34,12.9,20.19,97,40,Jember,-8.1724,113.702
2019-08-11,31.8,20.3,25.4,1.0,1.0,4.47,20.2,20.48,98,48,Jember,-8.1724,113.702
2019-08-12,33.0,21.4,26.2,0.0,0.0,4.54,20.5,20.89,97,45,Jember,-8.1724,113.702
2019-08-13,32.8,22.8,26.9,0.1,0.1,4.27,14.0,19.49,99,45,Jember,-8.1724,113.702
2019-08-14,32.6,22.5,27.3,0.0,0.0,4.44,10.2,20.67,96,44,Jember,-8.1724,113.702
2019-08-15,32.3,22.9,26.6,2.2,2.2,4.0,10.0,18.09,93,46,Jember,-8.1724,113.702
2019-08-16,33.4,21.8,26.4,0.0,0.0,4.47,12.6,19.09,96,39,Jember,-8.1724,113.702
2019-08-17,30.9,22.2,26.1,0.0,0.0,3.78,13.5,15.28,89,45,Jember,-8.1724,113.702
2019-08-18,31.8,20.2,25.2,0.0,0.0,3.83,13.8,15.7,84,43,Jember,-8.1724,113.702
2019-08-19,32.0,20.0,25.4,0.0,0.0,4.17,13.0,17.92,91,39,Jember,-8.1724,113.702
2019-08-20,32.8,21.7,26.2,0.0,0.0,4.46,10.3,20.17,88,38,Jember,-8.1724,113.702
2019-08-21,33.0,21.6,26.8,0.4,0.4,4.6,15.5,21.14,93,43,Jember,-8.1724,113.702
2019-08-22,33.5,21.6,26.5,0.0,0.0,4.77,14.0,20.78,96,35,Jember,-8.1724,113.702
2019-08-23,31.9,21.1,25.7,0.0,0.0,4.16,14.9,17.82,89,47,Jember,-8.1724,113.702
2019-08-24,29.9,21.9,25.7,1.4,1.4,3.08,10.1,12.61,95,50,Jember,-8.1724,113.702
2019-08-25,30.5,22.0,25.6,4.7,4.7,3.41,17.6,14.61,97,53,Jember,-8.1724,113.702
2019-08-26,30.6,22.9,25.9,2.6,2.6,3.62,15.6,15.78,96,54,Jember,-8.1724,113.702
2019-08-27,32.4,22.2,26.2,0.1,0.1,4.74,20.8,21.04,94,45,Jember,-8.1724,113.702
2019-08-28,33.0,21.2,26.1,0.0,0.0,4.9,10.2,22.67,89,39,Jember,-8.1724,113.702
2019-08-29,33.7,20.7,26.4,0.2,0.2,5.03,15.5,22.89,91,34,Jember,-8.1724,113.702
2019-08-30,32.7,22.2,26.6,0.1,0.1,4.6,11.0,19.88,84,39,Jember,-8.1724,113.702
2019-08-31,32.2,21.1,26.3,1.3,1.3,4.8,15.1,20.91,94,41,Jember,-8.1724,113.702
2019-09-01,33.2,20.8,26.4,0.0,0.0,5.2,20.5,22.67,93,43,Jember,-8.1724,113.702
2019-09-02,33.7,21.7,26.8,0.0,0.0,5.43,21.3,23.6,88,41,Jember,-8.1724,113.702
2019-09-03,32.5,21.5,26.0,1.1,1.1,4.62,24.2,19.85,91,42,Jember,-8.1724,113.702
2019-09-04,33.5,20.4,26.1,0.0,0.0,5.13,10.6,23.52,99,32,Jember,-8.1724,113.702
2019-09-05,32.5,19.2,25.6,0.7,0.7,4.9,18.7,21.08,95,34,Jember,-8.1724,113.702
2019-09-06,31.9,21.8,25.7,1.8,1.8,3.9,14.5,16.51,93,40,Jember,-8.1724,113.702
2019-09-07,33.2,21.8,26.7,0.6,0.6,4.55,9.9,19.58,94,35,Jember,-8.1724,113.702
2019-09-08,32.2,21.8,26.5,0.1,0.1,4.54,18.5,19.36,96,40,Jember,-8.1724,113.702
2019-09-09,33.4,22.0,26.9,0.0,0.0,4.7,11.0,21.05,96,40,Jember,-8.1724,113.702
2019-09-10,34.3,20.9,27.2,0.0,0.0,5.3,8.4,23.82,88,35,Jember,-8.1724,113.702
2019-09-11,34.5,21.0,26.6,0.0,0.0,5.76,16.9,24.68,97,30,Jember,-8.1724,113.702
2019-09-12,32.2,20.2,25.6,0.1,0.1,5.5,11.6,23.76,79,27,Jember,-8.1724,113.702
2019-09-13,33.0,20.5,25.8,1.7,1.7,4.74,12.3,21.49,90,34,Jember,-8.1724,113.702
2019-09-14,33.3,22.0,26.6,0.6,0.6,4.58,10.5,20.81,96,35,Jember,-8.1724,113.702
2019-09-15,32.9,21.9,26.4,0.1,0.1,4.25,12.3,18.75,97,42,Jember,-8.1724,113.702
2019-09-16,33.3,22.5,27.2,0.1,0.1,5.51,20.1,24.45,90,37,Jember,-8.1724,113.702
2019-09-17,34.7,22.1,27.6,0.5,0.5,5.48,22.0,22.91,92,38,Jember,-8.1724,113.702
2019-09-18,35.2,22.0,27.9,0.0,0.0,5.55,14.9,24.24,92,34,Jember,-8.1724,113.702
2019-09-19,33.8,21.5,26.8,0.3,0.3,5.2,20.7,22.49,98,32,Jember,-8.1724,113.702
2019-09-20,34.0,21.7,27.1,0.1,0.1,5.13,13.0,23.03,97,32,Jember,-8.1724,113.702
2019-09-21,33.1,22.4,27.0,0.0,0.0,5.15,16.9,22.32,84,37,Jember,-8.1724,113.702
2019-09-22,34.2,21.5,27.2,0.0,0.0,5.24,12.4,23.75,99,35,Jember,-8.1724,113.702
2019-09-23,34.0,21.2,27.3,0.0,0.0,4.99,7.9,22.47,95,38,Jember,-8.1724,113.702
2019-09-24,34.5,22.5,28.0,1.2,1.2,5.19,15.9,22.63,91,39,Jember,-8.1724,113.702
2019-09-25,35.0,22.2,27.9,0.0,0.0,5.87,22.1,23.22,94,39,Jember,-8.1724,113.702
2019-09-26,32.7,23.5,26.6,10.6,10.6,3.59,9.1,16.11,94,45,Jember,-8.1724,113.702
2019-09-27,33.2,22.1,26.9,0.9,0.9,4.76,11.1,21.27,99,42,Jember,-8.1724,113.702
2019-09-28,33.6,23.8,27.9,1.5,1.5,5.12,15.2,21.55,95,43,Jember,-8.1724,113.702
2019-09-29,34.3,22.6,28.1,0.0,0.0,5.21,9.9,22.95,97,37,Jember,-8.1724,113.702
2019-09-30,33.8,21.4,27.2,1.4,1.4,5.09,9.5,22.63,97,35,Jember,-8.1724,113.702
2019-10-01,35.3,21.5,27.5,0.1,0.1,5.3,9.8,23.22,97,34,Jember,-8.1724,113.702
2019-10-02,33.7,22.9,27.8,1.3,1.3,5.1,9.7,22.59,94,42,Jember,-8.1724,113.702
2019-10-03,35.4,23.2,28.1,2.1,2.1,5.15,16.1,22.59,99,33,Jember,-8.1724,113.702
2019-10-04,35.8,22.4,28.2,0.0,0.0,6.46,21.4,26.46,98,27,Jember,-8.1724,113.702
2019-10-05,35.0,20.5,26.6,0.5,0.5,5.83,17.4,24.82,98,26,Jember,-8.1724,113.702
2019-10-06,33.3,22.8,27.1,1.7,1.7,5.34,18.0,23.59,94,42,Jember,-8.1724,113.702
2019-10-07,34.5,23.4,28.0,0.7,0.7,5.21,14.8,22.47,93,41,Jember,-8.1724,113.702
2019-10-08,35.0,23.6,28.0,0.3,0.3,5.58,14.4,23.91,84,34,Jember,-8.1724,113.702
2019-10-09,35.0,22.7,27.8,1.7,1.7,5.44,18.0,23.94,96,37,Jember,-8.1724,113.702
2019-10-10,34.0,22.8,28.2,0.2,0.2,5.31,14.8,22.93,95,38,Jember,-8.1724,113.702
2019-10-11,36.3,23.0,29.0,0.0,0.0,6.08,21.0,25.38,96,28,Jember,-8.1724,113.702
2019-10-12,34.8,22.6,27.9,0.6,0.6,5.44,18.7,23.01,96,34,Jember,-8.1724,113.702
2019-10-13,34.9,23.1,28.1,0.9,0.9,5.49,16.3,23.0,98,36,Jember,-8.1724,113.702
2019-10-14,34.3,23.9,28.1,1.6,1.6,4.97,17.7,20.68,96,40,Jember,-8.1724,113.702
2019-10-15,33.3,23.8,27.6,3.1,3.1,4.23,13.3,17.68,95,44,Jember,-8.1724,113.702
2019-10-16,34.6,21.8,27.6,0.2,0.2,5.38,17.5,22.85,97,37,Jember,-8.1724,113.702
2019-10-17,34.5,21.8,27.6,0.1,0.1,5.83,24.4,24.65,98,35,Jember,-8.1724,113.702
2019-10-18,34.7,21.5,27.3,1.4,1.4,5.52,22.4,24.12,98,40,Jember,-8.1724,113.702
2019-10-19,35.7,23.3,28.0,3.4,3.4,5.28,18.7,22.58,98,37,Jember,-8.1724,113.702
2019-10-20,38.1,22.2,28.4,0.2,0.2,5.98,28.9,25.25,98,19,Jember,-8.1724,113.702
2019-10-21,37.8,22.6,29.6,0.2,0.2,6.08,11.7,25.39,89,26,Jember,-8.1724,113.702
2019-10-22,36.8,22.8,28.6,0.8,0.8,6.06,23.0,25.08,98,33,Jember,-8.1724,113.702
2019-10-23,39.6,23.4,29.8,0.0,0.0,6.56,21.9,26.65,97,15,Jember,-8.1724,113.702
2019-10-24,37.7,23.1,28.6,0.2,0.2,6.44,23.8,26.44,98,22,Jember,-8.1724,113.702
2019-10-25,36.0,23.9,28.7,1.2,1.2,5.42,18.4,22.19,97,32,Jember,-8.1724,113.702
2019-10-26,34.8,23.8,28.7,0.9,0.9,5.7,17.1,22.68,98,37,Jember,-8.1724,113.702
2019-10-27,36.2,23.5,28.7,1.2,1.2,6.01,17.0,25.13,93,30,Jember,-8.1724,113.702
2019-10-28,35.0,24.5,28.4,3.1,3.1,5.45,15.3,22.59,86,37,Jember,-8.1724,113.702
2019-10-29,33.8,23.4,27.5,0.3,0.3,5.45,18.9,23.19,96,45,Jember,-8.1724,113.702
2019-10-30,33.8,23.7,27.9,3.1,3.1,5.34,19.0,23.43,90,43,Jember,-8.1724,113.702
2019-10-31,33.8,23.4,27.6,4.1,4.1,4.84,14.1,21.32,96,47,Jember,-8.1724,113.702
2019-11-01,30.2,24.2,26.2,14.2,14.2,3.06,15.9,14.32,97,68,Jember,-8.1724,113.702
2019-11-02,28.9,23.8,25.4,29.3,29.3,2.49,10.6,11.84,98,74,Jember,-8.1724,113.702
2019-11-03,29.5,23.1,25.8,4.1,4.1,3.2,13.1,15.17,94,73,Jember,-8.1724,113.702
2019-11-04,30.5,23.0,26.4,5.9,5.9,4.25,16.1,20.25,93,66,Jember,-8.1724,113.702
2019-11-05,31.6,22.6,26.4,0.8,0.8,5.01,17.1,23.84,95,59,Jember,-8.1724,113.702
2019-11-06,31.0,23.0,26.1,0.0,0.0,5.04,14.3,24.12,94,58,Jember,-8.1724,113.702
2019-11-07,32.1,22.8,26.5,0.7,0.7,5.11,19.3,24.04,94,57,Jember,-8.1724,113.702
2019-11-08,32.7,23.5,27.1,2.0,2.0,4.93,14.7,22.93,94,53,Jember,-8.1724,113.702
2019-11-09,31.8,23.8,26.8,1.5,1.5,4.21,13.8,19.17,96,62,Jember,-8.1724,113.702
2019-11-10,32.3,24.0,27.5,2.5,2.5,4.8,10.3,22.19,94,60,Jember,-8.1724,113.702
2019-11-11,32.7,24.0,27.5,2.3,2.3,4.99,13.7,22.98,97,59,Jember,-8.1724,113.702
2019-11-12,32.5,23.6,27.7,7.4,7.4,4.75,11.2,22.02,96,61,Jember,-8.1724,113.702
2019-11-13,33.3,24.1,27.7,1.2,1.2,4.6,13.4,21.09,96,50,Jember,-8.1724,113.702
2019-11-14,34.7,23.6,28.1,0.2,0.2,5.16,18.6,22.51,98,48,Jember,-8.1724,113.702
2019-11-15,33.7,24.0,27.9,0.1,0.1,5.91,21.1,26.09,100,46,Jember,-8.1724,113.702
2019-11-16,34.0,23.6,27.7,3.3,3.3,5.14,17.0,22.94,96,47,Jember,-8.1724,113.702
2019-11-17,35.1,23.9,28.5,2.0,2.0,5.51,19.6,23.92,97,42,Jember,-8.1724,113.702
2019-11-18,35.4,24.1,28.6,1.4,1.4,5.23,19.0,22.85,97,45,Jember,-8.1724,113.702
2019-11-19,33.8,24.5,28.4,0.3,0.3,5.08,13.9,22.37,97,49,Jember,-8.1724,113.702
2019-11-20,32.7,24.5,28.0,1.6,1.6,4.32,13.5,18.48,95,53,Jember,-8.1724,113.702
2019-11-21,33.7,24.9,28.6,0.5,0.5,5.49,15.8,22.95,94,41,Jember,-8.1724,113.702
2019-11-22,34.2,24.0,28.5,1.3,1.3,5.24,14.9,23.07,88,42,Jember,-8.1724,113.702
2019-11-23,34.8,23.6,28.6,2.6,2.6,5.33,15.8,22.91,94,43,Jember,-8.1724,113.702
2019-11-24,34.4,24.5,28.3,8.7,8.7,4.95,12.9,22.28,94,49,Jember,-8.1724,113.702
2019-11-25,34.2,24.7,28.4,1.6,1.6,4.91,15.5,21.21,92,49,Jember,-8.1724,113.702
2019-11-26,34.7,24.4,28.5,0.0,0.0,5.4,16.5,22.81,95,43,Jember,-8.1724,113.702
2019-11-27,32.8,24.6,27.7,7.4,7.4,4.19,10.1,19.14,92,51,Jember,-8.1724,113.702
2019-11-28,32.3,24.1,27.7,1.3,1.3,4.22,11.7,19.52,94,58,Jember,-8.1724,113.702
2019-11-29,34.0,24.2,28.1,2.8,2.8,4.55,14.9,21.2,94,51,Jember,-8.1724,113.702
2019-11-30,32.3,24.6,27.3,16.2,16.2,3.89,15.9,18.41,94,63,Jember,-8.1724,113.702
2019-12-01,34.3,24.1,28.7,0.7,0.7,5.39,15.5,23.61,97,48,Jember,-8.1724,113.702
2019-12-02,33.4,25.3,28.4,3.4,3.4,4.61,13.8,20.17,96,52,Jember,-8.1724,113.702
2019-12-03,33.8,24.2,28.5,0.0,0.0,5.11,14.5,22.12,97,50,Jember,-8.1724,113.702
2019-12-04,34.5,25.4,29.2,1.7,1.7,4.65,14.0,20.87,86,51,Jember,-8.1724,113.702
2019-12-05,31.0,25.2,27.5,12.9,12.9,3.26,10.3,14.89,93,64,Jember,-8.1724,113.702
2019-12-06,32.1,25.1,28.0,1.7,1.7,4.17,12.0,19.53,96,56,Jember,-8.1724,113.702
2019-12-07,34.3,23.2,27.9,9.0,9.0,4.75,11.1,22.05,97,46,Jember,-8.1724,113.702
2019-12-08,35.6,24.0,28.8,1.9,1.9,5.55,17.3,24.12,99,44,Jember,-8.1724,113.702
2019-12-09,35.1,24.5,29.0,3.0,3.0,5.1,17.0,22.37,96,50,Jember,-8.1724,113.702
2019-12-10,34.2,25.0,28.5,3.5,3.5,5.04,10.1,22.86,93,50,Jember,-8.1724,113.702
2019-12-11,33.2,23.9,27.7,5.8,5.8,4.59,12.5,21.06,97,57,Jember,-8.1724,113.702
2019-12-12,33.4,24.9,27.8,27.1,27.1,4.49,7.2,20.86,95,53,Jember,-8.1724,113.702
2019-12-13,30.5,24.2,26.8,18.2,18.2,4.13,11.1,19.85,95,70,Jember,-8.1724,113.702
2019-12-14,32.2,24.2,27.2,11.7,11.7,4.5,10.0,21.38,99,57,Jember,-8.1724,113.702
2019-12-15,28.8,23.6,25.8,9.4,9.4,2.66,8.7,13.05,99,76,Jember,-8.1724,113.702
2019-12-16,30.6,24.6,26.8,8.2,8.2,3.96,9.2,19.07,94,66,Jember,-8.1724,113.702
2019-12-17,29.2,24.7,26.4,10.1,10.1,2.89,10.9,14.08,94,74,Jember,-8.1724,113.702
2019-12-18,30.8,24.8,27.1,13.0,13.0,3.83,10.6,18.67,94,73,Jember,-8.1724,113.702
2019-12-19,30.8,24.8,27.4,5.5,5.5,4.3,7.2,20.85,93,71,Jember,-8.1724,113.702
2019-12-20,31.5,24.3,27.5,3.0,3.0,4.14,10.9,20.14,96,69,Jember,-8.1724,113.702
2019-12-21,31.8,25.4,28.0,8.2,8.2,4.49,11.2,21.46,94,66,Jember,-8.1724,113.702
2019-12-22,30.4,24.8,27.1,8.3,8.3,3.85,9.1,18.82,95,72,Jember,-8.1724,113.702
2019-12-23,30.1,24.6,26.6,4.9,4.9,3.58,9.5,17.46,99,71,Jember,-8.1724,113.702
2019-12-24,30.4,24.8,27.3,6.3,6.3,4.16,12.2,20.24,96,72,Jember,-8.1724,113.702
2019-12-25,31.5,24.4,27.0,11.3,11.3,3.92,10.4,19.26,96,70,Jember,-8.1724,113.702
2019-12-26,30.1,24.4,26.5,6.1,6.1,3.41,14.7,17.18,97,73,Jember,-8.1724,113.702
2019-12-27,30.8,24.4,26.4,23.2,23.2,3.47,6.6,16.8,96,70,Jember,-8.1724,113.702
2019-12-28,31.1,23.7,26.6,3.7,3.7,4.17,8.4,20.31,98,66,Jember,-8.1724,113.702
2019-12-29,31.1,24.2,27.0,1.4,1.4,3.74,7.0,18.09,96,67,Jember,-8.1724,113.702
2019-12-30,32.0,24.8,27.5,4.3,4.3,4.33,9.0,20.95,93,65,Jember,-8.1724,113.702
2019-12-31,29.2,24.5,26.5,8.7,8.7,3.11,11.6,15.67,96,80,Jember,-8.1724,113.702
2020-01-01,27.8,23.6,25.7,38.0,38.0,1.77,14.3,8.27,96,82,Jember,-8.1724,113.702
2020-01-02,29.0,24.4,26.3,10.3,10.3,2.9,9.0,13.62,96,73,Jember,-8.1724,113.702
2020-01-03,29.5,24.1,25.9,8.9,8.9,3.8,9.5,18.73,97,71,Jember,-8.1724,113.702
2020-01-04,27.4,23.5,25.3,25.3,25.3,2.39,17.6,11.73,96,77,Jember,-8.1724,113.702
2020-01-05,28.6,24.8,26.1,14.1,14.1,2.3,14.3,11.44,95,83,Jember,-8.1724,113.702
2020-01-06,29.0,24.6,25.8,18.3,18.3,2.17,15.9,11.09,96,86,Jember,-8.1724,113.702
2020-01-07,29.5,24.2,26.2,11.5,11.5,3.09,13.6,15.13,97,78,Jember,-8.1724,113.702
2020-01-08,28.4,24.5,25.8,6.9,6.9,3.6,11.8,18.19,98,78,Jember,-8.1724,113.702
2020-01-09,30.0,24.1,26.3,5.3,5.3,3.75,15.8,19.03,99,79,Jember,-8.1724,113.702
2020-01-10,30.8,24.1,26.8,5.8,5.8,4.67,16.9,22.9,97,66,Jember,-8.1724,113.702
2020-01-11,29.6,24.8,26.1,21.9,21.9,2.41,14.2,11.63,96,78,Jember,-8.1724,113.702
2020-01-12,30.8,24.8,27.1,5.3,5.3,3.92,21.6,18.89,93,66,Jember,-8.1724,113.702
2020-01-13,30.9,24.2,26.8,2.9,2.9,4.24,15.4,20.79,95,73,Jember,-8.1724,113.702
2020-01-14,32.1,24.2,27.7,1.1,1.1,4.93,10.2,23.09,94,56,Jember,-8.1724,113.702
2020-01-15,30.6,25.3,27.4,2.2,2.2,4.06,9.9,19.56,94,72,Jember,-8.1724,113.702
2020-01-16,31.4,24.4,27.3,2.0,2.0,4.35,13.0,20.83,95,67,Jember,-8.1724,113.702
2020-01-17,31.9,24.9,27.7,1.0,1.0,5.08,15.8,24.26,93,60,Jember,-8.1724,113.702
2020-01-18,32.0,24.8,27.7,0.0,0.0,5.3,14.8,25.36,90,57,Jember,-8.1724,113.702
2020-01-19,31.4,24.4,27.8,0.5,0.5,4.63,13.0,21.73,88,61,Jember,-8.1724,113.702
2020-01-20,31.5,25.7,28.0,0.7,0.7,4.71,11.8,22.32,89,61,Jember,-8.1724,113.702
2020-01-21,29.6,25.0,26.9,2.7,2.7,3.91,10.3,18.82,91,70,Jember,-8.1724,113.702
2020-01-22,31.4,25.0,27.2,3.8,3.8,4.15,7.3,20.0,96,62,Jember,-8.1724,113.702
2020-01-23,31.0,24.3,27.3,2.5,2.5,4.42,9.5,21.46,96,67,Jember,-8.1724,113.702
2020-01-24,32.4,23.8,27.7,2.2,2.2,4.8,10.2,23.23,91,65,Jember,-8.1724,113.702
2020-01-25,31.6,22.8,27.4,0.6,0.6,4.6,7.9,21.97,95,64,Jember,-8.1724,113.702
2020-01-26,31.4,24.1,27.5,0.7,0.7,4.45,8.2,21.44,99,63,Jember,-8.1724,113.702
2020-01-27,31.0,25.4,28.0,0.3,0.3,4.77,12.5,22.81,92,67,Jember,-8.1724,113.702
2020-01-28,31.9,25.1,27.9,23.0,23.0,4.45,10.8,21.39,94,65,Jember,-8.1724,113.702
2020-01-29,31.8,25.4,27.6,7.9,7.9,4.34,8.6,21.1,94,68,Jember,-8.1724,113.702
2020-01-30,31.0,24.5,26.4,28.7,28.7,2.88,17.9,14.01,98,75,Jember,-8.1724,113.702
2020-01-31,31.4,24.6,27.4,4.9,4.9,3.88,8.4,18.24,94,63,Jember,-8.1724,113.702
2020-02-01,30.2,24.6,26.4,12.1,12.1,3.22,8.7,15.65,97,71,Jember,-8.1724,113.702
2020-02-02,29.4,24.1,26.3,52.1,52.1,3.85,8.7,19.02,98,69,Jember,-8.1724,113.702
2020-02-03,30.7,23.9,26.7,23.6,23.6,4.02,13.0,19.83,95,71,Jember,-8.1724,113.702
2020-02-04,32.2,24.7,27.8,1.7,1.7,5.14,11.8,24.6,96,59,Jember,-8.1724,113.702
2020-02-05,31.8,24.1,27.7,0.8,0.8,4.83,9.3,23.19,95,62,Jember,-8.1724,113.702
2020-02-06,30.6,24.8,27.1,5.9,5.9,4.09,10.4,19.65,96,68,Jember,-8.1724,113.702
2020-02-07,29.9,24.5,26.5,10.6,10.6,3.36,9.4,16.14,98,76,Jember,-8.1724,113.702
2020-02-08,30.1,24.7,27.0,8.1,8.1,4.66,11.3,22.23,93,62,Jember,-8.1724,113.702
2020-02-09,27.4,24.6,25.8,18.3,18.3,1.84,12.3,8.69,95,84,Jember,-8.1724,113.702
2020-02-10,31.0,23.8,26.6,7.0,7.0,3.94,12.0,19.36,94,73,Jember,-8.1724,113.702
2020-02-11,28.2,24.5,26.1,9.5,9.5,3.0,8.3,14.95,96,79,Jember,-8.1724,113.702
2020-02-12,30.0,25.0,27.0,0.2,0.2,4.16,8.7,20.62,95,72,Jember,-8.1724,113.702
2020-02-13,30.9,25.2,27.4,1.0,1.0,4.77,11.9,23.22,96,66,Jember,-8.1724,113.702
2020-02-14,30.5,24.2,27.2,1.1,1.1,4.35,9.5,21.18,99,67,Jember,-8.1724,113.702
2020-02-15,29.8,24.4,26.1,53.9,53.9,2.97,7.8,14.66,99,78,Jember,-8.1724,113.702
2020-02-16,30.4,24.0,26.5,9.1,9.1,3.98,10.1,19.72,97,75,Jember,-8.1724,113.702
2020-02-17,29.2,24.1,26.1,16.2,16.2,2.62,6.3,12.57,97,78,Jember,-8.1724,113.702
2020-02-18,29.9,24.8,26.3,3.6,3.6,3.57,9.5,17.29,92,74,Jember,-8.1724,113.702
2020-02-19,28.9,23.6,26.1,6.8,6.8,3.31,10.4,16.13,92,73,Jember,-8.1724,113.702
2020-02-20,28.0,24.2,25.8,6.0,6.0,2.88,10.5,13.79,91,76,Jember,-8.1724,113.702
2020-02-21,29.0,23.5,25.9,10.5,10.5,3.4,7.6,16.65,96,73,Jember,-8.1724,113.702
2020-02-22,30.6,24.8,26.6,22.6,22.6,3.54,17.3,17.86,96,73,Jember,-8.1724,113.702
2020-02-23,31.1,24.0,27.0,5.3,5.3,4.2,15.5,20.87,94,72,Jember,-8.1724,113.702
2020-02-24,30.4,24.4,27.2,2.2,2.2,4.41,14.1,21.68,92,68,Jember,-8.1724,113.702
2020-02-25,29.5,24.5,26.6,8.6,8.6,3.11,10.0,15.09,94,70,Jember,-8.1724,113.702
2020-02-26,29.1,24.6,26.6,11.5,11.5,2.73,8.2,13.26,95,78,Jember,-8.1724,113.702
2020-02-27,30.5,25.5,27.5,0.6,0.6,3.63,8.1,17.29,90,69,Jember,-8.1724,113.702
2020-02-28,31.4,24.9,27.2,5.1,5.1,4.16,11.9,20.09,94,70,Jember,-8.1724,113.702
2020-02-29,29.8,25.1,26.8,13.0,13.0,3.46,6.6,16.79,94,73,Jember,-8.1724,113.702
2020-03-01,28.4,24.9,26.1,6.5,6.5,2.58,9.5,12.27,92,76,Jember,-8.1724,113.702
2020-03-02,30.6,24.5,27.0,8.5,8.5,3.99,9.2,19.31,94,65,Jember,-8.1724,113.702
2020-03-03,29.9,24.8,27.1,7.4,7.4,3.14,10.3,15.42,98,78,Jember,-8.1724,113.702
2020-03-04,29.3,25.2,26.5,20.5,20.5,2.51,15.0,12.36,97,79,Jember,-8.1724,113.702
2020-03-05,30.1,24.8,26.3,6.1,6.1,2.74,8.3,13.14,96,76,Jember,-8.1724,113.702
2020-03-06,30.2,24.4,26.3,11.3,11.3,2.93,8.0,13.93,94,71,Jember,-8.1724,113.702
2020-03-07,29.4,24.4,26.1,20.8,20.8,2.86,9.7,13.54,96,71,Jember,-8.1724,113.702
2020-03-08,29.4,24.3,26.2,3.9,3.9,3.39,8.2,16.32,96,67,Jember,-8.1724,113.702
2020-03-09,29.3,24.2,26.2,29.9,29.9,2.32,14.8,11.07,94,71,Jember,-8.1724,113.702
2020-03-10,29.6,24.4,26.6,0.4,0.4,2.97,9.4,14.04,94,73,Jember,-8.1724,113.702
2020-03-11,29.1,24.1,26.3,5.0,5.0,3.6,10.0,17.62,98,72,Jember,-8.1724,113.702
2020-03-12,29.9,23.0,26.8,0.2,0.2,3.78,9.4,18.35,97,67,Jember,-8.1724,113.702
2020-03-13,31.0,23.9,27.0,7.0,7.0,3.69,10.5,17.68,94,68,Jember,-8.1724,113.702
2020-03-14,30.6,24.0,27.3,0.9,0.9,3.74,7.6,17.85,94,70,Jember,-8.1724,113.702
2020-03-15,31.5,24.0,27.6,8.9,8.9,4.35,9.0,20.39,93,65,Jember,-8.1724,113.702
2020-03-16,30.8,23.5,26.7,13.1,13.1,3.75,11.4,18.45,93,71,Jember,-8.1724,113.702
2020-03-17,31.2,23.8,27.1,2.0,2.0,4.37,7.5,21.25,93,67,Jember,-8.1724,113.702
2020-03-18,30.5,23.8,26.9,2.3,2.3,3.82,14.0,18.46,95,70,Jember,-8.1724,113.702
2020-03-19,30.9,25.0,27.2,1.6,1.6,3.83,6.1,18.4,92,65,Jember,-8.1724,113.702
2020-03-20,30.6,23.0,26.6,12.3,12.3,4.25,10.0,20.57,95,65,Jember,-8.1724,113.702
2020-03-21,30.0,24.0,26.8,1.8,1.8,4.23,11.2,20.79,99,72,Jember,-8.1724,113.702
2020-03-22,30.6,24.4,27.5,4.1,4.1,4.36,11.8,21.3,92,70,Jember,-8.1724,113.702
2020-03-23,29.8,24.0,26.3,9.3,9.3,3.53,8.7,17.36,97,76,Jember,-8.1724,113.702
2020-03-24,30.2,24.1,27.0,0.5,0.5,3.85,10.6,18.9,92,66,Jember,-8.1724,113.702
2020-03-25,31.0,24.3,27.3,10.8,10.8,4.52,10.2,22.45,97,69,Jember,-8.1724,113.702
2020-03-26,33.2,24.0,27.8,0.6,0.6,4.89,10.4,23.39,98,55,Jember,-8.1724,113.702
2020-03-27,28.8,24.4,26.0,6.9,6.9,2.45,11.0,12.46,100,78,Jember,-8.1724,113.702
2020-03-28,29.4,24.2,26.7,1.0,1.0,3.27,5.9,16.11,95,77,Jember,-8.1724,113.702
2020-03-29,30.4,24.6,27.0,7.8,7.8,3.21,11.9,15.43,95,69,Jember,-8.1724,113.702
2020-03-30,31.0,24.0,26.9,3.1,3.1,4.02,10.8,20.07,91,74,Jember,-8.1724,113.702
2020-03-31,30.6,24.1,26.7,25.9,25.9,3.13,8.7,15.07,97,70,Jember,-8.1724,113.702
2020-04-01,30.6,24.1,27.0,1.5,1.5,3.74,9.5,18.03,94,67,Jember,-8.1724,113.702
2020-04-02,30.6,24.9,27.3,2.6,2.6,4.04,8.4,19.81,96,68,Jember,-8.1724,113.702
2020-04-03,30.5,24.5,27.0,4.9,4.9,3.87,9.1,19.26,96,74,Jember,-8.1724,113.702
2020-04-04,30.0,24.1,26.5,8.8,8.8,3.18,7.1,15.72,96,73,Jember,-8.1724,113.702
2020-04-05,30.5,24.9,27.1,4.2,4.2,3.4,4.9,16.5,97,72,Jember,-8.1724,113.702
2020-04-06,28.4,24.5,26.1,9.3,9.3,2.63,9.4,12.98,98,79,Jember,-8.1724,113.702
2020-04-07,29.0,24.5,26.0,3.2,3.2,3.27,9.6,16.35,96,71,Jember,-8.1724,113.702
2020-04-08,29.1,23.9,25.9,3.9,3.9,3.04,10.7,14.84,98,70,Jember,-8.1724,113.702
2020-04-09,31.5,24.8,27.2,6.9,6.9,4.28,10.5,21.07,93,70,Jember,-8.1724,113.702
2020-04-10,32.0,24.6,27.4,4.4,4.4,4.44,12.9,21.69,92,65,Jember,-8.1724,113.702
2020-04-11,29.7,23.7,26.3,5.6,5.6,3.27,11.8,15.94,97,73,Jember,-8.1724,113.702
2020-04-12,30.4,23.5,26.8,4.0,4.0,4.09,10.8,20.28,94,68,Jember,-8.1724,113.702
2020-04-13,28.7,23.3,26.3,17.4,17.4,3.72,8.3,18.38,92,64,Jember,-8.1724,113.702
2020-04-14,28.8,24.1,26.2,3.3,3.3,3.4,11.4,17.09,96,75,Jember,-8.1724,113.702
2020-04-15,30.8,24.7,27.3,6.9,6.9,4.3,7.3,21.11,95,70,Jember,-8.1724,113.702
2020-04-16,31.1,23.2,27.6,0.1,0.1,4.34,6.6,21.35,96,69,Jember,-8.1724,113.702
2020-04-17,30.6,24.5,27.0,1.3,1.3,3.73,10.6,18.31,97,71,Jember,-8.1724,113.702
2020-04-18,30.8,23.4,27.3,3.6,3.6,3.82,10.0,18.78,93,73,Jember,-8.1724,113.702
2020-04-19,29.6,23.9,26.9,0.0,0.0,3.52,10.0,17.22,93,74,Jember,-8.1724,113.702
2020-04-20,31.1,24.4,27.6,0.8,0.8,4.28,10.6,21.06,92,69,Jember,-8.1724,113.702
2020-04-21,31.8,23.9,28.1,0.4,0.4,4.39,14.0,21.1,96,60,Jember,-8.1724,113.702
2020-04-22,32.0,22.4,27.5,0.8,0.8,4.14,8.9,19.56,90,56,Jember,-8.1724,113.702
2020-04-23,33.7,24.1,28.3,0.2,0.2,4.95,8.9,22.82,91,50,Jember,-8.1724,113.702
2020-04-24,33.4,22.1,28.1,0.0,0.0,4.79,9.0,22.08,91,44,Jember,-8.1724,113.702
2020-04-25,32.5,24.2,27.6,0.5,0.5,4.17,6.9,19.97,94,57,Jember,-8.1724,113.702
2020-04-26,31.5,24.2,27.4,5.0,5.0,3.58,11.6,16.87,96,60,Jember,-8.1724,113.702
2020-04-27,30.3,24.0,26.7,6.9,6.9,3.74,8.4,18.46,96,72,Jember,-8.1724,113.702
2020-04-28,30.6,23.1,26.4,1.6,1.6,3.58,7.2,17.63,97,66,Jember,-8.1724,113.702
2020-04-29,31.5,23.4,27.3,0.3,0.3,4.21,6.9,20.24,88,50,Jember,-8.1724,113.702
2020-04-30,30.8,24.7,27.2,1.6,1.6,3.44,9.1,16.26,92,60,Jember,-8.1724,113.702
2020-05-01,31.6,24.2,27.2,0.3,0.3,4.0,6.8,19.05,93,56,Jember,-8.1724,113.702
2020-05-02,31.5,23.6,27.1,1.8,1.8,3.91,7.9,18.84,94,58,Jember,-8.1724,113.702
2020-05-03,31.4,24.0,27.4,0.0,0.0,4.15,7.8,19.93,92,57,Jember,-8.1724,113.702
2020-05-04,32.7,24.8,28.1,0.7,0.7,3.89,6.5,18.41,91,55,Jember,-8.1724,113.702
2020-05-05,32.2,25.0,28.2,0.8,0.8,4.31,6.9,20.73,93,58,Jember,-8.1724,113.702
2020-05-06,32.5,24.0,27.9,1.2,1.2,4.28,10.3,20.25,94,56,Jember,-8.1724,113.702
2020-05-07,33.2,23.6,28.1,0.2,0.2,4.27,5.8,20.17,94,53,Jember,-8.1724,113.702
2020-05-08,33.2,24.6,28.0,14.7,14.7,3.93,7.6,18.6,97,56,Jember,-8.1724,113.702
2020-05-09,31.4,25.1,27.4,3.7,3.7,3.23,6.9,15.22,98,65,Jember,-8.1724,113.702
2020-05-10,32.8,25.0,28.3,0.5,0.5,4.32,11.3,20.27,96,48,Jember,-8.1724,113.702
2020-05-11,30.0,25.0,27.1,2.8,2.8,2.96,7.7,14.21,93,66,Jember,-8.1724,113.702
2020-05-12,32.5,24.2,27.7,0.0,0.0,4.54,11.0,20.76,95,51,Jember,-8.1724,113.702
2020-05-13,32.0,23.6,27.1,0.0,0.0,4.36,15.3,19.99,96,52,Jember,-8.1724,113.702
2020-05-14,31.8,23.9,27.0,0.5,0.5,3.9,16.5,17.72,89,57,Jember,-8.1724,113.702
2020-05-15,32.3,23.4,27.4,1.2,1.2,3.9,10.9,17.86,93,57,Jember,-8.1724,113.702
2020-05-16,32.1,24.4,27.8,0.2,0.2,4.13,16.2,18.59,91,60,Jember,-8.1724,113.702
2020-05-17,32.0,24.7,27.6,0.8,0.8,3.66,13.8,16.53,93,60,Jember,-8.1724,113.702
2020-05-18,30.5,24.9,26.9,5.1,5.1,2.76,8.3,12.77,97,69,Jember,-8.1724,113.702
2020-05-19,30.6,24.6,26.6,8.1,8.1,2.6,11.2,12.2,99,69,Jember,-8.1724,113.702
2020-05-20,31.6,24.6,27.4,1.5,1.5,3.74,11.5,17.84,96,60,Jember,-8.1724,113.702
2020-05-21,27.7,24.3,25.9,14.5,14.5,2.07,11.0,9.96,98,80,Jember,-8.1724,113.702
2020-05-22,32.0,24.6,28.0,0.8,0.8,3.16,11.9,13.91,96,56,Jember,-8.1724,113.702
2020-05-23,32.4,24.0,27.9,1.1,1.1,4.24,14.8,19.27,91,57,Jember,-8.1724,113.702
2020-05-24,31.9,24.6,27.8,2.3,2.3,4.01,11.9,18.7,95,61,Jember,-8.1724,113.702
2020-05-25,32.7,24.5,28.4,0.0,0.0,4.36,12.9,19.89,89,56,Jember,-8.1724,113.702
2020-05-26,31.5,24.8,27.2,20.5,20.5,3.89,14.4,18.75,96,63,Jember,-8.1724,113.702
2020-05-27,30.2,24.0,26.4,5.6,5.6,3.22,7.1,15.92,95,69,Jember,-8.1724,113.702
2020-05-28,30.2,23.9,25.9,10.0,10.0,2.3,14.6,10.96,98,70,Jember,-8.1724,113.702
2020-05-29,29.7,24.3,26.3,8.5,8.5,2.73,8.6,13.02,96,72,Jember,-8.1724,113.702
2020-05-30,31.5,23.7,27.0,16.9,16.9,3.56,8.6,17.19,96,64,Jember,-8.1724,113.702
2020-05-31,29.1,24.0,26.6,3.1,3.1,2.94,7.8,14.57,97,76,Jember,-8.1724,113.702
2020-06-01,30.5,24.2,26.9,0.9,0.9,3.22,7.7,15.58,95,69,Jember,-8.1724,113.702
2020-06-02,31.4,24.0,27.0,1.1,1.1,3.59,6.6,17.55,95,60,Jember,-8.1724,113.702
2020-06-03,31.6,23.4,27.1,0.0,0.0,4.4,12.7,20.35,94,50,Jember,-8.1724,113.702
2020-06-04,30.2,22.6,26.0,0.0,0.0,4.04,16.9,19.52,89,60,Jember,-8.1724,113.702
2020-06-05,29.4,22.5,25.8,1.8,1.8,3.41,11.1,16.79,92,66,Jember,-8.1724,113.702
2020-06-06,29.0,23.2,25.9,0.7,0.7,2.9,7.1,14.11,94,71,Jember,-8.1724,113.702
2020-06-07,30.2,23.0,26.1,1.7,1.7,3.28,8.6,15.92,96,63,Jember,-8.1724,113.702
2020-06-08,30.5,22.2,26.2,0.0,0.0,3.71,6.2,18.07,97,59,Jember,-8.1724,113.702
2020-06-09,30.8,22.2,25.9,0.0,0.0,3.83,7.0,19.01,93,55,Jember,-8.1724,113.702
2020-06-10,31.6,21.1,26.0,0.0,0.0,4.08,7.5,20.09,91,51,Jember,-8.1724,113.702
2020-06-11,31.1,22.9,26.3,0.1,0.1,4.0,12.7,19.27,87,54,Jember,-8.1724,113.702
2020-06-12,31.0,20.6,26.2,0.5,0.5,4.12,13.2,19.98,93,60,Jember,-8.1724,113.702
2020-06-13,31.7,22.4,26.5,0.0,0.0,3.51,8.5,16.82,95,55,Jember,-8.1724,113.702
2020-06-14,30.4,23.8,26.4,8.7,8.7,2.89,10.0,13.87,97,65,Jember,-8.1724,113.702
2020-06-15,30.4,24.0,26.7,1.2,1.2,3.13,6.4,15.2,97,66,Jember,-8.1724,113.702
2020-06-16,31.9,23.8,27.1,0.3,0.3,3.92,10.5,18.02,96,55,Jember,-8.1724,113.702
2020-06-17,31.5,22.9,26.9,0.2,0.2,3.83,10.4,18.29,94,56,Jember,-8.1724,113.702
2020-06-18,30.9,24.2,26.8,1.1,1.1,3.67,12.3,17.17,94,60,Jember,-8.1724,113.702
2020-06-19,30.3,23.5,26.2,1.7,1.7,3.43,12.6,16.23,92,61,Jember,-8.1724,113.702
2020-06-20,30.8,22.0,26.2,0.1,0.1,3.69,15.5,17.28,93,60,Jember,-8.1724,113.702
2020-06-21,30.5,22.8,26.3,1.0,1.0,3.16,10.5,14.75,91,59,Jember,-8.1724,113.702
2020-06-22,31.6,23.4,26.7,0.2,0.2,4.09,11.5,18.88,91,52,Jember,-8.1724,113.702
2020-06-23,31.7,21.9,26.3,0.0,0.0,4.12,14.1,19.13,92,53,Jember,-8.1724,113.702
2020-06-24,30.5,22.0,26.1,0.3,0.3,3.89,15.6,17.21,87,57,Jember,-8.1724,113.702
2020-06-25,31.7,21.3,25.9,0.0,0.0,3.9,12.2,17.72,92,47,Jember,-8.1724,113.702
2020-06-26,31.8,21.0,25.9,0.0,0.0,3.66,7.9,17.28,93,46,Jember,-8.1724,113.702
2020-06-27,31.8,20.2,26.0,0.0,0.0,4.01,7.8,19.3,96,45,Jember,-8.1724,113.702
2020-06-28,30.7,21.9,26.2,0.6,0.6,3.26,6.6,15.19,96,56,Jember,-8.1724,113.702
2020-06-29,30.5,22.7,26.2,0.8,0.8,3.34,9.5,15.44,92,55,Jember,-8.1724,113.702
2020-06-30,30.6,22.2,26.0,0.0,0.0,3.21,12.3,14.19,92,52,Jember,-8.1724,113.702
2020-07-01,30.9,22.4,25.8,1.5,1.5,3.33,9.1,15.77,96,53,Jember,-8.1724,113.702
2020-07-02,31.6,22.2,26.0,0.1,0.1,3.53,10.0,15.94,94,52,Jember,-8.1724,113.702
2020-07-03,31.5,21.7,25.7,0.0,0.0,3.93,12.3,18.21,96,47,Jember,-8.1724,113.702
2020-07-04,31.2,21.8,26.2,0.0,0.0,4.03,9.9,19.28,92,49,Jember,-8.1724,113.702
2020-07-05,31.3,22.6,26.5,1.0,1.0,3.51,7.7,16.72,92,49,Jember,-8.1724,113.702
2020-07-06,31.0,22.9,25.8,1.6,1.6,2.78,12.3,12.52,92,52,Jember,-8.1724,113.702
2020-07-07,30.9,23.4,26.5,0.1,0.1,3.84,15.6,17.01,94,56,Jember,-8.1724,113.702
2020-07-08,30.9,21.6,25.8,1.3,1.3,3.49,9.7,16.3,92,53,Jember,-8.1724,113.702
2020-07-09,30.5,23.4,26.3,1.1,1.1,3.49,13.6,15.39,87,57,Jember,-8.1724,113.702
2020-07-10,30.5,22.4,26.1,0.0,0.0,3.07,8.6,13.6,89,54,Jember,-8.1724,113.702
2020-07-11,31.9,23.0,26.7,0.0,0.0,3.59,9.8,15.98,96,51,Jember,-8.1724,113.702
2020-07-12,29.8,23.4,26.4,0.1,0.1,3.07,8.2,13.91,96,57,Jember,-8.1724,113.702
2020-07-13,31.5,22.5,26.5,0.1,0.1,3.61,8.0,17.04,98,55,Jember,-8.1724,113.702
2020-07-14,31.9,23.0,26.7,1.0,1.0,3.72,9.6,17.09,98,49,Jember,-8.1724,113.702
2020-07-15,31.2,22.6,26.4,1.0,1.0,3.48,10.3,16.33,98,53,Jember,-8.1724,113.702
2020-07-16,32.2,22.9,27.2,0.0,0.0,3.99,7.4,19.09,89,48,Jember,-8.1724,113.702
2020-07-17,32.5,21.3,26.4,1.2,1.2,4.26,14.6,19.95,95,52,Jember,-8.1724,113.702
2020-07-18,31.1,23.0,26.6,0.8,0.8,3.49,8.9,15.74,97,53,Jember,-8.1724,113.702
2020-07-19,32.0,22.6,26.5,3.2,3.2,3.75,11.6,17.31,97,55,Jember,-8.1724,113.702
2020-07-20,31.5,23.9,27.1,0.9,0.9,3.6,10.2,16.53,92,54,Jember,-8.1724,113.702
2020-07-21,28.6,24.0,25.9,5.0,5.0,1.96,8.2,8.93,96,74,Jember,-8.1724,113.702
2020-07-22,32.0,23.1,26.7,0.0,0.0,4.05,13.1,18.2,95,50,Jember,-8.1724,113.702
2020-07-23,31.4,21.5,25.9,0.0,0.0,4.02,12.9,17.9,96,50,Jember,-8.1724,113.702
2020-07-24,31.2,20.8,25.2,0.0,0.0,4.73,20.9,21.02,89,45,Jember,-8.1724,113.702
2020-07-25,30.2,18.5,24.4,0.0,0.0,4.17,16.3,18.43,90,41,Jember,-8.1724,113.702
2020-07-26,31.7,19.5,25.2,0.0,0.0,4.51,17.5,19.63,90,42,Jember,-8.1724,113.702
2020-07-27,31.7,20.0,25.5,0.0,0.0,4.08,14.9,17.47,94,46,Jember,-8.1724,113.702
2020-07-28,30.1,21.7,25.5,0.2,0.2,3.52,13.0,15.28,93,53,Jember,-8.1724,113.702
2020-07-29,30.4,19.6,24.6,0.0,0.0,4.13,13.6,18.47,92,38,Jember,-8.1724,113.702
2020-07-30,30.9,20.2,25.0,0.0,0.0,4.1,8.5,19.23,94,42,Jember,-8.1724,113.702
2020-07-31,30.1,20.8,25.1,0.3,0.3,3.21,11.6,14.18,96,51,Jember,-8.1724,113.702
2020-08-01,30.8,21.1,25.4,0.4,0.4,3.51,10.5,15.66,91,50,Jember,-8.1724,113.702
2020-08-02,31.5,20.0,25.0,0.0,0.0,4.68,16.3,21.92,92,43,Jember,-8.1724,113.702
2020-08-03,32.0,20.0,25.4,0.0,0.0,4.62,21.2,21.11,95,47,Jember,-8.1724,113.702
2020-08-04,28.9,21.8,25.0,0.8,0.8,1.85,14.2,7.57,97,63,Jember,-8.1724,113.702
2020-08-05,30.3,23.3,25.7,2.3,2.3,2.66,11.4,11.13,97,57,Jember,-8.1724,113.702
2020-08-06,33.0,20.9,26.0,0.0,0.0,4.39,10.5,19.43,96,39,Jember,-8.1724,113.702
2020-08-07,30.7,20.1,25.2,0.0,0.0,3.33,13.0,13.76,93,50,Jember,-8.1724,113.702
2020-08-08,32.8,21.6,26.4,0.0,0.0,4.42,20.4,19.86,96,46,Jember,-8.1724,113.702
2020-08-09,33.2,21.9,27.0,0.0,0.0,4.87,19.0,21.61,98,43,Jember,-8.1724,113.702
2020-08-10,33.0,22.1,27.0,0.8,0.8,4.33,12.4,19.58,96,45,Jember,-8.1724,113.702
2020-08-11,32.3,23.0,26.7,1.4,1.4,3.67,8.4,17.32,100,54,Jember,-8.1724,113.702
2020-08-12,32.5,23.3,26.8,2.7,2.7,4.06,11.1,19.29,99,54,Jember,-8.1724,113.702
2020-08-13,30.0,23.5,26.1,3.4,3.4,3.11,11.0,14.82,97,66,Jember,-8.1724,113.702
2020-08-14,30.5,23.2,26.1,7.1,7.1,3.6,12.7,17.32,98,60,Jember,-8.1724,113.702
2020-08-15,32.1,22.9,26.5,6.7,6.7,4.03,8.2,19.38,96,55,Jember,-8.1724,113.702
2020-08-16,31.9,23.8,26.8,1.1,1.1,4.19,8.4,19.97,98,50,Jember,-8.1724,113.702
2020-08-17,30.8,22.8,26.3,1.5,1.5,3.73,8.3,17.46,98,56,Jember,-8.1724,113.702
2020-08-18,31.3,22.0,25.9,0.3,0.3,4.09,9.6,18.82,94,49,Jember,-8.1724,113.702
2020-08-19,31.2,22.5,26.1,0.1,0.1,4.38,13.5,19.99,90,49,Jember,-8.1724,113.702
2020-08-20,30.1,22.2,25.6,0.9,0.9,3.95,16.5,18.72,95,57,Jember,-8.1724,113.702
2020-08-21,32.8,22.2,27.2,0.0,0.0,5.29,10.4,23.46,89,40,Jember,-8.1724,113.702
2020-08-22,33.5,22.8,27.5,0.1,0.1,4.99,8.9,22.18,93,44,Jember,-8.1724,113.702
2020-08-23,34.5,23.8,27.7,0.0,0.0,4.82,12.6,21.75,95,37,Jember,-8.1724,113.702
2020-08-24,34.8,21.2,27.4,1.4,1.4,5.2,19.0,23.91,98,23,Jember,-8.1724,113.702
2020-08-25,33.5,23.0,27.3,1.1,1.1,4.75,12.1,21.27,94,44,Jember,-8.1724,113.702
2020-08-26,32.7,22.5,26.5,0.1,0.1,5.4,18.6,23.11,84,39,Jember,-8.1724,113.702
2020-08-27,32.5,20.4,26.3,0.0,0.0,4.9,15.0,21.14,92,45,Jember,-8.1724,113.702
2020-08-28,31.6,21.7,26.4,2.8,2.8,3.87,9.7,17.72,96,49,Jember,-8.1724,113.702
2020-08-29,32.2,23.0,26.7,1.1,1.1,4.63,13.4,20.63,96,50,Jember,-8.1724,113.702
2020-08-30,33.3,21.1,26.5,0.0,0.0,5.11,14.5,22.16,94,38,Jember,-8.1724,113.702
2020-08-31,33.0,20.8,26.6,0.0,0.0,4.45,12.1,19.37,93,44,Jember,-8.1724,113.702
2020-09-01,31.9,22.5,26.1,11.5,11.5,3.25,10.0,14.69,98,51,Jember,-8.1724,113.702
2020-09-02,30.9,23.3,26.0,28.2,28.2,3.2,12.5,15.38,98,60,Jember,-8.1724,113.702
2020-09-03,32.0,23.6,26.8,2.9,2.9,3.92,10.9,18.46,93,56,Jember,-8.1724,113.702
2020-09-04,31.9,23.5,27.1,0.9,0.9,4.29,10.7,19.64,96,56,Jember,-8.1724,113.702
2020-09-05,33.4,22.1,26.4,0.8,0.8,4.9,11.8,22.99,97,43,Jember,-8.1724,113.702
2020-09-06,31.9,22.1,26.5,0.4,0.4,4.3,11.5,19.52,93,50,Jember,-8.1724,113.702
2020-09-07,32.5,23.2,26.9,1.8,1.8,4.48,10.0,20.9,96,47,Jember,-8.1724,113.702
2020-09-08,32.2,22.8,27.0,1.2,1.2,4.41,7.4,20.73,96,51,Jember,-8.1724,113.702
2020-09-09,32.0,22.9,27.1,0.5,0.5,4.35,7.3,20.49,98,52,Jember,-8.1724,113.702
2020-09-10,32.9,22.2,26.8,0.3,0.3,4.12,8.8,18.11,97,42,Jember,-8.1724,113.702
2020-09-11,31.9,21.6,26.6,0.8,0.8,4.45,12.1,19.77,95,49,Jember,-8.1724,113.702
2020-09-12,32.9,22.2,26.7,0.4,0.4,4.44,12.5,19.44,92,42,Jember,-8.1724,113.702
2020-09-13,32.2,22.5,26.8,0.3,0.3,4.03,7.9,17.86,94,47,Jember,-8.1724,113.702
2020-09-14,34.1,21.6,26.9,0.0,0.0,5.26,13.1,23.33,96,35,Jember,-8.1724,113.702
2020-09-15,33.7,21.6,26.9,0.0,0.0,5.12,9.4,22.64,93,33,Jember,-8.1724,113.702
2020-09-16,31.7,20.8,25.8,1.6,1.6,4.71,12.6,21.79,93,43,Jember,-8.1724,113.702
2020-09-17,33.3,21.4,26.9,0.3,0.3,4.98,14.6,22.7,96,40,Jember,-8.1724,113.702
2020-09-18,34.1,22.8,28.1,0.2,0.2,5.43,13.0,24.67,92,39,Jember,-8.1724,113.702
2020-09-19,35.5,23.4,28.9,0.0,0.0,5.48,10.4,24.48,92,38,Jember,-8.1724,113.702
2020-09-20,35.2,23.0,28.6,0.7,0.7,5.21,13.5,22.96,86,38,Jember,-8.1724,113.702
2020-09-21,32.6,23.2,27.3,6.4,6.4,3.92,10.5,17.51,100,49,Jember,-8.1724,113.702
2020-09-22,30.1,24.2,26.4,7.1,7.1,2.88,9.3,13.36,94,70,Jember,-8.1724,113.702
2020-09-23,32.8,23.5,27.6,2.1,2.1,4.75,12.5,21.54,96,50,Jember,-8.1724,113.702
2020-09-24,32.2,22.5,27.0,1.2,1.2,4.75,13.4,21.51,97,53,Jember,-8.1724,113.702
2020-09-25,31.0,23.6,26.7,5.6,5.6,3.53,11.5,16.08,93,64,Jember,-8.1724,113.702
2020-09-26,33.9,22.6,26.8,1.5,1.5,4.53,13.7,20.98,96,47,Jember,-8.1724,113.702
2020-09-27,32.3,22.9,27.2,2.1,2.1,4.53,8.7,20.92,89,49,Jember,-8.1724,113.702
2020-09-28,32.2,23.1,27.1,0.6,0.6,4.88,10.5,22.25,89,48,Jember,-8.1724,113.702
2020-09-29,30.7,22.3,26.0,6.3,6.3,4.03,10.1,19.29,96,61,Jember,-8.1724,113.702
2020-09-30,32.4,22.9,26.7,2.1,2.1,4.2,7.9,19.65,96,50,Jember,-8.1724,113.702
2020-10-01,33.7,23.1,27.5,1.8,1.8,4.56,9.4,20.9,96,51,Jember,-8.1724,113.702
2020-10-02,33.3,23.4,27.5,6.3,6.3,4.18,10.5,19.09,94,51,Jember,-8.1724,113.702
2020-10-03,32.3,22.7,27.1,1.3,1.3,4.57,12.0,21.02,99,50,Jember,-8.1724,113.702
2020-10-04,30.1,22.8,25.9,4.4,4.4,3.48,14.0,16.07,92,62,Jember,-8.1724,113.702
2020-10-05,29.2,23.2,25.5,6.2,6.2,3.29,12.5,15.53,92,66,Jember,-8.1724,113.702
2020-10-06,29.8,22.8,25.9,2.1,2.1,3.49,13.5,16.12,89,60,Jember,-8.1724,113.702
2020-10-07,32.0,22.4,26.3,1.2,1.2,4.4,8.9,20.42,94,51,Jember,-8.1724,113.702
2020-10-08,30.5,23.0,26.4,1.4,1.4,4.37,10.0,20.54,94,56,Jember,-8.1724,113.702
2020-10-09,32.0,22.4,26.6,1.4,1.4,4.44,12.6,20.59,96,53,Jember,-8.1724,113.702
2020-10-10,28.1,23.5,25.5,24.9,24.9,1.84,9.4,8.49,98,80,Jember,-8.1724,113.702
2020-10-11,33.0,23.6,27.5,2.6,2.6,4.7,10.2,21.95,99,48,Jember,-8.1724,113.702
2020-10-12,31.8,24.2,27.1,3.7,3.7,4.59,8.8,21.72,98,53,Jember,-8.1724,113.702
2020-10-13,32.8,22.8,27.6,0.8,0.8,5.28,15.2,24.8,92,47,Jember,-8.1724,113.702
2020-10-14,32.7,23.8,27.4,2.7,2.7,4.5,9.0,21.05,96,54,Jember,-8.1724,113.702
2020-10-15,32.2,23.8,27.1,9.1,9.1,4.39,10.1,20.72,97,55,Jember,-8.1724,113.702
2020-10-16,31.9,24.0,26.8,4.6,4.6,4.33,14.0,20.29,96,63,Jember,-8.1724,113.702
2020-10-17,32.1,23.9,26.9,1.7,1.7,4.72,15.1,21.79,96,54,Jember,-8.1724,113.702
2020-10-18,31.5,23.3,26.7,3.2,3.2,4.31,9.4,20.34,96,58,Jember,-8.1724,113.702
2020-10-19,30.0,23.4,26.1,35.4,35.4,2.69,10.2,12.59,97,66,Jember,-8.1724,113.702
2020-10-20,31.6,24.2,27.0,3.2,3.2,4.32,11.1,20.26,98,57,Jember,-8.1724,113.702
2020-10-21,32.2,23.5,27.4,1.6,1.6,4.8,13.2,22.89,96,55,Jember,-8.1724,113.702
2020-10-22,32.9,23.4,27.3,4.3,4.3,4.8,10.2,22.38,97,50,Jember,-8.1724,113.702
2020-10-23,31.5,23.8,26.8,9.0,9.0,3.95,12.5,18.83,97,64,Jember,-8.1724,113.702
2020-10-24,31.5,23.5,27.2,4.9,4.9,4.45,9.4,21.15,97,60,Jember,-8.1724,113.702
2020-10-25,31.6,24.6,27.2,9.7,9.7,3.93,9.8,18.59,96,63,Jember,-8.1724,113.702
2020-10-26,30.7,24.4,26.8,3.8,3.8,3.87,12.9,18.69,97,69,Jember,-8.1724,113.702
2020-10-27,30.5,23.7,26.0,24.1,24.1,3.51,12.0,17.32,98,69,Jember,-8.1724,113.702
2020-10-28,32.5,22.5,26.7,3.2,3.2,4.43,10.8,21.08,99,56,Jember,-8.1724,113.702
2020-10-29,31.2,23.9,26.9,9.5,9.5,4.04,9.5,19.43,94,65,Jember,-8.1724,113.702
2020-10-30,32.7,24.2,27.2,1.0,1.0,4.3,10.8,20.46,95,56,Jember,-8.1724,113.702
2020-10-31,29.4,24.0,25.6,13.9,13.9,2.48,7.2,11.67,98,74,Jember,-8.1724,113.702
2020-11-01,29.0,23.0,25.7,1.8,1.8,2.62,12.2,12.25,98,75,Jember,-8.1724,113.702
2020-11-02,29.9,24.0,26.5,16.1,16.1,3.56,9.3,16.94,95,68,Jember,-8.1724,113.702
2020-11-03,30.3,24.4,26.9,12.9,12.9,3.82,10.7,18.43,96,67,Jember,-8.1724,113.702
2020-11-04,31.5,22.6,27.0,8.9,8.9,4.57,7.9,21.83,95,62,Jember,-8.1724,113.702
2020-11-05,32.6,24.0,27.7,1.5,1.5,4.95,13.2,22.89,96,56,Jember,-8.1724,113.702
2020-11-06,32.3,23.8,27.5,2.7,2.7,4.7,12.9,22.3,98,64,Jember,-8.1724,113.702
2020-11-07,32.7,25.0,27.8,2.0,2.0,5.28,14.2,24.7,94,56,Jember,-8.1724,113.702
2020-11-08,32.0,24.0,27.4,1.2,1.2,5.05,9.8,23.98,93,57,Jember,-8.1724,113.702
2020-11-09,31.5,24.5,27.4,3.2,3.2,4.24,13.6,19.86,90,65,Jember,-8.1724,113.702
2020-11-10,32.6,23.3,27.3,1.7,1.7,5.06,12.4,23.18,93,51,Jember,-8.1724,113.702
2020-11-11,29.9,23.4,26.3,14.6,14.6,3.09,10.8,15.07,94,73,Jember,-8.1724,113.702
2020-11-12,32.5,23.7,27.8,1.8,1.8,4.83,10.0,22.53,96,55,Jember,-8.1724,113.702
2020-11-13,32.0,24.4,27.4,7.2,7.2,4.01,8.0,19.09,95,67,Jember,-8.1724,113.702
2020-11-14,31.5,24.6,27.6,5.6,5.6,4.05,7.2,19.08,94,66,Jember,-8.1724,113.702
2020-11-15,30.7,24.4,26.3,31.8,31.8,2.96,11.8,14.4,97,71,Jember,-8.1724,113.702
2020-11-16,33.2,23.5,27.9,0.3,0.3,5.06,9.1,23.58,97,55,Jember,-8.1724,113.702
2020-11-17,31.4,24.2,27.1,5.6,5.6,4.1,8.9,19.12,93,66,Jember,-8.1724,113.702
2020-11-18,32.0,24.5,27.4,5.4,5.4,4.59,10.8,21.88,96,62,Jember,-8.1724,113.702
2020-11-19,32.5,23.9,27.2,3.3,3.3,4.25,8.1,20.15,97,63,Jember,-8.1724,113.702
2020-11-20,31.0,24.3,26.3,20.1,20.1,3.31,10.5,16.12,99,75,Jember,-8.1724,113.702
2020-11-21,31.5,24.2,26.9,10.0,10.0,3.72,6.2,17.78,99,70,Jember,-8.1724,113.702
2020-11-22,29.0,24.0,26.1,1.8,1.8,3.23,9.7,16.23,99,78,Jember,-8.1724,113.702
2020-11-23,29.6,24.0,25.9,11.4,11.4,2.89,11.9,14.29,99,75,Jember,-8.1724,113.702
2020-11-24,28.1,24.2,25.8,8.4,8.4,2.88,13.0,14.64,98,80,Jember,-8.1724,113.702
2020-11-25,28.9,24.0,25.9,10.4,10.4,2.91,13.7,14.53,98,78,Jember,-8.1724,113.702
2020-11-26,29.5,24.0,26.0,26.1,26.1,3.13,12.6,15.48,97,77,Jember,-8.1724,113.702
2020-11-27,26.6,23.8,25.1,13.8,13.8,1.66,10.0,8.05,97,87,Jember,-8.1724,113.702
2020-11-28,29.0,23.9,26.1,3.3,3.3,2.94,7.3,14.08,96,76,Jember,-8.1724,113.702
2020-11-29,28.6,24.0,25.9,17.7,17.7,2.56,6.8,12.09,99,78,Jember,-8.1724,113.702
2020-11-30,25.5,24.0,24.6,35.5,35.5,1.07,14.5,4.93,97,89,Jember,-8.1724,113.702
2020-12-01,28.5,23.8,25.9,3.5,3.5,2.84,8.2,13.39,95,73,Jember,-8.1724,113.702
2020-12-02,30.5,23.2,26.5,0.7,0.7,3.11,11.1,14.73,90,65,Jember,-8.1724,113.702
2020-12-03,29.5,24.5,26.5,11.1,11.1,3.54,13.4,17.14,95,72,Jember,-8.1724,113.702
2020-12-04,29.1,24.0,25.5,25.8,25.8,2.47,12.6,12.16,96,80,Jember,-8.1724,113.702
2020-12-05,29.8,23.6,25.9,12.3,12.3,2.76,14.2,13.01,96,72,Jember,-8.1724,113.702
2020-12-06,28.4,23.6,25.9,23.9,23.9,2.68,9.8,12.5,92,71,Jember,-8.1724,113.702
2020-12-07,30.5,24.4,26.5,3.2,3.2,3.29,15.6,14.67,88,66,Jember,-8.1724,113.702
2020-12-08,30.3,23.9,26.8,2.6,2.6,4.34,10.8,20.13,96,64,Jember,-8.1724,113.702
2020-12-09,27.9,23.0,25.7,2.9,2.9,3.11,18.4,15.64,97,80,Jember,-8.1724,113.702
2020-12-10,28.0,24.2,25.7,1.5,1.5,3.27,13.4,15.92,91,76,Jember,-8.1724,113.702
2020-12-11,28.8,23.2,25.4,19.5,19.5,2.91,8.0,14.26,97,72,Jember,-8.1724,113.702
2020-12-12,27.1,24.1,25.1,32.6,32.6,2.0,6.6,9.32,95,77,Jember,-8.1724,113.702
2020-12-13,29.1,23.0,25.2,19.9,19.9,2.66,12.2,12.84,97,70,Jember,-8.1724,113.702
2020-12-14,27.1,24.0,25.0,14.1,14.1,1.77,8.5,8.71,98,83,Jember,-8.1724,113.702
2020-12-15,26.5,23.8,24.9,8.4,8.4,1.85,9.2,9.13,96,88,Jember,-8.1724,113.702
2020-12-16,26.8,24.0,25.0,7.4,7.4,1.85,12.7,9.27,96,86,Jember,-8.1724,113.702
2020-12-17,28.0,24.0,25.7,8.7,8.7,2.76,12.6,13.81,95,79,Jember,-8.1724,113.702
2020-12-18,28.8,23.6,25.6,5.2,5.2,2.84,15.1,14.29,96,77,Jember,-8.1724,113.702
2020-12-19,28.9,23.9,25.4,17.3,17.3,2.43,13.8,11.9,94,75,Jember,-8.1724,113.702
2020-12-20,28.4,24.0,25.8,6.0,6.0,2.91,18.9,13.87,96,73,Jember,-8.1724,113.702
2020-12-21,29.8,23.0,26.5,0.7,0.7,4.54,19.3,22.47,93,66,Jember,-8.1724,113.702
2020-12-22,30.4,23.8,26.8,2.4,2.4,4.39,15.8,21.37,94,66,Jember,-8.1724,113.702
2020-12-23,29.4,23.6,26.5,3.3,3.3,4.28,17.1,21.9,96,69,Jember,-8.1724,113.702
2020-12-24,29.9,23.1,26.2,1.9,1.9,4.16,13.4,21.09,95,75,Jember,-8.1724,113.702
2020-12-25,29.6,23.0,26.1,13.6,13.6,3.73,9.2,18.32,96,74,Jember,-8.1724,113.702
2020-12-26,29.5,23.1,26.3,3.3,3.3,3.7,7.1,18.28,96,67,Jember,-8.1724,113.702
2020-12-27,29.5,24.2,26.6,5.7,5.7,3.63,11.8,17.69,96,69,Jember,-8.1724,113.702
2020-12-28,28.0,24.4,26.0,10.5,10.5,2.95,13.2,15.01,96,81,Jember,-8.1724,113.702
2020-12-29,28.8,24.7,25.8,29.3,29.3,2.92,13.6,14.88,96,80,Jember,-8.1724,113.702
2020-12-30,28.0,23.9,25.3,48.0,48.0,2.18,14.8,10.71,96,83,Jember,-8.1724,113.702
2020-12-31,28.5,24.1,25.7,3.7,3.7,2.25,7.8,10.57,94,74,Jember,-8.1724,113.702
2021-01-01,28.8,23.5,25.6,37.2,37.2,2.88,8.3,13.92,94,74,Jember,-8.1724,113.702
2021-01-02,27.6,23.7,25.5,20.5,20.5,2.3,13.4,11.27,97,83,Jember,-8.1724,113.702
2021-01-03,29.3,23.1,25.9,13.3,13.3,3.16,13.0,15.57,97,73,Jember,-8.1724,113.702
2021-01-04,28.2,24.2,25.8,8.2,8.2,2.5,13.8,12.13,96,78,Jember,-8.1724,113.702
2021-01-05,27.3,24.0,25.3,34.3,34.3,2.19,9.4,10.49,93,75,Jember,-8.1724,113.702
2021-01-06,30.4,23.8,26.4,7.0,7.0,3.72,13.2,17.7,92,66,Jember,-8.1724,113.702
2021-01-07,27.9,23.9,25.6,13.3,13.3,2.33,9.5,11.46,96,80,Jember,-8.1724,113.702
2021-01-08,27.2,24.2,25.5,17.4,17.4,1.57,7.3,6.66,96,79,Jember,-8.1724,113.702
2021-01-09,27.7,23.9,25.5,10.8,10.8,2.27,9.5,11.13,95,80,Jember,-8.1724,113.702
2021-01-10,29.8,23.8,25.7,21.9,21.9,3.02,8.1,14.76,96,73,Jember,-8.1724,113.702
2021-01-11,29.2,23.9,26.2,4.7,4.7,3.28,8.4,15.96,99,73,Jember,-8.1724,113.702
2021-01-12,29.1,23.9,26.0,14.8,14.8,3.02,10.1,14.89,99,80,Jember,-8.1724,113.702
2021-01-13,27.1,24.4,25.2,40.8,40.8,1.18,14.6,5.42,96,90,Jember,-8.1724,113.702
2021-01-14,28.4,24.1,25.7,20.9,20.9,2.8,15.9,14.46,96,83,Jember,-8.1724,113.702
2021-01-15,28.3,23.8,25.3,18.9,18.9,2.66,14.7,13.58,96,84,Jember,-8.1724,113.702
2021-01-16,26.8,24.0,24.9,26.5,26.5,1.42,12.7,6.6,96,87,Jember,-8.1724,113.702
2021-01-17,29.0,23.9,25.6,32.1,32.1,2.83,13.2,14.09,96,75,Jember,-8.1724,113.702
2021-01-18,29.5,23.8,25.4,28.1,28.1,3.03,10.5,14.39,94,71,Jember,-8.1724,113.702
2021-01-19,28.3,24.3,25.9,2.9,2.9,2.02,10.9,8.45,89,66,Jember,-8.1724,113.702
2021-01-20,29.7,24.0,26.9,0.5,0.5,3.25,11.5,15.18,90,71,Jember,-8.1724,113.702
2021-01-21,30.4,22.8,26.7,0.8,0.8,4.53,16.4,22.1,92,66,Jember,-8.1724,113.702
2021-01-22,28.4,23.5,26.0,12.4,12.4,3.13,15.4,15.91,96,78,Jember,-8.1724,113.702
2021-01-23,30.5,22.9,26.1,3.8,3.8,3.36,14.1,16.3,96,67,Jember,-8.1724,113.702
2021-01-24,29.3,23.8,26.4,10.0,10.0,3.3,14.4,16.36,92,73,Jember,-8.1724,113.702
2021-01-25,30.4,21.9,25.4,10.7,10.7,3.36,15.3,16.16,96,64,Jember,-8.1724,113.702
2021-01-26,30.2,22.6,25.8,13.3,13.3,4.26,19.3,21.32,96,63,Jember,-8.1724,113.702
2021-01-27,28.5,23.9,25.6,13.3,13.3,2.34,10.0,11.2,96,77,Jember,-8.1724,113.702
2021-01-28,29.1,23.4,25.7,18.1,18.1,3.83,10.6,19.01,94,69,Jember,-8.1724,113.702
2021-01-29,28.1,23.0,24.9,16.0,16.0,3.18,12.0,15.55,95,71,Jember,-8.1724,113.702
2021-01-30,28.0,23.4,24.9,12.2,12.2,2.52,10.3,12.03,93,73,Jember,-8.1724,113.702
2021-01-31,30.0,23.5,26.1,2.4,2.4,3.82,14.3,18.53,92,69,Jember,-8.1724,113.702
2021-02-01,29.9,23.0,26.2,1.9,1.9,4.0,14.4,19.61,89,72,Jember,-8.1724,113.702
2021-02-02,28.9,23.8,25.8,6.0,6.0,3.18,11.4,15.53,93,69,Jember,-8.1724,113.702
2021-02-03,29.3,23.8,25.6,19.7,19.7,2.93,11.7,14.06,96,73,Jember,-8.1724,113.702
2021-02-04,27.4,23.4,25.2,2.5,2.5,2.18,9.0,10.16,95,77,Jember,-8.1724,113.702
2021-02-05,26.1,23.0,24.5,14.1,14.1,2.57,12.8,12.62,96,77,Jember,-8.1724,113.702
2021-02-06,27.4,23.0,24.8,7.7,7.7,2.85,6.9,14.07,94,77,Jember,-8.1724,113.702
2021-02-07,29.8,23.5,26.2,2.9,2.9,4.49,10.5,21.7,93,63,Jember,-8.1724,113.702
2021-02-08,28.9,23.0,25.2,6.2,6.2,2.56,9.4,11.88,98,71,Jember,-8.1724,113.702
2021-02-09,28.5,22.7,25.5,7.8,7.8,3.21,9.5,15.66,98,69,Jember,-8.1724,113.702
2021-02-10,27.5,23.9,25.2,11.5,11.5,1.92,10.7,9.27,97,83,Jember,-8.1724,113.702
2021-02-11,28.7,24.2,25.4,16.1,16.1,2.21,10.2,10.9,96,80,Jember,-8.1724,113.702
2021-02-12,28.0,24.0,25.6,13.1,13.1,2.89,12.7,15.04,96,83,Jember,-8.1724,113.702
2021-02-13,29.6,23.6,26.0,12.0,12.0,3.47,14.3,17.37,95,75,Jember,-8.1724,113.702
2021-02-14,29.9,23.7,26.0,6.7,6.7,3.89,12.6,19.57,95,72,Jember,-8.1724,113.702
2021-02-15,29.6,23.5,26.0,8.0,8.0,3.61,16.6,18.13,95,73,Jember,-8.1724,113.702
2021-02-16,30.4,23.8,26.8,3.2,3.2,4.44,11.2,22.0,92,66,Jember,-8.1724,113.702
2021-02-17,30.0,23.0,26.2,12.9,12.9,3.8,15.8,19.01,95,72,Jember,-8.1724,113.702
2021-02-18,30.0,22.0,25.7,14.9,14.9,4.46,6.8,22.04,94,66,Jember,-8.1724,113.702
2021-02-19,27.6,23.0,25.1,25.8,25.8,3.04,7.3,14.86,97,79,Jember,-8.1724,113.702
2021-02-20,28.2,23.6,25.5,8.8,8.8,3.08,10.0,15.01,95,70,Jember,-8.1724,113.702
2021-02-21,30.6,23.5,26.9,4.9,4.9,4.6,13.1,22.69,90,69,Jember,-8.1724,113.702
2021-02-22,29.5,23.6,26.3,7.9,7.9,3.9,15.0,19.51,95,75,Jember,-8.1724,113.702
2021-02-23,27.5,24.3,25.5,31.0,31.0,1.96,13.0,9.74,95,85,Jember,-8.1724,113.702
2021-02-24,28.0,23.0,24.9,12.5,12.5,2.71,13.0,13.53,96,75,Jember,-8.1724,113.702
2021-02-25,27.7,23.8,25.7,11.1,11.1,3.4,17.8,16.91,93,77,Jember,-8.1724,113.702
2021-02-26,30.1,23.5,26.0,19.3,19.3,3.6,12.8,17.58,95,62,Jember,-8.1724,113.702
2021-02-27,29.7,23.7,25.6,35.4,35.4,2.94,15.0,14.29,96,70,Jember,-8.1724,113.702
2021-02-28,29.8,23.4,26.1,5.2,5.2,3.05,13.1,14.27,96,66,Jember,-8.1724,113.702
2021-03-01,31.0,22.9,26.8,2.2,2.2,4.32,11.6,21.1,93,66,Jember,-8.1724,113.702
2021-03-02,29.5,23.6,26.4,0.5,0.5,4.12,10.5,19.95,88,70,Jember,-8.1724,113.702
2021-03-03,29.0,23.2,26.2,1.4,1.4,3.98,8.2,19.58,95,72,Jember,-8.1724,113.702
2021-03-04,29.8,22.5,25.9,8.9,8.9,3.24,12.1,15.76,95,69,Jember,-8.1724,113.702
2021-03-05,28.1,24.0,25.9,3.9,3.9,2.81,9.8,13.57,96,75,Jember,-8.1724,113.702
2021-03-06,28.9,23.3,25.6,10.6,10.6,3.67,9.7,18.08,94,71,Jember,-8.1724,113.702
2021-03-07,28.2,23.4,25.4,8.8,8.8,3.44,8.4,17.3,93,75,Jember,-8.1724,113.702
2021-03-08,27.5,23.4,25.0,8.2,8.2,3.31,9.3,16.77,98,75,Jember,-8.1724,113.702
2021-03-09,29.4,23.6,25.6,24.3,24.3,2.99,8.4,14.56,97,72,Jember,-8.1724,113.702
2021-03-10,29.4,23.5,26.0,0.1,0.1,3.53,11.5,17.06,92,67,Jember,-8.1724,113.702
2021-03-11,30.9,24.2,26.8,2.7,2.7,4.03,12.2,19.79,92,67,Jember,-8.1724,113.702
2021-03-12,31.1,24.3,26.8,3.3,3.3,4.31,12.7,20.93,91,64,Jember,-8.1724,113.702
2021-03-13,29.9,23.9,26.0,12.5,12.5,3.6,16.4,18.37,94,75,Jember,-8.1724,113.702
2021-03-14,29.8,23.7,25.7,7.1,7.1,3.35,9.3,16.16,94,68,Jember,-8.1724,113.702
2021-03-15,28.8,22.6,26.2,0.0,0.0,3.66,7.7,18.13,94,72,Jember,-8.1724,113.702
2021-03-16,30.5,23.8,26.4,0.2,0.2,4.09,8.0,20.24,96,66,Jember,-8.1724,113.702
2021-03-17,30.4,23.4,26.2,1.1,1.1,4.15,12.9,20.85,97,70,Jember,-8.1724,113.702
2021-03-18,30.2,24.4,26.6,0.5,0.5,4.18,8.2,20.63,92,69,Jember,-8.1724,113.702
2021-03-19,30.4,23.6,26.1,13.2,13.2,4.13,15.9,20.53,96,71,Jember,-8.1724,113.702
2021-03-20,29.1,24.0,25.8,13.9,13.9,3.03,15.9,15.12,96,83,Jember,-8.1724,113.702
2021-03-21,30.2,23.5,26.4,2.0,2.0,4.39,13.7,21.8,94,67,Jember,-8.1724,113.702
2021-03-22,29.4,23.9,26.4,4.5,4.5,3.17,8.6,15.27,94,70,Jember,-8.1724,113.702
2021-03-23,29.6,24.7,26.3,6.8,6.8,3.08,10.9,15.07,97,72,Jember,-8.1724,113.702
2021-03-24,29.0,24.1,26.0,9.8,9.8,2.85,8.0,13.73,97,74,Jember,-8.1724,113.702
2021-03-25,30.4,24.6,26.6,14.4,14.4,3.73,8.1,18.19,95,70,Jember,-8.1724,113.702
2021-03-26,30.0,24.1,26.5,2.6,2.6,3.71,7.7,18.43,95,74,Jember,-8.1724,113.702
2021-03-27,30.6,24.1,26.6,5.9,5.9,3.76,10.4,18.39,97,69,Jember,-8.1724,113.702
2021-03-28,30.6,23.9,27.0,8.9,8.9,4.03,10.8,19.88,92,72,Jember,-8.1724,113.702
2021-03-29,28.9,24.1,26.1,12.7,12.7,2.99,10.2,14.72,95,78,Jember,-8.1724,113.702
2021-03-30,29.1,23.8,26.3,3.0,3.0,3.51,8.4,17.29,97,76,Jember,-8.1724,113.702
2021-03-31,29.5,24.1,26.2,5.9,5.9,3.3,10.7,16.33,96,74,Jember,-8.1724,113.702
2021-04-01,30.1,23.4,26.1,62.2,62.2,3.92,8.9,19.38,97,69,Jember,-8.1724,113.702
2021-04-02,30.0,24.1,26.7,1.9,1.9,3.12,10.8,14.89,97,74,Jember,-8.1724,113.702
2021-04-03,30.8,24.2,26.6,9.9,9.9,3.7,9.1,18.46,97,74,Jember,-8.1724,113.702
2021-04-04,30.9,23.6,27.2,6.7,6.7,3.84,12.8,18.4,95,68,Jember,-8.1724,113.702
2021-04-05,31.1,23.9,27.5,5.9,5.9,4.12,12.8,19.9,93,63,Jember,-8.1724,113.702
2021-04-06,28.9,25.0,26.8,1.7,1.7,2.56,11.4,11.53,92,67,Jember,-8.1724,113.702
2021-04-07,28.4,24.0,25.9,3.3,3.3,2.51,9.4,11.69,94,75,Jember,-8.1724,113.702
2021-04-08,28.5,24.7,26.6,0.5,0.5,3.11,11.4,14.17,90,70,Jember,-8.1724,113.702
2021-04-09,30.9,25.3,27.6,0.6,0.6,4.39,11.4,20.65,89,62,Jember,-8.1724,113.702
2021-04-10,30.5,24.6,27.2,0.3,0.3,3.52,6.8,16.93,92,64,Jember,-8.1724,113.702
2021-04-11,31.0,23.6,27.0,7.8,7.8,4.19,12.3,20.23,93,69,Jember,-8.1724,113.702
2021-04-12,31.2,25.1,27.7,0.9,0.9,4.43,12.1,21.18,87,65,Jember,-8.1724,113.702
2021-04-13,29.4,23.8,26.0,14.6,14.6,3.04,12.5,15.31,94,76,Jember,-8.1724,113.702
2021-04-14,30.8,23.5,26.6,1.5,1.5,4.34,7.7,21.2,95,62,Jember,-8.1724,113.702
2021-04-15,30.8,23.7,26.5,1.6,1.6,3.84,5.0,18.78,95,66,Jember,-8.1724,113.702
2021-04-16,31.4,23.7,27.1,1.5,1.5,4.4,12.9,21.07,91,60,Jember,-8.1724,113.702
2021-04-17,31.0,22.5,26.7,1.8,1.8,4.25,8.9,20.82,96,64,Jember,-8.1724,113.702
2021-04-18,29.2,23.5,25.6,7.2,7.2,3.01,11.2,15.07,98,77,Jember,-8.1724,113.702
2021-04-19,31.7,22.9,26.5,0.2,0.2,4.49,7.6,21.72,98,53,Jember,-8.1724,113.702
2021-04-20,31.9,22.5,26.3,0.0,0.0,4.82,9.0,23.12,89,46,Jember,-8.1724,113.702
2021-04-21,31.0,22.1,26.3,0.0,0.0,4.26,6.3,20.69,84,52,Jember,-8.1724,113.702
2021-04-22,31.5,22.5,26.4,0.4,0.4,4.65,14.4,21.84,89,52,Jember,-8.1724,113.702
2021-04-23,30.3,22.2,26.2,0.3,0.3,4.46,13.6,21.23,85,60,Jember,-8.1724,113.702
2021-04-24,31.0,22.1,26.6,0.4,0.4,4.59,14.6,22.01,92,58,Jember,-8.1724,113.702
2021-04-25,30.4,23.4,26.8,1.7,1.7,3.78,10.0,18.33,96,59,Jember,-8.1724,113.702
2021-04-26,32.3,21.4,27.3,0.1,0.1,4.82,6.4,23.1,92,51,Jember,-8.1724,113.702
2021-04-27,31.7,23.6,27.2,0.3,0.3,4.29,8.0,19.9,92,53,Jember,-8.1724,113.702
2021-04-28,31.0,23.5,26.9,0.4,0.4,4.13,9.0,19.52,90,53,Jember,-8.1724,113.702
2021-04-29,31.0,23.5,26.9,0.9,0.9,3.76,12.2,17.91,90,58,Jember,-8.1724,113.702
2021-04-30,31.5,23.7,27.0,1.6,1.6,3.85,7.4,18.53,97,60,Jember,-8.1724,113.702
2021-05-01,31.5,23.5,27.3,0.7,0.7,4.09,7.6,19.69,99,64,Jember,-8.1724,113.702
2021-05-02,31.5,21.9,27.0,0.1,0.1,3.87,10.1,18.46,94,58,Jember,-8.1724,113.702
2021-05-03,32.8,23.5,27.7,0.9,0.9,4.33,10.3,19.8,87,54,Jember,-8.1724,113.702
2021-05-04,31.3,23.1,27.3,4.1,4.1,3.94,7.0,18.93,89,60,Jember,-8.1724,113.702
2021-05-05,32.3,23.0,27.7,0.6,0.6,3.99,9.8,18.8,94,55,Jember,-8.1724,113.702
2021-05-06,32.0,23.1,27.2,2.6,2.6,3.95,11.6,18.53,96,59,Jember,-8.1724,113.702
2021-05-07,31.1,24.0,26.9,3.6,3.6,3.51,10.2,16.51,96,62,Jember,-8.1724,113.702
2021-05-08,32.2,23.0,27.1,0.3,0.3,4.51,18.9,21.11,94,50,Jember,-8.1724,113.702
2021-05-09,31.6,22.9,26.8,0.6,0.6,3.94,10.5,18.37,93,56,Jember,-8.1724,113.702
2021-05-10,33.0,22.9,27.3,0.0,0.0,4.21,9.0,19.58,95,48,Jember,-8.1724,113.702
2021-05-11,32.8,23.5,27.8,0.0,0.0,4.43,10.4,19.78,92,52,Jember,-8.1724,113.702
2021-05-12,32.6,23.5,27.6,0.0,0.0,4.7,15.5,20.95,93,51,Jember,-8.1724,113.702
2021-05-13,33.0,22.4,27.5,0.1,0.1,4.5,9.2,20.7,92,48,Jember,-8.1724,113.702
2021-05-14,32.6,23.4,27.8,0.0,0.0,4.57,16.0,20.41,91,52,Jember,-8.1724,113.702
2021-05-15,32.8,22.9,27.4,0.0,0.0,4.69,14.8,20.87,92,50,Jember,-8.1724,113.702
2021-05-16,32.7,22.5,27.2,0.0,0.0,4.56,13.2,20.71,94,49,Jember,-8.1724,113.702
2021-05-17,32.5,22.5,27.4,1.1,1.1,4.22,14.6,19.36,94,48,Jember,-8.1724,113.702
2021-05-18,32.7,23.2,27.4,3.2,3.2,3.87,12.5,17.95,95,54,Jember,-8.1724,113.702
2021-05-19,30.8,23.8,26.4,7.9,7.9,3.36,11.9,16.03,96,63,Jember,-8.1724,113.702
2021-05-20,31.5,23.6,26.7,1.6,1.6,3.62,10.1,17.28,93,64,Jember,-8.1724,113.702
2021-05-21,31.5,23.9,26.8,2.1,2.1,3.51,9.4,16.62,95,65,Jember,-8.1724,113.702
2021-05-22,32.0,23.1,26.9,0.7,0.7,3.99,10.1,18.88,97,54,Jember,-8.1724,113.702
2021-05-23,30.5,23.5,26.8,0.1,0.1,3.75,9.4,18.03,95,55,Jember,-8.1724,113.702
2021-05-24,31.3,23.6,27.2,2.5,2.5,3.53,10.0,16.8,94,61,Jember,-8.1724,113.702
2021-05-25,30.6,24.4,27.1,0.8,0.8,3.14,10.9,14.61,96,65,Jember,-8.1724,113.702
2021-05-26,32.5,23.0,27.8,0.0,0.0,4.09,6.9,19.48,95,52,Jember,-8.1724,113.702
2021-05-27,33.3,23.5,28.2,0.3,0.3,4.27,8.4,19.32,87,49,Jember,-8.1724,113.702
2021-05-28,32.0,24.4,27.4,1.7,1.7,3.43,6.1,16.42,95,54,Jember,-8.1724,113.702
2021-05-29,32.0,24.0,27.0,2.9,2.9,3.64,10.9,17.55,97,62,Jember,-8.1724,113.702
2021-05-30,30.0,24.0,26.8,0.9,0.9,3.41,10.5,16.37,98,69,Jember,-8.1724,113.702
2021-05-31,31.4,24.2,27.0,1.0,1.0,3.77,11.9,17.4,96,57,Jember,-8.1724,113.702
2021-06-01,32.1,23.3,26.9,0.0,0.0,3.99,17.7,18.33,96,56,Jember,-8.1724,113.702
2021-06-02,32.7,22.5,27.1,0.0,0.0,4.25,9.7,20.33,97,42,Jember,-8.1724,113.702
2021-06-03,32.5,21.1,27.3,0.0,0.0,4.16,7.4,19.92,92,47,Jember,-8.1724,113.702
2021-06-04,33.7,22.5,28.2,0.5,0.5,4.19,9.6,18.66,92,47,Jember,-8.1724,113.702
2021-06-05,33.2,24.0,28.2,0.4,0.4,4.08,10.7,19.08,97,49,Jember,-8.1724,113.702
2021-06-06,32.7,23.9,27.7,1.1,1.1,4.12,13.2,18.68,98,51,Jember,-8.1724,113.702
2021-06-07,31.6,23.8,27.3,2.1,2.1,4.03,15.0,17.92,97,56,Jember,-8.1724,113.702
2021-06-08,32.7,23.5,27.4,1.4,1.4,4.02,9.9,18.9,96,50,Jember,-8.1724,113.702
2021-06-09,32.0,23.5,27.3,1.4,1.4,3.49,7.7,16.52,96,54,Jember,-8.1724,113.702
2021-06-10,32.0,23.5,27.4,0.6,0.6,3.63,8.7,17.29,98,53,Jember,-8.1724,113.702
2021-06-11,31.5,23.4,27.1,0.2,0.2,3.59,7.2,16.8,93,60,Jember,-8.1724,113.702
2021-06-12,32.0,23.4,27.6,0.5,0.5,3.93,9.7,18.21,94,51,Jember,-8.1724,113.702
2021-06-13,32.3,23.0,27.8,0.4,0.4,4.05,12.6,18.54,90,50,Jember,-8.1724,113.702
2021-06-14,32.5,24.0,27.7,0.9,0.9,3.76,7.4,17.48,94,48,Jember,-8.1724,113.702
2021-06-15,32.9,23.6,27.3,2.2,2.2,3.53,6.6,16.53,94,50,Jember,-8.1724,113.702
2021-06-16,33.0,23.9,27.1,3.9,3.9,3.75,10.9,17.52,94,52,Jember,-8.1724,113.702
2021-06-17,29.4,23.8,25.7,4.0,4.0,2.75,9.6,13.59,96,73,Jember,-8.1724,113.702
2021-06-18,30.7,23.5,26.3,1.5,1.5,2.93,6.1,14.05,96,63,Jember,-8.1724,113.702
2021-06-19,30.6,24.4,26.5,10.1,10.1,3.26,5.6,15.93,97,62,Jember,-8.1724,113.702
2021-06-20,31.5,23.3,26.9,0.2,0.2,3.82,6.8,18.59,98,53,Jember,-8.1724,113.702
2021-06-21,28.8,23.1,25.4,7.7,7.7,2.91,10.3,14.49,95,71,Jember,-8.1724,113.702
2021-06-22,30.2,23.6,25.9,12.7,12.7,3.26,12.1,16.07,97,65,Jember,-8.1724,113.702
2021-06-23,30.0,23.0,25.7,13.7,13.7,2.68,5.8,13.19,96,71,Jember,-8.1724,113.702
2021-06-24,28.6,23.5,25.5,19.4,19.4,2.72,6.6,13.52,97,74,Jember,-8.1724,113.702
2021-06-25,28.8,22.8,25.7,4.5,4.5,2.6,7.4,13.0,97,72,Jember,-8.1724,113.702
2021-06-26,30.1,23.2,26.1,3.7,3.7,3.02,5.7,15.0,96,71,Jember,-8.1724,113.702
2021-06-27,31.4,23.4,26.9,2.0,2.0,3.58,9.2,17.56,98,61,Jember,-8.1724,113.702
2021-06-28,29.4,23.4,26.0,0.6,0.6,3.07,9.5,14.97,96,63,Jember,-8.1724,113.702
2021-06-29,30.5,22.8,26.2,1.8,1.8,3.27,7.6,16.08,94,66,Jember,-8.1724,113.702
2021-06-30,31.0,21.7,26.4,0.3,0.3,3.7,7.0,18.17,98,57,Jember,-8.1724,113.702
2021-07-01,31.9,22.5,26.3,0.0,0.0,4.21,12.0,20.26,93,50,Jember,-8.1724,113.702
2021-07-02,31.5,22.1,26.2,0.0,0.0,3.93,9.1,19.11,91,50,Jember,-8.1724,113.702
2021-07-03,29.8,22.5,25.7,1.0,1.0,3.45,8.6,16.74,95,60,Jember,-8.1724,113.702
2021-07-04,30.7,21.8,25.6,0.3,0.3,3.78,13.0,18.2,93,56,Jember,-8.1724,113.702
2021-07-05,30.0,20.8,25.1,0.0,0.0,3.86,11.5,17.99,94,53,Jember,-8.1724,113.702
2021-07-06,29.4,19.9,24.6,0.2,0.2,3.5,11.2,16.46,87,53,Jember,-8.1724,113.702
2021-07-07,31.2,21.2,25.7,0.1,0.1,4.09,10.2,19.89,88,51,Jember,-8.1724,113.702
2021-07-08,27.8,22.8,25.4,1.7,1.7,1.65,6.5,7.32,94,70,Jember,-8.1724,113.702
2021-07-09,30.8,23.1,26.3,1.0,1.0,3.48,9.8,16.97,98,60,Jember,-8.1724,113.702
2021-07-10,30.9,23.5,26.8,8.0,8.0,2.99,9.8,14.09,94,61,Jember,-8.1724,113.702
2021-07-11,33.3,24.1,27.9,0.0,0.0,4.3,6.9,20.3,94,39,Jember,-8.1724,113.702
2021-07-12,32.4,23.6,27.5,0.1,0.1,3.97,6.9,18.91,95,50,Jember,-8.1724,113.702
2021-07-13,31.1,22.0,26.0,0.4,0.4,3.89,10.5,18.58,96,53,Jember,-8.1724,113.702
2021-07-14,31.5,21.1,25.8,0.0,0.0,4.37,15.6,19.61,96,49,Jember,-8.1724,113.702
2021-07-15,30.0,21.2,25.3,0.2,0.2,3.79,14.0,16.5,90,50,Jember,-8.1724,113.702
2021-07-16,31.2,21.0,25.8,0.0,0.0,3.93,13.4,17.66,92,47,Jember,-8.1724,113.702
2021-07-17,31.6,21.5,26.0,0.3,0.3,3.92,9.8,18.0,95,50,Jember,-8.1724,113.702
2021-07-18,31.8,21.0,25.9,0.0,0.0,3.17,8.1,13.88,93,47,Jember,-8.1724,113.702
2021-07-19,31.7,21.1,26.4,0.1,0.1,4.11,12.6,18.96,97,51,Jember,-8.1724,113.702
2021-07-20,32.5,24.1,27.7,0.1,0.1,4.5,15.5,20.49,85,46,Jember,-8.1724,113.702
2021-07-21,32.7,23.1,27.2,0.0,0.0,4.24,8.9,19.8,96,44,Jember,-8.1724,113.702
2021-07-22,32.8,20.6,26.7,0.0,0.0,4.25,11.2,18.79,96,45,Jember,-8.1724,113.702
2021-07-23,32.2,22.6,26.9,0.1,0.1,3.67,11.4,15.94,92,47,Jember,-8.1724,113.702
2021-07-24,32.8,20.5,26.2,0.0,0.0,4.68,9.2,21.91,89,40,Jember,-8.1724,113.702
2021-07-25,32.7,19.9,25.5,0.0,0.0,4.47,9.0,20.8,96,41,Jember,-8.1724,113.702
2021-07-26,32.0,18.9,25.3,0.0,0.0,4.76,15.6,21.99,100,42,Jember,-8.1724,113.702
2021-07-27,32.3,19.4,25.5,0.0,0.0,4.23,13.0,19.68,99,46,Jember,-8.1724,113.702
2021-07-28,32.2,20.9,25.9,0.0,0.0,3.97,9.4,17.79,95,39,Jember,-8.1724,113.702
2021-07-29,32.5,21.3,26.3,0.5,0.5,3.79,10.0,16.62,93,44,Jember,-8.1724,113.702
2021-07-30,31.9,22.8,26.4,2.2,2.2,3.69,9.1,17.08,98,49,Jember,-8.1724,113.702
2021-07-31,32.5,22.1,26.3,0.7,0.7,4.06,11.8,18.54,97,46,Jember,-8.1724,113.702
2021-08-01,30.4,21.9,25.8,2.8,2.8,3.47,10.2,16.11,94,54,Jember,-8.1724,113.702
2021-08-02,28.8,22.6,25.2,9.9,9.9,2.65,11.5,12.62,92,68,Jember,-8.1724,113.702
2021-08-03,30.6,23.0,26.1,0.9,0.9,3.51,12.2,16.34,96,60,Jember,-8.1724,113.702
2021-08-04,31.5,23.4,26.6,1.6,1.6,3.68,13.5,17.13,97,54,Jember,-8.1724,113.702
2021-08-05,32.2,22.8,26.9,0.2,0.2,4.09,9.4,19.13,95,49,Jember,-8.1724,113.702
2021-08-06,32.9,22.9,27.7,0.0,0.0,4.34,7.4,20.17,95,46,Jember,-8.1724,113.702
2021-08-07,33.5,24.0,27.9,0.3,0.3,4.4,7.9,20.66,89,44,Jember,-8.1724,113.702
2021-08-08,33.0,22.9,27.6,1.2,1.2,4.26,7.0,19.67,95,49,Jember,-8.1724,113.702
2021-08-09,32.0,23.2,27.4,0.3,0.3,4.01,6.9,18.68,98,50,Jember,-8.1724,113.702
2021-08-10,31.1,22.1,26.2,1.9,1.9,4.08,10.6,19.13,96,49,Jember,-8.1724,113.702
2021-08-11,31.8,21.4,25.8,0.7,0.7,4.53,14.0,20.73,94,45,Jember,-8.1724,113.702
2021-08-12,30.6,22.4,25.9,3.0,3.0,3.49,13.4,15.94,93,58,Jember,-8.1724,113.702
2021-08-13,31.5,22.0,26.0,10.0,10.0,3.23,14.5,14.85,96,56,Jember,-8.1724,113.702
2021-08-14,31.0,22.9,26.5,0.7,0.7,3.85,9.6,18.4,96,60,Jember,-8.1724,113.702
2021-08-15,32.7,22.7,26.7,0.2,0.2,4.45,10.1,21.36,96,51,Jember,-8.1724,113.702
2021-08-16,31.2,22.7,26.5,0.0,0.0,4.38,12.1,20.5,95,55,Jember,-8.1724,113.702
2021-08-17,30.7,22.7,26.3,0.6,0.6,3.98,10.6,18.76,96,57,Jember,-8.1724,113.702
2021-08-18,31.0,23.5,26.3,1.3,1.3,3.65,8.4,17.11,94,53,Jember,-8.1724,113.702
2021-08-19,31.0,23.1,26.1,0.3,0.3,4.04,19.1,18.29,95,50,Jember,-8.1724,113.702
2021-08-20,30.0,23.0,25.6,3.6,3.6,2.82,10.5,13.05,94,62,Jember,-8.1724,113.702
2021-08-21,30.0,22.5,25.6,4.5,4.5,3.75,12.7,18.17,95,66,Jember,-8.1724,113.702
2021-08-22,31.5,22.3,26.1,0.5,0.5,4.26,10.4,19.91,94,50,Jember,-8.1724,113.702
2021-08-23,31.4,21.1,25.7,0.8,0.8,4.19,12.6,20.07,92,47,Jember,-8.1724,113.702
2021-08-24,31.0,21.4,25.7,0.4,0.4,3.72,11.6,16.8,95,47,Jember,-8.1724,113.702
2021-08-25,31.2,21.8,25.7,0.3,0.3,3.98,9.7,17.96,95,47,Jember,-8.1724,113.702
2021-08-26,32.0,21.1,25.5,0.9,0.9,4.6,17.8,21.07,95,40,Jember,-8.1724,113.702
2021-08-27,30.9,20.8,25.8,0.4,0.4,4.3,15.1,19.74,89,48,Jember,-8.1724,113.702
2021-08-28,31.8,22.5,26.3,0.5,0.5,4.23,12.0,19.02,95,47,Jember,-8.1724,113.702
2021-08-29,31.1,22.0,25.8,3.9,3.9,3.7,10.8,17.23,96,56,Jember,-8.1724,113.702
2021-08-30,32.8,23.0,27.1,1.3,1.3,4.4,10.6,20.07,94,50,Jember,-8.1724,113.702
2021-08-31,32.3,23.1,26.9,0.2,0.2,4.12,6.1,19.32,96,50,Jember,-8.1724,113.702
2021-09-01,33.3,21.1,26.6,0.0,0.0,4.78,12.8,21.36,96,42,Jember,-8.1724,113.702
2021-09-02,32.2,20.9,26.1,0.7,0.7,4.04,16.8,17.47,93,41,Jember,-8.1724,113.702
2021-09-03,30.0,23.0,26.1,1.4,1.4,3.44,12.0,14.85,92,53,Jember,-8.1724,113.702
2021-09-04,29.4,22.2,25.5,5.5,5.5,3.49,12.2,16.23,96,59,Jember,-8.1724,113.702
2021-09-05,31.0,22.1,25.9,1.5,1.5,3.1,7.6,14.17,94,52,Jember,-8.1724,113.702
2021-09-06,32.5,21.7,26.6,1.8,1.8,4.44,9.9,20.66,96,48,Jember,-8.1724,113.702
2021-09-07,31.4,23.0,26.4,2.6,2.6,4.04,9.1,19.39,96,58,Jember,-8.1724,113.702
2021-09-08,31.9,23.0,26.6,1.9,1.9,4.76,16.5,21.76,88,49,Jember,-8.1724,113.702
2021-09-09,32.7,21.0,26.1,0.9,0.9,4.73,10.2,21.9,91,43,Jember,-8.1724,113.702
2021-09-10,32.0,22.8,26.5,3.2,3.2,4.2,10.8,19.65,96,55,Jember,-8.1724,113.702
2021-09-11,30.7,23.5,26.1,12.3,12.3,2.95,6.5,13.79,97,59,Jember,-8.1724,113.702
2021-09-12,27.0,23.6,25.0,15.2,15.2,1.88,5.8,9.05,99,81,Jember,-8.1724,113.702
2021-09-13,32.0,23.0,26.8,0.9,0.9,3.87,10.0,18.08,98,52,Jember,-8.1724,113.702
2021-09-14,30.5,24.0,26.6,13.8,13.8,3.89,6.2,18.81,97,61,Jember,-8.1724,113.702
2021-09-15,32.2,23.2,26.9,0.3,0.3,4.45,11.1,21.11,98,55,Jember,-8.1724,113.702
2021-09-16,31.2,23.6,26.6,4.8,4.8,4.21,9.4,20.47,97,59,Jember,-8.1724,113.702
2021-09-17,31.8,23.6,26.8,0.8,0.8,4.35,11.3,20.68,99,56,Jember,-8.1724,113.702
2021-09-18,31.3,23.0,26.5,0.1,0.1,4.41,12.5,21.14,95,59,Jember,-8.1724,113.702
2021-09-19,31.5,22.8,26.2,1.5,1.5,4.55,12.1,21.57,92,51,Jember,-8.1724,113.702
2021-09-20,30.2,22.4,25.8,8.2,8.2,4.01,12.8,19.47,96,62,Jember,-8.1724,113.702
2021-09-21,29.0,22.8,25.5,7.2,7.2,2.34,7.2,10.95,96,73,Jember,-8.1724,113.702
2021-09-22,32.0,22.2,26.6,1.3,1.3,4.67,8.3,22.33,96,52,Jember,-8.1724,113.702
2021-09-23,32.0,23.6,27.1,1.3,1.3,4.53,14.9,20.64,96,54,Jember,-8.1724,113.702
2021-09-24,30.6,23.5,26.1,2.4,2.4,3.43,7.2,16.23,98,65,Jember,-8.1724,113.702
2021-09-25,30.9,23.4,26.7,2.3,2.3,4.46,12.6,21.19,98,61,Jember,-8.1724,113.702
2021-09-26,31.4,23.7,26.4,8.5,8.5,3.75,8.9,17.77,94,61,Jember,-8.1724,113.702
2021-09-27,31.6,22.0,26.4,0.0,0.0,4.78,10.3,22.55,90,52,Jember,-8.1724,113.702
2021-09-28,30.4,22.0,25.9,2.2,2.2,3.57,15.2,16.51,93,54,Jember,-8.1724,113.702
2021-09-29,31.9,20.8,26.2,1.3,1.3,4.55,9.5,21.57,96,53,Jember,-8.1724,113.702
2021-09-30,30.6,22.9,26.4,1.8,1.8,4.02,9.8,18.91,98,61,Jember,-8.1724,113.702
2021-10-01,30.4,22.6,26.0,3.8,3.8,4.34,18.8,20.21,99,62,Jember,-8.1724,113.702
2021-10-02,31.9,22.9,26.2,1.0,1.0,4.77,18.4,22.51,99,54,Jember,-8.1724,113.702
2021-10-03,29.7,23.5,25.9,11.8,11.8,3.95,13.4,18.94,95,64,Jember,-8.1724,113.702
2021-10-04,29.4,22.8,25.5,2.2,2.2,3.98,14.5,19.32,92,65,Jember,-8.1724,113.702
2021-10-05,28.8,23.1,25.3,5.6,5.6,3.38,12.2,16.02,95,67,Jember,-8.1724,113.702
2021-10-06,28.1,22.5,24.7,2.3,2.3,2.79,11.5,12.43,92,63,Jember,-8.1724,113.702
2021-10-07,30.2,21.0,25.1,0.5,0.5,4.22,16.5,19.94,91,59,Jember,-8.1724,113.702
2021-10-08,31.2,22.2,26.1,0.7,0.7,4.43,15.8,20.7,94,53,Jember,-8.1724,113.702
2021-10-09,31.4,23.6,26.5,2.0,2.0,4.25,10.6,19.83,94,54,Jember,-8.1724,113.702
2021-10-10,31.6,23.2,26.6,1.1,1.1,4.29,14.7,19.5,96,57,Jember,-8.1724,113.702
2021-10-11,32.2,22.7,26.3,0.0,0.0,4.67,20.9,21.1,95,52,Jember,-8.1724,113.702
2021-10-12,32.8,22.6,26.8,0.1,0.1,5.44,13.7,24.97,93,47,Jember,-8.1724,113.702
2021-10-13,34.0,22.4,26.9,0.0,0.0,5.55,24.3,24.31,95,42,Jember,-8.1724,113.702
2021-10-14,33.4,23.5,27.3,0.0,0.0,5.57,22.7,24.53,88,45,Jember,-8.1724,113.702
2021-10-15,33.5,22.2,27.4,1.6,1.6,5.34,16.9,23.4,93,48,Jember,-8.1724,113.702
2021-10-16,33.6,24.9,28.1,2.2,2.2,5.03,17.2,21.37,87,50,Jember,-8.1724,113.702
2021-10-17,32.6,24.4,27.3,11.0,11.0,3.82,14.1,17.4,94,54,Jember,-8.1724,113.702
2021-10-18,34.2,24.0,27.2,2.2,2.2,4.46,12.6,20.91,96,50,Jember,-8.1724,113.702
2021-10-19,31.5,23.9,27.1,4.4,4.4,4.26,14.1,20.18,93,64,Jember,-8.1724,113.702
2021-10-20,32.3,24.1,27.1,4.7,4.7,4.29,11.4,20.05,93,60,Jember,-8.1724,113.702
2021-10-21,33.0,24.1,27.2,7.6,7.6,4.79,12.3,22.86,96,60,Jember,-8.1724,113.702
2021-10-22,32.0,24.1,27.2,5.0,5.0,4.54,13.9,21.3,91,59,Jember,-8.1724,113.702
2021-10-23,32.7,23.9,27.5,1.1,1.1,4.7,17.4,21.28,93,59,Jember,-8.1724,113.702
2021-10-24,32.5,23.8,27.4,0.0,0.0,4.89,18.4,22.15,90,55,Jember,-8.1724,113.702
2021-10-25,33.5,23.6,27.5,1.4,1.4,5.18,16.7,23.58,92,51,Jember,-8.1724,113.702
2021-10-26,32.8,24.5,27.3,6.9,6.9,4.53,15.3,21.27,94,55,Jember,-8.1724,113.702
2021-10-27,31.8,23.4,26.5,5.7,5.7,3.4,6.6,16.08,97,64,Jember,-8.1724,113.702
2021-10-28,30.7,23.5,26.3,15.0,15.0,3.64,10.2,17.81,98,71,Jember,-8.1724,113.702
2021-10-29,30.2,23.4,25.8,13.4,13.4,3.18,13.3,15.64,98,72,Jember,-8.1724,113.702
2021-10-30,30.4,23.1,25.7,8.9,8.9,2.91,10.8,13.83,98,71,Jember,-8.1724,113.702
2021-10-31,31.8,23.3,26.2,23.9,23.9,3.98,10.4,19.37,95,64,Jember,-8.1724,113.702
2021-11-01,28.4,23.0,25.3,5.0,5.0,2.79,9.3,13.63,97,79,Jember,-8.1724,113.702
2021-11-02,29.1,23.3,25.4,22.0,22.0,3.04,11.6,15.27,98,76,Jember,-8.1724,113.702
2021-11-03,31.5,23.1,26.3,10.1,10.1,4.24,10.5,20.58,96,66,Jember,-8.1724,113.702
2021-11-04,29.5,23.5,25.6,26.8,26.8,2.63,11.5,12.77,97,79,Jember,-8.1724,113.702
2021-11-05,30.9,23.6,26.8,10.2,10.2,3.72,11.6,17.63,98,62,Jember,-8.1724,113.702
2021-11-06,31.1,24.0,26.9,9.3,9.3,4.08,7.1,19.37,98,66,Jember,-8.1724,113.702
2021-11-07,31.8,24.1,27.0,1.9,1.9,4.7,9.4,22.66,100,62,Jember,-8.1724,113.702
2021-11-08,29.6,24.1,26.3,3.8,3.8,3.44,11.3,17.03,99,73,Jember,-8.1724,113.702
2021-11-09,30.9,24.6,26.6,15.1,15.1,3.17,9.9,15.2,96,74,Jember,-8.1724,113.702
2021-11-10,29.4,23.4,25.6,24.5,24.5,2.71,13.9,13.32,98,75,Jember,-8.1724,113.702
2021-11-11,27.0,23.8,25.0,16.6,16.6,1.93,13.9,9.32,98,83,Jember,-8.1724,113.702
2021-11-12,28.9,23.8,25.9,4.3,4.3,2.92,12.4,13.83,93,73,Jember,-8.1724,113.702
2021-11-13,29.4,23.8,26.0,14.4,14.4,3.03,11.5,14.76,95,75,Jember,-8.1724,113.702
2021-11-14,28.0,23.5,25.7,2.3,2.3,2.71,6.6,13.26,96,77,Jember,-8.1724,113.702
2021-11-15,29.3,23.6,25.8,5.8,5.8,3.4,11.0,16.44,96,74,Jember,-8.1724,113.702
2021-11-16,29.1,22.9,25.8,4.6,4.6,2.65,9.0,12.63,98,75,Jember,-8.1724,113.702
2021-11-17,31.1,23.4,26.7,6.4,6.4,3.84,8.9,18.39,97,64,Jember,-8.1724,113.702
2021-11-18,31.3,23.0,26.1,22.2,22.2,3.93,8.3,18.96,97,68,Jember,-8.1724,113.702
2021-11-19,31.0,23.4,25.9,43.8,43.8,3.86,15.1,19.11,99,71,Jember,-8.1724,113.702
2021-11-20,27.0,23.2,24.5,13.5,13.5,1.74,8.1,8.54,99,83,Jember,-8.1724,113.702
2021-11-21,29.3,23.3,26.3,0.7,0.7,3.46,7.4,16.99,93,75,Jember,-8.1724,113.702
2021-11-22,30.5,24.0,27.1,1.1,1.1,4.32,8.2,21.03,91,65,Jember,-8.1724,113.702
2021-11-23,29.5,23.4,26.0,15.2,15.2,3.81,6.6,19.01,98,75,Jember,-8.1724,113.702
2021-11-24,30.0,23.9,26.3,3.7,3.7,3.4,13.7,16.73,96,75,Jember,-8.1724,113.702
2021-11-25,29.2,23.0,25.7,12.4,12.4,3.0,13.0,15.21,97,77,Jember,-8.1724,113.702
2021-11-26,28.4,24.2,25.8,19.2,19.2,2.79,12.5,14.16,98,82,Jember,-8.1724,113.702
2021-11-27,27.9,23.9,25.8,17.0,17.0,2.88,8.6,14.24,98,81,Jember,-8.1724,113.702
2021-11-28,28.1,23.7,25.2,20.5,20.5,2.31,12.4,10.77,97,77,Jember,-8.1724,113.702
2021-11-29,29.9,23.5,25.7,14.5,14.5,3.63,11.4,17.43,94,66,Jember,-8.1724,113.702
2021-11-30,29.5,23.3,25.5,8.2,8.2,2.66,10.2,12.89,96,74,Jember,-8.1724,113.702
2021-12-01,26.5,23.5,24.9,18.4,18.4,1.76,14.2,8.72,97,86,Jember,-8.1724,113.702
2021-12-02,29.3,23.8,26.0,8.5,8.5,3.48,12.9,17.41,98,76,Jember,-8.1724,113.702
2021-12-03,29.4,23.2,25.8,20.9,20.9,3.55,11.5,17.87,97,78,Jember,-8.1724,113.702
2021-12-04,29.4,24.0,25.7,7.9,7.9,3.36,9.0,16.65,97,73,Jember,-8.1724,113.702
2021-12-05,29.4,23.8,25.7,20.0,20.0,3.09,9.1,15.19,96,74,Jember,-8.1724,113.702
2021-12-06,27.4,24.0,25.7,20.1,20.1,1.78,11.6,8.37,95,84,Jember,-8.1724,113.702
2021-12-07,30.9,23.5,26.8,9.9,9.9,4.28,10.3,20.3,93,69,Jember,-8.1724,113.702
2021-12-08,31.4,23.8,26.7,7.4,7.4,4.29,7.6,20.79,96,65,Jember,-8.1724,113.702
2021-12-09,30.8,23.8,27.0,2.2,2.2,4.87,15.9,23.71,95,66,Jember,-8.1724,113.702
2021-12-10,30.5,22.8,26.3,9.0,9.0,4.26,13.2,21.38,97,74,Jember,-8.1724,113.702
2021-12-11,30.0,23.6,26.4,10.6,10.6,3.57,15.1,17.9,96,73,Jember,-8.1724,113.702
2021-12-12,31.0,24.2,26.4,8.5,8.5,4.14,17.7,20.64,95,64,Jember,-8.1724,113.702
2021-12-13,30.8,23.7,27.0,1.9,1.9,5.01,16.4,24.63,96,66,Jember,-8.1724,113.702
2021-12-14,30.0,24.4,26.3,13.5,13.5,3.4,14.9,17.0,95,74,Jember,-8.1724,113.702
2021-12-15,27.9,23.8,25.2,76.3,76.3,2.22,12.8,11.12,99,82,Jember,-8.1724,113.702
2021-12-16,30.3,23.8,26.1,4.1,4.1,3.31,6.8,16.15,98,72,Jember,-8.1724,113.702
2021-12-17,30.2,23.4,26.5,11.4,11.4,3.64,11.1,17.97,98,75,Jember,-8.1724,113.702
2021-12-18,30.9,23.4,26.2,10.4,10.4,3.97,10.9,19.59,98,72,Jember,-8.1724,113.702
2021-12-19,30.8,23.2,26.6,5.0,5.0,3.7,7.9,17.98,98,72,Jember,-8.1724,113.702
2021-12-20,28.5,24.0,25.6,28.2,28.2,3.11,9.6,15.45,98,79,Jember,-8.1724,113.702
2021-12-21,30.5,24.0,26.4,4.5,4.5,3.49,19.8,17.21,96,70,Jember,-8.1724,113.702
2021-12-22,28.9,23.6,26.3,0.0,0.0,2.54,5.6,11.71,94,73,Jember,-8.1724,113.702
2021-12-23,29.4,23.6,25.8,10.0,10.0,3.64,8.7,18.18,95,79,Jember,-8.1724,113.702
2021-12-24,30.8,22.4,26.1,0.8,0.8,4.56,16.2,22.58,96,68,Jember,-8.1724,113.702
2021-12-25,31.1,24.0,27.3,2.8,2.8,4.26,13.9,20.78,94,70,Jember,-8.1724,113.702
2021-12-26,29.7,24.5,26.4,4.2,4.2,3.41,16.3,17.15,95,75,Jember,-8.1724,113.702
2021-12-27,30.2,24.5,26.6,6.7,6.7,4.26,15.9,21.97,95,77,Jember,-8.1724,113.702
2021-12-28,30.2,24.0,26.2,8.0,8.0,3.79,14.4,19.09,95,74,Jember,-8.1724,113.702
2021-12-29,29.9,23.5,26.5,3.0,3.0,4.3,13.7,21.95,95,76,Jember,-8.1724,113.702
2021-12-30,28.5,23.2,25.7,9.1,9.1,3.23,13.4,16.6,95,80,Jember,-8.1724,113.702
2021-12-31,29.0,23.1,25.7,3.4,3.4,3.49,14.6,17.87,96,75,Jember,-8.1724,113.702
2022-01-01,30.2,23.0,25.8,2.2,2.2,4.09,10.2,20.33,94,65,Jember,-8.1724,113.702
2022-01-02,28.7,23.0,25.3,11.9,11.9,3.12,11.0,15.96,98,80,Jember,-8.1724,113.702
2022-01-03,28.5,23.4,25.7,2.4,2.4,2.7,11.9,12.57,97,70,Jember,-8.1724,113.702
2022-01-04,29.1,23.6,26.1,2.6,2.6,3.2,10.2,15.16,88,67,Jember,-8.1724,113.702
2022-01-05,28.9,23.8,26.1,7.4,7.4,2.81,10.1,13.64,88,70,Jember,-8.1724,113.702
2022-01-06,30.3,22.6,26.7,1.0,1.0,4.52,9.4,21.83,88,62,Jember,-8.1724,113.702
2022-01-07,30.1,22.8,26.3,6.4,6.4,3.99,14.5,19.84,94,69,Jember,-8.1724,113.702
2022-01-08,30.5,21.8,26.4,0.0,0.0,4.8,12.9,23.35,94,59,Jember,-8.1724,113.702
2022-01-09,30.1,24.2,26.2,25.4,25.4,4.02,12.7,19.52,94,67,Jember,-8.1724,113.702
2022-01-10,29.3,23.1,25.5,6.2,6.2,3.85,8.6,19.4,97,69,Jember,-8.1724,113.702
2022-01-11,27.0,23.2,24.9,14.7,14.7,2.51,8.8,12.45,96,80,Jember,-8.1724,113.702
2022-01-12,29.5,23.6,26.2,1.3,1.3,3.69,14.5,18.0,94,68,Jember,-8.1724,113.702
2022-01-13,30.4,23.0,26.3,1.3,1.3,3.64,7.6,17.73,95,68,Jember,-8.1724,113.702
2022-01-14,31.1,23.1,26.7,9.4,9.4,4.61,7.5,22.51,96,66,Jember,-8.1724,113.702
2022-01-15,30.0,24.2,26.2,23.3,23.3,3.52,16.9,17.51,93,70,Jember,-8.1724,113.702
2022-01-16,30.9,24.0,26.7,4.0,4.0,4.14,11.1,19.83,91,64,Jember,-8.1724,113.702
2022-01-17,30.6,23.5,26.2,7.6,7.6,4.34,7.6,21.22,93,64,Jember,-8.1724,113.702
2022-01-18,28.0,23.4,25.2,5.0,5.0,2.72,10.9,13.33,96,73,Jember,-8.1724,113.702
2022-01-19,29.5,22.9,25.1,16.5,16.5,3.67,16.7,18.85,95,75,Jember,-8.1724,113.702
2022-01-20,28.5,22.8,25.0,43.9,43.9,2.3,13.8,11.25,96,79,Jember,-8.1724,113.702
2022-01-21,30.1,23.4,25.8,11.9,11.9,4.13,16.5,20.7,96,68,Jember,-8.1724,113.702
2022-01-22,30.0,23.2,25.6,18.7,18.7,3.36,16.4,17.07,97,73,Jember,-8.1724,113.702
2022-01-23,29.6,23.6,26.2,7.0,7.0,4.09,16.9,20.92,96,72,Jember,-8.1724,113.702
2022-01-24,31.1,23.9,27.3,0.0,0.0,5.4,18.3,26.22,95,60,Jember,-8.1724,113.702
2022-01-25,30.8,23.6,26.4,15.4,15.4,4.76,9.0,23.43,93,64,Jember,-8.1724,113.702
2022-01-26,29.4,23.6,26.2,4.5,4.5,4.02,8.5,20.12,93,70,Jember,-8.1724,113.702
2022-01-27,29.8,23.4,26.1,5.1,5.1,3.56,15.0,17.81,95,71,Jember,-8.1724,113.702
2022-01-28,28.7,23.5,25.5,16.1,16.1,2.9,13.0,14.61,96,73,Jember,-8.1724,113.702
2022-01-29,29.7,23.5,26.0,18.8,18.8,3.31,9.8,15.8,93,71,Jember,-8.1724,113.702
2022-01-30,30.2,23.5,25.9,18.0,18.0,3.62,12.1,18.11,94,74,Jember,-8.1724,113.702
2022-01-31,30.4,23.1,26.1,3.6,3.6,4.36,14.2,21.99,93,67,Jember,-8.1724,113.702
2022-02-01,30.4,23.1,26.2,7.7,7.7,4.46,11.9,21.82,94,63,Jember,-8.1724,113.702
2022-02-02,31.0,23.0,26.7,1.4,1.4,5.05,11.2,24.74,89,65,Jember,-8.1724,113.702
2022-02-03,32.5,22.5,26.9,3.9,3.9,5.17,12.2,25.01,94,57,Jember,-8.1724,113.702
2022-02-04,30.7,22.6,25.9,36.1,36.1,4.11,13.5,20.63,98,73,Jember,-8.1724,113.702
2022-02-05,29.0,23.2,25.4,33.5,33.5,3.06,12.8,15.47,94,83,Jember,-8.1724,113.702
2022-02-06,29.8,23.2,26.0,4.4,4.4,3.87,9.0,19.3,95,70,Jember,-8.1724,113.702
2022-02-07,29.6,24.4,26.6,2.2,2.2,3.89,15.6,18.7,88,73,Jember,-8.1724,113.702
2022-02-08,30.0,24.0,26.7,2.8,2.8,4.53,15.8,21.89,90,68,Jember,-8.1724,113.702
2022-02-09,30.1,24.0,26.3,17.1,17.1,3.64,8.8,18.15,94,75,Jember,-8.1724,113.702
2022-02-10,30.1,24.0,26.4,5.7,5.7,2.89,10.8,13.08,94,64,Jember,-8.1724,113.702
2022-02-11,29.9,23.5,26.3,3.0,3.0,3.29,8.8,15.47,91,66,Jember,-8.1724,113.702
2022-02-12,30.4,24.0,26.7,0.2,0.2,3.41,14.2,15.52,86,67,Jember,-8.1724,113.702
2022-02-13,30.0,24.1,26.4,1.4,1.4,3.45,8.8,16.42,94,68,Jember,-8.1724,113.702
2022-02-14,28.1,23.1,25.2,25.9,25.9,2.44,10.0,11.94,97,78,Jember,-8.1724,113.702
2022-02-15,28.2,22.9,24.8,19.6,19.6,2.53,12.8,12.92,98,82,Jember,-8.1724,113.702
2022-02-16,29.8,22.5,26.0,5.6,5.6,4.25,12.0,21.43,97,76,Jember,-8.1724,113.702
2022-02-17,30.4,23.2,26.6,7.3,7.3,3.99,17.3,19.68,95,67,Jember,-8.1724,113.702
2022-02-18,29.1,23.1,26.0,0.2,0.2,4.27,12.8,21.9,97,75,Jember,-8.1724,113.702
2022-02-19,30.2,24.2,26.5,12.7,12.7,4.41,9.6,22.18,96,74,Jember,-8.1724,113.702
2022-02-20,29.1,23.6,25.6,16.7,16.7,3.36,12.3,17.21,98,79,Jember,-8.1724,113.702
2022-02-21,28.5,22.6,25.4,16.8,16.8,2.7,12.5,12.84,96,76,Jember,-8.1724,113.702
2022-02-22,28.4,22.9,25.5,8.4,8.4,4.15,15.2,21.7,96,83,Jember,-8.1724,113.702
2022-02-23,30.0,22.1,25.5,6.3,6.3,3.94,15.0,19.99,96,74,Jember,-8.1724,113.702
2022-02-24,29.6,21.6,25.2,7.3,7.3,4.03,17.7,20.86,94,73,Jember,-8.1724,113.702
2022-02-25,28.6,22.8,25.3,9.4,9.4,3.47,8.0,17.22,96,75,Jember,-8.1724,113.702
2022-02-26,29.0,22.8,25.4,1.5,1.5,3.73,7.0,18.69,96,72,Jember,-8.1724,113.702
2022-02-27,28.8,23.2,25.9,0.9,0.9,2.63,10.8,12.21,88,68,Jember,-8.1724,113.702
2022-02-28,29.3,24.5,26.4,3.6,3.6,4.02,16.6,19.16,88,75,Jember,-8.1724,113.702
2022-03-01,28.5,24.1,25.7,9.7,9.7,3.14,19.6,15.02,95,79,Jember,-8.1724,113.702
2022-03-02,29.4,24.1,26.0,0.7,0.7,4.05,11.2,19.9,94,64,Jember,-8.1724,113.702
2022-03-03,27.8,23.9,25.8,13.2,13.2,3.66,12.6,17.99,94,79,Jember,-8.1724,113.702
2022-03-04,29.3,23.8,25.7,16.7,16.7,3.33,11.2,16.74,96,74,Jember,-8.1724,113.702
2022-03-05,30.8,23.5,26.8,2.8,2.8,4.24,16.8,20.22,96,68,Jember,-8.1724,113.702
2022-03-06,29.5,24.1,26.3,6.7,6.7,3.55,13.6,17.94,93,76,Jember,-8.1724,113.702
2022-03-07,29.4,23.7,25.5,27.4,27.4,2.53,9.5,12.19,97,78,Jember,-8.1724,113.702
2022-03-08,30.5,22.6,25.6,13.9,13.9,3.78,12.6,18.84,98,71,Jember,-8.1724,113.702
2022-03-09,29.5,23.1,25.7,22.0,22.0,3.76,9.8,18.68,98,76,Jember,-8.1724,113.702
2022-03-10,29.2,23.5,25.6,13.9,13.9,3.06,12.2,15.2,98,77,Jember,-8.1724,113.702
2022-03-11,29.5,23.3,25.9,19.3,19.3,3.55,11.5,17.74,96,77,Jember,-8.1724,113.702
2022-03-12,30.0,23.5,26.1,3.3,3.3,3.59,14.8,17.97,96,74,Jember,-8.1724,113.702
2022-03-13,30.5,23.6,26.2,11.6,11.6,3.43,10.6,16.96,96,76,Jember,-8.1724,113.702
2022-03-14,30.9,23.6,26.3,18.4,18.4,3.78,10.9,18.57,99,75,Jember,-8.1724,113.702
2022-03-15,30.1,23.4,26.3,13.2,13.2,3.83,10.5,18.99,100,76,Jember,-8.1724,113.702
2022-03-16,29.5,23.6,26.0,15.3,15.3,3.0,10.2,15.14,100,77,Jember,-8.1724,113.702
2022-03-17,31.9,24.6,27.3,1.5,1.5,4.52,9.4,22.23,91,70,Jember,-8.1724,113.702
2022-03-18,30.8,24.3,26.8,12.0,12.0,3.7,10.0,17.99,96,70,Jember,-8.1724,113.702
2022-03-19,28.5,23.8,25.8,8.3,8.3,3.38,13.1,17.51,96,81,Jember,-8.1724,113.702
2022-03-20,28.9,23.5,25.6,9.1,9.1,3.15,7.8,15.47,98,78,Jember,-8.1724,113.702
2022-03-21,30.2,23.6,26.0,18.1,18.1,3.46,10.4,17.07,95,71,Jember,-8.1724,113.702
2022-03-22,30.5,23.9,26.5,1.2,1.2,4.07,14.5,20.4,90,72,Jember,-8.1724,113.702
2022-03-23,29.6,22.8,25.9,7.2,7.2,4.22,8.7,21.13,95,67,Jember,-8.1724,113.702
2022-03-24,30.7,23.4,26.5,6.1,6.1,4.08,9.8,19.61,95,65,Jember,-8.1724,113.702
2022-03-25,30.5,22.7,26.8,10.9,10.9,4.36,11.2,21.15,96,69,Jember,-8.1724,113.702
2022-03-26,30.7,23.9,26.7,13.8,13.8,3.97,8.7,19.5,96,69,Jember,-8.1724,113.702
2022-03-27,29.3,23.2,25.4,21.2,21.2,2.96,18.6,15.28,94,79,Jember,-8.1724,113.702
2022-03-28,30.4,23.6,26.3,9.9,9.9,3.9,11.5,19.12,96,68,Jember,-8.1724,113.702
2022-03-29,30.8,23.0,26.4,6.0,6.0,3.69,10.6,17.62,96,67,Jember,-8.1724,113.702
2022-03-30,31.6,23.4,27.4,0.3,0.3,4.83,8.1,23.09,93,61,Jember,-8.1724,113.702
2022-03-31,31.5,23.3,27.0,14.6,14.6,4.19,13.0,20.67,93,67,Jember,-8.1724,113.702
2022-04-01,28.8,24.4,26.0,24.0,24.0,2.94,16.3,15.26,94,78,Jember,-8.1724,113.702
2022-04-02,30.4,23.5,26.4,5.4,5.4,3.71,9.0,18.09,93,69,Jember,-8.1724,113.702
2022-04-03,31.1,23.6,26.3,8.2,8.2,4.32,12.2,21.69,94,71,Jember,-8.1724,113.702
2022-04-04,29.3,23.9,25.8,5.4,5.4,3.45,11.2,17.61,93,77,Jember,-8.1724,113.702
2022-04-05,31.1,23.4,26.4,1.5,1.5,4.66,15.3,23.28,95,66,Jember,-8.1724,113.702
2022-04-06,28.6,22.4,25.4,34.5,34.5,3.05,14.7,15.54,95,76,Jember,-8.1724,113.702
2022-04-07,28.1,23.5,25.4,34.6,34.6,2.68,11.7,13.39,96,78,Jember,-8.1724,113.702
2022-04-08,30.6,23.4,26.1,7.6,7.6,3.93,12.8,19.8,92,72,Jember,-8.1724,113.702
2022-04-09,29.6,23.1,26.0,10.0,10.0,3.56,8.6,17.99,96,76,Jember,-8.1724,113.702
2022-04-10,31.2,23.0,26.3,1.2,1.2,4.03,8.6,19.9,91,69,Jember,-8.1724,113.702
2022-04-11,32.2,24.4,27.3,0.2,0.2,4.83,9.9,23.26,88,54,Jember,-8.1724,113.702
2022-04-12,31.2,22.4,26.8,2.4,2.4,4.44,12.3,21.46,84,57,Jember,-8.1724,113.702
2022-04-13,31.0,22.9,26.1,4.1,4.1,4.11,10.8,20.25,93,64,Jember,-8.1724,113.702
2022-04-14,32.8,20.5,26.7,0.0,0.0,4.94,6.6,23.93,91,49,Jember,-8.1724,113.702
2022-04-15,32.3,22.6,27.0,0.2,0.2,4.65,12.5,22.31,93,59,Jember,-8.1724,113.702
2022-04-16,31.1,23.0,26.6,24.3,24.3,3.6,10.0,17.86,96,71,Jember,-8.1724,113.702
2022-04-17,31.4,23.9,27.1,4.2,4.2,3.95,7.4,19.21,93,66,Jember,-8.1724,113.702
2022-04-18,30.4,23.4,26.5,8.6,8.6,3.37,8.4,16.66,96,72,Jember,-8.1724,113.702
2022-04-19,29.2,23.8,26.2,4.4,4.4,2.85,8.5,13.96,98,75,Jember,-8.1724,113.702
2022-04-20,30.2,23.9,25.8,17.8,17.8,2.44,6.9,11.79,96,70,Jember,-8.1724,113.702
2022-04-21,29.6,23.0,26.2,2.9,2.9,3.22,9.1,15.86,93,74,Jember,-8.1724,113.702
2022-04-22,32.0,23.1,27.1,0.6,0.6,4.08,8.6,19.52,94,64,Jember,-8.1724,113.702
2022-04-23,32.0,24.1,27.2,9.8,9.8,4.13,10.5,19.82,97,63,Jember,-8.1724,113.702
2022-04-24,30.5,23.8,26.7,5.4,5.4,3.44,8.3,16.5,98,72,Jember,-8.1724,113.702
2022-04-25,31.4,23.4,26.9,1.6,1.6,3.98,11.0,19.47,97,64,Jember,-8.1724,113.702
2022-04-26,30.5,23.0,26.6,0.0,0.0,4.26,11.7,20.82,92,66,Jember,-8.1724,113.702
2022-04-27,30.6,22.9,26.7,2.0,2.0,4.11,10.5,20.01,92,69,Jember,-8.1724,113.702
2022-04-28,30.4,24.0,26.5,2.4,2.4,3.35,12.0,16.26,93,73,Jember,-8.1724,113.702
2022-04-29,30.9,23.6,27.1,0.0,0.0,4.06,8.6,19.32,93,61,Jember,-8.1724,113.702
2022-04-30,30.7,22.9,26.7,10.3,10.3,3.55,12.0,16.77,93,67,Jember,-8.1724,113.702
2022-05-01,31.4,22.5,27.2,19.1,19.1,3.84,10.4,18.55,96,63,Jember,-8.1724,113.702
2022-05-02,33.0,23.5,27.7,0.6,0.6,4.26,10.9,20.47,95,56,Jember,-8.1724,113.702
2022-05-03,32.7,23.2,27.6,0.1,0.1,4.41,9.0,20.93,96,56,Jember,-8.1724,113.702
2022-05-04,31.6,23.6,26.7,7.0,7.0,3.94,11.6,19.21,97,62,Jember,-8.1724,113.702
2022-05-05,31.4,23.0,26.4,8.6,8.6,3.56,9.2,17.41,97,68,Jember,-8.1724,113.702
2022-05-06,31.2,23.6,26.8,7.4,7.4,3.81,7.5,18.6,96,66,Jember,-8.1724,113.702
2022-05-07,31.8,23.6,26.7,6.7,6.7,3.67,10.0,18.09,98,71,Jember,-8.1724,113.702
2022-05-08,31.1,24.2,27.0,2.5,2.5,3.97,6.8,19.55,96,69,Jember,-8.1724,113.702
2022-05-09,31.2,24.0,27.1,8.2,8.2,3.62,13.3,17.52,97,69,Jember,-8.1724,113.702
2022-05-10,31.0,24.2,27.0,7.8,7.8,3.51,6.5,17.02,94,66,Jember,-8.1724,113.702
2022-05-11,31.3,24.0,27.5,0.4,0.4,3.98,5.7,19.36,94,65,Jember,-8.1724,113.702
2022-05-12,29.9,23.6,26.8,0.9,0.9,3.72,10.5,18.44,97,72,Jember,-8.1724,113.702
2022-05-13,31.4,24.0,27.1,10.4,10.4,3.68,12.2,18.14,97,74,Jember,-8.1724,113.702
2022-05-14,30.9,24.2,27.3,7.6,7.6,3.96,10.6,19.23,93,70,Jember,-8.1724,113.702
2022-05-15,32.0,25.2,27.9,0.4,0.4,4.24,10.5,20.46,91,64,Jember,-8.1724,113.702
2022-05-16,31.6,23.2,27.4,0.2,0.2,4.44,13.6,21.21,95,63,Jember,-8.1724,113.702
2022-05-17,31.1,22.8,26.9,0.0,0.0,3.89,10.5,19.04,90,62,Jember,-8.1724,113.702
2022-05-18,31.3,23.3,26.9,15.7,15.7,3.75,11.0,18.18,93,61,Jember,-8.1724,113.702
2022-05-19,31.4,24.2,26.7,4.2,4.2,3.17,14.5,15.44,100,63,Jember,-8.1724,113.702
2022-05-20,30.2,23.5,26.0,19.3,19.3,2.73,8.9,13.22,98,72,Jember,-8.1724,113.702
2022-05-21,30.0,22.3,26.0,2.2,2.2,3.49,10.5,17.27,95,70,Jember,-8.1724,113.702
2022-05-22,31.8,21.6,26.1,2.2,2.2,4.13,14.5,20.0,94,62,Jember,-8.1724,113.702
2022-05-23,31.9,21.8,26.4,0.0,0.0,4.44,12.0,20.71,89,48,Jember,-8.1724,113.702
2022-05-24,32.2,21.2,26.8,1.2,1.2,3.98,10.2,18.78,90,61,Jember,-8.1724,113.702
2022-05-25,31.5,23.9,27.4,0.2,0.2,3.31,6.4,15.76,95,61,Jember,-8.1724,113.702
2022-05-26,27.0,23.4,24.8,21.4,21.4,1.92,9.8,9.61,96,84,Jember,-8.1724,113.702
2022-05-27,29.3,23.4,26.2,1.2,1.2,2.22,10.0,10.45,94,75,Jember,-8.1724,113.702
2022-05-28,30.8,24.4,27.1,0.0,0.0,4.03,8.6,19.54,89,64,Jember,-8.1724,113.702
2022-05-29,30.1,24.4,26.7,2.6,2.6,3.5,14.2,16.25,88,71,Jember,-8.1724,113.702
2022-05-30,30.3,24.0,26.9,0.0,0.0,4.08,14.1,18.46,83,68,Jember,-8.1724,113.702
2022-05-31,30.1,24.5,26.9,2.4,2.4,3.77,8.2,18.17,91,62,Jember,-8.1724,113.702
2022-06-01,27.8,22.8,25.5,8.0,8.0,2.12,7.3,10.44,97,79,Jember,-8.1724,113.702
2022-06-02,30.9,23.1,26.7,0.0,0.0,4.33,12.6,20.67,90,59,Jember,-8.1724,113.702
2022-06-03,29.1,23.4,26.1,9.8,9.8,2.46,9.5,11.81,91,70,Jember,-8.1724,113.702
2022-06-04,30.9,23.9,26.2,7.8,7.8,3.59,9.2,17.96,99,66,Jember,-8.1724,113.702
2022-06-05,28.6,23.0,25.4,19.2,19.2,2.6,9.5,12.87,99,76,Jember,-8.1724,113.702
2022-06-06,29.5,21.5,25.5,5.9,5.9,2.99,6.7,15.13,96,75,Jember,-8.1724,113.702
2022-06-07,31.0,23.0,26.7,0.7,0.7,3.41,8.3,16.55,96,66,Jember,-8.1724,113.702
2022-06-08,31.2,22.4,26.0,23.5,23.5,3.08,14.8,14.79,96,65,Jember,-8.1724,113.702
2022-06-09,31.5,22.5,26.1,2.2,2.2,3.49,7.4,17.22,95,63,Jember,-8.1724,113.702
2022-06-10,30.6,23.2,26.3,5.8,5.8,3.49,7.6,17.15,92,66,Jember,-8.1724,113.702
2022-06-11,31.5,22.9,26.5,17.5,17.5,3.75,8.3,18.3,96,61,Jember,-8.1724,113.702
2022-06-12,30.3,22.8,25.4,13.5,13.5,3.22,8.1,16.13,96,71,Jember,-8.1724,113.702
2022-06-13,30.5,22.7,26.2,0.4,0.4,3.21,6.8,15.82,96,67,Jember,-8.1724,113.702
2022-06-14,30.0,22.9,26.1,9.5,9.5,3.2,8.1,15.85,97,72,Jember,-8.1724,113.702
2022-06-15,30.5,23.6,26.8,8.9,8.9,3.55,15.2,17.41,90,61,Jember,-8.1724,113.702
2022-06-16,30.5,23.2,26.2,3.9,3.9,3.22,6.8,15.83,96,68,Jember,-8.1724,113.702
2022-06-17,29.5,23.1,25.3,24.0,24.0,3.13,12.6,16.03,95,74,Jember,-8.1724,113.702
2022-06-18,30.5,22.0,25.7,2.6,2.6,3.51,12.8,17.68,95,70,Jember,-8.1724,113.702
2022-06-19,31.1,22.9,26.1,1.1,1.1,3.61,11.0,17.72,96,62,Jember,-8.1724,113.702
2022-06-20,30.1,23.2,26.2,0.2,0.2,3.79,12.3,18.68,90,65,Jember,-8.1724,113.702
2022-06-21,30.5,22.9,26.4,0.1,0.1,3.9,9.6,18.63,89,60,Jember,-8.1724,113.702
2022-06-22,31.5,22.2,26.4,0.6,0.6,4.09,11.7,19.27,88,54,Jember,-8.1724,113.702
2022-06-23,30.6,22.7,25.8,0.7,0.7,3.43,11.6,16.8,91,60,Jember,-8.1724,113.702
2022-06-24,30.0,23.0,26.2,1.6,1.6,3.43,10.6,16.29,88,61,Jember,-8.1724,113.702
2022-06-25,30.0,23.1,26.2,0.8,0.8,3.38,12.1,16.24,89,63,Jember,-8.1724,113.702
2022-06-26,29.5,23.1,25.7,1.4,1.4,3.39,12.0,16.64,95,67,Jember,-8.1724,113.702
2022-06-27,29.5,23.0,25.7,1.4,1.4,3.18,7.6,15.36,95,64,Jember,-8.1724,113.702
2022-06-28,30.2,21.3,25.7,0.0,0.0,3.93,11.5,18.67,93,55,Jember,-8.1724,113.702
2022-06-29,31.0,22.3,26.0,0.4,0.4,4.2,8.8,20.38,91,54,Jember,-8.1724,113.702
2022-06-30,30.6,21.6,26.0,0.1,0.1,3.93,11.3,18.98,93,58,Jember,-8.1724,113.702
2022-07-01,30.0,22.9,26.0,0.4,0.4,3.56,14.1,16.93,91,60,Jember,-8.1724,113.702
2022-07-02,31.6,23.4,26.6,1.7,1.7,3.54,9.5,16.93,96,59,Jember,-8.1724,113.702
2022-07-03,31.5,23.0,26.4,0.9,0.9,3.63,12.6,17.87,97,66,Jember,-8.1724,113.702
2022-07-04,30.0,22.5,26.6,0.0,0.0,3.44,9.7,16.69,95,67,Jember,-8.1724,113.702
2022-07-05,31.9,22.6,26.4,7.8,7.8,3.33,11.1,16.33,92,63,Jember,-8.1724,113.702
2022-07-06,29.8,22.6,26.0,0.6,0.6,3.33,9.1,16.43,96,67,Jember,-8.1724,113.702
2022-07-07,30.5,21.0,25.1,0.2,0.2,3.77,9.7,18.05,92,52,Jember,-8.1724,113.702
2022-07-08,29.9,20.0,24.5,0.0,0.0,3.92,10.4,18.39,92,43,Jember,-8.1724,113.702
2022-07-09,30.2,19.0,24.9,0.0,0.0,3.95,12.3,18.75,88,51,Jember,-8.1724,113.702
2022-07-10,31.7,21.0,26.1,0.0,0.0,3.97,12.3,18.3,92,50,Jember,-8.1724,113.702
2022-07-11,30.1,22.5,25.7,3.0,3.0,2.95,11.2,14.22,96,64,Jember,-8.1724,113.702
2022-07-12,30.3,23.4,26.4,0.2,0.2,3.77,12.0,18.22,95,62,Jember,-8.1724,113.702
2022-07-13,30.9,23.0,26.3,0.4,0.4,3.83,9.4,18.66,95,56,Jember,-8.1724,113.702
2022-07-14,30.2,22.5,26.0,1.3,1.3,3.66,12.8,17.5,96,59,Jember,-8.1724,113.702
2022-07-15,30.8,23.0,26.4,1.0,1.0,3.6,13.7,16.21,93,58,Jember,-8.1724,113.702
2022-07-16,31.2,21.6,26.2,0.3,0.3,3.81,10.3,18.08,98,53,Jember,-8.1724,113.702
2022-07-17,30.3,22.4,25.8,2.0,2.0,3.36,9.7,15.99,94,59,Jember,-8.1724,113.702
2022-07-18,30.6,22.8,26.1,0.0,0.0,3.7,11.5,17.26,95,57,Jember,-8.1724,113.702
2022-07-19,31.0,22.2,26.1,0.0,0.0,4.08,12.9,19.15,95,53,Jember,-8.1724,113.702
2022-07-20,31.9,20.6,25.8,0.0,0.0,4.01,7.0,19.6,97,48,Jember,-8.1724,113.702
2022-07-21,30.6,21.6,26.2,0.0,0.0,3.41,8.7,15.32,95,53,Jember,-8.1724,113.702
2022-07-22,31.0,22.4,26.4,0.2,0.2,3.77,8.5,17.38,89,53,Jember,-8.1724,113.702
2022-07-23,30.2,21.6,25.6,2.7,2.7,3.41,11.8,16.1,95,59,Jember,-8.1724,113.702
2022-07-24,30.6,20.9,25.0,0.0,0.0,4.11,14.1,18.96,91,44,Jember,-8.1724,113.702
2022-07-25,30.6,17.8,24.0,0.0,0.0,4.61,17.5,21.12,87,42,Jember,-8.1724,113.702
2022-07-26,30.9,19.4,25.3,0.0,0.0,4.39,15.7,19.79,88,50,Jember,-8.1724,113.702
2022-07-27,31.8,21.4,26.5,0.4,0.4,3.75,7.6,17.67,96,51,Jember,-8.1724,113.702
2022-07-28,32.2,21.6,26.7,0.0,0.0,4.24,10.7,19.48,98,47,Jember,-8.1724,113.702
2022-07-29,33.1,22.5,27.2,0.0,0.0,4.12,9.4,19.35,94,42,Jember,-8.1724,113.702
2022-07-30,32.8,22.5,26.9,0.0,0.0,4.18,9.7,18.94,90,42,Jember,-8.1724,113.702
2022-07-31,32.0,22.9,26.9,0.0,0.0,4.45,12.2,21.07,90,43,Jember,-8.1724,113.702
2022-08-01,32.0,20.5,26.5,0.0,0.0,4.64,12.5,21.72,92,46,Jember,-8.1724,113.702
2022-08-02,32.2,22.5,26.3,2.9,2.9,3.42,15.0,16.15,99,55,Jember,-8.1724,113.702
2022-08-03,33.0,22.5,26.7,0.8,0.8,4.58,15.5,21.35,100,49,Jember,-8.1724,113.702
2022-08-04,33.0,21.2,26.5,0.0,0.0,4.55,9.5,21.11,93,40,Jember,-8.1724,113.702
2022-08-05,32.5,21.1,26.0,1.0,1.0,4.38,19.3,19.41,95,42,Jember,-8.1724,113.702
2022-08-06,30.8,21.5,25.5,6.1,6.1,4.07,17.5,19.14,99,53,Jember,-8.1724,113.702
2022-08-07,28.3,23.0,25.1,9.5,9.5,2.44,10.5,11.12,93,70,Jember,-8.1724,113.702
2022-08-08,31.0,22.3,26.1,0.4,0.4,3.96,8.8,18.58,94,53,Jember,-8.1724,113.702
2022-08-09,31.5,21.5,26.2,0.1,0.1,4.21,6.6,20.1,94,49,Jember,-8.1724,113.702
2022-08-10,31.5,22.9,26.6,1.5,1.5,3.83,11.1,17.61,94,55,Jember,-8.1724,113.702
2022-08-11,31.1,23.0,26.0,5.5,5.5,3.34,9.6,15.91,97,62,Jember,-8.1724,113.702
2022-08-12,32.2,23.4,27.0,0.1,0.1,3.98,6.5,18.99,94,52,Jember,-8.1724,113.702
2022-08-13,32.5,23.0,26.1,20.1,20.1,3.7,10.2,18.02,98,57,Jember,-8.1724,113.702
2022-08-14,32.0,22.1,26.2,1.4,1.4,4.14,15.1,19.68,96,56,Jember,-8.1724,113.702
2022-08-15,30.7,22.8,25.8,34.6,34.6,3.37,11.4,16.92,98,67,Jember,-8.1724,113.702
2022-08-16,30.8,23.0,26.2,3.7,3.7,4.23,12.6,20.78,95,62,Jember,-8.1724,113.702
2022-08-17,30.6,21.3,26.0,0.4,0.4,4.36,10.5,21.01,94,54,Jember,-8.1724,113.702
2022-08-18,30.5,22.1,26.1,0.9,0.9,4.11,15.8,19.2,88,60,Jember,-8.1724,113.702
2022-08-19,30.8,22.5,25.9,1.9,1.9,3.86,11.8,18.23,90,58,Jember,-8.1724,113.702
2022-08-20,29.6,21.6,25.2,0.0,0.0,4.48,19.2,20.94,89,56,Jember,-8.1724,113.702
2022-08-21,31.5,21.0,25.9,0.0,0.0,4.08,9.0,19.17,90,50,Jember,-8.1724,113.702
2022-08-22,30.4,21.6,26.0,0.0,0.0,4.33,15.3,20.21,89,56,Jember,-8.1724,113.702
2022-08-23,31.5,21.9,25.9,0.0,0.0,4.53,16.9,20.16,91,47,Jember,-8.1724,113.702
2022-08-24,31.8,19.9,25.8,0.0,0.0,4.39,12.3,19.54,93,46,Jember,-8.1724,113.702
2022-08-25,31.4,21.5,26.2,0.3,0.3,4.15,11.4,19.0,89,49,Jember,-8.1724,113.702
2022-08-26,31.0,22.4,26.2,1.1,1.1,3.8,10.3,17.51,93,55,Jember,-8.1724,113.702
2022-08-27,31.1,22.5,26.5,0.4,0.4,4.14,9.8,19.05,91,50,Jember,-8.1724,113.702
2022-08-28,29.5,21.2,25.5,0.7,0.7,2.98,9.9,12.71,95,55,Jember,-8.1724,113.702
2022-08-29,32.5,20.5,25.9,1.6,1.6,4.21,11.3,19.42,94,46,Jember,-8.1724,113.702
2022-08-30,31.1,22.6,26.1,1.0,1.0,3.76,9.4,17.41,93,58,Jember,-8.1724,113.702
2022-08-31,30.8,23.1,25.9,2.7,2.7,3.88,10.5,18.69,96,63,Jember,-8.1724,113.702
2022-09-01,32.5,22.3,26.6,1.1,1.1,4.52,8.4,21.53,97,52,Jember,-8.1724,113.702
2022-09-02,33.5,23.1,27.6,0.0,0.0,4.99,7.1,23.26,97,45,Jember,-8.1724,113.702
2022-09-03,32.3,22.9,27.2,0.8,0.8,4.73,12.8,21.58,97,51,Jember,-8.1724,113.702
2022-09-04,31.1,23.0,26.2,5.4,5.4,3.86,9.2,17.99,96,58,Jember,-8.1724,113.702
2022-09-05,32.0,22.3,26.6,0.2,0.2,4.52,12.4,21.15,95,53,Jember,-8.1724,113.702
2022-09-06,32.1,22.8,27.0,0.6,0.6,4.36,9.5,20.5,98,51,Jember,-8.1724,113.702
2022-09-07,31.6,22.2,25.9,12.3,12.3,3.61,12.4,17.31,97,55,Jember,-8.1724,113.702
2022-09-08,32.5,22.4,26.4,3.1,3.1,4.01,9.1,18.99,96,52,Jember,-8.1724,113.702
2022-09-09,31.0,23.3,25.7,13.2,13.2,3.26,8.8,15.9,96,61,Jember,-8.1724,113.702
2022-09-10,31.2,23.0,25.5,25.2,25.2,3.54,10.5,17.0,97,61,Jember,-8.1724,113.702
2022-09-11,30.4,22.9,25.8,2.0,2.0,3.76,7.8,18.27,95,62,Jember,-8.1724,113.702
2022-09-12,32.2,20.7,26.2,0.5,0.5,5.27,16.1,24.99,94,44,Jember,-8.1724,113.702
2022-09-13,32.2,22.0,26.7,0.7,0.7,4.67,10.5,21.91,94,52,Jember,-8.1724,113.702
2022-09-14,31.2,22.6,26.5,1.2,1.2,4.57,12.2,21.46,92,52,Jember,-8.1724,113.702
2022-09-15,30.5,22.4,26.1,1.8,1.8,4.13,13.1,19.62,96,56,Jember,-8.1724,113.702
2022-09-16,31.6,22.1,26.1,1.2,1.2,4.1,15.5,18.96,97,53,Jember,-8.1724,113.702
2022-09-17,32.6,21.9,26.0,0.9,0.9,4.6,10.8,22.13,97,49,Jember,-8.1724,113.702
2022-09-18,32.4,22.0,26.3,2.6,2.6,4.92,18.3,23.41,98,53,Jember,-8.1724,113.702
2022-09-19,31.7,22.9,26.1,1.2,1.2,4.79,14.5,22.48,94,51,Jember,-8.1724,113.702
2022-09-20,30.5,22.2,26.0,3.9,3.9,4.4,9.2,21.24,94,56,Jember,-8.1724,113.702
2022-09-21,31.2,23.4,26.2,8.0,8.0,3.57,9.3,16.77,94,59,Jember,-8.1724,113.702
2022-09-22,32.2,22.9,26.8,0.3,0.3,4.5,10.5,21.34,97,52,Jember,-8.1724,113.702
2022-09-23,32.8,23.5,27.2,3.3,3.3,4.64,11.2,21.8,96,56,Jember,-8.1724,113.702
2022-09-24,31.2,23.0,26.5,3.9,3.9,4.28,13.0,20.29,92,61,Jember,-8.1724,113.702
2022-09-25,30.4,22.6,26.2,2.4,2.4,4.28,11.8,20.23,97,60,Jember,-8.1724,113.702
2022-09-26,29.6,23.3,25.8,2.8,2.8,3.6,12.2,17.02,94,62,Jember,-8.1724,113.702
2022-09-27,32.0,21.5,26.3,0.6,0.6,5.06,15.4,22.99,95,49,Jember,-8.1724,113.702
2022-09-28,32.1,21.9,26.2,1.5,1.5,5.03,17.4,23.53,93,49,Jember,-8.1724,113.702
2022-09-29,32.0,22.0,26.6,0.4,0.4,5.13,16.9,23.82,94,52,Jember,-8.1724,113.702
2022-09-30,32.1,23.5,26.1,7.7,7.7,3.77,11.9,18.25,96,57,Jember,-8.1724,113.702
2022-10-01,30.9,23.4,25.4,36.3,36.3,3.34,12.5,16.87,97,67,Jember,-8.1724,113.702
2022-10-02,30.8,23.3,25.6,9.9,9.9,3.46,11.6,16.9,98,65,Jember,-8.1724,113.702
2022-10-03,28.9,22.8,25.2,12.5,12.5,2.71,12.1,13.22,98,75,Jember,-8.1724,113.702
2022-10-04,29.9,23.1,26.1,1.7,1.7,3.54,13.2,16.57,94,68,Jember,-8.1724,113.702
2022-10-05,30.5,22.4,26.1,2.6,2.6,4.23,12.6,20.43,93,62,Jember,-8.1724,113.702
2022-10-06,30.5,23.5,25.5,11.4,11.4,3.06,10.2,14.58,92,63,Jember,-8.1724,113.702
2022-10-07,30.0,22.8,25.5,13.5,13.5,3.09,10.9,14.88,97,71,Jember,-8.1724,113.702
2022-10-08,30.6,22.5,25.4,37.4,37.4,3.36,13.1,16.16,97,71,Jember,-8.1724,113.702
2022-10-09,29.3,23.4,25.8,17.3,17.3,2.84,12.7,13.47,94,72,Jember,-8.1724,113.702
2022-10-10,29.9,22.9,25.3,21.5,21.5,3.16,11.7,15.66,95,74,Jember,-8.1724,113.702
2022-10-11,29.5,23.5,25.9,15.6,15.6,3.5,12.4,17.05,95,71,Jember,-8.1724,113.702
2022-10-12,29.5,22.4,25.8,38.9,38.9,3.39,12.3,16.76,93,73,Jember,-8.1724,113.702
2022-10-13,29.8,22.9,25.9,7.1,7.1,3.94,11.8,18.99,94,68,Jember,-8.1724,113.702
2022-10-14,28.8,22.6,25.9,4.2,4.2,2.9,11.0,13.92,96,75,Jember,-8.1724,113.702
2022-10-15,29.5,23.4,25.8,6.0,6.0,3.34,10.9,16.57,96,74,Jember,-8.1724,113.702
2022-10-16,30.2,22.6,25.9,2.5,2.5,3.53,10.6,16.87,95,71,Jember,-8.1724,113.702
2022-10-17,28.5,23.4,25.5,17.1,17.1,2.19,9.4,10.04,95,76,Jember,-8.1724,113.702
2022-10-18,26.9,23.1,24.6,18.9,18.9,1.94,11.5,9.64,98,86,Jember,-8.1724,113.702
2022-10-19,29.6,22.9,25.1,14.5,14.5,2.95,12.6,14.4,98,69,Jember,-8.1724,113.702
2022-10-20,28.6,23.2,25.8,5.3,5.3,3.49,8.3,17.37,96,77,Jember,-8.1724,113.702
2022-10-21,30.6,23.4,25.8,2.4,2.4,3.61,9.9,17.96,97,71,Jember,-8.1724,113.702
2022-10-22,30.8,23.0,26.2,0.1,0.1,3.87,10.2,18.85,96,66,Jember,-8.1724,113.702
2022-10-23,30.1,23.6,26.0,8.2,8.2,4.02,11.7,20.13,96,76,Jember,-8.1724,113.702
2022-10-24,28.9,23.5,25.6,10.6,10.6,2.85,13.5,14.37,98,77,Jember,-8.1724,113.702
2022-10-25,28.5,22.9,25.1,26.7,26.7,3.06,15.3,15.4,97,77,Jember,-8.1724,113.702
2022-10-26,28.1,23.2,25.2,7.7,7.7,2.11,12.3,9.96,97,77,Jember,-8.1724,113.702
2022-10-27,27.6,23.5,25.2,4.4,4.4,2.76,15.4,13.75,96,79,Jember,-8.1724,113.702
2022-10-28,29.0,22.0,25.3,0.8,0.8,4.29,17.7,21.28,97,60,Jember,-8.1724,113.702
2022-10-29,29.6,21.5,25.6,0.0,0.0,5.02,15.1,24.69,91,61,Jember,-8.1724,113.702
2022-10-30,29.9,22.8,25.7,0.2,0.2,4.76,16.6,23.56,90,57,Jember,-8.1724,113.702
2022-10-31,29.1,20.2,24.8,0.5,0.5,4.2,15.8,21.32,96,71,Jember,-8.1724,113.702
2022-11-01,30.8,22.5,26.1,3.3,3.3,4.38,11.5,21.2,99,63,Jember,-8.1724,113.702
2022-11-02,31.0,23.0,26.1,7.2,7.2,3.96,9.1,19.36,92,68,Jember,-8.1724,113.702
2022-11-03,31.9,23.3,27.0,2.9,2.9,4.93,9.9,23.54,97,60,Jember,-8.1724,113.702
2022-11-04,30.7,23.0,25.8,25.1,25.1,3.54,10.7,17.47,99,77,Jember,-8.1724,113.702
2022-11-05,30.8,23.2,26.1,19.6,19.6,3.57,10.4,17.47,98,73,Jember,-8.1724,113.702
2022-11-06,29.8,23.4,25.5,25.6,25.6,3.3,9.0,16.35,96,75,Jember,-8.1724,113.702
2022-11-07,28.7,22.8,25.4,14.1,14.1,3.21,7.6,16.01,98,80,Jember,-8.1724,113.702
2022-11-08,30.8,23.0,25.8,2.4,2.4,3.94,8.0,19.28,98,68,Jember,-8.1724,113.702
2022-11-09,28.2,23.2,25.5,2.5,2.5,2.8,7.1,13.62,97,78,Jember,-8.1724,113.702
2022-11-10,31.5,24.0,26.3,16.4,16.4,3.92,12.3,19.02,97,62,Jember,-8.1724,113.702
2022-11-11,29.4,23.1,25.7,18.2,18.2,3.29,9.7,16.47,98,78,Jember,-8.1724,113.702
2022-11-12,30.5,23.2,26.1,1.2,1.2,3.8,6.8,18.5,98,69,Jember,-8.1724,113.702
2022-11-13,28.2,23.5,25.6,1.5,1.5,2.93,9.2,14.66,99,84,Jember,-8.1724,113.702
2022-11-14,30.2,23.3,25.8,14.9,14.9,3.54,8.7,17.54,99,73,Jember,-8.1724,113.702
2022-11-15,30.0,23.5,26.0,12.8,12.8,3.69,8.8,17.95,99,69,Jember,-8.1724,113.702
2022-11-16,29.3,23.0,25.5,26.3,26.3,2.69,14.2,13.47,96,79,Jember,-8.1724,113.702
2022-11-17,28.7,24.6,26.3,16.2,16.2,2.9,8.1,13.71,98,75,Jember,-8.1724,113.702
2022-11-18,26.7,23.4,25.5,17.7,17.7,1.63,11.1,7.38,96,72,Jember,-8.1724,113.702
2022-11-19,29.1,22.5,25.9,0.1,0.1,3.18,10.5,15.02,94,74,Jember,-8.1724,113.702
2022-11-20,30.6,22.6,26.5,0.6,0.6,4.65,11.4,22.47,91,57,Jember,-8.1724,113.702
2022-11-21,29.6,24.2,26.1,11.5,11.5,4.13,9.7,20.23,96,69,Jember,-8.1724,113.702
2022-11-22,28.4,23.8,25.8,10.8,10.8,2.97,11.4,14.72,94,73,Jember,-8.1724,113.702
2022-11-23,30.4,23.5,26.0,10.9,10.9,3.69,12.3,17.96,96,67,Jember,-8.1724,113.702
2022-11-24,27.8,23.4,25.1,16.6,16.6,2.35,11.0,11.45,97,81,Jember,-8.1724,113.702
2022-11-25,29.1,23.5,25.9,9.1,9.1,2.5,6.9,11.35,94,66,Jember,-8.1724,113.702
2022-11-26,28.9,23.5,25.3,22.0,22.0,2.93,9.4,14.55,97,76,Jember,-8.1724,113.702
2022-11-27,29.1,23.0,25.2,12.1,12.1,2.8,6.6,13.78,99,76,Jember,-8.1724,113.702
2022-11-28,27.6,23.5,25.0,26.9,26.9,2.37,11.4,11.91,97,83,Jember,-8.1724,113.702
2022-11-29,28.0,23.3,25.2,8.4,8.4,2.56,12.2,12.78,97,80,Jember,-8.1724,113.702
2022-11-30,29.5,23.0,25.9,2.2,2.2,4.17,14.3,20.86,96,72,Jember,-8.1724,113.702
2022-12-01,30.2,23.6,26.5,0.8,0.8,4.37,15.6,21.08,92,63,Jember,-8.1724,113.702
2022-12-02,29.9,22.2,26.1,0.2,0.2,4.41,12.4,21.45,90,63,Jember,-8.1724,113.702
2022-12-03,29.2,23.9,26.3,2.1,2.1,4.28,13.1,21.7,93,71,Jember,-8.1724,113.702
2022-12-04,30.5,22.9,25.8,9.2,9.2,3.78,8.9,18.69,98,69,Jember,-8.1724,113.702
2022-12-05,29.6,22.9,25.9,3.9,3.9,3.77,8.8,19.1,94,71,Jember,-8.1724,113.702
2022-12-06,30.9,23.4,26.5,1.1,1.1,4.7,14.1,22.94,98,65,Jember,-8.1724,113.702
2022-12-07,31.8,22.9,26.5,1.8,1.8,4.78,13.4,23.54,98,61,Jember,-8.1724,113.702
2022-12-08,31.0,22.2,26.0,3.0,3.0,4.84,13.2,23.68,96,68,Jember,-8.1724,113.702
2022-12-09,31.6,22.3,26.4,1.8,1.8,4.93,10.7,23.62,98,58,Jember,-8.1724,113.702
2022-12-10,29.6,22.5,25.7,8.5,8.5,4.05,14.6,20.34,95,68,Jember,-8.1724,113.702
2022-12-11,30.1,23.9,26.2,13.9,13.9,4.14,9.4,20.58,95,75,Jember,-8.1724,113.702
2022-12-12,30.7,22.8,26.5,4.1,4.1,4.56,11.9,22.51,96,66,Jember,-8.1724,113.702
2022-12-13,31.0,23.6,26.6,19.0,19.0,4.67,9.7,23.08,96,70,Jember,-8.1724,113.702
2022-12-14,29.4,23.5,26.0,1.9,1.9,3.7,9.3,18.52,96,75,Jember,-8.1724,113.702
2022-12-15,29.6,23.5,25.5,19.3,19.3,3.47,12.0,17.67,96,78,Jember,-8.1724,113.702
2022-12-16,27.3,22.7,24.7,26.5,26.5,2.37,14.1,11.84,97,80,Jember,-8.1724,113.702
2022-12-17,29.1,23.2,25.4,7.5,7.5,3.11,13.8,15.27,95,75,Jember,-8.1724,113.702
2022-12-18,30.3,23.2,26.6,1.0,1.0,4.68,14.0,23.31,90,66,Jember,-8.1724,113.702
2022-12-19,30.8,24.0,27.0,0.5,0.5,4.94,13.7,24.07,86,62,Jember,-8.1724,113.702
2022-12-20,31.1,22.2,26.5,5.9,5.9,5.03,18.2,24.78,97,65,Jember,-8.1724,113.702
2022-12-21,30.7,22.8,26.1,16.6,16.6,4.46,17.6,22.38,97,67,Jember,-8.1724,113.702
2022-12-22,26.5,23.3,25.1,16.5,16.5,1.62,11.8,7.76,96,87,Jember,-8.1724,113.702
2022-12-23,29.0,23.8,25.6,8.3,8.3,2.79,19.4,14.19,96,74,Jember,-8.1724,113.702
2022-12-24,29.0,23.6,25.5,5.0,5.0,2.7,9.8,12.24,94,67,Jember,-8.1724,113.702
2022-12-25,28.4,23.6,25.0,23.8,23.8,2.72,17.9,13.28,95,79,Jember,-8.1724,113.702
2022-12-26,28.8,23.1,25.2,13.8,13.8,3.08,18.5,15.41,97,77,Jember,-8.1724,113.702
2022-12-27,28.4,22.7,24.9,22.9,22.9,2.77,9.4,14.08,96,77,Jember,-8.1724,113.702
2022-12-28,29.0,22.2,25.1,44.7,44.7,2.98,14.4,14.87,96,77,Jember,-8.1724,113.702
2022-12-29,27.5,22.6,24.5,12.1,12.1,2.76,8.4,13.8,97,76,Jember,-8.1724,113.702
2022-12-30,27.2,22.5,25.3,0.1,0.1,2.59,15.0,11.92,91,81,Jember,-8.1724,113.702
2022-12-31,28.7,24.0,25.5,13.5,13.5,3.52,17.0,16.47,93,72,Jember,-8.1724,113.702
2023-01-01,29.8,23.5,25.7,1.5,1.5,3.73,16.2,17.54,91,68,Jember,-8.1724,113.702
2023-01-02,28.1,24.0,25.8,13.7,13.7,3.2,17.4,15.77,90,69,Jember,-8.1724,113.702
2023-01-03,29.9,23.8,26.7,0.6,0.6,4.2,19.7,20.04,91,66,Jember,-8.1724,113.702
2023-01-04,29.6,23.2,26.3,3.5,3.5,4.34,24.8,22.34,93,71,Jember,-8.1724,113.702
2023-01-05,29.0,23.8,26.4,2.2,2.2,3.91,23.1,20.0,94,76,Jember,-8.1724,113.702
2023-01-06,28.2,23.9,25.6,11.5,11.5,2.58,16.9,12.59,94,78,Jember,-8.1724,113.702
2023-01-07,29.4,22.9,25.9,6.0,6.0,4.41,18.8,22.97,97,72,Jember,-8.1724,113.702
2023-01-08,30.5,22.1,26.0,1.8,1.8,4.78,17.8,24.1,95,68,Jember,-8.1724,113.702
2023-01-09,30.1,23.3,26.3,2.7,2.7,4.85,16.2,24.18,98,65,Jember,-8.1724,113.702
2023-01-10,30.4,22.4,26.2,2.3,2.3,4.68,14.4,23.53,93,67,Jember,-8.1724,113.702
2023-01-11,30.2,23.9,26.6,2.5,2.5,4.34,15.1,20.72,95,64,Jember,-8.1724,113.702
2023-01-12,30.1,23.1,26.6,1.0,1.0,4.95,16.4,24.3,89,63,Jember,-8.1724,113.702
2023-01-13,30.6,22.6,26.4,0.5,0.5,4.75,15.1,23.26,93,66,Jember,-8.1724,113.702
2023-01-14,30.5,22.7,26.0,9.3,9.3,4.25,10.9,20.95,95,64,Jember,-8.1724,113.702
2023-01-15,29.2,23.5,25.6,8.2,8.2,3.4,8.9,16.79,95,76,Jember,-8.1724,113.702
2023-01-16,29.1,23.1,25.5,15.4,15.4,3.34,9.0,16.24,94,71,Jember,-8.1724,113.702
2023-01-17,28.5,23.0,25.5,6.0,6.0,2.54,6.5,12.36,97,81,Jember,-8.1724,113.702
2023-01-18,28.9,23.8,25.8,4.3,4.3,3.4,15.9,17.04,96,75,Jember,-8.1724,113.702
2023-01-19,29.8,23.5,25.8,9.7,9.7,3.89,12.2,19.55,94,72,Jember,-8.1724,113.702
2023-01-20,28.5,22.4,25.5,4.1,4.1,3.29,11.5,16.46,95,76,Jember,-8.1724,113.702
2023-01-21,30.2,23.6,26.0,4.7,4.7,4.29,14.8,21.63,94,68,Jember,-8.1724,113.702
2023-01-22,29.7,22.9,26.1,2.4,2.4,3.95,14.4,19.83,94,73,Jember,-8.1724,113.702
2023-01-23,30.9,23.8,26.7,1.7,1.7,4.93,12.0,24.56,94,64,Jember,-8.1724,113.702
2023-01-24,30.8,24.1,27.0,1.5,1.5,4.41,13.1,21.54,90,72,Jember,-8.1724,113.702
2023-01-25,30.1,23.5,26.2,18.8,18.8,3.7,12.9,18.67,94,75,Jember,-8.1724,113.702
2023-01-26,27.9,23.4,24.9,46.4,46.4,2.5,12.0,12.75,97,81,Jember,-8.1724,113.702
2023-01-27,28.0,23.4,25.1,20.6,20.6,2.18,12.2,10.79,96,78,Jember,-8.1724,113.702
2023-01-28,26.9,23.8,25.0,21.8,21.8,1.7,8.4,7.87,95,84,Jember,-8.1724,113.702
2023-01-29,29.6,23.2,26.0,0.6,0.6,3.58,9.7,17.13,95,67,Jember,-8.1724,113.702
2023-01-30,30.2,23.4,26.2,8.7,8.7,3.81,10.9,18.72,93,71,Jember,-8.1724,113.702
2023-01-31,28.6,23.6,26.2,6.6,6.6,2.61,12.7,12.58,95,75,Jember,-8.1724,113.702
2023-02-01,30.2,24.0,26.0,28.7,28.7,3.33,7.2,15.97,93,70,Jember,-8.1724,113.702
2023-02-02,28.5,23.6,25.7,2.4,2.4,2.3,12.1,10.02,94,70,Jember,-8.1724,113.702
2023-02-03,28.0,23.4,25.3,1.4,1.4,2.64,6.9,12.45,90,69,Jember,-8.1724,113.702
2023-02-04,28.4,24.0,25.4,6.2,6.2,2.51,12.8,12.02,96,74,Jember,-8.1724,113.702
2023-02-05,27.2,23.1,25.1,7.7,7.7,2.31,13.5,10.79,94,76,Jember,-8.1724,113.702
2023-02-06,29.2,23.2,25.5,12.9,12.9,3.01,10.1,14.15,95,68,Jember,-8.1724,113.702
2023-02-07,28.0,23.2,25.0,9.4,9.4,2.82,9.2,13.71,97,73,Jember,-8.1724,113.702
2023-02-08,27.8,23.0,25.0,26.1,26.1,2.11,9.4,9.82,94,71,Jember,-8.1724,113.702
2023-02-09,29.2,23.6,25.8,5.8,5.8,3.68,10.7,17.82,92,68,Jember,-8.1724,113.702
2023-02-10,29.6,24.1,26.0,1.8,1.8,3.66,12.9,17.8,94,69,Jember,-8.1724,113.702
2023-02-11,29.1,24.2,26.0,2.9,2.9,4.03,14.0,19.47,91,72,Jember,-8.1724,113.702
2023-02-12,30.4,23.5,26.4,14.8,14.8,4.04,12.6,19.73,96,71,Jember,-8.1724,113.702
2023-02-13,28.5,23.1,25.3,11.1,11.1,3.03,19.2,15.71,94,79,Jember,-8.1724,113.702
2023-02-14,28.6,22.8,25.2,26.4,26.4,3.49,19.3,18.58,95,75,Jember,-8.1724,113.702
2023-02-15,28.0,22.9,25.0,26.6,26.6,2.37,14.2,12.08,95,82,Jember,-8.1724,113.702
2023-02-16,28.0,23.7,25.6,25.9,25.9,2.94,11.8,14.95,96,82,Jember,-8.1724,113.702
2023-02-17,29.4,24.0,25.4,20.8,20.8,3.16,12.7,15.94,95,79,Jember,-8.1724,113.702
2023-02-18,29.4,22.6,25.3,51.1,51.1,3.24,15.1,16.43,96,79,Jember,-8.1724,113.702
2023-02-19,30.0,23.0,26.3,6.4,6.4,4.09,19.8,20.58,95,67,Jember,-8.1724,113.702
2023-02-20,29.3,23.2,26.1,7.3,7.3,3.83,15.0,19.61,95,76,Jember,-8.1724,113.702
2023-02-21,30.9,22.6,26.2,6.9,6.9,4.53,15.7,22.62,94,64,Jember,-8.1724,113.702
2023-02-22,30.2,23.0,25.8,10.2,10.2,4.12,14.6,20.63,94,69,Jember,-8.1724,113.702
2023-02-23,28.2,24.0,25.2,20.6,20.6,3.01,9.4,15.0,97,76,Jember,-8.1724,113.702
2023-02-24,28.9,22.9,25.3,58.7,58.7,3.03,13.0,14.97,96,76,Jember,-8.1724,113.702
2023-02-25,29.0,23.6,25.5,18.2,18.2,3.41,15.1,17.16,97,73,Jember,-8.1724,113.702
2023-02-26,29.7,23.6,25.4,10.5,10.5,3.63,18.2,18.28,94,75,Jember,-8.1724,113.702
2023-02-27,29.2,22.4,25.2,18.1,18.1,3.8,10.0,19.2,98,72,Jember,-8.1724,113.702
2023-02-28,30.2,23.1,25.4,40.9,40.9,3.77,8.0,18.37,98,72,Jember,-8.1724,113.702
2023-03-01,29.0,23.5,25.7,2.3,2.3,3.18,16.2,16.02,94,77,Jember,-8.1724,113.702
2023-03-02,28.5,22.6,24.9,13.4,13.4,3.75,13.0,19.3,95,70,Jember,-8.1724,113.702
2023-03-03,30.0,22.8,25.8,3.0,3.0,4.48,6.5,22.32,92,67,Jember,-8.1724,113.702
2023-03-04,30.7,22.4,25.8,5.2,5.2,4.6,16.4,23.05,94,66,Jember,-8.1724,113.702
2023-03-05,29.5,22.5,25.4,15.5,15.5,3.23,13.2,16.25,96,72,Jember,-8.1724,113.702
2023-03-06,28.2,23.4,25.5,10.2,10.2,3.21,14.3,16.45,96,78,Jember,-8.1724,113.702
2023-03-07,30.5,23.2,26.7,1.2,1.2,5.0,16.1,24.92,96,63,Jember,-8.1724,113.702
2023-03-08,30.0,24.0,25.9,4.5,4.5,4.24,12.7,21.89,94,74,Jember,-8.1724,113.702
2023-03-09,31.1,23.2,26.9,1.0,1.0,4.75,8.9,23.32,92,59,Jember,-8.1724,113.702
2023-03-10,31.4,24.4,26.7,4.8,4.8,4.29,12.3,21.01,91,68,Jember,-8.1724,113.702
2023-03-11,31.4,24.3,27.3,3.1,3.1,4.73,16.5,23.02,88,64,Jember,-8.1724,113.702
2023-03-12,31.0,23.0,26.7,1.1,1.1,4.93,11.8,24.19,94,62,Jember,-8.1724,113.702
2023-03-13,30.8,23.4,26.4,1.0,1.0,4.8,10.5,23.82,95,61,Jember,-8.1724,113.702
2023-03-14,29.9,23.6,25.8,17.9,17.9,3.57,8.6,17.87,91,70,Jember,-8.1724,113.702
2023-03-15,31.9,22.6,27.2,0.4,0.4,5.09,10.4,24.96,93,58,Jember,-8.1724,113.702
2023-03-16,30.5,23.9,26.8,24.7,24.7,3.69,8.6,18.26,90,70,Jember,-8.1724,113.702
2023-03-17,30.9,23.5,26.0,15.4,15.4,3.67,8.0,18.55,95,71,Jember,-8.1724,113.702
2023-03-18,31.0,23.0,26.4,5.5,5.5,4.16,9.0,20.71,92,68,Jember,-8.1724,113.702
2023-03-19,31.5,23.6,26.9,5.4,5.4,4.32,13.1,21.14,94,64,Jember,-8.1724,113.702
2023-03-20,29.5,23.6,26.2,14.2,14.2,3.34,11.8,16.44,97,75,Jember,-8.1724,113.702
2023-03-21,32.0,22.5,27.0,1.2,1.2,4.9,7.2,23.76,96,63,Jember,-8.1724,113.702
2023-03-22,30.4,23.6,26.8,0.1,0.1,4.02,8.8,19.75,98,69,Jember,-8.1724,113.702
2023-03-23,31.4,24.1,27.3,0.9,0.9,4.45,7.6,21.49,93,66,Jember,-8.1724,113.702
2023-03-24,31.2,23.9,26.6,14.5,14.5,3.81,8.9,18.51,91,67,Jember,-8.1724,113.702
2023-03-25,30.4,22.5,26.4,0.2,0.2,4.16,10.5,20.42,92,63,Jember,-8.1724,113.702
2023-03-26,30.5,23.2,26.4,0.4,0.4,4.41,13.8,21.78,92,65,Jember,-8.1724,113.702
2023-03-27,28.9,23.6,26.0,7.1,7.1,3.67,7.6,18.58,95,73,Jember,-8.1724,113.702
2023-03-28,29.2,23.3,26.0,5.8,5.8,3.64,10.0,18.15,93,73,Jember,-8.1724,113.702
2023-03-29,30.2,24.6,26.9,2.5,2.5,3.69,10.0,17.82,92,67,Jember,-8.1724,113.702
2023-03-30,30.6,23.2,27.2,2.2,2.2,4.69,12.2,22.89,94,61,Jember,-8.1724,113.702
2023-03-31,28.4,23.6,25.7,26.9,26.9,2.69,10.3,13.46,96,65,Jember,-8.1724,113.702
2023-04-01,27.5,23.0,25.3,13.8,13.8,2.44,11.1,12.17,96,80,Jember,-8.1724,113.702
2023-04-02,28.5,24.1,25.4,16.6,16.6,2.77,11.8,13.82,98,83,Jember,-8.1724,113.702
2023-04-03,28.7,22.9,25.4,6.8,6.8,3.12,10.8,15.82,98,81,Jember,-8.1724,113.702
2023-04-04,28.6,23.5,25.4,11.4,11.4,2.77,10.9,13.85,97,76,Jember,-8.1724,113.702
2023-04-05,30.2,23.8,26.1,8.2,8.2,3.54,7.1,17.33,92,70,Jember,-8.1724,113.702
2023-04-06,29.8,23.6,25.8,24.2,24.2,3.49,14.3,17.9,94,76,Jember,-8.1724,113.702
2023-04-07,29.7,23.5,26.4,0.4,0.4,3.44,11.1,16.31,95,65,Jember,-8.1724,113.702
2023-04-08,30.0,22.6,26.5,0.2,0.2,4.08,16.1,19.73,92,66,Jember,-8.1724,113.702
2023-04-09,30.2,22.3,26.1,4.4,4.4,4.17,17.1,20.42,93,64,Jember,-8.1724,113.702
2023-04-10,29.8,23.5,25.8,14.1,14.1,3.59,16.5,18.28,95,75,Jember,-8.1724,113.702
2023-04-11,28.9,23.4,25.7,14.9,14.9,2.83,12.0,14.39,97,82,Jember,-8.1724,113.702
2023-04-12,28.8,24.1,25.9,15.3,15.3,3.25,9.0,16.61,97,83,Jember,-8.1724,113.702
2023-04-13,29.1,23.7,26.1,2.6,2.6,2.7,11.0,12.7,97,72,Jember,-8.1724,113.702
2023-04-14,28.6,23.4,25.9,5.9,5.9,2.71,13.8,13.4,95,77,Jember,-8.1724,113.702
2023-04-15,29.2,21.9,26.0,2.2,2.2,3.79,14.8,19.28,94,74,Jember,-8.1724,113.702
2023-04-16,31.2,24.3,26.8,0.7,0.7,4.34,16.1,21.08,93,66,Jember,-8.1724,113.702
2023-04-17,30.2,24.2,26.6,3.3,3.3,3.46,7.2,16.96,94,71,Jember,-8.1724,113.702
2023-04-18,31.5,22.4,26.7,2.3,2.3,4.4,11.9,21.13,94,63,Jember,-8.1724,113.702
2023-04-19,32.0,23.9,27.5,0.1,0.1,4.66,10.6,22.49,94,62,Jember,-8.1724,113.702
2023-04-20,31.0,23.5,26.6,1.8,1.8,3.9,11.2,19.5,99,71,Jember,-8.1724,113.702
2023-04-21,30.9,23.9,26.9,2.0,2.0,3.71,6.6,18.03,95,66,Jember,-8.1724,113.702
2023-04-22,31.5,24.2,27.2,1.1,1.1,3.93,10.1,18.79,96,61,Jember,-8.1724,113.702
2023-04-23,31.7,24.7,27.5,1.7,1.7,4.05,7.1,19.62,89,63,Jember,-8.1724,113.702
2023-04-24,32.0,24.1,27.5,0.4,0.4,4.4,5.8,21.36,95,63,Jember,-8.1724,113.702
2023-04-25,31.6,22.6,27.2,0.8,0.8,4.56,7.4,21.96,99,61,Jember,-8.1724,113.702
2023-04-26,30.7,24.0,26.7,3.2,3.2,3.24,6.9,15.59,95,70,Jember,-8.1724,113.702
2023-04-27,30.1,23.6,26.3,16.4,16.4,2.98,9.8,14.7,98,76,Jember,-8.1724,113.702
2023-04-28,28.9,23.5,26.0,3.8,3.8,3.01,7.9,15.01,97,80,Jember,-8.1724,113.702
2023-04-29,29.3,24.2,26.2,3.7,3.7,3.16,8.0,15.54,96,79,Jember,-8.1724,113.702
2023-04-30,31.0,24.0,26.4,7.6,7.6,3.31,8.9,15.83,97,65,Jember,-8.1724,113.702
2023-05-01,30.6,24.6,26.5,17.2,17.2,3.5,8.4,17.17,94,70,Jember,-8.1724,113.702
2023-05-02,31.1,23.7,27.0,1.0,1.0,3.24,9.7,15.67,94,61,Jember,-8.1724,113.702
2023-05-03,30.7,24.1,27.1,1.4,1.4,3.75,8.8,18.28,97,71,Jember,-8.1724,113.702
2023-05-04,31.4,24.9,27.2,3.8,3.8,3.88,7.4,18.85,97,65,Jember,-8.1724,113.702
2023-05-05,32.3,23.2,27.6,0.7,0.7,4.26,7.7,20.38,96,58,Jember,-8.1724,113.702
2023-05-06,31.5,24.1,26.7,4.3,4.3,3.53,14.7,17.16,96,67,Jember,-8.1724,113.702
2023-05-07,32.0,23.5,27.3,0.0,0.0,4.28,8.4,20.64,96,57,Jember,-8.1724,113.702
2023-05-08,31.9,23.8,27.2,0.4,0.4,4.07,10.4,19.48,91,61,Jember,-8.1724,113.702
2023-05-09,30.0,23.5,26.2,3.7,3.7,2.81,12.4,13.24,97,70,Jember,-8.1724,113.702
2023-05-10,31.1,23.8,26.8,8.2,8.2,2.91,10.4,13.64,99,65,Jember,-8.1724,113.702
2023-05-11,30.6,24.3,26.8,15.4,15.4,2.58,10.3,12.41,98,71,Jember,-8.1724,113.702
2023-05-12,32.0,24.6,27.6,0.7,0.7,4.1,10.7,19.33,96,62,Jember,-8.1724,113.702
2023-05-13,31.4,22.6,26.1,0.2,0.2,3.57,9.4,16.75,92,55,Jember,-8.1724,113.702
2023-05-14,30.1,22.0,25.8,0.0,0.0,3.53,9.2,16.26,89,56,Jember,-8.1724,113.702
2023-05-15,31.0,21.9,25.9,0.0,0.0,3.77,10.5,17.24,90,52,Jember,-8.1724,113.702
2023-05-16,30.6,23.0,26.1,0.8,0.8,4.0,11.5,19.3,92,55,Jember,-8.1724,113.702
2023-05-17,30.1,21.4,25.4,0.0,0.0,4.09,12.5,20.14,93,60,Jember,-8.1724,113.702
2023-05-18,30.0,22.0,25.6,0.8,0.8,4.02,12.5,19.7,90,62,Jember,-8.1724,113.702
2023-05-19,30.1,21.5,25.7,1.9,1.9,3.9,10.9,19.4,92,64,Jember,-8.1724,113.702
2023-05-20,31.5,21.1,26.2,0.0,0.0,4.28,8.0,20.51,90,54,Jember,-8.1724,113.702
2023-05-21,31.9,21.4,26.3,0.0,0.0,4.47,8.5,21.41,92,48,Jember,-8.1724,113.702
2023-05-22,30.8,20.7,25.8,0.0,0.0,4.08,9.4,19.78,92,52,Jember,-8.1724,113.702
2023-05-23,30.7,20.2,25.6,0.1,0.1,4.09,10.7,20.19,96,56,Jember,-8.1724,113.702
2023-05-24,31.0,22.0,26.3,0.7,0.7,4.2,7.6,20.46,94,58,Jember,-8.1724,113.702
2023-05-25,31.8,22.3,26.5,0.0,0.0,4.15,11.8,19.78,97,52,Jember,-8.1724,113.702
2023-05-26,31.2,21.4,26.0,0.0,0.0,4.35,15.3,20.36,91,56,Jember,-8.1724,113.702
2023-05-27,31.7,21.8,26.4,0.0,0.0,3.92,9.7,17.94,90,48,Jember,-8.1724,113.702
2023-05-28,30.4,20.9,25.8,0.0,0.0,4.44,13.8,21.18,89,50,Jember,-8.1724,113.702
2023-05-29,32.2,24.3,27.2,0.0,0.0,4.49,7.6,21.53,87,42,Jember,-8.1724,113.702
2023-05-30,31.8,21.9,26.6,0.0,0.0,4.25,15.2,20.55,89,42,Jember,-8.1724,113.702
2023-05-31,31.8,21.1,26.8,0.0,0.0,4.16,10.5,19.42,96,52,Jember,-8.1724,113.702
2023-06-01,32.5,22.5,27.3,0.0,0.0,4.03,12.7,18.13,97,51,Jember,-8.1724,113.702
2023-06-02,31.3,23.1,27.2,1.0,1.0,3.76,9.1,17.38,94,56,Jember,-8.1724,113.702
2023-06-03,33.0,22.8,27.4,0.0,0.0,3.97,9.5,18.29,91,50,Jember,-8.1724,113.702
2023-06-04,31.1,23.1,26.6,2.5,2.5,3.47,13.4,16.28,95,60,Jember,-8.1724,113.702
2023-06-05,31.1,23.6,26.5,3.1,3.1,3.54,10.2,16.71,96,61,Jember,-8.1724,113.702
2023-06-06,30.1,23.4,25.9,4.4,4.4,2.87,8.2,13.62,94,66,Jember,-8.1724,113.702
2023-06-07,30.5,23.7,26.1,2.6,2.6,3.23,9.3,15.55,94,64,Jember,-8.1724,113.702
2023-06-08,31.5,23.6,26.7,0.8,0.8,3.96,9.2,18.95,94,55,Jember,-8.1724,113.702
2023-06-09,31.7,21.9,26.5,0.0,0.0,3.85,6.2,18.38,94,51,Jember,-8.1724,113.702
2023-06-10,32.7,21.5,26.5,0.4,0.4,3.77,9.9,17.56,95,50,Jember,-8.1724,113.702
2023-06-11,31.0,23.3,26.1,7.8,7.8,3.07,9.5,14.8,95,63,Jember,-8.1724,113.702
2023-06-12,32.2,23.4,27.0,0.0,0.0,3.86,8.2,17.87,93,54,Jember,-8.1724,113.702
2023-06-13,32.2,23.1,26.8,0.0,0.0,4.44,17.1,19.74,89,52,Jember,-8.1724,113.702
2023-06-14,31.2,23.0,26.5,0.0,0.0,3.28,7.3,15.05,88,54,Jember,-8.1724,113.702
2023-06-15,31.1,23.1,26.7,0.0,0.0,3.65,14.5,16.24,94,52,Jember,-8.1724,113.702
2023-06-16,32.2,22.6,26.7,0.0,0.0,3.79,6.8,17.82,91,48,Jember,-8.1724,113.702
2023-06-17,32.3,22.5,27.1,0.0,0.0,4.22,9.4,20.12,96,48,Jember,-8.1724,113.702
2023-06-18,33.0,23.0,27.3,0.0,0.0,4.38,9.4,20.5,90,38,Jember,-8.1724,113.702
2023-06-19,33.0,21.5,27.4,0.0,0.0,4.59,13.4,19.97,87,38,Jember,-8.1724,113.702
2023-06-20,32.6,22.4,27.7,0.3,0.3,4.49,14.0,19.3,82,50,Jember,-8.1724,113.702
2023-06-21,32.2,22.1,27.2,0.7,0.7,3.46,11.8,15.18,89,48,Jember,-8.1724,113.702
2023-06-22,33.6,21.5,27.1,0.2,0.2,4.26,9.2,19.45,94,41,Jember,-8.1724,113.702
2023-06-23,32.0,21.3,26.2,0.0,0.0,4.46,17.7,20.38,98,51,Jember,-8.1724,113.702
2023-06-24,31.8,21.8,26.3,0.0,0.0,4.35,15.4,20.07,98,49,Jember,-8.1724,113.702
2023-06-25,31.9,22.2,26.4,1.5,1.5,3.97,14.9,18.33,97,51,Jember,-8.1724,113.702
2023-06-26,31.4,22.7,26.0,1.6,1.6,3.73,16.9,17.47,94,52,Jember,-8.1724,113.702
2023-06-27,30.5,22.3,25.5,4.4,4.4,3.38,13.6,15.86,97,59,Jember,-8.1724,113.702
2023-06-28,29.5,23.0,25.6,2.5,2.5,2.79,12.3,13.08,95,68,Jember,-8.1724,113.702
2023-06-29,30.0,23.5,26.0,2.5,2.5,3.24,12.9,15.16,97,66,Jember,-8.1724,113.702
2023-06-30,30.1,23.0,25.6,4.3,4.3,3.08,13.9,14.8,97,65,Jember,-8.1724,113.702
2023-07-01,29.0,23.8,25.5,9.1,9.1,1.95,8.2,8.96,95,71,Jember,-8.1724,113.702
2023-07-02,28.5,23.5,25.1,27.8,27.8,2.05,10.1,9.92,96,74,Jember,-8.1724,113.702
2023-07-03,29.0,22.6,25.5,2.1,2.1,3.04,10.6,14.72,95,70,Jember,-8.1724,113.702
2023-07-04,28.8,23.5,25.4,4.3,4.3,3.03,13.2,15.28,97,74,Jember,-8.1724,113.702
2023-07-05,29.2,23.5,25.5,8.5,8.5,2.63,12.4,12.83,98,73,Jember,-8.1724,113.702
2023-07-06,29.5,23.2,25.5,9.0,9.0,2.84,8.0,13.95,93,71,Jember,-8.1724,113.702
2023-07-07,27.0,23.7,24.8,32.1,32.1,2.01,11.6,10.22,95,84,Jember,-8.1724,113.702
2023-07-08,26.2,22.8,24.6,5.7,5.7,1.52,9.2,7.55,98,86,Jember,-8.1724,113.702
2023-07-09,30.4,23.6,26.3,0.1,0.1,3.66,7.5,17.97,96,60,Jember,-8.1724,113.702
2023-07-10,30.4,21.8,25.4,0.5,0.5,3.68,8.7,18.22,97,61,Jember,-8.1724,113.702
2023-07-11,30.3,21.8,25.1,0.0,0.0,3.96,12.4,19.44,92,55,Jember,-8.1724,113.702
2023-07-12,29.5,20.7,25.1,0.1,0.1,3.27,8.7,15.48,89,58,Jember,-8.1724,113.702
2023-07-13,29.1,22.9,25.9,0.7,0.7,3.27,7.8,15.84,91,68,Jember,-8.1724,113.702
2023-07-14,29.2,22.3,25.3,1.0,1.0,2.92,9.5,13.91,94,61,Jember,-8.1724,113.702
2023-07-15,29.3,21.6,25.3,3.4,3.4,3.35,11.0,16.5,94,68,Jember,-8.1724,113.702
2023-07-16,30.0,21.8,25.1,1.1,1.1,3.6,9.7,17.59,98,55,Jember,-8.1724,113.702
2023-07-17,30.7,20.1,25.0,0.0,0.0,3.95,12.2,19.16,92,51,Jember,-8.1724,113.702
2023-07-18,30.6,20.7,25.2,0.0,0.0,4.25,10.6,20.82,95,52,Jember,-8.1724,113.702
2023-07-19,29.5,21.5,24.7,0.1,0.1,3.59,10.3,16.97,90,55,Jember,-8.1724,113.702
2023-07-20,30.5,19.0,24.3,0.0,0.0,4.17,11.6,19.89,88,46,Jember,-8.1724,113.702
2023-07-21,29.5,20.4,24.6,0.0,0.0,3.0,7.6,13.75,90,52,Jember,-8.1724,113.702
2023-07-22,30.1,19.5,24.9,0.0,0.0,4.3,20.4,20.67,89,57,Jember,-8.1724,113.702
2023-07-23,30.5,20.4,25.0,0.0,0.0,3.88,13.8,18.05,90,49,Jember,-8.1724,113.702
2023-07-24,30.1,20.8,25.3,0.0,0.0,4.27,15.3,20.54,93,55,Jember,-8.1724,113.702
2023-07-25,31.4,20.9,25.8,0.1,0.1,3.97,11.9,18.79,91,52,Jember,-8.1724,113.702
2023-07-26,30.5,20.9,25.2,0.9,0.9,3.5,10.4,15.94,91,52,Jember,-8.1724,113.702
2023-07-27,31.5,20.1,25.1,0.0,0.0,4.34,10.0,21.0,95,44,Jember,-8.1724,113.702
2023-07-28,29.8,19.6,24.4,0.2,0.2,3.34,10.1,15.52,93,51,Jember,-8.1724,113.702
2023-07-29,30.6,20.0,24.5,0.0,0.0,4.36,13.8,20.17,89,48,Jember,-8.1724,113.702
2023-07-30,30.2,20.0,24.7,0.0,0.0,3.86,12.3,17.48,89,51,Jember,-8.1724,113.702
2023-07-31,31.6,21.0,25.5,0.0,0.0,3.94,8.0,19.06,96,48,Jember,-8.1724,113.702
2023-08-01,31.0,22.0,26.1,0.5,0.5,4.37,10.9,20.95,96,57,Jember,-8.1724,113.702
2023-08-02,32.0,20.9,25.9,0.1,0.1,4.39,15.0,20.71,98,51,Jember,-8.1724,113.702
2023-08-03,32.7,22.8,26.6,0.8,0.8,4.18,18.5,19.21,98,52,Jember,-8.1724,113.702
2023-08-04,31.0,22.5,25.9,0.1,0.1,3.94,10.1,18.36,97,51,Jember,-8.1724,113.702
2023-08-05,31.9,22.9,26.6,0.0,0.0,4.38,15.1,19.34,87,52,Jember,-8.1724,113.702
2023-08-06,31.6,22.5,26.3,0.0,0.0,4.19,11.1,19.65,95,53,Jember,-8.1724,113.702
2023-08-07,31.8,22.1,26.4,0.0,0.0,4.32,11.3,19.83,96,48,Jember,-8.1724,113.702
2023-08-08,32.3,19.8,25.3,0.0,0.0,4.85,11.4,22.79,99,35,Jember,-8.1724,113.702
2023-08-09,32.0,20.1,25.3,0.0,0.0,4.83,15.0,22.0,91,43,Jember,-8.1724,113.702
2023-08-10,32.0,18.9,24.8,0.0,0.0,4.76,14.8,22.28,97,40,Jember,-8.1724,113.702
2023-08-11,31.9,19.8,24.7,0.1,0.1,4.7,18.3,22.3,95,41,Jember,-8.1724,113.702
2023-08-12,32.3,21.0,24.9,0.0,0.0,4.65,18.8,21.81,96,41,Jember,-8.1724,113.702
2023-08-13,32.2,19.5,25.3,0.1,0.1,4.43,17.8,20.62,98,42,Jember,-8.1724,113.702
2023-08-14,32.5,20.6,25.8,0.0,0.0,4.69,10.6,21.82,94,38,Jember,-8.1724,113.702
2023-08-15,32.4,22.9,26.5,0.0,0.0,4.27,9.3,19.86,91,44,Jember,-8.1724,113.702
2023-08-16,31.2,21.7,25.7,0.1,0.1,3.9,9.7,17.19,90,46,Jember,-8.1724,113.702
2023-08-17,29.0,21.7,24.7,2.3,2.3,2.95,9.7,13.12,90,55,Jember,-8.1724,113.702
2023-08-18,30.6,20.0,24.7,0.1,0.1,3.55,10.8,15.76,97,48,Jember,-8.1724,113.702
2023-08-19,32.7,20.2,25.5,0.0,0.0,4.31,11.6,20.01,98,41,Jember,-8.1724,113.702
2023-08-20,33.1,21.6,26.1,0.6,0.6,4.51,12.7,20.45,100,44,Jember,-8.1724,113.702
2023-08-21,31.7,21.8,25.9,0.0,0.0,4.73,14.8,21.42,91,46,Jember,-8.1724,113.702
2023-08-22,31.3,21.2,25.6,0.0,0.0,4.36,13.4,19.01,94,47,Jember,-8.1724,113.702
2023-08-23,31.2,20.9,25.6,0.0,0.0,3.69,12.6,16.18,91,45,Jember,-8.1724,113.702
2023-08-24,32.8,20.9,26.2,0.0,0.0,4.77,15.1,21.59,94,43,Jember,-8.1724,113.702
2023-08-25,31.9,22.2,26.3,0.1,0.1,4.1,12.7,17.67,92,50,Jember,-8.1724,113.702
2023-08-26,31.6,21.5,26.1,0.0,0.0,3.64,9.2,15.75,93,48,Jember,-8.1724,113.702
2023-08-27,32.1,21.0,25.7,0.7,0.7,4.93,19.1,22.35,95,46,Jember,-8.1724,113.702
2023-08-28,32.6,22.1,26.4,0.1,0.1,4.9,9.5,22.93,94,40,Jember,-8.1724,113.702
2023-08-29,33.0,21.8,26.5,0.0,0.0,5.08,10.7,23.71,93,39,Jember,-8.1724,113.702
2023-08-30,33.2,20.9,26.2,0.4,0.4,4.97,16.2,22.44,94,43,Jember,-8.1724,113.702
2023-08-31,32.8,23.5,26.8,0.0,0.0,4.36,10.2,19.0,92,42,Jember,-8.1724,113.702
2023-09-01,32.3,20.5,25.7,0.1,0.1,5.03,11.4,23.19,97,39,Jember,-8.1724,113.702
2023-09-02,31.0,20.0,24.9,0.1,0.1,4.06,15.6,18.08,88,45,Jember,-8.1724,113.702
2023-09-03,31.5,19.6,25.5,0.0,0.0,4.13,9.9,18.69,94,41,Jember,-8.1724,113.702
2023-09-04,32.3,19.3,25.3,0.0,0.0,5.26,11.4,24.51,95,38,Jember,-8.1724,113.702
2023-09-05,33.5,20.1,25.9,0.0,0.0,5.2,20.9,23.7,91,39,Jember,-8.1724,113.702
2023-09-06,31.1,21.8,26.3,0.1,0.1,3.72,11.3,15.87,93,48,Jember,-8.1724,113.702
2023-09-07,32.2,21.8,25.9,0.2,0.2,3.75,12.6,15.73,96,44,Jember,-8.1724,113.702
2023-09-08,33.0,20.3,25.8,0.4,0.4,5.25,21.7,22.96,97,41,Jember,-8.1724,113.702
2023-09-09,31.6,19.9,25.2,0.0,0.0,5.33,20.4,24.87,96,48,Jember,-8.1724,113.702
2023-09-10,32.9,21.6,25.9,0.1,0.1,4.41,20.8,19.54,93,42,Jember,-8.1724,113.702
2023-09-11,34.1,22.1,26.8,1.7,1.7,4.62,11.4,21.06,96,42,Jember,-8.1724,113.702
2023-09-12,33.5,22.7,27.1,0.5,0.5,5.29,11.1,23.95,96,40,Jember,-8.1724,113.702
2023-09-13,32.5,22.3,26.5,1.0,1.0,4.84,10.9,22.26,94,45,Jember,-8.1724,113.702
2023-09-14,30.3,22.9,25.8,1.3,1.3,3.79,11.3,17.04,94,54,Jember,-8.1724,113.702
2023-09-15,32.1,22.3,26.5,1.4,1.4,4.93,13.1,21.92,92,47,Jember,-8.1724,113.702
2023-09-16,32.3,21.9,26.7,0.0,0.0,4.84,9.8,22.83,92,47,Jember,-8.1724,113.702
2023-09-17,32.2,22.9,26.5,1.3,1.3,4.58,10.9,21.18,97,48,Jember,-8.1724,113.702
2023-09-18,30.5,22.9,25.8,1.4,1.4,3.77,14.6,16.61,98,55,Jember,-8.1724,113.702
2023-09-19,32.6,22.0,25.9,0.8,0.8,4.91,20.0,22.26,92,44,Jember,-8.1724,113.702
2023-09-20,31.6,21.8,26.0,1.6,1.6,4.87,16.0,22.77,96,50,Jember,-8.1724,113.702
2023-09-21,33.0,20.5,25.7,0.0,0.0,5.36,20.1,23.81,98,42,Jember,-8.1724,113.702
2023-09-22,32.5,21.7,26.1,0.2,0.2,4.74,9.8,21.14,90,36,Jember,-8.1724,113.702
2023-09-23,32.5,20.2,25.8,2.0,2.0,5.0,17.0,23.59,96,45,Jember,-8.1724,113.702
2023-09-24,33.2,22.0,26.5,2.6,2.6,4.97,16.2,22.72,98,46,Jember,-8.1724,113.702
2023-09-25,33.0,22.5,26.6,0.6,0.6,5.24,11.5,24.08,96,40,Jember,-8.1724,113.702
2023-09-26,34.2,21.0,26.3,0.2,0.2,5.18,15.1,22.72,86,34,Jember,-8.1724,113.702
2023-09-27,34.0,21.8,26.8,0.2,0.2,5.18,19.8,23.72,88,39,Jember,-8.1724,113.702
2023-09-28,34.8,22.3,27.5,0.2,0.2,5.2,13.7,23.25,97,36,Jember,-8.1724,113.702
2023-09-29,34.8,22.5,27.5,0.5,0.5,5.6,18.2,24.85,97,39,Jember,-8.1724,113.702
2023-09-30,35.3,21.8,27.3,0.1,0.1,5.89,14.4,25.95,97,29,Jember,-8.1724,113.702
2023-10-01,34.1,22.5,27.2,0.6,0.6,5.65,17.4,25.02,94,36,Jember,-8.1724,113.702
2023-10-02,32.8,22.4,26.7,1.2,1.2,5.09,17.2,22.72,92,46,Jember,-8.1724,113.702
2023-10-03,32.5,23.4,26.7,1.8,1.8,4.6,13.8,21.04,94,52,Jember,-8.1724,113.702
2023-10-04,33.8,22.0,27.2,1.7,1.7,5.08,11.0,23.22,97,46,Jember,-8.1724,113.702
2023-10-05,33.2,23.6,27.8,2.4,2.4,5.18,16.1,23.44,97,53,Jember,-8.1724,113.702
2023-10-06,33.8,23.2,27.7,2.6,2.6,5.0,13.4,22.76,100,50,Jember,-8.1724,113.702
2023-10-07,35.1,23.9,28.1,2.3,2.3,5.24,17.7,23.73,97,40,Jember,-8.1724,113.702
2023-10-08,35.2,23.4,28.3,2.2,2.2,5.44,11.9,24.03,94,37,Jember,-8.1724,113.702
2023-10-09,35.5,22.7,28.4,0.0,0.0,5.54,10.7,24.57,93,36,Jember,-8.1724,113.702
2023-10-10,34.2,22.5,27.6,1.1,1.1,5.5,15.5,24.48,99,42,Jember,-8.1724,113.702
2023-10-11,35.0,23.9,27.7,0.2,0.2,5.29,20.5,23.43,93,38,Jember,-8.1724,113.702
2023-10-12,33.7,22.9,28.0,0.9,0.9,5.13,13.4,22.93,91,42,Jember,-8.1724,113.702
2023-10-13,34.5,23.1,27.3,7.4,7.4,4.98,13.8,22.58,96,43,Jember,-8.1724,113.702
2023-10-14,34.5,22.3,27.4,0.1,0.1,5.26,17.6,23.58,98,40,Jember,-8.1724,113.702
2023-10-15,34.5,23.2,28.3,1.1,1.1,5.32,16.6,23.68,98,39,Jember,-8.1724,113.702
2023-10-16,35.3,24.0,28.8,0.3,0.3,5.48,11.6,24.61,92,42,Jember,-8.1724,113.702
2023-10-17,36.0,23.8,28.4,0.7,0.7,5.41,20.9,24.06,98,33,Jember,-8.1724,113.702
2023-10-18,36.0,24.2,28.4,4.0,4.0,5.45,16.0,24.4,96,32,Jember,-8.1724,113.702
2023-10-19,34.5,23.0,28.0,0.3,0.3,5.58,20.2,24.64,98,43,Jember,-8.1724,113.702
2023-10-20,34.2,22.1,27.3,1.6,1.6,5.21,13.2,23.32,100,45,Jember,-8.1724,113.702
2023-10-21,34.5,22.5,27.4,0.6,0.6,5.35,16.7,23.57,100,45,Jember,-8.1724,113.702
2023-10-22,33.9,24.0,27.6,1.2,1.2,5.15,13.0,23.22,98,46,Jember,-8.1724,113.702
2023-10-23,33.2,23.8,27.4,2.5,2.5,4.81,15.1,22.06,99,47,Jember,-8.1724,113.702
2023-10-24,34.0,24.4,28.2,1.9,1.9,5.2,15.5,22.94,96,43,Jember,-8.1724,113.702
2023-10-25,34.2,22.5,27.8,3.4,3.4,5.19,15.5,22.91,99,46,Jember,-8.1724,113.702
2023-10-26,35.5,23.9,28.1,4.7,4.7,5.26,14.8,23.12,97,44,Jember,-8.1724,113.702
2023-10-27,35.7,23.9,28.3,0.6,0.6,5.58,17.4,24.47,99,33,Jember,-8.1724,113.702
2023-10-28,33.8,23.8,27.6,2.3,2.3,5.12,20.6,23.09,99,50,Jember,-8.1724,113.702
2023-10-29,34.9,23.4,28.3,1.2,1.2,5.44,10.7,24.17,98,42,Jember,-8.1724,113.702
2023-10-30,34.1,23.7,27.8,4.3,4.3,5.24,14.3,23.39,96,46,Jember,-8.1724,113.702
2023-10-31,34.5,22.4,28.1,1.8,1.8,5.45,13.3,24.09,96,44,Jember,-8.1724,113.702
2023-11-01,35.0,23.0,28.2,6.0,6.0,5.44,17.3,24.14,92,43,Jember,-8.1724,113.702
2023-11-02,34.6,23.1,28.4,3.0,3.0,5.38,14.3,24.74,94,48,Jember,-8.1724,113.702
2023-11-03,33.0,24.2,27.3,7.9,7.9,3.96,9.8,18.31,95,56,Jember,-8.1724,113.702
2023-11-04,33.2,23.5,27.6,0.8,0.8,4.94,11.5,22.74,97,53,Jember,-8.1724,113.702
2023-11-05,33.2,23.3,28.1,0.6,0.6,5.29,11.9,24.31,96,53,Jember,-8.1724,113.702
2023-11-06,34.5,25.4,28.5,1.6,1.6,5.33,16.4,23.62,97,50,Jember,-8.1724,113.702
2023-11-07,34.0,25.1,28.4,2.1,2.1,5.12,15.2,22.68,94,50,Jember,-8.1724,113.702
2023-11-08,34.2,24.5,28.4,3.6,3.6,5.2,14.3,23.07,96,51,Jember,-8.1724,113.702
2023-11-09,34.2,24.7,28.4,2.5,2.5,4.94,11.7,21.84,98,48,Jember,-8.1724,113.702
2023-11-10,34.5,24.6,27.8,2.0,2.0,4.98,16.4,22.69,98,46,Jember,-8.1724,113.702
2023-11-11,33.8,24.5,27.8,1.9,1.9,5.45,13.5,25.51,95,53,Jember,-8.1724,113.702
2023-11-12,32.3,23.6,27.2,4.6,4.6,4.79,14.6,22.29,97,59,Jember,-8.1724,113.702
2023-11-13,34.3,23.5,27.9,5.2,5.2,4.94,16.3,22.42,92,51,Jember,-8.1724,113.702
2023-11-14,33.0,24.1,27.7,7.6,7.6,4.28,8.9,20.01,96,57,Jember,-8.1724,113.702
2023-11-15,32.7,24.8,27.5,7.0,7.0,4.01,11.3,18.35,90,61,Jember,-8.1724,113.702
2023-11-16,32.1,24.9,27.6,6.5,6.5,4.55,15.5,20.91,93,59,Jember,-8.1724,113.702
2023-11-17,32.2,24.1,27.6,1.1,1.1,5.22,17.1,23.58,96,54,Jember,-8.1724,113.702
2023-11-18,33.5,23.0,27.7,0.9,0.9,5.53,18.9,24.06,97,48,Jember,-8.1724,113.702
2023-11-19,33.2,23.1,27.8,2.4,2.4,5.41,15.5,23.91,94,50,Jember,-8.1724,113.702
2023-11-20,34.2,23.7,27.5,6.8,6.8,4.6,11.2,20.66,95,51,Jember,-8.1724,113.702
2023-11-21,33.9,23.4,27.5,6.8,6.8,5.19,12.6,24.29,96,53,Jember,-8.1724,113.702
2023-11-22,34.4,23.8,28.4,1.0,1.0,5.47,15.5,24.19,95,47,Jember,-8.1724,113.702
2023-11-23,34.5,24.0,28.2,2.2,2.2,4.96,16.6,22.24,91,52,Jember,-8.1724,113.702
2023-11-24,34.0,24.7,27.3,16.7,16.7,4.37,14.1,20.55,97,57,Jember,-8.1724,113.702
2023-11-25,32.8,24.2,26.9,5.2,5.2,4.23,11.7,20.01,96,57,Jember,-8.1724,113.702
2023-11-26,32.0,24.0,27.4,2.5,2.5,4.77,14.7,22.38,98,60,Jember,-8.1724,113.702
2023-11-27,32.3,24.5,27.1,5.6,5.6,4.63,16.6,21.82,93,53,Jember,-8.1724,113.702
2023-11-28,31.6,23.7,26.7,1.7,1.7,3.66,12.6,17.33,96,61,Jember,-8.1724,113.702
2023-11-29,32.6,24.0,27.4,0.4,0.4,4.59,9.3,21.46,93,54,Jember,-8.1724,113.702
2023-11-30,33.3,23.8,27.3,12.9,12.9,4.19,10.9,19.61,98,57,Jember,-8.1724,113.702
2023-12-01,28.7,24.4,25.8,23.9,23.9,2.83,13.8,14.57,99,81,Jember,-8.1724,113.702
2023-12-02,31.8,24.2,26.0,18.2,18.2,2.99,10.7,14.35,96,65,Jember,-8.1724,113.702
2023-12-03,32.5,23.6,27.0,12.8,12.8,4.68,12.1,22.44,94,61,Jember,-8.1724,113.702
2023-12-04,29.6,24.0,26.4,11.8,11.8,3.33,12.6,16.01,97,71,Jember,-8.1724,113.702
2023-12-05,30.4,23.2,26.5,10.2,10.2,3.36,9.4,16.2,95,73,Jember,-8.1724,113.702
2023-12-06,32.8,24.5,27.5,2.4,2.4,4.64,14.8,22.27,93,62,Jember,-8.1724,113.702
2023-12-07,32.1,25.0,27.3,4.9,4.9,4.72,12.9,23.18,94,64,Jember,-8.1724,113.702
2023-12-08,32.5,23.7,26.9,3.6,3.6,4.22,11.8,20.43,97,62,Jember,-8.1724,113.702
2023-12-09,30.5,25.1,27.3,2.1,2.1,3.68,12.5,17.28,97,70,Jember,-8.1724,113.702
2023-12-10,31.8,24.0,26.8,7.5,7.5,4.04,11.6,19.43,96,63,Jember,-8.1724,113.702
2023-12-11,31.9,24.0,27.6,0.5,0.5,4.97,16.1,22.59,90,53,Jember,-8.1724,113.702
2023-12-12,33.0,22.6,27.4,2.1,2.1,5.12,18.4,24.12,97,55,Jember,-8.1724,113.702
2023-12-13,31.2,24.4,26.6,12.7,12.7,3.53,10.2,17.12,99,68,Jember,-8.1724,113.702
2023-12-14,31.2,23.6,26.3,3.6,3.6,3.73,12.3,18.03,99,69,Jember,-8.1724,113.702
2023-12-15,28.1,24.0,25.5,8.4,8.4,2.15,13.6,10.95,98,82,Jember,-8.1724,113.702
2023-12-16,30.8,24.7,27.0,2.5,2.5,4.28,14.8,20.68,96,67,Jember,-8.1724,113.702
2023-12-17,30.4,23.9,26.7,2.4,2.4,4.73,14.9,23.44,98,66,Jember,-8.1724,113.702
2023-12-18,31.7,22.9,26.6,0.0,0.0,5.51,17.1,26.41,90,55,Jember,-8.1724,113.702
2023-12-19,31.1,22.5,26.4,0.0,0.0,5.6,14.8,26.67,89,50,Jember,-8.1724,113.702
2023-12-20,32.0,24.0,27.2,0.0,0.0,5.27,16.8,23.91,77,48,Jember,-8.1724,113.702
2023-12-21,32.5,23.0,27.5,0.0,0.0,5.4,14.0,24.8,83,50,Jember,-8.1724,113.702
2023-12-22,33.0,24.2,27.4,8.4,8.4,4.39,12.7,20.42,87,53,Jember,-8.1724,113.702
2023-12-23,33.5,24.8,28.4,0.0,0.0,5.7,18.9,25.86,86,51,Jember,-8.1724,113.702
2023-12-24,33.7,23.5,28.3,0.5,0.5,5.14,8.6,24.0,92,48,Jember,-8.1724,113.702
2023-12-25,32.6,24.2,26.8,16.6,16.6,3.03,8.1,14.13,96,57,Jember,-8.1724,113.702
2023-12-26,31.6,24.5,27.5,1.5,1.5,4.07,13.5,19.74,97,66,Jember,-8.1724,113.702
2023-12-27,29.2,24.9,26.6,15.4,15.4,2.78,10.1,13.49,97,79,Jember,-8.1724,113.702
2023-12-28,32.0,24.1,26.8,16.0,16.0,3.69,13.0,17.7,97,65,Jember,-8.1724,113.702
2023-12-29,32.2,24.9,27.6,12.1,12.1,4.22,10.6,20.19,92,66,Jember,-8.1724,113.702
2023-12-30,33.3,24.2,27.3,15.0,15.0,4.45,10.0,21.09,94,62,Jember,-8.1724,113.702
2023-12-31,32.2,23.8,26.9,14.0,14.0,3.71,10.2,17.87,97,68,Jember,-8.1724,113.702
2024-01-01,31.1,24.7,27.0,25.5,25.5,2.97,7.4,14.37,97,74,Jember,-8.1724,113.702
2024-01-02,32.5,23.6,27.1,3.5,3.5,4.05,8.5,19.69,99,68,Jember,-8.1724,113.702
2024-01-03,31.0,24.7,27.5,0.7,0.7,4.51,10.6,22.1,96,70,Jember,-8.1724,113.702
2024-01-04,31.4,23.7,26.8,12.5,12.5,3.93,6.7,19.22,97,72,Jember,-8.1724,113.702
2024-01-05,29.4,24.4,26.5,9.4,9.4,2.77,12.1,13.63,97,79,Jember,-8.1724,113.702
2024-01-06,31.4,23.9,26.7,28.3,28.3,3.32,10.1,16.22,97,70,Jember,-8.1724,113.702
2024-01-07,31.6,24.6,26.8,38.2,38.2,3.13,8.7,14.82,99,66,Jember,-8.1724,113.702
2024-01-08,31.5,25.5,27.4,0.1,0.1,4.59,11.2,22.58,95,66,Jember,-8.1724,113.702
2024-01-09,31.5,24.0,27.1,8.1,8.1,3.99,6.5,19.39,96,70,Jember,-8.1724,113.702
2024-01-10,32.2,24.1,27.6,1.1,1.1,4.57,11.0,21.68,96,63,Jember,-8.1724,113.702
2024-01-11,32.8,25.0,28.0,1.0,1.0,5.06,16.8,24.2,97,62,Jember,-8.1724,113.702
2024-01-12,31.8,24.9,28.2,0.0,0.0,5.43,16.9,24.58,88,54,Jember,-8.1724,113.702
2024-01-13,32.2,23.8,27.7,0.0,0.0,4.77,17.8,21.26,90,56,Jember,-8.1724,113.702
2024-01-14,32.4,23.8,28.1,0.0,0.0,5.33,14.8,24.4,91,54,Jember,-8.1724,113.702
2024-01-15,31.5,25.0,27.9,0.5,0.5,3.65,12.9,16.63,92,62,Jember,-8.1724,113.702
2024-01-16,31.9,24.9,28.0,1.1,1.1,4.38,14.7,20.67,91,63,Jember,-8.1724,113.702
2024-01-17,31.1,24.2,26.8,5.4,5.4,4.38,11.8,21.51,98,65,Jember,-8.1724,113.702
2024-01-18,29.9,24.0,26.2,8.2,8.2,3.01,14.6,14.43,97,70,Jember,-8.1724,113.702
2024-01-19,28.6,24.0,25.9,5.3,5.3,2.49,17.7,11.94,97,78,Jember,-8.1724,113.702
2024-01-20,30.6,23.5,26.5,2.2,2.2,4.48,23.0,22.07,97,62,Jember,-8.1724,113.702
2024-01-21,31.0,23.7,27.2,4.3,4.3,4.83,23.7,23.5,97,64,Jember,-8.1724,113.702
2024-01-22,30.8,23.2,26.8,16.9,16.9,3.51,15.8,17.07,92,65,Jember,-8.1724,113.702
2024-01-23,30.1,24.2,27.2,1.9,1.9,3.59,18.5,16.49,96,68,Jember,-8.1724,113.702
2024-01-24,31.9,23.8,26.8,2.6,2.6,4.05,13.7,19.59,95,62,Jember,-8.1724,113.702
2024-01-25,31.2,23.3,26.5,6.5,6.5,3.99,11.9,19.54,94,65,Jember,-8.1724,113.702
2024-01-26,30.0,23.2,25.8,9.2,9.2,3.79,8.7,18.68,97,68,Jember,-8.1724,113.702
2024-01-27,29.0,23.1,25.1,9.0,9.0,3.5,10.2,17.88,97,67,Jember,-8.1724,113.702
2024-01-28,29.3,23.1,25.6,21.5,21.5,2.86,7.4,14.07,98,76,Jember,-8.1724,113.702
2024-01-29,30.9,23.9,26.5,8.1,8.1,3.89,7.9,19.12,97,71,Jember,-8.1724,113.702
2024-01-30,30.5,23.8,26.4,23.7,23.7,3.72,6.6,18.37,96,75,Jember,-8.1724,113.702
2024-01-31,31.1,23.5,26.7,15.7,15.7,4.26,15.1,21.34,98,68,Jember,-8.1724,113.702
2024-02-01,31.5,24.4,26.8,2.8,2.8,4.36,7.1,21.3,98,68,Jember,-8.1724,113.702
2024-02-02,31.0,24.2,26.8,9.6,9.6,4.01,10.4,19.67,95,70,Jember,-8.1724,113.702
2024-02-03,27.9,24.1,25.7,40.6,40.6,2.42,7.8,12.08,99,86,Jember,-8.1724,113.702
2024-02-04,29.2,24.1,26.0,18.9,18.9,3.0,15.3,14.87,98,78,Jember,-8.1724,113.702
2024-02-05,30.9,23.6,26.2,7.8,7.8,3.74,11.3,18.52,95,68,Jember,-8.1724,113.702
2024-02-06,31.6,23.1,26.3,15.1,15.1,4.25,13.2,21.29,96,66,Jember,-8.1724,113.702
2024-02-07,31.5,23.1,26.5,2.2,2.2,4.27,17.3,20.81,96,67,Jember,-8.1724,113.702
2024-02-08,31.1,23.8,26.5,2.6,2.6,3.94,9.2,19.13,98,70,Jember,-8.1724,113.702
2024-02-09,30.0,23.6,26.2,9.6,9.6,3.84,11.3,19.51,99,79,Jember,-8.1724,113.702
2024-02-10,30.9,23.6,26.2,14.1,14.1,3.51,13.4,17.36,99,72,Jember,-8.1724,113.702
2024-02-11,29.9,23.2,26.1,12.8,12.8,3.46,13.1,17.33,99,74,Jember,-8.1724,113.702
2024-02-12,31.2,24.0,27.0,6.0,6.0,3.97,13.0,19.63,98,69,Jember,-8.1724,113.702
2024-02-13,30.2,25.0,27.3,0.6,0.6,3.36,8.9,16.01,94,72,Jember,-8.1724,113.702
2024-02-14,30.9,24.1,27.4,0.4,0.4,4.58,6.5,22.29,94,68,Jember,-8.1724,113.702
2024-02-15,32.0,24.6,27.2,5.0,5.0,4.23,10.6,20.51,94,68,Jember,-8.1724,113.702
2024-02-16,32.5,24.7,27.7,6.1,6.1,4.87,9.0,23.41,94,65,Jember,-8.1724,113.702
2024-02-17,30.9,24.5,26.4,16.9,16.9,3.21,11.4,15.67,96,73,Jember,-8.1724,113.702
2024-02-18,31.5,23.8,26.6,18.8,18.8,3.49,12.6,17.1,98,68,Jember,-8.1724,113.702
2024-02-19,32.2,24.9,28.2,0.0,0.0,4.95,7.8,23.5,92,62,Jember,-8.1724,113.702
2024-02-20,32.5,24.6,27.7,4.4,4.4,4.88,8.8,23.54,95,65,Jember,-8.1724,113.702
2024-02-21,32.4,25.2,27.7,3.2,3.2,4.44,9.7,21.7,94,70,Jember,-8.1724,113.702
2024-02-22,32.2,25.0,27.7,3.5,3.5,4.65,8.6,22.33,94,61,Jember,-8.1724,113.702
2024-02-23,31.4,25.2,27.4,1.2,1.2,4.04,7.7,19.34,92,64,Jember,-8.1724,113.702
2024-02-24,31.4,25.3,27.3,2.7,2.7,3.33,10.4,15.65,92,66,Jember,-8.1724,113.702
2024-02-25,30.5,24.1,26.8,1.5,1.5,3.53,10.5,16.85,95,69,Jember,-8.1724,113.702
2024-02-26,30.9,24.2,26.4,11.7,11.7,3.25,13.3,16.02,97,71,Jember,-8.1724,113.702
2024-02-27,30.5,24.5,26.9,7.5,7.5,3.77,8.4,18.82,98,73,Jember,-8.1724,113.702
2024-02-28,30.5,24.6,27.1,0.8,0.8,3.98,7.6,19.42,95,73,Jember,-8.1724,113.702
2024-02-29,32.0,24.2,27.9,1.0,1.0,4.59,8.3,21.87,92,64,Jember,-8.1724,113.702
2024-03-01,29.4,24.6,26.4,17.1,17.1,3.17,7.8,15.66,96,73,Jember,-8.1724,113.702
2024-03-02,29.9,23.5,26.5,1.8,1.8,3.7,9.4,18.06,96,74,Jember,-8.1724,113.702
2024-03-03,30.9,25.0,27.2,1.5,1.5,3.59,6.7,17.38,98,70,Jember,-8.1724,113.702
2024-03-04,30.4,25.1,26.9,10.8,10.8,3.23,11.9,15.83,96,77,Jember,-8.1724,113.702
2024-03-05,31.1,24.1,26.8,14.7,14.7,3.65,8.2,17.92,100,77,Jember,-8.1724,113.702
2024-03-06,32.0,24.8,27.6,6.7,6.7,4.43,7.7,21.48,97,69,Jember,-8.1724,113.702
2024-03-07,29.4,24.7,27.0,2.9,2.9,2.97,9.2,14.41,97,77,Jember,-8.1724,113.702
2024-03-08,29.2,25.1,26.5,48.8,48.8,2.95,8.1,14.41,96,75,Jember,-8.1724,113.702
2024-03-09,29.7,23.5,25.9,32.1,32.1,2.61,10.2,12.62,99,79,Jember,-8.1724,113.702
2024-03-10,28.0,24.4,26.1,6.2,6.2,2.15,10.5,9.62,97,78,Jember,-8.1724,113.702
2024-03-11,29.3,24.6,26.9,0.2,0.2,3.05,8.3,14.19,89,70,Jember,-8.1724,113.702
2024-03-12,28.9,25.8,27.1,0.6,0.6,3.11,14.6,13.45,86,76,Jember,-8.1724,113.702
2024-03-13,29.9,25.9,27.3,0.1,0.1,4.02,17.0,17.43,85,69,Jember,-8.1724,113.702
2024-03-14,28.7,24.0,25.9,3.4,3.4,2.87,14.3,13.91,93,77,Jember,-8.1724,113.702
2024-03-15,29.0,24.1,25.9,11.5,11.5,3.89,11.0,19.23,97,74,Jember,-8.1724,113.702
2024-03-16,30.9,24.2,26.8,1.3,1.3,4.62,10.0,22.53,89,64,Jember,-8.1724,113.702
2024-03-17,28.6,23.8,25.9,17.1,17.1,3.94,9.3,19.95,95,72,Jember,-8.1724,113.702
2024-03-18,28.9,23.6,26.1,1.0,1.0,3.22,11.7,15.5,93,66,Jember,-8.1724,113.702
2024-03-19,31.5,24.3,27.2,1.3,1.3,5.04,11.5,24.1,91,60,Jember,-8.1724,113.702
2024-03-20,31.2,23.2,26.9,0.2,0.2,4.71,7.6,22.97,97,65,Jember,-8.1724,113.702
2024-03-21,31.7,24.1,26.9,0.3,0.3,4.18,10.9,20.09,96,62,Jember,-8.1724,113.702
2024-03-22,31.6,23.6,27.3,2.2,2.2,4.42,8.6,21.25,98,63,Jember,-8.1724,113.702
2024-03-23,31.9,24.6,27.5,3.8,3.8,4.65,11.1,22.45,93,65,Jember,-8.1724,113.702
2024-03-24,31.4,24.5,27.0,3.3,3.3,4.19,8.4,20.67,94,69,Jember,-8.1724,113.702
2024-03-25,31.5,25.6,27.7,1.6,1.6,4.28,12.0,20.28,90,61,Jember,-8.1724,113.702
2024-03-26,32.5,24.0,27.3,6.5,6.5,4.3,14.2,20.77,95,62,Jember,-8.1724,113.702
2024-03-27,31.9,23.9,27.6,0.7,0.7,4.77,10.5,23.0,93,63,Jember,-8.1724,113.702
2024-03-28,32.0,24.4,27.2,3.1,3.1,4.06,8.9,19.42,94,65,Jember,-8.1724,113.702
2024-03-29,30.4,23.8,27.0,6.3,6.3,3.61,7.6,17.42,97,73,Jember,-8.1724,113.702
2024-03-30,33.0,24.0,28.1,1.1,1.1,4.99,13.4,23.32,94,61,Jember,-8.1724,113.702
2024-03-31,32.2,24.9,28.0,1.7,1.7,4.51,11.8,20.89,91,61,Jember,-8.1724,113.702
2024-04-01,29.7,24.2,26.7,13.4,13.4,2.99,7.6,14.55,95,77,Jember,-8.1724,113.702
2024-04-02,29.9,24.3,26.3,17.1,17.1,2.95,10.2,14.56,96,76,Jember,-8.1724,113.702
2024-04-03,32.2,24.5,27.2,3.6,3.6,4.11,9.7,20.22,94,70,Jember,-8.1724,113.702
2024-04-04,30.1,24.4,27.3,0.3,0.3,3.09,11.5,14.58,95,74,Jember,-8.1724,113.702
2024-04-05,31.5,25.1,28.2,1.4,1.4,4.32,9.4,20.65,92,65,Jember,-8.1724,113.702
2024-04-06,32.5,23.4,27.8,0.5,0.5,5.11,13.8,24.04,95,58,Jember,-8.1724,113.702
2024-04-07,31.4,25.4,27.3,15.4,15.4,4.0,12.2,19.44,96,72,Jember,-8.1724,113.702
2024-04-08,29.8,24.0,26.2,13.9,13.9,2.98,9.4,14.58,98,73,Jember,-8.1724,113.702
2024-04-09,29.1,23.8,26.0,10.2,10.2,3.18,5.6,15.81,100,78,Jember,-8.1724,113.702
2024-04-10,29.5,24.0,26.4,29.9,29.9,2.98,9.3,14.63,98,78,Jember,-8.1724,113.702
2024-04-11,30.9,24.9,26.5,35.8,35.8,2.86,7.3,13.86,98,74,Jember,-8.1724,113.702
2024-04-12,31.5,23.8,26.8,22.9,22.9,3.72,9.7,18.16,94,71,Jember,-8.1724,113.702
2024-04-13,32.5,24.9,27.6,14.1,14.1,4.21,6.8,20.13,97,64,Jember,-8.1724,113.702
2024-04-14,32.4,24.3,27.6,4.0,4.0,4.67,8.3,22.5,98,62,Jember,-8.1724,113.702
2024-04-15,32.3,23.8,27.8,0.3,0.3,4.59,6.3,22.14,95,60,Jember,-8.1724,113.702
2024-04-16,32.1,24.3,27.6,2.9,2.9,4.38,8.7,21.25,96,66,Jember,-8.1724,113.702
2024-04-17,30.8,25.0,26.7,25.7,25.7,2.67,8.7,12.48,95,72,Jember,-8.1724,113.702
2024-04-18,31.1,23.9,26.3,21.2,21.2,3.21,10.4,15.61,97,72,Jember,-8.1724,113.702
2024-04-19,31.4,24.0,26.4,39.9,39.9,3.36,10.1,16.47,98,75,Jember,-8.1724,113.702
2024-04-20,32.5,24.1,27.5,1.4,1.4,4.23,7.9,20.13,98,61,Jember,-8.1724,113.702
2024-04-21,31.9,24.5,27.0,7.4,7.4,3.76,11.2,18.38,97,69,Jember,-8.1724,113.702
2024-04-22,29.5,24.2,26.4,18.5,18.5,2.99,8.7,14.65,98,77,Jember,-8.1724,113.702
2024-04-23,30.0,24.0,26.2,13.7,13.7,2.64,7.2,12.9,96,78,Jember,-8.1724,113.702
2024-04-24,31.5,24.2,26.9,1.1,1.1,2.99,7.8,14.36,98,69,Jember,-8.1724,113.702
2024-04-25,29.4,24.5,26.9,7.0,7.0,2.69,10.2,13.17,96,75,Jember,-8.1724,113.702
2024-04-26,32.1,23.8,27.1,7.7,7.7,3.73,7.2,18.08,97,65,Jember,-8.1724,113.702
2024-04-27,33.2,23.9,27.9,1.0,1.0,4.53,6.4,21.55,97,57,Jember,-8.1724,113.702
2024-04-28,33.5,24.9,27.9,0.3,0.3,4.55,12.8,21.34,98,56,Jember,-8.1724,113.702
2024-04-29,32.5,25.0,27.9,0.1,0.1,4.44,10.1,20.89,92,60,Jember,-8.1724,113.702
2024-04-30,32.2,24.4,27.5,1.0,1.0,4.1,8.0,19.43,95,61,Jember,-8.1724,113.702
2024-05-01,32.6,24.8,28.0,0.5,0.5,4.2,7.9,19.89,96,60,Jember,-8.1724,113.702
2024-05-02,31.2,25.2,27.3,2.2,2.2,3.74,11.1,18.12,95,67,Jember,-8.1724,113.702
2024-05-03,32.6,24.5,27.6,0.2,0.2,4.32,11.5,20.24,93,58,Jember,-8.1724,113.702
2024-05-04,31.2,23.5,26.8,0.4,0.4,4.17,8.1,20.34,93,61,Jember,-8.1724,113.702
2024-05-05,31.5,22.1,26.1,0.3,0.3,4.47,17.1,21.2,94,56,Jember,-8.1724,113.702
2024-05-06,30.6,22.9,26.5,0.5,0.5,3.94,9.3,19.05,91,63,Jember,-8.1724,113.702
2024-05-07,30.6,23.4,26.4,2.7,2.7,3.79,11.2,18.54,93,69,Jember,-8.1724,113.702
2024-05-08,32.2,23.4,27.1,1.4,1.4,4.12,8.0,19.7,96,60,Jember,-8.1724,113.702
2024-05-09,30.8,24.1,27.1,1.7,1.7,3.56,9.7,17.06,93,66,Jember,-8.1724,113.702
2024-05-10,32.8,24.4,27.9,0.3,0.3,4.2,6.4,20.15,95,59,Jember,-8.1724,113.702
2024-05-11,31.2,24.6,27.2,9.5,9.5,3.76,9.9,18.33,98,65,Jember,-8.1724,113.702
2024-05-12,33.2,24.0,27.3,2.1,2.1,4.02,6.1,19.26,98,58,Jember,-8.1724,113.702
2024-05-13,32.2,22.9,27.1,1.0,1.0,4.36,9.4,20.88,98,59,Jember,-8.1724,113.702
2024-05-14,32.2,23.4,27.2,1.0,1.0,4.3,11.6,20.57,99,60,Jember,-8.1724,113.702
2024-05-15,32.2,22.8,26.9,0.1,0.1,4.1,7.6,19.72,98,58,Jember,-8.1724,113.702
2024-05-16,33.1,24.0,27.6,0.0,0.0,4.18,8.6,19.36,95,52,Jember,-8.1724,113.702
2024-05-17,32.7,23.6,27.5,0.1,0.1,4.23,7.8,20.1,96,55,Jember,-8.1724,113.702
2024-05-18,32.2,24.2,27.5,0.2,0.2,4.32,12.7,19.92,94,55,Jember,-8.1724,113.702
2024-05-19,31.4,24.1,27.2,0.1,0.1,4.28,16.0,19.65,88,58,Jember,-8.1724,113.702
2024-05-20,31.7,23.5,27.1,0.0,0.0,4.08,10.0,18.81,88,56,Jember,-8.1724,113.702
2024-05-21,32.3,23.2,27.2,0.1,0.1,3.97,8.1,18.42,94,53,Jember,-8.1724,113.702
2024-05-22,32.3,23.4,27.2,0.0,0.0,4.21,13.8,19.44,97,55,Jember,-8.1724,113.702
2024-05-23,32.2,24.0,27.4,0.5,0.5,3.93,13.7,18.42,99,58,Jember,-8.1724,113.702
2024-05-24,32.4,23.6,27.2,8.5,8.5,3.79,10.5,17.7,99,59,Jember,-8.1724,113.702
2024-05-25,32.4,24.5,27.4,5.8,5.8,3.69,9.0,17.06,96,57,Jember,-8.1724,113.702
2024-05-26,32.2,24.7,27.5,0.7,0.7,3.98,9.1,18.41,95,55,Jember,-8.1724,113.702
2024-05-27,32.2,23.8,27.4,0.3,0.3,3.88,8.5,18.68,96,59,Jember,-8.1724,113.702
2024-05-28,32.9,23.4,27.6,0.0,0.0,4.25,15.3,19.83,99,52,Jember,-8.1724,113.702
2024-05-29,32.5,23.4,27.2,0.2,0.2,4.17,13.7,19.52,98,53,Jember,-8.1724,113.702
2024-05-30,32.3,23.7,27.3,1.9,1.9,3.97,13.6,18.4,98,58,Jember,-8.1724,113.702
2024-05-31,32.3,23.8,27.5,1.0,1.0,3.9,9.2,18.13,94,59,Jember,-8.1724,113.702
2024-06-01,32.6,24.5,27.8,0.3,0.3,3.9,9.6,18.15,96,57,Jember,-8.1724,113.702
2024-06-02,31.1,24.5,27.1,3.6,3.6,2.93,10.6,13.67,97,66,Jember,-8.1724,113.702
2024-06-03,29.2,24.2,26.7,7.0,7.0,3.0,7.6,14.53,98,71,Jember,-8.1724,113.702
2024-06-04,32.7,22.6,27.3,0.1,0.1,3.96,7.4,18.73,92,52,Jember,-8.1724,113.702
2024-06-05,32.0,23.0,26.9,1.0,1.0,3.97,8.7,18.62,96,55,Jember,-8.1724,113.702
2024-06-06,32.9,24.1,27.4,0.9,0.9,4.05,10.4,18.33,88,50,Jember,-8.1724,113.702
2024-06-07,31.2,23.5,26.7,1.1,1.1,3.55,9.5,16.59,95,60,Jember,-8.1724,113.702
2024-06-08,32.5,24.1,27.7,0.2,0.2,3.74,6.6,17.24,93,54,Jember,-8.1724,113.702
2024-06-09,31.9,23.8,27.0,1.4,1.4,3.52,9.7,16.53,96,59,Jember,-8.1724,113.702
2024-06-10,32.6,23.7,27.7,0.2,0.2,3.83,6.8,18.17,96,54,Jember,-8.1724,113.702
2024-06-11,32.3,23.5,27.3,0.3,0.3,3.94,7.9,18.44,97,54,Jember,-8.1724,113.702
2024-06-12,32.7,23.8,27.3,1.4,1.4,4.12,13.6,18.4,96,52,Jember,-8.1724,113.702
2024-06-13,31.5,22.8,26.4,3.2,3.2,3.62,14.0,16.8,96,55,Jember,-8.1724,113.702
2024-06-14,31.8,23.0,26.9,0.3,0.3,3.84,12.0,18.12,98,55,Jember,-8.1724,113.702
2024-06-15,31.8,23.3,27.2,1.5,1.5,3.9,9.7,18.11,98,57,Jember,-8.1724,113.702
2024-06-16,33.0,22.7,26.8,0.2,0.2,3.96,16.3,18.21,97,48,Jember,-8.1724,113.702
2024-06-17,32.3,23.1,27.6,0.0,0.0,3.84,10.2,17.14,97,51,Jember,-8.1724,113.702
2024-06-18,34.0,22.0,27.2,0.0,0.0,4.36,11.1,19.82,96,36,Jember,-8.1724,113.702
2024-06-19,32.6,21.4,26.3,0.0,0.0,3.91,8.6,17.79,93,42,Jember,-8.1724,113.702
2024-06-20,32.2,21.9,26.5,0.0,0.0,4.49,14.5,19.83,91,45,Jember,-8.1724,113.702
2024-06-21,32.0,20.4,25.9,0.0,0.0,4.2,15.3,18.77,92,46,Jember,-8.1724,113.702
2024-06-22,32.0,20.8,26.1,0.0,0.0,4.16,12.2,18.76,94,48,Jember,-8.1724,113.702
2024-06-23,31.4,22.5,26.0,4.3,4.3,2.85,10.2,12.83,96,55,Jember,-8.1724,113.702
2024-06-24,29.9,23.8,25.7,4.2,4.2,2.36,8.6,10.88,93,62,Jember,-8.1724,113.702
2024-06-25,31.5,22.5,26.7,0.5,0.5,3.66,14.1,16.45,91,55,Jember,-8.1724,113.702
2024-06-26,32.9,23.7,27.7,0.0,0.0,4.05,10.0,18.24,94,50,Jember,-8.1724,113.702
2024-06-27,33.0,23.5,27.4,0.3,0.3,4.19,13.0,19.31,93,49,Jember,-8.1724,113.702
2024-06-28,32.8,23.5,27.6,0.2,0.2,4.17,10.3,19.39,96,51,Jember,-8.1724,113.702
2024-06-29,33.3,23.6,27.7,0.5,0.5,4.16,9.2,18.82,95,48,Jember,-8.1724,113.702
2024-06-30,33.0,22.6,27.4,0.0,0.0,4.11,11.1,18.07,93,46,Jember,-8.1724,113.702
2024-07-01,32.1,22.6,26.9,0.4,0.4,3.66,8.2,16.23,90,49,Jember,-8.1724,113.702
2024-07-02,30.2,24.0,26.0,1.4,1.4,2.69,11.3,12.35,90,65,Jember,-8.1724,113.702
2024-07-03,31.0,23.0,26.5,0.7,0.7,2.78,8.6,12.2,94,57,Jember,-8.1724,113.702
2024-07-04,31.2,24.1,26.7,0.8,0.8,3.38,17.3,14.13,96,56,Jember,-8.1724,113.702
2024-07-05,32.4,23.4,27.1,0.0,0.0,4.45,15.3,18.96,85,47,Jember,-8.1724,113.702
2024-07-06,33.5,21.9,27.3,0.0,0.0,4.1,8.9,18.46,93,42,Jember,-8.1724,113.702
2024-07-07,32.8,23.2,27.3,1.6,1.6,4.07,10.5,18.73,97,52,Jember,-8.1724,113.702
2024-07-08,32.8,21.5,26.7,0.0,0.0,4.48,14.8,19.86,96,40,Jember,-8.1724,113.702
2024-07-09,33.4,22.0,27.3,0.9,0.9,4.34,13.2,19.77,93,41,Jember,-8.1724,113.702
2024-07-10,32.2,23.0,26.9,0.6,0.6,4.03,10.8,18.42,94,47,Jember,-8.1724,113.702
2024-07-11,30.5,22.3,25.8,0.9,0.9,4.12,13.7,18.99,83,52,Jember,-8.1724,113.702
2024-07-12,31.5,20.6,25.6,0.0,0.0,4.29,12.7,19.04,91,43,Jember,-8.1724,113.702
2024-07-13,31.3,20.6,24.9,0.0,0.0,3.73,11.9,17.02,91,40,Jember,-8.1724,113.702
2024-07-14,31.0,19.6,24.5,0.0,0.0,4.43,20.2,19.25,89,42,Jember,-8.1724,113.702
2024-07-15,31.0,18.6,24.7,0.1,0.1,3.63,10.8,16.23,92,42,Jember,-8.1724,113.702
2024-07-16,31.9,20.5,25.6,0.0,0.0,4.69,17.6,21.11,92,44,Jember,-8.1724,113.702
2024-07-17,32.9,20.1,26.1,0.0,0.0,4.69,12.7,20.88,92,40,Jember,-8.1724,113.702
2024-07-18,33.5,20.6,26.4,0.3,0.3,4.28,16.0,19.05,98,40,Jember,-8.1724,113.702
2024-07-19,32.5,21.7,26.2,0.0,0.0,4.47,17.4,19.55,91,42,Jember,-8.1724,113.702
2024-07-20,32.9,20.2,26.0,0.0,0.0,4.17,13.8,18.66,95,38,Jember,-8.1724,113.702
2024-07-21,31.1,22.1,26.4,0.0,0.0,3.9,11.8,16.15,88,46,Jember,-8.1724,113.702
2024-07-22,32.6,20.1,26.0,0.0,0.0,3.94,11.5,17.1,92,38,Jember,-8.1724,113.702
2024-07-23,32.2,21.5,26.6,0.1,0.1,3.73,13.9,15.6,94,45,Jember,-8.1724,113.702
2024-07-24,31.8,22.9,26.6,0.1,0.1,4.12,17.0,16.84,95,46,Jember,-8.1724,113.702
2024-07-25,33.8,20.1,26.1,1.2,1.2,4.42,17.0,19.57,97,38,Jember,-8.1724,113.702
2024-07-26,33.0,21.1,26.4,0.0,0.0,4.2,11.4,18.3,95,41,Jember,-8.1724,113.702
2024-07-27,33.7,22.7,27.0,0.0,0.0,4.5,13.2,19.44,90,41,Jember,-8.1724,113.702
2024-07-28,31.7,22.0,26.3,0.5,0.5,3.94,12.1,17.7,96,51,Jember,-8.1724,113.702
2024-07-29,31.0,21.9,25.8,3.6,3.6,3.58,9.3,16.77,96,54,Jember,-8.1724,113.702
2024-07-30,31.1,23.1,25.7,6.4,6.4,3.44,10.0,16.34,96,58,Jember,-8.1724,113.702
2024-07-31,30.5,23.4,25.6,25.7,25.7,3.09,12.5,15.28,97,67,Jember,-8.1724,113.702
2024-08-01,31.5,22.5,25.9,2.3,2.3,3.93,15.0,18.97,100,62,Jember,-8.1724,113.702
2024-08-02,30.4,22.5,26.0,1.5,1.5,3.69,8.4,18.14,96,64,Jember,-8.1724,113.702
2024-08-03,31.0,22.5,26.3,0.3,0.3,4.34,13.3,20.76,99,58,Jember,-8.1724,113.702
2024-08-04,30.9,21.9,25.9,1.9,1.9,4.34,11.5,20.67,97,54,Jember,-8.1724,113.702
2024-08-05,31.5,19.9,25.3,0.0,0.0,4.65,12.4,21.9,97,45,Jember,-8.1724,113.702
2024-08-06,32.3,21.0,25.7,0.0,0.0,4.17,11.8,19.36,95,44,Jember,-8.1724,113.702
2024-08-07,31.6,22.5,26.6,0.2,0.2,4.18,12.9,19.1,89,52,Jember,-8.1724,113.702
2024-08-08,30.8,23.1,26.4,0.9,0.9,4.06,11.6,19.21,91,56,Jember,-8.1724,113.702
2024-08-09,31.4,23.0,26.4,0.1,0.1,4.05,13.5,17.88,93,57,Jember,-8.1724,113.702
2024-08-10,32.1,22.0,25.9,0.0,0.0,4.37,13.0,19.69,96,42,Jember,-8.1724,113.702
2024-08-11,30.3,20.6,24.8,0.0,0.0,4.02,13.8,17.85,89,44,Jember,-8.1724,113.702
2024-08-12,31.9,18.0,24.5,0.0,0.0,4.88,16.6,23.08,92,40,Jember,-8.1724,113.702
2024-08-13,31.0,20.1,25.3,0.9,0.9,4.19,10.6,19.83,94,50,Jember,-8.1724,113.702
2024-08-14,32.2,20.9,26.0,0.0,0.0,4.56,14.2,20.21,95,44,Jember,-8.1724,113.702
2024-08-15,32.3,20.6,25.5,0.0,0.0,4.57,14.4,19.99,93,40,Jember,-8.1724,113.702
2024-08-16,31.5,19.9,25.2,0.0,0.0,4.41,11.3,19.76,90,41,Jember,-8.1724,113.702
2024-08-17,31.7,20.5,25.7,0.0,0.0,3.93,12.2,17.77,94,45,Jember,-8.1724,113.702
2024-08-18,33.1,19.4,25.8,0.0,0.0,4.7,21.2,21.25,97,42,Jember,-8.1724,113.702
2024-08-19,33.1,19.4,25.7,0.0,0.0,4.76,12.9,21.54,96,42,Jember,-8.1724,113.702
2024-08-20,32.7,20.6,26.0,0.0,0.0,4.79,16.6,21.71,94,44,Jember,-8.1724,113.702
2024-08-21,34.0,21.5,26.9,0.0,0.0,4.8,17.5,21.42,92,40,Jember,-8.1724,113.702
2024-08-22,33.0,21.0,26.1,0.1,0.1,5.06,19.2,22.94,96,49,Jember,-8.1724,113.702
2024-08-23,33.0,21.0,26.1,1.1,1.1,4.49,18.2,20.35,92,44,Jember,-8.1724,113.702
2024-08-24,31.4,22.3,26.1,1.6,1.6,4.4,11.4,20.65,95,50,Jember,-8.1724,113.702
2024-08-25,31.0,22.0,25.7,3.3,3.3,3.55,10.4,16.24,92,55,Jember,-8.1724,113.702
2024-08-26,33.6,22.1,26.6,0.0,0.0,5.12,11.9,23.16,97,42,Jember,-8.1724,113.702
2024-08-27,32.8,22.0,26.2,0.1,0.1,4.94,15.0,22.28,87,43,Jember,-8.1724,113.702
2024-08-28,33.5,20.9,26.3,0.1,0.1,5.12,16.5,22.7,92,40,Jember,-8.1724,113.702
2024-08-29,32.9,22.6,26.4,0.1,0.1,4.69,14.2,21.11,96,40,Jember,-8.1724,113.702
2024-08-30,33.5,21.9,26.4,0.0,0.0,5.06,14.9,22.85,94,37,Jember,-8.1724,113.702
2024-08-31,32.3,21.8,26.2,0.1,0.1,4.72,19.9,20.45,99,47,Jember,-8.1724,113.702
2024-09-01,32.0,23.4,26.6,0.8,0.8,4.08,17.6,17.61,93,52,Jember,-8.1724,113.702
2024-09-02,34.5,22.9,27.5,0.0,0.0,5.04,12.7,22.58,91,39,Jember,-8.1724,113.702
2024-09-03,31.5,22.2,25.9,5.2,5.2,3.53,12.3,16.43,98,54,Jember,-8.1724,113.702
2024-09-04,32.0,22.8,26.5,1.0,1.0,4.2,11.9,19.66,99,58,Jember,-8.1724,113.702
2024-09-05,32.5,22.9,26.8,1.4,1.4,4.66,10.3,21.94,98,51,Jember,-8.1724,113.702
2024-09-06,33.2,22.0,26.9,0.0,0.0,5.32,15.3,24.05,93,45,Jember,-8.1724,113.702
2024-09-07,32.3,23.2,27.4,0.6,0.6,4.75,13.8,21.31,88,51,Jember,-8.1724,113.702
2024-09-08,31.9,23.3,26.9,2.1,2.1,3.95,10.5,18.48,98,55,Jember,-8.1724,113.702
2024-09-09,32.9,22.6,26.4,17.3,17.3,4.34,12.7,20.85,99,56,Jember,-8.1724,113.702
2024-09-10,31.6,23.8,26.1,16.3,16.3,3.63,13.7,17.57,98,61,Jember,-8.1724,113.702
2024-09-11,33.0,23.2,26.8,1.5,1.5,5.03,11.2,23.79,98,51,Jember,-8.1724,113.702
2024-09-12,32.0,22.1,26.3,0.0,0.0,5.16,10.8,24.33,87,49,Jember,-8.1724,113.702
2024-09-13,32.4,21.5,26.2,0.4,0.4,4.97,12.1,22.63,91,44,Jember,-8.1724,113.702
2024-09-14,32.7,21.1,25.9,0.7,0.7,4.89,10.5,22.74,96,41,Jember,-8.1724,113.702
2024-09-15,32.3,21.0,26.1,0.2,0.2,4.96,9.4,23.03,94,41,Jember,-8.1724,113.702
2024-09-16,31.3,21.8,25.6,1.4,1.4,4.34,13.2,20.25,95,53,Jember,-8.1724,113.702
2024-09-17,33.3,21.4,26.0,0.4,0.4,5.2,15.5,22.96,98,36,Jember,-8.1724,113.702
2024-09-18,32.0,21.1,25.8,0.5,0.5,5.31,17.7,24.25,95,44,Jember,-8.1724,113.702
2024-09-19,32.5,21.6,26.3,0.0,0.0,5.54,17.8,25.69,95,46,Jember,-8.1724,113.702
2024-09-20,33.7,21.9,27.1,0.0,0.0,5.41,13.4,24.72,95,42,Jember,-8.1724,113.702
2024-09-21,33.5,22.8,27.1,0.1,0.1,5.14,18.9,23.28,100,43,Jember,-8.1724,113.702
2024-09-22,35.0,23.0,28.2,0.2,0.2,5.4,16.1,24.03,98,41,Jember,-8.1724,113.702
2024-09-23,33.2,24.4,27.8,0.3,0.3,4.6,10.1,21.47,97,50,Jember,-8.1724,113.702
2024-09-24,33.5,24.4,27.1,8.1,8.1,4.32,13.0,20.35,95,55,Jember,-8.1724,113.702
2024-09-25,33.0,23.4,27.0,0.1,0.1,4.67,14.9,21.57,96,54,Jember,-8.1724,113.702
2024-09-26,32.9,23.9,27.3,2.4,2.4,4.42,11.1,21.01,94,56,Jember,-8.1724,113.702
2024-09-27,33.8,23.9,27.2,3.1,3.1,4.47,8.6,21.09,97,54,Jember,-8.1724,113.702
2024-09-28,34.5,23.4,28.1,0.7,0.7,5.26,11.5,24.21,98,48,Jember,-8.1724,113.702
2024-09-29,33.9,23.3,28.1,0.4,0.4,5.07,9.3,23.08,94,47,Jember,-8.1724,113.702
2024-09-30,33.2,22.9,27.6,0.4,0.4,4.72,12.8,21.87,96,51,Jember,-8.1724,113.702
2024-10-01,33.7,23.6,27.2,7.3,7.3,4.8,13.0,22.38,96,51,Jember,-8.1724,113.702
2024-10-02,32.8,22.9,27.2,0.5,0.5,5.09,18.1,23.57,95,52,Jember,-8.1724,113.702
2024-10-03,34.7,22.5,27.8,0.2,0.2,5.24,11.1,23.45,97,39,Jember,-8.1724,113.702
2024-10-04,33.8,23.0,27.5,1.6,1.6,5.12,11.6,23.19,96,45,Jember,-8.1724,113.702
2024-10-05,33.8,23.4,27.5,1.0,1.0,5.29,11.6,24.18,95,48,Jember,-8.1724,113.702
2024-10-06,33.9,23.7,28.0,0.2,0.2,5.12,8.1,23.24,96,47,Jember,-8.1724,113.702
2024-10-07,33.8,23.9,27.8,1.8,1.8,5.23,11.2,23.4,96,46,Jember,-8.1724,113.702
2024-10-08,34.2,23.5,28.0,0.1,0.1,5.51,12.3,24.24,90,43,Jember,-8.1724,113.702
2024-10-09,34.5,23.1,27.9,2.6,2.6,5.27,10.8,24.04,96,44,Jember,-8.1724,113.702
2024-10-10,34.9,22.9,28.2,0.9,0.9,5.3,15.2,23.8,96,42,Jember,-8.1724,113.702
2024-10-11,34.3,24.2,28.6,2.0,2.0,5.07,7.7,23.04,90,45,Jember,-8.1724,113.702
2024-10-12,36.5,23.8,29.4,0.7,0.7,5.81,16.5,25.11,92,34,Jember,-8.1724,113.702
2024-10-13,36.6,24.4,29.3,0.1,0.1,5.77,12.4,24.5,85,34,Jember,-8.1724,113.702
2024-10-14,35.8,23.4,28.6,0.4,0.4,5.59,16.4,23.78,93,38,Jember,-8.1724,113.702
2024-10-15,34.7,23.6,28.4,1.0,1.0,5.6,12.1,23.44,89,33,Jember,-8.1724,113.702
2024-10-16,32.8,21.4,27.1,0.0,0.0,5.77,18.1,24.89,90,44,Jember,-8.1724,113.702
2024-10-17,33.5,21.8,27.2,0.0,0.0,6.0,21.3,25.7,94,39,Jember,-8.1724,113.702
2024-10-18,33.5,22.6,27.0,2.2,2.2,5.2,14.5,23.16,88,45,Jember,-8.1724,113.702
2024-10-19,34.2,22.8,27.7,1.0,1.0,5.42,15.9,24.7,94,42,Jember,-8.1724,113.702
2024-10-20,33.7,23.7,26.9,5.9,5.9,4.75,18.1,22.23,97,48,Jember,-8.1724,113.702
2024-10-21,31.9,22.6,26.9,2.1,2.1,4.81,13.4,22.25,91,56,Jember,-8.1724,113.702
2024-10-22,32.8,22.8,27.2,1.0,1.0,5.3,17.2,23.71,94,51,Jember,-8.1724,113.702
2024-10-23,31.6,24.1,27.1,2.1,2.1,4.57,15.5,20.75,92,59,Jember,-8.1724,113.702
2024-10-24,33.2,23.4,26.8,2.9,2.9,4.96,17.2,23.25,95,53,Jember,-8.1724,113.702
2024-10-25,32.2,23.1,27.0,5.5,5.5,4.71,14.4,21.89,95,56,Jember,-8.1724,113.702
2024-10-26,32.0,23.1,27.0,3.1,3.1,5.04,15.1,23.68,93,58,Jember,-8.1724,113.702
2024-10-27,34.0,23.0,27.7,0.3,0.3,5.46,16.9,24.19,97,48,Jember,-8.1724,113.702
2024-10-28,34.9,23.9,28.2,5.0,5.0,5.34,16.1,23.7,92,51,Jember,-8.1724,113.702
2024-10-29,33.6,24.1,28.0,2.8,2.8,5.26,12.7,23.71,93,50,Jember,-8.1724,113.702
2024-10-30,33.8,24.1,27.7,14.2,14.2,4.81,12.3,22.55,97,55,Jember,-8.1724,113.702
2024-10-31,31.9,22.7,27.0,3.8,3.8,4.14,11.2,19.57,96,63,Jember,-8.1724,113.702
2024-11-01,31.9,23.7,26.8,8.4,8.4,4.35,11.3,20.82,98,63,Jember,-8.1724,113.702
2024-11-02,31.6,24.0,27.9,1.5,1.5,4.57,8.4,21.69,97,59,Jember,-8.1724,113.702
2024-11-03,33.5,23.5,27.5,3.3,3.3,4.64,11.2,21.5,96,48,Jember,-8.1724,113.702
2024-11-04,33.9,23.4,26.8,29.6,29.6,4.31,9.9,20.8,97,54,Jember,-8.1724,113.702
2024-11-05,34.6,23.0,28.1,0.5,0.5,5.73,11.7,25.86,98,40,Jember,-8.1724,113.702
2024-11-06,34.0,23.4,28.2,0.1,0.1,5.53,10.5,25.37,94,42,Jember,-8.1724,113.702
2024-11-07,33.6,22.7,27.7,0.0,0.0,5.57,17.2,25.95,91,46,Jember,-8.1724,113.702
2024-11-08,33.3,24.5,27.4,8.9,8.9,4.55,10.5,21.51,97,52,Jember,-8.1724,113.702
2024-11-09,33.2,23.8,26.6,40.1,40.1,3.87,11.2,18.63,99,61,Jember,-8.1724,113.702
2024-11-10,31.0,24.0,26.0,17.0,17.0,3.38,9.7,16.55,99,72,Jember,-8.1724,113.702
2024-11-11,33.0,24.0,26.7,7.5,7.5,4.48,13.0,21.98,98,53,Jember,-8.1724,113.702
2024-11-12,32.1,24.5,27.3,2.8,2.8,4.53,6.7,21.8,96,63,Jember,-8.1724,113.702
2024-11-13,33.5,23.0,27.7,4.2,4.2,5.18,6.5,24.46,93,53,Jember,-8.1724,113.702
2024-11-14,33.0,24.5,27.6,1.5,1.5,4.8,12.4,22.66,95,55,Jember,-8.1724,113.702
2024-11-15,32.8,22.1,27.3,1.7,1.7,5.02,6.2,23.98,99,60,Jember,-8.1724,113.702
2024-11-16,32.5,23.4,27.2,1.8,1.8,4.49,7.3,21.6,96,62,Jember,-8.1724,113.702
2024-11-17,33.0,23.9,27.8,0.7,0.7,5.03,9.5,23.55,100,57,Jember,-8.1724,113.702
2024-11-18,33.7,24.4,27.6,11.3,11.3,4.55,8.8,21.62,100,55,Jember,-8.1724,113.702
2024-11-19,32.5,23.6,26.6,31.2,31.2,3.82,6.7,18.5,99,65,Jember,-8.1724,113.702
2024-11-20,31.9,23.5,26.5,17.2,17.2,3.62,8.1,17.5,99,69,Jember,-8.1724,113.702
2024-11-21,31.8,24.0,26.9,8.7,8.7,3.95,6.6,19.0,99,68,Jember,-8.1724,113.702
2024-11-22,32.8,22.9,26.9,21.1,21.1,3.97,5.8,18.97,93,63,Jember,-8.1724,113.702
2024-11-23,31.5,24.0,26.9,10.2,10.2,3.71,13.6,18.21,93,68,Jember,-8.1724,113.702
2024-11-24,31.5,23.5,26.4,18.0,18.0,3.77,8.5,18.07,99,65,Jember,-8.1724,113.702
2024-11-25,31.5,24.2,26.6,17.7,17.7,3.91,8.1,19.08,97,70,Jember,-8.1724,113.702
2024-11-26,31.2,24.2,26.7,2.2,2.2,3.58,10.4,17.46,99,70,Jember,-8.1724,113.702
2024-11-27,31.0,24.9,26.7,15.9,15.9,3.24,13.7,15.83,98,72,Jember,-8.1724,113.702
2024-11-28,29.9,24.4,25.9,13.0,13.0,2.74,15.3,13.64,99,74,Jember,-8.1724,113.702
2024-11-29,27.8,24.0,25.4,20.0,20.0,1.96,10.5,9.55,98,82,Jember,-8.1724,113.702
2024-11-30,29.8,24.0,25.7,26.3,26.3,2.3,14.7,11.5,98,75,Jember,-8.1724,113.702
2024-12-01,29.5,24.0,26.6,4.5,4.5,2.93,12.4,13.74,99,74,Jember,-8.1724,113.702
2024-12-02,30.0,24.6,26.6,5.4,5.4,2.52,7.7,12.0,95,72,Jember,-8.1724,113.702
2024-12-03,32.0,24.5,27.7,0.6,0.6,4.82,12.0,22.36,93,60,Jember,-8.1724,113.702
2024-12-04,31.8,24.7,27.4,0.1,0.1,4.11,7.3,19.3,91,54,Jember,-8.1724,113.702
2024-12-05,30.0,23.8,26.6,16.4,16.4,3.55,9.4,17.17,97,76,Jember,-8.1724,113.702
2024-12-06,26.4,22.8,24.6,21.0,21.0,1.34,5.9,6.27,99,85,Jember,-8.1724,113.702
2024-12-07,30.6,23.1,26.0,6.0,6.0,3.9,8.0,19.05,99,71,Jember,-8.1724,113.702
2024-12-08,30.2,23.5,25.9,15.3,15.3,3.71,14.7,18.85,99,76,Jember,-8.1724,113.702
2024-12-09,27.0,23.7,25.0,31.7,31.7,1.54,18.7,7.77,99,89,Jember,-8.1724,113.702
2024-12-10,31.1,24.1,26.5,21.5,21.5,3.98,18.2,19.99,98,69,Jember,-8.1724,113.702
2024-12-11,30.8,24.1,26.1,14.7,14.7,3.18,10.7,15.2,98,64,Jember,-8.1724,113.702
2024-12-12,30.4,24.0,26.1,11.1,11.1,3.39,7.9,16.34,98,67,Jember,-8.1724,113.702
2024-12-13,30.0,23.4,26.4,7.6,7.6,2.8,10.9,12.82,100,64,Jember,-8.1724,113.702
2024-12-14,28.6,24.4,26.0,6.9,6.9,3.36,6.2,16.63,97,76,Jember,-8.1724,113.702
2024-12-15,28.9,23.7,26.0,23.0,23.0,2.42,10.3,11.35,97,75,Jember,-8.1724,113.702
2024-12-16,30.0,23.3,25.5,53.6,53.6,3.22,10.5,15.75,98,69,Jember,-8.1724,113.702
2024-12-17,30.5,23.6,26.2,5.2,5.2,3.41,7.1,16.29,98,65,Jember,-8.1724,113.702
2024-12-18,29.0,23.6,26.2,4.3,4.3,3.14,13.3,15.36,96,76,Jember,-8.1724,113.702
2024-12-19,31.6,23.5,26.9,2.6,2.6,4.66,19.7,22.63,95,61,Jember,-8.1724,113.702
2024-12-20,30.8,24.3,26.7,9.7,9.7,3.98,13.3,19.59,96,73,Jember,-8.1724,113.702
2024-12-21,28.2,24.1,26.1,25.9,25.9,2.4,8.3,11.67,99,82,Jember,-8.1724,113.702
2024-12-22,28.4,23.8,25.2,42.8,42.8,1.9,13.1,9.15,100,84,Jember,-8.1724,113.702
2024-12-23,31.9,23.5,26.7,7.5,7.5,4.29,13.4,21.05,98,69,Jember,-8.1724,113.702
2024-12-24,31.5,24.2,26.6,9.4,9.4,4.2,12.8,20.92,99,69,Jember,-8.1724,113.702
2024-12-25,30.9,24.0,26.1,8.9,8.9,3.07,6.8,14.83,97,68,Jember,-8.1724,113.702
2024-12-26,29.9,24.0,26.2,19.5,19.5,3.07,11.7,15.16,98,77,Jember,-8.1724,113.702
2024-12-27,31.0,23.9,26.9,9.3,9.3,3.73,16.2,18.0,99,70,Jember,-8.1724,113.702
2024-12-28,27.9,24.5,25.6,24.5,24.5,2.06,14.3,10.66,99,81,Jember,-8.1724,113.702
2024-12-29,28.9,24.2,25.7,15.5,15.5,2.51,14.0,12.38,99,78,Jember,-8.1724,113.702
2024-12-30,30.9,23.3,26.5,2.0,2.0,4.16,13.0,19.94,97,60,Jember,-8.1724,113.702
2024-12-31,30.2,23.4,26.1,12.8,12.8,3.14,8.5,15.25,97,72,Jember,-8.1724,113.702
2025-01-01,28.6,24.1,25.8,17.2,17.2,2.86,6.6,13.86,98,72,Jember,-8.1724,113.702
2025-01-02,28.6,23.2,25.2,18.0,18.0,2.31,9.7,11.04,98,80,Jember,-8.1724,113.702
2025-01-03,29.8,23.4,25.6,5.1,5.1,2.88,13.1,14.23,96,70,Jember,-8.1724,113.702
2025-01-04,29.0,22.7,25.4,11.0,11.0,3.16,12.8,15.98,98,72,Jember,-8.1724,113.702
2025-01-05,28.8,23.0,25.2,19.0,19.0,3.03,12.8,15.39,98,75,Jember,-8.1724,113.702
2025-01-06,28.4,23.3,25.2,25.5,25.5,2.39,8.8,12.02,98,79,Jember,-8.1724,113.702
2025-01-07,29.0,23.8,25.6,13.6,13.6,3.52,8.1,17.79,98,73,Jember,-8.1724,113.702
2025-01-08,29.7,23.2,25.6,15.8,15.8,3.8,7.9,18.86,99,65,Jember,-8.1724,113.702
2025-01-09,31.5,23.3,26.4,17.0,17.0,4.07,7.2,19.8,99,66,Jember,-8.1724,113.702
2025-01-10,31.0,23.7,26.9,7.5,7.5,4.52,12.6,21.44,96,65,Jember,-8.1724,113.702
2025-01-11,29.4,24.0,25.9,11.5,11.5,2.85,11.9,14.31,98,77,Jember,-8.1724,113.702
2025-01-12,27.9,23.4,25.4,24.9,24.9,2.17,14.1,10.63,99,81,Jember,-8.1724,113.702
2025-01-13,29.1,23.7,25.9,9.6,9.6,3.24,7.7,16.1,98,74,Jember,-8.1724,113.702
2025-01-14,30.4,23.9,26.3,27.3,27.3,4.11,7.0,20.04,98,69,Jember,-8.1724,113.702
2025-01-15,30.7,23.0,26.1,5.9,5.9,4.01,11.8,19.7,98,68,Jember,-8.1724,113.702
2025-01-16,29.0,23.8,26.0,14.6,14.6,2.73,11.5,13.05,98,73,Jember,-8.1724,113.702
2025-01-17,30.9,23.8,26.5,5.4,5.4,4.33,9.5,21.05,97,60,Jember,-8.1724,113.702
2025-01-18,29.2,23.6,26.2,12.6,12.6,3.44,8.4,16.75,95,69,Jember,-8.1724,113.702
2025-01-19,31.0,23.2,26.2,12.6,12.6,3.97,12.3,19.29,96,62,Jember,-8.1724,113.702
2025-01-20,29.6,24.1,25.7,26.8,26.8,2.45,13.4,11.84,97,71,Jember,-8.1724,113.702
2025-01-21,31.1,23.6,26.3,8.1,8.1,3.32,10.7,15.3,99,66,Jember,-8.1724,113.702
2025-01-22,29.6,23.6,25.8,6.6,6.6,2.12,9.6,9.6,99,69,Jember,-8.1724,113.702
2025-01-23,29.6,23.5,25.6,26.8,26.8,2.7,11.6,13.17,99,72,Jember,-8.1724,113.702
2025-01-24,30.3,23.8,26.0,12.6,12.6,3.24,9.0,15.95,96,74,Jember,-8.1724,113.702
2025-01-25,30.7,23.5,26.5,3.9,3.9,4.06,10.1,20.39,97,72,Jember,-8.1724,113.702
2025-01-26,29.4,23.9,25.9,24.9,24.9,3.43,13.1,17.22,99,78,Jember,-8.1724,113.702
2025-01-27,29.3,23.5,26.1,4.4,4.4,3.07,11.8,14.71,97,73,Jember,-8.1724,113.702
2025-01-28,30.1,23.5,26.1,8.1,8.1,3.69,9.4,17.78,97,66,Jember,-8.1724,113.702
2025-01-29,30.2,23.9,26.1,4.0,4.0,4.02,10.1,19.47,97,63,Jember,-8.1724,113.702
2025-01-30,28.9,23.8,25.7,1.4,1.4,3.28,13.8,14.86,93,68,Jember,-8.1724,113.702
2025-01-31,29.0,25.1,26.7,0.0,0.0,2.69,12.6,10.99,87,66,Jember,-8.1724,113.702
2025-02-01,28.6,25.2,26.7,0.0,0.0,3.03,8.5,13.47,87,69,Jember,-8.1724,113.702
2025-02-02,29.3,24.6,27.0,0.1,0.1,3.21,12.9,13.93,85,70,Jember,-8.1724,113.702
2025-02-03,30.6,25.3,27.5,0.1,0.1,4.78,14.1,21.88,91,63,Jember,-8.1724,113.702
2025-02-04,31.6,25.5,27.8,0.4,0.4,4.73,15.6,20.47,84,56,Jember,-8.1724,113.702
2025-02-05,31.0,25.0,27.9,0.1,0.1,5.3,13.9,23.86,89,58,Jember,-8.1724,113.702
2025-02-06,31.4,24.9,27.7,0.7,0.7,4.21,15.0,18.49,91,61,Jember,-8.1724,113.702
2025-02-07,31.8,23.4,27.3,0.8,0.8,3.94,11.9,18.18,96,62,Jember,-8.1724,113.702
2025-02-08,30.9,24.5,27.0,12.6,12.6,4.39,22.0,21.54,98,65,Jember,-8.1724,113.702
2025-02-09,29.0,24.0,26.2,9.3,9.3,3.63,21.2,19.24,97,76,Jember,-8.1724,113.702
2025-02-10,28.0,23.8,25.5,21.4,21.4,2.78,21.9,14.64,98,82,Jember,-8.1724,113.702
2025-02-11,30.5,23.5,27.0,2.0,2.0,3.62,16.6,16.18,97,66,Jember,-8.1724,113.702
2025-02-12,29.7,23.4,26.0,20.9,20.9,3.02,15.1,15.15,97,75,Jember,-8.1724,113.702
2025-02-13,31.5,23.8,26.6,10.0,10.0,4.16,18.0,20.04,97,65,Jember,-8.1724,113.702
2025-02-14,30.7,22.7,26.0,4.1,4.1,4.45,11.4,22.07,96,60,Jember,-8.1724,113.702
2025-02-15,30.0,24.1,26.4,2.4,2.4,4.47,6.5,22.15,97,61,Jember,-8.1724,113.702
2025-02-16,29.2,23.6,25.7,13.0,13.0,3.93,8.7,19.64,98,64,Jember,-8.1724,113.702
2025-02-17,29.5,23.1,25.4,5.3,5.3,3.56,14.4,17.86,98,68,Jember,-8.1724,113.702
2025-02-18,30.9,23.3,26.2,0.7,0.7,3.87,9.3,18.87,97,63,Jember,-8.1724,113.702
2025-02-19,31.2,23.6,26.4,14.3,14.3,4.47,8.9,21.57,97,60,Jember,-8.1724,113.702
2025-02-20,29.4,23.0,25.5,11.9,11.9,3.12,14.7,15.77,99,75,Jember,-8.1724,113.702
2025-02-21,31.0,23.2,25.9,3.9,3.9,3.6,6.4,17.59,98,66,Jember,-8.1724,113.702
2025-02-22,30.6,23.4,25.9,12.6,12.6,3.57,8.4,17.09,96,64,Jember,-8.1724,113.702
2025-02-23,29.5,23.1,25.7,6.3,6.3,2.9,10.1,13.9,97,73,Jember,-8.1724,113.702
2025-02-24,30.5,23.0,25.5,6.9,6.9,3.3,10.9,16.28,98,67,Jember,-8.1724,113.702
2025-02-25,29.5,23.1,25.5,6.7,6.7,3.51,6.2,17.53,100,73,Jember,-8.1724,113.702
2025-02-26,29.0,23.1,25.2,4.1,4.1,3.45,5.9,17.1,97,74,Jember,-8.1724,113.702
2025-02-27,29.9,23.7,25.9,19.0,19.0,3.41,8.1,17.09,98,74,Jember,-8.1724,113.702
2025-02-28,31.6,23.1,26.4,1.7,1.7,4.48,9.2,22.04,94,67,Jember,-8.1724,113.702
2025-03-01,32.0,22.9,26.7,1.8,1.8,4.01,9.7,19.18,96,64,Jember,-8.1724,113.702
2025-03-02,32.7,24.0,27.1,0.7,0.7,4.84,7.1,23.45,95,59,Jember,-8.1724,113.702
2025-03-03,31.9,23.2,26.8,18.9,18.9,4.76,9.0,23.16,98,65,Jember,-8.1724,113.702
2025-03-04,31.2,23.7,26.6,2.5,2.5,4.58,6.4,22.41,99,67,Jember,-8.1724,113.702
2025-03-05,32.7,22.6,27.2,1.8,1.8,4.89,7.7,23.4,98,58,Jember,-8.1724,113.702
2025-03-06,32.7,24.8,26.7,10.9,10.9,4.18,9.2,20.72,97,67,Jember,-8.1724,113.702
2025-03-07,31.5,23.8,26.1,13.6,13.6,3.38,6.9,16.72,97,67,Jember,-8.1724,113.702
2025-03-08,31.7,23.2,26.2,1.8,1.8,3.99,8.3,19.63,96,65,Jember,-8.1724,113.702
2025-03-09,30.1,22.9,26.5,0.1,0.1,3.69,8.4,17.95,93,69,Jember,-8.1724,113.702
2025-03-10,30.8,23.4,26.1,5.0,5.0,3.77,9.5,18.28,97,64,Jember,-8.1724,113.702
2025-03-11,31.7,23.3,27.3,0.0,0.0,4.21,7.0,19.98,95,62,Jember,-8.1724,113.702
2025-03-12,31.5,23.7,27.1,0.4,0.4,4.47,8.6,21.66,97,62,Jember,-8.1724,113.702
2025-03-13,32.2,23.2,27.3,0.5,0.5,4.45,7.7,21.28,99,59,Jember,-8.1724,113.702
2025-03-14,32.2,23.0,26.8,0.3,0.3,3.99,8.5,18.9,93,55,Jember,-8.1724,113.702
2025-03-15,31.5,23.4,26.5,6.4,6.4,3.77,8.4,18.26,99,64,Jember,-8.1724,113.702
2025-03-16,29.9,23.6,25.9,3.7,3.7,3.5,13.5,16.74,99,69,Jember,-8.1724,113.702
2025-03-17,31.6,22.6,26.8,0.0,0.0,3.95,8.5,18.62,94,60,Jember,-8.1724,113.702
2025-03-18,30.9,23.4,25.8,24.2,24.2,3.55,14.0,17.59,99,72,Jember,-8.1724,113.702
2025-03-19,30.4,23.0,25.2,22.4,22.4,3.06,21.0,15.56,97,67,Jember,-8.1724,113.702
2025-03-20,32.5,23.0,26.7,5.9,5.9,4.86,20.1,23.1,99,56,Jember,-8.1724,113.702
2025-03-21,32.2,23.5,27.5,3.3,3.3,4.79,18.0,22.18,99,54,Jember,-8.1724,113.702
2025-03-22,31.1,23.5,26.2,16.3,16.3,3.58,16.8,17.49,98,60,Jember,-8.1724,113.702
2025-03-23,30.1,23.4,26.2,0.5,0.5,3.52,12.1,16.11,93,61,Jember,-8.1724,113.702
2025-03-24,29.9,24.2,26.7,0.7,0.7,3.89,11.1,17.96,97,61,Jember,-8.1724,113.702
2025-03-25,30.8,23.8,26.7,14.1,14.1,3.71,13.4,18.21,92,63,Jember,-8.1724,113.702
2025-03-26,31.2,24.9,27.6,0.8,0.8,3.71,9.0,17.07,94,63,Jember,-8.1724,113.702
2025-03-27,30.5,24.4,26.7,1.3,1.3,3.06,8.5,14.7,95,67,Jember,-8.1724,113.702
2025-03-28,31.8,23.2,26.6,0.7,0.7,4.09,9.0,19.52,96,58,Jember,-8.1724,113.702
2025-03-29,30.0,23.5,26.0,10.6,10.6,2.9,12.0,13.72,98,67,Jember,-8.1724,113.702
2025-03-30,29.5,23.4,25.6,14.0,14.0,2.8,14.5,14.03,97,74,Jember,-8.1724,113.702
2025-03-31,31.0,22.6,26.2,7.6,7.6,4.08,13.2,20.02,100,66,Jember,-8.1724,113.702
2025-04-01,31.0,23.8,26.3,13.1,13.1,3.82,10.5,18.69,95,65,Jember,-8.1724,113.702
2025-04-02,30.9,22.8,26.2,4.2,4.2,3.57,8.3,17.27,96,61,Jember,-8.1724,113.702
2025-04-03,30.5,23.5,26.2,2.3,2.3,3.4,8.8,16.49,93,62,Jember,-8.1724,113.702
2025-04-04,31.2,23.3,26.9,0.4,0.4,4.51,10.4,21.71,94,63,Jember,-8.1724,113.702
2025-04-05,31.8,22.2,26.7,0.0,0.0,5.0,7.6,24.2,95,46,Jember,-8.1724,113.702
2025-04-06,32.3,23.2,27.3,0.2,0.2,5.01,13.2,23.14,91,52,Jember,-8.1724,113.702
2025-04-07,31.7,23.0,27.2,0.4,0.4,4.54,8.1,21.46,91,58,Jember,-8.1724,113.702
2025-04-08,31.6,24.1,26.7,6.7,6.7,3.69,13.5,17.79,98,62,Jember,-8.1724,113.702
2025-04-09,31.4,24.0,26.2,8.4,8.4,3.42,9.6,16.82,99,68,Jember,-8.1724,113.702
2025-04-10,30.6,23.9,26.5,8.2,8.2,3.65,7.6,17.86,98,67,Jember,-8.1724,113.702
2025-04-11,29.4,23.1,26.0,0.8,0.8,2.71,7.8,13.2,97,74,Jember,-8.1724,113.702
2025-04-12,32.6,22.7,26.7,4.6,4.6,4.63,6.0,22.45,98,52,Jember,-8.1724,113.702
2025-04-13,32.5,23.4,27.1,1.2,1.2,4.5,9.4,21.54,98,57,Jember,-8.1724,113.702
2025-04-14,30.6,23.2,26.4,5.3,5.3,3.35,8.9,16.33,94,69,Jember,-8.1724,113.702
2025-04-15,31.0,24.6,27.5,0.0,0.0,3.61,5.6,17.15,88,56,Jember,-8.1724,113.702
2025-04-16,32.3,23.7,27.6,0.3,0.3,4.79,10.3,22.7,92,56,Jember,-8.1724,113.702
2025-04-17,29.8,24.5,26.4,1.9,1.9,3.34,6.1,16.38,94,67,Jember,-8.1724,113.702
2025-04-18,29.8,24.1,25.9,5.0,5.0,2.88,8.6,13.92,95,66,Jember,-8.1724,113.702
2025-04-19,31.3,23.6,26.3,7.1,7.1,3.68,9.0,17.91,95,64,Jember,-8.1724,113.702
2025-04-20,30.6,23.7,26.2,2.4,2.4,3.58,13.3,17.87,93,70,Jember,-8.1724,113.702
2025-04-21,31.9,23.5,27.2,0.6,0.6,4.55,10.8,21.48,92,61,Jember,-8.1724,113.702
2025-04-22,31.7,23.7,27.2,1.4,1.4,4.39,12.1,20.67,91,59,Jember,-8.1724,113.702
2025-04-23,32.2,22.4,26.9,0.0,0.0,4.49,13.6,20.56,92,52,Jember,-8.1724,113.702
2025-04-24,32.2,22.1,27.0,0.0,0.0,4.82,7.5,22.92,94,51,Jember,-8.1724,113.702
2025-04-25,32.2,22.9,27.3,0.9,0.9,4.51,10.7,21.15,90,57,Jember,-8.1724,113.702
2025-04-26,31.9,23.0,27.0,0.3,0.3,4.4,9.6,21.21,91,63,Jember,-8.1724,113.702
2025-04-27,31.9,22.5,26.6,0.0,0.0,4.75,13.1,21.91,95,44,Jember,-8.1724,113.702
2025-04-28,32.2,21.2,26.4,0.9,0.9,4.17,9.2,19.71,86,49,Jember,-8.1724,113.702
2025-04-29,30.9,22.1,26.5,0.7,0.7,4.26,6.5,20.74,89,55,Jember,-8.1724,113.702
2025-04-30,32.7,23.0,27.3,0.3,0.3,4.54,6.6,21.31,89,47,Jember,-8.1724,113.702
2025-05-01,31.8,22.6,27.1,0.2,0.2,4.39,8.5,21.05,92,56,Jember,-8.1724,113.702
2025-05-02,33.5,22.2,27.9,0.2,0.2,4.76,10.9,21.7,93,46,Jember,-8.1724,113.702
2025-05-03,32.5,22.0,27.2,0.6,0.6,4.47,5.3,21.46,91,52,Jember,-8.1724,113.702
2025-05-04,32.6,22.9,27.1,6.0,6.0,3.9,8.1,19.06,90,54,Jember,-8.1724,113.702
2025-05-05,33.0,24.1,27.4,0.0,0.0,4.06,10.5,18.99,98,53,Jember,-8.1724,113.702
2025-05-06,31.4,24.6,26.7,6.4,6.4,3.49,11.7,16.79,96,64,Jember,-8.1724,113.702
2025-05-07,31.1,24.0,26.5,11.0,11.0,3.2,10.8,15.25,97,67,Jember,-8.1724,113.702
2025-05-08,30.4,24.4,26.9,0.0,0.0,3.42,7.3,16.64,95,68,Jember,-8.1724,113.702
2025-05-09,30.5,23.0,26.0,6.0,6.0,3.42,8.0,16.56,98,63,Jember,-8.1724,113.702
2025-05-10,30.5,24.1,26.4,13.5,13.5,3.44,9.6,17.03,96,72,Jember,-8.1724,113.702
2025-05-11,30.4,23.4,25.8,18.8,18.8,3.4,9.6,16.82,99,68,Jember,-8.1724,113.702
2025-05-12,30.6,23.2,26.3,1.3,1.3,3.7,11.3,17.96,98,62,Jember,-8.1724,113.702
2025-05-13,30.8,23.2,26.4,1.9,1.9,2.94,9.5,14.19,98,63,Jember,-8.1724,113.702
2025-05-14,30.5,23.7,26.6,1.5,1.5,3.56,6.0,17.48,99,67,Jember,-8.1724,113.702
2025-05-15,31.5,23.2,27.0,8.6,8.6,3.64,10.0,17.3,100,59,Jember,-8.1724,113.702
2025-05-16,31.8,23.7,27.0,0.2,0.2,3.11,6.8,14.73,99,55,Jember,-8.1724,113.702
2025-05-17,31.2,24.2,26.7,3.4,3.4,3.05,8.6,14.5,97,59,Jember,-8.1724,113.702
2025-05-18,30.8,24.1,27.2,3.1,3.1,3.5,8.0,16.49,95,62,Jember,-8.1724,113.702
2025-05-19,31.5,24.5,26.6,8.2,8.2,3.09,8.0,14.26,98,57,Jember,-8.1724,113.702
2025-05-20,32.0,23.5,27.0,0.9,0.9,3.78,7.8,18.05,91,57,Jember,-8.1724,113.702
2025-05-21,31.3,24.8,27.4,0.4,0.4,3.68,12.5,16.9,89,58,Jember,-8.1724,113.702
2025-05-22,32.0,23.6,27.2,0.3,0.3,3.8,8.2,18.02,91,55,Jember,-8.1724,113.702
2025-05-23,30.5,23.9,26.4,1.5,1.5,2.7,6.0,13.12,96,63,Jember,-8.1724,113.702
2025-05-24,28.9,23.6,26.0,0.7,0.7,2.31,7.4,11.19,99,74,Jember,-8.1724,113.702
2025-05-25,30.6,23.5,26.8,1.2,1.2,3.66,7.7,17.79,94,67,Jember,-8.1724,113.702
2025-05-26,31.1,22.8,26.3,4.3,4.3,3.22,13.2,15.0,98,58,Jember,-8.1724,113.702
2025-05-27,29.0,23.7,25.8,1.0,1.0,2.86,9.4,14.06,95,71,Jember,-8.1724,113.702
2025-05-28,31.5,23.4,27.1,0.0,0.0,3.87,9.2,18.3,95,61,Jember,-8.1724,113.702
2025-05-29,32.2,23.4,27.4,0.0,0.0,4.09,12.0,19.02,92,59,Jember,-8.1724,113.702
2025-05-30,31.9,23.8,27.5,1.4,1.4,3.96,11.0,18.6,90,61,Jember,-8.1724,113.702
2025-05-31,31.1,23.6,26.6,40.7,40.7,3.46,9.7,17.0,100,71,Jember,-8.1724,113.702
2025-06-01,32.2,23.3,26.9,0.2,0.2,3.85,9.7,18.67,98,58,Jember,-8.1724,113.702
2025-06-02,31.8,23.9,27.4,0.0,0.0,3.94,4.5,19.23,89,54,Jember,-8.1724,113.702
2025-06-03,31.8,22.9,27.3,0.0,0.0,3.71,5.8,18.16,92,63,Jember,-8.1724,113.702
2025-06-04,32.0,22.9,26.9,0.3,0.3,4.07,10.7,19.27,93,57,Jember,-8.1724,113.702
2025-06-05,31.8,22.8,26.8,0.0,0.0,4.04,7.2,19.61,95,54,Jember,-8.1724,113.702
2025-06-06,32.7,22.3,26.9,0.0,0.0,4.29,8.2,20.3,90,50,Jember,-8.1724,113.702
2025-06-07,31.6,22.6,26.8,0.3,0.3,3.9,8.8,18.65,94,56,Jember,-8.1724,113.702
2025-06-08,31.4,23.4,26.5,0.9,0.9,3.45,8.6,16.64,93,60,Jember,-8.1724,113.702
2025-06-09,31.1,23.6,25.9,20.5,20.5,3.18,10.8,15.66,96,63,Jember,-8.1724,113.702
2025-06-10,30.6,23.1,26.6,0.0,0.0,3.54,8.9,17.2,91,64,Jember,-8.1724,113.702
2025-06-11,31.5,23.2,26.8,0.0,0.0,4.29,11.9,20.26,89,54,Jember,-8.1724,113.702
2025-06-12,32.2,22.1,26.7,0.0,0.0,4.46,13.7,20.31,90,50,Jember,-8.1724,113.702
2025-06-13,30.6,24.0,26.4,5.9,5.9,3.2,8.0,15.44,95,66,Jember,-8.1724,113.702
2025-06-14,31.4,23.2,26.3,3.8,3.8,3.55,7.8,17.36,98,63,Jember,-8.1724,113.702
2025-06-15,31.8,23.6,26.5,1.7,1.7,3.44,10.1,16.71,98,60,Jember,-8.1724,113.702
2025-06-16,31.8,23.7,27.0,0.5,0.5,3.82,7.4,18.38,97,56,Jember,-8.1724,113.702
2025-06-17,31.9,23.2,27.0,0.0,0.0,4.1,8.3,19.32,95,55,Jember,-8.1724,113.702
2025-06-18,31.8,21.8,26.1,0.0,0.0,4.18,14.3,19.37,94,50,Jember,-8.1724,113.702
2025-06-19,31.2,21.7,26.0,0.0,0.0,3.62,10.1,16.9,84,52,Jember,-8.1724,113.702
2025-06-20,30.1,21.5,26.0,0.0,0.0,2.46,6.7,11.02,88,55,Jember,-8.1724,113.702
2025-06-21,32.2,22.5,26.5,0.5,0.5,3.47,9.7,16.57,94,57,Jember,-8.1724,113.702
2025-06-22,31.1,23.1,26.2,3.8,3.8,3.23,13.2,15.25,95,55,Jember,-8.1724,113.702
2025-06-23,30.8,23.2,26.0,2.2,2.2,3.34,9.6,16.09,95,57,Jember,-8.1724,113.702
2025-06-24,31.1,22.4,26.4,0.0,0.0,4.02,9.2,18.72,92,49,Jember,-8.1724,113.702
2025-06-25,31.0,23.7,26.8,1.2,1.2,3.55,6.6,16.69,88,54,Jember,-8.1724,113.702
2025-06-26,29.8,23.6,26.4,0.3,0.3,3.19,8.4,15.12,91,65,Jember,-8.1724,113.702
2025-06-27,31.7,23.7,26.8,3.9,3.9,3.51,10.9,16.7,92,55,Jember,-8.1724,113.702
2025-06-28,30.7,24.1,26.1,10.3,10.3,3.4,10.4,16.14,98,60,Jember,-8.1724,113.702
2025-06-29,31.0,22.6,26.1,0.6,0.6,3.72,14.1,17.45,91,56,Jember,-8.1724,113.702
2025-06-30,30.9,22.8,26.5,0.0,0.0,4.05,14.3,18.15,90,55,Jember,-8.1724,113.702
2025-07-01,31.5,22.6,26.6,0.0,0.0,3.92,7.3,18.91,92,53,Jember,-8.1724,113.702
2025-07-02,31.3,23.2,26.9,0.1,0.1,3.98,10.5,18.29,92,57,Jember,-8.1724,113.702
2025-07-03,30.5,23.3,25.7,17.2,17.2,3.09,9.8,14.87,97,61,Jember,-8.1724,113.702
2025-07-04,29.0,22.8,25.0,2.5,2.5,2.77,7.8,13.44,94,65,Jember,-8.1724,113.702
2025-07-05,30.1,22.0,25.1,1.9,1.9,2.93,6.5,14.26,97,61,Jember,-8.1724,113.702
2025-07-06,28.7,22.9,24.7,22.8,22.8,2.33,7.5,11.68,99,76,Jember,-8.1724,113.702
2025-07-07,30.6,22.5,25.5,0.7,0.7,3.42,8.2,16.83,98,63,Jember,-8.1724,113.702
2025-07-08,31.3,22.0,25.3,0.0,0.0,3.67,11.2,17.75,95,52,Jember,-8.1724,113.702
2025-07-09,30.2,20.4,24.3,0.0,0.0,3.63,11.5,17.1,89,46,Jember,-8.1724,113.702
2025-07-10,29.7,19.6,24.1,0.0,0.0,3.59,8.0,17.53,89,52,Jember,-8.1724,113.702
2025-07-11,30.4,20.2,24.7,0.0,0.0,3.97,10.6,19.52,91,56,Jember,-8.1724,113.702
2025-07-12,30.4,21.5,24.7,21.8,21.8,3.06,8.6,15.05,97,64,Jember,-8.1724,113.702
2025-07-13,31.2,22.2,26.3,0.2,0.2,3.75,10.1,17.94,93,59,Jember,-8.1724,113.702
2025-07-14,30.2,23.1,25.6,2.0,2.0,3.29,12.1,15.74,93,58,Jember,-8.1724,113.702
2025-07-15,31.3,23.0,26.3,1.5,1.5,3.7,13.6,17.41,92,59,Jember,-8.1724,113.702
2025-07-16,30.0,22.3,25.6,0.5,0.5,3.35,9.1,16.08,93,59,Jember,-8.1724,113.702
2025-07-17,31.8,20.7,25.1,0.0,0.0,4.06,13.2,19.29,89,50,Jember,-8.1724,113.702
2025-07-18,29.8,20.3,24.6,0.0,0.0,4.07,13.1,19.6,93,53,Jember,-8.1724,113.702
2025-07-19,29.8,19.6,24.2,0.0,0.0,4.03,14.1,19.73,93,53,Jember,-8.1724,113.702
2025-07-20,30.4,19.3,24.1,0.0,0.0,4.25,13.1,20.75,90,51,Jember,-8.1724,113.702
2025-07-21,29.4,19.1,24.1,0.0,0.0,3.91,15.6,19.2,89,54,Jember,-8.1724,113.702
2025-07-22,31.0,20.4,25.0,0.0,0.0,4.19,10.9,20.66,93,54,Jember,-8.1724,113.702
2025-07-23,30.0,21.2,25.6,0.1,0.1,3.91,14.6,18.7,95,55,Jember,-8.1724,113.702
2025-07-24,30.0,22.8,25.9,1.1,1.1,3.4,11.3,15.91,98,64,Jember,-8.1724,113.702
2025-07-25,30.4,23.5,26.3,0.5,0.5,3.36,7.4,16.1,95,61,Jember,-8.1724,113.702
2025-07-26,32.2,23.6,26.8,0.5,0.5,3.95,9.0,18.65,94,55,Jember,-8.1724,113.702
2025-07-27,31.5,23.1,26.4,3.6,3.6,3.8,9.0,18.68,96,60,Jember,-8.1724,113.702
2025-07-28,30.9,23.2,25.9,5.5,5.5,3.5,10.1,16.8,95,62,Jember,-8.1724,113.702
2025-07-29,29.6,23.8,26.2,0.6,0.6,3.59,14.1,17.01,90,63,Jember,-8.1724,113.702
2025-07-30,29.8,22.2,25.2,3.0,3.0,2.97,9.4,13.97,90,61,Jember,-8.1724,113.702
2025-07-31,31.0,22.7,25.9,0.1,0.1,4.12,10.6,19.68,90,55,Jember,-8.1724,113.702
2025-08-01,31.2,23.0,26.4,0.0,0.0,4.18,11.3,19.92,91,59,Jember,-8.1724,113.702
2025-08-02,32.1,22.4,26.5,0.1,0.1,4.23,6.6,20.47,97,56,Jember,-8.1724,113.702
2025-08-03,32.2,23.5,26.3,12.9,12.9,3.61,8.7,17.59,95,62,Jember,-8.1724,113.702
2025-08-04,32.8,22.7,26.7,0.3,0.3,4.47,10.7,21.08,95,50,Jember,-8.1724,113.702
2025-08-05,31.8,21.9,26.3,1.1,1.1,4.39,9.4,21.04,96,56,Jember,-8.1724,113.702
2025-08-06,32.2,21.6,25.9,0.0,0.0,4.43,14.9,21.17,94,51,Jember,-8.1724,113.702
2025-08-07,31.0,20.5,25.4,0.0,0.0,4.52,13.6,22.03,94,54,Jember,-8.1724,113.702
2025-08-08,31.8,22.8,26.2,0.0,0.0,4.15,12.5,19.5,93,54,Jember,-8.1724,113.702
2025-08-09,31.6,22.2,26.3,0.3,0.3,4.18,7.8,20.24,93,56,Jember,-8.1724,113.702
2025-08-10,31.6,22.9,26.0,4.5,4.5,3.75,12.6,18.37,97,62,Jember,-8.1724,113.702
2025-08-11,31.5,22.3,26.0,0.4,0.4,4.16,7.7,20.27,95,58,Jember,-8.1724,113.702
2025-08-12,31.6,23.0,26.1,0.0,0.0,4.71,16.3,22.05,93,51,Jember,-8.1724,113.702
2025-08-13,31.1,21.5,25.9,0.0,0.0,4.96,18.2,22.51,93,45,Jember,-8.1724,113.702
2025-08-14,30.5,22.1,25.3,0.0,0.0,4.35,13.1,20.05,86,48,Jember,-8.1724,113.702
2025-08-15,30.4,20.6,25.1,0.3,0.3,4.37,10.9,20.76,86,53,Jember,-8.1724,113.702
2025-08-16,30.9,22.0,25.9,0.0,0.0,4.63,14.6,21.86,90,55,Jember,-8.1724,113.702
2025-08-17,32.2,21.0,26.2,0.0,0.0,4.54,8.9,21.59,93,48,Jember,-8.1724,113.702
2025-08-18,31.0,22.4,25.9,1.1,1.1,3.64,10.9,17.35,94,58,Jember,-8.1724,113.702
2025-08-19,31.2,22.3,25.0,52.2,52.2,3.2,7.2,15.84,99,61,Jember,-8.1724,113.702
2025-08-20,31.0,22.9,25.7,5.4,5.4,4.04,7.8,20.06,98,63,Jember,-8.1724,113.702
2025-08-21,31.2,22.5,26.1,1.1,1.1,4.24,11.0,20.53,96,58,Jember,-8.1724,113.702
2025-08-22,31.1,21.2,25.7,0.3,0.3,4.33,9.9,21.11,93,56,Jember,-8.1724,113.702
2025-08-23,31.8,19.5,25.9,0.0,0.0,4.73,7.4,23.13,93,51,Jember,-8.1724,113.702
2025-08-24,31.4,22.5,26.2,1.2,1.2,4.48,12.5,21.46,94,58,Jember,-8.1724,113.702
2025-08-25,30.9,21.9,25.5,0.4,0.4,4.39,16.3,20.91,96,55,Jember,-8.1724,113.702
2025-08-26,30.4,21.4,25.4,0.5,0.5,3.81,8.1,18.13,89,60,Jember,-8.1724,113.702
2025-08-27,29.6,21.8,25.1,3.3,3.3,3.68,10.8,17.87,92,63,Jember,-8.1724,113.702
2025-08-28,29.0,22.1,24.8,6.1,6.1,3.7,8.7,18.4,94,62,Jember,-8.1724,113.702
2025-08-29,30.2,21.5,25.2,1.0,1.0,4.19,11.4,20.59,92,56,Jember,-8.1724,113.702
2025-08-30,31.5,21.8,26.0,0.9,0.9,4.47,9.2,21.4,90,52,Jember,-8.1724,113.702
2025-08-31,31.6,22.1,26.2,1.2,1.2,4.29,6.9,20.61,95,54,Jember,-8.1724,113.702
2025-09-01,32.0,21.1,25.8,0.4,0.4,4.52,5.7,22.24,95,53,Jember,-8.1724,113.702
2025-09-02,32.8,22.1,26.7,0.0,0.0,5.19,15.2,23.99,95,43,Jember,-8.1724,113.702
2025-09-03,33.4,21.2,27.0,0.0,0.0,5.07,9.5,23.81,87,39,Jember,-8.1724,113.702
2025-09-04,32.7,23.4,27.0,0.0,0.0,5.24,15.8,24.01,91,39,Jember,-8.1724,113.702
2025-09-05,32.3,22.1,26.6,0.0,0.0,5.07,15.3,23.48,92,50,Jember,-8.1724,113.702
2025-09-06,31.1,22.0,25.7,0.7,0.7,4.53,15.6,20.82,96,49,Jember,-8.1724,113.702
2025-09-07,31.4,21.7,26.0,0.1,0.1,4.16,10.3,18.85,92,48,Jember,-8.1724,113.702
2025-09-08,31.5,22.1,26.0,0.0,0.0,3.75,10.7,17.28,91,52,Jember,-8.1724,113.702
2025-09-09,29.6,23.0,25.6,4.5,4.5,3.04,7.9,14.47,98,65,Jember,-8.1724,113.702
2025-09-10,28.1,23.0,24.4,25.1,25.1,1.73,11.5,8.3,98,78,Jember,-8.1724,113.702
2025-09-11,32.2,23.2,27.2,0.3,0.3,4.77,8.2,22.78,100,52,Jember,-8.1724,113.702
2025-09-12,31.8,23.1,26.7,0.8,0.8,4.84,11.6,23.04,96,56,Jember,-8.1724,113.702
2025-09-13,33.4,23.4,27.1,0.0,0.0,5.14,12.5,23.77,86,47,Jember,-8.1724,113.702
2025-09-14,31.0,23.0,26.1,1.0,1.0,4.43,8.2,21.68,91,60,Jember,-8.1724,113.702
2025-09-15,30.0,22.2,25.4,6.3,6.3,3.36,10.6,16.36,95,66,Jember,-8.1724,113.702
2025-09-16,30.8,23.1,25.7,3.9,3.9,3.48,10.0,16.83,95,63,Jember,-8.1724,113.702
2025-09-17,31.4,23.4,26.3,0.9,0.9,4.48,9.5,21.54,94,55,Jember,-8.1724,113.702
2025-09-18,31.4,22.6,25.8,1.4,1.4,4.45,9.4,21.99,96,59,Jember,-8.1724,113.702
2025-09-19,31.5,23.0,26.7,0.3,0.3,4.59,9.4,22.15,95,59,Jember,-8.1724,113.702
2025-09-20,32.0,23.4,27.4,0.9,0.9,4.74,8.1,22.63,92,57,Jember,-8.1724,113.702
2025-09-21,32.4,23.0,26.8,2.7,2.7,4.62,12.3,21.98,96,57,Jember,-8.1724,113.702
2025-09-22,32.2,23.2,26.6,2.0,2.0,4.99,15.2,23.65,95,54,Jember,-8.1724,113.702
2025-09-23,31.6,21.3,26.0,0.0,0.0,5.25,17.2,25.28,97,54,Jember,-8.1724,113.702
2025-09-24,31.6,22.3,26.1,5.5,5.5,4.73,11.5,23.25,97,60,Jember,-8.1724,113.702
2025-09-25,32.3,21.0,26.2,0.4,0.4,4.7,8.4,22.59,94,51,Jember,-8.1724,113.702
2025-09-26,32.6,22.1,26.4,2.9,2.9,4.78,14.3,22.91,96,58,Jember,-8.1724,113.702
2025-09-27,31.8,23.4,26.6,4.9,4.9,4.53,9.4,22.09,94,64,Jember,-8.1724,113.702
2025-09-28,33.3,22.4,27.6,0.9,0.9,5.14,11.4,23.98,93,51,Jember,-8.1724,113.702
2025-09-29,32.0,24.0,26.6,4.7,4.7,4.37,13.1,21.26,99,60,Jember,-8.1724,113.702
2025-09-30,28.8,23.5,25.2,19.1,19.1,2.58,5.9,12.85,98,79,Jember,-8.1724,113.702
2025-10-01,34.1,23.4,27.5,0.2,0.2,5.24,13.2,24.28,99,43,Jember,-8.1724,113.702
2025-10-02,32.8,23.1,27.0,11.5,11.5,5.1,11.2,24.62,95,59,Jember,-8.1724,113.702
2025-10-03,31.7,23.0,26.5,0.0,0.0,5.12,16.4,24.14,100,54,Jember,-8.1724,113.702
2025-10-04,33.2,22.1,26.8,0.5,0.5,5.19,9.2,24.73,99,52,Jember,-8.1724,113.702
2025-10-05,33.8,22.3,27.2,0.0,0.0,5.18,12.2,24.18,95,40,Jember,-8.1724,113.702
2025-10-06,32.0,22.8,26.5,9.0,9.0,4.69,12.1,22.92,97,62,Jember,-8.1724,113.702
2025-10-07,33.2,22.3,26.8,0.0,0.0,5.34,17.5,24.83,97,55,Jember,-8.1724,113.702
2025-10-08,30.3,22.1,26.1,5.5,5.5,4.32,14.2,20.22,99,62,Jember,-8.1724,113.702
2025-10-09,31.5,21.5,25.9,4.1,4.1,4.58,12.8,22.07,96,58,Jember,-8.1724,113.702
2025-10-10,30.9,22.4,25.8,5.2,5.2,4.49,16.2,22.0,95,60,Jember,-8.1724,113.702
2025-10-11,31.9,21.9,26.7,0.9,0.9,5.0,10.6,23.92,96,54,Jember,-8.1724,113.702
2025-10-12,33.4,24.2,27.6,1.9,1.9,4.92,10.1,23.27,98,53,Jember,-8.1724,113.702
2025-10-13,32.5,23.9,27.5,0.7,0.7,4.88,9.1,23.22,99,57,Jember,-8.1724,113.702
2025-10-14,33.0,23.2,27.5,3.9,3.9,4.44,5.2,21.18,93,61,Jember,-8.1724,113.702
2025-10-15,33.8,23.8,27.2,1.0,1.0,4.82,9.9,22.93,96,51,Jember,-8.1724,113.702
2025-10-16,33.2,24.0,27.8,1.4,1.4,5.13,10.4,23.94,97,54,Jember,-8.1724,113.702
2025-10-17,32.3,23.8,27.3,1.1,1.1,4.62,9.7,21.87,96,62,Jember,-8.1724,113.702
2025-10-18,32.2,23.4,27.4,2.0,2.0,4.46,8.0,21.0,100,58,Jember,-8.1724,113.702
2025-10-19,32.0,24.2,27.0,6.4,6.4,4.0,8.1,19.3,97,65,Jember,-8.1724,113.702
2025-10-20,31.8,23.5,26.8,9.5,9.5,3.58,11.3,17.07,97,68,Jember,-8.1724,113.702
2025-10-21,31.3,24.1,26.1,36.8,36.8,2.95,8.1,14.33,99,67,Jember,-8.1724,113.702
2025-10-22,28.8,23.1,25.0,24.2,24.2,2.42,11.8,12.19,100,78,Jember,-8.1724,113.702
2025-10-23,31.1,23.4,25.6,14.6,14.6,3.33,12.1,16.56,99,67,Jember,-8.1724,113.702
2025-10-24,31.8,23.4,26.0,16.1,16.1,4.14,11.7,20.42,100,65,Jember,-8.1724,113.702
2025-10-25,31.0,22.8,25.7,11.5,11.5,4.18,12.1,20.73,98,69,Jember,-8.1724,113.702
2025-10-26,31.8,22.9,26.0,1.3,1.3,4.55,12.1,22.46,98,61,Jember,-8.1724,113.702
2025-10-27,31.3,23.1,26.3,1.5,1.5,3.79,8.4,18.19,99,61,Jember,-8.1724,113.702
2025-10-28,31.3,24.0,26.7,3.8,3.8,3.95,10.1,18.99,98,64,Jember,-8.1724,113.702
2025-10-29,29.8,23.5,25.7,14.9,14.9,3.14,10.2,15.85,97,72,Jember,-8.1724,113.702
2025-10-30,31.6,22.9,26.4,8.3,8.3,4.03,10.5,19.58,98,67,Jember,-8.1724,113.702
2025-10-31,31.7,23.0,26.2,4.8,4.8,3.86,11.1,18.61,100,66,Jember,-8.1724,113.702
2025-11-01,32.8,23.6,27.1,15.3,15.3,4.61,9.5,21.98,100,59,Jember,-8.1724,113.702
2025-11-02,30.5,23.3,26.1,14.4,14.4,3.67,8.6,18.15,98,71,Jember,-8.1724,113.702
2025-11-03,30.8,23.3,25.8,1.8,1.8,3.87,9.7,19.34,99,68,Jember,-8.1724,113.702
2025-11-04,30.4,23.1,25.8,20.5,20.5,3.91,7.4,19.44,99,67,Jember,-8.1724,113.702
2025-11-05,29.6,23.8,25.7,15.0,15.0,2.98,12.3,14.64,99,70,Jember,-8.1724,113.702
2025-11-06,30.2,23.2,26.1,10.1,10.1,3.9,14.5,18.81,100,66,Jember,-8.1724,113.702
2025-11-07,31.6,22.2,26.2,2.7,2.7,4.57,16.7,22.32,94,57,Jember,-8.1724,113.702
2025-11-08,30.1,22.4,26.2,7.7,7.7,4.02,10.6,19.72,99,70,Jember,-8.1724,113.702
2025-11-09,27.8,23.4,25.3,27.5,27.5,1.9,10.6,9.16,100,82,Jember,-8.1724,113.702
2025-11-10,30.6,24.3,27.1,2.6,2.6,3.27,10.1,15.19,97,65,Jember,-8.1724,113.702
2025-11-11,29.4,24.1,25.8,5.9,5.9,2.98,11.9,14.75,98,67,Jember,-8.1724,113.702
2025-11-12,29.9,23.4,25.4,12.2,12.2,3.3,8.7,16.28,97,68,Jember,-8.1724,113.702
2025-11-13,30.0,23.3,25.7,13.3,13.3,2.98,10.0,13.99,97,62,Jember,-8.1724,113.702
2025-11-14,28.1,23.7,25.2,8.1,8.1,2.24,13.4,10.58,98,73,Jember,-8.1724,113.702
2025-11-15,30.2,22.9,26.2,1.7,1.7,3.61,13.6,17.14,96,67,Jember,-8.1724,113.702
2025-11-16,30.6,22.8,26.8,1.5,1.5,3.88,6.3,18.77,96,66,Jember,-8.1724,113.702
2025-11-17,29.2,24.5,26.2,15.3,15.3,3.38,13.4,16.91,98,75,Jember,-8.1724,113.702
2025-11-18,31.0,24.0,26.3,13.2,13.2,4.03,11.6,19.79,99,65,Jember,-8.1724,113.702
2025-11-19,31.6,23.6,27.0,0.8,0.8,4.5,11.2,20.88,95,56,Jember,-8.1724,113.702
2025-11-20,32.0,24.0,27.4,1.1,1.1,4.59,8.1,21.86,98,56,Jember,-8.1724,113.702
2025-11-21,31.5,24.0,26.8,7.7,7.7,4.21,7.3,20.1,94,57,Jember,-8.1724,113.702
2025-11-22,29.2,23.5,25.8,8.4,8.4,3.06,7.6,14.97,98,71,Jember,-8.1724,113.702
2025-11-23,29.2,24.3,25.8,38.4,38.4,3.08,8.6,14.85,98,71,Jember,-8.1724,113.702
2025-11-24,30.9,23.9,26.5,6.9,6.9,3.92,10.6,18.78,98,63,Jember,-8.1724,113.702
2025-11-25,31.1,23.2,27.1,0.0,0.0,4.87,16.3,23.42,95,61,Jember,-8.1724,113.702
2025-11-26,30.1,24.4,25.9,12.0,12.0,3.36,10.8,16.11,98,66,Jember,-8.1724,113.702
2025-11-27,30.6,24.0,27.0,0.0,0.0,4.28,12.7,20.11,96,64,Jember,-8.1724,113.702
2025-11-28,30.2,24.2,26.7,1.3,1.3,4.41,15.9,21.23,90,67,Jember,-8.1724,113.702
2025-11-29,29.4,23.9,26.0,4.6,4.6,3.33,13.6,15.66,94,62,Jember,-8.1724,113.702
2025-11-30,30.9,22.4,26.6,0.1,0.1,4.38,11.2,20.53,93,61,Jember,-8.1724,113.702
2025-12-01,31.0,24.0,27.0,2.3,2.3,4.55,13.0,21.94,93,63,Jember,-8.1724,113.702
2025-12-02,31.1,23.6,25.9,12.6,12.6,3.55,14.0,17.66,98,68,Jember,-8.1724,113.702
2025-12-03,30.6,24.0,26.6,1.9,1.9,3.95,11.6,19.23,97,64,Jember,-8.1724,113.702
2025-12-04,31.2,23.6,26.1,3.9,3.9,3.74,8.0,18.48,96,69,Jember,-8.1724,113.702
2025-12-05,30.1,23.7,25.6,9.4,9.4,3.24,11.1,15.87,97,70,Jember,-8.1724,113.702
2025-12-06,29.8,22.9,25.6,34.1,34.1,3.82,8.1,18.99,98,71,Jember,-8.1724,113.702
2025-12-07,30.9,23.3,26.3,3.6,3.6,4.27,8.7,20.86,99,65,Jember,-8.1724,113.702
2025-12-08,29.3,23.8,25.7,8.8,8.8,3.09,11.8,15.39,99,77,Jember,-8.1724,113.702
2025-12-09,30.4,23.4,25.7,1.7,1.7,3.58,8.3,17.81,99,72,Jember,-8.1724,113.702
2025-12-10,30.9,23.8,26.7,3.1,3.1,4.31,14.2,20.83,96,67,Jember,-8.1724,113.702
2025-12-11,30.9,23.4,26.5,2.9,2.9,3.87,16.7,18.5,96,67,Jember,-8.1724,113.702
2025-12-12,28.5,23.1,25.5,1.8,1.8,3.28,7.5,16.13,98,66,Jember,-8.1724,113.702
2025-12-13,29.3,23.0,26.2,4.0,4.0,3.72,11.2,18.08,95,63,Jember,-8.1724,113.702
2025-12-14,30.6,24.2,26.0,11.8,11.8,3.36,9.4,16.11,96,70,Jember,-8.1724,113.702
2025-12-15,29.9,23.9,26.0,2.8,2.8,3.16,11.5,14.82,96,64,Jember,-8.1724,113.702
2025-12-16,30.6,23.0,26.5,0.5,0.5,3.87,10.7,18.35,97,66,Jember,-8.1724,113.702
2025-12-17,31.2,24.0,26.8,0.9,0.9,5.03,10.9,24.42,94,58,Jember,-8.1724,113.702
2025-12-18,29.5,23.4,25.5,13.8,13.8,3.85,10.3,19.4,98,73,Jember,-8.1724,113.702
2025-12-19,29.1,23.0,25.6,2.5,2.5,2.24,10.4,10.08,98,70,Jember,-8.1724,113.702
2025-12-20,32.0,23.4,26.3,19.2,19.2,3.21,7.4,15.23,96,62,Jember,-8.1724,113.702
2025-12-21,31.2,24.2,26.7,6.2,6.2,3.69,10.6,17.93,95,63,Jember,-8.1724,113.702
2025-12-22,30.6,23.6,26.5,3.9,3.9,3.84,16.2,19.21,98,69,Jember,-8.1724,113.702
2025-12-23,31.3,23.7,27.0,4.0,4.0,4.79,18.5,23.19,97,62,Jember,-8.1724,113.702
2025-12-24,30.6,23.4,26.5,5.5,5.5,4.04,18.9,19.86,99,67,Jember,-8.1724,113.702
2025-12-25,32.0,23.6,27.5,2.5,2.5,5.03,18.6,23.95,100,60,Jember,-8.1724,113.702
2025-12-26,29.6,23.1,26.2,12.1,12.1,3.71,17.6,18.71,98,72,Jember,-8.1724,113.702
2025-12-27,28.5,24.5,26.0,7.3,7.3,2.52,13.1,12.35,98,78,Jember,-8.1724,113.702
2025-12-28,30.8,24.6,27.1,2.3,2.3,3.89,15.7,18.63,97,68,Jember,-8.1724,113.702
2025-12-29,31.9,24.3,27.6,0.1,0.1,4.73,15.0,21.99,93,56,Jember,-8.1724,113.702
2025-12-30,31.6,24.4,27.1,2.2,2.2,4.41,11.6,21.24,94,59,Jember,-8.1724,113.702
2025-12-31,29.0,24.4,26.2,7.5,7.5,2.91,6.8,14.09,97,72,Jember,-8.1724,113.702
