tanggal,temperature_2m_max,temperature_2m_min,temperature_2m_mean,precipitation_sum,rain_sum,et0_fao_evapotranspiration,windspeed_10m_max,shortwave_radiation_sum,relative_humidity_2m_max,relative_humidity_2m_min,kabupaten,lat,lon
2018-01-01,28.4,23.2,25.5,1.6,1.6,3.23,17.7,15.91,96,67,Kediri,-7.8167,111.9667
2018-01-02,27.6,23.8,25.4,17.1,17.1,2.94,11.5,14.64,97,78,Kediri,-7.8167,111.9667
2018-01-03,29.1,23.1,25.8,4.3,4.3,3.48,11.7,17.5,95,77,Kediri,-7.8167,111.9667
2018-01-04,27.8,23.7,25.4,11.8,11.8,2.95,12.4,14.9,95,78,Kediri,-7.8167,111.9667
2018-01-05,27.8,23.4,25.4,18.6,18.6,3.47,12.3,18.08,97,78,Kediri,-7.8167,111.9667
2018-01-06,28.8,23.6,25.5,19.1,19.1,2.92,12.0,14.27,99,74,Kediri,-7.8167,111.9667
2018-01-07,26.6,23.6,24.8,17.5,17.5,2.26,11.5,11.31,100,82,Kediri,-7.8167,111.9667
2018-01-08,29.0,24.0,25.9,1.1,1.1,3.75,8.1,18.61,96,71,Kediri,-7.8167,111.9667
2018-01-09,29.7,23.3,26.0,6.9,6.9,3.92,11.5,19.43,95,66,Kediri,-7.8167,111.9667
2018-01-10,29.1,22.8,25.3,37.1,37.1,3.23,11.3,16.29,99,76,Kediri,-7.8167,111.9667
2018-01-11,26.8,23.0,24.5,24.8,24.8,1.81,9.4,8.79,99,81,Kediri,-7.8167,111.9667
2018-01-12,26.9,22.4,24.3,3.4,3.4,1.68,10.6,7.71,96,76,Kediri,-7.8167,111.9667
2018-01-13,28.0,23.1,25.4,45.6,45.6,2.41,8.9,11.47,97,76,Kediri,-7.8167,111.9667
2018-01-14,28.0,22.8,25.5,15.7,15.7,3.14,12.3,15.87,96,78,Kediri,-7.8167,111.9667
2018-01-15,28.3,22.4,25.3,9.2,9.2,3.47,12.2,17.69,100,75,Kediri,-7.8167,111.9667
2018-01-16,28.1,22.6,24.8,15.5,15.5,3.44,11.7,17.66,99,71,Kediri,-7.8167,111.9667
2018-01-17,27.8,22.1,24.9,35.0,35.0,2.96,8.4,15.07,100,77,Kediri,-7.8167,111.9667
2018-01-18,27.3,23.4,24.9,74.2,74.2,2.38,8.4,11.85,96,81,Kediri,-7.8167,111.9667
2018-01-19,27.7,23.0,25.0,19.8,19.8,2.41,9.7,11.96,99,83,Kediri,-7.8167,111.9667
2018-01-20,26.9,23.0,24.5,56.1,56.1,1.98,9.4,9.74,99,84,Kediri,-7.8167,111.9667
2018-01-21,26.6,22.8,24.4,15.3,15.3,2.03,11.7,10.05,98,81,Kediri,-7.8167,111.9667
2018-01-22,26.6,22.6,24.5,52.4,52.4,2.15,11.6,10.86,98,83,Kediri,-7.8167,111.9667
2018-01-23,28.2,23.2,24.7,49.9,49.9,2.74,9.4,13.98,100,79,Kediri,-7.8167,111.9667
2018-01-24,27.6,23.0,24.9,31.7,31.7,2.67,10.1,13.51,99,83,Kediri,-7.8167,111.9667
2018-01-25,26.7,22.9,24.5,33.6,33.6,2.13,10.7,10.94,99,81,Kediri,-7.8167,111.9667
2018-01-26,27.7,22.0,24.5,50.1,50.1,2.98,12.0,15.48,99,77,Kediri,-7.8167,111.9667
2018-01-27,29.2,22.8,25.2,46.2,46.2,3.53,13.5,18.22,98,77,Kediri,-7.8167,111.9667
2018-01-28,28.8,23.4,25.7,16.3,16.3,3.01,16.3,14.08,97,74,Kediri,-7.8167,111.9667
2018-01-29,27.6,23.0,25.0,28.5,28.5,2.77,11.9,13.9,100,75,Kediri,-7.8167,111.9667
2018-01-30,27.5,21.7,24.8,34.9,34.9,3.71,10.2,19.08,97,74,Kediri,-7.8167,111.9667
2018-01-31,28.7,22.9,25.0,29.0,29.0,3.63,9.7,18.77,100,78,Kediri,-7.8167,111.9667
2018-02-01,27.6,22.8,24.5,44.1,44.1,2.54,11.2,13.13,100,87,Kediri,-7.8167,111.9667
2018-02-02,26.9,22.8,24.5,25.7,25.7,2.33,8.1,11.87,99,85,Kediri,-7.8167,111.9667
2018-02-03,28.4,22.8,25.0,36.5,36.5,3.03,14.3,15.37,100,76,Kediri,-7.8167,111.9667
2018-02-04,27.7,23.0,25.2,31.6,31.6,3.25,10.1,16.59,98,75,Kediri,-7.8167,111.9667
2018-02-05,27.3,23.0,24.8,38.6,38.6,2.57,11.1,12.94,99,79,Kediri,-7.8167,111.9667
2018-02-06,27.8,23.2,24.7,36.9,36.9,2.94,12.4,14.98,98,75,Kediri,-7.8167,111.9667
2018-02-07,27.4,22.8,24.2,27.1,27.1,2.62,10.5,13.33,99,78,Kediri,-7.8167,111.9667
2018-02-08,26.1,22.2,23.8,42.6,42.6,2.05,11.7,10.89,100,85,Kediri,-7.8167,111.9667
2018-02-09,26.9,22.4,24.4,12.9,12.9,1.94,12.3,9.72,96,84,Kediri,-7.8167,111.9667
2018-02-10,28.3,23.0,25.1,15.8,15.8,3.61,8.6,18.51,98,72,Kediri,-7.8167,111.9667
2018-02-11,28.3,22.3,25.0,13.1,13.1,3.46,12.2,17.89,100,75,Kediri,-7.8167,111.9667
2018-02-12,27.7,23.0,24.7,63.5,63.5,1.99,9.2,9.88,100,83,Kediri,-7.8167,111.9667
2018-02-13,27.2,22.8,24.4,24.9,24.9,2.41,14.7,12.3,100,78,Kediri,-7.8167,111.9667
2018-02-14,27.0,22.6,24.7,23.3,23.3,2.49,11.2,12.69,99,78,Kediri,-7.8167,111.9667
2018-02-15,27.0,22.7,24.4,49.3,49.3,2.08,9.2,10.33,99,80,Kediri,-7.8167,111.9667
2018-02-16,26.8,22.9,24.5,24.5,24.5,2.38,12.7,12.31,100,83,Kediri,-7.8167,111.9667
2018-02-17,27.8,22.4,24.9,23.6,23.6,3.25,12.3,16.89,100,77,Kediri,-7.8167,111.9667
2018-02-18,29.0,23.1,25.5,16.2,16.2,3.65,7.6,18.57,97,76,Kediri,-7.8167,111.9667
2018-02-19,28.4,23.1,25.3,24.5,24.5,3.24,8.2,16.47,99,79,Kediri,-7.8167,111.9667
2018-02-20,28.1,23.2,25.3,22.0,22.0,3.11,12.8,15.75,98,77,Kediri,-7.8167,111.9667
2018-02-21,28.9,23.4,25.5,22.2,22.2,3.48,8.4,17.49,96,80,Kediri,-7.8167,111.9667
2018-02-22,27.6,23.0,24.9,24.1,24.1,2.58,7.4,12.68,100,81,Kediri,-7.8167,111.9667
2018-02-23,27.9,23.3,25.0,18.7,18.7,3.0,11.8,15.26,97,77,Kediri,-7.8167,111.9667
2018-02-24,27.5,23.2,24.8,32.7,32.7,2.4,8.2,11.91,98,80,Kediri,-7.8167,111.9667
2018-02-25,29.0,23.1,25.4,0.4,0.4,3.41,16.6,16.89,99,70,Kediri,-7.8167,111.9667
2018-02-26,28.0,23.7,25.3,21.7,21.7,2.74,11.9,13.41,96,75,Kediri,-7.8167,111.9667
2018-02-27,29.3,23.1,26.1,1.9,1.9,4.37,17.8,21.69,94,69,Kediri,-7.8167,111.9667
2018-02-28,30.0,23.5,26.2,1.3,1.3,3.99,7.6,19.61,91,67,Kediri,-7.8167,111.9667
2018-03-01,28.9,23.7,25.6,1.5,1.5,3.65,17.0,18.52,96,70,Kediri,-7.8167,111.9667
2018-03-02,28.5,22.8,25.4,19.5,19.5,3.37,9.4,17.12,96,78,Kediri,-7.8167,111.9667
2018-03-03,28.2,23.9,25.7,12.7,12.7,3.12,8.8,15.79,97,81,Kediri,-7.8167,111.9667
2018-03-04,28.0,22.9,25.5,20.6,20.6,3.34,7.9,16.93,97,78,Kediri,-7.8167,111.9667
2018-03-05,28.7,23.6,25.4,10.8,10.8,3.34,10.5,16.88,99,76,Kediri,-7.8167,111.9667
2018-03-06,30.2,23.7,26.0,1.2,1.2,4.24,12.1,21.38,96,66,Kediri,-7.8167,111.9667
2018-03-07,27.4,23.1,25.2,14.2,14.2,2.8,16.3,14.34,97,81,Kediri,-7.8167,111.9667
2018-03-08,27.8,23.1,25.1,29.3,29.3,3.25,8.1,16.83,97,78,Kediri,-7.8167,111.9667
2018-03-09,28.7,23.5,25.9,11.3,11.3,3.33,12.0,17.08,97,80,Kediri,-7.8167,111.9667
2018-03-10,28.6,23.3,25.6,12.0,12.0,3.56,7.0,17.98,97,79,Kediri,-7.8167,111.9667
2018-03-11,29.3,23.5,25.4,3.5,3.5,3.15,8.7,15.68,97,69,Kediri,-7.8167,111.9667
2018-03-12,28.2,23.4,25.8,7.6,7.6,3.01,13.7,14.49,98,73,Kediri,-7.8167,111.9667
2018-03-13,28.7,23.8,25.5,14.8,14.8,3.1,10.1,14.86,95,68,Kediri,-7.8167,111.9667
2018-03-14,28.6,23.4,25.5,4.9,4.9,3.62,14.8,17.78,98,73,Kediri,-7.8167,111.9667
2018-03-15,29.3,22.4,25.8,1.9,1.9,4.28,21.8,21.39,92,71,Kediri,-7.8167,111.9667
2018-03-16,29.2,22.9,25.6,1.8,1.8,3.7,10.3,18.44,96,72,Kediri,-7.8167,111.9667
2018-03-17,27.6,22.9,25.0,13.4,13.4,3.58,12.6,18.52,100,79,Kediri,-7.8167,111.9667
2018-03-18,28.6,22.8,25.3,7.3,7.3,4.07,11.1,21.2,96,73,Kediri,-7.8167,111.9667
2018-03-19,29.2,23.2,26.0,2.0,2.0,4.07,15.9,20.16,91,71,Kediri,-7.8167,111.9667
2018-03-20,31.2,22.8,26.6,0.0,0.0,5.32,13.8,25.02,98,55,Kediri,-7.8167,111.9667
2018-03-21,30.7,22.3,26.1,0.1,0.1,4.52,17.8,22.08,98,61,Kediri,-7.8167,111.9667
2018-03-22,28.8,22.9,24.9,12.6,12.6,2.99,14.9,15.49,99,79,Kediri,-7.8167,111.9667
2018-03-23,30.4,24.2,26.6,0.0,0.0,4.69,20.0,22.82,88,65,Kediri,-7.8167,111.9667
2018-03-24,28.4,23.7,25.7,1.5,1.5,3.88,19.9,20.28,94,74,Kediri,-7.8167,111.9667
2018-03-25,29.1,23.3,25.6,1.6,1.6,4.04,20.3,20.8,95,69,Kediri,-7.8167,111.9667
2018-03-26,29.7,22.8,25.6,0.5,0.5,4.31,12.2,21.74,94,68,Kediri,-7.8167,111.9667
2018-03-27,28.5,23.7,25.7,1.4,1.4,3.13,15.9,15.1,94,71,Kediri,-7.8167,111.9667
2018-03-28,29.8,23.3,26.1,1.5,1.5,4.27,18.4,20.88,91,66,Kediri,-7.8167,111.9667
2018-03-29,31.1,22.7,26.5,0.4,0.4,5.01,18.1,24.43,95,61,Kediri,-7.8167,111.9667
2018-03-30,29.4,23.3,25.7,5.0,5.0,3.87,6.6,19.33,97,68,Kediri,-7.8167,111.9667
2018-03-31,28.5,23.8,25.8,39.8,39.8,3.54,9.7,17.82,98,75,Kediri,-7.8167,111.9667
2018-04-01,29.2,23.5,25.9,30.8,30.8,3.67,8.9,18.5,93,74,Kediri,-7.8167,111.9667
2018-04-02,28.8,23.6,25.8,9.5,9.5,3.34,8.4,16.57,92,74,Kediri,-7.8167,111.9667
2018-04-03,29.2,23.3,26.1,1.8,1.8,4.2,19.8,21.22,94,68,Kediri,-7.8167,111.9667
2018-04-04,29.5,23.6,26.3,0.0,0.0,4.4,17.9,22.05,90,70,Kediri,-7.8167,111.9667
2018-04-05,29.4,24.5,26.5,4.7,4.7,4.36,15.1,21.82,89,74,Kediri,-7.8167,111.9667
2018-04-06,29.9,24.0,26.4,3.7,3.7,4.06,15.8,20.34,93,69,Kediri,-7.8167,111.9667
2018-04-07,29.6,23.7,25.7,6.1,6.1,4.04,8.9,20.37,92,68,Kediri,-7.8167,111.9667
2018-04-08,29.5,23.8,25.6,5.0,5.0,3.73,11.5,18.78,96,69,Kediri,-7.8167,111.9667
2018-04-09,29.4,23.3,25.9,0.4,0.4,4.11,10.4,20.33,92,65,Kediri,-7.8167,111.9667
2018-04-10,29.9,23.9,26.6,0.3,0.3,4.64,18.0,22.27,86,65,Kediri,-7.8167,111.9667
2018-04-11,29.4,24.8,26.6,1.4,1.4,4.32,13.6,21.51,87,71,Kediri,-7.8167,111.9667
2018-04-12,29.5,24.0,26.7,0.7,0.7,4.04,11.3,19.77,88,69,Kediri,-7.8167,111.9667
2018-04-13,29.9,24.3,26.9,1.3,1.3,4.24,18.9,21.0,91,69,Kediri,-7.8167,111.9667
2018-04-14,30.3,24.3,26.9,2.5,2.5,4.22,13.9,20.66,95,68,Kediri,-7.8167,111.9667
2018-04-15,30.3,24.9,27.0,1.0,1.0,4.57,18.8,21.98,90,68,Kediri,-7.8167,111.9667
2018-04-16,29.4,24.0,26.5,3.4,3.4,3.99,14.2,19.89,89,73,Kediri,-7.8167,111.9667
2018-04-17,28.9,24.0,26.2,3.7,3.7,3.7,15.3,18.68,93,75,Kediri,-7.8167,111.9667
2018-04-18,29.7,24.5,26.3,8.5,8.5,3.76,10.0,18.5,96,69,Kediri,-7.8167,111.9667
2018-04-19,29.2,23.8,26.1,0.9,0.9,3.92,16.8,20.4,96,71,Kediri,-7.8167,111.9667
2018-04-20,29.8,24.0,26.3,1.8,1.8,4.03,8.9,20.17,91,70,Kediri,-7.8167,111.9667
2018-04-21,30.0,23.7,26.4,1.0,1.0,4.08,9.9,20.32,94,69,Kediri,-7.8167,111.9667
2018-04-22,30.0,24.2,26.2,4.9,4.9,3.51,10.6,17.44,92,68,Kediri,-7.8167,111.9667
2018-04-23,30.7,24.5,26.6,1.1,1.1,3.89,12.9,18.55,93,62,Kediri,-7.8167,111.9667
2018-04-24,29.7,23.8,26.5,1.7,1.7,3.99,16.2,19.26,90,68,Kediri,-7.8167,111.9667
2018-04-25,29.8,23.6,26.4,1.0,1.0,4.14,11.7,20.28,94,67,Kediri,-7.8167,111.9667
2018-04-26,29.6,23.3,26.4,0.5,0.5,4.14,15.2,20.42,94,66,Kediri,-7.8167,111.9667
2018-04-27,30.7,23.8,26.7,0.0,0.0,4.61,11.5,22.23,90,59,Kediri,-7.8167,111.9667
2018-04-28,30.8,24.0,26.6,0.0,0.0,4.81,20.2,22.07,89,59,Kediri,-7.8167,111.9667
2018-04-29,30.4,24.5,26.7,0.0,0.0,5.33,18.7,23.65,83,60,Kediri,-7.8167,111.9667
2018-04-30,30.1,23.8,26.3,0.0,0.0,5.15,16.2,22.95,82,56,Kediri,-7.8167,111.9667
2018-05-01,30.4,22.7,26.1,0.0,0.0,5.07,18.2,23.19,87,55,Kediri,-7.8167,111.9667
2018-05-02,30.2,24.0,26.3,0.0,0.0,4.87,16.8,20.97,82,52,Kediri,-7.8167,111.9667
2018-05-03,30.6,23.1,26.2,0.0,0.0,5.02,18.1,22.36,91,51,Kediri,-7.8167,111.9667
2018-05-04,31.0,23.9,26.7,0.0,0.0,5.55,16.2,22.92,73,52,Kediri,-7.8167,111.9667
2018-05-05,31.5,23.6,27.2,0.0,0.0,5.07,12.7,22.69,80,47,Kediri,-7.8167,111.9667
2018-05-06,31.4,22.9,27.1,0.0,0.0,4.7,16.6,20.8,86,50,Kediri,-7.8167,111.9667
2018-05-07,31.8,24.1,27.5,0.3,0.3,5.12,17.3,22.24,83,53,Kediri,-7.8167,111.9667
2018-05-08,31.6,25.0,27.1,0.1,0.1,5.26,21.0,21.74,83,51,Kediri,-7.8167,111.9667
2018-05-09,31.5,24.2,27.0,0.1,0.1,5.22,17.7,21.38,81,46,Kediri,-7.8167,111.9667
2018-05-10,32.0,24.1,27.6,0.1,0.1,5.17,15.8,22.57,85,45,Kediri,-7.8167,111.9667
2018-05-11,32.2,23.8,27.2,0.0,0.0,5.29,22.9,21.95,82,48,Kediri,-7.8167,111.9667
2018-05-12,32.0,25.1,27.3,0.0,0.0,5.26,21.0,20.26,79,48,Kediri,-7.8167,111.9667
2018-05-13,32.0,24.8,27.1,0.0,0.0,5.17,20.9,20.38,84,48,Kediri,-7.8167,111.9667
2018-05-14,32.5,25.0,27.9,0.0,0.0,5.0,18.4,20.67,81,49,Kediri,-7.8167,111.9667
2018-05-15,31.4,25.1,27.3,3.3,3.3,4.22,21.2,18.06,88,59,Kediri,-7.8167,111.9667
2018-05-16,31.5,25.3,27.4,2.5,2.5,4.21,18.2,17.2,86,55,Kediri,-7.8167,111.9667
2018-05-17,31.2,25.3,27.1,0.1,0.1,4.08,21.9,15.59,84,57,Kediri,-7.8167,111.9667
2018-05-18,30.9,25.2,27.1,0.3,0.3,4.64,20.1,17.86,83,56,Kediri,-7.8167,111.9667
2018-05-19,31.7,25.1,27.3,0.1,0.1,4.81,17.8,19.65,84,51,Kediri,-7.8167,111.9667
2018-05-20,31.8,24.9,27.5,0.2,0.2,4.56,17.2,19.11,85,49,Kediri,-7.8167,111.9667
2018-05-21,30.8,24.1,26.9,0.0,0.0,3.13,14.6,13.08,91,50,Kediri,-7.8167,111.9667
2018-05-22,31.8,24.1,27.6,0.4,0.4,4.27,13.8,18.55,86,53,Kediri,-7.8167,111.9667
2018-05-23,31.8,25.0,27.3,5.9,5.9,3.5,12.6,15.25,91,53,Kediri,-7.8167,111.9667
2018-05-24,31.7,24.9,27.2,0.5,0.5,4.14,18.7,16.77,88,54,Kediri,-7.8167,111.9667
2018-05-25,31.5,25.0,27.1,1.3,1.3,3.93,17.0,16.15,93,55,Kediri,-7.8167,111.9667
2018-05-26,30.4,24.7,26.5,0.2,0.2,3.67,20.8,15.36,92,60,Kediri,-7.8167,111.9667
2018-05-27,30.3,24.2,26.3,0.4,0.4,4.13,23.3,16.39,88,56,Kediri,-7.8167,111.9667
2018-05-28,31.1,23.9,26.4,0.0,0.0,4.6,23.3,19.0,88,52,Kediri,-7.8167,111.9667
2018-05-29,31.6,24.0,26.4,0.0,0.0,4.69,23.3,18.15,85,48,Kediri,-7.8167,111.9667
2018-05-30,31.1,23.4,26.0,0.0,0.0,4.78,21.3,19.75,85,47,Kediri,-7.8167,111.9667
2018-05-31,31.6,22.5,25.8,0.0,0.0,4.52,21.3,19.45,92,48,Kediri,-7.8167,111.9667
2018-06-01,31.1,22.4,25.8,0.0,0.0,4.78,22.4,20.67,89,47,Kediri,-7.8167,111.9667
2018-06-02,33.7,23.1,27.1,0.2,0.2,4.84,20.8,20.83,82,39,Kediri,-7.8167,111.9667
2018-06-03,32.8,23.6,27.4,0.0,0.0,4.55,16.2,19.79,87,44,Kediri,-7.8167,111.9667
2018-06-04,33.8,23.5,27.8,0.5,0.5,4.26,12.1,18.43,91,38,Kediri,-7.8167,111.9667
2018-06-05,33.7,24.0,27.9,0.0,0.0,4.26,15.2,19.2,88,42,Kediri,-7.8167,111.9667
2018-06-06,32.4,23.6,26.9,0.0,0.0,4.43,19.3,19.2,89,46,Kediri,-7.8167,111.9667
2018-06-07,32.9,23.7,27.2,0.0,0.0,4.77,18.0,20.97,88,44,Kediri,-7.8167,111.9667
2018-06-08,32.8,23.9,26.8,0.0,0.0,4.71,22.4,19.67,88,46,Kediri,-7.8167,111.9667
2018-06-09,30.9,23.8,26.3,0.0,0.0,4.49,23.4,17.97,91,54,Kediri,-7.8167,111.9667
2018-06-10,31.8,23.8,26.6,0.0,0.0,4.65,23.3,19.21,86,45,Kediri,-7.8167,111.9667
2018-06-11,30.8,24.3,26.6,1.2,1.2,4.21,21.5,17.2,88,56,Kediri,-7.8167,111.9667
2018-06-12,31.1,24.5,26.6,0.2,0.2,4.31,22.9,17.28,88,55,Kediri,-7.8167,111.9667
2018-06-13,30.8,23.5,25.8,0.2,0.2,4.58,24.1,17.94,89,48,Kediri,-7.8167,111.9667
2018-06-14,31.5,23.0,25.8,0.0,0.0,4.84,25.7,19.85,87,46,Kediri,-7.8167,111.9667
2018-06-15,31.7,23.2,26.0,0.0,0.0,5.11,23.7,21.06,89,39,Kediri,-7.8167,111.9667
2018-06-16,32.3,23.3,26.6,0.0,0.0,4.79,19.8,20.82,85,38,Kediri,-7.8167,111.9667
2018-06-17,32.9,23.1,27.2,0.0,0.0,4.64,10.3,20.66,83,37,Kediri,-7.8167,111.9667
2018-06-18,32.4,22.6,26.9,0.0,0.0,4.56,17.2,20.28,83,34,Kediri,-7.8167,111.9667
2018-06-19,29.0,23.8,25.7,5.1,5.1,3.63,22.1,16.14,88,65,Kediri,-7.8167,111.9667
2018-06-20,29.6,23.8,25.9,6.5,6.5,3.68,20.6,16.11,94,62,Kediri,-7.8167,111.9667
2018-06-21,28.1,23.8,25.4,2.0,2.0,2.34,18.3,9.7,94,69,Kediri,-7.8167,111.9667
2018-06-22,28.8,23.5,25.2,2.8,2.8,3.22,19.7,14.87,93,67,Kediri,-7.8167,111.9667
2018-06-23,29.6,23.5,25.7,1.2,1.2,3.98,20.4,17.85,91,62,Kediri,-7.8167,111.9667
2018-06-24,30.1,24.0,25.9,1.0,1.0,3.81,19.6,16.71,88,62,Kediri,-7.8167,111.9667
2018-06-25,28.5,23.4,25.2,3.1,3.1,3.7,21.8,16.32,89,64,Kediri,-7.8167,111.9667
2018-06-26,28.9,23.0,25.0,0.5,0.5,3.89,21.3,16.92,87,61,Kediri,-7.8167,111.9667
2018-06-27,28.9,23.0,25.1,0.4,0.4,3.93,21.6,17.5,88,62,Kediri,-7.8167,111.9667
2018-06-28,28.7,23.1,25.1,1.1,1.1,4.04,23.3,17.32,88,61,Kediri,-7.8167,111.9667
2018-06-29,29.0,22.8,25.0,1.2,1.2,4.17,23.9,18.37,90,59,Kediri,-7.8167,111.9667
2018-06-30,29.9,23.0,25.1,0.0,0.0,4.3,24.8,17.85,88,54,Kediri,-7.8167,111.9667
2018-07-01,30.7,23.0,25.5,0.0,0.0,4.58,20.6,20.2,88,52,Kediri,-7.8167,111.9667
2018-07-02,30.2,22.4,25.2,0.0,0.0,4.29,22.7,19.31,90,56,Kediri,-7.8167,111.9667
2018-07-03,30.0,22.7,25.3,0.0,0.0,4.39,22.5,18.51,90,51,Kediri,-7.8167,111.9667
2018-07-04,28.9,22.6,25.1,5.3,5.3,3.85,23.0,17.09,93,62,Kediri,-7.8167,111.9667
2018-07-05,28.9,21.6,24.3,0.0,0.0,4.81,27.4,20.43,93,46,Kediri,-7.8167,111.9667
2018-07-06,29.0,21.0,24.1,0.0,0.0,4.61,23.2,19.7,84,49,Kediri,-7.8167,111.9667
2018-07-07,28.8,22.5,24.7,0.0,0.0,4.53,24.7,19.05,84,53,Kediri,-7.8167,111.9667
2018-07-08,29.1,22.6,24.9,0.0,0.0,4.25,24.6,18.48,90,55,Kediri,-7.8167,111.9667
2018-07-09,30.2,22.8,25.2,0.0,0.0,4.7,24.8,19.86,93,48,Kediri,-7.8167,111.9667
2018-07-10,29.5,22.6,25.0,0.1,0.1,4.58,24.5,17.86,87,51,Kediri,-7.8167,111.9667
2018-07-11,28.7,22.0,24.5,0.0,0.0,4.61,24.3,19.38,84,53,Kediri,-7.8167,111.9667
2018-07-12,29.2,22.4,24.6,0.1,0.1,4.43,23.9,19.36,87,53,Kediri,-7.8167,111.9667
2018-07-13,29.1,22.5,24.6,1.7,1.7,4.1,23.4,17.0,86,53,Kediri,-7.8167,111.9667
2018-07-14,27.9,21.7,24.0,1.6,1.6,4.02,24.8,16.69,89,57,Kediri,-7.8167,111.9667
2018-07-15,27.6,21.1,23.5,0.8,0.8,4.37,27.4,18.23,89,53,Kediri,-7.8167,111.9667
2018-07-16,28.5,21.7,24.1,0.2,0.2,4.5,24.4,19.52,87,53,Kediri,-7.8167,111.9667
2018-07-17,29.0,22.2,24.5,0.4,0.4,3.95,22.1,16.43,87,53,Kediri,-7.8167,111.9667
2018-07-18,29.2,22.9,25.0,0.0,0.0,3.95,23.0,16.72,88,57,Kediri,-7.8167,111.9667
2018-07-19,30.8,22.9,25.3,0.2,0.2,4.78,26.0,20.79,87,50,Kediri,-7.8167,111.9667
2018-07-20,31.0,22.6,25.7,0.0,0.0,4.51,21.6,19.93,92,52,Kediri,-7.8167,111.9667
2018-07-21,30.6,22.6,25.6,0.0,0.0,4.34,22.4,19.21,95,55,Kediri,-7.8167,111.9667
2018-07-22,30.4,23.2,25.8,0.0,0.0,4.41,23.1,18.86,91,54,Kediri,-7.8167,111.9667
2018-07-23,29.9,22.9,25.6,0.8,0.8,4.3,23.5,18.55,95,59,Kediri,-7.8167,111.9667
2018-07-24,30.9,22.6,25.5,0.0,0.0,5.08,18.7,21.56,86,44,Kediri,-7.8167,111.9667
2018-07-25,29.6,20.8,24.2,0.0,0.0,5.2,26.7,22.47,98,39,Kediri,-7.8167,111.9667
2018-07-26,29.3,20.6,24.0,0.0,0.0,4.88,25.4,22.09,88,50,Kediri,-7.8167,111.9667
2018-07-27,29.6,21.7,24.3,0.0,0.0,4.5,26.2,20.04,90,51,Kediri,-7.8167,111.9667
2018-07-28,28.3,22.2,24.4,0.8,0.8,4.24,25.7,19.12,95,60,Kediri,-7.8167,111.9667
2018-07-29,30.5,21.9,24.8,0.0,0.0,4.66,24.3,19.93,89,49,Kediri,-7.8167,111.9667
2018-07-30,30.9,21.9,25.4,0.0,0.0,4.86,21.9,21.1,89,49,Kediri,-7.8167,111.9667
2018-07-31,29.7,22.6,25.2,0.4,0.4,4.4,23.6,19.5,94,56,Kediri,-7.8167,111.9667
2018-08-01,29.3,22.2,24.9,0.6,0.6,4.18,25.3,18.28,93,55,Kediri,-7.8167,111.9667
2018-08-02,29.0,21.0,23.7,1.6,1.6,5.02,29.7,21.64,95,41,Kediri,-7.8167,111.9667
2018-08-03,26.7,20.3,22.8,0.1,0.1,4.49,26.7,19.59,87,53,Kediri,-7.8167,111.9667
2018-08-04,26.9,20.6,23.0,0.1,0.1,4.14,25.9,18.28,85,55,Kediri,-7.8167,111.9667
2018-08-05,26.0,20.3,22.8,2.1,2.1,4.04,26.0,17.54,90,59,Kediri,-7.8167,111.9667
2018-08-06,27.9,20.2,23.3,0.4,0.4,4.84,26.6,20.52,82,48,Kediri,-7.8167,111.9667
2018-08-07,29.2,21.4,24.1,0.8,0.8,4.32,24.3,18.55,88,49,Kediri,-7.8167,111.9667
2018-08-08,30.9,22.2,25.1,0.2,0.2,4.26,23.1,18.35,88,49,Kediri,-7.8167,111.9667
2018-08-09,30.9,22.5,25.5,0.0,0.0,4.48,25.5,19.49,96,52,Kediri,-7.8167,111.9667
2018-08-10,29.1,22.6,25.0,0.4,0.4,4.47,25.8,19.77,91,57,Kediri,-7.8167,111.9667
2018-08-11,29.2,22.0,24.6,0.2,0.2,4.15,25.4,18.0,91,59,Kediri,-7.8167,111.9667
2018-08-12,29.6,22.6,25.2,0.0,0.0,4.59,22.0,19.11,86,57,Kediri,-7.8167,111.9667
2018-08-13,31.2,22.6,25.8,0.0,0.0,4.79,20.8,20.3,89,48,Kediri,-7.8167,111.9667
2018-08-14,30.5,22.6,25.4,0.0,0.0,4.58,23.5,19.7,92,51,Kediri,-7.8167,111.9667
2018-08-15,30.0,21.9,24.7,0.0,0.0,5.1,25.3,21.25,88,47,Kediri,-7.8167,111.9667
2018-08-16,29.8,21.6,24.2,0.0,0.0,5.45,26.1,23.34,86,43,Kediri,-7.8167,111.9667
2018-08-17,28.9,20.6,23.8,0.0,0.0,5.06,25.9,22.61,89,47,Kediri,-7.8167,111.9667
2018-08-18,30.4,20.7,24.2,0.0,0.0,4.72,24.8,21.04,93,43,Kediri,-7.8167,111.9667
2018-08-19,31.1,22.0,25.1,0.0,0.0,5.14,22.9,22.91,91,42,Kediri,-7.8167,111.9667
2018-08-20,31.0,22.2,25.5,0.0,0.0,5.08,25.1,22.65,90,48,Kediri,-7.8167,111.9667
2018-08-21,29.1,22.4,25.2,1.3,1.3,4.36,21.1,19.18,94,58,Kediri,-7.8167,111.9667
2018-08-22,30.1,22.5,25.1,0.0,0.0,4.41,25.8,18.09,91,50,Kediri,-7.8167,111.9667
2018-08-23,30.7,22.5,25.2,0.0,0.0,5.41,25.8,22.93,90,45,Kediri,-7.8167,111.9667
2018-08-24,30.7,22.1,25.1,0.0,0.0,5.54,25.9,22.54,91,47,Kediri,-7.8167,111.9667
2018-08-25,30.4,21.3,24.5,0.0,0.0,5.51,24.5,23.82,87,45,Kediri,-7.8167,111.9667
2018-08-26,31.5,21.2,24.8,0.0,0.0,5.15,25.9,22.72,91,43,Kediri,-7.8167,111.9667
2018-08-27,31.2,22.2,25.4,0.0,0.0,4.82,23.9,21.74,95,47,Kediri,-7.8167,111.9667
2018-08-28,29.6,22.9,25.2,0.6,0.6,4.08,23.6,18.08,94,58,Kediri,-7.8167,111.9667
2018-08-29,28.2,22.5,24.5,0.9,0.9,3.81,24.6,17.58,96,62,Kediri,-7.8167,111.9667
2018-08-30,28.8,22.1,24.7,0.6,0.6,3.95,23.8,17.34,93,59,Kediri,-7.8167,111.9667
2018-08-31,29.0,22.4,24.9,2.2,2.2,3.95,24.2,18.15,95,61,Kediri,-7.8167,111.9667
2018-09-01,27.4,22.9,24.7,2.9,2.9,3.36,25.0,15.48,92,69,Kediri,-7.8167,111.9667
2018-09-02,28.9,22.5,24.9,0.4,0.4,4.33,26.8,19.52,93,61,Kediri,-7.8167,111.9667
2018-09-03,29.5,21.7,24.5,0.5,0.5,5.5,28.0,24.38,93,49,Kediri,-7.8167,111.9667
2018-09-04,29.5,21.1,24.4,0.0,0.0,5.41,26.3,23.3,88,45,Kediri,-7.8167,111.9667
2018-09-05,28.3,22.3,24.9,1.1,1.1,4.44,24.3,20.37,89,62,Kediri,-7.8167,111.9667
2018-09-06,29.8,22.9,25.3,0.5,0.5,4.5,21.3,20.32,92,57,Kediri,-7.8167,111.9667
2018-09-07,30.0,22.5,25.4,0.8,0.8,4.62,23.1,20.68,92,55,Kediri,-7.8167,111.9667
2018-09-08,29.9,22.7,25.5,0.3,0.3,4.76,23.5,21.43,92,57,Kediri,-7.8167,111.9667
2018-09-09,32.3,23.1,26.2,0.1,0.1,5.34,23.0,23.1,91,41,Kediri,-7.8167,111.9667
2018-09-10,31.2,23.3,26.0,0.0,0.0,4.97,26.9,21.79,94,49,Kediri,-7.8167,111.9667
2018-09-11,30.9,23.3,25.9,0.7,0.7,5.23,23.3,22.37,89,49,Kediri,-7.8167,111.9667
2018-09-12,29.1,21.9,24.8,0.9,0.9,5.33,27.2,23.35,94,48,Kediri,-7.8167,111.9667
2018-09-13,30.7,21.5,24.7,0.0,0.0,5.62,26.3,24.85,89,44,Kediri,-7.8167,111.9667
2018-09-14,29.6,21.4,24.4,0.0,0.0,5.19,26.3,22.18,84,49,Kediri,-7.8167,111.9667
2018-09-15,29.7,22.0,24.7,0.0,0.0,5.45,24.4,23.75,85,44,Kediri,-7.8167,111.9667
2018-09-16,31.1,21.7,25.6,0.0,0.0,5.52,20.3,23.38,84,45,Kediri,-7.8167,111.9667
2018-09-17,30.5,22.4,25.7,0.2,0.2,5.23,25.0,23.13,95,52,Kediri,-7.8167,111.9667
2018-09-18,30.6,23.2,25.8,0.0,0.0,4.89,25.5,21.83,93,54,Kediri,-7.8167,111.9667
2018-09-19,30.8,22.9,26.1,0.6,0.6,4.52,19.8,19.48,93,55,Kediri,-7.8167,111.9667
2018-09-20,29.3,23.6,26.0,1.3,1.3,3.2,16.6,11.76,86,59,Kediri,-7.8167,111.9667
2018-09-21,31.6,23.8,26.7,0.1,0.1,5.12,21.5,21.58,89,53,Kediri,-7.8167,111.9667
2018-09-22,32.6,23.2,27.0,0.0,0.0,6.09,18.9,25.41,80,41,Kediri,-7.8167,111.9667
2018-09-23,31.3,23.6,26.4,0.1,0.1,5.48,22.5,22.74,87,46,Kediri,-7.8167,111.9667
2018-09-24,32.1,23.8,26.8,0.0,0.0,5.88,24.2,24.7,93,42,Kediri,-7.8167,111.9667
2018-09-25,31.1,23.2,26.5,0.0,0.0,5.63,24.5,23.81,96,46,Kediri,-7.8167,111.9667
2018-09-26,31.7,23.1,26.5,0.0,0.0,6.36,22.8,25.95,92,42,Kediri,-7.8167,111.9667
2018-09-27,31.8,23.1,26.2,0.0,0.0,6.95,23.8,26.69,73,37,Kediri,-7.8167,111.9667
2018-09-28,31.7,22.0,25.9,0.0,0.0,6.28,20.9,25.74,85,43,Kediri,-7.8167,111.9667
2018-09-29,32.5,22.7,26.6,0.0,0.0,5.86,22.6,24.78,90,40,Kediri,-7.8167,111.9667
2018-09-30,33.2,23.4,27.1,0.0,0.0,5.84,23.1,24.67,88,40,Kediri,-7.8167,111.9667
2018-10-01,32.6,24.0,27.4,0.0,0.0,5.99,21.8,23.47,85,47,Kediri,-7.8167,111.9667
2018-10-02,34.2,24.3,27.8,0.3,0.3,6.52,21.0,26.26,78,40,Kediri,-7.8167,111.9667
2018-10-03,33.6,24.2,27.6,0.0,0.0,6.43,21.4,25.15,85,40,Kediri,-7.8167,111.9667
2018-10-04,34.0,23.5,27.1,0.0,0.0,6.65,22.7,26.78,85,32,Kediri,-7.8167,111.9667
2018-10-05,34.4,22.0,27.2,0.0,0.0,6.2,23.8,26.55,86,28,Kediri,-7.8167,111.9667
2018-10-06,33.0,23.9,27.4,0.4,0.4,5.9,21.3,24.23,88,42,Kediri,-7.8167,111.9667
2018-10-07,32.0,23.7,27.4,0.6,0.6,5.75,19.5,23.58,96,46,Kediri,-7.8167,111.9667
2018-10-08,32.5,23.9,27.0,0.2,0.2,5.64,25.1,23.03,93,46,Kediri,-7.8167,111.9667
2018-10-09,32.2,23.7,26.8,0.1,0.1,5.98,24.2,24.62,91,45,Kediri,-7.8167,111.9667
2018-10-10,32.9,22.7,26.7,0.0,0.0,5.82,26.4,24.15,91,43,Kediri,-7.8167,111.9667
2018-10-11,32.6,23.3,27.2,0.0,0.0,5.97,22.2,25.35,94,45,Kediri,-7.8167,111.9667
2018-10-12,34.2,23.8,27.5,0.0,0.0,6.08,25.2,25.35,92,37,Kediri,-7.8167,111.9667
2018-10-13,32.1,23.4,26.8,0.0,0.0,5.97,29.0,25.2,93,46,Kediri,-7.8167,111.9667
2018-10-14,33.4,23.5,27.1,0.0,0.0,5.97,24.3,24.75,86,37,Kediri,-7.8167,111.9667
2018-10-15,31.5,23.4,26.8,0.0,0.0,5.42,23.8,23.1,94,52,Kediri,-7.8167,111.9667
2018-10-16,31.6,23.8,26.8,0.0,0.0,5.77,25.2,24.24,88,50,Kediri,-7.8167,111.9667
2018-10-17,32.0,23.2,26.6,0.0,0.0,5.3,22.3,22.33,92,47,Kediri,-7.8167,111.9667
2018-10-18,30.7,23.3,26.1,0.0,0.0,5.24,26.4,21.83,90,54,Kediri,-7.8167,111.9667
2018-10-19,30.7,22.9,26.0,0.0,0.0,5.66,27.1,23.75,91,51,Kediri,-7.8167,111.9667
2018-10-20,31.9,23.4,26.4,0.0,0.0,5.72,26.0,23.78,87,44,Kediri,-7.8167,111.9667
2018-10-21,31.3,23.1,26.4,0.0,0.0,5.22,21.0,22.61,93,50,Kediri,-7.8167,111.9667
2018-10-22,31.1,23.2,26.6,0.0,0.0,5.39,25.0,24.06,96,55,Kediri,-7.8167,111.9667
2018-10-23,33.2,23.7,27.2,0.0,0.0,5.51,23.2,22.87,92,47,Kediri,-7.8167,111.9667
2018-10-24,32.2,23.8,27.1,0.0,0.0,5.5,25.9,23.32,90,50,Kediri,-7.8167,111.9667
2018-10-25,31.0,23.7,26.5,0.3,0.3,5.09,25.6,22.88,93,58,Kediri,-7.8167,111.9667
2018-10-26,30.8,23.5,26.5,0.2,0.2,5.14,24.1,23.18,91,59,Kediri,-7.8167,111.9667
2018-10-27,31.9,23.8,26.6,1.3,1.3,5.18,25.3,22.91,90,50,Kediri,-7.8167,111.9667
2018-10-28,30.5,23.2,26.2,1.3,1.3,4.87,24.6,21.38,94,59,Kediri,-7.8167,111.9667
2018-10-29,30.0,23.2,26.2,1.8,1.8,4.71,22.5,20.23,93,56,Kediri,-7.8167,111.9667
2018-10-30,32.1,23.5,27.0,0.0,0.0,6.19,22.1,25.64,87,46,Kediri,-7.8167,111.9667
2018-10-31,32.6,22.9,26.7,0.0,0.0,5.89,23.3,24.65,91,43,Kediri,-7.8167,111.9667
2018-11-01,31.1,23.5,26.7,0.9,0.9,5.05,25.0,20.97,90,53,Kediri,-7.8167,111.9667
2018-11-02,33.2,24.1,27.8,0.0,0.0,5.89,20.8,24.26,86,47,Kediri,-7.8167,111.9667
2018-11-03,32.3,25.0,27.7,1.7,1.7,5.25,25.3,22.64,90,59,Kediri,-7.8167,111.9667
2018-11-04,31.9,24.7,27.5,0.8,0.8,5.37,24.0,22.62,89,54,Kediri,-7.8167,111.9667
2018-11-05,31.2,24.9,27.2,1.7,1.7,4.72,24.3,21.67,92,63,Kediri,-7.8167,111.9667
2018-11-06,30.9,24.2,26.5,4.3,4.3,4.24,22.6,20.13,95,62,Kediri,-7.8167,111.9667
2018-11-07,29.9,24.3,26.3,3.3,3.3,3.67,19.9,17.0,95,66,Kediri,-7.8167,111.9667
2018-11-08,31.7,24.2,26.0,16.3,16.3,3.27,11.2,15.43,97,57,Kediri,-7.8167,111.9667
2018-11-09,29.2,23.8,26.1,1.9,1.9,3.32,17.3,15.96,96,72,Kediri,-7.8167,111.9667
2018-11-10,30.1,24.5,26.7,3.0,3.0,4.15,15.3,20.09,94,68,Kediri,-7.8167,111.9667
2018-11-11,30.4,24.5,26.4,1.5,1.5,4.06,18.5,19.61,94,61,Kediri,-7.8167,111.9667
2018-11-12,29.6,24.1,26.1,2.2,2.2,4.04,17.3,20.46,95,70,Kediri,-7.8167,111.9667
2018-11-13,29.7,23.8,26.3,5.6,5.6,4.33,16.9,21.36,97,70,Kediri,-7.8167,111.9667
2018-11-14,30.0,24.2,26.6,1.3,1.3,3.98,17.3,19.21,94,70,Kediri,-7.8167,111.9667
2018-11-15,29.2,24.4,26.4,3.3,3.3,3.79,21.6,18.82,94,74,Kediri,-7.8167,111.9667
2018-11-16,31.0,24.2,27.2,0.1,0.1,5.24,22.9,24.08,94,62,Kediri,-7.8167,111.9667
2018-11-17,31.3,24.9,27.6,1.1,1.1,5.03,18.8,22.89,95,60,Kediri,-7.8167,111.9667
2018-11-18,30.6,24.3,26.6,4.2,4.2,3.83,15.1,18.35,97,63,Kediri,-7.8167,111.9667
2018-11-19,33.9,23.4,27.9,0.0,0.0,6.1,19.9,27.27,92,39,Kediri,-7.8167,111.9667
2018-11-20,32.6,23.5,27.5,0.3,0.3,5.6,21.6,24.37,85,52,Kediri,-7.8167,111.9667
2018-11-21,31.8,23.7,27.3,0.6,0.6,5.29,21.0,23.37,92,53,Kediri,-7.8167,111.9667
2018-11-22,30.2,24.2,26.8,1.1,1.1,5.05,24.8,21.63,92,59,Kediri,-7.8167,111.9667
2018-11-23,30.6,22.9,26.5,0.1,0.1,5.18,24.0,22.05,94,55,Kediri,-7.8167,111.9667
2018-11-24,30.9,23.6,26.6,0.8,0.8,5.16,20.5,22.5,87,54,Kediri,-7.8167,111.9667
2018-11-25,29.8,23.9,26.0,21.4,21.4,4.02,20.7,19.32,96,66,Kediri,-7.8167,111.9667
2018-11-26,26.7,23.6,24.8,11.3,11.3,1.66,12.3,7.65,96,82,Kediri,-7.8167,111.9667
2018-11-27,29.3,23.6,25.6,9.8,9.8,3.88,14.8,19.43,96,72,Kediri,-7.8167,111.9667
2018-11-28,28.2,23.4,25.6,14.9,14.9,3.24,15.1,16.07,96,76,Kediri,-7.8167,111.9667
2018-11-29,28.4,24.5,25.8,5.5,5.5,3.23,19.5,15.62,92,75,Kediri,-7.8167,111.9667
2018-11-30,27.8,23.8,25.3,7.2,7.2,2.36,16.9,10.92,95,77,Kediri,-7.8167,111.9667
2018-12-01,28.8,23.8,25.7,11.4,11.4,3.72,21.7,16.43,95,68,Kediri,-7.8167,111.9667
2018-12-02,28.4,23.5,25.7,7.8,7.8,3.66,16.9,17.95,90,73,Kediri,-7.8167,111.9667
2018-12-03,28.4,23.7,25.4,13.5,13.5,3.1,16.3,15.53,94,73,Kediri,-7.8167,111.9667
2018-12-04,28.8,23.9,25.7,5.5,5.5,3.9,17.9,20.46,94,77,Kediri,-7.8167,111.9667
2018-12-05,29.9,23.3,25.8,21.2,21.2,3.95,11.6,19.42,96,73,Kediri,-7.8167,111.9667
2018-12-06,29.6,24.1,26.4,6.7,6.7,4.14,14.5,20.78,95,73,Kediri,-7.8167,111.9667
2018-12-07,30.4,24.6,26.6,5.8,5.8,4.26,17.7,21.59,94,72,Kediri,-7.8167,111.9667
2018-12-08,29.2,24.2,25.9,56.6,56.6,2.8,19.3,13.6,96,74,Kediri,-7.8167,111.9667
2018-12-09,30.0,24.1,26.4,5.7,5.7,3.96,14.5,19.93,94,72,Kediri,-7.8167,111.9667
2018-12-10,29.7,24.4,26.4,3.9,3.9,3.74,13.7,18.63,97,75,Kediri,-7.8167,111.9667
2018-12-11,30.3,24.3,26.6,2.9,2.9,3.9,18.1,19.03,97,74,Kediri,-7.8167,111.9667
2018-12-12,29.1,24.0,26.2,8.0,8.0,3.72,12.6,18.55,97,76,Kediri,-7.8167,111.9667
2018-12-13,27.5,23.7,25.7,43.7,43.7,2.45,12.4,11.66,98,69,Kediri,-7.8167,111.9667
2018-12-14,30.3,24.5,26.7,5.5,5.5,3.86,13.0,18.77,96,66,Kediri,-7.8167,111.9667
2018-12-15,30.0,24.1,26.2,8.7,8.7,3.32,17.2,16.09,97,68,Kediri,-7.8167,111.9667
2018-12-16,27.5,24.3,25.9,1.1,1.1,2.67,21.9,11.79,94,80,Kediri,-7.8167,111.9667
2018-12-17,29.3,24.3,26.2,0.0,0.0,4.49,26.1,20.48,88,69,Kediri,-7.8167,111.9667
2018-12-18,29.5,23.0,25.8,6.6,6.6,4.34,18.2,21.08,91,69,Kediri,-7.8167,111.9667
2018-12-19,29.4,23.4,25.9,0.5,0.5,4.21,19.5,20.64,93,69,Kediri,-7.8167,111.9667
2018-12-20,29.0,23.8,25.6,26.3,26.3,3.47,11.7,17.54,95,75,Kediri,-7.8167,111.9667
2018-12-21,27.6,23.3,25.2,14.1,14.1,2.61,10.4,12.91,99,76,Kediri,-7.8167,111.9667
2018-12-22,29.3,23.8,25.7,17.5,17.5,3.15,16.2,15.56,97,71,Kediri,-7.8167,111.9667
2018-12-23,28.5,23.9,25.6,6.6,6.6,2.75,17.8,13.15,96,75,Kediri,-7.8167,111.9667
2018-12-24,28.0,23.8,25.4,1.5,1.5,2.74,18.9,11.86,94,71,Kediri,-7.8167,111.9667
2018-12-25,26.1,23.2,24.0,27.8,27.8,1.31,11.6,6.25,99,86,Kediri,-7.8167,111.9667
2018-12-26,28.7,23.2,25.3,16.1,16.1,2.82,10.2,14.12,97,80,Kediri,-7.8167,111.9667
2018-12-27,30.7,23.6,26.7,0.3,0.3,4.14,14.4,19.72,94,62,Kediri,-7.8167,111.9667
2018-12-28,31.7,22.9,26.8,0.0,0.0,5.01,19.2,23.47,94,56,Kediri,-7.8167,111.9667
2018-12-29,31.1,23.2,26.6,0.5,0.5,4.09,8.7,19.28,99,59,Kediri,-7.8167,111.9667
2018-12-30,28.7,23.5,25.7,14.9,14.9,3.11,8.4,15.06,95,76,Kediri,-7.8167,111.9667
2018-12-31,27.9,23.3,25.5,25.6,25.6,3.45,11.0,17.76,98,77,Kediri,-7.8167,111.9667
2019-01-01,28.3,23.1,25.2,45.1,45.1,3.32,13.9,17.15,98,76,Kediri,-7.8167,111.9667
2019-01-02,27.6,23.0,25.1,41.3,41.3,3.12,13.1,16.05,99,79,Kediri,-7.8167,111.9667
2019-01-03,26.4,23.2,24.4,43.2,43.2,1.81,9.0,8.97,99,84,Kediri,-7.8167,111.9667
2019-01-04,29.6,22.9,25.4,8.1,8.1,3.4,17.1,17.23,97,69,Kediri,-7.8167,111.9667
2019-01-05,30.1,23.0,26.2,5.0,5.0,4.28,17.1,21.65,98,66,Kediri,-7.8167,111.9667
2019-01-06,30.6,23.5,26.0,21.1,21.1,4.01,11.6,19.76,99,69,Kediri,-7.8167,111.9667
2019-01-07,29.7,23.6,26.2,6.3,6.3,4.0,14.3,19.7,95,75,Kediri,-7.8167,111.9667
2019-01-08,29.9,23.2,26.5,1.7,1.7,4.42,19.1,21.68,92,68,Kediri,-7.8167,111.9667
2019-01-09,30.0,23.7,26.4,4.4,4.4,4.64,12.6,23.29,97,72,Kediri,-7.8167,111.9667
2019-01-10,30.4,23.8,26.6,3.3,3.3,4.54,11.3,22.56,100,66,Kediri,-7.8167,111.9667
2019-01-11,30.5,23.9,26.2,10.0,10.0,3.92,11.4,19.21,100,69,Kediri,-7.8167,111.9667
2019-01-12,29.7,23.5,26.0,15.1,15.1,3.67,8.7,18.24,99,77,Kediri,-7.8167,111.9667
2019-01-13,29.3,24.0,25.9,21.1,21.1,3.53,10.9,17.8,98,75,Kediri,-7.8167,111.9667
2019-01-14,29.9,23.9,26.2,10.2,10.2,4.06,12.7,20.41,99,70,Kediri,-7.8167,111.9667
2019-01-15,28.7,24.2,25.6,18.7,18.7,2.99,9.6,15.18,100,79,Kediri,-7.8167,111.9667
2019-01-16,26.8,23.2,24.2,249.8,249.8,1.43,9.9,6.77,100,84,Kediri,-7.8167,111.9667
2019-01-17,27.8,23.2,24.7,72.1,72.1,2.82,9.0,14.48,99,81,Kediri,-7.8167,111.9667
2019-01-18,27.9,23.1,25.1,27.3,27.3,3.07,9.2,15.78,100,82,Kediri,-7.8167,111.9667
2019-01-19,27.8,23.4,25.3,19.6,19.6,2.38,7.5,11.77,100,84,Kediri,-7.8167,111.9667
2019-01-20,28.6,24.2,25.8,22.8,22.8,3.29,10.2,16.66,99,81,Kediri,-7.8167,111.9667
2019-01-21,28.8,24.2,26.0,35.2,35.2,2.77,16.2,13.65,98,78,Kediri,-7.8167,111.9667
2019-01-22,28.2,23.7,25.3,70.4,70.4,2.22,11.8,10.76,99,81,Kediri,-7.8167,111.9667
2019-01-23,26.6,23.3,24.6,14.7,14.7,1.4,10.1,6.57,100,83,Kediri,-7.8167,111.9667
2019-01-24,28.2,23.1,25.1,39.0,39.0,3.14,10.6,15.91,100,76,Kediri,-7.8167,111.9667
2019-01-25,27.8,22.4,24.4,76.1,76.1,2.05,11.5,10.27,100,81,Kediri,-7.8167,111.9667
2019-01-26,29.7,23.0,25.7,117.4,117.4,3.96,11.9,20.24,100,77,Kediri,-7.8167,111.9667
2019-01-27,29.0,23.7,25.8,6.4,6.4,2.94,13.7,14.12,98,72,Kediri,-7.8167,111.9667
2019-01-28,28.5,23.4,25.6,12.2,12.2,3.24,17.3,16.02,99,73,Kediri,-7.8167,111.9667
2019-01-29,29.7,23.2,26.1,4.0,4.0,4.0,16.3,20.33,100,75,Kediri,-7.8167,111.9667
2019-01-30,29.3,23.5,25.7,28.0,28.0,3.67,9.2,18.65,98,76,Kediri,-7.8167,111.9667
2019-01-31,28.2,23.3,25.0,67.0,67.0,2.45,9.9,12.21,100,82,Kediri,-7.8167,111.9667
2019-02-01,28.0,23.2,25.2,44.0,44.0,2.97,9.0,15.02,99,80,Kediri,-7.8167,111.9667
2019-02-02,27.7,23.6,25.3,40.3,40.3,2.93,7.9,14.91,98,82,Kediri,-7.8167,111.9667
2019-02-03,27.7,23.8,25.7,23.7,23.7,3.01,8.1,15.18,98,79,Kediri,-7.8167,111.9667
2019-02-04,27.8,24.0,25.4,43.7,43.7,2.67,10.7,13.65,99,81,Kediri,-7.8167,111.9667
2019-02-05,27.5,23.7,25.3,13.0,13.0,2.87,13.0,14.84,99,81,Kediri,-7.8167,111.9667
2019-02-06,27.4,22.7,25.2,9.4,9.4,2.73,10.1,13.98,100,83,Kediri,-7.8167,111.9667
2019-02-07,28.6,23.8,25.8,12.6,12.6,3.36,10.3,17.01,99,81,Kediri,-7.8167,111.9667
2019-02-08,27.1,23.5,25.2,38.7,38.7,2.87,11.9,14.85,99,79,Kediri,-7.8167,111.9667
2019-02-09,28.5,23.8,25.9,16.1,16.1,3.54,13.4,17.45,95,76,Kediri,-7.8167,111.9667
2019-02-10,27.9,23.9,25.4,33.2,33.2,3.19,10.1,16.43,98,81,Kediri,-7.8167,111.9667
2019-02-11,28.8,23.6,25.9,7.5,7.5,3.26,14.1,16.39,97,74,Kediri,-7.8167,111.9667
2019-02-12,28.1,23.7,25.4,31.7,31.7,3.06,10.5,15.29,99,80,Kediri,-7.8167,111.9667
2019-02-13,29.3,23.1,25.7,13.3,13.3,3.52,12.3,17.81,99,71,Kediri,-7.8167,111.9667
2019-02-14,28.4,23.7,25.9,8.3,8.3,3.62,8.9,18.53,94,78,Kediri,-7.8167,111.9667
2019-02-15,28.8,23.4,25.6,5.8,5.8,3.78,15.9,19.75,94,72,Kediri,-7.8167,111.9667
2019-02-16,30.1,23.5,25.7,41.1,41.1,4.35,11.7,21.77,97,66,Kediri,-7.8167,111.9667
2019-02-17,30.5,22.9,26.3,3.4,3.4,5.13,10.2,25.77,98,68,Kediri,-7.8167,111.9667
2019-02-18,29.5,23.6,25.8,10.5,10.5,3.57,8.3,17.56,99,73,Kediri,-7.8167,111.9667
2019-02-19,29.5,23.7,25.8,7.6,7.6,3.6,11.0,17.94,96,73,Kediri,-7.8167,111.9667
2019-02-20,29.3,24.0,25.8,4.5,4.5,3.71,14.3,19.03,96,73,Kediri,-7.8167,111.9667
2019-02-21,29.5,23.4,26.1,2.7,2.7,4.48,18.6,23.41,94,70,Kediri,-7.8167,111.9667
2019-02-22,29.5,23.0,26.0,5.3,5.3,4.05,8.8,20.29,97,73,Kediri,-7.8167,111.9667
2019-02-23,29.7,23.2,26.0,3.0,3.0,4.1,14.7,21.08,93,73,Kediri,-7.8167,111.9667
2019-02-24,30.2,23.6,26.1,4.1,4.1,3.97,12.3,19.98,96,66,Kediri,-7.8167,111.9667
2019-02-25,30.4,23.5,26.4,5.3,5.3,4.61,8.8,22.94,94,67,Kediri,-7.8167,111.9667
2019-02-26,31.1,23.8,27.2,1.3,1.3,5.05,8.6,24.49,90,61,Kediri,-7.8167,111.9667
2019-02-27,30.2,24.2,26.6,5.6,5.6,4.25,11.1,21.4,93,71,Kediri,-7.8167,111.9667
2019-02-28,30.1,23.8,26.5,2.3,2.3,4.19,13.5,21.22,96,72,Kediri,-7.8167,111.9667
2019-03-01,29.2,24.2,26.2,5.4,5.4,4.13,13.8,21.07,93,75,Kediri,-7.8167,111.9667
2019-03-02,29.7,23.7,25.8,7.6,7.6,3.9,11.4,19.79,97,70,Kediri,-7.8167,111.9667
2019-03-03,29.2,23.4,25.9,6.2,6.2,3.43,15.9,17.27,98,71,Kediri,-7.8167,111.9667
2019-03-04,29.0,23.8,25.9,22.7,22.7,3.19,9.8,15.68,98,73,Kediri,-7.8167,111.9667
2019-03-05,30.1,23.6,25.8,21.9,21.9,3.89,11.8,19.52,99,74,Kediri,-7.8167,111.9667
2019-03-06,26.5,23.5,24.6,36.3,36.3,1.72,11.5,8.56,99,86,Kediri,-7.8167,111.9667
2019-03-07,25.1,23.0,24.1,26.2,26.2,0.98,7.9,4.52,99,91,Kediri,-7.8167,111.9667
2019-03-08,27.1,22.4,24.7,2.0,2.0,2.21,19.9,10.37,98,77,Kediri,-7.8167,111.9667
2019-03-09,29.1,22.8,25.6,13.2,13.2,4.02,13.1,20.33,98,69,Kediri,-7.8167,111.9667
2019-03-10,28.9,23.0,25.5,56.8,56.8,3.4,8.7,16.95,97,77,Kediri,-7.8167,111.9667
2019-03-11,29.9,23.4,26.3,0.8,0.8,4.39,11.4,21.91,95,65,Kediri,-7.8167,111.9667
2019-03-12,30.0,23.4,26.1,2.9,2.9,4.15,17.7,21.41,97,69,Kediri,-7.8167,111.9667
2019-03-13,28.0,23.4,25.5,35.4,35.4,2.87,11.8,14.4,98,79,Kediri,-7.8167,111.9667
2019-03-14,30.4,23.8,26.7,0.0,0.0,3.69,13.6,17.56,92,70,Kediri,-7.8167,111.9667
2019-03-15,28.4,23.4,25.5,3.5,3.5,3.4,24.6,17.21,99,75,Kediri,-7.8167,111.9667
2019-03-16,29.8,23.7,26.1,1.4,1.4,4.26,17.9,20.63,98,67,Kediri,-7.8167,111.9667
2019-03-17,28.3,23.1,25.1,15.2,15.2,2.26,9.4,10.65,99,76,Kediri,-7.8167,111.9667
2019-03-18,27.7,22.7,25.2,7.0,7.0,2.96,9.4,14.94,99,82,Kediri,-7.8167,111.9667
2019-03-19,27.1,23.1,24.8,44.7,44.7,2.55,7.9,12.88,99,80,Kediri,-7.8167,111.9667
2019-03-20,28.8,22.8,25.4,30.9,30.9,3.34,10.7,17.14,99,79,Kediri,-7.8167,111.9667
2019-03-21,28.5,23.9,25.4,50.0,50.0,2.97,10.2,15.29,99,84,Kediri,-7.8167,111.9667
2019-03-22,29.4,23.4,25.4,33.8,33.8,3.37,9.4,17.1,100,77,Kediri,-7.8167,111.9667
2019-03-23,27.7,23.1,24.7,57.8,57.8,2.38,11.1,12.28,100,81,Kediri,-7.8167,111.9667
2019-03-24,27.2,23.1,25.2,38.7,38.7,2.23,11.2,11.39,98,85,Kediri,-7.8167,111.9667
2019-03-25,27.9,23.6,25.4,35.0,35.0,3.08,8.8,15.66,98,77,Kediri,-7.8167,111.9667
2019-03-26,28.8,23.7,25.6,22.5,22.5,3.17,9.5,15.99,100,75,Kediri,-7.8167,111.9667
2019-03-27,28.7,23.9,26.1,8.5,8.5,3.42,12.2,17.37,96,79,Kediri,-7.8167,111.9667
2019-03-28,29.1,23.6,25.7,27.4,27.4,3.42,10.5,17.36,96,80,Kediri,-7.8167,111.9667
2019-03-29,29.8,22.9,26.1,0.3,0.3,4.4,15.4,21.43,95,68,Kediri,-7.8167,111.9667
2019-03-30,30.5,22.7,26.4,0.5,0.5,4.95,9.0,24.53,90,57,Kediri,-7.8167,111.9667
2019-03-31,30.3,23.3,26.4,1.6,1.6,4.63,14.9,23.3,93,68,Kediri,-7.8167,111.9667
2019-04-01,29.7,23.4,26.1,3.3,3.3,4.19,15.2,21.18,91,73,Kediri,-7.8167,111.9667
2019-04-02,29.4,23.0,25.9,2.6,2.6,4.09,14.6,20.34,92,70,Kediri,-7.8167,111.9667
2019-04-03,28.7,23.9,26.1,2.5,2.5,3.97,12.7,19.79,88,77,Kediri,-7.8167,111.9667
2019-04-04,29.6,23.4,25.8,7.0,7.0,3.55,14.8,17.74,95,72,Kediri,-7.8167,111.9667
2019-04-05,29.4,23.8,25.7,5.9,5.9,3.57,8.7,17.87,97,70,Kediri,-7.8167,111.9667
2019-04-06,28.8,23.4,25.8,14.1,14.1,3.37,12.7,17.32,98,79,Kediri,-7.8167,111.9667
2019-04-07,29.6,23.7,26.0,9.2,9.2,3.69,14.8,19.04,94,77,Kediri,-7.8167,111.9667
2019-04-08,29.3,23.6,26.2,11.1,11.1,3.58,11.2,18.22,97,76,Kediri,-7.8167,111.9667
2019-04-09,29.1,24.0,26.1,16.6,16.6,3.44,7.4,17.49,95,79,Kediri,-7.8167,111.9667
2019-04-10,28.9,23.9,26.0,29.4,29.4,2.95,9.1,14.74,97,75,Kediri,-7.8167,111.9667
2019-04-11,28.3,24.6,26.0,24.9,24.9,2.52,8.8,12.3,96,79,Kediri,-7.8167,111.9667
2019-04-12,29.8,24.2,26.6,4.9,4.9,3.86,11.6,18.81,97,65,Kediri,-7.8167,111.9667
2019-04-13,28.9,24.1,25.9,16.0,16.0,2.72,9.5,13.37,99,76,Kediri,-7.8167,111.9667
2019-04-14,28.7,24.0,26.2,10.4,10.4,3.23,15.3,16.91,95,80,Kediri,-7.8167,111.9667
2019-04-15,30.3,23.9,26.2,2.2,2.2,3.41,14.0,17.09,96,69,Kediri,-7.8167,111.9667
2019-04-16,28.4,23.6,25.9,9.6,9.6,3.19,7.4,16.14,99,80,Kediri,-7.8167,111.9667
2019-04-17,30.6,23.7,26.4,5.5,5.5,4.27,11.1,21.63,95,70,Kediri,-7.8167,111.9667
2019-04-18,30.0,24.5,26.5,1.8,1.8,3.92,12.0,19.44,94,73,Kediri,-7.8167,111.9667
2019-04-19,29.8,24.7,26.6,2.3,2.3,4.23,13.9,20.73,94,71,Kediri,-7.8167,111.9667
2019-04-20,29.3,24.6,26.6,0.9,0.9,4.18,18.1,20.93,91,75,Kediri,-7.8167,111.9667
2019-04-21,29.5,24.8,26.8,0.4,0.4,3.83,12.1,17.91,88,69,Kediri,-7.8167,111.9667
2019-04-22,30.2,23.9,26.7,2.3,2.3,4.51,16.1,22.0,93,67,Kediri,-7.8167,111.9667
2019-04-23,30.0,25.2,26.8,2.8,2.8,4.28,17.5,20.12,91,71,Kediri,-7.8167,111.9667
2019-04-24,30.0,25.3,27.0,0.6,0.6,4.5,13.8,20.83,87,69,Kediri,-7.8167,111.9667
2019-04-25,29.8,25.1,26.8,0.9,0.9,4.6,19.4,21.78,86,68,Kediri,-7.8167,111.9667
2019-04-26,29.1,25.1,26.8,0.9,0.9,4.43,17.8,21.06,86,72,Kediri,-7.8167,111.9667
2019-04-27,29.6,24.9,26.4,4.0,4.0,3.8,15.0,18.73,90,70,Kediri,-7.8167,111.9667
2019-04-28,29.9,24.0,25.8,20.3,20.3,3.36,11.7,16.91,99,69,Kediri,-7.8167,111.9667
2019-04-29,28.0,23.7,25.4,20.2,20.2,2.85,9.9,14.61,98,83,Kediri,-7.8167,111.9667
2019-04-30,29.0,23.4,26.0,8.5,8.5,3.72,11.8,18.72,92,74,Kediri,-7.8167,111.9667
2019-05-01,28.4,24.2,25.8,18.3,18.3,3.3,10.8,16.42,97,76,Kediri,-7.8167,111.9667
2019-05-02,28.6,23.8,25.8,17.3,17.3,3.25,15.1,16.68,93,77,Kediri,-7.8167,111.9667
2019-05-03,29.6,24.0,26.3,0.5,0.5,4.04,15.9,19.81,92,71,Kediri,-7.8167,111.9667
2019-05-04,29.8,24.1,26.5,0.0,0.0,4.52,17.3,22.16,91,68,Kediri,-7.8167,111.9667
2019-05-05,29.8,23.4,26.2,1.2,1.2,4.03,16.3,20.39,90,70,Kediri,-7.8167,111.9667
2019-05-06,29.5,24.4,26.5,0.6,0.6,4.02,16.3,20.14,93,72,Kediri,-7.8167,111.9667
2019-05-07,29.7,24.3,26.5,2.0,2.0,4.11,18.0,20.31,90,72,Kediri,-7.8167,111.9667
2019-05-08,29.7,24.8,26.7,0.3,0.3,4.56,18.6,20.75,89,68,Kediri,-7.8167,111.9667
2019-05-09,28.4,24.1,25.7,0.8,0.8,3.78,19.8,18.18,92,73,Kediri,-7.8167,111.9667
2019-05-10,28.5,24.2,25.7,1.7,1.7,3.93,20.3,18.72,88,70,Kediri,-7.8167,111.9667
2019-05-11,29.5,24.2,26.2,0.0,0.0,4.39,18.6,19.52,86,67,Kediri,-7.8167,111.9667
2019-05-12,29.5,24.4,26.1,0.0,0.0,4.62,19.6,20.94,85,67,Kediri,-7.8167,111.9667
2019-05-13,29.2,24.0,26.0,0.5,0.5,4.26,19.6,20.5,87,69,Kediri,-7.8167,111.9667
2019-05-14,30.1,24.8,26.9,0.0,0.0,4.4,13.7,20.41,86,65,Kediri,-7.8167,111.9667
2019-05-15,30.3,24.5,26.8,1.1,1.1,4.2,14.7,19.97,93,64,Kediri,-7.8167,111.9667
2019-05-16,29.7,24.2,26.1,0.4,0.4,3.99,20.4,18.91,92,65,Kediri,-7.8167,111.9667
2019-05-17,29.3,23.2,25.6,0.0,0.0,4.31,18.9,20.48,88,61,Kediri,-7.8167,111.9667
2019-05-18,29.7,23.5,25.7,0.0,0.0,4.66,19.8,21.35,85,57,Kediri,-7.8167,111.9667
2019-05-19,29.5,23.8,26.1,0.0,0.0,4.69,18.3,20.98,84,61,Kediri,-7.8167,111.9667
2019-05-20,29.9,24.0,26.4,0.0,0.0,4.33,20.9,20.17,89,64,Kediri,-7.8167,111.9667
2019-05-21,30.6,24.8,26.6,0.0,0.0,4.66,20.2,21.03,89,59,Kediri,-7.8167,111.9667
2019-05-22,30.7,24.4,26.8,0.0,0.0,4.81,19.4,21.11,87,59,Kediri,-7.8167,111.9667
2019-05-23,30.1,24.3,26.4,2.4,2.4,4.16,21.1,18.89,88,63,Kediri,-7.8167,111.9667
2019-05-24,30.6,24.3,26.5,0.8,0.8,4.68,19.8,19.65,86,58,Kediri,-7.8167,111.9667
2019-05-25,30.7,23.5,26.0,0.0,0.0,4.56,22.4,20.1,86,54,Kediri,-7.8167,111.9667
2019-05-26,31.0,24.4,26.4,0.4,0.4,4.35,21.1,19.6,88,58,Kediri,-7.8167,111.9667
2019-05-27,30.6,24.4,26.5,1.1,1.1,4.25,16.8,18.94,88,59,Kediri,-7.8167,111.9667
2019-05-28,30.8,24.4,26.8,0.4,0.4,4.46,17.7,19.97,88,58,Kediri,-7.8167,111.9667
2019-05-29,30.6,24.9,26.6,2.4,2.4,4.47,21.8,19.18,86,59,Kediri,-7.8167,111.9667
2019-05-30,30.7,24.3,26.5,0.3,0.3,4.84,21.1,19.03,83,54,Kediri,-7.8167,111.9667
2019-05-31,29.3,23.9,25.7,0.4,0.4,4.09,23.5,16.22,84,61,Kediri,-7.8167,111.9667
2019-06-01,28.8,23.5,25.5,0.2,0.2,4.22,24.5,17.19,86,58,Kediri,-7.8167,111.9667
2019-06-02,28.7,23.3,25.3,0.6,0.6,3.95,24.7,17.23,90,65,Kediri,-7.8167,111.9667
2019-06-03,29.4,23.6,25.7,0.0,0.0,4.0,22.0,17.01,87,61,Kediri,-7.8167,111.9667
2019-06-04,30.8,24.2,26.5,0.1,0.1,4.28,18.4,18.69,85,56,Kediri,-7.8167,111.9667
2019-06-05,31.2,23.4,26.4,0.1,0.1,4.23,16.5,19.23,99,56,Kediri,-7.8167,111.9667
2019-06-06,31.5,24.2,26.9,0.0,0.0,4.3,15.8,19.53,90,54,Kediri,-7.8167,111.9667
2019-06-07,31.4,23.3,26.2,0.0,0.0,4.31,18.2,19.78,95,52,Kediri,-7.8167,111.9667
2019-06-08,29.9,23.3,25.7,0.0,0.0,4.65,21.7,20.62,90,53,Kediri,-7.8167,111.9667
2019-06-09,28.9,22.8,25.1,0.0,0.0,3.62,23.2,16.15,95,65,Kediri,-7.8167,111.9667
2019-06-10,30.7,23.9,26.1,0.0,0.0,4.75,21.5,19.9,88,56,Kediri,-7.8167,111.9667
2019-06-11,30.1,23.7,26.0,0.0,0.0,4.72,24.9,19.84,88,55,Kediri,-7.8167,111.9667
2019-06-12,31.0,24.1,26.3,0.5,0.5,4.76,23.0,19.1,87,52,Kediri,-7.8167,111.9667
2019-06-13,29.5,23.8,25.9,0.7,0.7,3.79,22.4,15.65,88,63,Kediri,-7.8167,111.9667
2019-06-14,29.1,24.2,25.6,4.0,4.0,3.35,22.0,15.34,93,70,Kediri,-7.8167,111.9667
2019-06-15,29.5,23.7,25.8,0.0,0.0,3.87,21.7,16.72,91,61,Kediri,-7.8167,111.9667
2019-06-16,30.0,23.3,25.3,0.0,0.0,4.68,22.1,20.19,88,53,Kediri,-7.8167,111.9667
2019-06-17,29.9,22.9,25.5,0.0,0.0,5.02,22.3,21.01,80,53,Kediri,-7.8167,111.9667
2019-06-18,30.0,22.4,25.2,0.0,0.0,4.42,19.2,20.62,93,53,Kediri,-7.8167,111.9667
2019-06-19,29.7,22.3,24.8,0.0,0.0,4.55,20.3,20.93,95,49,Kediri,-7.8167,111.9667
2019-06-20,29.6,21.9,24.4,0.0,0.0,4.43,21.9,19.91,89,50,Kediri,-7.8167,111.9667
2019-06-21,30.0,21.4,24.7,0.0,0.0,4.44,18.7,20.48,90,50,Kediri,-7.8167,111.9667
2019-06-22,30.7,21.9,25.0,0.0,0.0,4.58,19.1,21.1,91,47,Kediri,-7.8167,111.9667
2019-06-23,29.9,21.8,24.9,0.0,0.0,4.32,23.3,19.54,86,50,Kediri,-7.8167,111.9667
2019-06-24,30.6,22.8,25.3,0.0,0.0,5.0,22.7,20.62,84,47,Kediri,-7.8167,111.9667
2019-06-25,31.3,21.3,25.3,0.0,0.0,4.68,23.2,21.25,89,41,Kediri,-7.8167,111.9667
2019-06-26,31.2,21.8,25.5,0.0,0.0,4.6,23.4,20.88,94,47,Kediri,-7.8167,111.9667
2019-06-27,28.9,22.3,24.5,0.0,0.0,4.29,26.5,18.4,94,54,Kediri,-7.8167,111.9667
2019-06-28,28.7,21.6,24.2,0.0,0.0,4.78,25.0,20.33,89,51,Kediri,-7.8167,111.9667
2019-06-29,29.9,21.3,24.5,0.0,0.0,5.5,22.0,21.64,81,42,Kediri,-7.8167,111.9667
2019-06-30,30.0,20.9,24.1,0.0,0.0,4.6,21.6,20.72,88,43,Kediri,-7.8167,111.9667
2019-07-01,30.0,22.1,24.7,0.0,0.0,4.56,20.6,20.29,87,48,Kediri,-7.8167,111.9667
2019-07-02,31.4,21.4,25.8,0.0,0.0,4.5,17.7,20.53,93,41,Kediri,-7.8167,111.9667
2019-07-03,31.0,23.6,26.3,0.5,0.5,4.15,20.2,17.87,91,52,Kediri,-7.8167,111.9667
2019-07-04,30.0,23.7,26.0,2.6,2.6,3.32,17.4,15.56,92,57,Kediri,-7.8167,111.9667
2019-07-05,29.0,23.2,25.3,1.7,1.7,3.49,20.5,16.54,96,67,Kediri,-7.8167,111.9667
2019-07-06,31.0,23.2,25.5,0.0,0.0,4.42,23.6,19.21,90,52,Kediri,-7.8167,111.9667
2019-07-07,30.5,22.3,25.4,0.0,0.0,4.5,22.2,19.56,90,51,Kediri,-7.8167,111.9667
2019-07-08,30.0,22.0,24.9,0.0,0.0,4.81,25.1,21.04,88,49,Kediri,-7.8167,111.9667
2019-07-09,29.2,21.6,24.3,0.0,0.0,4.54,21.6,19.53,88,46,Kediri,-7.8167,111.9667
2019-07-10,30.4,21.9,24.9,0.0,0.0,4.74,23.4,20.14,89,45,Kediri,-7.8167,111.9667
2019-07-11,30.4,22.3,25.0,0.0,0.0,4.46,23.0,19.31,88,47,Kediri,-7.8167,111.9667
2019-07-12,30.9,22.7,25.3,0.0,0.0,4.86,24.5,20.66,86,47,Kediri,-7.8167,111.9667
2019-07-13,29.8,21.9,24.7,0.0,0.0,5.16,24.5,21.13,86,44,Kediri,-7.8167,111.9667
2019-07-14,30.0,21.7,24.5,0.0,0.0,5.48,21.9,22.06,85,40,Kediri,-7.8167,111.9667
2019-07-15,29.8,22.3,24.9,0.0,0.0,4.83,22.7,18.42,81,44,Kediri,-7.8167,111.9667
2019-07-16,29.0,21.8,24.3,0.3,0.3,4.66,26.1,18.79,88,48,Kediri,-7.8167,111.9667
2019-07-17,30.0,21.7,24.4,0.0,0.0,4.69,24.1,19.03,86,46,Kediri,-7.8167,111.9667
2019-07-18,30.1,22.3,25.2,0.4,0.4,4.28,23.5,17.68,86,51,Kediri,-7.8167,111.9667
2019-07-19,28.9,23.1,25.4,1.1,1.1,3.71,23.3,15.54,91,62,Kediri,-7.8167,111.9667
2019-07-20,29.8,23.3,25.5,1.1,1.1,3.94,26.4,17.03,90,62,Kediri,-7.8167,111.9667
2019-07-21,28.3,22.5,24.7,0.1,0.1,3.7,24.1,16.35,93,64,Kediri,-7.8167,111.9667
2019-07-22,30.1,22.0,24.8,0.0,0.0,4.63,22.2,20.61,94,51,Kediri,-7.8167,111.9667
2019-07-23,29.9,22.1,25.0,0.2,0.2,4.34,21.1,19.54,95,51,Kediri,-7.8167,111.9667
2019-07-24,28.8,22.1,24.5,0.5,0.5,4.02,24.8,17.5,94,56,Kediri,-7.8167,111.9667
2019-07-25,31.1,22.0,25.2,0.0,0.0,4.93,23.9,20.93,89,45,Kediri,-7.8167,111.9667
2019-07-26,32.1,21.7,25.6,0.0,0.0,4.94,21.0,21.81,96,41,Kediri,-7.8167,111.9667
2019-07-27,31.1,21.9,25.3,0.0,0.0,4.74,25.2,20.28,93,48,Kediri,-7.8167,111.9667
2019-07-28,30.3,21.9,24.9,0.0,0.0,5.3,28.8,21.94,84,48,Kediri,-7.8167,111.9667
2019-07-29,29.1,21.8,24.6,0.0,0.0,4.45,25.8,18.97,91,54,Kediri,-7.8167,111.9667
2019-07-30,30.6,22.0,24.9,0.0,0.0,4.54,24.7,19.52,92,47,Kediri,-7.8167,111.9667
2019-07-31,29.2,22.0,24.7,0.4,0.4,4.56,23.9,19.2,93,53,Kediri,-7.8167,111.9667
2019-08-01,30.5,22.0,25.0,0.1,0.1,4.67,24.1,20.33,91,47,Kediri,-7.8167,111.9667
2019-08-02,29.1,22.7,25.2,0.1,0.1,4.53,24.2,18.46,91,56,Kediri,-7.8167,111.9667
2019-08-03,30.2,21.9,24.9,0.0,0.0,5.4,25.3,20.77,81,42,Kediri,-7.8167,111.9667
2019-08-04,29.6,21.1,24.1,0.0,0.0,5.28,26.4,20.5,83,41,Kediri,-7.8167,111.9667
2019-08-05,29.4,20.6,23.7,0.0,0.0,5.09,25.3,20.96,85,42,Kediri,-7.8167,111.9667
2019-08-06,29.9,21.1,24.0,0.0,0.0,5.43,25.3,22.88,89,42,Kediri,-7.8167,111.9667
2019-08-07,29.5,20.9,24.1,0.0,0.0,5.24,26.6,22.32,90,45,Kediri,-7.8167,111.9667
2019-08-08,28.9,21.6,24.3,0.1,0.1,4.45,26.0,19.07,88,53,Kediri,-7.8167,111.9667
2019-08-09,31.0,21.8,24.8,0.1,0.1,4.98,26.3,20.36,87,43,Kediri,-7.8167,111.9667
2019-08-10,31.3,22.0,25.1,0.0,0.0,5.27,23.5,21.37,87,42,Kediri,-7.8167,111.9667
2019-08-11,30.2,22.0,25.1,0.0,0.0,4.55,23.6,19.39,92,51,Kediri,-7.8167,111.9667
2019-08-12,31.7,22.6,26.0,0.0,0.0,4.93,20.3,20.98,88,45,Kediri,-7.8167,111.9667
2019-08-13,32.8,23.1,26.6,0.0,0.0,4.6,20.3,20.28,92,40,Kediri,-7.8167,111.9667
2019-08-14,31.9,22.5,26.5,0.1,0.1,5.11,18.4,21.7,90,45,Kediri,-7.8167,111.9667
2019-08-15,30.5,23.4,26.1,0.9,0.9,4.79,21.9,19.81,91,55,Kediri,-7.8167,111.9667
2019-08-16,30.2,22.1,25.1,0.2,0.2,4.9,23.8,20.3,90,52,Kediri,-7.8167,111.9667
2019-08-17,30.1,22.3,24.8,0.1,0.1,5.22,28.8,21.74,89,46,Kediri,-7.8167,111.9667
2019-08-18,31.1,21.6,24.7,0.0,0.0,5.53,25.2,22.94,86,42,Kediri,-7.8167,111.9667
2019-08-19,29.6,21.7,24.4,0.0,0.0,5.07,28.5,21.13,89,48,Kediri,-7.8167,111.9667
2019-08-20,31.2,21.7,25.2,0.0,0.0,5.32,25.0,21.63,88,43,Kediri,-7.8167,111.9667
2019-08-21,32.6,22.5,26.1,0.0,0.0,5.23,21.7,22.35,83,41,Kediri,-7.8167,111.9667
2019-08-22,31.0,23.0,25.8,0.7,0.7,4.76,27.5,19.66,89,50,Kediri,-7.8167,111.9667
2019-08-23,31.5,22.1,24.9,0.2,0.2,5.05,28.7,21.16,86,41,Kediri,-7.8167,111.9667
2019-08-24,29.8,22.2,24.8,0.0,0.0,4.8,25.9,20.4,90,51,Kediri,-7.8167,111.9667
2019-08-25,29.2,22.4,25.0,0.2,0.2,4.52,27.8,19.63,90,58,Kediri,-7.8167,111.9667
2019-08-26,29.5,22.4,24.8,0.0,0.0,4.29,25.6,18.94,92,58,Kediri,-7.8167,111.9667
2019-08-27,31.1,22.4,25.3,0.0,0.0,5.48,24.7,23.03,89,48,Kediri,-7.8167,111.9667
2019-08-28,31.0,21.6,25.3,0.0,0.0,5.69,21.7,24.18,85,41,Kediri,-7.8167,111.9667
2019-08-29,33.0,21.6,25.8,0.1,0.1,5.43,22.6,23.48,91,37,Kediri,-7.8167,111.9667
2019-08-30,31.5,22.2,25.3,0.0,0.0,5.43,24.6,22.98,92,42,Kediri,-7.8167,111.9667
2019-08-31,30.6,21.8,25.0,0.2,0.2,5.03,23.9,21.25,90,48,Kediri,-7.8167,111.9667
2019-09-01,31.3,22.0,25.3,0.0,0.0,5.77,25.9,24.22,89,47,Kediri,-7.8167,111.9667
2019-09-02,32.2,22.1,25.4,0.0,0.0,5.69,28.2,24.48,92,43,Kediri,-7.8167,111.9667
2019-09-03,31.1,22.1,24.9,0.0,0.0,4.83,22.7,20.66,90,47,Kediri,-7.8167,111.9667
2019-09-04,31.1,21.8,25.0,0.0,0.0,5.96,25.0,24.63,93,40,Kediri,-7.8167,111.9667
2019-09-05,30.6,21.7,24.6,0.0,0.0,5.82,27.5,23.87,88,43,Kediri,-7.8167,111.9667
2019-09-06,30.0,21.7,24.6,0.0,0.0,5.17,27.8,21.99,88,45,Kediri,-7.8167,111.9667
2019-09-07,30.0,21.9,24.9,0.2,0.2,5.15,26.7,22.02,90,49,Kediri,-7.8167,111.9667
2019-09-08,31.0,22.1,25.2,0.4,0.4,5.29,28.8,23.01,92,46,Kediri,-7.8167,111.9667
2019-09-09,34.4,22.5,26.4,0.0,0.0,5.65,23.2,24.78,90,33,Kediri,-7.8167,111.9667
2019-09-10,32.7,22.2,26.1,0.0,0.0,6.12,24.3,25.18,84,38,Kediri,-7.8167,111.9667
2019-09-11,31.6,22.4,25.7,0.0,0.0,6.23,26.7,25.03,89,40,Kediri,-7.8167,111.9667
2019-09-12,30.3,21.5,24.7,0.0,0.0,6.43,25.8,25.84,78,36,Kediri,-7.8167,111.9667
2019-09-13,31.2,21.7,24.9,0.3,0.3,5.65,24.6,23.81,83,36,Kediri,-7.8167,111.9667
2019-09-14,31.6,22.0,25.5,0.9,0.9,5.43,24.7,22.17,92,40,Kediri,-7.8167,111.9667
2019-09-15,31.7,21.9,25.7,0.0,0.0,5.42,24.5,22.18,93,42,Kediri,-7.8167,111.9667
2019-09-16,34.1,22.1,26.4,0.2,0.2,5.62,23.0,25.09,83,34,Kediri,-7.8167,111.9667
2019-09-17,33.8,22.9,26.7,0.0,0.0,6.07,21.2,24.85,84,35,Kediri,-7.8167,111.9667
2019-09-18,33.0,22.8,26.1,0.0,0.0,6.15,25.9,25.58,87,39,Kediri,-7.8167,111.9667
2019-09-19,31.6,22.2,25.4,0.0,0.0,6.09,25.3,25.68,88,40,Kediri,-7.8167,111.9667
2019-09-20,30.7,22.7,25.5,0.4,0.4,5.37,25.0,22.71,88,47,Kediri,-7.8167,111.9667
2019-09-21,30.8,22.3,25.2,0.0,0.0,5.42,28.9,23.59,93,46,Kediri,-7.8167,111.9667
2019-09-22,32.9,22.1,25.7,0.0,0.0,5.85,25.8,24.66,88,40,Kediri,-7.8167,111.9667
2019-09-23,31.9,22.3,26.3,0.0,0.0,5.89,20.7,24.33,88,42,Kediri,-7.8167,111.9667
2019-09-24,33.6,23.3,27.0,0.5,0.5,5.96,23.1,24.01,89,42,Kediri,-7.8167,111.9667
2019-09-25,33.6,23.4,27.1,0.3,0.3,6.0,24.1,23.96,89,42,Kediri,-7.8167,111.9667
2019-09-26,32.3,23.4,26.7,0.5,0.5,5.58,23.9,23.23,93,45,Kediri,-7.8167,111.9667
2019-09-27,32.3,23.1,26.4,0.0,0.0,5.77,25.4,23.62,90,43,Kediri,-7.8167,111.9667
2019-09-28,31.2,23.5,26.3,0.4,0.4,5.14,25.3,22.06,89,55,Kediri,-7.8167,111.9667
2019-09-29,31.4,23.4,26.2,0.7,0.7,5.13,22.4,22.16,92,50,Kediri,-7.8167,111.9667
2019-09-30,31.7,23.1,26.4,0.0,0.0,6.1,25.8,23.76,90,46,Kediri,-7.8167,111.9667
2019-10-01,32.4,23.1,26.3,0.0,0.0,6.37,26.8,25.47,86,41,Kediri,-7.8167,111.9667
2019-10-02,33.1,23.2,26.8,0.3,0.3,5.62,21.1,23.44,89,40,Kediri,-7.8167,111.9667
2019-10-03,32.2,24.1,27.3,0.0,0.0,5.68,22.6,22.99,93,47,Kediri,-7.8167,111.9667
2019-10-04,32.0,23.6,27.0,0.9,0.9,6.58,26.4,24.57,84,42,Kediri,-7.8167,111.9667
2019-10-05,32.2,23.2,26.6,0.0,0.0,6.83,25.3,25.86,91,39,Kediri,-7.8167,111.9667
2019-10-06,31.8,22.9,26.5,0.0,0.0,5.96,24.6,24.69,91,42,Kediri,-7.8167,111.9667
2019-10-07,33.2,23.4,27.0,0.0,0.0,6.15,24.9,24.84,91,43,Kediri,-7.8167,111.9667
2019-10-08,32.7,23.6,26.9,0.0,0.0,6.4,24.7,25.84,85,41,Kediri,-7.8167,111.9667
2019-10-09,34.0,23.6,27.4,0.0,0.0,6.14,22.0,24.65,81,38,Kediri,-7.8167,111.9667
2019-10-10,33.7,23.9,27.7,1.1,1.1,5.94,18.8,23.84,85,38,Kediri,-7.8167,111.9667
2019-10-11,34.0,24.1,28.3,0.1,0.1,6.31,20.2,24.26,90,35,Kediri,-7.8167,111.9667
2019-10-12,33.2,23.3,27.5,0.4,0.4,6.09,23.2,23.81,96,39,Kediri,-7.8167,111.9667
2019-10-13,32.3,23.7,27.1,0.3,0.3,6.15,22.7,24.12,87,44,Kediri,-7.8167,111.9667
2019-10-14,32.6,23.3,26.9,0.2,0.2,5.61,25.3,22.96,89,46,Kediri,-7.8167,111.9667
2019-10-15,31.6,23.9,26.7,0.7,0.7,5.54,27.5,23.11,90,51,Kediri,-7.8167,111.9667
2019-10-16,31.7,23.7,26.6,0.2,0.2,5.45,25.4,21.86,90,50,Kediri,-7.8167,111.9667
2019-10-17,32.7,23.3,26.7,0.0,0.0,5.97,25.6,24.5,90,41,Kediri,-7.8167,111.9667
2019-10-18,34.0,23.2,27.1,0.0,0.0,6.14,27.9,25.05,86,39,Kediri,-7.8167,111.9667
2019-10-19,34.5,24.0,27.7,0.5,0.5,6.11,24.8,24.74,88,38,Kediri,-7.8167,111.9667
2019-10-20,33.7,23.8,27.4,0.0,0.0,5.84,22.4,23.82,93,40,Kediri,-7.8167,111.9667
2019-10-21,34.7,24.6,28.3,0.0,0.0,6.38,24.9,24.17,87,37,Kediri,-7.8167,111.9667
2019-10-22,34.2,24.9,28.1,0.0,0.0,6.79,24.4,24.78,84,39,Kediri,-7.8167,111.9667
2019-10-23,34.5,24.3,28.3,0.6,0.6,6.48,25.6,24.43,87,37,Kediri,-7.8167,111.9667
2019-10-24,34.1,24.1,27.7,0.0,0.0,6.64,23.6,25.87,84,38,Kediri,-7.8167,111.9667
2019-10-25,34.1,23.7,27.7,0.0,0.0,6.13,22.3,25.23,92,36,Kediri,-7.8167,111.9667
2019-10-26,32.8,23.8,27.5,0.1,0.1,6.02,25.0,24.36,91,46,Kediri,-7.8167,111.9667
2019-10-27,34.2,24.0,27.8,0.0,0.0,6.6,23.2,25.65,82,36,Kediri,-7.8167,111.9667
2019-10-28,33.2,23.7,27.5,0.1,0.1,6.1,23.2,24.92,89,43,Kediri,-7.8167,111.9667
2019-10-29,34.3,23.6,27.6,0.4,0.4,6.05,21.3,23.44,88,34,Kediri,-7.8167,111.9667
2019-10-30,33.4,23.8,27.8,0.6,0.6,6.4,23.0,25.39,82,40,Kediri,-7.8167,111.9667
2019-10-31,33.5,24.9,28.1,0.2,0.2,6.26,25.2,24.48,83,43,Kediri,-7.8167,111.9667
2019-11-01,31.6,24.3,26.7,4.1,4.1,4.23,21.2,18.24,90,59,Kediri,-7.8167,111.9667
2019-11-02,28.4,23.6,24.8,19.0,19.0,2.75,22.1,13.32,95,70,Kediri,-7.8167,111.9667
2019-11-03,29.6,23.4,25.9,2.1,2.1,4.38,22.3,20.06,92,65,Kediri,-7.8167,111.9667
2019-11-04,30.4,23.6,26.4,0.4,0.4,5.01,24.1,22.3,92,60,Kediri,-7.8167,111.9667
2019-11-05,32.3,23.0,26.7,0.2,0.2,5.88,21.3,25.42,95,49,Kediri,-7.8167,111.9667
2019-11-06,33.6,23.2,27.0,0.0,0.0,6.35,21.6,26.2,91,36,Kediri,-7.8167,111.9667
2019-11-07,33.8,22.6,27.1,0.0,0.0,6.22,21.6,25.69,84,41,Kediri,-7.8167,111.9667
2019-11-08,33.4,23.6,27.5,0.3,0.3,5.85,20.0,23.93,85,45,Kediri,-7.8167,111.9667
2019-11-09,33.2,23.9,27.7,0.2,0.2,5.92,22.0,24.33,90,49,Kediri,-7.8167,111.9667
2019-11-10,33.4,24.5,28.2,0.1,0.1,6.01,19.5,24.12,86,47,Kediri,-7.8167,111.9667
2019-11-11,33.3,24.4,27.9,1.4,1.4,5.85,22.4,24.52,91,50,Kediri,-7.8167,111.9667
2019-11-12,32.7,24.2,27.8,0.8,0.8,5.48,20.0,22.85,91,51,Kediri,-7.8167,111.9667
2019-11-13,33.5,25.5,28.1,2.8,2.8,5.01,21.3,21.69,87,47,Kediri,-7.8167,111.9667
2019-11-14,33.9,25.4,28.2,2.1,2.1,5.15,16.9,21.9,91,46,Kediri,-7.8167,111.9667
2019-11-15,33.5,25.0,28.0,0.0,0.0,6.58,23.2,26.16,88,39,Kediri,-7.8167,111.9667
2019-11-16,33.2,24.0,27.6,0.5,0.5,6.02,20.7,24.04,86,46,Kediri,-7.8167,111.9667
2019-11-17,33.8,24.5,28.2,0.2,0.2,5.84,23.1,23.76,90,47,Kediri,-7.8167,111.9667
2019-11-18,34.2,25.1,28.4,0.1,0.1,5.69,21.6,23.04,92,46,Kediri,-7.8167,111.9667
2019-11-19,34.3,24.2,28.4,0.3,0.3,5.33,17.6,21.51,94,45,Kediri,-7.8167,111.9667
2019-11-20,33.1,23.9,27.8,0.8,0.8,5.55,22.1,23.4,94,44,Kediri,-7.8167,111.9667
2019-11-21,31.8,24.1,27.6,0.3,0.3,5.24,19.2,21.47,91,53,Kediri,-7.8167,111.9667
2019-11-22,32.9,24.1,27.8,0.7,0.7,5.59,22.6,23.39,85,46,Kediri,-7.8167,111.9667
2019-11-23,34.8,24.4,28.5,0.2,0.2,6.16,24.9,25.31,90,37,Kediri,-7.8167,111.9667
2019-11-24,33.4,24.5,28.2,0.9,0.9,5.5,22.2,23.3,94,48,Kediri,-7.8167,111.9667
2019-11-25,33.6,24.5,28.2,1.8,1.8,5.48,22.4,22.31,96,50,Kediri,-7.8167,111.9667
2019-11-26,35.3,24.0,28.7,0.0,0.0,6.5,20.2,26.05,88,36,Kediri,-7.8167,111.9667
2019-11-27,34.1,24.6,28.4,1.0,1.0,5.34,16.8,21.62,87,47,Kediri,-7.8167,111.9667
2019-11-28,33.9,24.6,28.5,2.4,2.4,5.58,17.8,22.87,82,41,Kediri,-7.8167,111.9667
2019-11-29,33.9,25.9,28.6,2.3,2.3,5.64,22.2,21.96,85,51,Kediri,-7.8167,111.9667
2019-11-30,31.9,25.3,27.8,2.2,2.2,4.89,19.4,20.91,89,56,Kediri,-7.8167,111.9667
2019-12-01,33.5,24.2,28.2,0.9,0.9,5.51,22.0,23.56,96,47,Kediri,-7.8167,111.9667
2019-12-02,35.1,25.2,28.8,1.1,1.1,5.45,18.0,22.69,94,43,Kediri,-7.8167,111.9667
2019-12-03,35.4,24.5,28.7,0.7,0.7,5.66,11.9,24.73,92,40,Kediri,-7.8167,111.9667
2019-12-04,34.3,25.1,28.9,2.0,2.0,5.67,19.9,23.21,89,48,Kediri,-7.8167,111.9667
2019-12-05,35.0,24.6,27.9,13.6,13.6,4.57,11.7,20.33,95,43,Kediri,-7.8167,111.9667
2019-12-06,34.1,24.2,27.5,28.4,28.4,4.56,16.1,21.06,99,48,Kediri,-7.8167,111.9667
2019-12-07,32.4,24.3,27.0,11.1,11.1,4.47,14.4,21.39,95,58,Kediri,-7.8167,111.9667
2019-12-08,31.6,24.3,27.7,0.3,0.3,4.86,17.0,21.71,93,58,Kediri,-7.8167,111.9667
2019-12-09,32.8,25.4,27.9,2.0,2.0,4.71,14.7,20.67,89,52,Kediri,-7.8167,111.9667
2019-12-10,32.2,24.5,27.6,3.4,3.4,4.97,14.8,22.15,91,52,Kediri,-7.8167,111.9667
2019-12-11,32.0,24.5,27.2,4.2,4.2,4.93,17.3,22.78,94,60,Kediri,-7.8167,111.9667
2019-12-12,32.4,24.5,27.2,4.0,4.0,4.87,11.0,22.9,96,54,Kediri,-7.8167,111.9667
2019-12-13,31.6,23.8,26.5,36.5,36.5,3.92,10.7,18.64,99,56,Kediri,-7.8167,111.9667
2019-12-14,31.6,24.2,26.5,2.6,2.6,4.36,10.8,21.18,98,57,Kediri,-7.8167,111.9667
2019-12-15,29.8,23.8,26.0,1.7,1.7,3.6,12.8,17.35,99,67,Kediri,-7.8167,111.9667
2019-12-16,30.5,23.9,26.1,12.7,12.7,3.78,13.2,18.57,96,64,Kediri,-7.8167,111.9667
2019-12-17,29.9,23.4,26.1,3.6,3.6,3.3,16.8,16.02,94,70,Kediri,-7.8167,111.9667
2019-12-18,30.4,24.0,26.8,3.5,3.5,4.3,15.7,21.27,92,68,Kediri,-7.8167,111.9667
2019-12-19,31.7,24.3,27.1,3.8,3.8,4.46,11.4,21.19,96,62,Kediri,-7.8167,111.9667
2019-12-20,32.2,24.6,27.6,1.0,1.0,4.95,16.4,23.23,98,60,Kediri,-7.8167,111.9667
2019-12-21,32.0,23.9,27.7,1.0,1.0,4.99,16.3,23.35,93,61,Kediri,-7.8167,111.9667
2019-12-22,30.8,24.1,27.1,1.1,1.1,4.08,15.5,19.06,92,66,Kediri,-7.8167,111.9667
2019-12-23,30.4,23.8,26.5,16.3,16.3,3.5,11.3,16.9,97,68,Kediri,-7.8167,111.9667
2019-12-24,31.1,23.8,26.8,2.3,2.3,4.33,11.7,20.87,97,62,Kediri,-7.8167,111.9667
2019-12-25,30.4,24.6,26.5,6.6,6.6,3.4,9.7,16.28,96,73,Kediri,-7.8167,111.9667
2019-12-26,29.6,24.3,26.7,4.9,4.9,3.55,17.7,17.11,96,69,Kediri,-7.8167,111.9667
2019-12-27,30.1,23.9,26.0,15.0,15.0,3.21,12.7,15.57,99,67,Kediri,-7.8167,111.9667
2019-12-28,30.8,23.6,26.5,7.7,7.7,3.8,11.0,17.97,99,62,Kediri,-7.8167,111.9667
2019-12-29,31.8,24.5,26.9,16.7,16.7,4.29,12.9,20.51,98,61,Kediri,-7.8167,111.9667
2019-12-30,31.1,23.7,26.7,4.2,4.2,3.86,9.5,18.74,99,69,Kediri,-7.8167,111.9667
2019-12-31,30.0,24.2,26.4,5.8,5.8,3.16,14.4,15.44,98,74,Kediri,-7.8167,111.9667
2020-01-01,27.9,23.9,25.3,17.1,17.1,1.91,14.9,9.08,100,80,Kediri,-7.8167,111.9667
2020-01-02,28.9,23.7,25.5,44.5,44.5,3.49,10.4,17.83,100,78,Kediri,-7.8167,111.9667
2020-01-03,29.7,23.8,25.8,89.5,89.5,3.63,13.1,18.44,99,72,Kediri,-7.8167,111.9667
2020-01-04,28.3,23.3,25.4,34.8,34.8,2.36,10.6,11.59,100,78,Kediri,-7.8167,111.9667
2020-01-05,29.4,24.2,25.9,37.0,37.0,2.55,14.8,12.5,99,76,Kediri,-7.8167,111.9667
2020-01-06,27.1,23.8,25.0,40.8,40.8,1.97,8.5,10.03,99,87,Kediri,-7.8167,111.9667
2020-01-07,27.2,23.3,24.8,48.8,48.8,2.43,10.5,12.42,100,84,Kediri,-7.8167,111.9667
2020-01-08,27.7,23.0,24.9,28.3,28.3,2.44,8.7,12.31,100,84,Kediri,-7.8167,111.9667
2020-01-09,29.1,22.5,25.7,12.3,12.3,3.28,14.6,16.7,97,76,Kediri,-7.8167,111.9667
2020-01-10,28.7,23.7,25.7,26.9,26.9,2.99,12.0,14.89,97,75,Kediri,-7.8167,111.9667
2020-01-11,27.5,23.7,25.4,24.2,24.2,2.07,11.2,9.94,99,81,Kediri,-7.8167,111.9667
2020-01-12,29.3,23.7,26.2,4.3,4.3,3.38,12.2,16.36,99,73,Kediri,-7.8167,111.9667
2020-01-13,29.4,23.3,26.0,14.1,14.1,4.16,13.7,21.4,98,74,Kediri,-7.8167,111.9667
2020-01-14,29.9,23.5,26.0,20.7,20.7,4.2,10.1,21.39,100,77,Kediri,-7.8167,111.9667
2020-01-15,29.5,23.2,26.0,52.5,52.5,3.51,10.3,17.39,96,76,Kediri,-7.8167,111.9667
2020-01-16,30.6,23.7,26.9,0.8,0.8,4.64,16.6,22.88,95,69,Kediri,-7.8167,111.9667
2020-01-17,31.0,23.1,26.6,0.3,0.3,5.04,17.4,24.21,89,62,Kediri,-7.8167,111.9667
2020-01-18,31.2,22.7,26.9,0.3,0.3,5.09,13.8,24.03,90,61,Kediri,-7.8167,111.9667
2020-01-19,30.7,23.8,27.0,1.3,1.3,4.37,13.3,20.89,95,65,Kediri,-7.8167,111.9667
2020-01-20,30.6,24.1,26.6,37.8,37.8,4.12,12.4,20.01,96,67,Kediri,-7.8167,111.9667
2020-01-21,29.7,23.9,26.3,20.3,20.3,3.92,13.2,20.09,100,76,Kediri,-7.8167,111.9667
2020-01-22,29.7,24.1,26.5,3.0,3.0,4.06,8.2,19.72,100,73,Kediri,-7.8167,111.9667
2020-01-23,29.7,24.6,26.6,6.5,6.5,3.68,7.3,17.93,98,70,Kediri,-7.8167,111.9667
2020-01-24,30.3,24.2,26.7,3.0,3.0,4.46,8.1,22.2,97,66,Kediri,-7.8167,111.9667
2020-01-25,30.3,24.0,26.4,17.8,17.8,4.67,8.9,23.23,100,70,Kediri,-7.8167,111.9667
2020-01-26,30.3,24.1,26.3,15.2,15.2,4.03,17.0,19.94,99,68,Kediri,-7.8167,111.9667
2020-01-27,29.2,23.6,26.3,3.8,3.8,3.4,15.9,17.2,97,72,Kediri,-7.8167,111.9667
2020-01-28,30.4,23.8,27.1,2.1,2.1,4.57,12.6,22.7,100,73,Kediri,-7.8167,111.9667
2020-01-29,30.7,24.4,27.1,16.4,16.4,4.04,9.3,19.95,96,71,Kediri,-7.8167,111.9667
2020-01-30,28.4,23.9,25.6,39.2,39.2,1.94,10.6,9.54,99,80,Kediri,-7.8167,111.9667
2020-01-31,28.3,23.5,25.7,28.1,28.1,2.57,8.1,12.72,100,82,Kediri,-7.8167,111.9667
2020-02-01,28.5,23.7,25.6,32.3,32.3,2.45,9.0,11.82,100,80,Kediri,-7.8167,111.9667
2020-02-02,28.7,23.8,25.6,12.6,12.6,2.8,8.2,13.79,99,76,Kediri,-7.8167,111.9667
2020-02-03,29.2,23.7,26.0,8.4,8.4,3.34,14.1,16.73,99,78,Kediri,-7.8167,111.9667
2020-02-04,30.3,23.1,26.5,1.8,1.8,4.57,12.2,22.57,100,69,Kediri,-7.8167,111.9667
2020-02-05,30.4,23.3,26.6,1.6,1.6,4.31,11.7,21.24,98,70,Kediri,-7.8167,111.9667
2020-02-06,30.3,23.4,26.3,15.4,15.4,4.11,9.2,20.21,99,71,Kediri,-7.8167,111.9667
2020-02-07,29.1,23.7,25.5,49.7,49.7,2.32,10.9,11.28,99,79,Kediri,-7.8167,111.9667
2020-02-08,30.4,23.7,26.5,19.3,19.3,3.45,12.7,16.66,100,66,Kediri,-7.8167,111.9667
2020-02-09,27.4,24.0,25.2,20.0,20.0,1.65,12.9,7.61,99,81,Kediri,-7.8167,111.9667
2020-02-10,28.5,24.0,25.9,36.5,36.5,3.24,9.3,16.26,99,79,Kediri,-7.8167,111.9667
2020-02-11,29.5,23.6,25.7,16.1,16.1,3.41,11.0,17.04,100,73,Kediri,-7.8167,111.9667
2020-02-12,29.1,23.3,25.7,7.7,7.7,3.18,10.0,16.01,98,74,Kediri,-7.8167,111.9667
2020-02-13,30.2,23.8,26.3,11.9,11.9,4.09,15.6,20.8,95,72,Kediri,-7.8167,111.9667
2020-02-14,29.8,24.3,26.2,11.7,11.7,3.71,10.3,18.59,97,73,Kediri,-7.8167,111.9667
2020-02-15,29.2,23.8,25.8,9.4,9.4,2.91,12.6,14.39,99,74,Kediri,-7.8167,111.9667
2020-02-16,29.4,24.0,25.9,48.3,48.3,3.5,8.3,17.41,99,79,Kediri,-7.8167,111.9667
2020-02-17,27.8,23.5,25.1,36.5,36.5,2.66,7.2,13.35,99,84,Kediri,-7.8167,111.9667
2020-02-18,28.5,23.4,25.3,32.1,32.1,2.57,10.7,12.6,99,76,Kediri,-7.8167,111.9667
2020-02-19,27.4,23.6,24.9,72.7,72.7,2.24,10.5,11.32,100,84,Kediri,-7.8167,111.9667
2020-02-20,28.4,23.6,25.3,37.6,37.6,2.09,12.6,10.2,100,74,Kediri,-7.8167,111.9667
2020-02-21,29.0,23.4,25.5,51.3,51.3,3.37,11.2,17.35,100,80,Kediri,-7.8167,111.9667
2020-02-22,28.8,23.8,25.9,24.4,24.4,3.27,9.7,16.78,100,82,Kediri,-7.8167,111.9667
2020-02-23,29.3,24.1,26.0,18.5,18.5,3.61,11.0,18.47,99,76,Kediri,-7.8167,111.9667
2020-02-24,29.9,23.8,26.2,28.1,28.1,3.8,14.2,19.39,100,72,Kediri,-7.8167,111.9667
2020-02-25,27.5,24.0,25.6,55.6,55.6,2.47,11.5,12.55,100,85,Kediri,-7.8167,111.9667
2020-02-26,27.8,24.3,25.6,25.5,25.5,2.16,8.7,10.68,99,85,Kediri,-7.8167,111.9667
2020-02-27,28.5,24.0,25.8,80.9,80.9,2.65,11.6,13.27,100,81,Kediri,-7.8167,111.9667
2020-02-28,28.1,23.9,25.7,31.5,31.5,2.84,9.2,14.24,100,81,Kediri,-7.8167,111.9667
2020-02-29,27.6,23.6,25.4,51.2,51.2,2.48,9.1,12.55,100,85,Kediri,-7.8167,111.9667
2020-03-01,27.9,24.1,25.5,25.8,25.8,2.45,11.3,12.45,100,84,Kediri,-7.8167,111.9667
2020-03-02,29.3,23.8,26.2,45.0,45.0,3.58,9.3,18.16,99,78,Kediri,-7.8167,111.9667
2020-03-03,28.0,24.8,26.3,20.3,20.3,2.66,9.2,13.17,99,82,Kediri,-7.8167,111.9667
2020-03-04,28.1,24.3,26.0,25.2,25.2,2.35,15.6,12.03,100,85,Kediri,-7.8167,111.9667
2020-03-05,28.7,24.4,26.0,30.7,30.7,2.75,8.9,13.45,99,79,Kediri,-7.8167,111.9667
2020-03-06,28.2,24.0,25.8,12.0,12.0,3.16,9.7,15.76,99,76,Kediri,-7.8167,111.9667
2020-03-07,27.8,23.2,25.2,35.6,35.6,2.74,10.7,13.95,100,83,Kediri,-7.8167,111.9667
2020-03-08,28.6,23.5,25.3,25.1,25.1,3.09,8.7,15.79,99,80,Kediri,-7.8167,111.9667
2020-03-09,28.8,23.7,25.6,22.1,22.1,2.49,10.1,12.25,99,79,Kediri,-7.8167,111.9667
2020-03-10,29.3,23.6,25.7,18.7,18.7,3.69,10.4,18.7,100,76,Kediri,-7.8167,111.9667
2020-03-11,30.5,23.4,26.0,18.6,18.6,3.58,16.9,18.07,99,70,Kediri,-7.8167,111.9667
2020-03-12,30.3,23.7,26.4,15.8,15.8,3.66,16.5,18.36,99,71,Kediri,-7.8167,111.9667
2020-03-13,29.3,24.0,26.1,18.6,18.6,3.43,12.2,17.02,100,72,Kediri,-7.8167,111.9667
2020-03-14,30.4,24.5,27.0,1.0,1.0,4.09,11.6,19.98,96,70,Kediri,-7.8167,111.9667
2020-03-15,30.1,24.4,26.6,5.5,5.5,3.94,8.7,19.53,97,73,Kediri,-7.8167,111.9667
2020-03-16,30.1,23.9,26.7,6.6,6.6,4.48,14.5,22.44,91,69,Kediri,-7.8167,111.9667
2020-03-17,30.3,23.3,26.1,13.6,13.6,4.28,9.1,21.39,99,70,Kediri,-7.8167,111.9667
2020-03-18,29.9,23.5,26.0,21.9,21.9,3.74,16.4,18.95,96,70,Kediri,-7.8167,111.9667
2020-03-19,29.7,23.3,25.7,45.6,45.6,3.57,8.8,17.46,95,72,Kediri,-7.8167,111.9667
2020-03-20,30.1,23.5,25.8,43.1,43.1,4.11,10.1,20.58,94,69,Kediri,-7.8167,111.9667
2020-03-21,29.8,22.2,26.1,3.4,3.4,4.35,15.7,22.46,96,71,Kediri,-7.8167,111.9667
2020-03-22,30.0,24.5,26.6,6.2,6.2,4.08,17.3,20.97,98,70,Kediri,-7.8167,111.9667
2020-03-23,29.8,24.0,26.2,3.2,3.2,3.51,9.9,17.2,97,67,Kediri,-7.8167,111.9667
2020-03-24,30.0,23.9,26.0,11.0,11.0,3.91,14.5,20.14,100,69,Kediri,-7.8167,111.9667
2020-03-25,30.0,23.8,26.3,4.3,4.3,4.22,13.6,21.01,99,71,Kediri,-7.8167,111.9667
2020-03-26,30.4,24.8,26.9,3.6,3.6,4.7,12.2,23.12,92,70,Kediri,-7.8167,111.9667
2020-03-27,29.6,23.8,26.5,3.0,3.0,3.57,13.4,17.93,96,78,Kediri,-7.8167,111.9667
2020-03-28,28.8,24.4,26.1,20.1,20.1,2.78,11.4,13.97,99,82,Kediri,-7.8167,111.9667
2020-03-29,29.6,24.3,26.3,8.5,8.5,3.7,10.0,18.89,97,76,Kediri,-7.8167,111.9667
2020-03-30,29.7,23.6,26.2,6.1,6.1,3.71,13.4,19.26,97,75,Kediri,-7.8167,111.9667
2020-03-31,29.8,23.8,25.8,26.0,26.0,3.64,6.4,18.01,100,68,Kediri,-7.8167,111.9667
2020-04-01,29.3,23.6,26.0,3.6,3.6,3.37,10.7,16.93,95,72,Kediri,-7.8167,111.9667
2020-04-02,29.6,24.2,26.2,16.9,16.9,3.9,12.9,20.03,96,75,Kediri,-7.8167,111.9667
2020-04-03,30.3,24.0,26.3,12.2,12.2,4.01,8.0,19.85,97,68,Kediri,-7.8167,111.9667
2020-04-04,29.7,24.0,26.2,7.7,7.7,3.33,10.5,16.53,99,71,Kediri,-7.8167,111.9667
2020-04-05,29.7,24.4,26.4,4.2,4.2,3.26,15.2,16.41,99,78,Kediri,-7.8167,111.9667
2020-04-06,29.6,24.4,26.0,4.1,4.1,2.92,12.6,14.51,99,70,Kediri,-7.8167,111.9667
2020-04-07,29.2,23.8,25.8,16.4,16.4,3.24,10.8,16.33,97,77,Kediri,-7.8167,111.9667
2020-04-08,28.8,23.2,26.0,0.8,0.8,3.57,10.9,17.61,96,72,Kediri,-7.8167,111.9667
2020-04-09,30.6,23.3,27.0,0.1,0.1,4.77,17.3,23.55,89,63,Kediri,-7.8167,111.9667
2020-04-10,30.3,23.2,26.8,2.3,2.3,4.52,14.5,22.09,96,70,Kediri,-7.8167,111.9667
2020-04-11,29.7,24.6,26.3,2.2,2.2,4.08,18.0,20.93,90,71,Kediri,-7.8167,111.9667
2020-04-12,29.0,23.6,26.1,2.2,2.2,3.96,15.2,19.49,93,70,Kediri,-7.8167,111.9667
2020-04-13,29.8,23.0,26.1,13.6,13.6,4.3,8.1,21.71,96,66,Kediri,-7.8167,111.9667
2020-04-14,29.1,23.6,25.7,24.2,24.2,3.72,8.9,18.95,100,71,Kediri,-7.8167,111.9667
2020-04-15,30.5,23.3,26.3,3.6,3.6,4.14,12.2,20.84,94,65,Kediri,-7.8167,111.9667
2020-04-16,30.8,23.8,27.0,1.3,1.3,4.43,11.7,22.09,95,67,Kediri,-7.8167,111.9667
2020-04-17,29.6,24.3,26.1,13.3,13.3,2.92,6.2,14.43,95,78,Kediri,-7.8167,111.9667
2020-04-18,29.7,24.2,26.3,7.7,7.7,3.58,13.2,18.13,99,75,Kediri,-7.8167,111.9667
2020-04-19,29.1,23.6,26.2,7.4,7.4,3.16,12.1,16.05,100,79,Kediri,-7.8167,111.9667
2020-04-20,30.2,24.3,27.0,1.4,1.4,3.83,10.0,18.95,94,71,Kediri,-7.8167,111.9667
2020-04-21,29.9,24.7,26.9,1.2,1.2,3.9,11.4,19.58,92,70,Kediri,-7.8167,111.9667
2020-04-22,30.4,24.4,27.3,0.7,0.7,4.53,12.7,21.86,92,67,Kediri,-7.8167,111.9667
2020-04-23,31.0,24.5,27.4,1.8,1.8,4.6,8.7,22.23,95,64,Kediri,-7.8167,111.9667
2020-04-24,30.9,24.3,27.1,0.5,0.5,4.56,14.7,21.65,94,59,Kediri,-7.8167,111.9667
2020-04-25,30.4,24.6,26.9,9.3,9.3,4.21,13.8,20.48,91,66,Kediri,-7.8167,111.9667
2020-04-26,28.5,24.4,26.4,2.9,2.9,2.65,12.5,12.23,92,76,Kediri,-7.8167,111.9667
2020-04-27,29.8,24.7,26.4,1.8,1.8,4.08,14.4,20.08,89,69,Kediri,-7.8167,111.9667
2020-04-28,29.1,24.4,25.9,2.0,2.0,3.09,12.2,15.12,96,67,Kediri,-7.8167,111.9667
2020-04-29,29.6,23.7,26.5,2.0,2.0,4.13,14.6,20.28,90,67,Kediri,-7.8167,111.9667
2020-04-30,29.2,24.9,26.7,1.2,1.2,4.06,16.6,19.84,92,68,Kediri,-7.8167,111.9667
2020-05-01,29.6,24.8,26.8,0.1,0.1,4.52,16.6,20.94,91,66,Kediri,-7.8167,111.9667
2020-05-02,29.7,24.6,26.9,1.2,1.2,4.28,15.5,19.67,87,67,Kediri,-7.8167,111.9667
2020-05-03,29.4,23.3,26.4,1.2,1.2,3.44,13.9,16.88,95,68,Kediri,-7.8167,111.9667
2020-05-04,30.9,23.9,27.3,0.8,0.8,4.44,8.9,21.14,93,61,Kediri,-7.8167,111.9667
2020-05-05,30.8,24.1,27.3,1.5,1.5,4.46,11.3,21.23,91,61,Kediri,-7.8167,111.9667
2020-05-06,30.7,24.5,27.2,0.1,0.1,4.54,16.0,21.31,93,63,Kediri,-7.8167,111.9667
2020-05-07,31.0,24.6,27.4,0.3,0.3,4.54,15.5,21.22,90,65,Kediri,-7.8167,111.9667
2020-05-08,31.4,25.4,27.6,2.3,2.3,4.38,16.3,21.01,91,64,Kediri,-7.8167,111.9667
2020-05-09,30.4,24.5,26.7,5.2,5.2,3.29,7.6,15.85,96,70,Kediri,-7.8167,111.9667
2020-05-10,30.9,24.6,27.2,4.0,4.0,4.1,15.9,19.7,94,63,Kediri,-7.8167,111.9667
2020-05-11,29.2,24.2,26.7,1.8,1.8,3.52,14.6,16.68,94,70,Kediri,-7.8167,111.9667
2020-05-12,30.3,24.7,27.0,1.4,1.4,4.47,17.6,19.77,89,63,Kediri,-7.8167,111.9667
2020-05-13,30.3,24.8,26.8,0.9,0.9,4.56,18.1,21.0,89,62,Kediri,-7.8167,111.9667
2020-05-14,29.4,24.5,26.3,2.1,2.1,4.2,20.8,19.24,88,70,Kediri,-7.8167,111.9667
2020-05-15,30.9,24.9,26.9,0.7,0.7,4.59,18.6,20.64,91,61,Kediri,-7.8167,111.9667
2020-05-16,30.3,24.7,26.9,1.6,1.6,4.26,22.0,19.22,90,66,Kediri,-7.8167,111.9667
2020-05-17,29.5,25.4,26.8,4.0,4.0,3.85,19.9,18.1,90,73,Kediri,-7.8167,111.9667
2020-05-18,29.6,25.2,26.8,4.1,4.1,3.48,19.8,16.39,97,76,Kediri,-7.8167,111.9667
2020-05-19,30.0,24.7,26.5,2.5,2.5,3.12,16.2,14.99,97,71,Kediri,-7.8167,111.9667
2020-05-20,30.0,24.2,26.6,7.3,7.3,3.27,10.5,15.44,93,70,Kediri,-7.8167,111.9667
2020-05-21,28.4,24.1,26.2,19.8,19.8,2.4,19.5,11.01,99,83,Kediri,-7.8167,111.9667
2020-05-22,30.6,24.0,26.8,0.7,0.7,3.74,13.6,17.63,94,65,Kediri,-7.8167,111.9667
2020-05-23,31.8,24.2,27.5,0.7,0.7,4.37,15.9,20.02,93,60,Kediri,-7.8167,111.9667
2020-05-24,31.3,24.0,27.3,0.0,0.0,4.38,18.1,20.44,93,65,Kediri,-7.8167,111.9667
2020-05-25,30.9,24.6,27.2,3.1,3.1,3.8,12.7,18.49,98,67,Kediri,-7.8167,111.9667
2020-05-26,28.7,24.6,26.2,11.9,11.9,2.71,11.5,13.31,98,78,Kediri,-7.8167,111.9667
2020-05-27,27.4,24.5,25.5,9.7,9.7,2.31,14.5,11.89,97,83,Kediri,-7.8167,111.9667
2020-05-28,29.1,23.6,25.4,24.9,24.9,2.45,15.3,12.49,98,75,Kediri,-7.8167,111.9667
2020-05-29,28.7,24.3,26.0,11.7,11.7,2.83,11.9,13.63,93,74,Kediri,-7.8167,111.9667
2020-05-30,30.0,24.3,26.3,6.0,6.0,3.81,17.6,19.4,98,69,Kediri,-7.8167,111.9667
2020-05-31,28.7,24.7,26.0,2.2,2.2,2.87,14.9,14.23,95,76,Kediri,-7.8167,111.9667
2020-06-01,28.4,24.3,26.3,9.4,9.4,2.99,15.8,14.21,96,78,Kediri,-7.8167,111.9667
2020-06-02,28.0,23.9,26.0,0.1,0.1,2.49,12.7,11.53,96,71,Kediri,-7.8167,111.9667
2020-06-03,29.6,23.8,26.5,0.1,0.1,3.9,8.4,19.31,92,64,Kediri,-7.8167,111.9667
2020-06-04,29.1,24.2,25.9,3.3,3.3,4.11,19.1,19.44,87,68,Kediri,-7.8167,111.9667
2020-06-05,27.9,24.1,25.4,3.7,3.7,3.53,19.9,17.39,88,77,Kediri,-7.8167,111.9667
2020-06-06,27.4,23.8,25.1,3.4,3.4,3.03,20.0,15.85,93,79,Kediri,-7.8167,111.9667
2020-06-07,28.9,23.5,25.5,2.0,2.0,3.46,17.5,17.03,94,72,Kediri,-7.8167,111.9667
2020-06-08,28.3,23.5,25.4,1.1,1.1,3.37,16.8,17.17,91,77,Kediri,-7.8167,111.9667
2020-06-09,28.1,23.4,25.3,0.6,0.6,3.22,17.3,15.28,91,72,Kediri,-7.8167,111.9667
2020-06-10,28.9,23.7,25.7,0.0,0.0,4.3,16.5,20.58,91,64,Kediri,-7.8167,111.9667
2020-06-11,28.7,22.9,25.6,0.6,0.6,3.64,15.6,17.87,90,68,Kediri,-7.8167,111.9667
2020-06-12,29.2,23.0,25.6,0.0,0.0,4.18,17.8,20.7,92,63,Kediri,-7.8167,111.9667
2020-06-13,29.5,23.6,26.0,1.3,1.3,4.23,18.4,20.47,90,66,Kediri,-7.8167,111.9667
2020-06-14,28.2,24.3,25.8,2.3,2.3,2.71,14.0,13.05,93,76,Kediri,-7.8167,111.9667
2020-06-15,29.3,23.7,26.1,4.3,4.3,3.24,16.5,16.3,96,75,Kediri,-7.8167,111.9667
2020-06-16,29.9,24.0,26.4,0.1,0.1,3.99,15.2,19.09,96,66,Kediri,-7.8167,111.9667
2020-06-17,28.5,24.3,26.0,1.6,1.6,3.65,19.2,18.18,94,76,Kediri,-7.8167,111.9667
2020-06-18,28.8,24.7,26.0,2.7,2.7,3.61,18.7,17.11,89,77,Kediri,-7.8167,111.9667
2020-06-19,27.6,24.4,25.5,1.8,1.8,3.47,22.5,16.47,89,77,Kediri,-7.8167,111.9667
2020-06-20,29.1,24.3,25.9,0.9,0.9,4.03,19.5,17.99,89,67,Kediri,-7.8167,111.9667
2020-06-21,29.0,24.3,25.9,1.0,1.0,3.78,20.1,17.49,89,69,Kediri,-7.8167,111.9667
2020-06-22,29.0,24.1,25.9,1.7,1.7,3.78,19.4,17.59,92,67,Kediri,-7.8167,111.9667
2020-06-23,29.5,24.0,25.7,0.7,0.7,3.97,20.7,17.89,88,62,Kediri,-7.8167,111.9667
2020-06-24,28.5,23.3,25.3,1.3,1.3,3.88,20.5,18.55,92,67,Kediri,-7.8167,111.9667
2020-06-25,29.1,23.4,25.5,0.0,0.0,4.47,22.0,19.61,83,61,Kediri,-7.8167,111.9667
2020-06-26,28.8,23.2,25.3,0.0,0.0,4.11,18.0,19.13,91,62,Kediri,-7.8167,111.9667
2020-06-27,29.2,22.8,25.4,0.0,0.0,4.13,18.6,19.79,95,60,Kediri,-7.8167,111.9667
2020-06-28,29.5,23.2,25.7,0.0,0.0,4.02,18.2,18.84,91,62,Kediri,-7.8167,111.9667
2020-06-29,29.0,23.8,25.6,0.2,0.2,3.82,22.0,17.62,91,65,Kediri,-7.8167,111.9667
2020-06-30,29.2,23.6,25.5,0.0,0.0,4.1,22.8,18.78,89,61,Kediri,-7.8167,111.9667
2020-07-01,29.0,23.5,25.5,0.7,0.7,3.94,21.0,17.86,89,65,Kediri,-7.8167,111.9667
2020-07-02,29.6,23.5,25.5,1.1,1.1,3.8,22.7,17.2,90,64,Kediri,-7.8167,111.9667
2020-07-03,29.3,23.4,25.5,0.0,0.0,4.47,22.3,20.06,89,55,Kediri,-7.8167,111.9667
2020-07-04,31.2,23.4,26.2,0.1,0.1,4.57,18.7,20.1,87,45,Kediri,-7.8167,111.9667
2020-07-05,30.6,22.8,26.1,0.7,0.7,4.53,17.1,20.01,81,51,Kediri,-7.8167,111.9667
2020-07-06,29.2,23.9,25.4,8.8,8.8,3.04,19.3,12.28,92,65,Kediri,-7.8167,111.9667
2020-07-07,27.7,23.9,25.2,1.7,1.7,3.01,21.8,11.77,89,62,Kediri,-7.8167,111.9667
2020-07-08,28.8,23.6,25.3,0.5,0.5,4.11,22.2,18.42,87,62,Kediri,-7.8167,111.9667
2020-07-09,28.5,23.4,25.3,1.2,1.2,3.9,22.9,17.69,89,67,Kediri,-7.8167,111.9667
2020-07-10,28.5,23.4,25.3,0.2,0.2,3.96,23.9,17.77,88,66,Kediri,-7.8167,111.9667
2020-07-11,29.9,23.6,25.7,0.0,0.0,4.28,22.7,18.78,91,61,Kediri,-7.8167,111.9667
2020-07-12,28.2,23.5,25.5,0.6,0.6,3.58,20.7,16.64,91,70,Kediri,-7.8167,111.9667
2020-07-13,30.5,23.7,26.1,0.0,0.0,4.23,19.1,19.5,92,56,Kediri,-7.8167,111.9667
2020-07-14,29.6,24.1,26.2,1.2,1.2,4.08,17.7,18.32,88,63,Kediri,-7.8167,111.9667
2020-07-15,29.0,22.9,25.7,0.8,0.8,3.5,12.5,16.8,94,65,Kediri,-7.8167,111.9667
2020-07-16,31.0,23.5,26.3,0.0,0.0,4.09,16.9,18.96,94,57,Kediri,-7.8167,111.9667
2020-07-17,31.1,22.4,25.7,0.0,0.0,4.41,23.8,20.57,95,57,Kediri,-7.8167,111.9667
2020-07-18,30.0,23.0,25.5,0.1,0.1,4.21,20.9,19.19,96,56,Kediri,-7.8167,111.9667
2020-07-19,30.7,23.2,25.8,1.3,1.3,4.35,24.9,19.78,91,55,Kediri,-7.8167,111.9667
2020-07-20,30.2,23.3,26.0,0.9,0.9,4.13,19.7,18.55,92,59,Kediri,-7.8167,111.9667
2020-07-21,29.2,23.8,26.1,1.1,1.1,3.82,18.8,17.33,92,65,Kediri,-7.8167,111.9667
2020-07-22,29.8,24.2,26.3,1.3,1.3,4.17,20.0,18.06,86,61,Kediri,-7.8167,111.9667
2020-07-23,29.9,23.4,25.8,0.0,0.0,4.82,22.7,20.55,89,53,Kediri,-7.8167,111.9667
2020-07-24,30.4,22.7,25.3,0.0,0.0,4.97,24.6,20.49,89,46,Kediri,-7.8167,111.9667
2020-07-25,29.3,22.2,24.7,0.0,0.0,5.46,23.2,22.14,80,46,Kediri,-7.8167,111.9667
2020-07-26,30.1,22.4,25.0,0.0,0.0,5.31,22.8,21.64,80,46,Kediri,-7.8167,111.9667
2020-07-27,29.2,22.6,25.1,0.0,0.0,4.51,23.9,18.74,88,54,Kediri,-7.8167,111.9667
2020-07-28,28.9,22.3,24.7,0.4,0.4,4.25,26.1,18.4,90,54,Kediri,-7.8167,111.9667
2020-07-29,28.7,21.4,24.3,0.2,0.2,4.99,25.6,21.44,93,47,Kediri,-7.8167,111.9667
2020-07-30,30.0,21.3,24.4,0.0,0.0,5.3,22.7,22.87,81,40,Kediri,-7.8167,111.9667
2020-07-31,28.5,22.4,24.7,0.0,0.0,4.25,24.5,18.81,87,61,Kediri,-7.8167,111.9667
2020-08-01,30.1,22.9,25.3,0.0,0.0,4.8,25.0,20.1,87,50,Kediri,-7.8167,111.9667
2020-08-02,29.8,22.1,24.7,0.0,0.0,5.17,25.1,22.06,88,47,Kediri,-7.8167,111.9667
2020-08-03,31.2,21.5,25.3,0.0,0.0,4.79,18.4,21.01,89,45,Kediri,-7.8167,111.9667
2020-08-04,27.6,23.0,24.9,0.4,0.4,2.63,19.6,9.73,86,69,Kediri,-7.8167,111.9667
2020-08-05,30.1,23.0,25.4,0.0,0.0,4.17,25.2,17.35,93,56,Kediri,-7.8167,111.9667
2020-08-06,30.6,22.9,25.7,0.0,0.0,5.25,22.1,21.34,82,48,Kediri,-7.8167,111.9667
2020-08-07,29.9,22.6,25.0,0.0,0.0,3.81,23.1,15.71,87,57,Kediri,-7.8167,111.9667
2020-08-08,30.3,22.6,25.4,1.6,1.6,3.87,22.1,16.55,90,55,Kediri,-7.8167,111.9667
2020-08-09,31.8,22.9,26.3,0.2,0.2,4.58,18.9,20.58,86,52,Kediri,-7.8167,111.9667
2020-08-10,32.4,22.0,26.5,0.0,0.0,4.95,21.3,22.03,84,44,Kediri,-7.8167,111.9667
2020-08-11,32.0,24.1,26.4,3.1,3.1,4.28,19.9,19.11,95,51,Kediri,-7.8167,111.9667
2020-08-12,29.7,23.9,25.9,2.3,2.3,2.9,17.5,13.14,95,60,Kediri,-7.8167,111.9667
2020-08-13,28.7,24.5,26.0,1.6,1.6,3.73,22.1,17.06,89,69,Kediri,-7.8167,111.9667
2020-08-14,30.5,23.8,26.1,1.5,1.5,4.23,20.2,19.92,93,57,Kediri,-7.8167,111.9667
2020-08-15,31.8,23.5,26.8,0.3,0.3,4.53,19.5,20.23,92,54,Kediri,-7.8167,111.9667
2020-08-16,29.9,23.6,26.1,2.0,2.0,4.09,19.5,18.98,98,66,Kediri,-7.8167,111.9667
2020-08-17,30.5,23.8,26.2,1.7,1.7,4.68,23.1,20.44,86,56,Kediri,-7.8167,111.9667
2020-08-18,30.3,23.7,26.0,0.0,0.0,4.93,24.1,20.32,85,52,Kediri,-7.8167,111.9667
2020-08-19,30.5,22.9,25.5,0.1,0.1,4.66,23.5,20.11,88,51,Kediri,-7.8167,111.9667
2020-08-20,30.7,23.5,26.1,1.0,1.0,4.71,18.1,20.44,84,51,Kediri,-7.8167,111.9667
2020-08-21,34.0,22.1,27.1,0.0,0.0,5.38,12.7,23.63,84,31,Kediri,-7.8167,111.9667
2020-08-22,32.2,22.6,26.7,0.0,0.0,5.34,21.7,23.22,84,48,Kediri,-7.8167,111.9667
2020-08-23,33.8,23.9,27.0,0.2,0.2,5.33,24.9,22.54,93,43,Kediri,-7.8167,111.9667
2020-08-24,31.2,23.5,26.4,0.0,0.0,4.99,19.4,21.37,90,50,Kediri,-7.8167,111.9667
2020-08-25,32.0,23.5,26.6,0.5,0.5,5.41,23.0,22.54,87,47,Kediri,-7.8167,111.9667
2020-08-26,30.9,23.2,26.0,0.0,0.0,5.66,27.2,22.58,89,47,Kediri,-7.8167,111.9667
2020-08-27,31.4,23.2,25.9,0.0,0.0,5.6,25.2,23.02,85,45,Kediri,-7.8167,111.9667
2020-08-28,29.8,23.2,25.9,2.6,2.6,4.8,23.6,21.1,87,55,Kediri,-7.8167,111.9667
2020-08-29,31.5,23.4,26.4,0.3,0.3,5.39,24.7,22.13,89,52,Kediri,-7.8167,111.9667
2020-08-30,31.2,23.2,26.2,0.2,0.2,5.48,23.7,22.31,85,46,Kediri,-7.8167,111.9667
2020-08-31,31.0,22.8,25.9,0.0,0.0,5.23,27.0,21.14,87,48,Kediri,-7.8167,111.9667
2020-09-01,30.6,23.5,26.0,1.1,1.1,4.7,23.1,20.33,89,55,Kediri,-7.8167,111.9667
2020-09-02,30.1,23.5,26.1,1.2,1.2,4.58,23.6,19.95,93,59,Kediri,-7.8167,111.9667
2020-09-03,30.6,24.1,26.2,3.3,3.3,4.29,20.9,19.26,92,62,Kediri,-7.8167,111.9667
2020-09-04,30.6,23.9,26.5,3.9,3.9,4.7,23.2,21.44,93,60,Kediri,-7.8167,111.9667
2020-09-05,30.8,23.7,26.2,0.1,0.1,5.45,24.2,23.16,90,52,Kediri,-7.8167,111.9667
2020-09-06,30.6,23.1,26.1,0.0,0.0,5.03,21.3,21.63,90,53,Kediri,-7.8167,111.9667
2020-09-07,30.0,23.3,25.7,0.8,0.8,4.5,25.2,20.73,94,59,Kediri,-7.8167,111.9667
2020-09-08,31.4,24.1,26.5,0.3,0.3,5.22,23.3,22.64,88,52,Kediri,-7.8167,111.9667
2020-09-09,31.2,23.6,26.5,0.1,0.1,4.83,22.1,20.57,91,54,Kediri,-7.8167,111.9667
2020-09-10,30.6,23.7,26.1,0.4,0.4,5.01,24.3,21.11,95,53,Kediri,-7.8167,111.9667
2020-09-11,30.9,23.7,26.4,0.0,0.0,5.43,24.9,22.51,83,51,Kediri,-7.8167,111.9667
2020-09-12,31.1,22.9,26.1,0.0,0.0,5.5,26.3,23.37,89,48,Kediri,-7.8167,111.9667
2020-09-13,30.9,22.9,26.1,0.3,0.3,5.37,26.0,23.07,92,52,Kediri,-7.8167,111.9667
2020-09-14,31.2,23.2,26.1,0.0,0.0,5.6,23.9,23.4,89,47,Kediri,-7.8167,111.9667
2020-09-15,31.5,23.2,26.3,0.0,0.0,6.03,23.4,24.27,81,44,Kediri,-7.8167,111.9667
2020-09-16,30.2,22.5,25.7,1.1,1.1,5.42,23.8,23.29,81,49,Kediri,-7.8167,111.9667
2020-09-17,31.5,22.4,26.4,0.8,0.8,5.64,19.9,24.69,87,46,Kediri,-7.8167,111.9667
2020-09-18,33.1,22.9,27.2,0.3,0.3,5.64,17.7,24.49,87,43,Kediri,-7.8167,111.9667
2020-09-19,34.2,24.1,28.1,0.0,0.0,5.8,21.3,24.57,82,39,Kediri,-7.8167,111.9667
2020-09-20,34.8,24.4,28.0,0.5,0.5,5.75,22.8,24.66,89,35,Kediri,-7.8167,111.9667
2020-09-21,31.1,24.3,26.7,2.7,2.7,5.15,24.6,23.12,92,55,Kediri,-7.8167,111.9667
2020-09-22,29.2,23.7,25.9,4.7,4.7,4.01,23.2,19.22,94,67,Kediri,-7.8167,111.9667
2020-09-23,31.2,23.7,26.9,0.2,0.2,4.79,22.9,20.99,95,57,Kediri,-7.8167,111.9667
2020-09-24,30.9,24.2,26.9,0.2,0.2,5.27,22.8,23.41,94,56,Kediri,-7.8167,111.9667
2020-09-25,32.2,23.8,27.1,0.4,0.4,5.4,22.8,22.46,91,51,Kediri,-7.8167,111.9667
2020-09-26,32.7,24.6,27.1,1.3,1.3,5.48,23.8,22.87,88,50,Kediri,-7.8167,111.9667
2020-09-27,32.2,24.4,27.2,0.2,0.2,5.87,23.6,23.41,84,48,Kediri,-7.8167,111.9667
2020-09-28,30.6,23.9,26.6,3.2,3.2,5.29,25.0,22.83,89,55,Kediri,-7.8167,111.9667
2020-09-29,29.2,23.8,25.7,0.9,0.9,4.63,25.7,21.58,88,64,Kediri,-7.8167,111.9667
2020-09-30,30.4,23.8,26.4,2.4,2.4,4.94,20.2,22.4,88,56,Kediri,-7.8167,111.9667
2020-10-01,33.4,24.3,27.5,0.4,0.4,5.75,22.7,24.75,91,45,Kediri,-7.8167,111.9667
2020-10-02,33.1,25.1,27.7,0.4,0.4,5.66,23.7,23.47,87,47,Kediri,-7.8167,111.9667
2020-10-03,30.6,24.1,26.4,1.7,1.7,4.83,25.8,21.65,92,58,Kediri,-7.8167,111.9667
2020-10-04,29.1,23.6,25.4,6.2,6.2,4.36,26.3,21.36,94,65,Kediri,-7.8167,111.9667
2020-10-05,28.1,23.1,24.9,3.3,3.3,3.65,25.2,16.78,92,64,Kediri,-7.8167,111.9667
2020-10-06,28.9,23.0,25.4,3.1,3.1,4.54,26.3,20.2,92,61,Kediri,-7.8167,111.9667
2020-10-07,30.3,23.6,26.0,0.1,0.1,4.62,25.0,18.35,88,53,Kediri,-7.8167,111.9667
2020-10-08,29.0,23.2,25.5,2.1,2.1,4.51,25.1,20.12,92,63,Kediri,-7.8167,111.9667
2020-10-09,32.3,23.2,26.8,0.9,0.9,5.63,22.1,23.98,90,47,Kediri,-7.8167,111.9667
2020-10-10,28.7,24.3,25.6,43.4,43.4,3.42,22.8,16.49,93,72,Kediri,-7.8167,111.9667
2020-10-11,30.8,24.1,26.7,5.4,5.4,4.8,17.9,22.56,94,59,Kediri,-7.8167,111.9667
2020-10-12,30.5,24.0,26.4,3.0,3.0,4.16,17.9,18.05,95,57,Kediri,-7.8167,111.9667
2020-10-13,30.6,24.5,26.6,0.3,0.3,5.04,21.7,22.1,88,59,Kediri,-7.8167,111.9667
2020-10-14,31.0,24.1,26.9,0.6,0.6,5.25,21.8,23.91,94,61,Kediri,-7.8167,111.9667
2020-10-15,30.1,24.0,26.5,1.3,1.3,4.69,22.0,21.93,92,66,Kediri,-7.8167,111.9667
2020-10-16,29.9,23.7,26.2,0.8,0.8,4.27,23.6,19.51,94,66,Kediri,-7.8167,111.9667
2020-10-17,31.3,23.5,26.4,0.0,0.0,5.12,22.4,22.61,92,52,Kediri,-7.8167,111.9667
2020-10-18,29.7,23.7,26.0,1.8,1.8,3.91,17.7,17.2,89,59,Kediri,-7.8167,111.9667
2020-10-19,28.8,24.2,25.6,12.5,12.5,3.08,19.0,13.65,95,67,Kediri,-7.8167,111.9667
2020-10-20,31.2,23.7,26.4,6.0,6.0,3.93,12.4,18.3,94,56,Kediri,-7.8167,111.9667
2020-10-21,31.3,23.6,26.4,5.0,5.0,3.92,15.6,18.39,96,57,Kediri,-7.8167,111.9667
2020-10-22,32.0,23.8,26.9,2.0,2.0,4.88,17.3,22.74,91,54,Kediri,-7.8167,111.9667
2020-10-23,30.2,23.5,26.2,3.8,3.8,4.25,19.1,20.0,96,62,Kediri,-7.8167,111.9667
2020-10-24,30.7,23.9,26.8,1.5,1.5,4.67,18.7,21.41,89,60,Kediri,-7.8167,111.9667
2020-10-25,30.4,24.2,26.6,10.5,10.5,4.44,19.4,21.52,97,66,Kediri,-7.8167,111.9667
2020-10-26,29.6,23.8,26.2,6.4,6.4,3.96,17.5,19.59,98,72,Kediri,-7.8167,111.9667
2020-10-27,27.3,23.8,24.8,89.3,89.3,2.09,15.8,10.23,98,79,Kediri,-7.8167,111.9667
2020-10-28,29.7,23.5,25.9,1.0,1.0,4.72,20.5,24.02,92,69,Kediri,-7.8167,111.9667
2020-10-29,29.8,23.4,26.2,1.0,1.0,4.48,15.9,22.88,88,67,Kediri,-7.8167,111.9667
2020-10-30,30.5,23.9,26.4,5.1,5.1,4.07,14.2,19.71,94,64,Kediri,-7.8167,111.9667
2020-10-31,28.2,24.0,25.4,30.7,30.7,2.89,11.9,14.31,94,77,Kediri,-7.8167,111.9667
2020-11-01,27.7,23.1,24.9,67.4,67.4,2.34,15.5,11.84,100,76,Kediri,-7.8167,111.9667
2020-11-02,28.9,23.6,25.8,31.9,31.9,3.35,20.3,16.46,96,73,Kediri,-7.8167,111.9667
2020-11-03,29.1,23.6,25.6,7.4,7.4,3.61,8.0,18.17,99,73,Kediri,-7.8167,111.9667
2020-11-04,30.5,22.8,26.5,0.6,0.6,4.9,16.2,23.62,92,64,Kediri,-7.8167,111.9667
2020-11-05,30.3,24.6,26.8,0.9,0.9,4.64,13.8,22.5,92,66,Kediri,-7.8167,111.9667
2020-11-06,30.7,24.5,27.0,0.1,0.1,4.95,15.2,24.14,94,62,Kediri,-7.8167,111.9667
2020-11-07,30.7,24.3,27.0,0.0,0.0,5.22,18.4,25.42,98,62,Kediri,-7.8167,111.9667
2020-11-08,30.4,23.9,26.6,1.4,1.4,4.84,14.7,23.84,96,63,Kediri,-7.8167,111.9667
2020-11-09,30.2,23.5,26.5,0.6,0.6,4.8,20.6,23.8,94,69,Kediri,-7.8167,111.9667
2020-11-10,30.0,24.2,26.5,1.8,1.8,5.03,20.7,23.9,92,67,Kediri,-7.8167,111.9667
2020-11-11,30.1,24.4,26.4,7.0,7.0,4.45,19.1,21.96,88,72,Kediri,-7.8167,111.9667
2020-11-12,31.7,24.0,27.6,0.9,0.9,4.95,13.8,23.34,94,58,Kediri,-7.8167,111.9667
2020-11-13,31.0,24.5,27.2,1.5,1.5,4.71,17.4,22.72,90,64,Kediri,-7.8167,111.9667
2020-11-14,30.6,25.0,27.3,0.5,0.5,4.69,16.5,22.69,89,72,Kediri,-7.8167,111.9667
2020-11-15,29.2,24.5,26.4,1.6,1.6,3.61,16.0,17.29,91,72,Kediri,-7.8167,111.9667
2020-11-16,30.5,24.9,27.2,1.6,1.6,4.72,19.0,22.47,92,68,Kediri,-7.8167,111.9667
2020-11-17,30.5,24.5,26.8,2.3,2.3,4.91,20.7,22.6,91,63,Kediri,-7.8167,111.9667
2020-11-18,30.3,24.5,26.9,0.1,0.1,4.75,20.2,22.71,90,68,Kediri,-7.8167,111.9667
2020-11-19,31.1,24.7,27.1,2.0,2.0,4.61,16.7,21.7,94,65,Kediri,-7.8167,111.9667
2020-11-20,29.5,24.0,26.1,12.1,12.1,2.83,13.7,13.37,96,69,Kediri,-7.8167,111.9667
2020-11-21,30.8,23.8,26.8,0.6,0.6,4.07,11.9,18.93,96,64,Kediri,-7.8167,111.9667
2020-11-22,28.6,23.9,25.9,3.6,3.6,2.85,15.9,13.71,96,74,Kediri,-7.8167,111.9667
2020-11-23,29.1,23.9,25.8,3.1,3.1,2.83,15.8,13.58,97,73,Kediri,-7.8167,111.9667
2020-11-24,28.5,24.1,25.8,2.4,2.4,2.94,22.8,13.81,97,72,Kediri,-7.8167,111.9667
2020-11-25,29.9,23.9,26.3,1.9,1.9,3.7,18.4,16.95,98,63,Kediri,-7.8167,111.9667
2020-11-26,30.1,23.9,26.3,5.0,5.0,3.9,10.8,18.47,100,60,Kediri,-7.8167,111.9667
2020-11-27,28.1,23.7,25.6,12.7,12.7,2.18,14.5,10.17,97,75,Kediri,-7.8167,111.9667
2020-11-28,29.1,23.8,25.9,6.0,6.0,2.83,11.3,13.64,99,71,Kediri,-7.8167,111.9667
2020-11-29,27.0,24.1,25.0,44.9,44.9,1.87,7.6,8.9,99,82,Kediri,-7.8167,111.9667
2020-11-30,25.8,23.2,24.3,13.3,13.3,1.18,13.2,5.53,99,87,Kediri,-7.8167,111.9667
2020-12-01,30.1,22.7,26.3,1.4,1.4,4.66,15.7,22.82,93,61,Kediri,-7.8167,111.9667
2020-12-02,29.0,23.3,25.6,14.5,14.5,2.68,8.5,12.97,97,73,Kediri,-7.8167,111.9667
2020-12-03,29.2,23.8,25.4,47.7,47.7,2.9,10.8,14.58,99,77,Kediri,-7.8167,111.9667
2020-12-04,29.0,23.7,25.6,10.2,10.2,2.69,16.6,12.95,99,72,Kediri,-7.8167,111.9667
2020-12-05,27.9,23.2,25.0,45.5,45.5,2.55,8.4,12.57,100,82,Kediri,-7.8167,111.9667
2020-12-06,28.9,23.8,25.4,10.6,10.6,2.51,21.0,12.3,100,72,Kediri,-7.8167,111.9667
2020-12-07,26.0,23.4,24.6,22.2,22.2,1.28,16.9,6.75,99,92,Kediri,-7.8167,111.9667
2020-12-08,31.3,23.7,26.5,15.9,15.9,4.43,16.7,21.14,99,60,Kediri,-7.8167,111.9667
2020-12-09,29.0,23.6,25.8,7.1,7.1,2.98,18.4,14.1,100,71,Kediri,-7.8167,111.9667
2020-12-10,28.9,23.5,25.4,43.7,43.7,2.58,11.8,13.02,100,79,Kediri,-7.8167,111.9667
2020-12-11,29.0,23.6,25.5,46.5,46.5,2.87,10.0,13.94,100,73,Kediri,-7.8167,111.9667
2020-12-12,26.2,23.4,24.6,79.2,79.2,1.85,10.1,9.21,99,86,Kediri,-7.8167,111.9667
2020-12-13,27.9,23.1,24.8,82.5,82.5,2.38,9.1,11.85,99,78,Kediri,-7.8167,111.9667
2020-12-14,27.0,23.5,24.7,27.9,27.9,1.85,12.0,9.03,99,86,Kediri,-7.8167,111.9667
2020-12-15,27.4,23.3,24.8,14.3,14.3,2.03,16.0,10.11,98,79,Kediri,-7.8167,111.9667
2020-12-16,28.1,22.8,24.9,11.7,11.7,2.55,16.6,12.84,98,77,Kediri,-7.8167,111.9667
2020-12-17,27.9,23.2,25.0,28.3,28.3,2.34,12.7,11.63,99,81,Kediri,-7.8167,111.9667
2020-12-18,27.7,23.0,25.0,23.0,23.0,2.79,9.3,13.77,99,80,Kediri,-7.8167,111.9667
2020-12-19,28.2,22.9,25.0,8.7,8.7,2.56,15.0,12.46,99,71,Kediri,-7.8167,111.9667
2020-12-20,29.3,22.7,25.4,0.2,0.2,3.33,14.8,15.78,98,62,Kediri,-7.8167,111.9667
2020-12-21,30.1,21.5,25.7,0.6,0.6,4.47,14.9,21.66,96,63,Kediri,-7.8167,111.9667
2020-12-22,31.2,23.1,26.3,0.9,0.9,4.48,15.1,21.42,95,59,Kediri,-7.8167,111.9667
2020-12-23,29.2,23.8,26.2,0.0,0.0,4.59,21.4,23.03,95,70,Kediri,-7.8167,111.9667
2020-12-24,30.0,22.7,26.1,0.7,0.7,4.19,15.5,20.01,93,64,Kediri,-7.8167,111.9667
2020-12-25,29.4,22.7,25.6,34.4,34.4,3.65,12.4,18.43,96,74,Kediri,-7.8167,111.9667
2020-12-26,28.5,23.9,25.8,6.7,6.7,3.43,8.5,17.01,97,65,Kediri,-7.8167,111.9667
2020-12-27,27.7,24.0,25.7,17.2,17.2,2.91,13.9,14.59,99,82,Kediri,-7.8167,111.9667
2020-12-28,28.1,23.8,25.6,40.6,40.6,3.1,10.3,15.65,99,79,Kediri,-7.8167,111.9667
2020-12-29,27.6,23.4,25.0,41.3,41.3,2.45,8.5,12.05,99,79,Kediri,-7.8167,111.9667
2020-12-30,27.8,23.5,25.1,36.4,36.4,2.53,17.2,12.84,99,79,Kediri,-7.8167,111.9667
2020-12-31,26.8,23.1,24.6,40.5,40.5,2.13,8.4,10.65,98,84,Kediri,-7.8167,111.9667
2021-01-01,27.5,23.4,25.2,12.8,12.8,2.84,8.9,14.13,99,79,Kediri,-7.8167,111.9667
2021-01-02,27.5,23.9,25.3,29.5,29.5,2.73,11.2,13.46,99,78,Kediri,-7.8167,111.9667
2021-01-03,29.3,23.5,25.6,19.5,19.5,2.92,10.5,14.21,97,76,Kediri,-7.8167,111.9667
2021-01-04,26.9,23.3,25.2,28.1,28.1,2.18,9.3,10.59,98,81,Kediri,-7.8167,111.9667
2021-01-05,27.2,23.4,24.7,61.7,61.7,2.18,10.1,10.99,99,86,Kediri,-7.8167,111.9667
2021-01-06,26.8,23.5,25.1,31.4,31.4,2.45,8.4,12.3,100,82,Kediri,-7.8167,111.9667
2021-01-07,27.6,23.4,25.1,47.8,47.8,2.29,9.7,11.34,99,83,Kediri,-7.8167,111.9667
2021-01-08,27.9,24.0,25.5,4.9,4.9,2.25,13.5,10.89,97,80,Kediri,-7.8167,111.9667
2021-01-09,27.9,23.9,25.5,10.4,10.4,2.88,19.6,14.72,99,78,Kediri,-7.8167,111.9667
2021-01-10,25.6,23.7,24.6,37.2,37.2,1.05,6.6,4.95,99,92,Kediri,-7.8167,111.9667
2021-01-11,29.0,23.9,25.6,13.5,13.5,3.36,12.4,17.17,99,72,Kediri,-7.8167,111.9667
2021-01-12,28.7,23.7,25.7,14.8,14.8,3.38,6.9,16.69,99,76,Kediri,-7.8167,111.9667
2021-01-13,27.7,24.0,25.3,11.8,11.8,1.79,15.3,8.99,99,84,Kediri,-7.8167,111.9667
2021-01-14,29.3,23.7,25.9,0.5,0.5,3.42,17.3,16.06,99,66,Kediri,-7.8167,111.9667
2021-01-15,28.5,23.5,25.6,2.1,2.1,2.95,17.4,14.28,96,71,Kediri,-7.8167,111.9667
2021-01-16,26.7,23.3,24.8,13.4,13.4,1.23,11.3,5.66,99,86,Kediri,-7.8167,111.9667
2021-01-17,27.1,23.0,24.7,66.2,66.2,2.37,6.7,11.73,100,81,Kediri,-7.8167,111.9667
2021-01-18,27.3,22.9,24.7,69.2,69.2,2.54,12.3,13.05,100,82,Kediri,-7.8167,111.9667
2021-01-19,28.1,23.5,25.1,35.4,35.4,2.41,11.3,11.48,100,74,Kediri,-7.8167,111.9667
2021-01-20,27.3,22.7,25.0,1.0,1.0,2.29,7.9,11.26,100,77,Kediri,-7.8167,111.9667
2021-01-21,28.8,23.6,25.6,8.7,8.7,3.03,8.2,15.17,99,76,Kediri,-7.8167,111.9667
2021-01-22,29.3,23.1,25.7,21.1,21.1,3.23,11.9,16.03,100,73,Kediri,-7.8167,111.9667
2021-01-23,27.5,23.3,25.4,5.0,5.0,2.68,10.8,13.11,97,76,Kediri,-7.8167,111.9667
2021-01-24,27.2,23.1,25.1,5.4,5.4,2.65,7.2,13.22,98,80,Kediri,-7.8167,111.9667
2021-01-25,28.1,22.8,24.8,26.5,26.5,2.64,9.7,13.0,100,78,Kediri,-7.8167,111.9667
2021-01-26,28.8,21.8,25.0,24.5,24.5,3.21,13.1,16.25,99,72,Kediri,-7.8167,111.9667
2021-01-27,26.7,23.2,24.3,29.8,29.8,1.66,11.1,8.34,99,82,Kediri,-7.8167,111.9667
2021-01-28,26.9,22.4,24.6,43.7,43.7,2.69,10.8,13.94,98,84,Kediri,-7.8167,111.9667
2021-01-29,26.7,23.3,24.7,36.6,36.6,1.95,10.0,9.6,99,83,Kediri,-7.8167,111.9667
2021-01-30,27.6,23.0,24.7,16.1,16.1,2.04,11.3,9.64,100,77,Kediri,-7.8167,111.9667
2021-01-31,28.1,22.5,24.7,47.6,47.6,3.15,10.2,16.26,100,83,Kediri,-7.8167,111.9667
2021-02-01,28.5,22.7,25.2,58.7,58.7,3.44,10.2,17.6,100,76,Kediri,-7.8167,111.9667
2021-02-02,27.9,23.4,25.0,78.5,78.5,2.62,9.2,13.22,99,84,Kediri,-7.8167,111.9667
2021-02-03,27.7,23.3,24.7,98.4,98.4,2.44,13.0,12.51,100,83,Kediri,-7.8167,111.9667
2021-02-04,28.8,23.3,25.3,8.3,8.3,2.52,10.3,12.09,100,73,Kediri,-7.8167,111.9667
2021-02-05,27.4,24.0,25.1,31.4,31.4,2.34,12.3,11.64,100,85,Kediri,-7.8167,111.9667
2021-02-06,28.1,23.2,25.2,15.2,15.2,2.43,15.3,11.92,99,75,Kediri,-7.8167,111.9667
2021-02-07,29.1,24.0,26.0,1.4,1.4,3.44,18.3,16.46,92,68,Kediri,-7.8167,111.9667
2021-02-08,27.8,24.0,25.4,10.2,10.2,2.16,16.5,9.9,99,77,Kediri,-7.8167,111.9667
2021-02-09,28.5,23.5,25.2,48.8,48.8,2.8,9.3,14.26,99,82,Kediri,-7.8167,111.9667
2021-02-10,25.7,23.5,24.2,34.5,34.5,1.19,7.2,5.62,99,89,Kediri,-7.8167,111.9667
2021-02-11,28.1,23.0,25.2,22.3,22.3,2.89,10.2,14.71,100,82,Kediri,-7.8167,111.9667
2021-02-12,27.2,23.7,25.0,75.9,75.9,2.55,8.5,12.93,99,83,Kediri,-7.8167,111.9667
2021-02-13,26.9,22.8,24.9,59.6,59.6,2.78,6.8,14.03,100,84,Kediri,-7.8167,111.9667
2021-02-14,27.7,22.9,24.9,21.8,21.8,3.13,8.3,15.86,99,79,Kediri,-7.8167,111.9667
2021-02-15,28.7,22.7,25.3,56.1,56.1,3.85,12.7,20.05,100,78,Kediri,-7.8167,111.9667
2021-02-16,28.6,23.2,25.4,42.0,42.0,3.44,10.0,17.87,100,79,Kediri,-7.8167,111.9667
2021-02-17,27.1,23.2,24.8,36.5,36.5,2.5,8.9,12.6,99,84,Kediri,-7.8167,111.9667
2021-02-18,28.8,21.6,24.9,70.7,70.7,3.83,10.6,19.83,99,75,Kediri,-7.8167,111.9667
2021-02-19,27.8,23.3,25.0,32.1,32.1,2.7,14.2,13.4,99,77,Kediri,-7.8167,111.9667
2021-02-20,28.3,22.4,25.0,36.7,36.7,2.95,10.8,14.76,100,73,Kediri,-7.8167,111.9667
2021-02-21,27.8,22.7,25.2,49.2,49.2,3.4,9.8,17.42,100,80,Kediri,-7.8167,111.9667
2021-02-22,28.2,23.1,25.4,20.5,20.5,3.01,11.6,15.27,99,76,Kediri,-7.8167,111.9667
2021-02-23,28.0,23.3,25.3,14.8,14.8,3.3,11.9,16.76,99,77,Kediri,-7.8167,111.9667
2021-02-24,27.8,23.4,24.9,74.5,74.5,2.06,12.1,10.22,99,81,Kediri,-7.8167,111.9667
2021-02-25,28.4,23.1,25.1,7.3,7.3,3.19,21.1,16.87,99,75,Kediri,-7.8167,111.9667
2021-02-26,29.1,23.5,25.6,37.2,37.2,3.33,13.9,16.4,97,70,Kediri,-7.8167,111.9667
2021-02-27,29.0,23.9,25.4,17.1,17.1,2.73,13.4,13.65,98,72,Kediri,-7.8167,111.9667
2021-02-28,28.7,23.5,25.3,1.8,1.8,2.47,15.5,11.15,97,72,Kediri,-7.8167,111.9667
2021-03-01,29.3,22.7,25.5,15.6,15.6,3.52,10.5,17.23,97,68,Kediri,-7.8167,111.9667
2021-03-02,29.1,23.2,25.4,27.8,27.8,3.73,15.1,19.57,100,79,Kediri,-7.8167,111.9667
2021-03-03,29.9,23.4,25.9,8.0,8.0,3.76,14.8,18.6,98,64,Kediri,-7.8167,111.9667
2021-03-04,28.1,22.6,25.4,32.8,32.8,3.19,9.8,16.03,97,77,Kediri,-7.8167,111.9667
2021-03-05,28.9,23.4,25.8,4.8,4.8,3.44,10.3,16.83,96,70,Kediri,-7.8167,111.9667
2021-03-06,27.2,23.2,24.9,48.8,48.8,2.8,9.3,14.53,100,84,Kediri,-7.8167,111.9667
2021-03-07,28.1,23.5,24.6,73.0,73.0,2.46,9.8,12.64,99,83,Kediri,-7.8167,111.9667
2021-03-08,27.5,22.7,24.9,48.8,48.8,3.16,9.3,16.38,100,80,Kediri,-7.8167,111.9667
2021-03-09,26.9,22.7,24.6,45.5,45.5,2.09,9.4,10.41,100,80,Kediri,-7.8167,111.9667
2021-03-10,28.5,23.2,25.3,7.7,7.7,3.0,17.3,15.14,98,73,Kediri,-7.8167,111.9667
2021-03-11,28.0,22.9,25.0,22.8,22.8,2.9,7.9,14.61,100,79,Kediri,-7.8167,111.9667
2021-03-12,28.4,22.1,25.2,48.7,48.7,3.35,9.1,16.9,97,74,Kediri,-7.8167,111.9667
2021-03-13,28.4,23.2,25.2,41.5,41.5,3.01,10.5,15.36,99,79,Kediri,-7.8167,111.9667
2021-03-14,27.8,23.3,25.1,43.5,43.5,3.27,6.6,16.5,98,78,Kediri,-7.8167,111.9667
2021-03-15,28.4,22.9,25.3,19.6,19.6,3.62,10.7,18.32,99,73,Kediri,-7.8167,111.9667
2021-03-16,29.0,22.9,25.5,7.1,7.1,3.77,7.6,19.31,97,74,Kediri,-7.8167,111.9667
2021-03-17,29.5,22.5,25.7,2.2,2.2,4.32,15.5,22.55,97,71,Kediri,-7.8167,111.9667
2021-03-18,29.3,23.4,25.8,62.4,62.4,3.98,7.8,19.86,97,74,Kediri,-7.8167,111.9667
2021-03-19,28.5,23.0,25.6,33.9,33.9,3.83,11.0,19.83,99,79,Kediri,-7.8167,111.9667
2021-03-20,27.7,23.0,25.2,28.4,28.4,2.94,9.7,14.94,99,82,Kediri,-7.8167,111.9667
2021-03-21,28.9,23.8,25.8,58.9,58.9,3.45,8.9,17.69,97,79,Kediri,-7.8167,111.9667
2021-03-22,27.3,24.1,25.7,40.6,40.6,2.86,7.2,14.44,97,82,Kediri,-7.8167,111.9667
2021-03-23,28.3,23.6,25.6,58.1,58.1,3.23,8.5,16.13,98,76,Kediri,-7.8167,111.9667
2021-03-24,29.4,23.6,26.1,13.4,13.4,4.09,10.7,20.6,98,73,Kediri,-7.8167,111.9667
2021-03-25,29.2,24.2,26.1,15.7,15.7,3.77,7.0,18.68,98,74,Kediri,-7.8167,111.9667
2021-03-26,28.8,24.1,26.0,23.2,23.2,3.43,10.5,17.22,99,78,Kediri,-7.8167,111.9667
2021-03-27,29.2,24.0,25.8,44.6,44.6,3.3,9.7,16.45,99,76,Kediri,-7.8167,111.9667
2021-03-28,29.4,23.4,26.2,2.1,2.1,4.17,18.4,21.53,98,73,Kediri,-7.8167,111.9667
2021-03-29,29.4,24.6,26.4,7.0,7.0,3.85,13.8,18.64,96,76,Kediri,-7.8167,111.9667
2021-03-30,28.4,24.1,25.8,7.2,7.2,3.07,9.2,15.35,99,76,Kediri,-7.8167,111.9667
2021-03-31,29.1,24.2,26.1,1.4,1.4,3.54,16.1,17.57,98,74,Kediri,-7.8167,111.9667
2021-04-01,29.0,23.2,25.7,48.6,48.6,3.58,10.6,17.85,96,78,Kediri,-7.8167,111.9667
2021-04-02,28.2,24.1,25.8,31.4,31.4,1.94,15.9,9.06,98,77,Kediri,-7.8167,111.9667
2021-04-03,30.8,23.9,26.5,4.6,4.6,4.2,9.0,20.92,97,60,Kediri,-7.8167,111.9667
2021-04-04,29.3,24.2,26.1,34.9,34.9,3.16,12.2,15.6,98,77,Kediri,-7.8167,111.9667
2021-04-05,29.5,23.9,26.8,11.0,11.0,3.64,8.3,17.79,100,72,Kediri,-7.8167,111.9667
2021-04-06,28.3,24.5,26.0,43.1,43.1,2.74,10.1,13.81,96,83,Kediri,-7.8167,111.9667
2021-04-07,28.7,23.2,25.2,43.3,43.3,2.42,12.8,12.46,100,81,Kediri,-7.8167,111.9667
2021-04-08,30.1,23.3,25.9,8.1,8.1,3.24,12.4,16.34,100,71,Kediri,-7.8167,111.9667
2021-04-09,29.9,23.6,26.3,32.9,32.9,3.95,11.7,19.92,97,74,Kediri,-7.8167,111.9667
2021-04-10,28.8,24.3,26.2,16.5,16.5,3.56,9.2,18.11,96,76,Kediri,-7.8167,111.9667
2021-04-11,30.0,23.5,26.2,10.5,10.5,3.86,11.3,19.52,95,70,Kediri,-7.8167,111.9667
2021-04-12,30.2,23.2,26.4,1.6,1.6,3.94,16.9,19.6,94,68,Kediri,-7.8167,111.9667
2021-04-13,28.8,23.0,25.5,6.2,6.2,3.55,15.5,18.56,98,77,Kediri,-7.8167,111.9667
2021-04-14,29.8,22.9,25.5,2.9,2.9,4.1,9.4,20.69,96,69,Kediri,-7.8167,111.9667
2021-04-15,29.7,22.8,25.7,4.9,4.9,4.23,12.8,21.78,95,67,Kediri,-7.8167,111.9667
2021-04-16,30.0,22.9,26.3,0.0,0.0,4.69,17.8,22.75,93,65,Kediri,-7.8167,111.9667
2021-04-17,29.3,24.5,26.4,1.9,1.9,4.31,16.5,21.06,87,69,Kediri,-7.8167,111.9667
2021-04-18,28.9,23.4,25.8,5.8,5.8,3.67,13.8,18.34,93,70,Kediri,-7.8167,111.9667
2021-04-19,29.8,23.9,26.2,0.0,0.0,4.84,17.9,23.1,89,64,Kediri,-7.8167,111.9667
2021-04-20,29.6,23.5,25.9,0.0,0.0,5.24,18.6,24.84,88,56,Kediri,-7.8167,111.9667
2021-04-21,29.0,22.6,25.5,0.0,0.0,4.76,17.6,22.49,86,64,Kediri,-7.8167,111.9667
2021-04-22,29.2,23.5,25.8,0.0,0.0,4.97,17.0,23.03,86,63,Kediri,-7.8167,111.9667
2021-04-23,28.5,22.7,25.6,0.9,0.9,4.27,16.3,20.57,85,66,Kediri,-7.8167,111.9667
2021-04-24,29.5,21.9,25.7,0.0,0.0,4.55,15.5,21.9,84,63,Kediri,-7.8167,111.9667
2021-04-25,30.4,22.9,26.2,3.8,3.8,4.34,13.2,20.93,91,58,Kediri,-7.8167,111.9667
2021-04-26,30.4,22.9,26.4,0.6,0.6,4.95,14.8,23.58,94,59,Kediri,-7.8167,111.9667
2021-04-27,30.0,24.5,26.4,0.6,0.6,4.71,18.4,21.68,87,63,Kediri,-7.8167,111.9667
2021-04-28,28.5,23.7,25.7,2.0,2.0,3.72,16.6,18.52,87,74,Kediri,-7.8167,111.9667
2021-04-29,29.4,23.6,25.9,4.2,4.2,3.58,7.3,17.79,93,73,Kediri,-7.8167,111.9667
2021-04-30,29.5,23.8,26.1,5.4,5.4,3.6,13.1,18.24,96,71,Kediri,-7.8167,111.9667
2021-05-01,30.6,24.8,26.7,2.5,2.5,4.2,11.8,20.79,93,64,Kediri,-7.8167,111.9667
2021-05-02,30.9,23.2,26.7,2.1,2.1,4.25,8.5,20.82,90,64,Kediri,-7.8167,111.9667
2021-05-03,31.0,23.9,27.0,0.3,0.3,4.39,14.1,21.34,88,57,Kediri,-7.8167,111.9667
2021-05-04,30.4,23.9,26.7,3.4,3.4,4.2,13.0,20.12,98,66,Kediri,-7.8167,111.9667
2021-05-05,30.9,24.1,27.2,0.4,0.4,4.31,15.6,20.35,91,63,Kediri,-7.8167,111.9667
2021-05-06,30.5,24.5,27.1,0.5,0.5,4.02,14.2,18.4,91,64,Kediri,-7.8167,111.9667
2021-05-07,30.0,24.7,26.6,4.3,4.3,3.52,15.5,17.01,90,69,Kediri,-7.8167,111.9667
2021-05-08,30.3,23.9,26.3,0.0,0.0,4.51,18.4,20.92,94,58,Kediri,-7.8167,111.9667
2021-05-09,30.2,22.7,26.1,0.2,0.2,4.66,17.8,21.79,88,53,Kediri,-7.8167,111.9667
2021-05-10,31.5,24.2,26.9,0.4,0.4,4.67,19.2,21.03,88,54,Kediri,-7.8167,111.9667
2021-05-11,31.6,24.8,27.2,0.7,0.7,4.64,20.6,20.77,89,58,Kediri,-7.8167,111.9667
2021-05-12,30.8,24.5,26.9,0.1,0.1,4.58,20.3,20.52,88,61,Kediri,-7.8167,111.9667
2021-05-13,31.6,24.8,27.5,0.3,0.3,5.13,17.2,21.81,82,52,Kediri,-7.8167,111.9667
2021-05-14,31.8,24.8,27.5,1.7,1.7,4.7,18.7,19.54,87,53,Kediri,-7.8167,111.9667
2021-05-15,31.1,25.1,27.4,0.6,0.6,4.72,20.4,19.52,84,57,Kediri,-7.8167,111.9667
2021-05-16,31.5,25.0,27.1,0.1,0.1,4.53,18.9,18.27,86,52,Kediri,-7.8167,111.9667
2021-05-17,30.6,24.6,26.8,1.7,1.7,4.21,19.5,18.47,86,59,Kediri,-7.8167,111.9667
2021-05-18,30.7,24.5,27.0,2.4,2.4,4.25,18.0,18.2,86,58,Kediri,-7.8167,111.9667
2021-05-19,30.5,24.7,26.8,2.8,2.8,3.77,13.0,16.84,93,61,Kediri,-7.8167,111.9667
2021-05-20,30.0,24.3,26.6,1.1,1.1,3.79,17.4,16.2,91,62,Kediri,-7.8167,111.9667
2021-05-21,30.9,25.2,27.3,0.1,0.1,4.56,16.1,18.99,86,59,Kediri,-7.8167,111.9667
2021-05-22,31.4,24.6,27.1,0.0,0.0,4.52,18.0,19.98,89,55,Kediri,-7.8167,111.9667
2021-05-23,30.8,24.5,26.6,5.5,5.5,3.5,8.4,16.84,94,61,Kediri,-7.8167,111.9667
2021-05-24,29.7,23.9,26.2,2.1,2.1,3.27,15.7,15.84,99,72,Kediri,-7.8167,111.9667
2021-05-25,28.7,24.7,26.2,6.2,6.2,2.61,11.6,12.03,92,72,Kediri,-7.8167,111.9667
2021-05-26,31.1,23.4,27.0,0.4,0.4,4.27,8.9,20.58,92,56,Kediri,-7.8167,111.9667
2021-05-27,31.6,24.1,27.4,0.0,0.0,4.32,11.8,20.53,89,56,Kediri,-7.8167,111.9667
2021-05-28,30.7,24.6,26.9,3.4,3.4,3.71,10.3,17.81,95,60,Kediri,-7.8167,111.9667
2021-05-29,30.2,24.5,26.8,1.0,1.0,3.61,11.3,17.01,92,65,Kediri,-7.8167,111.9667
2021-05-30,30.0,24.4,26.6,0.9,0.9,3.62,16.5,17.11,94,65,Kediri,-7.8167,111.9667
2021-05-31,30.1,24.4,26.4,3.1,3.1,3.34,14.9,15.53,94,63,Kediri,-7.8167,111.9667
2021-06-01,31.1,23.7,26.6,0.2,0.2,3.9,16.6,17.84,93,58,Kediri,-7.8167,111.9667
2021-06-02,31.9,23.5,27.4,0.5,0.5,4.22,9.5,19.79,94,54,Kediri,-7.8167,111.9667
2021-06-03,32.5,23.7,27.7,0.0,0.0,4.52,6.9,21.57,93,46,Kediri,-7.8167,111.9667
2021-06-04,32.3,24.3,27.6,0.0,0.0,4.4,15.5,19.94,89,52,Kediri,-7.8167,111.9667
2021-06-05,32.7,24.2,27.7,0.3,0.3,4.32,12.2,19.65,92,50,Kediri,-7.8167,111.9667
2021-06-06,32.0,24.4,27.4,0.2,0.2,4.19,18.0,18.42,93,52,Kediri,-7.8167,111.9667
2021-06-07,31.5,23.8,27.0,0.0,0.0,4.48,19.1,19.74,96,55,Kediri,-7.8167,111.9667
2021-06-08,31.8,23.7,27.1,0.2,0.2,4.59,15.5,20.11,89,49,Kediri,-7.8167,111.9667
2021-06-09,31.6,24.5,27.2,1.0,1.0,4.13,13.0,18.05,87,55,Kediri,-7.8167,111.9667
2021-06-10,30.6,24.5,27.0,0.7,0.7,3.83,17.1,16.92,87,58,Kediri,-7.8167,111.9667
2021-06-11,30.7,24.0,26.8,1.5,1.5,3.83,17.8,17.43,89,60,Kediri,-7.8167,111.9667
2021-06-12,31.1,23.7,26.6,3.0,3.0,3.7,14.2,17.4,94,57,Kediri,-7.8167,111.9667
2021-06-13,31.1,23.5,27.0,0.3,0.3,4.08,13.7,18.47,91,55,Kediri,-7.8167,111.9667
2021-06-14,31.2,23.1,26.3,1.3,1.3,3.55,13.8,16.88,95,55,Kediri,-7.8167,111.9667
2021-06-15,31.4,23.5,26.3,6.4,6.4,3.66,10.0,17.57,94,55,Kediri,-7.8167,111.9667
2021-06-16,31.2,23.1,26.1,6.0,6.0,3.67,14.2,17.56,96,61,Kediri,-7.8167,111.9667
2021-06-17,28.7,23.1,25.5,3.2,3.2,2.68,12.7,12.77,99,67,Kediri,-7.8167,111.9667
2021-06-18,29.0,23.6,25.8,1.0,1.0,3.19,15.1,15.73,96,68,Kediri,-7.8167,111.9667
2021-06-19,29.8,23.2,25.4,9.9,9.9,3.04,11.2,15.15,98,67,Kediri,-7.8167,111.9667
2021-06-20,30.0,22.7,25.8,2.4,2.4,3.75,15.6,18.41,99,60,Kediri,-7.8167,111.9667
2021-06-21,29.0,22.8,25.1,7.3,7.3,3.08,9.8,15.54,98,66,Kediri,-7.8167,111.9667
2021-06-22,29.9,22.8,25.5,2.9,2.9,3.55,17.2,17.44,99,63,Kediri,-7.8167,111.9667
2021-06-23,28.8,23.9,25.5,1.1,1.1,3.03,13.5,14.84,93,70,Kediri,-7.8167,111.9667
2021-06-24,29.8,23.3,25.4,5.9,5.9,2.7,14.1,12.77,98,60,Kediri,-7.8167,111.9667
2021-06-25,29.6,23.0,25.8,0.3,0.3,3.32,10.3,15.96,97,62,Kediri,-7.8167,111.9667
2021-06-26,30.3,23.7,26.3,2.4,2.4,3.47,9.8,16.86,92,62,Kediri,-7.8167,111.9667
2021-06-27,31.1,23.1,26.6,1.5,1.5,4.02,12.2,19.17,95,57,Kediri,-7.8167,111.9667
2021-06-28,30.0,23.5,25.7,9.5,9.5,2.85,12.6,14.03,95,61,Kediri,-7.8167,111.9667
2021-06-29,30.4,23.0,26.3,0.7,0.7,3.82,14.4,18.11,94,61,Kediri,-7.8167,111.9667
2021-06-30,30.6,24.1,26.7,1.0,1.0,4.09,17.3,18.37,89,55,Kediri,-7.8167,111.9667
2021-07-01,30.9,24.3,26.8,0.0,0.0,4.62,18.9,19.5,87,53,Kediri,-7.8167,111.9667
2021-07-02,30.5,23.8,26.5,0.2,0.2,4.47,14.7,19.8,88,54,Kediri,-7.8167,111.9667
2021-07-03,29.5,23.5,25.8,1.3,1.3,4.02,20.6,18.49,94,60,Kediri,-7.8167,111.9667
2021-07-04,29.2,23.3,26.0,0.4,0.4,4.2,21.1,18.53,88,60,Kediri,-7.8167,111.9667
2021-07-05,29.8,23.1,25.8,0.0,0.0,4.92,22.0,20.8,90,52,Kediri,-7.8167,111.9667
2021-07-06,29.2,21.9,25.0,0.0,0.0,4.91,19.1,21.03,84,48,Kediri,-7.8167,111.9667
2021-07-07,30.3,21.5,25.4,0.0,0.0,4.62,22.3,20.59,90,49,Kediri,-7.8167,111.9667
2021-07-08,30.8,24.5,26.7,0.0,0.0,4.14,16.6,16.47,86,54,Kediri,-7.8167,111.9667
2021-07-09,31.5,23.3,26.6,1.1,1.1,4.02,15.5,18.7,87,50,Kediri,-7.8167,111.9667
2021-07-10,30.6,23.8,26.5,3.1,3.1,3.52,11.0,16.74,91,58,Kediri,-7.8167,111.9667
2021-07-11,32.2,23.6,27.6,0.0,0.0,4.08,7.9,19.14,91,43,Kediri,-7.8167,111.9667
2021-07-12,31.6,23.7,26.8,0.3,0.3,4.42,16.9,20.0,91,48,Kediri,-7.8167,111.9667
2021-07-13,30.9,23.6,26.3,0.3,0.3,4.53,22.4,19.61,93,51,Kediri,-7.8167,111.9667
2021-07-14,30.6,23.5,25.9,0.1,0.1,4.6,21.9,19.2,92,48,Kediri,-7.8167,111.9667
2021-07-15,30.0,22.8,25.7,0.7,0.7,4.71,23.4,18.91,90,48,Kediri,-7.8167,111.9667
2021-07-16,29.4,23.4,25.5,0.0,0.0,4.08,19.5,15.86,84,54,Kediri,-7.8167,111.9667
2021-07-17,30.7,23.6,26.0,0.6,0.6,4.51,22.1,18.78,84,52,Kediri,-7.8167,111.9667
2021-07-18,30.9,23.8,26.1,0.0,0.0,4.44,23.9,18.35,87,51,Kediri,-7.8167,111.9667
2021-07-19,31.7,23.7,26.6,0.1,0.1,4.5,19.1,19.72,88,51,Kediri,-7.8167,111.9667
2021-07-20,32.6,23.6,27.2,0.0,0.0,4.72,18.6,21.13,89,45,Kediri,-7.8167,111.9667
2021-07-21,31.3,24.0,26.8,0.1,0.1,4.71,21.4,19.41,91,52,Kediri,-7.8167,111.9667
2021-07-22,31.3,23.5,26.5,0.0,0.0,4.31,17.8,17.29,87,45,Kediri,-7.8167,111.9667
2021-07-23,30.2,24.0,26.1,1.2,1.2,4.3,23.6,19.1,90,58,Kediri,-7.8167,111.9667
2021-07-24,31.4,23.5,26.1,0.0,0.0,5.18,21.7,21.92,87,46,Kediri,-7.8167,111.9667
2021-07-25,30.5,22.6,25.7,0.0,0.0,5.21,23.7,21.88,91,51,Kediri,-7.8167,111.9667
2021-07-26,31.6,21.4,25.9,0.0,0.0,5.08,17.4,22.53,88,42,Kediri,-7.8167,111.9667
2021-07-27,31.5,22.6,25.9,0.0,0.0,5.1,19.4,21.88,88,45,Kediri,-7.8167,111.9667
2021-07-28,30.4,22.6,25.6,0.0,0.0,4.65,22.4,20.04,93,50,Kediri,-7.8167,111.9667
2021-07-29,31.3,23.1,26.0,0.0,0.0,4.63,22.3,19.72,90,48,Kediri,-7.8167,111.9667
2021-07-30,29.9,23.7,25.9,1.4,1.4,4.16,21.5,19.03,92,60,Kediri,-7.8167,111.9667
2021-07-31,31.0,23.2,25.8,1.3,1.3,4.3,22.1,18.71,93,56,Kediri,-7.8167,111.9667
2021-08-01,28.5,23.3,25.3,2.5,2.5,3.94,23.1,17.83,89,65,Kediri,-7.8167,111.9667
2021-08-02,28.5,23.2,25.1,2.3,2.3,3.86,22.4,18.36,92,65,Kediri,-7.8167,111.9667
2021-08-03,28.6,23.1,25.4,3.2,3.2,3.57,23.5,17.3,94,69,Kediri,-7.8167,111.9667
2021-08-04,29.3,24.1,25.9,1.8,1.8,3.79,22.2,17.95,91,66,Kediri,-7.8167,111.9667
2021-08-05,32.2,23.9,26.7,0.6,0.6,4.53,20.6,20.04,91,45,Kediri,-7.8167,111.9667
2021-08-06,33.6,23.6,27.9,0.0,0.0,4.92,11.6,21.95,86,38,Kediri,-7.8167,111.9667
2021-08-07,33.6,23.1,27.7,1.3,1.3,4.88,12.4,21.68,93,42,Kediri,-7.8167,111.9667
2021-08-08,32.6,23.9,27.2,0.9,0.9,4.84,19.6,21.57,88,50,Kediri,-7.8167,111.9667
2021-08-09,31.8,23.6,26.6,2.9,2.9,4.35,16.8,19.7,92,51,Kediri,-7.8167,111.9667
2021-08-10,30.8,23.7,26.1,0.0,0.0,4.74,23.3,20.64,89,54,Kediri,-7.8167,111.9667
2021-08-11,30.8,22.7,25.7,0.0,0.0,5.13,23.7,20.8,86,45,Kediri,-7.8167,111.9667
2021-08-12,29.6,23.7,25.7,2.7,2.7,4.46,24.5,19.08,87,64,Kediri,-7.8167,111.9667
2021-08-13,30.7,24.1,26.1,2.9,2.9,4.31,21.7,18.24,87,55,Kediri,-7.8167,111.9667
2021-08-14,30.5,23.6,26.2,1.0,1.0,4.48,22.3,19.82,91,57,Kediri,-7.8167,111.9667
2021-08-15,32.1,23.9,26.9,0.1,0.1,4.96,17.6,21.07,89,49,Kediri,-7.8167,111.9667
2021-08-16,30.9,23.8,26.4,0.7,0.7,5.04,20.3,20.85,90,51,Kediri,-7.8167,111.9667
2021-08-17,31.5,24.1,26.5,0.1,0.1,5.2,22.3,21.57,86,49,Kediri,-7.8167,111.9667
2021-08-18,29.9,24.1,26.1,2.2,2.2,4.4,20.3,18.85,89,57,Kediri,-7.8167,111.9667
2021-08-19,30.1,23.4,25.6,2.3,2.3,4.86,24.4,20.7,91,51,Kediri,-7.8167,111.9667
2021-08-20,29.8,23.1,25.5,1.1,1.1,4.33,23.4,19.29,90,58,Kediri,-7.8167,111.9667
2021-08-21,29.6,23.5,25.8,1.2,1.2,4.34,22.8,19.6,89,62,Kediri,-7.8167,111.9667
2021-08-22,30.3,23.1,25.8,0.8,0.8,4.55,22.2,20.31,91,57,Kediri,-7.8167,111.9667
2021-08-23,31.2,23.2,25.8,0.0,0.0,5.16,23.5,22.48,90,46,Kediri,-7.8167,111.9667
2021-08-24,30.0,23.1,25.5,0.0,0.0,4.94,26.0,21.73,92,52,Kediri,-7.8167,111.9667
2021-08-25,29.8,22.5,25.3,0.0,0.0,4.73,25.9,20.57,95,55,Kediri,-7.8167,111.9667
2021-08-26,30.7,22.3,25.3,0.0,0.0,5.33,26.2,22.8,91,46,Kediri,-7.8167,111.9667
2021-08-27,29.7,22.4,25.2,0.0,0.0,4.89,26.9,21.57,88,55,Kediri,-7.8167,111.9667
2021-08-28,30.5,22.9,25.8,1.1,1.1,4.78,23.0,20.89,89,55,Kediri,-7.8167,111.9667
2021-08-29,31.4,23.5,26.2,1.3,1.3,5.04,25.2,21.95,91,52,Kediri,-7.8167,111.9667
2021-08-30,31.6,23.6,26.2,1.7,1.7,4.74,23.9,20.36,90,50,Kediri,-7.8167,111.9667
2021-08-31,30.8,23.6,26.2,0.6,0.6,4.8,22.9,20.68,86,58,Kediri,-7.8167,111.9667
2021-09-01,31.5,23.3,26.0,0.1,0.1,5.43,26.3,23.28,94,48,Kediri,-7.8167,111.9667
2021-09-02,30.6,22.7,25.3,0.0,0.0,5.1,25.6,21.64,89,47,Kediri,-7.8167,111.9667
2021-09-03,29.8,22.6,25.2,0.0,0.0,4.93,25.9,21.54,92,53,Kediri,-7.8167,111.9667
2021-09-04,29.5,22.7,25.4,0.4,0.4,4.91,26.4,21.56,90,57,Kediri,-7.8167,111.9667
2021-09-05,28.6,23.4,25.7,0.3,0.3,3.93,23.1,14.59,86,63,Kediri,-7.8167,111.9667
2021-09-06,32.7,24.2,27.1,0.6,0.6,5.55,18.9,22.62,88,47,Kediri,-7.8167,111.9667
2021-09-07,30.3,23.7,26.2,2.5,2.5,4.48,24.2,20.13,94,58,Kediri,-7.8167,111.9667
2021-09-08,31.5,23.6,26.3,1.9,1.9,5.4,24.4,22.79,88,48,Kediri,-7.8167,111.9667
2021-09-09,31.4,23.3,26.2,0.2,0.2,5.62,26.3,22.81,86,46,Kediri,-7.8167,111.9667
2021-09-10,32.0,24.0,26.7,0.7,0.7,5.44,24.2,23.26,88,49,Kediri,-7.8167,111.9667
2021-09-11,31.8,24.4,26.6,3.8,3.8,4.79,22.0,20.7,89,54,Kediri,-7.8167,111.9667
2021-09-12,29.1,23.5,25.7,2.8,2.8,3.41,17.7,15.62,92,67,Kediri,-7.8167,111.9667
2021-09-13,31.1,23.7,27.1,3.2,3.2,4.32,16.0,19.05,91,52,Kediri,-7.8167,111.9667
2021-09-14,32.4,23.5,26.2,31.2,31.2,4.02,10.2,19.08,98,50,Kediri,-7.8167,111.9667
2021-09-15,31.1,22.7,26.1,49.9,49.9,4.66,13.3,22.6,98,60,Kediri,-7.8167,111.9667
2021-09-16,30.8,23.8,26.2,1.8,1.8,4.82,18.9,22.98,95,59,Kediri,-7.8167,111.9667
2021-09-17,30.5,24.2,26.3,0.7,0.7,4.72,22.4,21.58,89,60,Kediri,-7.8167,111.9667
2021-09-18,30.3,24.3,26.3,2.6,2.6,4.89,21.0,21.87,87,61,Kediri,-7.8167,111.9667
2021-09-19,29.0,23.6,25.6,3.0,3.0,4.6,24.4,21.21,90,61,Kediri,-7.8167,111.9667
2021-09-20,29.6,23.2,25.7,0.0,0.0,5.0,23.4,22.94,89,59,Kediri,-7.8167,111.9667
2021-09-21,29.9,24.3,26.0,1.5,1.5,4.35,19.4,19.55,85,61,Kediri,-7.8167,111.9667
2021-09-22,31.4,23.0,26.8,1.3,1.3,5.08,17.0,23.49,90,48,Kediri,-7.8167,111.9667
2021-09-23,31.5,24.3,27.0,1.0,1.0,5.14,17.9,22.25,86,52,Kediri,-7.8167,111.9667
2021-09-24,31.6,24.7,26.5,6.0,6.0,4.33,13.8,19.41,88,54,Kediri,-7.8167,111.9667
2021-09-25,31.9,23.6,26.5,2.5,2.5,4.92,20.8,22.67,92,52,Kediri,-7.8167,111.9667
2021-09-26,29.9,23.8,25.9,31.6,31.6,4.33,20.0,19.99,92,62,Kediri,-7.8167,111.9667
2021-09-27,29.6,23.2,25.6,0.5,0.5,4.92,22.0,22.89,89,60,Kediri,-7.8167,111.9667
2021-09-28,28.9,23.0,25.1,0.2,0.2,4.83,25.7,22.54,90,62,Kediri,-7.8167,111.9667
2021-09-29,29.7,23.4,25.9,0.0,0.0,4.86,23.1,22.47,90,62,Kediri,-7.8167,111.9667
2021-09-30,30.3,23.4,26.0,0.2,0.2,4.81,24.7,23.54,97,63,Kediri,-7.8167,111.9667
2021-10-01,30.5,23.3,25.9,0.4,0.4,4.81,24.2,22.82,96,61,Kediri,-7.8167,111.9667
2021-10-02,31.4,22.7,25.7,0.2,0.2,4.7,20.9,21.63,95,52,Kediri,-7.8167,111.9667
2021-10-03,30.4,22.8,25.7,0.4,0.4,4.77,24.5,22.11,95,56,Kediri,-7.8167,111.9667
2021-10-04,29.2,23.0,25.3,3.7,3.7,4.12,23.7,19.09,93,63,Kediri,-7.8167,111.9667
2021-10-05,28.7,23.2,25.2,0.6,0.6,4.42,26.3,19.63,88,63,Kediri,-7.8167,111.9667
2021-10-06,29.2,22.8,25.1,0.0,0.0,4.74,28.8,20.4,90,56,Kediri,-7.8167,111.9667
2021-10-07,29.4,22.3,25.3,0.1,0.1,5.01,24.1,22.25,87,57,Kediri,-7.8167,111.9667
2021-10-08,30.8,22.8,25.7,0.0,0.0,4.96,25.6,22.67,94,54,Kediri,-7.8167,111.9667
2021-10-09,30.1,22.9,25.7,0.2,0.2,4.84,27.3,22.45,95,58,Kediri,-7.8167,111.9667
2021-10-10,31.2,23.3,26.3,0.0,0.0,5.08,25.7,23.11,94,57,Kediri,-7.8167,111.9667
2021-10-11,31.2,22.9,26.1,0.0,0.0,5.2,27.7,23.41,97,54,Kediri,-7.8167,111.9667
2021-10-12,32.2,22.9,26.4,0.0,0.0,5.87,25.1,25.29,90,46,Kediri,-7.8167,111.9667
2021-10-13,31.6,22.7,26.4,0.0,0.0,6.01,26.0,25.22,87,49,Kediri,-7.8167,111.9667
2021-10-14,32.0,23.2,26.6,0.0,0.0,5.56,24.2,23.31,87,49,Kediri,-7.8167,111.9667
2021-10-15,32.5,22.8,26.9,0.0,0.0,5.76,22.0,24.87,87,50,Kediri,-7.8167,111.9667
2021-10-16,32.3,24.1,27.2,0.3,0.3,5.56,23.5,23.94,92,52,Kediri,-7.8167,111.9667
2021-10-17,32.2,24.5,27.2,1.2,1.2,4.99,20.9,21.99,89,56,Kediri,-7.8167,111.9667
2021-10-18,34.2,24.3,27.0,10.9,10.9,4.28,17.9,19.35,98,46,Kediri,-7.8167,111.9667
2021-10-19,31.2,23.9,26.8,2.7,2.7,4.74,21.3,21.43,97,62,Kediri,-7.8167,111.9667
2021-10-20,31.0,24.5,27.0,2.2,2.2,4.93,19.6,22.27,89,61,Kediri,-7.8167,111.9667
2021-10-21,31.7,25.0,27.1,2.2,2.2,5.23,21.4,23.89,88,57,Kediri,-7.8167,111.9667
2021-10-22,30.7,24.3,26.7,0.2,0.2,4.89,22.0,23.45,91,64,Kediri,-7.8167,111.9667
2021-10-23,32.9,24.2,27.4,1.0,1.0,5.64,21.3,24.84,92,51,Kediri,-7.8167,111.9667
2021-10-24,32.6,24.3,27.5,0.6,0.6,5.47,21.6,23.59,89,55,Kediri,-7.8167,111.9667
2021-10-25,32.3,24.5,27.2,1.3,1.3,5.41,23.8,23.21,88,55,Kediri,-7.8167,111.9667
2021-10-26,32.3,23.8,27.0,1.0,1.0,5.38,21.1,23.52,86,54,Kediri,-7.8167,111.9667
2021-10-27,31.8,24.5,26.5,9.4,9.4,3.9,17.3,17.51,91,59,Kediri,-7.8167,111.9667
2021-10-28,31.2,24.2,26.6,2.0,2.0,3.95,19.5,18.84,95,66,Kediri,-7.8167,111.9667
2021-10-29,30.6,24.0,26.5,1.8,1.8,4.35,21.7,20.6,94,65,Kediri,-7.8167,111.9667
2021-10-30,30.8,24.1,26.3,5.8,5.8,4.2,20.5,20.33,93,62,Kediri,-7.8167,111.9667
2021-10-31,30.5,23.6,26.0,19.8,19.8,3.77,15.2,18.17,98,63,Kediri,-7.8167,111.9667
2021-11-01,30.6,23.1,25.7,8.0,8.0,3.86,10.6,18.8,98,65,Kediri,-7.8167,111.9667
2021-11-02,28.6,23.9,25.6,10.2,10.2,3.51,18.5,17.67,96,74,Kediri,-7.8167,111.9667
2021-11-03,31.2,23.9,26.7,2.8,2.8,4.92,15.0,23.52,91,61,Kediri,-7.8167,111.9667
2021-11-04,30.0,23.9,26.2,8.0,8.0,3.94,19.8,19.5,93,68,Kediri,-7.8167,111.9667
2021-11-05,30.7,23.6,26.1,9.8,9.8,3.72,18.7,18.1,96,63,Kediri,-7.8167,111.9667
2021-11-06,31.3,24.3,26.8,8.7,8.7,4.78,12.4,23.26,92,60,Kediri,-7.8167,111.9667
2021-11-07,32.7,23.3,26.6,13.4,13.4,5.0,13.0,24.24,96,56,Kediri,-7.8167,111.9667
2021-11-08,30.8,23.0,26.1,11.3,11.3,3.79,14.1,18.56,99,68,Kediri,-7.8167,111.9667
2021-11-09,30.7,23.6,26.4,11.7,11.7,4.07,12.4,20.3,95,68,Kediri,-7.8167,111.9667
2021-11-10,28.5,23.3,25.7,11.6,11.6,3.73,24.1,19.24,97,76,Kediri,-7.8167,111.9667
2021-11-11,28.2,23.8,25.4,4.9,4.9,2.98,21.6,14.66,96,73,Kediri,-7.8167,111.9667
2021-11-12,28.6,23.7,25.6,5.9,5.9,2.9,17.9,13.69,96,73,Kediri,-7.8167,111.9667
2021-11-13,28.8,23.8,25.8,13.6,13.6,3.09,19.9,15.29,96,75,Kediri,-7.8167,111.9667
2021-11-14,27.5,22.8,25.2,15.4,15.4,2.35,14.8,11.73,99,81,Kediri,-7.8167,111.9667
2021-11-15,28.2,23.0,25.1,11.0,11.0,2.8,12.3,13.71,96,75,Kediri,-7.8167,111.9667
2021-11-16,29.1,22.9,25.4,3.6,3.6,3.57,11.0,17.75,95,71,Kediri,-7.8167,111.9667
2021-11-17,29.2,23.6,25.9,10.8,10.8,3.5,10.1,17.38,95,72,Kediri,-7.8167,111.9667
2021-11-18,30.2,23.0,25.9,7.6,7.6,4.4,13.3,21.99,99,69,Kediri,-7.8167,111.9667
2021-11-19,30.5,22.8,25.7,4.7,4.7,4.39,9.9,21.67,97,61,Kediri,-7.8167,111.9667
2021-11-20,27.3,22.9,24.9,30.3,30.3,1.83,12.2,8.74,99,78,Kediri,-7.8167,111.9667
2021-11-21,29.8,23.2,26.0,23.9,23.9,3.64,7.9,18.31,98,74,Kediri,-7.8167,111.9667
2021-11-22,30.1,23.1,26.0,13.7,13.7,3.62,12.9,17.91,96,71,Kediri,-7.8167,111.9667
2021-11-23,28.5,23.5,25.0,53.1,53.1,2.41,9.5,11.8,99,77,Kediri,-7.8167,111.9667
2021-11-24,29.1,23.4,25.7,15.4,15.4,3.1,13.0,15.2,99,71,Kediri,-7.8167,111.9667
2021-11-25,28.6,22.9,25.7,11.9,11.9,3.38,16.6,16.93,94,77,Kediri,-7.8167,111.9667
2021-11-26,29.2,23.7,25.7,5.6,5.6,3.46,22.1,18.08,95,74,Kediri,-7.8167,111.9667
2021-11-27,29.0,23.3,25.8,16.0,16.0,3.67,19.8,18.38,94,73,Kediri,-7.8167,111.9667
2021-11-28,27.0,23.2,24.9,9.3,9.3,2.06,19.1,7.81,92,62,Kediri,-7.8167,111.9667
2021-11-29,28.7,21.8,25.1,8.9,8.9,3.78,17.9,18.71,87,68,Kediri,-7.8167,111.9667
2021-11-30,29.4,23.4,25.6,7.7,7.7,3.91,17.9,19.93,91,73,Kediri,-7.8167,111.9667
2021-12-01,28.5,22.9,24.9,31.2,31.2,2.47,11.9,12.47,99,78,Kediri,-7.8167,111.9667
2021-12-02,30.5,23.1,26.3,4.0,4.0,3.96,15.0,19.09,99,68,Kediri,-7.8167,111.9667
2021-12-03,27.8,23.3,25.1,9.0,9.0,2.44,12.3,12.12,100,77,Kediri,-7.8167,111.9667
2021-12-04,26.3,23.4,24.4,56.7,56.7,1.92,8.6,9.65,100,86,Kediri,-7.8167,111.9667
2021-12-05,26.8,23.0,24.3,30.9,30.9,1.87,10.2,9.4,99,81,Kediri,-7.8167,111.9667
2021-12-06,28.4,23.6,25.2,26.2,26.2,2.2,14.5,10.67,97,79,Kediri,-7.8167,111.9667
2021-12-07,29.0,23.6,25.7,12.2,12.2,3.19,11.1,15.9,98,80,Kediri,-7.8167,111.9667
2021-12-08,30.4,23.3,26.1,4.4,4.4,3.95,15.9,19.55,100,71,Kediri,-7.8167,111.9667
2021-12-09,30.1,23.6,26.3,5.4,5.4,3.48,17.3,16.92,98,69,Kediri,-7.8167,111.9667
2021-12-10,30.3,23.5,26.3,5.9,5.9,4.13,12.4,20.25,99,68,Kediri,-7.8167,111.9667
2021-12-11,29.8,23.1,25.9,5.1,5.1,3.67,15.6,18.19,99,69,Kediri,-7.8167,111.9667
2021-12-12,30.9,23.4,26.2,1.8,1.8,4.37,17.3,21.43,98,62,Kediri,-7.8167,111.9667
2021-12-13,31.5,23.2,26.8,0.2,0.2,5.05,19.8,23.72,97,60,Kediri,-7.8167,111.9667
2021-12-14,29.8,23.5,26.4,4.1,4.1,3.99,20.5,19.54,96,70,Kediri,-7.8167,111.9667
2021-12-15,28.5,24.1,25.8,12.0,12.0,2.91,17.5,14.23,96,74,Kediri,-7.8167,111.9667
2021-12-16,29.4,24.1,25.8,14.1,14.1,3.03,14.0,15.05,99,75,Kediri,-7.8167,111.9667
2021-12-17,30.0,23.5,25.8,8.1,8.1,3.69,10.2,18.25,100,74,Kediri,-7.8167,111.9667
2021-12-18,29.5,23.1,26.0,3.4,3.4,3.51,14.6,17.6,98,72,Kediri,-7.8167,111.9667
2021-12-19,30.3,24.2,26.3,10.0,10.0,4.12,13.1,20.42,98,68,Kediri,-7.8167,111.9667
2021-12-20,28.3,23.4,25.1,8.4,8.4,2.57,12.3,12.6,98,75,Kediri,-7.8167,111.9667
2021-12-21,28.3,23.9,25.6,7.3,7.3,2.92,20.7,15.55,94,79,Kediri,-7.8167,111.9667
2021-12-22,31.4,23.5,26.9,1.5,1.5,4.88,13.6,23.72,95,62,Kediri,-7.8167,111.9667
2021-12-23,29.7,23.4,25.8,10.1,10.1,3.54,10.2,17.54,98,73,Kediri,-7.8167,111.9667
2021-12-24,28.9,22.9,25.6,17.2,17.2,3.13,9.5,15.33,98,76,Kediri,-7.8167,111.9667
2021-12-25,28.5,23.5,25.8,12.2,12.2,2.87,7.5,14.19,94,78,Kediri,-7.8167,111.9667
2021-12-26,29.8,23.6,26.5,4.0,4.0,3.43,13.0,16.5,94,69,Kediri,-7.8167,111.9667
2021-12-27,30.3,23.6,26.0,0.7,0.7,3.53,12.1,17.03,98,65,Kediri,-7.8167,111.9667
2021-12-28,30.1,23.1,26.1,9.4,9.4,4.23,9.7,20.92,97,65,Kediri,-7.8167,111.9667
2021-12-29,28.6,23.3,25.8,1.8,1.8,2.8,10.8,13.55,99,73,Kediri,-7.8167,111.9667
2021-12-30,27.8,23.3,25.3,29.5,29.5,2.68,13.2,13.63,98,79,Kediri,-7.8167,111.9667
2021-12-31,28.8,22.9,25.3,24.8,24.8,2.82,8.4,14.37,99,80,Kediri,-7.8167,111.9667
2022-01-01,29.2,23.1,25.1,27.9,27.9,3.28,11.7,16.66,96,77,Kediri,-7.8167,111.9667
2022-01-02,28.4,22.6,25.2,8.3,8.3,2.95,12.8,14.83,98,81,Kediri,-7.8167,111.9667
2022-01-03,29.7,22.9,26.0,0.0,0.0,4.81,21.6,22.82,97,62,Kediri,-7.8167,111.9667
2022-01-04,29.3,23.1,25.8,2.6,2.6,4.47,17.6,22.1,91,67,Kediri,-7.8167,111.9667
2022-01-05,29.8,22.7,26.2,0.8,0.8,4.69,15.5,22.62,86,63,Kediri,-7.8167,111.9667
2022-01-06,29.3,22.7,26.2,2.2,2.2,4.69,15.2,23.14,88,66,Kediri,-7.8167,111.9667
2022-01-07,31.1,22.4,26.5,0.1,0.1,4.69,17.3,21.25,88,53,Kediri,-7.8167,111.9667
2022-01-08,29.4,23.2,26.2,7.2,7.2,4.23,11.6,20.67,91,67,Kediri,-7.8167,111.9667
2022-01-09,28.8,23.1,25.1,24.1,24.1,2.74,14.2,13.78,98,75,Kediri,-7.8167,111.9667
2022-01-10,29.0,22.9,25.1,45.4,45.4,3.4,10.6,17.21,98,75,Kediri,-7.8167,111.9667
2022-01-11,28.3,23.0,24.6,60.9,60.9,2.76,9.7,14.05,100,83,Kediri,-7.8167,111.9667
2022-01-12,29.2,22.6,24.9,2.8,2.8,2.55,16.6,12.46,100,69,Kediri,-7.8167,111.9667
2022-01-13,27.8,22.9,24.6,74.7,74.7,2.6,8.8,13.04,100,78,Kediri,-7.8167,111.9667
2022-01-14,29.4,22.7,25.6,62.3,62.3,3.83,9.6,19.16,98,72,Kediri,-7.8167,111.9667
2022-01-15,28.1,22.8,25.0,32.3,32.3,2.94,11.6,14.99,100,75,Kediri,-7.8167,111.9667
2022-01-16,28.1,22.8,24.7,41.7,41.7,2.46,10.8,12.38,100,79,Kediri,-7.8167,111.9667
2022-01-17,28.1,23.2,24.7,17.0,17.0,2.77,10.1,14.36,100,77,Kediri,-7.8167,111.9667
2022-01-18,27.4,22.7,24.3,54.0,54.0,2.8,10.0,14.47,99,81,Kediri,-7.8167,111.9667
2022-01-19,27.2,22.1,24.0,41.5,41.5,2.77,10.4,14.3,100,78,Kediri,-7.8167,111.9667
2022-01-20,25.8,22.1,23.3,32.0,32.0,1.59,10.1,7.87,99,90,Kediri,-7.8167,111.9667
2022-01-21,27.5,23.1,24.8,21.9,21.9,2.52,10.1,12.45,99,80,Kediri,-7.8167,111.9667
2022-01-22,27.9,23.0,24.8,45.0,45.0,2.81,11.7,14.38,100,78,Kediri,-7.8167,111.9667
2022-01-23,28.6,22.8,25.3,27.9,27.9,2.85,8.7,14.29,99,80,Kediri,-7.8167,111.9667
2022-01-24,30.9,23.3,26.6,2.6,2.6,5.04,11.4,25.09,99,64,Kediri,-7.8167,111.9667
2022-01-25,30.0,22.2,25.7,53.5,53.5,4.29,12.3,21.77,97,71,Kediri,-7.8167,111.9667
2022-01-26,29.5,23.4,25.8,33.5,33.5,3.8,11.2,19.01,99,76,Kediri,-7.8167,111.9667
2022-01-27,28.3,23.1,25.0,28.1,28.1,2.9,9.5,14.54,100,76,Kediri,-7.8167,111.9667
2022-01-28,27.3,23.3,25.1,57.3,57.3,2.58,9.5,13.02,98,83,Kediri,-7.8167,111.9667
2022-01-29,27.5,23.1,24.8,59.4,59.4,2.41,7.6,12.07,100,82,Kediri,-7.8167,111.9667
2022-01-30,28.6,23.8,25.6,18.8,18.8,3.05,7.9,14.78,97,77,Kediri,-7.8167,111.9667
2022-01-31,28.7,23.7,25.4,32.7,32.7,3.52,11.9,17.86,98,76,Kediri,-7.8167,111.9667
2022-02-01,28.8,23.0,25.0,55.7,55.7,2.93,11.4,14.68,99,79,Kediri,-7.8167,111.9667
2022-02-02,30.5,23.0,25.5,11.8,11.8,4.15,16.3,21.3,99,66,Kediri,-7.8167,111.9667
2022-02-03,29.4,22.8,25.8,9.7,9.7,4.23,9.4,21.11,96,72,Kediri,-7.8167,111.9667
2022-02-04,28.5,23.1,25.3,46.5,46.5,2.9,9.4,14.39,98,78,Kediri,-7.8167,111.9667
2022-02-05,27.2,23.1,24.5,51.2,51.2,2.41,12.0,12.23,100,82,Kediri,-7.8167,111.9667
2022-02-06,28.4,22.8,25.1,42.3,42.3,3.13,10.8,16.53,98,82,Kediri,-7.8167,111.9667
2022-02-07,28.8,23.5,25.4,1.9,1.9,3.18,23.8,16.88,98,77,Kediri,-7.8167,111.9667
2022-02-08,28.9,22.8,25.2,16.2,16.2,2.65,19.5,13.52,99,72,Kediri,-7.8167,111.9667
2022-02-09,28.5,23.0,25.0,49.4,49.4,2.8,7.5,14.03,99,81,Kediri,-7.8167,111.9667
2022-02-10,28.5,23.0,24.9,32.5,32.5,2.84,12.4,14.2,100,73,Kediri,-7.8167,111.9667
2022-02-11,28.1,23.3,25.1,8.4,8.4,2.8,12.7,14.01,100,80,Kediri,-7.8167,111.9667
2022-02-12,28.9,23.2,24.9,34.0,34.0,2.65,14.0,13.45,99,77,Kediri,-7.8167,111.9667
2022-02-13,29.5,22.7,25.0,13.4,13.4,3.52,18.7,17.95,98,69,Kediri,-7.8167,111.9667
2022-02-14,27.3,23.2,25.1,6.5,6.5,2.69,17.8,12.88,98,79,Kediri,-7.8167,111.9667
2022-02-15,27.2,23.2,24.6,8.7,8.7,2.17,20.2,10.9,94,78,Kediri,-7.8167,111.9667
2022-02-16,29.6,23.5,25.3,5.1,5.1,4.13,14.3,21.38,97,68,Kediri,-7.8167,111.9667
2022-02-17,28.7,22.5,25.1,11.4,11.4,3.28,17.3,17.16,97,77,Kediri,-7.8167,111.9667
2022-02-18,27.9,23.0,24.8,22.8,22.8,3.18,17.6,17.17,99,77,Kediri,-7.8167,111.9667
2022-02-19,29.3,23.3,25.7,32.7,32.7,4.07,7.2,20.28,97,70,Kediri,-7.8167,111.9667
2022-02-20,28.5,23.3,25.2,20.5,20.5,2.45,11.7,12.29,98,81,Kediri,-7.8167,111.9667
2022-02-21,30.1,22.8,25.4,1.9,1.9,3.39,19.8,17.2,98,68,Kediri,-7.8167,111.9667
2022-02-22,28.3,22.5,25.2,9.8,9.8,3.38,15.4,16.98,98,73,Kediri,-7.8167,111.9667
2022-02-23,30.3,21.6,25.8,0.2,0.2,4.33,12.3,21.38,95,64,Kediri,-7.8167,111.9667
2022-02-24,28.2,23.1,25.1,14.8,14.8,3.65,11.5,18.8,97,78,Kediri,-7.8167,111.9667
2022-02-25,29.5,22.9,25.1,44.6,44.6,3.96,10.7,20.31,98,72,Kediri,-7.8167,111.9667
2022-02-26,27.7,22.8,24.7,79.0,79.0,3.05,9.9,15.62,99,77,Kediri,-7.8167,111.9667
2022-02-27,28.9,23.1,25.2,45.6,45.6,3.63,14.0,19.2,100,78,Kediri,-7.8167,111.9667
2022-02-28,28.4,23.2,25.1,24.2,24.2,3.26,20.2,17.24,100,76,Kediri,-7.8167,111.9667
2022-03-01,29.1,23.2,25.3,13.1,13.1,3.48,15.7,17.79,100,69,Kediri,-7.8167,111.9667
2022-03-02,28.8,23.3,24.9,75.8,75.8,3.3,12.2,17.43,100,81,Kediri,-7.8167,111.9667
2022-03-03,27.7,23.0,25.0,40.6,40.6,2.95,9.4,15.08,100,82,Kediri,-7.8167,111.9667
2022-03-04,28.2,23.5,25.5,30.9,30.9,3.05,10.9,15.54,95,80,Kediri,-7.8167,111.9667
2022-03-05,29.6,23.5,26.0,7.0,7.0,3.75,18.4,18.89,95,69,Kediri,-7.8167,111.9667
2022-03-06,29.7,23.8,26.2,2.0,2.0,4.28,23.8,21.21,92,70,Kediri,-7.8167,111.9667
2022-03-07,29.0,23.4,25.4,16.4,16.4,3.52,17.3,17.85,99,73,Kediri,-7.8167,111.9667
2022-03-08,29.5,23.2,25.4,5.2,5.2,3.54,18.1,18.11,96,77,Kediri,-7.8167,111.9667
2022-03-09,28.2,23.0,25.4,17.4,17.4,2.95,12.6,14.84,98,79,Kediri,-7.8167,111.9667
2022-03-10,28.5,23.5,25.3,39.1,39.1,2.56,12.2,12.56,99,79,Kediri,-7.8167,111.9667
2022-03-11,29.9,23.5,25.6,21.3,21.3,3.82,15.1,19.86,98,74,Kediri,-7.8167,111.9667
2022-03-12,28.7,23.3,25.3,28.9,28.9,3.0,17.6,15.97,100,77,Kediri,-7.8167,111.9667
2022-03-13,29.9,23.0,25.7,3.6,3.6,3.51,8.6,17.6,98,75,Kediri,-7.8167,111.9667
2022-03-14,30.0,23.8,26.1,16.7,16.7,3.7,17.7,18.93,97,69,Kediri,-7.8167,111.9667
2022-03-15,30.0,23.4,25.5,6.0,6.0,3.72,9.2,18.75,98,69,Kediri,-7.8167,111.9667
2022-03-16,28.8,23.3,25.5,12.7,12.7,3.13,15.5,16.19,98,77,Kediri,-7.8167,111.9667
2022-03-17,30.9,23.5,26.6,2.6,2.6,4.74,12.8,23.45,95,64,Kediri,-7.8167,111.9667
2022-03-18,30.4,23.7,26.4,8.8,8.8,4.38,13.1,21.95,97,71,Kediri,-7.8167,111.9667
2022-03-19,30.2,23.6,25.7,12.4,12.4,3.53,19.2,18.22,99,75,Kediri,-7.8167,111.9667
2022-03-20,28.6,23.4,25.3,65.1,65.1,2.73,10.5,13.47,98,76,Kediri,-7.8167,111.9667
2022-03-21,28.1,23.0,24.9,70.2,70.2,2.79,9.7,14.07,100,81,Kediri,-7.8167,111.9667
2022-03-22,27.8,23.7,25.3,18.1,18.1,3.09,18.7,16.8,99,80,Kediri,-7.8167,111.9667
2022-03-23,30.8,22.4,25.4,5.3,5.3,3.92,11.5,19.93,99,67,Kediri,-7.8167,111.9667
2022-03-24,30.7,22.4,25.7,9.2,9.2,4.11,14.4,20.62,99,67,Kediri,-7.8167,111.9667
2022-03-25,29.1,22.9,26.1,13.9,13.9,3.47,7.8,17.03,97,72,Kediri,-7.8167,111.9667
2022-03-26,28.9,23.9,25.8,61.2,61.2,3.49,8.0,17.07,99,74,Kediri,-7.8167,111.9667
2022-03-27,27.4,23.4,25.1,43.7,43.7,2.56,12.0,13.07,98,81,Kediri,-7.8167,111.9667
2022-03-28,30.5,22.6,25.7,19.5,19.5,3.79,16.1,19.08,99,68,Kediri,-7.8167,111.9667
2022-03-29,29.9,23.1,26.2,16.9,16.9,4.41,9.5,22.08,96,67,Kediri,-7.8167,111.9667
2022-03-30,29.2,23.3,26.1,9.9,9.9,3.67,8.3,18.29,97,77,Kediri,-7.8167,111.9667
2022-03-31,29.5,22.9,26.0,13.7,13.7,3.59,14.8,18.23,96,76,Kediri,-7.8167,111.9667
2022-04-01,28.2,22.9,25.6,22.9,22.9,3.08,13.4,15.64,95,78,Kediri,-7.8167,111.9667
2022-04-02,29.2,23.5,25.9,2.0,2.0,3.47,10.6,16.75,90,67,Kediri,-7.8167,111.9667
2022-04-03,29.9,23.2,25.8,7.5,7.5,3.74,14.1,18.76,93,70,Kediri,-7.8167,111.9667
2022-04-04,29.3,22.5,25.2,11.0,11.0,3.79,18.8,20.06,96,74,Kediri,-7.8167,111.9667
2022-04-05,29.3,22.8,25.6,3.3,3.3,4.33,14.7,22.23,96,68,Kediri,-7.8167,111.9667
2022-04-06,28.8,23.3,25.6,13.0,13.0,3.9,19.8,20.17,92,72,Kediri,-7.8167,111.9667
2022-04-07,28.0,23.4,25.6,0.9,0.9,3.6,19.6,17.66,89,76,Kediri,-7.8167,111.9667
2022-04-08,29.5,23.3,26.1,1.4,1.4,4.51,20.4,22.53,92,70,Kediri,-7.8167,111.9667
2022-04-09,29.7,23.6,26.0,3.0,3.0,4.32,18.8,22.09,93,71,Kediri,-7.8167,111.9667
2022-04-10,30.0,23.3,25.9,1.2,1.2,4.19,12.4,21.3,94,70,Kediri,-7.8167,111.9667
2022-04-11,30.2,23.7,26.6,1.0,1.0,4.9,14.8,23.74,92,64,Kediri,-7.8167,111.9667
2022-04-12,30.3,23.6,26.5,0.0,0.0,4.98,15.5,23.98,85,58,Kediri,-7.8167,111.9667
2022-04-13,29.7,23.7,26.2,2.8,2.8,4.58,13.8,22.96,85,66,Kediri,-7.8167,111.9667
2022-04-14,30.0,22.5,26.0,1.4,1.4,4.56,10.0,22.88,94,64,Kediri,-7.8167,111.9667
2022-04-15,31.0,22.9,26.8,0.1,0.1,5.16,17.7,24.37,84,59,Kediri,-7.8167,111.9667
2022-04-16,30.2,23.3,26.2,2.5,2.5,4.13,13.1,20.57,94,66,Kediri,-7.8167,111.9667
2022-04-17,30.7,23.4,26.3,1.8,1.8,4.17,13.1,20.67,94,66,Kediri,-7.8167,111.9667
2022-04-18,30.2,24.3,26.5,4.0,4.0,3.69,12.0,18.87,96,72,Kediri,-7.8167,111.9667
2022-04-19,28.5,23.7,25.3,53.8,53.8,2.56,13.0,13.0,98,82,Kediri,-7.8167,111.9667
2022-04-20,28.2,22.7,25.2,19.9,19.9,3.13,16.1,15.92,98,79,Kediri,-7.8167,111.9667
2022-04-21,28.5,23.5,25.3,20.3,20.3,2.94,16.1,15.23,99,77,Kediri,-7.8167,111.9667
2022-04-22,30.7,23.7,26.5,2.9,2.9,4.37,11.3,21.64,91,65,Kediri,-7.8167,111.9667
2022-04-23,29.9,23.6,26.6,2.5,2.5,4.11,12.1,20.38,91,73,Kediri,-7.8167,111.9667
2022-04-24,29.7,23.1,25.7,3.1,3.1,3.74,10.7,18.78,96,70,Kediri,-7.8167,111.9667
2022-04-25,29.3,23.8,26.1,5.9,5.9,3.88,16.5,20.24,95,72,Kediri,-7.8167,111.9667
2022-04-26,28.8,23.8,25.8,7.4,7.4,3.32,15.2,17.54,97,79,Kediri,-7.8167,111.9667
2022-04-27,29.9,23.6,25.9,9.2,9.2,3.76,18.4,19.52,96,73,Kediri,-7.8167,111.9667
2022-04-28,30.4,23.1,25.9,16.1,16.1,3.48,15.1,17.69,99,72,Kediri,-7.8167,111.9667
2022-04-29,29.3,23.5,25.9,27.1,27.1,3.23,9.7,16.47,95,81,Kediri,-7.8167,111.9667
2022-04-30,29.4,24.4,26.2,2.1,2.1,3.49,13.9,17.74,91,74,Kediri,-7.8167,111.9667
2022-05-01,29.7,24.1,26.5,0.6,0.6,4.04,15.6,19.73,93,69,Kediri,-7.8167,111.9667
2022-05-02,29.9,25.0,26.8,5.3,5.3,4.2,15.2,20.79,87,73,Kediri,-7.8167,111.9667
2022-05-03,31.0,24.6,26.9,4.6,4.6,4.54,16.1,21.9,89,63,Kediri,-7.8167,111.9667
2022-05-04,30.2,24.9,26.4,3.9,3.9,4.16,16.8,21.16,92,68,Kediri,-7.8167,111.9667
2022-05-05,29.1,23.9,26.1,3.6,3.6,3.76,18.8,19.46,91,77,Kediri,-7.8167,111.9667
2022-05-06,29.3,24.4,26.5,1.1,1.1,3.91,16.3,20.23,91,74,Kediri,-7.8167,111.9667
2022-05-07,30.1,24.2,26.5,8.8,8.8,3.56,13.0,17.85,95,66,Kediri,-7.8167,111.9667
2022-05-08,28.6,23.9,25.9,12.6,12.6,2.65,10.9,13.2,98,79,Kediri,-7.8167,111.9667
2022-05-09,29.5,23.3,26.1,7.6,7.6,3.4,8.7,16.91,98,76,Kediri,-7.8167,111.9667
2022-05-10,29.9,24.0,26.2,7.5,7.5,3.38,9.4,16.87,96,74,Kediri,-7.8167,111.9667
2022-05-11,30.2,23.7,26.7,5.2,5.2,3.77,15.5,18.82,96,71,Kediri,-7.8167,111.9667
2022-05-12,29.6,23.6,26.0,23.7,23.7,3.1,9.5,15.53,99,76,Kediri,-7.8167,111.9667
2022-05-13,29.9,23.7,26.3,15.9,15.9,3.15,11.1,15.72,99,74,Kediri,-7.8167,111.9667
2022-05-14,29.2,24.0,26.1,9.2,9.2,3.01,12.8,15.38,98,80,Kediri,-7.8167,111.9667
2022-05-15,30.0,24.3,26.7,4.4,4.4,3.96,17.7,20.19,96,74,Kediri,-7.8167,111.9667
2022-05-16,30.1,24.6,26.8,0.0,0.0,4.25,17.3,20.94,92,71,Kediri,-7.8167,111.9667
2022-05-17,30.4,23.2,26.5,0.0,0.0,4.31,9.4,21.1,90,59,Kediri,-7.8167,111.9667
2022-05-18,29.7,23.9,26.2,10.9,10.9,3.57,8.2,18.08,96,74,Kediri,-7.8167,111.9667
2022-05-19,29.4,23.5,25.7,31.8,31.8,3.0,12.1,14.93,96,74,Kediri,-7.8167,111.9667
2022-05-20,28.5,24.0,25.3,7.7,7.7,2.86,11.5,14.77,97,75,Kediri,-7.8167,111.9667
2022-05-21,28.3,23.2,25.3,10.3,10.3,2.59,13.3,12.97,95,77,Kediri,-7.8167,111.9667
2022-05-22,29.9,23.0,25.9,16.9,16.9,3.74,12.5,18.95,92,71,Kediri,-7.8167,111.9667
2022-05-23,30.1,23.2,26.9,0.0,0.0,4.45,12.3,21.1,88,61,Kediri,-7.8167,111.9667
2022-05-24,30.3,23.7,26.7,0.0,0.0,4.27,15.1,20.47,88,66,Kediri,-7.8167,111.9667
2022-05-25,30.0,23.7,26.4,0.3,0.3,3.75,8.9,18.66,94,68,Kediri,-7.8167,111.9667
2022-05-26,26.1,22.6,24.3,21.0,21.0,1.41,11.7,7.07,100,87,Kediri,-7.8167,111.9667
2022-05-27,28.9,23.0,25.4,6.0,6.0,2.48,13.8,11.53,97,71,Kediri,-7.8167,111.9667
2022-05-28,29.6,22.3,26.0,11.7,11.7,3.67,12.1,18.33,94,70,Kediri,-7.8167,111.9667
2022-05-29,29.8,22.9,25.8,1.7,1.7,3.56,18.1,18.19,98,67,Kediri,-7.8167,111.9667
2022-05-30,30.0,24.0,26.4,0.3,0.3,3.9,18.5,19.31,92,67,Kediri,-7.8167,111.9667
2022-05-31,29.9,22.5,25.8,2.6,2.6,3.72,11.3,18.72,97,70,Kediri,-7.8167,111.9667
2022-06-01,27.1,23.0,24.9,25.5,25.5,2.17,9.8,10.95,100,84,Kediri,-7.8167,111.9667
2022-06-02,29.6,23.1,25.9,2.1,2.1,3.86,15.1,19.24,91,71,Kediri,-7.8167,111.9667
2022-06-03,28.4,23.6,25.7,1.1,1.1,3.59,16.7,18.37,91,72,Kediri,-7.8167,111.9667
2022-06-04,29.3,23.5,25.3,10.9,10.9,3.18,11.5,16.12,98,74,Kediri,-7.8167,111.9667
2022-06-05,27.5,23.2,25.1,4.1,4.1,2.74,15.0,14.21,96,81,Kediri,-7.8167,111.9667
2022-06-06,28.9,22.5,25.0,6.8,6.8,3.05,10.9,15.84,97,76,Kediri,-7.8167,111.9667
2022-06-07,29.7,22.7,25.9,0.3,0.3,3.59,13.5,17.97,96,70,Kediri,-7.8167,111.9667
2022-06-08,29.2,23.2,25.5,5.9,5.9,3.46,14.5,17.79,94,75,Kediri,-7.8167,111.9667
2022-06-09,30.3,23.6,26.1,2.0,2.0,4.02,14.0,19.72,94,63,Kediri,-7.8167,111.9667
2022-06-10,29.6,22.9,25.9,3.7,3.7,3.51,9.8,17.06,88,70,Kediri,-7.8167,111.9667
2022-06-11,30.0,23.5,26.0,4.6,4.6,3.65,11.1,18.39,96,68,Kediri,-7.8167,111.9667
2022-06-12,29.2,22.7,25.4,2.8,2.8,3.44,12.2,18.01,94,72,Kediri,-7.8167,111.9667
2022-06-13,29.4,22.5,25.2,2.4,2.4,3.24,6.3,16.11,97,65,Kediri,-7.8167,111.9667
2022-06-14,27.9,22.7,25.3,1.5,1.5,2.91,14.2,15.16,97,76,Kediri,-7.8167,111.9667
2022-06-15,29.2,23.8,26.0,5.6,5.6,3.28,15.8,16.68,93,69,Kediri,-7.8167,111.9667
2022-06-16,29.3,23.8,25.8,3.1,3.1,3.47,15.2,17.69,94,68,Kediri,-7.8167,111.9667
2022-06-17,28.1,22.6,25.3,0.5,0.5,3.02,14.4,15.35,92,75,Kediri,-7.8167,111.9667
2022-06-18,29.6,23.8,25.8,14.4,14.4,3.79,14.6,18.82,88,67,Kediri,-7.8167,111.9667
2022-06-19,29.3,24.0,26.0,0.6,0.6,3.89,15.0,18.29,88,68,Kediri,-7.8167,111.9667
2022-06-20,28.4,24.5,25.9,4.8,4.8,3.81,19.5,18.42,86,74,Kediri,-7.8167,111.9667
2022-06-21,29.5,24.3,26.1,0.6,0.6,4.17,16.3,18.31,83,61,Kediri,-7.8167,111.9667
2022-06-22,29.5,24.1,26.2,0.0,0.0,4.49,17.7,19.79,81,63,Kediri,-7.8167,111.9667
2022-06-23,28.7,24.5,25.7,1.9,1.9,3.88,20.3,18.54,84,74,Kediri,-7.8167,111.9667
2022-06-24,28.7,24.3,26.0,1.4,1.4,4.29,21.1,18.97,81,69,Kediri,-7.8167,111.9667
2022-06-25,28.4,24.6,25.8,2.6,2.6,3.82,18.5,17.87,85,74,Kediri,-7.8167,111.9667
2022-06-26,27.6,23.2,25.2,6.7,6.7,3.27,20.1,15.7,94,76,Kediri,-7.8167,111.9667
2022-06-27,27.7,23.3,25.2,1.6,1.6,3.47,22.0,16.28,94,73,Kediri,-7.8167,111.9667
2022-06-28,28.6,22.7,25.2,0.0,0.0,4.24,19.2,18.81,91,61,Kediri,-7.8167,111.9667
2022-06-29,29.1,23.0,25.3,0.0,0.0,4.85,21.6,20.71,80,55,Kediri,-7.8167,111.9667
2022-06-30,28.3,23.4,25.5,0.8,0.8,4.08,18.7,18.89,85,68,Kediri,-7.8167,111.9667
2022-07-01,28.9,23.8,25.5,4.2,4.2,4.05,20.1,18.51,88,69,Kediri,-7.8167,111.9667
2022-07-02,29.3,24.4,26.2,1.3,1.3,4.06,19.7,18.46,87,67,Kediri,-7.8167,111.9667
2022-07-03,30.5,23.6,26.1,2.2,2.2,3.52,13.4,17.58,96,65,Kediri,-7.8167,111.9667
2022-07-04,29.1,22.9,26.3,16.8,16.8,3.26,14.3,16.06,92,71,Kediri,-7.8167,111.9667
2022-07-05,30.1,23.1,25.8,4.0,4.0,3.24,10.8,16.12,96,68,Kediri,-7.8167,111.9667
2022-07-06,28.1,22.7,25.1,6.2,6.2,3.21,19.1,15.87,99,75,Kediri,-7.8167,111.9667
2022-07-07,28.9,22.8,25.2,0.0,0.0,4.26,24.1,20.4,88,64,Kediri,-7.8167,111.9667
2022-07-08,28.2,22.0,24.5,0.0,0.0,4.31,24.2,18.9,90,60,Kediri,-7.8167,111.9667
2022-07-09,28.7,20.8,24.4,0.1,0.1,4.37,19.3,20.3,84,58,Kediri,-7.8167,111.9667
2022-07-10,29.0,23.0,25.6,0.0,0.0,4.34,18.5,19.86,85,62,Kediri,-7.8167,111.9667
2022-07-11,29.4,23.4,25.9,1.8,1.8,3.91,19.8,18.53,93,68,Kediri,-7.8167,111.9667
2022-07-12,29.6,24.0,26.0,2.3,2.3,3.98,19.0,19.22,91,64,Kediri,-7.8167,111.9667
2022-07-13,30.4,23.5,25.7,5.7,5.7,3.85,9.7,18.87,94,58,Kediri,-7.8167,111.9667
2022-07-14,29.3,22.6,25.5,2.7,2.7,3.48,10.9,17.23,97,66,Kediri,-7.8167,111.9667
2022-07-15,28.9,23.4,25.6,2.8,2.8,3.62,17.3,17.55,96,69,Kediri,-7.8167,111.9667
2022-07-16,28.8,23.8,25.8,0.9,0.9,3.91,21.7,19.05,92,69,Kediri,-7.8167,111.9667
2022-07-17,29.3,23.4,25.3,1.8,1.8,3.3,22.0,15.4,92,65,Kediri,-7.8167,111.9667
2022-07-18,29.1,23.4,25.5,4.6,4.6,3.77,20.0,18.31,93,69,Kediri,-7.8167,111.9667
2022-07-19,29.9,23.6,25.9,0.0,0.0,4.29,20.0,19.38,90,58,Kediri,-7.8167,111.9667
2022-07-20,30.6,23.0,25.9,0.0,0.0,4.71,20.0,21.45,89,56,Kediri,-7.8167,111.9667
2022-07-21,29.1,22.9,25.4,0.0,0.0,4.11,22.3,17.93,89,61,Kediri,-7.8167,111.9667
2022-07-22,29.0,23.4,25.8,0.3,0.3,4.21,21.2,18.56,89,64,Kediri,-7.8167,111.9667
2022-07-23,29.0,23.3,25.2,7.2,7.2,3.63,22.0,17.15,94,64,Kediri,-7.8167,111.9667
2022-07-24,28.1,22.1,24.4,0.0,0.0,4.47,24.6,19.34,89,59,Kediri,-7.8167,111.9667
2022-07-25,28.0,21.2,24.0,0.0,0.0,5.05,20.5,21.82,78,51,Kediri,-7.8167,111.9667
2022-07-26,29.9,22.3,25.2,0.0,0.0,4.95,19.2,21.79,84,51,Kediri,-7.8167,111.9667
2022-07-27,30.6,23.5,26.1,0.3,0.3,4.43,20.3,19.84,87,57,Kediri,-7.8167,111.9667
2022-07-28,30.3,23.0,26.0,0.5,0.5,4.37,18.4,19.86,93,60,Kediri,-7.8167,111.9667
2022-07-29,31.2,22.9,26.0,0.2,0.2,4.44,18.3,20.18,89,53,Kediri,-7.8167,111.9667
2022-07-30,30.3,23.4,25.7,0.1,0.1,4.46,19.7,20.27,92,58,Kediri,-7.8167,111.9667
2022-07-31,31.3,22.5,26.0,0.0,0.0,4.64,16.6,21.21,92,46,Kediri,-7.8167,111.9667
2022-08-01,32.7,22.0,26.7,0.0,0.0,5.06,21.7,22.59,89,38,Kediri,-7.8167,111.9667
2022-08-02,31.5,23.8,26.2,1.7,1.7,4.21,17.3,19.16,92,57,Kediri,-7.8167,111.9667
2022-08-03,31.7,23.5,26.2,3.7,3.7,4.21,17.5,19.68,96,56,Kediri,-7.8167,111.9667
2022-08-04,30.5,23.0,25.8,0.1,0.1,5.27,24.7,23.11,92,54,Kediri,-7.8167,111.9667
2022-08-05,31.1,22.4,25.5,0.0,0.0,5.28,23.6,23.19,90,48,Kediri,-7.8167,111.9667
2022-08-06,30.2,22.3,25.5,0.3,0.3,4.69,22.1,21.38,90,54,Kediri,-7.8167,111.9667
2022-08-07,28.4,23.0,25.1,1.6,1.6,3.89,25.3,17.9,91,65,Kediri,-7.8167,111.9667
2022-08-08,28.9,22.9,25.4,0.4,0.4,4.28,24.2,19.9,92,64,Kediri,-7.8167,111.9667
2022-08-09,30.1,23.1,25.7,0.3,0.3,4.61,23.8,20.45,89,56,Kediri,-7.8167,111.9667
2022-08-10,30.5,23.7,26.2,0.7,0.7,4.55,23.3,20.22,89,58,Kediri,-7.8167,111.9667
2022-08-11,29.7,23.8,26.1,0.8,0.8,3.97,18.9,18.11,91,63,Kediri,-7.8167,111.9667
2022-08-12,31.8,24.2,26.8,7.1,7.1,4.14,13.5,19.47,92,56,Kediri,-7.8167,111.9667
2022-08-13,30.3,23.2,25.5,5.0,5.0,3.37,13.3,16.34,99,62,Kediri,-7.8167,111.9667
2022-08-14,31.3,22.4,25.4,18.5,18.5,3.84,7.8,18.7,98,52,Kediri,-7.8167,111.9667
2022-08-15,29.9,22.5,25.6,9.5,9.5,4.13,11.9,20.47,97,64,Kediri,-7.8167,111.9667
2022-08-16,30.9,22.6,25.8,0.3,0.3,4.47,23.1,21.52,93,59,Kediri,-7.8167,111.9667
2022-08-17,30.2,22.8,25.5,0.2,0.2,4.65,20.6,21.64,92,56,Kediri,-7.8167,111.9667
2022-08-18,29.1,23.1,25.4,1.3,1.3,4.34,20.2,19.41,87,63,Kediri,-7.8167,111.9667
2022-08-19,29.7,23.6,25.7,3.7,3.7,4.48,20.9,19.71,89,61,Kediri,-7.8167,111.9667
2022-08-20,29.7,23.0,25.4,0.0,0.0,5.05,24.1,21.32,84,55,Kediri,-7.8167,111.9667
2022-08-21,30.0,23.2,25.7,0.3,0.3,4.86,21.5,21.6,83,58,Kediri,-7.8167,111.9667
2022-08-22,29.9,23.2,25.9,0.3,0.3,4.8,21.6,20.79,85,56,Kediri,-7.8167,111.9667
2022-08-23,29.4,23.4,25.8,0.0,0.0,4.65,22.9,18.89,84,59,Kediri,-7.8167,111.9667
2022-08-24,30.4,23.0,25.9,0.0,0.0,5.36,22.1,22.48,86,52,Kediri,-7.8167,111.9667
2022-08-25,29.8,22.4,25.5,0.0,0.0,4.77,23.1,21.04,89,55,Kediri,-7.8167,111.9667
2022-08-26,30.5,23.6,25.8,2.3,2.3,4.57,22.7,20.19,89,57,Kediri,-7.8167,111.9667
2022-08-27,29.0,23.5,25.4,1.5,1.5,4.42,24.5,19.25,90,62,Kediri,-7.8167,111.9667
2022-08-28,29.2,22.6,25.2,0.0,0.0,5.04,26.1,20.65,87,53,Kediri,-7.8167,111.9667
2022-08-29,30.3,22.8,25.6,0.0,0.0,5.1,23.4,22.01,87,54,Kediri,-7.8167,111.9667
2022-08-30,29.9,22.7,25.7,0.4,0.4,4.55,24.3,20.6,92,61,Kediri,-7.8167,111.9667
2022-08-31,30.7,23.2,26.0,1.9,1.9,4.34,20.3,20.24,94,57,Kediri,-7.8167,111.9667
2022-09-01,30.8,23.9,26.5,0.5,0.5,4.76,22.4,21.32,89,58,Kediri,-7.8167,111.9667
2022-09-02,32.2,23.8,26.9,0.0,0.0,5.31,22.0,23.07,91,53,Kediri,-7.8167,111.9667
2022-09-03,30.9,23.7,26.4,0.0,0.0,5.28,23.0,23.04,94,51,Kediri,-7.8167,111.9667
2022-09-04,30.7,23.3,26.3,0.4,0.4,5.0,23.8,22.16,94,56,Kediri,-7.8167,111.9667
2022-09-05,32.1,23.8,26.8,0.3,0.3,4.82,15.8,20.57,89,48,Kediri,-7.8167,111.9667
2022-09-06,31.7,23.8,26.8,2.5,2.5,5.13,20.4,23.03,90,50,Kediri,-7.8167,111.9667
2022-09-07,31.0,23.9,26.4,3.9,3.9,4.79,19.0,21.87,88,58,Kediri,-7.8167,111.9667
2022-09-08,32.6,24.0,26.5,2.0,2.0,4.75,18.1,21.54,90,46,Kediri,-7.8167,111.9667
2022-09-09,30.2,23.7,25.4,12.4,12.4,3.06,14.0,14.57,92,63,Kediri,-7.8167,111.9667
2022-09-10,29.6,23.0,25.2,25.3,25.3,3.78,15.5,19.13,96,68,Kediri,-7.8167,111.9667
2022-09-11,28.3,23.0,25.1,2.9,2.9,3.58,17.3,18.58,94,72,Kediri,-7.8167,111.9667
2022-09-12,31.0,22.9,26.7,0.0,0.0,5.28,15.6,24.84,86,52,Kediri,-7.8167,111.9667
2022-09-13,30.9,23.9,26.3,0.6,0.6,5.14,21.8,23.64,89,55,Kediri,-7.8167,111.9667
2022-09-14,30.3,23.5,26.0,0.4,0.4,4.97,20.9,22.79,91,58,Kediri,-7.8167,111.9667
2022-09-15,29.4,23.4,25.5,1.9,1.9,4.47,22.4,21.59,91,66,Kediri,-7.8167,111.9667
2022-09-16,30.1,23.7,25.7,1.2,1.2,4.45,22.6,20.55,89,60,Kediri,-7.8167,111.9667
2022-09-17,31.2,23.7,26.2,0.0,0.0,5.38,24.9,24.18,87,53,Kediri,-7.8167,111.9667
2022-09-18,31.1,23.0,26.2,0.0,0.0,5.28,22.1,23.56,94,56,Kediri,-7.8167,111.9667
2022-09-19,30.1,23.3,26.0,0.0,0.0,5.36,23.9,24.18,90,57,Kediri,-7.8167,111.9667
2022-09-20,29.3,22.7,25.7,1.1,1.1,4.89,23.8,21.86,89,63,Kediri,-7.8167,111.9667
2022-09-21,30.4,23.9,25.9,1.2,1.2,4.28,22.7,19.36,89,59,Kediri,-7.8167,111.9667
2022-09-22,30.3,23.7,26.0,3.4,3.4,4.69,21.7,21.69,91,58,Kediri,-7.8167,111.9667
2022-09-23,31.3,24.0,26.5,0.3,0.3,5.07,20.9,23.29,91,56,Kediri,-7.8167,111.9667
2022-09-24,30.3,23.9,26.4,0.7,0.7,4.84,24.5,22.64,94,62,Kediri,-7.8167,111.9667
2022-09-25,30.2,23.6,26.0,3.7,3.7,4.99,23.2,23.1,93,60,Kediri,-7.8167,111.9667
2022-09-26,28.5,23.4,25.6,1.7,1.7,4.66,25.1,22.0,92,66,Kediri,-7.8167,111.9667
2022-09-27,30.9,22.8,25.9,0.0,0.0,5.39,23.2,23.85,90,53,Kediri,-7.8167,111.9667
2022-09-28,31.0,22.8,26.1,0.1,0.1,5.62,23.2,24.61,85,50,Kediri,-7.8167,111.9667
2022-09-29,31.3,22.8,26.4,0.0,0.0,5.53,22.0,25.08,92,53,Kediri,-7.8167,111.9667
2022-09-30,31.0,23.9,25.8,20.4,20.4,4.01,21.3,19.32,92,60,Kediri,-7.8167,111.9667
2022-10-01,29.3,23.8,25.6,8.5,8.5,3.62,19.1,18.29,95,72,Kediri,-7.8167,111.9667
2022-10-02,28.4,23.9,25.2,13.5,13.5,2.46,15.6,12.01,96,75,Kediri,-7.8167,111.9667
2022-10-03,26.5,23.3,24.6,23.7,23.7,2.08,15.5,10.11,96,82,Kediri,-7.8167,111.9667
2022-10-04,29.3,23.4,25.7,1.6,1.6,4.15,20.2,19.79,92,68,Kediri,-7.8167,111.9667
2022-10-05,28.9,23.3,25.6,1.3,1.3,4.18,21.6,20.73,92,66,Kediri,-7.8167,111.9667
2022-10-06,27.9,23.5,25.1,12.4,12.4,3.61,19.4,18.41,95,74,Kediri,-7.8167,111.9667
2022-10-07,28.9,23.4,25.4,12.9,12.9,3.51,19.8,17.61,94,77,Kediri,-7.8167,111.9667
2022-10-08,29.3,23.1,25.2,11.3,11.3,3.48,19.8,17.45,94,74,Kediri,-7.8167,111.9667
2022-10-09,29.5,23.5,25.4,11.0,11.0,3.86,18.1,19.66,92,70,Kediri,-7.8167,111.9667
2022-10-10,28.7,24.0,25.5,4.8,4.8,3.44,18.1,17.47,92,75,Kediri,-7.8167,111.9667
2022-10-11,29.1,24.0,25.8,1.7,1.7,3.86,17.8,18.59,93,71,Kediri,-7.8167,111.9667
2022-10-12,28.1,23.8,25.4,2.3,2.3,3.7,19.8,18.29,87,76,Kediri,-7.8167,111.9667
2022-10-13,29.1,23.5,25.5,8.4,8.4,3.99,20.4,19.79,91,72,Kediri,-7.8167,111.9667
2022-10-14,29.0,23.5,25.7,3.2,3.2,4.26,18.1,21.14,91,68,Kediri,-7.8167,111.9667
2022-10-15,28.4,23.5,25.1,30.0,30.0,3.2,18.1,16.12,95,74,Kediri,-7.8167,111.9667
2022-10-16,28.8,23.8,25.8,7.8,7.8,4.37,21.6,22.32,93,73,Kediri,-7.8167,111.9667
2022-10-17,27.4,23.6,25.2,5.8,5.8,3.09,23.0,15.12,92,78,Kediri,-7.8167,111.9667
2022-10-18,27.3,24.0,24.9,19.9,19.9,2.38,16.5,11.66,93,78,Kediri,-7.8167,111.9667
2022-10-19,28.6,23.2,25.2,8.7,8.7,2.95,13.4,14.72,95,78,Kediri,-7.8167,111.9667
2022-10-20,30.9,22.6,25.3,16.6,16.6,3.82,11.1,19.08,98,69,Kediri,-7.8167,111.9667
2022-10-21,29.6,23.3,25.1,22.6,22.6,3.15,9.6,15.74,99,73,Kediri,-7.8167,111.9667
2022-10-22,29.3,23.3,25.9,5.6,5.6,3.63,13.7,17.76,96,73,Kediri,-7.8167,111.9667
2022-10-23,29.1,23.3,25.6,41.6,41.6,3.06,12.0,15.14,97,75,Kediri,-7.8167,111.9667
2022-10-24,27.8,23.2,25.2,9.5,9.5,2.76,18.0,13.91,97,77,Kediri,-7.8167,111.9667
2022-10-25,28.7,23.3,25.3,18.6,18.6,3.0,19.4,14.81,96,71,Kediri,-7.8167,111.9667
2022-10-26,27.9,23.5,24.8,19.0,19.0,2.39,18.7,10.84,94,69,Kediri,-7.8167,111.9667
2022-10-27,28.9,22.5,25.1,0.7,0.7,4.05,20.1,19.53,97,68,Kediri,-7.8167,111.9667
2022-10-28,28.4,21.6,24.7,0.0,0.0,4.97,25.3,23.92,88,61,Kediri,-7.8167,111.9667
2022-10-29,27.9,21.9,24.9,0.3,0.3,4.39,21.1,19.65,84,69,Kediri,-7.8167,111.9667
2022-10-30,28.0,22.5,25.1,0.0,0.0,4.64,23.4,20.82,84,65,Kediri,-7.8167,111.9667
2022-10-31,29.0,21.7,25.1,1.2,1.2,4.79,23.1,23.8,91,66,Kediri,-7.8167,111.9667
2022-11-01,29.1,23.3,25.7,2.4,2.4,4.03,18.1,19.78,92,70,Kediri,-7.8167,111.9667
2022-11-02,28.7,24.4,25.9,2.5,2.5,3.76,18.5,18.38,86,76,Kediri,-7.8167,111.9667
2022-11-03,31.0,23.1,26.2,2.8,2.8,4.51,13.6,22.11,93,63,Kediri,-7.8167,111.9667
2022-11-04,29.1,23.9,25.8,5.5,5.5,3.62,17.3,18.8,91,73,Kediri,-7.8167,111.9667
2022-11-05,29.3,23.7,26.0,5.7,5.7,3.74,14.3,18.6,96,74,Kediri,-7.8167,111.9667
2022-11-06,29.2,23.3,25.4,12.6,12.6,3.88,17.3,20.09,98,76,Kediri,-7.8167,111.9667
2022-11-07,29.3,22.9,24.9,4.2,4.2,3.47,12.4,17.9,95,75,Kediri,-7.8167,111.9667
2022-11-08,30.7,22.5,25.9,1.0,1.0,4.75,14.2,23.53,96,61,Kediri,-7.8167,111.9667
2022-11-09,28.5,23.4,25.0,10.6,10.6,2.75,10.5,13.8,98,75,Kediri,-7.8167,111.9667
2022-11-10,29.3,23.6,25.5,7.1,7.1,3.27,13.7,15.82,98,71,Kediri,-7.8167,111.9667
2022-11-11,28.8,22.8,25.4,4.9,4.9,3.38,17.5,17.1,98,71,Kediri,-7.8167,111.9667
2022-11-12,29.1,23.1,25.3,5.5,5.5,3.31,12.0,16.55,98,74,Kediri,-7.8167,111.9667
2022-11-13,28.6,23.1,25.5,1.6,1.6,3.66,14.1,19.06,97,77,Kediri,-7.8167,111.9667
2022-11-14,30.1,23.6,25.6,8.1,8.1,3.63,10.5,18.03,98,75,Kediri,-7.8167,111.9667
2022-11-15,29.0,23.3,25.3,18.1,18.1,3.27,9.0,16.53,100,80,Kediri,-7.8167,111.9667
2022-11-16,28.1,23.5,25.1,45.8,45.8,2.64,11.0,13.42,100,79,Kediri,-7.8167,111.9667
2022-11-17,30.3,23.9,25.9,22.1,22.1,3.73,9.2,18.27,98,72,Kediri,-7.8167,111.9667
2022-11-18,28.6,23.8,25.6,20.8,20.8,3.1,11.5,14.67,98,76,Kediri,-7.8167,111.9667
2022-11-19,26.8,23.0,24.5,13.2,13.2,1.62,13.9,7.85,100,82,Kediri,-7.8167,111.9667
2022-11-20,29.0,22.5,25.4,37.1,37.1,4.01,12.4,20.87,96,77,Kediri,-7.8167,111.9667
2022-11-21,27.6,22.6,25.3,19.8,19.8,3.37,11.5,17.27,97,73,Kediri,-7.8167,111.9667
2022-11-22,29.0,23.0,25.8,13.9,13.9,3.76,15.9,18.48,97,70,Kediri,-7.8167,111.9667
2022-11-23,29.0,23.9,25.7,23.4,23.4,3.14,7.6,15.34,98,72,Kediri,-7.8167,111.9667
2022-11-24,29.3,23.3,25.3,29.5,29.5,2.95,17.0,14.65,99,69,Kediri,-7.8167,111.9667
2022-11-25,29.6,23.1,25.5,11.2,11.2,3.98,8.7,19.68,97,68,Kediri,-7.8167,111.9667
2022-11-26,28.4,23.5,24.9,16.4,16.4,3.09,14.0,15.8,96,78,Kediri,-7.8167,111.9667
2022-11-27,28.5,23.3,25.1,14.8,14.8,3.44,14.1,17.7,94,76,Kediri,-7.8167,111.9667
2022-11-28,27.7,23.4,25.3,9.2,9.2,3.02,18.0,15.39,96,78,Kediri,-7.8167,111.9667
2022-11-29,28.0,23.5,25.4,15.6,15.6,3.28,17.6,16.68,95,77,Kediri,-7.8167,111.9667
2022-11-30,29.5,23.5,25.9,1.4,1.4,4.2,18.7,20.47,94,69,Kediri,-7.8167,111.9667
2022-12-01,29.0,23.5,25.8,0.0,0.0,4.39,20.2,19.99,86,68,Kediri,-7.8167,111.9667
2022-12-02,29.5,23.1,25.6,11.4,11.4,4.45,15.9,21.38,89,65,Kediri,-7.8167,111.9667
2022-12-03,28.8,23.5,25.9,3.0,3.0,4.32,21.3,20.37,91,69,Kediri,-7.8167,111.9667
2022-12-04,29.0,22.8,25.2,7.4,7.4,3.62,14.3,18.51,96,75,Kediri,-7.8167,111.9667
2022-12-05,29.5,22.7,25.3,12.3,12.3,3.43,12.1,17.31,96,75,Kediri,-7.8167,111.9667
2022-12-06,30.4,23.0,25.6,7.2,7.2,4.1,12.6,20.46,96,66,Kediri,-7.8167,111.9667
2022-12-07,30.2,22.9,25.4,6.6,6.6,3.78,15.1,19.32,97,69,Kediri,-7.8167,111.9667
2022-12-08,30.1,22.9,25.8,1.3,1.3,4.53,18.9,22.85,94,68,Kediri,-7.8167,111.9667
2022-12-09,29.7,23.8,26.4,1.3,1.3,5.05,18.4,24.75,89,66,Kediri,-7.8167,111.9667
2022-12-10,29.5,23.5,26.2,0.6,0.6,4.97,24.4,24.34,88,68,Kediri,-7.8167,111.9667
2022-12-11,29.5,23.8,26.3,0.4,0.4,4.47,21.6,22.45,91,75,Kediri,-7.8167,111.9667
2022-12-12,30.5,23.6,26.7,0.6,0.6,4.96,18.7,23.62,90,63,Kediri,-7.8167,111.9667
2022-12-13,30.0,23.6,25.9,3.4,3.4,3.97,14.5,19.92,98,73,Kediri,-7.8167,111.9667
2022-12-14,29.3,22.9,25.4,24.4,24.4,3.5,10.7,17.76,99,76,Kediri,-7.8167,111.9667
2022-12-15,29.0,23.0,25.3,17.3,17.3,3.68,13.0,18.87,99,78,Kediri,-7.8167,111.9667
2022-12-16,28.7,22.8,25.0,12.9,12.9,2.7,19.1,13.45,99,75,Kediri,-7.8167,111.9667
2022-12-17,29.8,22.6,25.7,4.0,4.0,4.04,15.9,20.37,98,72,Kediri,-7.8167,111.9667
2022-12-18,30.3,22.4,26.2,0.0,0.0,5.04,20.5,25.11,96,64,Kediri,-7.8167,111.9667
2022-12-19,30.3,23.2,26.3,4.3,4.3,4.4,16.1,21.87,96,68,Kediri,-7.8167,111.9667
2022-12-20,30.4,23.4,26.0,7.4,7.4,4.29,14.9,21.23,98,67,Kediri,-7.8167,111.9667
2022-12-21,30.5,23.3,26.2,6.5,6.5,3.77,10.3,18.42,96,69,Kediri,-7.8167,111.9667
2022-12-22,27.8,23.0,24.7,22.7,22.7,1.97,10.4,9.51,99,78,Kediri,-7.8167,111.9667
2022-12-23,28.2,22.0,24.1,44.7,44.7,2.33,11.6,11.44,100,76,Kediri,-7.8167,111.9667
2022-12-24,27.7,22.3,24.5,29.6,29.6,2.34,9.4,11.66,99,78,Kediri,-7.8167,111.9667
2022-12-25,25.5,22.4,23.8,19.8,19.8,1.49,10.9,7.38,99,87,Kediri,-7.8167,111.9667
2022-12-26,27.2,21.7,23.5,17.4,17.4,2.34,15.5,12.35,100,80,Kediri,-7.8167,111.9667
2022-12-27,26.4,22.3,24.0,12.0,12.0,2.42,12.9,12.59,99,79,Kediri,-7.8167,111.9667
2022-12-28,27.5,21.8,24.5,82.8,82.8,3.16,10.2,16.38,99,77,Kediri,-7.8167,111.9667
2022-12-29,27.8,22.0,24.5,53.7,53.7,2.49,11.5,12.88,100,83,Kediri,-7.8167,111.9667
2022-12-30,27.0,22.7,24.8,11.8,11.8,2.1,16.7,9.68,100,82,Kediri,-7.8167,111.9667
2022-12-31,27.3,23.1,25.1,4.8,4.8,2.49,18.4,11.79,95,77,Kediri,-7.8167,111.9667
2023-01-01,28.2,23.3,25.3,4.4,4.4,2.9,18.5,13.57,100,73,Kediri,-7.8167,111.9667
2023-01-02,28.3,22.4,24.7,46.4,46.4,3.01,13.7,15.29,98,75,Kediri,-7.8167,111.9667
2023-01-03,29.1,21.5,24.7,12.0,12.0,4.07,14.6,20.92,100,69,Kediri,-7.8167,111.9667
2023-01-04,28.7,22.2,24.7,39.0,39.0,3.59,10.6,18.19,98,72,Kediri,-7.8167,111.9667
2023-01-05,28.7,22.5,25.4,11.1,11.1,3.42,8.4,16.93,96,75,Kediri,-7.8167,111.9667
2023-01-06,29.7,23.3,25.6,2.0,2.0,3.09,13.9,14.46,96,65,Kediri,-7.8167,111.9667
2023-01-07,30.4,22.7,26.0,1.2,1.2,4.74,18.8,23.56,96,64,Kediri,-7.8167,111.9667
2023-01-08,29.7,22.6,25.8,0.8,0.8,4.07,18.2,20.1,96,67,Kediri,-7.8167,111.9667
2023-01-09,29.7,22.0,25.3,8.8,8.8,4.0,14.2,20.08,97,68,Kediri,-7.8167,111.9667
2023-01-10,29.0,22.7,25.8,2.8,2.8,4.29,16.9,22.0,96,69,Kediri,-7.8167,111.9667
2023-01-11,29.7,23.5,26.1,1.5,1.5,4.79,22.1,24.29,96,69,Kediri,-7.8167,111.9667
2023-01-12,29.9,22.9,26.0,0.0,0.0,5.04,22.4,24.98,93,65,Kediri,-7.8167,111.9667
2023-01-13,30.7,22.5,26.2,0.0,0.0,5.42,22.0,25.64,90,57,Kediri,-7.8167,111.9667
2023-01-14,28.8,23.2,25.8,15.9,15.9,3.5,12.7,17.45,96,69,Kediri,-7.8167,111.9667
2023-01-15,28.4,23.9,25.2,44.9,44.9,3.07,9.9,15.74,97,77,Kediri,-7.8167,111.9667
2023-01-16,27.7,22.8,24.8,35.1,35.1,2.72,9.4,13.78,99,76,Kediri,-7.8167,111.9667
2023-01-17,27.4,22.8,24.8,26.7,26.7,2.62,8.6,13.28,99,81,Kediri,-7.8167,111.9667
2023-01-18,28.9,22.9,25.4,1.7,1.7,3.05,11.4,14.84,99,71,Kediri,-7.8167,111.9667
2023-01-19,28.8,22.7,25.1,19.0,19.0,3.61,10.2,18.08,100,76,Kediri,-7.8167,111.9667
2023-01-20,28.6,23.1,25.3,12.2,12.2,3.58,10.5,18.04,99,74,Kediri,-7.8167,111.9667
2023-01-21,28.4,23.2,25.4,28.9,28.9,3.27,8.7,16.32,97,79,Kediri,-7.8167,111.9667
2023-01-22,29.2,22.1,25.7,2.5,2.5,3.64,11.0,17.93,100,72,Kediri,-7.8167,111.9667
2023-01-23,29.4,22.8,26.1,2.7,2.7,4.33,8.5,21.85,96,71,Kediri,-7.8167,111.9667
2023-01-24,30.6,23.9,26.4,3.5,3.5,4.43,11.3,21.9,96,62,Kediri,-7.8167,111.9667
2023-01-25,26.9,23.1,24.8,14.5,14.5,2.54,8.4,12.85,98,80,Kediri,-7.8167,111.9667
2023-01-26,27.8,22.8,25.0,22.9,22.9,2.55,15.0,12.77,99,76,Kediri,-7.8167,111.9667
2023-01-27,26.8,23.6,24.6,45.6,45.6,2.05,9.3,10.21,99,83,Kediri,-7.8167,111.9667
2023-01-28,27.5,23.0,24.5,56.9,56.9,2.17,8.5,10.89,99,84,Kediri,-7.8167,111.9667
2023-01-29,28.0,23.2,25.1,49.2,49.2,2.9,11.4,14.54,100,79,Kediri,-7.8167,111.9667
2023-01-30,28.4,23.6,25.5,21.5,21.5,3.21,8.4,16.22,99,76,Kediri,-7.8167,111.9667
2023-01-31,28.4,24.0,25.7,17.6,17.6,2.5,8.4,12.02,98,79,Kediri,-7.8167,111.9667
2023-02-01,27.7,23.1,24.9,38.8,38.8,2.74,14.2,14.08,99,77,Kediri,-7.8167,111.9667
2023-02-02,26.8,23.2,24.6,11.6,11.6,1.72,12.7,8.45,100,84,Kediri,-7.8167,111.9667
2023-02-03,27.3,23.1,24.9,43.1,43.1,1.99,11.3,9.64,98,85,Kediri,-7.8167,111.9667
2023-02-04,27.0,22.6,24.6,83.8,83.8,2.48,10.2,12.96,100,85,Kediri,-7.8167,111.9667
2023-02-05,29.1,22.4,25.1,7.0,7.0,3.0,11.6,14.55,99,64,Kediri,-7.8167,111.9667
2023-02-06,27.1,23.0,24.9,1.8,1.8,2.43,12.5,11.89,93,79,Kediri,-7.8167,111.9667
2023-02-07,27.2,22.3,24.4,50.4,50.4,2.49,11.7,12.52,98,78,Kediri,-7.8167,111.9667
2023-02-08,25.1,22.8,24.0,52.0,52.0,1.23,9.5,5.95,100,92,Kediri,-7.8167,111.9667
2023-02-09,27.8,22.6,24.4,114.4,114.4,2.84,11.1,14.53,100,78,Kediri,-7.8167,111.9667
2023-02-10,28.0,22.9,24.8,36.2,36.2,2.79,10.6,14.4,100,78,Kediri,-7.8167,111.9667
2023-02-11,28.1,23.5,25.2,36.5,36.5,2.74,17.4,14.16,99,77,Kediri,-7.8167,111.9667
2023-02-12,27.7,23.2,24.9,42.4,42.4,2.78,10.2,14.01,98,83,Kediri,-7.8167,111.9667
2023-02-13,28.7,23.3,25.2,20.9,20.9,2.79,11.9,13.48,99,75,Kediri,-7.8167,111.9667
2023-02-14,28.5,22.4,24.7,16.0,16.0,3.41,11.1,17.71,98,74,Kediri,-7.8167,111.9667
2023-02-15,27.8,22.6,24.4,36.2,36.2,2.32,10.8,11.53,100,80,Kediri,-7.8167,111.9667
2023-02-16,27.3,22.5,24.0,90.7,90.7,1.82,8.6,8.98,100,84,Kediri,-7.8167,111.9667
2023-02-17,26.6,23.1,24.3,39.3,39.3,2.17,9.8,10.97,100,83,Kediri,-7.8167,111.9667
2023-02-18,26.8,22.8,24.5,44.3,44.3,2.54,8.5,12.97,99,83,Kediri,-7.8167,111.9667
2023-02-19,28.1,22.8,25.2,20.8,20.8,3.22,14.2,16.47,97,76,Kediri,-7.8167,111.9667
2023-02-20,27.9,23.4,25.0,65.1,65.1,3.37,10.0,17.36,99,77,Kediri,-7.8167,111.9667
2023-02-21,28.9,22.7,24.9,26.3,26.3,3.24,11.2,16.68,98,71,Kediri,-7.8167,111.9667
2023-02-22,27.7,22.8,24.7,64.8,64.8,2.73,11.5,13.9,100,77,Kediri,-7.8167,111.9667
2023-02-23,28.4,22.8,25.2,53.5,53.5,3.2,7.1,15.77,100,76,Kediri,-7.8167,111.9667
2023-02-24,27.5,22.8,24.9,73.5,73.5,2.5,10.6,12.82,99,83,Kediri,-7.8167,111.9667
2023-02-25,29.3,22.8,25.0,59.3,59.3,3.0,10.6,15.19,98,76,Kediri,-7.8167,111.9667
2023-02-26,28.7,22.4,24.5,25.2,25.2,2.76,10.9,13.95,99,75,Kediri,-7.8167,111.9667
2023-02-27,28.3,22.8,24.9,18.2,18.2,2.37,13.4,11.3,100,74,Kediri,-7.8167,111.9667
2023-02-28,28.7,22.9,24.7,31.2,31.2,2.99,10.9,14.79,100,72,Kediri,-7.8167,111.9667
2023-03-01,28.2,22.6,24.8,35.0,35.0,3.22,9.4,16.01,100,76,Kediri,-7.8167,111.9667
2023-03-02,26.9,22.4,23.9,71.8,71.8,2.32,11.7,12.09,100,85,Kediri,-7.8167,111.9667
2023-03-03,28.1,22.3,25.0,6.6,6.6,4.28,12.0,22.5,98,73,Kediri,-7.8167,111.9667
2023-03-04,28.3,22.3,24.8,30.8,30.8,3.38,11.2,17.56,98,77,Kediri,-7.8167,111.9667
2023-03-05,27.7,22.7,24.6,55.7,55.7,2.91,9.6,14.89,98,76,Kediri,-7.8167,111.9667
2023-03-06,29.9,23.0,26.1,1.0,1.0,4.74,17.7,23.3,100,63,Kediri,-7.8167,111.9667
2023-03-07,29.7,21.8,25.4,2.6,2.6,4.62,12.9,23.56,95,68,Kediri,-7.8167,111.9667
2023-03-08,28.3,22.1,25.2,4.1,4.1,3.37,13.1,17.14,96,75,Kediri,-7.8167,111.9667
2023-03-09,29.9,22.5,25.7,4.6,4.6,4.76,10.9,23.88,96,67,Kediri,-7.8167,111.9667
2023-03-10,30.1,23.1,26.1,12.4,12.4,4.66,11.9,23.32,92,67,Kediri,-7.8167,111.9667
2023-03-11,30.3,24.0,26.5,1.9,1.9,4.98,16.2,24.93,91,66,Kediri,-7.8167,111.9667
2023-03-12,31.0,22.5,26.3,0.0,0.0,5.36,14.4,26.19,92,58,Kediri,-7.8167,111.9667
2023-03-13,30.1,22.2,26.0,1.4,1.4,5.03,11.9,24.71,92,60,Kediri,-7.8167,111.9667
2023-03-14,29.4,22.7,25.2,11.9,11.9,3.97,13.8,20.04,98,66,Kediri,-7.8167,111.9667
2023-03-15,30.0,22.8,26.0,1.7,1.7,4.61,12.3,23.14,93,64,Kediri,-7.8167,111.9667
2023-03-16,30.0,23.7,25.9,15.3,15.3,4.19,6.9,20.97,95,71,Kediri,-7.8167,111.9667
2023-03-17,29.9,23.3,25.9,11.5,11.5,3.88,14.3,19.66,93,71,Kediri,-7.8167,111.9667
2023-03-18,30.2,23.0,25.8,7.4,7.4,4.02,14.3,20.84,94,72,Kediri,-7.8167,111.9667
2023-03-19,30.0,23.3,26.0,3.5,3.5,4.38,10.7,22.05,92,72,Kediri,-7.8167,111.9667
2023-03-20,29.2,23.6,25.7,6.1,6.1,3.5,15.7,17.88,99,75,Kediri,-7.8167,111.9667
2023-03-21,30.7,22.4,26.2,5.4,5.4,5.08,10.7,25.18,96,68,Kediri,-7.8167,111.9667
2023-03-22,29.9,22.8,25.9,4.0,4.0,4.13,14.8,20.94,99,65,Kediri,-7.8167,111.9667
2023-03-23,30.2,23.6,26.4,13.4,13.4,4.1,9.8,20.24,97,73,Kediri,-7.8167,111.9667
2023-03-24,29.4,24.2,26.0,26.8,26.8,3.63,13.9,18.09,99,78,Kediri,-7.8167,111.9667
2023-03-25,29.6,23.8,25.7,13.5,13.5,3.42,9.8,17.07,98,67,Kediri,-7.8167,111.9667
2023-03-26,28.8,23.7,25.3,13.6,13.6,3.21,12.2,16.45,99,76,Kediri,-7.8167,111.9667
2023-03-27,27.1,23.3,25.0,38.5,38.5,2.47,12.0,12.76,99,83,Kediri,-7.8167,111.9667
2023-03-28,29.9,23.6,25.5,40.5,40.5,3.15,12.6,15.54,98,71,Kediri,-7.8167,111.9667
2023-03-29,29.1,23.4,25.7,14.4,14.4,3.24,9.7,15.97,97,68,Kediri,-7.8167,111.9667
2023-03-30,29.5,23.1,25.6,22.3,22.3,3.38,9.5,17.07,99,73,Kediri,-7.8167,111.9667
2023-03-31,27.5,23.2,24.8,29.2,29.2,2.21,11.6,10.97,98,82,Kediri,-7.8167,111.9667
2023-04-01,27.2,23.5,24.8,30.0,30.0,2.15,13.8,10.94,98,84,Kediri,-7.8167,111.9667
2023-04-02,27.8,22.8,24.9,18.6,18.6,2.65,11.5,13.38,98,85,Kediri,-7.8167,111.9667
2023-04-03,27.7,23.3,25.4,15.8,15.8,2.74,10.8,13.56,99,80,Kediri,-7.8167,111.9667
2023-04-04,28.3,23.1,25.0,20.0,20.0,3.06,11.1,15.67,99,78,Kediri,-7.8167,111.9667
2023-04-05,29.2,23.2,25.7,16.8,16.8,3.88,9.5,19.14,97,76,Kediri,-7.8167,111.9667
2023-04-06,28.4,22.5,25.3,33.3,33.3,3.21,13.1,16.5,96,78,Kediri,-7.8167,111.9667
2023-04-07,28.7,24.3,26.1,0.3,0.3,3.0,12.0,13.62,93,71,Kediri,-7.8167,111.9667
2023-04-08,29.9,23.1,25.9,15.7,15.7,4.07,11.8,20.05,93,65,Kediri,-7.8167,111.9667
2023-04-09,29.3,23.1,25.8,12.6,12.6,3.94,8.9,19.83,96,69,Kediri,-7.8167,111.9667
2023-04-10,28.4,23.0,25.1,51.6,51.6,3.0,11.3,15.29,98,80,Kediri,-7.8167,111.9667
2023-04-11,29.0,22.8,25.7,13.7,13.7,3.34,10.1,16.82,97,76,Kediri,-7.8167,111.9667
2023-04-12,28.3,23.8,25.8,16.6,16.6,2.75,11.4,14.01,99,80,Kediri,-7.8167,111.9667
2023-04-13,28.1,23.5,25.5,15.0,15.0,2.22,14.3,10.69,100,76,Kediri,-7.8167,111.9667
2023-04-14,29.2,23.6,25.9,9.3,9.3,3.31,15.1,16.03,94,69,Kediri,-7.8167,111.9667
2023-04-15,29.2,23.2,26.0,4.4,4.4,3.52,14.5,17.44,94,71,Kediri,-7.8167,111.9667
2023-04-16,29.7,22.8,26.1,8.0,8.0,4.08,10.5,20.43,96,74,Kediri,-7.8167,111.9667
2023-04-17,29.2,24.3,26.1,6.3,6.3,3.4,7.2,16.85,96,70,Kediri,-7.8167,111.9667
2023-04-18,29.7,23.3,26.0,3.1,3.1,3.59,12.3,17.84,93,67,Kediri,-7.8167,111.9667
2023-04-19,30.7,24.1,26.9,0.0,0.0,4.72,16.6,23.15,89,66,Kediri,-7.8167,111.9667
2023-04-20,30.6,24.3,26.6,4.3,4.3,4.18,17.2,20.96,94,66,Kediri,-7.8167,111.9667
2023-04-21,30.2,23.4,26.2,1.8,1.8,4.04,11.7,20.11,97,72,Kediri,-7.8167,111.9667
2023-04-22,30.2,23.8,25.9,6.6,6.6,3.97,15.7,20.62,94,72,Kediri,-7.8167,111.9667
2023-04-23,30.7,23.4,26.8,0.5,0.5,4.25,9.5,20.76,87,68,Kediri,-7.8167,111.9667
2023-04-24,30.8,24.7,27.0,3.3,3.3,4.41,10.8,21.63,94,67,Kediri,-7.8167,111.9667
2023-04-25,30.6,23.8,26.6,2.4,2.4,4.38,10.1,21.75,97,66,Kediri,-7.8167,111.9667
2023-04-26,30.3,24.0,26.6,1.3,1.3,4.22,12.9,20.57,91,67,Kediri,-7.8167,111.9667
2023-04-27,30.2,24.0,26.4,6.0,6.0,3.82,14.8,19.34,94,72,Kediri,-7.8167,111.9667
2023-04-28,28.8,24.5,26.2,12.7,12.7,2.96,14.6,14.85,96,75,Kediri,-7.8167,111.9667
2023-04-29,28.5,23.4,25.2,27.7,27.7,2.64,16.1,14.09,98,82,Kediri,-7.8167,111.9667
2023-04-30,30.5,23.4,26.1,27.0,27.0,3.82,11.7,19.02,96,71,Kediri,-7.8167,111.9667
2023-05-01,30.0,24.0,26.0,24.6,24.6,3.68,12.6,18.93,97,77,Kediri,-7.8167,111.9667
2023-05-02,29.5,23.2,25.8,10.0,10.0,3.22,9.8,16.5,96,75,Kediri,-7.8167,111.9667
2023-05-03,30.4,23.9,26.5,1.5,1.5,3.64,8.4,17.95,95,68,Kediri,-7.8167,111.9667
2023-05-04,30.4,24.1,26.3,16.4,16.4,3.77,10.1,18.74,96,69,Kediri,-7.8167,111.9667
2023-05-05,30.0,23.8,26.3,1.9,1.9,3.89,14.5,19.59,95,74,Kediri,-7.8167,111.9667
2023-05-06,29.1,24.6,26.4,0.7,0.7,3.5,16.9,17.4,90,75,Kediri,-7.8167,111.9667
2023-05-07,29.8,25.1,26.8,0.2,0.2,4.13,19.1,19.44,89,71,Kediri,-7.8167,111.9667
2023-05-08,30.2,24.1,26.9,0.2,0.2,4.47,14.7,21.05,90,67,Kediri,-7.8167,111.9667
2023-05-09,28.8,24.2,26.2,2.0,2.0,3.34,18.1,16.8,91,77,Kediri,-7.8167,111.9667
2023-05-10,29.9,24.0,26.4,1.4,1.4,3.32,8.7,16.16,94,70,Kediri,-7.8167,111.9667
2023-05-11,29.8,24.6,26.4,12.1,12.1,3.13,13.2,15.29,93,68,Kediri,-7.8167,111.9667
2023-05-12,30.5,25.2,27.0,1.8,1.8,3.92,15.2,18.23,93,67,Kediri,-7.8167,111.9667
2023-05-13,28.5,24.0,25.8,0.2,0.2,4.28,25.6,20.6,93,71,Kediri,-7.8167,111.9667
2023-05-14,28.0,23.4,25.3,0.7,0.7,4.23,22.0,20.47,86,75,Kediri,-7.8167,111.9667
2023-05-15,27.8,22.6,24.8,0.0,0.0,3.75,19.5,17.35,88,70,Kediri,-7.8167,111.9667
2023-05-16,28.1,22.8,25.0,0.3,0.3,3.84,18.4,17.79,82,66,Kediri,-7.8167,111.9667
2023-05-17,28.3,22.6,25.0,0.0,0.0,4.26,17.6,20.34,85,64,Kediri,-7.8167,111.9667
2023-05-18,28.8,22.5,25.2,1.0,1.0,4.12,17.4,20.08,87,66,Kediri,-7.8167,111.9667
2023-05-19,29.6,23.2,25.9,0.5,0.5,4.22,15.1,19.7,86,63,Kediri,-7.8167,111.9667
2023-05-20,30.2,23.8,26.3,0.0,0.0,4.68,18.0,20.91,85,60,Kediri,-7.8167,111.9667
2023-05-21,30.0,23.7,26.2,0.0,0.0,4.71,16.6,21.11,85,58,Kediri,-7.8167,111.9667
2023-05-22,29.5,23.7,25.9,0.0,0.0,4.81,18.0,21.61,83,59,Kediri,-7.8167,111.9667
2023-05-23,29.7,23.4,26.0,0.0,0.0,4.62,15.9,20.91,84,59,Kediri,-7.8167,111.9667
2023-05-24,30.2,22.6,26.2,0.0,0.0,4.43,16.4,20.68,90,56,Kediri,-7.8167,111.9667
2023-05-25,30.2,23.6,26.2,0.0,0.0,4.62,19.2,21.25,91,60,Kediri,-7.8167,111.9667
2023-05-26,30.7,24.2,26.6,0.0,0.0,5.0,17.5,21.63,85,56,Kediri,-7.8167,111.9667
2023-05-27,30.2,23.9,26.1,0.0,0.0,4.66,22.3,19.37,84,56,Kediri,-7.8167,111.9667
2023-05-28,29.2,22.8,25.6,0.0,0.0,4.52,19.4,18.76,86,55,Kediri,-7.8167,111.9667
2023-05-29,30.5,23.6,26.2,0.0,0.0,4.58,16.6,19.46,83,53,Kediri,-7.8167,111.9667
2023-05-30,30.7,22.3,26.0,0.0,0.0,4.72,16.7,21.6,86,49,Kediri,-7.8167,111.9667
2023-05-31,30.8,23.1,26.4,0.0,0.0,4.49,16.2,20.44,93,53,Kediri,-7.8167,111.9667
2023-06-01,31.3,24.4,26.8,0.1,0.1,4.64,20.2,20.33,85,54,Kediri,-7.8167,111.9667
2023-06-02,29.7,24.7,26.6,0.0,0.0,4.23,21.4,18.78,87,67,Kediri,-7.8167,111.9667
2023-06-03,30.5,24.6,26.7,0.0,0.0,4.42,21.8,19.31,86,63,Kediri,-7.8167,111.9667
2023-06-04,29.2,24.1,26.0,1.6,1.6,3.85,21.1,18.57,91,68,Kediri,-7.8167,111.9667
2023-06-05,28.7,24.1,25.6,2.8,2.8,3.22,19.9,15.34,93,70,Kediri,-7.8167,111.9667
2023-06-06,28.3,23.8,25.2,8.0,8.0,3.07,19.9,15.33,96,73,Kediri,-7.8167,111.9667
2023-06-07,28.1,23.2,25.1,17.0,17.0,3.05,19.5,15.47,96,74,Kediri,-7.8167,111.9667
2023-06-08,29.8,23.9,26.0,3.6,3.6,3.99,19.4,18.56,92,65,Kediri,-7.8167,111.9667
2023-06-09,29.4,24.1,26.1,0.0,0.0,4.28,19.7,19.53,87,65,Kediri,-7.8167,111.9667
2023-06-10,29.7,23.5,25.8,0.0,0.0,4.14,20.2,19.16,90,62,Kediri,-7.8167,111.9667
2023-06-11,29.5,23.8,26.1,0.7,0.7,4.0,20.2,18.8,89,66,Kediri,-7.8167,111.9667
2023-06-12,30.2,24.8,26.7,4.0,4.0,4.22,16.8,19.02,86,64,Kediri,-7.8167,111.9667
2023-06-13,30.5,24.3,26.7,0.5,0.5,4.33,18.5,18.34,85,62,Kediri,-7.8167,111.9667
2023-06-14,29.8,23.8,26.2,0.0,0.0,4.31,21.4,18.34,85,61,Kediri,-7.8167,111.9667
2023-06-15,29.7,23.7,26.0,0.0,0.0,4.04,18.1,17.39,89,59,Kediri,-7.8167,111.9667
2023-06-16,30.5,23.9,26.3,0.0,0.0,4.28,17.7,19.07,88,58,Kediri,-7.8167,111.9667
2023-06-17,31.4,23.2,26.5,0.0,0.0,4.39,18.6,20.47,89,52,Kediri,-7.8167,111.9667
2023-06-18,32.4,22.3,26.9,0.0,0.0,4.43,14.8,20.79,91,46,Kediri,-7.8167,111.9667
2023-06-19,31.9,23.6,27.2,0.0,0.0,4.47,14.8,19.66,85,52,Kediri,-7.8167,111.9667
2023-06-20,31.6,23.1,27.3,0.7,0.7,4.3,13.4,18.75,84,53,Kediri,-7.8167,111.9667
2023-06-21,31.2,24.6,26.9,0.0,0.0,4.72,23.0,19.17,85,55,Kediri,-7.8167,111.9667
2023-06-22,31.8,24.3,26.7,0.0,0.0,4.69,22.0,19.88,91,52,Kediri,-7.8167,111.9667
2023-06-23,31.1,23.5,26.3,0.0,0.0,4.46,20.0,19.64,89,52,Kediri,-7.8167,111.9667
2023-06-24,30.8,22.8,26.2,0.1,0.1,4.42,19.2,20.01,88,54,Kediri,-7.8167,111.9667
2023-06-25,30.1,22.8,25.9,0.9,0.9,3.94,17.6,17.18,95,56,Kediri,-7.8167,111.9667
2023-06-26,30.0,22.4,25.6,0.5,0.5,3.93,19.6,17.93,90,57,Kediri,-7.8167,111.9667
2023-06-27,28.6,23.3,25.2,6.2,6.2,3.62,23.9,16.77,92,65,Kediri,-7.8167,111.9667
2023-06-28,29.1,23.4,25.5,3.1,3.1,3.78,21.7,17.57,90,65,Kediri,-7.8167,111.9667
2023-06-29,29.5,24.0,26.1,0.7,0.7,3.92,21.7,17.59,90,67,Kediri,-7.8167,111.9667
2023-06-30,30.0,24.4,26.3,1.1,1.1,4.11,20.4,18.39,91,63,Kediri,-7.8167,111.9667
2023-07-01,28.5,23.8,25.4,4.6,4.6,3.2,23.5,14.93,90,71,Kediri,-7.8167,111.9667
2023-07-02,27.9,24.0,25.3,8.7,8.7,3.17,22.7,14.11,91,70,Kediri,-7.8167,111.9667
2023-07-03,29.0,23.4,25.5,0.4,0.4,3.7,23.2,16.79,92,68,Kediri,-7.8167,111.9667
2023-07-04,29.6,23.2,25.6,0.0,0.0,3.78,23.5,17.89,92,65,Kediri,-7.8167,111.9667
2023-07-05,29.2,23.6,25.7,1.4,1.4,3.66,21.7,17.27,92,67,Kediri,-7.8167,111.9667
2023-07-06,28.8,24.1,25.6,2.8,2.8,3.58,20.9,17.27,94,68,Kediri,-7.8167,111.9667
2023-07-07,26.7,23.3,24.7,16.6,16.6,2.74,20.6,13.89,96,78,Kediri,-7.8167,111.9667
2023-07-08,28.6,23.0,25.2,1.9,1.9,2.81,17.9,13.47,96,69,Kediri,-7.8167,111.9667
2023-07-09,29.4,23.8,25.9,0.4,0.4,3.84,17.8,18.39,93,67,Kediri,-7.8167,111.9667
2023-07-10,29.2,22.3,25.7,0.1,0.1,4.07,19.6,19.57,87,67,Kediri,-7.8167,111.9667
2023-07-11,29.6,23.4,25.7,0.0,0.0,4.63,22.3,20.05,86,56,Kediri,-7.8167,111.9667
2023-07-12,28.8,22.8,25.4,0.0,0.0,4.67,22.6,19.16,82,55,Kediri,-7.8167,111.9667
2023-07-13,28.5,23.9,25.8,0.3,0.3,4.14,22.4,18.22,84,68,Kediri,-7.8167,111.9667
2023-07-14,28.7,23.7,25.5,0.5,0.5,4.08,26.3,17.51,90,62,Kediri,-7.8167,111.9667
2023-07-15,29.1,23.2,25.4,0.0,0.0,4.01,22.0,18.28,91,65,Kediri,-7.8167,111.9667
2023-07-16,28.3,22.8,24.9,0.6,0.6,4.17,23.7,19.16,91,65,Kediri,-7.8167,111.9667
2023-07-17,29.4,22.2,25.1,0.0,0.0,4.45,22.5,19.93,88,54,Kediri,-7.8167,111.9667
2023-07-18,30.1,23.0,25.7,0.0,0.0,4.74,20.1,20.95,87,53,Kediri,-7.8167,111.9667
2023-07-19,29.4,23.1,25.2,0.0,0.0,5.05,25.9,20.4,84,50,Kediri,-7.8167,111.9667
2023-07-20,29.4,22.7,24.9,0.0,0.0,5.09,24.4,20.53,89,51,Kediri,-7.8167,111.9667
2023-07-21,28.4,22.5,24.9,0.4,0.4,4.32,22.3,17.51,87,58,Kediri,-7.8167,111.9667
2023-07-22,30.0,22.8,25.6,0.0,0.0,4.87,20.3,20.06,81,53,Kediri,-7.8167,111.9667
2023-07-23,29.6,23.0,25.6,0.0,0.0,4.93,22.0,19.21,81,51,Kediri,-7.8167,111.9667
2023-07-24,30.0,22.5,25.6,0.0,0.0,4.59,19.8,19.86,84,56,Kediri,-7.8167,111.9667
2023-07-25,30.5,22.1,25.6,0.0,0.0,4.58,19.7,19.8,86,54,Kediri,-7.8167,111.9667
2023-07-26,30.1,22.0,25.0,0.0,0.0,4.99,22.7,21.83,90,50,Kediri,-7.8167,111.9667
2023-07-27,29.2,21.2,24.4,0.0,0.0,4.85,23.4,21.75,87,52,Kediri,-7.8167,111.9667
2023-07-28,29.4,21.9,24.6,0.0,0.0,4.78,22.0,20.43,87,49,Kediri,-7.8167,111.9667
2023-07-29,29.1,22.2,24.8,0.0,0.0,5.05,23.5,20.81,80,52,Kediri,-7.8167,111.9667
2023-07-30,28.6,21.7,24.5,0.0,0.0,4.4,23.4,17.38,84,52,Kediri,-7.8167,111.9667
2023-07-31,29.8,22.0,25.1,0.0,0.0,4.73,19.7,20.97,85,53,Kediri,-7.8167,111.9667
2023-08-01,31.0,22.6,25.9,0.0,0.0,4.65,21.8,20.99,87,52,Kediri,-7.8167,111.9667
2023-08-02,31.0,22.6,26.0,0.0,0.0,4.55,18.2,21.1,91,54,Kediri,-7.8167,111.9667
2023-08-03,30.9,22.5,25.7,0.0,0.0,4.38,21.2,19.47,95,55,Kediri,-7.8167,111.9667
2023-08-04,28.9,23.4,25.6,0.0,0.0,4.46,25.9,18.31,90,57,Kediri,-7.8167,111.9667
2023-08-05,30.4,23.4,25.9,0.2,0.2,4.75,23.1,19.86,88,53,Kediri,-7.8167,111.9667
2023-08-06,30.1,23.5,25.8,0.2,0.2,4.57,23.6,20.0,86,57,Kediri,-7.8167,111.9667
2023-08-07,30.5,23.4,26.0,0.0,0.0,4.78,24.0,20.54,87,56,Kediri,-7.8167,111.9667
2023-08-08,30.6,22.5,25.6,0.0,0.0,5.06,23.7,22.1,85,48,Kediri,-7.8167,111.9667
2023-08-09,30.9,22.3,25.4,0.0,0.0,5.24,22.0,22.45,82,45,Kediri,-7.8167,111.9667
2023-08-10,30.2,22.0,24.9,0.0,0.0,5.45,24.6,23.64,88,44,Kediri,-7.8167,111.9667
2023-08-11,29.8,21.9,24.8,0.0,0.0,5.52,22.3,23.51,85,47,Kediri,-7.8167,111.9667
2023-08-12,30.1,21.3,24.7,0.0,0.0,5.06,21.3,21.61,78,47,Kediri,-7.8167,111.9667
2023-08-13,30.7,20.8,25.2,0.0,0.0,5.37,20.1,23.01,83,46,Kediri,-7.8167,111.9667
2023-08-14,30.9,22.9,25.6,0.0,0.0,5.59,23.5,23.0,84,45,Kediri,-7.8167,111.9667
2023-08-15,31.0,22.5,25.7,0.0,0.0,4.87,22.8,20.03,87,49,Kediri,-7.8167,111.9667
2023-08-16,31.3,22.5,25.6,0.0,0.0,5.65,24.5,22.55,85,44,Kediri,-7.8167,111.9667
2023-08-17,28.0,22.0,24.3,0.1,0.1,4.31,22.9,18.22,90,58,Kediri,-7.8167,111.9667
2023-08-18,29.0,21.8,24.5,0.0,0.0,4.46,25.0,18.41,87,55,Kediri,-7.8167,111.9667
2023-08-19,30.7,21.9,25.6,0.0,0.0,4.95,21.5,20.98,86,48,Kediri,-7.8167,111.9667
2023-08-20,30.3,22.5,25.5,0.0,0.0,4.73,22.5,20.47,94,52,Kediri,-7.8167,111.9667
2023-08-21,30.4,23.1,25.9,0.0,0.0,5.2,24.5,20.6,77,49,Kediri,-7.8167,111.9667
2023-08-22,30.0,23.2,25.6,0.0,0.0,4.96,21.9,19.91,83,53,Kediri,-7.8167,111.9667
2023-08-23,29.5,22.3,25.0,0.0,0.0,4.88,23.5,20.3,86,55,Kediri,-7.8167,111.9667
2023-08-24,30.9,22.6,25.7,0.0,0.0,5.33,22.1,22.89,87,49,Kediri,-7.8167,111.9667
2023-08-25,30.9,23.3,25.8,0.0,0.0,4.99,24.3,20.94,87,54,Kediri,-7.8167,111.9667
2023-08-26,30.2,22.6,25.4,0.0,0.0,4.79,22.0,20.66,87,55,Kediri,-7.8167,111.9667
2023-08-27,30.1,22.4,25.1,0.0,0.0,5.03,24.9,21.55,88,52,Kediri,-7.8167,111.9667
2023-08-28,31.3,22.3,25.6,0.0,0.0,5.88,22.9,24.78,88,44,Kediri,-7.8167,111.9667
2023-08-29,31.7,22.7,26.1,0.0,0.0,5.87,19.2,24.41,84,45,Kediri,-7.8167,111.9667
2023-08-30,31.8,22.1,25.8,0.0,0.0,5.58,20.5,24.28,92,40,Kediri,-7.8167,111.9667
2023-08-31,30.7,22.2,25.3,0.0,0.0,4.94,26.3,21.52,95,48,Kediri,-7.8167,111.9667
2023-09-01,30.2,22.1,24.9,0.0,0.0,5.61,25.4,24.26,92,45,Kediri,-7.8167,111.9667
2023-09-02,30.0,21.3,24.6,0.0,0.0,5.41,23.6,23.54,87,44,Kediri,-7.8167,111.9667
2023-09-03,30.5,21.9,24.7,0.0,0.0,5.25,26.8,22.34,89,41,Kediri,-7.8167,111.9667
2023-09-04,30.8,21.8,25.1,0.1,0.1,6.42,23.7,25.52,86,38,Kediri,-7.8167,111.9667
2023-09-05,31.4,22.4,25.5,0.0,0.0,6.11,25.1,24.86,83,44,Kediri,-7.8167,111.9667
2023-09-06,29.6,22.8,25.5,0.0,0.0,5.08,28.0,20.79,86,55,Kediri,-7.8167,111.9667
2023-09-07,30.4,22.5,25.4,0.0,0.0,5.28,27.4,22.17,88,50,Kediri,-7.8167,111.9667
2023-09-08,31.3,22.6,25.8,0.0,0.0,5.97,24.4,23.73,84,45,Kediri,-7.8167,111.9667
2023-09-09,31.4,22.2,25.5,0.0,0.0,6.44,23.6,25.97,83,40,Kediri,-7.8167,111.9667
2023-09-10,30.2,21.6,25.0,0.0,0.0,5.19,27.0,22.05,90,51,Kediri,-7.8167,111.9667
2023-09-11,31.4,23.5,26.2,0.0,0.0,5.17,22.9,21.67,88,53,Kediri,-7.8167,111.9667
2023-09-12,31.1,23.7,26.4,0.2,0.2,5.3,26.8,22.2,87,53,Kediri,-7.8167,111.9667
2023-09-13,30.9,23.1,26.2,0.1,0.1,5.57,24.9,23.3,83,52,Kediri,-7.8167,111.9667
2023-09-14,29.0,23.3,25.6,1.4,1.4,4.92,24.2,20.14,87,56,Kediri,-7.8167,111.9667
2023-09-15,30.8,23.1,26.0,0.1,0.1,5.32,25.3,21.92,85,53,Kediri,-7.8167,111.9667
2023-09-16,31.3,23.7,26.4,0.2,0.2,5.4,23.2,22.4,85,50,Kediri,-7.8167,111.9667
2023-09-17,31.1,23.2,26.3,0.0,0.0,5.44,25.1,22.54,86,52,Kediri,-7.8167,111.9667
2023-09-18,30.2,23.1,25.8,0.0,0.0,5.43,26.2,22.54,83,51,Kediri,-7.8167,111.9667
2023-09-19,30.8,23.1,25.8,0.0,0.0,5.68,26.8,23.57,82,49,Kediri,-7.8167,111.9667
2023-09-20,31.3,22.9,26.1,0.0,0.0,6.15,25.8,24.88,80,48,Kediri,-7.8167,111.9667
2023-09-21,31.8,22.8,26.1,0.0,0.0,6.45,27.5,25.49,82,44,Kediri,-7.8167,111.9667
2023-09-22,31.3,22.4,25.5,0.0,0.0,6.08,27.8,24.79,83,37,Kediri,-7.8167,111.9667
2023-09-23,32.1,22.3,26.0,0.0,0.0,5.9,22.8,24.87,80,41,Kediri,-7.8167,111.9667
2023-09-24,31.8,23.1,26.5,0.0,0.0,5.64,23.8,23.48,90,48,Kediri,-7.8167,111.9667
2023-09-25,31.2,23.4,26.3,0.1,0.1,5.95,26.4,25.35,90,47,Kediri,-7.8167,111.9667
2023-09-26,31.9,23.0,26.4,0.0,0.0,6.49,24.2,26.24,85,42,Kediri,-7.8167,111.9667
2023-09-27,32.0,23.5,26.7,0.0,0.0,5.98,18.6,24.82,88,42,Kediri,-7.8167,111.9667
2023-09-28,33.5,23.4,27.1,0.0,0.0,6.06,20.9,25.06,90,41,Kediri,-7.8167,111.9667
2023-09-29,32.7,23.9,27.5,0.0,0.0,6.2,22.5,25.29,91,47,Kediri,-7.8167,111.9667
2023-09-30,32.9,23.6,27.3,0.0,0.0,6.48,25.4,25.87,86,39,Kediri,-7.8167,111.9667
2023-10-01,32.4,23.5,27.1,0.0,0.0,6.64,22.1,26.29,78,42,Kediri,-7.8167,111.9667
2023-10-02,31.2,23.6,26.5,0.9,0.9,5.83,26.8,23.95,79,48,Kediri,-7.8167,111.9667
2023-10-03,31.9,23.5,26.9,0.5,0.5,5.72,24.0,23.79,83,49,Kediri,-7.8167,111.9667
2023-10-04,33.4,23.8,27.6,0.3,0.3,6.05,22.0,25.2,81,45,Kediri,-7.8167,111.9667
2023-10-05,34.3,24.6,28.0,1.1,1.1,5.77,22.6,23.72,88,44,Kediri,-7.8167,111.9667
2023-10-06,33.6,24.6,28.1,0.3,0.3,5.96,20.2,24.45,92,48,Kediri,-7.8167,111.9667
2023-10-07,32.8,24.8,27.9,0.7,0.7,5.85,21.3,24.13,89,49,Kediri,-7.8167,111.9667
2023-10-08,33.2,24.9,28.1,0.3,0.3,5.93,22.2,24.15,84,46,Kediri,-7.8167,111.9667
2023-10-09,34.3,25.0,28.5,0.8,0.8,6.4,20.2,25.33,80,39,Kediri,-7.8167,111.9667
2023-10-10,33.1,24.2,27.8,0.0,0.0,6.53,24.9,25.84,80,42,Kediri,-7.8167,111.9667
2023-10-11,33.5,23.8,27.6,0.0,0.0,6.6,21.9,26.77,91,41,Kediri,-7.8167,111.9667
2023-10-12,33.1,23.9,27.8,0.0,0.0,6.29,19.1,25.07,85,40,Kediri,-7.8167,111.9667
2023-10-13,33.2,24.8,28.0,0.4,0.4,6.32,21.6,24.66,81,45,Kediri,-7.8167,111.9667
2023-10-14,33.0,24.8,28.0,1.0,1.0,5.98,19.9,24.37,80,45,Kediri,-7.8167,111.9667
2023-10-15,33.9,24.4,28.4,1.4,1.4,6.23,17.9,24.85,89,42,Kediri,-7.8167,111.9667
2023-10-16,34.1,25.5,28.4,1.1,1.1,6.08,20.2,24.0,86,45,Kediri,-7.8167,111.9667
2023-10-17,34.1,25.2,28.4,1.1,1.1,6.29,20.9,24.87,85,39,Kediri,-7.8167,111.9667
2023-10-18,33.7,24.5,28.1,0.9,0.9,6.16,22.6,25.11,91,43,Kediri,-7.8167,111.9667
2023-10-19,33.5,24.1,27.9,1.3,1.3,5.62,17.3,23.78,94,47,Kediri,-7.8167,111.9667
2023-10-20,33.3,24.3,28.0,0.8,0.8,6.07,22.5,25.02,83,48,Kediri,-7.8167,111.9667
2023-10-21,33.8,23.4,28.3,0.0,0.0,6.8,20.3,26.63,88,39,Kediri,-7.8167,111.9667
2023-10-22,34.7,23.6,28.3,0.0,0.0,6.39,19.8,25.64,85,37,Kediri,-7.8167,111.9667
2023-10-23,32.7,23.6,27.7,0.5,0.5,5.82,20.6,24.37,93,46,Kediri,-7.8167,111.9667
2023-10-24,33.0,24.1,27.8,0.2,0.2,5.97,21.5,24.92,83,49,Kediri,-7.8167,111.9667
2023-10-25,34.1,23.9,28.0,0.1,0.1,6.03,21.5,24.61,87,42,Kediri,-7.8167,111.9667
2023-10-26,34.4,24.5,28.4,0.0,0.0,6.32,20.4,24.87,87,42,Kediri,-7.8167,111.9667
2023-10-27,34.4,24.4,28.4,0.5,0.5,6.34,20.5,25.13,88,40,Kediri,-7.8167,111.9667
2023-10-28,34.3,23.8,27.8,2.9,2.9,5.93,23.3,24.22,89,41,Kediri,-7.8167,111.9667
2023-10-29,33.8,24.4,28.4,0.0,0.0,6.39,21.3,24.6,86,43,Kediri,-7.8167,111.9667
2023-10-30,33.1,24.9,28.1,0.3,0.3,6.16,24.0,24.97,85,46,Kediri,-7.8167,111.9667
2023-10-31,33.4,24.9,28.7,2.6,2.6,6.4,23.8,25.31,81,48,Kediri,-7.8167,111.9667
2023-11-01,34.3,25.2,29.0,1.6,1.6,6.79,23.8,25.55,82,42,Kediri,-7.8167,111.9667
2023-11-02,34.6,25.7,29.0,0.0,0.0,6.74,23.2,26.26,82,40,Kediri,-7.8167,111.9667
2023-11-03,34.0,25.6,28.1,6.1,6.1,5.27,20.1,22.43,89,49,Kediri,-7.8167,111.9667
2023-11-04,33.0,25.3,28.1,2.9,2.9,5.32,18.4,21.96,88,50,Kediri,-7.8167,111.9667
2023-11-05,33.9,25.5,28.4,0.9,0.9,5.71,20.0,24.37,86,49,Kediri,-7.8167,111.9667
2023-11-06,34.4,25.4,28.5,0.7,0.7,6.05,22.0,25.05,91,44,Kediri,-7.8167,111.9667
2023-11-07,34.0,24.4,28.2,1.8,1.8,5.89,21.7,24.68,87,49,Kediri,-7.8167,111.9667
2023-11-08,36.0,24.4,28.9,2.0,2.0,6.17,22.4,25.3,90,38,Kediri,-7.8167,111.9667
2023-11-09,35.0,25.3,29.1,0.9,0.9,6.41,22.6,24.57,87,42,Kediri,-7.8167,111.9667
2023-11-10,34.3,25.0,28.4,1.9,1.9,5.73,21.1,23.59,84,47,Kediri,-7.8167,111.9667
2023-11-11,34.8,24.1,28.1,1.5,1.5,5.91,21.9,24.83,90,44,Kediri,-7.8167,111.9667
2023-11-12,32.5,24.5,27.8,0.4,0.4,5.55,22.7,23.12,89,51,Kediri,-7.8167,111.9667
2023-11-13,34.2,25.3,28.3,1.9,1.9,5.77,23.1,23.94,85,45,Kediri,-7.8167,111.9667
2023-11-14,32.2,25.4,27.9,6.1,6.1,5.0,20.6,21.6,86,57,Kediri,-7.8167,111.9667
2023-11-15,32.6,25.5,27.9,1.0,1.0,5.21,21.3,22.63,88,57,Kediri,-7.8167,111.9667
2023-11-16,32.6,25.1,28.0,1.3,1.3,5.47,24.4,23.58,90,54,Kediri,-7.8167,111.9667
2023-11-17,33.1,25.1,28.1,0.0,0.0,6.11,24.5,24.87,88,48,Kediri,-7.8167,111.9667
2023-11-18,32.7,24.3,27.7,0.1,0.1,6.02,28.0,25.27,88,51,Kediri,-7.8167,111.9667
2023-11-19,32.5,24.4,27.7,0.2,0.2,6.09,27.4,25.11,87,53,Kediri,-7.8167,111.9667
2023-11-20,32.8,24.8,28.1,0.9,0.9,5.74,24.9,23.64,87,55,Kediri,-7.8167,111.9667
2023-11-21,33.6,25.2,28.7,1.7,1.7,6.2,21.1,24.74,84,47,Kediri,-7.8167,111.9667
2023-11-22,33.0,25.8,28.7,2.3,2.3,5.91,22.7,23.69,83,53,Kediri,-7.8167,111.9667
2023-11-23,33.7,26.0,28.8,2.8,2.8,5.5,19.3,21.56,85,52,Kediri,-7.8167,111.9667
2023-11-24,32.6,25.2,27.5,24.5,24.5,4.67,18.0,21.1,92,58,Kediri,-7.8167,111.9667
2023-11-25,33.5,24.2,26.9,1.9,1.9,4.65,9.7,21.81,95,55,Kediri,-7.8167,111.9667
2023-11-26,32.2,24.0,27.7,0.1,0.1,5.64,22.1,24.1,90,57,Kediri,-7.8167,111.9667
2023-11-27,32.8,23.9,27.7,1.2,1.2,5.59,18.1,24.26,87,48,Kediri,-7.8167,111.9667
2023-11-28,29.5,24.2,26.5,7.6,7.6,3.29,16.2,13.59,93,67,Kediri,-7.8167,111.9667
2023-11-29,31.7,24.9,27.0,6.6,6.6,4.47,18.4,20.18,87,58,Kediri,-7.8167,111.9667
2023-11-30,31.7,24.7,27.0,3.4,3.4,4.34,19.8,20.07,92,61,Kediri,-7.8167,111.9667
2023-12-01,28.7,24.6,25.7,14.8,14.8,2.59,16.3,12.7,95,75,Kediri,-7.8167,111.9667
2023-12-02,30.3,24.5,26.2,6.1,6.1,3.44,17.4,15.61,93,69,Kediri,-7.8167,111.9667
2023-12-03,31.0,24.5,26.7,3.7,3.7,4.46,17.4,20.82,90,66,Kediri,-7.8167,111.9667
2023-12-04,30.8,24.9,26.9,3.7,3.7,4.09,18.4,18.37,94,62,Kediri,-7.8167,111.9667
2023-12-05,30.1,24.6,26.9,3.0,3.0,4.24,18.7,19.78,91,68,Kediri,-7.8167,111.9667
2023-12-06,31.8,25.0,27.9,1.5,1.5,5.07,17.0,22.28,90,60,Kediri,-7.8167,111.9667
2023-12-07,31.8,25.0,27.7,2.8,2.8,4.92,20.2,21.86,96,57,Kediri,-7.8167,111.9667
2023-12-08,31.0,24.2,27.2,9.3,9.3,3.98,16.2,18.45,97,64,Kediri,-7.8167,111.9667
2023-12-09,31.9,24.2,27.5,1.2,1.2,4.39,15.8,18.62,98,59,Kediri,-7.8167,111.9667
2023-12-10,30.9,25.2,27.1,7.0,7.0,4.09,17.9,17.02,88,60,Kediri,-7.8167,111.9667
2023-12-11,31.9,24.7,27.7,0.2,0.2,5.91,26.0,24.32,85,54,Kediri,-7.8167,111.9667
2023-12-12,32.8,23.7,27.9,3.1,3.1,5.6,20.2,23.86,87,50,Kediri,-7.8167,111.9667
2023-12-13,30.9,24.1,27.0,15.7,15.7,4.23,13.1,19.93,95,62,Kediri,-7.8167,111.9667
2023-12-14,31.8,24.2,27.4,0.8,0.8,4.53,18.4,18.91,96,56,Kediri,-7.8167,111.9667
2023-12-15,32.5,24.6,27.6,2.2,2.2,5.19,18.7,21.32,88,54,Kediri,-7.8167,111.9667
2023-12-16,33.6,23.5,27.9,0.3,0.3,6.11,22.8,25.15,80,48,Kediri,-7.8167,111.9667
2023-12-17,33.5,24.3,28.2,0.1,0.1,6.46,24.5,25.23,82,45,Kediri,-7.8167,111.9667
2023-12-18,33.6,24.4,27.8,0.0,0.0,6.37,24.3,24.16,80,41,Kediri,-7.8167,111.9667
2023-12-19,32.6,23.5,27.5,0.0,0.0,6.79,24.6,24.31,83,40,Kediri,-7.8167,111.9667
2023-12-20,32.8,23.7,27.7,0.0,0.0,6.69,24.9,23.29,70,41,Kediri,-7.8167,111.9667
2023-12-21,34.1,23.7,28.1,0.0,0.0,6.08,23.1,22.94,75,40,Kediri,-7.8167,111.9667
2023-12-22,34.4,24.3,28.5,1.9,1.9,6.09,23.8,23.85,82,42,Kediri,-7.8167,111.9667
2023-12-23,35.0,25.2,29.2,0.0,0.0,6.91,22.0,26.39,77,39,Kediri,-7.8167,111.9667
2023-12-24,35.0,24.6,29.0,2.2,2.2,6.51,18.7,25.95,71,39,Kediri,-7.8167,111.9667
2023-12-25,34.2,25.2,27.8,13.1,13.1,4.41,10.1,20.24,94,44,Kediri,-7.8167,111.9667
2023-12-26,32.9,24.2,27.7,1.1,1.1,4.46,20.6,18.35,99,49,Kediri,-7.8167,111.9667
2023-12-27,32.0,25.2,28.0,3.3,3.3,5.04,19.2,22.1,85,60,Kediri,-7.8167,111.9667
2023-12-28,33.2,25.0,27.7,7.6,7.6,4.55,19.9,20.46,90,56,Kediri,-7.8167,111.9667
2023-12-29,32.6,24.7,27.7,2.9,2.9,4.99,22.2,22.65,94,58,Kediri,-7.8167,111.9667
2023-12-30,31.6,24.6,27.4,27.4,27.4,4.52,17.3,21.02,95,60,Kediri,-7.8167,111.9667
2023-12-31,31.8,24.9,27.5,12.5,12.5,4.62,19.8,21.0,92,61,Kediri,-7.8167,111.9667
2024-01-01,31.2,24.8,27.1,11.9,11.9,3.41,11.9,16.15,94,68,Kediri,-7.8167,111.9667
2024-01-02,31.8,24.3,27.0,8.9,8.9,4.36,14.5,21.09,98,67,Kediri,-7.8167,111.9667
2024-01-03,30.6,24.6,26.8,6.1,6.1,3.91,16.7,19.17,96,68,Kediri,-7.8167,111.9667
2024-01-04,32.1,24.2,26.4,10.3,10.3,4.08,12.9,20.13,99,64,Kediri,-7.8167,111.9667
2024-01-05,31.3,24.0,26.5,10.0,10.0,3.79,15.5,18.27,99,68,Kediri,-7.8167,111.9667
2024-01-06,30.9,24.3,26.8,10.3,10.3,3.51,13.0,16.76,95,67,Kediri,-7.8167,111.9667
2024-01-07,30.4,24.3,26.0,19.8,19.8,3.05,10.9,14.74,98,71,Kediri,-7.8167,111.9667
2024-01-08,30.7,23.8,26.4,14.6,14.6,4.29,10.1,21.11,97,69,Kediri,-7.8167,111.9667
2024-01-09,30.5,23.8,26.6,8.3,8.3,3.53,10.3,17.0,97,69,Kediri,-7.8167,111.9667
2024-01-10,31.0,23.7,26.6,13.8,13.8,4.21,10.2,20.49,100,69,Kediri,-7.8167,111.9667
2024-01-11,32.2,24.4,27.3,0.8,0.8,4.97,11.5,24.07,96,64,Kediri,-7.8167,111.9667
2024-01-12,31.7,22.7,27.1,0.0,0.0,5.1,21.8,22.84,93,59,Kediri,-7.8167,111.9667
2024-01-13,32.0,24.6,27.7,0.0,0.0,5.57,22.0,24.01,84,59,Kediri,-7.8167,111.9667
2024-01-14,31.4,24.4,27.3,0.0,0.0,4.16,16.2,16.83,89,54,Kediri,-7.8167,111.9667
2024-01-15,31.7,24.3,27.4,0.9,0.9,4.29,12.8,19.86,90,58,Kediri,-7.8167,111.9667
2024-01-16,31.4,24.4,27.0,5.1,5.1,4.08,11.8,19.5,99,63,Kediri,-7.8167,111.9667
2024-01-17,29.3,23.3,25.6,79.8,79.8,3.0,12.6,15.04,99,77,Kediri,-7.8167,111.9667
2024-01-18,30.2,23.9,26.2,6.3,6.3,2.7,15.9,12.52,99,70,Kediri,-7.8167,111.9667
2024-01-19,28.9,23.6,25.7,5.1,5.1,2.28,15.5,10.25,99,73,Kediri,-7.8167,111.9667
2024-01-20,30.9,23.4,26.7,0.5,0.5,4.24,13.2,19.63,98,59,Kediri,-7.8167,111.9667
2024-01-21,31.1,23.4,27.0,1.9,1.9,4.07,11.6,19.04,97,59,Kediri,-7.8167,111.9667
2024-01-22,30.1,23.2,26.4,9.8,9.8,3.73,7.4,18.28,98,74,Kediri,-7.8167,111.9667
2024-01-23,31.0,24.2,27.4,0.5,0.5,3.58,9.4,16.44,96,60,Kediri,-7.8167,111.9667
2024-01-24,29.3,24.3,26.0,18.6,18.6,3.47,9.0,17.33,97,70,Kediri,-7.8167,111.9667
2024-01-25,30.1,24.0,26.3,41.6,41.6,4.12,10.7,20.38,97,70,Kediri,-7.8167,111.9667
2024-01-26,30.7,23.4,25.7,15.1,15.1,3.82,11.4,19.02,100,71,Kediri,-7.8167,111.9667
2024-01-27,29.7,23.3,25.4,25.3,25.3,3.41,9.7,17.21,99,78,Kediri,-7.8167,111.9667
2024-01-28,28.3,23.7,25.6,100.4,100.4,3.41,7.6,17.38,95,79,Kediri,-7.8167,111.9667
2024-01-29,28.0,23.7,25.5,37.2,37.2,2.5,7.8,12.27,98,83,Kediri,-7.8167,111.9667
2024-01-30,29.0,23.7,25.7,26.7,26.7,2.97,10.2,14.72,99,77,Kediri,-7.8167,111.9667
2024-01-31,29.4,23.0,25.9,28.9,28.9,3.78,8.1,18.99,97,75,Kediri,-7.8167,111.9667
2024-02-01,29.8,24.0,26.1,37.1,37.1,4.21,8.7,20.96,100,71,Kediri,-7.8167,111.9667
2024-02-02,28.7,24.1,26.1,34.5,34.5,3.07,7.5,15.15,99,76,Kediri,-7.8167,111.9667
2024-02-03,26.9,24.1,25.1,64.2,64.2,1.94,9.0,9.7,99,85,Kediri,-7.8167,111.9667
2024-02-04,29.6,23.7,25.7,27.1,27.1,3.11,10.9,15.18,99,73,Kediri,-7.8167,111.9667
2024-02-05,28.5,23.8,25.5,53.8,53.8,2.75,8.8,13.76,100,81,Kediri,-7.8167,111.9667
2024-02-06,27.8,23.6,25.1,60.6,60.6,2.43,13.0,12.14,100,84,Kediri,-7.8167,111.9667
2024-02-07,29.0,23.6,25.8,3.9,3.9,3.58,9.4,17.6,98,73,Kediri,-7.8167,111.9667
2024-02-08,30.3,23.3,25.9,3.1,3.1,3.97,10.0,19.34,97,65,Kediri,-7.8167,111.9667
2024-02-09,31.1,23.9,26.6,8.6,8.6,4.61,13.3,22.72,96,68,Kediri,-7.8167,111.9667
2024-02-10,28.9,23.7,25.6,36.7,36.7,2.93,5.2,14.43,99,84,Kediri,-7.8167,111.9667
2024-02-11,29.3,23.7,25.6,37.4,37.4,2.99,13.5,14.96,100,80,Kediri,-7.8167,111.9667
2024-02-12,30.0,23.3,25.7,88.6,88.6,3.7,6.7,18.61,97,83,Kediri,-7.8167,111.9667
2024-02-13,30.8,23.9,26.8,19.6,19.6,4.24,8.0,20.85,95,75,Kediri,-7.8167,111.9667
2024-02-14,29.6,24.5,26.5,12.1,12.1,3.65,8.4,17.97,96,79,Kediri,-7.8167,111.9667
2024-02-15,31.1,24.2,26.9,2.2,2.2,4.41,13.5,21.43,98,70,Kediri,-7.8167,111.9667
2024-02-16,31.7,24.1,27.4,1.5,1.5,5.14,13.1,24.85,97,63,Kediri,-7.8167,111.9667
2024-02-17,30.1,24.2,26.4,7.1,7.1,3.91,15.1,19.53,99,70,Kediri,-7.8167,111.9667
2024-02-18,29.6,23.7,26.5,3.3,3.3,3.91,13.0,19.31,99,71,Kediri,-7.8167,111.9667
2024-02-19,31.1,24.0,26.7,5.5,5.5,4.58,12.0,22.82,97,71,Kediri,-7.8167,111.9667
2024-02-20,31.6,24.8,27.1,6.0,6.0,4.21,9.5,20.18,99,68,Kediri,-7.8167,111.9667
2024-02-21,31.4,24.1,26.9,3.0,3.0,4.64,8.7,22.6,100,72,Kediri,-7.8167,111.9667
2024-02-22,31.2,24.0,27.4,3.8,3.8,4.35,9.2,21.15,100,68,Kediri,-7.8167,111.9667
2024-02-23,30.0,24.4,26.4,16.2,16.2,3.33,6.9,16.47,100,77,Kediri,-7.8167,111.9667
2024-02-24,30.5,23.8,26.1,21.2,21.2,3.47,11.0,17.18,100,66,Kediri,-7.8167,111.9667
2024-02-25,29.6,23.7,25.7,32.9,32.9,3.03,14.6,15.49,99,78,Kediri,-7.8167,111.9667
2024-02-26,29.4,23.9,26.2,20.3,20.3,3.45,8.2,17.09,100,75,Kediri,-7.8167,111.9667
2024-02-27,30.6,24.1,26.8,17.2,17.2,4.1,9.8,19.97,96,69,Kediri,-7.8167,111.9667
2024-02-28,29.9,24.5,26.3,22.9,22.9,4.07,12.4,20.96,98,74,Kediri,-7.8167,111.9667
2024-02-29,30.5,24.6,27.1,1.1,1.1,4.3,9.4,21.22,96,72,Kediri,-7.8167,111.9667
2024-03-01,28.8,24.6,26.2,84.2,84.2,3.24,12.2,16.8,99,83,Kediri,-7.8167,111.9667
2024-03-02,28.8,24.1,26.0,67.0,67.0,3.27,7.1,16.31,100,80,Kediri,-7.8167,111.9667
2024-03-03,30.6,24.2,26.5,39.2,39.2,4.1,7.1,20.09,97,73,Kediri,-7.8167,111.9667
2024-03-04,28.8,24.4,26.4,35.1,35.1,3.0,10.6,14.72,99,78,Kediri,-7.8167,111.9667
2024-03-05,29.1,24.5,26.4,25.9,25.9,3.4,8.5,16.71,99,77,Kediri,-7.8167,111.9667
2024-03-06,30.5,24.1,26.6,11.9,11.9,4.05,7.9,19.9,100,71,Kediri,-7.8167,111.9667
2024-03-07,28.9,24.2,26.3,26.8,26.8,3.13,7.1,15.39,100,81,Kediri,-7.8167,111.9667
2024-03-08,29.2,24.5,26.1,61.6,61.6,3.11,9.4,15.64,100,80,Kediri,-7.8167,111.9667
2024-03-09,26.5,23.6,24.8,78.2,78.2,1.14,10.0,5.21,100,88,Kediri,-7.8167,111.9667
2024-03-10,28.2,22.8,25.0,68.9,68.9,2.57,10.2,12.77,100,80,Kediri,-7.8167,111.9667
2024-03-11,29.2,23.5,26.1,26.1,26.1,2.84,15.5,14.34,99,77,Kediri,-7.8167,111.9667
2024-03-12,28.7,25.3,26.6,3.2,3.2,2.91,21.6,12.48,92,76,Kediri,-7.8167,111.9667
2024-03-13,27.8,24.7,25.9,5.1,5.1,2.11,20.7,8.86,94,82,Kediri,-7.8167,111.9667
2024-03-14,28.3,24.6,25.9,10.2,10.2,1.89,17.3,7.71,99,81,Kediri,-7.8167,111.9667
2024-03-15,28.9,23.8,25.9,34.7,34.7,2.98,9.3,14.94,100,81,Kediri,-7.8167,111.9667
2024-03-16,29.5,23.2,25.8,23.2,23.2,4.25,11.4,21.64,100,73,Kediri,-7.8167,111.9667
2024-03-17,28.9,22.9,25.3,23.8,23.8,3.87,10.0,19.87,100,75,Kediri,-7.8167,111.9667
2024-03-18,29.8,22.7,25.8,10.6,10.6,4.25,10.8,21.52,98,72,Kediri,-7.8167,111.9667
2024-03-19,30.5,23.2,26.6,0.9,0.9,5.02,13.0,25.38,96,66,Kediri,-7.8167,111.9667
2024-03-20,31.2,23.2,26.9,0.9,0.9,4.95,7.8,24.59,96,59,Kediri,-7.8167,111.9667
2024-03-21,30.6,23.8,26.4,16.9,16.9,4.57,9.7,23.01,97,72,Kediri,-7.8167,111.9667
2024-03-22,31.1,23.9,26.8,2.7,2.7,4.6,12.6,22.63,93,65,Kediri,-7.8167,111.9667
2024-03-23,31.3,24.1,27.4,0.0,0.0,5.35,16.9,25.52,86,65,Kediri,-7.8167,111.9667
2024-03-24,31.6,24.2,27.0,2.5,2.5,4.93,15.2,24.28,91,62,Kediri,-7.8167,111.9667
2024-03-25,31.1,24.5,27.3,0.1,0.1,5.1,18.4,23.87,89,58,Kediri,-7.8167,111.9667
2024-03-26,30.5,25.6,27.3,4.2,4.2,4.9,16.2,23.01,84,71,Kediri,-7.8167,111.9667
2024-03-27,30.7,25.3,27.5,0.3,0.3,5.05,19.4,22.82,82,62,Kediri,-7.8167,111.9667
2024-03-28,29.5,25.0,26.5,15.3,15.3,3.38,13.3,16.07,91,74,Kediri,-7.8167,111.9667
2024-03-29,30.3,24.6,27.0,3.3,3.3,4.54,15.5,22.61,89,71,Kediri,-7.8167,111.9667
2024-03-30,31.3,25.2,27.7,0.6,0.6,4.9,16.0,23.5,89,67,Kediri,-7.8167,111.9667
2024-03-31,30.7,25.3,27.6,0.9,0.9,5.01,18.7,23.44,90,68,Kediri,-7.8167,111.9667
2024-04-01,30.7,25.3,27.2,10.4,10.4,4.33,16.3,20.5,93,70,Kediri,-7.8167,111.9667
2024-04-02,29.7,24.7,26.8,11.5,11.5,3.58,16.9,17.36,91,75,Kediri,-7.8167,111.9667
2024-04-03,31.6,24.9,27.6,1.2,1.2,4.58,14.8,22.06,91,69,Kediri,-7.8167,111.9667
2024-04-04,31.8,25.0,27.8,0.8,0.8,5.03,15.8,24.17,95,65,Kediri,-7.8167,111.9667
2024-04-05,31.2,24.7,27.5,0.7,0.7,3.83,13.8,17.67,98,66,Kediri,-7.8167,111.9667
2024-04-06,31.2,24.3,27.5,0.8,0.8,4.62,13.0,21.83,100,64,Kediri,-7.8167,111.9667
2024-04-07,31.8,24.4,26.9,6.1,6.1,4.11,12.0,19.73,99,65,Kediri,-7.8167,111.9667
2024-04-08,28.8,24.3,26.3,41.0,41.0,2.81,10.8,13.58,99,79,Kediri,-7.8167,111.9667
2024-04-09,28.9,24.6,25.9,33.8,33.8,2.91,7.3,14.13,99,78,Kediri,-7.8167,111.9667
2024-04-10,29.5,24.3,26.1,45.8,45.8,2.65,12.2,13.01,96,82,Kediri,-7.8167,111.9667
2024-04-11,29.9,23.9,26.2,13.6,13.6,3.06,9.0,15.12,98,79,Kediri,-7.8167,111.9667
2024-04-12,30.8,24.3,26.9,6.3,6.3,4.34,13.7,21.46,98,67,Kediri,-7.8167,111.9667
2024-04-13,30.5,24.5,26.8,12.0,12.0,4.06,10.1,19.65,93,66,Kediri,-7.8167,111.9667
2024-04-14,30.8,24.9,26.9,7.0,7.0,4.21,15.5,20.77,91,71,Kediri,-7.8167,111.9667
2024-04-15,30.9,24.5,26.8,8.6,8.6,4.37,9.8,21.3,96,66,Kediri,-7.8167,111.9667
2024-04-16,30.7,24.0,27.0,2.7,2.7,4.61,18.1,22.08,94,67,Kediri,-7.8167,111.9667
2024-04-17,28.4,25.3,26.5,24.8,24.8,3.17,18.9,14.45,92,80,Kediri,-7.8167,111.9667
2024-04-18,29.9,25.0,26.5,4.6,4.6,3.87,16.8,18.82,89,75,Kediri,-7.8167,111.9667
2024-04-19,30.7,25.4,26.8,2.5,2.5,4.33,11.8,20.95,93,72,Kediri,-7.8167,111.9667
2024-04-20,31.1,25.2,27.2,2.6,2.6,4.29,14.7,21.15,93,66,Kediri,-7.8167,111.9667
2024-04-21,30.3,24.5,26.7,9.9,9.9,3.73,15.0,18.35,95,72,Kediri,-7.8167,111.9667
2024-04-22,29.8,25.4,27.1,6.8,6.8,3.74,16.6,17.42,90,79,Kediri,-7.8167,111.9667
2024-04-23,29.4,25.5,26.6,14.2,14.2,3.0,15.5,14.14,92,78,Kediri,-7.8167,111.9667
2024-04-24,30.1,24.6,26.4,43.3,43.3,3.07,13.0,14.88,95,78,Kediri,-7.8167,111.9667
2024-04-25,28.3,24.9,25.9,12.4,12.4,1.94,11.6,9.68,97,79,Kediri,-7.8167,111.9667
2024-04-26,30.9,24.0,26.9,2.0,2.0,4.05,6.3,19.84,97,69,Kediri,-7.8167,111.9667
2024-04-27,31.2,24.4,27.3,0.6,0.6,4.63,13.7,22.19,97,63,Kediri,-7.8167,111.9667
2024-04-28,31.3,25.4,27.6,5.6,5.6,4.47,16.7,21.2,90,66,Kediri,-7.8167,111.9667
2024-04-29,31.6,26.0,27.6,1.5,1.5,4.68,19.4,21.42,90,66,Kediri,-7.8167,111.9667
2024-04-30,30.1,25.4,27.0,1.4,1.4,4.19,18.2,19.81,89,72,Kediri,-7.8167,111.9667
2024-05-01,31.2,25.4,27.6,0.3,0.3,4.85,18.9,21.64,85,66,Kediri,-7.8167,111.9667
2024-05-02,30.0,25.7,27.1,2.2,2.2,4.5,21.0,21.05,87,71,Kediri,-7.8167,111.9667
2024-05-03,30.7,25.3,27.2,0.2,0.2,4.81,20.8,21.41,87,67,Kediri,-7.8167,111.9667
2024-05-04,29.9,24.9,26.6,0.0,0.0,4.7,22.7,21.12,83,65,Kediri,-7.8167,111.9667
2024-05-05,29.9,23.8,26.3,0.0,0.0,4.88,19.1,21.68,84,62,Kediri,-7.8167,111.9667
2024-05-06,29.6,24.2,26.3,0.0,0.0,4.62,17.7,20.58,84,63,Kediri,-7.8167,111.9667
2024-05-07,29.5,24.0,26.4,0.5,0.5,4.47,19.5,20.98,88,69,Kediri,-7.8167,111.9667
2024-05-08,31.5,24.7,27.0,7.7,7.7,4.38,13.9,20.23,92,64,Kediri,-7.8167,111.9667
2024-05-09,30.7,24.9,26.9,3.0,3.0,3.7,14.1,17.49,91,66,Kediri,-7.8167,111.9667
2024-05-10,31.8,24.9,27.6,0.2,0.2,4.66,15.5,21.38,91,62,Kediri,-7.8167,111.9667
2024-05-11,30.4,25.6,27.4,2.8,2.8,4.33,18.5,19.94,87,68,Kediri,-7.8167,111.9667
2024-05-12,31.3,25.1,27.5,0.6,0.6,4.41,14.9,20.1,89,63,Kediri,-7.8167,111.9667
2024-05-13,31.0,24.6,27.1,0.1,0.1,4.38,18.6,19.91,94,63,Kediri,-7.8167,111.9667
2024-05-14,31.6,24.9,27.4,0.1,0.1,4.58,18.4,20.73,91,60,Kediri,-7.8167,111.9667
2024-05-15,30.8,24.7,26.9,0.0,0.0,4.19,18.1,18.53,93,62,Kediri,-7.8167,111.9667
2024-05-16,31.3,24.6,27.0,0.0,0.0,4.67,19.1,20.54,88,58,Kediri,-7.8167,111.9667
2024-05-17,31.4,24.7,27.4,0.0,0.0,4.84,21.0,21.0,87,59,Kediri,-7.8167,111.9667
2024-05-18,31.5,25.4,27.5,0.2,0.2,5.0,21.5,21.32,86,58,Kediri,-7.8167,111.9667
2024-05-19,31.0,25.0,27.1,0.0,0.0,5.15,21.7,20.81,83,53,Kediri,-7.8167,111.9667
2024-05-20,30.9,24.9,27.1,0.2,0.2,4.95,20.1,20.3,82,59,Kediri,-7.8167,111.9667
2024-05-21,31.2,24.7,27.0,0.0,0.0,4.76,20.7,19.9,85,56,Kediri,-7.8167,111.9667
2024-05-22,31.8,24.5,27.3,0.0,0.0,4.75,18.6,20.87,90,54,Kediri,-7.8167,111.9667
2024-05-23,30.8,24.6,27.0,2.2,2.2,3.78,18.5,17.24,91,62,Kediri,-7.8167,111.9667
2024-05-24,31.0,24.9,27.1,3.3,3.3,3.67,18.6,16.92,93,65,Kediri,-7.8167,111.9667
2024-05-25,29.9,24.9,26.9,2.6,2.6,3.17,18.8,12.16,90,66,Kediri,-7.8167,111.9667
2024-05-26,31.0,25.2,27.2,0.0,0.0,4.48,20.9,18.64,86,61,Kediri,-7.8167,111.9667
2024-05-27,31.4,24.9,27.3,1.2,1.2,4.37,18.9,19.63,90,61,Kediri,-7.8167,111.9667
2024-05-28,31.6,24.5,27.2,2.5,2.5,4.1,13.3,19.49,98,57,Kediri,-7.8167,111.9667
2024-05-29,32.1,23.5,27.3,0.1,0.1,4.48,17.0,20.71,88,55,Kediri,-7.8167,111.9667
2024-05-30,31.4,24.4,27.1,0.0,0.0,4.44,20.9,19.49,92,60,Kediri,-7.8167,111.9667
2024-05-31,30.8,25.0,27.3,0.3,0.3,4.36,19.1,19.1,86,65,Kediri,-7.8167,111.9667
2024-06-01,32.0,25.5,28.1,0.6,0.6,4.54,20.4,19.46,87,59,Kediri,-7.8167,111.9667
2024-06-02,31.2,25.5,27.7,1.3,1.3,3.97,19.3,17.33,92,59,Kediri,-7.8167,111.9667
2024-06-03,31.1,25.4,27.4,1.9,1.9,4.55,23.5,19.27,86,61,Kediri,-7.8167,111.9667
2024-06-04,31.7,25.1,27.4,0.0,0.0,4.96,19.5,19.82,85,53,Kediri,-7.8167,111.9667
2024-06-05,31.3,24.3,26.9,0.1,0.1,4.73,23.6,20.06,86,56,Kediri,-7.8167,111.9667
2024-06-06,32.0,24.9,27.4,0.3,0.3,5.02,21.0,20.83,82,52,Kediri,-7.8167,111.9667
2024-06-07,31.1,24.1,26.6,1.0,1.0,4.2,23.9,18.69,91,59,Kediri,-7.8167,111.9667
2024-06-08,31.8,25.1,27.3,0.0,0.0,4.38,19.0,18.21,84,56,Kediri,-7.8167,111.9667
2024-06-09,30.5,24.7,26.9,4.3,4.3,3.66,17.1,15.95,89,62,Kediri,-7.8167,111.9667
2024-06-10,32.5,25.1,27.8,0.3,0.3,4.58,18.7,19.39,86,54,Kediri,-7.8167,111.9667
2024-06-11,31.4,24.9,27.6,0.2,0.2,4.5,18.2,19.45,91,58,Kediri,-7.8167,111.9667
2024-06-12,31.9,24.9,27.3,0.1,0.1,4.76,22.2,19.73,86,54,Kediri,-7.8167,111.9667
2024-06-13,30.6,24.1,26.7,5.6,5.6,3.57,12.6,16.34,88,60,Kediri,-7.8167,111.9667
2024-06-14,31.1,24.1,27.0,5.8,5.8,3.68,8.1,17.73,94,60,Kediri,-7.8167,111.9667
2024-06-15,30.3,24.2,26.7,1.8,1.8,3.3,16.6,14.81,97,67,Kediri,-7.8167,111.9667
2024-06-16,31.8,23.2,26.6,0.0,0.0,4.56,20.2,20.19,87,50,Kediri,-7.8167,111.9667
2024-06-17,32.2,24.0,27.4,0.3,0.3,4.31,13.8,19.21,89,52,Kediri,-7.8167,111.9667
2024-06-18,30.7,24.6,26.8,0.1,0.1,4.36,20.5,19.3,92,59,Kediri,-7.8167,111.9667
2024-06-19,30.0,23.6,26.4,0.0,0.0,4.62,21.5,19.01,84,53,Kediri,-7.8167,111.9667
2024-06-20,31.3,23.5,26.4,0.1,0.1,4.91,22.3,19.73,90,49,Kediri,-7.8167,111.9667
2024-06-21,31.1,23.5,26.3,0.1,0.1,4.87,20.9,19.52,85,47,Kediri,-7.8167,111.9667
2024-06-22,30.5,23.4,26.2,0.0,0.0,4.51,21.6,18.22,85,50,Kediri,-7.8167,111.9667
2024-06-23,29.6,24.1,26.1,1.6,1.6,4.09,21.4,16.77,84,61,Kediri,-7.8167,111.9667
2024-06-24,29.7,24.3,26.1,5.8,5.8,3.94,21.0,16.6,87,61,Kediri,-7.8167,111.9667
2024-06-25,31.5,24.5,26.9,1.1,1.1,4.54,20.7,18.9,86,54,Kediri,-7.8167,111.9667
2024-06-26,32.0,24.1,27.4,0.4,0.4,4.63,16.8,20.15,87,55,Kediri,-7.8167,111.9667
2024-06-27,32.5,24.0,27.5,0.2,0.2,4.21,11.4,19.37,92,52,Kediri,-7.8167,111.9667
2024-06-28,31.0,24.1,26.9,0.7,0.7,3.83,16.6,17.6,94,60,Kediri,-7.8167,111.9667
2024-06-29,31.2,24.8,26.9,1.6,1.6,4.29,22.4,18.86,90,56,Kediri,-7.8167,111.9667
2024-06-30,31.9,24.7,27.2,0.0,0.0,4.82,22.9,19.59,89,54,Kediri,-7.8167,111.9667
2024-07-01,32.0,25.1,27.3,0.2,0.2,5.17,22.5,20.21,84,48,Kediri,-7.8167,111.9667
2024-07-02,29.2,24.9,26.3,3.3,3.3,3.35,18.7,13.78,87,66,Kediri,-7.8167,111.9667
2024-07-03,30.9,24.8,26.9,4.8,4.8,4.12,19.0,16.89,88,57,Kediri,-7.8167,111.9667
2024-07-04,27.7,24.0,25.3,42.2,42.2,2.28,19.4,9.95,92,77,Kediri,-7.8167,111.9667
2024-07-05,30.4,23.8,26.4,0.0,0.0,4.46,17.9,19.43,86,60,Kediri,-7.8167,111.9667
2024-07-06,31.1,23.9,26.6,0.2,0.2,4.16,15.6,19.09,91,54,Kediri,-7.8167,111.9667
2024-07-07,30.3,23.6,26.3,0.7,0.7,3.71,14.1,17.31,91,60,Kediri,-7.8167,111.9667
2024-07-08,30.9,23.7,26.3,0.0,0.0,4.49,19.7,19.95,93,55,Kediri,-7.8167,111.9667
2024-07-09,31.6,22.9,26.4,0.2,0.2,4.57,18.1,20.97,89,50,Kediri,-7.8167,111.9667
2024-07-10,31.4,24.0,26.5,0.2,0.2,4.56,23.7,19.46,90,53,Kediri,-7.8167,111.9667
2024-07-11,29.5,23.4,25.6,0.1,0.1,4.64,25.0,18.44,83,54,Kediri,-7.8167,111.9667
2024-07-12,30.0,23.3,25.6,0.0,0.0,4.91,21.3,18.94,82,50,Kediri,-7.8167,111.9667
2024-07-13,29.7,22.6,25.1,0.0,0.0,4.93,24.7,20.29,81,45,Kediri,-7.8167,111.9667
2024-07-14,29.7,22.0,25.2,0.0,0.0,5.27,22.7,20.38,77,43,Kediri,-7.8167,111.9667
2024-07-15,29.6,22.2,25.0,0.0,0.0,5.09,27.1,20.48,79,47,Kediri,-7.8167,111.9667
2024-07-16,30.6,23.0,25.7,0.0,0.0,5.14,21.7,20.39,83,48,Kediri,-7.8167,111.9667
2024-07-17,31.8,22.8,26.0,0.0,0.0,5.14,21.9,21.54,86,44,Kediri,-7.8167,111.9667
2024-07-18,30.7,22.2,25.7,0.0,0.0,4.66,20.2,20.38,95,51,Kediri,-7.8167,111.9667
2024-07-19,31.1,23.3,26.0,0.0,0.0,5.36,23.1,21.99,84,48,Kediri,-7.8167,111.9667
2024-07-20,30.5,22.5,25.5,0.0,0.0,4.91,23.7,20.12,87,47,Kediri,-7.8167,111.9667
2024-07-21,30.8,22.8,25.5,0.0,0.0,5.06,23.4,20.12,84,48,Kediri,-7.8167,111.9667
2024-07-22,29.8,22.6,25.5,0.0,0.0,4.54,20.9,18.24,86,54,Kediri,-7.8167,111.9667
2024-07-23,30.7,23.1,25.9,0.0,0.0,4.21,20.8,17.06,86,54,Kediri,-7.8167,111.9667
2024-07-24,30.7,22.9,25.9,0.0,0.0,4.45,22.1,16.89,82,49,Kediri,-7.8167,111.9667
2024-07-25,31.0,22.5,25.9,0.0,0.0,5.3,23.0,21.53,79,48,Kediri,-7.8167,111.9667
2024-07-26,31.2,23.3,26.2,0.0,0.0,5.23,23.1,21.29,84,50,Kediri,-7.8167,111.9667
2024-07-27,31.9,23.7,26.3,0.0,0.0,5.04,23.9,20.71,87,46,Kediri,-7.8167,111.9667
2024-07-28,29.6,23.3,25.5,0.2,0.2,4.43,24.9,18.71,89,60,Kediri,-7.8167,111.9667
2024-07-29,30.5,22.9,25.6,0.0,0.0,4.66,21.4,20.04,90,53,Kediri,-7.8167,111.9667
2024-07-30,30.7,23.2,26.1,0.1,0.1,4.61,23.1,19.95,90,57,Kediri,-7.8167,111.9667
2024-07-31,31.3,24.3,26.7,0.2,0.2,4.67,20.5,19.85,87,55,Kediri,-7.8167,111.9667
2024-08-01,30.6,23.4,26.4,4.4,4.4,4.18,19.1,19.12,96,62,Kediri,-7.8167,111.9667
2024-08-02,31.4,23.5,26.5,0.7,0.7,4.24,17.7,19.21,90,57,Kediri,-7.8167,111.9667
2024-08-03,31.4,23.5,26.5,0.6,0.6,4.54,21.1,20.35,93,56,Kediri,-7.8167,111.9667
2024-08-04,30.4,23.4,26.0,0.0,0.0,4.93,22.0,20.81,87,53,Kediri,-7.8167,111.9667
2024-08-05,31.9,23.0,26.2,0.0,0.0,5.7,20.7,22.82,77,43,Kediri,-7.8167,111.9667
2024-08-06,30.9,23.3,25.9,0.0,0.0,5.1,25.9,21.15,89,47,Kediri,-7.8167,111.9667
2024-08-07,30.9,23.7,26.2,0.9,0.9,4.6,23.0,18.88,86,56,Kediri,-7.8167,111.9667
2024-08-08,29.0,24.2,26.0,3.9,3.9,4.15,21.7,17.88,88,62,Kediri,-7.8167,111.9667
2024-08-09,30.2,23.5,25.9,0.4,0.4,4.12,21.6,17.23,91,57,Kediri,-7.8167,111.9667
2024-08-10,30.1,23.1,25.6,0.1,0.1,4.4,23.1,18.62,89,58,Kediri,-7.8167,111.9667
2024-08-11,30.2,22.4,25.1,0.0,0.0,5.74,25.2,22.92,81,45,Kediri,-7.8167,111.9667
2024-08-12,30.0,21.4,24.8,0.0,0.0,6.11,21.3,24.12,74,38,Kediri,-7.8167,111.9667
2024-08-13,30.8,21.9,25.5,0.0,0.0,5.14,24.4,21.1,82,49,Kediri,-7.8167,111.9667
2024-08-14,31.8,23.5,26.0,0.0,0.0,5.71,26.1,22.33,85,46,Kediri,-7.8167,111.9667
2024-08-15,29.6,22.5,25.0,0.0,0.0,5.44,27.0,22.22,87,51,Kediri,-7.8167,111.9667
2024-08-16,30.3,22.1,24.9,0.0,0.0,5.56,27.1,22.76,78,47,Kediri,-7.8167,111.9667
2024-08-17,31.2,22.1,25.4,0.0,0.0,5.29,22.1,21.11,86,47,Kediri,-7.8167,111.9667
2024-08-18,30.9,22.8,25.7,0.0,0.0,5.71,25.0,23.51,83,49,Kediri,-7.8167,111.9667
2024-08-19,31.1,22.9,25.6,0.0,0.0,5.44,27.6,22.4,85,48,Kediri,-7.8167,111.9667
2024-08-20,31.8,22.1,25.5,0.0,0.0,5.39,22.6,23.19,92,46,Kediri,-7.8167,111.9667
2024-08-21,30.6,22.9,25.9,0.0,0.0,5.02,23.4,21.23,89,54,Kediri,-7.8167,111.9667
2024-08-22,32.0,22.6,26.0,0.0,0.0,5.25,22.9,22.56,86,48,Kediri,-7.8167,111.9667
2024-08-23,31.8,22.7,25.8,0.0,0.0,5.31,23.8,22.33,88,45,Kediri,-7.8167,111.9667
2024-08-24,30.5,23.0,25.7,0.0,0.0,4.95,24.3,20.43,88,52,Kediri,-7.8167,111.9667
2024-08-25,30.0,23.5,26.0,0.1,0.1,5.01,24.0,19.92,85,55,Kediri,-7.8167,111.9667
2024-08-26,31.4,24.0,26.5,0.1,0.1,5.59,26.1,21.74,84,52,Kediri,-7.8167,111.9667
2024-08-27,30.7,23.9,26.3,0.0,0.0,5.79,26.5,22.64,82,52,Kediri,-7.8167,111.9667
2024-08-28,31.2,24.0,26.5,0.2,0.2,5.8,25.1,22.57,86,51,Kediri,-7.8167,111.9667
2024-08-29,30.6,23.2,26.2,0.3,0.3,5.64,25.8,22.45,88,51,Kediri,-7.8167,111.9667
2024-08-30,31.5,23.1,26.4,0.0,0.0,6.27,23.0,24.27,84,46,Kediri,-7.8167,111.9667
2024-08-31,30.4,23.0,25.7,0.0,0.0,5.13,24.5,21.45,86,52,Kediri,-7.8167,111.9667
2024-09-01,30.0,22.5,25.6,0.3,0.3,4.64,26.0,19.86,91,57,Kediri,-7.8167,111.9667
2024-09-02,32.2,23.4,26.3,0.0,0.0,5.5,24.8,22.92,87,46,Kediri,-7.8167,111.9667
2024-09-03,30.9,22.8,25.9,0.0,0.0,5.04,24.0,21.39,89,49,Kediri,-7.8167,111.9667
2024-09-04,31.4,23.8,26.7,0.3,0.3,5.26,20.6,22.36,87,51,Kediri,-7.8167,111.9667
2024-09-05,31.1,24.2,26.8,2.0,2.0,5.25,24.2,22.49,88,56,Kediri,-7.8167,111.9667
2024-09-06,32.9,24.4,27.3,0.0,0.0,6.14,24.4,24.36,86,44,Kediri,-7.8167,111.9667
2024-09-07,32.5,24.0,27.1,0.5,0.5,5.77,23.8,23.16,87,47,Kediri,-7.8167,111.9667
2024-09-08,30.5,24.8,26.5,3.1,3.1,4.52,22.6,20.04,88,61,Kediri,-7.8167,111.9667
2024-09-09,31.4,24.3,27.0,0.6,0.6,5.12,20.9,22.49,86,60,Kediri,-7.8167,111.9667
2024-09-10,30.8,23.5,26.2,5.4,5.4,4.4,18.0,20.38,92,57,Kediri,-7.8167,111.9667
2024-09-11,31.4,23.9,26.7,0.3,0.3,5.26,22.8,23.86,94,55,Kediri,-7.8167,111.9667
2024-09-12,31.8,24.1,26.6,0.0,0.0,5.79,25.5,23.8,84,46,Kediri,-7.8167,111.9667
2024-09-13,31.2,23.5,26.3,0.3,0.3,5.9,22.7,24.52,79,47,Kediri,-7.8167,111.9667
2024-09-14,31.3,23.8,26.7,1.5,1.5,5.96,20.0,23.97,77,50,Kediri,-7.8167,111.9667
2024-09-15,31.8,23.9,26.7,0.9,0.9,6.29,22.7,24.6,74,42,Kediri,-7.8167,111.9667
2024-09-16,30.5,22.9,26.2,0.4,0.4,5.93,25.2,23.82,80,51,Kediri,-7.8167,111.9667
2024-09-17,31.6,22.4,26.3,0.0,0.0,6.64,23.2,24.73,87,39,Kediri,-7.8167,111.9667
2024-09-18,31.4,21.9,26.1,0.0,0.0,6.34,24.7,24.86,83,39,Kediri,-7.8167,111.9667
2024-09-19,33.2,22.0,26.5,0.0,0.0,6.08,24.9,25.03,85,38,Kediri,-7.8167,111.9667
2024-09-20,33.9,22.4,27.2,0.0,0.0,5.65,20.2,24.21,83,35,Kediri,-7.8167,111.9667
2024-09-21,33.1,23.2,27.2,0.0,0.0,5.25,19.5,22.98,89,38,Kediri,-7.8167,111.9667
2024-09-22,34.9,23.6,28.2,0.0,0.0,5.77,21.0,24.51,87,40,Kediri,-7.8167,111.9667
2024-09-23,32.5,25.0,27.3,5.6,5.6,3.99,11.3,18.75,93,55,Kediri,-7.8167,111.9667
2024-09-24,32.1,24.1,26.8,7.8,7.8,4.33,19.5,19.73,95,59,Kediri,-7.8167,111.9667
2024-09-25,31.9,24.5,27.0,6.9,6.9,4.64,18.0,21.01,89,56,Kediri,-7.8167,111.9667
2024-09-26,32.1,23.9,26.8,2.4,2.4,4.44,14.9,20.62,93,57,Kediri,-7.8167,111.9667
2024-09-27,32.3,23.9,27.5,0.8,0.8,5.14,17.2,22.69,89,57,Kediri,-7.8167,111.9667
2024-09-28,33.0,24.6,28.0,0.2,0.2,5.83,21.0,24.46,86,49,Kediri,-7.8167,111.9667
2024-09-29,32.8,25.4,28.1,0.2,0.2,6.11,21.8,24.27,82,49,Kediri,-7.8167,111.9667
2024-09-30,32.8,25.6,28.1,1.0,1.0,5.75,23.9,23.26,85,51,Kediri,-7.8167,111.9667
2024-10-01,32.5,24.8,27.5,0.8,0.8,5.53,23.9,23.46,88,50,Kediri,-7.8167,111.9667
2024-10-02,32.8,24.8,27.9,2.4,2.4,5.99,21.4,24.82,82,48,Kediri,-7.8167,111.9667
2024-10-03,32.6,23.6,27.3,1.8,1.8,5.51,21.6,23.75,86,50,Kediri,-7.8167,111.9667
2024-10-04,33.1,24.9,27.8,0.9,0.9,6.13,24.5,24.75,87,47,Kediri,-7.8167,111.9667
2024-10-05,32.8,25.1,28.0,0.7,0.7,6.03,23.4,24.12,82,47,Kediri,-7.8167,111.9667
2024-10-06,32.9,25.4,27.8,1.5,1.5,5.63,22.3,23.32,83,49,Kediri,-7.8167,111.9667
2024-10-07,32.3,24.9,27.6,2.1,2.1,5.84,23.6,23.64,82,52,Kediri,-7.8167,111.9667
2024-10-08,31.1,25.1,27.5,1.1,1.1,5.67,22.8,23.57,82,59,Kediri,-7.8167,111.9667
2024-10-09,32.2,25.1,27.6,0.0,0.0,5.8,23.1,24.38,85,52,Kediri,-7.8167,111.9667
2024-10-10,33.8,25.1,28.0,1.0,1.0,5.91,22.1,24.74,85,48,Kediri,-7.8167,111.9667
2024-10-11,33.2,24.8,28.4,1.1,1.1,5.9,19.4,24.51,91,49,Kediri,-7.8167,111.9667
2024-10-12,34.6,26.3,29.1,0.5,0.5,6.26,22.6,25.12,79,44,Kediri,-7.8167,111.9667
2024-10-13,34.1,25.6,28.7,1.2,1.2,6.32,23.6,24.84,83,48,Kediri,-7.8167,111.9667
2024-10-14,33.4,24.9,28.4,0.1,0.1,6.16,20.5,24.39,86,47,Kediri,-7.8167,111.9667
2024-10-15,33.2,24.7,28.3,0.0,0.0,7.12,24.0,25.23,88,35,Kediri,-7.8167,111.9667
2024-10-16,32.2,23.9,27.3,0.0,0.0,7.15,26.3,26.29,80,42,Kediri,-7.8167,111.9667
2024-10-17,32.2,23.8,27.1,0.0,0.0,6.9,28.3,26.04,81,41,Kediri,-7.8167,111.9667
2024-10-18,32.0,23.6,27.1,0.0,0.0,5.95,23.8,23.92,84,49,Kediri,-7.8167,111.9667
2024-10-19,32.9,24.6,27.3,8.3,8.3,5.2,20.3,23.46,91,50,Kediri,-7.8167,111.9667
2024-10-20,30.8,23.9,26.0,4.9,4.9,4.28,17.8,20.75,93,61,Kediri,-7.8167,111.9667
2024-10-21,30.0,24.5,26.5,1.8,1.8,4.59,18.6,21.04,85,65,Kediri,-7.8167,111.9667
2024-10-22,30.3,24.3,26.7,0.1,0.1,4.78,22.1,21.17,88,63,Kediri,-7.8167,111.9667
2024-10-23,30.6,23.7,26.5,0.4,0.4,5.25,24.7,24.48,92,62,Kediri,-7.8167,111.9667
2024-10-24,30.6,23.9,26.4,1.6,1.6,5.0,22.7,23.42,91,61,Kediri,-7.8167,111.9667
2024-10-25,30.3,24.0,26.7,0.8,0.8,5.23,23.7,24.27,90,64,Kediri,-7.8167,111.9667
2024-10-26,30.5,24.1,26.8,1.9,1.9,5.46,22.1,24.68,87,61,Kediri,-7.8167,111.9667
2024-10-27,31.9,24.1,27.5,0.0,0.0,5.9,20.8,25.37,89,56,Kediri,-7.8167,111.9667
2024-10-28,32.9,24.5,27.7,0.0,0.0,5.96,21.1,25.54,87,53,Kediri,-7.8167,111.9667
2024-10-29,32.3,24.7,27.9,0.0,0.0,6.03,22.6,24.85,84,55,Kediri,-7.8167,111.9667
2024-10-30,31.2,24.9,27.4,1.9,1.9,5.32,19.7,23.46,88,61,Kediri,-7.8167,111.9667
2024-10-31,32.6,24.5,27.7,2.7,2.7,5.26,17.6,23.84,90,56,Kediri,-7.8167,111.9667
2024-11-01,31.5,23.6,26.3,22.8,22.8,3.0,12.7,14.68,96,64,Kediri,-7.8167,111.9667
2024-11-02,31.8,24.2,27.4,5.2,5.2,4.59,14.4,21.89,92,63,Kediri,-7.8167,111.9667
2024-11-03,32.6,23.4,26.2,9.3,9.3,4.23,15.2,20.26,97,54,Kediri,-7.8167,111.9667
2024-11-04,31.4,24.2,26.5,3.4,3.4,4.19,11.5,20.37,92,62,Kediri,-7.8167,111.9667
2024-11-05,31.1,24.5,27.2,6.3,6.3,5.14,15.1,24.43,89,62,Kediri,-7.8167,111.9667
2024-11-06,32.0,23.2,27.7,0.0,0.0,5.53,12.8,25.53,93,49,Kediri,-7.8167,111.9667
2024-11-07,32.6,24.3,27.7,0.9,0.9,5.46,15.9,25.13,88,50,Kediri,-7.8167,111.9667
2024-11-08,32.8,23.8,27.5,0.5,0.5,5.29,19.8,24.35,87,50,Kediri,-7.8167,111.9667
2024-11-09,31.3,24.1,27.0,5.8,5.8,4.05,15.9,18.41,96,62,Kediri,-7.8167,111.9667
2024-11-10,31.6,23.2,26.7,5.4,5.4,4.68,15.0,22.57,99,61,Kediri,-7.8167,111.9667
2024-11-11,32.7,24.1,26.6,6.8,6.8,4.46,9.3,21.44,96,57,Kediri,-7.8167,111.9667
2024-11-12,32.3,23.5,27.0,1.8,1.8,4.95,12.2,23.41,95,54,Kediri,-7.8167,111.9667
2024-11-13,31.8,24.1,27.0,2.7,2.7,4.33,13.1,20.92,88,63,Kediri,-7.8167,111.9667
2024-11-14,32.1,24.6,27.6,1.4,1.4,5.39,18.3,24.66,86,57,Kediri,-7.8167,111.9667
2024-11-15,32.7,24.2,27.6,1.5,1.5,5.09,13.7,24.28,93,55,Kediri,-7.8167,111.9667
2024-11-16,32.0,23.9,26.7,7.7,7.7,4.1,9.7,19.72,94,62,Kediri,-7.8167,111.9667
2024-11-17,32.9,23.7,26.9,15.9,15.9,4.87,14.1,23.59,99,60,Kediri,-7.8167,111.9667
2024-11-18,32.3,24.0,26.8,16.6,16.6,4.67,12.5,22.61,97,61,Kediri,-7.8167,111.9667
2024-11-19,30.8,23.9,26.3,6.7,6.7,4.04,10.4,20.12,99,67,Kediri,-7.8167,111.9667
2024-11-20,32.4,23.8,26.4,6.0,6.0,4.43,11.9,22.11,97,62,Kediri,-7.8167,111.9667
2024-11-21,32.1,23.6,26.8,2.6,2.6,4.66,9.0,22.75,97,60,Kediri,-7.8167,111.9667
2024-11-22,32.6,24.5,26.6,18.8,18.8,3.96,15.9,19.18,99,61,Kediri,-7.8167,111.9667
2024-11-23,31.7,24.4,26.9,10.3,10.3,3.83,17.8,18.34,96,62,Kediri,-7.8167,111.9667
2024-11-24,30.6,24.5,26.3,8.7,8.7,3.31,12.2,15.99,99,66,Kediri,-7.8167,111.9667
2024-11-25,31.3,24.0,26.7,14.3,14.3,4.3,11.5,21.18,98,68,Kediri,-7.8167,111.9667
2024-11-26,30.8,23.8,26.8,13.5,13.5,3.74,11.3,17.95,100,70,Kediri,-7.8167,111.9667
2024-11-27,30.8,24.2,26.9,15.4,15.4,3.78,13.0,18.21,99,63,Kediri,-7.8167,111.9667
2024-11-28,29.8,24.3,26.4,5.7,5.7,3.32,20.1,15.85,99,73,Kediri,-7.8167,111.9667
2024-11-29,30.5,24.3,26.8,2.3,2.3,3.96,21.9,18.53,93,66,Kediri,-7.8167,111.9667
2024-11-30,29.5,24.3,26.2,15.5,15.5,3.07,19.3,15.01,99,73,Kediri,-7.8167,111.9667
2024-12-01,30.2,23.6,26.2,9.4,9.4,3.13,20.0,14.91,99,71,Kediri,-7.8167,111.9667
2024-12-02,31.6,24.2,26.9,2.4,2.4,4.22,13.7,19.61,96,59,Kediri,-7.8167,111.9667
2024-12-03,31.9,24.2,27.5,0.1,0.1,5.07,16.6,23.41,92,58,Kediri,-7.8167,111.9667
2024-12-04,30.4,23.6,26.4,8.6,8.6,3.88,15.3,18.6,99,65,Kediri,-7.8167,111.9667
2024-12-05,31.5,24.3,26.2,18.5,18.5,3.38,8.9,16.21,100,67,Kediri,-7.8167,111.9667
2024-12-06,26.6,23.8,24.6,43.9,43.9,1.51,7.1,7.3,100,86,Kediri,-7.8167,111.9667
2024-12-07,27.7,23.7,25.4,32.7,32.7,2.79,9.4,14.01,99,81,Kediri,-7.8167,111.9667
2024-12-08,29.4,23.6,25.8,39.3,39.3,3.5,9.5,17.41,99,73,Kediri,-7.8167,111.9667
2024-12-09,29.8,23.6,25.5,20.3,20.3,2.51,9.1,12.21,100,76,Kediri,-7.8167,111.9667
2024-12-10,30.1,23.9,25.9,73.4,73.4,2.96,9.5,14.61,99,74,Kediri,-7.8167,111.9667
2024-12-11,28.4,23.8,25.5,22.5,22.5,2.86,8.1,14.18,100,76,Kediri,-7.8167,111.9667
2024-12-12,28.5,23.7,25.4,44.4,44.4,2.66,9.6,13.42,100,77,Kediri,-7.8167,111.9667
2024-12-13,30.3,23.1,25.6,25.7,25.7,3.39,12.4,16.94,100,73,Kediri,-7.8167,111.9667
2024-12-14,27.5,23.7,24.8,69.1,69.1,1.89,8.4,9.29,100,80,Kediri,-7.8167,111.9667
2024-12-15,28.0,23.3,25.0,45.0,45.0,2.02,9.1,9.88,100,87,Kediri,-7.8167,111.9667
2024-12-16,26.7,23.7,24.9,41.8,41.8,1.96,8.1,9.69,100,86,Kediri,-7.8167,111.9667
2024-12-17,28.2,23.4,25.1,93.2,93.2,2.57,7.9,13.02,99,87,Kediri,-7.8167,111.9667
2024-12-18,29.5,23.5,26.2,9.6,9.6,3.04,10.6,14.86,98,76,Kediri,-7.8167,111.9667
2024-12-19,30.4,23.3,26.8,25.0,25.0,4.37,11.0,21.36,95,70,Kediri,-7.8167,111.9667
2024-12-20,30.1,23.9,26.1,31.8,31.8,3.68,6.1,18.18,99,74,Kediri,-7.8167,111.9667
2024-12-21,29.3,23.7,25.7,39.2,39.2,2.87,8.9,14.11,99,77,Kediri,-7.8167,111.9667
2024-12-22,29.9,24.2,25.8,23.0,23.0,2.71,13.5,13.34,99,76,Kediri,-7.8167,111.9667
2024-12-23,28.9,23.6,25.7,30.6,30.6,3.25,12.5,16.42,99,78,Kediri,-7.8167,111.9667
2024-12-24,28.9,23.5,25.4,34.6,34.6,3.23,12.9,16.35,100,74,Kediri,-7.8167,111.9667
2024-12-25,28.5,23.7,25.1,49.4,49.4,2.36,8.2,11.77,100,84,Kediri,-7.8167,111.9667
2024-12-26,28.5,23.3,25.7,82.1,82.1,2.7,8.8,13.33,100,79,Kediri,-7.8167,111.9667
2024-12-27,30.5,24.3,26.7,29.6,29.6,3.61,6.0,17.56,99,71,Kediri,-7.8167,111.9667
2024-12-28,29.1,24.4,25.9,49.8,49.8,2.78,12.0,13.53,100,75,Kediri,-7.8167,111.9667
2024-12-29,26.4,23.6,24.7,20.9,20.9,1.63,7.2,8.07,100,86,Kediri,-7.8167,111.9667
2024-12-30,28.4,22.9,25.0,44.6,44.6,3.04,9.4,15.47,100,74,Kediri,-7.8167,111.9667
2024-12-31,28.5,23.0,25.0,75.4,75.4,2.6,14.5,13.33,100,76,Kediri,-7.8167,111.9667
2025-01-01,27.1,23.4,24.7,97.6,97.6,2.15,8.7,10.76,99,83,Kediri,-7.8167,111.9667
2025-01-02,29.4,23.3,25.0,43.7,43.7,2.88,11.9,14.31,99,75,Kediri,-7.8167,111.9667
2025-01-03,29.1,23.1,25.8,0.7,0.7,2.75,15.1,12.67,99,71,Kediri,-7.8167,111.9667
2025-01-04,30.2,22.9,26.0,3.7,3.7,3.93,14.1,18.94,98,66,Kediri,-7.8167,111.9667
2025-01-05,29.2,22.8,25.4,9.2,9.2,2.9,18.2,14.53,98,72,Kediri,-7.8167,111.9667
2025-01-06,29.3,22.9,25.4,21.6,21.6,3.42,12.9,17.74,97,75,Kediri,-7.8167,111.9667
2025-01-07,29.0,23.7,25.4,16.0,16.0,3.36,6.2,16.66,98,72,Kediri,-7.8167,111.9667
2025-01-08,28.3,22.9,25.3,29.5,29.5,2.99,16.7,15.1,100,74,Kediri,-7.8167,111.9667
2025-01-09,31.5,23.5,26.7,7.1,7.1,4.59,11.9,22.26,98,61,Kediri,-7.8167,111.9667
2025-01-10,30.8,23.4,26.5,9.6,9.6,3.89,15.0,18.76,98,67,Kediri,-7.8167,111.9667
2025-01-11,30.0,23.4,25.9,28.3,28.3,3.4,11.8,16.9,99,73,Kediri,-7.8167,111.9667
2025-01-12,28.8,24.0,25.5,38.3,38.3,2.44,11.0,11.87,99,75,Kediri,-7.8167,111.9667
2025-01-13,28.0,23.9,25.1,35.4,35.4,2.48,9.1,12.42,99,79,Kediri,-7.8167,111.9667
2025-01-14,29.5,23.7,25.5,28.4,28.4,3.33,10.2,16.52,99,72,Kediri,-7.8167,111.9667
2025-01-15,29.0,23.6,25.7,34.7,34.7,3.43,6.8,17.05,99,75,Kediri,-7.8167,111.9667
2025-01-16,28.8,23.3,25.3,46.5,46.5,3.31,9.3,16.83,100,80,Kediri,-7.8167,111.9667
2025-01-17,29.7,23.0,25.4,75.0,75.0,3.99,9.7,20.33,100,73,Kediri,-7.8167,111.9667
2025-01-18,27.2,23.1,24.9,24.1,24.1,2.45,7.8,12.61,100,81,Kediri,-7.8167,111.9667
2025-01-19,28.0,23.2,24.8,36.3,36.3,2.46,6.8,12.63,100,78,Kediri,-7.8167,111.9667
2025-01-20,26.6,23.0,24.4,78.3,78.3,1.63,7.6,7.95,100,86,Kediri,-7.8167,111.9667
2025-01-21,29.6,23.4,25.2,66.4,66.4,2.79,11.3,13.96,99,78,Kediri,-7.8167,111.9667
2025-01-22,27.7,23.3,25.0,46.6,46.6,2.92,6.1,14.7,100,86,Kediri,-7.8167,111.9667
2025-01-23,26.0,23.3,24.4,17.3,17.3,1.74,6.6,8.74,100,87,Kediri,-7.8167,111.9667
2025-01-24,27.9,22.8,25.1,27.1,27.1,3.0,9.5,15.08,99,75,Kediri,-7.8167,111.9667
2025-01-25,29.2,23.3,26.0,10.6,10.6,3.73,10.3,18.8,98,75,Kediri,-7.8167,111.9667
2025-01-26,29.6,23.4,25.8,20.7,20.7,3.43,12.1,17.2,99,72,Kediri,-7.8167,111.9667
2025-01-27,27.3,22.9,24.8,49.8,49.8,2.29,8.6,11.67,100,85,Kediri,-7.8167,111.9667
2025-01-28,26.9,23.2,24.8,39.3,39.3,2.38,7.4,12.06,100,85,Kediri,-7.8167,111.9667
2025-01-29,29.0,22.8,25.0,62.1,62.1,2.65,14.2,13.28,100,73,Kediri,-7.8167,111.9667
2025-01-30,26.3,23.2,24.3,23.0,23.0,1.58,15.2,7.14,100,81,Kediri,-7.8167,111.9667
2025-01-31,30.2,23.7,26.2,0.0,0.0,3.08,13.5,13.63,90,67,Kediri,-7.8167,111.9667
2025-02-01,29.2,25.0,26.5,0.0,0.0,3.26,17.5,13.94,92,72,Kediri,-7.8167,111.9667
2025-02-02,29.6,24.3,26.4,0.3,0.3,3.55,18.1,16.2,96,70,Kediri,-7.8167,111.9667
2025-02-03,31.1,23.8,26.9,1.4,1.4,4.27,11.1,20.32,96,68,Kediri,-7.8167,111.9667
2025-02-04,30.4,24.3,26.9,6.3,6.3,3.81,16.6,17.8,96,70,Kediri,-7.8167,111.9667
2025-02-05,31.4,24.1,26.8,3.4,3.4,4.49,18.6,20.79,97,59,Kediri,-7.8167,111.9667
2025-02-06,30.6,24.3,26.7,0.3,0.3,4.0,18.0,17.92,94,62,Kediri,-7.8167,111.9667
2025-02-07,28.2,23.6,25.2,6.8,6.8,2.6,7.5,12.75,99,77,Kediri,-7.8167,111.9667
2025-02-08,29.4,22.8,25.6,27.7,27.7,3.73,8.9,18.6,100,74,Kediri,-7.8167,111.9667
2025-02-09,29.2,23.3,25.8,12.0,12.0,3.79,10.7,19.15,100,74,Kediri,-7.8167,111.9667
2025-02-10,29.4,23.2,25.8,15.4,15.4,3.25,10.5,15.88,99,72,Kediri,-7.8167,111.9667
2025-02-11,31.2,23.6,26.9,4.0,4.0,4.18,6.9,19.57,98,59,Kediri,-7.8167,111.9667
2025-02-12,29.9,23.1,26.4,0.0,0.0,2.92,15.1,12.34,90,63,Kediri,-7.8167,111.9667
2025-02-13,31.6,23.4,26.6,0.7,0.7,4.13,7.6,19.6,94,60,Kediri,-7.8167,111.9667
2025-02-14,30.2,23.0,25.7,9.6,9.6,4.38,7.0,22.09,100,72,Kediri,-7.8167,111.9667
2025-02-15,30.5,23.1,25.8,11.5,11.5,4.45,14.3,22.68,100,66,Kediri,-7.8167,111.9667
2025-02-16,30.4,22.6,25.7,26.9,26.9,4.47,7.3,22.38,99,71,Kediri,-7.8167,111.9667
2025-02-17,28.6,23.0,24.8,46.6,46.6,2.93,6.2,14.7,99,80,Kediri,-7.8167,111.9667
2025-02-18,28.1,22.8,25.1,35.4,35.4,3.66,5.2,18.45,100,78,Kediri,-7.8167,111.9667
2025-02-19,29.9,23.0,25.4,14.7,14.7,4.31,10.9,21.63,99,67,Kediri,-7.8167,111.9667
2025-02-20,27.7,22.9,25.2,17.4,17.4,2.94,12.5,15.14,99,81,Kediri,-7.8167,111.9667
2025-02-21,28.1,23.6,25.3,43.3,43.3,3.54,7.9,18.0,99,78,Kediri,-7.8167,111.9667
2025-02-22,29.3,23.3,25.2,80.4,80.4,3.5,9.4,17.75,98,79,Kediri,-7.8167,111.9667
2025-02-23,28.0,23.0,24.6,17.6,17.6,2.34,10.8,11.92,100,78,Kediri,-7.8167,111.9667
2025-02-24,28.0,22.8,24.7,26.0,26.0,2.71,6.2,13.29,100,76,Kediri,-7.8167,111.9667
2025-02-25,29.3,23.1,25.4,10.7,10.7,3.49,13.3,17.63,96,70,Kediri,-7.8167,111.9667
2025-02-26,27.8,23.1,25.0,16.1,16.1,3.18,11.4,16.32,97,78,Kediri,-7.8167,111.9667
2025-02-27,29.2,23.1,25.3,4.8,4.8,3.67,11.7,18.88,97,78,Kediri,-7.8167,111.9667
2025-02-28,30.6,23.3,25.6,1.2,1.2,4.26,11.7,21.48,99,66,Kediri,-7.8167,111.9667
2025-03-01,30.5,23.6,26.3,4.5,4.5,4.53,12.8,22.91,99,69,Kediri,-7.8167,111.9667
2025-03-02,30.0,23.9,26.7,5.3,5.3,4.79,13.3,24.16,96,68,Kediri,-7.8167,111.9667
2025-03-03,30.2,24.1,26.6,1.0,1.0,4.87,8.7,24.08,97,68,Kediri,-7.8167,111.9667
2025-03-04,30.3,23.9,26.1,2.7,2.7,4.29,7.6,21.43,98,72,Kediri,-7.8167,111.9667
2025-03-05,31.5,23.7,27.3,0.8,0.8,5.14,9.7,25.34,87,65,Kediri,-7.8167,111.9667
2025-03-06,30.9,24.2,26.7,9.9,9.9,4.13,12.1,20.28,96,69,Kediri,-7.8167,111.9667
2025-03-07,29.9,23.8,25.7,8.0,8.0,3.79,14.7,19.41,99,73,Kediri,-7.8167,111.9667
2025-03-08,30.2,23.3,25.3,10.5,10.5,3.94,10.5,19.8,98,69,Kediri,-7.8167,111.9667
2025-03-09,29.2,23.5,25.5,7.7,7.7,3.41,14.1,17.45,94,77,Kediri,-7.8167,111.9667
2025-03-10,28.7,23.3,25.2,30.7,30.7,2.74,14.6,14.7,100,80,Kediri,-7.8167,111.9667
2025-03-11,30.5,23.5,26.1,3.6,3.6,3.8,15.3,18.79,98,67,Kediri,-7.8167,111.9667
2025-03-12,30.6,23.5,26.0,26.3,26.3,4.05,10.8,20.08,99,65,Kediri,-7.8167,111.9667
2025-03-13,30.2,23.7,25.9,26.2,26.2,4.0,6.5,20.13,97,75,Kediri,-7.8167,111.9667
2025-03-14,28.5,24.0,25.8,12.9,12.9,3.29,5.8,16.38,94,77,Kediri,-7.8167,111.9667
2025-03-15,29.3,23.6,25.5,15.7,15.7,3.54,9.4,17.59,100,70,Kediri,-7.8167,111.9667
2025-03-16,28.1,23.1,24.7,52.7,52.7,2.81,7.5,14.0,100,81,Kediri,-7.8167,111.9667
2025-03-17,29.3,23.1,25.4,16.7,16.7,3.37,14.3,17.68,100,76,Kediri,-7.8167,111.9667
2025-03-18,28.1,23.4,25.1,52.1,52.1,2.68,7.4,13.3,100,81,Kediri,-7.8167,111.9667
2025-03-19,29.0,22.3,25.0,4.9,4.9,2.83,14.8,14.83,99,72,Kediri,-7.8167,111.9667
2025-03-20,29.8,22.9,26.1,32.1,32.1,4.19,8.2,21.02,95,72,Kediri,-7.8167,111.9667
2025-03-21,29.4,22.6,25.7,6.2,6.2,3.89,11.3,19.83,98,74,Kediri,-7.8167,111.9667
2025-03-22,28.2,22.9,25.2,39.2,39.2,2.56,8.8,12.65,100,79,Kediri,-7.8167,111.9667
2025-03-23,29.5,22.4,25.5,11.6,11.6,3.82,11.4,19.77,100,72,Kediri,-7.8167,111.9667
2025-03-24,28.9,22.8,25.5,42.8,42.8,2.78,11.8,13.95,100,74,Kediri,-7.8167,111.9667
2025-03-25,30.8,22.9,26.6,9.8,9.8,4.1,14.9,20.45,99,66,Kediri,-7.8167,111.9667
2025-03-26,31.2,24.0,26.7,13.3,13.3,4.04,13.9,19.78,98,65,Kediri,-7.8167,111.9667
2025-03-27,30.8,23.9,26.0,10.4,10.4,3.29,11.9,16.3,99,69,Kediri,-7.8167,111.9667
2025-03-28,29.1,23.7,25.3,64.9,64.9,2.91,8.9,14.9,100,82,Kediri,-7.8167,111.9667
2025-03-29,28.4,23.4,25.1,54.6,54.6,2.15,8.9,10.61,100,79,Kediri,-7.8167,111.9667
2025-03-30,29.2,23.7,25.6,21.6,21.6,3.07,9.2,15.39,97,81,Kediri,-7.8167,111.9667
2025-03-31,30.0,23.2,25.8,9.6,9.6,3.93,7.7,19.53,99,66,Kediri,-7.8167,111.9667
2025-04-01,28.8,23.2,25.1,50.1,50.1,3.1,11.6,15.87,98,78,Kediri,-7.8167,111.9667
2025-04-02,28.4,23.0,25.3,11.8,11.8,3.58,11.2,18.32,99,78,Kediri,-7.8167,111.9667
2025-04-03,29.8,23.6,25.7,26.7,26.7,3.76,12.1,18.88,99,71,Kediri,-7.8167,111.9667
2025-04-04,30.1,23.4,26.3,9.0,9.0,4.43,13.8,21.93,92,63,Kediri,-7.8167,111.9667
2025-04-05,30.3,23.3,26.2,0.2,0.2,4.4,6.4,21.65,94,57,Kediri,-7.8167,111.9667
2025-04-06,30.7,23.1,26.3,0.0,0.0,5.0,16.6,24.03,87,59,Kediri,-7.8167,111.9667
2025-04-07,30.0,22.8,26.4,0.7,0.7,4.84,13.6,23.3,86,65,Kediri,-7.8167,111.9667
2025-04-08,30.2,24.2,26.5,4.7,4.7,4.46,13.9,21.8,90,65,Kediri,-7.8167,111.9667
2025-04-09,30.0,23.9,26.4,11.4,11.4,4.19,12.5,21.09,97,71,Kediri,-7.8167,111.9667
2025-04-10,28.6,23.8,26.0,7.8,7.8,3.13,7.8,15.67,95,78,Kediri,-7.8167,111.9667
2025-04-11,29.7,23.5,25.6,9.9,9.9,3.56,16.7,18.59,96,72,Kediri,-7.8167,111.9667
2025-04-12,30.3,23.9,25.9,5.6,5.6,4.24,7.2,21.2,98,67,Kediri,-7.8167,111.9667
2025-04-13,30.5,23.9,26.1,1.5,1.5,4.13,11.3,20.51,97,65,Kediri,-7.8167,111.9667
2025-04-14,28.6,23.8,25.9,2.6,2.6,2.86,13.8,13.81,95,74,Kediri,-7.8167,111.9667
2025-04-15,29.6,24.1,26.0,7.9,7.9,3.59,10.0,17.52,95,69,Kediri,-7.8167,111.9667
2025-04-16,30.9,23.4,26.8,0.0,0.0,4.34,10.9,20.63,91,64,Kediri,-7.8167,111.9667
2025-04-17,28.2,23.9,25.7,13.1,13.1,2.98,9.9,15.37,99,82,Kediri,-7.8167,111.9667
2025-04-18,28.9,23.8,25.4,33.4,33.4,2.76,10.0,13.94,100,79,Kediri,-7.8167,111.9667
2025-04-19,29.0,23.5,25.5,21.1,21.1,3.05,9.6,15.29,99,81,Kediri,-7.8167,111.9667
2025-04-20,28.8,23.3,25.7,14.0,14.0,3.14,14.9,16.28,95,76,Kediri,-7.8167,111.9667
2025-04-21,30.4,23.4,26.2,5.0,5.0,3.44,12.8,16.55,90,71,Kediri,-7.8167,111.9667
2025-04-22,30.4,23.7,26.5,0.8,0.8,4.36,16.1,20.74,88,68,Kediri,-7.8167,111.9667
2025-04-23,30.1,23.7,26.3,0.0,0.0,4.4,16.4,20.46,89,63,Kediri,-7.8167,111.9667
2025-04-24,30.8,22.8,26.5,0.0,0.0,4.82,12.4,22.92,84,61,Kediri,-7.8167,111.9667
2025-04-25,31.0,23.0,26.9,0.4,0.4,4.48,10.8,21.47,87,63,Kediri,-7.8167,111.9667
2025-04-26,30.1,22.8,26.3,2.3,2.3,4.42,14.4,21.39,91,66,Kediri,-7.8167,111.9667
2025-04-27,30.1,23.9,26.4,0.0,0.0,4.82,18.8,22.1,83,59,Kediri,-7.8167,111.9667
2025-04-28,29.9,23.2,26.3,0.1,0.1,4.79,18.5,21.57,83,61,Kediri,-7.8167,111.9667
2025-04-29,29.7,23.8,26.3,0.2,0.2,5.04,19.3,22.83,79,60,Kediri,-7.8167,111.9667
2025-04-30,29.9,24.4,26.3,5.0,5.0,4.42,13.6,20.73,84,64,Kediri,-7.8167,111.9667
2025-05-01,30.7,24.1,26.7,1.2,1.2,4.51,15.1,21.59,86,64,Kediri,-7.8167,111.9667
2025-05-02,28.0,24.2,25.6,22.6,22.6,2.39,14.6,12.05,93,75,Kediri,-7.8167,111.9667
2025-05-03,30.5,23.9,26.6,1.0,1.0,4.05,11.0,19.92,89,65,Kediri,-7.8167,111.9667
2025-05-04,31.4,24.0,26.5,2.0,2.0,4.17,8.9,20.54,94,62,Kediri,-7.8167,111.9667
2025-05-05,30.5,23.9,26.6,1.4,1.4,4.18,16.9,20.21,92,67,Kediri,-7.8167,111.9667
2025-05-06,29.2,25.2,26.5,0.8,0.8,3.57,16.8,17.39,91,76,Kediri,-7.8167,111.9667
2025-05-07,29.7,24.8,26.4,3.9,3.9,3.51,15.7,17.43,92,73,Kediri,-7.8167,111.9667
2025-05-08,30.0,23.9,26.3,1.7,1.7,3.31,12.1,16.66,95,74,Kediri,-7.8167,111.9667
2025-05-09,29.2,23.6,25.5,28.2,28.2,2.76,6.6,13.82,99,78,Kediri,-7.8167,111.9667
2025-05-10,29.4,23.9,25.8,19.3,19.3,3.17,11.1,16.09,97,78,Kediri,-7.8167,111.9667
2025-05-11,28.9,23.3,25.4,25.7,25.7,3.16,11.3,16.11,99,78,Kediri,-7.8167,111.9667
2025-05-12,27.6,23.2,25.0,24.0,24.0,2.41,9.7,12.2,99,81,Kediri,-7.8167,111.9667
2025-05-13,28.8,23.4,25.4,19.9,19.9,3.1,9.2,16.03,99,80,Kediri,-7.8167,111.9667
2025-05-14,29.4,23.5,25.7,17.1,17.1,3.48,7.6,17.59,96,77,Kediri,-7.8167,111.9667
2025-05-15,28.9,23.8,25.6,43.9,43.9,3.09,7.0,15.6,99,79,Kediri,-7.8167,111.9667
2025-05-16,29.6,23.9,25.6,34.0,34.0,2.94,6.5,14.54,98,71,Kediri,-7.8167,111.9667
2025-05-17,28.8,23.3,25.2,40.1,40.1,2.81,10.3,14.1,99,78,Kediri,-7.8167,111.9667
2025-05-18,29.5,23.9,25.7,15.0,15.0,3.18,9.2,15.78,99,72,Kediri,-7.8167,111.9667
2025-05-19,29.1,23.9,25.3,36.9,36.9,2.47,14.1,12.57,98,77,Kediri,-7.8167,111.9667
2025-05-20,29.5,23.8,26.0,7.0,7.0,3.78,16.7,18.4,93,72,Kediri,-7.8167,111.9667
2025-05-21,29.0,24.5,26.1,1.2,1.2,3.54,18.2,17.04,90,76,Kediri,-7.8167,111.9667
2025-05-22,30.1,23.8,26.2,5.8,5.8,3.76,15.4,18.12,94,68,Kediri,-7.8167,111.9667
2025-05-23,28.7,23.4,25.1,23.9,23.9,2.7,12.2,13.96,97,79,Kediri,-7.8167,111.9667
2025-05-24,28.8,23.5,25.5,15.9,15.9,2.88,10.6,14.7,96,78,Kediri,-7.8167,111.9667
2025-05-25,29.9,23.6,26.1,9.6,9.6,3.37,14.1,17.55,94,75,Kediri,-7.8167,111.9667
2025-05-26,27.7,23.5,25.1,21.5,21.5,1.98,18.2,10.17,100,79,Kediri,-7.8167,111.9667
2025-05-27,27.3,23.5,25.3,15.2,15.2,2.18,5.8,11.13,98,86,Kediri,-7.8167,111.9667
2025-05-28,29.7,23.9,26.3,13.9,13.9,3.09,8.8,15.43,96,75,Kediri,-7.8167,111.9667
2025-05-29,31.2,23.8,26.6,0.1,0.1,4.05,16.0,19.46,97,64,Kediri,-7.8167,111.9667
2025-05-30,30.2,23.1,26.5,0.0,0.0,4.1,15.3,20.01,89,70,Kediri,-7.8167,111.9667
2025-05-31,30.2,23.8,26.2,3.0,3.0,3.44,11.1,17.08,98,64,Kediri,-7.8167,111.9667
2025-06-01,29.7,23.3,26.1,1.6,1.6,3.33,15.5,16.36,99,68,Kediri,-7.8167,111.9667
2025-06-02,29.9,23.5,26.4,0.3,0.3,4.07,9.5,20.07,93,67,Kediri,-7.8167,111.9667
2025-06-03,30.9,24.4,26.8,0.5,0.5,4.15,8.4,20.2,88,61,Kediri,-7.8167,111.9667
2025-06-04,30.5,23.8,26.1,2.2,2.2,3.92,12.6,19.55,92,64,Kediri,-7.8167,111.9667
2025-06-05,29.7,24.1,26.4,0.0,0.0,4.41,17.5,19.98,91,64,Kediri,-7.8167,111.9667
2025-06-06,30.3,24.6,26.8,0.0,0.0,4.53,17.1,20.17,88,63,Kediri,-7.8167,111.9667
2025-06-07,29.9,23.7,26.4,0.0,0.0,4.21,19.1,19.54,89,65,Kediri,-7.8167,111.9667
2025-06-08,29.2,23.7,25.9,10.2,10.2,3.62,18.6,17.87,96,71,Kediri,-7.8167,111.9667
2025-06-09,29.0,23.4,25.5,8.6,8.6,2.96,14.0,13.97,96,74,Kediri,-7.8167,111.9667
2025-06-10,29.2,24.5,26.0,1.7,1.7,3.47,16.3,16.32,88,73,Kediri,-7.8167,111.9667
2025-06-11,29.7,24.0,26.3,2.2,2.2,4.05,18.6,18.44,88,66,Kediri,-7.8167,111.9667
2025-06-12,30.4,23.8,26.4,0.0,0.0,4.4,16.6,20.04,89,58,Kediri,-7.8167,111.9667
2025-06-13,29.9,24.5,26.5,0.5,0.5,3.83,17.3,17.91,92,66,Kediri,-7.8167,111.9667
2025-06-14,30.2,24.3,26.0,10.4,10.4,3.25,12.2,16.26,95,70,Kediri,-7.8167,111.9667
2025-06-15,30.5,23.6,26.1,2.3,2.3,3.64,13.4,17.81,91,65,Kediri,-7.8167,111.9667
2025-06-16,29.7,23.6,25.9,8.8,8.8,3.3,15.3,16.76,96,68,Kediri,-7.8167,111.9667
2025-06-17,30.1,22.6,26.1,0.5,0.5,4.03,15.3,19.19,95,63,Kediri,-7.8167,111.9667
2025-06-18,29.9,23.6,25.9,0.0,0.0,4.34,17.9,19.61,85,61,Kediri,-7.8167,111.9667
2025-06-19,28.9,22.3,25.0,0.0,0.0,3.68,14.6,16.89,86,57,Kediri,-7.8167,111.9667
2025-06-20,28.8,23.1,25.6,0.4,0.4,3.25,9.0,15.83,89,62,Kediri,-7.8167,111.9667
2025-06-21,29.9,22.7,25.8,3.5,3.5,3.91,16.0,19.03,88,65,Kediri,-7.8167,111.9667
2025-06-22,28.7,23.3,25.4,1.1,1.1,3.1,10.4,15.31,90,69,Kediri,-7.8167,111.9667
2025-06-23,29.6,23.3,25.3,3.7,3.7,3.76,18.3,18.31,91,64,Kediri,-7.8167,111.9667
2025-06-24,29.9,23.7,26.1,0.0,0.0,4.32,18.0,18.78,84,62,Kediri,-7.8167,111.9667
2025-06-25,28.9,24.3,25.9,1.1,1.1,3.91,18.6,17.16,87,67,Kediri,-7.8167,111.9667
2025-06-26,28.8,24.2,25.9,1.3,1.3,3.74,18.3,17.07,89,69,Kediri,-7.8167,111.9667
2025-06-27,29.4,24.1,26.0,2.9,2.9,3.62,15.6,17.11,91,69,Kediri,-7.8167,111.9667
2025-06-28,29.2,24.0,25.7,2.2,2.2,3.72,17.5,17.63,90,68,Kediri,-7.8167,111.9667
2025-06-29,29.6,23.7,25.8,0.5,0.5,4.07,18.9,18.57,90,62,Kediri,-7.8167,111.9667
2025-06-30,30.1,23.3,26.2,0.0,0.0,4.21,13.3,19.63,88,59,Kediri,-7.8167,111.9667
2025-07-01,30.7,23.2,26.4,0.2,0.2,4.23,16.4,19.79,90,57,Kediri,-7.8167,111.9667
2025-07-02,30.9,23.6,26.4,0.2,0.2,4.27,18.0,19.43,88,59,Kediri,-7.8167,111.9667
2025-07-03,29.4,23.9,25.6,3.4,3.4,3.6,17.4,16.56,89,64,Kediri,-7.8167,111.9667
2025-07-04,27.8,23.8,25.1,4.0,4.0,3.38,19.8,15.68,93,72,Kediri,-7.8167,111.9667
2025-07-05,29.3,23.6,25.5,1.0,1.0,3.81,16.8,17.08,85,64,Kediri,-7.8167,111.9667
2025-07-06,28.6,23.7,25.4,1.8,1.8,3.01,15.4,13.83,96,69,Kediri,-7.8167,111.9667
2025-07-07,29.6,23.8,25.4,9.3,9.3,3.36,16.5,16.37,93,68,Kediri,-7.8167,111.9667
2025-07-08,29.4,23.0,25.3,0.6,0.6,4.18,23.7,19.13,92,62,Kediri,-7.8167,111.9667
2025-07-09,28.0,22.1,24.3,0.0,0.0,4.64,23.8,20.78,86,57,Kediri,-7.8167,111.9667
2025-07-10,28.7,21.0,24.3,0.0,0.0,4.41,17.1,20.11,84,56,Kediri,-7.8167,111.9667
2025-07-11,29.0,22.0,24.6,0.0,0.0,4.3,18.5,20.43,85,57,Kediri,-7.8167,111.9667
2025-07-12,29.5,22.3,25.2,0.0,0.0,3.93,16.6,18.0,87,62,Kediri,-7.8167,111.9667
2025-07-13,30.5,22.5,26.0,0.4,0.4,4.1,17.7,19.29,90,60,Kediri,-7.8167,111.9667
2025-07-14,29.3,23.8,25.7,0.2,0.2,4.22,22.6,18.85,88,63,Kediri,-7.8167,111.9667
2025-07-15,30.2,23.7,26.0,1.5,1.5,4.12,19.2,18.06,96,62,Kediri,-7.8167,111.9667
2025-07-16,29.9,23.3,25.3,0.9,0.9,4.02,22.9,17.88,94,59,Kediri,-7.8167,111.9667
2025-07-17,30.2,22.9,25.2,0.0,0.0,4.76,19.3,21.41,85,52,Kediri,-7.8167,111.9667
2025-07-18,28.9,22.2,24.8,0.0,0.0,3.96,18.3,17.73,89,60,Kediri,-7.8167,111.9667
2025-07-19,28.5,21.6,24.5,0.0,0.0,4.03,17.0,17.76,87,57,Kediri,-7.8167,111.9667
2025-07-20,29.1,21.6,24.3,0.0,0.0,4.77,20.9,22.2,87,53,Kediri,-7.8167,111.9667
2025-07-21,28.9,21.5,24.4,0.0,0.0,4.68,21.3,21.64,81,52,Kediri,-7.8167,111.9667
2025-07-22,29.6,21.3,24.7,0.0,0.0,4.6,18.4,21.96,87,49,Kediri,-7.8167,111.9667
2025-07-23,30.0,21.9,25.4,0.0,0.0,4.34,15.7,20.75,94,55,Kediri,-7.8167,111.9667
2025-07-24,29.5,22.3,25.4,0.0,0.0,3.94,20.0,18.63,96,64,Kediri,-7.8167,111.9667
2025-07-25,29.8,23.4,26.0,0.0,0.0,4.27,18.6,19.71,92,62,Kediri,-7.8167,111.9667
2025-07-26,30.7,24.0,26.4,0.3,0.3,4.46,20.1,19.7,85,59,Kediri,-7.8167,111.9667
2025-07-27,30.9,24.0,26.5,0.5,0.5,4.21,17.1,18.94,90,59,Kediri,-7.8167,111.9667
2025-07-28,28.5,23.8,25.5,1.7,1.7,3.57,19.5,16.95,92,71,Kediri,-7.8167,111.9667
2025-07-29,27.7,23.5,25.1,3.0,3.0,3.2,22.2,14.87,93,74,Kediri,-7.8167,111.9667
2025-07-30,27.9,23.1,24.8,3.2,3.2,3.57,21.1,17.62,93,71,Kediri,-7.8167,111.9667
2025-07-31,29.8,23.2,25.6,0.0,0.0,4.47,19.4,20.46,88,61,Kediri,-7.8167,111.9667
2025-08-01,30.5,23.2,26.0,0.0,0.0,4.53,18.3,21.05,90,56,Kediri,-7.8167,111.9667
2025-08-02,31.6,23.0,26.6,0.0,0.0,4.41,13.1,20.92,97,54,Kediri,-7.8167,111.9667
2025-08-03,30.8,23.9,26.3,1.4,1.4,4.26,19.4,20.21,96,61,Kediri,-7.8167,111.9667
2025-08-04,31.6,23.6,26.6,1.8,1.8,4.71,16.8,21.4,98,56,Kediri,-7.8167,111.9667
2025-08-05,31.2,22.8,26.1,0.2,0.2,4.72,18.4,21.49,94,52,Kediri,-7.8167,111.9667
2025-08-06,30.8,23.5,26.0,0.0,0.0,5.2,20.2,22.7,88,50,Kediri,-7.8167,111.9667
2025-08-07,30.9,22.5,25.9,0.0,0.0,4.86,17.9,22.01,87,55,Kediri,-7.8167,111.9667
2025-08-08,30.8,23.9,26.6,0.6,0.6,4.66,14.6,21.14,88,57,Kediri,-7.8167,111.9667
2025-08-09,30.5,23.8,26.3,3.7,3.7,4.4,15.0,20.46,95,60,Kediri,-7.8167,111.9667
2025-08-10,29.7,23.4,25.7,2.5,2.5,4.23,17.1,20.59,97,63,Kediri,-7.8167,111.9667
2025-08-11,30.5,23.8,26.1,1.9,1.9,4.48,17.6,20.46,86,59,Kediri,-7.8167,111.9667
2025-08-12,30.2,23.0,25.9,3.6,3.6,4.47,18.5,19.84,96,55,Kediri,-7.8167,111.9667
2025-08-13,30.7,22.8,25.7,1.6,1.6,4.54,15.5,20.9,93,53,Kediri,-7.8167,111.9667
2025-08-14,28.8,23.0,25.0,0.3,0.3,4.94,23.6,19.66,83,48,Kediri,-7.8167,111.9667
2025-08-15,29.6,22.7,25.1,0.8,0.8,4.9,22.5,21.05,88,50,Kediri,-7.8167,111.9667
2025-08-16,30.8,22.9,26.0,0.1,0.1,5.06,19.1,22.7,88,52,Kediri,-7.8167,111.9667
2025-08-17,31.5,22.3,26.1,0.1,0.1,5.04,17.6,23.11,91,48,Kediri,-7.8167,111.9667
2025-08-18,31.2,23.5,26.6,1.2,1.2,4.47,13.9,20.64,91,54,Kediri,-7.8167,111.9667
2025-08-19,31.3,22.7,25.1,18.1,18.1,3.13,17.7,15.3,99,58,Kediri,-7.8167,111.9667
2025-08-20,28.6,22.4,25.0,11.0,11.0,3.41,11.5,16.8,98,68,Kediri,-7.8167,111.9667
2025-08-21,30.5,22.6,25.5,1.7,1.7,4.05,14.0,19.89,94,63,Kediri,-7.8167,111.9667
2025-08-22,30.5,22.2,25.8,0.9,0.9,4.46,12.2,21.61,92,63,Kediri,-7.8167,111.9667
2025-08-23,31.5,22.5,26.3,0.0,0.0,4.85,11.8,23.17,93,50,Kediri,-7.8167,111.9667
2025-08-24,30.8,22.8,26.0,0.1,0.1,4.86,17.1,22.78,88,57,Kediri,-7.8167,111.9667
2025-08-25,30.7,21.7,25.2,0.0,0.0,5.18,22.5,23.6,94,50,Kediri,-7.8167,111.9667
2025-08-26,29.8,21.6,25.2,0.0,0.0,5.19,21.4,21.89,81,53,Kediri,-7.8167,111.9667
2025-08-27,28.6,23.1,25.0,5.3,5.3,4.39,23.3,21.3,93,65,Kediri,-7.8167,111.9667
2025-08-28,26.4,22.8,24.1,2.7,2.7,3.02,24.1,14.71,94,74,Kediri,-7.8167,111.9667
2025-08-29,28.0,23.2,24.6,8.2,8.2,3.59,21.0,17.62,90,71,Kediri,-7.8167,111.9667
2025-08-30,30.1,23.3,25.5,1.2,1.2,4.62,18.3,21.27,86,58,Kediri,-7.8167,111.9667
2025-08-31,29.9,23.7,25.9,0.2,0.2,4.84,18.2,22.29,85,59,Kediri,-7.8167,111.9667
2025-09-01,31.0,22.9,26.1,0.5,0.5,4.79,15.2,22.06,89,52,Kediri,-7.8167,111.9667
2025-09-02,31.8,22.6,26.6,0.0,0.0,5.08,17.5,23.74,89,49,Kediri,-7.8167,111.9667
2025-09-03,31.6,22.3,26.6,0.0,0.0,5.21,17.6,24.16,94,47,Kediri,-7.8167,111.9667
2025-09-04,31.8,24.2,26.5,5.0,5.0,4.92,18.9,22.47,96,48,Kediri,-7.8167,111.9667
2025-09-05,31.2,23.5,26.2,0.0,0.0,5.42,19.1,24.26,90,51,Kediri,-7.8167,111.9667
2025-09-06,29.4,22.9,25.3,0.1,0.1,5.35,25.3,23.58,90,51,Kediri,-7.8167,111.9667
2025-09-07,29.1,22.7,25.3,0.0,0.0,4.81,23.9,18.98,80,57,Kediri,-7.8167,111.9667
2025-09-08,30.0,23.6,25.8,0.2,0.2,4.87,22.9,20.8,86,58,Kediri,-7.8167,111.9667
2025-09-09,28.8,23.2,25.2,3.5,3.5,4.06,22.0,19.77,96,68,Kediri,-7.8167,111.9667
2025-09-10,28.3,23.0,25.0,12.9,12.9,3.62,20.3,18.68,97,71,Kediri,-7.8167,111.9667
2025-09-11,29.6,23.2,25.8,4.4,4.4,3.92,11.9,19.13,96,70,Kediri,-7.8167,111.9667
2025-09-12,30.9,23.7,26.5,0.1,0.1,5.1,20.8,22.99,94,57,Kediri,-7.8167,111.9667
2025-09-13,31.3,24.0,26.7,0.0,0.0,5.33,19.1,23.68,85,55,Kediri,-7.8167,111.9667
2025-09-14,29.5,23.9,26.0,1.6,1.6,4.84,20.7,22.77,86,64,Kediri,-7.8167,111.9667
2025-09-15,29.5,23.5,25.8,1.4,1.4,4.72,22.2,22.2,86,65,Kediri,-7.8167,111.9667
2025-09-16,29.3,24.1,25.8,2.0,2.0,4.26,18.6,19.85,88,64,Kediri,-7.8167,111.9667
2025-09-17,29.7,24.2,25.9,3.1,3.1,4.72,19.6,21.74,88,60,Kediri,-7.8167,111.9667
2025-09-18,29.8,23.7,25.6,2.8,2.8,4.35,18.6,20.41,91,65,Kediri,-7.8167,111.9667
2025-09-19,31.7,24.0,26.5,0.9,0.9,4.96,17.7,22.87,88,54,Kediri,-7.8167,111.9667
2025-09-20,33.4,23.7,27.5,1.2,1.2,5.46,15.5,24.3,92,45,Kediri,-7.8167,111.9667
2025-09-21,32.0,23.9,26.9,2.0,2.0,5.0,17.5,22.94,92,54,Kediri,-7.8167,111.9667
2025-09-22,31.8,23.3,26.7,0.0,0.0,5.45,18.7,24.48,96,51,Kediri,-7.8167,111.9667
2025-09-23,32.8,24.2,27.4,0.0,0.0,6.42,18.5,25.63,83,43,Kediri,-7.8167,111.9667
2025-09-24,31.8,22.8,26.6,0.1,0.1,5.37,20.1,24.47,91,50,Kediri,-7.8167,111.9667
2025-09-25,33.0,23.7,27.4,0.8,0.8,5.37,16.2,24.46,83,46,Kediri,-7.8167,111.9667
2025-09-26,32.3,23.5,27.2,0.6,0.6,5.55,21.1,24.81,82,52,Kediri,-7.8167,111.9667
2025-09-27,32.9,24.1,27.5,1.3,1.3,5.37,18.2,24.07,87,49,Kediri,-7.8167,111.9667
2025-09-28,33.3,23.7,27.7,0.8,0.8,5.33,13.8,24.21,90,46,Kediri,-7.8167,111.9667
2025-09-29,31.6,24.3,26.7,4.1,4.1,4.83,19.0,22.71,91,60,Kediri,-7.8167,111.9667
2025-09-30,29.3,23.9,25.5,4.4,4.4,3.22,15.9,15.31,97,69,Kediri,-7.8167,111.9667
2025-10-01,31.6,23.0,26.1,11.3,11.3,4.23,12.7,20.34,98,54,Kediri,-7.8167,111.9667
2025-10-02,33.0,23.8,27.4,0.0,0.0,5.44,12.1,24.9,94,45,Kediri,-7.8167,111.9667
2025-10-03,31.7,23.2,26.9,0.4,0.4,5.67,21.4,24.15,93,54,Kediri,-7.8167,111.9667
2025-10-04,31.6,23.2,26.9,0.0,0.0,5.74,16.6,23.43,81,47,Kediri,-7.8167,111.9667
2025-10-05,33.4,23.2,27.4,0.1,0.1,5.39,12.2,24.82,86,38,Kediri,-7.8167,111.9667
2025-10-06,32.0,23.7,26.8,0.6,0.6,5.14,15.7,24.04,96,51,Kediri,-7.8167,111.9667
2025-10-07,32.3,24.1,27.2,0.0,0.0,5.55,17.3,24.03,87,49,Kediri,-7.8167,111.9667
2025-10-08,31.6,24.1,26.9,0.0,0.0,6.08,22.3,25.38,81,49,Kediri,-7.8167,111.9667
2025-10-09,31.2,22.8,26.4,0.1,0.1,5.37,17.9,23.97,91,54,Kediri,-7.8167,111.9667
2025-10-10,30.8,23.1,26.5,1.6,1.6,5.31,17.7,24.2,88,57,Kediri,-7.8167,111.9667
2025-10-11,32.0,23.6,26.9,0.0,0.0,5.44,18.1,24.62,88,47,Kediri,-7.8167,111.9667
2025-10-12,31.6,25.1,27.6,0.7,0.7,5.17,16.1,22.54,88,56,Kediri,-7.8167,111.9667
2025-10-13,32.5,25.2,27.7,1.9,1.9,5.05,15.5,22.75,91,50,Kediri,-7.8167,111.9667
2025-10-14,33.0,24.6,28.0,3.1,3.1,5.35,15.8,23.89,91,50,Kediri,-7.8167,111.9667
2025-10-15,31.5,24.9,27.2,13.5,13.5,4.94,14.7,22.85,88,59,Kediri,-7.8167,111.9667
2025-10-16,31.9,24.8,27.3,3.4,3.4,5.25,18.0,23.83,90,58,Kediri,-7.8167,111.9667
2025-10-17,31.4,25.1,27.5,1.7,1.7,5.16,15.7,23.51,86,59,Kediri,-7.8167,111.9667
2025-10-18,33.3,24.0,27.8,0.3,0.3,5.59,18.2,25.28,88,49,Kediri,-7.8167,111.9667
2025-10-19,31.9,24.5,27.3,1.7,1.7,4.78,17.1,22.63,90,63,Kediri,-7.8167,111.9667
2025-10-20,31.9,24.5,26.7,8.2,8.2,4.2,11.8,20.31,96,62,Kediri,-7.8167,111.9667
2025-10-21,29.8,23.9,25.7,27.8,27.8,3.05,14.2,15.0,100,71,Kediri,-7.8167,111.9667
2025-10-22,29.7,23.9,25.6,14.8,14.8,3.45,15.0,17.4,98,72,Kediri,-7.8167,111.9667
2025-10-23,30.6,23.2,25.9,4.5,4.5,4.25,14.0,21.1,97,66,Kediri,-7.8167,111.9667
2025-10-24,31.4,23.5,26.0,5.0,5.0,4.54,16.2,22.56,97,65,Kediri,-7.8167,111.9667
2025-10-25,30.1,23.6,25.6,3.1,3.1,3.34,17.5,16.37,97,68,Kediri,-7.8167,111.9667
2025-10-26,30.3,23.4,26.0,4.7,4.7,4.43,16.0,21.89,98,64,Kediri,-7.8167,111.9667
2025-10-27,31.0,23.2,26.3,3.7,3.7,4.32,11.4,20.88,99,59,Kediri,-7.8167,111.9667
2025-10-28,30.9,23.5,25.8,9.7,9.7,3.28,9.9,15.8,98,63,Kediri,-7.8167,111.9667
2025-10-29,30.3,23.5,25.7,11.4,11.4,3.89,11.0,19.27,99,67,Kediri,-7.8167,111.9667
2025-10-30,30.2,23.5,25.9,10.8,10.8,3.68,14.5,18.01,100,72,Kediri,-7.8167,111.9667
2025-10-31,30.8,23.2,25.9,7.7,7.7,4.02,12.8,20.02,98,66,Kediri,-7.8167,111.9667
2025-11-01,30.8,23.9,26.3,1.1,1.1,4.05,14.3,19.32,96,65,Kediri,-7.8167,111.9667
2025-11-02,30.6,23.6,26.3,1.2,1.2,4.16,13.5,20.2,90,67,Kediri,-7.8167,111.9667
2025-11-03,29.2,23.5,25.8,19.9,19.9,3.99,12.4,19.91,98,76,Kediri,-7.8167,111.9667
2025-11-04,28.6,23.4,25.2,48.8,48.8,3.36,13.0,17.34,100,80,Kediri,-7.8167,111.9667
2025-11-05,28.3,23.3,24.8,32.0,32.0,2.54,13.2,12.77,99,81,Kediri,-7.8167,111.9667
2025-11-06,29.6,23.2,25.7,8.8,8.8,3.53,15.9,17.23,99,68,Kediri,-7.8167,111.9667
2025-11-07,29.4,23.1,25.6,27.6,27.6,3.37,10.9,16.78,98,75,Kediri,-7.8167,111.9667
2025-11-08,32.3,23.9,26.3,25.6,25.6,4.18,15.3,20.25,99,58,Kediri,-7.8167,111.9667
2025-11-09,27.7,23.3,25.2,27.3,27.3,2.06,15.9,10.22,99,82,Kediri,-7.8167,111.9667
2025-11-10,31.1,23.9,25.9,36.2,36.2,3.43,9.6,16.8,98,62,Kediri,-7.8167,111.9667
2025-11-11,29.4,23.4,25.4,68.4,68.4,2.95,13.9,14.49,99,71,Kediri,-7.8167,111.9667
2025-11-12,26.8,23.2,24.4,47.3,47.3,2.03,6.5,9.98,99,84,Kediri,-7.8167,111.9667
2025-11-13,28.1,23.1,24.8,30.7,30.7,2.24,8.0,10.92,100,73,Kediri,-7.8167,111.9667
2025-11-14,28.6,23.5,24.9,42.2,42.2,2.62,10.6,13.22,99,75,Kediri,-7.8167,111.9667
2025-11-15,28.0,23.0,24.9,28.6,28.6,2.51,13.5,12.53,98,79,Kediri,-7.8167,111.9667
2025-11-16,30.3,23.2,25.6,7.8,7.8,3.3,9.0,16.02,100,62,Kediri,-7.8167,111.9667
2025-11-17,28.9,23.7,25.6,16.8,16.8,2.69,11.5,13.0,98,71,Kediri,-7.8167,111.9667
2025-11-18,30.2,23.5,25.4,55.7,55.7,3.36,12.2,16.69,98,70,Kediri,-7.8167,111.9667
2025-11-19,29.7,23.7,25.4,37.2,37.2,3.06,12.6,14.94,96,68,Kediri,-7.8167,111.9667
2025-11-20,31.1,23.6,25.8,7.0,7.0,3.74,10.3,17.95,98,59,Kediri,-7.8167,111.9667
2025-11-21,27.8,23.4,25.2,30.8,30.8,2.66,10.5,13.22,99,82,Kediri,-7.8167,111.9667
2025-11-22,28.5,23.6,25.3,93.8,93.8,2.33,10.2,11.3,100,81,Kediri,-7.8167,111.9667
2025-11-23,30.8,23.7,26.2,22.2,22.2,4.31,11.2,21.01,98,60,Kediri,-7.8167,111.9667
2025-11-24,28.8,23.1,25.7,3.9,3.9,2.9,12.3,13.82,98,72,Kediri,-7.8167,111.9667
2025-11-25,30.7,22.2,26.2,2.4,2.4,4.53,10.9,21.97,91,62,Kediri,-7.8167,111.9667
2025-11-26,29.3,23.4,25.4,25.1,25.1,3.39,16.7,17.44,100,73,Kediri,-7.8167,111.9667
2025-11-27,30.4,23.1,26.1,2.1,2.1,4.41,18.2,20.59,99,66,Kediri,-7.8167,111.9667
2025-11-28,30.5,24.2,26.7,0.0,0.0,5.42,23.7,23.71,82,61,Kediri,-7.8167,111.9667
2025-11-29,29.9,23.9,26.3,0.0,0.0,5.03,22.1,20.47,77,54,Kediri,-7.8167,111.9667
2025-11-30,30.2,23.2,26.2,0.0,0.0,4.61,14.8,21.05,84,63,Kediri,-7.8167,111.9667
2025-12-01,30.7,23.2,26.6,0.5,0.5,5.13,18.6,22.68,89,61,Kediri,-7.8167,111.9667
2025-12-02,30.3,23.9,26.0,6.3,6.3,3.86,14.4,17.85,96,64,Kediri,-7.8167,111.9667
2025-12-03,29.9,24.1,26.7,2.4,2.4,4.18,15.3,19.87,91,69,Kediri,-7.8167,111.9667
2025-12-04,30.9,23.9,25.6,16.1,16.1,3.53,8.5,17.31,98,67,Kediri,-7.8167,111.9667
2025-12-05,30.1,23.4,25.6,20.6,20.6,3.54,12.9,17.66,96,71,Kediri,-7.8167,111.9667
2025-12-06,30.5,22.9,25.5,1.6,1.6,3.68,14.5,18.15,96,65,Kediri,-7.8167,111.9667
2025-12-07,29.9,23.1,25.7,13.6,13.6,3.65,12.2,18.09,99,71,Kediri,-7.8167,111.9667
2025-12-08,28.6,23.5,25.2,11.8,11.8,2.28,14.6,11.13,99,77,Kediri,-7.8167,111.9667
2025-12-09,30.4,23.3,25.7,5.8,5.8,3.33,15.6,16.29,98,69,Kediri,-7.8167,111.9667
2025-12-10,31.6,22.8,26.9,1.6,1.6,4.88,18.1,22.87,96,59,Kediri,-7.8167,111.9667
2025-12-11,31.1,24.1,26.5,0.4,0.4,3.75,13.6,16.96,92,57,Kediri,-7.8167,111.9667
2025-12-12,30.1,23.0,26.1,10.0,10.0,4.42,9.2,21.68,94,63,Kediri,-7.8167,111.9667
2025-12-13,29.3,22.8,26.0,4.5,4.5,4.35,8.5,21.78,99,64,Kediri,-7.8167,111.9667
2025-12-14,28.4,23.4,25.2,38.8,38.8,3.2,8.4,16.34,100,77,Kediri,-7.8167,111.9667
2025-12-15,29.7,23.4,25.6,9.5,9.5,3.34,14.0,16.59,98,69,Kediri,-7.8167,111.9667
2025-12-16,32.4,23.3,27.3,0.0,0.0,5.14,12.1,23.4,83,46,Kediri,-7.8167,111.9667
2025-12-17,30.5,23.4,26.5,1.4,1.4,4.38,9.7,21.54,95,65,Kediri,-7.8167,111.9667
2025-12-18,29.7,23.8,25.7,31.4,31.4,3.6,10.7,18.07,100,72,Kediri,-7.8167,111.9667
2025-12-19,30.8,23.6,25.9,1.8,1.8,3.59,14.1,17.42,99,60,Kediri,-7.8167,111.9667
2025-12-20,28.6,23.4,25.2,47.4,47.4,2.96,8.4,14.62,100,78,Kediri,-7.8167,111.9667
2025-12-21,29.8,23.5,26.1,10.0,10.0,3.93,10.9,19.45,97,70,Kediri,-7.8167,111.9667
2025-12-22,29.3,24.0,26.0,26.5,26.5,2.79,8.3,13.79,96,78,Kediri,-7.8167,111.9667
2025-12-23,31.3,23.6,26.8,2.0,2.0,4.25,9.8,20.33,95,62,Kediri,-7.8167,111.9667
2025-12-24,30.6,23.8,26.4,3.5,3.5,4.31,10.3,21.15,100,66,Kediri,-7.8167,111.9667
2025-12-25,29.9,23.2,26.3,7.7,7.7,4.19,10.5,20.56,100,69,Kediri,-7.8167,111.9667
2025-12-26,30.0,23.8,26.2,5.4,5.4,3.63,13.4,17.76,98,70,Kediri,-7.8167,111.9667
2025-12-27,31.5,23.9,27.0,4.8,4.8,3.76,13.1,17.19,97,60,Kediri,-7.8167,111.9667
2025-12-28,32.2,24.1,27.5,0.0,0.0,4.9,13.4,23.14,98,59,Kediri,-7.8167,111.9667
2025-12-29,30.8,24.4,27.1,0.5,0.5,4.87,18.3,22.44,94,62,Kediri,-7.8167,111.9667
2025-12-30,30.3,23.4,26.5,1.4,1.4,4.5,11.4,21.17,87,62,Kediri,-7.8167,111.9667
2025-12-31,28.6,24.1,25.5,27.9,27.9,2.68,9.4,13.1,100,77,Kediri,-7.8167,111.9667
