tanggal,temperature_2m_max,temperature_2m_min,temperature_2m_mean,precipitation_sum,rain_sum,et0_fao_evapotranspiration,windspeed_10m_max,shortwave_radiation_sum,relative_humidity_2m_max,relative_humidity_2m_min,kabupaten,lat,lon
2018-01-01,26.7,21.3,23.4,6.9,6.9,2.57,12.3,12.99,97,75,Kota Malang,-7.9797,112.6304
2018-01-02,26.1,21.2,23.5,11.5,11.5,2.65,11.2,13.6,99,77,Kota Malang,-7.9797,112.6304
2018-01-03,26.6,22.2,23.9,0.5,0.5,2.48,5.5,12.29,94,74,Kota Malang,-7.9797,112.6304
2018-01-04,27.2,22.3,23.7,34.6,34.6,2.52,8.0,12.59,97,75,Kota Malang,-7.9797,112.6304
2018-01-05,26.5,21.8,23.5,24.5,24.5,2.79,8.4,14.41,99,81,Kota Malang,-7.9797,112.6304
2018-01-06,27.0,21.7,23.6,11.0,11.0,3.0,9.9,15.34,100,74,Kota Malang,-7.9797,112.6304
2018-01-07,25.6,21.2,23.2,50.8,50.8,2.06,9.3,10.41,99,80,Kota Malang,-7.9797,112.6304
2018-01-08,26.9,22.0,23.8,18.6,18.6,3.12,7.2,15.7,96,75,Kota Malang,-7.9797,112.6304
2018-01-09,27.8,22.0,24.4,11.1,11.1,3.61,8.2,18.24,92,71,Kota Malang,-7.9797,112.6304
2018-01-10,27.3,21.7,23.5,17.3,17.3,2.98,13.5,15.54,99,78,Kota Malang,-7.9797,112.6304
2018-01-11,25.4,20.7,22.8,23.8,23.8,1.87,10.1,9.1,100,78,Kota Malang,-7.9797,112.6304
2018-01-12,27.7,21.2,23.8,1.4,1.4,2.72,9.3,12.74,95,59,Kota Malang,-7.9797,112.6304
2018-01-13,27.1,21.7,23.9,7.3,7.3,2.13,7.7,9.58,95,68,Kota Malang,-7.9797,112.6304
2018-01-14,27.2,21.9,23.9,5.6,5.6,2.25,6.8,10.42,97,67,Kota Malang,-7.9797,112.6304
2018-01-15,27.9,21.7,24.1,5.5,5.5,3.29,8.3,16.15,99,65,Kota Malang,-7.9797,112.6304
2018-01-16,28.1,21.5,23.9,7.2,7.2,2.97,9.9,14.28,96,61,Kota Malang,-7.9797,112.6304
2018-01-17,27.5,21.1,23.9,14.2,14.2,2.82,7.6,13.72,97,64,Kota Malang,-7.9797,112.6304
2018-01-18,26.4,22.3,23.7,25.7,25.7,2.43,6.9,12.09,94,78,Kota Malang,-7.9797,112.6304
2018-01-19,26.2,21.8,23.1,25.0,25.0,1.93,13.0,9.57,99,81,Kota Malang,-7.9797,112.6304
2018-01-20,25.2,21.4,22.9,14.3,14.3,1.98,8.8,9.87,100,81,Kota Malang,-7.9797,112.6304
2018-01-21,25.5,21.8,23.3,12.8,12.8,2.12,7.6,10.43,99,81,Kota Malang,-7.9797,112.6304
2018-01-22,26.4,21.5,23.6,19.0,19.0,2.31,6.5,11.35,97,78,Kota Malang,-7.9797,112.6304
2018-01-23,26.0,21.9,23.6,11.6,11.6,2.63,8.2,13.32,99,81,Kota Malang,-7.9797,112.6304
2018-01-24,25.9,21.6,23.6,12.9,12.9,2.28,8.7,11.66,97,80,Kota Malang,-7.9797,112.6304
2018-01-25,26.1,21.7,23.4,38.7,38.7,1.83,7.6,8.89,100,80,Kota Malang,-7.9797,112.6304
2018-01-26,28.6,21.6,24.0,9.4,9.4,3.2,8.0,15.75,100,61,Kota Malang,-7.9797,112.6304
2018-01-27,28.8,21.7,24.5,4.3,4.3,3.59,7.0,17.53,97,64,Kota Malang,-7.9797,112.6304
2018-01-28,28.4,22.3,24.9,3.3,3.3,3.55,6.6,17.3,95,70,Kota Malang,-7.9797,112.6304
2018-01-29,28.2,21.7,24.2,3.0,3.0,3.21,10.2,15.9,99,65,Kota Malang,-7.9797,112.6304
2018-01-30,27.9,20.6,23.8,3.4,3.4,3.96,11.2,20.17,100,62,Kota Malang,-7.9797,112.6304
2018-01-31,28.2,21.1,24.3,5.9,5.9,3.97,8.0,20.07,98,72,Kota Malang,-7.9797,112.6304
2018-02-01,26.8,22.1,23.5,26.4,26.4,2.37,9.4,11.94,100,77,Kota Malang,-7.9797,112.6304
2018-02-02,26.0,22.1,23.4,19.7,19.7,1.99,6.3,9.82,100,84,Kota Malang,-7.9797,112.6304
2018-02-03,27.6,21.2,24.1,38.8,38.8,3.58,8.7,18.07,94,70,Kota Malang,-7.9797,112.6304
2018-02-04,28.4,21.7,24.1,10.4,10.4,3.8,8.0,19.25,98,70,Kota Malang,-7.9797,112.6304
2018-02-05,26.4,21.7,23.6,4.4,4.4,2.88,8.8,14.36,99,74,Kota Malang,-7.9797,112.6304
2018-02-06,26.3,21.5,23.1,14.1,14.1,3.28,10.5,17.16,98,70,Kota Malang,-7.9797,112.6304
2018-02-07,26.4,20.5,23.0,17.7,17.7,3.0,8.2,15.48,97,78,Kota Malang,-7.9797,112.6304
2018-02-08,25.4,21.3,23.0,24.1,24.1,2.22,7.3,11.01,98,75,Kota Malang,-7.9797,112.6304
2018-02-09,25.5,21.3,23.2,2.6,2.6,2.37,8.7,11.76,100,76,Kota Malang,-7.9797,112.6304
2018-02-10,27.9,20.1,23.6,3.3,3.3,4.14,8.7,21.15,100,65,Kota Malang,-7.9797,112.6304
2018-02-11,27.0,21.3,23.7,15.6,15.6,3.4,7.6,17.27,97,71,Kota Malang,-7.9797,112.6304
2018-02-12,27.2,21.8,23.8,35.4,35.4,2.57,7.1,12.62,98,70,Kota Malang,-7.9797,112.6304
2018-02-13,26.7,21.7,23.9,24.4,24.4,3.13,9.3,15.92,97,73,Kota Malang,-7.9797,112.6304
2018-02-14,27.3,22.1,23.9,8.6,8.6,2.86,10.7,14.1,100,67,Kota Malang,-7.9797,112.6304
2018-02-15,26.5,21.4,23.2,30.5,30.5,2.38,9.4,11.77,100,71,Kota Malang,-7.9797,112.6304
2018-02-16,26.2,21.9,23.6,3.4,3.4,1.69,6.9,7.69,97,78,Kota Malang,-7.9797,112.6304
2018-02-17,28.3,21.3,24.0,11.5,11.5,3.31,11.7,16.56,99,62,Kota Malang,-7.9797,112.6304
2018-02-18,28.1,21.5,24.2,4.5,4.5,3.96,8.9,19.94,100,66,Kota Malang,-7.9797,112.6304
2018-02-19,27.2,21.0,23.9,11.3,11.3,3.92,7.2,20.13,100,75,Kota Malang,-7.9797,112.6304
2018-02-20,27.2,21.5,23.6,14.2,14.2,2.95,8.4,14.9,97,76,Kota Malang,-7.9797,112.6304
2018-02-21,28.0,21.6,24.2,12.4,12.4,3.87,6.7,19.52,97,72,Kota Malang,-7.9797,112.6304
2018-02-22,26.2,21.5,23.4,39.3,39.3,2.35,6.2,11.65,100,81,Kota Malang,-7.9797,112.6304
2018-02-23,26.2,21.7,23.4,17.7,17.7,2.29,8.8,11.25,97,75,Kota Malang,-7.9797,112.6304
2018-02-24,26.1,21.8,23.4,37.1,37.1,2.38,6.9,11.76,98,78,Kota Malang,-7.9797,112.6304
2018-02-25,27.2,21.5,23.5,9.0,9.0,3.36,10.0,17.41,97,72,Kota Malang,-7.9797,112.6304
2018-02-26,26.5,21.8,23.4,27.8,27.8,2.85,8.0,14.64,96,81,Kota Malang,-7.9797,112.6304
2018-02-27,28.1,20.4,23.9,1.9,1.9,4.49,9.8,23.13,94,64,Kota Malang,-7.9797,112.6304
2018-02-28,27.4,21.3,24.0,5.1,5.1,3.57,6.8,18.33,94,74,Kota Malang,-7.9797,112.6304
2018-03-01,27.6,21.5,24.1,3.0,3.0,4.18,12.8,21.73,98,70,Kota Malang,-7.9797,112.6304
2018-03-02,26.3,21.7,23.7,25.4,25.4,3.23,10.5,16.89,97,80,Kota Malang,-7.9797,112.6304
2018-03-03,26.5,22.4,24.1,6.5,6.5,3.15,8.0,16.18,98,79,Kota Malang,-7.9797,112.6304
2018-03-04,26.8,21.7,23.9,6.2,6.2,3.1,8.0,15.99,95,76,Kota Malang,-7.9797,112.6304
2018-03-05,26.9,22.2,23.9,1.6,1.6,2.94,8.0,14.73,99,77,Kota Malang,-7.9797,112.6304
2018-03-06,27.5,21.4,24.1,1.5,1.5,3.81,8.8,19.66,96,71,Kota Malang,-7.9797,112.6304
2018-03-07,26.3,21.7,23.7,11.9,11.9,3.04,7.2,15.53,99,79,Kota Malang,-7.9797,112.6304
2018-03-08,26.3,21.3,23.6,19.8,19.8,3.29,8.4,17.04,94,80,Kota Malang,-7.9797,112.6304
2018-03-09,26.9,21.2,24.0,5.8,5.8,3.7,8.7,19.11,94,73,Kota Malang,-7.9797,112.6304
2018-03-10,27.9,21.4,24.1,5.7,5.7,3.55,7.0,18.01,99,74,Kota Malang,-7.9797,112.6304
2018-03-11,27.1,21.6,23.8,4.7,4.7,3.48,9.4,17.85,100,73,Kota Malang,-7.9797,112.6304
2018-03-12,26.9,21.5,23.8,8.2,8.2,3.69,5.9,18.91,99,82,Kota Malang,-7.9797,112.6304
2018-03-13,26.4,21.3,23.3,22.5,22.5,3.02,8.7,15.21,97,71,Kota Malang,-7.9797,112.6304
2018-03-14,26.9,21.5,23.5,2.3,2.3,3.15,9.7,16.07,94,68,Kota Malang,-7.9797,112.6304
2018-03-15,27.4,20.3,23.7,1.7,1.7,4.17,11.6,21.68,93,68,Kota Malang,-7.9797,112.6304
2018-03-16,26.9,21.1,23.6,10.4,10.4,3.56,9.2,18.41,97,76,Kota Malang,-7.9797,112.6304
2018-03-17,27.0,21.5,23.4,32.2,32.2,3.46,8.8,17.85,99,73,Kota Malang,-7.9797,112.6304
2018-03-18,26.3,21.3,23.4,0.2,0.2,3.52,9.4,18.62,95,74,Kota Malang,-7.9797,112.6304
2018-03-19,26.7,20.8,23.7,2.1,2.1,3.71,10.0,19.52,93,74,Kota Malang,-7.9797,112.6304
2018-03-20,28.9,20.6,24.1,0.0,0.0,5.18,9.5,26.49,100,57,Kota Malang,-7.9797,112.6304
2018-03-21,28.3,20.5,24.3,4.2,4.2,4.46,12.1,22.87,98,69,Kota Malang,-7.9797,112.6304
2018-03-22,26.6,21.5,23.6,3.1,3.1,2.91,11.0,14.65,96,72,Kota Malang,-7.9797,112.6304
2018-03-23,28.2,21.8,24.5,1.5,1.5,4.42,12.1,22.59,96,66,Kota Malang,-7.9797,112.6304
2018-03-24,27.1,21.6,23.5,2.6,2.6,3.23,11.9,16.97,99,71,Kota Malang,-7.9797,112.6304
2018-03-25,26.6,21.6,23.8,2.6,2.6,3.43,8.7,17.5,99,74,Kota Malang,-7.9797,112.6304
2018-03-26,26.8,21.7,23.9,8.0,8.0,3.41,6.4,17.49,96,76,Kota Malang,-7.9797,112.6304
2018-03-27,26.4,21.9,23.7,3.1,3.1,2.45,9.1,12.08,98,74,Kota Malang,-7.9797,112.6304
2018-03-28,27.1,21.2,23.8,1.0,1.0,3.6,12.6,18.71,96,72,Kota Malang,-7.9797,112.6304
2018-03-29,28.4,21.8,24.6,0.0,0.0,4.08,11.3,20.47,96,66,Kota Malang,-7.9797,112.6304
2018-03-30,28.3,21.5,24.1,5.6,5.6,3.92,6.4,19.92,100,65,Kota Malang,-7.9797,112.6304
2018-03-31,28.3,22.2,24.4,6.5,6.5,3.62,10.1,18.18,97,63,Kota Malang,-7.9797,112.6304
2018-04-01,28.0,21.4,24.4,11.3,11.3,4.08,6.5,20.76,94,68,Kota Malang,-7.9797,112.6304
2018-04-02,27.6,22.5,24.5,1.9,1.9,3.63,8.0,18.3,90,69,Kota Malang,-7.9797,112.6304
2018-04-03,27.5,21.6,24.3,1.4,1.4,3.83,10.1,19.69,94,72,Kota Malang,-7.9797,112.6304
2018-04-04,27.4,21.7,24.4,0.0,0.0,3.38,7.7,17.27,91,72,Kota Malang,-7.9797,112.6304
2018-04-05,26.6,22.2,24.1,0.0,0.0,3.31,4.9,16.87,96,75,Kota Malang,-7.9797,112.6304
2018-04-06,27.2,21.6,24.3,0.7,0.7,3.28,7.6,16.64,93,74,Kota Malang,-7.9797,112.6304
2018-04-07,26.9,22.0,24.0,4.0,4.0,3.48,9.7,18.22,94,75,Kota Malang,-7.9797,112.6304
2018-04-08,27.5,21.9,24.3,1.2,1.2,3.35,13.8,16.87,93,68,Kota Malang,-7.9797,112.6304
2018-04-09,27.6,21.7,24.1,1.3,1.3,3.66,11.7,18.75,89,67,Kota Malang,-7.9797,112.6304
2018-04-10,27.7,22.1,24.6,0.0,0.0,3.86,9.0,19.35,92,59,Kota Malang,-7.9797,112.6304
2018-04-11,28.2,21.8,24.6,0.0,0.0,4.0,9.0,20.32,96,66,Kota Malang,-7.9797,112.6304
2018-04-12,27.9,22.0,24.7,1.0,1.0,3.39,12.1,17.1,95,70,Kota Malang,-7.9797,112.6304
2018-04-13,28.1,22.7,25.1,1.5,1.5,3.6,6.4,17.85,94,71,Kota Malang,-7.9797,112.6304
2018-04-14,28.3,22.9,25.0,0.0,0.0,3.63,10.1,18.18,92,67,Kota Malang,-7.9797,112.6304
2018-04-15,29.0,22.4,25.1,1.7,1.7,4.42,11.2,21.95,96,66,Kota Malang,-7.9797,112.6304
2018-04-16,28.5,21.7,24.7,0.1,0.1,3.61,6.8,18.03,96,65,Kota Malang,-7.9797,112.6304
2018-04-17,27.0,22.4,24.1,0.8,0.8,2.65,6.9,13.37,93,75,Kota Malang,-7.9797,112.6304
2018-04-18,27.5,22.5,24.6,0.3,0.3,3.15,8.4,15.39,94,66,Kota Malang,-7.9797,112.6304
2018-04-19,27.5,22.4,24.6,0.3,0.3,3.71,6.0,18.63,90,68,Kota Malang,-7.9797,112.6304
2018-04-20,28.0,21.8,24.7,1.2,1.2,3.62,9.2,18.48,92,71,Kota Malang,-7.9797,112.6304
2018-04-21,28.2,22.3,25.1,0.5,0.5,3.77,9.2,18.75,92,65,Kota Malang,-7.9797,112.6304
2018-04-22,27.4,22.9,24.6,0.6,0.6,2.8,12.7,13.79,94,69,Kota Malang,-7.9797,112.6304
2018-04-23,27.5,22.2,24.4,0.9,0.9,3.08,11.9,15.19,96,64,Kota Malang,-7.9797,112.6304
2018-04-24,29.0,22.5,25.0,0.2,0.2,3.56,8.0,17.29,95,56,Kota Malang,-7.9797,112.6304
2018-04-25,28.3,21.9,24.7,0.4,0.4,3.54,7.8,17.63,94,63,Kota Malang,-7.9797,112.6304
2018-04-26,29.6,21.8,25.1,0.0,0.0,4.17,17.1,19.49,92,49,Kota Malang,-7.9797,112.6304
2018-04-27,29.6,20.3,24.8,0.3,0.3,4.22,13.5,20.56,94,52,Kota Malang,-7.9797,112.6304
2018-04-28,29.4,22.0,24.9,0.0,0.0,4.44,13.0,21.01,86,56,Kota Malang,-7.9797,112.6304
2018-04-29,30.5,20.7,24.9,0.0,0.0,4.89,10.8,23.48,85,41,Kota Malang,-7.9797,112.6304
2018-04-30,29.5,20.5,24.4,0.0,0.0,4.64,9.8,22.79,89,37,Kota Malang,-7.9797,112.6304
2018-05-01,29.5,20.0,24.0,0.0,0.0,4.59,10.6,22.46,92,43,Kota Malang,-7.9797,112.6304
2018-05-02,30.2,19.2,24.1,0.0,0.0,4.92,13.7,23.76,92,41,Kota Malang,-7.9797,112.6304
2018-05-03,29.7,19.6,24.1,0.1,0.1,4.69,13.2,22.72,87,44,Kota Malang,-7.9797,112.6304
2018-05-04,30.3,20.2,24.5,0.0,0.0,4.89,9.0,23.61,87,40,Kota Malang,-7.9797,112.6304
2018-05-05,30.1,20.3,25.0,0.0,0.0,4.94,15.8,22.95,87,40,Kota Malang,-7.9797,112.6304
2018-05-06,30.7,20.2,25.3,0.0,0.0,4.61,12.6,20.87,87,45,Kota Malang,-7.9797,112.6304
2018-05-07,30.4,21.9,25.5,0.2,0.2,4.28,7.4,20.76,88,49,Kota Malang,-7.9797,112.6304
2018-05-08,30.9,21.4,25.3,0.1,0.1,4.73,11.5,22.71,89,41,Kota Malang,-7.9797,112.6304
2018-05-09,30.0,21.0,25.0,0.0,0.0,4.55,11.7,21.79,92,42,Kota Malang,-7.9797,112.6304
2018-05-10,30.9,21.5,25.4,0.0,0.0,4.75,13.7,22.06,92,41,Kota Malang,-7.9797,112.6304
2018-05-11,31.1,21.0,25.4,0.5,0.5,4.68,11.8,21.87,84,40,Kota Malang,-7.9797,112.6304
2018-05-12,30.0,21.2,25.2,0.4,0.4,4.15,8.5,19.57,90,45,Kota Malang,-7.9797,112.6304
2018-05-13,30.8,20.5,25.2,0.0,0.0,4.39,10.4,20.6,92,42,Kota Malang,-7.9797,112.6304
2018-05-14,31.2,21.8,26.0,0.1,0.1,4.44,13.7,20.13,94,41,Kota Malang,-7.9797,112.6304
2018-05-15,29.3,22.4,25.4,1.0,1.0,3.3,8.7,15.63,87,55,Kota Malang,-7.9797,112.6304
2018-05-16,30.0,22.5,25.4,0.0,0.0,3.26,9.2,15.03,88,50,Kota Malang,-7.9797,112.6304
2018-05-17,29.6,22.5,25.1,1.2,1.2,3.02,8.6,13.82,90,57,Kota Malang,-7.9797,112.6304
2018-05-18,28.6,21.8,24.8,0.4,0.4,3.2,7.7,15.39,93,59,Kota Malang,-7.9797,112.6304
2018-05-19,30.3,21.9,25.3,1.0,1.0,3.96,10.5,19.03,92,52,Kota Malang,-7.9797,112.6304
2018-05-20,30.1,22.2,25.4,0.2,0.2,3.76,8.2,17.92,93,48,Kota Malang,-7.9797,112.6304
2018-05-21,30.0,22.1,25.4,0.4,0.4,3.6,12.4,16.56,86,51,Kota Malang,-7.9797,112.6304
2018-05-22,30.7,22.0,25.9,0.6,0.6,3.94,13.7,17.55,87,51,Kota Malang,-7.9797,112.6304
2018-05-23,29.6,22.5,25.7,0.8,0.8,3.34,12.3,14.37,88,54,Kota Malang,-7.9797,112.6304
2018-05-24,28.3,22.7,24.8,1.7,1.7,2.79,9.8,13.06,87,55,Kota Malang,-7.9797,112.6304
2018-05-25,29.5,22.4,25.2,0.2,0.2,3.27,10.1,15.31,94,54,Kota Malang,-7.9797,112.6304
2018-05-26,28.6,22.9,24.8,0.1,0.1,2.9,11.5,13.4,95,58,Kota Malang,-7.9797,112.6304
2018-05-27,28.7,22.0,24.3,0.6,0.6,3.06,15.4,13.33,91,59,Kota Malang,-7.9797,112.6304
2018-05-28,29.7,21.3,24.8,0.0,0.0,3.92,13.8,18.18,91,51,Kota Malang,-7.9797,112.6304
2018-05-29,29.2,21.7,24.4,0.0,0.0,3.92,13.7,17.93,94,50,Kota Malang,-7.9797,112.6304
2018-05-30,29.7,19.9,23.9,0.0,0.0,4.24,13.7,20.38,100,49,Kota Malang,-7.9797,112.6304
2018-05-31,30.8,20.2,24.3,0.0,0.0,4.56,15.8,21.45,86,42,Kota Malang,-7.9797,112.6304
2018-06-01,29.5,19.7,23.9,0.0,0.0,4.2,12.7,20.07,84,47,Kota Malang,-7.9797,112.6304
2018-06-02,31.1,20.7,25.3,0.0,0.0,4.31,10.2,20.17,92,39,Kota Malang,-7.9797,112.6304
2018-06-03,31.4,21.0,25.2,0.0,0.0,3.96,10.7,18.67,92,41,Kota Malang,-7.9797,112.6304
2018-06-04,30.9,21.4,25.6,0.0,0.0,4.1,14.3,18.15,78,47,Kota Malang,-7.9797,112.6304
2018-06-05,31.6,21.5,26.2,0.0,0.0,4.42,11.7,20.69,85,44,Kota Malang,-7.9797,112.6304
2018-06-06,30.1,22.2,25.0,0.1,0.1,3.14,9.7,14.75,93,53,Kota Malang,-7.9797,112.6304
2018-06-07,31.5,21.6,25.7,0.0,0.0,4.17,9.4,19.5,92,44,Kota Malang,-7.9797,112.6304
2018-06-08,30.7,21.7,24.9,0.0,0.0,4.0,12.4,18.96,92,48,Kota Malang,-7.9797,112.6304
2018-06-09,29.4,21.4,24.5,0.0,0.0,3.78,9.4,18.24,96,52,Kota Malang,-7.9797,112.6304
2018-06-10,30.7,20.3,24.8,0.0,0.0,4.24,13.8,19.73,93,42,Kota Malang,-7.9797,112.6304
2018-06-11,28.5,22.6,24.6,1.7,1.7,3.28,12.9,15.63,92,57,Kota Malang,-7.9797,112.6304
2018-06-12,29.5,22.4,24.6,1.8,1.8,3.52,14.8,16.65,92,57,Kota Malang,-7.9797,112.6304
2018-06-13,28.4,20.6,23.5,0.0,0.0,3.94,14.3,18.17,95,49,Kota Malang,-7.9797,112.6304
2018-06-14,29.5,20.7,23.9,0.0,0.0,4.22,13.4,20.03,91,49,Kota Malang,-7.9797,112.6304
2018-06-15,29.0,20.1,23.8,0.0,0.0,3.98,12.2,19.38,92,45,Kota Malang,-7.9797,112.6304
2018-06-16,30.2,19.1,24.2,0.0,0.0,4.36,14.8,20.09,96,37,Kota Malang,-7.9797,112.6304
2018-06-17,30.8,20.0,24.7,0.0,0.0,4.65,20.7,20.19,72,41,Kota Malang,-7.9797,112.6304
2018-06-18,30.2,19.5,24.6,0.0,0.0,4.6,17.1,20.78,83,40,Kota Malang,-7.9797,112.6304
2018-06-19,28.8,20.2,23.7,3.4,3.4,3.34,11.4,16.28,94,51,Kota Malang,-7.9797,112.6304
2018-06-20,26.1,21.8,23.4,11.5,11.5,2.2,8.1,10.92,99,74,Kota Malang,-7.9797,112.6304
2018-06-21,25.9,20.7,23.0,1.9,1.9,2.28,12.5,11.0,99,65,Kota Malang,-7.9797,112.6304
2018-06-22,26.4,21.6,23.4,3.0,3.0,2.71,9.6,13.78,97,72,Kota Malang,-7.9797,112.6304
2018-06-23,25.7,21.4,23.0,8.3,8.3,2.44,11.8,12.41,98,73,Kota Malang,-7.9797,112.6304
2018-06-24,26.3,21.3,23.3,7.1,7.1,3.17,9.1,16.17,96,64,Kota Malang,-7.9797,112.6304
2018-06-25,25.9,21.4,22.9,15.7,15.7,2.45,10.0,12.45,95,77,Kota Malang,-7.9797,112.6304
2018-06-26,25.6,20.7,22.7,3.1,3.1,2.69,12.1,13.8,96,74,Kota Malang,-7.9797,112.6304
2018-06-27,25.5,20.8,22.9,0.0,0.0,2.77,11.0,14.34,95,73,Kota Malang,-7.9797,112.6304
2018-06-28,25.6,20.7,22.6,0.4,0.4,2.57,13.4,12.83,95,74,Kota Malang,-7.9797,112.6304
2018-06-29,25.4,20.3,22.2,0.0,0.0,2.73,16.9,14.08,96,70,Kota Malang,-7.9797,112.6304
2018-06-30,26.3,19.5,22.4,0.2,0.2,3.27,14.8,16.8,94,66,Kota Malang,-7.9797,112.6304
2018-07-01,26.8,19.0,22.6,0.0,0.0,3.58,8.0,18.79,95,69,Kota Malang,-7.9797,112.6304
2018-07-02,26.9,19.6,22.8,0.0,0.0,3.76,8.6,19.59,96,62,Kota Malang,-7.9797,112.6304
2018-07-03,27.2,19.2,22.5,0.1,0.1,3.46,13.8,17.84,95,61,Kota Malang,-7.9797,112.6304
2018-07-04,25.5,20.2,22.6,1.6,1.6,2.11,16.1,9.53,97,73,Kota Malang,-7.9797,112.6304
2018-07-05,25.3,18.9,21.5,0.0,0.0,4.04,19.6,20.78,91,55,Kota Malang,-7.9797,112.6304
2018-07-06,26.1,18.2,21.6,0.0,0.0,3.72,12.3,19.2,88,59,Kota Malang,-7.9797,112.6304
2018-07-07,26.2,19.0,22.0,0.0,0.0,3.56,11.2,18.67,94,60,Kota Malang,-7.9797,112.6304
2018-07-08,26.4,18.9,22.3,0.2,0.2,3.34,12.0,17.41,96,64,Kota Malang,-7.9797,112.6304
2018-07-09,26.5,20.4,23.0,0.0,0.0,3.74,14.3,18.9,94,63,Kota Malang,-7.9797,112.6304
2018-07-10,25.9,20.2,22.4,0.0,0.0,3.18,16.1,15.85,94,63,Kota Malang,-7.9797,112.6304
2018-07-11,26.2,18.3,21.7,0.0,0.0,3.42,13.4,17.3,91,57,Kota Malang,-7.9797,112.6304
2018-07-12,26.6,17.5,22.0,1.3,1.3,3.61,12.0,18.59,96,60,Kota Malang,-7.9797,112.6304
2018-07-13,25.9,19.4,22.1,1.8,1.8,2.64,12.3,12.76,98,62,Kota Malang,-7.9797,112.6304
2018-07-14,25.7,19.4,21.8,3.5,3.5,3.17,15.8,16.03,95,63,Kota Malang,-7.9797,112.6304
2018-07-15,24.9,18.8,20.9,4.9,4.9,2.83,14.8,14.01,96,64,Kota Malang,-7.9797,112.6304
2018-07-16,26.2,17.7,21.5,0.1,0.1,3.36,12.2,17.13,93,60,Kota Malang,-7.9797,112.6304
2018-07-17,26.1,19.0,22.1,1.8,1.8,2.76,8.2,13.77,98,63,Kota Malang,-7.9797,112.6304
2018-07-18,27.0,20.2,22.9,1.3,1.3,3.06,10.6,15.19,97,62,Kota Malang,-7.9797,112.6304
2018-07-19,28.2,19.5,22.9,0.4,0.4,3.81,10.9,19.27,97,60,Kota Malang,-7.9797,112.6304
2018-07-20,29.8,18.7,23.3,1.0,1.0,3.94,11.2,19.75,98,48,Kota Malang,-7.9797,112.6304
2018-07-21,27.2,20.3,23.3,0.1,0.1,2.88,9.5,13.83,99,59,Kota Malang,-7.9797,112.6304
2018-07-22,27.9,21.0,23.7,1.5,1.5,3.04,12.6,14.62,98,61,Kota Malang,-7.9797,112.6304
2018-07-23,27.6,20.7,23.7,0.0,0.0,3.23,14.0,14.72,95,63,Kota Malang,-7.9797,112.6304
2018-07-24,28.3,18.9,23.2,0.0,0.0,4.17,9.0,21.38,100,45,Kota Malang,-7.9797,112.6304
2018-07-25,28.1,18.7,22.5,0.0,0.0,4.43,11.4,22.43,87,29,Kota Malang,-7.9797,112.6304
2018-07-26,28.0,16.7,22.0,0.0,0.0,4.23,13.3,21.41,93,50,Kota Malang,-7.9797,112.6304
2018-07-27,27.8,19.3,22.4,0.0,0.0,3.67,16.4,18.47,97,54,Kota Malang,-7.9797,112.6304
2018-07-28,26.6,20.2,22.4,0.3,0.3,2.91,15.8,13.76,96,60,Kota Malang,-7.9797,112.6304
2018-07-29,28.1,19.6,22.9,0.3,0.3,3.58,13.7,17.5,89,56,Kota Malang,-7.9797,112.6304
2018-07-30,29.7,19.0,23.5,0.2,0.2,4.1,9.7,20.26,93,49,Kota Malang,-7.9797,112.6304
2018-07-31,27.7,19.1,22.9,1.5,1.5,3.74,13.3,18.67,93,60,Kota Malang,-7.9797,112.6304
2018-08-01,27.6,20.3,22.9,2.8,2.8,3.83,15.5,19.43,97,61,Kota Malang,-7.9797,112.6304
2018-08-02,26.0,18.6,21.4,2.9,2.9,4.28,16.6,21.6,98,46,Kota Malang,-7.9797,112.6304
2018-08-03,23.8,18.4,20.4,2.0,2.0,2.92,18.5,14.03,89,59,Kota Malang,-7.9797,112.6304
2018-08-04,24.7,18.3,20.6,7.2,7.2,2.81,16.0,13.84,95,58,Kota Malang,-7.9797,112.6304
2018-08-05,22.7,18.5,19.9,16.0,16.0,1.91,14.9,9.89,95,76,Kota Malang,-7.9797,112.6304
2018-08-06,26.2,17.0,20.9,0.2,0.2,3.86,15.6,20.17,89,55,Kota Malang,-7.9797,112.6304
2018-08-07,26.8,18.1,22.0,0.5,0.5,3.93,12.3,20.14,93,53,Kota Malang,-7.9797,112.6304
2018-08-08,28.5,18.8,23.3,4.8,4.8,4.21,8.1,21.32,97,54,Kota Malang,-7.9797,112.6304
2018-08-09,29.5,19.3,23.2,1.2,1.2,4.35,13.4,21.68,100,53,Kota Malang,-7.9797,112.6304
2018-08-10,27.2,20.2,22.8,0.1,0.1,3.89,16.9,19.81,98,61,Kota Malang,-7.9797,112.6304
2018-08-11,27.7,20.5,23.0,0.0,0.0,3.73,13.9,18.04,92,58,Kota Malang,-7.9797,112.6304
2018-08-12,27.3,19.8,23.1,0.1,0.1,3.59,11.9,17.78,95,61,Kota Malang,-7.9797,112.6304
2018-08-13,29.2,19.2,23.6,0.0,0.0,3.95,9.8,19.22,97,49,Kota Malang,-7.9797,112.6304
2018-08-14,29.2,19.4,23.4,0.0,0.0,3.94,12.7,19.23,92,51,Kota Malang,-7.9797,112.6304
2018-08-15,27.4,18.9,22.4,0.0,0.0,4.43,14.7,21.93,96,53,Kota Malang,-7.9797,112.6304
2018-08-16,27.6,16.9,21.6,0.0,0.0,4.77,15.0,24.23,91,44,Kota Malang,-7.9797,112.6304
2018-08-17,27.7,17.4,21.7,0.6,0.6,4.61,15.9,23.39,93,46,Kota Malang,-7.9797,112.6304
2018-08-18,28.8,19.0,22.8,0.3,0.3,4.39,11.8,21.56,96,46,Kota Malang,-7.9797,112.6304
2018-08-19,29.7,17.6,23.4,1.0,1.0,4.76,11.4,23.55,98,30,Kota Malang,-7.9797,112.6304
2018-08-20,29.9,19.1,23.5,1.7,1.7,4.06,11.2,19.78,95,47,Kota Malang,-7.9797,112.6304
2018-08-21,27.6,20.2,23.2,4.0,4.0,3.73,9.4,18.55,97,58,Kota Malang,-7.9797,112.6304
2018-08-22,28.9,20.2,23.3,0.0,0.0,4.4,13.1,21.23,94,51,Kota Malang,-7.9797,112.6304
2018-08-23,29.2,19.2,23.1,0.0,0.0,4.79,13.8,22.86,93,48,Kota Malang,-7.9797,112.6304
2018-08-24,29.2,18.6,22.7,0.0,0.0,4.93,13.4,23.57,99,40,Kota Malang,-7.9797,112.6304
2018-08-25,29.2,16.5,22.1,0.0,0.0,4.47,15.5,21.71,93,42,Kota Malang,-7.9797,112.6304
2018-08-26,29.7,19.0,23.1,1.9,1.9,4.35,15.5,21.5,97,49,Kota Malang,-7.9797,112.6304
2018-08-27,30.6,19.7,23.4,0.8,0.8,3.99,14.6,19.3,100,47,Kota Malang,-7.9797,112.6304
2018-08-28,26.7,20.3,22.6,1.0,1.0,2.65,12.2,13.33,98,66,Kota Malang,-7.9797,112.6304
2018-08-29,25.5,20.4,22.1,12.4,12.4,2.24,14.4,11.02,99,71,Kota Malang,-7.9797,112.6304
2018-08-30,26.7,20.3,22.3,12.8,12.8,2.63,12.6,13.15,100,67,Kota Malang,-7.9797,112.6304
2018-08-31,26.8,20.8,22.6,13.0,13.0,2.81,9.8,14.15,98,68,Kota Malang,-7.9797,112.6304
2018-09-01,24.5,20.6,22.0,18.7,18.7,1.84,11.3,9.46,99,81,Kota Malang,-7.9797,112.6304
2018-09-02,26.9,20.5,22.7,2.1,2.1,3.58,13.0,18.48,98,67,Kota Malang,-7.9797,112.6304
2018-09-03,26.4,19.6,21.9,0.6,0.6,4.06,14.0,21.11,97,57,Kota Malang,-7.9797,112.6304
2018-09-04,26.6,19.2,21.8,0.0,0.0,4.04,13.4,20.86,91,56,Kota Malang,-7.9797,112.6304
2018-09-05,25.8,19.5,22.3,2.3,2.3,2.82,11.3,14.02,94,69,Kota Malang,-7.9797,112.6304
2018-09-06,27.6,20.4,23.0,0.0,0.0,4.08,13.7,20.96,98,52,Kota Malang,-7.9797,112.6304
2018-09-07,27.8,18.8,23.0,1.0,1.0,4.34,14.2,22.33,96,55,Kota Malang,-7.9797,112.6304
2018-09-08,27.1,21.0,23.4,0.6,0.6,3.47,11.4,17.11,95,65,Kota Malang,-7.9797,112.6304
2018-09-09,30.6,20.1,24.3,0.0,0.0,5.01,10.7,24.36,96,40,Kota Malang,-7.9797,112.6304
2018-09-10,30.5,20.9,24.4,0.0,0.0,5.02,12.4,23.58,96,32,Kota Malang,-7.9797,112.6304
2018-09-11,29.6,20.7,24.0,0.0,0.0,4.56,14.3,22.08,92,41,Kota Malang,-7.9797,112.6304
2018-09-12,27.2,20.2,22.8,0.7,0.7,4.3,16.6,20.9,94,51,Kota Malang,-7.9797,112.6304
2018-09-13,28.5,19.1,22.6,0.0,0.0,4.5,15.1,22.31,93,47,Kota Malang,-7.9797,112.6304
2018-09-14,27.5,19.6,22.4,0.1,0.1,3.98,14.8,18.96,94,50,Kota Malang,-7.9797,112.6304
2018-09-15,27.9,19.0,22.5,0.0,0.0,4.59,14.4,22.81,91,41,Kota Malang,-7.9797,112.6304
2018-09-16,30.2,17.6,23.6,0.0,0.0,5.37,12.7,25.16,89,35,Kota Malang,-7.9797,112.6304
2018-09-17,28.5,20.6,23.7,0.4,0.4,4.3,14.5,20.87,93,52,Kota Malang,-7.9797,112.6304
2018-09-18,30.1,20.7,23.8,6.2,6.2,4.4,14.1,21.64,95,43,Kota Malang,-7.9797,112.6304
2018-09-19,28.6,21.3,23.5,16.1,16.1,3.04,9.5,14.68,94,58,Kota Malang,-7.9797,112.6304
2018-09-20,28.8,21.3,24.2,0.0,0.0,3.33,10.2,15.36,96,48,Kota Malang,-7.9797,112.6304
2018-09-21,29.0,21.2,24.8,0.9,0.9,4.05,9.7,19.45,90,55,Kota Malang,-7.9797,112.6304
2018-09-22,30.9,20.4,25.0,0.0,0.0,5.2,10.3,25.01,91,41,Kota Malang,-7.9797,112.6304
2018-09-23,29.8,19.7,24.3,0.0,0.0,5.01,13.9,23.89,93,40,Kota Malang,-7.9797,112.6304
2018-09-24,31.2,19.5,24.7,0.0,0.0,5.4,13.8,25.52,91,39,Kota Malang,-7.9797,112.6304
2018-09-25,29.9,20.2,24.8,0.0,0.0,4.99,12.7,23.02,93,45,Kota Malang,-7.9797,112.6304
2018-09-26,31.4,20.3,24.3,0.0,0.0,5.22,14.7,24.52,97,36,Kota Malang,-7.9797,112.6304
2018-09-27,31.4,17.8,23.7,0.0,0.0,6.1,18.9,27.14,88,22,Kota Malang,-7.9797,112.6304
2018-09-28,31.7,17.8,23.9,0.0,0.0,5.64,12.7,26.97,89,27,Kota Malang,-7.9797,112.6304
2018-09-29,31.5,19.5,24.5,0.1,0.1,5.19,13.7,24.16,92,37,Kota Malang,-7.9797,112.6304
2018-09-30,31.9,20.4,25.3,0.1,0.1,5.06,12.6,23.78,97,40,Kota Malang,-7.9797,112.6304
2018-10-01,31.6,21.3,25.6,0.0,0.0,5.2,13.7,22.81,93,40,Kota Malang,-7.9797,112.6304
2018-10-02,32.9,20.6,26.0,0.6,0.6,5.17,10.6,23.8,96,39,Kota Malang,-7.9797,112.6304
2018-10-03,31.7,21.7,25.8,0.0,0.0,5.2,9.3,24.33,93,40,Kota Malang,-7.9797,112.6304
2018-10-04,32.6,19.8,25.4,0.0,0.0,5.85,11.8,27.01,98,26,Kota Malang,-7.9797,112.6304
2018-10-05,32.9,19.4,25.5,0.0,0.0,5.66,14.8,25.45,87,32,Kota Malang,-7.9797,112.6304
2018-10-06,33.2,21.0,26.2,0.0,0.0,5.59,15.4,24.78,84,32,Kota Malang,-7.9797,112.6304
2018-10-07,31.6,21.6,26.4,0.0,0.0,5.6,16.3,23.86,83,33,Kota Malang,-7.9797,112.6304
2018-10-08,32.5,21.7,26.4,0.0,0.0,5.87,14.6,26.19,80,26,Kota Malang,-7.9797,112.6304
2018-10-09,32.5,20.7,25.2,0.0,0.0,5.78,17.2,26.1,96,32,Kota Malang,-7.9797,112.6304
2018-10-10,33.3,20.6,25.2,0.0,0.0,5.41,17.3,24.48,98,31,Kota Malang,-7.9797,112.6304
2018-10-11,33.6,21.2,25.9,0.0,0.0,5.34,13.9,23.86,90,26,Kota Malang,-7.9797,112.6304
2018-10-12,33.0,21.3,26.0,0.6,0.6,5.21,15.8,23.07,96,31,Kota Malang,-7.9797,112.6304
2018-10-13,31.2,22.0,25.4,0.1,0.1,5.32,15.9,23.76,89,40,Kota Malang,-7.9797,112.6304
2018-10-14,33.5,20.6,25.3,0.3,0.3,5.43,17.4,24.41,86,27,Kota Malang,-7.9797,112.6304
2018-10-15,30.6,21.9,25.1,1.2,1.2,4.4,13.6,19.66,94,44,Kota Malang,-7.9797,112.6304
2018-10-16,31.5,21.6,25.2,0.3,0.3,5.13,15.1,23.54,92,41,Kota Malang,-7.9797,112.6304
2018-10-17,30.2,21.6,24.8,0.0,0.0,4.18,12.6,19.0,93,46,Kota Malang,-7.9797,112.6304
2018-10-18,29.4,21.4,24.0,2.5,2.5,3.87,15.7,18.24,93,52,Kota Malang,-7.9797,112.6304
2018-10-19,30.6,20.8,24.1,0.3,0.3,4.69,16.9,21.16,95,43,Kota Malang,-7.9797,112.6304
2018-10-20,30.0,20.8,24.6,0.1,0.1,4.83,15.5,21.75,90,46,Kota Malang,-7.9797,112.6304
2018-10-21,31.3,21.7,25.2,0.9,0.9,4.87,16.0,22.39,92,41,Kota Malang,-7.9797,112.6304
2018-10-22,29.8,22.1,24.9,0.7,0.7,4.35,13.5,19.96,94,51,Kota Malang,-7.9797,112.6304
2018-10-23,31.5,22.2,25.3,1.3,1.3,4.22,12.0,19.25,95,44,Kota Malang,-7.9797,112.6304
2018-10-24,31.1,22.0,24.9,3.5,3.5,4.17,14.2,19.29,98,44,Kota Malang,-7.9797,112.6304
2018-10-25,28.2,21.5,23.6,7.3,7.3,3.1,14.8,15.2,98,62,Kota Malang,-7.9797,112.6304
2018-10-26,29.0,22.2,24.7,0.9,0.9,4.26,11.7,20.32,95,55,Kota Malang,-7.9797,112.6304
2018-10-27,30.1,21.5,24.5,7.5,7.5,4.66,13.0,22.64,97,52,Kota Malang,-7.9797,112.6304
2018-10-28,28.8,21.5,24.1,3.4,3.4,4.62,12.3,22.91,97,58,Kota Malang,-7.9797,112.6304
2018-10-29,28.8,21.2,23.9,5.9,5.9,4.23,11.2,20.58,99,55,Kota Malang,-7.9797,112.6304
2018-10-30,29.7,20.6,24.3,0.1,0.1,4.74,11.3,22.17,97,48,Kota Malang,-7.9797,112.6304
2018-10-31,30.5,18.6,24.2,0.2,0.2,4.95,16.0,23.5,91,46,Kota Malang,-7.9797,112.6304
2018-11-01,30.3,21.1,24.8,3.9,3.9,4.85,13.8,23.34,97,48,Kota Malang,-7.9797,112.6304
2018-11-02,32.3,21.2,26.1,0.0,0.0,5.22,10.7,24.35,93,37,Kota Malang,-7.9797,112.6304
2018-11-03,30.7,22.2,25.6,0.9,0.9,4.48,16.6,19.95,86,55,Kota Malang,-7.9797,112.6304
2018-11-04,29.3,23.0,25.5,8.2,8.2,3.58,13.2,16.07,93,61,Kota Malang,-7.9797,112.6304
2018-11-05,30.4,21.8,25.1,1.6,1.6,4.46,14.7,21.35,91,47,Kota Malang,-7.9797,112.6304
2018-11-06,27.9,22.5,24.3,12.0,12.0,2.4,13.6,11.33,96,72,Kota Malang,-7.9797,112.6304
2018-11-07,27.3,23.0,24.2,3.2,3.2,2.74,9.2,13.21,98,70,Kota Malang,-7.9797,112.6304
2018-11-08,29.2,21.9,24.3,6.1,6.1,3.25,10.0,16.05,97,61,Kota Malang,-7.9797,112.6304
2018-11-09,28.7,21.7,24.3,3.7,3.7,3.25,8.8,16.19,97,66,Kota Malang,-7.9797,112.6304
2018-11-10,29.1,22.4,24.6,1.9,1.9,3.19,8.2,15.46,99,64,Kota Malang,-7.9797,112.6304
2018-11-11,29.8,22.5,25.1,0.4,0.4,4.42,14.3,21.43,96,51,Kota Malang,-7.9797,112.6304
2018-11-12,27.0,22.7,24.4,3.9,3.9,3.04,10.8,15.25,100,74,Kota Malang,-7.9797,112.6304
2018-11-13,27.5,22.4,24.3,5.6,5.6,3.26,9.4,16.26,100,71,Kota Malang,-7.9797,112.6304
2018-11-14,28.2,22.1,24.9,0.3,0.3,3.83,9.9,18.9,95,60,Kota Malang,-7.9797,112.6304
2018-11-15,26.6,22.7,24.4,13.5,13.5,2.53,11.8,12.73,97,81,Kota Malang,-7.9797,112.6304
2018-11-16,29.1,23.0,25.2,8.0,8.0,3.82,12.0,18.57,94,65,Kota Malang,-7.9797,112.6304
2018-11-17,28.4,23.0,25.0,2.5,2.5,3.27,9.0,15.72,98,66,Kota Malang,-7.9797,112.6304
2018-11-18,27.6,23.1,24.6,5.0,5.0,2.98,7.8,14.57,98,64,Kota Malang,-7.9797,112.6304
2018-11-19,31.0,21.4,25.7,0.0,0.0,5.26,13.8,25.46,99,47,Kota Malang,-7.9797,112.6304
2018-11-20,29.5,21.7,25.0,0.4,0.4,4.7,14.1,23.12,100,61,Kota Malang,-7.9797,112.6304
2018-11-21,29.5,21.3,24.7,3.7,3.7,4.64,11.9,23.13,98,56,Kota Malang,-7.9797,112.6304
2018-11-22,27.7,20.9,23.8,6.2,6.2,3.71,15.1,19.98,100,71,Kota Malang,-7.9797,112.6304
2018-11-23,28.5,20.5,23.8,5.2,5.2,4.46,13.3,22.67,95,58,Kota Malang,-7.9797,112.6304
2018-11-24,27.3,21.8,23.8,15.6,15.6,3.6,11.3,18.46,96,67,Kota Malang,-7.9797,112.6304
2018-11-25,27.6,21.9,23.6,95.9,95.9,3.28,12.6,17.16,97,73,Kota Malang,-7.9797,112.6304
2018-11-26,25.1,22.1,23.2,20.3,20.3,1.79,6.0,8.7,98,81,Kota Malang,-7.9797,112.6304
2018-11-27,26.9,21.6,23.6,66.4,66.4,3.19,9.2,16.57,100,79,Kota Malang,-7.9797,112.6304
2018-11-28,26.5,21.8,23.5,42.1,42.1,2.42,9.6,12.44,100,81,Kota Malang,-7.9797,112.6304
2018-11-29,26.2,22.4,23.5,63.0,63.0,2.16,9.7,10.66,99,79,Kota Malang,-7.9797,112.6304
2018-11-30,25.3,22.1,23.2,32.4,32.4,1.8,8.0,8.9,98,81,Kota Malang,-7.9797,112.6304
2018-12-01,25.1,22.0,23.0,34.6,34.6,1.64,10.8,7.7,98,81,Kota Malang,-7.9797,112.6304
2018-12-02,26.6,21.8,23.5,7.5,7.5,2.73,8.5,14.04,98,78,Kota Malang,-7.9797,112.6304
2018-12-03,25.8,22.1,23.4,17.6,17.6,2.13,7.7,10.22,98,73,Kota Malang,-7.9797,112.6304
2018-12-04,26.6,22.7,24.1,5.9,5.9,3.13,9.5,15.87,97,78,Kota Malang,-7.9797,112.6304
2018-12-05,28.0,22.1,24.2,14.0,14.0,3.62,9.1,18.76,99,73,Kota Malang,-7.9797,112.6304
2018-12-06,27.8,21.8,24.3,3.1,3.1,3.47,10.4,17.69,96,73,Kota Malang,-7.9797,112.6304
2018-12-07,28.0,23.0,24.8,7.4,7.4,3.47,9.2,17.25,98,69,Kota Malang,-7.9797,112.6304
2018-12-08,28.0,22.2,24.4,123.3,123.3,2.94,9.4,14.18,99,62,Kota Malang,-7.9797,112.6304
2018-12-09,27.0,22.4,24.3,5.6,5.6,2.61,7.7,13.04,99,80,Kota Malang,-7.9797,112.6304
2018-12-10,27.2,22.9,24.4,21.9,21.9,2.58,12.4,12.61,98,78,Kota Malang,-7.9797,112.6304
2018-12-11,27.0,22.2,24.3,12.2,12.2,2.78,9.9,14.22,99,80,Kota Malang,-7.9797,112.6304
2018-12-12,26.8,22.7,24.2,18.1,18.1,2.67,8.9,13.47,99,81,Kota Malang,-7.9797,112.6304
2018-12-13,26.7,22.5,24.2,6.5,6.5,2.43,8.1,11.82,98,79,Kota Malang,-7.9797,112.6304
2018-12-14,27.7,23.0,24.5,22.8,22.8,2.91,6.6,14.27,97,79,Kota Malang,-7.9797,112.6304
2018-12-15,26.4,22.5,23.7,65.5,65.5,2.08,9.5,10.43,99,79,Kota Malang,-7.9797,112.6304
2018-12-16,26.4,22.5,23.9,5.1,5.1,2.5,11.5,12.4,99,76,Kota Malang,-7.9797,112.6304
2018-12-17,27.8,22.0,24.1,0.6,0.6,3.74,12.8,18.77,99,66,Kota Malang,-7.9797,112.6304
2018-12-18,27.8,21.1,23.6,6.8,6.8,4.0,11.5,21.08,99,69,Kota Malang,-7.9797,112.6304
2018-12-19,27.0,21.7,23.3,12.9,12.9,2.66,9.0,13.66,100,78,Kota Malang,-7.9797,112.6304
2018-12-20,26.0,21.7,23.4,57.8,57.8,2.86,11.6,15.22,98,83,Kota Malang,-7.9797,112.6304
2018-12-21,26.1,21.9,23.5,28.3,28.3,2.71,9.4,13.84,100,79,Kota Malang,-7.9797,112.6304
2018-12-22,26.9,22.2,23.5,25.7,25.7,2.38,13.1,12.03,99,79,Kota Malang,-7.9797,112.6304
2018-12-23,26.4,22.0,23.3,29.2,29.2,2.19,10.0,11.13,100,82,Kota Malang,-7.9797,112.6304
2018-12-24,24.7,21.7,22.7,11.9,11.9,1.55,9.2,7.16,99,77,Kota Malang,-7.9797,112.6304
2018-12-25,25.1,21.5,22.9,48.5,48.5,2.06,6.6,10.5,100,87,Kota Malang,-7.9797,112.6304
2018-12-26,27.3,20.9,23.8,6.5,6.5,2.9,8.7,14.41,99,69,Kota Malang,-7.9797,112.6304
2018-12-27,27.8,21.0,24.2,7.5,7.5,3.87,12.2,19.85,99,68,Kota Malang,-7.9797,112.6304
2018-12-28,27.8,21.7,24.2,0.0,0.0,3.25,13.1,15.76,99,67,Kota Malang,-7.9797,112.6304
2018-12-29,28.5,21.6,24.3,2.5,2.5,3.53,12.6,17.42,100,64,Kota Malang,-7.9797,112.6304
2018-12-30,26.9,21.6,23.4,8.9,8.9,2.52,10.7,12.59,100,71,Kota Malang,-7.9797,112.6304
2018-12-31,27.6,20.9,24.1,7.6,7.6,4.05,8.9,20.71,98,73,Kota Malang,-7.9797,112.6304
2019-01-01,27.6,21.7,24.1,17.9,17.9,3.06,6.2,15.08,100,68,Kota Malang,-7.9797,112.6304
2019-01-02,27.7,21.4,24.0,25.4,25.4,3.26,8.5,16.19,100,65,Kota Malang,-7.9797,112.6304
2019-01-03,25.3,22.0,23.2,49.8,49.8,1.52,8.8,7.3,100,85,Kota Malang,-7.9797,112.6304
2019-01-04,27.3,21.1,23.7,19.8,19.8,3.33,11.6,17.6,98,76,Kota Malang,-7.9797,112.6304
2019-01-05,27.6,20.7,24.2,9.6,9.6,4.21,10.4,21.92,96,73,Kota Malang,-7.9797,112.6304
2019-01-06,28.0,21.9,24.2,37.2,37.2,3.47,8.3,17.74,100,77,Kota Malang,-7.9797,112.6304
2019-01-07,28.4,22.1,24.6,5.1,5.1,3.99,12.2,20.42,94,70,Kota Malang,-7.9797,112.6304
2019-01-08,28.1,21.7,24.6,2.3,2.3,3.82,10.8,19.29,94,72,Kota Malang,-7.9797,112.6304
2019-01-09,27.9,22.6,24.9,0.7,0.7,3.98,10.4,20.31,99,72,Kota Malang,-7.9797,112.6304
2019-01-10,27.7,22.3,24.9,2.1,2.1,4.03,7.5,20.45,99,75,Kota Malang,-7.9797,112.6304
2019-01-11,27.9,22.2,24.5,19.7,19.7,3.67,8.4,18.56,99,71,Kota Malang,-7.9797,112.6304
2019-01-12,27.8,22.3,24.3,29.2,29.2,3.14,7.6,15.85,100,76,Kota Malang,-7.9797,112.6304
2019-01-13,27.1,22.3,24.0,16.1,16.1,2.79,8.7,13.95,98,73,Kota Malang,-7.9797,112.6304
2019-01-14,27.5,21.6,24.2,3.3,3.3,3.8,10.1,19.38,99,71,Kota Malang,-7.9797,112.6304
2019-01-15,28.0,21.4,24.2,10.5,10.5,3.23,10.8,16.5,99,72,Kota Malang,-7.9797,112.6304
2019-01-16,25.5,22.3,23.5,67.1,67.1,1.97,8.3,9.43,100,81,Kota Malang,-7.9797,112.6304
2019-01-17,26.8,21.3,23.6,21.7,21.7,2.73,11.0,14.04,100,80,Kota Malang,-7.9797,112.6304
2019-01-18,28.1,21.9,24.2,39.2,39.2,3.28,10.3,16.69,100,76,Kota Malang,-7.9797,112.6304
2019-01-19,27.8,21.6,24.1,30.1,30.1,3.03,10.2,15.48,99,78,Kota Malang,-7.9797,112.6304
2019-01-20,29.1,22.2,24.7,7.8,7.8,3.98,9.4,19.74,100,64,Kota Malang,-7.9797,112.6304
2019-01-21,26.5,22.2,23.9,13.7,13.7,2.92,14.3,15.23,100,81,Kota Malang,-7.9797,112.6304
2019-01-22,27.5,21.7,23.9,9.2,9.2,2.56,13.3,12.8,100,77,Kota Malang,-7.9797,112.6304
2019-01-23,26.8,22.1,23.8,9.1,9.1,2.01,8.8,9.27,100,73,Kota Malang,-7.9797,112.6304
2019-01-24,29.0,21.6,24.1,8.8,8.8,3.79,11.6,18.95,100,59,Kota Malang,-7.9797,112.6304
2019-01-25,27.7,21.6,23.8,13.3,13.3,2.88,10.3,14.38,100,66,Kota Malang,-7.9797,112.6304
2019-01-26,29.6,22.2,24.9,7.0,7.0,4.37,10.1,21.64,97,62,Kota Malang,-7.9797,112.6304
2019-01-27,28.7,22.3,24.8,9.1,9.1,3.71,7.5,18.44,98,70,Kota Malang,-7.9797,112.6304
2019-01-28,27.9,22.4,24.8,12.1,12.1,3.77,7.4,18.67,99,73,Kota Malang,-7.9797,112.6304
2019-01-29,28.3,22.0,24.9,1.9,1.9,4.46,9.5,22.59,91,67,Kota Malang,-7.9797,112.6304
2019-01-30,28.1,22.5,24.5,26.6,26.6,3.96,7.4,20.07,98,73,Kota Malang,-7.9797,112.6304
2019-01-31,27.7,21.7,23.7,15.7,15.7,2.75,9.0,13.85,99,74,Kota Malang,-7.9797,112.6304
2019-02-01,28.3,21.1,24.1,14.8,14.8,3.57,7.4,18.05,98,69,Kota Malang,-7.9797,112.6304
2019-02-02,28.3,21.7,24.3,10.8,10.8,3.56,8.2,18.07,98,72,Kota Malang,-7.9797,112.6304
2019-02-03,27.7,22.2,24.3,13.4,13.4,3.24,7.7,16.5,96,76,Kota Malang,-7.9797,112.6304
2019-02-04,27.8,21.1,23.9,12.3,12.3,3.06,10.7,15.52,98,70,Kota Malang,-7.9797,112.6304
2019-02-05,28.2,21.3,24.3,9.1,9.1,3.44,9.2,17.32,97,68,Kota Malang,-7.9797,112.6304
2019-02-06,28.2,21.2,24.1,2.5,2.5,3.64,6.6,18.24,99,71,Kota Malang,-7.9797,112.6304
2019-02-07,27.7,21.6,24.1,13.7,13.7,3.72,10.1,19.63,100,80,Kota Malang,-7.9797,112.6304
2019-02-08,25.6,21.9,23.4,32.7,32.7,2.12,7.9,11.14,100,87,Kota Malang,-7.9797,112.6304
2019-02-09,28.0,21.9,24.1,14.9,14.9,3.6,8.7,18.34,100,75,Kota Malang,-7.9797,112.6304
2019-02-10,27.1,22.2,24.0,90.5,90.5,3.4,9.8,17.45,99,78,Kota Malang,-7.9797,112.6304
2019-02-11,27.2,21.8,23.9,20.8,20.8,3.03,13.2,15.72,99,82,Kota Malang,-7.9797,112.6304
2019-02-12,27.8,21.2,24.0,4.6,4.6,3.99,8.2,20.28,100,71,Kota Malang,-7.9797,112.6304
2019-02-13,26.9,21.8,23.8,34.4,34.4,3.3,8.8,17.09,100,82,Kota Malang,-7.9797,112.6304
2019-02-14,25.9,22.3,23.8,10.4,10.4,2.68,7.5,13.73,99,80,Kota Malang,-7.9797,112.6304
2019-02-15,26.2,21.9,23.4,2.6,2.6,2.83,9.8,14.39,96,75,Kota Malang,-7.9797,112.6304
2019-02-16,27.3,21.7,23.8,8.0,8.0,3.52,10.9,18.06,96,74,Kota Malang,-7.9797,112.6304
2019-02-17,27.3,20.9,24.1,0.9,0.9,4.13,9.5,21.05,96,67,Kota Malang,-7.9797,112.6304
2019-02-18,27.5,22.1,24.1,61.7,61.7,3.6,8.4,18.23,99,76,Kota Malang,-7.9797,112.6304
2019-02-19,27.4,22.1,24.2,2.9,2.9,3.03,12.1,15.12,95,73,Kota Malang,-7.9797,112.6304
2019-02-20,26.6,21.5,23.9,26.7,26.7,2.95,12.1,15.26,98,79,Kota Malang,-7.9797,112.6304
2019-02-21,27.9,21.1,24.3,7.3,7.3,4.08,13.8,21.12,93,71,Kota Malang,-7.9797,112.6304
2019-02-22,28.0,21.6,24.0,8.2,8.2,3.77,9.2,19.12,96,68,Kota Malang,-7.9797,112.6304
2019-02-23,28.1,21.7,24.1,3.1,3.1,3.77,10.1,19.19,97,69,Kota Malang,-7.9797,112.6304
2019-02-24,27.3,21.8,24.0,1.1,1.1,3.7,10.5,18.93,97,68,Kota Malang,-7.9797,112.6304
2019-02-25,27.5,21.5,24.4,0.4,0.4,3.92,9.9,19.65,94,62,Kota Malang,-7.9797,112.6304
2019-02-26,27.9,21.2,24.7,0.3,0.3,4.15,13.0,21.44,98,67,Kota Malang,-7.9797,112.6304
2019-02-27,26.9,22.0,24.2,2.7,2.7,3.3,9.0,16.93,98,69,Kota Malang,-7.9797,112.6304
2019-02-28,27.8,22.0,24.2,0.6,0.6,3.77,8.7,19.11,96,69,Kota Malang,-7.9797,112.6304
2019-03-01,27.5,22.5,24.6,1.7,1.7,3.38,14.5,17.14,89,76,Kota Malang,-7.9797,112.6304
2019-03-02,27.0,21.9,23.8,4.8,4.8,3.24,13.7,17.03,98,76,Kota Malang,-7.9797,112.6304
2019-03-03,27.6,21.9,24.3,6.2,6.2,3.27,8.6,16.68,97,76,Kota Malang,-7.9797,112.6304
2019-03-04,27.4,22.0,24.2,12.6,12.6,2.89,6.9,14.43,98,80,Kota Malang,-7.9797,112.6304
2019-03-05,28.1,22.5,24.4,22.7,22.7,3.51,9.0,17.5,97,75,Kota Malang,-7.9797,112.6304
2019-03-06,25.6,22.2,23.5,45.7,45.7,1.76,7.6,8.46,99,83,Kota Malang,-7.9797,112.6304
2019-03-07,24.4,20.6,22.7,44.9,44.9,1.23,10.3,5.67,100,86,Kota Malang,-7.9797,112.6304
2019-03-08,27.3,20.3,23.3,2.5,2.5,3.63,12.7,17.79,99,62,Kota Malang,-7.9797,112.6304
2019-03-09,29.1,20.9,24.0,2.7,2.7,4.51,11.6,22.86,98,55,Kota Malang,-7.9797,112.6304
2019-03-10,27.7,21.5,23.9,13.7,13.7,3.8,9.7,19.57,98,74,Kota Malang,-7.9797,112.6304
2019-03-11,27.1,21.9,24.4,0.2,0.2,3.45,8.4,17.63,96,75,Kota Malang,-7.9797,112.6304
2019-03-12,27.5,21.7,24.3,49.2,49.2,3.68,11.3,19.04,97,73,Kota Malang,-7.9797,112.6304
2019-03-13,26.5,21.8,23.8,34.0,34.0,2.26,9.7,11.34,94,75,Kota Malang,-7.9797,112.6304
2019-03-14,28.3,22.0,24.8,1.5,1.5,3.43,9.0,16.56,96,64,Kota Malang,-7.9797,112.6304
2019-03-15,25.8,21.7,23.3,18.0,18.0,2.55,12.3,13.53,97,81,Kota Malang,-7.9797,112.6304
2019-03-16,27.6,21.5,23.7,6.1,6.1,3.55,10.7,18.19,98,68,Kota Malang,-7.9797,112.6304
2019-03-17,23.2,21.2,22.2,308.8,308.8,0.62,6.4,2.26,100,93,Kota Malang,-7.9797,112.6304
2019-03-18,26.5,21.7,23.4,7.4,7.4,3.08,10.9,15.91,100,76,Kota Malang,-7.9797,112.6304
2019-03-19,26.8,21.6,23.4,57.1,57.1,2.92,8.4,15.36,100,83,Kota Malang,-7.9797,112.6304
2019-03-20,27.5,21.7,24.0,30.8,30.8,3.42,8.0,17.37,99,79,Kota Malang,-7.9797,112.6304
2019-03-21,27.5,22.0,24.4,45.3,45.3,3.33,9.2,16.76,98,75,Kota Malang,-7.9797,112.6304
2019-03-22,27.9,22.4,24.3,31.0,31.0,3.47,8.2,17.6,99,75,Kota Malang,-7.9797,112.6304
2019-03-23,27.4,22.0,24.0,50.3,50.3,2.76,7.4,13.87,100,78,Kota Malang,-7.9797,112.6304
2019-03-24,27.8,22.5,24.4,26.8,26.8,2.81,8.4,13.8,100,75,Kota Malang,-7.9797,112.6304
2019-03-25,26.5,22.2,24.3,29.4,29.4,2.91,8.7,15.07,100,84,Kota Malang,-7.9797,112.6304
2019-03-26,26.3,22.4,23.8,62.6,62.6,2.61,10.0,13.51,98,80,Kota Malang,-7.9797,112.6304
2019-03-27,27.6,22.3,24.5,4.9,4.9,3.65,7.9,18.7,97,75,Kota Malang,-7.9797,112.6304
2019-03-28,27.8,21.5,23.8,12.9,12.9,3.34,8.7,17.18,99,73,Kota Malang,-7.9797,112.6304
2019-03-29,28.0,21.1,24.1,14.6,14.6,4.42,9.2,23.16,98,71,Kota Malang,-7.9797,112.6304
2019-03-30,27.6,21.8,24.0,8.7,8.7,3.75,9.9,19.44,98,72,Kota Malang,-7.9797,112.6304
2019-03-31,28.1,21.8,24.3,2.0,2.0,4.26,6.6,21.76,95,68,Kota Malang,-7.9797,112.6304
2019-04-01,27.9,20.9,24.2,6.1,6.1,4.46,6.8,23.01,92,67,Kota Malang,-7.9797,112.6304
2019-04-02,27.2,21.6,24.0,3.5,3.5,3.65,9.0,18.89,92,71,Kota Malang,-7.9797,112.6304
2019-04-03,27.2,22.2,23.9,15.0,15.0,3.51,10.6,18.13,94,72,Kota Malang,-7.9797,112.6304
2019-04-04,27.0,21.4,24.0,21.6,21.6,3.52,8.6,18.42,95,78,Kota Malang,-7.9797,112.6304
2019-04-05,26.8,21.6,23.6,20.5,20.5,2.97,9.1,15.35,96,76,Kota Malang,-7.9797,112.6304
2019-04-06,27.3,21.7,24.1,20.0,20.0,3.49,10.2,18.3,96,79,Kota Malang,-7.9797,112.6304
2019-04-07,28.4,22.0,24.2,18.3,18.3,3.7,9.0,19.19,97,71,Kota Malang,-7.9797,112.6304
2019-04-08,27.2,21.4,24.2,29.5,29.5,3.63,8.1,19.11,99,79,Kota Malang,-7.9797,112.6304
2019-04-09,27.0,22.0,24.3,29.0,29.0,3.15,9.5,16.43,98,82,Kota Malang,-7.9797,112.6304
2019-04-10,27.5,22.9,24.5,31.0,31.0,3.06,8.3,15.73,99,81,Kota Malang,-7.9797,112.6304
2019-04-11,27.1,23.1,24.2,39.4,39.4,2.38,7.1,11.83,98,80,Kota Malang,-7.9797,112.6304
2019-04-12,27.4,21.8,24.4,3.6,3.6,3.56,8.5,18.16,95,68,Kota Malang,-7.9797,112.6304
2019-04-13,27.1,22.5,24.0,5.4,5.4,2.7,9.6,13.6,95,74,Kota Malang,-7.9797,112.6304
2019-04-14,26.8,22.6,24.3,2.3,2.3,2.75,9.0,13.97,98,80,Kota Malang,-7.9797,112.6304
2019-04-15,27.0,22.7,24.3,0.0,0.0,2.79,10.2,14.17,99,78,Kota Malang,-7.9797,112.6304
2019-04-16,26.6,22.2,24.1,13.8,13.8,2.56,9.4,13.21,97,76,Kota Malang,-7.9797,112.6304
2019-04-17,28.1,22.2,24.7,2.9,2.9,3.38,12.1,17.47,99,77,Kota Malang,-7.9797,112.6304
2019-04-18,27.4,22.3,24.3,0.4,0.4,3.35,11.3,17.39,96,76,Kota Malang,-7.9797,112.6304
2019-04-19,26.9,21.9,23.9,7.7,7.7,3.05,12.3,15.98,99,77,Kota Malang,-7.9797,112.6304
2019-04-20,27.2,21.5,24.1,0.4,0.4,3.52,6.0,17.94,96,72,Kota Malang,-7.9797,112.6304
2019-04-21,27.5,21.3,24.3,0.0,0.0,3.81,11.4,19.68,98,67,Kota Malang,-7.9797,112.6304
2019-04-22,27.0,22.2,24.4,0.5,0.5,3.6,10.9,18.28,94,65,Kota Malang,-7.9797,112.6304
2019-04-23,27.4,22.4,24.5,1.6,1.6,3.51,9.4,18.07,96,69,Kota Malang,-7.9797,112.6304
2019-04-24,27.1,22.3,24.3,0.5,0.5,3.43,9.7,17.53,96,70,Kota Malang,-7.9797,112.6304
2019-04-25,27.7,21.9,24.3,2.4,2.4,4.04,8.9,20.82,92,72,Kota Malang,-7.9797,112.6304
2019-04-26,28.3,21.7,24.4,0.2,0.2,4.03,5.9,20.64,90,62,Kota Malang,-7.9797,112.6304
2019-04-27,27.5,22.0,24.0,24.9,24.9,3.57,8.4,18.24,96,68,Kota Malang,-7.9797,112.6304
2019-04-28,26.8,22.2,24.0,35.7,35.7,2.76,12.6,14.58,98,83,Kota Malang,-7.9797,112.6304
2019-04-29,26.6,22.3,23.9,15.3,15.3,2.79,9.8,14.55,96,81,Kota Malang,-7.9797,112.6304
2019-04-30,26.9,21.4,23.7,9.5,9.5,3.53,8.5,18.51,96,77,Kota Malang,-7.9797,112.6304
2019-05-01,27.2,21.0,23.7,19.1,19.1,3.52,9.1,18.2,96,73,Kota Malang,-7.9797,112.6304
2019-05-02,27.5,21.3,23.7,17.6,17.6,3.37,6.4,17.47,98,76,Kota Malang,-7.9797,112.6304
2019-05-03,28.5,21.4,24.4,2.5,2.5,4.13,8.1,21.12,97,66,Kota Malang,-7.9797,112.6304
2019-05-04,28.4,21.3,24.4,0.0,0.0,4.24,10.0,21.82,96,63,Kota Malang,-7.9797,112.6304
2019-05-05,28.1,21.1,24.2,1.9,1.9,3.79,8.3,19.47,95,67,Kota Malang,-7.9797,112.6304
2019-05-06,28.2,21.5,24.1,6.7,6.7,3.57,5.2,18.35,96,71,Kota Malang,-7.9797,112.6304
2019-05-07,28.2,21.0,24.2,3.5,3.5,3.88,7.4,20.04,94,68,Kota Malang,-7.9797,112.6304
2019-05-08,27.5,22.5,24.3,0.7,0.7,3.79,12.9,19.39,93,71,Kota Malang,-7.9797,112.6304
2019-05-09,26.6,22.4,23.8,0.2,0.2,2.82,11.4,14.12,94,75,Kota Malang,-7.9797,112.6304
2019-05-10,26.9,21.2,23.7,2.0,2.0,3.62,10.9,18.85,93,66,Kota Malang,-7.9797,112.6304
2019-05-11,26.6,20.5,23.6,0.8,0.8,3.37,11.1,17.54,95,69,Kota Malang,-7.9797,112.6304
2019-05-12,27.3,22.1,24.0,0.1,0.1,3.78,9.9,19.24,96,67,Kota Malang,-7.9797,112.6304
2019-05-13,27.7,21.2,23.8,0.2,0.2,3.82,7.9,19.61,97,63,Kota Malang,-7.9797,112.6304
2019-05-14,27.7,21.4,24.2,0.2,0.2,3.43,8.5,17.47,95,70,Kota Malang,-7.9797,112.6304
2019-05-15,28.4,21.3,24.1,0.3,0.3,4.04,10.5,21.0,96,68,Kota Malang,-7.9797,112.6304
2019-05-16,27.6,21.7,23.9,0.2,0.2,3.94,11.2,20.28,97,68,Kota Malang,-7.9797,112.6304
2019-05-17,27.5,20.4,23.6,0.0,0.0,3.79,11.5,19.16,96,63,Kota Malang,-7.9797,112.6304
2019-05-18,27.0,19.7,23.4,0.0,0.0,3.61,8.7,18.6,94,60,Kota Malang,-7.9797,112.6304
2019-05-19,27.3,20.3,23.6,0.0,0.0,3.9,6.9,20.18,95,61,Kota Malang,-7.9797,112.6304
2019-05-20,28.5,20.8,24.2,0.0,0.0,3.86,9.7,19.36,96,58,Kota Malang,-7.9797,112.6304
2019-05-21,28.7,20.9,24.4,0.0,0.0,3.88,11.3,19.47,98,59,Kota Malang,-7.9797,112.6304
2019-05-22,28.9,21.2,24.5,0.0,0.0,3.92,9.3,19.88,96,61,Kota Malang,-7.9797,112.6304
2019-05-23,27.9,20.2,23.9,0.7,0.7,3.59,7.4,18.22,95,63,Kota Malang,-7.9797,112.6304
2019-05-24,28.4,21.1,24.1,0.1,0.1,3.8,10.1,18.92,93,57,Kota Malang,-7.9797,112.6304
2019-05-25,27.7,20.3,23.7,0.0,0.0,3.84,9.1,19.53,95,56,Kota Malang,-7.9797,112.6304
2019-05-26,28.3,21.9,24.3,3.6,3.6,3.58,9.1,17.93,95,65,Kota Malang,-7.9797,112.6304
2019-05-27,27.9,21.6,24.2,0.5,0.5,3.43,9.3,17.32,96,67,Kota Malang,-7.9797,112.6304
2019-05-28,28.6,21.1,24.3,0.4,0.4,3.8,10.8,19.2,96,61,Kota Malang,-7.9797,112.6304
2019-05-29,28.3,21.6,24.1,5.5,5.5,3.52,10.3,17.73,94,64,Kota Malang,-7.9797,112.6304
2019-05-30,27.5,21.1,23.7,2.5,2.5,3.21,11.5,15.65,94,64,Kota Malang,-7.9797,112.6304
2019-05-31,27.6,20.7,23.3,0.3,0.3,3.27,14.4,16.11,94,64,Kota Malang,-7.9797,112.6304
2019-06-01,27.3,20.6,23.2,0.0,0.0,3.33,15.7,16.71,95,65,Kota Malang,-7.9797,112.6304
2019-06-02,26.7,21.0,23.3,1.3,1.3,3.08,14.4,15.38,94,71,Kota Malang,-7.9797,112.6304
2019-06-03,27.7,20.6,23.7,1.1,1.1,3.42,10.8,17.06,97,60,Kota Malang,-7.9797,112.6304
2019-06-04,28.6,21.2,24.0,5.4,5.4,3.49,6.6,17.63,98,58,Kota Malang,-7.9797,112.6304
2019-06-05,28.7,20.3,24.1,2.0,2.0,3.79,7.2,19.23,92,62,Kota Malang,-7.9797,112.6304
2019-06-06,29.2,20.6,24.4,0.1,0.1,4.0,6.7,20.21,95,56,Kota Malang,-7.9797,112.6304
2019-06-07,29.1,20.3,24.1,0.2,0.2,4.07,10.0,20.56,95,53,Kota Malang,-7.9797,112.6304
2019-06-08,27.9,20.3,23.5,0.0,0.0,3.89,10.5,19.85,100,58,Kota Malang,-7.9797,112.6304
2019-06-09,27.0,20.4,22.9,0.7,0.7,2.23,12.6,10.52,97,69,Kota Malang,-7.9797,112.6304
2019-06-10,28.2,20.7,23.8,0.0,0.0,3.47,8.9,17.28,95,63,Kota Malang,-7.9797,112.6304
2019-06-11,27.9,21.1,23.7,0.0,0.0,3.67,13.7,18.44,95,60,Kota Malang,-7.9797,112.6304
2019-06-12,28.9,20.6,24.1,0.0,0.0,3.67,14.8,17.38,93,57,Kota Malang,-7.9797,112.6304
2019-06-13,27.4,21.1,23.9,1.1,1.1,2.61,12.5,12.07,91,72,Kota Malang,-7.9797,112.6304
2019-06-14,25.7,22.4,23.5,6.3,6.3,2.16,13.2,11.02,95,79,Kota Malang,-7.9797,112.6304
2019-06-15,27.1,21.6,23.8,0.7,0.7,3.27,11.7,16.53,94,64,Kota Malang,-7.9797,112.6304
2019-06-16,27.3,19.7,23.1,0.1,0.1,3.63,11.2,18.4,97,49,Kota Malang,-7.9797,112.6304
2019-06-17,27.5,18.4,22.4,0.0,0.0,4.05,9.7,21.49,93,51,Kota Malang,-7.9797,112.6304
2019-06-18,27.1,17.8,22.4,0.0,0.0,3.75,11.4,19.47,96,60,Kota Malang,-7.9797,112.6304
2019-06-19,26.6,19.6,22.6,0.0,0.0,3.49,10.1,17.74,97,58,Kota Malang,-7.9797,112.6304
2019-06-20,27.4,17.8,22.0,0.0,0.0,3.96,10.1,20.71,97,54,Kota Malang,-7.9797,112.6304
2019-06-21,27.6,18.1,22.4,0.0,0.0,3.72,9.9,19.11,97,58,Kota Malang,-7.9797,112.6304
2019-06-22,28.6,17.5,22.7,0.0,0.0,3.98,11.0,20.33,95,54,Kota Malang,-7.9797,112.6304
2019-06-23,27.9,18.5,22.6,0.0,0.0,3.65,12.6,18.22,93,52,Kota Malang,-7.9797,112.6304
2019-06-24,28.1,19.5,22.9,0.0,0.0,3.97,9.0,20.15,92,42,Kota Malang,-7.9797,112.6304
2019-06-25,28.8,17.3,22.8,0.0,0.0,4.19,12.8,20.74,93,49,Kota Malang,-7.9797,112.6304
2019-06-26,29.2,18.2,23.3,0.0,0.0,4.13,10.2,20.27,96,49,Kota Malang,-7.9797,112.6304
2019-06-27,26.8,19.9,22.4,0.0,0.0,3.45,15.5,17.69,99,63,Kota Malang,-7.9797,112.6304
2019-06-28,26.5,18.9,21.7,0.0,0.0,4.13,16.0,21.26,96,54,Kota Malang,-7.9797,112.6304
2019-06-29,27.1,17.2,21.6,0.0,0.0,4.17,14.3,21.8,92,45,Kota Malang,-7.9797,112.6304
2019-06-30,26.7,17.2,21.5,0.0,0.0,3.66,10.3,18.78,97,49,Kota Malang,-7.9797,112.6304
2019-07-01,28.4,17.9,22.4,0.1,0.1,4.04,12.1,20.48,100,49,Kota Malang,-7.9797,112.6304
2019-07-02,29.2,18.2,23.2,0.0,0.0,3.88,13.5,18.58,97,46,Kota Malang,-7.9797,112.6304
2019-07-03,28.4,20.0,23.8,3.9,3.9,3.55,10.0,17.76,99,60,Kota Malang,-7.9797,112.6304
2019-07-04,28.0,21.6,23.8,14.2,14.2,3.09,11.5,15.52,99,65,Kota Malang,-7.9797,112.6304
2019-07-05,25.8,20.7,22.8,1.9,1.9,2.6,11.4,13.42,96,72,Kota Malang,-7.9797,112.6304
2019-07-06,27.7,20.0,23.1,0.0,0.0,3.6,9.8,18.37,99,59,Kota Malang,-7.9797,112.6304
2019-07-07,26.4,18.0,22.1,0.0,0.0,3.5,10.5,18.51,98,62,Kota Malang,-7.9797,112.6304
2019-07-08,26.3,18.0,21.9,0.0,0.0,3.72,10.4,19.84,100,56,Kota Malang,-7.9797,112.6304
2019-07-09,26.3,18.2,21.8,0.0,0.0,3.83,12.4,20.28,95,56,Kota Malang,-7.9797,112.6304
2019-07-10,27.0,19.4,22.5,0.0,0.0,3.83,8.5,19.94,93,59,Kota Malang,-7.9797,112.6304
2019-07-11,26.8,17.5,21.8,0.7,0.7,3.65,14.9,19.15,98,54,Kota Malang,-7.9797,112.6304
2019-07-12,26.8,18.9,22.4,0.0,0.0,3.55,13.7,17.61,97,56,Kota Malang,-7.9797,112.6304
2019-07-13,26.6,18.2,21.7,0.0,0.0,4.23,15.8,21.73,90,53,Kota Malang,-7.9797,112.6304
2019-07-14,26.9,16.8,21.4,0.0,0.0,4.27,12.1,22.31,92,40,Kota Malang,-7.9797,112.6304
2019-07-15,26.9,17.3,21.9,0.0,0.0,3.68,16.4,17.85,90,48,Kota Malang,-7.9797,112.6304
2019-07-16,26.7,18.8,22.0,0.1,0.1,3.59,15.2,17.58,95,48,Kota Malang,-7.9797,112.6304
2019-07-17,27.1,18.1,22.1,0.0,0.0,3.89,11.5,19.88,93,52,Kota Malang,-7.9797,112.6304
2019-07-18,27.4,18.3,22.5,0.0,0.0,3.82,14.7,19.78,96,57,Kota Malang,-7.9797,112.6304
2019-07-19,26.8,19.7,22.8,0.6,0.6,3.3,15.0,16.7,97,57,Kota Malang,-7.9797,112.6304
2019-07-20,28.2,21.7,23.8,1.8,1.8,3.17,12.6,15.5,93,60,Kota Malang,-7.9797,112.6304
2019-07-21,26.2,20.2,22.6,0.1,0.1,2.75,12.0,13.55,95,69,Kota Malang,-7.9797,112.6304
2019-07-22,27.5,17.9,22.2,0.0,0.0,3.82,12.0,19.21,94,49,Kota Malang,-7.9797,112.6304
2019-07-23,27.6,20.4,23.1,0.0,0.0,3.59,11.1,17.46,95,51,Kota Malang,-7.9797,112.6304
2019-07-24,26.4,20.3,22.4,1.1,1.1,2.97,14.1,14.25,94,59,Kota Malang,-7.9797,112.6304
2019-07-25,27.4,18.8,22.6,0.0,0.0,3.58,11.3,18.08,96,43,Kota Malang,-7.9797,112.6304
2019-07-26,29.2,18.5,22.9,0.0,0.0,4.28,11.8,21.33,94,47,Kota Malang,-7.9797,112.6304
2019-07-27,28.7,19.0,23.2,0.0,0.0,4.11,11.1,19.75,92,49,Kota Malang,-7.9797,112.6304
2019-07-28,28.0,18.9,22.4,0.0,0.0,4.31,15.7,21.59,90,53,Kota Malang,-7.9797,112.6304
2019-07-29,27.0,19.9,22.4,0.2,0.2,3.54,15.2,17.25,91,56,Kota Malang,-7.9797,112.6304
2019-07-30,28.1,20.5,22.9,0.0,0.0,3.37,12.8,16.38,94,54,Kota Malang,-7.9797,112.6304
2019-07-31,27.7,20.0,22.9,0.0,0.0,4.03,12.6,20.04,94,51,Kota Malang,-7.9797,112.6304
2019-08-01,28.9,19.5,23.1,0.1,0.1,4.29,14.0,21.54,95,40,Kota Malang,-7.9797,112.6304
2019-08-02,27.6,20.2,23.2,0.3,0.3,3.36,15.4,15.67,92,56,Kota Malang,-7.9797,112.6304
2019-08-03,27.4,18.9,22.3,0.0,0.0,4.45,19.2,21.47,98,49,Kota Malang,-7.9797,112.6304
2019-08-04,26.3,17.9,21.5,0.7,0.7,4.37,15.6,21.36,86,48,Kota Malang,-7.9797,112.6304
2019-08-05,26.8,17.1,21.4,0.1,0.1,4.43,13.2,21.72,87,45,Kota Malang,-7.9797,112.6304
2019-08-06,27.7,16.8,21.6,0.0,0.0,4.79,13.9,23.66,92,39,Kota Malang,-7.9797,112.6304
2019-08-07,27.7,17.3,21.9,0.0,0.0,4.41,15.1,21.78,92,47,Kota Malang,-7.9797,112.6304
2019-08-08,27.3,18.4,22.2,0.8,0.8,4.0,15.2,19.8,94,55,Kota Malang,-7.9797,112.6304
2019-08-09,28.7,18.4,22.7,0.3,0.3,3.99,13.7,19.16,94,51,Kota Malang,-7.9797,112.6304
2019-08-10,29.3,18.3,22.9,0.0,0.0,4.56,11.6,22.56,96,41,Kota Malang,-7.9797,112.6304
2019-08-11,30.1,18.4,22.8,4.6,4.6,4.18,15.2,20.43,94,40,Kota Malang,-7.9797,112.6304
2019-08-12,30.5,18.1,24.0,0.0,0.0,4.42,15.0,21.14,97,44,Kota Malang,-7.9797,112.6304
2019-08-13,31.1,20.5,24.9,0.0,0.0,4.81,18.4,20.93,92,41,Kota Malang,-7.9797,112.6304
2019-08-14,30.8,19.6,24.6,0.0,0.0,4.8,14.9,22.12,79,44,Kota Malang,-7.9797,112.6304
2019-08-15,28.9,20.5,23.8,0.8,0.8,4.04,13.0,19.15,92,53,Kota Malang,-7.9797,112.6304
2019-08-16,28.8,19.6,23.1,0.0,0.0,3.97,15.3,19.38,97,53,Kota Malang,-7.9797,112.6304
2019-08-17,28.2,19.8,22.8,0.0,0.0,4.16,15.1,19.69,92,52,Kota Malang,-7.9797,112.6304
2019-08-18,28.1,18.1,22.4,0.0,0.0,4.47,14.1,22.07,93,44,Kota Malang,-7.9797,112.6304
2019-08-19,27.9,19.5,22.5,0.0,0.0,4.23,17.7,20.23,89,51,Kota Malang,-7.9797,112.6304
2019-08-20,28.9,19.2,23.4,0.0,0.0,4.27,14.1,20.33,89,51,Kota Malang,-7.9797,112.6304
2019-08-21,31.4,18.5,24.4,1.5,1.5,5.13,17.1,22.95,95,36,Kota Malang,-7.9797,112.6304
2019-08-22,28.6,20.7,23.2,0.6,0.6,3.64,18.2,17.26,98,54,Kota Malang,-7.9797,112.6304
2019-08-23,28.4,19.8,23.0,0.6,0.6,4.27,15.5,21.02,92,45,Kota Malang,-7.9797,112.6304
2019-08-24,27.0,20.3,22.7,0.0,0.0,3.48,15.1,16.95,91,61,Kota Malang,-7.9797,112.6304
2019-08-25,28.4,20.1,23.1,0.4,0.4,3.83,15.0,18.41,96,56,Kota Malang,-7.9797,112.6304
2019-08-26,27.7,20.9,23.2,0.9,0.9,3.53,15.2,16.94,91,58,Kota Malang,-7.9797,112.6304
2019-08-27,29.8,19.7,23.2,0.1,0.1,4.45,14.4,21.92,98,51,Kota Malang,-7.9797,112.6304
2019-08-28,29.6,18.2,23.4,0.0,0.0,4.89,11.0,24.2,96,41,Kota Malang,-7.9797,112.6304
2019-08-29,31.4,19.6,24.6,0.0,0.0,5.44,16.6,24.61,95,29,Kota Malang,-7.9797,112.6304
2019-08-30,29.8,20.9,23.8,0.8,0.8,4.52,13.2,21.93,93,41,Kota Malang,-7.9797,112.6304
2019-08-31,29.5,19.3,23.3,0.1,0.1,4.6,17.8,22.9,96,43,Kota Malang,-7.9797,112.6304
2019-09-01,30.7,18.8,23.6,0.1,0.1,4.72,16.6,22.31,99,46,Kota Malang,-7.9797,112.6304
2019-09-02,31.5,20.3,23.9,0.0,0.0,4.68,16.6,21.9,93,45,Kota Malang,-7.9797,112.6304
2019-09-03,30.2,19.2,23.2,0.0,0.0,4.2,13.0,20.08,98,45,Kota Malang,-7.9797,112.6304
2019-09-04,30.1,19.4,23.3,0.0,0.0,5.36,15.5,24.94,94,34,Kota Malang,-7.9797,112.6304
2019-09-05,28.7,17.2,22.4,0.0,0.0,5.22,15.8,25.6,88,40,Kota Malang,-7.9797,112.6304
2019-09-06,29.1,20.0,23.1,0.0,0.0,4.59,16.7,21.6,90,44,Kota Malang,-7.9797,112.6304
2019-09-07,29.2,19.6,23.2,0.1,0.1,4.61,17.0,22.34,94,46,Kota Malang,-7.9797,112.6304
2019-09-08,30.7,20.7,23.7,0.0,0.0,4.29,19.8,20.09,91,39,Kota Malang,-7.9797,112.6304
2019-09-09,33.3,21.0,25.6,0.0,0.0,5.65,20.1,24.41,88,22,Kota Malang,-7.9797,112.6304
2019-09-10,32.5,18.6,24.9,0.0,0.0,5.94,14.4,26.02,89,21,Kota Malang,-7.9797,112.6304
2019-09-11,31.7,19.9,24.2,0.0,0.0,5.3,15.6,24.31,93,30,Kota Malang,-7.9797,112.6304
2019-09-12,28.7,17.8,22.6,0.1,0.1,5.62,17.3,26.56,90,29,Kota Malang,-7.9797,112.6304
2019-09-13,30.4,17.2,23.4,0.0,0.0,4.71,11.6,21.76,96,31,Kota Malang,-7.9797,112.6304
2019-09-14,30.5,18.1,23.8,1.8,1.8,4.87,10.3,23.46,92,42,Kota Malang,-7.9797,112.6304
2019-09-15,29.8,19.1,23.4,3.4,3.4,3.95,10.5,18.61,100,43,Kota Malang,-7.9797,112.6304
2019-09-16,31.3,18.2,24.4,0.1,0.1,5.15,17.1,23.92,96,38,Kota Malang,-7.9797,112.6304
2019-09-17,32.3,19.4,24.9,0.0,0.0,5.08,10.2,23.47,96,37,Kota Malang,-7.9797,112.6304
2019-09-18,32.3,20.8,25.0,0.0,0.0,5.51,12.3,25.87,92,31,Kota Malang,-7.9797,112.6304
2019-09-19,30.0,19.2,23.7,0.1,0.1,5.25,14.1,25.41,99,36,Kota Malang,-7.9797,112.6304
2019-09-20,30.4,19.8,24.2,0.0,0.0,4.85,13.8,22.91,95,38,Kota Malang,-7.9797,112.6304
2019-09-21,28.8,20.7,23.5,0.0,0.0,4.29,15.7,19.93,93,50,Kota Malang,-7.9797,112.6304
2019-09-22,31.2,19.5,24.1,0.0,0.0,5.04,15.1,23.76,94,41,Kota Malang,-7.9797,112.6304
2019-09-23,32.8,19.8,25.0,0.0,0.0,5.48,14.1,25.43,98,34,Kota Malang,-7.9797,112.6304
2019-09-24,32.8,21.3,26.2,0.1,0.1,5.49,15.7,24.16,85,34,Kota Malang,-7.9797,112.6304
2019-09-25,32.6,21.7,26.2,0.0,0.0,5.46,15.5,24.17,91,34,Kota Malang,-7.9797,112.6304
2019-09-26,31.2,21.7,25.1,1.1,1.1,4.71,12.5,21.73,95,41,Kota Malang,-7.9797,112.6304
2019-09-27,30.8,21.2,24.9,0.0,0.0,5.01,15.4,23.22,94,43,Kota Malang,-7.9797,112.6304
2019-09-28,30.8,21.6,24.8,0.0,0.0,4.05,14.1,18.19,93,45,Kota Malang,-7.9797,112.6304
2019-09-29,32.8,21.9,25.5,0.7,0.7,5.15,15.5,23.03,94,32,Kota Malang,-7.9797,112.6304
2019-09-30,31.6,21.1,25.3,0.0,0.0,5.46,14.4,24.07,94,38,Kota Malang,-7.9797,112.6304
2019-10-01,33.4,19.8,25.3,0.1,0.1,5.73,14.9,25.7,90,26,Kota Malang,-7.9797,112.6304
2019-10-02,33.6,21.1,26.0,0.9,0.9,5.61,22.1,23.99,92,32,Kota Malang,-7.9797,112.6304
2019-10-03,32.7,21.2,25.7,0.0,0.0,5.56,16.4,23.51,91,28,Kota Malang,-7.9797,112.6304
2019-10-04,33.1,20.8,25.5,0.0,0.0,6.35,26.0,26.38,91,26,Kota Malang,-7.9797,112.6304
2019-10-05,32.0,18.5,24.6,0.0,0.0,6.14,15.9,27.21,95,27,Kota Malang,-7.9797,112.6304
2019-10-06,32.2,20.4,25.1,0.5,0.5,5.72,16.4,26.0,92,31,Kota Malang,-7.9797,112.6304
2019-10-07,31.9,22.1,25.6,0.0,0.0,4.81,12.3,20.87,87,38,Kota Malang,-7.9797,112.6304
2019-10-08,31.5,21.5,25.1,0.0,0.0,5.24,15.2,23.08,92,37,Kota Malang,-7.9797,112.6304
2019-10-09,32.9,20.4,25.7,0.0,0.0,5.16,10.9,23.52,99,35,Kota Malang,-7.9797,112.6304
2019-10-10,34.0,21.8,26.8,0.2,0.2,5.41,14.1,22.85,91,27,Kota Malang,-7.9797,112.6304
2019-10-11,34.6,21.4,27.5,0.0,0.0,6.75,22.2,27.48,71,19,Kota Malang,-7.9797,112.6304
2019-10-12,32.7,21.7,26.4,1.1,1.1,5.56,11.9,24.25,78,33,Kota Malang,-7.9797,112.6304
2019-10-13,32.3,21.5,25.8,0.0,0.0,5.87,16.6,25.54,95,33,Kota Malang,-7.9797,112.6304
2019-10-14,32.9,21.0,25.1,0.7,0.7,5.08,17.5,22.46,95,33,Kota Malang,-7.9797,112.6304
2019-10-15,30.7,22.2,25.0,0.1,0.1,4.38,16.9,18.88,90,46,Kota Malang,-7.9797,112.6304
2019-10-16,31.7,21.1,25.0,0.0,0.0,5.25,15.9,23.53,94,40,Kota Malang,-7.9797,112.6304
2019-10-17,32.1,20.8,25.0,0.0,0.0,5.53,16.6,24.92,96,36,Kota Malang,-7.9797,112.6304
2019-10-18,33.9,20.2,25.3,0.7,0.7,5.56,16.6,25.3,94,32,Kota Malang,-7.9797,112.6304
2019-10-19,34.2,21.4,26.4,0.0,0.0,5.66,14.6,24.53,89,32,Kota Malang,-7.9797,112.6304
2019-10-20,33.9,21.4,26.4,0.0,0.0,6.27,17.5,27.21,96,24,Kota Malang,-7.9797,112.6304
2019-10-21,34.1,20.6,27.2,0.0,0.0,6.29,13.0,26.02,82,27,Kota Malang,-7.9797,112.6304
2019-10-22,34.0,22.3,26.7,0.2,0.2,5.69,18.1,24.47,84,29,Kota Malang,-7.9797,112.6304
2019-10-23,34.5,21.5,26.6,0.0,0.0,6.04,18.9,26.46,93,26,Kota Malang,-7.9797,112.6304
2019-10-24,33.6,21.8,26.2,0.0,0.0,5.82,12.8,25.65,97,24,Kota Malang,-7.9797,112.6304
2019-10-25,34.7,21.3,26.0,0.6,0.6,5.9,17.0,25.54,95,23,Kota Malang,-7.9797,112.6304
2019-10-26,31.7,22.0,25.9,2.0,2.0,5.24,12.6,23.6,96,40,Kota Malang,-7.9797,112.6304
2019-10-27,33.3,21.5,26.0,0.0,0.0,5.86,15.3,25.55,93,28,Kota Malang,-7.9797,112.6304
2019-10-28,33.1,22.6,26.1,0.2,0.2,5.66,15.8,24.8,88,33,Kota Malang,-7.9797,112.6304
2019-10-29,32.6,21.9,25.6,1.1,1.1,5.21,15.5,22.8,93,34,Kota Malang,-7.9797,112.6304
2019-10-30,32.4,21.6,25.7,3.1,3.1,5.2,13.7,23.17,92,36,Kota Malang,-7.9797,112.6304
2019-10-31,32.4,21.8,25.9,3.3,3.3,5.09,13.1,23.06,96,38,Kota Malang,-7.9797,112.6304
2019-11-01,28.1,22.2,24.4,7.1,7.1,3.13,15.8,15.17,95,71,Kota Malang,-7.9797,112.6304
2019-11-02,23.1,21.9,22.3,94.4,94.4,0.88,11.6,3.9,97,88,Kota Malang,-7.9797,112.6304
2019-11-03,26.7,21.8,23.4,6.2,6.2,2.85,11.5,14.23,96,73,Kota Malang,-7.9797,112.6304
2019-11-04,27.9,21.6,23.9,2.2,2.2,4.04,12.3,20.35,98,68,Kota Malang,-7.9797,112.6304
2019-11-05,29.3,21.8,24.5,0.5,0.5,4.79,11.5,23.49,94,57,Kota Malang,-7.9797,112.6304
2019-11-06,29.6,20.7,24.4,0.1,0.1,4.91,10.3,24.21,91,54,Kota Malang,-7.9797,112.6304
2019-11-07,29.9,21.2,24.7,0.0,0.0,4.81,11.9,23.52,95,52,Kota Malang,-7.9797,112.6304
2019-11-08,29.9,21.4,25.0,0.3,0.3,4.7,10.9,22.79,98,53,Kota Malang,-7.9797,112.6304
2019-11-09,29.9,22.0,25.2,1.2,1.2,4.49,13.3,21.38,96,57,Kota Malang,-7.9797,112.6304
2019-11-10,30.3,22.7,25.6,1.0,1.0,4.73,10.8,22.49,95,52,Kota Malang,-7.9797,112.6304
2019-11-11,30.3,22.8,25.4,1.8,1.8,4.23,10.2,19.92,95,56,Kota Malang,-7.9797,112.6304
2019-11-12,31.1,22.7,25.7,0.8,0.8,4.37,11.9,20.02,95,48,Kota Malang,-7.9797,112.6304
2019-11-13,31.2,22.6,26.1,0.9,0.9,4.87,13.1,22.58,89,48,Kota Malang,-7.9797,112.6304
2019-11-14,31.4,22.5,26.2,0.0,0.0,4.52,9.0,20.47,93,35,Kota Malang,-7.9797,112.6304
2019-11-15,31.6,22.4,25.7,0.1,0.1,5.54,16.3,25.29,91,40,Kota Malang,-7.9797,112.6304
2019-11-16,30.9,22.3,25.6,1.7,1.7,4.95,11.4,22.73,90,45,Kota Malang,-7.9797,112.6304
2019-11-17,32.3,22.8,26.3,0.5,0.5,5.21,12.8,23.62,92,36,Kota Malang,-7.9797,112.6304
2019-11-18,32.4,22.8,26.6,0.1,0.1,4.81,11.0,21.63,90,41,Kota Malang,-7.9797,112.6304
2019-11-19,32.2,23.0,26.3,2.0,2.0,4.61,9.1,21.39,94,42,Kota Malang,-7.9797,112.6304
2019-11-20,30.3,22.6,25.5,1.4,1.4,4.66,12.6,22.33,97,45,Kota Malang,-7.9797,112.6304
2019-11-21,29.8,22.4,25.4,0.6,0.6,4.45,8.7,20.76,100,53,Kota Malang,-7.9797,112.6304
2019-11-22,31.8,21.7,25.6,0.4,0.4,5.1,15.9,23.7,91,38,Kota Malang,-7.9797,112.6304
2019-11-23,32.8,22.2,26.1,0.9,0.9,5.19,13.3,23.71,94,36,Kota Malang,-7.9797,112.6304
2019-11-24,32.0,23.0,26.0,0.8,0.8,4.53,16.0,20.75,92,40,Kota Malang,-7.9797,112.6304
2019-11-25,30.8,22.8,25.4,10.0,10.0,3.7,14.5,17.7,99,55,Kota Malang,-7.9797,112.6304
2019-11-26,31.4,22.6,25.9,0.2,0.2,4.65,10.1,21.65,99,46,Kota Malang,-7.9797,112.6304
2019-11-27,30.6,22.5,25.2,6.2,6.2,3.98,8.1,19.08,95,51,Kota Malang,-7.9797,112.6304
2019-11-28,30.7,22.4,25.7,0.4,0.4,4.42,9.0,20.93,99,49,Kota Malang,-7.9797,112.6304
2019-11-29,30.3,23.0,25.9,0.8,0.8,3.9,8.6,18.19,93,54,Kota Malang,-7.9797,112.6304
2019-11-30,29.3,22.9,25.3,1.7,1.7,3.64,9.3,17.62,98,61,Kota Malang,-7.9797,112.6304
2019-12-01,31.6,22.5,26.4,0.0,0.0,5.06,12.8,23.26,92,44,Kota Malang,-7.9797,112.6304
2019-12-02,31.3,23.6,26.6,0.8,0.8,4.32,11.3,19.89,96,50,Kota Malang,-7.9797,112.6304
2019-12-03,30.5,23.2,26.0,1.3,1.3,4.1,8.2,19.12,96,48,Kota Malang,-7.9797,112.6304
2019-12-04,31.4,22.4,25.9,3.7,3.7,3.95,8.3,18.57,98,50,Kota Malang,-7.9797,112.6304
2019-12-05,28.1,23.1,24.9,4.8,4.8,3.02,8.1,14.52,95,66,Kota Malang,-7.9797,112.6304
2019-12-06,29.4,22.4,25.3,2.2,2.2,4.08,11.5,19.88,96,61,Kota Malang,-7.9797,112.6304
2019-12-07,30.9,21.6,25.5,4.0,4.0,4.56,11.9,22.03,89,54,Kota Malang,-7.9797,112.6304
2019-12-08,30.7,22.7,25.9,6.4,6.4,4.12,10.5,19.66,88,50,Kota Malang,-7.9797,112.6304
2019-12-09,31.3,23.4,26.2,5.0,5.0,4.52,11.5,21.19,97,46,Kota Malang,-7.9797,112.6304
2019-12-10,29.3,23.3,25.4,3.2,3.2,3.62,7.7,17.12,94,50,Kota Malang,-7.9797,112.6304
2019-12-11,29.8,23.1,25.5,2.4,2.4,4.15,9.4,19.93,92,57,Kota Malang,-7.9797,112.6304
2019-12-12,29.5,22.9,25.2,3.2,3.2,4.0,8.4,19.31,98,55,Kota Malang,-7.9797,112.6304
2019-12-13,28.2,22.4,24.8,2.3,2.3,3.35,9.0,15.87,95,60,Kota Malang,-7.9797,112.6304
2019-12-14,30.0,22.7,25.0,3.5,3.5,3.73,12.5,17.81,98,58,Kota Malang,-7.9797,112.6304
2019-12-15,28.2,22.2,24.3,5.8,5.8,2.99,7.4,14.64,99,72,Kota Malang,-7.9797,112.6304
2019-12-16,27.8,22.1,24.0,5.9,5.9,2.86,8.4,14.01,96,68,Kota Malang,-7.9797,112.6304
2019-12-17,27.4,21.7,24.0,7.3,7.3,2.86,8.0,14.21,95,73,Kota Malang,-7.9797,112.6304
2019-12-18,28.2,21.9,24.6,1.6,1.6,3.5,6.5,17.47,97,70,Kota Malang,-7.9797,112.6304
2019-12-19,28.4,22.7,25.2,0.3,0.3,3.75,10.9,18.16,92,62,Kota Malang,-7.9797,112.6304
2019-12-20,28.7,22.9,25.7,2.2,2.2,3.84,6.4,18.75,95,64,Kota Malang,-7.9797,112.6304
2019-12-21,29.1,23.3,25.7,5.5,5.5,3.84,8.0,18.8,99,69,Kota Malang,-7.9797,112.6304
2019-12-22,28.4,22.5,24.7,7.2,7.2,3.44,7.9,17.28,97,70,Kota Malang,-7.9797,112.6304
2019-12-23,26.8,21.6,24.3,5.1,5.1,3.36,9.1,17.14,94,75,Kota Malang,-7.9797,112.6304
2019-12-24,28.2,22.6,24.9,3.3,3.3,3.41,11.5,16.87,99,68,Kota Malang,-7.9797,112.6304
2019-12-25,28.5,22.5,24.9,5.6,5.6,3.3,9.5,16.38,94,71,Kota Malang,-7.9797,112.6304
2019-12-26,27.4,22.8,24.5,2.4,2.4,2.48,9.3,12.12,97,73,Kota Malang,-7.9797,112.6304
2019-12-27,28.1,22.5,24.1,13.3,13.3,2.79,10.1,13.51,97,70,Kota Malang,-7.9797,112.6304
2019-12-28,28.6,21.3,24.6,6.4,6.4,3.7,9.8,18.46,98,70,Kota Malang,-7.9797,112.6304
2019-12-29,28.1,22.3,24.7,6.5,6.5,3.19,8.8,15.96,98,75,Kota Malang,-7.9797,112.6304
2019-12-30,28.8,22.5,24.9,3.4,3.4,3.33,6.5,16.29,96,66,Kota Malang,-7.9797,112.6304
2019-12-31,27.0,22.8,24.4,24.6,24.6,2.64,7.7,13.34,98,81,Kota Malang,-7.9797,112.6304
2020-01-01,26.5,22.5,24.1,23.5,23.5,1.76,6.5,8.55,99,79,Kota Malang,-7.9797,112.6304
2020-01-02,28.1,21.9,24.4,23.9,23.9,3.63,8.3,18.33,100,73,Kota Malang,-7.9797,112.6304
2020-01-03,28.9,21.9,24.6,26.5,26.5,3.64,5.8,18.0,100,67,Kota Malang,-7.9797,112.6304
2020-01-04,28.9,22.0,24.3,5.7,5.7,3.08,10.9,15.0,100,65,Kota Malang,-7.9797,112.6304
2020-01-05,26.5,22.8,24.1,11.9,11.9,2.37,11.2,12.05,100,83,Kota Malang,-7.9797,112.6304
2020-01-06,26.9,22.3,23.9,18.7,18.7,2.36,10.5,12.16,100,82,Kota Malang,-7.9797,112.6304
2020-01-07,28.3,22.0,24.3,9.8,9.8,3.01,10.9,15.01,100,72,Kota Malang,-7.9797,112.6304
2020-01-08,26.4,22.0,23.8,10.6,10.6,2.67,8.8,13.71,99,81,Kota Malang,-7.9797,112.6304
2020-01-09,27.5,21.7,24.1,11.1,11.1,3.66,13.1,19.71,100,81,Kota Malang,-7.9797,112.6304
2020-01-10,27.0,21.4,24.0,11.0,11.0,2.94,9.1,14.59,99,74,Kota Malang,-7.9797,112.6304
2020-01-11,28.0,22.2,23.9,22.5,22.5,2.92,13.1,14.93,100,70,Kota Malang,-7.9797,112.6304
2020-01-12,29.0,21.9,24.4,8.5,8.5,3.52,11.3,17.24,100,64,Kota Malang,-7.9797,112.6304
2020-01-13,29.8,21.2,24.7,6.1,6.1,4.42,10.5,21.89,100,57,Kota Malang,-7.9797,112.6304
2020-01-14,28.9,21.4,25.0,22.3,22.3,4.56,7.6,22.86,97,68,Kota Malang,-7.9797,112.6304
2020-01-15,29.0,22.2,24.6,36.6,36.6,4.1,9.1,20.58,99,63,Kota Malang,-7.9797,112.6304
2020-01-16,28.8,22.2,24.9,1.8,1.8,4.37,11.5,22.3,95,68,Kota Malang,-7.9797,112.6304
2020-01-17,29.2,21.2,24.7,0.1,0.1,5.28,11.4,26.6,95,60,Kota Malang,-7.9797,112.6304
2020-01-18,29.8,21.0,25.2,0.3,0.3,5.32,10.2,26.49,94,57,Kota Malang,-7.9797,112.6304
2020-01-19,29.3,21.7,25.1,1.3,1.3,4.66,7.5,23.24,98,60,Kota Malang,-7.9797,112.6304
2020-01-20,29.0,21.7,24.8,5.5,5.5,4.21,8.6,21.01,98,65,Kota Malang,-7.9797,112.6304
2020-01-21,28.8,22.2,24.7,10.8,10.8,3.93,7.2,19.61,97,71,Kota Malang,-7.9797,112.6304
2020-01-22,28.0,22.3,24.6,13.0,13.0,3.66,8.6,18.59,99,77,Kota Malang,-7.9797,112.6304
2020-01-23,27.5,22.5,24.8,5.7,5.7,3.96,9.4,20.26,98,77,Kota Malang,-7.9797,112.6304
2020-01-24,28.3,21.7,24.8,5.3,5.3,4.34,6.1,21.93,98,75,Kota Malang,-7.9797,112.6304
2020-01-25,28.4,22.0,24.7,15.0,15.0,4.41,8.0,22.5,95,72,Kota Malang,-7.9797,112.6304
2020-01-26,27.5,22.8,24.6,10.3,10.3,3.75,10.8,19.22,97,75,Kota Malang,-7.9797,112.6304
2020-01-27,27.8,22.2,24.9,0.9,0.9,3.69,13.8,18.84,97,75,Kota Malang,-7.9797,112.6304
2020-01-28,28.6,22.5,25.0,6.7,6.7,4.39,9.3,22.36,94,72,Kota Malang,-7.9797,112.6304
2020-01-29,28.5,22.3,25.1,19.6,19.6,3.73,8.1,18.72,96,74,Kota Malang,-7.9797,112.6304
2020-01-30,28.2,22.7,24.2,36.7,36.7,2.58,14.3,13.03,99,78,Kota Malang,-7.9797,112.6304
2020-01-31,28.7,22.4,24.6,20.3,20.3,3.52,8.7,17.25,94,66,Kota Malang,-7.9797,112.6304
2020-02-01,27.8,21.8,24.3,15.5,15.5,3.36,9.0,16.6,94,69,Kota Malang,-7.9797,112.6304
2020-02-02,27.0,21.8,24.3,17.0,17.0,3.52,9.8,18.06,96,74,Kota Malang,-7.9797,112.6304
2020-02-03,27.4,21.9,24.3,12.4,12.4,3.08,10.4,15.82,100,84,Kota Malang,-7.9797,112.6304
2020-02-04,29.2,21.7,25.0,0.9,0.9,4.99,7.6,25.25,97,63,Kota Malang,-7.9797,112.6304
2020-02-05,29.4,21.6,25.1,1.1,1.1,5.06,10.9,25.41,99,61,Kota Malang,-7.9797,112.6304
2020-02-06,28.4,22.2,24.9,10.8,10.8,4.33,8.4,22.03,97,71,Kota Malang,-7.9797,112.6304
2020-02-07,28.5,22.5,24.7,46.1,46.1,3.27,6.1,16.28,100,77,Kota Malang,-7.9797,112.6304
2020-02-08,28.9,23.0,25.6,24.4,24.4,4.21,8.1,20.96,98,70,Kota Malang,-7.9797,112.6304
2020-02-09,25.7,22.5,23.9,19.6,19.6,2.05,8.3,10.04,100,81,Kota Malang,-7.9797,112.6304
2020-02-10,28.7,21.9,24.4,7.8,7.8,3.61,8.3,18.06,100,70,Kota Malang,-7.9797,112.6304
2020-02-11,26.8,22.2,24.0,19.8,19.8,3.29,10.0,17.08,99,81,Kota Malang,-7.9797,112.6304
2020-02-12,26.5,22.1,24.1,11.6,11.6,3.21,9.8,16.66,98,78,Kota Malang,-7.9797,112.6304
2020-02-13,27.6,22.2,24.5,12.7,12.7,3.73,8.7,19.07,96,78,Kota Malang,-7.9797,112.6304
2020-02-14,27.8,22.0,24.6,10.0,10.0,3.96,11.3,20.36,96,75,Kota Malang,-7.9797,112.6304
2020-02-15,27.4,22.5,24.3,13.3,13.3,2.89,6.8,14.61,99,82,Kota Malang,-7.9797,112.6304
2020-02-16,28.1,21.9,24.4,19.1,19.1,3.3,7.5,16.65,99,76,Kota Malang,-7.9797,112.6304
2020-02-17,26.7,22.4,24.0,26.3,26.3,2.51,7.2,12.59,99,81,Kota Malang,-7.9797,112.6304
2020-02-18,27.5,21.4,23.7,25.3,25.3,2.78,9.2,13.99,98,71,Kota Malang,-7.9797,112.6304
2020-02-19,26.9,21.3,23.8,42.3,42.3,2.93,7.7,14.72,98,79,Kota Malang,-7.9797,112.6304
2020-02-20,26.2,22.2,24.0,20.7,20.7,1.73,4.3,8.14,98,81,Kota Malang,-7.9797,112.6304
2020-02-21,28.2,22.0,24.3,15.4,15.4,3.38,8.7,17.11,100,75,Kota Malang,-7.9797,112.6304
2020-02-22,28.7,22.2,24.7,5.9,5.9,3.94,11.4,20.16,99,71,Kota Malang,-7.9797,112.6304
2020-02-23,28.5,21.5,24.8,6.2,6.2,3.96,7.9,19.81,95,70,Kota Malang,-7.9797,112.6304
2020-02-24,28.2,21.9,24.7,32.9,32.9,4.11,9.3,21.13,99,75,Kota Malang,-7.9797,112.6304
2020-02-25,27.3,22.6,24.4,34.0,34.0,2.93,9.6,14.81,99,80,Kota Malang,-7.9797,112.6304
2020-02-26,27.7,22.1,24.6,21.5,21.5,2.94,6.0,14.66,99,78,Kota Malang,-7.9797,112.6304
2020-02-27,28.1,22.7,25.1,18.2,18.2,3.29,5.8,16.29,96,76,Kota Malang,-7.9797,112.6304
2020-02-28,28.8,22.3,25.1,28.4,28.4,3.75,7.6,18.82,97,71,Kota Malang,-7.9797,112.6304
2020-02-29,27.9,22.7,24.8,40.9,40.9,3.16,6.9,15.88,98,76,Kota Malang,-7.9797,112.6304
2020-03-01,27.2,23.2,24.5,48.1,48.1,2.32,9.7,11.49,99,80,Kota Malang,-7.9797,112.6304
2020-03-02,28.5,22.2,25.0,24.9,24.9,4.03,9.3,20.59,96,74,Kota Malang,-7.9797,112.6304
2020-03-03,28.5,22.5,25.0,16.1,16.1,3.49,8.3,17.84,97,79,Kota Malang,-7.9797,112.6304
2020-03-04,27.1,22.5,24.4,15.7,15.7,2.69,10.5,13.8,99,82,Kota Malang,-7.9797,112.6304
2020-03-05,28.6,22.7,24.7,4.4,4.4,3.2,9.9,15.83,100,71,Kota Malang,-7.9797,112.6304
2020-03-06,28.1,22.0,24.2,7.7,7.7,3.05,7.7,15.22,99,71,Kota Malang,-7.9797,112.6304
2020-03-07,26.6,22.0,24.1,27.1,27.1,2.4,6.5,11.84,99,77,Kota Malang,-7.9797,112.6304
2020-03-08,28.0,22.5,24.6,6.8,6.8,3.25,7.6,15.9,99,66,Kota Malang,-7.9797,112.6304
2020-03-09,26.2,22.2,23.9,21.4,21.4,2.37,12.2,12.25,100,81,Kota Malang,-7.9797,112.6304
2020-03-10,29.4,22.5,24.8,8.4,8.4,3.66,5.2,17.87,100,64,Kota Malang,-7.9797,112.6304
2020-03-11,27.8,22.0,24.6,32.2,32.2,3.62,11.3,18.48,100,76,Kota Malang,-7.9797,112.6304
2020-03-12,27.9,22.1,24.7,20.6,20.6,3.76,9.1,19.13,99,77,Kota Malang,-7.9797,112.6304
2020-03-13,27.5,21.9,24.3,70.8,70.8,2.99,9.6,15.31,97,77,Kota Malang,-7.9797,112.6304
2020-03-14,29.0,22.6,25.4,2.1,2.1,4.34,8.0,21.59,92,66,Kota Malang,-7.9797,112.6304
2020-03-15,29.1,22.8,25.5,1.3,1.3,4.46,8.2,22.0,94,61,Kota Malang,-7.9797,112.6304
2020-03-16,27.5,22.8,24.8,8.9,8.9,3.62,6.6,18.23,96,72,Kota Malang,-7.9797,112.6304
2020-03-17,27.7,21.7,24.3,0.3,0.3,4.02,8.9,20.74,95,68,Kota Malang,-7.9797,112.6304
2020-03-18,27.0,22.4,24.5,1.8,1.8,3.22,16.6,16.43,96,75,Kota Malang,-7.9797,112.6304
2020-03-19,26.5,21.8,23.6,15.6,15.6,2.3,11.5,11.69,98,79,Kota Malang,-7.9797,112.6304
2020-03-20,27.2,21.4,23.8,19.0,19.0,3.15,10.4,16.32,99,78,Kota Malang,-7.9797,112.6304
2020-03-21,28.1,20.7,24.2,1.2,1.2,3.42,11.1,17.52,99,73,Kota Malang,-7.9797,112.6304
2020-03-22,28.6,22.2,24.9,3.6,3.6,3.89,13.2,19.99,96,72,Kota Malang,-7.9797,112.6304
2020-03-23,27.2,22.4,24.0,25.8,25.8,2.34,7.3,11.4,98,77,Kota Malang,-7.9797,112.6304
2020-03-24,27.8,21.6,24.2,2.3,2.3,3.65,10.6,19.1,95,72,Kota Malang,-7.9797,112.6304
2020-03-25,28.0,21.5,24.2,5.5,5.5,3.87,7.3,19.9,95,74,Kota Malang,-7.9797,112.6304
2020-03-26,28.1,21.8,24.7,1.0,1.0,4.25,9.2,21.71,98,62,Kota Malang,-7.9797,112.6304
2020-03-27,27.5,21.8,24.2,17.3,17.3,3.03,8.8,15.56,99,79,Kota Malang,-7.9797,112.6304
2020-03-28,26.9,23.0,24.5,22.7,22.7,2.43,8.0,12.14,97,78,Kota Malang,-7.9797,112.6304
2020-03-29,26.6,22.3,24.3,4.6,4.6,3.06,11.1,15.89,96,77,Kota Malang,-7.9797,112.6304
2020-03-30,27.5,22.3,24.3,0.8,0.8,3.6,8.2,18.46,97,74,Kota Malang,-7.9797,112.6304
2020-03-31,27.4,22.3,24.5,4.4,4.4,3.34,10.2,17.28,96,72,Kota Malang,-7.9797,112.6304
2020-04-01,26.6,22.5,24.3,13.3,13.3,2.85,11.0,14.56,97,79,Kota Malang,-7.9797,112.6304
2020-04-02,27.6,22.5,24.5,5.7,5.7,3.22,11.5,16.58,97,77,Kota Malang,-7.9797,112.6304
2020-04-03,27.9,22.1,24.6,4.8,4.8,3.83,8.4,19.56,99,69,Kota Malang,-7.9797,112.6304
2020-04-04,27.5,22.1,24.7,0.8,0.8,3.23,7.9,16.52,95,74,Kota Malang,-7.9797,112.6304
2020-04-05,27.6,22.7,24.8,6.0,6.0,3.35,9.4,17.02,95,77,Kota Malang,-7.9797,112.6304
2020-04-06,27.1,22.2,24.2,5.0,5.0,2.55,6.6,12.69,97,74,Kota Malang,-7.9797,112.6304
2020-04-07,27.1,22.1,24.0,47.0,47.0,3.13,11.1,16.02,96,76,Kota Malang,-7.9797,112.6304
2020-04-08,26.8,21.9,23.6,13.2,13.2,2.83,8.6,14.55,93,70,Kota Malang,-7.9797,112.6304
2020-04-09,28.2,21.3,24.7,2.9,2.9,3.92,8.4,19.79,95,73,Kota Malang,-7.9797,112.6304
2020-04-10,28.2,21.6,24.9,0.9,0.9,4.15,9.8,21.11,96,67,Kota Malang,-7.9797,112.6304
2020-04-11,27.6,22.5,24.3,3.5,3.5,2.95,12.1,15.06,95,74,Kota Malang,-7.9797,112.6304
2020-04-12,27.5,22.1,24.2,4.9,4.9,3.75,8.0,19.15,96,72,Kota Malang,-7.9797,112.6304
2020-04-13,27.4,20.7,24.0,16.8,16.8,3.98,6.5,20.65,97,73,Kota Malang,-7.9797,112.6304
2020-04-14,27.0,21.6,23.9,7.9,7.9,3.35,10.5,17.38,94,79,Kota Malang,-7.9797,112.6304
2020-04-15,27.5,21.5,24.2,40.0,40.0,3.8,11.6,19.92,96,79,Kota Malang,-7.9797,112.6304
2020-04-16,28.0,21.6,24.9,0.0,0.0,3.96,10.9,20.44,95,73,Kota Malang,-7.9797,112.6304
2020-04-17,27.1,23.0,24.5,7.7,7.7,2.76,10.2,14.06,98,75,Kota Malang,-7.9797,112.6304
2020-04-18,28.3,21.8,24.5,11.5,11.5,3.25,8.0,16.74,97,72,Kota Malang,-7.9797,112.6304
2020-04-19,27.6,22.2,24.6,4.6,4.6,3.21,7.8,16.38,97,76,Kota Malang,-7.9797,112.6304
2020-04-20,27.9,22.1,24.9,1.2,1.2,3.57,10.5,18.28,97,74,Kota Malang,-7.9797,112.6304
2020-04-21,27.4,22.3,24.4,0.5,0.5,3.48,12.4,18.51,96,78,Kota Malang,-7.9797,112.6304
2020-04-22,28.0,22.6,25.0,1.0,1.0,3.85,13.2,19.88,95,64,Kota Malang,-7.9797,112.6304
2020-04-23,28.5,22.3,25.0,0.6,0.6,4.09,10.4,20.98,96,65,Kota Malang,-7.9797,112.6304
2020-04-24,28.1,21.9,24.5,0.0,0.0,4.2,8.8,21.21,96,53,Kota Malang,-7.9797,112.6304
2020-04-25,27.3,22.3,24.5,0.0,0.0,3.59,8.6,18.03,92,66,Kota Malang,-7.9797,112.6304
2020-04-26,27.1,22.3,24.0,1.2,1.2,2.56,10.1,12.8,98,75,Kota Malang,-7.9797,112.6304
2020-04-27,27.6,21.8,24.1,11.5,11.5,3.37,8.4,17.41,94,73,Kota Malang,-7.9797,112.6304
2020-04-28,27.1,22.1,23.9,18.9,18.9,3.36,10.1,17.72,98,73,Kota Malang,-7.9797,112.6304
2020-04-29,26.8,21.2,23.8,4.3,4.3,3.65,10.7,19.02,95,73,Kota Malang,-7.9797,112.6304
2020-04-30,27.3,22.1,24.0,6.2,6.2,3.45,8.1,17.25,100,68,Kota Malang,-7.9797,112.6304
2020-05-01,27.3,21.1,23.9,5.4,5.4,3.82,8.0,19.72,99,69,Kota Malang,-7.9797,112.6304
2020-05-02,28.0,21.3,24.2,0.0,0.0,3.99,8.2,20.44,95,65,Kota Malang,-7.9797,112.6304
2020-05-03,27.8,21.3,24.2,0.6,0.6,3.43,9.6,17.45,94,69,Kota Malang,-7.9797,112.6304
2020-05-04,28.0,21.7,24.6,0.5,0.5,3.58,10.4,18.3,93,70,Kota Malang,-7.9797,112.6304
2020-05-05,28.5,21.4,24.8,0.4,0.4,4.05,11.7,20.93,98,71,Kota Malang,-7.9797,112.6304
2020-05-06,28.1,21.5,24.7,0.0,0.0,4.06,7.9,20.64,96,63,Kota Malang,-7.9797,112.6304
2020-05-07,29.3,22.1,25.3,0.0,0.0,4.17,10.5,20.97,96,63,Kota Malang,-7.9797,112.6304
2020-05-08,28.9,22.5,25.3,12.3,12.3,3.79,11.0,19.07,98,67,Kota Malang,-7.9797,112.6304
2020-05-09,27.0,22.8,24.5,1.2,1.2,2.23,8.0,11.15,98,82,Kota Malang,-7.9797,112.6304
2020-05-10,29.5,22.5,25.3,0.5,0.5,3.7,11.7,17.7,96,58,Kota Malang,-7.9797,112.6304
2020-05-11,28.0,22.1,24.3,10.9,10.9,3.23,10.4,16.59,96,73,Kota Malang,-7.9797,112.6304
2020-05-12,28.5,22.1,24.8,0.1,0.1,4.18,13.5,20.59,95,54,Kota Malang,-7.9797,112.6304
2020-05-13,27.9,21.5,24.2,0.0,0.0,3.8,6.7,19.42,96,63,Kota Malang,-7.9797,112.6304
2020-05-14,27.9,21.5,24.4,0.7,0.7,3.79,7.5,19.34,97,70,Kota Malang,-7.9797,112.6304
2020-05-15,28.8,21.2,24.7,1.0,1.0,3.96,10.5,20.12,96,62,Kota Malang,-7.9797,112.6304
2020-05-16,28.5,22.8,25.2,0.7,0.7,3.45,12.3,17.28,94,70,Kota Malang,-7.9797,112.6304
2020-05-17,28.2,22.9,25.0,3.1,3.1,3.11,8.8,15.65,97,72,Kota Malang,-7.9797,112.6304
2020-05-18,27.5,23.0,24.4,5.0,5.0,2.58,8.0,12.74,97,72,Kota Malang,-7.9797,112.6304
2020-05-19,26.6,22.4,24.0,6.3,6.3,2.19,8.4,10.95,97,82,Kota Malang,-7.9797,112.6304
2020-05-20,27.8,22.2,24.6,7.8,7.8,3.2,11.6,16.61,98,74,Kota Malang,-7.9797,112.6304
2020-05-21,27.1,22.3,24.3,20.4,20.4,2.22,9.4,11.21,100,81,Kota Malang,-7.9797,112.6304
2020-05-22,29.3,22.4,25.3,1.1,1.1,3.91,10.2,19.5,100,64,Kota Malang,-7.9797,112.6304
2020-05-23,29.8,22.4,25.5,0.2,0.2,4.2,11.2,20.76,91,58,Kota Malang,-7.9797,112.6304
2020-05-24,29.1,22.2,25.2,0.3,0.3,4.12,7.7,20.75,91,65,Kota Malang,-7.9797,112.6304
2020-05-25,29.2,22.0,25.2,0.8,0.8,3.98,8.4,20.06,99,66,Kota Malang,-7.9797,112.6304
2020-05-26,27.4,22.9,24.4,70.7,70.7,2.73,9.4,13.9,100,79,Kota Malang,-7.9797,112.6304
2020-05-27,25.1,22.4,23.6,19.4,19.4,1.55,7.6,7.59,99,85,Kota Malang,-7.9797,112.6304
2020-05-28,27.5,21.6,23.8,46.5,46.5,2.66,10.7,13.74,95,78,Kota Malang,-7.9797,112.6304
2020-05-29,27.9,22.3,24.4,11.3,11.3,3.57,7.0,18.05,96,71,Kota Malang,-7.9797,112.6304
2020-05-30,28.3,21.1,24.4,9.5,9.5,3.75,9.8,19.35,96,72,Kota Malang,-7.9797,112.6304
2020-05-31,26.8,22.3,24.1,3.9,3.9,2.57,10.8,13.42,98,79,Kota Malang,-7.9797,112.6304
2020-06-01,26.6,22.2,24.1,2.2,2.2,2.32,5.6,11.64,98,79,Kota Malang,-7.9797,112.6304
2020-06-02,26.9,22.3,24.0,0.3,0.3,3.24,9.4,17.0,99,69,Kota Malang,-7.9797,112.6304
2020-06-03,28.8,21.4,24.4,0.0,0.0,4.03,16.6,19.66,86,57,Kota Malang,-7.9797,112.6304
2020-06-04,26.8,20.3,23.6,0.0,0.0,3.69,8.2,18.59,90,63,Kota Malang,-7.9797,112.6304
2020-06-05,26.1,20.9,23.4,4.6,4.6,2.97,11.6,15.47,98,69,Kota Malang,-7.9797,112.6304
2020-06-06,25.3,21.9,23.3,3.6,3.6,2.21,12.2,11.75,99,84,Kota Malang,-7.9797,112.6304
2020-06-07,27.0,21.4,23.6,7.5,7.5,3.39,8.5,17.77,98,75,Kota Malang,-7.9797,112.6304
2020-06-08,27.0,21.1,23.5,1.4,1.4,3.32,6.2,17.31,98,71,Kota Malang,-7.9797,112.6304
2020-06-09,26.8,20.8,23.3,2.2,2.2,3.31,7.9,17.02,96,72,Kota Malang,-7.9797,112.6304
2020-06-10,26.3,19.4,22.7,0.0,0.0,3.63,10.4,19.08,98,64,Kota Malang,-7.9797,112.6304
2020-06-11,26.9,19.2,22.7,1.0,1.0,3.69,5.2,19.52,96,68,Kota Malang,-7.9797,112.6304
2020-06-12,27.3,19.8,23.3,0.0,0.0,4.02,8.5,21.07,93,58,Kota Malang,-7.9797,112.6304
2020-06-13,27.4,20.3,24.0,0.2,0.2,3.76,7.6,19.66,93,59,Kota Malang,-7.9797,112.6304
2020-06-14,27.1,22.4,23.8,3.2,3.2,2.17,11.0,10.99,98,73,Kota Malang,-7.9797,112.6304
2020-06-15,26.5,21.0,23.5,0.4,0.4,2.62,7.9,13.51,99,72,Kota Malang,-7.9797,112.6304
2020-06-16,26.7,20.9,23.5,0.0,0.0,3.41,9.4,17.67,99,65,Kota Malang,-7.9797,112.6304
2020-06-17,27.1,21.0,23.9,0.3,0.3,2.97,9.3,15.02,96,67,Kota Malang,-7.9797,112.6304
2020-06-18,26.5,21.8,23.9,0.3,0.3,2.82,8.6,14.51,95,65,Kota Malang,-7.9797,112.6304
2020-06-19,26.6,21.6,23.6,0.3,0.3,2.85,13.7,14.77,96,68,Kota Malang,-7.9797,112.6304
2020-06-20,26.9,21.1,23.7,0.2,0.2,3.25,10.7,16.59,94,63,Kota Malang,-7.9797,112.6304
2020-06-21,26.7,20.9,23.6,1.1,1.1,2.86,9.2,14.61,96,67,Kota Malang,-7.9797,112.6304
2020-06-22,25.8,21.5,23.4,0.9,0.9,2.29,8.4,11.37,97,65,Kota Malang,-7.9797,112.6304
2020-06-23,26.9,20.8,23.6,0.1,0.1,3.12,11.4,15.98,98,64,Kota Malang,-7.9797,112.6304
2020-06-24,27.0,21.4,23.5,0.2,0.2,3.12,14.1,15.8,95,71,Kota Malang,-7.9797,112.6304
2020-06-25,26.7,20.5,22.9,0.0,0.0,3.6,13.5,18.7,98,64,Kota Malang,-7.9797,112.6304
2020-06-26,26.7,18.8,22.9,0.0,0.0,3.6,8.6,18.9,96,66,Kota Malang,-7.9797,112.6304
2020-06-27,26.8,18.8,22.8,0.0,0.0,3.66,6.8,19.23,95,62,Kota Malang,-7.9797,112.6304
2020-06-28,27.0,20.1,23.3,0.0,0.0,3.52,8.2,18.22,92,65,Kota Malang,-7.9797,112.6304
2020-06-29,26.6,21.5,23.5,0.0,0.0,3.24,10.9,16.61,97,69,Kota Malang,-7.9797,112.6304
2020-06-30,26.9,21.2,23.3,0.0,0.0,3.17,13.5,16.37,95,68,Kota Malang,-7.9797,112.6304
2020-07-01,26.8,20.6,23.2,1.1,1.1,3.3,11.4,17.13,96,69,Kota Malang,-7.9797,112.6304
2020-07-02,27.7,21.1,23.5,8.2,8.2,3.11,12.2,15.6,97,66,Kota Malang,-7.9797,112.6304
2020-07-03,26.5,20.3,23.1,0.0,0.0,3.62,12.0,18.75,97,54,Kota Malang,-7.9797,112.6304
2020-07-04,28.7,19.2,23.3,0.0,0.0,3.9,10.5,19.59,98,43,Kota Malang,-7.9797,112.6304
2020-07-05,27.1,19.4,22.9,0.5,0.5,3.72,11.0,19.31,93,61,Kota Malang,-7.9797,112.6304
2020-07-06,24.9,21.4,22.8,5.1,5.1,1.93,8.2,9.34,95,72,Kota Malang,-7.9797,112.6304
2020-07-07,26.4,21.7,23.3,0.3,0.3,2.85,10.4,14.13,93,72,Kota Malang,-7.9797,112.6304
2020-07-08,26.8,20.4,23.0,0.0,0.0,3.23,14.6,16.86,97,70,Kota Malang,-7.9797,112.6304
2020-07-09,26.5,21.4,23.3,0.1,0.1,2.92,13.7,14.8,94,74,Kota Malang,-7.9797,112.6304
2020-07-10,26.8,20.6,23.1,0.1,0.1,3.22,13.8,16.49,92,68,Kota Malang,-7.9797,112.6304
2020-07-11,27.5,20.7,23.5,0.2,0.2,3.3,11.4,16.7,98,65,Kota Malang,-7.9797,112.6304
2020-07-12,26.0,21.4,23.2,0.5,0.5,2.28,8.3,11.32,99,75,Kota Malang,-7.9797,112.6304
2020-07-13,27.4,20.3,23.5,0.0,0.0,3.58,11.3,18.51,94,64,Kota Malang,-7.9797,112.6304
2020-07-14,26.9,20.6,23.4,0.1,0.1,3.11,8.1,15.62,98,59,Kota Malang,-7.9797,112.6304
2020-07-15,26.0,20.3,22.7,0.5,0.5,3.05,8.6,15.98,98,67,Kota Malang,-7.9797,112.6304
2020-07-16,27.6,20.7,23.8,0.0,0.0,3.23,6.9,16.43,96,63,Kota Malang,-7.9797,112.6304
2020-07-17,28.2,19.3,23.4,1.2,1.2,3.9,9.9,19.99,99,60,Kota Malang,-7.9797,112.6304
2020-07-18,26.9,21.1,23.2,0.0,0.0,2.78,9.4,14.0,99,68,Kota Malang,-7.9797,112.6304
2020-07-19,28.3,20.1,23.5,3.7,3.7,3.79,15.9,19.57,95,62,Kota Malang,-7.9797,112.6304
2020-07-20,26.3,21.6,23.5,0.9,0.9,2.83,11.0,14.38,98,71,Kota Malang,-7.9797,112.6304
2020-07-21,25.7,21.6,23.2,5.4,5.4,2.1,8.2,10.79,97,78,Kota Malang,-7.9797,112.6304
2020-07-22,27.2,20.9,23.6,0.1,0.1,3.32,9.7,16.79,97,61,Kota Malang,-7.9797,112.6304
2020-07-23,27.4,21.1,23.4,0.0,0.0,3.64,12.6,18.57,96,62,Kota Malang,-7.9797,112.6304
2020-07-24,27.4,20.2,22.9,0.0,0.0,3.84,14.0,19.2,92,57,Kota Malang,-7.9797,112.6304
2020-07-25,26.3,18.4,21.8,0.0,0.0,4.12,15.3,20.76,93,53,Kota Malang,-7.9797,112.6304
2020-07-26,26.4,18.6,22.1,0.0,0.0,3.91,12.0,20.35,95,56,Kota Malang,-7.9797,112.6304
2020-07-27,26.6,17.5,22.0,0.0,0.0,3.61,14.2,18.63,95,62,Kota Malang,-7.9797,112.6304
2020-07-28,26.6,19.9,22.4,0.6,0.6,3.17,16.3,16.07,95,61,Kota Malang,-7.9797,112.6304
2020-07-29,25.4,18.3,21.5,0.0,0.0,4.31,15.6,22.92,94,50,Kota Malang,-7.9797,112.6304
2020-07-30,25.6,17.0,21.2,0.0,0.0,4.04,10.0,21.61,89,53,Kota Malang,-7.9797,112.6304
2020-07-31,26.3,18.4,21.9,0.3,0.3,3.11,15.4,15.85,92,64,Kota Malang,-7.9797,112.6304
2020-08-01,26.7,19.7,22.6,0.0,0.0,3.34,11.6,16.84,94,63,Kota Malang,-7.9797,112.6304
2020-08-02,27.0,18.6,21.9,0.0,0.0,3.99,10.8,20.91,97,60,Kota Malang,-7.9797,112.6304
2020-08-03,28.2,18.5,22.4,0.1,0.1,3.94,10.9,20.25,95,57,Kota Malang,-7.9797,112.6304
2020-08-04,25.3,19.8,22.4,0.4,0.4,1.83,7.2,8.65,96,70,Kota Malang,-7.9797,112.6304
2020-08-05,27.6,20.7,22.9,0.5,0.5,2.96,16.2,14.49,98,64,Kota Malang,-7.9797,112.6304
2020-08-06,28.1,19.5,23.0,0.0,0.0,4.54,12.0,23.14,98,52,Kota Malang,-7.9797,112.6304
2020-08-07,26.9,19.3,22.6,0.5,0.5,3.61,14.1,18.57,95,66,Kota Malang,-7.9797,112.6304
2020-08-08,28.5,19.5,23.3,1.4,1.4,3.49,10.1,17.45,100,60,Kota Malang,-7.9797,112.6304
2020-08-09,28.8,19.9,23.8,1.0,1.0,3.97,8.9,19.82,96,58,Kota Malang,-7.9797,112.6304
2020-08-10,29.5,19.6,23.9,0.3,0.3,4.1,12.4,20.17,92,54,Kota Malang,-7.9797,112.6304
2020-08-11,28.8,20.1,24.1,1.4,1.4,3.64,10.8,17.92,99,61,Kota Malang,-7.9797,112.6304
2020-08-12,28.9,21.5,24.3,0.7,0.7,3.65,11.3,18.15,99,61,Kota Malang,-7.9797,112.6304
2020-08-13,27.3,21.9,24.0,2.4,2.4,3.17,12.2,16.22,99,69,Kota Malang,-7.9797,112.6304
2020-08-14,27.1,21.4,23.9,1.6,1.6,3.25,8.9,16.33,100,68,Kota Malang,-7.9797,112.6304
2020-08-15,28.8,20.5,24.5,0.2,0.2,3.96,8.6,19.6,95,60,Kota Malang,-7.9797,112.6304
2020-08-16,27.0,21.4,23.8,0.7,0.7,3.03,7.6,15.07,98,67,Kota Malang,-7.9797,112.6304
2020-08-17,27.0,21.0,23.6,0.1,0.1,3.68,10.9,18.72,99,60,Kota Malang,-7.9797,112.6304
2020-08-18,28.0,20.4,23.4,0.0,0.0,4.15,14.7,20.8,93,58,Kota Malang,-7.9797,112.6304
2020-08-19,26.9,21.0,23.2,0.4,0.4,3.19,11.5,15.59,96,66,Kota Malang,-7.9797,112.6304
2020-08-20,27.6,19.5,23.1,0.0,0.0,4.04,12.3,20.7,98,59,Kota Malang,-7.9797,112.6304
2020-08-21,30.9,18.4,24.4,0.0,0.0,5.78,20.9,24.2,82,36,Kota Malang,-7.9797,112.6304
2020-08-22,29.5,19.6,24.2,0.0,0.0,5.04,11.2,24.0,88,37,Kota Malang,-7.9797,112.6304
2020-08-23,31.0,20.6,24.6,0.6,0.6,4.46,14.5,21.1,96,46,Kota Malang,-7.9797,112.6304
2020-08-24,31.1,19.9,24.6,0.3,0.3,5.31,17.7,24.3,98,27,Kota Malang,-7.9797,112.6304
2020-08-25,29.8,20.4,24.4,0.3,0.3,4.92,14.0,23.78,91,41,Kota Malang,-7.9797,112.6304
2020-08-26,28.1,20.3,23.5,0.0,0.0,4.62,20.9,22.08,92,51,Kota Malang,-7.9797,112.6304
2020-08-27,28.6,18.1,23.1,0.3,0.3,4.64,13.9,23.37,93,38,Kota Malang,-7.9797,112.6304
2020-08-28,28.3,20.2,23.7,0.8,0.8,4.17,14.6,20.91,92,53,Kota Malang,-7.9797,112.6304
2020-08-29,28.8,21.3,24.1,0.9,0.9,3.91,16.4,18.56,93,56,Kota Malang,-7.9797,112.6304
2020-08-30,28.6,19.2,23.7,0.0,0.0,4.48,11.8,21.79,95,43,Kota Malang,-7.9797,112.6304
2020-08-31,29.0,19.0,23.7,0.2,0.2,4.88,14.3,24.5,93,45,Kota Malang,-7.9797,112.6304
2020-09-01,28.2,21.5,24.0,3.0,3.0,3.79,13.4,18.68,93,54,Kota Malang,-7.9797,112.6304
2020-09-02,26.9,21.8,23.3,4.3,4.3,2.3,11.1,10.93,95,68,Kota Malang,-7.9797,112.6304
2020-09-03,27.4,22.1,23.9,4.7,4.7,3.12,11.0,15.34,100,64,Kota Malang,-7.9797,112.6304
2020-09-04,28.4,20.8,24.2,4.1,4.1,3.81,11.2,18.97,93,65,Kota Malang,-7.9797,112.6304
2020-09-05,28.6,20.9,23.6,0.9,0.9,4.42,13.6,22.51,95,60,Kota Malang,-7.9797,112.6304
2020-09-06,28.0,20.8,23.8,0.2,0.2,4.06,12.0,20.19,98,62,Kota Malang,-7.9797,112.6304
2020-09-07,27.3,21.4,23.7,1.5,1.5,3.73,11.6,19.01,97,66,Kota Malang,-7.9797,112.6304
2020-09-08,28.1,20.8,24.0,0.2,0.2,4.39,11.0,22.14,93,52,Kota Malang,-7.9797,112.6304
2020-09-09,27.9,21.4,23.9,0.2,0.2,3.66,11.5,18.35,93,58,Kota Malang,-7.9797,112.6304
2020-09-10,28.0,20.5,23.6,0.0,0.0,3.97,11.9,19.47,96,60,Kota Malang,-7.9797,112.6304
2020-09-11,28.6,19.7,23.6,0.0,0.0,4.52,17.0,22.23,99,55,Kota Malang,-7.9797,112.6304
2020-09-12,28.4,20.5,23.7,0.0,0.0,4.53,15.5,22.19,91,57,Kota Malang,-7.9797,112.6304
2020-09-13,28.4,21.3,24.0,0.0,0.0,4.77,16.9,23.25,91,55,Kota Malang,-7.9797,112.6304
2020-09-14,28.9,20.1,23.8,0.0,0.0,4.85,11.3,23.23,89,40,Kota Malang,-7.9797,112.6304
2020-09-15,29.0,19.2,23.4,0.0,0.0,5.46,16.5,26.57,96,45,Kota Malang,-7.9797,112.6304
2020-09-16,28.5,19.4,23.2,0.8,0.8,4.84,15.8,24.08,95,49,Kota Malang,-7.9797,112.6304
2020-09-17,29.1,18.4,23.8,0.0,0.0,4.79,10.8,23.39,95,46,Kota Malang,-7.9797,112.6304
2020-09-18,31.8,19.4,25.2,0.0,0.0,5.58,15.8,25.51,82,36,Kota Malang,-7.9797,112.6304
2020-09-19,33.1,20.6,26.0,0.0,0.0,5.99,19.4,25.35,70,34,Kota Malang,-7.9797,112.6304
2020-09-20,32.2,21.8,26.0,0.0,0.0,5.57,15.4,24.78,91,34,Kota Malang,-7.9797,112.6304
2020-09-21,29.5,22.5,24.9,2.6,2.6,4.53,16.7,21.42,94,56,Kota Malang,-7.9797,112.6304
2020-09-22,25.6,21.9,23.3,36.4,36.4,1.9,12.1,9.39,99,80,Kota Malang,-7.9797,112.6304
2020-09-23,28.6,22.3,25.0,0.5,0.5,3.94,10.9,19.24,95,60,Kota Malang,-7.9797,112.6304
2020-09-24,28.8,21.8,24.7,0.1,0.1,4.14,11.8,19.77,97,55,Kota Malang,-7.9797,112.6304
2020-09-25,29.7,21.8,24.8,2.1,2.1,4.12,14.3,19.12,96,52,Kota Malang,-7.9797,112.6304
2020-09-26,30.3,21.0,24.5,3.9,3.9,4.4,13.4,21.14,94,47,Kota Malang,-7.9797,112.6304
2020-09-27,29.6,21.9,24.9,0.0,0.0,4.55,14.0,21.15,92,46,Kota Malang,-7.9797,112.6304
2020-09-28,29.4,22.1,24.7,0.3,0.3,4.63,18.7,21.84,93,55,Kota Malang,-7.9797,112.6304
2020-09-29,27.2,22.0,23.8,3.0,3.0,3.14,14.3,14.97,93,65,Kota Malang,-7.9797,112.6304
2020-09-30,29.0,21.7,24.4,1.1,1.1,4.24,10.8,20.92,93,51,Kota Malang,-7.9797,112.6304
2020-10-01,31.5,21.9,25.6,1.2,1.2,5.04,12.4,23.69,91,46,Kota Malang,-7.9797,112.6304
2020-10-02,30.8,22.6,25.4,2.5,2.5,4.59,10.4,21.67,94,46,Kota Malang,-7.9797,112.6304
2020-10-03,29.9,22.1,24.7,1.3,1.3,4.74,15.5,22.51,96,40,Kota Malang,-7.9797,112.6304
2020-10-04,25.6,21.8,23.0,15.3,15.3,2.63,16.3,13.87,94,77,Kota Malang,-7.9797,112.6304
2020-10-05,27.0,21.3,23.2,3.5,3.5,3.11,14.5,15.0,96,62,Kota Malang,-7.9797,112.6304
2020-10-06,27.3,21.0,23.2,8.0,8.0,3.6,18.3,18.46,96,64,Kota Malang,-7.9797,112.6304
2020-10-07,28.4,21.0,23.4,9.9,9.9,3.41,12.0,16.66,95,58,Kota Malang,-7.9797,112.6304
2020-10-08,27.2,21.3,23.2,6.2,6.2,3.4,15.2,17.47,95,70,Kota Malang,-7.9797,112.6304
2020-10-09,29.5,21.4,24.4,1.0,1.0,4.2,10.5,20.59,95,55,Kota Malang,-7.9797,112.6304
2020-10-10,25.2,22.2,23.4,36.7,36.7,1.91,10.4,9.53,96,85,Kota Malang,-7.9797,112.6304
2020-10-11,28.1,20.5,24.3,1.4,1.4,4.07,14.1,20.2,97,57,Kota Malang,-7.9797,112.6304
2020-10-12,27.9,22.4,24.2,4.1,4.1,3.63,10.7,17.76,99,64,Kota Malang,-7.9797,112.6304
2020-10-13,28.5,20.6,24.2,0.0,0.0,4.47,11.3,22.28,98,57,Kota Malang,-7.9797,112.6304
2020-10-14,27.9,21.2,24.3,3.4,3.4,3.39,10.2,16.79,93,64,Kota Malang,-7.9797,112.6304
2020-10-15,28.2,21.4,24.3,2.8,2.8,3.39,10.9,16.4,97,65,Kota Malang,-7.9797,112.6304
2020-10-16,28.2,22.0,24.2,0.8,0.8,3.4,13.8,16.26,97,66,Kota Malang,-7.9797,112.6304
2020-10-17,28.3,21.7,24.1,0.5,0.5,3.93,11.3,19.27,98,61,Kota Malang,-7.9797,112.6304
2020-10-18,28.6,20.7,24.1,1.1,1.1,4.21,12.8,21.06,94,54,Kota Malang,-7.9797,112.6304
2020-10-19,26.1,22.3,23.4,3.8,3.8,2.47,10.1,12.05,95,71,Kota Malang,-7.9797,112.6304
2020-10-20,28.0,21.7,24.0,4.4,4.4,3.26,12.6,15.91,99,67,Kota Malang,-7.9797,112.6304
2020-10-21,27.8,21.4,24.2,3.9,3.9,3.6,11.0,18.19,96,68,Kota Malang,-7.9797,112.6304
2020-10-22,28.1,21.1,24.2,3.3,3.3,3.79,8.9,19.08,96,68,Kota Malang,-7.9797,112.6304
2020-10-23,27.1,21.4,23.9,2.7,2.7,3.27,8.8,16.44,96,71,Kota Malang,-7.9797,112.6304
2020-10-24,28.9,21.7,24.7,0.7,0.7,4.08,10.6,20.12,98,57,Kota Malang,-7.9797,112.6304
2020-10-25,27.6,22.1,24.6,2.1,2.1,3.91,9.3,20.07,96,72,Kota Malang,-7.9797,112.6304
2020-10-26,27.7,22.5,24.6,9.5,9.5,3.65,10.0,18.33,98,67,Kota Malang,-7.9797,112.6304
2020-10-27,26.3,21.6,23.4,53.0,53.0,2.58,9.8,12.78,100,75,Kota Malang,-7.9797,112.6304
2020-10-28,29.0,21.4,24.1,1.6,1.6,4.23,9.8,21.2,96,57,Kota Malang,-7.9797,112.6304
2020-10-29,29.1,20.5,24.4,0.6,0.6,4.55,11.8,23.03,96,58,Kota Malang,-7.9797,112.6304
2020-10-30,30.3,21.2,25.1,0.8,0.8,4.3,17.1,20.22,97,53,Kota Malang,-7.9797,112.6304
2020-10-31,26.9,21.7,23.6,43.1,43.1,2.86,10.1,14.07,96,72,Kota Malang,-7.9797,112.6304
2020-11-01,27.8,21.9,24.0,37.8,37.8,3.17,11.6,15.7,96,71,Kota Malang,-7.9797,112.6304
2020-11-02,26.9,21.6,23.7,1.6,1.6,3.14,10.8,15.77,100,70,Kota Malang,-7.9797,112.6304
2020-11-03,27.7,21.9,24.2,3.9,3.9,3.27,12.2,16.69,100,69,Kota Malang,-7.9797,112.6304
2020-11-04,28.4,20.5,24.4,0.2,0.2,4.7,12.4,23.98,99,61,Kota Malang,-7.9797,112.6304
2020-11-05,30.0,22.2,25.2,0.5,0.5,4.82,12.7,23.57,99,53,Kota Malang,-7.9797,112.6304
2020-11-06,29.9,21.8,25.0,0.2,0.2,4.43,13.9,21.52,89,53,Kota Malang,-7.9797,112.6304
2020-11-07,29.1,22.1,25.4,0.0,0.0,4.77,9.4,23.22,95,59,Kota Malang,-7.9797,112.6304
2020-11-08,28.4,21.8,24.8,0.0,0.0,4.43,9.7,22.0,96,55,Kota Malang,-7.9797,112.6304
2020-11-09,27.9,21.8,24.7,4.7,4.7,3.37,9.3,16.53,96,70,Kota Malang,-7.9797,112.6304
2020-11-10,28.1,22.3,24.6,3.5,3.5,3.57,11.4,17.37,92,69,Kota Malang,-7.9797,112.6304
2020-11-11,27.2,22.4,24.3,4.8,4.8,3.11,9.3,15.57,95,75,Kota Malang,-7.9797,112.6304
2020-11-12,31.0,21.4,25.7,0.7,0.7,5.07,13.7,24.29,93,54,Kota Malang,-7.9797,112.6304
2020-11-13,29.9,22.1,25.3,4.4,4.4,4.44,10.7,22.37,94,61,Kota Malang,-7.9797,112.6304
2020-11-14,29.0,23.3,25.4,2.0,2.0,3.85,11.2,18.69,96,50,Kota Malang,-7.9797,112.6304
2020-11-15,27.8,21.8,24.5,0.7,0.7,3.39,10.2,16.16,93,58,Kota Malang,-7.9797,112.6304
2020-11-16,29.6,22.1,25.2,0.5,0.5,4.24,11.6,20.44,93,59,Kota Malang,-7.9797,112.6304
2020-11-17,29.1,23.1,24.9,10.3,10.3,3.53,12.2,16.8,94,65,Kota Malang,-7.9797,112.6304
2020-11-18,29.3,22.1,25.0,4.6,4.6,4.54,10.4,22.47,98,54,Kota Malang,-7.9797,112.6304
2020-11-19,29.5,22.1,25.1,1.7,1.7,3.82,11.8,18.69,96,59,Kota Malang,-7.9797,112.6304
2020-11-20,28.8,22.1,24.6,2.9,2.9,3.04,13.2,15.17,96,66,Kota Malang,-7.9797,112.6304
2020-11-21,28.4,22.4,24.8,1.4,1.4,3.38,8.7,16.34,98,66,Kota Malang,-7.9797,112.6304
2020-11-22,27.1,22.0,24.1,0.6,0.6,2.92,10.5,14.27,98,64,Kota Malang,-7.9797,112.6304
2020-11-23,28.1,22.4,24.0,6.6,6.6,2.79,11.0,13.94,97,70,Kota Malang,-7.9797,112.6304
2020-11-24,25.7,22.1,23.7,4.7,4.7,2.34,9.7,11.98,98,83,Kota Malang,-7.9797,112.6304
2020-11-25,26.8,21.5,23.6,13.8,13.8,2.53,10.3,12.67,99,72,Kota Malang,-7.9797,112.6304
2020-11-26,27.4,22.1,23.6,50.5,50.5,2.44,9.0,11.93,100,70,Kota Malang,-7.9797,112.6304
2020-11-27,25.2,21.4,23.2,13.6,13.6,1.74,6.1,8.42,100,83,Kota Malang,-7.9797,112.6304
2020-11-28,26.3,22.1,23.9,5.5,5.5,2.29,6.6,11.19,99,79,Kota Malang,-7.9797,112.6304
2020-11-29,25.4,22.4,23.5,14.6,14.6,1.76,7.4,8.43,100,81,Kota Malang,-7.9797,112.6304
2020-11-30,22.9,22.1,22.5,71.9,71.9,0.66,8.9,2.71,100,94,Kota Malang,-7.9797,112.6304
2020-12-01,28.0,21.7,24.3,6.9,6.9,4.37,9.8,22.16,100,65,Kota Malang,-7.9797,112.6304
2020-12-02,26.0,22.0,23.9,19.9,19.9,2.89,7.2,14.66,100,77,Kota Malang,-7.9797,112.6304
2020-12-03,25.3,22.2,23.5,31.5,31.5,1.68,7.6,8.22,98,87,Kota Malang,-7.9797,112.6304
2020-12-04,27.1,22.1,23.7,25.2,25.2,2.64,10.4,13.39,99,78,Kota Malang,-7.9797,112.6304
2020-12-05,26.9,22.1,23.6,50.9,50.9,2.23,8.2,10.7,100,81,Kota Malang,-7.9797,112.6304
2020-12-06,27.6,22.4,24.4,20.0,20.0,2.86,8.6,13.78,100,73,Kota Malang,-7.9797,112.6304
2020-12-07,27.2,22.1,24.0,17.7,17.7,1.95,7.4,9.21,100,73,Kota Malang,-7.9797,112.6304
2020-12-08,29.3,22.3,25.2,7.3,7.3,4.03,7.9,19.46,100,62,Kota Malang,-7.9797,112.6304
2020-12-09,27.4,22.3,24.5,3.0,3.0,2.94,10.2,14.4,100,74,Kota Malang,-7.9797,112.6304
2020-12-10,28.3,22.0,24.5,9.6,9.6,2.93,7.1,14.22,100,72,Kota Malang,-7.9797,112.6304
2020-12-11,27.8,22.7,24.4,41.2,41.2,3.04,9.3,15.19,99,74,Kota Malang,-7.9797,112.6304
2020-12-12,25.0,22.1,23.2,69.6,69.6,1.68,7.5,8.17,100,84,Kota Malang,-7.9797,112.6304
2020-12-13,26.5,21.9,23.5,29.7,29.7,2.2,9.0,10.7,99,77,Kota Malang,-7.9797,112.6304
2020-12-14,24.1,21.8,22.8,25.3,25.3,1.13,6.0,5.16,99,87,Kota Malang,-7.9797,112.6304
2020-12-15,25.9,21.5,23.2,20.2,20.2,2.04,10.5,10.47,100,80,Kota Malang,-7.9797,112.6304
2020-12-16,24.5,21.4,22.9,23.5,23.5,1.51,8.2,7.61,99,89,Kota Malang,-7.9797,112.6304
2020-12-17,26.4,21.5,23.4,8.9,8.9,2.76,9.7,14.09,99,78,Kota Malang,-7.9797,112.6304
2020-12-18,26.0,21.1,23.1,10.2,10.2,2.35,10.1,12.09,99,79,Kota Malang,-7.9797,112.6304
2020-12-19,26.5,20.8,23.0,4.0,4.0,2.51,9.8,12.51,100,71,Kota Malang,-7.9797,112.6304
2020-12-20,26.7,20.8,23.3,2.7,2.7,2.89,12.1,14.73,100,72,Kota Malang,-7.9797,112.6304
2020-12-21,28.5,19.6,23.8,1.5,1.5,4.41,14.7,22.56,100,60,Kota Malang,-7.9797,112.6304
2020-12-22,28.8,22.0,24.6,0.2,0.2,4.81,13.0,24.53,99,64,Kota Malang,-7.9797,112.6304
2020-12-23,27.2,22.1,24.1,4.4,4.4,4.21,11.7,22.16,99,69,Kota Malang,-7.9797,112.6304
2020-12-24,27.6,20.5,23.8,2.3,2.3,4.07,10.9,21.29,97,68,Kota Malang,-7.9797,112.6304
2020-12-25,27.2,21.4,23.7,35.1,35.1,3.68,10.1,19.27,98,77,Kota Malang,-7.9797,112.6304
2020-12-26,25.9,21.8,23.3,17.8,17.8,2.96,11.3,15.31,96,75,Kota Malang,-7.9797,112.6304
2020-12-27,26.6,22.1,24.0,24.0,24.0,3.08,7.9,15.92,99,79,Kota Malang,-7.9797,112.6304
2020-12-28,26.3,22.3,23.8,30.1,30.1,2.65,8.9,13.73,99,85,Kota Malang,-7.9797,112.6304
2020-12-29,27.1,22.0,23.8,27.4,27.4,2.75,8.6,13.83,99,77,Kota Malang,-7.9797,112.6304
2020-12-30,25.6,21.9,23.2,25.7,25.7,1.83,10.6,9.22,100,86,Kota Malang,-7.9797,112.6304
2020-12-31,26.9,21.7,23.5,33.0,33.0,2.77,7.1,13.64,99,73,Kota Malang,-7.9797,112.6304
2021-01-01,26.1,21.7,23.5,46.1,46.1,2.34,10.0,11.8,98,83,Kota Malang,-7.9797,112.6304
2021-01-02,25.6,22.0,23.2,37.7,37.7,1.91,8.6,9.47,100,85,Kota Malang,-7.9797,112.6304
2021-01-03,27.0,21.3,23.5,20.1,20.1,2.66,10.5,13.45,100,77,Kota Malang,-7.9797,112.6304
2021-01-04,25.7,21.9,23.4,14.0,14.0,1.85,6.2,9.18,99,85,Kota Malang,-7.9797,112.6304
2021-01-05,27.0,21.6,23.5,52.0,52.0,2.34,9.0,11.73,98,79,Kota Malang,-7.9797,112.6304
2021-01-06,26.7,21.8,23.8,23.7,23.7,2.74,9.4,13.84,98,79,Kota Malang,-7.9797,112.6304
2021-01-07,26.7,22.3,23.8,29.6,29.6,2.33,5.6,11.72,98,84,Kota Malang,-7.9797,112.6304
2021-01-08,25.0,22.5,23.7,9.5,9.5,1.73,5.9,7.88,95,80,Kota Malang,-7.9797,112.6304
2021-01-09,26.0,22.0,23.6,11.8,11.8,2.31,7.7,11.55,98,79,Kota Malang,-7.9797,112.6304
2021-01-10,25.4,22.4,23.5,103.2,103.2,1.58,7.0,7.48,98,85,Kota Malang,-7.9797,112.6304
2021-01-11,27.1,21.7,23.7,5.0,5.0,2.74,11.4,14.01,98,78,Kota Malang,-7.9797,112.6304
2021-01-12,27.2,22.3,23.9,50.7,50.7,2.69,8.2,13.48,99,77,Kota Malang,-7.9797,112.6304
2021-01-13,24.6,22.0,23.1,36.8,36.8,1.18,7.5,5.27,99,85,Kota Malang,-7.9797,112.6304
2021-01-14,25.9,22.0,23.5,5.6,5.6,2.65,10.6,13.49,99,74,Kota Malang,-7.9797,112.6304
2021-01-15,25.9,21.8,23.4,4.6,4.6,2.48,9.4,12.43,98,78,Kota Malang,-7.9797,112.6304
2021-01-16,25.2,21.9,23.0,15.6,15.6,1.55,7.5,7.27,100,83,Kota Malang,-7.9797,112.6304
2021-01-17,26.2,21.0,23.5,13.9,13.9,2.52,6.9,12.45,99,77,Kota Malang,-7.9797,112.6304
2021-01-18,27.3,21.7,23.6,24.5,24.5,2.62,10.2,13.0,99,70,Kota Malang,-7.9797,112.6304
2021-01-19,27.3,22.3,24.3,5.5,5.5,2.22,7.9,10.34,99,72,Kota Malang,-7.9797,112.6304
2021-01-20,27.0,22.1,24.3,1.0,1.0,2.64,4.8,12.73,99,72,Kota Malang,-7.9797,112.6304
2021-01-21,27.9,21.6,24.5,0.9,0.9,3.96,10.8,20.12,94,67,Kota Malang,-7.9797,112.6304
2021-01-22,27.1,21.0,23.7,5.3,5.3,3.26,11.5,16.91,99,74,Kota Malang,-7.9797,112.6304
2021-01-23,27.7,21.0,23.9,1.9,1.9,3.42,8.2,17.14,96,64,Kota Malang,-7.9797,112.6304
2021-01-24,27.3,21.3,23.7,7.8,7.8,2.94,10.5,14.54,93,68,Kota Malang,-7.9797,112.6304
2021-01-25,28.3,20.7,23.2,15.3,15.3,3.17,12.4,16.18,100,70,Kota Malang,-7.9797,112.6304
2021-01-26,27.9,20.4,23.4,11.0,11.0,3.71,14.8,19.03,100,70,Kota Malang,-7.9797,112.6304
2021-01-27,25.4,21.2,23.1,18.3,18.3,1.92,8.4,9.47,100,84,Kota Malang,-7.9797,112.6304
2021-01-28,26.8,21.5,23.8,5.9,5.9,2.82,5.1,13.85,100,72,Kota Malang,-7.9797,112.6304
2021-01-29,28.0,22.0,24.1,12.6,12.6,2.83,5.2,13.91,99,72,Kota Malang,-7.9797,112.6304
2021-01-30,26.9,22.0,23.8,9.2,9.2,2.52,4.3,12.28,100,73,Kota Malang,-7.9797,112.6304
2021-01-31,27.8,22.1,24.6,19.6,19.6,3.79,7.7,18.99,97,70,Kota Malang,-7.9797,112.6304
2021-02-01,29.1,21.8,24.8,11.4,11.4,4.12,8.8,20.42,98,59,Kota Malang,-7.9797,112.6304
2021-02-02,28.0,22.6,24.4,49.7,49.7,3.05,7.9,15.16,100,73,Kota Malang,-7.9797,112.6304
2021-02-03,28.2,22.2,24.2,25.5,25.5,2.91,8.3,14.26,100,71,Kota Malang,-7.9797,112.6304
2021-02-04,28.1,22.0,24.4,8.9,8.9,3.67,5.2,18.41,100,72,Kota Malang,-7.9797,112.6304
2021-02-05,27.2,21.8,23.8,8.7,8.7,2.39,7.9,12.02,99,77,Kota Malang,-7.9797,112.6304
2021-02-06,27.3,21.7,24.1,32.3,32.3,3.2,7.6,16.18,100,75,Kota Malang,-7.9797,112.6304
2021-02-07,28.7,21.6,24.6,15.3,15.3,4.12,7.4,20.75,99,68,Kota Malang,-7.9797,112.6304
2021-02-08,27.8,22.2,24.4,4.1,4.1,2.59,5.3,12.5,100,72,Kota Malang,-7.9797,112.6304
2021-02-09,27.7,22.4,24.3,40.8,40.8,3.43,9.4,17.53,100,76,Kota Malang,-7.9797,112.6304
2021-02-10,25.5,22.2,23.7,23.8,23.8,2.03,7.4,9.98,100,85,Kota Malang,-7.9797,112.6304
2021-02-11,27.0,21.9,23.6,7.7,7.7,2.44,8.0,12.43,100,77,Kota Malang,-7.9797,112.6304
2021-02-12,26.1,22.0,23.5,37.0,37.0,2.6,10.6,13.58,100,84,Kota Malang,-7.9797,112.6304
2021-02-13,26.9,22.1,23.7,27.1,27.1,2.64,7.9,13.35,100,76,Kota Malang,-7.9797,112.6304
2021-02-14,27.2,21.2,23.8,20.6,20.6,3.24,8.4,16.57,96,75,Kota Malang,-7.9797,112.6304
2021-02-15,27.6,21.5,24.1,40.2,40.2,3.55,9.3,18.08,96,75,Kota Malang,-7.9797,112.6304
2021-02-16,28.1,21.7,24.3,14.1,14.1,4.05,7.5,20.55,97,71,Kota Malang,-7.9797,112.6304
2021-02-17,27.7,20.8,23.6,8.2,8.2,3.28,11.3,16.69,100,75,Kota Malang,-7.9797,112.6304
2021-02-18,28.9,20.3,23.9,48.2,48.2,4.24,8.9,21.24,99,64,Kota Malang,-7.9797,112.6304
2021-02-19,27.6,21.9,24.0,56.5,56.5,3.01,11.9,15.3,99,73,Kota Malang,-7.9797,112.6304
2021-02-20,27.1,22.0,23.9,46.0,46.0,3.47,9.3,17.65,98,75,Kota Malang,-7.9797,112.6304
2021-02-21,28.0,21.4,23.9,11.5,11.5,3.26,8.6,16.33,97,67,Kota Malang,-7.9797,112.6304
2021-02-22,27.4,21.2,23.8,7.0,7.0,3.6,8.7,18.32,99,75,Kota Malang,-7.9797,112.6304
2021-02-23,27.9,21.1,23.6,7.5,7.5,2.97,13.2,14.88,99,68,Kota Malang,-7.9797,112.6304
2021-02-24,27.1,22.3,24.1,19.9,19.9,2.7,7.9,13.37,99,77,Kota Malang,-7.9797,112.6304
2021-02-25,27.3,21.8,23.9,11.2,11.2,3.22,13.4,16.58,95,74,Kota Malang,-7.9797,112.6304
2021-02-26,28.3,21.1,24.4,55.3,55.3,4.08,7.9,20.62,94,71,Kota Malang,-7.9797,112.6304
2021-02-27,28.1,21.3,23.7,25.5,25.5,2.73,10.9,13.8,95,73,Kota Malang,-7.9797,112.6304
2021-02-28,27.7,22.1,24.3,3.6,3.6,3.77,9.8,18.68,94,66,Kota Malang,-7.9797,112.6304
2021-03-01,28.3,20.9,24.3,7.1,7.1,4.03,10.1,20.25,92,62,Kota Malang,-7.9797,112.6304
2021-03-02,28.5,21.0,24.3,26.3,26.3,4.28,7.2,21.51,94,66,Kota Malang,-7.9797,112.6304
2021-03-03,27.5,21.3,24.0,25.7,25.7,3.52,7.6,17.91,98,74,Kota Malang,-7.9797,112.6304
2021-03-04,27.6,21.6,23.9,11.4,11.4,3.4,11.2,17.33,98,72,Kota Malang,-7.9797,112.6304
2021-03-05,27.1,21.0,23.5,1.3,1.3,3.09,8.3,15.43,97,72,Kota Malang,-7.9797,112.6304
2021-03-06,25.9,21.2,23.3,14.3,14.3,3.11,9.7,16.32,97,76,Kota Malang,-7.9797,112.6304
2021-03-07,26.5,21.6,23.3,38.1,38.1,2.62,10.7,13.46,99,76,Kota Malang,-7.9797,112.6304
2021-03-08,26.5,21.0,23.5,27.2,27.2,3.01,10.4,15.45,99,77,Kota Malang,-7.9797,112.6304
2021-03-09,26.3,21.4,23.5,41.0,41.0,2.42,7.0,12.15,100,79,Kota Malang,-7.9797,112.6304
2021-03-10,26.7,21.9,23.8,23.1,23.1,3.11,10.0,15.96,97,74,Kota Malang,-7.9797,112.6304
2021-03-11,27.1,21.8,23.9,47.3,47.3,3.18,7.9,16.11,100,77,Kota Malang,-7.9797,112.6304
2021-03-12,28.1,20.9,23.7,22.8,22.8,3.65,8.1,18.67,98,69,Kota Malang,-7.9797,112.6304
2021-03-13,27.4,20.6,23.6,15.3,15.3,3.59,9.0,18.54,97,72,Kota Malang,-7.9797,112.6304
2021-03-14,27.0,21.0,23.4,36.6,36.6,3.4,8.4,17.39,98,75,Kota Malang,-7.9797,112.6304
2021-03-15,26.8,21.2,23.5,3.0,3.0,3.13,10.4,16.15,95,73,Kota Malang,-7.9797,112.6304
2021-03-16,27.3,20.9,23.8,3.7,3.7,3.86,10.4,20.33,98,74,Kota Malang,-7.9797,112.6304
2021-03-17,27.2,21.2,23.8,6.5,6.5,3.6,10.0,18.62,98,74,Kota Malang,-7.9797,112.6304
2021-03-18,27.7,21.6,24.0,44.1,44.1,3.68,9.8,18.78,99,72,Kota Malang,-7.9797,112.6304
2021-03-19,28.4,21.1,24.0,16.5,16.5,3.84,9.8,19.83,100,75,Kota Malang,-7.9797,112.6304
2021-03-20,27.4,21.8,23.7,14.6,14.6,3.07,11.2,16.1,100,76,Kota Malang,-7.9797,112.6304
2021-03-21,28.6,21.2,24.2,3.9,3.9,4.1,8.8,20.87,100,64,Kota Malang,-7.9797,112.6304
2021-03-22,28.3,21.4,24.2,5.2,5.2,3.22,7.8,16.21,99,71,Kota Malang,-7.9797,112.6304
2021-03-23,27.1,22.0,24.0,21.6,21.6,3.09,7.6,15.72,99,78,Kota Malang,-7.9797,112.6304
2021-03-24,28.1,21.8,24.4,6.3,6.3,4.07,9.0,20.69,99,71,Kota Malang,-7.9797,112.6304
2021-03-25,27.0,22.4,24.0,51.4,51.4,3.18,9.0,16.35,99,82,Kota Malang,-7.9797,112.6304
2021-03-26,27.3,21.9,24.0,19.5,19.5,3.12,8.7,16.12,98,80,Kota Malang,-7.9797,112.6304
2021-03-27,27.5,22.3,24.1,12.3,12.3,3.18,9.9,16.2,99,74,Kota Malang,-7.9797,112.6304
2021-03-28,27.8,22.0,24.6,1.4,1.4,3.9,13.0,20.17,99,74,Kota Malang,-7.9797,112.6304
2021-03-29,26.8,22.3,24.3,0.8,0.8,3.45,8.7,17.51,98,73,Kota Malang,-7.9797,112.6304
2021-03-30,26.5,22.2,24.1,2.3,2.3,2.66,8.9,13.5,98,77,Kota Malang,-7.9797,112.6304
2021-03-31,27.6,22.6,24.3,2.3,2.3,3.45,7.6,17.48,97,77,Kota Malang,-7.9797,112.6304
2021-04-01,27.2,21.4,23.8,63.1,63.1,3.23,8.7,16.52,97,74,Kota Malang,-7.9797,112.6304
2021-04-02,27.3,22.6,24.3,30.2,30.2,2.42,4.8,11.76,98,77,Kota Malang,-7.9797,112.6304
2021-04-03,28.7,22.2,24.7,48.5,48.5,4.01,8.7,20.48,98,75,Kota Malang,-7.9797,112.6304
2021-04-04,28.5,22.5,24.6,39.9,39.9,3.44,7.1,17.19,96,73,Kota Malang,-7.9797,112.6304
2021-04-05,28.7,22.8,25.2,14.9,14.9,4.0,10.5,19.83,94,65,Kota Malang,-7.9797,112.6304
2021-04-06,27.9,22.5,24.6,38.9,38.9,2.95,9.5,14.56,96,75,Kota Malang,-7.9797,112.6304
2021-04-07,27.3,22.3,24.1,10.6,10.6,2.36,7.7,11.63,100,76,Kota Malang,-7.9797,112.6304
2021-04-08,29.0,21.5,24.8,2.2,2.2,3.79,10.4,18.52,92,62,Kota Malang,-7.9797,112.6304
2021-04-09,28.9,21.7,24.7,31.2,31.2,3.93,7.7,19.93,96,72,Kota Malang,-7.9797,112.6304
2021-04-10,27.5,22.3,24.4,4.5,4.5,3.38,11.0,17.0,95,71,Kota Malang,-7.9797,112.6304
2021-04-11,28.6,21.7,24.4,7.5,7.5,3.7,10.5,18.86,96,71,Kota Malang,-7.9797,112.6304
2021-04-12,27.9,21.4,24.4,3.8,3.8,3.85,9.6,19.89,92,70,Kota Malang,-7.9797,112.6304
2021-04-13,26.8,21.2,23.4,3.6,3.6,2.94,7.4,15.61,97,79,Kota Malang,-7.9797,112.6304
2021-04-14,27.5,20.6,23.4,0.6,0.6,3.81,9.7,19.88,94,70,Kota Malang,-7.9797,112.6304
2021-04-15,27.8,19.8,23.8,1.0,1.0,4.35,7.9,22.45,94,68,Kota Malang,-7.9797,112.6304
2021-04-16,27.2,21.6,24.3,0.2,0.2,3.93,12.4,19.83,91,62,Kota Malang,-7.9797,112.6304
2021-04-17,27.3,21.8,24.0,0.0,0.0,3.81,9.3,19.35,95,68,Kota Malang,-7.9797,112.6304
2021-04-18,26.7,21.8,23.6,14.0,14.0,3.0,10.4,15.55,94,74,Kota Malang,-7.9797,112.6304
2021-04-19,28.1,21.6,24.1,0.0,0.0,4.32,10.2,22.18,94,63,Kota Malang,-7.9797,112.6304
2021-04-20,27.8,20.7,23.7,0.0,0.0,4.85,14.8,25.09,93,52,Kota Malang,-7.9797,112.6304
2021-04-21,27.8,19.6,23.4,0.0,0.0,4.79,14.2,24.26,90,50,Kota Malang,-7.9797,112.6304
2021-04-22,27.6,19.5,23.2,0.0,0.0,4.66,8.4,24.07,91,57,Kota Malang,-7.9797,112.6304
2021-04-23,27.4,19.9,23.3,1.8,1.8,4.27,10.5,21.97,86,63,Kota Malang,-7.9797,112.6304
2021-04-24,28.1,19.3,23.6,3.9,3.9,4.56,8.2,23.72,94,63,Kota Malang,-7.9797,112.6304
2021-04-25,28.2,20.4,24.1,1.0,1.0,4.08,9.7,20.61,93,61,Kota Malang,-7.9797,112.6304
2021-04-26,27.9,20.9,24.3,1.3,1.3,4.51,11.2,23.09,93,58,Kota Malang,-7.9797,112.6304
2021-04-27,27.6,21.8,24.1,3.0,3.0,3.79,9.3,19.17,95,67,Kota Malang,-7.9797,112.6304
2021-04-28,26.2,21.6,23.4,10.4,10.4,3.54,8.3,18.59,96,77,Kota Malang,-7.9797,112.6304
2021-04-29,26.8,21.6,23.6,15.7,15.7,3.05,7.3,15.72,97,75,Kota Malang,-7.9797,112.6304
2021-04-30,26.6,21.2,23.6,0.8,0.8,3.14,9.7,16.23,100,73,Kota Malang,-7.9797,112.6304
2021-05-01,26.7,21.1,23.8,0.2,0.2,3.32,10.8,17.55,96,78,Kota Malang,-7.9797,112.6304
2021-05-02,28.0,21.7,24.3,2.8,2.8,3.47,11.6,17.77,98,71,Kota Malang,-7.9797,112.6304
2021-05-03,29.5,21.2,24.8,0.0,0.0,4.38,14.9,21.48,90,53,Kota Malang,-7.9797,112.6304
2021-05-04,28.0,20.7,24.2,2.2,2.2,3.48,10.5,17.47,95,70,Kota Malang,-7.9797,112.6304
2021-05-05,28.2,21.4,24.6,0.6,0.6,3.87,7.7,19.77,94,68,Kota Malang,-7.9797,112.6304
2021-05-06,27.8,20.9,24.4,0.0,0.0,3.71,7.7,18.97,95,64,Kota Malang,-7.9797,112.6304
2021-05-07,26.9,21.9,24.2,0.0,0.0,3.2,7.9,16.35,97,76,Kota Malang,-7.9797,112.6304
2021-05-08,27.6,21.1,23.7,0.0,0.0,4.18,10.8,21.6,96,64,Kota Malang,-7.9797,112.6304
2021-05-09,27.1,21.2,23.8,0.0,0.0,3.59,8.5,18.49,94,63,Kota Malang,-7.9797,112.6304
2021-05-10,27.4,21.8,24.3,0.0,0.0,3.7,8.4,19.08,96,66,Kota Malang,-7.9797,112.6304
2021-05-11,27.7,21.6,24.5,0.7,0.7,3.77,9.9,19.44,95,70,Kota Malang,-7.9797,112.6304
2021-05-12,27.5,22.1,24.2,3.4,3.4,3.49,10.5,17.74,100,65,Kota Malang,-7.9797,112.6304
2021-05-13,28.6,20.2,24.2,0.1,0.1,3.98,10.9,20.17,98,59,Kota Malang,-7.9797,112.6304
2021-05-14,28.6,21.2,24.4,0.0,0.0,4.06,7.6,20.56,91,57,Kota Malang,-7.9797,112.6304
2021-05-15,28.9,21.1,24.5,0.6,0.6,4.03,6.6,20.51,96,60,Kota Malang,-7.9797,112.6304
2021-05-16,27.7,22.2,24.4,0.7,0.7,3.3,7.8,16.43,96,67,Kota Malang,-7.9797,112.6304
2021-05-17,28.9,21.2,24.4,0.6,0.6,3.82,6.6,19.28,93,56,Kota Malang,-7.9797,112.6304
2021-05-18,29.0,20.9,24.5,4.7,4.7,3.83,6.8,19.13,96,59,Kota Malang,-7.9797,112.6304
2021-05-19,27.6,21.9,23.9,19.1,19.1,3.07,10.5,15.67,97,67,Kota Malang,-7.9797,112.6304
2021-05-20,27.5,21.5,24.1,6.2,6.2,3.31,7.9,16.77,94,68,Kota Malang,-7.9797,112.6304
2021-05-21,28.6,22.4,24.7,0.0,0.0,3.63,5.8,18.09,93,57,Kota Malang,-7.9797,112.6304
2021-05-22,27.8,21.6,24.3,0.8,0.8,3.63,5.9,18.47,96,66,Kota Malang,-7.9797,112.6304
2021-05-23,27.3,21.1,24.0,10.1,10.1,3.0,7.4,15.39,96,73,Kota Malang,-7.9797,112.6304
2021-05-24,27.8,21.2,24.1,20.5,20.5,3.39,7.6,17.46,97,71,Kota Malang,-7.9797,112.6304
2021-05-25,25.5,21.9,23.4,3.6,3.6,1.92,4.7,9.41,98,78,Kota Malang,-7.9797,112.6304
2021-05-26,29.5,20.5,24.5,0.0,0.0,4.16,15.3,20.49,89,56,Kota Malang,-7.9797,112.6304
2021-05-27,30.5,21.2,25.5,0.0,0.0,4.57,15.9,21.41,87,48,Kota Malang,-7.9797,112.6304
2021-05-28,28.1,22.4,24.4,1.8,1.8,3.41,11.8,17.54,100,69,Kota Malang,-7.9797,112.6304
2021-05-29,28.4,21.7,24.6,1.4,1.4,3.53,10.6,18.01,94,68,Kota Malang,-7.9797,112.6304
2021-05-30,27.4,21.5,24.1,13.4,13.4,3.12,5.9,16.11,96,75,Kota Malang,-7.9797,112.6304
2021-05-31,27.5,22.4,24.0,8.2,8.2,2.76,5.5,13.99,99,74,Kota Malang,-7.9797,112.6304
2021-06-01,28.3,21.1,24.3,0.4,0.4,3.71,5.0,19.0,100,67,Kota Malang,-7.9797,112.6304
2021-06-02,28.4,21.1,24.7,0.0,0.0,3.76,12.3,19.18,100,67,Kota Malang,-7.9797,112.6304
2021-06-03,29.5,21.2,24.7,0.0,0.0,4.27,12.2,20.97,89,58,Kota Malang,-7.9797,112.6304
2021-06-04,29.7,21.4,25.0,0.1,0.1,3.95,12.5,19.03,99,58,Kota Malang,-7.9797,112.6304
2021-06-05,28.5,21.5,24.7,0.5,0.5,3.44,11.9,17.04,96,66,Kota Malang,-7.9797,112.6304
2021-06-06,28.2,21.2,24.3,1.0,1.0,3.54,8.6,17.81,94,67,Kota Malang,-7.9797,112.6304
2021-06-07,28.9,20.7,24.2,0.0,0.0,3.9,8.6,19.72,97,60,Kota Malang,-7.9797,112.6304
2021-06-08,28.0,21.4,24.4,0.0,0.0,3.77,9.2,19.3,95,57,Kota Malang,-7.9797,112.6304
2021-06-09,28.3,21.5,24.4,2.4,2.4,3.43,9.7,17.33,98,66,Kota Malang,-7.9797,112.6304
2021-06-10,26.6,21.8,23.6,5.1,5.1,3.16,9.4,16.33,100,70,Kota Malang,-7.9797,112.6304
2021-06-11,27.2,21.2,23.7,1.1,1.1,3.27,8.3,17.09,96,72,Kota Malang,-7.9797,112.6304
2021-06-12,27.0,20.7,23.6,0.2,0.2,3.44,9.4,18.03,95,73,Kota Malang,-7.9797,112.6304
2021-06-13,27.9,21.1,23.9,0.0,0.0,3.34,10.1,17.13,92,68,Kota Malang,-7.9797,112.6304
2021-06-14,27.0,21.3,23.5,1.2,1.2,2.86,9.7,14.81,97,73,Kota Malang,-7.9797,112.6304
2021-06-15,27.5,20.8,23.8,0.6,0.6,3.11,11.8,16.05,92,72,Kota Malang,-7.9797,112.6304
2021-06-16,29.2,21.5,24.6,1.2,1.2,3.64,14.8,17.87,98,62,Kota Malang,-7.9797,112.6304
2021-06-17,26.6,21.5,23.5,1.4,1.4,2.38,6.5,12.01,100,69,Kota Malang,-7.9797,112.6304
2021-06-18,26.9,21.3,23.5,1.7,1.7,3.01,6.9,15.84,97,77,Kota Malang,-7.9797,112.6304
2021-06-19,26.7,21.3,23.5,3.8,3.8,2.67,9.3,13.83,98,77,Kota Malang,-7.9797,112.6304
2021-06-20,27.6,20.2,23.8,0.1,0.1,3.39,12.2,17.2,95,67,Kota Malang,-7.9797,112.6304
2021-06-21,25.6,21.2,23.2,2.6,2.6,2.58,9.0,13.46,98,77,Kota Malang,-7.9797,112.6304
2021-06-22,27.1,21.1,23.6,1.6,1.6,3.14,7.6,16.28,97,72,Kota Malang,-7.9797,112.6304
2021-06-23,26.8,20.1,23.2,3.1,3.1,2.81,12.0,14.66,97,73,Kota Malang,-7.9797,112.6304
2021-06-24,27.2,21.4,23.7,0.4,0.4,2.66,10.6,13.29,99,69,Kota Malang,-7.9797,112.6304
2021-06-25,26.7,20.3,23.3,4.2,4.2,2.63,9.7,13.56,97,73,Kota Malang,-7.9797,112.6304
2021-06-26,27.5,20.6,23.7,1.6,1.6,3.13,11.0,16.24,96,71,Kota Malang,-7.9797,112.6304
2021-06-27,27.7,20.6,23.9,0.0,0.0,3.37,9.4,17.05,95,65,Kota Malang,-7.9797,112.6304
2021-06-28,26.6,21.6,23.6,1.3,1.3,2.13,11.4,10.43,96,71,Kota Malang,-7.9797,112.6304
2021-06-29,27.1,20.0,23.4,0.0,0.0,3.34,10.9,17.04,91,66,Kota Malang,-7.9797,112.6304
2021-06-30,27.3,20.5,23.8,1.5,1.5,3.36,12.2,17.37,94,68,Kota Malang,-7.9797,112.6304
2021-07-01,27.4,20.5,23.5,0.0,0.0,3.37,10.8,17.16,96,63,Kota Malang,-7.9797,112.6304
2021-07-02,27.2,20.2,23.3,0.0,0.0,3.53,9.0,18.13,94,58,Kota Malang,-7.9797,112.6304
2021-07-03,27.0,20.8,23.5,0.2,0.2,2.73,10.0,13.54,95,66,Kota Malang,-7.9797,112.6304
2021-07-04,27.5,19.2,23.0,0.6,0.6,3.78,10.4,19.66,92,62,Kota Malang,-7.9797,112.6304
2021-07-05,27.0,19.1,22.6,0.0,0.0,4.06,15.6,20.92,92,57,Kota Malang,-7.9797,112.6304
2021-07-06,26.2,18.7,22.1,0.0,0.0,3.85,13.5,19.78,89,55,Kota Malang,-7.9797,112.6304
2021-07-07,27.1,17.3,22.4,0.1,0.1,3.8,12.6,19.83,89,59,Kota Malang,-7.9797,112.6304
2021-07-08,25.4,20.5,23.3,0.7,0.7,2.17,5.5,10.53,90,68,Kota Malang,-7.9797,112.6304
2021-07-09,27.2,21.1,23.8,14.4,14.4,3.16,10.5,16.02,97,66,Kota Malang,-7.9797,112.6304
2021-07-10,27.8,20.8,24.1,0.9,0.9,3.15,13.8,15.91,96,68,Kota Malang,-7.9797,112.6304
2021-07-11,29.9,20.9,24.7,0.0,0.0,4.41,18.2,20.08,92,42,Kota Malang,-7.9797,112.6304
2021-07-12,28.5,20.9,24.4,0.0,0.0,3.89,11.8,18.84,93,51,Kota Malang,-7.9797,112.6304
2021-07-13,27.2,22.1,23.9,0.2,0.2,2.95,13.0,14.14,98,64,Kota Malang,-7.9797,112.6304
2021-07-14,27.9,20.7,23.6,0.0,0.0,3.49,14.5,16.79,97,57,Kota Malang,-7.9797,112.6304
2021-07-15,26.7,20.5,23.1,0.5,0.5,3.51,17.2,16.68,94,57,Kota Malang,-7.9797,112.6304
2021-07-16,26.5,20.7,22.9,0.0,0.0,3.18,9.6,16.06,91,56,Kota Malang,-7.9797,112.6304
2021-07-17,27.5,19.7,23.1,0.1,0.1,3.52,10.6,17.62,95,53,Kota Malang,-7.9797,112.6304
2021-07-18,27.9,19.5,23.3,0.0,0.0,3.46,10.5,17.21,97,58,Kota Malang,-7.9797,112.6304
2021-07-19,29.7,20.3,24.2,0.3,0.3,4.06,10.8,19.82,98,49,Kota Malang,-7.9797,112.6304
2021-07-20,29.8,21.1,24.8,0.1,0.1,4.28,10.7,20.71,86,47,Kota Malang,-7.9797,112.6304
2021-07-21,28.4,20.0,24.0,0.0,0.0,3.82,10.5,18.63,89,56,Kota Malang,-7.9797,112.6304
2021-07-22,28.5,19.1,23.7,0.0,0.0,3.63,9.1,17.41,95,43,Kota Malang,-7.9797,112.6304
2021-07-23,27.2,21.4,23.6,1.7,1.7,3.28,14.9,16.64,98,62,Kota Malang,-7.9797,112.6304
2021-07-24,28.8,20.5,23.6,0.0,0.0,4.0,13.3,20.03,97,46,Kota Malang,-7.9797,112.6304
2021-07-25,28.5,18.8,23.0,0.0,0.0,4.36,15.2,21.96,90,46,Kota Malang,-7.9797,112.6304
2021-07-26,30.2,18.0,23.7,0.0,0.0,4.63,9.7,22.49,96,31,Kota Malang,-7.9797,112.6304
2021-07-27,28.6,18.1,23.1,0.0,0.0,4.63,8.2,23.09,98,36,Kota Malang,-7.9797,112.6304
2021-07-28,27.2,20.8,23.2,0.0,0.0,3.67,11.6,18.55,94,57,Kota Malang,-7.9797,112.6304
2021-07-29,28.7,20.2,23.7,0.1,0.1,3.97,14.5,19.57,97,48,Kota Malang,-7.9797,112.6304
2021-07-30,28.1,22.0,24.1,0.7,0.7,3.53,9.7,17.32,95,56,Kota Malang,-7.9797,112.6304
2021-07-31,27.7,21.9,23.8,11.4,11.4,3.36,11.3,16.93,97,68,Kota Malang,-7.9797,112.6304
2021-08-01,26.5,21.3,23.2,4.2,4.2,3.1,14.8,15.91,95,71,Kota Malang,-7.9797,112.6304
2021-08-02,26.2,21.0,22.8,14.1,14.1,2.52,13.0,13.08,96,72,Kota Malang,-7.9797,112.6304
2021-08-03,26.2,21.6,23.3,2.1,2.1,2.77,11.3,14.33,98,77,Kota Malang,-7.9797,112.6304
2021-08-04,27.5,20.7,23.8,0.4,0.4,3.66,11.7,18.96,97,64,Kota Malang,-7.9797,112.6304
2021-08-05,29.7,21.5,24.6,0.4,0.4,4.05,12.7,19.59,98,49,Kota Malang,-7.9797,112.6304
2021-08-06,30.7,20.6,24.8,0.1,0.1,4.63,17.8,21.41,86,47,Kota Malang,-7.9797,112.6304
2021-08-07,30.7,20.0,24.8,0.1,0.1,4.67,16.1,22.36,93,49,Kota Malang,-7.9797,112.6304
2021-08-08,29.5,20.8,24.6,0.4,0.4,4.3,8.9,21.31,98,54,Kota Malang,-7.9797,112.6304
2021-08-09,28.4,21.0,24.1,0.8,0.8,4.03,9.4,20.79,98,65,Kota Malang,-7.9797,112.6304
2021-08-10,27.7,21.8,23.7,0.0,0.0,3.85,15.8,19.29,97,64,Kota Malang,-7.9797,112.6304
2021-08-11,27.0,19.9,23.0,0.0,0.0,3.74,13.8,18.44,94,54,Kota Malang,-7.9797,112.6304
2021-08-12,27.8,20.2,23.2,3.6,3.6,3.45,14.3,17.56,95,63,Kota Malang,-7.9797,112.6304
2021-08-13,27.7,20.6,23.7,2.7,2.7,3.4,10.5,17.04,96,63,Kota Malang,-7.9797,112.6304
2021-08-14,27.9,21.9,24.0,4.3,4.3,3.91,10.2,19.91,96,59,Kota Malang,-7.9797,112.6304
2021-08-15,28.5,20.9,24.0,0.3,0.3,4.05,13.4,20.4,98,56,Kota Malang,-7.9797,112.6304
2021-08-16,27.5,21.4,23.9,0.4,0.4,3.92,10.1,20.03,94,66,Kota Malang,-7.9797,112.6304
2021-08-17,27.5,20.9,23.8,0.0,0.0,4.04,10.6,20.47,94,57,Kota Malang,-7.9797,112.6304
2021-08-18,26.7,21.4,23.5,1.6,1.6,3.12,9.5,15.75,98,68,Kota Malang,-7.9797,112.6304
2021-08-19,26.9,21.1,23.1,0.7,0.7,3.53,11.3,17.52,98,62,Kota Malang,-7.9797,112.6304
2021-08-20,26.5,20.7,23.0,2.2,2.2,3.01,9.8,15.27,94,66,Kota Malang,-7.9797,112.6304
2021-08-21,26.4,20.8,23.1,2.7,2.7,2.65,10.5,13.27,95,73,Kota Malang,-7.9797,112.6304
2021-08-22,27.0,21.3,23.4,0.1,0.1,3.06,10.8,15.14,96,70,Kota Malang,-7.9797,112.6304
2021-08-23,27.3,20.0,23.1,0.0,0.0,4.16,13.2,21.16,98,56,Kota Malang,-7.9797,112.6304
2021-08-24,26.7,20.2,22.7,0.0,0.0,3.97,15.1,20.47,99,60,Kota Malang,-7.9797,112.6304
2021-08-25,26.9,20.7,22.9,0.5,0.5,3.57,13.3,17.8,94,62,Kota Malang,-7.9797,112.6304
2021-08-26,26.5,20.2,22.5,0.0,0.0,4.04,13.8,20.75,94,58,Kota Malang,-7.9797,112.6304
2021-08-27,27.3,18.1,22.4,0.3,0.3,3.99,15.6,20.57,97,57,Kota Malang,-7.9797,112.6304
2021-08-28,27.5,21.0,23.6,0.3,0.3,3.86,11.2,19.26,95,64,Kota Malang,-7.9797,112.6304
2021-08-29,28.3,20.8,23.5,2.8,2.8,3.91,14.6,19.92,96,62,Kota Malang,-7.9797,112.6304
2021-08-30,28.3,21.4,24.0,1.2,1.2,3.71,13.6,18.13,96,56,Kota Malang,-7.9797,112.6304
2021-08-31,27.6,21.4,23.7,0.3,0.3,3.82,11.5,19.44,95,62,Kota Malang,-7.9797,112.6304
2021-09-01,28.7,20.8,23.6,0.0,0.0,4.1,12.3,20.1,96,56,Kota Malang,-7.9797,112.6304
2021-09-02,27.4,20.7,23.0,0.2,0.2,4.39,15.1,22.17,97,57,Kota Malang,-7.9797,112.6304
2021-09-03,26.9,20.6,22.8,1.0,1.0,3.56,15.5,17.85,95,60,Kota Malang,-7.9797,112.6304
2021-09-04,26.6,20.7,22.8,2.2,2.2,3.35,15.1,17.21,95,64,Kota Malang,-7.9797,112.6304
2021-09-05,26.7,20.9,23.4,0.1,0.1,3.22,11.5,15.16,95,55,Kota Malang,-7.9797,112.6304
2021-09-06,28.9,19.6,24.2,0.2,0.2,4.38,10.1,21.57,85,51,Kota Malang,-7.9797,112.6304
2021-09-07,28.1,20.9,24.0,0.5,0.5,3.45,16.3,16.37,93,60,Kota Malang,-7.9797,112.6304
2021-09-08,29.0,21.4,24.1,0.0,0.0,4.36,18.5,20.84,94,54,Kota Malang,-7.9797,112.6304
2021-09-09,29.1,20.0,23.8,0.4,0.4,4.65,13.0,22.53,94,50,Kota Malang,-7.9797,112.6304
2021-09-10,29.3,20.5,24.2,0.4,0.4,4.64,14.7,22.89,95,55,Kota Malang,-7.9797,112.6304
2021-09-11,27.5,22.1,23.9,6.5,6.5,2.94,11.0,14.28,98,65,Kota Malang,-7.9797,112.6304
2021-09-12,25.8,21.3,23.1,18.9,18.9,2.45,11.1,12.45,98,79,Kota Malang,-7.9797,112.6304
2021-09-13,28.8,21.0,24.5,0.0,0.0,3.68,17.1,17.47,95,59,Kota Malang,-7.9797,112.6304
2021-09-14,28.8,21.9,24.3,3.7,3.7,3.59,10.1,17.83,96,65,Kota Malang,-7.9797,112.6304
2021-09-15,30.7,21.6,25.1,2.1,2.1,4.46,10.4,21.55,99,51,Kota Malang,-7.9797,112.6304
2021-09-16,28.4,22.1,24.5,0.6,0.6,3.94,10.5,19.5,97,60,Kota Malang,-7.9797,112.6304
2021-09-17,28.5,21.0,24.3,3.3,3.3,4.45,16.1,22.26,95,52,Kota Malang,-7.9797,112.6304
2021-09-18,28.2,21.7,24.5,1.0,1.0,4.33,12.7,21.3,95,49,Kota Malang,-7.9797,112.6304
2021-09-19,27.5,21.5,23.9,1.3,1.3,3.8,14.2,18.59,92,57,Kota Malang,-7.9797,112.6304
2021-09-20,27.7,21.2,23.8,1.0,1.0,3.95,14.1,19.25,96,59,Kota Malang,-7.9797,112.6304
2021-09-21,27.0,21.4,23.7,0.6,0.6,3.11,11.2,15.34,97,65,Kota Malang,-7.9797,112.6304
2021-09-22,30.4,20.2,25.0,0.5,0.5,5.14,13.4,24.13,94,45,Kota Malang,-7.9797,112.6304
2021-09-23,27.8,20.0,24.1,2.9,2.9,3.94,6.8,19.4,97,56,Kota Malang,-7.9797,112.6304
2021-09-24,28.5,21.7,24.3,0.0,0.0,2.99,12.0,13.07,99,55,Kota Malang,-7.9797,112.6304
2021-09-25,29.2,20.5,24.3,16.0,16.0,4.36,11.5,21.68,95,59,Kota Malang,-7.9797,112.6304
2021-09-26,27.4,21.9,23.6,16.6,16.6,3.33,11.4,16.37,95,64,Kota Malang,-7.9797,112.6304
2021-09-27,28.0,20.7,23.5,0.1,0.1,4.05,13.1,20.25,96,60,Kota Malang,-7.9797,112.6304
2021-09-28,26.6,20.6,23.0,0.0,0.0,3.74,12.2,18.98,92,67,Kota Malang,-7.9797,112.6304
2021-09-29,28.6,20.2,23.9,0.0,0.0,4.43,11.7,22.12,97,61,Kota Malang,-7.9797,112.6304
2021-09-30,27.0,20.8,23.7,0.2,0.2,3.5,13.3,17.9,96,72,Kota Malang,-7.9797,112.6304
2021-10-01,28.3,21.2,23.9,0.4,0.4,3.74,13.4,18.35,99,62,Kota Malang,-7.9797,112.6304
2021-10-02,28.2,20.0,23.3,0.9,0.9,3.53,13.3,17.11,100,60,Kota Malang,-7.9797,112.6304
2021-10-03,28.2,21.5,23.6,9.3,9.3,3.9,12.5,19.56,97,65,Kota Malang,-7.9797,112.6304
2021-10-04,26.7,21.3,23.0,22.3,22.3,2.89,11.2,14.98,97,73,Kota Malang,-7.9797,112.6304
2021-10-05,26.3,20.8,22.6,12.4,12.4,2.85,13.7,14.92,99,71,Kota Malang,-7.9797,112.6304
2021-10-06,25.0,20.5,22.1,10.9,10.9,2.39,15.1,12.16,98,77,Kota Malang,-7.9797,112.6304
2021-10-07,26.5,19.9,22.6,1.1,1.1,3.71,11.6,19.35,94,69,Kota Malang,-7.9797,112.6304
2021-10-08,27.7,20.8,23.2,0.0,0.0,3.78,13.7,19.15,94,65,Kota Malang,-7.9797,112.6304
2021-10-09,27.3,21.2,23.4,2.0,2.0,3.84,13.9,19.88,97,69,Kota Malang,-7.9797,112.6304
2021-10-10,28.3,21.5,23.9,0.0,0.0,3.51,14.4,16.82,95,62,Kota Malang,-7.9797,112.6304
2021-10-11,28.8,20.7,23.6,1.2,1.2,4.38,16.8,22.42,99,58,Kota Malang,-7.9797,112.6304
2021-10-12,28.8,21.1,23.8,0.0,0.0,4.45,14.0,22.18,95,59,Kota Malang,-7.9797,112.6304
2021-10-13,29.2,20.7,23.8,0.0,0.0,4.46,12.9,21.71,94,56,Kota Malang,-7.9797,112.6304
2021-10-14,29.3,20.9,24.3,0.6,0.6,4.27,11.2,20.65,96,59,Kota Malang,-7.9797,112.6304
2021-10-15,30.7,20.5,24.8,1.9,1.9,4.74,11.9,22.95,99,53,Kota Malang,-7.9797,112.6304
2021-10-16,29.9,22.3,25.1,0.8,0.8,4.42,13.1,21.44,95,61,Kota Malang,-7.9797,112.6304
2021-10-17,28.8,22.2,24.7,10.8,10.8,3.57,8.5,17.49,96,62,Kota Malang,-7.9797,112.6304
2021-10-18,31.2,21.4,25.2,2.6,2.6,4.6,17.8,21.71,94,50,Kota Malang,-7.9797,112.6304
2021-10-19,29.0,22.0,24.5,9.9,9.9,3.58,10.8,17.75,96,65,Kota Malang,-7.9797,112.6304
2021-10-20,28.5,22.5,25.0,2.8,2.8,3.29,11.7,15.96,91,63,Kota Malang,-7.9797,112.6304
2021-10-21,30.1,22.2,25.3,1.2,1.2,4.51,12.3,22.01,92,47,Kota Malang,-7.9797,112.6304
2021-10-22,29.9,22.3,25.2,0.5,0.5,4.17,12.2,20.0,93,49,Kota Malang,-7.9797,112.6304
2021-10-23,31.2,21.7,25.3,2.2,2.2,4.81,11.9,22.94,93,53,Kota Malang,-7.9797,112.6304
2021-10-24,31.0,22.5,25.3,0.4,0.4,3.83,12.6,17.75,94,53,Kota Malang,-7.9797,112.6304
2021-10-25,29.7,22.1,24.6,4.9,4.9,4.06,10.1,19.84,96,59,Kota Malang,-7.9797,112.6304
2021-10-26,30.2,22.4,24.5,2.8,2.8,3.91,15.2,19.38,94,55,Kota Malang,-7.9797,112.6304
2021-10-27,29.1,22.5,24.5,6.5,6.5,3.59,10.8,17.56,95,62,Kota Malang,-7.9797,112.6304
2021-10-28,28.9,21.5,24.4,0.6,0.6,3.72,10.2,18.54,97,65,Kota Malang,-7.9797,112.6304
2021-10-29,28.2,21.8,24.3,3.8,3.8,3.12,12.6,15.49,96,63,Kota Malang,-7.9797,112.6304
2021-10-30,27.3,22.3,24.3,2.6,2.6,3.17,10.5,15.84,95,73,Kota Malang,-7.9797,112.6304
2021-10-31,29.4,21.5,24.6,4.1,4.1,4.16,10.9,20.76,99,63,Kota Malang,-7.9797,112.6304
2021-11-01,28.6,22.0,24.3,18.0,18.0,3.35,10.4,16.46,98,70,Kota Malang,-7.9797,112.6304
2021-11-02,28.8,22.0,23.7,14.2,14.2,2.83,12.7,14.35,96,68,Kota Malang,-7.9797,112.6304
2021-11-03,29.4,21.4,24.5,3.8,3.8,4.03,9.5,20.19,97,60,Kota Malang,-7.9797,112.6304
2021-11-04,29.4,21.7,24.1,10.9,10.9,3.21,11.8,16.12,96,60,Kota Malang,-7.9797,112.6304
2021-11-05,29.7,21.2,24.9,0.5,0.5,4.02,17.3,19.07,98,59,Kota Malang,-7.9797,112.6304
2021-11-06,29.9,21.5,25.0,2.8,2.8,3.94,11.3,18.95,96,55,Kota Malang,-7.9797,112.6304
2021-11-07,30.7,21.5,25.3,0.4,0.4,4.33,9.7,20.65,98,55,Kota Malang,-7.9797,112.6304
2021-11-08,28.5,22.4,24.5,5.9,5.9,3.51,9.9,17.6,95,68,Kota Malang,-7.9797,112.6304
2021-11-09,28.6,22.3,24.6,6.8,6.8,3.39,10.5,16.96,96,67,Kota Malang,-7.9797,112.6304
2021-11-10,26.4,22.5,23.8,10.8,10.8,2.42,11.6,12.32,97,81,Kota Malang,-7.9797,112.6304
2021-11-11,25.3,22.3,23.1,20.3,20.3,1.46,10.8,7.11,98,86,Kota Malang,-7.9797,112.6304
2021-11-12,26.5,21.8,23.5,3.2,3.2,2.4,10.6,11.86,99,78,Kota Malang,-7.9797,112.6304
2021-11-13,27.1,22.2,23.7,21.5,21.5,2.53,9.4,12.47,99,77,Kota Malang,-7.9797,112.6304
2021-11-14,25.1,21.9,23.0,6.4,6.4,1.71,5.9,8.41,98,84,Kota Malang,-7.9797,112.6304
2021-11-15,27.0,21.5,23.5,31.4,31.4,2.7,7.7,13.24,99,73,Kota Malang,-7.9797,112.6304
2021-11-16,27.4,21.2,23.8,2.9,2.9,3.05,7.7,15.1,97,72,Kota Malang,-7.9797,112.6304
2021-11-17,28.3,21.3,24.2,3.7,3.7,3.42,11.2,17.16,98,69,Kota Malang,-7.9797,112.6304
2021-11-18,28.2,21.4,24.2,3.6,3.6,3.88,9.9,19.85,95,66,Kota Malang,-7.9797,112.6304
2021-11-19,27.9,21.4,24.1,2.7,2.7,4.02,11.2,20.67,97,67,Kota Malang,-7.9797,112.6304
2021-11-20,24.7,21.2,22.9,16.9,16.9,1.24,5.9,5.82,100,85,Kota Malang,-7.9797,112.6304
2021-11-21,27.9,21.3,23.9,12.7,12.7,3.48,7.4,18.0,99,75,Kota Malang,-7.9797,112.6304
2021-11-22,28.1,21.5,24.3,28.1,28.1,3.38,9.2,16.97,96,70,Kota Malang,-7.9797,112.6304
2021-11-23,27.5,22.1,24.1,41.5,41.5,3.1,9.0,15.67,98,75,Kota Malang,-7.9797,112.6304
2021-11-24,27.6,21.9,24.2,9.3,9.3,3.28,11.8,16.65,96,76,Kota Malang,-7.9797,112.6304
2021-11-25,26.7,21.5,23.8,12.9,12.9,2.87,11.4,14.77,98,78,Kota Malang,-7.9797,112.6304
2021-11-26,26.0,21.4,23.5,8.7,8.7,2.42,10.2,12.55,98,82,Kota Malang,-7.9797,112.6304
2021-11-27,26.5,21.5,23.7,11.2,11.2,2.63,9.1,13.32,98,77,Kota Malang,-7.9797,112.6304
2021-11-28,24.8,21.8,22.9,18.0,18.0,1.79,9.5,8.64,100,79,Kota Malang,-7.9797,112.6304
2021-11-29,26.4,21.2,23.3,10.3,10.3,3.09,11.3,15.98,95,74,Kota Malang,-7.9797,112.6304
2021-11-30,27.0,21.2,23.3,16.4,16.4,2.94,8.6,15.12,96,78,Kota Malang,-7.9797,112.6304
2021-12-01,25.4,21.1,23.1,13.4,13.4,2.32,10.2,12.03,100,84,Kota Malang,-7.9797,112.6304
2021-12-02,28.0,21.7,24.1,13.0,13.0,3.33,10.5,16.86,99,72,Kota Malang,-7.9797,112.6304
2021-12-03,27.1,21.8,23.9,21.0,21.0,2.75,8.4,13.69,100,75,Kota Malang,-7.9797,112.6304
2021-12-04,25.4,22.2,23.5,69.5,69.5,1.86,6.9,9.16,98,82,Kota Malang,-7.9797,112.6304
2021-12-05,27.1,22.0,23.5,59.6,59.6,2.2,7.2,10.68,99,77,Kota Malang,-7.9797,112.6304
2021-12-06,26.4,22.0,23.8,18.9,18.9,2.05,7.2,9.94,99,82,Kota Malang,-7.9797,112.6304
2021-12-07,28.3,22.5,24.5,8.5,8.5,3.72,9.2,18.67,96,70,Kota Malang,-7.9797,112.6304
2021-12-08,28.9,22.1,24.5,12.9,12.9,3.92,9.4,19.7,97,70,Kota Malang,-7.9797,112.6304
2021-12-09,28.1,22.1,24.6,3.5,3.5,4.13,11.2,21.2,99,75,Kota Malang,-7.9797,112.6304
2021-12-10,28.9,21.5,24.4,2.2,2.2,4.27,10.5,21.72,99,66,Kota Malang,-7.9797,112.6304
2021-12-11,27.8,20.8,24.2,2.7,2.7,4.11,12.6,21.51,100,72,Kota Malang,-7.9797,112.6304
2021-12-12,27.9,21.3,23.9,6.0,6.0,3.87,12.0,20.19,100,68,Kota Malang,-7.9797,112.6304
2021-12-13,29.1,20.6,24.7,0.1,0.1,4.94,12.6,25.16,98,65,Kota Malang,-7.9797,112.6304
2021-12-14,27.3,22.3,24.3,1.5,1.5,3.42,12.0,17.74,98,79,Kota Malang,-7.9797,112.6304
2021-12-15,25.8,22.8,23.6,44.6,44.6,1.71,8.4,8.34,96,82,Kota Malang,-7.9797,112.6304
2021-12-16,27.1,22.5,24.3,2.7,2.7,3.24,7.7,16.48,99,76,Kota Malang,-7.9797,112.6304
2021-12-17,28.1,22.3,24.4,10.6,10.6,3.45,9.7,17.58,99,71,Kota Malang,-7.9797,112.6304
2021-12-18,27.4,21.4,23.9,1.7,1.7,3.3,8.9,16.76,96,73,Kota Malang,-7.9797,112.6304
2021-12-19,26.8,22.0,24.0,2.1,2.1,3.0,6.8,15.08,97,72,Kota Malang,-7.9797,112.6304
2021-12-20,25.9,22.0,23.6,7.5,7.5,2.69,9.1,13.53,99,75,Kota Malang,-7.9797,112.6304
2021-12-21,28.5,22.2,24.8,3.8,3.8,3.36,17.4,16.69,96,67,Kota Malang,-7.9797,112.6304
2021-12-22,28.9,22.0,24.9,1.5,1.5,4.18,7.6,20.79,99,70,Kota Malang,-7.9797,112.6304
2021-12-23,27.7,21.6,24.1,11.3,11.3,3.48,9.0,17.73,99,76,Kota Malang,-7.9797,112.6304
2021-12-24,28.5,21.4,24.1,14.2,14.2,4.04,8.7,20.61,100,74,Kota Malang,-7.9797,112.6304
2021-12-25,27.5,20.6,23.9,9.0,9.0,3.51,10.9,18.03,99,76,Kota Malang,-7.9797,112.6304
2021-12-26,28.0,21.3,24.0,1.4,1.4,3.2,11.8,16.38,100,77,Kota Malang,-7.9797,112.6304
2021-12-27,28.2,21.2,24.2,2.4,2.4,3.68,11.2,18.68,100,69,Kota Malang,-7.9797,112.6304
2021-12-28,28.4,20.7,24.0,1.1,1.1,3.98,9.5,20.49,100,72,Kota Malang,-7.9797,112.6304
2021-12-29,27.5,21.1,24.0,1.7,1.7,3.69,8.8,18.68,100,70,Kota Malang,-7.9797,112.6304
2021-12-30,27.0,21.4,23.9,2.6,2.6,3.42,8.1,17.81,100,77,Kota Malang,-7.9797,112.6304
2021-12-31,27.1,21.6,23.6,16.6,16.6,3.03,10.0,15.78,98,81,Kota Malang,-7.9797,112.6304
2022-01-01,27.8,20.9,23.6,20.7,20.7,3.19,7.4,16.07,98,74,Kota Malang,-7.9797,112.6304
2022-01-02,26.9,21.6,23.6,3.8,3.8,3.48,10.5,18.54,97,78,Kota Malang,-7.9797,112.6304
2022-01-03,27.4,20.8,23.7,1.5,1.5,4.38,13.2,22.89,100,67,Kota Malang,-7.9797,112.6304
2022-01-04,26.9,21.6,23.7,8.2,8.2,3.55,10.9,18.48,98,72,Kota Malang,-7.9797,112.6304
2022-01-05,27.3,21.0,23.8,4.2,4.2,4.02,10.1,20.87,94,69,Kota Malang,-7.9797,112.6304
2022-01-06,28.4,20.4,24.2,0.6,0.6,4.89,10.6,24.97,92,65,Kota Malang,-7.9797,112.6304
2022-01-07,27.8,20.3,23.8,1.1,1.1,4.36,12.7,21.87,93,55,Kota Malang,-7.9797,112.6304
2022-01-08,28.5,20.1,24.0,1.9,1.9,4.74,7.2,24.05,98,61,Kota Malang,-7.9797,112.6304
2022-01-09,26.6,20.8,23.7,13.6,13.6,3.55,10.5,18.56,99,78,Kota Malang,-7.9797,112.6304
2022-01-10,27.5,21.2,23.5,47.9,47.9,3.58,8.1,18.62,99,78,Kota Malang,-7.9797,112.6304
2022-01-11,26.6,21.3,23.3,59.7,59.7,2.58,8.1,13.25,98,78,Kota Malang,-7.9797,112.6304
2022-01-12,28.4,21.7,24.4,17.3,17.3,3.69,6.7,18.27,97,72,Kota Malang,-7.9797,112.6304
2022-01-13,26.8,22.1,23.9,18.6,18.6,2.26,5.6,10.84,97,74,Kota Malang,-7.9797,112.6304
2022-01-14,29.2,20.9,24.6,2.2,2.2,4.18,8.0,20.78,97,64,Kota Malang,-7.9797,112.6304
2022-01-15,27.8,21.2,24.0,6.8,6.8,3.08,9.4,15.35,96,68,Kota Malang,-7.9797,112.6304
2022-01-16,27.3,22.0,23.8,25.5,25.5,2.85,8.9,14.28,98,74,Kota Malang,-7.9797,112.6304
2022-01-17,28.3,21.7,23.9,13.8,13.8,3.31,9.9,16.85,100,67,Kota Malang,-7.9797,112.6304
2022-01-18,27.3,21.5,23.3,17.3,17.3,3.14,9.8,16.53,100,79,Kota Malang,-7.9797,112.6304
2022-01-19,27.9,21.8,23.5,23.5,23.5,3.26,8.6,16.93,98,77,Kota Malang,-7.9797,112.6304
2022-01-20,25.3,21.4,22.6,20.9,20.9,1.96,10.0,10.07,100,86,Kota Malang,-7.9797,112.6304
2022-01-21,28.3,21.3,23.8,6.3,6.3,3.8,9.1,18.88,100,68,Kota Malang,-7.9797,112.6304
2022-01-22,27.5,20.9,23.5,19.6,19.6,2.87,8.3,14.66,100,73,Kota Malang,-7.9797,112.6304
2022-01-23,28.4,21.5,24.1,5.6,5.6,3.48,10.6,17.73,100,71,Kota Malang,-7.9797,112.6304
2022-01-24,29.7,20.9,24.7,1.1,1.1,5.08,12.0,25.3,100,57,Kota Malang,-7.9797,112.6304
2022-01-25,30.2,20.1,24.7,5.1,5.1,4.51,6.6,22.01,100,56,Kota Malang,-7.9797,112.6304
2022-01-26,30.0,22.1,25.4,8.1,8.1,4.34,5.9,21.16,97,68,Kota Malang,-7.9797,112.6304
2022-01-27,28.5,22.2,24.3,6.5,6.5,3.4,9.3,17.0,100,65,Kota Malang,-7.9797,112.6304
2022-01-28,26.5,22.2,23.6,37.2,37.2,2.59,9.0,13.07,100,77,Kota Malang,-7.9797,112.6304
2022-01-29,27.6,22.1,23.9,24.7,24.7,2.63,6.0,12.73,97,78,Kota Malang,-7.9797,112.6304
2022-01-30,28.4,22.4,24.4,10.5,10.5,3.71,6.9,18.41,98,65,Kota Malang,-7.9797,112.6304
2022-01-31,29.2,21.3,24.5,3.8,3.8,4.48,8.0,22.42,98,60,Kota Malang,-7.9797,112.6304
2022-02-01,28.3,21.6,24.1,38.0,38.0,3.89,10.4,19.81,96,70,Kota Malang,-7.9797,112.6304
2022-02-02,28.5,21.7,24.6,7.7,7.7,4.71,10.2,24.26,94,65,Kota Malang,-7.9797,112.6304
2022-02-03,29.1,20.8,24.6,4.6,4.6,4.55,7.6,22.9,95,63,Kota Malang,-7.9797,112.6304
2022-02-04,28.2,21.0,23.7,26.5,26.5,3.4,9.4,17.31,99,74,Kota Malang,-7.9797,112.6304
2022-02-05,26.6,21.5,23.5,36.3,36.3,3.07,12.1,15.78,99,79,Kota Malang,-7.9797,112.6304
2022-02-06,27.2,21.6,23.9,22.0,22.0,3.24,8.7,16.72,96,75,Kota Malang,-7.9797,112.6304
2022-02-07,28.6,21.4,24.8,13.8,13.8,3.95,13.3,19.81,95,70,Kota Malang,-7.9797,112.6304
2022-02-08,28.4,21.5,24.6,22.3,22.3,3.5,8.4,17.16,96,66,Kota Malang,-7.9797,112.6304
2022-02-09,27.2,22.2,24.0,27.8,27.8,2.75,7.7,13.59,98,72,Kota Malang,-7.9797,112.6304
2022-02-10,28.7,22.3,24.7,4.6,4.6,3.55,6.4,17.11,96,61,Kota Malang,-7.9797,112.6304
2022-02-11,28.5,22.5,25.0,2.5,2.5,3.39,7.6,16.16,94,62,Kota Malang,-7.9797,112.6304
2022-02-12,26.8,22.1,24.0,17.1,17.1,2.37,8.4,11.3,96,75,Kota Malang,-7.9797,112.6304
2022-02-13,27.5,22.3,24.0,48.8,48.8,3.15,9.8,15.81,96,78,Kota Malang,-7.9797,112.6304
2022-02-14,25.2,21.6,23.2,8.0,8.0,1.72,10.6,8.19,98,84,Kota Malang,-7.9797,112.6304
2022-02-15,24.3,21.6,22.7,15.7,15.7,1.49,7.8,7.21,98,88,Kota Malang,-7.9797,112.6304
2022-02-16,26.5,21.8,23.5,1.0,1.0,3.24,10.5,17.19,97,73,Kota Malang,-7.9797,112.6304
2022-02-17,27.6,21.1,24.0,0.4,0.4,3.46,17.4,17.32,96,70,Kota Malang,-7.9797,112.6304
2022-02-18,27.1,20.9,23.9,11.2,11.2,3.35,15.5,17.35,96,73,Kota Malang,-7.9797,112.6304
2022-02-19,27.8,21.5,24.1,28.6,28.6,4.02,8.7,20.61,96,71,Kota Malang,-7.9797,112.6304
2022-02-20,27.7,21.2,24.0,12.2,12.2,3.55,8.7,18.43,97,76,Kota Malang,-7.9797,112.6304
2022-02-21,28.3,20.9,23.8,1.3,1.3,3.48,9.5,17.41,98,70,Kota Malang,-7.9797,112.6304
2022-02-22,28.4,21.3,24.0,9.6,9.6,4.75,11.4,24.31,99,64,Kota Malang,-7.9797,112.6304
2022-02-23,28.4,19.8,23.9,0.5,0.5,4.82,13.2,24.77,99,63,Kota Malang,-7.9797,112.6304
2022-02-24,27.2,19.9,23.1,7.3,7.3,3.81,11.1,20.17,99,71,Kota Malang,-7.9797,112.6304
2022-02-25,27.8,20.8,23.8,15.5,15.5,4.33,8.4,22.38,97,68,Kota Malang,-7.9797,112.6304
2022-02-26,27.9,20.6,23.6,46.2,46.2,3.44,11.2,17.78,97,75,Kota Malang,-7.9797,112.6304
2022-02-27,26.7,22.1,23.8,22.2,22.2,2.72,9.3,13.7,97,74,Kota Malang,-7.9797,112.6304
2022-02-28,27.7,21.7,24.1,22.0,22.0,3.7,11.5,18.98,97,74,Kota Malang,-7.9797,112.6304
2022-03-01,27.9,22.0,24.3,18.3,18.3,3.65,9.9,18.49,95,76,Kota Malang,-7.9797,112.6304
2022-03-02,28.6,21.5,24.3,35.1,35.1,3.94,9.3,20.14,98,69,Kota Malang,-7.9797,112.6304
2022-03-03,27.8,21.6,24.3,41.9,41.9,3.59,9.7,18.29,97,75,Kota Malang,-7.9797,112.6304
2022-03-04,26.8,21.9,23.8,20.0,20.0,3.08,7.9,15.94,100,79,Kota Malang,-7.9797,112.6304
2022-03-05,27.4,21.7,23.8,18.0,18.0,3.19,13.1,16.5,99,75,Kota Malang,-7.9797,112.6304
2022-03-06,27.2,20.8,23.6,11.2,11.2,3.16,11.5,16.45,99,75,Kota Malang,-7.9797,112.6304
2022-03-07,26.8,21.9,23.4,47.1,47.1,2.47,7.6,12.21,99,79,Kota Malang,-7.9797,112.6304
2022-03-08,27.0,21.2,23.3,13.7,13.7,2.98,9.5,15.31,96,78,Kota Malang,-7.9797,112.6304
2022-03-09,26.1,21.8,23.5,13.8,13.8,2.65,6.8,13.27,98,80,Kota Malang,-7.9797,112.6304
2022-03-10,26.6,21.4,23.5,29.0,29.0,2.46,8.9,12.33,97,84,Kota Malang,-7.9797,112.6304
2022-03-11,28.2,21.8,24.1,32.3,32.3,3.55,12.0,18.28,99,76,Kota Malang,-7.9797,112.6304
2022-03-12,27.7,21.5,24.3,28.2,28.2,3.67,13.0,19.13,98,79,Kota Malang,-7.9797,112.6304
2022-03-13,27.1,21.8,23.7,15.2,15.2,3.05,9.4,15.31,98,77,Kota Malang,-7.9797,112.6304
2022-03-14,28.1,21.8,24.0,9.3,9.3,3.43,8.0,17.25,98,74,Kota Malang,-7.9797,112.6304
2022-03-15,26.7,21.6,23.9,14.0,14.0,3.24,10.5,17.03,98,80,Kota Malang,-7.9797,112.6304
2022-03-16,25.4,21.2,23.3,1.1,1.1,2.51,7.7,13.01,99,84,Kota Malang,-7.9797,112.6304
2022-03-17,28.6,21.9,25.0,1.2,1.2,4.01,10.6,20.29,95,69,Kota Malang,-7.9797,112.6304
2022-03-18,27.6,22.7,24.8,0.3,0.3,3.95,8.5,20.09,94,74,Kota Malang,-7.9797,112.6304
2022-03-19,28.1,21.6,24.0,5.5,5.5,3.94,12.7,21.11,96,77,Kota Malang,-7.9797,112.6304
2022-03-20,27.5,21.9,23.8,21.8,21.8,2.95,8.6,15.18,100,82,Kota Malang,-7.9797,112.6304
2022-03-21,28.2,21.6,24.1,16.5,16.5,3.2,8.4,16.27,96,76,Kota Malang,-7.9797,112.6304
2022-03-22,28.1,21.4,24.3,12.6,12.6,3.44,13.0,17.75,93,71,Kota Malang,-7.9797,112.6304
2022-03-23,28.1,21.1,24.1,24.4,24.4,3.62,9.1,18.61,99,71,Kota Malang,-7.9797,112.6304
2022-03-24,28.5,21.0,24.3,14.2,14.2,4.11,10.6,20.92,98,72,Kota Malang,-7.9797,112.6304
2022-03-25,27.5,21.2,24.1,21.3,21.3,3.69,7.6,18.77,98,72,Kota Malang,-7.9797,112.6304
2022-03-26,27.6,21.3,23.9,34.8,34.8,3.47,7.2,17.65,98,74,Kota Malang,-7.9797,112.6304
2022-03-27,26.5,21.9,23.6,28.8,28.8,2.84,9.7,14.72,96,78,Kota Malang,-7.9797,112.6304
2022-03-28,28.6,21.6,24.1,19.8,19.8,3.77,9.2,19.17,97,69,Kota Malang,-7.9797,112.6304
2022-03-29,27.4,22.0,23.8,16.9,16.9,3.22,7.4,16.35,97,72,Kota Malang,-7.9797,112.6304
2022-03-30,27.4,21.7,24.4,8.0,8.0,3.97,7.6,20.36,93,75,Kota Malang,-7.9797,112.6304
2022-03-31,28.3,21.8,24.2,10.2,10.2,3.87,8.2,19.66,93,73,Kota Malang,-7.9797,112.6304
2022-04-01,26.9,21.6,24.0,10.4,10.4,3.18,8.0,16.5,96,74,Kota Malang,-7.9797,112.6304
2022-04-02,27.8,21.8,24.3,10.4,10.4,3.61,7.8,18.22,94,69,Kota Malang,-7.9797,112.6304
2022-04-03,28.6,21.1,23.7,9.5,9.5,4.09,12.6,21.38,96,71,Kota Malang,-7.9797,112.6304
2022-04-04,26.2,20.3,23.2,10.3,10.3,3.03,8.3,16.01,97,81,Kota Malang,-7.9797,112.6304
2022-04-05,27.3,20.3,23.6,0.5,0.5,3.82,7.7,19.95,95,74,Kota Malang,-7.9797,112.6304
2022-04-06,26.2,20.9,23.5,10.8,10.8,3.08,11.9,16.59,94,80,Kota Malang,-7.9797,112.6304
2022-04-07,26.3,21.5,23.7,7.2,7.2,2.85,10.8,14.94,93,77,Kota Malang,-7.9797,112.6304
2022-04-08,26.8,21.9,23.8,13.3,13.3,3.04,8.0,15.9,97,81,Kota Malang,-7.9797,112.6304
2022-04-09,28.2,21.7,23.9,4.4,4.4,3.65,8.6,19.0,98,74,Kota Malang,-7.9797,112.6304
2022-04-10,27.6,21.1,23.6,2.2,2.2,4.01,8.6,20.85,96,68,Kota Malang,-7.9797,112.6304
2022-04-11,27.9,20.9,24.3,0.5,0.5,4.65,7.1,24.11,90,67,Kota Malang,-7.9797,112.6304
2022-04-12,27.8,20.3,24.2,0.4,0.4,4.67,6.5,24.16,90,60,Kota Malang,-7.9797,112.6304
2022-04-13,28.1,20.7,24.2,0.2,0.2,4.3,6.5,22.05,90,62,Kota Malang,-7.9797,112.6304
2022-04-14,28.4,20.2,24.1,0.2,0.2,4.57,12.6,23.07,85,59,Kota Malang,-7.9797,112.6304
2022-04-15,28.8,21.0,24.7,0.0,0.0,4.77,10.1,24.1,91,62,Kota Malang,-7.9797,112.6304
2022-04-16,28.6,20.9,24.4,0.0,0.0,3.68,9.8,18.29,93,64,Kota Malang,-7.9797,112.6304
2022-04-17,28.9,21.9,24.8,0.3,0.3,4.07,12.0,20.68,94,67,Kota Malang,-7.9797,112.6304
2022-04-18,28.2,22.3,24.4,6.5,6.5,2.88,11.2,14.81,95,74,Kota Malang,-7.9797,112.6304
2022-04-19,27.3,21.9,24.0,47.3,47.3,3.19,7.2,16.17,93,82,Kota Malang,-7.9797,112.6304
2022-04-20,26.7,21.8,23.7,33.8,33.8,2.4,7.4,12.01,95,78,Kota Malang,-7.9797,112.6304
2022-04-21,27.5,21.7,23.8,11.2,11.2,2.88,11.8,14.89,97,75,Kota Malang,-7.9797,112.6304
2022-04-22,29.0,21.6,24.9,0.2,0.2,4.19,13.2,20.97,92,65,Kota Malang,-7.9797,112.6304
2022-04-23,28.6,21.8,24.8,1.4,1.4,4.11,7.2,20.83,92,70,Kota Malang,-7.9797,112.6304
2022-04-24,27.0,21.9,24.1,13.3,13.3,3.12,9.7,16.07,95,78,Kota Malang,-7.9797,112.6304
2022-04-25,27.7,21.7,24.3,0.7,0.7,3.68,5.9,18.73,92,74,Kota Malang,-7.9797,112.6304
2022-04-26,28.2,21.6,24.3,18.4,18.4,3.66,11.0,18.76,95,70,Kota Malang,-7.9797,112.6304
2022-04-27,28.6,21.6,24.5,7.9,7.9,3.75,12.3,19.22,92,67,Kota Malang,-7.9797,112.6304
2022-04-28,29.2,21.9,24.6,13.9,13.9,3.58,8.9,18.05,95,68,Kota Malang,-7.9797,112.6304
2022-04-29,28.2,21.9,24.5,5.5,5.5,3.42,8.7,17.31,96,72,Kota Malang,-7.9797,112.6304
2022-04-30,27.5,21.8,24.5,0.6,0.6,3.33,14.8,16.97,92,75,Kota Malang,-7.9797,112.6304
2022-05-01,28.5,21.9,24.8,0.1,0.1,4.05,15.2,21.02,98,71,Kota Malang,-7.9797,112.6304
2022-05-02,28.3,22.4,24.8,0.2,0.2,3.77,9.7,19.08,94,66,Kota Malang,-7.9797,112.6304
2022-05-03,28.3,22.1,24.7,0.4,0.4,3.99,9.2,20.39,94,64,Kota Malang,-7.9797,112.6304
2022-05-04,27.8,22.6,24.5,0.4,0.4,3.5,7.2,17.77,93,72,Kota Malang,-7.9797,112.6304
2022-05-05,28.1,21.7,24.6,0.5,0.5,3.87,6.6,19.9,94,71,Kota Malang,-7.9797,112.6304
2022-05-06,27.6,21.9,24.4,0.0,0.0,3.6,6.9,18.15,92,71,Kota Malang,-7.9797,112.6304
2022-05-07,28.5,22.0,24.7,0.0,0.0,3.5,9.0,17.46,92,63,Kota Malang,-7.9797,112.6304
2022-05-08,28.4,22.2,24.4,4.9,4.9,3.19,7.6,16.19,96,70,Kota Malang,-7.9797,112.6304
2022-05-09,27.6,21.6,24.5,0.8,0.8,3.11,11.7,16.1,97,77,Kota Malang,-7.9797,112.6304
2022-05-10,27.9,21.7,24.5,3.0,3.0,3.14,10.9,16.07,98,74,Kota Malang,-7.9797,112.6304
2022-05-11,28.7,21.7,25.0,2.8,2.8,3.66,7.9,18.78,96,71,Kota Malang,-7.9797,112.6304
2022-05-12,28.1,22.2,24.6,22.0,22.0,3.06,8.3,15.56,100,75,Kota Malang,-7.9797,112.6304
2022-05-13,28.4,22.4,24.9,23.0,23.0,3.73,7.6,19.23,99,79,Kota Malang,-7.9797,112.6304
2022-05-14,27.5,22.3,24.9,14.0,14.0,3.34,8.0,17.26,97,78,Kota Malang,-7.9797,112.6304
2022-05-15,28.3,23.2,25.0,2.1,2.1,3.34,6.2,16.79,96,74,Kota Malang,-7.9797,112.6304
2022-05-16,28.4,21.6,24.8,0.1,0.1,4.01,8.6,20.43,96,71,Kota Malang,-7.9797,112.6304
2022-05-17,28.0,20.4,24.3,0.3,0.3,3.87,8.6,19.74,93,64,Kota Malang,-7.9797,112.6304
2022-05-18,27.7,22.0,24.3,1.2,1.2,3.26,10.9,16.78,96,70,Kota Malang,-7.9797,112.6304
2022-05-19,26.8,21.8,24.0,4.0,4.0,2.33,12.5,11.7,97,76,Kota Malang,-7.9797,112.6304
2022-05-20,26.3,21.5,23.5,3.2,3.2,2.38,9.2,12.33,98,80,Kota Malang,-7.9797,112.6304
2022-05-21,27.4,21.6,23.8,2.8,2.8,2.79,10.6,14.22,98,72,Kota Malang,-7.9797,112.6304
2022-05-22,28.4,20.8,24.3,0.0,0.0,3.88,13.2,19.52,91,63,Kota Malang,-7.9797,112.6304
2022-05-23,28.9,20.0,24.5,0.0,0.0,4.52,15.6,21.41,85,55,Kota Malang,-7.9797,112.6304
2022-05-24,29.9,20.7,24.6,0.4,0.4,4.05,16.3,19.98,96,56,Kota Malang,-7.9797,112.6304
2022-05-25,27.8,21.8,24.7,1.0,1.0,3.43,10.1,17.37,96,71,Kota Malang,-7.9797,112.6304
2022-05-26,25.0,21.4,23.1,23.7,23.7,1.34,6.9,6.35,99,80,Kota Malang,-7.9797,112.6304
2022-05-27,26.9,22.1,23.7,6.6,6.6,2.4,8.5,11.61,95,73,Kota Malang,-7.9797,112.6304
2022-05-28,28.2,21.7,24.5,9.0,9.0,3.57,8.6,18.19,92,72,Kota Malang,-7.9797,112.6304
2022-05-29,27.7,22.3,24.5,7.0,7.0,3.33,10.6,16.77,93,71,Kota Malang,-7.9797,112.6304
2022-05-30,29.0,21.3,24.6,0.7,0.7,4.04,14.4,20.54,86,66,Kota Malang,-7.9797,112.6304
2022-05-31,28.1,21.2,24.2,6.5,6.5,3.77,8.6,19.48,100,69,Kota Malang,-7.9797,112.6304
2022-06-01,26.6,21.3,23.3,26.6,26.6,2.33,5.3,11.8,100,75,Kota Malang,-7.9797,112.6304
2022-06-02,27.8,20.8,24.1,0.3,0.3,3.92,9.7,20.33,90,69,Kota Malang,-7.9797,112.6304
2022-06-03,26.6,21.5,23.6,4.9,4.9,2.92,9.0,15.4,95,73,Kota Malang,-7.9797,112.6304
2022-06-04,26.9,20.9,23.6,2.9,2.9,3.17,11.8,16.65,98,73,Kota Malang,-7.9797,112.6304
2022-06-05,26.7,20.9,23.0,4.7,4.7,2.38,6.7,12.4,95,72,Kota Malang,-7.9797,112.6304
2022-06-06,26.7,20.3,23.5,0.1,0.1,3.04,12.2,15.94,96,73,Kota Malang,-7.9797,112.6304
2022-06-07,27.6,20.4,23.9,0.0,0.0,3.62,9.3,18.75,98,66,Kota Malang,-7.9797,112.6304
2022-06-08,28.1,21.5,24.0,4.3,4.3,3.35,13.7,17.1,96,67,Kota Malang,-7.9797,112.6304
2022-06-09,28.1,21.0,24.1,0.2,0.2,3.58,12.3,18.41,94,68,Kota Malang,-7.9797,112.6304
2022-06-10,27.6,20.7,23.9,5.5,5.5,2.98,11.9,15.21,92,70,Kota Malang,-7.9797,112.6304
2022-06-11,28.5,21.1,24.3,1.3,1.3,3.21,12.1,16.26,96,64,Kota Malang,-7.9797,112.6304
2022-06-12,26.9,21.0,23.7,0.4,0.4,2.9,7.4,15.06,96,71,Kota Malang,-7.9797,112.6304
2022-06-13,27.2,21.4,23.6,2.5,2.5,2.73,9.0,13.85,98,68,Kota Malang,-7.9797,112.6304
2022-06-14,27.1,20.8,23.5,0.3,0.3,2.95,8.0,15.35,97,70,Kota Malang,-7.9797,112.6304
2022-06-15,27.9,20.8,24.1,0.6,0.6,3.35,16.3,16.88,94,67,Kota Malang,-7.9797,112.6304
2022-06-16,26.8,21.1,23.4,1.2,1.2,2.9,7.2,14.86,94,69,Kota Malang,-7.9797,112.6304
2022-06-17,26.9,20.8,23.1,1.0,1.0,2.9,8.4,15.18,91,70,Kota Malang,-7.9797,112.6304
2022-06-18,26.6,20.8,23.6,0.4,0.4,2.93,6.9,14.89,93,66,Kota Malang,-7.9797,112.6304
2022-06-19,26.8,21.0,23.7,0.1,0.1,3.16,7.6,16.3,92,64,Kota Malang,-7.9797,112.6304
2022-06-20,27.4,21.3,23.6,1.6,1.6,3.08,7.3,15.71,94,68,Kota Malang,-7.9797,112.6304
2022-06-21,27.6,20.5,23.5,0.0,0.0,3.46,7.9,17.65,93,53,Kota Malang,-7.9797,112.6304
2022-06-22,27.1,20.7,23.5,0.0,0.0,3.67,6.9,18.82,94,55,Kota Malang,-7.9797,112.6304
2022-06-23,27.5,21.0,23.6,0.2,0.2,3.26,8.0,16.51,91,52,Kota Malang,-7.9797,112.6304
2022-06-24,26.1,21.1,23.4,0.9,0.9,2.52,12.4,12.69,93,75,Kota Malang,-7.9797,112.6304
2022-06-25,26.6,21.2,23.5,0.2,0.2,2.89,12.9,14.61,92,63,Kota Malang,-7.9797,112.6304
2022-06-26,26.6,21.0,23.4,0.1,0.1,2.47,8.4,12.38,95,65,Kota Malang,-7.9797,112.6304
2022-06-27,26.1,21.3,23.2,1.1,1.1,3.1,18.3,16.66,97,76,Kota Malang,-7.9797,112.6304
2022-06-28,27.0,20.7,23.4,0.1,0.1,3.52,13.8,16.6,95,61,Kota Malang,-7.9797,112.6304
2022-06-29,27.8,21.4,23.6,0.0,0.0,4.43,12.6,21.89,88,49,Kota Malang,-7.9797,112.6304
2022-06-30,27.7,20.6,23.8,0.4,0.4,3.61,10.9,18.3,91,61,Kota Malang,-7.9797,112.6304
2022-07-01,27.7,20.7,23.7,0.2,0.2,3.44,9.4,17.3,95,67,Kota Malang,-7.9797,112.6304
2022-07-02,27.7,20.6,24.1,0.0,0.0,3.56,7.1,18.21,97,62,Kota Malang,-7.9797,112.6304
2022-07-03,28.9,20.9,24.5,3.8,3.8,3.42,13.0,16.89,96,63,Kota Malang,-7.9797,112.6304
2022-07-04,28.4,21.0,24.6,2.0,2.0,3.04,12.7,14.83,88,65,Kota Malang,-7.9797,112.6304
2022-07-05,29.1,21.5,24.5,5.3,5.3,3.51,11.9,17.95,92,63,Kota Malang,-7.9797,112.6304
2022-07-06,26.7,21.0,23.5,1.6,1.6,2.78,10.5,14.26,95,75,Kota Malang,-7.9797,112.6304
2022-07-07,27.3,19.8,22.8,0.2,0.2,3.75,14.8,19.74,93,65,Kota Malang,-7.9797,112.6304
2022-07-08,26.4,19.4,22.3,0.0,0.0,4.01,14.8,20.05,91,61,Kota Malang,-7.9797,112.6304
2022-07-09,26.9,17.7,22.2,0.3,0.3,3.75,8.2,19.43,93,57,Kota Malang,-7.9797,112.6304
2022-07-10,28.0,19.2,23.0,0.0,0.0,3.56,8.8,18.01,93,57,Kota Malang,-7.9797,112.6304
2022-07-11,27.0,20.3,23.7,0.2,0.2,3.11,11.0,15.63,96,63,Kota Malang,-7.9797,112.6304
2022-07-12,28.0,20.3,23.8,0.3,0.3,3.73,7.7,19.08,96,58,Kota Malang,-7.9797,112.6304
2022-07-13,29.1,20.8,24.2,0.5,0.5,3.89,12.8,19.48,99,57,Kota Malang,-7.9797,112.6304
2022-07-14,27.7,20.2,23.6,1.2,1.2,3.31,12.4,16.93,100,66,Kota Malang,-7.9797,112.6304
2022-07-15,27.2,20.7,23.5,5.7,5.7,3.22,10.5,16.18,96,66,Kota Malang,-7.9797,112.6304
2022-07-16,27.1,20.3,23.4,1.1,1.1,3.48,13.0,18.1,98,65,Kota Malang,-7.9797,112.6304
2022-07-17,26.3,21.3,23.3,0.3,0.3,2.27,10.8,11.05,96,74,Kota Malang,-7.9797,112.6304
2022-07-18,27.2,21.2,23.9,0.4,0.4,3.48,10.1,17.76,95,71,Kota Malang,-7.9797,112.6304
2022-07-19,27.7,21.6,24.0,0.0,0.0,3.16,9.4,15.51,95,61,Kota Malang,-7.9797,112.6304
2022-07-20,28.1,20.4,23.9,0.0,0.0,3.9,11.2,19.23,95,54,Kota Malang,-7.9797,112.6304
2022-07-21,27.2,20.6,23.4,0.0,0.0,3.08,12.0,15.0,93,66,Kota Malang,-7.9797,112.6304
2022-07-22,27.6,21.4,23.8,0.2,0.2,3.19,11.0,15.73,94,65,Kota Malang,-7.9797,112.6304
2022-07-23,27.2,21.0,22.8,16.4,16.4,2.84,14.7,15.38,96,69,Kota Malang,-7.9797,112.6304
2022-07-24,26.5,19.5,22.3,0.0,0.0,3.99,15.0,20.65,95,64,Kota Malang,-7.9797,112.6304
2022-07-25,26.7,16.6,21.4,0.0,0.0,4.21,11.0,21.82,92,50,Kota Malang,-7.9797,112.6304
2022-07-26,27.6,17.6,22.3,0.0,0.0,4.24,9.1,21.66,90,45,Kota Malang,-7.9797,112.6304
2022-07-27,28.3,19.5,23.5,0.0,0.0,3.86,11.8,19.47,93,59,Kota Malang,-7.9797,112.6304
2022-07-28,29.6,20.1,24.0,0.0,0.0,4.19,13.1,20.37,93,48,Kota Malang,-7.9797,112.6304
2022-07-29,30.1,19.6,24.3,0.0,0.0,4.4,12.6,21.17,96,43,Kota Malang,-7.9797,112.6304
2022-07-30,28.5,21.3,23.6,0.0,0.0,3.7,10.2,18.05,97,47,Kota Malang,-7.9797,112.6304
2022-07-31,28.9,21.0,24.1,0.3,0.3,4.07,10.3,19.96,93,53,Kota Malang,-7.9797,112.6304
2022-08-01,30.7,19.5,24.5,0.0,0.0,4.63,14.2,21.54,90,38,Kota Malang,-7.9797,112.6304
2022-08-02,28.3,20.5,23.9,0.5,0.5,3.38,11.6,16.68,100,59,Kota Malang,-7.9797,112.6304
2022-08-03,29.5,20.6,24.5,0.4,0.4,4.36,10.9,21.23,98,51,Kota Malang,-7.9797,112.6304
2022-08-04,29.1,21.2,24.0,0.0,0.0,4.77,14.9,22.92,96,45,Kota Malang,-7.9797,112.6304
2022-08-05,29.6,20.7,23.9,0.0,0.0,4.81,14.8,22.94,87,43,Kota Malang,-7.9797,112.6304
2022-08-06,28.3,19.5,23.5,1.2,1.2,4.1,14.2,20.46,96,56,Kota Malang,-7.9797,112.6304
2022-08-07,26.4,21.7,23.3,4.0,4.0,2.81,15.3,14.16,90,68,Kota Malang,-7.9797,112.6304
2022-08-08,27.8,21.6,23.7,0.4,0.4,3.44,15.5,16.73,93,61,Kota Malang,-7.9797,112.6304
2022-08-09,28.9,21.5,23.8,1.0,1.0,3.8,14.0,18.65,95,54,Kota Malang,-7.9797,112.6304
2022-08-10,29.3,20.0,23.8,29.2,29.2,3.62,12.0,17.74,98,55,Kota Malang,-7.9797,112.6304
2022-08-11,27.9,21.4,23.7,21.9,21.9,3.28,7.8,16.43,97,63,Kota Malang,-7.9797,112.6304
2022-08-12,29.0,21.2,24.5,0.4,0.4,3.66,13.4,18.15,96,61,Kota Malang,-7.9797,112.6304
2022-08-13,29.2,20.9,23.7,14.7,14.7,3.46,10.5,17.4,98,60,Kota Malang,-7.9797,112.6304
2022-08-14,27.4,20.2,23.5,1.9,1.9,3.5,18.4,18.33,94,71,Kota Malang,-7.9797,112.6304
2022-08-15,27.1,20.5,23.6,0.4,0.4,3.37,12.9,17.42,92,71,Kota Malang,-7.9797,112.6304
2022-08-16,28.8,20.4,23.9,0.8,0.8,4.28,13.7,21.73,94,61,Kota Malang,-7.9797,112.6304
2022-08-17,27.0,21.0,23.4,0.1,0.1,3.88,11.2,19.54,93,66,Kota Malang,-7.9797,112.6304
2022-08-18,27.0,21.0,23.8,0.2,0.2,3.9,12.6,20.07,93,65,Kota Malang,-7.9797,112.6304
2022-08-19,27.4,21.1,23.4,0.3,0.3,3.87,16.2,19.77,94,63,Kota Malang,-7.9797,112.6304
2022-08-20,28.3,19.6,23.5,0.1,0.1,4.18,13.4,20.94,95,63,Kota Malang,-7.9797,112.6304
2022-08-21,26.8,20.9,23.3,0.0,0.0,3.59,12.1,17.62,92,59,Kota Malang,-7.9797,112.6304
2022-08-22,28.3,21.0,23.9,0.0,0.0,3.95,13.4,19.03,91,57,Kota Malang,-7.9797,112.6304
2022-08-23,27.4,21.0,23.4,0.0,0.0,3.74,16.3,17.65,94,61,Kota Malang,-7.9797,112.6304
2022-08-24,27.5,20.3,23.4,0.0,0.0,4.29,14.2,21.08,91,44,Kota Malang,-7.9797,112.6304
2022-08-25,27.4,20.8,23.5,0.0,0.0,3.79,12.7,18.49,92,49,Kota Malang,-7.9797,112.6304
2022-08-26,28.1,21.2,23.9,0.3,0.3,3.48,12.0,16.92,93,61,Kota Malang,-7.9797,112.6304
2022-08-27,26.8,21.2,23.1,1.3,1.3,3.32,17.6,16.72,93,67,Kota Malang,-7.9797,112.6304
2022-08-28,26.6,20.3,22.6,0.4,0.4,3.25,15.3,15.83,96,61,Kota Malang,-7.9797,112.6304
2022-08-29,28.2,20.5,23.3,1.8,1.8,4.06,15.8,20.35,96,56,Kota Malang,-7.9797,112.6304
2022-08-30,28.3,21.0,23.7,2.1,2.1,3.55,12.4,17.57,97,63,Kota Malang,-7.9797,112.6304
2022-08-31,28.5,21.2,24.0,0.2,0.2,4.14,13.4,20.91,98,60,Kota Malang,-7.9797,112.6304
2022-09-01,29.8,19.9,24.3,0.0,0.0,4.73,12.4,23.4,93,54,Kota Malang,-7.9797,112.6304
2022-09-02,29.5,20.8,24.7,0.2,0.2,4.33,11.3,21.14,94,54,Kota Malang,-7.9797,112.6304
2022-09-03,29.2,21.7,24.4,0.0,0.0,4.4,13.5,21.26,98,54,Kota Malang,-7.9797,112.6304
2022-09-04,28.6,21.6,24.1,1.0,1.0,3.57,12.4,17.17,97,61,Kota Malang,-7.9797,112.6304
2022-09-05,30.0,20.2,24.8,0.1,0.1,4.54,7.1,22.2,98,51,Kota Malang,-7.9797,112.6304
2022-09-06,29.4,21.0,24.5,0.3,0.3,4.47,11.5,22.08,94,54,Kota Malang,-7.9797,112.6304
2022-09-07,29.3,20.4,24.2,0.6,0.6,4.35,12.3,21.61,93,53,Kota Malang,-7.9797,112.6304
2022-09-08,30.6,20.6,24.6,1.2,1.2,4.4,11.7,21.08,96,49,Kota Malang,-7.9797,112.6304
2022-09-09,27.0,21.6,23.8,1.4,1.4,2.69,9.7,13.04,96,64,Kota Malang,-7.9797,112.6304
2022-09-10,28.5,21.7,24.0,27.3,27.3,3.43,11.4,16.97,99,56,Kota Malang,-7.9797,112.6304
2022-09-11,26.6,21.2,23.1,2.0,2.0,2.89,10.4,14.95,99,71,Kota Malang,-7.9797,112.6304
2022-09-12,30.5,19.6,24.4,0.0,0.0,5.16,14.2,24.62,88,40,Kota Malang,-7.9797,112.6304
2022-09-13,28.8,20.3,24.1,0.3,0.3,4.5,10.0,22.14,96,57,Kota Malang,-7.9797,112.6304
2022-09-14,27.9,21.4,24.0,0.3,0.3,3.64,12.7,17.87,96,64,Kota Malang,-7.9797,112.6304
2022-09-15,27.1,21.2,23.4,2.9,2.9,3.26,14.1,16.47,96,66,Kota Malang,-7.9797,112.6304
2022-09-16,28.4,20.9,23.3,1.7,1.7,3.79,11.9,19.19,98,54,Kota Malang,-7.9797,112.6304
2022-09-17,29.0,19.9,23.8,0.0,0.0,4.66,13.3,23.25,96,52,Kota Malang,-7.9797,112.6304
2022-09-18,28.7,20.4,24.0,0.0,0.0,4.49,11.9,22.22,97,54,Kota Malang,-7.9797,112.6304
2022-09-19,28.3,21.4,23.8,0.9,0.9,4.1,14.0,20.24,95,58,Kota Malang,-7.9797,112.6304
2022-09-20,27.7,21.2,23.7,0.7,0.7,3.91,14.0,19.56,92,64,Kota Malang,-7.9797,112.6304
2022-09-21,27.9,21.8,23.9,1.4,1.4,3.59,9.8,17.75,94,60,Kota Malang,-7.9797,112.6304
2022-09-22,27.8,21.9,24.1,1.8,1.8,3.61,10.8,17.74,95,64,Kota Malang,-7.9797,112.6304
2022-09-23,29.4,21.4,24.4,0.6,0.6,4.57,13.9,22.95,94,53,Kota Malang,-7.9797,112.6304
2022-09-24,27.9,22.4,24.4,1.0,1.0,3.68,11.7,18.05,92,59,Kota Malang,-7.9797,112.6304
2022-09-25,28.3,21.9,24.0,1.6,1.6,3.91,14.8,19.37,94,62,Kota Malang,-7.9797,112.6304
2022-09-26,26.1,21.8,23.4,6.2,6.2,3.3,17.1,17.1,91,71,Kota Malang,-7.9797,112.6304
2022-09-27,28.6,21.5,24.0,0.0,0.0,4.24,13.1,20.61,92,58,Kota Malang,-7.9797,112.6304
2022-09-28,28.5,20.6,23.9,0.0,0.0,4.7,13.0,23.5,95,52,Kota Malang,-7.9797,112.6304
2022-09-29,29.3,21.5,24.2,1.2,1.2,4.38,15.1,22.01,94,56,Kota Malang,-7.9797,112.6304
2022-09-30,27.6,22.0,24.0,5.1,5.1,3.01,8.8,14.82,97,69,Kota Malang,-7.9797,112.6304
2022-10-01,27.4,22.0,23.6,43.0,43.0,2.65,9.2,13.53,97,76,Kota Malang,-7.9797,112.6304
2022-10-02,27.8,22.2,23.6,38.5,38.5,3.22,9.6,16.35,98,77,Kota Malang,-7.9797,112.6304
2022-10-03,25.2,21.7,23.0,46.1,46.1,1.73,7.7,8.63,96,85,Kota Malang,-7.9797,112.6304
2022-10-04,26.7,21.2,23.6,1.7,1.7,3.59,10.1,18.72,98,75,Kota Malang,-7.9797,112.6304
2022-10-05,27.3,21.7,23.5,1.0,1.0,3.72,11.7,19.12,95,69,Kota Malang,-7.9797,112.6304
2022-10-06,25.1,21.9,23.1,5.1,5.1,2.28,10.6,11.64,95,82,Kota Malang,-7.9797,112.6304
2022-10-07,26.6,21.5,23.4,11.8,11.8,2.87,9.1,14.57,98,76,Kota Malang,-7.9797,112.6304
2022-10-08,27.3,21.0,23.2,2.2,2.2,3.02,6.5,15.27,99,74,Kota Malang,-7.9797,112.6304
2022-10-09,26.8,21.9,23.5,6.1,6.1,2.65,9.9,13.11,99,74,Kota Malang,-7.9797,112.6304
2022-10-10,27.6,22.0,23.5,1.7,1.7,2.79,7.9,14.25,94,70,Kota Malang,-7.9797,112.6304
2022-10-11,27.1,22.6,23.9,2.4,2.4,2.94,8.4,14.54,93,72,Kota Malang,-7.9797,112.6304
2022-10-12,26.4,21.9,23.5,5.4,5.4,2.9,11.4,14.66,92,74,Kota Malang,-7.9797,112.6304
2022-10-13,27.3,21.6,23.5,12.4,12.4,3.42,12.6,17.6,98,73,Kota Malang,-7.9797,112.6304
2022-10-14,26.0,21.5,23.4,7.7,7.7,2.65,8.3,13.46,99,80,Kota Malang,-7.9797,112.6304
2022-10-15,26.8,21.3,23.1,38.4,38.4,2.47,9.7,11.97,99,77,Kota Malang,-7.9797,112.6304
2022-10-16,26.6,22.2,23.6,3.7,3.7,2.81,10.5,14.16,97,78,Kota Malang,-7.9797,112.6304
2022-10-17,25.3,21.3,23.1,24.8,24.8,2.05,12.2,10.56,99,84,Kota Malang,-7.9797,112.6304
2022-10-18,25.3,21.8,22.9,30.2,30.2,1.76,8.3,8.64,98,78,Kota Malang,-7.9797,112.6304
2022-10-19,26.9,21.6,23.3,57.2,57.2,2.61,6.9,13.26,98,79,Kota Malang,-7.9797,112.6304
2022-10-20,27.1,21.1,23.9,4.5,4.5,3.37,8.7,17.38,100,79,Kota Malang,-7.9797,112.6304
2022-10-21,26.9,22.0,23.9,32.8,32.8,2.9,9.9,14.73,100,77,Kota Malang,-7.9797,112.6304
2022-10-22,28.2,21.8,24.2,15.6,15.6,3.66,7.4,18.56,96,71,Kota Malang,-7.9797,112.6304
2022-10-23,27.5,21.3,23.7,35.5,35.5,3.17,6.8,16.28,99,81,Kota Malang,-7.9797,112.6304
2022-10-24,26.6,21.5,23.5,8.4,8.4,2.92,12.1,15.42,100,78,Kota Malang,-7.9797,112.6304
2022-10-25,26.6,21.9,23.3,19.4,19.4,2.92,12.1,15.29,99,78,Kota Malang,-7.9797,112.6304
2022-10-26,24.6,21.6,22.7,12.2,12.2,1.9,9.7,9.68,99,85,Kota Malang,-7.9797,112.6304
2022-10-27,26.9,20.5,23.2,5.4,5.4,3.9,13.1,20.51,100,69,Kota Malang,-7.9797,112.6304
2022-10-28,26.2,19.3,22.4,3.3,3.3,3.76,15.6,19.89,100,68,Kota Malang,-7.9797,112.6304
2022-10-29,26.9,18.8,22.6,5.6,5.6,3.98,12.6,20.83,95,67,Kota Malang,-7.9797,112.6304
2022-10-30,26.9,20.7,23.0,1.7,1.7,3.84,14.5,19.72,95,64,Kota Malang,-7.9797,112.6304
2022-10-31,26.1,18.0,22.2,7.9,7.9,3.72,12.2,20.11,97,72,Kota Malang,-7.9797,112.6304
2022-11-01,27.6,20.9,23.6,13.3,13.3,4.11,8.8,21.15,100,68,Kota Malang,-7.9797,112.6304
2022-11-02,27.2,21.5,23.9,2.7,2.7,3.62,9.1,18.66,98,73,Kota Malang,-7.9797,112.6304
2022-11-03,29.2,21.4,24.5,1.5,1.5,4.43,12.0,22.91,97,69,Kota Malang,-7.9797,112.6304
2022-11-04,27.8,21.8,24.0,0.7,0.7,3.56,9.1,18.19,98,67,Kota Malang,-7.9797,112.6304
2022-11-05,27.5,21.6,24.1,0.4,0.4,3.43,8.6,17.16,90,65,Kota Malang,-7.9797,112.6304
2022-11-06,27.2,22.3,24.0,4.9,4.9,3.24,12.6,16.65,97,75,Kota Malang,-7.9797,112.6304
2022-11-07,26.6,20.6,23.5,5.6,5.6,3.44,10.7,17.85,97,76,Kota Malang,-7.9797,112.6304
2022-11-08,27.9,20.9,23.8,11.9,11.9,4.05,9.4,20.92,94,72,Kota Malang,-7.9797,112.6304
2022-11-09,26.1,21.1,23.4,27.1,27.1,2.86,7.9,14.69,98,76,Kota Malang,-7.9797,112.6304
2022-11-10,28.2,21.1,23.5,29.1,29.1,3.76,8.0,19.33,98,70,Kota Malang,-7.9797,112.6304
2022-11-11,26.9,21.4,23.4,10.0,10.0,3.24,7.4,16.82,96,76,Kota Malang,-7.9797,112.6304
2022-11-12,27.6,21.3,23.8,6.2,6.2,3.3,9.9,16.75,98,72,Kota Malang,-7.9797,112.6304
2022-11-13,26.9,21.4,23.7,4.5,4.5,3.19,7.2,16.14,99,74,Kota Malang,-7.9797,112.6304
2022-11-14,27.6,21.3,23.9,46.1,46.1,3.37,8.1,17.02,96,72,Kota Malang,-7.9797,112.6304
2022-11-15,28.0,21.4,23.8,63.5,63.5,3.02,7.3,15.09,96,73,Kota Malang,-7.9797,112.6304
2022-11-16,27.4,21.2,23.7,35.6,35.6,2.71,9.4,13.88,97,76,Kota Malang,-7.9797,112.6304
2022-11-17,27.5,22.4,24.1,21.3,21.3,3.31,7.7,16.51,98,72,Kota Malang,-7.9797,112.6304
2022-11-18,27.1,22.1,23.8,14.7,14.7,2.73,9.5,13.18,100,73,Kota Malang,-7.9797,112.6304
2022-11-19,26.4,21.6,24.0,9.7,9.7,1.99,6.5,9.33,98,78,Kota Malang,-7.9797,112.6304
2022-11-20,27.9,21.1,24.2,16.7,16.7,3.77,7.3,19.27,96,71,Kota Malang,-7.9797,112.6304
2022-11-21,27.8,21.3,24.1,30.1,30.1,3.57,6.8,18.08,98,72,Kota Malang,-7.9797,112.6304
2022-11-22,28.3,21.5,23.8,4.0,4.0,3.33,8.8,16.79,100,70,Kota Malang,-7.9797,112.6304
2022-11-23,27.0,20.6,23.3,22.5,22.5,2.82,6.5,14.14,100,75,Kota Malang,-7.9797,112.6304
2022-11-24,26.3,21.6,23.4,29.2,29.2,2.78,9.9,14.4,97,84,Kota Malang,-7.9797,112.6304
2022-11-25,28.0,21.5,23.7,24.9,24.9,3.84,8.4,19.35,96,67,Kota Malang,-7.9797,112.6304
2022-11-26,26.7,21.2,23.2,28.3,28.3,2.85,8.5,14.69,95,77,Kota Malang,-7.9797,112.6304
2022-11-27,26.8,21.8,23.6,11.9,11.9,2.99,6.8,15.18,98,79,Kota Malang,-7.9797,112.6304
2022-11-28,26.2,22.1,23.5,21.6,21.6,2.56,9.5,13.32,99,82,Kota Malang,-7.9797,112.6304
2022-11-29,26.1,21.8,23.3,14.3,14.3,2.44,10.2,12.67,99,82,Kota Malang,-7.9797,112.6304
2022-11-30,27.7,21.5,23.7,5.2,5.2,3.79,10.7,19.49,100,75,Kota Malang,-7.9797,112.6304
2022-12-01,27.0,20.8,23.4,2.9,2.9,3.53,10.5,18.08,99,72,Kota Malang,-7.9797,112.6304
2022-12-02,27.1,21.3,23.6,7.9,7.9,4.06,11.2,21.36,93,70,Kota Malang,-7.9797,112.6304
2022-12-03,27.6,20.8,23.3,2.6,2.6,3.32,11.7,17.13,96,69,Kota Malang,-7.9797,112.6304
2022-12-04,26.8,21.0,23.4,11.1,11.1,2.96,9.4,15.29,99,77,Kota Malang,-7.9797,112.6304
2022-12-05,27.0,21.2,23.8,22.3,22.3,3.47,10.5,18.02,95,73,Kota Malang,-7.9797,112.6304
2022-12-06,27.3,21.1,23.9,11.5,11.5,3.44,9.8,17.35,95,69,Kota Malang,-7.9797,112.6304
2022-12-07,28.1,21.3,24.2,2.3,2.3,4.08,9.7,21.03,96,69,Kota Malang,-7.9797,112.6304
2022-12-08,29.3,20.7,24.2,0.0,0.0,4.82,14.1,25.03,95,55,Kota Malang,-7.9797,112.6304
2022-12-09,28.1,21.1,24.3,2.0,2.0,4.91,14.6,25.31,90,66,Kota Malang,-7.9797,112.6304
2022-12-10,27.5,21.1,23.7,4.8,4.8,4.19,12.6,22.22,96,68,Kota Malang,-7.9797,112.6304
2022-12-11,27.6,21.9,24.2,0.1,0.1,3.8,10.9,19.5,96,57,Kota Malang,-7.9797,112.6304
2022-12-12,28.4,21.7,24.5,1.4,1.4,4.14,10.5,20.75,97,64,Kota Malang,-7.9797,112.6304
2022-12-13,28.3,21.0,23.9,1.6,1.6,3.94,9.8,20.47,98,67,Kota Malang,-7.9797,112.6304
2022-12-14,27.4,21.1,23.6,2.9,2.9,3.08,7.9,15.69,99,67,Kota Malang,-7.9797,112.6304
2022-12-15,27.0,21.1,23.6,3.1,3.1,3.35,8.4,17.61,99,79,Kota Malang,-7.9797,112.6304
2022-12-16,26.0,21.5,22.7,32.5,32.5,2.11,10.1,11.02,100,81,Kota Malang,-7.9797,112.6304
2022-12-17,27.7,21.3,23.7,1.2,1.2,3.98,10.9,20.81,100,74,Kota Malang,-7.9797,112.6304
2022-12-18,27.8,20.3,24.1,1.2,1.2,4.75,11.4,24.69,97,66,Kota Malang,-7.9797,112.6304
2022-12-19,28.6,20.0,23.7,2.9,2.9,4.71,12.8,24.48,97,63,Kota Malang,-7.9797,112.6304
2022-12-20,28.4,20.8,23.9,6.4,6.4,4.53,11.9,23.67,99,72,Kota Malang,-7.9797,112.6304
2022-12-21,28.9,21.4,24.4,6.5,6.5,4.3,13.7,21.56,99,63,Kota Malang,-7.9797,112.6304
2022-12-22,26.1,21.3,23.4,10.8,10.8,2.15,11.2,10.66,100,77,Kota Malang,-7.9797,112.6304
2022-12-23,27.0,21.8,23.6,18.8,18.8,2.37,12.1,11.82,100,72,Kota Malang,-7.9797,112.6304
2022-12-24,27.9,21.4,23.8,8.3,8.3,3.15,9.5,15.64,100,70,Kota Malang,-7.9797,112.6304
2022-12-25,27.0,21.5,23.3,16.1,16.1,2.36,7.9,11.58,100,76,Kota Malang,-7.9797,112.6304
2022-12-26,27.7,20.9,23.2,13.4,13.4,2.98,9.0,15.16,98,74,Kota Malang,-7.9797,112.6304
2022-12-27,26.3,21.0,23.1,7.3,7.3,2.84,8.3,14.41,100,74,Kota Malang,-7.9797,112.6304
2022-12-28,27.5,21.2,23.3,37.0,37.0,2.89,9.4,14.85,99,77,Kota Malang,-7.9797,112.6304
2022-12-29,26.8,21.6,23.8,21.1,21.1,2.97,8.1,14.93,100,77,Kota Malang,-7.9797,112.6304
2022-12-30,26.8,21.9,24.0,10.8,10.8,2.18,6.7,10.4,96,75,Kota Malang,-7.9797,112.6304
2022-12-31,27.4,22.5,24.1,31.3,31.3,2.75,10.7,13.71,99,72,Kota Malang,-7.9797,112.6304
2023-01-01,27.9,22.4,24.6,2.5,2.5,3.45,6.5,16.76,98,69,Kota Malang,-7.9797,112.6304
2023-01-02,28.3,21.8,24.3,1.4,1.4,3.43,10.5,16.99,97,69,Kota Malang,-7.9797,112.6304
2023-01-03,28.9,20.7,24.2,3.4,3.4,4.16,12.1,20.81,100,59,Kota Malang,-7.9797,112.6304
2023-01-04,28.2,21.2,23.8,6.7,6.7,3.71,12.9,19.04,100,67,Kota Malang,-7.9797,112.6304
2023-01-05,27.2,21.2,23.7,8.3,8.3,3.51,13.6,18.34,100,73,Kota Malang,-7.9797,112.6304
2023-01-06,26.5,20.9,23.2,8.8,8.8,3.25,13.5,17.34,100,72,Kota Malang,-7.9797,112.6304
2023-01-07,27.5,20.2,23.6,4.1,4.1,4.21,13.6,22.03,98,70,Kota Malang,-7.9797,112.6304
2023-01-08,27.4,20.0,23.4,3.6,3.6,4.34,11.8,22.63,100,71,Kota Malang,-7.9797,112.6304
2023-01-09,28.0,20.2,23.8,3.6,3.6,4.4,11.4,22.66,99,67,Kota Malang,-7.9797,112.6304
2023-01-10,27.6,20.7,24.0,4.7,4.7,4.41,11.8,23.17,98,73,Kota Malang,-7.9797,112.6304
2023-01-11,27.4,21.3,24.0,2.2,2.2,3.99,10.5,20.58,100,70,Kota Malang,-7.9797,112.6304
2023-01-12,27.6,19.9,23.4,0.6,0.6,4.45,12.4,23.43,95,70,Kota Malang,-7.9797,112.6304
2023-01-13,27.7,20.7,23.8,0.5,0.5,4.56,13.1,23.5,97,68,Kota Malang,-7.9797,112.6304
2023-01-14,27.7,20.1,23.4,14.8,14.8,3.55,5.9,17.97,100,74,Kota Malang,-7.9797,112.6304
2023-01-15,27.4,20.9,23.5,22.0,22.0,3.3,6.8,17.09,100,78,Kota Malang,-7.9797,112.6304
2023-01-16,27.4,21.5,23.7,17.3,17.3,3.07,8.9,15.56,97,76,Kota Malang,-7.9797,112.6304
2023-01-17,26.7,21.4,23.6,14.1,14.1,3.04,8.2,15.66,100,81,Kota Malang,-7.9797,112.6304
2023-01-18,27.1,21.3,23.6,3.4,3.4,3.46,11.4,17.85,100,72,Kota Malang,-7.9797,112.6304
2023-01-19,27.7,21.1,23.6,10.9,10.9,4.15,10.1,21.56,100,69,Kota Malang,-7.9797,112.6304
2023-01-20,26.7,21.7,23.5,12.3,12.3,3.22,9.4,16.8,100,76,Kota Malang,-7.9797,112.6304
2023-01-21,27.9,21.1,23.5,11.5,11.5,3.75,8.3,19.35,100,68,Kota Malang,-7.9797,112.6304
2023-01-22,27.0,20.8,23.8,2.0,2.0,4.04,8.0,21.11,100,75,Kota Malang,-7.9797,112.6304
2023-01-23,29.2,20.3,24.3,0.7,0.7,5.19,9.0,26.31,100,53,Kota Malang,-7.9797,112.6304
2023-01-24,28.6,20.9,24.4,0.7,0.7,4.65,9.3,23.67,95,68,Kota Malang,-7.9797,112.6304
2023-01-25,27.2,21.4,23.7,8.1,8.1,3.48,9.0,18.09,98,76,Kota Malang,-7.9797,112.6304
2023-01-26,26.3,21.7,23.2,21.2,21.2,2.19,11.0,10.97,99,79,Kota Malang,-7.9797,112.6304
2023-01-27,26.0,21.5,23.3,18.5,18.5,2.24,8.1,10.95,100,73,Kota Malang,-7.9797,112.6304
2023-01-28,25.2,21.4,23.1,34.5,34.5,1.86,7.1,9.19,100,80,Kota Malang,-7.9797,112.6304
2023-01-29,27.4,22.1,24.0,36.5,36.5,3.29,6.7,16.26,99,70,Kota Malang,-7.9797,112.6304
2023-01-30,27.7,22.2,24.1,7.4,7.4,3.01,7.6,15.06,99,77,Kota Malang,-7.9797,112.6304
2023-01-31,26.9,22.3,23.8,11.8,11.8,2.5,12.6,12.46,100,73,Kota Malang,-7.9797,112.6304
2023-02-01,28.2,21.7,23.8,32.7,32.7,2.94,9.2,14.44,100,70,Kota Malang,-7.9797,112.6304
2023-02-02,26.5,21.6,23.7,2.5,2.5,1.46,8.3,6.17,99,72,Kota Malang,-7.9797,112.6304
2023-02-03,26.6,22.2,23.8,8.6,8.6,1.84,8.4,8.39,99,76,Kota Malang,-7.9797,112.6304
2023-02-04,27.6,22.1,24.1,17.2,17.2,3.25,9.0,16.32,97,69,Kota Malang,-7.9797,112.6304
2023-02-05,27.7,21.8,24.0,5.8,5.8,3.52,10.8,17.31,97,61,Kota Malang,-7.9797,112.6304
2023-02-06,27.1,21.4,23.6,5.1,5.1,2.94,8.4,14.49,100,72,Kota Malang,-7.9797,112.6304
2023-02-07,26.9,21.1,23.4,40.1,40.1,2.44,6.8,12.12,100,80,Kota Malang,-7.9797,112.6304
2023-02-08,26.3,22.0,23.6,39.0,39.0,2.02,7.4,9.72,98,78,Kota Malang,-7.9797,112.6304
2023-02-09,27.5,21.6,23.8,39.0,39.0,3.15,8.3,15.8,97,75,Kota Malang,-7.9797,112.6304
2023-02-10,28.4,21.3,24.1,22.4,22.4,3.92,9.4,20.04,98,72,Kota Malang,-7.9797,112.6304
2023-02-11,27.4,21.8,23.9,63.0,63.0,3.09,9.1,15.47,97,79,Kota Malang,-7.9797,112.6304
2023-02-12,26.8,22.3,23.7,33.1,33.1,3.2,8.0,16.32,100,79,Kota Malang,-7.9797,112.6304
2023-02-13,26.1,21.5,23.0,9.2,9.2,2.46,10.1,12.77,100,81,Kota Malang,-7.9797,112.6304
2023-02-14,27.5,20.9,23.3,6.7,6.7,3.71,12.2,19.44,100,70,Kota Malang,-7.9797,112.6304
2023-02-15,25.9,21.3,22.9,15.0,15.0,2.67,12.9,14.19,100,82,Kota Malang,-7.9797,112.6304
2023-02-16,25.9,21.7,23.2,24.3,24.3,2.21,6.6,11.18,100,84,Kota Malang,-7.9797,112.6304
2023-02-17,26.8,21.1,23.4,10.5,10.5,2.65,10.4,13.43,100,82,Kota Malang,-7.9797,112.6304
2023-02-18,27.7,20.9,23.5,9.8,9.8,3.49,13.6,18.04,100,73,Kota Malang,-7.9797,112.6304
2023-02-19,27.8,21.1,23.7,5.2,5.2,3.78,9.7,19.38,100,66,Kota Malang,-7.9797,112.6304
2023-02-20,27.8,20.4,23.8,8.2,8.2,3.89,9.5,20.17,100,70,Kota Malang,-7.9797,112.6304
2023-02-21,28.9,20.6,24.1,2.4,2.4,4.36,7.8,21.86,100,64,Kota Malang,-7.9797,112.6304
2023-02-22,28.3,21.4,23.9,22.2,22.2,3.42,6.8,17.27,100,73,Kota Malang,-7.9797,112.6304
2023-02-23,27.9,21.6,24.6,19.4,19.4,3.39,6.2,16.64,98,72,Kota Malang,-7.9797,112.6304
2023-02-24,27.2,22.2,24.1,31.8,31.8,2.78,7.1,14.11,98,82,Kota Malang,-7.9797,112.6304
2023-02-25,28.1,22.1,24.3,69.9,69.9,3.38,9.7,17.06,98,73,Kota Malang,-7.9797,112.6304
2023-02-26,28.8,21.8,24.1,13.4,13.4,3.66,7.6,17.96,98,63,Kota Malang,-7.9797,112.6304
2023-02-27,28.3,21.5,24.3,12.6,12.6,3.78,6.2,18.64,100,74,Kota Malang,-7.9797,112.6304
2023-02-28,28.7,21.8,24.1,32.9,32.9,3.7,7.9,18.42,100,71,Kota Malang,-7.9797,112.6304
2023-03-01,26.6,21.3,23.3,16.3,16.3,3.37,13.6,17.64,100,76,Kota Malang,-7.9797,112.6304
2023-03-02,26.8,20.6,23.1,35.8,35.8,3.36,9.8,17.4,97,75,Kota Malang,-7.9797,112.6304
2023-03-03,29.0,21.1,24.2,2.8,2.8,4.68,10.9,23.36,99,56,Kota Malang,-7.9797,112.6304
2023-03-04,28.6,20.6,23.8,8.7,8.7,4.49,9.5,23.17,98,61,Kota Malang,-7.9797,112.6304
2023-03-05,27.7,20.6,23.3,18.4,18.4,3.11,8.1,15.94,99,73,Kota Malang,-7.9797,112.6304
2023-03-06,26.7,21.4,23.6,4.5,4.5,3.98,12.1,21.2,100,74,Kota Malang,-7.9797,112.6304
2023-03-07,28.4,19.9,24.0,0.2,0.2,5.02,10.5,25.83,98,63,Kota Malang,-7.9797,112.6304
2023-03-08,27.2,20.3,23.2,8.8,8.8,3.83,11.2,20.6,98,79,Kota Malang,-7.9797,112.6304
2023-03-09,28.4,21.0,24.0,0.4,0.4,4.83,7.8,24.76,94,64,Kota Malang,-7.9797,112.6304
2023-03-10,27.4,21.4,23.8,2.9,2.9,3.58,6.5,18.27,94,72,Kota Malang,-7.9797,112.6304
2023-03-11,28.6,21.1,24.6,0.1,0.1,4.45,10.8,22.4,93,65,Kota Malang,-7.9797,112.6304
2023-03-12,29.3,21.6,24.9,0.4,0.4,5.42,11.2,27.46,96,56,Kota Malang,-7.9797,112.6304
2023-03-13,27.8,21.1,23.7,5.3,5.3,4.58,9.1,23.7,99,68,Kota Malang,-7.9797,112.6304
2023-03-14,27.3,19.8,23.2,4.0,4.0,3.87,8.3,20.22,93,75,Kota Malang,-7.9797,112.6304
2023-03-15,28.1,21.7,24.3,0.4,0.4,4.27,11.3,21.8,96,67,Kota Malang,-7.9797,112.6304
2023-03-16,26.2,22.0,23.9,1.5,1.5,3.31,10.4,17.4,98,76,Kota Malang,-7.9797,112.6304
2023-03-17,27.6,21.7,24.0,1.0,1.0,3.82,6.6,19.38,94,70,Kota Malang,-7.9797,112.6304
2023-03-18,27.8,21.2,23.9,3.6,3.6,3.75,7.0,19.32,97,73,Kota Malang,-7.9797,112.6304
2023-03-19,27.5,21.5,24.2,6.1,6.1,3.85,10.1,19.94,98,73,Kota Malang,-7.9797,112.6304
2023-03-20,26.6,21.5,23.7,9.9,9.9,3.16,6.6,16.12,99,78,Kota Malang,-7.9797,112.6304
2023-03-21,28.8,21.1,24.5,0.6,0.6,4.32,11.3,22.06,96,67,Kota Malang,-7.9797,112.6304
2023-03-22,28.4,22.1,24.4,7.9,7.9,3.39,9.2,17.1,94,74,Kota Malang,-7.9797,112.6304
2023-03-23,28.5,22.0,24.5,2.0,2.0,4.07,7.3,20.51,98,72,Kota Malang,-7.9797,112.6304
2023-03-24,27.7,21.7,24.0,45.6,45.6,2.79,6.0,13.95,97,74,Kota Malang,-7.9797,112.6304
2023-03-25,28.3,21.3,24.1,5.4,5.4,3.26,9.8,16.56,94,62,Kota Malang,-7.9797,112.6304
2023-03-26,27.5,21.3,23.9,14.1,14.1,3.36,10.0,17.28,96,73,Kota Malang,-7.9797,112.6304
2023-03-27,26.9,21.1,23.7,36.6,36.6,2.65,7.7,13.49,97,80,Kota Malang,-7.9797,112.6304
2023-03-28,27.0,21.7,23.8,24.9,24.9,3.02,9.3,15.31,97,74,Kota Malang,-7.9797,112.6304
2023-03-29,28.1,22.3,24.5,10.5,10.5,3.75,7.6,19.17,96,66,Kota Malang,-7.9797,112.6304
2023-03-30,28.0,21.7,24.5,13.8,13.8,3.77,10.1,19.15,93,70,Kota Malang,-7.9797,112.6304
2023-03-31,27.4,21.6,23.6,37.9,37.9,2.8,8.0,14.24,97,77,Kota Malang,-7.9797,112.6304
2023-04-01,27.0,21.7,23.4,9.7,9.7,3.0,10.7,15.46,100,78,Kota Malang,-7.9797,112.6304
2023-04-02,26.4,21.3,23.2,16.7,16.7,2.8,6.9,14.66,100,86,Kota Malang,-7.9797,112.6304
2023-04-03,26.5,21.4,23.3,19.0,19.0,2.77,8.6,14.51,97,84,Kota Malang,-7.9797,112.6304
2023-04-04,26.8,21.3,23.3,22.0,22.0,3.14,7.9,16.49,100,80,Kota Malang,-7.9797,112.6304
2023-04-05,27.6,20.9,23.7,23.7,23.7,3.92,7.1,20.16,95,70,Kota Malang,-7.9797,112.6304
2023-04-06,27.7,20.6,23.3,19.6,19.6,3.63,10.4,19.26,99,76,Kota Malang,-7.9797,112.6304
2023-04-07,26.9,21.4,23.7,5.4,5.4,2.94,7.4,14.72,98,73,Kota Malang,-7.9797,112.6304
2023-04-08,28.3,20.2,23.7,2.5,2.5,3.97,7.2,20.32,98,65,Kota Malang,-7.9797,112.6304
2023-04-09,28.6,20.7,23.9,1.7,1.7,4.07,9.5,20.54,96,64,Kota Malang,-7.9797,112.6304
2023-04-10,27.9,21.4,23.7,3.6,3.6,3.73,12.5,19.46,100,70,Kota Malang,-7.9797,112.6304
2023-04-11,27.5,20.8,23.6,9.6,9.6,3.06,9.1,15.9,100,79,Kota Malang,-7.9797,112.6304
2023-04-12,26.5,22.0,23.8,21.6,21.6,2.86,8.7,14.84,100,83,Kota Malang,-7.9797,112.6304
2023-04-13,26.3,21.9,23.5,15.8,15.8,2.04,8.1,10.05,100,79,Kota Malang,-7.9797,112.6304
2023-04-14,27.0,20.6,23.2,7.8,7.8,2.93,9.3,15.01,100,75,Kota Malang,-7.9797,112.6304
2023-04-15,26.8,20.8,23.4,9.0,9.0,2.97,9.7,15.59,98,82,Kota Malang,-7.9797,112.6304
2023-04-16,28.6,21.4,24.4,3.8,3.8,4.18,7.4,21.27,100,71,Kota Malang,-7.9797,112.6304
2023-04-17,27.0,21.8,23.8,22.3,22.3,2.91,8.4,14.93,98,76,Kota Malang,-7.9797,112.6304
2023-04-18,27.5,21.9,24.0,0.3,0.3,2.77,8.8,13.96,93,73,Kota Malang,-7.9797,112.6304
2023-04-19,28.6,21.9,24.9,0.3,0.3,4.43,5.6,22.7,96,70,Kota Malang,-7.9797,112.6304
2023-04-20,28.7,22.2,24.6,3.6,3.6,4.21,10.8,21.92,96,68,Kota Malang,-7.9797,112.6304
2023-04-21,28.1,20.6,24.0,4.2,4.2,3.82,10.0,19.67,96,69,Kota Malang,-7.9797,112.6304
2023-04-22,27.7,21.1,24.0,5.0,5.0,3.8,10.4,19.57,95,71,Kota Malang,-7.9797,112.6304
2023-04-23,28.2,21.3,24.5,1.4,1.4,3.67,10.5,18.85,93,72,Kota Malang,-7.9797,112.6304
2023-04-24,28.4,21.1,24.4,1.6,1.6,3.98,9.0,20.35,98,70,Kota Malang,-7.9797,112.6304
2023-04-25,29.0,21.7,24.8,0.1,0.1,4.26,9.8,21.44,98,68,Kota Malang,-7.9797,112.6304
2023-04-26,27.7,21.7,24.0,7.3,7.3,2.9,11.4,14.75,96,72,Kota Malang,-7.9797,112.6304
2023-04-27,27.6,21.4,24.0,1.4,1.4,3.23,8.4,16.47,95,69,Kota Malang,-7.9797,112.6304
2023-04-28,26.8,21.7,24.1,6.2,6.2,2.77,8.0,14.12,96,77,Kota Malang,-7.9797,112.6304
2023-04-29,26.6,22.0,23.9,32.0,32.0,2.38,9.2,12.15,96,82,Kota Malang,-7.9797,112.6304
2023-04-30,28.4,21.5,24.2,22.3,22.3,3.38,8.2,17.29,94,77,Kota Malang,-7.9797,112.6304
2023-05-01,28.3,21.6,24.2,24.5,24.5,3.79,7.6,19.81,96,76,Kota Malang,-7.9797,112.6304
2023-05-02,27.4,21.3,24.1,10.5,10.5,2.55,7.6,13.15,99,80,Kota Malang,-7.9797,112.6304
2023-05-03,28.2,21.7,24.7,0.2,0.2,3.68,10.7,18.9,96,75,Kota Malang,-7.9797,112.6304
2023-05-04,28.1,22.6,24.7,0.1,0.1,3.33,10.6,16.79,95,69,Kota Malang,-7.9797,112.6304
2023-05-05,28.3,21.4,24.7,0.3,0.3,3.84,7.6,19.62,96,70,Kota Malang,-7.9797,112.6304
2023-05-06,27.6,21.9,24.3,2.0,2.0,3.35,8.0,17.18,95,77,Kota Malang,-7.9797,112.6304
2023-05-07,27.0,22.4,24.5,0.1,0.1,3.38,7.1,17.31,98,77,Kota Malang,-7.9797,112.6304
2023-05-08,28.1,22.1,24.6,0.0,0.0,3.94,9.8,20.17,96,67,Kota Malang,-7.9797,112.6304
2023-05-09,27.4,22.1,23.9,0.8,0.8,2.89,7.6,14.66,94,73,Kota Malang,-7.9797,112.6304
2023-05-10,26.7,21.9,24.1,0.2,0.2,2.44,11.5,12.2,95,80,Kota Malang,-7.9797,112.6304
2023-05-11,27.5,21.6,24.3,0.3,0.3,2.79,12.0,14.16,96,73,Kota Malang,-7.9797,112.6304
2023-05-12,28.6,22.4,25.0,0.0,0.0,3.44,8.1,17.13,94,65,Kota Malang,-7.9797,112.6304
2023-05-13,27.2,21.5,23.7,0.1,0.1,3.62,16.9,18.75,93,71,Kota Malang,-7.9797,112.6304
2023-05-14,26.3,21.0,23.2,0.0,0.0,3.32,14.8,16.98,91,75,Kota Malang,-7.9797,112.6304
2023-05-15,26.8,21.0,23.2,0.1,0.1,3.26,13.5,16.08,91,69,Kota Malang,-7.9797,112.6304
2023-05-16,26.3,20.5,22.8,2.4,2.4,3.09,10.9,15.98,89,72,Kota Malang,-7.9797,112.6304
2023-05-17,26.9,19.9,22.9,0.2,0.2,3.37,10.4,17.38,93,67,Kota Malang,-7.9797,112.6304
2023-05-18,26.9,19.3,22.8,3.5,3.5,3.67,9.6,19.51,95,71,Kota Malang,-7.9797,112.6304
2023-05-19,27.8,19.9,23.5,1.5,1.5,3.82,8.0,19.8,95,63,Kota Malang,-7.9797,112.6304
2023-05-20,28.3,19.8,23.9,0.1,0.1,4.25,11.2,21.79,94,57,Kota Malang,-7.9797,112.6304
2023-05-21,27.9,19.6,23.8,0.0,0.0,4.3,8.8,22.31,97,55,Kota Malang,-7.9797,112.6304
2023-05-22,27.6,19.8,23.3,0.0,0.0,4.22,9.4,21.94,93,57,Kota Malang,-7.9797,112.6304
2023-05-23,27.2,19.1,23.2,0.6,0.6,3.86,8.1,20.1,96,59,Kota Malang,-7.9797,112.6304
2023-05-24,28.0,19.9,23.8,0.3,0.3,4.04,8.7,20.57,97,56,Kota Malang,-7.9797,112.6304
2023-05-25,28.4,21.2,24.2,0.0,0.0,4.3,10.0,22.14,96,59,Kota Malang,-7.9797,112.6304
2023-05-26,28.6,20.1,24.2,0.0,0.0,3.95,7.0,19.9,94,55,Kota Malang,-7.9797,112.6304
2023-05-27,27.7,20.9,23.8,0.0,0.0,3.89,12.1,18.99,94,62,Kota Malang,-7.9797,112.6304
2023-05-28,26.8,20.7,23.5,0.0,0.0,3.66,12.2,18.64,92,65,Kota Malang,-7.9797,112.6304
2023-05-29,28.4,20.7,24.0,0.0,0.0,4.25,8.7,21.82,95,53,Kota Malang,-7.9797,112.6304
2023-05-30,28.1,19.2,23.5,0.0,0.0,4.03,11.1,20.22,95,52,Kota Malang,-7.9797,112.6304
2023-05-31,28.0,19.6,23.7,0.0,0.0,3.95,8.4,20.27,88,56,Kota Malang,-7.9797,112.6304
2023-06-01,28.3,20.0,23.8,0.1,0.1,3.69,10.7,18.48,95,54,Kota Malang,-7.9797,112.6304
2023-06-02,27.8,22.2,24.2,0.6,0.6,3.13,11.5,15.81,97,68,Kota Malang,-7.9797,112.6304
2023-06-03,28.4,21.4,24.5,0.6,0.6,3.72,11.9,18.65,96,67,Kota Malang,-7.9797,112.6304
2023-06-04,26.5,22.0,23.6,7.8,7.8,2.54,8.8,13.01,98,75,Kota Malang,-7.9797,112.6304
2023-06-05,27.2,21.9,23.6,21.2,21.2,2.95,9.3,15.19,96,76,Kota Malang,-7.9797,112.6304
2023-06-06,25.1,21.1,22.9,16.4,16.4,1.86,12.9,9.47,99,81,Kota Malang,-7.9797,112.6304
2023-06-07,26.6,21.3,23.0,48.2,48.2,2.65,7.4,13.65,100,74,Kota Malang,-7.9797,112.6304
2023-06-08,27.3,21.3,23.8,0.0,0.0,3.32,8.4,17.04,96,71,Kota Malang,-7.9797,112.6304
2023-06-09,27.4,22.2,24.1,0.0,0.0,3.46,9.8,17.69,95,70,Kota Malang,-7.9797,112.6304
2023-06-10,26.8,20.5,23.5,0.3,0.3,3.24,7.7,16.91,96,70,Kota Malang,-7.9797,112.6304
2023-06-11,26.9,22.4,23.9,4.0,4.0,2.71,7.9,13.77,95,75,Kota Malang,-7.9797,112.6304
2023-06-12,27.1,20.7,23.7,1.1,1.1,3.16,8.4,16.17,97,65,Kota Malang,-7.9797,112.6304
2023-06-13,27.0,21.3,24.0,0.1,0.1,3.17,8.9,16.14,95,65,Kota Malang,-7.9797,112.6304
2023-06-14,26.8,21.4,23.5,0.0,0.0,3.25,8.7,16.56,94,62,Kota Malang,-7.9797,112.6304
2023-06-15,26.8,21.4,23.3,0.0,0.0,2.87,8.8,14.72,95,69,Kota Malang,-7.9797,112.6304
2023-06-16,27.4,21.6,23.8,0.0,0.0,3.47,7.1,17.84,96,63,Kota Malang,-7.9797,112.6304
2023-06-17,28.9,20.5,23.9,1.6,1.6,3.89,10.7,19.95,95,64,Kota Malang,-7.9797,112.6304
2023-06-18,29.2,20.3,24.1,0.0,0.0,4.05,12.3,20.09,93,54,Kota Malang,-7.9797,112.6304
2023-06-19,29.1,20.7,24.4,0.3,0.3,3.76,10.1,18.68,88,62,Kota Malang,-7.9797,112.6304
2023-06-20,29.2,20.9,24.5,0.2,0.2,3.89,9.8,19.41,87,58,Kota Malang,-7.9797,112.6304
2023-06-21,28.3,22.0,24.4,0.2,0.2,3.94,15.4,19.36,88,65,Kota Malang,-7.9797,112.6304
2023-06-22,29.2,21.5,24.5,0.0,0.0,3.95,13.5,19.49,91,55,Kota Malang,-7.9797,112.6304
2023-06-23,28.2,20.2,23.8,0.5,0.5,3.78,7.2,19.52,94,61,Kota Malang,-7.9797,112.6304
2023-06-24,28.6,19.8,23.5,0.8,0.8,3.73,9.7,19.08,97,60,Kota Malang,-7.9797,112.6304
2023-06-25,27.6,20.4,23.8,3.3,3.3,3.59,8.1,18.39,100,65,Kota Malang,-7.9797,112.6304
2023-06-26,27.7,19.8,23.1,2.2,2.2,3.43,9.2,17.59,100,63,Kota Malang,-7.9797,112.6304
2023-06-27,26.0,20.7,22.5,10.1,10.1,2.23,12.6,11.43,98,75,Kota Malang,-7.9797,112.6304
2023-06-28,25.3,21.6,22.9,13.6,13.6,2.55,13.3,14.15,97,82,Kota Malang,-7.9797,112.6304
2023-06-29,26.5,21.8,23.5,3.3,3.3,2.83,12.3,14.88,96,74,Kota Malang,-7.9797,112.6304
2023-06-30,27.4,21.4,23.5,8.9,8.9,3.2,10.0,16.55,95,70,Kota Malang,-7.9797,112.6304
2023-07-01,25.0,21.8,22.9,21.2,21.2,2.31,13.5,12.8,97,83,Kota Malang,-7.9797,112.6304
2023-07-02,24.6,21.8,22.7,32.2,32.2,2.1,13.7,11.29,97,82,Kota Malang,-7.9797,112.6304
2023-07-03,25.6,20.3,22.7,6.3,6.3,2.56,10.5,13.82,99,80,Kota Malang,-7.9797,112.6304
2023-07-04,26.7,21.1,22.9,16.9,16.9,2.74,10.4,14.41,100,78,Kota Malang,-7.9797,112.6304
2023-07-05,25.4,21.6,23.0,5.5,5.5,2.4,9.0,13.0,98,84,Kota Malang,-7.9797,112.6304
2023-07-06,25.6,21.9,23.1,4.9,4.9,2.47,10.9,12.94,98,80,Kota Malang,-7.9797,112.6304
2023-07-07,24.2,21.3,22.1,34.0,34.0,1.56,13.7,8.01,99,85,Kota Malang,-7.9797,112.6304
2023-07-08,25.9,21.3,23.0,2.4,2.4,2.4,7.6,12.59,99,79,Kota Malang,-7.9797,112.6304
2023-07-09,26.2,20.1,23.0,0.0,0.0,3.43,6.8,18.36,97,71,Kota Malang,-7.9797,112.6304
2023-07-10,26.7,20.8,23.1,0.1,0.1,2.98,9.8,15.79,96,76,Kota Malang,-7.9797,112.6304
2023-07-11,26.2,19.9,22.6,0.0,0.0,3.21,10.4,16.84,100,68,Kota Malang,-7.9797,112.6304
2023-07-12,26.0,19.3,22.4,0.2,0.2,3.45,11.7,18.5,94,68,Kota Malang,-7.9797,112.6304
2023-07-13,25.0,21.0,22.7,1.1,1.1,1.96,11.5,9.96,93,82,Kota Malang,-7.9797,112.6304
2023-07-14,24.8,21.3,22.7,0.1,0.1,2.73,14.8,14.68,94,76,Kota Malang,-7.9797,112.6304
2023-07-15,25.9,21.2,22.9,0.4,0.4,2.99,12.8,15.81,95,74,Kota Malang,-7.9797,112.6304
2023-07-16,24.6,20.1,22.0,0.7,0.7,2.6,13.0,14.17,95,77,Kota Malang,-7.9797,112.6304
2023-07-17,26.4,17.0,21.8,0.0,0.0,3.66,8.4,19.72,100,65,Kota Malang,-7.9797,112.6304
2023-07-18,26.9,18.1,22.4,1.3,1.3,4.05,8.3,21.72,98,59,Kota Malang,-7.9797,112.6304
2023-07-19,25.7,19.1,21.9,0.0,0.0,3.87,16.8,21.03,99,66,Kota Malang,-7.9797,112.6304
2023-07-20,25.6,18.5,21.6,0.0,0.0,4.06,14.7,21.88,91,60,Kota Malang,-7.9797,112.6304
2023-07-21,25.4,19.2,21.8,0.0,0.0,3.58,15.2,19.42,90,69,Kota Malang,-7.9797,112.6304
2023-07-22,26.8,18.8,22.5,0.0,0.0,3.78,9.6,19.88,91,63,Kota Malang,-7.9797,112.6304
2023-07-23,26.2,19.5,22.5,0.0,0.0,3.71,7.3,19.58,95,66,Kota Malang,-7.9797,112.6304
2023-07-24,27.0,18.5,22.4,0.3,0.3,3.55,10.2,18.6,96,68,Kota Malang,-7.9797,112.6304
2023-07-25,28.3,18.3,22.6,0.0,0.0,4.13,11.4,21.59,96,60,Kota Malang,-7.9797,112.6304
2023-07-26,26.6,19.4,22.3,0.0,0.0,3.64,12.7,18.94,98,61,Kota Malang,-7.9797,112.6304
2023-07-27,25.9,17.4,21.4,0.0,0.0,3.78,12.3,20.35,95,66,Kota Malang,-7.9797,112.6304
2023-07-28,26.0,17.9,21.6,0.0,0.0,3.54,12.2,18.76,99,63,Kota Malang,-7.9797,112.6304
2023-07-29,26.0,18.3,21.8,0.0,0.0,3.84,10.1,20.57,95,62,Kota Malang,-7.9797,112.6304
2023-07-30,26.3,17.5,21.7,0.0,0.0,3.99,12.0,21.02,98,60,Kota Malang,-7.9797,112.6304
2023-07-31,26.5,18.6,21.7,0.0,0.0,3.83,11.3,20.64,99,58,Kota Malang,-7.9797,112.6304
2023-08-01,28.7,17.9,22.8,0.0,0.0,4.2,10.0,21.59,95,56,Kota Malang,-7.9797,112.6304
2023-08-02,29.1,19.1,23.6,1.3,1.3,4.13,8.6,20.69,98,57,Kota Malang,-7.9797,112.6304
2023-08-03,28.2,20.4,23.3,0.8,0.8,3.79,11.8,19.32,95,63,Kota Malang,-7.9797,112.6304
2023-08-04,25.0,20.3,22.5,0.2,0.2,3.02,15.9,16.22,98,70,Kota Malang,-7.9797,112.6304
2023-08-05,28.3,19.3,22.9,0.8,0.8,4.18,13.0,21.84,94,50,Kota Malang,-7.9797,112.6304
2023-08-06,27.4,20.7,23.3,0.5,0.5,3.64,12.4,18.62,98,64,Kota Malang,-7.9797,112.6304
2023-08-07,27.5,19.4,23.1,0.2,0.2,3.69,11.2,18.95,98,60,Kota Malang,-7.9797,112.6304
2023-08-08,27.5,18.4,22.7,0.0,0.0,4.14,10.3,21.59,98,60,Kota Malang,-7.9797,112.6304
2023-08-09,27.6,17.4,22.1,0.0,0.0,4.32,6.3,22.67,98,44,Kota Malang,-7.9797,112.6304
2023-08-10,27.6,17.7,21.8,0.0,0.0,4.59,11.3,24.27,94,49,Kota Malang,-7.9797,112.6304
2023-08-11,27.2,18.2,21.8,0.0,0.0,4.67,13.1,24.08,90,47,Kota Malang,-7.9797,112.6304
2023-08-12,27.6,17.3,21.5,0.0,0.0,4.53,9.7,23.77,96,53,Kota Malang,-7.9797,112.6304
2023-08-13,28.2,16.9,22.2,0.0,0.0,4.38,10.1,22.37,94,50,Kota Malang,-7.9797,112.6304
2023-08-14,27.5,17.8,22.1,0.0,0.0,4.35,11.2,22.36,97,52,Kota Malang,-7.9797,112.6304
2023-08-15,28.2,18.8,22.8,0.0,0.0,4.45,13.3,22.67,97,57,Kota Malang,-7.9797,112.6304
2023-08-16,27.8,18.5,22.5,0.0,0.0,4.61,15.3,23.39,91,53,Kota Malang,-7.9797,112.6304
2023-08-17,25.6,19.3,21.6,0.6,0.6,3.26,18.4,17.13,91,64,Kota Malang,-7.9797,112.6304
2023-08-18,26.9,18.8,21.9,0.1,0.1,3.51,13.8,17.67,98,60,Kota Malang,-7.9797,112.6304
2023-08-19,27.9,18.3,22.7,0.0,0.0,4.25,11.9,21.95,98,56,Kota Malang,-7.9797,112.6304
2023-08-20,28.5,18.6,22.7,0.1,0.1,4.03,15.5,20.47,95,52,Kota Malang,-7.9797,112.6304
2023-08-21,27.7,19.5,22.9,0.0,0.0,3.98,14.5,19.99,93,58,Kota Malang,-7.9797,112.6304
2023-08-22,27.1,19.4,22.5,0.0,0.0,3.9,15.0,20.24,97,55,Kota Malang,-7.9797,112.6304
2023-08-23,27.1,18.5,22.1,0.0,0.0,3.83,14.2,19.86,99,56,Kota Malang,-7.9797,112.6304
2023-08-24,27.8,19.3,23.1,0.0,0.0,4.18,10.1,21.36,97,58,Kota Malang,-7.9797,112.6304
2023-08-25,28.3,20.5,23.3,0.7,0.7,3.89,14.0,19.78,95,60,Kota Malang,-7.9797,112.6304
2023-08-26,27.6,19.9,22.8,0.0,0.0,3.96,13.4,20.46,98,57,Kota Malang,-7.9797,112.6304
2023-08-27,28.5,17.4,22.3,1.0,1.0,4.38,15.2,22.37,100,54,Kota Malang,-7.9797,112.6304
2023-08-28,28.3,18.1,22.8,0.1,0.1,4.6,12.8,23.31,95,47,Kota Malang,-7.9797,112.6304
2023-08-29,28.7,18.8,23.1,0.4,0.4,4.64,9.5,23.33,98,48,Kota Malang,-7.9797,112.6304
2023-08-30,29.7,17.9,23.1,0.0,0.0,4.79,11.3,23.72,98,42,Kota Malang,-7.9797,112.6304
2023-08-31,27.7,20.1,22.9,0.0,0.0,3.83,14.4,18.97,100,58,Kota Malang,-7.9797,112.6304
2023-09-01,27.5,19.6,22.4,0.0,0.0,4.28,13.2,21.96,96,59,Kota Malang,-7.9797,112.6304
2023-09-02,26.9,16.1,21.5,0.2,0.2,4.37,17.5,22.56,94,49,Kota Malang,-7.9797,112.6304
2023-09-03,27.9,17.2,22.0,0.6,0.6,4.33,14.6,22.01,97,46,Kota Malang,-7.9797,112.6304
2023-09-04,27.3,17.1,21.9,0.1,0.1,4.92,12.2,25.6,94,41,Kota Malang,-7.9797,112.6304
2023-09-05,27.9,17.3,22.2,0.0,0.0,4.55,14.3,23.18,92,52,Kota Malang,-7.9797,112.6304
2023-09-06,27.1,20.3,23.2,0.0,0.0,4.11,15.9,20.16,95,60,Kota Malang,-7.9797,112.6304
2023-09-07,27.7,19.6,22.9,0.0,0.0,4.18,15.1,20.52,99,57,Kota Malang,-7.9797,112.6304
2023-09-08,29.2,18.4,23.0,0.0,0.0,5.06,13.4,24.82,98,47,Kota Malang,-7.9797,112.6304
2023-09-09,29.3,17.2,22.5,0.0,0.0,5.32,13.4,26.63,95,44,Kota Malang,-7.9797,112.6304
2023-09-10,28.7,19.0,22.8,0.0,0.0,3.98,15.7,19.16,98,50,Kota Malang,-7.9797,112.6304
2023-09-11,29.8,20.2,23.9,1.3,1.3,4.43,13.5,21.6,96,48,Kota Malang,-7.9797,112.6304
2023-09-12,29.5,21.3,24.2,0.4,0.4,4.59,13.0,22.42,98,54,Kota Malang,-7.9797,112.6304
2023-09-13,29.3,19.7,23.8,0.8,0.8,5.02,13.8,24.78,96,52,Kota Malang,-7.9797,112.6304
2023-09-14,26.1,20.1,22.8,5.1,5.1,3.57,15.8,17.98,97,65,Kota Malang,-7.9797,112.6304
2023-09-15,28.3,18.4,23.1,0.5,0.5,4.56,13.0,23.0,95,53,Kota Malang,-7.9797,112.6304
2023-09-16,29.8,18.8,23.5,2.3,2.3,4.33,12.4,21.46,96,50,Kota Malang,-7.9797,112.6304
2023-09-17,28.8,20.9,24.0,0.2,0.2,4.48,14.4,21.87,94,58,Kota Malang,-7.9797,112.6304
2023-09-18,28.0,19.8,23.2,0.0,0.0,4.59,16.6,22.98,98,56,Kota Malang,-7.9797,112.6304
2023-09-19,28.9,19.4,23.5,0.0,0.0,4.78,13.8,23.26,90,50,Kota Malang,-7.9797,112.6304
2023-09-20,29.3,19.3,23.6,0.0,0.0,5.01,13.1,24.8,93,52,Kota Malang,-7.9797,112.6304
2023-09-21,29.5,19.2,23.6,0.0,0.0,5.53,14.5,26.93,88,47,Kota Malang,-7.9797,112.6304
2023-09-22,28.5,19.1,22.8,0.0,0.0,5.42,17.0,27.03,92,36,Kota Malang,-7.9797,112.6304
2023-09-23,28.4,17.5,22.9,0.0,0.0,4.73,15.5,23.9,100,52,Kota Malang,-7.9797,112.6304
2023-09-24,29.6,19.0,23.8,0.1,0.1,4.98,14.5,24.57,95,45,Kota Malang,-7.9797,112.6304
2023-09-25,29.4,20.2,23.8,0.0,0.0,5.18,19.0,25.39,97,43,Kota Malang,-7.9797,112.6304
2023-09-26,30.9,19.1,23.8,0.0,0.0,5.54,15.8,26.4,94,29,Kota Malang,-7.9797,112.6304
2023-09-27,31.3,19.2,24.4,0.0,0.0,5.47,14.1,25.93,94,34,Kota Malang,-7.9797,112.6304
2023-09-28,31.0,20.2,24.6,0.2,0.2,5.41,12.1,25.99,97,41,Kota Malang,-7.9797,112.6304
2023-09-29,32.2,20.3,25.0,0.0,0.0,5.63,14.7,26.48,95,32,Kota Malang,-7.9797,112.6304
2023-09-30,31.2,21.0,24.7,0.0,0.0,5.42,16.9,25.55,95,35,Kota Malang,-7.9797,112.6304
2023-10-01,30.9,20.5,24.5,0.0,0.0,5.62,17.7,26.71,92,38,Kota Malang,-7.9797,112.6304
2023-10-02,29.7,20.6,24.2,0.1,0.1,5.01,16.4,23.96,92,49,Kota Malang,-7.9797,112.6304
2023-10-03,30.0,20.8,24.3,2.5,2.5,4.27,11.0,20.36,92,49,Kota Malang,-7.9797,112.6304
2023-10-04,31.6,20.2,25.1,0.5,0.5,5.24,12.2,24.99,97,44,Kota Malang,-7.9797,112.6304
2023-10-05,33.1,21.1,25.7,0.1,0.1,5.35,17.2,24.21,92,36,Kota Malang,-7.9797,112.6304
2023-10-06,32.3,21.5,26.0,0.0,0.0,5.1,10.5,23.34,92,39,Kota Malang,-7.9797,112.6304
2023-10-07,31.0,21.7,25.7,0.1,0.1,4.69,10.3,22.07,99,46,Kota Malang,-7.9797,112.6304
2023-10-08,31.8,21.6,25.9,0.3,0.3,5.37,14.9,24.39,92,40,Kota Malang,-7.9797,112.6304
2023-10-09,32.5,21.0,26.2,1.3,1.3,5.67,11.9,25.65,92,35,Kota Malang,-7.9797,112.6304
2023-10-10,31.4,20.5,25.0,0.0,0.0,5.48,15.9,25.82,97,42,Kota Malang,-7.9797,112.6304
2023-10-11,32.5,20.4,25.3,0.0,0.0,5.65,12.0,26.39,100,33,Kota Malang,-7.9797,112.6304
2023-10-12,31.3,20.7,25.7,0.0,0.0,5.32,15.5,23.84,99,38,Kota Malang,-7.9797,112.6304
2023-10-13,31.3,21.2,25.6,0.4,0.4,4.9,16.9,22.18,95,40,Kota Malang,-7.9797,112.6304
2023-10-14,31.8,21.4,25.9,0.0,0.0,5.41,14.9,25.33,91,42,Kota Malang,-7.9797,112.6304
2023-10-15,32.6,20.8,26.3,0.0,0.0,5.7,16.6,25.17,80,38,Kota Malang,-7.9797,112.6304
2023-10-16,32.8,23.1,26.8,0.2,0.2,5.34,17.9,23.52,92,39,Kota Malang,-7.9797,112.6304
2023-10-17,32.3,22.3,26.9,0.0,0.0,5.58,20.7,23.33,92,35,Kota Malang,-7.9797,112.6304
2023-10-18,32.9,21.9,26.2,0.0,0.0,5.56,15.8,24.19,93,31,Kota Malang,-7.9797,112.6304
2023-10-19,33.4,21.1,26.1,0.0,0.0,5.43,14.3,24.34,94,30,Kota Malang,-7.9797,112.6304
2023-10-20,31.3,21.1,25.8,0.8,0.8,5.15,14.4,24.08,84,46,Kota Malang,-7.9797,112.6304
2023-10-21,33.0,21.1,26.4,0.0,0.0,5.66,10.4,26.0,92,36,Kota Malang,-7.9797,112.6304
2023-10-22,32.4,20.8,26.0,0.1,0.1,5.55,12.5,25.9,87,38,Kota Malang,-7.9797,112.6304
2023-10-23,30.9,21.2,25.6,0.5,0.5,5.33,13.8,25.15,89,46,Kota Malang,-7.9797,112.6304
2023-10-24,31.7,21.3,25.9,0.3,0.3,4.98,11.6,23.02,93,43,Kota Malang,-7.9797,112.6304
2023-10-25,32.2,21.2,25.9,0.0,0.0,5.5,14.9,24.79,96,38,Kota Malang,-7.9797,112.6304
2023-10-26,32.9,22.1,26.0,1.0,1.0,5.08,12.1,22.59,97,37,Kota Malang,-7.9797,112.6304
2023-10-27,34.0,21.8,26.4,0.0,0.0,5.8,19.7,24.74,93,26,Kota Malang,-7.9797,112.6304
2023-10-28,33.5,21.0,25.9,0.4,0.4,5.67,18.1,25.1,96,29,Kota Malang,-7.9797,112.6304
2023-10-29,32.3,20.7,25.9,0.5,0.5,5.45,10.3,24.77,95,38,Kota Malang,-7.9797,112.6304
2023-10-30,32.0,22.0,25.8,0.9,0.9,5.35,15.6,24.97,94,43,Kota Malang,-7.9797,112.6304
2023-10-31,31.2,21.8,26.1,0.4,0.4,5.19,13.0,23.88,94,51,Kota Malang,-7.9797,112.6304
2023-11-01,32.5,22.2,26.6,0.0,0.0,5.61,16.2,24.62,91,38,Kota Malang,-7.9797,112.6304
2023-11-02,32.9,22.8,26.9,0.0,0.0,5.55,12.3,25.08,93,38,Kota Malang,-7.9797,112.6304
2023-11-03,31.3,23.1,26.0,0.4,0.4,3.74,14.0,17.22,94,47,Kota Malang,-7.9797,112.6304
2023-11-04,31.6,21.8,26.0,0.0,0.0,4.63,10.2,21.61,95,42,Kota Malang,-7.9797,112.6304
2023-11-05,33.8,22.1,26.9,0.1,0.1,5.58,15.4,24.68,93,33,Kota Malang,-7.9797,112.6304
2023-11-06,32.9,23.2,26.6,0.2,0.2,4.88,14.1,21.86,86,41,Kota Malang,-7.9797,112.6304
2023-11-07,32.5,22.2,26.3,0.0,0.0,5.17,12.8,23.35,96,41,Kota Malang,-7.9797,112.6304
2023-11-08,33.3,21.8,26.7,0.2,0.2,5.44,14.8,24.1,92,35,Kota Malang,-7.9797,112.6304
2023-11-09,32.1,22.7,26.2,3.4,3.4,4.65,13.4,21.16,97,46,Kota Malang,-7.9797,112.6304
2023-11-10,30.9,22.0,25.3,4.1,4.1,3.92,11.9,18.57,100,52,Kota Malang,-7.9797,112.6304
2023-11-11,31.1,22.2,24.9,2.5,2.5,4.4,13.0,21.57,100,56,Kota Malang,-7.9797,112.6304
2023-11-12,29.3,22.0,24.6,19.5,19.5,4.24,12.3,21.1,97,56,Kota Malang,-7.9797,112.6304
2023-11-13,30.9,22.2,25.5,1.8,1.8,4.62,10.9,22.37,98,50,Kota Malang,-7.9797,112.6304
2023-11-14,30.4,22.1,25.5,0.7,0.7,4.33,10.6,21.09,98,55,Kota Malang,-7.9797,112.6304
2023-11-15,30.4,22.8,25.5,1.5,1.5,4.1,14.1,19.97,96,62,Kota Malang,-7.9797,112.6304
2023-11-16,29.3,23.1,25.4,8.9,8.9,4.32,12.3,21.18,96,63,Kota Malang,-7.9797,112.6304
2023-11-17,30.6,21.8,25.4,0.5,0.5,4.93,14.0,23.07,98,52,Kota Malang,-7.9797,112.6304
2023-11-18,30.9,21.5,25.2,0.0,0.0,5.25,16.9,25.22,96,48,Kota Malang,-7.9797,112.6304
2023-11-19,29.9,22.4,25.5,0.3,0.3,4.92,15.2,23.3,91,57,Kota Malang,-7.9797,112.6304
2023-11-20,29.8,23.1,25.5,3.4,3.4,3.51,15.3,15.69,89,61,Kota Malang,-7.9797,112.6304
2023-11-21,31.7,22.2,26.1,0.5,0.5,5.15,13.1,24.22,98,48,Kota Malang,-7.9797,112.6304
2023-11-22,31.3,22.4,26.3,2.7,2.7,4.73,9.6,22.34,95,51,Kota Malang,-7.9797,112.6304
2023-11-23,30.7,23.0,26.4,0.0,0.0,3.69,8.9,16.55,93,50,Kota Malang,-7.9797,112.6304
2023-11-24,30.5,23.3,25.4,6.3,6.3,3.68,13.3,17.87,93,58,Kota Malang,-7.9797,112.6304
2023-11-25,30.9,22.6,25.5,0.5,0.5,4.09,10.8,18.79,97,49,Kota Malang,-7.9797,112.6304
2023-11-26,29.9,22.1,25.3,5.0,5.0,4.33,14.4,20.79,94,58,Kota Malang,-7.9797,112.6304
2023-11-27,30.7,22.0,25.0,4.7,4.7,4.69,10.5,23.0,98,53,Kota Malang,-7.9797,112.6304
2023-11-28,29.1,22.0,24.2,13.7,13.7,2.86,8.0,14.05,97,64,Kota Malang,-7.9797,112.6304
2023-11-29,28.7,21.7,24.4,10.1,10.1,3.57,9.2,17.37,97,65,Kota Malang,-7.9797,112.6304
2023-11-30,29.4,21.5,24.9,5.4,5.4,3.73,9.0,18.41,98,66,Kota Malang,-7.9797,112.6304
2023-12-01,26.7,22.6,23.9,14.3,14.3,2.33,8.9,11.56,98,80,Kota Malang,-7.9797,112.6304
2023-12-02,27.0,22.6,23.7,10.2,10.2,2.32,9.3,11.56,96,79,Kota Malang,-7.9797,112.6304
2023-12-03,28.2,22.3,24.2,3.8,3.8,3.28,10.0,16.3,96,66,Kota Malang,-7.9797,112.6304
2023-12-04,27.5,22.0,24.3,1.1,1.1,2.99,6.4,14.77,96,71,Kota Malang,-7.9797,112.6304
2023-12-05,27.7,22.2,24.6,11.2,11.2,3.37,8.6,16.83,94,73,Kota Malang,-7.9797,112.6304
2023-12-06,29.7,22.2,25.3,0.8,0.8,4.04,10.5,19.63,98,63,Kota Malang,-7.9797,112.6304
2023-12-07,29.6,22.3,24.9,6.5,6.5,4.24,11.4,21.18,96,60,Kota Malang,-7.9797,112.6304
2023-12-08,28.5,22.0,24.5,13.1,13.1,3.67,13.0,18.58,98,75,Kota Malang,-7.9797,112.6304
2023-12-09,28.4,22.7,24.5,9.6,9.6,3.14,8.2,15.6,99,68,Kota Malang,-7.9797,112.6304
2023-12-10,28.3,22.4,24.2,12.7,12.7,2.95,12.1,14.5,100,69,Kota Malang,-7.9797,112.6304
2023-12-11,28.8,21.7,24.8,0.2,0.2,4.39,14.5,21.46,96,62,Kota Malang,-7.9797,112.6304
2023-12-12,29.9,20.7,24.4,2.7,2.7,4.28,12.7,21.52,98,61,Kota Malang,-7.9797,112.6304
2023-12-13,29.8,21.4,24.2,42.8,42.8,3.68,11.7,18.45,100,66,Kota Malang,-7.9797,112.6304
2023-12-14,26.7,21.6,23.7,38.5,38.5,2.88,7.8,14.55,99,83,Kota Malang,-7.9797,112.6304
2023-12-15,26.4,22.4,23.9,15.5,15.5,2.7,11.2,14.03,100,82,Kota Malang,-7.9797,112.6304
2023-12-16,28.7,22.1,24.7,2.4,2.4,4.36,10.2,22.14,100,69,Kota Malang,-7.9797,112.6304
2023-12-17,28.8,21.8,24.5,1.7,1.7,4.16,12.1,20.55,99,67,Kota Malang,-7.9797,112.6304
2023-12-18,29.5,20.6,24.3,0.6,0.6,5.32,14.8,26.64,100,56,Kota Malang,-7.9797,112.6304
2023-12-19,28.6,20.1,23.7,0.1,0.1,5.14,13.3,26.23,95,58,Kota Malang,-7.9797,112.6304
2023-12-20,29.2,19.3,23.7,0.2,0.2,4.84,14.8,23.65,88,52,Kota Malang,-7.9797,112.6304
2023-12-21,29.2,19.8,24.5,0.4,0.4,4.85,11.3,24.11,89,57,Kota Malang,-7.9797,112.6304
2023-12-22,29.9,21.1,24.4,4.3,4.3,4.06,17.3,20.24,91,59,Kota Malang,-7.9797,112.6304
2023-12-23,30.2,21.1,25.2,0.0,0.0,4.92,14.5,23.5,94,55,Kota Malang,-7.9797,112.6304
2023-12-24,30.4,20.9,25.3,0.0,0.0,4.9,12.6,23.62,95,47,Kota Malang,-7.9797,112.6304
2023-12-25,28.2,22.5,24.5,10.0,10.0,3.36,7.2,16.53,96,67,Kota Malang,-7.9797,112.6304
2023-12-26,28.9,22.2,24.6,11.3,11.3,3.74,11.9,19.11,95,65,Kota Malang,-7.9797,112.6304
2023-12-27,27.3,22.2,24.2,11.1,11.1,2.88,8.1,14.67,95,74,Kota Malang,-7.9797,112.6304
2023-12-28,28.5,22.4,24.4,2.0,2.0,3.2,7.6,15.94,97,72,Kota Malang,-7.9797,112.6304
2023-12-29,28.4,21.7,24.7,1.8,1.8,3.66,9.6,18.43,96,66,Kota Malang,-7.9797,112.6304
2023-12-30,28.9,22.5,24.7,5.9,5.9,3.53,9.8,17.65,98,72,Kota Malang,-7.9797,112.6304
2023-12-31,29.1,22.5,24.8,5.8,5.8,3.4,11.9,16.93,97,67,Kota Malang,-7.9797,112.6304
2024-01-01,28.4,22.7,25.1,1.5,1.5,3.49,7.9,17.27,96,69,Kota Malang,-7.9797,112.6304
2024-01-02,29.2,22.6,25.3,1.2,1.2,3.89,8.2,19.14,98,65,Kota Malang,-7.9797,112.6304
2024-01-03,28.8,22.3,25.2,2.2,2.2,3.64,11.8,17.52,97,66,Kota Malang,-7.9797,112.6304
2024-01-04,28.4,22.2,25.0,6.5,6.5,3.88,8.0,19.48,97,70,Kota Malang,-7.9797,112.6304
2024-01-05,28.9,22.4,24.4,9.8,9.8,3.22,8.5,16.32,99,73,Kota Malang,-7.9797,112.6304
2024-01-06,27.7,22.1,24.3,4.8,4.8,2.91,6.5,14.49,97,71,Kota Malang,-7.9797,112.6304
2024-01-07,28.0,22.4,24.4,2.6,2.6,3.14,8.1,15.4,96,70,Kota Malang,-7.9797,112.6304
2024-01-08,28.3,22.0,24.6,2.8,2.8,3.85,6.3,19.32,98,68,Kota Malang,-7.9797,112.6304
2024-01-09,29.1,22.4,24.7,3.5,3.5,3.41,9.9,17.15,96,66,Kota Malang,-7.9797,112.6304
2024-01-10,29.3,22.2,25.0,2.0,2.0,3.6,7.0,17.62,98,68,Kota Malang,-7.9797,112.6304
2024-01-11,30.4,22.4,25.4,2.3,2.3,4.71,13.0,23.24,96,62,Kota Malang,-7.9797,112.6304
2024-01-12,29.1,20.1,24.3,0.0,0.0,4.85,14.6,24.3,94,61,Kota Malang,-7.9797,112.6304
2024-01-13,28.4,20.7,24.4,0.0,0.0,4.23,15.1,21.33,95,65,Kota Malang,-7.9797,112.6304
2024-01-14,29.1,20.0,24.6,0.0,0.0,4.53,11.8,22.14,100,59,Kota Malang,-7.9797,112.6304
2024-01-15,29.6,21.4,24.8,2.1,2.1,4.25,8.4,20.88,100,61,Kota Malang,-7.9797,112.6304
2024-01-16,30.1,22.2,24.9,2.9,2.9,4.34,9.0,21.91,100,63,Kota Malang,-7.9797,112.6304
2024-01-17,28.3,22.2,24.5,48.4,48.4,3.75,8.0,18.94,100,69,Kota Malang,-7.9797,112.6304
2024-01-18,26.8,22.3,24.0,9.5,9.5,2.91,11.6,15.09,100,78,Kota Malang,-7.9797,112.6304
2024-01-19,25.9,21.9,23.3,11.1,11.1,2.52,11.9,12.95,100,83,Kota Malang,-7.9797,112.6304
2024-01-20,27.6,21.4,24.0,8.2,8.2,4.12,11.5,21.31,100,71,Kota Malang,-7.9797,112.6304
2024-01-21,28.4,21.6,24.1,3.7,3.7,3.68,11.0,18.75,100,65,Kota Malang,-7.9797,112.6304
2024-01-22,28.4,21.1,24.2,6.5,6.5,3.81,10.2,19.62,100,71,Kota Malang,-7.9797,112.6304
2024-01-23,28.3,22.1,24.7,3.4,3.4,3.73,12.3,18.72,100,68,Kota Malang,-7.9797,112.6304
2024-01-24,29.3,20.9,24.4,6.9,6.9,3.98,10.2,20.17,99,67,Kota Malang,-7.9797,112.6304
2024-01-25,29.1,21.5,24.4,18.2,18.2,3.78,7.4,19.05,97,70,Kota Malang,-7.9797,112.6304
2024-01-26,28.0,21.7,24.0,62.8,62.8,3.31,7.2,16.94,99,75,Kota Malang,-7.9797,112.6304
2024-01-27,27.9,21.5,24.0,46.3,46.3,3.79,7.3,19.71,98,75,Kota Malang,-7.9797,112.6304
2024-01-28,26.7,21.8,23.6,64.0,64.0,3.0,8.2,15.49,99,83,Kota Malang,-7.9797,112.6304
2024-01-29,27.7,22.0,23.9,64.4,64.4,2.9,8.7,14.58,96,80,Kota Malang,-7.9797,112.6304
2024-01-30,28.4,21.6,24.1,34.2,34.2,3.43,6.1,17.38,95,75,Kota Malang,-7.9797,112.6304
2024-01-31,28.4,21.4,24.4,18.6,18.6,4.18,11.3,21.43,98,68,Kota Malang,-7.9797,112.6304
2024-02-01,29.0,22.1,24.6,11.6,11.6,4.44,7.6,22.33,95,69,Kota Malang,-7.9797,112.6304
2024-02-02,28.3,22.6,24.5,13.7,13.7,3.24,9.5,16.37,100,77,Kota Malang,-7.9797,112.6304
2024-02-03,25.3,22.2,23.3,62.8,62.8,1.48,7.9,7.41,100,89,Kota Malang,-7.9797,112.6304
2024-02-04,27.4,21.5,23.9,6.6,6.6,3.51,9.1,18.27,100,76,Kota Malang,-7.9797,112.6304
2024-02-05,28.0,20.8,24.1,15.0,15.0,3.23,7.6,16.27,98,77,Kota Malang,-7.9797,112.6304
2024-02-06,28.2,21.3,23.9,31.7,31.7,3.06,8.4,15.44,99,77,Kota Malang,-7.9797,112.6304
2024-02-07,28.3,21.9,24.4,4.1,4.1,3.98,8.2,20.01,97,75,Kota Malang,-7.9797,112.6304
2024-02-08,27.9,21.8,23.8,4.1,4.1,3.34,6.9,16.73,100,72,Kota Malang,-7.9797,112.6304
2024-02-09,27.7,21.4,24.1,15.3,15.3,3.81,6.3,19.62,96,75,Kota Malang,-7.9797,112.6304
2024-02-10,27.3,21.7,24.1,4.2,4.2,3.08,6.6,15.59,97,81,Kota Malang,-7.9797,112.6304
2024-02-11,27.7,22.0,24.1,4.5,4.5,3.54,8.7,18.3,100,79,Kota Malang,-7.9797,112.6304
2024-02-12,29.0,21.3,24.4,2.4,2.4,4.17,8.3,21.08,98,63,Kota Malang,-7.9797,112.6304
2024-02-13,28.5,22.5,24.9,6.7,6.7,4.22,7.7,21.48,96,73,Kota Malang,-7.9797,112.6304
2024-02-14,28.2,23.0,24.9,3.0,3.0,3.66,6.5,18.38,97,76,Kota Malang,-7.9797,112.6304
2024-02-15,28.8,22.3,24.9,1.9,1.9,4.24,12.2,21.66,100,72,Kota Malang,-7.9797,112.6304
2024-02-16,29.3,22.1,25.1,1.0,1.0,4.82,8.8,24.4,100,69,Kota Malang,-7.9797,112.6304
2024-02-17,28.1,22.5,24.4,4.6,4.6,3.47,7.1,17.54,96,75,Kota Malang,-7.9797,112.6304
2024-02-18,28.0,22.2,24.2,8.8,8.8,3.09,7.9,15.31,94,76,Kota Malang,-7.9797,112.6304
2024-02-19,29.0,21.3,24.8,16.2,16.2,3.95,6.2,19.61,100,71,Kota Malang,-7.9797,112.6304
2024-02-20,29.5,22.3,25.3,7.2,7.2,4.27,5.2,21.31,99,71,Kota Malang,-7.9797,112.6304
2024-02-21,29.4,22.1,25.1,3.2,3.2,4.36,8.5,22.08,98,70,Kota Malang,-7.9797,112.6304
2024-02-22,30.1,21.7,25.5,0.7,0.7,4.92,7.1,24.47,99,63,Kota Malang,-7.9797,112.6304
2024-02-23,28.5,23.1,24.9,38.2,38.2,3.74,7.7,18.85,97,79,Kota Malang,-7.9797,112.6304
2024-02-24,28.6,22.7,24.5,27.0,27.0,3.04,6.2,15.0,99,69,Kota Malang,-7.9797,112.6304
2024-02-25,28.2,22.1,24.6,21.2,21.2,3.85,7.6,19.45,99,75,Kota Malang,-7.9797,112.6304
2024-02-26,28.0,22.4,24.5,13.5,13.5,3.66,7.6,18.67,97,74,Kota Malang,-7.9797,112.6304
2024-02-27,27.9,22.8,24.4,6.8,6.8,2.83,7.8,13.77,97,75,Kota Malang,-7.9797,112.6304
2024-02-28,27.6,22.6,24.6,13.2,13.2,3.55,7.4,18.08,99,76,Kota Malang,-7.9797,112.6304
2024-02-29,28.7,22.2,25.0,9.5,9.5,3.99,8.1,19.82,95,69,Kota Malang,-7.9797,112.6304
2024-03-01,28.2,22.5,24.4,79.6,79.6,3.13,8.4,15.81,99,79,Kota Malang,-7.9797,112.6304
2024-03-02,27.2,22.3,24.3,51.0,51.0,3.23,7.6,16.37,98,74,Kota Malang,-7.9797,112.6304
2024-03-03,27.8,22.4,24.7,58.3,58.3,3.49,7.0,17.47,97,77,Kota Malang,-7.9797,112.6304
2024-03-04,26.9,22.6,24.4,36.6,36.6,2.59,6.8,12.75,98,80,Kota Malang,-7.9797,112.6304
2024-03-05,27.9,22.7,24.8,48.3,48.3,3.2,7.7,16.05,99,76,Kota Malang,-7.9797,112.6304
2024-03-06,28.6,22.8,25.1,39.5,39.5,3.89,7.0,19.54,98,73,Kota Malang,-7.9797,112.6304
2024-03-07,28.0,22.7,24.7,18.8,18.8,2.56,6.6,12.61,98,76,Kota Malang,-7.9797,112.6304
2024-03-08,28.0,22.5,24.6,64.4,64.4,2.84,8.4,14.18,96,77,Kota Malang,-7.9797,112.6304
2024-03-09,26.5,22.5,24.4,29.5,29.5,1.67,4.3,7.8,100,84,Kota Malang,-7.9797,112.6304
2024-03-10,27.9,22.5,24.5,14.6,14.6,2.66,6.8,12.7,97,79,Kota Malang,-7.9797,112.6304
2024-03-11,28.4,22.9,25.0,3.2,3.2,3.15,4.9,15.26,98,71,Kota Malang,-7.9797,112.6304
2024-03-12,29.0,23.2,25.6,1.6,1.6,3.29,6.7,15.66,94,66,Kota Malang,-7.9797,112.6304
2024-03-13,28.3,23.4,25.3,2.4,2.4,2.95,8.4,14.01,98,69,Kota Malang,-7.9797,112.6304
2024-03-14,27.8,23.2,24.9,12.4,12.4,2.45,6.7,11.74,100,78,Kota Malang,-7.9797,112.6304
2024-03-15,27.7,22.6,24.7,26.0,26.0,2.96,8.0,14.65,100,78,Kota Malang,-7.9797,112.6304
2024-03-16,30.0,22.1,25.2,1.4,1.4,4.56,10.8,22.75,97,59,Kota Malang,-7.9797,112.6304
2024-03-17,28.4,22.4,24.5,11.0,11.0,3.84,7.1,19.54,99,74,Kota Malang,-7.9797,112.6304
2024-03-18,29.3,21.1,24.9,1.4,1.4,4.02,8.0,19.74,100,60,Kota Malang,-7.9797,112.6304
2024-03-19,30.3,21.1,25.1,0.7,0.7,5.18,11.2,25.8,100,58,Kota Malang,-7.9797,112.6304
2024-03-20,28.9,20.6,24.7,5.0,5.0,4.97,10.1,25.41,99,66,Kota Malang,-7.9797,112.6304
2024-03-21,27.5,21.5,24.1,17.2,17.2,3.7,7.2,18.86,98,72,Kota Malang,-7.9797,112.6304
2024-03-22,28.5,21.9,24.3,4.9,4.9,3.86,7.2,19.52,99,68,Kota Malang,-7.9797,112.6304
2024-03-23,28.8,21.2,24.8,0.4,0.4,4.75,9.7,24.02,93,67,Kota Malang,-7.9797,112.6304
2024-03-24,28.7,21.7,24.5,1.7,1.7,4.09,7.6,20.69,96,67,Kota Malang,-7.9797,112.6304
2024-03-25,28.1,22.1,24.7,6.1,6.1,4.17,8.7,21.0,94,68,Kota Malang,-7.9797,112.6304
2024-03-26,28.4,22.4,24.7,25.9,25.9,3.84,6.2,19.41,96,73,Kota Malang,-7.9797,112.6304
2024-03-27,27.8,22.7,24.4,42.6,42.6,3.7,8.0,18.91,95,71,Kota Malang,-7.9797,112.6304
2024-03-28,27.5,21.9,24.2,47.2,47.2,3.12,7.9,15.78,95,81,Kota Malang,-7.9797,112.6304
2024-03-29,27.3,21.8,24.5,7.9,7.9,3.78,6.3,19.48,99,77,Kota Malang,-7.9797,112.6304
2024-03-30,28.7,22.8,25.3,1.8,1.8,4.31,6.0,21.84,95,71,Kota Malang,-7.9797,112.6304
2024-03-31,28.4,23.2,25.1,7.0,7.0,3.62,10.1,18.06,96,73,Kota Malang,-7.9797,112.6304
2024-04-01,27.5,22.9,24.3,13.1,13.1,3.04,7.5,15.49,98,79,Kota Malang,-7.9797,112.6304
2024-04-02,27.6,22.7,24.4,2.1,2.1,3.15,5.8,16.08,98,78,Kota Malang,-7.9797,112.6304
2024-04-03,28.4,22.8,25.3,0.5,0.5,4.11,7.1,20.93,98,72,Kota Malang,-7.9797,112.6304
2024-04-04,29.3,23.2,25.4,0.8,0.8,4.47,9.7,22.45,97,70,Kota Malang,-7.9797,112.6304
2024-04-05,29.3,22.2,25.3,0.4,0.4,4.55,10.1,22.49,98,67,Kota Malang,-7.9797,112.6304
2024-04-06,29.8,20.4,24.9,0.3,0.3,4.9,10.0,24.6,98,64,Kota Malang,-7.9797,112.6304
2024-04-07,28.1,21.6,24.3,35.7,35.7,3.53,7.4,17.87,99,74,Kota Malang,-7.9797,112.6304
2024-04-08,27.4,22.1,24.4,38.9,38.9,2.82,5.9,14.09,100,77,Kota Malang,-7.9797,112.6304
2024-04-09,27.9,22.5,24.4,43.2,43.2,3.33,6.5,16.64,100,71,Kota Malang,-7.9797,112.6304
2024-04-10,27.3,22.5,24.1,46.4,46.4,2.78,6.1,14.15,100,83,Kota Malang,-7.9797,112.6304
2024-04-11,27.1,22.5,24.1,16.7,16.7,2.28,6.2,11.12,99,76,Kota Malang,-7.9797,112.6304
2024-04-12,28.6,21.9,24.8,1.6,1.6,4.04,5.6,20.28,96,68,Kota Malang,-7.9797,112.6304
2024-04-13,28.5,22.6,24.8,2.7,2.7,3.83,8.1,19.63,95,72,Kota Malang,-7.9797,112.6304
2024-04-14,28.3,22.5,24.8,1.8,1.8,3.47,5.4,17.49,94,68,Kota Malang,-7.9797,112.6304
2024-04-15,28.4,22.2,25.1,1.8,1.8,4.07,8.5,20.6,97,72,Kota Malang,-7.9797,112.6304
2024-04-16,28.0,22.4,24.7,0.2,0.2,3.99,6.8,20.56,96,71,Kota Malang,-7.9797,112.6304
2024-04-17,26.5,22.4,24.0,1.4,1.4,2.59,9.0,13.05,96,78,Kota Malang,-7.9797,112.6304
2024-04-18,27.2,21.8,24.1,1.5,1.5,3.31,6.6,16.87,97,76,Kota Malang,-7.9797,112.6304
2024-04-19,27.0,21.6,24.1,3.7,3.7,3.38,6.5,17.65,99,82,Kota Malang,-7.9797,112.6304
2024-04-20,28.4,21.8,24.9,0.1,0.1,3.71,5.8,18.65,99,69,Kota Malang,-7.9797,112.6304
2024-04-21,27.3,23.1,24.7,6.7,6.7,3.04,6.6,15.36,96,78,Kota Malang,-7.9797,112.6304
2024-04-22,27.4,22.8,24.6,1.6,1.6,3.33,6.4,16.8,100,77,Kota Malang,-7.9797,112.6304
2024-04-23,27.5,23.0,24.6,41.1,41.1,3.03,5.0,15.13,97,79,Kota Malang,-7.9797,112.6304
2024-04-24,27.8,22.2,24.5,40.0,40.0,2.77,8.2,13.86,98,80,Kota Malang,-7.9797,112.6304
2024-04-25,26.1,22.1,24.2,9.8,9.8,1.57,7.4,7.64,97,87,Kota Malang,-7.9797,112.6304
2024-04-26,28.3,21.6,24.9,3.3,3.3,3.49,7.2,17.87,98,76,Kota Malang,-7.9797,112.6304
2024-04-27,29.0,21.6,25.0,0.5,0.5,4.0,9.4,20.29,96,70,Kota Malang,-7.9797,112.6304
2024-04-28,28.0,22.1,24.9,0.7,0.7,3.36,6.8,17.02,94,73,Kota Malang,-7.9797,112.6304
2024-04-29,28.4,22.1,24.9,0.0,0.0,3.94,5.7,20.03,97,72,Kota Malang,-7.9797,112.6304
2024-04-30,28.3,22.5,24.7,0.5,0.5,3.65,9.8,18.86,98,75,Kota Malang,-7.9797,112.6304
2024-05-01,28.5,22.4,25.0,0.7,0.7,3.84,8.3,19.73,98,75,Kota Malang,-7.9797,112.6304
2024-05-02,27.3,22.9,24.6,3.3,3.3,3.2,9.7,16.4,98,78,Kota Malang,-7.9797,112.6304
2024-05-03,28.2,21.0,24.6,0.8,0.8,3.95,8.2,20.33,98,74,Kota Malang,-7.9797,112.6304
2024-05-04,27.5,21.8,23.9,0.2,0.2,3.97,13.7,20.89,96,72,Kota Malang,-7.9797,112.6304
2024-05-05,27.8,20.1,23.4,0.0,0.0,4.16,11.2,21.39,97,61,Kota Malang,-7.9797,112.6304
2024-05-06,27.4,21.1,23.8,0.0,0.0,4.25,11.5,22.01,98,59,Kota Malang,-7.9797,112.6304
2024-05-07,28.2,20.3,23.8,4.8,4.8,4.12,9.1,21.61,98,70,Kota Malang,-7.9797,112.6304
2024-05-08,28.1,21.1,24.0,7.1,7.1,3.87,5.8,20.0,99,73,Kota Malang,-7.9797,112.6304
2024-05-09,27.2,21.5,24.0,4.5,4.5,2.95,7.2,15.18,98,76,Kota Malang,-7.9797,112.6304
2024-05-10,29.4,21.3,24.9,0.2,0.2,4.19,8.1,21.33,98,63,Kota Malang,-7.9797,112.6304
2024-05-11,27.9,21.8,24.4,0.6,0.6,3.78,5.6,19.34,99,74,Kota Malang,-7.9797,112.6304
2024-05-12,28.9,21.9,24.8,0.6,0.6,4.02,9.4,20.74,94,70,Kota Malang,-7.9797,112.6304
2024-05-13,28.2,20.7,24.3,4.3,4.3,3.98,5.9,20.46,97,67,Kota Malang,-7.9797,112.6304
2024-05-14,29.4,21.0,24.6,0.0,0.0,4.34,6.0,22.09,95,58,Kota Malang,-7.9797,112.6304
2024-05-15,27.7,20.8,23.8,0.7,0.7,3.73,7.3,19.58,96,70,Kota Malang,-7.9797,112.6304
2024-05-16,28.4,20.9,24.2,0.0,0.0,4.13,7.8,21.16,99,60,Kota Malang,-7.9797,112.6304
2024-05-17,28.6,20.9,24.4,0.2,0.2,3.93,10.7,20.06,98,62,Kota Malang,-7.9797,112.6304
2024-05-18,28.5,22.2,24.6,0.0,0.0,3.9,7.2,19.79,96,62,Kota Malang,-7.9797,112.6304
2024-05-19,28.3,20.5,24.2,0.0,0.0,4.06,9.0,20.89,98,64,Kota Malang,-7.9797,112.6304
2024-05-20,27.5,20.2,24.0,0.5,0.5,3.64,8.6,18.72,98,69,Kota Malang,-7.9797,112.6304
2024-05-21,28.0,20.8,24.0,0.0,0.0,3.79,7.4,19.4,97,67,Kota Malang,-7.9797,112.6304
2024-05-22,28.4,21.1,24.3,1.0,1.0,3.9,6.2,19.93,96,64,Kota Malang,-7.9797,112.6304
2024-05-23,28.3,21.6,24.0,8.0,8.0,3.19,6.6,16.08,96,67,Kota Malang,-7.9797,112.6304
2024-05-24,28.6,21.3,24.6,5.7,5.7,3.36,10.1,16.86,94,68,Kota Malang,-7.9797,112.6304
2024-05-25,27.7,22.5,24.4,7.3,7.3,2.86,7.2,14.18,94,75,Kota Malang,-7.9797,112.6304
2024-05-26,27.7,21.7,24.4,2.3,2.3,3.3,7.6,17.05,97,71,Kota Malang,-7.9797,112.6304
2024-05-27,28.5,21.3,24.6,1.4,1.4,3.62,6.9,18.54,98,70,Kota Malang,-7.9797,112.6304
2024-05-28,29.0,21.2,24.7,0.7,0.7,3.88,7.0,19.62,95,64,Kota Malang,-7.9797,112.6304
2024-05-29,29.1,21.5,24.9,0.4,0.4,4.07,9.2,20.43,97,61,Kota Malang,-7.9797,112.6304
2024-05-30,28.8,21.4,24.3,0.6,0.6,3.75,11.3,19.13,98,66,Kota Malang,-7.9797,112.6304
2024-05-31,28.2,21.3,24.4,0.8,0.8,3.28,9.0,16.64,98,73,Kota Malang,-7.9797,112.6304
2024-06-01,28.7,21.9,25.0,0.4,0.4,3.58,10.2,18.07,94,70,Kota Malang,-7.9797,112.6304
2024-06-02,27.9,22.0,24.5,0.7,0.7,2.96,9.6,14.97,97,73,Kota Malang,-7.9797,112.6304
2024-06-03,28.0,22.5,24.8,1.5,1.5,3.66,15.7,18.67,100,67,Kota Malang,-7.9797,112.6304
2024-06-04,28.3,21.3,24.5,0.0,0.0,3.68,6.4,18.62,94,58,Kota Malang,-7.9797,112.6304
2024-06-05,28.7,21.6,24.3,1.4,1.4,3.94,13.8,19.97,98,65,Kota Malang,-7.9797,112.6304
2024-06-06,28.9,20.6,24.3,0.0,0.0,3.96,6.1,20.13,90,53,Kota Malang,-7.9797,112.6304
2024-06-07,28.2,20.1,23.6,1.0,1.0,3.54,7.2,18.41,96,72,Kota Malang,-7.9797,112.6304
2024-06-08,28.5,21.3,24.4,2.7,2.7,3.71,8.6,18.97,97,69,Kota Malang,-7.9797,112.6304
2024-06-09,27.6,21.5,23.9,4.2,4.2,2.92,7.4,14.87,97,72,Kota Malang,-7.9797,112.6304
2024-06-10,28.6,21.4,24.5,0.0,0.0,3.46,6.8,17.51,96,68,Kota Malang,-7.9797,112.6304
2024-06-11,28.0,21.6,24.3,0.3,0.3,3.77,9.7,19.69,98,71,Kota Malang,-7.9797,112.6304
2024-06-12,28.7,21.9,24.3,1.8,1.8,3.84,12.3,19.54,97,61,Kota Malang,-7.9797,112.6304
2024-06-13,27.3,21.3,23.5,31.9,31.9,2.93,7.2,15.15,99,73,Kota Malang,-7.9797,112.6304
2024-06-14,27.5,21.7,23.9,8.5,8.5,3.25,5.9,16.69,96,71,Kota Malang,-7.9797,112.6304
2024-06-15,28.1,20.8,23.7,6.7,6.7,3.19,7.6,16.58,96,77,Kota Malang,-7.9797,112.6304
2024-06-16,27.6,19.8,23.6,0.0,0.0,3.37,6.6,17.32,95,65,Kota Malang,-7.9797,112.6304
2024-06-17,28.1,21.2,24.3,0.0,0.0,3.6,8.1,18.24,97,61,Kota Malang,-7.9797,112.6304
2024-06-18,27.1,19.6,23.2,0.0,0.0,3.37,7.1,17.17,95,52,Kota Malang,-7.9797,112.6304
2024-06-19,26.3,19.5,22.7,0.0,0.0,3.37,9.7,17.69,95,61,Kota Malang,-7.9797,112.6304
2024-06-20,27.1,19.9,23.1,0.0,0.0,3.85,6.6,20.03,97,42,Kota Malang,-7.9797,112.6304
2024-06-21,26.8,19.5,22.7,0.0,0.0,3.8,12.5,20.14,96,63,Kota Malang,-7.9797,112.6304
2024-06-22,27.1,19.5,22.7,0.0,0.0,3.5,14.1,18.26,100,60,Kota Malang,-7.9797,112.6304
2024-06-23,26.6,20.3,23.1,0.6,0.6,2.92,10.5,15.22,96,75,Kota Malang,-7.9797,112.6304
2024-06-24,26.1,22.0,23.5,1.0,1.0,3.04,10.8,15.98,94,74,Kota Malang,-7.9797,112.6304
2024-06-25,27.2,20.4,23.5,1.9,1.9,3.08,9.2,15.63,98,71,Kota Malang,-7.9797,112.6304
2024-06-26,28.4,21.2,24.2,0.2,0.2,3.46,8.5,17.72,98,67,Kota Malang,-7.9797,112.6304
2024-06-27,29.0,21.3,24.6,0.1,0.1,3.61,8.7,17.74,97,63,Kota Malang,-7.9797,112.6304
2024-06-28,28.5,20.9,24.4,0.3,0.3,3.5,10.7,18.05,96,69,Kota Malang,-7.9797,112.6304
2024-06-29,28.1,22.3,24.6,0.2,0.2,3.45,9.8,17.0,92,59,Kota Malang,-7.9797,112.6304
2024-06-30,28.7,22.2,24.5,0.0,0.0,3.66,11.5,18.04,93,64,Kota Malang,-7.9797,112.6304
2024-07-01,28.0,21.4,24.1,0.1,0.1,3.42,9.5,17.07,98,54,Kota Malang,-7.9797,112.6304
2024-07-02,25.9,21.5,23.2,1.3,1.3,2.3,8.4,12.0,97,82,Kota Malang,-7.9797,112.6304
2024-07-03,27.5,22.1,24.0,0.2,0.2,2.84,7.2,14.14,96,61,Kota Malang,-7.9797,112.6304
2024-07-04,25.3,21.9,23.0,10.8,10.8,1.86,5.8,9.34,96,81,Kota Malang,-7.9797,112.6304
2024-07-05,27.2,20.6,23.2,0.0,0.0,3.35,9.2,17.4,96,66,Kota Malang,-7.9797,112.6304
2024-07-06,27.6,20.0,23.4,0.1,0.1,3.49,8.3,17.86,93,65,Kota Malang,-7.9797,112.6304
2024-07-07,27.9,20.2,23.7,0.2,0.2,3.53,5.8,18.32,97,68,Kota Malang,-7.9797,112.6304
2024-07-08,27.3,20.2,23.3,0.0,0.0,4.05,6.9,21.23,99,65,Kota Malang,-7.9797,112.6304
2024-07-09,28.5,19.5,23.7,0.0,0.0,3.82,10.8,19.41,99,51,Kota Malang,-7.9797,112.6304
2024-07-10,27.8,19.6,23.4,0.0,0.0,3.9,16.3,19.94,89,62,Kota Malang,-7.9797,112.6304
2024-07-11,26.2,19.9,22.8,0.0,0.0,3.45,17.7,17.1,92,66,Kota Malang,-7.9797,112.6304
2024-07-12,26.6,18.0,22.2,0.0,0.0,3.69,14.8,18.76,92,59,Kota Malang,-7.9797,112.6304
2024-07-13,26.0,18.7,21.6,0.2,0.2,3.66,15.5,19.18,97,59,Kota Malang,-7.9797,112.6304
2024-07-14,26.4,17.4,21.6,0.0,0.0,3.79,11.2,19.97,92,57,Kota Malang,-7.9797,112.6304
2024-07-15,25.6,17.2,21.5,0.1,0.1,3.85,14.6,20.58,98,59,Kota Malang,-7.9797,112.6304
2024-07-16,26.8,19.1,22.7,0.0,0.0,3.61,9.7,18.76,98,66,Kota Malang,-7.9797,112.6304
2024-07-17,27.6,16.8,22.2,0.0,0.0,4.13,11.4,21.51,99,45,Kota Malang,-7.9797,112.6304
2024-07-18,28.0,18.3,22.7,0.0,0.0,3.89,12.0,19.7,96,47,Kota Malang,-7.9797,112.6304
2024-07-19,28.4,18.7,22.9,0.0,0.0,4.44,14.8,22.42,97,49,Kota Malang,-7.9797,112.6304
2024-07-20,27.4,18.5,22.6,0.0,0.0,3.97,11.9,20.26,98,56,Kota Malang,-7.9797,112.6304
2024-07-21,26.8,19.8,22.6,0.0,0.0,3.32,11.9,16.64,94,59,Kota Malang,-7.9797,112.6304
2024-07-22,27.1,17.9,22.3,0.0,0.0,3.65,12.3,18.59,99,58,Kota Malang,-7.9797,112.6304
2024-07-23,28.3,19.6,23.3,1.3,1.3,3.67,10.9,18.42,97,58,Kota Malang,-7.9797,112.6304
2024-07-24,28.4,20.4,23.8,0.0,0.0,3.62,12.6,17.17,97,55,Kota Malang,-7.9797,112.6304
2024-07-25,29.2,19.4,23.6,0.0,0.0,4.16,15.9,20.18,89,48,Kota Malang,-7.9797,112.6304
2024-07-26,28.2,19.2,23.2,0.0,0.0,3.99,12.7,20.04,96,53,Kota Malang,-7.9797,112.6304
2024-07-27,29.0,19.4,23.3,0.7,0.7,4.11,13.7,20.56,98,52,Kota Malang,-7.9797,112.6304
2024-07-28,27.5,20.5,22.9,0.1,0.1,3.23,15.9,16.19,100,62,Kota Malang,-7.9797,112.6304
2024-07-29,27.8,18.9,22.8,1.5,1.5,3.8,11.5,19.64,99,59,Kota Malang,-7.9797,112.6304
2024-07-30,27.6,21.1,23.5,1.0,1.0,3.19,12.6,16.03,98,68,Kota Malang,-7.9797,112.6304
2024-07-31,27.7,20.0,23.5,0.1,0.1,3.3,9.2,16.83,99,66,Kota Malang,-7.9797,112.6304
2024-08-01,28.6,20.4,23.7,0.9,0.9,3.3,9.7,16.42,98,61,Kota Malang,-7.9797,112.6304
2024-08-02,28.6,21.0,23.8,1.8,1.8,3.16,5.5,15.83,99,60,Kota Malang,-7.9797,112.6304
2024-08-03,29.1,21.2,24.2,1.0,1.0,4.16,10.6,20.59,97,50,Kota Malang,-7.9797,112.6304
2024-08-04,28.0,20.4,23.4,0.0,0.0,4.2,14.1,21.43,95,60,Kota Malang,-7.9797,112.6304
2024-08-05,29.2,19.3,23.6,0.0,0.0,4.61,11.3,22.74,87,45,Kota Malang,-7.9797,112.6304
2024-08-06,27.7,18.9,22.8,0.0,0.0,4.05,12.6,20.57,94,59,Kota Malang,-7.9797,112.6304
2024-08-07,28.9,20.9,24.1,0.4,0.4,3.83,9.9,18.82,95,58,Kota Malang,-7.9797,112.6304
2024-08-08,27.6,21.2,23.7,0.2,0.2,3.54,14.4,17.84,95,62,Kota Malang,-7.9797,112.6304
2024-08-09,28.1,21.3,23.8,0.0,0.0,3.63,13.2,17.78,93,55,Kota Malang,-7.9797,112.6304
2024-08-10,28.1,20.7,23.5,0.0,0.0,3.9,14.8,19.53,96,59,Kota Malang,-7.9797,112.6304
2024-08-11,27.3,17.6,22.0,0.0,0.0,4.78,17.0,24.2,96,48,Kota Malang,-7.9797,112.6304
2024-08-12,27.1,17.3,21.7,0.0,0.0,4.51,11.8,23.22,87,43,Kota Malang,-7.9797,112.6304
2024-08-13,28.0,17.8,22.5,0.0,0.0,4.12,14.4,20.69,93,54,Kota Malang,-7.9797,112.6304
2024-08-14,29.4,19.7,23.5,0.0,0.0,4.66,14.4,22.84,93,47,Kota Malang,-7.9797,112.6304
2024-08-15,27.5,19.0,22.6,0.0,0.0,4.57,14.3,23.21,94,55,Kota Malang,-7.9797,112.6304
2024-08-16,27.5,18.5,22.1,0.0,0.0,4.3,14.0,22.16,94,54,Kota Malang,-7.9797,112.6304
2024-08-17,27.5,17.8,22.4,0.0,0.0,3.73,11.0,18.8,95,57,Kota Malang,-7.9797,112.6304
2024-08-18,28.6,18.7,23.1,0.0,0.0,4.47,16.6,22.09,95,56,Kota Malang,-7.9797,112.6304
2024-08-19,28.4,19.0,22.9,0.0,0.0,4.34,14.8,21.9,95,56,Kota Malang,-7.9797,112.6304
2024-08-20,28.8,19.2,22.9,0.0,0.0,4.36,13.3,21.75,100,49,Kota Malang,-7.9797,112.6304
2024-08-21,28.4,19.9,23.4,0.0,0.0,3.94,12.5,19.75,99,55,Kota Malang,-7.9797,112.6304
2024-08-22,29.5,19.6,23.5,0.0,0.0,4.41,14.8,21.86,95,56,Kota Malang,-7.9797,112.6304
2024-08-23,28.6,19.9,23.2,0.0,0.0,3.95,14.8,19.27,96,53,Kota Malang,-7.9797,112.6304
2024-08-24,27.5,21.0,23.3,0.0,0.0,3.73,19.5,17.85,91,59,Kota Malang,-7.9797,112.6304
2024-08-25,28.6,19.7,23.3,2.6,2.6,4.0,14.4,19.99,94,53,Kota Malang,-7.9797,112.6304
2024-08-26,29.0,20.7,24.1,0.0,0.0,4.47,16.7,21.37,96,51,Kota Malang,-7.9797,112.6304
2024-08-27,28.5,20.5,23.6,0.0,0.0,4.72,18.0,22.99,84,52,Kota Malang,-7.9797,112.6304
2024-08-28,30.4,19.6,23.9,0.0,0.0,4.84,15.2,22.95,95,40,Kota Malang,-7.9797,112.6304
2024-08-29,29.5,19.7,23.5,0.0,0.0,4.33,21.1,19.86,100,46,Kota Malang,-7.9797,112.6304
2024-08-30,29.9,19.7,23.9,0.0,0.0,5.39,14.0,24.88,98,35,Kota Malang,-7.9797,112.6304
2024-08-31,29.0,20.1,23.3,0.0,0.0,4.37,13.4,21.21,95,55,Kota Malang,-7.9797,112.6304
2024-09-01,29.2,20.2,23.4,0.7,0.7,3.68,15.2,17.69,95,59,Kota Malang,-7.9797,112.6304
2024-09-02,29.6,20.2,23.9,0.0,0.0,4.71,14.5,23.25,99,50,Kota Malang,-7.9797,112.6304
2024-09-03,28.9,19.1,23.6,0.2,0.2,4.3,15.6,21.27,99,50,Kota Malang,-7.9797,112.6304
2024-09-04,29.7,20.5,24.4,0.5,0.5,4.54,13.4,22.27,99,55,Kota Malang,-7.9797,112.6304
2024-09-05,29.6,22.0,24.7,0.6,0.6,4.32,14.8,20.85,94,55,Kota Malang,-7.9797,112.6304
2024-09-06,30.1,21.6,24.9,0.0,0.0,4.96,10.2,23.82,89,46,Kota Malang,-7.9797,112.6304
2024-09-07,29.3,20.4,24.8,0.0,0.0,4.73,15.9,22.88,95,46,Kota Malang,-7.9797,112.6304
2024-09-08,29.8,21.2,24.7,1.4,1.4,4.03,11.9,19.24,97,52,Kota Malang,-7.9797,112.6304
2024-09-09,29.8,20.3,24.3,2.8,2.8,4.17,9.8,20.6,96,56,Kota Malang,-7.9797,112.6304
2024-09-10,29.0,20.9,23.7,3.6,3.6,3.48,10.8,17.52,100,63,Kota Malang,-7.9797,112.6304
2024-09-11,29.6,21.3,24.3,0.2,0.2,4.39,13.8,21.26,97,55,Kota Malang,-7.9797,112.6304
2024-09-12,29.1,20.3,24.1,0.0,0.0,4.9,14.8,24.04,96,49,Kota Malang,-7.9797,112.6304
2024-09-13,29.9,20.1,24.2,0.0,0.0,5.32,19.1,25.04,85,41,Kota Malang,-7.9797,112.6304
2024-09-14,30.1,19.4,24.3,0.2,0.2,5.06,13.9,23.16,95,42,Kota Malang,-7.9797,112.6304
2024-09-15,30.1,19.0,24.2,0.0,0.0,5.62,17.4,25.52,90,37,Kota Malang,-7.9797,112.6304
2024-09-16,28.8,19.4,23.6,1.3,1.3,4.84,15.1,23.5,95,48,Kota Malang,-7.9797,112.6304
2024-09-17,29.8,19.5,23.9,0.0,0.0,5.72,15.5,26.14,88,33,Kota Malang,-7.9797,112.6304
2024-09-18,30.1,19.0,23.6,0.0,0.0,5.36,15.5,25.41,96,38,Kota Malang,-7.9797,112.6304
2024-09-19,31.9,18.5,24.1,1.1,1.1,5.49,17.3,25.92,93,37,Kota Malang,-7.9797,112.6304
2024-09-20,32.3,19.5,25.0,0.0,0.0,5.46,12.6,25.47,100,39,Kota Malang,-7.9797,112.6304
2024-09-21,31.4,19.7,25.0,0.1,0.1,5.05,13.1,24.21,98,43,Kota Malang,-7.9797,112.6304
2024-09-22,31.9,21.1,26.1,2.2,2.2,5.14,10.5,23.94,92,46,Kota Malang,-7.9797,112.6304
2024-09-23,29.5,22.2,25.3,9.8,9.8,4.17,10.8,20.41,97,60,Kota Malang,-7.9797,112.6304
2024-09-24,29.5,21.8,24.5,7.3,7.3,3.53,12.4,17.3,97,62,Kota Malang,-7.9797,112.6304
2024-09-25,29.7,21.8,24.8,3.3,3.3,3.99,6.7,19.59,95,59,Kota Malang,-7.9797,112.6304
2024-09-26,29.7,21.7,24.7,0.8,0.8,3.75,8.0,18.08,95,57,Kota Malang,-7.9797,112.6304
2024-09-27,29.9,21.6,25.1,0.8,0.8,4.24,10.3,20.93,93,56,Kota Malang,-7.9797,112.6304
2024-09-28,31.2,21.2,25.6,0.0,0.0,5.13,10.7,24.69,95,47,Kota Malang,-7.9797,112.6304
2024-09-29,30.9,21.9,25.7,0.8,0.8,5.18,10.1,24.96,94,46,Kota Malang,-7.9797,112.6304
2024-09-30,31.0,21.3,25.8,0.3,0.3,5.01,14.7,23.99,92,42,Kota Malang,-7.9797,112.6304
2024-10-01,30.1,21.3,24.8,1.9,1.9,4.21,12.4,19.68,95,45,Kota Malang,-7.9797,112.6304
2024-10-02,29.8,21.1,24.9,1.4,1.4,4.67,9.6,22.59,95,55,Kota Malang,-7.9797,112.6304
2024-10-03,30.5,20.7,24.9,0.0,0.0,5.03,14.2,23.83,90,46,Kota Malang,-7.9797,112.6304
2024-10-04,30.4,21.3,25.2,0.9,0.9,4.72,11.2,22.42,94,50,Kota Malang,-7.9797,112.6304
2024-10-05,30.5,21.9,25.7,0.0,0.0,4.79,13.7,22.15,96,45,Kota Malang,-7.9797,112.6304
2024-10-06,31.2,22.0,25.8,0.1,0.1,4.96,12.1,23.38,96,45,Kota Malang,-7.9797,112.6304
2024-10-07,30.6,22.0,25.4,2.4,2.4,4.87,14.5,22.96,94,52,Kota Malang,-7.9797,112.6304
2024-10-08,30.1,22.3,25.6,0.7,0.7,4.74,13.1,22.24,92,55,Kota Malang,-7.9797,112.6304
2024-10-09,30.9,21.4,25.3,0.0,0.0,5.03,15.8,24.2,97,41,Kota Malang,-7.9797,112.6304
2024-10-10,32.5,21.6,26.1,0.3,0.3,5.31,12.0,24.58,94,35,Kota Malang,-7.9797,112.6304
2024-10-11,31.3,22.1,26.3,0.2,0.2,4.96,8.7,23.42,90,45,Kota Malang,-7.9797,112.6304
2024-10-12,33.8,22.8,27.3,0.1,0.1,5.78,15.2,25.48,87,31,Kota Malang,-7.9797,112.6304
2024-10-13,32.0,22.7,26.4,2.4,2.4,4.91,9.4,22.78,92,46,Kota Malang,-7.9797,112.6304
2024-10-14,32.7,22.9,26.3,0.3,0.3,5.29,14.0,23.84,90,37,Kota Malang,-7.9797,112.6304
2024-10-15,31.3,22.2,26.0,0.0,0.0,6.27,18.9,25.81,92,27,Kota Malang,-7.9797,112.6304
2024-10-16,30.1,20.1,24.7,0.2,0.2,5.9,17.4,26.31,87,43,Kota Malang,-7.9797,112.6304
2024-10-17,30.0,21.4,24.8,0.0,0.0,5.39,16.4,24.45,87,41,Kota Malang,-7.9797,112.6304
2024-10-18,31.0,20.0,24.3,6.7,6.7,4.58,14.8,21.84,95,45,Kota Malang,-7.9797,112.6304
2024-10-19,29.8,21.1,25.0,2.0,2.0,4.56,13.8,22.31,98,53,Kota Malang,-7.9797,112.6304
2024-10-20,29.7,21.8,24.4,4.1,4.1,4.31,9.3,21.23,93,56,Kota Malang,-7.9797,112.6304
2024-10-21,27.5,22.1,24.1,22.6,22.6,3.69,8.8,18.53,96,69,Kota Malang,-7.9797,112.6304
2024-10-22,29.1,21.4,24.4,3.4,3.4,4.64,13.0,23.48,95,60,Kota Malang,-7.9797,112.6304
2024-10-23,28.3,22.0,24.4,1.3,1.3,4.38,14.6,21.84,93,64,Kota Malang,-7.9797,112.6304
2024-10-24,28.5,22.1,24.3,1.4,1.4,4.43,13.8,22.53,94,63,Kota Malang,-7.9797,112.6304
2024-10-25,27.9,22.1,24.3,4.0,4.0,3.64,12.5,18.24,95,63,Kota Malang,-7.9797,112.6304
2024-10-26,28.3,21.7,24.3,3.4,3.4,3.92,12.7,19.55,96,65,Kota Malang,-7.9797,112.6304
2024-10-27,30.1,22.0,25.0,0.8,0.8,4.42,9.9,21.45,98,55,Kota Malang,-7.9797,112.6304
2024-10-28,30.3,21.8,25.1,0.2,0.2,4.54,13.2,21.89,98,54,Kota Malang,-7.9797,112.6304
2024-10-29,30.6,22.8,25.4,0.3,0.3,4.83,15.9,23.17,96,55,Kota Malang,-7.9797,112.6304
2024-10-30,30.4,22.8,25.4,1.0,1.0,4.31,14.2,20.59,95,53,Kota Malang,-7.9797,112.6304
2024-10-31,29.9,21.1,25.2,0.8,0.8,4.13,10.2,19.91,99,55,Kota Malang,-7.9797,112.6304
2024-11-01,28.9,22.1,24.7,2.4,2.4,3.27,8.4,15.92,97,64,Kota Malang,-7.9797,112.6304
2024-11-02,29.1,22.3,25.4,1.5,1.5,4.25,8.1,20.8,92,60,Kota Malang,-7.9797,112.6304
2024-11-03,29.5,21.9,24.9,1.0,1.0,3.79,14.9,17.87,100,57,Kota Malang,-7.9797,112.6304
2024-11-04,28.8,21.7,24.6,1.2,1.2,3.86,10.5,19.04,97,59,Kota Malang,-7.9797,112.6304
2024-11-05,30.0,21.4,25.3,0.0,0.0,4.89,10.1,23.81,90,49,Kota Malang,-7.9797,112.6304
2024-11-06,30.4,21.0,25.8,0.0,0.0,5.13,13.4,23.66,89,40,Kota Malang,-7.9797,112.6304
2024-11-07,31.2,21.8,25.7,0.0,0.0,5.34,12.8,25.66,89,44,Kota Malang,-7.9797,112.6304
2024-11-08,31.0,20.6,25.0,1.9,1.9,4.74,15.9,22.92,91,48,Kota Malang,-7.9797,112.6304
2024-11-09,29.2,22.5,25.0,1.3,1.3,3.75,7.5,18.28,92,61,Kota Malang,-7.9797,112.6304
2024-11-10,30.7,22.0,24.9,2.2,2.2,3.89,11.2,19.02,98,54,Kota Malang,-7.9797,112.6304
2024-11-11,29.8,21.9,25.2,2.4,2.4,4.36,11.3,21.04,98,56,Kota Malang,-7.9797,112.6304
2024-11-12,30.6,21.4,25.5,2.1,2.1,4.59,12.2,22.17,97,53,Kota Malang,-7.9797,112.6304
2024-11-13,30.7,22.7,25.8,2.2,2.2,4.5,9.8,21.78,92,55,Kota Malang,-7.9797,112.6304
2024-11-14,31.3,22.5,26.3,0.2,0.2,4.98,9.0,23.54,92,44,Kota Malang,-7.9797,112.6304
2024-11-15,34.0,22.8,27.0,0.1,0.1,5.32,12.0,24.05,90,32,Kota Malang,-7.9797,112.6304
2024-11-16,31.3,23.2,26.3,1.3,1.3,4.54,10.7,21.28,89,50,Kota Malang,-7.9797,112.6304
2024-11-17,31.1,22.6,25.8,5.4,5.4,4.66,11.5,22.12,97,52,Kota Malang,-7.9797,112.6304
2024-11-18,30.9,21.9,25.5,7.7,7.7,4.43,10.5,21.46,95,52,Kota Malang,-7.9797,112.6304
2024-11-19,29.8,22.5,24.9,1.9,1.9,3.69,7.4,17.86,99,55,Kota Malang,-7.9797,112.6304
2024-11-20,30.3,21.9,25.1,3.0,3.0,4.17,8.1,20.47,96,59,Kota Malang,-7.9797,112.6304
2024-11-21,30.2,22.4,25.1,5.0,5.0,3.84,9.4,18.84,98,56,Kota Malang,-7.9797,112.6304
2024-11-22,29.7,22.6,25.0,1.6,1.6,3.64,8.0,17.62,96,57,Kota Malang,-7.9797,112.6304
2024-11-23,28.7,22.4,24.7,4.0,4.0,3.52,7.4,17.58,97,68,Kota Malang,-7.9797,112.6304
2024-11-24,28.4,21.9,24.2,4.8,4.8,3.01,9.0,14.97,98,63,Kota Malang,-7.9797,112.6304
2024-11-25,28.8,21.6,24.4,3.1,3.1,3.21,9.9,16.0,97,71,Kota Malang,-7.9797,112.6304
2024-11-26,29.2,21.6,24.8,11.0,11.0,4.1,9.7,20.47,100,68,Kota Malang,-7.9797,112.6304
2024-11-27,29.3,22.1,24.8,7.8,7.8,3.82,8.6,18.87,100,68,Kota Malang,-7.9797,112.6304
2024-11-28,26.5,22.2,23.6,30.1,30.1,2.09,9.1,10.52,100,81,Kota Malang,-7.9797,112.6304
2024-11-29,26.7,22.4,23.6,26.0,26.0,2.62,9.0,13.38,100,77,Kota Malang,-7.9797,112.6304
2024-11-30,25.7,21.8,23.2,19.4,19.4,1.58,8.1,7.89,100,85,Kota Malang,-7.9797,112.6304
2024-12-01,26.1,22.2,23.5,10.1,10.1,1.96,5.4,9.66,99,83,Kota Malang,-7.9797,112.6304
2024-12-02,28.1,22.3,24.2,1.4,1.4,3.04,5.8,14.99,96,68,Kota Malang,-7.9797,112.6304
2024-12-03,29.6,21.6,24.6,11.0,11.0,4.61,9.4,22.96,100,60,Kota Malang,-7.9797,112.6304
2024-12-04,29.1,21.0,23.9,8.6,8.6,2.97,8.7,14.64,100,63,Kota Malang,-7.9797,112.6304
2024-12-05,29.7,21.8,24.3,19.2,19.2,3.61,7.8,17.76,100,63,Kota Malang,-7.9797,112.6304
2024-12-06,26.3,22.1,23.5,15.9,15.9,2.1,5.6,10.27,100,77,Kota Malang,-7.9797,112.6304
2024-12-07,29.1,21.9,24.1,22.1,22.1,3.39,6.9,17.06,100,69,Kota Malang,-7.9797,112.6304
2024-12-08,29.2,21.7,24.2,22.6,22.6,3.52,8.3,17.97,100,73,Kota Malang,-7.9797,112.6304
2024-12-09,26.9,21.9,23.4,26.8,26.8,2.41,8.6,12.45,100,82,Kota Malang,-7.9797,112.6304
2024-12-10,29.5,21.8,24.1,13.9,13.9,3.28,9.4,16.43,99,67,Kota Malang,-7.9797,112.6304
2024-12-11,28.9,21.7,24.1,22.3,22.3,2.89,6.7,14.22,100,66,Kota Malang,-7.9797,112.6304
2024-12-12,26.4,21.9,23.5,20.9,20.9,2.35,5.8,11.74,100,78,Kota Malang,-7.9797,112.6304
2024-12-13,28.9,22.0,24.3,10.7,10.7,2.95,7.8,14.43,96,67,Kota Malang,-7.9797,112.6304
2024-12-14,26.5,21.5,23.5,50.3,50.3,1.97,4.5,9.66,100,77,Kota Malang,-7.9797,112.6304
2024-12-15,28.5,21.7,24.1,63.7,63.7,2.89,5.4,14.18,100,72,Kota Malang,-7.9797,112.6304
2024-12-16,28.3,22.1,24.2,25.0,25.0,2.49,6.5,11.81,100,70,Kota Malang,-7.9797,112.6304
2024-12-17,28.7,22.0,23.9,44.3,44.3,3.01,8.5,15.2,99,71,Kota Malang,-7.9797,112.6304
2024-12-18,28.0,21.3,24.2,2.5,2.5,3.33,8.7,16.72,100,70,Kota Malang,-7.9797,112.6304
2024-12-19,30.7,21.6,25.0,3.1,3.1,4.47,9.4,21.6,100,54,Kota Malang,-7.9797,112.6304
2024-12-20,29.6,21.6,24.7,9.3,9.3,3.74,7.9,18.51,100,69,Kota Malang,-7.9797,112.6304
2024-12-21,29.1,22.3,24.3,28.0,28.0,2.92,6.6,14.51,98,67,Kota Malang,-7.9797,112.6304
2024-12-22,27.8,22.5,24.1,13.8,13.8,2.96,12.7,14.95,98,75,Kota Malang,-7.9797,112.6304
2024-12-23,31.0,22.0,24.8,13.2,13.2,4.11,9.5,20.55,95,63,Kota Malang,-7.9797,112.6304
2024-12-24,29.3,21.5,24.2,16.1,16.1,3.92,8.8,19.7,98,67,Kota Malang,-7.9797,112.6304
2024-12-25,29.6,21.9,24.2,7.2,7.2,3.52,7.2,17.32,99,62,Kota Malang,-7.9797,112.6304
2024-12-26,27.9,21.1,23.6,25.4,25.4,2.95,6.9,15.07,100,75,Kota Malang,-7.9797,112.6304
2024-12-27,29.2,22.0,24.8,3.0,3.0,3.74,12.4,18.29,99,59,Kota Malang,-7.9797,112.6304
2024-12-28,26.6,21.8,23.5,14.1,14.1,2.71,11.0,14.18,100,80,Kota Malang,-7.9797,112.6304
2024-12-29,25.0,21.5,22.9,18.1,18.1,1.71,5.1,8.42,100,87,Kota Malang,-7.9797,112.6304
2024-12-30,29.1,20.9,23.9,50.6,50.6,3.48,7.7,17.46,100,65,Kota Malang,-7.9797,112.6304
2024-12-31,27.9,21.3,23.7,46.4,46.4,3.16,7.2,15.99,100,73,Kota Malang,-7.9797,112.6304
2025-01-01,26.2,21.7,23.3,39.7,39.7,2.18,7.0,10.55,100,77,Kota Malang,-7.9797,112.6304
2025-01-02,26.7,21.4,23.0,54.6,54.6,2.49,5.9,12.36,100,76,Kota Malang,-7.9797,112.6304
2025-01-03,28.0,21.2,23.7,5.3,5.3,3.04,11.0,15.2,97,70,Kota Malang,-7.9797,112.6304
2025-01-04,27.3,20.6,23.5,17.8,17.8,3.22,9.1,16.03,99,70,Kota Malang,-7.9797,112.6304
2025-01-05,28.0,21.3,23.0,15.4,15.4,2.65,8.6,13.46,100,70,Kota Malang,-7.9797,112.6304
2025-01-06,27.8,21.4,23.3,48.7,48.7,3.06,7.8,15.7,100,72,Kota Malang,-7.9797,112.6304
2025-01-07,26.8,21.0,23.2,54.8,54.8,3.29,5.9,17.02,100,78,Kota Malang,-7.9797,112.6304
2025-01-08,28.7,20.6,23.8,45.9,45.9,3.65,5.5,18.54,100,71,Kota Malang,-7.9797,112.6304
2025-01-09,29.2,21.7,24.5,27.6,27.6,3.95,7.5,19.74,99,68,Kota Malang,-7.9797,112.6304
2025-01-10,29.5,21.6,24.9,3.8,3.8,4.02,8.3,19.19,98,63,Kota Malang,-7.9797,112.6304
2025-01-11,29.9,21.4,24.1,6.4,6.4,3.89,9.6,19.62,96,64,Kota Malang,-7.9797,112.6304
2025-01-12,27.1,21.3,23.4,20.7,20.7,2.44,6.2,12.25,100,77,Kota Malang,-7.9797,112.6304
2025-01-13,26.5,21.5,23.7,57.9,57.9,3.2,7.8,16.41,100,78,Kota Malang,-7.9797,112.6304
2025-01-14,28.3,21.3,24.0,43.0,43.0,3.95,6.7,20.08,99,72,Kota Malang,-7.9797,112.6304
2025-01-15,28.2,21.2,24.0,24.3,24.3,3.7,7.5,18.92,99,73,Kota Malang,-7.9797,112.6304
2025-01-16,30.5,21.1,24.6,12.2,12.2,4.07,9.6,19.95,99,57,Kota Malang,-7.9797,112.6304
2025-01-17,30.8,21.7,24.8,13.8,13.8,4.36,8.1,21.38,99,55,Kota Malang,-7.9797,112.6304
2025-01-18,29.2,21.7,24.0,25.5,25.5,3.17,7.8,15.77,100,67,Kota Malang,-7.9797,112.6304
2025-01-19,28.8,21.1,23.9,29.0,29.0,3.14,6.5,15.92,100,70,Kota Malang,-7.9797,112.6304
2025-01-20,26.8,22.2,23.3,50.3,50.3,2.09,6.8,10.47,100,83,Kota Malang,-7.9797,112.6304
2025-01-21,27.8,21.8,24.1,17.1,17.1,2.72,5.7,12.88,99,70,Kota Malang,-7.9797,112.6304
2025-01-22,28.1,21.5,23.9,12.9,12.9,2.89,6.3,14.1,99,70,Kota Malang,-7.9797,112.6304
2025-01-23,25.9,21.7,23.3,11.7,11.7,2.02,4.1,9.84,100,76,Kota Malang,-7.9797,112.6304
2025-01-24,28.2,20.5,23.4,16.9,16.9,3.41,7.8,17.39,99,72,Kota Malang,-7.9797,112.6304
2025-01-25,28.0,21.3,24.1,4.7,4.7,3.81,8.4,19.37,98,71,Kota Malang,-7.9797,112.6304
2025-01-26,27.8,21.8,23.7,14.1,14.1,3.07,7.8,15.43,100,74,Kota Malang,-7.9797,112.6304
2025-01-27,26.4,21.2,23.6,17.2,17.2,2.49,5.6,12.4,100,77,Kota Malang,-7.9797,112.6304
2025-01-28,28.6,21.0,23.5,34.6,34.6,2.99,8.7,15.12,99,69,Kota Malang,-7.9797,112.6304
2025-01-29,30.0,21.0,23.9,28.4,28.4,3.52,8.7,17.38,99,63,Kota Malang,-7.9797,112.6304
2025-01-30,27.2,21.9,24.0,1.5,1.5,2.24,6.9,10.36,100,69,Kota Malang,-7.9797,112.6304
2025-01-31,29.6,22.2,24.9,5.6,5.6,2.96,6.9,13.59,100,65,Kota Malang,-7.9797,112.6304
2025-02-01,29.8,21.8,24.6,4.0,4.0,3.01,9.4,14.27,99,62,Kota Malang,-7.9797,112.6304
2025-02-02,30.3,22.8,25.8,1.0,1.0,4.08,7.0,19.11,93,62,Kota Malang,-7.9797,112.6304
2025-02-03,32.7,23.3,27.1,0.0,0.0,4.8,7.7,22.45,91,43,Kota Malang,-7.9797,112.6304
2025-02-04,32.3,22.6,26.8,0.0,0.0,4.56,7.7,20.97,93,40,Kota Malang,-7.9797,112.6304
2025-02-05,32.0,22.6,26.3,4.7,4.7,4.95,8.6,23.16,96,47,Kota Malang,-7.9797,112.6304
2025-02-06,30.8,22.9,25.8,12.6,12.6,4.06,5.9,19.29,100,56,Kota Malang,-7.9797,112.6304
2025-02-07,29.6,22.3,24.8,9.3,9.3,3.55,5.9,16.96,100,62,Kota Malang,-7.9797,112.6304
2025-02-08,29.0,21.8,24.8,4.7,4.7,4.47,14.4,22.34,100,62,Kota Malang,-7.9797,112.6304
2025-02-09,28.9,21.1,24.0,2.1,2.1,4.07,11.6,20.97,100,67,Kota Malang,-7.9797,112.6304
2025-02-10,27.2,21.1,23.4,4.9,4.9,3.38,10.6,17.74,100,74,Kota Malang,-7.9797,112.6304
2025-02-11,28.5,21.0,24.2,2.0,2.0,3.93,10.1,19.38,100,58,Kota Malang,-7.9797,112.6304
2025-02-12,27.3,21.4,23.6,4.5,4.5,2.7,9.1,13.53,99,71,Kota Malang,-7.9797,112.6304
2025-02-13,30.1,21.7,24.6,0.9,0.9,4.51,12.1,22.18,97,56,Kota Malang,-7.9797,112.6304
2025-02-14,29.2,21.3,24.3,5.1,5.1,4.54,8.7,22.74,100,61,Kota Malang,-7.9797,112.6304
2025-02-15,28.7,21.2,24.3,20.4,20.4,4.59,6.5,23.32,100,64,Kota Malang,-7.9797,112.6304
2025-02-16,28.7,21.3,24.0,21.8,21.8,4.16,7.7,21.12,100,65,Kota Malang,-7.9797,112.6304
2025-02-17,27.7,21.3,23.4,37.7,37.7,3.67,8.8,18.92,99,70,Kota Malang,-7.9797,112.6304
2025-02-18,29.0,20.7,23.7,19.0,19.0,3.96,7.4,20.11,99,67,Kota Malang,-7.9797,112.6304
2025-02-19,27.8,20.9,23.6,27.4,27.4,4.11,6.0,20.83,100,71,Kota Malang,-7.9797,112.6304
2025-02-20,26.4,21.2,23.2,23.4,23.4,2.72,6.2,13.8,100,80,Kota Malang,-7.9797,112.6304
2025-02-21,28.4,21.2,23.9,28.1,28.1,3.73,7.0,18.92,100,71,Kota Malang,-7.9797,112.6304
2025-02-22,28.3,21.4,23.6,32.3,32.3,3.43,8.4,17.3,99,72,Kota Malang,-7.9797,112.6304
2025-02-23,26.7,21.5,23.3,4.4,4.4,2.21,7.2,10.85,100,72,Kota Malang,-7.9797,112.6304
2025-02-24,27.0,21.6,22.9,9.2,9.2,2.46,7.7,12.06,98,71,Kota Malang,-7.9797,112.6304
2025-02-25,26.6,21.3,23.2,6.5,6.5,2.76,6.9,13.72,97,70,Kota Malang,-7.9797,112.6304
2025-02-26,26.3,21.3,23.4,9.8,9.8,3.05,6.3,15.64,99,78,Kota Malang,-7.9797,112.6304
2025-02-27,28.1,21.0,23.7,1.2,1.2,3.52,7.4,17.98,95,67,Kota Malang,-7.9797,112.6304
2025-02-28,27.7,21.6,23.9,3.2,3.2,4.28,8.1,22.13,98,65,Kota Malang,-7.9797,112.6304
2025-03-01,28.9,21.8,24.4,2.2,2.2,4.18,5.0,20.82,95,67,Kota Malang,-7.9797,112.6304
2025-03-02,29.6,21.8,25.1,0.0,0.0,4.93,7.5,24.62,91,60,Kota Malang,-7.9797,112.6304
2025-03-03,29.7,21.1,24.9,1.1,1.1,5.0,7.9,25.11,95,60,Kota Malang,-7.9797,112.6304
2025-03-04,28.7,21.8,24.6,3.2,3.2,3.88,9.5,19.53,98,64,Kota Malang,-7.9797,112.6304
2025-03-05,29.5,21.9,25.1,0.9,0.9,4.31,8.0,21.22,94,62,Kota Malang,-7.9797,112.6304
2025-03-06,29.6,22.1,24.9,1.7,1.7,4.5,5.8,22.41,98,64,Kota Malang,-7.9797,112.6304
2025-03-07,27.5,22.4,23.8,8.4,8.4,3.26,6.0,16.55,100,75,Kota Malang,-7.9797,112.6304
2025-03-08,28.2,21.1,23.8,5.3,5.3,3.63,8.0,18.49,97,69,Kota Malang,-7.9797,112.6304
2025-03-09,28.2,21.5,24.3,3.1,3.1,3.25,9.1,16.14,97,68,Kota Malang,-7.9797,112.6304
2025-03-10,28.0,21.8,23.9,42.4,42.4,2.87,6.3,14.19,99,69,Kota Malang,-7.9797,112.6304
2025-03-11,29.2,21.5,24.4,14.6,14.6,3.58,6.7,17.76,100,65,Kota Malang,-7.9797,112.6304
2025-03-12,29.3,22.0,24.4,33.5,33.5,4.37,6.1,22.14,100,62,Kota Malang,-7.9797,112.6304
2025-03-13,28.8,21.4,24.5,15.0,15.0,4.23,6.2,21.14,97,67,Kota Malang,-7.9797,112.6304
2025-03-14,28.0,21.9,24.1,7.7,7.7,3.48,7.6,17.37,98,65,Kota Malang,-7.9797,112.6304
2025-03-15,29.0,21.5,24.0,6.6,6.6,3.35,6.6,16.57,99,60,Kota Malang,-7.9797,112.6304
2025-03-16,27.7,21.8,23.6,19.0,19.0,3.02,8.0,15.09,100,76,Kota Malang,-7.9797,112.6304
2025-03-17,28.9,21.4,23.8,35.6,35.6,3.29,7.3,16.32,99,68,Kota Malang,-7.9797,112.6304
2025-03-18,27.6,21.4,24.0,27.8,27.8,3.04,7.2,15.3,98,73,Kota Malang,-7.9797,112.6304
2025-03-19,27.5,20.7,23.2,17.6,17.6,2.78,11.2,14.5,99,73,Kota Malang,-7.9797,112.6304
2025-03-20,30.2,21.3,24.7,1.4,1.4,4.63,11.8,22.85,97,54,Kota Malang,-7.9797,112.6304
2025-03-21,30.8,21.7,25.3,1.1,1.1,4.88,12.2,23.45,97,49,Kota Malang,-7.9797,112.6304
2025-03-22,28.5,22.0,24.1,7.7,7.7,3.18,9.8,15.77,99,65,Kota Malang,-7.9797,112.6304
2025-03-23,30.9,21.5,24.9,0.5,0.5,3.79,6.0,17.7,93,42,Kota Malang,-7.9797,112.6304
2025-03-24,29.6,21.4,24.8,3.9,3.9,3.58,5.8,17.36,100,61,Kota Malang,-7.9797,112.6304
2025-03-25,31.3,21.7,25.4,8.7,8.7,4.01,9.9,19.45,98,57,Kota Malang,-7.9797,112.6304
2025-03-26,29.5,21.8,24.9,7.9,7.9,3.98,6.4,19.58,100,69,Kota Malang,-7.9797,112.6304
2025-03-27,28.9,22.0,24.2,16.8,16.8,3.27,5.8,16.21,100,70,Kota Malang,-7.9797,112.6304
2025-03-28,28.8,21.8,24.0,41.5,41.5,3.6,8.1,18.34,100,72,Kota Malang,-7.9797,112.6304
2025-03-29,27.9,21.7,23.8,16.6,16.6,2.62,8.8,12.94,100,67,Kota Malang,-7.9797,112.6304
2025-03-30,27.9,21.2,23.5,9.1,9.1,2.97,8.1,15.19,100,72,Kota Malang,-7.9797,112.6304
2025-03-31,29.4,20.8,24.1,1.8,1.8,4.34,7.7,22.08,100,62,Kota Malang,-7.9797,112.6304
2025-04-01,28.4,21.5,23.8,29.0,29.0,3.4,6.6,17.32,97,70,Kota Malang,-7.9797,112.6304
2025-04-02,26.8,21.5,23.6,29.3,29.3,3.61,6.6,18.72,99,73,Kota Malang,-7.9797,112.6304
2025-04-03,27.8,21.2,23.5,38.1,38.1,3.29,7.1,16.73,100,65,Kota Malang,-7.9797,112.6304
2025-04-04,29.1,22.1,24.5,6.7,6.7,4.47,6.7,22.67,96,60,Kota Malang,-7.9797,112.6304
2025-04-05,28.0,21.0,24.1,1.2,1.2,4.39,7.2,22.48,98,63,Kota Malang,-7.9797,112.6304
2025-04-06,29.5,21.5,24.6,0.0,0.0,5.0,8.7,25.2,97,57,Kota Malang,-7.9797,112.6304
2025-04-07,28.2,21.6,24.3,0.1,0.1,4.58,6.9,23.6,94,62,Kota Malang,-7.9797,112.6304
2025-04-08,29.0,22.2,24.6,0.2,0.2,4.11,8.1,20.63,99,61,Kota Malang,-7.9797,112.6304
2025-04-09,28.7,21.6,24.5,1.0,1.0,3.94,8.2,19.96,94,67,Kota Malang,-7.9797,112.6304
2025-04-10,29.4,22.2,24.3,1.7,1.7,3.07,9.3,15.3,97,61,Kota Malang,-7.9797,112.6304
2025-04-11,27.5,22.0,23.7,0.9,0.9,3.09,6.5,15.67,97,73,Kota Malang,-7.9797,112.6304
2025-04-12,29.1,20.8,24.4,2.6,2.6,4.27,9.3,21.82,99,62,Kota Malang,-7.9797,112.6304
2025-04-13,28.3,21.2,24.2,2.9,2.9,3.81,6.4,19.26,99,67,Kota Malang,-7.9797,112.6304
2025-04-14,27.1,21.4,24.1,26.3,26.3,3.2,8.5,16.59,94,76,Kota Malang,-7.9797,112.6304
2025-04-15,27.8,22.5,24.5,0.0,0.0,3.04,6.4,15.17,94,66,Kota Malang,-7.9797,112.6304
2025-04-16,29.7,22.2,25.1,0.7,0.7,4.46,9.2,22.24,94,58,Kota Malang,-7.9797,112.6304
2025-04-17,28.3,21.5,24.1,22.4,22.4,3.23,6.4,16.23,98,66,Kota Malang,-7.9797,112.6304
2025-04-18,27.1,21.2,23.5,13.7,13.7,2.67,4.7,13.51,100,78,Kota Malang,-7.9797,112.6304
2025-04-19,28.5,21.8,23.9,25.1,25.1,3.51,7.4,17.95,98,70,Kota Malang,-7.9797,112.6304
2025-04-20,27.7,21.3,23.7,9.1,9.1,3.28,9.0,16.95,96,75,Kota Malang,-7.9797,112.6304
2025-04-21,28.9,21.8,24.3,4.6,4.6,3.76,9.2,19.13,94,62,Kota Malang,-7.9797,112.6304
2025-04-22,28.1,22.4,24.2,5.7,5.7,4.01,10.6,20.75,99,68,Kota Malang,-7.9797,112.6304
2025-04-23,29.2,21.5,24.5,0.0,0.0,4.36,11.7,21.72,90,58,Kota Malang,-7.9797,112.6304
2025-04-24,29.1,21.2,24.6,0.0,0.0,4.43,7.2,22.3,91,56,Kota Malang,-7.9797,112.6304
2025-04-25,29.6,21.3,24.8,0.2,0.2,4.42,6.6,22.16,91,60,Kota Malang,-7.9797,112.6304
2025-04-26,28.4,21.0,24.5,1.1,1.1,4.22,9.8,21.38,89,63,Kota Malang,-7.9797,112.6304
2025-04-27,28.7,21.4,24.1,0.0,0.0,4.66,11.6,23.4,87,58,Kota Malang,-7.9797,112.6304
2025-04-28,28.6,21.1,24.0,0.0,0.0,4.32,13.7,21.71,87,58,Kota Malang,-7.9797,112.6304
2025-04-29,28.2,21.6,24.1,0.0,0.0,4.29,8.9,21.68,86,57,Kota Malang,-7.9797,112.6304
2025-04-30,28.9,21.1,24.4,0.0,0.0,4.18,8.3,20.91,90,49,Kota Malang,-7.9797,112.6304
2025-05-01,29.4,21.5,24.7,0.3,0.3,4.26,7.3,21.42,96,59,Kota Malang,-7.9797,112.6304
2025-05-02,28.3,21.7,24.5,0.2,0.2,3.24,11.0,15.74,97,63,Kota Malang,-7.9797,112.6304
2025-05-03,29.5,21.1,24.7,0.7,0.7,3.98,9.9,19.61,96,58,Kota Malang,-7.9797,112.6304
2025-05-04,28.7,21.3,24.7,0.2,0.2,4.01,8.1,20.27,92,62,Kota Malang,-7.9797,112.6304
2025-05-05,29.5,22.0,24.9,0.2,0.2,3.89,8.7,19.52,95,60,Kota Malang,-7.9797,112.6304
2025-05-06,29.6,22.2,25.0,0.1,0.1,3.71,6.2,18.55,96,59,Kota Malang,-7.9797,112.6304
2025-05-07,29.0,22.6,24.9,0.6,0.6,3.17,6.2,15.52,96,64,Kota Malang,-7.9797,112.6304
2025-05-08,28.7,22.3,25.0,5.0,5.0,3.27,7.7,16.24,98,64,Kota Malang,-7.9797,112.6304
2025-05-09,28.6,21.3,23.7,31.1,31.1,3.03,6.9,15.4,100,71,Kota Malang,-7.9797,112.6304
2025-05-10,28.3,21.9,23.8,22.2,22.2,3.13,6.9,16.02,99,76,Kota Malang,-7.9797,112.6304
2025-05-11,28.0,20.7,23.4,30.6,30.6,3.14,7.5,16.34,100,72,Kota Malang,-7.9797,112.6304
2025-05-12,27.7,21.5,23.5,41.3,41.3,3.31,7.2,17.22,99,70,Kota Malang,-7.9797,112.6304
2025-05-13,27.3,20.9,23.6,8.8,8.8,2.82,8.1,14.44,98,73,Kota Malang,-7.9797,112.6304
2025-05-14,28.5,21.1,23.9,7.6,7.6,3.38,7.9,17.29,97,72,Kota Malang,-7.9797,112.6304
2025-05-15,27.8,21.2,24.0,7.8,7.8,3.17,7.1,16.24,100,75,Kota Malang,-7.9797,112.6304
2025-05-16,27.4,21.7,23.8,21.9,21.9,2.84,6.6,14.34,99,76,Kota Malang,-7.9797,112.6304
2025-05-17,26.7,21.8,23.7,11.6,11.6,2.5,7.1,12.62,100,76,Kota Malang,-7.9797,112.6304
2025-05-18,27.2,21.8,23.8,4.5,4.5,2.75,5.6,13.97,100,75,Kota Malang,-7.9797,112.6304
2025-05-19,27.2,21.7,23.4,22.8,22.8,2.6,6.0,13.16,99,73,Kota Malang,-7.9797,112.6304
2025-05-20,28.0,22.1,24.2,0.6,0.6,3.36,8.1,17.02,97,67,Kota Malang,-7.9797,112.6304
2025-05-21,27.1,22.4,24.1,11.2,11.2,2.98,8.7,14.91,97,76,Kota Malang,-7.9797,112.6304
2025-05-22,27.4,21.6,24.0,3.0,3.0,3.18,5.4,16.33,98,71,Kota Malang,-7.9797,112.6304
2025-05-23,27.3,21.5,23.7,7.6,7.6,2.86,5.8,14.58,100,74,Kota Malang,-7.9797,112.6304
2025-05-24,28.8,20.9,23.9,14.6,14.6,2.79,7.6,14.31,98,67,Kota Malang,-7.9797,112.6304
2025-05-25,28.8,21.3,24.3,19.1,19.1,3.46,6.8,17.7,100,68,Kota Malang,-7.9797,112.6304
2025-05-26,28.0,21.1,24.0,15.6,15.6,3.12,10.8,15.89,99,67,Kota Malang,-7.9797,112.6304
2025-05-27,25.6,21.4,23.2,19.3,19.3,1.91,6.0,9.89,99,81,Kota Malang,-7.9797,112.6304
2025-05-28,29.4,22.4,24.8,2.1,2.1,3.32,5.8,16.56,99,69,Kota Malang,-7.9797,112.6304
2025-05-29,30.1,22.2,25.1,0.8,0.8,3.71,9.4,18.13,100,57,Kota Malang,-7.9797,112.6304
2025-05-30,29.4,21.1,24.7,0.0,0.0,3.79,7.7,19.09,99,57,Kota Malang,-7.9797,112.6304
2025-05-31,29.2,21.9,24.6,1.7,1.7,3.47,8.2,17.17,98,58,Kota Malang,-7.9797,112.6304
2025-06-01,28.2,21.4,24.3,1.7,1.7,3.33,6.9,16.53,98,60,Kota Malang,-7.9797,112.6304
2025-06-02,28.3,21.9,24.7,0.1,0.1,3.73,6.8,19.0,97,61,Kota Malang,-7.9797,112.6304
2025-06-03,29.0,21.8,24.7,0.0,0.0,3.77,9.4,18.92,92,59,Kota Malang,-7.9797,112.6304
2025-06-04,29.0,21.0,24.2,0.9,0.9,3.73,8.9,18.92,95,63,Kota Malang,-7.9797,112.6304
2025-06-05,28.7,21.6,24.4,0.0,0.0,3.99,9.9,19.8,97,57,Kota Malang,-7.9797,112.6304
2025-06-06,29.5,21.4,24.5,0.0,0.0,4.08,9.3,20.48,92,51,Kota Malang,-7.9797,112.6304
2025-06-07,28.8,21.6,24.4,0.0,0.0,3.74,10.7,18.87,95,63,Kota Malang,-7.9797,112.6304
2025-06-08,27.6,22.0,23.9,1.3,1.3,2.84,8.6,14.34,99,70,Kota Malang,-7.9797,112.6304
2025-06-09,26.5,21.6,23.6,1.9,1.9,2.5,6.4,12.69,100,73,Kota Malang,-7.9797,112.6304
2025-06-10,28.5,20.8,23.8,0.2,0.2,3.34,6.7,17.23,96,64,Kota Malang,-7.9797,112.6304
2025-06-11,28.5,21.7,24.2,0.0,0.0,3.6,10.3,18.02,96,61,Kota Malang,-7.9797,112.6304
2025-06-12,28.0,20.0,23.6,0.0,0.0,3.76,7.8,19.3,92,55,Kota Malang,-7.9797,112.6304
2025-06-13,28.1,21.1,23.9,0.3,0.3,3.22,6.8,16.38,94,64,Kota Malang,-7.9797,112.6304
2025-06-14,29.5,21.4,24.2,2.6,2.6,3.43,9.8,17.31,97,60,Kota Malang,-7.9797,112.6304
2025-06-15,28.8,21.6,24.4,3.5,3.5,3.45,5.8,17.63,95,65,Kota Malang,-7.9797,112.6304
2025-06-16,28.2,21.7,24.2,0.2,0.2,3.48,6.6,17.75,96,61,Kota Malang,-7.9797,112.6304
2025-06-17,29.1,21.4,24.4,0.0,0.0,4.0,7.4,20.36,94,54,Kota Malang,-7.9797,112.6304
2025-06-18,29.3,20.7,23.9,0.0,0.0,4.28,12.1,21.43,93,51,Kota Malang,-7.9797,112.6304
2025-06-19,27.1,19.6,23.2,0.0,0.0,3.25,8.5,16.6,91,57,Kota Malang,-7.9797,112.6304
2025-06-20,27.7,20.3,23.6,0.3,0.3,2.71,6.9,13.32,92,62,Kota Malang,-7.9797,112.6304
2025-06-21,28.4,21.2,24.1,0.7,0.7,3.29,6.6,16.6,93,54,Kota Malang,-7.9797,112.6304
2025-06-22,26.7,20.9,23.2,1.5,1.5,2.72,7.3,13.82,98,61,Kota Malang,-7.9797,112.6304
2025-06-23,28.0,20.4,23.1,1.9,1.9,3.37,9.8,17.24,96,49,Kota Malang,-7.9797,112.6304
2025-06-24,27.1,20.0,23.3,2.2,2.2,3.13,7.1,16.16,99,68,Kota Malang,-7.9797,112.6304
2025-06-25,27.9,21.6,23.8,0.3,0.3,3.24,11.0,15.98,93,62,Kota Malang,-7.9797,112.6304
2025-06-26,27.4,21.5,23.8,1.1,1.1,2.93,8.7,14.67,94,64,Kota Malang,-7.9797,112.6304
2025-06-27,28.6,20.4,24.0,0.0,0.0,3.51,6.3,17.83,97,59,Kota Malang,-7.9797,112.6304
2025-06-28,27.9,21.2,23.4,0.7,0.7,3.16,8.8,16.06,98,60,Kota Malang,-7.9797,112.6304
2025-06-29,28.3,21.1,23.5,0.7,0.7,3.45,7.5,17.53,93,56,Kota Malang,-7.9797,112.6304
2025-06-30,27.8,19.9,23.4,0.8,0.8,3.51,9.2,18.04,95,61,Kota Malang,-7.9797,112.6304
2025-07-01,28.9,21.0,24.3,1.2,1.2,3.91,9.7,19.6,97,56,Kota Malang,-7.9797,112.6304
2025-07-02,29.7,21.1,24.3,1.5,1.5,3.8,6.1,19.27,95,55,Kota Malang,-7.9797,112.6304
2025-07-03,27.7,21.3,23.4,6.0,6.0,3.16,8.5,16.05,98,63,Kota Malang,-7.9797,112.6304
2025-07-04,25.0,20.8,22.5,2.3,2.3,2.43,10.9,13.03,98,79,Kota Malang,-7.9797,112.6304
2025-07-05,27.0,20.7,23.1,0.1,0.1,3.07,6.6,15.85,98,67,Kota Malang,-7.9797,112.6304
2025-07-06,26.1,21.1,23.0,1.3,1.3,2.56,5.8,13.06,99,71,Kota Malang,-7.9797,112.6304
2025-07-07,28.7,20.5,23.4,3.8,3.8,3.39,6.9,17.22,98,58,Kota Malang,-7.9797,112.6304
2025-07-08,27.1,20.8,22.8,0.2,0.2,3.2,12.7,16.35,96,68,Kota Malang,-7.9797,112.6304
2025-07-09,26.0,19.7,21.9,0.1,0.1,3.52,12.2,18.39,95,59,Kota Malang,-7.9797,112.6304
2025-07-10,27.0,18.9,22.0,0.0,0.0,3.66,7.8,19.2,92,58,Kota Malang,-7.9797,112.6304
2025-07-11,26.9,17.9,22.1,0.0,0.0,3.69,8.3,19.53,96,55,Kota Malang,-7.9797,112.6304
2025-07-12,27.7,19.4,22.6,1.4,1.4,3.39,9.6,17.6,97,62,Kota Malang,-7.9797,112.6304
2025-07-13,28.2,19.8,23.6,0.9,0.9,3.44,9.7,17.39,99,64,Kota Malang,-7.9797,112.6304
2025-07-14,26.7,21.5,23.3,0.6,0.6,2.45,8.8,11.91,94,69,Kota Malang,-7.9797,112.6304
2025-07-15,28.1,20.2,23.5,0.8,0.8,3.37,8.5,17.01,99,63,Kota Malang,-7.9797,112.6304
2025-07-16,28.0,20.6,23.1,0.6,0.6,3.44,13.3,17.41,96,60,Kota Malang,-7.9797,112.6304
2025-07-17,28.2,18.5,22.6,0.0,0.0,3.93,8.3,20.27,99,50,Kota Malang,-7.9797,112.6304
2025-07-18,27.4,19.9,22.4,0.1,0.1,3.19,9.7,16.06,98,55,Kota Malang,-7.9797,112.6304
2025-07-19,27.6,17.5,22.2,0.0,0.0,3.97,9.2,20.72,98,54,Kota Malang,-7.9797,112.6304
2025-07-20,26.9,18.4,21.8,0.0,0.0,3.96,10.0,20.76,92,48,Kota Malang,-7.9797,112.6304
2025-07-21,27.1,18.1,21.8,0.0,0.0,3.94,11.4,20.81,96,55,Kota Malang,-7.9797,112.6304
2025-07-22,27.4,16.3,21.7,0.0,0.0,4.0,9.8,20.88,96,51,Kota Malang,-7.9797,112.6304
2025-07-23,28.6,19.1,23.3,0.5,0.5,3.69,9.5,18.66,97,56,Kota Malang,-7.9797,112.6304
2025-07-24,28.4,19.9,23.3,2.5,2.5,3.33,9.9,16.71,97,60,Kota Malang,-7.9797,112.6304
2025-07-25,27.9,21.8,23.9,3.7,3.7,2.97,5.9,14.72,98,66,Kota Malang,-7.9797,112.6304
2025-07-26,29.1,21.7,24.2,3.7,3.7,3.9,7.6,19.76,99,61,Kota Malang,-7.9797,112.6304
2025-07-27,28.9,20.8,24.1,3.3,3.3,3.69,5.9,18.68,98,61,Kota Malang,-7.9797,112.6304
2025-07-28,28.3,21.8,23.7,12.7,12.7,3.65,9.1,18.85,97,62,Kota Malang,-7.9797,112.6304
2025-07-29,26.4,21.6,23.2,0.6,0.6,2.84,12.9,14.61,96,73,Kota Malang,-7.9797,112.6304
2025-07-30,27.0,21.2,22.9,2.2,2.2,2.99,14.8,15.54,95,64,Kota Malang,-7.9797,112.6304
2025-07-31,27.4,20.8,23.3,0.0,0.0,3.68,10.2,18.96,97,61,Kota Malang,-7.9797,112.6304
2025-08-01,28.7,20.9,24.1,0.0,0.0,4.27,10.5,21.56,97,49,Kota Malang,-7.9797,112.6304
2025-08-02,30.3,20.1,24.3,0.0,0.0,4.26,11.4,20.95,95,51,Kota Malang,-7.9797,112.6304
2025-08-03,29.5,20.9,23.7,3.4,3.4,3.57,7.6,17.95,96,57,Kota Malang,-7.9797,112.6304
2025-08-04,29.3,21.4,24.4,0.3,0.3,3.65,6.4,18.26,95,56,Kota Malang,-7.9797,112.6304
2025-08-05,29.3,20.8,23.9,2.3,2.3,3.95,8.3,20.22,95,60,Kota Malang,-7.9797,112.6304
2025-08-06,29.5,20.7,24.0,0.0,0.0,4.4,7.7,22.21,94,50,Kota Malang,-7.9797,112.6304
2025-08-07,29.2,19.9,23.7,0.1,0.1,4.12,9.4,21.03,100,61,Kota Malang,-7.9797,112.6304
2025-08-08,28.0,20.7,23.8,0.0,0.0,3.48,8.3,17.27,99,60,Kota Malang,-7.9797,112.6304
2025-08-09,29.0,20.5,24.0,0.0,0.0,3.91,9.2,19.42,97,54,Kota Malang,-7.9797,112.6304
2025-08-10,28.4,21.0,23.8,0.4,0.4,3.55,5.9,17.87,95,60,Kota Malang,-7.9797,112.6304
2025-08-11,28.1,20.5,23.6,3.3,3.3,3.33,8.3,16.76,99,62,Kota Malang,-7.9797,112.6304
2025-08-12,28.7,21.2,23.8,0.0,0.0,3.86,7.6,19.38,96,54,Kota Malang,-7.9797,112.6304
2025-08-13,28.7,20.7,23.6,3.0,3.0,4.25,7.9,21.53,99,54,Kota Malang,-7.9797,112.6304
2025-08-14,27.4,19.4,22.4,0.0,0.0,4.02,12.6,20.13,97,57,Kota Malang,-7.9797,112.6304
2025-08-15,28.5,18.5,22.5,1.0,1.0,4.02,10.5,20.3,100,52,Kota Malang,-7.9797,112.6304
2025-08-16,28.8,20.1,23.5,0.0,0.0,4.41,9.1,22.13,98,49,Kota Malang,-7.9797,112.6304
2025-08-17,28.7,19.3,23.3,0.0,0.0,4.51,10.1,22.79,87,46,Kota Malang,-7.9797,112.6304
2025-08-18,29.2,20.3,23.9,0.1,0.1,4.01,11.5,19.77,95,57,Kota Malang,-7.9797,112.6304
2025-08-19,28.2,21.1,23.2,16.6,16.6,3.07,8.5,15.63,100,63,Kota Malang,-7.9797,112.6304
2025-08-20,27.7,21.2,23.3,29.7,29.7,2.79,5.3,13.94,99,66,Kota Malang,-7.9797,112.6304
2025-08-21,27.9,20.4,23.7,0.0,0.0,3.58,7.1,18.06,94,58,Kota Malang,-7.9797,112.6304
2025-08-22,28.4,20.2,23.7,0.0,0.0,4.02,6.3,20.56,94,60,Kota Malang,-7.9797,112.6304
2025-08-23,29.0,19.4,23.9,0.0,0.0,4.44,10.8,22.4,94,54,Kota Malang,-7.9797,112.6304
2025-08-24,29.8,20.7,24.2,0.0,0.0,4.63,12.0,23.08,93,49,Kota Malang,-7.9797,112.6304
2025-08-25,29.0,20.5,23.4,0.0,0.0,4.37,12.5,21.68,96,50,Kota Malang,-7.9797,112.6304
2025-08-26,28.3,20.4,23.3,0.0,0.0,4.07,12.3,20.03,91,56,Kota Malang,-7.9797,112.6304
2025-08-27,27.9,20.5,22.7,12.0,12.0,3.88,14.6,20.62,99,61,Kota Malang,-7.9797,112.6304
2025-08-28,24.2,20.7,21.8,4.8,4.8,2.34,12.5,12.36,98,80,Kota Malang,-7.9797,112.6304
2025-08-29,26.7,21.1,22.6,11.8,11.8,3.27,10.6,16.92,95,68,Kota Malang,-7.9797,112.6304
2025-08-30,27.9,20.6,23.1,0.3,0.3,4.16,12.9,21.59,95,52,Kota Malang,-7.9797,112.6304
2025-08-31,29.1,20.4,23.7,0.0,0.0,4.68,12.0,23.39,97,46,Kota Malang,-7.9797,112.6304
2025-09-01,28.4,19.5,23.6,0.0,0.0,4.32,10.8,21.5,94,47,Kota Malang,-7.9797,112.6304
2025-09-02,30.0,19.3,24.1,0.0,0.0,4.95,17.7,23.42,92,41,Kota Malang,-7.9797,112.6304
2025-09-03,30.7,19.6,24.4,0.0,0.0,5.28,17.8,24.54,85,35,Kota Malang,-7.9797,112.6304
2025-09-04,29.6,20.7,24.3,0.0,0.0,4.38,10.5,21.27,96,51,Kota Malang,-7.9797,112.6304
2025-09-05,29.9,21.0,24.3,0.0,0.0,4.32,11.3,21.15,98,52,Kota Malang,-7.9797,112.6304
2025-09-06,27.5,21.0,23.2,0.4,0.4,4.36,13.3,21.68,95,51,Kota Malang,-7.9797,112.6304
2025-09-07,27.9,20.5,23.1,0.0,0.0,4.09,12.2,20.25,89,55,Kota Malang,-7.9797,112.6304
2025-09-08,28.4,20.5,23.3,1.7,1.7,3.76,13.3,18.77,97,55,Kota Malang,-7.9797,112.6304
2025-09-09,27.1,21.4,22.9,6.2,6.2,2.79,10.8,14.33,99,71,Kota Malang,-7.9797,112.6304
2025-09-10,25.9,21.2,22.7,8.7,8.7,2.12,7.4,10.51,99,79,Kota Malang,-7.9797,112.6304
2025-09-11,30.8,21.6,24.8,0.2,0.2,4.49,12.1,21.43,99,39,Kota Malang,-7.9797,112.6304
2025-09-12,29.0,20.5,24.0,0.8,0.8,4.2,11.7,20.53,95,55,Kota Malang,-7.9797,112.6304
2025-09-13,30.6,21.5,24.7,0.0,0.0,4.77,8.8,23.68,96,44,Kota Malang,-7.9797,112.6304
2025-09-14,28.8,21.4,24.1,0.0,0.0,4.28,10.6,21.15,96,57,Kota Malang,-7.9797,112.6304
2025-09-15,27.2,21.2,23.4,11.1,11.1,3.77,10.4,19.54,96,66,Kota Malang,-7.9797,112.6304
2025-09-16,27.1,21.3,23.4,18.5,18.5,3.45,10.9,17.63,98,69,Kota Malang,-7.9797,112.6304
2025-09-17,28.0,21.4,23.5,6.6,6.6,4.13,8.3,21.14,99,66,Kota Malang,-7.9797,112.6304
2025-09-18,28.8,21.3,23.7,0.2,0.2,4.18,7.6,21.03,99,58,Kota Malang,-7.9797,112.6304
2025-09-19,30.5,21.7,24.5,0.2,0.2,4.66,11.7,23.17,99,54,Kota Malang,-7.9797,112.6304
2025-09-20,30.5,20.9,24.9,0.4,0.4,4.87,10.9,23.72,100,49,Kota Malang,-7.9797,112.6304
2025-09-21,30.2,20.6,24.5,2.2,2.2,4.42,10.8,21.95,95,52,Kota Malang,-7.9797,112.6304
2025-09-22,30.0,21.6,24.8,0.0,0.0,4.55,10.8,22.0,94,44,Kota Malang,-7.9797,112.6304
2025-09-23,30.9,21.0,24.7,0.0,0.0,4.95,12.8,23.84,96,45,Kota Malang,-7.9797,112.6304
2025-09-24,29.9,20.5,24.1,1.8,1.8,4.8,9.4,24.07,98,50,Kota Malang,-7.9797,112.6304
2025-09-25,30.9,19.6,24.7,0.0,0.0,4.96,11.5,24.02,93,44,Kota Malang,-7.9797,112.6304
2025-09-26,30.1,21.3,24.7,1.7,1.7,4.64,11.0,22.85,95,51,Kota Malang,-7.9797,112.6304
2025-09-27,30.6,20.8,25.0,0.2,0.2,4.75,10.6,23.26,96,50,Kota Malang,-7.9797,112.6304
2025-09-28,32.3,20.9,25.8,0.0,0.0,5.33,16.6,24.74,91,40,Kota Malang,-7.9797,112.6304
2025-09-29,29.9,21.8,24.8,2.3,2.3,4.4,7.6,21.78,95,58,Kota Malang,-7.9797,112.6304
2025-09-30,27.6,21.5,23.5,1.1,1.1,2.89,7.2,14.26,96,66,Kota Malang,-7.9797,112.6304
2025-10-01,30.8,20.8,24.6,0.2,0.2,4.68,11.6,22.65,96,49,Kota Malang,-7.9797,112.6304
2025-10-02,32.1,19.5,24.9,0.0,0.0,5.35,11.7,25.53,88,37,Kota Malang,-7.9797,112.6304
2025-10-03,30.6,20.8,24.8,0.0,0.0,4.64,12.7,21.78,85,42,Kota Malang,-7.9797,112.6304
2025-10-04,31.1,21.3,25.0,0.0,0.0,4.97,8.8,23.75,91,45,Kota Malang,-7.9797,112.6304
2025-10-05,32.3,20.2,25.4,0.0,0.0,5.65,19.4,25.8,84,33,Kota Malang,-7.9797,112.6304
2025-10-06,31.4,20.5,24.8,0.0,0.0,4.94,15.0,23.21,83,40,Kota Malang,-7.9797,112.6304
2025-10-07,31.9,21.5,25.4,0.1,0.1,4.82,9.4,22.73,94,37,Kota Malang,-7.9797,112.6304
2025-10-08,30.0,21.9,24.9,0.0,0.0,5.03,13.8,24.03,91,47,Kota Malang,-7.9797,112.6304
2025-10-09,30.4,20.7,24.8,0.4,0.4,4.87,10.9,23.19,97,43,Kota Malang,-7.9797,112.6304
2025-10-10,28.9,20.7,23.8,1.1,1.1,4.11,7.4,20.39,95,53,Kota Malang,-7.9797,112.6304
2025-10-11,32.9,19.5,24.7,0.3,0.3,5.31,11.8,25.52,100,31,Kota Malang,-7.9797,112.6304
2025-10-12,32.0,21.4,25.6,0.6,0.6,4.83,13.7,22.65,98,46,Kota Malang,-7.9797,112.6304
2025-10-13,30.6,21.9,25.5,2.8,2.8,4.71,11.0,22.74,96,52,Kota Malang,-7.9797,112.6304
2025-10-14,31.9,21.8,25.9,0.3,0.3,4.77,13.1,22.56,92,43,Kota Malang,-7.9797,112.6304
2025-10-15,30.0,22.1,25.4,0.0,0.0,4.39,7.7,21.24,97,47,Kota Malang,-7.9797,112.6304
2025-10-16,31.1,22.7,25.9,0.0,0.0,4.85,8.7,23.09,91,44,Kota Malang,-7.9797,112.6304
2025-10-17,31.0,22.6,25.8,0.4,0.4,4.49,7.8,21.51,95,45,Kota Malang,-7.9797,112.6304
2025-10-18,31.4,22.2,26.0,0.3,0.3,5.16,11.4,24.49,98,45,Kota Malang,-7.9797,112.6304
2025-10-19,29.4,22.6,25.4,0.2,0.2,3.88,7.3,18.87,97,59,Kota Malang,-7.9797,112.6304
2025-10-20,30.8,21.7,25.2,6.8,6.8,4.49,10.1,21.92,96,53,Kota Malang,-7.9797,112.6304
2025-10-21,28.6,22.5,24.1,22.6,22.6,2.93,9.7,14.27,99,63,Kota Malang,-7.9797,112.6304
2025-10-22,27.3,21.8,23.3,36.2,36.2,2.75,7.7,14.07,100,77,Kota Malang,-7.9797,112.6304
2025-10-23,27.6,21.1,23.5,16.0,16.0,3.42,9.2,17.58,100,72,Kota Malang,-7.9797,112.6304
2025-10-24,29.0,21.6,23.8,15.1,15.1,3.64,7.3,18.27,100,66,Kota Malang,-7.9797,112.6304
2025-10-25,27.2,21.2,23.4,7.9,7.9,3.15,9.2,15.9,100,69,Kota Malang,-7.9797,112.6304
2025-10-26,29.4,21.5,24.1,2.7,2.7,3.86,9.6,19.03,98,57,Kota Malang,-7.9797,112.6304
2025-10-27,29.9,21.4,24.3,1.3,1.3,3.59,7.3,17.67,100,57,Kota Malang,-7.9797,112.6304
2025-10-28,28.1,21.8,24.2,2.0,2.0,3.33,8.8,16.4,100,62,Kota Malang,-7.9797,112.6304
2025-10-29,28.2,21.3,23.6,13.2,13.2,3.35,8.3,17.01,99,69,Kota Malang,-7.9797,112.6304
2025-10-30,28.5,21.7,24.1,2.2,2.2,3.39,10.7,16.89,100,64,Kota Malang,-7.9797,112.6304
2025-10-31,29.7,21.5,24.6,3.9,3.9,4.23,9.9,21.18,99,64,Kota Malang,-7.9797,112.6304
2025-11-01,30.1,21.9,24.6,4.4,4.4,4.46,10.8,22.29,98,60,Kota Malang,-7.9797,112.6304
2025-11-02,29.0,21.3,23.8,7.3,7.3,3.58,8.5,18.11,99,64,Kota Malang,-7.9797,112.6304
2025-11-03,27.5,20.7,23.6,20.2,20.2,3.73,11.0,19.38,99,74,Kota Malang,-7.9797,112.6304
2025-11-04,27.6,21.4,23.4,57.0,57.0,2.83,10.1,14.42,100,70,Kota Malang,-7.9797,112.6304
2025-11-05,27.5,21.3,23.3,42.8,42.8,3.15,8.2,15.81,100,68,Kota Malang,-7.9797,112.6304
2025-11-06,28.2,21.4,23.6,26.1,26.1,3.08,9.6,15.51,100,72,Kota Malang,-7.9797,112.6304
2025-11-07,28.8,21.2,23.9,32.1,32.1,4.08,9.9,20.91,99,66,Kota Malang,-7.9797,112.6304
2025-11-08,29.1,20.7,24.2,28.4,28.4,3.85,5.9,19.3,100,66,Kota Malang,-7.9797,112.6304
2025-11-09,28.0,21.6,23.7,21.1,21.1,2.87,7.1,14.48,100,74,Kota Malang,-7.9797,112.6304
2025-11-10,28.3,21.7,24.0,42.1,42.1,3.29,5.8,16.38,100,68,Kota Malang,-7.9797,112.6304
2025-11-11,29.2,21.5,23.4,43.4,43.4,2.76,6.5,13.67,100,65,Kota Malang,-7.9797,112.6304
2025-11-12,28.1,21.3,23.4,41.4,41.4,3.26,5.8,16.38,100,70,Kota Malang,-7.9797,112.6304
2025-11-13,28.4,20.7,23.4,19.1,19.1,3.57,11.1,17.96,100,63,Kota Malang,-7.9797,112.6304
2025-11-14,28.4,20.9,23.2,29.5,29.5,3.13,7.4,15.92,100,68,Kota Malang,-7.9797,112.6304
2025-11-15,27.3,21.2,23.1,34.2,34.2,2.56,8.8,13.06,100,75,Kota Malang,-7.9797,112.6304
2025-11-16,29.8,20.5,23.8,11.3,11.3,3.62,7.5,18.2,99,62,Kota Malang,-7.9797,112.6304
2025-11-17,27.8,21.8,23.7,28.9,28.9,2.92,8.4,14.58,98,73,Kota Malang,-7.9797,112.6304
2025-11-18,29.6,21.4,23.7,37.7,37.7,3.81,6.8,19.44,99,69,Kota Malang,-7.9797,112.6304
2025-11-19,27.0,21.7,23.2,48.4,48.4,2.44,6.1,12.19,99,77,Kota Malang,-7.9797,112.6304
2025-11-20,27.9,21.5,23.8,38.1,38.1,3.45,8.4,17.49,99,69,Kota Malang,-7.9797,112.6304
2025-11-21,27.5,21.3,23.6,74.5,74.5,3.46,8.2,17.43,99,74,Kota Malang,-7.9797,112.6304
2025-11-22,26.4,21.4,23.3,37.0,37.0,2.4,7.4,11.85,100,81,Kota Malang,-7.9797,112.6304
2025-11-23,29.3,21.1,23.5,53.2,53.2,3.02,9.5,15.25,100,68,Kota Malang,-7.9797,112.6304
2025-11-24,27.4,20.6,23.4,4.1,4.1,3.0,6.7,15.08,100,72,Kota Malang,-7.9797,112.6304
2025-11-25,30.3,20.0,24.2,1.2,1.2,4.94,9.1,24.69,100,56,Kota Malang,-7.9797,112.6304
2025-11-26,29.7,20.8,23.7,14.2,14.2,4.07,10.0,20.78,100,61,Kota Malang,-7.9797,112.6304
2025-11-27,28.3,20.6,23.5,4.5,4.5,3.39,9.3,17.11,100,68,Kota Malang,-7.9797,112.6304
2025-11-28,26.6,21.3,23.5,3.8,3.8,3.21,10.1,16.35,100,77,Kota Malang,-7.9797,112.6304
2025-11-29,27.3,19.3,23.0,4.4,4.4,3.4,12.1,17.06,100,66,Kota Malang,-7.9797,112.6304
2025-11-30,28.0,19.8,23.7,0.4,0.4,3.71,6.9,18.12,97,58,Kota Malang,-7.9797,112.6304
2025-12-01,28.8,21.3,24.2,0.8,0.8,4.24,10.2,21.01,100,60,Kota Malang,-7.9797,112.6304
2025-12-02,27.8,21.2,23.6,31.9,31.9,3.24,8.5,16.31,99,69,Kota Malang,-7.9797,112.6304
2025-12-03,29.0,22.2,24.3,8.1,8.1,3.61,5.9,18.12,96,61,Kota Malang,-7.9797,112.6304
2025-12-04,28.4,21.7,24.2,2.5,2.5,3.68,7.9,18.02,96,65,Kota Malang,-7.9797,112.6304
2025-12-05,28.6,21.6,23.7,10.4,10.4,3.46,8.3,17.43,98,68,Kota Malang,-7.9797,112.6304
2025-12-06,26.9,21.2,23.3,41.9,41.9,3.31,5.5,16.81,100,75,Kota Malang,-7.9797,112.6304
2025-12-07,28.4,21.4,24.0,4.4,4.4,4.07,6.9,20.64,100,70,Kota Malang,-7.9797,112.6304
2025-12-08,27.2,21.5,23.4,12.1,12.1,2.62,7.9,13.35,100,77,Kota Malang,-7.9797,112.6304
2025-12-09,27.3,21.5,23.4,5.7,5.7,2.8,7.2,13.87,100,71,Kota Malang,-7.9797,112.6304
2025-12-10,29.2,21.5,24.2,1.6,1.6,3.78,7.1,18.76,100,66,Kota Malang,-7.9797,112.6304
2025-12-11,29.0,20.8,24.0,6.8,6.8,4.3,8.8,21.65,100,63,Kota Malang,-7.9797,112.6304
2025-12-12,29.2,19.6,23.5,15.9,15.9,4.19,8.6,21.14,100,58,Kota Malang,-7.9797,112.6304
2025-12-13,29.7,20.6,24.6,9.0,9.0,4.65,8.4,23.12,100,61,Kota Malang,-7.9797,112.6304
2025-12-14,28.8,21.5,24.0,21.7,21.7,3.66,9.4,18.09,100,63,Kota Malang,-7.9797,112.6304
2025-12-15,29.7,20.6,23.6,2.9,2.9,3.68,11.6,18.27,100,54,Kota Malang,-7.9797,112.6304
2025-12-16,30.0,20.3,24.3,0.1,0.1,4.52,10.2,21.95,100,50,Kota Malang,-7.9797,112.6304
2025-12-17,29.9,20.4,24.8,2.4,2.4,4.98,8.2,24.71,100,55,Kota Malang,-7.9797,112.6304
2025-12-18,29.0,22.0,24.3,15.0,15.0,4.35,8.6,21.92,100,69,Kota Malang,-7.9797,112.6304
2025-12-19,29.0,21.3,24.0,4.4,4.4,3.31,7.6,16.46,98,66,Kota Malang,-7.9797,112.6304
2025-12-20,29.2,21.2,23.6,53.8,53.8,3.23,6.5,16.21,100,67,Kota Malang,-7.9797,112.6304
2025-12-21,29.5,21.4,23.9,10.9,10.9,3.09,8.9,15.08,98,66,Kota Malang,-7.9797,112.6304
2025-12-22,29.8,21.6,24.2,10.2,10.2,3.68,11.4,18.67,98,64,Kota Malang,-7.9797,112.6304
2025-12-23,29.6,21.6,24.8,2.8,2.8,4.71,11.2,23.38,99,62,Kota Malang,-7.9797,112.6304
2025-12-24,29.7,21.3,24.5,2.2,2.2,4.28,11.0,21.32,98,61,Kota Malang,-7.9797,112.6304
2025-12-25,30.5,21.4,25.2,2.2,2.2,4.69,9.3,22.96,99,56,Kota Malang,-7.9797,112.6304
2025-12-26,27.6,20.5,23.8,5.8,5.8,3.74,10.4,19.12,100,69,Kota Malang,-7.9797,112.6304
2025-12-27,28.4,22.2,24.5,2.2,2.2,3.39,9.7,16.75,100,66,Kota Malang,-7.9797,112.6304
2025-12-28,30.2,21.8,25.1,0.4,0.4,4.64,9.7,22.86,99,62,Kota Malang,-7.9797,112.6304
2025-12-29,29.1,22.1,24.7,0.5,0.5,4.39,10.3,22.03,100,62,Kota Malang,-7.9797,112.6304
2025-12-30,28.5,22.0,24.5,7.5,7.5,4.19,7.0,21.03,99,68,Kota Malang,-7.9797,112.6304
2025-12-31,26.8,21.8,23.5,27.8,27.8,2.79,6.7,14.08,100,80,Kota Malang,-7.9797,112.6304
