tanggal,temperature_2m_max,temperature_2m_min,temperature_2m_mean,precipitation_sum,rain_sum,et0_fao_evapotranspiration,windspeed_10m_max,shortwave_radiation_sum,relative_humidity_2m_max,relative_humidity_2m_min,kabupaten,lat,lon
2018-01-01,28.6,23.8,25.8,0.6,0.6,3.32,20.2,16.06,93,72,Kota Kediri,-7.848,112.0172
2018-01-02,28.9,23.6,25.8,9.7,9.7,3.16,13.8,15.54,95,74,Kota Kediri,-7.848,112.0172
2018-01-03,30.4,23.8,26.2,7.6,7.6,3.47,13.4,16.99,94,71,Kota Kediri,-7.848,112.0172
2018-01-04,29.0,23.6,25.7,3.2,3.2,3.07,15.5,15.38,97,74,Kota Kediri,-7.848,112.0172
2018-01-05,28.5,23.6,25.7,10.5,10.5,3.61,15.1,18.55,96,78,Kota Kediri,-7.848,112.0172
2018-01-06,29.5,23.6,26.0,4.1,4.1,3.18,16.9,15.25,95,72,Kota Kediri,-7.848,112.0172
2018-01-07,27.6,23.8,25.1,15.1,15.1,2.32,13.1,11.33,96,76,Kota Kediri,-7.848,112.0172
2018-01-08,30.0,23.4,26.1,0.5,0.5,3.74,9.8,18.03,96,67,Kota Kediri,-7.848,112.0172
2018-01-09,31.1,23.6,26.3,4.1,4.1,3.9,13.0,19.25,99,66,Kota Kediri,-7.848,112.0172
2018-01-10,29.8,23.1,25.5,16.7,16.7,3.34,13.0,16.86,96,70,Kota Kediri,-7.848,112.0172
2018-01-11,27.1,22.6,24.6,4.1,4.1,2.08,11.5,10.11,98,82,Kota Kediri,-7.848,112.0172
2018-01-12,27.6,21.6,24.5,1.6,1.6,2.21,10.1,9.91,97,67,Kota Kediri,-7.848,112.0172
2018-01-13,29.1,23.8,25.9,3.5,3.5,2.72,15.5,12.53,93,74,Kota Kediri,-7.848,112.0172
2018-01-14,28.6,23.1,25.7,3.9,3.9,3.39,8.9,16.91,95,67,Kota Kediri,-7.848,112.0172
2018-01-15,29.0,22.3,25.5,0.5,0.5,3.63,11.2,17.71,96,68,Kota Kediri,-7.848,112.0172
2018-01-16,28.1,22.8,25.0,2.1,2.1,3.33,10.2,16.5,96,68,Kota Kediri,-7.848,112.0172
2018-01-17,28.3,22.8,25.3,2.2,2.2,3.2,9.4,15.9,94,70,Kota Kediri,-7.848,112.0172
2018-01-18,28.0,23.1,25.0,9.1,9.1,2.45,9.5,12.15,97,79,Kota Kediri,-7.848,112.0172
2018-01-19,28.1,22.7,25.2,6.1,6.1,2.71,16.8,12.48,98,77,Kota Kediri,-7.848,112.0172
2018-01-20,27.5,23.1,24.8,10.2,10.2,2.33,13.8,11.2,97,81,Kota Kediri,-7.848,112.0172
2018-01-21,26.7,22.7,24.5,8.4,8.4,2.07,6.9,10.09,96,80,Kota Kediri,-7.848,112.0172
2018-01-22,27.1,22.5,24.6,5.1,5.1,2.38,12.6,11.67,97,79,Kota Kediri,-7.848,112.0172
2018-01-23,28.5,23.2,25.0,6.1,6.1,2.95,9.7,14.52,99,74,Kota Kediri,-7.848,112.0172
2018-01-24,28.4,22.8,25.2,2.8,2.8,2.85,9.9,14.02,99,74,Kota Kediri,-7.848,112.0172
2018-01-25,27.0,22.1,24.6,10.8,10.8,2.42,15.3,11.6,98,81,Kota Kediri,-7.848,112.0172
2018-01-26,27.5,21.4,24.4,5.6,5.6,2.95,10.6,15.21,96,79,Kota Kediri,-7.848,112.0172
2018-01-27,29.4,22.8,25.4,5.0,5.0,3.5,16.3,17.58,97,73,Kota Kediri,-7.848,112.0172
2018-01-28,29.5,23.7,25.9,4.8,4.8,3.01,22.1,13.6,96,69,Kota Kediri,-7.848,112.0172
2018-01-29,27.8,23.1,25.2,10.2,10.2,2.8,10.2,13.85,98,76,Kota Kediri,-7.848,112.0172
2018-01-30,28.0,22.0,25.0,5.4,5.4,3.83,7.8,19.36,96,72,Kota Kediri,-7.848,112.0172
2018-01-31,29.6,23.1,25.4,9.6,9.6,3.64,12.0,18.28,98,70,Kota Kediri,-7.848,112.0172
2018-02-01,28.4,22.9,24.8,22.5,22.5,2.61,7.9,12.88,99,75,Kota Kediri,-7.848,112.0172
2018-02-02,27.9,22.3,24.5,9.3,9.3,2.5,6.0,12.27,98,73,Kota Kediri,-7.848,112.0172
2018-02-03,28.8,23.0,25.1,27.1,27.1,2.9,23.8,15.09,99,75,Kota Kediri,-7.848,112.0172
2018-02-04,28.1,22.7,25.4,2.0,2.0,3.41,12.1,17.12,97,70,Kota Kediri,-7.848,112.0172
2018-02-05,28.0,23.7,25.3,22.5,22.5,2.68,15.1,13.28,98,76,Kota Kediri,-7.848,112.0172
2018-02-06,28.6,23.1,25.0,1.9,1.9,3.17,16.3,15.56,98,68,Kota Kediri,-7.848,112.0172
2018-02-07,27.5,22.4,24.4,9.0,9.0,2.89,8.7,14.65,97,78,Kota Kediri,-7.848,112.0172
2018-02-08,26.5,21.8,23.8,12.5,12.5,2.15,7.9,10.79,98,78,Kota Kediri,-7.848,112.0172
2018-02-09,28.1,21.6,24.4,5.7,5.7,2.16,15.1,10.59,99,77,Kota Kediri,-7.848,112.0172
2018-02-10,29.2,22.4,25.2,1.3,1.3,3.89,9.0,19.61,96,68,Kota Kediri,-7.848,112.0172
2018-02-11,28.9,23.1,25.3,3.5,3.5,3.36,19.5,17.19,97,72,Kota Kediri,-7.848,112.0172
2018-02-12,28.5,23.1,24.9,14.9,14.9,2.06,13.0,10.36,99,76,Kota Kediri,-7.848,112.0172
2018-02-13,27.5,22.5,24.4,4.2,4.2,2.49,9.7,12.49,98,76,Kota Kediri,-7.848,112.0172
2018-02-14,27.1,22.4,24.9,2.9,2.9,2.68,10.9,13.26,99,74,Kota Kediri,-7.848,112.0172
2018-02-15,27.2,22.5,24.5,11.6,11.6,2.34,6.6,11.57,98,81,Kota Kediri,-7.848,112.0172
2018-02-16,27.0,22.6,24.4,6.6,6.6,2.4,13.2,11.82,99,76,Kota Kediri,-7.848,112.0172
2018-02-17,27.8,22.3,25.0,2.7,2.7,3.24,8.0,16.54,100,76,Kota Kediri,-7.848,112.0172
2018-02-18,29.9,23.0,25.8,5.9,5.9,3.86,9.7,19.05,96,71,Kota Kediri,-7.848,112.0172
2018-02-19,30.0,23.5,25.6,15.0,15.0,3.52,10.3,17.36,96,65,Kota Kediri,-7.848,112.0172
2018-02-20,28.5,23.3,25.6,8.9,8.9,3.39,8.9,16.93,97,73,Kota Kediri,-7.848,112.0172
2018-02-21,29.8,23.5,25.8,8.1,8.1,3.81,9.8,18.79,97,76,Kota Kediri,-7.848,112.0172
2018-02-22,28.5,22.9,25.1,16.3,16.3,2.68,10.6,12.93,99,74,Kota Kediri,-7.848,112.0172
2018-02-23,29.1,23.3,25.1,14.2,14.2,3.0,15.6,15.17,98,72,Kota Kediri,-7.848,112.0172
2018-02-24,28.6,23.1,25.1,7.9,7.9,2.62,8.7,12.83,98,73,Kota Kediri,-7.848,112.0172
2018-02-25,30.0,23.2,25.7,3.0,3.0,3.69,18.8,18.17,96,66,Kota Kediri,-7.848,112.0172
2018-02-26,28.7,24.0,25.6,4.6,4.6,2.86,15.3,13.85,94,76,Kota Kediri,-7.848,112.0172
2018-02-27,30.0,22.5,26.4,0.3,0.3,4.58,18.4,22.02,96,67,Kota Kediri,-7.848,112.0172
2018-02-28,30.5,22.5,26.4,0.9,0.9,4.01,9.3,19.46,98,64,Kota Kediri,-7.848,112.0172
2018-03-01,30.0,23.6,25.9,0.8,0.8,3.7,18.3,18.38,96,67,Kota Kediri,-7.848,112.0172
2018-03-02,29.1,23.0,25.8,4.4,4.4,3.65,13.1,18.05,98,74,Kota Kediri,-7.848,112.0172
2018-03-03,29.5,24.0,26.2,6.5,6.5,3.32,12.9,16.6,96,72,Kota Kediri,-7.848,112.0172
2018-03-04,28.5,23.2,25.9,1.1,1.1,3.34,11.1,16.61,98,76,Kota Kediri,-7.848,112.0172
2018-03-05,29.9,23.8,25.7,3.3,3.3,3.26,10.4,16.2,98,73,Kota Kediri,-7.848,112.0172
2018-03-06,31.0,23.0,26.2,1.8,1.8,4.26,12.7,20.81,98,67,Kota Kediri,-7.848,112.0172
2018-03-07,28.8,23.5,25.5,4.1,4.1,2.86,18.7,14.49,96,77,Kota Kediri,-7.848,112.0172
2018-03-08,28.5,22.8,25.4,3.7,3.7,3.46,8.9,17.36,99,72,Kota Kediri,-7.848,112.0172
2018-03-09,29.5,23.5,26.2,3.6,3.6,3.67,14.8,18.53,96,78,Kota Kediri,-7.848,112.0172
2018-03-10,29.9,23.2,26.1,1.1,1.1,3.91,7.8,19.36,98,68,Kota Kediri,-7.848,112.0172
2018-03-11,29.7,23.7,25.8,9.9,9.9,3.34,11.6,16.43,96,72,Kota Kediri,-7.848,112.0172
2018-03-12,29.2,23.6,26.2,3.5,3.5,3.08,14.9,14.49,96,69,Kota Kediri,-7.848,112.0172
2018-03-13,29.8,23.7,25.7,7.1,7.1,3.18,13.8,15.12,96,65,Kota Kediri,-7.848,112.0172
2018-03-14,29.5,23.2,25.9,2.3,2.3,3.8,16.6,17.71,96,70,Kota Kediri,-7.848,112.0172
2018-03-15,29.9,22.8,26.1,4.8,4.8,4.43,23.9,21.66,96,65,Kota Kediri,-7.848,112.0172
2018-03-16,30.0,23.5,26.1,3.1,3.1,3.84,14.2,18.8,97,70,Kota Kediri,-7.848,112.0172
2018-03-17,28.8,22.8,25.3,7.6,7.6,3.62,14.4,18.65,100,76,Kota Kediri,-7.848,112.0172
2018-03-18,30.0,23.0,25.7,11.6,11.6,4.16,12.3,21.26,98,70,Kota Kediri,-7.848,112.0172
2018-03-19,29.9,22.1,26.2,1.1,1.1,4.12,16.6,20.11,98,68,Kota Kediri,-7.848,112.0172
2018-03-20,31.8,23.4,27.1,0.0,0.0,5.36,17.7,25.35,93,57,Kota Kediri,-7.848,112.0172
2018-03-21,31.2,22.9,26.4,0.1,0.1,4.51,25.4,22.03,96,62,Kota Kediri,-7.848,112.0172
2018-03-22,29.8,23.3,25.3,4.9,4.9,2.98,16.5,14.75,96,75,Kota Kediri,-7.848,112.0172
2018-03-23,31.1,22.0,26.4,0.0,0.0,4.91,21.1,23.28,100,62,Kota Kediri,-7.848,112.0172
2018-03-24,29.4,24.1,26.1,1.1,1.1,4.03,23.8,20.17,92,68,Kota Kediri,-7.848,112.0172
2018-03-25,29.4,23.7,25.9,0.1,0.1,4.11,21.2,20.72,93,72,Kota Kediri,-7.848,112.0172
2018-03-26,30.5,23.7,26.3,1.0,1.0,4.4,14.5,21.54,93,66,Kota Kediri,-7.848,112.0172
2018-03-27,28.8,24.1,26.1,2.0,2.0,3.42,17.6,15.82,92,71,Kota Kediri,-7.848,112.0172
2018-03-28,30.2,24.0,26.6,0.0,0.0,4.43,22.3,20.65,92,64,Kota Kediri,-7.848,112.0172
2018-03-29,31.7,24.2,27.2,0.0,0.0,5.14,21.1,24.0,92,60,Kota Kediri,-7.848,112.0172
2018-03-30,30.2,23.9,26.3,1.4,1.4,4.01,6.9,19.63,95,65,Kota Kediri,-7.848,112.0172
2018-03-31,29.1,23.5,26.1,0.1,0.1,3.64,11.3,17.93,94,66,Kota Kediri,-7.848,112.0172
2018-04-01,30.2,23.2,26.4,1.0,1.0,3.94,8.7,19.32,95,66,Kota Kediri,-7.848,112.0172
2018-04-02,29.8,23.5,26.2,0.4,0.4,3.39,10.5,16.34,98,71,Kota Kediri,-7.848,112.0172
2018-04-03,30.1,24.0,26.6,1.1,1.1,4.33,21.6,21.09,95,64,Kota Kediri,-7.848,112.0172
2018-04-04,30.8,23.8,26.7,0.5,0.5,4.56,18.9,21.73,93,62,Kota Kediri,-7.848,112.0172
2018-04-05,30.4,24.3,26.9,4.3,4.3,4.5,17.1,21.48,92,67,Kota Kediri,-7.848,112.0172
2018-04-06,31.1,23.5,26.5,6.5,6.5,4.19,16.6,20.28,98,65,Kota Kediri,-7.848,112.0172
2018-04-07,30.1,23.0,26.0,19.5,19.5,3.92,9.0,19.54,98,70,Kota Kediri,-7.848,112.0172
2018-04-08,30.1,23.8,25.9,10.6,10.6,3.62,11.8,18.07,93,70,Kota Kediri,-7.848,112.0172
2018-04-09,30.4,23.5,26.2,2.6,2.6,3.98,11.2,19.43,97,64,Kota Kediri,-7.848,112.0172
2018-04-10,31.5,23.6,26.9,3.5,3.5,4.72,17.3,21.71,93,62,Kota Kediri,-7.848,112.0172
2018-04-11,30.6,24.6,27.0,4.1,4.1,4.51,15.3,21.3,91,66,Kota Kediri,-7.848,112.0172
2018-04-12,30.6,23.8,26.8,2.3,2.3,4.01,13.2,19.19,97,66,Kota Kediri,-7.848,112.0172
2018-04-13,30.6,24.2,27.3,4.6,4.6,4.37,20.4,20.74,95,67,Kota Kediri,-7.848,112.0172
2018-04-14,31.8,24.4,27.3,6.4,6.4,4.28,14.6,20.29,96,66,Kota Kediri,-7.848,112.0172
2018-04-15,31.3,24.9,27.5,0.1,0.1,4.77,21.2,21.73,91,63,Kota Kediri,-7.848,112.0172
2018-04-16,30.1,24.1,26.8,8.3,8.3,4.13,15.8,19.99,92,70,Kota Kediri,-7.848,112.0172
2018-04-17,29.8,24.0,26.4,4.5,4.5,3.79,16.2,18.49,93,72,Kota Kediri,-7.848,112.0172
2018-04-18,30.2,24.4,26.5,15.2,15.2,3.79,13.1,18.37,95,72,Kota Kediri,-7.848,112.0172
2018-04-19,30.3,23.9,26.4,3.4,3.4,4.01,15.9,20.47,94,68,Kota Kediri,-7.848,112.0172
2018-04-20,31.1,23.1,26.4,7.3,7.3,3.97,8.4,19.52,98,65,Kota Kediri,-7.848,112.0172
2018-04-21,30.8,23.4,26.6,4.7,4.7,4.06,9.5,20.02,98,69,Kota Kediri,-7.848,112.0172
2018-04-22,30.7,23.9,26.4,12.3,12.3,3.36,10.9,16.45,96,72,Kota Kediri,-7.848,112.0172
2018-04-23,31.2,24.2,26.7,5.4,5.4,3.71,12.6,17.77,96,62,Kota Kediri,-7.848,112.0172
2018-04-24,30.6,23.7,26.7,0.9,0.9,4.01,16.1,19.14,95,67,Kota Kediri,-7.848,112.0172
2018-04-25,30.8,23.8,26.7,2.1,2.1,4.23,12.0,20.59,95,62,Kota Kediri,-7.848,112.0172
2018-04-26,30.9,23.4,26.8,0.4,0.4,4.28,15.5,20.74,96,63,Kota Kediri,-7.848,112.0172
2018-04-27,31.5,23.6,27.0,0.5,0.5,4.58,12.3,21.75,93,57,Kota Kediri,-7.848,112.0172
2018-04-28,31.1,24.1,26.8,0.0,0.0,4.75,21.5,21.73,94,61,Kota Kediri,-7.848,112.0172
2018-04-29,31.6,24.2,27.0,0.0,0.0,5.39,22.1,23.48,88,54,Kota Kediri,-7.848,112.0172
2018-04-30,31.4,22.8,26.4,0.0,0.0,5.13,17.3,22.56,88,52,Kota Kediri,-7.848,112.0172
2018-05-01,31.0,22.5,26.2,0.0,0.0,5.05,18.6,22.68,92,54,Kota Kediri,-7.848,112.0172
2018-05-02,31.0,23.2,26.3,0.0,0.0,4.99,18.0,21.47,87,52,Kota Kediri,-7.848,112.0172
2018-05-03,31.1,22.6,26.3,0.0,0.0,4.97,19.0,22.35,94,55,Kota Kediri,-7.848,112.0172
2018-05-04,31.9,22.6,26.6,0.0,0.0,5.46,18.4,22.89,87,50,Kota Kediri,-7.848,112.0172
2018-05-05,32.5,22.1,27.0,0.2,0.2,4.95,16.5,22.18,88,48,Kota Kediri,-7.848,112.0172
2018-05-06,32.7,22.9,27.4,0.0,0.0,4.72,17.9,20.5,96,48,Kota Kediri,-7.848,112.0172
2018-05-07,32.7,23.5,27.6,0.0,0.0,5.17,18.7,21.69,91,51,Kota Kediri,-7.848,112.0172
2018-05-08,32.9,24.5,27.5,0.0,0.0,5.37,24.4,21.64,87,45,Kota Kediri,-7.848,112.0172
2018-05-09,32.2,22.8,26.9,0.2,0.2,4.95,21.0,20.61,84,47,Kota Kediri,-7.848,112.0172
2018-05-10,32.8,24.0,27.8,0.2,0.2,5.16,16.2,21.94,90,44,Kota Kediri,-7.848,112.0172
2018-05-11,32.9,22.8,27.3,0.0,0.0,5.41,24.3,21.74,94,49,Kota Kediri,-7.848,112.0172
2018-05-12,33.2,24.5,27.7,0.0,0.0,5.5,22.9,20.37,82,44,Kota Kediri,-7.848,112.0172
2018-05-13,33.2,24.4,27.5,0.0,0.0,5.24,23.4,19.68,82,44,Kota Kediri,-7.848,112.0172
2018-05-14,33.3,24.6,28.3,0.0,0.0,5.13,21.7,20.36,85,47,Kota Kediri,-7.848,112.0172
2018-05-15,32.8,24.6,27.6,2.3,2.3,4.44,21.9,17.94,94,53,Kota Kediri,-7.848,112.0172
2018-05-16,32.8,25.0,27.7,2.9,2.9,4.36,18.9,17.2,88,52,Kota Kediri,-7.848,112.0172
2018-05-17,32.6,25.2,27.7,0.5,0.5,4.62,23.4,16.11,83,51,Kota Kediri,-7.848,112.0172
2018-05-18,32.0,25.1,27.7,0.3,0.3,4.99,22.3,17.66,80,51,Kota Kediri,-7.848,112.0172
2018-05-19,32.8,24.9,27.7,1.4,1.4,4.91,19.3,19.02,81,49,Kota Kediri,-7.848,112.0172
2018-05-20,33.3,25.0,28.1,0.4,0.4,4.84,20.5,19.11,84,44,Kota Kediri,-7.848,112.0172
2018-05-21,31.4,24.2,27.2,0.7,0.7,3.3,14.3,13.34,95,55,Kota Kediri,-7.848,112.0172
2018-05-22,33.2,24.0,27.9,1.1,1.1,4.33,15.5,18.17,95,50,Kota Kediri,-7.848,112.0172
2018-05-23,33.1,24.9,27.4,10.1,10.1,3.52,16.0,15.06,92,52,Kota Kediri,-7.848,112.0172
2018-05-24,33.0,24.5,27.2,2.8,2.8,4.12,18.4,16.52,90,52,Kota Kediri,-7.848,112.0172
2018-05-25,32.5,24.9,27.2,1.5,1.5,3.94,20.3,16.04,93,53,Kota Kediri,-7.848,112.0172
2018-05-26,31.2,24.5,27.0,0.7,0.7,4.02,22.6,15.61,91,57,Kota Kediri,-7.848,112.0172
2018-05-27,31.2,24.6,27.0,0.3,0.3,4.64,26.9,16.16,83,52,Kota Kediri,-7.848,112.0172
2018-05-28,32.5,23.8,27.0,0.0,0.0,4.99,25.3,18.89,87,48,Kota Kediri,-7.848,112.0172
2018-05-29,33.4,24.1,27.2,0.0,0.0,5.46,25.8,18.85,84,40,Kota Kediri,-7.848,112.0172
2018-05-30,32.3,23.0,26.3,0.0,0.0,5.18,23.1,20.29,88,43,Kota Kediri,-7.848,112.0172
2018-05-31,32.8,22.2,26.2,0.0,0.0,4.9,23.1,20.04,97,41,Kota Kediri,-7.848,112.0172
2018-06-01,32.1,21.8,26.1,0.0,0.0,5.18,23.4,20.81,97,42,Kota Kediri,-7.848,112.0172
2018-06-02,35.3,22.5,27.5,0.0,0.0,4.92,25.0,20.23,88,34,Kota Kediri,-7.848,112.0172
2018-06-03,34.7,23.4,28.1,0.0,0.0,4.88,18.3,19.73,94,39,Kota Kediri,-7.848,112.0172
2018-06-04,35.0,23.0,28.4,0.0,0.0,4.48,14.6,18.39,96,36,Kota Kediri,-7.848,112.0172
2018-06-05,35.5,24.1,28.5,0.0,0.0,4.51,19.0,19.46,91,37,Kota Kediri,-7.848,112.0172
2018-06-06,33.5,23.3,27.2,0.0,0.0,4.68,21.1,19.35,97,44,Kota Kediri,-7.848,112.0172
2018-06-07,33.9,23.0,27.3,0.0,0.0,4.84,22.0,20.3,97,46,Kota Kediri,-7.848,112.0172
2018-06-08,33.7,24.0,27.2,0.0,0.0,5.0,24.9,19.48,90,45,Kota Kediri,-7.848,112.0172
2018-06-09,32.4,23.8,26.9,0.0,0.0,4.95,26.7,18.04,90,47,Kota Kediri,-7.848,112.0172
2018-06-10,33.1,23.2,27.1,0.0,0.0,4.95,24.3,19.13,89,44,Kota Kediri,-7.848,112.0172
2018-06-11,32.5,24.4,27.5,1.2,1.2,4.86,23.1,17.16,86,48,Kota Kediri,-7.848,112.0172
2018-06-12,32.5,24.8,27.4,0.0,0.0,4.84,26.0,17.24,83,49,Kota Kediri,-7.848,112.0172
2018-06-13,31.9,23.9,26.8,0.0,0.0,5.35,24.0,18.32,84,44,Kota Kediri,-7.848,112.0172
2018-06-14,32.9,23.1,26.8,0.0,0.0,5.42,30.6,20.01,87,41,Kota Kediri,-7.848,112.0172
2018-06-15,33.0,23.5,26.9,0.0,0.0,5.65,25.3,21.11,87,36,Kota Kediri,-7.848,112.0172
2018-06-16,33.9,22.5,27.1,0.0,0.0,5.0,25.1,20.62,86,33,Kota Kediri,-7.848,112.0172
2018-06-17,34.0,22.3,27.5,0.0,0.0,4.68,13.0,20.65,92,35,Kota Kediri,-7.848,112.0172
2018-06-18,33.5,22.4,27.4,0.0,0.0,4.74,18.5,19.91,97,36,Kota Kediri,-7.848,112.0172
2018-06-19,30.5,24.0,26.3,2.2,2.2,3.94,25.6,16.2,89,57,Kota Kediri,-7.848,112.0172
2018-06-20,31.5,23.9,26.4,9.3,9.3,3.91,24.5,16.25,96,57,Kota Kediri,-7.848,112.0172
2018-06-21,28.8,23.7,25.7,1.7,1.7,2.5,20.7,9.22,95,67,Kota Kediri,-7.848,112.0172
2018-06-22,30.4,23.6,25.9,5.2,5.2,3.69,21.3,15.24,90,60,Kota Kediri,-7.848,112.0172
2018-06-23,31.0,23.7,26.3,1.1,1.1,4.3,21.0,17.67,90,56,Kota Kediri,-7.848,112.0172
2018-06-24,31.6,24.0,26.6,0.5,0.5,4.27,20.7,17.05,89,55,Kota Kediri,-7.848,112.0172
2018-06-25,29.6,23.5,25.9,3.0,3.0,4.22,24.2,17.14,89,59,Kota Kediri,-7.848,112.0172
2018-06-26,30.2,23.1,25.6,0.2,0.2,4.35,24.0,16.98,88,55,Kota Kediri,-7.848,112.0172
2018-06-27,30.6,23.3,26.0,0.2,0.2,4.61,24.3,17.63,85,53,Kota Kediri,-7.848,112.0172
2018-06-28,30.5,23.1,26.0,0.4,0.4,4.82,26.0,17.99,85,53,Kota Kediri,-7.848,112.0172
2018-06-29,30.2,22.9,25.7,1.3,1.3,4.72,24.9,18.34,88,53,Kota Kediri,-7.848,112.0172
2018-06-30,31.3,22.9,25.8,0.0,0.0,4.85,26.3,18.29,86,47,Kota Kediri,-7.848,112.0172
2018-07-01,32.1,23.0,26.1,0.0,0.0,5.01,23.2,20.08,87,47,Kota Kediri,-7.848,112.0172
2018-07-02,31.9,21.9,25.5,0.0,0.0,4.62,22.7,19.27,93,47,Kota Kediri,-7.848,112.0172
2018-07-03,31.2,21.7,25.6,0.1,0.1,4.66,25.4,18.62,93,47,Kota Kediri,-7.848,112.0172
2018-07-04,30.8,23.4,26.2,1.3,1.3,4.59,24.5,17.09,92,52,Kota Kediri,-7.848,112.0172
2018-07-05,30.9,22.2,25.4,0.0,0.0,5.7,29.2,20.74,88,39,Kota Kediri,-7.848,112.0172
2018-07-06,31.0,21.0,25.0,0.0,0.0,5.31,24.9,19.7,84,41,Kota Kediri,-7.848,112.0172
2018-07-07,30.6,22.5,25.5,0.0,0.0,5.16,25.7,18.83,84,45,Kota Kediri,-7.848,112.0172
2018-07-08,30.2,22.2,25.4,0.0,0.0,4.67,26.4,18.38,87,51,Kota Kediri,-7.848,112.0172
2018-07-09,31.9,22.6,26.0,0.0,0.0,5.3,26.3,20.26,90,43,Kota Kediri,-7.848,112.0172
2018-07-10,31.4,22.9,25.9,0.0,0.0,5.25,26.1,17.78,85,44,Kota Kediri,-7.848,112.0172
2018-07-11,30.5,21.9,25.3,0.0,0.0,5.09,24.9,18.52,82,43,Kota Kediri,-7.848,112.0172
2018-07-12,31.0,22.2,25.5,0.0,0.0,5.06,25.5,19.74,84,46,Kota Kediri,-7.848,112.0172
2018-07-13,31.4,22.4,25.7,0.0,0.0,4.88,23.7,16.96,86,42,Kota Kediri,-7.848,112.0172
2018-07-14,29.7,22.2,25.2,0.1,0.1,4.92,24.6,17.37,82,47,Kota Kediri,-7.848,112.0172
2018-07-15,29.7,21.8,24.9,0.0,0.0,5.4,28.6,18.73,83,45,Kota Kediri,-7.848,112.0172
2018-07-16,30.3,21.4,24.8,0.0,0.0,5.17,26.5,19.72,82,45,Kota Kediri,-7.848,112.0172
2018-07-17,30.4,22.0,25.2,0.0,0.0,4.58,26.5,16.93,88,48,Kota Kediri,-7.848,112.0172
2018-07-18,31.0,22.7,25.8,0.0,0.0,4.62,27.1,17.33,86,49,Kota Kediri,-7.848,112.0172
2018-07-19,33.0,22.8,26.0,0.0,0.0,5.22,31.5,20.63,87,40,Kota Kediri,-7.848,112.0172
2018-07-20,32.9,22.4,26.2,0.0,0.0,4.83,24.0,19.57,94,44,Kota Kediri,-7.848,112.0172
2018-07-21,32.2,22.8,26.2,0.1,0.1,4.77,23.6,18.99,94,47,Kota Kediri,-7.848,112.0172
2018-07-22,31.9,23.2,26.6,0.0,0.0,4.95,23.7,18.91,90,45,Kota Kediri,-7.848,112.0172
2018-07-23,32.2,23.1,26.6,0.0,0.0,5.0,26.9,18.42,92,47,Kota Kediri,-7.848,112.0172
2018-07-24,32.3,22.6,26.1,0.0,0.0,5.39,22.2,21.61,88,43,Kota Kediri,-7.848,112.0172
2018-07-25,30.5,20.3,24.5,0.0,0.0,5.4,27.9,22.41,100,45,Kota Kediri,-7.848,112.0172
2018-07-26,30.5,19.5,24.3,0.0,0.0,5.24,27.0,22.14,96,45,Kota Kediri,-7.848,112.0172
2018-07-27,31.0,21.3,25.0,0.0,0.0,5.09,27.3,20.4,91,44,Kota Kediri,-7.848,112.0172
2018-07-28,30.0,22.5,25.3,0.0,0.0,4.95,26.9,19.61,91,51,Kota Kediri,-7.848,112.0172
2018-07-29,31.2,21.9,25.4,0.0,0.0,5.23,25.5,20.18,90,46,Kota Kediri,-7.848,112.0172
2018-07-30,32.5,21.5,25.9,0.0,0.0,5.23,22.9,20.88,91,44,Kota Kediri,-7.848,112.0172
2018-07-31,31.5,22.6,26.2,0.2,0.2,4.93,24.7,19.11,93,48,Kota Kediri,-7.848,112.0172
2018-08-01,31.1,22.7,25.8,0.0,0.0,5.01,27.3,19.17,90,47,Kota Kediri,-7.848,112.0172
2018-08-02,30.9,21.5,25.0,0.0,0.0,5.92,30.3,21.73,91,33,Kota Kediri,-7.848,112.0172
2018-08-03,28.2,20.8,24.0,0.3,0.3,5.41,28.4,20.03,80,47,Kota Kediri,-7.848,112.0172
2018-08-04,29.0,21.0,24.2,0.0,0.0,5.07,27.2,18.88,82,43,Kota Kediri,-7.848,112.0172
2018-08-05,27.9,21.0,24.1,0.2,0.2,5.07,27.5,18.53,84,51,Kota Kediri,-7.848,112.0172
2018-08-06,30.1,20.5,24.4,0.0,0.0,5.73,28.2,20.94,77,38,Kota Kediri,-7.848,112.0172
2018-08-07,31.2,21.5,25.0,0.0,0.0,5.06,27.2,18.77,84,40,Kota Kediri,-7.848,112.0172
2018-08-08,32.8,21.7,25.7,0.0,0.0,4.82,26.8,18.5,90,40,Kota Kediri,-7.848,112.0172
2018-08-09,32.7,22.6,26.2,0.0,0.0,5.06,26.0,20.15,95,43,Kota Kediri,-7.848,112.0172
2018-08-10,31.3,22.9,26.1,0.0,0.0,5.24,26.4,20.23,90,49,Kota Kediri,-7.848,112.0172
2018-08-11,30.9,22.4,25.8,0.0,0.0,5.15,26.7,18.88,88,50,Kota Kediri,-7.848,112.0172
2018-08-12,31.9,22.8,26.2,0.0,0.0,5.36,25.5,19.35,85,46,Kota Kediri,-7.848,112.0172
2018-08-13,33.3,22.6,26.5,0.3,0.3,5.32,22.6,20.14,86,40,Kota Kediri,-7.848,112.0172
2018-08-14,32.3,22.6,26.3,0.0,0.0,5.12,26.6,19.31,92,43,Kota Kediri,-7.848,112.0172
2018-08-15,32.0,22.2,25.6,0.0,0.0,5.55,25.7,20.79,88,37,Kota Kediri,-7.848,112.0172
2018-08-16,31.7,21.2,25.1,0.0,0.0,5.98,26.3,23.45,88,35,Kota Kediri,-7.848,112.0172
2018-08-17,30.5,20.8,24.7,0.0,0.0,5.72,26.1,22.9,88,39,Kota Kediri,-7.848,112.0172
2018-08-18,32.2,20.8,25.2,0.0,0.0,5.48,27.7,21.52,91,35,Kota Kediri,-7.848,112.0172
2018-08-19,33.0,21.5,25.8,0.0,0.0,5.52,26.0,22.36,93,37,Kota Kediri,-7.848,112.0172
2018-08-20,32.8,22.2,26.3,0.0,0.0,5.46,24.0,22.56,94,41,Kota Kediri,-7.848,112.0172
2018-08-21,31.0,22.6,26.0,0.3,0.3,5.03,24.1,19.63,93,48,Kota Kediri,-7.848,112.0172
2018-08-22,32.4,22.7,26.0,0.0,0.0,5.3,28.1,19.78,91,40,Kota Kediri,-7.848,112.0172
2018-08-23,32.1,22.6,26.0,0.0,0.0,5.96,26.4,23.16,89,40,Kota Kediri,-7.848,112.0172
2018-08-24,32.4,22.4,25.9,0.0,0.0,6.16,27.0,22.91,88,39,Kota Kediri,-7.848,112.0172
2018-08-25,32.0,20.9,25.2,0.0,0.0,6.06,25.8,23.97,89,38,Kota Kediri,-7.848,112.0172
2018-08-26,32.8,21.3,25.6,0.0,0.0,5.73,26.4,22.65,88,39,Kota Kediri,-7.848,112.0172
2018-08-27,32.8,22.3,26.2,0.0,0.0,5.36,24.7,21.61,93,42,Kota Kediri,-7.848,112.0172
2018-08-28,31.4,23.1,26.2,0.0,0.0,4.75,24.6,17.83,91,49,Kota Kediri,-7.848,112.0172
2018-08-29,29.7,22.8,25.5,0.1,0.1,4.64,24.8,18.17,90,54,Kota Kediri,-7.848,112.0172
2018-08-30,30.5,22.7,25.9,0.0,0.0,4.73,23.1,17.7,89,53,Kota Kediri,-7.848,112.0172
2018-08-31,30.8,23.1,26.0,0.0,0.0,4.87,25.9,18.67,89,53,Kota Kediri,-7.848,112.0172
2018-09-01,29.1,23.1,25.7,0.2,0.2,4.35,25.4,16.85,91,59,Kota Kediri,-7.848,112.0172
2018-09-02,30.8,23.2,26.2,0.0,0.0,5.33,28.0,20.21,87,51,Kota Kediri,-7.848,112.0172
2018-09-03,31.1,22.2,25.8,0.0,0.0,6.46,27.6,24.48,89,41,Kota Kediri,-7.848,112.0172
2018-09-04,31.5,21.3,25.4,0.0,0.0,6.18,29.8,23.45,85,38,Kota Kediri,-7.848,112.0172
2018-09-05,30.4,22.3,26.0,1.1,1.1,5.29,25.8,20.56,89,51,Kota Kediri,-7.848,112.0172
2018-09-06,31.2,23.2,26.3,0.7,0.7,5.22,24.6,19.95,87,49,Kota Kediri,-7.848,112.0172
2018-09-07,32.3,22.8,26.4,1.0,1.0,5.43,27.2,21.08,89,44,Kota Kediri,-7.848,112.0172
2018-09-08,32.0,23.2,26.7,0.6,0.6,5.66,25.2,21.63,88,47,Kota Kediri,-7.848,112.0172
2018-09-09,34.2,23.2,26.9,0.1,0.1,5.77,26.0,22.62,87,38,Kota Kediri,-7.848,112.0172
2018-09-10,33.2,23.8,27.0,0.0,0.0,5.77,27.9,22.14,89,41,Kota Kediri,-7.848,112.0172
2018-09-11,33.3,23.3,26.7,0.5,0.5,5.71,25.8,22.01,89,39,Kota Kediri,-7.848,112.0172
2018-09-12,31.1,22.2,25.9,0.0,0.0,6.1,29.7,23.23,93,42,Kota Kediri,-7.848,112.0172
2018-09-13,32.6,21.6,25.6,0.0,0.0,6.24,26.8,24.92,88,38,Kota Kediri,-7.848,112.0172
2018-09-14,30.8,22.5,25.6,0.0,0.0,6.1,26.9,22.3,79,43,Kota Kediri,-7.848,112.0172
2018-09-15,31.5,22.0,25.7,0.0,0.0,6.0,24.9,23.48,84,38,Kota Kediri,-7.848,112.0172
2018-09-16,33.2,21.0,26.1,0.0,0.0,5.77,25.6,22.86,92,38,Kota Kediri,-7.848,112.0172
2018-09-17,32.0,22.9,26.7,0.4,0.4,5.83,26.3,23.13,92,46,Kota Kediri,-7.848,112.0172
2018-09-18,32.5,23.6,26.8,0.1,0.1,5.51,25.8,21.9,89,46,Kota Kediri,-7.848,112.0172
2018-09-19,32.5,23.4,26.8,0.0,0.0,5.06,21.3,19.78,91,49,Kota Kediri,-7.848,112.0172
2018-09-20,30.5,24.1,26.7,0.8,0.8,3.73,19.4,12.44,86,56,Kota Kediri,-7.848,112.0172
2018-09-21,33.2,23.8,27.5,0.0,0.0,5.45,22.2,20.76,90,47,Kota Kediri,-7.848,112.0172
2018-09-22,34.5,22.5,27.5,0.1,0.1,6.26,22.4,25.07,89,39,Kota Kediri,-7.848,112.0172
2018-09-23,33.8,23.8,27.5,0.0,0.0,5.95,25.5,22.38,88,36,Kota Kediri,-7.848,112.0172
2018-09-24,33.8,24.0,27.6,0.4,0.4,6.33,27.1,24.13,87,39,Kota Kediri,-7.848,112.0172
2018-09-25,33.0,23.9,27.5,0.1,0.1,6.21,25.1,23.48,92,40,Kota Kediri,-7.848,112.0172
2018-09-26,33.0,23.5,27.1,0.0,0.0,6.62,23.5,25.65,90,40,Kota Kediri,-7.848,112.0172
2018-09-27,33.8,22.5,26.6,0.0,0.0,7.07,26.2,26.62,84,32,Kota Kediri,-7.848,112.0172
2018-09-28,34.3,21.8,26.6,0.0,0.0,6.71,23.7,25.89,82,32,Kota Kediri,-7.848,112.0172
2018-09-29,34.1,23.0,27.4,0.0,0.0,6.16,21.7,23.96,90,38,Kota Kediri,-7.848,112.0172
2018-09-30,34.8,23.6,27.9,0.0,0.0,6.21,24.2,24.02,90,37,Kota Kediri,-7.848,112.0172
2018-10-01,34.5,24.0,28.2,0.0,0.0,6.51,23.8,23.5,88,41,Kota Kediri,-7.848,112.0172
2018-10-02,36.1,24.0,28.5,0.3,0.3,6.76,22.1,25.91,85,35,Kota Kediri,-7.848,112.0172
2018-10-03,35.3,24.1,28.4,0.0,0.0,7.02,25.2,25.06,86,35,Kota Kediri,-7.848,112.0172
2018-10-04,35.6,23.0,27.8,0.0,0.0,6.81,25.6,26.11,83,31,Kota Kediri,-7.848,112.0172
2018-10-05,36.2,22.2,28.0,0.0,0.0,6.52,25.2,26.06,94,28,Kota Kediri,-7.848,112.0172
2018-10-06,35.0,23.9,28.1,0.8,0.8,6.29,24.8,23.89,88,39,Kota Kediri,-7.848,112.0172
2018-10-07,33.8,24.1,28.2,0.7,0.7,6.19,21.5,23.51,92,40,Kota Kediri,-7.848,112.0172
2018-10-08,34.4,24.3,27.9,0.0,0.0,6.29,27.0,23.31,89,39,Kota Kediri,-7.848,112.0172
2018-10-09,33.5,23.8,27.5,0.2,0.2,6.41,25.7,24.1,88,42,Kota Kediri,-7.848,112.0172
2018-10-10,34.3,23.2,27.5,0.1,0.1,6.23,27.2,23.85,89,40,Kota Kediri,-7.848,112.0172
2018-10-11,34.0,24.0,28.0,0.1,0.1,6.37,24.4,24.72,91,43,Kota Kediri,-7.848,112.0172
2018-10-12,35.8,24.0,28.2,0.0,0.0,6.53,25.8,25.08,90,34,Kota Kediri,-7.848,112.0172
2018-10-13,33.8,23.9,27.7,0.0,0.0,6.54,28.1,25.3,92,39,Kota Kediri,-7.848,112.0172
2018-10-14,34.7,23.5,27.9,0.1,0.1,6.27,25.3,24.29,91,37,Kota Kediri,-7.848,112.0172
2018-10-15,33.2,23.9,27.8,0.2,0.2,6.14,25.4,23.0,89,44,Kota Kediri,-7.848,112.0172
2018-10-16,33.4,24.0,27.8,0.3,0.3,6.4,26.3,23.72,87,43,Kota Kediri,-7.848,112.0172
2018-10-17,33.2,23.5,27.6,0.0,0.0,6.06,23.8,22.28,89,44,Kota Kediri,-7.848,112.0172
2018-10-18,32.2,23.9,27.3,0.0,0.0,6.03,26.8,21.43,85,47,Kota Kediri,-7.848,112.0172
2018-10-19,32.2,23.4,27.2,0.0,0.0,6.48,28.2,23.35,88,44,Kota Kediri,-7.848,112.0172
2018-10-20,33.8,23.4,27.4,0.2,0.2,6.39,27.8,23.48,85,38,Kota Kediri,-7.848,112.0172
2018-10-21,33.1,23.5,27.5,0.3,0.3,5.92,23.2,22.42,89,44,Kota Kediri,-7.848,112.0172
2018-10-22,32.3,23.4,27.5,0.9,0.9,6.05,25.7,24.0,91,49,Kota Kediri,-7.848,112.0172
2018-10-23,35.0,24.2,28.2,0.0,0.0,6.18,24.0,22.79,87,41,Kota Kediri,-7.848,112.0172
2018-10-24,33.7,24.3,28.1,0.0,0.0,6.18,26.0,23.18,89,45,Kota Kediri,-7.848,112.0172
2018-10-25,32.8,24.4,27.6,0.1,0.1,5.84,26.0,22.69,89,50,Kota Kediri,-7.848,112.0172
2018-10-26,33.0,23.7,27.6,0.0,0.0,5.96,23.9,23.07,89,51,Kota Kediri,-7.848,112.0172
2018-10-27,33.2,23.8,27.6,0.5,0.5,5.91,26.5,23.08,90,45,Kota Kediri,-7.848,112.0172
2018-10-28,32.3,23.7,27.4,0.1,0.1,5.86,25.7,22.05,90,48,Kota Kediri,-7.848,112.0172
2018-10-29,32.2,23.8,27.4,1.4,1.4,5.55,21.9,20.34,89,46,Kota Kediri,-7.848,112.0172
2018-10-30,34.0,23.4,27.9,0.0,0.0,6.75,23.2,25.03,89,38,Kota Kediri,-7.848,112.0172
2018-10-31,34.4,23.4,27.7,0.0,0.0,6.56,24.1,25.07,90,38,Kota Kediri,-7.848,112.0172
2018-11-01,33.4,23.6,27.9,0.0,0.0,5.97,25.8,21.74,90,43,Kota Kediri,-7.848,112.0172
2018-11-02,35.5,24.4,28.7,0.3,0.3,6.45,22.5,24.11,85,39,Kota Kediri,-7.848,112.0172
2018-11-03,33.8,25.2,28.7,1.3,1.3,5.92,26.8,22.73,87,51,Kota Kediri,-7.848,112.0172
2018-11-04,33.4,24.9,28.4,1.4,1.4,5.99,25.1,22.93,86,47,Kota Kediri,-7.848,112.0172
2018-11-05,32.1,25.1,28.0,1.6,1.6,5.22,24.8,21.65,90,57,Kota Kediri,-7.848,112.0172
2018-11-06,32.3,24.5,27.3,3.2,3.2,4.8,24.2,19.92,90,59,Kota Kediri,-7.848,112.0172
2018-11-07,31.0,24.5,26.7,5.7,5.7,3.85,22.0,16.64,94,62,Kota Kediri,-7.848,112.0172
2018-11-08,32.8,24.4,26.3,34.3,34.3,3.27,12.8,15.31,97,55,Kota Kediri,-7.848,112.0172
2018-11-09,29.9,23.7,26.3,7.4,7.4,3.4,19.1,16.1,96,71,Kota Kediri,-7.848,112.0172
2018-11-10,30.8,24.5,26.9,15.4,15.4,4.12,16.1,19.52,95,66,Kota Kediri,-7.848,112.0172
2018-11-11,31.1,24.3,26.7,4.8,4.8,4.1,21.5,19.22,94,67,Kota Kediri,-7.848,112.0172
2018-11-12,30.6,24.1,26.4,4.7,4.7,4.16,18.4,20.31,95,68,Kota Kediri,-7.848,112.0172
2018-11-13,30.4,24.0,26.7,6.8,6.8,4.55,19.8,22.08,96,68,Kota Kediri,-7.848,112.0172
2018-11-14,31.0,24.2,26.9,1.5,1.5,4.23,17.3,19.88,95,66,Kota Kediri,-7.848,112.0172
2018-11-15,29.1,24.6,26.6,3.1,3.1,3.79,23.5,18.55,93,74,Kota Kediri,-7.848,112.0172
2018-11-16,31.5,24.4,27.5,0.6,0.6,5.39,23.1,24.09,93,60,Kota Kediri,-7.848,112.0172
2018-11-17,31.8,25.0,27.8,7.6,7.6,5.02,20.4,22.47,93,58,Kota Kediri,-7.848,112.0172
2018-11-18,31.3,24.5,26.9,10.1,10.1,3.92,16.3,18.4,95,64,Kota Kediri,-7.848,112.0172
2018-11-19,33.8,23.8,28.0,0.0,0.0,6.0,21.3,26.97,95,49,Kota Kediri,-7.848,112.0172
2018-11-20,32.5,24.0,27.8,0.0,0.0,5.71,24.1,24.64,97,54,Kota Kediri,-7.848,112.0172
2018-11-21,32.0,24.0,27.6,0.0,0.0,5.48,23.2,23.68,91,56,Kota Kediri,-7.848,112.0172
2018-11-22,30.5,24.6,27.1,0.5,0.5,5.21,26.6,22.13,89,58,Kota Kediri,-7.848,112.0172
2018-11-23,30.9,23.3,26.9,0.0,0.0,5.45,23.7,22.41,89,56,Kota Kediri,-7.848,112.0172
2018-11-24,31.2,24.2,27.1,0.3,0.3,5.44,21.1,22.58,84,54,Kota Kediri,-7.848,112.0172
2018-11-25,30.1,23.9,26.2,13.1,13.1,4.2,23.9,19.78,94,67,Kota Kediri,-7.848,112.0172
2018-11-26,27.8,23.7,25.2,10.2,10.2,1.82,15.0,8.1,96,77,Kota Kediri,-7.848,112.0172
2018-11-27,30.2,23.5,25.9,5.9,5.9,3.89,18.3,18.89,96,68,Kota Kediri,-7.848,112.0172
2018-11-28,29.5,23.6,26.2,2.1,2.1,3.67,17.7,16.75,96,68,Kota Kediri,-7.848,112.0172
2018-11-29,29.4,24.8,26.3,1.3,1.3,3.61,21.2,16.29,91,71,Kota Kediri,-7.848,112.0172
2018-11-30,28.6,23.6,25.6,10.2,10.2,2.46,18.8,10.58,94,75,Kota Kediri,-7.848,112.0172
2018-12-01,29.7,24.0,26.2,3.8,3.8,4.16,24.6,17.07,93,61,Kota Kediri,-7.848,112.0172
2018-12-02,29.5,23.9,26.3,1.0,1.0,4.14,19.6,18.37,86,66,Kota Kediri,-7.848,112.0172
2018-12-03,29.0,23.8,25.8,21.4,21.4,3.06,17.3,14.6,94,73,Kota Kediri,-7.848,112.0172
2018-12-04,30.4,24.0,26.1,10.7,10.7,4.07,21.0,20.07,94,70,Kota Kediri,-7.848,112.0172
2018-12-05,31.0,23.1,26.0,36.6,36.6,3.82,14.6,18.6,97,69,Kota Kediri,-7.848,112.0172
2018-12-06,30.5,23.7,26.6,7.5,7.5,4.24,15.8,20.63,97,69,Kota Kediri,-7.848,112.0172
2018-12-07,31.6,24.5,27.1,6.5,6.5,4.54,19.4,21.73,94,68,Kota Kediri,-7.848,112.0172
2018-12-08,29.7,24.0,26.1,107.8,107.8,2.91,20.5,13.73,95,71,Kota Kediri,-7.848,112.0172
2018-12-09,30.5,24.4,26.8,11.7,11.7,4.08,14.5,19.9,94,71,Kota Kediri,-7.848,112.0172
2018-12-10,30.8,24.6,26.7,16.6,16.6,3.85,15.6,18.86,96,69,Kota Kediri,-7.848,112.0172
2018-12-11,31.1,24.6,27.0,4.0,4.0,4.08,19.6,18.77,96,66,Kota Kediri,-7.848,112.0172
2018-12-12,30.8,24.8,27.0,4.2,4.2,4.13,16.2,19.27,93,64,Kota Kediri,-7.848,112.0172
2018-12-13,28.2,23.6,26.1,51.3,51.3,2.47,16.6,11.21,97,71,Kota Kediri,-7.848,112.0172
2018-12-14,31.3,25.0,27.3,3.5,3.5,4.02,15.5,19.0,93,62,Kota Kediri,-7.848,112.0172
2018-12-15,30.8,24.5,26.6,13.1,13.1,3.75,20.4,17.38,93,66,Kota Kediri,-7.848,112.0172
2018-12-16,27.8,24.5,26.2,0.7,0.7,3.07,26.7,12.18,93,74,Kota Kediri,-7.848,112.0172
2018-12-17,30.0,24.4,26.8,0.1,0.1,4.97,26.8,21.1,87,63,Kota Kediri,-7.848,112.0172
2018-12-18,30.2,23.5,26.4,3.4,3.4,4.86,21.8,22.18,91,64,Kota Kediri,-7.848,112.0172
2018-12-19,30.5,23.9,26.6,0.0,0.0,4.85,21.1,22.04,90,62,Kota Kediri,-7.848,112.0172
2018-12-20,30.0,24.2,26.1,15.8,15.8,3.57,13.7,17.38,94,70,Kota Kediri,-7.848,112.0172
2018-12-21,28.8,23.5,25.7,1.2,1.2,2.69,15.2,12.34,99,70,Kota Kediri,-7.848,112.0172
2018-12-22,29.6,24.2,26.2,3.7,3.7,3.45,22.1,15.62,91,69,Kota Kediri,-7.848,112.0172
2018-12-23,29.0,24.4,25.9,8.4,8.4,3.12,22.7,13.76,92,70,Kota Kediri,-7.848,112.0172
2018-12-24,28.4,24.0,25.8,1.2,1.2,3.11,24.5,12.07,91,67,Kota Kediri,-7.848,112.0172
2018-12-25,26.1,23.4,24.1,28.6,28.6,1.22,18.2,5.6,96,87,Kota Kediri,-7.848,112.0172
2018-12-26,29.2,23.5,25.8,3.5,3.5,3.19,13.7,15.49,96,75,Kota Kediri,-7.848,112.0172
2018-12-27,31.3,24.1,27.2,0.3,0.3,4.59,20.2,20.51,92,61,Kota Kediri,-7.848,112.0172
2018-12-28,32.1,24.2,27.4,0.0,0.0,5.51,24.6,23.24,87,54,Kota Kediri,-7.848,112.0172
2018-12-29,31.6,23.7,27.4,0.0,0.0,4.68,18.4,19.39,90,58,Kota Kediri,-7.848,112.0172
2018-12-30,29.4,24.5,26.5,1.7,1.7,3.68,16.0,15.49,85,68,Kota Kediri,-7.848,112.0172
2018-12-31,28.8,22.9,25.9,6.9,6.9,3.86,9.9,19.05,93,68,Kota Kediri,-7.848,112.0172
2019-01-01,28.8,23.1,25.4,8.9,8.9,3.49,7.7,17.64,96,71,Kota Kediri,-7.848,112.0172
2019-01-02,28.3,23.1,25.4,6.6,6.6,3.33,8.7,16.48,94,70,Kota Kediri,-7.848,112.0172
2019-01-03,26.4,22.9,24.4,15.1,15.1,1.88,5.5,9.02,96,81,Kota Kediri,-7.848,112.0172
2019-01-04,30.4,22.2,25.5,10.9,10.9,3.58,21.3,17.75,96,63,Kota Kediri,-7.848,112.0172
2019-01-05,31.0,23.2,26.6,9.6,9.6,4.31,19.6,21.7,98,63,Kota Kediri,-7.848,112.0172
2019-01-06,31.7,23.8,26.3,19.0,19.0,4.14,14.6,19.97,98,64,Kota Kediri,-7.848,112.0172
2019-01-07,30.9,23.3,26.5,3.2,3.2,4.17,17.5,19.97,98,70,Kota Kediri,-7.848,112.0172
2019-01-08,30.5,23.1,26.8,0.9,0.9,4.53,19.8,21.57,97,68,Kota Kediri,-7.848,112.0172
2019-01-09,31.3,23.5,26.9,5.7,5.7,4.77,12.6,23.31,96,64,Kota Kediri,-7.848,112.0172
2019-01-10,31.4,23.7,26.9,5.8,5.8,4.55,11.9,22.26,98,65,Kota Kediri,-7.848,112.0172
2019-01-11,31.5,23.9,26.3,29.6,29.6,3.82,11.9,18.45,99,66,Kota Kediri,-7.848,112.0172
2019-01-12,31.0,23.2,26.3,22.4,22.4,3.67,10.7,17.87,100,70,Kota Kediri,-7.848,112.0172
2019-01-13,30.1,23.8,26.1,29.1,29.1,3.44,14.2,17.12,97,72,Kota Kediri,-7.848,112.0172
2019-01-14,30.9,23.5,26.4,10.5,10.5,4.09,14.4,20.18,97,66,Kota Kediri,-7.848,112.0172
2019-01-15,29.1,24.0,25.8,5.2,5.2,3.19,10.0,15.88,98,77,Kota Kediri,-7.848,112.0172
2019-01-16,27.0,22.9,24.1,227.2,227.2,1.59,14.6,7.31,99,83,Kota Kediri,-7.848,112.0172
2019-01-17,28.3,22.9,24.8,46.1,46.1,2.95,10.8,15.04,99,78,Kota Kediri,-7.848,112.0172
2019-01-18,28.7,22.5,25.1,13.7,13.7,3.2,8.4,16.13,99,73,Kota Kediri,-7.848,112.0172
2019-01-19,28.5,23.2,25.5,6.7,6.7,2.6,10.5,12.64,100,76,Kota Kediri,-7.848,112.0172
2019-01-20,29.6,24.5,26.2,3.4,3.4,3.66,11.3,18.09,95,76,Kota Kediri,-7.848,112.0172
2019-01-21,29.3,24.4,26.3,8.8,8.8,3.01,23.0,14.94,96,77,Kota Kediri,-7.848,112.0172
2019-01-22,29.1,23.9,25.4,15.9,15.9,2.28,14.9,10.86,96,75,Kota Kediri,-7.848,112.0172
2019-01-23,26.6,23.1,24.7,7.6,7.6,1.51,11.4,6.74,98,78,Kota Kediri,-7.848,112.0172
2019-01-24,28.4,22.8,25.2,5.7,5.7,3.37,11.3,16.86,97,72,Kota Kediri,-7.848,112.0172
2019-01-25,27.8,21.6,24.2,11.1,11.1,2.3,9.8,11.35,100,79,Kota Kediri,-7.848,112.0172
2019-01-26,30.0,23.5,26.0,4.8,4.8,3.85,14.2,19.13,99,72,Kota Kediri,-7.848,112.0172
2019-01-27,28.9,24.0,25.8,9.8,9.8,2.85,22.3,13.62,96,74,Kota Kediri,-7.848,112.0172
2019-01-28,28.9,23.2,25.7,14.0,14.0,3.14,22.3,16.13,97,73,Kota Kediri,-7.848,112.0172
2019-01-29,29.6,23.3,26.2,8.3,8.3,3.85,21.4,19.72,98,75,Kota Kediri,-7.848,112.0172
2019-01-30,30.2,24.2,26.2,7.8,7.8,3.78,11.9,18.63,95,69,Kota Kediri,-7.848,112.0172
2019-01-31,29.0,23.2,25.2,22.2,22.2,2.71,9.4,13.21,98,74,Kota Kediri,-7.848,112.0172
2019-02-01,28.6,22.9,25.3,3.8,3.8,3.21,10.9,15.98,98,74,Kota Kediri,-7.848,112.0172
2019-02-02,28.1,23.0,25.3,7.2,7.2,3.03,10.3,15.05,96,73,Kota Kediri,-7.848,112.0172
2019-02-03,28.5,24.3,26.3,0.7,0.7,3.36,10.8,16.7,95,74,Kota Kediri,-7.848,112.0172
2019-02-04,28.2,23.5,25.6,7.3,7.3,3.04,7.8,15.02,96,75,Kota Kediri,-7.848,112.0172
2019-02-05,27.5,22.9,25.2,2.4,2.4,2.98,8.3,15.02,96,74,Kota Kediri,-7.848,112.0172
2019-02-06,28.5,22.8,25.4,0.7,0.7,2.92,9.0,14.48,100,77,Kota Kediri,-7.848,112.0172
2019-02-07,29.1,23.9,26.4,2.3,2.3,3.74,14.1,18.24,97,74,Kota Kediri,-7.848,112.0172
2019-02-08,28.1,23.8,25.5,26.7,26.7,3.11,14.4,15.9,95,81,Kota Kediri,-7.848,112.0172
2019-02-09,29.4,23.9,26.4,2.5,2.5,3.8,17.3,17.92,96,70,Kota Kediri,-7.848,112.0172
2019-02-10,29.2,24.1,25.8,19.3,19.3,3.35,13.8,16.4,94,71,Kota Kediri,-7.848,112.0172
2019-02-11,29.5,24.0,26.3,5.3,5.3,3.53,16.6,17.51,93,73,Kota Kediri,-7.848,112.0172
2019-02-12,28.9,23.9,25.9,5.8,5.8,3.06,10.1,14.77,99,71,Kota Kediri,-7.848,112.0172
2019-02-13,30.0,23.5,26.1,9.8,9.8,3.53,13.9,17.64,98,69,Kota Kediri,-7.848,112.0172
2019-02-14,29.5,23.8,26.3,4.1,4.1,3.5,7.2,17.27,97,74,Kota Kediri,-7.848,112.0172
2019-02-15,29.1,23.5,25.9,14.6,14.6,3.72,17.3,18.99,97,74,Kota Kediri,-7.848,112.0172
2019-02-16,30.6,22.8,25.9,36.4,36.4,4.25,12.2,21.18,98,68,Kota Kediri,-7.848,112.0172
2019-02-17,31.4,22.8,26.6,6.2,6.2,5.07,9.9,25.02,96,67,Kota Kediri,-7.848,112.0172
2019-02-18,29.9,23.5,26.1,2.2,2.2,3.75,9.0,18.3,96,71,Kota Kediri,-7.848,112.0172
2019-02-19,30.5,23.5,26.0,8.4,8.4,3.63,13.0,17.81,98,70,Kota Kediri,-7.848,112.0172
2019-02-20,30.1,23.8,26.0,12.5,12.5,3.6,17.3,18.5,100,74,Kota Kediri,-7.848,112.0172
2019-02-21,30.1,22.4,26.1,7.4,7.4,4.48,20.5,23.4,99,70,Kota Kediri,-7.848,112.0172
2019-02-22,30.8,23.2,26.2,7.2,7.2,3.92,10.0,19.3,99,69,Kota Kediri,-7.848,112.0172
2019-02-23,30.6,22.5,26.1,7.2,7.2,4.13,15.3,20.82,100,69,Kota Kediri,-7.848,112.0172
2019-02-24,31.4,23.6,26.3,14.0,14.0,3.98,12.3,19.91,98,64,Kota Kediri,-7.848,112.0172
2019-02-25,31.9,23.1,26.6,15.7,15.7,4.53,11.8,22.24,99,64,Kota Kediri,-7.848,112.0172
2019-02-26,32.2,23.5,27.5,1.3,1.3,5.03,10.0,24.26,97,62,Kota Kediri,-7.848,112.0172
2019-02-27,31.3,24.2,27.0,17.9,17.9,4.29,11.4,21.11,95,66,Kota Kediri,-7.848,112.0172
2019-02-28,31.1,24.1,26.8,2.9,2.9,4.2,15.2,21.01,96,69,Kota Kediri,-7.848,112.0172
2019-03-01,30.1,23.9,26.3,15.6,15.6,4.05,13.5,20.35,99,73,Kota Kediri,-7.848,112.0172
2019-03-02,30.5,23.0,26.0,15.0,15.0,3.82,11.2,19.21,99,69,Kota Kediri,-7.848,112.0172
2019-03-03,30.1,23.4,26.0,7.9,7.9,3.42,18.2,17.09,98,70,Kota Kediri,-7.848,112.0172
2019-03-04,30.1,23.7,26.1,31.7,31.7,3.15,13.9,15.24,98,71,Kota Kediri,-7.848,112.0172
2019-03-05,31.0,23.1,25.8,29.2,29.2,3.84,12.2,19.16,99,71,Kota Kediri,-7.848,112.0172
2019-03-06,26.9,23.2,24.6,19.5,19.5,1.89,8.6,9.19,99,85,Kota Kediri,-7.848,112.0172
2019-03-07,25.1,23.1,24.1,23.5,23.5,1.12,15.1,4.49,98,86,Kota Kediri,-7.848,112.0172
2019-03-08,27.5,22.2,25.2,1.2,1.2,2.6,23.0,10.84,89,74,Kota Kediri,-7.848,112.0172
2019-03-09,30.4,22.3,25.9,6.6,6.6,4.39,17.1,21.43,93,62,Kota Kediri,-7.848,112.0172
2019-03-10,29.9,23.0,25.8,31.0,31.0,3.58,11.8,17.52,96,72,Kota Kediri,-7.848,112.0172
2019-03-11,30.7,23.7,26.7,0.6,0.6,4.53,12.7,22.18,97,65,Kota Kediri,-7.848,112.0172
2019-03-12,30.2,23.1,26.3,5.4,5.4,4.18,22.0,21.72,98,69,Kota Kediri,-7.848,112.0172
2019-03-13,28.9,23.8,25.9,5.9,5.9,3.11,13.7,15.16,98,73,Kota Kediri,-7.848,112.0172
2019-03-14,31.0,23.5,26.8,0.7,0.7,3.94,16.2,18.18,98,67,Kota Kediri,-7.848,112.0172
2019-03-15,28.4,23.2,25.4,2.8,2.8,3.3,27.1,16.89,93,79,Kota Kediri,-7.848,112.0172
2019-03-16,30.0,23.6,26.1,2.2,2.2,4.08,20.9,20.11,94,70,Kota Kediri,-7.848,112.0172
2019-03-17,29.2,23.6,25.2,12.4,12.4,2.36,13.9,10.95,97,73,Kota Kediri,-7.848,112.0172
2019-03-18,28.6,22.9,25.5,4.2,4.2,3.11,11.6,15.39,98,77,Kota Kediri,-7.848,112.0172
2019-03-19,27.9,23.3,25.2,20.8,20.8,2.69,9.0,13.41,98,75,Kota Kediri,-7.848,112.0172
2019-03-20,29.2,22.5,25.5,11.6,11.6,3.42,11.4,17.1,99,75,Kota Kediri,-7.848,112.0172
2019-03-21,28.9,23.5,25.5,8.3,8.3,3.03,9.5,15.33,96,79,Kota Kediri,-7.848,112.0172
2019-03-22,30.3,23.8,25.6,16.3,16.3,3.42,10.6,17.03,98,71,Kota Kediri,-7.848,112.0172
2019-03-23,27.8,22.6,24.5,23.2,23.2,2.53,7.8,12.78,99,78,Kota Kediri,-7.848,112.0172
2019-03-24,27.3,22.9,25.1,13.1,13.1,2.27,13.4,11.55,98,82,Kota Kediri,-7.848,112.0172
2019-03-25,28.6,23.2,25.7,18.0,18.0,3.23,5.9,16.02,98,73,Kota Kediri,-7.848,112.0172
2019-03-26,29.8,23.5,25.9,20.5,20.5,3.18,10.5,15.73,97,73,Kota Kediri,-7.848,112.0172
2019-03-27,29.7,24.0,26.6,1.8,1.8,3.7,14.4,18.12,96,73,Kota Kediri,-7.848,112.0172
2019-03-28,30.3,24.2,26.1,10.6,10.6,3.55,14.4,17.86,96,72,Kota Kediri,-7.848,112.0172
2019-03-29,30.6,23.6,26.6,0.0,0.0,4.42,15.9,21.03,96,65,Kota Kediri,-7.848,112.0172
2019-03-30,31.4,23.1,26.8,0.4,0.4,4.97,12.3,23.85,93,57,Kota Kediri,-7.848,112.0172
2019-03-31,31.4,23.8,26.8,1.8,1.8,4.72,15.9,23.49,92,65,Kota Kediri,-7.848,112.0172
2019-04-01,30.5,23.8,26.6,2.3,2.3,4.35,17.0,21.41,96,66,Kota Kediri,-7.848,112.0172
2019-04-02,30.2,23.2,26.4,1.3,1.3,4.16,14.8,20.06,97,66,Kota Kediri,-7.848,112.0172
2019-04-03,29.9,24.0,26.5,1.8,1.8,4.12,15.6,19.54,91,71,Kota Kediri,-7.848,112.0172
2019-04-04,29.6,23.5,26.1,11.9,11.9,3.56,17.6,17.54,96,75,Kota Kediri,-7.848,112.0172
2019-04-05,30.1,23.6,25.9,17.1,17.1,3.54,10.5,17.57,98,71,Kota Kediri,-7.848,112.0172
2019-04-06,29.9,23.1,25.9,8.9,8.9,3.65,16.1,18.39,99,72,Kota Kediri,-7.848,112.0172
2019-04-07,30.6,23.8,26.3,3.7,3.7,3.75,17.8,19.21,96,70,Kota Kediri,-7.848,112.0172
2019-04-08,30.2,24.1,26.7,2.9,2.9,3.64,13.4,18.16,97,71,Kota Kediri,-7.848,112.0172
2019-04-09,30.1,24.5,26.7,6.0,6.0,3.45,9.7,17.07,94,72,Kota Kediri,-7.848,112.0172
2019-04-10,30.2,24.1,26.5,15.4,15.4,3.22,12.6,15.78,99,75,Kota Kediri,-7.848,112.0172
2019-04-11,29.2,24.2,26.3,6.0,6.0,2.61,10.8,12.41,96,74,Kota Kediri,-7.848,112.0172
2019-04-12,31.1,24.0,26.9,2.9,2.9,4.02,9.8,19.23,96,61,Kota Kediri,-7.848,112.0172
2019-04-13,29.4,23.9,26.1,11.7,11.7,2.81,12.1,13.71,98,77,Kota Kediri,-7.848,112.0172
2019-04-14,29.1,23.9,26.4,5.0,5.0,3.25,17.0,16.38,98,76,Kota Kediri,-7.848,112.0172
2019-04-15,30.9,23.6,26.4,9.0,9.0,3.33,12.6,16.28,97,71,Kota Kediri,-7.848,112.0172
2019-04-16,29.2,23.8,26.2,15.6,15.6,3.09,8.4,15.55,98,79,Kota Kediri,-7.848,112.0172
2019-04-17,31.2,24.0,26.7,7.5,7.5,4.21,9.7,20.94,97,73,Kota Kediri,-7.848,112.0172
2019-04-18,31.2,24.2,26.7,3.0,3.0,3.87,12.1,18.92,94,71,Kota Kediri,-7.848,112.0172
2019-04-19,30.9,24.4,26.9,2.4,2.4,4.28,17.4,20.47,96,70,Kota Kediri,-7.848,112.0172
2019-04-20,30.6,24.5,27.0,2.7,2.7,4.45,21.5,21.12,91,72,Kota Kediri,-7.848,112.0172
2019-04-21,30.6,24.6,27.2,0.8,0.8,3.91,13.9,18.28,91,64,Kota Kediri,-7.848,112.0172
2019-04-22,31.2,23.9,27.1,2.5,2.5,4.58,17.2,21.72,97,64,Kota Kediri,-7.848,112.0172
2019-04-23,31.2,25.0,27.2,2.3,2.3,4.52,19.1,20.45,87,64,Kota Kediri,-7.848,112.0172
2019-04-24,31.2,25.1,27.4,1.0,1.0,4.68,15.6,21.02,88,65,Kota Kediri,-7.848,112.0172
2019-04-25,30.9,25.1,27.2,0.6,0.6,4.7,19.2,21.38,90,62,Kota Kediri,-7.848,112.0172
2019-04-26,30.4,24.9,27.1,0.6,0.6,4.61,18.7,20.84,86,66,Kota Kediri,-7.848,112.0172
2019-04-27,30.6,24.6,26.7,3.4,3.4,3.92,18.9,18.84,92,66,Kota Kediri,-7.848,112.0172
2019-04-28,30.4,24.1,26.2,23.8,23.8,3.33,12.3,16.41,99,71,Kota Kediri,-7.848,112.0172
2019-04-29,29.5,23.6,25.8,17.4,17.4,3.01,9.4,14.99,99,76,Kota Kediri,-7.848,112.0172
2019-04-30,30.5,23.8,26.4,5.2,5.2,3.76,11.0,18.41,96,67,Kota Kediri,-7.848,112.0172
2019-05-01,29.7,24.1,26.2,6.4,6.4,3.35,13.2,16.3,94,71,Kota Kediri,-7.848,112.0172
2019-05-02,29.7,24.0,26.2,8.1,8.1,3.46,18.8,17.38,95,70,Kota Kediri,-7.848,112.0172
2019-05-03,30.8,24.0,26.7,0.3,0.3,4.24,17.8,20.17,94,66,Kota Kediri,-7.848,112.0172
2019-05-04,30.5,24.0,26.8,0.0,0.0,4.62,19.8,21.93,91,66,Kota Kediri,-7.848,112.0172
2019-05-05,30.6,23.5,26.5,0.6,0.6,4.14,18.1,20.32,95,66,Kota Kediri,-7.848,112.0172
2019-05-06,30.5,24.4,26.7,1.5,1.5,4.06,17.4,20.0,93,70,Kota Kediri,-7.848,112.0172
2019-05-07,31.0,24.0,26.7,2.7,2.7,4.28,18.2,20.37,94,64,Kota Kediri,-7.848,112.0172
2019-05-08,30.5,24.9,27.1,0.0,0.0,4.71,21.2,20.38,87,64,Kota Kediri,-7.848,112.0172
2019-05-09,29.6,24.1,26.3,0.9,0.9,4.15,20.5,17.95,91,67,Kota Kediri,-7.848,112.0172
2019-05-10,29.9,24.1,26.3,0.4,0.4,4.31,21.5,18.62,85,63,Kota Kediri,-7.848,112.0172
2019-05-11,30.5,24.1,26.7,0.2,0.2,4.59,19.4,19.23,83,60,Kota Kediri,-7.848,112.0172
2019-05-12,30.6,24.2,26.6,0.0,0.0,4.95,21.1,20.89,84,61,Kota Kediri,-7.848,112.0172
2019-05-13,30.7,23.8,26.5,0.2,0.2,4.67,20.2,20.62,86,61,Kota Kediri,-7.848,112.0172
2019-05-14,31.4,24.4,27.3,0.4,0.4,4.45,18.8,19.9,91,60,Kota Kediri,-7.848,112.0172
2019-05-15,31.3,24.1,27.2,0.4,0.4,4.35,17.6,19.81,95,60,Kota Kediri,-7.848,112.0172
2019-05-16,30.7,24.1,26.6,0.0,0.0,4.49,20.8,20.0,92,59,Kota Kediri,-7.848,112.0172
2019-05-17,30.6,22.9,26.1,0.0,0.0,4.73,20.4,21.06,90,55,Kota Kediri,-7.848,112.0172
2019-05-18,30.7,23.2,26.3,0.0,0.0,4.93,21.1,21.03,86,55,Kota Kediri,-7.848,112.0172
2019-05-19,30.5,23.5,26.5,0.0,0.0,5.06,20.0,21.07,85,56,Kota Kediri,-7.848,112.0172
2019-05-20,31.4,24.1,27.0,0.0,0.0,4.87,22.9,20.45,88,56,Kota Kediri,-7.848,112.0172
2019-05-21,32.0,24.6,27.1,0.0,0.0,5.01,21.2,21.04,86,52,Kota Kediri,-7.848,112.0172
2019-05-22,32.2,24.0,27.2,0.0,0.0,5.06,21.5,21.18,88,53,Kota Kediri,-7.848,112.0172
2019-05-23,31.8,24.0,26.9,2.3,2.3,4.51,22.3,18.98,93,54,Kota Kediri,-7.848,112.0172
2019-05-24,32.0,24.4,27.1,0.4,0.4,4.99,21.3,19.4,85,51,Kota Kediri,-7.848,112.0172
2019-05-25,32.2,23.5,26.6,0.0,0.0,4.95,25.3,19.68,86,49,Kota Kediri,-7.848,112.0172
2019-05-26,32.3,24.4,27.1,0.1,0.1,4.88,23.0,19.92,87,52,Kota Kediri,-7.848,112.0172
2019-05-27,32.0,24.4,27.1,1.1,1.1,4.64,20.9,19.19,87,53,Kota Kediri,-7.848,112.0172
2019-05-28,32.0,23.9,27.3,0.8,0.8,4.64,19.7,19.72,93,54,Kota Kediri,-7.848,112.0172
2019-05-29,32.2,24.6,27.3,1.0,1.0,4.86,20.9,18.96,85,53,Kota Kediri,-7.848,112.0172
2019-05-30,32.4,24.4,27.3,0.0,0.0,5.54,24.3,19.62,82,46,Kota Kediri,-7.848,112.0172
2019-05-31,31.3,23.9,26.7,0.3,0.3,4.99,25.6,16.89,85,52,Kota Kediri,-7.848,112.0172
2019-06-01,31.0,23.9,26.5,0.0,0.0,5.0,27.7,17.25,82,49,Kota Kediri,-7.848,112.0172
2019-06-02,30.7,23.5,26.3,0.0,0.0,4.67,25.9,17.17,87,55,Kota Kediri,-7.848,112.0172
2019-06-03,30.9,23.5,26.2,0.0,0.0,4.52,24.6,17.43,88,53,Kota Kediri,-7.848,112.0172
2019-06-04,32.3,24.0,26.9,0.3,0.3,4.59,21.3,18.81,88,49,Kota Kediri,-7.848,112.0172
2019-06-05,32.8,23.1,26.9,0.0,0.0,4.54,18.7,19.38,99,50,Kota Kediri,-7.848,112.0172
2019-06-06,32.9,24.2,27.5,0.0,0.0,4.54,17.9,19.41,92,49,Kota Kediri,-7.848,112.0172
2019-06-07,33.0,23.0,26.7,0.3,0.3,4.55,20.2,19.45,98,47,Kota Kediri,-7.848,112.0172
2019-06-08,30.9,23.0,26.0,0.0,0.0,4.96,22.6,20.72,93,51,Kota Kediri,-7.848,112.0172
2019-06-09,30.0,23.0,25.7,0.0,0.0,4.08,24.5,16.13,94,58,Kota Kediri,-7.848,112.0172
2019-06-10,32.0,23.5,26.5,0.0,0.0,5.0,23.4,19.36,87,51,Kota Kediri,-7.848,112.0172
2019-06-11,32.1,23.8,26.7,0.0,0.0,5.18,27.4,19.6,88,47,Kota Kediri,-7.848,112.0172
2019-06-12,32.7,24.0,27.0,0.3,0.3,5.24,25.5,18.98,85,44,Kota Kediri,-7.848,112.0172
2019-06-13,30.9,23.8,26.6,1.3,1.3,4.36,24.7,16.01,87,54,Kota Kediri,-7.848,112.0172
2019-06-14,30.3,24.4,26.2,2.9,2.9,3.74,24.2,15.22,92,63,Kota Kediri,-7.848,112.0172
2019-06-15,31.2,24.0,26.5,0.0,0.0,4.41,23.9,16.83,92,51,Kota Kediri,-7.848,112.0172
2019-06-16,32.0,22.8,25.9,0.0,0.0,4.95,26.1,19.84,85,46,Kota Kediri,-7.848,112.0172
2019-06-17,31.6,22.5,25.9,0.0,0.0,5.23,25.5,20.79,85,49,Kota Kediri,-7.848,112.0172
2019-06-18,31.5,22.0,25.7,0.0,0.0,4.61,22.8,20.35,94,47,Kota Kediri,-7.848,112.0172
2019-06-19,31.0,22.4,25.4,0.0,0.0,4.94,25.6,21.05,94,46,Kota Kediri,-7.848,112.0172
2019-06-20,30.8,21.5,24.9,0.0,0.0,4.81,23.1,19.95,93,46,Kota Kediri,-7.848,112.0172
2019-06-21,31.1,20.4,25.0,0.0,0.0,4.8,22.1,20.66,95,46,Kota Kediri,-7.848,112.0172
2019-06-22,31.9,21.7,25.5,0.0,0.0,4.88,23.2,21.0,94,45,Kota Kediri,-7.848,112.0172
2019-06-23,31.2,21.2,25.3,0.0,0.0,4.68,23.3,19.5,95,47,Kota Kediri,-7.848,112.0172
2019-06-24,32.4,21.8,25.7,0.0,0.0,5.19,25.8,20.47,87,40,Kota Kediri,-7.848,112.0172
2019-06-25,32.7,21.2,26.0,0.0,0.0,5.02,23.9,21.08,95,39,Kota Kediri,-7.848,112.0172
2019-06-26,32.5,21.5,26.0,0.0,0.0,4.93,25.3,20.77,97,45,Kota Kediri,-7.848,112.0172
2019-06-27,30.6,22.6,25.4,0.0,0.0,5.08,27.4,19.04,89,47,Kota Kediri,-7.848,112.0172
2019-06-28,30.2,21.8,25.1,0.0,0.0,5.5,25.6,20.47,89,45,Kota Kediri,-7.848,112.0172
2019-06-29,31.6,21.2,25.3,0.0,0.0,6.12,24.4,21.45,78,35,Kota Kediri,-7.848,112.0172
2019-06-30,31.0,20.5,24.7,0.0,0.0,4.96,24.7,20.56,89,40,Kota Kediri,-7.848,112.0172
2019-07-01,31.4,22.1,25.4,0.0,0.0,5.0,23.3,20.28,84,42,Kota Kediri,-7.848,112.0172
2019-07-02,32.8,21.5,26.3,0.0,0.0,4.74,20.9,20.13,96,40,Kota Kediri,-7.848,112.0172
2019-07-03,32.5,23.5,26.9,0.6,0.6,4.47,22.8,17.48,90,47,Kota Kediri,-7.848,112.0172
2019-07-04,31.5,23.5,26.4,5.5,5.5,3.42,18.8,15.17,95,52,Kota Kediri,-7.848,112.0172
2019-07-05,30.1,23.0,25.8,1.1,1.1,3.78,21.3,16.98,97,64,Kota Kediri,-7.848,112.0172
2019-07-06,32.2,22.9,26.0,0.0,0.0,4.7,24.8,18.69,90,47,Kota Kediri,-7.848,112.0172
2019-07-07,31.8,21.9,25.9,0.0,0.0,4.87,25.0,19.24,89,46,Kota Kediri,-7.848,112.0172
2019-07-08,31.6,21.8,25.4,0.0,0.0,5.05,27.3,20.11,86,44,Kota Kediri,-7.848,112.0172
2019-07-09,30.5,21.4,25.2,0.0,0.0,4.96,25.6,19.08,89,41,Kota Kediri,-7.848,112.0172
2019-07-10,32.5,21.8,25.7,0.0,0.0,5.14,26.1,19.87,87,36,Kota Kediri,-7.848,112.0172
2019-07-11,31.9,22.1,25.7,0.1,0.1,4.89,26.3,19.12,87,41,Kota Kediri,-7.848,112.0172
2019-07-12,32.5,21.8,25.8,0.0,0.0,5.25,27.9,20.67,83,40,Kota Kediri,-7.848,112.0172
2019-07-13,31.5,21.9,25.5,0.0,0.0,5.76,23.8,21.29,85,37,Kota Kediri,-7.848,112.0172
2019-07-14,31.8,21.0,25.3,0.0,0.0,5.85,23.0,21.88,86,33,Kota Kediri,-7.848,112.0172
2019-07-15,31.6,21.2,25.6,0.0,0.0,5.32,24.2,18.83,81,38,Kota Kediri,-7.848,112.0172
2019-07-16,31.1,22.1,25.3,0.0,0.0,5.22,26.8,18.57,83,39,Kota Kediri,-7.848,112.0172
2019-07-17,32.0,21.6,25.2,0.0,0.0,5.22,27.3,19.16,85,37,Kota Kediri,-7.848,112.0172
2019-07-18,31.6,22.2,25.9,0.3,0.3,4.75,27.8,17.75,87,44,Kota Kediri,-7.848,112.0172
2019-07-19,30.3,23.1,26.0,1.4,1.4,4.14,24.3,15.49,90,56,Kota Kediri,-7.848,112.0172
2019-07-20,31.1,23.3,26.3,0.8,0.8,4.58,28.5,17.5,91,55,Kota Kediri,-7.848,112.0172
2019-07-21,30.4,22.8,25.5,0.2,0.2,4.34,26.8,16.22,90,54,Kota Kediri,-7.848,112.0172
2019-07-22,31.8,22.0,25.4,0.0,0.0,5.08,27.7,20.34,93,43,Kota Kediri,-7.848,112.0172
2019-07-23,31.8,22.2,25.7,0.2,0.2,4.74,23.4,18.72,93,43,Kota Kediri,-7.848,112.0172
2019-07-24,30.5,22.6,25.5,0.0,0.0,4.68,25.1,17.53,90,47,Kota Kediri,-7.848,112.0172
2019-07-25,33.0,22.0,26.0,0.0,0.0,5.39,30.1,20.62,87,38,Kota Kediri,-7.848,112.0172
2019-07-26,33.4,21.4,26.0,0.0,0.0,5.24,23.2,21.68,96,39,Kota Kediri,-7.848,112.0172
2019-07-27,32.5,21.6,25.7,0.0,0.0,5.01,27.0,19.97,97,43,Kota Kediri,-7.848,112.0172
2019-07-28,31.2,22.4,25.3,0.0,0.0,5.5,29.1,21.82,87,46,Kota Kediri,-7.848,112.0172
2019-07-29,30.6,22.0,25.3,0.0,0.0,4.93,25.3,19.04,88,47,Kota Kediri,-7.848,112.0172
2019-07-30,32.3,22.4,25.8,0.1,0.1,5.06,25.9,19.45,89,40,Kota Kediri,-7.848,112.0172
2019-07-31,31.1,22.0,25.5,0.0,0.0,5.1,29.1,19.37,91,42,Kota Kediri,-7.848,112.0172
2019-08-01,32.0,21.9,25.7,0.0,0.0,4.96,26.3,19.57,88,41,Kota Kediri,-7.848,112.0172
2019-08-02,30.7,22.7,26.1,0.0,0.0,5.02,24.1,17.75,86,48,Kota Kediri,-7.848,112.0172
2019-08-03,32.0,21.5,25.7,0.0,0.0,6.02,26.8,21.02,86,37,Kota Kediri,-7.848,112.0172
2019-08-04,31.4,21.5,25.4,0.0,0.0,6.15,27.0,20.75,81,34,Kota Kediri,-7.848,112.0172
2019-08-05,31.1,20.4,24.6,0.0,0.0,5.58,29.8,20.94,86,35,Kota Kediri,-7.848,112.0172
2019-08-06,31.4,20.5,24.6,0.0,0.0,5.79,25.6,22.83,88,36,Kota Kediri,-7.848,112.0172
2019-08-07,30.8,20.2,24.6,0.0,0.0,5.47,26.3,22.07,90,41,Kota Kediri,-7.848,112.0172
2019-08-08,31.1,21.5,25.1,0.0,0.0,5.12,27.6,19.56,90,42,Kota Kediri,-7.848,112.0172
2019-08-09,32.9,21.6,25.5,0.0,0.0,5.53,29.5,20.36,87,35,Kota Kediri,-7.848,112.0172
2019-08-10,32.7,22.0,25.8,0.0,0.0,5.73,25.9,21.72,87,37,Kota Kediri,-7.848,112.0172
2019-08-11,31.8,22.1,25.7,0.0,0.0,5.0,23.9,19.3,92,45,Kota Kediri,-7.848,112.0172
2019-08-12,33.3,22.0,26.4,0.0,0.0,5.14,25.1,20.38,86,41,Kota Kediri,-7.848,112.0172
2019-08-13,34.3,23.0,27.1,0.0,0.0,4.79,23.2,19.4,94,37,Kota Kediri,-7.848,112.0172
2019-08-14,33.4,22.2,27.0,0.3,0.3,5.4,21.3,21.43,97,42,Kota Kediri,-7.848,112.0172
2019-08-15,32.2,23.6,26.7,0.6,0.6,5.17,24.3,19.6,89,47,Kota Kediri,-7.848,112.0172
2019-08-16,31.5,22.4,26.0,0.0,0.0,5.48,26.8,20.28,87,45,Kota Kediri,-7.848,112.0172
2019-08-17,31.9,22.8,26.0,0.0,0.0,6.14,28.1,22.09,84,40,Kota Kediri,-7.848,112.0172
2019-08-18,33.0,21.5,25.7,0.0,0.0,6.15,28.9,22.8,84,35,Kota Kediri,-7.848,112.0172
2019-08-19,31.4,22.0,25.5,0.0,0.0,5.87,29.0,21.22,85,41,Kota Kediri,-7.848,112.0172
2019-08-20,32.8,22.1,26.1,0.0,0.0,5.89,27.2,21.32,85,37,Kota Kediri,-7.848,112.0172
2019-08-21,34.1,21.8,26.4,0.0,0.0,5.36,26.0,21.76,94,37,Kota Kediri,-7.848,112.0172
2019-08-22,32.4,23.2,26.6,0.2,0.2,5.31,27.8,19.86,87,45,Kota Kediri,-7.848,112.0172
2019-08-23,33.8,22.1,25.9,0.0,0.0,5.61,30.6,20.39,86,34,Kota Kediri,-7.848,112.0172
2019-08-24,31.4,22.5,25.7,0.0,0.0,5.41,27.4,19.99,86,45,Kota Kediri,-7.848,112.0172
2019-08-25,30.5,22.5,25.8,0.0,0.0,5.29,27.2,20.11,87,51,Kota Kediri,-7.848,112.0172
2019-08-26,30.7,22.7,25.7,0.0,0.0,4.86,26.3,18.33,90,53,Kota Kediri,-7.848,112.0172
2019-08-27,32.7,22.5,25.9,0.0,0.0,6.1,25.2,23.3,87,42,Kota Kediri,-7.848,112.0172
2019-08-28,32.4,21.1,25.6,0.0,0.0,5.95,24.1,23.97,89,38,Kota Kediri,-7.848,112.0172
2019-08-29,34.2,21.4,26.3,0.0,0.0,5.58,26.1,22.97,93,35,Kota Kediri,-7.848,112.0172
2019-08-30,33.6,22.4,26.1,0.1,0.1,5.9,27.2,22.64,90,36,Kota Kediri,-7.848,112.0172
2019-08-31,32.0,21.8,25.9,0.3,0.3,5.65,24.2,21.02,88,42,Kota Kediri,-7.848,112.0172
2019-09-01,32.2,22.0,25.7,0.0,0.0,6.22,26.8,24.18,85,44,Kota Kediri,-7.848,112.0172
2019-09-02,33.2,22.5,25.9,0.0,0.0,6.14,29.6,24.37,88,42,Kota Kediri,-7.848,112.0172
2019-09-03,33.0,22.0,25.5,0.0,0.0,5.25,25.3,20.26,87,40,Kota Kediri,-7.848,112.0172
2019-09-04,32.5,22.1,25.6,0.0,0.0,6.36,26.7,24.82,90,37,Kota Kediri,-7.848,112.0172
2019-09-05,32.5,21.3,25.2,0.0,0.0,6.18,26.4,24.03,87,35,Kota Kediri,-7.848,112.0172
2019-09-06,31.7,21.9,25.3,0.0,0.0,5.64,27.0,22.01,90,38,Kota Kediri,-7.848,112.0172
2019-09-07,31.8,21.8,25.8,0.0,0.0,5.75,27.0,22.27,90,40,Kota Kediri,-7.848,112.0172
2019-09-08,32.0,22.5,26.2,0.0,0.0,5.93,28.9,23.04,87,42,Kota Kediri,-7.848,112.0172
2019-09-09,35.9,22.4,26.9,0.1,0.1,5.88,25.7,24.33,88,31,Kota Kediri,-7.848,112.0172
2019-09-10,33.7,21.4,26.3,0.0,0.0,6.18,26.2,24.86,95,39,Kota Kediri,-7.848,112.0172
2019-09-11,33.0,22.4,26.1,0.0,0.0,6.46,28.2,24.6,87,40,Kota Kediri,-7.848,112.0172
2019-09-12,32.2,21.1,25.5,0.0,0.0,6.82,25.5,25.72,88,28,Kota Kediri,-7.848,112.0172
2019-09-13,32.8,21.8,25.6,0.0,0.0,5.97,25.4,22.86,80,34,Kota Kediri,-7.848,112.0172
2019-09-14,33.0,22.1,26.4,0.0,0.0,5.96,24.1,21.9,91,36,Kota Kediri,-7.848,112.0172
2019-09-15,33.6,22.1,26.6,0.0,0.0,5.83,25.5,21.65,90,36,Kota Kediri,-7.848,112.0172
2019-09-16,35.8,20.2,26.8,0.1,0.1,5.82,24.6,24.34,98,31,Kota Kediri,-7.848,112.0172
2019-09-17,35.5,22.7,27.2,0.1,0.1,6.26,24.6,24.4,85,33,Kota Kediri,-7.848,112.0172
2019-09-18,34.0,22.9,26.7,0.0,0.0,6.4,27.6,25.18,85,39,Kota Kediri,-7.848,112.0172
2019-09-19,33.2,22.4,26.2,0.0,0.0,6.52,27.9,25.41,87,37,Kota Kediri,-7.848,112.0172
2019-09-20,32.5,22.6,26.2,0.2,0.2,5.72,28.2,22.01,87,41,Kota Kediri,-7.848,112.0172
2019-09-21,32.3,22.9,26.2,0.0,0.0,6.22,29.2,24.1,89,42,Kota Kediri,-7.848,112.0172
2019-09-22,34.5,22.2,26.4,0.2,0.2,6.32,28.6,24.39,86,36,Kota Kediri,-7.848,112.0172
2019-09-23,33.5,22.2,26.7,0.1,0.1,6.33,26.1,24.04,87,39,Kota Kediri,-7.848,112.0172
2019-09-24,35.4,23.5,27.5,0.4,0.4,6.28,25.6,23.6,86,39,Kota Kediri,-7.848,112.0172
2019-09-25,36.0,23.4,27.8,0.3,0.3,6.39,28.2,23.12,88,33,Kota Kediri,-7.848,112.0172
2019-09-26,33.8,23.8,27.5,0.4,0.4,6.09,25.4,22.77,89,40,Kota Kediri,-7.848,112.0172
2019-09-27,34.0,23.4,27.1,0.0,0.0,6.23,27.9,23.5,88,39,Kota Kediri,-7.848,112.0172
2019-09-28,32.5,23.7,27.3,0.2,0.2,5.89,27.9,22.04,88,48,Kota Kediri,-7.848,112.0172
2019-09-29,32.8,23.9,27.1,0.4,0.4,5.72,26.6,21.96,88,47,Kota Kediri,-7.848,112.0172
2019-09-30,33.5,23.2,27.1,0.2,0.2,6.61,26.9,23.74,87,39,Kota Kediri,-7.848,112.0172
2019-10-01,33.5,22.8,26.8,0.0,0.0,6.67,27.0,25.19,83,41,Kota Kediri,-7.848,112.0172
2019-10-02,34.9,23.4,27.5,0.6,0.6,6.13,25.1,23.27,87,37,Kota Kediri,-7.848,112.0172
2019-10-03,33.5,24.1,27.9,0.3,0.3,6.0,24.0,22.55,91,45,Kota Kediri,-7.848,112.0172
2019-10-04,33.8,23.5,27.5,0.4,0.4,6.9,32.4,24.25,85,36,Kota Kediri,-7.848,112.0172
2019-10-05,33.9,22.4,26.9,0.1,0.1,6.82,28.3,25.26,85,35,Kota Kediri,-7.848,112.0172
2019-10-06,33.1,23.4,27.3,0.3,0.3,6.4,25.3,24.43,88,40,Kota Kediri,-7.848,112.0172
2019-10-07,34.7,23.6,27.7,0.0,0.0,6.65,27.3,24.83,90,39,Kota Kediri,-7.848,112.0172
2019-10-08,34.8,23.7,27.6,0.0,0.0,6.9,27.3,25.61,87,36,Kota Kediri,-7.848,112.0172
2019-10-09,35.7,23.5,28.0,0.0,0.0,6.41,23.6,24.11,87,35,Kota Kediri,-7.848,112.0172
2019-10-10,35.4,23.9,28.3,0.2,0.2,6.23,21.5,23.31,87,35,Kota Kediri,-7.848,112.0172
2019-10-11,35.7,24.2,28.9,0.1,0.1,6.7,21.5,23.9,90,34,Kota Kediri,-7.848,112.0172
2019-10-12,34.7,23.6,28.2,0.2,0.2,6.5,23.3,23.43,93,36,Kota Kediri,-7.848,112.0172
2019-10-13,34.0,24.0,27.8,0.4,0.4,6.55,24.6,23.92,89,40,Kota Kediri,-7.848,112.0172
2019-10-14,33.8,23.5,27.8,0.1,0.1,6.2,25.9,23.05,89,43,Kota Kediri,-7.848,112.0172
2019-10-15,33.5,24.1,27.7,1.9,1.9,6.29,28.1,23.03,87,44,Kota Kediri,-7.848,112.0172
2019-10-16,33.9,23.9,27.7,0.0,0.0,6.37,27.5,22.74,87,40,Kota Kediri,-7.848,112.0172
2019-10-17,34.3,23.4,27.6,0.0,0.0,6.72,27.5,24.92,88,37,Kota Kediri,-7.848,112.0172
2019-10-18,35.2,23.4,27.9,0.2,0.2,6.52,26.9,24.62,87,36,Kota Kediri,-7.848,112.0172
2019-10-19,36.1,24.0,28.2,0.7,0.7,6.55,25.8,24.58,89,37,Kota Kediri,-7.848,112.0172
2019-10-20,35.8,24.4,28.2,0.2,0.2,6.39,24.6,24.16,88,34,Kota Kediri,-7.848,112.0172
2019-10-21,36.6,24.6,29.0,0.0,0.0,6.84,29.1,24.57,86,32,Kota Kediri,-7.848,112.0172
2019-10-22,35.2,24.6,28.6,0.3,0.3,7.01,25.8,24.28,82,39,Kota Kediri,-7.848,112.0172
2019-10-23,36.4,24.0,28.7,0.5,0.5,6.63,28.5,23.87,88,34,Kota Kediri,-7.848,112.0172
2019-10-24,35.5,24.0,28.3,0.4,0.4,6.81,25.2,25.21,88,36,Kota Kediri,-7.848,112.0172
2019-10-25,35.4,24.2,28.4,0.3,0.3,6.45,23.8,24.44,90,36,Kota Kediri,-7.848,112.0172
2019-10-26,34.8,24.1,28.2,0.0,0.0,6.47,26.5,23.79,89,40,Kota Kediri,-7.848,112.0172
2019-10-27,35.7,24.0,28.5,0.0,0.0,7.04,24.3,25.89,89,33,Kota Kediri,-7.848,112.0172
2019-10-28,34.7,23.8,28.3,0.1,0.1,6.6,25.6,24.9,92,39,Kota Kediri,-7.848,112.0172
2019-10-29,35.6,23.6,28.3,0.1,0.1,6.38,24.6,22.86,90,33,Kota Kediri,-7.848,112.0172
2019-10-30,35.0,23.8,28.5,0.1,0.1,6.76,23.5,24.89,87,37,Kota Kediri,-7.848,112.0172
2019-10-31,35.0,25.0,28.9,0.4,0.4,6.78,24.9,24.46,83,37,Kota Kediri,-7.848,112.0172
2019-11-01,32.7,24.6,27.4,1.2,1.2,4.8,23.2,18.53,88,53,Kota Kediri,-7.848,112.0172
2019-11-02,29.3,23.9,25.3,23.2,23.2,2.95,23.0,13.15,94,66,Kota Kediri,-7.848,112.0172
2019-11-03,30.9,23.5,26.7,1.3,1.3,4.92,23.4,20.06,92,58,Kota Kediri,-7.848,112.0172
2019-11-04,31.7,23.9,27.3,0.3,0.3,5.68,24.3,22.72,89,53,Kota Kediri,-7.848,112.0172
2019-11-05,33.5,23.2,27.6,0.0,0.0,6.33,22.7,25.05,92,45,Kota Kediri,-7.848,112.0172
2019-11-06,34.2,23.3,27.4,0.0,0.0,6.57,23.8,25.95,94,38,Kota Kediri,-7.848,112.0172
2019-11-07,35.0,22.1,27.3,0.0,0.0,6.44,24.5,25.07,92,41,Kota Kediri,-7.848,112.0172
2019-11-08,35.0,23.4,28.0,1.1,1.1,6.22,23.1,23.6,87,41,Kota Kediri,-7.848,112.0172
2019-11-09,34.5,23.9,28.2,0.8,0.8,6.23,23.8,23.91,93,43,Kota Kediri,-7.848,112.0172
2019-11-10,35.0,24.4,28.9,0.2,0.2,6.42,20.9,23.87,87,43,Kota Kediri,-7.848,112.0172
2019-11-11,35.4,24.5,28.6,2.1,2.1,6.29,23.4,24.39,92,44,Kota Kediri,-7.848,112.0172
2019-11-12,34.2,24.4,28.6,2.0,2.0,5.85,20.8,22.77,92,47,Kota Kediri,-7.848,112.0172
2019-11-13,35.6,25.5,28.7,1.9,1.9,5.3,27.1,21.73,87,42,Kota Kediri,-7.848,112.0172
2019-11-14,34.9,25.2,28.4,5.4,5.4,5.17,19.3,21.39,92,48,Kota Kediri,-7.848,112.0172
2019-11-15,34.2,25.1,28.4,0.0,0.0,6.62,25.6,26.0,90,40,Kota Kediri,-7.848,112.0172
2019-11-16,34.7,23.6,28.2,0.4,0.4,6.27,23.2,23.7,89,42,Kota Kediri,-7.848,112.0172
2019-11-17,35.5,24.5,28.9,0.1,0.1,6.35,25.2,23.69,88,42,Kota Kediri,-7.848,112.0172
2019-11-18,35.8,25.1,29.1,0.1,0.1,6.23,24.5,23.28,88,43,Kota Kediri,-7.848,112.0172
2019-11-19,35.8,24.4,29.2,0.0,0.0,5.74,18.8,21.49,95,42,Kota Kediri,-7.848,112.0172
2019-11-20,34.2,24.0,28.6,0.6,0.6,6.02,23.4,23.48,95,42,Kota Kediri,-7.848,112.0172
2019-11-21,33.5,24.6,28.7,0.2,0.2,5.96,20.0,21.73,89,48,Kota Kediri,-7.848,112.0172
2019-11-22,34.8,24.3,28.9,0.1,0.1,6.31,24.4,23.46,86,41,Kota Kediri,-7.848,112.0172
2019-11-23,36.7,24.5,29.4,0.1,0.1,6.69,26.6,24.99,91,33,Kota Kediri,-7.848,112.0172
2019-11-24,35.2,24.6,29.0,0.5,0.5,6.04,23.0,23.1,91,45,Kota Kediri,-7.848,112.0172
2019-11-25,35.4,24.6,29.0,2.7,2.7,6.0,25.1,22.39,94,45,Kota Kediri,-7.848,112.0172
2019-11-26,36.7,24.5,29.5,0.2,0.2,6.84,22.7,25.6,91,34,Kota Kediri,-7.848,112.0172
2019-11-27,35.5,24.8,29.2,0.6,0.6,5.65,17.9,21.03,89,41,Kota Kediri,-7.848,112.0172
2019-11-28,35.0,24.8,29.3,1.8,1.8,6.03,20.4,22.89,84,41,Kota Kediri,-7.848,112.0172
2019-11-29,35.8,25.8,29.3,6.8,6.8,5.85,20.9,21.66,84,44,Kota Kediri,-7.848,112.0172
2019-11-30,32.7,25.2,28.1,3.8,3.8,5.13,22.1,21.2,90,57,Kota Kediri,-7.848,112.0172
2019-12-01,34.2,24.2,28.6,0.7,0.7,5.81,22.1,23.9,96,47,Kota Kediri,-7.848,112.0172
2019-12-02,36.5,25.5,29.0,1.5,1.5,5.64,19.9,22.82,92,41,Kota Kediri,-7.848,112.0172
2019-12-03,37.0,24.5,29.2,1.3,1.3,5.75,15.9,24.41,96,37,Kota Kediri,-7.848,112.0172
2019-12-04,36.5,25.4,29.6,1.7,1.7,5.98,19.9,22.86,90,41,Kota Kediri,-7.848,112.0172
2019-12-05,35.4,24.1,28.2,14.4,14.4,4.51,11.2,19.51,98,42,Kota Kediri,-7.848,112.0172
2019-12-06,35.6,24.0,27.6,62.9,62.9,4.55,16.2,21.06,100,46,Kota Kediri,-7.848,112.0172
2019-12-07,33.6,24.5,27.3,17.1,17.1,4.58,18.1,21.49,99,52,Kota Kediri,-7.848,112.0172
2019-12-08,32.4,24.2,27.9,2.0,2.0,4.81,19.7,21.34,93,62,Kota Kediri,-7.848,112.0172
2019-12-09,33.8,25.6,28.0,21.5,21.5,4.5,16.2,19.7,91,54,Kota Kediri,-7.848,112.0172
2019-12-10,32.1,24.9,27.7,12.3,12.3,4.74,15.6,21.1,93,59,Kota Kediri,-7.848,112.0172
2019-12-11,32.2,24.5,27.3,14.9,14.9,4.84,18.4,22.08,93,61,Kota Kediri,-7.848,112.0172
2019-12-12,33.0,24.2,27.3,14.1,14.1,4.84,14.7,22.54,95,58,Kota Kediri,-7.848,112.0172
2019-12-13,31.9,23.8,26.5,67.1,67.1,3.82,12.0,18.37,97,60,Kota Kediri,-7.848,112.0172
2019-12-14,32.6,24.0,26.5,15.7,15.7,4.44,12.8,21.41,97,60,Kota Kediri,-7.848,112.0172
2019-12-15,30.1,23.6,26.2,4.7,4.7,3.83,15.5,18.17,98,67,Kota Kediri,-7.848,112.0172
2019-12-16,31.3,23.5,26.2,33.8,33.8,3.67,14.5,18.01,99,65,Kota Kediri,-7.848,112.0172
2019-12-17,30.1,23.5,26.2,2.5,2.5,3.1,16.9,15.14,96,72,Kota Kediri,-7.848,112.0172
2019-12-18,30.9,24.0,26.9,6.3,6.3,4.22,18.9,20.97,95,69,Kota Kediri,-7.848,112.0172
2019-12-19,31.9,24.0,27.2,10.5,10.5,4.41,14.0,20.76,95,65,Kota Kediri,-7.848,112.0172
2019-12-20,32.7,24.8,27.8,2.7,2.7,4.88,16.5,22.51,95,61,Kota Kediri,-7.848,112.0172
2019-12-21,32.5,24.1,27.8,3.0,3.0,4.95,16.6,23.06,97,63,Kota Kediri,-7.848,112.0172
2019-12-22,31.8,24.0,27.2,1.7,1.7,3.98,16.6,18.42,96,64,Kota Kediri,-7.848,112.0172
2019-12-23,30.6,24.1,27.0,6.6,6.6,3.9,13.3,18.16,96,65,Kota Kediri,-7.848,112.0172
2019-12-24,32.0,24.1,27.3,10.1,10.1,4.38,11.9,20.83,97,61,Kota Kediri,-7.848,112.0172
2019-12-25,31.2,24.6,26.9,14.8,14.8,3.5,12.8,16.55,96,68,Kota Kediri,-7.848,112.0172
2019-12-26,29.6,24.5,26.9,4.9,4.9,3.53,18.8,16.65,97,70,Kota Kediri,-7.848,112.0172
2019-12-27,30.9,24.3,26.2,26.5,26.5,3.07,13.2,14.7,98,63,Kota Kediri,-7.848,112.0172
2019-12-28,31.4,23.6,26.8,14.5,14.5,3.86,12.0,18.14,99,63,Kota Kediri,-7.848,112.0172
2019-12-29,32.3,24.4,27.1,20.7,20.7,4.3,13.4,20.63,98,63,Kota Kediri,-7.848,112.0172
2019-12-30,31.5,24.1,26.8,8.1,8.1,3.73,8.6,17.92,99,67,Kota Kediri,-7.848,112.0172
2019-12-31,30.2,24.6,26.8,2.7,2.7,3.15,16.5,15.18,98,73,Kota Kediri,-7.848,112.0172
2020-01-01,28.0,24.0,25.3,14.9,14.9,1.84,19.9,8.72,99,79,Kota Kediri,-7.848,112.0172
2020-01-02,30.0,24.0,25.8,18.0,18.0,3.78,13.0,18.74,98,70,Kota Kediri,-7.848,112.0172
2020-01-03,29.9,23.8,26.0,5.8,5.8,3.69,10.9,18.27,94,69,Kota Kediri,-7.848,112.0172
2020-01-04,28.3,23.1,25.5,5.3,5.3,2.56,17.3,12.09,99,75,Kota Kediri,-7.848,112.0172
2020-01-05,29.5,24.1,26.2,10.5,10.5,2.74,19.9,12.97,95,75,Kota Kediri,-7.848,112.0172
2020-01-06,27.6,23.5,25.2,19.5,19.5,2.09,10.6,10.36,99,82,Kota Kediri,-7.848,112.0172
2020-01-07,28.0,22.7,24.9,11.0,11.0,2.71,8.8,13.46,98,79,Kota Kediri,-7.848,112.0172
2020-01-08,28.5,22.7,25.0,16.7,16.7,2.75,8.3,13.69,99,78,Kota Kediri,-7.848,112.0172
2020-01-09,29.6,23.0,26.1,8.7,8.7,3.72,19.8,18.66,97,75,Kota Kediri,-7.848,112.0172
2020-01-10,29.6,22.8,26.0,3.6,3.6,3.2,14.6,15.43,97,68,Kota Kediri,-7.848,112.0172
2020-01-11,28.1,23.9,25.7,7.5,7.5,2.27,13.4,10.57,92,77,Kota Kediri,-7.848,112.0172
2020-01-12,30.4,23.5,26.6,0.9,0.9,3.89,12.2,18.22,93,63,Kota Kediri,-7.848,112.0172
2020-01-13,30.0,22.8,26.2,1.2,1.2,4.31,10.2,21.68,96,69,Kota Kediri,-7.848,112.0172
2020-01-14,31.0,22.6,26.6,26.5,26.5,4.4,10.5,21.52,97,65,Kota Kediri,-7.848,112.0172
2020-01-15,31.1,23.4,26.7,22.0,22.0,3.97,13.4,19.12,94,63,Kota Kediri,-7.848,112.0172
2020-01-16,31.8,24.0,27.5,0.1,0.1,5.0,19.6,23.08,96,62,Kota Kediri,-7.848,112.0172
2020-01-17,32.1,23.8,27.4,0.1,0.1,5.47,20.2,24.69,95,56,Kota Kediri,-7.848,112.0172
2020-01-18,32.8,23.6,27.9,0.0,0.0,5.61,17.3,24.58,91,51,Kota Kediri,-7.848,112.0172
2020-01-19,32.2,24.3,27.9,0.1,0.1,4.93,16.6,21.64,94,55,Kota Kediri,-7.848,112.0172
2020-01-20,32.5,23.9,27.4,33.8,33.8,4.58,14.8,21.27,98,54,Kota Kediri,-7.848,112.0172
2020-01-21,31.2,24.0,26.8,19.0,19.0,4.15,13.8,20.61,98,66,Kota Kediri,-7.848,112.0172
2020-01-22,31.5,23.5,27.0,1.0,1.0,4.33,11.2,20.46,98,63,Kota Kediri,-7.848,112.0172
2020-01-23,30.8,24.0,27.1,1.6,1.6,3.83,9.1,18.28,97,63,Kota Kediri,-7.848,112.0172
2020-01-24,31.7,24.0,27.3,3.9,3.9,4.49,10.0,21.67,97,62,Kota Kediri,-7.848,112.0172
2020-01-25,31.4,24.1,26.9,27.9,27.9,4.58,8.3,22.33,99,68,Kota Kediri,-7.848,112.0172
2020-01-26,31.5,24.0,26.6,18.1,18.1,4.23,19.3,20.32,98,62,Kota Kediri,-7.848,112.0172
2020-01-27,29.2,23.7,26.5,8.0,8.0,3.42,17.0,17.37,98,74,Kota Kediri,-7.848,112.0172
2020-01-28,31.4,23.9,27.5,3.0,3.0,4.57,13.7,22.17,97,69,Kota Kediri,-7.848,112.0172
2020-01-29,31.8,24.1,27.3,4.7,4.7,4.05,9.8,19.63,98,65,Kota Kediri,-7.848,112.0172
2020-01-30,28.2,23.6,25.7,16.9,16.9,2.07,11.5,10.04,96,80,Kota Kediri,-7.848,112.0172
2020-01-31,29.6,23.0,26.1,1.6,1.6,3.0,12.0,14.43,97,68,Kota Kediri,-7.848,112.0172
2020-02-01,29.9,23.6,26.1,9.3,9.3,2.86,11.6,13.36,97,71,Kota Kediri,-7.848,112.0172
2020-02-02,29.5,24.0,26.0,3.9,3.9,2.93,8.4,14.1,99,69,Kota Kediri,-7.848,112.0172
2020-02-03,30.1,23.2,26.2,5.9,5.9,3.48,17.4,16.96,99,71,Kota Kediri,-7.848,112.0172
2020-02-04,31.6,23.6,27.2,2.6,2.6,4.68,12.3,22.39,99,62,Kota Kediri,-7.848,112.0172
2020-02-05,31.5,24.3,27.2,1.1,1.1,4.45,13.7,21.33,96,67,Kota Kediri,-7.848,112.0172
2020-02-06,31.5,23.1,26.7,3.4,3.4,4.39,10.4,21.02,99,60,Kota Kediri,-7.848,112.0172
2020-02-07,30.1,23.4,25.7,15.4,15.4,2.65,12.6,12.73,98,73,Kota Kediri,-7.848,112.0172
2020-02-08,31.0,23.9,26.7,11.2,11.2,3.47,20.5,16.6,98,63,Kota Kediri,-7.848,112.0172
2020-02-09,27.6,23.5,25.3,14.2,14.2,1.77,16.8,7.97,98,81,Kota Kediri,-7.848,112.0172
2020-02-10,29.6,23.8,26.1,2.1,2.1,3.47,8.7,16.95,96,72,Kota Kediri,-7.848,112.0172
2020-02-11,30.8,23.2,25.9,6.9,6.9,3.57,12.9,17.57,99,67,Kota Kediri,-7.848,112.0172
2020-02-12,29.8,23.6,25.9,13.3,13.3,3.06,10.4,15.26,99,75,Kota Kediri,-7.848,112.0172
2020-02-13,31.2,24.3,26.6,4.4,4.4,4.08,17.0,20.57,99,67,Kota Kediri,-7.848,112.0172
2020-02-14,29.9,23.9,26.3,14.0,14.0,3.61,9.9,17.95,98,76,Kota Kediri,-7.848,112.0172
2020-02-15,30.2,23.7,26.2,4.1,4.1,3.0,14.2,14.39,99,68,Kota Kediri,-7.848,112.0172
2020-02-16,30.9,24.2,26.4,41.0,41.0,3.73,13.0,18.31,97,71,Kota Kediri,-7.848,112.0172
2020-02-17,29.1,23.2,25.2,13.6,13.6,2.83,10.1,13.95,97,75,Kota Kediri,-7.848,112.0172
2020-02-18,29.4,22.4,25.4,15.8,15.8,2.74,14.8,13.25,97,71,Kota Kediri,-7.848,112.0172
2020-02-19,28.5,23.5,25.1,16.8,16.8,2.53,9.4,12.37,99,77,Kota Kediri,-7.848,112.0172
2020-02-20,28.5,23.8,25.3,21.6,21.6,2.04,21.3,10.31,98,74,Kota Kediri,-7.848,112.0172
2020-02-21,29.8,23.3,25.7,26.2,26.2,3.52,13.0,17.77,97,74,Kota Kediri,-7.848,112.0172
2020-02-22,29.0,23.8,26.2,3.6,3.6,3.61,12.8,17.94,96,74,Kota Kediri,-7.848,112.0172
2020-02-23,30.2,23.7,26.4,3.8,3.8,3.87,13.3,19.2,98,68,Kota Kediri,-7.848,112.0172
2020-02-24,30.8,24.0,26.6,10.5,10.5,3.9,18.9,19.71,99,68,Kota Kediri,-7.848,112.0172
2020-02-25,28.0,24.0,25.9,11.1,11.1,2.54,9.2,12.58,99,84,Kota Kediri,-7.848,112.0172
2020-02-26,28.0,24.0,25.7,7.6,7.6,2.35,9.0,11.37,99,79,Kota Kediri,-7.848,112.0172
2020-02-27,28.6,23.7,26.1,9.9,9.9,2.74,11.5,13.36,98,78,Kota Kediri,-7.848,112.0172
2020-02-28,28.7,23.8,25.8,4.6,4.6,3.2,7.6,15.76,99,74,Kota Kediri,-7.848,112.0172
2020-02-29,28.4,23.4,25.4,21.0,21.0,2.52,7.6,12.47,100,81,Kota Kediri,-7.848,112.0172
2020-03-01,29.1,24.2,25.7,6.9,6.9,2.56,14.8,12.6,99,76,Kota Kediri,-7.848,112.0172
2020-03-02,29.9,24.2,26.6,14.8,14.8,3.63,14.2,18.18,99,78,Kota Kediri,-7.848,112.0172
2020-03-03,29.4,24.7,26.7,1.7,1.7,2.81,10.2,13.42,98,76,Kota Kediri,-7.848,112.0172
2020-03-04,29.2,24.1,26.4,11.3,11.3,2.75,18.9,13.48,97,78,Kota Kediri,-7.848,112.0172
2020-03-05,29.4,24.0,26.1,3.5,3.5,2.98,8.3,14.2,97,76,Kota Kediri,-7.848,112.0172
2020-03-06,29.3,23.5,26.0,5.5,5.5,3.37,7.4,16.47,96,68,Kota Kediri,-7.848,112.0172
2020-03-07,28.2,22.8,25.2,5.4,5.4,2.98,7.8,14.93,98,76,Kota Kediri,-7.848,112.0172
2020-03-08,28.9,23.0,25.5,7.6,7.6,3.29,6.1,16.22,98,76,Kota Kediri,-7.848,112.0172
2020-03-09,29.1,23.3,25.8,3.2,3.2,2.71,18.1,12.63,98,77,Kota Kediri,-7.848,112.0172
2020-03-10,29.6,23.5,26.1,7.0,7.0,3.68,10.9,17.85,95,71,Kota Kediri,-7.848,112.0172
2020-03-11,31.0,24.1,26.3,27.9,27.9,3.57,20.2,17.82,96,70,Kota Kediri,-7.848,112.0172
2020-03-12,31.0,23.3,26.6,10.0,10.0,3.76,18.8,18.47,98,68,Kota Kediri,-7.848,112.0172
2020-03-13,30.6,23.2,26.2,2.3,2.3,3.67,14.5,17.54,97,64,Kota Kediri,-7.848,112.0172
2020-03-14,31.5,24.0,27.2,0.4,0.4,4.28,11.0,20.43,99,65,Kota Kediri,-7.848,112.0172
2020-03-15,31.1,24.8,27.0,3.7,3.7,4.0,9.0,19.57,97,70,Kota Kediri,-7.848,112.0172
2020-03-16,31.2,23.5,27.0,7.2,7.2,4.49,16.1,21.78,99,65,Kota Kediri,-7.848,112.0172
2020-03-17,31.4,23.2,26.2,25.3,25.3,4.2,8.8,20.52,99,69,Kota Kediri,-7.848,112.0172
2020-03-18,31.0,23.8,26.2,28.1,28.1,3.54,18.2,17.89,98,70,Kota Kediri,-7.848,112.0172
2020-03-19,30.6,23.9,26.1,75.9,75.9,3.52,10.8,17.14,98,70,Kota Kediri,-7.848,112.0172
2020-03-20,31.0,23.6,26.1,63.9,63.9,3.93,10.7,19.47,99,71,Kota Kediri,-7.848,112.0172
2020-03-21,30.3,23.1,26.4,6.7,6.7,4.27,17.1,22.16,99,71,Kota Kediri,-7.848,112.0172
2020-03-22,30.5,24.5,26.8,9.4,9.4,3.94,18.4,20.32,95,72,Kota Kediri,-7.848,112.0172
2020-03-23,30.4,24.1,26.5,1.4,1.4,3.51,10.0,17.11,98,68,Kota Kediri,-7.848,112.0172
2020-03-24,31.0,23.4,26.0,11.8,11.8,3.94,15.9,20.27,100,69,Kota Kediri,-7.848,112.0172
2020-03-25,31.2,23.5,26.6,4.5,4.5,4.19,16.1,20.61,99,68,Kota Kediri,-7.848,112.0172
2020-03-26,31.6,24.9,27.2,4.0,4.0,4.66,12.2,22.53,96,66,Kota Kediri,-7.848,112.0172
2020-03-27,31.0,23.3,26.6,3.6,3.6,3.66,14.4,18.11,97,72,Kota Kediri,-7.848,112.0172
2020-03-28,29.5,24.5,26.4,7.8,7.8,2.91,12.1,14.32,98,77,Kota Kediri,-7.848,112.0172
2020-03-29,30.0,24.0,26.4,8.9,8.9,3.58,10.2,17.95,99,77,Kota Kediri,-7.848,112.0172
2020-03-30,30.1,23.6,26.4,29.1,29.1,3.61,14.8,18.52,99,76,Kota Kediri,-7.848,112.0172
2020-03-31,30.8,23.3,26.0,56.3,56.3,3.53,7.1,17.32,98,66,Kota Kediri,-7.848,112.0172
2020-04-01,30.0,23.9,26.4,7.4,7.4,3.32,11.9,16.61,98,74,Kota Kediri,-7.848,112.0172
2020-04-02,30.6,24.6,26.6,28.7,28.7,3.79,11.5,19.18,95,75,Kota Kediri,-7.848,112.0172
2020-04-03,30.4,24.1,26.5,26.6,26.6,3.91,9.9,19.27,97,71,Kota Kediri,-7.848,112.0172
2020-04-04,30.5,23.8,26.4,11.7,11.7,3.44,13.0,16.57,97,74,Kota Kediri,-7.848,112.0172
2020-04-05,30.6,24.5,26.7,8.7,8.7,3.1,17.5,15.04,99,74,Kota Kediri,-7.848,112.0172
2020-04-06,30.0,24.5,26.2,10.5,10.5,2.8,13.4,13.71,99,74,Kota Kediri,-7.848,112.0172
2020-04-07,30.5,23.8,26.1,13.3,13.3,3.28,13.8,16.23,99,70,Kota Kediri,-7.848,112.0172
2020-04-08,30.1,23.0,26.3,1.0,1.0,3.84,14.4,18.64,98,67,Kota Kediri,-7.848,112.0172
2020-04-09,31.4,22.2,26.9,1.0,1.0,4.73,18.4,22.77,96,64,Kota Kediri,-7.848,112.0172
2020-04-10,31.4,22.8,27.1,1.5,1.5,4.55,17.5,21.38,99,66,Kota Kediri,-7.848,112.0172
2020-04-11,30.2,24.6,26.6,2.3,2.3,3.96,20.6,20.12,95,74,Kota Kediri,-7.848,112.0172
2020-04-12,30.5,23.9,26.6,0.8,0.8,4.16,16.1,19.48,94,66,Kota Kediri,-7.848,112.0172
2020-04-13,30.6,22.6,26.6,8.7,8.7,4.35,7.1,21.51,97,62,Kota Kediri,-7.848,112.0172
2020-04-14,30.4,23.7,26.1,37.2,37.2,3.76,9.7,18.57,99,67,Kota Kediri,-7.848,112.0172
2020-04-15,31.1,23.5,26.7,3.6,3.6,4.03,13.0,20.06,99,67,Kota Kediri,-7.848,112.0172
2020-04-16,31.6,23.6,27.2,1.4,1.4,4.43,12.2,21.75,97,66,Kota Kediri,-7.848,112.0172
2020-04-17,30.5,24.5,26.2,21.2,21.2,2.88,7.7,14.16,97,75,Kota Kediri,-7.848,112.0172
2020-04-18,30.6,23.2,26.2,9.0,9.0,3.54,14.1,18.01,99,74,Kota Kediri,-7.848,112.0172
2020-04-19,29.7,23.5,26.5,5.8,5.8,3.13,12.9,15.94,99,78,Kota Kediri,-7.848,112.0172
2020-04-20,31.0,24.5,27.3,3.4,3.4,3.84,11.4,18.66,97,71,Kota Kediri,-7.848,112.0172
2020-04-21,30.5,24.2,27.1,3.1,3.1,3.85,11.7,19.21,97,74,Kota Kediri,-7.848,112.0172
2020-04-22,31.8,24.2,27.8,1.7,1.7,4.55,11.6,21.5,96,64,Kota Kediri,-7.848,112.0172
2020-04-23,32.0,24.2,27.8,3.3,3.3,4.56,8.9,21.85,97,63,Kota Kediri,-7.848,112.0172
2020-04-24,31.7,24.2,27.5,0.9,0.9,4.62,13.0,21.3,95,59,Kota Kediri,-7.848,112.0172
2020-04-25,31.6,24.9,27.2,8.6,8.6,4.23,15.1,20.3,93,65,Kota Kediri,-7.848,112.0172
2020-04-26,28.8,24.0,26.5,2.9,2.9,2.48,12.4,11.65,97,78,Kota Kediri,-7.848,112.0172
2020-04-27,31.1,24.5,26.8,5.9,5.9,4.1,14.6,20.1,94,66,Kota Kediri,-7.848,112.0172
2020-04-28,30.1,24.4,26.4,8.6,8.6,3.07,14.9,14.91,93,69,Kota Kediri,-7.848,112.0172
2020-04-29,31.0,23.5,26.9,1.4,1.4,4.24,15.6,20.38,96,64,Kota Kediri,-7.848,112.0172
2020-04-30,30.6,24.9,27.0,4.4,4.4,4.05,17.0,19.5,93,64,Kota Kediri,-7.848,112.0172
2020-05-01,30.8,24.6,27.1,0.3,0.3,4.53,17.6,20.66,95,63,Kota Kediri,-7.848,112.0172
2020-05-02,31.0,24.4,27.2,1.1,1.1,4.23,17.4,19.26,88,64,Kota Kediri,-7.848,112.0172
2020-05-03,30.1,22.9,26.6,0.4,0.4,3.33,14.4,16.12,96,67,Kota Kediri,-7.848,112.0172
2020-05-04,31.9,24.1,27.8,0.2,0.2,4.48,12.0,20.97,97,60,Kota Kediri,-7.848,112.0172
2020-05-05,31.6,24.1,27.9,0.6,0.6,4.46,11.6,20.92,95,61,Kota Kediri,-7.848,112.0172
2020-05-06,31.5,24.2,27.5,0.2,0.2,4.55,17.6,20.65,96,61,Kota Kediri,-7.848,112.0172
2020-05-07,32.1,24.8,27.8,0.7,0.7,4.68,18.7,21.08,91,62,Kota Kediri,-7.848,112.0172
2020-05-08,32.3,25.1,27.7,7.0,7.0,4.33,15.8,20.61,95,63,Kota Kediri,-7.848,112.0172
2020-05-09,31.1,24.9,26.9,10.6,10.6,3.32,9.7,16.07,98,70,Kota Kediri,-7.848,112.0172
2020-05-10,31.5,24.8,27.4,3.4,3.4,4.0,16.6,19.17,94,62,Kota Kediri,-7.848,112.0172
2020-05-11,30.4,24.4,27.1,0.6,0.6,3.68,16.4,16.95,96,67,Kota Kediri,-7.848,112.0172
2020-05-12,31.6,25.0,27.4,0.8,0.8,4.41,19.5,19.28,90,60,Kota Kediri,-7.848,112.0172
2020-05-13,30.9,24.5,27.1,0.6,0.6,4.56,16.6,20.61,91,62,Kota Kediri,-7.848,112.0172
2020-05-14,30.7,24.6,26.9,0.4,0.4,4.48,20.9,19.19,86,64,Kota Kediri,-7.848,112.0172
2020-05-15,31.9,24.8,27.2,0.9,0.9,4.72,21.6,20.55,87,60,Kota Kediri,-7.848,112.0172
2020-05-16,31.4,25.1,27.4,1.0,1.0,4.53,23.0,19.29,87,65,Kota Kediri,-7.848,112.0172
2020-05-17,30.5,25.4,27.0,8.2,8.2,4.04,22.9,18.54,88,69,Kota Kediri,-7.848,112.0172
2020-05-18,30.5,25.2,26.8,13.2,13.2,3.54,22.1,16.33,96,71,Kota Kediri,-7.848,112.0172
2020-05-19,30.8,24.5,26.6,2.1,2.1,3.32,18.6,15.64,97,68,Kota Kediri,-7.848,112.0172
2020-05-20,30.9,24.2,26.7,4.3,4.3,3.27,14.2,15.4,94,69,Kota Kediri,-7.848,112.0172
2020-05-21,28.9,24.3,26.6,1.9,1.9,2.67,24.5,11.11,98,76,Kota Kediri,-7.848,112.0172
2020-05-22,31.5,24.5,27.3,0.0,0.0,4.06,16.7,18.26,95,61,Kota Kediri,-7.848,112.0172
2020-05-23,32.2,23.8,27.8,0.0,0.0,4.59,18.4,20.24,96,59,Kota Kediri,-7.848,112.0172
2020-05-24,31.6,24.4,27.6,0.0,0.0,4.64,19.5,20.42,90,63,Kota Kediri,-7.848,112.0172
2020-05-25,31.9,23.6,27.5,0.6,0.6,3.99,14.3,18.76,97,61,Kota Kediri,-7.848,112.0172
2020-05-26,29.8,24.9,26.6,3.9,3.9,2.75,16.5,13.05,96,76,Kota Kediri,-7.848,112.0172
2020-05-27,28.0,24.6,25.8,3.3,3.3,2.36,16.5,11.77,96,81,Kota Kediri,-7.848,112.0172
2020-05-28,29.3,23.6,25.6,10.6,10.6,2.5,17.4,12.65,97,74,Kota Kediri,-7.848,112.0172
2020-05-29,30.1,23.6,26.1,4.0,4.0,3.05,15.6,14.21,97,68,Kota Kediri,-7.848,112.0172
2020-05-30,31.0,23.9,26.4,6.6,6.6,3.93,20.7,19.65,97,66,Kota Kediri,-7.848,112.0172
2020-05-31,30.0,24.9,26.2,17.8,17.8,2.81,17.3,13.7,96,75,Kota Kediri,-7.848,112.0172
2020-06-01,29.0,24.2,26.5,10.6,10.6,3.03,18.7,13.82,95,75,Kota Kediri,-7.848,112.0172
2020-06-02,28.8,24.3,26.4,0.1,0.1,2.55,14.7,11.38,96,69,Kota Kediri,-7.848,112.0172
2020-06-03,30.6,23.0,26.7,1.2,1.2,3.86,10.5,18.86,99,65,Kota Kediri,-7.848,112.0172
2020-06-04,30.6,23.5,26.3,1.4,1.4,4.25,17.1,19.44,90,60,Kota Kediri,-7.848,112.0172
2020-06-05,29.4,23.8,26.0,0.9,0.9,3.98,21.7,17.52,87,68,Kota Kediri,-7.848,112.0172
2020-06-06,28.1,24.0,25.7,1.2,1.2,3.39,22.7,16.45,90,79,Kota Kediri,-7.848,112.0172
2020-06-07,30.0,23.9,26.2,0.9,0.9,3.71,17.3,16.74,90,69,Kota Kediri,-7.848,112.0172
2020-06-08,29.3,23.5,26.1,0.3,0.3,3.75,20.2,17.0,90,71,Kota Kediri,-7.848,112.0172
2020-06-09,29.4,23.5,25.9,0.0,0.0,3.73,19.4,16.27,91,66,Kota Kediri,-7.848,112.0172
2020-06-10,30.1,22.6,26.0,0.0,0.0,4.45,18.2,20.25,88,61,Kota Kediri,-7.848,112.0172
2020-06-11,30.0,22.0,25.9,0.0,0.0,4.04,17.9,18.45,96,60,Kota Kediri,-7.848,112.0172
2020-06-12,30.4,22.5,25.9,0.0,0.0,4.41,20.4,20.62,95,60,Kota Kediri,-7.848,112.0172
2020-06-13,31.0,22.9,26.5,0.0,0.0,4.49,19.4,20.33,92,60,Kota Kediri,-7.848,112.0172
2020-06-14,29.0,24.5,26.1,11.0,11.0,2.78,18.6,12.77,93,75,Kota Kediri,-7.848,112.0172
2020-06-15,30.4,24.0,26.5,6.2,6.2,3.38,17.8,16.63,97,69,Kota Kediri,-7.848,112.0172
2020-06-16,30.9,23.8,26.7,0.8,0.8,4.09,16.4,18.9,97,62,Kota Kediri,-7.848,112.0172
2020-06-17,29.8,24.1,26.4,2.9,2.9,3.92,21.3,18.41,95,68,Kota Kediri,-7.848,112.0172
2020-06-18,30.4,24.5,26.3,3.1,3.1,3.8,21.7,17.11,90,70,Kota Kediri,-7.848,112.0172
2020-06-19,29.4,24.2,26.2,0.8,0.8,4.03,23.8,16.8,91,65,Kota Kediri,-7.848,112.0172
2020-06-20,30.9,24.1,26.4,0.7,0.7,4.44,24.0,18.14,86,59,Kota Kediri,-7.848,112.0172
2020-06-21,30.3,24.2,26.4,1.1,1.1,4.19,21.6,17.48,87,62,Kota Kediri,-7.848,112.0172
2020-06-22,30.7,24.0,26.4,0.6,0.6,4.09,19.0,17.17,91,59,Kota Kediri,-7.848,112.0172
2020-06-23,31.0,23.8,26.4,0.3,0.3,4.44,22.4,18.39,87,55,Kota Kediri,-7.848,112.0172
2020-06-24,30.4,23.8,26.1,0.7,0.7,4.4,22.7,18.61,88,58,Kota Kediri,-7.848,112.0172
2020-06-25,30.3,23.1,25.9,0.0,0.0,4.95,21.8,20.0,83,55,Kota Kediri,-7.848,112.0172
2020-06-26,30.0,22.5,25.7,0.0,0.0,4.43,19.8,18.94,91,56,Kota Kediri,-7.848,112.0172
2020-06-27,30.4,22.2,25.8,0.0,0.0,4.45,19.4,19.85,97,57,Kota Kediri,-7.848,112.0172
2020-06-28,30.8,23.2,26.1,0.0,0.0,4.32,19.8,18.8,91,56,Kota Kediri,-7.848,112.0172
2020-06-29,30.2,23.7,26.1,0.3,0.3,4.24,22.7,17.6,91,58,Kota Kediri,-7.848,112.0172
2020-06-30,30.4,23.4,26.0,0.0,0.0,4.51,22.7,18.84,91,56,Kota Kediri,-7.848,112.0172
2020-07-01,30.6,23.1,26.1,0.3,0.3,4.5,22.2,18.12,89,56,Kota Kediri,-7.848,112.0172
2020-07-02,30.8,23.4,26.1,1.6,1.6,4.19,22.4,17.1,90,56,Kota Kediri,-7.848,112.0172
2020-07-03,30.8,23.3,26.1,0.0,0.0,4.94,25.9,20.11,90,49,Kota Kediri,-7.848,112.0172
2020-07-04,32.7,23.2,26.6,0.0,0.0,4.76,22.8,20.0,89,41,Kota Kediri,-7.848,112.0172
2020-07-05,31.9,21.8,26.3,0.5,0.5,4.61,18.9,19.81,96,48,Kota Kediri,-7.848,112.0172
2020-07-06,30.5,23.8,25.7,21.9,21.9,3.12,20.3,12.37,93,61,Kota Kediri,-7.848,112.0172
2020-07-07,29.4,23.9,25.7,1.6,1.6,3.42,22.6,12.47,89,65,Kota Kediri,-7.848,112.0172
2020-07-08,30.1,23.4,25.8,0.5,0.5,4.41,23.1,18.35,89,57,Kota Kediri,-7.848,112.0172
2020-07-09,30.1,23.4,26.0,0.4,0.4,4.43,25.2,18.03,89,59,Kota Kediri,-7.848,112.0172
2020-07-10,29.9,23.5,25.9,0.1,0.1,4.5,24.0,17.88,85,59,Kota Kediri,-7.848,112.0172
2020-07-11,30.9,23.5,26.2,0.0,0.0,4.63,23.4,18.59,89,56,Kota Kediri,-7.848,112.0172
2020-07-12,29.5,23.5,26.1,0.0,0.0,3.98,22.2,16.61,90,63,Kota Kediri,-7.848,112.0172
2020-07-13,31.5,23.5,26.5,0.3,0.3,4.44,22.5,19.07,90,54,Kota Kediri,-7.848,112.0172
2020-07-14,30.8,23.8,26.6,1.5,1.5,4.36,20.4,18.32,89,57,Kota Kediri,-7.848,112.0172
2020-07-15,30.2,22.9,26.0,1.9,1.9,3.57,15.9,16.78,96,62,Kota Kediri,-7.848,112.0172
2020-07-16,31.7,23.2,26.6,0.0,0.0,4.22,17.9,18.59,96,55,Kota Kediri,-7.848,112.0172
2020-07-17,31.7,22.3,26.1,0.0,0.0,4.6,24.4,20.45,100,54,Kota Kediri,-7.848,112.0172
2020-07-18,31.0,23.2,26.0,0.0,0.0,4.54,22.2,19.1,93,51,Kota Kediri,-7.848,112.0172
2020-07-19,31.8,22.8,26.1,1.1,1.1,4.58,26.5,19.65,91,54,Kota Kediri,-7.848,112.0172
2020-07-20,31.5,23.5,26.6,0.3,0.3,4.45,20.9,18.14,91,53,Kota Kediri,-7.848,112.0172
2020-07-21,30.5,24.0,26.7,1.4,1.4,4.23,20.0,17.24,90,58,Kota Kediri,-7.848,112.0172
2020-07-22,31.2,23.6,26.7,0.8,0.8,4.44,22.8,18.26,90,55,Kota Kediri,-7.848,112.0172
2020-07-23,30.9,23.4,26.4,0.0,0.0,5.21,23.9,20.65,91,49,Kota Kediri,-7.848,112.0172
2020-07-24,32.2,22.5,26.1,0.0,0.0,5.44,26.8,20.19,89,42,Kota Kediri,-7.848,112.0172
2020-07-25,30.5,21.7,25.4,0.0,0.0,6.02,23.7,22.05,82,40,Kota Kediri,-7.848,112.0172
2020-07-26,31.1,22.1,25.6,0.0,0.0,5.74,23.9,21.64,78,44,Kota Kediri,-7.848,112.0172
2020-07-27,30.5,22.0,25.6,0.0,0.0,5.09,24.8,19.06,85,47,Kota Kediri,-7.848,112.0172
2020-07-28,30.2,22.8,25.7,0.0,0.0,4.97,27.0,18.83,88,49,Kota Kediri,-7.848,112.0172
2020-07-29,30.0,21.8,25.1,0.0,0.0,5.64,25.2,21.64,89,39,Kota Kediri,-7.848,112.0172
2020-07-30,31.2,20.5,24.7,0.0,0.0,5.64,25.4,22.65,83,40,Kota Kediri,-7.848,112.0172
2020-07-31,29.2,22.1,25.1,0.0,0.0,4.56,25.6,18.42,90,57,Kota Kediri,-7.848,112.0172
2020-08-01,31.5,22.9,25.9,0.0,0.0,5.28,26.0,20.17,85,45,Kota Kediri,-7.848,112.0172
2020-08-02,30.6,21.9,25.1,0.0,0.0,5.57,26.0,22.05,87,44,Kota Kediri,-7.848,112.0172
2020-08-03,32.7,20.9,25.6,0.0,0.0,4.99,22.0,20.56,93,42,Kota Kediri,-7.848,112.0172
2020-08-04,28.0,22.5,25.0,0.2,0.2,2.92,22.7,9.97,88,65,Kota Kediri,-7.848,112.0172
2020-08-05,31.2,23.0,26.1,0.0,0.0,4.74,25.1,17.62,91,49,Kota Kediri,-7.848,112.0172
2020-08-06,31.9,22.5,26.1,0.0,0.0,5.75,24.3,21.78,87,42,Kota Kediri,-7.848,112.0172
2020-08-07,31.5,22.2,25.6,0.0,0.0,4.56,25.0,17.07,88,48,Kota Kediri,-7.848,112.0172
2020-08-08,31.9,22.4,25.9,0.1,0.1,4.54,25.7,17.79,88,48,Kota Kediri,-7.848,112.0172
2020-08-09,33.7,22.1,26.7,0.0,0.0,5.07,21.7,20.87,96,42,Kota Kediri,-7.848,112.0172
2020-08-10,34.0,21.6,26.7,0.0,0.0,5.1,22.7,21.65,96,40,Kota Kediri,-7.848,112.0172
2020-08-11,33.3,23.9,26.7,8.3,8.3,4.4,21.3,19.08,94,48,Kota Kediri,-7.848,112.0172
2020-08-12,30.4,23.9,26.3,4.7,4.7,3.09,19.0,13.52,98,61,Kota Kediri,-7.848,112.0172
2020-08-13,29.5,24.4,26.2,1.2,1.2,4.03,24.1,18.0,90,66,Kota Kediri,-7.848,112.0172
2020-08-14,31.4,23.7,26.4,2.5,2.5,4.38,21.0,19.95,94,57,Kota Kediri,-7.848,112.0172
2020-08-15,32.5,23.5,27.0,0.2,0.2,4.72,19.8,20.43,94,53,Kota Kediri,-7.848,112.0172
2020-08-16,31.1,23.4,26.5,1.4,1.4,4.31,20.3,19.2,99,63,Kota Kediri,-7.848,112.0172
2020-08-17,31.6,23.5,26.6,0.9,0.9,5.03,23.2,20.4,89,52,Kota Kediri,-7.848,112.0172
2020-08-18,31.5,23.6,26.6,0.0,0.0,5.5,25.6,20.64,86,48,Kota Kediri,-7.848,112.0172
2020-08-19,31.8,22.9,26.3,0.0,0.0,5.13,24.3,20.08,89,47,Kota Kediri,-7.848,112.0172
2020-08-20,31.9,23.4,26.6,1.2,1.2,5.0,19.7,20.38,85,47,Kota Kediri,-7.848,112.0172
2020-08-21,34.8,22.0,27.3,0.0,0.0,5.2,17.6,23.59,96,33,Kota Kediri,-7.848,112.0172
2020-08-22,33.5,22.1,26.9,0.0,0.0,5.5,24.0,23.08,96,44,Kota Kediri,-7.848,112.0172
2020-08-23,34.5,24.0,27.4,0.5,0.5,5.54,26.0,22.38,91,45,Kota Kediri,-7.848,112.0172
2020-08-24,33.0,23.4,27.0,0.0,0.0,5.36,23.1,21.46,87,45,Kota Kediri,-7.848,112.0172
2020-08-25,33.8,23.4,27.2,0.5,0.5,5.82,25.7,22.52,87,41,Kota Kediri,-7.848,112.0172
2020-08-26,32.3,23.3,26.8,0.0,0.0,6.44,29.9,22.78,88,43,Kota Kediri,-7.848,112.0172
2020-08-27,33.3,23.0,26.8,0.0,0.0,6.18,25.9,23.12,80,38,Kota Kediri,-7.848,112.0172
2020-08-28,31.8,23.4,26.7,1.5,1.5,5.33,24.6,21.55,86,50,Kota Kediri,-7.848,112.0172
2020-08-29,33.4,23.6,27.3,0.0,0.0,6.05,25.6,22.17,88,45,Kota Kediri,-7.848,112.0172
2020-08-30,32.5,23.0,26.9,0.1,0.1,6.04,24.8,22.26,83,46,Kota Kediri,-7.848,112.0172
2020-08-31,32.3,22.9,26.7,0.0,0.0,5.76,27.4,21.12,85,44,Kota Kediri,-7.848,112.0172
2020-09-01,32.2,23.6,26.8,0.7,0.7,5.33,24.7,20.57,86,48,Kota Kediri,-7.848,112.0172
2020-09-02,31.3,23.5,26.8,1.4,1.4,5.21,24.3,20.68,92,54,Kota Kediri,-7.848,112.0172
2020-09-03,32.0,23.9,26.6,4.7,4.7,4.56,23.9,19.24,92,57,Kota Kediri,-7.848,112.0172
2020-09-04,31.9,23.9,26.9,6.1,6.1,5.04,23.7,21.42,94,53,Kota Kediri,-7.848,112.0172
2020-09-05,31.8,23.8,26.6,0.3,0.3,5.62,26.0,22.98,88,52,Kota Kediri,-7.848,112.0172
2020-09-06,31.5,23.4,26.6,0.0,0.0,5.36,24.0,21.67,89,50,Kota Kediri,-7.848,112.0172
2020-09-07,31.4,23.8,26.5,0.6,0.6,5.03,26.5,20.71,90,52,Kota Kediri,-7.848,112.0172
2020-09-08,32.5,24.1,27.2,0.1,0.1,5.72,25.3,22.92,88,49,Kota Kediri,-7.848,112.0172
2020-09-09,32.2,23.8,27.1,0.3,0.3,5.33,24.8,20.96,88,50,Kota Kediri,-7.848,112.0172
2020-09-10,31.8,24.0,26.9,0.0,0.0,5.44,24.8,20.46,91,49,Kota Kediri,-7.848,112.0172
2020-09-11,33.0,23.3,27.1,0.0,0.0,5.95,26.6,22.33,86,41,Kota Kediri,-7.848,112.0172
2020-09-12,32.7,23.1,26.9,0.1,0.1,5.95,27.4,23.11,89,41,Kota Kediri,-7.848,112.0172
2020-09-13,32.4,23.2,26.9,0.1,0.1,5.9,27.7,22.91,90,45,Kota Kediri,-7.848,112.0172
2020-09-14,33.2,23.2,26.8,0.2,0.2,5.88,26.6,22.77,89,39,Kota Kediri,-7.848,112.0172
2020-09-15,33.2,22.9,26.9,0.0,0.0,6.31,24.9,24.39,88,37,Kota Kediri,-7.848,112.0172
2020-09-16,31.7,22.2,26.2,1.2,1.2,5.8,24.4,23.58,88,43,Kota Kediri,-7.848,112.0172
2020-09-17,33.2,22.2,27.1,0.8,0.8,6.04,22.5,24.63,93,40,Kota Kediri,-7.848,112.0172
2020-09-18,34.7,22.6,27.7,0.4,0.4,5.91,20.2,24.36,97,41,Kota Kediri,-7.848,112.0172
2020-09-19,35.8,23.5,28.5,0.1,0.1,6.0,24.9,24.42,94,34,Kota Kediri,-7.848,112.0172
2020-09-20,36.8,24.3,28.6,0.7,0.7,5.98,26.0,24.57,95,29,Kota Kediri,-7.848,112.0172
2020-09-21,33.0,24.4,27.5,3.7,3.7,5.76,26.8,23.35,91,47,Kota Kediri,-7.848,112.0172
2020-09-22,30.5,24.0,26.4,3.5,3.5,4.33,25.1,19.22,92,63,Kota Kediri,-7.848,112.0172
2020-09-23,32.8,23.9,27.6,0.4,0.4,5.35,24.3,21.04,94,49,Kota Kediri,-7.848,112.0172
2020-09-24,32.4,24.2,27.5,0.4,0.4,5.79,25.4,23.49,94,49,Kota Kediri,-7.848,112.0172
2020-09-25,33.8,24.0,27.8,0.1,0.1,5.75,25.5,22.19,91,45,Kota Kediri,-7.848,112.0172
2020-09-26,34.3,24.5,27.8,1.4,1.4,5.88,26.0,22.68,88,45,Kota Kediri,-7.848,112.0172
2020-09-27,34.1,24.5,28.1,0.1,0.1,6.42,27.2,23.18,84,41,Kota Kediri,-7.848,112.0172
2020-09-28,33.0,24.0,27.8,0.5,0.5,6.19,28.1,23.0,89,46,Kota Kediri,-7.848,112.0172
2020-09-29,30.5,23.7,26.5,2.0,2.0,5.18,27.7,21.92,90,61,Kota Kediri,-7.848,112.0172
2020-09-30,32.0,23.5,26.9,4.4,4.4,5.24,23.0,22.23,88,50,Kota Kediri,-7.848,112.0172
2020-10-01,34.8,24.1,28.0,1.3,1.3,6.02,24.0,24.33,90,43,Kota Kediri,-7.848,112.0172
2020-10-02,34.1,25.0,28.2,0.7,0.7,6.01,25.3,23.18,85,46,Kota Kediri,-7.848,112.0172
2020-10-03,31.6,24.2,27.0,1.4,1.4,5.12,27.9,21.88,91,59,Kota Kediri,-7.848,112.0172
2020-10-04,30.6,24.0,26.3,1.8,1.8,4.94,28.8,21.56,92,59,Kota Kediri,-7.848,112.0172
2020-10-05,29.4,23.4,25.8,0.5,0.5,4.27,27.2,17.52,89,62,Kota Kediri,-7.848,112.0172
2020-10-06,31.1,23.6,26.8,0.5,0.5,5.78,28.1,21.82,87,51,Kota Kediri,-7.848,112.0172
2020-10-07,32.2,24.2,27.2,0.0,0.0,5.7,25.5,19.76,83,45,Kota Kediri,-7.848,112.0172
2020-10-08,31.2,23.8,26.9,0.4,0.4,5.56,25.5,20.89,86,53,Kota Kediri,-7.848,112.0172
2020-10-09,33.8,23.5,27.6,0.2,0.2,6.07,21.7,23.36,88,42,Kota Kediri,-7.848,112.0172
2020-10-10,29.5,24.4,25.9,37.2,37.2,3.46,23.5,15.92,93,67,Kota Kediri,-7.848,112.0172
2020-10-11,32.0,24.2,27.2,1.8,1.8,5.01,20.0,22.41,94,58,Kota Kediri,-7.848,112.0172
2020-10-12,31.1,24.4,26.8,5.4,5.4,4.32,20.2,18.13,92,58,Kota Kediri,-7.848,112.0172
2020-10-13,31.7,24.4,27.0,0.9,0.9,5.28,22.7,22.25,88,55,Kota Kediri,-7.848,112.0172
2020-10-14,32.2,24.3,27.4,0.7,0.7,5.54,22.5,24.0,92,57,Kota Kediri,-7.848,112.0172
2020-10-15,30.9,24.2,27.0,1.5,1.5,5.09,23.9,22.19,92,59,Kota Kediri,-7.848,112.0172
2020-10-16,30.5,23.9,26.7,0.9,0.9,4.54,24.7,19.35,94,64,Kota Kediri,-7.848,112.0172
2020-10-17,32.3,24.0,27.1,0.0,0.0,5.53,23.5,22.81,91,49,Kota Kediri,-7.848,112.0172
2020-10-18,31.0,24.0,26.5,1.9,1.9,4.36,19.8,18.27,86,59,Kota Kediri,-7.848,112.0172
2020-10-19,29.5,24.3,26.0,20.2,20.2,3.18,22.5,13.38,94,67,Kota Kediri,-7.848,112.0172
2020-10-20,31.6,23.5,26.6,7.3,7.3,3.84,15.0,17.78,96,58,Kota Kediri,-7.848,112.0172
2020-10-21,31.5,23.6,26.4,20.0,20.0,3.67,17.7,17.35,98,63,Kota Kediri,-7.848,112.0172
2020-10-22,32.2,23.9,27.0,4.8,4.8,4.88,17.9,22.72,96,59,Kota Kediri,-7.848,112.0172
2020-10-23,30.9,23.9,26.6,7.0,7.0,4.08,19.6,18.61,96,64,Kota Kediri,-7.848,112.0172
2020-10-24,31.5,23.8,27.0,2.0,2.0,4.68,19.4,20.92,94,62,Kota Kediri,-7.848,112.0172
2020-10-25,30.9,24.0,26.7,15.2,15.2,4.44,21.0,21.37,95,68,Kota Kediri,-7.848,112.0172
2020-10-26,30.9,24.0,26.4,8.7,8.7,4.11,18.9,19.95,95,69,Kota Kediri,-7.848,112.0172
2020-10-27,27.6,23.9,25.1,54.7,54.7,2.44,18.9,12.31,96,77,Kota Kediri,-7.848,112.0172
2020-10-28,30.8,23.6,26.4,1.6,1.6,4.89,20.7,23.74,93,64,Kota Kediri,-7.848,112.0172
2020-10-29,30.5,23.6,26.6,2.2,2.2,4.55,18.6,22.58,93,67,Kota Kediri,-7.848,112.0172
2020-10-30,31.9,24.1,26.8,7.4,7.4,4.09,15.1,19.31,98,61,Kota Kediri,-7.848,112.0172
2020-10-31,29.5,24.2,25.6,18.1,18.1,2.86,15.0,14.0,98,73,Kota Kediri,-7.848,112.0172
2020-11-01,28.6,23.1,25.2,37.6,37.6,2.58,17.6,12.69,99,73,Kota Kediri,-7.848,112.0172
2020-11-02,30.1,23.8,25.9,19.9,19.9,3.28,20.9,15.69,96,70,Kota Kediri,-7.848,112.0172
2020-11-03,30.4,23.6,25.8,23.8,23.8,3.68,11.1,18.37,98,69,Kota Kediri,-7.848,112.0172
2020-11-04,32.1,23.4,27.0,0.9,0.9,5.02,17.4,23.4,98,57,Kota Kediri,-7.848,112.0172
2020-11-05,31.8,24.5,27.0,3.8,3.8,4.74,17.0,22.68,93,62,Kota Kediri,-7.848,112.0172
2020-11-06,32.2,24.5,27.4,1.1,1.1,5.11,17.3,23.89,93,60,Kota Kediri,-7.848,112.0172
2020-11-07,31.8,24.8,27.5,0.0,0.0,5.45,20.5,25.02,93,60,Kota Kediri,-7.848,112.0172
2020-11-08,31.5,24.1,27.1,1.2,1.2,5.03,16.1,23.59,93,61,Kota Kediri,-7.848,112.0172
2020-11-09,30.8,23.7,27.1,0.2,0.2,5.04,21.3,23.31,93,66,Kota Kediri,-7.848,112.0172
2020-11-10,31.0,24.2,27.1,1.6,1.6,5.33,22.5,23.87,91,62,Kota Kediri,-7.848,112.0172
2020-11-11,31.1,24.5,26.8,7.5,7.5,4.66,22.3,21.72,88,68,Kota Kediri,-7.848,112.0172
2020-11-12,32.8,24.4,28.0,0.8,0.8,5.16,15.6,23.41,95,55,Kota Kediri,-7.848,112.0172
2020-11-13,32.2,23.9,27.3,4.0,4.0,4.83,19.9,22.87,98,60,Kota Kediri,-7.848,112.0172
2020-11-14,31.1,25.1,27.5,6.9,6.9,4.79,19.5,22.41,90,70,Kota Kediri,-7.848,112.0172
2020-11-15,29.9,24.2,26.5,15.6,15.6,3.68,19.6,17.23,92,76,Kota Kediri,-7.848,112.0172
2020-11-16,31.4,24.7,27.6,2.8,2.8,5.04,20.2,22.94,92,65,Kota Kediri,-7.848,112.0172
2020-11-17,31.4,24.8,27.3,3.8,3.8,5.12,22.0,22.59,89,58,Kota Kediri,-7.848,112.0172
2020-11-18,31.4,24.6,27.4,1.2,1.2,5.1,22.3,22.95,89,63,Kota Kediri,-7.848,112.0172
2020-11-19,32.0,24.5,27.1,20.6,20.6,4.37,18.3,20.44,93,65,Kota Kediri,-7.848,112.0172
2020-11-20,30.4,23.9,26.1,19.4,19.4,2.77,18.4,13.4,97,69,Kota Kediri,-7.848,112.0172
2020-11-21,31.4,23.4,26.9,1.5,1.5,4.23,15.8,19.23,96,64,Kota Kediri,-7.848,112.0172
2020-11-22,28.7,23.9,25.8,7.5,7.5,2.84,17.4,14.11,96,78,Kota Kediri,-7.848,112.0172
2020-11-23,29.9,24.0,25.9,10.2,10.2,3.0,17.3,14.66,97,72,Kota Kediri,-7.848,112.0172
2020-11-24,28.4,24.3,25.8,2.7,2.7,3.02,24.3,15.03,96,74,Kota Kediri,-7.848,112.0172
2020-11-25,29.7,24.4,26.5,1.0,1.0,3.75,20.2,16.67,92,66,Kota Kediri,-7.848,112.0172
2020-11-26,31.0,23.9,26.8,1.4,1.4,4.25,14.8,18.9,96,56,Kota Kediri,-7.848,112.0172
2020-11-27,29.1,24.3,25.8,10.2,10.2,2.43,18.7,10.77,95,70,Kota Kediri,-7.848,112.0172
2020-11-28,29.5,23.9,26.2,7.6,7.6,2.77,13.4,13.13,97,71,Kota Kediri,-7.848,112.0172
2020-11-29,27.9,24.2,25.5,17.8,17.8,2.0,9.4,9.33,96,77,Kota Kediri,-7.848,112.0172
2020-11-30,25.8,23.1,24.3,11.6,11.6,1.36,17.7,5.64,94,84,Kota Kediri,-7.848,112.0172
2020-12-01,31.1,22.6,26.5,0.1,0.1,4.98,17.5,23.18,92,55,Kota Kediri,-7.848,112.0172
2020-12-02,29.8,23.4,26.1,5.7,5.7,2.85,9.4,13.54,97,68,Kota Kediri,-7.848,112.0172
2020-12-03,30.0,23.9,25.8,11.3,11.3,3.09,15.4,14.83,98,74,Kota Kediri,-7.848,112.0172
2020-12-04,29.5,24.0,26.0,5.6,5.6,2.98,19.5,13.82,96,72,Kota Kediri,-7.848,112.0172
2020-12-05,29.0,23.2,25.3,23.5,23.5,2.65,14.1,12.65,97,73,Kota Kediri,-7.848,112.0172
2020-12-06,28.5,24.1,25.5,14.8,14.8,2.38,25.4,11.93,97,76,Kota Kediri,-7.848,112.0172
2020-12-07,26.0,23.6,24.6,21.4,21.4,1.41,22.7,7.24,96,91,Kota Kediri,-7.848,112.0172
2020-12-08,31.8,23.8,26.8,9.5,9.5,4.48,26.3,20.85,96,58,Kota Kediri,-7.848,112.0172
2020-12-09,28.8,23.9,25.8,6.3,6.3,2.69,23.9,12.82,97,76,Kota Kediri,-7.848,112.0172
2020-12-10,29.2,23.5,25.7,21.2,21.2,2.65,17.2,13.24,99,80,Kota Kediri,-7.848,112.0172
2020-12-11,29.8,24.1,25.8,23.2,23.2,2.82,15.7,13.61,97,72,Kota Kediri,-7.848,112.0172
2020-12-12,26.9,23.1,24.7,35.2,35.2,2.08,6.4,10.18,97,83,Kota Kediri,-7.848,112.0172
2020-12-13,28.7,23.1,25.1,46.9,46.9,2.47,11.2,11.74,96,72,Kota Kediri,-7.848,112.0172
2020-12-14,28.0,23.4,24.8,17.2,17.2,1.93,14.8,9.35,96,82,Kota Kediri,-7.848,112.0172
2020-12-15,28.1,23.7,25.2,13.7,13.7,2.39,18.7,12.2,96,80,Kota Kediri,-7.848,112.0172
2020-12-16,29.0,23.8,25.5,6.4,6.4,2.85,20.2,13.99,94,76,Kota Kediri,-7.848,112.0172
2020-12-17,28.9,23.5,25.4,16.0,16.0,2.72,16.2,13.0,94,75,Kota Kediri,-7.848,112.0172
2020-12-18,28.4,23.3,25.5,3.7,3.7,3.08,13.9,14.55,94,75,Kota Kediri,-7.848,112.0172
2020-12-19,28.5,23.4,25.4,3.4,3.4,3.0,20.8,14.04,94,71,Kota Kediri,-7.848,112.0172
2020-12-20,29.6,23.2,26.0,0.0,0.0,3.95,21.3,17.43,92,65,Kota Kediri,-7.848,112.0172
2020-12-21,30.6,22.9,26.5,0.3,0.3,4.82,20.1,21.62,87,62,Kota Kediri,-7.848,112.0172
2020-12-22,32.1,24.0,27.0,0.6,0.6,5.13,19.7,22.55,90,55,Kota Kediri,-7.848,112.0172
2020-12-23,30.0,24.5,26.8,0.0,0.0,4.97,23.8,23.16,91,64,Kota Kediri,-7.848,112.0172
2020-12-24,30.8,23.5,26.8,0.0,0.0,4.67,18.8,21.34,93,61,Kota Kediri,-7.848,112.0172
2020-12-25,30.3,23.5,26.3,18.9,18.9,3.93,15.5,19.16,95,65,Kota Kediri,-7.848,112.0172
2020-12-26,29.6,23.8,26.3,1.9,1.9,3.64,11.4,17.73,99,63,Kota Kediri,-7.848,112.0172
2020-12-27,28.5,24.1,26.2,7.2,7.2,3.19,15.6,15.34,96,72,Kota Kediri,-7.848,112.0172
2020-12-28,29.4,23.8,26.1,12.9,12.9,3.31,13.4,16.09,96,71,Kota Kediri,-7.848,112.0172
2020-12-29,28.3,23.2,25.3,10.5,10.5,2.64,9.0,12.8,99,77,Kota Kediri,-7.848,112.0172
2020-12-30,28.2,23.4,25.3,15.6,15.6,2.7,22.4,13.51,98,78,Kota Kediri,-7.848,112.0172
2020-12-31,27.1,23.0,24.6,18.6,18.6,2.24,8.4,10.99,97,75,Kota Kediri,-7.848,112.0172
2021-01-01,28.5,23.1,25.5,3.2,3.2,2.79,10.0,13.61,97,72,Kota Kediri,-7.848,112.0172
2021-01-02,28.1,23.8,25.6,4.9,4.9,3.04,15.7,14.29,96,76,Kota Kediri,-7.848,112.0172
2021-01-03,30.2,23.2,25.9,5.5,5.5,3.29,18.4,15.13,94,71,Kota Kediri,-7.848,112.0172
2021-01-04,27.8,23.8,25.7,4.7,4.7,2.48,13.2,11.79,94,77,Kota Kediri,-7.848,112.0172
2021-01-05,28.6,23.1,25.0,12.2,12.2,2.41,6.9,11.61,96,73,Kota Kediri,-7.848,112.0172
2021-01-06,27.9,23.2,25.4,13.8,13.8,2.67,9.9,13.02,99,77,Kota Kediri,-7.848,112.0172
2021-01-07,28.6,23.3,25.4,11.2,11.2,2.49,11.9,12.05,97,76,Kota Kediri,-7.848,112.0172
2021-01-08,29.0,24.0,25.9,2.8,2.8,2.39,16.0,10.8,96,73,Kota Kediri,-7.848,112.0172
2021-01-09,28.2,23.8,25.5,6.9,6.9,2.92,21.3,14.96,94,78,Kota Kediri,-7.848,112.0172
2021-01-10,26.1,23.8,24.7,40.4,40.4,1.06,10.4,4.73,97,86,Kota Kediri,-7.848,112.0172
2021-01-11,29.5,23.9,25.8,16.7,16.7,3.28,12.6,16.62,98,74,Kota Kediri,-7.848,112.0172
2021-01-12,29.5,23.7,26.1,9.6,9.6,3.36,7.2,16.3,99,69,Kota Kediri,-7.848,112.0172
2021-01-13,27.6,24.2,25.6,8.0,8.0,1.99,20.8,9.17,94,80,Kota Kediri,-7.848,112.0172
2021-01-14,29.5,24.4,26.2,0.6,0.6,3.46,22.7,15.38,94,65,Kota Kediri,-7.848,112.0172
2021-01-15,28.8,23.9,25.8,4.8,4.8,3.01,22.3,14.12,92,74,Kota Kediri,-7.848,112.0172
2021-01-16,26.9,23.3,24.9,13.9,13.9,1.36,16.7,5.95,95,84,Kota Kediri,-7.848,112.0172
2021-01-17,27.5,22.5,24.8,20.9,20.9,2.51,10.7,12.2,98,81,Kota Kediri,-7.848,112.0172
2021-01-18,27.5,23.0,24.7,18.6,18.6,2.47,13.4,12.59,99,77,Kota Kediri,-7.848,112.0172
2021-01-19,28.4,23.4,25.1,15.6,15.6,2.35,20.4,11.1,99,72,Kota Kediri,-7.848,112.0172
2021-01-20,28.0,23.2,25.3,0.8,0.8,2.4,11.5,11.29,97,71,Kota Kediri,-7.848,112.0172
2021-01-21,29.9,23.0,25.9,3.5,3.5,3.37,9.8,16.61,99,72,Kota Kediri,-7.848,112.0172
2021-01-22,29.6,23.2,26.0,7.5,7.5,3.49,16.6,17.29,98,73,Kota Kediri,-7.848,112.0172
2021-01-23,27.8,22.5,25.5,0.0,0.0,2.95,10.7,14.26,97,71,Kota Kediri,-7.848,112.0172
2021-01-24,28.1,23.5,25.3,5.8,5.8,2.91,8.3,14.28,97,73,Kota Kediri,-7.848,112.0172
2021-01-25,29.1,22.1,25.0,2.4,2.4,3.05,15.0,13.84,98,72,Kota Kediri,-7.848,112.0172
2021-01-26,29.4,22.8,25.4,5.0,5.0,3.4,17.5,16.1,92,69,Kota Kediri,-7.848,112.0172
2021-01-27,26.4,22.8,24.1,12.5,12.5,1.81,13.0,8.81,99,85,Kota Kediri,-7.848,112.0172
2021-01-28,26.8,21.7,24.4,5.6,5.6,2.67,13.5,13.41,99,82,Kota Kediri,-7.848,112.0172
2021-01-29,27.0,23.5,24.8,28.4,28.4,1.88,17.3,9.01,97,82,Kota Kediri,-7.848,112.0172
2021-01-30,27.8,23.1,24.8,8.4,8.4,2.0,20.3,9.3,98,76,Kota Kediri,-7.848,112.0172
2021-01-31,28.9,22.1,24.7,20.1,20.1,3.07,12.1,15.79,99,75,Kota Kediri,-7.848,112.0172
2021-02-01,28.6,22.6,25.3,6.1,6.1,3.67,10.3,18.3,99,71,Kota Kediri,-7.848,112.0172
2021-02-02,28.9,23.5,25.2,41.4,41.4,2.57,13.7,12.56,97,77,Kota Kediri,-7.848,112.0172
2021-02-03,28.4,23.2,24.8,40.0,40.0,2.4,13.2,12.06,98,80,Kota Kediri,-7.848,112.0172
2021-02-04,29.5,23.5,25.4,9.4,9.4,2.6,19.1,12.36,96,69,Kota Kediri,-7.848,112.0172
2021-02-05,27.8,24.0,25.2,11.4,11.4,2.32,22.1,11.11,95,83,Kota Kediri,-7.848,112.0172
2021-02-06,28.1,23.5,25.3,13.3,13.3,2.43,24.1,11.85,96,76,Kota Kediri,-7.848,112.0172
2021-02-07,29.0,24.4,26.1,4.4,4.4,3.52,25.8,16.69,91,71,Kota Kediri,-7.848,112.0172
2021-02-08,28.0,24.1,25.5,6.1,6.1,2.36,23.9,11.07,97,78,Kota Kediri,-7.848,112.0172
2021-02-09,28.7,23.8,25.5,26.9,26.9,2.89,16.6,14.59,97,79,Kota Kediri,-7.848,112.0172
2021-02-10,25.6,23.5,24.2,26.4,26.4,1.34,6.6,6.23,96,85,Kota Kediri,-7.848,112.0172
2021-02-11,29.1,22.9,25.6,10.3,10.3,3.12,10.5,15.73,99,78,Kota Kediri,-7.848,112.0172
2021-02-12,27.8,23.6,25.3,17.6,17.6,2.91,10.9,14.49,96,81,Kota Kediri,-7.848,112.0172
2021-02-13,27.6,23.0,25.2,12.5,12.5,2.98,9.7,14.85,99,77,Kota Kediri,-7.848,112.0172
2021-02-14,28.7,23.0,25.1,6.5,6.5,3.24,7.3,15.97,98,71,Kota Kediri,-7.848,112.0172
2021-02-15,29.4,22.7,25.4,12.9,12.9,3.77,15.9,19.69,99,73,Kota Kediri,-7.848,112.0172
2021-02-16,29.1,23.2,25.6,5.1,5.1,3.56,12.1,17.95,98,74,Kota Kediri,-7.848,112.0172
2021-02-17,27.6,23.3,24.9,17.3,17.3,2.88,14.9,14.31,98,80,Kota Kediri,-7.848,112.0172
2021-02-18,29.5,21.2,25.0,19.2,19.2,4.01,12.6,20.41,99,69,Kota Kediri,-7.848,112.0172
2021-02-19,27.8,23.3,25.0,18.1,18.1,2.53,22.4,12.6,98,75,Kota Kediri,-7.848,112.0172
2021-02-20,28.6,23.1,25.2,16.3,16.3,2.97,20.5,14.87,97,72,Kota Kediri,-7.848,112.0172
2021-02-21,29.0,22.5,25.6,9.8,9.8,3.67,11.1,18.08,96,69,Kota Kediri,-7.848,112.0172
2021-02-22,29.4,23.6,25.8,4.6,4.6,3.22,13.9,16.16,96,77,Kota Kediri,-7.848,112.0172
2021-02-23,28.6,23.4,25.5,3.3,3.3,3.56,13.2,17.63,96,77,Kota Kediri,-7.848,112.0172
2021-02-24,28.5,23.4,25.0,36.3,36.3,2.27,18.9,10.85,98,76,Kota Kediri,-7.848,112.0172
2021-02-25,28.2,23.2,25.1,10.8,10.8,3.03,23.9,16.08,96,80,Kota Kediri,-7.848,112.0172
2021-02-26,29.4,23.4,25.7,27.3,27.3,3.35,20.8,16.93,97,70,Kota Kediri,-7.848,112.0172
2021-02-27,29.4,23.0,25.4,6.3,6.3,2.98,17.1,14.76,98,73,Kota Kediri,-7.848,112.0172
2021-02-28,29.1,23.5,25.6,1.1,1.1,2.79,19.2,12.38,96,71,Kota Kediri,-7.848,112.0172
2021-03-01,30.1,23.0,26.1,0.5,0.5,3.9,13.2,18.67,94,63,Kota Kediri,-7.848,112.0172
2021-03-02,29.7,23.2,25.7,7.7,7.7,3.76,18.9,19.59,99,71,Kota Kediri,-7.848,112.0172
2021-03-03,30.5,23.2,25.9,2.3,2.3,3.73,20.6,18.65,98,66,Kota Kediri,-7.848,112.0172
2021-03-04,29.6,23.4,25.8,4.9,4.9,3.51,10.7,17.0,94,69,Kota Kediri,-7.848,112.0172
2021-03-05,30.1,23.2,26.3,1.0,1.0,3.8,11.6,18.06,97,65,Kota Kediri,-7.848,112.0172
2021-03-06,28.6,23.4,25.2,11.8,11.8,2.97,9.7,15.17,98,74,Kota Kediri,-7.848,112.0172
2021-03-07,29.2,23.0,24.7,14.0,14.0,2.54,9.8,12.73,97,73,Kota Kediri,-7.848,112.0172
2021-03-08,28.4,23.0,25.3,9.2,9.2,3.37,11.3,16.91,98,75,Kota Kediri,-7.848,112.0172
2021-03-09,27.5,22.1,24.7,5.7,5.7,2.28,4.8,11.13,98,75,Kota Kediri,-7.848,112.0172
2021-03-10,28.7,23.5,25.6,6.9,6.9,2.95,22.4,14.98,95,74,Kota Kediri,-7.848,112.0172
2021-03-11,29.2,22.8,25.3,4.3,4.3,3.01,10.5,14.77,98,68,Kota Kediri,-7.848,112.0172
2021-03-12,29.7,22.5,25.6,6.7,6.7,3.48,11.5,17.27,100,68,Kota Kediri,-7.848,112.0172
2021-03-13,28.8,22.8,25.4,6.4,6.4,3.28,13.2,16.57,97,76,Kota Kediri,-7.848,112.0172
2021-03-14,28.8,23.2,25.4,3.5,3.5,3.45,6.6,17.01,95,68,Kota Kediri,-7.848,112.0172
2021-03-15,29.4,22.7,25.8,4.1,4.1,3.72,11.5,18.27,96,66,Kota Kediri,-7.848,112.0172
2021-03-16,29.8,22.6,25.8,6.9,6.9,3.89,10.1,19.43,97,75,Kota Kediri,-7.848,112.0172
2021-03-17,30.5,23.3,26.1,5.2,5.2,4.38,16.5,22.4,95,69,Kota Kediri,-7.848,112.0172
2021-03-18,30.5,22.8,25.9,19.9,19.9,3.91,9.4,18.91,97,70,Kota Kediri,-7.848,112.0172
2021-03-19,28.9,23.5,26.0,8.0,8.0,4.21,13.9,20.83,96,74,Kota Kediri,-7.848,112.0172
2021-03-20,28.4,23.5,25.7,2.9,2.9,3.21,13.6,15.95,93,79,Kota Kediri,-7.848,112.0172
2021-03-21,29.3,23.4,26.0,7.9,7.9,3.73,9.4,18.56,96,73,Kota Kediri,-7.848,112.0172
2021-03-22,28.4,24.3,26.2,3.2,3.2,3.19,6.0,15.65,95,71,Kota Kediri,-7.848,112.0172
2021-03-23,29.5,24.1,26.2,3.6,3.6,3.5,11.6,17.08,96,72,Kota Kediri,-7.848,112.0172
2021-03-24,30.5,23.5,26.7,3.7,3.7,4.37,12.6,21.11,96,63,Kota Kediri,-7.848,112.0172
2021-03-25,30.0,24.5,26.6,14.3,14.3,3.8,7.1,18.3,96,66,Kota Kediri,-7.848,112.0172
2021-03-26,29.9,24.1,26.4,2.2,2.2,3.58,12.7,17.58,97,72,Kota Kediri,-7.848,112.0172
2021-03-27,29.9,23.8,26.0,80.4,80.4,3.26,10.2,15.94,99,74,Kota Kediri,-7.848,112.0172
2021-03-28,29.6,23.0,26.3,1.1,1.1,4.21,21.9,21.3,99,75,Kota Kediri,-7.848,112.0172
2021-03-29,30.1,24.5,26.7,17.5,17.5,3.79,16.7,17.99,96,74,Kota Kediri,-7.848,112.0172
2021-03-30,28.6,24.3,26.1,18.1,18.1,3.11,10.5,15.71,97,78,Kota Kediri,-7.848,112.0172
2021-03-31,29.6,24.2,26.3,10.6,10.6,3.43,20.2,16.8,96,77,Kota Kediri,-7.848,112.0172
2021-04-01,30.1,23.5,25.9,27.7,27.7,3.42,12.7,16.62,97,72,Kota Kediri,-7.848,112.0172
2021-04-02,29.2,24.1,26.1,26.3,26.3,2.03,19.4,9.39,96,73,Kota Kediri,-7.848,112.0172
2021-04-03,31.8,23.9,26.8,0.2,0.2,4.36,12.6,21.09,97,58,Kota Kediri,-7.848,112.0172
2021-04-04,30.4,24.5,26.4,10.1,10.1,3.32,15.9,16.0,96,71,Kota Kediri,-7.848,112.0172
2021-04-05,31.0,23.5,27.0,3.5,3.5,3.89,8.9,18.83,98,66,Kota Kediri,-7.848,112.0172
2021-04-06,29.4,24.2,26.2,14.7,14.7,2.75,16.1,13.55,97,76,Kota Kediri,-7.848,112.0172
2021-04-07,28.8,23.0,25.2,10.2,10.2,2.38,13.7,12.16,99,76,Kota Kediri,-7.848,112.0172
2021-04-08,30.4,23.4,26.1,3.3,3.3,3.32,16.2,16.02,98,67,Kota Kediri,-7.848,112.0172
2021-04-09,30.7,23.9,26.6,4.6,4.6,3.91,20.3,19.52,97,71,Kota Kediri,-7.848,112.0172
2021-04-10,30.0,23.8,26.3,3.6,3.6,3.58,12.4,17.88,97,71,Kota Kediri,-7.848,112.0172
2021-04-11,30.8,23.9,26.6,0.6,0.6,4.03,14.0,19.79,94,70,Kota Kediri,-7.848,112.0172
2021-04-12,31.2,23.0,26.7,1.4,1.4,4.15,18.6,19.97,98,67,Kota Kediri,-7.848,112.0172
2021-04-13,30.1,23.9,26.0,2.2,2.2,3.64,17.7,18.45,96,68,Kota Kediri,-7.848,112.0172
2021-04-14,30.6,23.4,25.9,7.5,7.5,4.15,12.1,20.57,97,67,Kota Kediri,-7.848,112.0172
2021-04-15,30.9,23.1,26.1,7.9,7.9,4.29,14.8,21.66,95,63,Kota Kediri,-7.848,112.0172
2021-04-16,31.3,23.6,26.9,0.0,0.0,4.85,18.9,22.66,96,59,Kota Kediri,-7.848,112.0172
2021-04-17,30.8,24.0,26.9,1.9,1.9,4.46,16.7,20.99,89,63,Kota Kediri,-7.848,112.0172
2021-04-18,29.5,23.0,26.1,3.3,3.3,3.79,15.6,18.4,96,66,Kota Kediri,-7.848,112.0172
2021-04-19,31.1,24.1,26.8,0.3,0.3,5.01,19.3,22.92,91,59,Kota Kediri,-7.848,112.0172
2021-04-20,30.6,22.9,26.2,0.0,0.0,5.26,21.9,24.51,90,55,Kota Kediri,-7.848,112.0172
2021-04-21,30.5,22.4,26.0,0.1,0.1,5.08,20.2,22.47,88,57,Kota Kediri,-7.848,112.0172
2021-04-22,30.9,23.1,26.3,0.0,0.0,5.19,18.9,22.67,86,56,Kota Kediri,-7.848,112.0172
2021-04-23,29.9,22.8,26.1,0.0,0.0,4.67,17.8,20.81,86,59,Kota Kediri,-7.848,112.0172
2021-04-24,30.5,21.8,26.2,0.0,0.0,4.76,17.3,21.86,91,59,Kota Kediri,-7.848,112.0172
2021-04-25,31.6,23.0,26.5,4.5,4.5,4.34,13.5,20.55,94,55,Kota Kediri,-7.848,112.0172
2021-04-26,31.8,23.1,27.0,0.2,0.2,5.05,17.8,23.34,95,54,Kota Kediri,-7.848,112.0172
2021-04-27,31.2,24.2,27.0,0.0,0.0,5.0,19.3,21.32,88,57,Kota Kediri,-7.848,112.0172
2021-04-28,29.6,23.8,26.3,1.1,1.1,4.06,18.0,18.01,87,63,Kota Kediri,-7.848,112.0172
2021-04-29,30.4,23.1,26.5,4.0,4.0,3.67,8.0,17.81,94,66,Kota Kediri,-7.848,112.0172
2021-04-30,31.0,24.0,26.6,16.3,16.3,3.69,15.6,18.2,95,64,Kota Kediri,-7.848,112.0172
2021-05-01,31.5,23.5,26.9,2.1,2.1,4.15,11.3,20.24,97,62,Kota Kediri,-7.848,112.0172
2021-05-02,32.2,23.3,26.9,5.9,5.9,4.31,10.2,20.9,96,63,Kota Kediri,-7.848,112.0172
2021-05-03,32.2,24.1,27.4,0.3,0.3,4.39,12.3,21.11,97,52,Kota Kediri,-7.848,112.0172
2021-05-04,31.5,23.1,26.9,5.4,5.4,4.11,14.3,19.51,94,63,Kota Kediri,-7.848,112.0172
2021-05-05,31.7,23.4,27.3,1.1,1.1,4.28,15.1,19.94,99,59,Kota Kediri,-7.848,112.0172
2021-05-06,31.6,24.1,27.4,0.6,0.6,4.15,16.7,18.44,95,61,Kota Kediri,-7.848,112.0172
2021-05-07,30.9,24.8,27.0,2.0,2.0,3.59,18.2,16.95,90,72,Kota Kediri,-7.848,112.0172
2021-05-08,31.0,23.8,26.7,0.3,0.3,4.79,19.0,20.97,96,54,Kota Kediri,-7.848,112.0172
2021-05-09,31.1,22.8,26.6,0.2,0.2,4.83,19.4,20.96,87,53,Kota Kediri,-7.848,112.0172
2021-05-10,32.1,23.6,27.2,0.2,0.2,4.86,20.2,21.04,92,55,Kota Kediri,-7.848,112.0172
2021-05-11,32.5,24.5,27.6,0.3,0.3,4.84,20.6,20.64,89,55,Kota Kediri,-7.848,112.0172
2021-05-12,31.8,24.9,27.5,0.4,0.4,4.91,20.3,20.02,86,56,Kota Kediri,-7.848,112.0172
2021-05-13,32.5,24.2,27.9,0.3,0.3,5.21,20.3,21.56,85,50,Kota Kediri,-7.848,112.0172
2021-05-14,33.0,24.6,28.0,0.5,0.5,4.92,19.1,19.74,88,50,Kota Kediri,-7.848,112.0172
2021-05-15,32.5,25.0,27.9,0.0,0.0,5.02,20.2,19.64,87,51,Kota Kediri,-7.848,112.0172
2021-05-16,32.7,24.7,27.7,0.1,0.1,4.97,20.6,18.87,87,49,Kota Kediri,-7.848,112.0172
2021-05-17,31.7,24.3,27.3,0.9,0.9,4.51,20.1,18.66,87,56,Kota Kediri,-7.848,112.0172
2021-05-18,32.0,24.4,27.5,1.5,1.5,4.65,21.1,18.85,89,53,Kota Kediri,-7.848,112.0172
2021-05-19,31.6,24.8,27.3,2.5,2.5,3.98,14.7,17.19,90,58,Kota Kediri,-7.848,112.0172
2021-05-20,30.6,24.5,26.9,2.9,2.9,3.91,18.5,16.36,92,64,Kota Kediri,-7.848,112.0172
2021-05-21,32.0,25.1,27.7,0.3,0.3,4.76,19.0,19.14,86,58,Kota Kediri,-7.848,112.0172
2021-05-22,32.3,24.2,27.5,0.1,0.1,4.65,19.5,19.6,90,53,Kota Kediri,-7.848,112.0172
2021-05-23,31.6,24.1,26.9,5.6,5.6,3.53,10.9,16.79,94,62,Kota Kediri,-7.848,112.0172
2021-05-24,30.6,24.1,26.6,2.4,2.4,3.4,15.3,15.82,97,67,Kota Kediri,-7.848,112.0172
2021-05-25,29.6,24.6,26.4,5.2,5.2,2.54,13.9,11.12,95,67,Kota Kediri,-7.848,112.0172
2021-05-26,32.2,23.3,27.3,0.5,0.5,4.28,11.3,20.42,97,53,Kota Kediri,-7.848,112.0172
2021-05-27,32.6,23.2,27.7,0.0,0.0,4.42,16.1,20.38,99,53,Kota Kediri,-7.848,112.0172
2021-05-28,31.8,24.6,27.0,15.2,15.2,3.61,12.4,17.21,96,62,Kota Kediri,-7.848,112.0172
2021-05-29,31.4,24.9,27.2,2.1,2.1,3.63,14.5,17.02,94,62,Kota Kediri,-7.848,112.0172
2021-05-30,30.8,24.4,26.9,0.6,0.6,3.76,18.7,17.15,95,67,Kota Kediri,-7.848,112.0172
2021-05-31,31.0,24.5,26.9,1.7,1.7,3.56,16.2,16.05,94,62,Kota Kediri,-7.848,112.0172
2021-06-01,32.0,23.9,27.0,0.1,0.1,4.15,18.3,18.33,96,57,Kota Kediri,-7.848,112.0172
2021-06-02,32.5,23.4,27.6,0.4,0.4,4.23,12.4,19.42,97,56,Kota Kediri,-7.848,112.0172
2021-06-03,33.0,22.8,27.7,0.0,0.0,4.49,10.2,21.32,98,49,Kota Kediri,-7.848,112.0172
2021-06-04,32.8,23.9,27.8,0.2,0.2,4.4,17.4,19.6,96,53,Kota Kediri,-7.848,112.0172
2021-06-05,33.0,24.1,28.0,0.3,0.3,4.31,13.5,19.38,97,53,Kota Kediri,-7.848,112.0172
2021-06-06,32.7,24.1,27.7,0.2,0.2,4.26,19.4,18.27,96,51,Kota Kediri,-7.848,112.0172
2021-06-07,32.3,24.1,27.4,0.0,0.0,4.73,21.0,19.92,96,52,Kota Kediri,-7.848,112.0172
2021-06-08,32.5,23.6,27.5,0.7,0.7,4.57,17.2,19.59,91,51,Kota Kediri,-7.848,112.0172
2021-06-09,32.5,24.5,27.5,1.4,1.4,4.18,14.1,18.0,89,56,Kota Kediri,-7.848,112.0172
2021-06-10,30.9,24.5,27.2,0.3,0.3,3.85,17.8,16.49,91,62,Kota Kediri,-7.848,112.0172
2021-06-11,31.1,23.9,27.1,1.8,1.8,3.83,19.3,16.93,96,63,Kota Kediri,-7.848,112.0172
2021-06-12,31.4,23.6,26.8,2.3,2.3,3.71,13.2,17.36,97,58,Kota Kediri,-7.848,112.0172
2021-06-13,31.5,22.7,27.0,1.2,1.2,4.04,14.2,18.12,99,57,Kota Kediri,-7.848,112.0172
2021-06-14,32.0,22.9,26.4,5.9,5.9,3.48,17.8,16.69,98,58,Kota Kediri,-7.848,112.0172
2021-06-15,31.9,22.9,26.3,7.6,7.6,3.57,9.2,17.19,96,59,Kota Kediri,-7.848,112.0172
2021-06-16,31.9,22.7,26.2,10.8,10.8,3.62,14.1,17.45,98,61,Kota Kediri,-7.848,112.0172
2021-06-17,29.2,23.8,25.7,4.7,4.7,2.57,15.1,12.2,97,69,Kota Kediri,-7.848,112.0172
2021-06-18,29.9,23.4,26.0,6.7,6.7,3.26,17.4,16.33,97,67,Kota Kediri,-7.848,112.0172
2021-06-19,30.3,23.6,25.5,23.9,23.9,2.93,11.8,14.62,96,68,Kota Kediri,-7.848,112.0172
2021-06-20,30.4,22.5,25.8,4.7,4.7,3.69,16.6,18.39,97,65,Kota Kediri,-7.848,112.0172
2021-06-21,29.0,23.0,25.3,11.3,11.3,2.99,12.7,14.88,98,71,Kota Kediri,-7.848,112.0172
2021-06-22,30.2,22.9,25.5,2.8,2.8,3.49,17.7,16.99,96,64,Kota Kediri,-7.848,112.0172
2021-06-23,29.0,23.6,25.5,13.6,13.6,2.91,15.8,14.65,93,77,Kota Kediri,-7.848,112.0172
2021-06-24,30.1,23.0,25.3,14.9,14.9,2.61,13.1,12.73,97,66,Kota Kediri,-7.848,112.0172
2021-06-25,30.1,22.4,25.7,5.3,5.3,3.21,12.9,15.56,99,65,Kota Kediri,-7.848,112.0172
2021-06-26,30.6,23.2,26.2,4.7,4.7,3.42,11.8,16.82,96,69,Kota Kediri,-7.848,112.0172
2021-06-27,31.0,22.4,26.3,3.9,3.9,3.86,13.0,18.79,98,65,Kota Kediri,-7.848,112.0172
2021-06-28,29.9,23.4,25.6,20.3,20.3,2.82,12.1,14.1,97,69,Kota Kediri,-7.848,112.0172
2021-06-29,30.5,23.1,26.1,6.6,6.6,3.61,12.9,17.84,97,69,Kota Kediri,-7.848,112.0172
2021-06-30,30.6,23.4,26.5,0.6,0.6,3.88,17.1,17.86,95,64,Kota Kediri,-7.848,112.0172
2021-07-01,30.9,23.7,26.6,0.0,0.0,4.41,16.9,19.18,89,57,Kota Kediri,-7.848,112.0172
2021-07-02,30.6,22.8,26.4,0.3,0.3,4.32,16.6,19.63,91,60,Kota Kediri,-7.848,112.0172
2021-07-03,29.9,23.7,25.9,0.2,0.2,4.05,21.4,18.58,92,60,Kota Kediri,-7.848,112.0172
2021-07-04,29.5,22.8,25.8,0.0,0.0,4.24,22.7,19.21,92,60,Kota Kediri,-7.848,112.0172
2021-07-05,30.0,23.0,25.7,0.0,0.0,4.91,23.4,21.05,93,56,Kota Kediri,-7.848,112.0172
2021-07-06,29.2,21.5,25.1,0.0,0.0,4.92,20.0,21.01,88,52,Kota Kediri,-7.848,112.0172
2021-07-07,30.1,20.1,25.1,0.0,0.0,4.58,23.0,20.76,98,55,Kota Kediri,-7.848,112.0172
2021-07-08,30.7,23.6,26.5,0.2,0.2,3.98,19.1,15.94,91,57,Kota Kediri,-7.848,112.0172
2021-07-09,32.0,22.6,26.4,5.3,5.3,3.87,15.3,18.43,98,54,Kota Kediri,-7.848,112.0172
2021-07-10,31.0,23.2,26.5,5.7,5.7,3.35,12.0,16.19,98,62,Kota Kediri,-7.848,112.0172
2021-07-11,32.3,23.4,27.3,0.0,0.0,4.04,10.8,19.18,98,51,Kota Kediri,-7.848,112.0172
2021-07-12,32.0,23.5,26.8,0.3,0.3,4.39,17.8,20.04,97,53,Kota Kediri,-7.848,112.0172
2021-07-13,31.0,23.8,26.5,0.0,0.0,4.67,23.3,19.85,92,53,Kota Kediri,-7.848,112.0172
2021-07-14,31.1,23.6,26.4,0.1,0.1,4.89,22.7,19.56,90,50,Kota Kediri,-7.848,112.0172
2021-07-15,30.5,23.3,26.2,0.0,0.0,5.15,25.9,19.37,86,49,Kota Kediri,-7.848,112.0172
2021-07-16,30.5,23.0,25.9,0.0,0.0,4.34,20.8,15.97,85,49,Kota Kediri,-7.848,112.0172
2021-07-17,31.4,23.0,26.1,0.4,0.4,4.71,21.7,18.83,88,51,Kota Kediri,-7.848,112.0172
2021-07-18,31.5,23.1,26.3,0.0,0.0,4.75,23.9,18.72,86,50,Kota Kediri,-7.848,112.0172
2021-07-19,32.8,23.4,26.8,0.0,0.0,4.69,21.6,19.71,91,48,Kota Kediri,-7.848,112.0172
2021-07-20,33.1,23.1,27.3,0.0,0.0,4.77,19.9,21.01,94,45,Kota Kediri,-7.848,112.0172
2021-07-21,32.2,24.0,27.2,0.0,0.0,4.92,21.6,19.42,92,48,Kota Kediri,-7.848,112.0172
2021-07-22,32.0,22.5,26.5,0.0,0.0,4.49,18.8,17.95,95,44,Kota Kediri,-7.848,112.0172
2021-07-23,31.0,23.5,26.6,0.7,0.7,4.71,24.9,19.23,92,55,Kota Kediri,-7.848,112.0172
2021-07-24,31.7,23.4,26.5,0.0,0.0,5.51,22.5,21.93,86,48,Kota Kediri,-7.848,112.0172
2021-07-25,31.1,22.2,25.9,0.0,0.0,5.44,25.1,22.06,92,50,Kota Kediri,-7.848,112.0172
2021-07-26,32.0,20.0,25.6,0.0,0.0,5.12,20.0,22.42,98,47,Kota Kediri,-7.848,112.0172
2021-07-27,32.0,22.0,26.1,0.0,0.0,5.2,22.5,21.91,95,44,Kota Kediri,-7.848,112.0172
2021-07-28,31.2,22.9,26.2,0.0,0.0,5.0,22.7,19.81,91,47,Kota Kediri,-7.848,112.0172
2021-07-29,32.2,23.1,26.5,0.1,0.1,4.98,23.5,19.56,89,43,Kota Kediri,-7.848,112.0172
2021-07-30,30.8,23.8,26.4,0.7,0.7,4.53,22.3,19.14,90,56,Kota Kediri,-7.848,112.0172
2021-07-31,32.2,23.5,26.4,0.5,0.5,4.6,24.3,18.28,91,52,Kota Kediri,-7.848,112.0172
2021-08-01,29.8,23.4,26.1,0.5,0.5,4.58,23.9,18.33,89,59,Kota Kediri,-7.848,112.0172
2021-08-02,30.0,23.5,25.7,1.3,1.3,4.33,24.9,18.81,90,57,Kota Kediri,-7.848,112.0172
2021-08-03,29.5,23.3,26.0,1.9,1.9,4.1,23.5,18.1,92,63,Kota Kediri,-7.848,112.0172
2021-08-04,30.5,23.8,26.4,2.9,2.9,4.12,24.3,18.33,92,60,Kota Kediri,-7.848,112.0172
2021-08-05,32.9,23.7,27.1,0.3,0.3,4.67,23.5,19.98,91,46,Kota Kediri,-7.848,112.0172
2021-08-06,34.5,23.0,28.0,0.0,0.0,4.86,13.7,21.61,94,37,Kota Kediri,-7.848,112.0172
2021-08-07,34.0,23.0,28.0,1.2,1.2,4.79,13.0,21.24,99,42,Kota Kediri,-7.848,112.0172
2021-08-08,33.5,23.6,27.5,0.8,0.8,4.95,20.3,21.32,98,47,Kota Kediri,-7.848,112.0172
2021-08-09,32.9,23.6,27.1,1.6,1.6,4.59,18.2,19.75,97,48,Kota Kediri,-7.848,112.0172
2021-08-10,32.0,23.6,26.8,0.1,0.1,5.25,26.7,20.83,91,52,Kota Kediri,-7.848,112.0172
2021-08-11,32.0,22.6,26.5,0.0,0.0,5.66,23.6,20.79,86,41,Kota Kediri,-7.848,112.0172
2021-08-12,30.9,23.5,26.5,2.0,2.0,5.12,25.9,19.74,83,54,Kota Kediri,-7.848,112.0172
2021-08-13,31.7,24.0,26.6,3.2,3.2,4.79,23.4,18.76,86,53,Kota Kediri,-7.848,112.0172
2021-08-14,31.9,23.7,26.7,1.2,1.2,4.78,25.0,19.8,91,52,Kota Kediri,-7.848,112.0172
2021-08-15,33.0,23.8,27.3,0.4,0.4,5.07,19.7,20.75,90,49,Kota Kediri,-7.848,112.0172
2021-08-16,32.0,23.7,27.0,0.3,0.3,5.28,21.9,20.54,89,48,Kota Kediri,-7.848,112.0172
2021-08-17,32.4,23.8,26.9,0.4,0.4,5.38,23.2,21.24,86,47,Kota Kediri,-7.848,112.0172
2021-08-18,31.5,24.1,26.7,1.7,1.7,4.74,21.1,19.04,85,52,Kota Kediri,-7.848,112.0172
2021-08-19,31.1,23.5,26.3,2.8,2.8,5.47,24.7,21.63,87,48,Kota Kediri,-7.848,112.0172
2021-08-20,30.8,23.0,25.9,1.3,1.3,4.61,23.5,19.34,87,56,Kota Kediri,-7.848,112.0172
2021-08-21,30.6,23.5,26.3,0.9,0.9,4.71,24.2,19.93,89,60,Kota Kediri,-7.848,112.0172
2021-08-22,31.6,23.1,26.5,0.9,0.9,5.01,22.5,20.12,92,51,Kota Kediri,-7.848,112.0172
2021-08-23,32.3,23.0,26.3,0.1,0.1,5.53,24.4,22.66,91,43,Kota Kediri,-7.848,112.0172
2021-08-24,31.4,23.2,26.3,0.0,0.0,5.58,26.3,22.18,90,45,Kota Kediri,-7.848,112.0172
2021-08-25,30.8,23.0,26.1,0.0,0.0,5.3,26.4,20.48,92,50,Kota Kediri,-7.848,112.0172
2021-08-26,31.8,22.9,26.2,0.0,0.0,5.97,28.4,23.13,87,42,Kota Kediri,-7.848,112.0172
2021-08-27,30.9,22.2,25.9,0.0,0.0,5.46,27.0,21.82,90,48,Kota Kediri,-7.848,112.0172
2021-08-28,32.0,22.8,26.5,1.0,1.0,5.37,23.9,21.12,89,47,Kota Kediri,-7.848,112.0172
2021-08-29,32.4,23.4,26.7,0.5,0.5,5.42,26.8,22.04,91,48,Kota Kediri,-7.848,112.0172
2021-08-30,33.2,23.6,26.9,0.6,0.6,5.25,24.6,20.37,88,45,Kota Kediri,-7.848,112.0172
2021-08-31,31.9,23.9,26.8,0.7,0.7,5.27,24.5,20.99,85,54,Kota Kediri,-7.848,112.0172
2021-09-01,32.0,23.5,26.7,0.0,0.0,5.87,26.8,23.16,90,46,Kota Kediri,-7.848,112.0172
2021-09-02,31.9,23.2,26.2,0.0,0.0,5.83,27.1,22.02,84,42,Kota Kediri,-7.848,112.0172
2021-09-03,31.1,23.2,26.2,0.0,0.0,5.71,27.1,21.77,87,47,Kota Kediri,-7.848,112.0172
2021-09-04,30.8,23.1,26.3,0.0,0.0,5.56,26.8,21.63,87,52,Kota Kediri,-7.848,112.0172
2021-09-05,30.4,23.5,26.4,0.4,0.4,4.57,24.5,15.33,86,55,Kota Kediri,-7.848,112.0172
2021-09-06,34.0,23.9,27.4,0.6,0.6,5.63,22.9,22.26,88,44,Kota Kediri,-7.848,112.0172
2021-09-07,31.9,24.0,27.0,1.4,1.4,5.01,26.1,20.33,92,51,Kota Kediri,-7.848,112.0172
2021-09-08,33.2,23.6,27.1,0.9,0.9,5.89,26.0,22.47,89,41,Kota Kediri,-7.848,112.0172
2021-09-09,32.8,23.0,26.8,0.2,0.2,5.91,26.3,22.58,88,40,Kota Kediri,-7.848,112.0172
2021-09-10,33.1,24.0,27.3,0.6,0.6,5.88,25.1,23.13,85,45,Kota Kediri,-7.848,112.0172
2021-09-11,32.5,24.4,27.0,6.1,6.1,4.86,24.8,19.79,91,52,Kota Kediri,-7.848,112.0172
2021-09-12,30.0,23.6,25.9,7.9,7.9,3.34,20.3,15.02,94,63,Kota Kediri,-7.848,112.0172
2021-09-13,31.5,23.3,27.2,3.5,3.5,4.39,17.2,19.12,95,53,Kota Kediri,-7.848,112.0172
2021-09-14,33.2,23.5,26.5,56.9,56.9,3.93,16.1,18.78,98,50,Kota Kediri,-7.848,112.0172
2021-09-15,31.9,22.6,26.2,101.2,101.2,4.57,15.2,22.17,98,62,Kota Kediri,-7.848,112.0172
2021-09-16,31.1,23.9,26.6,2.5,2.5,4.95,19.9,22.96,94,59,Kota Kediri,-7.848,112.0172
2021-09-17,31.2,24.0,26.6,0.2,0.2,4.97,23.9,21.86,90,57,Kota Kediri,-7.848,112.0172
2021-09-18,31.2,24.4,26.7,1.2,1.2,5.14,23.7,22.06,88,58,Kota Kediri,-7.848,112.0172
2021-09-19,29.7,23.4,26.1,0.8,0.8,4.9,23.5,21.13,90,60,Kota Kediri,-7.848,112.0172
2021-09-20,30.1,23.5,26.2,0.0,0.0,5.31,24.2,23.12,89,57,Kota Kediri,-7.848,112.0172
2021-09-21,30.4,24.0,26.1,3.3,3.3,4.39,21.3,19.4,87,60,Kota Kediri,-7.848,112.0172
2021-09-22,32.0,23.0,26.8,2.0,2.0,5.0,18.8,23.07,95,52,Kota Kediri,-7.848,112.0172
2021-09-23,31.7,23.9,26.9,1.5,1.5,4.93,20.3,21.85,88,57,Kota Kediri,-7.848,112.0172
2021-09-24,32.2,24.5,26.6,8.0,8.0,4.46,18.4,19.85,89,55,Kota Kediri,-7.848,112.0172
2021-09-25,32.5,23.3,26.8,1.3,1.3,5.07,20.7,22.75,96,52,Kota Kediri,-7.848,112.0172
2021-09-26,31.5,23.8,26.3,13.3,13.3,4.39,21.1,19.43,90,57,Kota Kediri,-7.848,112.0172
2021-09-27,30.8,23.1,26.3,1.3,1.3,5.32,22.8,22.63,89,52,Kota Kediri,-7.848,112.0172
2021-09-28,29.7,23.2,25.8,0.3,0.3,5.37,26.1,22.62,88,58,Kota Kediri,-7.848,112.0172
2021-09-29,30.7,23.2,26.2,0.0,0.0,5.26,25.3,22.62,89,57,Kota Kediri,-7.848,112.0172
2021-09-30,31.0,23.5,26.5,0.4,0.4,5.18,26.1,23.52,95,58,Kota Kediri,-7.848,112.0172
2021-10-01,31.1,23.4,26.3,0.0,0.0,5.12,25.8,22.88,95,57,Kota Kediri,-7.848,112.0172
2021-10-02,31.9,22.6,26.1,0.3,0.3,4.78,23.8,20.55,96,52,Kota Kediri,-7.848,112.0172
2021-10-03,31.5,23.1,26.5,0.0,0.0,5.36,25.3,22.63,93,52,Kota Kediri,-7.848,112.0172
2021-10-04,30.1,23.2,25.9,0.7,0.7,4.74,24.7,20.43,91,60,Kota Kediri,-7.848,112.0172
2021-10-05,29.9,23.0,25.9,0.0,0.0,5.14,26.2,21.29,86,55,Kota Kediri,-7.848,112.0172
2021-10-06,30.1,23.3,25.9,0.0,0.0,5.45,28.9,21.16,85,52,Kota Kediri,-7.848,112.0172
2021-10-07,30.5,22.8,26.0,0.0,0.0,5.47,24.2,22.22,84,54,Kota Kediri,-7.848,112.0172
2021-10-08,31.8,22.9,26.3,0.2,0.2,5.45,25.9,22.81,91,50,Kota Kediri,-7.848,112.0172
2021-10-09,30.8,23.2,26.4,0.7,0.7,5.32,28.1,22.48,91,55,Kota Kediri,-7.848,112.0172
2021-10-10,32.2,23.6,27.0,0.0,0.0,5.68,27.2,23.37,92,52,Kota Kediri,-7.848,112.0172
2021-10-11,32.3,23.2,26.8,0.0,0.0,5.85,28.1,24.37,94,48,Kota Kediri,-7.848,112.0172
2021-10-12,33.1,23.1,27.1,0.0,0.0,6.29,26.3,25.21,91,44,Kota Kediri,-7.848,112.0172
2021-10-13,32.2,22.9,26.9,0.0,0.0,6.38,26.5,25.19,87,48,Kota Kediri,-7.848,112.0172
2021-10-14,32.7,23.5,27.0,0.0,0.0,6.02,24.7,23.71,85,50,Kota Kediri,-7.848,112.0172
2021-10-15,33.2,22.6,27.3,0.3,0.3,5.98,21.9,24.54,89,49,Kota Kediri,-7.848,112.0172
2021-10-16,33.0,24.9,27.8,0.7,0.7,5.89,23.8,23.57,86,50,Kota Kediri,-7.848,112.0172
2021-10-17,32.5,24.9,27.7,0.9,0.9,5.37,23.6,22.36,87,56,Kota Kediri,-7.848,112.0172
2021-10-18,34.2,24.1,27.1,17.8,17.8,4.32,18.4,19.5,95,51,Kota Kediri,-7.848,112.0172
2021-10-19,31.9,23.9,27.1,0.4,0.4,4.85,22.4,21.13,96,59,Kota Kediri,-7.848,112.0172
2021-10-20,31.7,24.6,27.5,1.1,1.1,5.23,22.4,22.5,89,61,Kota Kediri,-7.848,112.0172
2021-10-21,33.2,24.9,27.7,1.6,1.6,5.62,22.5,24.22,87,55,Kota Kediri,-7.848,112.0172
2021-10-22,32.0,24.5,27.4,1.0,1.0,5.43,22.8,23.91,90,59,Kota Kediri,-7.848,112.0172
2021-10-23,33.3,23.9,27.8,3.2,3.2,5.89,22.0,24.84,92,52,Kota Kediri,-7.848,112.0172
2021-10-24,33.0,24.2,28.0,0.8,0.8,5.89,24.5,24.06,90,55,Kota Kediri,-7.848,112.0172
2021-10-25,32.8,25.0,27.7,0.6,0.6,5.71,25.3,22.99,85,53,Kota Kediri,-7.848,112.0172
2021-10-26,32.7,24.4,27.5,0.8,0.8,5.71,23.5,23.95,87,55,Kota Kediri,-7.848,112.0172
2021-10-27,33.0,24.5,26.7,12.2,12.2,3.99,19.5,17.29,91,56,Kota Kediri,-7.848,112.0172
2021-10-28,31.2,24.3,26.9,7.5,7.5,4.11,20.5,19.19,94,66,Kota Kediri,-7.848,112.0172
2021-10-29,31.4,23.9,26.8,2.8,2.8,4.55,22.1,20.82,94,64,Kota Kediri,-7.848,112.0172
2021-10-30,31.2,24.2,26.5,20.5,20.5,4.15,20.9,19.31,92,64,Kota Kediri,-7.848,112.0172
2021-10-31,32.2,23.5,26.2,22.2,22.2,3.91,18.8,18.59,98,62,Kota Kediri,-7.848,112.0172
2021-11-01,31.5,23.1,26.0,16.1,16.1,3.93,10.7,18.85,98,60,Kota Kediri,-7.848,112.0172
2021-11-02,29.4,24.0,25.9,4.0,4.0,3.9,22.1,19.1,96,70,Kota Kediri,-7.848,112.0172
2021-11-03,32.5,23.6,26.8,6.1,6.1,4.93,18.2,23.14,93,60,Kota Kediri,-7.848,112.0172
2021-11-04,30.5,24.0,26.4,8.8,8.8,4.0,20.9,19.43,94,68,Kota Kediri,-7.848,112.0172
2021-11-05,31.8,23.7,26.4,7.7,7.7,3.61,15.6,17.31,96,62,Kota Kediri,-7.848,112.0172
2021-11-06,32.2,24.0,27.0,11.9,11.9,4.75,14.0,22.54,94,59,Kota Kediri,-7.848,112.0172
2021-11-07,33.6,23.8,26.8,22.6,22.6,4.92,15.5,23.85,97,57,Kota Kediri,-7.848,112.0172
2021-11-08,31.6,23.2,26.5,4.5,4.5,4.03,17.7,19.1,98,63,Kota Kediri,-7.848,112.0172
2021-11-09,31.7,24.0,26.7,19.8,19.8,4.0,13.8,19.3,94,68,Kota Kediri,-7.848,112.0172
2021-11-10,28.6,23.1,25.8,2.8,2.8,3.75,26.6,18.53,96,73,Kota Kediri,-7.848,112.0172
2021-11-11,28.1,23.6,25.4,9.4,9.4,2.96,23.0,14.22,94,76,Kota Kediri,-7.848,112.0172
2021-11-12,28.6,23.8,25.7,4.5,4.5,2.94,20.5,13.35,96,73,Kota Kediri,-7.848,112.0172
2021-11-13,30.0,24.1,26.1,19.7,19.7,3.14,22.8,15.08,96,69,Kota Kediri,-7.848,112.0172
2021-11-14,28.0,23.4,25.4,9.2,9.2,2.44,16.2,11.84,99,82,Kota Kediri,-7.848,112.0172
2021-11-15,29.0,23.5,25.4,15.9,15.9,2.77,14.2,13.35,96,73,Kota Kediri,-7.848,112.0172
2021-11-16,30.5,22.6,25.6,4.7,4.7,3.76,13.8,18.42,96,66,Kota Kediri,-7.848,112.0172
2021-11-17,30.3,23.6,26.2,7.2,7.2,3.73,11.6,18.39,96,67,Kota Kediri,-7.848,112.0172
2021-11-18,31.2,23.0,26.0,30.5,30.5,4.29,16.2,21.23,97,66,Kota Kediri,-7.848,112.0172
2021-11-19,31.3,22.9,25.9,13.7,13.7,4.21,12.1,20.81,97,62,Kota Kediri,-7.848,112.0172
2021-11-20,27.8,22.8,25.0,9.8,9.8,1.85,16.2,8.67,98,77,Kota Kediri,-7.848,112.0172
2021-11-21,30.6,23.2,26.2,6.8,6.8,3.86,12.3,19.12,99,69,Kota Kediri,-7.848,112.0172
2021-11-22,30.8,23.5,26.2,4.9,4.9,3.74,14.3,18.41,99,67,Kota Kediri,-7.848,112.0172
2021-11-23,29.4,23.5,25.4,17.7,17.7,2.74,12.8,13.2,98,74,Kota Kediri,-7.848,112.0172
2021-11-24,30.2,23.5,26.1,12.1,12.1,3.36,16.9,16.21,96,72,Kota Kediri,-7.848,112.0172
2021-11-25,29.2,24.0,26.3,5.3,5.3,3.72,21.0,17.94,94,72,Kota Kediri,-7.848,112.0172
2021-11-26,29.4,24.0,25.9,6.5,6.5,3.48,25.7,18.03,94,74,Kota Kediri,-7.848,112.0172
2021-11-27,29.5,23.5,26.0,16.6,16.6,3.66,21.7,18.4,95,73,Kota Kediri,-7.848,112.0172
2021-11-28,27.2,23.2,25.0,15.2,15.2,2.04,21.5,8.4,94,76,Kota Kediri,-7.848,112.0172
2021-11-29,29.5,22.1,25.4,8.6,8.6,3.96,20.4,19.44,91,70,Kota Kediri,-7.848,112.0172
2021-11-30,29.8,23.5,25.9,2.5,2.5,3.96,18.5,19.11,90,71,Kota Kediri,-7.848,112.0172
2021-12-01,29.3,22.6,25.1,22.4,22.4,2.69,17.1,13.52,97,73,Kota Kediri,-7.848,112.0172
2021-12-02,31.2,23.4,26.7,5.8,5.8,4.24,19.1,19.53,94,64,Kota Kediri,-7.848,112.0172
2021-12-03,27.8,23.3,25.3,1.7,1.7,2.69,19.4,12.57,97,75,Kota Kediri,-7.848,112.0172
2021-12-04,26.5,23.5,24.7,27.8,27.8,2.12,14.8,10.36,100,86,Kota Kediri,-7.848,112.0172
2021-12-05,26.6,22.5,24.3,15.2,15.2,2.0,14.5,9.87,98,85,Kota Kediri,-7.848,112.0172
2021-12-06,29.4,23.9,25.6,7.3,7.3,2.57,20.5,11.67,96,74,Kota Kediri,-7.848,112.0172
2021-12-07,30.4,23.5,26.0,0.5,0.5,3.54,18.1,17.31,98,66,Kota Kediri,-7.848,112.0172
2021-12-08,31.4,23.1,26.5,2.1,2.1,4.28,19.3,20.27,98,62,Kota Kediri,-7.848,112.0172
2021-12-09,30.6,23.5,26.6,7.7,7.7,3.93,20.2,18.34,96,68,Kota Kediri,-7.848,112.0172
2021-12-10,31.3,24.2,26.9,0.9,0.9,4.42,15.7,20.91,93,67,Kota Kediri,-7.848,112.0172
2021-12-11,30.7,23.4,26.3,2.2,2.2,4.1,19.5,19.94,94,68,Kota Kediri,-7.848,112.0172
2021-12-12,31.4,23.2,26.4,5.9,5.9,4.52,22.0,21.52,94,60,Kota Kediri,-7.848,112.0172
2021-12-13,32.5,23.4,27.3,0.0,0.0,5.43,22.7,24.07,94,55,Kota Kediri,-7.848,112.0172
2021-12-14,29.9,24.1,26.9,4.5,4.5,4.27,23.1,19.81,91,69,Kota Kediri,-7.848,112.0172
2021-12-15,28.8,24.5,26.1,3.0,3.0,3.0,21.0,13.84,94,74,Kota Kediri,-7.848,112.0172
2021-12-16,30.2,24.2,26.1,9.2,9.2,3.02,15.2,14.8,96,73,Kota Kediri,-7.848,112.0172
2021-12-17,30.8,23.6,26.1,9.8,9.8,3.73,13.2,18.21,96,72,Kota Kediri,-7.848,112.0172
2021-12-18,30.3,23.4,26.2,25.5,25.5,3.59,17.3,17.4,98,73,Kota Kediri,-7.848,112.0172
2021-12-19,31.0,24.2,26.5,44.0,44.0,4.16,16.3,20.3,95,68,Kota Kediri,-7.848,112.0172
2021-12-20,28.9,23.0,25.1,30.6,30.6,2.57,15.5,12.77,97,77,Kota Kediri,-7.848,112.0172
2021-12-21,28.5,23.8,25.7,5.5,5.5,2.82,21.3,14.94,97,79,Kota Kediri,-7.848,112.0172
2021-12-22,32.0,23.6,27.2,0.7,0.7,4.87,15.5,23.38,99,61,Kota Kediri,-7.848,112.0172
2021-12-23,30.5,23.5,26.1,5.5,5.5,3.72,10.2,18.19,98,69,Kota Kediri,-7.848,112.0172
2021-12-24,30.0,23.0,26.1,1.3,1.3,3.77,15.7,17.39,98,72,Kota Kediri,-7.848,112.0172
2021-12-25,29.5,24.5,26.3,3.8,3.8,3.2,13.0,15.22,93,71,Kota Kediri,-7.848,112.0172
2021-12-26,30.5,23.5,26.9,0.7,0.7,3.92,18.8,17.64,94,67,Kota Kediri,-7.848,112.0172
2021-12-27,31.4,23.6,26.4,1.5,1.5,3.94,17.6,18.32,95,63,Kota Kediri,-7.848,112.0172
2021-12-28,30.9,24.0,26.6,9.5,9.5,4.41,13.3,21.52,95,62,Kota Kediri,-7.848,112.0172
2021-12-29,29.9,23.4,26.5,1.5,1.5,3.41,15.0,15.49,96,67,Kota Kediri,-7.848,112.0172
2021-12-30,29.0,23.5,25.9,20.1,20.1,3.04,17.7,14.72,97,72,Kota Kediri,-7.848,112.0172
2021-12-31,29.9,22.4,25.4,22.0,22.0,3.01,12.3,15.09,99,72,Kota Kediri,-7.848,112.0172
2022-01-01,29.8,22.8,25.1,11.5,11.5,3.61,11.4,18.02,96,68,Kota Kediri,-7.848,112.0172
2022-01-02,29.0,23.0,25.5,4.4,4.4,3.35,18.2,16.03,96,76,Kota Kediri,-7.848,112.0172
2022-01-03,30.3,23.4,26.5,0.0,0.0,5.2,24.3,23.32,90,58,Kota Kediri,-7.848,112.0172
2022-01-04,30.3,23.2,26.3,1.0,1.0,4.68,20.5,21.98,92,64,Kota Kediri,-7.848,112.0172
2022-01-05,30.6,23.4,26.8,0.6,0.6,4.98,17.3,23.09,89,59,Kota Kediri,-7.848,112.0172
2022-01-06,30.8,22.5,26.8,0.1,0.1,5.14,17.3,23.67,95,58,Kota Kediri,-7.848,112.0172
2022-01-07,32.0,23.4,27.3,0.0,0.0,5.26,23.1,22.12,86,48,Kota Kediri,-7.848,112.0172
2022-01-08,30.8,24.0,26.8,0.7,0.7,4.58,13.6,21.15,91,58,Kota Kediri,-7.848,112.0172
2022-01-09,30.2,23.4,25.6,15.4,15.4,3.04,18.7,15.18,96,69,Kota Kediri,-7.848,112.0172
2022-01-10,29.9,23.1,25.5,25.0,25.0,3.53,12.2,17.77,96,68,Kota Kediri,-7.848,112.0172
2022-01-11,29.1,22.6,24.7,21.1,21.1,2.99,11.2,14.99,98,74,Kota Kediri,-7.848,112.0172
2022-01-12,29.0,22.9,24.9,3.3,3.3,2.55,24.9,12.77,98,72,Kota Kediri,-7.848,112.0172
2022-01-13,28.0,23.2,24.9,13.1,13.1,2.8,14.9,14.15,97,75,Kota Kediri,-7.848,112.0172
2022-01-14,29.5,21.6,25.4,1.0,1.0,3.75,11.6,19.07,98,73,Kota Kediri,-7.848,112.0172
2022-01-15,28.2,23.0,25.0,2.9,2.9,3.01,9.4,15.13,98,77,Kota Kediri,-7.848,112.0172
2022-01-16,28.2,22.7,24.7,21.3,21.3,2.47,14.1,12.77,100,80,Kota Kediri,-7.848,112.0172
2022-01-17,28.9,23.0,24.7,10.8,10.8,2.97,10.7,15.12,98,75,Kota Kediri,-7.848,112.0172
2022-01-18,27.2,22.1,24.2,14.7,14.7,2.77,11.2,14.37,98,84,Kota Kediri,-7.848,112.0172
2022-01-19,27.6,22.0,23.9,8.6,8.6,3.08,10.2,15.86,99,76,Kota Kediri,-7.848,112.0172
2022-01-20,26.1,21.7,23.1,25.1,25.1,1.61,13.4,7.96,99,85,Kota Kediri,-7.848,112.0172
2022-01-21,28.0,23.3,25.1,8.4,8.4,2.81,16.2,13.43,96,77,Kota Kediri,-7.848,112.0172
2022-01-22,28.3,22.7,25.0,23.3,23.3,3.02,11.9,15.34,96,71,Kota Kediri,-7.848,112.0172
2022-01-23,29.2,23.6,25.8,22.0,22.0,3.21,11.3,15.56,95,74,Kota Kediri,-7.848,112.0172
2022-01-24,31.5,23.3,26.9,0.0,0.0,5.29,16.0,25.02,93,56,Kota Kediri,-7.848,112.0172
2022-01-25,30.4,22.6,25.8,3.1,3.1,4.43,9.4,22.39,93,69,Kota Kediri,-7.848,112.0172
2022-01-26,30.0,23.4,26.0,9.5,9.5,3.81,13.6,19.2,98,71,Kota Kediri,-7.848,112.0172
2022-01-27,27.9,22.9,25.0,3.9,3.9,3.12,9.5,15.58,99,79,Kota Kediri,-7.848,112.0172
2022-01-28,28.6,22.7,25.2,12.2,12.2,2.8,12.3,14.14,98,77,Kota Kediri,-7.848,112.0172
2022-01-29,28.0,23.0,24.8,24.0,24.0,2.72,10.0,13.63,97,79,Kota Kediri,-7.848,112.0172
2022-01-30,29.4,23.6,25.8,8.7,8.7,3.23,8.3,15.6,96,73,Kota Kediri,-7.848,112.0172
2022-01-31,29.6,22.3,25.3,5.2,5.2,3.77,8.3,18.82,95,72,Kota Kediri,-7.848,112.0172
2022-02-01,29.8,22.4,24.8,23.0,23.0,3.09,13.6,15.71,97,72,Kota Kediri,-7.848,112.0172
2022-02-02,30.8,22.9,25.5,15.7,15.7,4.11,20.9,21.7,98,68,Kota Kediri,-7.848,112.0172
2022-02-03,30.8,21.6,25.7,4.4,4.4,4.36,10.1,21.61,100,70,Kota Kediri,-7.848,112.0172
2022-02-04,29.2,23.2,25.5,15.4,15.4,3.12,15.2,15.17,97,74,Kota Kediri,-7.848,112.0172
2022-02-05,27.4,22.8,24.4,11.9,11.9,2.61,13.4,13.04,98,82,Kota Kediri,-7.848,112.0172
2022-02-06,29.5,22.8,25.0,24.8,24.8,3.23,16.9,16.98,96,75,Kota Kediri,-7.848,112.0172
2022-02-07,28.8,23.8,25.4,7.3,7.3,3.01,27.2,16.33,97,77,Kota Kediri,-7.848,112.0172
2022-02-08,29.2,23.4,25.3,20.0,20.0,2.77,25.8,14.64,97,73,Kota Kediri,-7.848,112.0172
2022-02-09,29.9,22.5,24.9,22.5,22.5,3.14,8.4,15.58,99,71,Kota Kediri,-7.848,112.0172
2022-02-10,29.0,22.2,24.6,6.0,6.0,2.94,12.9,14.8,100,71,Kota Kediri,-7.848,112.0172
2022-02-11,28.5,23.5,25.3,0.1,0.1,2.91,16.6,13.92,97,72,Kota Kediri,-7.848,112.0172
2022-02-12,29.3,23.2,25.1,24.8,24.8,2.72,16.7,13.46,97,71,Kota Kediri,-7.848,112.0172
2022-02-13,29.8,22.5,24.9,17.4,17.4,3.45,20.3,17.84,98,70,Kota Kediri,-7.848,112.0172
2022-02-14,26.5,23.0,25.0,9.6,9.6,2.29,20.3,11.1,98,84,Kota Kediri,-7.848,112.0172
2022-02-15,27.0,23.0,24.7,6.6,6.6,2.25,22.3,11.43,95,80,Kota Kediri,-7.848,112.0172
2022-02-16,30.6,23.2,25.5,13.8,13.8,4.15,18.8,21.03,96,68,Kota Kediri,-7.848,112.0172
2022-02-17,29.6,22.9,25.3,14.7,14.7,3.24,16.6,16.73,98,75,Kota Kediri,-7.848,112.0172
2022-02-18,28.6,23.0,24.9,7.0,7.0,3.1,18.7,16.79,98,78,Kota Kediri,-7.848,112.0172
2022-02-19,30.2,23.1,26.1,2.4,2.4,4.34,12.2,21.23,97,62,Kota Kediri,-7.848,112.0172
2022-02-20,28.7,23.0,25.2,15.3,15.3,2.66,11.3,13.31,98,78,Kota Kediri,-7.848,112.0172
2022-02-21,30.5,22.7,25.5,2.7,2.7,3.53,24.0,17.74,96,67,Kota Kediri,-7.848,112.0172
2022-02-22,28.9,22.1,25.4,1.2,1.2,3.54,22.3,16.97,95,75,Kota Kediri,-7.848,112.0172
2022-02-23,30.9,22.2,26.2,0.1,0.1,4.67,15.5,22.23,96,66,Kota Kediri,-7.848,112.0172
2022-02-24,28.9,22.0,25.3,6.9,6.9,3.9,13.4,19.74,95,74,Kota Kediri,-7.848,112.0172
2022-02-25,30.3,22.9,25.3,28.6,28.6,4.26,10.7,21.48,97,65,Kota Kediri,-7.848,112.0172
2022-02-26,28.9,22.3,24.6,29.4,29.4,3.3,11.6,16.8,98,79,Kota Kediri,-7.848,112.0172
2022-02-27,29.6,23.3,25.4,40.9,40.9,3.76,19.4,19.97,96,78,Kota Kediri,-7.848,112.0172
2022-02-28,28.0,23.1,25.1,12.2,12.2,3.15,24.5,16.89,96,79,Kota Kediri,-7.848,112.0172
2022-03-01,29.1,23.2,25.3,5.3,5.3,3.28,22.8,17.25,97,72,Kota Kediri,-7.848,112.0172
2022-03-02,29.4,23.1,24.9,18.5,18.5,3.57,13.2,18.69,99,77,Kota Kediri,-7.848,112.0172
2022-03-03,28.4,22.7,25.1,16.1,16.1,3.32,10.2,16.91,97,78,Kota Kediri,-7.848,112.0172
2022-03-04,29.6,23.1,25.8,19.4,19.4,3.55,16.1,17.52,96,74,Kota Kediri,-7.848,112.0172
2022-03-05,30.0,24.1,26.4,2.8,2.8,4.0,21.6,18.9,93,69,Kota Kediri,-7.848,112.0172
2022-03-06,30.0,24.3,26.5,0.7,0.7,4.34,26.4,20.04,92,68,Kota Kediri,-7.848,112.0172
2022-03-07,29.1,23.5,25.5,25.7,25.7,3.39,20.5,17.0,95,77,Kota Kediri,-7.848,112.0172
2022-03-08,29.5,23.0,25.4,4.9,4.9,3.48,19.6,17.65,97,76,Kota Kediri,-7.848,112.0172
2022-03-09,28.8,23.2,25.5,44.7,44.7,2.95,15.3,14.86,96,76,Kota Kediri,-7.848,112.0172
2022-03-10,29.3,23.3,25.4,51.0,51.0,2.62,14.8,12.64,96,75,Kota Kediri,-7.848,112.0172
2022-03-11,30.4,23.2,25.8,21.7,21.7,3.92,18.4,20.17,97,69,Kota Kediri,-7.848,112.0172
2022-03-12,28.5,23.2,25.4,10.9,10.9,2.96,21.3,15.97,99,80,Kota Kediri,-7.848,112.0172
2022-03-13,30.5,22.6,25.7,27.4,27.4,3.38,9.2,16.77,97,74,Kota Kediri,-7.848,112.0172
2022-03-14,30.5,23.5,26.2,37.1,37.1,3.64,18.6,18.27,96,72,Kota Kediri,-7.848,112.0172
2022-03-15,30.1,23.3,25.7,42.9,42.9,3.65,11.3,18.27,98,71,Kota Kediri,-7.848,112.0172
2022-03-16,29.3,23.2,25.6,18.4,18.4,3.05,18.6,15.99,98,77,Kota Kediri,-7.848,112.0172
2022-03-17,31.8,24.0,26.9,3.8,3.8,4.72,15.2,23.06,96,67,Kota Kediri,-7.848,112.0172
2022-03-18,31.5,24.0,26.6,34.5,34.5,4.37,13.6,21.6,96,68,Kota Kediri,-7.848,112.0172
2022-03-19,30.7,23.5,25.9,9.2,9.2,3.73,23.9,18.71,99,75,Kota Kediri,-7.848,112.0172
2022-03-20,30.0,23.7,25.6,27.9,27.9,3.04,17.6,14.89,97,72,Kota Kediri,-7.848,112.0172
2022-03-21,28.8,23.0,25.1,6.4,6.4,3.05,12.5,15.26,98,76,Kota Kediri,-7.848,112.0172
2022-03-22,28.5,23.5,25.3,8.1,8.1,3.13,21.2,16.98,100,81,Kota Kediri,-7.848,112.0172
2022-03-23,31.6,22.8,25.5,13.4,13.4,3.91,15.5,20.0,98,66,Kota Kediri,-7.848,112.0172
2022-03-24,31.5,22.6,26.0,5.1,5.1,4.18,17.8,20.83,98,63,Kota Kediri,-7.848,112.0172
2022-03-25,30.1,23.1,26.4,2.5,2.5,3.64,12.7,17.56,95,69,Kota Kediri,-7.848,112.0172
2022-03-26,30.1,23.0,26.1,12.1,12.1,3.63,10.9,17.46,98,68,Kota Kediri,-7.848,112.0172
2022-03-27,28.0,22.9,25.2,6.0,6.0,2.77,16.7,14.24,97,78,Kota Kediri,-7.848,112.0172
2022-03-28,30.8,22.4,25.7,37.2,37.2,3.9,19.4,19.72,98,67,Kota Kediri,-7.848,112.0172
2022-03-29,31.2,23.3,26.3,2.2,2.2,4.54,11.8,22.31,97,62,Kota Kediri,-7.848,112.0172
2022-03-30,30.8,23.2,26.2,7.7,7.7,3.9,8.7,19.12,97,69,Kota Kediri,-7.848,112.0172
2022-03-31,30.9,22.7,26.2,9.7,9.7,3.72,13.6,18.58,98,69,Kota Kediri,-7.848,112.0172
2022-04-01,29.4,22.7,26.0,6.5,6.5,3.2,16.2,15.96,99,71,Kota Kediri,-7.848,112.0172
2022-04-02,30.6,24.0,26.4,4.9,4.9,3.54,12.8,16.75,94,65,Kota Kediri,-7.848,112.0172
2022-04-03,30.5,23.5,26.2,4.9,4.9,3.89,16.6,18.96,93,69,Kota Kediri,-7.848,112.0172
2022-04-04,29.4,22.5,25.4,3.0,3.0,3.79,20.9,19.83,96,77,Kota Kediri,-7.848,112.0172
2022-04-05,29.8,22.6,25.7,3.2,3.2,4.39,16.2,22.27,95,75,Kota Kediri,-7.848,112.0172
2022-04-06,29.1,23.5,25.8,5.3,5.3,3.86,21.1,19.93,92,77,Kota Kediri,-7.848,112.0172
2022-04-07,28.6,23.2,25.8,3.6,3.6,3.47,20.8,16.92,92,77,Kota Kediri,-7.848,112.0172
2022-04-08,30.0,23.6,26.3,0.6,0.6,4.56,22.7,22.36,93,70,Kota Kediri,-7.848,112.0172
2022-04-09,30.1,23.9,26.4,0.2,0.2,4.37,21.3,21.75,92,72,Kota Kediri,-7.848,112.0172
2022-04-10,31.0,23.9,26.3,2.0,2.0,4.2,14.0,20.77,93,68,Kota Kediri,-7.848,112.0172
2022-04-11,31.6,23.7,27.0,1.1,1.1,5.03,14.8,23.64,91,57,Kota Kediri,-7.848,112.0172
2022-04-12,31.4,23.3,26.9,0.6,0.6,5.12,16.4,23.78,92,55,Kota Kediri,-7.848,112.0172
2022-04-13,30.7,23.9,26.5,3.1,3.1,4.62,14.6,22.51,88,65,Kota Kediri,-7.848,112.0172
2022-04-14,31.2,23.1,26.2,3.1,3.1,4.6,11.5,22.99,95,66,Kota Kediri,-7.848,112.0172
2022-04-15,32.2,23.0,27.1,0.1,0.1,5.23,17.1,24.18,95,56,Kota Kediri,-7.848,112.0172
2022-04-16,31.6,23.4,26.5,1.8,1.8,4.28,14.1,20.77,95,65,Kota Kediri,-7.848,112.0172
2022-04-17,32.2,23.5,26.4,3.7,3.7,4.23,14.6,20.64,96,63,Kota Kediri,-7.848,112.0172
2022-04-18,31.0,23.9,26.5,9.5,9.5,3.63,10.7,18.24,98,70,Kota Kediri,-7.848,112.0172
2022-04-19,29.0,23.5,25.6,21.4,21.4,2.63,15.6,13.22,98,80,Kota Kediri,-7.848,112.0172
2022-04-20,29.6,23.0,25.4,2.4,2.4,3.26,16.9,16.18,99,73,Kota Kediri,-7.848,112.0172
2022-04-21,29.0,23.2,25.4,9.0,9.0,3.06,17.2,15.7,97,77,Kota Kediri,-7.848,112.0172
2022-04-22,31.3,23.2,26.6,0.7,0.7,4.29,12.4,21.07,95,66,Kota Kediri,-7.848,112.0172
2022-04-23,31.4,23.2,26.7,5.6,5.6,4.09,15.1,19.66,96,67,Kota Kediri,-7.848,112.0172
2022-04-24,30.5,23.5,25.9,7.1,7.1,3.67,11.3,18.17,98,71,Kota Kediri,-7.848,112.0172
2022-04-25,30.4,23.6,26.4,11.9,11.9,3.96,20.7,20.5,95,71,Kota Kediri,-7.848,112.0172
2022-04-26,29.5,23.4,25.7,13.6,13.6,3.27,17.5,17.37,97,76,Kota Kediri,-7.848,112.0172
2022-04-27,30.4,23.4,26.0,5.4,5.4,3.83,22.9,19.99,98,73,Kota Kediri,-7.848,112.0172
2022-04-28,30.6,23.0,25.9,17.6,17.6,3.49,18.5,17.94,99,71,Kota Kediri,-7.848,112.0172
2022-04-29,30.2,23.5,26.1,4.5,4.5,3.33,10.6,16.86,100,75,Kota Kediri,-7.848,112.0172
2022-04-30,30.0,23.0,26.1,3.6,3.6,3.42,16.4,17.14,98,71,Kota Kediri,-7.848,112.0172
2022-05-01,30.5,24.1,26.7,3.9,3.9,3.97,16.6,19.11,92,71,Kota Kediri,-7.848,112.0172
2022-05-02,31.4,25.0,27.1,7.3,7.3,4.28,16.7,20.59,91,70,Kota Kediri,-7.848,112.0172
2022-05-03,32.0,24.1,27.1,5.1,5.1,4.58,17.6,21.7,96,63,Kota Kediri,-7.848,112.0172
2022-05-04,30.8,24.9,26.6,12.4,12.4,4.22,17.6,20.74,92,71,Kota Kediri,-7.848,112.0172
2022-05-05,30.1,24.1,26.4,4.4,4.4,3.85,20.9,19.38,92,71,Kota Kediri,-7.848,112.0172
2022-05-06,30.4,24.1,26.7,5.8,5.8,3.9,16.9,19.71,94,75,Kota Kediri,-7.848,112.0172
2022-05-07,31.1,23.8,26.7,26.0,26.0,3.7,14.6,18.13,96,66,Kota Kediri,-7.848,112.0172
2022-05-08,29.4,23.8,26.1,22.8,22.8,2.8,14.0,13.64,96,78,Kota Kediri,-7.848,112.0172
2022-05-09,30.5,23.4,26.5,11.3,11.3,3.48,12.8,17.06,98,74,Kota Kediri,-7.848,112.0172
2022-05-10,30.9,23.6,26.2,9.4,9.4,3.25,9.8,15.97,100,74,Kota Kediri,-7.848,112.0172
2022-05-11,30.8,23.5,26.7,4.7,4.7,3.9,16.6,19.41,99,72,Kota Kediri,-7.848,112.0172
2022-05-12,30.5,23.5,26.1,2.2,2.2,3.2,14.1,15.76,97,71,Kota Kediri,-7.848,112.0172
2022-05-13,30.8,23.9,26.9,2.1,2.1,3.5,14.2,16.66,94,72,Kota Kediri,-7.848,112.0172
2022-05-14,29.8,24.4,26.7,5.6,5.6,3.22,14.4,15.93,96,76,Kota Kediri,-7.848,112.0172
2022-05-15,31.2,24.0,27.0,3.7,3.7,4.06,17.7,19.94,97,68,Kota Kediri,-7.848,112.0172
2022-05-16,30.9,24.5,27.1,0.0,0.0,4.34,18.0,20.56,93,67,Kota Kediri,-7.848,112.0172
2022-05-17,31.4,23.5,27.0,0.1,0.1,4.33,12.3,20.82,91,56,Kota Kediri,-7.848,112.0172
2022-05-18,30.6,23.9,26.3,22.6,22.6,3.46,9.4,17.24,95,72,Kota Kediri,-7.848,112.0172
2022-05-19,30.1,23.6,25.8,35.5,35.5,2.92,15.9,14.53,97,74,Kota Kediri,-7.848,112.0172
2022-05-20,29.2,24.1,25.5,22.8,22.8,2.79,14.6,14.44,96,78,Kota Kediri,-7.848,112.0172
2022-05-21,29.3,23.2,25.6,16.0,16.0,2.58,16.7,13.01,98,77,Kota Kediri,-7.848,112.0172
2022-05-22,30.2,23.2,26.0,24.1,24.1,3.68,9.8,18.62,96,72,Kota Kediri,-7.848,112.0172
2022-05-23,31.4,23.0,27.1,0.2,0.2,4.4,8.5,20.89,95,59,Kota Kediri,-7.848,112.0172
2022-05-24,31.4,22.7,26.9,0.2,0.2,4.28,14.4,20.13,90,61,Kota Kediri,-7.848,112.0172
2022-05-25,30.8,23.6,26.7,3.0,3.0,3.76,9.8,18.55,97,69,Kota Kediri,-7.848,112.0172
2022-05-26,25.9,22.5,24.3,23.6,23.6,1.32,14.0,6.59,98,88,Kota Kediri,-7.848,112.0172
2022-05-27,29.7,23.1,25.5,0.6,0.6,2.66,17.5,12.23,94,66,Kota Kediri,-7.848,112.0172
2022-05-28,31.0,22.6,26.3,3.6,3.6,3.67,12.9,18.22,99,66,Kota Kediri,-7.848,112.0172
2022-05-29,30.3,22.8,25.8,4.9,4.9,3.59,21.7,18.53,98,69,Kota Kediri,-7.848,112.0172
2022-05-30,30.2,23.8,26.3,0.4,0.4,3.74,20.8,18.85,96,71,Kota Kediri,-7.848,112.0172
2022-05-31,31.0,22.3,26.0,9.6,9.6,3.73,13.4,18.63,96,68,Kota Kediri,-7.848,112.0172
2022-06-01,27.8,23.0,25.3,3.8,3.8,2.26,14.8,11.0,96,80,Kota Kediri,-7.848,112.0172
2022-06-02,30.5,23.5,26.4,0.0,0.0,4.13,17.5,19.4,96,65,Kota Kediri,-7.848,112.0172
2022-06-03,29.1,23.7,26.1,0.7,0.7,3.75,19.1,18.13,90,71,Kota Kediri,-7.848,112.0172
2022-06-04,29.9,23.5,25.5,15.4,15.4,3.23,14.6,16.1,94,74,Kota Kediri,-7.848,112.0172
2022-06-05,28.3,23.1,25.2,30.5,30.5,2.69,18.2,13.89,96,78,Kota Kediri,-7.848,112.0172
2022-06-06,30.1,22.6,25.0,9.7,9.7,3.04,14.1,15.61,99,69,Kota Kediri,-7.848,112.0172
2022-06-07,30.9,22.6,26.0,3.1,3.1,3.55,14.8,17.63,98,67,Kota Kediri,-7.848,112.0172
2022-06-08,30.0,23.4,25.9,17.7,17.7,3.41,16.6,17.28,94,75,Kota Kediri,-7.848,112.0172
2022-06-09,31.1,23.2,26.2,3.4,3.4,4.01,17.3,19.65,94,64,Kota Kediri,-7.848,112.0172
2022-06-10,30.8,23.2,26.3,1.9,1.9,3.45,13.5,16.4,92,67,Kota Kediri,-7.848,112.0172
2022-06-11,30.8,23.4,26.0,6.1,6.1,3.64,13.8,18.08,97,68,Kota Kediri,-7.848,112.0172
2022-06-12,29.8,22.9,25.5,11.3,11.3,3.37,14.1,17.55,98,72,Kota Kediri,-7.848,112.0172
2022-06-13,29.9,22.9,25.4,21.0,21.0,3.17,8.3,15.64,98,73,Kota Kediri,-7.848,112.0172
2022-06-14,29.2,23.0,25.7,10.7,10.7,2.9,15.7,15.08,97,76,Kota Kediri,-7.848,112.0172
2022-06-15,30.3,22.8,26.1,5.8,5.8,3.29,14.1,16.61,98,69,Kota Kediri,-7.848,112.0172
2022-06-16,30.0,23.4,25.8,15.0,15.0,3.4,17.6,17.22,97,67,Kota Kediri,-7.848,112.0172
2022-06-17,29.0,22.4,25.3,2.8,2.8,3.04,16.8,15.38,96,77,Kota Kediri,-7.848,112.0172
2022-06-18,30.5,23.2,25.9,16.9,16.9,3.78,16.3,18.67,92,69,Kota Kediri,-7.848,112.0172
2022-06-19,30.2,24.0,26.2,3.0,3.0,3.98,16.8,18.12,88,69,Kota Kediri,-7.848,112.0172
2022-06-20,29.9,24.1,26.0,7.3,7.3,3.94,19.6,18.33,85,68,Kota Kediri,-7.848,112.0172
2022-06-21,30.5,23.4,26.1,2.4,2.4,4.07,17.3,18.16,86,62,Kota Kediri,-7.848,112.0172
2022-06-22,30.6,23.7,26.5,0.1,0.1,4.62,19.9,19.45,85,57,Kota Kediri,-7.848,112.0172
2022-06-23,29.9,23.9,25.8,6.2,6.2,4.01,22.4,18.53,88,69,Kota Kediri,-7.848,112.0172
2022-06-24,29.7,24.1,26.4,2.6,2.6,4.54,24.0,19.0,82,64,Kota Kediri,-7.848,112.0172
2022-06-25,29.7,24.1,26.1,7.9,7.9,3.97,19.5,17.29,83,72,Kota Kediri,-7.848,112.0172
2022-06-26,28.9,23.1,25.5,13.0,13.0,3.41,21.6,15.59,94,71,Kota Kediri,-7.848,112.0172
2022-06-27,28.8,23.4,25.8,0.2,0.2,4.02,24.9,17.31,92,68,Kota Kediri,-7.848,112.0172
2022-06-28,29.8,22.6,25.7,0.0,0.0,4.64,22.1,19.51,89,56,Kota Kediri,-7.848,112.0172
2022-06-29,29.6,23.0,25.7,0.0,0.0,5.08,21.0,20.85,77,53,Kota Kediri,-7.848,112.0172
2022-06-30,29.4,23.0,25.8,1.8,1.8,4.32,19.2,18.8,84,65,Kota Kediri,-7.848,112.0172
2022-07-01,30.0,23.4,26.2,0.8,0.8,4.49,20.9,18.9,88,63,Kota Kediri,-7.848,112.0172
2022-07-02,30.7,24.0,26.5,1.1,1.1,4.42,20.0,18.86,86,60,Kota Kediri,-7.848,112.0172
2022-07-03,30.8,23.4,26.4,5.0,5.0,3.54,13.1,17.44,96,68,Kota Kediri,-7.848,112.0172
2022-07-04,30.0,22.5,26.5,0.5,0.5,3.45,15.6,16.41,99,72,Kota Kediri,-7.848,112.0172
2022-07-05,31.2,22.9,26.0,11.4,11.4,3.29,12.8,16.29,99,65,Kota Kediri,-7.848,112.0172
2022-07-06,28.6,22.6,25.5,2.0,2.0,3.18,19.7,15.04,99,74,Kota Kediri,-7.848,112.0172
2022-07-07,29.6,22.7,25.5,0.0,0.0,4.49,23.5,20.52,89,60,Kota Kediri,-7.848,112.0172
2022-07-08,29.1,22.2,25.0,0.0,0.0,4.71,22.8,19.63,88,54,Kota Kediri,-7.848,112.0172
2022-07-09,29.4,21.0,24.8,0.0,0.0,4.63,20.6,19.92,82,58,Kota Kediri,-7.848,112.0172
2022-07-10,30.5,22.6,26.0,0.1,0.1,4.59,18.9,19.45,87,56,Kota Kediri,-7.848,112.0172
2022-07-11,30.2,23.6,26.2,6.6,6.6,4.08,21.3,18.58,91,67,Kota Kediri,-7.848,112.0172
2022-07-12,30.3,23.6,26.1,4.6,4.6,4.11,18.4,19.34,93,65,Kota Kediri,-7.848,112.0172
2022-07-13,31.0,23.1,25.8,3.4,3.4,3.81,13.2,18.63,95,61,Kota Kediri,-7.848,112.0172
2022-07-14,30.2,22.5,25.6,3.5,3.5,3.48,12.8,17.22,99,64,Kota Kediri,-7.848,112.0172
2022-07-15,29.9,23.6,26.3,4.9,4.9,3.97,15.8,18.08,94,65,Kota Kediri,-7.848,112.0172
2022-07-16,29.2,23.7,26.2,0.8,0.8,4.23,22.0,19.34,93,68,Kota Kediri,-7.848,112.0172
2022-07-17,30.0,23.4,25.6,5.6,5.6,3.43,24.5,15.29,91,62,Kota Kediri,-7.848,112.0172
2022-07-18,29.8,23.5,25.9,5.7,5.7,4.1,20.3,18.72,92,65,Kota Kediri,-7.848,112.0172
2022-07-19,30.8,23.8,26.4,0.0,0.0,4.63,21.7,19.67,89,56,Kota Kediri,-7.848,112.0172
2022-07-20,31.6,22.5,26.0,0.0,0.0,4.78,22.6,20.95,90,53,Kota Kediri,-7.848,112.0172
2022-07-21,29.9,23.1,26.0,0.0,0.0,4.7,23.1,18.66,86,58,Kota Kediri,-7.848,112.0172
2022-07-22,30.1,24.1,26.4,0.1,0.1,4.62,23.2,18.68,84,60,Kota Kediri,-7.848,112.0172
2022-07-23,29.7,23.5,25.8,0.6,0.6,4.17,23.7,17.74,88,62,Kota Kediri,-7.848,112.0172
2022-07-24,29.2,22.4,25.2,0.0,0.0,5.15,24.9,19.78,85,53,Kota Kediri,-7.848,112.0172
2022-07-25,29.0,20.9,24.5,0.0,0.0,5.45,22.1,21.59,78,48,Kota Kediri,-7.848,112.0172
2022-07-26,30.8,21.1,25.5,0.0,0.0,5.19,18.6,21.47,85,49,Kota Kediri,-7.848,112.0172
2022-07-27,31.6,23.0,26.5,0.3,0.3,4.71,21.4,20.01,90,53,Kota Kediri,-7.848,112.0172
2022-07-28,31.3,22.7,26.4,0.6,0.6,4.66,21.2,20.18,96,57,Kota Kediri,-7.848,112.0172
2022-07-29,31.9,22.5,26.4,0.3,0.3,4.67,20.2,20.41,92,54,Kota Kediri,-7.848,112.0172
2022-07-30,31.5,23.8,26.3,0.0,0.0,4.93,21.5,20.54,89,52,Kota Kediri,-7.848,112.0172
2022-07-31,32.4,23.0,26.6,0.0,0.0,5.04,21.9,21.55,88,45,Kota Kediri,-7.848,112.0172
2022-08-01,33.3,20.8,26.6,0.0,0.0,5.16,25.2,22.57,97,39,Kota Kediri,-7.848,112.0172
2022-08-02,32.5,23.9,26.5,2.0,2.0,4.3,18.1,18.97,91,56,Kota Kediri,-7.848,112.0172
2022-08-03,32.5,23.6,26.6,3.9,3.9,4.29,18.4,19.41,96,53,Kota Kediri,-7.848,112.0172
2022-08-04,31.4,23.2,26.2,0.0,0.0,5.4,24.9,23.01,92,51,Kota Kediri,-7.848,112.0172
2022-08-05,31.9,22.0,25.8,0.0,0.0,5.36,24.1,23.14,90,48,Kota Kediri,-7.848,112.0172
2022-08-06,31.4,21.9,25.8,0.3,0.3,4.94,23.2,21.35,92,49,Kota Kediri,-7.848,112.0172
2022-08-07,29.5,23.3,25.7,0.5,0.5,4.32,24.8,18.17,88,62,Kota Kediri,-7.848,112.0172
2022-08-08,30.2,23.0,26.1,0.3,0.3,4.77,24.5,19.97,93,58,Kota Kediri,-7.848,112.0172
2022-08-09,31.5,23.3,26.5,0.4,0.4,5.22,25.3,20.73,87,50,Kota Kediri,-7.848,112.0172
2022-08-10,32.0,23.7,26.8,1.3,1.3,5.05,25.7,20.83,87,53,Kota Kediri,-7.848,112.0172
2022-08-11,31.1,23.6,26.6,3.5,3.5,4.3,20.8,18.49,92,59,Kota Kediri,-7.848,112.0172
2022-08-12,33.0,23.9,27.2,3.7,3.7,4.26,17.7,19.46,95,52,Kota Kediri,-7.848,112.0172
2022-08-13,31.8,23.3,25.6,23.3,23.3,3.32,15.2,16.2,97,60,Kota Kediri,-7.848,112.0172
2022-08-14,31.5,22.4,25.4,23.0,23.0,3.76,10.2,18.43,98,61,Kota Kediri,-7.848,112.0172
2022-08-15,31.0,21.5,25.6,12.0,12.0,4.19,9.8,20.66,97,63,Kota Kediri,-7.848,112.0172
2022-08-16,31.5,22.0,26.0,0.1,0.1,4.66,23.5,21.5,98,58,Kota Kediri,-7.848,112.0172
2022-08-17,30.9,22.9,26.1,0.4,0.4,4.99,20.5,21.41,89,52,Kota Kediri,-7.848,112.0172
2022-08-18,30.1,23.1,26.2,0.7,0.7,4.81,21.1,19.64,86,60,Kota Kediri,-7.848,112.0172
2022-08-19,30.6,23.7,26.2,2.7,2.7,4.81,23.4,19.89,88,57,Kota Kediri,-7.848,112.0172
2022-08-20,30.5,23.2,26.1,0.0,0.0,5.5,25.7,21.36,82,54,Kota Kediri,-7.848,112.0172
2022-08-21,30.6,23.6,26.4,0.0,0.0,5.31,20.6,21.65,80,56,Kota Kediri,-7.848,112.0172
2022-08-22,31.2,23.2,26.7,0.0,0.0,5.4,21.1,21.14,84,50,Kota Kediri,-7.848,112.0172
2022-08-23,30.2,23.4,26.6,0.0,0.0,5.35,22.9,19.91,84,54,Kota Kediri,-7.848,112.0172
2022-08-24,31.5,23.2,26.6,0.0,0.0,5.77,23.4,22.12,79,49,Kota Kediri,-7.848,112.0172
2022-08-25,30.5,22.8,26.3,0.1,0.1,5.29,24.2,21.33,84,54,Kota Kediri,-7.848,112.0172
2022-08-26,31.2,23.6,26.5,1.5,1.5,5.01,22.2,20.32,86,54,Kota Kediri,-7.848,112.0172
2022-08-27,29.9,23.9,26.3,0.0,0.0,5.08,25.6,19.59,84,59,Kota Kediri,-7.848,112.0172
2022-08-28,30.2,23.1,26.2,0.0,0.0,5.74,25.9,21.24,84,49,Kota Kediri,-7.848,112.0172
2022-08-29,31.0,23.4,26.2,0.4,0.4,5.46,24.5,21.8,83,52,Kota Kediri,-7.848,112.0172
2022-08-30,30.5,23.0,26.3,1.2,1.2,5.03,24.7,21.01,89,58,Kota Kediri,-7.848,112.0172
2022-08-31,30.5,23.1,26.2,2.3,2.3,4.45,21.4,20.17,94,63,Kota Kediri,-7.848,112.0172
2022-09-01,32.3,23.6,26.9,0.5,0.5,5.06,21.7,21.72,90,55,Kota Kediri,-7.848,112.0172
2022-09-02,32.8,23.9,27.2,0.0,0.0,5.52,23.3,23.09,91,51,Kota Kediri,-7.848,112.0172
2022-09-03,31.8,24.2,27.0,0.0,0.0,5.62,23.6,23.01,92,49,Kota Kediri,-7.848,112.0172
2022-09-04,31.6,23.6,26.8,0.7,0.7,5.34,23.1,22.18,91,52,Kota Kediri,-7.848,112.0172
2022-09-05,32.8,23.6,27.2,0.0,0.0,5.0,18.6,20.57,88,46,Kota Kediri,-7.848,112.0172
2022-09-06,32.5,23.5,27.1,1.5,1.5,5.31,20.5,22.82,92,50,Kota Kediri,-7.848,112.0172
2022-09-07,31.5,23.5,26.6,6.4,6.4,4.93,19.4,21.76,90,58,Kota Kediri,-7.848,112.0172
2022-09-08,33.6,23.6,26.5,2.1,2.1,4.72,20.8,21.43,91,48,Kota Kediri,-7.848,112.0172
2022-09-09,30.5,23.6,25.6,17.6,17.6,3.0,16.4,14.0,92,66,Kota Kediri,-7.848,112.0172
2022-09-10,30.5,23.2,25.4,29.4,29.4,3.79,16.6,19.09,95,67,Kota Kediri,-7.848,112.0172
2022-09-11,29.0,22.6,25.4,6.6,6.6,3.73,18.1,18.61,95,72,Kota Kediri,-7.848,112.0172
2022-09-12,32.0,21.5,26.4,0.0,0.0,5.27,19.9,24.55,100,52,Kota Kediri,-7.848,112.0172
2022-09-13,31.6,23.5,26.6,1.1,1.1,5.26,22.7,23.56,93,55,Kota Kediri,-7.848,112.0172
2022-09-14,31.5,23.7,26.7,0.3,0.3,5.45,22.7,22.92,88,52,Kota Kediri,-7.848,112.0172
2022-09-15,30.5,23.6,26.1,0.8,0.8,4.95,24.6,22.2,88,62,Kota Kediri,-7.848,112.0172
2022-09-16,30.7,23.8,26.1,1.1,1.1,4.78,25.3,20.77,88,59,Kota Kediri,-7.848,112.0172
2022-09-17,32.0,23.9,26.6,0.1,0.1,5.63,25.5,24.2,86,52,Kota Kediri,-7.848,112.0172
2022-09-18,31.6,23.5,26.7,0.0,0.0,5.59,23.9,23.63,92,55,Kota Kediri,-7.848,112.0172
2022-09-19,30.9,23.7,26.6,0.0,0.0,5.75,25.1,24.04,88,54,Kota Kediri,-7.848,112.0172
2022-09-20,30.5,22.9,26.4,0.1,0.1,5.39,24.5,22.26,87,59,Kota Kediri,-7.848,112.0172
2022-09-21,30.8,23.8,26.3,2.6,2.6,4.68,23.8,20.06,87,60,Kota Kediri,-7.848,112.0172
2022-09-22,31.0,24.1,26.6,2.6,2.6,5.16,23.3,22.36,87,59,Kota Kediri,-7.848,112.0172
2022-09-23,32.0,23.9,26.8,1.2,1.2,5.27,23.0,23.5,88,57,Kota Kediri,-7.848,112.0172
2022-09-24,31.0,24.2,26.8,2.7,2.7,5.06,25.4,22.71,90,60,Kota Kediri,-7.848,112.0172
2022-09-25,30.4,23.9,26.7,2.2,2.2,5.32,23.8,22.95,90,60,Kota Kediri,-7.848,112.0172
2022-09-26,29.6,23.6,26.2,1.6,1.6,5.17,26.7,22.48,89,61,Kota Kediri,-7.848,112.0172
2022-09-27,31.8,23.4,26.6,0.0,0.0,5.83,24.2,24.15,88,50,Kota Kediri,-7.848,112.0172
2022-09-28,31.6,22.8,26.5,0.5,0.5,5.88,24.0,24.66,86,51,Kota Kediri,-7.848,112.0172
2022-09-29,31.6,23.0,26.8,0.6,0.6,5.77,22.9,24.94,90,54,Kota Kediri,-7.848,112.0172
2022-09-30,32.3,24.1,26.2,18.3,18.3,4.09,25.6,18.69,91,58,Kota Kediri,-7.848,112.0172
2022-10-01,30.5,23.9,25.9,5.9,5.9,3.65,22.6,17.45,94,67,Kota Kediri,-7.848,112.0172
2022-10-02,29.4,23.9,25.3,9.7,9.7,2.71,20.1,12.84,96,69,Kota Kediri,-7.848,112.0172
2022-10-03,27.8,23.0,25.0,17.2,17.2,2.61,18.4,12.17,95,76,Kota Kediri,-7.848,112.0172
2022-10-04,30.3,23.8,26.6,0.1,0.1,4.95,21.0,21.45,91,61,Kota Kediri,-7.848,112.0172
2022-10-05,30.2,23.5,26.2,1.5,1.5,4.58,23.5,20.79,89,62,Kota Kediri,-7.848,112.0172
2022-10-06,29.1,23.9,25.7,8.0,8.0,3.87,21.8,17.87,92,69,Kota Kediri,-7.848,112.0172
2022-10-07,30.1,23.4,25.6,22.0,22.0,3.61,21.8,17.23,95,71,Kota Kediri,-7.848,112.0172
2022-10-08,29.5,23.0,25.2,8.8,8.8,3.6,22.6,17.46,94,70,Kota Kediri,-7.848,112.0172
2022-10-09,30.9,23.4,25.6,20.6,20.6,4.03,21.3,19.69,93,68,Kota Kediri,-7.848,112.0172
2022-10-10,29.6,24.0,25.7,6.6,6.6,3.48,20.3,16.87,91,71,Kota Kediri,-7.848,112.0172
2022-10-11,30.1,24.0,26.1,2.5,2.5,3.96,20.9,18.29,94,67,Kota Kediri,-7.848,112.0172
2022-10-12,29.5,23.5,25.9,3.0,3.0,4.03,20.6,18.55,89,69,Kota Kediri,-7.848,112.0172
2022-10-13,29.6,23.6,26.1,0.9,0.9,4.36,22.5,19.43,89,66,Kota Kediri,-7.848,112.0172
2022-10-14,29.8,23.9,26.4,5.0,5.0,4.53,20.9,20.78,93,69,Kota Kediri,-7.848,112.0172
2022-10-15,29.3,23.9,25.5,46.6,46.6,3.18,20.5,14.94,94,67,Kota Kediri,-7.848,112.0172
2022-10-16,29.4,23.8,26.3,7.1,7.1,4.64,23.2,22.48,92,70,Kota Kediri,-7.848,112.0172
2022-10-17,28.5,23.4,25.7,7.5,7.5,3.29,24.0,14.68,95,72,Kota Kediri,-7.848,112.0172
2022-10-18,28.3,24.0,25.3,3.2,3.2,2.7,19.1,12.29,94,76,Kota Kediri,-7.848,112.0172
2022-10-19,29.5,23.5,25.7,2.8,2.8,2.98,15.7,14.18,95,73,Kota Kediri,-7.848,112.0172
2022-10-20,31.2,23.0,25.7,14.2,14.2,3.77,9.7,18.41,98,68,Kota Kediri,-7.848,112.0172
2022-10-21,30.0,23.2,25.4,19.8,19.8,3.1,9.6,15.31,99,71,Kota Kediri,-7.848,112.0172
2022-10-22,31.0,22.7,26.2,0.0,0.0,3.94,16.2,18.66,98,62,Kota Kediri,-7.848,112.0172
2022-10-23,30.2,23.0,25.9,12.9,12.9,3.32,16.1,16.03,98,73,Kota Kediri,-7.848,112.0172
2022-10-24,28.2,24.0,25.7,3.1,3.1,3.18,23.0,15.42,93,75,Kota Kediri,-7.848,112.0172
2022-10-25,29.2,23.9,25.7,5.6,5.6,3.52,22.4,16.8,94,72,Kota Kediri,-7.848,112.0172
2022-10-26,29.0,23.6,25.2,15.0,15.0,2.83,20.2,12.57,95,64,Kota Kediri,-7.848,112.0172
2022-10-27,29.2,23.1,25.6,0.8,0.8,4.45,23.8,19.99,96,64,Kota Kediri,-7.848,112.0172
2022-10-28,29.2,22.0,25.3,0.0,0.0,5.55,27.4,24.11,85,56,Kota Kediri,-7.848,112.0172
2022-10-29,29.0,22.0,25.5,0.1,0.1,4.97,22.2,20.8,80,62,Kota Kediri,-7.848,112.0172
2022-10-30,29.0,22.8,25.8,0.0,0.0,5.34,24.1,22.36,82,57,Kota Kediri,-7.848,112.0172
2022-10-31,29.5,21.8,25.4,0.1,0.1,5.07,25.0,23.9,87,62,Kota Kediri,-7.848,112.0172
2022-11-01,29.9,23.2,26.4,0.9,0.9,4.4,19.9,19.66,92,67,Kota Kediri,-7.848,112.0172
2022-11-02,29.6,24.5,26.5,4.1,4.1,4.17,19.9,19.14,85,70,Kota Kediri,-7.848,112.0172
2022-11-03,31.9,23.0,26.5,9.7,9.7,4.55,15.1,21.74,97,59,Kota Kediri,-7.848,112.0172
2022-11-04,30.5,23.6,25.9,15.7,15.7,3.67,20.9,18.3,93,70,Kota Kediri,-7.848,112.0172
2022-11-05,30.7,23.7,26.3,6.2,6.2,3.76,16.8,18.11,98,72,Kota Kediri,-7.848,112.0172
2022-11-06,30.5,23.0,25.5,19.4,19.4,4.02,19.3,20.12,98,69,Kota Kediri,-7.848,112.0172
2022-11-07,30.6,23.2,25.1,7.4,7.4,3.42,17.7,17.35,97,68,Kota Kediri,-7.848,112.0172
2022-11-08,31.6,23.0,26.1,3.3,3.3,4.75,15.0,23.18,98,60,Kota Kediri,-7.848,112.0172
2022-11-09,29.0,23.5,25.3,9.7,9.7,2.78,12.6,14.0,98,75,Kota Kediri,-7.848,112.0172
2022-11-10,30.7,23.5,25.8,3.3,3.3,3.55,17.8,16.93,97,64,Kota Kediri,-7.848,112.0172
2022-11-11,30.4,23.4,25.8,3.2,3.2,3.67,20.3,17.92,97,69,Kota Kediri,-7.848,112.0172
2022-11-12,30.1,23.5,25.8,10.0,10.0,3.34,12.9,16.34,96,72,Kota Kediri,-7.848,112.0172
2022-11-13,29.9,23.0,25.7,2.0,2.0,3.72,19.1,19.01,97,72,Kota Kediri,-7.848,112.0172
2022-11-14,30.9,23.4,25.9,11.0,11.0,3.54,14.1,17.23,99,70,Kota Kediri,-7.848,112.0172
2022-11-15,30.0,23.6,25.6,13.4,13.4,3.35,12.3,16.71,98,73,Kota Kediri,-7.848,112.0172
2022-11-16,28.8,23.1,25.2,11.7,11.7,2.84,13.8,14.15,98,74,Kota Kediri,-7.848,112.0172
2022-11-17,31.5,24.0,26.2,26.1,26.1,4.04,10.4,19.35,98,63,Kota Kediri,-7.848,112.0172
2022-11-18,29.8,24.0,26.2,5.6,5.6,3.62,18.7,15.49,94,66,Kota Kediri,-7.848,112.0172
2022-11-19,27.0,23.0,24.7,11.6,11.6,1.72,16.5,7.9,99,80,Kota Kediri,-7.848,112.0172
2022-11-20,30.0,22.6,25.5,41.5,41.5,4.08,16.7,21.29,95,72,Kota Kediri,-7.848,112.0172
2022-11-21,27.9,23.6,25.5,10.1,10.1,3.62,10.3,18.34,94,72,Kota Kediri,-7.848,112.0172
2022-11-22,30.1,23.2,26.2,1.6,1.6,4.12,19.8,18.92,94,65,Kota Kediri,-7.848,112.0172
2022-11-23,29.5,23.5,26.2,1.0,1.0,3.31,12.4,15.34,92,71,Kota Kediri,-7.848,112.0172
2022-11-24,29.9,23.7,25.6,16.1,16.1,3.21,19.2,15.75,94,68,Kota Kediri,-7.848,112.0172
2022-11-25,31.0,23.2,25.6,18.9,18.9,4.03,11.5,19.75,98,66,Kota Kediri,-7.848,112.0172
2022-11-26,29.2,23.4,25.0,37.4,37.4,3.02,15.5,15.35,96,74,Kota Kediri,-7.848,112.0172
2022-11-27,29.2,23.4,25.4,31.8,31.8,3.44,15.5,17.33,94,72,Kota Kediri,-7.848,112.0172
2022-11-28,28.2,23.5,25.5,3.6,3.6,3.13,21.6,15.61,96,75,Kota Kediri,-7.848,112.0172
2022-11-29,28.4,23.5,25.6,5.8,5.8,3.39,20.2,17.02,95,77,Kota Kediri,-7.848,112.0172
2022-11-30,30.1,23.7,26.3,0.2,0.2,4.42,20.2,20.85,94,66,Kota Kediri,-7.848,112.0172
2022-12-01,30.0,23.8,26.4,0.0,0.0,5.02,21.7,21.8,84,62,Kota Kediri,-7.848,112.0172
2022-12-02,30.3,23.0,26.2,1.8,1.8,4.83,17.0,22.2,85,60,Kota Kediri,-7.848,112.0172
2022-12-03,29.5,23.8,26.4,0.2,0.2,4.55,21.2,20.36,90,66,Kota Kediri,-7.848,112.0172
2022-12-04,30.5,23.0,25.4,11.8,11.8,3.61,15.5,18.0,96,71,Kota Kediri,-7.848,112.0172
2022-12-05,30.5,22.8,25.5,14.7,14.7,3.3,15.3,16.42,99,72,Kota Kediri,-7.848,112.0172
2022-12-06,31.0,23.0,25.6,17.8,17.8,4.01,14.1,19.94,98,69,Kota Kediri,-7.848,112.0172
2022-12-07,30.6,23.3,25.6,13.6,13.6,3.63,18.8,18.45,97,69,Kota Kediri,-7.848,112.0172
2022-12-08,31.2,22.9,25.8,6.1,6.1,4.56,19.0,22.74,98,67,Kota Kediri,-7.848,112.0172
2022-12-09,30.9,23.6,26.9,0.7,0.7,5.37,20.8,24.79,91,60,Kota Kediri,-7.848,112.0172
2022-12-10,30.2,23.5,26.5,0.4,0.4,5.1,26.0,24.04,87,64,Kota Kediri,-7.848,112.0172
2022-12-11,30.5,24.0,26.6,0.6,0.6,4.71,22.8,22.71,91,71,Kota Kediri,-7.848,112.0172
2022-12-12,31.2,23.2,26.9,0.2,0.2,5.1,21.4,23.4,89,61,Kota Kediri,-7.848,112.0172
2022-12-13,31.1,24.0,26.3,11.3,11.3,4.05,16.1,19.97,93,69,Kota Kediri,-7.848,112.0172
2022-12-14,30.2,23.2,25.6,32.0,32.0,3.55,14.6,17.85,97,71,Kota Kediri,-7.848,112.0172
2022-12-15,30.2,23.0,25.7,1.5,1.5,3.97,17.0,19.85,99,69,Kota Kediri,-7.848,112.0172
2022-12-16,28.5,23.0,25.2,8.3,8.3,3.08,24.1,14.9,94,74,Kota Kediri,-7.848,112.0172
2022-12-17,30.5,23.5,26.3,1.4,1.4,4.3,19.9,20.72,93,70,Kota Kediri,-7.848,112.0172
2022-12-18,30.9,22.8,26.6,0.0,0.0,5.22,22.4,25.37,96,61,Kota Kediri,-7.848,112.0172
2022-12-19,31.1,22.5,26.5,2.9,2.9,4.63,18.4,22.37,94,65,Kota Kediri,-7.848,112.0172
2022-12-20,31.2,22.8,26.4,5.6,5.6,4.6,18.0,22.04,96,65,Kota Kediri,-7.848,112.0172
2022-12-21,31.3,23.6,26.9,0.7,0.7,4.37,13.8,20.13,92,66,Kota Kediri,-7.848,112.0172
2022-12-22,27.5,22.5,25.0,11.4,11.4,2.16,13.6,10.17,96,80,Kota Kediri,-7.848,112.0172
2022-12-23,28.4,21.1,23.9,25.3,25.3,2.39,8.4,11.74,100,77,Kota Kediri,-7.848,112.0172
2022-12-24,28.1,22.2,24.6,5.4,5.4,2.65,6.1,12.98,98,74,Kota Kediri,-7.848,112.0172
2022-12-25,25.5,22.4,23.7,14.3,14.3,1.65,9.0,8.25,99,87,Kota Kediri,-7.848,112.0172
2022-12-26,27.1,21.3,23.1,19.5,19.5,2.35,15.8,12.44,99,79,Kota Kediri,-7.848,112.0172
2022-12-27,26.1,21.8,23.7,7.0,7.0,2.27,13.4,11.89,98,78,Kota Kediri,-7.848,112.0172
2022-12-28,27.7,21.5,24.5,33.5,33.5,3.23,7.0,16.51,99,77,Kota Kediri,-7.848,112.0172
2022-12-29,27.9,22.1,24.5,14.7,14.7,2.43,17.9,12.87,99,79,Kota Kediri,-7.848,112.0172
2022-12-30,27.0,23.0,24.8,15.5,15.5,2.02,22.8,9.44,98,82,Kota Kediri,-7.848,112.0172
2022-12-31,27.1,23.0,25.0,4.6,4.6,2.53,24.5,11.85,95,81,Kota Kediri,-7.848,112.0172
2023-01-01,28.1,23.5,25.4,5.9,5.9,3.0,26.6,14.07,96,73,Kota Kediri,-7.848,112.0172
2023-01-02,28.4,22.4,24.7,8.1,8.1,3.02,11.6,15.22,96,77,Kota Kediri,-7.848,112.0172
2023-01-03,29.1,21.2,24.5,1.4,1.4,4.08,13.5,21.0,99,66,Kota Kediri,-7.848,112.0172
2023-01-04,29.0,21.7,24.7,3.0,3.0,3.75,10.8,18.9,97,69,Kota Kediri,-7.848,112.0172
2023-01-05,29.5,22.3,25.8,2.6,2.6,3.79,13.3,18.04,95,71,Kota Kediri,-7.848,112.0172
2023-01-06,30.2,24.4,26.3,3.5,3.5,3.8,21.6,16.38,88,63,Kota Kediri,-7.848,112.0172
2023-01-07,30.7,23.4,26.6,0.5,0.5,5.09,25.5,24.0,92,62,Kota Kediri,-7.848,112.0172
2023-01-08,30.5,23.0,26.6,0.6,0.6,4.66,21.3,21.4,94,62,Kota Kediri,-7.848,112.0172
2023-01-09,31.0,23.2,26.2,1.8,1.8,4.43,18.0,21.11,93,61,Kota Kediri,-7.848,112.0172
2023-01-10,29.9,23.7,26.5,5.6,5.6,4.74,21.0,22.84,89,66,Kota Kediri,-7.848,112.0172
2023-01-11,30.4,24.0,26.6,1.1,1.1,5.14,23.9,24.62,93,63,Kota Kediri,-7.848,112.0172
2023-01-12,30.5,23.3,26.5,0.0,0.0,5.39,23.9,24.99,90,61,Kota Kediri,-7.848,112.0172
2023-01-13,31.5,22.9,26.8,0.2,0.2,5.61,24.2,25.3,93,56,Kota Kediri,-7.848,112.0172
2023-01-14,29.7,22.9,26.1,1.5,1.5,4.05,19.1,19.52,92,69,Kota Kediri,-7.848,112.0172
2023-01-15,29.2,23.6,25.3,24.0,24.0,3.41,7.7,16.93,94,69,Kota Kediri,-7.848,112.0172
2023-01-16,27.9,22.5,24.8,14.5,14.5,2.94,8.0,14.74,98,73,Kota Kediri,-7.848,112.0172
2023-01-17,28.4,23.2,25.2,6.3,6.3,2.84,10.5,14.03,95,77,Kota Kediri,-7.848,112.0172
2023-01-18,29.8,23.5,25.9,0.6,0.6,3.42,16.2,16.23,97,70,Kota Kediri,-7.848,112.0172
2023-01-19,30.0,22.0,25.4,2.7,2.7,3.96,13.3,19.38,99,69,Kota Kediri,-7.848,112.0172
2023-01-20,29.5,23.5,25.8,11.9,11.9,3.77,14.8,18.43,93,69,Kota Kediri,-7.848,112.0172
2023-01-21,29.5,23.5,26.0,19.0,19.0,3.54,11.6,17.28,94,68,Kota Kediri,-7.848,112.0172
2023-01-22,30.2,23.1,26.3,1.8,1.8,3.99,12.9,18.87,98,65,Kota Kediri,-7.848,112.0172
2023-01-23,30.7,22.8,26.9,0.1,0.1,4.8,10.2,23.05,94,60,Kota Kediri,-7.848,112.0172
2023-01-24,32.0,24.0,27.1,2.3,2.3,4.87,13.9,23.01,94,55,Kota Kediri,-7.848,112.0172
2023-01-25,27.6,23.0,25.0,8.2,8.2,2.89,7.6,14.48,95,75,Kota Kediri,-7.848,112.0172
2023-01-26,28.2,23.6,25.4,14.5,14.5,2.86,20.7,14.05,95,76,Kota Kediri,-7.848,112.0172
2023-01-27,27.0,23.6,24.6,16.8,16.8,2.18,7.0,10.83,97,84,Kota Kediri,-7.848,112.0172
2023-01-28,28.1,23.0,24.6,33.9,33.9,2.43,9.3,12.39,97,79,Kota Kediri,-7.848,112.0172
2023-01-29,29.4,23.1,25.4,18.0,18.0,3.21,11.9,15.89,98,73,Kota Kediri,-7.848,112.0172
2023-01-30,28.6,23.1,25.5,2.2,2.2,3.35,7.4,16.5,97,72,Kota Kediri,-7.848,112.0172
2023-01-31,29.1,24.2,26.1,4.9,4.9,2.88,11.9,13.31,95,72,Kota Kediri,-7.848,112.0172
2023-02-01,27.5,23.2,24.9,14.3,14.3,2.79,12.6,13.98,99,77,Kota Kediri,-7.848,112.0172
2023-02-02,27.4,22.1,24.5,3.6,3.6,1.68,16.0,7.75,97,79,Kota Kediri,-7.848,112.0172
2023-02-03,27.7,23.0,24.8,9.0,9.0,2.05,18.0,9.97,97,81,Kota Kediri,-7.848,112.0172
2023-02-04,27.6,22.9,24.6,12.6,12.6,2.43,14.4,12.84,98,83,Kota Kediri,-7.848,112.0172
2023-02-05,30.1,22.1,25.5,4.1,4.1,3.65,17.3,15.45,99,60,Kota Kediri,-7.848,112.0172
2023-02-06,27.5,23.4,25.2,1.0,1.0,2.69,15.5,12.25,87,74,Kota Kediri,-7.848,112.0172
2023-02-07,27.3,22.8,24.6,18.8,18.8,2.75,8.9,13.65,97,74,Kota Kediri,-7.848,112.0172
2023-02-08,25.5,22.8,24.0,42.0,42.0,1.3,11.7,6.34,98,91,Kota Kediri,-7.848,112.0172
2023-02-09,28.1,22.1,24.4,29.7,29.7,3.03,9.5,15.56,98,78,Kota Kediri,-7.848,112.0172
2023-02-10,29.0,23.0,25.0,10.0,10.0,3.06,15.4,15.69,99,75,Kota Kediri,-7.848,112.0172
2023-02-11,28.5,23.8,25.2,18.2,18.2,2.7,21.3,14.34,96,81,Kota Kediri,-7.848,112.0172
2023-02-12,29.0,23.1,25.2,12.1,12.1,3.24,14.2,16.1,98,73,Kota Kediri,-7.848,112.0172
2023-02-13,29.4,23.5,25.7,12.8,12.8,3.22,16.2,14.73,92,71,Kota Kediri,-7.848,112.0172
2023-02-14,28.9,22.7,24.8,1.8,1.8,3.76,13.1,19.34,99,76,Kota Kediri,-7.848,112.0172
2023-02-15,28.9,22.3,24.5,9.9,9.9,2.59,15.0,12.91,100,76,Kota Kediri,-7.848,112.0172
2023-02-16,28.0,21.9,23.7,57.2,57.2,1.91,10.1,9.46,99,79,Kota Kediri,-7.848,112.0172
2023-02-17,27.1,22.9,24.3,18.7,18.7,2.43,9.7,12.13,98,77,Kota Kediri,-7.848,112.0172
2023-02-18,27.2,22.6,24.6,14.5,14.5,2.86,7.4,14.48,99,82,Kota Kediri,-7.848,112.0172
2023-02-19,28.4,22.2,25.1,7.2,7.2,3.39,18.8,17.4,99,79,Kota Kediri,-7.848,112.0172
2023-02-20,28.0,23.0,25.0,15.9,15.9,3.58,9.7,18.09,98,79,Kota Kediri,-7.848,112.0172
2023-02-21,29.0,22.4,24.9,7.5,7.5,3.43,8.7,17.68,98,70,Kota Kediri,-7.848,112.0172
2023-02-22,28.0,22.6,24.8,25.2,25.2,2.97,13.0,15.06,99,74,Kota Kediri,-7.848,112.0172
2023-02-23,29.0,22.9,25.5,19.7,19.7,3.29,16.3,16.49,99,73,Kota Kediri,-7.848,112.0172
2023-02-24,28.0,22.4,25.1,39.5,39.5,2.76,11.9,14.12,99,80,Kota Kediri,-7.848,112.0172
2023-02-25,30.0,22.4,25.1,35.8,35.8,3.13,14.0,15.68,98,69,Kota Kediri,-7.848,112.0172
2023-02-26,29.0,21.8,24.4,29.4,29.4,2.8,15.6,14.19,98,71,Kota Kediri,-7.848,112.0172
2023-02-27,28.7,23.0,25.0,16.8,16.8,2.65,23.4,13.32,98,74,Kota Kediri,-7.848,112.0172
2023-02-28,29.7,22.5,24.7,22.3,22.3,2.99,16.0,14.93,98,68,Kota Kediri,-7.848,112.0172
2023-03-01,28.5,22.5,24.9,17.3,17.3,3.37,14.2,16.6,98,78,Kota Kediri,-7.848,112.0172
2023-03-02,26.8,22.4,24.0,41.6,41.6,2.28,14.5,12.21,100,86,Kota Kediri,-7.848,112.0172
2023-03-03,28.1,21.9,24.9,0.6,0.6,4.33,9.5,22.71,99,71,Kota Kediri,-7.848,112.0172
2023-03-04,28.8,21.5,24.6,6.4,6.4,3.53,11.8,18.03,97,70,Kota Kediri,-7.848,112.0172
2023-03-05,27.7,21.5,24.5,1.7,1.7,2.98,13.1,15.12,95,75,Kota Kediri,-7.848,112.0172
2023-03-06,30.6,23.4,26.5,1.8,1.8,4.93,23.4,23.55,92,64,Kota Kediri,-7.848,112.0172
2023-03-07,30.7,23.1,26.2,1.9,1.9,4.81,16.1,23.96,95,62,Kota Kediri,-7.848,112.0172
2023-03-08,29.2,22.5,25.6,3.3,3.3,3.74,15.5,19.1,97,74,Kota Kediri,-7.848,112.0172
2023-03-09,31.1,22.8,26.3,2.0,2.0,4.84,11.3,23.76,99,60,Kota Kediri,-7.848,112.0172
2023-03-10,30.4,23.4,26.5,12.7,12.7,4.55,13.6,22.43,94,68,Kota Kediri,-7.848,112.0172
2023-03-11,31.2,23.9,27.0,2.5,2.5,5.12,18.1,24.65,92,66,Kota Kediri,-7.848,112.0172
2023-03-12,31.7,22.9,26.8,0.0,0.0,5.38,18.1,25.72,95,57,Kota Kediri,-7.848,112.0172
2023-03-13,31.0,23.3,26.6,0.5,0.5,5.16,13.0,24.88,94,56,Kota Kediri,-7.848,112.0172
2023-03-14,30.5,22.5,25.4,6.6,6.6,4.15,15.4,20.56,98,64,Kota Kediri,-7.848,112.0172
2023-03-15,31.0,22.1,26.0,2.4,2.4,4.52,14.5,22.45,98,63,Kota Kediri,-7.848,112.0172
2023-03-16,30.6,22.8,26.0,10.6,10.6,4.1,9.2,20.17,98,71,Kota Kediri,-7.848,112.0172
2023-03-17,30.6,23.2,26.0,28.6,28.6,3.8,20.4,18.96,98,71,Kota Kediri,-7.848,112.0172
2023-03-18,31.1,22.6,25.7,11.2,11.2,3.96,15.8,20.54,98,71,Kota Kediri,-7.848,112.0172
2023-03-19,31.0,23.2,26.0,9.7,9.7,4.38,11.7,21.71,96,71,Kota Kediri,-7.848,112.0172
2023-03-20,29.9,23.6,25.8,14.7,14.7,3.45,18.7,17.63,98,78,Kota Kediri,-7.848,112.0172
2023-03-21,31.9,22.6,26.4,10.3,10.3,5.1,12.4,25.08,98,67,Kota Kediri,-7.848,112.0172
2023-03-22,30.3,22.4,26.0,13.0,13.0,4.1,14.8,20.64,99,70,Kota Kediri,-7.848,112.0172
2023-03-23,31.2,23.4,26.6,6.6,6.6,4.08,13.5,19.69,98,69,Kota Kediri,-7.848,112.0172
2023-03-24,30.6,24.1,26.3,10.4,10.4,3.78,20.1,18.44,98,70,Kota Kediri,-7.848,112.0172
2023-03-25,30.3,23.6,25.8,11.4,11.4,3.36,10.7,16.7,99,70,Kota Kediri,-7.848,112.0172
2023-03-26,30.3,23.1,25.5,2.8,2.8,3.28,16.5,16.23,97,67,Kota Kediri,-7.848,112.0172
2023-03-27,28.4,22.5,25.0,7.1,7.1,2.51,12.3,12.86,98,80,Kota Kediri,-7.848,112.0172
2023-03-28,30.4,23.0,25.4,17.7,17.7,3.15,15.5,15.74,98,68,Kota Kediri,-7.848,112.0172
2023-03-29,29.8,23.9,26.1,0.3,0.3,3.43,13.0,16.68,94,65,Kota Kediri,-7.848,112.0172
2023-03-30,30.2,23.5,25.9,14.5,14.5,3.63,13.0,18.29,97,72,Kota Kediri,-7.848,112.0172
2023-03-31,28.9,23.0,25.1,8.9,8.9,2.61,14.4,12.9,98,73,Kota Kediri,-7.848,112.0172
2023-04-01,28.0,23.1,25.0,7.1,7.1,2.31,17.4,11.64,95,79,Kota Kediri,-7.848,112.0172
2023-04-02,28.9,22.8,25.2,22.9,22.9,2.89,15.1,14.19,95,78,Kota Kediri,-7.848,112.0172
2023-04-03,29.1,23.4,25.7,12.7,12.7,2.97,15.7,14.39,96,74,Kota Kediri,-7.848,112.0172
2023-04-04,29.6,23.4,25.5,12.9,12.9,3.45,14.8,17.11,95,70,Kota Kediri,-7.848,112.0172
2023-04-05,30.2,23.8,26.3,5.1,5.1,4.09,11.6,19.68,93,67,Kota Kediri,-7.848,112.0172
2023-04-06,29.3,23.2,25.8,1.7,1.7,3.62,16.9,17.43,95,72,Kota Kediri,-7.848,112.0172
2023-04-07,29.4,24.6,26.6,0.0,0.0,3.59,17.2,15.4,90,68,Kota Kediri,-7.848,112.0172
2023-04-08,31.0,23.8,26.5,5.1,5.1,4.3,16.0,20.68,93,60,Kota Kediri,-7.848,112.0172
2023-04-09,30.4,22.5,26.2,2.3,2.3,4.16,11.5,20.35,92,65,Kota Kediri,-7.848,112.0172
2023-04-10,29.5,23.5,25.5,10.3,10.3,3.28,17.8,16.2,97,73,Kota Kediri,-7.848,112.0172
2023-04-11,29.6,23.2,26.4,1.1,1.1,3.74,16.3,17.83,95,73,Kota Kediri,-7.848,112.0172
2023-04-12,29.5,24.0,26.1,6.7,6.7,3.18,15.5,15.61,94,75,Kota Kediri,-7.848,112.0172
2023-04-13,29.0,24.1,26.0,3.4,3.4,2.58,17.4,10.94,92,73,Kota Kediri,-7.848,112.0172
2023-04-14,29.6,24.2,26.4,4.2,4.2,3.81,19.6,17.05,88,68,Kota Kediri,-7.848,112.0172
2023-04-15,30.5,23.9,26.7,1.7,1.7,4.0,16.5,18.28,91,65,Kota Kediri,-7.848,112.0172
2023-04-16,30.8,23.9,26.8,3.1,3.1,4.31,12.8,20.96,95,66,Kota Kediri,-7.848,112.0172
2023-04-17,30.0,23.6,26.5,5.0,5.0,3.46,7.5,16.98,97,71,Kota Kediri,-7.848,112.0172
2023-04-18,30.5,23.6,26.2,9.0,9.0,3.39,14.7,16.56,94,73,Kota Kediri,-7.848,112.0172
2023-04-19,31.4,24.0,27.3,0.3,0.3,4.86,16.1,22.56,91,61,Kota Kediri,-7.848,112.0172
2023-04-20,31.2,24.1,26.8,4.3,4.3,4.28,17.4,20.85,94,69,Kota Kediri,-7.848,112.0172
2023-04-21,31.4,22.6,26.6,0.3,0.3,4.31,14.3,20.55,97,61,Kota Kediri,-7.848,112.0172
2023-04-22,31.8,24.0,26.1,22.7,22.7,4.03,17.6,20.05,97,65,Kota Kediri,-7.848,112.0172
2023-04-23,31.7,23.2,26.9,1.1,1.1,4.41,10.8,21.12,96,65,Kota Kediri,-7.848,112.0172
2023-04-24,31.8,24.8,27.2,6.9,6.9,4.47,13.3,21.54,94,65,Kota Kediri,-7.848,112.0172
2023-04-25,31.9,23.4,26.6,4.1,4.1,4.45,11.3,21.71,99,63,Kota Kediri,-7.848,112.0172
2023-04-26,31.6,23.9,26.7,2.1,2.1,4.17,15.0,19.9,95,63,Kota Kediri,-7.848,112.0172
2023-04-27,31.0,24.3,26.6,8.5,8.5,3.91,16.2,18.89,92,71,Kota Kediri,-7.848,112.0172
2023-04-28,29.8,24.4,26.5,12.2,12.2,3.05,16.5,15.09,97,74,Kota Kediri,-7.848,112.0172
2023-04-29,29.1,23.2,25.3,31.9,31.9,2.58,14.0,13.46,98,78,Kota Kediri,-7.848,112.0172
2023-04-30,31.4,23.0,26.5,4.2,4.2,3.96,14.3,19.35,98,62,Kota Kediri,-7.848,112.0172
2023-05-01,31.2,23.9,26.1,25.9,25.9,3.74,16.5,18.77,96,69,Kota Kediri,-7.848,112.0172
2023-05-02,30.4,23.2,26.1,5.2,5.2,3.31,13.1,16.71,96,72,Kota Kediri,-7.848,112.0172
2023-05-03,31.6,23.8,26.7,4.0,4.0,3.58,8.8,17.43,97,66,Kota Kediri,-7.848,112.0172
2023-05-04,30.9,24.0,26.4,28.0,28.0,3.61,13.5,17.83,97,70,Kota Kediri,-7.848,112.0172
2023-05-05,31.1,23.6,26.6,2.9,2.9,4.09,17.8,19.77,96,68,Kota Kediri,-7.848,112.0172
2023-05-06,29.9,24.5,26.6,6.5,6.5,3.58,20.6,16.82,89,77,Kota Kediri,-7.848,112.0172
2023-05-07,31.1,25.2,27.3,0.7,0.7,4.63,19.0,20.2,88,65,Kota Kediri,-7.848,112.0172
2023-05-08,31.4,24.2,27.3,1.2,1.2,4.59,17.6,20.69,90,62,Kota Kediri,-7.848,112.0172
2023-05-09,29.4,24.0,26.3,7.3,7.3,3.26,21.3,16.23,96,76,Kota Kediri,-7.848,112.0172
2023-05-10,31.0,23.6,26.7,10.3,10.3,3.29,10.8,15.74,98,69,Kota Kediri,-7.848,112.0172
2023-05-11,30.2,24.4,26.5,10.6,10.6,3.05,15.0,14.78,96,73,Kota Kediri,-7.848,112.0172
2023-05-12,31.5,25.2,27.3,4.1,4.1,4.03,16.8,18.22,90,66,Kota Kediri,-7.848,112.0172
2023-05-13,29.6,24.5,26.5,0.0,0.0,4.84,25.3,20.85,89,64,Kota Kediri,-7.848,112.0172
2023-05-14,29.3,23.0,25.8,0.0,0.0,4.72,24.5,20.43,86,65,Kota Kediri,-7.848,112.0172
2023-05-15,29.0,23.2,25.6,0.0,0.0,4.33,20.4,18.15,84,63,Kota Kediri,-7.848,112.0172
2023-05-16,29.5,22.8,25.5,0.0,0.0,4.43,20.1,18.73,81,59,Kota Kediri,-7.848,112.0172
2023-05-17,29.2,22.9,25.5,0.0,0.0,4.73,19.2,20.87,82,59,Kota Kediri,-7.848,112.0172
2023-05-18,30.0,22.5,25.7,0.0,0.0,4.53,19.1,20.45,87,59,Kota Kediri,-7.848,112.0172
2023-05-19,30.5,23.2,26.4,0.0,0.0,4.57,17.9,19.75,86,59,Kota Kediri,-7.848,112.0172
2023-05-20,31.0,23.2,26.5,0.0,0.0,4.85,20.2,20.85,86,58,Kota Kediri,-7.848,112.0172
2023-05-21,30.9,22.9,26.4,0.6,0.6,4.74,18.7,20.6,86,57,Kota Kediri,-7.848,112.0172
2023-05-22,30.8,23.3,26.3,0.1,0.1,4.97,18.3,21.24,84,55,Kota Kediri,-7.848,112.0172
2023-05-23,30.9,22.6,26.3,0.0,0.0,4.68,17.7,20.63,86,57,Kota Kediri,-7.848,112.0172
2023-05-24,31.4,22.2,26.6,0.0,0.0,4.56,17.8,20.58,96,53,Kota Kediri,-7.848,112.0172
2023-05-25,31.1,23.6,26.6,0.0,0.0,4.87,23.0,21.12,90,56,Kota Kediri,-7.848,112.0172
2023-05-26,32.0,23.4,27.1,0.0,0.0,5.18,19.4,21.19,85,52,Kota Kediri,-7.848,112.0172
2023-05-27,31.1,24.0,26.9,0.0,0.0,5.23,22.0,20.18,82,53,Kota Kediri,-7.848,112.0172
2023-05-28,30.4,23.4,26.4,0.0,0.0,5.04,20.3,18.87,81,50,Kota Kediri,-7.848,112.0172
2023-05-29,31.5,23.8,26.9,0.0,0.0,4.96,18.2,19.52,84,47,Kota Kediri,-7.848,112.0172
2023-05-30,31.8,21.9,26.4,0.0,0.0,4.74,19.7,21.06,93,49,Kota Kediri,-7.848,112.0172
2023-05-31,32.1,23.1,27.0,0.0,0.0,4.88,19.7,20.65,92,51,Kota Kediri,-7.848,112.0172
2023-06-01,32.8,24.1,27.4,0.0,0.0,4.95,22.1,20.26,86,51,Kota Kediri,-7.848,112.0172
2023-06-02,31.0,24.6,27.3,0.5,0.5,4.85,22.2,19.11,85,59,Kota Kediri,-7.848,112.0172
2023-06-03,31.5,24.6,27.4,0.0,0.0,4.98,22.8,19.49,84,58,Kota Kediri,-7.848,112.0172
2023-06-04,30.0,24.3,26.7,0.3,0.3,4.36,21.7,18.48,90,63,Kota Kediri,-7.848,112.0172
2023-06-05,30.4,24.0,26.4,1.2,1.2,3.83,22.6,16.08,90,63,Kota Kediri,-7.848,112.0172
2023-06-06,29.5,24.0,26.0,4.4,4.4,3.71,23.5,16.16,94,67,Kota Kediri,-7.848,112.0172
2023-06-07,29.9,23.3,25.9,20.0,20.0,3.51,21.0,15.94,95,68,Kota Kediri,-7.848,112.0172
2023-06-08,30.9,23.8,26.2,9.7,9.7,4.1,19.8,18.5,92,63,Kota Kediri,-7.848,112.0172
2023-06-09,30.8,24.0,26.7,0.3,0.3,4.8,21.8,19.8,87,57,Kota Kediri,-7.848,112.0172
2023-06-10,30.8,23.5,26.4,0.0,0.0,4.58,21.4,19.1,89,55,Kota Kediri,-7.848,112.0172
2023-06-11,30.3,24.0,26.5,0.6,0.6,4.22,21.6,18.51,87,65,Kota Kediri,-7.848,112.0172
2023-06-12,31.5,24.5,27.0,0.8,0.8,4.37,18.6,18.97,87,63,Kota Kediri,-7.848,112.0172
2023-06-13,31.4,24.3,27.2,0.4,0.4,4.51,21.5,17.9,85,59,Kota Kediri,-7.848,112.0172
2023-06-14,30.6,24.1,26.9,0.0,0.0,4.85,22.4,18.55,81,56,Kota Kediri,-7.848,112.0172
2023-06-15,30.9,24.0,26.8,0.0,0.0,4.64,20.9,17.87,85,54,Kota Kediri,-7.848,112.0172
2023-06-16,31.8,24.0,26.8,0.0,0.0,4.64,18.8,19.14,87,53,Kota Kediri,-7.848,112.0172
2023-06-17,32.3,22.5,26.7,0.0,0.0,4.54,19.3,20.34,94,50,Kota Kediri,-7.848,112.0172
2023-06-18,32.9,21.8,27.1,0.0,0.0,4.54,14.0,20.92,97,45,Kota Kediri,-7.848,112.0172
2023-06-19,32.8,22.4,27.6,0.0,0.0,4.65,15.8,19.77,91,49,Kota Kediri,-7.848,112.0172
2023-06-20,32.7,22.5,27.5,0.0,0.0,4.55,16.0,19.09,92,49,Kota Kediri,-7.848,112.0172
2023-06-21,32.6,24.3,27.4,0.0,0.0,5.09,23.7,19.34,86,47,Kota Kediri,-7.848,112.0172
2023-06-22,33.2,24.2,27.3,0.1,0.1,4.92,23.2,19.41,90,48,Kota Kediri,-7.848,112.0172
2023-06-23,32.7,23.6,26.9,0.0,0.0,4.75,22.2,19.76,91,46,Kota Kediri,-7.848,112.0172
2023-06-24,32.7,22.5,26.7,0.0,0.0,4.83,23.3,20.19,94,45,Kota Kediri,-7.848,112.0172
2023-06-25,32.0,22.7,26.6,0.0,0.0,4.55,19.7,18.04,94,48,Kota Kediri,-7.848,112.0172
2023-06-26,31.5,22.5,26.4,0.1,0.1,4.51,22.6,18.5,89,50,Kota Kediri,-7.848,112.0172
2023-06-27,30.5,23.7,26.2,1.4,1.4,4.44,25.3,17.65,88,58,Kota Kediri,-7.848,112.0172
2023-06-28,30.6,23.6,26.4,0.5,0.5,4.51,25.6,17.78,88,58,Kota Kediri,-7.848,112.0172
2023-06-29,30.7,24.2,26.7,0.2,0.2,4.51,24.4,17.92,87,59,Kota Kediri,-7.848,112.0172
2023-06-30,31.3,24.2,26.9,0.5,0.5,4.62,23.8,18.64,89,57,Kota Kediri,-7.848,112.0172
2023-07-01,30.0,24.1,26.4,0.9,0.9,4.11,26.7,16.1,88,62,Kota Kediri,-7.848,112.0172
2023-07-02,29.2,24.3,26.2,0.8,0.8,4.03,25.3,15.42,85,63,Kota Kediri,-7.848,112.0172
2023-07-03,30.1,23.7,26.3,0.1,0.1,4.4,26.5,17.54,87,60,Kota Kediri,-7.848,112.0172
2023-07-04,30.4,23.4,26.2,0.0,0.0,4.27,26.9,18.37,92,60,Kota Kediri,-7.848,112.0172
2023-07-05,30.0,23.8,26.4,0.1,0.1,4.12,25.5,17.33,90,64,Kota Kediri,-7.848,112.0172
2023-07-06,30.1,24.4,26.4,1.3,1.3,4.17,24.4,17.62,88,61,Kota Kediri,-7.848,112.0172
2023-07-07,28.4,23.6,25.3,7.5,7.5,3.09,25.3,14.03,94,72,Kota Kediri,-7.848,112.0172
2023-07-08,29.8,23.1,25.7,3.2,3.2,3.13,22.5,14.32,94,68,Kota Kediri,-7.848,112.0172
2023-07-09,31.0,23.9,26.4,1.1,1.1,4.18,19.4,18.5,92,60,Kota Kediri,-7.848,112.0172
2023-07-10,30.5,22.9,26.2,0.0,0.0,4.46,23.7,19.72,95,60,Kota Kediri,-7.848,112.0172
2023-07-11,31.1,23.5,26.4,0.0,0.0,5.12,25.3,19.72,87,51,Kota Kediri,-7.848,112.0172
2023-07-12,30.1,22.9,26.2,0.0,0.0,5.37,25.9,19.24,81,49,Kota Kediri,-7.848,112.0172
2023-07-13,29.9,24.0,26.5,0.2,0.2,4.77,26.6,18.01,82,60,Kota Kediri,-7.848,112.0172
2023-07-14,30.2,23.9,26.4,0.0,0.0,4.9,27.4,18.14,89,52,Kota Kediri,-7.848,112.0172
2023-07-15,30.2,23.4,26.1,0.0,0.0,4.64,24.5,18.54,87,58,Kota Kediri,-7.848,112.0172
2023-07-16,29.5,23.0,25.7,0.3,0.3,4.87,25.2,19.74,90,58,Kota Kediri,-7.848,112.0172
2023-07-17,31.1,22.4,25.9,0.0,0.0,5.07,25.3,19.98,87,46,Kota Kediri,-7.848,112.0172
2023-07-18,31.4,23.0,26.3,0.0,0.0,5.21,24.5,21.14,87,48,Kota Kediri,-7.848,112.0172
2023-07-19,30.8,23.4,26.1,0.0,0.0,5.78,28.6,20.94,84,46,Kota Kediri,-7.848,112.0172
2023-07-20,30.6,22.3,25.5,0.0,0.0,5.65,26.8,21.06,82,46,Kota Kediri,-7.848,112.0172
2023-07-21,30.4,22.8,25.8,0.0,0.0,5.18,25.3,18.25,86,50,Kota Kediri,-7.848,112.0172
2023-07-22,31.8,22.5,26.2,0.0,0.0,5.35,24.5,19.59,81,45,Kota Kediri,-7.848,112.0172
2023-07-23,30.8,23.3,26.5,0.0,0.0,5.71,22.9,20.1,79,47,Kota Kediri,-7.848,112.0172
2023-07-24,31.7,22.1,26.1,0.0,0.0,5.07,22.2,20.2,87,48,Kota Kediri,-7.848,112.0172
2023-07-25,31.8,21.3,25.9,0.0,0.0,4.84,23.3,20.23,96,48,Kota Kediri,-7.848,112.0172
2023-07-26,31.1,22.3,25.8,0.0,0.0,5.4,23.3,21.79,88,47,Kota Kediri,-7.848,112.0172
2023-07-27,30.3,20.9,24.9,0.0,0.0,5.17,25.1,21.74,90,48,Kota Kediri,-7.848,112.0172
2023-07-28,30.8,22.0,25.4,0.0,0.0,5.37,23.6,20.56,87,44,Kota Kediri,-7.848,112.0172
2023-07-29,30.5,22.5,25.6,0.0,0.0,5.62,26.8,20.78,79,47,Kota Kediri,-7.848,112.0172
2023-07-30,30.1,21.8,25.4,0.0,0.0,5.29,26.7,18.17,83,43,Kota Kediri,-7.848,112.0172
2023-07-31,31.3,21.9,25.6,0.0,0.0,5.17,23.8,20.89,85,47,Kota Kediri,-7.848,112.0172
2023-08-01,32.5,22.4,26.2,0.0,0.0,4.88,23.6,20.98,92,46,Kota Kediri,-7.848,112.0172
2023-08-02,32.5,22.0,26.3,0.0,0.0,4.82,20.1,21.16,98,51,Kota Kediri,-7.848,112.0172
2023-08-03,32.3,22.5,26.4,0.0,0.0,4.61,24.8,18.3,97,50,Kota Kediri,-7.848,112.0172
2023-08-04,29.9,23.5,26.2,0.0,0.0,4.91,27.4,17.65,90,52,Kota Kediri,-7.848,112.0172
2023-08-05,31.9,23.1,26.4,0.0,0.0,5.15,27.7,19.6,84,48,Kota Kediri,-7.848,112.0172
2023-08-06,30.9,23.5,26.3,0.7,0.7,4.95,25.1,20.0,86,53,Kota Kediri,-7.848,112.0172
2023-08-07,32.0,23.6,26.7,0.2,0.2,5.28,25.5,20.58,86,50,Kota Kediri,-7.848,112.0172
2023-08-08,32.0,22.0,26.0,0.0,0.0,5.24,24.9,21.54,92,44,Kota Kediri,-7.848,112.0172
2023-08-09,32.8,22.1,26.1,0.0,0.0,5.64,29.0,22.14,84,40,Kota Kediri,-7.848,112.0172
2023-08-10,31.0,21.9,25.2,0.0,0.0,5.62,26.3,23.63,87,43,Kota Kediri,-7.848,112.0172
2023-08-11,30.9,21.7,25.2,0.0,0.0,5.69,24.4,23.54,87,43,Kota Kediri,-7.848,112.0172
2023-08-12,32.0,20.6,25.0,0.0,0.0,5.25,26.9,21.08,85,41,Kota Kediri,-7.848,112.0172
2023-08-13,32.0,19.9,25.4,0.0,0.0,5.49,23.3,22.77,96,42,Kota Kediri,-7.848,112.0172
2023-08-14,32.1,22.5,26.1,0.0,0.0,5.97,26.4,23.24,84,40,Kota Kediri,-7.848,112.0172
2023-08-15,32.5,22.5,26.3,0.0,0.0,5.43,26.9,20.98,88,42,Kota Kediri,-7.848,112.0172
2023-08-16,32.7,23.0,26.4,0.0,0.0,6.13,27.3,22.68,85,38,Kota Kediri,-7.848,112.0172
2023-08-17,30.2,22.0,25.3,0.0,0.0,5.16,26.0,18.87,88,47,Kota Kediri,-7.848,112.0172
2023-08-18,30.5,22.1,25.4,0.0,0.0,5.27,26.4,19.54,83,48,Kota Kediri,-7.848,112.0172
2023-08-19,32.0,21.8,26.0,0.0,0.0,5.27,23.8,20.39,90,43,Kota Kediri,-7.848,112.0172
2023-08-20,31.5,22.8,26.1,0.0,0.0,5.07,25.6,20.23,90,47,Kota Kediri,-7.848,112.0172
2023-08-21,32.5,22.9,26.6,0.0,0.0,5.74,27.6,20.44,81,42,Kota Kediri,-7.848,112.0172
2023-08-22,31.4,23.3,26.5,0.0,0.0,5.63,24.9,20.11,82,45,Kota Kediri,-7.848,112.0172
2023-08-23,30.8,22.5,25.9,0.0,0.0,5.6,28.3,20.57,85,49,Kota Kediri,-7.848,112.0172
2023-08-24,32.5,22.4,26.3,0.0,0.0,5.79,28.8,22.64,84,43,Kota Kediri,-7.848,112.0172
2023-08-25,31.7,23.2,26.4,0.0,0.0,5.54,29.3,21.03,86,48,Kota Kediri,-7.848,112.0172
2023-08-26,31.5,22.8,26.1,0.0,0.0,5.36,24.9,20.55,87,50,Kota Kediri,-7.848,112.0172
2023-08-27,31.3,22.4,25.7,0.0,0.0,5.62,27.1,22.48,87,47,Kota Kediri,-7.848,112.0172
2023-08-28,32.5,22.3,26.0,0.0,0.0,6.06,25.5,24.54,88,43,Kota Kediri,-7.848,112.0172
2023-08-29,32.8,22.9,26.6,0.0,0.0,6.13,24.3,24.12,85,43,Kota Kediri,-7.848,112.0172
2023-08-30,33.2,22.8,26.3,0.0,0.0,5.73,24.7,23.6,88,40,Kota Kediri,-7.848,112.0172
2023-08-31,31.9,22.5,26.1,0.0,0.0,5.67,28.7,22.31,90,44,Kota Kediri,-7.848,112.0172
2023-09-01,31.5,22.1,25.6,0.0,0.0,6.02,25.4,24.34,89,42,Kota Kediri,-7.848,112.0172
2023-09-02,31.5,20.9,25.2,0.0,0.0,5.61,24.6,22.65,84,39,Kota Kediri,-7.848,112.0172
2023-09-03,32.2,22.2,25.5,0.0,0.0,5.5,30.6,21.46,88,35,Kota Kediri,-7.848,112.0172
2023-09-04,32.0,21.9,26.0,0.0,0.0,6.89,26.7,25.32,84,34,Kota Kediri,-7.848,112.0172
2023-09-05,33.2,22.1,26.0,0.0,0.0,6.47,28.8,24.51,82,39,Kota Kediri,-7.848,112.0172
2023-09-06,31.6,22.8,26.3,0.0,0.0,5.88,27.7,21.4,87,47,Kota Kediri,-7.848,112.0172
2023-09-07,31.9,22.5,26.0,0.0,0.0,5.85,29.2,22.65,88,45,Kota Kediri,-7.848,112.0172
2023-09-08,32.8,22.5,26.2,0.0,0.0,6.39,27.5,24.33,86,40,Kota Kediri,-7.848,112.0172
2023-09-09,32.5,21.5,25.7,0.0,0.0,6.66,27.2,25.97,86,39,Kota Kediri,-7.848,112.0172
2023-09-10,31.5,21.7,25.7,0.0,0.0,5.74,28.7,22.17,90,44,Kota Kediri,-7.848,112.0172
2023-09-11,31.5,23.4,26.7,0.1,0.1,5.66,27.4,21.71,84,52,Kota Kediri,-7.848,112.0172
2023-09-12,33.5,24.0,27.2,0.0,0.0,6.01,31.3,22.43,86,41,Kota Kediri,-7.848,112.0172
2023-09-13,32.2,23.5,26.8,0.5,0.5,6.02,26.6,23.22,85,48,Kota Kediri,-7.848,112.0172
2023-09-14,30.1,23.8,26.5,0.8,0.8,5.39,26.3,20.12,86,53,Kota Kediri,-7.848,112.0172
2023-09-15,32.3,23.1,26.9,0.2,0.2,6.05,25.6,22.1,86,45,Kota Kediri,-7.848,112.0172
2023-09-16,32.8,23.5,27.0,0.7,0.7,5.84,26.2,22.55,82,45,Kota Kediri,-7.848,112.0172
2023-09-17,32.8,23.5,27.1,0.0,0.0,6.09,27.2,22.87,86,44,Kota Kediri,-7.848,112.0172
2023-09-18,31.8,23.4,26.5,0.0,0.0,6.01,26.3,23.17,86,43,Kota Kediri,-7.848,112.0172
2023-09-19,32.1,23.0,26.3,0.0,0.0,6.2,29.2,24.24,84,44,Kota Kediri,-7.848,112.0172
2023-09-20,32.8,22.9,26.7,0.0,0.0,6.56,27.1,25.05,82,43,Kota Kediri,-7.848,112.0172
2023-09-21,33.2,22.8,26.6,0.0,0.0,6.8,29.4,25.69,86,39,Kota Kediri,-7.848,112.0172
2023-09-22,33.0,22.8,26.4,0.0,0.0,6.78,28.1,25.56,86,30,Kota Kediri,-7.848,112.0172
2023-09-23,33.4,22.1,26.5,0.0,0.0,6.14,25.1,24.07,83,39,Kota Kediri,-7.848,112.0172
2023-09-24,32.3,23.4,27.0,0.0,0.0,6.03,30.2,23.22,88,46,Kota Kediri,-7.848,112.0172
2023-09-25,32.4,24.0,27.0,0.1,0.1,6.46,30.1,25.4,88,44,Kota Kediri,-7.848,112.0172
2023-09-26,33.5,22.8,27.0,0.0,0.0,6.75,29.9,25.78,89,39,Kota Kediri,-7.848,112.0172
2023-09-27,33.0,23.5,27.2,0.2,0.2,6.25,23.2,24.02,85,42,Kota Kediri,-7.848,112.0172
2023-09-28,34.6,23.6,27.6,0.1,0.1,6.4,23.2,24.72,88,39,Kota Kediri,-7.848,112.0172
2023-09-29,34.3,24.2,27.9,0.3,0.3,6.46,25.2,24.97,89,42,Kota Kediri,-7.848,112.0172
2023-09-30,34.5,24.2,27.8,0.0,0.0,6.72,27.1,25.47,86,35,Kota Kediri,-7.848,112.0172
2023-10-01,34.2,23.5,27.6,0.0,0.0,6.92,26.6,26.24,83,36,Kota Kediri,-7.848,112.0172
2023-10-02,32.7,23.9,27.2,0.6,0.6,6.33,28.1,24.48,83,43,Kota Kediri,-7.848,112.0172
2023-10-03,32.9,23.5,27.3,0.5,0.5,6.13,26.9,23.85,86,45,Kota Kediri,-7.848,112.0172
2023-10-04,35.2,23.6,28.1,1.2,1.2,6.4,25.9,24.98,87,40,Kota Kediri,-7.848,112.0172
2023-10-05,35.7,24.7,28.6,0.5,0.5,6.13,27.8,23.41,88,42,Kota Kediri,-7.848,112.0172
2023-10-06,35.0,25.0,28.7,0.8,0.8,6.34,24.7,24.17,89,43,Kota Kediri,-7.848,112.0172
2023-10-07,34.5,25.2,28.6,2.2,2.2,6.25,24.6,23.65,88,43,Kota Kediri,-7.848,112.0172
2023-10-08,34.8,25.0,28.7,0.6,0.6,6.19,23.9,23.53,85,43,Kota Kediri,-7.848,112.0172
2023-10-09,35.7,25.0,28.9,1.1,1.1,6.58,22.6,24.84,82,40,Kota Kediri,-7.848,112.0172
2023-10-10,34.2,24.0,28.0,0.0,0.0,6.62,28.2,25.77,89,41,Kota Kediri,-7.848,112.0172
2023-10-11,34.8,24.1,28.1,0.0,0.0,6.86,28.0,26.48,90,39,Kota Kediri,-7.848,112.0172
2023-10-12,34.7,24.0,28.4,0.2,0.2,6.51,23.5,24.14,87,38,Kota Kediri,-7.848,112.0172
2023-10-13,34.5,24.9,28.6,0.4,0.4,6.66,26.3,24.4,84,42,Kota Kediri,-7.848,112.0172
2023-10-14,34.5,25.1,28.6,0.4,0.4,6.31,24.8,24.19,83,42,Kota Kediri,-7.848,112.0172
2023-10-15,35.5,24.4,28.9,1.1,1.1,6.41,21.2,24.48,91,38,Kota Kediri,-7.848,112.0172
2023-10-16,35.8,25.4,28.9,0.1,0.1,6.34,25.1,23.5,84,42,Kota Kediri,-7.848,112.0172
2023-10-17,35.5,25.2,28.9,1.5,1.5,6.52,23.5,24.58,84,40,Kota Kediri,-7.848,112.0172
2023-10-18,35.0,25.1,28.5,0.9,0.9,6.35,24.9,24.54,87,44,Kota Kediri,-7.848,112.0172
2023-10-19,35.1,24.7,28.5,1.3,1.3,6.06,20.5,23.87,88,42,Kota Kediri,-7.848,112.0172
2023-10-20,34.7,23.9,28.3,1.1,1.1,6.29,23.5,24.53,94,46,Kota Kediri,-7.848,112.0172
2023-10-21,34.8,23.0,28.3,0.0,0.0,6.89,23.9,26.29,97,37,Kota Kediri,-7.848,112.0172
2023-10-22,35.5,23.2,28.5,0.0,0.0,6.47,20.3,25.29,94,38,Kota Kediri,-7.848,112.0172
2023-10-23,34.2,23.3,28.1,2.5,2.5,5.95,22.7,23.67,97,45,Kota Kediri,-7.848,112.0172
2023-10-24,35.0,24.0,28.3,1.1,1.1,6.28,23.5,24.6,89,43,Kota Kediri,-7.848,112.0172
2023-10-25,35.3,24.0,28.5,1.4,1.4,6.34,23.9,24.69,94,40,Kota Kediri,-7.848,112.0172
2023-10-26,35.4,24.8,28.9,0.4,0.4,6.62,24.0,24.75,87,42,Kota Kediri,-7.848,112.0172
2023-10-27,35.9,25.0,29.1,0.5,0.5,6.63,23.2,24.69,89,38,Kota Kediri,-7.848,112.0172
2023-10-28,35.4,24.1,28.3,1.9,1.9,6.16,27.1,24.21,93,42,Kota Kediri,-7.848,112.0172
2023-10-29,35.3,24.6,28.9,0.4,0.4,6.65,22.7,24.6,88,40,Kota Kediri,-7.848,112.0172
2023-10-30,34.3,24.8,28.6,1.2,1.2,6.44,26.5,24.68,87,43,Kota Kediri,-7.848,112.0172
2023-10-31,35.0,25.0,29.3,0.5,0.5,6.75,24.8,25.02,85,44,Kota Kediri,-7.848,112.0172
2023-11-01,35.8,25.5,29.6,1.7,1.7,7.2,25.7,25.37,80,36,Kota Kediri,-7.848,112.0172
2023-11-02,35.8,25.9,29.6,0.1,0.1,7.14,24.6,26.0,82,36,Kota Kediri,-7.848,112.0172
2023-11-03,35.8,25.5,28.5,15.8,15.8,5.27,23.6,21.63,90,43,Kota Kediri,-7.848,112.0172
2023-11-04,34.9,25.4,28.8,3.0,3.0,5.47,18.6,21.55,89,44,Kota Kediri,-7.848,112.0172
2023-11-05,35.3,25.5,29.1,1.3,1.3,6.08,23.0,24.37,83,45,Kota Kediri,-7.848,112.0172
2023-11-06,35.5,25.9,29.2,0.9,0.9,6.44,23.2,24.87,88,43,Kota Kediri,-7.848,112.0172
2023-11-07,35.0,24.8,28.9,1.6,1.6,6.29,24.6,24.63,88,47,Kota Kediri,-7.848,112.0172
2023-11-08,36.9,24.7,29.4,1.6,1.6,6.29,25.0,24.79,93,40,Kota Kediri,-7.848,112.0172
2023-11-09,35.8,25.9,29.7,0.7,0.7,6.54,22.8,24.13,88,42,Kota Kediri,-7.848,112.0172
2023-11-10,35.0,25.5,28.9,2.0,2.0,5.77,23.5,22.82,90,48,Kota Kediri,-7.848,112.0172
2023-11-11,35.7,24.8,28.6,0.9,0.9,6.06,24.3,24.21,89,43,Kota Kediri,-7.848,112.0172
2023-11-12,33.3,24.6,28.2,2.5,2.5,5.76,26.0,22.57,89,52,Kota Kediri,-7.848,112.0172
2023-11-13,35.1,25.2,28.7,4.1,4.1,6.06,26.3,23.72,84,43,Kota Kediri,-7.848,112.0172
2023-11-14,34.0,25.3,28.4,5.5,5.5,5.3,22.4,21.32,88,52,Kota Kediri,-7.848,112.0172
2023-11-15,34.0,25.5,28.4,3.2,3.2,5.78,24.1,23.54,87,53,Kota Kediri,-7.848,112.0172
2023-11-16,33.4,25.2,28.6,0.7,0.7,5.95,26.6,23.66,91,52,Kota Kediri,-7.848,112.0172
2023-11-17,34.2,25.0,28.7,0.0,0.0,6.63,26.4,25.39,90,44,Kota Kediri,-7.848,112.0172
2023-11-18,33.3,24.6,28.2,0.2,0.2,6.38,29.8,25.36,89,47,Kota Kediri,-7.848,112.0172
2023-11-19,33.7,24.3,28.4,0.5,0.5,6.58,27.6,25.27,89,47,Kota Kediri,-7.848,112.0172
2023-11-20,34.3,24.8,28.8,0.2,0.2,6.3,27.2,23.59,87,49,Kota Kediri,-7.848,112.0172
2023-11-21,35.2,25.2,29.5,0.6,0.6,6.76,22.4,24.54,84,43,Kota Kediri,-7.848,112.0172
2023-11-22,34.8,26.0,29.5,1.8,1.8,6.53,26.1,23.78,82,45,Kota Kediri,-7.848,112.0172
2023-11-23,35.2,26.1,29.2,4.7,4.7,5.88,21.2,21.87,84,48,Kota Kediri,-7.848,112.0172
2023-11-24,34.3,25.1,27.8,29.6,29.6,4.75,19.9,20.61,92,53,Kota Kediri,-7.848,112.0172
2023-11-25,34.0,24.1,27.1,19.9,19.9,4.72,13.3,21.96,94,51,Kota Kediri,-7.848,112.0172
2023-11-26,32.6,24.1,28.0,0.0,0.0,5.84,24.5,24.44,92,54,Kota Kediri,-7.848,112.0172
2023-11-27,33.7,24.0,28.0,3.9,3.9,5.62,20.2,23.91,93,46,Kota Kediri,-7.848,112.0172
2023-11-28,30.1,24.0,26.9,11.7,11.7,3.61,20.9,14.23,93,65,Kota Kediri,-7.848,112.0172
2023-11-29,33.7,25.1,27.4,7.3,7.3,4.64,18.4,19.71,86,52,Kota Kediri,-7.848,112.0172
2023-11-30,32.5,24.5,27.2,6.3,6.3,4.49,22.4,19.99,92,57,Kota Kediri,-7.848,112.0172
2023-12-01,28.7,24.6,25.7,20.9,20.9,2.73,19.8,13.67,94,75,Kota Kediri,-7.848,112.0172
2023-12-02,31.0,24.6,26.4,12.9,12.9,3.54,21.8,15.74,94,67,Kota Kediri,-7.848,112.0172
2023-12-03,32.0,24.4,26.9,9.5,9.5,4.61,20.2,20.76,93,61,Kota Kediri,-7.848,112.0172
2023-12-04,31.9,24.8,27.1,5.2,5.2,4.26,19.8,18.4,93,59,Kota Kediri,-7.848,112.0172
2023-12-05,31.0,24.6,27.2,1.4,1.4,4.44,22.2,19.63,92,65,Kota Kediri,-7.848,112.0172
2023-12-06,33.3,25.1,28.5,0.4,0.4,5.39,20.7,22.25,89,56,Kota Kediri,-7.848,112.0172
2023-12-07,32.7,25.3,28.2,2.1,2.1,5.07,22.0,21.86,91,57,Kota Kediri,-7.848,112.0172
2023-12-08,32.1,24.7,27.9,3.9,3.9,4.31,19.1,18.62,95,59,Kota Kediri,-7.848,112.0172
2023-12-09,33.3,25.0,28.4,0.2,0.2,4.87,18.4,18.86,93,54,Kota Kediri,-7.848,112.0172
2023-12-10,32.3,25.5,27.7,11.5,11.5,4.42,20.6,17.34,85,56,Kota Kediri,-7.848,112.0172
2023-12-11,32.8,24.6,28.2,0.0,0.0,6.25,27.3,24.39,89,49,Kota Kediri,-7.848,112.0172
2023-12-12,33.7,24.0,28.5,2.5,2.5,5.96,24.9,23.93,90,50,Kota Kediri,-7.848,112.0172
2023-12-13,32.5,24.8,27.7,8.8,8.8,4.73,18.8,20.57,89,59,Kota Kediri,-7.848,112.0172
2023-12-14,32.8,24.4,28.1,0.1,0.1,5.15,21.3,19.41,91,52,Kota Kediri,-7.848,112.0172
2023-12-15,33.1,25.4,28.4,0.8,0.8,5.77,24.1,21.74,88,51,Kota Kediri,-7.848,112.0172
2023-12-16,34.8,23.8,28.7,0.4,0.4,6.8,25.9,26.09,87,43,Kota Kediri,-7.848,112.0172
2023-12-17,34.7,24.8,29.0,0.1,0.1,7.25,27.0,25.97,80,41,Kota Kediri,-7.848,112.0172
2023-12-18,34.7,24.0,28.5,0.0,0.0,7.01,27.2,25.41,85,39,Kota Kediri,-7.848,112.0172
2023-12-19,33.5,24.1,28.3,0.0,0.0,7.45,25.7,24.95,78,37,Kota Kediri,-7.848,112.0172
2023-12-20,34.7,24.0,28.6,0.0,0.0,7.51,28.0,24.36,71,36,Kota Kediri,-7.848,112.0172
2023-12-21,35.5,24.0,29.0,0.0,0.0,6.84,25.7,23.8,71,35,Kota Kediri,-7.848,112.0172
2023-12-22,36.2,24.6,29.3,1.9,1.9,6.67,25.8,24.0,80,37,Kota Kediri,-7.848,112.0172
2023-12-23,36.0,25.8,30.0,0.0,0.0,7.51,23.8,26.61,75,34,Kota Kediri,-7.848,112.0172
2023-12-24,36.3,24.5,29.3,3.1,3.1,6.53,21.6,25.27,82,37,Kota Kediri,-7.848,112.0172
2023-12-25,36.3,25.0,28.0,18.0,18.0,4.42,11.2,19.95,93,39,Kota Kediri,-7.848,112.0172
2023-12-26,34.0,24.0,28.2,3.5,3.5,4.94,22.7,19.75,98,45,Kota Kediri,-7.848,112.0172
2023-12-27,33.4,25.6,28.5,3.1,3.1,5.35,20.9,22.26,88,54,Kota Kediri,-7.848,112.0172
2023-12-28,34.2,25.0,27.8,20.0,20.0,4.5,18.6,19.29,91,53,Kota Kediri,-7.848,112.0172
2023-12-29,33.8,24.5,27.9,3.0,3.0,5.18,22.3,22.69,96,57,Kota Kediri,-7.848,112.0172
2023-12-30,32.7,24.7,27.6,56.6,56.6,4.61,17.7,21.06,96,59,Kota Kediri,-7.848,112.0172
2023-12-31,32.7,24.8,27.7,13.3,13.3,4.88,22.3,21.38,92,58,Kota Kediri,-7.848,112.0172
2024-01-01,31.8,24.5,27.2,25.0,25.0,3.43,15.0,15.82,96,65,Kota Kediri,-7.848,112.0172
2024-01-02,33.0,24.0,27.1,16.9,16.9,4.44,17.7,21.18,97,62,Kota Kediri,-7.848,112.0172
2024-01-03,30.9,24.7,27.1,7.9,7.9,3.86,17.3,18.44,95,68,Kota Kediri,-7.848,112.0172
2024-01-04,32.5,24.1,26.7,18.8,18.8,4.11,16.0,20.03,97,63,Kota Kediri,-7.848,112.0172
2024-01-05,31.9,23.9,26.7,14.5,14.5,3.92,19.2,19.04,97,67,Kota Kediri,-7.848,112.0172
2024-01-06,31.8,24.4,27.1,11.1,11.1,3.64,16.6,17.13,98,64,Kota Kediri,-7.848,112.0172
2024-01-07,30.6,24.6,26.2,34.4,34.4,2.93,12.2,14.27,97,73,Kota Kediri,-7.848,112.0172
2024-01-08,31.5,23.5,26.8,4.5,4.5,4.19,13.8,20.31,100,64,Kota Kediri,-7.848,112.0172
2024-01-09,31.2,24.3,27.1,10.4,10.4,3.62,14.0,17.41,97,71,Kota Kediri,-7.848,112.0172
2024-01-10,31.9,24.2,26.9,26.4,26.4,4.18,13.4,20.06,99,66,Kota Kediri,-7.848,112.0172
2024-01-11,32.8,24.7,27.8,3.8,3.8,4.97,16.3,23.44,94,62,Kota Kediri,-7.848,112.0172
2024-01-12,32.3,24.3,27.8,0.0,0.0,5.6,25.3,23.24,93,55,Kota Kediri,-7.848,112.0172
2024-01-13,32.1,24.8,28.1,0.0,0.0,5.89,26.0,24.02,85,59,Kota Kediri,-7.848,112.0172
2024-01-14,31.6,24.8,27.8,0.0,0.0,4.49,19.4,16.48,85,54,Kota Kediri,-7.848,112.0172
2024-01-15,32.5,24.8,28.0,1.0,1.0,4.7,17.1,20.73,89,56,Kota Kediri,-7.848,112.0172
2024-01-16,32.5,24.5,27.6,7.4,7.4,4.53,14.1,21.19,93,57,Kota Kediri,-7.848,112.0172
2024-01-17,30.4,23.0,25.7,37.2,37.2,3.09,15.3,15.37,97,70,Kota Kediri,-7.848,112.0172
2024-01-18,31.0,23.4,26.5,5.9,5.9,3.28,21.7,14.57,99,69,Kota Kediri,-7.848,112.0172
2024-01-19,29.4,23.7,26.0,2.3,2.3,2.76,21.7,11.76,93,70,Kota Kediri,-7.848,112.0172
2024-01-20,31.7,23.8,27.1,0.7,0.7,4.96,21.6,21.0,88,59,Kota Kediri,-7.848,112.0172
2024-01-21,31.9,24.5,27.5,1.0,1.0,4.33,19.2,19.24,94,59,Kota Kediri,-7.848,112.0172
2024-01-22,31.0,23.2,26.7,1.9,1.9,4.01,13.2,18.97,96,70,Kota Kediri,-7.848,112.0172
2024-01-23,32.0,25.2,28.3,0.2,0.2,4.47,19.4,18.03,85,55,Kota Kediri,-7.848,112.0172
2024-01-24,29.8,24.6,26.4,3.2,3.2,3.76,13.3,18.26,91,64,Kota Kediri,-7.848,112.0172
2024-01-25,31.0,23.7,26.6,5.5,5.5,4.3,9.9,20.92,94,64,Kota Kediri,-7.848,112.0172
2024-01-26,31.6,22.9,25.9,10.6,10.6,4.01,14.5,19.65,98,65,Kota Kediri,-7.848,112.0172
2024-01-27,30.4,23.2,25.7,23.2,23.2,3.62,10.1,17.95,96,72,Kota Kediri,-7.848,112.0172
2024-01-28,29.3,22.9,25.8,17.4,17.4,3.52,9.4,17.53,97,75,Kota Kediri,-7.848,112.0172
2024-01-29,29.5,23.8,25.9,5.1,5.1,2.91,10.9,14.04,99,72,Kota Kediri,-7.848,112.0172
2024-01-30,30.4,24.0,26.0,14.3,14.3,3.23,13.7,15.92,97,74,Kota Kediri,-7.848,112.0172
2024-01-31,30.0,23.0,26.3,1.7,1.7,4.26,13.0,20.76,99,70,Kota Kediri,-7.848,112.0172
2024-02-01,30.8,24.3,26.7,7.6,7.6,4.48,12.1,21.77,97,65,Kota Kediri,-7.848,112.0172
2024-02-02,30.0,23.5,26.4,2.3,2.3,3.25,9.4,15.73,97,74,Kota Kediri,-7.848,112.0172
2024-02-03,27.5,24.1,25.3,53.9,53.9,2.08,11.2,10.18,97,79,Kota Kediri,-7.848,112.0172
2024-02-04,31.0,23.3,26.0,10.4,10.4,3.54,14.3,16.92,99,64,Kota Kediri,-7.848,112.0172
2024-02-05,29.5,23.4,25.7,6.0,6.0,2.9,13.4,14.07,97,72,Kota Kediri,-7.848,112.0172
2024-02-06,28.8,23.0,25.1,14.1,14.1,2.69,12.1,13.35,99,76,Kota Kediri,-7.848,112.0172
2024-02-07,30.4,23.5,26.0,1.8,1.8,3.63,11.0,17.59,96,69,Kota Kediri,-7.848,112.0172
2024-02-08,31.5,23.7,26.3,23.9,23.9,3.97,14.4,19.04,94,67,Kota Kediri,-7.848,112.0172
2024-02-09,32.2,23.9,26.9,17.3,17.3,4.66,16.9,22.55,96,65,Kota Kediri,-7.848,112.0172
2024-02-10,29.9,23.5,25.8,20.3,20.3,3.01,6.8,14.64,99,75,Kota Kediri,-7.848,112.0172
2024-02-11,30.0,23.8,26.0,18.0,18.0,3.37,17.4,16.6,98,74,Kota Kediri,-7.848,112.0172
2024-02-12,30.9,22.6,25.8,23.7,23.7,4.01,6.2,19.72,98,76,Kota Kediri,-7.848,112.0172
2024-02-13,31.9,24.1,27.3,1.3,1.3,4.51,9.6,21.63,96,63,Kota Kediri,-7.848,112.0172
2024-02-14,30.9,24.3,26.9,0.9,0.9,3.72,11.7,17.91,99,74,Kota Kediri,-7.848,112.0172
2024-02-15,32.4,24.0,27.3,1.6,1.6,4.53,16.2,21.43,99,65,Kota Kediri,-7.848,112.0172
2024-02-16,32.8,23.4,27.6,3.9,3.9,5.15,16.9,24.42,98,61,Kota Kediri,-7.848,112.0172
2024-02-17,31.0,24.6,26.7,4.5,4.5,3.83,19.6,19.09,98,72,Kota Kediri,-7.848,112.0172
2024-02-18,30.6,24.0,26.8,9.2,9.2,3.99,16.9,19.66,99,71,Kota Kediri,-7.848,112.0172
2024-02-19,32.2,24.4,27.2,9.3,9.3,4.65,13.4,22.89,98,64,Kota Kediri,-7.848,112.0172
2024-02-20,33.0,24.6,27.6,3.1,3.1,4.41,12.8,20.64,98,60,Kota Kediri,-7.848,112.0172
2024-02-21,32.7,24.4,27.3,4.8,4.8,4.72,12.6,22.53,97,67,Kota Kediri,-7.848,112.0172
2024-02-22,31.9,24.2,27.9,0.4,0.4,4.73,9.5,22.53,98,63,Kota Kediri,-7.848,112.0172
2024-02-23,31.9,24.4,26.9,4.2,4.2,3.5,11.2,16.81,96,65,Kota Kediri,-7.848,112.0172
2024-02-24,31.2,24.1,26.4,14.7,14.7,3.54,14.3,17.11,99,69,Kota Kediri,-7.848,112.0172
2024-02-25,30.6,23.9,26.0,23.3,23.3,3.11,18.7,15.59,96,70,Kota Kediri,-7.848,112.0172
2024-02-26,30.8,23.5,26.7,8.2,8.2,3.78,12.3,18.55,99,70,Kota Kediri,-7.848,112.0172
2024-02-27,31.6,24.1,27.4,12.2,12.2,4.21,11.9,20.08,97,63,Kota Kediri,-7.848,112.0172
2024-02-28,30.9,24.3,26.6,20.8,20.8,3.93,12.9,19.6,99,70,Kota Kediri,-7.848,112.0172
2024-02-29,31.5,24.4,27.1,8.1,8.1,4.26,8.5,20.86,99,70,Kota Kediri,-7.848,112.0172
2024-03-01,29.6,24.4,26.5,16.6,16.6,3.41,16.6,17.48,99,77,Kota Kediri,-7.848,112.0172
2024-03-02,30.3,24.2,26.3,16.6,16.6,3.43,10.9,16.97,97,71,Kota Kediri,-7.848,112.0172
2024-03-03,32.0,24.2,27.0,2.9,2.9,4.18,9.4,20.08,97,61,Kota Kediri,-7.848,112.0172
2024-03-04,29.9,24.9,26.9,13.6,13.6,3.18,14.8,15.34,95,78,Kota Kediri,-7.848,112.0172
2024-03-05,30.1,24.8,26.9,16.7,16.7,3.52,11.2,16.93,97,74,Kota Kediri,-7.848,112.0172
2024-03-06,31.3,23.8,26.9,12.2,12.2,4.01,7.6,19.42,99,69,Kota Kediri,-7.848,112.0172
2024-03-07,30.3,24.2,26.6,5.7,5.7,3.17,10.8,15.27,99,73,Kota Kediri,-7.848,112.0172
2024-03-08,30.0,24.5,26.4,5.2,5.2,3.38,9.9,16.52,97,75,Kota Kediri,-7.848,112.0172
2024-03-09,26.1,23.2,24.5,34.9,34.9,1.14,9.7,5.37,100,93,Kota Kediri,-7.848,112.0172
2024-03-10,28.0,22.2,24.7,16.8,16.8,2.53,12.5,12.63,98,82,Kota Kediri,-7.848,112.0172
2024-03-11,29.8,24.0,26.3,5.1,5.1,2.83,17.9,13.99,96,82,Kota Kediri,-7.848,112.0172
2024-03-12,29.0,25.1,26.7,2.8,2.8,2.89,26.3,12.36,93,77,Kota Kediri,-7.848,112.0172
2024-03-13,27.6,24.9,25.9,5.4,5.4,2.39,27.4,9.99,94,82,Kota Kediri,-7.848,112.0172
2024-03-14,28.5,24.8,25.9,11.3,11.3,2.06,26.5,8.53,96,78,Kota Kediri,-7.848,112.0172
2024-03-15,29.2,23.3,26.0,18.2,18.2,3.02,16.2,14.79,99,76,Kota Kediri,-7.848,112.0172
2024-03-16,30.1,23.0,25.8,4.4,4.4,4.47,10.5,22.48,99,65,Kota Kediri,-7.848,112.0172
2024-03-17,28.9,22.8,25.1,21.3,21.3,4.0,6.6,20.46,99,76,Kota Kediri,-7.848,112.0172
2024-03-18,30.4,22.2,25.6,3.8,3.8,4.23,7.7,21.1,99,66,Kota Kediri,-7.848,112.0172
2024-03-19,30.8,23.7,27.0,0.0,0.0,5.2,11.8,25.33,96,58,Kota Kediri,-7.848,112.0172
2024-03-20,32.4,23.8,27.6,0.1,0.1,5.14,10.7,24.68,88,52,Kota Kediri,-7.848,112.0172
2024-03-21,32.3,23.3,26.8,1.9,1.9,4.67,14.3,23.02,96,61,Kota Kediri,-7.848,112.0172
2024-03-22,31.6,24.0,27.2,4.9,4.9,4.71,13.8,22.5,92,66,Kota Kediri,-7.848,112.0172
2024-03-23,32.5,24.5,28.1,0.2,0.2,5.55,20.1,24.79,91,59,Kota Kediri,-7.848,112.0172
2024-03-24,32.5,24.5,27.5,6.8,6.8,4.91,16.1,23.37,94,59,Kota Kediri,-7.848,112.0172
2024-03-25,32.6,24.5,27.7,0.7,0.7,5.27,20.5,23.86,97,52,Kota Kediri,-7.848,112.0172
2024-03-26,32.0,25.5,27.9,2.6,2.6,5.18,19.8,22.45,84,65,Kota Kediri,-7.848,112.0172
2024-03-27,32.6,25.6,28.3,0.0,0.0,5.73,23.1,23.37,81,54,Kota Kediri,-7.848,112.0172
2024-03-28,31.1,25.2,27.2,7.1,7.1,3.93,17.2,17.33,92,66,Kota Kediri,-7.848,112.0172
2024-03-29,31.4,24.7,27.6,4.5,4.5,4.61,16.7,21.64,91,68,Kota Kediri,-7.848,112.0172
2024-03-30,32.5,25.2,28.2,2.0,2.0,5.28,18.8,23.58,90,60,Kota Kediri,-7.848,112.0172
2024-03-31,31.8,25.7,28.4,0.3,0.3,5.5,20.9,23.4,87,62,Kota Kediri,-7.848,112.0172
2024-04-01,31.3,25.1,27.6,2.7,2.7,4.48,19.3,19.53,93,67,Kota Kediri,-7.848,112.0172
2024-04-02,30.4,24.7,27.0,20.5,20.5,3.53,20.0,16.19,92,73,Kota Kediri,-7.848,112.0172
2024-04-03,32.0,24.8,27.9,2.5,2.5,4.75,16.7,21.68,90,67,Kota Kediri,-7.848,112.0172
2024-04-04,32.8,25.0,28.2,1.6,1.6,5.17,20.0,23.88,96,59,Kota Kediri,-7.848,112.0172
2024-04-05,32.2,24.6,28.0,0.1,0.1,4.31,17.7,18.91,97,59,Kota Kediri,-7.848,112.0172
2024-04-06,32.6,24.4,28.3,0.1,0.1,5.05,18.4,22.42,96,56,Kota Kediri,-7.848,112.0172
2024-04-07,32.7,25.5,27.8,1.2,1.2,4.33,14.5,19.73,92,61,Kota Kediri,-7.848,112.0172
2024-04-08,30.0,24.4,26.8,4.5,4.5,3.26,15.6,14.72,95,67,Kota Kediri,-7.848,112.0172
2024-04-09,30.5,24.7,26.3,10.7,10.7,3.01,10.9,14.25,96,68,Kota Kediri,-7.848,112.0172
2024-04-10,31.1,24.6,26.6,8.8,8.8,2.93,15.2,13.54,96,71,Kota Kediri,-7.848,112.0172
2024-04-11,31.1,24.6,26.8,9.4,9.4,3.08,12.0,14.6,98,70,Kota Kediri,-7.848,112.0172
2024-04-12,32.0,24.5,27.4,6.3,6.3,4.56,16.3,21.51,98,66,Kota Kediri,-7.848,112.0172
2024-04-13,31.9,24.8,27.2,27.5,27.5,4.05,11.4,19.16,95,64,Kota Kediri,-7.848,112.0172
2024-04-14,32.2,24.6,27.2,12.6,12.6,4.24,15.3,20.23,95,64,Kota Kediri,-7.848,112.0172
2024-04-15,32.0,24.3,27.0,21.6,21.6,4.36,13.0,20.88,94,67,Kota Kediri,-7.848,112.0172
2024-04-16,32.3,23.4,27.2,4.2,4.2,4.81,22.4,21.9,93,61,Kota Kediri,-7.848,112.0172
2024-04-17,30.0,25.5,26.9,19.7,19.7,3.28,22.5,13.91,92,74,Kota Kediri,-7.848,112.0172
2024-04-18,30.8,25.0,26.8,16.6,16.6,3.92,20.0,18.19,90,72,Kota Kediri,-7.848,112.0172
2024-04-19,31.8,25.2,27.0,20.6,20.6,4.33,16.6,20.14,94,70,Kota Kediri,-7.848,112.0172
2024-04-20,32.2,25.0,27.3,6.5,6.5,4.29,16.3,20.38,91,68,Kota Kediri,-7.848,112.0172
2024-04-21,30.9,24.5,27.0,16.7,16.7,3.71,15.9,17.91,97,75,Kota Kediri,-7.848,112.0172
2024-04-22,30.7,25.4,27.4,6.9,6.9,3.92,20.3,17.29,90,74,Kota Kediri,-7.848,112.0172
2024-04-23,30.1,25.5,26.9,15.4,15.4,3.13,18.5,13.71,91,76,Kota Kediri,-7.848,112.0172
2024-04-24,31.8,24.7,26.8,20.3,20.3,3.15,15.8,14.83,94,69,Kota Kediri,-7.848,112.0172
2024-04-25,28.6,25.1,26.1,5.6,5.6,1.79,14.1,8.7,97,78,Kota Kediri,-7.848,112.0172
2024-04-26,31.5,23.9,27.2,7.5,7.5,3.98,7.8,19.34,97,72,Kota Kediri,-7.848,112.0172
2024-04-27,32.3,24.8,27.7,2.7,2.7,4.62,15.6,21.86,97,61,Kota Kediri,-7.848,112.0172
2024-04-28,32.2,25.2,27.7,7.7,7.7,4.35,20.3,20.53,93,68,Kota Kediri,-7.848,112.0172
2024-04-29,32.7,25.7,28.0,0.3,0.3,4.98,21.7,21.75,86,59,Kota Kediri,-7.848,112.0172
2024-04-30,31.2,25.5,27.6,1.4,1.4,4.65,20.1,20.3,87,66,Kota Kediri,-7.848,112.0172
2024-05-01,32.4,25.4,28.1,0.1,0.1,5.14,21.3,21.54,85,60,Kota Kediri,-7.848,112.0172
2024-05-02,31.1,25.7,27.7,0.2,0.2,4.92,23.3,20.74,85,68,Kota Kediri,-7.848,112.0172
2024-05-03,32.1,25.4,27.8,0.5,0.5,5.22,23.0,21.33,85,58,Kota Kediri,-7.848,112.0172
2024-05-04,31.0,25.0,27.2,0.0,0.0,5.17,23.9,21.68,85,59,Kota Kediri,-7.848,112.0172
2024-05-05,30.9,23.6,26.6,0.0,0.0,5.06,22.9,21.41,87,58,Kota Kediri,-7.848,112.0172
2024-05-06,31.0,24.2,26.8,0.0,0.0,5.03,21.7,20.82,86,55,Kota Kediri,-7.848,112.0172
2024-05-07,31.0,24.0,26.9,0.0,0.0,4.79,23.7,20.82,86,61,Kota Kediri,-7.848,112.0172
2024-05-08,32.6,24.5,27.4,5.6,5.6,4.65,18.2,20.54,92,56,Kota Kediri,-7.848,112.0172
2024-05-09,32.2,25.0,27.4,1.2,1.2,3.93,17.1,17.54,93,60,Kota Kediri,-7.848,112.0172
2024-05-10,33.2,24.7,28.2,0.3,0.3,4.9,18.5,21.45,93,55,Kota Kediri,-7.848,112.0172
2024-05-11,31.9,25.4,27.8,5.5,5.5,4.63,20.5,19.98,87,60,Kota Kediri,-7.848,112.0172
2024-05-12,32.5,25.0,27.7,0.4,0.4,4.51,17.4,19.81,90,59,Kota Kediri,-7.848,112.0172
2024-05-13,32.6,25.0,27.8,0.0,0.0,4.76,21.5,20.11,92,56,Kota Kediri,-7.848,112.0172
2024-05-14,32.8,24.9,27.9,0.0,0.0,4.87,21.6,20.77,92,55,Kota Kediri,-7.848,112.0172
2024-05-15,32.2,24.6,27.5,0.0,0.0,4.73,20.1,19.3,92,54,Kota Kediri,-7.848,112.0172
2024-05-16,32.8,24.9,27.6,0.0,0.0,5.09,22.6,20.69,87,51,Kota Kediri,-7.848,112.0172
2024-05-17,32.9,24.8,27.9,0.3,0.3,5.19,22.9,20.87,87,52,Kota Kediri,-7.848,112.0172
2024-05-18,32.9,25.5,28.1,0.7,0.7,5.42,23.2,21.1,86,52,Kota Kediri,-7.848,112.0172
2024-05-19,33.0,24.9,27.8,0.0,0.0,5.71,25.1,20.97,84,46,Kota Kediri,-7.848,112.0172
2024-05-20,32.5,24.9,27.9,0.1,0.1,5.58,21.8,20.39,81,51,Kota Kediri,-7.848,112.0172
2024-05-21,32.8,24.5,27.7,0.0,0.0,5.29,23.8,20.08,86,49,Kota Kediri,-7.848,112.0172
2024-05-22,33.4,24.5,27.9,0.0,0.0,5.12,21.9,20.7,89,47,Kota Kediri,-7.848,112.0172
2024-05-23,32.7,24.9,27.8,0.3,0.3,4.4,21.7,17.7,91,54,Kota Kediri,-7.848,112.0172
2024-05-24,32.9,24.9,27.5,18.1,18.1,3.82,20.3,16.86,94,57,Kota Kediri,-7.848,112.0172
2024-05-25,31.1,24.8,27.4,4.4,4.4,3.76,22.6,14.21,94,62,Kota Kediri,-7.848,112.0172
2024-05-26,32.4,25.2,27.9,0.0,0.0,5.09,23.7,19.31,86,53,Kota Kediri,-7.848,112.0172
2024-05-27,32.8,25.0,27.8,0.6,0.6,4.85,20.2,19.89,88,54,Kota Kediri,-7.848,112.0172
2024-05-28,33.2,24.7,27.9,1.6,1.6,4.27,17.1,19.52,95,52,Kota Kediri,-7.848,112.0172
2024-05-29,33.7,23.9,27.9,0.0,0.0,4.67,18.8,20.55,97,49,Kota Kediri,-7.848,112.0172
2024-05-30,32.6,24.6,27.8,0.0,0.0,4.91,24.2,19.82,92,55,Kota Kediri,-7.848,112.0172
2024-05-31,32.2,25.0,27.9,1.9,1.9,4.7,21.4,18.74,87,59,Kota Kediri,-7.848,112.0172
2024-06-01,33.3,25.4,28.5,1.2,1.2,4.89,21.7,19.36,88,53,Kota Kediri,-7.848,112.0172
2024-06-02,32.8,25.5,28.2,0.9,0.9,4.22,22.7,17.4,93,57,Kota Kediri,-7.848,112.0172
2024-06-03,32.5,25.6,28.2,0.0,0.0,5.08,26.4,19.64,87,55,Kota Kediri,-7.848,112.0172
2024-06-04,33.5,24.9,28.2,0.0,0.0,5.37,21.1,19.75,84,47,Kota Kediri,-7.848,112.0172
2024-06-05,32.9,24.5,27.7,0.3,0.3,5.26,25.6,20.0,88,48,Kota Kediri,-7.848,112.0172
2024-06-06,33.5,24.9,27.9,1.3,1.3,5.33,20.8,20.9,83,46,Kota Kediri,-7.848,112.0172
2024-06-07,32.1,24.1,27.1,0.3,0.3,4.67,27.3,19.05,91,55,Kota Kediri,-7.848,112.0172
2024-06-08,33.5,25.0,28.0,0.4,0.4,4.8,21.5,18.28,84,49,Kota Kediri,-7.848,112.0172
2024-06-09,31.9,24.8,27.3,3.4,3.4,3.93,18.7,16.02,87,60,Kota Kediri,-7.848,112.0172
2024-06-10,33.5,24.6,28.3,0.2,0.2,4.79,17.7,19.1,88,51,Kota Kediri,-7.848,112.0172
2024-06-11,32.9,24.7,28.2,0.6,0.6,4.82,20.5,19.29,92,53,Kota Kediri,-7.848,112.0172
2024-06-12,33.2,24.9,27.9,0.4,0.4,5.16,25.8,19.52,85,50,Kota Kediri,-7.848,112.0172
2024-06-13,31.9,24.2,27.5,0.7,0.7,3.82,16.4,15.75,86,55,Kota Kediri,-7.848,112.0172
2024-06-14,33.5,24.8,28.0,2.1,2.1,3.84,10.5,17.47,93,50,Kota Kediri,-7.848,112.0172
2024-06-15,31.8,24.1,27.4,1.4,1.4,3.72,17.8,15.61,99,59,Kota Kediri,-7.848,112.0172
2024-06-16,33.3,22.6,27.3,0.0,0.0,4.96,24.0,20.22,95,46,Kota Kediri,-7.848,112.0172
2024-06-17,33.8,24.3,28.2,1.1,1.1,4.66,16.8,19.08,88,46,Kota Kediri,-7.848,112.0172
2024-06-18,32.2,24.9,27.7,0.5,0.5,4.93,23.8,19.43,91,51,Kota Kediri,-7.848,112.0172
2024-06-19,31.9,23.0,27.1,0.0,0.0,5.13,21.7,19.2,88,45,Kota Kediri,-7.848,112.0172
2024-06-20,33.5,23.6,27.5,0.0,0.0,5.55,23.3,19.76,87,40,Kota Kediri,-7.848,112.0172
2024-06-21,33.0,23.9,27.3,0.0,0.0,5.66,23.5,19.91,82,38,Kota Kediri,-7.848,112.0172
2024-06-22,32.2,23.3,27.0,0.0,0.0,5.1,23.1,18.02,86,42,Kota Kediri,-7.848,112.0172
2024-06-23,31.5,24.1,27.0,0.6,0.6,4.88,25.6,17.21,83,52,Kota Kediri,-7.848,112.0172
2024-06-24,31.4,24.6,27.1,1.1,1.1,4.59,23.8,16.71,84,55,Kota Kediri,-7.848,112.0172
2024-06-25,33.1,24.4,27.5,0.6,0.6,5.07,24.1,19.21,84,48,Kota Kediri,-7.848,112.0172
2024-06-26,33.5,24.0,28.0,0.5,0.5,4.96,20.3,20.39,87,50,Kota Kediri,-7.848,112.0172
2024-06-27,33.9,23.9,28.0,0.8,0.8,4.32,12.3,19.36,93,47,Kota Kediri,-7.848,112.0172
2024-06-28,32.3,24.0,27.4,0.3,0.3,4.03,18.5,17.83,96,58,Kota Kediri,-7.848,112.0172
2024-06-29,32.6,24.4,27.4,1.4,1.4,4.53,27.3,18.67,93,54,Kota Kediri,-7.848,112.0172
2024-06-30,33.3,24.8,27.9,0.0,0.0,5.37,25.2,19.67,87,49,Kota Kediri,-7.848,112.0172
2024-07-01,33.3,25.1,27.9,0.2,0.2,5.55,24.3,20.3,83,45,Kota Kediri,-7.848,112.0172
2024-07-02,30.5,24.9,26.7,0.9,0.9,3.72,23.4,13.68,87,62,Kota Kediri,-7.848,112.0172
2024-07-03,32.4,24.6,27.4,4.3,4.3,4.42,22.4,16.68,89,54,Kota Kediri,-7.848,112.0172
2024-07-04,29.2,24.1,25.7,29.7,29.7,2.65,22.4,11.06,93,70,Kota Kediri,-7.848,112.0172
2024-07-05,31.5,23.7,26.9,0.0,0.0,4.7,20.5,19.26,87,54,Kota Kediri,-7.848,112.0172
2024-07-06,32.0,23.8,26.8,0.2,0.2,4.23,17.7,19.07,93,52,Kota Kediri,-7.848,112.0172
2024-07-07,31.5,23.5,26.7,1.3,1.3,3.96,12.6,18.24,93,57,Kota Kediri,-7.848,112.0172
2024-07-08,31.9,23.6,26.8,0.0,0.0,4.89,21.5,20.17,94,50,Kota Kediri,-7.848,112.0172
2024-07-09,32.8,22.5,26.8,0.0,0.0,4.71,20.9,20.64,92,45,Kota Kediri,-7.848,112.0172
2024-07-10,32.3,24.2,27.2,0.0,0.0,5.04,24.5,19.39,88,50,Kota Kediri,-7.848,112.0172
2024-07-11,31.1,23.4,26.4,0.0,0.0,5.23,26.1,18.59,84,47,Kota Kediri,-7.848,112.0172
2024-07-12,31.5,22.8,26.2,0.0,0.0,5.41,22.7,19.31,80,44,Kota Kediri,-7.848,112.0172
2024-07-13,31.2,22.5,25.9,0.0,0.0,5.56,26.1,20.52,84,40,Kota Kediri,-7.848,112.0172
2024-07-14,31.5,21.6,25.9,0.0,0.0,5.74,26.4,20.34,81,38,Kota Kediri,-7.848,112.0172
2024-07-15,31.0,22.2,25.8,0.0,0.0,5.73,26.1,20.59,78,41,Kota Kediri,-7.848,112.0172
2024-07-16,31.5,23.0,26.4,0.0,0.0,5.69,26.1,20.34,81,45,Kota Kediri,-7.848,112.0172
2024-07-17,32.8,22.5,26.5,0.0,0.0,5.37,24.1,21.45,85,41,Kota Kediri,-7.848,112.0172
2024-07-18,32.0,22.1,26.3,0.0,0.0,5.08,24.9,20.78,95,46,Kota Kediri,-7.848,112.0172
2024-07-19,32.7,23.1,26.7,0.0,0.0,5.96,25.9,22.08,84,39,Kota Kediri,-7.848,112.0172
2024-07-20,31.7,22.6,26.3,0.0,0.0,5.51,24.1,20.04,86,43,Kota Kediri,-7.848,112.0172
2024-07-21,32.5,23.0,26.5,0.0,0.0,5.73,24.7,20.41,82,40,Kota Kediri,-7.848,112.0172
2024-07-22,31.3,22.6,26.3,0.0,0.0,5.11,22.8,18.1,86,47,Kota Kediri,-7.848,112.0172
2024-07-23,31.9,23.2,26.5,0.0,0.0,4.84,24.0,18.09,87,49,Kota Kediri,-7.848,112.0172
2024-07-24,32.4,23.0,26.5,0.0,0.0,5.14,24.3,18.85,86,42,Kota Kediri,-7.848,112.0172
2024-07-25,32.4,22.4,26.4,0.0,0.0,5.62,25.5,21.47,83,45,Kota Kediri,-7.848,112.0172
2024-07-26,33.0,23.1,26.9,0.0,0.0,5.67,25.5,21.01,85,43,Kota Kediri,-7.848,112.0172
2024-07-27,33.5,23.6,27.1,0.0,0.0,5.68,28.5,21.05,86,41,Kota Kediri,-7.848,112.0172
2024-07-28,31.0,23.5,26.5,0.0,0.0,5.21,27.2,18.97,86,52,Kota Kediri,-7.848,112.0172
2024-07-29,31.8,23.0,26.3,0.0,0.0,5.18,24.3,19.97,86,49,Kota Kediri,-7.848,112.0172
2024-07-30,32.0,23.4,26.8,1.1,1.1,5.17,25.6,19.99,89,51,Kota Kediri,-7.848,112.0172
2024-07-31,32.3,24.1,27.3,0.4,0.4,5.06,22.5,19.53,84,52,Kota Kediri,-7.848,112.0172
2024-08-01,32.2,23.8,27.0,3.4,3.4,4.5,19.9,19.03,94,56,Kota Kediri,-7.848,112.0172
2024-08-02,33.3,23.5,27.0,4.1,4.1,4.34,19.6,18.8,95,51,Kota Kediri,-7.848,112.0172
2024-08-03,32.5,23.5,27.0,1.2,1.2,4.86,21.9,20.26,94,53,Kota Kediri,-7.848,112.0172
2024-08-04,31.7,23.5,26.7,0.0,0.0,5.28,24.5,20.68,91,48,Kota Kediri,-7.848,112.0172
2024-08-05,33.6,22.7,26.9,0.0,0.0,6.11,22.4,23.11,83,37,Kota Kediri,-7.848,112.0172
2024-08-06,32.3,23.5,26.7,0.0,0.0,5.73,27.9,21.38,86,43,Kota Kediri,-7.848,112.0172
2024-08-07,32.8,23.6,27.0,1.3,1.3,5.34,26.4,19.26,85,46,Kota Kediri,-7.848,112.0172
2024-08-08,31.0,24.2,27.0,1.0,1.0,5.05,25.0,18.61,84,53,Kota Kediri,-7.848,112.0172
2024-08-09,31.5,24.0,26.8,0.2,0.2,4.7,25.6,16.2,86,49,Kota Kediri,-7.848,112.0172
2024-08-10,31.6,23.2,26.6,0.0,0.0,5.1,25.2,18.71,89,51,Kota Kediri,-7.848,112.0172
2024-08-11,31.8,22.5,26.1,0.0,0.0,6.49,26.6,23.4,83,37,Kota Kediri,-7.848,112.0172
2024-08-12,31.4,21.0,25.3,0.0,0.0,6.34,23.4,23.95,82,34,Kota Kediri,-7.848,112.0172
2024-08-13,32.2,21.8,26.0,0.0,0.0,5.58,26.4,20.66,86,43,Kota Kediri,-7.848,112.0172
2024-08-14,33.2,23.1,26.6,0.0,0.0,6.22,27.7,22.04,81,40,Kota Kediri,-7.848,112.0172
2024-08-15,31.0,22.8,25.8,0.0,0.0,6.22,29.4,22.66,82,46,Kota Kediri,-7.848,112.0172
2024-08-16,31.4,21.9,25.5,0.0,0.0,6.13,27.9,23.1,80,43,Kota Kediri,-7.848,112.0172
2024-08-17,32.7,21.8,25.9,0.0,0.0,5.75,28.0,20.94,86,43,Kota Kediri,-7.848,112.0172
2024-08-18,31.7,22.2,26.1,0.0,0.0,6.14,29.2,23.38,81,47,Kota Kediri,-7.848,112.0172
2024-08-19,31.9,22.7,26.2,0.0,0.0,6.09,27.7,22.82,83,47,Kota Kediri,-7.848,112.0172
2024-08-20,32.8,22.3,26.1,0.0,0.0,5.85,27.5,23.25,90,43,Kota Kediri,-7.848,112.0172
2024-08-21,31.7,23.0,26.4,0.0,0.0,5.54,28.2,21.29,87,50,Kota Kediri,-7.848,112.0172
2024-08-22,32.8,22.1,26.3,0.0,0.0,5.63,28.3,22.56,92,46,Kota Kediri,-7.848,112.0172
2024-08-23,33.0,22.5,26.3,0.0,0.0,5.69,26.2,22.13,87,43,Kota Kediri,-7.848,112.0172
2024-08-24,32.2,23.1,26.5,0.0,0.0,5.55,27.9,20.38,89,44,Kota Kediri,-7.848,112.0172
2024-08-25,31.6,23.5,26.6,0.3,0.3,5.48,27.3,19.7,81,48,Kota Kediri,-7.848,112.0172
2024-08-26,32.8,24.0,27.1,0.2,0.2,6.14,29.7,22.08,84,46,Kota Kediri,-7.848,112.0172
2024-08-27,32.3,23.7,26.7,0.0,0.0,6.15,29.1,22.7,83,44,Kota Kediri,-7.848,112.0172
2024-08-28,32.8,23.9,26.9,1.4,1.4,5.96,27.6,22.27,86,47,Kota Kediri,-7.848,112.0172
2024-08-29,32.1,23.5,26.8,1.2,1.2,5.94,28.8,22.62,87,46,Kota Kediri,-7.848,112.0172
2024-08-30,33.0,23.2,26.8,0.0,0.0,6.36,24.1,24.43,87,42,Kota Kediri,-7.848,112.0172
2024-08-31,31.6,23.5,26.4,0.0,0.0,5.7,26.9,22.15,87,45,Kota Kediri,-7.848,112.0172
2024-09-01,31.0,22.5,26.2,0.0,0.0,5.25,27.9,20.47,92,52,Kota Kediri,-7.848,112.0172
2024-09-02,33.0,23.4,26.8,0.0,0.0,5.83,27.2,22.56,86,45,Kota Kediri,-7.848,112.0172
2024-09-03,32.2,22.8,26.6,0.0,0.0,5.42,25.2,21.01,90,44,Kota Kediri,-7.848,112.0172
2024-09-04,32.5,23.6,27.3,0.8,0.8,5.64,24.2,22.0,86,49,Kota Kediri,-7.848,112.0172
2024-09-05,32.4,24.1,27.5,2.7,2.7,5.81,26.7,22.56,88,51,Kota Kediri,-7.848,112.0172
2024-09-06,34.7,24.5,28.1,0.0,0.0,6.83,25.6,24.3,82,38,Kota Kediri,-7.848,112.0172
2024-09-07,34.5,23.9,27.9,0.7,0.7,6.29,23.5,22.89,85,40,Kota Kediri,-7.848,112.0172
2024-09-08,31.9,24.8,27.0,8.5,8.5,5.0,25.1,20.6,89,53,Kota Kediri,-7.848,112.0172
2024-09-09,32.8,24.3,27.5,0.7,0.7,5.52,23.3,22.53,87,53,Kota Kediri,-7.848,112.0172
2024-09-10,31.9,23.5,26.6,14.4,14.4,4.52,20.6,20.21,93,56,Kota Kediri,-7.848,112.0172
2024-09-11,32.5,24.3,27.3,0.5,0.5,5.67,27.5,23.9,92,50,Kota Kediri,-7.848,112.0172
2024-09-12,33.1,24.1,27.2,0.0,0.0,6.17,28.8,23.71,85,42,Kota Kediri,-7.848,112.0172
2024-09-13,32.8,23.2,26.9,0.3,0.3,6.17,25.8,23.99,83,42,Kota Kediri,-7.848,112.0172
2024-09-14,32.3,23.9,27.1,0.9,0.9,6.13,23.4,23.78,81,48,Kota Kediri,-7.848,112.0172
2024-09-15,33.4,23.4,27.2,0.5,0.5,6.54,26.6,24.4,82,36,Kota Kediri,-7.848,112.0172
2024-09-16,31.9,22.9,26.7,0.0,0.0,6.16,25.8,23.77,84,46,Kota Kediri,-7.848,112.0172
2024-09-17,33.1,22.5,26.8,0.0,0.0,6.71,23.7,25.13,90,36,Kota Kediri,-7.848,112.0172
2024-09-18,32.7,21.9,26.6,0.0,0.0,6.43,24.9,25.1,90,35,Kota Kediri,-7.848,112.0172
2024-09-19,34.1,21.9,26.9,0.0,0.0,6.31,27.0,25.31,92,34,Kota Kediri,-7.848,112.0172
2024-09-20,34.9,21.9,27.5,0.0,0.0,5.67,24.2,24.62,96,33,Kota Kediri,-7.848,112.0172
2024-09-21,34.7,22.9,27.7,0.0,0.0,5.64,24.6,23.61,94,31,Kota Kediri,-7.848,112.0172
2024-09-22,36.4,23.3,28.7,0.0,0.0,5.96,23.7,24.46,97,37,Kota Kediri,-7.848,112.0172
2024-09-23,33.2,24.5,27.8,7.5,7.5,4.13,13.7,18.95,94,54,Kota Kediri,-7.848,112.0172
2024-09-24,33.1,24.5,27.3,11.6,11.6,4.62,21.6,20.19,95,55,Kota Kediri,-7.848,112.0172
2024-09-25,33.8,24.8,27.3,10.5,10.5,4.71,21.7,20.6,91,51,Kota Kediri,-7.848,112.0172
2024-09-26,32.7,24.0,26.9,12.4,12.4,4.5,19.2,20.85,95,57,Kota Kediri,-7.848,112.0172
2024-09-27,33.0,23.5,27.8,0.9,0.9,5.27,17.6,22.76,96,56,Kota Kediri,-7.848,112.0172
2024-09-28,33.8,24.4,28.4,0.0,0.0,5.94,22.0,24.17,89,48,Kota Kediri,-7.848,112.0172
2024-09-29,33.5,25.5,28.6,0.3,0.3,6.36,23.0,24.13,81,48,Kota Kediri,-7.848,112.0172
2024-09-30,33.7,25.5,28.6,0.2,0.2,6.16,24.8,23.61,79,48,Kota Kediri,-7.848,112.0172
2024-10-01,33.0,25.0,28.0,1.3,1.3,5.89,26.4,23.77,88,51,Kota Kediri,-7.848,112.0172
2024-10-02,33.2,24.5,28.1,1.3,1.3,6.1,22.5,24.68,83,49,Kota Kediri,-7.848,112.0172
2024-10-03,32.8,23.7,27.7,2.2,2.2,5.58,24.8,23.61,94,51,Kota Kediri,-7.848,112.0172
2024-10-04,33.7,24.5,28.2,1.2,1.2,6.28,25.6,24.68,86,46,Kota Kediri,-7.848,112.0172
2024-10-05,33.8,24.9,28.3,2.7,2.7,6.18,26.8,23.92,83,48,Kota Kediri,-7.848,112.0172
2024-10-06,34.3,25.2,28.1,1.7,1.7,5.83,24.4,23.39,84,47,Kota Kediri,-7.848,112.0172
2024-10-07,33.4,24.9,28.2,0.6,0.6,6.33,25.0,23.7,83,48,Kota Kediri,-7.848,112.0172
2024-10-08,32.5,25.0,28.2,3.1,3.1,6.24,25.1,23.71,82,51,Kota Kediri,-7.848,112.0172
2024-10-09,33.2,25.2,28.1,0.5,0.5,6.13,25.8,24.28,82,48,Kota Kediri,-7.848,112.0172
2024-10-10,34.7,25.0,28.4,1.8,1.8,6.25,24.0,24.87,86,46,Kota Kediri,-7.848,112.0172
2024-10-11,34.8,25.0,28.9,0.7,0.7,6.23,22.1,24.39,90,46,Kota Kediri,-7.848,112.0172
2024-10-12,35.7,26.1,29.5,0.1,0.1,6.41,25.7,24.9,80,42,Kota Kediri,-7.848,112.0172
2024-10-13,35.2,25.7,29.2,0.9,0.9,6.59,26.2,24.49,83,46,Kota Kediri,-7.848,112.0172
2024-10-14,34.7,25.1,28.8,0.5,0.5,6.33,24.3,24.17,88,43,Kota Kediri,-7.848,112.0172
2024-10-15,34.3,25.0,28.8,0.0,0.0,7.43,26.0,25.23,90,32,Kota Kediri,-7.848,112.0172
2024-10-16,33.0,23.2,27.7,0.0,0.0,7.39,28.3,26.32,79,41,Kota Kediri,-7.848,112.0172
2024-10-17,32.9,23.8,27.7,0.0,0.0,7.35,29.2,26.11,80,39,Kota Kediri,-7.848,112.0172
2024-10-18,33.1,23.7,27.9,0.0,0.0,6.55,25.8,24.31,84,44,Kota Kediri,-7.848,112.0172
2024-10-19,34.1,24.5,27.5,10.0,10.0,5.32,22.9,23.66,90,49,Kota Kediri,-7.848,112.0172
2024-10-20,32.3,23.8,26.1,19.5,19.5,4.27,23.7,20.66,92,58,Kota Kediri,-7.848,112.0172
2024-10-21,30.9,24.4,27.0,0.5,0.5,4.99,20.1,21.28,86,60,Kota Kediri,-7.848,112.0172
2024-10-22,31.2,24.5,27.3,0.2,0.2,5.41,24.0,22.55,87,58,Kota Kediri,-7.848,112.0172
2024-10-23,31.2,24.0,27.1,0.0,0.0,5.65,26.9,24.51,92,58,Kota Kediri,-7.848,112.0172
2024-10-24,31.2,24.0,26.9,0.2,0.2,5.21,25.5,23.04,90,59,Kota Kediri,-7.848,112.0172
2024-10-25,31.4,23.8,27.1,0.8,0.8,5.48,25.5,24.16,91,61,Kota Kediri,-7.848,112.0172
2024-10-26,31.5,24.0,27.3,1.9,1.9,5.75,24.3,24.71,88,58,Kota Kediri,-7.848,112.0172
2024-10-27,32.8,24.1,28.0,0.0,0.0,6.19,23.0,25.24,91,52,Kota Kediri,-7.848,112.0172
2024-10-28,34.0,24.8,28.3,0.3,0.3,6.25,23.6,25.34,87,51,Kota Kediri,-7.848,112.0172
2024-10-29,33.2,25.1,28.5,0.0,0.0,6.29,24.9,24.49,84,51,Kota Kediri,-7.848,112.0172
2024-10-30,33.0,24.9,27.7,1.8,1.8,5.54,23.2,23.5,88,55,Kota Kediri,-7.848,112.0172
2024-10-31,33.5,24.2,28.0,3.6,3.6,5.49,21.9,23.91,90,56,Kota Kediri,-7.848,112.0172
2024-11-01,32.0,23.3,26.4,29.1,29.1,2.96,14.4,14.19,97,61,Kota Kediri,-7.848,112.0172
2024-11-02,33.3,24.2,27.8,5.8,5.8,4.59,15.3,21.57,97,58,Kota Kediri,-7.848,112.0172
2024-11-03,32.8,23.6,26.4,14.2,14.2,4.08,14.9,19.5,96,56,Kota Kediri,-7.848,112.0172
2024-11-04,31.7,23.6,26.3,9.4,9.4,3.99,16.0,19.53,98,66,Kota Kediri,-7.848,112.0172
2024-11-05,31.8,24.0,27.3,4.8,4.8,5.23,16.9,24.52,94,63,Kota Kediri,-7.848,112.0172
2024-11-06,32.9,23.1,27.7,0.3,0.3,5.57,14.2,25.66,96,54,Kota Kediri,-7.848,112.0172
2024-11-07,32.8,24.4,27.8,0.5,0.5,5.4,18.4,24.92,94,55,Kota Kediri,-7.848,112.0172
2024-11-08,33.2,23.2,27.2,3.5,3.5,5.18,21.1,24.01,96,55,Kota Kediri,-7.848,112.0172
2024-11-09,31.9,23.9,26.9,23.0,23.0,4.03,18.9,18.51,97,67,Kota Kediri,-7.848,112.0172
2024-11-10,32.0,23.0,26.6,9.7,9.7,4.54,17.7,21.88,96,64,Kota Kediri,-7.848,112.0172
2024-11-11,32.8,24.0,26.4,14.3,14.3,4.41,13.9,21.31,97,63,Kota Kediri,-7.848,112.0172
2024-11-12,32.8,23.2,26.9,1.4,1.4,4.89,15.2,23.28,98,59,Kota Kediri,-7.848,112.0172
2024-11-13,32.8,23.6,27.0,8.7,8.7,4.36,16.1,21.01,98,62,Kota Kediri,-7.848,112.0172
2024-11-14,33.1,24.5,27.8,0.9,0.9,5.54,20.9,24.79,93,54,Kota Kediri,-7.848,112.0172
2024-11-15,33.6,24.0,27.6,3.9,3.9,5.13,16.9,24.44,96,55,Kota Kediri,-7.848,112.0172
2024-11-16,32.8,24.0,27.0,9.7,9.7,4.29,14.0,20.57,97,64,Kota Kediri,-7.848,112.0172
2024-11-17,33.5,23.4,27.1,33.5,33.5,4.93,14.3,23.7,99,58,Kota Kediri,-7.848,112.0172
2024-11-18,32.7,24.0,26.8,12.7,12.7,4.47,14.0,21.71,99,64,Kota Kediri,-7.848,112.0172
2024-11-19,31.3,24.0,26.4,13.0,13.0,3.94,12.1,19.24,100,66,Kota Kediri,-7.848,112.0172
2024-11-20,32.2,23.6,26.5,16.7,16.7,4.27,14.7,21.14,99,66,Kota Kediri,-7.848,112.0172
2024-11-21,32.9,24.1,27.1,7.0,7.0,4.52,12.3,21.83,98,59,Kota Kediri,-7.848,112.0172
2024-11-22,33.1,24.1,26.4,41.3,41.3,3.69,18.8,17.9,97,60,Kota Kediri,-7.848,112.0172
2024-11-23,31.9,24.7,27.0,27.2,27.2,3.54,17.7,17.05,95,66,Kota Kediri,-7.848,112.0172
2024-11-24,31.6,24.0,26.3,14.9,14.9,3.13,16.4,15.31,98,64,Kota Kediri,-7.848,112.0172
2024-11-25,31.9,24.2,27.1,7.3,7.3,4.27,14.3,20.8,96,65,Kota Kediri,-7.848,112.0172
2024-11-26,31.2,24.0,27.3,4.8,4.8,4.08,15.5,18.96,97,68,Kota Kediri,-7.848,112.0172
2024-11-27,31.3,24.5,27.5,3.8,3.8,4.0,17.2,18.67,92,64,Kota Kediri,-7.848,112.0172
2024-11-28,29.5,24.6,26.5,1.1,1.1,3.36,26.3,15.6,92,71,Kota Kediri,-7.848,112.0172
2024-11-29,30.4,24.6,26.9,0.4,0.4,3.95,25.6,17.34,92,66,Kota Kediri,-7.848,112.0172
2024-11-30,29.2,24.7,26.5,12.8,12.8,3.13,24.4,14.8,96,73,Kota Kediri,-7.848,112.0172
2024-12-01,29.8,23.8,26.3,11.9,11.9,3.08,23.1,14.32,97,71,Kota Kediri,-7.848,112.0172
2024-12-02,31.6,24.4,27.2,3.1,3.1,3.99,15.7,18.63,96,61,Kota Kediri,-7.848,112.0172
2024-12-03,32.1,24.5,27.9,0.1,0.1,5.17,18.2,23.36,96,55,Kota Kediri,-7.848,112.0172
2024-12-04,31.9,24.0,26.9,12.1,12.1,3.94,19.9,18.76,96,59,Kota Kediri,-7.848,112.0172
2024-12-05,31.9,24.5,26.6,15.9,15.9,3.64,12.6,17.3,98,65,Kota Kediri,-7.848,112.0172
2024-12-06,27.4,23.9,25.0,9.9,9.9,1.67,9.3,7.8,99,83,Kota Kediri,-7.848,112.0172
2024-12-07,29.0,24.0,26.0,5.7,5.7,3.06,14.3,14.96,97,69,Kota Kediri,-7.848,112.0172
2024-12-08,30.2,23.9,26.2,5.3,5.3,3.77,16.8,18.32,99,67,Kota Kediri,-7.848,112.0172
2024-12-09,30.3,23.6,25.7,8.6,8.6,2.74,15.8,13.26,98,73,Kota Kediri,-7.848,112.0172
2024-12-10,31.4,23.6,26.1,17.1,17.1,3.2,12.8,15.63,95,68,Kota Kediri,-7.848,112.0172
2024-12-11,29.0,23.5,25.6,5.8,5.8,3.03,7.1,14.78,99,70,Kota Kediri,-7.848,112.0172
2024-12-12,29.2,23.2,25.6,11.0,11.0,2.9,10.3,14.24,98,70,Kota Kediri,-7.848,112.0172
2024-12-13,31.4,22.9,26.0,25.8,25.8,3.61,14.4,17.49,99,64,Kota Kediri,-7.848,112.0172
2024-12-14,28.3,23.6,24.9,26.5,26.5,1.95,11.4,9.49,99,82,Kota Kediri,-7.848,112.0172
2024-12-15,28.3,23.0,25.2,19.5,19.5,2.3,13.9,11.06,99,77,Kota Kediri,-7.848,112.0172
2024-12-16,27.0,23.9,25.2,12.8,12.8,2.13,12.3,10.25,98,79,Kota Kediri,-7.848,112.0172
2024-12-17,29.4,23.1,25.4,14.7,14.7,2.76,11.7,13.7,98,77,Kota Kediri,-7.848,112.0172
2024-12-18,30.5,23.8,26.7,3.2,3.2,3.4,15.3,15.81,97,70,Kota Kediri,-7.848,112.0172
2024-12-19,31.1,23.3,27.1,2.0,2.0,4.59,8.5,22.21,90,63,Kota Kediri,-7.848,112.0172
2024-12-20,31.6,24.0,26.8,3.1,3.1,4.06,7.8,19.55,95,60,Kota Kediri,-7.848,112.0172
2024-12-21,30.5,23.7,26.1,12.7,12.7,3.24,10.5,15.67,97,68,Kota Kediri,-7.848,112.0172
2024-12-22,30.8,24.1,26.1,9.5,9.5,2.93,16.7,14.37,97,69,Kota Kediri,-7.848,112.0172
2024-12-23,29.2,24.0,26.1,1.8,1.8,3.61,16.9,17.96,97,76,Kota Kediri,-7.848,112.0172
2024-12-24,30.0,23.9,25.6,4.1,4.1,3.6,17.8,18.02,98,72,Kota Kediri,-7.848,112.0172
2024-12-25,29.4,23.1,25.2,9.2,9.2,2.7,6.8,13.24,99,75,Kota Kediri,-7.848,112.0172
2024-12-26,28.7,23.3,26.1,3.0,3.0,2.92,13.5,14.09,99,77,Kota Kediri,-7.848,112.0172
2024-12-27,30.8,24.4,27.3,1.5,1.5,4.01,13.8,18.51,90,71,Kota Kediri,-7.848,112.0172
2024-12-28,29.5,24.7,26.5,12.0,12.0,3.25,18.3,15.26,93,74,Kota Kediri,-7.848,112.0172
2024-12-29,26.2,23.5,24.8,9.6,9.6,1.77,10.2,8.6,99,87,Kota Kediri,-7.848,112.0172
2024-12-30,29.4,23.1,25.3,16.6,16.6,3.22,6.7,16.11,98,71,Kota Kediri,-7.848,112.0172
2024-12-31,29.4,23.0,25.3,15.5,15.5,2.74,16.4,13.76,97,72,Kota Kediri,-7.848,112.0172
2025-01-01,27.2,23.5,25.0,24.2,24.2,2.19,9.8,10.78,100,75,Kota Kediri,-7.848,112.0172
2025-01-02,30.1,23.4,25.4,15.1,15.1,2.95,15.1,14.39,98,69,Kota Kediri,-7.848,112.0172
2025-01-03,30.1,23.6,26.3,0.2,0.2,3.25,20.2,13.89,97,65,Kota Kediri,-7.848,112.0172
2025-01-04,31.5,23.6,26.8,0.5,0.5,4.6,18.9,20.43,90,59,Kota Kediri,-7.848,112.0172
2025-01-05,30.0,23.1,25.9,4.9,4.9,3.5,22.9,17.09,96,70,Kota Kediri,-7.848,112.0172
2025-01-06,29.6,23.5,25.9,4.9,4.9,3.62,16.6,18.23,99,71,Kota Kediri,-7.848,112.0172
2025-01-07,29.9,23.9,26.0,2.3,2.3,3.27,6.5,15.91,98,67,Kota Kediri,-7.848,112.0172
2025-01-08,28.5,23.2,25.5,13.9,13.9,2.93,20.6,14.93,98,73,Kota Kediri,-7.848,112.0172
2025-01-09,32.2,23.8,27.0,7.6,7.6,4.68,17.6,22.33,98,58,Kota Kediri,-7.848,112.0172
2025-01-10,31.8,23.5,27.1,1.6,1.6,4.21,18.5,19.27,97,58,Kota Kediri,-7.848,112.0172
2025-01-11,31.4,23.6,26.5,6.9,6.9,3.79,16.5,18.29,98,64,Kota Kediri,-7.848,112.0172
2025-01-12,30.0,24.0,25.9,14.1,14.1,2.7,13.9,12.73,99,69,Kota Kediri,-7.848,112.0172
2025-01-13,28.5,23.9,25.6,11.4,11.4,2.81,12.9,14.01,96,77,Kota Kediri,-7.848,112.0172
2025-01-14,30.9,23.5,25.9,3.6,3.6,3.55,10.9,17.37,97,65,Kota Kediri,-7.848,112.0172
2025-01-15,30.0,23.5,26.2,3.6,3.6,3.57,8.6,17.4,98,67,Kota Kediri,-7.848,112.0172
2025-01-16,30.0,23.2,25.6,4.8,4.8,3.56,10.6,17.72,97,70,Kota Kediri,-7.848,112.0172
2025-01-17,30.2,23.3,25.6,10.3,10.3,4.17,8.7,20.92,98,66,Kota Kediri,-7.848,112.0172
2025-01-18,27.8,23.2,25.2,7.3,7.3,2.74,10.6,13.5,99,77,Kota Kediri,-7.848,112.0172
2025-01-19,28.0,22.7,24.9,16.6,16.6,2.77,5.5,13.85,99,73,Kota Kediri,-7.848,112.0172
2025-01-20,26.8,22.9,24.4,27.4,27.4,1.88,7.4,9.15,100,80,Kota Kediri,-7.848,112.0172
2025-01-21,29.9,23.1,25.4,4.2,4.2,2.91,14.1,14.18,99,72,Kota Kediri,-7.848,112.0172
2025-01-22,28.7,23.4,25.4,7.3,7.3,3.18,7.9,15.63,98,72,Kota Kediri,-7.848,112.0172
2025-01-23,26.8,23.2,24.7,8.4,8.4,2.04,10.9,10.13,98,85,Kota Kediri,-7.848,112.0172
2025-01-24,29.0,23.4,25.6,11.4,11.4,3.28,11.3,16.21,97,72,Kota Kediri,-7.848,112.0172
2025-01-25,30.2,23.5,26.5,1.0,1.0,3.95,15.1,19.41,98,71,Kota Kediri,-7.848,112.0172
2025-01-26,30.4,24.3,26.4,3.2,3.2,3.59,16.3,17.01,96,68,Kota Kediri,-7.848,112.0172
2025-01-27,27.6,23.1,25.1,11.4,11.4,2.51,9.7,12.63,98,85,Kota Kediri,-7.848,112.0172
2025-01-28,28.4,23.0,25.1,20.9,20.9,2.62,11.5,13.01,98,74,Kota Kediri,-7.848,112.0172
2025-01-29,29.2,23.2,25.1,49.6,49.6,2.76,19.1,13.94,99,71,Kota Kediri,-7.848,112.0172
2025-01-30,26.5,23.4,24.5,17.1,17.1,1.65,22.1,7.28,99,79,Kota Kediri,-7.848,112.0172
2025-01-31,30.5,24.0,26.3,0.1,0.1,3.3,20.7,14.19,91,66,Kota Kediri,-7.848,112.0172
2025-02-01,29.4,24.8,26.6,0.7,0.7,3.59,22.4,15.33,90,71,Kota Kediri,-7.848,112.0172
2025-02-02,29.7,24.4,26.3,2.7,2.7,3.43,23.8,15.8,94,72,Kota Kediri,-7.848,112.0172
2025-02-03,31.2,24.1,27.2,0.2,0.2,4.31,19.8,19.52,95,66,Kota Kediri,-7.848,112.0172
2025-02-04,30.8,24.9,27.2,1.1,1.1,4.31,22.8,18.84,90,66,Kota Kediri,-7.848,112.0172
2025-02-05,31.9,24.4,27.0,1.3,1.3,4.64,25.6,20.79,93,59,Kota Kediri,-7.848,112.0172
2025-02-06,31.0,24.9,26.8,1.7,1.7,4.03,24.9,17.83,91,61,Kota Kediri,-7.848,112.0172
2025-02-07,28.8,23.5,25.6,2.5,2.5,2.71,11.5,12.62,96,66,Kota Kediri,-7.848,112.0172
2025-02-08,30.0,22.4,25.5,5.9,5.9,3.88,10.2,19.22,99,70,Kota Kediri,-7.848,112.0172
2025-02-09,29.5,23.0,26.1,1.2,1.2,4.1,13.8,20.39,98,68,Kota Kediri,-7.848,112.0172
2025-02-10,30.1,23.0,26.2,1.3,1.3,3.73,16.1,17.74,96,68,Kota Kediri,-7.848,112.0172
2025-02-11,32.7,24.4,27.8,0.0,0.0,4.97,17.3,20.47,92,49,Kota Kediri,-7.848,112.0172
2025-02-12,30.8,23.6,26.9,0.0,0.0,3.56,24.0,12.69,87,58,Kota Kediri,-7.848,112.0172
2025-02-13,33.3,23.5,27.2,1.1,1.1,4.59,10.8,20.89,96,50,Kota Kediri,-7.848,112.0172
2025-02-14,32.2,23.2,26.5,2.1,2.1,4.58,8.4,22.2,99,58,Kota Kediri,-7.848,112.0172
2025-02-15,32.0,23.1,26.5,1.7,1.7,4.69,18.7,22.85,98,60,Kota Kediri,-7.848,112.0172
2025-02-16,32.2,23.0,26.3,0.9,0.9,4.63,10.7,22.47,97,59,Kota Kediri,-7.848,112.0172
2025-02-17,29.5,23.1,25.3,10.0,10.0,3.04,13.4,14.85,98,69,Kota Kediri,-7.848,112.0172
2025-02-18,29.2,22.9,25.6,4.6,4.6,3.84,8.7,19.12,100,66,Kota Kediri,-7.848,112.0172
2025-02-19,31.4,23.2,26.0,10.3,10.3,4.5,11.6,21.96,100,63,Kota Kediri,-7.848,112.0172
2025-02-20,28.9,23.2,25.7,4.7,4.7,3.24,17.3,16.15,97,74,Kota Kediri,-7.848,112.0172
2025-02-21,29.4,23.7,26.0,4.0,4.0,3.73,11.4,18.45,97,68,Kota Kediri,-7.848,112.0172
2025-02-22,30.9,23.2,25.6,21.3,21.3,3.58,10.1,17.89,98,66,Kota Kediri,-7.848,112.0172
2025-02-23,28.6,23.0,24.7,12.7,12.7,2.35,14.9,11.86,100,79,Kota Kediri,-7.848,112.0172
2025-02-24,28.9,22.6,25.0,24.9,24.9,2.57,8.5,12.43,99,73,Kota Kediri,-7.848,112.0172
2025-02-25,29.9,23.1,25.5,17.2,17.2,3.38,17.2,17.31,97,70,Kota Kediri,-7.848,112.0172
2025-02-26,28.8,23.2,25.4,18.1,18.1,3.24,15.5,16.64,99,76,Kota Kediri,-7.848,112.0172
2025-02-27,30.5,23.5,25.6,11.3,11.3,3.54,13.2,18.18,97,71,Kota Kediri,-7.848,112.0172
2025-02-28,31.2,23.3,25.7,7.2,7.2,4.07,15.1,20.4,99,66,Kota Kediri,-7.848,112.0172
2025-03-01,31.8,23.5,26.6,10.3,10.3,4.66,15.5,22.98,99,65,Kota Kediri,-7.848,112.0172
2025-03-02,31.8,24.2,27.2,5.4,5.4,4.97,13.5,24.24,96,63,Kota Kediri,-7.848,112.0172
2025-03-03,31.1,23.8,26.7,6.6,6.6,4.73,11.3,23.27,99,69,Kota Kediri,-7.848,112.0172
2025-03-04,31.0,23.5,26.1,16.8,16.8,4.21,7.8,20.88,99,71,Kota Kediri,-7.848,112.0172
2025-03-05,32.3,23.0,27.4,0.4,0.4,5.21,9.6,25.2,98,62,Kota Kediri,-7.848,112.0172
2025-03-06,32.2,24.4,26.9,16.9,16.9,4.1,16.0,20.02,96,66,Kota Kediri,-7.848,112.0172
2025-03-07,30.2,23.4,25.7,15.5,15.5,3.56,18.4,18.18,99,72,Kota Kediri,-7.848,112.0172
2025-03-08,30.6,23.0,25.4,18.5,18.5,3.73,10.8,18.46,100,71,Kota Kediri,-7.848,112.0172
2025-03-09,30.2,23.7,25.8,12.9,12.9,3.37,16.4,16.98,96,73,Kota Kediri,-7.848,112.0172
2025-03-10,28.9,23.4,25.3,14.0,14.0,2.75,18.0,14.57,97,77,Kota Kediri,-7.848,112.0172
2025-03-11,31.4,23.5,26.3,5.2,5.2,3.77,18.9,18.24,99,63,Kota Kediri,-7.848,112.0172
2025-03-12,31.5,23.0,26.1,16.4,16.4,4.12,13.8,20.47,99,66,Kota Kediri,-7.848,112.0172
2025-03-13,31.3,23.0,26.0,19.2,19.2,3.97,8.6,19.6,100,64,Kota Kediri,-7.848,112.0172
2025-03-14,29.8,23.9,26.2,1.9,1.9,3.37,8.1,16.58,99,68,Kota Kediri,-7.848,112.0172
2025-03-15,30.7,23.5,25.9,17.3,17.3,3.65,12.7,17.8,99,64,Kota Kediri,-7.848,112.0172
2025-03-16,28.9,23.0,24.9,12.1,12.1,3.06,8.9,15.04,98,76,Kota Kediri,-7.848,112.0172
2025-03-17,30.4,23.2,25.7,16.4,16.4,3.5,19.4,18.15,99,72,Kota Kediri,-7.848,112.0172
2025-03-18,29.0,23.9,25.7,6.5,6.5,3.1,12.2,15.13,99,76,Kota Kediri,-7.848,112.0172
2025-03-19,29.1,22.3,25.3,6.6,6.6,3.07,23.8,15.85,98,74,Kota Kediri,-7.848,112.0172
2025-03-20,30.0,23.2,26.6,0.5,0.5,4.43,13.7,21.67,94,68,Kota Kediri,-7.848,112.0172
2025-03-21,29.8,22.6,26.0,0.6,0.6,4.22,8.6,21.08,93,65,Kota Kediri,-7.848,112.0172
2025-03-22,28.6,22.9,25.2,17.0,17.0,2.69,10.3,13.18,97,74,Kota Kediri,-7.848,112.0172
2025-03-23,29.5,22.1,25.5,2.5,2.5,3.75,10.7,18.66,99,68,Kota Kediri,-7.848,112.0172
2025-03-24,29.6,23.0,25.8,3.9,3.9,2.79,17.8,13.81,99,72,Kota Kediri,-7.848,112.0172
2025-03-25,31.4,22.9,26.6,1.8,1.8,3.96,21.7,19.8,95,66,Kota Kediri,-7.848,112.0172
2025-03-26,31.6,24.1,27.0,2.0,2.0,4.09,19.4,19.79,96,64,Kota Kediri,-7.848,112.0172
2025-03-27,31.1,23.4,26.2,10.2,10.2,3.32,15.0,16.14,98,65,Kota Kediri,-7.848,112.0172
2025-03-28,30.2,23.6,25.6,27.8,27.8,3.06,11.5,15.3,99,72,Kota Kediri,-7.848,112.0172
2025-03-29,29.4,23.1,25.4,15.9,15.9,2.47,13.2,11.96,99,77,Kota Kediri,-7.848,112.0172
2025-03-30,30.2,24.1,26.1,1.1,1.1,3.21,12.9,15.68,94,70,Kota Kediri,-7.848,112.0172
2025-03-31,30.7,23.6,26.5,3.3,3.3,4.19,10.6,20.84,99,69,Kota Kediri,-7.848,112.0172
2025-04-01,29.8,23.9,25.5,22.1,22.1,3.28,14.6,16.54,98,72,Kota Kediri,-7.848,112.0172
2025-04-02,29.9,23.2,25.9,1.3,1.3,3.79,11.2,18.72,98,64,Kota Kediri,-7.848,112.0172
2025-04-03,31.0,23.1,26.1,5.9,5.9,3.92,14.8,19.13,99,65,Kota Kediri,-7.848,112.0172
2025-04-04,31.5,23.4,26.9,1.5,1.5,4.66,15.2,21.84,94,59,Kota Kediri,-7.848,112.0172
2025-04-05,31.1,23.0,26.5,0.2,0.2,4.42,7.2,21.48,99,60,Kota Kediri,-7.848,112.0172
2025-04-06,32.0,23.7,27.1,0.0,0.0,5.37,18.6,24.16,89,53,Kota Kediri,-7.848,112.0172
2025-04-07,31.5,23.2,27.0,0.9,0.9,5.04,15.4,22.83,86,57,Kota Kediri,-7.848,112.0172
2025-04-08,31.6,24.4,26.9,10.8,10.8,4.63,14.4,21.68,93,64,Kota Kediri,-7.848,112.0172
2025-04-09,30.9,24.0,26.6,8.9,8.9,4.15,15.0,20.62,98,68,Kota Kediri,-7.848,112.0172
2025-04-10,29.1,24.2,26.2,11.7,11.7,3.06,10.0,15.3,98,79,Kota Kediri,-7.848,112.0172
2025-04-11,30.7,23.8,25.9,15.2,15.2,3.43,17.9,17.76,97,70,Kota Kediri,-7.848,112.0172
2025-04-12,31.3,23.4,26.0,3.9,3.9,4.13,10.3,20.42,99,64,Kota Kediri,-7.848,112.0172
2025-04-13,31.0,23.9,26.2,17.2,17.2,4.13,12.4,20.47,100,64,Kota Kediri,-7.848,112.0172
2025-04-14,29.4,24.1,26.4,7.1,7.1,3.29,16.2,15.57,99,72,Kota Kediri,-7.848,112.0172
2025-04-15,30.8,24.5,26.5,13.1,13.1,3.65,13.2,17.23,94,65,Kota Kediri,-7.848,112.0172
2025-04-16,32.0,23.8,27.4,0.3,0.3,4.46,14.2,20.55,95,60,Kota Kediri,-7.848,112.0172
2025-04-17,29.3,24.1,26.1,4.4,4.4,3.02,11.4,15.18,96,77,Kota Kediri,-7.848,112.0172
2025-04-18,30.0,23.9,25.7,8.4,8.4,2.76,11.8,13.69,99,70,Kota Kediri,-7.848,112.0172
2025-04-19,30.4,24.0,26.1,11.5,11.5,3.08,14.8,15.21,95,70,Kota Kediri,-7.848,112.0172
2025-04-20,29.3,23.5,26.2,1.2,1.2,3.45,18.6,16.91,98,76,Kota Kediri,-7.848,112.0172
2025-04-21,31.1,24.1,26.9,0.2,0.2,3.77,16.5,17.1,92,66,Kota Kediri,-7.848,112.0172
2025-04-22,31.3,23.9,27.0,0.1,0.1,4.65,20.2,20.74,89,61,Kota Kediri,-7.848,112.0172
2025-04-23,31.3,24.1,27.0,0.0,0.0,4.83,19.2,20.92,88,55,Kota Kediri,-7.848,112.0172
2025-04-24,32.0,23.1,27.2,0.0,0.0,4.93,12.8,22.6,85,55,Kota Kediri,-7.848,112.0172
2025-04-25,32.1,22.6,27.3,0.3,0.3,4.66,14.1,21.42,95,56,Kota Kediri,-7.848,112.0172
2025-04-26,31.1,21.8,26.6,0.6,0.6,4.53,18.2,21.02,99,62,Kota Kediri,-7.848,112.0172
2025-04-27,31.1,23.9,26.9,0.0,0.0,5.22,19.1,22.42,88,51,Kota Kediri,-7.848,112.0172
2025-04-28,31.1,23.5,26.9,0.1,0.1,5.26,20.7,21.45,82,53,Kota Kediri,-7.848,112.0172
2025-04-29,31.3,23.9,27.0,0.5,0.5,5.54,19.8,22.65,81,51,Kota Kediri,-7.848,112.0172
2025-04-30,30.9,23.8,26.7,0.8,0.8,4.74,15.3,20.79,83,60,Kota Kediri,-7.848,112.0172
2025-05-01,31.7,24.0,27.3,1.0,1.0,4.77,17.2,21.5,91,60,Kota Kediri,-7.848,112.0172
2025-05-02,28.3,23.9,25.7,13.4,13.4,2.31,16.1,11.67,95,77,Kota Kediri,-7.848,112.0172
2025-05-03,31.3,23.3,26.8,4.0,4.0,4.1,9.9,20.01,96,65,Kota Kediri,-7.848,112.0172
2025-05-04,32.6,23.4,26.5,4.3,4.3,4.11,8.3,20.17,100,58,Kota Kediri,-7.848,112.0172
2025-05-05,31.1,24.1,26.7,4.5,4.5,4.18,17.8,20.21,96,67,Kota Kediri,-7.848,112.0172
2025-05-06,30.1,25.0,26.5,3.3,3.3,3.63,19.5,17.46,95,73,Kota Kediri,-7.848,112.0172
2025-05-07,30.8,24.9,26.5,11.1,11.1,3.54,19.2,17.27,93,71,Kota Kediri,-7.848,112.0172
2025-05-08,31.0,24.8,26.7,5.2,5.2,3.44,12.9,16.97,94,71,Kota Kediri,-7.848,112.0172
2025-05-09,30.2,23.8,25.7,13.6,13.6,2.77,10.0,13.72,100,73,Kota Kediri,-7.848,112.0172
2025-05-10,30.2,24.0,26.3,17.5,17.5,3.35,13.6,16.5,98,70,Kota Kediri,-7.848,112.0172
2025-05-11,29.5,23.5,25.8,6.3,6.3,3.36,13.7,16.81,99,73,Kota Kediri,-7.848,112.0172
2025-05-12,29.2,23.0,25.5,2.2,2.2,2.54,11.3,12.54,99,76,Kota Kediri,-7.848,112.0172
2025-05-13,29.8,23.3,25.6,21.6,21.6,3.17,11.4,16.31,99,76,Kota Kediri,-7.848,112.0172
2025-05-14,30.9,23.4,25.8,14.0,14.0,3.53,9.8,17.66,100,70,Kota Kediri,-7.848,112.0172
2025-05-15,30.5,23.5,25.9,4.3,4.3,3.23,11.0,16.08,99,67,Kota Kediri,-7.848,112.0172
2025-05-16,30.9,24.0,26.1,21.1,21.1,3.12,8.5,15.19,100,64,Kota Kediri,-7.848,112.0172
2025-05-17,29.9,23.5,25.6,30.2,30.2,2.91,9.9,14.42,99,74,Kota Kediri,-7.848,112.0172
2025-05-18,30.8,23.6,25.9,5.5,5.5,3.2,11.5,15.66,99,65,Kota Kediri,-7.848,112.0172
2025-05-19,30.2,24.0,25.7,15.1,15.1,2.79,16.9,13.71,96,71,Kota Kediri,-7.848,112.0172
2025-05-20,30.4,24.3,26.3,6.1,6.1,3.91,19.3,17.99,89,69,Kota Kediri,-7.848,112.0172
2025-05-21,30.0,24.9,26.8,1.1,1.1,4.0,20.3,17.43,88,67,Kota Kediri,-7.848,112.0172
2025-05-22,31.7,23.7,26.6,3.4,3.4,3.99,15.6,18.55,96,58,Kota Kediri,-7.848,112.0172
2025-05-23,28.7,23.8,25.5,19.3,19.3,2.71,14.0,13.79,98,78,Kota Kediri,-7.848,112.0172
2025-05-24,30.1,23.5,25.9,3.3,3.3,3.08,13.3,15.2,96,71,Kota Kediri,-7.848,112.0172
2025-05-25,30.6,23.8,26.3,10.4,10.4,3.36,16.8,17.44,96,74,Kota Kediri,-7.848,112.0172
2025-05-26,28.2,23.8,25.3,13.4,13.4,1.97,22.1,10.41,97,81,Kota Kediri,-7.848,112.0172
2025-05-27,28.4,23.5,25.5,4.0,4.0,2.31,6.3,11.49,98,75,Kota Kediri,-7.848,112.0172
2025-05-28,30.9,24.5,26.9,3.4,3.4,3.37,11.8,16.45,97,68,Kota Kediri,-7.848,112.0172
2025-05-29,32.0,24.1,27.4,0.0,0.0,4.36,18.4,19.89,96,57,Kota Kediri,-7.848,112.0172
2025-05-30,31.2,24.0,27.2,0.0,0.0,4.28,18.5,20.06,93,64,Kota Kediri,-7.848,112.0172
2025-05-31,30.9,23.6,26.6,8.9,8.9,3.55,16.1,17.09,99,69,Kota Kediri,-7.848,112.0172
2025-06-01,30.9,23.2,26.5,2.0,2.0,3.45,19.1,16.33,98,65,Kota Kediri,-7.848,112.0172
2025-06-02,30.9,23.7,26.9,5.1,5.1,4.08,11.1,19.77,96,66,Kota Kediri,-7.848,112.0172
2025-06-03,32.0,24.1,27.1,1.6,1.6,4.16,10.7,19.9,94,59,Kota Kediri,-7.848,112.0172
2025-06-04,31.5,23.2,26.3,8.5,8.5,3.88,14.2,18.86,93,64,Kota Kediri,-7.848,112.0172
2025-06-05,30.9,24.3,27.0,0.0,0.0,4.79,21.0,20.03,90,57,Kota Kediri,-7.848,112.0172
2025-06-06,31.8,23.8,27.2,0.0,0.0,4.83,18.9,20.42,87,54,Kota Kediri,-7.848,112.0172
2025-06-07,30.9,24.1,27.0,0.0,0.0,4.62,22.6,19.42,88,58,Kota Kediri,-7.848,112.0172
2025-06-08,30.1,23.5,26.4,11.6,11.6,3.92,21.9,17.6,96,67,Kota Kediri,-7.848,112.0172
2025-06-09,29.6,23.5,25.6,18.8,18.8,2.88,16.6,13.44,96,69,Kota Kediri,-7.848,112.0172
2025-06-10,30.5,24.1,26.4,1.2,1.2,3.7,18.5,16.86,88,65,Kota Kediri,-7.848,112.0172
2025-06-11,31.5,23.8,26.8,0.4,0.4,4.27,19.0,18.04,89,57,Kota Kediri,-7.848,112.0172
2025-06-12,32.0,23.6,26.8,0.0,0.0,4.52,17.8,19.72,92,52,Kota Kediri,-7.848,112.0172
2025-06-13,31.1,24.3,26.8,0.4,0.4,4.06,19.9,17.99,92,60,Kota Kediri,-7.848,112.0172
2025-06-14,31.0,24.0,26.3,13.5,13.5,3.32,15.9,16.15,98,69,Kota Kediri,-7.848,112.0172
2025-06-15,31.4,23.5,26.5,0.5,0.5,3.83,17.1,18.26,97,62,Kota Kediri,-7.848,112.0172
2025-06-16,30.4,24.0,26.5,2.2,2.2,3.35,17.9,15.89,92,66,Kota Kediri,-7.848,112.0172
2025-06-17,31.1,22.5,26.6,0.4,0.4,4.19,18.5,19.04,100,59,Kota Kediri,-7.848,112.0172
2025-06-18,30.6,23.7,26.4,0.0,0.0,4.69,19.4,20.02,86,56,Kota Kediri,-7.848,112.0172
2025-06-19,30.0,22.5,25.6,0.0,0.0,4.03,18.2,16.93,88,53,Kota Kediri,-7.848,112.0172
2025-06-20,30.1,22.4,26.0,0.2,0.2,3.28,10.3,15.33,89,58,Kota Kediri,-7.848,112.0172
2025-06-21,31.5,22.5,26.3,0.7,0.7,4.07,16.3,18.79,96,58,Kota Kediri,-7.848,112.0172
2025-06-22,29.8,23.0,25.6,4.3,4.3,3.12,12.2,15.4,94,66,Kota Kediri,-7.848,112.0172
2025-06-23,31.2,22.9,25.9,1.0,1.0,4.06,18.0,18.14,96,55,Kota Kediri,-7.848,112.0172
2025-06-24,31.2,23.8,26.8,0.0,0.0,4.79,20.1,18.94,83,54,Kota Kediri,-7.848,112.0172
2025-06-25,30.3,24.8,26.7,0.1,0.1,4.58,22.1,17.43,84,58,Kota Kediri,-7.848,112.0172
2025-06-26,30.0,24.1,26.4,4.3,4.3,4.08,21.5,16.95,89,62,Kota Kediri,-7.848,112.0172
2025-06-27,31.0,24.0,26.4,1.5,1.5,3.93,19.1,17.37,92,60,Kota Kediri,-7.848,112.0172
2025-06-28,30.2,23.9,26.0,2.4,2.4,3.99,20.8,17.86,90,60,Kota Kediri,-7.848,112.0172
2025-06-29,31.0,23.6,26.2,0.2,0.2,4.28,20.8,18.42,91,56,Kota Kediri,-7.848,112.0172
2025-06-30,31.6,22.9,26.7,0.1,0.1,4.35,14.8,19.65,91,52,Kota Kediri,-7.848,112.0172
2025-07-01,32.0,23.1,26.9,0.4,0.4,4.4,15.4,19.63,93,52,Kota Kediri,-7.848,112.0172
2025-07-02,32.0,23.0,26.8,0.3,0.3,4.52,20.6,19.26,94,53,Kota Kediri,-7.848,112.0172
2025-07-03,30.6,24.0,26.2,0.5,0.5,3.96,20.2,16.4,88,58,Kota Kediri,-7.848,112.0172
2025-07-04,29.4,24.0,26.0,0.3,0.3,4.25,22.3,16.62,86,63,Kota Kediri,-7.848,112.0172
2025-07-05,31.1,23.8,26.2,1.9,1.9,4.4,21.6,17.76,84,54,Kota Kediri,-7.848,112.0172
2025-07-06,29.4,23.8,25.6,3.4,3.4,3.28,19.5,14.34,94,66,Kota Kediri,-7.848,112.0172
2025-07-07,30.8,23.8,25.7,7.0,7.0,3.59,20.2,16.84,95,59,Kota Kediri,-7.848,112.0172
2025-07-08,30.0,23.0,25.8,1.3,1.3,4.5,24.7,19.06,95,58,Kota Kediri,-7.848,112.0172
2025-07-09,28.9,22.5,25.1,0.0,0.0,5.24,24.1,21.09,84,51,Kota Kediri,-7.848,112.0172
2025-07-10,30.0,21.1,25.0,0.0,0.0,4.92,20.4,20.38,83,49,Kota Kediri,-7.848,112.0172
2025-07-11,30.2,22.0,25.1,0.0,0.0,4.64,20.5,20.09,86,53,Kota Kediri,-7.848,112.0172
2025-07-12,30.4,21.8,25.5,0.0,0.0,4.22,20.1,18.1,86,57,Kota Kediri,-7.848,112.0172
2025-07-13,31.4,22.2,26.4,0.5,0.5,4.28,19.7,18.97,95,56,Kota Kediri,-7.848,112.0172
2025-07-14,30.6,23.9,26.4,0.2,0.2,4.75,24.2,18.83,88,55,Kota Kediri,-7.848,112.0172
2025-07-15,30.8,24.0,26.4,1.2,1.2,4.44,24.4,18.24,91,58,Kota Kediri,-7.848,112.0172
2025-07-16,30.5,24.0,26.0,0.3,0.3,4.64,26.2,18.51,91,55,Kota Kediri,-7.848,112.0172
2025-07-17,31.0,22.5,25.7,0.0,0.0,5.06,21.1,21.33,86,49,Kota Kediri,-7.848,112.0172
2025-07-18,30.1,22.7,25.4,0.0,0.0,4.65,19.8,19.27,86,52,Kota Kediri,-7.848,112.0172
2025-07-19,29.8,21.5,24.9,0.0,0.0,4.57,19.0,19.34,91,50,Kota Kediri,-7.848,112.0172
2025-07-20,29.6,21.3,24.7,0.0,0.0,5.07,22.3,22.3,90,50,Kota Kediri,-7.848,112.0172
2025-07-21,29.9,21.0,24.8,0.0,0.0,5.05,21.1,21.7,83,47,Kota Kediri,-7.848,112.0172
2025-07-22,30.7,20.7,25.0,0.0,0.0,4.77,21.2,21.96,90,49,Kota Kediri,-7.848,112.0172
2025-07-23,31.1,21.1,25.6,0.0,0.0,4.53,17.7,20.97,98,53,Kota Kediri,-7.848,112.0172
2025-07-24,30.2,22.5,25.9,0.0,0.0,4.36,22.7,19.44,96,60,Kota Kediri,-7.848,112.0172
2025-07-25,31.0,23.6,26.6,0.0,0.0,4.78,21.8,20.1,90,57,Kota Kediri,-7.848,112.0172
2025-07-26,31.5,24.1,27.0,0.0,0.0,4.86,22.3,20.13,86,57,Kota Kediri,-7.848,112.0172
2025-07-27,32.0,23.8,26.8,0.7,0.7,4.43,19.8,19.22,93,56,Kota Kediri,-7.848,112.0172
2025-07-28,29.3,24.0,26.1,1.1,1.1,4.05,23.1,17.78,90,66,Kota Kediri,-7.848,112.0172
2025-07-29,29.8,24.1,26.3,0.6,0.6,4.27,23.3,16.32,88,61,Kota Kediri,-7.848,112.0172
2025-07-30,29.6,23.5,25.6,0.1,0.1,4.17,23.3,17.65,88,61,Kota Kediri,-7.848,112.0172
2025-07-31,30.8,23.1,26.1,0.0,0.0,4.91,22.4,20.63,88,56,Kota Kediri,-7.848,112.0172
2025-08-01,31.6,23.5,26.6,0.0,0.0,4.96,20.5,21.42,88,53,Kota Kediri,-7.848,112.0172
2025-08-02,32.7,23.3,27.0,0.1,0.1,4.55,16.3,20.89,96,53,Kota Kediri,-7.848,112.0172
2025-08-03,31.4,24.1,26.7,0.9,0.9,4.43,22.3,20.22,94,61,Kota Kediri,-7.848,112.0172
2025-08-04,32.2,23.5,26.8,4.4,4.4,4.76,19.7,21.03,93,57,Kota Kediri,-7.848,112.0172
2025-08-05,31.9,22.5,26.3,0.2,0.2,4.88,22.6,21.41,94,53,Kota Kediri,-7.848,112.0172
2025-08-06,31.2,23.5,26.2,0.0,0.0,5.27,21.6,22.5,87,55,Kota Kediri,-7.848,112.0172
2025-08-07,31.6,22.1,26.1,0.0,0.0,5.01,20.9,22.05,90,53,Kota Kediri,-7.848,112.0172
2025-08-08,32.0,24.1,27.2,0.5,0.5,4.99,16.5,21.2,86,51,Kota Kediri,-7.848,112.0172
2025-08-09,31.5,23.9,26.6,1.9,1.9,4.64,17.0,20.67,96,55,Kota Kediri,-7.848,112.0172
2025-08-10,30.4,23.6,26.1,3.3,3.3,4.34,19.6,20.26,97,61,Kota Kediri,-7.848,112.0172
2025-08-11,31.3,23.5,26.4,3.2,3.2,4.69,20.0,20.64,88,56,Kota Kediri,-7.848,112.0172
2025-08-12,30.8,23.5,26.1,6.8,6.8,4.36,21.6,19.23,91,56,Kota Kediri,-7.848,112.0172
2025-08-13,31.4,22.6,25.9,1.3,1.3,4.48,17.1,20.54,95,51,Kota Kediri,-7.848,112.0172
2025-08-14,30.1,23.4,25.8,0.0,0.0,5.6,26.7,20.51,83,45,Kota Kediri,-7.848,112.0172
2025-08-15,31.0,22.5,25.8,0.0,0.0,5.49,24.3,21.01,82,46,Kota Kediri,-7.848,112.0172
2025-08-16,31.6,23.0,26.5,0.7,0.7,5.15,21.2,22.58,88,50,Kota Kediri,-7.848,112.0172
2025-08-17,32.6,22.3,26.5,0.4,0.4,5.19,18.0,22.94,94,46,Kota Kediri,-7.848,112.0172
2025-08-18,32.2,23.5,26.9,0.7,0.7,4.49,15.2,20.51,92,53,Kota Kediri,-7.848,112.0172
2025-08-19,31.8,22.8,25.2,32.8,32.8,3.06,21.7,14.81,98,58,Kota Kediri,-7.848,112.0172
2025-08-20,30.0,22.4,25.5,1.3,1.3,3.68,15.4,17.53,98,59,Kota Kediri,-7.848,112.0172
2025-08-21,31.0,23.0,26.0,2.5,2.5,4.2,15.1,20.25,94,61,Kota Kediri,-7.848,112.0172
2025-08-22,31.7,22.2,26.1,0.6,0.6,4.47,14.1,21.28,95,56,Kota Kediri,-7.848,112.0172
2025-08-23,31.9,22.1,26.6,0.3,0.3,4.78,12.8,22.56,95,54,Kota Kediri,-7.848,112.0172
2025-08-24,31.5,22.9,26.5,0.0,0.0,5.02,19.5,22.7,94,55,Kota Kediri,-7.848,112.0172
2025-08-25,31.1,22.4,25.7,0.0,0.0,5.34,23.5,23.54,96,51,Kota Kediri,-7.848,112.0172
2025-08-26,30.9,21.8,25.7,0.0,0.0,5.53,24.3,22.02,84,50,Kota Kediri,-7.848,112.0172
2025-08-27,30.1,23.2,25.8,0.7,0.7,5.02,25.9,21.28,86,56,Kota Kediri,-7.848,112.0172
2025-08-28,27.5,23.4,25.1,0.3,0.3,3.81,26.9,15.58,89,66,Kota Kediri,-7.848,112.0172
2025-08-29,29.4,23.3,25.7,0.9,0.9,4.61,23.6,19.11,89,60,Kota Kediri,-7.848,112.0172
2025-08-30,31.0,23.5,26.3,1.4,1.4,5.08,21.2,20.86,84,53,Kota Kediri,-7.848,112.0172
2025-08-31,31.0,23.9,26.5,1.7,1.7,5.31,21.5,22.37,83,54,Kota Kediri,-7.848,112.0172
2025-09-01,32.7,22.8,26.6,1.1,1.1,4.99,16.8,21.68,89,46,Kota Kediri,-7.848,112.0172
2025-09-02,33.1,22.6,27.0,0.5,0.5,5.13,20.4,23.26,95,46,Kota Kediri,-7.848,112.0172
2025-09-03,33.2,22.5,27.0,0.1,0.1,5.35,19.3,23.86,100,44,Kota Kediri,-7.848,112.0172
2025-09-04,32.5,24.4,26.9,6.3,6.3,5.04,17.7,22.47,94,48,Kota Kediri,-7.848,112.0172
2025-09-05,31.9,23.5,26.6,0.0,0.0,5.69,21.4,24.0,90,47,Kota Kediri,-7.848,112.0172
2025-09-06,30.1,23.4,26.0,0.0,0.0,5.78,25.3,23.75,88,49,Kota Kediri,-7.848,112.0172
2025-09-07,30.1,23.0,26.0,0.0,0.0,5.45,23.8,19.44,79,51,Kota Kediri,-7.848,112.0172
2025-09-08,31.0,23.9,26.5,0.0,0.0,5.35,23.7,20.16,83,51,Kota Kediri,-7.848,112.0172
2025-09-09,29.8,23.7,25.9,3.5,3.5,4.63,24.5,20.49,92,60,Kota Kediri,-7.848,112.0172
2025-09-10,28.8,23.3,25.4,16.5,16.5,3.76,23.9,18.21,96,69,Kota Kediri,-7.848,112.0172
2025-09-11,30.4,23.4,26.0,9.2,9.2,3.94,14.7,19.03,94,70,Kota Kediri,-7.848,112.0172
2025-09-12,31.7,24.0,26.9,0.2,0.2,5.34,23.1,22.83,92,53,Kota Kediri,-7.848,112.0172
2025-09-13,32.5,24.0,27.1,0.0,0.0,5.44,23.1,23.21,86,50,Kota Kediri,-7.848,112.0172
2025-09-14,30.6,24.4,26.8,0.9,0.9,5.21,23.6,22.57,88,57,Kota Kediri,-7.848,112.0172
2025-09-15,30.1,23.8,26.5,0.5,0.5,5.16,24.1,22.17,84,60,Kota Kediri,-7.848,112.0172
2025-09-16,30.7,23.9,26.4,2.6,2.6,4.8,23.1,20.59,87,59,Kota Kediri,-7.848,112.0172
2025-09-17,30.9,24.2,26.6,1.0,1.0,5.13,21.9,21.48,85,55,Kota Kediri,-7.848,112.0172
2025-09-18,31.4,24.0,26.2,3.2,3.2,4.82,20.0,20.76,88,58,Kota Kediri,-7.848,112.0172
2025-09-19,32.8,23.9,26.8,1.5,1.5,5.21,19.6,23.16,87,53,Kota Kediri,-7.848,112.0172
2025-09-20,34.0,23.6,27.8,1.4,1.4,5.61,16.2,24.34,93,43,Kota Kediri,-7.848,112.0172
2025-09-21,33.0,23.8,27.3,3.1,3.1,5.3,21.0,23.1,92,54,Kota Kediri,-7.848,112.0172
2025-09-22,32.6,23.6,27.2,0.0,0.0,5.69,20.7,24.26,93,49,Kota Kediri,-7.848,112.0172
2025-09-23,33.4,23.9,27.5,0.0,0.0,6.26,21.5,25.04,85,44,Kota Kediri,-7.848,112.0172
2025-09-24,32.9,22.9,27.0,0.1,0.1,5.54,21.6,24.35,96,47,Kota Kediri,-7.848,112.0172
2025-09-25,33.6,23.0,27.6,1.4,1.4,5.36,17.3,24.24,96,45,Kota Kediri,-7.848,112.0172
2025-09-26,33.3,23.6,27.6,1.8,1.8,5.79,24.5,24.76,95,48,Kota Kediri,-7.848,112.0172
2025-09-27,34.1,24.0,27.9,0.7,0.7,5.53,19.6,23.72,90,48,Kota Kediri,-7.848,112.0172
2025-09-28,34.7,23.5,28.1,0.7,0.7,5.35,16.9,23.56,96,46,Kota Kediri,-7.848,112.0172
2025-09-29,32.9,23.9,26.9,5.1,5.1,5.07,21.8,23.07,94,55,Kota Kediri,-7.848,112.0172
2025-09-30,29.9,23.8,25.6,19.1,19.1,3.14,19.6,14.91,96,68,Kota Kediri,-7.848,112.0172
2025-10-01,32.8,22.6,26.2,7.3,7.3,4.39,17.0,20.84,99,55,Kota Kediri,-7.848,112.0172
2025-10-02,33.7,22.8,27.5,0.2,0.2,5.42,14.5,24.62,97,46,Kota Kediri,-7.848,112.0172
2025-10-03,32.8,23.7,27.3,0.0,0.0,5.81,21.8,24.62,98,45,Kota Kediri,-7.848,112.0172
2025-10-04,32.5,23.2,27.1,0.0,0.0,5.62,20.2,23.11,83,50,Kota Kediri,-7.848,112.0172
2025-10-05,34.7,22.7,27.7,0.6,0.6,5.43,15.0,24.62,94,35,Kota Kediri,-7.848,112.0172
2025-10-06,33.2,24.1,27.4,2.1,2.1,5.35,18.7,24.07,96,51,Kota Kediri,-7.848,112.0172
2025-10-07,33.5,24.2,27.6,1.3,1.3,5.57,20.2,23.74,93,49,Kota Kediri,-7.848,112.0172
2025-10-08,32.4,24.2,27.4,0.0,0.0,6.16,23.7,25.23,85,48,Kota Kediri,-7.848,112.0172
2025-10-09,32.3,22.9,26.9,0.1,0.1,5.62,19.7,24.09,93,52,Kota Kediri,-7.848,112.0172
2025-10-10,32.0,23.4,27.2,0.3,0.3,5.74,20.7,24.35,88,53,Kota Kediri,-7.848,112.0172
2025-10-11,32.5,23.9,27.4,0.1,0.1,5.71,20.4,24.39,87,49,Kota Kediri,-7.848,112.0172
2025-10-12,32.8,25.1,27.9,0.4,0.4,5.36,19.2,22.49,88,53,Kota Kediri,-7.848,112.0172
2025-10-13,33.5,25.2,28.0,2.2,2.2,5.21,17.3,22.74,90,52,Kota Kediri,-7.848,112.0172
2025-10-14,34.1,24.9,28.5,1.3,1.3,5.47,19.2,23.3,91,50,Kota Kediri,-7.848,112.0172
2025-10-15,32.9,24.9,27.6,15.0,15.0,4.95,16.0,22.27,89,56,Kota Kediri,-7.848,112.0172
2025-10-16,33.2,25.0,27.8,2.6,2.6,5.53,20.0,24.12,89,53,Kota Kediri,-7.848,112.0172
2025-10-17,32.7,24.5,27.6,1.0,1.0,5.34,17.7,23.75,88,53,Kota Kediri,-7.848,112.0172
2025-10-18,34.0,24.0,28.2,0.5,0.5,5.67,20.6,24.99,94,48,Kota Kediri,-7.848,112.0172
2025-10-19,32.2,24.4,27.7,2.4,2.4,5.03,18.6,22.82,92,59,Kota Kediri,-7.848,112.0172
2025-10-20,33.2,24.4,26.9,7.7,7.7,4.15,14.7,19.82,93,59,Kota Kediri,-7.848,112.0172
2025-10-21,31.2,24.0,26.1,33.0,33.0,3.26,16.8,15.78,98,65,Kota Kediri,-7.848,112.0172
2025-10-22,31.0,24.0,25.9,12.3,12.3,3.56,18.7,17.87,99,66,Kota Kediri,-7.848,112.0172
2025-10-23,30.6,23.9,26.2,3.0,3.0,4.27,17.6,21.02,98,67,Kota Kediri,-7.848,112.0172
2025-10-24,32.8,23.6,26.3,10.6,10.6,4.43,18.8,21.6,96,60,Kota Kediri,-7.848,112.0172
2025-10-25,30.9,23.3,25.7,2.5,2.5,3.58,21.3,17.44,97,66,Kota Kediri,-7.848,112.0172
2025-10-26,31.6,23.6,26.2,14.0,14.0,4.41,16.9,21.27,98,60,Kota Kediri,-7.848,112.0172
2025-10-27,32.2,23.1,26.5,5.3,5.3,4.35,16.0,20.97,98,57,Kota Kediri,-7.848,112.0172
2025-10-28,31.2,23.4,26.2,3.6,3.6,3.33,10.8,15.89,97,64,Kota Kediri,-7.848,112.0172
2025-10-29,31.4,23.5,26.2,5.2,5.2,4.01,15.3,19.52,99,63,Kota Kediri,-7.848,112.0172
2025-10-30,30.8,23.6,26.2,14.1,14.1,3.81,16.4,18.14,98,68,Kota Kediri,-7.848,112.0172
2025-10-31,31.6,23.1,26.1,9.9,9.9,4.05,13.3,19.89,98,66,Kota Kediri,-7.848,112.0172
2025-11-01,31.6,24.1,26.5,10.0,10.0,4.1,16.2,19.58,96,65,Kota Kediri,-7.848,112.0172
2025-11-02,31.3,23.6,26.4,4.2,4.2,3.97,16.6,19.34,98,67,Kota Kediri,-7.848,112.0172
2025-11-03,31.0,23.5,26.3,12.7,12.7,4.2,15.7,20.58,98,67,Kota Kediri,-7.848,112.0172
2025-11-04,30.2,23.5,25.8,21.4,21.4,3.59,17.5,17.96,98,69,Kota Kediri,-7.848,112.0172
2025-11-05,28.9,23.8,25.3,8.7,8.7,2.81,19.0,13.87,96,73,Kota Kediri,-7.848,112.0172
2025-11-06,30.2,23.6,26.2,5.8,5.8,3.85,19.3,18.25,97,66,Kota Kediri,-7.848,112.0172
2025-11-07,30.3,23.4,26.0,2.7,2.7,3.72,13.2,18.03,96,68,Kota Kediri,-7.848,112.0172
2025-11-08,33.0,23.9,26.5,36.8,36.8,4.2,18.3,20.49,96,57,Kota Kediri,-7.848,112.0172
2025-11-09,28.8,23.4,25.6,2.2,2.2,2.38,19.7,10.99,97,69,Kota Kediri,-7.848,112.0172
2025-11-10,32.1,24.4,26.6,3.8,3.8,3.62,14.4,17.2,98,57,Kota Kediri,-7.848,112.0172
2025-11-11,29.6,23.7,25.7,14.1,14.1,2.89,17.5,13.88,98,69,Kota Kediri,-7.848,112.0172
2025-11-12,28.0,23.3,24.8,14.5,14.5,2.33,11.3,11.35,98,72,Kota Kediri,-7.848,112.0172
2025-11-13,28.7,23.5,25.2,12.6,12.6,2.36,13.0,11.28,96,70,Kota Kediri,-7.848,112.0172
2025-11-14,29.0,23.9,25.4,9.4,9.4,3.02,15.0,14.85,96,68,Kota Kediri,-7.848,112.0172
2025-11-15,28.7,23.2,25.6,17.9,17.9,3.12,17.3,15.0,97,74,Kota Kediri,-7.848,112.0172
2025-11-16,30.6,23.8,26.2,3.8,3.8,3.61,11.5,17.07,98,63,Kota Kediri,-7.848,112.0172
2025-11-17,29.5,23.8,26.3,4.8,4.8,3.13,14.3,14.74,95,70,Kota Kediri,-7.848,112.0172
2025-11-18,30.5,23.9,25.9,30.8,30.8,3.53,15.2,17.51,98,68,Kota Kediri,-7.848,112.0172
2025-11-19,30.9,24.1,25.7,34.2,34.2,3.44,18.9,16.92,99,67,Kota Kediri,-7.848,112.0172
2025-11-20,30.9,23.9,26.3,7.3,7.3,3.85,14.9,18.15,99,64,Kota Kediri,-7.848,112.0172
2025-11-21,29.0,23.6,25.7,7.4,7.4,2.78,15.1,13.42,99,75,Kota Kediri,-7.848,112.0172
2025-11-22,30.2,23.5,26.0,55.3,55.3,3.0,13.5,13.42,99,69,Kota Kediri,-7.848,112.0172
2025-11-23,32.0,24.1,26.8,6.5,6.5,4.45,12.0,21.23,98,54,Kota Kediri,-7.848,112.0172
2025-11-24,30.0,23.6,26.6,4.1,4.1,3.74,16.8,15.82,98,64,Kota Kediri,-7.848,112.0172
2025-11-25,31.9,23.4,27.3,0.8,0.8,5.08,12.9,23.04,89,56,Kota Kediri,-7.848,112.0172
2025-11-26,29.9,23.8,26.0,10.0,10.0,3.89,22.3,19.41,96,64,Kota Kediri,-7.848,112.0172
2025-11-27,31.4,23.6,26.9,0.3,0.3,5.06,21.7,21.7,89,61,Kota Kediri,-7.848,112.0172
2025-11-28,30.9,24.8,27.2,0.0,0.0,5.77,26.5,24.03,83,56,Kota Kediri,-7.848,112.0172
2025-11-29,30.5,24.0,26.7,0.0,0.0,5.4,24.2,21.04,81,51,Kota Kediri,-7.848,112.0172
2025-11-30,31.2,23.3,26.8,0.7,0.7,4.81,16.0,20.7,85,58,Kota Kediri,-7.848,112.0172
2025-12-01,31.0,23.9,27.2,0.2,0.2,5.48,20.0,23.16,88,55,Kota Kediri,-7.848,112.0172
2025-12-02,31.9,24.4,26.5,9.9,9.9,4.04,16.0,18.0,93,63,Kota Kediri,-7.848,112.0172
2025-12-03,30.5,24.5,27.1,0.7,0.7,4.29,17.3,19.37,94,65,Kota Kediri,-7.848,112.0172
2025-12-04,31.2,23.8,25.8,11.1,11.1,3.64,12.6,17.62,98,64,Kota Kediri,-7.848,112.0172
2025-12-05,31.1,23.5,26.1,2.8,2.8,3.98,16.4,18.98,94,64,Kota Kediri,-7.848,112.0172
2025-12-06,31.5,23.5,26.0,4.7,4.7,3.89,18.5,19.07,96,62,Kota Kediri,-7.848,112.0172
2025-12-07,31.1,23.4,26.3,0.1,0.1,3.9,16.6,18.49,96,65,Kota Kediri,-7.848,112.0172
2025-12-08,29.2,23.9,25.5,19.3,19.3,2.41,17.8,11.59,96,73,Kota Kediri,-7.848,112.0172
2025-12-09,30.5,23.6,26.0,3.2,3.2,3.46,19.2,16.52,95,68,Kota Kediri,-7.848,112.0172
2025-12-10,32.5,23.2,27.3,1.6,1.6,5.02,19.6,22.81,97,55,Kota Kediri,-7.848,112.0172
2025-12-11,31.9,24.5,27.0,0.8,0.8,4.14,19.0,17.95,94,55,Kota Kediri,-7.848,112.0172
2025-12-12,31.4,23.5,26.9,3.6,3.6,4.74,13.8,22.63,94,57,Kota Kediri,-7.848,112.0172
2025-12-13,30.0,24.0,26.8,0.3,0.3,4.59,9.4,22.09,91,56,Kota Kediri,-7.848,112.0172
2025-12-14,29.1,23.2,25.4,12.3,12.3,3.39,9.3,16.92,99,73,Kota Kediri,-7.848,112.0172
2025-12-15,30.2,23.1,26.0,1.3,1.3,3.7,21.4,17.19,98,63,Kota Kediri,-7.848,112.0172
2025-12-16,32.9,24.3,27.9,0.0,0.0,5.96,21.9,23.93,83,47,Kota Kediri,-7.848,112.0172
2025-12-17,31.6,23.1,27.1,0.3,0.3,4.7,12.4,22.38,92,59,Kota Kediri,-7.848,112.0172
2025-12-18,30.6,23.8,26.1,11.5,11.5,3.72,13.0,18.37,97,65,Kota Kediri,-7.848,112.0172
2025-12-19,31.5,23.8,26.3,0.8,0.8,3.76,17.3,17.36,97,55,Kota Kediri,-7.848,112.0172
2025-12-20,29.5,23.6,25.7,11.0,11.0,3.23,10.0,15.56,98,70,Kota Kediri,-7.848,112.0172
2025-12-21,30.6,23.5,26.4,3.5,3.5,4.14,12.4,20.11,98,65,Kota Kediri,-7.848,112.0172
2025-12-22,29.8,24.1,26.4,11.0,11.0,3.03,10.4,14.91,95,73,Kota Kediri,-7.848,112.0172
2025-12-23,32.2,24.5,27.6,0.7,0.7,4.66,15.2,21.08,91,60,Kota Kediri,-7.848,112.0172
2025-12-24,32.0,24.4,27.1,1.9,1.9,4.59,17.8,21.97,95,59,Kota Kediri,-7.848,112.0172
2025-12-25,31.3,24.2,27.1,1.5,1.5,4.53,15.4,21.55,97,64,Kota Kediri,-7.848,112.0172
2025-12-26,31.0,23.7,26.6,3.0,3.0,3.97,19.4,18.54,95,66,Kota Kediri,-7.848,112.0172
2025-12-27,32.2,24.5,27.5,0.4,0.4,4.33,20.8,18.85,90,59,Kota Kediri,-7.848,112.0172
2025-12-28,33.2,24.2,28.2,0.0,0.0,5.24,18.0,23.39,92,55,Kota Kediri,-7.848,112.0172
2025-12-29,31.7,24.9,27.8,0.0,0.0,5.47,21.4,23.52,87,55,Kota Kediri,-7.848,112.0172
2025-12-30,31.7,23.9,27.3,0.0,0.0,4.85,15.1,21.93,88,56,Kota Kediri,-7.848,112.0172
2025-12-31,29.5,24.7,26.3,5.7,5.7,2.93,8.7,13.69,97,70,Kota Kediri,-7.848,112.0172
