tanggal,temperature_2m_max,temperature_2m_min,temperature_2m_mean,precipitation_sum,rain_sum,et0_fao_evapotranspiration,windspeed_10m_max,shortwave_radiation_sum,relative_humidity_2m_max,relative_humidity_2m_min,kabupaten,lat,lon
2018-01-01,30.1,24.1,26.9,13.6,13.6,3.27,9.7,15.6,96,67,Lamongan,-7.1175,112.4154
2018-01-02,29.5,24.8,26.7,9.8,9.8,3.45,8.3,16.79,95,72,Lamongan,-7.1175,112.4154
2018-01-03,30.0,24.4,27.0,1.9,1.9,3.72,10.5,18.45,97,72,Lamongan,-7.1175,112.4154
2018-01-04,29.5,24.6,26.6,17.6,17.6,3.16,9.7,15.4,96,75,Lamongan,-7.1175,112.4154
2018-01-05,31.1,24.1,26.8,8.7,8.7,4.12,9.6,20.16,96,66,Lamongan,-7.1175,112.4154
2018-01-06,31.8,24.5,26.8,11.7,11.7,3.71,12.4,18.09,97,65,Lamongan,-7.1175,112.4154
2018-01-07,27.4,24.2,25.6,18.5,18.5,2.02,13.0,9.82,97,83,Lamongan,-7.1175,112.4154
2018-01-08,30.7,24.2,27.0,2.4,2.4,3.91,8.8,18.91,95,64,Lamongan,-7.1175,112.4154
2018-01-09,30.8,24.6,27.2,6.6,6.6,4.07,8.6,19.69,98,71,Lamongan,-7.1175,112.4154
2018-01-10,31.1,24.8,26.9,7.0,7.0,4.05,15.6,19.52,94,63,Lamongan,-7.1175,112.4154
2018-01-11,29.5,24.5,25.8,13.5,13.5,2.72,18.1,13.09,96,71,Lamongan,-7.1175,112.4154
2018-01-12,30.0,23.5,26.0,1.0,1.0,2.69,13.0,12.44,94,66,Lamongan,-7.1175,112.4154
2018-01-13,30.5,24.2,27.0,3.9,3.9,3.55,17.0,16.99,92,70,Lamongan,-7.1175,112.4154
2018-01-14,29.9,24.4,26.7,5.0,5.0,3.14,19.1,14.14,93,69,Lamongan,-7.1175,112.4154
2018-01-15,30.4,24.6,27.3,0.4,0.4,4.22,15.6,18.96,91,65,Lamongan,-7.1175,112.4154
2018-01-16,29.5,24.6,26.5,2.8,2.8,3.02,19.7,13.35,93,69,Lamongan,-7.1175,112.4154
2018-01-17,31.5,24.5,27.0,7.7,7.7,3.97,17.7,19.22,93,62,Lamongan,-7.1175,112.4154
2018-01-18,29.0,24.5,26.1,12.4,12.4,2.29,15.9,10.79,95,74,Lamongan,-7.1175,112.4154
2018-01-19,29.5,24.3,25.9,16.3,16.3,2.87,15.1,14.37,96,75,Lamongan,-7.1175,112.4154
2018-01-20,30.6,24.0,25.9,21.6,21.6,3.28,14.3,16.17,96,68,Lamongan,-7.1175,112.4154
2018-01-21,30.2,24.0,26.4,8.6,8.6,3.5,18.8,16.68,92,67,Lamongan,-7.1175,112.4154
2018-01-22,28.4,24.6,26.0,10.9,10.9,2.62,17.8,13.0,93,80,Lamongan,-7.1175,112.4154
2018-01-23,29.0,24.5,26.0,7.9,7.9,2.93,16.0,14.7,96,77,Lamongan,-7.1175,112.4154
2018-01-24,30.4,24.2,26.2,16.5,16.5,3.0,16.3,15.1,95,71,Lamongan,-7.1175,112.4154
2018-01-25,28.8,24.8,26.2,12.8,12.8,2.73,18.6,13.0,91,78,Lamongan,-7.1175,112.4154
2018-01-26,30.0,24.2,26.2,8.4,8.4,3.28,19.6,16.46,95,73,Lamongan,-7.1175,112.4154
2018-01-27,30.9,24.7,27.1,3.8,3.8,4.04,19.2,19.49,94,68,Lamongan,-7.1175,112.4154
2018-01-28,28.2,24.4,26.6,8.4,8.4,2.87,22.1,12.95,94,76,Lamongan,-7.1175,112.4154
2018-01-29,30.1,24.8,26.8,5.6,5.6,3.8,22.7,16.88,90,66,Lamongan,-7.1175,112.4154
2018-01-30,30.8,24.0,26.6,2.5,2.5,4.42,19.2,20.42,92,60,Lamongan,-7.1175,112.4154
2018-01-31,28.9,24.0,26.1,5.4,5.4,2.85,18.8,13.69,94,77,Lamongan,-7.1175,112.4154
2018-02-01,28.6,24.6,26.3,14.0,14.0,3.27,21.9,16.36,93,76,Lamongan,-7.1175,112.4154
2018-02-02,28.7,23.9,25.9,10.8,10.8,2.89,17.8,14.39,93,76,Lamongan,-7.1175,112.4154
2018-02-03,30.0,24.4,26.1,8.6,8.6,2.99,18.5,14.82,95,70,Lamongan,-7.1175,112.4154
2018-02-04,29.8,23.2,25.9,13.5,13.5,3.52,17.6,18.18,96,73,Lamongan,-7.1175,112.4154
2018-02-05,28.2,24.3,25.9,12.4,12.4,2.67,17.7,12.46,93,76,Lamongan,-7.1175,112.4154
2018-02-06,28.0,23.8,25.7,2.0,2.0,2.56,17.9,10.42,90,71,Lamongan,-7.1175,112.4154
2018-02-07,28.2,24.0,25.4,21.4,21.4,2.7,17.7,13.62,92,77,Lamongan,-7.1175,112.4154
2018-02-08,26.0,24.0,25.0,21.8,21.8,1.47,13.4,6.72,94,85,Lamongan,-7.1175,112.4154
2018-02-09,29.8,24.1,25.9,22.1,22.1,3.4,15.4,16.83,92,67,Lamongan,-7.1175,112.4154
2018-02-10,30.5,23.6,26.2,7.0,7.0,4.22,16.1,21.1,96,68,Lamongan,-7.1175,112.4154
2018-02-11,28.3,24.0,25.8,10.5,10.5,3.13,15.6,16.09,94,79,Lamongan,-7.1175,112.4154
2018-02-12,28.5,24.1,25.9,4.2,4.2,3.01,15.3,14.67,95,73,Lamongan,-7.1175,112.4154
2018-02-13,29.4,24.0,26.0,6.6,6.6,3.33,18.4,16.29,92,73,Lamongan,-7.1175,112.4154
2018-02-14,29.6,24.6,26.5,11.6,11.6,3.65,19.1,16.82,91,75,Lamongan,-7.1175,112.4154
2018-02-15,29.5,24.4,26.0,15.3,15.3,3.09,19.9,14.55,94,70,Lamongan,-7.1175,112.4154
2018-02-16,28.2,24.1,25.7,3.9,3.9,1.97,19.8,8.71,94,75,Lamongan,-7.1175,112.4154
2018-02-17,30.7,24.0,26.7,2.4,2.4,4.49,18.8,22.61,94,65,Lamongan,-7.1175,112.4154
2018-02-18,30.7,24.4,26.9,4.0,4.0,4.08,12.9,20.02,95,64,Lamongan,-7.1175,112.4154
2018-02-19,31.2,24.4,26.8,4.3,4.3,4.35,14.0,21.59,95,70,Lamongan,-7.1175,112.4154
2018-02-20,29.9,23.8,26.5,17.4,17.4,3.82,13.5,19.46,98,75,Lamongan,-7.1175,112.4154
2018-02-21,31.1,23.8,26.7,12.1,12.1,4.35,10.2,21.41,97,66,Lamongan,-7.1175,112.4154
2018-02-22,29.9,23.8,26.1,24.9,24.9,3.55,10.2,17.52,97,74,Lamongan,-7.1175,112.4154
2018-02-23,28.9,24.0,25.8,12.2,12.2,2.89,11.1,14.17,96,77,Lamongan,-7.1175,112.4154
2018-02-24,29.2,24.0,25.7,21.0,21.0,2.9,16.2,14.41,97,74,Lamongan,-7.1175,112.4154
2018-02-25,30.9,23.5,26.5,4.0,4.0,3.97,9.7,19.5,98,68,Lamongan,-7.1175,112.4154
2018-02-26,29.9,24.1,25.7,10.1,10.1,2.85,14.2,13.83,98,72,Lamongan,-7.1175,112.4154
2018-02-27,30.8,23.8,26.8,10.8,10.8,4.73,10.1,23.25,98,64,Lamongan,-7.1175,112.4154
2018-02-28,30.1,24.0,26.5,4.1,4.1,3.65,7.9,18.0,99,71,Lamongan,-7.1175,112.4154
2018-03-01,29.0,24.8,26.5,8.3,8.3,3.32,13.0,16.75,98,81,Lamongan,-7.1175,112.4154
2018-03-02,30.7,23.8,26.7,11.8,11.8,4.16,10.2,20.85,98,69,Lamongan,-7.1175,112.4154
2018-03-03,29.2,25.0,26.7,6.6,6.6,3.47,10.2,17.45,97,76,Lamongan,-7.1175,112.4154
2018-03-04,30.1,24.1,26.7,11.7,11.7,4.01,11.9,20.04,97,72,Lamongan,-7.1175,112.4154
2018-03-05,29.2,24.3,26.0,28.5,28.5,3.23,11.2,15.83,97,76,Lamongan,-7.1175,112.4154
2018-03-06,30.7,23.6,26.7,5.8,5.8,4.22,12.1,20.92,99,74,Lamongan,-7.1175,112.4154
2018-03-07,30.2,24.5,26.1,17.1,17.1,3.33,11.2,16.3,96,73,Lamongan,-7.1175,112.4154
2018-03-08,30.3,24.3,26.6,11.0,11.0,3.73,12.0,18.49,96,69,Lamongan,-7.1175,112.4154
2018-03-09,31.3,24.5,26.8,8.7,8.7,3.85,8.3,18.89,96,68,Lamongan,-7.1175,112.4154
2018-03-10,31.3,24.0,26.8,5.1,5.1,4.23,11.5,20.77,96,67,Lamongan,-7.1175,112.4154
2018-03-11,29.5,24.4,26.5,6.2,6.2,3.0,9.1,14.41,95,71,Lamongan,-7.1175,112.4154
2018-03-12,29.0,24.3,26.2,6.6,6.6,2.46,8.4,11.56,96,72,Lamongan,-7.1175,112.4154
2018-03-13,28.1,23.9,25.8,13.6,13.6,2.42,11.8,11.57,96,80,Lamongan,-7.1175,112.4154
2018-03-14,31.6,24.1,27.1,2.0,2.0,4.72,9.4,22.91,95,62,Lamongan,-7.1175,112.4154
2018-03-15,31.4,24.0,27.3,2.5,2.5,4.81,9.4,23.18,97,61,Lamongan,-7.1175,112.4154
2018-03-16,30.8,24.1,26.5,14.4,14.4,3.86,12.6,19.0,93,65,Lamongan,-7.1175,112.4154
2018-03-17,28.9,24.1,25.9,19.2,19.2,3.36,12.1,16.65,95,75,Lamongan,-7.1175,112.4154
2018-03-18,29.8,23.8,26.3,7.7,7.7,3.63,15.6,17.97,97,68,Lamongan,-7.1175,112.4154
2018-03-19,30.8,24.0,27.1,5.4,5.4,4.68,7.8,22.9,96,69,Lamongan,-7.1175,112.4154
2018-03-20,32.5,24.9,28.2,0.2,0.2,5.48,15.5,25.72,90,55,Lamongan,-7.1175,112.4154
2018-03-21,29.9,25.0,27.1,2.5,2.5,4.16,23.2,20.86,92,75,Lamongan,-7.1175,112.4154
2018-03-22,29.0,24.0,26.0,13.8,13.8,2.78,17.8,13.65,93,77,Lamongan,-7.1175,112.4154
2018-03-23,31.9,24.1,27.4,1.3,1.3,4.82,11.2,23.54,96,63,Lamongan,-7.1175,112.4154
2018-03-24,31.0,24.6,27.3,4.2,4.2,4.19,12.8,19.82,92,68,Lamongan,-7.1175,112.4154
2018-03-25,30.9,24.8,27.0,5.5,5.5,4.58,11.9,22.0,96,67,Lamongan,-7.1175,112.4154
2018-03-26,30.1,24.3,27.1,0.4,0.4,3.96,9.0,19.3,98,67,Lamongan,-7.1175,112.4154
2018-03-27,30.5,25.1,27.0,2.3,2.3,3.56,13.0,17.47,94,71,Lamongan,-7.1175,112.4154
2018-03-28,31.9,24.8,27.6,2.8,2.8,4.59,13.5,21.68,90,65,Lamongan,-7.1175,112.4154
2018-03-29,31.7,25.4,28.1,0.7,0.7,5.09,16.1,23.43,90,61,Lamongan,-7.1175,112.4154
2018-03-30,30.8,24.9,27.2,4.5,4.5,4.38,17.3,21.43,96,64,Lamongan,-7.1175,112.4154
2018-03-31,31.4,24.2,27.1,12.0,12.0,4.42,18.3,22.13,97,64,Lamongan,-7.1175,112.4154
2018-04-01,31.1,24.3,27.1,4.0,4.0,4.35,14.3,21.59,95,70,Lamongan,-7.1175,112.4154
2018-04-02,30.0,24.3,26.6,9.1,9.1,3.98,13.5,19.99,99,74,Lamongan,-7.1175,112.4154
2018-04-03,31.0,24.3,27.3,5.4,5.4,4.51,12.0,22.13,97,67,Lamongan,-7.1175,112.4154
2018-04-04,31.0,24.1,27.6,0.2,0.2,4.77,11.2,23.1,95,62,Lamongan,-7.1175,112.4154
2018-04-05,31.3,24.8,27.8,0.9,0.9,4.74,11.6,23.17,96,64,Lamongan,-7.1175,112.4154
2018-04-06,31.5,25.4,27.6,1.0,1.0,4.62,15.8,22.58,95,62,Lamongan,-7.1175,112.4154
2018-04-07,29.9,24.5,26.8,8.9,8.9,3.96,16.5,20.21,95,72,Lamongan,-7.1175,112.4154
2018-04-08,29.5,24.8,26.5,10.7,10.7,3.31,13.7,16.64,95,74,Lamongan,-7.1175,112.4154
2018-04-09,29.8,24.7,27.1,1.0,1.0,3.83,15.3,19.1,97,72,Lamongan,-7.1175,112.4154
2018-04-10,31.5,23.4,27.6,0.0,0.0,4.78,12.0,22.67,96,59,Lamongan,-7.1175,112.4154
2018-04-11,31.2,24.8,28.0,0.4,0.4,4.61,13.6,22.13,94,64,Lamongan,-7.1175,112.4154
2018-04-12,29.5,25.6,27.6,2.4,2.4,3.57,11.2,17.79,94,75,Lamongan,-7.1175,112.4154
2018-04-13,31.9,25.6,28.5,1.7,1.7,4.73,15.2,22.29,94,62,Lamongan,-7.1175,112.4154
2018-04-14,30.9,26.0,28.1,2.0,2.0,4.11,14.3,20.33,93,67,Lamongan,-7.1175,112.4154
2018-04-15,32.3,25.1,28.6,0.3,0.3,4.93,9.0,23.36,95,58,Lamongan,-7.1175,112.4154
2018-04-16,31.1,25.0,27.9,3.1,3.1,4.18,8.5,20.05,98,67,Lamongan,-7.1175,112.4154
2018-04-17,30.3,25.3,27.4,2.9,2.9,3.88,6.7,19.03,95,70,Lamongan,-7.1175,112.4154
2018-04-18,30.6,25.1,27.2,7.1,7.1,3.84,6.7,18.9,97,67,Lamongan,-7.1175,112.4154
2018-04-19,30.9,25.0,27.7,1.7,1.7,4.18,9.7,20.28,98,63,Lamongan,-7.1175,112.4154
2018-04-20,30.9,25.0,27.6,8.0,8.0,4.17,13.0,20.39,96,65,Lamongan,-7.1175,112.4154
2018-04-21,30.7,25.1,27.6,3.6,3.6,3.63,11.5,17.78,97,68,Lamongan,-7.1175,112.4154
2018-04-22,29.9,25.7,27.3,13.3,13.3,3.32,19.4,16.34,96,76,Lamongan,-7.1175,112.4154
2018-04-23,30.2,24.9,27.1,6.4,6.4,3.38,18.5,16.75,95,72,Lamongan,-7.1175,112.4154
2018-04-24,31.0,25.7,27.8,2.4,2.4,3.96,9.9,19.13,95,65,Lamongan,-7.1175,112.4154
2018-04-25,30.8,24.9,27.6,1.7,1.7,4.24,10.8,20.61,98,64,Lamongan,-7.1175,112.4154
2018-04-26,30.4,24.5,27.5,1.0,1.0,4.28,16.9,20.55,97,68,Lamongan,-7.1175,112.4154
2018-04-27,30.4,25.6,27.8,1.9,1.9,4.11,14.4,19.93,91,69,Lamongan,-7.1175,112.4154
2018-04-28,31.8,24.4,27.9,0.8,0.8,4.43,7.6,21.3,93,59,Lamongan,-7.1175,112.4154
2018-04-29,32.0,22.9,27.6,0.0,0.0,5.06,10.0,23.71,96,43,Lamongan,-7.1175,112.4154
2018-04-30,31.8,24.4,27.9,0.0,0.0,5.28,14.8,23.74,92,46,Lamongan,-7.1175,112.4154
2018-05-01,31.5,24.0,27.7,0.0,0.0,5.0,14.6,22.91,90,51,Lamongan,-7.1175,112.4154
2018-05-02,31.0,22.9,27.3,0.0,0.0,4.44,8.4,21.38,94,55,Lamongan,-7.1175,112.4154
2018-05-03,31.5,23.7,27.8,0.0,0.0,4.99,11.8,23.05,91,47,Lamongan,-7.1175,112.4154
2018-05-04,31.8,23.8,27.9,0.0,0.0,4.93,9.6,22.79,88,44,Lamongan,-7.1175,112.4154
2018-05-05,31.5,23.8,27.7,0.0,0.0,4.89,15.1,22.75,88,55,Lamongan,-7.1175,112.4154
2018-05-06,31.7,25.5,28.8,0.4,0.4,4.82,22.1,19.45,87,55,Lamongan,-7.1175,112.4154
2018-05-07,32.5,24.5,28.5,0.0,0.0,4.99,14.4,22.54,91,49,Lamongan,-7.1175,112.4154
2018-05-08,32.2,25.1,28.6,0.0,0.0,4.77,13.7,21.11,90,50,Lamongan,-7.1175,112.4154
2018-05-09,31.9,24.6,28.2,0.3,0.3,4.93,15.5,22.24,93,47,Lamongan,-7.1175,112.4154
2018-05-10,32.1,25.1,28.4,0.0,0.0,5.18,17.7,22.26,88,47,Lamongan,-7.1175,112.4154
2018-05-11,33.0,24.4,28.3,0.0,0.0,5.0,17.2,22.63,95,41,Lamongan,-7.1175,112.4154
2018-05-12,32.6,24.9,28.8,0.2,0.2,5.09,15.5,22.1,90,48,Lamongan,-7.1175,112.4154
2018-05-13,32.8,24.6,28.5,0.0,0.0,5.19,17.5,22.23,89,44,Lamongan,-7.1175,112.4154
2018-05-14,32.8,24.9,28.6,0.3,0.3,4.87,18.5,20.53,86,50,Lamongan,-7.1175,112.4154
2018-05-15,33.0,26.3,29.1,5.4,5.4,4.29,18.0,17.56,85,54,Lamongan,-7.1175,112.4154
2018-05-16,31.5,25.8,28.7,0.5,0.5,3.97,19.7,16.61,87,61,Lamongan,-7.1175,112.4154
2018-05-17,31.5,26.0,28.8,3.4,3.4,4.12,15.5,18.04,89,59,Lamongan,-7.1175,112.4154
2018-05-18,31.6,25.5,28.4,0.2,0.2,4.12,14.5,18.01,94,59,Lamongan,-7.1175,112.4154
2018-05-19,32.0,25.2,28.4,0.4,0.4,4.45,14.3,20.07,90,54,Lamongan,-7.1175,112.4154
2018-05-20,32.2,25.1,28.6,0.0,0.0,4.44,16.4,19.85,89,52,Lamongan,-7.1175,112.4154
2018-05-21,31.4,26.0,28.6,0.3,0.3,4.2,17.3,17.34,86,57,Lamongan,-7.1175,112.4154
2018-05-22,31.8,26.8,28.9,1.2,1.2,4.49,23.9,18.68,86,59,Lamongan,-7.1175,112.4154
2018-05-23,30.7,26.1,28.2,12.3,12.3,3.78,24.4,16.85,93,64,Lamongan,-7.1175,112.4154
2018-05-24,31.3,25.0,27.7,5.8,5.8,3.93,16.1,18.63,94,61,Lamongan,-7.1175,112.4154
2018-05-25,31.5,25.0,28.1,0.9,0.9,3.79,14.8,17.6,92,60,Lamongan,-7.1175,112.4154
2018-05-26,31.6,25.0,28.3,0.1,0.1,4.16,16.1,18.02,96,61,Lamongan,-7.1175,112.4154
2018-05-27,32.5,24.9,28.7,0.0,0.0,4.55,15.5,19.74,88,53,Lamongan,-7.1175,112.4154
2018-05-28,32.8,24.8,28.6,0.0,0.0,4.8,12.1,20.65,83,45,Lamongan,-7.1175,112.4154
2018-05-29,32.8,25.1,28.7,0.0,0.0,4.94,19.5,20.79,86,46,Lamongan,-7.1175,112.4154
2018-05-30,33.6,24.1,28.4,0.0,0.0,4.7,18.3,19.88,83,44,Lamongan,-7.1175,112.4154
2018-05-31,32.7,24.1,28.2,0.9,0.9,4.43,18.1,19.23,84,49,Lamongan,-7.1175,112.4154
2018-06-01,32.2,23.8,27.9,0.4,0.4,4.68,17.7,20.38,86,44,Lamongan,-7.1175,112.4154
2018-06-02,32.7,24.3,28.1,0.8,0.8,4.67,15.7,20.39,87,44,Lamongan,-7.1175,112.4154
2018-06-03,31.8,25.5,28.3,0.6,0.6,4.28,15.5,18.43,87,54,Lamongan,-7.1175,112.4154
2018-06-04,32.1,25.7,28.5,0.6,0.6,4.24,16.3,17.41,91,53,Lamongan,-7.1175,112.4154
2018-06-05,32.0,26.0,28.6,1.0,1.0,4.13,14.0,17.65,86,55,Lamongan,-7.1175,112.4154
2018-06-06,32.8,25.7,28.8,0.5,0.5,4.26,15.0,18.4,87,51,Lamongan,-7.1175,112.4154
2018-06-07,33.3,25.5,28.9,0.8,0.8,4.63,18.6,20.3,93,48,Lamongan,-7.1175,112.4154
2018-06-08,33.2,25.0,28.8,1.5,1.5,4.63,16.8,19.5,91,43,Lamongan,-7.1175,112.4154
2018-06-09,32.8,23.9,28.3,0.0,0.0,4.29,18.4,17.24,89,46,Lamongan,-7.1175,112.4154
2018-06-10,33.5,23.9,28.8,0.0,0.0,5.22,20.2,19.9,85,41,Lamongan,-7.1175,112.4154
2018-06-11,33.3,25.1,29.1,0.0,0.0,4.87,19.6,18.93,84,45,Lamongan,-7.1175,112.4154
2018-06-12,33.5,25.6,28.9,3.1,3.1,4.48,15.3,19.15,87,47,Lamongan,-7.1175,112.4154
2018-06-13,32.8,25.2,28.7,0.2,0.2,4.43,18.0,17.93,86,47,Lamongan,-7.1175,112.4154
2018-06-14,33.0,23.6,28.0,0.0,0.0,5.18,18.9,21.24,84,34,Lamongan,-7.1175,112.4154
2018-06-15,32.8,23.5,27.8,0.0,0.0,5.06,20.2,21.06,85,41,Lamongan,-7.1175,112.4154
2018-06-16,32.7,23.1,27.9,0.0,0.0,5.05,18.8,20.97,88,41,Lamongan,-7.1175,112.4154
2018-06-17,31.5,26.0,28.6,0.9,0.9,4.77,21.5,16.88,82,55,Lamongan,-7.1175,112.4154
2018-06-18,31.9,24.8,28.1,0.4,0.4,4.68,19.9,18.48,92,47,Lamongan,-7.1175,112.4154
2018-06-19,31.6,24.6,28.2,0.7,0.7,4.23,22.6,15.99,87,53,Lamongan,-7.1175,112.4154
2018-06-20,31.6,24.4,27.3,7.1,7.1,3.76,19.3,17.03,93,54,Lamongan,-7.1175,112.4154
2018-06-21,30.6,24.8,27.3,7.5,7.5,3.39,13.9,14.99,94,61,Lamongan,-7.1175,112.4154
2018-06-22,31.1,24.5,27.5,1.5,1.5,3.65,14.6,16.57,91,58,Lamongan,-7.1175,112.4154
2018-06-23,31.5,24.1,27.6,1.7,1.7,4.31,16.7,18.96,94,54,Lamongan,-7.1175,112.4154
2018-06-24,31.4,23.6,27.6,0.5,0.5,4.34,18.8,18.66,94,54,Lamongan,-7.1175,112.4154
2018-06-25,31.7,24.2,27.6,4.8,4.8,4.27,19.8,18.52,92,52,Lamongan,-7.1175,112.4154
2018-06-26,31.8,23.2,27.2,0.1,0.1,4.29,19.2,19.34,95,46,Lamongan,-7.1175,112.4154
2018-06-27,32.6,23.6,27.8,0.0,0.0,5.07,20.3,20.63,86,40,Lamongan,-7.1175,112.4154
2018-06-28,32.8,23.4,27.8,0.0,0.0,4.91,19.2,20.28,84,45,Lamongan,-7.1175,112.4154
2018-06-29,32.9,23.6,27.8,0.0,0.0,5.09,23.8,20.55,85,41,Lamongan,-7.1175,112.4154
2018-06-30,33.0,23.2,27.8,0.1,0.1,4.9,21.1,20.46,86,42,Lamongan,-7.1175,112.4154
2018-07-01,32.6,22.9,27.6,0.0,0.0,4.91,19.4,20.65,87,40,Lamongan,-7.1175,112.4154
2018-07-02,32.9,23.0,27.9,0.0,0.0,5.15,18.7,21.07,91,33,Lamongan,-7.1175,112.4154
2018-07-03,32.9,23.0,28.0,0.3,0.3,4.82,17.3,19.5,88,41,Lamongan,-7.1175,112.4154
2018-07-04,32.3,24.1,27.8,0.1,0.1,4.53,17.8,18.96,86,49,Lamongan,-7.1175,112.4154
2018-07-05,32.7,23.7,27.6,0.0,0.0,5.23,19.1,21.14,83,35,Lamongan,-7.1175,112.4154
2018-07-06,32.3,21.6,26.8,0.0,0.0,5.24,19.6,21.32,76,32,Lamongan,-7.1175,112.4154
2018-07-07,32.0,22.9,27.4,0.0,0.0,5.51,25.3,20.81,79,41,Lamongan,-7.1175,112.4154
2018-07-08,32.5,23.1,27.8,0.0,0.0,5.41,21.3,20.93,80,39,Lamongan,-7.1175,112.4154
2018-07-09,33.2,24.0,28.0,0.0,0.0,5.51,24.5,21.19,83,36,Lamongan,-7.1175,112.4154
2018-07-10,32.8,23.2,27.9,0.0,0.0,5.23,27.4,21.09,85,39,Lamongan,-7.1175,112.4154
2018-07-11,31.6,23.6,27.5,0.0,0.0,4.46,15.5,16.2,74,43,Lamongan,-7.1175,112.4154
2018-07-12,32.5,22.8,27.6,0.0,0.0,5.51,22.7,21.6,83,34,Lamongan,-7.1175,112.4154
2018-07-13,32.0,22.8,27.4,0.0,0.0,5.08,23.5,20.15,86,42,Lamongan,-7.1175,112.4154
2018-07-14,32.0,23.0,27.3,0.0,0.0,4.73,22.1,18.86,80,42,Lamongan,-7.1175,112.4154
2018-07-15,32.0,24.3,27.4,0.0,0.0,4.1,14.5,16.1,72,43,Lamongan,-7.1175,112.4154
2018-07-16,31.9,22.5,27.2,0.0,0.0,5.18,20.3,20.36,73,42,Lamongan,-7.1175,112.4154
2018-07-17,32.0,23.2,27.6,0.0,0.0,5.11,22.9,20.65,81,43,Lamongan,-7.1175,112.4154
2018-07-18,32.8,23.8,28.1,0.0,0.0,5.43,23.1,20.6,82,40,Lamongan,-7.1175,112.4154
2018-07-19,32.8,24.0,28.2,0.2,0.2,5.32,20.3,21.47,83,36,Lamongan,-7.1175,112.4154
2018-07-20,32.7,24.0,28.1,0.0,0.0,5.13,18.1,21.27,86,43,Lamongan,-7.1175,112.4154
2018-07-21,32.7,23.5,27.9,0.0,0.0,4.85,21.7,20.71,87,45,Lamongan,-7.1175,112.4154
2018-07-22,34.0,24.6,28.6,0.0,0.0,5.03,18.9,19.81,83,43,Lamongan,-7.1175,112.4154
2018-07-23,33.0,24.5,28.4,0.0,0.0,5.16,24.6,21.15,85,46,Lamongan,-7.1175,112.4154
2018-07-24,32.5,23.8,27.8,0.0,0.0,5.75,22.4,22.12,84,37,Lamongan,-7.1175,112.4154
2018-07-25,32.0,22.4,27.3,0.0,0.0,5.43,20.3,22.3,89,36,Lamongan,-7.1175,112.4154
2018-07-26,32.5,22.0,27.3,0.0,0.0,5.52,19.9,22.08,83,38,Lamongan,-7.1175,112.4154
2018-07-27,32.7,22.2,27.4,0.0,0.0,5.22,21.2,22.13,85,40,Lamongan,-7.1175,112.4154
2018-07-28,33.1,23.0,27.8,0.0,0.0,5.29,18.2,21.89,86,40,Lamongan,-7.1175,112.4154
2018-07-29,32.5,23.1,27.8,0.0,0.0,5.2,17.7,21.1,80,41,Lamongan,-7.1175,112.4154
2018-07-30,33.0,23.7,28.1,0.1,0.1,5.33,22.5,21.77,79,39,Lamongan,-7.1175,112.4154
2018-07-31,32.8,23.9,28.3,0.0,0.0,5.62,22.0,21.43,84,37,Lamongan,-7.1175,112.4154
2018-08-01,33.2,24.2,28.2,0.9,0.9,4.96,16.2,19.93,83,41,Lamongan,-7.1175,112.4154
2018-08-02,32.0,22.6,26.8,0.0,0.0,5.0,17.5,21.04,84,40,Lamongan,-7.1175,112.4154
2018-08-03,31.6,21.0,26.0,0.0,0.0,5.4,23.1,22.42,78,35,Lamongan,-7.1175,112.4154
2018-08-04,32.0,21.0,26.2,0.5,0.5,5.22,23.4,22.24,81,33,Lamongan,-7.1175,112.4154
2018-08-05,31.9,21.4,26.3,0.0,0.0,4.41,11.8,18.2,82,39,Lamongan,-7.1175,112.4154
2018-08-06,32.3,21.2,26.5,0.1,0.1,5.34,21.4,21.92,73,34,Lamongan,-7.1175,112.4154
2018-08-07,32.3,21.5,27.0,0.0,0.0,5.66,21.7,22.68,82,29,Lamongan,-7.1175,112.4154
2018-08-08,32.5,22.7,27.5,0.0,0.0,5.3,20.8,21.81,84,39,Lamongan,-7.1175,112.4154
2018-08-09,33.2,24.1,28.4,0.0,0.0,5.78,25.3,22.3,83,37,Lamongan,-7.1175,112.4154
2018-08-10,33.6,23.7,28.1,0.0,0.0,5.3,22.4,21.11,86,39,Lamongan,-7.1175,112.4154
2018-08-11,32.8,23.4,28.0,0.0,0.0,5.76,27.0,22.6,82,41,Lamongan,-7.1175,112.4154
2018-08-12,33.0,23.6,28.0,0.1,0.1,5.46,17.7,21.88,80,41,Lamongan,-7.1175,112.4154
2018-08-13,32.3,23.5,27.9,0.0,0.0,5.53,18.4,22.44,83,43,Lamongan,-7.1175,112.4154
2018-08-14,32.3,24.2,27.9,0.0,0.0,5.87,22.5,23.05,85,40,Lamongan,-7.1175,112.4154
2018-08-15,32.5,23.6,27.9,0.0,0.0,5.44,22.4,20.93,82,35,Lamongan,-7.1175,112.4154
2018-08-16,32.5,21.9,27.1,0.0,0.0,5.96,20.7,23.91,82,28,Lamongan,-7.1175,112.4154
2018-08-17,32.3,21.4,26.8,0.0,0.0,5.79,20.5,23.98,82,32,Lamongan,-7.1175,112.4154
2018-08-18,32.2,21.0,26.4,0.0,0.0,5.61,20.7,23.89,88,32,Lamongan,-7.1175,112.4154
2018-08-19,32.5,22.5,27.5,0.0,0.0,5.83,22.2,23.78,86,34,Lamongan,-7.1175,112.4154
2018-08-20,32.5,23.4,27.8,0.0,0.0,5.6,20.1,23.18,85,43,Lamongan,-7.1175,112.4154
2018-08-21,32.7,22.7,27.8,0.1,0.1,5.43,17.5,22.9,90,37,Lamongan,-7.1175,112.4154
2018-08-22,33.2,24.0,28.3,0.0,0.0,5.62,19.1,22.81,81,37,Lamongan,-7.1175,112.4154
2018-08-23,33.0,23.4,27.9,0.0,0.0,5.63,18.7,22.67,82,36,Lamongan,-7.1175,112.4154
2018-08-24,33.1,22.8,27.5,0.0,0.0,5.74,21.8,23.23,86,36,Lamongan,-7.1175,112.4154
2018-08-25,32.8,22.4,27.2,0.0,0.0,5.72,18.2,23.68,80,35,Lamongan,-7.1175,112.4154
2018-08-26,33.0,23.0,27.8,0.0,0.0,5.86,23.9,23.93,78,39,Lamongan,-7.1175,112.4154
2018-08-27,32.0,24.1,27.8,0.0,0.0,5.13,19.5,21.01,80,47,Lamongan,-7.1175,112.4154
2018-08-28,33.0,24.5,28.4,0.0,0.0,5.7,20.3,22.8,82,36,Lamongan,-7.1175,112.4154
2018-08-29,33.1,24.5,28.3,1.1,1.1,5.18,18.4,21.31,81,39,Lamongan,-7.1175,112.4154
2018-08-30,33.0,23.8,28.1,0.0,0.0,5.78,19.7,23.54,82,39,Lamongan,-7.1175,112.4154
2018-08-31,33.0,24.2,28.3,0.0,0.0,5.61,21.1,23.03,80,43,Lamongan,-7.1175,112.4154
2018-09-01,33.3,24.6,27.7,3.5,3.5,4.16,15.4,17.94,81,46,Lamongan,-7.1175,112.4154
2018-09-02,32.5,24.4,28.2,1.6,1.6,4.86,17.0,20.29,85,44,Lamongan,-7.1175,112.4154
2018-09-03,33.0,24.1,28.0,0.0,0.0,5.94,22.0,23.31,73,33,Lamongan,-7.1175,112.4154
2018-09-04,33.2,22.6,27.8,0.0,0.0,6.17,18.0,24.32,78,33,Lamongan,-7.1175,112.4154
2018-09-05,33.8,23.6,28.5,0.0,0.0,6.11,25.9,23.39,77,36,Lamongan,-7.1175,112.4154
2018-09-06,33.8,24.5,28.5,0.0,0.0,6.14,21.3,24.06,80,34,Lamongan,-7.1175,112.4154
2018-09-07,33.5,23.9,28.8,0.0,0.0,6.2,23.0,23.86,80,37,Lamongan,-7.1175,112.4154
2018-09-08,33.8,24.0,28.6,0.0,0.0,6.23,21.3,24.72,82,35,Lamongan,-7.1175,112.4154
2018-09-09,34.2,23.9,28.9,0.0,0.0,6.58,25.7,25.04,84,29,Lamongan,-7.1175,112.4154
2018-09-10,34.3,23.8,28.8,0.0,0.0,7.1,30.4,24.68,87,29,Lamongan,-7.1175,112.4154
2018-09-11,33.9,22.7,28.1,0.0,0.0,6.07,23.9,25.48,91,36,Lamongan,-7.1175,112.4154
2018-09-12,33.9,24.1,28.4,0.0,0.0,6.32,21.2,24.44,82,28,Lamongan,-7.1175,112.4154
2018-09-13,34.3,22.2,27.8,0.0,0.0,6.35,18.1,25.95,84,21,Lamongan,-7.1175,112.4154
2018-09-14,33.1,22.7,27.5,0.0,0.0,6.35,22.8,24.87,78,29,Lamongan,-7.1175,112.4154
2018-09-15,33.2,22.6,27.7,0.0,0.0,6.62,21.6,25.91,82,28,Lamongan,-7.1175,112.4154
2018-09-16,33.5,21.8,27.8,0.0,0.0,6.09,24.7,24.27,85,31,Lamongan,-7.1175,112.4154
2018-09-17,33.8,23.1,28.3,0.0,0.0,6.42,25.2,24.5,89,35,Lamongan,-7.1175,112.4154
2018-09-18,33.2,24.0,28.8,0.0,0.0,6.21,24.8,23.59,86,35,Lamongan,-7.1175,112.4154
2018-09-19,34.4,24.3,28.9,0.0,0.0,5.58,19.6,22.42,82,36,Lamongan,-7.1175,112.4154
2018-09-20,34.2,25.5,29.0,0.0,0.0,5.65,19.5,23.37,80,38,Lamongan,-7.1175,112.4154
2018-09-21,34.8,25.5,29.5,0.2,0.2,5.89,18.5,24.2,82,30,Lamongan,-7.1175,112.4154
2018-09-22,34.4,26.2,29.4,0.0,0.0,5.86,20.1,23.95,85,34,Lamongan,-7.1175,112.4154
2018-09-23,34.7,24.9,29.3,0.0,0.0,6.62,20.6,25.0,83,30,Lamongan,-7.1175,112.4154
2018-09-24,34.7,23.8,29.2,0.0,0.0,6.5,21.0,25.87,85,31,Lamongan,-7.1175,112.4154
2018-09-25,34.8,23.8,29.2,0.0,0.0,6.22,22.2,25.21,89,37,Lamongan,-7.1175,112.4154
2018-09-26,34.5,24.6,29.6,0.0,0.0,6.13,18.8,24.31,84,31,Lamongan,-7.1175,112.4154
2018-09-27,35.2,23.6,29.0,0.0,0.0,6.51,22.7,26.35,79,19,Lamongan,-7.1175,112.4154
2018-09-28,34.5,22.4,28.1,0.0,0.0,6.62,23.1,26.66,84,27,Lamongan,-7.1175,112.4154
2018-09-29,34.0,23.3,28.6,0.0,0.0,6.41,22.0,25.96,86,36,Lamongan,-7.1175,112.4154
2018-09-30,34.2,23.5,28.9,0.0,0.0,6.61,26.6,25.68,89,36,Lamongan,-7.1175,112.4154
2018-10-01,34.7,25.2,29.3,0.0,0.0,5.98,19.9,24.58,88,38,Lamongan,-7.1175,112.4154
2018-10-02,34.2,25.9,29.4,0.0,0.0,6.02,18.9,24.85,82,41,Lamongan,-7.1175,112.4154
2018-10-03,34.0,26.0,29.1,1.1,1.1,5.46,19.0,22.1,89,40,Lamongan,-7.1175,112.4154
2018-10-04,33.8,26.0,29.3,0.7,0.7,6.48,20.9,24.69,85,40,Lamongan,-7.1175,112.4154
2018-10-05,34.3,25.4,29.3,0.0,0.0,6.81,22.8,26.1,79,34,Lamongan,-7.1175,112.4154
2018-10-06,34.2,24.5,29.1,0.0,0.0,6.36,22.3,23.76,86,32,Lamongan,-7.1175,112.4154
2018-10-07,35.5,24.1,29.4,0.0,0.0,7.18,29.3,26.54,91,24,Lamongan,-7.1175,112.4154
2018-10-08,34.8,22.9,28.8,0.0,0.0,6.47,24.9,25.41,96,31,Lamongan,-7.1175,112.4154
2018-10-09,35.0,23.9,29.1,0.0,0.0,6.48,20.2,26.41,88,31,Lamongan,-7.1175,112.4154
2018-10-10,34.8,24.0,29.1,0.0,0.0,6.54,23.4,25.56,85,34,Lamongan,-7.1175,112.4154
2018-10-11,35.7,23.4,29.0,0.0,0.0,6.54,22.4,26.91,93,25,Lamongan,-7.1175,112.4154
2018-10-12,34.9,24.2,29.4,0.0,0.0,6.12,17.6,25.91,88,36,Lamongan,-7.1175,112.4154
2018-10-13,34.6,25.5,29.8,0.3,0.3,5.45,18.3,23.09,82,40,Lamongan,-7.1175,112.4154
2018-10-14,34.5,24.8,29.3,0.3,0.3,6.13,17.5,24.87,76,33,Lamongan,-7.1175,112.4154
2018-10-15,35.2,25.6,30.1,0.0,0.0,6.29,15.8,25.2,83,32,Lamongan,-7.1175,112.4154
2018-10-16,35.0,25.3,29.9,0.0,0.0,6.22,17.8,25.06,81,36,Lamongan,-7.1175,112.4154
2018-10-17,35.5,25.2,30.3,0.1,0.1,6.14,14.1,24.68,78,36,Lamongan,-7.1175,112.4154
2018-10-18,34.8,25.5,29.8,1.2,1.2,6.3,15.6,24.01,77,37,Lamongan,-7.1175,112.4154
2018-10-19,34.2,25.0,29.4,0.0,0.0,6.44,19.2,25.19,76,39,Lamongan,-7.1175,112.4154
2018-10-20,35.3,24.6,29.6,0.1,0.1,6.56,18.9,25.64,76,31,Lamongan,-7.1175,112.4154
2018-10-21,34.4,24.9,29.2,0.3,0.3,6.18,19.7,25.25,81,38,Lamongan,-7.1175,112.4154
2018-10-22,35.0,25.6,29.9,0.1,0.1,6.22,16.3,25.27,85,34,Lamongan,-7.1175,112.4154
2018-10-23,35.9,25.5,30.3,0.0,0.0,6.36,14.0,25.11,81,34,Lamongan,-7.1175,112.4154
2018-10-24,35.5,26.2,30.0,0.4,0.4,6.15,16.8,24.85,77,38,Lamongan,-7.1175,112.4154
2018-10-25,34.3,26.0,29.8,0.5,0.5,5.37,12.3,22.83,79,46,Lamongan,-7.1175,112.4154
2018-10-26,34.9,25.2,29.6,0.8,0.8,6.26,18.8,25.74,86,30,Lamongan,-7.1175,112.4154
2018-10-27,35.7,24.7,29.8,0.2,0.2,6.47,19.1,25.87,85,27,Lamongan,-7.1175,112.4154
2018-10-28,34.6,25.5,29.6,0.6,0.6,6.04,16.7,24.11,78,38,Lamongan,-7.1175,112.4154
2018-10-29,31.5,26.1,28.5,7.3,7.3,3.93,10.0,17.48,84,58,Lamongan,-7.1175,112.4154
2018-10-30,35.0,25.0,29.7,0.0,0.0,6.41,17.2,25.88,90,29,Lamongan,-7.1175,112.4154
2018-10-31,34.8,24.9,29.7,0.0,0.0,6.15,18.8,24.07,86,31,Lamongan,-7.1175,112.4154
2018-11-01,35.1,25.0,30.0,0.0,0.0,6.51,20.9,25.07,82,33,Lamongan,-7.1175,112.4154
2018-11-02,34.7,25.1,29.7,0.0,0.0,5.88,23.8,23.03,81,37,Lamongan,-7.1175,112.4154
2018-11-03,35.5,26.6,30.5,0.7,0.7,5.86,18.3,23.14,87,42,Lamongan,-7.1175,112.4154
2018-11-04,35.0,26.0,30.5,0.0,0.0,6.23,17.4,24.56,80,40,Lamongan,-7.1175,112.4154
2018-11-05,34.0,26.1,30.1,1.1,1.1,5.59,16.5,22.73,92,44,Lamongan,-7.1175,112.4154
2018-11-06,33.8,26.5,29.2,3.1,3.1,4.6,13.9,20.17,88,51,Lamongan,-7.1175,112.4154
2018-11-07,32.5,26.0,28.3,6.4,6.4,4.1,16.6,18.22,92,54,Lamongan,-7.1175,112.4154
2018-11-08,31.2,25.7,27.8,6.7,6.7,3.9,10.8,18.0,92,62,Lamongan,-7.1175,112.4154
2018-11-09,31.1,25.2,27.7,5.8,5.8,3.92,10.5,18.17,94,60,Lamongan,-7.1175,112.4154
2018-11-10,33.0,25.4,28.4,1.4,1.4,4.53,11.5,20.37,93,52,Lamongan,-7.1175,112.4154
2018-11-11,32.9,24.7,28.8,0.0,0.0,5.14,14.4,22.57,94,51,Lamongan,-7.1175,112.4154
2018-11-12,33.7,24.8,29.0,1.2,1.2,5.02,13.6,22.1,92,46,Lamongan,-7.1175,112.4154
2018-11-13,32.8,26.0,28.6,4.3,4.3,4.56,12.7,20.99,92,54,Lamongan,-7.1175,112.4154
2018-11-14,33.2,25.5,28.8,2.0,2.0,4.94,10.0,22.37,94,53,Lamongan,-7.1175,112.4154
2018-11-15,35.0,25.2,29.8,1.2,1.2,5.03,10.1,21.9,92,43,Lamongan,-7.1175,112.4154
2018-11-16,34.8,25.6,29.9,3.2,3.2,5.41,13.5,23.92,90,48,Lamongan,-7.1175,112.4154
2018-11-17,34.8,25.9,29.4,4.7,4.7,5.12,15.0,22.45,94,51,Lamongan,-7.1175,112.4154
2018-11-18,34.0,25.1,28.4,4.8,4.8,4.64,11.2,20.97,93,50,Lamongan,-7.1175,112.4154
2018-11-19,35.0,25.4,29.4,1.9,1.9,5.4,13.1,24.02,93,45,Lamongan,-7.1175,112.4154
2018-11-20,34.3,25.4,29.4,1.3,1.3,5.48,13.9,22.78,94,50,Lamongan,-7.1175,112.4154
2018-11-21,35.1,25.5,30.0,0.6,0.6,5.96,15.5,23.62,84,40,Lamongan,-7.1175,112.4154
2018-11-22,34.8,26.0,29.9,1.1,1.1,6.38,17.9,22.99,83,38,Lamongan,-7.1175,112.4154
2018-11-23,34.2,24.4,29.5,0.0,0.0,4.97,10.9,19.29,82,39,Lamongan,-7.1175,112.4154
2018-11-24,32.7,25.7,29.0,4.2,4.2,4.62,13.4,19.31,92,48,Lamongan,-7.1175,112.4154
2018-11-25,32.2,24.3,27.3,24.9,24.9,4.29,15.8,20.24,94,58,Lamongan,-7.1175,112.4154
2018-11-26,26.7,24.5,25.7,25.5,25.5,1.11,8.9,4.69,97,86,Lamongan,-7.1175,112.4154
2018-11-27,31.2,24.6,27.3,2.9,2.9,4.24,12.7,20.33,99,63,Lamongan,-7.1175,112.4154
2018-11-28,31.0,24.3,27.2,9.7,9.7,3.93,15.1,19.18,97,70,Lamongan,-7.1175,112.4154
2018-11-29,31.5,25.4,27.5,14.2,14.2,4.1,11.4,20.06,93,71,Lamongan,-7.1175,112.4154
2018-11-30,29.6,24.9,26.6,3.8,3.8,2.7,12.5,12.77,96,73,Lamongan,-7.1175,112.4154
2018-12-01,30.9,24.3,26.9,23.3,23.3,3.41,13.6,16.09,95,66,Lamongan,-7.1175,112.4154
2018-12-02,30.5,24.4,27.1,6.3,6.3,3.67,7.4,17.56,96,65,Lamongan,-7.1175,112.4154
2018-12-03,29.8,24.9,27.1,3.4,3.4,2.79,11.1,12.68,96,68,Lamongan,-7.1175,112.4154
2018-12-04,31.4,24.8,27.6,7.3,7.3,4.65,11.9,22.62,96,64,Lamongan,-7.1175,112.4154
2018-12-05,30.9,24.5,27.4,6.3,6.3,4.29,14.4,21.14,96,69,Lamongan,-7.1175,112.4154
2018-12-06,31.4,24.9,27.5,6.9,6.9,4.08,12.5,19.74,98,64,Lamongan,-7.1175,112.4154
2018-12-07,32.0,24.6,28.3,0.7,0.7,4.8,11.1,22.74,97,64,Lamongan,-7.1175,112.4154
2018-12-08,32.5,24.7,27.7,8.4,8.4,4.5,16.6,21.65,95,64,Lamongan,-7.1175,112.4154
2018-12-09,31.5,25.0,28.0,2.0,2.0,4.4,13.3,21.41,96,64,Lamongan,-7.1175,112.4154
2018-12-10,31.8,25.9,28.0,3.6,3.6,4.46,12.1,21.19,96,64,Lamongan,-7.1175,112.4154
2018-12-11,32.8,25.0,28.1,5.2,5.2,4.42,15.4,20.97,96,61,Lamongan,-7.1175,112.4154
2018-12-12,31.7,25.5,27.6,11.9,11.9,3.91,12.2,18.61,96,64,Lamongan,-7.1175,112.4154
2018-12-13,27.3,24.6,26.2,13.8,13.8,1.33,9.0,5.96,96,84,Lamongan,-7.1175,112.4154
2018-12-14,31.9,25.1,27.5,6.8,6.8,4.03,13.1,19.0,94,61,Lamongan,-7.1175,112.4154
2018-12-15,32.7,25.0,27.2,17.9,17.9,3.91,12.1,18.27,93,59,Lamongan,-7.1175,112.4154
2018-12-16,31.1,25.4,27.9,1.2,1.2,4.01,19.2,15.52,89,62,Lamongan,-7.1175,112.4154
2018-12-17,31.8,25.8,28.5,0.6,0.6,5.36,16.9,22.97,80,59,Lamongan,-7.1175,112.4154
2018-12-18,32.5,25.2,28.1,2.3,2.3,4.44,10.4,20.07,90,54,Lamongan,-7.1175,112.4154
2018-12-19,30.8,25.0,27.6,4.0,4.0,4.13,9.7,19.8,91,67,Lamongan,-7.1175,112.4154
2018-12-20,29.6,25.4,26.9,9.7,9.7,3.77,10.8,18.75,93,76,Lamongan,-7.1175,112.4154
2018-12-21,28.8,24.6,26.6,7.5,7.5,2.73,10.4,12.78,95,79,Lamongan,-7.1175,112.4154
2018-12-22,30.9,25.3,27.0,17.2,17.2,3.55,14.5,16.21,92,69,Lamongan,-7.1175,112.4154
2018-12-23,30.0,24.8,26.5,23.1,23.1,2.85,17.7,12.36,94,70,Lamongan,-7.1175,112.4154
2018-12-24,30.2,24.9,26.8,4.6,4.6,2.83,18.4,10.18,95,62,Lamongan,-7.1175,112.4154
2018-12-25,28.4,24.2,25.9,6.0,6.0,2.98,11.9,14.63,95,76,Lamongan,-7.1175,112.4154
2018-12-26,30.9,23.9,26.6,7.4,7.4,3.79,10.1,17.99,97,66,Lamongan,-7.1175,112.4154
2018-12-27,32.2,24.7,27.2,31.3,31.3,4.35,14.8,20.42,94,64,Lamongan,-7.1175,112.4154
2018-12-28,32.8,24.8,28.3,0.4,0.4,5.09,18.1,21.76,91,52,Lamongan,-7.1175,112.4154
2018-12-29,31.9,24.8,28.2,4.0,4.0,5.05,19.6,21.65,90,60,Lamongan,-7.1175,112.4154
2018-12-30,30.8,25.1,27.5,3.1,3.1,4.08,19.2,18.1,90,62,Lamongan,-7.1175,112.4154
2018-12-31,30.4,25.0,27.6,2.1,2.1,4.27,17.1,20.0,91,64,Lamongan,-7.1175,112.4154
2019-01-01,29.5,24.7,26.8,5.7,5.7,3.53,16.7,16.41,89,72,Lamongan,-7.1175,112.4154
2019-01-02,30.5,24.6,26.5,11.5,11.5,3.73,16.6,17.5,94,68,Lamongan,-7.1175,112.4154
2019-01-03,27.4,24.2,25.7,13.0,13.0,1.68,10.0,7.8,95,82,Lamongan,-7.1175,112.4154
2019-01-04,28.9,23.9,26.5,1.5,1.5,3.25,14.5,15.91,99,75,Lamongan,-7.1175,112.4154
2019-01-05,29.8,25.1,27.5,3.2,3.2,4.27,13.4,21.02,96,70,Lamongan,-7.1175,112.4154
2019-01-06,31.1,24.6,27.8,5.5,5.5,4.67,9.7,22.63,96,67,Lamongan,-7.1175,112.4154
2019-01-07,31.4,24.2,26.8,30.2,30.2,4.1,11.7,19.94,97,72,Lamongan,-7.1175,112.4154
2019-01-08,32.2,24.3,27.0,10.1,10.1,4.27,9.4,21.0,96,62,Lamongan,-7.1175,112.4154
2019-01-09,30.9,24.6,27.7,2.8,2.8,4.6,10.5,22.54,99,68,Lamongan,-7.1175,112.4154
2019-01-10,31.0,24.9,27.5,4.3,4.3,4.19,8.7,20.35,96,70,Lamongan,-7.1175,112.4154
2019-01-11,31.2,24.5,27.3,15.1,15.1,4.22,8.3,20.3,95,70,Lamongan,-7.1175,112.4154
2019-01-12,30.9,24.4,27.1,8.7,8.7,4.09,10.7,20.11,96,70,Lamongan,-7.1175,112.4154
2019-01-13,30.0,24.7,26.9,9.7,9.7,4.01,10.9,20.1,99,77,Lamongan,-7.1175,112.4154
2019-01-14,30.4,24.6,26.9,8.4,8.4,4.36,16.4,21.92,95,71,Lamongan,-7.1175,112.4154
2019-01-15,30.0,24.5,26.7,20.2,20.2,3.78,17.3,18.8,96,75,Lamongan,-7.1175,112.4154
2019-01-16,27.3,24.3,25.3,24.5,24.5,1.6,15.8,7.62,96,84,Lamongan,-7.1175,112.4154
2019-01-17,29.7,24.1,26.1,13.0,13.0,2.75,16.9,13.19,95,75,Lamongan,-7.1175,112.4154
2019-01-18,30.4,24.0,26.5,28.7,28.7,3.85,17.1,19.18,96,73,Lamongan,-7.1175,112.4154
2019-01-19,29.8,24.1,26.1,12.4,12.4,2.75,15.1,13.43,97,76,Lamongan,-7.1175,112.4154
2019-01-20,31.0,24.2,26.9,6.5,6.5,3.54,15.5,17.32,98,72,Lamongan,-7.1175,112.4154
2019-01-21,31.0,24.8,26.9,19.1,19.1,3.51,16.9,16.53,94,70,Lamongan,-7.1175,112.4154
2019-01-22,29.8,24.5,26.2,15.7,15.7,3.05,24.7,14.88,94,73,Lamongan,-7.1175,112.4154
2019-01-23,29.0,24.6,26.1,4.5,4.5,1.89,18.0,7.49,94,76,Lamongan,-7.1175,112.4154
2019-01-24,29.5,24.4,26.4,10.3,10.3,3.68,21.8,18.3,94,75,Lamongan,-7.1175,112.4154
2019-01-25,28.8,24.0,25.9,10.2,10.2,2.4,21.3,10.78,94,76,Lamongan,-7.1175,112.4154
2019-01-26,30.6,24.5,26.6,9.7,9.7,3.45,24.2,17.18,93,69,Lamongan,-7.1175,112.4154
2019-01-27,28.8,24.4,26.0,17.8,17.8,2.46,22.4,12.3,95,81,Lamongan,-7.1175,112.4154
2019-01-28,28.9,24.0,26.1,10.5,10.5,3.08,26.9,15.8,96,77,Lamongan,-7.1175,112.4154
2019-01-29,30.0,24.0,26.7,3.9,3.9,3.59,15.5,17.78,97,71,Lamongan,-7.1175,112.4154
2019-01-30,30.8,24.4,26.9,13.5,13.5,4.2,13.3,20.85,96,73,Lamongan,-7.1175,112.4154
2019-01-31,30.8,24.1,26.2,16.0,16.0,3.18,19.3,15.77,96,70,Lamongan,-7.1175,112.4154
2019-02-01,30.5,24.0,26.3,8.6,8.6,3.57,13.5,17.52,96,67,Lamongan,-7.1175,112.4154
2019-02-02,29.9,24.4,26.4,7.4,7.4,3.63,15.8,18.34,97,74,Lamongan,-7.1175,112.4154
2019-02-03,30.8,24.3,27.1,4.2,4.2,4.4,10.5,21.65,98,70,Lamongan,-7.1175,112.4154
2019-02-04,30.9,24.9,26.9,6.2,6.2,3.63,20.1,18.15,95,66,Lamongan,-7.1175,112.4154
2019-02-05,30.4,24.6,26.5,5.4,5.4,3.27,20.9,16.44,96,74,Lamongan,-7.1175,112.4154
2019-02-06,30.5,24.6,26.9,1.5,1.5,3.53,15.7,17.31,96,71,Lamongan,-7.1175,112.4154
2019-02-07,30.9,24.4,27.1,7.0,7.0,4.39,15.5,22.0,96,68,Lamongan,-7.1175,112.4154
2019-02-08,29.9,24.1,26.6,9.6,9.6,3.8,10.7,18.74,95,73,Lamongan,-7.1175,112.4154
2019-02-09,30.3,24.5,26.8,12.1,12.1,3.85,11.9,19.01,96,72,Lamongan,-7.1175,112.4154
2019-02-10,29.1,24.3,26.2,17.1,17.1,3.35,11.5,16.6,96,80,Lamongan,-7.1175,112.4154
2019-02-11,30.0,24.4,26.2,29.6,29.6,3.11,10.1,14.99,94,74,Lamongan,-7.1175,112.4154
2019-02-12,27.9,24.3,25.6,17.8,17.8,1.94,14.3,9.36,96,82,Lamongan,-7.1175,112.4154
2019-02-13,29.3,23.9,26.7,5.2,5.2,3.14,12.5,15.3,95,73,Lamongan,-7.1175,112.4154
2019-02-14,29.3,25.2,27.0,7.0,7.0,3.44,8.0,17.02,94,78,Lamongan,-7.1175,112.4154
2019-02-15,29.3,24.9,26.8,6.1,6.1,3.95,13.3,20.15,96,73,Lamongan,-7.1175,112.4154
2019-02-16,30.4,24.2,27.0,10.0,10.0,4.48,10.2,22.13,97,69,Lamongan,-7.1175,112.4154
2019-02-17,30.5,23.8,27.1,3.4,3.4,4.55,8.4,22.37,99,70,Lamongan,-7.1175,112.4154
2019-02-18,30.7,24.2,26.8,13.3,13.3,4.54,9.9,22.34,96,71,Lamongan,-7.1175,112.4154
2019-02-19,29.9,24.4,26.7,4.9,4.9,3.39,12.9,16.72,97,76,Lamongan,-7.1175,112.4154
2019-02-20,29.6,25.6,27.1,3.7,3.7,3.27,9.6,16.01,95,75,Lamongan,-7.1175,112.4154
2019-02-21,29.0,24.4,26.9,8.3,8.3,3.51,12.8,17.53,95,76,Lamongan,-7.1175,112.4154
2019-02-22,30.2,24.0,26.7,13.5,13.5,3.92,11.5,19.11,98,71,Lamongan,-7.1175,112.4154
2019-02-23,31.1,24.0,27.1,2.9,2.9,4.75,9.2,23.52,96,68,Lamongan,-7.1175,112.4154
2019-02-24,31.9,24.7,27.5,6.4,6.4,4.76,11.6,23.41,97,59,Lamongan,-7.1175,112.4154
2019-02-25,30.5,24.7,27.7,1.3,1.3,4.57,10.0,22.39,100,71,Lamongan,-7.1175,112.4154
2019-02-26,31.6,25.2,28.2,0.6,0.6,4.97,15.9,24.12,95,62,Lamongan,-7.1175,112.4154
2019-02-27,30.9,26.1,28.1,1.1,1.1,4.14,13.2,20.32,95,69,Lamongan,-7.1175,112.4154
2019-02-28,31.0,25.7,27.9,2.4,2.4,4.4,14.8,21.92,96,66,Lamongan,-7.1175,112.4154
2019-03-01,29.5,25.2,27.0,11.5,11.5,3.36,14.3,17.04,96,76,Lamongan,-7.1175,112.4154
2019-03-02,29.1,24.6,26.5,13.7,13.7,3.34,9.8,16.6,96,76,Lamongan,-7.1175,112.4154
2019-03-03,29.5,24.2,26.9,3.1,3.1,3.1,10.3,14.7,98,75,Lamongan,-7.1175,112.4154
2019-03-04,30.5,24.8,27.5,6.5,6.5,4.09,10.8,19.59,98,68,Lamongan,-7.1175,112.4154
2019-03-05,30.2,24.5,26.6,21.7,21.7,3.53,10.0,17.22,96,74,Lamongan,-7.1175,112.4154
2019-03-06,26.7,24.2,25.4,26.0,26.0,1.4,14.4,6.32,95,85,Lamongan,-7.1175,112.4154
2019-03-07,27.6,24.0,25.5,4.5,4.5,2.03,17.3,8.12,92,73,Lamongan,-7.1175,112.4154
2019-03-08,31.4,22.9,26.6,6.2,6.2,4.61,19.5,20.58,95,57,Lamongan,-7.1175,112.4154
2019-03-09,32.0,23.1,27.4,4.0,4.0,5.06,5.9,24.31,90,57,Lamongan,-7.1175,112.4154
2019-03-10,31.6,25.0,26.7,16.9,16.9,3.91,14.4,19.04,97,63,Lamongan,-7.1175,112.4154
2019-03-11,30.2,24.0,27.1,4.2,4.2,3.98,12.0,19.8,98,71,Lamongan,-7.1175,112.4154
2019-03-12,29.8,24.9,27.0,9.4,9.4,3.78,15.0,19.13,97,77,Lamongan,-7.1175,112.4154
2019-03-13,30.0,24.4,26.8,7.8,7.8,3.34,13.1,16.47,96,75,Lamongan,-7.1175,112.4154
2019-03-14,30.9,24.5,27.5,1.5,1.5,3.71,12.6,17.32,95,66,Lamongan,-7.1175,112.4154
2019-03-15,30.8,25.0,27.5,5.9,5.9,4.39,20.6,19.3,88,67,Lamongan,-7.1175,112.4154
2019-03-16,32.0,24.9,27.1,13.4,13.4,4.39,15.3,20.37,92,61,Lamongan,-7.1175,112.4154
2019-03-17,29.4,24.4,25.9,23.3,23.3,2.56,17.5,12.05,96,72,Lamongan,-7.1175,112.4154
2019-03-18,30.5,24.0,25.9,22.5,22.5,3.06,12.3,14.8,96,70,Lamongan,-7.1175,112.4154
2019-03-19,29.0,24.0,26.1,15.5,15.5,3.5,16.6,18.02,96,77,Lamongan,-7.1175,112.4154
2019-03-20,30.2,24.4,26.9,10.4,10.4,4.03,16.8,20.11,96,72,Lamongan,-7.1175,112.4154
2019-03-21,29.4,25.0,27.0,6.8,6.8,3.3,15.2,16.52,96,78,Lamongan,-7.1175,112.4154
2019-03-22,30.8,25.0,27.1,7.8,7.8,4.0,20.0,20.12,94,75,Lamongan,-7.1175,112.4154
2019-03-23,29.1,24.2,26.1,23.6,23.6,2.58,14.8,12.7,95,79,Lamongan,-7.1175,112.4154
2019-03-24,27.6,24.5,25.9,7.1,7.1,1.71,13.4,8.01,98,84,Lamongan,-7.1175,112.4154
2019-03-25,29.6,24.5,26.6,20.2,20.2,3.57,10.0,17.75,98,79,Lamongan,-7.1175,112.4154
2019-03-26,29.5,24.5,26.6,7.7,7.7,3.56,8.4,17.59,96,74,Lamongan,-7.1175,112.4154
2019-03-27,29.5,24.7,27.0,11.0,11.0,3.49,8.0,17.36,97,75,Lamongan,-7.1175,112.4154
2019-03-28,30.4,24.2,26.5,10.8,10.8,3.57,14.5,17.61,97,72,Lamongan,-7.1175,112.4154
2019-03-29,31.6,23.8,27.6,1.0,1.0,4.86,8.8,23.38,97,58,Lamongan,-7.1175,112.4154
2019-03-30,30.5,25.0,27.5,4.1,4.1,4.24,9.3,20.76,97,68,Lamongan,-7.1175,112.4154
2019-03-31,31.6,24.6,27.8,5.8,5.8,4.78,11.3,23.37,96,62,Lamongan,-7.1175,112.4154
2019-04-01,29.7,24.8,26.8,8.0,8.0,3.86,9.4,19.16,98,73,Lamongan,-7.1175,112.4154
2019-04-02,29.8,24.4,26.3,5.9,5.9,3.31,9.0,16.13,96,71,Lamongan,-7.1175,112.4154
2019-04-03,29.5,23.9,26.8,2.8,2.8,3.68,9.7,18.39,97,75,Lamongan,-7.1175,112.4154
2019-04-04,31.1,24.9,27.4,6.6,6.6,4.35,12.0,21.31,97,64,Lamongan,-7.1175,112.4154
2019-04-05,30.0,24.6,26.8,11.0,11.0,4.12,10.5,20.55,96,71,Lamongan,-7.1175,112.4154
2019-04-06,31.5,24.2,27.1,3.7,3.7,4.44,14.2,21.6,97,65,Lamongan,-7.1175,112.4154
2019-04-07,31.6,24.9,27.1,7.3,7.3,4.29,11.2,21.18,98,65,Lamongan,-7.1175,112.4154
2019-04-08,31.1,24.8,27.6,5.2,5.2,4.27,12.1,20.76,96,72,Lamongan,-7.1175,112.4154
2019-04-09,30.2,24.7,27.5,11.0,11.0,3.8,9.7,18.62,96,75,Lamongan,-7.1175,112.4154
2019-04-10,30.5,25.0,27.3,9.8,9.8,3.74,9.5,18.32,96,73,Lamongan,-7.1175,112.4154
2019-04-11,29.9,25.4,26.9,13.1,13.1,3.03,10.6,14.75,97,73,Lamongan,-7.1175,112.4154
2019-04-12,30.7,24.5,27.3,16.5,16.5,3.97,12.6,19.5,97,70,Lamongan,-7.1175,112.4154
2019-04-13,29.5,25.2,27.1,15.0,15.0,2.86,9.7,14.03,96,77,Lamongan,-7.1175,112.4154
2019-04-14,29.4,24.6,27.0,18.6,18.6,2.79,8.3,13.35,97,76,Lamongan,-7.1175,112.4154
2019-04-15,29.8,25.1,27.2,6.2,6.2,3.58,11.5,17.58,97,73,Lamongan,-7.1175,112.4154
2019-04-16,29.5,24.2,26.8,5.0,5.0,3.08,13.1,15.34,98,75,Lamongan,-7.1175,112.4154
2019-04-17,30.6,25.1,27.7,3.6,3.6,4.11,13.0,20.49,96,70,Lamongan,-7.1175,112.4154
2019-04-18,30.4,25.6,27.6,4.2,4.2,3.74,15.1,18.82,95,73,Lamongan,-7.1175,112.4154
2019-04-19,30.7,26.1,28.3,0.8,0.8,4.31,19.8,20.02,93,68,Lamongan,-7.1175,112.4154
2019-04-20,31.8,24.1,28.0,0.0,0.0,4.76,12.6,22.11,94,55,Lamongan,-7.1175,112.4154
2019-04-21,30.9,25.9,28.3,0.0,0.0,4.46,17.8,20.53,92,66,Lamongan,-7.1175,112.4154
2019-04-22,31.1,25.5,28.6,0.3,0.3,4.62,18.5,21.32,91,67,Lamongan,-7.1175,112.4154
2019-04-23,31.1,24.2,28.2,0.1,0.1,4.63,16.9,21.26,96,66,Lamongan,-7.1175,112.4154
2019-04-24,31.3,24.5,28.0,0.4,0.4,4.28,10.8,20.47,94,65,Lamongan,-7.1175,112.4154
2019-04-25,31.7,24.8,28.3,0.7,0.7,4.68,10.7,21.77,93,55,Lamongan,-7.1175,112.4154
2019-04-26,31.1,24.9,28.2,0.8,0.8,4.47,10.0,21.46,93,65,Lamongan,-7.1175,112.4154
2019-04-27,31.5,25.1,27.9,6.9,6.9,3.89,7.9,18.67,94,63,Lamongan,-7.1175,112.4154
2019-04-28,30.1,25.5,27.0,13.4,13.4,3.43,14.0,17.2,95,72,Lamongan,-7.1175,112.4154
2019-04-29,29.4,25.0,26.7,7.4,7.4,2.59,13.5,12.43,97,75,Lamongan,-7.1175,112.4154
2019-04-30,30.8,24.4,27.1,5.1,5.1,4.07,10.7,20.05,97,65,Lamongan,-7.1175,112.4154
2019-05-01,29.5,24.9,26.6,14.9,14.9,2.92,10.9,14.33,98,75,Lamongan,-7.1175,112.4154
2019-05-02,30.1,24.2,26.9,3.3,3.3,3.86,9.8,19.16,99,72,Lamongan,-7.1175,112.4154
2019-05-03,31.2,24.2,27.7,0.2,0.2,4.31,7.9,20.88,95,61,Lamongan,-7.1175,112.4154
2019-05-04,31.3,24.4,28.1,0.4,0.4,4.34,7.8,20.97,95,61,Lamongan,-7.1175,112.4154
2019-05-05,31.5,24.5,28.1,0.1,0.1,4.37,7.5,21.2,95,62,Lamongan,-7.1175,112.4154
2019-05-06,31.5,25.0,28.1,0.6,0.6,4.09,7.2,19.71,96,63,Lamongan,-7.1175,112.4154
2019-05-07,31.2,25.1,28.0,0.4,0.4,4.25,10.9,20.59,97,64,Lamongan,-7.1175,112.4154
2019-05-08,31.1,24.8,27.9,2.9,2.9,4.05,10.3,19.35,95,68,Lamongan,-7.1175,112.4154
2019-05-09,30.5,24.5,27.5,1.0,1.0,3.92,14.7,18.6,91,65,Lamongan,-7.1175,112.4154
2019-05-10,31.2,24.5,27.6,1.0,1.0,4.19,13.0,19.35,87,62,Lamongan,-7.1175,112.4154
2019-05-11,30.5,24.0,27.7,0.6,0.6,4.31,13.3,19.76,91,62,Lamongan,-7.1175,112.4154
2019-05-12,31.3,24.5,28.1,0.5,0.5,4.57,13.4,21.07,91,60,Lamongan,-7.1175,112.4154
2019-05-13,31.6,24.1,27.8,0.0,0.0,4.69,14.5,21.6,88,58,Lamongan,-7.1175,112.4154
2019-05-14,31.0,24.4,27.7,0.8,0.8,4.07,13.5,19.4,92,64,Lamongan,-7.1175,112.4154
2019-05-15,31.3,25.4,28.4,0.1,0.1,4.38,15.9,19.74,91,63,Lamongan,-7.1175,112.4154
2019-05-16,31.8,24.6,27.7,3.4,3.4,3.81,13.9,18.03,95,65,Lamongan,-7.1175,112.4154
2019-05-17,31.0,23.5,27.6,0.2,0.2,4.46,9.2,20.93,93,57,Lamongan,-7.1175,112.4154
2019-05-18,31.1,23.5,27.6,0.0,0.0,4.54,13.0,20.62,90,52,Lamongan,-7.1175,112.4154
2019-05-19,31.6,23.5,27.7,0.0,0.0,4.86,13.0,22.04,89,42,Lamongan,-7.1175,112.4154
2019-05-20,32.3,23.8,28.1,0.0,0.0,4.98,14.8,21.74,92,53,Lamongan,-7.1175,112.4154
2019-05-21,32.4,24.1,28.2,0.0,0.0,4.93,13.4,21.87,92,50,Lamongan,-7.1175,112.4154
2019-05-22,32.5,24.0,28.2,0.0,0.0,5.07,15.8,22.23,91,46,Lamongan,-7.1175,112.4154
2019-05-23,32.5,24.1,28.5,0.0,0.0,5.05,19.6,20.9,93,49,Lamongan,-7.1175,112.4154
2019-05-24,32.5,24.0,28.3,0.0,0.0,5.3,20.3,21.75,90,44,Lamongan,-7.1175,112.4154
2019-05-25,32.0,24.0,28.0,0.0,0.0,5.01,16.2,21.0,84,46,Lamongan,-7.1175,112.4154
2019-05-26,32.4,24.2,28.4,0.0,0.0,4.85,14.5,21.02,89,48,Lamongan,-7.1175,112.4154
2019-05-27,32.0,24.6,28.5,0.1,0.1,4.58,17.1,19.03,87,56,Lamongan,-7.1175,112.4154
2019-05-28,31.8,25.4,28.9,0.2,0.2,4.8,19.4,18.59,85,56,Lamongan,-7.1175,112.4154
2019-05-29,32.7,25.3,29.0,0.1,0.1,5.15,21.7,19.83,86,50,Lamongan,-7.1175,112.4154
2019-05-30,32.7,25.0,28.8,0.0,0.0,5.08,18.4,20.98,81,48,Lamongan,-7.1175,112.4154
2019-05-31,32.8,24.2,28.4,0.0,0.0,5.13,20.6,20.97,83,48,Lamongan,-7.1175,112.4154
2019-06-01,32.7,24.0,28.3,0.0,0.0,4.94,17.7,20.89,81,47,Lamongan,-7.1175,112.4154
2019-06-02,32.8,24.0,28.2,0.1,0.1,4.55,14.6,19.23,83,48,Lamongan,-7.1175,112.4154
2019-06-03,32.2,24.2,28.3,0.3,0.3,4.21,15.2,17.58,82,48,Lamongan,-7.1175,112.4154
2019-06-04,32.2,24.6,28.4,0.0,0.0,4.73,15.5,19.75,84,48,Lamongan,-7.1175,112.4154
2019-06-05,32.5,24.6,28.7,0.0,0.0,4.77,18.4,20.08,88,49,Lamongan,-7.1175,112.4154
2019-06-06,32.5,25.3,28.9,0.5,0.5,4.62,16.4,19.29,88,52,Lamongan,-7.1175,112.4154
2019-06-07,32.1,26.1,29.0,0.2,0.2,4.58,15.7,18.84,87,55,Lamongan,-7.1175,112.4154
2019-06-08,32.8,24.5,28.6,0.2,0.2,4.72,18.1,20.24,86,46,Lamongan,-7.1175,112.4154
2019-06-09,33.5,24.2,28.8,0.0,0.0,5.04,19.1,20.11,84,46,Lamongan,-7.1175,112.4154
2019-06-10,32.9,24.4,28.5,1.2,1.2,4.94,18.2,20.47,85,44,Lamongan,-7.1175,112.4154
2019-06-11,33.6,24.4,28.8,0.0,0.0,5.23,19.9,20.7,85,43,Lamongan,-7.1175,112.4154
2019-06-12,33.3,24.5,28.8,0.0,0.0,5.16,19.1,20.62,82,43,Lamongan,-7.1175,112.4154
2019-06-13,33.2,25.0,29.0,0.0,0.0,4.61,18.4,18.95,77,47,Lamongan,-7.1175,112.4154
2019-06-14,31.8,26.3,28.4,3.6,3.6,3.78,13.1,15.72,88,56,Lamongan,-7.1175,112.4154
2019-06-15,32.8,24.7,28.1,0.3,0.3,4.1,18.4,17.45,91,48,Lamongan,-7.1175,112.4154
2019-06-16,32.6,23.2,27.9,0.2,0.2,5.26,18.9,21.08,90,36,Lamongan,-7.1175,112.4154
2019-06-17,32.4,22.6,27.5,0.0,0.0,5.42,21.5,21.18,84,37,Lamongan,-7.1175,112.4154
2019-06-18,31.5,23.5,27.5,0.1,0.1,4.68,16.9,19.36,88,49,Lamongan,-7.1175,112.4154
2019-06-19,31.5,23.0,27.2,0.0,0.0,4.87,17.0,20.59,91,38,Lamongan,-7.1175,112.4154
2019-06-20,31.5,22.0,26.9,0.0,0.0,4.67,18.1,19.19,90,44,Lamongan,-7.1175,112.4154
2019-06-21,31.9,22.6,27.0,0.0,0.0,4.68,20.3,20.43,85,46,Lamongan,-7.1175,112.4154
2019-06-22,32.2,21.9,27.3,0.0,0.0,4.76,18.2,20.22,89,47,Lamongan,-7.1175,112.4154
2019-06-23,32.3,23.9,27.9,0.2,0.2,4.71,20.5,18.81,89,47,Lamongan,-7.1175,112.4154
2019-06-24,32.4,22.5,27.6,0.0,0.0,5.38,18.8,21.41,86,31,Lamongan,-7.1175,112.4154
2019-06-25,32.7,22.8,27.8,0.0,0.0,5.55,21.4,21.3,87,40,Lamongan,-7.1175,112.4154
2019-06-26,32.3,23.1,27.9,0.0,0.0,5.09,17.7,20.91,88,46,Lamongan,-7.1175,112.4154
2019-06-27,32.0,23.4,27.6,0.6,0.6,4.48,19.4,19.09,86,49,Lamongan,-7.1175,112.4154
2019-06-28,32.0,22.0,26.8,0.0,0.0,5.13,21.1,21.0,85,38,Lamongan,-7.1175,112.4154
2019-06-29,31.5,21.1,26.4,0.0,0.0,5.27,21.7,21.49,83,33,Lamongan,-7.1175,112.4154
2019-06-30,31.0,21.8,26.6,0.0,0.0,5.16,19.7,21.06,84,41,Lamongan,-7.1175,112.4154
2019-07-01,31.7,22.0,27.1,0.0,0.0,5.23,16.1,21.39,85,38,Lamongan,-7.1175,112.4154
2019-07-02,32.2,23.0,27.6,0.0,0.0,4.78,16.6,20.28,86,45,Lamongan,-7.1175,112.4154
2019-07-03,32.0,25.2,28.4,0.1,0.1,4.51,18.8,17.21,81,51,Lamongan,-7.1175,112.4154
2019-07-04,30.6,25.4,27.5,11.9,11.9,3.56,20.0,14.5,92,61,Lamongan,-7.1175,112.4154
2019-07-05,30.6,24.5,27.2,2.1,2.1,3.93,19.6,17.39,95,60,Lamongan,-7.1175,112.4154
2019-07-06,31.4,23.6,27.2,0.3,0.3,4.69,19.5,20.19,90,53,Lamongan,-7.1175,112.4154
2019-07-07,30.9,24.0,27.5,0.0,0.0,5.0,22.5,19.65,89,42,Lamongan,-7.1175,112.4154
2019-07-08,30.4,23.6,27.0,0.0,0.0,4.64,22.1,19.41,89,49,Lamongan,-7.1175,112.4154
2019-07-09,30.8,22.0,26.9,0.0,0.0,5.36,22.5,21.37,83,40,Lamongan,-7.1175,112.4154
2019-07-10,32.1,22.0,27.1,0.0,0.0,5.09,21.3,21.44,88,37,Lamongan,-7.1175,112.4154
2019-07-11,31.4,22.2,27.2,0.0,0.0,5.19,19.5,20.95,88,45,Lamongan,-7.1175,112.4154
2019-07-12,32.7,22.0,27.3,0.0,0.0,5.29,19.1,21.56,89,37,Lamongan,-7.1175,112.4154
2019-07-13,32.2,22.1,26.9,0.0,0.0,5.12,19.2,21.74,83,35,Lamongan,-7.1175,112.4154
2019-07-14,31.4,21.2,26.5,0.0,0.0,5.69,18.7,21.92,85,31,Lamongan,-7.1175,112.4154
2019-07-15,31.9,21.6,26.9,0.0,0.0,5.49,23.4,21.6,84,36,Lamongan,-7.1175,112.4154
2019-07-16,32.6,22.5,27.0,0.0,0.0,5.28,21.6,21.69,82,33,Lamongan,-7.1175,112.4154
2019-07-17,32.2,21.1,26.7,0.0,0.0,5.19,19.9,21.78,86,36,Lamongan,-7.1175,112.4154
2019-07-18,32.5,22.0,27.5,0.0,0.0,5.54,26.3,20.79,87,39,Lamongan,-7.1175,112.4154
2019-07-19,31.4,23.9,27.8,0.4,0.4,4.09,22.4,14.46,89,50,Lamongan,-7.1175,112.4154
2019-07-20,33.3,24.5,28.5,0.0,0.0,5.23,24.6,20.16,84,43,Lamongan,-7.1175,112.4154
2019-07-21,32.8,24.1,28.1,0.0,0.0,5.21,20.2,21.0,83,44,Lamongan,-7.1175,112.4154
2019-07-22,32.7,21.6,27.2,0.0,0.0,5.36,19.8,22.01,92,32,Lamongan,-7.1175,112.4154
2019-07-23,32.5,22.6,27.1,0.0,0.0,5.14,20.1,21.68,90,34,Lamongan,-7.1175,112.4154
2019-07-24,32.2,23.4,27.5,0.0,0.0,5.33,21.7,21.02,88,39,Lamongan,-7.1175,112.4154
2019-07-25,32.4,22.5,27.3,0.0,0.0,5.47,20.8,22.08,87,34,Lamongan,-7.1175,112.4154
2019-07-26,32.8,23.5,27.7,0.0,0.0,5.29,19.5,21.83,86,32,Lamongan,-7.1175,112.4154
2019-07-27,33.0,23.1,27.6,0.0,0.0,5.12,20.7,21.3,94,38,Lamongan,-7.1175,112.4154
2019-07-28,32.3,24.0,27.8,0.0,0.0,5.27,21.3,20.19,83,38,Lamongan,-7.1175,112.4154
2019-07-29,32.4,21.9,27.3,0.0,0.0,5.67,19.2,22.35,86,38,Lamongan,-7.1175,112.4154
2019-07-30,32.7,23.4,27.6,0.0,0.0,5.39,19.9,22.28,84,34,Lamongan,-7.1175,112.4154
2019-07-31,32.4,23.2,27.7,0.0,0.0,5.78,22.5,22.55,84,32,Lamongan,-7.1175,112.4154
2019-08-01,32.5,22.8,27.6,0.1,0.1,5.51,21.3,22.23,84,35,Lamongan,-7.1175,112.4154
2019-08-02,32.2,23.5,27.6,1.1,1.1,5.44,20.9,21.52,97,40,Lamongan,-7.1175,112.4154
2019-08-03,31.6,22.6,27.4,0.0,0.0,5.87,25.1,22.59,91,40,Lamongan,-7.1175,112.4154
2019-08-04,32.0,22.2,27.1,0.0,0.0,5.44,23.1,22.19,79,35,Lamongan,-7.1175,112.4154
2019-08-05,31.2,21.1,26.2,0.0,0.0,5.37,18.5,22.93,80,35,Lamongan,-7.1175,112.4154
2019-08-06,31.6,20.9,26.2,0.0,0.0,5.38,18.4,23.03,86,30,Lamongan,-7.1175,112.4154
2019-08-07,32.5,21.6,26.8,0.0,0.0,5.48,18.5,22.61,82,35,Lamongan,-7.1175,112.4154
2019-08-08,32.0,22.1,27.0,0.0,0.0,5.47,20.0,22.0,85,39,Lamongan,-7.1175,112.4154
2019-08-09,32.7,22.5,27.4,0.0,0.0,5.54,24.3,21.92,83,38,Lamongan,-7.1175,112.4154
2019-08-10,32.4,22.5,27.4,0.0,0.0,5.56,22.0,22.57,84,36,Lamongan,-7.1175,112.4154
2019-08-11,32.8,23.5,27.6,0.0,0.0,5.61,20.3,23.01,80,36,Lamongan,-7.1175,112.4154
2019-08-12,32.7,22.9,27.8,0.0,0.0,5.5,19.6,22.89,82,46,Lamongan,-7.1175,112.4154
2019-08-13,32.1,24.5,28.1,0.1,0.1,5.51,27.6,20.77,89,46,Lamongan,-7.1175,112.4154
2019-08-14,32.5,24.8,28.0,0.0,0.0,5.7,28.8,21.9,89,39,Lamongan,-7.1175,112.4154
2019-08-15,32.3,24.5,28.1,0.2,0.2,4.99,18.6,20.09,87,46,Lamongan,-7.1175,112.4154
2019-08-16,32.7,24.0,28.0,0.1,0.1,5.64,19.6,22.88,81,41,Lamongan,-7.1175,112.4154
2019-08-17,32.8,23.8,27.8,0.0,0.0,5.84,23.6,23.22,79,39,Lamongan,-7.1175,112.4154
2019-08-18,32.6,22.2,27.1,0.0,0.0,5.95,22.3,23.97,81,28,Lamongan,-7.1175,112.4154
2019-08-19,32.8,22.1,27.3,0.0,0.0,5.67,18.5,23.4,85,34,Lamongan,-7.1175,112.4154
2019-08-20,33.2,23.2,27.7,0.0,0.0,5.94,22.0,23.23,77,32,Lamongan,-7.1175,112.4154
2019-08-21,32.5,23.9,28.1,0.2,0.2,5.83,26.5,23.4,81,46,Lamongan,-7.1175,112.4154
2019-08-22,32.1,24.8,28.1,1.5,1.5,5.41,18.7,20.72,88,47,Lamongan,-7.1175,112.4154
2019-08-23,33.0,23.0,27.7,0.0,0.0,5.89,22.6,23.7,82,36,Lamongan,-7.1175,112.4154
2019-08-24,33.1,23.0,28.0,0.0,0.0,5.68,21.8,23.3,84,38,Lamongan,-7.1175,112.4154
2019-08-25,33.5,23.4,28.1,0.3,0.3,5.67,22.3,23.41,83,39,Lamongan,-7.1175,112.4154
2019-08-26,33.2,24.5,28.5,0.3,0.3,5.52,21.4,22.29,77,42,Lamongan,-7.1175,112.4154
2019-08-27,33.0,24.2,28.1,0.1,0.1,5.53,22.1,22.59,81,44,Lamongan,-7.1175,112.4154
2019-08-28,32.8,24.4,27.9,0.2,0.2,6.19,19.2,24.26,80,32,Lamongan,-7.1175,112.4154
2019-08-29,32.8,24.7,28.0,0.0,0.0,6.21,24.9,23.82,81,33,Lamongan,-7.1175,112.4154
2019-08-30,32.8,23.3,27.7,0.0,0.0,5.98,21.6,24.21,82,35,Lamongan,-7.1175,112.4154
2019-08-31,32.8,24.2,28.0,0.0,0.0,6.32,24.6,23.9,87,35,Lamongan,-7.1175,112.4154
2019-09-01,34.2,23.0,28.0,0.0,0.0,5.96,21.9,24.31,81,32,Lamongan,-7.1175,112.4154
2019-09-02,33.5,23.6,27.8,0.0,0.0,5.9,22.0,24.62,81,40,Lamongan,-7.1175,112.4154
2019-09-03,32.5,24.4,27.9,1.5,1.5,5.41,21.6,22.13,87,41,Lamongan,-7.1175,112.4154
2019-09-04,33.5,22.9,27.7,0.0,0.0,6.19,22.1,24.86,84,25,Lamongan,-7.1175,112.4154
2019-09-05,32.8,22.4,27.5,0.0,0.0,6.23,21.3,24.82,79,28,Lamongan,-7.1175,112.4154
2019-09-06,33.2,23.1,27.5,0.0,0.0,6.05,23.4,24.44,80,31,Lamongan,-7.1175,112.4154
2019-09-07,33.5,22.4,27.5,0.0,0.0,5.98,22.4,24.57,87,28,Lamongan,-7.1175,112.4154
2019-09-08,33.7,23.0,28.0,0.0,0.0,5.97,18.4,24.84,84,33,Lamongan,-7.1175,112.4154
2019-09-09,34.0,23.6,27.9,0.0,0.0,6.03,18.4,24.88,85,29,Lamongan,-7.1175,112.4154
2019-09-10,34.2,22.8,28.5,0.0,0.0,6.54,20.5,25.45,94,33,Lamongan,-7.1175,112.4154
2019-09-11,33.9,22.6,27.7,0.0,0.0,5.97,20.9,24.44,87,31,Lamongan,-7.1175,112.4154
2019-09-12,32.7,22.5,27.2,0.0,0.0,6.75,22.7,25.69,78,20,Lamongan,-7.1175,112.4154
2019-09-13,32.8,21.5,27.1,0.0,0.0,6.39,21.9,25.7,80,28,Lamongan,-7.1175,112.4154
2019-09-14,33.4,23.1,27.7,0.0,0.0,6.32,24.0,25.27,80,32,Lamongan,-7.1175,112.4154
2019-09-15,33.2,24.5,27.8,0.1,0.1,5.91,23.2,23.19,81,35,Lamongan,-7.1175,112.4154
2019-09-16,32.0,24.8,27.9,0.0,0.0,5.8,23.1,23.32,83,50,Lamongan,-7.1175,112.4154
2019-09-17,32.8,24.1,28.1,0.0,0.0,5.86,20.0,23.85,86,47,Lamongan,-7.1175,112.4154
2019-09-18,33.4,24.9,28.5,0.2,0.2,6.18,22.0,25.18,81,39,Lamongan,-7.1175,112.4154
2019-09-19,33.3,24.1,28.3,0.1,0.1,6.28,24.7,25.38,83,32,Lamongan,-7.1175,112.4154
2019-09-20,33.5,22.1,27.7,0.0,0.0,6.21,23.4,25.89,90,32,Lamongan,-7.1175,112.4154
2019-09-21,34.1,22.5,28.1,0.0,0.0,6.36,19.7,25.86,89,34,Lamongan,-7.1175,112.4154
2019-09-22,34.2,23.0,28.2,0.0,0.0,6.47,22.1,25.69,83,33,Lamongan,-7.1175,112.4154
2019-09-23,33.8,23.6,28.3,0.0,0.0,6.69,28.0,25.4,84,35,Lamongan,-7.1175,112.4154
2019-09-24,34.3,23.9,28.8,0.0,0.0,6.84,26.9,25.42,87,34,Lamongan,-7.1175,112.4154
2019-09-25,34.5,24.3,29.0,0.0,0.0,6.54,28.9,25.72,86,36,Lamongan,-7.1175,112.4154
2019-09-26,33.5,25.0,29.0,1.3,1.3,6.07,21.8,23.43,92,42,Lamongan,-7.1175,112.4154
2019-09-27,34.7,24.5,29.3,0.0,0.0,6.48,25.2,25.01,83,36,Lamongan,-7.1175,112.4154
2019-09-28,34.5,24.5,28.8,0.0,0.0,6.08,21.3,24.59,83,36,Lamongan,-7.1175,112.4154
2019-09-29,34.1,25.4,29.2,0.6,0.6,6.2,23.5,24.98,87,36,Lamongan,-7.1175,112.4154
2019-09-30,35.3,23.0,29.3,0.0,0.0,7.02,24.9,26.55,88,27,Lamongan,-7.1175,112.4154
2019-10-01,35.8,23.4,28.7,0.0,0.0,6.6,23.3,26.08,81,27,Lamongan,-7.1175,112.4154
2019-10-02,34.7,24.6,29.1,0.0,0.0,6.39,23.7,25.29,79,34,Lamongan,-7.1175,112.4154
2019-10-03,34.6,24.1,29.3,0.0,0.0,6.44,19.0,25.65,88,38,Lamongan,-7.1175,112.4154
2019-10-04,35.2,23.5,28.8,0.0,0.0,6.77,24.3,26.49,86,29,Lamongan,-7.1175,112.4154
2019-10-05,35.4,22.0,28.6,0.0,0.0,6.99,25.8,27.0,91,20,Lamongan,-7.1175,112.4154
2019-10-06,35.0,23.4,28.8,0.0,0.0,7.36,28.7,26.36,85,18,Lamongan,-7.1175,112.4154
2019-10-07,35.5,24.5,29.2,0.0,0.0,6.11,23.5,25.42,83,31,Lamongan,-7.1175,112.4154
2019-10-08,34.6,25.4,29.5,0.0,0.0,6.31,24.2,25.14,79,33,Lamongan,-7.1175,112.4154
2019-10-09,34.7,25.0,29.4,0.0,0.0,6.58,22.0,25.15,79,35,Lamongan,-7.1175,112.4154
2019-10-10,35.2,26.3,30.0,0.1,0.1,6.81,24.2,25.37,77,30,Lamongan,-7.1175,112.4154
2019-10-11,35.6,24.2,29.7,0.0,0.0,6.73,19.5,26.53,86,29,Lamongan,-7.1175,112.4154
2019-10-12,35.3,23.9,29.0,0.0,0.0,6.05,17.6,25.18,91,32,Lamongan,-7.1175,112.4154
2019-10-13,34.6,24.1,29.1,0.0,0.0,6.07,20.4,25.04,89,37,Lamongan,-7.1175,112.4154
2019-10-14,34.7,24.9,29.4,0.0,0.0,6.26,19.3,25.44,81,37,Lamongan,-7.1175,112.4154
2019-10-15,35.0,24.8,29.9,0.0,0.0,6.27,19.0,24.76,83,35,Lamongan,-7.1175,112.4154
2019-10-16,34.2,25.0,29.6,0.0,0.0,6.41,19.4,24.83,81,39,Lamongan,-7.1175,112.4154
2019-10-17,35.0,25.6,29.8,0.0,0.0,6.47,22.3,24.33,73,36,Lamongan,-7.1175,112.4154
2019-10-18,36.2,24.0,29.6,0.0,0.0,6.86,20.1,26.68,84,29,Lamongan,-7.1175,112.4154
2019-10-19,36.0,25.1,29.8,0.0,0.0,6.41,19.4,25.7,82,35,Lamongan,-7.1175,112.4154
2019-10-20,35.1,24.0,29.4,0.0,0.0,6.93,25.6,25.89,90,28,Lamongan,-7.1175,112.4154
2019-10-21,36.5,23.0,29.7,0.0,0.0,7.21,26.8,26.94,93,28,Lamongan,-7.1175,112.4154
2019-10-22,36.5,24.0,29.7,0.0,0.0,6.82,21.4,26.82,88,29,Lamongan,-7.1175,112.4154
2019-10-23,36.7,24.1,30.1,0.0,0.0,7.21,25.4,26.78,85,24,Lamongan,-7.1175,112.4154
2019-10-24,35.9,25.3,30.1,0.0,0.0,6.78,21.7,26.45,81,31,Lamongan,-7.1175,112.4154
2019-10-25,35.4,25.4,29.7,0.0,0.0,6.57,20.9,26.48,81,29,Lamongan,-7.1175,112.4154
2019-10-26,34.8,25.3,29.8,0.0,0.0,6.15,16.4,25.06,83,36,Lamongan,-7.1175,112.4154
2019-10-27,34.6,25.6,29.9,0.3,0.3,5.88,13.0,24.21,79,39,Lamongan,-7.1175,112.4154
2019-10-28,36.7,25.2,30.3,0.0,0.0,6.47,19.2,24.53,89,17,Lamongan,-7.1175,112.4154
2019-10-29,36.3,25.7,30.3,0.0,0.0,6.27,15.3,23.95,79,26,Lamongan,-7.1175,112.4154
2019-10-30,36.0,25.4,30.0,0.3,0.3,6.36,20.6,25.93,78,30,Lamongan,-7.1175,112.4154
2019-10-31,36.2,26.1,30.1,3.0,3.0,6.02,17.3,24.98,87,36,Lamongan,-7.1175,112.4154
2019-11-01,34.1,25.6,28.7,4.9,4.9,4.08,10.7,16.92,89,44,Lamongan,-7.1175,112.4154
2019-11-02,32.2,25.5,27.6,15.2,15.2,4.13,13.0,18.64,93,58,Lamongan,-7.1175,112.4154
2019-11-03,32.2,24.6,28.0,1.2,1.2,4.64,11.5,21.24,94,53,Lamongan,-7.1175,112.4154
2019-11-04,33.5,24.5,28.6,0.9,0.9,5.21,17.4,23.21,95,49,Lamongan,-7.1175,112.4154
2019-11-05,34.0,24.6,29.1,0.1,0.1,5.6,13.3,24.14,85,46,Lamongan,-7.1175,112.4154
2019-11-06,35.7,23.6,29.3,0.2,0.2,5.95,14.6,25.57,88,37,Lamongan,-7.1175,112.4154
2019-11-07,36.0,24.6,29.9,0.1,0.1,6.21,12.5,25.58,83,36,Lamongan,-7.1175,112.4154
2019-11-08,35.1,25.4,30.3,0.3,0.3,6.09,13.0,25.19,81,38,Lamongan,-7.1175,112.4154
2019-11-09,36.2,25.5,30.5,0.1,0.1,5.43,11.8,22.14,82,37,Lamongan,-7.1175,112.4154
2019-11-10,35.8,25.7,30.5,2.4,2.4,6.25,14.9,25.32,82,38,Lamongan,-7.1175,112.4154
2019-11-11,36.1,26.4,30.6,0.3,0.3,6.26,23.1,25.34,81,34,Lamongan,-7.1175,112.4154
2019-11-12,34.5,26.3,30.0,0.0,0.0,5.85,20.8,22.95,82,42,Lamongan,-7.1175,112.4154
2019-11-13,32.6,27.0,29.7,0.6,0.6,5.07,19.5,21.29,85,54,Lamongan,-7.1175,112.4154
2019-11-14,34.4,25.6,29.8,0.1,0.1,5.02,16.7,20.82,93,45,Lamongan,-7.1175,112.4154
2019-11-15,35.5,25.2,30.2,0.0,0.0,5.55,12.7,21.72,87,28,Lamongan,-7.1175,112.4154
2019-11-16,35.8,24.5,30.3,0.1,0.1,6.83,20.2,26.42,85,31,Lamongan,-7.1175,112.4154
2019-11-17,36.4,25.1,30.3,0.0,0.0,6.69,23.0,26.03,84,31,Lamongan,-7.1175,112.4154
2019-11-18,36.2,25.5,30.5,0.0,0.0,6.44,17.1,25.96,87,36,Lamongan,-7.1175,112.4154
2019-11-19,35.2,26.0,30.4,0.0,0.0,5.86,17.3,23.05,85,37,Lamongan,-7.1175,112.4154
2019-11-20,35.3,26.4,30.4,0.3,0.3,6.09,17.1,24.62,83,34,Lamongan,-7.1175,112.4154
2019-11-21,34.5,26.2,30.1,1.1,1.1,5.24,16.3,21.4,83,44,Lamongan,-7.1175,112.4154
2019-11-22,34.7,25.8,30.0,0.1,0.1,6.11,18.8,24.98,79,38,Lamongan,-7.1175,112.4154
2019-11-23,35.4,25.5,30.3,0.3,0.3,6.14,19.4,24.96,89,35,Lamongan,-7.1175,112.4154
2019-11-24,35.0,26.0,30.3,0.2,0.2,5.81,19.1,23.81,96,39,Lamongan,-7.1175,112.4154
2019-11-25,35.3,26.3,30.2,1.5,1.5,5.63,12.8,23.01,89,41,Lamongan,-7.1175,112.4154
2019-11-26,35.2,26.6,30.3,1.6,1.6,5.91,17.6,23.61,84,45,Lamongan,-7.1175,112.4154
2019-11-27,34.2,25.0,29.4,2.9,2.9,5.21,15.8,21.91,94,44,Lamongan,-7.1175,112.4154
2019-11-28,34.8,26.5,30.2,0.5,0.5,5.33,16.3,21.63,84,42,Lamongan,-7.1175,112.4154
2019-11-29,34.8,25.9,30.0,2.0,2.0,4.87,12.3,20.94,87,46,Lamongan,-7.1175,112.4154
2019-11-30,35.3,25.9,30.0,1.4,1.4,5.03,10.6,22.0,91,43,Lamongan,-7.1175,112.4154
2019-12-01,36.2,25.4,30.4,0.0,0.0,6.29,17.7,25.99,95,32,Lamongan,-7.1175,112.4154
2019-12-02,36.8,26.6,30.8,0.4,0.4,5.77,16.6,22.97,86,42,Lamongan,-7.1175,112.4154
2019-12-03,35.7,26.5,29.8,6.7,6.7,5.09,14.8,20.65,87,46,Lamongan,-7.1175,112.4154
2019-12-04,36.0,25.5,29.3,7.8,7.8,4.9,16.0,21.05,93,42,Lamongan,-7.1175,112.4154
2019-12-05,31.8,25.3,28.0,10.3,10.3,4.03,13.4,18.6,93,60,Lamongan,-7.1175,112.4154
2019-12-06,33.2,25.1,28.5,4.2,4.2,4.7,14.4,21.58,96,51,Lamongan,-7.1175,112.4154
2019-12-07,33.0,25.6,28.9,3.7,3.7,4.8,12.0,21.71,95,55,Lamongan,-7.1175,112.4154
2019-12-08,34.2,24.6,29.7,3.5,3.5,5.36,10.4,23.29,95,46,Lamongan,-7.1175,112.4154
2019-12-09,34.2,25.9,29.3,3.1,3.1,4.72,12.7,20.8,95,49,Lamongan,-7.1175,112.4154
2019-12-10,33.5,25.2,28.9,2.5,2.5,4.83,11.6,21.39,94,54,Lamongan,-7.1175,112.4154
2019-12-11,34.2,25.3,29.4,0.5,0.5,5.16,13.6,23.28,94,47,Lamongan,-7.1175,112.4154
2019-12-12,33.5,25.6,29.3,1.8,1.8,5.14,14.1,22.81,91,53,Lamongan,-7.1175,112.4154
2019-12-13,33.8,24.9,28.7,1.9,1.9,4.8,12.3,21.35,95,51,Lamongan,-7.1175,112.4154
2019-12-14,33.0,25.1,28.6,4.8,4.8,4.13,15.3,17.77,92,51,Lamongan,-7.1175,112.4154
2019-12-15,33.0,24.3,27.8,10.1,10.1,4.17,16.3,19.38,96,56,Lamongan,-7.1175,112.4154
2019-12-16,31.9,24.2,27.3,4.9,4.9,4.02,17.2,19.09,96,62,Lamongan,-7.1175,112.4154
2019-12-17,30.2,24.4,27.0,3.1,3.1,3.29,13.5,15.27,97,67,Lamongan,-7.1175,112.4154
2019-12-18,33.5,24.5,28.5,1.1,1.1,4.79,16.7,22.0,99,51,Lamongan,-7.1175,112.4154
2019-12-19,33.7,25.2,28.9,3.0,3.0,4.76,11.9,21.57,96,54,Lamongan,-7.1175,112.4154
2019-12-20,34.7,24.9,29.3,1.8,1.8,5.13,12.7,22.77,95,48,Lamongan,-7.1175,112.4154
2019-12-21,34.3,25.0,29.2,5.2,5.2,4.87,11.6,21.75,96,51,Lamongan,-7.1175,112.4154
2019-12-22,31.2,25.5,28.0,3.3,3.3,3.84,12.3,17.64,97,64,Lamongan,-7.1175,112.4154
2019-12-23,32.3,25.2,28.1,6.1,6.1,3.42,12.6,15.38,93,60,Lamongan,-7.1175,112.4154
2019-12-24,32.4,25.8,28.6,9.4,9.4,4.18,11.5,19.46,97,58,Lamongan,-7.1175,112.4154
2019-12-25,31.8,25.0,27.2,18.0,18.0,3.35,21.0,15.72,96,65,Lamongan,-7.1175,112.4154
2019-12-26,31.4,25.0,27.8,1.3,1.3,3.24,9.5,15.03,97,65,Lamongan,-7.1175,112.4154
2019-12-27,30.5,25.0,27.0,15.2,15.2,2.92,11.8,13.69,96,67,Lamongan,-7.1175,112.4154
2019-12-28,32.8,23.9,27.7,1.6,1.6,4.41,13.2,20.15,96,56,Lamongan,-7.1175,112.4154
2019-12-29,32.8,25.2,28.1,9.4,9.4,4.31,10.6,19.67,96,59,Lamongan,-7.1175,112.4154
2019-12-30,31.0,25.0,27.4,10.1,10.1,3.64,9.2,17.1,95,68,Lamongan,-7.1175,112.4154
2019-12-31,30.9,25.0,26.8,34.6,34.6,3.05,14.6,14.6,97,74,Lamongan,-7.1175,112.4154
2020-01-01,27.8,24.5,25.6,28.9,28.9,1.39,13.9,6.28,97,80,Lamongan,-7.1175,112.4154
2020-01-02,30.0,24.8,27.0,11.5,11.5,2.95,19.5,13.31,96,70,Lamongan,-7.1175,112.4154
2020-01-03,31.6,24.9,27.7,3.1,3.1,4.49,23.2,20.53,92,59,Lamongan,-7.1175,112.4154
2020-01-04,29.7,25.0,26.9,4.8,4.8,2.94,24.9,12.45,93,70,Lamongan,-7.1175,112.4154
2020-01-05,31.9,25.0,27.4,2.1,2.1,3.78,22.0,17.13,93,63,Lamongan,-7.1175,112.4154
2020-01-06,31.0,24.8,26.5,13.8,13.8,2.99,17.7,13.75,95,67,Lamongan,-7.1175,112.4154
2020-01-07,30.8,24.6,26.5,11.5,11.5,3.25,21.8,15.99,96,73,Lamongan,-7.1175,112.4154
2020-01-08,30.5,24.5,26.2,7.4,7.4,2.46,14.1,11.19,95,70,Lamongan,-7.1175,112.4154
2020-01-09,31.7,24.4,26.9,12.8,12.8,4.19,13.6,20.49,95,66,Lamongan,-7.1175,112.4154
2020-01-10,31.3,24.4,26.8,26.9,26.9,3.86,16.0,18.6,96,63,Lamongan,-7.1175,112.4154
2020-01-11,31.8,24.8,26.7,15.5,15.5,3.48,17.5,16.55,95,60,Lamongan,-7.1175,112.4154
2020-01-12,31.7,24.4,27.6,0.0,0.0,3.82,17.3,15.89,95,60,Lamongan,-7.1175,112.4154
2020-01-13,31.8,24.6,27.8,1.9,1.9,4.64,19.1,21.1,93,60,Lamongan,-7.1175,112.4154
2020-01-14,30.6,25.1,27.6,3.0,3.0,3.8,17.1,17.96,93,71,Lamongan,-7.1175,112.4154
2020-01-15,31.0,24.9,27.3,14.6,14.6,3.92,9.5,18.81,96,68,Lamongan,-7.1175,112.4154
2020-01-16,31.9,25.2,27.7,8.4,8.4,4.12,11.2,19.44,96,67,Lamongan,-7.1175,112.4154
2020-01-17,32.8,24.5,28.2,1.2,1.2,5.29,10.0,25.07,95,56,Lamongan,-7.1175,112.4154
2020-01-18,33.7,24.6,28.7,2.1,2.1,5.23,14.9,24.09,98,47,Lamongan,-7.1175,112.4154
2020-01-19,32.7,25.4,27.9,8.2,8.2,4.37,12.4,20.82,96,58,Lamongan,-7.1175,112.4154
2020-01-20,32.0,24.6,27.2,15.5,15.5,3.77,15.8,18.05,97,65,Lamongan,-7.1175,112.4154
2020-01-21,30.9,24.3,27.3,7.8,7.8,4.2,11.6,20.14,96,69,Lamongan,-7.1175,112.4154
2020-01-22,32.3,24.2,27.9,3.4,3.4,5.07,12.9,24.14,97,64,Lamongan,-7.1175,112.4154
2020-01-23,32.2,24.6,27.2,8.0,8.0,4.08,13.0,19.63,97,67,Lamongan,-7.1175,112.4154
2020-01-24,30.6,25.5,27.7,8.7,8.7,4.23,11.3,20.73,96,75,Lamongan,-7.1175,112.4154
2020-01-25,30.4,24.8,27.4,12.6,12.6,4.02,10.1,19.45,95,70,Lamongan,-7.1175,112.4154
2020-01-26,32.6,24.8,27.9,7.1,7.1,4.84,11.0,23.02,94,59,Lamongan,-7.1175,112.4154
2020-01-27,30.1,24.8,27.5,7.7,7.7,3.8,12.0,18.55,97,78,Lamongan,-7.1175,112.4154
2020-01-28,32.3,25.3,28.2,4.4,4.4,4.76,9.2,22.6,100,61,Lamongan,-7.1175,112.4154
2020-01-29,32.6,24.8,28.1,1.3,1.3,4.8,12.8,22.82,97,64,Lamongan,-7.1175,112.4154
2020-01-30,31.4,25.4,27.1,13.7,13.7,3.24,19.8,15.04,95,69,Lamongan,-7.1175,112.4154
2020-01-31,29.1,24.8,26.6,14.8,14.8,2.91,14.4,14.07,94,76,Lamongan,-7.1175,112.4154
2020-02-01,30.1,24.3,26.6,21.7,21.7,3.4,12.2,16.52,98,71,Lamongan,-7.1175,112.4154
2020-02-02,29.9,24.0,26.5,11.4,11.4,3.65,12.9,18.1,96,72,Lamongan,-7.1175,112.4154
2020-02-03,29.7,24.3,26.3,35.5,35.5,3.1,10.3,15.15,98,75,Lamongan,-7.1175,112.4154
2020-02-04,31.2,24.3,27.2,1.9,1.9,4.54,9.7,22.06,97,64,Lamongan,-7.1175,112.4154
2020-02-05,33.2,23.8,27.9,0.2,0.2,5.14,12.5,23.98,97,51,Lamongan,-7.1175,112.4154
2020-02-06,30.1,24.9,27.0,11.6,11.6,3.24,13.0,15.47,94,71,Lamongan,-7.1175,112.4154
2020-02-07,30.8,25.1,26.8,12.0,12.0,3.65,24.0,18.52,96,69,Lamongan,-7.1175,112.4154
2020-02-08,28.9,24.9,26.5,7.9,7.9,2.16,13.3,9.87,96,81,Lamongan,-7.1175,112.4154
2020-02-09,30.8,25.1,27.5,0.2,0.2,3.77,18.6,15.49,92,59,Lamongan,-7.1175,112.4154
2020-02-10,31.9,24.1,27.4,7.6,7.6,3.89,9.4,18.32,96,64,Lamongan,-7.1175,112.4154
2020-02-11,29.6,24.4,26.7,5.8,5.8,3.47,10.1,17.16,96,73,Lamongan,-7.1175,112.4154
2020-02-12,29.8,24.9,27.2,12.9,12.9,3.24,10.4,15.67,96,72,Lamongan,-7.1175,112.4154
2020-02-13,31.6,25.8,28.2,4.4,4.4,4.64,10.2,22.19,95,62,Lamongan,-7.1175,112.4154
2020-02-14,30.2,24.5,27.2,8.8,8.8,3.72,10.3,18.04,97,78,Lamongan,-7.1175,112.4154
2020-02-15,30.9,24.9,26.9,23.2,23.2,3.53,10.3,16.89,97,70,Lamongan,-7.1175,112.4154
2020-02-16,30.5,24.8,26.8,16.3,16.3,3.6,15.8,17.46,96,74,Lamongan,-7.1175,112.4154
2020-02-17,28.8,24.5,26.6,3.3,3.3,2.8,15.1,13.44,97,75,Lamongan,-7.1175,112.4154
2020-02-18,29.4,24.6,26.1,7.3,7.3,2.54,18.7,12.25,98,78,Lamongan,-7.1175,112.4154
2020-02-19,29.0,24.6,26.0,15.8,15.8,2.55,17.1,12.82,96,79,Lamongan,-7.1175,112.4154
2020-02-20,28.5,24.3,26.1,6.9,6.9,2.39,15.8,11.83,96,80,Lamongan,-7.1175,112.4154
2020-02-21,31.4,24.4,26.8,13.3,13.3,3.65,16.6,18.12,97,70,Lamongan,-7.1175,112.4154
2020-02-22,32.2,24.3,27.1,30.4,30.4,4.18,14.3,19.99,96,61,Lamongan,-7.1175,112.4154
2020-02-23,30.7,24.1,27.0,9.6,9.6,4.17,16.6,20.43,97,72,Lamongan,-7.1175,112.4154
2020-02-24,30.6,25.3,27.2,19.1,19.1,4.0,16.6,19.49,96,71,Lamongan,-7.1175,112.4154
2020-02-25,30.5,24.5,26.8,13.9,13.9,3.34,14.7,16.46,97,72,Lamongan,-7.1175,112.4154
2020-02-26,30.2,24.8,26.9,12.8,12.8,2.96,12.4,14.16,95,72,Lamongan,-7.1175,112.4154
2020-02-27,29.5,25.2,26.9,11.9,11.9,2.58,14.8,12.3,96,78,Lamongan,-7.1175,112.4154
2020-02-28,31.7,25.0,27.3,10.4,10.4,3.79,15.1,18.47,96,68,Lamongan,-7.1175,112.4154
2020-02-29,30.4,25.0,26.9,10.2,10.2,2.84,17.0,14.03,96,74,Lamongan,-7.1175,112.4154
2020-03-01,29.3,25.2,26.6,14.9,14.9,2.14,15.5,10.42,98,79,Lamongan,-7.1175,112.4154
2020-03-02,31.2,25.0,27.5,4.1,4.1,4.02,17.7,19.38,98,67,Lamongan,-7.1175,112.4154
2020-03-03,31.0,24.9,27.3,17.9,17.9,3.53,13.6,17.02,98,76,Lamongan,-7.1175,112.4154
2020-03-04,29.9,25.5,26.9,22.6,22.6,2.72,11.8,13.08,99,78,Lamongan,-7.1175,112.4154
2020-03-05,29.0,25.2,26.6,4.0,4.0,1.97,16.9,8.6,97,79,Lamongan,-7.1175,112.4154
2020-03-06,31.1,24.7,27.0,10.0,10.0,3.86,16.6,18.45,97,59,Lamongan,-7.1175,112.4154
2020-03-07,30.2,24.1,26.6,12.4,12.4,3.2,19.1,15.88,96,73,Lamongan,-7.1175,112.4154
2020-03-08,29.9,25.0,26.9,7.8,7.8,3.38,12.6,16.73,97,74,Lamongan,-7.1175,112.4154
2020-03-09,31.3,24.6,27.0,8.8,8.8,3.91,15.4,18.97,94,67,Lamongan,-7.1175,112.4154
2020-03-10,31.3,24.4,27.3,4.1,4.1,3.57,10.8,16.79,96,65,Lamongan,-7.1175,112.4154
2020-03-11,31.4,24.7,27.9,2.8,2.8,4.33,14.7,20.62,99,67,Lamongan,-7.1175,112.4154
2020-03-12,32.0,24.5,27.9,2.8,2.8,4.8,13.2,22.71,97,61,Lamongan,-7.1175,112.4154
2020-03-13,31.2,24.5,27.3,12.5,12.5,4.06,12.4,19.66,99,70,Lamongan,-7.1175,112.4154
2020-03-14,31.6,25.4,28.1,0.2,0.2,4.55,9.2,21.55,98,60,Lamongan,-7.1175,112.4154
2020-03-15,31.3,25.6,27.7,9.9,9.9,4.14,10.3,19.87,96,66,Lamongan,-7.1175,112.4154
2020-03-16,31.4,25.1,27.8,7.8,7.8,4.52,13.0,22.26,96,64,Lamongan,-7.1175,112.4154
2020-03-17,30.8,25.5,27.3,10.1,10.1,4.22,16.3,21.23,95,68,Lamongan,-7.1175,112.4154
2020-03-18,29.4,25.0,26.8,9.2,9.2,3.04,13.8,14.94,96,76,Lamongan,-7.1175,112.4154
2020-03-19,29.8,25.2,26.9,20.1,20.1,3.42,12.5,16.7,95,75,Lamongan,-7.1175,112.4154
2020-03-20,30.5,24.5,27.2,9.5,9.5,4.02,9.0,19.5,98,65,Lamongan,-7.1175,112.4154
2020-03-21,29.9,24.5,27.4,1.8,1.8,4.15,9.9,20.36,98,70,Lamongan,-7.1175,112.4154
2020-03-22,30.4,25.4,27.9,4.5,4.5,3.8,10.4,18.43,94,72,Lamongan,-7.1175,112.4154
2020-03-23,30.2,24.4,26.8,4.6,4.6,3.49,10.4,16.94,97,73,Lamongan,-7.1175,112.4154
2020-03-24,29.8,23.8,26.7,3.3,3.3,3.74,10.5,18.74,98,74,Lamongan,-7.1175,112.4154
2020-03-25,31.5,24.4,27.4,3.2,3.2,4.5,8.1,21.83,97,63,Lamongan,-7.1175,112.4154
2020-03-26,31.7,25.0,28.1,1.3,1.3,4.72,13.5,23.03,96,65,Lamongan,-7.1175,112.4154
2020-03-27,32.3,25.6,28.4,2.9,2.9,4.45,9.4,21.12,97,59,Lamongan,-7.1175,112.4154
2020-03-28,31.0,25.5,27.8,8.7,8.7,3.65,7.6,17.49,97,70,Lamongan,-7.1175,112.4154
2020-03-29,29.3,25.6,27.2,8.1,8.1,2.83,9.7,13.51,99,78,Lamongan,-7.1175,112.4154
2020-03-30,31.4,24.4,27.4,2.4,2.4,4.05,10.9,19.45,97,64,Lamongan,-7.1175,112.4154
2020-03-31,30.2,25.2,27.2,18.6,18.6,3.56,13.4,17.71,97,72,Lamongan,-7.1175,112.4154
2020-04-01,29.9,25.3,27.2,3.2,3.2,2.81,8.1,13.35,97,73,Lamongan,-7.1175,112.4154
2020-04-02,30.9,25.7,27.9,1.3,1.3,3.61,9.5,17.25,98,67,Lamongan,-7.1175,112.4154
2020-04-03,31.0,25.0,27.3,9.7,9.7,3.66,6.7,17.63,99,69,Lamongan,-7.1175,112.4154
2020-04-04,31.0,24.4,27.1,17.9,17.9,3.56,10.8,16.74,97,69,Lamongan,-7.1175,112.4154
2020-04-05,29.3,25.2,27.1,16.1,16.1,2.09,7.7,9.57,97,76,Lamongan,-7.1175,112.4154
2020-04-06,29.0,24.7,26.3,16.6,16.6,2.49,9.3,11.94,95,77,Lamongan,-7.1175,112.4154
2020-04-07,30.8,24.5,26.8,36.4,36.4,3.93,13.3,19.38,97,68,Lamongan,-7.1175,112.4154
2020-04-08,31.0,25.0,26.9,34.7,34.7,3.68,10.6,17.56,96,66,Lamongan,-7.1175,112.4154
2020-04-09,31.1,25.0,27.8,5.8,5.8,4.64,11.3,22.59,96,67,Lamongan,-7.1175,112.4154
2020-04-10,31.4,24.6,27.6,6.5,6.5,4.16,8.4,20.2,94,67,Lamongan,-7.1175,112.4154
2020-04-11,30.8,24.8,27.1,4.8,4.8,3.7,11.0,18.15,97,73,Lamongan,-7.1175,112.4154
2020-04-12,30.1,23.8,27.1,9.2,9.2,3.88,8.7,18.85,96,71,Lamongan,-7.1175,112.4154
2020-04-13,29.8,25.0,27.5,8.2,8.2,3.94,10.0,19.52,97,70,Lamongan,-7.1175,112.4154
2020-04-14,30.1,24.6,27.2,8.3,8.3,3.82,11.2,18.81,96,71,Lamongan,-7.1175,112.4154
2020-04-15,31.3,25.6,28.1,5.4,5.4,4.2,11.5,20.17,96,66,Lamongan,-7.1175,112.4154
2020-04-16,31.1,25.5,28.1,0.5,0.5,4.11,9.4,20.0,96,68,Lamongan,-7.1175,112.4154
2020-04-17,29.0,25.5,27.0,10.3,10.3,2.93,11.9,14.58,96,81,Lamongan,-7.1175,112.4154
2020-04-18,29.9,24.8,27.2,15.2,15.2,3.57,11.3,17.93,99,77,Lamongan,-7.1175,112.4154
2020-04-19,29.0,24.8,27.1,4.4,4.4,2.41,8.7,11.24,95,76,Lamongan,-7.1175,112.4154
2020-04-20,31.5,26.1,28.5,0.7,0.7,3.89,9.4,18.26,95,65,Lamongan,-7.1175,112.4154
2020-04-21,30.9,25.8,28.1,8.3,8.3,3.96,14.5,18.78,96,67,Lamongan,-7.1175,112.4154
2020-04-22,31.0,26.0,28.6,1.0,1.0,4.26,19.5,19.62,95,70,Lamongan,-7.1175,112.4154
2020-04-23,31.5,26.6,28.6,3.6,3.6,4.23,17.9,19.49,92,68,Lamongan,-7.1175,112.4154
2020-04-24,31.4,25.8,28.5,0.2,0.2,4.42,15.9,20.61,94,65,Lamongan,-7.1175,112.4154
2020-04-25,31.4,25.4,28.0,0.9,0.9,3.44,12.5,15.58,92,62,Lamongan,-7.1175,112.4154
2020-04-26,29.5,25.9,27.1,7.3,7.3,2.07,13.2,9.71,96,76,Lamongan,-7.1175,112.4154
2020-04-27,30.9,24.9,28.1,1.1,1.1,4.16,13.0,19.58,92,68,Lamongan,-7.1175,112.4154
2020-04-28,30.6,24.9,27.8,1.2,1.2,3.71,14.7,17.38,89,65,Lamongan,-7.1175,112.4154
2020-04-29,30.9,25.6,27.9,4.4,4.4,4.05,14.9,19.03,92,65,Lamongan,-7.1175,112.4154
2020-04-30,31.0,25.5,27.8,8.9,8.9,4.12,15.4,19.44,96,60,Lamongan,-7.1175,112.4154
2020-05-01,31.1,25.6,28.1,1.6,1.6,4.1,12.7,19.63,94,62,Lamongan,-7.1175,112.4154
2020-05-02,31.5,25.0,27.9,3.5,3.5,3.98,8.8,18.94,97,58,Lamongan,-7.1175,112.4154
2020-05-03,29.5,25.0,27.5,0.5,0.5,3.14,11.7,14.89,98,74,Lamongan,-7.1175,112.4154
2020-05-04,31.6,26.2,28.5,0.4,0.4,4.24,18.2,19.98,92,65,Lamongan,-7.1175,112.4154
2020-05-05,31.4,26.5,28.5,0.8,0.8,4.02,16.6,18.94,92,66,Lamongan,-7.1175,112.4154
2020-05-06,32.0,25.8,28.9,0.1,0.1,4.51,13.8,20.78,93,62,Lamongan,-7.1175,112.4154
2020-05-07,32.8,24.8,28.9,0.0,0.0,4.86,16.7,22.22,93,52,Lamongan,-7.1175,112.4154
2020-05-08,32.2,25.8,28.9,3.3,3.3,4.32,16.9,19.58,91,64,Lamongan,-7.1175,112.4154
2020-05-09,30.5,26.0,27.5,13.3,13.3,2.75,16.4,12.62,94,72,Lamongan,-7.1175,112.4154
2020-05-10,31.9,25.9,28.5,4.2,4.2,4.16,16.4,18.47,94,61,Lamongan,-7.1175,112.4154
2020-05-11,30.7,26.4,28.2,3.2,3.2,3.81,17.1,17.6,91,69,Lamongan,-7.1175,112.4154
2020-05-12,31.6,25.6,28.6,2.2,2.2,4.28,13.4,18.81,96,52,Lamongan,-7.1175,112.4154
2020-05-13,31.9,26.2,28.8,0.0,0.0,4.77,16.5,20.43,87,55,Lamongan,-7.1175,112.4154
2020-05-14,32.0,24.8,28.4,0.0,0.0,4.75,18.5,20.58,92,54,Lamongan,-7.1175,112.4154
2020-05-15,32.3,24.5,28.6,0.0,0.0,4.55,17.3,19.67,90,54,Lamongan,-7.1175,112.4154
2020-05-16,33.2,25.0,29.1,0.0,0.0,5.0,18.4,21.23,90,53,Lamongan,-7.1175,112.4154
2020-05-17,33.1,25.2,29.0,1.2,1.2,4.46,13.3,20.06,90,56,Lamongan,-7.1175,112.4154
2020-05-18,32.0,25.7,28.2,5.1,5.1,3.05,10.3,13.23,93,57,Lamongan,-7.1175,112.4154
2020-05-19,30.9,25.2,27.6,4.5,4.5,2.98,13.5,13.54,96,67,Lamongan,-7.1175,112.4154
2020-05-20,31.4,25.9,27.8,9.3,9.3,3.55,16.6,17.2,97,65,Lamongan,-7.1175,112.4154
2020-05-21,29.9,25.0,27.1,7.2,7.2,2.59,8.2,12.42,97,75,Lamongan,-7.1175,112.4154
2020-05-22,30.8,25.4,27.9,2.6,2.6,3.53,8.3,17.02,99,69,Lamongan,-7.1175,112.4154
2020-05-23,33.3,24.5,28.8,0.3,0.3,4.35,12.5,20.08,97,55,Lamongan,-7.1175,112.4154
2020-05-24,32.6,25.1,28.6,0.6,0.6,4.1,12.4,19.14,100,60,Lamongan,-7.1175,112.4154
2020-05-25,31.1,25.6,28.4,8.2,8.2,3.57,7.2,17.28,98,67,Lamongan,-7.1175,112.4154
2020-05-26,31.5,25.5,27.4,12.3,12.3,3.37,14.3,16.24,95,67,Lamongan,-7.1175,112.4154
2020-05-27,30.1,25.1,27.2,4.2,4.2,2.94,8.6,14.3,96,70,Lamongan,-7.1175,112.4154
2020-05-28,28.3,24.8,26.6,16.0,16.0,2.08,11.5,10.04,96,82,Lamongan,-7.1175,112.4154
2020-05-29,30.4,25.9,27.6,1.6,1.6,3.41,9.9,16.24,94,61,Lamongan,-7.1175,112.4154
2020-05-30,31.6,26.3,28.3,5.4,5.4,4.11,15.1,18.99,92,62,Lamongan,-7.1175,112.4154
2020-05-31,28.9,25.8,27.3,7.8,7.8,2.81,13.7,13.7,95,78,Lamongan,-7.1175,112.4154
2020-06-01,30.2,24.8,27.4,5.6,5.6,2.46,7.9,11.36,98,70,Lamongan,-7.1175,112.4154
2020-06-02,29.6,25.2,27.5,4.1,4.1,2.51,10.1,11.55,97,67,Lamongan,-7.1175,112.4154
2020-06-03,30.6,24.9,28.0,0.2,0.2,4.0,24.1,16.76,93,65,Lamongan,-7.1175,112.4154
2020-06-04,31.1,22.9,27.5,0.0,0.0,4.6,20.2,20.39,93,55,Lamongan,-7.1175,112.4154
2020-06-05,31.4,23.2,27.5,0.0,0.0,4.31,12.1,20.04,93,57,Lamongan,-7.1175,112.4154
2020-06-06,31.8,23.4,27.4,2.0,2.0,4.07,7.2,19.38,95,55,Lamongan,-7.1175,112.4154
2020-06-07,30.7,24.1,27.2,2.3,2.3,3.57,10.1,17.09,96,63,Lamongan,-7.1175,112.4154
2020-06-08,30.5,24.0,27.5,0.1,0.1,3.96,11.3,18.17,96,60,Lamongan,-7.1175,112.4154
2020-06-09,31.3,25.3,28.2,0.5,0.5,4.44,13.9,18.82,90,54,Lamongan,-7.1175,112.4154
2020-06-10,31.4,23.4,27.6,0.0,0.0,4.64,16.3,20.5,87,50,Lamongan,-7.1175,112.4154
2020-06-11,31.2,23.3,27.3,0.2,0.2,4.01,13.1,17.96,95,49,Lamongan,-7.1175,112.4154
2020-06-12,32.0,23.8,27.5,0.0,0.0,4.65,13.8,20.88,93,46,Lamongan,-7.1175,112.4154
2020-06-13,31.9,22.6,27.4,0.0,0.0,3.95,11.9,17.26,95,48,Lamongan,-7.1175,112.4154
2020-06-14,30.1,25.1,27.3,9.9,9.9,2.92,15.8,13.11,94,69,Lamongan,-7.1175,112.4154
2020-06-15,31.6,26.1,28.2,1.0,1.0,3.83,18.8,16.78,91,61,Lamongan,-7.1175,112.4154
2020-06-16,31.5,25.8,28.2,0.9,0.9,4.08,18.4,17.56,94,57,Lamongan,-7.1175,112.4154
2020-06-17,33.2,23.4,28.3,0.0,0.0,4.89,19.7,20.51,96,45,Lamongan,-7.1175,112.4154
2020-06-18,32.4,24.5,28.2,0.0,0.0,4.55,19.6,18.89,91,51,Lamongan,-7.1175,112.4154
2020-06-19,32.5,24.2,28.3,0.0,0.0,4.78,20.6,19.36,92,50,Lamongan,-7.1175,112.4154
2020-06-20,32.8,23.4,28.2,0.0,0.0,4.82,17.3,18.7,87,44,Lamongan,-7.1175,112.4154
2020-06-21,32.5,24.4,28.1,0.5,0.5,3.81,16.8,16.11,88,48,Lamongan,-7.1175,112.4154
2020-06-22,32.5,24.4,28.3,0.2,0.2,4.68,22.8,17.93,96,43,Lamongan,-7.1175,112.4154
2020-06-23,32.9,23.8,28.3,0.0,0.0,4.96,19.7,20.93,90,37,Lamongan,-7.1175,112.4154
2020-06-24,33.0,24.4,28.5,0.3,0.3,4.88,15.2,20.38,87,45,Lamongan,-7.1175,112.4154
2020-06-25,33.0,24.1,28.4,0.5,0.5,4.9,19.4,19.64,95,44,Lamongan,-7.1175,112.4154
2020-06-26,32.2,23.1,27.7,0.0,0.0,4.71,13.5,20.07,85,47,Lamongan,-7.1175,112.4154
2020-06-27,32.7,22.9,28.1,0.0,0.0,4.88,14.8,20.42,92,45,Lamongan,-7.1175,112.4154
2020-06-28,33.2,23.1,28.4,0.0,0.0,4.96,17.3,20.19,90,42,Lamongan,-7.1175,112.4154
2020-06-29,32.1,24.5,28.3,0.1,0.1,4.67,20.9,18.31,92,50,Lamongan,-7.1175,112.4154
2020-06-30,33.7,23.9,28.5,0.3,0.3,5.2,18.8,20.59,90,39,Lamongan,-7.1175,112.4154
2020-07-01,33.5,23.9,28.7,0.0,0.0,5.31,20.9,20.03,84,40,Lamongan,-7.1175,112.4154
2020-07-02,33.2,24.2,28.4,0.7,0.7,4.87,16.2,20.52,91,43,Lamongan,-7.1175,112.4154
2020-07-03,33.2,23.8,28.1,0.0,0.0,5.5,22.0,21.27,92,33,Lamongan,-7.1175,112.4154
2020-07-04,32.1,23.1,27.7,0.0,0.0,5.18,20.4,20.56,87,43,Lamongan,-7.1175,112.4154
2020-07-05,32.1,24.0,28.2,0.4,0.4,4.74,21.6,18.32,84,48,Lamongan,-7.1175,112.4154
2020-07-06,32.0,24.8,27.4,2.9,2.9,3.19,19.1,12.44,90,50,Lamongan,-7.1175,112.4154
2020-07-07,32.5,23.7,27.5,1.8,1.8,4.11,19.6,16.65,95,47,Lamongan,-7.1175,112.4154
2020-07-08,33.5,23.4,28.2,0.0,0.0,5.05,19.3,20.85,89,39,Lamongan,-7.1175,112.4154
2020-07-09,33.3,23.6,28.2,0.8,0.8,4.78,18.2,20.67,88,45,Lamongan,-7.1175,112.4154
2020-07-10,33.0,24.1,28.5,0.0,0.0,5.11,17.3,20.25,83,44,Lamongan,-7.1175,112.4154
2020-07-11,33.5,24.1,28.5,0.0,0.0,5.06,18.9,20.48,82,39,Lamongan,-7.1175,112.4154
2020-07-12,33.0,24.0,28.5,0.2,0.2,4.72,16.1,19.2,89,45,Lamongan,-7.1175,112.4154
2020-07-13,33.3,24.1,28.7,0.0,0.0,5.26,21.6,20.24,88,42,Lamongan,-7.1175,112.4154
2020-07-14,32.8,24.4,28.7,0.3,0.3,5.21,23.5,19.54,87,45,Lamongan,-7.1175,112.4154
2020-07-15,29.4,25.4,27.2,4.9,4.9,3.09,14.5,13.64,89,67,Lamongan,-7.1175,112.4154
2020-07-16,32.5,24.5,28.1,0.0,0.0,4.64,16.9,19.52,92,50,Lamongan,-7.1175,112.4154
2020-07-17,33.0,25.0,28.5,0.0,0.0,5.02,18.9,20.22,94,48,Lamongan,-7.1175,112.4154
2020-07-18,33.7,24.0,28.7,0.1,0.1,5.24,19.7,21.27,88,39,Lamongan,-7.1175,112.4154
2020-07-19,34.2,23.9,28.7,0.0,0.0,5.3,21.1,20.9,85,39,Lamongan,-7.1175,112.4154
2020-07-20,33.0,25.2,28.6,0.3,0.3,4.69,17.3,19.64,82,50,Lamongan,-7.1175,112.4154
2020-07-21,32.4,26.0,28.5,1.9,1.9,4.51,19.5,17.65,87,53,Lamongan,-7.1175,112.4154
2020-07-22,33.0,24.4,28.7,0.1,0.1,5.3,22.8,19.98,94,43,Lamongan,-7.1175,112.4154
2020-07-23,33.2,24.2,28.5,0.0,0.0,5.21,19.4,21.29,87,38,Lamongan,-7.1175,112.4154
2020-07-24,32.5,23.9,28.0,0.0,0.0,5.51,22.3,21.53,84,35,Lamongan,-7.1175,112.4154
2020-07-25,32.8,22.2,27.4,0.0,0.0,5.39,24.2,21.78,81,36,Lamongan,-7.1175,112.4154
2020-07-26,32.9,21.4,27.3,0.0,0.0,5.76,21.7,22.3,85,30,Lamongan,-7.1175,112.4154
2020-07-27,33.1,22.0,27.5,0.0,0.0,5.56,21.4,22.27,84,29,Lamongan,-7.1175,112.4154
2020-07-28,33.7,23.0,28.1,0.0,0.0,5.47,24.2,22.19,86,34,Lamongan,-7.1175,112.4154
2020-07-29,32.5,23.0,27.9,0.0,0.0,5.36,21.6,20.33,84,40,Lamongan,-7.1175,112.4154
2020-07-30,32.8,21.8,27.4,0.0,0.0,5.94,17.0,23.33,72,24,Lamongan,-7.1175,112.4154
2020-07-31,33.1,22.5,27.6,0.1,0.1,5.42,21.5,21.71,84,38,Lamongan,-7.1175,112.4154
2020-08-01,32.6,24.0,28.0,0.0,0.0,5.52,21.2,21.48,78,43,Lamongan,-7.1175,112.4154
2020-08-02,32.5,23.5,28.0,0.0,0.0,5.56,20.1,21.87,80,41,Lamongan,-7.1175,112.4154
2020-08-03,32.8,23.0,27.9,0.0,0.0,5.51,17.6,22.1,78,39,Lamongan,-7.1175,112.4154
2020-08-04,31.5,25.6,28.2,0.0,0.0,4.5,17.7,16.52,78,48,Lamongan,-7.1175,112.4154
2020-08-05,33.8,24.7,28.6,4.8,4.8,4.78,16.0,19.95,90,44,Lamongan,-7.1175,112.4154
2020-08-06,32.6,23.8,28.1,1.1,1.1,4.84,16.5,20.38,87,45,Lamongan,-7.1175,112.4154
2020-08-07,32.8,24.3,28.3,0.5,0.5,4.95,20.2,19.18,80,45,Lamongan,-7.1175,112.4154
2020-08-08,32.9,24.9,28.4,0.1,0.1,5.27,21.1,21.04,83,45,Lamongan,-7.1175,112.4154
2020-08-09,33.6,25.5,28.6,0.4,0.4,5.49,20.8,22.14,87,42,Lamongan,-7.1175,112.4154
2020-08-10,32.8,24.9,28.6,0.0,0.0,5.04,20.1,20.09,91,49,Lamongan,-7.1175,112.4154
2020-08-11,32.0,25.4,28.0,7.0,7.0,4.13,20.2,17.48,91,56,Lamongan,-7.1175,112.4154
2020-08-12,32.0,24.8,27.8,3.8,3.8,4.11,17.3,18.08,94,56,Lamongan,-7.1175,112.4154
2020-08-13,32.8,23.6,28.3,0.2,0.2,4.76,17.0,20.11,94,46,Lamongan,-7.1175,112.4154
2020-08-14,33.0,24.7,28.5,0.1,0.1,4.81,20.1,20.86,90,48,Lamongan,-7.1175,112.4154
2020-08-15,33.5,24.2,28.7,0.0,0.0,5.1,18.4,21.93,92,45,Lamongan,-7.1175,112.4154
2020-08-16,33.6,25.3,28.7,0.9,0.9,5.42,18.1,22.29,94,41,Lamongan,-7.1175,112.4154
2020-08-17,34.2,24.0,28.9,0.0,0.0,6.1,23.1,22.68,88,35,Lamongan,-7.1175,112.4154
2020-08-18,33.9,23.9,28.6,0.0,0.0,5.83,19.4,23.5,85,37,Lamongan,-7.1175,112.4154
2020-08-19,34.0,23.9,28.6,0.0,0.0,6.09,23.6,23.49,85,32,Lamongan,-7.1175,112.4154
2020-08-20,31.8,24.5,28.2,1.0,1.0,5.19,21.1,19.47,86,48,Lamongan,-7.1175,112.4154
2020-08-21,33.0,24.6,28.8,0.0,0.0,6.38,24.9,23.23,86,48,Lamongan,-7.1175,112.4154
2020-08-22,34.8,24.7,29.4,0.0,0.0,7.36,30.8,23.84,76,28,Lamongan,-7.1175,112.4154
2020-08-23,34.9,23.5,28.8,0.0,0.0,5.82,20.7,23.79,90,36,Lamongan,-7.1175,112.4154
2020-08-24,33.7,23.2,28.7,0.0,0.0,6.18,28.4,24.35,91,34,Lamongan,-7.1175,112.4154
2020-08-25,34.8,22.2,28.5,0.0,0.0,6.67,27.7,24.42,96,23,Lamongan,-7.1175,112.4154
2020-08-26,34.2,23.8,28.8,0.0,0.0,6.58,25.6,24.54,85,35,Lamongan,-7.1175,112.4154
2020-08-27,33.4,22.2,27.8,0.0,0.0,6.56,27.4,24.91,82,29,Lamongan,-7.1175,112.4154
2020-08-28,32.8,23.5,28.5,0.1,0.1,5.74,20.9,21.96,85,42,Lamongan,-7.1175,112.4154
2020-08-29,34.3,24.4,29.1,0.0,0.0,6.2,24.1,23.9,84,37,Lamongan,-7.1175,112.4154
2020-08-30,34.8,23.5,28.8,0.0,0.0,6.69,27.0,24.65,83,28,Lamongan,-7.1175,112.4154
2020-08-31,33.8,23.1,28.7,0.0,0.0,6.48,25.8,24.69,81,35,Lamongan,-7.1175,112.4154
2020-09-01,34.8,24.3,29.2,0.0,0.0,6.01,19.8,23.59,84,37,Lamongan,-7.1175,112.4154
2020-09-02,34.4,25.0,29.2,0.0,0.0,5.55,23.7,21.18,81,41,Lamongan,-7.1175,112.4154
2020-09-03,34.0,25.0,28.9,0.1,0.1,5.41,21.9,21.87,83,44,Lamongan,-7.1175,112.4154
2020-09-04,35.2,25.0,29.7,0.2,0.2,6.11,23.1,24.3,89,30,Lamongan,-7.1175,112.4154
2020-09-05,34.5,24.8,29.5,0.2,0.2,6.22,22.0,24.57,87,33,Lamongan,-7.1175,112.4154
2020-09-06,34.5,24.4,29.1,0.0,0.0,6.15,20.2,24.27,83,35,Lamongan,-7.1175,112.4154
2020-09-07,34.3,24.2,29.1,0.0,0.0,6.12,23.4,23.93,88,36,Lamongan,-7.1175,112.4154
2020-09-08,35.0,23.8,29.2,0.0,0.0,6.44,26.7,24.5,90,32,Lamongan,-7.1175,112.4154
2020-09-09,34.5,24.7,29.5,0.0,0.0,6.27,22.9,23.56,84,33,Lamongan,-7.1175,112.4154
2020-09-10,34.7,24.4,29.2,0.0,0.0,6.08,22.0,23.79,87,34,Lamongan,-7.1175,112.4154
2020-09-11,34.3,24.0,29.0,0.0,0.0,6.51,23.4,24.65,83,37,Lamongan,-7.1175,112.4154
2020-09-12,34.5,24.8,29.3,0.2,0.2,6.35,20.2,24.86,78,34,Lamongan,-7.1175,112.4154
2020-09-13,34.5,24.7,29.2,0.2,0.2,6.23,24.0,24.9,81,36,Lamongan,-7.1175,112.4154
2020-09-14,34.3,25.2,29.1,0.0,0.0,6.61,23.1,25.37,77,32,Lamongan,-7.1175,112.4154
2020-09-15,34.5,24.0,28.8,0.6,0.6,6.36,27.0,24.61,83,31,Lamongan,-7.1175,112.4154
2020-09-16,34.6,23.4,28.5,1.0,1.0,6.35,23.6,25.4,90,27,Lamongan,-7.1175,112.4154
2020-09-17,34.0,24.1,28.9,0.4,0.4,6.42,20.6,25.11,87,36,Lamongan,-7.1175,112.4154
2020-09-18,33.9,25.4,29.4,0.0,0.0,6.41,23.0,24.56,79,42,Lamongan,-7.1175,112.4154
2020-09-19,34.7,26.7,30.2,0.0,0.0,7.0,24.9,24.63,80,38,Lamongan,-7.1175,112.4154
2020-09-20,33.8,26.2,29.8,0.0,0.0,6.03,19.1,24.04,85,45,Lamongan,-7.1175,112.4154
2020-09-21,35.4,26.0,30.2,0.7,0.7,6.26,17.3,24.12,80,35,Lamongan,-7.1175,112.4154
2020-09-22,34.8,26.0,29.1,2.3,2.3,4.99,12.4,21.02,87,42,Lamongan,-7.1175,112.4154
2020-09-23,35.0,25.0,29.6,0.0,0.0,5.75,22.6,23.5,88,40,Lamongan,-7.1175,112.4154
2020-09-24,35.8,25.0,30.2,0.0,0.0,6.41,25.6,24.53,87,33,Lamongan,-7.1175,112.4154
2020-09-25,35.5,25.2,30.2,0.0,0.0,6.28,21.6,22.96,83,34,Lamongan,-7.1175,112.4154
2020-09-26,35.5,25.1,29.9,1.0,1.0,6.19,20.9,24.51,84,36,Lamongan,-7.1175,112.4154
2020-09-27,35.0,25.0,29.9,0.1,0.1,6.27,20.0,24.03,85,39,Lamongan,-7.1175,112.4154
2020-09-28,35.2,25.6,30.1,0.1,0.1,6.69,22.7,24.6,80,36,Lamongan,-7.1175,112.4154
2020-09-29,35.7,25.0,30.0,0.0,0.0,6.72,24.5,24.74,81,30,Lamongan,-7.1175,112.4154
2020-09-30,34.0,24.9,29.3,0.0,0.0,5.89,20.4,22.82,82,43,Lamongan,-7.1175,112.4154
2020-10-01,35.8,25.2,30.1,0.0,0.0,6.65,20.1,25.86,86,35,Lamongan,-7.1175,112.4154
2020-10-02,36.2,25.7,30.4,0.3,0.3,6.66,19.3,25.8,84,34,Lamongan,-7.1175,112.4154
2020-10-03,34.6,25.2,29.9,1.6,1.6,6.55,22.6,25.4,91,38,Lamongan,-7.1175,112.4154
2020-10-04,35.4,24.8,29.5,0.1,0.1,6.02,23.5,23.76,85,36,Lamongan,-7.1175,112.4154
2020-10-05,33.4,25.6,28.7,1.4,1.4,4.46,15.1,17.56,78,44,Lamongan,-7.1175,112.4154
2020-10-06,34.8,25.5,29.2,3.0,3.0,5.29,19.8,19.54,88,39,Lamongan,-7.1175,112.4154
2020-10-07,34.7,25.4,29.1,1.2,1.2,4.99,15.8,20.0,81,42,Lamongan,-7.1175,112.4154
2020-10-08,35.0,25.3,29.7,0.2,0.2,6.04,16.2,24.06,80,40,Lamongan,-7.1175,112.4154
2020-10-09,34.5,25.0,29.3,1.4,1.4,5.84,17.1,22.85,88,38,Lamongan,-7.1175,112.4154
2020-10-10,32.2,25.4,27.7,6.0,6.0,3.74,14.0,16.51,96,53,Lamongan,-7.1175,112.4154
2020-10-11,33.0,24.0,28.7,1.0,1.0,5.41,22.4,22.62,97,51,Lamongan,-7.1175,112.4154
2020-10-12,33.2,24.4,29.0,0.8,0.8,5.43,19.1,21.48,92,49,Lamongan,-7.1175,112.4154
2020-10-13,33.8,24.5,29.3,0.0,0.0,6.63,28.9,24.67,87,40,Lamongan,-7.1175,112.4154
2020-10-14,35.5,24.9,29.8,0.0,0.0,6.16,20.7,24.51,88,38,Lamongan,-7.1175,112.4154
2020-10-15,34.8,24.9,29.5,0.2,0.2,5.72,16.9,22.5,87,38,Lamongan,-7.1175,112.4154
2020-10-16,35.0,26.1,29.8,0.7,0.7,5.35,19.2,20.08,82,38,Lamongan,-7.1175,112.4154
2020-10-17,35.5,25.0,29.6,0.0,0.0,6.05,20.6,22.92,83,32,Lamongan,-7.1175,112.4154
2020-10-18,31.3,24.7,28.0,1.1,1.1,2.87,13.4,9.79,83,50,Lamongan,-7.1175,112.4154
2020-10-19,29.6,25.3,26.8,13.8,13.8,2.18,16.1,8.72,93,66,Lamongan,-7.1175,112.4154
2020-10-20,30.1,25.1,27.3,7.3,7.3,3.95,19.1,18.57,94,67,Lamongan,-7.1175,112.4154
2020-10-21,32.5,24.6,27.8,8.4,8.4,4.39,12.6,20.6,97,55,Lamongan,-7.1175,112.4154
2020-10-22,33.8,24.8,28.7,3.6,3.6,5.18,10.8,23.75,96,45,Lamongan,-7.1175,112.4154
2020-10-23,32.5,25.0,28.2,6.4,6.4,4.65,13.1,21.27,90,53,Lamongan,-7.1175,112.4154
2020-10-24,33.2,24.6,28.8,1.8,1.8,5.16,15.9,23.22,97,52,Lamongan,-7.1175,112.4154
2020-10-25,32.2,25.0,28.4,5.3,5.3,4.66,12.2,21.55,97,58,Lamongan,-7.1175,112.4154
2020-10-26,33.0,24.7,28.1,2.3,2.3,4.39,13.3,19.71,96,53,Lamongan,-7.1175,112.4154
2020-10-27,30.6,24.5,26.8,7.0,7.0,3.02,10.9,13.58,96,63,Lamongan,-7.1175,112.4154
2020-10-28,33.2,24.0,28.7,0.0,0.0,5.63,16.7,24.25,96,45,Lamongan,-7.1175,112.4154
2020-10-29,33.2,24.9,29.3,0.5,0.5,5.23,17.2,21.48,91,49,Lamongan,-7.1175,112.4154
2020-10-30,31.1,26.3,27.8,11.0,11.0,3.42,16.9,15.73,91,63,Lamongan,-7.1175,112.4154
2020-10-31,30.0,24.0,26.7,27.1,27.1,2.54,14.2,11.62,95,69,Lamongan,-7.1175,112.4154
2020-11-01,29.6,24.0,26.5,18.7,18.7,2.81,9.4,13.22,95,72,Lamongan,-7.1175,112.4154
2020-11-02,28.9,24.6,26.4,14.7,14.7,2.69,12.6,12.62,95,75,Lamongan,-7.1175,112.4154
2020-11-03,30.5,24.8,26.9,4.6,4.6,4.1,14.7,20.54,96,68,Lamongan,-7.1175,112.4154
2020-11-04,31.2,24.4,27.8,0.8,0.8,4.41,19.3,20.96,96,63,Lamongan,-7.1175,112.4154
2020-11-05,31.5,25.4,28.0,0.1,0.1,4.2,14.3,19.98,93,61,Lamongan,-7.1175,112.4154
2020-11-06,32.9,23.8,28.3,0.1,0.1,5.04,14.8,23.27,97,53,Lamongan,-7.1175,112.4154
2020-11-07,33.7,24.6,29.0,0.3,0.3,5.74,12.3,26.01,94,47,Lamongan,-7.1175,112.4154
2020-11-08,32.8,24.6,28.8,0.1,0.1,5.33,13.5,24.2,96,53,Lamongan,-7.1175,112.4154
2020-11-09,34.0,24.2,29.2,0.6,0.6,5.85,10.9,26.15,94,45,Lamongan,-7.1175,112.4154
2020-11-10,34.7,24.5,29.4,0.2,0.2,5.94,12.8,25.67,95,41,Lamongan,-7.1175,112.4154
2020-11-11,34.0,25.5,29.5,1.0,1.0,5.84,23.5,23.55,85,49,Lamongan,-7.1175,112.4154
2020-11-12,32.8,27.5,29.9,2.1,2.1,5.35,21.3,21.97,83,58,Lamongan,-7.1175,112.4154
2020-11-13,33.5,27.1,30.0,2.9,2.9,5.25,15.8,22.71,91,54,Lamongan,-7.1175,112.4154
2020-11-14,34.5,25.7,30.1,0.2,0.2,5.53,14.0,22.87,91,47,Lamongan,-7.1175,112.4154
2020-11-15,33.5,26.0,29.2,5.7,5.7,4.69,17.9,19.59,92,50,Lamongan,-7.1175,112.4154
2020-11-16,35.1,26.4,30.4,2.8,2.8,5.74,17.7,24.67,93,42,Lamongan,-7.1175,112.4154
2020-11-17,35.5,26.2,30.4,0.0,0.0,6.37,18.0,25.5,84,38,Lamongan,-7.1175,112.4154
2020-11-18,34.8,25.4,30.0,0.2,0.2,5.97,20.4,23.83,87,43,Lamongan,-7.1175,112.4154
2020-11-19,33.8,25.7,29.1,5.8,5.8,4.8,17.1,20.71,90,48,Lamongan,-7.1175,112.4154
2020-11-20,32.3,25.1,28.0,6.9,6.9,3.8,11.7,17.17,97,60,Lamongan,-7.1175,112.4154
2020-11-21,34.3,24.6,29.3,0.8,0.8,5.0,13.7,21.82,97,47,Lamongan,-7.1175,112.4154
2020-11-22,32.0,25.4,28.1,2.1,2.1,3.96,15.8,18.36,91,59,Lamongan,-7.1175,112.4154
2020-11-23,32.6,24.9,27.2,35.3,35.3,3.36,11.4,15.21,96,59,Lamongan,-7.1175,112.4154
2020-11-24,31.6,25.0,27.8,11.2,11.2,3.74,11.3,17.39,95,64,Lamongan,-7.1175,112.4154
2020-11-25,31.8,24.7,27.7,10.2,10.2,3.45,12.8,15.39,92,57,Lamongan,-7.1175,112.4154
2020-11-26,30.5,25.5,27.3,14.9,14.9,3.11,8.1,14.5,96,65,Lamongan,-7.1175,112.4154
2020-11-27,32.2,25.2,28.0,2.7,2.7,3.37,12.0,13.6,96,51,Lamongan,-7.1175,112.4154
2020-11-28,30.8,25.0,27.2,14.7,14.7,3.42,10.8,15.94,96,66,Lamongan,-7.1175,112.4154
2020-11-29,28.8,24.5,26.1,24.2,24.2,2.39,9.6,11.15,95,74,Lamongan,-7.1175,112.4154
2020-11-30,27.6,24.5,25.6,12.3,12.3,1.64,15.3,6.41,95,75,Lamongan,-7.1175,112.4154
2020-12-01,32.5,23.2,27.7,1.9,1.9,4.71,16.2,21.86,92,51,Lamongan,-7.1175,112.4154
2020-12-02,30.1,24.6,27.1,11.6,11.6,3.36,9.5,16.05,93,72,Lamongan,-7.1175,112.4154
2020-12-03,31.3,24.7,27.3,6.0,6.0,3.82,15.8,18.22,97,68,Lamongan,-7.1175,112.4154
2020-12-04,32.5,25.3,27.5,8.8,8.8,3.65,13.1,15.93,90,59,Lamongan,-7.1175,112.4154
2020-12-05,30.6,24.9,26.8,15.6,15.6,2.77,16.6,11.85,96,65,Lamongan,-7.1175,112.4154
2020-12-06,28.9,24.6,26.1,23.5,23.5,2.34,18.9,11.46,96,76,Lamongan,-7.1175,112.4154
2020-12-07,28.0,24.5,25.5,22.4,22.4,1.72,22.0,8.31,97,83,Lamongan,-7.1175,112.4154
2020-12-08,30.6,24.2,27.2,5.3,5.3,3.81,22.1,17.47,96,70,Lamongan,-7.1175,112.4154
2020-12-09,28.5,25.1,26.5,7.1,7.1,2.34,25.6,10.32,96,79,Lamongan,-7.1175,112.4154
2020-12-10,30.1,24.9,26.8,5.0,5.0,3.28,22.0,15.84,97,75,Lamongan,-7.1175,112.4154
2020-12-11,30.1,24.9,26.6,12.2,12.2,2.89,19.1,13.9,96,71,Lamongan,-7.1175,112.4154
2020-12-12,29.1,24.6,26.1,19.0,19.0,2.21,16.1,10.49,96,75,Lamongan,-7.1175,112.4154
2020-12-13,28.6,24.3,25.8,14.7,14.7,1.8,14.6,7.99,96,76,Lamongan,-7.1175,112.4154
2020-12-14,28.9,24.2,25.9,20.9,20.9,1.86,9.5,8.17,96,70,Lamongan,-7.1175,112.4154
2020-12-15,29.4,23.6,26.0,11.2,11.2,2.78,12.1,13.52,96,74,Lamongan,-7.1175,112.4154
2020-12-16,29.7,24.0,26.0,19.3,19.3,3.08,13.2,14.95,95,71,Lamongan,-7.1175,112.4154
2020-12-17,30.1,24.4,26.1,20.1,20.1,3.22,14.1,15.39,95,71,Lamongan,-7.1175,112.4154
2020-12-18,30.5,23.7,26.6,14.8,14.8,4.17,17.1,19.84,96,61,Lamongan,-7.1175,112.4154
2020-12-19,30.5,24.0,26.5,10.3,10.3,3.59,13.7,16.66,94,65,Lamongan,-7.1175,112.4154
2020-12-20,31.0,23.6,27.4,0.2,0.2,4.55,19.1,20.65,96,59,Lamongan,-7.1175,112.4154
2020-12-21,32.1,24.0,27.8,1.1,1.1,5.01,17.3,21.63,90,56,Lamongan,-7.1175,112.4154
2020-12-22,32.2,25.3,28.3,0.9,0.9,5.07,13.8,21.63,87,56,Lamongan,-7.1175,112.4154
2020-12-23,32.2,25.9,28.4,2.0,2.0,5.08,16.6,22.04,95,55,Lamongan,-7.1175,112.4154
2020-12-24,32.0,24.5,27.9,2.8,2.8,4.86,9.2,22.96,95,56,Lamongan,-7.1175,112.4154
2020-12-25,30.0,24.5,26.8,36.3,36.3,3.75,11.0,18.22,98,70,Lamongan,-7.1175,112.4154
2020-12-26,29.4,24.1,26.3,8.8,8.8,3.32,11.0,16.27,96,75,Lamongan,-7.1175,112.4154
2020-12-27,30.3,24.3,26.5,10.2,10.2,3.67,13.2,17.82,96,69,Lamongan,-7.1175,112.4154
2020-12-28,30.9,24.7,26.6,24.6,24.6,3.65,17.6,17.5,96,66,Lamongan,-7.1175,112.4154
2020-12-29,30.7,24.5,26.4,22.6,22.6,3.37,13.7,16.23,95,67,Lamongan,-7.1175,112.4154
2020-12-30,29.0,24.2,25.7,35.0,35.0,2.1,11.3,9.73,96,74,Lamongan,-7.1175,112.4154
2020-12-31,29.9,24.0,26.1,7.6,7.6,3.12,11.8,14.84,96,67,Lamongan,-7.1175,112.4154
2021-01-01,29.4,24.0,26.0,10.1,10.1,2.78,12.7,13.7,96,74,Lamongan,-7.1175,112.4154
2021-01-02,29.6,24.6,26.5,5.0,5.0,2.79,8.7,13.19,97,70,Lamongan,-7.1175,112.4154
2021-01-03,30.6,24.5,26.8,8.5,8.5,3.46,10.1,16.58,95,69,Lamongan,-7.1175,112.4154
2021-01-04,29.9,24.4,26.8,5.6,5.6,3.22,10.4,15.22,96,70,Lamongan,-7.1175,112.4154
2021-01-05,29.1,24.2,26.1,33.5,33.5,2.64,15.8,13.01,97,74,Lamongan,-7.1175,112.4154
2021-01-06,29.5,24.6,26.1,37.8,37.8,2.65,14.5,12.86,96,77,Lamongan,-7.1175,112.4154
2021-01-07,29.4,24.2,26.2,10.6,10.6,2.59,15.7,12.24,96,71,Lamongan,-7.1175,112.4154
2021-01-08,29.3,24.3,26.4,2.0,2.0,2.78,9.4,13.16,97,75,Lamongan,-7.1175,112.4154
2021-01-09,30.1,24.5,26.7,10.2,10.2,3.58,10.0,17.31,97,69,Lamongan,-7.1175,112.4154
2021-01-10,29.8,24.7,26.2,15.3,15.3,2.72,15.5,13.29,96,75,Lamongan,-7.1175,112.4154
2021-01-11,28.5,24.9,26.4,21.7,21.7,2.79,12.4,13.73,98,80,Lamongan,-7.1175,112.4154
2021-01-12,29.2,24.9,26.7,13.8,13.8,3.62,10.3,18.13,97,77,Lamongan,-7.1175,112.4154
2021-01-13,30.5,24.5,26.7,11.5,11.5,3.02,13.8,14.03,97,68,Lamongan,-7.1175,112.4154
2021-01-14,30.4,24.9,27.1,0.6,0.6,3.66,20.2,16.08,94,62,Lamongan,-7.1175,112.4154
2021-01-15,29.7,24.5,26.4,19.3,19.3,3.06,17.6,14.27,94,71,Lamongan,-7.1175,112.4154
2021-01-16,29.2,24.5,26.2,3.6,3.6,2.58,14.1,11.7,93,73,Lamongan,-7.1175,112.4154
2021-01-17,29.9,23.9,26.0,9.7,9.7,3.29,20.3,16.38,97,71,Lamongan,-7.1175,112.4154
2021-01-18,28.4,24.2,25.5,29.3,29.3,2.07,16.6,10.25,96,78,Lamongan,-7.1175,112.4154
2021-01-19,27.3,24.0,25.4,14.3,14.3,2.15,19.8,10.58,95,80,Lamongan,-7.1175,112.4154
2021-01-20,30.5,24.0,26.2,12.0,12.0,3.25,15.1,16.07,95,71,Lamongan,-7.1175,112.4154
2021-01-21,31.1,24.6,26.9,13.5,13.5,4.14,16.6,20.36,96,68,Lamongan,-7.1175,112.4154
2021-01-22,30.1,24.1,26.2,14.0,14.0,3.28,14.0,16.29,95,70,Lamongan,-7.1175,112.4154
2021-01-23,29.6,24.2,26.5,3.8,3.8,3.62,11.7,17.97,97,74,Lamongan,-7.1175,112.4154
2021-01-24,29.1,24.2,25.7,32.3,32.3,2.9,17.6,14.6,97,75,Lamongan,-7.1175,112.4154
2021-01-25,28.7,24.2,25.8,5.4,5.4,2.05,10.9,9.18,96,73,Lamongan,-7.1175,112.4154
2021-01-26,31.2,23.1,25.9,21.8,21.8,4.06,13.2,19.21,93,69,Lamongan,-7.1175,112.4154
2021-01-27,28.3,24.2,25.6,16.8,16.8,1.84,13.8,8.55,96,76,Lamongan,-7.1175,112.4154
2021-01-28,29.7,24.2,25.7,9.3,9.3,2.83,20.0,13.99,94,74,Lamongan,-7.1175,112.4154
2021-01-29,28.4,23.9,25.6,13.2,13.2,2.71,21.7,13.58,96,79,Lamongan,-7.1175,112.4154
2021-01-30,26.6,24.0,25.2,10.5,10.5,1.64,17.1,7.88,95,87,Lamongan,-7.1175,112.4154
2021-01-31,28.9,23.5,25.7,7.8,7.8,2.79,16.1,13.87,94,77,Lamongan,-7.1175,112.4154
2021-02-01,30.4,24.1,26.4,6.5,6.5,3.73,17.7,18.77,94,72,Lamongan,-7.1175,112.4154
2021-02-02,29.0,24.2,26.3,7.9,7.9,3.18,22.3,16.52,95,77,Lamongan,-7.1175,112.4154
2021-02-03,29.8,24.5,26.2,6.4,6.4,2.82,25.3,13.08,94,68,Lamongan,-7.1175,112.4154
2021-02-04,28.3,24.1,25.5,17.9,17.9,1.96,16.2,9.49,96,81,Lamongan,-7.1175,112.4154
2021-02-05,28.5,23.8,25.7,13.0,13.0,2.39,19.6,11.97,96,80,Lamongan,-7.1175,112.4154
2021-02-06,28.8,23.8,25.9,7.3,7.3,2.85,21.4,14.27,96,78,Lamongan,-7.1175,112.4154
2021-02-07,29.5,23.8,26.5,3.3,3.3,3.87,23.1,19.4,95,72,Lamongan,-7.1175,112.4154
2021-02-08,29.5,24.1,25.9,13.2,13.2,2.6,20.6,13.12,97,74,Lamongan,-7.1175,112.4154
2021-02-09,28.9,24.0,26.0,9.6,9.6,2.74,16.5,13.8,97,81,Lamongan,-7.1175,112.4154
2021-02-10,29.9,24.0,26.1,18.4,18.4,2.81,17.0,13.67,96,74,Lamongan,-7.1175,112.4154
2021-02-11,28.9,24.1,26.3,7.3,7.3,2.99,15.3,15.05,96,77,Lamongan,-7.1175,112.4154
2021-02-12,30.6,24.5,26.5,15.6,15.6,3.78,18.8,18.93,97,69,Lamongan,-7.1175,112.4154
2021-02-13,29.4,23.8,26.0,12.7,12.7,3.14,20.2,16.03,97,76,Lamongan,-7.1175,112.4154
2021-02-14,29.5,23.9,26.0,13.1,13.1,3.4,16.1,16.89,97,73,Lamongan,-7.1175,112.4154
2021-02-15,28.6,23.6,26.1,12.3,12.3,3.53,16.2,18.0,96,78,Lamongan,-7.1175,112.4154
2021-02-16,29.9,24.1,26.4,14.6,14.6,4.09,13.8,20.72,97,72,Lamongan,-7.1175,112.4154
2021-02-17,30.2,24.1,26.0,13.3,13.3,3.31,15.0,16.83,96,74,Lamongan,-7.1175,112.4154
2021-02-18,29.8,23.6,26.0,12.7,12.7,3.74,21.4,18.59,96,69,Lamongan,-7.1175,112.4154
2021-02-19,27.9,23.9,25.5,12.2,12.2,2.7,22.2,14.04,96,80,Lamongan,-7.1175,112.4154
2021-02-20,28.5,23.6,25.8,9.1,9.1,3.18,17.5,15.93,95,75,Lamongan,-7.1175,112.4154
2021-02-21,31.0,23.5,26.6,4.3,4.3,4.03,16.2,19.88,94,66,Lamongan,-7.1175,112.4154
2021-02-22,30.3,23.9,26.3,7.1,7.1,3.47,14.8,16.65,96,69,Lamongan,-7.1175,112.4154
2021-02-23,31.1,24.4,26.6,10.2,10.2,4.24,17.0,20.96,95,63,Lamongan,-7.1175,112.4154
2021-02-24,29.0,24.4,26.2,7.6,7.6,3.04,23.0,14.37,95,75,Lamongan,-7.1175,112.4154
2021-02-25,28.5,24.5,25.8,10.4,10.4,3.28,19.6,17.33,97,78,Lamongan,-7.1175,112.4154
2021-02-26,29.8,24.0,26.1,9.1,9.1,3.47,18.2,17.87,97,75,Lamongan,-7.1175,112.4154
2021-02-27,31.1,24.6,26.7,15.8,15.8,3.88,12.0,18.83,97,65,Lamongan,-7.1175,112.4154
2021-02-28,30.2,24.2,26.6,3.7,3.7,3.16,13.4,15.22,98,70,Lamongan,-7.1175,112.4154
2021-03-01,30.9,24.1,26.9,14.1,14.1,4.11,8.3,20.1,100,65,Lamongan,-7.1175,112.4154
2021-03-02,30.0,24.0,26.4,13.9,13.9,3.63,14.5,18.06,98,72,Lamongan,-7.1175,112.4154
2021-03-03,30.4,23.5,26.6,2.2,2.2,3.75,16.8,17.67,99,68,Lamongan,-7.1175,112.4154
2021-03-04,30.3,23.8,26.3,8.0,8.0,3.59,14.3,17.64,98,71,Lamongan,-7.1175,112.4154
2021-03-05,31.1,24.1,27.1,3.7,3.7,4.62,6.6,22.4,95,60,Lamongan,-7.1175,112.4154
2021-03-06,28.9,23.8,26.0,10.4,10.4,3.14,12.5,15.49,96,74,Lamongan,-7.1175,112.4154
2021-03-07,29.1,24.1,26.0,9.2,9.2,3.28,20.1,16.7,98,74,Lamongan,-7.1175,112.4154
2021-03-08,29.2,23.7,26.0,14.0,14.0,2.9,13.4,14.39,97,76,Lamongan,-7.1175,112.4154
2021-03-09,29.4,24.0,26.4,6.2,6.2,2.84,15.2,13.47,94,70,Lamongan,-7.1175,112.4154
2021-03-10,28.2,23.9,25.9,4.5,4.5,2.76,15.3,13.73,95,81,Lamongan,-7.1175,112.4154
2021-03-11,29.5,24.2,26.0,17.9,17.9,2.97,15.4,14.79,96,78,Lamongan,-7.1175,112.4154
2021-03-12,30.5,23.2,26.0,7.8,7.8,3.99,13.9,19.85,98,70,Lamongan,-7.1175,112.4154
2021-03-13,31.0,23.6,26.4,8.5,8.5,4.43,13.4,22.15,97,66,Lamongan,-7.1175,112.4154
2021-03-14,30.6,23.5,26.4,8.1,8.1,4.14,14.2,20.41,97,66,Lamongan,-7.1175,112.4154
2021-03-15,29.5,23.8,26.6,11.8,11.8,4.27,11.3,21.61,94,74,Lamongan,-7.1175,112.4154
2021-03-16,29.4,24.4,26.8,2.7,2.7,3.57,7.7,17.73,98,77,Lamongan,-7.1175,112.4154
2021-03-17,30.8,23.9,27.2,2.1,2.1,4.7,8.9,23.09,98,66,Lamongan,-7.1175,112.4154
2021-03-18,30.7,24.3,27.1,2.2,2.2,4.34,14.7,20.96,100,72,Lamongan,-7.1175,112.4154
2021-03-19,31.6,24.0,27.0,8.6,8.6,4.41,18.2,21.74,97,68,Lamongan,-7.1175,112.4154
2021-03-20,30.7,24.6,27.0,3.5,3.5,3.69,22.1,18.19,97,71,Lamongan,-7.1175,112.4154
2021-03-21,31.0,24.5,27.2,6.4,6.4,4.41,17.0,21.88,96,63,Lamongan,-7.1175,112.4154
2021-03-22,30.5,24.8,26.9,8.0,8.0,3.5,14.8,17.17,97,68,Lamongan,-7.1175,112.4154
2021-03-23,30.5,25.0,27.0,12.3,12.3,4.05,11.6,19.84,97,71,Lamongan,-7.1175,112.4154
2021-03-24,30.7,24.4,27.4,6.1,6.1,4.42,7.9,21.44,96,64,Lamongan,-7.1175,112.4154
2021-03-25,30.4,24.1,27.1,10.4,10.4,4.02,8.9,19.73,97,68,Lamongan,-7.1175,112.4154
2021-03-26,30.5,24.3,27.0,7.8,7.8,3.98,8.6,19.54,99,72,Lamongan,-7.1175,112.4154
2021-03-27,29.6,24.6,26.9,11.2,11.2,3.44,12.3,17.24,98,78,Lamongan,-7.1175,112.4154
2021-03-28,31.8,24.0,26.8,31.1,31.1,4.32,11.2,21.25,98,66,Lamongan,-7.1175,112.4154
2021-03-29,30.5,24.4,27.2,3.2,3.2,3.6,8.2,17.64,99,72,Lamongan,-7.1175,112.4154
2021-03-30,28.8,24.8,26.3,9.7,9.7,2.26,8.5,10.82,98,79,Lamongan,-7.1175,112.4154
2021-03-31,31.0,24.1,26.9,10.6,10.6,3.8,10.8,18.72,97,70,Lamongan,-7.1175,112.4154
2021-04-01,30.1,24.8,26.8,13.5,13.5,3.36,18.6,16.38,97,73,Lamongan,-7.1175,112.4154
2021-04-02,30.0,24.5,27.3,0.2,0.2,2.5,11.3,11.27,96,70,Lamongan,-7.1175,112.4154
2021-04-03,32.2,24.4,27.8,1.9,1.9,4.81,13.5,23.17,96,63,Lamongan,-7.1175,112.4154
2021-04-04,31.5,24.4,27.2,13.2,13.2,3.88,12.1,18.35,96,65,Lamongan,-7.1175,112.4154
2021-04-05,31.9,24.2,27.5,4.9,4.9,3.93,12.6,19.32,96,67,Lamongan,-7.1175,112.4154
2021-04-06,29.9,25.5,27.1,15.4,15.4,2.82,20.4,13.79,95,74,Lamongan,-7.1175,112.4154
2021-04-07,28.3,24.4,26.1,13.4,13.4,1.82,13.1,8.27,98,80,Lamongan,-7.1175,112.4154
2021-04-08,31.0,24.2,26.7,9.7,9.7,3.31,16.0,16.25,96,75,Lamongan,-7.1175,112.4154
2021-04-09,30.9,24.3,27.2,8.9,8.9,4.03,10.2,19.81,96,71,Lamongan,-7.1175,112.4154
2021-04-10,29.6,24.4,26.9,8.7,8.7,3.54,9.7,17.68,96,75,Lamongan,-7.1175,112.4154
2021-04-11,31.3,24.1,27.4,9.0,9.0,4.67,9.1,23.0,96,63,Lamongan,-7.1175,112.4154
2021-04-12,31.5,24.4,27.3,8.7,8.7,4.05,9.2,19.99,97,66,Lamongan,-7.1175,112.4154
2021-04-13,30.7,24.5,26.8,8.2,8.2,4.11,10.7,20.55,99,67,Lamongan,-7.1175,112.4154
2021-04-14,30.2,24.0,26.9,4.5,4.5,3.95,9.3,19.75,97,73,Lamongan,-7.1175,112.4154
2021-04-15,30.4,23.6,27.0,1.3,1.3,4.31,10.7,21.38,97,66,Lamongan,-7.1175,112.4154
2021-04-16,31.1,23.3,27.5,0.2,0.2,4.46,8.2,21.65,98,59,Lamongan,-7.1175,112.4154
2021-04-17,31.0,24.6,27.7,0.4,0.4,4.47,9.1,21.63,97,61,Lamongan,-7.1175,112.4154
2021-04-18,31.2,24.5,27.3,1.8,1.8,4.14,11.1,19.97,96,61,Lamongan,-7.1175,112.4154
2021-04-19,31.5,24.0,27.7,0.2,0.2,4.8,9.5,23.05,97,51,Lamongan,-7.1175,112.4154
2021-04-20,31.5,23.9,27.7,0.2,0.2,4.92,9.0,23.25,94,51,Lamongan,-7.1175,112.4154
2021-04-21,31.4,22.7,27.2,0.0,0.0,5.1,10.1,24.22,93,48,Lamongan,-7.1175,112.4154
2021-04-22,31.0,23.2,27.2,0.2,0.2,4.91,10.0,23.52,90,51,Lamongan,-7.1175,112.4154
2021-04-23,30.9,23.4,27.4,0.6,0.6,4.58,7.7,22.37,94,56,Lamongan,-7.1175,112.4154
2021-04-24,31.3,23.9,27.9,0.5,0.5,4.79,10.7,22.51,94,54,Lamongan,-7.1175,112.4154
2021-04-25,31.4,25.1,27.6,1.6,1.6,3.85,12.0,18.11,91,59,Lamongan,-7.1175,112.4154
2021-04-26,31.6,24.3,28.0,0.0,0.0,4.89,15.3,22.58,88,55,Lamongan,-7.1175,112.4154
2021-04-27,32.0,24.4,28.3,0.1,0.1,4.97,16.0,22.39,92,51,Lamongan,-7.1175,112.4154
2021-04-28,30.6,24.8,27.3,3.0,3.0,3.59,12.1,17.09,97,62,Lamongan,-7.1175,112.4154
2021-04-29,31.3,25.1,27.9,0.6,0.6,4.53,13.2,21.42,95,60,Lamongan,-7.1175,112.4154
2021-04-30,31.5,25.1,28.0,0.7,0.7,4.22,12.1,20.14,91,62,Lamongan,-7.1175,112.4154
2021-05-01,31.6,24.7,28.0,0.3,0.3,4.29,13.0,20.32,99,62,Lamongan,-7.1175,112.4154
2021-05-02,31.4,25.9,28.0,3.0,3.0,4.1,18.7,19.3,93,63,Lamongan,-7.1175,112.4154
2021-05-03,31.6,25.9,28.4,0.8,0.8,4.43,18.4,19.78,92,58,Lamongan,-7.1175,112.4154
2021-05-04,31.0,26.5,28.3,0.8,0.8,3.87,15.1,17.5,89,65,Lamongan,-7.1175,112.4154
2021-05-05,32.7,25.2,28.7,0.0,0.0,4.73,13.5,21.44,95,53,Lamongan,-7.1175,112.4154
2021-05-06,32.5,24.2,28.6,1.6,1.6,4.34,7.7,20.09,94,52,Lamongan,-7.1175,112.4154
2021-05-07,31.1,24.9,27.9,3.2,3.2,3.67,11.9,17.2,95,65,Lamongan,-7.1175,112.4154
2021-05-08,30.5,25.2,27.6,3.6,3.6,3.38,9.7,16.23,97,63,Lamongan,-7.1175,112.4154
2021-05-09,32.3,23.4,27.8,0.0,0.0,4.6,11.3,20.81,91,51,Lamongan,-7.1175,112.4154
2021-05-10,32.7,25.1,28.7,0.4,0.4,5.11,16.5,22.27,97,47,Lamongan,-7.1175,112.4154
2021-05-11,33.0,25.0,28.9,0.0,0.0,5.17,15.1,22.09,89,50,Lamongan,-7.1175,112.4154
2021-05-12,33.0,25.2,29.0,0.0,0.0,5.43,19.6,22.41,87,47,Lamongan,-7.1175,112.4154
2021-05-13,32.5,24.4,28.6,0.0,0.0,5.02,21.0,20.83,90,47,Lamongan,-7.1175,112.4154
2021-05-14,33.5,24.7,29.1,0.0,0.0,5.24,18.6,22.09,88,43,Lamongan,-7.1175,112.4154
2021-05-15,32.7,25.0,28.7,0.9,0.9,4.61,14.0,20.48,92,53,Lamongan,-7.1175,112.4154
2021-05-16,32.8,24.5,28.7,0.0,0.0,4.88,16.5,21.17,91,50,Lamongan,-7.1175,112.4154
2021-05-17,32.7,23.8,28.6,0.4,0.4,4.75,12.7,20.51,93,47,Lamongan,-7.1175,112.4154
2021-05-18,33.2,25.4,29.2,0.1,0.1,4.68,16.1,20.14,87,43,Lamongan,-7.1175,112.4154
2021-05-19,31.1,25.9,28.1,1.8,1.8,3.29,12.6,15.02,90,63,Lamongan,-7.1175,112.4154
2021-05-20,33.0,24.8,28.3,0.8,0.8,4.17,14.3,18.88,94,49,Lamongan,-7.1175,112.4154
2021-05-21,32.6,25.1,28.7,0.4,0.4,4.15,10.2,18.51,93,50,Lamongan,-7.1175,112.4154
2021-05-22,32.5,25.2,28.7,0.2,0.2,3.95,7.8,17.95,93,54,Lamongan,-7.1175,112.4154
2021-05-23,32.0,25.1,28.5,1.2,1.2,3.91,12.7,17.24,93,54,Lamongan,-7.1175,112.4154
2021-05-24,31.9,26.0,28.8,1.1,1.1,4.16,14.8,18.0,92,54,Lamongan,-7.1175,112.4154
2021-05-25,32.3,26.2,28.9,0.6,0.6,4.13,13.7,17.63,86,58,Lamongan,-7.1175,112.4154
2021-05-26,32.2,26.1,28.9,1.3,1.3,4.39,20.2,18.16,91,58,Lamongan,-7.1175,112.4154
2021-05-27,32.5,26.5,29.3,1.3,1.3,4.56,23.3,18.4,91,56,Lamongan,-7.1175,112.4154
2021-05-28,31.8,25.8,28.7,2.4,2.4,4.09,19.8,16.57,96,58,Lamongan,-7.1175,112.4154
2021-05-29,32.9,25.4,28.5,4.1,4.1,4.21,16.5,18.76,92,53,Lamongan,-7.1175,112.4154
2021-05-30,31.7,24.6,27.8,0.9,0.9,3.46,11.4,15.69,95,58,Lamongan,-7.1175,112.4154
2021-05-31,31.5,25.1,27.6,5.1,5.1,3.4,10.9,15.8,93,60,Lamongan,-7.1175,112.4154
2021-06-01,31.6,24.8,27.8,1.4,1.4,3.72,12.2,17.27,96,61,Lamongan,-7.1175,112.4154
2021-06-02,31.9,25.7,28.4,2.0,2.0,4.09,16.7,18.0,94,60,Lamongan,-7.1175,112.4154
2021-06-03,32.3,25.7,28.8,0.2,0.2,4.55,16.9,19.92,91,58,Lamongan,-7.1175,112.4154
2021-06-04,32.5,26.2,28.9,2.0,2.0,4.46,20.4,19.12,91,57,Lamongan,-7.1175,112.4154
2021-06-05,32.3,25.8,28.8,0.2,0.2,4.55,18.4,19.58,94,57,Lamongan,-7.1175,112.4154
2021-06-06,33.7,25.3,29.1,0.0,0.0,4.77,14.9,20.57,93,43,Lamongan,-7.1175,112.4154
2021-06-07,32.3,25.2,28.6,4.4,4.4,4.0,11.7,17.86,97,54,Lamongan,-7.1175,112.4154
2021-06-08,32.7,24.2,28.5,0.2,0.2,4.47,11.0,19.89,95,48,Lamongan,-7.1175,112.4154
2021-06-09,31.8,25.1,28.2,0.8,0.8,3.78,13.4,16.84,90,56,Lamongan,-7.1175,112.4154
2021-06-10,32.0,25.0,28.4,0.8,0.8,3.91,13.6,16.82,97,55,Lamongan,-7.1175,112.4154
2021-06-11,32.8,25.7,28.6,0.6,0.6,4.3,17.5,18.58,93,53,Lamongan,-7.1175,112.4154
2021-06-12,31.5,24.6,28.0,0.8,0.8,4.07,17.0,17.9,96,58,Lamongan,-7.1175,112.4154
2021-06-13,32.4,25.2,28.7,0.6,0.6,4.71,16.7,20.37,94,53,Lamongan,-7.1175,112.4154
2021-06-14,30.7,25.9,27.6,4.4,4.4,3.39,14.1,15.29,92,64,Lamongan,-7.1175,112.4154
2021-06-15,30.1,24.8,26.7,33.2,33.2,3.13,15.9,14.86,96,69,Lamongan,-7.1175,112.4154
2021-06-16,31.5,24.8,27.1,9.0,9.0,3.6,17.1,17.27,96,62,Lamongan,-7.1175,112.4154
2021-06-17,29.6,24.8,26.8,4.5,4.5,2.87,8.1,13.78,95,71,Lamongan,-7.1175,112.4154
2021-06-18,30.5,24.8,27.2,3.0,3.0,3.29,10.6,15.58,94,65,Lamongan,-7.1175,112.4154
2021-06-19,29.0,24.8,26.3,12.8,12.8,2.62,9.0,12.81,94,75,Lamongan,-7.1175,112.4154
2021-06-20,30.0,23.5,26.4,4.4,4.4,3.06,13.5,14.91,97,66,Lamongan,-7.1175,112.4154
2021-06-21,29.2,23.6,26.3,11.1,11.1,2.94,8.7,14.56,96,70,Lamongan,-7.1175,112.4154
2021-06-22,31.1,24.0,27.4,0.7,0.7,4.01,15.5,18.95,99,58,Lamongan,-7.1175,112.4154
2021-06-23,28.5,24.5,26.7,11.1,11.1,2.52,14.8,12.26,95,76,Lamongan,-7.1175,112.4154
2021-06-24,29.1,24.5,26.4,20.4,20.4,3.01,13.1,15.05,94,74,Lamongan,-7.1175,112.4154
2021-06-25,30.3,24.1,27.0,5.1,5.1,3.54,16.3,17.15,96,67,Lamongan,-7.1175,112.4154
2021-06-26,30.3,24.8,27.5,7.1,7.1,3.52,12.2,17.37,94,68,Lamongan,-7.1175,112.4154
2021-06-27,31.4,24.5,28.0,0.1,0.1,3.96,12.3,18.39,96,61,Lamongan,-7.1175,112.4154
2021-06-28,29.0,25.0,26.8,7.4,7.4,2.8,15.5,13.65,94,72,Lamongan,-7.1175,112.4154
2021-06-29,30.9,24.1,27.1,1.0,1.0,3.51,17.7,16.69,94,63,Lamongan,-7.1175,112.4154
2021-06-30,31.1,24.6,27.8,0.4,0.4,4.07,15.5,18.51,95,57,Lamongan,-7.1175,112.4154
2021-07-01,32.1,24.3,28.0,0.1,0.1,4.52,15.5,20.33,94,45,Lamongan,-7.1175,112.4154
2021-07-02,31.5,24.2,27.9,0.0,0.0,4.33,9.9,20.01,95,47,Lamongan,-7.1175,112.4154
2021-07-03,32.1,23.5,28.1,0.0,0.0,4.44,14.8,18.95,94,50,Lamongan,-7.1175,112.4154
2021-07-04,32.7,23.5,28.4,0.0,0.0,4.83,18.5,20.04,93,45,Lamongan,-7.1175,112.4154
2021-07-05,32.6,23.8,28.2,0.2,0.2,5.08,24.5,19.61,90,42,Lamongan,-7.1175,112.4154
2021-07-06,31.8,22.4,27.1,0.0,0.0,5.13,17.3,21.01,84,34,Lamongan,-7.1175,112.4154
2021-07-07,33.0,21.8,27.8,0.1,0.1,5.28,16.3,21.18,87,36,Lamongan,-7.1175,112.4154
2021-07-08,31.7,25.0,28.2,0.1,0.1,3.89,16.6,14.57,79,48,Lamongan,-7.1175,112.4154
2021-07-09,31.8,25.5,28.1,1.6,1.6,4.13,14.7,17.5,88,55,Lamongan,-7.1175,112.4154
2021-07-10,31.0,25.2,28.1,4.0,4.0,4.11,22.3,16.53,93,60,Lamongan,-7.1175,112.4154
2021-07-11,33.0,26.2,29.2,0.1,0.1,5.3,25.0,19.84,87,49,Lamongan,-7.1175,112.4154
2021-07-12,33.0,25.0,28.4,0.0,0.0,4.87,19.5,20.21,93,48,Lamongan,-7.1175,112.4154
2021-07-13,33.8,23.5,28.3,0.0,0.0,5.28,20.6,21.4,97,38,Lamongan,-7.1175,112.4154
2021-07-14,33.4,24.9,28.4,0.0,0.0,5.15,16.8,20.93,86,30,Lamongan,-7.1175,112.4154
2021-07-15,33.5,23.8,28.3,0.0,0.0,5.51,23.4,20.34,88,32,Lamongan,-7.1175,112.4154
2021-07-16,32.1,23.5,27.6,0.0,0.0,4.05,18.6,14.86,81,33,Lamongan,-7.1175,112.4154
2021-07-17,32.9,23.1,28.1,0.0,0.0,4.65,21.3,17.69,86,42,Lamongan,-7.1175,112.4154
2021-07-18,33.7,24.5,29.0,0.0,0.0,5.27,18.8,20.29,79,42,Lamongan,-7.1175,112.4154
2021-07-19,32.8,24.5,28.7,0.3,0.3,5.06,18.8,20.83,86,44,Lamongan,-7.1175,112.4154
2021-07-20,33.2,24.7,28.8,0.0,0.0,5.33,18.0,21.21,93,43,Lamongan,-7.1175,112.4154
2021-07-21,33.3,24.9,29.0,0.0,0.0,5.12,15.7,20.36,81,44,Lamongan,-7.1175,112.4154
2021-07-22,31.2,26.0,28.2,0.0,0.0,2.9,15.6,9.74,82,50,Lamongan,-7.1175,112.4154
2021-07-23,33.5,26.0,29.2,0.2,0.2,5.24,18.3,20.52,87,41,Lamongan,-7.1175,112.4154
2021-07-24,34.1,23.8,28.2,0.0,0.0,5.42,20.6,22.31,87,29,Lamongan,-7.1175,112.4154
2021-07-25,33.8,21.9,27.6,0.0,0.0,5.83,23.7,22.83,91,35,Lamongan,-7.1175,112.4154
2021-07-26,33.2,20.9,27.0,0.0,0.0,5.44,17.0,22.72,91,42,Lamongan,-7.1175,112.4154
2021-07-27,33.4,21.0,27.0,0.0,0.0,5.65,23.5,22.68,96,28,Lamongan,-7.1175,112.4154
2021-07-28,33.1,22.5,27.6,0.0,0.0,5.44,22.0,22.12,93,35,Lamongan,-7.1175,112.4154
2021-07-29,33.9,22.7,28.0,0.0,0.0,5.35,20.8,22.36,90,34,Lamongan,-7.1175,112.4154
2021-07-30,33.5,23.8,28.5,0.0,0.0,4.93,14.7,20.61,89,44,Lamongan,-7.1175,112.4154
2021-07-31,34.0,23.9,28.6,0.4,0.4,5.1,15.5,21.62,89,39,Lamongan,-7.1175,112.4154
2021-08-01,33.3,23.8,28.5,0.0,0.0,5.19,19.1,21.59,89,42,Lamongan,-7.1175,112.4154
2021-08-02,33.7,24.5,28.5,1.0,1.0,4.86,16.4,20.33,89,41,Lamongan,-7.1175,112.4154
2021-08-03,33.2,24.6,28.5,0.6,0.6,4.82,19.0,20.52,88,47,Lamongan,-7.1175,112.4154
2021-08-04,32.6,24.5,28.7,0.1,0.1,4.97,21.0,19.56,90,49,Lamongan,-7.1175,112.4154
2021-08-05,32.6,23.8,28.5,0.0,0.0,5.15,19.1,20.34,93,41,Lamongan,-7.1175,112.4154
2021-08-06,33.7,25.1,29.1,0.0,0.0,5.55,21.5,21.12,87,45,Lamongan,-7.1175,112.4154
2021-08-07,32.3,26.4,28.7,0.8,0.8,4.83,21.3,19.24,87,54,Lamongan,-7.1175,112.4154
2021-08-08,32.5,25.9,28.7,2.1,2.1,4.96,21.6,20.3,87,54,Lamongan,-7.1175,112.4154
2021-08-09,32.0,25.3,27.9,1.5,1.5,4.39,21.3,18.52,90,54,Lamongan,-7.1175,112.4154
2021-08-10,33.4,25.0,28.5,0.1,0.1,5.22,23.4,20.13,90,41,Lamongan,-7.1175,112.4154
2021-08-11,33.3,23.0,28.0,0.0,0.0,6.05,25.2,23.47,86,34,Lamongan,-7.1175,112.4154
2021-08-12,34.3,23.2,28.7,0.0,0.0,5.56,22.6,21.92,85,37,Lamongan,-7.1175,112.4154
2021-08-13,33.8,25.0,28.6,3.0,3.0,5.33,15.8,22.08,92,43,Lamongan,-7.1175,112.4154
2021-08-14,33.5,23.5,28.2,0.0,0.0,5.4,24.1,22.0,94,43,Lamongan,-7.1175,112.4154
2021-08-15,33.6,24.3,29.0,0.0,0.0,5.96,24.3,23.19,90,39,Lamongan,-7.1175,112.4154
2021-08-16,33.6,24.5,29.0,0.1,0.1,5.95,24.2,22.62,91,40,Lamongan,-7.1175,112.4154
2021-08-17,34.5,24.3,29.0,0.0,0.0,5.76,23.4,22.93,83,33,Lamongan,-7.1175,112.4154
2021-08-18,32.5,24.5,28.6,0.9,0.9,4.67,14.4,20.29,86,49,Lamongan,-7.1175,112.4154
2021-08-19,32.8,24.7,28.3,0.9,0.9,4.71,14.7,19.31,84,47,Lamongan,-7.1175,112.4154
2021-08-20,33.6,24.1,28.1,1.4,1.4,4.98,18.2,20.98,83,43,Lamongan,-7.1175,112.4154
2021-08-21,32.8,23.9,28.3,2.6,2.6,4.85,15.6,21.28,94,47,Lamongan,-7.1175,112.4154
2021-08-22,33.8,24.2,28.4,0.0,0.0,5.32,18.2,22.45,86,42,Lamongan,-7.1175,112.4154
2021-08-23,34.0,24.0,28.8,0.0,0.0,6.1,23.9,23.26,88,33,Lamongan,-7.1175,112.4154
2021-08-24,33.7,23.5,28.4,0.0,0.0,5.7,21.6,23.41,88,37,Lamongan,-7.1175,112.4154
2021-08-25,34.2,23.4,28.4,0.0,0.0,6.01,20.9,24.26,86,34,Lamongan,-7.1175,112.4154
2021-08-26,33.8,23.0,28.1,0.0,0.0,6.01,22.5,24.52,85,28,Lamongan,-7.1175,112.4154
2021-08-27,34.9,22.5,28.6,0.0,0.0,6.03,21.9,24.31,87,30,Lamongan,-7.1175,112.4154
2021-08-28,33.8,24.5,28.6,0.0,0.0,5.67,22.0,22.32,81,39,Lamongan,-7.1175,112.4154
2021-08-29,34.7,24.9,29.6,0.5,0.5,6.09,26.3,22.97,81,37,Lamongan,-7.1175,112.4154
2021-08-30,34.5,25.0,29.2,0.0,0.0,5.73,22.0,22.32,82,39,Lamongan,-7.1175,112.4154
2021-08-31,34.2,24.8,29.3,0.0,0.0,5.98,21.3,23.5,82,38,Lamongan,-7.1175,112.4154
2021-09-01,34.8,24.0,29.1,0.0,0.0,5.93,19.9,24.48,87,32,Lamongan,-7.1175,112.4154
2021-09-02,34.8,24.4,29.1,0.0,0.0,6.4,22.7,24.57,79,29,Lamongan,-7.1175,112.4154
2021-09-03,35.1,24.0,29.0,0.0,0.0,6.0,14.3,23.61,79,33,Lamongan,-7.1175,112.4154
2021-09-04,35.0,24.5,29.5,0.8,0.8,5.74,14.4,23.02,78,35,Lamongan,-7.1175,112.4154
2021-09-05,34.2,25.2,29.4,0.0,0.0,5.92,19.6,21.91,76,37,Lamongan,-7.1175,112.4154
2021-09-06,34.0,24.7,29.0,0.0,0.0,5.85,21.6,23.44,79,37,Lamongan,-7.1175,112.4154
2021-09-07,35.2,25.6,29.9,0.6,0.6,5.69,15.1,23.17,85,36,Lamongan,-7.1175,112.4154
2021-09-08,33.6,25.4,29.2,0.4,0.4,5.79,19.5,22.46,80,41,Lamongan,-7.1175,112.4154
2021-09-09,34.3,24.5,29.0,0.0,0.0,6.61,24.3,24.8,79,31,Lamongan,-7.1175,112.4154
2021-09-10,35.2,24.4,29.7,0.0,0.0,6.63,27.4,24.2,84,34,Lamongan,-7.1175,112.4154
2021-09-11,33.2,25.6,28.5,6.6,6.6,4.7,21.4,18.77,90,46,Lamongan,-7.1175,112.4154
2021-09-12,30.5,25.1,27.3,2.3,2.3,2.6,14.9,9.5,94,61,Lamongan,-7.1175,112.4154
2021-09-13,31.4,25.6,27.8,1.9,1.9,3.39,16.8,13.1,90,57,Lamongan,-7.1175,112.4154
2021-09-14,31.6,25.2,27.9,9.6,9.6,4.55,15.2,20.8,93,59,Lamongan,-7.1175,112.4154
2021-09-15,33.0,24.2,28.1,2.3,2.3,5.23,17.3,23.82,95,50,Lamongan,-7.1175,112.4154
2021-09-16,33.3,24.8,28.8,0.0,0.0,5.42,14.2,23.76,92,45,Lamongan,-7.1175,112.4154
2021-09-17,34.4,24.2,29.1,0.0,0.0,6.32,26.1,24.67,91,39,Lamongan,-7.1175,112.4154
2021-09-18,34.2,24.0,28.9,0.0,0.0,6.49,27.2,25.19,91,35,Lamongan,-7.1175,112.4154
2021-09-19,34.6,24.1,29.0,0.0,0.0,6.5,23.8,25.34,90,31,Lamongan,-7.1175,112.4154
2021-09-20,34.3,23.3,29.0,0.0,0.0,6.55,23.9,24.84,87,32,Lamongan,-7.1175,112.4154
2021-09-21,32.9,25.1,28.7,0.0,0.0,4.7,23.0,18.02,80,47,Lamongan,-7.1175,112.4154
2021-09-22,32.5,25.9,28.3,2.0,2.0,4.2,21.0,17.19,84,50,Lamongan,-7.1175,112.4154
2021-09-23,33.5,26.0,29.2,0.8,0.8,5.57,21.3,22.28,85,46,Lamongan,-7.1175,112.4154
2021-09-24,30.5,25.2,28.0,1.2,1.2,3.77,16.4,15.67,87,59,Lamongan,-7.1175,112.4154
2021-09-25,32.3,26.2,28.8,3.3,3.3,5.27,16.1,22.01,85,53,Lamongan,-7.1175,112.4154
2021-09-26,32.9,25.1,28.1,7.5,7.5,4.67,16.6,21.0,93,49,Lamongan,-7.1175,112.4154
2021-09-27,33.3,24.2,28.5,0.5,0.5,5.43,19.0,22.73,97,44,Lamongan,-7.1175,112.4154
2021-09-28,33.6,24.2,28.8,0.0,0.0,5.99,19.1,25.15,83,43,Lamongan,-7.1175,112.4154
2021-09-29,34.5,23.4,28.9,0.0,0.0,6.39,19.8,25.87,86,39,Lamongan,-7.1175,112.4154
2021-09-30,34.3,24.5,29.3,0.0,0.0,6.13,17.9,24.55,88,39,Lamongan,-7.1175,112.4154
2021-10-01,35.8,24.5,29.9,0.2,0.2,6.13,16.6,24.98,87,31,Lamongan,-7.1175,112.4154
2021-10-02,33.4,24.5,29.1,0.0,0.0,5.46,16.3,21.82,81,44,Lamongan,-7.1175,112.4154
2021-10-03,35.0,25.2,29.4,0.1,0.1,5.75,13.1,23.66,79,37,Lamongan,-7.1175,112.4154
2021-10-04,33.8,25.5,28.4,11.3,11.3,4.9,13.5,21.8,87,45,Lamongan,-7.1175,112.4154
2021-10-05,33.1,24.5,28.3,3.2,3.2,4.84,11.5,21.51,83,47,Lamongan,-7.1175,112.4154
2021-10-06,31.6,24.6,27.8,1.5,1.5,4.13,12.9,17.19,79,54,Lamongan,-7.1175,112.4154
2021-10-07,33.5,24.1,28.6,0.4,0.4,5.75,11.5,25.12,80,44,Lamongan,-7.1175,112.4154
2021-10-08,34.8,23.5,29.0,0.1,0.1,6.28,17.5,26.15,84,35,Lamongan,-7.1175,112.4154
2021-10-09,35.5,23.8,29.2,0.0,0.0,6.49,21.6,26.14,84,32,Lamongan,-7.1175,112.4154
2021-10-10,35.5,24.1,29.6,0.0,0.0,6.53,21.8,26.46,88,34,Lamongan,-7.1175,112.4154
2021-10-11,36.0,24.8,29.9,0.0,0.0,6.08,17.0,23.65,82,37,Lamongan,-7.1175,112.4154
2021-10-12,35.3,24.8,29.7,0.0,0.0,6.98,25.2,26.11,81,28,Lamongan,-7.1175,112.4154
2021-10-13,35.5,24.4,29.7,0.0,0.0,6.79,21.7,26.11,80,32,Lamongan,-7.1175,112.4154
2021-10-14,35.4,24.8,29.6,0.0,0.0,6.24,18.8,24.87,78,31,Lamongan,-7.1175,112.4154
2021-10-15,35.0,24.9,29.7,0.0,0.0,6.31,18.4,25.5,78,40,Lamongan,-7.1175,112.4154
2021-10-16,34.8,26.0,30.2,0.0,0.0,6.17,17.6,24.94,79,43,Lamongan,-7.1175,112.4154
2021-10-17,34.8,25.9,29.6,3.0,3.0,5.5,16.6,23.48,81,43,Lamongan,-7.1175,112.4154
2021-10-18,32.5,26.5,28.6,7.5,7.5,4.6,15.8,20.82,86,58,Lamongan,-7.1175,112.4154
2021-10-19,35.0,25.3,28.7,5.1,5.1,4.66,17.7,20.76,92,45,Lamongan,-7.1175,112.4154
2021-10-20,34.2,25.4,29.4,1.2,1.2,5.52,14.3,24.02,86,46,Lamongan,-7.1175,112.4154
2021-10-21,35.2,24.8,29.4,1.5,1.5,5.59,14.6,24.14,91,42,Lamongan,-7.1175,112.4154
2021-10-22,35.0,24.6,29.2,9.1,9.1,5.71,13.5,24.0,91,40,Lamongan,-7.1175,112.4154
2021-10-23,35.8,24.8,29.6,1.2,1.2,5.75,15.2,24.72,92,41,Lamongan,-7.1175,112.4154
2021-10-24,35.7,24.8,29.2,0.9,0.9,5.87,17.4,24.87,92,43,Lamongan,-7.1175,112.4154
2021-10-25,35.8,25.5,30.0,0.0,0.0,5.97,13.1,24.91,87,39,Lamongan,-7.1175,112.4154
2021-10-26,35.6,25.5,29.3,0.7,0.7,5.97,19.8,24.7,89,37,Lamongan,-7.1175,112.4154
2021-10-27,31.5,25.0,27.8,18.4,18.4,3.78,15.8,17.15,95,63,Lamongan,-7.1175,112.4154
2021-10-28,33.2,25.0,28.3,4.9,4.9,4.72,16.3,21.78,94,52,Lamongan,-7.1175,112.4154
2021-10-29,34.2,24.9,28.3,6.8,6.8,4.74,14.7,21.52,95,50,Lamongan,-7.1175,112.4154
2021-10-30,32.6,24.4,27.8,4.7,4.7,4.24,20.8,19.66,94,57,Lamongan,-7.1175,112.4154
2021-10-31,30.6,24.8,27.5,8.5,8.5,4.29,13.6,20.5,94,64,Lamongan,-7.1175,112.4154
2021-11-01,30.8,24.0,27.1,16.2,16.2,4.08,16.4,19.78,95,67,Lamongan,-7.1175,112.4154
2021-11-02,32.0,24.5,27.0,18.3,18.3,4.07,11.7,19.74,94,61,Lamongan,-7.1175,112.4154
2021-11-03,32.0,24.5,27.5,3.0,3.0,4.3,12.5,19.73,97,58,Lamongan,-7.1175,112.4154
2021-11-04,33.0,24.4,27.6,8.0,8.0,4.39,19.3,19.97,96,53,Lamongan,-7.1175,112.4154
2021-11-05,29.5,24.9,26.5,7.7,7.7,3.06,13.7,15.03,96,74,Lamongan,-7.1175,112.4154
2021-11-06,30.8,24.5,27.7,4.6,4.6,4.37,13.4,20.85,95,68,Lamongan,-7.1175,112.4154
2021-11-07,32.0,24.5,27.9,8.0,8.0,4.69,10.5,22.42,96,64,Lamongan,-7.1175,112.4154
2021-11-08,31.2,24.0,27.6,1.9,1.9,3.96,10.6,18.36,95,64,Lamongan,-7.1175,112.4154
2021-11-09,31.8,24.9,27.6,13.9,13.9,4.14,12.7,19.58,95,64,Lamongan,-7.1175,112.4154
2021-11-10,31.8,24.2,26.9,25.2,25.2,3.55,9.1,17.03,95,65,Lamongan,-7.1175,112.4154
2021-11-11,30.1,25.0,26.7,23.8,23.8,2.94,12.1,13.8,95,71,Lamongan,-7.1175,112.4154
2021-11-12,30.4,24.4,26.9,22.6,22.6,3.3,12.6,15.05,96,68,Lamongan,-7.1175,112.4154
2021-11-13,30.0,24.7,26.5,26.8,26.8,3.08,18.8,14.8,95,71,Lamongan,-7.1175,112.4154
2021-11-14,29.1,24.4,26.3,7.3,7.3,3.0,9.1,14.62,96,74,Lamongan,-7.1175,112.4154
2021-11-15,28.8,24.8,26.1,21.4,21.4,2.52,9.5,11.8,96,74,Lamongan,-7.1175,112.4154
2021-11-16,30.5,24.1,26.6,4.2,4.2,3.58,10.1,17.16,97,68,Lamongan,-7.1175,112.4154
2021-11-17,29.6,24.0,27.0,5.0,5.0,3.74,15.5,18.46,96,73,Lamongan,-7.1175,112.4154
2021-11-18,31.2,24.5,27.4,2.7,2.7,4.66,15.5,22.86,98,65,Lamongan,-7.1175,112.4154
2021-11-19,31.5,24.0,26.8,19.6,19.6,4.4,15.3,21.23,95,61,Lamongan,-7.1175,112.4154
2021-11-20,26.5,24.0,25.3,31.4,31.4,0.98,5.7,4.03,96,84,Lamongan,-7.1175,112.4154
2021-11-21,31.4,23.9,27.0,1.2,1.2,3.92,9.9,18.71,97,66,Lamongan,-7.1175,112.4154
2021-11-22,31.3,24.4,27.3,8.9,8.9,3.68,13.5,17.9,96,68,Lamongan,-7.1175,112.4154
2021-11-23,31.0,24.3,26.6,29.2,29.2,3.37,16.6,16.18,98,71,Lamongan,-7.1175,112.4154
2021-11-24,30.8,23.8,26.5,17.7,17.7,3.41,8.4,16.39,96,69,Lamongan,-7.1175,112.4154
2021-11-25,30.8,24.3,26.9,9.2,9.2,3.96,14.8,19.44,99,68,Lamongan,-7.1175,112.4154
2021-11-26,31.0,24.5,26.6,14.8,14.8,3.44,10.9,16.59,94,68,Lamongan,-7.1175,112.4154
2021-11-27,31.0,24.1,26.4,12.9,12.9,3.68,11.5,17.67,96,66,Lamongan,-7.1175,112.4154
2021-11-28,29.5,24.1,25.8,13.1,13.1,2.29,15.3,9.95,96,71,Lamongan,-7.1175,112.4154
2021-11-29,30.5,22.8,26.3,3.0,3.0,4.26,10.7,20.29,94,60,Lamongan,-7.1175,112.4154
2021-11-30,31.1,23.9,26.2,28.0,28.0,3.83,11.1,18.44,97,64,Lamongan,-7.1175,112.4154
2021-12-01,29.6,24.1,26.0,10.7,10.7,2.62,14.3,12.36,96,73,Lamongan,-7.1175,112.4154
2021-12-02,32.7,24.2,27.3,30.5,30.5,4.77,12.6,22.54,93,57,Lamongan,-7.1175,112.4154
2021-12-03,30.9,23.8,27.3,2.1,2.1,4.05,15.1,19.32,97,66,Lamongan,-7.1175,112.4154
2021-12-04,29.0,24.4,26.0,40.3,40.3,2.8,17.7,13.47,94,75,Lamongan,-7.1175,112.4154
2021-12-05,27.9,24.3,25.9,12.0,12.0,2.36,18.0,10.85,93,80,Lamongan,-7.1175,112.4154
2021-12-06,30.0,24.6,26.3,8.3,8.3,2.23,14.5,9.52,94,70,Lamongan,-7.1175,112.4154
2021-12-07,30.1,24.5,26.2,13.6,13.6,2.69,14.4,13.02,96,76,Lamongan,-7.1175,112.4154
2021-12-08,30.4,24.4,26.7,12.9,12.9,3.38,16.4,16.09,96,71,Lamongan,-7.1175,112.4154
2021-12-09,32.3,24.0,26.8,20.9,20.9,4.18,14.1,20.13,96,64,Lamongan,-7.1175,112.4154
2021-12-10,31.1,24.4,26.7,7.8,7.8,3.86,12.7,18.97,96,72,Lamongan,-7.1175,112.4154
2021-12-11,31.8,24.4,26.6,9.0,9.0,4.08,16.5,19.77,95,66,Lamongan,-7.1175,112.4154
2021-12-12,32.8,24.2,27.2,10.9,10.9,4.92,19.6,23.31,95,55,Lamongan,-7.1175,112.4154
2021-12-13,32.8,24.4,27.8,7.5,7.5,5.03,10.5,23.76,93,58,Lamongan,-7.1175,112.4154
2021-12-14,30.8,24.8,27.2,5.4,5.4,3.82,13.2,18.67,97,70,Lamongan,-7.1175,112.4154
2021-12-15,28.4,25.0,26.4,14.6,14.6,2.56,15.5,12.45,95,79,Lamongan,-7.1175,112.4154
2021-12-16,30.1,24.3,26.8,14.0,14.0,3.84,9.4,18.73,98,73,Lamongan,-7.1175,112.4154
2021-12-17,31.0,24.7,27.3,4.2,4.2,4.03,10.0,19.71,96,68,Lamongan,-7.1175,112.4154
2021-12-18,30.7,24.5,27.0,6.5,6.5,4.3,13.0,20.97,94,68,Lamongan,-7.1175,112.4154
2021-12-19,31.0,24.3,27.0,8.5,8.5,4.16,17.5,20.57,99,72,Lamongan,-7.1175,112.4154
2021-12-20,28.6,24.3,26.1,25.6,25.6,2.57,9.3,12.23,95,78,Lamongan,-7.1175,112.4154
2021-12-21,28.1,24.5,26.3,18.3,18.3,2.1,12.8,9.6,97,79,Lamongan,-7.1175,112.4154
2021-12-22,31.7,23.9,27.4,0.0,0.0,4.51,12.2,21.41,98,63,Lamongan,-7.1175,112.4154
2021-12-23,31.4,24.6,27.2,13.4,13.4,4.47,13.2,21.73,94,66,Lamongan,-7.1175,112.4154
2021-12-24,31.9,24.1,27.3,1.1,1.1,4.33,17.3,20.92,96,64,Lamongan,-7.1175,112.4154
2021-12-25,30.9,24.8,26.9,11.1,11.1,3.58,17.9,17.28,96,67,Lamongan,-7.1175,112.4154
2021-12-26,31.6,24.5,27.3,9.6,9.6,4.47,16.9,21.75,93,67,Lamongan,-7.1175,112.4154
2021-12-27,31.8,25.3,27.2,5.7,5.7,4.06,15.4,18.46,92,67,Lamongan,-7.1175,112.4154
2021-12-28,31.9,23.9,27.1,5.4,5.4,5.09,14.4,24.76,94,62,Lamongan,-7.1175,112.4154
2021-12-29,30.6,24.0,27.0,7.5,7.5,4.16,14.2,20.28,95,70,Lamongan,-7.1175,112.4154
2021-12-30,30.7,24.5,26.4,13.5,13.5,3.37,12.4,16.14,95,68,Lamongan,-7.1175,112.4154
2021-12-31,30.4,23.8,26.0,8.5,8.5,3.3,19.3,16.5,96,71,Lamongan,-7.1175,112.4154
2022-01-01,30.7,23.5,26.3,10.2,10.2,4.31,14.8,21.53,96,65,Lamongan,-7.1175,112.4154
2022-01-02,31.0,23.5,26.0,9.9,9.9,3.79,17.1,18.63,96,69,Lamongan,-7.1175,112.4154
2022-01-03,30.7,23.9,27.0,2.9,2.9,4.58,13.9,22.11,95,61,Lamongan,-7.1175,112.4154
2022-01-04,30.8,24.0,26.8,1.1,1.1,3.91,12.0,18.79,94,64,Lamongan,-7.1175,112.4154
2022-01-05,30.0,24.1,26.4,1.7,1.7,3.96,14.3,19.35,99,69,Lamongan,-7.1175,112.4154
2022-01-06,31.0,23.9,26.6,4.4,4.4,4.5,11.7,22.26,97,65,Lamongan,-7.1175,112.4154
2022-01-07,32.2,22.6,26.8,5.5,5.5,4.77,9.0,22.78,97,54,Lamongan,-7.1175,112.4154
2022-01-08,31.1,23.5,27.4,0.8,0.8,5.23,7.4,25.37,95,58,Lamongan,-7.1175,112.4154
2022-01-09,30.0,24.0,26.1,19.5,19.5,3.1,19.9,15.65,96,69,Lamongan,-7.1175,112.4154
2022-01-10,30.4,24.0,26.6,6.3,6.3,4.25,15.1,21.26,97,67,Lamongan,-7.1175,112.4154
2022-01-11,29.2,23.8,25.6,25.5,25.5,2.9,13.9,14.66,97,77,Lamongan,-7.1175,112.4154
2022-01-12,28.8,24.1,25.7,9.1,9.1,2.74,17.4,13.88,95,75,Lamongan,-7.1175,112.4154
2022-01-13,28.4,24.3,25.5,4.2,4.2,2.21,15.0,10.77,94,79,Lamongan,-7.1175,112.4154
2022-01-14,29.0,24.0,25.9,21.9,21.9,2.83,20.8,14.3,95,77,Lamongan,-7.1175,112.4154
2022-01-15,29.4,24.4,26.1,15.7,15.7,2.71,17.4,13.15,93,75,Lamongan,-7.1175,112.4154
2022-01-16,28.0,24.2,25.5,24.9,24.9,2.55,17.9,13.16,95,84,Lamongan,-7.1175,112.4154
2022-01-17,29.7,23.8,26.0,9.4,9.4,3.55,16.3,17.95,96,72,Lamongan,-7.1175,112.4154
2022-01-18,28.9,23.3,24.9,13.7,13.7,2.03,16.5,9.92,96,76,Lamongan,-7.1175,112.4154
2022-01-19,29.9,23.3,25.4,17.2,17.2,3.22,19.0,16.66,95,71,Lamongan,-7.1175,112.4154
2022-01-20,28.2,23.0,24.7,26.7,26.7,2.18,16.9,10.65,95,78,Lamongan,-7.1175,112.4154
2022-01-21,30.4,23.6,25.7,5.4,5.4,3.56,15.6,17.36,95,67,Lamongan,-7.1175,112.4154
2022-01-22,30.6,23.4,25.7,22.6,22.6,3.51,18.7,18.11,96,70,Lamongan,-7.1175,112.4154
2022-01-23,31.2,24.0,26.8,26.7,26.7,4.47,16.3,22.23,96,65,Lamongan,-7.1175,112.4154
2022-01-24,31.6,24.0,27.7,0.5,0.5,4.87,18.9,22.4,96,62,Lamongan,-7.1175,112.4154
2022-01-25,30.5,24.4,27.1,2.0,2.0,4.48,25.9,22.06,89,72,Lamongan,-7.1175,112.4154
2022-01-26,29.6,24.8,26.8,5.8,5.8,3.64,18.2,18.03,92,74,Lamongan,-7.1175,112.4154
2022-01-27,30.8,24.5,26.6,2.7,2.7,3.9,18.9,19.13,92,70,Lamongan,-7.1175,112.4154
2022-01-28,31.5,24.6,26.7,2.2,2.2,3.82,16.9,17.56,92,63,Lamongan,-7.1175,112.4154
2022-01-29,29.8,23.9,26.3,2.7,2.7,3.54,15.5,17.36,95,70,Lamongan,-7.1175,112.4154
2022-01-30,30.9,24.2,26.6,4.2,4.2,4.11,15.5,20.19,96,68,Lamongan,-7.1175,112.4154
2022-01-31,30.6,24.6,26.3,11.9,11.9,3.56,22.5,18.01,96,68,Lamongan,-7.1175,112.4154
2022-02-01,29.0,24.3,25.9,15.7,15.7,3.09,15.5,16.06,95,80,Lamongan,-7.1175,112.4154
2022-02-02,31.3,23.2,26.3,14.9,14.9,4.27,17.6,20.7,96,62,Lamongan,-7.1175,112.4154
2022-02-03,31.3,23.9,26.8,7.8,7.8,4.45,14.9,21.86,97,66,Lamongan,-7.1175,112.4154
2022-02-04,31.4,23.9,26.7,12.3,12.3,3.95,18.1,19.22,98,63,Lamongan,-7.1175,112.4154
2022-02-05,29.1,23.9,26.0,26.0,26.0,3.01,14.5,15.18,95,79,Lamongan,-7.1175,112.4154
2022-02-06,29.2,24.0,26.0,15.4,15.4,3.34,17.7,17.37,96,76,Lamongan,-7.1175,112.4154
2022-02-07,28.1,24.2,25.5,25.9,25.9,2.16,20.5,10.77,97,80,Lamongan,-7.1175,112.4154
2022-02-08,28.8,23.9,26.0,25.4,25.4,3.46,20.4,18.04,96,79,Lamongan,-7.1175,112.4154
2022-02-09,30.4,24.2,26.1,30.2,30.2,3.54,15.9,17.99,95,72,Lamongan,-7.1175,112.4154
2022-02-10,29.1,24.5,25.8,33.9,33.9,2.61,14.6,13.15,95,78,Lamongan,-7.1175,112.4154
2022-02-11,29.4,24.3,25.7,9.5,9.5,2.03,12.8,9.29,97,76,Lamongan,-7.1175,112.4154
2022-02-12,29.1,23.5,25.7,27.0,27.0,2.8,15.1,13.84,96,73,Lamongan,-7.1175,112.4154
2022-02-13,29.5,23.6,25.5,36.0,36.0,2.61,10.8,12.65,96,75,Lamongan,-7.1175,112.4154
2022-02-14,27.7,23.8,25.7,12.1,12.1,1.82,8.1,8.49,96,81,Lamongan,-7.1175,112.4154
2022-02-15,29.2,24.0,26.2,24.3,24.3,3.06,9.3,14.93,97,77,Lamongan,-7.1175,112.4154
2022-02-16,29.6,23.9,26.2,2.3,2.3,4.42,14.3,22.77,97,73,Lamongan,-7.1175,112.4154
2022-02-17,27.5,23.8,25.7,18.4,18.4,2.66,15.6,13.33,96,79,Lamongan,-7.1175,112.4154
2022-02-18,27.9,24.1,25.8,11.2,11.2,2.75,11.4,13.78,95,79,Lamongan,-7.1175,112.4154
2022-02-19,31.1,24.0,26.8,6.2,6.2,4.67,12.5,22.92,96,66,Lamongan,-7.1175,112.4154
2022-02-20,29.0,24.5,25.9,36.7,36.7,2.5,14.5,12.46,97,77,Lamongan,-7.1175,112.4154
2022-02-21,30.9,24.4,26.1,2.0,2.0,3.18,19.4,14.81,94,69,Lamongan,-7.1175,112.4154
2022-02-22,31.4,24.0,26.3,2.5,2.5,3.84,18.2,18.27,93,59,Lamongan,-7.1175,112.4154
2022-02-23,31.6,22.5,26.0,11.5,11.5,5.06,13.1,25.01,94,60,Lamongan,-7.1175,112.4154
2022-02-24,31.4,22.1,26.1,3.1,3.1,4.5,13.1,22.67,99,64,Lamongan,-7.1175,112.4154
2022-02-25,29.4,23.1,25.7,9.8,9.8,4.08,16.6,21.08,96,73,Lamongan,-7.1175,112.4154
2022-02-26,29.1,23.4,25.8,12.1,12.1,3.45,13.8,17.59,97,76,Lamongan,-7.1175,112.4154
2022-02-27,28.8,23.5,25.8,10.3,10.3,3.21,19.2,16.47,98,77,Lamongan,-7.1175,112.4154
2022-02-28,28.7,24.0,26.0,17.8,17.8,3.49,20.1,18.13,97,75,Lamongan,-7.1175,112.4154
2022-03-01,28.9,24.0,25.9,13.0,13.0,2.95,19.6,15.02,98,76,Lamongan,-7.1175,112.4154
2022-03-02,30.2,24.3,26.3,10.1,10.1,3.99,25.5,20.7,95,72,Lamongan,-7.1175,112.4154
2022-03-03,29.2,24.1,26.2,13.1,13.1,3.54,17.6,18.26,95,77,Lamongan,-7.1175,112.4154
2022-03-04,32.0,24.1,27.0,1.9,1.9,4.68,14.5,23.22,96,63,Lamongan,-7.1175,112.4154
2022-03-05,30.7,24.0,26.6,13.0,13.0,3.91,14.9,18.98,93,72,Lamongan,-7.1175,112.4154
2022-03-06,31.4,24.7,26.9,21.5,21.5,4.04,12.4,19.26,94,68,Lamongan,-7.1175,112.4154
2022-03-07,30.4,24.2,26.4,6.0,6.0,3.85,12.7,18.91,96,67,Lamongan,-7.1175,112.4154
2022-03-08,30.9,24.0,26.3,21.7,21.7,3.87,9.1,18.78,98,70,Lamongan,-7.1175,112.4154
2022-03-09,30.5,23.9,26.4,3.2,3.2,4.05,9.7,19.92,96,68,Lamongan,-7.1175,112.4154
2022-03-10,30.6,23.8,26.1,33.4,33.4,4.08,10.7,20.08,96,70,Lamongan,-7.1175,112.4154
2022-03-11,30.5,23.5,26.4,7.9,7.9,4.15,15.0,20.79,96,68,Lamongan,-7.1175,112.4154
2022-03-12,29.0,23.7,26.4,8.8,8.8,3.5,14.8,17.73,96,76,Lamongan,-7.1175,112.4154
2022-03-13,30.5,24.1,26.7,10.4,10.4,4.05,10.0,19.87,98,70,Lamongan,-7.1175,112.4154
2022-03-14,31.0,24.1,26.9,13.8,13.8,4.44,16.3,22.19,97,69,Lamongan,-7.1175,112.4154
2022-03-15,29.2,24.1,26.4,10.3,10.3,3.94,13.0,20.25,96,78,Lamongan,-7.1175,112.4154
2022-03-16,29.9,24.4,26.7,3.9,3.9,3.51,20.6,17.22,97,72,Lamongan,-7.1175,112.4154
2022-03-17,31.1,23.9,27.5,0.9,0.9,4.68,12.1,23.04,99,69,Lamongan,-7.1175,112.4154
2022-03-18,32.0,23.8,27.0,5.6,5.6,4.89,9.9,24.05,97,66,Lamongan,-7.1175,112.4154
2022-03-19,31.4,24.1,26.4,32.7,32.7,3.78,13.7,18.32,93,70,Lamongan,-7.1175,112.4154
2022-03-20,30.4,24.4,26.5,21.6,21.6,3.07,13.7,14.8,94,75,Lamongan,-7.1175,112.4154
2022-03-21,30.4,24.3,26.4,13.4,13.4,3.5,12.1,17.38,95,72,Lamongan,-7.1175,112.4154
2022-03-22,28.5,25.0,26.2,25.1,25.1,2.72,18.9,13.42,94,80,Lamongan,-7.1175,112.4154
2022-03-23,30.8,23.8,26.5,2.1,2.1,3.71,17.4,18.51,97,68,Lamongan,-7.1175,112.4154
2022-03-24,31.6,23.5,27.0,2.9,2.9,4.87,13.4,23.63,96,63,Lamongan,-7.1175,112.4154
2022-03-25,30.6,23.5,27.1,1.4,1.4,3.99,14.8,19.41,96,71,Lamongan,-7.1175,112.4154
2022-03-26,30.8,24.5,26.8,15.7,15.7,4.12,13.4,19.93,95,69,Lamongan,-7.1175,112.4154
2022-03-27,29.9,24.4,26.3,15.5,15.5,3.31,16.7,16.19,94,78,Lamongan,-7.1175,112.4154
2022-03-28,31.6,23.7,27.0,2.0,2.0,4.55,16.1,21.66,98,63,Lamongan,-7.1175,112.4154
2022-03-29,31.1,23.5,26.8,5.2,5.2,4.34,12.8,21.03,96,63,Lamongan,-7.1175,112.4154
2022-03-30,31.0,24.8,27.6,5.5,5.5,4.47,10.8,21.49,92,65,Lamongan,-7.1175,112.4154
2022-03-31,30.8,24.5,26.7,7.3,7.3,4.2,12.0,20.66,95,68,Lamongan,-7.1175,112.4154
2022-04-01,29.8,24.6,26.4,6.8,6.8,3.07,10.0,15.0,96,73,Lamongan,-7.1175,112.4154
2022-04-02,31.0,24.2,26.9,2.9,2.9,4.34,9.3,20.88,96,64,Lamongan,-7.1175,112.4154
2022-04-03,32.2,24.1,26.4,6.7,6.7,4.28,20.1,21.0,94,60,Lamongan,-7.1175,112.4154
2022-04-04,31.1,23.3,26.4,18.9,18.9,4.01,9.4,19.98,97,71,Lamongan,-7.1175,112.4154
2022-04-05,31.2,23.0,26.8,2.6,2.6,4.69,10.5,22.68,95,61,Lamongan,-7.1175,112.4154
2022-04-06,31.4,24.0,26.7,14.7,14.7,4.31,10.6,21.19,96,70,Lamongan,-7.1175,112.4154
2022-04-07,31.1,24.7,27.2,9.2,9.2,4.31,9.9,20.69,92,67,Lamongan,-7.1175,112.4154
2022-04-08,32.1,24.2,27.0,9.9,9.9,4.58,14.8,22.09,94,63,Lamongan,-7.1175,112.4154
2022-04-09,32.0,24.3,27.3,1.3,1.3,4.76,14.7,23.0,91,60,Lamongan,-7.1175,112.4154
2022-04-10,31.3,24.5,27.1,2.8,2.8,4.45,9.5,21.62,95,62,Lamongan,-7.1175,112.4154
2022-04-11,31.7,23.8,27.6,0.2,0.2,4.88,12.4,23.24,92,57,Lamongan,-7.1175,112.4154
2022-04-12,31.4,24.0,27.4,1.5,1.5,4.61,10.6,22.42,96,61,Lamongan,-7.1175,112.4154
2022-04-13,32.0,24.2,27.6,0.0,0.0,4.78,15.5,22.65,94,51,Lamongan,-7.1175,112.4154
2022-04-14,31.3,23.9,27.8,0.1,0.1,4.58,10.9,21.45,94,59,Lamongan,-7.1175,112.4154
2022-04-15,32.3,23.8,28.3,0.7,0.7,5.15,10.2,24.13,92,55,Lamongan,-7.1175,112.4154
2022-04-16,32.6,24.4,28.2,0.8,0.8,4.61,11.6,21.53,96,56,Lamongan,-7.1175,112.4154
2022-04-17,32.0,24.4,27.9,2.7,2.7,4.4,12.3,20.98,96,62,Lamongan,-7.1175,112.4154
2022-04-18,29.8,25.8,27.5,7.1,7.1,3.36,13.8,16.4,95,73,Lamongan,-7.1175,112.4154
2022-04-19,30.6,24.7,26.6,24.7,24.7,3.33,16.2,16.25,94,71,Lamongan,-7.1175,112.4154
2022-04-20,29.6,24.1,25.9,18.4,18.4,2.78,11.0,13.47,97,74,Lamongan,-7.1175,112.4154
2022-04-21,29.1,24.2,26.2,4.7,4.7,2.83,10.8,13.78,96,74,Lamongan,-7.1175,112.4154
2022-04-22,31.1,23.5,27.2,2.3,2.3,4.08,13.6,20.2,95,69,Lamongan,-7.1175,112.4154
2022-04-23,31.5,24.7,27.7,2.2,2.2,4.27,11.8,20.52,96,65,Lamongan,-7.1175,112.4154
2022-04-24,30.4,24.3,27.2,7.6,7.6,3.42,10.0,16.43,96,71,Lamongan,-7.1175,112.4154
2022-04-25,31.8,24.1,27.7,3.7,3.7,4.74,14.6,22.68,93,60,Lamongan,-7.1175,112.4154
2022-04-26,29.4,24.7,26.9,3.2,3.2,3.23,10.6,15.99,96,75,Lamongan,-7.1175,112.4154
2022-04-27,31.1,24.6,27.4,3.8,3.8,3.82,13.3,18.43,97,63,Lamongan,-7.1175,112.4154
2022-04-28,30.6,24.2,26.9,18.5,18.5,3.5,11.8,17.09,95,70,Lamongan,-7.1175,112.4154
2022-04-29,30.8,24.8,27.4,2.1,2.1,3.51,10.2,16.83,96,66,Lamongan,-7.1175,112.4154
2022-04-30,30.4,25.1,27.1,7.4,7.4,3.61,17.3,17.69,95,72,Lamongan,-7.1175,112.4154
2022-05-01,30.1,25.5,27.6,2.7,2.7,3.86,18.0,19.04,94,73,Lamongan,-7.1175,112.4154
2022-05-02,32.2,24.3,28.4,0.1,0.1,4.73,16.6,21.23,96,58,Lamongan,-7.1175,112.4154
2022-05-03,31.9,25.0,28.4,0.3,0.3,4.68,16.2,21.58,89,63,Lamongan,-7.1175,112.4154
2022-05-04,31.9,24.5,27.9,2.3,2.3,4.25,11.6,20.0,95,60,Lamongan,-7.1175,112.4154
2022-05-05,31.7,24.2,27.9,1.0,1.0,4.17,11.8,19.63,96,61,Lamongan,-7.1175,112.4154
2022-05-06,31.9,25.2,28.1,1.1,1.1,4.09,13.8,19.85,96,65,Lamongan,-7.1175,112.4154
2022-05-07,32.3,25.0,28.2,1.1,1.1,4.28,13.8,20.28,95,60,Lamongan,-7.1175,112.4154
2022-05-08,29.6,24.1,26.8,15.2,15.2,2.93,10.6,14.36,97,75,Lamongan,-7.1175,112.4154
2022-05-09,29.7,24.9,27.1,21.1,21.1,2.56,18.7,11.13,95,75,Lamongan,-7.1175,112.4154
2022-05-10,30.0,25.0,26.9,2.2,2.2,2.73,16.2,13.06,96,73,Lamongan,-7.1175,112.4154
2022-05-11,29.9,25.0,27.6,0.6,0.6,3.56,11.9,17.5,94,72,Lamongan,-7.1175,112.4154
2022-05-12,31.0,24.9,27.3,10.6,10.6,3.59,11.4,17.63,95,70,Lamongan,-7.1175,112.4154
2022-05-13,31.8,23.9,27.2,16.1,16.1,3.91,16.3,19.23,96,68,Lamongan,-7.1175,112.4154
2022-05-14,31.0,25.4,27.5,5.0,5.0,3.44,11.6,16.71,93,72,Lamongan,-7.1175,112.4154
2022-05-15,31.8,25.1,27.9,1.8,1.8,4.18,12.6,20.26,95,67,Lamongan,-7.1175,112.4154
2022-05-16,32.0,24.5,27.4,5.2,5.2,4.1,11.5,19.88,96,63,Lamongan,-7.1175,112.4154
2022-05-17,31.2,23.9,27.5,1.7,1.7,3.57,9.0,16.86,96,63,Lamongan,-7.1175,112.4154
2022-05-18,29.4,25.1,27.3,21.5,21.5,3.1,17.6,14.65,93,74,Lamongan,-7.1175,112.4154
2022-05-19,29.5,24.8,26.3,22.5,22.5,2.54,15.0,12.56,94,77,Lamongan,-7.1175,112.4154
2022-05-20,28.0,24.6,26.1,17.1,17.1,1.95,13.5,9.37,95,81,Lamongan,-7.1175,112.4154
2022-05-21,29.7,24.8,26.7,1.9,1.9,3.03,14.7,14.87,95,73,Lamongan,-7.1175,112.4154
2022-05-22,30.2,25.0,27.2,1.9,1.9,3.25,18.9,15.35,94,65,Lamongan,-7.1175,112.4154
2022-05-23,31.0,26.2,28.6,0.0,0.0,4.74,21.4,20.2,89,64,Lamongan,-7.1175,112.4154
2022-05-24,30.4,26.0,28.0,4.7,4.7,3.83,19.5,17.83,89,68,Lamongan,-7.1175,112.4154
2022-05-25,30.5,24.7,27.5,14.0,14.0,3.84,15.8,18.35,96,70,Lamongan,-7.1175,112.4154
2022-05-26,26.1,23.8,25.0,16.2,16.2,1.18,16.2,5.11,97,85,Lamongan,-7.1175,112.4154
2022-05-27,30.0,23.0,26.0,4.6,4.6,2.89,10.5,14.08,94,73,Lamongan,-7.1175,112.4154
2022-05-28,30.8,24.0,27.5,0.6,0.6,4.08,9.0,19.92,96,64,Lamongan,-7.1175,112.4154
2022-05-29,30.1,23.9,26.9,4.7,4.7,3.46,9.4,17.17,96,70,Lamongan,-7.1175,112.4154
2022-05-30,31.3,25.0,27.9,0.3,0.3,4.06,8.6,19.61,96,62,Lamongan,-7.1175,112.4154
2022-05-31,30.7,24.8,27.3,2.4,2.4,3.65,7.6,17.79,93,69,Lamongan,-7.1175,112.4154
2022-06-01,29.5,23.5,26.5,9.5,9.5,2.98,14.7,14.67,92,76,Lamongan,-7.1175,112.4154
2022-06-02,31.5,24.3,27.3,1.2,1.2,4.18,13.7,19.92,95,61,Lamongan,-7.1175,112.4154
2022-06-03,31.5,23.8,27.2,0.1,0.1,4.01,9.7,19.29,97,60,Lamongan,-7.1175,112.4154
2022-06-04,30.0,24.5,26.8,1.6,1.6,3.51,12.7,17.73,93,71,Lamongan,-7.1175,112.4154
2022-06-05,29.9,23.7,26.3,20.0,20.0,3.22,8.5,16.04,95,70,Lamongan,-7.1175,112.4154
2022-06-06,29.0,23.9,26.2,4.2,4.2,2.8,11.9,14.19,96,77,Lamongan,-7.1175,112.4154
2022-06-07,31.1,23.4,27.5,0.0,0.0,4.15,16.2,19.38,97,61,Lamongan,-7.1175,112.4154
2022-06-08,29.2,25.0,26.7,7.5,7.5,3.13,16.7,16.01,94,77,Lamongan,-7.1175,112.4154
2022-06-09,30.8,23.3,26.7,1.7,1.7,3.58,11.7,17.38,94,61,Lamongan,-7.1175,112.4154
2022-06-10,30.5,24.5,27.0,2.9,2.9,3.02,10.9,14.1,96,65,Lamongan,-7.1175,112.4154
2022-06-11,30.4,25.0,27.3,2.3,2.3,3.33,16.2,15.95,96,68,Lamongan,-7.1175,112.4154
2022-06-12,30.2,23.8,26.6,6.5,6.5,3.51,13.0,17.49,95,71,Lamongan,-7.1175,112.4154
2022-06-13,29.2,23.8,26.4,9.2,9.2,2.88,12.3,14.03,96,72,Lamongan,-7.1175,112.4154
2022-06-14,28.4,24.0,26.4,11.0,11.0,2.74,11.0,13.26,96,77,Lamongan,-7.1175,112.4154
2022-06-15,29.1,25.0,26.9,2.3,2.3,3.06,18.7,15.29,94,74,Lamongan,-7.1175,112.4154
2022-06-16,30.1,24.1,26.7,4.2,4.2,3.38,18.8,16.27,92,69,Lamongan,-7.1175,112.4154
2022-06-17,28.8,24.3,26.3,7.8,7.8,2.8,12.2,14.03,97,75,Lamongan,-7.1175,112.4154
2022-06-18,30.8,23.0,26.7,0.8,0.8,4.01,14.6,19.46,96,61,Lamongan,-7.1175,112.4154
2022-06-19,29.8,23.2,26.3,3.7,3.7,3.64,14.5,18.02,97,69,Lamongan,-7.1175,112.4154
2022-06-20,31.3,23.5,27.2,0.0,0.0,4.07,12.1,19.43,98,59,Lamongan,-7.1175,112.4154
2022-06-21,30.8,23.5,27.3,0.0,0.0,4.32,13.2,19.5,96,60,Lamongan,-7.1175,112.4154
2022-06-22,31.6,22.6,27.4,0.0,0.0,4.65,16.2,20.59,93,49,Lamongan,-7.1175,112.4154
2022-06-23,30.5,23.1,26.9,1.0,1.0,3.95,17.0,19.13,92,59,Lamongan,-7.1175,112.4154
2022-06-24,31.8,23.3,27.3,0.0,0.0,4.41,13.4,20.42,96,50,Lamongan,-7.1175,112.4154
2022-06-25,30.8,23.6,27.4,2.5,2.5,3.75,11.4,17.74,92,61,Lamongan,-7.1175,112.4154
2022-06-26,30.1,23.9,26.2,10.7,10.7,2.83,10.5,13.82,94,63,Lamongan,-7.1175,112.4154
2022-06-27,31.3,23.0,26.6,3.4,3.4,3.65,15.3,17.13,96,59,Lamongan,-7.1175,112.4154
2022-06-28,30.4,23.1,26.8,0.8,0.8,3.94,10.2,18.72,96,58,Lamongan,-7.1175,112.4154
2022-06-29,32.0,22.6,27.3,0.0,0.0,4.49,12.1,20.39,92,47,Lamongan,-7.1175,112.4154
2022-06-30,31.8,22.5,27.3,0.0,0.0,4.37,9.3,20.04,88,47,Lamongan,-7.1175,112.4154
2022-07-01,32.0,23.8,27.9,0.0,0.0,4.76,20.0,19.45,89,52,Lamongan,-7.1175,112.4154
2022-07-02,32.0,24.1,27.9,0.0,0.0,4.2,19.4,17.94,84,53,Lamongan,-7.1175,112.4154
2022-07-03,30.3,25.1,27.6,5.5,5.5,3.73,14.0,17.25,93,69,Lamongan,-7.1175,112.4154
2022-07-04,29.5,26.2,27.7,3.6,3.6,3.12,13.6,14.0,89,73,Lamongan,-7.1175,112.4154
2022-07-05,30.9,25.0,26.9,6.9,6.9,3.38,10.0,16.64,94,66,Lamongan,-7.1175,112.4154
2022-07-06,29.3,23.3,26.4,24.0,24.0,3.36,9.1,16.8,96,69,Lamongan,-7.1175,112.4154
2022-07-07,30.9,23.9,26.9,1.4,1.4,3.95,12.6,18.9,98,59,Lamongan,-7.1175,112.4154
2022-07-08,30.7,21.4,26.3,0.1,0.1,4.43,13.3,20.24,94,49,Lamongan,-7.1175,112.4154
2022-07-09,30.9,21.2,26.3,0.0,0.0,4.85,16.8,20.98,81,46,Lamongan,-7.1175,112.4154
2022-07-10,31.5,22.5,27.3,0.0,0.0,4.83,18.1,21.06,88,48,Lamongan,-7.1175,112.4154
2022-07-11,32.2,23.5,27.9,0.0,0.0,4.58,17.2,20.07,90,53,Lamongan,-7.1175,112.4154
2022-07-12,32.0,24.1,28.1,0.5,0.5,4.6,20.2,19.71,97,54,Lamongan,-7.1175,112.4154
2022-07-13,30.4,24.7,27.5,2.3,2.3,3.92,15.3,18.04,92,62,Lamongan,-7.1175,112.4154
2022-07-14,29.4,24.0,26.3,16.2,16.2,3.26,16.5,16.08,95,70,Lamongan,-7.1175,112.4154
2022-07-15,31.1,24.5,28.0,0.1,0.1,4.6,20.0,18.58,88,58,Lamongan,-7.1175,112.4154
2022-07-16,32.0,24.5,28.1,0.5,0.5,4.54,14.1,20.02,89,50,Lamongan,-7.1175,112.4154
2022-07-17,30.0,23.5,26.2,1.0,1.0,2.42,16.6,10.64,91,61,Lamongan,-7.1175,112.4154
2022-07-18,32.2,23.6,27.8,0.2,0.2,4.81,17.4,20.76,94,49,Lamongan,-7.1175,112.4154
2022-07-19,32.1,23.6,28.1,0.2,0.2,5.08,16.7,21.38,94,46,Lamongan,-7.1175,112.4154
2022-07-20,31.4,23.7,27.9,0.0,0.0,4.97,17.0,21.09,90,43,Lamongan,-7.1175,112.4154
2022-07-21,32.5,23.2,28.0,0.0,0.0,5.06,16.2,21.14,88,45,Lamongan,-7.1175,112.4154
2022-07-22,32.8,23.6,27.9,0.6,0.6,4.52,16.9,20.17,88,48,Lamongan,-7.1175,112.4154
2022-07-23,33.1,24.0,27.9,0.7,0.7,4.37,13.6,19.88,95,47,Lamongan,-7.1175,112.4154
2022-07-24,32.6,23.1,27.7,0.0,0.0,4.89,14.5,21.24,93,44,Lamongan,-7.1175,112.4154
2022-07-25,31.4,22.5,26.8,0.0,0.0,5.66,18.4,22.33,76,36,Lamongan,-7.1175,112.4154
2022-07-26,32.6,20.5,26.9,0.0,0.0,5.3,16.7,22.11,87,36,Lamongan,-7.1175,112.4154
2022-07-27,33.0,23.2,28.2,0.0,0.0,5.17,19.9,21.31,88,44,Lamongan,-7.1175,112.4154
2022-07-28,32.5,24.1,28.5,0.0,0.0,5.3,19.3,21.55,89,45,Lamongan,-7.1175,112.4154
2022-07-29,32.6,24.3,28.4,0.0,0.0,5.15,19.1,21.08,86,44,Lamongan,-7.1175,112.4154
2022-07-30,32.5,23.6,28.1,0.0,0.0,5.24,16.6,21.82,89,38,Lamongan,-7.1175,112.4154
2022-07-31,31.8,23.2,27.6,0.0,0.0,4.85,15.0,21.02,88,45,Lamongan,-7.1175,112.4154
2022-08-01,32.5,23.7,28.3,1.2,1.2,5.0,15.5,21.18,91,48,Lamongan,-7.1175,112.4154
2022-08-02,31.8,24.2,27.6,0.5,0.5,4.28,23.5,18.53,90,57,Lamongan,-7.1175,112.4154
2022-08-03,32.7,25.1,28.6,0.1,0.1,5.13,17.7,21.63,91,51,Lamongan,-7.1175,112.4154
2022-08-04,33.2,24.1,28.5,0.1,0.1,5.2,17.1,22.0,87,38,Lamongan,-7.1175,112.4154
2022-08-05,33.0,22.9,27.6,0.3,0.3,5.25,15.3,23.01,87,35,Lamongan,-7.1175,112.4154
2022-08-06,32.8,22.8,27.9,0.1,0.1,4.96,13.1,21.84,94,41,Lamongan,-7.1175,112.4154
2022-08-07,32.5,23.6,28.0,1.4,1.4,4.3,12.3,19.21,89,48,Lamongan,-7.1175,112.4154
2022-08-08,33.4,23.5,28.4,0.0,0.0,5.36,20.4,21.75,90,45,Lamongan,-7.1175,112.4154
2022-08-09,33.8,24.0,28.8,0.0,0.0,5.93,22.9,22.54,85,36,Lamongan,-7.1175,112.4154
2022-08-10,33.8,24.5,28.8,0.0,0.0,5.37,20.5,21.79,83,42,Lamongan,-7.1175,112.4154
2022-08-11,33.3,24.9,29.1,1.2,1.2,5.27,18.5,21.06,85,47,Lamongan,-7.1175,112.4154
2022-08-12,31.0,26.0,28.2,3.1,3.1,3.93,16.3,17.09,85,62,Lamongan,-7.1175,112.4154
2022-08-13,31.8,24.2,27.3,9.5,9.5,3.99,15.9,18.22,92,57,Lamongan,-7.1175,112.4154
2022-08-14,30.4,24.3,26.1,6.2,6.2,3.11,21.2,15.3,94,67,Lamongan,-7.1175,112.4154
2022-08-15,31.5,24.4,27.2,0.8,0.8,4.27,17.2,20.07,94,59,Lamongan,-7.1175,112.4154
2022-08-16,31.9,24.1,27.4,1.5,1.5,4.52,12.2,21.21,95,56,Lamongan,-7.1175,112.4154
2022-08-17,32.0,23.6,27.9,0.0,0.0,5.37,19.7,22.14,93,47,Lamongan,-7.1175,112.4154
2022-08-18,32.3,22.5,27.8,0.0,0.0,5.44,21.9,21.72,91,46,Lamongan,-7.1175,112.4154
2022-08-19,32.9,23.5,28.2,0.0,0.0,5.79,23.3,22.98,87,42,Lamongan,-7.1175,112.4154
2022-08-20,31.9,23.4,28.0,0.0,0.0,5.76,20.2,23.09,85,47,Lamongan,-7.1175,112.4154
2022-08-21,32.5,24.0,28.2,0.2,0.2,5.83,23.0,22.66,81,45,Lamongan,-7.1175,112.4154
2022-08-22,34.0,23.2,28.5,0.0,0.0,5.79,20.6,23.61,85,36,Lamongan,-7.1175,112.4154
2022-08-23,33.2,24.2,28.8,0.1,0.1,5.96,20.3,23.17,84,44,Lamongan,-7.1175,112.4154
2022-08-24,32.7,23.5,28.4,0.0,0.0,6.58,23.2,24.35,79,34,Lamongan,-7.1175,112.4154
2022-08-25,33.6,23.5,28.4,0.0,0.0,6.12,22.7,23.13,83,36,Lamongan,-7.1175,112.4154
2022-08-26,33.9,24.0,28.7,0.1,0.1,5.69,20.2,22.96,83,40,Lamongan,-7.1175,112.4154
2022-08-27,33.5,24.6,28.4,1.4,1.4,4.63,13.6,20.11,83,46,Lamongan,-7.1175,112.4154
2022-08-28,33.9,24.1,28.5,0.9,0.9,5.36,13.7,22.34,83,40,Lamongan,-7.1175,112.4154
2022-08-29,33.8,23.5,28.4,0.0,0.0,5.72,20.6,24.01,77,38,Lamongan,-7.1175,112.4154
2022-08-30,34.3,24.1,28.8,0.1,0.1,5.58,17.9,23.48,84,37,Lamongan,-7.1175,112.4154
2022-08-31,32.3,24.6,28.3,1.8,1.8,4.85,17.3,21.3,88,50,Lamongan,-7.1175,112.4154
2022-09-01,33.8,24.1,28.9,0.0,0.0,5.61,21.1,23.17,90,42,Lamongan,-7.1175,112.4154
2022-09-02,34.5,24.4,29.3,0.0,0.0,5.71,18.4,23.85,89,39,Lamongan,-7.1175,112.4154
2022-09-03,34.7,24.3,29.4,0.4,0.4,5.9,18.4,24.03,89,37,Lamongan,-7.1175,112.4154
2022-09-04,35.0,24.6,29.1,1.1,1.1,5.26,17.4,21.4,85,39,Lamongan,-7.1175,112.4154
2022-09-05,33.0,24.8,28.6,0.6,0.6,4.38,14.8,17.67,92,47,Lamongan,-7.1175,112.4154
2022-09-06,32.8,23.5,28.2,0.3,0.3,5.19,22.3,22.47,92,50,Lamongan,-7.1175,112.4154
2022-09-07,32.8,25.5,28.8,1.6,1.6,5.15,19.9,21.0,87,49,Lamongan,-7.1175,112.4154
2022-09-08,32.8,24.4,28.2,0.4,0.4,4.43,14.0,19.49,90,50,Lamongan,-7.1175,112.4154
2022-09-09,31.2,24.6,27.1,4.3,4.3,3.19,14.9,14.11,89,56,Lamongan,-7.1175,112.4154
2022-09-10,30.9,24.9,26.9,9.3,9.3,3.9,15.1,18.52,93,60,Lamongan,-7.1175,112.4154
2022-09-11,31.6,23.3,27.2,1.6,1.6,4.67,18.5,21.83,96,55,Lamongan,-7.1175,112.4154
2022-09-12,32.2,24.3,28.3,0.0,0.0,5.34,15.7,23.53,94,50,Lamongan,-7.1175,112.4154
2022-09-13,34.2,23.0,28.7,0.0,0.0,5.93,18.8,25.27,95,33,Lamongan,-7.1175,112.4154
2022-09-14,34.0,23.9,28.9,0.0,0.0,6.19,22.2,24.78,88,33,Lamongan,-7.1175,112.4154
2022-09-15,34.1,23.9,29.2,0.0,0.0,6.07,20.0,24.33,87,40,Lamongan,-7.1175,112.4154
2022-09-16,34.7,24.9,29.2,0.1,0.1,5.66,20.5,21.5,84,39,Lamongan,-7.1175,112.4154
2022-09-17,35.3,24.5,29.4,0.0,0.0,6.76,22.3,25.29,85,28,Lamongan,-7.1175,112.4154
2022-09-18,35.2,23.5,29.2,0.0,0.0,6.54,21.2,25.89,89,28,Lamongan,-7.1175,112.4154
2022-09-19,34.7,23.8,29.2,0.0,0.0,6.34,19.8,25.44,88,36,Lamongan,-7.1175,112.4154
2022-09-20,34.8,24.3,29.2,0.4,0.4,5.59,15.0,22.14,83,34,Lamongan,-7.1175,112.4154
2022-09-21,33.6,25.2,28.8,3.1,3.1,4.66,15.0,19.19,79,43,Lamongan,-7.1175,112.4154
2022-09-22,34.8,25.0,29.4,0.1,0.1,5.67,20.0,23.81,84,38,Lamongan,-7.1175,112.4154
2022-09-23,35.2,24.8,29.6,0.0,0.0,5.96,21.2,24.49,84,39,Lamongan,-7.1175,112.4154
2022-09-24,35.0,24.6,29.4,0.0,0.0,5.93,17.6,24.6,88,37,Lamongan,-7.1175,112.4154
2022-09-25,35.5,24.4,29.7,0.0,0.0,6.44,23.0,25.39,89,34,Lamongan,-7.1175,112.4154
2022-09-26,35.2,24.8,29.6,0.0,0.0,5.92,13.1,23.62,83,38,Lamongan,-7.1175,112.4154
2022-09-27,35.7,24.6,29.7,0.0,0.0,6.72,22.2,25.49,81,29,Lamongan,-7.1175,112.4154
2022-09-28,35.0,24.0,29.4,0.0,0.0,6.89,21.3,25.72,82,31,Lamongan,-7.1175,112.4154
2022-09-29,34.5,24.2,29.0,3.5,3.5,6.24,17.8,25.35,84,37,Lamongan,-7.1175,112.4154
2022-09-30,29.5,25.5,27.2,7.9,7.9,3.61,21.8,17.42,94,67,Lamongan,-7.1175,112.4154
2022-10-01,32.8,24.9,27.9,2.4,2.4,4.09,14.0,18.18,91,53,Lamongan,-7.1175,112.4154
2022-10-02,33.8,24.5,27.5,18.3,18.3,3.78,16.8,16.44,93,47,Lamongan,-7.1175,112.4154
2022-10-03,30.0,23.9,25.9,24.3,24.3,2.97,14.6,14.49,95,67,Lamongan,-7.1175,112.4154
2022-10-04,31.6,23.8,27.2,4.8,4.8,4.1,10.1,19.45,96,58,Lamongan,-7.1175,112.4154
2022-10-05,31.9,24.3,26.6,2.2,2.2,3.74,13.9,17.25,92,58,Lamongan,-7.1175,112.4154
2022-10-06,30.8,23.9,26.8,3.6,3.6,3.84,13.1,18.05,93,61,Lamongan,-7.1175,112.4154
2022-10-07,32.7,23.4,27.4,5.6,5.6,4.81,12.3,22.44,94,51,Lamongan,-7.1175,112.4154
2022-10-08,32.7,23.9,27.0,3.1,3.1,4.34,16.3,20.18,93,56,Lamongan,-7.1175,112.4154
2022-10-09,32.7,23.8,27.2,4.6,4.6,4.9,14.6,22.94,94,54,Lamongan,-7.1175,112.4154
2022-10-10,32.7,24.1,27.2,2.3,2.3,4.19,14.7,20.15,95,57,Lamongan,-7.1175,112.4154
2022-10-11,30.5,24.4,27.0,5.8,5.8,3.68,17.2,17.89,93,65,Lamongan,-7.1175,112.4154
2022-10-12,30.6,24.1,26.8,7.6,7.6,3.17,11.6,14.52,91,65,Lamongan,-7.1175,112.4154
2022-10-13,32.6,24.0,27.1,13.0,13.0,4.35,11.4,20.76,93,56,Lamongan,-7.1175,112.4154
2022-10-14,30.9,23.6,27.0,7.2,7.2,4.25,10.0,20.35,92,63,Lamongan,-7.1175,112.4154
2022-10-15,31.1,23.1,26.7,14.5,14.5,4.54,14.8,21.79,93,63,Lamongan,-7.1175,112.4154
2022-10-16,32.2,24.0,28.1,0.2,0.2,5.27,10.6,24.47,95,58,Lamongan,-7.1175,112.4154
2022-10-17,31.0,24.5,27.2,4.8,4.8,4.02,14.1,18.85,89,64,Lamongan,-7.1175,112.4154
2022-10-18,28.6,24.4,26.1,8.5,8.5,2.58,10.5,12.13,95,75,Lamongan,-7.1175,112.4154
2022-10-19,29.2,24.0,26.2,8.8,8.8,3.04,10.9,14.65,96,73,Lamongan,-7.1175,112.4154
2022-10-20,30.0,24.3,26.6,8.7,8.7,3.76,9.8,18.52,97,71,Lamongan,-7.1175,112.4154
2022-10-21,28.3,23.7,25.8,19.6,19.6,2.6,11.8,12.89,96,78,Lamongan,-7.1175,112.4154
2022-10-22,31.8,23.5,27.4,2.7,2.7,4.71,12.3,22.49,100,62,Lamongan,-7.1175,112.4154
2022-10-23,32.8,24.0,26.9,9.3,9.3,4.04,11.5,19.31,96,57,Lamongan,-7.1175,112.4154
2022-10-24,31.8,24.6,26.9,10.8,10.8,3.92,15.8,18.48,90,64,Lamongan,-7.1175,112.4154
2022-10-25,31.2,24.5,26.4,20.6,20.6,3.68,11.3,17.25,93,67,Lamongan,-7.1175,112.4154
2022-10-26,29.9,23.9,26.0,22.9,22.9,3.27,10.8,15.92,94,72,Lamongan,-7.1175,112.4154
2022-10-27,32.0,23.9,27.2,1.6,1.6,4.25,8.9,19.22,95,51,Lamongan,-7.1175,112.4154
2022-10-28,31.8,24.5,27.7,0.0,0.0,5.89,16.9,24.6,76,51,Lamongan,-7.1175,112.4154
2022-10-29,31.6,23.5,27.3,0.5,0.5,4.76,9.4,21.13,84,50,Lamongan,-7.1175,112.4154
2022-10-30,32.5,23.6,27.7,0.2,0.2,5.98,20.5,24.59,80,49,Lamongan,-7.1175,112.4154
2022-10-31,32.1,23.5,27.7,0.1,0.1,5.49,12.3,24.57,89,47,Lamongan,-7.1175,112.4154
2022-11-01,30.9,23.8,26.7,6.7,6.7,4.28,11.6,20.43,93,62,Lamongan,-7.1175,112.4154
2022-11-02,31.9,23.7,27.6,0.9,0.9,4.64,10.1,21.91,95,57,Lamongan,-7.1175,112.4154
2022-11-03,32.2,24.5,27.8,7.9,7.9,5.11,18.4,24.07,96,57,Lamongan,-7.1175,112.4154
2022-11-04,31.8,24.2,27.4,2.8,2.8,4.45,13.4,21.47,94,61,Lamongan,-7.1175,112.4154
2022-11-05,31.8,24.3,27.6,2.1,2.1,4.55,12.0,22.04,99,62,Lamongan,-7.1175,112.4154
2022-11-06,31.0,23.8,26.6,13.4,13.4,4.23,13.7,20.65,96,64,Lamongan,-7.1175,112.4154
2022-11-07,28.7,23.5,26.0,3.5,3.5,2.43,11.4,11.45,97,74,Lamongan,-7.1175,112.4154
2022-11-08,31.4,24.0,27.1,0.4,0.4,4.42,19.1,20.72,96,60,Lamongan,-7.1175,112.4154
2022-11-09,29.1,23.9,26.3,7.5,7.5,3.09,9.9,15.05,95,74,Lamongan,-7.1175,112.4154
2022-11-10,31.4,23.5,26.7,7.6,7.6,4.13,10.4,19.89,96,64,Lamongan,-7.1175,112.4154
2022-11-11,31.4,24.1,26.8,12.2,12.2,4.04,9.5,19.5,96,64,Lamongan,-7.1175,112.4154
2022-11-12,28.9,24.2,26.5,9.3,9.3,3.42,9.4,16.9,96,76,Lamongan,-7.1175,112.4154
2022-11-13,29.0,24.3,26.6,5.7,5.7,3.18,12.6,15.42,96,76,Lamongan,-7.1175,112.4154
2022-11-14,30.2,25.0,26.8,12.1,12.1,3.11,12.2,14.98,96,73,Lamongan,-7.1175,112.4154
2022-11-15,29.5,23.8,26.3,12.1,12.1,3.12,14.2,15.14,98,73,Lamongan,-7.1175,112.4154
2022-11-16,28.8,24.1,26.3,13.6,13.6,2.28,16.3,10.85,97,77,Lamongan,-7.1175,112.4154
2022-11-17,32.2,24.0,27.2,11.5,11.5,4.31,15.4,20.31,96,62,Lamongan,-7.1175,112.4154
2022-11-18,31.6,24.7,27.3,9.3,9.3,3.91,15.3,17.38,95,59,Lamongan,-7.1175,112.4154
2022-11-19,27.8,23.9,25.4,15.8,15.8,1.4,14.2,6.11,99,78,Lamongan,-7.1175,112.4154
2022-11-20,30.0,23.8,26.6,3.5,3.5,3.97,13.8,19.63,99,69,Lamongan,-7.1175,112.4154
2022-11-21,32.8,23.7,27.3,0.9,0.9,5.19,17.1,24.21,99,52,Lamongan,-7.1175,112.4154
2022-11-22,32.4,24.3,27.7,4.1,4.1,4.49,13.7,19.77,95,57,Lamongan,-7.1175,112.4154
2022-11-23,30.0,24.8,26.6,12.2,12.2,3.08,13.4,14.89,95,71,Lamongan,-7.1175,112.4154
2022-11-24,31.0,24.4,26.3,33.4,33.4,3.18,10.4,14.98,96,66,Lamongan,-7.1175,112.4154
2022-11-25,30.4,24.2,26.5,9.5,9.5,3.98,11.9,19.35,97,69,Lamongan,-7.1175,112.4154
2022-11-26,28.5,23.4,25.4,8.5,8.5,2.76,11.0,13.49,96,76,Lamongan,-7.1175,112.4154
2022-11-27,29.2,23.4,25.8,4.4,4.4,2.94,14.0,14.46,96,74,Lamongan,-7.1175,112.4154
2022-11-28,30.3,24.0,26.2,23.7,23.7,3.16,8.0,14.96,96,69,Lamongan,-7.1175,112.4154
2022-11-29,29.8,24.1,26.4,14.6,14.6,3.12,10.1,15.13,95,75,Lamongan,-7.1175,112.4154
2022-11-30,31.2,24.5,26.6,4.5,4.5,4.09,16.0,19.39,93,62,Lamongan,-7.1175,112.4154
2022-12-01,31.5,24.0,26.7,13.4,13.4,4.21,12.1,20.2,94,61,Lamongan,-7.1175,112.4154
2022-12-02,29.9,23.6,26.3,1.5,1.5,3.73,12.7,18.15,97,69,Lamongan,-7.1175,112.4154
2022-12-03,31.4,23.9,27.1,2.4,2.4,4.57,15.1,22.22,97,61,Lamongan,-7.1175,112.4154
2022-12-04,30.3,23.5,26.7,7.1,7.1,4.29,9.9,21.3,97,71,Lamongan,-7.1175,112.4154
2022-12-05,29.1,23.4,26.1,9.8,9.8,3.17,11.0,16.05,96,77,Lamongan,-7.1175,112.4154
2022-12-06,31.0,24.4,26.9,3.5,3.5,4.19,10.5,20.38,98,66,Lamongan,-7.1175,112.4154
2022-12-07,30.2,24.1,26.7,6.1,6.1,3.95,13.8,19.1,96,69,Lamongan,-7.1175,112.4154
2022-12-08,31.8,23.4,27.7,1.2,1.2,5.22,9.0,24.57,97,58,Lamongan,-7.1175,112.4154
2022-12-09,32.2,23.4,27.6,2.5,2.5,5.21,11.5,24.73,95,57,Lamongan,-7.1175,112.4154
2022-12-10,32.4,23.6,27.9,0.3,0.3,5.16,8.4,24.52,96,53,Lamongan,-7.1175,112.4154
2022-12-11,32.8,24.5,28.2,0.3,0.3,5.54,14.3,25.61,91,52,Lamongan,-7.1175,112.4154
2022-12-12,32.5,24.0,28.1,1.0,1.0,5.14,10.9,23.95,93,54,Lamongan,-7.1175,112.4154
2022-12-13,32.5,24.2,27.8,6.8,6.8,4.73,10.8,22.19,94,59,Lamongan,-7.1175,112.4154
2022-12-14,30.4,24.5,26.6,7.9,7.9,3.6,13.8,17.7,93,70,Lamongan,-7.1175,112.4154
2022-12-15,31.5,24.0,26.6,10.2,10.2,3.98,15.3,19.2,96,60,Lamongan,-7.1175,112.4154
2022-12-16,29.2,24.5,26.0,24.2,24.2,2.46,16.2,11.31,94,76,Lamongan,-7.1175,112.4154
2022-12-17,31.2,24.4,26.7,10.3,10.3,3.87,18.9,18.62,93,65,Lamongan,-7.1175,112.4154
2022-12-18,31.6,23.5,27.2,1.5,1.5,4.87,11.7,23.48,96,60,Lamongan,-7.1175,112.4154
2022-12-19,31.7,23.8,26.7,4.7,4.7,4.65,14.4,22.76,95,63,Lamongan,-7.1175,112.4154
2022-12-20,33.2,24.0,27.1,11.8,11.8,4.84,14.0,23.56,97,56,Lamongan,-7.1175,112.4154
2022-12-21,32.3,24.1,27.0,22.0,22.0,4.38,12.3,20.85,94,62,Lamongan,-7.1175,112.4154
2022-12-22,30.1,24.6,26.5,6.2,6.2,3.24,23.5,14.69,91,70,Lamongan,-7.1175,112.4154
2022-12-23,31.1,24.4,26.3,5.9,5.9,3.37,24.1,14.53,91,61,Lamongan,-7.1175,112.4154
2022-12-24,30.8,24.2,26.2,4.8,4.8,3.17,23.8,14.1,94,61,Lamongan,-7.1175,112.4154
2022-12-25,28.0,24.0,25.4,16.9,16.9,1.87,19.1,8.82,94,81,Lamongan,-7.1175,112.4154
2022-12-26,28.7,23.9,25.3,14.8,14.8,2.26,17.7,10.48,94,73,Lamongan,-7.1175,112.4154
2022-12-27,28.3,23.4,25.0,12.8,12.8,2.37,20.8,11.55,94,75,Lamongan,-7.1175,112.4154
2022-12-28,31.0,24.0,26.2,35.1,35.1,3.69,18.8,18.19,95,67,Lamongan,-7.1175,112.4154
2022-12-29,27.5,24.2,25.6,15.6,15.6,2.16,20.7,10.46,94,80,Lamongan,-7.1175,112.4154
2022-12-30,26.9,23.9,25.0,13.0,13.0,1.46,19.5,6.74,95,82,Lamongan,-7.1175,112.4154
2022-12-31,27.1,23.0,24.9,20.5,20.5,2.05,27.9,9.92,98,83,Lamongan,-7.1175,112.4154
2023-01-01,28.4,23.6,25.5,14.6,14.6,2.64,23.5,12.84,96,76,Lamongan,-7.1175,112.4154
2023-01-02,29.5,23.6,26.3,2.0,2.0,3.98,28.2,19.48,94,73,Lamongan,-7.1175,112.4154
2023-01-03,30.1,24.0,26.6,1.7,1.7,4.37,19.9,20.46,91,66,Lamongan,-7.1175,112.4154
2023-01-04,31.1,24.6,26.6,3.3,3.3,4.41,25.7,20.3,88,64,Lamongan,-7.1175,112.4154
2023-01-05,30.9,23.9,26.6,15.4,15.4,4.2,22.3,20.15,91,65,Lamongan,-7.1175,112.4154
2023-01-06,30.9,24.4,26.5,37.2,37.2,3.68,14.2,17.93,93,67,Lamongan,-7.1175,112.4154
2023-01-07,32.1,24.2,27.2,3.8,3.8,4.96,17.8,23.32,92,58,Lamongan,-7.1175,112.4154
2023-01-08,31.2,24.0,26.7,8.0,8.0,4.29,11.2,20.94,95,66,Lamongan,-7.1175,112.4154
2023-01-09,31.4,22.9,26.0,8.7,8.7,4.56,16.9,22.47,99,62,Lamongan,-7.1175,112.4154
2023-01-10,29.9,23.4,26.0,3.0,3.0,3.95,15.1,19.77,98,74,Lamongan,-7.1175,112.4154
2023-01-11,31.2,24.2,27.3,1.4,1.4,4.79,11.5,23.12,97,63,Lamongan,-7.1175,112.4154
2023-01-12,31.2,23.0,27.1,1.3,1.3,4.69,8.4,22.86,97,62,Lamongan,-7.1175,112.4154
2023-01-13,32.0,23.0,27.3,2.5,2.5,5.2,7.4,25.01,94,54,Lamongan,-7.1175,112.4154
2023-01-14,31.6,24.1,27.5,1.4,1.4,5.15,17.4,24.37,96,58,Lamongan,-7.1175,112.4154
2023-01-15,30.4,24.4,26.8,13.8,13.8,4.16,16.3,20.34,92,68,Lamongan,-7.1175,112.4154
2023-01-16,30.2,24.0,26.3,11.7,11.7,3.71,18.7,18.63,95,71,Lamongan,-7.1175,112.4154
2023-01-17,30.0,24.5,26.2,6.6,6.6,3.23,16.3,16.13,96,74,Lamongan,-7.1175,112.4154
2023-01-18,30.6,24.1,26.1,7.4,7.4,3.45,12.6,16.76,95,70,Lamongan,-7.1175,112.4154
2023-01-19,30.0,23.8,26.1,6.7,6.7,3.37,13.0,16.31,95,69,Lamongan,-7.1175,112.4154
2023-01-20,30.2,23.2,26.2,2.5,2.5,3.73,14.4,18.44,95,70,Lamongan,-7.1175,112.4154
2023-01-21,31.4,23.5,26.3,27.8,27.8,4.69,9.7,23.0,96,61,Lamongan,-7.1175,112.4154
2023-01-22,30.2,23.6,26.4,5.1,5.1,4.18,14.9,21.14,96,70,Lamongan,-7.1175,112.4154
2023-01-23,30.6,24.1,27.0,1.4,1.4,4.46,11.8,21.74,98,64,Lamongan,-7.1175,112.4154
2023-01-24,31.1,24.5,26.8,7.2,7.2,4.35,15.5,21.15,96,67,Lamongan,-7.1175,112.4154
2023-01-25,29.3,23.2,25.5,24.2,24.2,3.23,15.0,16.11,96,73,Lamongan,-7.1175,112.4154
2023-01-26,29.8,23.9,25.8,33.9,33.9,2.87,14.8,13.99,95,74,Lamongan,-7.1175,112.4154
2023-01-27,29.0,23.9,25.8,23.4,23.4,2.73,17.2,13.45,96,74,Lamongan,-7.1175,112.4154
2023-01-28,28.5,24.2,25.5,18.0,18.0,2.23,18.1,10.92,96,79,Lamongan,-7.1175,112.4154
2023-01-29,29.8,23.9,25.8,9.8,9.8,3.1,16.8,15.63,95,73,Lamongan,-7.1175,112.4154
2023-01-30,30.4,23.9,26.4,2.1,2.1,3.52,21.9,17.81,95,70,Lamongan,-7.1175,112.4154
2023-01-31,31.0,24.4,26.7,18.0,18.0,3.63,16.0,17.67,96,68,Lamongan,-7.1175,112.4154
2023-02-01,30.3,24.2,26.0,14.1,14.1,2.81,17.7,13.59,93,70,Lamongan,-7.1175,112.4154
2023-02-02,28.5,24.6,25.8,19.2,19.2,1.78,14.9,7.83,96,77,Lamongan,-7.1175,112.4154
2023-02-03,28.9,23.9,25.9,7.2,7.2,2.17,19.5,9.11,96,73,Lamongan,-7.1175,112.4154
2023-02-04,30.3,24.5,26.3,7.2,7.2,3.45,16.3,16.95,95,68,Lamongan,-7.1175,112.4154
2023-02-05,29.6,23.9,26.2,7.5,7.5,3.24,17.0,15.65,96,72,Lamongan,-7.1175,112.4154
2023-02-06,29.4,24.3,26.4,12.5,12.5,3.59,16.2,17.29,92,71,Lamongan,-7.1175,112.4154
2023-02-07,29.8,23.9,26.1,13.6,13.6,2.99,18.8,14.5,95,65,Lamongan,-7.1175,112.4154
2023-02-08,28.3,23.5,25.8,14.2,14.2,2.4,15.3,11.41,96,79,Lamongan,-7.1175,112.4154
2023-02-09,29.2,23.7,25.7,22.2,22.2,3.18,14.7,16.2,94,76,Lamongan,-7.1175,112.4154
2023-02-10,29.9,23.8,26.2,7.0,7.0,3.83,17.6,19.11,97,71,Lamongan,-7.1175,112.4154
2023-02-11,28.6,24.0,25.7,16.4,16.4,2.8,25.3,14.37,97,79,Lamongan,-7.1175,112.4154
2023-02-12,28.0,24.2,25.7,10.1,10.1,2.24,16.3,11.19,97,82,Lamongan,-7.1175,112.4154
2023-02-13,30.5,24.0,25.9,17.6,17.6,3.6,21.1,18.48,94,71,Lamongan,-7.1175,112.4154
2023-02-14,30.5,23.5,26.1,7.5,7.5,4.16,22.9,21.24,95,68,Lamongan,-7.1175,112.4154
2023-02-15,29.1,23.8,25.6,17.3,17.3,3.16,16.6,16.0,95,74,Lamongan,-7.1175,112.4154
2023-02-16,28.8,23.7,25.3,24.0,24.0,2.63,21.2,13.18,95,79,Lamongan,-7.1175,112.4154
2023-02-17,29.7,23.5,25.9,13.5,13.5,3.67,17.9,19.05,95,73,Lamongan,-7.1175,112.4154
2023-02-18,29.9,24.0,25.9,21.1,21.1,3.3,16.6,16.51,94,75,Lamongan,-7.1175,112.4154
2023-02-19,31.1,23.7,26.7,11.1,11.1,4.78,17.6,23.44,95,63,Lamongan,-7.1175,112.4154
2023-02-20,30.6,23.9,26.0,9.1,9.1,3.96,17.6,19.95,94,66,Lamongan,-7.1175,112.4154
2023-02-21,30.2,24.1,26.1,13.7,13.7,3.72,16.0,18.96,96,68,Lamongan,-7.1175,112.4154
2023-02-22,30.0,23.9,26.1,35.7,35.7,3.56,19.6,18.72,96,71,Lamongan,-7.1175,112.4154
2023-02-23,29.0,24.0,26.0,9.4,9.4,3.03,21.1,15.64,95,75,Lamongan,-7.1175,112.4154
2023-02-24,29.4,24.4,26.4,9.7,9.7,3.15,23.9,15.57,94,76,Lamongan,-7.1175,112.4154
2023-02-25,29.9,24.4,26.7,8.0,8.0,3.55,19.1,16.97,94,76,Lamongan,-7.1175,112.4154
2023-02-26,28.5,24.2,25.8,11.8,11.8,3.11,24.3,15.09,95,73,Lamongan,-7.1175,112.4154
2023-02-27,28.2,24.0,25.5,10.1,10.1,2.37,20.0,11.85,96,80,Lamongan,-7.1175,112.4154
2023-02-28,29.6,24.0,25.8,19.8,19.8,2.99,21.4,14.29,95,72,Lamongan,-7.1175,112.4154
2023-03-01,30.4,23.6,25.5,21.0,21.0,3.37,15.8,16.74,96,67,Lamongan,-7.1175,112.4154
2023-03-02,26.2,23.3,24.6,66.8,66.8,1.93,19.3,9.48,96,82,Lamongan,-7.1175,112.4154
2023-03-03,30.5,23.8,26.1,3.7,3.7,4.48,19.1,22.86,95,65,Lamongan,-7.1175,112.4154
2023-03-04,31.5,23.2,26.4,16.1,16.1,4.58,13.7,22.82,97,63,Lamongan,-7.1175,112.4154
2023-03-05,30.8,23.1,25.9,12.6,12.6,3.68,17.0,18.54,98,63,Lamongan,-7.1175,112.4154
2023-03-06,30.9,24.0,26.7,2.5,2.5,4.22,12.5,20.58,96,68,Lamongan,-7.1175,112.4154
2023-03-07,32.1,23.4,26.6,1.9,1.9,5.11,16.9,24.89,95,54,Lamongan,-7.1175,112.4154
2023-03-08,30.6,23.5,25.8,7.1,7.1,4.13,12.9,20.63,98,66,Lamongan,-7.1175,112.4154
2023-03-09,30.0,23.3,26.5,1.8,1.8,4.63,12.6,23.25,99,69,Lamongan,-7.1175,112.4154
2023-03-10,31.0,23.3,26.9,0.8,0.8,4.58,8.4,22.47,98,62,Lamongan,-7.1175,112.4154
2023-03-11,31.5,24.0,27.4,1.2,1.2,4.88,17.3,23.62,97,64,Lamongan,-7.1175,112.4154
2023-03-12,31.4,23.3,27.1,3.6,3.6,4.81,10.7,23.21,97,60,Lamongan,-7.1175,112.4154
2023-03-13,30.9,24.2,26.5,8.9,8.9,4.59,14.3,22.98,95,61,Lamongan,-7.1175,112.4154
2023-03-14,29.5,23.0,25.4,6.1,6.1,3.73,14.8,18.51,97,69,Lamongan,-7.1175,112.4154
2023-03-15,30.2,23.1,26.6,1.2,1.2,4.5,11.4,22.48,94,68,Lamongan,-7.1175,112.4154
2023-03-16,30.5,24.8,27.7,2.2,2.2,4.24,10.9,20.75,95,68,Lamongan,-7.1175,112.4154
2023-03-17,30.4,24.8,27.1,6.1,6.1,4.29,10.1,21.2,95,71,Lamongan,-7.1175,112.4154
2023-03-18,31.6,24.1,27.1,0.7,0.7,4.63,17.1,23.04,98,64,Lamongan,-7.1175,112.4154
2023-03-19,30.8,24.6,27.4,2.5,2.5,4.32,12.4,21.28,98,69,Lamongan,-7.1175,112.4154
2023-03-20,31.9,24.0,26.9,14.6,14.6,4.32,9.2,20.92,96,63,Lamongan,-7.1175,112.4154
2023-03-21,31.0,23.1,27.2,3.2,3.2,4.99,12.2,24.46,96,66,Lamongan,-7.1175,112.4154
2023-03-22,31.3,23.6,27.1,11.0,11.0,4.45,10.1,21.86,94,63,Lamongan,-7.1175,112.4154
2023-03-23,31.2,23.8,27.2,17.4,17.4,4.56,12.5,22.58,95,68,Lamongan,-7.1175,112.4154
2023-03-24,31.2,24.8,26.9,23.2,23.2,3.88,9.7,18.8,96,68,Lamongan,-7.1175,112.4154
2023-03-25,29.6,23.8,26.3,13.8,13.8,3.59,9.6,17.95,97,77,Lamongan,-7.1175,112.4154
2023-03-26,29.4,23.5,26.2,6.3,6.3,3.88,12.6,19.76,97,77,Lamongan,-7.1175,112.4154
2023-03-27,30.1,24.4,26.3,8.7,8.7,2.74,16.2,13.36,95,71,Lamongan,-7.1175,112.4154
2023-03-28,28.9,24.6,26.3,17.0,17.0,2.77,13.5,13.68,97,77,Lamongan,-7.1175,112.4154
2023-03-29,30.7,23.8,26.8,1.4,1.4,3.71,13.6,17.79,98,66,Lamongan,-7.1175,112.4154
2023-03-30,30.8,24.6,26.5,23.9,23.9,3.41,13.7,16.67,95,71,Lamongan,-7.1175,112.4154
2023-03-31,29.9,23.9,25.9,17.3,17.3,3.11,12.4,15.18,96,72,Lamongan,-7.1175,112.4154
2023-04-01,30.0,23.9,25.6,21.7,21.7,3.07,10.5,14.71,97,74,Lamongan,-7.1175,112.4154
2023-04-02,30.1,22.9,25.7,14.3,14.3,3.27,10.3,16.1,97,71,Lamongan,-7.1175,112.4154
2023-04-03,30.0,24.0,26.1,10.1,10.1,3.39,8.3,16.51,98,74,Lamongan,-7.1175,112.4154
2023-04-04,30.1,23.4,26.4,1.3,1.3,3.5,10.5,16.6,96,70,Lamongan,-7.1175,112.4154
2023-04-05,30.0,24.0,26.7,3.3,3.3,3.67,10.1,17.83,96,69,Lamongan,-7.1175,112.4154
2023-04-06,30.6,23.5,26.1,9.7,9.7,3.62,10.8,17.93,96,70,Lamongan,-7.1175,112.4154
2023-04-07,30.0,23.9,26.4,3.3,3.3,3.35,13.0,16.26,97,70,Lamongan,-7.1175,112.4154
2023-04-08,31.7,23.5,26.7,9.0,9.0,4.12,12.9,19.41,96,58,Lamongan,-7.1175,112.4154
2023-04-09,31.1,23.9,26.9,3.9,3.9,4.32,14.6,20.96,96,61,Lamongan,-7.1175,112.4154
2023-04-10,31.1,24.5,26.7,3.5,3.5,4.11,15.6,19.93,93,67,Lamongan,-7.1175,112.4154
2023-04-11,31.2,23.9,27.3,0.8,0.8,4.41,13.5,21.15,95,67,Lamongan,-7.1175,112.4154
2023-04-12,31.3,24.9,27.1,13.3,13.3,3.86,11.8,18.49,95,64,Lamongan,-7.1175,112.4154
2023-04-13,30.1,24.8,26.5,31.9,31.9,3.12,12.4,14.53,95,75,Lamongan,-7.1175,112.4154
2023-04-14,31.2,24.6,27.1,4.3,4.3,3.67,9.4,17.32,93,64,Lamongan,-7.1175,112.4154
2023-04-15,31.4,24.1,27.3,7.8,7.8,3.93,12.3,18.89,97,63,Lamongan,-7.1175,112.4154
2023-04-16,31.4,24.8,27.3,8.5,8.5,4.32,12.6,20.94,92,64,Lamongan,-7.1175,112.4154
2023-04-17,28.8,24.2,26.7,7.2,7.2,2.96,10.1,14.48,95,79,Lamongan,-7.1175,112.4154
2023-04-18,30.0,25.2,27.4,3.7,3.7,3.61,9.7,17.98,96,76,Lamongan,-7.1175,112.4154
2023-04-19,31.5,24.5,28.0,0.4,0.4,4.74,11.0,22.79,97,63,Lamongan,-7.1175,112.4154
2023-04-20,31.8,24.9,27.6,1.6,1.6,4.14,10.1,19.9,96,64,Lamongan,-7.1175,112.4154
2023-04-21,29.8,24.0,27.1,1.7,1.7,3.55,14.5,17.51,96,75,Lamongan,-7.1175,112.4154
2023-04-22,30.9,25.5,27.7,1.2,1.2,3.87,12.7,19.22,92,67,Lamongan,-7.1175,112.4154
2023-04-23,31.7,25.1,28.4,2.0,2.0,4.68,16.2,21.91,95,62,Lamongan,-7.1175,112.4154
2023-04-24,31.6,25.8,28.4,2.0,2.0,4.55,16.7,21.45,94,63,Lamongan,-7.1175,112.4154
2023-04-25,32.1,23.9,28.1,0.8,0.8,4.72,14.8,22.09,96,59,Lamongan,-7.1175,112.4154
2023-04-26,30.5,24.9,27.8,3.2,3.2,4.02,13.0,19.59,92,70,Lamongan,-7.1175,112.4154
2023-04-27,31.8,25.0,28.2,3.7,3.7,4.19,12.7,19.8,97,60,Lamongan,-7.1175,112.4154
2023-04-28,29.9,25.2,27.0,12.2,12.2,2.82,14.3,13.83,98,75,Lamongan,-7.1175,112.4154
2023-04-29,28.6,24.8,26.3,17.3,17.3,2.36,12.8,11.5,95,79,Lamongan,-7.1175,112.4154
2023-04-30,31.1,25.0,27.5,5.1,5.1,3.64,12.7,17.5,95,67,Lamongan,-7.1175,112.4154
2023-05-01,30.8,25.1,27.4,2.9,2.9,3.91,13.1,19.09,96,67,Lamongan,-7.1175,112.4154
2023-05-02,29.4,23.8,26.9,9.6,9.6,2.85,13.6,13.91,96,77,Lamongan,-7.1175,112.4154
2023-05-03,30.1,26.0,27.7,6.3,6.3,3.21,15.5,15.35,95,74,Lamongan,-7.1175,112.4154
2023-05-04,31.0,25.9,27.8,4.6,4.6,3.94,15.5,19.4,93,70,Lamongan,-7.1175,112.4154
2023-05-05,31.6,23.7,27.8,0.0,0.0,4.35,12.6,20.72,96,64,Lamongan,-7.1175,112.4154
2023-05-06,30.5,24.1,27.6,4.3,4.3,3.79,9.7,18.65,96,71,Lamongan,-7.1175,112.4154
2023-05-07,32.2,24.6,27.8,1.3,1.3,4.26,15.9,20.3,96,62,Lamongan,-7.1175,112.4154
2023-05-08,33.1,24.0,28.3,0.0,0.0,4.54,8.7,20.82,93,45,Lamongan,-7.1175,112.4154
2023-05-09,33.0,24.5,27.7,10.6,10.6,3.77,13.0,17.71,97,55,Lamongan,-7.1175,112.4154
2023-05-10,30.2,25.9,27.3,3.0,3.0,2.76,24.6,11.94,95,73,Lamongan,-7.1175,112.4154
2023-05-11,28.5,25.0,26.7,32.0,32.0,2.17,15.5,9.91,94,80,Lamongan,-7.1175,112.4154
2023-05-12,31.5,24.4,28.1,1.6,1.6,4.2,18.7,19.38,97,67,Lamongan,-7.1175,112.4154
2023-05-13,31.0,24.8,27.5,1.6,1.6,3.98,14.0,18.95,94,69,Lamongan,-7.1175,112.4154
2023-05-14,32.0,22.6,27.0,0.0,0.0,4.64,11.3,21.79,89,54,Lamongan,-7.1175,112.4154
2023-05-15,31.5,22.6,26.9,0.2,0.2,4.5,10.0,21.57,90,51,Lamongan,-7.1175,112.4154
2023-05-16,31.0,22.4,27.1,0.6,0.6,4.3,8.4,20.81,97,57,Lamongan,-7.1175,112.4154
2023-05-17,31.0,22.8,27.2,0.0,0.0,4.47,10.2,21.01,89,55,Lamongan,-7.1175,112.4154
2023-05-18,31.4,23.2,27.5,0.6,0.6,4.39,7.8,21.03,87,56,Lamongan,-7.1175,112.4154
2023-05-19,31.9,23.5,27.9,0.0,0.0,4.49,11.2,20.33,88,53,Lamongan,-7.1175,112.4154
2023-05-20,32.0,24.0,28.3,0.0,0.0,4.89,14.9,21.2,91,52,Lamongan,-7.1175,112.4154
2023-05-21,31.5,24.0,28.1,0.3,0.3,4.89,13.0,21.45,88,54,Lamongan,-7.1175,112.4154
2023-05-22,32.0,23.4,28.0,0.1,0.1,4.81,16.8,21.18,91,49,Lamongan,-7.1175,112.4154
2023-05-23,31.6,23.5,27.9,0.3,0.3,4.63,11.5,20.5,90,47,Lamongan,-7.1175,112.4154
2023-05-24,31.6,24.1,28.1,0.5,0.5,4.64,12.4,20.14,87,54,Lamongan,-7.1175,112.4154
2023-05-25,32.3,23.9,28.2,0.4,0.4,4.54,14.1,20.1,90,50,Lamongan,-7.1175,112.4154
2023-05-26,32.5,24.0,28.2,0.0,0.0,4.99,15.2,21.28,88,46,Lamongan,-7.1175,112.4154
2023-05-27,33.0,24.0,28.4,0.0,0.0,4.44,12.6,19.75,91,48,Lamongan,-7.1175,112.4154
2023-05-28,32.1,23.5,28.1,0.0,0.0,4.78,15.0,20.47,84,45,Lamongan,-7.1175,112.4154
2023-05-29,32.1,24.5,28.6,0.0,0.0,4.72,15.0,19.09,81,46,Lamongan,-7.1175,112.4154
2023-05-30,32.0,25.0,28.7,0.1,0.1,5.11,15.9,20.8,84,43,Lamongan,-7.1175,112.4154
2023-05-31,32.7,23.5,28.4,0.1,0.1,4.97,14.9,20.42,90,45,Lamongan,-7.1175,112.4154
2023-06-01,33.1,24.1,28.8,0.0,0.0,5.04,16.2,20.88,89,41,Lamongan,-7.1175,112.4154
2023-06-02,33.5,24.3,29.0,0.0,0.0,5.15,20.3,20.73,90,48,Lamongan,-7.1175,112.4154
2023-06-03,33.2,24.5,29.1,0.3,0.3,4.89,13.0,20.75,87,50,Lamongan,-7.1175,112.4154
2023-06-04,32.7,25.1,28.6,1.0,1.0,4.13,12.7,18.65,86,52,Lamongan,-7.1175,112.4154
2023-06-05,32.8,24.6,27.7,11.5,11.5,3.7,14.9,16.94,92,53,Lamongan,-7.1175,112.4154
2023-06-06,32.7,24.5,28.5,0.7,0.7,4.62,18.6,19.53,90,49,Lamongan,-7.1175,112.4154
2023-06-07,32.2,24.0,27.9,2.8,2.8,4.54,18.4,19.48,95,55,Lamongan,-7.1175,112.4154
2023-06-08,32.3,24.1,28.2,0.0,0.0,4.52,14.8,19.8,93,54,Lamongan,-7.1175,112.4154
2023-06-09,32.5,24.3,28.4,0.0,0.0,4.71,13.8,20.49,91,48,Lamongan,-7.1175,112.4154
2023-06-10,33.0,23.2,28.3,0.5,0.5,4.83,14.8,21.16,93,45,Lamongan,-7.1175,112.4154
2023-06-11,33.5,24.1,28.7,0.0,0.0,5.03,21.6,19.52,94,48,Lamongan,-7.1175,112.4154
2023-06-12,33.0,24.6,28.9,0.1,0.1,4.89,18.9,19.59,90,52,Lamongan,-7.1175,112.4154
2023-06-13,32.9,25.2,29.0,0.2,0.2,5.04,19.1,19.95,91,47,Lamongan,-7.1175,112.4154
2023-06-14,32.8,25.1,28.7,0.3,0.3,5.01,16.6,20.73,91,36,Lamongan,-7.1175,112.4154
2023-06-15,32.4,23.9,28.1,0.0,0.0,4.43,14.5,18.46,87,43,Lamongan,-7.1175,112.4154
2023-06-16,32.5,24.5,28.3,0.1,0.1,4.46,13.7,19.39,87,48,Lamongan,-7.1175,112.4154
2023-06-17,32.8,24.5,28.4,0.6,0.6,4.77,17.3,20.02,97,49,Lamongan,-7.1175,112.4154
2023-06-18,32.2,24.3,28.3,0.0,0.0,4.87,16.5,20.51,89,48,Lamongan,-7.1175,112.4154
2023-06-19,33.0,25.1,28.9,2.8,2.8,4.73,13.5,20.16,88,47,Lamongan,-7.1175,112.4154
2023-06-20,33.0,23.8,28.1,1.2,1.2,4.34,13.6,18.5,96,49,Lamongan,-7.1175,112.4154
2023-06-21,33.7,24.7,29.1,0.0,0.0,4.77,14.7,19.77,88,42,Lamongan,-7.1175,112.4154
2023-06-22,33.5,24.0,28.6,0.3,0.3,4.88,19.3,20.56,88,43,Lamongan,-7.1175,112.4154
2023-06-23,33.2,24.7,28.6,0.4,0.4,4.67,13.1,19.94,95,39,Lamongan,-7.1175,112.4154
2023-06-24,33.0,23.9,28.5,0.0,0.0,4.81,15.7,20.64,88,44,Lamongan,-7.1175,112.4154
2023-06-25,32.3,24.4,28.0,1.8,1.8,4.21,10.4,18.94,92,51,Lamongan,-7.1175,112.4154
2023-06-26,32.5,23.9,27.9,1.2,1.2,4.08,9.2,18.71,93,50,Lamongan,-7.1175,112.4154
2023-06-27,32.8,24.9,28.0,0.3,0.3,4.45,12.1,18.65,84,50,Lamongan,-7.1175,112.4154
2023-06-28,33.6,23.0,27.9,1.3,1.3,4.34,13.2,19.63,94,47,Lamongan,-7.1175,112.4154
2023-06-29,33.2,23.3,28.0,0.4,0.4,3.77,9.5,17.13,94,52,Lamongan,-7.1175,112.4154
2023-06-30,34.2,23.8,28.7,0.0,0.0,4.42,11.8,19.24,91,44,Lamongan,-7.1175,112.4154
2023-07-01,33.5,23.8,27.8,2.2,2.2,3.8,11.7,17.01,91,50,Lamongan,-7.1175,112.4154
2023-07-02,33.0,24.0,26.6,18.2,18.2,3.38,15.6,16.08,95,54,Lamongan,-7.1175,112.4154
2023-07-03,32.2,23.1,27.2,2.8,2.8,3.79,11.2,17.95,99,53,Lamongan,-7.1175,112.4154
2023-07-04,31.8,23.9,27.1,8.3,8.3,3.71,10.2,17.64,94,59,Lamongan,-7.1175,112.4154
2023-07-05,32.8,23.4,27.3,1.6,1.6,3.89,12.2,17.97,97,55,Lamongan,-7.1175,112.4154
2023-07-06,33.6,23.4,27.7,0.4,0.4,4.24,13.8,18.9,96,51,Lamongan,-7.1175,112.4154
2023-07-07,31.5,23.9,26.6,5.5,5.5,3.13,9.3,14.75,96,58,Lamongan,-7.1175,112.4154
2023-07-08,29.1,23.1,26.0,2.1,2.1,2.84,14.9,13.53,97,69,Lamongan,-7.1175,112.4154
2023-07-09,32.8,23.0,27.7,0.4,0.4,4.64,17.7,19.35,97,49,Lamongan,-7.1175,112.4154
2023-07-10,33.5,22.8,28.1,0.0,0.0,4.69,12.4,19.94,94,47,Lamongan,-7.1175,112.4154
2023-07-11,33.3,23.5,27.7,0.2,0.2,4.33,14.4,19.3,89,43,Lamongan,-7.1175,112.4154
2023-07-12,32.4,22.2,27.4,0.0,0.0,4.39,12.3,18.77,87,42,Lamongan,-7.1175,112.4154
2023-07-13,34.0,24.0,28.3,0.1,0.1,4.86,14.8,19.2,81,42,Lamongan,-7.1175,112.4154
2023-07-14,32.9,24.1,27.9,0.9,0.9,4.26,10.7,18.42,87,52,Lamongan,-7.1175,112.4154
2023-07-15,33.7,22.7,27.8,0.2,0.2,4.44,7.7,19.98,92,43,Lamongan,-7.1175,112.4154
2023-07-16,32.5,22.9,27.5,0.1,0.1,4.04,8.0,19.03,90,47,Lamongan,-7.1175,112.4154
2023-07-17,33.3,21.4,27.1,0.0,0.0,5.08,16.6,21.89,92,33,Lamongan,-7.1175,112.4154
2023-07-18,33.6,22.1,27.6,0.0,0.0,5.7,21.5,21.93,91,30,Lamongan,-7.1175,112.4154
2023-07-19,33.6,22.2,27.2,0.0,0.0,5.09,12.3,21.77,93,35,Lamongan,-7.1175,112.4154
2023-07-20,33.3,21.2,26.9,0.0,0.0,4.92,13.8,21.65,85,35,Lamongan,-7.1175,112.4154
2023-07-21,33.2,21.7,27.1,0.0,0.0,4.4,13.2,19.33,90,40,Lamongan,-7.1175,112.4154
2023-07-22,32.8,21.8,27.1,0.0,0.0,4.98,18.8,21.72,82,35,Lamongan,-7.1175,112.4154
2023-07-23,32.5,23.1,27.8,0.5,0.5,4.33,13.2,17.7,90,47,Lamongan,-7.1175,112.4154
2023-07-24,32.9,22.6,27.6,0.3,0.3,4.3,11.4,18.37,96,45,Lamongan,-7.1175,112.4154
2023-07-25,33.1,23.5,27.8,0.4,0.4,4.65,15.6,19.74,99,45,Lamongan,-7.1175,112.4154
2023-07-26,33.2,22.5,27.6,0.1,0.1,4.58,15.9,19.63,91,39,Lamongan,-7.1175,112.4154
2023-07-27,32.8,21.5,26.8,0.0,0.0,4.85,12.7,20.9,83,35,Lamongan,-7.1175,112.4154
2023-07-28,32.5,22.0,26.9,0.0,0.0,5.23,14.4,21.77,87,36,Lamongan,-7.1175,112.4154
2023-07-29,32.6,21.5,27.1,0.0,0.0,5.39,17.0,22.02,86,35,Lamongan,-7.1175,112.4154
2023-07-30,32.9,20.8,26.9,0.0,0.0,5.31,19.1,22.28,88,37,Lamongan,-7.1175,112.4154
2023-07-31,32.9,21.5,27.0,0.0,0.0,5.36,19.8,22.14,87,40,Lamongan,-7.1175,112.4154
2023-08-01,33.6,22.0,27.8,0.0,0.0,5.18,17.7,20.74,90,44,Lamongan,-7.1175,112.4154
2023-08-02,34.3,22.9,28.3,0.4,0.4,5.06,15.3,20.81,93,45,Lamongan,-7.1175,112.4154
2023-08-03,33.8,24.1,28.3,0.1,0.1,5.43,20.6,20.96,93,32,Lamongan,-7.1175,112.4154
2023-08-04,33.7,23.5,28.1,0.0,0.0,4.82,19.6,19.9,90,41,Lamongan,-7.1175,112.4154
2023-08-05,33.8,22.3,27.8,0.0,0.0,5.37,18.3,22.48,89,35,Lamongan,-7.1175,112.4154
2023-08-06,34.1,23.5,28.3,0.2,0.2,5.07,18.2,21.06,88,42,Lamongan,-7.1175,112.4154
2023-08-07,33.7,22.8,28.0,0.6,0.6,5.19,16.3,22.24,92,40,Lamongan,-7.1175,112.4154
2023-08-08,32.8,23.4,27.8,0.0,0.0,5.22,17.9,21.16,95,41,Lamongan,-7.1175,112.4154
2023-08-09,33.3,22.8,27.6,0.0,0.0,5.45,16.4,22.85,85,33,Lamongan,-7.1175,112.4154
2023-08-10,33.1,22.1,27.3,0.0,0.0,5.06,15.8,22.11,87,38,Lamongan,-7.1175,112.4154
2023-08-11,33.2,21.1,26.9,0.0,0.0,5.28,15.9,23.1,92,29,Lamongan,-7.1175,112.4154
2023-08-12,33.5,21.2,27.1,0.3,0.3,5.49,17.0,23.52,86,26,Lamongan,-7.1175,112.4154
2023-08-13,33.4,21.5,27.6,0.1,0.1,5.58,15.7,23.1,91,32,Lamongan,-7.1175,112.4154
2023-08-14,33.5,22.5,27.8,0.0,0.0,5.41,17.7,22.91,88,33,Lamongan,-7.1175,112.4154
2023-08-15,34.0,22.2,27.9,0.2,0.2,5.17,16.6,21.98,92,38,Lamongan,-7.1175,112.4154
2023-08-16,34.0,22.2,27.8,0.1,0.1,5.59,17.4,23.36,90,28,Lamongan,-7.1175,112.4154
2023-08-17,33.7,22.1,27.3,0.1,0.1,4.96,16.4,20.71,83,37,Lamongan,-7.1175,112.4154
2023-08-18,33.5,21.9,27.3,1.2,1.2,4.96,14.6,20.81,94,37,Lamongan,-7.1175,112.4154
2023-08-19,34.0,22.1,27.5,0.0,0.0,5.65,17.7,23.29,88,35,Lamongan,-7.1175,112.4154
2023-08-20,34.0,23.3,28.4,0.0,0.0,6.16,20.7,23.6,87,35,Lamongan,-7.1175,112.4154
2023-08-21,33.8,22.5,28.3,0.0,0.0,5.78,17.1,23.04,89,38,Lamongan,-7.1175,112.4154
2023-08-22,33.5,23.2,28.1,0.2,0.2,5.73,19.7,22.65,86,37,Lamongan,-7.1175,112.4154
2023-08-23,33.6,22.6,27.9,0.0,0.0,5.8,17.3,23.8,83,33,Lamongan,-7.1175,112.4154
2023-08-24,33.8,22.6,28.1,0.0,0.0,6.33,22.9,24.02,85,28,Lamongan,-7.1175,112.4154
2023-08-25,34.8,23.3,28.4,0.4,0.4,5.56,16.8,23.45,86,37,Lamongan,-7.1175,112.4154
2023-08-26,35.1,24.0,28.8,0.2,0.2,5.75,17.7,23.24,84,29,Lamongan,-7.1175,112.4154
2023-08-27,33.7,23.0,28.4,0.1,0.1,5.38,13.6,22.56,81,36,Lamongan,-7.1175,112.4154
2023-08-28,34.5,22.3,28.0,0.0,0.0,6.0,18.3,24.65,88,27,Lamongan,-7.1175,112.4154
2023-08-29,34.7,22.7,28.3,0.0,0.0,6.0,16.6,24.59,91,25,Lamongan,-7.1175,112.4154
2023-08-30,34.0,22.2,27.7,0.0,0.0,5.41,15.9,22.98,90,38,Lamongan,-7.1175,112.4154
2023-08-31,33.8,22.6,28.2,0.0,0.0,5.58,16.5,23.49,91,36,Lamongan,-7.1175,112.4154
2023-09-01,33.9,22.9,28.0,0.0,0.0,5.72,16.4,23.75,85,34,Lamongan,-7.1175,112.4154
2023-09-02,34.0,22.1,27.9,0.0,0.0,6.26,16.1,24.97,82,24,Lamongan,-7.1175,112.4154
2023-09-03,33.6,23.0,27.8,0.0,0.0,6.24,18.6,25.01,82,21,Lamongan,-7.1175,112.4154
2023-09-04,34.3,21.9,27.6,0.0,0.0,6.12,15.5,25.32,84,17,Lamongan,-7.1175,112.4154
2023-09-05,34.5,21.8,28.1,0.0,0.0,6.24,18.4,24.8,79,33,Lamongan,-7.1175,112.4154
2023-09-06,35.2,22.9,28.6,0.0,0.0,5.82,16.5,23.64,85,35,Lamongan,-7.1175,112.4154
2023-09-07,34.5,23.4,28.7,1.0,1.0,5.48,12.3,23.53,81,38,Lamongan,-7.1175,112.4154
2023-09-08,35.6,23.4,28.4,0.5,0.5,5.05,17.1,20.68,82,34,Lamongan,-7.1175,112.4154
2023-09-09,35.7,21.4,28.2,0.0,0.0,5.84,18.2,25.48,90,28,Lamongan,-7.1175,112.4154
2023-09-10,35.2,22.4,28.7,0.0,0.0,6.54,22.4,25.22,84,29,Lamongan,-7.1175,112.4154
2023-09-11,35.5,23.8,29.2,0.0,0.0,6.41,20.8,24.94,79,31,Lamongan,-7.1175,112.4154
2023-09-12,36.0,23.8,29.3,0.0,0.0,6.35,20.3,24.49,87,25,Lamongan,-7.1175,112.4154
2023-09-13,35.3,23.5,29.1,0.4,0.4,6.27,20.9,24.26,84,31,Lamongan,-7.1175,112.4154
2023-09-14,34.5,24.3,28.7,0.7,0.7,5.7,22.5,21.95,84,40,Lamongan,-7.1175,112.4154
2023-09-15,34.8,22.4,28.5,0.0,0.0,6.63,20.9,25.24,89,32,Lamongan,-7.1175,112.4154
2023-09-16,34.3,24.0,28.9,0.0,0.0,5.87,18.4,23.51,82,41,Lamongan,-7.1175,112.4154
2023-09-17,35.7,23.9,28.6,20.1,20.1,5.52,14.8,23.51,94,37,Lamongan,-7.1175,112.4154
2023-09-18,33.7,23.4,28.5,1.0,1.0,5.28,14.9,22.51,96,41,Lamongan,-7.1175,112.4154
2023-09-19,34.7,23.2,28.6,0.6,0.6,4.81,13.0,20.34,84,39,Lamongan,-7.1175,112.4154
2023-09-20,34.8,23.5,28.7,0.7,0.7,5.52,15.0,23.18,82,39,Lamongan,-7.1175,112.4154
2023-09-21,35.8,22.6,28.8,0.0,0.0,5.9,19.8,24.25,86,34,Lamongan,-7.1175,112.4154
2023-09-22,35.4,22.6,28.2,0.0,0.0,5.85,15.6,24.48,83,30,Lamongan,-7.1175,112.4154
2023-09-23,35.8,22.5,28.6,0.0,0.0,6.75,23.5,25.96,85,24,Lamongan,-7.1175,112.4154
2023-09-24,36.0,22.6,28.7,0.0,0.0,6.37,24.3,25.68,90,27,Lamongan,-7.1175,112.4154
2023-09-25,35.5,23.8,29.0,0.2,0.2,6.39,21.8,24.34,87,29,Lamongan,-7.1175,112.4154
2023-09-26,36.0,22.0,28.5,0.0,0.0,6.75,23.8,26.64,87,19,Lamongan,-7.1175,112.4154
2023-09-27,35.4,21.9,28.5,0.0,0.0,6.47,22.8,25.81,93,27,Lamongan,-7.1175,112.4154
2023-09-28,35.2,22.5,28.6,0.0,0.0,6.17,20.9,25.98,95,32,Lamongan,-7.1175,112.4154
2023-09-29,36.2,24.2,29.5,0.0,0.0,6.14,16.3,23.71,91,26,Lamongan,-7.1175,112.4154
2023-09-30,36.2,24.1,29.4,0.4,0.4,5.88,17.7,24.89,88,25,Lamongan,-7.1175,112.4154
2023-10-01,36.4,23.6,29.2,0.0,0.0,6.23,19.1,25.26,84,23,Lamongan,-7.1175,112.4154
2023-10-02,35.2,23.9,29.2,0.1,0.1,6.05,19.1,24.11,84,31,Lamongan,-7.1175,112.4154
2023-10-03,36.3,24.0,29.3,0.0,0.0,5.8,19.1,23.44,84,32,Lamongan,-7.1175,112.4154
2023-10-04,36.2,24.4,29.8,0.0,0.0,6.43,18.2,25.38,84,32,Lamongan,-7.1175,112.4154
2023-10-05,35.7,24.1,29.5,0.2,0.2,5.82,16.4,24.62,89,41,Lamongan,-7.1175,112.4154
2023-10-06,37.1,24.9,30.1,0.1,0.1,6.72,21.7,25.68,93,25,Lamongan,-7.1175,112.4154
2023-10-07,36.4,24.7,29.9,0.0,0.0,6.37,20.9,24.01,88,32,Lamongan,-7.1175,112.4154
2023-10-08,36.5,24.5,30.3,0.0,0.0,7.05,26.3,25.02,87,26,Lamongan,-7.1175,112.4154
2023-10-09,36.7,24.0,29.7,0.1,0.1,6.17,20.0,24.81,88,29,Lamongan,-7.1175,112.4154
2023-10-10,36.2,24.9,29.8,2.6,2.6,5.2,13.4,22.67,83,41,Lamongan,-7.1175,112.4154
2023-10-11,36.4,24.1,29.8,0.0,0.0,6.45,20.3,24.81,89,24,Lamongan,-7.1175,112.4154
2023-10-12,35.8,23.8,29.6,0.0,0.0,6.54,21.3,25.53,89,30,Lamongan,-7.1175,112.4154
2023-10-13,36.0,25.4,29.9,0.2,0.2,5.92,16.3,24.0,88,33,Lamongan,-7.1175,112.4154
2023-10-14,35.8,24.8,30.2,0.0,0.0,6.99,24.4,25.42,84,31,Lamongan,-7.1175,112.4154
2023-10-15,36.1,24.5,30.4,0.0,0.0,6.57,24.4,24.48,84,31,Lamongan,-7.1175,112.4154
2023-10-16,36.5,26.4,30.8,0.1,0.1,6.83,20.5,25.39,86,33,Lamongan,-7.1175,112.4154
2023-10-17,36.7,24.9,30.5,0.0,0.0,7.26,25.0,25.41,87,27,Lamongan,-7.1175,112.4154
2023-10-18,36.7,23.8,30.0,0.2,0.2,6.66,23.2,25.63,92,22,Lamongan,-7.1175,112.4154
2023-10-19,37.2,24.6,30.2,0.3,0.3,6.32,22.7,23.95,88,24,Lamongan,-7.1175,112.4154
2023-10-20,36.5,24.8,30.1,0.0,0.0,6.34,18.0,25.56,89,33,Lamongan,-7.1175,112.4154
2023-10-21,37.0,25.5,30.4,0.2,0.2,5.81,17.0,24.09,85,36,Lamongan,-7.1175,112.4154
2023-10-22,35.7,24.6,29.9,1.0,1.0,5.37,11.6,22.59,93,40,Lamongan,-7.1175,112.4154
2023-10-23,34.8,25.8,30.2,0.3,0.3,6.13,17.0,24.46,87,41,Lamongan,-7.1175,112.4154
2023-10-24,35.8,25.7,30.0,1.1,1.1,5.83,16.6,23.37,84,39,Lamongan,-7.1175,112.4154
2023-10-25,37.2,24.8,30.0,0.0,0.0,6.31,18.9,24.83,94,29,Lamongan,-7.1175,112.4154
2023-10-26,38.3,25.0,30.9,0.0,0.0,6.28,17.3,24.95,86,26,Lamongan,-7.1175,112.4154
2023-10-27,37.5,24.9,30.5,0.4,0.4,6.48,19.1,25.31,88,29,Lamongan,-7.1175,112.4154
2023-10-28,37.4,24.0,30.5,0.0,0.0,6.89,20.6,25.62,90,26,Lamongan,-7.1175,112.4154
2023-10-29,36.9,24.4,30.0,1.0,1.0,6.33,19.8,24.2,88,29,Lamongan,-7.1175,112.4154
2023-10-30,37.3,24.7,30.0,0.9,0.9,6.09,16.3,24.83,91,32,Lamongan,-7.1175,112.4154
2023-10-31,35.8,25.4,30.1,1.4,1.4,5.74,15.6,23.86,88,41,Lamongan,-7.1175,112.4154
2023-11-01,37.8,25.4,30.5,0.2,0.2,6.01,14.8,24.84,94,30,Lamongan,-7.1175,112.4154
2023-11-02,37.8,25.9,30.9,0.0,0.0,6.61,23.7,25.62,92,27,Lamongan,-7.1175,112.4154
2023-11-03,34.4,25.0,29.4,6.2,6.2,4.94,15.8,21.16,91,47,Lamongan,-7.1175,112.4154
2023-11-04,35.0,24.8,28.6,5.0,5.0,4.57,13.0,20.78,94,47,Lamongan,-7.1175,112.4154
2023-11-05,34.8,25.7,29.7,1.5,1.5,5.47,17.2,23.71,91,49,Lamongan,-7.1175,112.4154
2023-11-06,36.9,25.4,30.3,0.1,0.1,5.99,14.6,25.57,93,35,Lamongan,-7.1175,112.4154
2023-11-07,37.2,24.2,30.1,0.0,0.0,5.99,17.4,25.11,93,33,Lamongan,-7.1175,112.4154
2023-11-08,36.5,25.0,30.7,0.0,0.0,6.08,12.8,25.06,92,35,Lamongan,-7.1175,112.4154
2023-11-09,36.1,25.8,30.0,3.7,3.7,4.86,13.3,20.92,90,42,Lamongan,-7.1175,112.4154
2023-11-10,35.5,25.6,29.0,1.7,1.7,5.03,12.7,22.09,90,48,Lamongan,-7.1175,112.4154
2023-11-11,35.4,25.1,29.7,1.7,1.7,5.58,12.7,23.96,92,45,Lamongan,-7.1175,112.4154
2023-11-12,34.9,24.2,29.5,1.4,1.4,5.54,11.8,23.62,96,45,Lamongan,-7.1175,112.4154
2023-11-13,36.0,25.2,30.0,1.6,1.6,5.64,14.8,24.42,88,43,Lamongan,-7.1175,112.4154
2023-11-14,35.5,25.8,29.4,4.7,4.7,4.74,12.1,21.01,93,49,Lamongan,-7.1175,112.4154
2023-11-15,35.3,25.5,29.2,6.5,6.5,4.5,12.2,19.68,92,50,Lamongan,-7.1175,112.4154
2023-11-16,35.8,25.1,28.8,2.8,2.8,4.66,12.7,20.87,95,48,Lamongan,-7.1175,112.4154
2023-11-17,34.5,25.4,28.8,2.5,2.5,4.49,17.4,20.24,92,50,Lamongan,-7.1175,112.4154
2023-11-18,36.8,24.2,29.8,2.2,2.2,5.73,13.8,24.8,95,35,Lamongan,-7.1175,112.4154
2023-11-19,35.0,24.9,30.0,1.0,1.0,5.47,9.7,23.72,86,46,Lamongan,-7.1175,112.4154
2023-11-20,37.3,25.7,30.2,3.0,3.0,5.65,12.2,23.97,90,38,Lamongan,-7.1175,112.4154
2023-11-21,36.8,24.7,30.3,0.1,0.1,6.12,17.4,24.21,91,35,Lamongan,-7.1175,112.4154
2023-11-22,37.9,25.5,31.2,0.0,0.0,6.42,20.0,25.04,85,33,Lamongan,-7.1175,112.4154
2023-11-23,37.2,26.9,31.1,0.7,0.7,5.44,15.6,20.66,81,35,Lamongan,-7.1175,112.4154
2023-11-24,34.6,25.7,28.7,12.3,12.3,4.61,17.1,20.88,92,53,Lamongan,-7.1175,112.4154
2023-11-25,31.9,24.6,27.5,5.5,5.5,3.91,13.0,17.71,96,61,Lamongan,-7.1175,112.4154
2023-11-26,35.8,24.4,27.8,22.9,22.9,4.66,20.2,21.18,95,45,Lamongan,-7.1175,112.4154
2023-11-27,34.4,24.4,27.7,11.4,11.4,4.46,15.2,20.79,97,54,Lamongan,-7.1175,112.4154
2023-11-28,31.9,24.3,27.0,11.3,11.3,2.64,8.2,11.94,96,63,Lamongan,-7.1175,112.4154
2023-11-29,31.6,24.8,27.6,17.5,17.5,3.81,8.7,17.89,96,66,Lamongan,-7.1175,112.4154
2023-11-30,33.3,24.8,27.6,18.9,18.9,3.79,17.4,17.84,97,61,Lamongan,-7.1175,112.4154
2023-12-01,30.9,24.5,26.7,11.2,11.2,2.83,12.2,13.23,95,69,Lamongan,-7.1175,112.4154
2023-12-02,32.1,23.8,26.9,7.7,7.7,3.59,15.6,17.12,97,63,Lamongan,-7.1175,112.4154
2023-12-03,31.4,24.0,27.1,9.6,9.6,3.92,11.4,18.65,98,68,Lamongan,-7.1175,112.4154
2023-12-04,31.0,24.0,26.9,9.8,9.8,3.38,10.9,15.87,97,68,Lamongan,-7.1175,112.4154
2023-12-05,32.0,23.8,27.1,12.8,12.8,4.1,12.1,19.63,99,66,Lamongan,-7.1175,112.4154
2023-12-06,33.0,24.2,27.9,10.3,10.3,3.98,7.4,18.42,98,61,Lamongan,-7.1175,112.4154
2023-12-07,33.9,24.2,27.4,9.0,9.0,4.38,9.7,20.82,97,60,Lamongan,-7.1175,112.4154
2023-12-08,32.9,24.1,27.2,8.1,8.1,3.83,16.1,18.33,98,62,Lamongan,-7.1175,112.4154
2023-12-09,31.0,25.0,27.4,19.0,19.0,3.03,9.1,14.49,97,70,Lamongan,-7.1175,112.4154
2023-12-10,32.1,25.0,26.7,30.5,30.5,2.73,16.7,12.81,99,65,Lamongan,-7.1175,112.4154
2023-12-11,33.3,24.5,28.4,1.0,1.0,4.48,8.7,20.33,99,56,Lamongan,-7.1175,112.4154
2023-12-12,34.0,24.5,28.5,1.0,1.0,5.11,8.0,23.5,96,52,Lamongan,-7.1175,112.4154
2023-12-13,33.6,25.0,27.9,15.9,15.9,4.09,12.0,19.22,94,59,Lamongan,-7.1175,112.4154
2023-12-14,32.4,24.5,27.7,17.8,17.8,3.64,13.0,17.04,97,60,Lamongan,-7.1175,112.4154
2023-12-15,34.0,25.0,28.1,10.1,10.1,4.3,18.1,19.19,97,52,Lamongan,-7.1175,112.4154
2023-12-16,35.0,24.6,29.3,0.2,0.2,5.68,13.7,25.16,96,45,Lamongan,-7.1175,112.4154
2023-12-17,36.0,23.6,29.4,21.2,21.2,6.06,16.1,25.25,96,38,Lamongan,-7.1175,112.4154
2023-12-18,35.7,23.5,29.0,0.3,0.3,5.57,18.5,24.75,99,37,Lamongan,-7.1175,112.4154
2023-12-19,36.1,24.9,29.6,0.0,0.0,6.2,10.5,26.34,71,33,Lamongan,-7.1175,112.4154
2023-12-20,35.8,25.9,29.9,0.1,0.1,5.93,17.4,22.0,71,34,Lamongan,-7.1175,112.4154
2023-12-21,35.5,24.8,29.7,0.7,0.7,5.87,16.9,24.83,81,39,Lamongan,-7.1175,112.4154
2023-12-22,34.0,25.4,29.1,7.3,7.3,4.9,13.7,22.07,93,50,Lamongan,-7.1175,112.4154
2023-12-23,35.3,24.6,28.7,6.4,6.4,5.38,13.9,24.42,99,48,Lamongan,-7.1175,112.4154
2023-12-24,34.2,24.1,28.9,4.8,4.8,5.3,16.4,24.0,95,49,Lamongan,-7.1175,112.4154
2023-12-25,32.8,24.5,27.4,12.1,12.1,4.41,14.8,20.65,96,58,Lamongan,-7.1175,112.4154
2023-12-26,33.5,23.9,27.5,8.8,8.8,4.07,7.1,19.09,97,58,Lamongan,-7.1175,112.4154
2023-12-27,33.8,25.0,28.5,6.9,6.9,4.77,13.6,22.28,92,59,Lamongan,-7.1175,112.4154
2023-12-28,33.9,25.4,28.2,7.3,7.3,4.55,11.5,21.35,94,59,Lamongan,-7.1175,112.4154
2023-12-29,34.5,25.0,28.8,3.6,3.6,4.97,11.3,23.3,96,57,Lamongan,-7.1175,112.4154
2023-12-30,31.6,24.5,27.4,23.1,23.1,3.74,9.2,17.68,97,67,Lamongan,-7.1175,112.4154
2023-12-31,34.0,24.2,28.4,6.0,6.0,4.99,9.4,23.33,98,57,Lamongan,-7.1175,112.4154
2024-01-01,31.0,24.9,27.7,13.8,13.8,3.73,10.2,17.91,96,69,Lamongan,-7.1175,112.4154
2024-01-02,33.5,24.7,28.0,10.2,10.2,4.72,16.3,22.38,96,59,Lamongan,-7.1175,112.4154
2024-01-03,30.2,24.9,27.1,6.1,6.1,3.02,10.7,14.34,95,72,Lamongan,-7.1175,112.4154
2024-01-04,32.7,24.2,27.1,13.9,13.9,3.73,19.1,18.06,98,65,Lamongan,-7.1175,112.4154
2024-01-05,30.9,23.7,26.7,8.7,8.7,2.78,9.8,12.95,97,70,Lamongan,-7.1175,112.4154
2024-01-06,31.3,25.4,27.2,18.8,18.8,3.14,14.7,14.88,98,69,Lamongan,-7.1175,112.4154
2024-01-07,29.4,24.5,26.2,18.8,18.8,2.52,11.3,12.11,97,78,Lamongan,-7.1175,112.4154
2024-01-08,31.2,24.0,26.8,27.4,27.4,3.28,8.8,15.84,99,72,Lamongan,-7.1175,112.4154
2024-01-09,32.3,24.5,27.0,12.8,12.8,3.61,14.9,17.54,98,68,Lamongan,-7.1175,112.4154
2024-01-10,32.5,24.7,27.5,7.3,7.3,4.23,13.2,19.92,97,64,Lamongan,-7.1175,112.4154
2024-01-11,33.5,24.9,27.6,24.2,24.2,4.45,12.0,21.43,97,63,Lamongan,-7.1175,112.4154
2024-01-12,33.2,24.0,28.5,0.0,0.0,5.84,16.1,24.76,98,53,Lamongan,-7.1175,112.4154
2024-01-13,33.8,25.4,29.3,0.1,0.1,6.05,15.3,25.02,83,53,Lamongan,-7.1175,112.4154
2024-01-14,32.3,26.4,29.0,0.1,0.1,4.49,18.8,16.58,83,53,Lamongan,-7.1175,112.4154
2024-01-15,33.6,25.0,27.7,10.0,10.0,4.09,15.2,18.39,95,57,Lamongan,-7.1175,112.4154
2024-01-16,33.0,24.5,27.4,9.7,9.7,4.3,13.6,20.03,97,60,Lamongan,-7.1175,112.4154
2024-01-17,30.4,23.8,26.5,14.6,14.6,3.2,12.9,15.49,96,69,Lamongan,-7.1175,112.4154
2024-01-18,33.0,24.3,27.4,12.7,12.7,4.42,14.9,21.2,95,59,Lamongan,-7.1175,112.4154
2024-01-19,31.2,24.5,26.2,25.6,25.6,2.68,16.9,12.76,96,67,Lamongan,-7.1175,112.4154
2024-01-20,31.6,24.0,27.2,2.1,2.1,3.99,18.9,17.88,96,65,Lamongan,-7.1175,112.4154
2024-01-21,32.2,24.5,27.2,11.2,11.2,4.12,19.8,19.18,92,63,Lamongan,-7.1175,112.4154
2024-01-22,30.8,24.3,27.0,5.2,5.2,3.94,19.1,18.92,94,70,Lamongan,-7.1175,112.4154
2024-01-23,31.6,24.8,27.7,4.9,4.9,4.11,18.0,17.85,89,64,Lamongan,-7.1175,112.4154
2024-01-24,31.1,24.6,26.9,14.7,14.7,3.78,18.7,18.21,94,65,Lamongan,-7.1175,112.4154
2024-01-25,31.1,24.3,26.9,12.1,12.1,4.4,16.5,21.84,96,66,Lamongan,-7.1175,112.4154
2024-01-26,31.7,24.0,26.7,12.5,12.5,4.02,16.4,19.82,96,66,Lamongan,-7.1175,112.4154
2024-01-27,31.6,23.7,26.6,15.4,15.4,3.98,17.6,19.92,97,68,Lamongan,-7.1175,112.4154
2024-01-28,31.3,23.6,26.7,15.7,15.7,4.1,17.3,20.71,96,70,Lamongan,-7.1175,112.4154
2024-01-29,32.2,24.3,26.4,27.7,27.7,3.41,15.9,16.81,96,66,Lamongan,-7.1175,112.4154
2024-01-30,31.0,23.8,26.7,22.6,22.6,3.35,12.3,16.23,98,74,Lamongan,-7.1175,112.4154
2024-01-31,32.7,23.8,27.0,12.9,12.9,4.64,12.4,22.64,96,62,Lamongan,-7.1175,112.4154
2024-02-01,32.1,24.5,27.3,8.2,8.2,4.56,13.0,22.37,96,65,Lamongan,-7.1175,112.4154
2024-02-02,32.0,24.1,27.0,18.8,18.8,3.65,11.7,17.68,96,66,Lamongan,-7.1175,112.4154
2024-02-03,30.8,24.8,26.6,19.6,19.6,2.93,14.2,14.24,96,71,Lamongan,-7.1175,112.4154
2024-02-04,31.5,24.3,26.5,18.1,18.1,3.58,17.0,17.45,95,68,Lamongan,-7.1175,112.4154
2024-02-05,30.5,24.4,26.8,18.3,18.3,3.31,15.9,15.58,97,65,Lamongan,-7.1175,112.4154
2024-02-06,31.6,23.8,26.2,26.0,26.0,3.21,18.2,15.78,97,67,Lamongan,-7.1175,112.4154
2024-02-07,29.8,24.4,26.1,6.0,6.0,2.69,15.3,12.78,96,75,Lamongan,-7.1175,112.4154
2024-02-08,31.5,23.2,26.3,14.8,14.8,3.66,9.4,17.56,97,68,Lamongan,-7.1175,112.4154
2024-02-09,32.5,23.5,27.2,14.2,14.2,4.87,11.4,23.63,98,61,Lamongan,-7.1175,112.4154
2024-02-10,29.6,24.0,25.9,33.6,33.6,2.78,13.4,13.6,97,75,Lamongan,-7.1175,112.4154
2024-02-11,31.8,24.2,26.7,10.7,10.7,3.7,18.1,18.33,96,69,Lamongan,-7.1175,112.4154
2024-02-12,32.7,24.0,27.0,18.3,18.3,4.64,17.1,22.9,96,62,Lamongan,-7.1175,112.4154
2024-02-13,32.5,24.0,27.4,13.1,13.1,4.27,8.3,20.46,97,66,Lamongan,-7.1175,112.4154
2024-02-14,31.0,24.3,26.9,13.5,13.5,3.03,11.4,14.59,99,73,Lamongan,-7.1175,112.4154
2024-02-15,32.2,25.1,27.6,21.3,21.3,4.26,11.5,20.47,99,69,Lamongan,-7.1175,112.4154
2024-02-16,32.8,24.5,28.0,9.0,9.0,5.09,11.3,24.42,97,69,Lamongan,-7.1175,112.4154
2024-02-17,31.5,24.3,26.9,12.5,12.5,3.62,13.7,17.87,98,71,Lamongan,-7.1175,112.4154
2024-02-18,31.7,23.9,26.8,23.3,23.3,3.91,12.9,19.03,97,70,Lamongan,-7.1175,112.4154
2024-02-19,32.0,24.5,27.8,7.8,7.8,4.69,10.7,22.6,99,67,Lamongan,-7.1175,112.4154
2024-02-20,32.6,24.8,28.0,10.3,10.3,4.47,10.1,21.14,96,68,Lamongan,-7.1175,112.4154
2024-02-21,33.0,24.7,27.5,33.0,33.0,4.47,13.5,21.54,97,67,Lamongan,-7.1175,112.4154
2024-02-22,32.0,24.5,28.0,10.1,10.1,4.6,15.8,21.85,98,63,Lamongan,-7.1175,112.4154
2024-02-23,30.8,24.7,27.2,14.8,14.8,3.6,13.0,17.72,96,74,Lamongan,-7.1175,112.4154
2024-02-24,31.4,24.7,27.1,15.7,15.7,3.56,11.9,17.43,98,73,Lamongan,-7.1175,112.4154
2024-02-25,29.5,24.7,26.4,15.2,15.2,2.81,16.3,13.94,98,77,Lamongan,-7.1175,112.4154
2024-02-26,32.2,24.4,27.0,8.3,8.3,4.09,12.1,20.24,96,64,Lamongan,-7.1175,112.4154
2024-02-27,32.3,24.5,27.4,7.3,7.3,4.19,9.2,20.1,97,65,Lamongan,-7.1175,112.4154
2024-02-28,31.0,24.8,27.1,9.7,9.7,3.84,11.6,18.78,98,70,Lamongan,-7.1175,112.4154
2024-02-29,32.0,24.4,27.6,13.6,13.6,4.27,10.5,20.44,99,70,Lamongan,-7.1175,112.4154
2024-03-01,32.2,24.8,27.1,16.5,16.5,3.96,14.1,19.41,98,69,Lamongan,-7.1175,112.4154
2024-03-02,31.4,24.8,27.3,13.8,13.8,3.78,14.2,18.07,99,70,Lamongan,-7.1175,112.4154
2024-03-03,32.2,25.1,27.5,18.8,18.8,4.41,13.4,21.86,96,69,Lamongan,-7.1175,112.4154
2024-03-04,32.1,25.0,27.5,12.7,12.7,3.74,10.4,18.19,97,67,Lamongan,-7.1175,112.4154
2024-03-05,31.8,25.0,27.1,28.0,28.0,3.26,15.0,15.57,99,71,Lamongan,-7.1175,112.4154
2024-03-06,32.2,24.4,27.5,16.9,16.9,4.16,13.1,20.16,98,70,Lamongan,-7.1175,112.4154
2024-03-07,31.5,24.6,27.1,16.5,16.5,3.06,9.7,14.46,96,72,Lamongan,-7.1175,112.4154
2024-03-08,32.3,25.0,27.1,24.6,24.6,3.5,15.0,17.12,97,71,Lamongan,-7.1175,112.4154
2024-03-09,28.0,24.3,25.9,9.4,9.4,1.67,19.4,7.42,98,83,Lamongan,-7.1175,112.4154
2024-03-10,29.8,24.0,26.5,1.0,1.0,2.8,15.5,12.21,94,67,Lamongan,-7.1175,112.4154
2024-03-11,31.1,24.5,26.6,7.8,7.8,2.98,12.6,14.39,96,73,Lamongan,-7.1175,112.4154
2024-03-12,29.4,24.1,26.6,14.8,14.8,2.52,21.8,11.38,97,74,Lamongan,-7.1175,112.4154
2024-03-13,29.1,24.2,26.2,23.5,23.5,2.25,20.5,10.2,97,78,Lamongan,-7.1175,112.4154
2024-03-14,29.5,24.5,26.3,8.3,8.3,2.29,22.0,10.85,97,77,Lamongan,-7.1175,112.4154
2024-03-15,30.2,24.3,26.3,23.6,23.6,3.05,20.4,15.26,98,74,Lamongan,-7.1175,112.4154
2024-03-16,31.0,24.5,26.8,6.3,6.3,3.66,20.7,17.82,96,71,Lamongan,-7.1175,112.4154
2024-03-17,30.5,23.7,26.6,6.9,6.9,3.65,16.1,17.58,96,71,Lamongan,-7.1175,112.4154
2024-03-18,31.0,24.4,27.3,7.8,7.8,4.29,14.8,20.28,93,65,Lamongan,-7.1175,112.4154
2024-03-19,32.9,24.5,28.1,0.0,0.0,5.23,14.6,24.33,93,56,Lamongan,-7.1175,112.4154
2024-03-20,32.3,22.9,27.5,2.5,2.5,4.95,16.1,23.84,100,64,Lamongan,-7.1175,112.4154
2024-03-21,32.2,24.4,27.3,3.6,3.6,4.57,15.8,22.14,96,65,Lamongan,-7.1175,112.4154
2024-03-22,33.0,23.5,27.6,3.5,3.5,4.64,14.4,22.18,96,62,Lamongan,-7.1175,112.4154
2024-03-23,32.5,24.6,27.9,1.7,1.7,4.55,6.6,21.93,98,68,Lamongan,-7.1175,112.4154
2024-03-24,31.5,24.4,27.7,5.3,5.3,4.54,9.1,22.05,98,67,Lamongan,-7.1175,112.4154
2024-03-25,32.5,25.0,28.1,2.7,2.7,4.44,9.5,21.06,97,65,Lamongan,-7.1175,112.4154
2024-03-26,33.2,24.4,28.2,4.7,4.7,4.85,9.4,22.72,94,57,Lamongan,-7.1175,112.4154
2024-03-27,33.5,24.5,27.8,15.2,15.2,4.55,16.0,21.42,96,59,Lamongan,-7.1175,112.4154
2024-03-28,32.5,24.3,26.8,38.2,38.2,3.49,12.3,16.78,95,66,Lamongan,-7.1175,112.4154
2024-03-29,32.4,24.5,27.9,1.6,1.6,4.37,9.6,20.74,97,62,Lamongan,-7.1175,112.4154
2024-03-30,33.7,25.5,28.8,2.4,2.4,4.93,8.1,22.99,96,54,Lamongan,-7.1175,112.4154
2024-03-31,33.0,25.0,28.2,2.8,2.8,4.51,10.1,21.42,97,66,Lamongan,-7.1175,112.4154
2024-04-01,32.5,25.0,27.3,11.4,11.4,3.98,14.2,19.15,96,66,Lamongan,-7.1175,112.4154
2024-04-02,31.5,24.5,27.2,10.9,10.9,3.32,11.1,15.9,97,68,Lamongan,-7.1175,112.4154
2024-04-03,32.2,24.2,28.0,2.2,2.2,3.81,10.8,18.0,96,68,Lamongan,-7.1175,112.4154
2024-04-04,33.3,24.5,27.9,6.1,6.1,4.57,13.0,21.75,95,65,Lamongan,-7.1175,112.4154
2024-04-05,31.8,24.8,27.2,21.1,21.1,3.87,8.8,18.65,98,63,Lamongan,-7.1175,112.4154
2024-04-06,33.7,24.6,28.7,0.5,0.5,5.03,11.2,23.16,96,52,Lamongan,-7.1175,112.4154
2024-04-07,32.7,25.2,28.2,19.4,19.4,4.38,9.4,20.79,97,65,Lamongan,-7.1175,112.4154
2024-04-08,32.3,25.0,28.0,11.3,11.3,4.11,11.4,19.72,96,66,Lamongan,-7.1175,112.4154
2024-04-09,31.6,24.7,26.9,17.2,17.2,3.1,11.8,14.85,97,69,Lamongan,-7.1175,112.4154
2024-04-10,31.6,24.5,26.9,12.1,12.1,2.87,13.4,13.63,96,72,Lamongan,-7.1175,112.4154
2024-04-11,31.2,24.4,26.9,17.9,17.9,3.02,13.8,14.36,98,71,Lamongan,-7.1175,112.4154
2024-04-12,32.2,24.7,27.4,4.8,4.8,4.32,10.2,20.68,96,67,Lamongan,-7.1175,112.4154
2024-04-13,31.4,24.5,27.5,3.6,3.6,3.73,9.4,17.99,96,71,Lamongan,-7.1175,112.4154
2024-04-14,31.9,24.9,27.9,3.5,3.5,4.26,11.5,20.7,98,68,Lamongan,-7.1175,112.4154
2024-04-15,32.0,24.9,27.8,1.6,1.6,4.26,10.7,20.84,96,69,Lamongan,-7.1175,112.4154
2024-04-16,33.3,24.6,28.5,0.8,0.8,4.6,10.2,21.75,97,59,Lamongan,-7.1175,112.4154
2024-04-17,30.9,24.6,27.3,13.0,13.0,3.19,12.4,15.04,97,71,Lamongan,-7.1175,112.4154
2024-04-18,31.3,24.5,27.2,10.3,10.3,3.67,8.6,17.7,99,70,Lamongan,-7.1175,112.4154
2024-04-19,32.0,24.3,27.5,5.7,5.7,3.94,11.1,18.88,98,69,Lamongan,-7.1175,112.4154
2024-04-20,32.8,24.2,28.0,1.7,1.7,4.27,10.7,20.39,97,62,Lamongan,-7.1175,112.4154
2024-04-21,32.3,24.7,27.5,11.6,11.6,3.71,13.6,17.67,96,68,Lamongan,-7.1175,112.4154
2024-04-22,32.0,25.2,27.6,18.5,18.5,3.19,8.8,15.12,98,69,Lamongan,-7.1175,112.4154
2024-04-23,29.8,25.2,26.9,15.2,15.2,2.6,10.6,12.6,97,77,Lamongan,-7.1175,112.4154
2024-04-24,30.3,24.9,26.9,23.7,23.7,2.53,12.0,12.27,99,79,Lamongan,-7.1175,112.4154
2024-04-25,28.6,25.0,26.3,6.3,6.3,1.99,12.1,9.57,97,81,Lamongan,-7.1175,112.4154
2024-04-26,32.0,24.8,27.6,1.2,1.2,3.66,13.5,17.68,98,67,Lamongan,-7.1175,112.4154
2024-04-27,32.5,24.6,28.2,1.0,1.0,4.39,18.5,21.05,97,64,Lamongan,-7.1175,112.4154
2024-04-28,33.2,25.0,28.7,0.2,0.2,4.55,11.6,21.33,96,59,Lamongan,-7.1175,112.4154
2024-04-29,33.4,25.0,28.9,0.0,0.0,4.76,14.2,21.64,97,57,Lamongan,-7.1175,112.4154
2024-04-30,33.2,25.4,28.9,0.5,0.5,4.57,12.6,20.61,96,55,Lamongan,-7.1175,112.4154
2024-05-01,33.2,24.8,28.7,0.1,0.1,4.72,14.8,21.34,95,58,Lamongan,-7.1175,112.4154
2024-05-02,33.0,25.0,28.3,2.6,2.6,4.03,11.6,19.16,94,65,Lamongan,-7.1175,112.4154
2024-05-03,34.1,24.0,28.7,0.0,0.0,4.85,12.8,22.17,93,50,Lamongan,-7.1175,112.4154
2024-05-04,32.2,24.9,27.6,2.0,2.0,4.02,11.0,19.08,92,62,Lamongan,-7.1175,112.4154
2024-05-05,32.2,23.2,27.5,0.0,0.0,4.35,6.3,20.97,89,53,Lamongan,-7.1175,112.4154
2024-05-06,32.8,23.0,27.7,0.0,0.0,4.66,8.1,22.11,92,49,Lamongan,-7.1175,112.4154
2024-05-07,33.5,23.6,28.2,0.4,0.4,4.55,9.4,20.95,95,48,Lamongan,-7.1175,112.4154
2024-05-08,32.4,24.0,27.9,1.0,1.0,4.19,8.8,19.77,96,61,Lamongan,-7.1175,112.4154
2024-05-09,32.3,24.2,28.4,0.5,0.5,4.24,11.2,19.29,95,59,Lamongan,-7.1175,112.4154
2024-05-10,33.4,24.5,29.0,0.4,0.4,4.68,14.8,20.25,95,54,Lamongan,-7.1175,112.4154
2024-05-11,33.4,26.1,29.4,1.7,1.7,4.6,16.6,19.25,91,53,Lamongan,-7.1175,112.4154
2024-05-12,34.2,24.5,29.1,0.0,0.0,5.04,18.9,20.52,94,47,Lamongan,-7.1175,112.4154
2024-05-13,34.5,23.2,28.8,0.0,0.0,4.88,15.4,20.84,97,47,Lamongan,-7.1175,112.4154
2024-05-14,34.0,24.6,28.8,0.3,0.3,4.32,12.0,19.14,95,52,Lamongan,-7.1175,112.4154
2024-05-15,33.3,24.4,28.9,0.4,0.4,4.72,15.5,19.92,96,48,Lamongan,-7.1175,112.4154
2024-05-16,34.6,24.0,29.0,0.0,0.0,5.02,13.9,21.83,91,42,Lamongan,-7.1175,112.4154
2024-05-17,33.8,24.0,28.9,0.2,0.2,4.97,18.4,20.57,94,48,Lamongan,-7.1175,112.4154
2024-05-18,34.0,23.9,28.9,0.4,0.4,4.79,16.2,20.11,95,47,Lamongan,-7.1175,112.4154
2024-05-19,34.2,24.5,29.1,0.0,0.0,5.17,16.1,21.52,89,42,Lamongan,-7.1175,112.4154
2024-05-20,34.4,23.8,29.0,0.0,0.0,4.87,13.6,20.57,89,44,Lamongan,-7.1175,112.4154
2024-05-21,34.2,24.1,29.1,0.0,0.0,4.79,12.3,20.47,88,45,Lamongan,-7.1175,112.4154
2024-05-22,34.1,24.4,29.2,0.1,0.1,4.5,9.8,19.49,91,48,Lamongan,-7.1175,112.4154
2024-05-23,34.5,24.8,29.0,13.6,13.6,4.35,14.3,18.97,98,48,Lamongan,-7.1175,112.4154
2024-05-24,33.7,25.1,28.4,7.8,7.8,4.14,12.3,18.82,97,55,Lamongan,-7.1175,112.4154
2024-05-25,33.2,25.1,28.3,1.7,1.7,4.11,8.0,19.15,97,57,Lamongan,-7.1175,112.4154
2024-05-26,33.7,24.1,28.4,0.0,0.0,4.18,7.6,19.52,98,50,Lamongan,-7.1175,112.4154
2024-05-27,33.8,24.2,28.3,0.2,0.2,4.22,16.6,19.38,93,55,Lamongan,-7.1175,112.4154
2024-05-28,33.3,24.5,28.8,0.8,0.8,4.37,13.1,19.46,95,53,Lamongan,-7.1175,112.4154
2024-05-29,33.0,25.2,28.8,0.9,0.9,4.17,11.4,18.59,95,56,Lamongan,-7.1175,112.4154
2024-05-30,34.7,24.6,29.0,4.1,4.1,4.71,15.4,20.34,96,48,Lamongan,-7.1175,112.4154
2024-05-31,34.8,24.5,29.1,0.1,0.1,4.32,14.2,18.85,95,48,Lamongan,-7.1175,112.4154
2024-06-01,34.9,25.1,29.4,1.9,1.9,4.35,16.7,18.69,91,47,Lamongan,-7.1175,112.4154
2024-06-02,32.7,24.8,28.0,8.7,8.7,3.34,9.4,15.71,95,63,Lamongan,-7.1175,112.4154
2024-06-03,33.8,25.0,28.1,1.9,1.9,3.74,10.9,17.16,96,58,Lamongan,-7.1175,112.4154
2024-06-04,32.8,24.5,28.0,0.6,0.6,3.92,10.4,17.92,97,55,Lamongan,-7.1175,112.4154
2024-06-05,33.6,23.8,28.4,0.0,0.0,4.18,11.1,18.09,95,49,Lamongan,-7.1175,112.4154
2024-06-06,33.7,23.8,28.3,0.2,0.2,4.41,16.0,19.62,88,48,Lamongan,-7.1175,112.4154
2024-06-07,32.3,23.8,28.1,1.0,1.0,3.93,13.0,18.58,92,56,Lamongan,-7.1175,112.4154
2024-06-08,33.0,24.0,28.0,5.9,5.9,3.97,14.4,17.72,95,55,Lamongan,-7.1175,112.4154
2024-06-09,32.8,24.5,28.2,2.0,2.0,3.63,13.0,16.32,96,57,Lamongan,-7.1175,112.4154
2024-06-10,34.0,24.7,28.8,0.7,0.7,4.27,14.4,18.63,96,52,Lamongan,-7.1175,112.4154
2024-06-11,33.7,25.5,28.6,0.6,0.6,4.14,14.3,18.54,91,53,Lamongan,-7.1175,112.4154
2024-06-12,33.8,24.0,27.8,10.6,10.6,3.83,9.9,18.05,96,53,Lamongan,-7.1175,112.4154
2024-06-13,32.0,23.6,27.1,7.8,7.8,3.36,10.8,16.09,97,62,Lamongan,-7.1175,112.4154
2024-06-14,31.2,24.5,27.5,5.3,5.3,3.63,10.0,17.21,94,64,Lamongan,-7.1175,112.4154
2024-06-15,31.4,24.9,27.0,3.2,3.2,3.07,9.0,14.52,96,63,Lamongan,-7.1175,112.4154
2024-06-16,32.3,23.1,27.8,0.6,0.6,4.01,12.9,18.1,98,57,Lamongan,-7.1175,112.4154
2024-06-17,32.7,24.0,28.2,1.4,1.4,4.14,17.7,17.45,94,53,Lamongan,-7.1175,112.4154
2024-06-18,32.5,24.1,28.0,0.0,0.0,5.33,23.9,21.42,95,40,Lamongan,-7.1175,112.4154
2024-06-19,33.5,21.8,27.2,0.0,0.0,5.0,17.3,21.29,97,35,Lamongan,-7.1175,112.4154
2024-06-20,32.7,22.0,27.2,0.0,0.0,5.21,17.7,21.33,96,33,Lamongan,-7.1175,112.4154
2024-06-21,33.0,21.4,27.1,0.0,0.0,4.98,17.0,20.72,93,42,Lamongan,-7.1175,112.4154
2024-06-22,33.5,22.2,27.7,0.0,0.0,5.01,15.0,21.07,93,36,Lamongan,-7.1175,112.4154
2024-06-23,33.8,23.2,28.2,0.0,0.0,4.48,15.9,18.37,88,43,Lamongan,-7.1175,112.4154
2024-06-24,32.6,24.4,27.2,4.4,4.4,3.39,19.9,15.16,94,53,Lamongan,-7.1175,112.4154
2024-06-25,33.2,23.4,27.6,1.3,1.3,4.05,14.2,18.22,98,50,Lamongan,-7.1175,112.4154
2024-06-26,33.2,23.6,28.5,0.1,0.1,4.35,14.0,18.6,98,50,Lamongan,-7.1175,112.4154
2024-06-27,33.2,25.1,28.6,0.4,0.4,4.4,14.0,19.17,91,52,Lamongan,-7.1175,112.4154
2024-06-28,32.3,23.3,27.8,5.4,5.4,4.0,11.4,18.53,97,58,Lamongan,-7.1175,112.4154
2024-06-29,33.6,24.8,28.7,0.1,0.1,4.52,14.1,19.36,95,45,Lamongan,-7.1175,112.4154
2024-06-30,34.1,23.6,28.6,0.2,0.2,4.44,10.1,19.98,92,45,Lamongan,-7.1175,112.4154
2024-07-01,33.3,23.9,28.0,0.1,0.1,4.03,9.8,18.7,94,47,Lamongan,-7.1175,112.4154
2024-07-02,31.9,23.2,27.0,2.7,2.7,3.21,15.9,14.54,94,55,Lamongan,-7.1175,112.4154
2024-07-03,32.5,23.5,27.5,1.2,1.2,3.56,18.0,14.33,98,51,Lamongan,-7.1175,112.4154
2024-07-04,31.5,24.2,26.6,6.0,6.0,2.77,16.3,12.5,96,57,Lamongan,-7.1175,112.4154
2024-07-05,33.1,23.5,27.9,0.0,0.0,4.89,15.4,20.24,96,42,Lamongan,-7.1175,112.4154
2024-07-06,33.2,23.5,27.7,1.5,1.5,4.09,18.9,17.41,91,45,Lamongan,-7.1175,112.4154
2024-07-07,32.2,23.9,27.1,2.4,2.4,3.58,16.4,17.09,94,55,Lamongan,-7.1175,112.4154
2024-07-08,33.3,23.8,28.2,0.0,0.0,4.83,13.8,20.52,95,45,Lamongan,-7.1175,112.4154
2024-07-09,33.8,23.0,28.1,0.0,0.0,4.71,13.5,20.62,93,36,Lamongan,-7.1175,112.4154
2024-07-10,34.5,22.8,28.2,0.7,0.7,4.96,17.5,20.62,95,36,Lamongan,-7.1175,112.4154
2024-07-11,34.4,22.5,27.9,0.0,0.0,5.05,18.0,21.23,88,31,Lamongan,-7.1175,112.4154
2024-07-12,33.9,22.2,27.9,0.0,0.0,5.23,15.9,21.26,84,35,Lamongan,-7.1175,112.4154
2024-07-13,33.5,22.6,27.4,0.0,0.0,4.82,16.7,19.34,86,37,Lamongan,-7.1175,112.4154
2024-07-14,32.8,20.4,26.5,0.0,0.0,5.2,17.3,22.05,91,31,Lamongan,-7.1175,112.4154
2024-07-15,33.7,22.0,27.5,0.0,0.0,4.9,17.1,20.03,82,36,Lamongan,-7.1175,112.4154
2024-07-16,33.8,21.9,27.3,0.0,0.0,4.96,17.2,21.35,87,38,Lamongan,-7.1175,112.4154
2024-07-17,32.8,21.9,27.4,0.0,0.0,5.4,21.7,20.81,89,37,Lamongan,-7.1175,112.4154
2024-07-18,33.5,22.5,27.9,0.0,0.0,5.03,18.3,19.76,90,42,Lamongan,-7.1175,112.4154
2024-07-19,33.5,22.4,28.0,0.0,0.0,5.36,17.3,21.66,91,35,Lamongan,-7.1175,112.4154
2024-07-20,33.7,22.6,28.0,0.4,0.4,5.14,18.2,20.96,89,36,Lamongan,-7.1175,112.4154
2024-07-21,33.0,22.5,27.9,0.0,0.0,4.58,14.6,18.67,88,40,Lamongan,-7.1175,112.4154
2024-07-22,34.1,22.8,27.9,0.0,0.0,5.22,16.8,21.0,83,32,Lamongan,-7.1175,112.4154
2024-07-23,34.0,22.6,27.8,0.5,0.5,4.36,16.6,18.87,91,41,Lamongan,-7.1175,112.4154
2024-07-24,34.6,22.9,28.3,0.1,0.1,4.13,13.2,17.71,93,37,Lamongan,-7.1175,112.4154
2024-07-25,34.7,23.1,28.1,0.3,0.3,4.4,17.1,18.9,90,36,Lamongan,-7.1175,112.4154
2024-07-26,34.5,22.6,28.1,0.0,0.0,5.23,17.0,21.44,94,34,Lamongan,-7.1175,112.4154
2024-07-27,34.2,23.0,28.4,0.0,0.0,5.12,14.8,21.31,90,32,Lamongan,-7.1175,112.4154
2024-07-28,35.0,23.3,28.6,0.1,0.1,5.05,18.0,21.41,87,37,Lamongan,-7.1175,112.4154
2024-07-29,34.5,22.3,28.1,0.0,0.0,5.05,16.2,21.54,88,36,Lamongan,-7.1175,112.4154
2024-07-30,34.7,23.2,28.7,0.0,0.0,5.19,18.0,20.97,89,40,Lamongan,-7.1175,112.4154
2024-07-31,34.0,24.0,28.7,0.5,0.5,4.99,17.5,20.08,87,47,Lamongan,-7.1175,112.4154
2024-08-01,33.6,25.2,29.1,0.2,0.2,5.19,19.1,20.3,87,48,Lamongan,-7.1175,112.4154
2024-08-02,33.1,25.0,28.2,2.0,2.0,4.09,15.8,17.65,91,52,Lamongan,-7.1175,112.4154
2024-08-03,34.0,23.6,28.6,0.0,0.0,5.19,15.9,21.15,97,43,Lamongan,-7.1175,112.4154
2024-08-04,34.5,23.5,28.5,1.1,1.1,5.09,17.7,21.08,93,36,Lamongan,-7.1175,112.4154
2024-08-05,34.5,22.0,27.9,0.0,0.0,5.46,17.1,22.79,90,26,Lamongan,-7.1175,112.4154
2024-08-06,35.5,22.7,28.5,0.0,0.0,5.47,21.5,22.46,91,26,Lamongan,-7.1175,112.4154
2024-08-07,35.0,23.2,28.4,0.0,0.0,5.24,17.8,21.12,86,37,Lamongan,-7.1175,112.4154
2024-08-08,34.8,24.4,29.1,0.0,0.0,5.57,21.3,20.87,84,37,Lamongan,-7.1175,112.4154
2024-08-09,35.0,24.2,28.8,0.4,0.4,5.53,17.9,22.57,85,35,Lamongan,-7.1175,112.4154
2024-08-10,34.5,23.9,28.9,0.0,0.0,5.68,19.4,22.53,91,34,Lamongan,-7.1175,112.4154
2024-08-11,33.7,22.6,28.1,0.0,0.0,5.59,19.2,22.23,81,31,Lamongan,-7.1175,112.4154
2024-08-12,33.8,21.0,27.2,0.0,0.0,5.83,18.4,23.62,78,28,Lamongan,-7.1175,112.4154
2024-08-13,35.1,22.0,28.2,0.0,0.0,5.8,20.5,22.29,82,34,Lamongan,-7.1175,112.4154
2024-08-14,34.7,22.2,28.2,0.0,0.0,5.78,16.2,23.09,88,32,Lamongan,-7.1175,112.4154
2024-08-15,34.4,22.7,27.9,0.0,0.0,5.48,17.0,23.31,84,33,Lamongan,-7.1175,112.4154
2024-08-16,35.3,22.3,28.0,0.0,0.0,5.65,18.9,22.81,76,34,Lamongan,-7.1175,112.4154
2024-08-17,34.6,22.8,28.4,0.0,0.0,5.72,17.4,23.01,80,33,Lamongan,-7.1175,112.4154
2024-08-18,35.5,22.8,28.3,0.1,0.1,5.58,17.7,23.45,81,30,Lamongan,-7.1175,112.4154
2024-08-19,35.2,22.1,27.9,0.0,0.0,5.54,18.1,23.85,84,31,Lamongan,-7.1175,112.4154
2024-08-20,35.0,22.5,28.3,0.0,0.0,5.93,18.3,23.91,87,28,Lamongan,-7.1175,112.4154
2024-08-21,35.6,23.2,28.6,0.0,0.0,5.85,18.9,23.45,84,26,Lamongan,-7.1175,112.4154
2024-08-22,35.3,22.8,28.5,0.0,0.0,4.99,18.1,22.05,88,35,Lamongan,-7.1175,112.4154
2024-08-23,35.2,23.4,29.0,0.3,0.3,5.81,19.1,22.72,82,33,Lamongan,-7.1175,112.4154
2024-08-24,35.7,23.3,28.8,0.3,0.3,5.65,21.3,22.76,85,31,Lamongan,-7.1175,112.4154
2024-08-25,35.7,23.4,29.0,0.0,0.0,6.07,22.6,23.04,80,33,Lamongan,-7.1175,112.4154
2024-08-26,36.4,23.9,29.3,0.0,0.0,6.21,18.8,23.71,83,30,Lamongan,-7.1175,112.4154
2024-08-27,36.7,23.1,29.0,0.0,0.0,6.11,22.3,23.94,81,24,Lamongan,-7.1175,112.4154
2024-08-28,35.3,23.0,28.5,0.0,0.0,4.73,18.8,17.65,85,26,Lamongan,-7.1175,112.4154
2024-08-29,35.3,23.5,29.0,0.0,0.0,6.02,23.5,23.61,86,32,Lamongan,-7.1175,112.4154
2024-08-30,35.5,23.1,28.7,0.0,0.0,5.96,17.8,24.34,87,27,Lamongan,-7.1175,112.4154
2024-08-31,36.6,23.8,29.3,0.2,0.2,5.78,15.6,23.39,82,33,Lamongan,-7.1175,112.4154
2024-09-01,36.0,24.0,29.3,0.8,0.8,5.11,10.5,21.5,79,38,Lamongan,-7.1175,112.4154
2024-09-02,36.2,24.1,29.3,0.0,0.0,5.66,20.6,22.11,81,36,Lamongan,-7.1175,112.4154
2024-09-03,36.7,24.0,29.6,0.0,0.0,6.4,24.3,23.98,82,28,Lamongan,-7.1175,112.4154
2024-09-04,35.4,24.0,29.4,0.1,0.1,5.97,19.9,22.92,84,40,Lamongan,-7.1175,112.4154
2024-09-05,37.0,24.4,30.0,0.0,0.0,6.01,18.3,24.21,86,27,Lamongan,-7.1175,112.4154
2024-09-06,35.8,24.4,29.6,0.0,0.0,6.77,21.3,24.86,82,29,Lamongan,-7.1175,112.4154
2024-09-07,35.8,24.1,29.6,0.0,0.0,6.76,26.5,24.04,84,35,Lamongan,-7.1175,112.4154
2024-09-08,35.2,25.2,29.5,1.1,1.1,5.62,22.2,21.97,82,41,Lamongan,-7.1175,112.4154
2024-09-09,36.5,24.1,30.0,0.0,0.0,6.16,17.4,23.98,84,33,Lamongan,-7.1175,112.4154
2024-09-10,34.6,25.4,28.6,7.7,7.7,4.87,11.9,21.03,92,43,Lamongan,-7.1175,112.4154
2024-09-11,35.5,23.7,28.7,0.9,0.9,5.17,16.8,23.09,95,37,Lamongan,-7.1175,112.4154
2024-09-12,34.8,23.1,28.7,0.1,0.1,6.07,19.9,25.17,97,28,Lamongan,-7.1175,112.4154
2024-09-13,35.8,22.9,28.7,0.1,0.1,5.94,18.7,24.01,87,27,Lamongan,-7.1175,112.4154
2024-09-14,35.8,23.1,29.2,0.5,0.5,6.09,19.1,23.72,89,29,Lamongan,-7.1175,112.4154
2024-09-15,36.3,23.8,29.3,0.6,0.6,5.89,14.8,23.13,82,28,Lamongan,-7.1175,112.4154
2024-09-16,35.8,23.9,29.3,0.2,0.2,5.75,12.0,23.01,83,31,Lamongan,-7.1175,112.4154
2024-09-17,37.3,23.1,29.1,0.0,0.0,5.8,18.6,24.03,86,21,Lamongan,-7.1175,112.4154
2024-09-18,37.0,23.3,29.2,0.0,0.0,6.39,18.1,25.63,81,22,Lamongan,-7.1175,112.4154
2024-09-19,36.3,22.5,28.8,0.4,0.4,5.93,18.4,25.87,88,30,Lamongan,-7.1175,112.4154
2024-09-20,36.0,24.8,29.5,0.0,0.0,6.0,18.3,24.19,81,35,Lamongan,-7.1175,112.4154
2024-09-21,36.7,25.1,29.8,0.0,0.0,5.84,20.4,23.72,92,33,Lamongan,-7.1175,112.4154
2024-09-22,35.3,25.9,29.7,2.4,2.4,5.23,18.4,21.86,93,46,Lamongan,-7.1175,112.4154
2024-09-23,34.2,25.5,28.8,4.2,4.2,4.65,16.3,19.98,94,45,Lamongan,-7.1175,112.4154
2024-09-24,34.2,25.4,28.0,5.9,5.9,4.17,16.9,18.9,92,51,Lamongan,-7.1175,112.4154
2024-09-25,34.3,24.6,27.8,10.7,10.7,4.45,15.3,20.48,95,51,Lamongan,-7.1175,112.4154
2024-09-26,33.6,24.5,27.6,8.7,8.7,3.87,11.1,17.53,94,56,Lamongan,-7.1175,112.4154
2024-09-27,34.4,23.9,28.7,0.8,0.8,4.96,12.5,22.38,98,51,Lamongan,-7.1175,112.4154
2024-09-28,34.9,25.0,29.7,0.1,0.1,6.22,19.6,24.49,96,42,Lamongan,-7.1175,112.4154
2024-09-29,36.2,24.2,29.6,0.0,0.0,5.97,18.2,25.21,90,30,Lamongan,-7.1175,112.4154
2024-09-30,36.0,24.3,29.7,0.1,0.1,5.84,20.6,23.95,87,37,Lamongan,-7.1175,112.4154
2024-10-01,37.0,24.8,30.4,0.0,0.0,6.83,21.5,25.34,87,28,Lamongan,-7.1175,112.4154
2024-10-02,36.7,24.2,29.9,0.4,0.4,5.73,17.4,23.48,85,36,Lamongan,-7.1175,112.4154
2024-10-03,36.1,25.0,30.1,0.0,0.0,6.21,19.6,23.67,85,29,Lamongan,-7.1175,112.4154
2024-10-04,36.8,24.8,29.7,2.0,2.0,5.84,13.0,24.38,84,33,Lamongan,-7.1175,112.4154
2024-10-05,36.5,24.6,29.9,1.4,1.4,5.76,18.2,23.94,92,33,Lamongan,-7.1175,112.4154
2024-10-06,36.7,25.0,30.0,0.0,0.0,6.31,18.3,24.77,86,31,Lamongan,-7.1175,112.4154
2024-10-07,36.3,24.0,29.9,0.0,0.0,6.46,19.0,25.0,90,32,Lamongan,-7.1175,112.4154
2024-10-08,36.8,25.0,30.3,0.1,0.1,6.55,20.3,25.45,83,29,Lamongan,-7.1175,112.4154
2024-10-09,36.7,25.4,30.5,0.1,0.1,6.4,20.2,24.76,86,34,Lamongan,-7.1175,112.4154
2024-10-10,37.5,24.7,30.5,0.0,0.0,6.59,21.6,25.62,87,26,Lamongan,-7.1175,112.4154
2024-10-11,37.3,24.9,30.4,1.2,1.2,6.39,26.0,24.22,87,35,Lamongan,-7.1175,112.4154
2024-10-12,36.5,25.8,31.0,0.0,0.0,6.6,20.4,24.45,82,34,Lamongan,-7.1175,112.4154
2024-10-13,38.0,24.5,30.8,5.6,5.6,6.11,19.2,24.74,93,28,Lamongan,-7.1175,112.4154
2024-10-14,37.5,24.7,30.5,1.2,1.2,6.18,14.0,25.53,97,30,Lamongan,-7.1175,112.4154
2024-10-15,36.0,25.9,30.3,0.3,0.3,5.2,11.5,21.86,85,38,Lamongan,-7.1175,112.4154
2024-10-16,37.1,24.6,30.3,0.1,0.1,6.19,12.4,24.55,70,30,Lamongan,-7.1175,112.4154
2024-10-17,36.5,24.5,30.2,0.3,0.3,6.51,16.1,25.16,75,31,Lamongan,-7.1175,112.4154
2024-10-18,36.4,24.5,29.7,2.0,2.0,5.66,13.0,23.84,77,37,Lamongan,-7.1175,112.4154
2024-10-19,35.4,24.6,29.2,2.1,2.1,5.86,18.1,24.55,91,40,Lamongan,-7.1175,112.4154
2024-10-20,32.8,23.9,27.2,17.9,17.9,4.7,14.6,22.12,95,56,Lamongan,-7.1175,112.4154
2024-10-21,33.1,24.5,27.4,22.2,22.2,4.3,15.6,20.23,94,52,Lamongan,-7.1175,112.4154
2024-10-22,34.1,24.4,28.6,1.1,1.1,4.87,11.8,21.26,93,51,Lamongan,-7.1175,112.4154
2024-10-23,34.3,24.6,29.0,0.7,0.7,5.08,9.4,22.75,88,51,Lamongan,-7.1175,112.4154
2024-10-24,33.8,24.8,28.5,0.5,0.5,4.63,13.7,20.8,88,50,Lamongan,-7.1175,112.4154
2024-10-25,35.4,24.0,29.2,0.4,0.4,5.7,10.8,24.79,89,42,Lamongan,-7.1175,112.4154
2024-10-26,35.8,24.7,29.7,0.2,0.2,5.99,12.1,25.02,85,35,Lamongan,-7.1175,112.4154
2024-10-27,36.7,24.6,30.2,0.0,0.0,5.79,8.8,25.56,88,40,Lamongan,-7.1175,112.4154
2024-10-28,36.5,25.4,30.2,0.4,0.4,5.92,12.0,25.26,84,41,Lamongan,-7.1175,112.4154
2024-10-29,37.0,25.6,30.5,0.5,0.5,6.57,21.1,25.59,84,31,Lamongan,-7.1175,112.4154
2024-10-30,36.8,25.0,30.3,0.0,0.0,6.2,17.2,24.68,88,34,Lamongan,-7.1175,112.4154
2024-10-31,35.5,25.2,29.8,4.3,4.3,4.85,12.3,20.82,89,46,Lamongan,-7.1175,112.4154
2024-11-01,31.5,24.5,27.2,11.0,11.0,2.77,11.9,12.38,94,64,Lamongan,-7.1175,112.4154
2024-11-02,32.2,24.8,28.1,6.7,6.7,4.16,12.8,19.62,93,62,Lamongan,-7.1175,112.4154
2024-11-03,32.4,24.4,27.6,17.1,17.1,4.29,13.8,20.74,94,63,Lamongan,-7.1175,112.4154
2024-11-04,31.6,24.9,27.7,12.4,12.4,3.9,13.6,18.72,96,65,Lamongan,-7.1175,112.4154
2024-11-05,33.2,24.5,28.6,0.0,0.0,5.32,16.1,24.39,95,50,Lamongan,-7.1175,112.4154
2024-11-06,32.7,24.4,28.4,0.3,0.3,5.17,13.9,23.82,91,53,Lamongan,-7.1175,112.4154
2024-11-07,33.7,23.1,28.7,0.5,0.5,5.59,11.7,25.2,97,46,Lamongan,-7.1175,112.4154
2024-11-08,34.0,24.7,28.4,13.7,13.7,4.87,15.7,22.76,94,54,Lamongan,-7.1175,112.4154
2024-11-09,33.0,25.2,27.8,3.6,3.6,3.72,14.7,17.03,98,61,Lamongan,-7.1175,112.4154
2024-11-10,32.1,24.5,27.8,3.9,3.9,4.27,12.8,19.99,97,61,Lamongan,-7.1175,112.4154
2024-11-11,32.4,24.6,27.7,9.2,9.2,4.6,18.6,22.19,96,62,Lamongan,-7.1175,112.4154
2024-11-12,33.2,23.8,28.3,3.3,3.3,5.13,15.8,23.55,97,54,Lamongan,-7.1175,112.4154
2024-11-13,33.5,24.4,28.6,1.6,1.6,5.07,12.8,23.15,96,55,Lamongan,-7.1175,112.4154
2024-11-14,34.5,24.3,29.2,2.1,2.1,5.39,9.8,24.02,97,48,Lamongan,-7.1175,112.4154
2024-11-15,35.2,24.8,29.3,2.9,2.9,5.22,12.6,23.1,93,47,Lamongan,-7.1175,112.4154
2024-11-16,32.7,24.9,28.3,15.9,15.9,4.0,10.6,18.39,96,62,Lamongan,-7.1175,112.4154
2024-11-17,34.6,24.4,28.6,7.3,7.3,5.16,13.4,22.84,96,50,Lamongan,-7.1175,112.4154
2024-11-18,35.0,24.0,28.3,7.8,7.8,4.92,12.8,22.64,97,49,Lamongan,-7.1175,112.4154
2024-11-19,33.8,24.6,27.7,8.6,8.6,4.17,12.2,19.32,98,55,Lamongan,-7.1175,112.4154
2024-11-20,33.8,24.5,27.9,9.2,9.2,4.14,10.9,19.22,97,56,Lamongan,-7.1175,112.4154
2024-11-21,34.1,24.3,28.1,12.6,12.6,4.21,8.7,19.47,98,54,Lamongan,-7.1175,112.4154
2024-11-22,33.3,25.0,27.7,12.8,12.8,3.98,17.2,18.72,97,60,Lamongan,-7.1175,112.4154
2024-11-23,33.5,25.0,27.9,7.0,7.0,3.92,12.3,18.34,96,59,Lamongan,-7.1175,112.4154
2024-11-24,31.7,25.0,27.3,20.3,20.3,3.35,10.3,15.98,96,64,Lamongan,-7.1175,112.4154
2024-11-25,33.5,24.5,27.7,4.9,4.9,4.03,11.5,19.0,97,57,Lamongan,-7.1175,112.4154
2024-11-26,34.0,24.3,28.2,7.5,7.5,4.15,11.0,19.18,97,56,Lamongan,-7.1175,112.4154
2024-11-27,34.3,24.7,28.0,26.2,26.2,4.1,12.0,19.17,98,55,Lamongan,-7.1175,112.4154
2024-11-28,33.3,24.6,27.5,31.2,31.2,3.88,22.2,17.49,97,57,Lamongan,-7.1175,112.4154
2024-11-29,32.6,24.5,27.8,13.3,13.3,3.95,21.9,17.86,98,60,Lamongan,-7.1175,112.4154
2024-11-30,31.3,24.6,27.4,22.1,22.1,3.82,20.1,17.84,97,69,Lamongan,-7.1175,112.4154
2024-12-01,31.5,24.9,27.2,29.0,29.0,3.12,13.3,14.19,97,64,Lamongan,-7.1175,112.4154
2024-12-02,30.8,24.3,26.5,31.7,31.7,2.84,11.5,13.81,98,73,Lamongan,-7.1175,112.4154
2024-12-03,33.9,24.5,27.8,5.9,5.9,4.91,13.3,22.56,96,52,Lamongan,-7.1175,112.4154
2024-12-04,31.4,24.2,27.0,19.1,19.1,3.2,7.1,15.01,98,65,Lamongan,-7.1175,112.4154
2024-12-05,33.0,25.1,27.2,19.6,19.6,3.81,12.2,18.1,96,61,Lamongan,-7.1175,112.4154
2024-12-06,27.2,24.2,25.1,25.7,25.7,1.3,10.9,6.08,96,84,Lamongan,-7.1175,112.4154
2024-12-07,31.6,24.2,27.0,6.2,6.2,4.35,13.8,20.89,96,64,Lamongan,-7.1175,112.4154
2024-12-08,31.4,24.5,27.1,18.6,18.6,3.34,14.2,16.14,96,74,Lamongan,-7.1175,112.4154
2024-12-09,30.8,24.9,26.5,31.1,31.1,3.15,17.2,14.8,95,67,Lamongan,-7.1175,112.4154
2024-12-10,32.2,24.4,26.9,23.9,23.9,3.78,14.3,18.14,96,66,Lamongan,-7.1175,112.4154
2024-12-11,31.8,24.4,26.5,25.8,25.8,3.47,17.7,16.85,97,64,Lamongan,-7.1175,112.4154
2024-12-12,31.0,24.5,26.4,11.5,11.5,2.92,11.6,14.07,97,70,Lamongan,-7.1175,112.4154
2024-12-13,31.2,23.6,26.8,12.4,12.4,3.67,10.8,17.54,96,67,Lamongan,-7.1175,112.4154
2024-12-14,29.0,24.1,25.9,48.3,48.3,2.08,13.5,9.84,97,77,Lamongan,-7.1175,112.4154
2024-12-15,30.0,24.5,26.6,36.2,36.2,3.11,12.4,15.11,98,73,Lamongan,-7.1175,112.4154
2024-12-16,28.4,24.4,26.0,27.7,27.7,1.63,10.6,7.2,99,78,Lamongan,-7.1175,112.4154
2024-12-17,30.3,24.1,26.3,23.1,23.1,2.79,10.2,13.5,96,75,Lamongan,-7.1175,112.4154
2024-12-18,30.4,24.5,26.9,15.9,15.9,3.55,15.2,17.2,96,69,Lamongan,-7.1175,112.4154
2024-12-19,32.2,23.4,27.8,1.1,1.1,5.13,16.9,24.04,94,58,Lamongan,-7.1175,112.4154
2024-12-20,32.0,25.8,27.9,13.6,13.6,4.22,17.0,19.69,89,69,Lamongan,-7.1175,112.4154
2024-12-21,31.9,25.4,27.3,16.1,16.1,3.53,14.2,16.61,93,70,Lamongan,-7.1175,112.4154
2024-12-22,31.8,24.8,26.6,19.8,19.8,3.29,12.0,15.93,95,68,Lamongan,-7.1175,112.4154
2024-12-23,32.5,24.0,26.7,17.9,17.9,4.25,11.5,20.85,96,65,Lamongan,-7.1175,112.4154
2024-12-24,32.2,24.5,26.6,23.1,23.1,4.2,18.5,20.75,96,66,Lamongan,-7.1175,112.4154
2024-12-25,31.1,24.5,26.6,12.5,12.5,3.26,12.1,15.72,96,68,Lamongan,-7.1175,112.4154
2024-12-26,30.7,24.3,26.5,53.0,53.0,3.23,12.4,15.65,96,73,Lamongan,-7.1175,112.4154
2024-12-27,31.1,24.5,27.7,8.3,8.3,4.21,15.3,20.09,96,65,Lamongan,-7.1175,112.4154
2024-12-28,30.6,25.5,27.2,23.0,23.0,3.65,14.7,17.32,94,68,Lamongan,-7.1175,112.4154
2024-12-29,28.8,24.8,26.4,2.6,2.6,2.54,13.9,12.09,95,76,Lamongan,-7.1175,112.4154
2024-12-30,31.5,23.6,26.5,18.8,18.8,4.09,14.1,20.28,96,68,Lamongan,-7.1175,112.4154
2024-12-31,30.9,24.5,26.8,11.7,11.7,3.42,14.4,16.53,97,71,Lamongan,-7.1175,112.4154
2025-01-01,29.0,24.4,25.9,23.1,23.1,2.18,10.9,10.4,96,77,Lamongan,-7.1175,112.4154
2025-01-02,28.9,24.1,25.7,15.2,15.2,2.25,10.3,11.03,97,78,Lamongan,-7.1175,112.4154
2025-01-03,31.5,23.6,27.1,0.8,0.8,4.56,12.8,21.75,96,61,Lamongan,-7.1175,112.4154
2025-01-04,30.9,23.0,26.4,21.8,21.8,4.29,12.3,20.89,96,63,Lamongan,-7.1175,112.4154
2025-01-05,30.6,23.9,26.1,23.5,23.5,3.61,14.3,17.98,97,72,Lamongan,-7.1175,112.4154
2025-01-06,30.0,23.1,25.7,21.1,21.1,3.15,10.5,15.6,97,72,Lamongan,-7.1175,112.4154
2025-01-07,30.5,23.5,26.2,27.5,27.5,3.59,10.4,17.59,97,72,Lamongan,-7.1175,112.4154
2025-01-08,29.4,23.9,26.3,18.8,18.8,3.29,18.6,16.86,97,80,Lamongan,-7.1175,112.4154
2025-01-09,31.4,23.9,27.1,6.2,6.2,4.25,11.9,21.05,96,65,Lamongan,-7.1175,112.4154
2025-01-10,31.5,24.7,27.2,16.3,16.3,3.87,12.9,18.72,94,70,Lamongan,-7.1175,112.4154
2025-01-11,31.5,24.9,26.8,21.9,21.9,3.78,12.6,18.18,96,65,Lamongan,-7.1175,112.4154
2025-01-12,30.4,24.4,26.2,41.3,41.3,2.79,11.4,13.48,96,71,Lamongan,-7.1175,112.4154
2025-01-13,30.8,24.0,26.3,16.6,16.6,3.63,7.8,18.1,97,70,Lamongan,-7.1175,112.4154
2025-01-14,30.8,23.8,26.4,25.0,25.0,3.72,12.0,18.3,98,73,Lamongan,-7.1175,112.4154
2025-01-15,30.1,23.4,26.6,12.5,12.5,3.71,10.8,17.94,98,73,Lamongan,-7.1175,112.4154
2025-01-16,30.2,23.5,26.5,9.6,9.6,3.7,14.8,18.51,97,70,Lamongan,-7.1175,112.4154
2025-01-17,31.2,24.5,26.7,15.0,15.0,4.12,15.4,20.97,96,70,Lamongan,-7.1175,112.4154
2025-01-18,30.1,24.6,26.6,19.4,19.4,3.09,15.0,15.4,94,74,Lamongan,-7.1175,112.4154
2025-01-19,31.1,23.9,26.9,10.1,10.1,4.06,13.6,19.92,95,67,Lamongan,-7.1175,112.4154
2025-01-20,30.2,24.6,26.0,33.0,33.0,2.18,16.2,10.75,96,78,Lamongan,-7.1175,112.4154
2025-01-21,30.8,24.4,26.0,33.0,33.0,2.8,11.8,13.52,97,75,Lamongan,-7.1175,112.4154
2025-01-22,30.3,24.3,26.3,19.8,19.8,2.94,9.7,13.82,98,69,Lamongan,-7.1175,112.4154
2025-01-23,28.5,24.6,25.9,6.3,6.3,2.13,7.5,9.98,99,78,Lamongan,-7.1175,112.4154
2025-01-24,31.8,23.1,26.4,16.4,16.4,4.07,9.4,19.79,95,64,Lamongan,-7.1175,112.4154
2025-01-25,31.6,23.9,26.9,9.7,9.7,4.32,8.7,21.12,97,69,Lamongan,-7.1175,112.4154
2025-01-26,31.5,24.1,26.6,19.3,19.3,3.59,14.8,17.45,98,70,Lamongan,-7.1175,112.4154
2025-01-27,28.8,24.1,25.7,14.9,14.9,2.3,12.8,11.37,97,81,Lamongan,-7.1175,112.4154
2025-01-28,30.2,23.9,26.1,8.0,8.0,3.07,16.7,14.84,96,69,Lamongan,-7.1175,112.4154
2025-01-29,28.3,23.7,25.6,18.1,18.1,2.66,14.2,13.68,96,80,Lamongan,-7.1175,112.4154
2025-01-30,27.0,23.9,25.0,15.4,15.4,1.79,21.9,8.84,97,83,Lamongan,-7.1175,112.4154
2025-01-31,28.8,23.8,25.8,3.3,3.3,2.09,16.6,9.68,96,78,Lamongan,-7.1175,112.4154
2025-02-01,29.7,23.9,26.6,1.7,1.7,3.79,20.1,18.34,96,72,Lamongan,-7.1175,112.4154
2025-02-02,30.0,23.5,26.3,5.7,5.7,3.46,19.9,17.01,97,73,Lamongan,-7.1175,112.4154
2025-02-03,30.6,23.9,26.9,3.9,3.9,3.79,20.0,18.42,98,72,Lamongan,-7.1175,112.4154
2025-02-04,30.5,24.2,26.7,12.8,12.8,4.1,21.0,20.8,96,70,Lamongan,-7.1175,112.4154
2025-02-05,30.5,23.5,26.3,14.4,14.4,4.19,23.0,21.28,97,69,Lamongan,-7.1175,112.4154
2025-02-06,29.5,24.0,26.3,13.1,13.1,3.95,23.0,20.38,96,74,Lamongan,-7.1175,112.4154
2025-02-07,30.5,24.1,26.4,11.2,11.2,3.36,15.9,16.87,96,75,Lamongan,-7.1175,112.4154
2025-02-08,30.6,24.7,26.7,10.8,10.8,3.99,21.5,19.89,95,71,Lamongan,-7.1175,112.4154
2025-02-09,31.7,23.9,26.6,21.7,21.7,4.19,21.2,20.83,95,69,Lamongan,-7.1175,112.4154
2025-02-10,29.9,24.6,26.4,22.4,22.4,3.84,23.2,19.34,93,76,Lamongan,-7.1175,112.4154
2025-02-11,30.8,24.4,27.0,19.1,19.1,4.35,18.0,20.96,94,66,Lamongan,-7.1175,112.4154
2025-02-12,31.1,24.2,27.4,0.8,0.8,4.78,15.8,22.24,93,65,Lamongan,-7.1175,112.4154
2025-02-13,31.3,24.6,26.6,17.1,17.1,4.08,13.8,20.3,96,65,Lamongan,-7.1175,112.4154
2025-02-14,30.5,23.9,26.6,6.9,6.9,4.18,15.7,21.38,96,69,Lamongan,-7.1175,112.4154
2025-02-15,31.5,23.2,26.6,12.3,12.3,4.37,14.0,22.02,96,70,Lamongan,-7.1175,112.4154
2025-02-16,32.2,23.3,27.0,0.7,0.7,4.78,16.2,23.64,99,65,Lamongan,-7.1175,112.4154
2025-02-17,31.0,23.3,26.0,32.1,32.1,3.91,16.0,20.07,97,71,Lamongan,-7.1175,112.4154
2025-02-18,30.6,23.5,26.1,11.2,11.2,3.61,9.7,17.62,96,70,Lamongan,-7.1175,112.4154
2025-02-19,31.6,23.1,26.4,13.2,13.2,4.41,10.3,21.83,96,68,Lamongan,-7.1175,112.4154
2025-02-20,30.2,23.9,26.6,7.8,7.8,3.81,13.2,18.6,94,72,Lamongan,-7.1175,112.4154
2025-02-21,31.5,24.5,26.7,12.0,12.0,3.81,10.8,18.54,96,68,Lamongan,-7.1175,112.4154
2025-02-22,31.0,23.6,26.1,19.7,19.7,3.15,12.4,15.45,97,70,Lamongan,-7.1175,112.4154
2025-02-23,28.0,23.5,25.3,24.0,24.0,2.25,14.0,10.75,99,79,Lamongan,-7.1175,112.4154
2025-02-24,29.9,23.6,25.3,31.9,31.9,2.82,16.7,13.89,97,76,Lamongan,-7.1175,112.4154
2025-02-25,30.8,23.2,25.7,20.1,20.1,3.79,9.5,18.95,96,72,Lamongan,-7.1175,112.4154
2025-02-26,29.5,23.1,25.6,18.7,18.7,2.86,9.4,14.36,97,77,Lamongan,-7.1175,112.4154
2025-02-27,31.2,23.5,26.5,12.3,12.3,4.32,10.0,21.09,96,71,Lamongan,-7.1175,112.4154
2025-02-28,31.6,23.5,26.3,22.7,22.7,3.83,15.2,18.74,98,69,Lamongan,-7.1175,112.4154
2025-03-01,32.3,23.5,27.3,4.1,4.1,4.9,7.5,23.86,97,63,Lamongan,-7.1175,112.4154
2025-03-02,32.3,24.2,27.8,1.7,1.7,4.73,9.4,22.67,96,63,Lamongan,-7.1175,112.4154
2025-03-03,32.5,24.5,27.7,1.6,1.6,4.81,11.4,23.1,97,62,Lamongan,-7.1175,112.4154
2025-03-04,31.6,23.9,27.3,3.9,3.9,4.71,11.3,22.89,95,62,Lamongan,-7.1175,112.4154
2025-03-05,32.7,24.0,28.1,2.4,2.4,4.98,9.5,23.66,96,62,Lamongan,-7.1175,112.4154
2025-03-06,32.5,24.9,27.4,21.2,21.2,3.8,12.0,18.21,97,68,Lamongan,-7.1175,112.4154
2025-03-07,32.0,24.1,26.4,26.4,26.4,3.94,10.3,19.06,97,66,Lamongan,-7.1175,112.4154
2025-03-08,31.5,23.8,26.4,37.2,37.2,4.0,11.6,19.5,98,71,Lamongan,-7.1175,112.4154
2025-03-09,30.0,24.0,26.5,21.7,21.7,3.07,13.6,14.98,97,75,Lamongan,-7.1175,112.4154
2025-03-10,28.8,23.8,25.6,36.8,36.8,2.06,13.5,10.2,98,77,Lamongan,-7.1175,112.4154
2025-03-11,32.3,24.3,27.8,0.2,0.2,4.72,10.0,22.34,96,62,Lamongan,-7.1175,112.4154
2025-03-12,32.5,24.2,27.4,20.3,20.3,4.6,10.2,22.36,94,63,Lamongan,-7.1175,112.4154
2025-03-13,31.9,24.0,27.2,10.4,10.4,4.29,9.7,20.82,97,67,Lamongan,-7.1175,112.4154
2025-03-14,31.2,24.2,26.3,21.3,21.3,2.83,14.3,13.67,99,69,Lamongan,-7.1175,112.4154
2025-03-15,31.2,24.2,26.4,10.9,10.9,3.18,14.0,15.17,99,67,Lamongan,-7.1175,112.4154
2025-03-16,31.8,23.6,26.3,15.1,15.1,3.76,11.1,18.15,97,66,Lamongan,-7.1175,112.4154
2025-03-17,30.5,24.5,26.1,32.4,32.4,3.04,15.9,15.11,96,71,Lamongan,-7.1175,112.4154
2025-03-18,31.0,24.3,26.6,16.4,16.4,3.7,15.7,18.44,97,70,Lamongan,-7.1175,112.4154
2025-03-19,30.9,24.4,26.9,14.1,14.1,3.9,18.9,18.65,91,67,Lamongan,-7.1175,112.4154
2025-03-20,32.5,24.1,27.3,10.1,10.1,4.85,14.0,23.18,92,56,Lamongan,-7.1175,112.4154
2025-03-21,32.2,24.9,27.6,4.4,4.4,4.86,19.1,23.44,94,61,Lamongan,-7.1175,112.4154
2025-03-22,30.8,24.5,26.2,32.8,32.8,2.9,18.4,14.16,94,70,Lamongan,-7.1175,112.4154
2025-03-23,31.2,23.6,26.9,1.1,1.1,3.65,15.3,17.29,96,65,Lamongan,-7.1175,112.4154
2025-03-24,30.1,24.5,27.0,15.1,15.1,3.67,19.9,18.04,96,75,Lamongan,-7.1175,112.4154
2025-03-25,31.6,24.9,27.6,7.6,7.6,4.3,17.9,20.65,94,66,Lamongan,-7.1175,112.4154
2025-03-26,31.6,24.6,27.6,19.5,19.5,4.28,17.7,20.38,96,66,Lamongan,-7.1175,112.4154
2025-03-27,31.7,24.1,26.8,14.2,14.2,3.62,12.7,17.65,96,70,Lamongan,-7.1175,112.4154
2025-03-28,31.1,24.2,26.7,34.5,34.5,3.48,10.9,16.78,96,70,Lamongan,-7.1175,112.4154
2025-03-29,31.5,24.5,26.7,27.2,27.2,3.87,13.8,18.75,96,67,Lamongan,-7.1175,112.4154
2025-03-30,31.8,24.0,26.9,5.1,5.1,3.48,15.3,16.73,96,62,Lamongan,-7.1175,112.4154
2025-03-31,32.7,24.5,27.2,3.3,3.3,4.61,12.2,22.31,98,61,Lamongan,-7.1175,112.4154
2025-04-01,32.2,23.9,26.5,13.4,13.4,4.03,12.6,19.72,97,64,Lamongan,-7.1175,112.4154
2025-04-02,31.9,23.5,26.2,39.7,39.7,4.04,10.9,19.75,97,68,Lamongan,-7.1175,112.4154
2025-04-03,31.9,23.2,26.1,18.6,18.6,3.65,12.6,17.76,99,66,Lamongan,-7.1175,112.4154
2025-04-04,31.8,23.4,26.8,5.6,5.6,4.44,10.1,21.52,99,61,Lamongan,-7.1175,112.4154
2025-04-05,30.6,23.5,26.4,3.0,3.0,3.71,10.5,18.13,99,70,Lamongan,-7.1175,112.4154
2025-04-06,32.2,23.4,27.5,0.1,0.1,4.81,9.8,22.65,98,55,Lamongan,-7.1175,112.4154
2025-04-07,31.8,23.5,27.5,0.9,0.9,4.49,7.4,21.77,95,61,Lamongan,-7.1175,112.4154
2025-04-08,32.0,23.4,27.2,4.3,4.3,4.52,8.0,21.77,96,63,Lamongan,-7.1175,112.4154
2025-04-09,32.2,23.9,27.7,1.9,1.9,4.6,11.0,22.15,96,59,Lamongan,-7.1175,112.4154
2025-04-10,30.5,24.7,27.3,16.4,16.4,3.74,9.2,18.39,96,71,Lamongan,-7.1175,112.4154
2025-04-11,31.5,24.3,26.7,22.7,22.7,3.26,10.6,15.88,97,70,Lamongan,-7.1175,112.4154
2025-04-12,31.0,23.8,27.1,3.6,3.6,4.22,12.6,20.89,98,68,Lamongan,-7.1175,112.4154
2025-04-13,32.0,23.5,27.1,6.1,6.1,4.47,8.8,21.83,96,65,Lamongan,-7.1175,112.4154
2025-04-14,30.8,24.1,26.8,19.2,19.2,3.62,11.6,17.95,97,68,Lamongan,-7.1175,112.4154
2025-04-15,31.2,24.5,27.1,12.7,12.7,3.68,9.2,17.88,96,65,Lamongan,-7.1175,112.4154
2025-04-16,32.1,24.1,27.3,6.6,6.6,4.04,11.0,19.47,94,69,Lamongan,-7.1175,112.4154
2025-04-17,29.6,24.5,26.2,16.7,16.7,2.38,9.3,11.4,98,77,Lamongan,-7.1175,112.4154
2025-04-18,29.5,24.1,26.0,28.5,28.5,2.4,11.1,11.87,97,77,Lamongan,-7.1175,112.4154
2025-04-19,31.8,24.3,27.1,8.1,8.1,4.05,11.0,19.42,98,66,Lamongan,-7.1175,112.4154
2025-04-20,31.0,23.9,26.8,11.7,11.7,3.49,12.1,17.24,97,72,Lamongan,-7.1175,112.4154
2025-04-21,31.5,24.0,26.9,7.9,7.9,3.68,8.9,17.8,98,66,Lamongan,-7.1175,112.4154
2025-04-22,32.2,23.8,26.6,1.5,1.5,4.03,9.7,19.53,97,64,Lamongan,-7.1175,112.4154
2025-04-23,32.0,23.6,27.2,2.1,2.1,4.41,7.4,21.31,96,58,Lamongan,-7.1175,112.4154
2025-04-24,32.0,23.4,27.4,1.4,1.4,4.25,8.1,20.69,97,64,Lamongan,-7.1175,112.4154
2025-04-25,31.8,24.1,27.2,3.9,3.9,3.81,13.1,18.37,96,68,Lamongan,-7.1175,112.4154
2025-04-26,31.5,23.5,26.8,2.6,2.6,4.32,10.5,21.07,97,67,Lamongan,-7.1175,112.4154
2025-04-27,31.2,23.5,27.0,3.5,3.5,4.28,6.9,20.82,98,63,Lamongan,-7.1175,112.4154
2025-04-28,32.2,23.0,27.1,0.0,0.0,4.42,9.7,21.34,98,52,Lamongan,-7.1175,112.4154
2025-04-29,32.5,22.9,27.3,0.0,0.0,4.7,6.5,22.4,93,48,Lamongan,-7.1175,112.4154
2025-04-30,32.3,22.8,27.4,0.1,0.1,4.59,8.3,22.21,92,54,Lamongan,-7.1175,112.4154
2025-05-01,32.4,23.2,27.5,0.1,0.1,4.27,10.6,20.57,94,58,Lamongan,-7.1175,112.4154
2025-05-02,30.9,25.0,27.0,8.6,8.6,3.34,12.9,16.21,94,68,Lamongan,-7.1175,112.4154
2025-05-03,32.5,23.9,27.6,0.5,0.5,3.83,10.1,17.99,96,57,Lamongan,-7.1175,112.4154
2025-05-04,31.4,25.0,27.5,5.4,5.4,3.97,11.1,19.51,94,65,Lamongan,-7.1175,112.4154
2025-05-05,32.5,24.1,27.5,8.4,8.4,4.01,9.7,19.25,96,64,Lamongan,-7.1175,112.4154
2025-05-06,32.5,24.3,27.1,8.3,8.3,3.74,13.2,17.94,97,64,Lamongan,-7.1175,112.4154
2025-05-07,32.5,24.0,27.0,7.9,7.9,3.47,9.3,16.69,97,64,Lamongan,-7.1175,112.4154
2025-05-08,31.1,24.5,27.0,6.8,6.8,3.36,9.9,16.57,100,72,Lamongan,-7.1175,112.4154
2025-05-09,30.9,24.5,26.6,15.9,15.9,2.8,14.0,13.78,97,74,Lamongan,-7.1175,112.4154
2025-05-10,31.9,24.0,27.0,7.2,7.2,3.78,8.1,18.33,98,63,Lamongan,-7.1175,112.4154
2025-05-11,31.1,24.0,26.2,29.7,29.7,3.35,10.7,16.47,98,73,Lamongan,-7.1175,112.4154
2025-05-12,30.5,24.1,25.9,25.0,25.0,2.52,9.1,12.44,97,74,Lamongan,-7.1175,112.4154
2025-05-13,29.4,23.9,26.1,10.1,10.1,2.97,12.3,14.94,97,77,Lamongan,-7.1175,112.4154
2025-05-14,29.8,24.0,26.3,11.6,11.6,3.25,11.4,16.49,97,74,Lamongan,-7.1175,112.4154
2025-05-15,30.3,23.9,26.7,18.9,18.9,3.32,12.1,16.47,98,74,Lamongan,-7.1175,112.4154
2025-05-16,29.1,24.1,26.4,18.3,18.3,2.6,10.3,12.86,97,77,Lamongan,-7.1175,112.4154
2025-05-17,30.4,24.1,26.1,22.5,22.5,3.06,12.2,14.77,98,71,Lamongan,-7.1175,112.4154
2025-05-18,30.6,23.8,26.4,5.8,5.8,3.22,10.4,16.05,98,72,Lamongan,-7.1175,112.4154
2025-05-19,31.4,24.8,26.4,10.6,10.6,2.93,11.3,14.1,96,67,Lamongan,-7.1175,112.4154
2025-05-20,31.3,23.2,27.1,0.2,0.2,3.64,8.6,17.37,98,65,Lamongan,-7.1175,112.4154
2025-05-21,31.4,24.0,27.3,4.5,4.5,3.91,8.3,18.89,96,69,Lamongan,-7.1175,112.4154
2025-05-22,31.5,23.8,26.8,5.5,5.5,3.55,11.8,17.24,98,64,Lamongan,-7.1175,112.4154
2025-05-23,28.9,24.0,25.5,22.2,22.2,2.38,12.2,11.92,98,78,Lamongan,-7.1175,112.4154
2025-05-24,30.1,24.5,26.8,3.3,3.3,3.26,11.0,16.11,98,72,Lamongan,-7.1175,112.4154
2025-05-25,30.6,24.2,27.2,2.5,2.5,3.42,7.5,16.8,97,71,Lamongan,-7.1175,112.4154
2025-05-26,28.5,23.8,26.0,14.5,14.5,1.97,14.1,9.74,98,82,Lamongan,-7.1175,112.4154
2025-05-27,30.0,23.9,26.6,1.1,1.1,2.77,10.6,13.38,100,69,Lamongan,-7.1175,112.4154
2025-05-28,31.5,24.6,27.2,4.1,4.1,3.41,12.7,16.64,96,70,Lamongan,-7.1175,112.4154
2025-05-29,32.7,24.3,28.2,2.2,2.2,4.13,8.7,19.6,97,60,Lamongan,-7.1175,112.4154
2025-05-30,32.3,24.1,28.0,0.2,0.2,3.99,5.9,19.29,98,62,Lamongan,-7.1175,112.4154
2025-05-31,31.9,24.0,27.2,17.1,17.1,3.63,11.4,17.64,98,65,Lamongan,-7.1175,112.4154
2025-06-01,30.8,23.8,26.6,3.5,3.5,2.93,9.0,13.55,98,66,Lamongan,-7.1175,112.4154
2025-06-02,30.9,23.9,27.2,0.3,0.3,3.64,9.1,17.54,97,67,Lamongan,-7.1175,112.4154
2025-06-03,32.0,24.6,27.7,0.5,0.5,3.98,12.4,18.79,96,63,Lamongan,-7.1175,112.4154
2025-06-04,31.7,24.0,27.4,0.1,0.1,3.96,7.9,18.91,98,64,Lamongan,-7.1175,112.4154
2025-06-05,31.6,23.7,26.7,4.2,4.2,3.8,13.0,18.71,97,66,Lamongan,-7.1175,112.4154
2025-06-06,32.0,22.5,27.2,0.2,0.2,4.2,7.2,20.14,94,57,Lamongan,-7.1175,112.4154
2025-06-07,32.5,23.1,27.6,0.0,0.0,4.26,8.5,20.15,96,52,Lamongan,-7.1175,112.4154
2025-06-08,32.2,23.6,26.8,10.0,10.0,3.64,11.8,17.61,96,62,Lamongan,-7.1175,112.4154
2025-06-09,30.2,23.9,26.2,2.2,2.2,3.0,9.4,14.76,97,70,Lamongan,-7.1175,112.4154
2025-06-10,30.9,23.4,26.3,1.2,1.2,3.41,9.8,16.87,97,68,Lamongan,-7.1175,112.4154
2025-06-11,31.5,23.7,26.8,0.5,0.5,4.0,14.0,19.06,97,59,Lamongan,-7.1175,112.4154
2025-06-12,32.2,22.6,27.1,0.0,0.0,4.61,14.7,21.04,97,47,Lamongan,-7.1175,112.4154
2025-06-13,31.5,23.8,26.8,2.9,2.9,3.44,13.5,15.89,95,59,Lamongan,-7.1175,112.4154
2025-06-14,31.2,23.7,26.1,18.0,18.0,3.17,15.9,16.09,98,69,Lamongan,-7.1175,112.4154
2025-06-15,31.0,23.9,27.2,5.4,5.4,3.62,11.7,17.61,98,66,Lamongan,-7.1175,112.4154
2025-06-16,31.0,23.9,27.1,6.7,6.7,3.8,11.8,18.8,98,69,Lamongan,-7.1175,112.4154
2025-06-17,31.0,23.5,26.6,1.8,1.8,3.48,11.3,16.93,99,64,Lamongan,-7.1175,112.4154
2025-06-18,30.9,23.2,26.8,0.4,0.4,3.84,5.5,18.95,98,61,Lamongan,-7.1175,112.4154
2025-06-19,31.0,22.6,26.6,0.0,0.0,3.81,6.9,18.01,92,54,Lamongan,-7.1175,112.4154
2025-06-20,28.4,23.5,25.6,0.7,0.7,1.94,7.0,9.17,96,70,Lamongan,-7.1175,112.4154
2025-06-21,31.6,23.3,26.8,1.0,1.0,3.67,7.0,17.69,98,60,Lamongan,-7.1175,112.4154
2025-06-22,30.4,23.6,26.3,6.1,6.1,3.25,14.2,15.7,98,64,Lamongan,-7.1175,112.4154
2025-06-23,32.0,22.9,27.0,0.0,0.0,4.39,10.8,20.27,96,49,Lamongan,-7.1175,112.4154
2025-06-24,31.0,22.2,26.5,0.4,0.4,3.48,8.7,16.69,95,57,Lamongan,-7.1175,112.4154
2025-06-25,31.9,23.1,26.7,0.5,0.5,3.28,8.3,15.18,92,59,Lamongan,-7.1175,112.4154
2025-06-26,32.0,23.5,27.3,0.0,0.0,3.85,12.3,17.67,92,52,Lamongan,-7.1175,112.4154
2025-06-27,32.6,23.5,27.4,1.5,1.5,4.01,16.1,18.98,97,53,Lamongan,-7.1175,112.4154
2025-06-28,31.3,23.2,26.4,3.9,3.9,3.64,7.7,17.78,96,62,Lamongan,-7.1175,112.4154
2025-06-29,31.5,22.5,26.7,0.1,0.1,3.66,11.4,16.85,99,56,Lamongan,-7.1175,112.4154
2025-06-30,31.0,23.0,27.0,1.0,1.0,4.05,15.4,18.1,95,59,Lamongan,-7.1175,112.4154
2025-07-01,32.6,23.0,27.4,0.5,0.5,4.25,11.3,19.57,96,53,Lamongan,-7.1175,112.4154
2025-07-02,33.0,23.0,27.8,0.0,0.0,4.37,11.7,20.04,96,46,Lamongan,-7.1175,112.4154
2025-07-03,31.6,23.8,26.7,6.7,6.7,3.49,13.3,16.74,94,61,Lamongan,-7.1175,112.4154
2025-07-04,31.9,22.9,26.2,7.4,7.4,3.82,6.6,18.63,98,60,Lamongan,-7.1175,112.4154
2025-07-05,31.8,22.2,26.0,1.3,1.3,3.57,13.8,17.21,95,55,Lamongan,-7.1175,112.4154
2025-07-06,30.5,23.6,25.6,12.3,12.3,2.86,12.5,13.98,95,65,Lamongan,-7.1175,112.4154
2025-07-07,31.6,22.4,26.0,4.3,4.3,3.56,16.3,17.21,98,55,Lamongan,-7.1175,112.4154
2025-07-08,31.8,22.8,26.9,0.1,0.1,4.15,13.0,19.34,98,50,Lamongan,-7.1175,112.4154
2025-07-09,31.2,21.5,25.8,0.0,0.0,4.49,15.4,20.8,93,48,Lamongan,-7.1175,112.4154
2025-07-10,31.3,20.0,25.5,0.0,0.0,4.37,7.5,21.56,90,46,Lamongan,-7.1175,112.4154
2025-07-11,31.3,20.0,25.9,0.0,0.0,4.4,10.5,20.72,96,44,Lamongan,-7.1175,112.4154
2025-07-12,31.5,22.8,26.0,2.4,2.4,3.38,16.1,14.87,88,54,Lamongan,-7.1175,112.4154
2025-07-13,32.2,24.0,27.7,0.6,0.6,4.2,19.2,18.24,92,57,Lamongan,-7.1175,112.4154
2025-07-14,32.5,23.2,26.9,0.6,0.6,4.17,9.4,19.9,95,56,Lamongan,-7.1175,112.4154
2025-07-15,32.5,22.3,27.0,0.8,0.8,4.2,8.4,19.81,96,49,Lamongan,-7.1175,112.4154
2025-07-16,32.8,23.1,27.2,0.0,0.0,4.13,13.1,19.17,97,53,Lamongan,-7.1175,112.4154
2025-07-17,32.0,22.0,26.6,0.0,0.0,4.24,11.0,20.4,92,48,Lamongan,-7.1175,112.4154
2025-07-18,31.0,21.3,26.2,0.1,0.1,4.06,9.4,19.75,93,49,Lamongan,-7.1175,112.4154
2025-07-19,30.9,20.6,25.7,0.0,0.0,4.12,11.1,20.07,94,51,Lamongan,-7.1175,112.4154
2025-07-20,31.2,20.7,25.6,0.0,0.0,4.47,9.9,21.23,97,45,Lamongan,-7.1175,112.4154
2025-07-21,31.3,19.9,25.3,0.0,0.0,4.53,8.0,21.88,95,43,Lamongan,-7.1175,112.4154
2025-07-22,31.2,19.9,25.6,0.1,0.1,4.51,11.3,21.8,96,47,Lamongan,-7.1175,112.4154
2025-07-23,32.0,21.6,26.6,0.2,0.2,4.03,8.1,18.68,98,51,Lamongan,-7.1175,112.4154
2025-07-24,32.7,22.5,27.5,0.0,0.0,4.36,9.3,20.24,97,51,Lamongan,-7.1175,112.4154
2025-07-25,32.7,22.9,27.5,1.4,1.4,4.52,12.5,20.69,95,50,Lamongan,-7.1175,112.4154
2025-07-26,33.2,22.8,27.7,0.4,0.4,4.49,10.0,20.96,98,51,Lamongan,-7.1175,112.4154
2025-07-27,32.9,23.5,27.3,1.2,1.2,4.12,12.2,19.26,96,54,Lamongan,-7.1175,112.4154
2025-07-28,33.0,23.2,27.3,0.8,0.8,4.22,10.4,20.04,99,51,Lamongan,-7.1175,112.4154
2025-07-29,32.8,23.5,27.6,0.1,0.1,4.48,13.3,20.44,94,51,Lamongan,-7.1175,112.4154
2025-07-30,32.5,23.2,27.2,0.4,0.4,4.12,8.5,19.03,91,50,Lamongan,-7.1175,112.4154
2025-07-31,32.5,21.8,26.8,0.0,0.0,4.8,13.7,22.14,96,44,Lamongan,-7.1175,112.4154
2025-08-01,32.5,21.5,27.0,0.0,0.0,4.7,12.6,21.65,97,50,Lamongan,-7.1175,112.4154
2025-08-02,32.8,22.9,27.8,0.5,0.5,4.77,16.6,21.63,95,48,Lamongan,-7.1175,112.4154
2025-08-03,33.3,24.1,28.3,0.6,0.6,4.9,14.4,21.48,94,47,Lamongan,-7.1175,112.4154
2025-08-04,32.8,23.0,27.0,4.0,4.0,4.36,15.3,20.61,98,53,Lamongan,-7.1175,112.4154
2025-08-05,32.2,22.9,26.7,1.5,1.5,4.06,8.8,19.48,94,56,Lamongan,-7.1175,112.4154
2025-08-06,32.7,22.6,27.3,0.0,0.0,4.13,9.0,19.18,95,49,Lamongan,-7.1175,112.4154
2025-08-07,32.3,22.3,27.0,0.0,0.0,3.96,13.1,18.05,91,52,Lamongan,-7.1175,112.4154
2025-08-08,32.6,23.4,27.4,0.0,0.0,4.58,12.7,20.83,93,48,Lamongan,-7.1175,112.4154
2025-08-09,33.3,22.0,27.4,0.0,0.0,4.91,15.9,22.46,95,41,Lamongan,-7.1175,112.4154
2025-08-10,32.6,23.5,27.6,1.0,1.0,4.59,14.1,20.78,94,48,Lamongan,-7.1175,112.4154
2025-08-11,33.9,23.0,27.8,0.3,0.3,4.89,15.8,22.1,94,42,Lamongan,-7.1175,112.4154
2025-08-12,32.5,22.8,27.0,2.1,2.1,4.36,11.1,20.01,91,49,Lamongan,-7.1175,112.4154
2025-08-13,31.9,22.8,26.9,0.3,0.3,4.76,13.5,21.14,96,48,Lamongan,-7.1175,112.4154
2025-08-14,32.0,22.4,26.7,0.4,0.4,4.67,16.6,20.73,92,42,Lamongan,-7.1175,112.4154
2025-08-15,32.6,20.9,26.6,0.0,0.0,5.27,13.4,23.49,87,38,Lamongan,-7.1175,112.4154
2025-08-16,32.4,22.1,27.0,0.0,0.0,5.2,16.1,22.89,93,44,Lamongan,-7.1175,112.4154
2025-08-17,32.6,22.0,27.5,0.0,0.0,5.4,17.0,22.69,95,44,Lamongan,-7.1175,112.4154
2025-08-18,32.2,23.8,27.2,3.8,3.8,4.31,19.3,19.75,94,54,Lamongan,-7.1175,112.4154
2025-08-19,30.9,23.3,25.6,18.8,18.8,3.07,14.7,14.95,97,63,Lamongan,-7.1175,112.4154
2025-08-20,31.4,22.6,26.1,0.9,0.9,4.0,6.5,19.51,97,59,Lamongan,-7.1175,112.4154
2025-08-21,31.2,22.0,26.2,0.4,0.4,4.09,13.2,20.03,98,61,Lamongan,-7.1175,112.4154
2025-08-22,31.3,23.1,26.7,0.8,0.8,4.36,10.1,20.83,96,59,Lamongan,-7.1175,112.4154
2025-08-23,32.3,23.0,27.2,0.1,0.1,4.77,12.0,22.01,96,52,Lamongan,-7.1175,112.4154
2025-08-24,32.0,22.5,27.0,0.0,0.0,4.62,10.7,21.98,98,52,Lamongan,-7.1175,112.4154
2025-08-25,31.5,22.5,26.6,0.0,0.0,4.44,11.1,21.27,97,54,Lamongan,-7.1175,112.4154
2025-08-26,32.3,21.0,26.3,0.0,0.0,4.83,12.6,22.61,92,45,Lamongan,-7.1175,112.4154
2025-08-27,32.6,22.2,27.1,0.0,0.0,4.91,11.0,22.87,89,48,Lamongan,-7.1175,112.4154
2025-08-28,31.6,22.7,26.6,1.1,1.1,4.39,13.4,20.75,92,55,Lamongan,-7.1175,112.4154
2025-08-29,32.8,22.4,27.0,0.0,0.0,4.85,13.4,22.26,93,42,Lamongan,-7.1175,112.4154
2025-08-30,32.7,22.8,27.3,0.0,0.0,5.34,14.6,24.06,89,41,Lamongan,-7.1175,112.4154
2025-08-31,32.9,22.1,27.4,0.0,0.0,5.55,16.4,23.82,94,39,Lamongan,-7.1175,112.4154
2025-09-01,32.6,21.5,27.5,0.0,0.0,5.64,18.4,23.39,96,44,Lamongan,-7.1175,112.4154
2025-09-02,32.5,24.5,28.4,0.5,0.5,5.64,24.6,22.5,87,50,Lamongan,-7.1175,112.4154
2025-09-03,32.8,24.9,28.4,0.0,0.0,5.61,21.2,23.44,92,49,Lamongan,-7.1175,112.4154
2025-09-04,33.3,23.1,27.6,0.1,0.1,5.08,14.6,22.84,95,41,Lamongan,-7.1175,112.4154
2025-09-05,33.7,22.4,27.6,0.0,0.0,5.38,16.0,23.99,97,33,Lamongan,-7.1175,112.4154
2025-09-06,32.6,23.5,27.4,0.4,0.4,4.81,9.4,21.78,87,50,Lamongan,-7.1175,112.4154
2025-09-07,33.4,22.5,27.6,0.0,0.0,5.22,11.9,23.28,82,36,Lamongan,-7.1175,112.4154
2025-09-08,34.0,23.4,28.0,0.0,0.0,5.2,15.2,22.22,80,34,Lamongan,-7.1175,112.4154
2025-09-09,34.2,23.6,27.8,0.3,0.3,4.99,16.4,22.18,88,46,Lamongan,-7.1175,112.4154
2025-09-10,33.3,23.6,27.2,4.8,4.8,4.2,12.9,19.58,95,53,Lamongan,-7.1175,112.4154
2025-09-11,33.0,23.6,27.4,1.2,1.2,4.54,10.7,21.31,97,52,Lamongan,-7.1175,112.4154
2025-09-12,35.5,23.0,28.2,0.3,0.3,5.46,12.1,24.28,96,32,Lamongan,-7.1175,112.4154
2025-09-13,34.5,23.6,28.0,0.6,0.6,5.44,14.1,23.73,92,40,Lamongan,-7.1175,112.4154
2025-09-14,34.4,23.4,28.1,0.3,0.3,5.57,16.0,24.05,95,39,Lamongan,-7.1175,112.4154
2025-09-15,34.8,23.6,28.5,0.4,0.4,5.29,14.1,23.47,92,41,Lamongan,-7.1175,112.4154
2025-09-16,32.8,23.9,27.0,12.0,12.0,3.77,10.6,17.72,96,51,Lamongan,-7.1175,112.4154
2025-09-17,32.0,23.4,26.8,2.3,2.3,4.39,11.5,20.59,97,55,Lamongan,-7.1175,112.4154
2025-09-18,32.6,23.1,26.7,3.5,3.5,4.5,11.4,21.49,96,54,Lamongan,-7.1175,112.4154
2025-09-19,32.8,22.4,27.3,1.9,1.9,4.56,15.7,20.6,98,50,Lamongan,-7.1175,112.4154
2025-09-20,33.7,23.6,28.2,0.6,0.6,5.25,13.0,23.46,95,48,Lamongan,-7.1175,112.4154
2025-09-21,33.4,24.1,28.0,1.7,1.7,4.65,11.0,21.27,97,52,Lamongan,-7.1175,112.4154
2025-09-22,35.2,23.4,28.4,0.0,0.0,5.65,15.1,24.22,96,33,Lamongan,-7.1175,112.4154
2025-09-23,35.3,22.7,28.4,0.0,0.0,5.43,10.2,24.6,93,37,Lamongan,-7.1175,112.4154
2025-09-24,34.5,23.4,27.8,0.5,0.5,4.97,9.2,23.18,94,47,Lamongan,-7.1175,112.4154
2025-09-25,34.2,23.1,28.4,0.1,0.1,5.39,13.9,23.27,98,45,Lamongan,-7.1175,112.4154
2025-09-26,35.8,24.1,29.6,0.1,0.1,6.1,18.1,24.67,95,34,Lamongan,-7.1175,112.4154
2025-09-27,34.9,24.4,29.5,0.2,0.2,5.87,17.3,22.99,90,40,Lamongan,-7.1175,112.4154
2025-09-28,35.0,26.4,30.1,0.4,0.4,5.96,19.3,22.06,84,45,Lamongan,-7.1175,112.4154
2025-09-29,34.9,23.6,28.1,10.7,10.7,5.0,19.0,22.24,98,45,Lamongan,-7.1175,112.4154
2025-09-30,30.7,23.5,26.0,4.9,4.9,2.75,15.8,12.89,95,65,Lamongan,-7.1175,112.4154
2025-10-01,32.2,23.8,27.5,5.8,5.8,4.72,16.2,22.17,97,60,Lamongan,-7.1175,112.4154
2025-10-02,34.5,23.5,28.5,0.2,0.2,5.55,10.7,24.81,98,42,Lamongan,-7.1175,112.4154
2025-10-03,35.5,24.0,29.1,0.9,0.9,5.65,10.9,24.97,96,41,Lamongan,-7.1175,112.4154
2025-10-04,35.5,22.6,28.7,0.0,0.0,5.82,15.9,24.79,90,29,Lamongan,-7.1175,112.4154
2025-10-05,35.0,23.7,28.5,0.2,0.2,5.61,18.2,24.19,91,38,Lamongan,-7.1175,112.4154
2025-10-06,34.2,23.7,28.5,0.6,0.6,5.5,15.5,23.48,96,42,Lamongan,-7.1175,112.4154
2025-10-07,36.2,24.2,28.8,0.2,0.2,5.33,11.9,23.76,97,29,Lamongan,-7.1175,112.4154
2025-10-08,35.5,23.7,29.0,0.6,0.6,5.76,14.1,24.1,90,35,Lamongan,-7.1175,112.4154
2025-10-09,34.7,22.8,28.6,0.1,0.1,5.63,12.4,24.6,92,36,Lamongan,-7.1175,112.4154
2025-10-10,35.0,23.5,28.9,0.0,0.0,5.83,17.6,24.96,90,36,Lamongan,-7.1175,112.4154
2025-10-11,34.3,23.5,28.9,0.0,0.0,5.67,12.4,24.6,90,42,Lamongan,-7.1175,112.4154
2025-10-12,34.4,24.2,29.0,1.0,1.0,5.31,15.9,23.55,90,47,Lamongan,-7.1175,112.4154
2025-10-13,34.1,24.2,28.9,5.0,5.0,5.17,14.2,22.81,95,48,Lamongan,-7.1175,112.4154
2025-10-14,35.0,24.5,29.3,0.4,0.4,5.53,15.7,24.27,98,46,Lamongan,-7.1175,112.4154
2025-10-15,34.2,24.9,29.0,1.7,1.7,4.86,13.7,22.02,93,50,Lamongan,-7.1175,112.4154
2025-10-16,35.8,24.5,29.9,0.0,0.0,6.09,18.1,24.9,94,37,Lamongan,-7.1175,112.4154
2025-10-17,36.2,24.9,29.8,0.4,0.4,5.92,16.7,24.56,89,36,Lamongan,-7.1175,112.4154
2025-10-18,35.5,24.7,29.4,1.6,1.6,5.74,14.8,24.51,95,42,Lamongan,-7.1175,112.4154
2025-10-19,34.8,25.0,29.3,1.8,1.8,5.07,11.5,23.23,97,46,Lamongan,-7.1175,112.4154
2025-10-20,31.8,25.4,28.1,9.8,9.8,4.35,14.1,20.23,95,62,Lamongan,-7.1175,112.4154
2025-10-21,31.4,24.5,26.8,26.4,26.4,3.05,12.5,14.06,97,67,Lamongan,-7.1175,112.4154
2025-10-22,33.0,24.2,26.5,11.5,11.5,3.21,15.2,14.92,98,58,Lamongan,-7.1175,112.4154
2025-10-23,33.0,24.5,27.6,16.5,16.5,4.67,9.4,21.72,97,54,Lamongan,-7.1175,112.4154
2025-10-24,33.3,24.1,26.8,34.6,34.6,3.69,10.7,17.0,98,58,Lamongan,-7.1175,112.4154
2025-10-25,32.6,23.4,27.1,1.5,1.5,4.32,15.0,20.0,98,55,Lamongan,-7.1175,112.4154
2025-10-26,33.4,24.1,27.0,2.8,2.8,4.48,10.5,21.06,96,56,Lamongan,-7.1175,112.4154
2025-10-27,33.1,23.1,27.5,0.2,0.2,4.25,9.0,19.63,97,54,Lamongan,-7.1175,112.4154
2025-10-28,30.9,24.5,26.8,19.1,19.1,3.11,8.1,14.72,96,69,Lamongan,-7.1175,112.4154
2025-10-29,31.8,24.2,27.0,7.7,7.7,3.71,11.0,17.74,97,61,Lamongan,-7.1175,112.4154
2025-10-30,32.0,23.9,27.0,17.5,17.5,3.74,12.4,17.42,97,61,Lamongan,-7.1175,112.4154
2025-10-31,32.2,24.0,27.4,4.1,4.1,4.39,14.0,20.8,97,62,Lamongan,-7.1175,112.4154
2025-11-01,32.2,23.5,26.7,16.2,16.2,3.86,12.4,18.07,98,60,Lamongan,-7.1175,112.4154
2025-11-02,32.8,24.9,27.4,17.7,17.7,4.36,10.5,20.85,97,62,Lamongan,-7.1175,112.4154
2025-11-03,33.0,23.9,27.0,13.3,13.3,3.85,14.7,18.3,98,57,Lamongan,-7.1175,112.4154
2025-11-04,33.0,24.1,27.2,8.4,8.4,4.02,14.9,19.09,95,58,Lamongan,-7.1175,112.4154
2025-11-05,31.5,24.5,26.3,28.5,28.5,2.83,13.0,13.11,94,66,Lamongan,-7.1175,112.4154
2025-11-06,32.3,24.1,27.5,20.1,20.1,4.27,14.9,19.82,95,57,Lamongan,-7.1175,112.4154
2025-11-07,33.2,23.8,27.4,11.4,11.4,4.59,11.6,21.61,95,57,Lamongan,-7.1175,112.4154
2025-11-08,32.5,24.5,27.4,19.5,19.5,3.46,13.4,16.16,96,60,Lamongan,-7.1175,112.4154
2025-11-09,32.2,24.9,27.7,11.5,11.5,3.66,11.2,16.58,93,61,Lamongan,-7.1175,112.4154
2025-11-10,32.0,24.7,27.0,19.4,19.4,3.32,14.6,15.67,98,66,Lamongan,-7.1175,112.4154
2025-11-11,31.6,24.6,26.3,17.5,17.5,3.37,9.2,15.94,95,65,Lamongan,-7.1175,112.4154
2025-11-12,29.3,24.2,26.0,11.4,11.4,2.26,8.4,10.46,97,69,Lamongan,-7.1175,112.4154
2025-11-13,31.0,24.3,26.8,0.3,0.3,3.33,14.6,14.32,91,57,Lamongan,-7.1175,112.4154
2025-11-14,31.8,24.4,26.7,11.3,11.3,3.99,15.0,18.37,95,61,Lamongan,-7.1175,112.4154
2025-11-15,32.3,24.0,27.2,9.1,9.1,4.16,19.7,19.29,91,62,Lamongan,-7.1175,112.4154
2025-11-16,32.4,23.8,27.5,7.0,7.0,4.43,8.6,20.72,95,58,Lamongan,-7.1175,112.4154
2025-11-17,31.6,24.1,26.9,12.2,12.2,3.54,7.6,16.56,100,61,Lamongan,-7.1175,112.4154
2025-11-18,32.5,24.0,26.9,10.9,10.9,4.24,14.4,20.34,98,60,Lamongan,-7.1175,112.4154
2025-11-19,32.0,23.8,26.8,13.9,13.9,4.32,9.9,20.66,98,61,Lamongan,-7.1175,112.4154
2025-11-20,31.6,24.2,26.4,13.2,13.2,3.04,14.2,14.45,97,65,Lamongan,-7.1175,112.4154
2025-11-21,30.9,24.4,26.5,19.0,19.0,2.73,12.3,12.66,97,69,Lamongan,-7.1175,112.4154
2025-11-22,31.7,24.4,27.5,9.1,9.1,4.16,11.2,19.53,99,62,Lamongan,-7.1175,112.4154
2025-11-23,32.7,24.8,27.4,7.2,7.2,4.41,11.8,20.78,99,59,Lamongan,-7.1175,112.4154
2025-11-24,32.0,24.0,27.3,0.6,0.6,3.87,11.5,17.93,98,60,Lamongan,-7.1175,112.4154
2025-11-25,33.0,23.3,28.1,0.0,0.0,5.48,11.5,25.56,96,54,Lamongan,-7.1175,112.4154
2025-11-26,33.0,24.6,27.8,3.3,3.3,5.31,16.5,24.01,94,55,Lamongan,-7.1175,112.4154
2025-11-27,32.4,24.9,28.1,2.2,2.2,4.67,13.7,20.53,93,58,Lamongan,-7.1175,112.4154
2025-11-28,32.5,24.4,27.6,11.3,11.3,4.35,12.2,19.77,96,64,Lamongan,-7.1175,112.4154
2025-11-29,32.5,24.5,27.8,1.9,1.9,5.31,16.1,22.58,91,56,Lamongan,-7.1175,112.4154
2025-11-30,31.8,23.8,27.4,6.9,6.9,4.04,9.6,18.98,92,62,Lamongan,-7.1175,112.4154
2025-12-01,32.0,23.6,27.2,18.3,18.3,4.0,10.2,18.73,99,60,Lamongan,-7.1175,112.4154
2025-12-02,31.9,23.9,26.9,15.4,15.4,4.11,11.8,19.51,96,62,Lamongan,-7.1175,112.4154
2025-12-03,30.4,24.5,27.1,0.9,0.9,2.6,8.7,12.0,97,69,Lamongan,-7.1175,112.4154
2025-12-04,32.0,23.9,26.3,18.1,18.1,3.75,16.4,18.03,97,64,Lamongan,-7.1175,112.4154
2025-12-05,32.3,23.6,26.3,15.1,15.1,4.19,16.9,20.51,96,60,Lamongan,-7.1175,112.4154
2025-12-06,31.1,23.8,26.3,14.2,14.2,3.57,14.8,17.37,97,66,Lamongan,-7.1175,112.4154
2025-12-07,31.5,24.1,26.8,16.9,16.9,3.84,9.8,18.51,96,70,Lamongan,-7.1175,112.4154
2025-12-08,30.8,25.0,27.3,20.3,20.3,4.47,16.0,21.77,94,70,Lamongan,-7.1175,112.4154
2025-12-09,30.2,23.8,26.4,28.4,28.4,3.06,15.6,14.16,95,75,Lamongan,-7.1175,112.4154
2025-12-10,31.5,23.9,26.8,6.8,6.8,3.82,12.9,18.21,96,68,Lamongan,-7.1175,112.4154
2025-12-11,32.0,24.4,27.5,1.9,1.9,4.76,13.0,22.51,97,59,Lamongan,-7.1175,112.4154
2025-12-12,32.7,23.9,27.7,0.4,0.4,5.11,11.2,23.94,97,53,Lamongan,-7.1175,112.4154
2025-12-13,30.6,25.0,27.5,2.9,2.9,4.22,12.4,20.18,93,67,Lamongan,-7.1175,112.4154
2025-12-14,30.4,24.0,26.4,17.8,17.8,3.67,16.9,17.99,96,67,Lamongan,-7.1175,112.4154
2025-12-15,31.9,23.9,27.2,14.4,14.4,4.71,16.3,21.52,96,58,Lamongan,-7.1175,112.4154
2025-12-16,32.2,25.0,28.1,0.1,0.1,5.34,13.7,23.45,86,59,Lamongan,-7.1175,112.4154
2025-12-17,32.8,23.2,28.1,0.5,0.5,5.36,11.2,24.99,94,53,Lamongan,-7.1175,112.4154
2025-12-18,31.5,24.3,26.5,27.8,27.8,3.48,12.7,17.23,96,67,Lamongan,-7.1175,112.4154
2025-12-19,29.2,24.5,26.4,2.5,2.5,2.46,10.3,11.46,98,73,Lamongan,-7.1175,112.4154
2025-12-20,31.5,23.8,26.1,32.0,32.0,3.66,17.1,18.04,100,68,Lamongan,-7.1175,112.4154
2025-12-21,31.5,23.8,26.5,7.7,7.7,3.55,14.8,17.31,95,66,Lamongan,-7.1175,112.4154
2025-12-22,32.5,24.5,27.3,3.3,3.3,4.01,16.1,18.73,95,59,Lamongan,-7.1175,112.4154
2025-12-23,32.0,24.6,27.3,3.2,3.2,4.6,14.6,22.63,93,66,Lamongan,-7.1175,112.4154
2025-12-24,32.4,24.8,27.3,3.9,3.9,4.79,13.6,23.13,95,61,Lamongan,-7.1175,112.4154
2025-12-25,32.7,24.8,27.9,10.0,10.0,5.22,13.0,23.93,95,61,Lamongan,-7.1175,112.4154
2025-12-26,31.5,24.6,26.8,20.2,20.2,4.31,18.0,21.0,96,68,Lamongan,-7.1175,112.4154
2025-12-27,31.6,24.5,26.5,18.0,18.0,2.5,14.0,11.05,94,70,Lamongan,-7.1175,112.4154
2025-12-28,33.1,24.5,27.7,2.2,2.2,4.75,10.7,22.4,96,59,Lamongan,-7.1175,112.4154
2025-12-29,32.2,24.9,27.6,4.8,4.8,4.88,12.1,23.16,97,58,Lamongan,-7.1175,112.4154
2025-12-30,32.0,24.8,27.4,5.0,5.0,4.15,6.6,19.6,100,61,Lamongan,-7.1175,112.4154
2025-12-31,29.1,24.1,26.1,16.7,16.7,2.67,13.0,12.95,96,78,Lamongan,-7.1175,112.4154
