tanggal,temperature_2m_max,temperature_2m_min,temperature_2m_mean,precipitation_sum,rain_sum,et0_fao_evapotranspiration,windspeed_10m_max,shortwave_radiation_sum,relative_humidity_2m_max,relative_humidity_2m_min,kabupaten,lat,lon
2018-01-01,28.4,22.5,24.9,1.5,1.5,3.95,13.8,19.52,92,66,Magetan,-7.6551,111.3288
2018-01-02,27.4,22.7,24.4,13.2,13.2,3.09,8.7,15.51,96,74,Magetan,-7.6551,111.3288
2018-01-03,28.6,22.5,24.8,2.1,2.1,3.71,9.0,18.73,96,70,Magetan,-7.6551,111.3288
2018-01-04,27.6,22.5,24.3,70.6,70.6,3.06,8.4,15.33,98,76,Magetan,-7.6551,111.3288
2018-01-05,27.8,22.3,24.4,20.0,20.0,3.39,6.8,17.1,97,71,Magetan,-7.6551,111.3288
2018-01-06,27.0,22.0,24.3,54.4,54.4,2.8,9.2,13.93,98,74,Magetan,-7.6551,111.3288
2018-01-07,25.2,22.4,23.6,41.9,41.9,2.25,10.0,11.46,99,82,Magetan,-7.6551,111.3288
2018-01-08,28.4,22.8,24.7,7.6,7.6,3.91,9.4,20.06,95,72,Magetan,-7.6551,111.3288
2018-01-09,28.2,22.2,24.7,17.6,17.6,3.7,9.8,18.75,95,69,Magetan,-7.6551,111.3288
2018-01-10,26.9,22.2,24.1,48.4,48.4,3.1,9.6,15.73,96,77,Magetan,-7.6551,111.3288
2018-01-11,26.1,21.4,23.4,61.6,61.6,2.29,11.3,11.82,100,80,Magetan,-7.6551,111.3288
2018-01-12,26.2,21.6,23.6,13.3,13.3,2.09,9.1,10.31,98,77,Magetan,-7.6551,111.3288
2018-01-13,26.7,21.5,24.2,50.0,50.0,3.24,10.0,16.75,94,79,Magetan,-7.6551,111.3288
2018-01-14,26.9,21.7,23.9,18.8,18.8,3.19,14.1,16.89,98,74,Magetan,-7.6551,111.3288
2018-01-15,27.6,21.1,24.1,7.8,7.8,3.65,13.5,19.38,96,72,Magetan,-7.6551,111.3288
2018-01-16,26.2,21.4,23.7,19.5,19.5,3.25,9.4,17.04,98,74,Magetan,-7.6551,111.3288
2018-01-17,26.6,22.0,23.9,46.9,46.9,2.91,9.3,14.91,99,80,Magetan,-7.6551,111.3288
2018-01-18,26.0,22.0,23.6,63.1,63.1,2.28,8.2,11.69,96,83,Magetan,-7.6551,111.3288
2018-01-19,26.5,22.0,23.6,65.0,65.0,2.26,9.3,11.42,97,78,Magetan,-7.6551,111.3288
2018-01-20,25.3,21.8,23.1,101.8,101.8,1.83,10.5,9.36,100,85,Magetan,-7.6551,111.3288
2018-01-21,25.6,21.4,23.2,20.4,20.4,2.29,12.0,12.04,100,82,Magetan,-7.6551,111.3288
2018-01-22,25.5,21.4,23.1,58.3,58.3,2.11,9.8,10.85,99,83,Magetan,-7.6551,111.3288
2018-01-23,26.5,21.4,23.4,64.6,64.6,3.01,8.2,15.72,100,79,Magetan,-7.6551,111.3288
2018-01-24,27.1,22.1,23.9,43.2,43.2,2.86,9.2,14.82,99,78,Magetan,-7.6551,111.3288
2018-01-25,25.6,21.6,23.5,67.8,67.8,2.11,13.3,10.9,100,82,Magetan,-7.6551,111.3288
2018-01-26,26.9,21.1,23.7,90.5,90.5,3.2,14.1,16.97,99,74,Magetan,-7.6551,111.3288
2018-01-27,27.6,21.8,24.2,30.4,30.4,3.25,10.9,16.75,96,73,Magetan,-7.6551,111.3288
2018-01-28,27.5,22.2,24.3,5.6,5.6,3.04,12.2,14.94,98,70,Magetan,-7.6551,111.3288
2018-01-29,26.4,21.2,23.6,60.7,60.7,2.98,15.7,15.79,100,77,Magetan,-7.6551,111.3288
2018-01-30,26.5,21.2,23.6,34.6,34.6,3.71,15.1,20.01,100,74,Magetan,-7.6551,111.3288
2018-01-31,27.9,21.0,23.8,36.5,36.5,3.57,10.1,18.56,100,74,Magetan,-7.6551,111.3288
2018-02-01,27.0,21.7,23.7,34.1,34.1,3.13,11.5,16.32,99,75,Magetan,-7.6551,111.3288
2018-02-02,25.6,21.4,23.4,29.8,29.8,2.68,9.3,14.41,98,84,Magetan,-7.6551,111.3288
2018-02-03,26.6,21.6,23.8,21.3,21.3,2.75,9.3,13.82,98,76,Magetan,-7.6551,111.3288
2018-02-04,26.6,22.1,24.1,31.5,31.5,3.33,9.2,17.4,96,80,Magetan,-7.6551,111.3288
2018-02-05,25.0,21.9,23.3,40.7,40.7,1.85,8.7,9.15,99,81,Magetan,-7.6551,111.3288
2018-02-06,25.8,21.4,23.1,90.8,90.8,2.84,11.5,15.0,100,76,Magetan,-7.6551,111.3288
2018-02-07,26.1,21.0,22.8,74.4,74.4,2.91,9.2,15.51,98,81,Magetan,-7.6551,111.3288
2018-02-08,25.5,21.2,22.8,90.7,90.7,2.56,8.9,13.69,99,79,Magetan,-7.6551,111.3288
2018-02-09,25.5,21.1,22.9,70.7,70.7,2.48,8.9,12.92,99,80,Magetan,-7.6551,111.3288
2018-02-10,27.4,21.5,23.7,16.5,16.5,3.59,10.3,19.02,99,74,Magetan,-7.6551,111.3288
2018-02-11,27.2,21.4,23.9,22.4,22.4,3.3,14.0,17.15,99,73,Magetan,-7.6551,111.3288
2018-02-12,26.5,21.5,23.4,46.0,46.0,2.63,7.2,13.41,99,81,Magetan,-7.6551,111.3288
2018-02-13,26.3,21.4,23.5,65.0,65.0,3.0,12.1,15.7,99,75,Magetan,-7.6551,111.3288
2018-02-14,26.5,21.0,23.6,30.3,30.3,2.91,13.7,15.37,100,78,Magetan,-7.6551,111.3288
2018-02-15,26.5,21.4,23.1,88.9,88.9,2.59,14.0,13.77,100,79,Magetan,-7.6551,111.3288
2018-02-16,27.0,21.0,23.3,27.9,27.9,2.74,12.0,14.19,99,75,Magetan,-7.6551,111.3288
2018-02-17,27.4,20.9,23.9,26.1,26.1,3.83,12.8,20.3,100,73,Magetan,-7.6551,111.3288
2018-02-18,27.3,21.4,24.1,25.2,25.2,3.41,9.4,17.86,96,76,Magetan,-7.6551,111.3288
2018-02-19,27.0,21.8,23.9,28.9,28.9,3.36,10.1,17.49,97,74,Magetan,-7.6551,111.3288
2018-02-20,26.8,21.9,23.9,36.7,36.7,3.28,11.6,17.4,95,76,Magetan,-7.6551,111.3288
2018-02-21,28.0,22.5,24.3,64.7,64.7,3.45,7.8,17.79,96,78,Magetan,-7.6551,111.3288
2018-02-22,26.5,21.6,23.5,46.5,46.5,2.69,8.3,13.68,100,80,Magetan,-7.6551,111.3288
2018-02-23,27.0,21.9,23.7,21.0,21.0,3.02,11.9,15.74,98,76,Magetan,-7.6551,111.3288
2018-02-24,26.5,22.0,23.6,31.1,31.1,2.34,8.9,11.81,96,80,Magetan,-7.6551,111.3288
2018-02-25,26.9,22.1,24.0,14.5,14.5,2.77,11.2,13.71,95,78,Magetan,-7.6551,111.3288
2018-02-26,26.1,22.4,23.9,7.6,7.6,2.69,10.9,13.4,95,78,Magetan,-7.6551,111.3288
2018-02-27,28.1,22.0,24.9,2.8,2.8,4.55,12.1,23.18,91,67,Magetan,-7.6551,111.3288
2018-02-28,28.2,22.0,25.0,1.7,1.7,4.41,9.1,22.23,89,67,Magetan,-7.6551,111.3288
2018-03-01,27.2,22.8,24.1,3.6,3.6,3.17,14.2,16.21,97,75,Magetan,-7.6551,111.3288
2018-03-02,28.2,22.0,24.4,29.1,29.1,3.61,8.3,18.74,95,80,Magetan,-7.6551,111.3288
2018-03-03,27.7,22.5,24.3,7.4,7.4,3.27,9.5,16.69,100,75,Magetan,-7.6551,111.3288
2018-03-04,26.4,22.1,24.3,23.5,23.5,2.81,9.7,14.44,100,80,Magetan,-7.6551,111.3288
2018-03-05,28.1,22.9,24.4,21.3,21.3,3.25,13.0,16.76,98,77,Magetan,-7.6551,111.3288
2018-03-06,28.9,22.4,24.8,3.3,3.3,4.04,9.2,20.76,95,65,Magetan,-7.6551,111.3288
2018-03-07,26.6,22.1,24.1,30.8,30.8,2.89,8.0,14.71,98,78,Magetan,-7.6551,111.3288
2018-03-08,27.0,22.2,24.0,46.4,46.4,3.22,7.8,16.94,97,83,Magetan,-7.6551,111.3288
2018-03-09,27.0,22.8,24.6,18.1,18.1,3.54,8.0,18.23,94,77,Magetan,-7.6551,111.3288
2018-03-10,27.5,22.2,24.2,25.5,25.5,2.96,7.9,15.1,99,76,Magetan,-7.6551,111.3288
2018-03-11,27.6,22.5,24.2,17.1,17.1,3.03,6.9,15.3,96,77,Magetan,-7.6551,111.3288
2018-03-12,27.9,22.4,24.7,5.2,5.2,3.41,12.1,16.81,97,66,Magetan,-7.6551,111.3288
2018-03-13,27.4,22.4,24.3,7.5,7.5,3.09,9.9,14.93,98,66,Magetan,-7.6551,111.3288
2018-03-14,28.0,22.5,24.7,3.3,3.3,4.01,13.7,19.58,98,71,Magetan,-7.6551,111.3288
2018-03-15,29.2,22.5,25.5,0.3,0.3,4.57,14.5,22.01,86,62,Magetan,-7.6551,111.3288
2018-03-16,28.1,22.0,24.5,9.2,9.2,3.92,7.5,19.84,96,68,Magetan,-7.6551,111.3288
2018-03-17,27.3,21.8,23.7,48.9,48.9,3.63,10.4,19.13,99,77,Magetan,-7.6551,111.3288
2018-03-18,27.8,21.8,24.1,7.6,7.6,3.52,9.5,17.92,93,70,Magetan,-7.6551,111.3288
2018-03-19,28.2,22.0,25.0,0.2,0.2,4.18,12.6,21.16,88,65,Magetan,-7.6551,111.3288
2018-03-20,29.9,21.8,25.5,0.0,0.0,4.85,6.9,23.61,94,55,Magetan,-7.6551,111.3288
2018-03-21,28.6,21.2,24.6,0.6,0.6,4.6,13.3,23.6,97,64,Magetan,-7.6551,111.3288
2018-03-22,27.7,21.9,23.9,14.2,14.2,2.98,16.3,15.53,99,75,Magetan,-7.6551,111.3288
2018-03-23,28.9,22.1,25.2,2.0,2.0,4.46,13.7,21.75,93,72,Magetan,-7.6551,111.3288
2018-03-24,28.4,22.5,25.1,0.2,0.2,3.92,15.2,18.67,89,64,Magetan,-7.6551,111.3288
2018-03-25,27.9,22.5,24.8,2.6,2.6,3.99,18.8,20.29,89,70,Magetan,-7.6551,111.3288
2018-03-26,28.3,22.1,24.8,0.4,0.4,4.37,9.8,21.97,91,69,Magetan,-7.6551,111.3288
2018-03-27,27.7,22.5,24.7,1.6,1.6,3.34,11.2,16.73,92,70,Magetan,-7.6551,111.3288
2018-03-28,29.2,22.2,25.3,0.9,0.9,4.24,12.7,20.43,85,60,Magetan,-7.6551,111.3288
2018-03-29,29.9,21.8,25.6,0.0,0.0,4.78,8.3,23.09,93,58,Magetan,-7.6551,111.3288
2018-03-30,27.9,22.0,24.5,14.5,14.5,3.78,10.4,19.69,96,69,Magetan,-7.6551,111.3288
2018-03-31,28.4,22.8,24.6,36.7,36.7,3.52,11.8,18.2,94,70,Magetan,-7.6551,111.3288
2018-04-01,27.9,22.5,24.8,10.8,10.8,3.73,10.0,19.34,92,75,Magetan,-7.6551,111.3288
2018-04-02,27.8,22.4,24.7,3.2,3.2,3.46,12.3,17.9,94,74,Magetan,-7.6551,111.3288
2018-04-03,28.8,22.1,25.3,2.9,2.9,4.38,14.6,21.73,92,66,Magetan,-7.6551,111.3288
2018-04-04,29.0,23.5,25.9,0.1,0.1,4.98,17.9,22.75,80,63,Magetan,-7.6551,111.3288
2018-04-05,29.0,23.5,25.7,3.4,3.4,4.4,12.8,21.01,87,67,Magetan,-7.6551,111.3288
2018-04-06,28.7,23.1,25.3,2.2,2.2,4.45,9.7,22.24,89,69,Magetan,-7.6551,111.3288
2018-04-07,27.9,22.7,24.6,8.7,8.7,4.07,12.6,20.94,92,67,Magetan,-7.6551,111.3288
2018-04-08,27.8,22.2,24.1,2.4,2.4,3.31,10.6,17.58,93,72,Magetan,-7.6551,111.3288
2018-04-09,27.7,22.8,24.8,1.4,1.4,3.91,11.0,19.89,91,71,Magetan,-7.6551,111.3288
2018-04-10,28.7,23.4,25.6,0.3,0.3,4.72,18.7,21.51,81,61,Magetan,-7.6551,111.3288
2018-04-11,28.9,23.8,25.9,0.3,0.3,4.66,16.2,22.17,88,64,Magetan,-7.6551,111.3288
2018-04-12,28.5,22.8,25.3,1.5,1.5,3.84,10.5,19.52,90,71,Magetan,-7.6551,111.3288
2018-04-13,29.4,23.8,26.2,2.3,2.3,4.49,18.4,21.6,88,66,Magetan,-7.6551,111.3288
2018-04-14,29.3,23.9,26.0,0.6,0.6,4.22,9.4,20.88,89,65,Magetan,-7.6551,111.3288
2018-04-15,29.6,24.1,26.3,0.0,0.0,5.14,20.9,22.62,86,63,Magetan,-7.6551,111.3288
2018-04-16,29.4,22.6,25.8,0.2,0.2,4.53,11.6,22.11,87,59,Magetan,-7.6551,111.3288
2018-04-17,28.2,23.1,25.3,2.7,2.7,3.93,11.4,20.03,91,71,Magetan,-7.6551,111.3288
2018-04-18,28.0,23.7,25.1,4.1,4.1,3.92,10.5,19.82,96,70,Magetan,-7.6551,111.3288
2018-04-19,28.5,23.2,25.3,1.9,1.9,3.85,10.5,19.33,94,67,Magetan,-7.6551,111.3288
2018-04-20,28.9,23.3,25.2,2.8,2.8,4.08,10.1,20.91,92,66,Magetan,-7.6551,111.3288
2018-04-21,28.2,23.2,25.3,1.8,1.8,3.91,11.6,20.21,89,74,Magetan,-7.6551,111.3288
2018-04-22,28.5,23.1,25.2,2.9,2.9,3.5,12.9,17.85,92,68,Magetan,-7.6551,111.3288
2018-04-23,28.1,23.9,25.1,14.1,14.1,3.46,15.9,16.57,91,65,Magetan,-7.6551,111.3288
2018-04-24,28.9,23.1,25.4,2.8,2.8,4.0,11.9,19.94,92,64,Magetan,-7.6551,111.3288
2018-04-25,28.4,23.4,25.0,5.3,5.3,3.87,8.4,19.58,94,69,Magetan,-7.6551,111.3288
2018-04-26,28.0,22.4,24.9,0.9,0.9,3.76,11.5,19.25,95,70,Magetan,-7.6551,111.3288
2018-04-27,28.4,22.9,25.4,2.0,2.0,4.18,5.9,21.2,90,65,Magetan,-7.6551,111.3288
2018-04-28,29.4,23.0,25.7,0.2,0.2,4.8,24.5,20.98,84,56,Magetan,-7.6551,111.3288
2018-04-29,29.7,23.1,25.7,0.0,0.0,5.77,24.1,23.27,78,56,Magetan,-7.6551,111.3288
2018-04-30,29.4,23.0,25.5,0.0,0.0,5.48,18.9,23.46,77,51,Magetan,-7.6551,111.3288
2018-05-01,29.4,22.6,25.3,0.0,0.0,5.4,19.1,22.48,74,50,Magetan,-7.6551,111.3288
2018-05-02,29.6,22.5,25.5,0.0,0.0,5.33,16.6,21.53,76,49,Magetan,-7.6551,111.3288
2018-05-03,30.4,22.8,25.8,0.0,0.0,5.63,19.2,22.39,73,40,Magetan,-7.6551,111.3288
2018-05-04,30.8,22.7,26.1,0.0,0.0,5.89,20.5,22.86,70,44,Magetan,-7.6551,111.3288
2018-05-05,30.5,22.5,26.3,0.0,0.0,5.33,18.8,22.89,78,45,Magetan,-7.6551,111.3288
2018-05-06,31.1,22.8,26.5,0.0,0.0,4.99,16.8,21.24,74,45,Magetan,-7.6551,111.3288
2018-05-07,31.2,23.8,26.8,0.1,0.1,5.45,18.8,21.51,77,44,Magetan,-7.6551,111.3288
2018-05-08,31.2,23.8,26.5,0.1,0.1,5.91,23.1,22.11,79,43,Magetan,-7.6551,111.3288
2018-05-09,31.5,23.2,26.3,0.1,0.1,5.42,19.4,20.76,76,40,Magetan,-7.6551,111.3288
2018-05-10,31.6,23.5,26.7,0.0,0.0,5.29,17.3,21.83,75,35,Magetan,-7.6551,111.3288
2018-05-11,32.0,23.5,26.6,0.0,0.0,6.03,24.3,22.67,74,35,Magetan,-7.6551,111.3288
2018-05-12,31.3,23.2,26.2,0.0,0.0,5.6,23.8,20.35,81,46,Magetan,-7.6551,111.3288
2018-05-13,31.5,23.1,26.2,0.0,0.0,5.67,23.1,21.32,81,44,Magetan,-7.6551,111.3288
2018-05-14,32.0,23.5,26.9,0.0,0.0,5.18,21.8,20.31,84,42,Magetan,-7.6551,111.3288
2018-05-15,31.3,23.8,26.5,2.7,2.7,4.45,20.8,17.7,84,49,Magetan,-7.6551,111.3288
2018-05-16,31.7,24.1,26.4,4.2,4.2,4.49,19.3,18.01,86,50,Magetan,-7.6551,111.3288
2018-05-17,30.1,24.0,26.1,1.0,1.0,4.48,21.7,16.75,82,54,Magetan,-7.6551,111.3288
2018-05-18,31.0,23.7,26.2,0.2,0.2,5.02,19.2,19.52,79,49,Magetan,-7.6551,111.3288
2018-05-19,31.6,23.6,26.5,0.0,0.0,4.94,18.5,19.48,78,46,Magetan,-7.6551,111.3288
2018-05-20,30.8,23.5,26.6,0.8,0.8,4.39,21.3,18.17,82,48,Magetan,-7.6551,111.3288
2018-05-21,31.3,23.5,26.7,1.5,1.5,4.18,10.6,18.63,83,44,Magetan,-7.6551,111.3288
2018-05-22,31.1,24.0,26.8,2.1,2.1,4.2,14.8,18.49,81,50,Magetan,-7.6551,111.3288
2018-05-23,31.3,24.2,26.3,6.9,6.9,3.81,13.7,16.43,86,52,Magetan,-7.6551,111.3288
2018-05-24,30.3,23.6,26.2,0.8,0.8,4.3,17.8,17.96,88,54,Magetan,-7.6551,111.3288
2018-05-25,30.8,23.8,26.3,1.1,1.1,4.26,19.6,18.37,84,50,Magetan,-7.6551,111.3288
2018-05-26,30.2,23.8,26.0,0.7,0.7,4.46,23.6,18.04,85,54,Magetan,-7.6551,111.3288
2018-05-27,30.8,23.1,25.6,0.0,0.0,5.36,29.0,19.65,82,47,Magetan,-7.6551,111.3288
2018-05-28,31.0,22.9,25.8,0.0,0.0,5.37,27.5,19.96,79,48,Magetan,-7.6551,111.3288
2018-05-29,30.5,22.7,25.6,0.0,0.0,5.65,27.0,20.55,82,47,Magetan,-7.6551,111.3288
2018-05-30,31.2,22.2,25.7,0.0,0.0,5.3,22.0,19.58,75,43,Magetan,-7.6551,111.3288
2018-05-31,32.3,22.9,26.3,0.0,0.0,4.86,20.2,18.2,78,35,Magetan,-7.6551,111.3288
2018-06-01,31.9,22.2,26.0,0.0,0.0,5.43,23.9,20.96,72,38,Magetan,-7.6551,111.3288
2018-06-02,32.8,22.6,26.7,0.9,0.9,4.75,11.4,20.28,78,37,Magetan,-7.6551,111.3288
2018-06-03,31.6,23.3,26.9,2.4,2.4,4.19,9.0,19.09,87,45,Magetan,-7.6551,111.3288
2018-06-04,31.9,23.1,26.8,2.0,2.0,3.99,15.1,16.86,92,42,Magetan,-7.6551,111.3288
2018-06-05,32.5,23.2,27.3,1.2,1.2,4.52,11.2,20.1,94,43,Magetan,-7.6551,111.3288
2018-06-06,32.0,23.0,26.9,0.3,0.3,4.17,15.8,19.22,94,44,Magetan,-7.6551,111.3288
2018-06-07,33.0,23.1,27.1,5.7,5.7,4.6,16.9,20.85,92,38,Magetan,-7.6551,111.3288
2018-06-08,32.2,22.8,26.4,0.5,0.5,5.13,22.4,20.87,94,39,Magetan,-7.6551,111.3288
2018-06-09,31.9,22.8,26.1,0.0,0.0,5.2,21.2,20.17,81,42,Magetan,-7.6551,111.3288
2018-06-10,32.3,22.7,26.1,0.0,0.0,5.17,23.2,20.19,82,37,Magetan,-7.6551,111.3288
2018-06-11,30.0,23.4,25.8,1.1,1.1,4.86,23.7,19.07,84,52,Magetan,-7.6551,111.3288
2018-06-12,30.9,23.4,25.8,0.4,0.4,4.85,25.1,18.14,83,51,Magetan,-7.6551,111.3288
2018-06-13,30.1,22.5,25.2,0.0,0.0,5.39,28.5,19.21,82,47,Magetan,-7.6551,111.3288
2018-06-14,31.1,21.9,25.2,0.0,0.0,5.59,26.8,20.74,80,41,Magetan,-7.6551,111.3288
2018-06-15,31.0,22.2,25.3,0.0,0.0,5.64,24.8,20.79,80,32,Magetan,-7.6551,111.3288
2018-06-16,32.0,22.0,26.0,0.0,0.0,4.92,16.4,19.72,77,34,Magetan,-7.6551,111.3288
2018-06-17,32.0,22.1,26.4,0.1,0.1,4.82,15.3,20.1,76,36,Magetan,-7.6551,111.3288
2018-06-18,31.9,21.7,26.1,0.0,0.0,4.71,12.5,20.1,79,34,Magetan,-7.6551,111.3288
2018-06-19,30.0,23.1,25.5,0.9,0.9,4.65,24.5,17.34,80,51,Magetan,-7.6551,111.3288
2018-06-20,30.4,22.9,25.1,8.9,8.9,3.9,25.4,16.03,93,51,Magetan,-7.6551,111.3288
2018-06-21,28.3,22.4,24.9,1.5,1.5,3.0,22.2,11.57,93,57,Magetan,-7.6551,111.3288
2018-06-22,29.1,23.0,25.1,0.8,0.8,4.43,24.0,17.51,85,58,Magetan,-7.6551,111.3288
2018-06-23,30.5,22.8,25.6,0.8,0.8,4.8,22.1,19.21,84,50,Magetan,-7.6551,111.3288
2018-06-24,30.1,23.0,25.3,1.2,1.2,4.43,24.5,18.0,85,54,Magetan,-7.6551,111.3288
2018-06-25,28.5,22.1,24.5,0.8,0.8,4.2,26.3,17.36,87,59,Magetan,-7.6551,111.3288
2018-06-26,28.5,21.7,24.3,0.0,0.0,4.37,26.1,16.95,85,54,Magetan,-7.6551,111.3288
2018-06-27,29.1,21.9,24.6,0.0,0.0,4.93,26.3,19.81,82,53,Magetan,-7.6551,111.3288
2018-06-28,29.1,21.8,24.4,0.0,0.0,4.99,29.0,19.16,81,54,Magetan,-7.6551,111.3288
2018-06-29,29.5,21.8,24.4,0.2,0.2,5.11,29.2,19.39,83,49,Magetan,-7.6551,111.3288
2018-06-30,29.9,21.8,24.7,0.0,0.0,5.7,26.7,20.49,76,45,Magetan,-7.6551,111.3288
2018-07-01,31.2,21.6,25.4,0.0,0.0,5.03,22.5,20.52,85,43,Magetan,-7.6551,111.3288
2018-07-02,31.0,21.8,25.4,0.0,0.0,5.07,19.5,20.51,80,39,Magetan,-7.6551,111.3288
2018-07-03,29.5,21.6,24.9,0.0,0.0,5.58,27.0,20.41,78,42,Magetan,-7.6551,111.3288
2018-07-04,28.3,22.3,24.5,0.8,0.8,4.94,30.8,18.49,83,56,Magetan,-7.6551,111.3288
2018-07-05,28.4,20.6,23.4,0.0,0.0,5.86,32.8,20.6,82,39,Magetan,-7.6551,111.3288
2018-07-06,29.0,19.9,23.4,0.0,0.0,5.74,29.4,21.12,79,41,Magetan,-7.6551,111.3288
2018-07-07,29.1,20.9,24.1,0.0,0.0,5.54,25.4,20.87,79,45,Magetan,-7.6551,111.3288
2018-07-08,29.6,21.6,24.7,0.0,0.0,5.26,24.6,20.07,76,45,Magetan,-7.6551,111.3288
2018-07-09,29.1,21.8,24.4,0.0,0.0,5.46,29.2,20.61,82,46,Magetan,-7.6551,111.3288
2018-07-10,28.8,21.4,24.0,0.0,0.0,5.51,28.7,20.73,81,50,Magetan,-7.6551,111.3288
2018-07-11,29.4,20.5,23.8,0.0,0.0,5.65,25.9,20.29,78,37,Magetan,-7.6551,111.3288
2018-07-12,29.5,20.9,24.2,0.0,0.0,5.27,26.5,20.03,80,45,Magetan,-7.6551,111.3288
2018-07-13,28.6,21.1,24.0,0.0,0.0,5.07,25.9,19.39,82,50,Magetan,-7.6551,111.3288
2018-07-14,28.8,20.6,23.5,1.0,1.0,5.05,27.0,18.23,81,45,Magetan,-7.6551,111.3288
2018-07-15,28.1,20.1,23.1,0.2,0.2,5.26,29.0,19.29,80,47,Magetan,-7.6551,111.3288
2018-07-16,29.8,20.4,23.8,0.1,0.1,5.44,25.1,20.07,76,42,Magetan,-7.6551,111.3288
2018-07-17,29.2,20.6,24.0,0.4,0.4,4.74,21.1,17.78,80,45,Magetan,-7.6551,111.3288
2018-07-18,30.0,21.9,24.8,0.0,0.0,4.56,25.3,16.66,79,48,Magetan,-7.6551,111.3288
2018-07-19,31.0,21.9,25.0,0.3,0.3,5.46,24.4,20.68,82,41,Magetan,-7.6551,111.3288
2018-07-20,32.5,22.0,25.7,0.0,0.0,5.09,25.4,20.74,81,36,Magetan,-7.6551,111.3288
2018-07-21,32.0,22.0,25.9,0.0,0.0,5.33,22.7,21.07,80,38,Magetan,-7.6551,111.3288
2018-07-22,31.2,22.8,25.9,0.1,0.1,5.55,26.7,20.68,81,44,Magetan,-7.6551,111.3288
2018-07-23,30.1,22.6,25.3,0.2,0.2,5.36,28.5,19.61,83,51,Magetan,-7.6551,111.3288
2018-07-24,31.2,21.7,25.3,0.0,0.0,5.86,24.6,22.1,84,35,Magetan,-7.6551,111.3288
2018-07-25,31.1,20.8,24.7,0.0,0.0,6.32,26.0,22.52,70,27,Magetan,-7.6551,111.3288
2018-07-26,30.6,20.4,24.1,0.0,0.0,5.92,25.5,22.46,71,35,Magetan,-7.6551,111.3288
2018-07-27,30.0,20.4,24.0,0.0,0.0,5.71,27.8,22.05,78,43,Magetan,-7.6551,111.3288
2018-07-28,29.5,21.1,24.2,0.0,0.0,5.62,25.9,21.81,83,46,Magetan,-7.6551,111.3288
2018-07-29,30.6,20.9,24.6,0.0,0.0,5.33,28.1,20.93,79,43,Magetan,-7.6551,111.3288
2018-07-30,32.0,21.3,25.5,0.0,0.0,5.44,18.1,21.64,71,38,Magetan,-7.6551,111.3288
2018-07-31,30.1,22.0,25.1,0.0,0.0,5.31,25.6,20.81,79,45,Magetan,-7.6551,111.3288
2018-08-01,30.1,21.8,24.9,0.0,0.0,5.17,29.0,19.41,82,46,Magetan,-7.6551,111.3288
2018-08-02,28.2,20.0,23.1,0.0,0.0,5.72,31.5,22.19,86,41,Magetan,-7.6551,111.3288
2018-08-03,26.5,19.5,22.1,0.0,0.0,5.39,30.8,20.83,82,45,Magetan,-7.6551,111.3288
2018-08-04,28.2,19.5,22.5,0.0,0.0,5.21,27.2,20.44,81,40,Magetan,-7.6551,111.3288
2018-08-05,27.2,19.8,22.4,0.0,0.0,4.91,27.9,18.67,80,49,Magetan,-7.6551,111.3288
2018-08-06,28.8,19.0,22.7,0.0,0.0,5.82,26.7,22.76,79,38,Magetan,-7.6551,111.3288
2018-08-07,28.8,19.8,23.5,0.3,0.3,5.07,24.3,19.27,82,42,Magetan,-7.6551,111.3288
2018-08-08,29.9,21.0,24.8,0.0,0.0,4.79,20.0,18.48,81,45,Magetan,-7.6551,111.3288
2018-08-09,31.1,21.9,25.5,0.9,0.9,5.15,24.8,19.78,80,43,Magetan,-7.6551,111.3288
2018-08-10,29.5,22.0,24.7,0.0,0.0,5.34,29.9,19.82,79,49,Magetan,-7.6551,111.3288
2018-08-11,30.0,21.0,24.2,0.0,0.0,5.44,27.9,21.95,84,45,Magetan,-7.6551,111.3288
2018-08-12,29.6,21.4,24.5,0.0,0.0,5.06,25.4,18.71,81,48,Magetan,-7.6551,111.3288
2018-08-13,32.3,21.2,25.5,0.0,0.0,5.53,21.3,21.83,84,38,Magetan,-7.6551,111.3288
2018-08-14,31.2,21.7,25.1,0.0,0.0,5.33,24.6,20.28,81,43,Magetan,-7.6551,111.3288
2018-08-15,29.5,21.5,24.4,0.0,0.0,6.44,27.8,23.02,82,38,Magetan,-7.6551,111.3288
2018-08-16,29.5,20.5,23.8,0.0,0.0,6.54,27.3,23.74,78,35,Magetan,-7.6551,111.3288
2018-08-17,29.7,20.1,23.6,0.0,0.0,6.25,28.1,23.8,80,37,Magetan,-7.6551,111.3288
2018-08-18,30.1,19.8,23.8,0.0,0.0,5.8,26.1,22.51,82,37,Magetan,-7.6551,111.3288
2018-08-19,31.3,20.5,24.8,0.0,0.0,5.9,23.4,23.52,84,33,Magetan,-7.6551,111.3288
2018-08-20,32.0,22.2,25.6,0.4,0.4,5.52,22.0,22.71,80,33,Magetan,-7.6551,111.3288
2018-08-21,29.4,22.0,25.0,1.8,1.8,5.0,24.1,18.67,79,48,Magetan,-7.6551,111.3288
2018-08-22,30.4,21.9,25.1,0.0,0.0,5.99,27.3,20.75,77,42,Magetan,-7.6551,111.3288
2018-08-23,30.7,21.2,25.1,0.0,0.0,6.66,25.6,22.29,79,36,Magetan,-7.6551,111.3288
2018-08-24,30.4,20.8,24.6,0.0,0.0,6.35,25.3,22.15,80,41,Magetan,-7.6551,111.3288
2018-08-25,31.3,20.4,24.7,0.0,0.0,6.31,24.3,23.93,69,36,Magetan,-7.6551,111.3288
2018-08-26,31.4,20.6,24.9,0.0,0.0,5.97,25.2,22.94,76,39,Magetan,-7.6551,111.3288
2018-08-27,32.5,21.4,25.7,0.0,0.0,5.63,25.2,23.07,80,35,Magetan,-7.6551,111.3288
2018-08-28,31.6,22.3,25.7,0.0,0.0,5.42,25.3,21.52,80,40,Magetan,-7.6551,111.3288
2018-08-29,29.6,22.6,25.0,1.5,1.5,4.85,18.4,19.02,78,48,Magetan,-7.6551,111.3288
2018-08-30,31.0,21.6,24.9,0.2,0.2,4.93,25.7,18.74,81,44,Magetan,-7.6551,111.3288
2018-08-31,29.5,22.2,24.9,0.4,0.4,5.09,27.5,19.98,80,52,Magetan,-7.6551,111.3288
2018-09-01,28.4,22.3,24.4,7.9,7.9,3.95,21.2,15.9,89,55,Magetan,-7.6551,111.3288
2018-09-02,31.0,21.9,25.2,0.0,0.0,5.67,25.5,21.89,85,44,Magetan,-7.6551,111.3288
2018-09-03,30.8,21.0,24.4,0.0,0.0,6.44,28.9,24.72,82,39,Magetan,-7.6551,111.3288
2018-09-04,29.8,21.0,24.3,0.0,0.0,6.54,27.3,23.77,74,39,Magetan,-7.6551,111.3288
2018-09-05,29.6,21.8,24.9,1.1,1.1,5.65,27.0,22.0,80,49,Magetan,-7.6551,111.3288
2018-09-06,30.4,22.0,25.0,0.8,0.8,5.55,24.9,22.71,83,46,Magetan,-7.6551,111.3288
2018-09-07,30.9,21.8,25.1,0.5,0.5,5.65,25.7,22.18,81,44,Magetan,-7.6551,111.3288
2018-09-08,31.0,22.0,25.4,0.2,0.2,5.91,26.4,23.76,83,45,Magetan,-7.6551,111.3288
2018-09-09,33.7,22.0,26.2,0.0,0.0,6.41,21.4,24.61,80,27,Magetan,-7.6551,111.3288
2018-09-10,31.8,22.8,26.0,0.0,0.0,6.2,26.0,23.28,79,36,Magetan,-7.6551,111.3288
2018-09-11,32.4,22.6,25.7,0.0,0.0,6.38,30.0,23.74,81,34,Magetan,-7.6551,111.3288
2018-09-12,29.8,22.0,24.8,0.0,0.0,6.48,30.0,24.24,80,40,Magetan,-7.6551,111.3288
2018-09-13,31.8,21.5,25.1,0.0,0.0,6.8,27.7,25.36,71,33,Magetan,-7.6551,111.3288
2018-09-14,30.5,20.9,24.7,0.0,0.0,6.57,27.4,24.44,76,35,Magetan,-7.6551,111.3288
2018-09-15,30.8,21.1,24.6,0.0,0.0,6.64,27.0,24.55,73,31,Magetan,-7.6551,111.3288
2018-09-16,33.0,21.5,25.6,0.0,0.0,6.38,23.0,24.08,74,23,Magetan,-7.6551,111.3288
2018-09-17,31.1,22.1,25.8,1.2,1.2,6.37,25.6,24.05,77,41,Magetan,-7.6551,111.3288
2018-09-18,32.0,22.8,26.1,0.5,0.5,6.2,25.4,23.77,77,40,Magetan,-7.6551,111.3288
2018-09-19,31.5,22.2,25.8,2.3,2.3,4.71,19.7,19.05,92,39,Magetan,-7.6551,111.3288
2018-09-20,31.3,22.8,25.9,0.5,0.5,3.75,14.2,15.08,83,42,Magetan,-7.6551,111.3288
2018-09-21,33.6,23.3,26.7,0.4,0.4,5.71,20.7,22.49,83,30,Magetan,-7.6551,111.3288
2018-09-22,33.5,22.8,27.3,0.1,0.1,6.19,17.2,25.06,71,32,Magetan,-7.6551,111.3288
2018-09-23,32.0,22.5,26.3,0.0,0.0,6.62,24.5,24.35,79,36,Magetan,-7.6551,111.3288
2018-09-24,33.5,22.8,26.6,0.0,0.0,6.61,24.9,24.42,72,32,Magetan,-7.6551,111.3288
2018-09-25,32.3,23.0,27.0,0.0,0.0,7.06,25.5,24.47,72,38,Magetan,-7.6551,111.3288
2018-09-26,33.2,22.5,27.0,0.0,0.0,7.6,25.6,26.03,73,27,Magetan,-7.6551,111.3288
2018-09-27,33.1,22.3,26.7,0.0,0.0,8.66,27.3,26.7,57,20,Magetan,-7.6551,111.3288
2018-09-28,32.4,22.0,26.2,0.0,0.0,7.48,25.3,26.58,65,31,Magetan,-7.6551,111.3288
2018-09-29,33.5,22.5,26.9,0.0,0.0,6.62,22.3,25.26,73,26,Magetan,-7.6551,111.3288
2018-09-30,34.3,23.4,27.4,0.1,0.1,6.72,29.2,24.8,74,27,Magetan,-7.6551,111.3288
2018-10-01,33.1,23.6,27.4,0.7,0.7,6.82,24.5,23.95,75,39,Magetan,-7.6551,111.3288
2018-10-02,34.7,23.0,27.8,0.2,0.2,6.71,21.0,25.71,73,31,Magetan,-7.6551,111.3288
2018-10-03,34.0,23.1,27.2,0.0,0.0,7.17,25.6,25.54,78,32,Magetan,-7.6551,111.3288
2018-10-04,34.6,22.1,27.1,0.0,0.0,7.16,26.2,26.68,78,20,Magetan,-7.6551,111.3288
2018-10-05,34.3,22.5,27.1,0.0,0.0,6.75,28.1,25.92,73,27,Magetan,-7.6551,111.3288
2018-10-06,34.2,23.0,27.2,0.2,0.2,6.68,22.8,25.28,75,29,Magetan,-7.6551,111.3288
2018-10-07,33.3,23.4,27.3,0.0,0.0,6.75,22.0,24.72,71,33,Magetan,-7.6551,111.3288
2018-10-08,33.1,23.2,26.8,0.0,0.0,6.93,25.5,25.0,71,35,Magetan,-7.6551,111.3288
2018-10-09,33.5,22.8,26.9,0.0,0.0,7.38,26.6,25.93,75,32,Magetan,-7.6551,111.3288
2018-10-10,34.0,22.5,26.9,0.0,0.0,6.91,27.7,25.71,75,29,Magetan,-7.6551,111.3288
2018-10-11,34.9,22.9,27.5,0.0,0.0,6.97,25.8,26.5,76,24,Magetan,-7.6551,111.3288
2018-10-12,34.5,22.9,27.7,0.0,0.0,6.66,26.1,25.5,75,27,Magetan,-7.6551,111.3288
2018-10-13,33.5,23.8,27.2,0.0,0.0,7.05,26.1,25.33,76,32,Magetan,-7.6551,111.3288
2018-10-14,33.9,23.7,27.5,0.0,0.0,6.64,27.4,24.31,75,28,Magetan,-7.6551,111.3288
2018-10-15,33.0,23.1,26.9,0.0,0.0,6.66,25.9,24.84,77,34,Magetan,-7.6551,111.3288
2018-10-16,33.4,23.1,27.0,0.0,0.0,6.82,26.0,25.66,77,33,Magetan,-7.6551,111.3288
2018-10-17,33.2,22.9,27.1,0.5,0.5,6.42,22.7,24.04,79,34,Magetan,-7.6551,111.3288
2018-10-18,32.5,23.1,26.5,0.7,0.7,6.5,25.7,23.84,77,37,Magetan,-7.6551,111.3288
2018-10-19,31.9,22.9,26.2,0.0,0.0,6.73,29.5,24.55,80,40,Magetan,-7.6551,111.3288
2018-10-20,32.5,22.6,26.3,0.0,0.0,7.05,28.9,25.77,78,37,Magetan,-7.6551,111.3288
2018-10-21,33.0,22.6,26.7,0.0,0.0,6.35,22.6,24.98,82,36,Magetan,-7.6551,111.3288
2018-10-22,33.0,22.6,26.8,0.0,0.0,6.44,25.8,24.8,80,34,Magetan,-7.6551,111.3288
2018-10-23,33.5,23.2,27.5,0.1,0.1,6.08,20.3,23.42,81,34,Magetan,-7.6551,111.3288
2018-10-24,33.0,23.8,27.3,0.8,0.8,6.25,21.6,23.96,80,36,Magetan,-7.6551,111.3288
2018-10-25,31.5,23.4,26.4,2.0,2.0,5.67,21.8,22.06,82,43,Magetan,-7.6551,111.3288
2018-10-26,31.9,23.4,26.7,0.2,0.2,6.3,23.5,24.02,80,40,Magetan,-7.6551,111.3288
2018-10-27,33.0,23.3,26.9,0.2,0.2,6.3,27.4,24.33,80,37,Magetan,-7.6551,111.3288
2018-10-28,31.6,23.6,26.7,0.6,0.6,5.93,26.0,22.65,80,42,Magetan,-7.6551,111.3288
2018-10-29,31.1,23.0,26.4,1.5,1.5,5.28,21.0,20.31,78,43,Magetan,-7.6551,111.3288
2018-10-30,33.0,23.1,27.2,0.0,0.0,7.24,27.8,24.8,73,36,Magetan,-7.6551,111.3288
2018-10-31,34.0,23.2,27.5,0.0,0.0,7.21,25.2,25.15,66,28,Magetan,-7.6551,111.3288
2018-11-01,33.7,23.4,26.9,0.3,0.3,6.06,26.6,22.3,75,36,Magetan,-7.6551,111.3288
2018-11-02,34.3,23.5,27.7,1.2,1.2,6.49,23.5,24.58,75,33,Magetan,-7.6551,111.3288
2018-11-03,33.3,24.3,27.7,0.3,0.3,6.27,28.8,23.49,85,43,Magetan,-7.6551,111.3288
2018-11-04,33.8,24.0,27.5,0.9,0.9,6.64,26.2,24.53,84,39,Magetan,-7.6551,111.3288
2018-11-05,33.2,24.3,27.7,0.7,0.7,5.93,25.6,23.23,80,38,Magetan,-7.6551,111.3288
2018-11-06,31.3,24.3,27.0,0.2,0.2,5.26,25.0,19.23,82,52,Magetan,-7.6551,111.3288
2018-11-07,31.1,24.0,26.2,6.8,6.8,4.01,16.6,17.01,91,53,Magetan,-7.6551,111.3288
2018-11-08,28.4,23.2,24.6,15.1,15.1,2.45,10.8,11.61,96,68,Magetan,-7.6551,111.3288
2018-11-09,28.8,22.8,25.2,2.2,2.2,3.33,10.4,15.95,97,66,Magetan,-7.6551,111.3288
2018-11-10,29.6,23.3,25.4,4.7,4.7,3.75,12.4,18.08,96,64,Magetan,-7.6551,111.3288
2018-11-11,29.6,23.5,26.0,2.8,2.8,4.52,14.9,20.95,92,59,Magetan,-7.6551,111.3288
2018-11-12,29.9,23.4,25.7,4.1,4.1,4.7,15.0,22.17,92,56,Magetan,-7.6551,111.3288
2018-11-13,29.6,23.3,25.6,6.2,6.2,4.43,12.9,21.57,92,62,Magetan,-7.6551,111.3288
2018-11-14,29.1,23.4,25.4,24.1,24.1,4.14,11.9,20.5,93,73,Magetan,-7.6551,111.3288
2018-11-15,29.7,23.6,26.3,1.1,1.1,4.74,22.7,21.84,86,65,Magetan,-7.6551,111.3288
2018-11-16,30.5,24.3,26.9,0.6,0.6,5.91,23.8,24.51,82,59,Magetan,-7.6551,111.3288
2018-11-17,30.9,23.5,27.0,3.3,3.3,5.59,17.9,24.33,94,55,Magetan,-7.6551,111.3288
2018-11-18,29.4,22.8,25.5,3.5,3.5,3.65,9.7,17.54,98,62,Magetan,-7.6551,111.3288
2018-11-19,32.7,23.0,27.2,0.6,0.6,5.6,9.5,25.97,93,39,Magetan,-7.6551,111.3288
2018-11-20,31.2,22.6,26.6,0.0,0.0,5.34,14.6,23.72,98,49,Magetan,-7.6551,111.3288
2018-11-21,31.0,22.0,26.5,0.8,0.8,5.2,12.6,23.68,88,48,Magetan,-7.6551,111.3288
2018-11-22,30.7,22.9,26.3,1.4,1.4,5.16,21.6,20.79,92,48,Magetan,-7.6551,111.3288
2018-11-23,31.6,22.6,26.5,0.0,0.0,6.13,21.5,23.68,79,40,Magetan,-7.6551,111.3288
2018-11-24,31.6,23.6,26.9,0.2,0.2,6.29,21.0,24.95,72,40,Magetan,-7.6551,111.3288
2018-11-25,30.0,23.4,25.8,2.9,2.9,4.67,15.9,20.56,89,52,Magetan,-7.6551,111.3288
2018-11-26,26.9,22.6,24.3,16.4,16.4,2.29,11.9,10.63,93,74,Magetan,-7.6551,111.3288
2018-11-27,28.4,22.7,24.6,5.7,5.7,3.97,8.6,19.94,97,71,Magetan,-7.6551,111.3288
2018-11-28,28.6,21.9,24.8,9.2,9.2,3.78,17.6,18.68,94,75,Magetan,-7.6551,111.3288
2018-11-29,28.9,23.7,25.4,3.8,3.8,4.09,16.9,18.82,87,67,Magetan,-7.6551,111.3288
2018-11-30,26.4,23.3,24.7,3.2,3.2,2.61,16.6,11.68,89,79,Magetan,-7.6551,111.3288
2018-12-01,28.3,23.0,25.1,2.0,2.0,3.85,17.7,16.29,92,60,Magetan,-7.6551,111.3288
2018-12-02,28.1,22.8,25.0,1.9,1.9,4.1,18.5,18.64,87,68,Magetan,-7.6551,111.3288
2018-12-03,27.8,23.4,24.8,6.4,6.4,3.21,19.5,14.25,92,68,Magetan,-7.6551,111.3288
2018-12-04,29.1,23.4,25.1,24.5,24.5,4.17,19.7,20.07,93,68,Magetan,-7.6551,111.3288
2018-12-05,28.4,22.5,24.9,3.8,3.8,3.98,10.8,20.31,94,69,Magetan,-7.6551,111.3288
2018-12-06,28.5,23.0,25.4,2.6,2.6,3.77,11.3,18.5,94,68,Magetan,-7.6551,111.3288
2018-12-07,30.1,24.0,26.2,2.7,2.7,4.97,16.2,23.89,91,64,Magetan,-7.6551,111.3288
2018-12-08,29.6,23.4,25.7,7.5,7.5,3.93,18.9,19.04,94,63,Magetan,-7.6551,111.3288
2018-12-09,29.5,23.1,25.7,1.5,1.5,4.25,11.3,20.78,91,66,Magetan,-7.6551,111.3288
2018-12-10,29.7,23.6,25.6,6.8,6.8,4.09,11.7,19.99,99,71,Magetan,-7.6551,111.3288
2018-12-11,29.5,23.2,25.8,4.8,4.8,4.06,13.2,20.08,99,73,Magetan,-7.6551,111.3288
2018-12-12,28.2,22.9,25.1,26.1,26.1,3.89,9.7,19.78,98,73,Magetan,-7.6551,111.3288
2018-12-13,27.3,22.5,24.7,27.1,27.1,2.52,9.7,12.33,100,79,Magetan,-7.6551,111.3288
2018-12-14,28.7,23.0,25.3,8.1,8.1,3.88,9.2,19.23,99,70,Magetan,-7.6551,111.3288
2018-12-15,28.4,22.9,25.2,19.1,19.1,3.28,8.0,15.85,99,71,Magetan,-7.6551,111.3288
2018-12-16,27.9,23.5,25.4,0.0,0.0,2.91,17.2,11.84,94,68,Magetan,-7.6551,111.3288
2018-12-17,30.1,23.1,26.0,0.0,0.0,5.06,20.9,21.17,84,56,Magetan,-7.6551,111.3288
2018-12-18,29.6,21.8,25.3,1.2,1.2,5.0,13.6,23.49,87,56,Magetan,-7.6551,111.3288
2018-12-19,29.1,22.0,25.3,0.8,0.8,4.57,14.0,21.39,88,62,Magetan,-7.6551,111.3288
2018-12-20,28.4,23.0,24.7,7.2,7.2,3.94,15.5,20.57,97,70,Magetan,-7.6551,111.3288
2018-12-21,25.7,22.5,23.8,33.0,33.0,2.11,8.6,10.64,100,82,Magetan,-7.6551,111.3288
2018-12-22,27.5,22.9,24.9,16.4,16.4,3.18,13.4,15.57,98,74,Magetan,-7.6551,111.3288
2018-12-23,27.5,22.9,24.8,8.1,8.1,2.7,10.0,12.49,92,71,Magetan,-7.6551,111.3288
2018-12-24,27.5,22.9,24.6,2.2,2.2,2.47,12.3,10.7,96,64,Magetan,-7.6551,111.3288
2018-12-25,24.5,22.3,23.3,72.4,72.4,1.62,7.9,7.97,99,86,Magetan,-7.6551,111.3288
2018-12-26,26.2,22.0,23.9,18.7,18.7,2.28,10.4,11.54,99,82,Magetan,-7.6551,111.3288
2018-12-27,28.9,22.6,25.3,9.7,9.7,3.9,7.7,19.06,95,61,Magetan,-7.6551,111.3288
2018-12-28,29.7,22.5,26.0,0.0,0.0,4.85,8.5,23.2,82,58,Magetan,-7.6551,111.3288
2018-12-29,28.9,22.9,25.6,10.5,10.5,4.08,9.2,20.25,95,72,Magetan,-7.6551,111.3288
2018-12-30,27.1,23.2,24.7,20.0,20.0,2.93,11.7,14.74,96,76,Magetan,-7.6551,111.3288
2018-12-31,27.5,22.1,24.5,19.9,19.9,3.71,15.9,19.59,100,71,Magetan,-7.6551,111.3288
2019-01-01,26.0,21.9,23.6,41.0,41.0,2.55,14.2,13.59,100,79,Magetan,-7.6551,111.3288
2019-01-02,25.8,21.8,23.7,66.5,66.5,2.9,12.1,15.07,100,80,Magetan,-7.6551,111.3288
2019-01-03,25.2,22.0,23.3,67.1,67.1,1.86,10.3,9.46,98,87,Magetan,-7.6551,111.3288
2019-01-04,27.4,21.7,24.1,16.3,16.3,3.62,14.8,19.17,98,76,Magetan,-7.6551,111.3288
2019-01-05,28.1,22.3,24.8,2.0,2.0,3.94,19.4,20.68,97,69,Magetan,-7.6551,111.3288
2019-01-06,29.2,22.6,25.2,3.2,3.2,4.39,12.7,22.33,93,67,Magetan,-7.6551,111.3288
2019-01-07,28.8,22.8,25.0,20.4,20.4,3.81,10.3,19.13,96,74,Magetan,-7.6551,111.3288
2019-01-08,29.2,22.5,25.7,1.3,1.3,4.57,15.3,22.61,90,65,Magetan,-7.6551,111.3288
2019-01-09,29.0,22.4,25.1,1.2,1.2,4.62,12.8,23.78,98,68,Magetan,-7.6551,111.3288
2019-01-10,29.2,22.5,25.6,3.7,3.7,4.65,9.8,23.61,98,65,Magetan,-7.6551,111.3288
2019-01-11,28.7,22.3,24.9,11.7,11.7,3.65,8.2,18.26,99,73,Magetan,-7.6551,111.3288
2019-01-12,27.8,22.5,24.9,8.1,8.1,4.01,8.2,20.42,99,77,Magetan,-7.6551,111.3288
2019-01-13,27.2,22.8,24.6,28.2,28.2,3.29,8.6,16.96,99,77,Magetan,-7.6551,111.3288
2019-01-14,28.5,22.5,24.7,23.1,23.1,3.89,11.3,20.02,99,71,Magetan,-7.6551,111.3288
2019-01-15,27.2,22.3,24.3,46.5,46.5,3.47,12.6,18.53,100,80,Magetan,-7.6551,111.3288
2019-01-16,23.5,22.0,22.5,185.1,185.1,0.66,8.7,2.67,100,94,Magetan,-7.6551,111.3288
2019-01-17,26.5,21.9,23.4,139.3,139.3,2.46,11.2,12.87,100,83,Magetan,-7.6551,111.3288
2019-01-18,26.0,21.6,23.6,47.1,47.1,2.9,10.5,15.54,100,82,Magetan,-7.6551,111.3288
2019-01-19,26.4,22.1,23.9,49.8,49.8,2.56,9.7,13.32,100,81,Magetan,-7.6551,111.3288
2019-01-20,26.8,22.8,24.5,43.4,43.4,3.08,11.3,16.03,97,82,Magetan,-7.6551,111.3288
2019-01-21,27.4,22.4,24.3,56.9,56.9,2.64,10.8,13.0,99,81,Magetan,-7.6551,111.3288
2019-01-22,27.0,21.9,23.9,100.5,100.5,2.84,15.5,15.09,100,79,Magetan,-7.6551,111.3288
2019-01-23,25.6,21.8,23.3,53.4,53.4,1.88,11.9,9.53,100,84,Magetan,-7.6551,111.3288
2019-01-24,26.9,21.6,23.7,54.9,54.9,2.91,10.9,14.98,100,78,Magetan,-7.6551,111.3288
2019-01-25,25.8,21.1,23.2,52.3,52.3,2.41,11.8,12.65,100,83,Magetan,-7.6551,111.3288
2019-01-26,27.7,21.5,24.1,78.2,78.2,3.88,10.7,20.46,100,78,Magetan,-7.6551,111.3288
2019-01-27,27.1,22.0,24.2,6.6,6.6,2.86,11.9,14.5,100,73,Magetan,-7.6551,111.3288
2019-01-28,27.6,22.4,24.4,7.7,7.7,3.1,12.2,15.5,98,71,Magetan,-7.6551,111.3288
2019-01-29,28.1,22.1,24.8,2.3,2.3,3.61,15.3,18.37,96,71,Magetan,-7.6551,111.3288
2019-01-30,27.3,22.6,24.5,55.4,55.4,3.31,9.7,17.1,97,79,Magetan,-7.6551,111.3288
2019-01-31,26.9,22.1,23.8,70.5,70.5,2.55,12.1,13.37,100,81,Magetan,-7.6551,111.3288
2019-02-01,26.8,22.2,24.0,48.8,48.8,3.11,9.3,16.08,98,78,Magetan,-7.6551,111.3288
2019-02-02,26.5,22.1,24.0,50.4,50.4,2.84,10.7,14.67,97,80,Magetan,-7.6551,111.3288
2019-02-03,27.4,22.8,24.5,29.4,29.4,3.11,7.9,16.03,94,80,Magetan,-7.6551,111.3288
2019-02-04,26.8,22.9,24.1,37.0,37.0,2.77,13.0,14.72,96,79,Magetan,-7.6551,111.3288
2019-02-05,26.5,22.1,23.9,41.0,41.0,2.87,12.8,15.34,100,81,Magetan,-7.6551,111.3288
2019-02-06,27.1,21.8,24.1,27.8,27.8,3.45,12.2,18.42,100,79,Magetan,-7.6551,111.3288
2019-02-07,27.1,22.4,24.5,21.0,21.0,3.54,9.7,18.51,97,78,Magetan,-7.6551,111.3288
2019-02-08,26.0,22.1,23.8,42.0,42.0,2.6,7.2,13.48,99,85,Magetan,-7.6551,111.3288
2019-02-09,27.4,22.4,24.6,31.2,31.2,3.69,11.0,19.23,99,78,Magetan,-7.6551,111.3288
2019-02-10,27.4,22.5,24.2,49.8,49.8,3.37,9.9,17.63,100,77,Magetan,-7.6551,111.3288
2019-02-11,27.4,22.5,24.3,72.3,72.3,3.12,9.0,15.93,99,78,Magetan,-7.6551,111.3288
2019-02-12,26.4,22.3,23.9,22.5,22.5,2.6,10.0,13.45,99,83,Magetan,-7.6551,111.3288
2019-02-13,28.1,22.2,24.6,7.2,7.2,3.56,10.5,18.13,100,71,Magetan,-7.6551,111.3288
2019-02-14,28.0,22.8,24.5,12.5,12.5,3.49,10.6,18.06,97,72,Magetan,-7.6551,111.3288
2019-02-15,27.7,22.5,24.6,11.1,11.1,3.96,8.7,20.38,97,71,Magetan,-7.6551,111.3288
2019-02-16,28.7,22.3,24.6,22.8,22.8,4.2,10.2,21.57,99,68,Magetan,-7.6551,111.3288
2019-02-17,28.8,22.5,25.2,9.4,9.4,4.84,9.3,24.76,96,67,Magetan,-7.6551,111.3288
2019-02-18,28.3,22.3,24.6,18.4,18.4,4.17,8.8,21.16,99,75,Magetan,-7.6551,111.3288
2019-02-19,29.1,22.6,24.7,6.4,6.4,3.56,9.4,18.26,98,70,Magetan,-7.6551,111.3288
2019-02-20,28.1,23.2,24.8,3.5,3.5,3.36,11.0,17.32,95,71,Magetan,-7.6551,111.3288
2019-02-21,28.1,22.8,24.8,6.0,6.0,3.75,17.4,19.8,99,70,Magetan,-7.6551,111.3288
2019-02-22,28.0,22.5,24.5,16.1,16.1,4.1,7.4,21.04,95,75,Magetan,-7.6551,111.3288
2019-02-23,28.7,22.2,25.1,2.4,2.4,4.4,10.1,22.32,91,68,Magetan,-7.6551,111.3288
2019-02-24,28.8,22.6,25.0,4.6,4.6,4.34,15.1,22.2,94,71,Magetan,-7.6551,111.3288
2019-02-25,29.1,22.1,25.3,3.4,3.4,4.66,10.1,23.8,93,66,Magetan,-7.6551,111.3288
2019-02-26,29.5,23.3,26.2,0.7,0.7,4.98,10.0,24.65,88,63,Magetan,-7.6551,111.3288
2019-02-27,29.4,23.5,25.9,2.9,2.9,4.45,7.9,22.19,90,64,Magetan,-7.6551,111.3288
2019-02-28,29.5,23.1,25.6,2.2,2.2,4.4,7.1,22.0,92,67,Magetan,-7.6551,111.3288
2019-03-01,28.1,23.3,24.8,3.6,3.6,3.85,10.5,19.8,94,72,Magetan,-7.6551,111.3288
2019-03-02,28.5,22.5,24.5,12.4,12.4,3.94,12.9,20.06,97,72,Magetan,-7.6551,111.3288
2019-03-03,27.5,22.4,24.5,12.9,12.9,2.83,7.6,14.06,99,75,Magetan,-7.6551,111.3288
2019-03-04,28.4,22.6,25.1,8.0,8.0,4.06,6.8,20.35,99,71,Magetan,-7.6551,111.3288
2019-03-05,29.1,23.1,24.8,13.1,13.1,3.88,11.2,19.84,99,71,Magetan,-7.6551,111.3288
2019-03-06,25.8,22.2,23.4,92.2,92.2,1.73,11.4,8.82,100,87,Magetan,-7.6551,111.3288
2019-03-07,24.4,22.1,23.0,50.6,50.6,1.26,4.5,5.86,99,89,Magetan,-7.6551,111.3288
2019-03-08,27.7,21.4,24.2,1.2,1.2,2.64,16.2,11.93,94,67,Magetan,-7.6551,111.3288
2019-03-09,28.0,21.9,24.8,5.9,5.9,4.33,9.0,21.83,90,72,Magetan,-7.6551,111.3288
2019-03-10,27.4,22.0,24.4,42.5,42.5,3.43,8.0,17.6,96,75,Magetan,-7.6551,111.3288
2019-03-11,28.7,23.0,25.0,9.0,9.0,3.69,12.8,18.85,95,64,Magetan,-7.6551,111.3288
2019-03-12,28.5,22.6,25.1,2.6,2.6,3.75,16.1,19.18,96,68,Magetan,-7.6551,111.3288
2019-03-13,27.3,22.0,24.5,41.8,41.8,3.18,7.4,16.05,98,78,Magetan,-7.6551,111.3288
2019-03-14,28.2,22.9,25.5,7.9,7.9,3.48,10.6,17.14,91,70,Magetan,-7.6551,111.3288
2019-03-15,28.8,22.6,25.2,24.5,24.5,4.07,19.7,19.3,91,64,Magetan,-7.6551,111.3288
2019-03-16,29.2,22.5,25.2,29.6,29.6,4.55,15.1,22.15,95,62,Magetan,-7.6551,111.3288
2019-03-17,26.6,22.5,24.0,33.8,33.8,2.61,8.3,12.93,97,76,Magetan,-7.6551,111.3288
2019-03-18,27.1,21.9,24.2,28.6,28.6,3.53,9.3,18.28,97,80,Magetan,-7.6551,111.3288
2019-03-19,26.2,22.3,23.7,24.7,24.7,2.45,9.9,12.72,99,79,Magetan,-7.6551,111.3288
2019-03-20,27.0,21.8,24.2,26.2,26.2,3.48,9.6,18.12,98,81,Magetan,-7.6551,111.3288
2019-03-21,27.0,22.5,24.3,43.4,43.4,3.26,11.4,16.97,98,80,Magetan,-7.6551,111.3288
2019-03-22,28.8,22.2,24.3,63.6,63.6,3.54,10.7,18.29,100,73,Magetan,-7.6551,111.3288
2019-03-23,27.0,21.6,23.6,111.1,111.1,2.52,12.4,13.42,99,81,Magetan,-7.6551,111.3288
2019-03-24,25.5,21.9,23.6,39.6,39.6,1.83,9.2,9.28,100,86,Magetan,-7.6551,111.3288
2019-03-25,26.5,22.8,24.3,41.0,41.0,3.1,8.8,16.23,97,81,Magetan,-7.6551,111.3288
2019-03-26,28.0,22.8,24.6,19.3,19.3,3.48,8.6,18.15,98,78,Magetan,-7.6551,111.3288
2019-03-27,27.6,22.9,24.9,41.7,41.7,3.4,8.0,17.34,95,78,Magetan,-7.6551,111.3288
2019-03-28,27.6,22.5,24.4,48.2,48.2,3.3,7.3,16.96,99,79,Magetan,-7.6551,111.3288
2019-03-29,28.8,22.0,25.4,0.8,0.8,4.8,15.1,22.84,98,65,Magetan,-7.6551,111.3288
2019-03-30,28.8,22.2,25.4,2.4,2.4,4.6,7.1,23.36,89,66,Magetan,-7.6551,111.3288
2019-03-31,29.7,23.0,25.7,0.8,0.8,4.94,11.9,24.35,88,53,Magetan,-7.6551,111.3288
2019-04-01,28.5,22.5,25.2,5.3,5.3,4.34,12.0,22.02,95,66,Magetan,-7.6551,111.3288
2019-04-02,28.7,22.2,25.0,3.5,3.5,4.37,10.5,21.85,98,62,Magetan,-7.6551,111.3288
2019-04-03,28.0,23.0,25.2,2.8,2.8,4.24,12.0,21.09,88,70,Magetan,-7.6551,111.3288
2019-04-04,28.1,22.7,25.0,9.7,9.7,3.98,15.0,20.06,93,75,Magetan,-7.6551,111.3288
2019-04-05,27.8,22.6,24.5,26.1,26.1,3.5,10.0,18.12,97,77,Magetan,-7.6551,111.3288
2019-04-06,27.5,22.5,24.5,24.6,24.6,3.42,12.9,17.61,97,76,Magetan,-7.6551,111.3288
2019-04-07,28.5,22.5,25.2,10.0,10.0,4.03,11.1,20.38,95,71,Magetan,-7.6551,111.3288
2019-04-08,28.0,22.5,24.9,11.5,11.5,3.52,11.3,18.36,97,79,Magetan,-7.6551,111.3288
2019-04-09,28.5,22.9,25.1,14.3,14.3,3.65,10.0,18.92,98,75,Magetan,-7.6551,111.3288
2019-04-10,27.8,22.6,24.9,19.5,19.5,3.36,7.8,17.19,99,75,Magetan,-7.6551,111.3288
2019-04-11,27.4,23.0,24.7,20.6,20.6,2.94,9.3,14.94,97,76,Magetan,-7.6551,111.3288
2019-04-12,28.9,22.8,25.1,2.8,2.8,4.04,10.3,20.42,98,68,Magetan,-7.6551,111.3288
2019-04-13,27.9,23.2,25.0,17.0,17.0,3.13,7.6,15.78,98,78,Magetan,-7.6551,111.3288
2019-04-14,29.2,23.0,25.4,2.4,2.4,3.57,13.1,18.0,94,66,Magetan,-7.6551,111.3288
2019-04-15,28.8,23.1,25.2,6.0,6.0,3.58,8.4,18.27,94,73,Magetan,-7.6551,111.3288
2019-04-16,28.1,22.7,24.8,15.0,15.0,3.38,8.7,17.28,97,77,Magetan,-7.6551,111.3288
2019-04-17,29.0,23.0,25.1,3.6,3.6,3.83,11.1,19.9,98,72,Magetan,-7.6551,111.3288
2019-04-18,28.7,23.6,25.7,2.7,2.7,3.99,10.6,20.13,93,73,Magetan,-7.6551,111.3288
2019-04-19,28.2,23.9,25.4,2.1,2.1,4.05,14.9,19.89,89,72,Magetan,-7.6551,111.3288
2019-04-20,28.8,23.5,25.5,1.8,1.8,4.23,20.0,20.53,88,71,Magetan,-7.6551,111.3288
2019-04-21,28.4,23.8,25.5,0.6,0.6,4.03,12.5,19.04,86,68,Magetan,-7.6551,111.3288
2019-04-22,29.6,23.2,26.0,0.0,0.0,4.98,18.6,22.78,83,57,Magetan,-7.6551,111.3288
2019-04-23,28.6,23.9,25.9,2.4,2.4,4.6,22.3,21.26,86,69,Magetan,-7.6551,111.3288
2019-04-24,28.7,24.0,25.9,0.0,0.0,4.42,16.8,20.7,88,64,Magetan,-7.6551,111.3288
2019-04-25,29.0,24.0,25.9,0.2,0.2,4.85,21.0,22.38,84,67,Magetan,-7.6551,111.3288
2019-04-26,28.6,23.9,25.8,1.3,1.3,4.39,18.3,19.92,81,69,Magetan,-7.6551,111.3288
2019-04-27,28.9,23.8,25.5,3.0,3.0,4.41,14.8,20.9,94,65,Magetan,-7.6551,111.3288
2019-04-28,27.2,23.0,24.3,20.4,20.4,2.47,8.4,12.2,99,75,Magetan,-7.6551,111.3288
2019-04-29,27.0,22.8,24.4,37.7,37.7,2.7,9.8,14.06,97,81,Magetan,-7.6551,111.3288
2019-04-30,28.0,22.9,25.0,21.9,21.9,3.71,6.2,18.99,93,73,Magetan,-7.6551,111.3288
2019-05-01,27.5,23.2,24.7,9.0,9.0,3.44,9.7,17.81,94,76,Magetan,-7.6551,111.3288
2019-05-02,28.5,23.1,24.8,37.6,37.6,3.69,10.8,18.38,97,72,Magetan,-7.6551,111.3288
2019-05-03,28.5,23.1,25.4,1.9,1.9,4.18,18.2,19.47,89,69,Magetan,-7.6551,111.3288
2019-05-04,29.0,23.2,25.6,0.0,0.0,4.86,19.8,21.95,82,65,Magetan,-7.6551,111.3288
2019-05-05,29.0,22.7,25.6,0.1,0.1,4.52,18.4,21.03,84,65,Magetan,-7.6551,111.3288
2019-05-06,28.8,23.3,25.6,0.5,0.5,4.41,17.3,21.01,87,65,Magetan,-7.6551,111.3288
2019-05-07,28.9,23.5,25.5,1.5,1.5,4.33,17.9,20.35,87,66,Magetan,-7.6551,111.3288
2019-05-08,28.8,23.9,25.7,0.3,0.3,4.79,24.2,20.9,85,68,Magetan,-7.6551,111.3288
2019-05-09,28.1,23.1,24.9,0.3,0.3,4.48,24.0,19.86,85,66,Magetan,-7.6551,111.3288
2019-05-10,27.8,23.0,24.8,0.9,0.9,4.21,23.9,19.33,85,67,Magetan,-7.6551,111.3288
2019-05-11,28.1,23.0,25.1,0.5,0.5,4.56,21.7,20.64,84,68,Magetan,-7.6551,111.3288
2019-05-12,28.9,23.5,25.2,0.0,0.0,4.91,22.7,21.25,82,64,Magetan,-7.6551,111.3288
2019-05-13,28.9,23.0,25.1,0.2,0.2,4.79,21.9,21.09,80,63,Magetan,-7.6551,111.3288
2019-05-14,28.8,23.5,25.9,0.4,0.4,4.44,19.6,20.58,84,63,Magetan,-7.6551,111.3288
2019-05-15,29.0,23.7,25.8,1.5,1.5,4.29,16.4,20.02,86,65,Magetan,-7.6551,111.3288
2019-05-16,29.0,23.3,25.4,0.0,0.0,4.65,22.7,20.88,83,62,Magetan,-7.6551,111.3288
2019-05-17,28.4,22.7,24.8,0.0,0.0,4.93,22.2,20.26,77,56,Magetan,-7.6551,111.3288
2019-05-18,28.5,22.0,24.9,0.0,0.0,4.87,19.4,21.33,81,57,Magetan,-7.6551,111.3288
2019-05-19,29.0,22.4,25.2,0.0,0.0,5.14,19.4,21.62,81,57,Magetan,-7.6551,111.3288
2019-05-20,29.0,23.0,25.4,0.4,0.4,4.77,22.3,20.21,83,60,Magetan,-7.6551,111.3288
2019-05-21,29.7,23.4,25.7,0.0,0.0,5.07,23.5,21.37,83,57,Magetan,-7.6551,111.3288
2019-05-22,30.0,23.1,25.7,0.0,0.0,5.1,22.5,21.5,83,57,Magetan,-7.6551,111.3288
2019-05-23,29.4,23.1,25.7,0.8,0.8,4.74,25.5,20.07,79,61,Magetan,-7.6551,111.3288
2019-05-24,29.4,23.2,25.6,0.1,0.1,5.3,24.1,20.84,81,56,Magetan,-7.6551,111.3288
2019-05-25,30.0,22.4,25.2,0.0,0.0,5.09,23.4,20.29,78,54,Magetan,-7.6551,111.3288
2019-05-26,30.5,23.2,25.7,0.1,0.1,4.93,23.3,20.49,83,55,Magetan,-7.6551,111.3288
2019-05-27,30.2,23.3,25.8,0.8,0.8,4.54,18.6,19.5,83,52,Magetan,-7.6551,111.3288
2019-05-28,30.5,23.8,26.2,0.3,0.3,4.97,18.7,20.75,79,52,Magetan,-7.6551,111.3288
2019-05-29,30.0,23.6,26.0,0.7,0.7,4.9,22.3,19.58,82,55,Magetan,-7.6551,111.3288
2019-05-30,29.5,23.1,25.4,0.0,0.0,5.43,25.9,20.66,78,55,Magetan,-7.6551,111.3288
2019-05-31,29.0,22.4,24.6,0.2,0.2,4.9,28.9,18.51,79,56,Magetan,-7.6551,111.3288
2019-06-01,29.0,21.9,24.4,0.0,0.0,5.09,30.8,20.03,83,51,Magetan,-7.6551,111.3288
2019-06-02,29.0,22.1,24.7,0.0,0.0,4.9,26.5,18.9,82,55,Magetan,-7.6551,111.3288
2019-06-03,29.2,22.4,25.0,0.0,0.0,4.73,25.1,18.15,82,55,Magetan,-7.6551,111.3288
2019-06-04,30.4,22.9,25.8,0.6,0.6,4.51,17.7,18.76,81,50,Magetan,-7.6551,111.3288
2019-06-05,31.1,23.0,26.4,0.2,0.2,4.46,16.4,19.39,82,48,Magetan,-7.6551,111.3288
2019-06-06,31.1,23.5,26.7,0.1,0.1,4.68,11.9,20.11,77,47,Magetan,-7.6551,111.3288
2019-06-07,30.8,23.0,26.1,1.1,1.1,4.36,18.2,19.96,86,50,Magetan,-7.6551,111.3288
2019-06-08,30.2,22.3,25.6,0.0,0.0,5.37,20.9,21.1,85,43,Magetan,-7.6551,111.3288
2019-06-09,29.5,22.4,24.8,0.0,0.0,4.69,24.2,17.79,79,50,Magetan,-7.6551,111.3288
2019-06-10,31.1,22.9,25.9,0.0,0.0,5.45,23.1,19.85,77,46,Magetan,-7.6551,111.3288
2019-06-11,30.0,22.6,25.5,0.0,0.0,5.83,28.8,20.58,79,46,Magetan,-7.6551,111.3288
2019-06-12,30.2,22.8,25.7,0.0,0.0,5.72,28.8,20.68,80,47,Magetan,-7.6551,111.3288
2019-06-13,29.6,22.6,25.4,0.2,0.2,4.83,27.4,18.21,81,55,Magetan,-7.6551,111.3288
2019-06-14,29.2,23.4,25.3,0.1,0.1,4.47,25.9,17.27,83,59,Magetan,-7.6551,111.3288
2019-06-15,30.0,23.0,25.5,0.0,0.0,5.03,26.4,17.79,83,53,Magetan,-7.6551,111.3288
2019-06-16,30.0,22.3,25.0,0.0,0.0,5.2,26.4,19.61,79,47,Magetan,-7.6551,111.3288
2019-06-17,30.2,22.0,25.0,0.0,0.0,5.65,25.1,21.18,75,41,Magetan,-7.6551,111.3288
2019-06-18,30.5,21.3,25.0,0.0,0.0,5.0,18.6,21.12,81,41,Magetan,-7.6551,111.3288
2019-06-19,29.4,21.6,24.5,0.0,0.0,5.27,22.9,21.3,81,39,Magetan,-7.6551,111.3288
2019-06-20,29.5,20.4,24.3,0.0,0.0,5.21,19.0,20.77,77,41,Magetan,-7.6551,111.3288
2019-06-21,30.1,20.1,24.4,0.0,0.0,4.91,17.7,20.57,78,41,Magetan,-7.6551,111.3288
2019-06-22,30.9,21.0,25.0,0.0,0.0,4.83,18.4,20.72,75,38,Magetan,-7.6551,111.3288
2019-06-23,30.6,21.8,25.0,0.2,0.2,4.91,21.9,20.82,81,38,Magetan,-7.6551,111.3288
2019-06-24,30.1,21.2,24.9,0.0,0.0,5.54,19.8,21.19,76,41,Magetan,-7.6551,111.3288
2019-06-25,31.3,21.0,25.0,0.0,0.0,5.35,25.7,21.44,77,29,Magetan,-7.6551,111.3288
2019-06-26,31.6,21.7,25.3,0.0,0.0,5.11,26.8,20.85,79,34,Magetan,-7.6551,111.3288
2019-06-27,29.4,21.4,24.4,0.0,0.0,5.22,27.5,19.31,84,49,Magetan,-7.6551,111.3288
2019-06-28,28.5,20.5,23.3,0.0,0.0,5.93,31.3,21.22,73,43,Magetan,-7.6551,111.3288
2019-06-29,29.0,19.8,23.4,0.0,0.0,6.05,32.1,21.55,79,38,Magetan,-7.6551,111.3288
2019-06-30,29.3,19.7,23.4,0.0,0.0,5.22,26.2,21.14,78,40,Magetan,-7.6551,111.3288
2019-07-01,30.1,20.5,24.3,0.0,0.0,5.12,22.8,21.07,81,37,Magetan,-7.6551,111.3288
2019-07-02,30.8,21.4,25.3,0.0,0.0,4.82,14.5,20.28,77,38,Magetan,-7.6551,111.3288
2019-07-03,31.0,22.6,25.9,0.4,0.4,4.53,19.6,17.45,77,47,Magetan,-7.6551,111.3288
2019-07-04,30.6,23.2,25.5,1.5,1.5,3.67,15.1,16.26,87,50,Magetan,-7.6551,111.3288
2019-07-05,28.8,22.6,25.0,1.8,1.8,4.05,26.2,17.15,86,58,Magetan,-7.6551,111.3288
2019-07-06,31.0,22.1,25.2,0.0,0.0,4.99,24.0,19.92,86,46,Magetan,-7.6551,111.3288
2019-07-07,31.1,22.0,25.1,0.0,0.0,5.18,23.7,20.74,79,39,Magetan,-7.6551,111.3288
2019-07-08,29.9,21.2,24.4,0.0,0.0,5.4,22.2,21.18,81,40,Magetan,-7.6551,111.3288
2019-07-09,28.8,20.2,23.6,0.0,0.0,5.7,26.6,21.53,79,43,Magetan,-7.6551,111.3288
2019-07-10,30.0,20.5,24.2,0.0,0.0,5.33,24.4,21.41,81,43,Magetan,-7.6551,111.3288
2019-07-11,30.0,21.0,24.3,0.0,0.0,5.03,23.6,19.88,77,40,Magetan,-7.6551,111.3288
2019-07-12,31.0,21.4,24.7,0.0,0.0,5.35,27.4,20.69,78,38,Magetan,-7.6551,111.3288
2019-07-13,28.8,20.6,23.8,0.0,0.0,6.01,28.2,21.7,79,40,Magetan,-7.6551,111.3288
2019-07-14,28.8,20.0,23.5,0.0,0.0,6.03,27.4,22.08,78,36,Magetan,-7.6551,111.3288
2019-07-15,29.0,20.5,23.5,0.0,0.0,5.3,26.9,19.72,75,43,Magetan,-7.6551,111.3288
2019-07-16,28.4,20.4,23.2,0.0,0.0,5.47,30.2,21.9,79,45,Magetan,-7.6551,111.3288
2019-07-17,29.5,20.4,23.7,0.0,0.0,5.36,28.3,20.64,81,42,Magetan,-7.6551,111.3288
2019-07-18,30.1,21.0,24.5,0.0,0.0,4.9,22.9,19.05,76,45,Magetan,-7.6551,111.3288
2019-07-19,29.2,22.4,24.8,0.1,0.1,4.48,25.9,16.8,78,51,Magetan,-7.6551,111.3288
2019-07-20,30.0,22.5,24.9,0.9,0.9,4.75,27.1,18.6,84,54,Magetan,-7.6551,111.3288
2019-07-21,29.6,22.0,24.6,0.0,0.0,5.06,27.6,19.75,83,50,Magetan,-7.6551,111.3288
2019-07-22,30.1,21.2,24.6,0.0,0.0,5.71,20.1,21.91,76,40,Magetan,-7.6551,111.3288
2019-07-23,30.0,21.1,24.6,0.0,0.0,5.0,19.2,20.32,80,46,Magetan,-7.6551,111.3288
2019-07-24,29.5,21.2,24.2,0.0,0.0,5.21,24.4,20.5,78,45,Magetan,-7.6551,111.3288
2019-07-25,30.8,20.8,24.4,0.0,0.0,5.33,25.6,21.56,83,37,Magetan,-7.6551,111.3288
2019-07-26,31.8,21.0,25.4,0.0,0.0,5.13,19.4,21.79,80,35,Magetan,-7.6551,111.3288
2019-07-27,31.3,21.3,25.3,0.0,0.0,5.54,23.4,21.78,77,37,Magetan,-7.6551,111.3288
2019-07-28,30.2,21.5,24.7,0.0,0.0,6.39,29.2,22.48,73,38,Magetan,-7.6551,111.3288
2019-07-29,30.2,20.6,24.1,0.0,0.0,5.76,26.5,21.43,79,41,Magetan,-7.6551,111.3288
2019-07-30,30.0,21.4,24.5,0.0,0.0,5.48,25.4,20.71,81,42,Magetan,-7.6551,111.3288
2019-07-31,29.1,20.9,24.1,0.0,0.0,5.64,26.3,21.73,81,48,Magetan,-7.6551,111.3288
2019-08-01,30.5,21.0,24.6,0.0,0.0,5.36,23.9,21.28,84,36,Magetan,-7.6551,111.3288
2019-08-02,29.8,21.6,24.7,0.0,0.0,5.74,25.7,22.02,82,43,Magetan,-7.6551,111.3288
2019-08-03,29.3,20.5,23.5,0.0,0.0,5.98,32.1,22.27,79,44,Magetan,-7.6551,111.3288
2019-08-04,28.0,19.6,22.7,0.0,0.0,5.82,29.8,22.53,80,41,Magetan,-7.6551,111.3288
2019-08-05,28.9,19.4,23.1,0.0,0.0,6.08,28.0,22.78,80,37,Magetan,-7.6551,111.3288
2019-08-06,29.4,19.8,23.7,0.0,0.0,6.67,26.0,23.14,72,32,Magetan,-7.6551,111.3288
2019-08-07,29.4,20.4,24.0,0.0,0.0,6.48,26.8,22.2,69,34,Magetan,-7.6551,111.3288
2019-08-08,28.8,20.6,23.6,0.1,0.1,5.16,25.4,19.72,80,47,Magetan,-7.6551,111.3288
2019-08-09,29.6,20.7,24.1,0.1,0.1,5.63,26.9,20.25,79,41,Magetan,-7.6551,111.3288
2019-08-10,30.8,20.5,24.5,0.1,0.1,5.78,22.8,21.72,78,37,Magetan,-7.6551,111.3288
2019-08-11,31.4,21.0,25.0,0.3,0.3,4.86,23.8,19.4,80,36,Magetan,-7.6551,111.3288
2019-08-12,32.1,21.5,25.9,0.1,0.1,5.39,19.8,21.86,72,35,Magetan,-7.6551,111.3288
2019-08-13,32.1,22.4,26.3,0.0,0.0,4.77,14.9,19.84,76,34,Magetan,-7.6551,111.3288
2019-08-14,32.0,22.0,26.3,0.0,0.0,5.42,18.0,22.15,73,37,Magetan,-7.6551,111.3288
2019-08-15,30.5,22.3,25.7,0.7,0.7,5.63,24.3,20.73,85,45,Magetan,-7.6551,111.3288
2019-08-16,30.2,21.0,24.6,0.0,0.0,6.05,26.9,23.01,80,42,Magetan,-7.6551,111.3288
2019-08-17,30.0,20.6,24.0,0.0,0.0,6.22,29.3,23.36,82,42,Magetan,-7.6551,111.3288
2019-08-18,30.0,20.0,23.8,0.0,0.0,6.11,29.8,23.44,80,41,Magetan,-7.6551,111.3288
2019-08-19,29.3,20.2,23.6,0.0,0.0,6.03,29.9,23.41,83,43,Magetan,-7.6551,111.3288
2019-08-20,29.9,20.2,24.3,0.0,0.0,5.85,30.0,23.16,83,43,Magetan,-7.6551,111.3288
2019-08-21,32.8,21.9,25.9,0.0,0.0,5.7,21.4,23.4,80,33,Magetan,-7.6551,111.3288
2019-08-22,31.5,21.8,25.1,0.2,0.2,5.32,27.5,20.62,80,40,Magetan,-7.6551,111.3288
2019-08-23,30.5,20.7,24.1,0.0,0.0,6.06,29.2,23.84,78,40,Magetan,-7.6551,111.3288
2019-08-24,29.8,21.0,24.2,0.0,0.0,5.85,27.4,22.92,82,43,Magetan,-7.6551,111.3288
2019-08-25,30.4,21.2,24.8,0.0,0.0,5.97,28.4,23.04,79,46,Magetan,-7.6551,111.3288
2019-08-26,30.3,21.8,25.0,0.0,0.0,5.44,26.7,20.86,82,47,Magetan,-7.6551,111.3288
2019-08-27,31.0,21.6,25.2,0.4,0.4,5.66,22.7,21.94,78,44,Magetan,-7.6551,111.3288
2019-08-28,31.8,21.0,25.3,0.0,0.0,6.33,19.9,24.5,76,29,Magetan,-7.6551,111.3288
2019-08-29,32.5,20.5,25.5,0.0,0.0,5.9,24.9,24.2,84,22,Magetan,-7.6551,111.3288
2019-08-30,31.5,21.3,24.9,0.0,0.0,6.25,26.9,24.09,79,36,Magetan,-7.6551,111.3288
2019-08-31,31.4,20.7,24.5,0.0,0.0,5.62,25.7,22.22,84,37,Magetan,-7.6551,111.3288
2019-09-01,32.2,20.9,25.2,0.0,0.0,6.37,26.7,24.0,78,36,Magetan,-7.6551,111.3288
2019-09-02,33.2,21.2,25.4,0.0,0.0,6.36,28.2,24.47,81,33,Magetan,-7.6551,111.3288
2019-09-03,32.2,21.2,25.2,0.0,0.0,5.65,21.6,23.02,79,36,Magetan,-7.6551,111.3288
2019-09-04,31.3,21.0,25.0,0.0,0.0,7.08,29.2,25.17,80,32,Magetan,-7.6551,111.3288
2019-09-05,30.2,20.3,24.3,0.0,0.0,6.91,27.2,24.97,77,38,Magetan,-7.6551,111.3288
2019-09-06,30.8,20.3,24.3,0.0,0.0,6.53,28.4,25.03,80,32,Magetan,-7.6551,111.3288
2019-09-07,30.6,20.6,24.4,0.0,0.0,6.2,27.2,24.28,81,38,Magetan,-7.6551,111.3288
2019-09-08,32.2,21.1,25.1,0.0,0.0,6.12,29.0,24.17,82,35,Magetan,-7.6551,111.3288
2019-09-09,33.7,21.5,26.0,0.0,0.0,5.91,28.9,24.28,81,30,Magetan,-7.6551,111.3288
2019-09-10,34.0,21.9,26.3,0.0,0.0,6.75,24.9,25.53,75,20,Magetan,-7.6551,111.3288
2019-09-11,32.8,21.5,25.4,0.0,0.0,7.19,29.2,25.35,77,28,Magetan,-7.6551,111.3288
2019-09-12,30.0,20.5,23.9,0.0,0.0,7.53,29.1,26.08,73,24,Magetan,-7.6551,111.3288
2019-09-13,30.9,19.9,24.5,0.2,0.2,6.07,24.5,23.12,78,28,Magetan,-7.6551,111.3288
2019-09-14,31.3,21.5,25.5,0.2,0.2,5.55,22.7,21.43,75,33,Magetan,-7.6551,111.3288
2019-09-15,32.5,21.2,25.5,0.9,0.9,5.82,28.5,22.65,77,32,Magetan,-7.6551,111.3288
2019-09-16,33.3,20.9,26.1,0.3,0.3,5.89,25.4,24.87,80,27,Magetan,-7.6551,111.3288
2019-09-17,33.7,21.5,26.1,0.0,0.0,6.41,26.2,25.23,80,28,Magetan,-7.6551,111.3288
2019-09-18,33.9,21.6,25.9,0.0,0.0,6.84,27.5,25.72,76,27,Magetan,-7.6551,111.3288
2019-09-19,31.8,21.2,25.0,0.0,0.0,6.99,28.2,26.25,81,29,Magetan,-7.6551,111.3288
2019-09-20,31.0,21.2,25.1,0.0,0.0,6.12,27.1,24.01,84,38,Magetan,-7.6551,111.3288
2019-09-21,31.2,21.4,25.1,0.0,0.0,6.46,30.1,24.84,79,37,Magetan,-7.6551,111.3288
2019-09-22,33.4,21.2,25.7,0.0,0.0,6.7,27.8,24.9,78,32,Magetan,-7.6551,111.3288
2019-09-23,34.0,21.5,26.1,0.0,0.0,6.45,23.5,25.22,81,29,Magetan,-7.6551,111.3288
2019-09-24,33.8,22.3,26.7,0.5,0.5,6.69,23.2,24.89,76,33,Magetan,-7.6551,111.3288
2019-09-25,33.0,22.4,26.5,0.0,0.0,6.77,28.2,25.28,80,37,Magetan,-7.6551,111.3288
2019-09-26,32.4,22.4,26.4,0.1,0.1,6.32,24.5,23.8,85,38,Magetan,-7.6551,111.3288
2019-09-27,33.2,22.3,26.3,0.0,0.0,6.79,26.7,24.93,79,36,Magetan,-7.6551,111.3288
2019-09-28,32.0,22.2,26.1,0.0,0.0,6.28,25.1,24.22,83,42,Magetan,-7.6551,111.3288
2019-09-29,32.7,22.6,26.1,0.3,0.3,5.96,25.1,23.75,84,35,Magetan,-7.6551,111.3288
2019-09-30,32.2,22.2,26.3,0.0,0.0,7.29,27.4,25.02,76,34,Magetan,-7.6551,111.3288
2019-10-01,34.0,21.8,26.4,0.0,0.0,7.28,29.6,25.57,68,24,Magetan,-7.6551,111.3288
2019-10-02,34.7,22.1,26.8,0.2,0.2,6.61,25.1,25.29,82,28,Magetan,-7.6551,111.3288
2019-10-03,34.0,23.2,27.6,0.1,0.1,6.9,23.5,24.2,76,29,Magetan,-7.6551,111.3288
2019-10-04,33.0,22.6,26.6,0.0,0.0,7.78,33.2,24.42,74,31,Magetan,-7.6551,111.3288
2019-10-05,33.2,22.1,26.3,0.0,0.0,8.1,30.0,26.6,67,27,Magetan,-7.6551,111.3288
2019-10-06,32.8,22.2,26.5,0.0,0.0,7.23,26.5,25.84,72,33,Magetan,-7.6551,111.3288
2019-10-07,33.7,22.9,26.9,0.2,0.2,6.91,25.6,24.49,78,34,Magetan,-7.6551,111.3288
2019-10-08,32.7,23.0,26.8,0.0,0.0,7.48,27.8,25.98,71,34,Magetan,-7.6551,111.3288
2019-10-09,34.2,22.5,27.3,0.1,0.1,6.6,20.9,25.66,72,30,Magetan,-7.6551,111.3288
2019-10-10,33.3,23.3,27.4,1.3,1.3,6.1,21.7,23.86,75,35,Magetan,-7.6551,111.3288
2019-10-11,36.1,23.1,28.4,0.0,0.0,7.15,22.7,25.83,76,19,Magetan,-7.6551,111.3288
2019-10-12,35.0,23.2,28.0,0.0,0.0,7.12,27.3,25.77,64,25,Magetan,-7.6551,111.3288
2019-10-13,32.8,23.5,27.7,0.0,0.0,7.37,27.9,23.9,68,33,Magetan,-7.6551,111.3288
2019-10-14,34.7,23.0,27.2,0.0,0.0,6.81,28.2,25.07,78,27,Magetan,-7.6551,111.3288
2019-10-15,32.2,22.9,26.5,0.6,0.6,6.5,27.4,24.11,79,40,Magetan,-7.6551,111.3288
2019-10-16,32.7,22.8,26.4,0.6,0.6,6.44,27.6,23.12,78,38,Magetan,-7.6551,111.3288
2019-10-17,34.2,22.5,26.8,0.0,0.0,6.61,28.9,23.4,74,31,Magetan,-7.6551,111.3288
2019-10-18,35.8,22.6,27.4,0.1,0.1,6.75,26.7,25.15,73,28,Magetan,-7.6551,111.3288
2019-10-19,35.8,23.4,27.9,0.2,0.2,6.59,23.6,24.61,76,27,Magetan,-7.6551,111.3288
2019-10-20,36.0,23.0,28.0,0.0,0.0,7.5,25.0,26.09,79,13,Magetan,-7.6551,111.3288
2019-10-21,35.6,23.2,28.1,0.0,0.0,7.41,26.5,25.38,76,20,Magetan,-7.6551,111.3288
2019-10-22,35.5,23.9,28.1,0.0,0.0,7.96,27.6,24.78,65,26,Magetan,-7.6551,111.3288
2019-10-23,35.1,23.9,28.3,0.0,0.0,6.97,28.4,23.36,71,28,Magetan,-7.6551,111.3288
2019-10-24,35.5,23.5,28.2,0.0,0.0,7.81,27.0,26.51,69,24,Magetan,-7.6551,111.3288
2019-10-25,35.6,23.0,27.7,0.0,0.0,7.15,29.9,26.61,71,19,Magetan,-7.6551,111.3288
2019-10-26,33.4,23.0,27.4,0.4,0.4,6.57,23.2,24.06,76,36,Magetan,-7.6551,111.3288
2019-10-27,35.2,23.2,27.9,0.0,0.0,7.56,25.9,25.97,77,26,Magetan,-7.6551,111.3288
2019-10-28,34.0,23.2,27.6,0.0,0.0,7.03,24.2,25.18,78,32,Magetan,-7.6551,111.3288
2019-10-29,34.7,23.3,27.8,0.1,0.1,6.98,27.4,23.97,75,24,Magetan,-7.6551,111.3288
2019-10-30,33.8,23.6,27.5,0.6,0.6,6.73,22.7,24.2,71,33,Magetan,-7.6551,111.3288
2019-10-31,34.6,23.8,28.1,0.1,0.1,7.02,25.3,25.19,76,32,Magetan,-7.6551,111.3288
2019-11-01,31.0,23.5,26.6,2.5,2.5,4.75,20.4,17.35,86,48,Magetan,-7.6551,111.3288
2019-11-02,29.2,23.5,25.2,4.5,4.5,3.82,23.1,14.27,85,59,Magetan,-7.6551,111.3288
2019-11-03,30.4,22.8,25.8,2.5,2.5,5.25,23.3,20.91,86,54,Magetan,-7.6551,111.3288
2019-11-04,31.5,23.4,26.1,2.7,2.7,4.81,24.9,17.79,82,50,Magetan,-7.6551,111.3288
2019-11-05,32.5,23.0,26.9,0.1,0.1,6.44,23.9,23.8,81,39,Magetan,-7.6551,111.3288
2019-11-06,35.5,23.0,28.2,0.0,0.0,7.68,24.9,27.19,76,20,Magetan,-7.6551,111.3288
2019-11-07,35.2,22.9,28.1,0.0,0.0,6.85,19.2,26.09,71,27,Magetan,-7.6551,111.3288
2019-11-08,33.6,23.6,27.9,0.8,0.8,6.19,15.9,23.75,72,35,Magetan,-7.6551,111.3288
2019-11-09,34.2,24.4,28.3,0.3,0.3,6.83,22.1,24.01,74,34,Magetan,-7.6551,111.3288
2019-11-10,34.3,24.3,28.1,1.8,1.8,6.67,19.7,24.21,72,35,Magetan,-7.6551,111.3288
2019-11-11,34.2,24.1,28.0,1.1,1.1,6.59,20.5,24.29,78,38,Magetan,-7.6551,111.3288
2019-11-12,35.0,24.4,28.1,0.9,0.9,6.32,22.3,23.52,76,35,Magetan,-7.6551,111.3288
2019-11-13,33.3,24.4,27.3,4.2,4.2,5.28,16.6,21.29,82,43,Magetan,-7.6551,111.3288
2019-11-14,33.3,24.5,28.4,0.0,0.0,5.43,15.4,21.01,80,35,Magetan,-7.6551,111.3288
2019-11-15,35.3,24.6,28.4,0.0,0.0,8.4,29.2,26.47,74,24,Magetan,-7.6551,111.3288
2019-11-16,33.6,24.1,27.6,0.8,0.8,7.28,24.4,23.89,75,33,Magetan,-7.6551,111.3288
2019-11-17,34.4,23.8,28.1,0.2,0.2,6.6,23.4,23.18,79,28,Magetan,-7.6551,111.3288
2019-11-18,35.5,24.1,28.8,0.2,0.2,6.43,20.4,23.73,78,26,Magetan,-7.6551,111.3288
2019-11-19,34.0,24.0,28.3,4.0,4.0,5.83,16.3,24.15,90,33,Magetan,-7.6551,111.3288
2019-11-20,33.2,23.1,27.5,1.2,1.2,5.75,20.9,23.32,91,36,Magetan,-7.6551,111.3288
2019-11-21,32.1,23.6,27.0,29.6,29.6,5.17,15.0,21.36,89,43,Magetan,-7.6551,111.3288
2019-11-22,32.4,23.2,26.8,4.9,4.9,5.55,17.9,23.44,88,38,Magetan,-7.6551,111.3288
2019-11-23,34.5,23.5,27.9,0.6,0.6,6.34,25.1,25.99,80,31,Magetan,-7.6551,111.3288
2019-11-24,33.8,23.5,27.7,3.2,3.2,5.79,18.8,24.0,86,35,Magetan,-7.6551,111.3288
2019-11-25,33.4,24.0,27.3,3.4,3.4,5.12,17.6,21.75,87,42,Magetan,-7.6551,111.3288
2019-11-26,34.8,23.7,28.1,2.0,2.0,5.59,9.8,24.56,89,31,Magetan,-7.6551,111.3288
2019-11-27,32.8,23.1,26.8,5.8,5.8,4.78,11.4,21.53,90,44,Magetan,-7.6551,111.3288
2019-11-28,32.3,23.8,27.1,7.0,7.0,4.7,16.7,19.99,91,44,Magetan,-7.6551,111.3288
2019-11-29,32.2,24.3,27.5,2.5,2.5,5.54,20.8,21.12,82,47,Magetan,-7.6551,111.3288
2019-11-30,31.9,24.2,26.8,21.1,21.1,4.51,19.1,19.37,92,52,Magetan,-7.6551,111.3288
2019-12-01,32.1,23.8,27.3,2.3,2.3,5.5,18.4,23.95,94,44,Magetan,-7.6551,111.3288
2019-12-02,33.3,24.3,27.7,1.3,1.3,5.37,12.9,23.64,87,46,Magetan,-7.6551,111.3288
2019-12-03,32.6,23.5,27.1,8.9,8.9,5.16,10.7,24.35,97,51,Magetan,-7.6551,111.3288
2019-12-04,33.5,23.3,26.5,10.8,10.8,4.6,10.5,21.46,98,50,Magetan,-7.6551,111.3288
2019-12-05,31.0,23.1,26.1,6.8,6.8,4.54,10.0,21.48,99,48,Magetan,-7.6551,111.3288
2019-12-06,31.4,22.9,25.5,9.5,9.5,4.11,9.5,19.81,99,55,Magetan,-7.6551,111.3288
2019-12-07,30.8,22.6,25.8,4.2,4.2,4.62,13.2,22.41,96,57,Magetan,-7.6551,111.3288
2019-12-08,31.8,23.2,27.2,1.0,1.0,5.27,19.3,23.68,90,51,Magetan,-7.6551,111.3288
2019-12-09,31.9,23.9,27.4,2.4,2.4,5.24,14.8,23.38,92,51,Magetan,-7.6551,111.3288
2019-12-10,32.0,23.9,26.8,3.6,3.6,4.74,15.7,21.57,92,47,Magetan,-7.6551,111.3288
2019-12-11,32.8,24.2,27.1,2.2,2.2,5.4,18.4,21.7,85,43,Magetan,-7.6551,111.3288
2019-12-12,31.0,24.2,26.6,2.2,2.2,4.96,14.7,22.47,91,49,Magetan,-7.6551,111.3288
2019-12-13,30.4,23.0,25.9,1.4,1.4,3.61,8.2,16.95,90,55,Magetan,-7.6551,111.3288
2019-12-14,31.0,23.4,26.0,52.9,52.9,4.25,10.6,20.14,98,55,Magetan,-7.6551,111.3288
2019-12-15,29.0,22.9,25.1,9.1,9.1,4.26,8.0,21.46,98,67,Magetan,-7.6551,111.3288
2019-12-16,29.5,22.6,24.8,8.9,8.9,3.89,7.8,19.56,98,63,Magetan,-7.6551,111.3288
2019-12-17,28.5,22.8,25.0,7.7,7.7,3.4,11.2,16.97,99,69,Magetan,-7.6551,111.3288
2019-12-18,30.1,23.2,25.9,1.6,1.6,4.38,17.7,21.36,94,62,Magetan,-7.6551,111.3288
2019-12-19,29.9,23.2,25.9,3.4,3.4,4.4,8.8,21.77,97,66,Magetan,-7.6551,111.3288
2019-12-20,31.5,23.9,26.6,3.6,3.6,4.99,10.8,24.18,94,55,Magetan,-7.6551,111.3288
2019-12-21,30.5,23.2,26.5,2.4,2.4,4.91,9.4,24.08,96,61,Magetan,-7.6551,111.3288
2019-12-22,29.2,23.0,25.6,1.3,1.3,3.9,11.6,19.32,99,67,Magetan,-7.6551,111.3288
2019-12-23,29.7,23.2,25.6,8.7,8.7,3.93,7.9,18.98,96,63,Magetan,-7.6551,111.3288
2019-12-24,30.2,23.1,25.9,2.3,2.3,4.59,9.5,22.6,97,60,Magetan,-7.6551,111.3288
2019-12-25,28.8,23.2,25.0,15.1,15.1,3.4,9.7,16.95,99,76,Magetan,-7.6551,111.3288
2019-12-26,28.8,22.9,25.4,2.9,2.9,3.22,14.2,15.48,99,66,Magetan,-7.6551,111.3288
2019-12-27,28.8,22.9,24.8,17.5,17.5,3.58,8.7,18.04,97,72,Magetan,-7.6551,111.3288
2019-12-28,28.8,22.1,25.3,4.5,4.5,3.71,15.5,18.45,99,65,Magetan,-7.6551,111.3288
2019-12-29,30.4,22.9,25.8,8.3,8.3,4.28,12.5,21.08,96,62,Magetan,-7.6551,111.3288
2019-12-30,29.9,23.0,25.4,8.3,8.3,4.11,8.4,20.55,100,71,Magetan,-7.6551,111.3288
2019-12-31,28.6,23.0,25.1,17.1,17.1,3.6,12.7,18.17,98,75,Magetan,-7.6551,111.3288
2020-01-01,25.6,22.6,23.8,26.2,26.2,1.38,7.8,6.53,100,82,Magetan,-7.6551,111.3288
2020-01-02,27.6,22.5,24.5,60.2,60.2,3.51,12.8,18.39,100,78,Magetan,-7.6551,111.3288
2020-01-03,28.4,22.1,24.7,49.1,49.1,3.83,15.6,20.02,97,71,Magetan,-7.6551,111.3288
2020-01-04,28.0,21.8,24.2,21.0,21.0,2.63,15.3,13.28,99,73,Magetan,-7.6551,111.3288
2020-01-05,27.2,22.8,24.4,65.5,65.5,2.72,13.7,14.01,100,78,Magetan,-7.6551,111.3288
2020-01-06,26.3,22.0,23.7,41.1,41.1,2.58,9.4,13.45,100,86,Magetan,-7.6551,111.3288
2020-01-07,26.1,22.0,23.5,46.6,46.6,2.24,11.3,11.74,100,83,Magetan,-7.6551,111.3288
2020-01-08,26.4,22.0,23.7,71.4,71.4,2.47,15.7,13.12,98,84,Magetan,-7.6551,111.3288
2020-01-09,27.0,22.3,24.4,49.4,49.4,3.15,10.2,16.26,97,82,Magetan,-7.6551,111.3288
2020-01-10,27.1,22.3,24.3,56.5,56.5,3.0,11.5,15.04,98,73,Magetan,-7.6551,111.3288
2020-01-11,26.5,22.8,24.1,67.4,67.4,2.51,11.4,13.0,99,81,Magetan,-7.6551,111.3288
2020-01-12,27.5,22.0,24.5,26.4,26.4,3.01,11.6,15.39,100,74,Magetan,-7.6551,111.3288
2020-01-13,29.1,21.5,24.8,15.7,15.7,4.6,14.2,24.43,100,68,Magetan,-7.6551,111.3288
2020-01-14,28.5,21.9,24.9,9.6,9.6,3.96,9.8,20.47,99,75,Magetan,-7.6551,111.3288
2020-01-15,28.1,23.0,24.9,23.6,23.6,3.65,8.4,18.39,100,75,Magetan,-7.6551,111.3288
2020-01-16,29.6,23.0,25.6,5.6,5.6,3.99,12.6,19.6,99,67,Magetan,-7.6551,111.3288
2020-01-17,29.8,22.1,25.9,0.8,0.8,5.08,10.5,24.36,92,57,Magetan,-7.6551,111.3288
2020-01-18,29.5,22.1,25.6,4.5,4.5,4.9,9.7,24.37,90,65,Magetan,-7.6551,111.3288
2020-01-19,29.6,22.5,25.8,5.4,5.4,4.6,8.0,23.03,96,67,Magetan,-7.6551,111.3288
2020-01-20,29.8,22.7,25.5,23.1,23.1,4.38,8.9,22.01,98,71,Magetan,-7.6551,111.3288
2020-01-21,29.3,22.9,25.1,12.6,12.6,3.99,11.5,20.63,100,67,Magetan,-7.6551,111.3288
2020-01-22,29.0,22.9,25.5,17.8,17.8,3.92,9.5,19.64,100,72,Magetan,-7.6551,111.3288
2020-01-23,28.9,23.0,25.2,31.2,31.2,3.87,7.3,19.48,96,70,Magetan,-7.6551,111.3288
2020-01-24,28.9,23.0,25.3,8.9,8.9,4.42,10.8,22.72,99,71,Magetan,-7.6551,111.3288
2020-01-25,29.2,22.8,25.0,12.4,12.4,3.85,9.2,19.31,100,66,Magetan,-7.6551,111.3288
2020-01-26,29.0,22.9,25.1,11.5,11.5,3.83,16.2,18.97,99,69,Magetan,-7.6551,111.3288
2020-01-27,28.2,22.8,25.1,3.8,3.8,3.55,13.8,18.34,97,72,Magetan,-7.6551,111.3288
2020-01-28,30.0,23.0,25.9,2.1,2.1,4.68,10.6,23.38,97,65,Magetan,-7.6551,111.3288
2020-01-29,29.9,23.5,25.8,22.6,22.6,4.13,9.9,20.85,99,68,Magetan,-7.6551,111.3288
2020-01-30,26.6,22.7,24.4,72.2,72.2,2.16,11.8,10.79,99,80,Magetan,-7.6551,111.3288
2020-01-31,27.1,22.6,24.3,41.1,41.1,2.38,8.0,12.07,99,82,Magetan,-7.6551,111.3288
2020-02-01,28.0,22.4,24.5,51.6,51.6,3.22,10.0,16.3,100,77,Magetan,-7.6551,111.3288
2020-02-02,27.7,22.1,24.4,23.8,23.8,3.31,10.7,17.22,99,81,Magetan,-7.6551,111.3288
2020-02-03,27.4,22.4,24.4,31.5,31.5,2.82,7.7,14.35,98,80,Magetan,-7.6551,111.3288
2020-02-04,29.0,22.5,25.2,7.1,7.1,4.61,8.2,23.22,99,67,Magetan,-7.6551,111.3288
2020-02-05,28.8,23.2,25.2,5.2,5.2,3.86,5.8,19.22,100,71,Magetan,-7.6551,111.3288
2020-02-06,29.2,22.6,25.1,24.7,24.7,4.14,9.3,20.97,100,70,Magetan,-7.6551,111.3288
2020-02-07,26.6,22.6,24.1,49.2,49.2,2.14,7.6,10.57,100,83,Magetan,-7.6551,111.3288
2020-02-08,28.1,22.6,24.8,29.8,29.8,2.93,7.7,14.41,100,70,Magetan,-7.6551,111.3288
2020-02-09,26.5,22.6,24.3,45.1,45.1,1.85,10.2,8.69,97,76,Magetan,-7.6551,111.3288
2020-02-10,27.0,22.9,24.3,57.9,57.9,2.49,8.3,12.63,98,82,Magetan,-7.6551,111.3288
2020-02-11,27.4,22.2,24.4,16.7,16.7,3.45,9.2,17.61,97,75,Magetan,-7.6551,111.3288
2020-02-12,27.2,22.3,24.4,7.3,7.3,3.0,8.4,15.21,99,76,Magetan,-7.6551,111.3288
2020-02-13,28.6,23.0,25.0,6.5,6.5,3.83,12.6,20.1,98,71,Magetan,-7.6551,111.3288
2020-02-14,27.6,22.5,25.0,13.0,13.0,3.45,8.2,17.6,96,75,Magetan,-7.6551,111.3288
2020-02-15,27.9,22.9,24.6,37.2,37.2,3.23,9.4,16.5,99,78,Magetan,-7.6551,111.3288
2020-02-16,28.1,22.6,24.7,28.3,28.3,3.36,7.6,16.96,99,73,Magetan,-7.6551,111.3288
2020-02-17,26.1,22.9,24.0,34.2,34.2,2.38,8.4,12.18,97,82,Magetan,-7.6551,111.3288
2020-02-18,26.2,22.2,23.9,58.9,58.9,2.75,10.1,14.19,100,82,Magetan,-7.6551,111.3288
2020-02-19,26.4,22.2,23.5,65.5,65.5,2.09,11.8,10.83,99,82,Magetan,-7.6551,111.3288
2020-02-20,26.9,22.1,23.7,53.6,53.6,1.85,7.0,8.8,100,73,Magetan,-7.6551,111.3288
2020-02-21,27.6,22.5,24.3,50.9,50.9,3.46,9.8,18.1,98,82,Magetan,-7.6551,111.3288
2020-02-22,27.8,22.8,24.5,25.9,25.9,3.42,8.4,17.56,100,78,Magetan,-7.6551,111.3288
2020-02-23,27.9,22.5,24.6,47.1,47.1,3.47,9.4,17.87,99,79,Magetan,-7.6551,111.3288
2020-02-24,27.6,22.5,24.8,42.8,42.8,3.17,16.6,16.65,100,78,Magetan,-7.6551,111.3288
2020-02-25,26.6,22.9,24.4,75.2,75.2,2.61,10.4,13.37,100,83,Magetan,-7.6551,111.3288
2020-02-26,26.9,22.8,24.5,52.4,52.4,2.79,7.7,14.3,100,79,Magetan,-7.6551,111.3288
2020-02-27,27.3,22.7,24.6,80.8,80.8,2.79,9.5,14.25,100,82,Magetan,-7.6551,111.3288
2020-02-28,27.0,22.6,24.5,42.9,42.9,3.01,10.3,15.68,97,80,Magetan,-7.6551,111.3288
2020-02-29,26.9,22.4,24.2,51.9,51.9,2.87,10.2,15.1,100,84,Magetan,-7.6551,111.3288
2020-03-01,26.4,22.8,24.4,25.8,25.8,2.34,9.5,12.0,100,83,Magetan,-7.6551,111.3288
2020-03-02,28.4,23.0,24.9,63.4,63.4,3.47,8.0,17.76,100,78,Magetan,-7.6551,111.3288
2020-03-03,27.4,23.6,24.9,44.7,44.7,2.86,7.0,14.68,96,85,Magetan,-7.6551,111.3288
2020-03-04,27.6,23.0,25.0,26.3,26.3,2.66,4.7,13.05,100,79,Magetan,-7.6551,111.3288
2020-03-05,26.6,22.4,23.9,61.7,61.7,1.53,9.6,7.19,99,82,Magetan,-7.6551,111.3288
2020-03-06,27.6,22.1,24.4,18.6,18.6,3.59,11.2,18.67,98,74,Magetan,-7.6551,111.3288
2020-03-07,26.1,22.2,23.8,39.0,39.0,2.27,10.9,11.77,99,82,Magetan,-7.6551,111.3288
2020-03-08,25.9,22.5,23.9,49.2,49.2,2.11,10.1,11.02,99,82,Magetan,-7.6551,111.3288
2020-03-09,27.5,22.4,24.6,46.0,46.0,3.01,8.0,15.26,97,78,Magetan,-7.6551,111.3288
2020-03-10,28.7,22.7,24.7,24.3,24.3,3.57,12.0,18.67,100,76,Magetan,-7.6551,111.3288
2020-03-11,29.4,22.6,25.1,7.0,7.0,3.76,14.8,18.85,98,68,Magetan,-7.6551,111.3288
2020-03-12,28.9,22.7,25.1,9.9,9.9,3.46,13.2,17.51,99,72,Magetan,-7.6551,111.3288
2020-03-13,27.4,22.8,24.8,48.8,48.8,3.25,12.4,16.66,97,79,Magetan,-7.6551,111.3288
2020-03-14,29.2,23.1,25.7,8.9,8.9,4.11,7.8,20.6,96,69,Magetan,-7.6551,111.3288
2020-03-15,29.0,23.4,25.3,7.4,7.4,3.64,7.8,18.29,98,74,Magetan,-7.6551,111.3288
2020-03-16,29.9,23.0,25.8,5.4,5.4,4.77,12.4,23.78,98,64,Magetan,-7.6551,111.3288
2020-03-17,29.2,23.0,25.0,9.8,9.8,4.39,8.0,22.41,99,70,Magetan,-7.6551,111.3288
2020-03-18,28.7,23.0,24.7,8.2,8.2,3.42,9.9,17.24,95,65,Magetan,-7.6551,111.3288
2020-03-19,28.4,22.8,24.4,11.8,11.8,3.05,12.2,15.48,96,66,Magetan,-7.6551,111.3288
2020-03-20,28.4,22.5,24.7,8.7,8.7,3.91,12.1,20.02,99,68,Magetan,-7.6551,111.3288
2020-03-21,28.2,22.0,25.0,4.8,4.8,4.13,13.9,21.64,100,71,Magetan,-7.6551,111.3288
2020-03-22,28.6,23.0,25.2,4.6,4.6,3.95,14.8,20.47,97,72,Magetan,-7.6551,111.3288
2020-03-23,28.7,22.6,24.5,14.5,14.5,3.45,8.4,17.45,98,72,Magetan,-7.6551,111.3288
2020-03-24,28.6,22.6,24.7,8.5,8.5,3.72,16.2,19.68,96,73,Magetan,-7.6551,111.3288
2020-03-25,29.2,22.1,25.1,2.7,2.7,4.4,7.7,22.45,99,74,Magetan,-7.6551,111.3288
2020-03-26,29.0,23.4,25.8,5.2,5.2,4.48,11.6,22.13,95,66,Magetan,-7.6551,111.3288
2020-03-27,29.3,22.9,25.7,0.7,0.7,4.48,10.8,22.44,93,67,Magetan,-7.6551,111.3288
2020-03-28,27.2,23.4,24.9,26.6,26.6,2.9,9.5,14.76,98,76,Magetan,-7.6551,111.3288
2020-03-29,28.7,23.2,25.1,1.5,1.5,3.49,12.7,17.89,100,72,Magetan,-7.6551,111.3288
2020-03-30,28.4,22.9,25.1,5.5,5.5,3.69,9.9,19.01,98,74,Magetan,-7.6551,111.3288
2020-03-31,27.8,22.6,24.7,7.8,7.8,3.49,8.6,17.92,98,76,Magetan,-7.6551,111.3288
2020-04-01,28.0,22.5,24.7,0.9,0.9,3.0,7.6,15.15,95,72,Magetan,-7.6551,111.3288
2020-04-02,29.0,23.1,25.1,6.6,6.6,3.68,12.2,19.0,96,72,Magetan,-7.6551,111.3288
2020-04-03,28.6,23.1,25.0,14.4,14.4,3.61,8.2,18.26,99,72,Magetan,-7.6551,111.3288
2020-04-04,28.1,22.9,25.0,18.9,18.9,3.4,7.3,17.1,99,77,Magetan,-7.6551,111.3288
2020-04-05,27.5,23.0,25.0,4.9,4.9,3.1,8.9,15.68,100,79,Magetan,-7.6551,111.3288
2020-04-06,27.6,22.8,24.6,9.5,9.5,2.98,7.9,15.3,100,82,Magetan,-7.6551,111.3288
2020-04-07,27.4,22.9,24.6,38.9,38.9,3.14,7.0,15.98,100,75,Magetan,-7.6551,111.3288
2020-04-08,27.5,22.2,24.5,25.4,25.4,3.41,9.2,17.37,99,78,Magetan,-7.6551,111.3288
2020-04-09,30.2,22.1,25.9,0.6,0.6,4.84,11.5,23.97,97,60,Magetan,-7.6551,111.3288
2020-04-10,29.4,22.8,25.8,3.5,3.5,4.31,10.8,21.42,99,68,Magetan,-7.6551,111.3288
2020-04-11,29.1,22.9,25.5,3.1,3.1,4.1,15.3,20.3,92,67,Magetan,-7.6551,111.3288
2020-04-12,28.5,22.1,25.1,2.2,2.2,4.13,13.7,20.32,91,66,Magetan,-7.6551,111.3288
2020-04-13,27.9,22.1,24.7,21.3,21.3,4.01,7.8,20.68,97,76,Magetan,-7.6551,111.3288
2020-04-14,27.9,22.3,24.5,26.7,26.7,3.48,8.7,18.02,99,76,Magetan,-7.6551,111.3288
2020-04-15,29.0,22.9,25.1,2.3,2.3,3.76,11.5,19.58,96,64,Magetan,-7.6551,111.3288
2020-04-16,28.9,22.8,25.7,1.4,1.4,4.15,9.0,21.23,95,73,Magetan,-7.6551,111.3288
2020-04-17,28.9,22.8,24.8,17.2,17.2,2.92,9.6,14.73,99,70,Magetan,-7.6551,111.3288
2020-04-18,28.6,22.4,24.9,8.6,8.6,3.49,11.5,17.88,98,71,Magetan,-7.6551,111.3288
2020-04-19,28.0,22.4,25.0,9.1,9.1,3.31,7.7,16.68,100,74,Magetan,-7.6551,111.3288
2020-04-20,28.4,24.0,25.7,10.8,10.8,3.53,9.7,17.93,95,74,Magetan,-7.6551,111.3288
2020-04-21,27.6,23.4,25.5,3.4,3.4,3.41,8.6,17.37,92,76,Magetan,-7.6551,111.3288
2020-04-22,29.0,23.5,26.2,0.2,0.2,4.47,8.4,22.4,89,68,Magetan,-7.6551,111.3288
2020-04-23,29.2,24.1,26.1,3.8,3.8,4.28,11.7,21.39,93,71,Magetan,-7.6551,111.3288
2020-04-24,29.2,23.6,26.0,3.9,3.9,4.62,10.5,22.73,95,62,Magetan,-7.6551,111.3288
2020-04-25,29.1,23.5,25.7,0.6,0.6,3.95,12.8,18.72,88,66,Magetan,-7.6551,111.3288
2020-04-26,27.9,23.8,25.3,2.0,2.0,3.0,13.6,14.54,92,74,Magetan,-7.6551,111.3288
2020-04-27,28.7,23.9,25.6,1.8,1.8,4.33,16.4,20.79,85,69,Magetan,-7.6551,111.3288
2020-04-28,28.1,23.4,24.9,5.2,5.2,3.35,10.6,16.68,93,71,Magetan,-7.6551,111.3288
2020-04-29,28.4,22.9,25.2,8.5,8.5,4.06,14.4,20.02,89,67,Magetan,-7.6551,111.3288
2020-04-30,28.5,23.3,25.5,1.9,1.9,3.85,17.4,18.56,89,67,Magetan,-7.6551,111.3288
2020-05-01,28.8,23.4,25.7,0.8,0.8,4.49,17.1,20.71,88,63,Magetan,-7.6551,111.3288
2020-05-02,28.8,23.9,25.6,2.1,2.1,4.18,17.4,19.05,91,65,Magetan,-7.6551,111.3288
2020-05-03,28.1,22.7,25.2,2.5,2.5,3.68,12.1,18.86,91,69,Magetan,-7.6551,111.3288
2020-05-04,29.3,23.2,25.8,2.7,2.7,3.95,8.9,19.74,91,67,Magetan,-7.6551,111.3288
2020-05-05,28.7,23.7,25.9,5.5,5.5,4.02,8.7,20.26,92,68,Magetan,-7.6551,111.3288
2020-05-06,29.2,23.9,26.1,0.3,0.3,4.26,14.9,19.87,89,64,Magetan,-7.6551,111.3288
2020-05-07,30.1,23.9,26.6,0.1,0.1,4.74,12.5,21.54,82,57,Magetan,-7.6551,111.3288
2020-05-08,30.2,24.5,26.6,2.0,2.0,4.5,13.8,21.09,93,62,Magetan,-7.6551,111.3288
2020-05-09,29.3,23.2,25.6,16.4,16.4,3.53,12.7,17.36,94,68,Magetan,-7.6551,111.3288
2020-05-10,28.5,23.0,25.8,3.8,3.8,3.98,9.4,20.02,91,69,Magetan,-7.6551,111.3288
2020-05-11,28.1,23.5,25.4,4.3,4.3,3.12,17.3,15.36,93,74,Magetan,-7.6551,111.3288
2020-05-12,29.5,23.2,25.8,1.7,1.7,4.53,22.7,19.88,87,62,Magetan,-7.6551,111.3288
2020-05-13,29.1,23.9,25.8,1.1,1.1,4.35,18.1,19.39,86,62,Magetan,-7.6551,111.3288
2020-05-14,28.5,23.4,25.3,1.6,1.6,4.35,23.5,19.16,85,65,Magetan,-7.6551,111.3288
2020-05-15,29.9,23.5,25.8,1.0,1.0,4.65,21.5,20.8,89,59,Magetan,-7.6551,111.3288
2020-05-16,29.4,23.9,25.9,1.5,1.5,4.44,24.5,19.61,87,67,Magetan,-7.6551,111.3288
2020-05-17,29.2,24.2,26.0,1.7,1.7,4.15,24.8,18.55,86,69,Magetan,-7.6551,111.3288
2020-05-18,29.0,23.8,25.7,7.0,7.0,3.74,18.1,17.37,95,69,Magetan,-7.6551,111.3288
2020-05-19,28.5,23.0,25.4,5.0,5.0,3.14,14.9,14.62,99,72,Magetan,-7.6551,111.3288
2020-05-20,28.9,23.2,25.6,5.1,5.1,3.83,12.6,19.09,94,69,Magetan,-7.6551,111.3288
2020-05-21,29.0,23.0,25.4,6.4,6.4,2.54,12.6,11.49,100,71,Magetan,-7.6551,111.3288
2020-05-22,29.6,23.2,25.9,0.8,0.8,3.72,12.8,18.14,93,59,Magetan,-7.6551,111.3288
2020-05-23,30.5,23.0,26.3,0.8,0.8,3.94,11.8,18.84,92,57,Magetan,-7.6551,111.3288
2020-05-24,31.4,22.9,26.8,0.0,0.0,4.53,15.0,20.48,85,56,Magetan,-7.6551,111.3288
2020-05-25,29.2,23.5,25.8,9.4,9.4,3.38,7.7,17.06,99,72,Magetan,-7.6551,111.3288
2020-05-26,28.0,23.2,25.0,14.0,14.0,2.79,8.8,14.0,100,76,Magetan,-7.6551,111.3288
2020-05-27,28.3,22.9,24.7,20.2,20.2,2.81,10.9,14.3,95,77,Magetan,-7.6551,111.3288
2020-05-28,28.3,22.2,24.4,21.9,21.9,2.76,13.6,14.14,99,70,Magetan,-7.6551,111.3288
2020-05-29,28.0,22.9,24.9,13.6,13.6,3.22,16.3,15.76,95,80,Magetan,-7.6551,111.3288
2020-05-30,29.2,23.2,25.7,1.9,1.9,4.1,17.0,20.09,94,66,Magetan,-7.6551,111.3288
2020-05-31,27.6,23.2,24.8,9.9,9.9,2.73,15.5,13.33,95,77,Magetan,-7.6551,111.3288
2020-06-01,27.3,23.5,25.3,0.5,0.5,2.47,22.6,9.91,89,73,Magetan,-7.6551,111.3288
2020-06-02,26.9,23.2,24.8,5.4,5.4,2.63,14.6,12.4,94,76,Magetan,-7.6551,111.3288
2020-06-03,28.0,23.4,25.6,1.1,1.1,3.8,10.0,19.04,86,67,Magetan,-7.6551,111.3288
2020-06-04,28.4,23.5,25.3,0.6,0.6,4.28,25.0,18.78,84,67,Magetan,-7.6551,111.3288
2020-06-05,27.2,22.6,24.6,1.3,1.3,3.83,23.1,17.65,87,71,Magetan,-7.6551,111.3288
2020-06-06,27.6,22.9,24.8,1.0,1.0,3.91,24.7,18.3,86,72,Magetan,-7.6551,111.3288
2020-06-07,28.3,22.7,24.8,3.9,3.9,3.71,18.8,17.72,92,66,Magetan,-7.6551,111.3288
2020-06-08,27.8,23.0,24.9,1.1,1.1,3.71,18.1,16.98,86,69,Magetan,-7.6551,111.3288
2020-06-09,28.1,22.5,24.8,1.6,1.6,3.9,20.3,17.98,89,66,Magetan,-7.6551,111.3288
2020-06-10,29.5,22.7,25.4,0.3,0.3,4.46,17.3,19.73,84,58,Magetan,-7.6551,111.3288
2020-06-11,29.1,22.6,25.2,0.1,0.1,4.26,16.2,19.58,83,57,Magetan,-7.6551,111.3288
2020-06-12,29.8,22.2,25.5,0.0,0.0,4.87,20.5,20.7,79,51,Magetan,-7.6551,111.3288
2020-06-13,29.8,22.6,25.6,0.0,0.0,4.76,19.2,20.16,82,53,Magetan,-7.6551,111.3288
2020-06-14,28.3,23.6,25.4,2.6,2.6,3.18,18.1,13.94,88,68,Magetan,-7.6551,111.3288
2020-06-15,28.6,23.5,25.7,1.5,1.5,3.59,20.3,16.77,89,67,Magetan,-7.6551,111.3288
2020-06-16,29.8,23.4,25.8,0.5,0.5,4.07,14.8,18.78,91,57,Magetan,-7.6551,111.3288
2020-06-17,28.8,23.0,25.4,1.0,1.0,4.23,24.0,18.57,87,63,Magetan,-7.6551,111.3288
2020-06-18,29.5,23.5,25.5,1.8,1.8,4.29,24.1,18.42,86,62,Magetan,-7.6551,111.3288
2020-06-19,28.4,23.2,25.0,0.2,0.2,4.18,29.5,17.64,85,63,Magetan,-7.6551,111.3288
2020-06-20,29.8,23.0,25.3,0.7,0.7,4.6,25.8,18.86,86,57,Magetan,-7.6551,111.3288
2020-06-21,29.4,22.9,25.4,0.7,0.7,4.29,21.5,17.41,86,57,Magetan,-7.6551,111.3288
2020-06-22,29.0,23.1,25.3,0.5,0.5,4.21,23.5,17.18,86,59,Magetan,-7.6551,111.3288
2020-06-23,30.0,23.1,25.4,0.1,0.1,4.8,24.4,19.09,83,51,Magetan,-7.6551,111.3288
2020-06-24,28.9,22.7,25.1,0.1,0.1,4.61,25.2,18.09,86,58,Magetan,-7.6551,111.3288
2020-06-25,29.5,22.5,25.2,0.0,0.0,5.18,26.1,19.13,76,50,Magetan,-7.6551,111.3288
2020-06-26,29.6,22.1,25.0,0.0,0.0,4.9,19.9,19.58,76,51,Magetan,-7.6551,111.3288
2020-06-27,30.0,22.0,25.2,0.0,0.0,4.89,17.6,20.0,80,47,Magetan,-7.6551,111.3288
2020-06-28,30.6,22.1,25.5,0.0,0.0,4.91,17.1,20.16,81,44,Magetan,-7.6551,111.3288
2020-06-29,29.8,22.8,25.3,0.0,0.0,4.64,25.6,18.54,85,51,Magetan,-7.6551,111.3288
2020-06-30,29.9,22.6,25.2,0.0,0.0,4.87,23.4,19.69,83,50,Magetan,-7.6551,111.3288
2020-07-01,29.9,22.1,25.0,0.5,0.5,4.89,24.1,19.95,82,52,Magetan,-7.6551,111.3288
2020-07-02,29.4,22.5,25.1,0.4,0.4,4.53,23.8,18.65,84,56,Magetan,-7.6551,111.3288
2020-07-03,29.1,22.5,24.8,0.0,0.0,5.04,25.2,20.22,82,48,Magetan,-7.6551,111.3288
2020-07-04,30.4,22.1,25.3,0.0,0.0,4.91,22.2,20.02,80,40,Magetan,-7.6551,111.3288
2020-07-05,31.1,22.1,25.5,0.8,0.8,4.44,16.3,19.14,78,42,Magetan,-7.6551,111.3288
2020-07-06,29.2,23.0,24.8,2.7,2.7,3.83,24.2,15.33,90,55,Magetan,-7.6551,111.3288
2020-07-07,27.0,22.1,24.4,1.3,1.3,3.45,24.4,10.95,84,66,Magetan,-7.6551,111.3288
2020-07-08,28.8,22.4,24.7,0.1,0.1,4.77,27.3,18.41,82,56,Magetan,-7.6551,111.3288
2020-07-09,29.4,22.4,24.8,0.3,0.3,4.77,28.0,18.97,83,56,Magetan,-7.6551,111.3288
2020-07-10,29.5,22.3,25.0,0.0,0.0,5.06,26.4,20.01,82,52,Magetan,-7.6551,111.3288
2020-07-11,30.7,22.5,25.4,0.0,0.0,4.91,24.1,18.82,80,48,Magetan,-7.6551,111.3288
2020-07-12,29.3,22.6,25.3,0.0,0.0,4.64,22.8,18.77,83,55,Magetan,-7.6551,111.3288
2020-07-13,31.0,22.5,25.8,0.6,0.6,4.81,18.2,20.09,83,46,Magetan,-7.6551,111.3288
2020-07-14,30.9,23.1,26.0,1.0,1.0,4.96,19.7,19.84,77,48,Magetan,-7.6551,111.3288
2020-07-15,29.3,23.0,25.2,3.5,3.5,3.5,10.6,16.34,91,55,Magetan,-7.6551,111.3288
2020-07-16,30.6,22.8,26.0,0.0,0.0,4.27,20.9,18.94,89,52,Magetan,-7.6551,111.3288
2020-07-17,31.9,21.9,25.8,0.0,0.0,4.75,23.1,21.4,89,41,Magetan,-7.6551,111.3288
2020-07-18,30.5,22.2,25.4,0.0,0.0,5.33,20.2,21.25,82,46,Magetan,-7.6551,111.3288
2020-07-19,31.0,22.2,25.5,0.0,0.0,5.04,27.5,20.48,80,47,Magetan,-7.6551,111.3288
2020-07-20,30.5,22.8,25.7,0.3,0.3,4.9,23.9,19.18,82,52,Magetan,-7.6551,111.3288
2020-07-21,30.2,23.2,25.6,1.3,1.3,4.38,19.8,17.91,85,52,Magetan,-7.6551,111.3288
2020-07-22,30.2,22.8,25.6,1.0,1.0,4.63,21.7,19.14,84,52,Magetan,-7.6551,111.3288
2020-07-23,29.5,22.4,25.0,0.0,0.0,5.71,26.6,21.26,82,45,Magetan,-7.6551,111.3288
2020-07-24,29.8,21.5,24.4,0.0,0.0,5.48,29.2,21.18,83,45,Magetan,-7.6551,111.3288
2020-07-25,28.6,20.8,23.6,0.0,0.0,6.05,30.1,22.11,76,39,Magetan,-7.6551,111.3288
2020-07-26,29.8,20.9,24.1,0.0,0.0,5.82,26.3,22.07,77,42,Magetan,-7.6551,111.3288
2020-07-27,29.2,21.3,24.3,0.0,0.0,5.69,26.5,22.02,81,48,Magetan,-7.6551,111.3288
2020-07-28,28.8,21.2,24.0,0.0,0.0,5.61,32.6,21.92,82,48,Magetan,-7.6551,111.3288
2020-07-29,28.3,20.5,23.6,0.0,0.0,5.57,28.8,21.59,85,44,Magetan,-7.6551,111.3288
2020-07-30,29.6,20.0,23.7,0.0,0.0,5.85,24.9,22.41,72,37,Magetan,-7.6551,111.3288
2020-07-31,28.9,21.0,24.0,0.0,0.0,5.12,26.7,20.31,76,50,Magetan,-7.6551,111.3288
2020-08-01,29.5,21.8,24.7,0.0,0.0,5.5,25.7,21.03,78,47,Magetan,-7.6551,111.3288
2020-08-02,29.9,21.0,24.4,0.0,0.0,5.57,25.6,21.81,78,44,Magetan,-7.6551,111.3288
2020-08-03,31.5,21.4,25.4,0.1,0.1,5.08,15.9,21.43,83,37,Magetan,-7.6551,111.3288
2020-08-04,29.3,22.5,24.7,0.5,0.5,3.72,19.1,13.65,79,54,Magetan,-7.6551,111.3288
2020-08-05,29.8,22.5,24.9,3.4,3.4,4.76,23.3,18.21,85,50,Magetan,-7.6551,111.3288
2020-08-06,30.0,21.4,24.9,0.0,0.0,5.81,24.3,21.63,77,44,Magetan,-7.6551,111.3288
2020-08-07,29.5,21.5,24.6,0.0,0.0,4.54,24.2,17.79,79,51,Magetan,-7.6551,111.3288
2020-08-08,30.1,21.5,24.9,3.2,3.2,4.09,18.4,18.4,89,53,Magetan,-7.6551,111.3288
2020-08-09,30.7,22.4,25.8,0.3,0.3,4.33,21.6,19.58,84,51,Magetan,-7.6551,111.3288
2020-08-10,32.4,21.4,26.0,0.0,0.0,5.09,24.2,22.02,85,39,Magetan,-7.6551,111.3288
2020-08-11,32.0,23.1,25.9,8.1,8.1,4.54,15.3,19.73,91,44,Magetan,-7.6551,111.3288
2020-08-12,29.1,23.3,25.2,1.2,1.2,3.58,20.8,16.45,90,61,Magetan,-7.6551,111.3288
2020-08-13,28.6,23.5,25.2,1.9,1.9,4.15,24.2,17.53,82,60,Magetan,-7.6551,111.3288
2020-08-14,29.5,22.6,25.3,1.8,1.8,4.44,19.7,19.99,84,55,Magetan,-7.6551,111.3288
2020-08-15,31.1,22.9,26.1,1.0,1.0,4.76,14.1,21.74,94,47,Magetan,-7.6551,111.3288
2020-08-16,29.1,22.4,25.4,1.8,1.8,4.6,21.7,20.4,92,56,Magetan,-7.6551,111.3288
2020-08-17,30.5,22.5,25.5,0.8,0.8,5.34,23.2,21.74,79,45,Magetan,-7.6551,111.3288
2020-08-18,30.5,22.6,25.2,0.0,0.0,5.71,27.0,21.77,79,47,Magetan,-7.6551,111.3288
2020-08-19,30.0,22.0,24.9,0.0,0.0,5.38,24.4,21.67,83,48,Magetan,-7.6551,111.3288
2020-08-20,31.9,22.5,25.4,0.7,0.7,5.06,18.0,21.06,82,38,Magetan,-7.6551,111.3288
2020-08-21,34.1,21.0,26.8,0.0,0.0,5.71,16.7,23.32,71,30,Magetan,-7.6551,111.3288
2020-08-22,32.8,22.6,26.5,0.1,0.1,5.83,21.2,23.63,75,30,Magetan,-7.6551,111.3288
2020-08-23,34.1,23.4,27.0,0.0,0.0,6.13,26.1,23.08,77,35,Magetan,-7.6551,111.3288
2020-08-24,32.5,22.8,26.2,0.0,0.0,5.59,19.9,22.87,82,32,Magetan,-7.6551,111.3288
2020-08-25,31.9,22.4,26.0,0.0,0.0,6.17,27.3,22.91,79,40,Magetan,-7.6551,111.3288
2020-08-26,29.9,21.7,24.7,0.0,0.0,6.35,33.6,23.35,81,46,Magetan,-7.6551,111.3288
2020-08-27,30.5,21.4,24.9,0.0,0.0,6.1,27.4,24.06,78,45,Magetan,-7.6551,111.3288
2020-08-28,30.4,22.2,25.3,2.0,2.0,5.32,24.3,21.21,78,46,Magetan,-7.6551,111.3288
2020-08-29,30.9,22.0,25.6,0.0,0.0,6.2,29.2,23.46,82,48,Magetan,-7.6551,111.3288
2020-08-30,31.5,21.9,25.2,0.0,0.0,5.97,26.0,22.83,78,38,Magetan,-7.6551,111.3288
2020-08-31,31.5,21.6,25.2,0.0,0.0,6.19,27.5,23.64,76,42,Magetan,-7.6551,111.3288
2020-09-01,30.6,22.4,25.5,0.4,0.4,5.74,29.1,22.33,82,48,Magetan,-7.6551,111.3288
2020-09-02,30.2,23.1,25.7,0.5,0.5,5.43,24.4,20.36,81,50,Magetan,-7.6551,111.3288
2020-09-03,31.1,23.4,26.0,1.3,1.3,5.34,25.6,21.19,85,52,Magetan,-7.6551,111.3288
2020-09-04,32.0,23.1,26.5,0.2,0.2,5.78,26.2,22.73,85,47,Magetan,-7.6551,111.3288
2020-09-05,32.2,22.6,26.1,0.0,0.0,6.7,26.8,23.79,78,36,Magetan,-7.6551,111.3288
2020-09-06,31.0,22.5,26.0,0.0,0.0,6.27,26.1,23.3,78,45,Magetan,-7.6551,111.3288
2020-09-07,31.2,22.7,25.9,0.0,0.0,5.81,23.7,23.3,83,42,Magetan,-7.6551,111.3288
2020-09-08,32.3,23.0,26.4,0.3,0.3,6.26,22.7,24.2,78,37,Magetan,-7.6551,111.3288
2020-09-09,32.5,23.0,26.6,0.6,0.6,6.0,20.9,23.45,82,42,Magetan,-7.6551,111.3288
2020-09-10,31.6,23.1,26.1,0.0,0.0,6.24,27.1,23.47,82,42,Magetan,-7.6551,111.3288
2020-09-11,31.5,22.5,25.8,0.0,0.0,6.38,29.4,24.15,76,43,Magetan,-7.6551,111.3288
2020-09-12,31.4,22.1,25.7,0.0,0.0,6.68,29.9,24.69,79,40,Magetan,-7.6551,111.3288
2020-09-13,31.3,22.8,26.0,0.0,0.0,6.58,29.6,24.04,78,45,Magetan,-7.6551,111.3288
2020-09-14,32.2,22.2,26.0,0.0,0.0,6.72,26.4,24.66,75,36,Magetan,-7.6551,111.3288
2020-09-15,31.8,22.2,26.2,0.0,0.0,7.55,27.5,24.85,70,32,Magetan,-7.6551,111.3288
2020-09-16,31.1,21.9,25.6,0.0,0.0,6.69,27.8,25.02,74,37,Magetan,-7.6551,111.3288
2020-09-17,32.3,22.5,26.4,0.0,0.0,5.93,24.1,23.27,73,37,Magetan,-7.6551,111.3288
2020-09-18,35.0,23.2,27.5,0.0,0.0,6.35,21.0,24.43,68,29,Magetan,-7.6551,111.3288
2020-09-19,35.1,24.1,28.4,0.0,0.0,6.67,18.8,24.84,65,30,Magetan,-7.6551,111.3288
2020-09-20,35.0,24.2,27.8,0.4,0.4,6.38,26.6,24.69,78,30,Magetan,-7.6551,111.3288
2020-09-21,31.5,23.5,26.5,0.6,0.6,5.97,28.8,22.87,82,45,Magetan,-7.6551,111.3288
2020-09-22,30.3,23.8,26.1,3.5,3.5,4.96,25.7,20.19,83,55,Magetan,-7.6551,111.3288
2020-09-23,32.0,24.0,27.1,1.3,1.3,5.78,23.8,22.72,84,49,Magetan,-7.6551,111.3288
2020-09-24,32.7,23.8,27.1,0.0,0.0,6.43,24.1,24.13,80,40,Magetan,-7.6551,111.3288
2020-09-25,32.7,23.5,27.0,0.4,0.4,6.62,27.8,23.13,79,38,Magetan,-7.6551,111.3288
2020-09-26,33.8,23.5,26.9,0.4,0.4,6.37,28.5,23.19,77,38,Magetan,-7.6551,111.3288
2020-09-27,31.9,23.2,26.8,0.2,0.2,6.5,26.0,22.8,80,43,Magetan,-7.6551,111.3288
2020-09-28,30.9,23.2,26.2,0.3,0.3,6.45,31.9,23.57,78,48,Magetan,-7.6551,111.3288
2020-09-29,30.2,22.8,25.7,0.9,0.9,5.96,28.6,23.0,81,50,Magetan,-7.6551,111.3288
2020-09-30,32.6,22.9,26.5,2.4,2.4,5.95,22.5,23.47,81,39,Magetan,-7.6551,111.3288
2020-10-01,34.8,23.5,27.5,0.3,0.3,6.33,26.0,24.49,83,32,Magetan,-7.6551,111.3288
2020-10-02,33.9,23.9,27.5,0.7,0.7,6.38,25.8,24.47,82,36,Magetan,-7.6551,111.3288
2020-10-03,31.9,23.5,26.6,0.3,0.3,6.21,26.5,23.02,80,40,Magetan,-7.6551,111.3288
2020-10-04,30.0,23.2,25.7,0.4,0.4,5.98,31.0,23.37,83,50,Magetan,-7.6551,111.3288
2020-10-05,29.8,23.2,25.7,0.3,0.3,5.56,28.0,19.74,78,48,Magetan,-7.6551,111.3288
2020-10-06,30.0,22.8,25.3,0.3,0.3,5.82,30.7,22.51,81,51,Magetan,-7.6551,111.3288
2020-10-07,31.0,22.5,25.6,1.3,1.3,5.59,24.0,20.21,79,48,Magetan,-7.6551,111.3288
2020-10-08,30.9,22.5,25.5,0.2,0.2,5.84,26.3,22.58,82,48,Magetan,-7.6551,111.3288
2020-10-09,34.0,22.5,26.7,2.5,2.5,5.99,23.2,23.99,79,36,Magetan,-7.6551,111.3288
2020-10-10,30.1,23.3,25.5,5.8,5.8,4.28,25.3,17.1,90,56,Magetan,-7.6551,111.3288
2020-10-11,33.0,23.2,26.6,2.3,2.3,5.69,23.1,23.91,91,40,Magetan,-7.6551,111.3288
2020-10-12,31.1,23.2,25.9,3.3,3.3,4.95,23.6,19.74,87,51,Magetan,-7.6551,111.3288
2020-10-13,30.8,23.2,26.3,2.9,2.9,5.76,23.7,22.91,79,46,Magetan,-7.6551,111.3288
2020-10-14,32.4,23.4,27.0,0.1,0.1,6.42,28.2,23.58,83,45,Magetan,-7.6551,111.3288
2020-10-15,31.4,23.6,26.8,0.7,0.7,6.21,23.8,23.28,78,42,Magetan,-7.6551,111.3288
2020-10-16,30.7,24.0,26.5,0.6,0.6,5.27,24.3,18.12,77,49,Magetan,-7.6551,111.3288
2020-10-17,32.5,23.7,26.8,0.1,0.1,5.93,23.4,21.31,79,39,Magetan,-7.6551,111.3288
2020-10-18,29.2,23.2,25.5,1.9,1.9,3.42,22.3,11.48,85,45,Magetan,-7.6551,111.3288
2020-10-19,29.6,22.9,24.7,14.4,14.4,2.83,19.6,10.62,93,52,Magetan,-7.6551,111.3288
2020-10-20,30.2,22.6,25.2,14.6,14.6,4.26,17.3,20.67,97,55,Magetan,-7.6551,111.3288
2020-10-21,28.6,22.6,24.9,3.3,3.3,3.11,14.8,14.45,97,65,Magetan,-7.6551,111.3288
2020-10-22,30.1,23.1,25.5,14.3,14.3,4.1,11.6,19.63,91,58,Magetan,-7.6551,111.3288
2020-10-23,29.3,22.8,25.2,12.4,12.4,4.38,18.2,21.32,95,66,Magetan,-7.6551,111.3288
2020-10-24,30.1,22.9,26.0,3.1,3.1,4.64,11.2,21.91,92,55,Magetan,-7.6551,111.3288
2020-10-25,30.0,23.2,26.0,2.6,2.6,4.63,15.6,21.54,90,59,Magetan,-7.6551,111.3288
2020-10-26,30.2,23.1,25.6,15.7,15.7,3.92,15.0,18.13,91,60,Magetan,-7.6551,111.3288
2020-10-27,28.1,22.7,24.4,13.0,13.0,2.75,12.9,12.8,98,62,Magetan,-7.6551,111.3288
2020-10-28,30.0,23.0,25.8,0.6,0.6,5.41,20.3,24.7,84,55,Magetan,-7.6551,111.3288
2020-10-29,30.1,23.0,26.2,0.7,0.7,5.0,12.1,23.1,84,52,Magetan,-7.6551,111.3288
2020-10-30,30.1,23.6,25.3,27.7,27.7,3.83,12.7,18.94,95,59,Magetan,-7.6551,111.3288
2020-10-31,27.8,22.5,24.4,35.0,35.0,3.17,10.8,15.47,97,68,Magetan,-7.6551,111.3288
2020-11-01,27.4,21.5,23.8,56.8,56.8,2.92,13.0,15.38,99,78,Magetan,-7.6551,111.3288
2020-11-02,28.4,22.6,25.0,21.6,21.6,3.36,17.9,16.28,100,68,Magetan,-7.6551,111.3288
2020-11-03,28.1,22.3,24.5,10.2,10.2,3.39,9.2,16.92,98,70,Magetan,-7.6551,111.3288
2020-11-04,29.7,22.0,25.6,0.3,0.3,5.25,18.7,24.2,88,56,Magetan,-7.6551,111.3288
2020-11-05,29.8,23.6,25.6,5.0,5.0,4.3,13.8,20.62,95,63,Magetan,-7.6551,111.3288
2020-11-06,30.5,23.6,26.3,0.0,0.0,5.18,14.7,23.93,88,53,Magetan,-7.6551,111.3288
2020-11-07,30.5,24.0,26.5,0.1,0.1,5.7,22.0,25.09,88,54,Magetan,-7.6551,111.3288
2020-11-08,29.8,23.2,26.1,0.3,0.3,5.22,12.7,24.68,85,54,Magetan,-7.6551,111.3288
2020-11-09,30.1,23.1,26.2,0.8,0.8,5.49,22.0,24.25,87,58,Magetan,-7.6551,111.3288
2020-11-10,30.1,23.5,26.2,0.3,0.3,5.8,24.6,23.88,80,58,Magetan,-7.6551,111.3288
2020-11-11,29.9,23.8,26.0,0.7,0.7,5.33,25.6,23.74,85,63,Magetan,-7.6551,111.3288
2020-11-12,30.0,24.4,26.7,3.4,3.4,4.8,14.0,22.8,83,60,Magetan,-7.6551,111.3288
2020-11-13,30.2,23.4,26.5,10.1,10.1,4.86,16.9,22.51,91,57,Magetan,-7.6551,111.3288
2020-11-14,31.2,24.5,27.1,1.9,1.9,5.44,15.3,23.84,80,53,Magetan,-7.6551,111.3288
2020-11-15,29.5,23.8,25.9,1.7,1.7,4.51,14.6,20.65,87,59,Magetan,-7.6551,111.3288
2020-11-16,31.1,24.1,26.9,0.2,0.2,5.54,22.2,23.17,80,52,Magetan,-7.6551,111.3288
2020-11-17,31.8,24.1,26.8,0.9,0.9,6.18,25.4,25.12,83,50,Magetan,-7.6551,111.3288
2020-11-18,31.3,23.6,26.8,1.1,1.1,5.56,19.8,23.56,82,50,Magetan,-7.6551,111.3288
2020-11-19,32.3,24.0,26.4,3.7,3.7,4.7,18.0,20.53,92,49,Magetan,-7.6551,111.3288
2020-11-20,29.0,23.2,25.7,2.4,2.4,3.57,12.4,16.96,98,62,Magetan,-7.6551,111.3288
2020-11-21,30.4,23.5,26.0,2.9,2.9,3.85,11.8,17.91,97,55,Magetan,-7.6551,111.3288
2020-11-22,29.0,23.1,25.2,5.3,5.3,3.29,13.8,15.52,98,62,Magetan,-7.6551,111.3288
2020-11-23,29.4,22.5,25.1,9.4,9.4,3.15,10.3,14.85,95,62,Magetan,-7.6551,111.3288
2020-11-24,28.4,23.2,25.5,4.4,4.4,3.15,19.8,13.13,92,63,Magetan,-7.6551,111.3288
2020-11-25,30.0,22.9,25.7,4.4,4.4,4.03,12.4,18.72,99,57,Magetan,-7.6551,111.3288
2020-11-26,29.3,22.5,25.5,6.6,6.6,4.13,10.9,19.93,100,61,Magetan,-7.6551,111.3288
2020-11-27,28.9,22.5,25.2,1.8,1.8,2.73,13.3,11.81,95,63,Magetan,-7.6551,111.3288
2020-11-28,28.8,22.7,24.7,19.7,19.7,3.22,7.9,15.94,99,71,Magetan,-7.6551,111.3288
2020-11-29,26.0,22.9,24.1,52.1,52.1,2.2,9.4,10.83,99,79,Magetan,-7.6551,111.3288
2020-11-30,24.4,22.2,23.2,34.8,34.8,1.19,9.7,5.65,98,81,Magetan,-7.6551,111.3288
2020-12-01,29.6,21.5,25.2,3.1,3.1,4.6,9.5,22.75,92,56,Magetan,-7.6551,111.3288
2020-12-02,27.1,22.9,24.2,17.7,17.7,2.67,5.7,13.14,96,74,Magetan,-7.6551,111.3288
2020-12-03,27.5,22.4,24.3,51.8,51.8,2.77,9.2,14.07,100,78,Magetan,-7.6551,111.3288
2020-12-04,27.7,22.8,24.7,39.3,39.3,2.9,7.7,14.25,100,75,Magetan,-7.6551,111.3288
2020-12-05,26.5,22.8,24.1,53.7,53.7,2.22,9.8,10.9,99,84,Magetan,-7.6551,111.3288
2020-12-06,27.0,22.6,24.2,14.4,14.4,2.32,16.3,11.46,100,74,Magetan,-7.6551,111.3288
2020-12-07,25.6,22.6,23.6,23.3,23.3,1.49,13.4,7.09,97,82,Magetan,-7.6551,111.3288
2020-12-08,29.0,21.9,25.0,20.7,20.7,4.33,10.9,21.68,98,64,Magetan,-7.6551,111.3288
2020-12-09,28.6,22.4,24.7,12.5,12.5,3.74,15.5,18.73,100,64,Magetan,-7.6551,111.3288
2020-12-10,27.2,21.8,24.1,47.0,47.0,3.07,9.4,16.11,99,80,Magetan,-7.6551,111.3288
2020-12-11,28.0,22.3,24.1,44.3,44.3,2.54,7.0,12.71,100,76,Magetan,-7.6551,111.3288
2020-12-12,26.0,22.0,23.5,138.4,138.4,2.21,7.2,11.22,98,83,Magetan,-7.6551,111.3288
2020-12-13,25.9,21.8,23.2,161.1,161.1,1.75,8.7,8.76,100,83,Magetan,-7.6551,111.3288
2020-12-14,25.4,22.0,23.5,26.3,26.3,1.81,8.3,8.94,98,85,Magetan,-7.6551,111.3288
2020-12-15,26.9,21.9,23.9,15.8,15.8,2.29,11.7,11.26,97,76,Magetan,-7.6551,111.3288
2020-12-16,27.0,21.9,24.1,14.1,14.1,3.1,7.6,15.41,98,73,Magetan,-7.6551,111.3288
2020-12-17,26.2,22.1,23.8,86.8,86.8,2.71,13.2,14.12,100,82,Magetan,-7.6551,111.3288
2020-12-18,26.2,22.0,23.5,70.6,70.6,2.73,9.2,14.18,100,78,Magetan,-7.6551,111.3288
2020-12-19,27.1,22.1,24.2,23.2,23.2,3.0,8.3,14.94,100,78,Magetan,-7.6551,111.3288
2020-12-20,27.8,21.7,24.5,5.5,5.5,3.19,6.7,15.34,99,62,Magetan,-7.6551,111.3288
2020-12-21,28.0,20.3,24.5,9.0,9.0,4.04,10.7,20.56,96,70,Magetan,-7.6551,111.3288
2020-12-22,28.1,22.5,25.0,3.0,3.0,3.59,8.6,17.93,97,73,Magetan,-7.6551,111.3288
2020-12-23,29.5,22.9,25.6,0.6,0.6,4.27,13.3,20.19,89,58,Magetan,-7.6551,111.3288
2020-12-24,29.5,21.2,25.3,0.3,0.3,4.65,9.0,22.77,94,58,Magetan,-7.6551,111.3288
2020-12-25,27.5,21.8,24.3,61.7,61.7,3.84,10.1,19.89,95,77,Magetan,-7.6551,111.3288
2020-12-26,27.7,22.0,24.3,26.3,26.3,3.58,10.9,18.53,99,73,Magetan,-7.6551,111.3288
2020-12-27,27.2,22.4,24.5,35.4,35.4,3.23,8.3,16.62,98,77,Magetan,-7.6551,111.3288
2020-12-28,27.0,22.5,24.1,88.7,88.7,2.85,10.5,14.75,100,79,Magetan,-7.6551,111.3288
2020-12-29,25.9,21.9,23.4,71.6,71.6,2.34,13.7,12.29,100,83,Magetan,-7.6551,111.3288
2020-12-30,27.2,21.9,23.8,40.9,40.9,2.39,9.4,11.56,100,72,Magetan,-7.6551,111.3288
2020-12-31,25.9,21.9,23.4,44.1,44.1,2.41,11.5,12.7,99,79,Magetan,-7.6551,111.3288
2021-01-01,27.0,22.0,24.0,20.2,20.2,3.26,8.9,17.04,99,76,Magetan,-7.6551,111.3288
2021-01-02,26.6,22.3,24.2,47.5,47.5,3.02,10.8,15.42,100,78,Magetan,-7.6551,111.3288
2021-01-03,27.4,22.2,24.5,12.8,12.8,3.02,6.4,14.84,99,72,Magetan,-7.6551,111.3288
2021-01-04,26.4,22.4,24.0,48.5,48.5,2.57,10.0,13.11,99,79,Magetan,-7.6551,111.3288
2021-01-05,26.0,22.5,23.9,83.5,83.5,2.57,9.8,13.19,96,84,Magetan,-7.6551,111.3288
2021-01-06,26.8,22.5,24.0,70.4,70.4,2.66,8.9,13.77,100,82,Magetan,-7.6551,111.3288
2021-01-07,26.1,22.5,24.0,47.6,47.6,2.26,10.2,11.43,100,81,Magetan,-7.6551,111.3288
2021-01-08,27.5,22.6,24.5,9.2,9.2,2.68,9.4,13.19,97,73,Magetan,-7.6551,111.3288
2021-01-09,27.6,22.6,24.7,2.5,2.5,3.08,16.6,15.45,93,74,Magetan,-7.6551,111.3288
2021-01-10,25.0,22.2,23.5,38.0,38.0,1.68,8.4,8.37,99,87,Magetan,-7.6551,111.3288
2021-01-11,28.1,22.2,24.2,9.2,9.2,3.19,13.9,16.5,99,71,Magetan,-7.6551,111.3288
2021-01-12,26.9,22.5,24.3,19.4,19.4,3.07,8.2,15.59,99,75,Magetan,-7.6551,111.3288
2021-01-13,27.7,22.6,24.7,14.8,14.8,2.53,6.4,12.11,100,69,Magetan,-7.6551,111.3288
2021-01-14,27.9,22.6,24.8,1.0,1.0,3.16,9.7,15.03,100,66,Magetan,-7.6551,111.3288
2021-01-15,28.0,21.6,24.5,0.3,0.3,2.96,10.4,14.01,97,65,Magetan,-7.6551,111.3288
2021-01-16,26.5,22.1,24.1,2.8,2.8,1.87,5.9,8.75,99,73,Magetan,-7.6551,111.3288
2021-01-17,26.6,22.1,23.7,82.7,82.7,2.99,11.2,15.82,99,80,Magetan,-7.6551,111.3288
2021-01-18,25.5,21.8,23.2,127.3,127.3,2.5,11.4,13.5,100,84,Magetan,-7.6551,111.3288
2021-01-19,27.1,21.9,23.7,23.9,23.9,2.56,9.4,12.41,100,69,Magetan,-7.6551,111.3288
2021-01-20,27.2,21.8,23.9,27.1,27.1,2.77,8.9,14.11,100,81,Magetan,-7.6551,111.3288
2021-01-21,26.5,22.2,24.3,32.2,32.2,2.85,6.5,14.43,100,79,Magetan,-7.6551,111.3288
2021-01-22,26.5,22.0,24.0,49.5,49.5,2.99,8.7,15.4,100,80,Magetan,-7.6551,111.3288
2021-01-23,26.4,22.1,24.2,19.7,19.7,3.18,7.3,16.38,100,77,Magetan,-7.6551,111.3288
2021-01-24,26.3,22.0,23.8,27.7,27.7,2.54,7.5,12.93,100,80,Magetan,-7.6551,111.3288
2021-01-25,25.5,22.1,23.6,19.6,19.6,2.42,5.8,12.18,100,81,Magetan,-7.6551,111.3288
2021-01-26,26.9,21.8,24.0,44.3,44.3,3.19,12.0,16.63,99,79,Magetan,-7.6551,111.3288
2021-01-27,25.0,21.9,23.3,101.4,101.4,1.75,11.5,8.87,99,86,Magetan,-7.6551,111.3288
2021-01-28,26.6,21.2,23.3,52.5,52.5,2.97,16.6,15.91,100,77,Magetan,-7.6551,111.3288
2021-01-29,25.3,21.5,23.1,50.4,50.4,2.05,8.7,10.72,100,85,Magetan,-7.6551,111.3288
2021-01-30,26.0,21.3,23.1,12.5,12.5,2.02,11.3,9.87,100,76,Magetan,-7.6551,111.3288
2021-01-31,27.2,21.1,23.6,26.6,26.6,3.22,10.8,16.68,99,80,Magetan,-7.6551,111.3288
2021-02-01,26.6,21.5,23.9,85.5,85.5,3.12,11.1,16.35,99,79,Magetan,-7.6551,111.3288
2021-02-02,26.8,21.9,23.7,68.0,68.0,2.94,9.2,15.13,100,83,Magetan,-7.6551,111.3288
2021-02-03,26.1,22.0,23.4,54.1,54.1,2.34,10.6,12.16,100,82,Magetan,-7.6551,111.3288
2021-02-04,28.0,22.1,24.1,4.6,4.6,3.17,12.7,15.5,100,66,Magetan,-7.6551,111.3288
2021-02-05,26.1,22.0,23.7,21.8,21.8,2.61,8.0,13.4,99,85,Magetan,-7.6551,111.3288
2021-02-06,26.3,21.9,23.8,19.5,19.5,2.09,15.0,10.55,100,78,Magetan,-7.6551,111.3288
2021-02-07,27.0,21.6,24.3,2.9,2.9,3.2,19.2,16.01,94,71,Magetan,-7.6551,111.3288
2021-02-08,27.4,22.5,24.3,5.2,5.2,2.54,13.7,11.84,99,69,Magetan,-7.6551,111.3288
2021-02-09,26.5,22.1,23.8,51.2,51.2,2.38,10.2,12.29,99,85,Magetan,-7.6551,111.3288
2021-02-10,24.9,22.5,23.2,59.7,59.7,1.82,11.2,9.41,99,87,Magetan,-7.6551,111.3288
2021-02-11,26.4,21.9,24.0,51.8,51.8,3.1,10.9,16.41,100,84,Magetan,-7.6551,111.3288
2021-02-12,26.0,22.0,23.6,135.5,135.5,2.83,12.2,15.24,100,83,Magetan,-7.6551,111.3288
2021-02-13,26.0,21.9,23.6,76.2,76.2,2.73,10.8,14.5,100,80,Magetan,-7.6551,111.3288
2021-02-14,25.9,22.2,23.7,75.1,75.1,2.77,11.9,14.59,100,80,Magetan,-7.6551,111.3288
2021-02-15,26.9,21.5,23.9,47.6,47.6,3.47,11.4,18.12,100,80,Magetan,-7.6551,111.3288
2021-02-16,27.5,21.9,24.1,38.1,38.1,3.33,8.5,17.43,100,78,Magetan,-7.6551,111.3288
2021-02-17,25.4,22.2,23.3,91.8,91.8,1.84,11.7,9.55,100,86,Magetan,-7.6551,111.3288
2021-02-18,27.7,21.5,23.8,82.4,82.4,3.89,12.4,20.7,100,76,Magetan,-7.6551,111.3288
2021-02-19,25.3,21.9,23.2,23.4,23.4,2.09,10.8,10.89,100,86,Magetan,-7.6551,111.3288
2021-02-20,27.5,21.2,23.8,6.4,6.4,3.39,12.6,17.11,100,68,Magetan,-7.6551,111.3288
2021-02-21,27.0,21.3,23.8,50.4,50.4,3.31,9.8,17.13,100,77,Magetan,-7.6551,111.3288
2021-02-22,26.6,21.9,23.9,73.8,73.8,2.86,14.8,15.03,100,80,Magetan,-7.6551,111.3288
2021-02-23,27.7,21.8,23.9,44.4,44.4,3.43,11.0,17.88,100,75,Magetan,-7.6551,111.3288
2021-02-24,25.6,21.8,23.3,88.5,88.5,1.92,11.4,9.98,100,83,Magetan,-7.6551,111.3288
2021-02-25,27.3,22.2,24.0,6.5,6.5,3.29,20.3,17.47,95,73,Magetan,-7.6551,111.3288
2021-02-26,26.9,21.9,24.2,32.9,32.9,2.76,8.7,13.62,96,74,Magetan,-7.6551,111.3288
2021-02-27,27.2,23.0,24.2,50.5,50.5,2.68,11.8,13.83,97,80,Magetan,-7.6551,111.3288
2021-02-28,26.3,22.8,24.4,3.4,3.4,1.7,10.1,7.88,92,80,Magetan,-7.6551,111.3288
2021-03-01,27.5,22.4,24.7,26.1,26.1,3.76,13.2,19.07,95,69,Magetan,-7.6551,111.3288
2021-03-02,27.6,21.9,24.5,27.9,27.9,3.35,11.8,17.23,96,77,Magetan,-7.6551,111.3288
2021-03-03,28.6,22.4,24.8,1.2,1.2,3.93,10.1,19.54,100,63,Magetan,-7.6551,111.3288
2021-03-04,26.6,22.6,24.1,48.8,48.8,3.21,11.2,16.63,97,78,Magetan,-7.6551,111.3288
2021-03-05,27.6,21.7,24.3,8.1,8.1,3.51,7.9,17.83,97,74,Magetan,-7.6551,111.3288
2021-03-06,26.0,21.9,23.5,46.5,46.5,2.73,8.7,14.45,100,86,Magetan,-7.6551,111.3288
2021-03-07,25.6,22.0,23.2,119.1,119.1,2.3,12.6,12.13,98,86,Magetan,-7.6551,111.3288
2021-03-08,25.9,21.8,23.6,51.5,51.5,2.95,8.7,15.55,97,80,Magetan,-7.6551,111.3288
2021-03-09,25.0,21.6,23.4,40.0,40.0,2.09,7.1,10.7,100,85,Magetan,-7.6551,111.3288
2021-03-10,28.0,22.1,24.1,14.7,14.7,3.17,13.1,15.94,97,69,Magetan,-7.6551,111.3288
2021-03-11,26.4,21.9,23.7,73.1,73.1,2.75,9.9,14.24,97,81,Magetan,-7.6551,111.3288
2021-03-12,26.4,21.5,23.8,25.1,25.1,2.79,7.3,14.22,98,81,Magetan,-7.6551,111.3288
2021-03-13,26.6,21.8,24.1,51.9,51.9,3.41,11.9,17.93,96,78,Magetan,-7.6551,111.3288
2021-03-14,26.6,21.9,23.8,41.9,41.9,3.3,10.7,17.3,97,77,Magetan,-7.6551,111.3288
2021-03-15,27.6,22.0,24.4,9.9,9.9,3.72,10.5,19.11,96,71,Magetan,-7.6551,111.3288
2021-03-16,27.6,22.4,24.7,4.0,4.0,3.97,9.2,20.47,96,72,Magetan,-7.6551,111.3288
2021-03-17,29.0,21.9,25.0,1.1,1.1,4.64,11.7,23.7,94,65,Magetan,-7.6551,111.3288
2021-03-18,28.2,22.2,24.6,33.1,33.1,3.94,8.7,20.07,99,75,Magetan,-7.6551,111.3288
2021-03-19,28.4,22.5,24.7,44.4,44.4,4.0,11.4,20.88,99,74,Magetan,-7.6551,111.3288
2021-03-20,27.1,22.6,24.3,74.3,74.3,3.11,15.2,16.49,98,78,Magetan,-7.6551,111.3288
2021-03-21,26.9,22.1,24.4,70.9,70.9,3.68,13.8,19.76,98,79,Magetan,-7.6551,111.3288
2021-03-22,26.5,22.5,24.3,50.5,50.5,3.24,9.6,17.15,96,80,Magetan,-7.6551,111.3288
2021-03-23,27.6,22.6,24.3,40.0,40.0,3.39,11.8,17.82,98,73,Magetan,-7.6551,111.3288
2021-03-24,28.2,22.5,24.9,18.7,18.7,3.89,8.5,20.17,98,74,Magetan,-7.6551,111.3288
2021-03-25,27.9,22.6,24.6,14.9,14.9,3.71,8.7,19.0,98,74,Magetan,-7.6551,111.3288
2021-03-26,27.8,22.5,24.7,27.5,27.5,3.79,10.1,19.38,99,76,Magetan,-7.6551,111.3288
2021-03-27,28.4,22.6,24.5,31.0,31.0,3.1,8.8,15.91,98,81,Magetan,-7.6551,111.3288
2021-03-28,29.0,22.4,25.2,6.4,6.4,4.14,20.9,19.97,98,71,Magetan,-7.6551,111.3288
2021-03-29,28.8,24.1,25.8,4.4,4.4,4.4,17.6,20.03,94,69,Magetan,-7.6551,111.3288
2021-03-30,27.4,23.0,24.6,3.2,3.2,2.88,8.3,14.27,99,76,Magetan,-7.6551,111.3288
2021-03-31,28.5,22.6,25.4,4.1,4.1,4.1,15.9,20.67,96,70,Magetan,-7.6551,111.3288
2021-04-01,28.0,22.8,24.7,35.1,35.1,3.57,11.0,18.35,98,76,Magetan,-7.6551,111.3288
2021-04-02,27.5,23.1,24.8,34.3,34.3,2.58,13.4,12.27,95,77,Magetan,-7.6551,111.3288
2021-04-03,30.1,22.6,25.8,0.4,0.4,4.64,9.5,23.02,93,56,Magetan,-7.6551,111.3288
2021-04-04,27.9,23.5,25.1,68.8,68.8,3.28,9.2,16.65,99,78,Magetan,-7.6551,111.3288
2021-04-05,27.6,22.6,24.9,30.7,30.7,3.0,7.1,15.09,98,80,Magetan,-7.6551,111.3288
2021-04-06,27.6,23.1,24.9,36.4,36.4,2.49,8.3,12.37,97,78,Magetan,-7.6551,111.3288
2021-04-07,27.2,22.2,24.2,26.7,26.7,2.65,9.0,13.57,100,78,Magetan,-7.6551,111.3288
2021-04-08,28.5,22.0,24.7,18.6,18.6,3.84,8.3,19.81,100,72,Magetan,-7.6551,111.3288
2021-04-09,28.5,22.7,24.9,33.5,33.5,3.65,7.7,18.46,96,74,Magetan,-7.6551,111.3288
2021-04-10,28.1,22.6,24.8,22.8,22.8,3.4,10.5,17.44,97,76,Magetan,-7.6551,111.3288
2021-04-11,29.0,22.5,25.2,13.9,13.9,4.05,8.4,20.23,94,66,Magetan,-7.6551,111.3288
2021-04-12,28.5,22.2,25.1,4.3,4.3,3.92,10.2,19.89,94,73,Magetan,-7.6551,111.3288
2021-04-13,27.8,22.6,24.6,17.7,17.7,3.75,8.7,19.55,98,72,Magetan,-7.6551,111.3288
2021-04-14,27.6,21.4,24.2,4.9,4.9,3.62,10.2,18.86,96,71,Magetan,-7.6551,111.3288
2021-04-15,28.4,22.8,24.7,8.4,8.4,4.07,9.8,20.57,96,67,Magetan,-7.6551,111.3288
2021-04-16,29.0,21.8,25.3,0.3,0.3,4.8,20.5,22.06,93,63,Magetan,-7.6551,111.3288
2021-04-17,28.5,23.3,25.4,1.7,1.7,4.36,18.8,20.38,89,65,Magetan,-7.6551,111.3288
2021-04-18,28.5,21.8,24.7,1.3,1.3,4.13,15.0,20.45,94,62,Magetan,-7.6551,111.3288
2021-04-19,29.0,23.0,25.4,0.0,0.0,5.1,20.8,22.6,86,61,Magetan,-7.6551,111.3288
2021-04-20,28.9,22.0,25.0,0.0,0.0,5.58,22.2,24.67,85,51,Magetan,-7.6551,111.3288
2021-04-21,28.9,22.2,25.0,0.0,0.0,5.65,21.5,23.64,76,57,Magetan,-7.6551,111.3288
2021-04-22,29.0,22.2,25.0,0.0,0.0,5.4,19.8,23.6,84,57,Magetan,-7.6551,111.3288
2021-04-23,28.3,22.2,24.9,1.3,1.3,4.61,15.4,20.19,76,59,Magetan,-7.6551,111.3288
2021-04-24,29.0,21.6,25.0,0.9,0.9,4.76,11.4,22.57,85,57,Magetan,-7.6551,111.3288
2021-04-25,28.6,22.4,25.1,2.1,2.1,4.04,8.3,19.85,88,61,Magetan,-7.6551,111.3288
2021-04-26,29.1,22.4,25.6,0.0,0.0,4.86,17.4,23.14,87,55,Magetan,-7.6551,111.3288
2021-04-27,29.9,23.1,25.7,0.2,0.2,5.1,21.0,22.06,85,55,Magetan,-7.6551,111.3288
2021-04-28,28.3,23.3,25.2,3.8,3.8,3.96,18.1,17.81,86,61,Magetan,-7.6551,111.3288
2021-04-29,28.2,23.0,24.9,6.0,6.0,3.53,10.2,17.79,92,68,Magetan,-7.6551,111.3288
2021-04-30,28.9,23.1,25.2,8.3,8.3,3.8,8.4,19.02,94,66,Magetan,-7.6551,111.3288
2021-05-01,29.9,23.0,25.4,2.5,2.5,3.91,8.2,19.9,94,64,Magetan,-7.6551,111.3288
2021-05-02,29.9,22.8,25.6,3.3,3.3,4.34,8.9,21.64,91,59,Magetan,-7.6551,111.3288
2021-05-03,28.4,23.2,25.6,1.0,1.0,3.92,10.5,19.97,90,65,Magetan,-7.6551,111.3288
2021-05-04,29.0,23.3,25.5,4.4,4.4,3.93,7.7,19.75,95,65,Magetan,-7.6551,111.3288
2021-05-05,30.3,22.6,26.0,1.2,1.2,4.42,10.7,21.47,98,54,Magetan,-7.6551,111.3288
2021-05-06,29.5,23.5,26.1,1.2,1.2,4.14,13.4,19.05,85,60,Magetan,-7.6551,111.3288
2021-05-07,29.5,23.1,25.7,2.8,2.8,3.48,13.7,16.88,92,66,Magetan,-7.6551,111.3288
2021-05-08,29.0,23.5,25.5,0.0,0.0,4.59,19.9,18.96,91,56,Magetan,-7.6551,111.3288
2021-05-09,29.6,22.2,25.3,0.0,0.0,5.4,19.3,22.65,79,48,Magetan,-7.6551,111.3288
2021-05-10,30.4,23.0,25.8,0.0,0.0,4.76,20.0,21.03,82,53,Magetan,-7.6551,111.3288
2021-05-11,31.4,23.5,26.4,0.0,0.0,5.01,19.5,21.29,84,52,Magetan,-7.6551,111.3288
2021-05-12,30.5,23.6,26.1,0.0,0.0,5.07,20.9,21.63,83,54,Magetan,-7.6551,111.3288
2021-05-13,30.8,23.5,26.4,0.3,0.3,5.04,19.7,21.54,82,50,Magetan,-7.6551,111.3288
2021-05-14,30.5,23.9,26.4,1.2,1.2,4.56,19.6,18.93,83,52,Magetan,-7.6551,111.3288
2021-05-15,29.9,24.0,26.2,0.7,0.7,4.66,19.0,19.03,80,56,Magetan,-7.6551,111.3288
2021-05-16,30.2,23.5,26.1,0.1,0.1,5.01,20.0,20.21,84,54,Magetan,-7.6551,111.3288
2021-05-17,30.1,23.0,25.9,1.1,1.1,4.65,18.7,19.87,81,52,Magetan,-7.6551,111.3288
2021-05-18,30.2,23.6,26.0,21.9,21.9,4.27,15.5,18.3,90,53,Magetan,-7.6551,111.3288
2021-05-19,28.0,23.1,25.1,1.8,1.8,3.28,12.7,15.44,93,63,Magetan,-7.6551,111.3288
2021-05-20,28.3,23.1,25.1,1.6,1.6,3.72,16.8,16.7,92,65,Magetan,-7.6551,111.3288
2021-05-21,29.0,23.6,25.7,0.0,0.0,4.57,17.7,18.99,82,61,Magetan,-7.6551,111.3288
2021-05-22,28.7,23.0,25.4,0.4,0.4,4.21,13.9,19.75,85,65,Magetan,-7.6551,111.3288
2021-05-23,28.6,22.6,25.0,3.6,3.6,3.56,7.0,17.86,96,66,Magetan,-7.6551,111.3288
2021-05-24,28.2,23.0,25.0,11.4,11.4,3.63,14.5,18.34,94,72,Magetan,-7.6551,111.3288
2021-05-25,27.7,23.0,24.8,8.6,8.6,2.69,8.2,13.21,93,71,Magetan,-7.6551,111.3288
2021-05-26,28.6,22.5,25.5,1.5,1.5,3.86,8.2,19.49,89,67,Magetan,-7.6551,111.3288
2021-05-27,29.0,22.9,25.8,0.0,0.0,4.12,6.4,20.88,89,64,Magetan,-7.6551,111.3288
2021-05-28,29.0,23.6,25.4,2.9,2.9,3.75,11.4,18.59,89,66,Magetan,-7.6551,111.3288
2021-05-29,28.7,23.1,25.2,2.2,2.2,3.29,10.4,16.39,97,68,Magetan,-7.6551,111.3288
2021-05-30,28.2,22.2,25.0,1.9,1.9,3.3,9.9,16.69,96,69,Magetan,-7.6551,111.3288
2021-05-31,28.2,23.1,24.9,16.1,16.1,3.25,9.6,16.46,96,74,Magetan,-7.6551,111.3288
2021-06-01,29.0,22.4,25.3,2.0,2.0,3.86,8.8,19.68,95,67,Magetan,-7.6551,111.3288
2021-06-02,29.4,22.5,25.7,0.9,0.9,3.86,10.3,19.16,94,64,Magetan,-7.6551,111.3288
2021-06-03,30.0,22.6,26.1,0.1,0.1,4.19,7.5,21.08,96,56,Magetan,-7.6551,111.3288
2021-06-04,29.8,22.2,25.9,0.0,0.0,4.14,10.0,20.22,92,60,Magetan,-7.6551,111.3288
2021-06-05,30.0,22.5,26.1,0.1,0.1,4.12,7.8,20.28,85,59,Magetan,-7.6551,111.3288
2021-06-06,29.4,23.1,25.9,1.2,1.2,3.87,11.7,18.57,94,60,Magetan,-7.6551,111.3288
2021-06-07,30.0,21.9,25.7,0.0,0.0,4.44,16.4,20.02,94,57,Magetan,-7.6551,111.3288
2021-06-08,30.2,23.1,26.1,0.1,0.1,4.72,14.0,20.38,81,50,Magetan,-7.6551,111.3288
2021-06-09,29.9,23.1,25.8,2.3,2.3,4.05,12.3,18.63,87,57,Magetan,-7.6551,111.3288
2021-06-10,28.9,22.8,25.5,1.3,1.3,3.68,15.6,17.02,92,61,Magetan,-7.6551,111.3288
2021-06-11,30.0,22.9,25.5,10.0,10.0,3.88,16.4,18.83,94,62,Magetan,-7.6551,111.3288
2021-06-12,28.0,22.6,25.0,3.3,3.3,3.5,9.7,17.65,96,68,Magetan,-7.6551,111.3288
2021-06-13,28.5,22.4,25.2,0.0,0.0,3.87,12.0,19.22,89,62,Magetan,-7.6551,111.3288
2021-06-14,28.1,22.2,24.6,2.1,2.1,3.16,7.7,15.81,94,67,Magetan,-7.6551,111.3288
2021-06-15,28.7,22.1,24.1,11.5,11.5,3.12,9.0,15.83,96,68,Magetan,-7.6551,111.3288
2021-06-16,28.0,22.2,24.4,20.3,20.3,3.18,10.5,16.37,95,72,Magetan,-7.6551,111.3288
2021-06-17,27.4,21.9,24.0,14.3,14.3,2.65,11.2,13.05,99,70,Magetan,-7.6551,111.3288
2021-06-18,27.8,22.1,24.6,1.4,1.4,3.4,9.9,17.5,95,71,Magetan,-7.6551,111.3288
2021-06-19,27.1,22.0,23.7,6.7,6.7,2.58,7.1,13.4,99,75,Magetan,-7.6551,111.3288
2021-06-20,27.4,21.5,24.1,3.1,3.1,3.28,14.5,17.22,99,68,Magetan,-7.6551,111.3288
2021-06-21,26.9,21.6,23.6,10.2,10.2,2.45,7.6,12.74,99,76,Magetan,-7.6551,111.3288
2021-06-22,28.1,21.6,24.5,1.3,1.3,3.71,15.0,18.19,98,68,Magetan,-7.6551,111.3288
2021-06-23,27.7,22.6,24.4,2.7,2.7,3.28,13.7,16.09,91,70,Magetan,-7.6551,111.3288
2021-06-24,26.8,21.9,24.0,3.6,3.6,2.61,12.6,13.15,96,73,Magetan,-7.6551,111.3288
2021-06-25,27.8,22.0,24.6,3.9,3.9,3.31,10.9,16.42,91,68,Magetan,-7.6551,111.3288
2021-06-26,28.2,22.8,25.0,3.5,3.5,3.41,9.4,17.11,94,68,Magetan,-7.6551,111.3288
2021-06-27,28.6,22.0,25.3,1.6,1.6,3.77,11.6,18.54,89,65,Magetan,-7.6551,111.3288
2021-06-28,27.0,22.7,24.2,7.7,7.7,2.59,9.3,13.2,95,69,Magetan,-7.6551,111.3288
2021-06-29,28.6,21.7,24.9,0.4,0.4,3.54,9.4,17.5,88,62,Magetan,-7.6551,111.3288
2021-06-30,27.9,22.9,25.2,0.2,0.2,3.81,18.9,17.87,87,67,Magetan,-7.6551,111.3288
2021-07-01,29.2,22.7,25.4,0.0,0.0,4.42,16.0,19.67,85,56,Magetan,-7.6551,111.3288
2021-07-02,28.5,22.2,25.1,0.0,0.0,4.41,18.6,20.23,84,54,Magetan,-7.6551,111.3288
2021-07-03,28.4,22.7,24.8,0.0,0.0,4.3,22.3,19.22,86,59,Magetan,-7.6551,111.3288
2021-07-04,28.5,22.4,25.0,0.0,0.0,4.56,22.4,19.49,78,59,Magetan,-7.6551,111.3288
2021-07-05,28.5,22.0,24.6,0.0,0.0,5.25,28.1,21.35,78,56,Magetan,-7.6551,111.3288
2021-07-06,27.9,21.4,23.9,0.0,0.0,5.02,25.1,19.92,80,50,Magetan,-7.6551,111.3288
2021-07-07,29.2,20.7,24.5,0.0,0.0,5.04,20.4,21.2,75,45,Magetan,-7.6551,111.3288
2021-07-08,30.0,22.7,25.6,0.0,0.0,4.34,16.0,17.36,76,50,Magetan,-7.6551,111.3288
2021-07-09,30.4,22.5,25.5,2.7,2.7,3.77,9.7,18.29,91,52,Magetan,-7.6551,111.3288
2021-07-10,29.0,22.2,25.1,5.8,5.8,3.46,10.7,16.92,92,66,Magetan,-7.6551,111.3288
2021-07-11,31.3,22.6,26.5,0.1,0.1,4.6,16.9,20.43,83,33,Magetan,-7.6551,111.3288
2021-07-12,30.8,22.0,25.7,0.0,0.0,4.65,17.7,20.97,84,43,Magetan,-7.6551,111.3288
2021-07-13,30.2,22.7,25.6,0.0,0.0,5.21,24.5,20.88,86,47,Magetan,-7.6551,111.3288
2021-07-14,29.5,22.5,25.0,0.0,0.0,5.22,27.9,19.39,84,48,Magetan,-7.6551,111.3288
2021-07-15,28.8,21.9,24.5,0.0,0.0,5.27,30.6,20.14,83,47,Magetan,-7.6551,111.3288
2021-07-16,28.5,21.8,24.4,0.0,0.0,4.16,25.8,14.75,82,51,Magetan,-7.6551,111.3288
2021-07-17,30.7,22.3,25.2,0.0,0.0,4.87,24.8,19.38,79,43,Magetan,-7.6551,111.3288
2021-07-18,30.1,22.7,25.6,0.0,0.0,5.26,21.7,20.55,78,47,Magetan,-7.6551,111.3288
2021-07-19,31.9,23.0,26.1,0.0,0.0,4.69,17.3,19.78,78,41,Magetan,-7.6551,111.3288
2021-07-20,32.3,23.4,26.9,0.0,0.0,4.94,16.3,21.34,78,39,Magetan,-7.6551,111.3288
2021-07-21,30.7,22.7,26.2,0.0,0.0,5.02,21.5,19.7,82,51,Magetan,-7.6551,111.3288
2021-07-22,28.5,22.5,25.1,0.0,0.0,3.32,20.1,11.34,82,45,Magetan,-7.6551,111.3288
2021-07-23,30.2,23.1,25.4,0.3,0.3,4.84,25.5,19.71,82,47,Magetan,-7.6551,111.3288
2021-07-24,31.5,22.5,25.9,0.0,0.0,5.85,24.7,22.3,82,33,Magetan,-7.6551,111.3288
2021-07-25,30.2,21.9,25.1,0.0,0.0,6.22,28.8,22.8,71,42,Magetan,-7.6551,111.3288
2021-07-26,32.3,20.4,25.6,0.0,0.0,5.59,15.6,22.83,77,28,Magetan,-7.6551,111.3288
2021-07-27,31.5,21.1,25.3,0.0,0.0,5.68,19.1,22.76,79,32,Magetan,-7.6551,111.3288
2021-07-28,30.0,21.7,25.0,0.0,0.0,5.52,23.4,21.95,80,45,Magetan,-7.6551,111.3288
2021-07-29,30.5,22.2,25.4,0.0,0.0,5.53,23.7,20.95,81,42,Magetan,-7.6551,111.3288
2021-07-30,30.7,22.4,25.5,0.2,0.2,4.8,22.7,19.87,83,47,Magetan,-7.6551,111.3288
2021-07-31,29.9,22.7,25.3,2.2,2.2,4.86,25.3,19.5,84,54,Magetan,-7.6551,111.3288
2021-08-01,29.1,22.5,25.0,0.8,0.8,5.04,27.9,20.5,83,56,Magetan,-7.6551,111.3288
2021-08-02,28.9,22.4,24.8,0.8,0.8,4.85,26.0,19.4,82,56,Magetan,-7.6551,111.3288
2021-08-03,29.8,23.0,25.2,1.3,1.3,4.65,24.8,19.51,85,54,Magetan,-7.6551,111.3288
2021-08-04,30.1,23.0,25.5,1.3,1.3,4.54,23.1,19.59,86,53,Magetan,-7.6551,111.3288
2021-08-05,31.2,23.0,26.0,1.6,1.6,4.77,17.3,19.99,85,44,Magetan,-7.6551,111.3288
2021-08-06,33.0,23.2,27.4,0.0,0.0,5.28,12.9,21.82,77,34,Magetan,-7.6551,111.3288
2021-08-07,31.9,23.0,26.6,3.1,3.1,4.42,14.2,19.67,84,43,Magetan,-7.6551,111.3288
2021-08-08,31.5,23.2,26.2,19.5,19.5,4.51,13.0,21.01,94,48,Magetan,-7.6551,111.3288
2021-08-09,29.1,22.5,25.4,4.2,4.2,3.93,17.2,18.45,93,59,Magetan,-7.6551,111.3288
2021-08-10,30.0,22.4,25.1,0.0,0.0,5.24,28.5,21.51,85,51,Magetan,-7.6551,111.3288
2021-08-11,29.0,21.5,24.3,0.0,0.0,5.56,26.6,22.04,80,50,Magetan,-7.6551,111.3288
2021-08-12,29.0,22.0,24.6,1.9,1.9,5.0,27.8,20.64,83,54,Magetan,-7.6551,111.3288
2021-08-13,30.4,22.9,25.4,1.5,1.5,5.03,24.1,20.83,84,50,Magetan,-7.6551,111.3288
2021-08-14,30.1,22.6,25.5,1.4,1.4,5.06,22.8,21.07,85,50,Magetan,-7.6551,111.3288
2021-08-15,31.6,22.8,26.3,0.1,0.1,5.37,19.4,21.84,82,42,Magetan,-7.6551,111.3288
2021-08-16,30.0,22.7,25.5,0.3,0.3,5.42,24.4,20.89,82,50,Magetan,-7.6551,111.3288
2021-08-17,31.3,22.5,25.9,0.0,0.0,5.9,24.0,22.44,80,41,Magetan,-7.6551,111.3288
2021-08-18,30.1,22.8,25.5,1.0,1.0,5.26,21.7,21.18,82,50,Magetan,-7.6551,111.3288
2021-08-19,30.0,22.5,25.2,0.0,0.0,5.85,25.3,21.48,82,44,Magetan,-7.6551,111.3288
2021-08-20,30.6,22.1,25.4,0.9,0.9,5.65,23.4,21.52,81,46,Magetan,-7.6551,111.3288
2021-08-21,30.0,22.7,25.5,0.7,0.7,5.14,26.3,20.62,82,53,Magetan,-7.6551,111.3288
2021-08-22,30.3,22.6,25.5,0.7,0.7,5.52,24.2,21.33,81,50,Magetan,-7.6551,111.3288
2021-08-23,30.9,22.6,25.4,0.0,0.0,6.1,24.5,23.42,80,37,Magetan,-7.6551,111.3288
2021-08-24,30.0,21.9,24.9,0.0,0.0,6.0,30.0,23.2,84,45,Magetan,-7.6551,111.3288
2021-08-25,30.0,22.0,24.8,0.0,0.0,5.86,28.3,22.87,83,48,Magetan,-7.6551,111.3288
2021-08-26,30.5,21.5,24.8,0.0,0.0,6.5,26.6,24.4,79,39,Magetan,-7.6551,111.3288
2021-08-27,31.0,21.5,25.1,0.0,0.0,6.34,27.3,24.06,76,37,Magetan,-7.6551,111.3288
2021-08-28,30.2,21.8,25.3,0.1,0.1,5.48,26.6,21.16,81,48,Magetan,-7.6551,111.3288
2021-08-29,31.2,22.5,25.9,0.2,0.2,5.88,28.2,22.42,81,45,Magetan,-7.6551,111.3288
2021-08-30,31.8,22.7,25.8,0.4,0.4,5.77,26.4,22.64,83,46,Magetan,-7.6551,111.3288
2021-08-31,31.7,22.6,26.2,0.4,0.4,5.71,25.0,22.91,81,46,Magetan,-7.6551,111.3288
2021-09-01,32.0,22.2,25.8,0.0,0.0,6.51,26.4,24.41,83,37,Magetan,-7.6551,111.3288
2021-09-02,30.2,21.8,24.9,0.0,0.0,6.36,28.0,24.46,84,41,Magetan,-7.6551,111.3288
2021-09-03,30.5,21.8,25.0,0.0,0.0,6.11,27.8,23.18,82,44,Magetan,-7.6551,111.3288
2021-09-04,30.5,22.2,25.3,0.1,0.1,6.12,27.6,23.32,78,46,Magetan,-7.6551,111.3288
2021-09-05,28.0,22.4,24.6,0.0,0.0,3.78,25.3,9.57,80,59,Magetan,-7.6551,111.3288
2021-09-06,33.1,22.7,26.4,1.2,1.2,5.81,21.5,22.63,78,39,Magetan,-7.6551,111.3288
2021-09-07,30.9,23.0,25.9,0.3,0.3,5.49,28.7,21.53,83,47,Magetan,-7.6551,111.3288
2021-09-08,30.7,22.6,25.6,0.0,0.0,6.14,30.6,23.53,83,45,Magetan,-7.6551,111.3288
2021-09-09,30.8,21.9,25.4,0.0,0.0,6.57,27.1,24.35,77,39,Magetan,-7.6551,111.3288
2021-09-10,32.2,22.5,26.2,0.2,0.2,6.26,26.3,24.08,79,40,Magetan,-7.6551,111.3288
2021-09-11,31.4,23.1,25.9,8.2,8.2,5.24,27.0,20.22,90,48,Magetan,-7.6551,111.3288
2021-09-12,30.2,22.9,25.0,14.0,14.0,3.7,17.8,16.29,91,54,Magetan,-7.6551,111.3288
2021-09-13,28.2,22.9,25.3,7.0,7.0,3.94,14.4,19.1,84,67,Magetan,-7.6551,111.3288
2021-09-14,30.0,22.4,25.2,13.7,13.7,4.09,13.2,19.86,98,57,Magetan,-7.6551,111.3288
2021-09-15,30.5,22.0,25.2,49.9,49.9,4.64,14.9,22.54,99,56,Magetan,-7.6551,111.3288
2021-09-16,30.0,22.8,25.6,0.2,0.2,5.18,22.2,23.02,89,54,Magetan,-7.6551,111.3288
2021-09-17,30.1,22.9,25.6,0.1,0.1,5.57,26.4,23.88,80,53,Magetan,-7.6551,111.3288
2021-09-18,30.1,23.0,25.4,0.5,0.5,5.34,26.6,22.58,84,53,Magetan,-7.6551,111.3288
2021-09-19,29.1,22.7,25.0,0.1,0.1,5.4,29.2,22.42,83,55,Magetan,-7.6551,111.3288
2021-09-20,29.9,22.5,25.2,0.0,0.0,6.04,27.5,24.83,81,51,Magetan,-7.6551,111.3288
2021-09-21,29.9,23.2,25.5,0.9,0.9,4.69,21.2,18.9,79,53,Magetan,-7.6551,111.3288
2021-09-22,31.4,22.5,25.8,2.2,2.2,5.29,16.5,23.78,87,44,Magetan,-7.6551,111.3288
2021-09-23,30.4,22.9,25.8,2.1,2.1,5.08,20.2,21.23,84,52,Magetan,-7.6551,111.3288
2021-09-24,30.0,22.9,25.0,8.5,8.5,3.23,17.9,13.69,92,55,Magetan,-7.6551,111.3288
2021-09-25,31.5,22.9,25.6,2.4,2.4,5.05,22.1,22.94,86,48,Magetan,-7.6551,111.3288
2021-09-26,29.0,22.5,24.8,23.9,23.9,4.15,20.8,18.22,90,62,Magetan,-7.6551,111.3288
2021-09-27,29.9,22.8,25.1,0.0,0.0,5.7,24.5,24.19,81,53,Magetan,-7.6551,111.3288
2021-09-28,29.0,22.4,24.8,0.0,0.0,5.99,27.2,25.32,81,55,Magetan,-7.6551,111.3288
2021-09-29,30.3,22.3,25.6,0.0,0.0,5.85,23.0,24.51,78,52,Magetan,-7.6551,111.3288
2021-09-30,30.6,22.6,26.0,0.0,0.0,5.74,23.0,24.74,83,51,Magetan,-7.6551,111.3288
2021-10-01,30.6,23.0,26.2,0.0,0.0,5.53,23.0,22.64,85,53,Magetan,-7.6551,111.3288
2021-10-02,30.8,22.7,26.1,0.2,0.2,5.66,20.8,22.77,83,46,Magetan,-7.6551,111.3288
2021-10-03,30.7,23.0,25.8,1.3,1.3,5.69,21.7,23.6,82,48,Magetan,-7.6551,111.3288
2021-10-04,30.6,22.7,25.3,4.1,4.1,5.02,19.0,20.0,79,51,Magetan,-7.6551,111.3288
2021-10-05,29.9,22.7,25.3,0.1,0.1,5.31,24.9,19.13,79,51,Magetan,-7.6551,111.3288
2021-10-06,30.5,22.0,25.1,0.0,0.0,5.95,25.6,22.92,80,44,Magetan,-7.6551,111.3288
2021-10-07,31.1,21.9,25.4,0.7,0.7,6.29,23.9,24.9,79,44,Magetan,-7.6551,111.3288
2021-10-08,31.4,22.6,25.8,0.0,0.0,6.22,27.1,24.62,79,45,Magetan,-7.6551,111.3288
2021-10-09,31.2,22.6,25.9,0.4,0.4,6.34,25.9,25.34,82,44,Magetan,-7.6551,111.3288
2021-10-10,32.0,22.6,26.5,0.0,0.0,6.48,26.7,25.19,82,43,Magetan,-7.6551,111.3288
2021-10-11,32.4,23.0,26.4,0.1,0.1,6.51,25.6,25.14,79,41,Magetan,-7.6551,111.3288
2021-10-12,32.0,23.0,26.2,0.0,0.0,6.99,25.5,26.54,78,42,Magetan,-7.6551,111.3288
2021-10-13,32.4,22.9,26.3,0.0,0.0,6.73,27.0,25.73,74,37,Magetan,-7.6551,111.3288
2021-10-14,32.3,23.0,26.6,0.0,0.0,6.33,24.1,24.88,79,41,Magetan,-7.6551,111.3288
2021-10-15,33.0,23.0,27.0,0.0,0.0,6.04,22.9,24.71,79,39,Magetan,-7.6551,111.3288
2021-10-16,33.2,23.1,27.1,0.0,0.0,6.27,23.4,24.79,80,40,Magetan,-7.6551,111.3288
2021-10-17,33.5,23.7,26.8,1.4,1.4,5.3,19.4,22.47,83,45,Magetan,-7.6551,111.3288
2021-10-18,31.3,23.0,25.7,5.8,5.8,4.0,18.1,18.87,97,53,Magetan,-7.6551,111.3288
2021-10-19,31.8,22.7,26.1,4.6,4.6,4.95,17.8,22.17,96,54,Magetan,-7.6551,111.3288
2021-10-20,31.4,23.9,26.7,2.5,2.5,5.82,22.1,23.81,80,53,Magetan,-7.6551,111.3288
2021-10-21,32.2,24.3,27.0,0.1,0.1,6.07,25.2,24.97,83,45,Magetan,-7.6551,111.3288
2021-10-22,32.1,23.6,26.6,1.8,1.8,5.63,22.8,24.4,91,48,Magetan,-7.6551,111.3288
2021-10-23,33.2,22.6,27.2,1.2,1.2,6.04,22.9,25.01,95,39,Magetan,-7.6551,111.3288
2021-10-24,33.3,23.9,27.2,3.4,3.4,5.68,18.2,23.74,86,42,Magetan,-7.6551,111.3288
2021-10-25,33.5,24.0,27.3,0.5,0.5,6.11,22.2,24.33,79,40,Magetan,-7.6551,111.3288
2021-10-26,32.8,23.6,26.4,6.1,6.1,5.51,17.9,23.67,91,42,Magetan,-7.6551,111.3288
2021-10-27,30.8,23.3,25.5,20.1,20.1,4.11,16.0,18.45,91,55,Magetan,-7.6551,111.3288
2021-10-28,30.5,23.5,25.7,5.6,5.6,4.65,17.6,22.05,91,55,Magetan,-7.6551,111.3288
2021-10-29,29.6,23.2,25.9,0.9,0.9,4.78,19.5,22.4,90,62,Magetan,-7.6551,111.3288
2021-10-30,30.5,22.9,25.6,12.6,12.6,4.63,20.2,21.3,95,61,Magetan,-7.6551,111.3288
2021-10-31,29.8,22.6,25.1,2.9,2.9,4.08,11.5,19.97,97,64,Magetan,-7.6551,111.3288
2021-11-01,29.0,21.5,24.7,6.8,6.8,3.94,11.1,19.84,98,67,Magetan,-7.6551,111.3288
2021-11-02,29.2,22.6,24.9,27.3,27.3,3.73,17.4,17.97,95,66,Magetan,-7.6551,111.3288
2021-11-03,29.9,22.7,25.4,12.1,12.1,4.7,12.2,22.92,92,64,Magetan,-7.6551,111.3288
2021-11-04,30.1,23.4,25.8,2.0,2.0,4.86,18.7,23.15,88,56,Magetan,-7.6551,111.3288
2021-11-05,28.9,22.4,24.8,7.3,7.3,3.66,16.0,18.45,94,63,Magetan,-7.6551,111.3288
2021-11-06,29.7,22.3,25.2,5.4,5.4,4.44,11.4,22.38,94,64,Magetan,-7.6551,111.3288
2021-11-07,30.8,22.7,25.5,2.4,2.4,4.74,16.6,23.61,99,56,Magetan,-7.6551,111.3288
2021-11-08,29.5,22.5,25.2,4.0,4.0,4.02,11.2,19.77,99,64,Magetan,-7.6551,111.3288
2021-11-09,29.6,23.0,25.5,13.0,13.0,4.47,12.0,22.01,99,64,Magetan,-7.6551,111.3288
2021-11-10,28.2,22.6,25.1,4.5,4.5,3.59,20.2,16.88,99,68,Magetan,-7.6551,111.3288
2021-11-11,26.7,23.1,24.5,4.6,4.6,2.71,14.8,12.97,90,75,Magetan,-7.6551,111.3288
2021-11-12,28.5,22.9,24.6,15.4,15.4,2.74,14.2,12.79,92,72,Magetan,-7.6551,111.3288
2021-11-13,28.7,22.5,24.5,18.9,18.9,3.57,15.2,18.03,96,70,Magetan,-7.6551,111.3288
2021-11-14,27.9,22.4,24.2,33.0,33.0,2.77,9.4,13.86,99,76,Magetan,-7.6551,111.3288
2021-11-15,26.5,22.4,23.9,24.0,24.0,2.52,8.3,12.49,98,78,Magetan,-7.6551,111.3288
2021-11-16,27.6,22.2,24.3,16.2,16.2,3.41,8.5,17.14,97,71,Magetan,-7.6551,111.3288
2021-11-17,28.1,22.6,24.5,17.0,17.0,3.64,14.1,18.39,94,73,Magetan,-7.6551,111.3288
2021-11-18,29.2,22.5,24.8,4.6,4.6,3.88,9.2,19.32,97,63,Magetan,-7.6551,111.3288
2021-11-19,29.1,22.0,24.5,7.5,7.5,4.32,15.8,21.64,99,62,Magetan,-7.6551,111.3288
2021-11-20,27.0,21.9,23.9,45.3,45.3,2.08,10.5,10.36,99,77,Magetan,-7.6551,111.3288
2021-11-21,28.5,22.0,24.9,2.3,2.3,3.92,8.4,20.22,99,72,Magetan,-7.6551,111.3288
2021-11-22,28.5,22.5,25.0,22.1,22.1,3.31,10.5,16.68,96,72,Magetan,-7.6551,111.3288
2021-11-23,27.0,22.4,23.9,31.7,31.7,2.34,7.6,11.65,98,78,Magetan,-7.6551,111.3288
2021-11-24,27.5,22.3,24.3,18.4,18.4,2.42,11.2,12.19,99,78,Magetan,-7.6551,111.3288
2021-11-25,29.5,22.0,25.0,10.9,10.9,3.81,11.4,18.89,97,64,Magetan,-7.6551,111.3288
2021-11-26,28.8,22.3,24.7,7.6,7.6,3.08,16.5,14.93,93,70,Magetan,-7.6551,111.3288
2021-11-27,28.1,22.2,24.5,20.7,20.7,2.95,14.1,14.57,98,70,Magetan,-7.6551,111.3288
2021-11-28,25.0,21.9,23.5,15.7,15.7,1.3,10.9,5.66,98,80,Magetan,-7.6551,111.3288
2021-11-29,29.0,21.5,24.6,7.2,7.2,4.49,16.9,21.57,94,60,Magetan,-7.6551,111.3288
2021-11-30,29.0,22.2,24.8,9.3,9.3,4.08,12.8,20.12,90,68,Magetan,-7.6551,111.3288
2021-12-01,26.4,21.5,24.0,25.8,25.8,2.54,7.4,12.62,98,83,Magetan,-7.6551,111.3288
2021-12-02,29.6,22.0,25.5,9.3,9.3,4.27,8.8,21.12,99,63,Magetan,-7.6551,111.3288
2021-12-03,27.2,22.5,24.4,13.1,13.1,2.76,11.4,14.21,97,76,Magetan,-7.6551,111.3288
2021-12-04,25.9,22.4,23.5,45.9,45.9,2.31,13.1,12.12,100,82,Magetan,-7.6551,111.3288
2021-12-05,24.6,21.7,23.0,24.5,24.5,1.86,12.4,10.04,100,83,Magetan,-7.6551,111.3288
2021-12-06,26.9,22.6,24.2,34.5,34.5,2.35,10.2,11.52,98,77,Magetan,-7.6551,111.3288
2021-12-07,27.6,22.2,24.3,34.7,34.7,2.84,11.3,14.47,99,79,Magetan,-7.6551,111.3288
2021-12-08,28.5,22.5,24.8,21.5,21.5,3.7,10.2,18.63,98,78,Magetan,-7.6551,111.3288
2021-12-09,29.4,21.9,24.8,3.3,3.3,3.76,8.5,19.03,98,69,Magetan,-7.6551,111.3288
2021-12-10,27.8,22.0,24.6,11.8,11.8,3.43,8.3,17.36,99,73,Magetan,-7.6551,111.3288
2021-12-11,28.5,22.5,24.7,9.0,9.0,3.54,8.2,17.74,99,76,Magetan,-7.6551,111.3288
2021-12-12,30.3,22.5,25.5,2.9,2.9,4.58,9.7,22.16,98,55,Magetan,-7.6551,111.3288
2021-12-13,30.4,22.7,26.1,0.0,0.0,5.08,11.4,24.19,98,57,Magetan,-7.6551,111.3288
2021-12-14,28.5,22.6,25.4,2.8,2.8,4.12,14.1,20.39,87,67,Magetan,-7.6551,111.3288
2021-12-15,28.2,23.4,25.0,7.6,7.6,3.08,12.7,14.88,93,70,Magetan,-7.6551,111.3288
2021-12-16,27.6,23.0,24.6,22.9,22.9,3.12,9.0,15.72,98,79,Magetan,-7.6551,111.3288
2021-12-17,29.5,22.4,24.7,22.2,22.2,3.95,9.7,20.08,99,68,Magetan,-7.6551,111.3288
2021-12-18,28.5,22.1,25.1,3.1,3.1,3.65,11.2,18.27,98,74,Magetan,-7.6551,111.3288
2021-12-19,29.6,23.1,25.7,10.4,10.4,4.36,17.0,21.11,99,64,Magetan,-7.6551,111.3288
2021-12-20,27.1,22.5,24.0,8.4,8.4,2.28,12.4,10.94,98,71,Magetan,-7.6551,111.3288
2021-12-21,26.8,22.5,24.1,5.1,5.1,2.47,15.5,12.83,96,81,Magetan,-7.6551,111.3288
2021-12-22,29.6,22.5,25.6,0.6,0.6,4.68,14.5,23.68,93,63,Magetan,-7.6551,111.3288
2021-12-23,29.2,22.4,24.6,7.3,7.3,4.16,10.9,21.18,98,70,Magetan,-7.6551,111.3288
2021-12-24,27.4,22.2,24.3,23.6,23.6,2.97,12.0,14.99,99,78,Magetan,-7.6551,111.3288
2021-12-25,27.6,22.1,24.2,29.3,29.3,3.33,10.0,17.27,99,73,Magetan,-7.6551,111.3288
2021-12-26,28.0,22.1,24.9,16.7,16.7,3.24,6.1,15.96,95,74,Magetan,-7.6551,111.3288
2021-12-27,28.0,22.2,24.4,18.0,18.0,3.16,10.4,15.71,97,74,Magetan,-7.6551,111.3288
2021-12-28,28.5,22.0,24.6,16.3,16.3,4.12,9.2,21.04,98,72,Magetan,-7.6551,111.3288
2021-12-29,28.9,22.0,25.0,1.2,1.2,3.43,6.4,16.99,100,63,Magetan,-7.6551,111.3288
2021-12-30,27.0,23.0,24.3,31.2,31.2,2.94,6.5,14.8,98,77,Magetan,-7.6551,111.3288
2021-12-31,27.0,21.5,23.9,55.8,55.8,3.08,12.0,16.16,100,75,Magetan,-7.6551,111.3288
2022-01-01,27.2,21.9,24.0,66.6,66.6,3.63,11.3,19.07,96,73,Magetan,-7.6551,111.3288
2022-01-02,27.4,22.5,24.5,11.4,11.4,3.73,8.5,19.09,96,71,Magetan,-7.6551,111.3288
2022-01-03,29.8,22.0,25.4,0.0,0.0,4.83,14.1,22.14,95,52,Magetan,-7.6551,111.3288
2022-01-04,28.5,22.3,25.2,1.4,1.4,5.0,13.0,23.4,87,60,Magetan,-7.6551,111.3288
2022-01-05,28.7,21.5,25.1,2.1,2.1,4.66,9.1,23.18,95,59,Magetan,-7.6551,111.3288
2022-01-06,28.0,21.5,24.5,8.3,8.3,4.43,11.6,22.87,92,69,Magetan,-7.6551,111.3288
2022-01-07,29.9,21.6,25.2,0.0,0.0,4.48,9.4,21.82,90,53,Magetan,-7.6551,111.3288
2022-01-08,27.5,22.0,24.4,35.5,35.5,3.87,10.3,19.93,94,76,Magetan,-7.6551,111.3288
2022-01-09,27.3,21.5,23.8,45.0,45.0,2.94,8.4,15.27,98,79,Magetan,-7.6551,111.3288
2022-01-10,26.6,21.5,23.9,22.2,22.2,3.39,12.0,17.94,97,78,Magetan,-7.6551,111.3288
2022-01-11,26.8,21.5,23.2,103.1,103.1,2.9,9.3,15.35,100,76,Magetan,-7.6551,111.3288
2022-01-12,25.8,21.6,23.3,7.0,7.0,1.79,10.6,8.68,100,76,Magetan,-7.6551,111.3288
2022-01-13,26.2,22.0,23.5,59.3,59.3,2.64,8.3,13.15,100,77,Magetan,-7.6551,111.3288
2022-01-14,27.5,21.4,24.2,36.3,36.3,3.68,8.0,18.86,99,78,Magetan,-7.6551,111.3288
2022-01-15,27.5,22.0,24.0,36.2,36.2,3.33,12.3,17.24,98,70,Magetan,-7.6551,111.3288
2022-01-16,26.6,21.4,23.6,39.8,39.8,2.98,9.6,15.58,100,77,Magetan,-7.6551,111.3288
2022-01-17,26.9,21.6,23.8,27.5,27.5,3.11,12.0,16.29,100,79,Magetan,-7.6551,111.3288
2022-01-18,26.5,21.6,23.3,41.2,41.2,3.05,10.0,16.15,98,82,Magetan,-7.6551,111.3288
2022-01-19,26.8,20.6,22.9,50.4,50.4,3.3,12.2,17.73,100,75,Magetan,-7.6551,111.3288
2022-01-20,25.0,20.8,22.0,65.7,65.7,1.64,14.0,8.71,100,87,Magetan,-7.6551,111.3288
2022-01-21,26.8,21.7,23.5,59.0,59.0,3.29,10.0,17.39,96,75,Magetan,-7.6551,111.3288
2022-01-22,25.8,21.5,23.3,76.1,76.1,2.48,8.2,13.08,99,81,Magetan,-7.6551,111.3288
2022-01-23,27.2,22.2,24.4,61.6,61.6,3.03,9.2,15.39,100,76,Magetan,-7.6551,111.3288
2022-01-24,29.3,22.7,25.4,10.9,10.9,4.75,13.7,24.33,100,66,Magetan,-7.6551,111.3288
2022-01-25,28.8,21.4,24.6,40.8,40.8,4.52,13.9,23.64,98,68,Magetan,-7.6551,111.3288
2022-01-26,27.8,21.8,24.5,47.1,47.1,4.08,8.6,21.0,99,79,Magetan,-7.6551,111.3288
2022-01-27,27.2,21.5,23.8,69.8,69.8,3.2,11.8,16.64,98,72,Magetan,-7.6551,111.3288
2022-01-28,26.4,22.4,23.8,83.6,83.6,2.48,10.4,12.61,97,77,Magetan,-7.6551,111.3288
2022-01-29,26.8,21.9,23.8,49.0,49.0,3.08,6.5,15.74,98,79,Magetan,-7.6551,111.3288
2022-01-30,27.3,22.5,24.4,23.7,23.7,3.35,8.7,17.08,96,77,Magetan,-7.6551,111.3288
2022-01-31,27.1,22.1,24.2,35.9,35.9,3.75,12.7,19.84,98,76,Magetan,-7.6551,111.3288
2022-02-01,27.8,22.2,24.0,55.6,55.6,3.21,10.0,16.5,98,77,Magetan,-7.6551,111.3288
2022-02-02,28.6,21.9,24.1,32.5,32.5,3.43,14.8,17.85,100,69,Magetan,-7.6551,111.3288
2022-02-03,28.2,22.0,24.6,34.7,34.7,4.09,8.2,20.98,98,78,Magetan,-7.6551,111.3288
2022-02-04,27.1,22.1,24.0,23.5,23.5,2.7,7.3,13.72,98,76,Magetan,-7.6551,111.3288
2022-02-05,25.5,22.0,23.4,61.6,61.6,2.38,10.3,12.42,99,81,Magetan,-7.6551,111.3288
2022-02-06,27.1,21.5,23.9,32.9,32.9,2.95,12.0,15.46,97,78,Magetan,-7.6551,111.3288
2022-02-07,27.0,22.5,24.3,0.5,0.5,2.77,23.7,13.65,99,74,Magetan,-7.6551,111.3288
2022-02-08,27.8,22.1,24.4,2.7,2.7,3.26,16.9,16.82,96,71,Magetan,-7.6551,111.3288
2022-02-09,26.5,22.0,23.7,71.5,71.5,2.58,6.9,13.24,99,81,Magetan,-7.6551,111.3288
2022-02-10,27.5,21.6,23.7,29.8,29.8,3.07,10.2,16.11,100,78,Magetan,-7.6551,111.3288
2022-02-11,27.0,22.1,24.2,16.5,16.5,2.91,10.5,14.77,100,76,Magetan,-7.6551,111.3288
2022-02-12,26.7,21.9,23.8,32.0,32.0,2.32,6.9,11.74,99,81,Magetan,-7.6551,111.3288
2022-02-13,28.0,21.7,23.6,18.4,18.4,2.79,11.6,13.88,100,73,Magetan,-7.6551,111.3288
2022-02-14,26.9,22.4,24.2,4.8,4.8,2.48,15.5,10.85,95,72,Magetan,-7.6551,111.3288
2022-02-15,25.6,23.1,24.0,17.0,17.0,1.68,18.7,6.91,94,80,Magetan,-7.6551,111.3288
2022-02-16,28.5,22.7,24.7,12.3,12.3,4.6,16.4,23.21,96,70,Magetan,-7.6551,111.3288
2022-02-17,26.5,21.8,23.6,15.7,15.7,2.96,10.8,15.62,96,80,Magetan,-7.6551,111.3288
2022-02-18,25.2,21.9,23.1,9.6,9.6,2.06,12.0,10.93,98,84,Magetan,-7.6551,111.3288
2022-02-19,28.1,22.4,24.4,65.8,65.8,4.22,8.5,21.85,95,75,Magetan,-7.6551,111.3288
2022-02-20,27.1,21.9,24.0,18.7,18.7,2.57,9.7,13.0,98,80,Magetan,-7.6551,111.3288
2022-02-21,28.4,21.9,24.3,10.7,10.7,3.26,13.1,16.33,95,68,Magetan,-7.6551,111.3288
2022-02-22,27.6,22.0,24.3,10.5,10.5,3.13,12.1,15.49,93,71,Magetan,-7.6551,111.3288
2022-02-23,29.0,20.9,25.0,2.7,2.7,4.76,7.2,24.08,98,67,Magetan,-7.6551,111.3288
2022-02-24,28.2,21.5,24.2,10.7,10.7,4.19,9.0,21.75,98,70,Magetan,-7.6551,111.3288
2022-02-25,27.0,21.5,23.6,62.3,62.3,3.37,10.1,17.74,99,77,Magetan,-7.6551,111.3288
2022-02-26,26.8,22.0,23.5,59.3,59.3,3.08,8.7,16.14,99,81,Magetan,-7.6551,111.3288
2022-02-27,28.5,22.1,24.1,21.0,21.0,3.51,14.9,18.38,99,73,Magetan,-7.6551,111.3288
2022-02-28,28.0,22.2,24.3,8.9,8.9,3.48,19.0,17.89,99,71,Magetan,-7.6551,111.3288
2022-03-01,28.4,21.8,24.1,8.4,8.4,3.82,11.9,19.61,99,68,Magetan,-7.6551,111.3288
2022-03-02,27.5,21.4,23.6,54.8,54.8,3.41,17.1,18.22,99,73,Magetan,-7.6551,111.3288
2022-03-03,27.5,21.5,23.6,93.5,93.5,3.23,11.7,17.15,98,75,Magetan,-7.6551,111.3288
2022-03-04,27.1,22.1,24.4,53.5,53.5,3.68,8.9,19.11,96,78,Magetan,-7.6551,111.3288
2022-03-05,28.9,22.0,24.8,1.5,1.5,3.49,11.7,17.31,90,68,Magetan,-7.6551,111.3288
2022-03-06,29.0,23.0,25.2,1.4,1.4,3.8,16.3,18.54,92,66,Magetan,-7.6551,111.3288
2022-03-07,29.0,22.5,24.5,13.7,13.7,3.61,15.1,18.18,98,68,Magetan,-7.6551,111.3288
2022-03-08,27.9,22.0,24.4,6.5,6.5,3.02,11.8,15.18,98,75,Magetan,-7.6551,111.3288
2022-03-09,28.5,22.4,24.3,14.6,14.6,3.56,8.9,18.08,98,74,Magetan,-7.6551,111.3288
2022-03-10,27.7,22.2,24.1,32.3,32.3,3.13,10.0,15.49,98,75,Magetan,-7.6551,111.3288
2022-03-11,28.5,22.4,24.3,32.1,32.1,3.8,14.9,19.8,100,72,Magetan,-7.6551,111.3288
2022-03-12,27.2,22.0,24.0,38.2,38.2,2.75,19.5,14.61,96,80,Magetan,-7.6551,111.3288
2022-03-13,28.4,22.0,24.7,16.1,16.1,4.01,8.5,20.52,97,76,Magetan,-7.6551,111.3288
2022-03-14,28.7,22.7,25.0,13.8,13.8,3.51,18.2,17.64,98,70,Magetan,-7.6551,111.3288
2022-03-15,28.4,22.4,24.3,9.4,9.4,3.35,9.2,16.97,98,72,Magetan,-7.6551,111.3288
2022-03-16,28.0,22.5,24.6,10.2,10.2,3.47,9.5,17.58,97,70,Magetan,-7.6551,111.3288
2022-03-17,29.2,22.3,25.5,1.5,1.5,4.59,10.9,23.3,93,70,Magetan,-7.6551,111.3288
2022-03-18,29.2,22.7,25.1,4.5,4.5,4.23,9.4,21.51,98,67,Magetan,-7.6551,111.3288
2022-03-19,28.4,22.0,24.6,3.5,3.5,3.5,17.1,17.71,98,73,Magetan,-7.6551,111.3288
2022-03-20,27.7,23.1,24.5,80.3,80.3,3.06,10.8,15.48,96,74,Magetan,-7.6551,111.3288
2022-03-21,27.1,21.6,23.9,33.1,33.1,2.88,10.3,15.01,98,76,Magetan,-7.6551,111.3288
2022-03-22,26.9,22.6,24.4,9.7,9.7,2.93,20.6,15.73,95,78,Magetan,-7.6551,111.3288
2022-03-23,29.2,22.1,24.6,6.1,6.1,3.9,13.0,20.17,99,70,Magetan,-7.6551,111.3288
2022-03-24,29.6,22.0,24.8,0.8,0.8,4.12,12.2,20.67,100,63,Magetan,-7.6551,111.3288
2022-03-25,28.0,22.4,24.8,5.4,5.4,3.58,6.4,18.06,96,70,Magetan,-7.6551,111.3288
2022-03-26,28.5,22.5,24.8,39.4,39.4,4.07,8.8,20.72,100,74,Magetan,-7.6551,111.3288
2022-03-27,26.8,22.2,23.9,36.6,36.6,2.57,8.1,13.04,99,83,Magetan,-7.6551,111.3288
2022-03-28,29.4,22.1,24.6,3.5,3.5,3.92,11.9,19.85,95,66,Magetan,-7.6551,111.3288
2022-03-29,28.9,22.1,24.7,15.0,15.0,4.22,9.8,21.63,95,69,Magetan,-7.6551,111.3288
2022-03-30,28.3,22.6,24.9,23.3,23.3,4.26,7.3,21.79,93,74,Magetan,-7.6551,111.3288
2022-03-31,29.0,21.9,24.7,10.4,10.4,3.74,15.5,18.93,95,69,Magetan,-7.6551,111.3288
2022-04-01,27.5,22.1,24.6,21.7,21.7,3.58,7.0,18.27,93,76,Magetan,-7.6551,111.3288
2022-04-02,27.2,22.4,24.5,3.5,3.5,3.35,10.8,16.92,93,73,Magetan,-7.6551,111.3288
2022-04-03,28.5,22.6,24.6,26.5,26.5,4.2,12.3,21.55,99,69,Magetan,-7.6551,111.3288
2022-04-04,28.5,22.0,24.8,1.9,1.9,3.93,14.4,19.95,93,71,Magetan,-7.6551,111.3288
2022-04-05,28.5,22.5,24.9,1.8,1.8,4.47,12.6,22.86,89,66,Magetan,-7.6551,111.3288
2022-04-06,28.3,22.1,25.1,0.9,0.9,4.56,20.8,22.51,84,70,Magetan,-7.6551,111.3288
2022-04-07,28.1,23.5,25.3,1.3,1.3,4.37,23.2,20.42,82,70,Magetan,-7.6551,111.3288
2022-04-08,29.1,24.0,25.7,1.7,1.7,4.75,17.9,22.13,82,66,Magetan,-7.6551,111.3288
2022-04-09,29.4,23.0,25.3,1.2,1.2,4.35,15.2,21.78,92,64,Magetan,-7.6551,111.3288
2022-04-10,28.9,22.8,24.9,1.8,1.8,4.26,10.4,21.83,94,67,Magetan,-7.6551,111.3288
2022-04-11,29.0,23.2,25.7,0.9,0.9,4.96,15.3,23.61,83,67,Magetan,-7.6551,111.3288
2022-04-12,29.0,23.1,25.7,0.3,0.3,5.02,13.2,23.65,83,60,Magetan,-7.6551,111.3288
2022-04-13,28.9,22.8,25.5,0.5,0.5,4.85,16.2,23.19,90,59,Magetan,-7.6551,111.3288
2022-04-14,28.7,22.8,25.2,2.3,2.3,4.55,10.0,23.0,87,64,Magetan,-7.6551,111.3288
2022-04-15,29.9,22.6,26.0,0.0,0.0,5.24,17.3,24.51,81,52,Magetan,-7.6551,111.3288
2022-04-16,29.9,22.6,25.8,0.7,0.7,4.75,14.1,23.52,87,60,Magetan,-7.6551,111.3288
2022-04-17,29.6,23.5,25.7,6.8,6.8,4.44,10.6,22.06,93,64,Magetan,-7.6551,111.3288
2022-04-18,29.6,23.0,25.4,6.0,6.0,3.8,12.8,19.71,99,68,Magetan,-7.6551,111.3288
2022-04-19,28.0,22.2,24.4,49.4,49.4,2.66,9.2,13.23,99,78,Magetan,-7.6551,111.3288
2022-04-20,27.1,22.0,24.0,21.6,21.6,2.88,9.2,14.59,100,78,Magetan,-7.6551,111.3288
2022-04-21,26.4,22.0,23.7,7.4,7.4,2.4,11.6,12.83,97,82,Magetan,-7.6551,111.3288
2022-04-22,28.7,22.5,25.2,11.4,11.4,4.29,9.7,22.06,90,69,Magetan,-7.6551,111.3288
2022-04-23,28.9,22.5,25.5,5.6,5.6,4.31,12.7,21.92,92,71,Magetan,-7.6551,111.3288
2022-04-24,28.4,22.5,24.7,10.0,10.0,3.7,8.4,19.03,97,71,Magetan,-7.6551,111.3288
2022-04-25,29.0,23.1,25.2,6.9,6.9,3.86,18.6,19.58,92,68,Magetan,-7.6551,111.3288
2022-04-26,26.8,22.9,24.4,6.2,6.2,2.69,14.0,14.27,95,79,Magetan,-7.6551,111.3288
2022-04-27,28.5,22.6,24.5,5.1,5.1,3.26,16.1,17.53,100,76,Magetan,-7.6551,111.3288
2022-04-28,28.8,21.8,24.6,9.3,9.3,3.14,12.5,16.17,100,73,Magetan,-7.6551,111.3288
2022-04-29,27.7,22.5,24.4,46.4,46.4,3.13,9.0,16.19,96,82,Magetan,-7.6551,111.3288
2022-04-30,28.2,22.7,24.6,9.1,9.1,3.44,12.8,18.4,96,73,Magetan,-7.6551,111.3288
2022-05-01,28.5,22.9,25.0,1.3,1.3,3.42,13.7,17.04,96,73,Magetan,-7.6551,111.3288
2022-05-02,29.0,23.9,25.9,1.9,1.9,4.32,19.2,20.45,88,68,Magetan,-7.6551,111.3288
2022-05-03,29.7,24.0,26.2,0.4,0.4,4.88,19.5,22.27,82,61,Magetan,-7.6551,111.3288
2022-05-04,29.0,23.6,25.6,3.2,3.2,4.22,20.1,20.11,95,65,Magetan,-7.6551,111.3288
2022-05-05,28.8,22.9,25.5,1.1,1.1,4.34,14.7,21.33,87,68,Magetan,-7.6551,111.3288
2022-05-06,28.9,23.5,25.5,2.5,2.5,3.92,15.6,19.73,89,70,Magetan,-7.6551,111.3288
2022-05-07,29.3,23.5,25.6,2.0,2.0,3.96,9.5,19.93,94,68,Magetan,-7.6551,111.3288
2022-05-08,27.9,23.0,24.8,14.2,14.2,3.24,9.0,16.72,98,74,Magetan,-7.6551,111.3288
2022-05-09,28.0,22.2,24.9,12.2,12.2,3.28,8.3,16.78,96,77,Magetan,-7.6551,111.3288
2022-05-10,28.2,23.2,24.9,5.9,5.9,3.15,11.5,15.98,97,77,Magetan,-7.6551,111.3288
2022-05-11,28.2,23.2,25.4,5.0,5.0,3.72,10.2,19.25,95,77,Magetan,-7.6551,111.3288
2022-05-12,28.0,23.0,24.8,20.6,20.6,3.12,6.9,15.93,100,78,Magetan,-7.6551,111.3288
2022-05-13,28.4,22.9,25.2,15.3,15.3,3.49,10.0,17.71,99,72,Magetan,-7.6551,111.3288
2022-05-14,28.2,22.9,24.9,10.4,10.4,3.07,7.6,15.59,96,83,Magetan,-7.6551,111.3288
2022-05-15,29.5,23.0,25.5,3.9,3.9,3.93,12.2,19.49,96,67,Magetan,-7.6551,111.3288
2022-05-16,29.5,24.2,26.3,0.0,0.0,4.34,13.1,20.78,87,65,Magetan,-7.6551,111.3288
2022-05-17,28.8,23.0,25.6,0.0,0.0,4.32,9.3,21.16,91,63,Magetan,-7.6551,111.3288
2022-05-18,28.5,23.3,25.1,2.3,2.3,3.47,11.6,17.86,93,69,Magetan,-7.6551,111.3288
2022-05-19,27.9,22.8,24.3,27.5,27.5,2.85,10.5,14.61,96,77,Magetan,-7.6551,111.3288
2022-05-20,27.6,22.5,24.3,15.2,15.2,3.22,10.2,16.64,94,74,Magetan,-7.6551,111.3288
2022-05-21,26.9,22.6,24.1,7.9,7.9,2.47,10.9,12.95,97,80,Magetan,-7.6551,111.3288
2022-05-22,27.8,22.4,24.3,5.9,5.9,3.35,11.1,17.56,94,73,Magetan,-7.6551,111.3288
2022-05-23,28.2,22.7,25.4,0.0,0.0,3.95,8.7,19.88,89,65,Magetan,-7.6551,111.3288
2022-05-24,28.4,22.8,25.4,0.8,0.8,4.02,10.4,20.31,91,70,Magetan,-7.6551,111.3288
2022-05-25,28.5,22.6,25.1,1.5,1.5,3.46,8.7,17.5,96,70,Magetan,-7.6551,111.3288
2022-05-26,25.3,22.0,23.2,21.7,21.7,1.67,7.9,8.46,99,83,Magetan,-7.6551,111.3288
2022-05-27,28.0,22.4,24.6,19.2,19.2,3.18,9.8,15.54,92,65,Magetan,-7.6551,111.3288
2022-05-28,28.9,22.5,25.4,1.0,1.0,3.93,12.9,19.75,98,68,Magetan,-7.6551,111.3288
2022-05-29,28.2,22.3,24.7,2.6,2.6,3.24,17.4,16.57,98,68,Magetan,-7.6551,111.3288
2022-05-30,28.5,22.6,25.1,0.0,0.0,3.89,17.9,19.88,91,67,Magetan,-7.6551,111.3288
2022-05-31,28.5,21.9,24.7,0.9,0.9,3.77,8.3,19.25,94,68,Magetan,-7.6551,111.3288
2022-06-01,26.6,22.5,24.0,26.9,26.9,2.26,8.2,11.48,94,80,Magetan,-7.6551,111.3288
2022-06-02,28.9,22.5,25.4,0.2,0.2,4.26,17.1,19.87,89,64,Magetan,-7.6551,111.3288
2022-06-03,28.4,23.5,25.4,1.1,1.1,4.1,16.3,19.09,84,66,Magetan,-7.6551,111.3288
2022-06-04,28.5,22.7,24.8,3.9,3.9,3.64,11.2,18.18,92,68,Magetan,-7.6551,111.3288
2022-06-05,27.9,22.3,24.4,9.9,9.9,3.15,14.8,16.35,96,72,Magetan,-7.6551,111.3288
2022-06-06,27.9,22.1,24.1,7.9,7.9,3.4,11.9,17.33,98,69,Magetan,-7.6551,111.3288
2022-06-07,28.9,21.8,25.1,0.2,0.2,3.77,9.2,18.9,95,64,Magetan,-7.6551,111.3288
2022-06-08,28.0,23.0,24.7,11.6,11.6,3.15,13.3,15.72,91,75,Magetan,-7.6551,111.3288
2022-06-09,28.8,22.9,25.3,0.5,0.5,3.99,12.7,19.35,92,61,Magetan,-7.6551,111.3288
2022-06-10,28.4,22.2,25.0,1.6,1.6,3.63,8.8,18.2,92,66,Magetan,-7.6551,111.3288
2022-06-11,28.5,22.7,24.9,15.7,15.7,3.57,10.0,18.13,94,68,Magetan,-7.6551,111.3288
2022-06-12,28.5,21.9,24.4,2.4,2.4,3.53,8.5,18.31,94,64,Magetan,-7.6551,111.3288
2022-06-13,28.1,22.1,24.3,9.1,9.1,3.31,8.0,16.94,94,64,Magetan,-7.6551,111.3288
2022-06-14,26.6,22.0,24.3,7.0,7.0,3.03,10.5,16.18,95,76,Magetan,-7.6551,111.3288
2022-06-15,27.1,22.5,24.4,1.6,1.6,3.01,12.7,16.02,90,75,Magetan,-7.6551,111.3288
2022-06-16,28.7,23.0,25.0,4.5,4.5,3.64,10.2,18.21,94,61,Magetan,-7.6551,111.3288
2022-06-17,28.1,22.4,24.5,0.8,0.8,3.15,10.7,15.95,93,65,Magetan,-7.6551,111.3288
2022-06-18,28.3,22.9,25.2,1.3,1.3,3.95,13.8,19.2,84,68,Magetan,-7.6551,111.3288
2022-06-19,28.5,23.1,25.0,1.5,1.5,3.9,17.7,17.84,89,64,Magetan,-7.6551,111.3288
2022-06-20,28.4,23.0,25.1,2.3,2.3,4.1,20.4,18.35,84,63,Magetan,-7.6551,111.3288
2022-06-21,28.9,23.2,25.3,0.2,0.2,4.55,20.2,19.43,82,58,Magetan,-7.6551,111.3288
2022-06-22,28.8,23.2,25.4,0.0,0.0,4.83,22.0,20.36,80,58,Magetan,-7.6551,111.3288
2022-06-23,28.6,23.3,24.8,2.2,2.2,4.1,22.5,18.23,84,60,Magetan,-7.6551,111.3288
2022-06-24,28.1,23.0,25.0,0.2,0.2,4.42,25.5,18.43,83,63,Magetan,-7.6551,111.3288
2022-06-25,28.0,23.0,24.9,4.9,4.9,3.94,23.2,16.68,85,63,Magetan,-7.6551,111.3288
2022-06-26,27.5,22.5,24.4,5.7,5.7,3.39,21.8,15.63,92,67,Magetan,-7.6551,111.3288
2022-06-27,27.5,22.6,24.6,0.6,0.6,4.12,28.1,17.9,88,70,Magetan,-7.6551,111.3288
2022-06-28,28.1,21.9,24.6,0.0,0.0,5.1,26.3,20.46,82,59,Magetan,-7.6551,111.3288
2022-06-29,28.6,22.5,24.8,0.0,0.0,5.47,24.5,20.64,74,55,Magetan,-7.6551,111.3288
2022-06-30,29.0,22.7,25.0,0.2,0.2,4.76,21.9,19.01,82,54,Magetan,-7.6551,111.3288
2022-07-01,27.7,22.5,24.6,2.2,2.2,4.19,25.1,17.85,85,64,Magetan,-7.6551,111.3288
2022-07-02,29.5,23.0,25.4,1.7,1.7,4.53,24.2,19.41,85,58,Magetan,-7.6551,111.3288
2022-07-03,28.6,23.5,25.2,1.4,1.4,3.25,11.0,15.67,89,67,Magetan,-7.6551,111.3288
2022-07-04,28.3,22.5,25.5,3.1,3.1,3.27,12.7,16.29,87,71,Magetan,-7.6551,111.3288
2022-07-05,30.0,22.8,25.3,4.2,4.2,3.44,9.3,17.18,96,61,Magetan,-7.6551,111.3288
2022-07-06,28.6,22.0,24.7,4.4,4.4,3.84,20.9,18.15,93,66,Magetan,-7.6551,111.3288
2022-07-07,29.0,22.2,24.8,0.0,0.0,4.93,24.0,21.05,82,56,Magetan,-7.6551,111.3288
2022-07-08,27.9,21.4,24.0,0.0,0.0,4.96,26.1,20.02,83,55,Magetan,-7.6551,111.3288
2022-07-09,29.0,21.3,24.2,0.0,0.0,5.22,21.6,21.1,80,46,Magetan,-7.6551,111.3288
2022-07-10,29.4,21.6,24.7,0.0,0.0,4.48,20.7,18.56,83,54,Magetan,-7.6551,111.3288
2022-07-11,29.6,22.8,25.4,1.8,1.8,4.66,24.2,19.52,80,54,Magetan,-7.6551,111.3288
2022-07-12,30.5,23.1,25.6,0.4,0.4,4.5,19.7,19.72,86,54,Magetan,-7.6551,111.3288
2022-07-13,29.6,22.4,24.9,8.0,8.0,3.88,13.8,18.57,95,56,Magetan,-7.6551,111.3288
2022-07-14,29.0,22.0,24.4,8.6,8.6,3.58,10.1,18.01,92,60,Magetan,-7.6551,111.3288
2022-07-15,28.5,22.6,24.8,2.2,2.2,3.81,18.4,18.16,90,67,Magetan,-7.6551,111.3288
2022-07-16,28.9,22.9,24.9,0.7,0.7,4.25,21.4,19.42,84,60,Magetan,-7.6551,111.3288
2022-07-17,28.2,22.5,24.5,1.3,1.3,3.42,26.4,14.65,89,61,Magetan,-7.6551,111.3288
2022-07-18,29.5,22.9,25.2,1.0,1.0,4.49,21.8,19.4,86,59,Magetan,-7.6551,111.3288
2022-07-19,29.6,23.0,25.3,0.0,0.0,4.96,22.1,20.83,83,54,Magetan,-7.6551,111.3288
2022-07-20,30.2,22.1,25.4,0.0,0.0,4.85,17.6,21.48,82,47,Magetan,-7.6551,111.3288
2022-07-21,29.1,22.2,24.9,0.0,0.0,4.99,25.7,20.7,84,56,Magetan,-7.6551,111.3288
2022-07-22,29.2,22.5,25.0,4.2,4.2,4.52,25.8,19.11,83,57,Magetan,-7.6551,111.3288
2022-07-23,29.4,22.5,24.9,1.2,1.2,4.42,23.9,18.4,83,56,Magetan,-7.6551,111.3288
2022-07-24,28.5,21.0,24.0,0.0,0.0,5.59,28.5,21.79,84,51,Magetan,-7.6551,111.3288
2022-07-25,28.3,20.1,23.4,0.0,0.0,5.93,27.3,22.5,72,42,Magetan,-7.6551,111.3288
2022-07-26,29.8,21.0,24.7,0.0,0.0,5.43,19.8,22.13,77,43,Magetan,-7.6551,111.3288
2022-07-27,31.0,22.4,25.7,0.4,0.4,4.84,19.3,19.87,81,45,Magetan,-7.6551,111.3288
2022-07-28,31.3,23.1,26.0,0.1,0.1,5.03,19.6,21.32,80,42,Magetan,-7.6551,111.3288
2022-07-29,31.5,22.5,25.8,0.0,0.0,5.07,18.8,21.61,83,43,Magetan,-7.6551,111.3288
2022-07-30,31.5,22.2,25.4,0.0,0.0,5.13,19.1,22.11,84,40,Magetan,-7.6551,111.3288
2022-07-31,31.5,22.0,26.1,0.0,0.0,5.01,19.8,21.67,82,40,Magetan,-7.6551,111.3288
2022-08-01,31.8,21.6,26.2,0.0,0.0,4.87,12.7,21.92,82,38,Magetan,-7.6551,111.3288
2022-08-02,31.9,23.1,25.9,4.4,4.4,4.88,16.9,20.83,89,45,Magetan,-7.6551,111.3288
2022-08-03,32.2,23.3,26.1,1.9,1.9,4.7,20.5,20.92,87,47,Magetan,-7.6551,111.3288
2022-08-04,30.6,22.2,25.6,0.0,0.0,6.39,26.0,23.11,84,39,Magetan,-7.6551,111.3288
2022-08-05,31.3,21.9,25.5,0.0,0.0,6.55,24.3,23.28,73,36,Magetan,-7.6551,111.3288
2022-08-06,30.5,21.4,25.3,0.4,0.4,5.46,24.3,21.31,79,46,Magetan,-7.6551,111.3288
2022-08-07,29.5,22.1,25.2,1.7,1.7,5.09,25.8,20.22,85,53,Magetan,-7.6551,111.3288
2022-08-08,30.2,22.8,25.4,0.0,0.0,5.64,26.5,21.62,78,48,Magetan,-7.6551,111.3288
2022-08-09,30.7,22.5,25.4,0.3,0.3,5.68,26.8,22.21,81,47,Magetan,-7.6551,111.3288
2022-08-10,31.3,22.5,25.8,1.0,1.0,5.22,22.7,21.28,84,48,Magetan,-7.6551,111.3288
2022-08-11,30.6,23.0,25.9,1.9,1.9,4.72,20.1,19.51,86,52,Magetan,-7.6551,111.3288
2022-08-12,32.2,23.6,26.2,6.1,6.1,4.53,17.4,19.95,89,46,Magetan,-7.6551,111.3288
2022-08-13,30.4,22.4,24.8,10.7,10.7,3.54,9.8,17.39,95,55,Magetan,-7.6551,111.3288
2022-08-14,29.5,21.5,24.0,22.1,22.1,3.71,12.5,18.68,97,60,Magetan,-7.6551,111.3288
2022-08-15,29.1,21.8,24.6,6.8,6.8,4.04,10.5,20.32,95,61,Magetan,-7.6551,111.3288
2022-08-16,29.2,21.8,25.1,1.6,1.6,4.65,21.3,21.86,91,61,Magetan,-7.6551,111.3288
2022-08-17,29.1,22.3,24.7,0.1,0.1,5.13,24.3,22.08,84,57,Magetan,-7.6551,111.3288
2022-08-18,28.6,22.0,24.6,0.3,0.3,4.81,25.5,21.01,85,59,Magetan,-7.6551,111.3288
2022-08-19,29.4,22.7,24.8,1.1,1.1,5.0,25.7,21.74,86,57,Magetan,-7.6551,111.3288
2022-08-20,29.1,21.5,24.5,0.0,0.0,5.26,29.3,21.17,81,55,Magetan,-7.6551,111.3288
2022-08-21,28.9,22.1,24.8,0.5,0.5,4.92,22.5,20.4,81,58,Magetan,-7.6551,111.3288
2022-08-22,29.5,22.1,25.0,0.4,0.4,5.44,26.6,22.3,81,53,Magetan,-7.6551,111.3288
2022-08-23,28.8,22.1,24.8,0.0,0.0,5.35,27.9,22.08,82,55,Magetan,-7.6551,111.3288
2022-08-24,30.5,21.6,24.8,0.0,0.0,5.61,25.2,22.39,79,40,Magetan,-7.6551,111.3288
2022-08-25,29.5,21.5,24.7,0.0,0.0,5.28,25.4,21.72,83,51,Magetan,-7.6551,111.3288
2022-08-26,30.6,22.3,25.3,0.3,0.3,5.46,25.7,22.1,82,50,Magetan,-7.6551,111.3288
2022-08-27,29.8,22.4,24.9,0.7,0.7,5.41,28.1,21.94,84,54,Magetan,-7.6551,111.3288
2022-08-28,29.4,21.7,24.7,0.0,0.0,5.86,27.9,22.19,81,48,Magetan,-7.6551,111.3288
2022-08-29,30.6,21.7,25.2,0.0,0.0,5.82,25.5,22.46,78,47,Magetan,-7.6551,111.3288
2022-08-30,30.5,22.4,25.5,0.4,0.4,5.54,25.4,22.29,81,50,Magetan,-7.6551,111.3288
2022-08-31,30.5,22.8,25.3,3.8,3.8,4.59,14.5,20.79,89,53,Magetan,-7.6551,111.3288
2022-09-01,30.8,22.5,25.8,2.0,2.0,5.1,17.7,22.4,85,50,Magetan,-7.6551,111.3288
2022-09-02,31.8,22.5,26.4,0.0,0.0,5.64,19.6,23.3,85,46,Magetan,-7.6551,111.3288
2022-09-03,30.9,22.4,25.7,0.0,0.0,5.99,24.0,24.01,84,45,Magetan,-7.6551,111.3288
2022-09-04,31.2,22.7,26.1,0.2,0.2,5.79,23.3,23.09,82,46,Magetan,-7.6551,111.3288
2022-09-05,32.5,22.9,26.7,0.3,0.3,5.31,14.1,22.04,81,40,Magetan,-7.6551,111.3288
2022-09-06,31.9,23.1,26.3,1.2,1.2,5.23,19.2,22.75,85,44,Magetan,-7.6551,111.3288
2022-09-07,31.6,23.0,25.9,2.0,2.0,5.18,21.4,21.69,81,44,Magetan,-7.6551,111.3288
2022-09-08,31.5,22.6,25.3,7.8,7.8,4.38,14.2,19.73,96,44,Magetan,-7.6551,111.3288
2022-09-09,29.0,22.6,24.4,15.9,15.9,3.42,12.4,16.39,94,61,Magetan,-7.6551,111.3288
2022-09-10,29.0,22.1,24.3,28.6,28.6,3.85,13.4,18.83,94,61,Magetan,-7.6551,111.3288
2022-09-11,28.5,22.4,24.6,1.5,1.5,4.12,17.7,20.7,91,69,Magetan,-7.6551,111.3288
2022-09-12,29.2,22.0,25.4,0.1,0.1,5.03,12.3,24.21,86,55,Magetan,-7.6551,111.3288
2022-09-13,30.1,22.7,25.5,0.5,0.5,5.55,22.3,23.72,81,52,Magetan,-7.6551,111.3288
2022-09-14,29.5,22.5,25.2,0.1,0.1,5.41,24.7,23.44,84,55,Magetan,-7.6551,111.3288
2022-09-15,29.0,22.2,24.9,1.7,1.7,5.2,27.7,23.26,86,57,Magetan,-7.6551,111.3288
2022-09-16,29.9,22.9,25.3,1.1,1.1,5.32,26.0,22.79,86,51,Magetan,-7.6551,111.3288
2022-09-17,30.7,22.8,25.8,0.0,0.0,6.02,24.3,24.57,76,43,Magetan,-7.6551,111.3288
2022-09-18,31.4,22.8,26.0,0.0,0.0,6.13,24.4,24.39,75,45,Magetan,-7.6551,111.3288
2022-09-19,31.0,22.6,25.7,0.0,0.0,6.1,27.6,24.21,77,44,Magetan,-7.6551,111.3288
2022-09-20,30.4,22.5,25.5,0.0,0.0,5.65,27.4,21.82,79,50,Magetan,-7.6551,111.3288
2022-09-21,30.3,22.9,25.7,1.4,1.4,5.16,24.5,20.76,83,48,Magetan,-7.6551,111.3288
2022-09-22,31.2,23.1,25.8,3.9,3.9,5.52,24.5,22.85,83,49,Magetan,-7.6551,111.3288
2022-09-23,32.0,23.1,26.1,2.6,2.6,5.51,23.0,23.23,83,45,Magetan,-7.6551,111.3288
2022-09-24,31.0,23.2,26.3,1.2,1.2,5.74,20.2,23.9,85,46,Magetan,-7.6551,111.3288
2022-09-25,30.9,22.9,26.0,0.7,0.7,6.06,27.1,24.41,85,46,Magetan,-7.6551,111.3288
2022-09-26,29.4,22.7,25.5,0.6,0.6,5.8,27.8,23.36,83,54,Magetan,-7.6551,111.3288
2022-09-27,31.3,22.5,25.9,0.0,0.0,6.39,25.3,23.98,77,43,Magetan,-7.6551,111.3288
2022-09-28,31.9,22.5,26.0,0.0,0.0,6.6,25.6,25.24,75,37,Magetan,-7.6551,111.3288
2022-09-29,33.2,22.6,26.5,0.0,0.0,6.0,24.1,24.69,82,35,Magetan,-7.6551,111.3288
2022-09-30,31.5,23.0,25.2,22.9,22.9,4.18,15.5,18.18,89,51,Magetan,-7.6551,111.3288
2022-10-01,29.8,23.4,25.1,11.3,11.3,4.11,15.5,19.41,93,64,Magetan,-7.6551,111.3288
2022-10-02,28.5,22.5,24.3,35.8,35.8,2.79,11.1,13.58,97,70,Magetan,-7.6551,111.3288
2022-10-03,26.4,22.0,24.0,25.2,25.2,2.65,14.3,13.52,94,78,Magetan,-7.6551,111.3288
2022-10-04,28.6,22.6,24.8,8.2,8.2,4.3,18.4,20.2,89,67,Magetan,-7.6551,111.3288
2022-10-05,28.5,23.0,24.7,2.8,2.8,4.41,16.9,20.98,89,65,Magetan,-7.6551,111.3288
2022-10-06,27.8,23.0,24.5,3.8,3.8,4.0,22.4,18.88,88,71,Magetan,-7.6551,111.3288
2022-10-07,29.1,22.8,25.2,2.8,2.8,4.61,20.4,20.85,89,62,Magetan,-7.6551,111.3288
2022-10-08,28.4,22.6,24.6,2.6,2.6,3.68,21.6,17.02,92,67,Magetan,-7.6551,111.3288
2022-10-09,29.3,23.1,25.1,2.8,2.8,4.48,22.8,21.78,87,64,Magetan,-7.6551,111.3288
2022-10-10,29.0,23.3,25.1,5.4,5.4,4.05,18.5,18.86,88,69,Magetan,-7.6551,111.3288
2022-10-11,29.5,23.7,25.2,5.3,5.3,4.26,18.5,18.31,84,64,Magetan,-7.6551,111.3288
2022-10-12,27.7,23.6,25.0,5.7,5.7,4.36,21.4,19.2,81,68,Magetan,-7.6551,111.3288
2022-10-13,28.5,23.3,24.9,7.7,7.7,4.26,20.3,19.22,89,66,Magetan,-7.6551,111.3288
2022-10-14,29.0,22.6,25.1,1.7,1.7,4.64,18.1,22.37,94,64,Magetan,-7.6551,111.3288
2022-10-15,28.0,22.2,24.8,21.5,21.5,4.23,17.8,20.88,98,66,Magetan,-7.6551,111.3288
2022-10-16,29.1,23.2,25.5,0.6,0.6,4.88,23.8,21.72,85,63,Magetan,-7.6551,111.3288
2022-10-17,27.7,23.0,24.9,9.6,9.6,3.76,21.7,16.83,91,72,Magetan,-7.6551,111.3288
2022-10-18,28.5,23.2,24.8,30.4,30.4,3.58,16.9,16.47,90,69,Magetan,-7.6551,111.3288
2022-10-19,28.1,22.8,24.5,7.2,7.2,3.26,9.1,15.86,95,65,Magetan,-7.6551,111.3288
2022-10-20,28.8,22.4,24.4,2.5,2.5,3.7,14.7,18.99,100,67,Magetan,-7.6551,111.3288
2022-10-21,28.8,21.8,23.9,29.4,29.4,3.15,11.0,15.87,98,70,Magetan,-7.6551,111.3288
2022-10-22,29.0,22.1,24.9,22.8,22.8,4.17,8.7,20.82,96,67,Magetan,-7.6551,111.3288
2022-10-23,28.2,22.0,24.5,24.9,24.9,3.2,8.2,15.93,99,75,Magetan,-7.6551,111.3288
2022-10-24,27.2,22.2,24.4,8.1,8.1,2.53,9.4,12.3,98,73,Magetan,-7.6551,111.3288
2022-10-25,28.5,22.4,24.5,8.0,8.0,3.3,11.7,16.23,96,70,Magetan,-7.6551,111.3288
2022-10-26,27.1,22.6,23.9,35.2,35.2,2.43,15.2,11.66,98,71,Magetan,-7.6551,111.3288
2022-10-27,29.3,21.9,25.0,0.5,0.5,4.78,15.9,21.65,87,53,Magetan,-7.6551,111.3288
2022-10-28,29.4,20.4,24.4,0.0,0.0,5.2,17.3,23.38,86,50,Magetan,-7.6551,111.3288
2022-10-29,27.6,21.5,24.3,0.7,0.7,4.35,19.6,18.61,76,60,Magetan,-7.6551,111.3288
2022-10-30,28.5,22.0,24.7,1.7,1.7,5.11,20.7,22.2,81,60,Magetan,-7.6551,111.3288
2022-10-31,29.9,21.8,25.2,0.0,0.0,5.73,20.4,25.32,80,50,Magetan,-7.6551,111.3288
2022-11-01,29.0,22.9,25.0,7.2,7.2,4.58,16.8,22.35,92,68,Magetan,-7.6551,111.3288
2022-11-02,28.3,22.7,25.0,2.5,2.5,3.61,20.2,16.06,90,69,Magetan,-7.6551,111.3288
2022-11-03,29.3,22.9,25.2,7.4,7.4,4.47,15.8,22.03,91,64,Magetan,-7.6551,111.3288
2022-11-04,28.9,22.8,25.3,7.5,7.5,4.18,14.4,20.57,91,69,Magetan,-7.6551,111.3288
2022-11-05,28.6,23.2,25.3,3.5,3.5,4.08,15.6,20.07,87,71,Magetan,-7.6551,111.3288
2022-11-06,29.6,22.5,24.7,12.1,12.1,4.13,16.6,19.75,98,67,Magetan,-7.6551,111.3288
2022-11-07,28.4,21.9,23.9,6.3,6.3,3.38,10.0,17.46,96,72,Magetan,-7.6551,111.3288
2022-11-08,29.0,22.5,24.5,4.8,4.8,4.09,10.0,20.37,97,63,Magetan,-7.6551,111.3288
2022-11-09,27.2,22.2,24.0,8.0,8.0,2.82,7.0,14.05,98,70,Magetan,-7.6551,111.3288
2022-11-10,28.5,22.8,24.3,36.2,36.2,3.66,9.1,18.42,98,69,Magetan,-7.6551,111.3288
2022-11-11,28.9,22.0,24.3,9.8,9.8,3.37,10.8,16.87,100,71,Magetan,-7.6551,111.3288
2022-11-12,27.8,22.2,24.2,3.3,3.3,3.48,12.0,17.9,97,74,Magetan,-7.6551,111.3288
2022-11-13,28.6,22.1,24.6,8.0,8.0,3.81,11.6,19.67,98,71,Magetan,-7.6551,111.3288
2022-11-14,28.9,22.8,24.6,8.9,8.9,3.74,9.4,18.9,98,67,Magetan,-7.6551,111.3288
2022-11-15,28.4,22.2,24.1,18.9,18.9,3.17,8.8,16.3,98,76,Magetan,-7.6551,111.3288
2022-11-16,26.0,22.1,23.7,38.1,38.1,2.14,9.5,10.94,99,82,Magetan,-7.6551,111.3288
2022-11-17,28.5,22.5,24.7,36.9,36.9,3.52,18.1,17.97,99,75,Magetan,-7.6551,111.3288
2022-11-18,27.4,22.3,24.6,13.9,13.9,3.38,8.9,16.72,98,71,Magetan,-7.6551,111.3288
2022-11-19,26.2,21.9,23.6,21.0,21.0,1.94,11.2,9.34,100,76,Magetan,-7.6551,111.3288
2022-11-20,27.9,21.5,24.2,34.5,34.5,3.5,12.6,18.48,100,75,Magetan,-7.6551,111.3288
2022-11-21,27.3,22.1,24.4,41.4,41.4,3.63,10.6,18.91,99,75,Magetan,-7.6551,111.3288
2022-11-22,27.9,21.8,24.8,29.9,29.9,4.11,11.6,20.36,97,71,Magetan,-7.6551,111.3288
2022-11-23,27.6,22.4,24.5,20.9,20.9,3.54,6.6,17.69,96,71,Magetan,-7.6551,111.3288
2022-11-24,28.4,22.0,24.0,54.6,54.6,2.81,10.0,13.89,97,71,Magetan,-7.6551,111.3288
2022-11-25,28.9,22.2,24.2,11.4,11.4,3.96,10.3,20.05,95,62,Magetan,-7.6551,111.3288
2022-11-26,27.1,22.1,23.8,20.4,20.4,3.23,12.3,16.4,96,75,Magetan,-7.6551,111.3288
2022-11-27,27.7,22.9,24.2,13.3,13.3,3.46,14.4,16.96,96,72,Magetan,-7.6551,111.3288
2022-11-28,28.1,22.5,24.4,17.2,17.2,3.46,11.9,17.32,94,71,Magetan,-7.6551,111.3288
2022-11-29,28.2,22.5,24.5,20.5,20.5,3.29,16.4,16.44,94,72,Magetan,-7.6551,111.3288
2022-11-30,28.9,22.0,24.3,15.4,15.4,3.52,14.9,17.54,97,68,Magetan,-7.6551,111.3288
2022-12-01,28.5,21.8,24.9,1.0,1.0,4.11,15.5,18.45,87,62,Magetan,-7.6551,111.3288
2022-12-02,29.0,22.6,25.3,0.3,0.3,5.24,16.0,24.04,82,57,Magetan,-7.6551,111.3288
2022-12-03,28.5,23.3,25.2,1.4,1.4,4.43,18.7,19.83,82,64,Magetan,-7.6551,111.3288
2022-12-04,28.1,22.1,24.3,4.2,4.2,3.91,11.6,20.07,98,72,Magetan,-7.6551,111.3288
2022-12-05,29.0,21.6,24.0,17.3,17.3,3.3,8.4,16.93,98,69,Magetan,-7.6551,111.3288
2022-12-06,28.4,22.0,24.4,3.7,3.7,3.87,11.9,19.85,97,71,Magetan,-7.6551,111.3288
2022-12-07,29.0,22.4,24.6,9.1,9.1,4.52,9.6,23.29,95,72,Magetan,-7.6551,111.3288
2022-12-08,29.5,22.1,25.0,0.3,0.3,4.5,12.7,22.55,91,58,Magetan,-7.6551,111.3288
2022-12-09,29.2,23.2,25.9,0.5,0.5,5.28,18.4,24.62,86,59,Magetan,-7.6551,111.3288
2022-12-10,29.8,23.1,25.7,0.0,0.0,5.72,20.5,25.9,81,56,Magetan,-7.6551,111.3288
2022-12-11,29.0,23.4,25.6,1.8,1.8,4.85,21.1,22.72,82,63,Magetan,-7.6551,111.3288
2022-12-12,30.1,23.4,26.2,0.0,0.0,5.38,18.1,24.9,87,57,Magetan,-7.6551,111.3288
2022-12-13,29.9,22.3,25.3,5.0,5.0,4.51,10.3,22.35,94,62,Magetan,-7.6551,111.3288
2022-12-14,29.0,22.6,24.5,11.6,11.6,3.55,9.5,18.09,98,71,Magetan,-7.6551,111.3288
2022-12-15,28.2,22.0,24.2,34.5,34.5,3.5,7.8,17.91,99,76,Magetan,-7.6551,111.3288
2022-12-16,27.0,22.5,24.3,2.8,2.8,2.18,11.2,9.99,98,71,Magetan,-7.6551,111.3288
2022-12-17,28.9,21.9,25.0,3.2,3.2,4.28,12.4,21.38,99,64,Magetan,-7.6551,111.3288
2022-12-18,30.5,21.5,25.7,1.1,1.1,5.25,15.5,24.71,95,53,Magetan,-7.6551,111.3288
2022-12-19,29.0,21.7,24.7,8.7,8.7,4.1,9.7,20.64,98,65,Magetan,-7.6551,111.3288
2022-12-20,28.7,22.5,25.2,15.3,15.3,4.03,7.9,20.19,92,64,Magetan,-7.6551,111.3288
2022-12-21,28.1,22.5,25.0,10.4,10.4,3.78,7.9,18.93,100,67,Magetan,-7.6551,111.3288
2022-12-22,26.0,22.4,23.6,56.2,56.2,2.38,12.0,12.3,99,79,Magetan,-7.6551,111.3288
2022-12-23,26.4,21.4,23.1,73.2,73.2,2.17,11.6,10.87,100,78,Magetan,-7.6551,111.3288
2022-12-24,27.2,21.5,23.4,32.8,32.8,2.58,8.7,13.25,99,76,Magetan,-7.6551,111.3288
2022-12-25,24.5,21.2,22.5,28.4,28.4,1.31,11.0,6.48,99,86,Magetan,-7.6551,111.3288
2022-12-26,25.5,20.5,22.6,48.3,48.3,2.5,13.3,13.59,100,80,Magetan,-7.6551,111.3288
2022-12-27,25.9,21.0,22.7,27.6,27.6,2.46,15.0,13.15,100,76,Magetan,-7.6551,111.3288
2022-12-28,26.5,21.1,23.2,94.3,94.3,3.28,12.5,17.36,98,79,Magetan,-7.6551,111.3288
2022-12-29,26.8,21.1,23.2,25.4,25.4,2.72,8.4,14.18,100,79,Magetan,-7.6551,111.3288
2022-12-30,25.9,21.4,23.3,14.1,14.1,2.21,14.4,10.82,100,79,Magetan,-7.6551,111.3288
2022-12-31,26.2,22.0,23.3,19.3,19.3,2.0,10.2,10.26,98,81,Magetan,-7.6551,111.3288
2023-01-01,26.6,22.0,23.7,12.2,12.2,2.54,11.6,12.57,99,73,Magetan,-7.6551,111.3288
2023-01-02,27.0,21.0,23.6,36.8,36.8,3.55,11.6,18.9,100,76,Magetan,-7.6551,111.3288
2023-01-03,27.3,21.2,23.8,32.2,32.2,3.77,13.7,20.17,100,72,Magetan,-7.6551,111.3288
2023-01-04,27.2,21.1,23.6,80.9,80.9,3.83,13.4,20.44,100,73,Magetan,-7.6551,111.3288
2023-01-05,26.0,21.4,23.6,52.0,52.0,2.71,10.7,13.91,100,79,Magetan,-7.6551,111.3288
2023-01-06,27.3,22.3,24.5,3.5,3.5,2.95,5.5,14.39,100,74,Magetan,-7.6551,111.3288
2023-01-07,29.3,21.7,25.0,0.1,0.1,4.31,7.8,21.17,97,60,Magetan,-7.6551,111.3288
2023-01-08,28.1,21.9,24.8,0.8,0.8,4.08,8.3,20.73,99,70,Magetan,-7.6551,111.3288
2023-01-09,27.9,21.5,24.1,23.6,23.6,3.96,8.9,20.57,97,75,Magetan,-7.6551,111.3288
2023-01-10,28.1,21.9,24.5,5.2,5.2,3.76,7.0,19.11,94,68,Magetan,-7.6551,111.3288
2023-01-11,29.1,22.4,25.3,0.5,0.5,4.67,17.7,22.74,91,64,Magetan,-7.6551,111.3288
2023-01-12,29.9,22.5,25.6,0.0,0.0,5.61,18.9,25.78,84,57,Magetan,-7.6551,111.3288
2023-01-13,29.9,22.1,25.6,0.0,0.0,5.6,13.7,26.47,91,54,Magetan,-7.6551,111.3288
2023-01-14,28.0,21.6,24.7,23.7,23.7,4.28,10.5,22.02,94,67,Magetan,-7.6551,111.3288
2023-01-15,27.5,22.5,24.1,42.4,42.4,3.58,9.8,18.85,99,75,Magetan,-7.6551,111.3288
2023-01-16,26.9,22.0,23.9,62.4,62.4,2.94,10.0,15.12,97,76,Magetan,-7.6551,111.3288
2023-01-17,27.0,22.1,23.8,40.9,40.9,2.79,10.6,14.48,99,80,Magetan,-7.6551,111.3288
2023-01-18,27.6,22.1,24.0,5.3,5.3,2.97,9.8,14.86,99,73,Magetan,-7.6551,111.3288
2023-01-19,27.3,21.5,23.8,39.8,39.8,3.23,9.7,16.49,100,71,Magetan,-7.6551,111.3288
2023-01-20,26.7,21.8,23.9,40.4,40.4,3.42,9.5,17.85,98,78,Magetan,-7.6551,111.3288
2023-01-21,26.6,22.1,23.8,47.7,47.7,3.03,9.1,15.86,99,80,Magetan,-7.6551,111.3288
2023-01-22,27.7,21.6,24.2,37.7,37.7,3.41,6.7,17.28,100,76,Magetan,-7.6551,111.3288
2023-01-23,28.0,22.4,24.8,21.5,21.5,4.52,10.0,23.72,99,71,Magetan,-7.6551,111.3288
2023-01-24,28.1,21.8,24.8,15.2,15.2,4.26,10.5,22.18,98,73,Magetan,-7.6551,111.3288
2023-01-25,25.6,22.2,23.4,28.6,28.6,2.69,10.9,14.32,99,80,Magetan,-7.6551,111.3288
2023-01-26,27.1,22.3,23.6,40.9,40.9,2.26,6.6,11.17,99,80,Magetan,-7.6551,111.3288
2023-01-27,25.5,21.8,23.2,77.7,77.7,2.18,9.4,11.22,100,80,Magetan,-7.6551,111.3288
2023-01-28,25.5,21.8,23.1,63.7,63.7,1.97,10.2,9.99,99,86,Magetan,-7.6551,111.3288
2023-01-29,28.0,21.9,23.9,34.3,34.3,3.3,10.8,16.85,98,75,Magetan,-7.6551,111.3288
2023-01-30,27.1,22.5,24.1,56.0,56.0,2.9,9.2,14.94,98,79,Magetan,-7.6551,111.3288
2023-01-31,26.9,22.4,24.3,41.3,41.3,2.95,8.6,15.18,99,81,Magetan,-7.6551,111.3288
2023-02-01,27.4,22.0,23.7,79.1,79.1,3.05,12.6,16.11,100,74,Magetan,-7.6551,111.3288
2023-02-02,26.5,22.0,23.7,15.2,15.2,2.42,10.6,12.39,99,78,Magetan,-7.6551,111.3288
2023-02-03,26.0,22.0,23.7,16.8,16.8,2.03,7.2,10.08,99,83,Magetan,-7.6551,111.3288
2023-02-04,26.0,22.6,23.8,63.2,63.2,2.66,9.1,13.9,98,80,Magetan,-7.6551,111.3288
2023-02-05,27.8,21.1,24.0,14.7,14.7,3.37,13.7,17.14,100,63,Magetan,-7.6551,111.3288
2023-02-06,27.4,22.1,24.3,1.3,1.3,2.84,12.6,14.25,93,71,Magetan,-7.6551,111.3288
2023-02-07,25.9,21.9,23.5,48.4,48.4,2.17,11.6,10.91,98,71,Magetan,-7.6551,111.3288
2023-02-08,25.5,21.4,23.1,65.4,65.4,1.79,7.1,8.98,100,82,Magetan,-7.6551,111.3288
2023-02-09,26.3,21.5,23.1,86.1,86.1,2.56,11.5,13.38,99,76,Magetan,-7.6551,111.3288
2023-02-10,27.0,21.6,23.8,22.4,22.4,3.44,9.4,18.25,100,81,Magetan,-7.6551,111.3288
2023-02-11,26.6,22.2,24.0,30.0,30.0,2.8,16.7,14.58,98,78,Magetan,-7.6551,111.3288
2023-02-12,26.2,21.9,23.7,68.7,68.7,2.68,8.5,13.94,99,83,Magetan,-7.6551,111.3288
2023-02-13,27.2,22.2,24.0,22.4,22.4,2.79,5.4,13.73,99,79,Magetan,-7.6551,111.3288
2023-02-14,27.0,22.0,23.7,71.9,71.9,3.52,13.5,18.82,99,78,Magetan,-7.6551,111.3288
2023-02-15,25.8,21.5,23.2,120.3,120.3,2.26,11.3,11.56,100,79,Magetan,-7.6551,111.3288
2023-02-16,25.5,21.1,22.5,69.0,69.0,1.84,10.0,9.71,100,81,Magetan,-7.6551,111.3288
2023-02-17,25.4,21.5,22.9,67.4,67.4,1.67,10.6,8.41,99,83,Magetan,-7.6551,111.3288
2023-02-18,26.2,21.3,23.3,59.8,59.8,2.68,11.6,14.04,100,79,Magetan,-7.6551,111.3288
2023-02-19,27.4,21.8,24.0,74.8,74.8,3.52,10.6,18.48,98,72,Magetan,-7.6551,111.3288
2023-02-20,26.4,21.9,23.5,65.4,65.4,3.0,12.4,16.3,99,82,Magetan,-7.6551,111.3288
2023-02-21,26.9,21.9,23.7,65.5,65.5,3.02,9.7,15.69,98,75,Magetan,-7.6551,111.3288
2023-02-22,27.4,21.7,23.6,119.5,119.5,3.36,9.4,17.6,100,78,Magetan,-7.6551,111.3288
2023-02-23,26.6,21.6,23.9,35.4,35.4,3.11,8.0,15.69,97,78,Magetan,-7.6551,111.3288
2023-02-24,27.4,21.7,23.8,23.9,23.9,2.93,8.6,15.25,99,76,Magetan,-7.6551,111.3288
2023-02-25,28.3,22.3,23.9,29.3,29.3,3.02,7.7,15.29,97,72,Magetan,-7.6551,111.3288
2023-02-26,27.0,21.1,23.3,34.0,34.0,3.02,9.4,15.62,100,74,Magetan,-7.6551,111.3288
2023-02-27,27.0,21.4,23.3,15.5,15.5,2.35,11.2,11.82,100,71,Magetan,-7.6551,111.3288
2023-02-28,27.5,21.5,23.1,52.0,52.0,2.27,11.9,11.22,100,74,Magetan,-7.6551,111.3288
2023-03-01,26.5,21.4,23.2,90.7,90.7,2.54,13.0,13.15,100,76,Magetan,-7.6551,111.3288
2023-03-02,24.6,21.0,22.4,83.7,83.7,2.19,11.0,11.84,99,91,Magetan,-7.6551,111.3288
2023-03-03,26.4,21.4,23.7,10.6,10.6,4.07,11.0,22.27,99,76,Magetan,-7.6551,111.3288
2023-03-04,27.2,21.9,23.8,47.9,47.9,3.66,10.6,19.27,97,74,Magetan,-7.6551,111.3288
2023-03-05,26.5,21.0,23.5,53.3,53.3,3.22,9.6,16.84,98,73,Magetan,-7.6551,111.3288
2023-03-06,29.1,21.9,25.1,1.5,1.5,4.3,9.0,21.07,99,62,Magetan,-7.6551,111.3288
2023-03-07,28.8,21.6,24.3,4.8,4.8,4.43,6.5,22.71,99,72,Magetan,-7.6551,111.3288
2023-03-08,27.4,21.3,23.7,51.1,51.1,3.75,7.4,19.83,99,77,Magetan,-7.6551,111.3288
2023-03-09,28.5,22.0,24.5,8.5,8.5,4.55,10.6,23.22,97,65,Magetan,-7.6551,111.3288
2023-03-10,29.2,21.9,25.1,5.1,5.1,4.95,13.7,24.65,93,57,Magetan,-7.6551,111.3288
2023-03-11,30.0,23.1,26.0,0.8,0.8,5.1,18.8,24.62,90,60,Magetan,-7.6551,111.3288
2023-03-12,29.9,21.5,25.5,0.1,0.1,5.47,9.6,26.63,98,57,Magetan,-7.6551,111.3288
2023-03-13,30.0,21.0,25.1,1.0,1.0,5.3,8.9,26.25,100,50,Magetan,-7.6551,111.3288
2023-03-14,29.1,21.5,24.2,12.8,12.8,4.6,10.4,23.27,97,56,Magetan,-7.6551,111.3288
2023-03-15,28.8,22.2,24.9,1.4,1.4,4.47,11.9,22.79,95,63,Magetan,-7.6551,111.3288
2023-03-16,28.7,22.6,24.8,10.6,10.6,4.05,10.2,20.94,93,71,Magetan,-7.6551,111.3288
2023-03-17,28.4,22.9,24.6,10.4,10.4,3.58,6.9,17.98,93,71,Magetan,-7.6551,111.3288
2023-03-18,29.4,22.1,24.9,3.2,3.2,4.22,12.2,21.14,93,65,Magetan,-7.6551,111.3288
2023-03-19,29.0,23.0,25.2,5.3,5.3,4.38,10.1,22.18,92,66,Magetan,-7.6551,111.3288
2023-03-20,28.7,22.9,25.1,15.2,15.2,4.1,12.1,20.78,97,68,Magetan,-7.6551,111.3288
2023-03-21,29.0,22.0,25.1,4.1,4.1,4.88,7.9,24.71,98,68,Magetan,-7.6551,111.3288
2023-03-22,28.4,21.7,24.7,6.1,6.1,3.98,9.8,20.31,98,68,Magetan,-7.6551,111.3288
2023-03-23,29.0,22.1,24.9,14.4,14.4,4.05,7.4,20.47,97,71,Magetan,-7.6551,111.3288
2023-03-24,28.4,23.0,24.8,47.0,47.0,3.87,11.0,19.94,98,76,Magetan,-7.6551,111.3288
2023-03-25,28.5,22.5,24.4,32.9,32.9,3.71,8.8,18.85,99,68,Magetan,-7.6551,111.3288
2023-03-26,27.3,22.5,24.0,61.7,61.7,3.15,12.5,16.87,99,79,Magetan,-7.6551,111.3288
2023-03-27,26.9,22.6,24.0,38.9,38.9,2.59,10.3,13.53,98,79,Magetan,-7.6551,111.3288
2023-03-28,27.8,22.9,24.1,60.7,60.7,2.54,11.6,12.82,100,73,Magetan,-7.6551,111.3288
2023-03-29,27.5,22.7,24.5,15.4,15.4,3.24,9.2,16.37,96,72,Magetan,-7.6551,111.3288
2023-03-30,27.8,22.9,24.4,24.8,24.8,3.26,5.9,16.32,95,72,Magetan,-7.6551,111.3288
2023-03-31,26.7,21.8,23.7,57.0,57.0,2.69,10.0,13.85,99,79,Magetan,-7.6551,111.3288
2023-04-01,26.1,21.8,23.3,46.0,46.0,2.31,11.0,11.84,100,83,Magetan,-7.6551,111.3288
2023-04-02,27.2,22.1,24.0,17.2,17.2,3.03,10.9,15.52,98,73,Magetan,-7.6551,111.3288
2023-04-03,27.0,22.4,24.1,14.6,14.6,2.93,7.9,15.08,98,80,Magetan,-7.6551,111.3288
2023-04-04,26.5,21.9,23.8,36.8,36.8,2.96,8.4,15.4,100,82,Magetan,-7.6551,111.3288
2023-04-05,28.2,22.1,24.8,1.9,1.9,4.11,8.4,21.21,96,71,Magetan,-7.6551,111.3288
2023-04-06,27.5,21.5,24.1,51.9,51.9,3.32,9.8,17.25,94,77,Magetan,-7.6551,111.3288
2023-04-07,27.7,22.4,24.9,3.0,3.0,3.42,7.9,16.97,90,66,Magetan,-7.6551,111.3288
2023-04-08,28.1,22.0,24.2,57.4,57.4,3.7,10.2,18.91,99,73,Magetan,-7.6551,111.3288
2023-04-09,27.7,22.0,24.4,13.4,13.4,4.0,12.0,21.29,99,74,Magetan,-7.6551,111.3288
2023-04-10,27.0,22.2,24.0,59.5,59.5,3.39,9.4,17.77,97,76,Magetan,-7.6551,111.3288
2023-04-11,28.0,22.2,24.9,15.6,15.6,3.83,10.8,20.01,96,71,Magetan,-7.6551,111.3288
2023-04-12,28.0,22.4,24.4,31.3,31.3,3.08,7.2,15.77,98,80,Magetan,-7.6551,111.3288
2023-04-13,27.5,22.4,24.2,19.8,19.8,2.07,10.0,10.13,98,79,Magetan,-7.6551,111.3288
2023-04-14,28.5,22.1,24.7,9.2,9.2,3.55,9.2,17.62,93,67,Magetan,-7.6551,111.3288
2023-04-15,28.0,22.1,24.6,11.1,11.1,3.58,9.3,18.41,97,76,Magetan,-7.6551,111.3288
2023-04-16,27.6,22.2,24.8,10.2,10.2,3.75,9.0,19.14,100,75,Magetan,-7.6551,111.3288
2023-04-17,29.1,22.5,25.0,13.1,13.1,4.06,8.8,20.69,98,66,Magetan,-7.6551,111.3288
2023-04-18,28.9,23.4,25.4,3.2,3.2,3.99,18.5,19.52,95,64,Magetan,-7.6551,111.3288
2023-04-19,29.8,23.7,26.3,0.3,0.3,5.12,16.4,23.7,84,63,Magetan,-7.6551,111.3288
2023-04-20,29.4,23.4,25.6,3.2,3.2,4.19,14.8,20.56,94,66,Magetan,-7.6551,111.3288
2023-04-21,28.8,22.2,24.8,6.4,6.4,3.98,9.7,20.4,97,71,Magetan,-7.6551,111.3288
2023-04-22,29.0,23.2,25.1,7.5,7.5,4.3,18.5,21.88,93,68,Magetan,-7.6551,111.3288
2023-04-23,29.2,23.1,25.6,5.2,5.2,4.31,10.0,21.37,89,69,Magetan,-7.6551,111.3288
2023-04-24,29.6,23.4,25.6,11.2,11.2,4.44,10.9,21.89,98,68,Magetan,-7.6551,111.3288
2023-04-25,29.0,22.2,25.0,1.4,1.4,3.85,8.2,19.51,99,70,Magetan,-7.6551,111.3288
2023-04-26,29.0,23.0,25.5,1.8,1.8,4.32,12.5,21.65,91,70,Magetan,-7.6551,111.3288
2023-04-27,29.0,22.9,25.6,1.2,1.2,4.16,15.7,20.42,91,67,Magetan,-7.6551,111.3288
2023-04-28,28.5,23.9,25.4,20.5,20.5,3.99,10.4,19.84,92,75,Magetan,-7.6551,111.3288
2023-04-29,27.5,22.2,24.1,29.1,29.1,2.75,16.3,14.66,99,81,Magetan,-7.6551,111.3288
2023-04-30,29.1,22.6,25.1,27.3,27.3,4.0,11.8,20.42,100,73,Magetan,-7.6551,111.3288
2023-05-01,28.5,22.7,24.8,13.5,13.5,3.53,15.9,18.77,98,77,Magetan,-7.6551,111.3288
2023-05-02,27.8,22.6,24.7,11.1,11.1,3.19,7.9,16.58,96,81,Magetan,-7.6551,111.3288
2023-05-03,29.2,23.2,25.3,4.9,4.9,3.71,10.2,19.17,94,74,Magetan,-7.6551,111.3288
2023-05-04,28.9,23.1,24.8,19.7,19.7,3.51,9.7,18.02,95,73,Magetan,-7.6551,111.3288
2023-05-05,29.1,22.6,25.5,1.2,1.2,4.19,15.8,20.76,91,71,Magetan,-7.6551,111.3288
2023-05-06,28.9,23.2,25.6,1.8,1.8,4.12,16.4,20.08,87,68,Magetan,-7.6551,111.3288
2023-05-07,28.9,23.9,25.8,0.1,0.1,4.35,21.4,19.66,85,71,Magetan,-7.6551,111.3288
2023-05-08,28.8,23.6,25.8,0.2,0.2,4.59,19.2,20.52,85,66,Magetan,-7.6551,111.3288
2023-05-09,29.0,23.1,25.5,1.8,1.8,3.85,18.8,18.45,87,68,Magetan,-7.6551,111.3288
2023-05-10,28.5,24.0,25.4,5.0,5.0,3.52,12.0,17.23,91,69,Magetan,-7.6551,111.3288
2023-05-11,28.4,23.0,25.0,12.5,12.5,3.21,14.0,16.11,98,71,Magetan,-7.6551,111.3288
2023-05-12,29.4,23.9,26.0,1.2,1.2,4.22,20.3,19.68,89,65,Magetan,-7.6551,111.3288
2023-05-13,27.7,23.1,24.9,0.0,0.0,4.96,28.7,22.36,85,66,Magetan,-7.6551,111.3288
2023-05-14,27.6,22.5,24.4,0.0,0.0,4.77,27.7,21.32,81,69,Magetan,-7.6551,111.3288
2023-05-15,27.8,21.9,24.1,0.7,0.7,4.53,22.7,19.42,83,65,Magetan,-7.6551,111.3288
2023-05-16,27.4,22.0,24.2,0.3,0.3,4.63,21.6,20.34,80,63,Magetan,-7.6551,111.3288
2023-05-17,27.5,22.0,24.3,0.3,0.3,4.45,19.7,19.4,81,62,Magetan,-7.6551,111.3288
2023-05-18,27.9,21.9,24.4,1.5,1.5,4.48,18.3,20.06,83,62,Magetan,-7.6551,111.3288
2023-05-19,28.9,22.4,25.1,0.6,0.6,4.73,19.6,20.49,81,58,Magetan,-7.6551,111.3288
2023-05-20,29.0,22.5,25.1,0.0,0.0,5.04,24.5,21.19,79,60,Magetan,-7.6551,111.3288
2023-05-21,29.2,22.1,25.0,0.0,0.0,5.08,21.4,22.12,82,53,Magetan,-7.6551,111.3288
2023-05-22,28.8,22.0,24.8,0.0,0.0,4.98,20.5,21.43,81,57,Magetan,-7.6551,111.3288
2023-05-23,28.8,21.9,25.0,0.1,0.1,4.69,18.2,20.86,81,57,Magetan,-7.6551,111.3288
2023-05-24,29.0,22.5,25.3,0.0,0.0,4.56,17.5,20.99,83,57,Magetan,-7.6551,111.3288
2023-05-25,29.5,22.9,25.3,0.0,0.0,5.14,22.8,21.72,79,55,Magetan,-7.6551,111.3288
2023-05-26,29.5,22.6,25.5,0.0,0.0,5.08,19.7,21.58,82,52,Magetan,-7.6551,111.3288
2023-05-27,29.1,22.3,25.0,0.0,0.0,4.92,25.1,20.11,83,54,Magetan,-7.6551,111.3288
2023-05-28,28.6,21.6,24.6,0.0,0.0,4.83,25.1,19.82,84,55,Magetan,-7.6551,111.3288
2023-05-29,29.1,22.4,25.2,0.0,0.0,4.39,23.2,16.81,81,53,Magetan,-7.6551,111.3288
2023-05-30,29.8,22.4,25.6,0.0,0.0,4.71,19.0,19.81,77,49,Magetan,-7.6551,111.3288
2023-05-31,29.5,22.6,25.6,0.0,0.0,4.56,22.6,19.01,80,55,Magetan,-7.6551,111.3288
2023-06-01,30.2,23.0,25.8,0.0,0.0,4.77,19.5,20.63,84,52,Magetan,-7.6551,111.3288
2023-06-02,29.9,23.3,25.8,0.0,0.0,4.87,24.1,20.39,83,56,Magetan,-7.6551,111.3288
2023-06-03,30.1,23.0,25.8,0.0,0.0,4.91,21.3,20.37,83,57,Magetan,-7.6551,111.3288
2023-06-04,29.5,23.2,25.5,0.7,0.7,4.56,21.6,19.57,82,58,Magetan,-7.6551,111.3288
2023-06-05,28.6,23.4,25.1,4.2,4.2,3.88,21.4,16.88,85,61,Magetan,-7.6551,111.3288
2023-06-06,28.8,23.1,25.0,2.1,2.1,4.09,26.0,17.98,88,65,Magetan,-7.6551,111.3288
2023-06-07,27.8,22.2,24.5,29.0,29.0,3.52,23.2,17.01,94,67,Magetan,-7.6551,111.3288
2023-06-08,29.4,23.0,25.4,0.1,0.1,4.41,19.7,19.54,89,60,Magetan,-7.6551,111.3288
2023-06-09,29.3,23.0,25.3,0.3,0.3,4.89,22.4,20.06,82,58,Magetan,-7.6551,111.3288
2023-06-10,29.8,22.8,25.3,0.0,0.0,5.1,22.1,21.07,83,51,Magetan,-7.6551,111.3288
2023-06-11,30.0,22.8,25.8,1.2,1.2,4.82,23.1,19.56,80,55,Magetan,-7.6551,111.3288
2023-06-12,30.6,23.5,26.1,0.4,0.4,4.55,20.2,18.87,83,56,Magetan,-7.6551,111.3288
2023-06-13,30.2,23.8,26.0,0.0,0.0,4.82,23.5,19.6,82,55,Magetan,-7.6551,111.3288
2023-06-14,30.0,23.1,25.6,0.0,0.0,4.9,24.1,19.53,80,49,Magetan,-7.6551,111.3288
2023-06-15,29.8,22.8,25.5,0.0,0.0,4.62,22.1,18.79,82,51,Magetan,-7.6551,111.3288
2023-06-16,30.9,22.8,26.0,0.0,0.0,4.71,16.1,20.48,83,44,Magetan,-7.6551,111.3288
2023-06-17,30.6,22.5,26.1,0.4,0.4,4.3,12.3,19.59,85,48,Magetan,-7.6551,111.3288
2023-06-18,31.5,22.5,26.3,0.6,0.6,4.35,13.0,19.48,91,48,Magetan,-7.6551,111.3288
2023-06-19,31.4,23.2,26.2,2.9,2.9,4.19,13.2,19.81,97,50,Magetan,-7.6551,111.3288
2023-06-20,29.4,21.5,25.6,0.0,0.0,4.13,14.5,19.32,99,58,Magetan,-7.6551,111.3288
2023-06-21,30.6,23.8,26.2,0.0,0.0,5.46,26.5,20.23,77,50,Magetan,-7.6551,111.3288
2023-06-22,31.1,23.0,26.0,0.1,0.1,5.1,22.2,19.65,82,48,Magetan,-7.6551,111.3288
2023-06-23,30.1,22.3,25.8,0.3,0.3,4.74,18.2,20.57,85,49,Magetan,-7.6551,111.3288
2023-06-24,30.2,22.9,26.0,0.5,0.5,4.63,22.0,20.25,82,48,Magetan,-7.6551,111.3288
2023-06-25,29.6,22.2,25.5,0.9,0.9,4.28,17.3,18.85,82,54,Magetan,-7.6551,111.3288
2023-06-26,29.9,21.6,25.0,2.4,2.4,4.13,16.4,19.22,85,50,Magetan,-7.6551,111.3288
2023-06-27,28.9,22.3,24.9,2.0,2.0,4.24,23.8,16.61,83,56,Magetan,-7.6551,111.3288
2023-06-28,29.5,23.0,25.5,0.3,0.3,4.98,24.1,19.5,80,55,Magetan,-7.6551,111.3288
2023-06-29,29.8,23.6,26.0,0.5,0.5,5.02,23.0,19.19,79,55,Magetan,-7.6551,111.3288
2023-06-30,30.5,23.5,26.0,0.0,0.0,5.2,23.2,20.13,78,52,Magetan,-7.6551,111.3288
2023-07-01,29.3,23.2,25.4,0.3,0.3,4.75,26.6,18.85,82,59,Magetan,-7.6551,111.3288
2023-07-02,28.7,23.4,25.3,1.2,1.2,4.54,24.0,18.32,81,62,Magetan,-7.6551,111.3288
2023-07-03,29.6,23.3,25.8,0.0,0.0,4.8,21.0,17.74,79,53,Magetan,-7.6551,111.3288
2023-07-04,30.9,22.6,25.9,0.0,0.0,4.62,21.0,18.71,83,48,Magetan,-7.6551,111.3288
2023-07-05,29.6,23.0,25.7,1.9,1.9,4.64,23.3,18.9,81,58,Magetan,-7.6551,111.3288
2023-07-06,29.1,23.7,25.7,1.4,1.4,4.57,25.9,18.04,82,59,Magetan,-7.6551,111.3288
2023-07-07,26.9,23.1,24.4,20.9,20.9,3.39,25.9,14.21,89,71,Magetan,-7.6551,111.3288
2023-07-08,28.5,23.5,24.7,4.8,4.8,3.39,25.0,14.82,89,67,Magetan,-7.6551,111.3288
2023-07-09,29.0,23.3,25.4,2.5,2.5,4.31,19.2,19.34,84,58,Magetan,-7.6551,111.3288
2023-07-10,29.5,22.0,25.2,0.1,0.1,4.73,22.5,20.19,83,56,Magetan,-7.6551,111.3288
2023-07-11,29.0,22.3,24.8,0.0,0.0,5.37,25.0,21.29,80,51,Magetan,-7.6551,111.3288
2023-07-12,28.2,21.5,24.3,0.0,0.0,5.51,28.2,21.27,78,52,Magetan,-7.6551,111.3288
2023-07-13,29.0,23.0,25.1,0.0,0.0,4.93,28.8,18.65,78,58,Magetan,-7.6551,111.3288
2023-07-14,28.2,23.0,24.9,0.0,0.0,5.0,29.2,19.08,82,57,Magetan,-7.6551,111.3288
2023-07-15,29.6,22.3,25.1,0.0,0.0,4.99,26.0,20.54,82,53,Magetan,-7.6551,111.3288
2023-07-16,29.0,22.0,24.7,0.0,0.0,5.16,25.4,20.73,77,54,Magetan,-7.6551,111.3288
2023-07-17,28.9,21.6,24.4,0.0,0.0,5.44,23.9,21.63,76,50,Magetan,-7.6551,111.3288
2023-07-18,29.8,21.9,24.9,0.0,0.0,5.39,21.9,21.78,79,44,Magetan,-7.6551,111.3288
2023-07-19,28.1,21.6,24.0,0.0,0.0,5.7,31.8,21.72,81,49,Magetan,-7.6551,111.3288
2023-07-20,28.0,21.5,23.9,0.0,0.0,6.02,30.0,21.77,75,52,Magetan,-7.6551,111.3288
2023-07-21,28.5,21.4,24.1,0.0,0.0,5.22,26.4,19.46,81,54,Magetan,-7.6551,111.3288
2023-07-22,29.6,21.5,24.6,0.0,0.0,5.53,27.1,20.89,79,49,Magetan,-7.6551,111.3288
2023-07-23,29.0,21.6,24.8,0.0,0.0,5.51,23.1,19.98,76,49,Magetan,-7.6551,111.3288
2023-07-24,29.0,22.1,25.0,0.0,0.0,4.2,17.4,17.0,83,54,Magetan,-7.6551,111.3288
2023-07-25,29.9,21.6,25.1,0.0,0.0,4.69,18.5,20.41,85,49,Magetan,-7.6551,111.3288
2023-07-26,29.3,21.5,24.3,0.0,0.0,5.81,24.4,22.35,79,45,Magetan,-7.6551,111.3288
2023-07-27,29.2,21.0,24.0,0.0,0.0,5.98,24.7,22.28,72,42,Magetan,-7.6551,111.3288
2023-07-28,29.0,21.0,23.9,0.0,0.0,5.73,24.9,22.07,77,40,Magetan,-7.6551,111.3288
2023-07-29,28.6,21.1,23.9,0.0,0.0,5.74,25.6,22.35,80,47,Magetan,-7.6551,111.3288
2023-07-30,28.2,20.6,23.6,0.0,0.0,5.51,28.3,21.68,78,50,Magetan,-7.6551,111.3288
2023-07-31,30.0,20.9,24.5,0.0,0.0,5.37,24.2,21.95,76,45,Magetan,-7.6551,111.3288
2023-08-01,31.6,22.4,25.9,0.0,0.0,5.09,18.3,21.43,73,41,Magetan,-7.6551,111.3288
2023-08-02,31.8,22.0,26.3,0.2,0.2,4.93,16.9,21.68,83,43,Magetan,-7.6551,111.3288
2023-08-03,31.7,22.5,26.0,0.0,0.0,5.12,22.4,20.98,84,46,Magetan,-7.6551,111.3288
2023-08-04,29.2,22.5,25.0,0.0,0.0,5.62,28.5,21.96,79,50,Magetan,-7.6551,111.3288
2023-08-05,30.0,21.7,25.0,0.0,0.0,5.57,24.5,21.98,81,50,Magetan,-7.6551,111.3288
2023-08-06,30.5,22.4,25.4,0.1,0.1,5.36,23.4,21.45,79,47,Magetan,-7.6551,111.3288
2023-08-07,30.2,22.5,25.5,0.0,0.0,5.63,23.1,21.99,76,51,Magetan,-7.6551,111.3288
2023-08-08,30.1,22.2,25.2,0.0,0.0,5.59,19.8,22.91,74,43,Magetan,-7.6551,111.3288
2023-08-09,30.1,21.8,25.1,0.0,0.0,5.82,21.8,23.33,73,45,Magetan,-7.6551,111.3288
2023-08-10,30.2,21.8,24.7,0.0,0.0,6.44,23.0,23.52,72,33,Magetan,-7.6551,111.3288
2023-08-11,29.4,21.3,24.6,0.0,0.0,6.86,25.9,23.67,67,39,Magetan,-7.6551,111.3288
2023-08-12,30.2,21.3,24.9,0.0,0.0,6.21,20.9,23.01,63,40,Magetan,-7.6551,111.3288
2023-08-13,30.8,21.4,25.2,0.0,0.0,5.91,19.7,23.37,67,33,Magetan,-7.6551,111.3288
2023-08-14,30.0,21.6,25.0,0.0,0.0,6.21,22.5,23.1,74,38,Magetan,-7.6551,111.3288
2023-08-15,30.9,22.0,25.3,0.0,0.0,6.0,24.1,22.18,72,42,Magetan,-7.6551,111.3288
2023-08-16,30.4,21.8,24.8,0.0,0.0,6.43,29.5,23.72,75,43,Magetan,-7.6551,111.3288
2023-08-17,28.6,21.0,23.7,0.0,0.0,5.66,30.0,22.13,77,49,Magetan,-7.6551,111.3288
2023-08-18,29.4,21.0,24.1,0.0,0.0,5.58,26.3,21.54,74,46,Magetan,-7.6551,111.3288
2023-08-19,30.5,21.6,25.4,0.0,0.0,5.79,18.7,22.82,75,43,Magetan,-7.6551,111.3288
2023-08-20,30.8,22.0,25.3,0.0,0.0,5.97,23.2,23.65,73,43,Magetan,-7.6551,111.3288
2023-08-21,29.8,21.8,25.0,0.3,0.3,6.0,27.4,22.96,74,47,Magetan,-7.6551,111.3288
2023-08-22,29.6,22.0,24.6,0.4,0.4,5.61,26.3,21.56,76,47,Magetan,-7.6551,111.3288
2023-08-23,30.0,21.4,24.3,0.0,0.0,5.91,27.1,22.67,75,43,Magetan,-7.6551,111.3288
2023-08-24,31.4,22.0,25.3,0.0,0.0,5.91,25.8,23.36,78,43,Magetan,-7.6551,111.3288
2023-08-25,31.0,22.0,25.3,0.0,0.0,6.0,26.4,23.61,79,43,Magetan,-7.6551,111.3288
2023-08-26,31.3,21.5,25.2,0.0,0.0,5.94,26.6,23.28,78,42,Magetan,-7.6551,111.3288
2023-08-27,30.4,21.9,25.2,0.0,0.0,5.67,24.5,21.68,77,43,Magetan,-7.6551,111.3288
2023-08-28,31.4,21.5,25.3,0.0,0.0,6.13,21.2,23.37,71,36,Magetan,-7.6551,111.3288
2023-08-29,32.0,22.0,25.8,0.0,0.0,6.4,22.9,23.88,70,36,Magetan,-7.6551,111.3288
2023-08-30,32.0,22.1,25.9,0.0,0.0,6.3,20.4,24.41,75,32,Magetan,-7.6551,111.3288
2023-08-31,30.6,22.2,25.4,0.0,0.0,6.34,24.3,24.2,71,43,Magetan,-7.6551,111.3288
2023-09-01,30.4,21.5,24.6,0.0,0.0,6.81,24.7,25.02,79,35,Magetan,-7.6551,111.3288
2023-09-02,30.1,20.7,24.1,0.0,0.0,6.08,25.1,24.74,76,37,Magetan,-7.6551,111.3288
2023-09-03,30.7,20.6,24.3,0.0,0.0,6.15,27.1,24.1,78,33,Magetan,-7.6551,111.3288
2023-09-04,31.0,20.9,24.4,0.0,0.0,6.93,26.6,25.3,77,28,Magetan,-7.6551,111.3288
2023-09-05,31.6,21.1,25.1,0.0,0.0,6.6,24.6,24.4,72,36,Magetan,-7.6551,111.3288
2023-09-06,29.8,21.7,24.9,0.0,0.0,6.24,27.2,23.14,78,48,Magetan,-7.6551,111.3288
2023-09-07,30.6,21.6,25.3,0.0,0.0,6.21,26.8,22.56,76,42,Magetan,-7.6551,111.3288
2023-09-08,31.4,21.8,25.4,0.0,0.0,6.26,25.6,22.34,73,40,Magetan,-7.6551,111.3288
2023-09-09,32.5,22.3,25.8,0.0,0.0,7.22,21.2,26.0,66,26,Magetan,-7.6551,111.3288
2023-09-10,31.5,21.2,24.9,0.0,0.0,6.95,28.2,25.41,72,32,Magetan,-7.6551,111.3288
2023-09-11,32.5,22.1,26.1,0.0,0.0,6.38,24.6,23.9,76,39,Magetan,-7.6551,111.3288
2023-09-12,31.6,23.0,26.2,0.0,0.0,6.57,27.1,24.67,78,44,Magetan,-7.6551,111.3288
2023-09-13,31.9,22.4,26.0,0.0,0.0,6.74,28.1,24.71,73,38,Magetan,-7.6551,111.3288
2023-09-14,29.7,22.4,25.3,0.5,0.5,6.45,32.2,23.12,74,48,Magetan,-7.6551,111.3288
2023-09-15,31.4,21.5,25.4,0.0,0.0,6.46,26.9,24.3,78,44,Magetan,-7.6551,111.3288
2023-09-16,32.5,22.1,25.9,0.6,0.6,6.19,24.9,24.07,76,41,Magetan,-7.6551,111.3288
2023-09-17,31.8,22.5,26.0,0.0,0.0,6.4,23.8,23.26,76,43,Magetan,-7.6551,111.3288
2023-09-18,31.0,23.1,25.8,0.0,0.0,6.93,29.4,24.84,72,41,Magetan,-7.6551,111.3288
2023-09-19,31.5,22.5,25.8,0.0,0.0,6.53,26.2,22.44,70,40,Magetan,-7.6551,111.3288
2023-09-20,31.5,22.6,26.1,0.0,0.0,6.83,24.7,24.54,69,42,Magetan,-7.6551,111.3288
2023-09-21,32.0,22.6,26.1,0.0,0.0,7.58,31.3,25.1,61,38,Magetan,-7.6551,111.3288
2023-09-22,30.9,22.1,25.2,0.0,0.0,7.48,30.9,25.42,70,31,Magetan,-7.6551,111.3288
2023-09-23,32.5,21.7,25.9,0.0,0.0,6.69,28.2,25.49,71,28,Magetan,-7.6551,111.3288
2023-09-24,32.7,22.9,26.7,0.0,0.0,6.66,25.9,24.73,68,35,Magetan,-7.6551,111.3288
2023-09-25,32.0,22.5,26.0,0.0,0.0,6.99,32.9,24.88,73,34,Magetan,-7.6551,111.3288
2023-09-26,33.0,22.0,26.2,0.0,0.0,7.6,28.0,25.95,74,29,Magetan,-7.6551,111.3288
2023-09-27,33.8,22.6,26.9,0.0,0.0,6.95,24.5,25.34,73,26,Magetan,-7.6551,111.3288
2023-09-28,33.8,23.0,27.3,0.0,0.0,7.05,22.1,26.25,71,32,Magetan,-7.6551,111.3288
2023-09-29,34.5,23.8,27.8,0.0,0.0,7.35,24.6,26.09,67,28,Magetan,-7.6551,111.3288
2023-09-30,33.4,23.2,27.1,0.0,0.0,7.74,26.6,26.47,78,30,Magetan,-7.6551,111.3288
2023-10-01,32.8,23.1,27.0,0.0,0.0,7.92,27.2,26.19,72,30,Magetan,-7.6551,111.3288
2023-10-02,32.3,23.4,26.7,0.0,0.0,7.25,27.1,25.11,70,37,Magetan,-7.6551,111.3288
2023-10-03,33.6,23.6,27.2,0.1,0.1,6.73,25.9,23.81,70,35,Magetan,-7.6551,111.3288
2023-10-04,34.5,24.0,27.7,0.7,0.7,6.42,25.2,24.58,74,35,Magetan,-7.6551,111.3288
2023-10-05,34.8,24.0,28.0,0.3,0.3,6.64,25.0,25.44,71,34,Magetan,-7.6551,111.3288
2023-10-06,34.5,24.0,28.3,0.1,0.1,6.64,21.0,25.03,75,34,Magetan,-7.6551,111.3288
2023-10-07,33.6,24.6,28.0,1.4,1.4,6.58,19.9,24.79,75,40,Magetan,-7.6551,111.3288
2023-10-08,33.7,24.3,27.8,1.2,1.2,6.31,20.2,24.13,76,40,Magetan,-7.6551,111.3288
2023-10-09,35.3,24.3,28.4,0.1,0.1,6.85,21.3,25.68,74,28,Magetan,-7.6551,111.3288
2023-10-10,34.0,23.6,28.1,0.0,0.0,7.2,26.5,25.89,76,31,Magetan,-7.6551,111.3288
2023-10-11,34.5,23.3,27.8,0.0,0.0,7.44,24.9,27.08,75,28,Magetan,-7.6551,111.3288
2023-10-12,34.3,23.4,28.0,0.0,0.0,6.76,22.2,25.01,73,30,Magetan,-7.6551,111.3288
2023-10-13,33.7,23.8,27.9,0.0,0.0,7.26,23.2,24.95,75,34,Magetan,-7.6551,111.3288
2023-10-14,34.5,24.0,27.9,0.0,0.0,6.61,22.6,24.87,77,32,Magetan,-7.6551,111.3288
2023-10-15,33.8,24.2,28.6,0.7,0.7,6.4,14.8,25.21,62,35,Magetan,-7.6551,111.3288
2023-10-16,35.2,24.5,28.2,1.1,1.1,6.96,22.7,25.44,77,34,Magetan,-7.6551,111.3288
2023-10-17,34.5,24.4,28.4,0.9,0.9,7.15,22.3,25.55,76,33,Magetan,-7.6551,111.3288
2023-10-18,34.8,24.4,28.3,0.0,0.0,7.05,21.4,25.52,68,29,Magetan,-7.6551,111.3288
2023-10-19,33.7,23.8,28.2,4.6,4.6,6.22,16.5,24.74,71,34,Magetan,-7.6551,111.3288
2023-10-20,34.3,24.0,28.4,0.4,0.4,6.48,19.9,25.26,75,34,Magetan,-7.6551,111.3288
2023-10-21,35.0,24.5,28.9,0.0,0.0,7.25,23.8,26.56,77,25,Magetan,-7.6551,111.3288
2023-10-22,35.2,23.5,28.9,0.5,0.5,6.23,12.4,25.87,76,29,Magetan,-7.6551,111.3288
2023-10-23,34.5,24.1,28.3,0.6,0.6,6.21,22.6,24.9,70,32,Magetan,-7.6551,111.3288
2023-10-24,33.6,24.5,28.0,2.1,2.1,6.23,16.6,24.81,76,38,Magetan,-7.6551,111.3288
2023-10-25,35.1,23.5,28.1,0.1,0.1,6.65,24.2,26.09,80,30,Magetan,-7.6551,111.3288
2023-10-26,35.0,24.5,28.7,0.9,0.9,7.25,23.0,25.26,68,31,Magetan,-7.6551,111.3288
2023-10-27,35.8,24.4,29.1,0.1,0.1,7.22,22.8,25.63,70,26,Magetan,-7.6551,111.3288
2023-10-28,35.3,24.5,28.5,0.1,0.1,6.92,24.8,24.68,70,25,Magetan,-7.6551,111.3288
2023-10-29,34.2,24.9,28.7,0.5,0.5,7.19,21.1,25.34,64,34,Magetan,-7.6551,111.3288
2023-10-30,34.8,24.8,28.3,0.0,0.0,7.16,26.6,25.68,73,33,Magetan,-7.6551,111.3288
2023-10-31,34.3,25.2,28.6,0.3,0.3,6.88,21.8,25.13,70,37,Magetan,-7.6551,111.3288
2023-11-01,34.0,25.1,28.7,0.0,0.0,7.35,25.8,25.36,69,35,Magetan,-7.6551,111.3288
2023-11-02,34.5,25.1,28.8,0.0,0.0,7.17,21.8,25.98,72,34,Magetan,-7.6551,111.3288
2023-11-03,33.6,24.6,27.4,8.7,8.7,5.36,24.9,22.47,86,42,Magetan,-7.6551,111.3288
2023-11-04,33.2,24.3,27.3,2.5,2.5,5.29,17.4,22.12,88,43,Magetan,-7.6551,111.3288
2023-11-05,32.7,24.5,27.9,1.8,1.8,5.56,12.6,24.24,80,48,Magetan,-7.6551,111.3288
2023-11-06,34.8,24.2,28.5,0.6,0.6,6.56,22.0,26.01,81,34,Magetan,-7.6551,111.3288
2023-11-07,34.3,24.2,28.4,1.2,1.2,6.47,21.8,25.34,75,36,Magetan,-7.6551,111.3288
2023-11-08,35.0,24.2,29.2,0.0,0.0,6.53,20.3,25.36,76,32,Magetan,-7.6551,111.3288
2023-11-09,35.0,24.9,28.9,0.5,0.5,6.32,19.7,23.49,86,33,Magetan,-7.6551,111.3288
2023-11-10,34.1,24.0,27.7,1.9,1.9,5.37,19.7,22.66,93,38,Magetan,-7.6551,111.3288
2023-11-11,33.9,24.4,28.0,0.6,0.6,5.87,20.6,23.92,91,38,Magetan,-7.6551,111.3288
2023-11-12,33.7,24.9,27.8,1.0,1.0,6.0,23.5,23.85,79,37,Magetan,-7.6551,111.3288
2023-11-13,34.0,24.7,27.9,1.8,1.8,6.09,17.6,24.2,80,38,Magetan,-7.6551,111.3288
2023-11-14,33.8,24.9,27.8,3.0,3.0,5.72,16.7,23.48,77,43,Magetan,-7.6551,111.3288
2023-11-15,32.8,24.8,27.8,1.9,1.9,5.79,22.6,23.14,80,46,Magetan,-7.6551,111.3288
2023-11-16,32.3,25.0,27.5,9.7,9.7,5.63,19.7,23.02,83,50,Magetan,-7.6551,111.3288
2023-11-17,33.5,24.0,27.9,0.0,0.0,6.65,20.9,25.43,83,38,Magetan,-7.6551,111.3288
2023-11-18,33.8,23.6,27.8,0.0,0.0,6.74,25.4,24.45,76,40,Magetan,-7.6551,111.3288
2023-11-19,32.8,24.3,27.8,0.0,0.0,6.95,23.4,25.29,76,44,Magetan,-7.6551,111.3288
2023-11-20,32.8,24.9,28.0,0.7,0.7,6.59,27.4,24.27,75,48,Magetan,-7.6551,111.3288
2023-11-21,34.0,24.6,28.4,1.3,1.3,6.53,19.7,25.39,78,41,Magetan,-7.6551,111.3288
2023-11-22,33.7,25.0,28.5,0.2,0.2,6.67,25.2,23.91,78,42,Magetan,-7.6551,111.3288
2023-11-23,33.7,25.8,28.6,1.7,1.7,6.0,18.3,22.07,74,46,Magetan,-7.6551,111.3288
2023-11-24,33.2,24.6,27.1,11.2,11.2,5.07,17.6,21.8,92,45,Magetan,-7.6551,111.3288
2023-11-25,33.2,23.9,26.3,1.8,1.8,4.79,26.1,22.74,91,49,Magetan,-7.6551,111.3288
2023-11-26,33.2,24.3,28.0,0.3,0.3,6.52,20.4,25.22,79,40,Magetan,-7.6551,111.3288
2023-11-27,33.0,23.7,27.5,1.4,1.4,5.48,13.4,23.95,92,39,Magetan,-7.6551,111.3288
2023-11-28,29.5,23.2,26.1,5.3,5.3,3.86,16.7,15.97,93,57,Magetan,-7.6551,111.3288
2023-11-29,30.9,24.7,26.3,15.8,15.8,4.13,17.4,16.91,83,54,Magetan,-7.6551,111.3288
2023-11-30,30.9,23.5,26.1,9.3,9.3,4.04,13.1,18.46,91,56,Magetan,-7.6551,111.3288
2023-12-01,29.0,23.7,25.4,11.8,11.8,3.19,17.7,14.37,94,67,Magetan,-7.6551,111.3288
2023-12-02,30.8,24.2,26.0,5.9,5.9,4.09,20.4,17.43,87,60,Magetan,-7.6551,111.3288
2023-12-03,30.9,24.5,26.4,2.3,2.3,4.99,17.7,21.57,81,53,Magetan,-7.6551,111.3288
2023-12-04,31.2,24.0,26.1,9.9,9.9,4.69,17.3,20.82,91,58,Magetan,-7.6551,111.3288
2023-12-05,29.7,24.3,26.3,8.6,8.6,4.63,21.2,21.05,81,65,Magetan,-7.6551,111.3288
2023-12-06,31.5,24.4,27.0,1.9,1.9,5.1,16.3,23.12,87,56,Magetan,-7.6551,111.3288
2023-12-07,31.2,24.1,26.8,4.7,4.7,4.61,15.2,20.92,92,51,Magetan,-7.6551,111.3288
2023-12-08,31.0,23.1,26.3,4.3,4.3,4.13,11.3,19.32,99,58,Magetan,-7.6551,111.3288
2023-12-09,31.4,24.0,26.9,1.8,1.8,4.66,13.0,20.57,95,55,Magetan,-7.6551,111.3288
2023-12-10,31.5,24.4,26.0,12.8,12.8,3.75,17.3,15.34,86,55,Magetan,-7.6551,111.3288
2023-12-11,31.8,24.1,27.2,0.0,0.0,6.43,21.3,25.72,82,49,Magetan,-7.6551,111.3288
2023-12-12,32.3,23.2,27.5,0.5,0.5,6.0,15.9,25.19,73,46,Magetan,-7.6551,111.3288
2023-12-13,30.8,23.9,26.5,19.2,19.2,4.37,17.8,20.87,90,58,Magetan,-7.6551,111.3288
2023-12-14,31.1,23.9,26.6,5.9,5.9,4.58,12.7,20.89,93,55,Magetan,-7.6551,111.3288
2023-12-15,32.2,23.1,27.4,0.0,0.0,5.73,16.9,25.11,85,45,Magetan,-7.6551,111.3288
2023-12-16,32.6,22.6,27.5,0.0,0.0,6.0,12.3,26.6,87,41,Magetan,-7.6551,111.3288
2023-12-17,33.7,23.3,27.8,0.0,0.0,6.53,21.1,26.27,78,39,Magetan,-7.6551,111.3288
2023-12-18,33.1,23.6,27.5,0.0,0.0,6.69,22.3,25.84,77,40,Magetan,-7.6551,111.3288
2023-12-19,33.2,23.6,27.3,0.0,0.0,7.01,20.5,24.75,69,35,Magetan,-7.6551,111.3288
2023-12-20,33.2,23.0,27.3,0.0,0.0,6.5,18.6,23.31,69,36,Magetan,-7.6551,111.3288
2023-12-21,33.9,23.0,27.9,0.0,0.0,6.16,20.2,24.31,70,31,Magetan,-7.6551,111.3288
2023-12-22,34.3,24.2,28.1,0.1,0.1,6.43,26.4,25.75,71,34,Magetan,-7.6551,111.3288
2023-12-23,35.3,24.8,29.0,0.2,0.2,7.06,20.2,26.11,72,35,Magetan,-7.6551,111.3288
2023-12-24,36.0,23.9,28.8,1.9,1.9,6.2,13.0,26.02,80,29,Magetan,-7.6551,111.3288
2023-12-25,32.8,24.1,26.9,6.4,6.4,4.76,14.6,21.77,94,44,Magetan,-7.6551,111.3288
2023-12-26,32.2,23.2,26.9,1.6,1.6,4.9,14.0,22.39,99,48,Magetan,-7.6551,111.3288
2023-12-27,31.4,24.5,27.3,2.7,2.7,5.06,17.2,22.4,79,51,Magetan,-7.6551,111.3288
2023-12-28,31.5,24.0,26.9,6.0,6.0,4.81,18.5,22.04,87,54,Magetan,-7.6551,111.3288
2023-12-29,32.8,24.2,27.7,3.0,3.0,5.52,18.6,23.95,84,53,Magetan,-7.6551,111.3288
2023-12-30,31.9,23.4,26.5,3.6,3.6,4.62,13.8,21.82,97,53,Magetan,-7.6551,111.3288
2023-12-31,32.8,24.5,27.1,3.4,3.4,5.03,21.3,21.12,86,51,Magetan,-7.6551,111.3288
2024-01-01,31.0,24.0,26.5,6.0,6.0,4.34,12.4,21.09,94,65,Magetan,-7.6551,111.3288
2024-01-02,31.8,23.2,26.1,7.2,7.2,4.17,9.9,20.15,97,59,Magetan,-7.6551,111.3288
2024-01-03,29.5,23.6,25.3,9.8,9.8,3.21,13.6,16.19,96,70,Magetan,-7.6551,111.3288
2024-01-04,31.0,23.0,25.5,16.9,16.9,4.22,11.2,20.57,99,58,Magetan,-7.6551,111.3288
2024-01-05,31.4,23.0,25.7,10.9,10.9,4.13,10.7,19.92,99,61,Magetan,-7.6551,111.3288
2024-01-06,30.0,23.5,25.8,19.2,19.2,3.85,9.0,18.45,97,62,Magetan,-7.6551,111.3288
2024-01-07,28.7,23.3,24.7,16.3,16.3,2.93,10.2,14.71,99,74,Magetan,-7.6551,111.3288
2024-01-08,28.6,22.8,25.1,3.9,3.9,3.15,9.8,15.57,97,71,Magetan,-7.6551,111.3288
2024-01-09,29.6,23.0,25.7,4.6,4.6,3.85,8.9,18.83,97,65,Magetan,-7.6551,111.3288
2024-01-10,30.4,23.0,25.5,15.8,15.8,4.21,10.8,20.78,99,66,Magetan,-7.6551,111.3288
2024-01-11,31.1,23.5,26.3,2.7,2.7,4.52,8.7,21.9,94,63,Magetan,-7.6551,111.3288
2024-01-12,31.1,22.2,26.6,0.0,0.0,5.56,15.0,24.76,90,52,Magetan,-7.6551,111.3288
2024-01-13,31.8,23.0,27.1,0.7,0.7,5.52,14.6,24.02,80,53,Magetan,-7.6551,111.3288
2024-01-14,31.6,24.0,27.5,0.0,0.0,4.88,12.2,21.84,81,48,Magetan,-7.6551,111.3288
2024-01-15,31.3,23.5,26.9,2.8,2.8,4.75,10.3,22.0,85,53,Magetan,-7.6551,111.3288
2024-01-16,31.0,24.0,26.5,10.6,10.6,4.39,11.1,21.11,96,61,Magetan,-7.6551,111.3288
2024-01-17,27.2,23.1,24.6,70.6,70.6,2.6,11.3,13.22,98,79,Magetan,-7.6551,111.3288
2024-01-18,28.0,23.0,25.0,7.6,7.6,2.22,6.6,10.37,100,73,Magetan,-7.6551,111.3288
2024-01-19,27.3,22.5,24.2,31.7,31.7,2.09,9.3,9.89,100,77,Magetan,-7.6551,111.3288
2024-01-20,28.4,22.6,25.4,3.0,3.0,3.66,7.7,17.85,97,72,Magetan,-7.6551,111.3288
2024-01-21,29.1,23.0,25.5,6.4,6.4,3.96,10.5,19.79,98,71,Magetan,-7.6551,111.3288
2024-01-22,28.5,22.1,25.1,34.6,34.6,4.01,12.4,20.41,99,71,Magetan,-7.6551,111.3288
2024-01-23,28.0,23.6,25.6,4.3,4.3,2.91,8.7,14.27,96,73,Magetan,-7.6551,111.3288
2024-01-24,28.1,23.0,24.7,26.2,26.2,3.43,13.5,17.84,97,73,Magetan,-7.6551,111.3288
2024-01-25,28.8,22.6,24.7,73.2,73.2,4.03,10.5,20.74,99,73,Magetan,-7.6551,111.3288
2024-01-26,28.8,22.2,24.6,36.3,36.3,3.65,10.9,18.97,98,74,Magetan,-7.6551,111.3288
2024-01-27,28.4,22.5,24.3,25.2,25.2,3.35,9.2,17.41,100,75,Magetan,-7.6551,111.3288
2024-01-28,27.0,22.4,24.5,82.4,82.4,3.61,10.2,18.89,98,79,Magetan,-7.6551,111.3288
2024-01-29,26.5,22.6,24.2,59.0,59.0,2.12,8.2,10.53,99,82,Magetan,-7.6551,111.3288
2024-01-30,27.8,22.5,24.8,31.3,31.3,3.22,7.1,16.24,100,77,Magetan,-7.6551,111.3288
2024-01-31,27.5,22.0,24.6,53.0,53.0,3.77,8.7,19.71,98,77,Magetan,-7.6551,111.3288
2024-02-01,28.8,23.1,25.0,41.0,41.0,4.11,11.3,21.09,98,72,Magetan,-7.6551,111.3288
2024-02-02,27.1,23.3,24.8,83.3,83.3,3.03,10.9,15.44,96,78,Magetan,-7.6551,111.3288
2024-02-03,27.1,22.8,24.0,69.4,69.4,2.29,13.4,11.78,99,82,Magetan,-7.6551,111.3288
2024-02-04,27.6,22.1,23.9,78.9,78.9,2.66,8.6,13.67,100,79,Magetan,-7.6551,111.3288
2024-02-05,27.4,22.6,24.4,78.6,78.6,3.07,13.4,15.97,99,77,Magetan,-7.6551,111.3288
2024-02-06,26.5,22.3,23.9,91.0,91.0,2.36,10.4,12.1,100,85,Magetan,-7.6551,111.3288
2024-02-07,28.0,22.3,24.1,33.7,33.7,3.36,8.8,17.14,99,75,Magetan,-7.6551,111.3288
2024-02-08,28.5,22.3,24.9,2.7,2.7,4.15,7.6,20.89,93,71,Magetan,-7.6551,111.3288
2024-02-09,29.8,22.8,25.7,5.5,5.5,4.87,12.0,24.16,98,63,Magetan,-7.6551,111.3288
2024-02-10,27.5,22.2,24.3,30.7,30.7,3.4,8.3,17.38,98,81,Magetan,-7.6551,111.3288
2024-02-11,27.1,22.4,24.2,23.9,23.9,2.81,9.4,14.27,99,84,Magetan,-7.6551,111.3288
2024-02-12,28.1,22.2,24.8,94.4,94.4,3.84,10.2,19.87,96,70,Magetan,-7.6551,111.3288
2024-02-13,30.1,23.0,25.6,25.3,25.3,4.67,10.0,23.67,97,67,Magetan,-7.6551,111.3288
2024-02-14,28.9,22.8,25.3,27.8,27.8,3.73,8.1,18.83,100,73,Magetan,-7.6551,111.3288
2024-02-15,29.6,23.3,25.7,19.7,19.7,4.4,9.2,22.03,100,73,Magetan,-7.6551,111.3288
2024-02-16,30.4,23.1,26.4,0.5,0.5,5.27,7.8,25.95,96,62,Magetan,-7.6551,111.3288
2024-02-17,29.6,23.0,25.4,17.5,17.5,4.18,11.6,20.78,98,66,Magetan,-7.6551,111.3288
2024-02-18,29.4,22.5,25.3,23.0,23.0,4.02,8.9,19.99,98,68,Magetan,-7.6551,111.3288
2024-02-19,29.1,23.4,25.6,4.2,4.2,4.17,10.4,21.12,95,70,Magetan,-7.6551,111.3288
2024-02-20,30.0,24.0,26.1,8.5,8.5,4.4,12.1,21.66,98,66,Magetan,-7.6551,111.3288
2024-02-21,30.6,23.8,26.1,11.8,11.8,4.59,9.9,22.67,99,71,Magetan,-7.6551,111.3288
2024-02-22,29.5,23.2,26.2,5.4,5.4,4.5,13.8,22.83,98,68,Magetan,-7.6551,111.3288
2024-02-23,28.7,23.2,25.3,25.1,25.1,3.42,11.5,17.49,98,75,Magetan,-7.6551,111.3288
2024-02-24,28.4,22.9,25.1,16.2,16.2,3.41,10.0,17.18,99,75,Magetan,-7.6551,111.3288
2024-02-25,28.3,22.8,24.7,32.4,32.4,2.94,10.7,14.92,97,76,Magetan,-7.6551,111.3288
2024-02-26,28.2,22.9,25.1,21.1,21.1,3.63,8.9,18.5,96,73,Magetan,-7.6551,111.3288
2024-02-27,29.6,23.4,25.7,6.6,6.6,4.16,6.8,20.48,96,67,Magetan,-7.6551,111.3288
2024-02-28,28.4,23.1,25.0,3.3,3.3,3.45,14.9,17.91,99,76,Magetan,-7.6551,111.3288
2024-02-29,29.9,23.0,25.8,4.1,4.1,4.41,10.2,22.02,96,69,Magetan,-7.6551,111.3288
2024-03-01,28.3,23.2,25.0,106.4,106.4,2.89,8.3,14.41,98,83,Magetan,-7.6551,111.3288
2024-03-02,28.5,23.6,25.3,72.3,72.3,3.56,12.2,18.22,95,75,Magetan,-7.6551,111.3288
2024-03-03,29.0,23.3,25.5,49.2,49.2,4.07,8.4,20.58,96,68,Magetan,-7.6551,111.3288
2024-03-04,27.6,23.4,25.4,34.2,34.2,3.16,8.4,15.88,98,79,Magetan,-7.6551,111.3288
2024-03-05,28.5,23.6,25.5,34.3,34.3,3.19,6.6,15.83,99,78,Magetan,-7.6551,111.3288
2024-03-06,30.0,23.4,25.5,15.0,15.0,4.0,10.9,20.21,100,65,Magetan,-7.6551,111.3288
2024-03-07,28.5,23.2,25.3,27.8,27.8,3.21,8.5,15.84,100,78,Magetan,-7.6551,111.3288
2024-03-08,29.4,23.4,25.3,53.2,53.2,3.47,10.1,17.54,98,72,Magetan,-7.6551,111.3288
2024-03-09,24.8,22.5,23.5,76.2,76.2,1.07,7.9,4.99,100,91,Magetan,-7.6551,111.3288
2024-03-10,27.0,21.9,24.0,14.4,14.4,2.71,11.3,13.92,100,81,Magetan,-7.6551,111.3288
2024-03-11,28.4,22.6,25.0,2.6,2.6,3.03,13.9,15.18,100,73,Magetan,-7.6551,111.3288
2024-03-12,28.8,24.0,25.8,1.5,1.5,3.69,21.3,17.32,90,69,Magetan,-7.6551,111.3288
2024-03-13,27.8,24.0,25.0,4.9,4.9,2.64,18.9,11.71,91,72,Magetan,-7.6551,111.3288
2024-03-14,27.4,23.1,24.7,6.9,6.9,2.14,13.0,9.93,99,75,Magetan,-7.6551,111.3288
2024-03-15,27.6,22.6,24.5,53.8,53.8,3.41,11.8,17.74,100,80,Magetan,-7.6551,111.3288
2024-03-16,29.0,21.8,24.6,21.1,21.1,4.36,15.3,22.98,100,68,Magetan,-7.6551,111.3288
2024-03-17,27.2,21.8,24.1,35.2,35.2,3.75,13.9,20.2,100,78,Magetan,-7.6551,111.3288
2024-03-18,28.5,21.9,24.8,15.8,15.8,4.27,14.3,22.23,100,68,Magetan,-7.6551,111.3288
2024-03-19,29.4,22.4,25.3,1.8,1.8,4.9,16.6,25.58,98,62,Magetan,-7.6551,111.3288
2024-03-20,30.0,22.3,25.9,2.1,2.1,5.0,9.2,25.2,96,61,Magetan,-7.6551,111.3288
2024-03-21,29.5,23.5,25.6,13.1,13.1,4.4,14.5,22.73,96,72,Magetan,-7.6551,111.3288
2024-03-22,29.3,23.0,25.8,0.8,0.8,4.46,10.7,22.32,94,66,Magetan,-7.6551,111.3288
2024-03-23,30.7,23.5,26.8,0.7,0.7,5.43,12.6,25.59,88,59,Magetan,-7.6551,111.3288
2024-03-24,30.5,23.4,26.2,1.7,1.7,4.83,9.7,23.77,87,57,Magetan,-7.6551,111.3288
2024-03-25,30.1,23.7,26.4,1.0,1.0,4.24,12.0,19.83,87,57,Magetan,-7.6551,111.3288
2024-03-26,29.8,24.5,26.5,1.2,1.2,5.06,20.3,22.31,83,68,Magetan,-7.6551,111.3288
2024-03-27,30.2,24.6,26.5,0.4,0.4,5.18,16.9,22.84,80,58,Magetan,-7.6551,111.3288
2024-03-28,28.9,23.9,25.6,17.6,17.6,3.7,13.0,17.81,92,72,Magetan,-7.6551,111.3288
2024-03-29,29.9,23.4,26.1,0.8,0.8,4.63,13.3,22.97,90,64,Magetan,-7.6551,111.3288
2024-03-30,31.1,24.7,26.8,2.1,2.1,5.04,13.6,23.76,92,63,Magetan,-7.6551,111.3288
2024-03-31,30.1,24.4,26.8,1.5,1.5,5.18,18.9,23.8,90,65,Magetan,-7.6551,111.3288
2024-04-01,29.6,24.4,26.0,15.2,15.2,4.44,16.8,21.57,88,72,Magetan,-7.6551,111.3288
2024-04-02,30.0,23.9,26.1,11.0,11.0,4.17,13.2,20.19,89,70,Magetan,-7.6551,111.3288
2024-04-03,30.0,23.4,26.5,3.3,3.3,4.53,12.3,22.15,92,68,Magetan,-7.6551,111.3288
2024-04-04,31.2,23.2,26.7,3.3,3.3,5.07,10.9,24.6,97,58,Magetan,-7.6551,111.3288
2024-04-05,29.9,23.2,25.9,13.9,13.9,3.73,7.1,18.48,99,73,Magetan,-7.6551,111.3288
2024-04-06,30.4,22.3,26.5,0.7,0.7,4.92,14.7,23.37,100,61,Magetan,-7.6551,111.3288
2024-04-07,31.0,22.4,25.9,14.8,14.8,4.42,12.0,21.73,96,60,Magetan,-7.6551,111.3288
2024-04-08,29.1,23.4,25.7,50.1,50.1,3.8,10.5,18.84,95,71,Magetan,-7.6551,111.3288
2024-04-09,28.2,23.2,24.9,47.2,47.2,2.88,10.5,14.46,97,75,Magetan,-7.6551,111.3288
2024-04-10,29.1,22.6,25.1,15.7,15.7,3.54,10.5,17.64,96,74,Magetan,-7.6551,111.3288
2024-04-11,28.5,23.3,25.2,7.6,7.6,3.28,11.9,16.66,97,77,Magetan,-7.6551,111.3288
2024-04-12,29.6,23.6,25.9,9.0,9.0,4.38,9.8,21.87,99,68,Magetan,-7.6551,111.3288
2024-04-13,29.6,23.4,25.7,2.0,2.0,4.07,9.3,20.38,94,67,Magetan,-7.6551,111.3288
2024-04-14,30.0,24.0,25.9,4.0,4.0,4.16,11.2,20.56,93,71,Magetan,-7.6551,111.3288
2024-04-15,29.5,24.2,26.0,2.4,2.4,4.32,10.4,21.66,94,67,Magetan,-7.6551,111.3288
2024-04-16,30.5,23.9,26.5,3.7,3.7,4.79,25.0,21.65,87,62,Magetan,-7.6551,111.3288
2024-04-17,27.8,24.5,25.8,26.0,26.0,3.52,26.1,14.75,86,77,Magetan,-7.6551,111.3288
2024-04-18,29.1,24.2,25.6,5.7,5.7,4.08,18.7,19.01,90,70,Magetan,-7.6551,111.3288
2024-04-19,29.5,24.0,25.7,9.5,9.5,4.2,15.5,20.09,92,67,Magetan,-7.6551,111.3288
2024-04-20,29.9,24.5,26.4,1.1,1.1,4.34,12.3,20.63,91,66,Magetan,-7.6551,111.3288
2024-04-21,29.2,23.8,26.0,11.1,11.1,3.78,12.6,18.75,90,71,Magetan,-7.6551,111.3288
2024-04-22,29.2,24.5,26.1,6.9,6.9,3.77,20.0,17.25,89,72,Magetan,-7.6551,111.3288
2024-04-23,28.0,24.3,25.7,10.9,10.9,3.12,13.5,14.51,91,76,Magetan,-7.6551,111.3288
2024-04-24,29.4,23.4,25.7,18.7,18.7,3.47,12.8,16.96,91,73,Magetan,-7.6551,111.3288
2024-04-25,27.6,23.1,24.9,14.9,14.9,2.42,9.7,12.45,94,83,Magetan,-7.6551,111.3288
2024-04-26,29.5,23.4,25.9,2.6,2.6,4.03,10.2,20.46,93,71,Magetan,-7.6551,111.3288
2024-04-27,29.8,23.1,26.1,1.9,1.9,4.38,12.8,21.29,91,61,Magetan,-7.6551,111.3288
2024-04-28,30.5,24.5,26.9,4.3,4.3,4.93,19.2,22.19,80,63,Magetan,-7.6551,111.3288
2024-04-29,30.5,24.8,26.8,0.0,0.0,5.19,21.8,22.66,84,65,Magetan,-7.6551,111.3288
2024-04-30,30.0,24.4,26.3,1.8,1.8,4.62,21.7,20.47,85,64,Magetan,-7.6551,111.3288
2024-05-01,30.1,24.3,26.6,0.1,0.1,4.99,20.9,21.54,83,65,Magetan,-7.6551,111.3288
2024-05-02,30.0,24.4,26.3,0.4,0.4,4.92,25.1,21.5,81,67,Magetan,-7.6551,111.3288
2024-05-03,30.0,24.0,26.2,0.4,0.4,5.2,23.6,21.64,80,62,Magetan,-7.6551,111.3288
2024-05-04,29.2,23.8,25.6,0.0,0.0,5.31,25.7,21.68,75,64,Magetan,-7.6551,111.3288
2024-05-05,29.7,23.6,25.7,0.0,0.0,5.51,22.7,21.75,75,57,Magetan,-7.6551,111.3288
2024-05-06,28.9,23.2,25.5,0.0,0.0,5.4,23.9,21.33,73,63,Magetan,-7.6551,111.3288
2024-05-07,29.8,23.5,25.8,0.1,0.1,5.22,22.9,21.83,80,62,Magetan,-7.6551,111.3288
2024-05-08,29.8,23.6,26.2,3.2,3.2,4.51,18.2,21.07,87,64,Magetan,-7.6551,111.3288
2024-05-09,29.7,23.9,25.9,12.6,12.6,3.9,17.7,18.33,87,66,Magetan,-7.6551,111.3288
2024-05-10,30.8,24.1,26.9,0.2,0.2,4.88,17.7,21.71,84,58,Magetan,-7.6551,111.3288
2024-05-11,30.0,24.6,26.5,3.5,3.5,4.58,18.8,20.02,82,63,Magetan,-7.6551,111.3288
2024-05-12,30.5,24.9,26.9,1.1,1.1,4.79,15.8,20.96,79,59,Magetan,-7.6551,111.3288
2024-05-13,30.9,24.0,26.7,0.2,0.2,4.83,16.4,20.84,77,57,Magetan,-7.6551,111.3288
2024-05-14,31.2,24.2,27.1,1.4,1.4,4.92,15.8,21.63,88,53,Magetan,-7.6551,111.3288
2024-05-15,30.1,24.1,26.4,0.3,0.3,4.82,18.9,20.53,89,60,Magetan,-7.6551,111.3288
2024-05-16,31.0,23.4,26.2,0.0,0.0,5.21,18.9,21.09,79,54,Magetan,-7.6551,111.3288
2024-05-17,30.8,24.1,26.5,0.0,0.0,5.18,19.2,21.55,78,56,Magetan,-7.6551,111.3288
2024-05-18,30.6,24.0,26.4,0.0,0.0,5.3,24.5,21.41,79,57,Magetan,-7.6551,111.3288
2024-05-19,30.0,23.3,25.6,0.0,0.0,5.27,26.6,20.31,79,54,Magetan,-7.6551,111.3288
2024-05-20,30.2,23.3,25.9,0.0,0.0,5.37,22.6,20.93,77,55,Magetan,-7.6551,111.3288
2024-05-21,30.5,23.9,26.2,0.0,0.0,5.4,20.9,20.88,72,52,Magetan,-7.6551,111.3288
2024-05-22,31.0,23.7,26.7,0.2,0.2,5.06,16.2,20.65,76,52,Magetan,-7.6551,111.3288
2024-05-23,30.2,23.6,25.9,8.0,8.0,3.8,16.4,17.07,96,59,Magetan,-7.6551,111.3288
2024-05-24,29.5,23.5,25.7,9.2,9.2,3.7,17.6,17.31,96,66,Magetan,-7.6551,111.3288
2024-05-25,29.1,23.5,25.7,22.4,22.4,3.88,21.5,15.21,88,65,Magetan,-7.6551,111.3288
2024-05-26,29.4,23.9,25.9,0.0,0.0,5.09,23.8,20.74,78,63,Magetan,-7.6551,111.3288
2024-05-27,30.5,24.0,26.4,1.4,1.4,4.68,17.5,20.37,83,60,Magetan,-7.6551,111.3288
2024-05-28,29.4,23.7,26.4,2.9,2.9,4.0,8.5,19.79,92,65,Magetan,-7.6551,111.3288
2024-05-29,30.0,22.8,26.4,0.2,0.2,4.24,13.7,20.43,90,59,Magetan,-7.6551,111.3288
2024-05-30,31.0,24.1,26.8,0.0,0.0,4.78,18.8,20.47,82,54,Magetan,-7.6551,111.3288
2024-05-31,30.6,24.5,26.8,0.4,0.4,4.8,18.8,19.76,78,58,Magetan,-7.6551,111.3288
2024-06-01,31.4,25.0,27.2,1.3,1.3,4.71,18.0,19.92,78,56,Magetan,-7.6551,111.3288
2024-06-02,30.4,24.4,26.6,5.0,5.0,3.99,19.1,18.29,84,60,Magetan,-7.6551,111.3288
2024-06-03,30.5,24.8,26.7,0.0,0.0,5.26,28.1,20.22,75,55,Magetan,-7.6551,111.3288
2024-06-04,31.4,24.1,26.7,0.0,0.0,5.33,22.5,19.4,74,51,Magetan,-7.6551,111.3288
2024-06-05,31.0,23.9,26.5,0.0,0.0,5.34,25.6,20.45,79,51,Magetan,-7.6551,111.3288
2024-06-06,31.0,23.5,26.4,0.1,0.1,4.94,24.7,20.09,81,50,Magetan,-7.6551,111.3288
2024-06-07,30.0,23.5,26.0,0.9,0.9,4.45,20.6,19.04,80,56,Magetan,-7.6551,111.3288
2024-06-08,31.4,23.6,26.6,0.4,0.4,4.7,19.8,19.93,82,51,Magetan,-7.6551,111.3288
2024-06-09,31.5,24.0,26.5,1.3,1.3,4.36,18.9,18.09,82,54,Magetan,-7.6551,111.3288
2024-06-10,31.8,24.3,27.0,0.6,0.6,4.68,14.8,19.99,80,54,Magetan,-7.6551,111.3288
2024-06-11,31.4,24.5,27.0,0.7,0.7,4.43,14.8,19.64,84,50,Magetan,-7.6551,111.3288
2024-06-12,32.2,23.5,26.4,2.6,2.6,4.58,16.9,19.43,91,47,Magetan,-7.6551,111.3288
2024-06-13,30.0,23.0,26.0,3.8,3.8,3.76,15.1,17.43,89,58,Magetan,-7.6551,111.3288
2024-06-14,30.9,23.5,26.1,11.8,11.8,3.71,10.2,18.15,95,56,Magetan,-7.6551,111.3288
2024-06-15,29.3,23.1,25.0,3.9,3.9,3.01,15.5,15.21,94,67,Magetan,-7.6551,111.3288
2024-06-16,30.6,22.5,26.1,0.0,0.0,4.61,19.3,20.64,86,51,Magetan,-7.6551,111.3288
2024-06-17,31.3,23.3,26.5,1.2,1.2,4.06,11.9,17.96,83,48,Magetan,-7.6551,111.3288
2024-06-18,30.0,23.2,25.8,0.1,0.1,4.46,20.6,19.51,86,55,Magetan,-7.6551,111.3288
2024-06-19,30.0,23.0,25.4,0.0,0.0,5.14,20.2,20.48,76,48,Magetan,-7.6551,111.3288
2024-06-20,30.8,22.6,25.4,0.0,0.0,5.21,24.7,20.88,81,48,Magetan,-7.6551,111.3288
2024-06-21,29.8,22.5,25.2,0.0,0.0,5.42,24.8,21.34,79,49,Magetan,-7.6551,111.3288
2024-06-22,29.6,22.5,25.1,0.0,0.0,5.01,24.2,19.13,80,49,Magetan,-7.6551,111.3288
2024-06-23,30.1,22.8,25.5,0.3,0.3,4.88,25.6,18.9,81,52,Magetan,-7.6551,111.3288
2024-06-24,29.2,23.3,25.5,2.7,2.7,4.38,25.7,17.23,84,59,Magetan,-7.6551,111.3288
2024-06-25,30.4,23.5,25.9,1.0,1.0,4.61,22.3,18.62,80,54,Magetan,-7.6551,111.3288
2024-06-26,31.4,23.5,26.7,8.5,8.5,4.36,17.3,18.98,90,52,Magetan,-7.6551,111.3288
2024-06-27,31.1,23.6,26.6,0.5,0.5,4.05,10.7,18.99,91,53,Magetan,-7.6551,111.3288
2024-06-28,31.0,23.3,26.6,0.4,0.4,4.08,14.1,18.71,89,55,Magetan,-7.6551,111.3288
2024-06-29,30.3,24.0,26.2,1.8,1.8,4.41,23.1,18.32,82,60,Magetan,-7.6551,111.3288
2024-06-30,31.1,23.8,26.4,0.0,0.0,5.45,25.9,19.72,81,54,Magetan,-7.6551,111.3288
2024-07-01,31.1,23.9,26.4,0.0,0.0,5.17,21.8,19.14,76,46,Magetan,-7.6551,111.3288
2024-07-02,29.5,23.8,26.0,0.9,0.9,4.11,20.5,15.8,82,58,Magetan,-7.6551,111.3288
2024-07-03,30.4,24.0,26.3,2.3,2.3,4.7,25.2,17.27,82,55,Magetan,-7.6551,111.3288
2024-07-04,26.8,23.5,24.5,6.0,6.0,2.98,22.4,12.11,86,74,Magetan,-7.6551,111.3288
2024-07-05,30.0,23.4,25.6,0.1,0.1,4.64,24.8,18.88,80,53,Magetan,-7.6551,111.3288
2024-07-06,30.4,23.2,25.7,1.5,1.5,4.28,16.1,18.67,89,53,Magetan,-7.6551,111.3288
2024-07-07,30.1,22.5,25.5,1.3,1.3,3.69,11.1,17.82,86,58,Magetan,-7.6551,111.3288
2024-07-08,30.4,23.4,25.8,0.0,0.0,5.05,22.0,20.53,84,52,Magetan,-7.6551,111.3288
2024-07-09,30.9,22.3,25.9,0.0,0.0,4.87,21.4,20.57,78,41,Magetan,-7.6551,111.3288
2024-07-10,31.1,23.4,26.2,0.0,0.0,5.42,27.1,20.55,78,47,Magetan,-7.6551,111.3288
2024-07-11,29.0,22.3,24.6,0.0,0.0,5.45,29.3,20.63,80,49,Magetan,-7.6551,111.3288
2024-07-12,29.0,22.1,24.7,0.0,0.0,5.7,25.4,20.94,76,50,Magetan,-7.6551,111.3288
2024-07-13,28.7,22.0,24.3,0.0,0.0,5.78,27.4,21.86,74,42,Magetan,-7.6551,111.3288
2024-07-14,28.4,20.7,23.8,0.0,0.0,5.86,28.3,21.66,74,46,Magetan,-7.6551,111.3288
2024-07-15,28.8,21.2,24.1,0.0,0.0,5.66,27.4,21.52,76,45,Magetan,-7.6551,111.3288
2024-07-16,30.1,21.8,24.7,0.0,0.0,5.36,26.1,19.29,77,47,Magetan,-7.6551,111.3288
2024-07-17,31.0,22.0,25.2,0.0,0.0,5.51,24.3,21.43,78,37,Magetan,-7.6551,111.3288
2024-07-18,31.0,22.1,25.5,0.0,0.0,5.36,20.4,21.62,79,36,Magetan,-7.6551,111.3288
2024-07-19,30.3,22.4,25.0,0.0,0.0,6.01,28.5,22.01,72,42,Magetan,-7.6551,111.3288
2024-07-20,30.1,22.0,24.8,0.0,0.0,5.78,25.4,21.82,74,42,Magetan,-7.6551,111.3288
2024-07-21,30.0,21.7,24.8,0.0,0.0,5.73,25.4,21.08,75,45,Magetan,-7.6551,111.3288
2024-07-22,30.2,21.8,25.0,0.0,0.0,5.33,23.9,20.2,76,46,Magetan,-7.6551,111.3288
2024-07-23,30.7,22.5,25.7,0.0,0.0,5.17,22.0,19.79,79,47,Magetan,-7.6551,111.3288
2024-07-24,30.9,23.2,26.1,0.0,0.0,4.79,22.5,15.86,75,42,Magetan,-7.6551,111.3288
2024-07-25,31.5,22.9,25.9,0.0,0.0,5.49,24.8,20.04,68,39,Magetan,-7.6551,111.3288
2024-07-26,31.4,22.4,25.6,0.0,0.0,5.88,22.3,21.48,71,41,Magetan,-7.6551,111.3288
2024-07-27,31.1,22.1,25.3,0.0,0.0,5.56,27.5,21.65,82,43,Magetan,-7.6551,111.3288
2024-07-28,30.5,22.4,25.2,0.0,0.0,5.57,25.6,21.51,78,46,Magetan,-7.6551,111.3288
2024-07-29,30.5,22.1,25.2,0.0,0.0,5.27,25.1,19.86,80,46,Magetan,-7.6551,111.3288
2024-07-30,31.2,22.5,25.8,0.0,0.0,5.64,23.4,21.77,79,46,Magetan,-7.6551,111.3288
2024-07-31,31.8,23.4,26.4,0.4,0.4,5.18,18.1,20.99,83,47,Magetan,-7.6551,111.3288
2024-08-01,30.9,23.4,26.2,2.1,2.1,4.72,18.3,19.75,81,53,Magetan,-7.6551,111.3288
2024-08-02,31.0,22.8,25.7,2.3,2.3,4.19,13.4,19.22,89,53,Magetan,-7.6551,111.3288
2024-08-03,31.1,22.8,26.1,0.0,0.0,4.97,19.2,21.64,87,46,Magetan,-7.6551,111.3288
2024-08-04,30.1,23.2,25.7,0.0,0.0,5.83,25.2,21.92,74,50,Magetan,-7.6551,111.3288
2024-08-05,31.4,22.8,26.0,0.0,0.0,6.58,22.6,22.94,68,37,Magetan,-7.6551,111.3288
2024-08-06,30.6,22.1,25.3,0.0,0.0,6.0,24.6,22.61,74,43,Magetan,-7.6551,111.3288
2024-08-07,31.0,22.4,25.6,0.0,0.0,5.68,25.6,21.66,79,47,Magetan,-7.6551,111.3288
2024-08-08,29.7,23.0,25.5,1.2,1.2,5.18,27.4,20.45,82,52,Magetan,-7.6551,111.3288
2024-08-09,30.7,23.0,25.5,0.0,0.0,5.2,26.0,19.6,80,50,Magetan,-7.6551,111.3288
2024-08-10,31.0,22.4,25.4,0.0,0.0,5.55,26.7,22.09,80,48,Magetan,-7.6551,111.3288
2024-08-11,28.8,21.0,24.1,0.0,0.0,6.63,30.6,23.63,74,43,Magetan,-7.6551,111.3288
2024-08-12,30.0,20.5,24.3,0.0,0.0,6.99,25.1,24.0,64,30,Magetan,-7.6551,111.3288
2024-08-13,30.6,21.9,25.2,0.0,0.0,6.14,24.8,22.67,68,42,Magetan,-7.6551,111.3288
2024-08-14,31.0,22.0,25.4,0.0,0.0,6.51,27.1,22.87,77,42,Magetan,-7.6551,111.3288
2024-08-15,29.3,21.3,24.2,0.0,0.0,6.42,30.2,23.43,77,43,Magetan,-7.6551,111.3288
2024-08-16,29.7,21.6,24.6,0.0,0.0,6.02,24.5,22.95,69,45,Magetan,-7.6551,111.3288
2024-08-17,31.4,22.0,25.6,0.0,0.0,6.22,23.7,23.16,70,40,Magetan,-7.6551,111.3288
2024-08-18,31.5,22.2,25.7,0.0,0.0,6.4,27.9,23.55,74,37,Magetan,-7.6551,111.3288
2024-08-19,31.2,22.3,25.4,0.0,0.0,6.56,28.6,23.69,72,40,Magetan,-7.6551,111.3288
2024-08-20,32.2,22.1,25.7,0.0,0.0,6.31,23.2,23.88,73,31,Magetan,-7.6551,111.3288
2024-08-21,32.0,22.1,25.9,0.0,0.0,6.14,20.9,23.82,76,36,Magetan,-7.6551,111.3288
2024-08-22,32.8,22.0,26.2,0.0,0.0,5.57,24.1,22.42,74,35,Magetan,-7.6551,111.3288
2024-08-23,31.8,22.4,25.7,0.0,0.0,6.02,25.8,22.18,76,37,Magetan,-7.6551,111.3288
2024-08-24,30.2,22.3,25.3,0.0,0.0,6.26,30.5,23.37,77,45,Magetan,-7.6551,111.3288
2024-08-25,31.0,22.3,25.5,0.0,0.0,6.12,26.5,22.38,76,43,Magetan,-7.6551,111.3288
2024-08-26,31.1,22.6,26.0,0.0,0.0,6.69,30.3,23.26,78,47,Magetan,-7.6551,111.3288
2024-08-27,30.9,23.0,25.8,0.0,0.0,7.16,32.4,23.45,72,41,Magetan,-7.6551,111.3288
2024-08-28,31.5,22.9,26.4,0.1,0.1,7.12,26.9,23.31,72,37,Magetan,-7.6551,111.3288
2024-08-29,31.0,23.0,26.2,0.0,0.0,7.2,34.2,23.75,69,40,Magetan,-7.6551,111.3288
2024-08-30,32.0,22.5,26.4,0.0,0.0,7.79,29.2,24.25,72,31,Magetan,-7.6551,111.3288
2024-08-31,31.4,22.5,25.9,0.0,0.0,6.49,23.8,23.9,73,44,Magetan,-7.6551,111.3288
2024-09-01,32.5,22.5,26.2,0.0,0.0,6.14,26.6,23.31,77,41,Magetan,-7.6551,111.3288
2024-09-02,32.7,23.4,26.7,0.0,0.0,6.81,25.5,24.62,73,38,Magetan,-7.6551,111.3288
2024-09-03,32.0,22.5,26.0,0.0,0.0,6.57,25.8,24.07,76,34,Magetan,-7.6551,111.3288
2024-09-04,32.8,23.5,26.8,0.4,0.4,5.82,22.3,21.92,75,41,Magetan,-7.6551,111.3288
2024-09-05,32.3,23.6,26.8,0.2,0.2,6.18,24.6,22.94,76,44,Magetan,-7.6551,111.3288
2024-09-06,32.0,23.1,26.3,0.0,0.0,6.61,28.4,23.71,79,44,Magetan,-7.6551,111.3288
2024-09-07,32.0,22.9,26.3,0.0,0.0,5.92,28.1,21.54,81,42,Magetan,-7.6551,111.3288
2024-09-08,32.3,23.5,26.1,2.0,2.0,5.45,24.5,21.91,87,45,Magetan,-7.6551,111.3288
2024-09-09,31.5,23.8,26.6,1.0,1.0,5.56,20.6,23.68,85,52,Magetan,-7.6551,111.3288
2024-09-10,30.2,22.8,25.3,6.7,6.7,4.31,18.2,20.44,92,56,Magetan,-7.6551,111.3288
2024-09-11,31.0,23.2,26.1,1.4,1.4,5.55,23.9,23.69,89,51,Magetan,-7.6551,111.3288
2024-09-12,30.4,23.1,25.8,0.0,0.0,6.44,26.3,24.89,76,45,Magetan,-7.6551,111.3288
2024-09-13,30.8,22.6,25.7,0.0,0.0,6.8,27.1,24.94,76,41,Magetan,-7.6551,111.3288
2024-09-14,30.6,22.9,26.0,2.4,2.4,6.75,24.2,23.94,73,42,Magetan,-7.6551,111.3288
2024-09-15,31.1,23.3,26.1,0.9,0.9,7.2,27.5,24.15,67,38,Magetan,-7.6551,111.3288
2024-09-16,31.0,22.8,26.2,0.0,0.0,6.9,28.0,22.6,70,39,Magetan,-7.6551,111.3288
2024-09-17,31.9,22.8,26.4,0.0,0.0,8.1,26.0,23.66,66,28,Magetan,-7.6551,111.3288
2024-09-18,32.5,23.1,26.8,0.0,0.0,7.81,22.6,23.84,55,29,Magetan,-7.6551,111.3288
2024-09-19,35.0,22.9,27.2,0.0,0.0,6.86,26.0,25.41,72,21,Magetan,-7.6551,111.3288
2024-09-20,33.8,22.9,27.4,1.5,1.5,5.74,14.6,23.67,81,34,Magetan,-7.6551,111.3288
2024-09-21,33.3,22.5,27.7,1.3,1.3,5.19,15.1,22.62,94,37,Magetan,-7.6551,111.3288
2024-09-22,35.0,24.2,28.7,1.0,1.0,5.45,13.0,23.16,77,36,Magetan,-7.6551,111.3288
2024-09-23,31.0,23.5,25.7,10.9,10.9,3.65,10.2,17.64,94,53,Magetan,-7.6551,111.3288
2024-09-24,30.9,23.8,25.9,12.8,12.8,4.15,17.4,19.76,88,56,Magetan,-7.6551,111.3288
2024-09-25,30.8,23.5,25.8,9.1,9.1,4.62,13.7,21.17,95,54,Magetan,-7.6551,111.3288
2024-09-26,30.4,23.0,25.5,2.9,2.9,4.22,18.5,20.37,96,60,Magetan,-7.6551,111.3288
2024-09-27,31.1,23.0,26.7,1.1,1.1,5.3,18.1,23.08,93,52,Magetan,-7.6551,111.3288
2024-09-28,32.4,24.5,27.5,0.1,0.1,6.22,21.7,24.47,75,45,Magetan,-7.6551,111.3288
2024-09-29,33.2,24.5,27.5,0.0,0.0,6.72,24.0,25.06,74,40,Magetan,-7.6551,111.3288
2024-09-30,32.7,24.5,27.6,0.2,0.2,6.54,22.3,24.66,75,41,Magetan,-7.6551,111.3288
2024-10-01,33.5,24.5,27.5,0.2,0.2,6.48,25.8,24.57,75,39,Magetan,-7.6551,111.3288
2024-10-02,33.6,24.7,28.0,0.1,0.1,6.8,26.3,25.33,71,39,Magetan,-7.6551,111.3288
2024-10-03,33.3,24.1,27.4,0.2,0.2,6.19,24.7,24.26,72,37,Magetan,-7.6551,111.3288
2024-10-04,33.4,25.0,27.8,0.0,0.0,6.84,24.0,24.51,74,40,Magetan,-7.6551,111.3288
2024-10-05,33.3,24.2,27.6,1.1,1.1,6.49,23.2,24.43,78,40,Magetan,-7.6551,111.3288
2024-10-06,33.8,24.5,27.6,0.7,0.7,6.46,22.4,24.88,76,34,Magetan,-7.6551,111.3288
2024-10-07,33.0,23.6,27.1,0.1,0.1,6.7,27.2,24.73,78,40,Magetan,-7.6551,111.3288
2024-10-08,31.8,24.1,27.1,0.2,0.2,6.69,25.9,24.55,77,46,Magetan,-7.6551,111.3288
2024-10-09,33.2,24.2,27.4,0.1,0.1,6.68,22.7,25.39,74,40,Magetan,-7.6551,111.3288
2024-10-10,34.2,24.5,27.9,0.3,0.3,6.78,24.6,25.35,71,37,Magetan,-7.6551,111.3288
2024-10-11,33.2,24.5,28.0,1.1,1.1,6.54,20.7,24.54,70,43,Magetan,-7.6551,111.3288
2024-10-12,35.7,25.6,28.8,0.0,0.0,6.81,23.8,25.41,76,32,Magetan,-7.6551,111.3288
2024-10-13,34.2,24.6,28.4,0.9,0.9,6.63,24.3,23.89,76,42,Magetan,-7.6551,111.3288
2024-10-14,33.7,24.6,28.3,0.5,0.5,6.92,23.6,24.0,76,37,Magetan,-7.6551,111.3288
2024-10-15,33.0,24.5,28.0,0.0,0.0,8.54,31.8,25.2,71,27,Magetan,-7.6551,111.3288
2024-10-16,32.6,23.9,27.4,0.0,0.0,8.92,30.5,26.46,67,31,Magetan,-7.6551,111.3288
2024-10-17,33.2,23.2,26.9,0.0,0.0,7.6,27.5,24.7,71,33,Magetan,-7.6551,111.3288
2024-10-18,33.5,23.4,27.2,0.0,0.0,6.82,29.3,24.97,73,36,Magetan,-7.6551,111.3288
2024-10-19,33.2,23.7,26.5,5.8,5.8,4.78,15.2,21.05,89,44,Magetan,-7.6551,111.3288
2024-10-20,29.2,22.1,24.8,12.1,12.1,3.98,14.2,19.4,97,64,Magetan,-7.6551,111.3288
2024-10-21,29.8,24.1,25.7,21.0,21.0,4.86,17.0,21.93,86,62,Magetan,-7.6551,111.3288
2024-10-22,30.1,23.7,26.0,1.5,1.5,5.36,20.2,22.6,81,56,Magetan,-7.6551,111.3288
2024-10-23,30.1,23.5,26.1,0.0,0.0,5.64,21.3,24.21,81,58,Magetan,-7.6551,111.3288
2024-10-24,29.5,23.5,26.0,0.9,0.9,5.38,18.3,23.57,79,61,Magetan,-7.6551,111.3288
2024-10-25,30.1,23.7,26.4,1.2,1.2,5.51,19.7,23.9,82,60,Magetan,-7.6551,111.3288
2024-10-26,30.2,24.1,26.7,0.2,0.2,6.13,24.1,24.88,80,57,Magetan,-7.6551,111.3288
2024-10-27,31.9,24.4,27.4,0.1,0.1,6.52,20.6,25.73,74,50,Magetan,-7.6551,111.3288
2024-10-28,32.4,24.1,27.6,0.2,0.2,6.32,19.4,25.82,77,46,Magetan,-7.6551,111.3288
2024-10-29,32.3,24.1,27.5,0.0,0.0,6.79,26.7,26.21,78,48,Magetan,-7.6551,111.3288
2024-10-30,31.2,24.5,27.0,0.9,0.9,6.15,23.4,24.31,78,51,Magetan,-7.6551,111.3288
2024-10-31,32.1,24.5,27.3,2.4,2.4,5.33,19.8,23.35,91,55,Magetan,-7.6551,111.3288
2024-11-01,28.0,22.9,25.3,14.5,14.5,3.18,12.6,15.9,94,73,Magetan,-7.6551,111.3288
2024-11-02,30.6,23.9,26.2,6.0,6.0,4.14,9.1,20.02,89,60,Magetan,-7.6551,111.3288
2024-11-03,29.1,22.7,24.7,13.2,13.2,3.58,15.5,18.24,96,66,Magetan,-7.6551,111.3288
2024-11-04,30.5,22.9,25.3,15.9,15.9,4.25,14.3,20.98,94,59,Magetan,-7.6551,111.3288
2024-11-05,30.7,23.2,26.3,8.2,8.2,5.23,15.1,24.59,90,57,Magetan,-7.6551,111.3288
2024-11-06,30.5,22.5,26.4,1.1,1.1,5.12,9.2,24.58,93,52,Magetan,-7.6551,111.3288
2024-11-07,31.2,23.3,27.0,0.3,0.3,5.45,12.3,24.86,79,49,Magetan,-7.6551,111.3288
2024-11-08,31.0,22.9,26.6,3.4,3.4,5.3,15.2,24.14,82,54,Magetan,-7.6551,111.3288
2024-11-09,30.9,23.8,26.6,7.3,7.3,4.54,13.7,20.47,94,59,Magetan,-7.6551,111.3288
2024-11-10,31.5,22.6,25.9,5.1,5.1,4.56,8.9,22.24,96,58,Magetan,-7.6551,111.3288
2024-11-11,30.3,22.9,25.3,8.8,8.8,4.14,14.1,20.32,97,61,Magetan,-7.6551,111.3288
2024-11-12,30.0,22.6,25.9,2.9,2.9,4.68,10.3,22.8,97,62,Magetan,-7.6551,111.3288
2024-11-13,30.8,23.1,26.3,0.9,0.9,4.66,15.1,22.9,90,64,Magetan,-7.6551,111.3288
2024-11-14,31.8,24.5,27.2,0.3,0.3,5.81,20.6,25.06,78,47,Magetan,-7.6551,111.3288
2024-11-15,31.6,24.1,27.0,0.8,0.8,5.11,10.5,24.33,85,54,Magetan,-7.6551,111.3288
2024-11-16,31.9,24.0,25.8,29.0,29.0,4.05,10.5,19.63,96,58,Magetan,-7.6551,111.3288
2024-11-17,30.4,23.4,25.7,8.8,8.8,4.53,14.1,22.59,96,65,Magetan,-7.6551,111.3288
2024-11-18,30.4,22.8,25.3,13.4,13.4,4.29,11.4,21.47,96,64,Magetan,-7.6551,111.3288
2024-11-19,30.7,23.0,25.4,6.1,6.1,4.41,13.5,21.84,99,62,Magetan,-7.6551,111.3288
2024-11-20,30.4,23.4,25.5,5.3,5.3,4.49,9.5,22.33,98,63,Magetan,-7.6551,111.3288
2024-11-21,30.4,23.4,25.7,2.9,2.9,4.22,9.8,21.07,97,64,Magetan,-7.6551,111.3288
2024-11-22,29.6,23.0,25.3,13.9,13.9,3.93,8.5,19.62,98,71,Magetan,-7.6551,111.3288
2024-11-23,30.5,23.9,26.0,6.2,6.2,4.17,12.2,20.19,97,61,Magetan,-7.6551,111.3288
2024-11-24,30.0,23.5,25.5,2.9,2.9,3.87,11.1,19.16,99,68,Magetan,-7.6551,111.3288
2024-11-25,29.1,23.2,25.6,11.4,11.4,4.27,7.8,21.5,98,67,Magetan,-7.6551,111.3288
2024-11-26,29.8,23.1,26.1,0.1,0.1,3.97,9.5,19.22,99,66,Magetan,-7.6551,111.3288
2024-11-27,30.2,23.7,26.2,15.3,15.3,4.17,8.2,20.13,98,60,Magetan,-7.6551,111.3288
2024-11-28,29.2,24.0,26.1,0.5,0.5,3.64,18.6,16.2,93,67,Magetan,-7.6551,111.3288
2024-11-29,30.5,24.2,26.7,0.8,0.8,4.41,17.6,18.85,82,58,Magetan,-7.6551,111.3288
2024-11-30,28.9,23.7,25.7,7.5,7.5,3.24,13.4,15.08,94,64,Magetan,-7.6551,111.3288
2024-12-01,29.8,23.0,25.7,1.9,1.9,3.53,17.3,16.27,95,64,Magetan,-7.6551,111.3288
2024-12-02,30.0,23.0,25.1,12.5,12.5,3.14,11.0,15.39,98,63,Magetan,-7.6551,111.3288
2024-12-03,29.8,23.1,25.7,9.0,9.0,4.01,14.6,19.77,96,66,Magetan,-7.6551,111.3288
2024-12-04,28.8,23.1,25.2,0.4,0.4,2.99,11.2,14.36,99,74,Magetan,-7.6551,111.3288
2024-12-05,29.2,23.2,25.0,30.9,30.9,3.46,8.4,17.37,99,75,Magetan,-7.6551,111.3288
2024-12-06,26.5,22.6,23.8,82.2,82.2,2.22,9.2,11.33,100,81,Magetan,-7.6551,111.3288
2024-12-07,28.0,22.6,24.5,31.8,31.8,2.92,9.8,14.82,99,78,Magetan,-7.6551,111.3288
2024-12-08,28.4,22.6,24.9,54.0,54.0,3.76,8.6,19.14,97,80,Magetan,-7.6551,111.3288
2024-12-09,27.5,23.2,24.7,23.5,23.5,2.72,13.1,13.6,100,77,Magetan,-7.6551,111.3288
2024-12-10,27.6,22.6,24.4,133.8,133.8,2.45,12.3,12.2,99,81,Magetan,-7.6551,111.3288
2024-12-11,27.0,22.3,24.3,31.9,31.9,3.29,13.2,17.43,100,78,Magetan,-7.6551,111.3288
2024-12-12,26.9,23.0,24.3,71.6,71.6,2.47,8.0,12.65,100,81,Magetan,-7.6551,111.3288
2024-12-13,28.9,22.6,24.7,25.1,25.1,3.32,12.1,17.05,99,75,Magetan,-7.6551,111.3288
2024-12-14,25.5,22.5,23.7,74.6,74.6,1.76,7.0,8.83,100,88,Magetan,-7.6551,111.3288
2024-12-15,25.9,22.5,24.0,46.9,46.9,2.1,7.9,10.79,100,87,Magetan,-7.6551,111.3288
2024-12-16,25.5,22.6,23.8,63.4,63.4,2.27,6.3,11.59,100,90,Magetan,-7.6551,111.3288
2024-12-17,26.2,22.5,23.9,70.3,70.3,2.47,8.7,12.71,98,87,Magetan,-7.6551,111.3288
2024-12-18,28.0,22.9,24.9,38.0,38.0,3.24,6.1,16.41,98,79,Magetan,-7.6551,111.3288
2024-12-19,29.3,22.5,25.4,31.7,31.7,4.45,16.4,23.09,96,68,Magetan,-7.6551,111.3288
2024-12-20,28.5,22.7,24.8,27.4,27.4,3.57,9.5,18.3,100,74,Magetan,-7.6551,111.3288
2024-12-21,28.0,22.5,24.7,58.0,58.0,3.5,9.3,18.24,98,78,Magetan,-7.6551,111.3288
2024-12-22,27.1,22.9,24.5,39.4,39.4,2.68,5.7,13.49,97,82,Magetan,-7.6551,111.3288
2024-12-23,27.1,22.6,24.5,23.1,23.1,3.38,9.1,17.6,98,79,Magetan,-7.6551,111.3288
2024-12-24,27.1,22.8,24.2,58.6,58.6,2.9,9.9,15.08,98,80,Magetan,-7.6551,111.3288
2024-12-25,26.5,22.2,23.9,53.1,53.1,2.21,6.7,11.21,98,84,Magetan,-7.6551,111.3288
2024-12-26,27.2,22.6,24.5,69.6,69.6,2.99,8.1,15.28,99,79,Magetan,-7.6551,111.3288
2024-12-27,28.0,23.0,25.1,34.4,34.4,3.27,9.1,16.55,100,74,Magetan,-7.6551,111.3288
2024-12-28,28.1,23.2,25.1,62.7,62.7,2.83,6.3,13.73,99,73,Magetan,-7.6551,111.3288
2024-12-29,25.4,22.4,23.7,46.7,46.7,1.95,9.7,10.07,100,86,Magetan,-7.6551,111.3288
2024-12-30,27.8,21.8,23.8,72.3,72.3,3.04,11.2,16.13,100,79,Magetan,-7.6551,111.3288
2024-12-31,26.0,21.8,23.8,82.3,82.3,2.44,11.2,12.88,99,82,Magetan,-7.6551,111.3288
2025-01-01,25.5,22.0,23.5,73.2,73.2,2.26,10.2,11.71,100,86,Magetan,-7.6551,111.3288
2025-01-02,26.8,22.4,23.9,39.4,39.4,2.7,9.0,13.75,100,79,Magetan,-7.6551,111.3288
2025-01-03,28.9,22.5,25.0,1.0,1.0,3.13,7.8,15.17,94,62,Magetan,-7.6551,111.3288
2025-01-04,28.7,21.8,24.9,1.1,1.1,4.16,11.7,20.53,99,62,Magetan,-7.6551,111.3288
2025-01-05,27.6,22.6,24.8,0.6,0.6,3.41,12.6,16.75,97,70,Magetan,-7.6551,111.3288
2025-01-06,28.1,21.9,24.3,13.4,13.4,3.29,9.5,16.64,99,73,Magetan,-7.6551,111.3288
2025-01-07,27.0,22.5,24.1,22.7,22.7,3.45,9.2,17.85,98,78,Magetan,-7.6551,111.3288
2025-01-08,27.1,21.7,24.0,28.6,28.6,2.79,12.7,14.32,98,77,Magetan,-7.6551,111.3288
2025-01-09,29.5,22.4,25.4,11.2,11.2,4.57,12.8,23.08,97,63,Magetan,-7.6551,111.3288
2025-01-10,27.5,22.6,24.9,25.9,25.9,3.52,6.4,17.78,99,78,Magetan,-7.6551,111.3288
2025-01-11,27.8,22.8,24.7,34.1,34.1,3.21,8.4,16.05,100,74,Magetan,-7.6551,111.3288
2025-01-12,27.4,22.4,24.0,68.9,68.9,2.61,11.8,13.27,100,82,Magetan,-7.6551,111.3288
2025-01-13,25.5,22.6,23.9,45.2,45.2,2.51,5.8,12.84,100,82,Magetan,-7.6551,111.3288
2025-01-14,28.3,22.8,24.3,89.6,89.6,3.66,9.6,19.12,98,75,Magetan,-7.6551,111.3288
2025-01-15,26.9,22.2,24.3,28.7,28.7,3.09,7.0,15.92,99,79,Magetan,-7.6551,111.3288
2025-01-16,27.4,22.4,24.2,43.2,43.2,3.37,8.7,17.51,100,77,Magetan,-7.6551,111.3288
2025-01-17,28.0,21.6,24.2,61.9,61.9,3.85,10.7,20.41,100,79,Magetan,-7.6551,111.3288
2025-01-18,26.6,22.1,24.0,28.9,28.9,2.68,9.5,13.98,100,79,Magetan,-7.6551,111.3288
2025-01-19,26.9,21.5,24.0,40.2,40.2,3.32,15.5,17.91,99,80,Magetan,-7.6551,111.3288
2025-01-20,24.8,22.1,23.1,54.0,54.0,1.67,7.0,8.45,100,87,Magetan,-7.6551,111.3288
2025-01-21,26.4,22.1,23.8,72.2,72.2,2.45,9.0,12.54,98,84,Magetan,-7.6551,111.3288
2025-01-22,27.0,22.5,23.9,27.6,27.6,2.55,7.1,12.97,100,84,Magetan,-7.6551,111.3288
2025-01-23,24.9,22.4,23.2,26.6,26.6,1.67,6.3,8.5,99,87,Magetan,-7.6551,111.3288
2025-01-24,26.9,22.2,23.9,44.5,44.5,3.09,7.0,15.89,97,80,Magetan,-7.6551,111.3288
2025-01-25,28.3,22.6,24.8,9.6,9.6,3.86,7.1,19.67,96,73,Magetan,-7.6551,111.3288
2025-01-26,28.2,22.7,24.7,17.4,17.4,3.01,10.4,14.93,98,75,Magetan,-7.6551,111.3288
2025-01-27,25.0,22.0,23.3,61.2,61.2,2.1,8.9,10.92,100,90,Magetan,-7.6551,111.3288
2025-01-28,25.5,22.0,23.3,47.4,47.4,2.27,13.3,11.91,99,86,Magetan,-7.6551,111.3288
2025-01-29,26.7,21.8,23.6,60.1,60.1,3.06,10.7,15.79,99,82,Magetan,-7.6551,111.3288
2025-01-30,25.9,22.0,23.5,7.8,7.8,2.37,17.6,11.93,100,75,Magetan,-7.6551,111.3288
2025-01-31,27.9,22.0,24.6,0.4,0.4,3.01,11.1,14.66,90,69,Magetan,-7.6551,111.3288
2025-02-01,28.2,23.0,25.1,0.0,0.0,3.75,19.1,18.01,89,70,Magetan,-7.6551,111.3288
2025-02-02,27.8,23.0,24.7,1.7,1.7,3.31,14.7,16.13,100,72,Magetan,-7.6551,111.3288
2025-02-03,28.9,22.4,25.1,4.7,4.7,4.1,9.9,20.83,99,71,Magetan,-7.6551,111.3288
2025-02-04,29.0,23.0,25.6,3.8,3.8,3.78,13.6,18.04,95,66,Magetan,-7.6551,111.3288
2025-02-05,29.1,22.8,25.3,8.4,8.4,4.37,20.1,21.94,97,63,Magetan,-7.6551,111.3288
2025-02-06,28.6,23.1,25.2,3.2,3.2,4.02,18.7,19.73,95,66,Magetan,-7.6551,111.3288
2025-02-07,27.1,22.2,24.3,40.3,40.3,2.87,9.0,14.66,99,80,Magetan,-7.6551,111.3288
2025-02-08,27.1,22.2,24.5,42.8,42.8,3.41,6.9,17.35,100,76,Magetan,-7.6551,111.3288
2025-02-09,28.3,21.9,24.4,22.7,22.7,3.71,11.9,19.17,100,71,Magetan,-7.6551,111.3288
2025-02-10,27.7,22.1,24.4,35.4,35.4,3.29,11.4,16.83,100,73,Magetan,-7.6551,111.3288
2025-02-11,29.4,22.5,25.1,14.2,14.2,4.06,7.3,20.17,100,67,Magetan,-7.6551,111.3288
2025-02-12,28.9,21.4,24.9,0.1,0.1,2.52,10.6,11.25,86,63,Magetan,-7.6551,111.3288
2025-02-13,29.5,22.5,25.2,5.9,5.9,3.99,9.0,19.59,99,64,Magetan,-7.6551,111.3288
2025-02-14,29.2,22.5,24.7,9.8,9.8,4.31,12.4,22.31,100,69,Magetan,-7.6551,111.3288
2025-02-15,29.4,22.0,24.7,4.8,4.8,4.17,14.3,21.56,98,70,Magetan,-7.6551,111.3288
2025-02-16,29.2,22.5,24.7,16.2,16.2,3.88,9.7,19.83,96,70,Magetan,-7.6551,111.3288
2025-02-17,27.0,22.0,23.6,65.9,65.9,2.96,8.7,15.57,98,77,Magetan,-7.6551,111.3288
2025-02-18,27.8,22.0,24.2,44.9,44.9,3.69,8.3,18.96,97,76,Magetan,-7.6551,111.3288
2025-02-19,28.5,22.2,24.3,19.6,19.6,3.85,12.6,20.05,97,72,Magetan,-7.6551,111.3288
2025-02-20,27.6,22.3,24.2,28.4,28.4,3.11,8.0,15.69,99,77,Magetan,-7.6551,111.3288
2025-02-21,26.5,22.5,24.1,53.3,53.3,3.15,6.2,16.08,98,80,Magetan,-7.6551,111.3288
2025-02-22,28.0,22.0,23.9,78.4,78.4,3.2,13.7,16.9,98,80,Magetan,-7.6551,111.3288
2025-02-23,27.6,22.1,23.8,33.1,33.1,2.43,12.9,12.69,98,79,Magetan,-7.6551,111.3288
2025-02-24,27.1,22.1,23.7,16.1,16.1,3.05,9.3,15.49,98,73,Magetan,-7.6551,111.3288
2025-02-25,27.5,22.3,24.4,5.0,5.0,3.85,11.9,19.7,100,70,Magetan,-7.6551,111.3288
2025-02-26,26.2,22.1,23.7,37.5,37.5,2.64,8.7,13.43,100,80,Magetan,-7.6551,111.3288
2025-02-27,28.2,22.4,24.4,5.8,5.8,3.9,8.4,20.25,98,80,Magetan,-7.6551,111.3288
2025-02-28,28.8,22.4,24.6,2.4,2.4,4.14,11.1,21.35,97,74,Magetan,-7.6551,111.3288
2025-03-01,29.0,22.5,25.4,4.3,4.3,4.89,10.2,24.49,96,69,Magetan,-7.6551,111.3288
2025-03-02,29.0,23.1,25.7,1.7,1.7,4.76,10.0,23.86,91,69,Magetan,-7.6551,111.3288
2025-03-03,29.3,23.3,25.4,6.6,6.6,4.09,11.3,20.64,95,66,Magetan,-7.6551,111.3288
2025-03-04,29.3,23.0,24.8,3.2,3.2,3.78,9.0,19.38,96,67,Magetan,-7.6551,111.3288
2025-03-05,30.0,23.2,26.1,0.6,0.6,5.03,8.5,25.43,91,65,Magetan,-7.6551,111.3288
2025-03-06,30.5,23.7,25.7,3.8,3.8,4.53,13.0,22.56,96,62,Magetan,-7.6551,111.3288
2025-03-07,28.4,23.2,24.8,14.6,14.6,3.35,15.7,17.23,98,69,Magetan,-7.6551,111.3288
2025-03-08,29.0,22.8,24.5,9.4,9.4,3.91,7.5,19.88,98,71,Magetan,-7.6551,111.3288
2025-03-09,27.8,22.6,24.2,12.0,12.0,3.33,13.5,17.45,96,80,Magetan,-7.6551,111.3288
2025-03-10,26.5,22.3,23.9,17.8,17.8,2.24,14.5,11.93,99,83,Magetan,-7.6551,111.3288
2025-03-11,28.6,22.6,25.1,1.2,1.2,3.88,14.9,19.81,94,71,Magetan,-7.6551,111.3288
2025-03-12,28.9,23.3,25.0,37.5,37.5,3.77,8.9,19.36,96,72,Magetan,-7.6551,111.3288
2025-03-13,28.6,23.0,24.9,30.1,30.1,4.11,12.9,21.42,99,79,Magetan,-7.6551,111.3288
2025-03-14,27.9,23.5,24.6,22.8,22.8,3.07,6.9,15.54,97,75,Magetan,-7.6551,111.3288
2025-03-15,27.1,22.5,24.2,31.6,31.6,3.17,10.1,16.31,100,78,Magetan,-7.6551,111.3288
2025-03-16,26.5,22.4,23.8,53.8,53.8,2.6,11.5,13.27,99,79,Magetan,-7.6551,111.3288
2025-03-17,28.1,22.0,24.1,19.5,19.5,2.68,16.0,13.82,99,77,Magetan,-7.6551,111.3288
2025-03-18,26.6,22.6,24.2,41.9,41.9,2.45,7.2,12.13,99,81,Magetan,-7.6551,111.3288
2025-03-19,26.9,22.4,24.1,29.6,29.6,2.37,8.0,12.06,100,81,Magetan,-7.6551,111.3288
2025-03-20,28.8,22.0,24.6,19.6,19.6,4.2,16.0,22.02,97,71,Magetan,-7.6551,111.3288
2025-03-21,28.2,21.4,24.6,20.8,20.8,4.16,11.8,21.91,99,75,Magetan,-7.6551,111.3288
2025-03-22,26.4,22.1,24.0,17.3,17.3,2.31,7.7,11.5,100,81,Magetan,-7.6551,111.3288
2025-03-23,28.0,21.3,24.4,14.2,14.2,3.74,14.4,20.05,100,75,Magetan,-7.6551,111.3288
2025-03-24,27.7,22.0,24.3,14.9,14.9,3.06,8.7,15.73,99,75,Magetan,-7.6551,111.3288
2025-03-25,29.6,22.1,25.3,28.8,28.8,4.22,14.1,21.44,94,63,Magetan,-7.6551,111.3288
2025-03-26,29.5,23.1,25.5,8.0,8.0,3.85,12.4,19.2,99,66,Magetan,-7.6551,111.3288
2025-03-27,29.1,23.0,24.9,3.4,3.4,3.42,11.5,17.3,98,69,Magetan,-7.6551,111.3288
2025-03-28,27.6,22.7,24.3,76.0,76.0,2.64,10.6,13.58,100,80,Magetan,-7.6551,111.3288
2025-03-29,28.1,22.2,24.4,54.5,54.5,2.87,8.3,14.4,100,78,Magetan,-7.6551,111.3288
2025-03-30,27.5,22.8,24.9,8.7,8.7,3.28,12.1,17.02,93,76,Magetan,-7.6551,111.3288
2025-03-31,28.3,22.5,24.7,23.6,23.6,3.78,8.3,19.39,99,75,Magetan,-7.6551,111.3288
2025-04-01,26.8,22.5,24.3,43.4,43.4,3.41,11.6,17.91,97,79,Magetan,-7.6551,111.3288
2025-04-02,28.0,22.4,24.4,31.4,31.4,3.82,10.5,19.65,98,73,Magetan,-7.6551,111.3288
2025-04-03,28.0,22.4,24.6,23.9,23.9,3.79,8.6,19.16,97,76,Magetan,-7.6551,111.3288
2025-04-04,28.2,22.5,25.0,3.7,3.7,4.24,8.6,21.26,97,68,Magetan,-7.6551,111.3288
2025-04-05,28.3,22.3,24.9,4.5,4.5,4.58,7.0,23.37,95,67,Magetan,-7.6551,111.3288
2025-04-06,29.4,22.7,25.7,0.2,0.2,4.83,12.4,23.55,91,60,Magetan,-7.6551,111.3288
2025-04-07,29.0,22.8,25.7,0.1,0.1,5.19,16.0,24.56,81,61,Magetan,-7.6551,111.3288
2025-04-08,29.0,23.8,25.9,1.5,1.5,4.8,13.3,22.85,91,66,Magetan,-7.6551,111.3288
2025-04-09,29.0,23.1,25.6,10.2,10.2,4.27,13.1,21.64,94,66,Magetan,-7.6551,111.3288
2025-04-10,28.1,23.4,24.9,5.4,5.4,3.01,8.9,15.4,99,73,Magetan,-7.6551,111.3288
2025-04-11,28.2,22.9,25.0,10.6,10.6,3.69,10.7,18.8,97,72,Magetan,-7.6551,111.3288
2025-04-12,28.8,23.3,25.0,5.2,5.2,4.25,12.8,21.99,97,68,Magetan,-7.6551,111.3288
2025-04-13,29.0,23.0,25.1,6.7,6.7,4.1,11.8,20.09,100,72,Magetan,-7.6551,111.3288
2025-04-14,27.8,22.9,24.9,11.8,11.8,3.33,10.3,16.9,96,74,Magetan,-7.6551,111.3288
2025-04-15,28.6,22.9,25.5,0.0,0.0,4.13,11.8,19.72,93,57,Magetan,-7.6551,111.3288
2025-04-16,29.6,23.1,25.7,0.6,0.6,4.12,8.1,20.45,90,63,Magetan,-7.6551,111.3288
2025-04-17,27.0,23.0,24.4,2.1,2.1,2.36,9.4,12.26,99,82,Magetan,-7.6551,111.3288
2025-04-18,27.0,23.0,24.3,21.0,21.0,2.78,9.4,14.49,99,79,Magetan,-7.6551,111.3288
2025-04-19,27.3,23.2,24.6,30.0,30.0,3.19,9.5,16.31,97,81,Magetan,-7.6551,111.3288
2025-04-20,28.0,22.8,25.2,11.0,11.0,3.51,11.6,17.64,89,74,Magetan,-7.6551,111.3288
2025-04-21,28.6,23.1,25.2,10.0,10.0,3.28,12.4,16.61,97,73,Magetan,-7.6551,111.3288
2025-04-22,28.8,23.5,25.5,4.4,4.4,3.97,14.2,19.12,87,70,Magetan,-7.6551,111.3288
2025-04-23,29.1,23.4,25.7,0.5,0.5,4.63,16.0,21.57,81,67,Magetan,-7.6551,111.3288
2025-04-24,29.2,22.6,25.8,0.2,0.2,4.59,10.0,22.37,84,62,Magetan,-7.6551,111.3288
2025-04-25,29.0,23.0,25.5,0.7,0.7,4.02,9.2,20.04,89,68,Magetan,-7.6551,111.3288
2025-04-26,28.8,22.3,25.5,1.3,1.3,4.46,12.6,21.9,93,66,Magetan,-7.6551,111.3288
2025-04-27,29.1,23.1,25.5,0.0,0.0,5.05,18.3,22.68,76,66,Magetan,-7.6551,111.3288
2025-04-28,28.8,23.1,25.5,0.0,0.0,5.21,18.7,22.49,79,62,Magetan,-7.6551,111.3288
2025-04-29,28.5,23.1,25.3,0.1,0.1,5.13,22.8,22.06,77,63,Magetan,-7.6551,111.3288
2025-04-30,28.6,23.0,25.5,0.5,0.5,4.71,17.1,21.3,80,64,Magetan,-7.6551,111.3288
2025-05-01,29.1,23.4,25.8,0.9,0.9,4.3,11.9,20.67,88,67,Magetan,-7.6551,111.3288
2025-05-02,27.0,22.7,24.2,21.2,21.2,2.5,12.2,13.01,95,76,Magetan,-7.6551,111.3288
2025-05-03,28.6,23.0,25.0,3.4,3.4,3.79,7.2,19.5,91,69,Magetan,-7.6551,111.3288
2025-05-04,28.8,23.2,25.2,1.8,1.8,3.89,11.1,20.15,98,72,Magetan,-7.6551,111.3288
2025-05-05,29.4,23.6,25.9,1.1,1.1,4.58,17.5,21.54,85,67,Magetan,-7.6551,111.3288
2025-05-06,28.3,24.1,25.7,4.2,4.2,3.88,17.0,18.58,89,73,Magetan,-7.6551,111.3288
2025-05-07,29.0,23.9,25.4,7.0,7.0,3.66,18.5,17.25,88,73,Magetan,-7.6551,111.3288
2025-05-08,28.7,24.0,25.3,3.1,3.1,3.46,12.5,17.81,96,76,Magetan,-7.6551,111.3288
2025-05-09,28.0,22.5,24.4,50.9,50.9,2.94,9.6,15.14,99,83,Magetan,-7.6551,111.3288
2025-05-10,28.9,22.8,24.8,22.1,22.1,3.6,11.1,18.52,99,77,Magetan,-7.6551,111.3288
2025-05-11,27.6,22.3,24.3,36.5,36.5,3.03,8.8,15.74,99,80,Magetan,-7.6551,111.3288
2025-05-12,26.5,22.4,23.9,39.8,39.8,2.5,7.8,13.23,99,84,Magetan,-7.6551,111.3288
2025-05-13,28.2,22.6,24.2,23.9,23.9,2.99,7.7,15.55,98,76,Magetan,-7.6551,111.3288
2025-05-14,27.6,23.0,24.5,16.1,16.1,3.16,10.2,16.54,98,81,Magetan,-7.6551,111.3288
2025-05-15,27.9,22.8,24.4,36.1,36.1,3.3,8.3,16.89,99,77,Magetan,-7.6551,111.3288
2025-05-16,27.5,22.6,24.2,42.9,42.9,2.8,6.4,14.31,98,79,Magetan,-7.6551,111.3288
2025-05-17,27.3,22.4,24.0,59.5,59.5,2.66,9.6,13.67,98,80,Magetan,-7.6551,111.3288
2025-05-18,27.9,22.9,24.7,15.2,15.2,2.65,9.3,13.07,96,71,Magetan,-7.6551,111.3288
2025-05-19,27.3,23.0,24.5,23.8,23.8,2.98,19.1,14.68,93,79,Magetan,-7.6551,111.3288
2025-05-20,28.7,22.7,25.1,6.8,6.8,3.87,21.6,17.29,90,71,Magetan,-7.6551,111.3288
2025-05-21,28.4,24.1,25.5,0.9,0.9,4.17,23.1,19.07,84,72,Magetan,-7.6551,111.3288
2025-05-22,28.2,22.9,24.9,2.3,2.3,3.14,14.2,15.01,94,68,Magetan,-7.6551,111.3288
2025-05-23,26.5,22.4,23.6,25.7,25.7,2.27,11.7,12.09,98,80,Magetan,-7.6551,111.3288
2025-05-24,27.2,22.6,24.2,6.4,6.4,2.77,9.4,14.43,97,79,Magetan,-7.6551,111.3288
2025-05-25,28.5,23.0,24.9,7.1,7.1,3.38,14.4,17.88,99,68,Magetan,-7.6551,111.3288
2025-05-26,27.2,23.1,24.3,11.1,11.1,1.91,19.1,9.93,100,74,Magetan,-7.6551,111.3288
2025-05-27,26.5,22.6,24.3,23.6,23.6,2.29,7.5,11.97,98,84,Magetan,-7.6551,111.3288
2025-05-28,28.2,23.5,25.4,10.8,10.8,3.12,9.3,15.98,93,77,Magetan,-7.6551,111.3288
2025-05-29,30.0,23.2,26.0,0.1,0.1,4.15,11.9,19.74,85,58,Magetan,-7.6551,111.3288
2025-05-30,29.4,23.1,25.9,2.0,2.0,4.01,11.5,19.57,85,63,Magetan,-7.6551,111.3288
2025-05-31,29.0,23.1,25.3,11.4,11.4,3.59,9.7,17.98,97,67,Magetan,-7.6551,111.3288
2025-06-01,28.6,22.5,25.1,1.2,1.2,3.35,17.7,16.3,95,69,Magetan,-7.6551,111.3288
2025-06-02,28.5,22.2,25.2,0.0,0.0,3.92,14.6,19.56,90,64,Magetan,-7.6551,111.3288
2025-06-03,29.5,23.6,26.0,0.1,0.1,4.17,10.7,20.64,86,63,Magetan,-7.6551,111.3288
2025-06-04,29.0,23.4,25.6,1.0,1.0,3.9,12.4,19.67,90,63,Magetan,-7.6551,111.3288
2025-06-05,28.9,23.6,25.9,0.0,0.0,4.87,21.2,19.94,85,48,Magetan,-7.6551,111.3288
2025-06-06,29.0,23.1,25.7,0.0,0.0,4.76,18.6,20.68,78,61,Magetan,-7.6551,111.3288
2025-06-07,29.0,23.9,25.7,0.0,0.0,4.87,22.7,20.92,80,63,Magetan,-7.6551,111.3288
2025-06-08,28.6,23.0,25.4,6.2,6.2,4.24,19.7,19.08,93,67,Magetan,-7.6551,111.3288
2025-06-09,27.0,22.6,24.3,35.9,35.9,2.5,19.3,10.82,94,71,Magetan,-7.6551,111.3288
2025-06-10,27.5,23.3,25.0,7.1,7.1,3.61,18.1,16.65,92,72,Magetan,-7.6551,111.3288
2025-06-11,28.0,23.1,25.2,5.1,5.1,3.95,20.7,18.3,93,68,Magetan,-7.6551,111.3288
2025-06-12,29.1,23.0,25.5,0.0,0.0,4.58,19.3,20.21,82,59,Magetan,-7.6551,111.3288
2025-06-13,29.2,23.8,25.8,0.0,0.0,4.25,17.6,18.46,84,61,Magetan,-7.6551,111.3288
2025-06-14,28.8,23.6,25.4,4.5,4.5,3.67,16.6,17.55,94,66,Magetan,-7.6551,111.3288
2025-06-15,29.0,22.9,25.7,0.4,0.4,3.91,13.1,18.95,87,65,Magetan,-7.6551,111.3288
2025-06-16,28.8,22.8,25.4,4.5,4.5,3.67,14.1,18.3,98,64,Magetan,-7.6551,111.3288
2025-06-17,28.5,22.5,25.3,0.8,0.8,3.96,18.6,18.86,96,67,Magetan,-7.6551,111.3288
2025-06-18,29.0,23.0,25.4,0.0,0.0,4.81,17.6,19.77,81,55,Magetan,-7.6551,111.3288
2025-06-19,27.7,22.6,24.7,0.0,0.0,3.97,19.1,17.1,73,50,Magetan,-7.6551,111.3288
2025-06-20,26.8,21.9,24.3,0.1,0.1,2.81,9.3,13.82,83,64,Magetan,-7.6551,111.3288
2025-06-21,28.8,22.0,25.1,0.0,0.0,4.0,15.3,19.02,88,62,Magetan,-7.6551,111.3288
2025-06-22,28.1,22.9,24.6,1.0,1.0,3.23,16.1,15.4,87,67,Magetan,-7.6551,111.3288
2025-06-23,28.6,23.0,25.1,0.6,0.6,4.49,21.8,19.59,86,54,Magetan,-7.6551,111.3288
2025-06-24,28.5,22.9,25.3,0.2,0.2,4.67,21.9,19.41,80,62,Magetan,-7.6551,111.3288
2025-06-25,29.0,23.6,25.5,0.2,0.2,4.7,22.8,18.45,79,60,Magetan,-7.6551,111.3288
2025-06-26,29.0,23.3,25.5,0.5,0.5,4.83,26.3,19.15,80,59,Magetan,-7.6551,111.3288
2025-06-27,29.2,23.5,25.4,1.6,1.6,4.07,21.6,17.87,86,61,Magetan,-7.6551,111.3288
2025-06-28,28.5,22.6,24.9,2.4,2.4,4.02,22.2,18.08,96,65,Magetan,-7.6551,111.3288
2025-06-29,28.6,23.0,25.1,0.2,0.2,4.21,23.6,18.05,83,59,Magetan,-7.6551,111.3288
2025-06-30,28.5,23.0,25.3,0.1,0.1,4.14,17.3,18.09,81,60,Magetan,-7.6551,111.3288
2025-07-01,29.2,23.6,25.9,0.3,0.3,4.4,13.8,19.81,79,57,Magetan,-7.6551,111.3288
2025-07-02,30.0,23.6,26.1,0.2,0.2,4.74,19.4,19.63,75,53,Magetan,-7.6551,111.3288
2025-07-03,29.1,23.1,25.3,1.0,1.0,4.42,23.2,18.45,81,57,Magetan,-7.6551,111.3288
2025-07-04,28.0,23.0,24.8,0.1,0.1,4.37,25.7,18.04,81,63,Magetan,-7.6551,111.3288
2025-07-05,28.8,22.8,24.8,3.2,3.2,4.12,20.5,17.93,89,59,Magetan,-7.6551,111.3288
2025-07-06,28.9,23.2,25.0,1.4,1.4,3.62,18.1,15.2,84,60,Magetan,-7.6551,111.3288
2025-07-07,29.2,22.9,25.2,2.6,2.6,3.96,16.5,17.87,86,57,Magetan,-7.6551,111.3288
2025-07-08,28.6,22.5,24.9,0.0,0.0,4.91,27.4,19.97,81,58,Magetan,-7.6551,111.3288
2025-07-09,27.8,21.7,23.7,0.0,0.0,5.52,29.2,21.39,79,48,Magetan,-7.6551,111.3288
2025-07-10,28.4,21.4,24.2,0.0,0.0,4.98,22.3,21.19,74,48,Magetan,-7.6551,111.3288
2025-07-11,28.5,21.5,24.4,0.0,0.0,4.77,19.7,21.16,78,47,Magetan,-7.6551,111.3288
2025-07-12,28.9,22.0,25.1,0.1,0.1,4.33,19.8,18.46,80,54,Magetan,-7.6551,111.3288
2025-07-13,29.5,23.4,25.7,0.6,0.6,4.18,21.4,18.62,79,59,Magetan,-7.6551,111.3288
2025-07-14,29.3,23.4,25.2,0.0,0.0,4.94,25.9,19.56,83,56,Magetan,-7.6551,111.3288
2025-07-15,29.4,23.2,25.6,0.0,0.0,4.95,24.7,20.11,79,58,Magetan,-7.6551,111.3288
2025-07-16,29.0,22.7,25.0,0.0,0.0,5.09,28.4,20.35,82,57,Magetan,-7.6551,111.3288
2025-07-17,29.1,22.0,24.6,0.0,0.0,5.31,25.1,21.48,77,48,Magetan,-7.6551,111.3288
2025-07-18,28.1,22.0,24.5,0.1,0.1,4.51,20.1,19.22,80,60,Magetan,-7.6551,111.3288
2025-07-19,27.8,21.6,24.4,0.0,0.0,4.85,20.5,19.76,73,56,Magetan,-7.6551,111.3288
2025-07-20,28.0,21.2,23.8,0.0,0.0,5.22,21.0,21.93,75,50,Magetan,-7.6551,111.3288
2025-07-21,28.2,20.9,23.8,0.0,0.0,5.21,19.0,22.21,72,44,Magetan,-7.6551,111.3288
2025-07-22,29.0,21.2,24.3,0.0,0.0,4.95,20.6,21.92,82,44,Magetan,-7.6551,111.3288
2025-07-23,29.8,21.1,25.0,0.0,0.0,4.53,16.9,21.18,84,53,Magetan,-7.6551,111.3288
2025-07-24,29.2,22.4,25.2,1.0,1.0,4.45,19.5,19.7,81,59,Magetan,-7.6551,111.3288
2025-07-25,29.9,23.3,25.6,0.0,0.0,4.85,19.8,20.46,81,56,Magetan,-7.6551,111.3288
2025-07-26,30.3,23.5,26.0,0.0,0.0,4.87,19.6,20.64,78,55,Magetan,-7.6551,111.3288
2025-07-27,30.1,23.5,25.8,1.6,1.6,4.54,18.3,19.5,79,58,Magetan,-7.6551,111.3288
2025-07-28,28.9,23.2,25.3,1.1,1.1,4.58,23.7,19.27,81,61,Magetan,-7.6551,111.3288
2025-07-29,28.2,23.4,24.9,0.6,0.6,4.51,28.4,19.07,82,65,Magetan,-7.6551,111.3288
2025-07-30,28.6,23.0,24.8,0.0,0.0,4.87,27.2,20.52,82,61,Magetan,-7.6551,111.3288
2025-07-31,29.4,22.5,25.0,0.0,0.0,4.95,23.4,20.98,82,56,Magetan,-7.6551,111.3288
2025-08-01,29.9,22.9,25.7,0.0,0.0,5.08,20.6,21.66,81,50,Magetan,-7.6551,111.3288
2025-08-02,30.0,23.5,26.3,0.2,0.2,4.73,13.2,21.64,77,56,Magetan,-7.6551,111.3288
2025-08-03,29.7,24.0,26.0,2.8,2.8,4.7,19.9,20.63,82,59,Magetan,-7.6551,111.3288
2025-08-04,30.2,22.6,25.8,3.1,3.1,4.61,16.3,20.82,93,58,Magetan,-7.6551,111.3288
2025-08-05,29.6,22.0,25.2,2.3,2.3,4.51,19.8,20.56,94,56,Magetan,-7.6551,111.3288
2025-08-06,30.1,22.8,25.7,0.0,0.0,5.74,22.8,22.61,75,50,Magetan,-7.6551,111.3288
2025-08-07,29.9,22.2,25.7,0.0,0.0,5.13,18.8,22.22,77,57,Magetan,-7.6551,111.3288
2025-08-08,29.5,23.0,26.1,0.1,0.1,4.65,14.4,21.38,81,57,Magetan,-7.6551,111.3288
2025-08-09,29.8,23.1,25.9,1.5,1.5,4.61,15.1,21.19,81,57,Magetan,-7.6551,111.3288
2025-08-10,29.6,23.0,25.6,2.6,2.6,4.71,19.5,20.52,83,55,Magetan,-7.6551,111.3288
2025-08-11,29.6,22.9,25.4,0.8,0.8,4.82,22.4,20.91,81,59,Magetan,-7.6551,111.3288
2025-08-12,29.6,23.1,25.2,2.9,2.9,4.6,21.4,20.54,89,57,Magetan,-7.6551,111.3288
2025-08-13,29.0,21.6,24.6,4.4,4.4,4.39,18.2,19.76,91,56,Magetan,-7.6551,111.3288
2025-08-14,28.1,21.6,24.1,0.0,0.0,5.63,29.2,21.57,80,41,Magetan,-7.6551,111.3288
2025-08-15,29.4,21.2,24.3,0.0,0.0,5.39,24.7,21.03,78,48,Magetan,-7.6551,111.3288
2025-08-16,29.9,22.1,25.2,0.0,0.0,5.23,22.4,22.05,82,50,Magetan,-7.6551,111.3288
2025-08-17,30.4,22.8,25.9,0.0,0.0,5.27,15.8,23.19,77,46,Magetan,-7.6551,111.3288
2025-08-18,30.4,23.2,25.6,10.3,10.3,4.74,16.6,21.37,92,50,Magetan,-7.6551,111.3288
2025-08-19,28.4,21.6,24.0,23.0,23.0,2.77,12.5,13.79,100,63,Magetan,-7.6551,111.3288
2025-08-20,27.3,21.8,24.2,17.8,17.8,3.57,11.0,18.54,94,73,Magetan,-7.6551,111.3288
2025-08-21,28.9,21.5,24.5,0.9,0.9,4.16,9.0,21.12,96,64,Magetan,-7.6551,111.3288
2025-08-22,29.2,22.3,25.2,0.8,0.8,4.5,10.4,22.47,90,61,Magetan,-7.6551,111.3288
2025-08-23,29.4,22.2,25.4,1.1,1.1,4.25,9.9,21.44,95,56,Magetan,-7.6551,111.3288
2025-08-24,30.3,21.5,25.5,0.1,0.1,4.84,15.9,22.57,96,52,Magetan,-7.6551,111.3288
2025-08-25,30.1,21.8,25.0,0.0,0.0,5.6,23.9,23.53,83,48,Magetan,-7.6551,111.3288
2025-08-26,29.4,22.1,24.7,0.0,0.0,6.63,26.4,23.73,73,45,Magetan,-7.6551,111.3288
2025-08-27,28.8,22.6,25.0,0.4,0.4,5.59,27.3,22.58,81,57,Magetan,-7.6551,111.3288
2025-08-28,27.8,22.9,24.5,0.0,0.0,4.98,26.5,20.83,79,61,Magetan,-7.6551,111.3288
2025-08-29,28.4,23.0,24.6,0.4,0.4,4.79,27.4,19.98,79,61,Magetan,-7.6551,111.3288
2025-08-30,29.8,22.5,25.1,0.5,0.5,5.13,24.2,21.55,82,53,Magetan,-7.6551,111.3288
2025-08-31,30.6,22.9,25.6,0.0,0.0,5.62,19.9,23.72,81,44,Magetan,-7.6551,111.3288
2025-09-01,31.1,23.5,26.2,0.0,0.0,5.36,16.5,22.4,76,45,Magetan,-7.6551,111.3288
2025-09-02,31.4,23.0,26.5,0.0,0.0,5.26,13.7,23.7,81,43,Magetan,-7.6551,111.3288
2025-09-03,31.3,23.0,26.8,0.0,0.0,5.6,13.1,24.27,71,42,Magetan,-7.6551,111.3288
2025-09-04,31.1,23.5,26.2,0.3,0.3,5.58,20.0,23.41,79,49,Magetan,-7.6551,111.3288
2025-09-05,31.2,22.9,25.9,0.0,0.0,5.63,22.5,23.04,80,47,Magetan,-7.6551,111.3288
2025-09-06,29.4,22.6,25.1,0.0,0.0,6.29,26.5,23.94,77,44,Magetan,-7.6551,111.3288
2025-09-07,29.8,22.3,24.9,0.0,0.0,6.28,26.4,23.66,74,47,Magetan,-7.6551,111.3288
2025-09-08,30.6,22.4,25.4,0.2,0.2,5.91,25.9,23.31,80,47,Magetan,-7.6551,111.3288
2025-09-09,29.8,23.0,25.4,0.3,0.3,5.36,25.0,22.23,82,56,Magetan,-7.6551,111.3288
2025-09-10,29.5,23.5,25.5,1.8,1.8,4.85,22.7,20.21,85,58,Magetan,-7.6551,111.3288
2025-09-11,28.9,22.8,24.9,9.3,9.3,3.56,15.3,16.86,93,63,Magetan,-7.6551,111.3288
2025-09-12,30.6,23.4,26.1,0.1,0.1,5.92,22.5,23.84,78,51,Magetan,-7.6551,111.3288
2025-09-13,31.1,23.5,26.3,0.0,0.0,5.98,21.3,24.24,77,50,Magetan,-7.6551,111.3288
2025-09-14,29.7,23.1,25.7,0.1,0.1,5.84,25.4,23.79,78,52,Magetan,-7.6551,111.3288
2025-09-15,30.1,23.0,25.8,0.3,0.3,5.83,24.4,23.3,76,53,Magetan,-7.6551,111.3288
2025-09-16,29.5,23.5,25.7,1.2,1.2,5.34,22.4,22.51,80,57,Magetan,-7.6551,111.3288
2025-09-17,30.9,22.4,25.3,19.9,19.9,4.69,18.9,20.44,94,52,Magetan,-7.6551,111.3288
2025-09-18,29.1,22.0,24.7,3.7,3.7,4.1,20.5,17.87,91,55,Magetan,-7.6551,111.3288
2025-09-19,30.0,23.2,25.7,11.1,11.1,5.17,19.8,23.04,92,55,Magetan,-7.6551,111.3288
2025-09-20,30.6,23.6,26.8,0.1,0.1,5.35,13.2,23.92,79,51,Magetan,-7.6551,111.3288
2025-09-21,31.5,23.6,26.5,1.9,1.9,5.43,18.7,23.94,89,51,Magetan,-7.6551,111.3288
2025-09-22,32.5,22.9,26.9,0.0,0.0,6.07,19.1,25.14,85,38,Magetan,-7.6551,111.3288
2025-09-23,33.8,24.1,27.9,0.0,0.0,7.42,21.9,25.96,63,28,Magetan,-7.6551,111.3288
2025-09-24,32.0,23.3,26.8,0.1,0.1,6.15,22.0,25.13,75,40,Magetan,-7.6551,111.3288
2025-09-25,31.8,23.4,26.6,1.5,1.5,5.17,15.3,23.77,92,43,Magetan,-7.6551,111.3288
2025-09-26,32.4,23.1,26.9,0.0,0.0,5.93,24.0,24.73,78,44,Magetan,-7.6551,111.3288
2025-09-27,32.3,24.7,27.4,1.3,1.3,5.55,15.7,23.84,75,46,Magetan,-7.6551,111.3288
2025-09-28,33.3,24.4,27.9,0.0,0.0,5.76,17.0,24.47,74,39,Magetan,-7.6551,111.3288
2025-09-29,32.3,23.8,26.8,1.0,1.0,5.55,24.5,23.01,81,47,Magetan,-7.6551,111.3288
2025-09-30,30.4,23.4,25.2,5.3,5.3,3.24,16.3,14.11,93,56,Magetan,-7.6551,111.3288
2025-10-01,31.0,22.3,25.3,5.8,5.8,4.13,17.2,19.57,95,55,Magetan,-7.6551,111.3288
2025-10-02,31.9,23.3,27.2,0.0,0.0,5.54,11.9,25.33,86,41,Magetan,-7.6551,111.3288
2025-10-03,33.2,23.4,27.5,0.0,0.0,6.7,22.4,24.7,84,32,Magetan,-7.6551,111.3288
2025-10-04,32.8,24.5,27.8,0.0,0.0,7.13,20.3,23.61,68,33,Magetan,-7.6551,111.3288
2025-10-05,33.2,23.0,27.7,0.0,0.0,6.06,14.1,25.29,81,33,Magetan,-7.6551,111.3288
2025-10-06,32.4,23.7,27.4,0.2,0.2,6.03,17.0,24.79,83,36,Magetan,-7.6551,111.3288
2025-10-07,33.0,24.3,27.8,0.0,0.0,6.21,20.8,24.47,75,31,Magetan,-7.6551,111.3288
2025-10-08,32.4,23.8,27.2,0.3,0.3,7.34,25.0,25.41,70,34,Magetan,-7.6551,111.3288
2025-10-09,32.5,23.5,27.1,0.6,0.6,6.48,19.8,24.69,73,34,Magetan,-7.6551,111.3288
2025-10-10,31.6,23.5,26.7,0.2,0.2,6.23,19.6,25.15,77,41,Magetan,-7.6551,111.3288
2025-10-11,32.2,23.5,26.9,0.0,0.0,6.07,21.8,25.29,78,38,Magetan,-7.6551,111.3288
2025-10-12,32.0,24.2,27.2,3.9,3.9,5.71,20.6,23.55,82,47,Magetan,-7.6551,111.3288
2025-10-13,31.9,24.4,27.2,6.7,6.7,5.47,15.3,23.8,82,48,Magetan,-7.6551,111.3288
2025-10-14,34.5,24.1,27.9,0.9,0.9,5.84,16.6,24.79,80,39,Magetan,-7.6551,111.3288
2025-10-15,33.6,24.5,27.3,2.9,2.9,5.41,16.0,23.19,82,45,Magetan,-7.6551,111.3288
2025-10-16,32.8,24.2,27.4,0.9,0.9,6.12,22.5,24.35,81,47,Magetan,-7.6551,111.3288
2025-10-17,32.5,24.6,27.5,0.8,0.8,5.82,20.1,23.63,78,47,Magetan,-7.6551,111.3288
2025-10-18,33.7,24.0,27.9,0.4,0.4,5.79,20.7,25.14,83,39,Magetan,-7.6551,111.3288
2025-10-19,32.3,24.1,27.5,0.5,0.5,5.38,18.8,23.91,84,44,Magetan,-7.6551,111.3288
2025-10-20,32.7,24.2,26.8,4.0,4.0,4.57,13.4,21.23,85,52,Magetan,-7.6551,111.3288
2025-10-21,30.6,23.3,25.3,31.9,31.9,3.43,12.4,16.64,99,61,Magetan,-7.6551,111.3288
2025-10-22,29.5,23.0,24.9,20.7,20.7,3.73,12.4,18.43,99,64,Magetan,-7.6551,111.3288
2025-10-23,29.1,23.1,25.4,3.3,3.3,3.94,11.9,19.17,97,66,Magetan,-7.6551,111.3288
2025-10-24,29.2,22.9,25.1,6.6,6.6,4.11,13.1,20.29,96,71,Magetan,-7.6551,111.3288
2025-10-25,29.1,23.1,25.2,4.5,4.5,4.06,13.2,19.9,92,65,Magetan,-7.6551,111.3288
2025-10-26,30.0,22.6,25.3,6.3,6.3,4.63,11.9,22.4,99,61,Magetan,-7.6551,111.3288
2025-10-27,29.8,22.2,25.4,2.8,2.8,4.29,9.9,20.93,98,59,Magetan,-7.6551,111.3288
2025-10-28,29.3,22.5,24.5,10.8,10.8,3.47,11.7,17.46,98,67,Magetan,-7.6551,111.3288
2025-10-29,27.8,22.0,24.7,17.2,17.2,3.86,8.3,19.3,99,73,Magetan,-7.6551,111.3288
2025-10-30,28.8,22.5,24.9,9.2,9.2,3.84,10.2,19.12,98,69,Magetan,-7.6551,111.3288
2025-10-31,29.0,22.6,24.9,8.4,8.4,3.81,10.4,19.21,97,70,Magetan,-7.6551,111.3288
2025-11-01,30.0,22.5,25.3,1.3,1.3,4.08,14.6,20.21,97,65,Magetan,-7.6551,111.3288
2025-11-02,28.8,23.0,25.5,12.1,12.1,4.02,9.9,19.81,93,69,Magetan,-7.6551,111.3288
2025-11-03,29.5,23.0,25.3,21.3,21.3,4.41,11.3,22.09,98,62,Magetan,-7.6551,111.3288
2025-11-04,28.1,22.9,24.8,42.1,42.1,3.78,9.4,19.19,98,73,Magetan,-7.6551,111.3288
2025-11-05,26.8,22.8,24.2,42.0,42.0,2.84,11.2,14.4,99,77,Magetan,-7.6551,111.3288
2025-11-06,28.7,22.8,24.6,26.8,26.8,3.0,10.9,14.82,99,71,Magetan,-7.6551,111.3288
2025-11-07,28.6,22.5,24.8,20.6,20.6,3.83,10.7,19.49,99,72,Magetan,-7.6551,111.3288
2025-11-08,29.4,23.0,25.3,21.8,21.8,4.15,18.2,20.97,97,65,Magetan,-7.6551,111.3288
2025-11-09,27.5,22.3,24.5,48.7,48.7,2.7,10.2,13.62,99,75,Magetan,-7.6551,111.3288
2025-11-10,28.1,22.7,24.6,28.7,28.7,2.79,8.7,13.71,99,77,Magetan,-7.6551,111.3288
2025-11-11,28.9,22.2,24.2,58.4,58.4,3.33,12.6,16.91,99,70,Magetan,-7.6551,111.3288
2025-11-12,26.0,22.1,23.3,78.7,78.7,2.23,6.3,11.38,100,85,Magetan,-7.6551,111.3288
2025-11-13,27.0,22.2,23.8,43.6,43.6,2.88,10.3,14.92,99,75,Magetan,-7.6551,111.3288
2025-11-14,26.2,22.1,23.8,87.0,87.0,2.62,12.2,13.56,98,79,Magetan,-7.6551,111.3288
2025-11-15,26.8,22.4,24.3,51.1,51.1,2.82,11.2,14.25,97,75,Magetan,-7.6551,111.3288
2025-11-16,27.9,22.5,24.6,6.8,6.8,3.43,7.6,16.91,97,64,Magetan,-7.6551,111.3288
2025-11-17,27.0,23.1,24.7,50.4,50.4,2.76,7.3,13.63,98,76,Magetan,-7.6551,111.3288
2025-11-18,28.1,22.5,24.5,56.1,56.1,3.5,11.0,17.76,98,74,Magetan,-7.6551,111.3288
2025-11-19,29.6,22.5,24.3,23.2,23.2,3.26,10.0,16.21,98,66,Magetan,-7.6551,111.3288
2025-11-20,29.4,22.8,24.5,8.5,8.5,3.68,8.9,18.48,98,64,Magetan,-7.6551,111.3288
2025-11-21,27.0,22.2,23.9,71.0,71.0,2.51,8.7,12.82,100,80,Magetan,-7.6551,111.3288
2025-11-22,28.3,22.5,24.8,29.7,29.7,3.59,7.3,18.02,100,71,Magetan,-7.6551,111.3288
2025-11-23,30.0,22.4,24.8,18.7,18.7,4.34,13.0,22.01,98,63,Magetan,-7.6551,111.3288
2025-11-24,28.5,22.5,25.0,0.8,0.8,2.81,7.9,13.16,98,62,Magetan,-7.6551,111.3288
2025-11-25,28.5,22.2,25.1,2.4,2.4,4.49,13.8,23.05,93,66,Magetan,-7.6551,111.3288
2025-11-26,27.7,22.5,24.7,12.6,12.6,3.4,14.1,17.12,94,75,Magetan,-7.6551,111.3288
2025-11-27,29.6,23.0,25.6,0.7,0.7,4.69,14.9,22.05,89,62,Magetan,-7.6551,111.3288
2025-11-28,30.0,22.8,25.6,0.1,0.1,5.15,18.9,22.98,82,57,Magetan,-7.6551,111.3288
2025-11-29,29.9,22.7,25.6,0.0,0.0,5.28,18.6,23.15,82,55,Magetan,-7.6551,111.3288
2025-11-30,29.8,22.5,25.5,0.5,0.5,4.96,13.0,23.72,83,59,Magetan,-7.6551,111.3288
2025-12-01,29.1,22.5,25.7,2.2,2.2,4.35,18.1,19.26,88,62,Magetan,-7.6551,111.3288
2025-12-02,29.5,23.7,25.7,5.2,5.2,4.66,16.6,21.1,93,62,Magetan,-7.6551,111.3288
2025-12-03,27.9,23.4,25.5,0.2,0.2,2.92,13.3,13.24,87,72,Magetan,-7.6551,111.3288
2025-12-04,27.9,22.6,24.3,9.9,9.9,2.9,12.7,14.49,97,74,Magetan,-7.6551,111.3288
2025-12-05,27.5,22.8,24.7,12.8,12.8,3.26,14.8,16.21,98,72,Magetan,-7.6551,111.3288
2025-12-06,27.9,22.5,24.4,6.4,6.4,3.63,12.2,18.24,97,74,Magetan,-7.6551,111.3288
2025-12-07,29.2,22.6,24.9,12.6,12.6,4.08,8.0,20.41,95,69,Magetan,-7.6551,111.3288
2025-12-08,27.8,23.0,25.0,2.2,2.2,2.9,9.7,13.72,97,69,Magetan,-7.6551,111.3288
2025-12-09,28.9,22.7,24.5,4.8,4.8,3.03,13.1,14.89,100,65,Magetan,-7.6551,111.3288
2025-12-10,30.1,22.4,25.4,3.1,3.1,4.28,8.7,20.85,99,55,Magetan,-7.6551,111.3288
2025-12-11,28.5,23.0,25.2,3.6,3.6,2.54,6.6,11.83,99,64,Magetan,-7.6551,111.3288
2025-12-12,28.6,22.5,25.0,10.5,10.5,4.29,10.2,22.13,96,67,Magetan,-7.6551,111.3288
2025-12-13,28.1,21.6,24.5,5.1,5.1,4.05,12.2,21.02,98,68,Magetan,-7.6551,111.3288
2025-12-14,27.0,22.5,24.3,70.6,70.6,3.55,11.2,18.82,100,77,Magetan,-7.6551,111.3288
2025-12-15,28.8,22.5,25.0,19.2,19.2,4.03,11.6,19.63,100,67,Magetan,-7.6551,111.3288
2025-12-16,30.3,22.9,26.1,0.0,0.0,4.9,8.9,23.4,82,53,Magetan,-7.6551,111.3288
2025-12-17,28.6,22.5,25.3,16.3,16.3,4.4,9.7,22.35,95,72,Magetan,-7.6551,111.3288
2025-12-18,27.8,23.0,24.4,40.2,40.2,3.56,10.5,18.41,98,75,Magetan,-7.6551,111.3288
2025-12-19,28.3,22.6,24.8,4.2,4.2,3.77,12.5,18.95,98,67,Magetan,-7.6551,111.3288
2025-12-20,27.4,22.7,24.2,42.3,42.3,3.04,7.4,15.42,100,79,Magetan,-7.6551,111.3288
2025-12-21,28.2,22.6,24.4,39.1,39.1,3.25,7.5,16.64,100,80,Magetan,-7.6551,111.3288
2025-12-22,27.6,22.5,24.6,33.4,33.4,3.11,12.8,15.79,100,76,Magetan,-7.6551,111.3288
2025-12-23,28.1,22.8,25.1,26.2,26.2,3.8,11.8,19.57,100,75,Magetan,-7.6551,111.3288
2025-12-24,28.9,22.8,25.3,13.1,13.1,4.23,13.6,21.59,98,71,Magetan,-7.6551,111.3288
2025-12-25,28.5,22.6,25.1,20.1,20.1,4.3,7.9,22.02,93,73,Magetan,-7.6551,111.3288
2025-12-26,29.4,22.9,24.9,17.1,17.1,3.47,7.8,17.25,100,71,Magetan,-7.6551,111.3288
2025-12-27,29.2,22.8,25.5,2.2,2.2,3.1,7.5,14.82,99,67,Magetan,-7.6551,111.3288
2025-12-28,30.1,23.0,26.2,0.6,0.6,4.69,6.9,23.06,97,64,Magetan,-7.6551,111.3288
2025-12-29,30.0,23.1,26.0,1.8,1.8,4.67,14.5,22.86,97,61,Magetan,-7.6551,111.3288
2025-12-30,29.1,22.5,25.1,13.2,13.2,4.37,9.6,21.97,97,68,Magetan,-7.6551,111.3288
2025-12-31,26.3,22.5,24.0,33.6,33.6,2.48,8.0,12.72,100,83,Magetan,-7.6551,111.3288
