tanggal,temperature_2m_max,temperature_2m_min,temperature_2m_mean,precipitation_sum,rain_sum,et0_fao_evapotranspiration,windspeed_10m_max,shortwave_radiation_sum,relative_humidity_2m_max,relative_humidity_2m_min,kabupaten,lat,lon
2018-01-01,25.7,21.1,23.1,19.2,19.2,2.13,14.1,11.03,100,84,Malang,-8.1583,112.6033
2018-01-02,26.5,21.2,23.7,16.7,16.7,2.59,10.9,13.42,98,77,Malang,-8.1583,112.6033
2018-01-03,27.4,21.5,24.1,8.3,8.3,2.78,9.8,14.08,99,81,Malang,-8.1583,112.6033
2018-01-04,26.9,21.6,23.8,39.6,39.6,2.55,9.7,12.87,99,77,Malang,-8.1583,112.6033
2018-01-05,26.4,21.8,23.5,21.4,21.4,2.48,12.9,12.82,100,79,Malang,-8.1583,112.6033
2018-01-06,26.6,21.5,23.2,17.5,17.5,2.3,17.6,12.41,100,82,Malang,-8.1583,112.6033
2018-01-07,26.8,21.0,23.3,12.2,12.2,2.19,11.3,10.96,97,77,Malang,-8.1583,112.6033
2018-01-08,28.1,20.9,23.8,11.0,11.0,3.07,9.0,15.08,97,68,Malang,-8.1583,112.6033
2018-01-09,28.0,21.8,24.1,13.0,13.0,3.06,7.9,15.36,99,71,Malang,-8.1583,112.6033
2018-01-10,26.3,21.9,23.3,22.3,22.3,2.39,14.0,12.7,100,81,Malang,-8.1583,112.6033
2018-01-11,24.6,21.0,22.6,19.8,19.8,1.51,14.7,7.68,97,85,Malang,-8.1583,112.6033
2018-01-12,26.6,21.2,23.4,0.7,0.7,2.85,21.7,13.44,93,62,Malang,-8.1583,112.6033
2018-01-13,27.8,21.0,24.0,4.3,4.3,2.57,12.9,11.91,96,68,Malang,-8.1583,112.6033
2018-01-14,27.1,21.4,23.9,3.6,3.6,2.95,21.2,14.21,96,68,Malang,-8.1583,112.6033
2018-01-15,27.5,21.5,23.9,1.0,1.0,3.27,20.6,16.54,96,64,Malang,-8.1583,112.6033
2018-01-16,26.5,20.6,23.5,0.7,0.7,2.36,21.3,11.02,96,71,Malang,-8.1583,112.6033
2018-01-17,27.0,20.8,23.7,4.4,4.4,2.92,16.9,14.48,97,70,Malang,-8.1583,112.6033
2018-01-18,27.2,22.1,24.0,13.7,13.7,2.95,11.5,14.98,98,76,Malang,-8.1583,112.6033
2018-01-19,25.6,21.2,22.8,22.2,22.2,1.81,16.1,9.59,99,84,Malang,-8.1583,112.6033
2018-01-20,25.6,21.6,23.0,28.0,28.0,1.86,15.4,9.13,96,78,Malang,-8.1583,112.6033
2018-01-21,25.2,21.8,23.1,17.6,17.6,1.83,18.4,8.59,98,77,Malang,-8.1583,112.6033
2018-01-22,26.8,21.5,23.6,5.6,5.6,2.54,19.9,13.31,94,80,Malang,-8.1583,112.6033
2018-01-23,26.9,22.0,23.7,3.9,3.9,2.62,15.6,13.02,97,72,Malang,-8.1583,112.6033
2018-01-24,26.4,21.9,23.6,12.2,12.2,2.46,15.9,12.74,98,80,Malang,-8.1583,112.6033
2018-01-25,26.0,22.4,23.4,19.8,19.8,1.98,21.3,10.24,95,82,Malang,-8.1583,112.6033
2018-01-26,27.1,22.2,23.7,16.9,16.9,2.79,23.4,14.03,97,70,Malang,-8.1583,112.6033
2018-01-27,27.8,20.6,23.9,2.2,2.2,3.44,23.2,17.82,96,69,Malang,-8.1583,112.6033
2018-01-28,28.5,21.6,24.9,7.6,7.6,3.85,15.2,19.08,97,66,Malang,-8.1583,112.6033
2018-01-29,26.1,22.4,23.9,2.2,2.2,2.83,30.6,14.6,90,74,Malang,-8.1583,112.6033
2018-01-30,26.7,21.4,23.3,13.8,13.8,3.2,21.5,17.65,96,72,Malang,-8.1583,112.6033
2018-01-31,28.2,21.1,24.1,0.7,0.7,3.99,22.1,20.86,93,67,Malang,-8.1583,112.6033
2018-02-01,25.6,22.1,23.2,12.9,12.9,1.92,18.1,9.55,98,81,Malang,-8.1583,112.6033
2018-02-02,26.2,21.5,23.3,9.8,9.8,2.47,13.2,12.5,100,76,Malang,-8.1583,112.6033
2018-02-03,28.5,20.6,23.9,12.5,12.5,3.43,13.3,16.94,98,71,Malang,-8.1583,112.6033
2018-02-04,28.4,20.6,23.9,2.1,2.1,3.81,14.5,19.33,98,63,Malang,-8.1583,112.6033
2018-02-05,26.0,21.5,23.4,5.8,5.8,2.69,13.4,14.54,98,82,Malang,-8.1583,112.6033
2018-02-06,25.6,21.0,22.8,14.3,14.3,2.69,16.9,15.17,100,75,Malang,-8.1583,112.6033
2018-02-07,27.1,20.5,23.2,25.7,25.7,3.42,16.7,18.52,98,69,Malang,-8.1583,112.6033
2018-02-08,25.6,20.9,22.8,44.3,44.3,2.27,16.3,11.94,97,83,Malang,-8.1583,112.6033
2018-02-09,24.8,20.9,22.7,3.1,3.1,1.58,13.8,7.54,97,81,Malang,-8.1583,112.6033
2018-02-10,27.5,20.1,23.6,3.7,3.7,3.98,17.4,21.15,98,66,Malang,-8.1583,112.6033
2018-02-11,28.0,20.7,23.7,5.1,5.1,3.7,12.9,19.26,96,66,Malang,-8.1583,112.6033
2018-02-12,28.1,20.9,24.1,0.1,0.1,3.73,15.8,18.77,98,66,Malang,-8.1583,112.6033
2018-02-13,27.4,21.5,23.6,14.2,14.2,2.88,16.2,15.35,99,72,Malang,-8.1583,112.6033
2018-02-14,26.0,22.5,23.8,13.2,13.2,2.74,21.3,13.81,96,75,Malang,-8.1583,112.6033
2018-02-15,25.4,22.0,23.2,30.2,30.2,2.2,18.0,11.53,97,76,Malang,-8.1583,112.6033
2018-02-16,25.4,21.7,23.4,1.2,1.2,1.79,15.7,8.11,98,79,Malang,-8.1583,112.6033
2018-02-17,27.2,21.0,23.7,20.0,20.0,3.33,21.6,17.95,96,69,Malang,-8.1583,112.6033
2018-02-18,28.0,21.2,24.3,1.5,1.5,4.14,17.7,21.55,97,66,Malang,-8.1583,112.6033
2018-02-19,27.4,21.5,23.9,7.2,7.2,3.77,13.0,20.25,100,76,Malang,-8.1583,112.6033
2018-02-20,27.6,20.8,23.6,10.0,10.0,3.3,13.2,17.65,100,75,Malang,-8.1583,112.6033
2018-02-21,28.1,21.5,24.3,7.2,7.2,4.07,13.5,21.0,99,69,Malang,-8.1583,112.6033
2018-02-22,27.5,21.4,23.5,26.7,26.7,2.34,9.5,11.69,99,78,Malang,-8.1583,112.6033
2018-02-23,27.4,21.1,23.5,12.4,12.4,2.82,6.9,13.83,99,74,Malang,-8.1583,112.6033
2018-02-24,27.1,21.4,23.5,20.7,20.7,2.64,11.0,13.42,100,72,Malang,-8.1583,112.6033
2018-02-25,26.5,21.2,23.4,11.3,11.3,3.24,12.7,17.06,100,75,Malang,-8.1583,112.6033
2018-02-26,26.6,20.7,23.2,7.6,7.6,3.07,12.8,16.28,100,80,Malang,-8.1583,112.6033
2018-02-27,27.5,20.5,23.8,1.2,1.2,4.05,14.5,21.29,98,66,Malang,-8.1583,112.6033
2018-02-28,27.6,19.9,24.0,3.1,3.1,3.95,11.7,20.22,98,69,Malang,-8.1583,112.6033
2018-03-01,28.6,20.4,24.1,5.2,5.2,4.08,10.8,20.53,97,62,Malang,-8.1583,112.6033
2018-03-02,27.4,20.8,23.7,10.9,10.9,3.33,12.0,17.59,100,77,Malang,-8.1583,112.6033
2018-03-03,28.5,22.0,24.3,4.1,4.1,3.32,6.9,16.64,99,73,Malang,-8.1583,112.6033
2018-03-04,28.0,21.2,24.2,18.0,18.0,3.3,12.9,17.11,97,73,Malang,-8.1583,112.6033
2018-03-05,28.1,21.5,23.9,16.9,16.9,2.97,6.9,14.64,98,71,Malang,-8.1583,112.6033
2018-03-06,28.5,21.0,23.9,17.0,17.0,3.26,9.1,16.46,100,73,Malang,-8.1583,112.6033
2018-03-07,26.4,21.5,23.6,19.0,19.0,2.77,12.6,15.04,100,83,Malang,-8.1583,112.6033
2018-03-08,26.6,21.0,23.7,20.1,20.1,3.2,13.1,16.99,98,77,Malang,-8.1583,112.6033
2018-03-09,27.0,21.4,24.1,3.9,3.9,3.51,11.8,19.06,100,82,Malang,-8.1583,112.6033
2018-03-10,28.5,21.0,24.3,5.2,5.2,4.03,12.2,20.74,99,70,Malang,-8.1583,112.6033
2018-03-11,27.8,21.5,24.1,8.0,8.0,3.79,12.2,19.73,100,79,Malang,-8.1583,112.6033
2018-03-12,28.0,21.4,24.2,3.2,3.2,3.78,11.6,19.01,99,68,Malang,-8.1583,112.6033
2018-03-13,27.4,21.5,23.6,18.6,18.6,2.86,15.1,14.51,99,71,Malang,-8.1583,112.6033
2018-03-14,26.4,21.0,23.2,8.4,8.4,2.59,13.0,13.33,97,72,Malang,-8.1583,112.6033
2018-03-15,27.2,20.0,23.4,1.3,1.3,3.78,15.1,19.92,98,70,Malang,-8.1583,112.6033
2018-03-16,27.5,20.8,23.8,5.6,5.6,3.71,10.9,19.09,100,70,Malang,-8.1583,112.6033
2018-03-17,27.5,20.5,23.4,11.9,11.9,3.55,11.5,18.46,98,74,Malang,-8.1583,112.6033
2018-03-18,28.0,20.1,23.7,1.4,1.4,4.23,10.5,21.82,100,64,Malang,-8.1583,112.6033
2018-03-19,27.4,19.8,23.3,0.7,0.7,3.93,12.4,21.06,100,75,Malang,-8.1583,112.6033
2018-03-20,28.2,20.4,24.0,0.0,0.0,4.8,15.0,25.47,100,68,Malang,-8.1583,112.6033
2018-03-21,28.8,20.0,24.1,1.6,1.6,4.71,13.2,24.32,96,66,Malang,-8.1583,112.6033
2018-03-22,27.4,21.4,23.7,3.6,3.6,3.1,10.8,15.22,93,71,Malang,-8.1583,112.6033
2018-03-23,28.1,20.8,24.3,2.6,2.6,4.45,14.4,23.11,100,67,Malang,-8.1583,112.6033
2018-03-24,26.3,21.2,23.3,4.5,4.5,2.8,13.8,15.75,100,83,Malang,-8.1583,112.6033
2018-03-25,26.9,21.3,23.6,3.5,3.5,3.56,11.6,19.03,99,75,Malang,-8.1583,112.6033
2018-03-26,27.8,20.9,24.0,2.6,2.6,3.78,10.6,19.19,100,68,Malang,-8.1583,112.6033
2018-03-27,27.0,21.8,23.8,1.4,1.4,2.84,11.8,14.55,99,72,Malang,-8.1583,112.6033
2018-03-28,26.4,21.0,23.7,3.0,3.0,3.1,15.8,16.93,99,77,Malang,-8.1583,112.6033
2018-03-29,28.0,22.1,24.5,3.2,3.2,3.7,18.9,19.13,98,69,Malang,-8.1583,112.6033
2018-03-30,27.8,22.1,24.3,2.2,2.2,3.79,14.7,20.15,97,74,Malang,-8.1583,112.6033
2018-03-31,28.2,21.9,24.1,3.6,3.6,3.46,20.1,18.27,97,66,Malang,-8.1583,112.6033
2018-04-01,28.8,20.6,24.4,3.5,3.5,4.18,12.4,21.43,100,64,Malang,-8.1583,112.6033
2018-04-02,28.5,20.9,24.0,11.3,11.3,3.81,8.9,19.47,99,66,Malang,-8.1583,112.6033
2018-04-03,27.3,21.0,23.7,0.6,0.6,3.91,12.6,20.83,100,74,Malang,-8.1583,112.6033
2018-04-04,28.0,20.6,23.9,6.3,6.3,3.87,14.6,20.16,100,70,Malang,-8.1583,112.6033
2018-04-05,28.2,20.6,24.2,3.1,3.1,4.07,18.1,21.25,100,70,Malang,-8.1583,112.6033
2018-04-06,28.4,20.5,24.2,1.8,1.8,3.92,13.0,20.12,96,66,Malang,-8.1583,112.6033
2018-04-07,28.3,21.8,24.4,2.2,2.2,3.93,10.0,19.97,92,69,Malang,-8.1583,112.6033
2018-04-08,28.1,21.7,24.2,3.4,3.4,3.74,9.7,19.04,92,72,Malang,-8.1583,112.6033
2018-04-09,28.3,21.4,24.0,7.9,7.9,3.71,8.2,18.63,97,65,Malang,-8.1583,112.6033
2018-04-10,29.1,19.8,24.2,2.4,2.4,4.08,15.3,20.57,95,61,Malang,-8.1583,112.6033
2018-04-11,28.2,21.4,24.6,2.5,2.5,3.75,14.0,19.02,98,69,Malang,-8.1583,112.6033
2018-04-12,28.9,22.0,24.9,1.1,1.1,3.93,7.6,19.3,95,64,Malang,-8.1583,112.6033
2018-04-13,28.6,21.6,24.7,0.0,0.0,4.17,21.3,22.1,97,70,Malang,-8.1583,112.6033
2018-04-14,29.2,20.6,24.6,1.2,1.2,3.96,10.7,19.52,97,63,Malang,-8.1583,112.6033
2018-04-15,28.6,21.2,24.8,1.9,1.9,4.29,18.2,22.27,99,67,Malang,-8.1583,112.6033
2018-04-16,28.4,20.8,24.2,1.4,1.4,3.39,13.5,17.36,98,67,Malang,-8.1583,112.6033
2018-04-17,28.2,21.5,24.4,1.7,1.7,3.32,11.6,16.9,100,73,Malang,-8.1583,112.6033
2018-04-18,28.9,21.4,24.6,1.4,1.4,3.89,9.7,19.41,100,63,Malang,-8.1583,112.6033
2018-04-19,28.0,21.2,24.4,1.9,1.9,3.73,17.1,18.93,97,68,Malang,-8.1583,112.6033
2018-04-20,28.4,21.0,24.3,9.0,9.0,3.56,9.9,18.14,94,68,Malang,-8.1583,112.6033
2018-04-21,29.4,21.0,25.0,1.0,1.0,4.12,8.2,20.61,96,63,Malang,-8.1583,112.6033
2018-04-22,28.5,22.0,24.7,1.5,1.5,3.36,9.8,16.64,97,68,Malang,-8.1583,112.6033
2018-04-23,29.4,21.9,24.8,1.6,1.6,3.97,14.2,19.66,98,59,Malang,-8.1583,112.6033
2018-04-24,28.9,21.5,24.9,1.6,1.6,4.08,20.5,20.43,97,63,Malang,-8.1583,112.6033
2018-04-25,29.2,21.2,24.8,1.2,1.2,4.11,13.2,20.52,97,57,Malang,-8.1583,112.6033
2018-04-26,29.5,20.4,24.9,0.2,0.2,4.59,13.7,22.56,95,54,Malang,-8.1583,112.6033
2018-04-27,29.6,20.3,24.6,0.6,0.6,4.16,12.8,20.1,92,54,Malang,-8.1583,112.6033
2018-04-28,28.9,21.5,24.3,0.1,0.1,4.41,20.7,21.74,97,62,Malang,-8.1583,112.6033
2018-04-29,28.5,22.1,24.6,0.0,0.0,5.33,27.0,24.29,93,53,Malang,-8.1583,112.6033
2018-04-30,28.8,17.0,23.4,0.0,0.0,4.79,21.4,23.57,97,51,Malang,-8.1583,112.6033
2018-05-01,28.2,17.5,23.2,0.0,0.0,4.49,18.6,22.25,97,55,Malang,-8.1583,112.6033
2018-05-02,29.4,18.8,23.5,0.0,0.0,4.95,18.2,23.55,93,44,Malang,-8.1583,112.6033
2018-05-03,28.8,19.0,23.5,0.0,0.0,4.64,17.7,23.19,97,56,Malang,-8.1583,112.6033
2018-05-04,29.5,18.5,23.5,0.0,0.0,5.06,22.2,23.57,93,41,Malang,-8.1583,112.6033
2018-05-05,31.0,18.2,24.3,0.0,0.0,4.7,14.2,22.93,93,41,Malang,-8.1583,112.6033
2018-05-06,30.4,19.4,24.8,0.4,0.4,4.55,18.1,21.1,93,49,Malang,-8.1583,112.6033
2018-05-07,29.8,20.3,24.9,0.1,0.1,4.65,19.9,22.0,97,56,Malang,-8.1583,112.6033
2018-05-08,30.2,20.9,24.6,0.0,0.0,5.06,26.8,23.24,95,43,Malang,-8.1583,112.6033
2018-05-09,30.2,18.8,24.3,0.1,0.1,4.89,18.6,22.84,93,47,Malang,-8.1583,112.6033
2018-05-10,30.6,21.2,25.0,0.0,0.0,4.58,17.4,20.82,97,46,Malang,-8.1583,112.6033
2018-05-11,29.7,19.0,24.3,0.0,0.0,4.87,26.5,22.48,100,51,Malang,-8.1583,112.6033
2018-05-12,29.3,21.4,24.8,0.0,0.0,4.76,26.3,21.75,91,56,Malang,-8.1583,112.6033
2018-05-13,30.0,21.7,25.0,0.0,0.0,4.69,25.0,20.88,91,51,Malang,-8.1583,112.6033
2018-05-14,31.0,22.1,25.7,0.6,0.6,4.39,18.6,19.21,96,48,Malang,-8.1583,112.6033
2018-05-15,28.5,22.3,25.0,2.7,2.7,3.48,26.1,15.88,98,62,Malang,-8.1583,112.6033
2018-05-16,29.7,22.1,25.0,3.3,3.3,3.46,21.4,15.08,94,57,Malang,-8.1583,112.6033
2018-05-17,29.3,22.6,24.9,0.1,0.1,3.92,24.0,17.06,90,57,Malang,-8.1583,112.6033
2018-05-18,29.1,22.1,24.7,0.5,0.5,3.79,21.6,15.91,93,57,Malang,-8.1583,112.6033
2018-05-19,30.8,22.3,25.2,2.3,2.3,4.17,20.4,18.58,92,47,Malang,-8.1583,112.6033
2018-05-20,31.3,22.2,25.4,0.1,0.1,3.97,15.2,17.7,97,42,Malang,-8.1583,112.6033
2018-05-21,30.7,22.1,25.1,7.6,7.6,3.62,14.2,17.38,98,47,Malang,-8.1583,112.6033
2018-05-22,29.6,21.6,25.2,1.6,1.6,3.76,14.9,17.48,96,57,Malang,-8.1583,112.6033
2018-05-23,30.6,22.0,25.4,0.0,0.0,3.68,13.8,17.42,98,52,Malang,-8.1583,112.6033
2018-05-24,29.6,22.2,24.9,1.7,1.7,3.48,16.3,16.21,94,57,Malang,-8.1583,112.6033
2018-05-25,31.0,22.0,25.1,1.7,1.7,3.48,16.5,16.24,96,53,Malang,-8.1583,112.6033
2018-05-26,28.5,22.2,24.7,0.5,0.5,3.05,20.1,12.86,93,60,Malang,-8.1583,112.6033
2018-05-27,28.6,21.8,24.2,0.0,0.0,3.8,26.8,17.18,94,62,Malang,-8.1583,112.6033
2018-05-28,29.0,21.1,24.3,0.0,0.0,4.4,23.3,20.66,94,56,Malang,-8.1583,112.6033
2018-05-29,28.2,21.0,23.7,0.0,0.0,4.38,26.4,20.85,93,54,Malang,-8.1583,112.6033
2018-05-30,28.9,19.2,23.3,0.0,0.0,4.47,17.9,21.65,98,49,Malang,-8.1583,112.6033
2018-05-31,30.2,18.5,23.5,0.0,0.0,4.64,20.9,21.67,99,43,Malang,-8.1583,112.6033
2018-06-01,29.5,18.8,23.2,0.0,0.0,4.52,19.0,21.17,100,44,Malang,-8.1583,112.6033
2018-06-02,31.6,19.2,24.3,0.0,0.0,4.52,21.4,21.33,95,35,Malang,-8.1583,112.6033
2018-06-03,30.8,21.1,25.0,0.0,0.0,4.17,19.7,18.75,98,47,Malang,-8.1583,112.6033
2018-06-04,32.2,20.5,25.2,0.0,0.0,4.15,17.1,19.39,96,36,Malang,-8.1583,112.6033
2018-06-05,32.6,20.8,25.8,0.1,0.1,4.51,17.0,19.89,100,39,Malang,-8.1583,112.6033
2018-06-06,31.2,21.6,24.9,0.2,0.2,3.74,18.4,17.64,100,45,Malang,-8.1583,112.6033
2018-06-07,31.6,20.9,25.0,0.0,0.0,4.32,18.5,20.39,100,47,Malang,-8.1583,112.6033
2018-06-08,31.0,21.5,24.8,0.0,0.0,4.14,20.1,19.06,99,49,Malang,-8.1583,112.6033
2018-06-09,28.8,20.5,24.0,0.0,0.0,4.37,18.6,20.27,99,51,Malang,-8.1583,112.6033
2018-06-10,30.9,19.7,24.4,0.0,0.0,4.24,23.2,19.29,97,45,Malang,-8.1583,112.6033
2018-06-11,28.1,21.9,24.2,1.0,1.0,3.34,26.9,14.83,94,62,Malang,-8.1583,112.6033
2018-06-12,29.0,22.0,24.5,1.1,1.1,3.65,23.7,15.54,94,57,Malang,-8.1583,112.6033
2018-06-13,28.1,20.8,23.5,0.0,0.0,4.45,21.4,20.35,96,49,Malang,-8.1583,112.6033
2018-06-14,28.7,20.2,23.5,0.0,0.0,4.55,23.1,21.04,96,45,Malang,-8.1583,112.6033
2018-06-15,28.9,20.4,23.7,0.0,0.0,4.72,22.0,21.15,93,38,Malang,-8.1583,112.6033
2018-06-16,31.2,18.0,23.9,0.0,0.0,4.32,17.3,20.55,95,33,Malang,-8.1583,112.6033
2018-06-17,31.5,18.8,24.5,0.0,0.0,4.49,15.0,20.87,95,32,Malang,-8.1583,112.6033
2018-06-18,31.2,19.1,24.1,0.0,0.0,4.46,16.6,20.74,97,37,Malang,-8.1583,112.6033
2018-06-19,28.0,20.0,23.1,11.0,11.0,2.96,21.9,14.72,98,58,Malang,-8.1583,112.6033
2018-06-20,27.2,21.9,23.7,16.4,16.4,3.07,24.5,15.97,97,69,Malang,-8.1583,112.6033
2018-06-21,26.7,21.4,23.4,10.6,10.6,2.51,21.0,12.61,99,71,Malang,-8.1583,112.6033
2018-06-22,27.0,21.4,23.4,7.2,7.2,3.01,20.8,15.7,96,69,Malang,-8.1583,112.6033
2018-06-23,27.0,21.5,23.3,4.8,4.8,2.84,19.9,14.45,96,70,Malang,-8.1583,112.6033
2018-06-24,26.6,21.5,23.3,19.3,19.3,3.04,23.1,16.05,98,74,Malang,-8.1583,112.6033
2018-06-25,25.6,21.1,22.7,10.0,10.0,2.93,26.3,16.2,94,75,Malang,-8.1583,112.6033
2018-06-26,25.8,20.6,22.5,1.3,1.3,3.03,23.4,16.2,95,72,Malang,-8.1583,112.6033
2018-06-27,25.6,20.7,22.6,0.0,0.0,3.07,25.3,16.45,96,73,Malang,-8.1583,112.6033
2018-06-28,25.2,20.5,22.3,0.0,0.0,3.25,29.5,18.43,96,72,Malang,-8.1583,112.6033
2018-06-29,25.4,19.8,22.2,0.1,0.1,3.21,27.3,17.82,97,73,Malang,-8.1583,112.6033
2018-06-30,26.5,20.0,22.5,0.0,0.0,3.49,21.7,18.31,94,66,Malang,-8.1583,112.6033
2018-07-01,27.0,19.8,22.6,0.0,0.0,3.88,18.7,20.46,93,65,Malang,-8.1583,112.6033
2018-07-02,27.7,18.4,22.2,0.0,0.0,3.77,15.5,20.11,98,61,Malang,-8.1583,112.6033
2018-07-03,27.0,18.0,22.4,0.3,0.3,3.57,22.1,18.93,100,64,Malang,-8.1583,112.6033
2018-07-04,25.6,20.1,22.6,0.4,0.4,3.31,32.4,17.99,98,72,Malang,-8.1583,112.6033
2018-07-05,25.4,19.1,21.6,0.0,0.0,4.09,27.8,21.03,93,58,Malang,-8.1583,112.6033
2018-07-06,25.5,18.5,21.7,0.0,0.0,4.04,25.0,20.39,88,62,Malang,-8.1583,112.6033
2018-07-07,25.5,19.5,22.2,0.0,0.0,3.8,22.2,18.67,94,60,Malang,-8.1583,112.6033
2018-07-08,27.2,18.9,22.3,0.0,0.0,3.17,21.1,15.58,97,58,Malang,-8.1583,112.6033
2018-07-09,26.4,19.6,22.5,0.0,0.0,3.93,24.2,20.68,96,61,Malang,-8.1583,112.6033
2018-07-10,25.8,19.8,22.1,0.0,0.0,3.76,28.6,19.18,95,62,Malang,-8.1583,112.6033
2018-07-11,25.9,18.1,21.8,0.0,0.0,3.65,19.9,18.61,95,60,Malang,-8.1583,112.6033
2018-07-12,25.8,18.3,21.9,0.3,0.3,3.35,23.2,17.21,98,65,Malang,-8.1583,112.6033
2018-07-13,26.0,19.9,22.3,0.1,0.1,3.76,25.2,18.76,94,61,Malang,-8.1583,112.6033
2018-07-14,25.9,19.5,21.9,0.0,0.0,3.58,23.4,17.55,93,61,Malang,-8.1583,112.6033
2018-07-15,25.0,18.6,21.4,0.0,0.0,3.69,22.6,17.43,95,55,Malang,-8.1583,112.6033
2018-07-16,26.6,18.2,21.8,0.0,0.0,3.83,19.0,19.0,93,56,Malang,-8.1583,112.6033
2018-07-17,26.9,19.2,22.4,0.0,0.0,3.44,19.3,16.69,96,61,Malang,-8.1583,112.6033
2018-07-18,27.4,19.5,22.7,0.0,0.0,3.3,18.6,16.01,96,59,Malang,-8.1583,112.6033
2018-07-19,28.0,19.4,22.9,0.0,0.0,4.22,23.8,21.31,95,53,Malang,-8.1583,112.6033
2018-07-20,30.4,20.0,23.6,0.0,0.0,4.12,20.6,20.28,99,46,Malang,-8.1583,112.6033
2018-07-21,29.5,19.3,23.5,0.0,0.0,3.45,17.1,16.19,99,51,Malang,-8.1583,112.6033
2018-07-22,27.8,20.7,23.7,1.3,1.3,3.57,18.7,17.4,98,63,Malang,-8.1583,112.6033
2018-07-23,27.6,20.6,23.3,0.1,0.1,3.99,26.7,19.78,98,61,Malang,-8.1583,112.6033
2018-07-24,28.6,19.6,23.0,0.0,0.0,4.37,16.8,21.23,100,51,Malang,-8.1583,112.6033
2018-07-25,27.5,17.6,21.6,0.0,0.0,4.52,21.6,22.9,98,46,Malang,-8.1583,112.6033
2018-07-26,27.6,16.2,21.5,0.0,0.0,4.41,19.9,22.61,98,51,Malang,-8.1583,112.6033
2018-07-27,27.0,18.2,22.1,0.0,0.0,3.55,20.6,17.11,95,56,Malang,-8.1583,112.6033
2018-07-28,25.7,20.5,22.6,1.0,1.0,3.21,20.1,14.99,97,64,Malang,-8.1583,112.6033
2018-07-29,27.8,19.4,22.7,0.0,0.0,4.19,21.1,20.64,94,54,Malang,-8.1583,112.6033
2018-07-30,30.0,18.8,23.2,0.0,0.0,4.18,22.1,20.3,98,47,Malang,-8.1583,112.6033
2018-07-31,26.9,20.1,23.0,1.3,1.3,3.52,22.4,17.44,100,63,Malang,-8.1583,112.6033
2018-08-01,27.5,20.0,22.8,0.4,0.4,3.87,20.5,19.46,98,59,Malang,-8.1583,112.6033
2018-08-02,26.4,18.7,21.6,0.1,0.1,4.44,23.6,21.66,97,45,Malang,-8.1583,112.6033
2018-08-03,24.2,18.6,20.7,0.3,0.3,3.21,25.1,14.75,91,59,Malang,-8.1583,112.6033
2018-08-04,24.3,18.4,21.0,0.3,0.3,2.95,21.6,13.4,94,60,Malang,-8.1583,112.6033
2018-08-05,23.8,18.5,20.6,0.9,0.9,2.92,23.4,14.39,95,66,Malang,-8.1583,112.6033
2018-08-06,25.7,17.7,21.1,0.0,0.0,4.13,22.9,19.77,88,53,Malang,-8.1583,112.6033
2018-08-07,26.5,18.4,21.8,0.0,0.0,3.83,22.1,19.31,98,59,Malang,-8.1583,112.6033
2018-08-08,28.0,19.5,23.2,0.0,0.0,4.45,20.7,22.38,96,57,Malang,-8.1583,112.6033
2018-08-09,29.2,20.3,23.6,0.2,0.2,4.47,20.5,22.31,100,55,Malang,-8.1583,112.6033
2018-08-10,27.4,19.4,22.8,0.0,0.0,4.01,21.6,19.97,98,59,Malang,-8.1583,112.6033
2018-08-11,26.9,19.8,22.6,0.0,0.0,3.68,27.1,17.37,98,62,Malang,-8.1583,112.6033
2018-08-12,28.2,20.0,23.0,0.1,0.1,3.83,23.3,17.7,94,55,Malang,-8.1583,112.6033
2018-08-13,29.9,20.0,23.7,0.1,0.1,3.92,19.1,18.21,96,47,Malang,-8.1583,112.6033
2018-08-14,28.1,19.5,23.1,0.0,0.0,4.08,22.1,19.75,99,56,Malang,-8.1583,112.6033
2018-08-15,27.2,19.4,22.4,0.0,0.0,4.65,22.6,22.34,95,47,Malang,-8.1583,112.6033
2018-08-16,27.2,17.5,21.9,0.0,0.0,4.88,22.1,24.0,94,45,Malang,-8.1583,112.6033
2018-08-17,27.0,16.4,21.4,0.0,0.0,4.32,21.5,21.13,98,47,Malang,-8.1583,112.6033
2018-08-18,27.9,18.1,22.1,0.0,0.0,4.54,23.2,22.66,98,51,Malang,-8.1583,112.6033
2018-08-19,29.5,17.4,22.8,0.0,0.0,4.7,22.6,23.17,100,46,Malang,-8.1583,112.6033
2018-08-20,30.7,19.3,23.4,0.2,0.2,4.48,21.4,21.81,100,37,Malang,-8.1583,112.6033
2018-08-21,28.4,19.5,23.4,0.7,0.7,4.29,18.6,20.38,99,54,Malang,-8.1583,112.6033
2018-08-22,29.0,19.7,23.2,0.0,0.0,4.84,20.7,23.51,98,49,Malang,-8.1583,112.6033
2018-08-23,28.8,19.3,23.0,0.0,0.0,5.03,21.8,24.25,98,44,Malang,-8.1583,112.6033
2018-08-24,28.8,19.1,22.6,0.0,0.0,5.19,22.1,24.74,97,37,Malang,-8.1583,112.6033
2018-08-25,28.9,17.2,22.2,0.0,0.0,4.87,21.1,23.52,92,44,Malang,-8.1583,112.6033
2018-08-26,29.4,18.7,23.0,0.0,0.0,4.65,25.3,22.71,96,48,Malang,-8.1583,112.6033
2018-08-27,30.3,19.4,23.3,0.4,0.4,3.73,24.7,17.21,98,48,Malang,-8.1583,112.6033
2018-08-28,26.7,21.1,22.9,1.6,1.6,2.4,18.4,10.55,95,65,Malang,-8.1583,112.6033
2018-08-29,24.5,20.5,22.2,3.3,3.3,1.97,15.2,8.5,97,70,Malang,-8.1583,112.6033
2018-08-30,26.0,20.5,22.5,1.3,1.3,2.62,19.9,12.0,97,70,Malang,-8.1583,112.6033
2018-08-31,26.7,20.8,22.9,1.8,1.8,3.24,21.7,15.87,98,67,Malang,-8.1583,112.6033
2018-09-01,25.5,20.5,22.1,2.7,2.7,2.19,18.1,10.96,98,72,Malang,-8.1583,112.6033
2018-09-02,27.2,20.7,22.9,0.4,0.4,3.81,19.1,18.87,97,61,Malang,-8.1583,112.6033
2018-09-03,26.7,19.4,22.2,0.0,0.0,3.96,18.2,19.27,99,53,Malang,-8.1583,112.6033
2018-09-04,27.4,18.7,22.4,0.0,0.0,4.4,19.7,21.19,94,48,Malang,-8.1583,112.6033
2018-09-05,26.5,19.8,22.7,2.4,2.4,3.56,24.0,17.45,95,63,Malang,-8.1583,112.6033
2018-09-06,27.2,20.4,23.0,0.4,0.4,3.76,23.6,18.07,96,59,Malang,-8.1583,112.6033
2018-09-07,27.5,19.2,23.1,1.7,1.7,3.74,21.3,17.6,98,61,Malang,-8.1583,112.6033
2018-09-08,28.3,20.8,23.4,0.1,0.1,4.09,23.5,19.91,96,56,Malang,-8.1583,112.6033
2018-09-09,30.8,19.7,24.0,0.0,0.0,4.98,21.7,23.93,97,46,Malang,-8.1583,112.6033
2018-09-10,30.0,21.0,24.2,0.0,0.0,4.47,22.7,21.0,99,47,Malang,-8.1583,112.6033
2018-09-11,29.1,19.9,23.7,0.1,0.1,4.99,27.3,24.09,98,52,Malang,-8.1583,112.6033
2018-09-12,27.5,19.9,22.9,0.2,0.2,4.69,20.9,22.89,98,49,Malang,-8.1583,112.6033
2018-09-13,28.4,18.4,22.6,0.0,0.0,4.73,19.5,23.19,99,50,Malang,-8.1583,112.6033
2018-09-14,27.7,19.2,22.6,0.2,0.2,4.31,19.8,20.88,96,50,Malang,-8.1583,112.6033
2018-09-15,28.0,17.5,22.3,0.0,0.0,4.81,21.0,23.27,97,44,Malang,-8.1583,112.6033
2018-09-16,29.1,17.2,23.0,0.1,0.1,4.89,21.0,23.59,96,49,Malang,-8.1583,112.6033
2018-09-17,28.6,20.6,23.8,1.2,1.2,4.32,19.1,20.53,99,56,Malang,-8.1583,112.6033
2018-09-18,29.4,20.6,24.1,2.9,2.9,3.87,18.2,17.67,99,54,Malang,-8.1583,112.6033
2018-09-19,29.1,20.5,23.5,3.9,3.9,3.47,16.6,16.71,100,56,Malang,-8.1583,112.6033
2018-09-20,29.1,21.1,24.1,0.1,0.1,3.54,15.2,16.43,98,54,Malang,-8.1583,112.6033
2018-09-21,29.8,20.8,24.5,0.1,0.1,4.7,18.4,22.36,98,54,Malang,-8.1583,112.6033
2018-09-22,30.9,17.8,24.0,0.0,0.0,5.59,18.8,26.15,97,42,Malang,-8.1583,112.6033
2018-09-23,30.0,19.7,24.2,0.1,0.1,5.19,21.7,23.88,99,46,Malang,-8.1583,112.6033
2018-09-24,30.9,20.2,24.7,0.0,0.0,5.26,20.0,24.1,94,43,Malang,-8.1583,112.6033
2018-09-25,29.8,19.8,24.1,0.0,0.0,5.03,19.4,23.58,100,44,Malang,-8.1583,112.6033
2018-09-26,31.1,19.1,23.9,0.0,0.0,5.85,23.2,26.79,99,33,Malang,-8.1583,112.6033
2018-09-27,31.0,17.0,23.1,0.0,0.0,6.04,21.6,27.34,100,25,Malang,-8.1583,112.6033
2018-09-28,30.5,16.9,23.3,0.0,0.0,5.88,23.8,26.97,99,33,Malang,-8.1583,112.6033
2018-09-29,31.0,18.5,24.1,0.0,0.0,4.87,19.2,22.47,99,42,Malang,-8.1583,112.6033
2018-09-30,31.5,19.9,24.8,0.5,0.5,5.03,22.1,22.46,100,44,Malang,-8.1583,112.6033
2018-10-01,31.1,20.9,25.2,0.0,0.0,5.55,21.6,24.67,97,45,Malang,-8.1583,112.6033
2018-10-02,32.9,20.5,25.5,0.3,0.3,5.69,21.3,25.64,91,38,Malang,-8.1583,112.6033
2018-10-03,30.9,20.9,24.9,0.0,0.0,5.83,20.7,26.72,98,43,Malang,-8.1583,112.6033
2018-10-04,32.8,17.8,24.7,0.0,0.0,6.19,24.5,27.37,97,30,Malang,-8.1583,112.6033
2018-10-05,31.6,17.9,24.5,0.0,0.0,5.66,21.2,26.61,94,37,Malang,-8.1583,112.6033
2018-10-06,30.8,20.3,25.0,0.5,0.5,5.24,22.2,23.35,98,46,Malang,-8.1583,112.6033
2018-10-07,29.9,21.4,25.2,2.3,2.3,4.89,19.9,22.06,98,52,Malang,-8.1583,112.6033
2018-10-08,30.1,21.5,25.2,0.0,0.0,5.54,28.7,24.52,96,48,Malang,-8.1583,112.6033
2018-10-09,30.9,20.3,24.6,0.0,0.0,5.52,23.1,25.5,97,43,Malang,-8.1583,112.6033
2018-10-10,31.0,19.8,24.7,0.1,0.1,5.24,20.7,24.54,99,45,Malang,-8.1583,112.6033
2018-10-11,31.0,20.9,25.0,0.1,0.1,5.38,21.5,24.96,98,44,Malang,-8.1583,112.6033
2018-10-12,32.2,20.5,25.3,0.1,0.1,5.46,20.5,25.24,98,41,Malang,-8.1583,112.6033
2018-10-13,30.0,21.3,24.8,0.0,0.0,5.24,19.6,24.31,98,46,Malang,-8.1583,112.6033
2018-10-14,30.5,20.3,24.7,0.9,0.9,4.88,20.7,22.51,100,45,Malang,-8.1583,112.6033
2018-10-15,30.1,21.2,24.9,0.6,0.6,4.88,20.2,22.03,97,51,Malang,-8.1583,112.6033
2018-10-16,30.5,20.5,24.8,0.1,0.1,5.15,21.2,23.53,96,48,Malang,-8.1583,112.6033
2018-10-17,29.5,21.6,24.6,2.2,2.2,4.17,16.9,19.33,94,57,Malang,-8.1583,112.6033
2018-10-18,26.8,21.1,23.7,2.7,2.7,3.25,20.9,14.86,97,66,Malang,-8.1583,112.6033
2018-10-19,28.5,20.3,23.8,0.1,0.1,4.43,22.3,20.47,98,54,Malang,-8.1583,112.6033
2018-10-20,29.0,20.0,24.0,1.2,1.2,4.68,21.1,21.94,95,53,Malang,-8.1583,112.6033
2018-10-21,30.3,21.0,24.5,0.1,0.1,4.53,18.5,20.56,98,49,Malang,-8.1583,112.6033
2018-10-22,28.5,20.9,24.3,2.6,2.6,3.9,19.3,18.37,98,63,Malang,-8.1583,112.6033
2018-10-23,31.0,22.0,25.2,1.5,1.5,4.3,15.3,19.41,95,52,Malang,-8.1583,112.6033
2018-10-24,30.1,21.5,25.0,3.1,3.1,4.47,17.6,20.94,99,49,Malang,-8.1583,112.6033
2018-10-25,27.6,21.8,23.8,4.7,4.7,3.3,18.3,16.35,98,68,Malang,-8.1583,112.6033
2018-10-26,28.3,21.0,24.3,1.7,1.7,4.35,21.1,21.55,97,64,Malang,-8.1583,112.6033
2018-10-27,28.7,19.7,24.0,2.6,2.6,4.4,21.3,21.51,98,61,Malang,-8.1583,112.6033
2018-10-28,27.9,20.9,23.9,2.3,2.3,4.12,19.0,20.73,99,63,Malang,-8.1583,112.6033
2018-10-29,28.1,21.0,24.1,3.3,3.3,4.51,17.9,21.79,98,58,Malang,-8.1583,112.6033
2018-10-30,29.4,19.5,23.9,1.1,1.1,5.03,18.7,23.53,100,46,Malang,-8.1583,112.6033
2018-10-31,29.9,18.8,24.2,0.1,0.1,5.3,20.5,25.07,100,50,Malang,-8.1583,112.6033
2018-11-01,29.5,20.0,24.7,0.7,0.7,4.88,20.0,22.27,98,53,Malang,-8.1583,112.6033
2018-11-02,31.1,20.5,25.6,0.4,0.4,5.16,20.4,23.3,98,48,Malang,-8.1583,112.6033
2018-11-03,30.6,21.6,25.7,0.1,0.1,5.16,23.6,23.4,93,55,Malang,-8.1583,112.6033
2018-11-04,30.4,22.2,25.6,1.6,1.6,4.62,22.7,20.95,95,56,Malang,-8.1583,112.6033
2018-11-05,29.2,21.7,25.0,3.5,3.5,4.1,20.0,19.89,97,57,Malang,-8.1583,112.6033
2018-11-06,28.5,22.3,24.9,3.1,3.1,3.77,18.5,18.35,98,66,Malang,-8.1583,112.6033
2018-11-07,28.5,22.3,24.4,13.4,13.4,3.0,14.8,14.42,98,65,Malang,-8.1583,112.6033
2018-11-08,28.8,22.0,24.1,21.9,21.9,2.68,12.8,13.35,99,66,Malang,-8.1583,112.6033
2018-11-09,27.7,21.5,24.0,26.5,26.5,2.72,14.5,13.9,100,76,Malang,-8.1583,112.6033
2018-11-10,28.3,21.9,24.5,7.4,7.4,3.51,15.1,17.94,100,68,Malang,-8.1583,112.6033
2018-11-11,28.1,22.0,24.5,1.6,1.6,3.42,13.8,17.21,99,70,Malang,-8.1583,112.6033
2018-11-12,27.5,21.8,24.0,3.9,3.9,3.16,16.8,16.7,99,79,Malang,-8.1583,112.6033
2018-11-13,27.0,21.7,23.7,24.0,24.0,2.42,14.8,12.72,100,78,Malang,-8.1583,112.6033
2018-11-14,28.2,21.4,24.4,5.3,5.3,3.38,11.6,17.14,99,71,Malang,-8.1583,112.6033
2018-11-15,27.5,22.2,24.2,19.5,19.5,2.52,16.0,13.37,100,82,Malang,-8.1583,112.6033
2018-11-16,28.4,21.9,25.0,0.3,0.3,4.57,21.4,23.85,98,68,Malang,-8.1583,112.6033
2018-11-17,28.8,22.2,25.4,1.5,1.5,4.11,14.8,20.52,100,69,Malang,-8.1583,112.6033
2018-11-18,27.8,22.9,24.9,3.9,3.9,3.36,11.2,16.69,98,75,Malang,-8.1583,112.6033
2018-11-19,30.3,20.8,24.9,0.1,0.1,5.22,18.1,26.62,100,63,Malang,-8.1583,112.6033
2018-11-20,28.5,21.9,24.8,2.2,2.2,4.07,16.9,20.31,100,69,Malang,-8.1583,112.6033
2018-11-21,28.4,20.9,24.5,1.0,1.0,4.33,16.8,22.31,99,66,Malang,-8.1583,112.6033
2018-11-22,26.7,21.9,23.8,2.6,2.6,3.63,18.2,19.3,99,71,Malang,-8.1583,112.6033
2018-11-23,27.1,19.7,23.5,3.0,3.0,4.12,16.3,21.53,100,67,Malang,-8.1583,112.6033
2018-11-24,26.5,21.5,23.7,3.9,3.9,3.41,13.3,17.91,96,78,Malang,-8.1583,112.6033
2018-11-25,26.7,20.6,23.2,32.4,32.4,3.12,14.8,17.02,100,78,Malang,-8.1583,112.6033
2018-11-26,25.5,21.6,23.0,25.6,25.6,1.93,9.3,9.78,99,86,Malang,-8.1583,112.6033
2018-11-27,26.6,21.3,23.6,13.6,13.6,2.79,13.5,14.36,100,79,Malang,-8.1583,112.6033
2018-11-28,25.9,21.5,23.5,24.7,24.7,2.37,11.2,12.33,100,82,Malang,-8.1583,112.6033
2018-11-29,26.5,21.8,23.4,24.9,24.9,2.22,12.1,11.47,98,81,Malang,-8.1583,112.6033
2018-11-30,26.5,21.9,23.4,19.8,19.8,2.03,9.8,10.21,99,78,Malang,-8.1583,112.6033
2018-12-01,26.5,22.0,23.6,3.9,3.9,2.68,16.8,13.67,99,76,Malang,-8.1583,112.6033
2018-12-02,26.6,21.0,23.7,4.1,4.1,3.28,14.4,17.79,97,80,Malang,-8.1583,112.6033
2018-12-03,27.4,22.2,24.0,11.4,11.4,2.86,14.0,14.15,97,72,Malang,-8.1583,112.6033
2018-12-04,27.5,21.9,24.1,11.2,11.2,3.32,19.5,17.96,98,77,Malang,-8.1583,112.6033
2018-12-05,28.0,21.5,24.3,29.6,29.6,3.48,12.5,17.72,99,73,Malang,-8.1583,112.6033
2018-12-06,27.2,21.6,24.1,26.5,26.5,3.33,13.2,17.81,99,72,Malang,-8.1583,112.6033
2018-12-07,29.0,22.1,24.8,10.3,10.3,3.53,13.6,18.16,99,69,Malang,-8.1583,112.6033
2018-12-08,27.9,22.5,24.3,104.1,104.1,2.62,18.7,12.69,98,71,Malang,-8.1583,112.6033
2018-12-09,27.5,21.7,24.7,4.0,4.0,3.38,10.2,17.16,100,79,Malang,-8.1583,112.6033
2018-12-10,27.9,22.5,24.7,5.9,5.9,3.25,13.5,16.69,99,74,Malang,-8.1583,112.6033
2018-12-11,27.2,22.4,24.6,4.2,4.2,3.14,16.3,16.88,100,81,Malang,-8.1583,112.6033
2018-12-12,27.6,22.9,24.6,5.0,5.0,3.14,15.5,15.96,98,74,Malang,-8.1583,112.6033
2018-12-13,27.0,22.6,24.4,0.5,0.5,2.68,11.9,13.02,95,73,Malang,-8.1583,112.6033
2018-12-14,29.4,23.0,25.2,5.6,5.6,3.77,13.8,18.42,96,65,Malang,-8.1583,112.6033
2018-12-15,26.9,22.4,23.8,30.0,30.0,2.31,16.5,12.11,98,81,Malang,-8.1583,112.6033
2018-12-16,26.1,22.4,23.7,3.3,3.3,2.2,17.4,10.92,98,77,Malang,-8.1583,112.6033
2018-12-17,27.4,22.3,24.2,1.0,1.0,3.77,16.8,19.17,95,67,Malang,-8.1583,112.6033
2018-12-18,26.7,20.4,23.5,2.0,2.0,3.39,17.0,18.02,98,73,Malang,-8.1583,112.6033
2018-12-19,25.8,22.0,23.8,2.4,2.4,2.96,15.7,15.33,96,78,Malang,-8.1583,112.6033
2018-12-20,27.1,21.1,23.6,14.1,14.1,2.95,9.0,15.23,98,75,Malang,-8.1583,112.6033
2018-12-21,26.9,21.6,23.4,24.0,24.0,2.42,13.2,12.56,99,79,Malang,-8.1583,112.6033
2018-12-22,26.5,22.1,23.6,13.3,13.3,2.59,17.3,13.57,98,77,Malang,-8.1583,112.6033
2018-12-23,25.9,22.0,23.2,13.4,13.4,2.08,17.9,11.17,98,84,Malang,-8.1583,112.6033
2018-12-24,25.0,21.5,22.6,11.4,11.4,1.4,12.2,6.71,99,87,Malang,-8.1583,112.6033
2018-12-25,25.1,21.0,22.5,67.5,67.5,1.4,12.8,6.95,100,84,Malang,-8.1583,112.6033
2018-12-26,27.2,20.5,23.8,8.8,8.8,3.33,13.8,16.97,98,72,Malang,-8.1583,112.6033
2018-12-27,27.1,21.4,24.1,4.6,4.6,3.56,20.8,18.7,100,73,Malang,-8.1583,112.6033
2018-12-28,26.8,22.3,24.2,0.2,0.2,2.81,23.8,13.49,95,73,Malang,-8.1583,112.6033
2018-12-29,27.0,22.1,24.5,1.0,1.0,3.59,27.3,17.98,93,70,Malang,-8.1583,112.6033
2018-12-30,25.7,22.0,23.2,10.2,10.2,1.91,21.4,9.59,97,80,Malang,-8.1583,112.6033
2018-12-31,28.4,21.1,24.1,5.4,5.4,3.84,19.6,20.06,96,66,Malang,-8.1583,112.6033
2019-01-01,27.8,21.0,24.1,8.4,8.4,3.74,21.7,19.96,95,68,Malang,-8.1583,112.6033
2019-01-02,26.6,21.4,23.8,20.2,20.2,3.07,19.4,15.86,98,74,Malang,-8.1583,112.6033
2019-01-03,26.8,22.1,23.4,30.8,30.8,2.0,18.1,10.43,97,76,Malang,-8.1583,112.6033
2019-01-04,28.0,20.4,23.8,4.3,4.3,4.03,9.3,20.77,100,66,Malang,-8.1583,112.6033
2019-01-05,28.0,20.0,24.1,1.7,1.7,4.12,7.1,21.18,100,70,Malang,-8.1583,112.6033
2019-01-06,28.2,21.8,24.2,50.5,50.5,3.27,10.1,16.54,100,71,Malang,-8.1583,112.6033
2019-01-07,28.8,21.4,24.3,7.1,7.1,4.1,14.4,21.48,99,67,Malang,-8.1583,112.6033
2019-01-08,27.9,21.0,24.2,1.4,1.4,4.14,13.9,21.99,99,77,Malang,-8.1583,112.6033
2019-01-09,29.0,21.2,24.8,2.5,2.5,4.19,7.8,20.83,100,65,Malang,-8.1583,112.6033
2019-01-10,28.6,22.0,24.9,9.8,9.8,4.21,9.2,21.44,99,66,Malang,-8.1583,112.6033
2019-01-11,29.2,22.5,25.0,4.5,4.5,3.94,11.8,19.93,99,69,Malang,-8.1583,112.6033
2019-01-12,27.9,22.1,24.5,7.5,7.5,3.36,14.6,17.94,100,79,Malang,-8.1583,112.6033
2019-01-13,27.9,21.2,24.0,22.2,22.2,3.42,9.3,17.28,99,76,Malang,-8.1583,112.6033
2019-01-14,28.7,21.0,24.2,21.0,21.0,3.94,11.4,20.15,98,67,Malang,-8.1583,112.6033
2019-01-15,27.1,21.8,24.0,18.7,18.7,3.02,18.0,16.46,99,77,Malang,-8.1583,112.6033
2019-01-16,25.8,21.9,23.3,25.1,25.1,1.67,15.7,8.17,99,83,Malang,-8.1583,112.6033
2019-01-17,26.6,21.0,23.5,49.6,49.6,2.66,17.9,14.19,98,80,Malang,-8.1583,112.6033
2019-01-18,28.4,21.7,24.3,14.2,14.2,3.79,15.0,19.83,98,71,Malang,-8.1583,112.6033
2019-01-19,28.0,21.2,23.9,17.8,17.8,3.05,15.0,16.15,99,78,Malang,-8.1583,112.6033
2019-01-20,28.2,22.2,24.5,8.1,8.1,3.94,14.7,20.92,100,74,Malang,-8.1583,112.6033
2019-01-21,25.8,22.2,23.6,24.9,24.9,1.78,16.4,9.69,100,84,Malang,-8.1583,112.6033
2019-01-22,26.5,22.0,23.7,19.4,19.4,2.2,24.8,11.47,97,83,Malang,-8.1583,112.6033
2019-01-23,27.7,22.5,24.0,3.0,3.0,2.34,20.9,10.31,98,62,Malang,-8.1583,112.6033
2019-01-24,27.8,21.8,23.7,17.3,17.3,3.2,25.7,17.25,98,69,Malang,-8.1583,112.6033
2019-01-25,26.5,22.2,23.7,16.8,16.8,2.6,24.1,12.89,95,73,Malang,-8.1583,112.6033
2019-01-26,28.9,22.2,24.6,11.2,11.2,4.12,24.7,21.28,98,63,Malang,-8.1583,112.6033
2019-01-27,29.1,21.2,24.8,3.7,3.7,4.02,16.3,19.94,97,67,Malang,-8.1583,112.6033
2019-01-28,28.9,21.9,25.0,3.7,3.7,4.11,11.5,20.07,93,67,Malang,-8.1583,112.6033
2019-01-29,29.5,21.4,25.1,2.6,2.6,4.74,8.2,23.48,94,63,Malang,-8.1583,112.6033
2019-01-30,29.1,21.5,24.4,14.7,14.7,3.77,12.8,18.89,98,71,Malang,-8.1583,112.6033
2019-01-31,27.2,21.5,23.6,8.5,8.5,2.75,17.3,14.39,99,72,Malang,-8.1583,112.6033
2019-02-01,28.4,20.9,24.0,5.7,5.7,3.76,16.0,19.76,98,72,Malang,-8.1583,112.6033
2019-02-02,28.0,21.2,24.0,12.0,12.0,3.51,13.4,18.58,99,75,Malang,-8.1583,112.6033
2019-02-03,27.8,22.1,24.2,8.4,8.4,3.26,12.6,17.18,99,75,Malang,-8.1583,112.6033
2019-02-04,27.2,21.5,23.7,21.7,21.7,2.68,14.8,14.39,98,79,Malang,-8.1583,112.6033
2019-02-05,27.4,22.0,24.1,10.8,10.8,3.23,18.4,17.15,98,75,Malang,-8.1583,112.6033
2019-02-06,27.7,22.2,24.3,8.4,8.4,3.72,16.3,19.84,100,75,Malang,-8.1583,112.6033
2019-02-07,27.5,21.9,24.2,11.0,11.0,3.42,14.6,18.42,100,80,Malang,-8.1583,112.6033
2019-02-08,26.4,22.1,23.7,25.0,25.0,2.39,14.1,12.63,99,83,Malang,-8.1583,112.6033
2019-02-09,28.0,22.0,24.3,2.8,2.8,3.37,13.8,17.05,97,70,Malang,-8.1583,112.6033
2019-02-10,28.0,21.5,24.3,13.8,13.8,3.7,12.4,18.8,98,69,Malang,-8.1583,112.6033
2019-02-11,27.1,22.1,24.1,1.8,1.8,3.65,13.4,19.34,97,77,Malang,-8.1583,112.6033
2019-02-12,28.5,20.7,24.2,10.5,10.5,4.11,13.3,21.24,100,64,Malang,-8.1583,112.6033
2019-02-13,28.0,21.5,24.2,8.0,8.0,3.2,6.9,16.02,99,72,Malang,-8.1583,112.6033
2019-02-14,26.1,22.0,23.9,11.5,11.5,1.96,6.1,9.56,99,78,Malang,-8.1583,112.6033
2019-02-15,26.9,21.0,23.5,6.8,6.8,2.76,9.9,13.97,98,76,Malang,-8.1583,112.6033
2019-02-16,28.7,20.6,23.8,14.1,14.1,4.11,10.4,20.92,98,67,Malang,-8.1583,112.6033
2019-02-17,29.1,21.0,24.4,16.9,16.9,4.25,9.3,21.35,96,68,Malang,-8.1583,112.6033
2019-02-18,28.5,22.1,24.0,38.6,38.6,3.16,11.1,15.76,97,72,Malang,-8.1583,112.6033
2019-02-19,28.0,21.5,24.2,13.1,13.1,3.37,6.4,16.8,97,80,Malang,-8.1583,112.6033
2019-02-20,27.9,21.2,24.0,7.7,7.7,3.39,10.2,17.11,99,71,Malang,-8.1583,112.6033
2019-02-21,29.0,21.0,24.4,3.8,3.8,4.36,10.1,22.28,99,63,Malang,-8.1583,112.6033
2019-02-22,27.8,21.2,24.0,18.9,18.9,3.54,12.2,18.34,100,71,Malang,-8.1583,112.6033
2019-02-23,28.4,20.5,24.1,10.3,10.3,3.97,13.2,20.84,98,69,Malang,-8.1583,112.6033
2019-02-24,28.6,21.2,24.3,7.4,7.4,4.06,9.8,20.44,100,67,Malang,-8.1583,112.6033
2019-02-25,29.0,20.9,24.5,2.1,2.1,4.35,8.7,21.77,97,67,Malang,-8.1583,112.6033
2019-02-26,29.6,20.8,25.0,2.2,2.2,4.72,9.2,23.69,97,65,Malang,-8.1583,112.6033
2019-02-27,28.4,22.1,24.7,4.5,4.5,3.32,10.1,16.52,96,75,Malang,-8.1583,112.6033
2019-02-28,28.4,21.5,24.3,15.5,15.5,3.35,9.0,16.95,98,74,Malang,-8.1583,112.6033
2019-03-01,28.9,21.8,24.6,2.1,2.1,3.7,10.9,18.37,98,65,Malang,-8.1583,112.6033
2019-03-02,27.7,21.3,24.0,23.8,23.8,3.33,14.2,17.42,99,77,Malang,-8.1583,112.6033
2019-03-03,28.0,21.3,24.2,3.9,3.9,2.88,9.3,14.03,100,73,Malang,-8.1583,112.6033
2019-03-04,28.5,22.0,24.3,12.5,12.5,2.78,8.2,13.46,98,69,Malang,-8.1583,112.6033
2019-03-05,28.7,22.0,24.5,23.9,23.9,3.84,8.7,19.39,99,70,Malang,-8.1583,112.6033
2019-03-06,25.3,22.0,23.5,37.8,37.8,1.72,16.7,9.0,98,87,Malang,-8.1583,112.6033
2019-03-07,23.6,21.5,22.6,71.3,71.3,1.03,26.7,4.27,97,84,Malang,-8.1583,112.6033
2019-03-08,26.9,20.4,23.2,1.3,1.3,3.18,16.6,16.16,92,69,Malang,-8.1583,112.6033
2019-03-09,28.3,20.5,23.6,5.6,5.6,4.47,18.0,23.63,97,63,Malang,-8.1583,112.6033
2019-03-10,27.6,20.9,23.7,18.5,18.5,3.73,12.4,19.75,98,72,Malang,-8.1583,112.6033
2019-03-11,28.4,20.8,24.5,3.2,3.2,4.25,8.6,21.82,99,73,Malang,-8.1583,112.6033
2019-03-12,29.0,21.5,24.2,5.8,5.8,3.44,8.6,17.29,100,63,Malang,-8.1583,112.6033
2019-03-13,27.5,21.2,23.8,19.2,19.2,2.67,9.7,13.85,97,78,Malang,-8.1583,112.6033
2019-03-14,28.6,21.2,24.6,0.5,0.5,3.92,13.2,19.55,100,65,Malang,-8.1583,112.6033
2019-03-15,25.5,21.5,23.1,9.4,9.4,2.34,14.0,12.81,100,83,Malang,-8.1583,112.6033
2019-03-16,27.1,21.1,23.4,20.8,20.8,3.27,15.3,17.57,100,75,Malang,-8.1583,112.6033
2019-03-17,23.5,21.4,22.3,147.9,147.9,0.8,15.7,3.57,99,92,Malang,-8.1583,112.6033
2019-03-18,26.6,21.8,23.3,15.8,15.8,2.54,16.2,13.56,99,78,Malang,-8.1583,112.6033
2019-03-19,27.2,21.7,23.5,58.5,58.5,2.82,16.3,15.04,99,80,Malang,-8.1583,112.6033
2019-03-20,28.1,21.6,24.2,30.9,30.9,3.54,14.2,18.46,98,75,Malang,-8.1583,112.6033
2019-03-21,27.8,21.8,24.1,11.0,11.0,3.05,19.1,16.08,98,77,Malang,-8.1583,112.6033
2019-03-22,28.7,21.5,24.0,14.7,14.7,3.36,17.4,17.92,97,71,Malang,-8.1583,112.6033
2019-03-23,27.2,21.7,23.9,25.7,25.7,2.73,16.9,14.62,97,77,Malang,-8.1583,112.6033
2019-03-24,27.5,22.1,24.3,4.2,4.2,3.1,16.8,15.67,98,76,Malang,-8.1583,112.6033
2019-03-25,27.5,22.2,24.2,7.7,7.7,2.64,13.4,13.58,100,78,Malang,-8.1583,112.6033
2019-03-26,28.1,22.3,24.1,21.1,21.1,2.98,11.0,15.45,98,77,Malang,-8.1583,112.6033
2019-03-27,27.6,21.2,24.2,2.5,2.5,3.55,12.0,18.45,100,71,Malang,-8.1583,112.6033
2019-03-28,27.0,21.3,23.8,4.4,4.4,3.25,12.0,17.38,100,76,Malang,-8.1583,112.6033
2019-03-29,27.2,21.2,24.2,1.9,1.9,3.83,14.9,20.16,100,74,Malang,-8.1583,112.6033
2019-03-30,28.3,20.9,24.0,6.4,6.4,4.2,9.4,21.66,99,68,Malang,-8.1583,112.6033
2019-03-31,28.5,20.1,24.1,1.5,1.5,4.18,13.4,21.69,98,69,Malang,-8.1583,112.6033
2019-04-01,27.8,20.2,23.9,1.0,1.0,4.17,14.3,21.93,99,69,Malang,-8.1583,112.6033
2019-04-02,27.0,20.4,23.6,1.3,1.3,3.35,11.9,17.49,100,74,Malang,-8.1583,112.6033
2019-04-03,28.0,21.4,24.2,7.6,7.6,3.8,14.6,19.75,100,72,Malang,-8.1583,112.6033
2019-04-04,27.1,21.4,24.0,3.8,3.8,3.41,16.5,18.67,100,75,Malang,-8.1583,112.6033
2019-04-05,27.2,20.6,23.6,15.9,15.9,2.66,12.5,14.06,100,79,Malang,-8.1583,112.6033
2019-04-06,27.5,21.5,23.9,9.9,9.9,3.47,11.2,18.54,100,76,Malang,-8.1583,112.6033
2019-04-07,27.1,21.2,23.9,13.0,13.0,3.22,13.8,17.44,100,76,Malang,-8.1583,112.6033
2019-04-08,28.7,21.5,24.5,12.4,12.4,3.72,10.5,19.25,99,73,Malang,-8.1583,112.6033
2019-04-09,28.1,22.2,24.9,5.9,5.9,3.16,6.8,15.86,99,75,Malang,-8.1583,112.6033
2019-04-10,27.4,23.0,24.6,6.3,6.3,2.76,13.5,14.93,100,83,Malang,-8.1583,112.6033
2019-04-11,27.5,22.6,24.2,27.5,27.5,2.42,11.8,12.48,98,80,Malang,-8.1583,112.6033
2019-04-12,28.6,22.1,24.6,17.1,17.1,3.55,10.0,17.9,97,70,Malang,-8.1583,112.6033
2019-04-13,27.9,21.4,23.9,23.5,23.5,2.6,10.1,13.22,98,79,Malang,-8.1583,112.6033
2019-04-14,26.9,21.6,24.0,6.8,6.8,2.65,10.1,13.6,99,78,Malang,-8.1583,112.6033
2019-04-15,27.9,21.2,24.2,7.2,7.2,2.9,8.6,14.75,100,80,Malang,-8.1583,112.6033
2019-04-16,28.0,21.8,24.4,7.0,7.0,2.95,7.4,14.62,100,75,Malang,-8.1583,112.6033
2019-04-17,29.1,21.0,24.7,1.7,1.7,4.09,8.0,20.72,99,65,Malang,-8.1583,112.6033
2019-04-18,29.0,21.6,24.9,1.8,1.8,3.94,12.0,19.92,100,68,Malang,-8.1583,112.6033
2019-04-19,28.3,20.6,24.2,13.4,13.4,3.86,12.5,19.85,98,68,Malang,-8.1583,112.6033
2019-04-20,28.0,20.5,24.2,0.4,0.4,3.87,18.2,20.58,98,71,Malang,-8.1583,112.6033
2019-04-21,28.9,21.6,24.8,0.5,0.5,3.92,12.8,19.73,97,64,Malang,-8.1583,112.6033
2019-04-22,28.5,22.0,24.8,1.8,1.8,3.98,16.3,20.03,98,67,Malang,-8.1583,112.6033
2019-04-23,28.5,22.8,24.9,3.5,3.5,3.86,18.5,19.82,95,69,Malang,-8.1583,112.6033
2019-04-24,28.6,22.5,24.8,2.8,2.8,3.88,10.7,19.61,96,67,Malang,-8.1583,112.6033
2019-04-25,27.9,22.2,24.6,0.1,0.1,4.24,22.4,22.99,97,68,Malang,-8.1583,112.6033
2019-04-26,28.2,21.4,24.3,0.0,0.0,4.06,19.6,21.55,98,68,Malang,-8.1583,112.6033
2019-04-27,27.9,20.8,23.9,5.6,5.6,3.42,16.3,18.29,99,69,Malang,-8.1583,112.6033
2019-04-28,28.1,22.0,24.5,13.1,13.1,3.51,6.6,17.52,96,67,Malang,-8.1583,112.6033
2019-04-29,27.6,22.0,24.1,5.2,5.2,2.9,8.7,14.35,100,70,Malang,-8.1583,112.6033
2019-04-30,28.1,21.1,24.1,2.1,2.1,3.65,10.2,18.63,100,68,Malang,-8.1583,112.6033
2019-05-01,28.1,20.6,23.9,2.7,2.7,3.66,11.1,18.91,100,70,Malang,-8.1583,112.6033
2019-05-02,27.7,20.7,23.8,2.5,2.5,3.66,12.0,19.35,100,72,Malang,-8.1583,112.6033
2019-05-03,28.0,20.2,23.8,0.1,0.1,4.18,15.4,22.52,100,72,Malang,-8.1583,112.6033
2019-05-04,27.9,19.9,23.7,0.0,0.0,4.15,15.4,22.44,98,72,Malang,-8.1583,112.6033
2019-05-05,27.9,20.5,23.9,2.0,2.0,3.55,13.2,18.52,100,71,Malang,-8.1583,112.6033
2019-05-06,28.1,21.1,24.2,1.3,1.3,3.73,17.4,19.88,100,73,Malang,-8.1583,112.6033
2019-05-07,28.3,20.5,24.1,1.6,1.6,3.57,17.9,18.6,99,69,Malang,-8.1583,112.6033
2019-05-08,27.8,22.0,24.3,0.0,0.0,4.25,19.4,22.13,96,68,Malang,-8.1583,112.6033
2019-05-09,26.5,21.5,23.6,0.0,0.0,3.62,24.3,19.61,98,71,Malang,-8.1583,112.6033
2019-05-10,26.5,21.1,23.5,0.1,0.1,3.48,23.7,18.88,97,73,Malang,-8.1583,112.6033
2019-05-11,27.9,21.4,24.0,0.5,0.5,4.0,21.4,19.9,90,65,Malang,-8.1583,112.6033
2019-05-12,27.5,21.8,23.9,0.0,0.0,4.26,19.6,22.09,94,67,Malang,-8.1583,112.6033
2019-05-13,27.5,21.1,23.7,0.4,0.4,3.72,19.1,19.72,96,68,Malang,-8.1583,112.6033
2019-05-14,28.8,21.0,24.6,0.6,0.6,3.88,10.1,19.59,98,61,Malang,-8.1583,112.6033
2019-05-15,28.5,22.0,24.6,0.1,0.1,4.18,16.3,21.67,100,65,Malang,-8.1583,112.6033
2019-05-16,27.5,20.6,23.6,0.0,0.0,4.01,17.6,21.48,98,67,Malang,-8.1583,112.6033
2019-05-17,27.2,19.1,22.8,0.0,0.0,3.78,18.2,20.31,99,67,Malang,-8.1583,112.6033
2019-05-18,27.6,18.9,23.2,0.0,0.0,4.11,19.4,20.7,91,62,Malang,-8.1583,112.6033
2019-05-19,27.2,19.2,23.5,0.0,0.0,4.17,17.4,21.82,94,61,Malang,-8.1583,112.6033
2019-05-20,27.8,21.1,24.0,0.0,0.0,4.05,21.8,20.7,97,57,Malang,-8.1583,112.6033
2019-05-21,27.9,20.6,24.0,0.0,0.0,4.11,24.7,21.75,96,66,Malang,-8.1583,112.6033
2019-05-22,28.0,21.0,24.1,0.0,0.0,4.19,24.5,21.75,98,63,Malang,-8.1583,112.6033
2019-05-23,28.0,20.4,23.9,0.4,0.4,3.73,25.0,19.09,100,67,Malang,-8.1583,112.6033
2019-05-24,28.0,21.9,24.1,0.0,0.0,4.24,26.9,20.82,92,58,Malang,-8.1583,112.6033
2019-05-25,28.1,20.8,23.8,0.0,0.0,4.24,18.4,20.67,93,59,Malang,-8.1583,112.6033
2019-05-26,28.8,21.5,24.1,0.9,0.9,3.58,20.1,17.86,96,61,Malang,-8.1583,112.6033
2019-05-27,28.1,21.7,24.1,1.9,1.9,3.22,17.1,15.73,97,64,Malang,-8.1583,112.6033
2019-05-28,28.8,20.2,24.0,0.4,0.4,3.77,18.7,18.92,99,60,Malang,-8.1583,112.6033
2019-05-29,28.0,21.4,24.1,0.2,0.2,3.85,22.9,19.67,96,65,Malang,-8.1583,112.6033
2019-05-30,27.4,21.3,23.8,0.0,0.0,4.31,26.6,21.21,91,62,Malang,-8.1583,112.6033
2019-05-31,27.1,21.4,23.3,0.0,0.0,3.72,28.9,17.97,94,65,Malang,-8.1583,112.6033
2019-06-01,26.6,20.9,23.1,0.0,0.0,3.72,27.3,18.29,92,65,Malang,-8.1583,112.6033
2019-06-02,26.6,20.8,23.2,0.8,0.8,3.26,22.7,16.19,95,67,Malang,-8.1583,112.6033
2019-06-03,27.5,20.6,23.4,0.0,0.0,3.69,19.6,18.83,97,64,Malang,-8.1583,112.6033
2019-06-04,28.6,20.6,24.0,1.4,1.4,3.59,12.4,18.05,97,61,Malang,-8.1583,112.6033
2019-06-05,29.7,20.6,24.4,0.0,0.0,3.97,16.4,19.64,100,56,Malang,-8.1583,112.6033
2019-06-06,30.0,21.4,24.6,0.1,0.1,4.11,15.3,20.57,100,53,Malang,-8.1583,112.6033
2019-06-07,29.7,20.7,24.0,0.2,0.2,3.99,18.1,20.31,100,55,Malang,-8.1583,112.6033
2019-06-08,27.7,20.5,23.4,0.0,0.0,3.85,16.0,19.4,99,58,Malang,-8.1583,112.6033
2019-06-09,26.5,20.5,23.0,0.8,0.8,2.46,21.5,11.1,99,69,Malang,-8.1583,112.6033
2019-06-10,28.5,20.3,23.7,0.0,0.0,3.98,18.7,19.39,95,56,Malang,-8.1583,112.6033
2019-06-11,27.9,21.0,23.7,0.0,0.0,4.05,21.9,19.83,94,59,Malang,-8.1583,112.6033
2019-06-12,28.2,21.3,23.9,0.0,0.0,4.29,27.8,19.83,92,56,Malang,-8.1583,112.6033
2019-06-13,27.5,21.0,23.7,0.2,0.2,3.27,25.2,15.54,93,67,Malang,-8.1583,112.6033
2019-06-14,26.7,22.0,23.5,4.5,4.5,2.46,22.2,12.24,96,72,Malang,-8.1583,112.6033
2019-06-15,27.9,21.0,23.8,0.1,0.1,4.03,27.3,19.4,94,55,Malang,-8.1583,112.6033
2019-06-16,28.4,19.5,23.2,0.0,0.0,4.21,21.8,19.93,94,54,Malang,-8.1583,112.6033
2019-06-17,28.3,19.0,22.9,0.0,0.0,4.21,21.5,21.03,97,58,Malang,-8.1583,112.6033
2019-06-18,28.7,18.6,22.9,0.0,0.0,4.0,16.6,20.15,100,50,Malang,-8.1583,112.6033
2019-06-19,27.1,19.4,22.7,0.0,0.0,4.1,18.4,20.96,100,56,Malang,-8.1583,112.6033
2019-06-20,27.3,18.1,22.0,0.0,0.0,4.0,16.9,20.41,100,56,Malang,-8.1583,112.6033
2019-06-21,28.8,16.6,22.2,0.0,0.0,4.1,19.2,20.69,99,48,Malang,-8.1583,112.6033
2019-06-22,29.2,17.9,22.7,0.0,0.0,4.19,20.6,21.45,100,46,Malang,-8.1583,112.6033
2019-06-23,28.1,18.9,22.5,0.0,0.0,3.64,19.6,18.21,99,54,Malang,-8.1583,112.6033
2019-06-24,28.0,18.6,22.5,0.0,0.0,4.15,21.5,20.73,95,53,Malang,-8.1583,112.6033
2019-06-25,29.8,17.5,22.7,0.0,0.0,4.23,21.4,21.14,99,40,Malang,-8.1583,112.6033
2019-06-26,29.2,19.4,23.3,0.0,0.0,4.27,21.5,21.2,100,50,Malang,-8.1583,112.6033
2019-06-27,25.9,20.0,22.4,0.6,0.6,3.21,18.7,15.69,96,65,Malang,-8.1583,112.6033
2019-06-28,26.2,18.9,21.8,0.0,0.0,4.34,25.8,21.5,96,54,Malang,-8.1583,112.6033
2019-06-29,26.5,19.0,21.9,0.0,0.0,4.89,27.2,21.83,90,48,Malang,-8.1583,112.6033
2019-06-30,28.0,17.3,21.9,0.0,0.0,4.08,24.6,20.3,93,46,Malang,-8.1583,112.6033
2019-07-01,28.1,17.1,22.0,0.0,0.0,4.05,21.3,20.78,98,50,Malang,-8.1583,112.6033
2019-07-02,29.4,18.1,23.0,0.0,0.0,4.1,17.1,20.69,98,43,Malang,-8.1583,112.6033
2019-07-03,28.6,20.9,24.0,0.8,0.8,3.4,18.1,15.78,98,57,Malang,-8.1583,112.6033
2019-07-04,29.0,21.1,23.9,10.4,10.4,3.17,11.5,15.87,98,60,Malang,-8.1583,112.6033
2019-07-05,27.2,20.1,23.0,1.2,1.2,2.97,19.6,15.19,100,67,Malang,-8.1583,112.6033
2019-07-06,27.5,20.3,23.0,0.0,0.0,4.05,19.9,20.49,96,61,Malang,-8.1583,112.6033
2019-07-07,27.7,18.7,22.6,0.0,0.0,3.7,20.1,18.42,98,57,Malang,-8.1583,112.6033
2019-07-08,27.6,18.5,22.2,0.0,0.0,4.15,20.9,21.38,96,57,Malang,-8.1583,112.6033
2019-07-09,26.6,18.8,22.0,0.0,0.0,3.95,22.4,19.71,95,54,Malang,-8.1583,112.6033
2019-07-10,26.6,19.0,22.4,0.0,0.0,4.25,22.0,21.32,96,56,Malang,-8.1583,112.6033
2019-07-11,26.9,18.1,22.1,0.0,0.0,3.28,22.9,16.21,97,59,Malang,-8.1583,112.6033
2019-07-12,28.1,17.8,22.3,0.0,0.0,3.81,20.2,18.75,97,50,Malang,-8.1583,112.6033
2019-07-13,26.5,18.7,21.8,0.0,0.0,4.35,23.5,22.01,92,52,Malang,-8.1583,112.6033
2019-07-14,27.0,16.3,21.5,0.0,0.0,4.6,22.4,22.13,90,42,Malang,-8.1583,112.6033
2019-07-15,26.0,18.0,21.8,0.0,0.0,4.14,33.4,20.34,97,57,Malang,-8.1583,112.6033
2019-07-16,26.2,19.0,21.9,0.0,0.0,4.02,26.0,20.03,95,55,Malang,-8.1583,112.6033
2019-07-17,26.5,18.7,21.9,0.0,0.0,4.13,25.5,20.13,92,55,Malang,-8.1583,112.6033
2019-07-18,27.7,18.6,22.6,0.0,0.0,3.54,23.7,16.84,98,56,Malang,-8.1583,112.6033
2019-07-19,26.1,21.0,22.9,2.8,2.8,2.47,23.4,11.54,96,69,Malang,-8.1583,112.6033
2019-07-20,28.5,21.0,23.4,2.0,2.0,3.5,26.3,17.36,97,61,Malang,-8.1583,112.6033
2019-07-21,26.1,19.9,22.3,0.3,0.3,2.74,24.2,12.73,97,68,Malang,-8.1583,112.6033
2019-07-22,27.8,18.4,22.4,0.0,0.0,3.88,18.7,19.21,100,53,Malang,-8.1583,112.6033
2019-07-23,27.9,19.9,22.9,0.0,0.0,4.02,18.8,20.19,99,54,Malang,-8.1583,112.6033
2019-07-24,26.3,20.1,22.2,1.0,1.0,3.23,22.2,15.58,95,61,Malang,-8.1583,112.6033
2019-07-25,27.6,19.6,22.7,0.0,0.0,4.4,20.6,21.57,95,50,Malang,-8.1583,112.6033
2019-07-26,29.4,19.0,23.0,0.0,0.0,4.38,18.1,21.99,100,47,Malang,-8.1583,112.6033
2019-07-27,28.9,18.5,22.8,0.0,0.0,4.25,19.0,21.55,100,54,Malang,-8.1583,112.6033
2019-07-28,26.9,18.5,22.0,0.0,0.0,4.21,20.8,21.94,100,55,Malang,-8.1583,112.6033
2019-07-29,27.5,19.5,22.5,0.0,0.0,3.69,21.1,17.57,97,53,Malang,-8.1583,112.6033
2019-07-30,27.5,19.8,22.7,0.0,0.0,4.22,22.4,21.43,97,57,Malang,-8.1583,112.6033
2019-07-31,27.1,19.1,22.4,0.0,0.0,4.02,23.8,19.64,96,56,Malang,-8.1583,112.6033
2019-08-01,28.5,19.0,22.8,0.0,0.0,3.98,21.5,19.58,96,49,Malang,-8.1583,112.6033
2019-08-02,27.0,19.9,22.7,0.3,0.3,3.97,25.5,19.13,97,57,Malang,-8.1583,112.6033
2019-08-03,26.6,19.2,22.0,0.0,0.0,4.66,33.9,22.6,96,52,Malang,-8.1583,112.6033
2019-08-04,25.7,19.1,21.7,0.0,0.0,4.87,28.2,22.32,86,53,Malang,-8.1583,112.6033
2019-08-05,26.8,17.6,21.4,0.0,0.0,4.9,22.9,22.96,95,41,Malang,-8.1583,112.6033
2019-08-06,27.9,16.9,21.5,0.0,0.0,4.92,20.3,23.49,97,37,Malang,-8.1583,112.6033
2019-08-07,26.9,15.6,21.3,0.0,0.0,4.39,19.7,22.43,99,51,Malang,-8.1583,112.6033
2019-08-08,26.5,18.1,21.8,0.0,0.0,3.71,20.5,17.89,98,57,Malang,-8.1583,112.6033
2019-08-09,27.4,18.9,22.5,0.0,0.0,4.58,21.7,22.61,93,54,Malang,-8.1583,112.6033
2019-08-10,28.8,18.9,22.7,0.0,0.0,4.85,22.7,23.22,94,47,Malang,-8.1583,112.6033
2019-08-11,30.3,18.6,23.0,0.0,0.0,4.44,22.0,21.64,100,41,Malang,-8.1583,112.6033
2019-08-12,30.5,18.8,23.6,0.0,0.0,4.67,21.2,22.67,98,43,Malang,-8.1583,112.6033
2019-08-13,30.0,20.2,24.4,0.2,0.2,4.04,14.8,18.55,98,47,Malang,-8.1583,112.6033
2019-08-14,30.2,20.2,24.4,0.3,0.3,4.25,15.5,19.55,100,46,Malang,-8.1583,112.6033
2019-08-15,29.1,20.5,23.8,0.0,0.0,4.3,20.1,20.37,99,50,Malang,-8.1583,112.6033
2019-08-16,27.6,19.7,22.8,0.0,0.0,4.01,20.6,18.87,97,57,Malang,-8.1583,112.6033
2019-08-17,26.9,19.7,22.4,0.0,0.0,4.63,24.2,23.17,96,54,Malang,-8.1583,112.6033
2019-08-18,27.1,18.6,22.1,0.0,0.0,4.35,25.0,20.53,92,53,Malang,-8.1583,112.6033
2019-08-19,26.8,19.0,22.2,0.0,0.0,4.31,22.7,20.57,94,52,Malang,-8.1583,112.6033
2019-08-20,27.9,19.6,22.7,0.0,0.0,4.74,25.2,22.53,97,51,Malang,-8.1583,112.6033
2019-08-21,31.0,18.7,23.7,0.0,0.0,4.91,19.1,23.48,98,38,Malang,-8.1583,112.6033
2019-08-22,29.0,20.2,23.4,0.3,0.3,4.23,24.6,20.46,95,51,Malang,-8.1583,112.6033
2019-08-23,27.6,19.4,22.5,0.0,0.0,4.42,28.5,22.11,97,56,Malang,-8.1583,112.6033
2019-08-24,26.1,19.8,22.5,0.0,0.0,3.18,21.0,14.21,97,61,Malang,-8.1583,112.6033
2019-08-25,26.8,19.6,22.8,0.3,0.3,3.36,21.3,15.29,96,61,Malang,-8.1583,112.6033
2019-08-26,26.5,20.7,22.8,1.1,1.1,3.08,19.5,14.32,95,66,Malang,-8.1583,112.6033
2019-08-27,28.4,19.8,22.8,0.0,0.0,4.84,18.4,24.12,96,53,Malang,-8.1583,112.6033
2019-08-28,29.0,17.6,22.7,0.0,0.0,5.03,19.5,24.78,96,48,Malang,-8.1583,112.6033
2019-08-29,31.2,18.0,23.4,0.0,0.0,5.12,21.3,24.36,99,36,Malang,-8.1583,112.6033
2019-08-30,28.2,20.0,23.0,0.0,0.0,4.43,24.9,21.24,97,51,Malang,-8.1583,112.6033
2019-08-31,28.4,19.7,22.8,0.0,0.0,4.33,25.5,20.58,94,50,Malang,-8.1583,112.6033
2019-09-01,29.3,19.3,23.0,0.0,0.0,4.91,20.3,23.93,95,51,Malang,-8.1583,112.6033
2019-09-02,30.6,19.8,23.2,0.0,0.0,5.04,22.7,24.56,95,47,Malang,-8.1583,112.6033
2019-09-03,30.1,18.8,22.8,0.0,0.0,4.49,21.1,21.88,97,43,Malang,-8.1583,112.6033
2019-09-04,28.6,18.6,22.5,0.1,0.1,5.42,24.9,25.53,98,39,Malang,-8.1583,112.6033
2019-09-05,28.0,17.8,22.2,0.0,0.0,5.1,21.2,25.14,94,45,Malang,-8.1583,112.6033
2019-09-06,28.5,19.1,22.7,0.0,0.0,4.69,24.3,22.62,98,46,Malang,-8.1583,112.6033
2019-09-07,27.6,19.4,22.9,0.0,0.0,4.19,22.3,18.82,97,51,Malang,-8.1583,112.6033
2019-09-08,29.2,20.2,23.3,0.0,0.0,4.26,25.6,19.16,95,46,Malang,-8.1583,112.6033
2019-09-09,32.2,20.1,24.5,0.0,0.0,5.3,23.9,24.7,92,34,Malang,-8.1583,112.6033
2019-09-10,31.8,18.6,23.7,0.0,0.0,5.52,24.3,26.1,100,35,Malang,-8.1583,112.6033
2019-09-11,30.2,19.4,23.2,0.0,0.0,5.65,30.2,26.15,97,42,Malang,-8.1583,112.6033
2019-09-12,27.9,18.4,22.3,0.0,0.0,5.84,25.5,26.88,95,33,Malang,-8.1583,112.6033
2019-09-13,29.0,18.5,22.9,0.0,0.0,5.09,25.3,24.06,90,43,Malang,-8.1583,112.6033
2019-09-14,29.8,19.1,23.6,0.0,0.0,5.23,23.4,24.09,99,44,Malang,-8.1583,112.6033
2019-09-15,29.5,20.0,24.0,0.0,0.0,4.71,21.5,20.91,98,45,Malang,-8.1583,112.6033
2019-09-16,31.4,18.4,24.0,0.0,0.0,5.19,20.2,24.55,98,35,Malang,-8.1583,112.6033
2019-09-17,31.5,20.5,24.3,0.0,0.0,5.26,20.2,24.04,95,41,Malang,-8.1583,112.6033
2019-09-18,30.8,19.8,23.8,0.0,0.0,5.36,24.7,25.79,98,46,Malang,-8.1583,112.6033
2019-09-19,28.7,19.2,23.2,0.0,0.0,5.1,23.6,24.3,98,46,Malang,-8.1583,112.6033
2019-09-20,28.6,20.0,23.6,0.0,0.0,4.87,23.2,22.81,94,52,Malang,-8.1583,112.6033
2019-09-21,28.2,20.4,23.2,0.0,0.0,4.31,20.9,19.65,96,51,Malang,-8.1583,112.6033
2019-09-22,29.7,19.6,23.6,0.0,0.0,5.32,23.5,25.41,95,48,Malang,-8.1583,112.6033
2019-09-23,30.5,19.4,24.0,0.0,0.0,5.33,25.3,25.15,96,47,Malang,-8.1583,112.6033
2019-09-24,31.6,21.3,25.1,0.2,0.2,5.29,21.5,23.31,93,43,Malang,-8.1583,112.6033
2019-09-25,31.4,20.2,24.8,0.0,0.0,5.85,28.9,26.52,99,46,Malang,-8.1583,112.6033
2019-09-26,29.0,21.1,24.4,1.6,1.6,4.43,21.9,19.72,99,54,Malang,-8.1583,112.6033
2019-09-27,29.8,20.9,24.5,0.0,0.0,5.1,23.1,22.42,94,48,Malang,-8.1583,112.6033
2019-09-28,29.6,21.4,24.5,0.0,0.0,4.67,24.2,20.97,95,54,Malang,-8.1583,112.6033
2019-09-29,29.8,21.2,24.3,0.6,0.6,4.6,23.2,21.24,97,50,Malang,-8.1583,112.6033
2019-09-30,30.4,20.0,24.3,0.0,0.0,5.97,25.8,26.53,98,41,Malang,-8.1583,112.6033
2019-10-01,31.4,20.1,24.4,0.0,0.0,5.86,25.7,25.83,86,42,Malang,-8.1583,112.6033
2019-10-02,32.2,20.6,25.1,0.4,0.4,5.29,19.8,23.91,95,42,Malang,-8.1583,112.6033
2019-10-03,32.1,21.8,25.5,0.8,0.8,5.29,22.6,23.36,93,40,Malang,-8.1583,112.6033
2019-10-04,31.4,19.8,24.8,0.0,0.0,6.56,34.9,27.16,95,30,Malang,-8.1583,112.6033
2019-10-05,31.1,18.4,23.9,0.0,0.0,6.15,27.9,27.55,98,32,Malang,-8.1583,112.6033
2019-10-06,30.4,19.6,24.4,0.4,0.4,5.33,19.8,24.46,98,42,Malang,-8.1583,112.6033
2019-10-07,30.9,21.4,24.9,0.0,0.0,5.35,22.7,23.24,96,43,Malang,-8.1583,112.6033
2019-10-08,30.2,20.5,24.5,0.0,0.0,5.91,25.4,26.45,97,39,Malang,-8.1583,112.6033
2019-10-09,32.2,20.0,24.9,0.0,0.0,5.62,24.5,25.61,98,39,Malang,-8.1583,112.6033
2019-10-10,32.1,21.0,25.5,1.5,1.5,5.28,18.9,23.73,96,37,Malang,-8.1583,112.6033
2019-10-11,32.9,21.3,26.2,0.0,0.0,5.84,19.1,24.57,97,36,Malang,-8.1583,112.6033
2019-10-12,31.7,21.0,25.4,0.0,0.0,5.69,17.4,25.01,98,37,Malang,-8.1583,112.6033
2019-10-13,31.2,21.2,24.9,0.0,0.0,5.7,20.0,26.03,98,38,Malang,-8.1583,112.6033
2019-10-14,31.0,21.9,25.0,0.9,0.9,4.45,20.7,19.21,92,47,Malang,-8.1583,112.6033
2019-10-15,29.5,21.6,24.6,0.0,0.0,4.27,20.2,18.29,94,50,Malang,-8.1583,112.6033
2019-10-16,30.5,20.8,24.5,0.0,0.0,5.42,21.8,24.43,96,45,Malang,-8.1583,112.6033
2019-10-17,30.4,19.7,24.4,0.0,0.0,5.5,23.1,25.46,96,44,Malang,-8.1583,112.6033
2019-10-18,32.5,19.7,24.9,0.3,0.3,5.52,19.7,25.41,93,37,Malang,-8.1583,112.6033
2019-10-19,32.7,20.4,25.4,0.0,0.0,5.67,19.8,25.15,96,42,Malang,-8.1583,112.6033
2019-10-20,32.6,21.6,25.6,0.1,0.1,5.51,22.0,24.37,97,37,Malang,-8.1583,112.6033
2019-10-21,33.5,20.6,26.0,0.3,0.3,5.9,25.7,25.43,98,36,Malang,-8.1583,112.6033
2019-10-22,33.2,21.6,25.8,0.0,0.0,6.47,25.3,27.47,88,35,Malang,-8.1583,112.6033
2019-10-23,34.8,19.4,25.7,0.0,0.0,6.52,29.1,27.24,98,26,Malang,-8.1583,112.6033
2019-10-24,33.0,19.4,25.0,0.0,0.0,6.28,26.7,27.43,100,30,Malang,-8.1583,112.6033
2019-10-25,32.6,21.4,25.5,0.6,0.6,5.3,17.8,23.9,96,36,Malang,-8.1583,112.6033
2019-10-26,30.8,22.2,25.5,0.5,0.5,5.44,18.7,24.23,96,47,Malang,-8.1583,112.6033
2019-10-27,32.0,21.0,25.6,0.0,0.0,6.23,23.2,27.59,99,35,Malang,-8.1583,112.6033
2019-10-28,31.2,21.1,25.5,0.5,0.5,5.76,20.6,26.25,98,45,Malang,-8.1583,112.6033
2019-10-29,31.1,21.2,25.1,0.5,0.5,5.15,19.5,23.37,98,42,Malang,-8.1583,112.6033
2019-10-30,31.4,20.6,25.3,0.0,0.0,5.53,20.4,24.58,99,42,Malang,-8.1583,112.6033
2019-10-31,31.5,21.3,26.0,0.1,0.1,5.43,19.2,23.86,96,46,Malang,-8.1583,112.6033
2019-11-01,28.7,22.3,24.6,6.3,6.3,3.57,17.3,17.18,98,63,Malang,-8.1583,112.6033
2019-11-02,23.2,21.8,22.3,72.0,72.0,0.85,17.8,3.73,98,91,Malang,-8.1583,112.6033
2019-11-03,26.5,21.2,23.5,1.0,1.0,3.29,18.3,16.99,97,74,Malang,-8.1583,112.6033
2019-11-04,27.5,21.0,23.8,1.2,1.2,3.95,20.1,20.8,97,70,Malang,-8.1583,112.6033
2019-11-05,29.0,21.1,24.1,0.1,0.1,5.05,14.3,26.18,99,61,Malang,-8.1583,112.6033
2019-11-06,28.5,20.6,23.8,0.1,0.1,5.09,13.1,26.47,99,64,Malang,-8.1583,112.6033
2019-11-07,28.9,19.6,23.9,0.0,0.0,5.12,14.8,26.61,100,64,Malang,-8.1583,112.6033
2019-11-08,30.0,21.0,24.7,0.8,0.8,4.47,13.4,21.87,99,61,Malang,-8.1583,112.6033
2019-11-09,29.2,21.9,24.7,2.9,2.9,4.68,17.3,23.4,100,61,Malang,-8.1583,112.6033
2019-11-10,29.6,21.5,25.1,0.6,0.6,4.7,15.9,22.75,100,59,Malang,-8.1583,112.6033
2019-11-11,30.5,22.4,25.2,1.2,1.2,4.84,15.7,23.53,98,58,Malang,-8.1583,112.6033
2019-11-12,31.0,22.2,25.9,1.4,1.4,4.96,16.4,23.1,98,55,Malang,-8.1583,112.6033
2019-11-13,31.0,22.5,25.8,2.4,2.4,4.65,15.6,21.83,98,49,Malang,-8.1583,112.6033
2019-11-14,32.2,21.9,26.2,0.0,0.0,5.12,14.5,22.92,100,43,Malang,-8.1583,112.6033
2019-11-15,30.5,21.7,25.1,0.0,0.0,5.59,20.7,26.6,99,44,Malang,-8.1583,112.6033
2019-11-16,30.8,20.9,25.3,0.0,0.0,5.63,20.1,26.28,98,50,Malang,-8.1583,112.6033
2019-11-17,32.7,21.9,26.1,0.1,0.1,5.44,20.3,24.61,96,40,Malang,-8.1583,112.6033
2019-11-18,32.9,21.0,26.2,0.1,0.1,5.41,18.9,24.06,100,41,Malang,-8.1583,112.6033
2019-11-19,32.0,22.5,26.2,0.5,0.5,5.25,14.8,24.2,99,47,Malang,-8.1583,112.6033
2019-11-20,29.7,22.0,25.5,2.9,2.9,4.46,14.5,21.23,100,61,Malang,-8.1583,112.6033
2019-11-21,30.2,22.5,25.6,1.6,1.6,4.95,15.8,22.26,98,54,Malang,-8.1583,112.6033
2019-11-22,30.0,21.0,25.5,1.3,1.3,4.6,16.6,21.03,98,53,Malang,-8.1583,112.6033
2019-11-23,31.9,20.5,25.7,2.0,2.0,5.08,18.2,23.1,100,43,Malang,-8.1583,112.6033
2019-11-24,31.3,22.0,25.6,2.4,2.4,4.32,15.8,20.07,100,55,Malang,-8.1583,112.6033
2019-11-25,30.5,22.8,25.7,2.5,2.5,4.25,15.3,19.86,98,60,Malang,-8.1583,112.6033
2019-11-26,31.5,21.9,25.8,0.2,0.2,4.97,15.9,23.26,100,49,Malang,-8.1583,112.6033
2019-11-27,29.6,22.2,25.5,5.0,5.0,4.27,14.0,20.54,97,59,Malang,-8.1583,112.6033
2019-11-28,30.7,22.1,25.9,0.8,0.8,4.21,14.8,19.05,99,55,Malang,-8.1583,112.6033
2019-11-29,31.1,22.5,26.4,0.3,0.3,5.15,21.9,22.69,96,53,Malang,-8.1583,112.6033
2019-11-30,29.0,22.4,25.5,5.2,5.2,3.77,16.5,18.12,97,68,Malang,-8.1583,112.6033
2019-12-01,31.8,22.0,26.2,0.7,0.7,4.83,15.8,22.1,100,50,Malang,-8.1583,112.6033
2019-12-02,32.6,23.2,26.9,0.9,0.9,5.16,14.3,23.52,98,49,Malang,-8.1583,112.6033
2019-12-03,32.5,22.5,26.5,0.8,0.8,4.84,14.9,21.25,97,50,Malang,-8.1583,112.6033
2019-12-04,33.0,23.0,26.9,0.8,0.8,4.65,17.3,20.38,93,48,Malang,-8.1583,112.6033
2019-12-05,29.9,23.0,25.9,4.9,4.9,3.6,11.3,16.75,96,57,Malang,-8.1583,112.6033
2019-12-06,30.5,21.6,25.3,6.8,6.8,3.83,9.9,18.34,99,57,Malang,-8.1583,112.6033
2019-12-07,31.0,21.3,25.6,7.2,7.2,4.28,11.8,20.32,98,54,Malang,-8.1583,112.6033
2019-12-08,32.5,21.8,26.0,0.3,0.3,4.99,20.2,22.77,99,42,Malang,-8.1583,112.6033
2019-12-09,32.7,22.9,26.6,1.1,1.1,5.33,17.3,24.65,98,47,Malang,-8.1583,112.6033
2019-12-10,31.2,22.8,26.1,2.1,2.1,4.39,11.6,20.49,98,51,Malang,-8.1583,112.6033
2019-12-11,30.4,22.2,25.8,1.9,1.9,4.56,16.9,21.02,97,57,Malang,-8.1583,112.6033
2019-12-12,30.7,21.8,25.4,9.6,9.6,3.86,8.7,18.54,98,58,Malang,-8.1583,112.6033
2019-12-13,29.5,22.1,24.8,24.7,24.7,2.82,7.4,13.18,99,65,Malang,-8.1583,112.6033
2019-12-14,29.7,21.5,24.5,11.6,11.6,3.74,9.5,18.3,98,68,Malang,-8.1583,112.6033
2019-12-15,27.1,22.0,24.2,13.6,13.6,2.87,10.9,14.58,100,76,Malang,-8.1583,112.6033
2019-12-16,28.3,21.0,24.1,13.3,13.3,3.21,11.2,16.44,100,74,Malang,-8.1583,112.6033
2019-12-17,27.9,21.1,24.1,16.6,16.6,2.95,12.0,15.5,100,79,Malang,-8.1583,112.6033
2019-12-18,28.8,21.0,24.8,6.9,6.9,4.1,12.3,21.06,100,70,Malang,-8.1583,112.6033
2019-12-19,30.1,21.9,25.1,7.9,7.9,4.12,8.4,20.5,98,68,Malang,-8.1583,112.6033
2019-12-20,30.0,22.2,25.4,1.3,1.3,4.39,15.5,21.97,100,66,Malang,-8.1583,112.6033
2019-12-21,29.5,22.4,25.6,3.0,3.0,4.44,15.6,22.44,100,68,Malang,-8.1583,112.6033
2019-12-22,28.2,22.5,24.8,3.7,3.7,3.19,12.0,16.3,100,78,Malang,-8.1583,112.6033
2019-12-23,26.9,22.2,24.0,32.6,32.6,2.22,12.8,11.01,99,78,Malang,-8.1583,112.6033
2019-12-24,29.0,22.0,24.8,12.2,12.2,3.44,7.9,17.15,100,75,Malang,-8.1583,112.6033
2019-12-25,28.9,21.9,24.8,12.5,12.5,3.43,11.7,17.43,100,72,Malang,-8.1583,112.6033
2019-12-26,27.0,22.6,24.6,22.3,22.3,2.83,10.2,14.29,100,79,Malang,-8.1583,112.6033
2019-12-27,28.1,22.4,24.1,25.4,25.4,2.67,10.2,13.51,100,77,Malang,-8.1583,112.6033
2019-12-28,29.0,21.5,24.5,7.3,7.3,3.79,9.0,18.73,98,65,Malang,-8.1583,112.6033
2019-12-29,29.5,22.1,24.7,13.8,13.8,3.37,7.9,16.51,98,66,Malang,-8.1583,112.6033
2019-12-30,29.6,21.7,24.8,10.4,10.4,3.85,9.0,19.05,97,66,Malang,-8.1583,112.6033
2019-12-31,27.5,22.9,24.6,16.9,16.9,2.73,12.4,14.03,100,81,Malang,-8.1583,112.6033
2020-01-01,26.8,22.1,23.8,16.1,16.1,2.16,10.3,10.75,100,79,Malang,-8.1583,112.6033
2020-01-02,28.7,20.6,24.3,11.1,11.1,4.06,14.7,21.29,97,71,Malang,-8.1583,112.6033
2020-01-03,28.2,21.3,24.3,5.3,5.3,3.61,22.1,19.27,99,70,Malang,-8.1583,112.6033
2020-01-04,27.6,22.2,23.8,19.4,19.4,2.3,25.2,12.17,98,77,Malang,-8.1583,112.6033
2020-01-05,26.8,22.6,24.0,23.9,23.9,2.41,17.6,13.17,99,84,Malang,-8.1583,112.6033
2020-01-06,26.3,22.4,23.8,12.3,12.3,2.15,17.0,11.38,98,77,Malang,-8.1583,112.6033
2020-01-07,28.0,21.8,24.0,18.4,18.4,3.0,18.9,16.13,98,76,Malang,-8.1583,112.6033
2020-01-08,27.2,22.0,24.0,15.7,15.7,3.05,16.3,16.27,98,80,Malang,-8.1583,112.6033
2020-01-09,27.0,20.9,23.9,9.5,9.5,3.52,14.1,19.49,100,86,Malang,-8.1583,112.6033
2020-01-10,28.3,22.1,24.4,7.2,7.2,3.59,15.9,18.17,96,70,Malang,-8.1583,112.6033
2020-01-11,26.2,22.1,23.6,27.8,27.8,2.14,19.9,11.51,96,84,Malang,-8.1583,112.6033
2020-01-12,27.7,22.0,24.1,5.8,5.8,3.21,23.3,16.71,96,71,Malang,-8.1583,112.6033
2020-01-13,28.2,22.0,24.5,3.0,3.0,3.95,22.3,21.39,97,69,Malang,-8.1583,112.6033
2020-01-14,30.1,20.0,24.9,2.3,2.3,4.93,16.0,24.99,96,59,Malang,-8.1583,112.6033
2020-01-15,28.6,22.0,24.8,2.5,2.5,4.22,13.2,21.64,98,68,Malang,-8.1583,112.6033
2020-01-16,28.6,21.6,24.6,0.6,0.6,4.29,15.4,22.35,100,68,Malang,-8.1583,112.6033
2020-01-17,28.9,20.4,24.4,0.0,0.0,5.17,14.2,26.54,100,58,Malang,-8.1583,112.6033
2020-01-18,29.3,21.0,24.6,0.0,0.0,5.2,13.6,26.55,100,59,Malang,-8.1583,112.6033
2020-01-19,28.8,20.8,24.8,0.5,0.5,4.63,14.1,23.67,100,64,Malang,-8.1583,112.6033
2020-01-20,29.3,21.4,24.8,1.3,1.3,4.51,14.6,22.78,100,62,Malang,-8.1583,112.6033
2020-01-21,29.1,21.5,24.9,7.1,7.1,4.6,10.5,23.25,97,64,Malang,-8.1583,112.6033
2020-01-22,29.5,22.0,24.7,19.3,19.3,3.48,8.1,17.32,96,72,Malang,-8.1583,112.6033
2020-01-23,28.3,22.0,24.9,6.7,6.7,4.03,12.2,20.61,100,75,Malang,-8.1583,112.6033
2020-01-24,28.8,21.5,24.9,2.3,2.3,4.28,10.2,21.7,97,71,Malang,-8.1583,112.6033
2020-01-25,28.5,21.4,24.9,3.3,3.3,4.23,10.1,21.33,97,70,Malang,-8.1583,112.6033
2020-01-26,29.5,21.8,24.8,8.3,8.3,3.7,9.2,18.19,100,72,Malang,-8.1583,112.6033
2020-01-27,28.8,22.2,24.9,3.5,3.5,3.81,9.4,19.2,99,69,Malang,-8.1583,112.6033
2020-01-28,28.7,21.6,24.9,8.4,8.4,3.67,9.4,18.72,100,75,Malang,-8.1583,112.6033
2020-01-29,29.9,21.9,25.1,12.7,12.7,3.72,12.3,18.73,97,71,Malang,-8.1583,112.6033
2020-01-30,28.2,22.8,24.0,49.3,49.3,2.26,18.8,11.82,98,75,Malang,-8.1583,112.6033
2020-01-31,28.4,21.9,25.0,3.8,3.8,3.85,13.4,19.01,94,66,Malang,-8.1583,112.6033
2020-02-01,28.6,21.1,24.2,22.4,22.4,3.62,11.2,18.28,98,67,Malang,-8.1583,112.6033
2020-02-02,28.0,22.0,24.3,33.4,33.4,3.38,10.9,17.55,100,75,Malang,-8.1583,112.6033
2020-02-03,27.5,21.5,24.3,18.7,18.7,3.43,14.8,18.53,99,84,Malang,-8.1583,112.6033
2020-02-04,28.9,22.0,24.7,0.4,0.4,4.71,14.2,24.58,100,67,Malang,-8.1583,112.6033
2020-02-05,29.2,21.4,24.9,1.2,1.2,4.47,13.7,22.79,100,65,Malang,-8.1583,112.6033
2020-02-06,29.4,22.6,25.1,6.6,6.6,4.05,13.4,20.87,99,67,Malang,-8.1583,112.6033
2020-02-07,28.9,22.2,25.1,8.2,8.2,3.89,15.5,19.72,98,71,Malang,-8.1583,112.6033
2020-02-08,29.6,21.6,25.2,3.5,3.5,4.22,16.2,20.51,96,67,Malang,-8.1583,112.6033
2020-02-09,25.4,22.6,23.6,16.8,16.8,1.51,13.6,7.32,98,82,Malang,-8.1583,112.6033
2020-02-10,27.9,21.5,24.3,14.6,14.6,3.24,14.3,17.07,97,73,Malang,-8.1583,112.6033
2020-02-11,28.5,21.9,24.3,23.4,23.4,3.43,8.4,17.15,99,68,Malang,-8.1583,112.6033
2020-02-12,28.0,21.4,24.1,19.4,19.4,3.21,8.2,15.9,98,75,Malang,-8.1583,112.6033
2020-02-13,29.0,21.9,24.6,13.1,13.1,3.96,8.3,20.01,97,72,Malang,-8.1583,112.6033
2020-02-14,28.3,21.5,24.3,19.7,19.7,3.55,9.4,17.85,100,73,Malang,-8.1583,112.6033
2020-02-15,27.2,22.0,24.2,23.6,23.6,2.98,13.9,15.73,100,82,Malang,-8.1583,112.6033
2020-02-16,28.1,22.1,24.6,18.4,18.4,3.55,13.2,18.69,99,74,Malang,-8.1583,112.6033
2020-02-17,27.1,21.9,24.0,25.8,25.8,2.46,11.5,12.5,98,78,Malang,-8.1583,112.6033
2020-02-18,28.2,21.1,24.0,12.7,12.7,3.27,13.1,16.59,99,71,Malang,-8.1583,112.6033
2020-02-19,27.5,21.5,23.8,8.2,8.2,2.74,16.6,13.85,98,76,Malang,-8.1583,112.6033
2020-02-20,25.8,21.5,23.6,6.8,6.8,1.7,7.8,8.13,99,83,Malang,-8.1583,112.6033
2020-02-21,28.2,21.7,24.2,17.3,17.3,3.7,17.1,19.54,100,75,Malang,-8.1583,112.6033
2020-02-22,28.2,22.2,24.4,21.1,21.1,3.62,19.1,19.5,99,75,Malang,-8.1583,112.6033
2020-02-23,28.8,21.5,24.7,5.6,5.6,4.2,13.5,21.97,99,71,Malang,-8.1583,112.6033
2020-02-24,29.7,22.0,24.7,14.4,14.4,4.14,12.4,21.09,99,73,Malang,-8.1583,112.6033
2020-02-25,28.1,21.6,24.1,30.1,30.1,2.68,14.5,13.8,99,77,Malang,-8.1583,112.6033
2020-02-26,27.8,22.2,24.6,13.4,13.4,2.77,14.4,14.18,97,76,Malang,-8.1583,112.6033
2020-02-27,29.4,22.6,24.9,4.2,4.2,3.51,12.2,17.5,99,68,Malang,-8.1583,112.6033
2020-02-28,28.2,21.9,24.8,15.7,15.7,3.76,15.7,19.85,98,72,Malang,-8.1583,112.6033
2020-02-29,27.8,22.3,24.7,11.1,11.1,3.29,15.1,17.43,99,77,Malang,-8.1583,112.6033
2020-03-01,27.5,22.4,24.2,33.9,33.9,2.38,12.0,12.35,98,84,Malang,-8.1583,112.6033
2020-03-02,29.2,21.1,24.8,9.8,9.8,3.79,14.4,19.39,97,72,Malang,-8.1583,112.6033
2020-03-03,28.6,22.2,24.7,13.4,13.4,2.97,15.6,15.58,99,77,Malang,-8.1583,112.6033
2020-03-04,26.3,22.6,24.0,17.8,17.8,2.29,13.5,12.13,100,88,Malang,-8.1583,112.6033
2020-03-05,28.1,22.6,24.5,10.1,10.1,2.95,18.8,15.79,99,80,Malang,-8.1583,112.6033
2020-03-06,28.1,21.6,24.3,10.2,10.2,3.27,13.4,16.94,96,72,Malang,-8.1583,112.6033
2020-03-07,27.0,21.6,24.1,25.1,25.1,2.65,14.8,13.3,98,74,Malang,-8.1583,112.6033
2020-03-08,27.9,22.3,24.3,15.6,15.6,3.33,19.2,17.63,99,71,Malang,-8.1583,112.6033
2020-03-09,25.2,22.4,23.6,35.1,35.1,1.74,20.4,9.43,96,82,Malang,-8.1583,112.6033
2020-03-10,28.4,22.2,24.5,4.1,4.1,3.4,17.0,17.48,96,71,Malang,-8.1583,112.6033
2020-03-11,28.5,21.1,24.2,8.0,8.0,3.48,9.1,17.29,99,68,Malang,-8.1583,112.6033
2020-03-12,29.0,21.4,24.5,8.0,8.0,3.6,9.2,17.9,99,72,Malang,-8.1583,112.6033
2020-03-13,29.0,21.5,24.2,34.1,34.1,3.11,18.2,16.12,98,75,Malang,-8.1583,112.6033
2020-03-14,29.7,21.9,25.4,1.0,1.0,4.29,8.8,21.13,99,63,Malang,-8.1583,112.6033
2020-03-15,29.8,22.7,25.5,0.4,0.4,4.79,14.8,24.05,100,62,Malang,-8.1583,112.6033
2020-03-16,28.5,21.4,24.6,3.9,3.9,3.94,13.2,20.16,100,71,Malang,-8.1583,112.6033
2020-03-17,29.0,21.5,24.6,2.2,2.2,4.26,11.5,21.7,100,67,Malang,-8.1583,112.6033
2020-03-18,28.6,21.5,24.6,6.4,6.4,3.44,7.8,17.1,96,68,Malang,-8.1583,112.6033
2020-03-19,28.5,21.6,23.6,24.9,24.9,2.82,10.2,13.93,100,72,Malang,-8.1583,112.6033
2020-03-20,28.4,20.6,24.0,12.7,12.7,3.84,8.3,19.24,95,68,Malang,-8.1583,112.6033
2020-03-21,28.9,20.7,24.2,5.9,5.9,4.07,7.2,20.67,97,71,Malang,-8.1583,112.6033
2020-03-22,28.6,22.0,25.0,9.9,9.9,4.05,11.4,20.55,97,72,Malang,-8.1583,112.6033
2020-03-23,27.8,22.1,23.9,20.6,20.6,2.57,8.0,12.61,99,75,Malang,-8.1583,112.6033
2020-03-24,28.4,21.0,24.3,8.1,8.1,3.89,8.3,19.7,99,67,Malang,-8.1583,112.6033
2020-03-25,28.1,21.8,24.7,5.7,5.7,4.01,13.6,21.28,100,71,Malang,-8.1583,112.6033
2020-03-26,29.5,21.5,25.0,1.7,1.7,4.57,16.3,23.43,99,65,Malang,-8.1583,112.6033
2020-03-27,27.8,20.9,24.1,11.1,11.1,3.1,10.9,16.26,99,76,Malang,-8.1583,112.6033
2020-03-28,27.6,22.5,24.4,16.1,16.1,2.86,7.6,14.37,98,79,Malang,-8.1583,112.6033
2020-03-29,28.5,21.3,24.2,23.2,23.2,3.06,9.4,15.03,99,73,Malang,-8.1583,112.6033
2020-03-30,28.1,21.0,24.4,2.0,2.0,3.86,15.1,20.24,99,75,Malang,-8.1583,112.6033
2020-03-31,28.5,21.1,24.4,19.2,19.2,3.24,9.5,16.19,99,72,Malang,-8.1583,112.6033
2020-04-01,27.0,22.1,24.2,8.3,8.3,2.45,6.3,11.75,96,80,Malang,-8.1583,112.6033
2020-04-02,28.4,22.2,24.5,14.4,14.4,3.48,9.4,17.61,96,67,Malang,-8.1583,112.6033
2020-04-03,28.2,21.2,24.3,36.5,36.5,3.09,8.3,15.64,96,76,Malang,-8.1583,112.6033
2020-04-04,28.6,21.0,24.3,9.3,9.3,3.04,8.5,15.28,99,79,Malang,-8.1583,112.6033
2020-04-05,27.4,21.8,24.6,5.2,5.2,3.12,15.1,16.81,100,82,Malang,-8.1583,112.6033
2020-04-06,27.2,22.1,24.3,13.3,13.3,2.75,9.8,14.7,100,89,Malang,-8.1583,112.6033
2020-04-07,28.0,21.6,24.1,26.5,26.5,3.19,14.6,16.82,100,75,Malang,-8.1583,112.6033
2020-04-08,28.1,21.1,23.9,21.4,21.4,3.39,13.7,17.78,99,73,Malang,-8.1583,112.6033
2020-04-09,28.6,20.9,24.4,0.7,0.7,4.05,14.7,21.19,96,74,Malang,-8.1583,112.6033
2020-04-10,29.2,21.1,24.9,0.2,0.2,4.56,16.3,23.86,99,68,Malang,-8.1583,112.6033
2020-04-11,27.8,21.8,24.1,2.6,2.6,3.47,15.0,18.93,100,74,Malang,-8.1583,112.6033
2020-04-12,27.5,21.4,24.0,1.1,1.1,4.05,14.1,21.07,100,68,Malang,-8.1583,112.6033
2020-04-13,28.5,21.2,24.4,1.8,1.8,4.44,11.7,22.46,95,63,Malang,-8.1583,112.6033
2020-04-14,27.8,22.0,24.4,4.8,4.8,3.75,10.8,19.24,93,75,Malang,-8.1583,112.6033
2020-04-15,28.6,21.4,24.4,24.9,24.9,3.68,9.9,18.92,95,68,Malang,-8.1583,112.6033
2020-04-16,29.6,21.0,25.0,1.0,1.0,4.19,8.5,20.85,97,67,Malang,-8.1583,112.6033
2020-04-17,28.5,21.5,24.5,9.4,9.4,2.96,8.7,14.75,99,70,Malang,-8.1583,112.6033
2020-04-18,29.2,21.4,24.8,2.8,2.8,3.62,7.6,18.25,100,68,Malang,-8.1583,112.6033
2020-04-19,28.9,22.2,24.7,6.7,6.7,3.39,7.1,16.95,100,70,Malang,-8.1583,112.6033
2020-04-20,29.2,21.9,25.1,3.2,3.2,3.73,6.6,18.73,98,67,Malang,-8.1583,112.6033
2020-04-21,28.4,21.8,24.7,1.6,1.6,3.84,7.6,19.39,98,68,Malang,-8.1583,112.6033
2020-04-22,28.3,21.9,25.0,1.5,1.5,3.78,9.9,18.94,95,70,Malang,-8.1583,112.6033
2020-04-23,29.5,21.1,25.1,3.1,3.1,4.25,13.2,21.38,97,67,Malang,-8.1583,112.6033
2020-04-24,28.9,20.8,24.5,0.3,0.3,4.15,18.2,21.07,97,61,Malang,-8.1583,112.6033
2020-04-25,29.0,21.2,24.7,0.3,0.3,3.92,12.3,19.9,96,67,Malang,-8.1583,112.6033
2020-04-26,28.0,21.5,23.9,0.7,0.7,2.44,10.8,11.71,97,67,Malang,-8.1583,112.6033
2020-04-27,28.2,21.2,24.0,6.1,6.1,3.36,11.0,17.76,98,73,Malang,-8.1583,112.6033
2020-04-28,27.4,21.0,23.8,5.8,5.8,3.0,10.5,15.31,98,75,Malang,-8.1583,112.6033
2020-04-29,28.5,21.1,24.2,1.3,1.3,3.83,12.5,19.34,95,63,Malang,-8.1583,112.6033
2020-04-30,27.8,21.6,24.2,1.8,1.8,3.54,19.7,18.63,97,70,Malang,-8.1583,112.6033
2020-05-01,28.4,21.3,24.5,0.1,0.1,4.35,16.0,22.35,96,64,Malang,-8.1583,112.6033
2020-05-02,28.5,21.4,24.3,0.4,0.4,4.17,17.4,21.56,97,65,Malang,-8.1583,112.6033
2020-05-03,28.9,20.2,24.2,0.5,0.5,3.74,7.4,18.54,98,61,Malang,-8.1583,112.6033
2020-05-04,29.0,21.0,24.7,0.3,0.3,3.69,8.0,18.44,98,66,Malang,-8.1583,112.6033
2020-05-05,29.2,21.1,24.9,2.6,2.6,3.93,11.0,19.72,96,64,Malang,-8.1583,112.6033
2020-05-06,28.1,20.4,24.5,0.5,0.5,3.63,16.1,18.43,98,70,Malang,-8.1583,112.6033
2020-05-07,29.7,20.8,25.1,0.0,0.0,4.29,12.3,21.38,97,63,Malang,-8.1583,112.6033
2020-05-08,29.8,21.9,25.4,11.3,11.3,3.78,12.6,18.86,99,65,Malang,-8.1583,112.6033
2020-05-09,27.0,22.6,24.5,4.3,4.3,1.49,8.1,6.64,98,78,Malang,-8.1583,112.6033
2020-05-10,29.6,22.2,25.3,0.1,0.1,3.69,9.2,18.06,97,61,Malang,-8.1583,112.6033
2020-05-11,28.6,21.9,24.5,5.2,5.2,3.17,9.6,15.86,99,65,Malang,-8.1583,112.6033
2020-05-12,28.9,22.2,24.8,0.2,0.2,4.32,19.7,21.59,96,62,Malang,-8.1583,112.6033
2020-05-13,27.9,20.5,24.1,0.1,0.1,4.02,23.7,21.0,99,66,Malang,-8.1583,112.6033
2020-05-14,27.2,22.2,24.3,0.0,0.0,3.73,26.6,19.77,93,72,Malang,-8.1583,112.6033
2020-05-15,29.2,22.1,24.7,6.6,6.6,3.76,22.4,19.0,96,64,Malang,-8.1583,112.6033
2020-05-16,28.3,22.5,24.8,0.9,0.9,3.78,26.9,19.95,94,71,Malang,-8.1583,112.6033
2020-05-17,28.3,22.8,24.8,2.7,2.7,3.45,24.9,18.46,96,73,Malang,-8.1583,112.6033
2020-05-18,27.9,22.8,24.6,15.4,15.4,2.7,18.0,13.8,97,74,Malang,-8.1583,112.6033
2020-05-19,28.0,22.2,24.3,13.1,13.1,2.37,11.0,11.58,99,74,Malang,-8.1583,112.6033
2020-05-20,28.4,21.4,24.4,6.6,6.6,2.85,11.1,14.1,100,70,Malang,-8.1583,112.6033
2020-05-21,27.1,21.9,24.0,15.3,15.3,2.07,16.9,10.86,97,81,Malang,-8.1583,112.6033
2020-05-22,29.1,21.5,25.3,0.0,0.0,4.07,14.0,20.35,97,62,Malang,-8.1583,112.6033
2020-05-23,29.4,21.5,25.0,0.0,0.0,4.21,14.3,21.1,99,62,Malang,-8.1583,112.6033
2020-05-24,28.9,21.8,24.9,0.0,0.0,4.15,11.4,21.33,93,68,Malang,-8.1583,112.6033
2020-05-25,29.4,21.1,25.1,1.0,1.0,3.95,14.2,19.84,96,63,Malang,-8.1583,112.6033
2020-05-26,26.8,23.1,24.4,36.0,36.0,2.18,13.8,11.39,99,83,Malang,-8.1583,112.6033
2020-05-27,24.9,22.1,23.5,64.3,64.3,0.91,9.0,4.02,98,87,Malang,-8.1583,112.6033
2020-05-28,27.1,21.2,23.5,27.4,27.4,2.26,8.9,11.35,100,79,Malang,-8.1583,112.6033
2020-05-29,28.5,21.5,24.1,2.7,2.7,3.61,13.7,18.39,98,66,Malang,-8.1583,112.6033
2020-05-30,28.5,21.3,24.4,42.2,42.2,3.44,16.3,17.8,99,68,Malang,-8.1583,112.6033
2020-05-31,27.3,22.1,24.2,15.3,15.3,2.5,7.4,12.55,98,74,Malang,-8.1583,112.6033
2020-06-01,27.3,22.3,24.4,2.2,2.2,2.79,18.8,14.59,98,76,Malang,-8.1583,112.6033
2020-06-02,28.4,21.0,24.3,1.0,1.0,3.18,8.8,15.94,99,64,Malang,-8.1583,112.6033
2020-06-03,28.2,21.1,24.1,0.1,0.1,3.76,14.1,19.07,98,64,Malang,-8.1583,112.6033
2020-06-04,26.7,20.8,23.5,0.0,0.0,3.63,26.0,19.6,98,73,Malang,-8.1583,112.6033
2020-06-05,25.9,20.7,23.2,1.0,1.0,3.05,25.5,17.69,99,78,Malang,-8.1583,112.6033
2020-06-06,25.4,21.2,23.1,1.5,1.5,2.5,23.1,14.21,98,81,Malang,-8.1583,112.6033
2020-06-07,27.1,21.1,23.5,1.3,1.3,3.15,18.2,16.62,97,71,Malang,-8.1583,112.6033
2020-06-08,26.9,19.8,23.3,0.4,0.4,3.37,17.6,18.13,99,72,Malang,-8.1583,112.6033
2020-06-09,27.1,20.0,23.1,0.0,0.0,3.63,17.2,19.2,98,70,Malang,-8.1583,112.6033
2020-06-10,27.4,17.8,22.7,0.0,0.0,3.87,13.8,20.7,95,65,Malang,-8.1583,112.6033
2020-06-11,27.1,18.4,22.6,0.0,0.0,3.82,15.9,20.62,98,67,Malang,-8.1583,112.6033
2020-06-12,27.4,17.5,22.1,0.0,0.0,3.96,13.4,21.16,98,66,Malang,-8.1583,112.6033
2020-06-13,28.0,19.1,23.4,0.3,0.3,3.74,19.5,19.93,100,66,Malang,-8.1583,112.6033
2020-06-14,27.8,21.9,24.0,15.4,15.4,2.58,10.7,13.0,99,67,Malang,-8.1583,112.6033
2020-06-15,27.3,21.1,23.9,2.1,2.1,2.73,19.6,14.56,99,81,Malang,-8.1583,112.6033
2020-06-16,27.9,20.9,24.1,1.4,1.4,3.55,17.9,18.55,100,67,Malang,-8.1583,112.6033
2020-06-17,26.7,21.0,23.6,1.2,1.2,3.09,23.7,17.59,99,76,Malang,-8.1583,112.6033
2020-06-18,27.2,22.0,24.0,3.2,3.2,3.21,22.2,17.52,96,74,Malang,-8.1583,112.6033
2020-06-19,25.9,21.6,23.4,0.4,0.4,3.03,29.8,16.54,97,77,Malang,-8.1583,112.6033
2020-06-20,27.2,21.4,23.6,0.0,0.0,3.58,25.4,19.54,95,71,Malang,-8.1583,112.6033
2020-06-21,26.7,21.1,23.6,0.1,0.1,3.1,22.9,16.58,96,73,Malang,-8.1583,112.6033
2020-06-22,27.4,22.0,23.9,0.4,0.4,3.42,22.7,17.35,92,67,Malang,-8.1583,112.6033
2020-06-23,27.1,20.5,23.5,0.0,0.0,3.71,26.5,19.8,94,69,Malang,-8.1583,112.6033
2020-06-24,26.6,21.5,23.3,0.0,0.0,3.6,24.8,19.74,95,71,Malang,-8.1583,112.6033
2020-06-25,26.5,20.3,22.8,0.0,0.0,3.92,21.1,20.88,95,67,Malang,-8.1583,112.6033
2020-06-26,27.0,17.4,22.2,0.0,0.0,3.48,17.6,18.97,98,68,Malang,-8.1583,112.6033
2020-06-27,27.1,18.7,22.8,0.0,0.0,3.74,15.6,19.95,99,63,Malang,-8.1583,112.6033
2020-06-28,27.5,19.5,23.1,0.0,0.0,3.38,17.8,17.65,99,65,Malang,-8.1583,112.6033
2020-06-29,26.5,21.1,23.3,0.2,0.2,3.37,21.9,18.09,97,70,Malang,-8.1583,112.6033
2020-06-30,26.7,20.9,23.1,0.0,0.0,3.24,21.8,17.31,96,69,Malang,-8.1583,112.6033
2020-07-01,26.8,20.4,22.9,0.6,0.6,3.15,23.5,16.83,97,69,Malang,-8.1583,112.6033
2020-07-02,26.9,20.8,23.1,2.5,2.5,3.06,21.5,16.14,96,71,Malang,-8.1583,112.6033
2020-07-03,26.4,20.4,22.8,0.0,0.0,3.71,23.6,19.54,95,65,Malang,-8.1583,112.6033
2020-07-04,28.4,20.0,23.4,0.0,0.0,4.03,17.3,20.34,93,50,Malang,-8.1583,112.6033
2020-07-05,27.8,18.9,23.0,0.6,0.6,3.6,17.9,18.01,97,61,Malang,-8.1583,112.6033
2020-07-06,27.5,20.4,23.0,9.5,9.5,2.65,23.2,13.31,98,67,Malang,-8.1583,112.6033
2020-07-07,26.7,21.3,23.0,0.2,0.2,2.9,26.4,15.56,97,73,Malang,-8.1583,112.6033
2020-07-08,26.4,20.2,22.8,0.0,0.0,3.5,26.9,19.5,95,70,Malang,-8.1583,112.6033
2020-07-09,26.4,21.0,23.0,0.0,0.0,3.43,27.5,18.9,97,71,Malang,-8.1583,112.6033
2020-07-10,26.5,20.7,23.1,0.0,0.0,3.39,22.9,16.95,93,70,Malang,-8.1583,112.6033
2020-07-11,27.5,20.8,23.5,0.0,0.0,3.74,19.4,19.21,97,65,Malang,-8.1583,112.6033
2020-07-12,26.0,21.1,23.1,0.9,0.9,3.02,20.9,15.8,98,72,Malang,-8.1583,112.6033
2020-07-13,28.5,20.5,23.6,0.4,0.4,3.63,17.6,18.4,98,59,Malang,-8.1583,112.6033
2020-07-14,28.0,20.3,23.7,0.4,0.4,3.6,19.9,18.05,98,64,Malang,-8.1583,112.6033
2020-07-15,27.1,19.8,23.2,5.9,5.9,3.17,13.6,16.52,100,63,Malang,-8.1583,112.6033
2020-07-16,28.4,20.9,23.8,0.4,0.4,3.69,16.8,18.93,99,64,Malang,-8.1583,112.6033
2020-07-17,28.5,19.1,23.2,0.0,0.0,3.91,18.9,20.24,100,62,Malang,-8.1583,112.6033
2020-07-18,27.0,21.0,23.3,0.4,0.4,3.26,18.0,16.37,98,66,Malang,-8.1583,112.6033
2020-07-19,28.2,19.6,23.2,0.8,0.8,3.41,22.7,17.67,97,66,Malang,-8.1583,112.6033
2020-07-20,27.7,21.4,23.9,0.4,0.4,3.57,21.1,18.24,97,66,Malang,-8.1583,112.6033
2020-07-21,26.1,22.0,23.4,2.6,2.6,2.15,18.6,10.33,96,75,Malang,-8.1583,112.6033
2020-07-22,28.2,20.9,23.8,0.7,0.7,3.5,21.1,17.46,98,62,Malang,-8.1583,112.6033
2020-07-23,26.7,20.2,23.0,0.0,0.0,3.94,23.9,21.29,97,65,Malang,-8.1583,112.6033
2020-07-24,26.5,19.8,22.4,0.0,0.0,4.17,29.0,21.94,96,64,Malang,-8.1583,112.6033
2020-07-25,25.6,19.0,21.9,0.0,0.0,4.39,25.0,21.3,86,56,Malang,-8.1583,112.6033
2020-07-26,26.4,19.6,22.3,0.0,0.0,4.48,23.5,22.06,90,57,Malang,-8.1583,112.6033
2020-07-27,26.1,19.2,22.3,0.0,0.0,3.28,23.8,16.59,96,63,Malang,-8.1583,112.6033
2020-07-28,26.4,20.1,22.4,0.0,0.0,3.72,28.2,20.07,97,62,Malang,-8.1583,112.6033
2020-07-29,25.4,18.5,21.5,0.0,0.0,4.59,24.2,23.41,95,49,Malang,-8.1583,112.6033
2020-07-30,26.4,16.2,21.1,0.0,0.0,3.92,18.8,20.55,96,57,Malang,-8.1583,112.6033
2020-07-31,25.4,18.2,21.8,0.0,0.0,3.09,24.0,16.04,98,70,Malang,-8.1583,112.6033
2020-08-01,26.7,20.0,22.5,0.0,0.0,3.86,21.9,19.23,93,61,Malang,-8.1583,112.6033
2020-08-02,26.8,18.9,21.9,0.0,0.0,4.21,18.9,21.61,95,52,Malang,-8.1583,112.6033
2020-08-03,28.4,17.0,22.2,0.0,0.0,3.97,18.9,20.39,98,56,Malang,-8.1583,112.6033
2020-08-04,26.5,19.6,22.3,0.6,0.6,2.08,15.7,9.32,99,66,Malang,-8.1583,112.6033
2020-08-05,27.1,20.4,22.6,0.0,0.0,2.88,21.3,14.22,98,68,Malang,-8.1583,112.6033
2020-08-06,27.5,19.5,22.6,0.0,0.0,4.56,23.0,23.13,95,50,Malang,-8.1583,112.6033
2020-08-07,26.5,19.0,22.2,1.0,1.0,3.58,22.2,18.99,97,67,Malang,-8.1583,112.6033
2020-08-08,29.1,19.2,22.9,0.0,0.0,4.0,21.5,20.75,99,52,Malang,-8.1583,112.6033
2020-08-09,29.9,18.9,23.9,0.1,0.1,4.33,18.5,21.18,100,51,Malang,-8.1583,112.6033
2020-08-10,29.3,19.2,23.6,0.6,0.6,4.09,16.9,20.52,97,51,Malang,-8.1583,112.6033
2020-08-11,29.1,20.2,23.8,8.6,8.6,3.53,15.8,17.42,100,58,Malang,-8.1583,112.6033
2020-08-12,28.5,20.4,23.8,5.6,5.6,3.45,14.5,17.4,100,63,Malang,-8.1583,112.6033
2020-08-13,26.6,21.0,23.3,1.5,1.5,2.97,21.3,16.56,98,75,Malang,-8.1583,112.6033
2020-08-14,27.2,21.0,23.5,2.9,2.9,2.93,15.9,15.15,98,69,Malang,-8.1583,112.6033
2020-08-15,29.0,21.4,24.4,1.7,1.7,3.98,14.0,19.95,99,65,Malang,-8.1583,112.6033
2020-08-16,27.4,21.1,23.7,3.1,3.1,3.39,17.1,17.89,100,72,Malang,-8.1583,112.6033
2020-08-17,27.1,20.9,23.3,1.7,1.7,3.45,24.5,17.53,99,68,Malang,-8.1583,112.6033
2020-08-18,27.0,20.6,23.0,0.0,0.0,4.33,24.7,22.96,96,61,Malang,-8.1583,112.6033
2020-08-19,26.8,20.3,22.8,0.0,0.0,3.72,24.7,19.45,97,65,Malang,-8.1583,112.6033
2020-08-20,27.0,20.7,23.1,2.5,2.5,3.65,23.8,18.66,98,61,Malang,-8.1583,112.6033
2020-08-21,31.5,18.4,24.3,0.0,0.0,5.08,16.6,23.79,100,38,Malang,-8.1583,112.6033
2020-08-22,29.3,19.1,23.8,0.0,0.0,4.74,19.9,23.73,99,47,Malang,-8.1583,112.6033
2020-08-23,31.4,21.0,24.5,0.0,0.0,4.79,22.2,23.72,100,50,Malang,-8.1583,112.6033
2020-08-24,29.9,19.9,23.9,0.0,0.0,4.64,18.9,22.87,95,45,Malang,-8.1583,112.6033
2020-08-25,29.2,20.1,23.8,0.3,0.3,4.67,24.3,23.4,96,56,Malang,-8.1583,112.6033
2020-08-26,27.3,20.5,23.1,0.0,0.0,4.85,34.6,23.7,95,58,Malang,-8.1583,112.6033
2020-08-27,28.0,20.1,23.2,0.0,0.0,4.41,24.6,21.02,93,55,Malang,-8.1583,112.6033
2020-08-28,28.0,19.8,23.5,1.5,1.5,3.94,24.7,19.49,98,57,Malang,-8.1583,112.6033
2020-08-29,28.4,21.1,23.7,0.0,0.0,4.79,27.5,23.98,96,58,Malang,-8.1583,112.6033
2020-08-30,27.9,19.2,23.2,0.0,0.0,4.83,26.0,23.9,96,54,Malang,-8.1583,112.6033
2020-08-31,28.5,19.9,23.5,0.0,0.0,4.79,21.4,23.65,95,54,Malang,-8.1583,112.6033
2020-09-01,28.1,20.5,23.6,1.2,1.2,3.75,23.5,18.64,96,60,Malang,-8.1583,112.6033
2020-09-02,27.1,21.0,23.6,12.8,12.8,3.23,18.7,15.58,97,68,Malang,-8.1583,112.6033
2020-09-03,29.9,21.9,24.5,11.5,11.5,4.26,22.0,21.03,97,59,Malang,-8.1583,112.6033
2020-09-04,28.5,21.5,24.1,5.6,5.6,4.07,22.5,21.31,98,65,Malang,-8.1583,112.6033
2020-09-05,28.8,20.2,23.5,0.0,0.0,4.76,21.6,25.2,97,61,Malang,-8.1583,112.6033
2020-09-06,28.5,20.0,23.5,0.0,0.0,4.53,17.7,23.44,98,59,Malang,-8.1583,112.6033
2020-09-07,27.8,21.4,23.6,1.8,1.8,3.78,21.3,19.18,99,62,Malang,-8.1583,112.6033
2020-09-08,28.6,20.9,23.9,0.0,0.0,4.48,21.4,22.8,97,59,Malang,-8.1583,112.6033
2020-09-09,29.2,21.4,24.1,0.0,0.0,4.03,17.8,19.57,98,55,Malang,-8.1583,112.6033
2020-09-10,27.5,20.8,23.5,0.0,0.0,4.35,21.3,21.79,99,57,Malang,-8.1583,112.6033
2020-09-11,28.5,19.0,23.4,0.0,0.0,4.64,24.2,23.22,95,56,Malang,-8.1583,112.6033
2020-09-12,28.0,20.3,23.6,0.0,0.0,4.59,22.1,22.4,96,58,Malang,-8.1583,112.6033
2020-09-13,28.5,20.6,23.7,0.0,0.0,4.76,22.0,23.64,98,56,Malang,-8.1583,112.6033
2020-09-14,28.4,19.5,23.4,0.0,0.0,5.06,19.9,24.39,97,54,Malang,-8.1583,112.6033
2020-09-15,29.1,18.8,23.3,0.0,0.0,5.41,21.3,26.49,97,46,Malang,-8.1583,112.6033
2020-09-16,27.8,19.0,22.9,0.2,0.2,4.55,20.9,22.9,94,54,Malang,-8.1583,112.6033
2020-09-17,29.4,18.7,23.9,0.0,0.0,5.0,18.4,23.89,98,50,Malang,-8.1583,112.6033
2020-09-18,30.6,19.1,24.6,0.3,0.3,5.16,17.7,24.72,94,48,Malang,-8.1583,112.6033
2020-09-19,31.8,21.0,25.5,0.4,0.4,5.32,18.6,24.51,98,44,Malang,-8.1583,112.6033
2020-09-20,31.3,21.1,25.2,0.1,0.1,5.13,20.9,24.07,99,49,Malang,-8.1583,112.6033
2020-09-21,28.8,21.5,24.4,1.1,1.1,4.36,23.7,21.36,98,60,Malang,-8.1583,112.6033
2020-09-22,26.6,22.0,23.8,13.2,13.2,3.18,18.0,17.29,98,71,Malang,-8.1583,112.6033
2020-09-23,29.4,21.9,24.9,0.8,0.8,4.71,23.9,23.2,98,61,Malang,-8.1583,112.6033
2020-09-24,29.3,21.0,24.5,1.5,1.5,4.68,17.9,22.89,100,57,Malang,-8.1583,112.6033
2020-09-25,29.8,21.3,24.8,0.7,0.7,4.8,21.0,22.61,98,53,Malang,-8.1583,112.6033
2020-09-26,30.1,21.0,24.8,0.1,0.1,4.97,23.5,23.46,93,55,Malang,-8.1583,112.6033
2020-09-27,29.7,21.6,24.7,0.0,0.0,5.3,23.1,24.42,95,46,Malang,-8.1583,112.6033
2020-09-28,29.2,21.1,24.5,0.0,0.0,5.23,27.9,25.4,95,55,Malang,-8.1583,112.6033
2020-09-29,27.9,21.2,23.7,1.1,1.1,3.91,24.4,19.7,96,62,Malang,-8.1583,112.6033
2020-09-30,29.5,20.8,24.3,1.6,1.6,4.33,23.2,21.21,96,58,Malang,-8.1583,112.6033
2020-10-01,30.9,21.6,25.3,1.6,1.6,4.95,20.0,23.4,97,54,Malang,-8.1583,112.6033
2020-10-02,31.0,21.8,25.4,0.6,0.6,4.96,17.8,23.43,96,55,Malang,-8.1583,112.6033
2020-10-03,29.1,21.5,24.5,1.7,1.7,4.34,22.9,21.12,98,57,Malang,-8.1583,112.6033
2020-10-04,26.8,21.7,23.2,3.8,3.8,2.99,21.8,16.07,99,70,Malang,-8.1583,112.6033
2020-10-05,27.0,21.1,23.1,2.6,2.6,3.26,23.5,16.32,98,63,Malang,-8.1583,112.6033
2020-10-06,26.9,21.0,23.3,0.7,0.7,4.1,28.7,21.26,96,66,Malang,-8.1583,112.6033
2020-10-07,28.2,21.0,24.0,0.0,0.0,5.07,22.0,24.64,93,56,Malang,-8.1583,112.6033
2020-10-08,27.0,21.3,23.4,1.4,1.4,3.44,24.5,16.55,95,67,Malang,-8.1583,112.6033
2020-10-09,29.7,20.5,24.4,1.6,1.6,4.7,16.5,22.53,96,54,Malang,-8.1583,112.6033
2020-10-10,25.5,21.9,23.4,30.7,30.7,1.97,19.2,10.26,98,82,Malang,-8.1583,112.6033
2020-10-11,29.0,21.6,24.6,3.5,3.5,4.26,16.1,21.29,99,62,Malang,-8.1583,112.6033
2020-10-12,27.7,22.0,24.2,4.5,4.5,3.59,21.4,17.95,96,71,Malang,-8.1583,112.6033
2020-10-13,29.1,21.0,24.6,1.7,1.7,4.66,19.2,22.55,99,57,Malang,-8.1583,112.6033
2020-10-14,28.4,21.6,24.6,1.7,1.7,4.12,20.5,20.5,99,67,Malang,-8.1583,112.6033
2020-10-15,28.7,21.2,24.6,0.9,0.9,4.38,19.5,21.87,98,64,Malang,-8.1583,112.6033
2020-10-16,28.3,21.4,24.3,0.9,0.9,4.05,19.7,20.3,99,67,Malang,-8.1583,112.6033
2020-10-17,29.2,21.5,24.4,1.3,1.3,4.41,16.6,21.48,99,56,Malang,-8.1583,112.6033
2020-10-18,27.9,20.2,23.9,3.0,3.0,3.76,18.3,18.88,98,64,Malang,-8.1583,112.6033
2020-10-19,26.0,21.7,23.5,19.3,19.3,2.25,16.4,11.37,97,79,Malang,-8.1583,112.6033
2020-10-20,28.3,21.3,24.0,6.5,6.5,3.22,10.0,15.57,99,64,Malang,-8.1583,112.6033
2020-10-21,28.1,21.9,24.2,19.3,19.3,3.72,11.0,19.26,96,69,Malang,-8.1583,112.6033
2020-10-22,28.7,21.0,24.3,4.7,4.7,3.97,14.3,20.15,97,62,Malang,-8.1583,112.6033
2020-10-23,27.6,21.2,23.9,10.9,10.9,3.18,15.1,15.84,97,70,Malang,-8.1583,112.6033
2020-10-24,28.5,20.8,24.4,2.5,2.5,4.12,16.1,20.69,98,67,Malang,-8.1583,112.6033
2020-10-25,27.6,21.2,24.2,2.5,2.5,3.54,15.9,18.96,99,79,Malang,-8.1583,112.6033
2020-10-26,27.0,22.0,24.3,7.0,7.0,3.15,13.8,16.3,99,76,Malang,-8.1583,112.6033
2020-10-27,27.1,21.9,23.7,55.9,55.9,2.75,16.1,14.37,98,79,Malang,-8.1583,112.6033
2020-10-28,28.9,21.1,24.2,1.2,1.2,4.23,16.7,21.82,100,69,Malang,-8.1583,112.6033
2020-10-29,28.0,20.8,24.1,3.7,3.7,4.01,16.6,21.35,97,70,Malang,-8.1583,112.6033
2020-10-30,29.3,21.0,24.4,6.5,6.5,4.12,11.7,20.82,98,63,Malang,-8.1583,112.6033
2020-10-31,28.7,21.1,23.7,45.0,45.0,2.83,11.3,13.78,99,72,Malang,-8.1583,112.6033
2020-11-01,28.1,19.9,23.7,13.9,13.9,3.34,12.2,16.45,98,67,Malang,-8.1583,112.6033
2020-11-02,28.1,21.2,24.1,6.5,6.5,3.6,16.5,18.51,99,71,Malang,-8.1583,112.6033
2020-11-03,28.6,21.5,24.1,1.7,1.7,3.49,9.2,17.32,100,70,Malang,-8.1583,112.6033
2020-11-04,29.1,20.5,24.4,2.5,2.5,4.38,13.5,21.77,96,62,Malang,-8.1583,112.6033
2020-11-05,29.2,21.5,25.1,2.2,2.2,4.58,13.7,22.96,100,63,Malang,-8.1583,112.6033
2020-11-06,29.6,20.8,24.9,0.5,0.5,4.72,12.1,23.61,99,59,Malang,-8.1583,112.6033
2020-11-07,29.1,21.1,24.5,0.0,0.0,4.93,15.9,25.73,100,64,Malang,-8.1583,112.6033
2020-11-08,28.8,21.2,24.5,1.7,1.7,4.18,12.1,20.88,100,63,Malang,-8.1583,112.6033
2020-11-09,28.4,20.9,24.5,0.9,0.9,4.23,16.0,22.1,100,72,Malang,-8.1583,112.6033
2020-11-10,28.3,21.6,24.7,0.6,0.6,4.75,22.6,25.01,96,68,Malang,-8.1583,112.6033
2020-11-11,27.4,21.4,24.4,2.5,2.5,3.63,22.0,19.5,96,73,Malang,-8.1583,112.6033
2020-11-12,30.5,21.0,25.3,4.0,4.0,4.81,10.4,23.68,97,56,Malang,-8.1583,112.6033
2020-11-13,29.0,21.1,25.0,7.9,7.9,4.02,15.8,20.75,97,65,Malang,-8.1583,112.6033
2020-11-14,29.4,22.4,25.1,3.4,3.4,4.04,15.9,20.7,100,72,Malang,-8.1583,112.6033
2020-11-15,27.6,22.0,24.4,10.8,10.8,3.19,15.3,16.42,100,73,Malang,-8.1583,112.6033
2020-11-16,29.4,21.2,24.9,0.2,0.2,4.73,20.0,24.05,99,67,Malang,-8.1583,112.6033
2020-11-17,29.3,22.4,25.1,0.6,0.6,4.77,19.8,23.98,96,64,Malang,-8.1583,112.6033
2020-11-18,29.0,21.5,25.0,3.5,3.5,4.22,18.4,21.05,99,64,Malang,-8.1583,112.6033
2020-11-19,29.9,21.2,25.2,4.5,4.5,4.36,17.3,21.86,99,64,Malang,-8.1583,112.6033
2020-11-20,28.6,22.2,24.5,15.2,15.2,2.8,12.2,14.07,100,71,Malang,-8.1583,112.6033
2020-11-21,29.5,22.4,25.1,4.7,4.7,3.52,10.1,17.18,100,63,Malang,-8.1583,112.6033
2020-11-22,28.5,21.9,24.5,7.6,7.6,3.29,12.7,16.47,98,72,Malang,-8.1583,112.6033
2020-11-23,27.5,21.8,23.9,8.3,8.3,2.45,13.7,12.34,100,77,Malang,-8.1583,112.6033
2020-11-24,25.4,21.8,23.3,9.8,9.8,2.02,14.2,10.88,100,84,Malang,-8.1583,112.6033
2020-11-25,26.1,22.1,23.8,10.8,10.8,2.42,13.0,12.16,99,78,Malang,-8.1583,112.6033
2020-11-26,27.2,22.5,24.1,16.5,16.5,2.28,15.1,11.07,98,74,Malang,-8.1583,112.6033
2020-11-27,26.0,21.5,23.2,29.6,29.6,1.81,15.0,9.23,98,76,Malang,-8.1583,112.6033
2020-11-28,26.9,21.9,24.0,21.3,21.3,2.48,9.1,12.48,98,85,Malang,-8.1583,112.6033
2020-11-29,25.6,21.8,23.5,15.5,15.5,1.63,11.1,7.64,99,78,Malang,-8.1583,112.6033
2020-11-30,22.8,21.9,22.3,73.3,73.3,0.62,17.9,2.31,98,91,Malang,-8.1583,112.6033
2020-12-01,27.4,21.6,24.1,2.8,2.8,3.51,13.3,17.85,97,69,Malang,-8.1583,112.6033
2020-12-02,27.9,21.2,24.0,16.1,16.1,3.35,8.7,16.75,99,68,Malang,-8.1583,112.6033
2020-12-03,26.8,21.3,23.5,26.6,26.6,2.15,10.9,10.53,98,79,Malang,-8.1583,112.6033
2020-12-04,26.5,21.9,23.4,39.2,39.2,2.07,13.6,10.74,98,85,Malang,-8.1583,112.6033
2020-12-05,26.9,21.7,23.6,32.2,32.2,2.29,9.4,10.9,99,75,Malang,-8.1583,112.6033
2020-12-06,28.4,21.6,24.2,18.6,18.6,3.14,10.4,15.16,98,71,Malang,-8.1583,112.6033
2020-12-07,27.2,21.5,23.9,11.4,11.4,2.22,12.2,10.62,99,73,Malang,-8.1583,112.6033
2020-12-08,30.0,21.1,25.0,3.9,3.9,4.72,13.9,22.89,96,59,Malang,-8.1583,112.6033
2020-12-09,28.3,21.4,24.7,0.7,0.7,3.29,10.1,16.02,97,65,Malang,-8.1583,112.6033
2020-12-10,28.6,22.1,24.3,3.6,3.6,2.66,14.4,12.83,98,66,Malang,-8.1583,112.6033
2020-12-11,28.5,21.9,24.1,23.0,23.0,2.91,17.6,14.86,99,68,Malang,-8.1583,112.6033
2020-12-12,25.7,22.2,23.3,37.3,37.3,1.59,10.9,7.65,98,85,Malang,-8.1583,112.6033
2020-12-13,27.7,21.3,23.3,25.4,25.4,2.49,13.6,12.63,99,69,Malang,-8.1583,112.6033
2020-12-14,25.5,21.5,23.0,24.9,24.9,1.89,8.7,9.68,99,88,Malang,-8.1583,112.6033
2020-12-15,25.9,21.6,23.0,24.3,24.3,1.78,15.1,9.01,100,85,Malang,-8.1583,112.6033
2020-12-16,26.0,21.5,22.8,13.4,13.4,1.69,15.1,9.13,98,83,Malang,-8.1583,112.6033
2020-12-17,26.7,21.5,23.2,17.1,17.1,2.34,15.4,12.7,98,83,Malang,-8.1583,112.6033
2020-12-18,25.9,20.8,22.9,13.1,13.1,2.28,15.8,12.37,97,82,Malang,-8.1583,112.6033
2020-12-19,25.6,21.1,22.9,8.5,8.5,2.07,15.3,11.27,100,87,Malang,-8.1583,112.6033
2020-12-20,25.8,21.5,23.3,2.3,2.3,2.69,20.5,14.61,98,79,Malang,-8.1583,112.6033
2020-12-21,27.0,20.4,23.8,0.3,0.3,3.69,21.3,18.9,97,68,Malang,-8.1583,112.6033
2020-12-22,28.1,21.9,24.5,1.2,1.2,4.21,19.7,21.89,98,66,Malang,-8.1583,112.6033
2020-12-23,27.0,21.8,24.0,1.7,1.7,3.92,16.1,20.94,98,71,Malang,-8.1583,112.6033
2020-12-24,27.0,20.8,23.8,1.5,1.5,3.69,13.6,19.75,99,75,Malang,-8.1583,112.6033
2020-12-25,27.8,21.4,23.9,6.3,6.3,3.86,14.0,20.42,99,65,Malang,-8.1583,112.6033
2020-12-26,28.0,21.1,23.9,14.2,14.2,3.33,12.9,16.77,97,72,Malang,-8.1583,112.6033
2020-12-27,26.8,21.0,23.7,11.0,11.0,2.89,12.7,15.31,98,73,Malang,-8.1583,112.6033
2020-12-28,26.5,22.1,23.7,18.6,18.6,2.42,15.1,12.7,99,81,Malang,-8.1583,112.6033
2020-12-29,26.5,21.9,23.7,26.3,26.3,2.6,17.1,13.86,98,77,Malang,-8.1583,112.6033
2020-12-30,25.5,21.8,23.0,20.8,20.8,1.52,17.1,7.75,100,84,Malang,-8.1583,112.6033
2020-12-31,27.5,21.4,23.4,22.2,22.2,2.91,20.1,15.11,98,69,Malang,-8.1583,112.6033
2021-01-01,27.3,21.5,23.5,35.3,35.3,2.28,13.2,11.66,99,76,Malang,-8.1583,112.6033
2021-01-02,25.5,21.9,23.2,21.3,21.3,1.93,18.4,9.81,98,81,Malang,-8.1583,112.6033
2021-01-03,26.6,21.5,23.5,24.6,24.6,2.72,13.9,14.53,98,77,Malang,-8.1583,112.6033
2021-01-04,26.0,21.9,23.5,14.0,14.0,1.97,14.4,9.85,98,85,Malang,-8.1583,112.6033
2021-01-05,27.6,21.2,23.5,31.8,31.8,2.58,17.3,13.64,98,77,Malang,-8.1583,112.6033
2021-01-06,27.9,21.8,23.7,8.7,8.7,2.74,14.6,13.83,97,74,Malang,-8.1583,112.6033
2021-01-07,26.8,21.6,23.5,19.6,19.6,2.32,12.0,11.97,100,87,Malang,-8.1583,112.6033
2021-01-08,26.0,21.6,23.5,11.5,11.5,1.62,8.7,7.5,100,80,Malang,-8.1583,112.6033
2021-01-09,26.0,21.4,23.5,16.1,16.1,2.47,13.3,13.1,100,84,Malang,-8.1583,112.6033
2021-01-10,25.2,22.1,23.2,189.3,189.3,1.34,12.7,6.51,99,87,Malang,-8.1583,112.6033
2021-01-11,27.4,21.8,23.9,50.4,50.4,2.68,9.0,13.17,99,77,Malang,-8.1583,112.6033
2021-01-12,27.9,22.4,24.2,27.3,27.3,3.31,14.0,16.91,98,76,Malang,-8.1583,112.6033
2021-01-13,24.2,22.1,22.9,31.9,31.9,1.01,13.3,4.75,98,91,Malang,-8.1583,112.6033
2021-01-14,25.5,21.9,23.4,16.1,16.1,2.38,16.4,13.19,100,84,Malang,-8.1583,112.6033
2021-01-15,25.8,21.9,23.2,10.5,10.5,2.08,12.2,10.94,100,84,Malang,-8.1583,112.6033
2021-01-16,24.4,22.0,22.8,17.1,17.1,1.28,15.5,6.61,99,92,Malang,-8.1583,112.6033
2021-01-17,26.5,21.1,23.6,7.3,7.3,2.59,12.2,13.1,97,76,Malang,-8.1583,112.6033
2021-01-18,27.2,21.0,23.6,18.3,18.3,2.94,18.5,15.58,98,71,Malang,-8.1583,112.6033
2021-01-19,27.5,22.0,24.3,2.6,2.6,2.61,12.9,11.95,98,69,Malang,-8.1583,112.6033
2021-01-20,27.5,21.0,24.0,0.5,0.5,2.68,8.7,12.88,100,67,Malang,-8.1583,112.6033
2021-01-21,27.9,21.6,24.4,2.3,2.3,4.03,15.8,20.88,98,69,Malang,-8.1583,112.6033
2021-01-22,26.6,21.7,23.8,8.1,8.1,2.94,16.1,16.12,98,78,Malang,-8.1583,112.6033
2021-01-23,27.6,21.0,23.9,1.9,1.9,3.45,14.2,17.8,97,67,Malang,-8.1583,112.6033
2021-01-24,27.1,21.0,24.0,1.7,1.7,3.46,14.8,17.44,98,69,Malang,-8.1583,112.6033
2021-01-25,26.8,20.5,23.0,29.0,29.0,2.68,14.3,13.98,97,76,Malang,-8.1583,112.6033
2021-01-26,27.5,20.2,23.3,16.5,16.5,3.49,20.2,19.08,100,71,Malang,-8.1583,112.6033
2021-01-27,25.5,21.8,23.1,19.2,19.2,1.85,16.5,9.58,98,82,Malang,-8.1583,112.6033
2021-01-28,26.6,22.0,23.8,6.9,6.9,3.03,19.3,15.78,96,72,Malang,-8.1583,112.6033
2021-01-29,27.2,21.7,24.1,5.7,5.7,3.2,21.6,15.68,94,70,Malang,-8.1583,112.6033
2021-01-30,27.8,20.9,23.7,5.1,5.1,2.84,18.2,13.67,98,68,Malang,-8.1583,112.6033
2021-01-31,28.0,21.0,24.0,1.1,1.1,3.85,17.5,19.68,97,66,Malang,-8.1583,112.6033
2021-02-01,28.1,21.0,24.2,3.7,3.7,4.05,22.1,21.46,96,65,Malang,-8.1583,112.6033
2021-02-02,28.1,21.5,24.1,8.1,8.1,3.37,20.1,17.51,97,68,Malang,-8.1583,112.6033
2021-02-03,27.7,21.5,23.7,20.1,20.1,3.04,24.2,16.0,98,69,Malang,-8.1583,112.6033
2021-02-04,28.7,21.6,24.5,5.1,5.1,4.11,16.3,20.74,95,66,Malang,-8.1583,112.6033
2021-02-05,27.7,21.6,24.1,3.2,3.2,2.87,17.3,14.35,99,71,Malang,-8.1583,112.6033
2021-02-06,28.0,22.0,24.2,10.3,10.3,2.8,15.7,13.76,99,71,Malang,-8.1583,112.6033
2021-02-07,28.9,21.5,24.7,4.1,4.1,4.11,15.3,20.33,97,66,Malang,-8.1583,112.6033
2021-02-08,28.4,21.8,24.6,15.8,15.8,3.43,12.7,16.76,97,70,Malang,-8.1583,112.6033
2021-02-09,27.9,21.0,23.8,18.3,18.3,3.15,18.2,16.58,97,77,Malang,-8.1583,112.6033
2021-02-10,25.9,21.9,23.5,6.2,6.2,1.92,15.6,9.66,99,81,Malang,-8.1583,112.6033
2021-02-11,26.6,20.8,23.5,9.7,9.7,2.89,16.0,16.08,100,82,Malang,-8.1583,112.6033
2021-02-12,26.3,21.8,23.6,25.5,25.5,2.62,13.4,14.2,98,84,Malang,-8.1583,112.6033
2021-02-13,27.5,21.9,23.7,15.7,15.7,3.13,15.1,16.3,98,73,Malang,-8.1583,112.6033
2021-02-14,28.2,21.0,23.6,13.6,13.6,3.3,16.6,17.24,98,72,Malang,-8.1583,112.6033
2021-02-15,28.0,21.2,24.1,10.7,10.7,3.88,16.6,20.33,100,72,Malang,-8.1583,112.6033
2021-02-16,28.5,21.4,24.3,10.1,10.1,4.16,16.0,21.87,99,66,Malang,-8.1583,112.6033
2021-02-17,27.9,21.0,23.5,18.0,18.0,3.23,17.8,17.42,100,74,Malang,-8.1583,112.6033
2021-02-18,28.4,20.1,23.8,13.9,13.9,4.18,19.4,22.13,99,64,Malang,-8.1583,112.6033
2021-02-19,27.0,21.7,23.8,19.3,19.3,2.56,13.9,12.61,99,77,Malang,-8.1583,112.6033
2021-02-20,27.6,21.8,24.1,20.9,20.9,3.26,14.8,16.52,100,72,Malang,-8.1583,112.6033
2021-02-21,28.4,21.2,23.9,5.7,5.7,3.64,13.0,18.48,100,67,Malang,-8.1583,112.6033
2021-02-22,27.3,20.9,23.7,3.6,3.6,3.5,15.4,18.85,100,74,Malang,-8.1583,112.6033
2021-02-23,27.0,21.9,23.4,13.5,13.5,2.61,18.7,13.57,98,75,Malang,-8.1583,112.6033
2021-02-24,26.5,21.9,23.6,12.6,12.6,2.5,21.6,12.64,97,75,Malang,-8.1583,112.6033
2021-02-25,28.0,21.7,24.1,8.0,8.0,3.86,18.8,20.02,97,73,Malang,-8.1583,112.6033
2021-02-26,29.0,20.4,23.9,10.0,10.0,3.52,15.0,17.94,98,68,Malang,-8.1583,112.6033
2021-02-27,27.5,21.8,23.7,24.9,24.9,2.94,11.0,15.06,99,72,Malang,-8.1583,112.6033
2021-02-28,26.9,21.2,23.7,1.0,1.0,3.57,14.9,18.12,100,68,Malang,-8.1583,112.6033
2021-03-01,27.7,20.1,24.1,0.2,0.2,4.02,16.1,20.4,96,65,Malang,-8.1583,112.6033
2021-03-02,29.5,21.1,24.4,5.7,5.7,4.51,15.1,22.65,98,60,Malang,-8.1583,112.6033
2021-03-03,28.7,20.5,24.2,4.8,4.8,3.85,8.3,19.36,98,65,Malang,-8.1583,112.6033
2021-03-04,27.6,21.3,23.8,4.5,4.5,3.45,13.9,17.91,98,68,Malang,-8.1583,112.6033
2021-03-05,27.4,21.1,23.2,3.0,3.0,2.88,12.0,14.13,99,68,Malang,-8.1583,112.6033
2021-03-06,27.5,20.6,23.6,7.7,7.7,3.57,11.2,18.61,99,71,Malang,-8.1583,112.6033
2021-03-07,27.2,21.6,23.4,18.2,18.2,2.69,10.5,13.93,98,76,Malang,-8.1583,112.6033
2021-03-08,27.1,20.9,23.4,17.0,17.0,3.25,13.1,16.82,99,72,Malang,-8.1583,112.6033
2021-03-09,27.1,20.8,23.6,9.6,9.6,2.84,13.7,14.46,98,71,Malang,-8.1583,112.6033
2021-03-10,27.5,21.4,23.8,1.0,1.0,3.12,7.8,15.6,100,69,Malang,-8.1583,112.6033
2021-03-11,27.6,20.6,23.9,7.2,7.2,3.41,14.5,17.67,100,73,Malang,-8.1583,112.6033
2021-03-12,28.5,20.9,23.9,3.0,3.0,3.61,12.5,18.58,100,65,Malang,-8.1583,112.6033
2021-03-13,26.9,21.0,23.4,12.2,12.2,3.35,15.4,18.53,98,74,Malang,-8.1583,112.6033
2021-03-14,27.7,20.5,23.8,10.1,10.1,3.62,12.7,18.82,97,71,Malang,-8.1583,112.6033
2021-03-15,27.6,20.9,23.8,13.9,13.9,3.62,10.0,18.58,98,70,Malang,-8.1583,112.6033
2021-03-16,28.2,20.6,23.8,13.4,13.4,3.5,8.4,17.67,98,68,Malang,-8.1583,112.6033
2021-03-17,27.9,21.1,23.9,8.1,8.1,3.57,10.8,18.62,100,70,Malang,-8.1583,112.6033
2021-03-18,28.6,21.1,23.8,41.7,41.7,3.77,11.4,19.52,98,71,Malang,-8.1583,112.6033
2021-03-19,28.6,20.5,23.7,9.1,9.1,3.91,19.2,21.38,100,70,Malang,-8.1583,112.6033
2021-03-20,26.6,21.6,23.6,10.3,10.3,2.94,15.5,16.59,99,85,Malang,-8.1583,112.6033
2021-03-21,28.1,21.1,24.4,2.6,2.6,4.36,16.7,23.03,98,69,Malang,-8.1583,112.6033
2021-03-22,27.9,22.1,24.5,4.4,4.4,3.63,14.5,18.49,95,70,Malang,-8.1583,112.6033
2021-03-23,27.5,22.3,24.2,13.9,13.9,3.22,13.8,16.84,98,76,Malang,-8.1583,112.6033
2021-03-24,28.2,22.3,24.5,1.8,1.8,3.91,12.4,19.87,99,67,Malang,-8.1583,112.6033
2021-03-25,28.1,22.0,24.2,36.7,36.7,3.16,11.0,16.26,97,80,Malang,-8.1583,112.6033
2021-03-26,28.4,21.7,24.4,21.5,21.5,3.3,12.4,17.31,98,82,Malang,-8.1583,112.6033
2021-03-27,28.4,22.2,24.5,6.9,6.9,3.5,13.7,18.06,100,77,Malang,-8.1583,112.6033
2021-03-28,28.1,20.4,24.2,1.3,1.3,4.12,16.4,21.83,100,71,Malang,-8.1583,112.6033
2021-03-29,28.8,21.3,24.7,0.9,0.9,3.85,13.2,19.68,99,72,Malang,-8.1583,112.6033
2021-03-30,27.4,21.8,24.1,4.9,4.9,3.07,13.2,15.39,100,73,Malang,-8.1583,112.6033
2021-03-31,28.1,22.0,24.5,4.0,4.0,3.81,15.9,20.03,100,71,Malang,-8.1583,112.6033
2021-04-01,28.8,20.5,24.0,48.2,48.2,3.52,11.0,17.73,99,70,Malang,-8.1583,112.6033
2021-04-02,27.5,21.6,24.2,15.3,15.3,2.28,8.0,11.01,99,75,Malang,-8.1583,112.6033
2021-04-03,29.0,21.4,24.4,12.1,12.1,3.9,13.2,20.32,100,71,Malang,-8.1583,112.6033
2021-04-04,28.5,21.2,24.6,7.7,7.7,3.73,11.7,18.98,99,70,Malang,-8.1583,112.6033
2021-04-05,28.8,22.2,25.1,3.2,3.2,4.0,11.4,19.93,97,65,Malang,-8.1583,112.6033
2021-04-06,28.4,22.4,24.7,17.8,17.8,2.85,11.9,14.14,100,71,Malang,-8.1583,112.6033
2021-04-07,28.6,22.3,24.4,3.2,3.2,2.95,16.2,14.64,99,64,Malang,-8.1583,112.6033
2021-04-08,29.1,21.6,24.9,0.2,0.2,4.17,16.2,20.91,93,65,Malang,-8.1583,112.6033
2021-04-09,29.6,21.0,24.8,2.0,2.0,4.19,10.7,21.14,97,63,Malang,-8.1583,112.6033
2021-04-10,28.7,21.7,24.5,11.5,11.5,3.83,9.3,19.6,97,73,Malang,-8.1583,112.6033
2021-04-11,28.4,21.4,24.3,0.8,0.8,4.04,13.7,20.92,100,70,Malang,-8.1583,112.6033
2021-04-12,28.1,21.6,24.4,1.4,1.4,4.02,11.8,21.24,100,70,Malang,-8.1583,112.6033
2021-04-13,26.9,21.2,23.7,7.5,7.5,3.13,13.1,17.14,100,82,Malang,-8.1583,112.6033
2021-04-14,28.5,21.2,24.0,4.1,4.1,3.93,8.2,20.23,100,63,Malang,-8.1583,112.6033
2021-04-15,28.1,19.2,23.7,3.9,3.9,3.81,13.8,19.99,97,67,Malang,-8.1583,112.6033
2021-04-16,28.8,20.0,24.0,0.2,0.2,4.5,17.9,23.64,100,61,Malang,-8.1583,112.6033
2021-04-17,28.3,20.0,24.0,0.0,0.0,4.32,18.3,22.55,97,64,Malang,-8.1583,112.6033
2021-04-18,27.1,20.6,23.4,9.4,9.4,3.09,12.6,16.45,98,79,Malang,-8.1583,112.6033
2021-04-19,27.9,21.3,23.9,0.0,0.0,4.59,20.7,24.53,98,64,Malang,-8.1583,112.6033
2021-04-20,27.5,18.2,22.8,0.0,0.0,4.8,18.1,25.37,94,54,Malang,-8.1583,112.6033
2021-04-21,27.6,17.4,22.5,0.0,0.0,4.62,18.4,24.54,91,62,Malang,-8.1583,112.6033
2021-04-22,27.6,18.2,22.8,0.0,0.0,4.67,17.5,24.75,94,62,Malang,-8.1583,112.6033
2021-04-23,27.4,17.5,22.5,0.0,0.0,4.24,14.5,22.45,95,65,Malang,-8.1583,112.6033
2021-04-24,28.0,17.7,23.1,0.5,0.5,4.33,14.2,22.67,100,62,Malang,-8.1583,112.6033
2021-04-25,28.3,20.6,24.0,3.4,3.4,3.86,10.2,19.43,97,68,Malang,-8.1583,112.6033
2021-04-26,28.7,21.2,24.3,1.3,1.3,4.25,13.9,21.05,95,61,Malang,-8.1583,112.6033
2021-04-27,28.0,22.0,24.2,0.0,0.0,4.44,20.6,22.67,95,63,Malang,-8.1583,112.6033
2021-04-28,26.3,21.4,23.6,1.8,1.8,3.62,17.6,19.4,94,73,Malang,-8.1583,112.6033
2021-04-29,28.4,21.0,24.2,1.2,1.2,3.64,7.1,18.45,94,61,Malang,-8.1583,112.6033
2021-04-30,27.7,21.3,24.2,3.6,3.6,3.43,12.2,18.01,98,76,Malang,-8.1583,112.6033
2021-05-01,29.1,20.5,24.5,0.9,0.9,4.05,9.0,20.2,99,62,Malang,-8.1583,112.6033
2021-05-02,29.5,20.7,24.3,3.1,3.1,3.77,8.2,18.77,96,65,Malang,-8.1583,112.6033
2021-05-03,29.2,20.9,24.6,0.0,0.0,4.17,9.2,20.83,96,59,Malang,-8.1583,112.6033
2021-05-04,29.0,20.2,24.4,2.4,2.4,3.89,9.5,19.44,96,62,Malang,-8.1583,112.6033
2021-05-05,28.9,21.0,24.6,1.2,1.2,3.81,13.2,18.97,99,63,Malang,-8.1583,112.6033
2021-05-06,29.0,20.5,24.4,1.6,1.6,3.67,12.7,18.28,99,63,Malang,-8.1583,112.6033
2021-05-07,28.0,21.9,24.4,2.1,2.1,3.36,15.3,17.13,98,70,Malang,-8.1583,112.6033
2021-05-08,27.9,21.0,23.8,0.0,0.0,4.12,15.1,21.22,98,61,Malang,-8.1583,112.6033
2021-05-09,28.5,19.5,23.7,0.0,0.0,4.13,19.7,20.88,99,57,Malang,-8.1583,112.6033
2021-05-10,28.8,22.4,24.5,1.0,1.0,3.53,21.4,17.46,96,63,Malang,-8.1583,112.6033
2021-05-11,29.0,21.7,24.8,0.3,0.3,3.78,21.7,18.33,97,64,Malang,-8.1583,112.6033
2021-05-12,28.2,22.6,24.5,1.7,1.7,3.53,22.4,17.13,94,65,Malang,-8.1583,112.6033
2021-05-13,29.2,21.2,24.8,0.9,0.9,4.16,14.7,19.78,96,58,Malang,-8.1583,112.6033
2021-05-14,29.1,21.2,24.6,1.0,1.0,4.17,20.6,20.65,97,61,Malang,-8.1583,112.6033
2021-05-15,29.1,22.0,24.7,1.4,1.4,4.14,22.6,20.53,96,60,Malang,-8.1583,112.6033
2021-05-16,28.4,22.0,24.6,0.0,0.0,4.04,20.0,19.7,93,61,Malang,-8.1583,112.6033
2021-05-17,29.5,20.8,24.4,0.7,0.7,3.94,17.6,19.36,97,56,Malang,-8.1583,112.6033
2021-05-18,29.3,20.2,24.5,0.6,0.6,4.21,17.9,20.64,99,58,Malang,-8.1583,112.6033
2021-05-19,28.6,20.9,24.6,0.8,0.8,3.58,14.2,17.24,97,59,Malang,-8.1583,112.6033
2021-05-20,29.6,21.3,24.9,0.7,0.7,3.89,15.2,18.28,97,59,Malang,-8.1583,112.6033
2021-05-21,29.6,22.2,25.1,0.4,0.4,4.16,16.6,19.97,97,55,Malang,-8.1583,112.6033
2021-05-22,29.6,21.3,25.1,0.9,0.9,4.05,13.8,19.21,97,55,Malang,-8.1583,112.6033
2021-05-23,28.9,21.2,24.7,3.7,3.7,3.03,8.0,14.88,100,64,Malang,-8.1583,112.6033
2021-05-24,29.2,21.8,24.7,3.8,3.8,3.35,15.5,16.55,98,66,Malang,-8.1583,112.6033
2021-05-25,27.5,21.5,23.8,1.2,1.2,1.74,8.3,7.78,98,67,Malang,-8.1583,112.6033
2021-05-26,30.7,20.4,25.1,0.0,0.0,4.23,10.0,20.26,98,50,Malang,-8.1583,112.6033
2021-05-27,31.5,20.9,25.6,0.0,0.0,4.56,11.2,21.28,97,45,Malang,-8.1583,112.6033
2021-05-28,29.5,22.0,24.9,6.4,6.4,3.23,10.8,16.01,100,61,Malang,-8.1583,112.6033
2021-05-29,30.0,21.9,24.8,11.9,11.9,3.32,14.0,16.08,100,66,Malang,-8.1583,112.6033
2021-05-30,28.4,22.2,24.6,1.6,1.6,3.46,15.0,17.4,99,69,Malang,-8.1583,112.6033
2021-05-31,28.4,21.5,24.1,1.4,1.4,3.33,14.7,16.69,99,64,Malang,-8.1583,112.6033
2021-06-01,29.5,20.9,24.2,0.3,0.3,3.8,15.9,19.27,100,59,Malang,-8.1583,112.6033
2021-06-02,30.5,20.4,24.9,0.0,0.0,4.06,7.3,20.17,99,54,Malang,-8.1583,112.6033
2021-06-03,31.0,20.2,25.2,0.0,0.0,4.38,10.5,21.5,99,46,Malang,-8.1583,112.6033
2021-06-04,31.0,21.0,25.4,0.0,0.0,4.3,13.6,20.62,98,49,Malang,-8.1583,112.6033
2021-06-05,30.2,21.7,25.5,1.5,1.5,3.87,9.2,18.82,98,55,Malang,-8.1583,112.6033
2021-06-06,30.2,21.6,24.9,2.2,2.2,3.73,13.9,18.18,98,53,Malang,-8.1583,112.6033
2021-06-07,30.0,21.2,24.5,0.0,0.0,3.86,16.7,18.48,100,51,Malang,-8.1583,112.6033
2021-06-08,30.5,20.9,24.8,0.5,0.5,4.12,15.3,19.7,100,50,Malang,-8.1583,112.6033
2021-06-09,30.5,21.7,25.3,6.3,6.3,3.76,15.1,17.63,98,48,Malang,-8.1583,112.6033
2021-06-10,28.5,21.1,24.2,30.6,30.6,3.48,14.4,17.62,96,64,Malang,-8.1583,112.6033
2021-06-11,28.0,20.7,24.0,1.7,1.7,3.32,16.6,16.62,98,63,Malang,-8.1583,112.6033
2021-06-12,28.0,20.6,23.9,1.5,1.5,3.35,14.1,16.69,99,65,Malang,-8.1583,112.6033
2021-06-13,29.0,19.7,24.1,0.1,0.1,3.8,14.1,18.89,98,58,Malang,-8.1583,112.6033
2021-06-14,28.3,20.3,23.7,2.2,2.2,3.14,10.9,16.02,98,60,Malang,-8.1583,112.6033
2021-06-15,29.5,20.5,24.1,3.1,3.1,3.21,10.1,15.84,98,63,Malang,-8.1583,112.6033
2021-06-16,30.0,20.5,24.4,18.3,18.3,3.71,11.6,18.18,98,58,Malang,-8.1583,112.6033
2021-06-17,27.5,22.0,23.8,36.4,36.4,2.27,10.2,11.21,99,72,Malang,-8.1583,112.6033
2021-06-18,27.0,20.8,23.4,7.7,7.7,2.79,13.3,14.99,98,72,Malang,-8.1583,112.6033
2021-06-19,27.7,20.6,23.4,12.4,12.4,2.92,7.2,14.88,100,67,Malang,-8.1583,112.6033
2021-06-20,28.4,20.5,23.8,0.3,0.3,3.3,11.0,16.79,100,63,Malang,-8.1583,112.6033
2021-06-21,26.9,21.6,23.2,45.2,45.2,2.31,8.1,11.94,98,78,Malang,-8.1583,112.6033
2021-06-22,26.8,21.2,23.6,5.9,5.9,2.92,16.6,15.4,99,73,Malang,-8.1583,112.6033
2021-06-23,27.1,21.0,23.4,37.8,37.8,2.53,10.7,12.96,100,71,Malang,-8.1583,112.6033
2021-06-24,27.6,21.5,23.5,47.1,47.1,2.32,9.7,11.41,100,68,Malang,-8.1583,112.6033
2021-06-25,27.3,20.8,23.5,1.1,1.1,2.73,11.8,13.91,100,71,Malang,-8.1583,112.6033
2021-06-26,28.5,20.2,23.7,1.8,1.8,3.38,10.7,17.29,99,60,Malang,-8.1583,112.6033
2021-06-27,28.8,20.1,24.1,2.0,2.0,3.49,11.8,17.91,98,64,Malang,-8.1583,112.6033
2021-06-28,27.8,21.2,23.7,3.3,3.3,2.82,10.7,14.29,99,69,Malang,-8.1583,112.6033
2021-06-29,27.9,19.8,23.6,1.6,1.6,3.36,13.2,17.19,100,68,Malang,-8.1583,112.6033
2021-06-30,28.8,19.2,23.8,0.0,0.0,3.81,15.5,19.12,97,53,Malang,-8.1583,112.6033
2021-07-01,27.5,20.7,23.6,0.0,0.0,3.83,17.8,20.29,97,65,Malang,-8.1583,112.6033
2021-07-02,27.6,19.1,23.4,0.0,0.0,3.78,14.8,19.69,98,64,Malang,-8.1583,112.6033
2021-07-03,26.6,21.2,23.3,1.0,1.0,3.24,19.6,17.47,98,70,Malang,-8.1583,112.6033
2021-07-04,26.5,19.6,22.8,0.1,0.1,3.55,22.2,19.57,96,69,Malang,-8.1583,112.6033
2021-07-05,26.2,20.0,22.5,0.0,0.0,3.99,23.5,21.51,97,66,Malang,-8.1583,112.6033
2021-07-06,25.9,19.2,22.2,0.0,0.0,4.08,17.1,20.56,96,60,Malang,-8.1583,112.6033
2021-07-07,26.8,17.3,22.2,0.0,0.0,3.44,17.4,17.59,97,63,Malang,-8.1583,112.6033
2021-07-08,26.8,20.0,23.3,0.0,0.0,2.41,14.6,11.57,98,68,Malang,-8.1583,112.6033
2021-07-09,28.0,20.0,23.6,6.8,6.8,2.89,9.1,14.44,98,64,Malang,-8.1583,112.6033
2021-07-10,28.0,20.5,24.1,0.6,0.6,3.22,9.9,16.06,96,66,Malang,-8.1583,112.6033
2021-07-11,29.8,21.0,24.6,0.0,0.0,4.19,14.0,19.95,96,47,Malang,-8.1583,112.6033
2021-07-12,29.5,20.9,24.2,0.5,0.5,3.84,17.1,19.08,100,54,Malang,-8.1583,112.6033
2021-07-13,27.5,21.0,23.5,0.0,0.0,3.42,21.0,17.48,98,64,Malang,-8.1583,112.6033
2021-07-14,26.9,20.5,23.2,0.0,0.0,3.94,27.1,20.42,98,62,Malang,-8.1583,112.6033
2021-07-15,26.0,20.5,22.9,0.0,0.0,4.08,30.9,20.64,95,62,Malang,-8.1583,112.6033
2021-07-16,26.4,20.5,22.9,0.0,0.0,3.25,24.4,14.66,94,62,Malang,-8.1583,112.6033
2021-07-17,27.8,19.8,23.0,0.6,0.6,3.55,22.4,17.53,96,60,Malang,-8.1583,112.6033
2021-07-18,27.4,18.9,22.9,0.2,0.2,3.66,21.7,18.6,95,61,Malang,-8.1583,112.6033
2021-07-19,29.0,19.5,23.7,0.1,0.1,4.05,16.9,20.44,98,56,Malang,-8.1583,112.6033
2021-07-20,30.1,21.3,24.5,0.5,0.5,3.99,13.1,19.49,98,45,Malang,-8.1583,112.6033
2021-07-21,28.0,20.5,23.7,0.0,0.0,4.21,19.5,21.27,100,57,Malang,-8.1583,112.6033
2021-07-22,28.9,19.2,23.3,0.1,0.1,3.59,19.7,17.0,100,53,Malang,-8.1583,112.6033
2021-07-23,26.5,21.0,23.4,1.2,1.2,3.08,23.2,15.42,97,70,Malang,-8.1583,112.6033
2021-07-24,28.5,19.9,23.1,0.0,0.0,4.36,18.4,22.36,96,54,Malang,-8.1583,112.6033
2021-07-25,27.5,17.7,22.0,0.0,0.0,4.29,20.7,22.45,99,58,Malang,-8.1583,112.6033
2021-07-26,29.5,14.9,21.9,0.0,0.0,4.54,16.7,22.71,98,47,Malang,-8.1583,112.6033
2021-07-27,28.1,17.0,22.2,0.0,0.0,4.37,17.4,22.53,100,55,Malang,-8.1583,112.6033
2021-07-28,27.1,20.1,22.9,0.0,0.0,3.4,19.4,16.89,99,62,Malang,-8.1583,112.6033
2021-07-29,28.4,19.6,23.3,0.0,0.0,3.96,22.3,19.61,98,57,Malang,-8.1583,112.6033
2021-07-30,27.6,21.1,23.6,2.3,2.3,3.27,20.7,16.44,98,65,Malang,-8.1583,112.6033
2021-07-31,27.4,21.2,23.5,0.7,0.7,3.49,22.9,17.76,97,66,Malang,-8.1583,112.6033
2021-08-01,26.1,21.0,23.1,0.1,0.1,3.38,23.0,17.95,96,71,Malang,-8.1583,112.6033
2021-08-02,26.0,20.6,22.7,1.7,1.7,2.88,23.8,15.63,98,71,Malang,-8.1583,112.6033
2021-08-03,25.7,21.2,22.7,15.1,15.1,2.05,25.9,11.49,98,78,Malang,-8.1583,112.6033
2021-08-04,27.5,21.4,23.7,1.1,1.1,3.27,23.9,17.17,99,68,Malang,-8.1583,112.6033
2021-08-05,29.5,21.1,24.1,1.9,1.9,3.93,16.6,19.65,97,53,Malang,-8.1583,112.6033
2021-08-06,30.2,19.9,24.4,0.0,0.0,4.36,14.3,21.38,99,52,Malang,-8.1583,112.6033
2021-08-07,30.4,20.9,24.5,3.1,3.1,4.26,13.4,20.94,96,47,Malang,-8.1583,112.6033
2021-08-08,28.8,20.4,24.2,1.3,1.3,4.09,16.6,20.59,97,63,Malang,-8.1583,112.6033
2021-08-09,28.5,20.4,24.1,1.8,1.8,3.76,17.9,18.84,100,63,Malang,-8.1583,112.6033
2021-08-10,27.4,21.0,23.3,0.0,0.0,4.08,24.5,21.36,99,64,Malang,-8.1583,112.6033
2021-08-11,27.0,20.0,22.8,0.0,0.0,4.3,28.0,22.36,95,60,Malang,-8.1583,112.6033
2021-08-12,26.4,20.5,22.9,2.9,2.9,3.33,29.5,18.32,95,70,Malang,-8.1583,112.6033
2021-08-13,27.6,20.5,23.5,10.4,10.4,3.18,18.7,15.81,96,64,Malang,-8.1583,112.6033
2021-08-14,28.0,21.2,23.9,9.8,9.8,3.86,18.4,20.21,96,66,Malang,-8.1583,112.6033
2021-08-15,28.8,20.8,24.0,2.3,2.3,4.13,16.4,21.34,98,60,Malang,-8.1583,112.6033
2021-08-16,27.0,21.2,23.4,0.0,0.0,4.1,26.8,22.41,95,70,Malang,-8.1583,112.6033
2021-08-17,27.4,20.5,23.4,0.0,0.0,3.89,21.4,20.41,98,66,Malang,-8.1583,112.6033
2021-08-18,27.0,21.0,23.5,1.3,1.3,3.66,21.0,19.39,98,69,Malang,-8.1583,112.6033
2021-08-19,26.5,21.1,23.2,0.1,0.1,4.19,18.7,21.63,93,62,Malang,-8.1583,112.6033
2021-08-20,26.8,21.0,23.1,5.5,5.5,3.13,19.5,16.54,94,70,Malang,-8.1583,112.6033
2021-08-21,27.1,20.9,23.2,1.1,1.1,3.38,18.4,17.79,97,71,Malang,-8.1583,112.6033
2021-08-22,27.3,20.5,23.2,0.0,0.0,4.09,22.8,22.06,98,66,Malang,-8.1583,112.6033
2021-08-23,27.5,20.1,22.9,0.0,0.0,4.27,21.9,22.45,97,55,Malang,-8.1583,112.6033
2021-08-24,26.8,19.8,22.7,0.0,0.0,4.12,21.3,21.86,98,61,Malang,-8.1583,112.6033
2021-08-25,26.5,20.3,22.8,0.0,0.0,3.74,22.2,19.58,98,65,Malang,-8.1583,112.6033
2021-08-26,26.6,19.6,22.5,0.0,0.0,4.41,20.8,23.52,98,56,Malang,-8.1583,112.6033
2021-08-27,26.8,17.8,22.3,0.5,0.5,3.64,21.7,18.53,97,60,Malang,-8.1583,112.6033
2021-08-28,27.2,20.0,23.0,0.0,0.0,4.01,25.7,20.64,96,64,Malang,-8.1583,112.6033
2021-08-29,27.9,20.0,23.4,1.3,1.3,3.91,21.7,19.94,100,62,Malang,-8.1583,112.6033
2021-08-30,28.8,21.1,24.0,0.7,0.7,4.31,24.5,21.24,96,62,Malang,-8.1583,112.6033
2021-08-31,29.0,21.2,24.0,0.6,0.6,3.91,19.6,19.0,95,58,Malang,-8.1583,112.6033
2021-09-01,28.1,20.6,23.5,0.0,0.0,4.76,21.1,24.34,98,57,Malang,-8.1583,112.6033
2021-09-02,27.5,19.8,23.1,0.0,0.0,4.44,22.3,22.03,95,57,Malang,-8.1583,112.6033
2021-09-03,26.5,20.4,22.9,0.5,0.5,3.6,21.1,17.97,98,62,Malang,-8.1583,112.6033
2021-09-04,25.6,20.3,22.6,1.8,1.8,3.25,20.4,17.1,98,71,Malang,-8.1583,112.6033
2021-09-05,27.2,20.6,23.4,0.0,0.0,3.7,23.5,15.84,96,55,Malang,-8.1583,112.6033
2021-09-06,29.2,19.9,24.3,0.0,0.0,4.73,20.1,22.72,100,56,Malang,-8.1583,112.6033
2021-09-07,28.4,22.0,24.1,0.7,0.7,4.21,24.3,21.29,100,59,Malang,-8.1583,112.6033
2021-09-08,28.2,21.0,23.7,0.0,0.0,4.88,30.7,24.81,96,58,Malang,-8.1583,112.6033
2021-09-09,28.5,20.2,23.7,0.0,0.0,4.86,26.3,23.68,93,54,Malang,-8.1583,112.6033
2021-09-10,28.6,20.3,24.0,0.4,0.4,4.34,23.2,21.16,98,59,Malang,-8.1583,112.6033
2021-09-11,28.8,21.6,24.1,13.9,13.9,3.52,23.7,16.69,97,60,Malang,-8.1583,112.6033
2021-09-12,26.5,21.3,23.1,61.1,61.1,2.13,13.0,10.32,99,74,Malang,-8.1583,112.6033
2021-09-13,29.5,20.8,24.1,0.5,0.5,3.24,11.1,15.83,99,60,Malang,-8.1583,112.6033
2021-09-14,28.4,21.6,24.2,9.7,9.7,3.35,11.0,16.89,100,62,Malang,-8.1583,112.6033
2021-09-15,29.8,21.4,24.4,4.7,4.7,4.26,13.0,21.62,100,63,Malang,-8.1583,112.6033
2021-09-16,28.1,21.7,24.1,1.3,1.3,4.22,17.4,22.01,98,66,Malang,-8.1583,112.6033
2021-09-17,28.1,21.4,23.9,1.3,1.3,4.1,28.3,21.79,98,65,Malang,-8.1583,112.6033
2021-09-18,27.5,21.5,23.7,1.5,1.5,4.03,23.5,22.15,97,70,Malang,-8.1583,112.6033
2021-09-19,26.7,21.0,23.3,0.2,0.2,4.1,27.2,22.56,95,70,Malang,-8.1583,112.6033
2021-09-20,27.1,20.9,23.5,0.5,0.5,3.96,18.9,20.45,95,66,Malang,-8.1583,112.6033
2021-09-21,27.4,20.9,23.6,2.0,2.0,3.18,17.6,16.39,97,71,Malang,-8.1583,112.6033
2021-09-22,29.7,20.1,24.1,1.6,1.6,4.66,13.8,23.37,99,46,Malang,-8.1583,112.6033
2021-09-23,28.9,21.0,24.2,0.5,0.5,4.23,19.9,21.36,98,62,Malang,-8.1583,112.6033
2021-09-24,28.0,21.5,24.0,0.6,0.6,3.48,10.7,17.12,98,63,Malang,-8.1583,112.6033
2021-09-25,28.9,20.6,23.9,11.3,11.3,4.13,19.2,20.99,99,58,Malang,-8.1583,112.6033
2021-09-26,28.0,21.8,23.8,24.4,24.4,3.17,19.8,15.72,94,69,Malang,-8.1583,112.6033
2021-09-27,27.4,20.6,23.3,0.0,0.0,4.23,24.1,22.99,95,67,Malang,-8.1583,112.6033
2021-09-28,26.3,20.0,22.8,0.0,0.0,3.95,20.0,20.99,94,69,Malang,-8.1583,112.6033
2021-09-29,27.8,19.2,23.2,0.0,0.0,4.67,19.5,25.18,97,66,Malang,-8.1583,112.6033
2021-09-30,27.1,20.1,23.3,1.4,1.4,3.41,20.6,17.57,100,71,Malang,-8.1583,112.6033
2021-10-01,27.8,19.9,23.3,0.4,0.4,3.75,14.7,19.34,99,67,Malang,-8.1583,112.6033
2021-10-02,28.5,19.5,23.3,0.8,0.8,3.78,14.9,18.73,100,61,Malang,-8.1583,112.6033
2021-10-03,27.1,21.1,23.5,3.5,3.5,3.87,19.0,20.37,98,68,Malang,-8.1583,112.6033
2021-10-04,26.8,20.4,23.0,3.7,3.7,3.18,16.6,16.46,99,71,Malang,-8.1583,112.6033
2021-10-05,25.9,20.0,22.6,2.3,2.3,3.3,22.5,18.0,99,73,Malang,-8.1583,112.6033
2021-10-06,25.9,20.7,22.6,0.5,0.5,3.0,20.1,14.55,96,69,Malang,-8.1583,112.6033
2021-10-07,25.9,19.9,22.6,1.8,1.8,3.32,19.4,17.72,95,71,Malang,-8.1583,112.6033
2021-10-08,27.2,19.0,23.0,1.0,1.0,3.78,22.1,19.53,98,65,Malang,-8.1583,112.6033
2021-10-09,26.8,21.3,23.4,2.5,2.5,3.72,21.9,19.84,98,70,Malang,-8.1583,112.6033
2021-10-10,28.1,20.7,23.8,0.4,0.4,4.0,19.5,20.49,99,65,Malang,-8.1583,112.6033
2021-10-11,28.2,20.5,23.6,0.5,0.5,4.03,20.6,20.92,99,60,Malang,-8.1583,112.6033
2021-10-12,28.0,20.1,23.5,0.0,0.0,4.86,19.0,25.8,100,64,Malang,-8.1583,112.6033
2021-10-13,28.6,20.6,24.1,0.0,0.0,4.93,19.4,24.25,98,56,Malang,-8.1583,112.6033
2021-10-14,29.3,20.7,24.3,0.4,0.4,4.42,17.1,21.24,95,60,Malang,-8.1583,112.6033
2021-10-15,30.2,19.5,24.4,1.7,1.7,4.85,13.3,23.7,99,54,Malang,-8.1583,112.6033
2021-10-16,29.1,22.5,25.0,3.5,3.5,4.16,15.4,19.75,95,63,Malang,-8.1583,112.6033
2021-10-17,29.5,22.0,24.6,5.4,5.4,3.77,15.0,18.55,97,64,Malang,-8.1583,112.6033
2021-10-18,31.2,21.0,24.5,14.8,14.8,4.24,11.6,20.73,99,49,Malang,-8.1583,112.6033
2021-10-19,28.7,20.2,24.3,3.7,3.7,4.16,13.0,20.85,98,67,Malang,-8.1583,112.6033
2021-10-20,29.2,21.3,24.9,4.9,4.9,4.31,19.3,21.38,100,64,Malang,-8.1583,112.6033
2021-10-21,30.1,20.5,24.8,5.1,5.1,4.49,18.1,22.08,97,57,Malang,-8.1583,112.6033
2021-10-22,30.0,22.0,24.8,4.9,4.9,4.25,19.8,20.46,98,62,Malang,-8.1583,112.6033
2021-10-23,30.3,21.6,25.2,1.3,1.3,4.75,16.2,22.9,97,60,Malang,-8.1583,112.6033
2021-10-24,31.0,20.6,25.3,0.8,0.8,4.61,17.7,21.45,98,53,Malang,-8.1583,112.6033
2021-10-25,29.1,22.8,25.2,3.6,3.6,3.84,15.2,17.85,91,65,Malang,-8.1583,112.6033
2021-10-26,28.9,22.0,24.7,12.5,12.5,3.93,17.3,19.53,96,63,Malang,-8.1583,112.6033
2021-10-27,28.5,21.3,24.2,8.2,8.2,3.39,16.6,17.04,98,70,Malang,-8.1583,112.6033
2021-10-28,28.1,21.5,24.2,11.8,11.8,3.2,16.9,16.4,99,70,Malang,-8.1583,112.6033
2021-10-29,27.2,21.1,23.9,5.1,5.1,3.41,15.5,17.95,100,75,Malang,-8.1583,112.6033
2021-10-30,27.5,21.3,23.9,6.9,6.9,2.9,15.2,14.54,98,73,Malang,-8.1583,112.6033
2021-10-31,28.0,20.6,23.9,12.6,12.6,3.32,10.9,16.77,100,71,Malang,-8.1583,112.6033
2021-11-01,29.0,21.5,23.9,24.3,24.3,3.08,10.7,14.99,98,69,Malang,-8.1583,112.6033
2021-11-02,27.1,21.5,23.3,8.6,8.6,2.7,14.4,14.06,100,76,Malang,-8.1583,112.6033
2021-11-03,29.8,20.5,24.1,14.0,14.0,3.87,14.1,19.15,99,65,Malang,-8.1583,112.6033
2021-11-04,28.1,20.5,23.8,7.4,7.4,3.29,17.9,17.34,99,75,Malang,-8.1583,112.6033
2021-11-05,29.1,21.3,24.3,0.9,0.9,3.55,8.9,17.52,100,64,Malang,-8.1583,112.6033
2021-11-06,29.4,20.9,24.4,3.0,3.0,3.77,8.7,18.36,97,63,Malang,-8.1583,112.6033
2021-11-07,30.5,20.6,24.5,10.3,10.3,4.1,11.0,20.16,98,58,Malang,-8.1583,112.6033
2021-11-08,29.2,21.4,23.8,16.8,16.8,3.19,10.8,16.19,99,71,Malang,-8.1583,112.6033
2021-11-09,29.0,21.6,24.5,7.4,7.4,3.37,11.6,16.91,100,75,Malang,-8.1583,112.6033
2021-11-10,26.8,22.1,23.6,20.5,20.5,2.64,15.3,13.86,99,79,Malang,-8.1583,112.6033
2021-11-11,25.4,21.6,22.9,16.9,16.9,1.6,16.2,8.19,100,84,Malang,-8.1583,112.6033
2021-11-12,26.9,21.5,23.6,5.1,5.1,2.73,13.7,13.86,100,79,Malang,-8.1583,112.6033
2021-11-13,27.2,21.4,23.6,58.8,58.8,2.62,11.3,13.22,99,76,Malang,-8.1583,112.6033
2021-11-14,25.8,21.2,23.4,16.2,16.2,2.1,9.9,10.36,98,83,Malang,-8.1583,112.6033
2021-11-15,27.4,21.2,23.3,21.6,21.6,2.58,11.0,12.48,100,69,Malang,-8.1583,112.6033
2021-11-16,28.0,20.8,23.7,14.0,14.0,3.2,8.0,16.35,99,75,Malang,-8.1583,112.6033
2021-11-17,28.7,21.1,24.3,7.9,7.9,3.5,8.8,17.44,99,66,Malang,-8.1583,112.6033
2021-11-18,28.2,20.5,24.0,5.7,5.7,3.8,10.3,19.38,98,69,Malang,-8.1583,112.6033
2021-11-19,28.2,21.0,24.0,18.3,18.3,3.76,10.5,19.53,99,71,Malang,-8.1583,112.6033
2021-11-20,25.1,21.5,22.9,18.7,18.7,1.29,6.1,5.95,99,82,Malang,-8.1583,112.6033
2021-11-21,28.5,21.0,23.7,11.4,11.4,3.45,9.0,17.67,100,72,Malang,-8.1583,112.6033
2021-11-22,29.2,21.2,24.7,2.9,2.9,3.88,9.7,19.55,98,64,Malang,-8.1583,112.6033
2021-11-23,28.0,21.6,23.8,21.2,21.2,2.73,10.5,13.65,100,76,Malang,-8.1583,112.6033
2021-11-24,28.0,21.1,24.0,3.1,3.1,3.71,13.8,19.46,100,74,Malang,-8.1583,112.6033
2021-11-25,27.1,22.1,23.9,13.0,13.0,3.12,14.6,16.55,99,77,Malang,-8.1583,112.6033
2021-11-26,26.9,21.5,23.6,28.0,28.0,2.55,13.9,13.39,99,76,Malang,-8.1583,112.6033
2021-11-27,27.1,21.7,23.8,16.9,16.9,3.07,10.5,16.15,99,76,Malang,-8.1583,112.6033
2021-11-28,25.2,21.8,23.1,14.9,14.9,1.81,12.6,8.62,98,78,Malang,-8.1583,112.6033
2021-11-29,26.8,21.0,23.1,9.0,9.0,2.94,13.8,15.43,97,75,Malang,-8.1583,112.6033
2021-11-30,27.8,19.8,23.0,19.7,19.7,3.38,13.3,17.89,100,74,Malang,-8.1583,112.6033
2021-12-01,25.0,21.1,22.6,37.8,37.8,1.7,14.0,8.85,99,85,Malang,-8.1583,112.6033
2021-12-02,27.6,22.0,24.1,16.1,16.1,3.38,15.0,17.68,98,76,Malang,-8.1583,112.6033
2021-12-03,26.7,21.7,23.6,12.3,12.3,2.42,18.3,12.41,98,75,Malang,-8.1583,112.6033
2021-12-04,26.5,22.0,23.5,47.4,47.4,1.99,12.9,10.08,98,82,Malang,-8.1583,112.6033
2021-12-05,27.1,21.9,23.4,55.6,55.6,2.47,17.9,12.7,98,76,Malang,-8.1583,112.6033
2021-12-06,26.5,21.5,23.5,7.8,7.8,2.25,15.8,11.58,100,80,Malang,-8.1583,112.6033
2021-12-07,30.1,21.0,24.1,13.9,13.9,3.55,10.5,17.39,98,61,Malang,-8.1583,112.6033
2021-12-08,29.9,21.3,24.2,13.1,13.1,3.56,10.6,17.87,98,68,Malang,-8.1583,112.6033
2021-12-09,28.0,20.6,24.3,2.3,2.3,4.15,15.5,21.57,99,69,Malang,-8.1583,112.6033
2021-12-10,28.7,21.6,24.4,1.6,1.6,4.29,15.5,22.69,98,71,Malang,-8.1583,112.6033
2021-12-11,27.4,20.9,24.1,7.5,7.5,3.81,15.0,20.4,98,75,Malang,-8.1583,112.6033
2021-12-12,27.2,21.0,23.6,20.1,20.1,3.26,15.6,17.27,98,74,Malang,-8.1583,112.6033
2021-12-13,28.5,20.8,24.6,1.0,1.0,4.53,20.6,23.74,98,68,Malang,-8.1583,112.6033
2021-12-14,27.3,21.4,24.2,4.6,4.6,2.86,12.8,14.54,97,77,Malang,-8.1583,112.6033
2021-12-15,26.4,22.0,23.5,39.6,39.6,2.15,12.6,11.03,99,81,Malang,-8.1583,112.6033
2021-12-16,26.8,21.6,23.9,25.2,25.2,2.78,9.7,14.29,100,84,Malang,-8.1583,112.6033
2021-12-17,28.5,22.3,24.4,22.0,22.0,3.24,8.9,16.21,99,69,Malang,-8.1583,112.6033
2021-12-18,28.5,21.4,23.7,13.0,13.0,2.97,8.6,15.13,98,76,Malang,-8.1583,112.6033
2021-12-19,29.4,21.4,24.3,17.6,17.6,3.35,11.8,16.57,100,71,Malang,-8.1583,112.6033
2021-12-20,27.2,21.7,23.6,25.7,25.7,2.66,8.4,13.13,99,81,Malang,-8.1583,112.6033
2021-12-21,28.0,21.5,24.6,9.0,9.0,3.28,10.9,16.36,97,74,Malang,-8.1583,112.6033
2021-12-22,30.2,22.0,25.1,2.0,2.0,4.54,10.3,22.3,98,60,Malang,-8.1583,112.6033
2021-12-23,28.0,21.5,23.7,27.2,27.2,3.36,10.1,17.28,100,82,Malang,-8.1583,112.6033
2021-12-24,28.8,20.6,24.3,8.6,8.6,4.11,16.4,21.13,98,70,Malang,-8.1583,112.6033
2021-12-25,28.2,21.4,24.5,5.0,5.0,3.61,10.5,18.5,97,76,Malang,-8.1583,112.6033
2021-12-26,26.2,21.8,23.8,2.9,2.9,2.45,15.9,12.63,98,78,Malang,-8.1583,112.6033
2021-12-27,27.6,21.2,23.9,5.0,5.0,3.42,15.8,18.06,98,74,Malang,-8.1583,112.6033
2021-12-28,28.2,21.1,23.7,12.6,12.6,3.48,13.3,18.35,99,75,Malang,-8.1583,112.6033
2021-12-29,27.4,21.1,23.9,8.5,8.5,3.69,13.7,19.6,98,77,Malang,-8.1583,112.6033
2021-12-30,26.7,21.2,23.7,15.0,15.0,2.81,13.5,14.81,99,80,Malang,-8.1583,112.6033
2021-12-31,26.6,21.1,23.5,25.2,25.2,3.01,18.7,16.35,100,77,Malang,-8.1583,112.6033
2022-01-01,28.1,20.9,23.8,16.7,16.7,3.73,15.5,19.77,98,69,Malang,-8.1583,112.6033
2022-01-02,26.0,21.4,23.3,6.1,6.1,3.01,14.7,16.51,100,77,Malang,-8.1583,112.6033
2022-01-03,27.1,21.2,23.8,0.6,0.6,4.22,16.8,22.36,96,68,Malang,-8.1583,112.6033
2022-01-04,27.0,20.7,23.8,2.2,2.2,3.76,13.0,19.7,99,72,Malang,-8.1583,112.6033
2022-01-05,27.3,20.6,23.9,0.6,0.6,4.1,15.5,21.6,94,71,Malang,-8.1583,112.6033
2022-01-06,28.5,20.9,24.3,0.1,0.1,4.93,16.5,25.54,93,62,Malang,-8.1583,112.6033
2022-01-07,27.6,21.2,24.1,1.0,1.0,4.23,20.8,21.61,96,62,Malang,-8.1583,112.6033
2022-01-08,28.5,21.5,24.4,2.7,2.7,4.51,12.8,22.93,94,62,Malang,-8.1583,112.6033
2022-01-09,26.8,20.8,23.4,23.5,23.5,3.38,13.8,18.21,98,77,Malang,-8.1583,112.6033
2022-01-10,28.0,21.5,23.7,23.4,23.4,3.47,10.5,18.17,98,77,Malang,-8.1583,112.6033
2022-01-11,27.6,20.2,23.3,28.1,28.1,2.96,9.5,15.35,98,75,Malang,-8.1583,112.6033
2022-01-12,29.1,20.4,24.0,6.6,6.6,3.69,9.4,18.38,99,66,Malang,-8.1583,112.6033
2022-01-13,27.2,21.6,23.7,7.7,7.7,2.64,13.7,13.05,96,71,Malang,-8.1583,112.6033
2022-01-14,28.8,21.1,24.5,6.7,6.7,4.17,18.2,21.64,95,67,Malang,-8.1583,112.6033
2022-01-15,28.0,22.3,23.9,12.3,12.3,2.9,19.1,15.27,93,73,Malang,-8.1583,112.6033
2022-01-16,28.5,21.9,24.4,5.0,5.0,3.82,11.2,19.25,95,67,Malang,-8.1583,112.6033
2022-01-17,28.7,21.0,23.9,6.4,6.4,3.81,13.8,20.08,97,71,Malang,-8.1583,112.6033
2022-01-18,26.5,21.1,23.1,11.7,11.7,2.75,15.9,14.67,98,77,Malang,-8.1583,112.6033
2022-01-19,27.6,20.8,23.1,10.2,10.2,3.61,20.2,20.13,100,75,Malang,-8.1583,112.6033
2022-01-20,25.1,20.8,22.5,20.9,20.9,2.0,14.2,10.75,98,84,Malang,-8.1583,112.6033
2022-01-21,27.9,21.0,23.6,6.9,6.9,3.75,16.6,19.22,97,66,Malang,-8.1583,112.6033
2022-01-22,27.3,20.5,23.3,23.4,23.4,3.19,16.1,17.49,98,73,Malang,-8.1583,112.6033
2022-01-23,27.5,21.8,24.0,5.8,5.8,3.93,19.4,22.01,98,77,Malang,-8.1583,112.6033
2022-01-24,28.4,21.8,24.5,0.0,0.0,4.76,20.7,25.43,94,65,Malang,-8.1583,112.6033
2022-01-25,28.1,20.8,24.1,12.4,12.4,3.96,24.9,21.7,95,68,Malang,-8.1583,112.6033
2022-01-26,29.4,22.8,25.1,2.8,2.8,4.56,22.3,23.41,94,64,Malang,-8.1583,112.6033
2022-01-27,27.4,22.4,24.1,5.7,5.7,3.5,20.8,18.94,98,72,Malang,-8.1583,112.6033
2022-01-28,26.3,21.5,23.3,25.3,25.3,2.49,16.6,13.43,98,80,Malang,-8.1583,112.6033
2022-01-29,28.1,21.5,23.9,16.7,16.7,3.21,12.6,16.1,96,70,Malang,-8.1583,112.6033
2022-01-30,28.1,21.5,23.9,10.8,10.8,3.75,14.5,19.77,97,76,Malang,-8.1583,112.6033
2022-01-31,28.1,20.5,23.9,2.0,2.0,4.23,19.6,23.11,98,68,Malang,-8.1583,112.6033
2022-02-01,27.5,21.1,23.7,28.8,28.8,3.59,19.1,19.05,98,72,Malang,-8.1583,112.6033
2022-02-02,29.5,20.7,24.4,5.4,5.4,4.7,9.3,23.78,96,63,Malang,-8.1583,112.6033
2022-02-03,29.8,21.4,24.5,4.7,4.7,4.77,13.4,24.39,96,63,Malang,-8.1583,112.6033
2022-02-04,27.8,20.9,23.5,20.3,20.3,3.17,14.7,16.56,99,74,Malang,-8.1583,112.6033
2022-02-05,27.4,21.0,23.2,8.5,8.5,3.24,16.6,17.67,100,79,Malang,-8.1583,112.6033
2022-02-06,27.5,21.0,23.4,21.0,21.0,3.01,14.6,15.88,98,76,Malang,-8.1583,112.6033
2022-02-07,28.5,20.1,24.2,11.8,11.8,3.9,19.5,20.02,98,72,Malang,-8.1583,112.6033
2022-02-08,29.5,20.8,24.5,4.7,4.7,3.7,8.6,18.24,99,63,Malang,-8.1583,112.6033
2022-02-09,27.3,21.6,23.8,21.0,21.0,2.92,12.0,15.02,100,74,Malang,-8.1583,112.6033
2022-02-10,28.1,21.9,24.5,6.4,6.4,3.34,15.9,16.12,95,66,Malang,-8.1583,112.6033
2022-02-11,28.5,21.7,24.4,0.3,0.3,3.33,13.3,16.14,96,64,Malang,-8.1583,112.6033
2022-02-12,27.9,21.2,23.9,3.8,3.8,2.8,10.0,13.47,92,70,Malang,-8.1583,112.6033
2022-02-13,27.8,22.0,24.0,17.3,17.3,2.89,10.5,13.96,98,70,Malang,-8.1583,112.6033
2022-02-14,25.8,21.5,23.3,5.9,5.9,2.02,14.5,10.23,99,83,Malang,-8.1583,112.6033
2022-02-15,24.7,21.0,22.6,37.9,37.9,1.48,10.3,6.96,99,82,Malang,-8.1583,112.6033
2022-02-16,28.1,20.6,23.8,4.6,4.6,3.85,11.5,19.86,100,69,Malang,-8.1583,112.6033
2022-02-17,28.1,20.7,23.7,12.5,12.5,3.59,13.8,18.72,98,67,Malang,-8.1583,112.6033
2022-02-18,26.9,21.0,23.5,2.5,2.5,3.14,10.8,16.11,98,77,Malang,-8.1583,112.6033
2022-02-19,28.5,20.9,24.0,8.9,8.9,3.92,10.0,20.28,98,69,Malang,-8.1583,112.6033
2022-02-20,26.4,20.8,23.5,13.0,13.0,2.89,15.5,15.79,100,83,Malang,-8.1583,112.6033
2022-02-21,27.4,21.0,23.5,3.9,3.9,3.39,15.1,17.68,99,70,Malang,-8.1583,112.6033
2022-02-22,27.5,19.7,23.0,12.5,12.5,4.31,21.2,23.91,98,69,Malang,-8.1583,112.6033
2022-02-23,27.5,19.7,23.7,3.1,3.1,4.59,21.0,25.42,98,73,Malang,-8.1583,112.6033
2022-02-24,26.0,19.9,22.6,5.1,5.1,3.01,19.2,17.11,100,79,Malang,-8.1583,112.6033
2022-02-25,28.0,20.4,23.3,4.3,4.3,4.08,15.4,21.68,99,67,Malang,-8.1583,112.6033
2022-02-26,28.1,20.9,23.6,7.5,7.5,3.76,16.8,20.08,99,74,Malang,-8.1583,112.6033
2022-02-27,28.0,20.5,23.5,5.1,5.1,3.79,10.7,19.41,96,72,Malang,-8.1583,112.6033
2022-02-28,27.4,21.3,24.0,17.2,17.2,3.89,14.3,19.96,95,75,Malang,-8.1583,112.6033
2022-03-01,28.4,21.4,23.8,8.6,8.6,3.55,10.2,18.28,96,75,Malang,-8.1583,112.6033
2022-03-02,28.3,21.1,24.1,12.3,12.3,3.83,18.6,20.14,97,69,Malang,-8.1583,112.6033
2022-03-03,28.4,21.6,24.2,12.9,12.9,3.76,17.5,19.75,97,71,Malang,-8.1583,112.6033
2022-03-04,27.4,21.7,23.8,17.0,17.0,3.09,14.7,16.87,100,80,Malang,-8.1583,112.6033
2022-03-05,27.8,21.9,24.0,4.2,4.2,3.68,15.6,19.65,99,73,Malang,-8.1583,112.6033
2022-03-06,27.6,21.6,23.7,4.5,4.5,3.39,15.5,18.16,100,72,Malang,-8.1583,112.6033
2022-03-07,27.3,21.4,23.4,11.3,11.3,3.03,15.5,15.81,98,80,Malang,-8.1583,112.6033
2022-03-08,26.6,20.5,23.3,10.6,10.6,3.15,13.4,16.62,100,77,Malang,-8.1583,112.6033
2022-03-09,27.8,21.1,23.6,12.7,12.7,2.89,10.1,14.53,100,79,Malang,-8.1583,112.6033
2022-03-10,27.0,21.0,23.3,37.0,37.0,2.4,10.7,11.91,97,80,Malang,-8.1583,112.6033
2022-03-11,28.0,21.3,23.7,41.6,41.6,3.28,13.0,16.92,98,75,Malang,-8.1583,112.6033
2022-03-12,26.9,21.3,23.9,13.5,13.5,3.0,9.7,15.51,98,79,Malang,-8.1583,112.6033
2022-03-13,28.0,21.3,24.3,7.7,7.7,3.53,11.7,18.5,100,82,Malang,-8.1583,112.6033
2022-03-14,29.0,21.6,24.4,13.9,13.9,4.04,16.3,21.2,100,71,Malang,-8.1583,112.6033
2022-03-15,27.2,21.5,23.9,26.8,26.8,2.93,8.8,14.9,99,79,Malang,-8.1583,112.6033
2022-03-16,27.8,20.8,23.3,6.8,6.8,2.59,11.0,13.23,98,82,Malang,-8.1583,112.6033
2022-03-17,29.5,20.4,24.9,1.7,1.7,4.67,11.5,23.64,98,67,Malang,-8.1583,112.6033
2022-03-18,29.6,21.0,24.9,1.1,1.1,4.72,15.2,24.37,100,65,Malang,-8.1583,112.6033
2022-03-19,27.4,21.3,23.6,12.2,12.2,3.46,13.4,18.69,99,79,Malang,-8.1583,112.6033
2022-03-20,27.1,21.6,23.5,13.4,13.4,2.7,14.7,14.34,97,80,Malang,-8.1583,112.6033
2022-03-21,28.4,21.5,24.0,5.3,5.3,3.27,14.8,16.91,95,70,Malang,-8.1583,112.6033
2022-03-22,28.0,21.5,24.2,4.6,4.6,3.66,16.5,19.1,95,71,Malang,-8.1583,112.6033
2022-03-23,28.3,20.4,23.6,4.7,4.7,3.62,10.5,18.76,97,69,Malang,-8.1583,112.6033
2022-03-24,29.6,20.5,24.1,2.8,2.8,4.19,7.4,20.97,97,63,Malang,-8.1583,112.6033
2022-03-25,28.8,20.9,24.2,19.4,19.4,3.71,9.2,18.74,97,68,Malang,-8.1583,112.6033
2022-03-26,28.1,21.1,23.9,18.9,18.9,3.73,10.2,19.27,97,81,Malang,-8.1583,112.6033
2022-03-27,26.2,21.4,23.2,25.6,25.6,2.36,15.0,12.61,97,83,Malang,-8.1583,112.6033
2022-03-28,29.7,21.0,24.1,12.3,12.3,4.08,10.8,20.42,98,59,Malang,-8.1583,112.6033
2022-03-29,28.9,20.9,23.9,10.0,10.0,3.63,9.7,18.42,97,63,Malang,-8.1583,112.6033
2022-03-30,28.2,20.9,24.5,2.8,2.8,4.01,7.1,20.3,96,68,Malang,-8.1583,112.6033
2022-03-31,28.6,20.6,24.1,7.5,7.5,3.89,12.0,20.26,99,70,Malang,-8.1583,112.6033
2022-04-01,27.4,20.4,23.4,11.5,11.5,3.1,9.7,16.52,100,82,Malang,-8.1583,112.6033
2022-04-02,28.2,21.3,24.3,0.2,0.2,4.31,10.4,21.99,100,69,Malang,-8.1583,112.6033
2022-04-03,28.2,20.5,23.9,5.7,5.7,4.1,11.5,21.38,98,70,Malang,-8.1583,112.6033
2022-04-04,26.8,20.3,23.0,8.7,8.7,3.37,13.3,18.41,100,81,Malang,-8.1583,112.6033
2022-04-05,28.0,19.8,23.6,2.1,2.1,4.28,13.2,22.65,100,69,Malang,-8.1583,112.6033
2022-04-06,26.6,20.3,23.0,6.6,6.6,3.15,14.8,17.49,100,82,Malang,-8.1583,112.6033
2022-04-07,27.0,20.0,23.2,5.2,5.2,3.48,16.2,19.36,100,79,Malang,-8.1583,112.6033
2022-04-08,27.1,20.3,23.5,3.7,3.7,3.73,11.7,20.31,100,79,Malang,-8.1583,112.6033
2022-04-09,27.2,21.0,23.7,11.1,11.1,3.1,9.5,16.15,100,82,Malang,-8.1583,112.6033
2022-04-10,28.1,20.8,23.5,7.9,7.9,3.58,11.0,18.61,100,72,Malang,-8.1583,112.6033
2022-04-11,28.2,20.5,24.0,0.7,0.7,4.57,16.6,24.02,96,66,Malang,-8.1583,112.6033
2022-04-12,28.5,18.4,23.4,1.4,1.4,4.42,14.4,22.68,96,60,Malang,-8.1583,112.6033
2022-04-13,28.2,19.0,23.5,1.9,1.9,4.11,14.3,21.39,95,65,Malang,-8.1583,112.6033
2022-04-14,28.9,19.7,24.2,0.4,0.4,4.52,9.6,23.06,96,61,Malang,-8.1583,112.6033
2022-04-15,29.5,20.2,24.4,0.7,0.7,4.57,13.4,22.84,96,58,Malang,-8.1583,112.6033
2022-04-16,28.6,20.7,23.9,6.3,6.3,3.45,10.6,17.78,97,74,Malang,-8.1583,112.6033
2022-04-17,28.3,20.7,24.5,1.9,1.9,3.75,12.1,19.61,97,76,Malang,-8.1583,112.6033
2022-04-18,28.6,21.4,24.4,7.7,7.7,3.54,6.5,17.81,98,72,Malang,-8.1583,112.6033
2022-04-19,27.8,21.6,23.8,28.9,28.9,3.19,11.2,16.6,100,79,Malang,-8.1583,112.6033
2022-04-20,27.5,21.5,23.7,13.8,13.8,2.68,12.0,13.63,97,75,Malang,-8.1583,112.6033
2022-04-21,27.8,20.9,23.9,3.7,3.7,3.22,10.7,16.64,98,71,Malang,-8.1583,112.6033
2022-04-22,29.0,21.0,24.6,7.5,7.5,4.1,7.2,20.76,99,70,Malang,-8.1583,112.6033
2022-04-23,29.3,21.4,24.7,6.9,6.9,3.96,10.7,20.37,96,68,Malang,-8.1583,112.6033
2022-04-24,27.5,21.5,23.9,10.1,10.1,3.08,7.3,15.55,96,74,Malang,-8.1583,112.6033
2022-04-25,28.1,21.0,24.4,2.4,2.4,3.8,18.7,20.44,100,74,Malang,-8.1583,112.6033
2022-04-26,28.8,21.0,24.1,12.9,12.9,4.02,11.2,21.0,98,68,Malang,-8.1583,112.6033
2022-04-27,28.8,21.2,24.3,9.5,9.5,3.72,11.5,18.88,99,67,Malang,-8.1583,112.6033
2022-04-28,29.5,21.6,24.5,9.0,9.0,3.86,8.7,19.65,97,69,Malang,-8.1583,112.6033
2022-04-29,29.1,21.9,24.6,4.6,4.6,3.86,11.3,19.65,97,67,Malang,-8.1583,112.6033
2022-04-30,28.8,20.6,24.3,1.1,1.1,3.46,12.0,17.53,94,68,Malang,-8.1583,112.6033
2022-05-01,28.9,21.2,24.6,5.3,5.3,4.02,9.2,20.48,99,65,Malang,-8.1583,112.6033
2022-05-02,29.0,22.0,25.1,1.3,1.3,4.11,20.6,21.25,98,68,Malang,-8.1583,112.6033
2022-05-03,29.1,20.5,24.4,2.1,2.1,3.99,14.5,20.57,97,69,Malang,-8.1583,112.6033
2022-05-04,28.4,22.0,24.6,5.9,5.9,3.67,20.0,19.53,98,70,Malang,-8.1583,112.6033
2022-05-05,27.9,20.5,24.0,4.8,4.8,3.47,12.8,18.44,100,74,Malang,-8.1583,112.6033
2022-05-06,27.8,20.8,24.1,5.0,5.0,3.61,16.1,19.61,98,77,Malang,-8.1583,112.6033
2022-05-07,28.6,21.1,24.5,7.1,7.1,3.57,13.8,18.55,97,76,Malang,-8.1583,112.6033
2022-05-08,28.4,21.1,24.1,18.9,18.9,3.12,10.8,15.99,96,73,Malang,-8.1583,112.6033
2022-05-09,28.9,21.8,24.6,9.0,9.0,3.24,8.7,16.26,100,72,Malang,-8.1583,112.6033
2022-05-10,28.9,20.9,24.4,6.8,6.8,3.58,14.3,18.54,98,66,Malang,-8.1583,112.6033
2022-05-11,28.6,21.4,24.8,1.6,1.6,3.81,11.7,19.54,99,71,Malang,-8.1583,112.6033
2022-05-12,28.7,22.0,24.4,9.4,9.4,3.1,11.2,15.86,100,74,Malang,-8.1583,112.6033
2022-05-13,29.0,21.6,24.7,4.8,4.8,3.73,12.0,19.56,99,75,Malang,-8.1583,112.6033
2022-05-14,28.0,21.6,24.6,2.3,2.3,3.42,10.8,18.17,100,80,Malang,-8.1583,112.6033
2022-05-15,28.0,22.3,24.8,0.8,0.8,3.77,17.9,20.22,100,76,Malang,-8.1583,112.6033
2022-05-16,28.5,20.6,24.1,0.0,0.0,4.04,13.5,21.11,100,69,Malang,-8.1583,112.6033
2022-05-17,29.0,19.1,24.0,1.0,1.0,3.91,9.2,19.99,99,60,Malang,-8.1583,112.6033
2022-05-18,28.2,20.7,24.1,19.7,19.7,2.78,7.4,13.93,96,72,Malang,-8.1583,112.6033
2022-05-19,28.2,21.3,23.9,4.8,4.8,2.85,12.8,14.81,98,73,Malang,-8.1583,112.6033
2022-05-20,26.5,21.2,23.3,25.6,25.6,1.81,8.7,9.09,100,85,Malang,-8.1583,112.6033
2022-05-21,27.9,21.0,23.6,9.2,9.2,2.97,7.9,15.05,96,69,Malang,-8.1583,112.6033
2022-05-22,28.4,20.7,24.3,0.2,0.2,3.94,9.0,20.33,96,64,Malang,-8.1583,112.6033
2022-05-23,29.0,20.1,24.3,0.0,0.0,4.24,10.7,21.32,92,56,Malang,-8.1583,112.6033
2022-05-24,28.8,20.0,24.3,0.6,0.6,3.71,13.5,18.63,96,62,Malang,-8.1583,112.6033
2022-05-25,28.2,21.0,24.4,1.7,1.7,3.41,8.5,17.32,97,69,Malang,-8.1583,112.6033
2022-05-26,24.3,21.0,22.7,17.6,17.6,1.34,12.3,6.69,98,89,Malang,-8.1583,112.6033
2022-05-27,27.9,21.2,23.7,0.9,0.9,2.8,13.4,13.64,94,70,Malang,-8.1583,112.6033
2022-05-28,29.6,21.1,24.7,2.8,2.8,3.94,10.8,19.75,94,56,Malang,-8.1583,112.6033
2022-05-29,28.0,22.0,24.5,1.6,1.6,3.49,9.7,17.56,90,69,Malang,-8.1583,112.6033
2022-05-30,28.5,21.5,24.7,0.2,0.2,3.93,18.0,19.84,90,69,Malang,-8.1583,112.6033
2022-05-31,29.1,20.4,24.1,1.7,1.7,3.8,10.4,19.23,98,60,Malang,-8.1583,112.6033
2022-06-01,26.5,20.7,22.9,11.5,11.5,1.92,9.3,9.49,100,75,Malang,-8.1583,112.6033
2022-06-02,28.0,20.1,23.7,0.0,0.0,3.98,13.1,20.92,100,67,Malang,-8.1583,112.6033
2022-06-03,27.0,20.0,23.3,4.6,4.6,2.97,12.9,16.11,99,77,Malang,-8.1583,112.6033
2022-06-04,27.6,19.9,23.2,2.6,2.6,2.96,8.5,15.35,100,74,Malang,-8.1583,112.6033
2022-06-05,26.9,20.5,23.2,12.5,12.5,2.94,14.3,16.08,100,77,Malang,-8.1583,112.6033
2022-06-06,27.8,20.3,23.6,1.1,1.1,3.31,9.4,17.34,99,70,Malang,-8.1583,112.6033
2022-06-07,28.3,20.4,23.9,3.5,3.5,3.52,17.1,18.37,99,70,Malang,-8.1583,112.6033
2022-06-08,28.3,20.6,23.5,19.6,19.6,2.98,10.3,15.06,99,66,Malang,-8.1583,112.6033
2022-06-09,28.8,19.5,23.7,0.2,0.2,3.54,8.3,18.12,100,63,Malang,-8.1583,112.6033
2022-06-10,28.2,20.2,23.7,9.6,9.6,3.13,10.4,16.08,96,66,Malang,-8.1583,112.6033
2022-06-11,28.8,20.0,23.8,6.1,6.1,3.24,7.1,16.56,98,66,Malang,-8.1583,112.6033
2022-06-12,27.1,20.1,23.6,16.5,16.5,3.14,10.3,16.62,99,76,Malang,-8.1583,112.6033
2022-06-13,28.0,20.2,23.5,2.0,2.0,3.07,8.3,15.79,98,64,Malang,-8.1583,112.6033
2022-06-14,26.8,20.7,23.5,1.8,1.8,2.67,15.2,14.12,98,78,Malang,-8.1583,112.6033
2022-06-15,28.3,20.4,23.9,1.6,1.6,3.54,10.0,18.25,96,66,Malang,-8.1583,112.6033
2022-06-16,27.1,20.1,23.3,5.3,5.3,3.01,12.6,15.89,95,71,Malang,-8.1583,112.6033
2022-06-17,26.8,20.4,23.0,9.7,9.7,3.0,10.3,16.06,98,73,Malang,-8.1583,112.6033
2022-06-18,27.8,19.5,23.4,2.1,2.1,3.29,14.3,17.45,98,72,Malang,-8.1583,112.6033
2022-06-19,28.0,20.7,23.7,3.8,3.8,3.33,14.3,17.49,97,70,Malang,-8.1583,112.6033
2022-06-20,26.9,20.9,23.6,0.4,0.4,3.26,24.2,17.68,96,73,Malang,-8.1583,112.6033
2022-06-21,27.7,20.5,23.5,1.4,1.4,3.64,18.4,18.18,95,65,Malang,-8.1583,112.6033
2022-06-22,27.5,21.4,23.8,0.2,0.2,3.98,20.6,20.08,93,64,Malang,-8.1583,112.6033
2022-06-23,26.7,21.1,23.3,2.7,2.7,3.16,22.8,16.96,97,71,Malang,-8.1583,112.6033
2022-06-24,27.2,21.6,23.8,0.2,0.2,3.67,25.0,18.09,90,69,Malang,-8.1583,112.6033
2022-06-25,26.9,21.0,23.6,4.2,4.2,3.33,23.1,17.25,97,71,Malang,-8.1583,112.6033
2022-06-26,27.2,20.6,23.6,4.1,4.1,3.29,21.7,16.59,97,68,Malang,-8.1583,112.6033
2022-06-27,25.9,20.8,23.0,0.1,0.1,3.17,27.0,17.68,98,75,Malang,-8.1583,112.6033
2022-06-28,26.6,20.1,23.2,0.0,0.0,4.19,24.1,20.82,97,62,Malang,-8.1583,112.6033
2022-06-29,27.0,19.9,23.1,0.0,0.0,4.17,16.5,21.49,90,57,Malang,-8.1583,112.6033
2022-06-30,27.5,20.1,23.3,0.1,0.1,3.7,23.6,19.25,96,66,Malang,-8.1583,112.6033
2022-07-01,26.5,21.4,23.5,0.6,0.6,3.62,30.7,18.62,94,70,Malang,-8.1583,112.6033
2022-07-02,27.4,21.5,23.9,1.3,1.3,3.27,21.8,17.31,96,71,Malang,-8.1583,112.6033
2022-07-03,29.2,20.4,24.0,2.5,2.5,3.32,9.5,17.08,98,66,Malang,-8.1583,112.6033
2022-07-04,28.6,20.2,24.4,3.3,3.3,3.18,10.8,15.84,96,65,Malang,-8.1583,112.6033
2022-07-05,28.4,20.5,24.2,2.6,2.6,3.63,11.6,18.51,98,67,Malang,-8.1583,112.6033
2022-07-06,27.1,20.8,23.5,0.5,0.5,3.16,25.2,17.09,100,72,Malang,-8.1583,112.6033
2022-07-07,26.8,19.3,22.6,0.0,0.0,3.71,19.7,19.86,100,68,Malang,-8.1583,112.6033
2022-07-08,25.7,18.8,21.8,0.0,0.0,4.01,22.2,20.97,95,61,Malang,-8.1583,112.6033
2022-07-09,26.5,17.0,22.0,0.0,0.0,3.91,23.7,20.2,90,65,Malang,-8.1583,112.6033
2022-07-10,27.4,18.9,23.1,0.0,0.0,3.59,21.9,18.32,97,64,Malang,-8.1583,112.6033
2022-07-11,27.6,20.6,23.5,4.9,4.9,3.32,22.7,17.42,100,68,Malang,-8.1583,112.6033
2022-07-12,27.8,21.0,23.6,4.3,4.3,3.39,22.1,18.09,98,64,Malang,-8.1583,112.6033
2022-07-13,28.9,20.5,23.9,2.0,2.0,3.69,17.1,18.39,99,59,Malang,-8.1583,112.6033
2022-07-14,27.3,19.9,23.5,3.0,3.0,3.41,18.4,17.77,98,68,Malang,-8.1583,112.6033
2022-07-15,26.5,21.9,23.6,4.9,4.9,2.85,24.2,14.72,100,73,Malang,-8.1583,112.6033
2022-07-16,26.6,20.4,23.1,1.0,1.0,3.24,22.0,17.59,100,72,Malang,-8.1583,112.6033
2022-07-17,26.3,20.9,23.3,0.4,0.4,2.87,23.7,14.67,98,73,Malang,-8.1583,112.6033
2022-07-18,26.6,20.1,23.3,1.0,1.0,3.2,23.9,16.96,99,73,Malang,-8.1583,112.6033
2022-07-19,27.3,21.1,23.4,0.1,0.1,3.74,23.5,19.85,97,65,Malang,-8.1583,112.6033
2022-07-20,28.5,18.0,23.2,0.0,0.0,4.14,17.9,20.73,97,59,Malang,-8.1583,112.6033
2022-07-21,26.6,20.5,23.1,0.4,0.4,3.39,20.6,17.1,98,68,Malang,-8.1583,112.6033
2022-07-22,26.5,21.3,23.4,0.2,0.2,3.35,23.2,16.97,96,70,Malang,-8.1583,112.6033
2022-07-23,25.8,20.8,22.8,3.9,3.9,2.95,23.2,16.17,96,74,Malang,-8.1583,112.6033
2022-07-24,25.7,19.5,22.1,0.0,0.0,4.1,26.5,21.13,95,64,Malang,-8.1583,112.6033
2022-07-25,25.6,18.9,21.8,0.0,0.0,4.69,27.0,22.26,85,53,Malang,-8.1583,112.6033
2022-07-26,27.4,16.8,22.3,0.0,0.0,4.14,23.2,21.06,93,58,Malang,-8.1583,112.6033
2022-07-27,28.6,19.9,23.8,0.6,0.6,3.42,20.1,16.39,99,59,Malang,-8.1583,112.6033
2022-07-28,29.1,19.9,23.8,0.0,0.0,3.96,19.2,19.47,99,59,Malang,-8.1583,112.6033
2022-07-29,29.7,18.9,23.6,0.5,0.5,4.21,20.5,21.01,100,52,Malang,-8.1583,112.6033
2022-07-30,28.0,20.9,23.5,0.0,0.0,3.46,18.2,16.51,98,57,Malang,-8.1583,112.6033
2022-07-31,28.8,20.8,23.6,0.0,0.0,4.34,16.9,21.87,95,57,Malang,-8.1583,112.6033
2022-08-01,31.1,18.0,23.6,0.0,0.0,4.47,16.9,22.31,97,38,Malang,-8.1583,112.6033
2022-08-02,29.1,20.0,23.7,4.1,4.1,3.3,13.2,16.36,99,63,Malang,-8.1583,112.6033
2022-08-03,29.1,21.4,24.1,0.7,0.7,3.99,19.6,20.16,100,59,Malang,-8.1583,112.6033
2022-08-04,27.7,20.1,23.4,0.0,0.0,4.6,22.0,23.36,98,53,Malang,-8.1583,112.6033
2022-08-05,28.2,17.4,22.5,0.0,0.0,4.57,19.2,23.42,99,54,Malang,-8.1583,112.6033
2022-08-06,27.7,17.9,22.7,0.1,0.1,3.94,19.0,19.94,100,61,Malang,-8.1583,112.6033
2022-08-07,25.6,20.6,22.5,8.6,8.6,2.39,18.7,12.65,96,74,Malang,-8.1583,112.6033
2022-08-08,27.0,20.8,23.5,0.6,0.6,3.6,21.7,18.04,99,66,Malang,-8.1583,112.6033
2022-08-09,27.3,20.4,23.3,0.2,0.2,3.49,22.5,16.74,96,63,Malang,-8.1583,112.6033
2022-08-10,28.2,21.2,24.0,4.6,4.6,3.79,20.5,18.95,98,64,Malang,-8.1583,112.6033
2022-08-11,28.6,21.0,23.9,5.8,5.8,3.37,18.3,16.98,98,63,Malang,-8.1583,112.6033
2022-08-12,29.9,20.8,24.6,0.9,0.9,3.74,5.9,18.61,99,55,Malang,-8.1583,112.6033
2022-08-13,29.4,21.0,23.7,23.3,23.3,3.59,12.8,18.27,100,68,Malang,-8.1583,112.6033
2022-08-14,29.5,19.6,23.5,6.2,6.2,3.51,9.4,17.69,98,66,Malang,-8.1583,112.6033
2022-08-15,28.6,20.0,23.8,2.8,2.8,3.75,12.4,18.96,99,65,Malang,-8.1583,112.6033
2022-08-16,29.6,20.2,23.9,0.2,0.2,3.94,19.0,19.96,97,57,Malang,-8.1583,112.6033
2022-08-17,27.3,20.4,23.2,0.0,0.0,4.12,23.7,21.41,97,64,Malang,-8.1583,112.6033
2022-08-18,26.6,21.0,23.4,0.4,0.4,3.84,30.2,20.03,93,69,Malang,-8.1583,112.6033
2022-08-19,27.2,21.2,23.5,0.7,0.7,3.84,27.1,19.44,93,66,Malang,-8.1583,112.6033
2022-08-20,27.0,20.8,23.3,0.0,0.0,4.78,27.5,23.18,88,62,Malang,-8.1583,112.6033
2022-08-21,27.7,20.4,23.5,0.2,0.2,3.65,18.4,17.03,90,59,Malang,-8.1583,112.6033
2022-08-22,27.8,20.1,23.5,0.0,0.0,4.21,25.1,20.31,94,60,Malang,-8.1583,112.6033
2022-08-23,27.6,21.0,23.5,0.0,0.0,4.58,28.3,21.82,93,58,Malang,-8.1583,112.6033
2022-08-24,28.1,20.2,23.5,0.0,0.0,4.4,22.8,20.2,93,53,Malang,-8.1583,112.6033
2022-08-25,27.4,20.3,23.3,1.7,1.7,3.84,23.4,18.7,92,62,Malang,-8.1583,112.6033
2022-08-26,27.9,21.2,23.8,0.6,0.6,3.8,26.0,18.5,95,64,Malang,-8.1583,112.6033
2022-08-27,26.5,20.6,23.2,0.2,0.2,3.31,23.4,15.47,96,68,Malang,-8.1583,112.6033
2022-08-28,27.1,20.0,23.0,0.0,0.0,3.96,19.7,18.51,95,58,Malang,-8.1583,112.6033
2022-08-29,28.3,19.5,23.3,1.0,1.0,3.8,24.0,18.33,96,57,Malang,-8.1583,112.6033
2022-08-30,27.8,21.0,23.8,1.7,1.7,3.62,22.4,17.67,96,65,Malang,-8.1583,112.6033
2022-08-31,27.3,21.2,23.5,3.5,3.5,3.33,16.9,16.84,99,67,Malang,-8.1583,112.6033
2022-09-01,29.4,20.2,24.1,1.8,1.8,4.28,20.0,21.12,98,58,Malang,-8.1583,112.6033
2022-09-02,29.1,21.6,24.3,0.7,0.7,4.71,19.8,24.42,99,61,Malang,-8.1583,112.6033
2022-09-03,28.5,21.9,24.5,0.2,0.2,4.15,18.1,19.77,99,58,Malang,-8.1583,112.6033
2022-09-04,28.0,21.1,24.2,3.1,3.1,4.1,17.7,20.49,98,63,Malang,-8.1583,112.6033
2022-09-05,29.2,20.2,24.0,1.8,1.8,4.25,14.8,21.21,97,55,Malang,-8.1583,112.6033
2022-09-06,28.3,20.5,24.1,4.2,4.2,4.05,17.9,20.5,98,62,Malang,-8.1583,112.6033
2022-09-07,28.4,20.1,23.6,6.2,6.2,3.71,21.0,19.0,100,63,Malang,-8.1583,112.6033
2022-09-08,29.8,19.7,24.0,5.8,5.8,4.08,16.3,20.3,100,54,Malang,-8.1583,112.6033
2022-09-09,26.5,21.1,23.5,26.5,26.5,2.49,10.5,12.48,98,74,Malang,-8.1583,112.6033
2022-09-10,27.2,20.9,23.3,29.9,29.9,2.94,15.7,15.25,99,73,Malang,-8.1583,112.6033
2022-09-11,26.0,21.2,23.0,15.1,15.1,2.49,16.3,13.22,98,78,Malang,-8.1583,112.6033
2022-09-12,29.7,19.0,23.7,0.3,0.3,4.83,15.0,24.38,99,48,Malang,-8.1583,112.6033
2022-09-13,28.0,20.8,23.8,0.4,0.4,4.47,22.1,23.99,100,66,Malang,-8.1583,112.6033
2022-09-14,27.3,21.1,23.6,0.2,0.2,4.39,24.5,23.92,98,68,Malang,-8.1583,112.6033
2022-09-15,26.4,20.5,23.2,2.3,2.3,3.52,26.0,19.58,98,69,Malang,-8.1583,112.6033
2022-09-16,27.6,21.0,23.3,14.4,14.4,3.58,20.7,19.13,96,69,Malang,-8.1583,112.6033
2022-09-17,29.0,18.6,23.1,0.0,0.0,4.73,18.8,24.77,98,56,Malang,-8.1583,112.6033
2022-09-18,28.8,20.1,24.0,0.6,0.6,4.47,15.8,22.55,99,64,Malang,-8.1583,112.6033
2022-09-19,27.6,20.9,23.6,1.0,1.0,4.2,18.8,21.48,99,63,Malang,-8.1583,112.6033
2022-09-20,27.1,20.0,23.3,1.3,1.3,4.18,22.8,22.19,97,68,Malang,-8.1583,112.6033
2022-09-21,27.5,21.4,23.7,4.6,4.6,3.46,18.7,17.69,95,66,Malang,-8.1583,112.6033
2022-09-22,27.5,22.0,24.0,3.8,3.8,3.98,22.4,20.81,94,70,Malang,-8.1583,112.6033
2022-09-23,28.1,20.9,24.2,2.3,2.3,3.92,19.4,19.84,96,65,Malang,-8.1583,112.6033
2022-09-24,28.2,21.1,24.0,6.9,6.9,3.93,16.6,20.64,98,69,Malang,-8.1583,112.6033
2022-09-25,27.4,21.1,23.7,1.9,1.9,4.27,20.1,22.91,99,69,Malang,-8.1583,112.6033
2022-09-26,25.6,21.0,23.1,3.2,3.2,3.45,19.8,19.25,97,76,Malang,-8.1583,112.6033
2022-09-27,27.9,20.4,23.5,0.3,0.3,4.28,17.9,21.96,97,63,Malang,-8.1583,112.6033
2022-09-28,28.3,19.4,23.5,1.1,1.1,4.46,16.9,22.54,98,58,Malang,-8.1583,112.6033
2022-09-29,28.1,20.6,23.7,3.6,3.6,4.25,14.8,21.72,98,64,Malang,-8.1583,112.6033
2022-09-30,28.0,22.0,23.9,4.2,4.2,3.4,14.8,17.2,98,68,Malang,-8.1583,112.6033
2022-10-01,27.5,21.5,23.6,20.5,20.5,2.48,13.0,12.31,99,73,Malang,-8.1583,112.6033
2022-10-02,28.0,21.2,23.4,25.3,25.3,3.0,12.1,15.69,99,75,Malang,-8.1583,112.6033
2022-10-03,26.3,21.5,23.3,5.1,5.1,2.92,14.5,15.7,98,78,Malang,-8.1583,112.6033
2022-10-04,27.1,20.2,23.6,1.0,1.0,4.1,15.5,21.91,99,72,Malang,-8.1583,112.6033
2022-10-05,27.0,20.8,23.3,2.6,2.6,3.34,17.1,17.23,97,72,Malang,-8.1583,112.6033
2022-10-06,25.5,21.6,23.2,22.5,22.5,2.56,17.8,13.21,98,77,Malang,-8.1583,112.6033
2022-10-07,26.9,21.1,23.3,16.1,16.1,3.02,15.6,16.06,98,76,Malang,-8.1583,112.6033
2022-10-08,27.5,21.2,23.7,11.1,11.1,3.09,19.0,15.75,98,74,Malang,-8.1583,112.6033
2022-10-09,28.1,21.4,23.9,9.8,9.8,3.55,19.2,18.67,99,73,Malang,-8.1583,112.6033
2022-10-10,27.6,21.5,23.6,12.3,12.3,3.05,14.2,15.97,100,75,Malang,-8.1583,112.6033
2022-10-11,27.7,21.1,23.8,1.3,1.3,3.75,15.8,19.12,98,67,Malang,-8.1583,112.6033
2022-10-12,26.4,20.1,23.2,4.5,4.5,3.4,19.0,18.32,97,72,Malang,-8.1583,112.6033
2022-10-13,27.1,21.3,23.7,4.1,4.1,3.8,17.3,20.12,97,73,Malang,-8.1583,112.6033
2022-10-14,26.5,21.5,23.7,3.6,3.6,2.96,16.8,15.29,97,73,Malang,-8.1583,112.6033
2022-10-15,26.9,21.7,23.7,3.2,3.2,3.63,18.6,19.31,96,75,Malang,-8.1583,112.6033
2022-10-16,26.9,21.1,23.7,3.3,3.3,3.28,19.1,17.51,97,76,Malang,-8.1583,112.6033
2022-10-17,25.8,21.5,23.3,17.7,17.7,2.52,18.3,13.41,98,78,Malang,-8.1583,112.6033
2022-10-18,25.6,21.8,22.8,24.4,24.4,1.53,15.5,7.55,100,82,Malang,-8.1583,112.6033
2022-10-19,27.0,21.4,23.3,23.3,23.3,2.35,10.1,11.89,100,76,Malang,-8.1583,112.6033
2022-10-20,27.8,21.5,23.9,4.9,4.9,2.69,9.0,13.23,99,69,Malang,-8.1583,112.6033
2022-10-21,27.9,21.1,23.7,7.2,7.2,2.64,8.7,13.22,100,77,Malang,-8.1583,112.6033
2022-10-22,28.6,20.9,24.0,14.7,14.7,3.63,10.4,18.4,100,67,Malang,-8.1583,112.6033
2022-10-23,28.0,21.5,23.7,21.0,21.0,3.15,14.3,16.46,100,75,Malang,-8.1583,112.6033
2022-10-24,25.6,22.0,23.2,13.6,13.6,2.21,13.0,11.56,98,83,Malang,-8.1583,112.6033
2022-10-25,26.2,21.5,23.2,7.7,7.7,3.0,15.6,16.03,100,79,Malang,-8.1583,112.6033
2022-10-26,26.4,21.5,23.0,2.5,2.5,2.58,14.3,13.02,99,74,Malang,-8.1583,112.6033
2022-10-27,26.2,20.4,22.9,3.2,3.2,3.61,19.1,19.97,99,72,Malang,-8.1583,112.6033
2022-10-28,26.1,19.4,22.3,0.1,0.1,3.86,17.1,20.48,98,64,Malang,-8.1583,112.6033
2022-10-29,26.4,18.6,22.8,1.2,1.2,4.26,17.6,22.59,91,67,Malang,-8.1583,112.6033
2022-10-30,26.8,19.6,22.9,0.0,0.0,4.68,16.1,24.84,95,61,Malang,-8.1583,112.6033
2022-10-31,25.9,18.4,22.4,1.9,1.9,3.18,15.9,17.32,98,77,Malang,-8.1583,112.6033
2022-11-01,27.5,20.0,23.9,2.8,2.8,4.43,18.4,23.3,100,70,Malang,-8.1583,112.6033
2022-11-02,27.6,21.1,23.9,3.3,3.3,3.34,16.2,17.59,96,74,Malang,-8.1583,112.6033
2022-11-03,29.4,20.9,24.4,5.7,5.7,4.21,12.1,20.92,98,60,Malang,-8.1583,112.6033
2022-11-04,28.5,21.2,24.0,12.5,12.5,3.47,19.2,18.51,99,76,Malang,-8.1583,112.6033
2022-11-05,28.0,20.1,23.8,7.3,7.3,3.11,15.7,16.07,100,75,Malang,-8.1583,112.6033
2022-11-06,27.3,20.9,23.8,7.9,7.9,3.31,15.9,17.4,99,76,Malang,-8.1583,112.6033
2022-11-07,27.3,21.1,23.4,6.7,6.7,2.65,10.5,13.41,100,76,Malang,-8.1583,112.6033
2022-11-08,28.5,20.1,23.7,11.4,11.4,3.86,9.1,19.7,99,68,Malang,-8.1583,112.6033
2022-11-09,26.9,20.9,23.5,22.0,22.0,2.82,9.5,14.64,100,80,Malang,-8.1583,112.6033
2022-11-10,28.0,20.5,23.7,16.3,16.3,3.27,16.8,16.77,100,75,Malang,-8.1583,112.6033
2022-11-11,26.5,21.2,23.5,23.3,23.3,2.98,14.3,15.76,98,79,Malang,-8.1583,112.6033
2022-11-12,27.8,21.1,23.7,21.6,21.6,3.27,6.6,16.51,98,73,Malang,-8.1583,112.6033
2022-11-13,27.3,21.4,23.6,6.2,6.2,2.63,11.3,13.37,100,78,Malang,-8.1583,112.6033
2022-11-14,28.4,20.9,23.6,37.7,37.7,3.07,12.1,15.5,100,73,Malang,-8.1583,112.6033
2022-11-15,28.7,20.6,23.6,27.9,27.9,3.06,11.6,15.65,100,68,Malang,-8.1583,112.6033
2022-11-16,27.5,21.0,23.5,26.5,26.5,2.6,12.4,13.48,100,76,Malang,-8.1583,112.6033
2022-11-17,28.6,21.8,23.8,38.8,38.8,3.1,10.0,15.19,100,69,Malang,-8.1583,112.6033
2022-11-18,27.5,21.6,23.5,8.7,8.7,2.83,13.3,13.13,98,62,Malang,-8.1583,112.6033
2022-11-19,26.8,21.2,23.6,0.0,0.0,2.19,14.1,10.08,94,70,Malang,-8.1583,112.6033
2022-11-20,28.0,19.4,23.5,14.6,14.6,3.76,17.8,19.83,100,62,Malang,-8.1583,112.6033
2022-11-21,28.1,21.5,24.0,4.3,4.3,3.57,19.2,18.84,99,72,Malang,-8.1583,112.6033
2022-11-22,27.1,21.1,23.6,3.7,3.7,3.42,20.5,18.49,99,74,Malang,-8.1583,112.6033
2022-11-23,27.1,21.4,23.5,30.9,30.9,2.4,12.4,12.16,96,76,Malang,-8.1583,112.6033
2022-11-24,26.1,22.0,23.4,17.6,17.6,2.43,13.8,12.41,98,81,Malang,-8.1583,112.6033
2022-11-25,28.5,21.4,23.9,32.3,32.3,3.81,7.7,18.79,98,65,Malang,-8.1583,112.6033
2022-11-26,26.9,20.0,22.9,15.6,15.6,2.55,12.3,13.24,100,75,Malang,-8.1583,112.6033
2022-11-27,27.0,20.9,23.3,13.6,13.6,2.78,10.4,14.27,100,76,Malang,-8.1583,112.6033
2022-11-28,25.9,21.9,23.3,10.8,10.8,2.28,13.5,11.81,100,81,Malang,-8.1583,112.6033
2022-11-29,25.9,21.5,23.1,10.2,10.2,2.34,12.8,12.21,99,82,Malang,-8.1583,112.6033
2022-11-30,27.1,21.5,23.8,2.8,2.8,4.01,16.3,20.94,99,72,Malang,-8.1583,112.6033
2022-12-01,27.0,21.0,23.8,0.9,0.9,4.01,15.5,20.82,95,69,Malang,-8.1583,112.6033
2022-12-02,26.7,20.0,23.6,2.2,2.2,4.29,14.6,22.78,92,70,Malang,-8.1583,112.6033
2022-12-03,26.9,20.1,23.3,6.8,6.8,3.52,13.8,18.81,99,74,Malang,-8.1583,112.6033
2022-12-04,27.6,20.8,23.4,23.2,23.2,2.92,10.5,14.72,100,75,Malang,-8.1583,112.6033
2022-12-05,27.6,20.6,23.7,5.9,5.9,3.06,9.1,15.52,98,76,Malang,-8.1583,112.6033
2022-12-06,28.0,21.2,23.9,7.3,7.3,3.47,6.6,17.23,99,68,Malang,-8.1583,112.6033
2022-12-07,27.9,20.6,23.7,9.5,9.5,3.38,7.9,17.3,100,76,Malang,-8.1583,112.6033
2022-12-08,28.6,20.0,24.0,4.2,4.2,4.04,10.9,20.7,100,74,Malang,-8.1583,112.6033
2022-12-09,27.9,19.2,24.1,0.1,0.1,4.89,20.1,26.37,100,68,Malang,-8.1583,112.6033
2022-12-10,27.0,19.6,23.3,6.0,6.0,4.03,15.4,22.38,97,75,Malang,-8.1583,112.6033
2022-12-11,28.1,20.6,24.0,5.7,5.7,3.84,14.3,20.02,100,73,Malang,-8.1583,112.6033
2022-12-12,28.4,20.4,24.2,3.4,3.4,4.2,11.5,21.45,100,66,Malang,-8.1583,112.6033
2022-12-13,27.9,20.7,23.4,16.9,16.9,3.18,8.4,16.34,100,80,Malang,-8.1583,112.6033
2022-12-14,27.0,20.8,23.3,9.6,9.6,2.69,10.5,13.72,100,79,Malang,-8.1583,112.6033
2022-12-15,26.9,21.5,23.5,6.9,6.9,2.87,11.6,14.94,98,78,Malang,-8.1583,112.6033
2022-12-16,25.1,20.8,22.4,21.4,21.4,2.02,13.1,10.37,99,83,Malang,-8.1583,112.6033
2022-12-17,27.3,21.5,23.6,1.7,1.7,3.72,14.5,20.05,98,77,Malang,-8.1583,112.6033
2022-12-18,27.7,20.4,23.8,0.3,0.3,4.78,15.1,25.62,100,69,Malang,-8.1583,112.6033
2022-12-19,27.5,19.6,23.5,2.8,2.8,4.11,13.9,21.6,100,69,Malang,-8.1583,112.6033
2022-12-20,28.1,20.5,23.7,4.6,4.6,4.19,12.8,21.95,96,72,Malang,-8.1583,112.6033
2022-12-21,28.5,20.5,24.0,14.0,14.0,4.22,21.2,22.26,100,67,Malang,-8.1583,112.6033
2022-12-22,24.5,21.0,22.8,30.2,30.2,1.63,19.5,8.41,99,86,Malang,-8.1583,112.6033
2022-12-23,26.5,21.3,23.2,23.1,23.1,2.48,26.6,13.82,97,73,Malang,-8.1583,112.6033
2022-12-24,27.4,21.3,23.6,7.8,7.8,3.19,19.2,15.45,97,65,Malang,-8.1583,112.6033
2022-12-25,26.0,21.4,22.8,18.8,18.8,1.98,25.3,10.72,98,81,Malang,-8.1583,112.6033
2022-12-26,26.8,21.0,22.8,14.1,14.1,2.61,18.4,13.99,100,76,Malang,-8.1583,112.6033
2022-12-27,25.8,20.7,22.7,7.5,7.5,2.35,20.4,12.43,96,76,Malang,-8.1583,112.6033
2022-12-28,27.2,20.7,23.3,23.9,23.9,3.24,21.3,17.86,98,69,Malang,-8.1583,112.6033
2022-12-29,27.1,21.8,23.7,9.4,9.4,3.09,20.0,16.27,99,71,Malang,-8.1583,112.6033
2022-12-30,26.3,21.0,23.6,2.1,2.1,2.44,9.8,11.93,98,77,Malang,-8.1583,112.6033
2022-12-31,28.0,21.7,24.0,25.4,25.4,3.05,19.7,15.66,91,70,Malang,-8.1583,112.6033
2023-01-01,28.1,21.9,24.6,0.4,0.4,3.81,16.1,18.75,94,68,Malang,-8.1583,112.6033
2023-01-02,27.1,21.1,23.7,9.3,9.3,3.12,29.5,16.45,96,71,Malang,-8.1583,112.6033
2023-01-03,27.3,22.1,24.0,3.4,3.4,3.91,23.8,20.05,91,68,Malang,-8.1583,112.6033
2023-01-04,26.9,21.7,23.6,7.8,7.8,3.63,26.3,19.85,96,73,Malang,-8.1583,112.6033
2023-01-05,26.8,21.4,23.6,8.5,8.5,3.55,24.9,20.11,96,75,Malang,-8.1583,112.6033
2023-01-06,26.3,20.6,22.9,11.5,11.5,2.76,21.7,15.53,97,76,Malang,-8.1583,112.6033
2023-01-07,26.9,20.8,23.6,1.8,1.8,4.04,20.6,22.64,97,75,Malang,-8.1583,112.6033
2023-01-08,27.4,20.8,23.8,0.9,0.9,4.42,18.6,24.38,98,75,Malang,-8.1583,112.6033
2023-01-09,28.0,22.0,24.1,1.6,1.6,4.33,16.3,23.05,98,68,Malang,-8.1583,112.6033
2023-01-10,27.5,21.5,24.2,0.8,0.8,4.42,17.9,23.81,97,70,Malang,-8.1583,112.6033
2023-01-11,27.4,21.1,24.0,0.4,0.4,4.26,14.8,22.57,100,70,Malang,-8.1583,112.6033
2023-01-12,27.3,19.4,23.5,0.9,0.9,4.67,17.4,25.14,98,69,Malang,-8.1583,112.6033
2023-01-13,28.1,19.6,23.7,0.8,0.8,4.34,19.4,22.23,97,62,Malang,-8.1583,112.6033
2023-01-14,27.5,20.6,23.9,3.3,3.3,3.97,17.0,21.49,96,76,Malang,-8.1583,112.6033
2023-01-15,27.8,21.0,23.7,14.5,14.5,3.34,14.7,17.79,96,76,Malang,-8.1583,112.6033
2023-01-16,27.8,20.7,23.8,7.5,7.5,3.32,16.3,17.58,98,71,Malang,-8.1583,112.6033
2023-01-17,26.7,21.2,23.6,8.1,8.1,3.03,14.5,16.13,100,79,Malang,-8.1583,112.6033
2023-01-18,26.5,20.6,23.4,12.0,12.0,3.38,15.5,18.25,97,76,Malang,-8.1583,112.6033
2023-01-19,26.8,20.6,23.3,9.7,9.7,3.69,16.3,20.19,100,75,Malang,-8.1583,112.6033
2023-01-20,26.8,21.3,23.7,7.4,7.4,3.21,13.0,16.9,97,69,Malang,-8.1583,112.6033
2023-01-21,27.2,20.9,23.5,15.1,15.1,3.62,15.2,19.76,98,75,Malang,-8.1583,112.6033
2023-01-22,27.0,21.2,23.9,2.1,2.1,4.06,17.8,21.99,99,74,Malang,-8.1583,112.6033
2023-01-23,28.5,20.8,24.3,0.2,0.2,5.14,15.1,26.85,98,60,Malang,-8.1583,112.6033
2023-01-24,28.8,21.0,24.4,0.6,0.6,4.85,14.4,25.25,98,66,Malang,-8.1583,112.6033
2023-01-25,28.0,21.0,23.7,12.1,12.1,3.61,14.8,19.11,98,75,Malang,-8.1583,112.6033
2023-01-26,25.7,21.6,22.9,20.2,20.2,1.94,14.2,10.25,96,83,Malang,-8.1583,112.6033
2023-01-27,26.1,21.6,23.3,19.5,19.5,2.42,16.3,12.64,96,82,Malang,-8.1583,112.6033
2023-01-28,26.5,21.5,23.1,21.8,21.8,2.38,11.0,12.2,98,79,Malang,-8.1583,112.6033
2023-01-29,27.7,21.6,23.7,12.3,12.3,2.75,10.9,13.76,98,70,Malang,-8.1583,112.6033
2023-01-30,27.2,21.6,23.7,10.6,10.6,2.77,14.3,14.38,100,77,Malang,-8.1583,112.6033
2023-01-31,26.1,21.6,23.6,39.7,39.7,2.46,19.9,13.42,96,78,Malang,-8.1583,112.6033
2023-02-01,27.8,21.7,23.7,24.8,24.8,2.97,20.2,15.59,98,69,Malang,-8.1583,112.6033
2023-02-02,27.0,21.5,23.7,1.9,1.9,2.13,12.9,9.28,94,71,Malang,-8.1583,112.6033
2023-02-03,27.2,21.0,23.7,4.7,4.7,2.2,10.5,10.12,98,70,Malang,-8.1583,112.6033
2023-02-04,27.0,21.0,23.6,4.7,4.7,2.83,20.3,14.67,100,64,Malang,-8.1583,112.6033
2023-02-05,25.8,21.9,23.5,9.1,9.1,2.77,23.1,13.75,96,74,Malang,-8.1583,112.6033
2023-02-06,26.5,21.0,23.1,17.2,17.2,2.47,21.9,12.9,96,77,Malang,-8.1583,112.6033
2023-02-07,26.8,20.5,23.0,25.9,25.9,2.65,20.1,14.32,96,71,Malang,-8.1583,112.6033
2023-02-08,26.3,21.4,23.3,17.3,17.3,2.2,17.3,10.63,98,76,Malang,-8.1583,112.6033
2023-02-09,27.5,21.5,23.6,27.2,27.2,3.39,19.9,18.13,96,67,Malang,-8.1583,112.6033
2023-02-10,28.7,20.4,23.6,14.7,14.7,3.7,16.6,19.35,98,69,Malang,-8.1583,112.6033
2023-02-11,27.9,20.8,23.5,23.0,23.0,3.27,8.1,16.52,97,72,Malang,-8.1583,112.6033
2023-02-12,27.7,21.5,23.5,24.2,24.2,3.25,14.5,16.88,98,73,Malang,-8.1583,112.6033
2023-02-13,25.2,21.4,22.7,22.9,22.9,1.93,16.6,10.32,97,85,Malang,-8.1583,112.6033
2023-02-14,26.6,20.9,23.2,9.5,9.5,3.54,21.2,20.37,97,80,Malang,-8.1583,112.6033
2023-02-15,24.9,21.5,22.3,27.5,27.5,1.8,16.1,9.61,96,85,Malang,-8.1583,112.6033
2023-02-16,26.0,21.6,23.2,30.9,30.9,2.33,13.7,12.14,96,82,Malang,-8.1583,112.6033
2023-02-17,26.9,21.0,23.3,9.0,9.0,2.89,13.7,15.25,97,79,Malang,-8.1583,112.6033
2023-02-18,27.4,21.0,23.4,21.2,21.2,3.26,15.3,17.64,98,77,Malang,-8.1583,112.6033
2023-02-19,27.5,21.0,23.8,5.4,5.4,3.89,19.7,21.01,97,72,Malang,-8.1583,112.6033
2023-02-20,27.1,21.2,23.8,2.5,2.5,3.69,17.5,20.28,98,76,Malang,-8.1583,112.6033
2023-02-21,28.6,20.7,24.0,3.6,3.6,4.24,19.8,22.61,97,66,Malang,-8.1583,112.6033
2023-02-22,27.9,21.0,23.7,17.0,17.0,3.64,19.9,20.35,98,70,Malang,-8.1583,112.6033
2023-02-23,27.8,20.5,23.9,3.5,3.5,3.75,19.0,19.39,98,72,Malang,-8.1583,112.6033
2023-02-24,27.8,21.2,23.9,7.0,7.0,3.18,25.8,16.91,99,69,Malang,-8.1583,112.6033
2023-02-25,28.9,21.7,23.8,13.2,13.2,3.32,19.6,17.57,100,69,Malang,-8.1583,112.6033
2023-02-26,27.5,21.5,23.5,10.2,10.2,3.43,22.0,18.4,98,69,Malang,-8.1583,112.6033
2023-02-27,28.3,20.4,24.0,3.7,3.7,3.98,23.2,20.55,97,69,Malang,-8.1583,112.6033
2023-02-28,28.8,21.5,23.7,7.3,7.3,3.29,20.8,16.24,98,64,Malang,-8.1583,112.6033
2023-03-01,25.5,21.0,22.9,16.0,16.0,2.66,20.3,14.7,96,83,Malang,-8.1583,112.6033
2023-03-02,27.4,20.6,23.3,23.7,23.7,3.75,17.6,20.17,97,70,Malang,-8.1583,112.6033
2023-03-03,28.0,21.0,24.0,1.2,1.2,4.6,19.4,24.54,97,64,Malang,-8.1583,112.6033
2023-03-04,27.5,19.9,23.4,9.8,9.8,4.16,18.3,22.69,98,68,Malang,-8.1583,112.6033
2023-03-05,26.9,20.1,22.7,31.5,31.5,2.95,20.6,16.64,100,76,Malang,-8.1583,112.6033
2023-03-06,26.2,20.9,23.2,3.4,3.4,3.3,16.8,18.64,99,82,Malang,-8.1583,112.6033
2023-03-07,28.0,21.0,24.1,0.5,0.5,4.82,16.2,25.96,100,69,Malang,-8.1583,112.6033
2023-03-08,26.7,20.9,23.6,4.6,4.6,3.9,14.1,21.22,100,79,Malang,-8.1583,112.6033
2023-03-09,28.2,20.5,24.0,1.9,1.9,4.62,12.6,24.07,100,66,Malang,-8.1583,112.6033
2023-03-10,28.5,20.5,24.2,2.3,2.3,4.27,13.3,21.86,98,69,Malang,-8.1583,112.6033
2023-03-11,28.5,19.9,24.2,0.2,0.2,4.87,16.1,26.38,98,71,Malang,-8.1583,112.6033
2023-03-12,28.8,19.7,24.0,0.3,0.3,4.91,14.8,25.88,100,64,Malang,-8.1583,112.6033
2023-03-13,27.7,20.2,23.7,4.6,4.6,4.65,11.4,24.42,100,65,Malang,-8.1583,112.6033
2023-03-14,27.3,20.1,23.8,2.3,2.3,4.36,14.1,23.33,96,71,Malang,-8.1583,112.6033
2023-03-15,29.1,20.7,24.4,0.4,0.4,4.37,8.1,21.89,99,61,Malang,-8.1583,112.6033
2023-03-16,27.9,22.0,24.3,14.6,14.6,3.43,8.4,17.38,96,73,Malang,-8.1583,112.6033
2023-03-17,28.2,20.5,23.9,7.4,7.4,3.75,12.3,19.52,97,69,Malang,-8.1583,112.6033
2023-03-18,28.2,20.5,24.1,9.2,9.2,4.05,13.2,21.48,97,71,Malang,-8.1583,112.6033
2023-03-19,28.6,21.0,23.9,7.7,7.7,3.38,12.0,17.35,98,77,Malang,-8.1583,112.6033
2023-03-20,27.5,20.8,24.0,10.8,10.8,3.92,13.8,21.03,98,75,Malang,-8.1583,112.6033
2023-03-21,29.9,20.4,24.8,5.5,5.5,4.89,8.2,24.63,100,63,Malang,-8.1583,112.6033
2023-03-22,28.8,21.2,24.4,10.6,10.6,4.12,9.6,21.19,96,67,Malang,-8.1583,112.6033
2023-03-23,28.8,20.8,24.4,6.4,6.4,3.91,7.7,19.7,98,68,Malang,-8.1583,112.6033
2023-03-24,28.8,21.2,24.2,4.6,4.6,3.68,11.8,19.09,97,75,Malang,-8.1583,112.6033
2023-03-25,28.5,20.9,23.8,30.8,30.8,3.74,12.4,19.18,97,67,Malang,-8.1583,112.6033
2023-03-26,28.1,20.5,23.7,6.9,6.9,3.41,9.2,17.25,100,73,Malang,-8.1583,112.6033
2023-03-27,26.4,21.2,23.5,8.9,8.9,2.5,9.9,13.0,98,81,Malang,-8.1583,112.6033
2023-03-28,28.6,21.3,24.1,12.2,12.2,3.35,7.1,16.75,97,65,Malang,-8.1583,112.6033
2023-03-29,28.6,22.0,24.5,5.9,5.9,3.84,9.5,19.63,96,66,Malang,-8.1583,112.6033
2023-03-30,28.2,20.9,24.4,7.3,7.3,4.3,11.6,22.54,100,68,Malang,-8.1583,112.6033
2023-03-31,27.5,20.9,23.3,10.7,10.7,3.18,13.9,16.45,100,73,Malang,-8.1583,112.6033
2023-04-01,26.0,21.0,23.1,16.0,16.0,2.53,13.5,13.33,100,84,Malang,-8.1583,112.6033
2023-04-02,26.9,20.6,22.9,26.4,26.4,2.63,13.0,14.02,100,82,Malang,-8.1583,112.6033
2023-04-03,26.7,21.4,23.5,20.1,20.1,2.66,10.2,13.99,98,83,Malang,-8.1583,112.6033
2023-04-04,27.2,21.0,23.4,10.5,10.5,3.25,13.2,17.37,97,78,Malang,-8.1583,112.6033
2023-04-05,28.6,21.5,24.4,2.2,2.2,4.1,14.6,20.94,95,64,Malang,-8.1583,112.6033
2023-04-06,27.5,21.0,23.5,3.9,3.9,3.31,13.5,17.85,100,77,Malang,-8.1583,112.6033
2023-04-07,27.0,21.0,24.0,0.6,0.6,3.58,12.7,18.8,98,74,Malang,-8.1583,112.6033
2023-04-08,27.9,20.2,24.1,2.1,2.1,4.08,15.8,21.28,98,68,Malang,-8.1583,112.6033
2023-04-09,27.8,20.6,23.9,0.5,0.5,3.96,18.2,20.82,96,70,Malang,-8.1583,112.6033
2023-04-10,27.0,21.0,23.3,18.2,18.2,3.26,16.7,17.94,98,80,Malang,-8.1583,112.6033
2023-04-11,26.8,21.3,23.9,2.9,2.9,3.14,15.0,16.79,100,76,Malang,-8.1583,112.6033
2023-04-12,26.0,21.5,23.7,19.1,19.1,2.31,10.4,12.27,99,85,Malang,-8.1583,112.6033
2023-04-13,27.0,21.6,23.6,10.2,10.2,2.42,13.5,12.02,99,75,Malang,-8.1583,112.6033
2023-04-14,26.0,20.8,23.3,1.1,1.1,2.46,16.1,12.49,98,78,Malang,-8.1583,112.6033
2023-04-15,26.9,20.5,23.7,2.1,2.1,3.42,16.4,18.42,97,76,Malang,-8.1583,112.6033
2023-04-16,29.0,21.5,24.6,0.2,0.2,4.44,16.0,23.22,98,67,Malang,-8.1583,112.6033
2023-04-17,28.0,20.8,23.8,16.4,16.4,3.41,8.0,17.42,99,74,Malang,-8.1583,112.6033
2023-04-18,27.9,20.6,23.9,4.1,4.1,3.43,12.7,17.93,96,77,Malang,-8.1583,112.6033
2023-04-19,28.5,19.9,24.2,1.3,1.3,4.27,16.5,22.78,100,70,Malang,-8.1583,112.6033
2023-04-20,28.2,20.1,24.0,3.1,3.1,3.84,16.7,20.62,99,72,Malang,-8.1583,112.6033
2023-04-21,28.1,20.9,24.1,4.5,4.5,3.94,9.4,20.44,100,68,Malang,-8.1583,112.6033
2023-04-22,28.3,20.8,24.2,5.9,5.9,3.78,17.6,20.0,99,70,Malang,-8.1583,112.6033
2023-04-23,29.0,21.0,24.7,1.8,1.8,4.12,7.9,20.68,98,66,Malang,-8.1583,112.6033
2023-04-24,29.6,21.4,24.9,3.3,3.3,4.24,10.3,21.36,99,63,Malang,-8.1583,112.6033
2023-04-25,29.7,21.4,24.6,4.4,4.4,4.32,13.3,21.62,98,61,Malang,-8.1583,112.6033
2023-04-26,28.3,20.9,24.1,8.4,8.4,2.92,7.2,14.69,98,78,Malang,-8.1583,112.6033
2023-04-27,27.9,20.9,24.0,11.9,11.9,3.54,15.4,18.95,99,74,Malang,-8.1583,112.6033
2023-04-28,27.4,21.2,24.1,20.1,20.1,2.5,12.2,12.83,100,82,Malang,-8.1583,112.6033
2023-04-29,27.6,21.6,23.7,9.6,9.6,2.37,13.2,11.69,97,72,Malang,-8.1583,112.6033
2023-04-30,28.9,21.0,24.2,16.2,16.2,3.51,9.7,18.03,98,69,Malang,-8.1583,112.6033
2023-05-01,28.9,21.0,24.4,7.3,7.3,3.44,10.1,17.28,96,65,Malang,-8.1583,112.6033
2023-05-02,28.5,21.0,24.3,3.8,3.8,3.33,9.7,16.85,97,69,Malang,-8.1583,112.6033
2023-05-03,28.6,21.4,24.6,15.4,15.4,2.99,6.9,14.94,98,78,Malang,-8.1583,112.6033
2023-05-04,28.2,22.1,24.5,6.7,6.7,3.08,7.1,15.43,100,72,Malang,-8.1583,112.6033
2023-05-05,28.4,20.6,24.7,1.9,1.9,3.96,16.5,20.61,98,71,Malang,-8.1583,112.6033
2023-05-06,27.8,22.2,24.5,4.6,4.6,3.14,17.6,16.47,98,78,Malang,-8.1583,112.6033
2023-05-07,27.7,22.1,24.4,0.0,0.0,3.84,17.8,20.31,97,73,Malang,-8.1583,112.6033
2023-05-08,29.4,20.6,24.6,0.2,0.2,4.19,13.0,21.15,98,63,Malang,-8.1583,112.6033
2023-05-09,27.0,21.9,24.0,6.9,6.9,2.86,16.3,15.47,100,81,Malang,-8.1583,112.6033
2023-05-10,28.1,21.2,24.0,0.3,0.3,2.74,12.5,13.73,98,70,Malang,-8.1583,112.6033
2023-05-11,28.0,21.6,24.4,2.1,2.1,2.97,10.8,15.11,99,74,Malang,-8.1583,112.6033
2023-05-12,28.3,23.0,24.9,1.9,1.9,3.5,20.9,18.81,98,75,Malang,-8.1583,112.6033
2023-05-13,26.4,21.6,23.7,0.0,0.0,3.96,23.2,21.2,96,72,Malang,-8.1583,112.6033
2023-05-14,26.1,20.7,23.2,0.0,0.0,3.72,23.2,19.9,95,72,Malang,-8.1583,112.6033
2023-05-15,26.1,20.3,23.1,0.0,0.0,3.72,20.2,19.27,95,70,Malang,-8.1583,112.6033
2023-05-16,26.6,20.0,22.8,0.0,0.0,3.38,16.3,17.11,90,66,Malang,-8.1583,112.6033
2023-05-17,26.7,18.8,22.6,0.0,0.0,3.52,14.6,18.12,95,64,Malang,-8.1583,112.6033
2023-05-18,27.2,18.5,22.5,0.5,0.5,3.82,13.7,20.49,95,67,Malang,-8.1583,112.6033
2023-05-19,27.5,19.5,23.2,0.3,0.3,3.93,13.7,20.8,96,69,Malang,-8.1583,112.6033
2023-05-20,28.0,19.8,23.3,0.0,0.0,4.13,19.7,22.15,94,64,Malang,-8.1583,112.6033
2023-05-21,28.4,19.1,23.4,0.0,0.0,4.29,19.8,22.36,93,58,Malang,-8.1583,112.6033
2023-05-22,27.5,19.0,22.9,0.4,0.4,4.07,18.0,21.88,95,64,Malang,-8.1583,112.6033
2023-05-23,28.1,18.5,23.1,0.4,0.4,3.69,14.0,19.0,96,59,Malang,-8.1583,112.6033
2023-05-24,28.5,18.8,23.4,0.7,0.7,3.98,12.1,20.67,98,63,Malang,-8.1583,112.6033
2023-05-25,27.7,19.7,23.3,0.0,0.0,4.09,18.7,21.83,98,63,Malang,-8.1583,112.6033
2023-05-26,28.0,19.6,23.5,0.0,0.0,4.13,22.9,21.29,96,61,Malang,-8.1583,112.6033
2023-05-27,27.1,21.2,23.6,0.0,0.0,4.25,19.7,21.56,94,63,Malang,-8.1583,112.6033
2023-05-28,26.8,20.7,23.4,0.0,0.0,4.15,23.1,20.07,88,64,Malang,-8.1583,112.6033
2023-05-29,27.8,20.3,23.4,0.0,0.0,4.23,17.8,21.9,96,52,Malang,-8.1583,112.6033
2023-05-30,28.6,19.0,23.3,0.0,0.0,3.94,13.8,20.19,96,59,Malang,-8.1583,112.6033
2023-05-31,27.7,20.5,23.7,0.2,0.2,3.69,15.8,18.89,100,65,Malang,-8.1583,112.6033
2023-06-01,28.5,20.2,23.9,0.0,0.0,3.41,19.7,16.79,98,64,Malang,-8.1583,112.6033
2023-06-02,27.2,21.9,24.1,4.4,4.4,3.4,21.4,18.1,96,73,Malang,-8.1583,112.6033
2023-06-03,28.1,21.3,24.2,0.1,0.1,3.53,17.5,17.98,95,68,Malang,-8.1583,112.6033
2023-06-04,26.0,21.8,23.5,2.2,2.2,2.78,16.0,14.86,98,76,Malang,-8.1583,112.6033
2023-06-05,26.5,21.5,23.4,1.1,1.1,2.86,17.8,15.39,98,77,Malang,-8.1583,112.6033
2023-06-06,25.5,20.9,23.1,2.6,2.6,2.44,20.3,13.34,98,78,Malang,-8.1583,112.6033
2023-06-07,26.1,21.5,23.2,10.1,10.1,2.57,20.9,13.83,98,77,Malang,-8.1583,112.6033
2023-06-08,27.6,21.1,23.7,1.3,1.3,3.5,18.8,18.69,96,71,Malang,-8.1583,112.6033
2023-06-09,27.0,20.7,23.4,0.0,0.0,3.76,20.0,20.69,96,69,Malang,-8.1583,112.6033
2023-06-10,27.6,20.2,23.7,0.2,0.2,3.59,18.1,18.5,97,66,Malang,-8.1583,112.6033
2023-06-11,26.5,21.5,23.7,3.5,3.5,2.96,14.5,15.95,96,75,Malang,-8.1583,112.6033
2023-06-12,28.4,20.5,24.0,2.3,2.3,3.54,18.7,18.06,98,67,Malang,-8.1583,112.6033
2023-06-13,28.1,21.5,24.0,0.0,0.0,3.58,24.7,18.0,95,69,Malang,-8.1583,112.6033
2023-06-14,27.6,21.2,23.7,0.0,0.0,3.79,19.1,19.03,92,64,Malang,-8.1583,112.6033
2023-06-15,27.4,21.0,23.4,0.0,0.0,3.27,20.4,16.7,95,65,Malang,-8.1583,112.6033
2023-06-16,27.5,20.5,23.5,0.3,0.3,3.14,17.5,15.73,98,63,Malang,-8.1583,112.6033
2023-06-17,28.5,19.5,23.5,0.1,0.1,3.84,13.5,20.11,100,68,Malang,-8.1583,112.6033
2023-06-18,29.5,19.4,23.9,0.0,0.0,4.03,9.2,20.58,98,57,Malang,-8.1583,112.6033
2023-06-19,29.3,19.8,24.2,1.3,1.3,3.76,11.1,18.58,89,57,Malang,-8.1583,112.6033
2023-06-20,28.7,19.5,23.8,0.2,0.2,3.84,11.7,19.33,94,60,Malang,-8.1583,112.6033
2023-06-21,27.8,20.2,23.5,0.0,0.0,3.87,17.9,20.09,96,67,Malang,-8.1583,112.6033
2023-06-22,28.8,20.5,23.8,0.0,0.0,3.86,21.1,20.17,98,63,Malang,-8.1583,112.6033
2023-06-23,28.9,18.9,23.2,0.1,0.1,3.87,18.8,19.32,99,55,Malang,-8.1583,112.6033
2023-06-24,29.0,18.6,23.1,0.0,0.0,3.77,15.5,19.13,97,57,Malang,-8.1583,112.6033
2023-06-25,28.6,20.2,23.5,0.3,0.3,3.74,12.4,18.86,100,58,Malang,-8.1583,112.6033
2023-06-26,28.0,19.2,23.0,0.7,0.7,3.71,15.0,19.12,100,59,Malang,-8.1583,112.6033
2023-06-27,26.2,20.1,22.7,3.3,3.3,2.78,17.7,14.9,100,70,Malang,-8.1583,112.6033
2023-06-28,26.0,21.4,23.1,1.2,1.2,2.57,18.3,13.67,97,77,Malang,-8.1583,112.6033
2023-06-29,27.2,21.7,23.7,0.3,0.3,3.29,16.7,17.24,99,72,Malang,-8.1583,112.6033
2023-06-30,27.5,21.0,23.6,2.6,2.6,3.34,17.9,17.38,100,72,Malang,-8.1583,112.6033
2023-07-01,25.9,21.9,23.3,2.3,2.3,2.47,22.8,12.89,96,76,Malang,-8.1583,112.6033
2023-07-02,25.1,21.5,22.9,1.7,1.7,1.91,20.9,9.73,96,79,Malang,-8.1583,112.6033
2023-07-03,25.4,20.6,22.9,2.2,2.2,2.71,15.1,14.92,97,78,Malang,-8.1583,112.6033
2023-07-04,26.2,21.5,23.1,3.0,3.0,2.76,13.4,14.65,99,75,Malang,-8.1583,112.6033
2023-07-05,25.1,21.6,23.1,3.6,3.6,2.06,16.9,10.91,98,83,Malang,-8.1583,112.6033
2023-07-06,26.5,21.9,23.4,3.1,3.1,2.65,23.8,14.3,97,76,Malang,-8.1583,112.6033
2023-07-07,25.5,21.2,22.6,30.2,30.2,1.83,23.9,9.87,98,81,Malang,-8.1583,112.6033
2023-07-08,26.4,21.5,23.3,1.7,1.7,2.69,14.5,14.27,96,74,Malang,-8.1583,112.6033
2023-07-09,27.1,21.5,23.7,1.2,1.2,3.28,22.2,17.58,98,72,Malang,-8.1583,112.6033
2023-07-10,27.1,20.1,23.2,0.1,0.1,3.48,21.0,18.39,98,70,Malang,-8.1583,112.6033
2023-07-11,26.2,20.4,22.9,0.0,0.0,3.92,26.0,20.93,94,66,Malang,-8.1583,112.6033
2023-07-12,26.3,19.4,22.8,0.0,0.0,3.96,27.7,19.56,90,64,Malang,-8.1583,112.6033
2023-07-13,25.9,21.0,23.2,0.3,0.3,3.06,24.5,15.88,95,75,Malang,-8.1583,112.6033
2023-07-14,25.9,21.4,23.0,0.0,0.0,3.37,24.0,17.6,96,66,Malang,-8.1583,112.6033
2023-07-15,26.9,20.6,23.1,0.1,0.1,3.1,18.4,15.68,96,68,Malang,-8.1583,112.6033
2023-07-16,25.5,20.1,22.4,0.3,0.3,3.22,20.1,17.02,97,67,Malang,-8.1583,112.6033
2023-07-17,26.4,19.5,22.5,0.0,0.0,3.87,23.4,20.79,95,64,Malang,-8.1583,112.6033
2023-07-18,27.6,19.2,22.8,0.0,0.0,4.08,21.4,21.62,97,60,Malang,-8.1583,112.6033
2023-07-19,25.9,20.0,22.3,0.0,0.0,4.01,30.1,20.83,94,63,Malang,-8.1583,112.6033
2023-07-20,25.7,19.2,22.0,0.0,0.0,4.17,25.3,20.72,91,60,Malang,-8.1583,112.6033
2023-07-21,26.0,19.9,22.3,0.0,0.0,4.0,24.8,20.13,87,63,Malang,-8.1583,112.6033
2023-07-22,27.4,19.8,23.0,0.0,0.0,4.34,27.5,21.15,93,61,Malang,-8.1583,112.6033
2023-07-23,26.5,20.2,23.0,0.0,0.0,4.48,23.8,21.81,89,61,Malang,-8.1583,112.6033
2023-07-24,28.2,19.0,22.8,0.0,0.0,3.92,17.5,19.92,100,56,Malang,-8.1583,112.6033
2023-07-25,28.6,18.0,22.5,0.0,0.0,4.26,17.3,22.05,100,54,Malang,-8.1583,112.6033
2023-07-26,27.0,19.9,22.5,0.0,0.0,4.18,20.9,21.95,96,58,Malang,-8.1583,112.6033
2023-07-27,26.9,16.7,21.7,0.0,0.0,4.16,20.5,21.91,95,55,Malang,-8.1583,112.6033
2023-07-28,26.6,19.3,22.3,0.0,0.0,3.92,21.4,18.52,93,56,Malang,-8.1583,112.6033
2023-07-29,26.0,18.9,22.1,0.0,0.0,4.38,26.5,22.36,92,60,Malang,-8.1583,112.6033
2023-07-30,26.2,19.2,22.1,0.2,0.2,4.05,27.7,19.9,93,59,Malang,-8.1583,112.6033
2023-07-31,27.9,19.2,22.6,0.0,0.0,3.64,19.6,17.95,96,57,Malang,-8.1583,112.6033
2023-08-01,30.0,18.8,23.3,0.3,0.3,4.18,18.2,20.89,100,51,Malang,-8.1583,112.6033
2023-08-02,29.4,18.5,23.3,1.3,1.3,4.15,13.5,20.94,100,56,Malang,-8.1583,112.6033
2023-08-03,28.5,20.5,23.7,0.4,0.4,3.23,18.0,14.93,100,60,Malang,-8.1583,112.6033
2023-08-04,25.9,20.6,22.8,0.2,0.2,3.54,24.7,17.49,98,59,Malang,-8.1583,112.6033
2023-08-05,28.0,19.5,23.2,0.2,0.2,3.99,26.0,20.03,97,63,Malang,-8.1583,112.6033
2023-08-06,27.9,21.0,23.6,1.6,1.6,3.73,18.7,18.4,95,62,Malang,-8.1583,112.6033
2023-08-07,27.8,20.3,23.3,0.0,0.0,3.97,21.4,19.92,98,62,Malang,-8.1583,112.6033
2023-08-08,27.8,18.7,22.8,0.0,0.0,4.42,19.6,22.14,98,57,Malang,-8.1583,112.6033
2023-08-09,27.8,18.2,22.3,0.0,0.0,4.23,24.2,21.79,97,59,Malang,-8.1583,112.6033
2023-08-10,28.0,17.9,21.9,0.0,0.0,4.66,20.6,24.2,99,46,Malang,-8.1583,112.6033
2023-08-11,27.4,16.4,21.4,0.0,0.0,4.81,19.3,24.12,98,43,Malang,-8.1583,112.6033
2023-08-12,28.0,15.1,21.2,0.0,0.0,4.57,18.8,23.67,100,52,Malang,-8.1583,112.6033
2023-08-13,28.5,16.2,21.8,0.0,0.0,4.57,20.4,23.31,100,47,Malang,-8.1583,112.6033
2023-08-14,27.5,17.4,22.2,0.0,0.0,4.59,21.9,23.54,97,51,Malang,-8.1583,112.6033
2023-08-15,28.0,18.0,22.7,0.0,0.0,4.56,21.0,23.68,100,57,Malang,-8.1583,112.6033
2023-08-16,27.7,19.3,22.8,0.0,0.0,4.74,26.8,23.8,94,51,Malang,-8.1583,112.6033
2023-08-17,25.9,18.9,21.7,0.0,0.0,3.37,24.5,16.65,95,62,Malang,-8.1583,112.6033
2023-08-18,27.4,19.3,22.4,0.1,0.1,3.59,20.5,16.73,96,55,Malang,-8.1583,112.6033
2023-08-19,27.8,18.4,22.6,0.0,0.0,4.24,21.3,21.6,99,56,Malang,-8.1583,112.6033
2023-08-20,28.5,18.9,22.9,0.0,0.0,4.04,21.3,20.03,100,53,Malang,-8.1583,112.6033
2023-08-21,27.5,19.5,22.9,0.0,0.0,4.55,30.3,23.02,95,57,Malang,-8.1583,112.6033
2023-08-22,26.8,19.5,22.5,0.2,0.2,3.61,26.7,17.22,98,61,Malang,-8.1583,112.6033
2023-08-23,26.8,19.6,22.4,0.3,0.3,3.41,24.5,15.62,93,61,Malang,-8.1583,112.6033
2023-08-24,28.5,18.9,23.2,0.0,0.0,4.55,24.9,22.45,93,55,Malang,-8.1583,112.6033
2023-08-25,28.1,20.5,23.3,0.0,0.0,3.9,23.7,18.68,96,61,Malang,-8.1583,112.6033
2023-08-26,27.2,20.3,23.1,0.0,0.0,3.63,20.7,16.77,93,61,Malang,-8.1583,112.6033
2023-08-27,28.7,18.2,22.7,0.0,0.0,4.65,20.1,23.05,97,49,Malang,-8.1583,112.6033
2023-08-28,28.5,17.6,22.9,0.0,0.0,4.86,20.3,24.05,93,46,Malang,-8.1583,112.6033
2023-08-29,29.1,18.5,23.4,0.0,0.0,5.23,20.2,24.65,99,45,Malang,-8.1583,112.6033
2023-08-30,29.6,18.5,23.3,0.0,0.0,4.89,18.8,24.41,98,46,Malang,-8.1583,112.6033
2023-08-31,28.0,20.2,23.0,0.0,0.0,3.89,21.6,18.49,99,57,Malang,-8.1583,112.6033
2023-09-01,27.2,19.5,22.4,0.0,0.0,4.59,22.4,22.8,97,53,Malang,-8.1583,112.6033
2023-09-02,28.2,16.6,22.1,0.0,0.0,4.55,21.7,21.68,95,44,Malang,-8.1583,112.6033
2023-09-03,27.8,18.2,22.4,0.0,0.0,4.59,24.0,22.14,97,45,Malang,-8.1583,112.6033
2023-09-04,27.5,19.0,22.5,0.0,0.0,5.49,24.2,25.59,89,41,Malang,-8.1583,112.6033
2023-09-05,28.6,18.7,22.9,0.0,0.0,5.0,19.5,24.37,92,49,Malang,-8.1583,112.6033
2023-09-06,27.4,20.6,23.3,0.0,0.0,4.7,26.3,22.63,94,56,Malang,-8.1583,112.6033
2023-09-07,28.4,20.4,23.2,0.0,0.0,4.66,19.5,22.87,95,53,Malang,-8.1583,112.6033
2023-09-08,29.3,18.0,22.8,0.0,0.0,5.33,17.4,25.83,97,43,Malang,-8.1583,112.6033
2023-09-09,28.9,16.0,22.1,0.0,0.0,5.33,18.2,26.52,96,43,Malang,-8.1583,112.6033
2023-09-10,28.9,20.0,23.4,0.0,0.0,4.53,21.5,20.95,96,50,Malang,-8.1583,112.6033
2023-09-11,29.6,20.2,24.3,0.2,0.2,4.66,20.6,21.51,94,54,Malang,-8.1583,112.6033
2023-09-12,29.0,20.8,24.0,0.1,0.1,4.89,27.3,24.47,97,55,Malang,-8.1583,112.6033
2023-09-13,28.6,19.2,23.6,1.3,1.3,4.55,24.2,21.62,98,56,Malang,-8.1583,112.6033
2023-09-14,25.9,20.8,23.1,0.2,0.2,3.52,27.5,15.39,97,60,Malang,-8.1583,112.6033
2023-09-15,28.6,20.2,23.7,0.0,0.0,4.77,27.5,22.48,98,55,Malang,-8.1583,112.6033
2023-09-16,28.8,20.0,23.5,4.5,4.5,4.27,20.8,20.45,98,54,Malang,-8.1583,112.6033
2023-09-17,28.5,21.0,23.9,0.0,0.0,4.97,22.0,24.35,95,55,Malang,-8.1583,112.6033
2023-09-18,28.2,19.8,23.3,0.0,0.0,4.33,20.1,20.54,98,53,Malang,-8.1583,112.6033
2023-09-19,28.7,19.0,23.4,0.0,0.0,5.32,19.5,25.88,93,50,Malang,-8.1583,112.6033
2023-09-20,29.1,19.2,23.4,0.0,0.0,5.37,20.4,26.28,95,49,Malang,-8.1583,112.6033
2023-09-21,29.3,18.6,23.2,0.0,0.0,5.59,19.8,26.8,97,45,Malang,-8.1583,112.6033
2023-09-22,28.6,18.7,22.9,0.0,0.0,5.6,22.7,26.94,98,34,Malang,-8.1583,112.6033
2023-09-23,29.2,18.5,23.2,0.0,0.0,4.6,19.8,21.82,94,48,Malang,-8.1583,112.6033
2023-09-24,29.5,19.8,24.0,0.1,0.1,4.94,20.9,23.83,98,53,Malang,-8.1583,112.6033
2023-09-25,29.2,20.8,23.9,0.3,0.3,5.48,24.1,26.67,97,40,Malang,-8.1583,112.6033
2023-09-26,30.5,20.0,24.1,0.0,0.0,5.99,28.2,27.01,93,30,Malang,-8.1583,112.6033
2023-09-27,30.4,18.6,23.9,0.0,0.0,5.23,19.2,25.14,97,45,Malang,-8.1583,112.6033
2023-09-28,31.1,20.6,24.6,0.0,0.0,5.24,19.4,24.87,95,44,Malang,-8.1583,112.6033
2023-09-29,31.5,21.1,24.9,0.0,0.0,5.73,20.6,27.11,98,41,Malang,-8.1583,112.6033
2023-09-30,31.0,20.3,24.6,0.0,0.0,5.82,24.8,27.21,97,40,Malang,-8.1583,112.6033
2023-10-01,30.1,18.5,24.1,0.0,0.0,5.78,22.7,27.14,99,42,Malang,-8.1583,112.6033
2023-10-02,29.1,18.7,23.8,0.0,0.0,5.19,19.8,25.05,100,51,Malang,-8.1583,112.6033
2023-10-03,29.1,19.9,24.3,1.2,1.2,4.75,17.7,22.04,100,56,Malang,-8.1583,112.6033
2023-10-04,31.2,21.0,25.2,0.4,0.4,5.17,19.2,23.96,87,50,Malang,-8.1583,112.6033
2023-10-05,32.3,22.0,26.0,0.0,0.0,5.39,21.0,24.47,95,48,Malang,-8.1583,112.6033
2023-10-06,32.2,21.4,25.9,0.1,0.1,5.71,19.8,26.14,99,46,Malang,-8.1583,112.6033
2023-10-07,31.1,22.5,26.0,0.0,0.0,5.78,25.3,26.07,96,46,Malang,-8.1583,112.6033
2023-10-08,32.0,22.0,25.9,2.4,2.4,5.39,20.1,23.84,96,44,Malang,-8.1583,112.6033
2023-10-09,31.4,21.5,25.6,0.7,0.7,5.39,19.3,24.71,96,46,Malang,-8.1583,112.6033
2023-10-10,30.7,20.5,24.9,0.0,0.0,5.75,21.3,26.98,100,43,Malang,-8.1583,112.6033
2023-10-11,32.0,20.8,24.9,0.0,0.0,5.82,20.5,27.28,98,37,Malang,-8.1583,112.6033
2023-10-12,31.7,20.2,25.6,0.2,0.2,5.51,16.8,24.64,99,42,Malang,-8.1583,112.6033
2023-10-13,31.6,20.5,25.7,0.4,0.4,5.6,21.1,24.3,95,44,Malang,-8.1583,112.6033
2023-10-14,31.4,22.4,25.7,2.7,2.7,4.83,16.6,21.65,92,43,Malang,-8.1583,112.6033
2023-10-15,32.5,21.5,26.3,1.3,1.3,5.3,20.1,22.85,98,39,Malang,-8.1583,112.6033
2023-10-16,31.9,22.5,26.3,0.2,0.2,5.65,20.9,25.37,93,48,Malang,-8.1583,112.6033
2023-10-17,34.1,22.0,26.5,0.0,0.0,6.06,18.9,26.5,95,29,Malang,-8.1583,112.6033
2023-10-18,32.5,22.0,25.8,0.3,0.3,5.37,18.9,23.94,99,38,Malang,-8.1583,112.6033
2023-10-19,32.2,22.2,26.0,1.2,1.2,5.19,18.0,23.36,99,39,Malang,-8.1583,112.6033
2023-10-20,31.0,21.1,25.5,0.6,0.6,5.13,19.9,23.41,99,50,Malang,-8.1583,112.6033
2023-10-21,32.5,20.1,25.4,0.0,0.0,6.26,20.4,27.47,100,32,Malang,-8.1583,112.6033
2023-10-22,32.2,20.7,25.2,0.0,0.0,5.45,15.2,25.39,100,42,Malang,-8.1583,112.6033
2023-10-23,31.0,21.0,25.2,2.1,2.1,4.79,14.2,22.1,100,49,Malang,-8.1583,112.6033
2023-10-24,30.8,20.9,25.4,1.4,1.4,5.18,19.1,23.54,100,48,Malang,-8.1583,112.6033
2023-10-25,31.4,20.6,25.3,0.1,0.1,5.05,17.2,23.14,100,47,Malang,-8.1583,112.6033
2023-10-26,32.7,21.4,26.1,0.0,0.0,5.64,18.1,25.02,98,41,Malang,-8.1583,112.6033
2023-10-27,33.6,21.8,26.1,0.3,0.3,5.65,17.3,25.36,100,33,Malang,-8.1583,112.6033
2023-10-28,31.0,20.5,24.8,4.1,4.1,4.73,15.1,22.74,100,51,Malang,-8.1583,112.6033
2023-10-29,31.8,20.6,25.6,0.2,0.2,5.79,21.0,25.78,100,43,Malang,-8.1583,112.6033
2023-10-30,31.0,21.0,25.5,1.4,1.4,5.25,18.8,24.33,98,48,Malang,-8.1583,112.6033
2023-10-31,31.1,20.9,25.9,0.3,0.3,5.5,20.3,24.45,97,48,Malang,-8.1583,112.6033
2023-11-01,32.3,21.2,26.3,0.0,0.0,6.17,21.4,26.37,94,38,Malang,-8.1583,112.6033
2023-11-02,32.5,22.0,26.6,0.0,0.0,6.17,21.6,26.97,93,41,Malang,-8.1583,112.6033
2023-11-03,32.0,22.3,26.1,6.2,6.2,4.96,20.7,22.75,98,46,Malang,-8.1583,112.6033
2023-11-04,31.0,21.3,25.9,1.6,1.6,5.16,22.0,23.52,97,52,Malang,-8.1583,112.6033
2023-11-05,32.2,22.0,26.3,1.9,1.9,5.18,18.3,24.24,95,45,Malang,-8.1583,112.6033
2023-11-06,32.5,22.9,26.3,0.8,0.8,5.42,15.9,24.6,100,46,Malang,-8.1583,112.6033
2023-11-07,31.6,21.5,26.1,0.6,0.6,5.2,14.5,23.84,99,52,Malang,-8.1583,112.6033
2023-11-08,32.4,21.2,26.3,0.4,0.4,5.28,14.9,24.66,100,43,Malang,-8.1583,112.6033
2023-11-09,32.2,23.6,26.6,0.4,0.4,5.31,17.0,24.26,95,48,Malang,-8.1583,112.6033
2023-11-10,30.5,22.7,25.7,3.5,3.5,4.08,15.2,19.3,100,56,Malang,-8.1583,112.6033
2023-11-11,30.1,21.3,24.8,5.0,5.0,4.26,12.4,21.34,100,59,Malang,-8.1583,112.6033
2023-11-12,28.1,21.9,24.6,4.6,4.6,3.94,16.3,19.95,98,68,Malang,-8.1583,112.6033
2023-11-13,30.1,21.5,25.1,3.5,3.5,4.32,13.6,21.43,97,60,Malang,-8.1583,112.6033
2023-11-14,29.4,21.9,25.1,7.0,7.0,4.12,15.2,20.63,98,64,Malang,-8.1583,112.6033
2023-11-15,29.7,21.8,25.3,3.5,3.5,4.35,15.5,21.57,97,65,Malang,-8.1583,112.6033
2023-11-16,29.7,21.8,25.3,1.9,1.9,4.85,16.3,24.07,98,64,Malang,-8.1583,112.6033
2023-11-17,30.0,21.0,25.2,0.5,0.5,5.17,16.3,25.01,100,57,Malang,-8.1583,112.6033
2023-11-18,29.8,20.6,24.8,0.7,0.7,4.71,18.4,23.05,100,56,Malang,-8.1583,112.6033
2023-11-19,29.8,21.0,25.1,0.6,0.6,5.06,18.4,24.52,99,58,Malang,-8.1583,112.6033
2023-11-20,30.8,21.8,25.8,1.3,1.3,5.15,20.0,23.99,96,57,Malang,-8.1583,112.6033
2023-11-21,31.0,21.8,25.9,1.6,1.6,5.21,19.9,24.33,96,54,Malang,-8.1583,112.6033
2023-11-22,30.9,22.5,26.4,2.9,2.9,5.25,23.4,24.17,98,58,Malang,-8.1583,112.6033
2023-11-23,31.3,21.8,26.1,0.6,0.6,4.71,18.6,21.1,96,52,Malang,-8.1583,112.6033
2023-11-24,29.6,22.2,25.5,6.8,6.8,4.01,13.9,19.34,97,62,Malang,-8.1583,112.6033
2023-11-25,30.8,21.4,25.0,6.8,6.8,4.22,13.4,20.46,100,54,Malang,-8.1583,112.6033
2023-11-26,29.2,22.0,25.1,1.8,1.8,4.65,16.0,23.34,95,64,Malang,-8.1583,112.6033
2023-11-27,29.7,20.9,24.4,21.5,21.5,4.47,13.5,22.4,100,57,Malang,-8.1583,112.6033
2023-11-28,28.5,21.7,24.3,11.9,11.9,3.22,13.6,16.31,97,70,Malang,-8.1583,112.6033
2023-11-29,29.1,22.0,24.6,2.5,2.5,3.31,14.7,15.88,98,64,Malang,-8.1583,112.6033
2023-11-30,29.1,21.3,24.7,8.0,8.0,3.78,13.2,18.79,98,68,Malang,-8.1583,112.6033
2023-12-01,26.3,22.1,23.8,12.1,12.1,2.18,13.0,11.0,99,80,Malang,-8.1583,112.6033
2023-12-02,26.8,22.5,23.9,7.8,7.8,2.62,13.0,13.41,99,78,Malang,-8.1583,112.6033
2023-12-03,28.8,22.1,24.7,5.0,5.0,4.01,14.7,20.41,96,68,Malang,-8.1583,112.6033
2023-12-04,28.1,21.3,24.4,12.4,12.4,3.4,15.1,16.92,96,71,Malang,-8.1583,112.6033
2023-12-05,27.9,21.8,24.6,12.1,12.1,3.94,17.1,20.53,98,73,Malang,-8.1583,112.6033
2023-12-06,29.6,20.6,25.1,1.7,1.7,4.6,13.0,22.95,100,63,Malang,-8.1583,112.6033
2023-12-07,28.8,21.2,25.0,3.2,3.2,4.33,13.3,22.28,99,70,Malang,-8.1583,112.6033
2023-12-08,28.5,22.0,24.7,9.9,9.9,3.51,11.6,17.82,100,74,Malang,-8.1583,112.6033
2023-12-09,28.6,22.8,24.7,5.4,5.4,3.12,12.8,15.62,99,70,Malang,-8.1583,112.6033
2023-12-10,28.5,22.2,24.5,4.8,4.8,3.44,13.4,16.95,98,69,Malang,-8.1583,112.6033
2023-12-11,28.8,21.1,24.7,0.0,0.0,4.82,16.5,24.37,98,62,Malang,-8.1583,112.6033
2023-12-12,28.5,20.5,24.4,7.4,7.4,4.07,18.2,21.44,98,70,Malang,-8.1583,112.6033
2023-12-13,28.4,22.5,24.4,30.1,30.1,2.98,13.1,15.28,98,75,Malang,-8.1583,112.6033
2023-12-14,27.8,22.1,24.3,18.3,18.3,2.79,11.9,13.73,99,76,Malang,-8.1583,112.6033
2023-12-15,26.5,22.5,24.0,4.4,4.4,2.41,13.8,11.97,99,76,Malang,-8.1583,112.6033
2023-12-16,29.4,21.7,25.0,0.3,0.3,4.36,16.4,21.64,99,61,Malang,-8.1583,112.6033
2023-12-17,29.1,22.5,25.0,0.1,0.1,4.74,15.5,23.78,92,63,Malang,-8.1583,112.6033
2023-12-18,29.5,19.5,24.3,0.0,0.0,5.26,16.5,26.63,100,56,Malang,-8.1583,112.6033
2023-12-19,28.6,19.1,23.7,0.0,0.0,5.3,14.5,26.74,95,54,Malang,-8.1583,112.6033
2023-12-20,29.5,19.2,24.1,0.0,0.0,4.78,18.2,22.78,89,49,Malang,-8.1583,112.6033
2023-12-21,30.9,19.5,24.7,0.0,0.0,5.29,19.5,25.83,89,48,Malang,-8.1583,112.6033
2023-12-22,29.3,20.9,25.1,1.6,1.6,4.05,17.3,19.09,92,60,Malang,-8.1583,112.6033
2023-12-23,30.8,20.9,25.6,0.0,0.0,5.41,15.7,26.03,93,54,Malang,-8.1583,112.6033
2023-12-24,31.6,20.2,25.6,0.9,0.9,5.29,14.8,25.4,95,52,Malang,-8.1583,112.6033
2023-12-25,31.3,22.7,25.1,24.7,24.7,3.94,10.0,19.39,98,54,Malang,-8.1583,112.6033
2023-12-26,28.1,22.6,24.7,10.0,10.0,3.35,12.3,17.25,99,73,Malang,-8.1583,112.6033
2023-12-27,28.2,21.5,24.4,6.8,6.8,2.81,9.8,14.06,100,74,Malang,-8.1583,112.6033
2023-12-28,29.6,22.0,25.0,5.9,5.9,3.84,16.3,19.49,100,69,Malang,-8.1583,112.6033
2023-12-29,29.4,22.0,25.2,1.9,1.9,4.02,17.4,20.42,100,70,Malang,-8.1583,112.6033
2023-12-30,29.6,23.0,25.6,15.2,15.2,4.13,15.7,20.76,96,68,Malang,-8.1583,112.6033
2023-12-31,29.4,22.2,25.3,10.5,10.5,4.17,18.2,21.16,98,69,Malang,-8.1583,112.6033
2024-01-01,28.1,21.9,25.1,5.6,5.6,3.61,12.3,18.3,100,75,Malang,-8.1583,112.6033
2024-01-02,29.2,22.4,25.3,4.1,4.1,3.48,8.8,17.16,99,73,Malang,-8.1583,112.6033
2024-01-03,29.8,22.6,25.0,4.5,4.5,3.64,6.5,18.02,100,64,Malang,-8.1583,112.6033
2024-01-04,28.9,21.5,24.5,22.0,22.0,3.2,7.5,16.12,99,75,Malang,-8.1583,112.6033
2024-01-05,29.0,21.9,24.4,17.5,17.5,3.39,15.0,17.55,99,74,Malang,-8.1583,112.6033
2024-01-06,28.6,21.9,24.4,17.3,17.3,3.17,13.2,16.25,99,73,Malang,-8.1583,112.6033
2024-01-07,28.5,22.1,24.2,22.1,22.1,2.88,8.6,14.36,98,75,Malang,-8.1583,112.6033
2024-01-08,28.7,22.1,24.6,16.3,16.3,3.7,10.5,18.8,96,71,Malang,-8.1583,112.6033
2024-01-09,28.8,21.9,24.8,13.5,13.5,3.5,8.9,17.67,99,82,Malang,-8.1583,112.6033
2024-01-10,30.1,22.1,24.9,14.3,14.3,4.19,10.0,20.77,99,69,Malang,-8.1583,112.6033
2024-01-11,29.9,22.8,25.4,1.2,1.2,4.57,21.3,23.45,97,68,Malang,-8.1583,112.6033
2024-01-12,28.1,21.3,24.5,0.5,0.5,4.05,19.2,20.38,98,64,Malang,-8.1583,112.6033
2024-01-13,27.8,21.4,24.4,0.7,0.7,3.48,18.1,17.47,98,70,Malang,-8.1583,112.6033
2024-01-14,28.5,21.3,24.5,0.0,0.0,3.93,16.5,19.53,100,63,Malang,-8.1583,112.6033
2024-01-15,28.5,21.8,24.9,1.6,1.6,4.27,15.0,22.14,98,71,Malang,-8.1583,112.6033
2024-01-16,29.0,22.2,24.9,5.3,5.3,4.16,14.1,21.55,97,68,Malang,-8.1583,112.6033
2024-01-17,29.6,21.1,24.2,22.8,22.8,3.6,10.3,18.23,100,69,Malang,-8.1583,112.6033
2024-01-18,26.1,22.4,23.7,22.5,22.5,2.24,16.6,11.75,99,82,Malang,-8.1583,112.6033
2024-01-19,25.8,21.3,22.9,12.5,12.5,2.0,16.7,10.82,99,86,Malang,-8.1583,112.6033
2024-01-20,26.0,21.0,23.3,8.3,8.3,3.13,21.3,18.03,96,82,Malang,-8.1583,112.6033
2024-01-21,27.0,21.5,23.8,8.8,8.8,3.48,20.3,19.95,97,79,Malang,-8.1583,112.6033
2024-01-22,27.3,21.2,24.0,5.7,5.7,3.47,21.7,19.41,97,77,Malang,-8.1583,112.6033
2024-01-23,27.9,22.4,24.4,7.3,7.3,3.66,22.0,20.21,97,77,Malang,-8.1583,112.6033
2024-01-24,28.3,21.8,24.1,12.4,12.4,3.11,16.1,16.66,97,76,Malang,-8.1583,112.6033
2024-01-25,29.8,21.0,24.6,12.2,12.2,4.53,17.8,23.61,97,66,Malang,-8.1583,112.6033
2024-01-26,28.8,21.7,23.9,30.2,30.2,3.46,12.0,18.02,100,73,Malang,-8.1583,112.6033
2024-01-27,27.9,20.9,23.6,20.2,20.2,3.15,14.1,16.85,99,78,Malang,-8.1583,112.6033
2024-01-28,27.4,21.1,23.7,16.2,16.2,2.88,10.4,15.09,100,82,Malang,-8.1583,112.6033
2024-01-29,28.4,20.8,24.0,9.9,9.9,3.9,12.2,20.43,99,78,Malang,-8.1583,112.6033
2024-01-30,28.4,21.5,24.3,13.9,13.9,3.53,13.2,18.25,100,78,Malang,-8.1583,112.6033
2024-01-31,28.5,21.6,24.6,8.2,8.2,4.45,14.3,23.46,98,72,Malang,-8.1583,112.6033
2024-02-01,29.6,21.9,24.6,10.2,10.2,4.5,14.2,22.92,100,65,Malang,-8.1583,112.6033
2024-02-02,28.6,22.1,24.5,7.6,7.6,3.59,19.0,18.97,99,77,Malang,-8.1583,112.6033
2024-02-03,25.4,21.6,23.2,35.9,35.9,1.48,12.9,7.2,99,82,Malang,-8.1583,112.6033
2024-02-04,27.0,21.7,23.9,3.2,3.2,3.16,15.8,16.68,98,76,Malang,-8.1583,112.6033
2024-02-05,28.0,21.0,24.1,23.0,23.0,3.5,16.6,18.73,98,75,Malang,-8.1583,112.6033
2024-02-06,27.4,21.7,24.1,9.6,9.6,3.37,15.7,17.98,99,80,Malang,-8.1583,112.6033
2024-02-07,29.1,21.5,24.2,9.6,9.6,4.03,13.0,20.71,98,73,Malang,-8.1583,112.6033
2024-02-08,29.1,21.5,23.7,23.1,23.1,3.5,6.2,17.59,98,78,Malang,-8.1583,112.6033
2024-02-09,28.6,21.1,24.4,12.6,12.6,4.17,10.5,21.56,97,77,Malang,-8.1583,112.6033
2024-02-10,27.9,21.5,24.3,11.9,11.9,3.38,11.8,17.43,100,78,Malang,-8.1583,112.6033
2024-02-11,28.2,22.3,23.9,16.1,16.1,3.19,12.2,16.75,99,78,Malang,-8.1583,112.6033
2024-02-12,28.3,21.4,24.6,11.6,11.6,4.2,15.8,22.2,100,72,Malang,-8.1583,112.6033
2024-02-13,29.4,22.1,25.5,2.4,2.4,4.58,12.6,23.23,99,67,Malang,-8.1583,112.6033
2024-02-14,28.9,22.0,24.7,9.7,9.7,3.35,10.6,16.84,99,80,Malang,-8.1583,112.6033
2024-02-15,29.4,22.3,24.9,3.7,3.7,3.94,7.9,20.08,99,68,Malang,-8.1583,112.6033
2024-02-16,29.2,22.5,25.2,4.4,4.4,4.37,10.5,22.2,100,68,Malang,-8.1583,112.6033
2024-02-17,28.5,22.4,24.9,3.5,3.5,4.25,12.0,21.89,99,69,Malang,-8.1583,112.6033
2024-02-18,28.5,22.2,24.8,8.9,8.9,3.89,14.0,20.28,99,77,Malang,-8.1583,112.6033
2024-02-19,29.4,21.5,24.6,13.1,13.1,4.17,8.8,20.86,98,68,Malang,-8.1583,112.6033
2024-02-20,30.4,21.6,25.1,5.2,5.2,4.36,8.9,21.76,98,71,Malang,-8.1583,112.6033
2024-02-21,29.0,21.8,25.3,9.4,9.4,4.37,13.1,22.72,99,75,Malang,-8.1583,112.6033
2024-02-22,29.9,22.0,25.7,3.9,3.9,4.77,18.9,24.54,100,68,Malang,-8.1583,112.6033
2024-02-23,28.9,22.7,25.0,15.2,15.2,3.31,10.9,16.8,98,72,Malang,-8.1583,112.6033
2024-02-24,29.3,22.2,24.6,19.8,19.8,3.57,11.1,18.18,97,69,Malang,-8.1583,112.6033
2024-02-25,28.9,21.6,24.5,15.2,15.2,3.98,6.9,20.04,99,71,Malang,-8.1583,112.6033
2024-02-26,27.9,21.2,24.4,18.0,18.0,3.66,11.3,19.14,100,78,Malang,-8.1583,112.6033
2024-02-27,28.9,22.4,24.9,12.8,12.8,3.68,12.0,18.73,98,73,Malang,-8.1583,112.6033
2024-02-28,28.6,22.1,24.7,16.4,16.4,3.61,7.9,18.19,100,72,Malang,-8.1583,112.6033
2024-02-29,29.0,21.5,24.7,13.1,13.1,3.97,9.5,20.05,100,72,Malang,-8.1583,112.6033
2024-03-01,27.2,21.9,24.4,23.3,23.3,2.93,14.5,15.69,100,84,Malang,-8.1583,112.6033
2024-03-02,27.9,22.5,24.5,29.2,29.2,3.08,8.7,15.87,99,83,Malang,-8.1583,112.6033
2024-03-03,28.5,22.0,24.7,11.9,11.9,3.71,11.3,19.16,100,77,Malang,-8.1583,112.6033
2024-03-04,27.5,22.8,24.6,28.7,28.7,2.9,13.8,15.31,98,84,Malang,-8.1583,112.6033
2024-03-05,28.4,22.8,24.9,21.3,21.3,3.29,10.5,16.91,99,81,Malang,-8.1583,112.6033
2024-03-06,29.4,23.1,25.1,30.4,30.4,3.49,7.6,17.59,98,78,Malang,-8.1583,112.6033
2024-03-07,27.9,22.6,24.7,12.8,12.8,2.59,9.2,13.02,99,84,Malang,-8.1583,112.6033
2024-03-08,28.5,22.9,24.7,31.0,31.0,2.89,15.8,15.02,98,81,Malang,-8.1583,112.6033
2024-03-09,26.6,22.8,24.5,15.7,15.7,1.98,20.4,8.47,97,79,Malang,-8.1583,112.6033
2024-03-10,28.0,22.5,24.5,8.7,8.7,2.92,22.0,13.73,96,71,Malang,-8.1583,112.6033
2024-03-11,28.6,23.0,24.8,4.6,4.6,2.95,10.3,14.48,96,74,Malang,-8.1583,112.6033
2024-03-12,29.3,22.1,25.5,0.7,0.7,3.68,12.0,18.08,92,71,Malang,-8.1583,112.6033
2024-03-13,29.1,23.0,25.7,1.0,1.0,3.71,14.7,18.1,93,70,Malang,-8.1583,112.6033
2024-03-14,28.4,23.4,25.2,7.5,7.5,3.16,13.5,15.67,94,74,Malang,-8.1583,112.6033
2024-03-15,28.7,22.9,24.6,9.6,9.6,3.68,23.8,19.65,98,66,Malang,-8.1583,112.6033
2024-03-16,28.2,22.4,25.1,2.1,2.1,4.29,27.1,21.78,97,69,Malang,-8.1583,112.6033
2024-03-17,28.1,21.9,24.2,5.4,5.4,3.95,23.8,21.98,97,71,Malang,-8.1583,112.6033
2024-03-18,28.0,21.8,24.6,0.2,0.2,3.99,23.1,20.56,94,67,Malang,-8.1583,112.6033
2024-03-19,29.1,20.4,24.6,0.0,0.0,5.03,19.5,26.39,100,63,Malang,-8.1583,112.6033
2024-03-20,29.9,19.4,24.7,1.9,1.9,5.03,11.2,25.35,98,60,Malang,-8.1583,112.6033
2024-03-21,29.5,21.6,24.7,6.1,6.1,4.43,8.8,22.2,97,59,Malang,-8.1583,112.6033
2024-03-22,28.8,21.1,24.6,7.2,7.2,4.44,12.7,23.18,99,70,Malang,-8.1583,112.6033
2024-03-23,29.3,20.5,24.7,1.1,1.1,4.77,15.8,24.53,100,66,Malang,-8.1583,112.6033
2024-03-24,29.6,20.8,24.6,3.1,3.1,4.56,16.1,23.39,100,63,Malang,-8.1583,112.6033
2024-03-25,29.4,21.6,24.9,1.5,1.5,4.41,15.3,22.09,97,61,Malang,-8.1583,112.6033
2024-03-26,29.1,22.2,25.2,2.5,2.5,4.41,17.1,22.18,95,66,Malang,-8.1583,112.6033
2024-03-27,28.2,21.6,25.0,1.7,1.7,4.34,17.3,22.2,92,69,Malang,-8.1583,112.6033
2024-03-28,28.5,21.6,24.5,4.3,4.3,3.68,16.1,19.16,97,73,Malang,-8.1583,112.6033
2024-03-29,28.3,21.0,24.6,3.0,3.0,4.41,14.4,23.37,99,73,Malang,-8.1583,112.6033
2024-03-30,29.1,21.3,25.3,1.8,1.8,4.17,17.1,21.12,99,71,Malang,-8.1583,112.6033
2024-03-31,28.6,23.1,25.7,1.6,1.6,4.0,17.7,19.88,96,71,Malang,-8.1583,112.6033
2024-04-01,28.0,22.4,24.8,9.5,9.5,3.42,16.9,17.83,98,77,Malang,-8.1583,112.6033
2024-04-02,28.0,22.5,24.9,12.4,12.4,3.59,16.3,19.12,98,77,Malang,-8.1583,112.6033
2024-04-03,29.2,22.0,25.4,1.2,1.2,4.35,14.0,22.17,100,69,Malang,-8.1583,112.6033
2024-04-04,29.3,22.4,25.3,0.4,0.4,4.11,15.2,20.76,100,68,Malang,-8.1583,112.6033
2024-04-05,29.6,21.6,25.0,0.1,0.1,4.8,12.9,24.26,100,63,Malang,-8.1583,112.6033
2024-04-06,29.7,21.0,24.9,0.5,0.5,4.64,17.3,23.67,98,65,Malang,-8.1583,112.6033
2024-04-07,29.0,22.3,24.4,15.8,15.8,3.31,12.6,17.01,100,74,Malang,-8.1583,112.6033
2024-04-08,28.5,21.9,24.6,15.2,15.2,3.3,8.2,16.59,98,78,Malang,-8.1583,112.6033
2024-04-09,27.7,22.5,24.2,22.6,22.6,2.83,8.3,14.34,99,83,Malang,-8.1583,112.6033
2024-04-10,27.2,22.5,24.3,18.8,18.8,2.46,10.8,12.74,99,85,Malang,-8.1583,112.6033
2024-04-11,27.6,22.5,24.4,17.2,17.2,2.78,10.5,14.16,100,81,Malang,-8.1583,112.6033
2024-04-12,28.6,21.0,24.7,3.6,3.6,4.0,14.0,20.52,100,72,Malang,-8.1583,112.6033
2024-04-13,29.3,21.5,24.9,3.7,3.7,4.15,13.2,21.0,100,67,Malang,-8.1583,112.6033
2024-04-14,28.7,21.9,25.0,2.7,2.7,4.01,12.5,20.68,98,71,Malang,-8.1583,112.6033
2024-04-15,29.5,21.6,25.3,0.3,0.3,4.56,10.6,22.84,98,63,Malang,-8.1583,112.6033
2024-04-16,29.1,21.3,24.9,2.9,2.9,4.16,21.4,21.85,98,70,Malang,-8.1583,112.6033
2024-04-17,27.4,23.1,24.7,8.8,8.8,2.94,23.3,15.32,96,78,Malang,-8.1583,112.6033
2024-04-18,27.9,21.7,24.5,21.7,21.7,3.25,17.9,17.11,97,74,Malang,-8.1583,112.6033
2024-04-19,27.9,22.8,24.6,18.8,18.8,3.25,12.2,16.81,98,78,Malang,-8.1583,112.6033
2024-04-20,29.5,22.1,25.3,3.4,3.4,3.93,18.2,20.2,99,68,Malang,-8.1583,112.6033
2024-04-21,28.5,22.2,24.8,7.2,7.2,3.4,17.8,17.63,99,71,Malang,-8.1583,112.6033
2024-04-22,28.0,23.0,25.1,3.6,3.6,3.65,20.1,18.82,98,74,Malang,-8.1583,112.6033
2024-04-23,27.7,22.9,24.7,11.1,11.1,2.79,14.3,14.27,96,79,Malang,-8.1583,112.6033
2024-04-24,29.0,22.6,24.6,19.8,19.8,2.86,9.7,14.39,99,71,Malang,-8.1583,112.6033
2024-04-25,27.0,22.9,24.5,4.5,4.5,1.82,11.2,8.96,100,81,Malang,-8.1583,112.6033
2024-04-26,29.1,21.9,25.0,5.2,5.2,3.71,7.7,18.81,99,69,Malang,-8.1583,112.6033
2024-04-27,29.9,21.4,25.1,2.6,2.6,4.16,9.0,20.87,99,62,Malang,-8.1583,112.6033
2024-04-28,29.1,21.5,25.1,1.9,1.9,4.0,18.9,20.66,98,74,Malang,-8.1583,112.6033
2024-04-29,28.6,22.5,25.1,0.0,0.0,4.14,23.8,21.95,96,73,Malang,-8.1583,112.6033
2024-04-30,28.4,22.6,24.8,1.4,1.4,3.21,19.4,16.33,96,74,Malang,-8.1583,112.6033
2024-05-01,29.5,22.7,25.3,0.8,0.8,4.12,19.9,20.67,94,66,Malang,-8.1583,112.6033
2024-05-02,27.9,23.0,24.8,1.3,1.3,3.8,23.4,20.36,94,76,Malang,-8.1583,112.6033
2024-05-03,28.0,22.4,24.6,0.0,0.0,4.1,27.1,22.52,96,74,Malang,-8.1583,112.6033
2024-05-04,27.4,21.0,24.0,0.0,0.0,4.03,20.6,21.62,94,70,Malang,-8.1583,112.6033
2024-05-05,28.0,19.4,23.0,0.0,0.0,4.14,16.4,21.51,95,61,Malang,-8.1583,112.6033
2024-05-06,27.4,20.5,23.4,0.0,0.0,4.17,19.5,22.72,94,68,Malang,-8.1583,112.6033
2024-05-07,27.5,19.4,23.5,1.0,1.0,3.68,20.9,20.28,98,73,Malang,-8.1583,112.6033
2024-05-08,28.9,21.2,24.4,2.8,2.8,3.86,13.1,19.65,98,66,Malang,-8.1583,112.6033
2024-05-09,28.2,22.0,24.4,2.9,2.9,3.51,14.2,18.05,97,76,Malang,-8.1583,112.6033
2024-05-10,29.2,22.4,25.1,1.3,1.3,3.74,15.3,18.66,98,68,Malang,-8.1583,112.6033
2024-05-11,28.4,22.9,24.9,7.5,7.5,3.79,16.0,20.04,99,72,Malang,-8.1583,112.6033
2024-05-12,29.2,21.9,24.7,0.2,0.2,3.82,13.5,19.57,99,65,Malang,-8.1583,112.6033
2024-05-13,28.6,21.1,24.4,0.0,0.0,4.19,16.2,22.13,100,65,Malang,-8.1583,112.6033
2024-05-14,29.2,22.1,24.9,0.3,0.3,4.17,15.5,21.6,100,68,Malang,-8.1583,112.6033
2024-05-15,27.8,22.0,24.2,0.0,0.0,3.74,17.1,19.8,100,70,Malang,-8.1583,112.6033
2024-05-16,28.2,21.9,24.4,0.0,0.0,3.85,18.2,20.38,98,71,Malang,-8.1583,112.6033
2024-05-17,28.3,20.0,24.3,0.1,0.1,3.73,21.9,19.56,96,71,Malang,-8.1583,112.6033
2024-05-18,28.3,22.4,24.8,0.4,0.4,4.0,22.3,20.75,94,70,Malang,-8.1583,112.6033
2024-05-19,27.2,21.6,24.1,0.0,0.0,4.11,30.6,21.63,95,69,Malang,-8.1583,112.6033
2024-05-20,27.6,21.2,24.1,0.0,0.0,3.76,22.4,19.31,95,70,Malang,-8.1583,112.6033
2024-05-21,28.0,21.1,24.1,0.0,0.0,4.15,18.4,22.04,97,66,Malang,-8.1583,112.6033
2024-05-22,28.9,21.2,24.5,0.3,0.3,4.04,14.7,20.59,99,64,Malang,-8.1583,112.6033
2024-05-23,28.5,22.1,24.7,2.9,2.9,3.5,11.7,17.7,98,67,Malang,-8.1583,112.6033
2024-05-24,29.4,21.7,24.7,14.3,14.3,3.44,15.8,17.56,99,67,Malang,-8.1583,112.6033
2024-05-25,28.5,22.2,24.6,4.2,4.2,3.66,23.2,18.67,97,69,Malang,-8.1583,112.6033
2024-05-26,27.9,22.0,24.5,0.0,0.0,3.87,23.0,20.38,93,69,Malang,-8.1583,112.6033
2024-05-27,28.5,21.9,24.8,0.9,0.9,3.78,15.8,19.48,97,69,Malang,-8.1583,112.6033
2024-05-28,29.5,22.0,24.8,1.2,1.2,3.88,12.1,19.71,100,61,Malang,-8.1583,112.6033
2024-05-29,29.9,19.9,24.4,0.2,0.2,4.08,11.6,20.43,100,58,Malang,-8.1583,112.6033
2024-05-30,28.7,21.3,24.3,0.6,0.6,3.77,15.3,19.22,100,66,Malang,-8.1583,112.6033
2024-05-31,28.5,21.7,24.6,1.1,1.1,3.47,18.1,17.71,99,72,Malang,-8.1583,112.6033
2024-06-01,29.4,21.6,25.0,1.6,1.6,3.75,21.4,19.16,99,66,Malang,-8.1583,112.6033
2024-06-02,28.9,22.5,25.2,0.4,0.4,3.79,19.8,19.36,100,68,Malang,-8.1583,112.6033
2024-06-03,28.2,22.0,24.6,0.6,0.6,3.78,24.5,19.06,100,65,Malang,-8.1583,112.6033
2024-06-04,28.9,21.4,24.6,0.0,0.0,4.19,20.2,20.62,92,59,Malang,-8.1583,112.6033
2024-06-05,28.5,20.0,24.0,0.0,0.0,4.06,21.0,20.79,97,65,Malang,-8.1583,112.6033
2024-06-06,28.7,21.4,24.2,1.2,1.2,3.47,20.6,17.27,98,62,Malang,-8.1583,112.6033
2024-06-07,27.8,21.4,24.0,4.4,4.4,3.34,20.1,17.34,98,69,Malang,-8.1583,112.6033
2024-06-08,29.8,21.9,24.9,3.7,3.7,3.88,18.2,18.86,96,60,Malang,-8.1583,112.6033
2024-06-09,27.5,22.1,24.2,46.2,46.2,2.84,14.8,14.61,98,73,Malang,-8.1583,112.6033
2024-06-10,28.6,20.9,24.5,1.5,1.5,3.46,17.8,17.47,97,67,Malang,-8.1583,112.6033
2024-06-11,27.7,22.1,24.4,0.2,0.2,3.07,18.6,15.94,99,72,Malang,-8.1583,112.6033
2024-06-12,29.0,21.9,24.3,0.4,0.4,3.78,18.7,19.4,95,63,Malang,-8.1583,112.6033
2024-06-13,28.5,20.9,23.9,6.5,6.5,3.2,10.6,16.55,99,68,Malang,-8.1583,112.6033
2024-06-14,28.5,21.2,24.1,3.1,3.1,3.49,10.8,17.92,98,69,Malang,-8.1583,112.6033
2024-06-15,28.0,21.2,23.8,0.6,0.6,3.45,16.3,17.9,98,71,Malang,-8.1583,112.6033
2024-06-16,28.9,20.5,24.0,0.3,0.3,3.78,14.5,19.05,100,60,Malang,-8.1583,112.6033
2024-06-17,29.0,21.0,24.6,0.2,0.2,3.66,13.3,18.15,98,61,Malang,-8.1583,112.6033
2024-06-18,28.0,21.9,24.0,1.1,1.1,3.54,20.6,17.7,99,63,Malang,-8.1583,112.6033
2024-06-19,26.8,18.6,22.9,0.0,0.0,3.5,20.4,18.16,98,61,Malang,-8.1583,112.6033
2024-06-20,27.5,21.0,23.7,0.0,0.0,4.03,20.7,19.52,93,63,Malang,-8.1583,112.6033
2024-06-21,27.0,20.6,23.3,0.0,0.0,3.86,25.5,19.85,95,63,Malang,-8.1583,112.6033
2024-06-22,27.3,18.5,22.8,0.0,0.0,3.7,22.8,19.01,97,62,Malang,-8.1583,112.6033
2024-06-23,26.5,20.5,23.3,0.7,0.7,3.12,27.7,16.42,97,73,Malang,-8.1583,112.6033
2024-06-24,26.0,22.1,23.6,0.4,0.4,2.93,28.6,14.77,93,74,Malang,-8.1583,112.6033
2024-06-25,28.0,21.4,24.1,1.8,1.8,3.35,20.4,16.15,92,66,Malang,-8.1583,112.6033
2024-06-26,29.6,21.4,24.5,0.0,0.0,3.38,21.4,15.8,97,57,Malang,-8.1583,112.6033
2024-06-27,29.9,20.9,24.3,4.2,4.2,3.6,8.6,18.0,100,59,Malang,-8.1583,112.6033
2024-06-28,28.6,21.9,24.4,2.5,2.5,3.18,15.2,15.94,100,71,Malang,-8.1583,112.6033
2024-06-29,28.5,22.5,24.5,2.3,2.3,3.62,19.0,18.27,98,65,Malang,-8.1583,112.6033
2024-06-30,28.4,21.3,24.2,0.0,0.0,3.89,24.2,19.65,95,63,Malang,-8.1583,112.6033
2024-07-01,28.4,21.1,24.0,1.5,1.5,3.7,21.4,17.92,94,62,Malang,-8.1583,112.6033
2024-07-02,26.7,21.4,23.6,3.7,3.7,2.6,18.8,13.2,96,73,Malang,-8.1583,112.6033
2024-07-03,28.0,21.5,24.2,0.3,0.3,3.33,23.2,16.68,97,68,Malang,-8.1583,112.6033
2024-07-04,26.3,22.4,23.8,10.3,10.3,2.89,32.1,14.8,98,74,Malang,-8.1583,112.6033
2024-07-05,27.6,21.6,23.8,0.0,0.0,3.34,22.0,16.07,93,65,Malang,-8.1583,112.6033
2024-07-06,28.3,20.1,23.8,0.3,0.3,3.68,17.5,18.4,98,65,Malang,-8.1583,112.6033
2024-07-07,28.5,20.6,23.8,2.3,2.3,3.45,17.4,17.4,100,67,Malang,-8.1583,112.6033
2024-07-08,27.4,20.2,23.4,0.0,0.0,3.91,20.9,20.83,100,66,Malang,-8.1583,112.6033
2024-07-09,29.5,18.9,23.8,1.1,1.1,3.94,17.7,19.77,99,50,Malang,-8.1583,112.6033
2024-07-10,27.9,20.5,23.6,0.0,0.0,3.76,25.8,19.51,99,66,Malang,-8.1583,112.6033
2024-07-11,26.1,20.0,22.7,0.1,0.1,3.77,29.8,19.62,91,66,Malang,-8.1583,112.6033
2024-07-12,26.2,19.1,22.4,0.0,0.0,4.08,26.2,21.1,96,58,Malang,-8.1583,112.6033
2024-07-13,26.2,19.0,22.2,0.0,0.0,4.15,21.9,21.01,93,57,Malang,-8.1583,112.6033
2024-07-14,26.0,18.2,22.0,0.0,0.0,4.29,31.5,21.15,88,58,Malang,-8.1583,112.6033
2024-07-15,26.5,18.0,22.1,0.0,0.0,3.97,20.2,19.27,93,54,Malang,-8.1583,112.6033
2024-07-16,27.0,19.5,22.7,0.0,0.0,4.22,27.7,21.26,93,59,Malang,-8.1583,112.6033
2024-07-17,27.9,18.0,22.8,0.0,0.0,4.21,19.7,20.97,96,54,Malang,-8.1583,112.6033
2024-07-18,28.3,17.9,22.8,0.0,0.0,3.97,20.0,20.01,98,54,Malang,-8.1583,112.6033
2024-07-19,27.8,18.4,22.7,0.0,0.0,4.38,30.8,21.97,96,53,Malang,-8.1583,112.6033
2024-07-20,27.4,18.2,22.8,0.0,0.0,4.39,23.3,21.87,95,54,Malang,-8.1583,112.6033
2024-07-21,27.0,20.4,23.1,0.0,0.0,4.03,19.6,18.88,91,56,Malang,-8.1583,112.6033
2024-07-22,27.5,18.8,22.8,0.0,0.0,4.07,18.3,20.27,95,54,Malang,-8.1583,112.6033
2024-07-23,28.5,18.9,23.4,0.3,0.3,3.96,18.2,19.36,98,59,Malang,-8.1583,112.6033
2024-07-24,28.6,19.1,23.5,0.0,0.0,4.37,16.3,21.56,95,54,Malang,-8.1583,112.6033
2024-07-25,29.0,18.4,23.0,0.0,0.0,4.41,20.8,22.02,93,46,Malang,-8.1583,112.6033
2024-07-26,28.5,19.2,23.1,0.0,0.0,4.22,22.8,21.43,96,56,Malang,-8.1583,112.6033
2024-07-27,28.4,20.0,23.7,0.0,0.0,4.26,23.5,20.83,96,58,Malang,-8.1583,112.6033
2024-07-28,26.8,20.7,23.1,0.6,0.6,3.01,20.3,13.89,96,67,Malang,-8.1583,112.6033
2024-07-29,27.5,19.8,23.1,1.5,1.5,3.42,21.5,17.23,96,63,Malang,-8.1583,112.6033
2024-07-30,27.8,21.5,23.8,1.2,1.2,3.45,21.5,16.89,95,65,Malang,-8.1583,112.6033
2024-07-31,28.0,20.0,23.6,0.8,0.8,3.02,16.0,14.84,98,66,Malang,-8.1583,112.6033
2024-08-01,28.7,20.1,23.8,2.5,2.5,3.57,17.6,17.63,100,63,Malang,-8.1583,112.6033
2024-08-02,28.9,21.1,24.1,2.3,2.3,3.6,15.6,17.53,100,60,Malang,-8.1583,112.6033
2024-08-03,29.0,20.7,24.0,3.1,3.1,3.85,14.5,19.13,100,62,Malang,-8.1583,112.6033
2024-08-04,27.9,20.1,23.3,0.0,0.0,4.36,20.1,22.31,100,58,Malang,-8.1583,112.6033
2024-08-05,28.9,18.1,22.9,0.0,0.0,4.84,21.4,23.1,94,43,Malang,-8.1583,112.6033
2024-08-06,27.7,18.9,23.1,0.0,0.0,4.29,19.9,21.16,98,57,Malang,-8.1583,112.6033
2024-08-07,28.3,20.9,24.0,0.0,0.0,4.26,28.5,20.99,95,62,Malang,-8.1583,112.6033
2024-08-08,26.9,21.6,23.7,1.0,1.0,3.52,26.8,17.15,94,66,Malang,-8.1583,112.6033
2024-08-09,27.4,21.5,23.6,0.1,0.1,3.48,31.0,16.3,93,65,Malang,-8.1583,112.6033
2024-08-10,27.2,20.5,23.1,0.8,0.8,3.51,20.9,17.27,95,66,Malang,-8.1583,112.6033
2024-08-11,26.5,19.1,22.1,0.0,0.0,4.89,29.5,23.94,94,48,Malang,-8.1583,112.6033
2024-08-12,27.2,17.4,21.9,0.0,0.0,4.96,18.7,24.14,92,40,Malang,-8.1583,112.6033
2024-08-13,27.6,18.6,22.6,0.0,0.0,4.07,18.8,20.35,99,58,Malang,-8.1583,112.6033
2024-08-14,28.5,20.0,23.3,0.0,0.0,4.94,26.3,23.41,90,47,Malang,-8.1583,112.6033
2024-08-15,26.2,19.5,22.3,0.0,0.0,4.68,26.6,23.42,91,56,Malang,-8.1583,112.6033
2024-08-16,27.0,18.3,22.2,0.0,0.0,4.53,17.7,22.85,91,54,Malang,-8.1583,112.6033
2024-08-17,28.0,18.6,22.5,0.1,0.1,3.93,18.8,18.99,96,57,Malang,-8.1583,112.6033
2024-08-18,27.9,18.4,22.7,0.0,0.0,4.69,22.1,23.32,94,58,Malang,-8.1583,112.6033
2024-08-19,27.8,18.6,22.5,0.0,0.0,4.62,25.3,23.8,96,56,Malang,-8.1583,112.6033
2024-08-20,28.8,19.5,23.1,0.0,0.0,4.65,19.7,23.29,97,54,Malang,-8.1583,112.6033
2024-08-21,29.1,20.5,23.7,0.0,0.0,4.16,18.2,19.72,95,54,Malang,-8.1583,112.6033
2024-08-22,29.4,18.5,22.9,0.0,0.0,4.69,19.6,23.84,98,58,Malang,-8.1583,112.6033
2024-08-23,29.1,19.4,23.6,0.0,0.0,4.21,19.7,19.93,96,51,Malang,-8.1583,112.6033
2024-08-24,28.0,18.8,23.1,0.1,0.1,4.35,23.8,21.41,97,57,Malang,-8.1583,112.6033
2024-08-25,28.2,20.8,23.6,0.6,0.6,4.14,26.8,19.26,92,59,Malang,-8.1583,112.6033
2024-08-26,29.1,20.2,24.0,0.0,0.0,4.98,27.7,22.94,89,49,Malang,-8.1583,112.6033
2024-08-27,28.4,18.5,23.1,0.0,0.0,4.85,24.4,24.02,95,54,Malang,-8.1583,112.6033
2024-08-28,29.6,18.1,23.4,0.0,0.0,5.1,29.1,24.05,99,44,Malang,-8.1583,112.6033
2024-08-29,29.0,19.4,23.3,0.0,0.0,4.83,24.5,23.72,100,51,Malang,-8.1583,112.6033
2024-08-30,29.5,19.2,23.6,0.0,0.0,5.44,24.0,25.11,100,38,Malang,-8.1583,112.6033
2024-08-31,28.5,20.6,23.5,0.3,0.3,4.14,16.8,19.9,98,56,Malang,-8.1583,112.6033
2024-09-01,28.5,20.5,23.7,1.1,1.1,3.82,17.8,17.79,97,60,Malang,-8.1583,112.6033
2024-09-02,29.2,19.6,23.8,0.0,0.0,4.92,21.0,24.38,97,53,Malang,-8.1583,112.6033
2024-09-03,28.1,19.3,23.5,0.0,0.0,3.75,19.7,16.65,97,55,Malang,-8.1583,112.6033
2024-09-04,29.7,20.1,24.4,1.2,1.2,4.21,18.9,19.75,99,54,Malang,-8.1583,112.6033
2024-09-05,29.0,21.1,24.5,0.5,0.5,4.57,22.3,22.01,97,58,Malang,-8.1583,112.6033
2024-09-06,29.3,21.1,24.4,0.0,0.0,5.25,30.6,25.15,93,50,Malang,-8.1583,112.6033
2024-09-07,28.8,20.9,24.3,0.4,0.4,4.6,32.1,22.51,97,59,Malang,-8.1583,112.6033
2024-09-08,28.5,21.3,24.3,9.0,9.0,3.84,22.9,18.85,97,63,Malang,-8.1583,112.6033
2024-09-09,30.0,20.5,24.4,1.5,1.5,4.36,14.3,21.23,100,59,Malang,-8.1583,112.6033
2024-09-10,28.1,21.0,24.0,4.1,4.1,3.07,14.5,14.56,100,67,Malang,-8.1583,112.6033
2024-09-11,29.7,20.8,24.5,0.0,0.0,4.93,21.7,23.79,99,55,Malang,-8.1583,112.6033
2024-09-12,28.8,20.3,23.8,0.0,0.0,5.14,26.4,25.62,95,56,Malang,-8.1583,112.6033
2024-09-13,29.6,19.5,23.9,0.0,0.0,5.5,25.8,26.14,96,44,Malang,-8.1583,112.6033
2024-09-14,29.4,19.0,23.8,0.0,0.0,5.52,27.1,25.44,95,47,Malang,-8.1583,112.6033
2024-09-15,29.8,18.2,23.7,0.0,0.0,5.58,24.3,25.45,92,42,Malang,-8.1583,112.6033
2024-09-16,28.5,18.9,23.2,0.3,0.3,4.85,21.1,23.41,98,50,Malang,-8.1583,112.6033
2024-09-17,29.8,18.9,23.6,0.0,0.0,5.84,22.1,26.47,100,34,Malang,-8.1583,112.6033
2024-09-18,30.3,19.0,23.5,0.0,0.0,5.39,19.6,25.69,100,36,Malang,-8.1583,112.6033
2024-09-19,30.8,18.4,23.8,0.0,0.0,5.39,18.0,26.5,100,41,Malang,-8.1583,112.6033
2024-09-20,31.7,18.2,24.3,0.0,0.0,5.45,19.1,26.26,100,39,Malang,-8.1583,112.6033
2024-09-21,32.0,19.5,24.8,0.1,0.1,5.26,20.9,25.23,100,41,Malang,-8.1583,112.6033
2024-09-22,32.4,20.5,25.6,1.0,1.0,5.12,17.2,23.94,98,43,Malang,-8.1583,112.6033
2024-09-23,30.0,21.4,25.1,5.6,5.6,4.07,8.3,20.02,99,58,Malang,-8.1583,112.6033
2024-09-24,29.2,22.0,24.6,7.7,7.7,3.6,16.9,17.73,100,65,Malang,-8.1583,112.6033
2024-09-25,29.9,21.0,24.6,10.1,10.1,4.03,13.9,20.16,99,59,Malang,-8.1583,112.6033
2024-09-26,30.4,21.2,24.4,7.4,7.4,3.8,12.3,18.82,100,59,Malang,-8.1583,112.6033
2024-09-27,30.2,21.2,25.0,3.4,3.4,4.5,15.7,21.86,100,58,Malang,-8.1583,112.6033
2024-09-28,30.3,20.1,24.9,0.6,0.6,4.97,21.3,23.66,100,57,Malang,-8.1583,112.6033
2024-09-29,29.9,21.7,25.3,1.3,1.3,5.23,24.9,25.03,96,58,Malang,-8.1583,112.6033
2024-09-30,30.2,21.8,25.2,5.6,5.6,4.79,25.8,23.53,97,59,Malang,-8.1583,112.6033
2024-10-01,30.0,21.0,24.7,5.6,5.6,4.54,20.2,22.64,99,59,Malang,-8.1583,112.6033
2024-10-02,29.9,21.3,25.0,0.4,0.4,4.91,16.7,23.61,95,56,Malang,-8.1583,112.6033
2024-10-03,30.0,19.6,24.5,0.6,0.6,4.76,22.4,22.97,100,57,Malang,-8.1583,112.6033
2024-10-04,29.9,20.0,24.8,0.0,0.0,5.37,26.1,26.09,96,55,Malang,-8.1583,112.6033
2024-10-05,30.7,20.5,25.3,0.0,0.0,5.52,22.9,25.58,95,48,Malang,-8.1583,112.6033
2024-10-06,30.8,21.5,25.3,5.9,5.9,4.66,17.3,21.99,95,51,Malang,-8.1583,112.6033
2024-10-07,29.8,21.5,25.1,0.0,0.0,5.13,27.7,24.61,96,58,Malang,-8.1583,112.6033
2024-10-08,29.8,21.9,25.3,0.0,0.0,5.3,27.1,25.34,93,57,Malang,-8.1583,112.6033
2024-10-09,30.2,20.9,25.2,0.9,0.9,4.87,20.6,22.7,97,55,Malang,-8.1583,112.6033
2024-10-10,31.7,21.1,25.6,0.8,0.8,5.29,21.3,24.25,96,50,Malang,-8.1583,112.6033
2024-10-11,30.9,22.1,26.0,3.9,3.9,5.17,22.8,23.55,96,52,Malang,-8.1583,112.6033
2024-10-12,33.1,22.0,26.4,0.9,0.9,5.43,17.5,24.81,94,39,Malang,-8.1583,112.6033
2024-10-13,31.6,22.6,26.2,0.0,0.0,5.73,22.9,26.09,97,51,Malang,-8.1583,112.6033
2024-10-14,31.6,22.1,25.9,0.0,0.0,5.76,21.8,26.67,97,46,Malang,-8.1583,112.6033
2024-10-15,31.1,21.4,25.7,0.0,0.0,6.55,23.5,26.16,98,27,Malang,-8.1583,112.6033
2024-10-16,29.4,18.7,24.2,0.0,0.0,5.63,20.5,26.36,93,45,Malang,-8.1583,112.6033
2024-10-17,29.4,20.7,24.6,0.0,0.0,5.49,19.3,25.47,93,47,Malang,-8.1583,112.6033
2024-10-18,29.9,20.0,24.4,5.9,5.9,4.43,20.2,20.08,97,51,Malang,-8.1583,112.6033
2024-10-19,31.0,20.8,24.8,3.9,3.9,4.35,16.5,21.25,97,52,Malang,-8.1583,112.6033
2024-10-20,29.8,21.4,24.4,12.1,12.1,3.86,14.5,18.85,99,58,Malang,-8.1583,112.6033
2024-10-21,28.4,22.0,24.5,2.5,2.5,3.95,18.6,19.4,96,65,Malang,-8.1583,112.6033
2024-10-22,28.5,20.4,24.5,2.2,2.2,4.84,19.1,24.56,99,65,Malang,-8.1583,112.6033
2024-10-23,28.5,21.9,24.6,4.4,4.4,4.61,18.2,23.42,97,65,Malang,-8.1583,112.6033
2024-10-24,28.1,21.5,24.3,5.0,5.0,4.13,16.2,20.96,98,66,Malang,-8.1583,112.6033
2024-10-25,28.0,21.1,24.3,3.1,3.1,3.8,13.6,19.25,98,70,Malang,-8.1583,112.6033
2024-10-26,28.7,20.7,24.3,2.7,2.7,4.16,16.7,21.08,100,65,Malang,-8.1583,112.6033
2024-10-27,30.4,22.0,25.4,1.1,1.1,4.81,14.2,23.36,99,57,Malang,-8.1583,112.6033
2024-10-28,30.9,21.2,25.2,1.7,1.7,4.88,15.0,23.61,99,56,Malang,-8.1583,112.6033
2024-10-29,30.0,22.2,25.5,0.6,0.6,5.07,19.7,24.89,99,60,Malang,-8.1583,112.6033
2024-10-30,30.3,21.8,25.2,5.6,5.6,4.74,20.1,23.32,96,58,Malang,-8.1583,112.6033
2024-10-31,31.2,21.1,25.2,7.2,7.2,4.36,10.2,21.12,97,58,Malang,-8.1583,112.6033
2024-11-01,29.8,21.8,24.3,12.2,12.2,3.24,9.6,16.0,99,68,Malang,-8.1583,112.6033
2024-11-02,29.9,22.3,25.1,4.4,4.4,4.1,10.4,20.19,100,64,Malang,-8.1583,112.6033
2024-11-03,30.2,21.5,24.5,24.1,24.1,4.01,13.7,20.03,99,59,Malang,-8.1583,112.6033
2024-11-04,29.0,21.1,24.3,12.1,12.1,3.88,12.3,19.76,97,68,Malang,-8.1583,112.6033
2024-11-05,29.4,20.2,24.8,1.7,1.7,5.12,21.8,25.91,99,61,Malang,-8.1583,112.6033
2024-11-06,30.0,19.8,25.2,0.2,0.2,5.27,15.0,26.09,99,52,Malang,-8.1583,112.6033
2024-11-07,29.6,20.6,24.9,1.0,1.0,4.8,12.8,24.04,100,58,Malang,-8.1583,112.6033
2024-11-08,29.6,20.1,24.4,5.3,5.3,4.33,14.7,22.07,99,56,Malang,-8.1583,112.6033
2024-11-09,29.5,21.8,24.7,16.7,16.7,3.6,13.5,18.14,98,69,Malang,-8.1583,112.6033
2024-11-10,29.5,21.6,24.5,9.6,9.6,3.58,13.9,18.07,99,69,Malang,-8.1583,112.6033
2024-11-11,29.7,20.9,24.4,3.6,3.6,4.13,8.4,20.62,100,67,Malang,-8.1583,112.6033
2024-11-12,30.0,21.1,25.0,3.4,3.4,4.39,11.4,21.83,99,62,Malang,-8.1583,112.6033
2024-11-13,30.3,21.0,25.1,3.6,3.6,4.57,11.5,22.55,100,59,Malang,-8.1583,112.6033
2024-11-14,30.4,20.5,25.0,1.2,1.2,4.9,18.0,24.16,96,56,Malang,-8.1583,112.6033
2024-11-15,31.5,20.6,25.2,10.0,10.0,4.77,11.1,23.48,99,51,Malang,-8.1583,112.6033
2024-11-16,31.1,22.4,24.9,9.0,9.0,3.94,10.7,19.53,100,62,Malang,-8.1583,112.6033
2024-11-17,30.6,21.4,24.9,10.8,10.8,4.45,7.9,22.01,99,57,Malang,-8.1583,112.6033
2024-11-18,30.8,21.9,24.7,14.2,14.2,3.97,6.6,19.52,100,62,Malang,-8.1583,112.6033
2024-11-19,29.5,22.4,24.1,17.1,17.1,2.99,11.9,14.82,99,67,Malang,-8.1583,112.6033
2024-11-20,30.9,21.5,24.6,14.6,14.6,3.41,12.0,16.91,99,62,Malang,-8.1583,112.6033
2024-11-21,31.4,21.8,24.5,20.3,20.3,3.09,15.1,15.16,100,60,Malang,-8.1583,112.6033
2024-11-22,29.9,21.4,24.4,13.4,13.4,3.27,14.9,16.34,99,65,Malang,-8.1583,112.6033
2024-11-23,29.9,21.4,24.7,8.8,8.8,3.71,16.1,18.9,100,68,Malang,-8.1583,112.6033
2024-11-24,29.4,21.4,23.8,45.9,45.9,2.29,13.9,11.31,99,65,Malang,-8.1583,112.6033
2024-11-25,29.4,21.8,24.3,10.0,10.0,2.82,10.8,14.08,100,69,Malang,-8.1583,112.6033
2024-11-26,28.8,21.6,24.5,31.9,31.9,3.46,15.8,17.65,99,72,Malang,-8.1583,112.6033
2024-11-27,28.6,21.9,24.8,9.8,9.8,3.47,14.9,17.49,99,70,Malang,-8.1583,112.6033
2024-11-28,25.1,22.2,23.3,48.9,48.9,1.76,14.6,9.28,100,87,Malang,-8.1583,112.6033
2024-11-29,27.0,22.1,23.6,6.6,6.6,2.29,12.3,11.62,100,76,Malang,-8.1583,112.6033
2024-11-30,26.3,22.1,23.3,23.8,23.8,1.54,13.1,7.89,100,83,Malang,-8.1583,112.6033
2024-12-01,27.3,21.9,23.9,16.4,16.4,2.29,13.0,11.39,100,75,Malang,-8.1583,112.6033
2024-12-02,29.5,22.2,24.7,2.7,2.7,3.52,11.6,17.29,100,65,Malang,-8.1583,112.6033
2024-12-03,29.1,21.1,24.8,1.3,1.3,4.58,13.3,22.85,100,65,Malang,-8.1583,112.6033
2024-12-04,30.0,21.5,24.3,18.5,18.5,3.5,9.4,17.52,99,59,Malang,-8.1583,112.6033
2024-12-05,29.8,22.0,24.4,7.8,7.8,3.31,10.1,16.41,100,68,Malang,-8.1583,112.6033
2024-12-06,27.6,21.4,23.2,18.0,18.0,1.8,7.8,8.94,100,76,Malang,-8.1583,112.6033
2024-12-07,29.5,21.7,24.1,19.4,19.4,3.27,14.0,16.75,100,65,Malang,-8.1583,112.6033
2024-12-08,29.1,22.0,24.3,9.7,9.7,3.33,14.7,17.26,100,73,Malang,-8.1583,112.6033
2024-12-09,26.0,21.6,23.1,39.1,39.1,1.69,16.7,9.19,100,85,Malang,-8.1583,112.6033
2024-12-10,28.7,21.6,24.0,9.5,9.5,3.44,21.3,18.55,100,70,Malang,-8.1583,112.6033
2024-12-11,29.3,21.8,24.2,7.1,7.1,3.44,14.1,17.5,100,64,Malang,-8.1583,112.6033
2024-12-12,28.3,21.6,23.5,28.0,28.0,2.33,9.3,11.9,99,71,Malang,-8.1583,112.6033
2024-12-13,28.8,21.6,24.4,9.4,9.4,3.31,11.1,16.6,95,65,Malang,-8.1583,112.6033
2024-12-14,27.3,21.2,23.7,38.9,38.9,2.29,7.1,11.45,98,76,Malang,-8.1583,112.6033
2024-12-15,29.1,22.0,24.3,25.5,25.5,3.21,14.8,16.47,99,67,Malang,-8.1583,112.6033
2024-12-16,29.0,21.5,24.2,10.7,10.7,2.86,15.8,13.75,99,66,Malang,-8.1583,112.6033
2024-12-17,27.1,22.0,23.8,17.9,17.9,2.37,11.5,12.16,100,74,Malang,-8.1583,112.6033
2024-12-18,27.9,21.6,24.1,9.2,9.2,3.3,17.2,16.81,99,69,Malang,-8.1583,112.6033
2024-12-19,29.0,21.0,24.5,13.1,13.1,4.32,21.4,22.49,99,63,Malang,-8.1583,112.6033
2024-12-20,29.0,21.7,24.2,17.6,17.6,3.67,15.4,19.18,99,71,Malang,-8.1583,112.6033
2024-12-21,30.0,21.6,24.2,12.5,12.5,3.14,11.4,15.82,100,66,Malang,-8.1583,112.6033
2024-12-22,28.1,21.3,23.6,36.1,36.1,2.63,13.8,13.69,100,75,Malang,-8.1583,112.6033
2024-12-23,30.2,21.2,24.4,7.7,7.7,3.86,15.3,19.87,100,67,Malang,-8.1583,112.6033
2024-12-24,28.1,21.2,23.9,11.0,11.0,3.55,15.3,18.62,100,72,Malang,-8.1583,112.6033
2024-12-25,28.6,21.8,24.0,14.4,14.4,3.09,13.5,15.73,100,64,Malang,-8.1583,112.6033
2024-12-26,26.6,21.6,23.5,41.8,41.8,2.46,15.6,13.47,100,80,Malang,-8.1583,112.6033
2024-12-27,27.9,22.0,24.7,2.3,2.3,3.88,20.2,19.44,99,67,Malang,-8.1583,112.6033
2024-12-28,24.8,22.0,23.1,32.8,32.8,1.7,15.2,9.32,99,88,Malang,-8.1583,112.6033
2024-12-29,24.6,21.5,22.7,24.0,24.0,1.4,12.7,6.98,100,86,Malang,-8.1583,112.6033
2024-12-30,29.3,20.5,23.8,9.8,9.8,3.4,16.4,17.42,100,59,Malang,-8.1583,112.6033
2024-12-31,29.5,21.0,23.9,25.1,25.1,3.36,6.8,17.0,99,63,Malang,-8.1583,112.6033
2025-01-01,28.8,21.6,23.8,15.4,15.4,3.16,9.5,15.76,99,67,Malang,-8.1583,112.6033
2025-01-02,28.6,21.4,23.2,32.8,32.8,2.58,10.8,12.75,99,69,Malang,-8.1583,112.6033
2025-01-03,27.9,21.1,23.8,7.1,7.1,3.38,14.4,17.41,100,69,Malang,-8.1583,112.6033
2025-01-04,27.9,21.0,23.8,14.6,14.6,3.65,15.3,18.83,98,70,Malang,-8.1583,112.6033
2025-01-05,27.4,20.9,23.0,22.7,22.7,2.83,12.6,14.79,100,74,Malang,-8.1583,112.6033
2025-01-06,27.0,21.2,23.4,22.9,22.9,2.5,10.2,12.7,100,76,Malang,-8.1583,112.6033
2025-01-07,28.1,21.1,23.4,30.5,30.5,2.69,6.2,13.57,100,71,Malang,-8.1583,112.6033
2025-01-08,29.5,20.9,23.6,23.1,23.1,3.36,10.9,17.42,100,65,Malang,-8.1583,112.6033
2025-01-09,30.7,21.0,24.3,10.1,10.1,4.05,8.1,20.22,100,61,Malang,-8.1583,112.6033
2025-01-10,29.6,21.2,24.6,2.5,2.5,4.54,13.3,22.4,100,61,Malang,-8.1583,112.6033
2025-01-11,28.8,20.9,24.0,7.7,7.7,3.64,11.7,18.73,100,72,Malang,-8.1583,112.6033
2025-01-12,27.4,21.1,23.0,40.0,40.0,2.28,15.6,12.23,100,75,Malang,-8.1583,112.6033
2025-01-13,27.4,21.6,23.7,8.4,8.4,2.88,9.4,14.93,100,78,Malang,-8.1583,112.6033
2025-01-14,29.0,21.2,23.8,20.2,20.2,3.57,11.3,18.38,100,67,Malang,-8.1583,112.6033
2025-01-15,28.6,21.9,24.4,7.3,7.3,3.75,8.9,18.89,99,70,Malang,-8.1583,112.6033
2025-01-16,29.3,22.3,24.6,2.5,2.5,3.86,17.7,19.59,99,63,Malang,-8.1583,112.6033
2025-01-17,29.5,22.3,24.6,9.1,9.1,4.16,21.6,21.6,98,61,Malang,-8.1583,112.6033
2025-01-18,29.1,21.8,23.9,9.7,9.7,3.24,18.8,16.88,99,68,Malang,-8.1583,112.6033
2025-01-19,27.5,21.0,23.6,34.8,34.8,2.74,18.6,14.77,98,73,Malang,-8.1583,112.6033
2025-01-20,28.0,21.9,23.3,37.9,37.9,2.06,18.8,10.77,100,72,Malang,-8.1583,112.6033
2025-01-21,27.6,21.5,23.9,3.7,3.7,2.43,9.7,11.3,98,72,Malang,-8.1583,112.6033
2025-01-22,27.0,21.2,23.6,7.5,7.5,2.39,11.1,11.61,99,75,Malang,-8.1583,112.6033
2025-01-23,26.5,21.1,23.4,4.4,4.4,2.46,9.3,12.15,100,76,Malang,-8.1583,112.6033
2025-01-24,28.8,20.6,23.4,20.3,20.3,3.29,9.7,17.1,99,70,Malang,-8.1583,112.6033
2025-01-25,28.5,21.0,24.0,5.9,5.9,3.43,9.7,17.5,100,72,Malang,-8.1583,112.6033
2025-01-26,27.4,21.6,23.6,22.3,22.3,2.72,11.7,14.21,99,79,Malang,-8.1583,112.6033
2025-01-27,27.0,21.5,23.7,9.7,9.7,2.75,13.1,13.94,100,78,Malang,-8.1583,112.6033
2025-01-28,28.9,21.0,23.7,13.6,13.6,3.4,9.3,17.25,100,66,Malang,-8.1583,112.6033
2025-01-29,29.6,21.1,23.7,14.7,14.7,3.78,12.5,19.46,98,66,Malang,-8.1583,112.6033
2025-01-30,26.6,21.7,23.8,1.2,1.2,1.94,12.2,8.46,98,72,Malang,-8.1583,112.6033
2025-01-31,29.5,22.1,25.2,0.0,0.0,3.04,7.3,14.03,94,58,Malang,-8.1583,112.6033
2025-02-01,29.4,22.4,24.8,0.9,0.9,3.4,8.3,16.44,97,65,Malang,-8.1583,112.6033
2025-02-02,30.5,22.4,25.6,0.1,0.1,3.66,7.8,17.11,98,55,Malang,-8.1583,112.6033
2025-02-03,30.7,22.2,26.2,0.2,0.2,5.03,22.6,22.58,93,53,Malang,-8.1583,112.6033
2025-02-04,31.0,22.5,26.2,0.4,0.4,4.96,25.0,23.14,91,45,Malang,-8.1583,112.6033
2025-02-05,31.6,21.6,26.2,0.2,0.2,5.41,16.6,25.03,95,47,Malang,-8.1583,112.6033
2025-02-06,31.5,22.4,25.7,4.4,4.4,4.49,9.7,21.7,99,51,Malang,-8.1583,112.6033
2025-02-07,30.0,21.5,24.6,9.7,9.7,4.03,12.7,20.35,98,62,Malang,-8.1583,112.6033
2025-02-08,27.8,21.4,24.1,12.2,12.2,3.76,18.6,19.91,99,71,Malang,-8.1583,112.6033
2025-02-09,27.4,21.5,23.6,4.3,4.3,3.49,21.7,19.63,98,76,Malang,-8.1583,112.6033
2025-02-10,25.1,21.1,22.9,16.6,16.6,2.54,19.6,14.67,100,85,Malang,-8.1583,112.6033
2025-02-11,28.0,21.4,24.0,6.8,6.8,3.55,19.5,17.43,98,60,Malang,-8.1583,112.6033
2025-02-12,25.0,20.5,23.1,6.4,6.4,1.97,15.9,10.3,98,71,Malang,-8.1583,112.6033
2025-02-13,28.8,21.8,24.2,4.0,4.0,4.2,21.2,22.33,98,67,Malang,-8.1583,112.6033
2025-02-14,29.6,20.1,23.8,16.2,16.2,4.28,11.5,21.95,98,60,Malang,-8.1583,112.6033
2025-02-15,29.3,21.0,24.0,4.0,4.0,4.14,7.0,21.3,100,69,Malang,-8.1583,112.6033
2025-02-16,29.6,20.5,23.3,17.6,17.6,3.67,8.6,18.86,100,70,Malang,-8.1583,112.6033
2025-02-17,28.6,21.0,23.3,17.4,17.4,3.08,5.7,15.44,100,70,Malang,-8.1583,112.6033
2025-02-18,29.0,20.7,23.8,18.3,18.3,3.89,11.1,20.07,100,62,Malang,-8.1583,112.6033
2025-02-19,29.2,20.9,23.6,19.3,19.3,3.49,8.5,17.81,100,68,Malang,-8.1583,112.6033
2025-02-20,25.8,20.9,23.2,15.3,15.3,2.32,8.7,11.84,100,79,Malang,-8.1583,112.6033
2025-02-21,29.1,21.2,23.9,6.8,6.8,3.72,13.2,19.58,100,70,Malang,-8.1583,112.6033
2025-02-22,30.1,21.5,23.9,5.7,5.7,3.68,11.4,18.69,100,65,Malang,-8.1583,112.6033
2025-02-23,28.1,21.8,23.6,14.7,14.7,2.86,6.6,14.58,100,71,Malang,-8.1583,112.6033
2025-02-24,27.1,20.6,22.7,30.7,30.7,2.4,10.8,12.32,100,77,Malang,-8.1583,112.6033
2025-02-25,28.5,20.1,23.0,19.7,19.7,3.16,9.9,16.42,100,72,Malang,-8.1583,112.6033
2025-02-26,27.0,21.2,23.1,29.2,29.2,2.58,6.6,13.08,100,77,Malang,-8.1583,112.6033
2025-02-27,29.5,20.5,23.4,8.3,8.3,3.48,12.6,17.89,100,67,Malang,-8.1583,112.6033
2025-02-28,28.1,20.4,23.5,7.2,7.2,4.18,9.3,21.95,100,71,Malang,-8.1583,112.6033
2025-03-01,29.5,21.4,24.5,2.9,2.9,4.35,13.8,21.87,98,64,Malang,-8.1583,112.6033
2025-03-02,30.0,20.0,24.7,0.7,0.7,5.01,15.2,25.05,100,58,Malang,-8.1583,112.6033
2025-03-03,29.3,21.2,24.4,9.0,9.0,4.36,10.4,22.36,100,68,Malang,-8.1583,112.6033
2025-03-04,29.2,21.1,24.2,7.2,7.2,3.75,7.9,18.95,100,69,Malang,-8.1583,112.6033
2025-03-05,30.3,20.7,25.1,0.4,0.4,4.77,7.1,23.63,99,61,Malang,-8.1583,112.6033
2025-03-06,30.0,21.0,24.8,7.1,7.1,4.44,13.8,22.36,99,62,Malang,-8.1583,112.6033
2025-03-07,28.2,21.5,24.0,8.0,8.0,3.61,12.5,18.85,100,73,Malang,-8.1583,112.6033
2025-03-08,29.5,21.5,23.6,27.1,27.1,3.31,9.7,16.79,100,71,Malang,-8.1583,112.6033
2025-03-09,28.2,21.5,24.1,4.1,4.1,3.33,9.3,16.8,100,69,Malang,-8.1583,112.6033
2025-03-10,28.8,21.8,23.9,3.9,3.9,2.89,6.6,14.27,100,65,Malang,-8.1583,112.6033
2025-03-11,29.3,22.0,24.6,2.2,2.2,3.49,6.3,17.3,99,62,Malang,-8.1583,112.6033
2025-03-12,29.9,21.1,24.0,22.5,22.5,3.96,7.2,20.23,100,66,Malang,-8.1583,112.6033
2025-03-13,30.4,21.5,24.7,1.1,1.1,4.05,7.9,19.83,99,56,Malang,-8.1583,112.6033
2025-03-14,29.1,20.8,24.0,15.6,15.6,3.78,10.0,19.28,100,68,Malang,-8.1583,112.6033
2025-03-15,28.8,21.0,23.7,17.3,17.3,3.75,6.9,19.02,100,72,Malang,-8.1583,112.6033
2025-03-16,28.9,21.7,23.7,26.9,26.9,3.28,12.0,16.42,100,70,Malang,-8.1583,112.6033
2025-03-17,29.6,21.8,23.8,15.2,15.2,3.39,8.1,16.88,100,64,Malang,-8.1583,112.6033
2025-03-18,29.0,21.2,23.7,13.1,13.1,3.46,10.7,18.17,99,71,Malang,-8.1583,112.6033
2025-03-19,26.7,20.4,22.6,21.7,21.7,2.27,13.1,12.36,100,78,Malang,-8.1583,112.6033
2025-03-20,28.5,20.4,24.0,1.7,1.7,4.27,19.9,22.32,98,64,Malang,-8.1583,112.6033
2025-03-21,29.0,21.8,25.0,0.0,0.0,4.82,18.0,24.5,96,62,Malang,-8.1583,112.6033
2025-03-22,27.5,22.0,23.5,19.2,19.2,2.56,21.2,13.96,99,71,Malang,-8.1583,112.6033
2025-03-23,28.6,21.9,24.7,0.0,0.0,3.81,19.1,17.94,92,57,Malang,-8.1583,112.6033
2025-03-24,29.6,21.5,25.1,0.9,0.9,4.03,19.7,19.15,97,58,Malang,-8.1583,112.6033
2025-03-25,30.6,21.8,25.4,0.0,0.0,4.47,19.0,21.77,100,56,Malang,-8.1583,112.6033
2025-03-26,30.8,22.0,25.2,0.7,0.7,4.46,7.0,21.88,99,62,Malang,-8.1583,112.6033
2025-03-27,29.0,21.9,24.0,16.5,16.5,3.14,7.8,15.97,100,70,Malang,-8.1583,112.6033
2025-03-28,30.5,21.1,23.7,30.1,30.1,3.45,7.3,17.3,100,63,Malang,-8.1583,112.6033
2025-03-29,27.6,21.8,23.4,23.9,23.9,2.77,16.9,14.67,100,71,Malang,-8.1583,112.6033
2025-03-30,27.1,21.2,23.4,11.7,11.7,2.56,13.9,13.82,100,77,Malang,-8.1583,112.6033
2025-03-31,28.6,21.0,24.1,4.9,4.9,4.22,12.3,21.96,100,70,Malang,-8.1583,112.6033
2025-04-01,28.8,20.4,23.8,3.2,3.2,3.78,10.7,19.47,100,69,Malang,-8.1583,112.6033
2025-04-02,28.5,20.4,23.7,3.0,3.0,3.54,9.8,17.77,100,62,Malang,-8.1583,112.6033
2025-04-03,28.6,21.3,24.2,8.9,8.9,4.07,12.3,20.92,98,69,Malang,-8.1583,112.6033
2025-04-04,28.1,20.7,24.4,0.9,0.9,4.27,13.8,22.08,95,67,Malang,-8.1583,112.6033
2025-04-05,29.2,19.5,24.1,0.6,0.6,4.85,9.6,24.44,96,57,Malang,-8.1583,112.6033
2025-04-06,29.1,19.9,23.9,0.0,0.0,5.0,13.8,25.68,96,57,Malang,-8.1583,112.6033
2025-04-07,28.1,19.0,23.7,2.9,2.9,4.22,11.3,21.65,96,68,Malang,-8.1583,112.6033
2025-04-08,29.1,20.8,24.2,8.8,8.8,3.79,10.3,19.47,99,67,Malang,-8.1583,112.6033
2025-04-09,29.0,21.0,24.2,4.9,4.9,3.64,9.7,18.74,99,70,Malang,-8.1583,112.6033
2025-04-10,29.1,20.9,23.8,24.6,24.6,3.13,6.9,15.97,100,66,Malang,-8.1583,112.6033
2025-04-11,28.3,20.6,23.8,11.4,11.4,3.51,15.9,18.21,100,72,Malang,-8.1583,112.6033
2025-04-12,30.0,20.3,24.1,5.3,5.3,4.39,6.8,22.2,98,58,Malang,-8.1583,112.6033
2025-04-13,29.8,20.6,24.2,4.0,4.0,3.93,9.7,20.06,100,64,Malang,-8.1583,112.6033
2025-04-14,28.1,20.5,24.0,1.6,1.6,3.69,13.5,18.97,100,70,Malang,-8.1583,112.6033
2025-04-15,28.5,21.4,24.7,3.4,3.4,3.44,8.9,17.08,96,64,Malang,-8.1583,112.6033
2025-04-16,29.4,21.5,24.6,1.8,1.8,4.35,12.8,22.27,100,63,Malang,-8.1583,112.6033
2025-04-17,29.0,21.2,23.9,18.3,18.3,3.09,10.0,16.07,100,71,Malang,-8.1583,112.6033
2025-04-18,28.2,21.0,23.5,15.2,15.2,3.21,8.5,16.57,100,74,Malang,-8.1583,112.6033
2025-04-19,29.1,21.5,23.8,9.9,9.9,3.49,13.8,18.26,99,65,Malang,-8.1583,112.6033
2025-04-20,26.8,20.4,23.5,1.7,1.7,3.15,12.2,16.69,100,76,Malang,-8.1583,112.6033
2025-04-21,28.4,20.2,24.0,2.0,2.0,3.82,10.6,19.7,98,67,Malang,-8.1583,112.6033
2025-04-22,28.2,21.0,24.0,1.2,1.2,4.05,15.5,21.38,96,67,Malang,-8.1583,112.6033
2025-04-23,29.2,20.8,24.2,0.0,0.0,4.51,13.3,22.68,92,57,Malang,-8.1583,112.6033
2025-04-24,30.0,18.9,24.0,0.0,0.0,4.62,13.9,23.21,95,56,Malang,-8.1583,112.6033
2025-04-25,29.1,19.9,24.1,0.2,0.2,4.51,12.2,22.95,98,63,Malang,-8.1583,112.6033
2025-04-26,29.5,18.6,24.0,0.1,0.1,4.51,13.9,22.74,98,62,Malang,-8.1583,112.6033
2025-04-27,28.6,19.6,23.4,0.0,0.0,4.59,11.9,23.62,95,56,Malang,-8.1583,112.6033
2025-04-28,28.2,18.3,23.3,0.1,0.1,4.51,16.4,22.94,95,57,Malang,-8.1583,112.6033
2025-04-29,27.8,20.0,23.6,0.0,0.0,4.5,20.4,23.21,91,63,Malang,-8.1583,112.6033
2025-04-30,28.9,20.0,23.8,1.5,1.5,4.12,14.6,21.07,94,60,Malang,-8.1583,112.6033
2025-05-01,29.0,20.6,24.2,0.8,0.8,4.25,12.9,21.91,98,62,Malang,-8.1583,112.6033
2025-05-02,29.0,21.5,24.1,2.1,2.1,3.06,7.0,15.39,98,68,Malang,-8.1583,112.6033
2025-05-03,29.9,20.2,24.2,0.4,0.4,3.85,11.8,19.56,100,61,Malang,-8.1583,112.6033
2025-05-04,29.4,19.9,24.2,1.0,1.0,3.81,10.2,19.34,99,67,Malang,-8.1583,112.6033
2025-05-05,29.6,21.3,24.4,9.7,9.7,3.78,16.0,19.74,99,67,Malang,-8.1583,112.6033
2025-05-06,28.6,22.0,24.4,3.9,3.9,3.42,16.4,18.11,99,71,Malang,-8.1583,112.6033
2025-05-07,28.7,21.7,24.4,5.8,5.8,3.21,20.1,16.91,100,70,Malang,-8.1583,112.6033
2025-05-08,29.5,21.0,24.2,4.9,4.9,3.18,8.7,16.3,100,69,Malang,-8.1583,112.6033
2025-05-09,28.0,21.5,23.5,15.2,15.2,2.27,9.2,11.68,100,76,Malang,-8.1583,112.6033
2025-05-10,28.5,21.8,24.0,9.1,9.1,3.36,12.6,17.37,100,73,Malang,-8.1583,112.6033
2025-05-11,29.1,20.9,23.5,12.8,12.8,3.15,7.8,16.24,99,69,Malang,-8.1583,112.6033
2025-05-12,28.8,20.9,23.3,20.9,20.9,2.61,6.6,13.27,99,71,Malang,-8.1583,112.6033
2025-05-13,28.5,21.1,23.6,13.8,13.8,2.76,5.6,14.05,99,70,Malang,-8.1583,112.6033
2025-05-14,29.3,21.3,24.1,8.2,8.2,3.37,7.2,17.29,100,66,Malang,-8.1583,112.6033
2025-05-15,29.0,21.0,24.0,3.5,3.5,3.14,9.4,15.79,100,69,Malang,-8.1583,112.6033
2025-05-16,28.1,21.8,24.0,5.3,5.3,2.77,4.5,13.94,99,71,Malang,-8.1583,112.6033
2025-05-17,28.9,21.5,23.9,5.8,5.8,2.99,7.8,15.05,100,67,Malang,-8.1583,112.6033
2025-05-18,28.2,21.8,23.8,6.9,6.9,2.66,11.8,13.5,100,67,Malang,-8.1583,112.6033
2025-05-19,27.5,21.8,23.6,18.0,18.0,2.79,19.9,14.9,99,73,Malang,-8.1583,112.6033
2025-05-20,28.6,21.9,24.2,2.8,2.8,3.33,18.2,17.22,96,69,Malang,-8.1583,112.6033
2025-05-21,27.7,22.5,24.3,1.5,1.5,3.35,21.0,17.42,94,71,Malang,-8.1583,112.6033
2025-05-22,28.6,21.8,24.3,3.9,3.9,3.44,15.0,17.13,98,65,Malang,-8.1583,112.6033
2025-05-23,27.8,21.8,23.9,2.6,2.6,2.74,6.6,13.98,99,69,Malang,-8.1583,112.6033
2025-05-24,28.2,21.1,23.9,3.0,3.0,2.91,5.6,15.01,100,68,Malang,-8.1583,112.6033
2025-05-25,29.2,21.6,24.1,10.9,10.9,3.11,6.2,16.1,100,68,Malang,-8.1583,112.6033
2025-05-26,28.3,21.5,23.7,3.2,3.2,2.88,10.8,14.94,100,64,Malang,-8.1583,112.6033
2025-05-27,26.9,21.0,23.3,10.0,10.0,2.02,8.3,10.44,100,76,Malang,-8.1583,112.6033
2025-05-28,29.4,21.5,24.4,5.1,5.1,3.57,11.1,18.18,100,69,Malang,-8.1583,112.6033
2025-05-29,29.8,20.2,24.3,0.1,0.1,3.85,11.3,19.27,100,59,Malang,-8.1583,112.6033
2025-05-30,28.5,21.0,24.2,2.1,2.1,3.42,12.5,17.26,100,67,Malang,-8.1583,112.6033
2025-05-31,28.5,20.8,24.0,5.1,5.1,3.29,10.4,16.89,100,70,Malang,-8.1583,112.6033
2025-06-01,28.9,21.0,24.4,2.8,2.8,3.66,14.3,18.39,98,64,Malang,-8.1583,112.6033
2025-06-02,29.9,19.8,24.5,0.1,0.1,3.97,9.9,19.91,100,54,Malang,-8.1583,112.6033
2025-06-03,30.5,20.0,24.7,0.2,0.2,3.92,6.0,19.58,98,54,Malang,-8.1583,112.6033
2025-06-04,29.8,20.8,23.9,3.4,3.4,3.57,13.4,18.19,98,57,Malang,-8.1583,112.6033
2025-06-05,28.1,21.2,23.9,0.0,0.0,4.09,14.7,20.83,98,59,Malang,-8.1583,112.6033
2025-06-06,29.2,19.6,23.9,0.0,0.0,4.13,16.8,21.09,90,55,Malang,-8.1583,112.6033
2025-06-07,28.2,20.1,24.0,0.0,0.0,3.75,17.9,19.36,96,67,Malang,-8.1583,112.6033
2025-06-08,27.5,20.8,23.9,2.4,2.4,3.36,20.3,17.53,99,72,Malang,-8.1583,112.6033
2025-06-09,28.9,21.6,24.1,1.8,1.8,3.4,9.8,16.9,98,62,Malang,-8.1583,112.6033
2025-06-10,28.2,21.2,24.0,2.8,2.8,3.26,16.7,16.7,93,66,Malang,-8.1583,112.6033
2025-06-11,28.4,21.7,24.3,0.0,0.0,4.1,22.8,20.2,94,59,Malang,-8.1583,112.6033
2025-06-12,28.4,20.5,24.0,0.0,0.0,4.14,19.3,20.7,97,59,Malang,-8.1583,112.6033
2025-06-13,28.9,21.4,24.0,3.3,3.3,3.27,13.6,16.82,100,62,Malang,-8.1583,112.6033
2025-06-14,29.8,21.6,24.0,3.7,3.7,3.38,8.5,17.22,100,62,Malang,-8.1583,112.6033
2025-06-15,29.4,20.8,23.9,6.1,6.1,3.34,10.6,17.42,100,68,Malang,-8.1583,112.6033
2025-06-16,28.5,21.9,24.3,3.0,3.0,3.54,15.0,18.23,99,67,Malang,-8.1583,112.6033
2025-06-17,28.9,19.5,23.8,1.5,1.5,3.88,15.0,19.68,97,61,Malang,-8.1583,112.6033
2025-06-18,28.4,19.2,23.1,0.0,0.0,4.12,12.5,21.28,94,57,Malang,-8.1583,112.6033
2025-06-19,27.8,17.5,22.6,0.0,0.0,3.55,11.4,17.5,96,58,Malang,-8.1583,112.6033
2025-06-20,28.0,19.0,23.1,0.2,0.2,2.73,7.3,13.28,98,62,Malang,-8.1583,112.6033
2025-06-21,29.0,19.8,23.7,0.8,0.8,3.64,14.2,18.18,97,60,Malang,-8.1583,112.6033
2025-06-22,28.9,20.1,23.7,1.2,1.2,3.53,14.8,17.69,98,61,Malang,-8.1583,112.6033
2025-06-23,28.2,20.9,23.3,4.2,4.2,3.27,20.7,16.97,97,60,Malang,-8.1583,112.6033
2025-06-24,28.0,20.9,23.9,0.0,0.0,3.64,17.2,16.55,93,60,Malang,-8.1583,112.6033
2025-06-25,27.3,22.0,23.9,0.8,0.8,3.74,19.5,18.77,90,67,Malang,-8.1583,112.6033
2025-06-26,27.4,21.4,23.8,1.4,1.4,3.34,20.0,17.04,96,68,Malang,-8.1583,112.6033
2025-06-27,28.0,21.8,23.9,2.2,2.2,3.29,19.2,17.16,97,67,Malang,-8.1583,112.6033
2025-06-28,26.8,21.1,23.2,5.6,5.6,2.99,23.7,16.18,98,70,Malang,-8.1583,112.6033
2025-06-29,27.8,21.0,23.1,2.5,2.5,3.29,21.8,17.32,98,65,Malang,-8.1583,112.6033
2025-06-30,28.2,20.3,23.6,0.6,0.6,3.69,20.8,18.33,97,61,Malang,-8.1583,112.6033
2025-07-01,28.8,20.2,23.8,1.1,1.1,3.62,14.1,18.22,98,56,Malang,-8.1583,112.6033
2025-07-02,29.0,19.8,23.8,0.0,0.0,3.95,21.1,19.99,97,60,Malang,-8.1583,112.6033
2025-07-03,27.4,21.0,23.4,3.8,3.8,3.07,18.1,15.5,98,69,Malang,-8.1583,112.6033
2025-07-04,25.2,21.2,22.5,1.1,1.1,2.12,21.4,10.51,95,75,Malang,-8.1583,112.6033
2025-07-05,27.0,20.9,23.2,0.5,0.5,2.64,16.3,12.42,96,64,Malang,-8.1583,112.6033
2025-07-06,27.5,21.1,23.3,7.5,7.5,2.95,13.5,15.38,100,68,Malang,-8.1583,112.6033
2025-07-07,28.3,20.4,23.3,7.4,7.4,3.17,14.9,16.42,99,62,Malang,-8.1583,112.6033
2025-07-08,27.4,20.5,22.9,0.0,0.0,3.74,20.4,19.52,95,62,Malang,-8.1583,112.6033
2025-07-09,25.9,19.2,21.9,0.0,0.0,4.06,19.1,21.14,95,57,Malang,-8.1583,112.6033
2025-07-10,27.1,17.6,21.7,0.0,0.0,3.66,15.3,18.47,92,57,Malang,-8.1583,112.6033
2025-07-11,28.6,18.8,22.4,0.0,0.0,3.9,14.1,19.57,93,51,Malang,-8.1583,112.6033
2025-07-12,28.1,18.0,22.4,1.4,1.4,3.22,15.2,16.12,97,58,Malang,-8.1583,112.6033
2025-07-13,29.5,19.4,23.5,12.0,12.0,3.6,15.7,18.2,98,57,Malang,-8.1583,112.6033
2025-07-14,27.1,21.2,23.5,0.0,0.0,3.41,19.7,16.65,96,61,Malang,-8.1583,112.6033
2025-07-15,28.8,20.7,23.9,0.2,0.2,3.62,17.1,17.84,95,61,Malang,-8.1583,112.6033
2025-07-16,27.7,20.5,23.2,0.1,0.1,3.57,21.0,17.63,94,61,Malang,-8.1583,112.6033
2025-07-17,28.5,19.4,22.7,0.0,0.0,4.1,15.5,21.09,94,56,Malang,-8.1583,112.6033
2025-07-18,27.9,19.5,22.5,0.0,0.0,3.62,13.5,17.95,97,55,Malang,-8.1583,112.6033
2025-07-19,27.5,17.0,21.7,0.0,0.0,4.24,14.5,21.9,97,51,Malang,-8.1583,112.6033
2025-07-20,27.1,17.0,21.6,0.0,0.0,4.23,16.9,21.97,97,51,Malang,-8.1583,112.6033
2025-07-21,27.3,16.6,21.6,0.0,0.0,3.74,16.9,18.83,98,53,Malang,-8.1583,112.6033
2025-07-22,28.9,15.5,21.8,0.0,0.0,4.07,17.5,20.45,100,51,Malang,-8.1583,112.6033
2025-07-23,29.8,18.0,22.9,0.0,0.0,3.87,15.2,19.26,100,52,Malang,-8.1583,112.6033
2025-07-24,27.5,19.3,23.2,0.5,0.5,3.04,16.2,14.59,100,67,Malang,-8.1583,112.6033
2025-07-25,28.0,21.4,23.9,0.2,0.2,3.35,17.6,16.1,97,64,Malang,-8.1583,112.6033
2025-07-26,29.4,21.3,24.4,0.0,0.0,3.94,16.1,19.36,96,60,Malang,-8.1583,112.6033
2025-07-27,29.2,20.0,23.9,0.8,0.8,3.94,13.1,19.62,100,59,Malang,-8.1583,112.6033
2025-07-28,27.4,21.1,23.5,3.2,3.2,3.24,20.2,16.94,100,70,Malang,-8.1583,112.6033
2025-07-29,25.7,21.5,23.0,0.1,0.1,2.81,26.8,14.6,96,73,Malang,-8.1583,112.6033
2025-07-30,25.9,21.0,22.6,0.0,0.0,2.7,23.6,14.1,95,72,Malang,-8.1583,112.6033
2025-07-31,27.1,20.8,23.2,0.0,0.0,3.44,19.7,17.23,95,65,Malang,-8.1583,112.6033
2025-08-01,29.1,21.5,24.1,0.1,0.1,3.87,18.5,19.12,98,58,Malang,-8.1583,112.6033
2025-08-02,30.5,21.2,24.5,1.5,1.5,3.98,12.6,19.41,100,55,Malang,-8.1583,112.6033
2025-08-03,29.2,21.2,24.0,2.5,2.5,3.75,15.4,19.02,100,62,Malang,-8.1583,112.6033
2025-08-04,30.6,20.5,24.4,4.9,4.9,4.39,14.7,21.45,99,56,Malang,-8.1583,112.6033
2025-08-05,29.7,19.6,23.7,0.0,0.0,4.31,16.4,21.62,100,52,Malang,-8.1583,112.6033
2025-08-06,29.0,20.0,23.3,0.0,0.0,4.46,16.9,22.82,96,54,Malang,-8.1583,112.6033
2025-08-07,29.5,18.5,23.2,0.0,0.0,4.49,16.8,22.61,99,53,Malang,-8.1583,112.6033
2025-08-08,29.1,21.2,24.3,0.4,0.4,3.75,12.3,18.28,97,58,Malang,-8.1583,112.6033
2025-08-09,29.8,20.7,24.3,1.0,1.0,3.88,12.3,18.9,100,57,Malang,-8.1583,112.6033
2025-08-10,27.6,21.4,23.7,6.3,6.3,3.41,17.2,17.2,99,66,Malang,-8.1583,112.6033
2025-08-11,28.9,20.3,23.9,1.8,1.8,3.89,17.9,18.96,96,61,Malang,-8.1583,112.6033
2025-08-12,29.1,20.5,23.7,1.7,1.7,4.23,21.3,21.0,98,56,Malang,-8.1583,112.6033
2025-08-13,28.5,19.6,23.6,0.0,0.0,4.6,22.6,22.55,96,51,Malang,-8.1583,112.6033
2025-08-14,26.2,20.3,22.7,0.0,0.0,4.69,23.8,22.61,89,53,Malang,-8.1583,112.6033
2025-08-15,27.4,19.8,22.8,0.1,0.1,4.25,23.8,20.34,93,55,Malang,-8.1583,112.6033
2025-08-16,28.4,19.9,23.4,0.2,0.2,4.29,20.2,21.66,95,57,Malang,-8.1583,112.6033
2025-08-17,29.1,19.3,23.6,0.6,0.6,4.45,17.2,21.99,99,55,Malang,-8.1583,112.6033
2025-08-18,30.0,20.9,24.1,1.3,1.3,4.01,13.8,19.59,99,53,Malang,-8.1583,112.6033
2025-08-19,28.3,20.5,23.1,35.0,35.0,2.86,12.5,14.78,99,63,Malang,-8.1583,112.6033
2025-08-20,28.6,20.5,23.3,15.8,15.8,3.36,11.7,16.78,100,60,Malang,-8.1583,112.6033
2025-08-21,28.6,19.7,23.5,0.9,0.9,4.03,14.5,20.24,99,61,Malang,-8.1583,112.6033
2025-08-22,30.1,19.0,23.4,0.7,0.7,4.23,14.1,20.9,96,50,Malang,-8.1583,112.6033
2025-08-23,30.5,19.1,23.8,0.3,0.3,4.49,9.5,22.35,100,50,Malang,-8.1583,112.6033
2025-08-24,28.9,19.3,23.4,0.0,0.0,4.51,13.9,22.97,100,58,Malang,-8.1583,112.6033
2025-08-25,28.5,20.6,23.5,0.3,0.3,4.33,15.7,21.66,100,55,Malang,-8.1583,112.6033
2025-08-26,27.8,19.4,22.9,0.0,0.0,4.5,19.0,23.12,98,57,Malang,-8.1583,112.6033
2025-08-27,26.6,20.5,22.8,2.2,2.2,3.82,23.6,20.95,95,66,Malang,-8.1583,112.6033
2025-08-28,23.8,20.9,21.9,1.2,1.2,1.72,18.9,8.33,97,79,Malang,-8.1583,112.6033
2025-08-29,26.0,20.8,22.7,2.3,2.3,3.0,20.2,14.88,96,70,Malang,-8.1583,112.6033
2025-08-30,27.6,20.9,23.3,0.2,0.2,3.27,20.3,15.53,93,61,Malang,-8.1583,112.6033
2025-08-31,28.6,20.6,23.7,0.4,0.4,4.14,17.1,20.35,96,57,Malang,-8.1583,112.6033
2025-09-01,29.8,19.0,23.5,0.0,0.0,4.23,15.5,20.82,98,50,Malang,-8.1583,112.6033
2025-09-02,29.9,18.7,24.0,0.0,0.0,4.71,14.5,22.82,99,51,Malang,-8.1583,112.6033
2025-09-03,30.9,19.0,24.4,0.2,0.2,5.0,16.1,24.02,99,42,Malang,-8.1583,112.6033
2025-09-04,30.3,20.6,24.3,0.6,0.6,4.8,20.5,23.3,99,50,Malang,-8.1583,112.6033
2025-09-05,29.7,20.9,24.2,0.0,0.0,4.48,19.1,21.57,94,50,Malang,-8.1583,112.6033
2025-09-06,27.4,20.1,23.1,0.0,0.0,4.72,17.5,23.67,96,52,Malang,-8.1583,112.6033
2025-09-07,27.5,19.6,22.9,0.0,0.0,4.06,18.1,18.9,95,56,Malang,-8.1583,112.6033
2025-09-08,28.2,21.2,23.7,0.8,0.8,3.79,20.2,17.36,95,57,Malang,-8.1583,112.6033
2025-09-09,26.5,21.2,22.9,16.6,16.6,2.95,21.2,15.74,99,71,Malang,-8.1583,112.6033
2025-09-10,26.9,21.2,23.1,36.8,36.8,2.53,19.6,12.12,99,70,Malang,-8.1583,112.6033
2025-09-11,30.0,21.6,24.5,3.7,3.7,4.19,9.4,20.53,100,56,Malang,-8.1583,112.6033
2025-09-12,29.6,20.6,24.1,0.0,0.0,4.76,18.8,23.56,99,52,Malang,-8.1583,112.6033
2025-09-13,29.8,20.1,24.2,0.0,0.0,4.95,18.6,25.54,98,57,Malang,-8.1583,112.6033
2025-09-14,28.1,19.8,23.6,0.3,0.3,4.59,24.3,23.69,99,60,Malang,-8.1583,112.6033
2025-09-15,26.9,20.6,23.5,1.4,1.4,3.84,19.6,20.32,96,69,Malang,-8.1583,112.6033
2025-09-16,27.2,21.0,23.6,3.7,3.7,3.68,19.2,18.44,97,66,Malang,-8.1583,112.6033
2025-09-17,27.9,21.4,23.8,2.7,2.7,4.18,17.2,21.35,94,64,Malang,-8.1583,112.6033
2025-09-18,28.2,20.9,23.4,6.0,6.0,3.79,15.5,19.43,97,62,Malang,-8.1583,112.6033
2025-09-19,29.6,21.2,23.9,20.7,20.7,4.02,16.8,20.37,99,56,Malang,-8.1583,112.6033
2025-09-20,30.8,20.6,24.6,1.6,1.6,4.48,15.9,22.08,99,51,Malang,-8.1583,112.6033
2025-09-21,30.0,20.5,24.3,1.9,1.9,4.18,16.3,20.91,100,61,Malang,-8.1583,112.6033
2025-09-22,29.8,20.9,24.4,0.4,0.4,4.39,11.7,21.02,98,54,Malang,-8.1583,112.6033
2025-09-23,30.1,18.5,23.4,0.0,0.0,5.16,15.4,26.36,100,52,Malang,-8.1583,112.6033
2025-09-24,29.1,19.4,23.8,0.6,0.6,4.39,14.2,21.59,100,56,Malang,-8.1583,112.6033
2025-09-25,30.5,19.6,24.3,1.8,1.8,4.72,12.7,23.28,99,49,Malang,-8.1583,112.6033
2025-09-26,30.1,20.2,24.5,3.4,3.4,4.8,16.8,23.67,93,51,Malang,-8.1583,112.6033
2025-09-27,30.3,19.9,24.4,2.4,2.4,4.5,14.7,22.22,97,53,Malang,-8.1583,112.6033
2025-09-28,31.3,19.6,24.9,1.4,1.4,4.89,10.6,23.64,100,48,Malang,-8.1583,112.6033
2025-09-29,29.5,21.2,24.4,5.3,5.3,4.0,17.6,20.03,100,63,Malang,-8.1583,112.6033
2025-09-30,28.1,21.0,23.2,19.9,19.9,2.47,8.2,12.29,100,68,Malang,-8.1583,112.6033
2025-10-01,30.5,20.0,23.8,12.4,12.4,4.22,9.8,21.39,99,55,Malang,-8.1583,112.6033
2025-10-02,31.5,20.0,24.6,1.6,1.6,4.93,12.9,24.33,100,46,Malang,-8.1583,112.6033
2025-10-03,30.5,20.5,24.5,0.0,0.0,5.26,14.8,25.6,100,43,Malang,-8.1583,112.6033
2025-10-04,30.0,19.6,24.2,0.0,0.0,5.25,16.2,25.97,100,48,Malang,-8.1583,112.6033
2025-10-05,32.0,18.8,24.4,0.1,0.1,5.21,13.2,25.15,100,36,Malang,-8.1583,112.6033
2025-10-06,30.1,20.4,24.2,2.5,2.5,4.57,11.3,22.64,100,54,Malang,-8.1583,112.6033
2025-10-07,31.4,19.6,24.5,0.0,0.0,5.19,15.9,24.86,100,43,Malang,-8.1583,112.6033
2025-10-08,29.1,20.8,24.2,0.5,0.5,4.87,16.8,24.69,99,56,Malang,-8.1583,112.6033
2025-10-09,29.5,20.5,24.2,2.0,2.0,4.52,14.0,22.18,100,55,Malang,-8.1583,112.6033
2025-10-10,28.9,19.8,23.8,3.6,3.6,4.45,13.0,22.47,99,61,Malang,-8.1583,112.6033
2025-10-11,30.2,20.0,24.3,1.5,1.5,4.8,16.3,23.75,99,50,Malang,-8.1583,112.6033
2025-10-12,30.6,21.6,25.0,1.2,1.2,4.53,12.5,21.98,100,54,Malang,-8.1583,112.6033
2025-10-13,30.5,21.6,25.0,2.8,2.8,4.35,12.0,21.36,100,54,Malang,-8.1583,112.6033
2025-10-14,31.0,20.9,25.2,1.4,1.4,4.72,14.2,22.73,100,55,Malang,-8.1583,112.6033
2025-10-15,30.5,20.7,25.1,2.9,2.9,4.72,17.8,22.72,97,55,Malang,-8.1583,112.6033
2025-10-16,29.9,21.0,25.1,3.7,3.7,4.7,22.1,22.7,100,60,Malang,-8.1583,112.6033
2025-10-17,30.4,20.4,25.0,3.1,3.1,4.7,15.4,23.34,98,57,Malang,-8.1583,112.6033
2025-10-18,32.0,20.8,25.4,1.4,1.4,4.86,13.0,23.35,97,51,Malang,-8.1583,112.6033
2025-10-19,29.9,20.7,24.7,4.1,4.1,3.78,11.9,18.69,99,63,Malang,-8.1583,112.6033
2025-10-20,30.9,21.5,24.5,30.0,30.0,3.32,9.0,16.3,100,59,Malang,-8.1583,112.6033
2025-10-21,28.7,21.8,23.9,15.1,15.1,2.65,13.5,13.27,100,69,Malang,-8.1583,112.6033
2025-10-22,28.5,21.4,23.4,21.7,21.7,2.64,11.2,13.49,100,70,Malang,-8.1583,112.6033
2025-10-23,28.5,21.8,23.7,23.3,23.3,2.88,10.7,14.4,100,67,Malang,-8.1583,112.6033
2025-10-24,29.9,22.1,23.8,20.3,20.3,2.86,15.3,14.26,100,65,Malang,-8.1583,112.6033
2025-10-25,27.6,20.8,23.4,23.9,23.9,2.71,10.9,14.05,100,71,Malang,-8.1583,112.6033
2025-10-26,29.6,21.0,24.0,4.4,4.4,4.14,13.3,20.73,100,58,Malang,-8.1583,112.6033
2025-10-27,29.1,20.2,24.0,2.9,2.9,3.8,12.0,19.11,100,61,Malang,-8.1583,112.6033
2025-10-28,30.6,21.6,23.8,37.8,37.8,3.09,8.1,15.3,100,60,Malang,-8.1583,112.6033
2025-10-29,27.7,21.0,23.9,19.6,19.6,2.86,7.9,14.15,100,69,Malang,-8.1583,112.6033
2025-10-30,28.5,21.6,23.8,9.9,9.9,2.99,10.9,14.8,100,71,Malang,-8.1583,112.6033
2025-10-31,29.6,21.0,24.1,9.6,9.6,3.58,14.0,17.83,100,66,Malang,-8.1583,112.6033
2025-11-01,29.9,22.1,24.6,11.6,11.6,4.05,10.1,20.08,100,60,Malang,-8.1583,112.6033
2025-11-02,29.5,21.8,23.8,5.8,5.8,3.11,15.1,15.59,100,63,Malang,-8.1583,112.6033
2025-11-03,28.8,20.8,23.7,17.0,17.0,3.63,13.0,18.6,100,67,Malang,-8.1583,112.6033
2025-11-04,28.8,20.8,23.4,11.9,11.9,2.8,15.8,14.3,100,66,Malang,-8.1583,112.6033
2025-11-05,28.2,21.6,23.2,35.5,35.5,2.82,14.5,14.79,100,72,Malang,-8.1583,112.6033
2025-11-06,29.0,21.6,23.8,8.4,8.4,3.33,12.1,16.3,100,62,Malang,-8.1583,112.6033
2025-11-07,30.0,20.5,23.6,18.5,18.5,3.25,11.2,16.51,100,61,Malang,-8.1583,112.6033
2025-11-08,29.8,21.4,24.2,18.4,18.4,3.67,11.1,18.41,100,61,Malang,-8.1583,112.6033
2025-11-09,28.5,21.4,24.0,23.9,23.9,2.75,8.1,13.38,100,70,Malang,-8.1583,112.6033
2025-11-10,29.6,21.9,24.1,15.4,15.4,3.27,9.7,16.35,100,61,Malang,-8.1583,112.6033
2025-11-11,29.0,21.5,23.5,20.4,20.4,2.95,5.1,14.66,99,63,Malang,-8.1583,112.6033
2025-11-12,29.4,21.5,23.6,36.5,36.5,3.25,13.2,16.56,99,63,Malang,-8.1583,112.6033
2025-11-13,27.0,21.4,23.3,20.3,20.3,3.23,18.3,16.84,99,69,Malang,-8.1583,112.6033
2025-11-14,28.0,21.4,23.2,23.4,23.4,2.85,15.5,14.97,99,67,Malang,-8.1583,112.6033
2025-11-15,28.0,20.6,23.1,18.8,18.8,2.94,15.6,15.69,98,69,Malang,-8.1583,112.6033
2025-11-16,30.5,20.0,24.0,21.6,21.6,3.8,13.1,19.19,99,61,Malang,-8.1583,112.6033
2025-11-17,29.0,21.4,23.7,10.0,10.0,2.73,11.6,13.78,99,65,Malang,-8.1583,112.6033
2025-11-18,30.0,21.4,24.0,16.7,16.7,3.67,10.6,18.6,100,60,Malang,-8.1583,112.6033
2025-11-19,28.7,21.8,23.7,37.5,37.5,3.0,10.3,14.95,99,62,Malang,-8.1583,112.6033
2025-11-20,29.6,21.7,24.6,25.9,25.9,4.24,9.1,21.1,99,60,Malang,-8.1583,112.6033
2025-11-21,29.3,21.4,23.9,44.9,44.9,3.0,7.3,14.8,99,66,Malang,-8.1583,112.6033
2025-11-22,27.1,21.8,23.6,18.1,18.1,2.38,11.9,11.82,100,75,Malang,-8.1583,112.6033
2025-11-23,29.8,21.5,24.1,38.9,38.9,3.57,9.1,17.84,98,63,Malang,-8.1583,112.6033
2025-11-24,28.4,21.5,23.9,10.5,10.5,3.47,15.9,17.69,99,70,Malang,-8.1583,112.6033
2025-11-25,29.5,19.4,24.2,0.7,0.7,4.45,17.3,22.25,99,59,Malang,-8.1583,112.6033
2025-11-26,28.0,20.2,23.2,15.1,15.1,3.33,19.3,18.22,100,67,Malang,-8.1583,112.6033
2025-11-27,29.2,20.7,24.0,2.7,2.7,3.95,11.2,19.86,95,63,Malang,-8.1583,112.6033
2025-11-28,27.1,22.1,24.2,5.4,5.4,3.17,18.2,15.29,94,66,Malang,-8.1583,112.6033
2025-11-29,27.3,20.9,23.8,0.0,0.0,3.49,15.2,16.52,89,63,Malang,-8.1583,112.6033
2025-11-30,29.0,19.5,24.0,1.0,1.0,4.08,11.7,19.9,94,58,Malang,-8.1583,112.6033
2025-12-01,28.3,21.5,24.4,1.8,1.8,4.24,13.7,20.92,96,61,Malang,-8.1583,112.6033
2025-12-02,29.1,21.0,23.6,23.3,23.3,3.13,11.7,15.98,99,67,Malang,-8.1583,112.6033
2025-12-03,30.4,21.4,24.2,3.4,3.4,3.69,14.9,19.02,99,60,Malang,-8.1583,112.6033
2025-12-04,30.0,21.2,23.7,10.2,10.2,3.37,12.5,16.79,99,63,Malang,-8.1583,112.6033
2025-12-05,29.0,20.6,23.8,5.6,5.6,4.08,12.1,21.22,100,68,Malang,-8.1583,112.6033
2025-12-06,28.1,21.4,23.5,20.8,20.8,3.18,8.0,16.17,100,67,Malang,-8.1583,112.6033
2025-12-07,28.6,21.1,23.8,29.3,29.3,3.41,8.8,17.52,100,67,Malang,-8.1583,112.6033
2025-12-08,26.8,21.4,23.1,17.6,17.6,2.01,11.0,10.28,100,79,Malang,-8.1583,112.6033
2025-12-09,28.4,21.0,23.4,3.1,3.1,2.89,9.9,14.54,99,72,Malang,-8.1583,112.6033
2025-12-10,28.5,21.4,24.5,2.2,2.2,4.11,14.8,20.72,99,67,Malang,-8.1583,112.6033
2025-12-11,28.6,21.2,24.0,6.7,6.7,3.95,17.1,20.53,100,67,Malang,-8.1583,112.6033
2025-12-12,28.3,20.4,23.9,6.7,6.7,4.04,15.7,20.9,98,65,Malang,-8.1583,112.6033
2025-12-13,30.0,20.0,24.6,2.6,2.6,4.93,17.9,24.88,98,53,Malang,-8.1583,112.6033
2025-12-14,28.2,21.5,24.0,12.9,12.9,3.85,21.0,20.51,100,68,Malang,-8.1583,112.6033
2025-12-15,26.3,21.0,23.0,19.0,19.0,2.68,18.7,14.93,99,72,Malang,-8.1583,112.6033
2025-12-16,28.4,21.1,24.3,0.3,0.3,4.46,20.9,21.97,90,60,Malang,-8.1583,112.6033
2025-12-17,29.0,20.2,24.5,0.7,0.7,4.68,17.1,23.72,97,63,Malang,-8.1583,112.6033
2025-12-18,29.1,21.2,24.0,13.5,13.5,4.16,12.4,21.71,99,61,Malang,-8.1583,112.6033
2025-12-19,29.6,21.2,24.6,0.7,0.7,4.12,9.7,20.32,98,58,Malang,-8.1583,112.6033
2025-12-20,29.2,21.9,24.1,36.4,36.4,3.6,11.2,18.18,99,65,Malang,-8.1583,112.6033
2025-12-21,29.5,21.5,24.4,6.0,6.0,3.68,11.2,17.83,97,63,Malang,-8.1583,112.6033
2025-12-22,28.5,21.4,24.4,7.1,7.1,3.36,14.2,16.94,97,68,Malang,-8.1583,112.6033
2025-12-23,28.8,21.2,24.4,4.9,4.9,4.39,16.7,23.08,99,70,Malang,-8.1583,112.6033
2025-12-24,28.5,21.0,24.2,5.2,5.2,4.33,18.1,22.77,100,68,Malang,-8.1583,112.6033
2025-12-25,29.5,21.0,24.7,1.9,1.9,4.72,18.4,23.96,100,63,Malang,-8.1583,112.6033
2025-12-26,27.4,21.5,23.4,19.8,19.8,3.06,14.4,16.61,99,76,Malang,-8.1583,112.6033
2025-12-27,28.6,22.4,24.2,4.5,4.5,3.04,16.0,15.47,98,69,Malang,-8.1583,112.6033
2025-12-28,29.6,22.0,25.1,2.6,2.6,4.61,16.5,23.76,100,66,Malang,-8.1583,112.6033
2025-12-29,29.3,22.0,24.9,0.6,0.6,4.31,14.4,21.41,95,61,Malang,-8.1583,112.6033
2025-12-30,30.0,22.0,25.1,0.6,0.6,4.37,11.4,21.38,94,57,Malang,-8.1583,112.6033
2025-12-31,29.3,22.0,23.9,17.0,17.0,3.05,8.7,15.57,99,67,Malang,-8.1583,112.6033
