tanggal,temperature_2m_max,temperature_2m_min,temperature_2m_mean,precipitation_sum,rain_sum,et0_fao_evapotranspiration,windspeed_10m_max,shortwave_radiation_sum,relative_humidity_2m_max,relative_humidity_2m_min,kabupaten,lat,lon
2018-01-01,29.4,23.8,25.8,2.5,2.5,2.82,8.0,13.89,96,70,Mojokerto,-7.5271,112.4346
2018-01-02,29.4,24.0,26.0,2.6,2.6,3.27,5.0,16.14,97,73,Mojokerto,-7.5271,112.4346
2018-01-03,30.8,23.4,26.4,7.5,7.5,3.89,9.7,19.32,98,73,Mojokerto,-7.5271,112.4346
2018-01-04,29.5,23.9,25.8,24.2,24.2,3.06,9.2,15.04,96,74,Mojokerto,-7.5271,112.4346
2018-01-05,30.1,23.5,26.3,16.0,16.0,4.24,10.3,20.97,96,69,Mojokerto,-7.5271,112.4346
2018-01-06,31.1,23.5,26.4,2.1,2.1,3.84,16.8,18.94,96,63,Mojokerto,-7.5271,112.4346
2018-01-07,27.0,23.5,25.0,15.6,15.6,2.15,9.0,10.63,98,77,Mojokerto,-7.5271,112.4346
2018-01-08,29.7,23.8,26.1,4.1,4.1,3.41,7.3,16.39,96,68,Mojokerto,-7.5271,112.4346
2018-01-09,31.1,24.0,26.3,10.4,10.4,4.2,9.3,20.65,96,66,Mojokerto,-7.5271,112.4346
2018-01-10,30.8,23.8,26.1,9.4,9.4,3.71,13.3,18.09,96,71,Mojokerto,-7.5271,112.4346
2018-01-11,28.5,22.8,25.0,9.6,9.6,2.67,17.9,12.47,98,72,Mojokerto,-7.5271,112.4346
2018-01-12,31.1,22.3,25.8,1.3,1.3,3.31,15.5,14.58,93,52,Mojokerto,-7.5271,112.4346
2018-01-13,28.5,23.9,25.8,13.8,13.8,2.2,12.4,8.81,95,72,Mojokerto,-7.5271,112.4346
2018-01-14,29.8,23.0,25.9,6.9,6.9,3.22,12.6,15.27,95,66,Mojokerto,-7.5271,112.4346
2018-01-15,29.9,23.6,26.4,2.2,2.2,3.59,10.1,16.66,87,64,Mojokerto,-7.5271,112.4346
2018-01-16,28.9,23.5,25.5,7.4,7.4,2.96,12.4,13.55,89,72,Mojokerto,-7.5271,112.4346
2018-01-17,30.5,23.9,26.1,9.5,9.5,3.59,11.9,16.71,94,66,Mojokerto,-7.5271,112.4346
2018-01-18,29.5,23.5,25.2,27.5,27.5,2.68,11.8,12.83,96,74,Mojokerto,-7.5271,112.4346
2018-01-19,29.9,23.1,25.3,21.1,21.1,2.95,17.0,13.78,96,70,Mojokerto,-7.5271,112.4346
2018-01-20,28.9,23.5,25.4,6.0,6.0,2.68,13.4,12.31,98,69,Mojokerto,-7.5271,112.4346
2018-01-21,28.5,23.3,25.0,7.7,7.7,2.18,14.6,9.67,93,73,Mojokerto,-7.5271,112.4346
2018-01-22,29.4,23.1,25.2,11.0,11.0,2.96,13.0,14.3,91,69,Mojokerto,-7.5271,112.4346
2018-01-23,29.6,23.5,25.3,19.2,19.2,3.13,13.2,15.06,95,73,Mojokerto,-7.5271,112.4346
2018-01-24,29.2,23.5,25.6,8.8,8.8,3.13,11.9,15.68,96,72,Mojokerto,-7.5271,112.4346
2018-01-25,28.2,24.0,25.7,15.7,15.7,3.14,21.3,13.15,94,64,Mojokerto,-7.5271,112.4346
2018-01-26,29.6,23.5,25.8,23.6,23.6,3.51,15.6,15.57,94,64,Mojokerto,-7.5271,112.4346
2018-01-27,30.2,23.9,26.2,5.4,5.4,3.69,15.3,17.34,88,70,Mojokerto,-7.5271,112.4346
2018-01-28,27.9,23.7,25.2,14.4,14.4,2.43,14.8,11.44,92,80,Mojokerto,-7.5271,112.4346
2018-01-29,30.1,23.9,25.8,5.2,5.2,3.58,18.0,16.99,94,69,Mojokerto,-7.5271,112.4346
2018-01-30,30.2,23.5,26.1,5.0,5.0,4.57,16.0,21.81,92,63,Mojokerto,-7.5271,112.4346
2018-01-31,29.6,23.0,25.3,6.5,6.5,3.38,14.4,16.77,95,76,Mojokerto,-7.5271,112.4346
2018-02-01,28.4,23.2,25.0,23.3,23.3,2.33,15.0,10.9,92,78,Mojokerto,-7.5271,112.4346
2018-02-02,28.9,23.2,25.2,2.9,2.9,2.82,13.7,13.98,95,74,Mojokerto,-7.5271,112.4346
2018-02-03,28.2,23.1,25.0,8.0,8.0,2.88,17.3,14.46,95,77,Mojokerto,-7.5271,112.4346
2018-02-04,30.0,22.8,25.3,6.6,6.6,3.65,13.3,18.44,97,68,Mojokerto,-7.5271,112.4346
2018-02-05,28.6,23.4,25.2,8.0,8.0,2.64,15.4,13.19,97,73,Mojokerto,-7.5271,112.4346
2018-02-06,29.4,23.0,25.0,13.9,13.9,3.16,18.1,15.67,94,62,Mojokerto,-7.5271,112.4346
2018-02-07,29.5,22.9,25.0,11.1,11.1,3.87,12.5,19.52,95,74,Mojokerto,-7.5271,112.4346
2018-02-08,26.8,22.9,24.2,11.9,11.9,1.87,11.6,8.82,97,81,Mojokerto,-7.5271,112.4346
2018-02-09,27.5,23.0,24.8,1.6,1.6,2.15,13.8,10.31,97,77,Mojokerto,-7.5271,112.4346
2018-02-10,30.2,22.1,25.6,1.5,1.5,4.34,9.4,21.83,95,66,Mojokerto,-7.5271,112.4346
2018-02-11,29.4,23.3,25.1,12.8,12.8,3.28,11.2,16.75,94,73,Mojokerto,-7.5271,112.4346
2018-02-12,28.3,23.4,25.1,9.1,9.1,2.92,12.4,14.45,94,77,Mojokerto,-7.5271,112.4346
2018-02-13,28.3,23.0,25.0,7.8,7.8,3.05,15.0,16.01,95,77,Mojokerto,-7.5271,112.4346
2018-02-14,28.6,23.4,25.7,1.8,1.8,3.39,14.8,16.52,90,72,Mojokerto,-7.5271,112.4346
2018-02-15,29.0,23.4,25.2,13.1,13.1,3.25,18.4,15.79,97,71,Mojokerto,-7.5271,112.4346
2018-02-16,29.0,23.0,25.3,5.6,5.6,2.88,14.2,13.6,96,69,Mojokerto,-7.5271,112.4346
2018-02-17,29.8,23.4,25.8,7.2,7.2,3.86,13.3,19.26,95,70,Mojokerto,-7.5271,112.4346
2018-02-18,30.7,23.6,26.3,1.4,1.4,4.07,11.2,19.71,91,63,Mojokerto,-7.5271,112.4346
2018-02-19,30.6,22.8,25.8,14.3,14.3,4.0,7.8,19.86,96,68,Mojokerto,-7.5271,112.4346
2018-02-20,30.3,23.1,25.9,23.1,23.1,3.77,9.8,19.0,94,71,Mojokerto,-7.5271,112.4346
2018-02-21,30.6,23.1,26.0,11.7,11.7,4.2,5.8,20.8,96,67,Mojokerto,-7.5271,112.4346
2018-02-22,29.9,23.0,25.1,12.7,12.7,3.15,8.3,15.59,99,71,Mojokerto,-7.5271,112.4346
2018-02-23,29.1,23.1,25.0,14.0,14.0,2.99,7.9,15.04,99,76,Mojokerto,-7.5271,112.4346
2018-02-24,28.8,23.1,24.8,9.9,9.9,2.77,11.9,13.63,97,73,Mojokerto,-7.5271,112.4346
2018-02-25,30.0,22.9,25.7,2.2,2.2,3.96,11.9,20.16,96,70,Mojokerto,-7.5271,112.4346
2018-02-26,30.0,23.5,25.5,19.0,19.0,3.12,8.6,15.47,96,70,Mojokerto,-7.5271,112.4346
2018-02-27,30.4,22.4,26.0,5.7,5.7,4.56,9.4,22.19,93,66,Mojokerto,-7.5271,112.4346
2018-02-28,30.5,23.2,25.9,6.7,6.7,3.63,11.0,18.39,97,67,Mojokerto,-7.5271,112.4346
2018-03-01,29.8,23.9,25.5,3.8,3.8,3.03,14.2,15.15,97,69,Mojokerto,-7.5271,112.4346
2018-03-02,30.9,23.2,25.9,1.4,1.4,3.95,9.9,19.83,96,67,Mojokerto,-7.5271,112.4346
2018-03-03,29.5,23.9,25.9,5.9,5.9,3.12,10.2,15.56,94,76,Mojokerto,-7.5271,112.4346
2018-03-04,29.0,23.4,26.0,2.9,2.9,3.39,8.4,16.96,98,79,Mojokerto,-7.5271,112.4346
2018-03-05,28.5,23.5,25.2,17.0,17.0,2.71,9.4,13.42,99,80,Mojokerto,-7.5271,112.4346
2018-03-06,30.1,23.7,26.2,0.9,0.9,4.2,11.9,21.22,95,70,Mojokerto,-7.5271,112.4346
2018-03-07,29.4,23.9,25.7,3.2,3.2,3.09,11.3,15.27,97,70,Mojokerto,-7.5271,112.4346
2018-03-08,29.3,23.5,25.8,2.6,2.6,3.82,11.9,19.71,96,76,Mojokerto,-7.5271,112.4346
2018-03-09,30.5,23.0,26.3,3.4,3.4,4.3,11.0,21.55,96,71,Mojokerto,-7.5271,112.4346
2018-03-10,30.6,23.5,26.2,5.0,5.0,4.17,13.0,20.71,98,68,Mojokerto,-7.5271,112.4346
2018-03-11,29.8,23.6,25.9,2.6,2.6,3.19,8.6,15.77,96,66,Mojokerto,-7.5271,112.4346
2018-03-12,28.1,23.5,25.5,5.5,5.5,2.46,7.7,12.0,97,77,Mojokerto,-7.5271,112.4346
2018-03-13,28.4,22.7,24.9,20.5,20.5,2.52,11.2,12.44,99,77,Mojokerto,-7.5271,112.4346
2018-03-14,30.6,23.1,26.3,1.2,1.2,4.71,13.9,22.92,98,61,Mojokerto,-7.5271,112.4346
2018-03-15,30.7,22.9,26.5,0.5,0.5,4.6,8.0,22.54,87,65,Mojokerto,-7.5271,112.4346
2018-03-16,30.1,23.4,25.8,16.0,16.0,3.49,8.4,17.23,99,68,Mojokerto,-7.5271,112.4346
2018-03-17,27.4,23.4,24.9,34.9,34.9,2.92,10.6,15.1,100,81,Mojokerto,-7.5271,112.4346
2018-03-18,29.5,22.4,25.5,6.9,6.9,3.76,13.2,19.33,99,74,Mojokerto,-7.5271,112.4346
2018-03-19,30.0,22.8,26.0,2.0,2.0,4.13,9.3,20.7,94,67,Mojokerto,-7.5271,112.4346
2018-03-20,32.0,24.1,27.3,0.0,0.0,5.09,10.9,24.43,91,56,Mojokerto,-7.5271,112.4346
2018-03-21,30.4,23.9,26.4,6.3,6.3,4.12,10.7,20.52,87,64,Mojokerto,-7.5271,112.4346
2018-03-22,28.2,23.5,25.2,10.5,10.5,2.75,8.8,13.69,94,75,Mojokerto,-7.5271,112.4346
2018-03-23,30.9,22.8,26.4,0.8,0.8,4.47,10.2,22.12,93,70,Mojokerto,-7.5271,112.4346
2018-03-24,29.5,24.7,26.6,6.4,6.4,3.59,8.3,17.87,96,74,Mojokerto,-7.5271,112.4346
2018-03-25,30.2,23.1,26.0,2.1,2.1,4.01,10.5,19.94,94,66,Mojokerto,-7.5271,112.4346
2018-03-26,30.5,23.8,26.4,4.2,4.2,4.19,7.6,20.6,93,71,Mojokerto,-7.5271,112.4346
2018-03-27,29.0,23.8,26.2,1.6,1.6,3.43,8.3,17.11,90,70,Mojokerto,-7.5271,112.4346
2018-03-28,30.8,24.0,27.0,0.0,0.0,4.24,6.9,20.89,91,66,Mojokerto,-7.5271,112.4346
2018-03-29,30.9,23.4,27.1,0.5,0.5,4.67,11.3,22.76,95,66,Mojokerto,-7.5271,112.4346
2018-03-30,30.9,23.1,26.3,1.3,1.3,4.04,8.3,19.77,94,63,Mojokerto,-7.5271,112.4346
2018-03-31,31.0,24.0,26.6,3.8,3.8,4.29,14.3,21.06,91,63,Mojokerto,-7.5271,112.4346
2018-04-01,31.4,24.0,26.5,10.0,10.0,4.32,7.2,21.36,93,68,Mojokerto,-7.5271,112.4346
2018-04-02,29.6,23.7,25.9,3.7,3.7,3.59,5.6,17.92,96,72,Mojokerto,-7.5271,112.4346
2018-04-03,31.0,23.8,26.3,1.6,1.6,4.14,7.3,20.65,96,61,Mojokerto,-7.5271,112.4346
2018-04-04,31.2,23.8,26.9,1.1,1.1,4.5,7.8,21.95,92,63,Mojokerto,-7.5271,112.4346
2018-04-05,31.5,23.6,27.1,1.1,1.1,4.46,7.7,21.7,92,63,Mojokerto,-7.5271,112.4346
2018-04-06,31.0,23.8,26.8,2.3,2.3,4.36,8.4,21.28,97,65,Mojokerto,-7.5271,112.4346
2018-04-07,29.5,23.8,26.2,7.4,7.4,3.66,11.8,18.42,99,70,Mojokerto,-7.5271,112.4346
2018-04-08,30.2,23.1,25.7,8.3,8.3,3.79,17.6,19.32,98,65,Mojokerto,-7.5271,112.4346
2018-04-09,31.1,23.3,26.4,2.1,2.1,4.24,14.8,20.48,91,58,Mojokerto,-7.5271,112.4346
2018-04-10,31.0,22.8,26.8,0.3,0.3,4.41,5.2,21.63,89,60,Mojokerto,-7.5271,112.4346
2018-04-11,31.8,23.7,27.2,0.5,0.5,4.44,7.3,21.3,87,60,Mojokerto,-7.5271,112.4346
2018-04-12,30.5,24.2,26.9,3.7,3.7,3.64,12.4,17.87,89,69,Mojokerto,-7.5271,112.4346
2018-04-13,32.5,24.2,27.5,2.7,2.7,4.34,12.0,20.79,91,64,Mojokerto,-7.5271,112.4346
2018-04-14,32.7,24.4,27.7,0.7,0.7,4.46,5.6,21.4,90,53,Mojokerto,-7.5271,112.4346
2018-04-15,31.8,23.9,27.8,0.4,0.4,4.49,6.2,21.56,86,59,Mojokerto,-7.5271,112.4346
2018-04-16,31.2,24.6,27.6,1.1,1.1,4.11,8.1,19.84,88,63,Mojokerto,-7.5271,112.4346
2018-04-17,30.4,24.5,26.8,10.0,10.0,3.76,9.4,18.53,95,67,Mojokerto,-7.5271,112.4346
2018-04-18,31.4,24.0,26.3,11.9,11.9,3.68,13.9,18.54,98,71,Mojokerto,-7.5271,112.4346
2018-04-19,30.8,24.1,26.9,2.3,2.3,3.99,7.2,19.77,92,68,Mojokerto,-7.5271,112.4346
2018-04-20,31.0,23.6,26.8,3.1,3.1,4.07,10.9,20.03,96,65,Mojokerto,-7.5271,112.4346
2018-04-21,31.1,24.3,26.9,1.5,1.5,3.73,7.5,18.21,97,63,Mojokerto,-7.5271,112.4346
2018-04-22,30.7,24.5,26.8,6.0,6.0,3.21,13.3,15.88,94,69,Mojokerto,-7.5271,112.4346
2018-04-23,31.0,24.3,26.7,2.2,2.2,3.59,10.7,17.24,100,67,Mojokerto,-7.5271,112.4346
2018-04-24,31.2,24.0,27.0,1.9,1.9,4.05,7.3,19.6,91,61,Mojokerto,-7.5271,112.4346
2018-04-25,31.8,23.9,27.4,0.3,0.3,4.53,11.7,21.62,94,53,Mojokerto,-7.5271,112.4346
2018-04-26,31.5,23.9,27.1,0.1,0.1,4.52,17.8,20.59,92,53,Mojokerto,-7.5271,112.4346
2018-04-27,32.5,23.1,27.4,0.0,0.0,4.7,14.6,21.15,89,49,Mojokerto,-7.5271,112.4346
2018-04-28,32.3,23.6,27.6,0.0,0.0,4.34,8.6,20.29,86,51,Mojokerto,-7.5271,112.4346
2018-04-29,32.7,22.1,27.7,0.0,0.0,4.91,9.1,22.38,80,47,Mojokerto,-7.5271,112.4346
2018-04-30,33.8,21.8,27.2,0.0,0.0,5.3,17.9,22.99,87,29,Mojokerto,-7.5271,112.4346
2018-05-01,33.5,21.4,27.5,0.0,0.0,4.64,8.9,21.48,84,35,Mojokerto,-7.5271,112.4346
2018-05-02,32.2,22.1,27.5,0.0,0.0,4.31,7.9,20.44,85,43,Mojokerto,-7.5271,112.4346
2018-05-03,33.2,21.9,27.6,0.0,0.0,5.05,13.2,21.74,79,39,Mojokerto,-7.5271,112.4346
2018-05-04,33.3,22.2,27.6,0.0,0.0,4.75,12.8,20.67,82,44,Mojokerto,-7.5271,112.4346
2018-05-05,34.2,21.9,27.8,0.0,0.0,5.72,21.1,22.97,84,34,Mojokerto,-7.5271,112.4346
2018-05-06,35.1,22.7,28.7,0.0,0.0,5.6,19.4,22.08,77,35,Mojokerto,-7.5271,112.4346
2018-05-07,34.0,22.6,28.3,0.0,0.0,4.62,15.5,19.68,79,40,Mojokerto,-7.5271,112.4346
2018-05-08,33.2,24.5,28.6,1.0,1.0,4.37,14.0,18.9,82,41,Mojokerto,-7.5271,112.4346
2018-05-09,34.2,22.5,28.1,0.4,0.4,5.0,15.3,21.02,86,34,Mojokerto,-7.5271,112.4346
2018-05-10,35.0,22.2,28.0,0.0,0.0,5.72,20.1,22.95,85,30,Mojokerto,-7.5271,112.4346
2018-05-11,34.8,22.4,28.5,0.0,0.0,5.24,16.8,21.65,71,37,Mojokerto,-7.5271,112.4346
2018-05-12,34.6,23.3,28.9,0.0,0.0,4.68,11.3,20.09,79,36,Mojokerto,-7.5271,112.4346
2018-05-13,35.0,23.5,28.8,0.0,0.0,5.23,15.4,21.66,82,33,Mojokerto,-7.5271,112.4346
2018-05-14,33.9,23.7,28.6,0.0,0.0,4.91,18.3,19.86,83,42,Mojokerto,-7.5271,112.4346
2018-05-15,35.2,24.3,28.4,1.1,1.1,4.33,15.7,18.31,90,40,Mojokerto,-7.5271,112.4346
2018-05-16,34.2,23.8,28.7,0.8,0.8,4.3,11.8,18.19,84,45,Mojokerto,-7.5271,112.4346
2018-05-17,33.0,24.6,27.7,6.8,6.8,3.56,8.1,16.37,92,53,Mojokerto,-7.5271,112.4346
2018-05-18,32.0,23.6,27.5,0.8,0.8,3.77,7.0,17.83,94,54,Mojokerto,-7.5271,112.4346
2018-05-19,34.0,24.1,28.2,0.2,0.2,4.22,5.7,19.54,89,45,Mojokerto,-7.5271,112.4346
2018-05-20,34.0,23.5,28.3,0.3,0.3,4.58,11.7,19.73,86,41,Mojokerto,-7.5271,112.4346
2018-05-21,33.8,25.2,28.4,0.3,0.3,4.52,16.7,18.76,88,41,Mojokerto,-7.5271,112.4346
2018-05-22,34.3,23.9,28.6,0.1,0.1,5.02,22.0,19.7,89,42,Mojokerto,-7.5271,112.4346
2018-05-23,34.1,24.1,28.4,2.2,2.2,4.28,20.0,17.6,87,46,Mojokerto,-7.5271,112.4346
2018-05-24,33.0,24.4,28.2,3.1,3.1,3.89,7.2,18.08,92,47,Mojokerto,-7.5271,112.4346
2018-05-25,34.1,23.4,27.9,0.5,0.5,3.79,10.2,17.16,90,49,Mojokerto,-7.5271,112.4346
2018-05-26,34.2,24.2,28.6,0.0,0.0,4.52,15.9,18.84,89,43,Mojokerto,-7.5271,112.4346
2018-05-27,33.9,23.8,28.5,0.6,0.6,4.13,9.8,17.54,93,46,Mojokerto,-7.5271,112.4346
2018-05-28,34.2,23.8,28.8,0.3,0.3,4.42,8.4,19.26,85,45,Mojokerto,-7.5271,112.4346
2018-05-29,34.8,23.2,28.9,0.0,0.0,4.41,9.8,18.37,90,36,Mojokerto,-7.5271,112.4346
2018-05-30,34.7,22.8,28.3,0.0,0.0,4.84,10.5,20.57,81,34,Mojokerto,-7.5271,112.4346
2018-05-31,34.8,22.6,28.3,0.0,0.0,4.69,10.8,20.28,77,30,Mojokerto,-7.5271,112.4346
2018-06-01,34.8,22.1,28.2,0.1,0.1,4.85,14.9,19.97,82,31,Mojokerto,-7.5271,112.4346
2018-06-02,35.6,23.1,28.6,0.0,0.0,5.03,17.5,19.9,79,32,Mojokerto,-7.5271,112.4346
2018-06-03,34.5,24.2,28.6,0.0,0.0,4.66,16.9,18.9,84,37,Mojokerto,-7.5271,112.4346
2018-06-04,33.0,23.4,28.1,0.0,0.0,4.57,17.3,17.55,77,45,Mojokerto,-7.5271,112.4346
2018-06-05,33.7,23.6,28.6,0.1,0.1,4.81,14.5,19.05,83,45,Mojokerto,-7.5271,112.4346
2018-06-06,34.8,23.6,29.0,0.0,0.0,4.53,12.7,18.83,80,38,Mojokerto,-7.5271,112.4346
2018-06-07,35.4,23.2,28.9,0.0,0.0,4.91,16.6,20.6,84,37,Mojokerto,-7.5271,112.4346
2018-06-08,35.5,23.8,28.8,0.0,0.0,4.79,17.4,19.76,86,36,Mojokerto,-7.5271,112.4346
2018-06-09,34.8,23.7,28.7,0.0,0.0,4.55,16.3,18.81,83,33,Mojokerto,-7.5271,112.4346
2018-06-10,35.4,22.1,28.5,0.0,0.0,5.24,18.8,20.49,82,33,Mojokerto,-7.5271,112.4346
2018-06-11,35.3,23.2,28.9,0.5,0.5,4.74,16.0,19.05,87,36,Mojokerto,-7.5271,112.4346
2018-06-12,34.2,24.6,28.6,0.7,0.7,3.98,8.4,17.47,83,44,Mojokerto,-7.5271,112.4346
2018-06-13,33.1,23.7,28.3,0.1,0.1,3.86,8.2,16.82,87,44,Mojokerto,-7.5271,112.4346
2018-06-14,34.5,22.4,28.1,0.0,0.0,4.81,17.3,20.43,85,29,Mojokerto,-7.5271,112.4346
2018-06-15,33.8,22.9,27.7,0.0,0.0,4.96,16.3,20.48,82,36,Mojokerto,-7.5271,112.4346
2018-06-16,34.0,21.2,27.2,0.0,0.0,5.31,17.7,21.0,75,31,Mojokerto,-7.5271,112.4346
2018-06-17,33.6,20.5,27.1,0.0,0.0,5.17,23.7,19.67,75,40,Mojokerto,-7.5271,112.4346
2018-06-18,34.0,21.4,27.4,0.0,0.0,5.38,22.0,20.7,73,32,Mojokerto,-7.5271,112.4346
2018-06-19,33.8,23.0,27.8,0.4,0.4,4.16,17.9,16.88,80,41,Mojokerto,-7.5271,112.4346
2018-06-20,34.2,23.3,27.4,4.1,4.1,3.98,16.3,17.07,98,42,Mojokerto,-7.5271,112.4346
2018-06-21,27.7,23.7,25.4,6.5,6.5,1.64,8.9,8.01,99,74,Mojokerto,-7.5271,112.4346
2018-06-22,32.4,23.6,27.4,1.6,1.6,3.62,7.4,17.09,91,54,Mojokerto,-7.5271,112.4346
2018-06-23,33.0,23.3,27.2,0.7,0.7,3.95,8.1,18.32,94,50,Mojokerto,-7.5271,112.4346
2018-06-24,33.8,22.6,27.5,0.3,0.3,4.33,14.1,18.99,94,42,Mojokerto,-7.5271,112.4346
2018-06-25,33.2,22.6,27.2,0.7,0.7,3.98,7.9,18.81,97,46,Mojokerto,-7.5271,112.4346
2018-06-26,33.0,22.3,26.9,0.3,0.3,4.15,10.0,18.58,96,44,Mojokerto,-7.5271,112.4346
2018-06-27,34.7,21.9,27.7,0.0,0.0,5.0,18.7,20.47,91,31,Mojokerto,-7.5271,112.4346
2018-06-28,34.5,22.9,28.0,0.0,0.0,4.61,12.2,19.41,85,37,Mojokerto,-7.5271,112.4346
2018-06-29,34.8,22.5,28.1,0.0,0.0,4.55,9.5,19.9,84,32,Mojokerto,-7.5271,112.4346
2018-06-30,35.0,21.7,27.9,0.2,0.2,4.64,10.0,19.64,85,32,Mojokerto,-7.5271,112.4346
2018-07-01,34.3,22.4,27.7,0.0,0.0,4.78,15.1,20.35,79,34,Mojokerto,-7.5271,112.4346
2018-07-02,34.8,21.5,28.0,0.0,0.0,4.65,6.4,20.93,75,27,Mojokerto,-7.5271,112.4346
2018-07-03,34.2,21.7,27.8,0.5,0.5,4.58,10.2,19.3,91,37,Mojokerto,-7.5271,112.4346
2018-07-04,34.3,23.5,27.9,2.2,2.2,4.3,13.6,17.71,82,40,Mojokerto,-7.5271,112.4346
2018-07-05,33.3,22.5,26.8,0.8,0.8,4.63,12.2,20.17,89,32,Mojokerto,-7.5271,112.4346
2018-07-06,32.6,21.4,26.2,0.0,0.0,4.86,18.5,21.27,77,31,Mojokerto,-7.5271,112.4346
2018-07-07,34.2,20.5,26.5,0.0,0.0,4.67,18.3,20.2,86,34,Mojokerto,-7.5271,112.4346
2018-07-08,33.7,21.1,26.9,0.0,0.0,4.77,15.3,20.61,81,34,Mojokerto,-7.5271,112.4346
2018-07-09,34.2,21.9,27.4,0.0,0.0,4.75,23.0,19.71,90,33,Mojokerto,-7.5271,112.4346
2018-07-10,34.0,20.8,27.3,0.0,0.0,4.5,10.8,18.64,90,30,Mojokerto,-7.5271,112.4346
2018-07-11,31.7,22.4,26.9,0.0,0.0,3.73,12.9,14.94,77,39,Mojokerto,-7.5271,112.4346
2018-07-12,34.5,20.9,27.4,0.0,0.0,4.96,19.0,20.25,77,28,Mojokerto,-7.5271,112.4346
2018-07-13,33.7,20.8,27.1,0.0,0.0,4.38,15.7,17.68,85,33,Mojokerto,-7.5271,112.4346
2018-07-14,34.0,22.4,27.3,0.2,0.2,4.4,11.0,17.95,78,31,Mojokerto,-7.5271,112.4346
2018-07-15,33.2,22.8,27.1,0.0,0.0,4.73,18.2,18.12,76,35,Mojokerto,-7.5271,112.4346
2018-07-16,34.0,20.6,27.0,0.0,0.0,4.62,15.2,18.89,80,30,Mojokerto,-7.5271,112.4346
2018-07-17,34.0,21.1,27.2,0.1,0.1,4.48,16.1,17.97,84,33,Mojokerto,-7.5271,112.4346
2018-07-18,34.4,22.0,27.6,0.0,0.0,4.57,19.0,18.95,85,35,Mojokerto,-7.5271,112.4346
2018-07-19,35.3,22.6,27.9,0.0,0.0,4.91,18.3,20.37,85,32,Mojokerto,-7.5271,112.4346
2018-07-20,34.7,21.4,27.6,0.0,0.0,5.3,21.6,21.47,83,30,Mojokerto,-7.5271,112.4346
2018-07-21,35.0,22.2,28.0,0.0,0.0,4.87,19.5,19.81,84,34,Mojokerto,-7.5271,112.4346
2018-07-22,35.2,23.0,28.3,0.2,0.2,4.37,11.4,19.1,87,35,Mojokerto,-7.5271,112.4346
2018-07-23,34.2,23.6,28.3,0.7,0.7,4.34,11.5,18.74,87,42,Mojokerto,-7.5271,112.4346
2018-07-24,34.4,21.9,27.6,0.0,0.0,5.26,20.7,21.3,84,32,Mojokerto,-7.5271,112.4346
2018-07-25,34.9,20.1,26.8,0.0,0.0,5.07,13.4,22.29,85,22,Mojokerto,-7.5271,112.4346
2018-07-26,34.7,19.6,26.7,0.0,0.0,5.19,13.9,22.22,74,26,Mojokerto,-7.5271,112.4346
2018-07-27,34.7,19.9,27.3,0.0,0.0,4.85,9.2,22.01,93,29,Mojokerto,-7.5271,112.4346
2018-07-28,35.2,22.0,28.0,0.0,0.0,4.81,8.8,21.83,83,29,Mojokerto,-7.5271,112.4346
2018-07-29,35.0,21.4,27.9,0.0,0.0,4.34,9.0,18.05,86,32,Mojokerto,-7.5271,112.4346
2018-07-30,34.9,21.6,27.8,0.0,0.0,5.35,20.4,21.64,83,33,Mojokerto,-7.5271,112.4346
2018-07-31,34.7,21.3,27.8,0.0,0.0,4.62,13.1,19.67,84,33,Mojokerto,-7.5271,112.4346
2018-08-01,34.2,23.9,28.3,0.0,0.0,4.17,8.6,18.11,80,34,Mojokerto,-7.5271,112.4346
2018-08-02,34.7,20.5,27.0,0.0,0.0,5.32,13.6,22.29,91,19,Mojokerto,-7.5271,112.4346
2018-08-03,33.5,20.4,25.9,0.0,0.0,5.06,11.8,22.55,73,23,Mojokerto,-7.5271,112.4346
2018-08-04,33.6,20.5,26.2,0.0,0.0,4.91,7.7,22.69,76,25,Mojokerto,-7.5271,112.4346
2018-08-05,32.0,19.5,26.1,0.0,0.0,4.84,22.2,19.49,88,35,Mojokerto,-7.5271,112.4346
2018-08-06,34.5,19.2,26.9,0.0,0.0,5.09,13.1,21.44,74,26,Mojokerto,-7.5271,112.4346
2018-08-07,33.7,19.9,26.9,0.0,0.0,5.22,20.2,21.05,76,28,Mojokerto,-7.5271,112.4346
2018-08-08,33.8,20.8,27.3,0.0,0.0,5.09,18.4,20.62,79,35,Mojokerto,-7.5271,112.4346
2018-08-09,34.8,22.2,28.1,0.0,0.0,5.13,20.2,20.82,84,34,Mojokerto,-7.5271,112.4346
2018-08-10,33.8,22.4,28.2,0.0,0.0,4.36,12.3,17.59,86,38,Mojokerto,-7.5271,112.4346
2018-08-11,36.3,22.0,28.8,0.0,0.0,5.54,15.8,22.21,83,28,Mojokerto,-7.5271,112.4346
2018-08-12,34.5,22.0,28.2,0.0,0.0,4.7,12.9,18.35,84,35,Mojokerto,-7.5271,112.4346
2018-08-13,34.4,21.9,27.9,0.0,0.0,5.23,19.4,20.53,88,35,Mojokerto,-7.5271,112.4346
2018-08-14,33.1,21.2,27.1,0.0,0.0,4.4,20.6,18.32,93,42,Mojokerto,-7.5271,112.4346
2018-08-15,33.3,22.8,27.2,0.2,0.2,4.32,12.1,18.05,87,37,Mojokerto,-7.5271,112.4346
2018-08-16,33.7,20.1,26.7,0.0,0.0,5.46,14.1,23.54,80,25,Mojokerto,-7.5271,112.4346
2018-08-17,34.4,19.2,26.8,0.0,0.0,5.29,10.2,24.03,82,21,Mojokerto,-7.5271,112.4346
2018-08-18,33.8,19.8,26.4,0.0,0.0,5.55,22.7,23.67,81,29,Mojokerto,-7.5271,112.4346
2018-08-19,33.8,20.1,26.9,0.0,0.0,5.67,22.7,23.56,85,30,Mojokerto,-7.5271,112.4346
2018-08-20,34.9,21.0,27.5,0.0,0.0,5.52,23.0,22.2,81,31,Mojokerto,-7.5271,112.4346
2018-08-21,35.2,20.9,27.8,0.0,0.0,4.99,12.1,20.91,85,30,Mojokerto,-7.5271,112.4346
2018-08-22,35.6,22.9,28.1,0.0,0.0,4.97,17.3,20.09,80,30,Mojokerto,-7.5271,112.4346
2018-08-23,35.8,22.0,28.1,0.0,0.0,5.13,10.2,21.61,82,25,Mojokerto,-7.5271,112.4346
2018-08-24,35.8,21.6,27.9,0.0,0.0,5.56,13.6,22.54,71,24,Mojokerto,-7.5271,112.4346
2018-08-25,36.0,19.6,27.3,0.0,0.0,5.6,15.3,23.41,77,25,Mojokerto,-7.5271,112.4346
2018-08-26,35.0,21.6,27.6,0.0,0.0,5.39,13.5,22.69,82,31,Mojokerto,-7.5271,112.4346
2018-08-27,35.4,21.9,28.1,0.0,0.0,5.24,21.6,20.17,85,34,Mojokerto,-7.5271,112.4346
2018-08-28,35.0,22.7,28.4,0.1,0.1,4.73,12.1,20.31,86,33,Mojokerto,-7.5271,112.4346
2018-08-29,33.1,23.6,28.0,0.0,0.0,4.2,7.9,18.32,80,39,Mojokerto,-7.5271,112.4346
2018-08-30,35.7,23.0,28.5,0.0,0.0,5.25,11.6,22.16,79,32,Mojokerto,-7.5271,112.4346
2018-08-31,36.0,23.1,28.5,0.7,0.7,5.13,10.4,21.84,84,35,Mojokerto,-7.5271,112.4346
2018-09-01,35.0,23.6,27.6,1.3,1.3,4.51,15.9,19.62,82,39,Mojokerto,-7.5271,112.4346
2018-09-02,34.2,23.7,28.3,0.5,0.5,4.75,10.6,20.3,83,39,Mojokerto,-7.5271,112.4346
2018-09-03,35.2,22.5,27.9,0.0,0.0,5.15,10.1,21.88,87,28,Mojokerto,-7.5271,112.4346
2018-09-04,35.5,20.9,28.0,0.0,0.0,6.03,17.7,24.24,77,27,Mojokerto,-7.5271,112.4346
2018-09-05,36.3,22.8,28.7,0.0,0.0,6.07,23.1,22.95,74,27,Mojokerto,-7.5271,112.4346
2018-09-06,36.0,23.5,28.9,0.0,0.0,6.77,30.1,24.32,84,20,Mojokerto,-7.5271,112.4346
2018-09-07,36.0,22.0,28.5,0.0,0.0,6.52,26.3,24.07,82,23,Mojokerto,-7.5271,112.4346
2018-09-08,36.2,23.2,28.8,0.0,0.0,6.34,24.5,24.65,84,28,Mojokerto,-7.5271,112.4346
2018-09-09,36.9,21.9,28.7,0.0,0.0,6.93,27.4,25.24,88,21,Mojokerto,-7.5271,112.4346
2018-09-10,36.2,22.0,28.8,0.0,0.0,7.37,29.4,25.19,90,18,Mojokerto,-7.5271,112.4346
2018-09-11,35.7,21.9,28.3,0.0,0.0,6.43,24.8,24.68,90,27,Mojokerto,-7.5271,112.4346
2018-09-12,36.0,22.6,28.7,0.0,0.0,5.7,15.0,22.86,84,22,Mojokerto,-7.5271,112.4346
2018-09-13,36.1,22.6,28.4,0.0,0.0,5.73,8.6,25.33,69,22,Mojokerto,-7.5271,112.4346
2018-09-14,34.4,21.4,27.7,0.0,0.0,5.42,16.3,21.91,76,26,Mojokerto,-7.5271,112.4346
2018-09-15,35.0,22.1,27.5,0.0,0.0,6.38,25.2,25.48,78,20,Mojokerto,-7.5271,112.4346
2018-09-16,35.4,19.2,27.4,0.0,0.0,6.85,28.7,24.36,76,23,Mojokerto,-7.5271,112.4346
2018-09-17,36.0,21.8,28.6,0.0,0.0,6.44,26.7,24.8,87,26,Mojokerto,-7.5271,112.4346
2018-09-18,36.5,22.6,28.9,0.1,0.1,6.34,24.2,24.45,84,25,Mojokerto,-7.5271,112.4346
2018-09-19,35.8,22.8,27.6,10.1,10.1,4.18,18.0,18.19,97,33,Mojokerto,-7.5271,112.4346
2018-09-20,34.8,24.6,28.8,0.0,0.0,4.38,17.9,14.93,84,23,Mojokerto,-7.5271,112.4346
2018-09-21,37.2,24.6,30.0,0.1,0.1,5.54,14.2,22.94,74,25,Mojokerto,-7.5271,112.4346
2018-09-22,35.5,24.6,29.1,0.1,0.1,5.62,19.9,22.42,87,31,Mojokerto,-7.5271,112.4346
2018-09-23,36.8,22.9,29.1,0.0,0.0,6.24,22.0,24.07,82,22,Mojokerto,-7.5271,112.4346
2018-09-24,37.0,21.9,29.2,0.0,0.0,6.95,26.9,25.8,81,20,Mojokerto,-7.5271,112.4346
2018-09-25,37.7,23.0,29.4,0.1,0.1,6.21,18.2,24.84,79,24,Mojokerto,-7.5271,112.4346
2018-09-26,35.3,23.1,29.1,0.3,0.3,5.47,9.7,22.76,82,35,Mojokerto,-7.5271,112.4346
2018-09-27,36.7,21.9,28.7,0.0,0.0,6.44,22.8,24.93,81,24,Mojokerto,-7.5271,112.4346
2018-09-28,36.2,21.9,28.4,0.0,0.0,6.86,25.2,26.69,75,20,Mojokerto,-7.5271,112.4346
2018-09-29,36.5,21.9,28.6,0.0,0.0,6.76,27.4,26.29,78,24,Mojokerto,-7.5271,112.4346
2018-09-30,35.8,21.5,28.9,0.0,0.0,7.06,27.9,26.52,84,26,Mojokerto,-7.5271,112.4346
2018-10-01,35.7,22.9,29.4,0.3,0.3,5.44,12.6,22.5,89,34,Mojokerto,-7.5271,112.4346
2018-10-02,36.1,23.9,29.7,0.0,0.0,6.24,21.4,24.78,83,33,Mojokerto,-7.5271,112.4346
2018-10-03,33.9,23.8,28.6,1.4,1.4,4.9,15.0,20.65,86,43,Mojokerto,-7.5271,112.4346
2018-10-04,35.8,23.4,28.7,0.0,0.0,6.32,25.6,24.46,88,29,Mojokerto,-7.5271,112.4346
2018-10-05,36.0,21.5,28.7,0.0,0.0,7.27,26.3,26.29,77,23,Mojokerto,-7.5271,112.4346
2018-10-06,36.0,21.8,28.6,0.0,0.0,6.78,26.6,24.62,85,27,Mojokerto,-7.5271,112.4346
2018-10-07,37.0,22.6,29.2,0.0,0.0,7.94,33.9,26.41,84,17,Mojokerto,-7.5271,112.4346
2018-10-08,37.0,22.2,29.1,0.0,0.0,7.84,30.4,26.86,83,18,Mojokerto,-7.5271,112.4346
2018-10-09,37.9,21.4,29.4,0.0,0.0,7.22,25.0,26.76,87,19,Mojokerto,-7.5271,112.4346
2018-10-10,37.5,22.3,29.2,0.0,0.0,7.01,29.1,26.38,84,20,Mojokerto,-7.5271,112.4346
2018-10-11,37.5,21.7,29.3,0.0,0.0,7.65,32.6,27.11,81,16,Mojokerto,-7.5271,112.4346
2018-10-12,38.4,22.5,30.1,0.0,0.0,6.45,16.0,25.41,81,20,Mojokerto,-7.5271,112.4346
2018-10-13,35.8,24.2,29.9,0.1,0.1,5.75,14.0,22.71,74,32,Mojokerto,-7.5271,112.4346
2018-10-14,37.9,24.8,30.3,0.2,0.2,6.61,19.9,24.61,74,22,Mojokerto,-7.5271,112.4346
2018-10-15,37.7,24.6,30.5,0.0,0.0,5.7,12.2,23.28,78,25,Mojokerto,-7.5271,112.4346
2018-10-16,37.5,24.1,30.5,0.0,0.0,6.14,18.7,23.85,80,24,Mojokerto,-7.5271,112.4346
2018-10-17,37.0,24.0,30.2,0.1,0.1,5.71,10.0,23.84,79,26,Mojokerto,-7.5271,112.4346
2018-10-18,35.9,24.5,29.7,0.5,0.5,5.5,11.7,22.12,77,29,Mojokerto,-7.5271,112.4346
2018-10-19,36.2,24.4,29.9,0.0,0.0,5.5,7.6,23.19,74,30,Mojokerto,-7.5271,112.4346
2018-10-20,37.9,23.4,30.2,0.0,0.0,6.04,11.6,24.72,78,22,Mojokerto,-7.5271,112.4346
2018-10-21,36.7,23.4,29.9,0.2,0.2,6.6,22.3,24.69,83,29,Mojokerto,-7.5271,112.4346
2018-10-22,37.7,23.4,30.2,0.0,0.0,6.34,11.3,25.84,78,25,Mojokerto,-7.5271,112.4346
2018-10-23,37.8,23.8,30.8,0.0,0.0,5.73,12.0,23.78,86,26,Mojokerto,-7.5271,112.4346
2018-10-24,37.8,25.4,30.5,0.1,0.1,5.53,8.4,23.78,74,27,Mojokerto,-7.5271,112.4346
2018-10-25,36.2,24.8,29.8,0.5,0.5,5.28,12.9,22.37,80,33,Mojokerto,-7.5271,112.4346
2018-10-26,37.7,24.0,30.3,0.2,0.2,6.17,15.5,24.73,81,25,Mojokerto,-7.5271,112.4346
2018-10-27,37.0,23.5,30.2,0.0,0.0,5.9,9.1,24.65,71,27,Mojokerto,-7.5271,112.4346
2018-10-28,37.0,25.2,30.4,0.0,0.0,5.64,14.8,23.2,77,27,Mojokerto,-7.5271,112.4346
2018-10-29,32.5,25.3,28.6,1.0,1.0,4.56,12.7,20.08,80,43,Mojokerto,-7.5271,112.4346
2018-10-30,36.1,24.0,30.3,0.2,0.2,5.79,9.0,23.26,81,23,Mojokerto,-7.5271,112.4346
2018-10-31,37.8,23.6,30.2,0.0,0.0,6.38,22.1,24.33,79,24,Mojokerto,-7.5271,112.4346
2018-11-01,36.7,23.6,29.8,0.1,0.1,5.94,17.2,23.49,78,32,Mojokerto,-7.5271,112.4346
2018-11-02,37.3,24.3,30.2,0.0,0.0,6.78,25.7,25.27,78,25,Mojokerto,-7.5271,112.4346
2018-11-03,37.5,25.2,30.9,0.5,0.5,5.51,13.8,22.24,78,34,Mojokerto,-7.5271,112.4346
2018-11-04,38.8,26.2,30.5,1.5,1.5,5.69,12.3,23.58,81,31,Mojokerto,-7.5271,112.4346
2018-11-05,38.2,25.0,30.7,0.1,0.1,6.13,15.7,24.03,82,26,Mojokerto,-7.5271,112.4346
2018-11-06,35.7,25.2,28.6,10.4,10.4,3.91,12.0,17.54,92,42,Mojokerto,-7.5271,112.4346
2018-11-07,32.8,24.8,26.8,12.9,12.9,3.38,12.6,15.84,99,53,Mojokerto,-7.5271,112.4346
2018-11-08,31.8,24.5,26.2,50.9,50.9,3.25,12.8,15.84,98,61,Mojokerto,-7.5271,112.4346
2018-11-09,31.4,24.0,26.4,2.9,2.9,3.28,11.1,15.85,99,62,Mojokerto,-7.5271,112.4346
2018-11-10,32.5,24.1,26.9,10.9,10.9,3.78,9.6,18.13,99,64,Mojokerto,-7.5271,112.4346
2018-11-11,33.9,23.8,28.4,0.2,0.2,4.98,10.2,22.77,96,43,Mojokerto,-7.5271,112.4346
2018-11-12,33.3,24.4,28.3,1.0,1.0,4.71,10.6,20.95,84,47,Mojokerto,-7.5271,112.4346
2018-11-13,32.9,24.5,27.5,3.3,3.3,4.18,4.4,19.8,99,51,Mojokerto,-7.5271,112.4346
2018-11-14,33.0,24.2,27.5,1.4,1.4,4.55,8.6,21.56,99,55,Mojokerto,-7.5271,112.4346
2018-11-15,33.8,24.1,28.5,0.7,0.7,4.7,7.6,21.6,85,52,Mojokerto,-7.5271,112.4346
2018-11-16,33.7,25.2,28.7,2.1,2.1,4.78,7.9,22.14,88,53,Mojokerto,-7.5271,112.4346
2018-11-17,33.2,24.5,28.0,8.1,8.1,4.49,7.1,21.3,94,57,Mojokerto,-7.5271,112.4346
2018-11-18,32.7,23.9,27.1,6.0,6.0,4.34,8.6,20.78,97,58,Mojokerto,-7.5271,112.4346
2018-11-19,33.1,25.1,28.6,0.5,0.5,4.97,12.0,23.1,89,56,Mojokerto,-7.5271,112.4346
2018-11-20,33.3,23.8,28.3,0.0,0.0,5.09,10.4,22.91,87,49,Mojokerto,-7.5271,112.4346
2018-11-21,33.2,23.6,28.4,0.3,0.3,5.07,11.8,23.0,86,49,Mojokerto,-7.5271,112.4346
2018-11-22,33.4,23.4,28.3,0.0,0.0,5.39,11.1,23.95,84,46,Mojokerto,-7.5271,112.4346
2018-11-23,33.2,24.3,28.6,0.0,0.0,4.69,10.2,20.14,78,37,Mojokerto,-7.5271,112.4346
2018-11-24,33.0,25.2,28.7,2.1,2.1,4.52,7.3,20.37,85,43,Mojokerto,-7.5271,112.4346
2018-11-25,32.5,23.9,26.6,20.5,20.5,3.88,10.8,17.82,99,50,Mojokerto,-7.5271,112.4346
2018-11-26,26.1,23.4,24.8,13.6,13.6,1.68,8.5,8.25,100,86,Mojokerto,-7.5271,112.4346
2018-11-27,31.5,23.8,26.2,8.1,8.1,4.02,10.7,19.9,97,62,Mojokerto,-7.5271,112.4346
2018-11-28,30.8,23.5,26.5,11.0,11.0,3.49,9.3,17.03,99,67,Mojokerto,-7.5271,112.4346
2018-11-29,31.1,24.6,26.4,7.1,7.1,3.55,7.1,17.27,99,63,Mojokerto,-7.5271,112.4346
2018-11-30,28.0,23.8,25.7,11.9,11.9,2.49,8.4,12.13,99,82,Mojokerto,-7.5271,112.4346
2018-12-01,29.3,24.0,25.8,6.2,6.2,2.67,8.9,12.46,96,70,Mojokerto,-7.5271,112.4346
2018-12-02,31.0,23.5,26.3,10.0,10.0,4.16,8.1,20.37,97,68,Mojokerto,-7.5271,112.4346
2018-12-03,28.1,24.2,25.9,6.4,6.4,2.27,7.2,10.92,97,79,Mojokerto,-7.5271,112.4346
2018-12-04,31.9,24.2,27.2,3.4,3.4,4.5,7.9,21.79,96,62,Mojokerto,-7.5271,112.4346
2018-12-05,31.9,23.9,27.0,5.6,5.6,4.26,14.0,20.58,97,65,Mojokerto,-7.5271,112.4346
2018-12-06,30.8,24.4,26.7,7.6,7.6,4.1,8.3,20.37,98,70,Mojokerto,-7.5271,112.4346
2018-12-07,32.7,24.6,28.1,3.1,3.1,5.06,5.9,24.3,93,57,Mojokerto,-7.5271,112.4346
2018-12-08,32.2,24.5,27.0,22.5,22.5,4.19,9.8,20.06,96,61,Mojokerto,-7.5271,112.4346
2018-12-09,32.5,24.5,27.2,5.0,5.0,4.34,11.4,20.91,91,61,Mojokerto,-7.5271,112.4346
2018-12-10,31.8,25.0,27.2,14.9,14.9,4.0,5.4,19.31,98,66,Mojokerto,-7.5271,112.4346
2018-12-11,32.0,24.5,27.3,11.7,11.7,4.27,12.7,20.88,99,63,Mojokerto,-7.5271,112.4346
2018-12-12,31.6,24.5,26.8,65.8,65.8,3.95,8.3,19.2,99,67,Mojokerto,-7.5271,112.4346
2018-12-13,27.8,24.0,25.6,36.1,36.1,1.85,12.1,8.66,99,77,Mojokerto,-7.5271,112.4346
2018-12-14,31.5,24.4,26.8,5.5,5.5,3.67,6.4,17.45,99,65,Mojokerto,-7.5271,112.4346
2018-12-15,30.4,24.1,26.8,9.3,9.3,4.02,13.4,19.29,98,68,Mojokerto,-7.5271,112.4346
2018-12-16,30.2,24.1,26.9,0.7,0.7,3.74,11.0,17.72,99,66,Mojokerto,-7.5271,112.4346
2018-12-17,31.5,23.7,27.4,0.1,0.1,4.98,9.9,23.48,89,59,Mojokerto,-7.5271,112.4346
2018-12-18,32.1,24.8,27.7,0.1,0.1,5.01,10.8,23.58,90,55,Mojokerto,-7.5271,112.4346
2018-12-19,31.8,23.5,26.9,1.5,1.5,4.55,10.0,21.75,96,57,Mojokerto,-7.5271,112.4346
2018-12-20,30.1,24.0,25.9,24.9,24.9,3.42,8.9,17.14,98,70,Mojokerto,-7.5271,112.4346
2018-12-21,28.5,24.1,25.8,5.3,5.3,2.54,10.8,12.23,98,77,Mojokerto,-7.5271,112.4346
2018-12-22,30.1,24.0,26.2,41.7,41.7,3.3,13.1,16.04,99,71,Mojokerto,-7.5271,112.4346
2018-12-23,29.6,23.4,26.1,1.9,1.9,2.99,15.4,14.03,99,71,Mojokerto,-7.5271,112.4346
2018-12-24,29.9,23.9,26.2,2.5,2.5,2.44,10.5,10.01,96,57,Mojokerto,-7.5271,112.4346
2018-12-25,27.1,23.0,24.6,5.9,5.9,1.86,8.7,9.04,99,81,Mojokerto,-7.5271,112.4346
2018-12-26,30.2,23.0,26.0,1.9,1.9,3.36,12.1,16.57,100,68,Mojokerto,-7.5271,112.4346
2018-12-27,31.8,23.4,27.1,2.2,2.2,4.53,20.3,21.54,96,61,Mojokerto,-7.5271,112.4346
2018-12-28,32.7,24.8,28.3,0.0,0.0,6.27,25.1,24.52,80,52,Mojokerto,-7.5271,112.4346
2018-12-29,31.6,25.4,28.5,0.1,0.1,5.51,21.2,20.94,72,54,Mojokerto,-7.5271,112.4346
2018-12-30,30.2,26.0,27.6,1.0,1.0,4.47,17.3,16.52,79,62,Mojokerto,-7.5271,112.4346
2018-12-31,31.4,23.5,27.4,1.5,1.5,4.81,13.4,21.97,85,58,Mojokerto,-7.5271,112.4346
2019-01-01,30.6,23.8,26.3,15.2,15.2,3.61,12.8,17.16,91,63,Mojokerto,-7.5271,112.4346
2019-01-02,31.0,23.5,26.3,5.1,5.1,3.96,11.2,18.55,98,63,Mojokerto,-7.5271,112.4346
2019-01-03,27.0,23.3,24.8,8.3,8.3,1.58,11.5,7.52,97,80,Mojokerto,-7.5271,112.4346
2019-01-04,29.8,23.0,25.8,15.4,15.4,3.4,12.5,17.14,97,69,Mojokerto,-7.5271,112.4346
2019-01-05,30.9,24.4,26.7,5.5,5.5,3.76,8.8,18.8,91,63,Mojokerto,-7.5271,112.4346
2019-01-06,31.4,24.2,26.8,13.8,13.8,4.03,9.1,19.76,99,68,Mojokerto,-7.5271,112.4346
2019-01-07,31.6,23.6,26.0,8.7,8.7,3.72,8.9,18.15,100,70,Mojokerto,-7.5271,112.4346
2019-01-08,30.5,23.4,26.0,6.6,6.6,4.04,13.1,19.89,99,65,Mojokerto,-7.5271,112.4346
2019-01-09,30.6,23.3,26.6,6.9,6.9,4.26,9.4,21.36,94,68,Mojokerto,-7.5271,112.4346
2019-01-10,30.9,24.1,26.6,10.5,10.5,4.06,7.6,19.85,96,68,Mojokerto,-7.5271,112.4346
2019-01-11,30.9,23.6,26.4,15.3,15.3,4.1,6.6,19.98,99,67,Mojokerto,-7.5271,112.4346
2019-01-12,31.1,23.6,26.2,32.8,32.8,3.78,8.2,18.58,99,69,Mojokerto,-7.5271,112.4346
2019-01-13,30.0,23.8,26.3,12.4,12.4,3.88,12.3,19.57,99,75,Mojokerto,-7.5271,112.4346
2019-01-14,30.7,23.6,26.0,34.4,34.4,3.82,12.8,19.1,99,70,Mojokerto,-7.5271,112.4346
2019-01-15,30.4,23.8,25.8,12.9,12.9,3.44,12.0,17.06,99,71,Mojokerto,-7.5271,112.4346
2019-01-16,27.0,23.3,24.5,55.1,55.1,1.33,13.8,6.44,99,90,Mojokerto,-7.5271,112.4346
2019-01-17,30.2,22.8,25.4,21.5,21.5,3.53,13.3,17.74,98,71,Mojokerto,-7.5271,112.4346
2019-01-18,31.2,23.0,25.8,11.0,11.0,3.99,8.4,19.65,99,71,Mojokerto,-7.5271,112.4346
2019-01-19,29.7,23.0,25.6,24.9,24.9,2.91,6.5,14.22,100,79,Mojokerto,-7.5271,112.4346
2019-01-20,31.5,24.0,26.1,7.1,7.1,3.79,14.5,18.53,100,67,Mojokerto,-7.5271,112.4346
2019-01-21,31.2,23.8,26.4,3.1,3.1,3.65,21.3,17.31,97,63,Mojokerto,-7.5271,112.4346
2019-01-22,30.3,24.0,25.5,40.6,40.6,2.9,21.6,14.01,97,69,Mojokerto,-7.5271,112.4346
2019-01-23,28.0,23.6,25.1,18.7,18.7,2.34,17.4,10.63,95,75,Mojokerto,-7.5271,112.4346
2019-01-24,30.1,23.3,25.6,8.8,8.8,3.7,14.9,18.37,96,68,Mojokerto,-7.5271,112.4346
2019-01-25,29.3,23.1,25.1,16.4,16.4,2.86,15.1,14.37,98,74,Mojokerto,-7.5271,112.4346
2019-01-26,30.5,23.5,25.6,16.0,16.0,3.59,14.7,17.71,95,69,Mojokerto,-7.5271,112.4346
2019-01-27,28.7,23.7,25.1,19.3,19.3,2.36,11.7,11.46,96,77,Mojokerto,-7.5271,112.4346
2019-01-28,28.5,23.0,25.3,10.9,10.9,2.89,14.8,14.0,96,77,Mojokerto,-7.5271,112.4346
2019-01-29,29.9,23.4,26.2,4.3,4.3,3.78,9.8,18.67,93,68,Mojokerto,-7.5271,112.4346
2019-01-30,31.0,24.0,26.3,14.1,14.1,3.99,9.7,19.17,98,68,Mojokerto,-7.5271,112.4346
2019-01-31,29.4,23.3,25.3,16.9,16.9,2.96,13.0,14.84,100,75,Mojokerto,-7.5271,112.4346
2019-02-01,30.6,23.2,25.6,15.9,15.9,3.63,7.5,17.88,96,66,Mojokerto,-7.5271,112.4346
2019-02-02,30.2,23.0,25.5,18.1,18.1,3.44,8.6,17.28,97,68,Mojokerto,-7.5271,112.4346
2019-02-03,30.5,23.0,26.3,1.3,1.3,4.18,12.6,21.11,96,70,Mojokerto,-7.5271,112.4346
2019-02-04,30.9,23.8,25.9,12.2,12.2,3.55,12.7,18.01,98,67,Mojokerto,-7.5271,112.4346
2019-02-05,30.5,23.0,25.5,11.5,11.5,3.34,11.4,16.84,96,70,Mojokerto,-7.5271,112.4346
2019-02-06,30.4,23.8,26.1,2.2,2.2,3.8,10.7,18.68,94,73,Mojokerto,-7.5271,112.4346
2019-02-07,31.2,23.4,26.4,2.0,2.0,4.36,10.0,21.57,99,67,Mojokerto,-7.5271,112.4346
2019-02-08,29.6,23.1,25.7,8.5,8.5,3.06,13.0,15.41,98,74,Mojokerto,-7.5271,112.4346
2019-02-09,30.5,23.4,26.1,8.8,8.8,3.56,11.4,17.54,97,73,Mojokerto,-7.5271,112.4346
2019-02-10,29.1,23.5,25.6,21.7,21.7,3.05,11.1,14.93,100,75,Mojokerto,-7.5271,112.4346
2019-02-11,30.0,23.5,25.6,7.5,7.5,3.4,8.0,16.94,99,70,Mojokerto,-7.5271,112.4346
2019-02-12,29.6,23.8,25.6,15.0,15.0,2.97,8.8,14.17,99,68,Mojokerto,-7.5271,112.4346
2019-02-13,29.1,23.5,25.8,9.5,9.5,3.28,8.4,16.47,98,73,Mojokerto,-7.5271,112.4346
2019-02-14,28.6,24.2,26.1,5.7,5.7,2.85,9.9,14.43,98,77,Mojokerto,-7.5271,112.4346
2019-02-15,29.7,23.6,26.2,8.7,8.7,4.05,10.6,20.71,98,74,Mojokerto,-7.5271,112.4346
2019-02-16,31.2,23.0,26.3,4.0,4.0,4.64,10.1,22.83,99,65,Mojokerto,-7.5271,112.4346
2019-02-17,31.2,23.0,26.4,5.0,5.0,4.73,8.2,23.3,99,63,Mojokerto,-7.5271,112.4346
2019-02-18,31.2,23.2,25.8,4.8,4.8,4.02,9.4,19.82,99,64,Mojokerto,-7.5271,112.4346
2019-02-19,29.2,23.9,25.8,6.2,6.2,2.94,16.5,14.95,95,83,Mojokerto,-7.5271,112.4346
2019-02-20,30.3,23.5,26.1,16.7,16.7,3.39,11.6,17.15,99,70,Mojokerto,-7.5271,112.4346
2019-02-21,30.4,23.5,26.1,4.9,4.9,3.71,13.3,19.08,99,68,Mojokerto,-7.5271,112.4346
2019-02-22,30.7,23.2,25.9,11.4,11.4,3.64,11.0,17.8,98,69,Mojokerto,-7.5271,112.4346
2019-02-23,31.0,23.0,26.3,3.1,3.1,4.48,10.4,22.24,96,67,Mojokerto,-7.5271,112.4346
2019-02-24,31.8,24.0,26.6,3.4,3.4,4.39,8.7,21.72,96,67,Mojokerto,-7.5271,112.4346
2019-02-25,31.0,23.6,26.9,3.9,3.9,4.57,8.8,22.75,95,67,Mojokerto,-7.5271,112.4346
2019-02-26,32.1,23.1,27.3,0.0,0.0,5.36,17.1,25.98,91,61,Mojokerto,-7.5271,112.4346
2019-02-27,31.5,23.8,27.3,2.0,2.0,4.44,9.6,21.6,94,68,Mojokerto,-7.5271,112.4346
2019-02-28,31.9,24.5,27.1,6.0,6.0,4.32,7.7,21.09,95,68,Mojokerto,-7.5271,112.4346
2019-03-01,29.6,24.6,26.4,2.5,2.5,3.86,17.6,19.41,99,72,Mojokerto,-7.5271,112.4346
2019-03-02,29.9,23.3,25.8,5.8,5.8,3.57,8.4,17.83,99,72,Mojokerto,-7.5271,112.4346
2019-03-03,29.9,23.2,25.9,6.0,6.0,3.23,9.5,16.1,99,67,Mojokerto,-7.5271,112.4346
2019-03-04,31.0,24.0,26.5,6.7,6.7,3.8,11.9,18.45,98,66,Mojokerto,-7.5271,112.4346
2019-03-05,30.9,23.5,25.5,64.6,64.6,3.36,11.3,16.87,99,70,Mojokerto,-7.5271,112.4346
2019-03-06,27.1,23.3,24.5,33.4,33.4,1.76,13.0,8.73,99,88,Mojokerto,-7.5271,112.4346
2019-03-07,26.1,23.0,24.3,15.5,15.5,1.47,21.6,5.37,99,78,Mojokerto,-7.5271,112.4346
2019-03-08,30.0,22.2,25.5,1.2,1.2,3.35,22.5,12.87,93,54,Mojokerto,-7.5271,112.4346
2019-03-09,31.4,22.5,26.6,0.1,0.1,4.93,14.6,23.57,90,57,Mojokerto,-7.5271,112.4346
2019-03-10,30.5,23.3,26.0,6.7,6.7,3.43,12.1,16.76,98,65,Mojokerto,-7.5271,112.4346
2019-03-11,30.5,23.6,26.7,1.0,1.0,4.23,9.8,20.92,95,63,Mojokerto,-7.5271,112.4346
2019-03-12,30.0,24.2,26.3,15.4,15.4,4.04,10.2,20.41,96,71,Mojokerto,-7.5271,112.4346
2019-03-13,30.6,24.0,26.7,0.8,0.8,3.57,12.0,16.71,95,62,Mojokerto,-7.5271,112.4346
2019-03-14,31.0,23.7,27.2,0.0,0.0,3.77,9.8,17.71,98,66,Mojokerto,-7.5271,112.4346
2019-03-15,31.0,23.4,26.4,0.6,0.6,3.62,16.3,17.64,94,64,Mojokerto,-7.5271,112.4346
2019-03-16,30.5,23.9,26.2,2.2,2.2,4.08,8.3,20.06,97,67,Mojokerto,-7.5271,112.4346
2019-03-17,27.0,23.4,24.8,28.3,28.3,1.71,12.7,7.74,99,82,Mojokerto,-7.5271,112.4346
2019-03-18,29.0,23.0,25.3,7.6,7.6,2.97,12.5,14.67,98,75,Mojokerto,-7.5271,112.4346
2019-03-19,29.6,22.6,24.9,32.6,32.6,2.97,11.6,14.73,99,74,Mojokerto,-7.5271,112.4346
2019-03-20,30.3,22.7,25.4,11.0,11.0,3.41,12.3,16.81,100,69,Mojokerto,-7.5271,112.4346
2019-03-21,30.2,23.7,26.2,4.1,4.1,3.4,10.1,16.52,92,72,Mojokerto,-7.5271,112.4346
2019-03-22,30.9,24.2,26.3,4.6,4.6,3.89,14.2,18.97,97,70,Mojokerto,-7.5271,112.4346
2019-03-23,29.5,23.1,25.3,21.4,21.4,2.74,11.4,13.6,97,78,Mojokerto,-7.5271,112.4346
2019-03-24,27.5,23.5,25.4,5.0,5.0,2.16,10.8,10.58,98,85,Mojokerto,-7.5271,112.4346
2019-03-25,30.0,23.5,25.9,20.2,20.2,3.29,9.5,16.46,99,73,Mojokerto,-7.5271,112.4346
2019-03-26,30.9,23.8,26.1,7.4,7.4,3.82,12.2,19.43,98,68,Mojokerto,-7.5271,112.4346
2019-03-27,30.9,23.9,26.5,4.1,4.1,3.93,9.3,19.57,97,65,Mojokerto,-7.5271,112.4346
2019-03-28,29.7,23.5,25.8,12.3,12.3,3.24,9.4,15.94,99,73,Mojokerto,-7.5271,112.4346
2019-03-29,31.0,22.6,26.8,0.0,0.0,4.51,7.2,22.05,99,60,Mojokerto,-7.5271,112.4346
2019-03-30,30.7,23.7,26.8,3.1,3.1,4.32,8.7,21.3,96,63,Mojokerto,-7.5271,112.4346
2019-03-31,31.8,23.8,26.6,13.6,13.6,4.57,8.8,22.38,95,59,Mojokerto,-7.5271,112.4346
2019-04-01,30.2,23.7,26.1,4.2,4.2,3.82,9.4,19.12,99,73,Mojokerto,-7.5271,112.4346
2019-04-02,29.2,23.2,25.5,2.9,2.9,3.4,6.8,16.92,99,73,Mojokerto,-7.5271,112.4346
2019-04-03,30.1,23.0,26.2,3.3,3.3,4.1,7.7,20.52,97,66,Mojokerto,-7.5271,112.4346
2019-04-04,31.0,23.9,26.3,12.0,12.0,4.04,6.5,20.17,98,66,Mojokerto,-7.5271,112.4346
2019-04-05,30.6,23.5,26.0,4.3,4.3,3.78,10.3,18.85,98,68,Mojokerto,-7.5271,112.4346
2019-04-06,31.5,23.6,26.4,2.1,2.1,4.31,11.9,21.5,98,64,Mojokerto,-7.5271,112.4346
2019-04-07,31.0,23.5,26.7,2.4,2.4,4.06,7.6,20.02,98,65,Mojokerto,-7.5271,112.4346
2019-04-08,31.0,23.7,26.7,4.6,4.6,4.07,9.4,20.38,96,67,Mojokerto,-7.5271,112.4346
2019-04-09,29.5,23.9,26.5,6.1,6.1,3.41,8.4,17.02,95,73,Mojokerto,-7.5271,112.4346
2019-04-10,30.8,23.8,26.5,3.7,3.7,3.65,5.3,18.17,98,70,Mojokerto,-7.5271,112.4346
2019-04-11,29.1,24.2,26.2,1.7,1.7,2.91,6.1,14.12,97,73,Mojokerto,-7.5271,112.4346
2019-04-12,31.2,23.9,26.7,5.1,5.1,4.26,7.1,21.07,97,67,Mojokerto,-7.5271,112.4346
2019-04-13,30.0,24.5,26.2,7.2,7.2,2.77,9.5,13.6,97,72,Mojokerto,-7.5271,112.4346
2019-04-14,28.8,23.8,25.9,10.4,10.4,2.85,7.7,14.19,96,80,Mojokerto,-7.5271,112.4346
2019-04-15,30.4,23.5,26.2,9.9,9.9,3.48,8.6,17.35,99,73,Mojokerto,-7.5271,112.4346
2019-04-16,29.1,24.1,25.9,5.7,5.7,2.53,8.4,12.63,99,77,Mojokerto,-7.5271,112.4346
2019-04-17,31.0,23.6,26.8,2.5,2.5,4.14,14.0,20.73,95,71,Mojokerto,-7.5271,112.4346
2019-04-18,30.3,24.5,26.9,4.5,4.5,3.71,12.7,18.68,96,75,Mojokerto,-7.5271,112.4346
2019-04-19,31.8,24.0,27.3,0.0,0.0,4.69,17.9,22.45,93,59,Mojokerto,-7.5271,112.4346
2019-04-20,32.0,23.6,27.5,0.0,0.0,4.66,8.2,22.39,89,56,Mojokerto,-7.5271,112.4346
2019-04-21,31.8,23.8,27.1,0.0,0.0,4.76,15.7,22.74,90,59,Mojokerto,-7.5271,112.4346
2019-04-22,32.2,22.7,27.2,1.1,1.1,4.63,8.1,22.4,89,56,Mojokerto,-7.5271,112.4346
2019-04-23,31.8,23.5,27.3,0.5,0.5,4.5,11.7,21.68,93,60,Mojokerto,-7.5271,112.4346
2019-04-24,32.3,23.2,27.2,0.0,0.0,4.72,11.4,22.47,92,51,Mojokerto,-7.5271,112.4346
2019-04-25,31.8,24.5,27.5,0.1,0.1,4.45,6.0,21.49,92,57,Mojokerto,-7.5271,112.4346
2019-04-26,31.5,23.2,27.2,1.5,1.5,4.27,6.9,20.85,94,62,Mojokerto,-7.5271,112.4346
2019-04-27,31.0,24.9,27.1,4.3,4.3,3.67,7.5,17.77,98,64,Mojokerto,-7.5271,112.4346
2019-04-28,30.5,24.2,26.1,9.5,9.5,3.27,14.6,16.44,98,69,Mojokerto,-7.5271,112.4346
2019-04-29,28.5,23.7,25.5,10.5,10.5,2.63,12.7,13.54,99,80,Mojokerto,-7.5271,112.4346
2019-04-30,30.5,23.6,26.5,4.1,4.1,3.98,8.5,19.82,96,68,Mojokerto,-7.5271,112.4346
2019-05-01,30.3,24.1,26.0,8.0,8.0,3.03,10.7,14.98,99,69,Mojokerto,-7.5271,112.4346
2019-05-02,29.8,23.7,25.9,9.1,9.1,3.31,7.9,16.61,97,70,Mojokerto,-7.5271,112.4346
2019-05-03,31.1,23.0,26.9,0.0,0.0,4.18,6.6,20.44,93,61,Mojokerto,-7.5271,112.4346
2019-05-04,31.1,23.4,27.1,0.3,0.3,4.09,5.8,19.98,89,63,Mojokerto,-7.5271,112.4346
2019-05-05,31.1,23.6,27.1,1.6,1.6,4.05,7.9,19.79,89,65,Mojokerto,-7.5271,112.4346
2019-05-06,31.2,23.1,27.0,0.6,0.6,4.1,7.9,20.13,96,67,Mojokerto,-7.5271,112.4346
2019-05-07,31.1,23.3,27.0,0.7,0.7,4.1,6.6,20.08,96,63,Mojokerto,-7.5271,112.4346
2019-05-08,30.4,23.8,26.7,0.9,0.9,3.64,7.1,17.98,94,67,Mojokerto,-7.5271,112.4346
2019-05-09,30.4,23.5,26.6,0.5,0.5,3.64,7.4,17.81,91,62,Mojokerto,-7.5271,112.4346
2019-05-10,30.2,23.5,26.6,1.9,1.9,3.62,5.8,17.76,92,66,Mojokerto,-7.5271,112.4346
2019-05-11,30.8,23.8,26.8,1.1,1.1,4.0,6.6,19.49,95,59,Mojokerto,-7.5271,112.4346
2019-05-12,30.9,23.9,26.9,0.1,0.1,4.21,9.5,20.55,93,61,Mojokerto,-7.5271,112.4346
2019-05-13,30.9,23.1,26.8,0.7,0.7,4.14,7.2,20.37,93,61,Mojokerto,-7.5271,112.4346
2019-05-14,31.6,23.8,27.1,0.6,0.6,4.17,11.5,19.84,93,57,Mojokerto,-7.5271,112.4346
2019-05-15,31.5,23.6,27.3,2.8,2.8,4.13,9.0,19.79,92,58,Mojokerto,-7.5271,112.4346
2019-05-16,31.1,23.5,26.8,0.1,0.1,3.9,9.0,18.82,95,59,Mojokerto,-7.5271,112.4346
2019-05-17,30.8,22.7,26.8,0.0,0.0,4.21,6.7,20.57,92,57,Mojokerto,-7.5271,112.4346
2019-05-18,31.2,22.5,26.7,0.0,0.0,4.16,8.1,20.41,93,52,Mojokerto,-7.5271,112.4346
2019-05-19,31.3,22.0,26.4,0.0,0.0,4.46,9.4,21.35,86,46,Mojokerto,-7.5271,112.4346
2019-05-20,32.1,22.1,26.9,0.0,0.0,4.53,11.1,21.19,86,53,Mojokerto,-7.5271,112.4346
2019-05-21,31.9,23.3,27.4,0.1,0.1,4.28,7.3,20.53,92,56,Mojokerto,-7.5271,112.4346
2019-05-22,33.0,23.1,27.5,0.0,0.0,4.61,10.9,21.42,91,46,Mojokerto,-7.5271,112.4346
2019-05-23,33.0,22.8,27.7,1.6,1.6,4.55,8.7,20.88,81,48,Mojokerto,-7.5271,112.4346
2019-05-24,31.7,22.8,27.2,0.1,0.1,4.29,11.3,19.98,85,53,Mojokerto,-7.5271,112.4346
2019-05-25,32.6,22.1,27.1,0.0,0.0,4.57,10.1,21.06,91,43,Mojokerto,-7.5271,112.4346
2019-05-26,33.0,22.2,27.6,0.0,0.0,4.48,8.4,20.92,88,47,Mojokerto,-7.5271,112.4346
2019-05-27,33.2,22.4,27.5,0.0,0.0,4.67,17.4,20.56,93,44,Mojokerto,-7.5271,112.4346
2019-05-28,33.5,22.7,27.8,0.0,0.0,4.7,15.0,20.38,87,44,Mojokerto,-7.5271,112.4346
2019-05-29,32.8,22.9,27.8,0.4,0.4,4.23,13.0,19.17,89,46,Mojokerto,-7.5271,112.4346
2019-05-30,32.8,23.4,27.5,0.7,0.7,4.21,10.3,19.33,89,49,Mojokerto,-7.5271,112.4346
2019-05-31,32.9,22.7,27.5,0.2,0.2,4.15,7.0,19.13,92,47,Mojokerto,-7.5271,112.4346
2019-06-01,33.0,22.2,27.7,0.1,0.1,4.36,8.2,19.71,87,45,Mojokerto,-7.5271,112.4346
2019-06-02,32.2,22.3,27.4,0.2,0.2,4.09,11.5,18.66,90,48,Mojokerto,-7.5271,112.4346
2019-06-03,32.4,22.5,27.5,0.0,0.0,4.02,8.4,18.41,87,46,Mojokerto,-7.5271,112.4346
2019-06-04,33.3,23.5,27.9,0.2,0.2,4.55,13.4,19.77,85,43,Mojokerto,-7.5271,112.4346
2019-06-05,34.0,22.8,28.1,0.0,0.0,4.69,15.5,20.38,87,41,Mojokerto,-7.5271,112.4346
2019-06-06,32.8,23.0,27.8,0.4,0.4,4.29,13.4,18.87,89,48,Mojokerto,-7.5271,112.4346
2019-06-07,33.3,23.3,27.9,1.1,1.1,4.32,8.8,19.47,89,44,Mojokerto,-7.5271,112.4346
2019-06-08,33.8,22.5,28.0,0.0,0.0,4.45,11.6,19.88,92,40,Mojokerto,-7.5271,112.4346
2019-06-09,34.0,23.0,28.1,0.0,0.0,4.47,11.5,19.36,86,40,Mojokerto,-7.5271,112.4346
2019-06-10,33.5,22.6,28.2,0.0,0.0,4.47,8.6,20.35,87,43,Mojokerto,-7.5271,112.4346
2019-06-11,34.2,23.0,28.3,0.0,0.0,4.74,11.8,20.38,90,38,Mojokerto,-7.5271,112.4346
2019-06-12,34.2,23.0,28.4,0.0,0.0,4.44,8.9,19.68,87,41,Mojokerto,-7.5271,112.4346
2019-06-13,34.3,24.7,28.9,0.3,0.3,4.41,10.0,19.22,80,42,Mojokerto,-7.5271,112.4346
2019-06-14,32.1,24.9,27.1,17.2,17.2,3.18,13.8,14.8,98,54,Mojokerto,-7.5271,112.4346
2019-06-15,31.1,23.3,26.7,1.9,1.9,3.47,8.6,16.58,97,58,Mojokerto,-7.5271,112.4346
2019-06-16,32.4,21.5,26.8,0.0,0.0,4.36,14.6,19.86,95,40,Mojokerto,-7.5271,112.4346
2019-06-17,33.7,20.7,26.4,0.0,0.0,4.9,15.6,21.16,91,33,Mojokerto,-7.5271,112.4346
2019-06-18,32.4,20.9,26.0,0.0,0.0,4.81,17.9,20.74,81,41,Mojokerto,-7.5271,112.4346
2019-06-19,32.0,20.7,26.1,0.0,0.0,4.33,11.9,20.12,88,40,Mojokerto,-7.5271,112.4346
2019-06-20,31.9,19.9,25.9,0.0,0.0,4.32,9.4,20.07,94,42,Mojokerto,-7.5271,112.4346
2019-06-21,32.7,20.0,26.1,0.0,0.0,4.45,14.4,20.26,87,39,Mojokerto,-7.5271,112.4346
2019-06-22,32.6,19.5,26.3,0.0,0.0,4.77,14.6,21.08,84,38,Mojokerto,-7.5271,112.4346
2019-06-23,32.5,21.1,26.7,0.0,0.0,3.94,7.8,17.8,82,42,Mojokerto,-7.5271,112.4346
2019-06-24,32.8,20.9,26.5,0.0,0.0,4.71,19.3,20.79,90,33,Mojokerto,-7.5271,112.4346
2019-06-25,33.8,19.8,26.5,0.0,0.0,4.8,14.5,21.22,80,32,Mojokerto,-7.5271,112.4346
2019-06-26,33.5,20.5,26.7,0.0,0.0,4.77,15.7,20.88,82,35,Mojokerto,-7.5271,112.4346
2019-06-27,32.0,21.8,26.8,0.0,0.0,4.07,8.3,18.14,87,42,Mojokerto,-7.5271,112.4346
2019-06-28,32.8,20.1,26.2,0.0,0.0,4.63,11.1,20.45,90,35,Mojokerto,-7.5271,112.4346
2019-06-29,32.3,19.6,25.6,0.0,0.0,4.96,18.3,21.28,80,31,Mojokerto,-7.5271,112.4346
2019-06-30,31.8,18.9,25.4,0.0,0.0,4.71,15.8,21.11,91,37,Mojokerto,-7.5271,112.4346
2019-07-01,32.3,20.5,26.0,0.0,0.0,4.67,16.5,21.19,78,36,Mojokerto,-7.5271,112.4346
2019-07-02,33.3,20.4,26.6,0.0,0.0,4.87,19.2,20.01,84,39,Mojokerto,-7.5271,112.4346
2019-07-03,33.1,22.8,27.4,0.9,0.9,3.88,13.8,16.27,92,44,Mojokerto,-7.5271,112.4346
2019-07-04,31.4,22.8,26.6,1.6,1.6,3.61,16.0,16.24,99,55,Mojokerto,-7.5271,112.4346
2019-07-05,31.0,22.8,26.4,2.2,2.2,3.51,8.7,16.91,99,53,Mojokerto,-7.5271,112.4346
2019-07-06,32.7,22.5,26.8,0.2,0.2,4.5,14.6,19.9,95,44,Mojokerto,-7.5271,112.4346
2019-07-07,33.1,20.5,26.6,0.0,0.0,4.75,16.2,20.78,94,36,Mojokerto,-7.5271,112.4346
2019-07-08,31.0,22.4,26.3,0.0,0.0,4.1,19.9,16.86,89,44,Mojokerto,-7.5271,112.4346
2019-07-09,31.0,21.0,26.2,0.0,0.0,3.77,13.3,16.24,88,37,Mojokerto,-7.5271,112.4346
2019-07-10,33.2,22.5,27.2,0.0,0.0,4.78,20.9,19.93,82,34,Mojokerto,-7.5271,112.4346
2019-07-11,33.5,19.9,26.5,0.0,0.0,4.97,22.8,20.09,79,34,Mojokerto,-7.5271,112.4346
2019-07-12,33.2,20.7,27.1,0.0,0.0,4.45,8.2,20.52,87,32,Mojokerto,-7.5271,112.4346
2019-07-13,33.1,22.0,27.1,0.0,0.0,4.59,9.8,19.81,82,29,Mojokerto,-7.5271,112.4346
2019-07-14,32.8,21.4,26.2,0.0,0.0,5.11,21.8,21.49,71,25,Mojokerto,-7.5271,112.4346
2019-07-15,33.6,19.4,26.2,0.0,0.0,4.86,21.3,19.75,82,29,Mojokerto,-7.5271,112.4346
2019-07-16,33.5,21.5,27.1,0.0,0.0,4.59,11.2,20.62,84,29,Mojokerto,-7.5271,112.4346
2019-07-17,33.5,20.0,26.5,0.0,0.0,5.01,18.7,21.67,85,28,Mojokerto,-7.5271,112.4346
2019-07-18,34.5,20.6,27.3,0.0,0.0,5.36,23.0,21.05,80,34,Mojokerto,-7.5271,112.4346
2019-07-19,34.0,22.0,27.5,0.0,0.0,4.6,26.4,17.0,84,38,Mojokerto,-7.5271,112.4346
2019-07-20,35.3,23.2,28.4,0.6,0.6,4.89,19.7,19.8,89,36,Mojokerto,-7.5271,112.4346
2019-07-21,34.8,22.8,27.8,0.0,0.0,4.81,19.6,20.27,91,32,Mojokerto,-7.5271,112.4346
2019-07-22,34.3,20.0,26.9,0.0,0.0,5.22,15.5,22.01,89,27,Mojokerto,-7.5271,112.4346
2019-07-23,34.1,21.4,27.0,0.0,0.0,5.3,20.9,21.79,90,28,Mojokerto,-7.5271,112.4346
2019-07-24,34.0,21.9,27.0,0.0,0.0,4.64,15.0,20.02,83,32,Mojokerto,-7.5271,112.4346
2019-07-25,33.8,20.5,26.8,0.0,0.0,5.24,19.0,21.98,89,30,Mojokerto,-7.5271,112.4346
2019-07-26,34.2,21.4,27.0,0.0,0.0,5.15,18.9,21.97,85,33,Mojokerto,-7.5271,112.4346
2019-07-27,34.0,20.8,26.9,0.0,0.0,5.09,19.0,21.4,81,36,Mojokerto,-7.5271,112.4346
2019-07-28,33.5,21.5,26.7,0.0,0.0,4.18,10.1,18.5,88,40,Mojokerto,-7.5271,112.4346
2019-07-29,33.9,19.8,26.7,0.0,0.0,4.98,14.1,22.08,90,31,Mojokerto,-7.5271,112.4346
2019-07-30,33.6,21.9,27.4,0.0,0.0,4.77,13.2,20.33,84,34,Mojokerto,-7.5271,112.4346
2019-07-31,33.8,21.1,27.0,0.0,0.0,5.19,22.7,22.01,92,31,Mojokerto,-7.5271,112.4346
2019-08-01,33.5,20.8,26.8,0.0,0.0,5.22,16.7,22.19,90,33,Mojokerto,-7.5271,112.4346
2019-08-02,33.5,21.1,27.0,0.2,0.2,4.84,16.0,20.88,86,35,Mojokerto,-7.5271,112.4346
2019-08-03,33.0,20.2,26.5,0.0,0.0,4.67,17.7,20.31,90,35,Mojokerto,-7.5271,112.4346
2019-08-04,33.0,22.0,26.9,0.0,0.0,4.69,10.9,20.22,76,28,Mojokerto,-7.5271,112.4346
2019-08-05,32.8,21.0,26.5,0.0,0.0,5.34,19.4,22.29,74,27,Mojokerto,-7.5271,112.4346
2019-08-06,32.6,19.2,25.9,0.0,0.0,5.29,19.9,22.76,83,31,Mojokerto,-7.5271,112.4346
2019-08-07,34.2,20.2,26.5,0.0,0.0,5.12,13.0,21.89,83,25,Mojokerto,-7.5271,112.4346
2019-08-08,34.2,21.0,27.0,0.0,0.0,4.77,9.2,20.83,80,28,Mojokerto,-7.5271,112.4346
2019-08-09,33.5,21.6,27.3,0.0,0.0,4.95,15.6,20.59,83,36,Mojokerto,-7.5271,112.4346
2019-08-10,33.5,21.1,27.0,0.0,0.0,5.35,21.9,21.77,85,33,Mojokerto,-7.5271,112.4346
2019-08-11,34.0,20.6,26.9,0.0,0.0,5.38,21.1,22.64,77,29,Mojokerto,-7.5271,112.4346
2019-08-12,34.0,20.8,27.2,0.0,0.0,5.97,27.0,22.86,86,34,Mojokerto,-7.5271,112.4346
2019-08-13,33.8,22.0,27.6,0.0,0.0,5.88,28.6,22.21,88,38,Mojokerto,-7.5271,112.4346
2019-08-14,33.9,21.0,27.2,0.0,0.0,5.74,27.0,22.37,89,35,Mojokerto,-7.5271,112.4346
2019-08-15,32.8,23.1,27.6,1.4,1.4,4.34,12.9,19.12,90,43,Mojokerto,-7.5271,112.4346
2019-08-16,34.3,22.3,27.9,0.0,0.0,5.34,14.6,22.02,85,35,Mojokerto,-7.5271,112.4346
2019-08-17,33.5,22.0,27.7,0.2,0.2,4.98,13.7,20.94,84,37,Mojokerto,-7.5271,112.4346
2019-08-18,34.5,20.8,27.0,0.0,0.0,5.62,20.8,23.82,85,24,Mojokerto,-7.5271,112.4346
2019-08-19,34.7,20.8,27.3,0.0,0.0,5.22,10.2,23.39,88,28,Mojokerto,-7.5271,112.4346
2019-08-20,34.5,22.4,27.7,0.0,0.0,5.75,22.9,22.44,77,28,Mojokerto,-7.5271,112.4346
2019-08-21,33.5,20.9,27.2,0.0,0.0,6.02,25.3,23.51,84,36,Mojokerto,-7.5271,112.4346
2019-08-22,33.0,23.9,27.4,1.0,1.0,4.23,13.7,18.75,86,43,Mojokerto,-7.5271,112.4346
2019-08-23,34.2,21.6,27.2,0.0,0.0,5.5,21.4,23.45,89,32,Mojokerto,-7.5271,112.4346
2019-08-24,35.0,21.9,27.9,0.0,0.0,4.97,10.2,22.0,86,30,Mojokerto,-7.5271,112.4346
2019-08-25,36.1,21.6,28.3,0.0,0.0,5.18,8.6,22.62,88,29,Mojokerto,-7.5271,112.4346
2019-08-26,35.9,23.7,28.8,0.0,0.0,5.11,8.0,21.52,82,29,Mojokerto,-7.5271,112.4346
2019-08-27,34.7,23.2,28.1,0.0,0.0,4.81,15.4,19.55,82,37,Mojokerto,-7.5271,112.4346
2019-08-28,34.0,22.2,27.2,0.0,0.0,5.84,22.8,23.94,82,27,Mojokerto,-7.5271,112.4346
2019-08-29,33.9,22.0,27.3,0.0,0.0,6.21,26.1,24.43,82,30,Mojokerto,-7.5271,112.4346
2019-08-30,34.7,20.7,27.3,0.0,0.0,5.47,23.2,23.15,91,30,Mojokerto,-7.5271,112.4346
2019-08-31,34.6,21.2,27.3,0.0,0.0,5.82,24.1,23.72,86,28,Mojokerto,-7.5271,112.4346
2019-09-01,35.5,21.4,27.9,0.0,0.0,5.72,15.9,24.04,84,30,Mojokerto,-7.5271,112.4346
2019-09-02,35.4,21.5,28.0,0.0,0.0,5.79,19.7,23.89,89,35,Mojokerto,-7.5271,112.4346
2019-09-03,35.0,22.5,27.7,0.0,0.0,5.16,17.9,21.03,83,32,Mojokerto,-7.5271,112.4346
2019-09-04,34.5,21.8,27.4,0.0,0.0,5.85,20.2,23.44,86,29,Mojokerto,-7.5271,112.4346
2019-09-05,34.7,19.8,26.8,0.0,0.0,5.95,16.5,24.49,78,27,Mojokerto,-7.5271,112.4346
2019-09-06,35.2,20.8,27.2,0.0,0.0,5.74,13.2,23.37,86,27,Mojokerto,-7.5271,112.4346
2019-09-07,35.2,21.4,27.6,0.0,0.0,5.86,18.7,24.26,89,25,Mojokerto,-7.5271,112.4346
2019-09-08,35.6,22.6,28.5,0.0,0.0,5.9,14.8,24.79,83,24,Mojokerto,-7.5271,112.4346
2019-09-09,35.8,21.4,27.9,0.0,0.0,6.9,26.6,25.44,86,16,Mojokerto,-7.5271,112.4346
2019-09-10,35.2,20.0,27.8,0.0,0.0,6.59,20.3,25.27,83,24,Mojokerto,-7.5271,112.4346
2019-09-11,34.7,20.5,27.6,0.0,0.0,5.64,15.8,22.92,88,31,Mojokerto,-7.5271,112.4346
2019-09-12,34.0,21.5,27.0,0.0,0.0,6.11,18.3,25.19,80,21,Mojokerto,-7.5271,112.4346
2019-09-13,34.2,20.1,26.8,0.0,0.0,6.44,26.8,24.83,80,24,Mojokerto,-7.5271,112.4346
2019-09-14,35.1,20.2,27.2,0.0,0.0,6.05,20.3,24.31,83,26,Mojokerto,-7.5271,112.4346
2019-09-15,34.4,21.1,27.4,0.0,0.0,5.86,22.8,23.21,76,33,Mojokerto,-7.5271,112.4346
2019-09-16,34.1,20.6,27.3,0.0,0.0,6.23,24.3,24.91,90,34,Mojokerto,-7.5271,112.4346
2019-09-17,35.1,20.9,27.6,0.0,0.0,6.06,22.3,24.8,94,32,Mojokerto,-7.5271,112.4346
2019-09-18,34.8,21.3,27.9,0.0,0.0,6.2,24.2,24.76,90,35,Mojokerto,-7.5271,112.4346
2019-09-19,33.9,21.5,27.5,0.0,0.0,5.31,23.3,20.99,88,32,Mojokerto,-7.5271,112.4346
2019-09-20,35.4,21.5,27.8,0.0,0.0,6.71,25.5,26.17,83,24,Mojokerto,-7.5271,112.4346
2019-09-21,36.1,21.0,28.1,0.0,0.0,6.32,19.9,25.74,87,25,Mojokerto,-7.5271,112.4346
2019-09-22,36.5,21.0,28.4,0.0,0.0,6.44,26.0,25.39,86,27,Mojokerto,-7.5271,112.4346
2019-09-23,35.7,21.2,28.0,0.0,0.0,6.75,29.3,25.8,90,28,Mojokerto,-7.5271,112.4346
2019-09-24,35.8,21.2,28.3,0.0,0.0,6.71,29.9,25.57,92,28,Mojokerto,-7.5271,112.4346
2019-09-25,35.8,22.2,28.8,0.0,0.0,6.41,24.2,25.07,93,31,Mojokerto,-7.5271,112.4346
2019-09-26,35.8,23.4,29.0,0.3,0.3,5.93,20.3,23.39,84,32,Mojokerto,-7.5271,112.4346
2019-09-27,36.8,22.6,29.2,0.0,0.0,6.45,22.5,25.34,91,27,Mojokerto,-7.5271,112.4346
2019-09-28,35.8,22.9,29.1,0.4,0.4,6.16,16.8,24.76,84,35,Mojokerto,-7.5271,112.4346
2019-09-29,36.3,23.8,29.1,0.5,0.5,7.02,32.0,26.12,94,26,Mojokerto,-7.5271,112.4346
2019-09-30,37.6,21.6,29.1,0.0,0.0,6.79,23.8,26.48,83,20,Mojokerto,-7.5271,112.4346
2019-10-01,37.2,22.2,29.0,0.0,0.0,6.82,24.7,26.13,82,23,Mojokerto,-7.5271,112.4346
2019-10-02,36.6,22.4,29.2,0.0,0.0,7.3,32.2,25.96,85,26,Mojokerto,-7.5271,112.4346
2019-10-03,36.3,22.5,29.4,0.0,0.0,7.23,27.1,25.78,86,22,Mojokerto,-7.5271,112.4346
2019-10-04,36.5,22.3,29.1,0.0,0.0,6.48,19.0,25.5,84,25,Mojokerto,-7.5271,112.4346
2019-10-05,37.0,22.8,28.8,0.0,0.0,7.31,24.2,27.06,83,15,Mojokerto,-7.5271,112.4346
2019-10-06,36.2,21.2,28.5,0.0,0.0,6.89,25.1,26.47,85,20,Mojokerto,-7.5271,112.4346
2019-10-07,36.3,23.0,29.4,0.0,0.0,5.61,17.1,22.32,86,32,Mojokerto,-7.5271,112.4346
2019-10-08,36.8,23.6,29.7,0.0,0.0,5.96,14.2,23.59,83,30,Mojokerto,-7.5271,112.4346
2019-10-09,36.7,23.7,29.7,0.0,0.0,6.27,20.1,24.02,83,29,Mojokerto,-7.5271,112.4346
2019-10-10,37.0,24.0,29.7,0.0,0.0,7.25,30.1,25.23,85,24,Mojokerto,-7.5271,112.4346
2019-10-11,37.5,22.0,29.6,0.0,0.0,7.82,28.1,26.92,87,19,Mojokerto,-7.5271,112.4346
2019-10-12,37.8,21.7,29.6,0.0,0.0,6.24,12.0,24.48,86,17,Mojokerto,-7.5271,112.4346
2019-10-13,37.7,23.0,29.9,0.2,0.2,6.13,15.0,23.98,85,25,Mojokerto,-7.5271,112.4346
2019-10-14,38.1,22.9,30.0,0.1,0.1,7.04,24.1,26.35,80,18,Mojokerto,-7.5271,112.4346
2019-10-15,37.5,23.5,29.9,0.8,0.8,5.86,11.3,23.66,83,28,Mojokerto,-7.5271,112.4346
2019-10-16,35.1,24.1,29.5,0.2,0.2,5.34,12.7,21.9,80,36,Mojokerto,-7.5271,112.4346
2019-10-17,36.3,24.0,29.6,0.0,0.0,6.0,18.1,23.4,73,30,Mojokerto,-7.5271,112.4346
2019-10-18,38.0,22.5,30.1,0.0,0.0,6.86,23.7,26.74,80,21,Mojokerto,-7.5271,112.4346
2019-10-19,38.6,23.6,30.3,0.0,0.0,7.01,26.8,26.06,80,25,Mojokerto,-7.5271,112.4346
2019-10-20,36.8,21.6,28.9,0.0,0.0,7.38,27.4,27.14,95,20,Mojokerto,-7.5271,112.4346
2019-10-21,37.9,21.4,29.7,0.0,0.0,7.93,29.6,27.33,89,20,Mojokerto,-7.5271,112.4346
2019-10-22,38.5,23.3,30.2,0.0,0.0,7.04,20.5,26.35,80,23,Mojokerto,-7.5271,112.4346
2019-10-23,37.8,23.1,30.4,0.0,0.0,6.84,20.3,25.46,81,25,Mojokerto,-7.5271,112.4346
2019-10-24,37.8,23.8,30.0,0.0,0.0,6.78,21.9,26.26,83,22,Mojokerto,-7.5271,112.4346
2019-10-25,37.6,23.2,29.8,0.0,0.0,7.38,26.9,27.12,79,18,Mojokerto,-7.5271,112.4346
2019-10-26,37.7,23.2,30.0,0.0,0.0,5.94,13.0,23.98,83,28,Mojokerto,-7.5271,112.4346
2019-10-27,35.5,24.5,30.0,0.9,0.9,5.29,9.1,21.57,82,34,Mojokerto,-7.5271,112.4346
2019-10-28,37.3,24.4,30.4,0.9,0.9,5.75,10.0,23.67,81,28,Mojokerto,-7.5271,112.4346
2019-10-29,36.6,24.2,30.2,0.4,0.4,5.58,10.9,22.58,77,31,Mojokerto,-7.5271,112.4346
2019-10-30,36.6,24.9,30.2,0.4,0.4,5.78,13.7,24.52,77,28,Mojokerto,-7.5271,112.4346
2019-10-31,38.1,24.5,30.3,2.2,2.2,5.81,12.4,23.55,87,28,Mojokerto,-7.5271,112.4346
2019-11-01,32.0,23.7,27.3,1.3,1.3,3.64,8.2,16.34,96,51,Mojokerto,-7.5271,112.4346
2019-11-02,31.2,23.3,25.6,28.9,28.9,2.6,8.0,12.09,98,56,Mojokerto,-7.5271,112.4346
2019-11-03,31.6,23.4,26.5,6.3,6.3,4.23,7.7,20.3,98,56,Mojokerto,-7.5271,112.4346
2019-11-04,32.4,23.7,27.3,2.2,2.2,4.25,8.0,20.05,98,54,Mojokerto,-7.5271,112.4346
2019-11-05,33.2,24.1,28.1,0.2,0.2,4.92,7.9,22.8,86,47,Mojokerto,-7.5271,112.4346
2019-11-06,35.2,23.0,29.0,0.0,0.0,5.62,8.3,25.27,82,33,Mojokerto,-7.5271,112.4346
2019-11-07,35.5,23.3,29.3,0.0,0.0,5.42,8.9,24.03,83,36,Mojokerto,-7.5271,112.4346
2019-11-08,35.3,24.4,29.7,0.0,0.0,5.25,8.9,22.98,86,39,Mojokerto,-7.5271,112.4346
2019-11-09,35.8,23.9,28.7,2.4,2.4,4.87,9.4,21.27,86,38,Mojokerto,-7.5271,112.4346
2019-11-10,35.5,24.7,29.7,0.3,0.3,5.45,10.1,23.73,81,38,Mojokerto,-7.5271,112.4346
2019-11-11,36.3,24.6,30.0,0.8,0.8,5.7,11.7,24.03,85,38,Mojokerto,-7.5271,112.4346
2019-11-12,37.0,25.0,30.1,0.2,0.2,6.79,22.9,25.65,85,31,Mojokerto,-7.5271,112.4346
2019-11-13,35.7,24.9,30.1,0.0,0.0,6.02,22.9,22.71,81,36,Mojokerto,-7.5271,112.4346
2019-11-14,36.2,24.3,29.8,0.6,0.6,4.99,12.1,21.29,82,39,Mojokerto,-7.5271,112.4346
2019-11-15,38.7,25.1,30.9,0.3,0.3,6.05,13.7,24.7,86,23,Mojokerto,-7.5271,112.4346
2019-11-16,38.0,24.5,30.5,0.0,0.0,6.06,13.1,24.63,78,23,Mojokerto,-7.5271,112.4346
2019-11-17,38.3,24.9,30.7,0.0,0.0,7.26,22.9,26.09,77,22,Mojokerto,-7.5271,112.4346
2019-11-18,38.8,24.0,30.9,0.0,0.0,6.95,22.4,25.52,77,21,Mojokerto,-7.5271,112.4346
2019-11-19,38.3,25.1,30.8,0.3,0.3,5.51,9.5,23.03,78,26,Mojokerto,-7.5271,112.4346
2019-11-20,37.4,25.1,30.7,0.0,0.0,6.14,12.0,24.86,77,23,Mojokerto,-7.5271,112.4346
2019-11-21,34.1,25.0,29.4,0.7,0.7,4.78,14.5,20.1,76,42,Mojokerto,-7.5271,112.4346
2019-11-22,38.0,24.1,30.7,0.0,0.0,6.6,16.8,25.83,82,19,Mojokerto,-7.5271,112.4346
2019-11-23,39.0,24.3,31.0,0.7,0.7,7.06,22.3,25.96,83,22,Mojokerto,-7.5271,112.4346
2019-11-24,38.5,24.1,30.7,1.4,1.4,6.72,21.7,25.03,87,24,Mojokerto,-7.5271,112.4346
2019-11-25,37.0,24.5,30.3,0.7,0.7,5.44,9.4,23.12,91,31,Mojokerto,-7.5271,112.4346
2019-11-26,36.9,25.1,30.0,1.5,1.5,5.14,12.0,22.33,99,34,Mojokerto,-7.5271,112.4346
2019-11-27,35.7,25.0,27.8,13.4,13.4,4.28,11.6,19.46,100,42,Mojokerto,-7.5271,112.4346
2019-11-28,35.3,23.9,29.4,0.5,0.5,5.08,6.3,23.25,99,40,Mojokerto,-7.5271,112.4346
2019-11-29,35.3,25.4,28.7,14.7,14.7,4.27,15.5,19.04,93,45,Mojokerto,-7.5271,112.4346
2019-11-30,34.8,24.6,28.2,6.8,6.8,4.09,9.9,18.86,98,46,Mojokerto,-7.5271,112.4346
2019-12-01,38.0,23.9,30.6,0.1,0.1,6.06,9.0,25.83,96,23,Mojokerto,-7.5271,112.4346
2019-12-02,36.4,26.2,29.7,1.5,1.5,5.01,18.8,21.09,94,40,Mojokerto,-7.5271,112.4346
2019-12-03,35.7,24.5,29.2,0.4,0.4,5.14,14.9,22.01,92,41,Mojokerto,-7.5271,112.4346
2019-12-04,36.3,24.1,28.7,5.7,5.7,4.94,11.8,21.84,98,42,Mojokerto,-7.5271,112.4346
2019-12-05,32.0,24.3,27.1,13.7,13.7,3.51,6.4,16.77,99,59,Mojokerto,-7.5271,112.4346
2019-12-06,34.8,23.6,27.8,3.3,3.3,4.66,12.9,21.43,99,50,Mojokerto,-7.5271,112.4346
2019-12-07,35.3,23.8,28.5,2.5,2.5,5.2,12.3,23.07,95,41,Mojokerto,-7.5271,112.4346
2019-12-08,35.2,23.8,28.9,1.2,1.2,5.07,9.7,23.18,97,42,Mojokerto,-7.5271,112.4346
2019-12-09,34.7,24.9,28.6,4.2,4.2,3.94,7.9,18.09,96,48,Mojokerto,-7.5271,112.4346
2019-12-10,34.8,24.2,28.2,4.4,4.4,4.55,9.9,20.71,99,47,Mojokerto,-7.5271,112.4346
2019-12-11,34.3,23.5,28.2,1.8,1.8,4.91,10.8,22.58,97,50,Mojokerto,-7.5271,112.4346
2019-12-12,34.2,24.2,28.1,2.4,2.4,4.3,8.1,19.49,90,47,Mojokerto,-7.5271,112.4346
2019-12-13,33.5,23.9,27.5,5.9,5.9,4.14,10.4,19.27,99,51,Mojokerto,-7.5271,112.4346
2019-12-14,33.2,24.0,27.4,5.8,5.8,3.92,12.2,17.92,98,51,Mojokerto,-7.5271,112.4346
2019-12-15,33.5,23.8,26.8,9.7,9.7,3.8,8.4,17.72,98,53,Mojokerto,-7.5271,112.4346
2019-12-16,31.8,23.9,26.0,12.9,12.9,3.58,13.5,17.7,98,61,Mojokerto,-7.5271,112.4346
2019-12-17,30.7,23.6,25.8,22.4,22.4,2.96,11.5,14.52,99,68,Mojokerto,-7.5271,112.4346
2019-12-18,32.7,24.2,27.2,8.3,8.3,4.71,8.0,22.99,99,60,Mojokerto,-7.5271,112.4346
2019-12-19,32.7,24.1,27.5,3.8,3.8,4.47,6.3,21.36,99,62,Mojokerto,-7.5271,112.4346
2019-12-20,33.4,24.1,27.9,1.8,1.8,4.58,11.5,21.52,95,56,Mojokerto,-7.5271,112.4346
2019-12-21,32.7,25.1,27.7,7.3,7.3,4.21,15.6,20.33,97,64,Mojokerto,-7.5271,112.4346
2019-12-22,31.7,24.2,26.7,24.4,24.4,3.35,10.0,16.33,98,66,Mojokerto,-7.5271,112.4346
2019-12-23,31.0,23.5,27.2,3.3,3.3,3.71,8.7,17.6,96,60,Mojokerto,-7.5271,112.4346
2019-12-24,33.0,25.1,27.6,18.1,18.1,4.31,12.6,20.87,94,59,Mojokerto,-7.5271,112.4346
2019-12-25,31.0,24.3,26.4,48.2,48.2,3.32,12.7,15.99,98,69,Mojokerto,-7.5271,112.4346
2019-12-26,29.5,24.1,26.7,7.6,7.6,3.08,7.6,14.85,99,71,Mojokerto,-7.5271,112.4346
2019-12-27,30.4,24.4,26.1,16.7,16.7,3.13,10.7,15.26,100,74,Mojokerto,-7.5271,112.4346
2019-12-28,31.4,23.6,26.6,17.9,17.9,3.72,7.1,18.11,99,63,Mojokerto,-7.5271,112.4346
2019-12-29,31.7,24.7,26.7,21.4,21.4,3.73,9.4,17.78,99,69,Mojokerto,-7.5271,112.4346
2019-12-30,30.9,24.1,26.4,13.4,13.4,3.39,10.3,16.58,99,73,Mojokerto,-7.5271,112.4346
2019-12-31,30.6,24.5,26.3,17.1,17.1,3.05,8.9,14.78,99,70,Mojokerto,-7.5271,112.4346
2020-01-01,27.3,23.5,25.0,27.0,27.0,1.44,10.7,6.49,99,83,Mojokerto,-7.5271,112.4346
2020-01-02,31.0,24.0,26.5,9.9,9.9,4.04,12.3,19.22,95,64,Mojokerto,-7.5271,112.4346
2020-01-03,31.8,23.4,26.5,9.8,9.8,4.19,13.4,19.88,96,62,Mojokerto,-7.5271,112.4346
2020-01-04,29.0,24.0,26.1,10.0,10.0,2.82,16.6,12.41,90,76,Mojokerto,-7.5271,112.4346
2020-01-05,30.5,24.0,26.3,8.5,8.5,3.22,16.9,15.5,98,70,Mojokerto,-7.5271,112.4346
2020-01-06,29.4,23.4,25.9,13.2,13.2,3.35,15.0,16.59,99,69,Mojokerto,-7.5271,112.4346
2020-01-07,30.1,23.1,25.6,7.2,7.2,3.32,14.0,16.67,98,71,Mojokerto,-7.5271,112.4346
2020-01-08,29.4,23.6,25.5,12.1,12.1,2.92,12.0,14.25,94,77,Mojokerto,-7.5271,112.4346
2020-01-09,31.2,22.9,26.4,3.3,3.3,4.44,14.3,22.08,99,67,Mojokerto,-7.5271,112.4346
2020-01-10,30.5,23.1,25.9,7.1,7.1,3.38,9.2,16.32,100,65,Mojokerto,-7.5271,112.4346
2020-01-11,30.1,23.5,26.0,12.3,12.3,3.23,17.3,15.54,98,70,Mojokerto,-7.5271,112.4346
2020-01-12,31.5,23.2,27.1,0.8,0.8,4.24,17.1,18.32,96,60,Mojokerto,-7.5271,112.4346
2020-01-13,31.8,23.9,27.4,1.9,1.9,4.95,14.5,22.56,84,62,Mojokerto,-7.5271,112.4346
2020-01-14,32.3,24.0,27.1,4.9,4.9,4.63,12.3,22.07,92,63,Mojokerto,-7.5271,112.4346
2020-01-15,30.4,24.0,26.7,3.2,3.2,3.74,9.9,18.06,98,67,Mojokerto,-7.5271,112.4346
2020-01-16,31.4,24.2,27.1,1.8,1.8,4.08,9.7,19.47,98,61,Mojokerto,-7.5271,112.4346
2020-01-17,33.1,24.3,28.3,0.0,0.0,5.23,7.9,24.71,89,50,Mojokerto,-7.5271,112.4346
2020-01-18,34.0,24.1,28.8,0.5,0.5,5.5,9.2,25.19,90,44,Mojokerto,-7.5271,112.4346
2020-01-19,33.3,24.6,28.1,0.9,0.9,4.84,11.7,22.25,96,48,Mojokerto,-7.5271,112.4346
2020-01-20,33.9,24.2,27.4,11.8,11.8,4.46,8.9,20.73,98,49,Mojokerto,-7.5271,112.4346
2020-01-21,31.4,24.0,25.9,48.8,48.8,3.32,8.1,16.1,99,68,Mojokerto,-7.5271,112.4346
2020-01-22,32.8,24.2,27.2,7.1,7.1,4.78,9.6,22.96,97,53,Mojokerto,-7.5271,112.4346
2020-01-23,31.5,24.5,26.6,23.5,23.5,3.79,9.0,18.45,99,71,Mojokerto,-7.5271,112.4346
2020-01-24,30.9,24.2,26.8,6.4,6.4,4.17,10.2,20.54,97,69,Mojokerto,-7.5271,112.4346
2020-01-25,30.5,24.0,26.5,25.8,25.8,4.17,11.2,20.57,98,69,Mojokerto,-7.5271,112.4346
2020-01-26,32.0,24.0,26.8,44.3,44.3,4.46,10.0,21.54,97,62,Mojokerto,-7.5271,112.4346
2020-01-27,29.0,23.9,26.4,5.6,5.6,3.16,12.2,16.02,98,81,Mojokerto,-7.5271,112.4346
2020-01-28,32.0,24.4,27.4,4.8,4.8,4.34,7.9,20.96,98,65,Mojokerto,-7.5271,112.4346
2020-01-29,31.2,24.5,27.0,4.3,4.3,4.28,11.5,21.1,98,73,Mojokerto,-7.5271,112.4346
2020-01-30,30.5,24.0,26.4,14.7,14.7,3.11,14.6,15.54,99,72,Mojokerto,-7.5271,112.4346
2020-01-31,30.6,24.0,26.1,11.5,11.5,3.2,10.2,15.56,96,70,Mojokerto,-7.5271,112.4346
2020-02-01,30.1,23.9,26.1,10.1,10.1,3.52,9.0,17.26,99,72,Mojokerto,-7.5271,112.4346
2020-02-02,29.9,23.5,25.7,18.2,18.2,3.26,8.0,16.3,99,80,Mojokerto,-7.5271,112.4346
2020-02-03,30.5,23.9,25.8,26.2,26.2,3.51,9.3,17.41,98,70,Mojokerto,-7.5271,112.4346
2020-02-04,31.2,23.4,26.5,5.6,5.6,4.33,7.8,21.29,99,68,Mojokerto,-7.5271,112.4346
2020-02-05,31.6,23.7,27.1,0.5,0.5,4.75,7.3,22.99,99,49,Mojokerto,-7.5271,112.4346
2020-02-06,31.5,23.8,26.8,6.1,6.1,4.42,9.9,21.6,99,64,Mojokerto,-7.5271,112.4346
2020-02-07,30.9,23.9,25.9,39.9,39.9,3.23,12.5,16.01,98,71,Mojokerto,-7.5271,112.4346
2020-02-08,28.4,24.2,26.0,6.7,6.7,2.47,15.3,11.31,96,79,Mojokerto,-7.5271,112.4346
2020-02-09,29.0,23.8,26.4,4.9,4.9,2.88,18.1,12.19,97,66,Mojokerto,-7.5271,112.4346
2020-02-10,31.0,23.5,26.0,17.4,17.4,3.34,12.4,16.6,97,69,Mojokerto,-7.5271,112.4346
2020-02-11,30.2,23.2,25.7,5.3,5.3,3.46,11.2,17.47,98,72,Mojokerto,-7.5271,112.4346
2020-02-12,29.1,24.0,25.9,7.4,7.4,3.32,9.0,16.84,99,78,Mojokerto,-7.5271,112.4346
2020-02-13,30.5,23.8,26.5,13.6,13.6,3.93,8.2,19.43,97,69,Mojokerto,-7.5271,112.4346
2020-02-14,29.9,23.8,26.4,8.2,8.2,3.65,12.0,18.24,99,71,Mojokerto,-7.5271,112.4346
2020-02-15,30.5,24.1,26.0,33.8,33.8,3.18,6.8,15.44,99,73,Mojokerto,-7.5271,112.4346
2020-02-16,30.5,24.0,26.0,9.2,9.2,3.65,8.9,17.88,98,71,Mojokerto,-7.5271,112.4346
2020-02-17,30.3,23.1,25.7,6.5,6.5,3.38,11.8,16.84,97,69,Mojokerto,-7.5271,112.4346
2020-02-18,29.6,23.0,25.3,10.5,10.5,3.0,8.6,14.9,96,71,Mojokerto,-7.5271,112.4346
2020-02-19,29.3,23.5,25.1,37.3,37.3,2.48,12.9,12.03,96,77,Mojokerto,-7.5271,112.4346
2020-02-20,27.9,23.5,25.0,13.2,13.2,1.93,14.1,9.08,96,77,Mojokerto,-7.5271,112.4346
2020-02-21,30.7,23.5,25.8,14.8,14.8,3.85,12.6,19.01,98,73,Mojokerto,-7.5271,112.4346
2020-02-22,30.6,23.0,25.9,6.6,6.6,3.76,12.7,19.05,99,70,Mojokerto,-7.5271,112.4346
2020-02-23,31.1,23.7,26.1,40.3,40.3,4.02,10.6,19.8,100,68,Mojokerto,-7.5271,112.4346
2020-02-24,30.3,24.2,26.3,15.0,15.0,3.83,10.7,18.94,96,71,Mojokerto,-7.5271,112.4346
2020-02-25,29.4,24.2,26.0,13.4,13.4,3.04,11.5,15.17,98,79,Mojokerto,-7.5271,112.4346
2020-02-26,28.1,23.5,25.6,16.3,16.3,2.69,9.3,13.53,98,87,Mojokerto,-7.5271,112.4346
2020-02-27,29.8,24.6,26.1,30.1,30.1,2.87,12.8,13.76,95,77,Mojokerto,-7.5271,112.4346
2020-02-28,30.7,23.9,26.2,13.3,13.3,3.48,11.7,17.16,96,71,Mojokerto,-7.5271,112.4346
2020-02-29,30.0,24.1,25.9,18.3,18.3,2.88,10.8,14.22,95,77,Mojokerto,-7.5271,112.4346
2020-03-01,28.8,24.2,25.8,18.2,18.2,2.21,11.7,10.63,96,79,Mojokerto,-7.5271,112.4346
2020-03-02,30.3,24.3,26.7,5.6,5.6,3.9,10.8,19.11,96,74,Mojokerto,-7.5271,112.4346
2020-03-03,30.9,23.9,26.5,9.7,9.7,3.36,13.4,16.5,98,73,Mojokerto,-7.5271,112.4346
2020-03-04,30.2,24.1,26.6,1.7,1.7,3.18,11.2,15.37,100,70,Mojokerto,-7.5271,112.4346
2020-03-05,30.4,23.9,26.0,16.6,16.6,2.74,12.6,13.51,99,71,Mojokerto,-7.5271,112.4346
2020-03-06,30.8,23.8,26.2,19.2,19.2,3.91,10.0,19.05,100,62,Mojokerto,-7.5271,112.4346
2020-03-07,29.8,23.0,25.4,17.4,17.4,2.66,9.1,13.23,100,73,Mojokerto,-7.5271,112.4346
2020-03-08,30.1,23.5,26.1,3.2,3.2,3.7,10.8,18.21,99,69,Mojokerto,-7.5271,112.4346
2020-03-09,30.0,23.5,26.9,1.1,1.1,3.91,18.4,17.07,90,67,Mojokerto,-7.5271,112.4346
2020-03-10,30.5,25.1,26.7,5.7,5.7,3.4,10.5,15.4,93,68,Mojokerto,-7.5271,112.4346
2020-03-11,31.0,24.0,26.7,4.8,4.8,4.21,12.4,20.63,92,69,Mojokerto,-7.5271,112.4346
2020-03-12,32.1,23.8,26.7,17.0,17.0,4.13,11.5,20.06,97,63,Mojokerto,-7.5271,112.4346
2020-03-13,31.4,23.7,26.7,6.9,6.9,4.14,10.5,20.44,99,67,Mojokerto,-7.5271,112.4346
2020-03-14,30.4,24.5,26.7,1.2,1.2,3.61,8.5,17.42,98,66,Mojokerto,-7.5271,112.4346
2020-03-15,30.5,24.6,26.5,10.7,10.7,3.75,9.8,18.62,98,73,Mojokerto,-7.5271,112.4346
2020-03-16,31.3,23.6,26.7,23.2,23.2,4.14,11.1,20.33,99,69,Mojokerto,-7.5271,112.4346
2020-03-17,31.1,23.8,26.4,14.6,14.6,3.85,10.7,19.3,99,72,Mojokerto,-7.5271,112.4346
2020-03-18,30.0,23.9,26.1,5.0,5.0,3.73,18.7,19.07,99,73,Mojokerto,-7.5271,112.4346
2020-03-19,30.4,23.4,25.6,12.0,12.0,2.93,15.8,14.98,99,75,Mojokerto,-7.5271,112.4346
2020-03-20,30.2,23.4,26.2,5.3,5.3,4.15,12.6,20.83,99,73,Mojokerto,-7.5271,112.4346
2020-03-21,29.4,23.1,26.2,1.1,1.1,3.79,9.8,19.18,99,75,Mojokerto,-7.5271,112.4346
2020-03-22,30.4,23.8,26.4,15.8,15.8,3.59,11.4,18.1,99,72,Mojokerto,-7.5271,112.4346
2020-03-23,30.0,23.5,25.8,5.4,5.4,3.19,8.6,15.59,98,70,Mojokerto,-7.5271,112.4346
2020-03-24,29.5,23.6,25.7,4.5,4.5,3.23,14.4,16.45,99,76,Mojokerto,-7.5271,112.4346
2020-03-25,30.8,23.6,26.6,15.0,15.0,4.39,12.8,21.56,100,69,Mojokerto,-7.5271,112.4346
2020-03-26,31.6,24.0,27.5,2.9,2.9,4.74,6.3,23.0,97,62,Mojokerto,-7.5271,112.4346
2020-03-27,31.3,23.8,27.4,1.7,1.7,4.08,9.3,19.61,95,66,Mojokerto,-7.5271,112.4346
2020-03-28,29.8,24.6,26.6,6.8,6.8,3.21,6.4,15.95,99,75,Mojokerto,-7.5271,112.4346
2020-03-29,29.9,24.5,26.2,9.5,9.5,2.88,9.5,14.52,99,75,Mojokerto,-7.5271,112.4346
2020-03-30,31.2,24.0,26.5,13.6,13.6,3.95,9.0,19.72,98,67,Mojokerto,-7.5271,112.4346
2020-03-31,30.1,23.9,26.1,13.1,13.1,3.75,17.1,19.34,99,72,Mojokerto,-7.5271,112.4346
2020-04-01,29.0,24.0,26.1,5.1,5.1,2.96,12.1,15.07,98,78,Mojokerto,-7.5271,112.4346
2020-04-02,29.5,25.0,26.5,5.3,5.3,3.47,11.6,17.6,97,77,Mojokerto,-7.5271,112.4346
2020-04-03,31.3,24.3,26.7,8.1,8.1,3.85,13.9,18.96,99,67,Mojokerto,-7.5271,112.4346
2020-04-04,30.1,23.2,26.2,8.0,8.0,3.22,8.7,15.63,100,72,Mojokerto,-7.5271,112.4346
2020-04-05,29.4,23.9,26.0,26.7,26.7,2.9,7.9,14.21,99,79,Mojokerto,-7.5271,112.4346
2020-04-06,27.9,23.6,25.4,22.1,22.1,2.28,7.1,11.39,99,81,Mojokerto,-7.5271,112.4346
2020-04-07,30.5,23.6,26.0,15.9,15.9,3.54,9.5,17.41,97,67,Mojokerto,-7.5271,112.4346
2020-04-08,30.7,23.6,26.3,11.8,11.8,4.02,7.4,19.5,99,55,Mojokerto,-7.5271,112.4346
2020-04-09,30.5,23.6,26.7,3.7,3.7,4.16,6.6,20.43,100,69,Mojokerto,-7.5271,112.4346
2020-04-10,31.0,23.6,26.9,2.1,2.1,4.23,7.1,20.76,99,66,Mojokerto,-7.5271,112.4346
2020-04-11,30.5,23.9,25.9,9.7,9.7,3.49,7.2,17.36,100,70,Mojokerto,-7.5271,112.4346
2020-04-12,30.0,23.7,26.2,3.4,3.4,3.76,7.1,18.75,99,71,Mojokerto,-7.5271,112.4346
2020-04-13,30.8,23.4,26.2,6.5,6.5,4.21,8.3,20.93,97,63,Mojokerto,-7.5271,112.4346
2020-04-14,30.6,24.0,26.2,14.0,14.0,3.62,12.7,17.83,97,70,Mojokerto,-7.5271,112.4346
2020-04-15,31.1,24.8,27.1,6.4,6.4,3.86,10.4,18.96,99,66,Mojokerto,-7.5271,112.4346
2020-04-16,30.6,23.6,27.0,0.9,0.9,4.15,7.6,20.42,99,71,Mojokerto,-7.5271,112.4346
2020-04-17,28.5,24.1,26.0,8.3,8.3,2.8,11.0,14.22,98,80,Mojokerto,-7.5271,112.4346
2020-04-18,29.9,23.6,26.1,4.8,4.8,3.21,12.7,16.52,99,75,Mojokerto,-7.5271,112.4346
2020-04-19,28.1,23.9,26.1,3.5,3.5,2.95,7.2,14.86,100,78,Mojokerto,-7.5271,112.4346
2020-04-20,31.5,24.5,27.0,4.1,4.1,3.67,9.3,18.06,99,69,Mojokerto,-7.5271,112.4346
2020-04-21,30.6,24.2,27.0,2.4,2.4,3.78,12.7,18.85,93,70,Mojokerto,-7.5271,112.4346
2020-04-22,32.2,23.8,27.7,0.3,0.3,4.55,16.4,21.74,91,59,Mojokerto,-7.5271,112.4346
2020-04-23,31.6,24.2,27.6,0.7,0.7,4.3,10.7,20.54,94,64,Mojokerto,-7.5271,112.4346
2020-04-24,32.2,22.8,27.2,0.1,0.1,4.56,8.4,22.21,95,57,Mojokerto,-7.5271,112.4346
2020-04-25,32.0,23.9,27.5,0.2,0.2,4.19,6.7,19.85,96,57,Mojokerto,-7.5271,112.4346
2020-04-26,29.1,24.2,26.3,2.1,2.1,2.07,7.8,9.84,95,75,Mojokerto,-7.5271,112.4346
2020-04-27,31.2,23.8,27.3,0.3,0.3,4.3,10.3,20.6,97,59,Mojokerto,-7.5271,112.4346
2020-04-28,30.4,24.1,26.7,2.2,2.2,3.26,12.4,15.58,96,63,Mojokerto,-7.5271,112.4346
2020-04-29,31.2,23.6,26.8,5.4,5.4,3.86,6.9,18.71,100,65,Mojokerto,-7.5271,112.4346
2020-04-30,30.7,24.6,27.0,7.2,7.2,3.43,8.8,16.63,98,67,Mojokerto,-7.5271,112.4346
2020-05-01,31.3,24.0,27.4,0.3,0.3,4.18,5.3,20.2,90,58,Mojokerto,-7.5271,112.4346
2020-05-02,31.1,24.1,27.1,1.0,1.0,4.07,8.1,19.48,93,58,Mojokerto,-7.5271,112.4346
2020-05-03,30.5,23.5,26.6,0.9,0.9,3.14,15.5,14.66,96,66,Mojokerto,-7.5271,112.4346
2020-05-04,32.3,24.1,27.7,0.0,0.0,4.57,18.2,20.69,89,56,Mojokerto,-7.5271,112.4346
2020-05-05,32.5,23.8,27.9,0.4,0.4,4.34,12.2,20.24,92,56,Mojokerto,-7.5271,112.4346
2020-05-06,32.2,23.9,28.0,0.3,0.3,4.21,6.0,20.13,91,55,Mojokerto,-7.5271,112.4346
2020-05-07,33.8,23.8,28.2,0.0,0.0,4.97,16.5,22.18,90,47,Mojokerto,-7.5271,112.4346
2020-05-08,33.2,24.1,28.3,1.9,1.9,4.4,9.0,20.44,88,58,Mojokerto,-7.5271,112.4346
2020-05-09,31.2,24.6,27.1,3.6,3.6,2.52,9.5,11.43,98,63,Mojokerto,-7.5271,112.4346
2020-05-10,31.6,24.2,27.4,2.3,2.3,4.27,18.4,19.54,99,58,Mojokerto,-7.5271,112.4346
2020-05-11,31.2,24.4,27.3,2.9,2.9,3.56,11.2,16.92,94,62,Mojokerto,-7.5271,112.4346
2020-05-12,31.6,24.5,27.4,0.5,0.5,3.51,10.3,15.98,97,48,Mojokerto,-7.5271,112.4346
2020-05-13,32.0,23.5,27.6,0.3,0.3,4.21,6.8,19.97,89,51,Mojokerto,-7.5271,112.4346
2020-05-14,32.2,23.6,27.7,0.7,0.7,3.99,8.0,18.91,92,53,Mojokerto,-7.5271,112.4346
2020-05-15,33.7,23.1,27.9,0.0,0.0,4.66,15.3,21.2,95,47,Mojokerto,-7.5271,112.4346
2020-05-16,33.6,23.4,28.1,2.1,2.1,4.45,7.9,20.75,94,50,Mojokerto,-7.5271,112.4346
2020-05-17,32.2,23.6,27.6,5.1,5.1,3.9,7.7,18.61,96,61,Mojokerto,-7.5271,112.4346
2020-05-18,32.8,24.0,26.9,9.9,9.9,3.28,13.2,15.7,99,61,Mojokerto,-7.5271,112.4346
2020-05-19,31.4,24.0,26.9,1.9,1.9,3.3,5.9,15.7,99,63,Mojokerto,-7.5271,112.4346
2020-05-20,32.3,24.1,27.1,0.5,0.5,4.08,18.5,19.42,95,57,Mojokerto,-7.5271,112.4346
2020-05-21,30.0,24.2,26.5,5.1,5.1,2.7,8.0,13.11,99,71,Mojokerto,-7.5271,112.4346
2020-05-22,31.4,23.6,26.9,0.1,0.1,3.53,13.0,16.93,95,63,Mojokerto,-7.5271,112.4346
2020-05-23,33.2,23.0,27.6,0.0,0.0,4.39,18.7,20.15,92,52,Mojokerto,-7.5271,112.4346
2020-05-24,33.5,25.0,28.2,0.0,0.0,4.1,9.2,19.27,95,52,Mojokerto,-7.5271,112.4346
2020-05-25,31.4,24.4,27.7,7.1,7.1,3.58,6.6,17.27,98,67,Mojokerto,-7.5271,112.4346
2020-05-26,31.0,24.7,26.7,18.2,18.2,3.1,11.7,15.15,100,71,Mojokerto,-7.5271,112.4346
2020-05-27,30.0,24.2,26.0,10.6,10.6,2.82,6.1,14.07,99,71,Mojokerto,-7.5271,112.4346
2020-05-28,28.6,23.8,25.5,12.6,12.6,2.26,12.7,11.3,98,82,Mojokerto,-7.5271,112.4346
2020-05-29,30.1,23.8,26.1,2.1,2.1,3.24,6.6,15.89,98,66,Mojokerto,-7.5271,112.4346
2020-05-30,31.4,23.6,27.1,1.2,1.2,4.01,13.8,19.3,93,63,Mojokerto,-7.5271,112.4346
2020-05-31,29.1,24.1,26.3,1.4,1.4,2.9,11.5,14.51,97,76,Mojokerto,-7.5271,112.4346
2020-06-01,29.5,23.7,26.6,1.3,1.3,2.55,6.8,12.29,96,73,Mojokerto,-7.5271,112.4346
2020-06-02,28.8,23.6,26.2,3.9,3.9,2.53,7.3,12.43,97,74,Mojokerto,-7.5271,112.4346
2020-06-03,31.5,23.5,26.8,0.0,0.0,4.43,22.1,19.45,93,56,Mojokerto,-7.5271,112.4346
2020-06-04,31.3,21.5,26.3,0.5,0.5,4.2,14.8,19.38,91,55,Mojokerto,-7.5271,112.4346
2020-06-05,30.9,22.1,26.4,0.6,0.6,3.78,7.7,18.39,94,56,Mojokerto,-7.5271,112.4346
2020-06-06,31.4,22.5,26.5,6.1,6.1,3.54,8.5,17.18,92,58,Mojokerto,-7.5271,112.4346
2020-06-07,30.8,23.5,26.3,3.3,3.3,3.42,9.3,16.69,100,62,Mojokerto,-7.5271,112.4346
2020-06-08,30.4,22.6,26.3,1.1,1.1,3.49,6.6,17.12,96,61,Mojokerto,-7.5271,112.4346
2020-06-09,31.5,22.6,26.9,0.0,0.0,3.94,6.6,18.98,89,50,Mojokerto,-7.5271,112.4346
2020-06-10,32.0,22.2,26.4,0.0,0.0,4.35,15.5,19.97,90,49,Mojokerto,-7.5271,112.4346
2020-06-11,31.5,21.8,26.4,0.1,0.1,4.06,9.8,19.4,90,51,Mojokerto,-7.5271,112.4346
2020-06-12,31.9,21.5,26.6,0.0,0.0,4.09,6.7,19.76,93,50,Mojokerto,-7.5271,112.4346
2020-06-13,32.3,21.5,27.2,0.0,0.0,4.27,7.2,20.4,92,50,Mojokerto,-7.5271,112.4346
2020-06-14,31.4,24.1,27.0,1.8,1.8,3.21,13.3,14.58,94,60,Mojokerto,-7.5271,112.4346
2020-06-15,31.8,24.0,27.2,4.1,4.1,3.39,9.8,15.97,98,60,Mojokerto,-7.5271,112.4346
2020-06-16,32.8,23.2,27.3,0.0,0.0,4.26,13.1,19.34,97,50,Mojokerto,-7.5271,112.4346
2020-06-17,33.6,21.8,27.5,0.5,0.5,4.24,8.4,19.84,91,41,Mojokerto,-7.5271,112.4346
2020-06-18,32.5,22.8,27.1,1.7,1.7,3.87,7.7,18.6,94,51,Mojokerto,-7.5271,112.4346
2020-06-19,33.0,22.4,27.6,0.1,0.1,4.09,7.9,19.23,91,47,Mojokerto,-7.5271,112.4346
2020-06-20,33.5,22.5,27.7,0.4,0.4,4.25,7.0,20.02,87,42,Mojokerto,-7.5271,112.4346
2020-06-21,33.2,22.5,27.5,1.6,1.6,3.8,9.7,17.42,92,45,Mojokerto,-7.5271,112.4346
2020-06-22,32.7,23.2,27.3,0.2,0.2,4.08,9.5,18.55,89,47,Mojokerto,-7.5271,112.4346
2020-06-23,33.0,22.4,27.2,0.0,0.0,4.23,12.4,19.21,93,42,Mojokerto,-7.5271,112.4346
2020-06-24,32.5,23.2,27.2,1.8,1.8,3.96,9.4,18.23,93,52,Mojokerto,-7.5271,112.4346
2020-06-25,31.8,22.8,27.1,0.0,0.0,4.01,11.1,18.48,92,47,Mojokerto,-7.5271,112.4346
2020-06-26,32.2,21.1,26.5,0.0,0.0,4.13,8.7,19.93,92,46,Mojokerto,-7.5271,112.4346
2020-06-27,33.2,20.3,26.5,0.0,0.0,4.45,8.3,20.75,89,38,Mojokerto,-7.5271,112.4346
2020-06-28,33.5,21.5,27.0,0.0,0.0,4.37,8.9,20.05,88,39,Mojokerto,-7.5271,112.4346
2020-06-29,32.8,22.0,27.1,0.2,0.2,4.16,10.3,19.45,91,45,Mojokerto,-7.5271,112.4346
2020-06-30,32.7,22.0,27.2,0.0,0.0,4.44,12.2,20.25,92,47,Mojokerto,-7.5271,112.4346
2020-07-01,34.0,21.8,27.5,0.0,0.0,4.44,12.1,20.01,85,37,Mojokerto,-7.5271,112.4346
2020-07-02,34.2,22.0,27.8,0.0,0.0,4.24,7.7,19.09,88,42,Mojokerto,-7.5271,112.4346
2020-07-03,34.1,22.2,27.3,0.0,0.0,4.89,18.3,20.98,89,31,Mojokerto,-7.5271,112.4346
2020-07-04,33.2,21.6,26.7,0.0,0.0,5.13,22.5,20.54,90,34,Mojokerto,-7.5271,112.4346
2020-07-05,33.8,21.8,27.3,0.0,0.0,4.9,20.1,19.62,80,38,Mojokerto,-7.5271,112.4346
2020-07-06,30.4,23.5,26.1,3.8,3.8,2.55,13.3,11.82,99,58,Mojokerto,-7.5271,112.4346
2020-07-07,30.9,23.0,25.9,2.5,2.5,3.23,10.2,15.29,100,59,Mojokerto,-7.5271,112.4346
2020-07-08,32.7,22.0,27.1,0.0,0.0,4.27,8.2,20.12,90,45,Mojokerto,-7.5271,112.4346
2020-07-09,33.3,22.9,27.4,0.1,0.1,4.39,10.5,19.9,89,42,Mojokerto,-7.5271,112.4346
2020-07-10,32.5,23.1,27.6,0.5,0.5,4.11,9.2,19.3,87,48,Mojokerto,-7.5271,112.4346
2020-07-11,33.0,22.7,27.5,0.0,0.0,4.3,7.2,20.15,87,46,Mojokerto,-7.5271,112.4346
2020-07-12,33.2,22.6,27.5,1.2,1.2,4.23,11.5,19.08,88,43,Mojokerto,-7.5271,112.4346
2020-07-13,34.6,22.5,27.9,0.0,0.0,4.76,11.5,20.83,86,36,Mojokerto,-7.5271,112.4346
2020-07-14,33.6,22.5,27.7,0.2,0.2,4.58,16.6,20.03,88,43,Mojokerto,-7.5271,112.4346
2020-07-15,31.5,22.9,26.8,1.3,1.3,3.66,9.2,16.92,92,52,Mojokerto,-7.5271,112.4346
2020-07-16,32.4,23.2,27.1,0.0,0.0,4.29,11.8,19.44,91,50,Mojokerto,-7.5271,112.4346
2020-07-17,33.7,21.9,27.3,0.0,0.0,4.71,13.3,21.07,87,42,Mojokerto,-7.5271,112.4346
2020-07-18,34.3,22.9,27.9,0.0,0.0,4.79,16.7,20.72,92,37,Mojokerto,-7.5271,112.4346
2020-07-19,34.3,22.0,28.1,0.0,0.0,4.47,7.6,20.3,85,39,Mojokerto,-7.5271,112.4346
2020-07-20,33.0,24.2,28.2,0.4,0.4,4.09,9.7,18.01,87,46,Mojokerto,-7.5271,112.4346
2020-07-21,33.2,24.0,27.6,2.2,2.2,4.17,15.8,18.45,93,46,Mojokerto,-7.5271,112.4346
2020-07-22,34.5,22.5,27.9,0.0,0.0,4.82,13.4,20.7,93,37,Mojokerto,-7.5271,112.4346
2020-07-23,33.5,22.5,28.1,0.2,0.2,4.4,6.9,19.85,93,40,Mojokerto,-7.5271,112.4346
2020-07-24,33.3,22.9,27.5,0.0,0.0,4.6,13.6,20.2,87,36,Mojokerto,-7.5271,112.4346
2020-07-25,33.2,20.9,26.9,0.0,0.0,4.55,8.1,20.58,86,33,Mojokerto,-7.5271,112.4346
2020-07-26,33.3,20.8,26.5,0.0,0.0,4.91,12.8,22.09,82,30,Mojokerto,-7.5271,112.4346
2020-07-27,33.2,19.8,26.6,0.0,0.0,4.89,8.7,22.04,79,32,Mojokerto,-7.5271,112.4346
2020-07-28,34.0,21.5,27.3,0.0,0.0,4.61,8.4,20.93,89,35,Mojokerto,-7.5271,112.4346
2020-07-29,32.3,21.2,26.9,0.5,0.5,4.49,8.2,19.92,92,38,Mojokerto,-7.5271,112.4346
2020-07-30,33.4,20.1,26.4,0.0,0.0,5.3,16.3,23.08,75,24,Mojokerto,-7.5271,112.4346
2020-07-31,34.2,20.1,26.8,0.0,0.0,4.62,9.5,20.57,81,35,Mojokerto,-7.5271,112.4346
2020-08-01,34.1,22.8,27.6,0.0,0.0,4.61,10.8,20.72,83,37,Mojokerto,-7.5271,112.4346
2020-08-02,32.8,21.7,26.8,0.0,0.0,4.68,9.6,21.5,87,41,Mojokerto,-7.5271,112.4346
2020-08-03,33.5,21.0,26.9,0.0,0.0,5.31,19.2,22.25,80,34,Mojokerto,-7.5271,112.4346
2020-08-04,32.0,23.2,26.5,0.4,0.4,3.09,10.3,13.06,84,46,Mojokerto,-7.5271,112.4346
2020-08-05,33.4,22.8,27.8,0.3,0.3,4.12,8.2,18.71,91,45,Mojokerto,-7.5271,112.4346
2020-08-06,33.0,23.4,27.9,0.7,0.7,4.35,9.9,19.31,81,47,Mojokerto,-7.5271,112.4346
2020-08-07,33.8,22.5,27.5,0.0,0.0,4.15,9.8,18.11,81,36,Mojokerto,-7.5271,112.4346
2020-08-08,33.9,22.6,27.7,0.0,0.0,4.75,17.3,20.03,83,40,Mojokerto,-7.5271,112.4346
2020-08-09,34.5,22.5,28.0,0.0,0.0,5.11,19.3,21.72,85,38,Mojokerto,-7.5271,112.4346
2020-08-10,34.6,22.5,28.1,0.0,0.0,5.17,19.7,20.92,83,38,Mojokerto,-7.5271,112.4346
2020-08-11,33.8,23.0,27.9,0.1,0.1,4.4,18.1,17.64,88,45,Mojokerto,-7.5271,112.4346
2020-08-12,34.2,23.8,28.0,0.3,0.3,4.26,14.1,17.0,99,40,Mojokerto,-7.5271,112.4346
2020-08-13,34.4,23.5,28.2,1.4,1.4,4.47,5.5,20.6,94,41,Mojokerto,-7.5271,112.4346
2020-08-14,34.9,23.3,28.4,0.9,0.9,4.54,6.9,20.74,87,40,Mojokerto,-7.5271,112.4346
2020-08-15,35.0,23.1,28.6,0.1,0.1,4.92,12.7,21.29,88,37,Mojokerto,-7.5271,112.4346
2020-08-16,35.3,23.6,28.6,0.1,0.1,5.11,13.4,22.11,86,29,Mojokerto,-7.5271,112.4346
2020-08-17,36.1,22.6,28.7,0.0,0.0,6.05,22.5,22.96,90,24,Mojokerto,-7.5271,112.4346
2020-08-18,35.8,22.3,28.5,0.0,0.0,5.33,13.3,22.23,87,32,Mojokerto,-7.5271,112.4346
2020-08-19,35.0,23.1,28.5,0.0,0.0,5.06,13.9,21.45,86,34,Mojokerto,-7.5271,112.4346
2020-08-20,34.8,22.0,28.0,0.0,0.0,5.62,25.6,20.75,87,35,Mojokerto,-7.5271,112.4346
2020-08-21,34.9,20.5,28.0,0.0,0.0,7.18,26.9,23.74,75,25,Mojokerto,-7.5271,112.4346
2020-08-22,36.0,21.5,28.4,0.0,0.0,6.37,19.8,23.68,83,21,Mojokerto,-7.5271,112.4346
2020-08-23,36.2,22.7,28.8,0.1,0.1,5.5,13.6,22.86,85,33,Mojokerto,-7.5271,112.4346
2020-08-24,36.0,22.0,28.3,0.0,0.0,7.0,30.3,24.56,94,19,Mojokerto,-7.5271,112.4346
2020-08-25,36.1,22.0,28.4,0.0,0.0,6.11,21.1,24.25,88,23,Mojokerto,-7.5271,112.4346
2020-08-26,35.9,22.8,28.5,0.0,0.0,5.65,15.1,23.22,88,28,Mojokerto,-7.5271,112.4346
2020-08-27,35.0,20.8,27.4,0.0,0.0,5.94,21.9,24.81,82,28,Mojokerto,-7.5271,112.4346
2020-08-28,35.3,21.9,28.2,0.0,0.0,6.06,23.7,22.46,80,32,Mojokerto,-7.5271,112.4346
2020-08-29,35.5,23.1,28.4,0.7,0.7,4.92,13.8,21.59,87,38,Mojokerto,-7.5271,112.4346
2020-08-30,35.5,21.8,27.9,0.0,0.0,5.83,21.9,24.14,90,28,Mojokerto,-7.5271,112.4346
2020-08-31,35.7,21.7,28.0,0.0,0.0,5.99,22.4,24.53,87,28,Mojokerto,-7.5271,112.4346
2020-09-01,36.0,22.8,29.1,0.0,0.0,5.74,14.7,23.11,86,33,Mojokerto,-7.5271,112.4346
2020-09-02,35.1,23.7,28.9,0.5,0.5,4.89,11.5,21.67,85,38,Mojokerto,-7.5271,112.4346
2020-09-03,36.0,24.1,29.1,0.3,0.3,5.07,11.6,21.11,89,39,Mojokerto,-7.5271,112.4346
2020-09-04,35.3,23.6,29.1,0.1,0.1,5.53,17.9,23.38,92,39,Mojokerto,-7.5271,112.4346
2020-09-05,34.5,23.5,28.5,0.8,0.8,4.96,8.6,22.99,94,42,Mojokerto,-7.5271,112.4346
2020-09-06,34.8,23.1,28.7,0.2,0.2,5.2,12.5,22.63,88,35,Mojokerto,-7.5271,112.4346
2020-09-07,36.3,23.1,28.7,0.0,0.0,6.03,21.9,24.51,85,26,Mojokerto,-7.5271,112.4346
2020-09-08,36.5,22.5,28.6,0.0,0.0,6.07,19.3,24.68,87,27,Mojokerto,-7.5271,112.4346
2020-09-09,36.3,23.2,28.8,0.0,0.0,6.11,25.1,23.82,85,27,Mojokerto,-7.5271,112.4346
2020-09-10,34.5,23.4,28.7,0.0,0.0,5.02,8.9,21.92,92,34,Mojokerto,-7.5271,112.4346
2020-09-11,35.5,23.0,28.7,0.4,0.4,5.5,15.6,22.58,80,34,Mojokerto,-7.5271,112.4346
2020-09-12,35.7,23.0,29.1,0.0,0.0,5.57,10.3,23.89,85,32,Mojokerto,-7.5271,112.4346
2020-09-13,35.9,23.8,29.3,0.1,0.1,5.32,9.5,22.75,81,33,Mojokerto,-7.5271,112.4346
2020-09-14,35.6,24.1,29.2,0.0,0.0,6.13,18.8,24.67,79,25,Mojokerto,-7.5271,112.4346
2020-09-15,35.0,22.5,28.5,0.9,0.9,5.87,14.8,24.27,78,32,Mojokerto,-7.5271,112.4346
2020-09-16,35.8,21.5,28.3,0.1,0.1,5.93,14.0,24.69,85,24,Mojokerto,-7.5271,112.4346
2020-09-17,35.3,22.6,28.6,0.0,0.0,6.26,23.6,24.22,81,28,Mojokerto,-7.5271,112.4346
2020-09-18,35.8,22.5,28.9,0.0,0.0,6.85,28.2,25.57,82,27,Mojokerto,-7.5271,112.4346
2020-09-19,36.7,22.8,29.2,0.0,0.0,7.13,29.0,25.29,84,29,Mojokerto,-7.5271,112.4346
2020-09-20,36.2,22.9,29.5,0.0,0.0,6.95,24.4,25.54,86,26,Mojokerto,-7.5271,112.4346
2020-09-21,37.3,23.6,29.9,0.9,0.9,5.7,13.5,23.67,87,31,Mojokerto,-7.5271,112.4346
2020-09-22,34.8,24.5,28.6,1.8,1.8,4.62,12.2,20.33,93,43,Mojokerto,-7.5271,112.4346
2020-09-23,36.9,23.6,29.4,0.1,0.1,5.83,21.6,23.44,96,32,Mojokerto,-7.5271,112.4346
2020-09-24,38.2,23.7,30.0,0.0,0.0,6.75,23.4,25.1,88,23,Mojokerto,-7.5271,112.4346
2020-09-25,36.3,24.5,30.1,0.3,0.3,5.28,9.2,22.4,79,31,Mojokerto,-7.5271,112.4346
2020-09-26,37.3,23.3,29.9,1.3,1.3,5.69,9.3,24.19,90,30,Mojokerto,-7.5271,112.4346
2020-09-27,37.6,23.5,30.0,1.3,1.3,5.76,12.2,23.67,90,31,Mojokerto,-7.5271,112.4346
2020-09-28,36.5,24.8,30.3,0.7,0.7,5.67,11.8,23.35,77,31,Mojokerto,-7.5271,112.4346
2020-09-29,37.8,24.1,30.0,0.0,0.0,6.66,21.8,25.64,81,22,Mojokerto,-7.5271,112.4346
2020-09-30,36.2,23.8,29.7,0.2,0.2,6.29,23.2,24.5,84,32,Mojokerto,-7.5271,112.4346
2020-10-01,38.2,23.1,30.3,0.0,0.0,6.57,17.7,25.55,90,25,Mojokerto,-7.5271,112.4346
2020-10-02,38.6,24.3,30.4,4.4,4.4,6.59,19.3,25.36,91,24,Mojokerto,-7.5271,112.4346
2020-10-03,36.3,24.8,29.6,0.4,0.4,6.58,24.0,25.6,97,26,Mojokerto,-7.5271,112.4346
2020-10-04,35.7,24.3,29.1,1.5,1.5,5.18,10.1,22.28,84,35,Mojokerto,-7.5271,112.4346
2020-10-05,33.2,23.9,27.9,3.0,3.0,4.15,11.3,18.48,86,46,Mojokerto,-7.5271,112.4346
2020-10-06,35.6,23.7,28.6,2.7,2.7,4.66,9.2,19.74,88,38,Mojokerto,-7.5271,112.4346
2020-10-07,33.2,24.5,28.5,0.0,0.0,4.64,13.0,19.91,82,44,Mojokerto,-7.5271,112.4346
2020-10-08,35.3,24.5,28.7,1.6,1.6,5.03,9.4,21.75,81,39,Mojokerto,-7.5271,112.4346
2020-10-09,37.2,24.0,29.8,0.0,0.0,5.89,13.5,22.77,82,31,Mojokerto,-7.5271,112.4346
2020-10-10,35.5,24.4,27.6,9.3,9.3,3.7,16.2,16.05,99,40,Mojokerto,-7.5271,112.4346
2020-10-11,35.3,23.2,28.5,0.4,0.4,6.04,23.0,25.15,99,37,Mojokerto,-7.5271,112.4346
2020-10-12,35.5,24.0,29.0,1.2,1.2,5.76,20.6,23.37,95,34,Mojokerto,-7.5271,112.4346
2020-10-13,35.6,23.1,28.8,0.0,0.0,6.36,25.2,25.34,96,35,Mojokerto,-7.5271,112.4346
2020-10-14,36.8,22.6,29.3,1.5,1.5,5.52,13.8,23.65,90,30,Mojokerto,-7.5271,112.4346
2020-10-15,37.8,24.1,30.0,0.8,0.8,5.68,9.9,22.66,78,25,Mojokerto,-7.5271,112.4346
2020-10-16,35.0,24.6,29.4,0.2,0.2,4.83,9.5,20.53,88,40,Mojokerto,-7.5271,112.4346
2020-10-17,35.9,24.6,29.7,0.1,0.1,4.95,8.2,21.2,81,31,Mojokerto,-7.5271,112.4346
2020-10-18,35.8,23.4,29.2,0.0,0.0,5.09,19.3,18.08,86,31,Mojokerto,-7.5271,112.4346
2020-10-19,33.9,24.3,27.0,6.6,6.6,3.15,21.6,11.98,99,40,Mojokerto,-7.5271,112.4346
2020-10-20,32.5,23.7,27.3,7.0,7.0,4.5,22.1,19.77,100,53,Mojokerto,-7.5271,112.4346
2020-10-21,33.8,24.4,27.1,7.6,7.6,3.77,13.2,17.2,99,48,Mojokerto,-7.5271,112.4346
2020-10-22,34.0,24.2,28.0,2.6,2.6,4.84,11.2,22.2,99,45,Mojokerto,-7.5271,112.4346
2020-10-23,32.7,23.8,27.2,4.9,4.9,4.19,11.5,19.36,98,54,Mojokerto,-7.5271,112.4346
2020-10-24,34.0,23.9,28.2,0.8,0.8,4.99,9.9,22.77,95,43,Mojokerto,-7.5271,112.4346
2020-10-25,33.7,24.5,28.0,2.7,2.7,4.74,9.7,21.99,92,51,Mojokerto,-7.5271,112.4346
2020-10-26,34.7,24.5,27.8,2.9,2.9,4.32,7.1,19.7,96,45,Mojokerto,-7.5271,112.4346
2020-10-27,31.0,23.5,25.8,21.3,21.3,3.25,7.9,15.79,99,61,Mojokerto,-7.5271,112.4346
2020-10-28,32.7,23.1,27.3,0.2,0.2,5.09,7.1,24.56,100,57,Mojokerto,-7.5271,112.4346
2020-10-29,34.2,23.2,28.2,0.0,0.0,5.32,14.2,23.17,91,43,Mojokerto,-7.5271,112.4346
2020-10-30,32.2,24.0,27.4,0.3,0.3,4.31,23.0,19.1,88,54,Mojokerto,-7.5271,112.4346
2020-10-31,31.0,23.4,26.0,99.6,99.6,2.99,12.7,13.92,100,60,Mojokerto,-7.5271,112.4346
2020-11-01,28.9,23.3,25.5,62.1,62.1,2.8,6.2,13.6,100,70,Mojokerto,-7.5271,112.4346
2020-11-02,28.4,23.5,25.3,16.6,16.6,2.6,9.8,12.82,99,79,Mojokerto,-7.5271,112.4346
2020-11-03,30.6,23.5,26.6,2.3,2.3,4.24,18.1,20.36,100,64,Mojokerto,-7.5271,112.4346
2020-11-04,33.5,23.2,27.7,0.0,0.0,5.08,14.2,23.35,93,48,Mojokerto,-7.5271,112.4346
2020-11-05,33.9,23.9,28.2,0.3,0.3,5.59,21.2,24.83,91,44,Mojokerto,-7.5271,112.4346
2020-11-06,34.3,24.0,28.5,0.0,0.0,6.04,19.8,26.44,86,40,Mojokerto,-7.5271,112.4346
2020-11-07,34.0,24.0,28.6,1.1,1.1,5.3,8.7,24.42,93,44,Mojokerto,-7.5271,112.4346
2020-11-08,33.8,23.6,28.4,0.0,0.0,5.21,7.8,24.18,93,40,Mojokerto,-7.5271,112.4346
2020-11-09,35.2,23.3,29.1,0.1,0.1,5.62,8.4,25.18,84,36,Mojokerto,-7.5271,112.4346
2020-11-10,35.0,24.8,29.1,0.7,0.7,5.21,8.0,23.58,83,39,Mojokerto,-7.5271,112.4346
2020-11-11,34.9,24.6,29.0,1.7,1.7,4.95,10.8,22.06,88,43,Mojokerto,-7.5271,112.4346
2020-11-12,35.5,24.0,29.5,0.0,0.0,5.97,23.7,23.48,95,41,Mojokerto,-7.5271,112.4346
2020-11-13,36.2,24.7,29.9,0.6,0.6,5.51,8.9,24.11,85,36,Mojokerto,-7.5271,112.4346
2020-11-14,36.9,25.2,30.6,0.4,0.4,5.4,9.1,22.73,88,29,Mojokerto,-7.5271,112.4346
2020-11-15,36.4,24.9,29.7,0.1,0.1,4.97,16.4,19.07,82,32,Mojokerto,-7.5271,112.4346
2020-11-16,36.8,24.6,29.8,6.1,6.1,5.33,8.7,23.63,91,39,Mojokerto,-7.5271,112.4346
2020-11-17,36.1,24.6,29.4,1.7,1.7,5.08,10.9,22.8,91,41,Mojokerto,-7.5271,112.4346
2020-11-18,37.3,24.5,30.4,0.0,0.0,6.52,17.6,25.1,84,29,Mojokerto,-7.5271,112.4346
2020-11-19,37.2,24.0,29.0,4.9,4.9,4.89,13.3,20.85,97,35,Mojokerto,-7.5271,112.4346
2020-11-20,34.4,24.0,27.3,10.3,10.3,3.47,13.1,15.74,100,50,Mojokerto,-7.5271,112.4346
2020-11-21,33.8,23.6,27.9,4.2,4.2,4.5,10.3,20.47,98,52,Mojokerto,-7.5271,112.4346
2020-11-22,32.5,24.2,26.6,10.2,10.2,3.51,11.1,16.71,98,58,Mojokerto,-7.5271,112.4346
2020-11-23,32.0,23.4,26.3,2.4,2.4,3.49,12.6,16.55,97,58,Mojokerto,-7.5271,112.4346
2020-11-24,30.1,24.1,26.7,1.7,1.7,2.99,12.2,14.22,97,67,Mojokerto,-7.5271,112.4346
2020-11-25,31.4,24.5,26.6,5.3,5.3,3.05,7.9,14.03,93,59,Mojokerto,-7.5271,112.4346
2020-11-26,31.5,24.6,26.7,1.5,1.5,3.06,8.3,14.05,99,57,Mojokerto,-7.5271,112.4346
2020-11-27,30.6,24.0,26.7,2.4,2.4,3.48,14.8,15.87,98,59,Mojokerto,-7.5271,112.4346
2020-11-28,30.8,23.6,26.7,5.0,5.0,3.0,5.4,14.03,99,61,Mojokerto,-7.5271,112.4346
2020-11-29,28.5,23.9,25.6,17.2,17.2,2.21,9.8,10.3,99,72,Mojokerto,-7.5271,112.4346
2020-11-30,27.8,23.6,24.8,10.0,10.0,1.66,12.3,7.61,99,75,Mojokerto,-7.5271,112.4346
2020-12-01,33.5,23.0,27.5,1.6,1.6,5.04,10.3,23.73,94,44,Mojokerto,-7.5271,112.4346
2020-12-02,30.1,24.2,26.2,15.5,15.5,3.06,11.7,14.83,100,68,Mojokerto,-7.5271,112.4346
2020-12-03,31.7,23.5,26.3,24.3,24.3,3.18,9.7,14.87,99,60,Mojokerto,-7.5271,112.4346
2020-12-04,31.2,23.6,26.8,1.2,1.2,3.37,15.6,15.07,100,61,Mojokerto,-7.5271,112.4346
2020-12-05,30.9,23.5,26.0,45.4,45.4,3.11,13.3,14.46,98,65,Mojokerto,-7.5271,112.4346
2020-12-06,28.2,24.0,25.3,24.7,24.7,2.08,12.4,9.66,94,78,Mojokerto,-7.5271,112.4346
2020-12-07,26.8,23.9,24.9,55.6,55.6,1.67,13.8,7.59,95,81,Mojokerto,-7.5271,112.4346
2020-12-08,30.7,23.8,26.2,9.5,9.5,3.65,15.7,16.86,93,68,Mojokerto,-7.5271,112.4346
2020-12-09,27.5,24.0,25.2,9.4,9.4,1.94,12.3,9.1,95,83,Mojokerto,-7.5271,112.4346
2020-12-10,29.0,23.4,25.7,14.8,14.8,2.84,13.0,13.8,96,77,Mojokerto,-7.5271,112.4346
2020-12-11,29.3,24.0,25.6,16.0,16.0,2.77,11.7,13.54,96,76,Mojokerto,-7.5271,112.4346
2020-12-12,28.2,23.4,25.0,27.5,27.5,1.85,8.0,8.47,98,74,Mojokerto,-7.5271,112.4346
2020-12-13,28.5,23.5,25.2,15.0,15.0,2.26,9.7,10.35,98,72,Mojokerto,-7.5271,112.4346
2020-12-14,28.6,23.2,25.0,8.6,8.6,2.25,5.6,10.76,100,73,Mojokerto,-7.5271,112.4346
2020-12-15,29.2,23.5,25.3,16.0,16.0,2.67,10.0,13.11,99,74,Mojokerto,-7.5271,112.4346
2020-12-16,29.1,23.0,25.4,5.1,5.1,2.81,14.3,13.9,99,70,Mojokerto,-7.5271,112.4346
2020-12-17,30.4,23.2,25.9,4.4,4.4,3.45,16.5,16.28,99,65,Mojokerto,-7.5271,112.4346
2020-12-18,29.0,23.3,25.5,11.6,11.6,3.31,15.0,15.84,100,65,Mojokerto,-7.5271,112.4346
2020-12-19,30.6,23.2,26.7,0.6,0.6,3.87,21.5,16.85,92,60,Mojokerto,-7.5271,112.4346
2020-12-20,30.5,24.0,27.1,0.0,0.0,4.92,22.5,20.2,82,54,Mojokerto,-7.5271,112.4346
2020-12-21,31.5,23.9,27.2,0.4,0.4,5.21,18.7,22.06,99,57,Mojokerto,-7.5271,112.4346
2020-12-22,32.5,23.5,27.7,0.0,0.0,5.23,16.7,24.31,98,54,Mojokerto,-7.5271,112.4346
2020-12-23,30.9,23.8,27.2,0.5,0.5,4.62,7.4,22.39,92,59,Mojokerto,-7.5271,112.4346
2020-12-24,32.0,22.9,27.4,0.3,0.3,4.79,7.9,22.6,91,55,Mojokerto,-7.5271,112.4346
2020-12-25,31.2,23.5,26.2,4.1,4.1,3.61,8.7,17.59,99,59,Mojokerto,-7.5271,112.4346
2020-12-26,31.2,23.8,25.9,20.1,20.1,3.43,13.1,16.82,99,62,Mojokerto,-7.5271,112.4346
2020-12-27,31.0,23.8,26.2,3.5,3.5,3.84,14.0,18.99,99,68,Mojokerto,-7.5271,112.4346
2020-12-28,30.9,23.6,26.1,5.8,5.8,3.62,14.5,17.51,99,68,Mojokerto,-7.5271,112.4346
2020-12-29,29.9,23.3,25.3,21.6,21.6,2.87,12.6,14.11,99,71,Mojokerto,-7.5271,112.4346
2020-12-30,27.9,23.2,24.9,32.0,32.0,2.25,9.7,11.02,99,85,Mojokerto,-7.5271,112.4346
2020-12-31,30.0,22.8,25.2,20.7,20.7,3.09,8.3,14.95,99,68,Mojokerto,-7.5271,112.4346
2021-01-01,30.0,23.5,25.4,13.4,13.4,3.0,8.9,14.85,96,73,Mojokerto,-7.5271,112.4346
2021-01-02,28.8,24.1,25.7,7.8,7.8,2.17,10.1,10.17,99,75,Mojokerto,-7.5271,112.4346
2021-01-03,30.9,23.5,26.6,7.2,7.2,3.64,16.3,17.11,99,61,Mojokerto,-7.5271,112.4346
2021-01-04,28.9,23.5,25.9,5.1,5.1,2.84,12.5,13.74,97,75,Mojokerto,-7.5271,112.4346
2021-01-05,30.2,23.0,25.4,35.9,35.9,2.76,9.0,13.51,96,68,Mojokerto,-7.5271,112.4346
2021-01-06,30.0,23.5,25.7,15.3,15.3,3.09,11.2,15.08,99,72,Mojokerto,-7.5271,112.4346
2021-01-07,29.1,23.5,25.3,31.6,31.6,2.37,9.2,11.31,98,74,Mojokerto,-7.5271,112.4346
2021-01-08,28.8,23.6,25.6,3.3,3.3,2.55,8.2,12.46,97,73,Mojokerto,-7.5271,112.4346
2021-01-09,28.0,23.0,25.3,7.8,7.8,2.79,7.5,13.74,98,76,Mojokerto,-7.5271,112.4346
2021-01-10,28.5,24.0,25.5,13.1,13.1,2.51,7.5,12.2,99,79,Mojokerto,-7.5271,112.4346
2021-01-11,28.3,23.2,25.5,13.9,13.9,2.72,12.1,13.95,98,84,Mojokerto,-7.5271,112.4346
2021-01-12,29.2,23.6,25.9,10.2,10.2,3.38,8.7,16.67,96,80,Mojokerto,-7.5271,112.4346
2021-01-13,30.2,23.9,26.8,1.5,1.5,3.56,22.3,15.66,90,62,Mojokerto,-7.5271,112.4346
2021-01-14,29.9,24.4,26.6,1.3,1.3,3.37,16.6,14.99,96,62,Mojokerto,-7.5271,112.4346
2021-01-15,29.8,24.0,26.2,7.5,7.5,3.22,15.0,15.31,96,70,Mojokerto,-7.5271,112.4346
2021-01-16,28.0,23.7,25.4,8.9,8.9,1.58,9.3,6.81,97,75,Mojokerto,-7.5271,112.4346
2021-01-17,30.2,22.9,25.3,17.9,17.9,3.27,12.5,16.18,98,67,Mojokerto,-7.5271,112.4346
2021-01-18,29.0,23.2,24.8,37.0,37.0,2.25,12.3,11.18,97,73,Mojokerto,-7.5271,112.4346
2021-01-19,26.5,23.2,24.5,17.8,17.8,1.98,14.1,9.25,96,80,Mojokerto,-7.5271,112.4346
2021-01-20,30.1,23.6,25.9,4.3,4.3,3.27,14.2,15.16,96,67,Mojokerto,-7.5271,112.4346
2021-01-21,30.4,23.2,26.1,2.5,2.5,3.83,13.8,19.11,98,68,Mojokerto,-7.5271,112.4346
2021-01-22,30.3,23.0,25.9,1.4,1.4,3.49,15.8,17.29,97,64,Mojokerto,-7.5271,112.4346
2021-01-23,29.9,23.1,26.0,1.6,1.6,3.41,10.6,16.52,97,66,Mojokerto,-7.5271,112.4346
2021-01-24,29.5,23.5,25.3,13.7,13.7,2.83,12.5,14.18,98,72,Mojokerto,-7.5271,112.4346
2021-01-25,28.4,23.0,24.6,14.6,14.6,2.21,10.8,10.81,99,80,Mojokerto,-7.5271,112.4346
2021-01-26,30.2,22.0,25.4,1.9,1.9,3.76,19.8,18.49,98,65,Mojokerto,-7.5271,112.4346
2021-01-27,27.0,23.2,24.9,7.2,7.2,1.95,11.9,9.71,94,84,Mojokerto,-7.5271,112.4346
2021-01-28,30.1,22.8,25.0,17.8,17.8,3.26,11.7,16.45,98,69,Mojokerto,-7.5271,112.4346
2021-01-29,27.0,23.3,24.6,14.2,14.2,1.97,15.3,9.41,96,82,Mojokerto,-7.5271,112.4346
2021-01-30,26.5,23.3,24.2,9.2,9.2,1.66,20.2,7.78,95,84,Mojokerto,-7.5271,112.4346
2021-01-31,27.4,22.5,24.7,11.3,11.3,2.65,15.8,12.93,96,76,Mojokerto,-7.5271,112.4346
2021-02-01,30.9,23.0,25.7,15.6,15.6,4.01,11.5,19.88,96,67,Mojokerto,-7.5271,112.4346
2021-02-02,28.4,23.7,25.1,18.6,18.6,2.61,14.0,12.75,95,79,Mojokerto,-7.5271,112.4346
2021-02-03,29.5,23.5,25.2,23.8,23.8,2.96,12.6,14.49,95,74,Mojokerto,-7.5271,112.4346
2021-02-04,28.7,23.5,24.9,16.2,16.2,2.86,16.6,14.62,95,75,Mojokerto,-7.5271,112.4346
2021-02-05,27.3,23.4,24.8,15.9,15.9,2.35,14.5,11.52,94,80,Mojokerto,-7.5271,112.4346
2021-02-06,27.7,23.7,25.1,12.0,12.0,2.38,16.5,11.29,93,80,Mojokerto,-7.5271,112.4346
2021-02-07,28.9,23.5,25.5,14.6,14.6,3.21,15.2,15.72,89,75,Mojokerto,-7.5271,112.4346
2021-02-08,27.9,23.8,25.3,13.5,13.5,2.44,13.2,11.26,94,75,Mojokerto,-7.5271,112.4346
2021-02-09,27.8,23.8,25.5,7.6,7.6,3.06,14.0,15.03,94,79,Mojokerto,-7.5271,112.4346
2021-02-10,27.5,23.4,25.0,19.0,19.0,2.24,12.4,11.24,97,80,Mojokerto,-7.5271,112.4346
2021-02-11,30.2,23.5,25.6,7.2,7.2,3.25,12.0,16.3,99,73,Mojokerto,-7.5271,112.4346
2021-02-12,30.7,23.4,25.7,11.6,11.6,3.81,10.7,19.15,97,68,Mojokerto,-7.5271,112.4346
2021-02-13,29.9,23.1,25.6,13.4,13.4,3.89,15.9,20.01,99,71,Mojokerto,-7.5271,112.4346
2021-02-14,29.7,23.2,25.2,20.9,20.9,3.47,11.6,17.49,99,73,Mojokerto,-7.5271,112.4346
2021-02-15,28.9,22.8,25.2,13.9,13.9,3.35,11.8,17.02,96,72,Mojokerto,-7.5271,112.4346
2021-02-16,30.0,23.1,25.4,10.6,10.6,3.82,12.1,19.33,96,73,Mojokerto,-7.5271,112.4346
2021-02-17,29.2,23.0,25.1,7.5,7.5,3.4,17.8,17.28,98,76,Mojokerto,-7.5271,112.4346
2021-02-18,30.9,21.8,25.4,29.0,29.0,4.6,12.9,22.73,96,64,Mojokerto,-7.5271,112.4346
2021-02-19,27.4,23.0,24.6,26.2,26.2,2.31,12.8,11.46,97,83,Mojokerto,-7.5271,112.4346
2021-02-20,28.0,23.4,25.0,23.9,23.9,2.96,16.9,13.72,93,76,Mojokerto,-7.5271,112.4346
2021-02-21,29.6,23.6,26.0,2.6,2.6,4.12,14.2,20.11,95,73,Mojokerto,-7.5271,112.4346
2021-02-22,29.4,22.8,25.6,5.9,5.9,2.91,14.3,14.53,95,74,Mojokerto,-7.5271,112.4346
2021-02-23,29.7,23.4,25.8,3.7,3.7,3.65,16.0,18.13,96,67,Mojokerto,-7.5271,112.4346
2021-02-24,29.2,23.4,25.2,21.8,21.8,2.84,15.2,13.96,97,70,Mojokerto,-7.5271,112.4346
2021-02-25,27.9,23.5,24.9,25.1,25.1,2.59,7.6,12.68,96,81,Mojokerto,-7.5271,112.4346
2021-02-26,29.5,23.0,25.4,16.2,16.2,3.25,15.8,15.96,95,75,Mojokerto,-7.5271,112.4346
2021-02-27,31.0,23.4,25.8,3.4,3.4,3.23,10.3,15.73,98,64,Mojokerto,-7.5271,112.4346
2021-02-28,30.4,23.1,25.8,0.1,0.1,3.14,10.7,14.97,99,63,Mojokerto,-7.5271,112.4346
2021-03-01,31.4,23.1,26.5,3.4,3.4,4.22,14.1,20.4,94,55,Mojokerto,-7.5271,112.4346
2021-03-02,30.0,22.9,25.7,12.7,12.7,3.71,10.8,18.66,98,69,Mojokerto,-7.5271,112.4346
2021-03-03,29.9,23.2,25.7,11.0,11.0,3.62,9.4,17.97,95,70,Mojokerto,-7.5271,112.4346
2021-03-04,29.6,22.5,25.5,6.2,6.2,3.24,10.4,16.02,97,68,Mojokerto,-7.5271,112.4346
2021-03-05,29.9,22.9,25.9,3.7,3.7,3.45,7.3,16.78,97,62,Mojokerto,-7.5271,112.4346
2021-03-06,27.7,23.2,25.2,34.0,34.0,3.02,7.6,15.1,98,81,Mojokerto,-7.5271,112.4346
2021-03-07,28.5,22.5,24.8,9.5,9.5,2.44,8.6,11.96,98,71,Mojokerto,-7.5271,112.4346
2021-03-08,29.9,22.5,25.3,28.2,28.2,3.64,12.7,18.37,94,73,Mojokerto,-7.5271,112.4346
2021-03-09,28.5,22.8,25.5,1.9,1.9,3.28,11.0,16.38,94,72,Mojokerto,-7.5271,112.4346
2021-03-10,28.8,23.9,25.5,7.3,7.3,2.75,10.4,13.5,98,72,Mojokerto,-7.5271,112.4346
2021-03-11,29.6,23.8,25.4,38.1,38.1,3.32,11.6,16.11,96,79,Mojokerto,-7.5271,112.4346
2021-03-12,29.5,22.6,25.4,1.7,1.7,3.68,10.5,18.35,98,66,Mojokerto,-7.5271,112.4346
2021-03-13,30.4,23.0,26.0,3.1,3.1,4.25,13.9,21.35,97,64,Mojokerto,-7.5271,112.4346
2021-03-14,30.4,22.5,25.5,5.6,5.6,3.94,9.0,19.71,98,65,Mojokerto,-7.5271,112.4346
2021-03-15,29.9,23.0,25.7,9.8,9.8,3.75,7.3,18.94,98,70,Mojokerto,-7.5271,112.4346
2021-03-16,29.5,23.5,25.8,4.7,4.7,3.85,7.9,19.65,98,74,Mojokerto,-7.5271,112.4346
2021-03-17,31.3,23.7,26.7,2.3,2.3,4.81,6.3,23.73,91,63,Mojokerto,-7.5271,112.4346
2021-03-18,31.6,24.0,26.3,18.1,18.1,4.18,12.9,20.79,95,65,Mojokerto,-7.5271,112.4346
2021-03-19,31.7,23.4,26.8,0.6,0.6,4.86,13.6,23.97,94,63,Mojokerto,-7.5271,112.4346
2021-03-20,30.2,23.6,26.1,12.8,12.8,3.54,14.8,17.65,97,69,Mojokerto,-7.5271,112.4346
2021-03-21,31.5,23.6,26.5,5.8,5.8,4.61,11.9,22.6,98,61,Mojokerto,-7.5271,112.4346
2021-03-22,30.5,23.2,26.0,6.5,6.5,3.49,9.4,17.07,95,66,Mojokerto,-7.5271,112.4346
2021-03-23,30.7,23.7,26.1,7.0,7.0,3.66,8.1,17.93,97,67,Mojokerto,-7.5271,112.4346
2021-03-24,31.0,23.5,27.0,5.1,5.1,4.58,7.0,22.42,98,61,Mojokerto,-7.5271,112.4346
2021-03-25,30.9,23.7,26.4,6.4,6.4,4.19,9.5,20.85,98,67,Mojokerto,-7.5271,112.4346
2021-03-26,31.8,23.0,26.3,2.5,2.5,3.98,5.9,19.55,99,67,Mojokerto,-7.5271,112.4346
2021-03-27,29.7,24.0,25.8,32.1,32.1,3.2,7.8,16.01,98,74,Mojokerto,-7.5271,112.4346
2021-03-28,30.1,23.2,26.1,4.7,4.7,3.88,6.4,19.43,97,73,Mojokerto,-7.5271,112.4346
2021-03-29,30.8,23.5,26.5,5.2,5.2,3.94,7.6,19.47,96,70,Mojokerto,-7.5271,112.4346
2021-03-30,28.4,24.1,25.8,15.3,15.3,2.97,9.2,15.12,98,79,Mojokerto,-7.5271,112.4346
2021-03-31,30.3,23.4,26.1,14.1,14.1,3.6,6.6,17.83,99,69,Mojokerto,-7.5271,112.4346
2021-04-01,30.6,23.9,25.7,27.1,27.1,3.2,9.2,15.74,99,73,Mojokerto,-7.5271,112.4346
2021-04-02,29.0,23.4,26.2,1.5,1.5,2.27,11.0,10.86,99,73,Mojokerto,-7.5271,112.4346
2021-04-03,32.2,23.0,27.4,2.7,2.7,4.98,13.8,22.46,88,60,Mojokerto,-7.5271,112.4346
2021-04-04,30.8,23.4,26.3,18.3,18.3,3.57,10.7,17.04,98,69,Mojokerto,-7.5271,112.4346
2021-04-05,30.5,23.2,26.7,2.8,2.8,3.55,8.4,16.99,95,72,Mojokerto,-7.5271,112.4346
2021-04-06,30.0,24.8,26.2,14.0,14.0,2.66,11.1,12.32,95,72,Mojokerto,-7.5271,112.4346
2021-04-07,28.1,23.4,25.3,9.7,9.7,2.14,10.0,10.23,99,75,Mojokerto,-7.5271,112.4346
2021-04-08,30.0,23.3,26.0,7.1,7.1,3.34,11.6,16.33,95,72,Mojokerto,-7.5271,112.4346
2021-04-09,31.2,23.8,26.7,10.3,10.3,4.1,11.9,19.85,96,70,Mojokerto,-7.5271,112.4346
2021-04-10,29.9,24.0,26.1,3.2,3.2,3.17,10.8,15.95,96,71,Mojokerto,-7.5271,112.4346
2021-04-11,31.2,23.5,26.7,0.7,0.7,4.26,7.3,20.9,96,62,Mojokerto,-7.5271,112.4346
2021-04-12,31.1,24.0,26.6,10.4,10.4,3.91,8.7,19.34,96,67,Mojokerto,-7.5271,112.4346
2021-04-13,30.0,23.9,26.1,3.2,3.2,3.8,9.4,19.02,99,67,Mojokerto,-7.5271,112.4346
2021-04-14,30.0,23.9,26.1,5.5,5.5,3.76,11.5,19.22,97,68,Mojokerto,-7.5271,112.4346
2021-04-15,31.2,22.8,26.2,0.7,0.7,4.45,7.9,22.01,96,60,Mojokerto,-7.5271,112.4346
2021-04-16,31.1,23.3,26.9,1.9,1.9,4.51,5.4,22.13,92,61,Mojokerto,-7.5271,112.4346
2021-04-17,31.5,23.1,26.7,2.2,2.2,4.38,8.4,21.41,93,58,Mojokerto,-7.5271,112.4346
2021-04-18,30.1,22.9,26.3,0.3,0.3,3.8,13.5,18.5,94,65,Mojokerto,-7.5271,112.4346
2021-04-19,31.5,23.4,27.0,0.8,0.8,4.36,7.1,21.34,94,57,Mojokerto,-7.5271,112.4346
2021-04-20,30.4,22.3,26.5,1.5,1.5,4.33,8.0,21.03,93,54,Mojokerto,-7.5271,112.4346
2021-04-21,31.2,22.8,26.9,0.0,0.0,4.84,11.3,22.99,84,53,Mojokerto,-7.5271,112.4346
2021-04-22,31.4,23.0,26.8,0.3,0.3,4.75,9.0,23.18,87,49,Mojokerto,-7.5271,112.4346
2021-04-23,30.7,22.4,26.5,0.3,0.3,4.25,7.7,20.34,92,56,Mojokerto,-7.5271,112.4346
2021-04-24,31.2,22.2,26.8,0.4,0.4,4.45,5.0,21.83,89,55,Mojokerto,-7.5271,112.4346
2021-04-25,32.1,23.3,27.1,0.0,0.0,4.51,12.2,20.75,93,49,Mojokerto,-7.5271,112.4346
2021-04-26,32.9,22.3,27.0,0.0,0.0,5.21,15.9,23.73,92,44,Mojokerto,-7.5271,112.4346
2021-04-27,32.3,22.8,27.4,0.0,0.0,4.63,9.3,21.86,89,49,Mojokerto,-7.5271,112.4346
2021-04-28,30.8,23.0,26.3,3.0,3.0,3.68,10.8,18.18,99,56,Mojokerto,-7.5271,112.4346
2021-04-29,31.5,23.8,26.9,3.7,3.7,4.14,12.5,19.98,96,56,Mojokerto,-7.5271,112.4346
2021-04-30,32.2,23.5,27.0,0.7,0.7,4.05,8.6,19.34,94,58,Mojokerto,-7.5271,112.4346
2021-05-01,32.2,23.1,27.3,0.0,0.0,4.27,9.0,19.59,91,49,Mojokerto,-7.5271,112.4346
2021-05-02,32.3,23.6,27.4,0.7,0.7,4.4,17.6,20.31,87,59,Mojokerto,-7.5271,112.4346
2021-05-03,33.0,23.1,27.5,0.0,0.0,5.12,21.3,22.3,91,48,Mojokerto,-7.5271,112.4346
2021-05-04,33.0,23.1,27.7,0.3,0.3,4.61,16.4,20.49,92,53,Mojokerto,-7.5271,112.4346
2021-05-05,32.6,23.6,27.7,0.3,0.3,4.28,7.7,20.13,92,55,Mojokerto,-7.5271,112.4346
2021-05-06,32.9,23.7,28.0,0.2,0.2,4.42,8.7,20.28,84,51,Mojokerto,-7.5271,112.4346
2021-05-07,32.0,24.5,27.2,19.5,19.5,3.44,10.3,16.34,93,59,Mojokerto,-7.5271,112.4346
2021-05-08,30.3,24.0,26.3,2.5,2.5,3.28,7.6,16.07,99,66,Mojokerto,-7.5271,112.4346
2021-05-09,31.5,23.0,27.1,0.0,0.0,4.18,9.4,19.44,87,53,Mojokerto,-7.5271,112.4346
2021-05-10,32.5,23.1,27.4,0.0,0.0,4.6,7.3,21.87,87,52,Mojokerto,-7.5271,112.4346
2021-05-11,33.2,22.5,27.8,0.1,0.1,4.66,11.4,21.38,85,47,Mojokerto,-7.5271,112.4346
2021-05-12,33.5,23.5,27.7,0.0,0.0,4.62,8.3,21.57,93,43,Mojokerto,-7.5271,112.4346
2021-05-13,32.9,22.2,27.2,0.0,0.0,4.75,12.6,21.56,86,49,Mojokerto,-7.5271,112.4346
2021-05-14,33.3,22.8,27.6,0.0,0.0,4.42,10.5,19.63,88,43,Mojokerto,-7.5271,112.4346
2021-05-15,32.7,23.5,27.8,0.0,0.0,4.5,11.4,20.46,88,51,Mojokerto,-7.5271,112.4346
2021-05-16,33.1,22.7,27.7,0.0,0.0,4.52,12.6,20.53,89,48,Mojokerto,-7.5271,112.4346
2021-05-17,32.8,21.9,27.4,0.1,0.1,4.23,8.0,19.81,86,47,Mojokerto,-7.5271,112.4346
2021-05-18,33.2,23.2,28.0,0.0,0.0,4.39,10.2,20.25,86,47,Mojokerto,-7.5271,112.4346
2021-05-19,31.4,24.0,27.0,0.5,0.5,3.47,9.4,15.89,87,54,Mojokerto,-7.5271,112.4346
2021-05-20,32.7,23.4,26.9,11.5,11.5,3.74,12.2,17.42,99,53,Mojokerto,-7.5271,112.4346
2021-05-21,31.3,23.9,27.1,0.4,0.4,3.79,7.3,18.13,96,61,Mojokerto,-7.5271,112.4346
2021-05-22,31.4,23.4,27.2,0.1,0.1,3.8,7.4,18.39,90,59,Mojokerto,-7.5271,112.4346
2021-05-23,30.8,23.3,26.6,2.0,2.0,3.22,11.2,15.62,96,61,Mojokerto,-7.5271,112.4346
2021-05-24,32.0,24.4,27.5,0.7,0.7,3.59,8.9,17.0,92,57,Mojokerto,-7.5271,112.4346
2021-05-25,31.6,24.6,27.5,0.2,0.2,3.3,6.0,15.36,95,58,Mojokerto,-7.5271,112.4346
2021-05-26,33.1,23.1,27.5,0.0,0.0,4.83,21.9,20.71,89,47,Mojokerto,-7.5271,112.4346
2021-05-27,33.5,23.4,28.1,0.0,0.0,5.04,21.9,21.17,86,47,Mojokerto,-7.5271,112.4346
2021-05-28,32.7,23.7,27.7,0.9,0.9,3.92,14.4,17.55,91,53,Mojokerto,-7.5271,112.4346
2021-05-29,33.3,24.3,27.3,12.4,12.4,3.68,10.0,17.3,97,53,Mojokerto,-7.5271,112.4346
2021-05-30,31.0,23.8,26.8,0.8,0.8,3.33,5.2,16.23,97,60,Mojokerto,-7.5271,112.4346
2021-05-31,30.8,24.3,26.8,1.9,1.9,3.39,5.4,16.47,99,60,Mojokerto,-7.5271,112.4346
2021-06-01,31.4,23.6,27.0,1.0,1.0,3.66,7.1,17.67,97,60,Mojokerto,-7.5271,112.4346
2021-06-02,32.4,23.9,27.4,0.3,0.3,4.15,13.1,18.75,96,56,Mojokerto,-7.5271,112.4346
2021-06-03,33.3,23.9,27.9,0.0,0.0,4.77,17.1,20.43,92,47,Mojokerto,-7.5271,112.4346
2021-06-04,33.5,23.2,27.7,0.0,0.0,4.65,18.2,20.69,95,48,Mojokerto,-7.5271,112.4346
2021-06-05,33.9,23.0,27.8,0.0,0.0,4.68,14.3,20.34,92,43,Mojokerto,-7.5271,112.4346
2021-06-06,33.7,23.6,28.1,0.0,0.0,4.26,10.4,19.51,91,44,Mojokerto,-7.5271,112.4346
2021-06-07,32.5,25.0,28.0,1.3,1.3,3.79,5.9,18.13,91,50,Mojokerto,-7.5271,112.4346
2021-06-08,32.9,23.9,27.7,0.5,0.5,4.0,8.6,18.6,92,47,Mojokerto,-7.5271,112.4346
2021-06-09,32.5,23.6,27.4,0.9,0.9,3.86,8.6,17.94,90,50,Mojokerto,-7.5271,112.4346
2021-06-10,33.2,23.6,27.8,1.3,1.3,3.92,5.9,18.28,87,46,Mojokerto,-7.5271,112.4346
2021-06-11,32.4,23.8,27.4,2.3,2.3,3.8,8.4,17.72,96,56,Mojokerto,-7.5271,112.4346
2021-06-12,31.4,23.2,26.8,2.8,2.8,3.55,9.5,17.25,98,59,Mojokerto,-7.5271,112.4346
2021-06-13,32.6,23.0,27.4,0.0,0.0,4.22,13.5,18.54,87,46,Mojokerto,-7.5271,112.4346
2021-06-14,32.9,23.2,26.5,6.1,6.1,3.16,7.6,15.16,98,52,Mojokerto,-7.5271,112.4346
2021-06-15,32.6,23.0,26.2,7.1,7.1,3.45,17.9,15.9,99,55,Mojokerto,-7.5271,112.4346
2021-06-16,32.6,22.9,27.0,1.2,1.2,4.18,21.2,18.46,99,54,Mojokerto,-7.5271,112.4346
2021-06-17,30.7,23.4,25.8,7.4,7.4,2.7,7.9,13.17,99,59,Mojokerto,-7.5271,112.4346
2021-06-18,31.3,24.3,26.5,1.1,1.1,3.26,6.5,15.82,97,57,Mojokerto,-7.5271,112.4346
2021-06-19,29.8,23.1,25.3,13.2,13.2,2.65,9.0,12.86,98,68,Mojokerto,-7.5271,112.4346
2021-06-20,31.3,22.6,25.8,2.4,2.4,3.44,15.0,16.82,98,62,Mojokerto,-7.5271,112.4346
2021-06-21,29.5,22.8,25.2,7.4,7.4,2.75,10.9,13.85,99,71,Mojokerto,-7.5271,112.4346
2021-06-22,31.1,22.9,26.4,0.7,0.7,3.75,5.6,18.58,97,60,Mojokerto,-7.5271,112.4346
2021-06-23,30.8,22.4,25.4,11.9,11.9,2.87,8.2,14.43,98,64,Mojokerto,-7.5271,112.4346
2021-06-24,29.8,23.2,25.6,8.0,8.0,2.93,13.3,14.65,99,69,Mojokerto,-7.5271,112.4346
2021-06-25,30.7,22.1,25.9,0.0,0.0,3.33,11.7,15.83,96,62,Mojokerto,-7.5271,112.4346
2021-06-26,32.3,22.8,26.4,0.6,0.6,3.78,12.5,18.13,93,57,Mojokerto,-7.5271,112.4346
2021-06-27,32.8,22.9,27.3,0.2,0.2,4.06,8.5,19.23,89,53,Mojokerto,-7.5271,112.4346
2021-06-28,30.1,23.3,26.2,1.1,1.1,3.28,16.9,15.75,95,62,Mojokerto,-7.5271,112.4346
2021-06-29,32.7,22.6,26.9,0.5,0.5,3.96,9.2,18.69,93,51,Mojokerto,-7.5271,112.4346
2021-06-30,33.2,23.0,27.3,0.0,0.0,4.42,16.9,19.35,88,42,Mojokerto,-7.5271,112.4346
2021-07-01,32.2,22.0,27.0,1.0,1.0,4.23,8.1,20.01,88,51,Mojokerto,-7.5271,112.4346
2021-07-02,33.5,23.0,27.4,0.0,0.0,4.4,9.5,19.54,87,40,Mojokerto,-7.5271,112.4346
2021-07-03,32.8,22.5,27.4,0.6,0.6,4.19,8.4,19.07,87,45,Mojokerto,-7.5271,112.4346
2021-07-04,32.4,22.0,27.3,0.0,0.0,4.07,9.9,18.08,84,43,Mojokerto,-7.5271,112.4346
2021-07-05,32.5,22.0,27.4,0.1,0.1,4.3,13.0,19.01,85,44,Mojokerto,-7.5271,112.4346
2021-07-06,33.0,21.7,26.7,0.0,0.0,4.15,7.4,18.75,81,29,Mojokerto,-7.5271,112.4346
2021-07-07,33.2,19.7,26.7,0.0,0.0,4.69,9.1,21.09,75,36,Mojokerto,-7.5271,112.4346
2021-07-08,32.0,23.2,27.4,0.0,0.0,3.35,11.8,14.01,82,44,Mojokerto,-7.5271,112.4346
2021-07-09,33.1,23.5,27.4,0.8,0.8,3.5,13.0,15.86,82,51,Mojokerto,-7.5271,112.4346
2021-07-10,32.5,23.3,27.8,1.0,1.0,4.0,21.1,16.35,91,50,Mojokerto,-7.5271,112.4346
2021-07-11,34.7,22.9,28.2,0.0,0.0,5.79,28.0,21.21,84,29,Mojokerto,-7.5271,112.4346
2021-07-12,34.7,23.0,28.2,0.0,0.0,5.21,17.2,21.25,84,34,Mojokerto,-7.5271,112.4346
2021-07-13,33.9,21.8,27.9,0.0,0.0,4.57,9.1,20.39,93,42,Mojokerto,-7.5271,112.4346
2021-07-14,34.0,23.0,28.1,0.0,0.0,4.58,10.3,19.81,88,36,Mojokerto,-7.5271,112.4346
2021-07-15,33.3,23.5,27.8,0.2,0.2,4.54,12.7,19.56,80,39,Mojokerto,-7.5271,112.4346
2021-07-16,32.4,22.5,27.1,0.0,0.0,4.01,10.7,16.82,79,36,Mojokerto,-7.5271,112.4346
2021-07-17,34.6,21.4,27.5,0.0,0.0,4.62,10.8,19.22,80,33,Mojokerto,-7.5271,112.4346
2021-07-18,35.2,23.0,28.3,0.0,0.0,4.64,10.3,19.61,82,37,Mojokerto,-7.5271,112.4346
2021-07-19,35.0,23.0,28.3,0.0,0.0,5.3,20.5,21.23,84,33,Mojokerto,-7.5271,112.4346
2021-07-20,35.0,22.6,28.1,0.0,0.0,5.57,19.2,21.7,86,29,Mojokerto,-7.5271,112.4346
2021-07-21,34.0,22.4,28.1,0.0,0.0,4.41,8.4,19.83,83,40,Mojokerto,-7.5271,112.4346
2021-07-22,33.1,23.8,27.8,0.0,0.0,3.92,16.9,15.45,79,42,Mojokerto,-7.5271,112.4346
2021-07-23,34.5,24.0,28.5,0.3,0.3,4.65,10.9,20.57,82,38,Mojokerto,-7.5271,112.4346
2021-07-24,35.7,21.7,28.1,0.0,0.0,4.86,8.7,22.03,91,24,Mojokerto,-7.5271,112.4346
2021-07-25,36.9,19.9,27.6,0.0,0.0,5.57,16.9,22.74,80,16,Mojokerto,-7.5271,112.4346
2021-07-26,35.6,21.1,27.0,0.0,0.0,5.86,20.3,22.9,81,20,Mojokerto,-7.5271,112.4346
2021-07-27,35.1,19.2,26.4,0.0,0.0,5.36,15.7,22.94,80,18,Mojokerto,-7.5271,112.4346
2021-07-28,34.5,20.4,26.8,0.0,0.0,4.89,8.9,22.29,87,26,Mojokerto,-7.5271,112.4346
2021-07-29,35.0,21.7,27.8,0.0,0.0,4.8,8.4,22.27,87,27,Mojokerto,-7.5271,112.4346
2021-07-30,34.3,21.7,28.0,0.0,0.0,4.73,9.9,21.07,80,37,Mojokerto,-7.5271,112.4346
2021-07-31,35.4,23.0,28.3,0.0,0.0,4.81,9.5,21.16,89,35,Mojokerto,-7.5271,112.4346
2021-08-01,34.2,22.0,28.2,0.2,0.2,4.78,8.0,20.76,91,38,Mojokerto,-7.5271,112.4346
2021-08-02,33.7,22.5,27.8,0.9,0.9,4.35,8.4,19.65,91,41,Mojokerto,-7.5271,112.4346
2021-08-03,35.0,23.0,28.1,0.0,0.0,4.58,11.6,20.48,89,41,Mojokerto,-7.5271,112.4346
2021-08-04,35.1,22.6,28.2,0.0,0.0,5.12,16.4,21.09,91,36,Mojokerto,-7.5271,112.4346
2021-08-05,34.3,22.5,28.0,0.0,0.0,5.6,23.3,21.88,86,35,Mojokerto,-7.5271,112.4346
2021-08-06,35.0,22.5,28.2,0.0,0.0,5.98,26.2,22.32,88,33,Mojokerto,-7.5271,112.4346
2021-08-07,34.5,22.6,28.2,0.0,0.0,5.57,24.3,21.44,91,40,Mojokerto,-7.5271,112.4346
2021-08-08,35.3,23.2,28.6,2.1,2.1,5.05,15.2,20.69,94,38,Mojokerto,-7.5271,112.4346
2021-08-09,34.0,23.4,27.7,1.8,1.8,4.45,15.5,18.96,100,45,Mojokerto,-7.5271,112.4346
2021-08-10,32.9,22.9,27.4,1.6,1.6,4.24,7.8,19.65,94,44,Mojokerto,-7.5271,112.4346
2021-08-11,35.3,21.9,27.5,0.0,0.0,5.51,17.4,23.29,87,24,Mojokerto,-7.5271,112.4346
2021-08-12,36.2,22.4,28.6,0.0,0.0,5.25,16.7,21.27,81,29,Mojokerto,-7.5271,112.4346
2021-08-13,35.9,23.6,29.1,0.0,0.0,5.3,12.9,22.09,81,31,Mojokerto,-7.5271,112.4346
2021-08-14,35.5,22.3,28.4,0.0,0.0,5.69,23.2,22.52,95,34,Mojokerto,-7.5271,112.4346
2021-08-15,35.2,22.5,28.4,0.0,0.0,5.84,23.8,22.58,88,32,Mojokerto,-7.5271,112.4346
2021-08-16,34.4,23.5,28.5,0.5,0.5,5.12,22.0,21.2,90,35,Mojokerto,-7.5271,112.4346
2021-08-17,36.5,23.2,29.1,0.0,0.0,5.56,12.4,23.22,85,24,Mojokerto,-7.5271,112.4346
2021-08-18,34.4,23.8,28.3,0.3,0.3,4.41,8.7,19.63,83,39,Mojokerto,-7.5271,112.4346
2021-08-19,33.5,23.7,27.3,2.0,2.0,3.78,9.9,17.16,94,43,Mojokerto,-7.5271,112.4346
2021-08-20,34.0,22.2,27.2,2.2,2.2,4.62,9.2,21.46,91,43,Mojokerto,-7.5271,112.4346
2021-08-21,33.8,22.5,27.5,1.9,1.9,4.46,9.7,20.01,95,44,Mojokerto,-7.5271,112.4346
2021-08-22,33.6,23.4,28.1,0.6,0.6,4.75,9.1,21.0,87,43,Mojokerto,-7.5271,112.4346
2021-08-23,34.3,22.9,28.1,0.0,0.0,5.11,10.1,22.9,91,35,Mojokerto,-7.5271,112.4346
2021-08-24,34.5,21.5,27.6,0.0,0.0,5.59,14.5,23.75,86,31,Mojokerto,-7.5271,112.4346
2021-08-25,34.8,22.5,28.0,0.1,0.1,5.25,11.4,22.92,87,33,Mojokerto,-7.5271,112.4346
2021-08-26,34.5,22.8,27.7,0.0,0.0,5.37,11.2,23.64,81,34,Mojokerto,-7.5271,112.4346
2021-08-27,34.6,20.8,27.4,0.0,0.0,5.7,18.5,24.06,76,32,Mojokerto,-7.5271,112.4346
2021-08-28,35.3,21.9,28.1,0.0,0.0,5.28,17.4,22.44,88,32,Mojokerto,-7.5271,112.4346
2021-08-29,35.8,22.5,29.0,0.0,0.0,5.22,8.9,22.71,83,33,Mojokerto,-7.5271,112.4346
2021-08-30,36.0,23.5,29.0,0.0,0.0,5.48,16.3,22.83,88,34,Mojokerto,-7.5271,112.4346
2021-08-31,36.4,23.3,28.9,0.0,0.0,6.19,22.8,24.27,86,27,Mojokerto,-7.5271,112.4346
2021-09-01,36.6,22.3,28.8,0.0,0.0,5.54,9.8,23.64,83,31,Mojokerto,-7.5271,112.4346
2021-09-02,35.5,22.6,28.4,0.0,0.0,5.47,10.0,23.54,86,30,Mojokerto,-7.5271,112.4346
2021-09-03,35.8,22.6,28.5,0.4,0.4,5.52,10.1,23.01,81,31,Mojokerto,-7.5271,112.4346
2021-09-04,34.4,22.9,28.5,0.2,0.2,5.36,11.6,22.49,85,37,Mojokerto,-7.5271,112.4346
2021-09-05,35.7,23.4,29.1,0.0,0.0,5.15,15.3,19.96,84,33,Mojokerto,-7.5271,112.4346
2021-09-06,36.0,23.0,29.0,0.1,0.1,5.92,20.4,23.26,76,32,Mojokerto,-7.5271,112.4346
2021-09-07,34.0,23.5,28.9,0.6,0.6,4.93,9.4,20.92,90,40,Mojokerto,-7.5271,112.4346
2021-09-08,34.0,24.3,28.5,0.8,0.8,4.72,10.2,20.3,82,42,Mojokerto,-7.5271,112.4346
2021-09-09,35.4,24.1,28.6,0.3,0.3,5.3,17.0,21.82,82,31,Mojokerto,-7.5271,112.4346
2021-09-10,37.0,23.1,29.6,0.0,0.0,5.8,9.5,24.41,79,25,Mojokerto,-7.5271,112.4346
2021-09-11,35.8,25.1,28.7,2.3,2.3,4.48,13.5,18.55,93,39,Mojokerto,-7.5271,112.4346
2021-09-12,34.2,23.5,27.7,1.9,1.9,4.14,18.4,15.65,100,42,Mojokerto,-7.5271,112.4346
2021-09-13,32.6,23.2,27.8,0.7,0.7,4.48,18.5,17.79,95,51,Mojokerto,-7.5271,112.4346
2021-09-14,33.8,24.2,27.8,5.6,5.6,4.55,16.3,18.85,96,43,Mojokerto,-7.5271,112.4346
2021-09-15,35.3,23.1,28.1,1.6,1.6,5.41,15.6,23.11,99,39,Mojokerto,-7.5271,112.4346
2021-09-16,35.0,23.3,29.0,0.2,0.2,5.36,7.6,23.45,82,39,Mojokerto,-7.5271,112.4346
2021-09-17,36.2,22.9,29.0,0.1,0.1,5.67,16.6,21.54,85,29,Mojokerto,-7.5271,112.4346
2021-09-18,36.8,23.3,29.4,0.0,0.0,6.46,23.4,24.7,86,24,Mojokerto,-7.5271,112.4346
2021-09-19,35.8,23.2,29.2,0.0,0.0,5.52,11.1,23.16,89,28,Mojokerto,-7.5271,112.4346
2021-09-20,36.7,22.4,29.0,0.0,0.0,5.8,9.2,24.46,87,27,Mojokerto,-7.5271,112.4346
2021-09-21,36.0,24.0,29.1,0.0,0.0,5.63,24.1,20.08,81,32,Mojokerto,-7.5271,112.4346
2021-09-22,35.3,24.0,28.9,0.0,0.0,6.31,27.9,23.49,92,33,Mojokerto,-7.5271,112.4346
2021-09-23,36.0,23.1,28.8,1.4,1.4,5.34,15.1,22.21,96,33,Mojokerto,-7.5271,112.4346
2021-09-24,32.5,24.1,27.9,0.0,0.0,4.34,20.8,16.24,94,45,Mojokerto,-7.5271,112.4346
2021-09-25,35.5,23.4,29.2,0.9,0.9,5.63,16.6,22.26,94,35,Mojokerto,-7.5271,112.4346
2021-09-26,33.8,24.1,27.1,18.9,18.9,3.75,9.2,17.12,99,48,Mojokerto,-7.5271,112.4346
2021-09-27,32.3,23.6,27.3,3.6,3.6,4.44,7.3,21.01,100,57,Mojokerto,-7.5271,112.4346
2021-09-28,33.0,23.0,27.7,0.5,0.5,5.2,15.9,23.16,90,48,Mojokerto,-7.5271,112.4346
2021-09-29,35.5,22.7,28.4,0.0,0.0,5.41,7.9,24.51,84,37,Mojokerto,-7.5271,112.4346
2021-09-30,37.2,23.0,29.0,0.0,0.0,5.5,9.1,24.55,85,30,Mojokerto,-7.5271,112.4346
2021-10-01,36.5,23.1,29.1,0.1,0.1,5.4,8.9,23.67,90,31,Mojokerto,-7.5271,112.4346
2021-10-02,34.8,24.0,29.2,0.0,0.0,5.03,12.1,20.17,82,33,Mojokerto,-7.5271,112.4346
2021-10-03,36.5,23.8,29.1,1.1,1.1,5.28,8.3,23.15,82,29,Mojokerto,-7.5271,112.4346
2021-10-04,34.5,24.6,27.9,1.4,1.4,4.3,15.5,19.19,81,42,Mojokerto,-7.5271,112.4346
2021-10-05,35.2,23.5,28.5,0.5,0.5,5.47,15.4,23.57,84,36,Mojokerto,-7.5271,112.4346
2021-10-06,34.2,23.1,27.9,0.3,0.3,4.64,8.2,20.3,83,40,Mojokerto,-7.5271,112.4346
2021-10-07,33.2,23.4,28.0,0.9,0.9,5.1,9.0,22.68,77,45,Mojokerto,-7.5271,112.4346
2021-10-08,36.0,23.2,28.8,0.0,0.0,5.6,8.9,25.03,85,32,Mojokerto,-7.5271,112.4346
2021-10-09,37.8,23.5,29.6,0.0,0.0,6.25,14.8,26.3,81,24,Mojokerto,-7.5271,112.4346
2021-10-10,37.5,23.0,29.6,0.1,0.1,5.83,9.4,25.38,86,29,Mojokerto,-7.5271,112.4346
2021-10-11,35.8,23.6,29.3,0.0,0.0,5.63,14.8,22.57,81,37,Mojokerto,-7.5271,112.4346
2021-10-12,37.2,23.6,29.5,0.1,0.1,6.23,17.3,25.57,84,26,Mojokerto,-7.5271,112.4346
2021-10-13,37.2,23.6,29.5,0.0,0.0,5.75,9.2,24.8,80,29,Mojokerto,-7.5271,112.4346
2021-10-14,37.0,23.5,29.7,0.0,0.0,5.65,8.9,24.27,77,31,Mojokerto,-7.5271,112.4346
2021-10-15,36.7,23.9,29.9,0.0,0.0,6.27,15.5,25.23,79,31,Mojokerto,-7.5271,112.4346
2021-10-16,36.8,24.9,30.2,0.3,0.3,5.61,8.8,24.16,84,36,Mojokerto,-7.5271,112.4346
2021-10-17,37.0,25.2,29.3,1.5,1.5,5.09,14.0,22.42,81,35,Mojokerto,-7.5271,112.4346
2021-10-18,33.8,24.5,27.6,12.5,12.5,4.64,18.7,20.63,99,47,Mojokerto,-7.5271,112.4346
2021-10-19,34.0,24.2,27.6,5.0,5.0,4.22,10.5,19.65,96,50,Mojokerto,-7.5271,112.4346
2021-10-20,34.0,24.3,27.8,4.5,4.5,4.96,10.4,23.36,90,52,Mojokerto,-7.5271,112.4346
2021-10-21,35.0,25.3,29.2,1.8,1.8,5.41,12.6,24.39,87,45,Mojokerto,-7.5271,112.4346
2021-10-22,37.0,23.1,29.6,0.4,0.4,5.94,10.0,25.03,88,30,Mojokerto,-7.5271,112.4346
2021-10-23,36.2,24.2,29.1,0.1,0.1,5.28,17.4,23.91,91,41,Mojokerto,-7.5271,112.4346
2021-10-24,35.5,24.0,28.4,6.3,6.3,5.28,12.2,23.64,93,47,Mojokerto,-7.5271,112.4346
2021-10-25,36.0,24.3,29.3,1.5,1.5,5.42,14.8,24.2,91,41,Mojokerto,-7.5271,112.4346
2021-10-26,37.5,23.9,29.7,0.4,0.4,6.17,18.6,25.5,88,28,Mojokerto,-7.5271,112.4346
2021-10-27,35.5,24.0,28.3,0.5,0.5,4.57,14.4,19.06,94,41,Mojokerto,-7.5271,112.4346
2021-10-28,36.0,23.8,27.6,4.0,4.0,4.63,9.3,21.67,93,41,Mojokerto,-7.5271,112.4346
2021-10-29,34.5,24.5,28.3,1.8,1.8,4.67,17.2,21.38,87,47,Mojokerto,-7.5271,112.4346
2021-10-30,34.5,23.5,27.1,10.6,10.6,3.91,19.6,18.14,94,48,Mojokerto,-7.5271,112.4346
2021-10-31,32.7,23.9,27.2,9.2,9.2,4.09,14.8,18.72,97,56,Mojokerto,-7.5271,112.4346
2021-11-01,33.1,23.2,26.3,21.9,21.9,3.55,9.1,16.56,99,55,Mojokerto,-7.5271,112.4346
2021-11-02,32.7,23.5,26.2,5.3,5.3,3.71,13.4,17.67,99,58,Mojokerto,-7.5271,112.4346
2021-11-03,32.7,22.8,27.1,0.9,0.9,4.35,10.1,20.55,100,55,Mojokerto,-7.5271,112.4346
2021-11-04,35.0,23.2,27.0,7.9,7.9,4.61,9.2,21.54,97,47,Mojokerto,-7.5271,112.4346
2021-11-05,32.0,23.5,26.2,8.1,8.1,3.44,18.4,16.49,99,62,Mojokerto,-7.5271,112.4346
2021-11-06,32.5,23.5,27.2,2.1,2.1,4.66,14.6,21.68,99,59,Mojokerto,-7.5271,112.4346
2021-11-07,34.0,23.8,27.0,14.2,14.2,4.37,12.4,20.7,97,53,Mojokerto,-7.5271,112.4346
2021-11-08,32.6,23.0,26.7,6.0,6.0,3.64,10.9,17.14,98,59,Mojokerto,-7.5271,112.4346
2021-11-09,32.4,24.1,26.9,24.4,24.4,3.95,13.8,18.77,96,60,Mojokerto,-7.5271,112.4346
2021-11-10,29.7,23.5,25.9,5.5,5.5,3.18,8.8,15.51,97,74,Mojokerto,-7.5271,112.4346
2021-11-11,28.9,23.8,25.5,18.8,18.8,2.69,7.4,13.1,97,73,Mojokerto,-7.5271,112.4346
2021-11-12,28.4,23.0,25.3,10.3,10.3,2.18,7.1,10.31,98,72,Mojokerto,-7.5271,112.4346
2021-11-13,29.4,23.3,25.5,54.4,54.4,3.02,11.7,14.73,99,68,Mojokerto,-7.5271,112.4346
2021-11-14,29.4,23.3,25.3,5.8,5.8,2.49,8.0,12.14,99,68,Mojokerto,-7.5271,112.4346
2021-11-15,29.2,23.8,25.5,20.0,20.0,2.64,7.7,12.76,96,71,Mojokerto,-7.5271,112.4346
2021-11-16,30.2,23.2,25.5,17.8,17.8,3.32,6.4,16.43,99,66,Mojokerto,-7.5271,112.4346
2021-11-17,29.2,23.1,25.9,6.1,6.1,2.84,15.6,14.12,98,75,Mojokerto,-7.5271,112.4346
2021-11-18,32.7,23.6,27.3,0.3,0.3,4.98,9.7,23.61,93,55,Mojokerto,-7.5271,112.4346
2021-11-19,32.8,23.0,26.4,16.2,16.2,4.6,14.2,22.14,99,54,Mojokerto,-7.5271,112.4346
2021-11-20,26.6,23.0,24.4,25.5,25.5,1.31,10.1,6.44,100,88,Mojokerto,-7.5271,112.4346
2021-11-21,31.8,23.0,26.5,3.4,3.4,4.06,13.1,19.87,96,62,Mojokerto,-7.5271,112.4346
2021-11-22,31.2,23.5,26.4,31.5,31.5,3.48,13.2,16.97,94,68,Mojokerto,-7.5271,112.4346
2021-11-23,30.6,23.3,25.8,11.9,11.9,3.54,8.7,17.41,99,70,Mojokerto,-7.5271,112.4346
2021-11-24,31.1,23.1,25.9,5.6,5.6,3.48,13.4,17.19,99,63,Mojokerto,-7.5271,112.4346
2021-11-25,29.9,23.6,26.2,7.7,7.7,3.36,10.7,16.64,96,71,Mojokerto,-7.5271,112.4346
2021-11-26,29.5,23.8,25.7,12.1,12.1,3.07,11.9,15.15,98,69,Mojokerto,-7.5271,112.4346
2021-11-27,30.2,23.3,25.5,20.1,20.1,3.54,8.6,17.62,99,66,Mojokerto,-7.5271,112.4346
2021-11-28,27.7,22.7,24.8,19.2,19.2,2.52,7.4,12.41,98,83,Mojokerto,-7.5271,112.4346
2021-11-29,30.5,22.3,25.2,6.7,6.7,3.3,8.3,16.1,98,61,Mojokerto,-7.5271,112.4346
2021-11-30,30.6,22.8,25.5,12.8,12.8,3.51,6.5,17.18,99,67,Mojokerto,-7.5271,112.4346
2021-12-01,29.4,23.0,25.4,5.4,5.4,2.56,13.2,12.5,100,71,Mojokerto,-7.5271,112.4346
2021-12-02,32.1,23.2,26.5,10.4,10.4,4.21,12.4,20.24,97,60,Mojokerto,-7.5271,112.4346
2021-12-03,29.4,23.1,26.2,1.5,1.5,3.22,15.9,15.88,99,70,Mojokerto,-7.5271,112.4346
2021-12-04,28.1,23.6,25.1,37.4,37.4,2.28,8.7,11.18,98,81,Mojokerto,-7.5271,112.4346
2021-12-05,29.0,23.2,25.0,42.8,42.8,2.53,13.7,12.18,95,75,Mojokerto,-7.5271,112.4346
2021-12-06,30.5,24.0,26.6,10.8,10.8,3.16,16.6,12.42,98,63,Mojokerto,-7.5271,112.4346
2021-12-07,31.0,23.9,25.9,26.4,26.4,3.05,16.9,14.0,94,72,Mojokerto,-7.5271,112.4346
2021-12-08,31.8,23.8,26.5,12.9,12.9,4.47,13.2,21.46,99,66,Mojokerto,-7.5271,112.4346
2021-12-09,31.0,23.0,26.1,7.1,7.1,3.82,10.5,18.6,99,68,Mojokerto,-7.5271,112.4346
2021-12-10,30.5,22.7,25.7,18.1,18.1,3.69,6.6,18.2,99,67,Mojokerto,-7.5271,112.4346
2021-12-11,31.8,23.0,26.1,9.1,9.1,4.1,10.1,20.13,99,62,Mojokerto,-7.5271,112.4346
2021-12-12,31.9,23.5,26.4,6.7,6.7,4.12,11.3,19.89,99,59,Mojokerto,-7.5271,112.4346
2021-12-13,32.0,23.0,27.0,0.7,0.7,4.69,7.9,22.57,99,59,Mojokerto,-7.5271,112.4346
2021-12-14,30.7,23.4,26.0,18.9,18.9,3.57,8.2,17.72,97,72,Mojokerto,-7.5271,112.4346
2021-12-15,28.8,23.7,25.6,3.3,3.3,2.62,7.0,12.85,99,73,Mojokerto,-7.5271,112.4346
2021-12-16,30.1,23.6,26.0,18.6,18.6,3.34,8.8,16.56,98,75,Mojokerto,-7.5271,112.4346
2021-12-17,30.6,23.6,26.2,9.3,9.3,3.4,9.1,17.01,98,72,Mojokerto,-7.5271,112.4346
2021-12-18,30.6,23.4,26.6,4.5,4.5,4.26,13.5,21.37,99,73,Mojokerto,-7.5271,112.4346
2021-12-19,32.2,23.6,26.8,9.0,9.0,4.71,10.3,23.11,98,64,Mojokerto,-7.5271,112.4346
2021-12-20,29.5,23.8,25.4,24.4,24.4,2.96,10.1,14.54,99,75,Mojokerto,-7.5271,112.4346
2021-12-21,27.5,23.6,25.1,15.7,15.7,2.08,11.6,10.37,100,82,Mojokerto,-7.5271,112.4346
2021-12-22,31.5,23.5,27.3,1.3,1.3,4.56,5.9,21.97,93,61,Mojokerto,-7.5271,112.4346
2021-12-23,31.9,24.0,26.5,26.9,26.9,4.23,12.8,20.19,96,63,Mojokerto,-7.5271,112.4346
2021-12-24,31.7,23.1,26.6,7.8,7.8,4.37,7.2,21.16,96,64,Mojokerto,-7.5271,112.4346
2021-12-25,31.2,23.4,26.1,6.1,6.1,3.59,9.4,17.79,96,65,Mojokerto,-7.5271,112.4346
2021-12-26,31.2,23.0,26.6,2.4,2.4,3.88,18.5,18.57,98,65,Mojokerto,-7.5271,112.4346
2021-12-27,32.0,23.7,26.6,9.6,9.6,4.3,17.9,20.07,97,60,Mojokerto,-7.5271,112.4346
2021-12-28,31.6,23.0,26.2,2.0,2.0,4.62,19.7,22.86,96,63,Mojokerto,-7.5271,112.4346
2021-12-29,31.0,23.0,26.8,0.8,0.8,3.94,15.1,18.87,97,64,Mojokerto,-7.5271,112.4346
2021-12-30,31.0,23.2,26.0,4.1,4.1,3.52,12.3,17.21,99,64,Mojokerto,-7.5271,112.4346
2021-12-31,30.4,23.0,25.5,13.1,13.1,3.27,12.6,16.3,98,67,Mojokerto,-7.5271,112.4346
2022-01-01,31.6,23.1,25.8,15.6,15.6,3.99,8.6,19.35,99,65,Mojokerto,-7.5271,112.4346
2022-01-02,30.3,22.6,25.6,1.9,1.9,4.05,13.2,20.46,99,71,Mojokerto,-7.5271,112.4346
2022-01-03,31.0,22.5,26.4,0.0,0.0,4.53,6.8,21.97,98,57,Mojokerto,-7.5271,112.4346
2022-01-04,30.5,23.0,26.1,0.7,0.7,3.95,6.9,19.18,94,61,Mojokerto,-7.5271,112.4346
2022-01-05,31.1,23.9,27.0,0.1,0.1,4.59,12.0,22.14,93,56,Mojokerto,-7.5271,112.4346
2022-01-06,31.8,23.2,26.6,0.8,0.8,4.95,11.7,23.94,98,53,Mojokerto,-7.5271,112.4346
2022-01-07,32.2,21.8,26.7,0.0,0.0,5.02,17.1,23.05,98,45,Mojokerto,-7.5271,112.4346
2022-01-08,32.3,22.5,26.8,0.4,0.4,5.05,11.7,24.22,93,45,Mojokerto,-7.5271,112.4346
2022-01-09,31.1,23.8,25.7,25.1,25.1,3.48,11.7,16.71,99,61,Mojokerto,-7.5271,112.4346
2022-01-10,30.4,22.6,25.5,21.4,21.4,3.72,9.7,18.5,98,69,Mojokerto,-7.5271,112.4346
2022-01-11,29.2,23.0,25.1,26.0,26.0,3.2,10.4,15.94,98,75,Mojokerto,-7.5271,112.4346
2022-01-12,28.0,23.0,25.0,16.6,16.6,2.66,14.2,12.63,95,77,Mojokerto,-7.5271,112.4346
2022-01-13,29.6,24.0,25.4,15.9,15.9,2.92,14.1,13.55,97,72,Mojokerto,-7.5271,112.4346
2022-01-14,30.1,22.7,25.5,18.4,18.4,3.63,13.2,18.12,96,70,Mojokerto,-7.5271,112.4346
2022-01-15,30.2,23.9,25.6,18.3,18.3,3.18,15.6,16.01,95,69,Mojokerto,-7.5271,112.4346
2022-01-16,29.5,23.5,25.1,22.3,22.3,2.99,11.2,14.93,99,74,Mojokerto,-7.5271,112.4346
2022-01-17,30.6,22.7,25.5,23.7,23.7,3.73,13.6,18.39,99,70,Mojokerto,-7.5271,112.4346
2022-01-18,26.9,22.5,24.4,11.7,11.7,2.14,12.2,10.68,99,82,Mojokerto,-7.5271,112.4346
2022-01-19,29.8,23.0,25.0,8.3,8.3,3.68,15.4,18.55,98,72,Mojokerto,-7.5271,112.4346
2022-01-20,27.2,22.1,24.0,8.2,8.2,2.07,16.4,10.52,98,81,Mojokerto,-7.5271,112.4346
2022-01-21,30.0,22.3,25.5,3.1,3.1,3.72,13.3,18.34,100,66,Mojokerto,-7.5271,112.4346
2022-01-22,30.1,22.5,25.2,12.0,12.0,3.59,13.5,18.31,97,68,Mojokerto,-7.5271,112.4346
2022-01-23,30.7,23.0,26.5,9.6,9.6,4.39,16.0,21.27,94,65,Mojokerto,-7.5271,112.4346
2022-01-24,32.0,23.6,27.7,0.0,0.0,5.6,16.8,24.9,88,55,Mojokerto,-7.5271,112.4346
2022-01-25,31.5,22.3,26.4,2.6,2.6,5.06,17.9,23.95,91,62,Mojokerto,-7.5271,112.4346
2022-01-26,29.5,23.9,25.8,22.9,22.9,3.28,17.2,16.33,94,73,Mojokerto,-7.5271,112.4346
2022-01-27,30.6,23.5,25.9,4.8,4.8,4.09,13.8,20.65,96,69,Mojokerto,-7.5271,112.4346
2022-01-28,30.5,23.5,25.8,6.0,6.0,3.58,14.3,17.69,98,66,Mojokerto,-7.5271,112.4346
2022-01-29,30.0,23.1,25.4,12.6,12.6,2.98,12.1,14.68,99,72,Mojokerto,-7.5271,112.4346
2022-01-30,30.7,22.8,25.9,12.6,12.6,4.0,9.3,19.57,97,64,Mojokerto,-7.5271,112.4346
2022-01-31,31.1,23.5,25.5,14.9,14.9,3.91,12.1,19.4,96,64,Mojokerto,-7.5271,112.4346
2022-02-01,29.6,23.4,25.3,23.5,23.5,3.36,12.3,17.02,97,75,Mojokerto,-7.5271,112.4346
2022-02-02,31.5,23.0,25.8,8.4,8.4,4.16,14.8,20.44,97,65,Mojokerto,-7.5271,112.4346
2022-02-03,31.2,22.4,26.0,12.4,12.4,4.35,8.8,21.35,96,68,Mojokerto,-7.5271,112.4346
2022-02-04,30.6,23.1,26.0,1.6,1.6,3.78,14.8,18.41,99,65,Mojokerto,-7.5271,112.4346
2022-02-05,30.0,23.4,25.2,17.3,17.3,2.95,19.2,14.97,96,70,Mojokerto,-7.5271,112.4346
2022-02-06,29.8,22.7,25.1,18.1,18.1,3.24,10.3,16.52,98,72,Mojokerto,-7.5271,112.4346
2022-02-07,28.8,23.5,25.2,17.4,17.4,2.55,8.7,12.31,92,77,Mojokerto,-7.5271,112.4346
2022-02-08,28.6,23.6,25.5,13.8,13.8,3.32,18.1,16.73,94,72,Mojokerto,-7.5271,112.4346
2022-02-09,29.0,23.3,25.2,17.6,17.6,2.86,12.7,14.3,97,77,Mojokerto,-7.5271,112.4346
2022-02-10,30.5,23.1,25.3,31.0,31.0,3.32,11.5,16.1,96,66,Mojokerto,-7.5271,112.4346
2022-02-11,29.5,24.1,25.8,6.8,6.8,2.95,11.1,14.08,95,71,Mojokerto,-7.5271,112.4346
2022-02-12,29.1,23.5,25.0,31.3,31.3,2.7,12.4,13.24,98,74,Mojokerto,-7.5271,112.4346
2022-02-13,29.5,22.9,25.0,31.2,31.2,3.5,9.2,17.37,99,73,Mojokerto,-7.5271,112.4346
2022-02-14,26.9,23.0,24.9,23.9,23.9,2.22,7.4,11.24,98,87,Mojokerto,-7.5271,112.4346
2022-02-15,26.6,22.6,24.9,23.2,23.2,2.25,9.1,11.36,100,85,Mojokerto,-7.5271,112.4346
2022-02-16,30.9,23.1,26.1,8.7,8.7,4.47,12.3,22.37,100,70,Mojokerto,-7.5271,112.4346
2022-02-17,28.8,22.6,24.9,11.3,11.3,2.93,18.7,15.58,100,78,Mojokerto,-7.5271,112.4346
2022-02-18,27.5,22.4,24.6,22.0,22.0,2.58,15.9,14.07,99,78,Mojokerto,-7.5271,112.4346
2022-02-19,31.9,22.5,26.0,9.4,9.4,4.84,12.5,24.11,96,60,Mojokerto,-7.5271,112.4346
2022-02-20,29.2,23.2,25.3,12.9,12.9,2.85,15.9,14.39,96,75,Mojokerto,-7.5271,112.4346
2022-02-21,32.0,23.2,26.1,1.8,1.8,3.86,17.4,17.24,95,58,Mojokerto,-7.5271,112.4346
2022-02-22,31.2,22.2,25.8,3.1,3.1,4.59,19.2,21.93,96,58,Mojokerto,-7.5271,112.4346
2022-02-23,31.5,22.5,25.7,1.9,1.9,5.14,17.7,24.68,96,58,Mojokerto,-7.5271,112.4346
2022-02-24,30.5,20.9,25.6,4.1,4.1,4.42,18.0,22.66,98,64,Mojokerto,-7.5271,112.4346
2022-02-25,30.0,21.9,24.9,15.6,15.6,4.17,11.6,20.91,99,63,Mojokerto,-7.5271,112.4346
2022-02-26,30.2,22.6,24.8,27.8,27.8,3.28,10.9,16.47,98,71,Mojokerto,-7.5271,112.4346
2022-02-27,28.0,23.4,25.1,9.7,9.7,2.87,8.8,14.25,94,75,Mojokerto,-7.5271,112.4346
2022-02-28,28.4,23.0,25.2,27.9,27.9,3.13,13.0,15.38,95,75,Mojokerto,-7.5271,112.4346
2022-03-01,28.9,23.5,25.2,15.9,15.9,2.81,12.7,13.99,93,75,Mojokerto,-7.5271,112.4346
2022-03-02,31.9,23.0,25.7,24.3,24.3,4.18,12.9,20.85,93,63,Mojokerto,-7.5271,112.4346
2022-03-03,30.4,23.3,25.7,12.7,12.7,4.01,13.0,20.12,92,70,Mojokerto,-7.5271,112.4346
2022-03-04,30.9,23.0,26.4,1.4,1.4,4.52,15.0,22.57,93,69,Mojokerto,-7.5271,112.4346
2022-03-05,30.1,23.0,26.3,1.3,1.3,3.89,15.4,18.98,94,73,Mojokerto,-7.5271,112.4346
2022-03-06,30.0,23.4,25.8,9.5,9.5,4.08,8.7,20.19,97,73,Mojokerto,-7.5271,112.4346
2022-03-07,30.5,22.8,25.4,35.7,35.7,3.63,9.7,18.02,97,68,Mojokerto,-7.5271,112.4346
2022-03-08,30.6,22.9,25.2,31.0,31.0,3.75,16.3,18.7,99,72,Mojokerto,-7.5271,112.4346
2022-03-09,31.0,22.8,25.4,41.0,41.0,3.89,8.4,19.16,99,67,Mojokerto,-7.5271,112.4346
2022-03-10,30.5,23.0,25.5,31.2,31.2,3.21,9.8,15.69,100,67,Mojokerto,-7.5271,112.4346
2022-03-11,30.6,23.0,25.7,26.8,26.8,3.8,11.4,19.04,99,69,Mojokerto,-7.5271,112.4346
2022-03-12,28.6,22.9,25.3,11.0,11.0,2.9,8.2,14.92,98,77,Mojokerto,-7.5271,112.4346
2022-03-13,30.5,23.4,26.0,20.7,20.7,3.96,9.2,19.65,99,73,Mojokerto,-7.5271,112.4346
2022-03-14,30.5,22.9,25.6,29.4,29.4,3.64,8.7,18.03,100,71,Mojokerto,-7.5271,112.4346
2022-03-15,30.5,22.8,25.7,17.9,17.9,4.01,11.0,20.26,100,74,Mojokerto,-7.5271,112.4346
2022-03-16,30.8,22.7,25.9,21.9,21.9,3.61,15.2,17.99,100,68,Mojokerto,-7.5271,112.4346
2022-03-17,31.6,23.4,27.0,1.3,1.3,4.65,10.0,22.79,91,66,Mojokerto,-7.5271,112.4346
2022-03-18,31.6,22.9,26.3,28.9,28.9,4.26,8.7,20.8,98,69,Mojokerto,-7.5271,112.4346
2022-03-19,31.4,23.2,25.7,16.5,16.5,3.51,13.0,17.57,100,69,Mojokerto,-7.5271,112.4346
2022-03-20,30.0,23.6,25.7,11.4,11.4,3.26,9.7,16.3,99,69,Mojokerto,-7.5271,112.4346
2022-03-21,30.8,23.5,25.4,18.7,18.7,3.43,10.7,17.2,99,72,Mojokerto,-7.5271,112.4346
2022-03-22,28.1,23.2,25.3,10.5,10.5,2.62,11.2,13.36,94,80,Mojokerto,-7.5271,112.4346
2022-03-23,30.8,23.9,26.1,2.9,2.9,4.12,8.7,20.58,99,68,Mojokerto,-7.5271,112.4346
2022-03-24,31.3,22.7,26.3,8.6,8.6,4.39,9.6,21.35,98,63,Mojokerto,-7.5271,112.4346
2022-03-25,30.8,23.4,26.3,13.0,13.0,3.76,9.0,18.4,95,69,Mojokerto,-7.5271,112.4346
2022-03-26,30.8,23.1,26.0,16.9,16.9,4.05,12.6,19.73,99,70,Mojokerto,-7.5271,112.4346
2022-03-27,29.8,23.5,25.6,9.2,9.2,3.15,15.9,15.66,99,70,Mojokerto,-7.5271,112.4346
2022-03-28,30.7,23.1,25.9,16.9,16.9,4.08,14.8,19.94,95,66,Mojokerto,-7.5271,112.4346
2022-03-29,31.5,22.9,26.3,10.2,10.2,4.45,10.5,21.76,95,62,Mojokerto,-7.5271,112.4346
2022-03-30,31.0,23.2,26.6,5.9,5.9,4.23,14.6,20.85,94,63,Mojokerto,-7.5271,112.4346
2022-03-31,30.9,23.0,25.9,37.0,37.0,3.89,16.1,19.43,98,70,Mojokerto,-7.5271,112.4346
2022-04-01,29.6,22.8,25.7,4.6,4.6,3.3,7.2,16.38,97,73,Mojokerto,-7.5271,112.4346
2022-04-02,30.4,23.5,26.9,0.4,0.4,4.03,7.7,19.42,94,64,Mojokerto,-7.5271,112.4346
2022-04-03,31.7,23.8,26.2,12.8,12.8,3.83,8.9,18.53,99,61,Mojokerto,-7.5271,112.4346
2022-04-04,29.7,23.0,25.4,9.4,9.4,3.6,14.3,18.49,96,70,Mojokerto,-7.5271,112.4346
2022-04-05,31.2,23.8,26.4,1.2,1.2,4.66,8.9,23.23,93,69,Mojokerto,-7.5271,112.4346
2022-04-06,30.6,23.6,26.6,3.0,3.0,4.28,6.9,21.39,93,65,Mojokerto,-7.5271,112.4346
2022-04-07,30.0,24.0,26.4,5.5,5.5,3.86,6.9,19.43,94,71,Mojokerto,-7.5271,112.4346
2022-04-08,31.2,23.1,26.5,2.2,2.2,4.35,10.5,21.78,94,65,Mojokerto,-7.5271,112.4346
2022-04-09,31.3,24.2,26.8,5.1,5.1,4.29,8.2,21.1,96,65,Mojokerto,-7.5271,112.4346
2022-04-10,31.6,23.2,26.5,1.7,1.7,4.3,10.9,21.14,92,63,Mojokerto,-7.5271,112.4346
2022-04-11,31.8,23.8,27.2,1.2,1.2,4.77,11.9,22.94,87,59,Mojokerto,-7.5271,112.4346
2022-04-12,31.6,22.1,26.4,0.4,0.4,4.49,9.2,21.74,89,52,Mojokerto,-7.5271,112.4346
2022-04-13,32.2,22.9,26.9,0.6,0.6,4.9,7.1,23.71,88,52,Mojokerto,-7.5271,112.4346
2022-04-14,32.6,22.2,26.9,0.0,0.0,5.21,14.2,23.65,81,44,Mojokerto,-7.5271,112.4346
2022-04-15,33.3,22.3,27.6,0.0,0.0,5.07,5.9,23.99,81,46,Mojokerto,-7.5271,112.4346
2022-04-16,33.2,22.6,27.2,0.4,0.4,4.81,12.9,22.64,89,51,Mojokerto,-7.5271,112.4346
2022-04-17,33.0,23.6,27.7,0.2,0.2,4.65,11.2,22.03,86,54,Mojokerto,-7.5271,112.4346
2022-04-18,31.0,24.4,26.7,8.2,8.2,3.51,14.0,17.68,96,70,Mojokerto,-7.5271,112.4346
2022-04-19,30.9,23.4,25.7,24.5,24.5,3.36,10.3,16.39,100,68,Mojokerto,-7.5271,112.4346
2022-04-20,30.5,22.5,25.5,7.1,7.1,3.41,15.3,16.88,99,67,Mojokerto,-7.5271,112.4346
2022-04-21,29.5,23.2,25.1,8.4,8.4,2.57,14.0,13.18,99,74,Mojokerto,-7.5271,112.4346
2022-04-22,31.7,22.6,26.7,0.0,0.0,4.43,16.3,21.41,96,61,Mojokerto,-7.5271,112.4346
2022-04-23,31.6,23.5,26.6,25.7,25.7,3.84,10.2,18.82,97,65,Mojokerto,-7.5271,112.4346
2022-04-24,30.4,23.1,25.8,8.7,8.7,3.2,9.0,15.88,99,76,Mojokerto,-7.5271,112.4346
2022-04-25,32.3,23.6,26.7,5.7,5.7,4.22,9.9,20.82,95,61,Mojokerto,-7.5271,112.4346
2022-04-26,29.8,24.0,25.8,10.8,10.8,3.0,10.1,15.28,98,75,Mojokerto,-7.5271,112.4346
2022-04-27,31.2,23.1,26.2,4.7,4.7,3.95,14.7,19.59,94,63,Mojokerto,-7.5271,112.4346
2022-04-28,31.0,23.2,26.0,7.2,7.2,3.41,7.7,16.92,99,66,Mojokerto,-7.5271,112.4346
2022-04-29,31.0,23.5,26.4,6.1,6.1,3.58,14.2,17.68,98,65,Mojokerto,-7.5271,112.4346
2022-04-30,29.2,23.6,26.0,8.1,8.1,3.38,14.3,17.76,96,78,Mojokerto,-7.5271,112.4346
2022-05-01,30.4,23.0,26.6,2.7,2.7,3.98,16.0,20.11,96,72,Mojokerto,-7.5271,112.4346
2022-05-02,32.3,23.3,27.4,0.4,0.4,4.59,10.0,22.0,94,57,Mojokerto,-7.5271,112.4346
2022-05-03,32.7,23.0,27.2,0.8,0.8,4.66,8.0,22.4,89,57,Mojokerto,-7.5271,112.4346
2022-05-04,32.2,23.5,26.8,1.9,1.9,4.26,14.5,20.83,93,63,Mojokerto,-7.5271,112.4346
2022-05-05,31.9,23.7,27.3,0.1,0.1,4.45,9.1,21.28,92,56,Mojokerto,-7.5271,112.4346
2022-05-06,32.5,23.5,26.7,6.3,6.3,3.97,11.2,19.5,92,60,Mojokerto,-7.5271,112.4346
2022-05-07,32.2,23.8,27.1,1.5,1.5,3.99,6.9,19.19,95,63,Mojokerto,-7.5271,112.4346
2022-05-08,31.2,24.1,26.1,17.5,17.5,3.02,15.8,15.19,98,68,Mojokerto,-7.5271,112.4346
2022-05-09,30.5,23.4,26.0,15.8,15.8,3.08,11.2,15.06,99,68,Mojokerto,-7.5271,112.4346
2022-05-10,30.9,23.7,26.1,8.5,8.5,3.25,15.5,16.34,99,72,Mojokerto,-7.5271,112.4346
2022-05-11,31.5,23.5,26.7,1.6,1.6,3.77,14.6,18.74,99,68,Mojokerto,-7.5271,112.4346
2022-05-12,31.0,23.5,26.4,10.5,10.5,3.34,10.0,16.39,97,70,Mojokerto,-7.5271,112.4346
2022-05-13,31.1,23.1,26.6,8.3,8.3,3.79,10.3,18.66,100,73,Mojokerto,-7.5271,112.4346
2022-05-14,30.1,24.4,26.5,1.7,1.7,3.16,9.0,15.54,94,73,Mojokerto,-7.5271,112.4346
2022-05-15,32.0,23.4,26.8,3.4,3.4,4.0,10.5,19.53,94,64,Mojokerto,-7.5271,112.4346
2022-05-16,31.5,23.4,26.3,12.8,12.8,3.56,9.4,17.53,98,67,Mojokerto,-7.5271,112.4346
2022-05-17,30.6,23.6,26.1,1.1,1.1,3.42,14.2,17.14,96,66,Mojokerto,-7.5271,112.4346
2022-05-18,29.4,23.3,26.1,8.3,8.3,3.02,12.7,15.3,98,75,Mojokerto,-7.5271,112.4346
2022-05-19,29.8,23.5,25.4,12.1,12.1,2.58,18.2,13.32,99,77,Mojokerto,-7.5271,112.4346
2022-05-20,28.2,23.3,25.3,6.8,6.8,2.44,13.3,12.45,99,78,Mojokerto,-7.5271,112.4346
2022-05-21,29.4,23.0,25.4,13.2,13.2,2.75,12.5,14.24,99,77,Mojokerto,-7.5271,112.4346
2022-05-22,31.3,22.8,26.4,0.1,0.1,4.19,19.2,19.85,96,60,Mojokerto,-7.5271,112.4346
2022-05-23,32.0,22.8,26.9,0.0,0.0,4.67,19.9,20.76,86,54,Mojokerto,-7.5271,112.4346
2022-05-24,31.6,22.4,26.7,0.2,0.2,4.12,19.5,19.42,89,60,Mojokerto,-7.5271,112.4346
2022-05-25,30.6,23.2,26.6,2.4,2.4,3.72,8.5,18.35,95,70,Mojokerto,-7.5271,112.4346
2022-05-26,25.2,22.8,24.3,13.2,13.2,1.27,13.9,5.3,99,68,Mojokerto,-7.5271,112.4346
2022-05-27,30.2,22.8,25.5,3.9,3.9,2.71,11.3,12.81,93,65,Mojokerto,-7.5271,112.4346
2022-05-28,30.9,22.6,26.4,2.8,2.8,3.68,10.0,18.22,90,64,Mojokerto,-7.5271,112.4346
2022-05-29,30.5,23.0,26.0,3.0,3.0,3.38,15.0,16.86,96,69,Mojokerto,-7.5271,112.4346
2022-05-30,30.5,23.2,26.7,1.3,1.3,3.91,6.8,19.29,89,66,Mojokerto,-7.5271,112.4346
2022-05-31,30.8,24.4,26.8,5.0,5.0,3.71,7.8,18.49,94,64,Mojokerto,-7.5271,112.4346
2022-06-01,27.9,22.8,25.5,6.7,6.7,2.49,11.5,12.43,98,78,Mojokerto,-7.5271,112.4346
2022-06-02,30.8,23.5,26.5,3.7,3.7,3.77,11.4,18.59,94,62,Mojokerto,-7.5271,112.4346
2022-06-03,30.8,23.8,26.3,2.5,2.5,3.76,7.2,18.78,94,64,Mojokerto,-7.5271,112.4346
2022-06-04,30.9,22.9,26.0,1.4,1.4,3.66,13.7,18.3,93,65,Mojokerto,-7.5271,112.4346
2022-06-05,30.1,22.2,25.2,15.4,15.4,3.22,8.4,16.24,99,69,Mojokerto,-7.5271,112.4346
2022-06-06,29.8,22.2,25.2,5.1,5.1,3.08,11.0,15.61,98,70,Mojokerto,-7.5271,112.4346
2022-06-07,31.2,23.4,26.7,0.1,0.1,3.88,8.9,18.98,90,62,Mojokerto,-7.5271,112.4346
2022-06-08,30.3,23.1,26.0,4.9,4.9,3.45,17.4,17.47,94,70,Mojokerto,-7.5271,112.4346
2022-06-09,31.9,23.0,26.8,0.4,0.4,4.03,15.9,19.02,88,54,Mojokerto,-7.5271,112.4346
2022-06-10,31.1,22.5,26.2,4.0,4.0,3.56,11.0,17.43,97,62,Mojokerto,-7.5271,112.4346
2022-06-11,31.4,23.4,26.8,0.5,0.5,3.75,13.2,17.87,93,61,Mojokerto,-7.5271,112.4346
2022-06-12,29.9,22.4,25.5,8.9,8.9,3.43,9.2,17.53,100,70,Mojokerto,-7.5271,112.4346
2022-06-13,29.7,23.3,25.9,1.1,1.1,3.15,9.4,15.61,96,70,Mojokerto,-7.5271,112.4346
2022-06-14,29.6,22.4,25.5,1.0,1.0,2.85,8.2,14.39,97,71,Mojokerto,-7.5271,112.4346
2022-06-15,30.1,23.1,26.1,0.4,0.4,3.45,22.0,17.06,94,66,Mojokerto,-7.5271,112.4346
2022-06-16,30.4,23.0,25.8,2.3,2.3,3.48,7.1,17.34,96,68,Mojokerto,-7.5271,112.4346
2022-06-17,30.0,22.5,25.6,4.2,4.2,3.21,9.9,15.93,96,67,Mojokerto,-7.5271,112.4346
2022-06-18,31.5,22.1,26.5,0.0,0.0,3.98,4.7,19.69,98,57,Mojokerto,-7.5271,112.4346
2022-06-19,30.4,22.4,26.0,2.9,2.9,3.6,9.8,17.7,92,65,Mojokerto,-7.5271,112.4346
2022-06-20,31.3,22.4,25.8,7.0,7.0,3.67,8.0,18.15,90,61,Mojokerto,-7.5271,112.4346
2022-06-21,31.5,22.2,26.3,0.0,0.0,3.95,7.5,19.11,90,53,Mojokerto,-7.5271,112.4346
2022-06-22,32.2,21.3,26.2,0.0,0.0,4.27,8.7,20.63,90,45,Mojokerto,-7.5271,112.4346
2022-06-23,31.6,21.6,25.7,4.0,4.0,3.84,12.9,18.5,95,54,Mojokerto,-7.5271,112.4346
2022-06-24,31.2,21.8,26.2,0.7,0.7,4.04,9.2,19.73,92,59,Mojokerto,-7.5271,112.4346
2022-06-25,31.4,22.3,26.1,3.5,3.5,3.55,11.1,17.33,93,58,Mojokerto,-7.5271,112.4346
2022-06-26,30.5,22.7,25.0,13.9,13.9,2.92,15.2,14.88,98,65,Mojokerto,-7.5271,112.4346
2022-06-27,30.6,22.5,25.6,1.4,1.4,3.42,7.7,16.83,98,62,Mojokerto,-7.5271,112.4346
2022-06-28,29.9,21.6,25.5,0.5,0.5,3.8,9.5,19.18,95,61,Mojokerto,-7.5271,112.4346
2022-06-29,30.6,22.5,25.9,0.0,0.0,4.08,8.4,19.93,87,51,Mojokerto,-7.5271,112.4346
2022-06-30,31.5,22.1,26.4,0.4,0.4,4.15,9.3,19.82,83,52,Mojokerto,-7.5271,112.4346
2022-07-01,32.0,22.0,26.5,0.4,0.4,4.13,10.5,19.36,86,51,Mojokerto,-7.5271,112.4346
2022-07-02,32.2,22.5,26.8,0.1,0.1,4.0,8.4,18.85,89,52,Mojokerto,-7.5271,112.4346
2022-07-03,31.0,23.0,26.5,2.2,2.2,3.73,15.6,17.93,93,64,Mojokerto,-7.5271,112.4346
2022-07-04,30.4,23.2,26.4,0.7,0.7,3.34,15.9,15.44,94,69,Mojokerto,-7.5271,112.4346
2022-07-05,31.0,23.0,25.9,4.6,4.6,3.33,10.7,16.5,99,62,Mojokerto,-7.5271,112.4346
2022-07-06,30.0,22.3,25.0,25.2,25.2,3.09,6.9,15.69,99,66,Mojokerto,-7.5271,112.4346
2022-07-07,30.5,21.8,25.6,0.2,0.2,3.88,11.4,19.0,97,58,Mojokerto,-7.5271,112.4346
2022-07-08,30.3,21.6,25.4,0.0,0.0,4.01,7.1,19.97,89,49,Mojokerto,-7.5271,112.4346
2022-07-09,30.6,21.0,25.6,0.0,0.0,4.32,9.2,20.69,83,46,Mojokerto,-7.5271,112.4346
2022-07-10,31.9,20.8,26.2,0.0,0.0,4.35,9.2,20.56,88,44,Mojokerto,-7.5271,112.4346
2022-07-11,32.0,22.4,26.6,2.8,2.8,3.9,7.4,18.89,94,54,Mojokerto,-7.5271,112.4346
2022-07-12,32.2,22.3,26.7,0.6,0.6,4.19,10.0,20.02,92,51,Mojokerto,-7.5271,112.4346
2022-07-13,32.3,22.6,26.6,0.2,0.2,4.16,15.8,19.13,93,52,Mojokerto,-7.5271,112.4346
2022-07-14,30.5,22.3,26.2,1.2,1.2,3.74,15.5,17.45,98,61,Mojokerto,-7.5271,112.4346
2022-07-15,32.4,23.4,27.3,0.0,0.0,4.56,16.3,20.22,91,51,Mojokerto,-7.5271,112.4346
2022-07-16,32.0,22.5,27.0,0.5,0.5,4.14,6.9,19.87,93,51,Mojokerto,-7.5271,112.4346
2022-07-17,31.1,23.2,25.9,0.5,0.5,3.09,10.1,14.44,87,56,Mojokerto,-7.5271,112.4346
2022-07-18,32.5,22.5,27.0,0.7,0.7,4.38,9.3,20.66,92,50,Mojokerto,-7.5271,112.4346
2022-07-19,33.7,21.8,27.4,0.0,0.0,4.73,16.1,21.0,94,41,Mojokerto,-7.5271,112.4346
2022-07-20,32.7,21.8,26.6,0.0,0.0,4.87,16.6,21.47,92,46,Mojokerto,-7.5271,112.4346
2022-07-21,34.0,21.9,27.5,0.0,0.0,4.72,9.5,21.31,80,38,Mojokerto,-7.5271,112.4346
2022-07-22,33.3,22.8,27.8,0.0,0.0,4.07,6.4,19.24,87,44,Mojokerto,-7.5271,112.4346
2022-07-23,32.5,23.0,27.0,0.5,0.5,4.04,9.7,18.75,90,48,Mojokerto,-7.5271,112.4346
2022-07-24,31.2,22.1,26.5,0.6,0.6,4.07,10.0,18.81,91,51,Mojokerto,-7.5271,112.4346
2022-07-25,32.3,20.8,25.9,0.0,0.0,4.9,17.4,21.73,81,33,Mojokerto,-7.5271,112.4346
2022-07-26,32.5,18.4,26.0,0.0,0.0,4.97,12.6,22.03,80,33,Mojokerto,-7.5271,112.4346
2022-07-27,33.9,21.8,27.5,0.0,0.0,5.09,15.8,20.97,82,40,Mojokerto,-7.5271,112.4346
2022-07-28,33.9,22.0,27.1,0.0,0.0,5.06,18.4,21.73,89,38,Mojokerto,-7.5271,112.4346
2022-07-29,33.2,21.7,26.9,0.0,0.0,5.11,17.1,21.78,88,37,Mojokerto,-7.5271,112.4346
2022-07-30,33.5,21.5,27.1,0.0,0.0,4.95,16.1,21.88,84,37,Mojokerto,-7.5271,112.4346
2022-07-31,33.3,21.5,27.1,0.0,0.0,4.94,17.1,20.64,89,40,Mojokerto,-7.5271,112.4346
2022-08-01,33.4,21.6,27.2,0.0,0.0,5.35,16.4,22.18,82,38,Mojokerto,-7.5271,112.4346
2022-08-02,32.9,22.7,27.2,1.5,1.5,4.17,15.1,18.82,92,50,Mojokerto,-7.5271,112.4346
2022-08-03,33.6,22.6,27.7,0.0,0.0,4.97,16.9,21.54,95,42,Mojokerto,-7.5271,112.4346
2022-08-04,32.5,22.8,27.6,1.1,1.1,4.51,11.6,20.4,92,49,Mojokerto,-7.5271,112.4346
2022-08-05,33.8,22.2,27.6,0.0,0.0,4.79,8.6,21.77,84,37,Mojokerto,-7.5271,112.4346
2022-08-06,31.9,21.6,27.1,0.9,0.9,4.49,7.9,20.93,84,46,Mojokerto,-7.5271,112.4346
2022-08-07,33.0,22.0,26.4,1.9,1.9,4.04,10.1,19.38,84,47,Mojokerto,-7.5271,112.4346
2022-08-08,33.8,22.9,27.8,0.5,0.5,4.64,8.7,21.1,91,43,Mojokerto,-7.5271,112.4346
2022-08-09,34.7,23.2,28.0,0.0,0.0,4.95,11.5,22.09,84,32,Mojokerto,-7.5271,112.4346
2022-08-10,34.5,22.7,28.3,0.0,0.0,4.95,12.9,21.33,87,39,Mojokerto,-7.5271,112.4346
2022-08-11,34.3,23.5,28.5,0.8,0.8,5.13,15.3,20.95,89,39,Mojokerto,-7.5271,112.4346
2022-08-12,33.2,23.3,27.7,1.8,1.8,4.5,21.1,19.36,91,49,Mojokerto,-7.5271,112.4346
2022-08-13,33.9,23.6,26.7,8.6,8.6,3.66,12.2,17.34,99,47,Mojokerto,-7.5271,112.4346
2022-08-14,31.8,22.5,25.4,9.9,9.9,3.55,16.4,17.38,100,56,Mojokerto,-7.5271,112.4346
2022-08-15,32.1,22.0,26.5,0.7,0.7,4.37,16.4,20.4,97,56,Mojokerto,-7.5271,112.4346
2022-08-16,32.2,23.0,26.1,4.0,4.0,4.12,14.5,20.15,94,58,Mojokerto,-7.5271,112.4346
2022-08-17,32.6,22.1,26.5,0.6,0.6,4.32,7.2,20.78,93,42,Mojokerto,-7.5271,112.4346
2022-08-18,33.5,21.0,26.9,0.0,0.0,4.97,16.7,22.27,91,39,Mojokerto,-7.5271,112.4346
2022-08-19,33.5,22.1,27.4,0.4,0.4,4.89,10.0,22.52,91,40,Mojokerto,-7.5271,112.4346
2022-08-20,33.5,22.5,27.5,0.1,0.1,4.93,12.6,22.06,87,40,Mojokerto,-7.5271,112.4346
2022-08-21,33.5,22.0,27.2,0.0,0.0,4.98,14.9,21.93,88,39,Mojokerto,-7.5271,112.4346
2022-08-22,33.8,21.8,27.9,0.2,0.2,5.1,8.9,23.0,89,35,Mojokerto,-7.5271,112.4346
2022-08-23,34.3,22.0,27.9,0.2,0.2,5.09,11.2,22.55,90,34,Mojokerto,-7.5271,112.4346
2022-08-24,34.2,21.1,27.3,0.0,0.0,5.56,15.0,23.98,85,31,Mojokerto,-7.5271,112.4346
2022-08-25,34.9,21.9,27.9,0.0,0.0,5.39,13.9,22.79,85,30,Mojokerto,-7.5271,112.4346
2022-08-26,34.8,22.6,28.2,0.1,0.1,5.26,14.1,22.81,85,36,Mojokerto,-7.5271,112.4346
2022-08-27,33.2,23.1,27.0,0.8,0.8,4.28,20.1,19.8,89,45,Mojokerto,-7.5271,112.4346
2022-08-28,33.7,22.3,27.3,0.1,0.1,4.95,7.9,22.73,87,40,Mojokerto,-7.5271,112.4346
2022-08-29,34.8,22.0,28.0,0.0,0.0,5.08,8.7,23.03,83,33,Mojokerto,-7.5271,112.4346
2022-08-30,35.7,22.1,28.4,0.0,0.0,5.29,9.9,22.84,93,36,Mojokerto,-7.5271,112.4346
2022-08-31,33.8,23.6,27.7,1.7,1.7,4.81,11.6,22.06,88,42,Mojokerto,-7.5271,112.4346
2022-09-01,35.6,22.5,28.3,0.0,0.0,5.86,20.5,23.81,88,32,Mojokerto,-7.5271,112.4346
2022-09-02,35.2,22.8,28.7,0.3,0.3,5.32,10.7,22.89,85,37,Mojokerto,-7.5271,112.4346
2022-09-03,35.5,23.3,29.0,0.1,0.1,5.38,9.8,23.56,86,33,Mojokerto,-7.5271,112.4346
2022-09-04,35.2,23.9,28.4,0.7,0.7,4.86,15.6,21.37,85,38,Mojokerto,-7.5271,112.4346
2022-09-05,33.3,23.8,28.1,0.1,0.1,4.35,9.9,18.27,86,43,Mojokerto,-7.5271,112.4346
2022-09-06,34.7,23.5,28.6,0.1,0.1,5.3,16.3,23.1,91,38,Mojokerto,-7.5271,112.4346
2022-09-07,35.0,23.2,27.8,3.0,3.0,4.9,12.0,22.35,97,39,Mojokerto,-7.5271,112.4346
2022-09-08,35.7,22.5,27.6,0.3,0.3,4.92,13.9,21.36,92,35,Mojokerto,-7.5271,112.4346
2022-09-09,31.2,23.4,26.3,6.4,6.4,2.82,14.3,13.07,89,52,Mojokerto,-7.5271,112.4346
2022-09-10,33.1,23.3,26.3,13.0,13.0,4.03,12.7,19.16,98,50,Mojokerto,-7.5271,112.4346
2022-09-11,32.8,22.8,26.6,2.2,2.2,4.58,12.2,21.78,99,51,Mojokerto,-7.5271,112.4346
2022-09-12,33.8,21.3,27.0,0.0,0.0,6.23,20.8,25.33,92,34,Mojokerto,-7.5271,112.4346
2022-09-13,35.7,21.0,28.1,0.0,0.0,5.57,7.1,24.63,74,28,Mojokerto,-7.5271,112.4346
2022-09-14,36.0,22.8,28.8,0.1,0.1,5.67,15.0,23.8,81,29,Mojokerto,-7.5271,112.4346
2022-09-15,36.3,22.4,29.0,0.0,0.0,5.56,8.7,24.08,90,29,Mojokerto,-7.5271,112.4346
2022-09-16,36.0,23.3,28.8,0.0,0.0,5.06,9.4,22.13,85,33,Mojokerto,-7.5271,112.4346
2022-09-17,36.8,23.0,29.1,0.0,0.0,6.4,19.2,25.2,79,23,Mojokerto,-7.5271,112.4346
2022-09-18,36.5,22.6,29.1,0.0,0.0,5.77,9.2,24.96,80,23,Mojokerto,-7.5271,112.4346
2022-09-19,36.4,22.8,28.9,0.2,0.2,5.69,11.0,24.26,83,29,Mojokerto,-7.5271,112.4346
2022-09-20,36.0,22.5,28.7,1.2,1.2,5.5,8.9,23.43,80,34,Mojokerto,-7.5271,112.4346
2022-09-21,35.9,24.1,27.8,3.4,3.4,4.48,13.0,19.8,83,37,Mojokerto,-7.5271,112.4346
2022-09-22,35.8,23.3,28.7,0.0,0.0,5.33,11.9,23.5,87,36,Mojokerto,-7.5271,112.4346
2022-09-23,37.0,23.3,29.4,0.1,0.1,6.03,22.7,24.48,89,29,Mojokerto,-7.5271,112.4346
2022-09-24,37.7,23.6,29.7,0.0,0.0,6.8,25.6,25.21,79,24,Mojokerto,-7.5271,112.4346
2022-09-25,36.5,23.4,29.4,0.1,0.1,5.57,9.2,24.38,87,31,Mojokerto,-7.5271,112.4346
2022-09-26,35.3,24.2,29.0,0.3,0.3,5.59,11.4,24.18,79,38,Mojokerto,-7.5271,112.4346
2022-09-27,37.0,23.5,29.5,0.0,0.0,5.55,7.9,24.46,83,22,Mojokerto,-7.5271,112.4346
2022-09-28,36.3,23.2,29.1,0.0,0.0,5.95,8.9,25.31,77,26,Mojokerto,-7.5271,112.4346
2022-09-29,36.6,22.8,29.1,0.1,0.1,6.18,17.7,24.95,88,28,Mojokerto,-7.5271,112.4346
2022-09-30,34.7,24.5,27.2,10.7,10.7,3.82,19.0,18.01,86,45,Mojokerto,-7.5271,112.4346
2022-10-01,34.0,23.9,27.1,25.3,25.3,3.51,9.5,16.18,96,46,Mojokerto,-7.5271,112.4346
2022-10-02,32.5,24.0,26.8,2.7,2.7,4.26,10.7,20.11,96,57,Mojokerto,-7.5271,112.4346
2022-10-03,28.5,23.1,25.4,7.5,7.5,2.81,7.9,13.96,97,73,Mojokerto,-7.5271,112.4346
2022-10-04,31.7,22.9,25.9,7.3,7.3,3.79,12.0,18.23,97,54,Mojokerto,-7.5271,112.4346
2022-10-05,31.6,23.9,26.1,1.1,1.1,3.59,14.8,17.0,95,61,Mojokerto,-7.5271,112.4346
2022-10-06,32.3,22.6,25.5,20.7,20.7,3.9,10.3,19.11,96,56,Mojokerto,-7.5271,112.4346
2022-10-07,31.7,22.9,26.6,2.0,2.0,4.38,14.5,21.07,98,60,Mojokerto,-7.5271,112.4346
2022-10-08,32.8,22.9,25.9,6.9,6.9,4.28,11.9,20.81,99,57,Mojokerto,-7.5271,112.4346
2022-10-09,33.2,23.0,26.2,7.0,7.0,4.56,10.3,22.15,97,54,Mojokerto,-7.5271,112.4346
2022-10-10,32.5,22.8,26.0,7.7,7.7,3.94,8.7,19.41,95,59,Mojokerto,-7.5271,112.4346
2022-10-11,31.4,23.4,25.9,20.5,20.5,3.28,9.7,15.89,94,64,Mojokerto,-7.5271,112.4346
2022-10-12,30.5,22.5,26.0,15.3,15.3,3.7,11.3,18.08,92,66,Mojokerto,-7.5271,112.4346
2022-10-13,31.0,23.4,25.9,17.4,17.4,3.9,9.3,19.23,99,63,Mojokerto,-7.5271,112.4346
2022-10-14,31.0,22.4,26.0,8.6,8.6,4.35,8.0,21.36,100,66,Mojokerto,-7.5271,112.4346
2022-10-15,30.2,22.1,25.2,53.9,53.9,3.64,9.8,18.06,99,69,Mojokerto,-7.5271,112.4346
2022-10-16,31.1,22.6,26.9,1.0,1.0,4.76,7.9,23.07,96,68,Mojokerto,-7.5271,112.4346
2022-10-17,29.6,24.5,26.6,0.5,0.5,3.75,11.1,18.39,91,68,Mojokerto,-7.5271,112.4346
2022-10-18,29.9,23.9,25.5,9.1,9.1,2.56,6.1,12.08,98,69,Mojokerto,-7.5271,112.4346
2022-10-19,29.4,22.8,25.5,2.3,2.3,2.84,9.0,13.87,98,73,Mojokerto,-7.5271,112.4346
2022-10-20,30.9,23.5,25.8,9.3,9.3,3.57,10.6,17.81,99,68,Mojokerto,-7.5271,112.4346
2022-10-21,28.2,23.0,25.1,23.0,23.0,2.49,11.7,12.62,99,81,Mojokerto,-7.5271,112.4346
2022-10-22,31.5,23.1,26.6,2.2,2.2,4.15,8.3,19.88,100,61,Mojokerto,-7.5271,112.4346
2022-10-23,30.7,23.5,26.1,13.5,13.5,3.49,10.8,17.18,97,70,Mojokerto,-7.5271,112.4346
2022-10-24,29.6,23.5,26.2,2.7,2.7,3.67,8.6,17.73,99,67,Mojokerto,-7.5271,112.4346
2022-10-25,31.2,23.4,25.8,4.6,4.6,3.85,11.3,18.84,97,64,Mojokerto,-7.5271,112.4346
2022-10-26,29.1,23.5,25.3,5.0,5.0,3.05,8.3,15.15,98,70,Mojokerto,-7.5271,112.4346
2022-10-27,31.5,22.0,26.4,0.8,0.8,4.81,15.0,22.67,100,53,Mojokerto,-7.5271,112.4346
2022-10-28,31.3,22.5,27.1,0.0,0.0,5.8,21.4,25.69,76,50,Mojokerto,-7.5271,112.4346
2022-10-29,30.6,23.5,26.7,0.0,0.0,4.29,13.5,20.03,84,53,Mojokerto,-7.5271,112.4346
2022-10-30,32.0,21.9,26.8,0.0,0.0,5.6,17.3,25.87,89,49,Mojokerto,-7.5271,112.4346
2022-10-31,32.0,21.1,27.0,0.0,0.0,4.84,7.3,23.16,89,41,Mojokerto,-7.5271,112.4346
2022-11-01,30.8,23.0,26.3,4.3,4.3,4.18,8.7,20.21,99,63,Mojokerto,-7.5271,112.4346
2022-11-02,31.0,23.2,26.7,1.4,1.4,4.39,7.5,21.63,97,63,Mojokerto,-7.5271,112.4346
2022-11-03,32.7,23.3,27.2,4.3,4.3,4.9,12.8,23.18,94,57,Mojokerto,-7.5271,112.4346
2022-11-04,33.5,23.4,26.8,14.6,14.6,4.35,11.7,21.04,95,53,Mojokerto,-7.5271,112.4346
2022-11-05,32.8,23.5,26.7,7.0,7.0,4.31,11.6,20.93,96,58,Mojokerto,-7.5271,112.4346
2022-11-06,32.1,23.4,25.8,22.8,22.8,3.78,9.2,18.45,99,61,Mojokerto,-7.5271,112.4346
2022-11-07,30.1,22.8,25.2,8.7,8.7,2.97,12.2,14.61,100,68,Mojokerto,-7.5271,112.4346
2022-11-08,31.8,23.0,26.2,3.5,3.5,4.25,13.9,20.43,98,59,Mojokerto,-7.5271,112.4346
2022-11-09,29.2,23.4,25.4,15.2,15.2,2.95,8.9,14.56,98,75,Mojokerto,-7.5271,112.4346
2022-11-10,31.9,22.6,25.9,24.8,24.8,3.89,7.9,18.74,98,61,Mojokerto,-7.5271,112.4346
2022-11-11,31.2,23.2,26.0,6.2,6.2,3.89,4.7,18.86,99,65,Mojokerto,-7.5271,112.4346
2022-11-12,29.5,23.6,25.7,11.4,11.4,3.0,13.2,15.03,100,69,Mojokerto,-7.5271,112.4346
2022-11-13,30.0,23.5,25.9,10.2,10.2,3.34,11.7,16.54,100,75,Mojokerto,-7.5271,112.4346
2022-11-14,31.0,23.8,25.9,14.0,14.0,3.36,11.3,16.45,99,66,Mojokerto,-7.5271,112.4346
2022-11-15,30.2,22.6,25.5,19.9,19.9,3.3,13.7,16.25,100,72,Mojokerto,-7.5271,112.4346
2022-11-16,30.5,23.2,25.6,18.7,18.7,2.97,16.3,14.83,95,71,Mojokerto,-7.5271,112.4346
2022-11-17,32.4,23.2,26.3,44.9,44.9,4.32,13.9,20.52,94,58,Mojokerto,-7.5271,112.4346
2022-11-18,30.8,23.7,26.3,3.5,3.5,3.26,11.4,15.01,98,62,Mojokerto,-7.5271,112.4346
2022-11-19,26.6,23.1,24.9,11.0,11.0,1.48,8.4,6.79,99,68,Mojokerto,-7.5271,112.4346
2022-11-20,30.2,23.1,26.1,2.3,2.3,3.92,11.5,19.14,94,66,Mojokerto,-7.5271,112.4346
2022-11-21,31.5,22.7,26.4,1.6,1.6,4.68,12.3,22.97,99,60,Mojokerto,-7.5271,112.4346
2022-11-22,31.8,23.0,26.9,0.0,0.0,4.44,13.2,20.76,97,57,Mojokerto,-7.5271,112.4346
2022-11-23,29.6,23.6,26.1,5.3,5.3,2.92,7.4,14.16,96,72,Mojokerto,-7.5271,112.4346
2022-11-24,32.0,23.4,26.0,6.7,6.7,3.51,14.0,16.43,99,59,Mojokerto,-7.5271,112.4346
2022-11-25,30.8,22.6,25.4,7.9,7.9,3.74,11.8,18.49,100,63,Mojokerto,-7.5271,112.4346
2022-11-26,29.4,23.0,25.0,13.3,13.3,3.42,14.1,17.34,99,75,Mojokerto,-7.5271,112.4346
2022-11-27,30.3,22.2,25.0,11.5,11.5,3.25,15.5,16.16,99,67,Mojokerto,-7.5271,112.4346
2022-11-28,30.5,23.1,25.7,7.4,7.4,3.26,8.6,15.46,100,65,Mojokerto,-7.5271,112.4346
2022-11-29,29.6,23.4,25.8,4.1,4.1,3.25,7.3,16.05,97,74,Mojokerto,-7.5271,112.4346
2022-11-30,31.4,23.2,25.9,1.2,1.2,3.81,7.2,18.17,95,60,Mojokerto,-7.5271,112.4346
2022-12-01,31.2,22.0,26.3,0.4,0.4,4.71,10.6,23.0,99,60,Mojokerto,-7.5271,112.4346
2022-12-02,30.9,23.8,26.0,21.3,21.3,3.56,10.2,17.32,98,62,Mojokerto,-7.5271,112.4346
2022-12-03,31.4,24.0,26.3,3.2,3.2,4.17,8.0,20.35,90,59,Mojokerto,-7.5271,112.4346
2022-12-04,30.4,23.3,25.8,4.4,4.4,3.58,10.2,17.67,99,67,Mojokerto,-7.5271,112.4346
2022-12-05,30.1,22.8,25.4,7.9,7.9,3.35,14.8,17.03,100,68,Mojokerto,-7.5271,112.4346
2022-12-06,31.0,23.4,26.1,5.4,5.4,3.93,13.2,19.35,98,66,Mojokerto,-7.5271,112.4346
2022-12-07,31.5,23.2,26.1,2.3,2.3,3.73,17.9,17.86,96,60,Mojokerto,-7.5271,112.4346
2022-12-08,32.7,23.5,27.5,0.1,0.1,5.08,10.9,23.6,96,53,Mojokerto,-7.5271,112.4346
2022-12-09,32.7,24.4,27.5,0.9,0.9,4.82,9.7,22.89,82,51,Mojokerto,-7.5271,112.4346
2022-12-10,32.3,23.5,27.5,0.3,0.3,5.04,8.3,23.99,94,48,Mojokerto,-7.5271,112.4346
2022-12-11,34.8,23.9,28.6,0.3,0.3,5.3,9.2,24.55,85,37,Mojokerto,-7.5271,112.4346
2022-12-12,33.2,24.1,28.0,0.9,0.9,4.67,10.5,21.66,85,48,Mojokerto,-7.5271,112.4346
2022-12-13,33.3,23.9,27.3,4.5,4.5,4.39,13.4,20.92,98,51,Mojokerto,-7.5271,112.4346
2022-12-14,31.6,23.5,26.4,9.2,9.2,3.85,11.5,18.52,97,58,Mojokerto,-7.5271,112.4346
2022-12-15,31.9,22.8,26.0,19.9,19.9,4.0,9.4,19.43,97,58,Mojokerto,-7.5271,112.4346
2022-12-16,30.5,23.2,26.2,2.9,2.9,3.13,9.9,14.21,95,62,Mojokerto,-7.5271,112.4346
2022-12-17,31.3,23.3,26.4,2.8,2.8,4.03,9.8,19.4,98,57,Mojokerto,-7.5271,112.4346
2022-12-18,32.1,22.2,26.9,1.0,1.0,5.05,13.7,24.03,96,53,Mojokerto,-7.5271,112.4346
2022-12-19,32.3,22.1,26.5,2.2,2.2,4.31,8.8,20.47,96,51,Mojokerto,-7.5271,112.4346
2022-12-20,32.9,22.5,27.0,1.2,1.2,4.66,7.7,22.25,93,51,Mojokerto,-7.5271,112.4346
2022-12-21,33.4,24.1,27.9,1.2,1.2,4.9,20.0,22.16,87,50,Mojokerto,-7.5271,112.4346
2022-12-22,30.7,24.5,26.9,7.1,7.1,4.0,18.4,16.24,97,58,Mojokerto,-7.5271,112.4346
2022-12-23,30.7,23.4,25.6,47.0,47.0,3.13,16.5,13.71,96,60,Mojokerto,-7.5271,112.4346
2022-12-24,30.7,23.1,25.9,3.7,3.7,3.55,15.1,15.14,89,58,Mojokerto,-7.5271,112.4346
2022-12-25,26.1,23.0,24.3,13.9,13.9,1.75,14.0,8.11,94,82,Mojokerto,-7.5271,112.4346
2022-12-26,29.1,22.5,24.5,18.6,18.6,2.85,17.4,14.0,96,73,Mojokerto,-7.5271,112.4346
2022-12-27,30.2,22.5,24.5,16.1,16.1,3.09,14.3,15.43,99,65,Mojokerto,-7.5271,112.4346
2022-12-28,30.9,22.8,25.3,32.4,32.4,3.73,16.8,17.83,89,66,Mojokerto,-7.5271,112.4346
2022-12-29,27.6,22.9,24.5,26.6,26.6,2.03,15.7,9.62,96,81,Mojokerto,-7.5271,112.4346
2022-12-30,26.9,23.1,24.2,18.5,18.5,1.61,12.1,7.52,96,84,Mojokerto,-7.5271,112.4346
2022-12-31,26.1,22.6,24.1,34.8,34.8,1.78,15.3,8.58,96,85,Mojokerto,-7.5271,112.4346
2023-01-01,27.8,23.0,24.5,23.4,23.4,2.36,15.2,12.02,93,78,Mojokerto,-7.5271,112.4346
2023-01-02,28.8,23.4,25.0,14.1,14.1,2.92,16.6,14.44,93,75,Mojokerto,-7.5271,112.4346
2023-01-03,29.9,23.3,25.7,8.3,8.3,4.48,18.4,21.88,92,65,Mojokerto,-7.5271,112.4346
2023-01-04,31.0,23.3,25.7,9.2,9.2,4.55,18.9,22.44,93,63,Mojokerto,-7.5271,112.4346
2023-01-05,30.5,23.6,26.6,13.1,13.1,4.86,17.6,21.99,86,64,Mojokerto,-7.5271,112.4346
2023-01-06,31.0,24.5,27.4,1.5,1.5,4.99,23.7,19.59,76,60,Mojokerto,-7.5271,112.4346
2023-01-07,32.2,24.2,27.6,0.0,0.0,5.45,22.0,24.46,99,58,Mojokerto,-7.5271,112.4346
2023-01-08,31.7,23.9,26.5,2.3,2.3,4.51,13.7,21.92,93,59,Mojokerto,-7.5271,112.4346
2023-01-09,31.4,22.4,25.7,3.5,3.5,4.46,10.0,22.03,98,60,Mojokerto,-7.5271,112.4346
2023-01-10,29.6,22.5,25.8,2.1,2.1,4.4,7.8,22.15,91,70,Mojokerto,-7.5271,112.4346
2023-01-11,31.9,23.1,26.7,1.1,1.1,4.84,11.6,23.62,92,60,Mojokerto,-7.5271,112.4346
2023-01-12,30.8,22.0,26.1,1.2,1.2,4.51,7.3,22.16,94,61,Mojokerto,-7.5271,112.4346
2023-01-13,31.2,23.1,26.5,0.5,0.5,4.81,9.1,23.5,93,56,Mojokerto,-7.5271,112.4346
2023-01-14,31.5,22.6,26.9,2.3,2.3,5.03,11.2,24.11,94,58,Mojokerto,-7.5271,112.4346
2023-01-15,32.0,23.6,26.4,7.7,7.7,4.46,10.5,21.57,97,60,Mojokerto,-7.5271,112.4346
2023-01-16,31.4,23.0,25.6,24.2,24.2,3.33,9.7,16.34,94,63,Mojokerto,-7.5271,112.4346
2023-01-17,30.0,23.3,25.5,14.2,14.2,3.37,13.7,16.75,98,70,Mojokerto,-7.5271,112.4346
2023-01-18,30.5,23.1,25.6,11.5,11.5,3.51,13.6,17.06,96,67,Mojokerto,-7.5271,112.4346
2023-01-19,30.6,22.9,25.5,10.5,10.5,4.07,12.5,20.27,98,64,Mojokerto,-7.5271,112.4346
2023-01-20,30.5,22.8,25.8,6.0,6.0,4.11,12.1,20.43,99,64,Mojokerto,-7.5271,112.4346
2023-01-21,30.6,22.9,25.6,11.6,11.6,4.25,12.2,21.46,99,68,Mojokerto,-7.5271,112.4346
2023-01-22,30.7,22.6,25.6,7.0,7.0,3.94,14.7,20.09,100,68,Mojokerto,-7.5271,112.4346
2023-01-23,31.6,22.9,26.9,2.1,2.1,5.14,9.1,24.68,100,52,Mojokerto,-7.5271,112.4346
2023-01-24,32.0,23.6,26.9,0.3,0.3,4.91,11.2,23.8,93,54,Mojokerto,-7.5271,112.4346
2023-01-25,29.8,23.1,25.3,38.4,38.4,2.92,10.7,14.49,98,69,Mojokerto,-7.5271,112.4346
2023-01-26,30.2,23.5,26.0,8.8,8.8,3.28,17.4,15.17,99,65,Mojokerto,-7.5271,112.4346
2023-01-27,28.0,23.1,24.8,10.7,10.7,2.34,13.5,11.76,97,79,Mojokerto,-7.5271,112.4346
2023-01-28,28.5,22.4,24.6,29.8,29.8,2.36,14.6,11.4,97,74,Mojokerto,-7.5271,112.4346
2023-01-29,30.8,23.2,25.3,18.0,18.0,3.72,14.3,18.77,96,66,Mojokerto,-7.5271,112.4346
2023-01-30,31.0,23.2,25.6,21.8,21.8,3.22,13.2,15.82,97,68,Mojokerto,-7.5271,112.4346
2023-01-31,29.0,23.2,25.9,3.4,3.4,2.92,17.6,13.22,95,72,Mojokerto,-7.5271,112.4346
2023-02-01,30.6,23.2,25.5,32.7,32.7,3.26,12.2,15.58,97,67,Mojokerto,-7.5271,112.4346
2023-02-02,27.6,23.2,25.0,9.4,9.4,2.1,12.1,9.86,96,75,Mojokerto,-7.5271,112.4346
2023-02-03,27.5,23.2,25.3,5.8,5.8,1.66,14.7,6.27,95,76,Mojokerto,-7.5271,112.4346
2023-02-04,27.8,23.3,24.6,10.0,10.0,2.45,13.3,12.48,96,78,Mojokerto,-7.5271,112.4346
2023-02-05,29.3,22.6,26.1,4.2,4.2,3.69,16.4,14.61,94,51,Mojokerto,-7.5271,112.4346
2023-02-06,29.5,22.8,26.2,0.0,0.0,4.08,14.0,18.46,81,65,Mojokerto,-7.5271,112.4346
2023-02-07,29.7,23.2,25.6,21.2,21.2,3.33,14.7,15.0,95,64,Mojokerto,-7.5271,112.4346
2023-02-08,26.5,22.5,24.3,34.2,34.2,1.64,16.2,7.81,97,82,Mojokerto,-7.5271,112.4346
2023-02-09,30.2,22.7,25.1,47.4,47.4,3.63,12.8,17.95,98,69,Mojokerto,-7.5271,112.4346
2023-02-10,30.5,23.4,25.3,19.6,19.6,3.75,13.0,18.75,96,69,Mojokerto,-7.5271,112.4346
2023-02-11,29.0,23.6,25.1,19.2,19.2,2.73,16.8,13.46,94,77,Mojokerto,-7.5271,112.4346
2023-02-12,29.0,23.6,25.3,14.1,14.1,3.03,11.2,15.1,97,72,Mojokerto,-7.5271,112.4346
2023-02-13,29.8,23.8,26.1,10.0,10.0,3.75,20.3,17.51,98,66,Mojokerto,-7.5271,112.4346
2023-02-14,30.7,23.3,25.6,15.2,15.2,4.21,15.9,21.02,98,68,Mojokerto,-7.5271,112.4346
2023-02-15,29.6,22.6,25.0,27.1,27.1,3.44,16.0,17.27,99,67,Mojokerto,-7.5271,112.4346
2023-02-16,28.2,22.8,24.6,43.6,43.6,2.49,11.6,12.39,98,81,Mojokerto,-7.5271,112.4346
2023-02-17,30.0,22.5,25.1,19.7,19.7,3.73,12.7,19.06,99,70,Mojokerto,-7.5271,112.4346
2023-02-18,29.8,22.8,25.0,11.7,11.7,3.34,14.3,16.85,99,70,Mojokerto,-7.5271,112.4346
2023-02-19,30.7,22.6,26.0,0.2,0.2,4.54,18.0,22.62,99,66,Mojokerto,-7.5271,112.4346
2023-02-20,30.2,23.2,25.7,24.2,24.2,4.03,13.5,20.21,99,66,Mojokerto,-7.5271,112.4346
2023-02-21,30.1,22.8,25.2,20.5,20.5,3.73,10.4,19.12,98,70,Mojokerto,-7.5271,112.4346
2023-02-22,30.5,22.9,25.2,18.0,18.0,3.54,13.2,18.01,99,69,Mojokerto,-7.5271,112.4346
2023-02-23,28.1,23.5,25.0,13.6,13.6,2.47,14.9,12.04,94,79,Mojokerto,-7.5271,112.4346
2023-02-24,29.1,23.2,25.6,8.8,8.8,3.35,21.0,16.13,94,71,Mojokerto,-7.5271,112.4346
2023-02-25,30.4,23.8,25.5,23.7,23.7,3.25,17.0,15.57,92,70,Mojokerto,-7.5271,112.4346
2023-02-26,28.9,22.8,24.3,27.5,27.5,2.84,17.3,14.44,98,74,Mojokerto,-7.5271,112.4346
2023-02-27,27.6,23.5,24.7,27.1,27.1,2.41,16.8,11.76,92,80,Mojokerto,-7.5271,112.4346
2023-02-28,29.8,23.0,25.1,18.2,18.2,2.96,19.7,14.14,96,69,Mojokerto,-7.5271,112.4346
2023-03-01,29.5,22.8,25.1,10.9,10.9,3.55,17.1,17.68,99,69,Mojokerto,-7.5271,112.4346
2023-03-02,26.8,22.5,24.1,22.9,22.9,2.58,12.8,13.06,97,83,Mojokerto,-7.5271,112.4346
2023-03-03,30.1,22.0,25.1,1.2,1.2,4.19,13.5,21.42,99,66,Mojokerto,-7.5271,112.4346
2023-03-04,31.6,21.9,25.6,20.7,20.7,4.52,12.8,22.6,97,62,Mojokerto,-7.5271,112.4346
2023-03-05,30.0,22.0,25.1,6.4,6.4,3.85,16.9,19.88,99,68,Mojokerto,-7.5271,112.4346
2023-03-06,31.5,23.4,26.9,0.1,0.1,4.81,20.3,22.82,92,59,Mojokerto,-7.5271,112.4346
2023-03-07,31.6,21.3,26.0,0.1,0.1,5.04,5.5,24.74,99,54,Mojokerto,-7.5271,112.4346
2023-03-08,29.8,22.4,25.0,5.5,5.5,3.74,10.4,19.19,98,72,Mojokerto,-7.5271,112.4346
2023-03-09,30.5,22.5,25.7,3.0,3.0,4.21,7.4,21.1,97,64,Mojokerto,-7.5271,112.4346
2023-03-10,30.2,23.3,26.0,23.0,23.0,3.91,11.0,19.39,96,73,Mojokerto,-7.5271,112.4346
2023-03-11,31.9,23.1,26.5,30.5,30.5,4.23,14.3,21.04,95,65,Mojokerto,-7.5271,112.4346
2023-03-12,31.0,22.1,26.4,0.3,0.3,4.51,13.0,22.28,93,65,Mojokerto,-7.5271,112.4346
2023-03-13,31.0,22.4,25.8,0.8,0.8,4.64,16.3,23.27,96,58,Mojokerto,-7.5271,112.4346
2023-03-14,30.4,21.9,24.9,16.4,16.4,4.19,10.5,21.23,100,62,Mojokerto,-7.5271,112.4346
2023-03-15,31.0,22.6,26.1,0.3,0.3,4.42,14.4,22.07,99,64,Mojokerto,-7.5271,112.4346
2023-03-16,30.5,23.5,26.5,6.3,6.3,4.28,11.6,21.36,95,66,Mojokerto,-7.5271,112.4346
2023-03-17,31.2,23.2,26.2,4.8,4.8,4.05,10.0,19.8,98,65,Mojokerto,-7.5271,112.4346
2023-03-18,32.0,22.8,26.1,9.1,9.1,4.51,7.9,22.39,97,64,Mojokerto,-7.5271,112.4346
2023-03-19,31.2,23.2,26.6,7.8,7.8,4.48,12.3,22.26,94,62,Mojokerto,-7.5271,112.4346
2023-03-20,30.8,23.0,26.2,23.7,23.7,4.22,8.6,20.7,100,69,Mojokerto,-7.5271,112.4346
2023-03-21,32.0,22.9,26.8,6.8,6.8,5.13,13.7,24.98,97,60,Mojokerto,-7.5271,112.4346
2023-03-22,30.9,23.4,26.5,2.3,2.3,3.71,6.8,17.85,98,65,Mojokerto,-7.5271,112.4346
2023-03-23,31.6,23.5,26.5,7.6,7.6,3.9,15.5,19.16,98,65,Mojokerto,-7.5271,112.4346
2023-03-24,31.3,24.0,26.3,22.1,22.1,3.71,10.0,18.08,99,68,Mojokerto,-7.5271,112.4346
2023-03-25,30.4,23.2,25.5,19.0,19.0,3.57,12.6,18.08,97,71,Mojokerto,-7.5271,112.4346
2023-03-26,29.7,22.6,25.2,7.7,7.7,3.35,11.7,17.03,99,74,Mojokerto,-7.5271,112.4346
2023-03-27,28.5,23.4,25.4,9.3,9.3,2.79,10.1,13.95,94,78,Mojokerto,-7.5271,112.4346
2023-03-28,28.5,23.0,25.6,20.1,20.1,3.0,9.4,15.05,94,74,Mojokerto,-7.5271,112.4346
2023-03-29,30.0,23.5,26.0,2.1,2.1,3.57,10.2,17.6,96,71,Mojokerto,-7.5271,112.4346
2023-03-30,31.0,23.5,25.7,12.4,12.4,3.58,10.9,17.64,98,65,Mojokerto,-7.5271,112.4346
2023-03-31,30.0,22.9,25.4,9.6,9.6,3.02,9.8,14.61,99,65,Mojokerto,-7.5271,112.4346
2023-04-01,29.2,22.9,25.0,7.2,7.2,2.81,8.4,13.66,98,73,Mojokerto,-7.5271,112.4346
2023-04-02,28.5,22.6,25.1,6.7,6.7,2.91,6.3,14.63,97,74,Mojokerto,-7.5271,112.4346
2023-04-03,30.0,23.4,25.8,2.2,2.2,3.57,10.5,17.35,98,68,Mojokerto,-7.5271,112.4346
2023-04-04,30.8,23.1,25.9,3.0,3.0,4.07,13.9,20.19,99,64,Mojokerto,-7.5271,112.4346
2023-04-05,30.8,23.2,26.3,0.2,0.2,3.85,10.7,19.03,93,60,Mojokerto,-7.5271,112.4346
2023-04-06,30.5,22.7,25.9,1.4,1.4,3.58,9.7,17.54,97,65,Mojokerto,-7.5271,112.4346
2023-04-07,29.6,22.3,25.6,0.5,0.5,2.67,8.9,12.49,97,64,Mojokerto,-7.5271,112.4346
2023-04-08,31.5,23.0,26.1,0.7,0.7,4.11,15.2,19.81,98,56,Mojokerto,-7.5271,112.4346
2023-04-09,31.0,22.7,26.1,1.6,1.6,4.57,14.7,22.23,100,60,Mojokerto,-7.5271,112.4346
2023-04-10,30.6,23.2,26.1,2.5,2.5,4.21,20.1,20.99,96,61,Mojokerto,-7.5271,112.4346
2023-04-11,31.3,22.6,26.5,3.4,3.4,4.33,13.5,21.55,96,64,Mojokerto,-7.5271,112.4346
2023-04-12,31.0,22.9,26.4,6.3,6.3,3.8,10.3,19.09,96,70,Mojokerto,-7.5271,112.4346
2023-04-13,28.5,23.8,25.7,3.6,3.6,2.65,9.9,13.1,100,75,Mojokerto,-7.5271,112.4346
2023-04-14,31.0,23.2,26.2,3.5,3.5,3.76,8.0,18.1,97,62,Mojokerto,-7.5271,112.4346
2023-04-15,31.0,23.0,26.6,2.3,2.3,3.83,12.5,18.68,98,65,Mojokerto,-7.5271,112.4346
2023-04-16,31.9,22.7,26.5,1.0,1.0,4.15,8.6,20.1,99,62,Mojokerto,-7.5271,112.4346
2023-04-17,30.6,24.0,26.3,10.5,10.5,3.36,10.7,16.67,98,69,Mojokerto,-7.5271,112.4346
2023-04-18,29.8,23.2,26.2,8.6,8.6,3.72,7.8,18.49,96,76,Mojokerto,-7.5271,112.4346
2023-04-19,32.3,23.3,27.3,0.1,0.1,4.53,10.3,21.82,91,58,Mojokerto,-7.5271,112.4346
2023-04-20,31.7,24.0,26.7,3.8,3.8,3.97,13.3,19.34,97,62,Mojokerto,-7.5271,112.4346
2023-04-21,31.2,23.2,26.6,0.8,0.8,4.04,11.8,19.93,98,65,Mojokerto,-7.5271,112.4346
2023-04-22,31.9,23.5,26.9,4.6,4.6,4.08,11.1,19.97,95,60,Mojokerto,-7.5271,112.4346
2023-04-23,32.7,23.5,27.5,0.7,0.7,4.63,14.0,21.79,88,54,Mojokerto,-7.5271,112.4346
2023-04-24,32.1,23.5,27.4,1.7,1.7,4.45,9.1,21.15,92,59,Mojokerto,-7.5271,112.4346
2023-04-25,32.8,23.0,27.3,2.6,2.6,4.66,10.6,22.19,96,54,Mojokerto,-7.5271,112.4346
2023-04-26,31.8,23.4,26.8,1.3,1.3,3.84,8.9,18.65,91,63,Mojokerto,-7.5271,112.4346
2023-04-27,32.1,22.9,26.9,4.3,4.3,3.89,13.0,18.98,93,63,Mojokerto,-7.5271,112.4346
2023-04-28,32.2,23.8,26.3,16.0,16.0,2.98,10.0,14.41,98,61,Mojokerto,-7.5271,112.4346
2023-04-29,29.2,23.3,25.0,14.4,14.4,2.25,18.1,11.77,100,77,Mojokerto,-7.5271,112.4346
2023-04-30,31.5,23.9,26.7,2.6,2.6,3.67,13.6,17.99,98,66,Mojokerto,-7.5271,112.4346
2023-05-01,31.6,24.0,26.8,4.3,4.3,4.12,11.9,20.11,98,66,Mojokerto,-7.5271,112.4346
2023-05-02,30.8,23.0,26.0,3.3,3.3,3.0,14.5,15.26,97,71,Mojokerto,-7.5271,112.4346
2023-05-03,30.7,24.5,26.6,13.8,13.8,3.3,9.2,16.48,98,72,Mojokerto,-7.5271,112.4346
2023-05-04,32.6,24.5,27.4,0.2,0.2,4.23,16.4,19.83,94,57,Mojokerto,-7.5271,112.4346
2023-05-05,32.8,23.6,27.7,0.0,0.0,4.54,9.2,21.37,91,52,Mojokerto,-7.5271,112.4346
2023-05-06,31.6,24.1,26.9,1.3,1.3,3.61,7.1,17.6,95,64,Mojokerto,-7.5271,112.4346
2023-05-07,32.5,24.0,27.0,4.1,4.1,3.92,9.3,18.9,96,60,Mojokerto,-7.5271,112.4346
2023-05-08,32.8,23.5,27.5,0.0,0.0,4.37,7.3,20.94,94,50,Mojokerto,-7.5271,112.4346
2023-05-09,32.6,23.1,27.0,0.4,0.4,3.89,13.0,18.14,100,52,Mojokerto,-7.5271,112.4346
2023-05-10,31.1,24.1,26.8,0.8,0.8,3.27,21.8,15.2,97,64,Mojokerto,-7.5271,112.4346
2023-05-11,29.0,23.9,26.1,2.4,2.4,2.73,15.5,13.51,99,76,Mojokerto,-7.5271,112.4346
2023-05-12,32.1,23.4,27.2,0.7,0.7,4.12,9.0,20.03,98,61,Mojokerto,-7.5271,112.4346
2023-05-13,31.0,23.4,26.0,6.1,6.1,3.57,10.9,17.7,98,70,Mojokerto,-7.5271,112.4346
2023-05-14,31.0,22.1,26.1,0.0,0.0,4.24,8.6,20.8,89,56,Mojokerto,-7.5271,112.4346
2023-05-15,30.4,21.5,26.2,0.0,0.0,4.22,8.6,20.26,91,56,Mojokerto,-7.5271,112.4346
2023-05-16,31.1,22.4,26.4,0.0,0.0,4.24,9.0,20.36,87,51,Mojokerto,-7.5271,112.4346
2023-05-17,31.1,22.5,26.6,0.0,0.0,4.37,7.1,21.09,86,51,Mojokerto,-7.5271,112.4346
2023-05-18,31.7,21.6,26.8,0.0,0.0,4.43,8.5,21.08,86,46,Mojokerto,-7.5271,112.4346
2023-05-19,32.0,22.2,27.3,0.0,0.0,4.25,7.6,19.84,90,46,Mojokerto,-7.5271,112.4346
2023-05-20,32.0,23.2,27.3,0.0,0.0,4.4,10.9,20.83,85,50,Mojokerto,-7.5271,112.4346
2023-05-21,32.3,22.6,27.2,0.0,0.0,4.4,9.2,20.67,89,47,Mojokerto,-7.5271,112.4346
2023-05-22,31.7,21.7,26.9,0.2,0.2,4.23,11.2,20.02,91,48,Mojokerto,-7.5271,112.4346
2023-05-23,32.8,21.9,27.1,0.1,0.1,4.51,9.7,20.87,89,43,Mojokerto,-7.5271,112.4346
2023-05-24,32.7,22.0,27.2,0.0,0.0,4.61,12.9,20.84,85,46,Mojokerto,-7.5271,112.4346
2023-05-25,32.2,22.1,27.3,1.2,1.2,4.38,11.1,20.03,93,50,Mojokerto,-7.5271,112.4346
2023-05-26,33.3,23.4,27.8,0.0,0.0,4.67,13.7,20.7,87,40,Mojokerto,-7.5271,112.4346
2023-05-27,32.4,23.2,27.8,0.0,0.0,3.97,7.2,18.33,91,43,Mojokerto,-7.5271,112.4346
2023-05-28,33.0,21.8,27.4,0.0,0.0,4.68,13.0,20.62,86,43,Mojokerto,-7.5271,112.4346
2023-05-29,31.6,22.4,26.9,0.0,0.0,3.85,13.9,17.19,85,49,Mojokerto,-7.5271,112.4346
2023-05-30,33.2,21.8,26.9,0.0,0.0,4.78,14.0,20.69,87,39,Mojokerto,-7.5271,112.4346
2023-05-31,33.8,21.8,27.4,0.0,0.0,5.06,14.7,21.47,86,37,Mojokerto,-7.5271,112.4346
2023-06-01,34.2,22.2,27.8,0.0,0.0,4.85,16.0,20.29,82,39,Mojokerto,-7.5271,112.4346
2023-06-02,34.1,22.9,28.3,0.0,0.0,4.62,10.7,20.71,82,43,Mojokerto,-7.5271,112.4346
2023-06-03,33.8,23.0,28.4,0.2,0.2,4.44,7.7,20.48,86,47,Mojokerto,-7.5271,112.4346
2023-06-04,33.2,24.0,27.4,0.9,0.9,3.63,10.8,16.96,90,47,Mojokerto,-7.5271,112.4346
2023-06-05,31.8,23.6,27.2,0.5,0.5,3.46,8.3,16.29,93,53,Mojokerto,-7.5271,112.4346
2023-06-06,32.2,23.7,27.4,1.1,1.1,3.75,17.6,17.35,94,52,Mojokerto,-7.5271,112.4346
2023-06-07,33.0,24.1,27.6,1.1,1.1,3.97,8.9,18.32,94,47,Mojokerto,-7.5271,112.4346
2023-06-08,32.8,22.9,27.3,0.2,0.2,3.99,6.6,19.31,97,51,Mojokerto,-7.5271,112.4346
2023-06-09,33.0,24.0,27.8,0.0,0.0,4.22,9.8,19.61,91,45,Mojokerto,-7.5271,112.4346
2023-06-10,33.7,21.4,27.6,0.0,0.0,4.56,7.6,21.07,87,40,Mojokerto,-7.5271,112.4346
2023-06-11,34.0,23.0,28.1,0.6,0.6,4.21,6.7,19.43,86,43,Mojokerto,-7.5271,112.4346
2023-06-12,34.0,23.2,28.1,0.3,0.3,4.14,7.9,18.85,89,44,Mojokerto,-7.5271,112.4346
2023-06-13,33.3,23.2,27.9,0.4,0.4,4.26,11.1,19.44,93,48,Mojokerto,-7.5271,112.4346
2023-06-14,33.5,22.7,27.7,0.0,0.0,4.41,7.9,20.47,95,39,Mojokerto,-7.5271,112.4346
2023-06-15,33.3,23.0,27.8,0.0,0.0,4.4,13.8,18.9,85,41,Mojokerto,-7.5271,112.4346
2023-06-16,33.1,22.5,27.7,0.0,0.0,4.46,12.1,19.85,87,41,Mojokerto,-7.5271,112.4346
2023-06-17,33.2,22.6,27.4,0.0,0.0,4.8,15.5,20.43,84,47,Mojokerto,-7.5271,112.4346
2023-06-18,32.9,22.6,27.5,0.0,0.0,5.2,16.9,20.47,82,37,Mojokerto,-7.5271,112.4346
2023-06-19,33.2,23.5,27.3,4.3,4.3,3.95,14.4,18.09,90,49,Mojokerto,-7.5271,112.4346
2023-06-20,33.5,22.5,27.3,0.1,0.1,3.97,16.9,17.88,89,48,Mojokerto,-7.5271,112.4346
2023-06-21,32.3,22.6,27.2,0.0,0.0,4.16,8.9,19.27,93,51,Mojokerto,-7.5271,112.4346
2023-06-22,33.4,23.6,27.9,0.0,0.0,4.06,10.9,18.56,84,45,Mojokerto,-7.5271,112.4346
2023-06-23,33.0,22.3,27.5,0.5,0.5,4.25,7.3,19.73,91,42,Mojokerto,-7.5271,112.4346
2023-06-24,33.5,21.8,27.4,0.0,0.0,4.54,12.2,20.84,85,40,Mojokerto,-7.5271,112.4346
2023-06-25,33.0,21.9,27.3,0.0,0.0,4.29,11.5,19.58,83,43,Mojokerto,-7.5271,112.4346
2023-06-26,33.3,22.6,27.9,0.0,0.0,4.46,10.5,19.71,83,41,Mojokerto,-7.5271,112.4346
2023-06-27,32.3,23.5,27.3,0.0,0.0,3.41,7.6,15.0,84,46,Mojokerto,-7.5271,112.4346
2023-06-28,33.0,23.1,27.6,1.0,1.0,3.99,5.6,19.34,91,46,Mojokerto,-7.5271,112.4346
2023-06-29,32.2,23.6,27.6,0.3,0.3,3.85,9.1,18.17,93,53,Mojokerto,-7.5271,112.4346
2023-06-30,33.5,23.4,28.1,0.4,0.4,4.05,6.8,18.95,92,48,Mojokerto,-7.5271,112.4346
2023-07-01,33.4,23.6,27.5,2.1,2.1,3.9,8.5,18.38,91,47,Mojokerto,-7.5271,112.4346
2023-07-02,32.8,23.0,26.3,9.9,9.9,3.41,12.9,16.22,95,51,Mojokerto,-7.5271,112.4346
2023-07-03,32.8,22.1,27.1,0.1,0.1,4.01,7.4,19.14,97,48,Mojokerto,-7.5271,112.4346
2023-07-04,32.5,23.0,27.3,0.4,0.4,3.69,11.9,17.69,95,50,Mojokerto,-7.5271,112.4346
2023-07-05,32.2,23.4,27.1,0.6,0.6,3.78,8.0,18.32,94,53,Mojokerto,-7.5271,112.4346
2023-07-06,33.2,23.4,27.1,2.1,2.1,3.84,9.5,18.63,97,51,Mojokerto,-7.5271,112.4346
2023-07-07,32.0,23.4,25.9,19.8,19.8,3.01,8.4,14.87,99,57,Mojokerto,-7.5271,112.4346
2023-07-08,29.9,22.8,25.8,1.0,1.0,3.06,11.5,15.14,98,68,Mojokerto,-7.5271,112.4346
2023-07-09,32.5,22.5,27.0,0.1,0.1,4.33,14.9,19.79,97,49,Mojokerto,-7.5271,112.4346
2023-07-10,32.2,22.1,26.5,1.5,1.5,4.14,12.2,19.79,89,54,Mojokerto,-7.5271,112.4346
2023-07-11,32.3,22.3,26.9,0.2,0.2,4.17,9.5,19.64,94,50,Mojokerto,-7.5271,112.4346
2023-07-12,32.8,22.3,27.0,0.0,0.0,4.37,10.0,20.5,85,42,Mojokerto,-7.5271,112.4346
2023-07-13,32.5,23.0,27.5,0.0,0.0,4.16,8.9,18.82,84,49,Mojokerto,-7.5271,112.4346
2023-07-14,31.2,23.8,27.2,0.4,0.4,4.0,7.2,18.98,88,58,Mojokerto,-7.5271,112.4346
2023-07-15,32.2,21.7,26.9,0.2,0.2,4.38,13.9,20.08,93,49,Mojokerto,-7.5271,112.4346
2023-07-16,31.6,22.0,27.0,0.0,0.0,4.08,10.1,19.07,93,48,Mojokerto,-7.5271,112.4346
2023-07-17,33.3,20.5,26.4,0.0,0.0,4.73,10.6,21.67,90,34,Mojokerto,-7.5271,112.4346
2023-07-18,33.8,20.4,26.7,0.0,0.0,4.75,12.4,21.43,94,30,Mojokerto,-7.5271,112.4346
2023-07-19,32.7,21.1,26.7,0.0,0.0,4.45,8.6,20.83,94,39,Mojokerto,-7.5271,112.4346
2023-07-20,32.5,21.4,26.6,0.0,0.0,4.63,10.5,21.3,79,38,Mojokerto,-7.5271,112.4346
2023-07-21,32.2,21.5,26.5,0.0,0.0,4.16,7.6,19.15,84,41,Mojokerto,-7.5271,112.4346
2023-07-22,32.8,21.0,26.8,0.0,0.0,4.71,13.2,21.27,86,37,Mojokerto,-7.5271,112.4346
2023-07-23,33.4,22.8,27.4,0.0,0.0,4.55,14.7,19.72,84,42,Mojokerto,-7.5271,112.4346
2023-07-24,33.0,22.0,27.1,0.0,0.0,4.36,7.9,20.07,85,41,Mojokerto,-7.5271,112.4346
2023-07-25,32.8,21.8,26.9,0.0,0.0,4.26,13.4,19.31,87,48,Mojokerto,-7.5271,112.4346
2023-07-26,32.3,21.5,26.6,0.0,0.0,4.41,8.1,20.12,89,41,Mojokerto,-7.5271,112.4346
2023-07-27,32.9,20.1,26.4,0.0,0.0,4.59,9.1,21.36,88,40,Mojokerto,-7.5271,112.4346
2023-07-28,32.5,21.1,26.5,0.0,0.0,4.42,8.8,20.94,90,40,Mojokerto,-7.5271,112.4346
2023-07-29,32.5,20.6,26.2,0.0,0.0,4.76,16.6,21.7,86,36,Mojokerto,-7.5271,112.4346
2023-07-30,32.6,20.7,26.3,0.0,0.0,4.8,12.9,21.72,85,36,Mojokerto,-7.5271,112.4346
2023-07-31,33.4,20.2,26.4,0.0,0.0,5.1,18.1,21.82,87,34,Mojokerto,-7.5271,112.4346
2023-08-01,34.0,20.5,26.6,0.0,0.0,5.25,19.7,21.89,84,39,Mojokerto,-7.5271,112.4346
2023-08-02,34.0,21.4,27.3,0.0,0.0,4.91,13.2,21.57,92,42,Mojokerto,-7.5271,112.4346
2023-08-03,33.9,22.4,27.7,0.0,0.0,4.69,13.7,20.41,94,41,Mojokerto,-7.5271,112.4346
2023-08-04,32.8,23.3,27.6,0.1,0.1,4.23,7.7,19.72,92,49,Mojokerto,-7.5271,112.4346
2023-08-05,33.7,21.8,27.6,0.3,0.3,4.93,11.0,21.99,86,38,Mojokerto,-7.5271,112.4346
2023-08-06,33.7,22.0,27.6,0.0,0.0,4.49,7.9,20.91,91,41,Mojokerto,-7.5271,112.4346
2023-08-07,33.0,22.2,27.3,1.2,1.2,4.45,8.0,21.13,97,44,Mojokerto,-7.5271,112.4346
2023-08-08,33.0,21.5,26.8,0.0,0.0,4.84,16.0,20.82,96,42,Mojokerto,-7.5271,112.4346
2023-08-09,32.8,21.3,26.9,0.0,0.0,5.12,17.0,22.38,90,38,Mojokerto,-7.5271,112.4346
2023-08-10,32.9,20.1,26.2,0.0,0.0,4.8,11.6,21.93,89,40,Mojokerto,-7.5271,112.4346
2023-08-11,32.8,20.0,26.0,0.0,0.0,4.99,15.3,21.99,85,34,Mojokerto,-7.5271,112.4346
2023-08-12,32.6,21.3,26.5,0.0,0.0,5.07,17.0,22.37,79,35,Mojokerto,-7.5271,112.4346
2023-08-13,33.5,20.5,26.6,0.0,0.0,4.91,17.6,21.33,81,34,Mojokerto,-7.5271,112.4346
2023-08-14,34.3,20.6,27.1,0.0,0.0,5.11,16.9,22.59,86,34,Mojokerto,-7.5271,112.4346
2023-08-15,33.8,21.9,27.3,0.2,0.2,4.96,14.3,21.66,84,42,Mojokerto,-7.5271,112.4346
2023-08-16,33.9,21.6,27.5,0.0,0.0,5.26,14.0,22.62,87,33,Mojokerto,-7.5271,112.4346
2023-08-17,33.8,22.1,27.0,0.0,0.0,4.87,10.7,21.68,80,35,Mojokerto,-7.5271,112.4346
2023-08-18,34.2,21.2,27.2,0.0,0.0,5.07,16.1,22.18,80,35,Mojokerto,-7.5271,112.4346
2023-08-19,34.8,21.4,27.3,0.0,0.0,5.18,22.5,22.28,86,32,Mojokerto,-7.5271,112.4346
2023-08-20,34.4,21.8,27.4,0.0,0.0,4.88,18.1,21.01,88,33,Mojokerto,-7.5271,112.4346
2023-08-21,34.2,22.0,27.7,0.6,0.6,4.86,13.3,21.36,90,37,Mojokerto,-7.5271,112.4346
2023-08-22,34.3,22.3,27.4,0.0,0.0,5.27,18.3,22.83,90,35,Mojokerto,-7.5271,112.4346
2023-08-23,34.0,21.0,27.0,0.0,0.0,5.44,19.5,23.52,87,33,Mojokerto,-7.5271,112.4346
2023-08-24,34.2,21.2,27.3,0.0,0.0,5.63,15.9,23.58,85,30,Mojokerto,-7.5271,112.4346
2023-08-25,35.5,22.5,28.6,0.0,0.0,5.24,9.7,23.17,89,33,Mojokerto,-7.5271,112.4346
2023-08-26,34.5,23.2,28.1,0.0,0.0,5.09,11.3,22.19,84,29,Mojokerto,-7.5271,112.4346
2023-08-27,34.3,21.9,27.5,0.0,0.0,5.15,9.5,22.47,83,34,Mojokerto,-7.5271,112.4346
2023-08-28,34.7,21.2,27.4,0.1,0.1,5.54,17.6,23.85,91,28,Mojokerto,-7.5271,112.4346
2023-08-29,35.0,21.8,27.4,0.0,0.0,5.77,17.4,24.51,84,26,Mojokerto,-7.5271,112.4346
2023-08-30,34.8,20.4,26.8,0.0,0.0,5.71,17.5,23.7,91,28,Mojokerto,-7.5271,112.4346
2023-08-31,35.2,20.5,27.4,0.0,0.0,5.29,9.4,23.81,86,33,Mojokerto,-7.5271,112.4346
2023-09-01,33.8,21.4,27.3,0.0,0.0,5.36,15.9,22.78,91,35,Mojokerto,-7.5271,112.4346
2023-09-02,33.9,20.0,26.9,0.0,0.0,5.58,10.5,25.1,86,22,Mojokerto,-7.5271,112.4346
2023-09-03,33.1,20.9,26.8,0.0,0.0,5.32,13.9,23.75,89,33,Mojokerto,-7.5271,112.4346
2023-09-04,34.3,19.5,26.6,0.0,0.0,5.67,18.0,25.05,89,24,Mojokerto,-7.5271,112.4346
2023-09-05,34.8,20.3,27.2,0.0,0.0,5.8,18.5,24.85,79,30,Mojokerto,-7.5271,112.4346
2023-09-06,35.6,22.0,28.1,0.0,0.0,5.3,13.4,22.06,88,32,Mojokerto,-7.5271,112.4346
2023-09-07,34.8,22.6,28.2,0.0,0.0,5.19,10.5,22.88,87,35,Mojokerto,-7.5271,112.4346
2023-09-08,34.8,22.1,28.0,0.0,0.0,5.12,9.0,22.77,84,34,Mojokerto,-7.5271,112.4346
2023-09-09,34.3,21.6,27.4,0.0,0.0,5.51,9.5,25.27,81,34,Mojokerto,-7.5271,112.4346
2023-09-10,35.2,21.4,27.7,0.0,0.0,5.66,11.4,24.84,84,27,Mojokerto,-7.5271,112.4346
2023-09-11,36.0,23.0,28.8,0.0,0.0,6.17,18.6,24.78,82,29,Mojokerto,-7.5271,112.4346
2023-09-12,35.3,23.1,28.7,0.0,0.0,5.76,19.4,24.13,85,31,Mojokerto,-7.5271,112.4346
2023-09-13,35.9,22.6,28.6,0.5,0.5,5.81,16.0,23.99,84,26,Mojokerto,-7.5271,112.4346
2023-09-14,33.0,23.4,27.5,2.2,2.2,4.8,12.5,21.85,88,45,Mojokerto,-7.5271,112.4346
2023-09-15,35.0,21.4,27.7,0.0,0.0,5.77,17.4,25.15,91,32,Mojokerto,-7.5271,112.4346
2023-09-16,34.9,22.6,28.1,0.0,0.0,5.86,20.8,24.15,87,36,Mojokerto,-7.5271,112.4346
2023-09-17,34.3,22.6,27.6,1.5,1.5,5.04,15.5,22.46,99,41,Mojokerto,-7.5271,112.4346
2023-09-18,33.5,22.9,27.9,1.4,1.4,5.05,10.6,22.46,96,44,Mojokerto,-7.5271,112.4346
2023-09-19,34.9,22.8,28.4,0.0,0.0,5.45,10.8,22.89,84,34,Mojokerto,-7.5271,112.4346
2023-09-20,35.0,22.3,28.2,0.0,0.0,5.7,14.4,24.18,85,34,Mojokerto,-7.5271,112.4346
2023-09-21,35.8,21.6,28.0,0.0,0.0,5.49,8.5,25.12,90,27,Mojokerto,-7.5271,112.4346
2023-09-22,35.2,21.8,27.7,0.0,0.0,5.38,7.7,24.04,83,30,Mojokerto,-7.5271,112.4346
2023-09-23,35.6,21.2,27.8,0.0,0.0,6.42,22.8,25.6,81,22,Mojokerto,-7.5271,112.4346
2023-09-24,36.8,21.6,28.4,0.0,0.0,6.64,24.8,25.88,82,23,Mojokerto,-7.5271,112.4346
2023-09-25,34.8,23.6,28.6,0.5,0.5,5.7,19.7,23.69,80,34,Mojokerto,-7.5271,112.4346
2023-09-26,36.6,22.2,28.4,0.0,0.0,6.43,23.2,25.64,84,18,Mojokerto,-7.5271,112.4346
2023-09-27,36.3,21.9,28.2,0.0,0.0,6.59,23.0,26.28,87,22,Mojokerto,-7.5271,112.4346
2023-09-28,36.2,22.0,28.3,0.0,0.0,6.24,16.2,26.15,93,27,Mojokerto,-7.5271,112.4346
2023-09-29,36.3,22.4,28.9,0.0,0.0,5.6,10.6,24.21,89,29,Mojokerto,-7.5271,112.4346
2023-09-30,36.2,23.2,29.2,0.2,0.2,5.76,9.9,24.83,85,29,Mojokerto,-7.5271,112.4346
2023-10-01,35.1,23.0,29.0,0.0,0.0,5.82,17.8,23.7,85,30,Mojokerto,-7.5271,112.4346
2023-10-02,35.9,23.1,29.2,0.0,0.0,5.66,11.6,23.76,86,32,Mojokerto,-7.5271,112.4346
2023-10-03,36.0,22.6,29.1,0.2,0.2,5.57,13.4,22.71,85,34,Mojokerto,-7.5271,112.4346
2023-10-04,37.0,23.7,29.4,0.0,0.0,6.53,22.3,25.93,79,28,Mojokerto,-7.5271,112.4346
2023-10-05,37.2,22.6,29.2,0.0,0.0,6.45,23.9,25.18,94,29,Mojokerto,-7.5271,112.4346
2023-10-06,37.0,23.9,29.9,0.2,0.2,6.36,22.7,24.8,80,27,Mojokerto,-7.5271,112.4346
2023-10-07,37.2,24.1,29.7,0.0,0.0,5.92,21.2,24.48,82,32,Mojokerto,-7.5271,112.4346
2023-10-08,36.5,23.4,29.7,0.0,0.0,7.21,27.4,26.16,85,27,Mojokerto,-7.5271,112.4346
2023-10-09,37.7,22.1,29.7,0.0,0.0,6.77,20.1,25.53,86,24,Mojokerto,-7.5271,112.4346
2023-10-10,36.5,23.5,29.0,2.0,2.0,5.24,21.6,23.17,88,37,Mojokerto,-7.5271,112.4346
2023-10-11,36.7,22.5,29.2,0.0,0.0,5.99,19.6,24.5,84,24,Mojokerto,-7.5271,112.4346
2023-10-12,37.4,22.9,29.5,0.0,0.0,6.85,24.2,25.57,87,24,Mojokerto,-7.5271,112.4346
2023-10-13,37.8,24.3,30.0,0.8,0.8,5.82,14.3,23.85,81,26,Mojokerto,-7.5271,112.4346
2023-10-14,37.2,23.5,30.0,0.0,0.0,7.29,25.9,25.99,83,25,Mojokerto,-7.5271,112.4346
2023-10-15,37.4,22.4,30.0,0.0,0.0,7.17,31.8,25.25,81,26,Mojokerto,-7.5271,112.4346
2023-10-16,37.3,24.5,30.2,0.0,0.0,6.83,24.5,25.29,90,27,Mojokerto,-7.5271,112.4346
2023-10-17,37.7,24.0,30.3,0.0,0.0,7.54,30.1,25.76,90,21,Mojokerto,-7.5271,112.4346
2023-10-18,38.0,23.3,30.2,0.0,0.0,7.49,27.2,26.49,84,17,Mojokerto,-7.5271,112.4346
2023-10-19,37.5,23.8,29.9,0.1,0.1,7.06,26.0,24.67,85,19,Mojokerto,-7.5271,112.4346
2023-10-20,38.3,23.3,30.4,0.0,0.0,6.74,19.3,25.47,81,21,Mojokerto,-7.5271,112.4346
2023-10-21,38.0,25.0,30.7,1.1,1.1,5.82,10.8,23.87,74,31,Mojokerto,-7.5271,112.4346
2023-10-22,37.8,23.2,29.2,1.1,1.1,5.52,23.9,23.72,75,30,Mojokerto,-7.5271,112.4346
2023-10-23,37.2,24.2,30.3,0.0,0.0,6.53,16.4,25.34,73,26,Mojokerto,-7.5271,112.4346
2023-10-24,38.5,24.1,30.4,0.1,0.1,6.49,22.8,24.69,84,20,Mojokerto,-7.5271,112.4346
2023-10-25,38.9,24.0,30.4,0.0,0.0,7.18,26.6,26.29,82,17,Mojokerto,-7.5271,112.4346
2023-10-26,39.7,24.0,30.9,0.0,0.0,6.42,15.0,25.69,83,21,Mojokerto,-7.5271,112.4346
2023-10-27,39.0,24.5,30.9,0.0,0.0,7.94,27.2,26.75,77,19,Mojokerto,-7.5271,112.4346
2023-10-28,38.5,23.9,30.6,0.0,0.0,7.31,25.9,25.7,80,20,Mojokerto,-7.5271,112.4346
2023-10-29,38.0,23.5,30.2,0.1,0.1,6.63,19.0,25.59,86,27,Mojokerto,-7.5271,112.4346
2023-10-30,38.2,25.2,30.4,0.0,0.0,6.06,12.7,25.41,82,27,Mojokerto,-7.5271,112.4346
2023-10-31,38.2,24.0,30.4,0.2,0.2,5.72,11.9,24.6,82,30,Mojokerto,-7.5271,112.4346
2023-11-01,38.0,24.1,31.1,0.0,0.0,6.07,10.7,25.08,85,26,Mojokerto,-7.5271,112.4346
2023-11-02,38.7,25.4,31.2,0.0,0.0,6.74,21.6,25.69,82,23,Mojokerto,-7.5271,112.4346
2023-11-03,36.7,24.7,28.7,18.0,18.0,4.56,10.4,20.39,96,38,Mojokerto,-7.5271,112.4346
2023-11-04,34.2,24.1,28.0,5.8,5.8,4.41,10.7,20.33,94,49,Mojokerto,-7.5271,112.4346
2023-11-05,37.1,24.2,29.9,0.0,0.0,6.4,20.3,25.34,93,32,Mojokerto,-7.5271,112.4346
2023-11-06,39.2,24.2,30.6,0.0,0.0,6.46,15.9,26.41,80,15,Mojokerto,-7.5271,112.4346
2023-11-07,39.3,24.0,30.9,0.0,0.0,6.7,17.7,26.28,77,18,Mojokerto,-7.5271,112.4346
2023-11-08,39.0,23.9,31.5,0.0,0.0,5.96,7.9,25.29,74,23,Mojokerto,-7.5271,112.4346
2023-11-09,37.8,25.5,29.5,19.6,19.6,4.91,14.7,21.55,99,33,Mojokerto,-7.5271,112.4346
2023-11-10,36.4,25.2,29.4,1.1,1.1,4.98,20.5,21.7,93,40,Mojokerto,-7.5271,112.4346
2023-11-11,38.8,25.5,31.0,0.0,0.0,5.55,7.2,24.08,90,21,Mojokerto,-7.5271,112.4346
2023-11-12,36.9,25.6,30.0,3.6,3.6,5.3,10.5,22.89,82,34,Mojokerto,-7.5271,112.4346
2023-11-13,38.1,25.0,29.4,1.1,1.1,5.27,16.6,23.54,84,35,Mojokerto,-7.5271,112.4346
2023-11-14,35.8,25.1,29.3,2.5,2.5,5.08,18.1,22.84,90,46,Mojokerto,-7.5271,112.4346
2023-11-15,36.3,25.6,29.5,2.1,2.1,5.03,12.2,21.97,88,42,Mojokerto,-7.5271,112.4346
2023-11-16,36.3,24.9,29.1,2.2,2.2,4.5,12.3,19.76,93,42,Mojokerto,-7.5271,112.4346
2023-11-17,37.5,24.8,30.1,0.0,0.0,5.4,10.5,23.03,94,30,Mojokerto,-7.5271,112.4346
2023-11-18,37.3,23.4,30.4,0.3,0.3,5.83,10.8,24.93,96,33,Mojokerto,-7.5271,112.4346
2023-11-19,36.7,24.6,30.3,1.0,1.0,5.24,7.4,22.92,83,36,Mojokerto,-7.5271,112.4346
2023-11-20,37.0,24.9,30.1,1.0,1.0,5.58,12.8,23.74,88,39,Mojokerto,-7.5271,112.4346
2023-11-21,37.5,24.5,30.5,0.3,0.3,5.94,13.9,24.87,89,31,Mojokerto,-7.5271,112.4346
2023-11-22,38.5,25.0,31.2,1.1,1.1,6.24,16.5,25.15,77,29,Mojokerto,-7.5271,112.4346
2023-11-23,35.7,26.0,30.5,0.0,0.0,4.49,10.2,18.44,89,41,Mojokerto,-7.5271,112.4346
2023-11-24,36.3,25.0,28.4,12.2,12.2,3.99,11.4,18.12,96,41,Mojokerto,-7.5271,112.4346
2023-11-25,35.2,24.1,27.2,15.6,15.6,3.84,13.9,17.57,97,46,Mojokerto,-7.5271,112.4346
2023-11-26,35.2,23.6,27.3,7.6,7.6,4.35,12.9,20.4,98,42,Mojokerto,-7.5271,112.4346
2023-11-27,33.9,24.0,27.5,22.9,22.9,4.49,9.8,21.02,99,47,Mojokerto,-7.5271,112.4346
2023-11-28,32.2,23.3,26.4,9.7,9.7,3.16,7.8,15.06,99,55,Mojokerto,-7.5271,112.4346
2023-11-29,32.5,24.5,26.8,12.4,12.4,3.44,11.8,16.45,98,60,Mojokerto,-7.5271,112.4346
2023-11-30,33.4,23.7,27.1,8.3,8.3,4.09,15.0,19.61,98,56,Mojokerto,-7.5271,112.4346
2023-12-01,31.4,23.5,26.3,15.3,15.3,2.92,8.8,13.89,99,65,Mojokerto,-7.5271,112.4346
2023-12-02,31.7,23.6,26.2,7.6,7.6,3.2,6.3,15.19,99,58,Mojokerto,-7.5271,112.4346
2023-12-03,32.5,23.9,27.2,6.8,6.8,4.48,10.2,21.59,98,59,Mojokerto,-7.5271,112.4346
2023-12-04,32.9,23.6,26.8,5.3,5.3,3.74,8.9,17.81,98,59,Mojokerto,-7.5271,112.4346
2023-12-05,33.2,23.6,27.0,4.1,4.1,4.29,13.5,20.56,98,57,Mojokerto,-7.5271,112.4346
2023-12-06,33.3,24.8,28.0,3.8,3.8,4.6,16.9,21.38,99,55,Mojokerto,-7.5271,112.4346
2023-12-07,34.0,24.0,27.3,15.3,15.3,4.39,10.7,20.9,99,53,Mojokerto,-7.5271,112.4346
2023-12-08,34.0,24.4,27.2,4.1,4.1,4.07,13.6,19.39,99,53,Mojokerto,-7.5271,112.4346
2023-12-09,32.0,24.5,27.2,0.3,0.3,3.59,6.1,16.98,99,64,Mojokerto,-7.5271,112.4346
2023-12-10,32.9,24.3,26.4,29.2,29.2,2.73,10.2,12.5,99,53,Mojokerto,-7.5271,112.4346
2023-12-11,34.0,23.9,28.5,0.5,0.5,5.12,10.2,23.24,96,49,Mojokerto,-7.5271,112.4346
2023-12-12,34.4,24.6,28.9,0.5,0.5,5.02,13.9,22.69,80,48,Mojokerto,-7.5271,112.4346
2023-12-13,34.0,25.0,27.8,7.7,7.7,4.41,18.7,20.88,98,53,Mojokerto,-7.5271,112.4346
2023-12-14,32.8,24.4,28.0,1.5,1.5,4.27,11.1,19.61,99,53,Mojokerto,-7.5271,112.4346
2023-12-15,34.1,24.4,28.1,2.5,2.5,4.35,9.0,19.47,94,48,Mojokerto,-7.5271,112.4346
2023-12-16,36.7,24.1,29.9,0.0,0.0,5.98,9.4,26.36,92,35,Mojokerto,-7.5271,112.4346
2023-12-17,36.4,25.0,30.0,0.0,0.0,5.87,12.3,24.93,84,35,Mojokerto,-7.5271,112.4346
2023-12-18,35.9,23.1,29.4,0.0,0.0,5.96,12.6,25.82,90,33,Mojokerto,-7.5271,112.4346
2023-12-19,36.1,24.2,29.6,0.0,0.0,6.29,14.8,25.87,78,29,Mojokerto,-7.5271,112.4346
2023-12-20,36.5,24.6,30.0,0.0,0.0,6.59,23.8,25.58,70,31,Mojokerto,-7.5271,112.4346
2023-12-21,37.4,25.5,30.4,0.7,0.7,5.9,14.8,24.87,79,28,Mojokerto,-7.5271,112.4346
2023-12-22,35.0,25.0,29.3,2.2,2.2,5.13,11.4,22.91,89,43,Mojokerto,-7.5271,112.4346
2023-12-23,35.6,25.5,29.5,1.2,1.2,5.24,11.5,23.16,94,43,Mojokerto,-7.5271,112.4346
2023-12-24,35.2,24.5,29.2,1.2,1.2,5.12,11.8,23.25,97,43,Mojokerto,-7.5271,112.4346
2023-12-25,35.4,24.5,27.3,17.9,17.9,3.87,13.1,17.82,99,44,Mojokerto,-7.5271,112.4346
2023-12-26,34.5,23.8,27.7,4.5,4.5,4.28,12.8,19.74,99,46,Mojokerto,-7.5271,112.4346
2023-12-27,34.7,25.2,28.5,2.2,2.2,4.26,11.4,19.79,98,50,Mojokerto,-7.5271,112.4346
2023-12-28,35.5,24.8,28.2,6.3,6.3,4.73,10.1,22.29,99,49,Mojokerto,-7.5271,112.4346
2023-12-29,35.1,24.5,28.4,5.3,5.3,4.81,14.0,22.29,99,49,Mojokerto,-7.5271,112.4346
2023-12-30,33.7,24.4,27.6,17.9,17.9,4.15,8.8,19.45,99,55,Mojokerto,-7.5271,112.4346
2023-12-31,35.1,23.9,27.7,7.4,7.4,4.66,9.8,21.82,99,51,Mojokerto,-7.5271,112.4346
2024-01-01,33.0,24.5,27.3,15.4,15.4,4.02,10.6,19.29,99,58,Mojokerto,-7.5271,112.4346
2024-01-02,33.9,23.6,27.8,10.2,10.2,5.01,15.0,23.56,99,56,Mojokerto,-7.5271,112.4346
2024-01-03,31.4,23.7,26.7,13.8,13.8,2.99,12.5,14.26,98,67,Mojokerto,-7.5271,112.4346
2024-01-04,33.9,23.6,26.9,9.5,9.5,4.21,14.4,20.42,99,56,Mojokerto,-7.5271,112.4346
2024-01-05,32.1,23.4,26.8,2.0,2.0,3.51,9.5,16.23,99,59,Mojokerto,-7.5271,112.4346
2024-01-06,30.2,24.5,26.6,22.8,22.8,3.23,6.3,15.7,99,71,Mojokerto,-7.5271,112.4346
2024-01-07,30.0,24.4,26.0,24.0,24.0,2.74,14.4,13.44,99,74,Mojokerto,-7.5271,112.4346
2024-01-08,32.7,23.6,26.4,24.1,24.1,4.08,5.0,19.62,99,62,Mojokerto,-7.5271,112.4346
2024-01-09,32.5,23.9,26.8,10.0,10.0,3.97,13.1,19.16,99,61,Mojokerto,-7.5271,112.4346
2024-01-10,32.5,24.0,26.8,27.3,27.3,4.05,10.3,19.47,99,66,Mojokerto,-7.5271,112.4346
2024-01-11,33.3,24.0,26.8,41.4,41.4,4.23,15.3,20.29,98,63,Mojokerto,-7.5271,112.4346
2024-01-12,32.8,23.2,27.4,0.0,0.0,5.29,17.4,23.64,96,50,Mojokerto,-7.5271,112.4346
2024-01-13,32.8,23.0,27.8,0.7,0.7,5.39,17.6,24.96,89,57,Mojokerto,-7.5271,112.4346
2024-01-14,32.0,24.5,27.9,0.0,0.0,3.78,11.8,16.61,86,53,Mojokerto,-7.5271,112.4346
2024-01-15,33.2,24.1,28.0,3.8,3.8,4.51,9.8,20.59,98,50,Mojokerto,-7.5271,112.4346
2024-01-16,33.5,24.2,27.2,3.2,3.2,4.75,10.8,22.69,100,57,Mojokerto,-7.5271,112.4346
2024-01-17,30.5,23.8,26.0,23.7,23.7,3.35,10.2,16.4,100,68,Mojokerto,-7.5271,112.4346
2024-01-18,32.5,24.0,27.4,4.5,4.5,4.4,21.2,20.58,98,60,Mojokerto,-7.5271,112.4346
2024-01-19,31.1,24.1,27.1,3.9,3.9,3.45,18.7,14.5,98,60,Mojokerto,-7.5271,112.4346
2024-01-20,31.9,25.5,28.8,0.1,0.1,5.8,25.6,22.58,81,57,Mojokerto,-7.5271,112.4346
2024-01-21,32.5,24.9,28.2,0.2,0.2,5.24,24.0,21.18,89,55,Mojokerto,-7.5271,112.4346
2024-01-22,31.8,23.8,27.3,4.5,4.5,4.6,20.6,21.06,92,62,Mojokerto,-7.5271,112.4346
2024-01-23,32.2,26.3,29.2,0.4,0.4,5.57,21.1,21.28,79,57,Mojokerto,-7.5271,112.4346
2024-01-24,33.8,24.4,27.2,5.7,5.7,4.33,13.4,20.04,94,55,Mojokerto,-7.5271,112.4346
2024-01-25,33.7,24.0,26.8,10.4,10.4,4.76,11.9,22.81,98,55,Mojokerto,-7.5271,112.4346
2024-01-26,33.0,23.5,25.9,18.5,18.5,3.82,10.5,18.64,97,59,Mojokerto,-7.5271,112.4346
2024-01-27,33.0,23.5,26.4,13.3,13.3,4.36,12.8,21.24,94,58,Mojokerto,-7.5271,112.4346
2024-01-28,32.8,22.6,26.4,3.8,3.8,4.21,11.2,20.4,99,60,Mojokerto,-7.5271,112.4346
2024-01-29,31.9,23.5,25.8,32.2,32.2,3.23,11.1,15.8,100,67,Mojokerto,-7.5271,112.4346
2024-01-30,30.8,23.1,26.3,1.3,1.3,3.73,9.4,18.11,98,66,Mojokerto,-7.5271,112.4346
2024-01-31,32.2,23.0,26.5,8.4,8.4,4.54,14.6,22.35,98,62,Mojokerto,-7.5271,112.4346
2024-02-01,32.5,24.8,27.1,2.5,2.5,4.87,11.2,23.55,96,59,Mojokerto,-7.5271,112.4346
2024-02-02,31.8,24.0,26.6,12.4,12.4,3.68,13.0,18.16,98,65,Mojokerto,-7.5271,112.4346
2024-02-03,30.5,23.5,25.8,15.6,15.6,2.59,12.4,12.5,99,69,Mojokerto,-7.5271,112.4346
2024-02-04,32.3,23.9,26.3,7.8,7.8,3.83,13.4,18.13,99,56,Mojokerto,-7.5271,112.4346
2024-02-05,31.0,22.6,26.0,10.8,10.8,3.67,12.7,18.01,100,66,Mojokerto,-7.5271,112.4346
2024-02-06,30.9,23.3,25.5,30.9,30.9,3.2,11.9,15.96,99,70,Mojokerto,-7.5271,112.4346
2024-02-07,30.5,23.0,26.0,3.2,3.2,3.25,9.4,15.57,97,69,Mojokerto,-7.5271,112.4346
2024-02-08,32.5,23.8,25.9,18.9,18.9,3.71,14.6,18.03,99,60,Mojokerto,-7.5271,112.4346
2024-02-09,32.7,23.9,26.7,12.0,12.0,4.83,9.0,23.63,99,63,Mojokerto,-7.5271,112.4346
2024-02-10,30.3,23.5,25.6,22.0,22.0,2.96,11.9,14.49,99,71,Mojokerto,-7.5271,112.4346
2024-02-11,31.4,23.5,26.2,8.7,8.7,4.08,18.7,20.43,98,66,Mojokerto,-7.5271,112.4346
2024-02-12,32.0,23.5,26.6,11.2,11.2,4.66,15.1,22.94,98,63,Mojokerto,-7.5271,112.4346
2024-02-13,32.9,23.9,27.3,1.2,1.2,4.74,7.2,22.75,99,59,Mojokerto,-7.5271,112.4346
2024-02-14,32.0,24.4,26.9,4.9,4.9,3.83,11.6,18.51,99,67,Mojokerto,-7.5271,112.4346
2024-02-15,32.1,24.2,27.1,7.6,7.6,4.44,9.7,21.69,99,64,Mojokerto,-7.5271,112.4346
2024-02-16,32.7,24.5,27.5,7.1,7.1,4.96,7.4,23.85,99,65,Mojokerto,-7.5271,112.4346
2024-02-17,31.9,23.8,26.3,24.3,24.3,3.64,11.9,17.68,99,62,Mojokerto,-7.5271,112.4346
2024-02-18,31.6,23.6,26.4,11.1,11.1,3.77,6.3,18.25,99,64,Mojokerto,-7.5271,112.4346
2024-02-19,32.5,23.9,26.9,10.8,10.8,4.38,14.2,21.74,100,67,Mojokerto,-7.5271,112.4346
2024-02-20,32.4,24.5,27.4,13.1,13.1,4.53,9.0,21.82,97,69,Mojokerto,-7.5271,112.4346
2024-02-21,32.2,24.2,26.8,21.9,21.9,4.39,9.9,21.58,99,70,Mojokerto,-7.5271,112.4346
2024-02-22,33.5,24.0,27.7,1.2,1.2,5.01,9.9,23.98,96,59,Mojokerto,-7.5271,112.4346
2024-02-23,31.8,24.2,26.8,11.0,11.0,3.68,7.6,18.09,99,72,Mojokerto,-7.5271,112.4346
2024-02-24,30.9,24.5,26.5,15.3,15.3,3.67,10.2,17.81,99,73,Mojokerto,-7.5271,112.4346
2024-02-25,29.1,24.1,25.8,26.3,26.3,2.78,10.2,14.03,99,78,Mojokerto,-7.5271,112.4346
2024-02-26,31.2,23.6,26.2,18.7,18.7,3.7,17.4,18.5,99,70,Mojokerto,-7.5271,112.4346
2024-02-27,32.5,24.4,26.9,6.1,6.1,4.09,14.0,19.81,99,61,Mojokerto,-7.5271,112.4346
2024-02-28,30.3,24.2,26.3,13.5,13.5,3.3,13.4,16.8,99,72,Mojokerto,-7.5271,112.4346
2024-02-29,32.5,24.5,27.1,5.5,5.5,4.1,11.7,19.9,99,64,Mojokerto,-7.5271,112.4346
2024-03-01,31.5,24.4,26.7,16.6,16.6,3.71,9.0,18.09,99,68,Mojokerto,-7.5271,112.4346
2024-03-02,31.8,24.6,26.8,19.9,19.9,4.07,11.5,19.98,100,68,Mojokerto,-7.5271,112.4346
2024-03-03,32.1,24.8,27.0,12.3,12.3,4.3,8.7,20.85,98,69,Mojokerto,-7.5271,112.4346
2024-03-04,30.9,24.1,26.9,7.2,7.2,3.72,13.8,18.24,97,70,Mojokerto,-7.5271,112.4346
2024-03-05,31.7,23.7,26.7,32.4,32.4,3.89,8.6,19.13,100,72,Mojokerto,-7.5271,112.4346
2024-03-06,32.2,23.7,26.8,17.2,17.2,3.69,16.8,17.9,100,67,Mojokerto,-7.5271,112.4346
2024-03-07,30.8,23.8,26.5,21.6,21.6,2.96,11.4,14.21,99,75,Mojokerto,-7.5271,112.4346
2024-03-08,31.7,24.1,26.6,38.7,38.7,3.75,12.0,18.41,100,71,Mojokerto,-7.5271,112.4346
2024-03-09,27.9,24.0,25.2,29.1,29.1,1.51,15.2,7.19,100,86,Mojokerto,-7.5271,112.4346
2024-03-10,28.8,23.5,25.8,2.9,2.9,2.61,13.9,12.27,96,76,Mojokerto,-7.5271,112.4346
2024-03-11,30.9,24.1,26.4,4.8,4.8,3.14,11.8,15.23,97,73,Mojokerto,-7.5271,112.4346
2024-03-12,28.2,24.2,26.0,19.9,19.9,2.4,14.6,11.05,97,81,Mojokerto,-7.5271,112.4346
2024-03-13,28.2,24.4,25.7,51.5,51.5,2.36,13.8,11.15,96,80,Mojokerto,-7.5271,112.4346
2024-03-14,28.0,24.0,25.3,31.7,31.7,1.94,13.7,9.5,96,85,Mojokerto,-7.5271,112.4346
2024-03-15,30.6,23.8,25.9,14.1,14.1,3.18,18.7,15.4,96,70,Mojokerto,-7.5271,112.4346
2024-03-16,31.0,23.8,26.4,7.1,7.1,4.43,13.1,21.85,97,67,Mojokerto,-7.5271,112.4346
2024-03-17,31.0,23.6,26.3,3.9,3.9,4.47,14.1,22.36,94,68,Mojokerto,-7.5271,112.4346
2024-03-18,31.1,23.4,27.0,0.8,0.8,4.43,11.8,20.98,98,66,Mojokerto,-7.5271,112.4346
2024-03-19,32.5,23.2,27.7,0.2,0.2,5.35,13.3,25.34,92,56,Mojokerto,-7.5271,112.4346
2024-03-20,32.7,22.5,27.5,0.4,0.4,5.2,9.8,25.0,96,56,Mojokerto,-7.5271,112.4346
2024-03-21,32.0,24.1,26.7,4.0,4.0,4.44,12.6,21.74,97,66,Mojokerto,-7.5271,112.4346
2024-03-22,32.5,23.6,27.1,3.6,3.6,4.64,11.9,22.79,99,62,Mojokerto,-7.5271,112.4346
2024-03-23,32.7,24.0,27.2,4.8,4.8,4.78,9.8,23.22,98,65,Mojokerto,-7.5271,112.4346
2024-03-24,32.0,23.8,27.1,9.2,9.2,4.38,9.0,21.43,98,65,Mojokerto,-7.5271,112.4346
2024-03-25,32.0,24.1,27.2,1.2,1.2,4.53,8.0,21.75,97,64,Mojokerto,-7.5271,112.4346
2024-03-26,32.8,23.9,27.5,0.9,0.9,5.0,12.4,24.0,96,62,Mojokerto,-7.5271,112.4346
2024-03-27,32.8,23.9,27.3,1.9,1.9,4.5,7.9,21.5,95,56,Mojokerto,-7.5271,112.4346
2024-03-28,32.2,24.1,26.5,22.7,22.7,3.38,8.0,16.14,100,64,Mojokerto,-7.5271,112.4346
2024-03-29,31.5,23.8,27.0,0.3,0.3,4.13,6.8,20.1,100,65,Mojokerto,-7.5271,112.4346
2024-03-30,32.9,24.0,27.5,5.6,5.6,4.54,11.7,21.8,100,63,Mojokerto,-7.5271,112.4346
2024-03-31,31.9,24.3,27.8,2.7,2.7,4.6,12.1,22.13,94,65,Mojokerto,-7.5271,112.4346
2024-04-01,32.4,24.8,26.9,7.9,7.9,3.79,7.4,18.36,99,65,Mojokerto,-7.5271,112.4346
2024-04-02,30.7,24.0,26.9,5.3,5.3,3.66,6.3,17.86,99,73,Mojokerto,-7.5271,112.4346
2024-04-03,31.8,24.0,27.7,7.0,7.0,4.54,9.2,22.18,99,68,Mojokerto,-7.5271,112.4346
2024-04-04,32.7,24.3,27.4,4.6,4.6,4.58,9.2,21.87,100,64,Mojokerto,-7.5271,112.4346
2024-04-05,32.2,24.2,27.1,0.7,0.7,3.85,8.4,18.38,99,66,Mojokerto,-7.5271,112.4346
2024-04-06,33.1,23.9,28.1,0.0,0.0,5.19,12.9,24.31,97,55,Mojokerto,-7.5271,112.4346
2024-04-07,32.2,25.3,27.7,5.7,5.7,4.11,7.6,19.54,97,64,Mojokerto,-7.5271,112.4346
2024-04-08,32.5,24.7,27.7,8.5,8.5,4.04,8.1,19.12,99,60,Mojokerto,-7.5271,112.4346
2024-04-09,30.9,24.5,26.1,26.5,26.5,3.01,7.7,14.67,99,71,Mojokerto,-7.5271,112.4346
2024-04-10,31.5,23.9,26.6,0.1,0.1,3.25,14.7,15.93,98,67,Mojokerto,-7.5271,112.4346
2024-04-11,30.1,24.4,26.1,18.3,18.3,2.76,7.7,13.38,100,76,Mojokerto,-7.5271,112.4346
2024-04-12,32.2,23.9,27.0,3.4,3.4,4.52,7.3,22.14,99,65,Mojokerto,-7.5271,112.4346
2024-04-13,32.1,24.4,27.0,3.5,3.5,4.14,9.2,20.22,99,65,Mojokerto,-7.5271,112.4346
2024-04-14,31.9,24.1,27.3,1.3,1.3,4.51,8.0,21.9,97,66,Mojokerto,-7.5271,112.4346
2024-04-15,31.5,24.0,27.1,3.5,3.5,4.26,9.5,20.93,100,69,Mojokerto,-7.5271,112.4346
2024-04-16,32.6,23.5,27.6,2.1,2.1,4.6,11.4,22.3,92,63,Mojokerto,-7.5271,112.4346
2024-04-17,30.3,24.6,26.3,25.5,25.5,2.76,7.6,13.45,99,75,Mojokerto,-7.5271,112.4346
2024-04-18,31.5,23.5,26.6,8.3,8.3,3.94,12.7,19.21,99,66,Mojokerto,-7.5271,112.4346
2024-04-19,32.1,24.0,27.0,6.8,6.8,4.1,9.3,19.82,100,65,Mojokerto,-7.5271,112.4346
2024-04-20,32.3,24.0,27.7,3.2,3.2,4.37,6.3,21.0,94,63,Mojokerto,-7.5271,112.4346
2024-04-21,31.9,24.9,27.1,8.6,8.6,3.15,5.8,14.86,99,68,Mojokerto,-7.5271,112.4346
2024-04-22,31.2,25.0,27.2,14.9,14.9,3.51,5.4,17.01,99,70,Mojokerto,-7.5271,112.4346
2024-04-23,30.5,24.5,26.5,18.5,18.5,2.96,9.0,14.51,99,77,Mojokerto,-7.5271,112.4346
2024-04-24,31.1,24.2,26.2,9.8,9.8,2.69,16.5,13.44,99,71,Mojokerto,-7.5271,112.4346
2024-04-25,28.0,24.2,25.5,34.1,34.1,1.49,12.9,7.46,100,86,Mojokerto,-7.5271,112.4346
2024-04-26,31.7,24.3,27.4,0.9,0.9,4.0,8.9,19.35,99,66,Mojokerto,-7.5271,112.4346
2024-04-27,33.0,24.0,28.0,0.0,0.0,4.82,17.5,22.57,91,58,Mojokerto,-7.5271,112.4346
2024-04-28,32.8,24.2,27.7,2.5,2.5,4.39,11.5,21.24,97,62,Mojokerto,-7.5271,112.4346
2024-04-29,32.7,24.5,27.8,0.4,0.4,4.47,15.8,21.25,94,64,Mojokerto,-7.5271,112.4346
2024-04-30,33.3,24.5,28.3,0.2,0.2,4.36,7.4,20.67,93,54,Mojokerto,-7.5271,112.4346
2024-05-01,33.2,23.7,28.1,0.0,0.0,4.64,9.5,22.02,96,57,Mojokerto,-7.5271,112.4346
2024-05-02,32.5,24.2,27.4,4.6,4.6,4.29,13.2,20.83,96,64,Mojokerto,-7.5271,112.4346
2024-05-03,33.1,23.4,27.7,0.6,0.6,4.45,9.3,21.16,94,55,Mojokerto,-7.5271,112.4346
2024-05-04,30.8,24.3,26.9,0.4,0.4,3.91,10.8,18.96,93,68,Mojokerto,-7.5271,112.4346
2024-05-05,31.1,23.5,27.0,0.1,0.1,4.17,9.2,20.05,88,59,Mojokerto,-7.5271,112.4346
2024-05-06,31.6,23.0,27.1,0.0,0.0,4.29,7.8,20.5,87,52,Mojokerto,-7.5271,112.4346
2024-05-07,32.5,23.4,27.6,0.3,0.3,4.52,8.4,21.63,90,55,Mojokerto,-7.5271,112.4346
2024-05-08,32.2,23.9,27.4,1.0,1.0,4.27,10.7,20.4,96,59,Mojokerto,-7.5271,112.4346
2024-05-09,32.5,24.4,27.2,3.2,3.2,3.95,9.0,19.34,92,62,Mojokerto,-7.5271,112.4346
2024-05-10,33.7,23.3,27.9,0.0,0.0,4.7,13.9,21.53,90,51,Mojokerto,-7.5271,112.4346
2024-05-11,33.0,24.4,27.8,0.6,0.6,4.03,7.5,19.28,93,61,Mojokerto,-7.5271,112.4346
2024-05-12,33.6,23.8,27.8,0.0,0.0,4.26,6.3,20.43,90,51,Mojokerto,-7.5271,112.4346
2024-05-13,32.9,23.5,27.9,0.0,0.0,4.63,7.1,21.61,90,53,Mojokerto,-7.5271,112.4346
2024-05-14,33.0,23.8,27.8,1.0,1.0,4.2,10.7,20.02,96,57,Mojokerto,-7.5271,112.4346
2024-05-15,32.2,23.6,27.9,0.5,0.5,4.41,7.9,20.95,95,60,Mojokerto,-7.5271,112.4346
2024-05-16,33.0,23.4,27.4,0.0,0.0,4.49,9.2,21.42,89,54,Mojokerto,-7.5271,112.4346
2024-05-17,33.5,23.1,28.1,0.0,0.0,4.58,10.1,21.01,95,51,Mojokerto,-7.5271,112.4346
2024-05-18,33.0,23.1,27.6,1.2,1.2,4.23,9.2,20.04,92,55,Mojokerto,-7.5271,112.4346
2024-05-19,32.2,23.5,27.6,0.9,0.9,4.12,7.7,19.45,90,58,Mojokerto,-7.5271,112.4346
2024-05-20,32.2,23.8,27.8,0.0,0.0,4.5,9.8,21.04,90,57,Mojokerto,-7.5271,112.4346
2024-05-21,32.5,22.5,27.7,0.0,0.0,4.36,8.2,20.49,93,53,Mojokerto,-7.5271,112.4346
2024-05-22,32.9,23.2,27.9,0.4,0.4,4.35,7.4,20.44,86,55,Mojokerto,-7.5271,112.4346
2024-05-23,34.0,24.3,28.3,0.3,0.3,4.33,9.2,20.34,96,50,Mojokerto,-7.5271,112.4346
2024-05-24,34.3,24.2,28.5,1.3,1.3,4.42,13.6,19.92,99,47,Mojokerto,-7.5271,112.4346
2024-05-25,32.5,24.9,27.8,1.3,1.3,3.69,8.7,16.72,98,56,Mojokerto,-7.5271,112.4346
2024-05-26,32.2,24.2,27.4,0.2,0.2,4.0,8.7,19.21,97,58,Mojokerto,-7.5271,112.4346
2024-05-27,32.5,23.5,27.6,0.2,0.2,4.08,7.9,19.6,92,59,Mojokerto,-7.5271,112.4346
2024-05-28,33.1,23.6,27.7,0.1,0.1,4.59,15.5,20.53,87,49,Mojokerto,-7.5271,112.4346
2024-05-29,33.7,23.9,28.1,0.1,0.1,4.34,8.0,20.17,89,50,Mojokerto,-7.5271,112.4346
2024-05-30,32.9,24.1,28.1,0.1,0.1,4.24,7.8,20.09,93,56,Mojokerto,-7.5271,112.4346
2024-05-31,33.3,24.0,28.2,0.4,0.4,4.11,11.7,19.33,92,58,Mojokerto,-7.5271,112.4346
2024-06-01,33.3,24.5,28.5,1.4,1.4,4.19,8.9,19.38,93,56,Mojokerto,-7.5271,112.4346
2024-06-02,32.2,24.6,27.2,8.4,8.4,3.69,8.7,17.94,97,61,Mojokerto,-7.5271,112.4346
2024-06-03,33.2,24.1,27.6,0.2,0.2,3.97,10.2,18.91,96,51,Mojokerto,-7.5271,112.4346
2024-06-04,32.7,23.5,27.4,0.6,0.6,4.01,13.8,19.06,97,54,Mojokerto,-7.5271,112.4346
2024-06-05,32.8,23.3,27.8,0.0,0.0,4.23,8.7,19.95,87,49,Mojokerto,-7.5271,112.4346
2024-06-06,32.8,23.6,27.7,0.0,0.0,4.21,7.7,19.96,86,50,Mojokerto,-7.5271,112.4346
2024-06-07,33.1,22.5,27.2,0.2,0.2,4.12,10.8,19.67,87,46,Mojokerto,-7.5271,112.4346
2024-06-08,32.7,23.4,27.8,0.6,0.6,3.89,8.1,17.99,92,52,Mojokerto,-7.5271,112.4346
2024-06-09,33.0,24.1,27.1,2.3,2.3,3.55,12.9,16.92,96,57,Mojokerto,-7.5271,112.4346
2024-06-10,32.8,23.6,27.8,0.6,0.6,4.18,9.7,19.39,95,53,Mojokerto,-7.5271,112.4346
2024-06-11,32.8,23.5,27.8,0.4,0.4,3.96,9.9,18.68,92,52,Mojokerto,-7.5271,112.4346
2024-06-12,31.8,23.4,27.1,1.0,1.0,3.76,15.8,17.69,99,57,Mojokerto,-7.5271,112.4346
2024-06-13,31.8,23.2,26.4,8.3,8.3,3.21,10.1,15.67,98,60,Mojokerto,-7.5271,112.4346
2024-06-14,32.0,24.3,27.1,2.2,2.2,3.67,12.5,17.75,94,61,Mojokerto,-7.5271,112.4346
2024-06-15,31.4,23.8,26.1,9.1,9.1,3.43,10.3,17.11,96,64,Mojokerto,-7.5271,112.4346
2024-06-16,31.6,22.4,26.6,0.5,0.5,3.87,7.9,18.62,96,57,Mojokerto,-7.5271,112.4346
2024-06-17,33.8,22.9,27.6,0.0,0.0,4.51,17.8,19.73,91,47,Mojokerto,-7.5271,112.4346
2024-06-18,32.8,21.4,27.0,0.0,0.0,4.76,14.8,20.84,95,48,Mojokerto,-7.5271,112.4346
2024-06-19,32.4,21.0,26.0,0.0,0.0,4.43,10.0,20.61,88,38,Mojokerto,-7.5271,112.4346
2024-06-20,32.3,21.0,26.0,0.0,0.0,4.71,14.6,20.95,84,43,Mojokerto,-7.5271,112.4346
2024-06-21,31.6,20.1,25.8,0.0,0.0,4.33,15.2,20.08,87,48,Mojokerto,-7.5271,112.4346
2024-06-22,32.3,20.6,26.5,0.0,0.0,4.33,11.6,20.1,87,44,Mojokerto,-7.5271,112.4346
2024-06-23,33.3,22.5,27.6,0.0,0.0,4.14,15.9,18.68,80,45,Mojokerto,-7.5271,112.4346
2024-06-24,32.0,23.6,26.7,7.9,7.9,3.61,9.4,17.29,96,57,Mojokerto,-7.5271,112.4346
2024-06-25,33.0,22.6,27.1,0.3,0.3,4.08,7.4,19.39,99,51,Mojokerto,-7.5271,112.4346
2024-06-26,33.2,22.5,27.6,0.1,0.1,4.4,13.0,19.34,96,50,Mojokerto,-7.5271,112.4346
2024-06-27,32.7,23.8,27.6,0.3,0.3,4.15,12.0,18.65,94,53,Mojokerto,-7.5271,112.4346
2024-06-28,31.9,23.8,27.3,1.3,1.3,3.89,7.0,18.41,95,56,Mojokerto,-7.5271,112.4346
2024-06-29,32.6,23.0,27.6,0.5,0.5,4.06,9.2,19.1,92,53,Mojokerto,-7.5271,112.4346
2024-06-30,33.2,24.4,28.3,0.0,0.0,4.04,8.3,19.08,87,52,Mojokerto,-7.5271,112.4346
2024-07-01,32.3,24.4,27.9,0.2,0.2,4.01,7.9,18.64,91,51,Mojokerto,-7.5271,112.4346
2024-07-02,32.5,23.1,26.6,6.9,6.9,3.32,8.0,15.9,98,53,Mojokerto,-7.5271,112.4346
2024-07-03,31.6,23.1,26.7,0.6,0.6,3.19,12.3,14.5,99,56,Mojokerto,-7.5271,112.4346
2024-07-04,31.5,23.6,26.2,5.2,5.2,3.23,7.1,15.69,99,61,Mojokerto,-7.5271,112.4346
2024-07-05,31.8,22.1,26.4,0.0,0.0,4.09,7.6,19.88,96,52,Mojokerto,-7.5271,112.4346
2024-07-06,31.9,22.0,26.8,0.0,0.0,4.16,9.0,19.23,90,49,Mojokerto,-7.5271,112.4346
2024-07-07,31.9,22.8,26.4,0.8,0.8,3.77,13.8,18.41,89,54,Mojokerto,-7.5271,112.4346
2024-07-08,32.0,22.0,26.6,0.0,0.0,4.15,11.2,19.4,87,52,Mojokerto,-7.5271,112.4346
2024-07-09,32.8,21.9,26.5,0.0,0.0,4.5,13.3,20.86,94,40,Mojokerto,-7.5271,112.4346
2024-07-10,32.5,21.2,26.9,0.0,0.0,4.26,6.1,20.31,83,51,Mojokerto,-7.5271,112.4346
2024-07-11,32.1,21.8,26.7,0.1,0.1,4.32,11.0,20.25,89,44,Mojokerto,-7.5271,112.4346
2024-07-12,32.4,21.2,26.5,0.0,0.0,4.56,10.1,20.77,82,40,Mojokerto,-7.5271,112.4346
2024-07-13,30.6,21.3,25.8,0.0,0.0,3.99,9.9,18.78,83,48,Mojokerto,-7.5271,112.4346
2024-07-14,31.9,20.1,25.2,0.0,0.0,4.55,8.4,21.69,86,33,Mojokerto,-7.5271,112.4346
2024-07-15,32.0,19.9,25.7,0.0,0.0,4.51,9.3,20.86,80,42,Mojokerto,-7.5271,112.4346
2024-07-16,32.7,20.5,26.5,0.0,0.0,4.54,9.5,21.16,91,42,Mojokerto,-7.5271,112.4346
2024-07-17,32.2,20.3,25.7,0.0,0.0,4.87,19.3,21.4,89,42,Mojokerto,-7.5271,112.4346
2024-07-18,33.0,20.7,26.4,0.0,0.0,4.54,13.2,21.05,86,41,Mojokerto,-7.5271,112.4346
2024-07-19,32.5,21.2,26.4,0.0,0.0,4.6,16.1,20.97,86,43,Mojokerto,-7.5271,112.4346
2024-07-20,32.8,21.1,26.7,0.0,0.0,4.62,15.1,20.39,86,43,Mojokerto,-7.5271,112.4346
2024-07-21,32.5,21.8,27.1,0.0,0.0,4.6,11.5,20.77,85,43,Mojokerto,-7.5271,112.4346
2024-07-22,32.1,21.0,26.6,0.0,0.0,4.28,7.2,19.96,89,48,Mojokerto,-7.5271,112.4346
2024-07-23,33.5,21.5,27.4,0.2,0.2,4.38,9.2,20.33,89,42,Mojokerto,-7.5271,112.4346
2024-07-24,32.4,21.8,27.1,0.0,0.0,4.03,8.7,18.01,91,42,Mojokerto,-7.5271,112.4346
2024-07-25,33.2,21.5,27.4,0.0,0.0,4.64,11.3,20.95,87,38,Mojokerto,-7.5271,112.4346
2024-07-26,33.4,21.9,27.4,0.0,0.0,4.59,8.1,20.98,86,42,Mojokerto,-7.5271,112.4346
2024-07-27,33.7,21.5,27.6,0.0,0.0,4.69,7.3,21.66,85,40,Mojokerto,-7.5271,112.4346
2024-07-28,34.0,21.5,27.5,0.0,0.0,4.86,12.2,21.56,89,39,Mojokerto,-7.5271,112.4346
2024-07-29,33.7,21.0,27.1,0.0,0.0,4.72,7.6,21.98,92,39,Mojokerto,-7.5271,112.4346
2024-07-30,34.2,22.5,27.7,0.0,0.0,4.65,9.8,21.75,90,40,Mojokerto,-7.5271,112.4346
2024-07-31,34.3,22.6,28.0,0.0,0.0,4.58,11.0,20.67,95,45,Mojokerto,-7.5271,112.4346
2024-08-01,32.9,23.4,27.6,0.8,0.8,4.32,10.7,19.98,91,49,Mojokerto,-7.5271,112.4346
2024-08-02,33.2,23.2,27.2,1.6,1.6,4.11,13.7,18.93,96,51,Mojokerto,-7.5271,112.4346
2024-08-03,34.1,23.2,27.9,0.0,0.0,4.58,9.5,21.07,94,37,Mojokerto,-7.5271,112.4346
2024-08-04,33.1,22.5,27.4,0.3,0.3,4.54,8.2,21.1,92,45,Mojokerto,-7.5271,112.4346
2024-08-05,32.5,22.0,27.0,0.0,0.0,4.64,14.6,20.55,86,42,Mojokerto,-7.5271,112.4346
2024-08-06,33.5,21.0,27.0,0.0,0.0,4.88,8.3,22.72,94,39,Mojokerto,-7.5271,112.4346
2024-08-07,33.6,21.9,27.6,0.0,0.0,4.8,12.3,21.45,87,44,Mojokerto,-7.5271,112.4346
2024-08-08,34.3,22.7,28.0,0.0,0.0,4.77,9.4,21.46,90,40,Mojokerto,-7.5271,112.4346
2024-08-09,34.3,23.1,28.1,0.1,0.1,4.83,10.0,21.56,87,39,Mojokerto,-7.5271,112.4346
2024-08-10,33.5,22.6,27.7,0.3,0.3,4.75,11.3,21.45,88,42,Mojokerto,-7.5271,112.4346
2024-08-11,32.4,21.5,26.7,0.0,0.0,4.72,10.9,20.19,90,40,Mojokerto,-7.5271,112.4346
2024-08-12,33.0,20.7,26.1,0.0,0.0,5.21,15.6,23.33,77,32,Mojokerto,-7.5271,112.4346
2024-08-13,34.3,20.5,27.0,0.0,0.0,4.93,9.5,22.09,77,34,Mojokerto,-7.5271,112.4346
2024-08-14,33.3,21.0,27.1,0.0,0.0,4.97,9.8,22.86,89,40,Mojokerto,-7.5271,112.4346
2024-08-15,34.0,21.6,26.8,0.0,0.0,4.99,14.0,22.17,90,38,Mojokerto,-7.5271,112.4346
2024-08-16,32.5,20.4,26.5,0.0,0.0,4.92,12.1,22.59,86,44,Mojokerto,-7.5271,112.4346
2024-08-17,34.2,21.9,27.2,0.0,0.0,5.25,13.8,22.94,79,35,Mojokerto,-7.5271,112.4346
2024-08-18,34.3,21.2,27.1,0.0,0.0,5.06,10.6,23.26,88,38,Mojokerto,-7.5271,112.4346
2024-08-19,34.4,21.5,27.1,0.0,0.0,5.11,10.9,23.25,85,37,Mojokerto,-7.5271,112.4346
2024-08-20,34.0,21.1,27.0,0.0,0.0,5.15,10.0,23.69,88,36,Mojokerto,-7.5271,112.4346
2024-08-21,34.2,21.1,27.2,0.0,0.0,5.2,13.5,23.28,89,26,Mojokerto,-7.5271,112.4346
2024-08-22,34.2,21.4,27.5,0.0,0.0,5.02,9.2,22.8,85,41,Mojokerto,-7.5271,112.4346
2024-08-23,33.3,22.2,27.6,0.0,0.0,4.85,9.2,22.37,87,42,Mojokerto,-7.5271,112.4346
2024-08-24,33.8,21.8,27.7,0.0,0.0,4.97,13.0,22.51,89,39,Mojokerto,-7.5271,112.4346
2024-08-25,34.8,22.6,28.2,0.0,0.0,5.19,9.4,22.91,82,35,Mojokerto,-7.5271,112.4346
2024-08-26,35.0,22.6,28.3,0.0,0.0,5.5,12.0,23.31,86,38,Mojokerto,-7.5271,112.4346
2024-08-27,35.0,22.4,28.0,0.0,0.0,5.28,10.5,23.34,82,35,Mojokerto,-7.5271,112.4346
2024-08-28,34.7,22.7,28.1,0.0,0.0,5.32,13.3,22.58,80,33,Mojokerto,-7.5271,112.4346
2024-08-29,33.9,23.0,27.8,0.1,0.1,4.97,10.3,22.02,87,40,Mojokerto,-7.5271,112.4346
2024-08-30,33.8,22.0,27.7,0.0,0.0,5.22,10.5,23.53,89,37,Mojokerto,-7.5271,112.4346
2024-08-31,35.5,22.4,28.2,0.0,0.0,5.3,10.2,24.05,83,36,Mojokerto,-7.5271,112.4346
2024-09-01,34.8,23.1,28.3,0.1,0.1,5.25,8.4,23.07,78,39,Mojokerto,-7.5271,112.4346
2024-09-02,35.2,23.0,28.5,0.4,0.4,5.11,9.7,22.91,88,41,Mojokerto,-7.5271,112.4346
2024-09-03,35.6,22.8,28.2,0.0,0.0,5.58,15.5,24.21,85,28,Mojokerto,-7.5271,112.4346
2024-09-04,35.3,22.7,28.5,0.1,0.1,5.59,21.3,22.96,81,38,Mojokerto,-7.5271,112.4346
2024-09-05,35.8,23.2,29.1,0.0,0.0,5.42,9.2,23.81,87,35,Mojokerto,-7.5271,112.4346
2024-09-06,34.7,23.6,28.8,0.1,0.1,5.63,17.2,23.84,83,40,Mojokerto,-7.5271,112.4346
2024-09-07,36.3,22.9,28.9,0.0,0.0,5.96,20.9,23.97,87,32,Mojokerto,-7.5271,112.4346
2024-09-08,35.7,24.0,28.9,0.0,0.0,5.8,23.7,23.35,87,38,Mojokerto,-7.5271,112.4346
2024-09-09,36.4,23.0,29.3,0.0,0.0,5.39,7.2,23.98,84,34,Mojokerto,-7.5271,112.4346
2024-09-10,34.2,24.4,27.8,2.5,2.5,4.31,14.2,19.46,94,43,Mojokerto,-7.5271,112.4346
2024-09-11,34.3,23.4,27.9,1.8,1.8,5.05,15.6,23.13,96,43,Mojokerto,-7.5271,112.4346
2024-09-12,34.8,21.6,28.1,0.5,0.5,5.43,11.8,24.16,96,39,Mojokerto,-7.5271,112.4346
2024-09-13,34.5,23.4,28.4,0.0,0.0,5.47,11.8,23.77,79,34,Mojokerto,-7.5271,112.4346
2024-09-14,34.5,22.1,28.6,0.2,0.2,5.42,8.7,23.81,90,32,Mojokerto,-7.5271,112.4346
2024-09-15,34.2,22.6,28.5,1.1,1.1,5.76,16.2,23.93,82,35,Mojokerto,-7.5271,112.4346
2024-09-16,34.5,23.5,28.4,0.6,0.6,5.73,17.5,23.28,72,33,Mojokerto,-7.5271,112.4346
2024-09-17,35.7,23.0,28.6,0.0,0.0,6.01,14.5,25.16,77,23,Mojokerto,-7.5271,112.4346
2024-09-18,35.2,23.6,28.5,0.0,0.0,6.16,19.4,25.92,63,27,Mojokerto,-7.5271,112.4346
2024-09-19,35.9,22.5,28.7,0.0,0.0,6.13,15.7,26.0,75,27,Mojokerto,-7.5271,112.4346
2024-09-20,36.2,21.8,28.5,0.0,0.0,6.19,18.1,25.65,79,31,Mojokerto,-7.5271,112.4346
2024-09-21,35.6,22.5,28.7,0.0,0.0,6.25,21.2,25.7,79,31,Mojokerto,-7.5271,112.4346
2024-09-22,36.5,23.5,29.5,0.3,0.3,5.96,17.7,24.37,82,38,Mojokerto,-7.5271,112.4346
2024-09-23,34.7,23.9,27.5,5.0,5.0,4.02,12.1,17.93,100,44,Mojokerto,-7.5271,112.4346
2024-09-24,33.7,24.8,27.9,4.0,4.0,4.53,14.0,21.0,94,50,Mojokerto,-7.5271,112.4346
2024-09-25,35.2,24.2,27.3,14.3,14.3,4.26,25.3,20.03,98,45,Mojokerto,-7.5271,112.4346
2024-09-26,33.5,23.9,27.0,6.4,6.4,4.2,8.6,19.66,98,54,Mojokerto,-7.5271,112.4346
2024-09-27,33.8,23.9,28.1,0.5,0.5,4.88,8.4,22.71,98,53,Mojokerto,-7.5271,112.4346
2024-09-28,35.8,23.4,29.0,0.1,0.1,5.97,15.4,24.83,89,37,Mojokerto,-7.5271,112.4346
2024-09-29,35.9,23.1,29.1,0.0,0.0,5.71,7.9,25.51,88,32,Mojokerto,-7.5271,112.4346
2024-09-30,37.6,23.4,29.7,0.0,0.0,6.58,20.8,25.88,81,26,Mojokerto,-7.5271,112.4346
2024-10-01,37.3,23.6,29.8,0.0,0.0,6.26,17.9,25.3,82,26,Mojokerto,-7.5271,112.4346
2024-10-02,35.4,24.2,29.3,0.0,0.0,5.64,10.3,24.17,85,37,Mojokerto,-7.5271,112.4346
2024-10-03,36.4,23.4,29.0,0.0,0.0,5.83,15.5,23.92,87,29,Mojokerto,-7.5271,112.4346
2024-10-04,35.0,23.8,28.9,0.3,0.3,5.23,12.9,23.25,86,42,Mojokerto,-7.5271,112.4346
2024-10-05,35.6,24.3,29.7,0.3,0.3,5.36,7.4,23.69,87,35,Mojokerto,-7.5271,112.4346
2024-10-06,36.3,23.8,29.7,0.0,0.0,6.1,15.5,25.05,86,28,Mojokerto,-7.5271,112.4346
2024-10-07,36.5,22.8,29.4,0.0,0.0,5.85,10.2,25.56,89,31,Mojokerto,-7.5271,112.4346
2024-10-08,36.3,23.6,29.8,1.0,1.0,5.81,10.3,24.69,88,35,Mojokerto,-7.5271,112.4346
2024-10-09,37.0,24.2,29.6,0.5,0.5,6.1,17.3,25.57,96,27,Mojokerto,-7.5271,112.4346
2024-10-10,37.8,23.2,29.8,0.0,0.0,6.78,23.8,26.37,87,24,Mojokerto,-7.5271,112.4346
2024-10-11,37.2,23.4,29.9,0.0,0.0,6.6,22.5,25.0,87,32,Mojokerto,-7.5271,112.4346
2024-10-12,37.5,24.3,30.5,0.0,0.0,7.28,26.6,26.12,86,25,Mojokerto,-7.5271,112.4346
2024-10-13,37.8,24.8,29.7,1.3,1.3,5.34,19.1,22.97,86,36,Mojokerto,-7.5271,112.4346
2024-10-14,37.5,23.4,30.0,3.4,3.4,5.66,18.6,24.29,98,34,Mojokerto,-7.5271,112.4346
2024-10-15,35.0,23.8,29.5,1.1,1.1,5.16,14.9,22.35,93,39,Mojokerto,-7.5271,112.4346
2024-10-16,36.2,23.8,29.6,0.0,0.0,6.53,15.4,25.13,64,32,Mojokerto,-7.5271,112.4346
2024-10-17,36.2,23.6,29.4,0.0,0.0,6.28,15.0,25.21,72,29,Mojokerto,-7.5271,112.4346
2024-10-18,36.5,24.0,29.6,0.2,0.2,5.94,11.7,24.76,74,32,Mojokerto,-7.5271,112.4346
2024-10-19,36.7,24.5,28.3,2.7,2.7,4.99,17.8,21.82,95,36,Mojokerto,-7.5271,112.4346
2024-10-20,34.7,23.1,27.0,7.4,7.4,4.62,15.4,21.47,100,45,Mojokerto,-7.5271,112.4346
2024-10-21,33.1,23.0,27.1,1.8,1.8,4.18,9.9,19.33,97,48,Mojokerto,-7.5271,112.4346
2024-10-22,33.7,23.7,28.5,0.0,0.0,5.1,7.8,23.45,94,47,Mojokerto,-7.5271,112.4346
2024-10-23,34.2,24.4,28.8,0.0,0.0,5.27,7.9,23.78,85,43,Mojokerto,-7.5271,112.4346
2024-10-24,34.3,24.6,28.1,0.8,0.8,4.72,13.7,21.87,87,47,Mojokerto,-7.5271,112.4346
2024-10-25,34.9,23.7,29.0,0.4,0.4,5.67,9.4,24.97,86,41,Mojokerto,-7.5271,112.4346
2024-10-26,35.0,24.5,29.4,0.1,0.1,5.65,12.9,24.27,79,41,Mojokerto,-7.5271,112.4346
2024-10-27,36.5,25.5,30.2,0.0,0.0,5.53,8.4,24.91,75,35,Mojokerto,-7.5271,112.4346
2024-10-28,36.7,25.6,30.4,0.4,0.4,5.6,8.8,24.71,80,31,Mojokerto,-7.5271,112.4346
2024-10-29,35.7,24.5,29.9,0.2,0.2,5.67,10.9,24.6,85,38,Mojokerto,-7.5271,112.4346
2024-10-30,36.5,24.6,30.2,0.1,0.1,5.54,6.8,24.79,83,32,Mojokerto,-7.5271,112.4346
2024-10-31,35.7,24.1,29.2,2.2,2.2,5.01,10.9,22.22,91,45,Mojokerto,-7.5271,112.4346
2024-11-01,31.9,23.7,27.2,2.3,2.3,3.53,13.2,16.18,99,62,Mojokerto,-7.5271,112.4346
2024-11-02,34.4,24.9,28.4,2.2,2.2,4.41,10.2,19.75,90,50,Mojokerto,-7.5271,112.4346
2024-11-03,32.8,23.3,27.0,12.4,12.4,4.56,18.0,21.67,99,55,Mojokerto,-7.5271,112.4346
2024-11-04,32.6,24.0,27.3,6.9,6.9,4.28,11.0,20.34,95,56,Mojokerto,-7.5271,112.4346
2024-11-05,33.8,23.1,28.2,0.5,0.5,5.17,11.7,23.64,90,47,Mojokerto,-7.5271,112.4346
2024-11-06,36.2,23.2,28.9,0.0,0.0,6.46,19.3,26.33,89,28,Mojokerto,-7.5271,112.4346
2024-11-07,36.0,23.0,29.5,0.1,0.1,6.09,15.5,25.55,72,34,Mojokerto,-7.5271,112.4346
2024-11-08,35.2,24.1,28.6,3.6,3.6,5.0,8.6,22.89,98,43,Mojokerto,-7.5271,112.4346
2024-11-09,34.7,23.9,27.9,7.3,7.3,4.38,9.8,20.32,98,48,Mojokerto,-7.5271,112.4346
2024-11-10,34.8,23.8,27.9,5.9,5.9,4.48,9.7,20.84,99,46,Mojokerto,-7.5271,112.4346
2024-11-11,35.0,24.2,27.8,2.9,2.9,4.71,18.2,22.0,99,46,Mojokerto,-7.5271,112.4346
2024-11-12,35.3,23.5,28.7,0.2,0.2,5.51,20.2,23.97,95,44,Mojokerto,-7.5271,112.4346
2024-11-13,35.8,24.0,29.4,1.2,1.2,5.75,14.3,24.68,93,39,Mojokerto,-7.5271,112.4346
2024-11-14,34.0,24.3,29.4,1.2,1.2,5.55,9.4,24.42,86,46,Mojokerto,-7.5271,112.4346
2024-11-15,37.7,24.4,30.0,0.7,0.7,5.87,13.4,24.73,89,31,Mojokerto,-7.5271,112.4346
2024-11-16,35.9,25.0,28.7,3.0,3.0,4.8,15.2,21.12,87,44,Mojokerto,-7.5271,112.4346
2024-11-17,35.7,24.5,28.4,11.9,11.9,4.99,15.2,21.83,98,45,Mojokerto,-7.5271,112.4346
2024-11-18,34.4,23.7,27.4,16.5,16.5,4.5,16.2,21.23,99,53,Mojokerto,-7.5271,112.4346
2024-11-19,33.3,24.0,27.0,11.0,11.0,4.14,13.7,19.81,98,57,Mojokerto,-7.5271,112.4346
2024-11-20,33.0,24.0,27.5,3.9,3.9,4.59,11.0,21.95,99,59,Mojokerto,-7.5271,112.4346
2024-11-21,33.4,24.1,27.6,1.4,1.4,4.21,12.9,19.83,96,56,Mojokerto,-7.5271,112.4346
2024-11-22,33.2,24.0,27.2,8.8,8.8,3.91,10.3,18.36,97,58,Mojokerto,-7.5271,112.4346
2024-11-23,33.2,24.6,27.4,15.2,15.2,3.61,16.0,16.9,95,57,Mojokerto,-7.5271,112.4346
2024-11-24,32.8,24.9,27.0,7.8,7.8,3.49,10.5,16.57,97,56,Mojokerto,-7.5271,112.4346
2024-11-25,33.2,24.2,27.7,2.0,2.0,4.24,9.7,19.85,98,56,Mojokerto,-7.5271,112.4346
2024-11-26,32.9,23.8,28.3,1.2,1.2,4.59,9.7,21.07,99,57,Mojokerto,-7.5271,112.4346
2024-11-27,33.5,25.0,28.0,11.4,11.4,3.92,12.0,17.91,95,54,Mojokerto,-7.5271,112.4346
2024-11-28,31.9,24.6,27.1,5.4,5.4,3.43,23.3,15.28,99,59,Mojokerto,-7.5271,112.4346
2024-11-29,31.3,24.2,27.3,3.0,3.0,4.02,14.1,18.91,99,65,Mojokerto,-7.5271,112.4346
2024-11-30,31.0,24.2,26.6,9.0,9.0,3.5,17.3,16.88,96,63,Mojokerto,-7.5271,112.4346
2024-12-01,30.8,23.6,26.4,13.6,13.6,3.12,11.8,14.65,94,70,Mojokerto,-7.5271,112.4346
2024-12-02,30.4,24.2,26.4,12.5,12.5,3.26,11.2,15.77,98,70,Mojokerto,-7.5271,112.4346
2024-12-03,34.0,23.2,27.4,11.3,11.3,4.88,10.5,23.18,98,49,Mojokerto,-7.5271,112.4346
2024-12-04,32.5,24.4,27.0,2.7,2.7,3.52,8.6,16.44,98,62,Mojokerto,-7.5271,112.4346
2024-12-05,33.2,24.6,27.1,49.1,49.1,3.88,8.5,18.09,98,57,Mojokerto,-7.5271,112.4346
2024-12-06,29.5,23.9,25.4,50.8,50.8,1.95,10.8,9.15,100,76,Mojokerto,-7.5271,112.4346
2024-12-07,31.7,22.9,26.4,5.3,5.3,4.28,16.0,20.73,98,62,Mojokerto,-7.5271,112.4346
2024-12-08,32.0,23.8,26.7,14.1,14.1,3.74,14.4,17.92,95,67,Mojokerto,-7.5271,112.4346
2024-12-09,30.3,24.6,26.5,5.9,5.9,3.01,23.4,13.54,96,68,Mojokerto,-7.5271,112.4346
2024-12-10,32.1,24.2,26.6,29.1,29.1,3.68,21.5,17.54,97,60,Mojokerto,-7.5271,112.4346
2024-12-11,32.2,23.7,26.1,35.0,35.0,3.21,11.9,15.64,98,61,Mojokerto,-7.5271,112.4346
2024-12-12,30.5,24.2,26.1,14.8,14.8,2.85,9.8,13.74,98,71,Mojokerto,-7.5271,112.4346
2024-12-13,32.0,22.9,26.3,14.0,14.0,4.12,6.9,20.05,99,63,Mojokerto,-7.5271,112.4346
2024-12-14,28.2,23.6,25.5,50.7,50.7,2.21,7.8,10.82,100,82,Mojokerto,-7.5271,112.4346
2024-12-15,30.1,23.9,25.9,48.7,48.7,3.1,13.8,15.27,100,72,Mojokerto,-7.5271,112.4346
2024-12-16,29.2,24.2,26.0,23.1,23.1,1.98,8.7,8.88,98,73,Mojokerto,-7.5271,112.4346
2024-12-17,30.2,24.0,26.1,36.2,36.2,2.99,10.9,14.59,99,73,Mojokerto,-7.5271,112.4346
2024-12-18,31.2,23.8,27.1,1.8,1.8,3.82,17.2,17.99,99,62,Mojokerto,-7.5271,112.4346
2024-12-19,32.0,24.0,27.8,2.3,2.3,5.18,19.8,23.57,92,62,Mojokerto,-7.5271,112.4346
2024-12-20,31.0,24.8,26.9,14.4,14.4,4.18,14.9,20.39,96,69,Mojokerto,-7.5271,112.4346
2024-12-21,31.5,24.4,26.5,22.6,22.6,3.48,13.8,16.47,98,71,Mojokerto,-7.5271,112.4346
2024-12-22,29.5,24.3,26.2,5.8,5.8,2.99,9.7,14.66,95,78,Mojokerto,-7.5271,112.4346
2024-12-23,30.7,23.1,25.8,13.6,13.6,3.38,14.9,17.02,99,77,Mojokerto,-7.5271,112.4346
2024-12-24,31.0,23.8,26.0,31.7,31.7,3.83,12.5,19.26,97,72,Mojokerto,-7.5271,112.4346
2024-12-25,30.5,23.8,25.8,21.9,21.9,3.4,12.7,16.8,97,72,Mojokerto,-7.5271,112.4346
2024-12-26,30.8,23.8,26.4,6.1,6.1,3.38,17.0,16.78,98,70,Mojokerto,-7.5271,112.4346
2024-12-27,31.0,25.1,27.6,1.4,1.4,4.24,18.4,19.98,86,63,Mojokerto,-7.5271,112.4346
2024-12-28,30.4,24.8,27.4,1.8,1.8,3.7,20.4,16.25,88,66,Mojokerto,-7.5271,112.4346
2024-12-29,28.3,24.0,25.9,5.8,5.8,2.13,15.6,9.32,97,76,Mojokerto,-7.5271,112.4346
2024-12-30,30.8,24.0,26.5,20.7,20.7,4.25,13.3,19.96,93,66,Mojokerto,-7.5271,112.4346
2024-12-31,30.3,23.8,26.0,17.6,17.6,3.57,15.8,17.67,93,73,Mojokerto,-7.5271,112.4346
2025-01-01,28.4,23.9,25.4,17.7,17.7,2.27,7.3,11.06,96,79,Mojokerto,-7.5271,112.4346
2025-01-02,30.0,23.6,25.2,18.3,18.3,3.06,9.4,15.27,99,73,Mojokerto,-7.5271,112.4346
2025-01-03,31.0,23.1,26.7,0.2,0.2,3.79,17.5,17.54,96,62,Mojokerto,-7.5271,112.4346
2025-01-04,30.9,22.5,26.4,1.2,1.2,4.23,16.4,20.54,95,63,Mojokerto,-7.5271,112.4346
2025-01-05,29.9,23.5,26.0,9.0,9.0,3.67,15.1,18.08,98,71,Mojokerto,-7.5271,112.4346
2025-01-06,31.1,23.5,25.8,5.1,5.1,3.66,9.5,17.86,99,63,Mojokerto,-7.5271,112.4346
2025-01-07,30.0,23.8,25.8,16.9,16.9,3.69,12.2,18.67,98,73,Mojokerto,-7.5271,112.4346
2025-01-08,28.8,23.5,26.0,17.2,17.2,3.35,13.6,16.59,96,74,Mojokerto,-7.5271,112.4346
2025-01-09,31.0,23.6,26.8,8.7,8.7,4.32,14.4,20.96,94,63,Mojokerto,-7.5271,112.4346
2025-01-10,30.6,23.6,26.4,7.5,7.5,3.82,8.7,18.72,94,76,Mojokerto,-7.5271,112.4346
2025-01-11,31.9,23.2,26.2,3.1,3.1,3.77,11.6,18.3,96,64,Mojokerto,-7.5271,112.4346
2025-01-12,29.6,23.5,25.6,10.3,10.3,2.64,12.5,13.0,97,73,Mojokerto,-7.5271,112.4346
2025-01-13,29.5,23.5,25.7,19.4,19.4,3.56,8.1,17.81,99,76,Mojokerto,-7.5271,112.4346
2025-01-14,30.6,23.9,26.1,18.6,18.6,3.82,13.0,18.97,99,70,Mojokerto,-7.5271,112.4346
2025-01-15,30.3,23.0,26.1,9.7,9.7,3.99,12.5,19.62,98,69,Mojokerto,-7.5271,112.4346
2025-01-16,30.9,23.6,26.0,13.0,13.0,4.05,10.1,20.04,98,68,Mojokerto,-7.5271,112.4346
2025-01-17,31.4,24.1,26.3,19.8,19.8,4.34,13.5,21.63,95,66,Mojokerto,-7.5271,112.4346
2025-01-18,29.5,23.7,25.8,11.9,11.9,3.17,15.7,16.3,94,78,Mojokerto,-7.5271,112.4346
2025-01-19,30.4,22.9,25.9,9.7,9.7,3.71,14.0,18.37,94,71,Mojokerto,-7.5271,112.4346
2025-01-20,30.0,23.9,25.5,23.7,23.7,2.71,14.6,13.83,97,73,Mojokerto,-7.5271,112.4346
2025-01-21,29.3,23.6,25.5,10.1,10.1,2.6,15.8,12.57,97,79,Mojokerto,-7.5271,112.4346
2025-01-22,29.1,23.5,25.5,7.3,7.3,2.86,8.8,14.04,98,78,Mojokerto,-7.5271,112.4346
2025-01-23,28.1,23.6,24.9,24.0,24.0,2.03,13.9,10.0,98,81,Mojokerto,-7.5271,112.4346
2025-01-24,29.7,23.3,25.7,6.1,6.1,3.57,7.6,17.87,98,71,Mojokerto,-7.5271,112.4346
2025-01-25,30.4,24.0,26.5,13.6,13.6,4.38,6.5,21.67,97,73,Mojokerto,-7.5271,112.4346
2025-01-26,29.5,23.9,26.2,17.2,17.2,3.6,10.0,17.85,99,80,Mojokerto,-7.5271,112.4346
2025-01-27,28.7,23.1,25.7,5.5,5.5,2.78,13.9,13.81,99,79,Mojokerto,-7.5271,112.4346
2025-01-28,30.2,23.0,25.5,23.8,23.8,3.76,10.4,18.72,97,68,Mojokerto,-7.5271,112.4346
2025-01-29,28.1,23.8,25.1,21.3,21.3,2.56,13.7,12.84,95,80,Mojokerto,-7.5271,112.4346
2025-01-30,26.9,23.6,24.5,22.5,22.5,1.55,17.0,7.02,96,82,Mojokerto,-7.5271,112.4346
2025-01-31,28.9,24.0,25.7,8.4,8.4,2.42,15.8,9.98,93,75,Mojokerto,-7.5271,112.4346
2025-02-01,29.5,23.9,26.0,6.6,6.6,3.67,14.0,17.99,95,76,Mojokerto,-7.5271,112.4346
2025-02-02,29.2,23.9,26.0,9.4,9.4,3.52,16.6,17.56,93,76,Mojokerto,-7.5271,112.4346
2025-02-03,30.2,24.2,26.4,6.2,6.2,3.58,17.4,17.11,92,75,Mojokerto,-7.5271,112.4346
2025-02-04,30.6,24.1,26.4,10.8,10.8,4.07,16.0,20.38,93,72,Mojokerto,-7.5271,112.4346
2025-02-05,30.5,23.0,25.9,19.6,19.6,4.25,19.1,21.39,94,76,Mojokerto,-7.5271,112.4346
2025-02-06,30.5,24.0,26.0,11.1,11.1,3.43,13.9,16.96,95,73,Mojokerto,-7.5271,112.4346
2025-02-07,29.8,24.3,26.1,3.5,3.5,3.58,14.7,17.09,94,73,Mojokerto,-7.5271,112.4346
2025-02-08,30.3,23.5,26.2,1.9,1.9,4.33,21.0,21.9,96,70,Mojokerto,-7.5271,112.4346
2025-02-09,30.0,23.4,26.3,0.4,0.4,4.02,24.6,19.7,94,71,Mojokerto,-7.5271,112.4346
2025-02-10,29.1,24.0,26.4,4.2,4.2,3.88,18.6,18.47,92,74,Mojokerto,-7.5271,112.4346
2025-02-11,31.1,24.5,27.7,0.1,0.1,4.78,21.4,18.78,90,53,Mojokerto,-7.5271,112.4346
2025-02-12,31.3,24.5,27.6,0.0,0.0,4.58,26.8,16.97,82,60,Mojokerto,-7.5271,112.4346
2025-02-13,31.2,23.5,26.4,3.9,3.9,4.22,20.3,20.96,96,65,Mojokerto,-7.5271,112.4346
2025-02-14,30.9,23.2,26.1,8.6,8.6,4.38,14.9,22.32,96,71,Mojokerto,-7.5271,112.4346
2025-02-15,31.2,23.5,26.1,7.0,7.0,4.77,10.9,23.96,96,71,Mojokerto,-7.5271,112.4346
2025-02-16,31.1,23.5,26.3,16.8,16.8,4.5,15.5,22.64,97,71,Mojokerto,-7.5271,112.4346
2025-02-17,29.7,23.1,25.3,23.6,23.6,3.63,17.7,18.84,97,78,Mojokerto,-7.5271,112.4346
2025-02-18,30.4,23.0,25.6,15.8,15.8,4.25,10.1,21.33,98,69,Mojokerto,-7.5271,112.4346
2025-02-19,30.6,23.3,25.9,16.1,16.1,4.4,10.0,21.91,97,70,Mojokerto,-7.5271,112.4346
2025-02-20,30.4,23.4,26.3,3.6,3.6,3.89,7.8,18.96,97,69,Mojokerto,-7.5271,112.4346
2025-02-21,30.7,24.0,26.0,17.2,17.2,4.03,7.9,20.04,98,72,Mojokerto,-7.5271,112.4346
2025-02-22,30.8,23.1,25.6,18.2,18.2,3.77,9.8,19.09,96,72,Mojokerto,-7.5271,112.4346
2025-02-23,28.6,23.4,25.0,43.2,43.2,2.74,7.7,13.42,99,80,Mojokerto,-7.5271,112.4346
2025-02-24,28.8,23.4,24.7,58.6,58.6,2.71,7.8,13.36,100,82,Mojokerto,-7.5271,112.4346
2025-02-25,30.5,22.9,25.5,18.0,18.0,4.01,7.2,20.14,99,68,Mojokerto,-7.5271,112.4346
2025-02-26,30.2,23.4,25.5,15.8,15.8,3.44,9.6,17.31,98,69,Mojokerto,-7.5271,112.4346
2025-02-27,30.6,23.9,26.1,20.3,20.3,4.32,11.3,21.78,98,68,Mojokerto,-7.5271,112.4346
2025-02-28,31.2,23.5,26.0,3.3,3.3,4.1,9.1,20.11,98,69,Mojokerto,-7.5271,112.4346
2025-03-01,31.1,23.2,26.6,1.2,1.2,4.96,5.6,24.53,99,68,Mojokerto,-7.5271,112.4346
2025-03-02,31.3,23.1,26.8,1.4,1.4,4.83,10.4,23.83,95,66,Mojokerto,-7.5271,112.4346
2025-03-03,31.9,23.5,26.9,1.7,1.7,4.9,10.4,24.07,95,65,Mojokerto,-7.5271,112.4346
2025-03-04,31.6,24.1,26.5,6.5,6.5,4.37,10.1,21.9,95,68,Mojokerto,-7.5271,112.4346
2025-03-05,32.1,22.8,27.3,0.0,0.0,5.23,13.5,25.39,91,61,Mojokerto,-7.5271,112.4346
2025-03-06,31.4,24.3,26.8,5.3,5.3,4.4,11.1,21.81,97,69,Mojokerto,-7.5271,112.4346
2025-03-07,31.0,23.9,25.8,30.2,30.2,3.79,10.6,18.71,98,71,Mojokerto,-7.5271,112.4346
2025-03-08,31.3,23.4,25.3,19.0,19.0,3.55,10.9,17.4,99,68,Mojokerto,-7.5271,112.4346
2025-03-09,29.1,23.6,25.8,18.2,18.2,3.24,21.6,16.91,98,80,Mojokerto,-7.5271,112.4346
2025-03-10,29.1,23.6,25.5,49.0,49.0,2.74,10.8,14.1,97,80,Mojokerto,-7.5271,112.4346
2025-03-11,31.2,24.1,26.6,6.6,6.6,4.06,10.3,19.92,94,65,Mojokerto,-7.5271,112.4346
2025-03-12,32.0,24.1,26.6,13.9,13.9,4.52,20.0,22.59,93,65,Mojokerto,-7.5271,112.4346
2025-03-13,30.6,23.7,26.2,3.3,3.3,3.81,13.9,18.95,94,73,Mojokerto,-7.5271,112.4346
2025-03-14,30.2,24.4,26.3,4.6,4.6,3.5,13.8,17.47,95,69,Mojokerto,-7.5271,112.4346
2025-03-15,30.2,23.8,25.9,15.9,15.9,3.37,12.4,16.8,96,72,Mojokerto,-7.5271,112.4346
2025-03-16,29.5,23.4,25.4,4.8,4.8,3.5,10.9,17.16,98,71,Mojokerto,-7.5271,112.4346
2025-03-17,30.4,23.8,25.9,32.1,32.1,3.6,12.1,17.88,97,71,Mojokerto,-7.5271,112.4346
2025-03-18,29.9,23.8,26.0,8.8,8.8,3.41,16.4,16.77,99,75,Mojokerto,-7.5271,112.4346
2025-03-19,31.0,22.2,26.6,0.7,0.7,4.08,18.2,18.67,100,63,Mojokerto,-7.5271,112.4346
2025-03-20,31.9,24.3,27.4,0.6,0.6,5.12,19.0,23.29,89,53,Mojokerto,-7.5271,112.4346
2025-03-21,31.5,23.9,27.1,0.7,0.7,4.83,17.9,22.83,93,65,Mojokerto,-7.5271,112.4346
2025-03-22,29.5,24.1,25.9,4.0,4.0,3.01,18.5,14.29,95,73,Mojokerto,-7.5271,112.4346
2025-03-23,30.6,23.5,26.7,1.8,1.8,4.15,13.0,18.76,98,64,Mojokerto,-7.5271,112.4346
2025-03-24,29.4,23.8,26.2,9.3,9.3,3.31,22.2,16.31,89,76,Mojokerto,-7.5271,112.4346
2025-03-25,30.9,24.0,26.9,1.5,1.5,4.43,16.5,21.71,86,71,Mojokerto,-7.5271,112.4346
2025-03-26,31.4,24.2,27.2,17.3,17.3,4.44,11.6,21.41,95,67,Mojokerto,-7.5271,112.4346
2025-03-27,30.6,24.0,26.2,19.6,19.6,3.45,9.4,16.86,96,71,Mojokerto,-7.5271,112.4346
2025-03-28,30.7,24.2,26.2,23.5,23.5,3.74,12.2,18.13,95,71,Mojokerto,-7.5271,112.4346
2025-03-29,30.9,23.7,26.3,9.7,9.7,3.49,20.8,16.31,99,62,Mojokerto,-7.5271,112.4346
2025-03-30,30.6,23.3,26.1,10.3,10.3,3.4,11.2,16.86,99,71,Mojokerto,-7.5271,112.4346
2025-03-31,30.5,23.8,26.5,2.0,2.0,4.4,10.7,21.82,95,71,Mojokerto,-7.5271,112.4346
2025-04-01,30.8,24.2,25.8,15.1,15.1,3.3,10.7,16.44,98,71,Mojokerto,-7.5271,112.4346
2025-04-02,31.2,23.5,26.1,3.3,3.3,4.3,9.4,21.32,99,64,Mojokerto,-7.5271,112.4346
2025-04-03,31.3,23.6,25.9,22.2,22.2,4.07,5.4,19.86,99,65,Mojokerto,-7.5271,112.4346
2025-04-04,30.9,23.0,26.2,1.1,1.1,4.51,7.6,22.18,99,63,Mojokerto,-7.5271,112.4346
2025-04-05,29.5,22.5,25.5,1.6,1.6,3.58,11.6,18.14,99,74,Mojokerto,-7.5271,112.4346
2025-04-06,31.4,23.5,27.0,0.0,0.0,4.92,8.7,23.92,95,57,Mojokerto,-7.5271,112.4346
2025-04-07,31.1,23.0,26.8,1.3,1.3,4.68,10.1,22.85,96,62,Mojokerto,-7.5271,112.4346
2025-04-08,31.8,23.2,26.7,5.2,5.2,4.66,5.7,22.95,99,64,Mojokerto,-7.5271,112.4346
2025-04-09,31.4,23.5,27.2,0.4,0.4,4.6,8.7,22.59,93,64,Mojokerto,-7.5271,112.4346
2025-04-10,29.8,23.9,26.4,10.3,10.3,3.42,10.6,17.27,94,74,Mojokerto,-7.5271,112.4346
2025-04-11,30.9,24.4,26.5,22.4,22.4,3.74,6.8,18.19,97,68,Mojokerto,-7.5271,112.4346
2025-04-12,32.0,23.0,26.6,2.3,2.3,4.5,13.0,22.18,94,62,Mojokerto,-7.5271,112.4346
2025-04-13,31.3,23.5,26.3,9.3,9.3,4.18,10.7,20.57,96,64,Mojokerto,-7.5271,112.4346
2025-04-14,30.2,23.8,26.2,39.7,39.7,3.35,7.6,16.48,99,72,Mojokerto,-7.5271,112.4346
2025-04-15,30.6,24.6,26.6,3.8,3.8,3.83,13.3,19.09,97,65,Mojokerto,-7.5271,112.4346
2025-04-16,30.8,24.4,27.0,5.9,5.9,4.1,7.2,20.18,94,72,Mojokerto,-7.5271,112.4346
2025-04-17,29.2,23.8,25.9,3.7,3.7,2.75,12.1,13.73,100,74,Mojokerto,-7.5271,112.4346
2025-04-18,29.0,23.9,25.8,13.0,13.0,2.81,7.9,13.91,96,80,Mojokerto,-7.5271,112.4346
2025-04-19,31.0,24.2,26.7,0.1,0.1,3.54,15.4,17.19,92,67,Mojokerto,-7.5271,112.4346
2025-04-20,30.5,23.6,26.8,3.0,3.0,3.78,10.5,18.59,97,69,Mojokerto,-7.5271,112.4346
2025-04-21,29.8,24.4,26.2,9.1,9.1,3.14,7.7,15.6,94,74,Mojokerto,-7.5271,112.4346
2025-04-22,30.6,23.4,26.3,1.6,1.6,4.17,7.8,20.6,94,65,Mojokerto,-7.5271,112.4346
2025-04-23,31.1,23.1,26.7,1.1,1.1,4.22,14.7,20.87,93,63,Mojokerto,-7.5271,112.4346
2025-04-24,31.2,23.1,26.9,0.4,0.4,4.61,8.9,22.69,90,60,Mojokerto,-7.5271,112.4346
2025-04-25,31.1,23.1,26.6,1.6,1.6,4.24,10.2,20.8,98,65,Mojokerto,-7.5271,112.4346
2025-04-26,30.7,22.5,26.3,1.9,1.9,4.16,10.6,20.73,95,68,Mojokerto,-7.5271,112.4346
2025-04-27,30.7,22.5,26.6,0.1,0.1,4.39,6.7,21.61,90,58,Mojokerto,-7.5271,112.4346
2025-04-28,30.8,22.6,26.4,1.4,1.4,4.11,6.8,20.17,91,61,Mojokerto,-7.5271,112.4346
2025-04-29,31.4,22.6,26.4,0.5,0.5,4.5,8.3,21.99,90,54,Mojokerto,-7.5271,112.4346
2025-04-30,31.4,22.5,26.6,0.0,0.0,4.35,7.5,20.84,85,55,Mojokerto,-7.5271,112.4346
2025-05-01,31.0,23.0,26.9,0.2,0.2,4.2,7.3,20.74,91,64,Mojokerto,-7.5271,112.4346
2025-05-02,29.5,23.8,26.4,3.1,3.1,2.9,17.4,13.95,93,67,Mojokerto,-7.5271,112.4346
2025-05-03,32.1,23.0,26.7,0.1,0.1,3.99,16.4,19.39,91,60,Mojokerto,-7.5271,112.4346
2025-05-04,30.9,23.2,26.6,3.2,3.2,3.93,5.5,19.34,96,71,Mojokerto,-7.5271,112.4346
2025-05-05,32.1,24.0,27.1,1.0,1.0,4.35,14.6,21.28,92,62,Mojokerto,-7.5271,112.4346
2025-05-06,31.1,23.8,26.7,1.8,1.8,3.76,6.2,18.31,99,66,Mojokerto,-7.5271,112.4346
2025-05-07,31.8,23.6,26.5,3.5,3.5,3.81,7.1,18.67,96,63,Mojokerto,-7.5271,112.4346
2025-05-08,30.5,24.2,26.2,7.4,7.4,3.35,16.4,17.11,94,72,Mojokerto,-7.5271,112.4346
2025-05-09,31.0,23.5,25.8,17.3,17.3,2.96,19.7,14.98,99,70,Mojokerto,-7.5271,112.4346
2025-05-10,30.8,24.0,26.6,1.8,1.8,4.03,7.3,19.97,97,66,Mojokerto,-7.5271,112.4346
2025-05-11,31.1,23.4,26.1,13.1,13.1,3.72,15.1,18.31,99,66,Mojokerto,-7.5271,112.4346
2025-05-12,30.2,23.4,25.5,26.5,26.5,2.89,8.3,14.23,99,70,Mojokerto,-7.5271,112.4346
2025-05-13,28.5,23.5,25.6,9.0,9.0,2.89,14.4,15.29,99,80,Mojokerto,-7.5271,112.4346
2025-05-14,30.0,23.7,26.3,5.7,5.7,3.68,16.3,18.87,95,71,Mojokerto,-7.5271,112.4346
2025-05-15,29.8,23.6,26.4,4.9,4.9,3.28,17.0,16.69,99,74,Mojokerto,-7.5271,112.4346
2025-05-16,29.2,23.8,25.9,13.7,13.7,2.74,9.1,13.95,99,78,Mojokerto,-7.5271,112.4346
2025-05-17,29.6,23.6,25.7,15.8,15.8,2.85,18.6,14.14,99,73,Mojokerto,-7.5271,112.4346
2025-05-18,30.5,23.4,26.4,1.5,1.5,3.7,12.9,18.13,99,64,Mojokerto,-7.5271,112.4346
2025-05-19,30.1,23.8,25.9,15.7,15.7,3.18,12.3,15.76,98,70,Mojokerto,-7.5271,112.4346
2025-05-20,30.4,23.7,26.6,0.3,0.3,3.58,8.5,17.66,96,68,Mojokerto,-7.5271,112.4346
2025-05-21,30.4,23.7,26.7,1.2,1.2,3.84,6.7,18.96,97,67,Mojokerto,-7.5271,112.4346
2025-05-22,30.2,23.5,26.7,5.4,5.4,3.83,9.8,18.88,99,67,Mojokerto,-7.5271,112.4346
2025-05-23,29.0,23.4,25.3,10.8,10.8,2.56,19.5,13.45,100,77,Mojokerto,-7.5271,112.4346
2025-05-24,30.0,24.0,26.3,1.7,1.7,3.09,16.2,15.34,92,71,Mojokerto,-7.5271,112.4346
2025-05-25,30.4,24.0,26.5,7.4,7.4,3.59,12.9,18.1,92,68,Mojokerto,-7.5271,112.4346
2025-05-26,29.0,23.7,26.0,12.1,12.1,2.23,18.6,10.94,93,75,Mojokerto,-7.5271,112.4346
2025-05-27,29.7,24.0,26.4,1.4,1.4,2.78,7.4,13.36,90,69,Mojokerto,-7.5271,112.4346
2025-05-28,30.5,24.9,27.2,0.9,0.9,3.34,4.0,16.25,92,72,Mojokerto,-7.5271,112.4346
2025-05-29,30.9,25.0,27.8,0.0,0.0,3.94,9.3,19.13,92,68,Mojokerto,-7.5271,112.4346
2025-05-30,31.5,25.0,27.6,0.1,0.1,4.01,6.3,19.48,90,66,Mojokerto,-7.5271,112.4346
2025-05-31,31.6,23.9,26.5,9.4,9.4,3.63,13.4,17.79,97,65,Mojokerto,-7.5271,112.4346
2025-06-01,30.7,23.4,26.4,4.5,4.5,3.34,13.0,16.02,99,65,Mojokerto,-7.5271,112.4346
2025-06-02,30.5,22.6,26.5,0.4,0.4,3.9,6.5,19.3,93,66,Mojokerto,-7.5271,112.4346
2025-06-03,31.7,23.9,27.1,0.0,0.0,4.23,13.5,19.95,87,57,Mojokerto,-7.5271,112.4346
2025-06-04,31.4,23.8,27.1,0.1,0.1,3.96,9.0,19.09,89,62,Mojokerto,-7.5271,112.4346
2025-06-05,31.1,24.2,26.8,2.3,2.3,3.92,5.6,19.38,91,64,Mojokerto,-7.5271,112.4346
2025-06-06,30.9,23.6,27.0,0.0,0.0,4.07,6.3,19.95,91,59,Mojokerto,-7.5271,112.4346
2025-06-07,31.3,23.4,26.9,0.2,0.2,4.03,5.7,19.75,89,59,Mojokerto,-7.5271,112.4346
2025-06-08,30.6,23.9,26.3,27.6,27.6,3.47,8.4,17.0,98,68,Mojokerto,-7.5271,112.4346
2025-06-09,28.1,23.4,25.3,21.9,21.9,1.81,10.0,8.76,99,78,Mojokerto,-7.5271,112.4346
2025-06-10,29.9,22.6,26.0,3.3,3.3,3.61,14.3,18.29,92,69,Mojokerto,-7.5271,112.4346
2025-06-11,30.5,23.2,26.1,3.5,3.5,3.81,8.7,18.97,96,64,Mojokerto,-7.5271,112.4346
2025-06-12,31.4,21.9,26.1,0.0,0.0,4.09,7.2,20.38,92,52,Mojokerto,-7.5271,112.4346
2025-06-13,30.2,23.0,26.2,0.3,0.3,3.5,8.0,17.08,89,73,Mojokerto,-7.5271,112.4346
2025-06-14,30.1,23.1,25.8,8.8,8.8,3.57,13.7,18.05,97,71,Mojokerto,-7.5271,112.4346
2025-06-15,30.5,23.9,26.7,0.8,0.8,3.72,13.0,18.64,94,69,Mojokerto,-7.5271,112.4346
2025-06-16,30.4,23.1,26.1,8.5,8.5,3.35,7.0,16.77,95,71,Mojokerto,-7.5271,112.4346
2025-06-17,30.9,22.6,26.3,1.6,1.6,3.84,9.5,18.93,97,67,Mojokerto,-7.5271,112.4346
2025-06-18,30.8,22.4,26.4,0.0,0.0,3.97,5.9,19.64,96,57,Mojokerto,-7.5271,112.4346
2025-06-19,29.7,22.6,25.6,0.0,0.0,3.49,7.8,16.92,81,58,Mojokerto,-7.5271,112.4346
2025-06-20,27.8,22.6,25.1,0.0,0.0,2.16,11.8,10.26,90,74,Mojokerto,-7.5271,112.4346
2025-06-21,30.0,22.9,26.2,0.5,0.5,3.68,6.7,18.35,95,66,Mojokerto,-7.5271,112.4346
2025-06-22,29.9,23.1,25.5,5.2,5.2,3.12,10.2,15.63,96,69,Mojokerto,-7.5271,112.4346
2025-06-23,30.7,21.6,25.9,0.0,0.0,4.08,7.5,20.25,93,55,Mojokerto,-7.5271,112.4346
2025-06-24,30.9,22.1,26.1,0.1,0.1,3.88,6.9,19.22,91,58,Mojokerto,-7.5271,112.4346
2025-06-25,30.8,23.9,26.5,1.8,1.8,3.5,10.9,16.93,87,62,Mojokerto,-7.5271,112.4346
2025-06-26,30.7,23.9,26.4,3.7,3.7,3.8,8.5,18.89,91,64,Mojokerto,-7.5271,112.4346
2025-06-27,31.5,22.6,26.5,0.2,0.2,3.98,9.7,19.5,90,57,Mojokerto,-7.5271,112.4346
2025-06-28,30.5,22.5,25.9,2.0,2.0,3.89,8.1,19.29,96,65,Mojokerto,-7.5271,112.4346
2025-06-29,31.0,22.1,26.0,0.0,0.0,3.85,7.2,19.03,91,56,Mojokerto,-7.5271,112.4346
2025-06-30,30.6,22.1,26.2,0.0,0.0,4.09,19.0,18.94,89,59,Mojokerto,-7.5271,112.4346
2025-07-01,31.8,22.5,26.7,0.0,0.0,4.21,12.0,20.24,88,53,Mojokerto,-7.5271,112.4346
2025-07-02,31.0,22.5,26.4,0.2,0.2,4.01,8.0,19.55,91,61,Mojokerto,-7.5271,112.4346
2025-07-03,30.9,23.3,26.3,0.5,0.5,3.67,9.8,17.82,94,64,Mojokerto,-7.5271,112.4346
2025-07-04,31.0,22.9,26.2,1.2,1.2,3.9,12.1,19.25,94,62,Mojokerto,-7.5271,112.4346
2025-07-05,31.0,22.4,26.2,0.0,0.0,3.95,15.0,18.69,90,55,Mojokerto,-7.5271,112.4346
2025-07-06,29.1,23.1,25.5,1.6,1.6,2.84,8.0,13.85,96,66,Mojokerto,-7.5271,112.4346
2025-07-07,30.5,21.8,26.0,2.8,2.8,3.88,7.5,19.12,95,60,Mojokerto,-7.5271,112.4346
2025-07-08,29.2,22.2,25.8,1.1,1.1,3.76,6.5,18.91,95,67,Mojokerto,-7.5271,112.4346
2025-07-09,29.5,21.8,25.1,0.0,0.0,4.14,11.2,20.47,91,56,Mojokerto,-7.5271,112.4346
2025-07-10,29.8,20.6,24.8,0.0,0.0,4.19,7.3,21.05,86,54,Mojokerto,-7.5271,112.4346
2025-07-11,30.0,20.4,24.7,0.0,0.0,4.24,8.9,20.94,83,51,Mojokerto,-7.5271,112.4346
2025-07-12,30.1,22.1,25.5,0.3,0.3,3.55,7.8,17.04,88,62,Mojokerto,-7.5271,112.4346
2025-07-13,32.1,22.5,26.7,0.1,0.1,4.21,15.5,19.92,93,55,Mojokerto,-7.5271,112.4346
2025-07-14,31.0,22.9,26.5,0.2,0.2,3.88,9.2,19.0,92,59,Mojokerto,-7.5271,112.4346
2025-07-15,31.2,22.8,26.7,0.4,0.4,4.14,7.9,20.11,90,57,Mojokerto,-7.5271,112.4346
2025-07-16,31.4,23.5,26.6,1.4,1.4,3.99,7.9,19.68,96,61,Mojokerto,-7.5271,112.4346
2025-07-17,30.6,22.1,25.9,0.0,0.0,4.15,6.7,20.77,89,55,Mojokerto,-7.5271,112.4346
2025-07-18,30.5,21.0,25.6,0.0,0.0,4.19,5.9,20.91,85,46,Mojokerto,-7.5271,112.4346
2025-07-19,29.6,21.0,25.0,0.0,0.0,3.98,10.8,19.8,85,59,Mojokerto,-7.5271,112.4346
2025-07-20,29.3,20.1,24.6,0.0,0.0,4.12,6.3,20.8,86,55,Mojokerto,-7.5271,112.4346
2025-07-21,30.2,20.1,24.7,0.0,0.0,4.23,7.3,21.29,84,55,Mojokerto,-7.5271,112.4346
2025-07-22,30.7,19.0,24.6,0.0,0.0,4.46,9.7,21.92,84,50,Mojokerto,-7.5271,112.4346
2025-07-23,31.3,20.5,25.5,0.0,0.0,4.36,8.6,21.12,88,51,Mojokerto,-7.5271,112.4346
2025-07-24,31.4,21.9,26.4,0.0,0.0,4.25,6.2,21.06,87,55,Mojokerto,-7.5271,112.4346
2025-07-25,31.6,23.1,26.9,0.0,0.0,4.27,7.1,20.82,87,56,Mojokerto,-7.5271,112.4346
2025-07-26,31.9,22.7,27.2,0.0,0.0,4.3,6.0,20.98,87,57,Mojokerto,-7.5271,112.4346
2025-07-27,31.6,23.2,26.9,1.1,1.1,4.11,10.0,19.86,90,60,Mojokerto,-7.5271,112.4346
2025-07-28,31.9,23.0,27.0,0.0,0.0,4.29,5.2,21.1,88,53,Mojokerto,-7.5271,112.4346
2025-07-29,31.4,23.2,26.8,0.8,0.8,4.06,6.4,19.72,90,61,Mojokerto,-7.5271,112.4346
2025-07-30,30.4,23.1,26.5,1.5,1.5,3.93,7.2,19.38,89,61,Mojokerto,-7.5271,112.4346
2025-07-31,31.5,21.8,26.2,0.0,0.0,4.52,7.8,21.68,90,50,Mojokerto,-7.5271,112.4346
2025-08-01,31.8,21.6,26.2,0.0,0.0,4.64,10.4,22.07,87,51,Mojokerto,-7.5271,112.4346
2025-08-02,32.8,22.0,26.8,0.0,0.0,4.96,22.9,21.82,92,48,Mojokerto,-7.5271,112.4346
2025-08-03,31.0,23.4,26.8,0.4,0.4,4.28,11.2,20.63,91,64,Mojokerto,-7.5271,112.4346
2025-08-04,31.8,23.0,26.8,0.6,0.6,4.48,12.1,21.46,96,56,Mojokerto,-7.5271,112.4346
2025-08-05,31.1,22.4,26.2,0.1,0.1,4.08,6.9,19.86,97,60,Mojokerto,-7.5271,112.4346
2025-08-06,31.4,22.4,26.5,0.0,0.0,4.34,9.0,21.03,92,52,Mojokerto,-7.5271,112.4346
2025-08-07,31.1,21.9,26.3,0.1,0.1,4.27,10.1,20.67,90,53,Mojokerto,-7.5271,112.4346
2025-08-08,31.5,23.0,26.5,0.0,0.0,4.56,12.7,21.59,92,55,Mojokerto,-7.5271,112.4346
2025-08-09,32.0,22.0,26.6,0.0,0.0,4.62,6.1,22.3,90,47,Mojokerto,-7.5271,112.4346
2025-08-10,32.0,23.1,26.8,0.1,0.1,4.44,9.5,20.98,90,51,Mojokerto,-7.5271,112.4346
2025-08-11,31.2,23.0,27.0,1.5,1.5,4.37,15.2,21.22,95,58,Mojokerto,-7.5271,112.4346
2025-08-12,31.3,22.5,26.0,5.5,5.5,3.98,14.5,18.99,97,56,Mojokerto,-7.5271,112.4346
2025-08-13,31.2,22.0,26.2,0.1,0.1,4.64,16.7,21.34,98,46,Mojokerto,-7.5271,112.4346
2025-08-14,30.0,22.2,25.5,1.2,1.2,3.86,14.6,18.6,93,55,Mojokerto,-7.5271,112.4346
2025-08-15,31.5,20.6,25.7,0.1,0.1,4.62,6.7,22.82,86,45,Mojokerto,-7.5271,112.4346
2025-08-16,31.4,21.1,25.7,0.0,0.0,4.78,16.5,22.56,88,48,Mojokerto,-7.5271,112.4346
2025-08-17,32.0,21.3,26.2,0.0,0.0,5.08,14.2,23.1,83,45,Mojokerto,-7.5271,112.4346
2025-08-18,32.2,22.4,26.8,0.1,0.1,4.89,24.9,21.53,91,50,Mojokerto,-7.5271,112.4346
2025-08-19,30.7,23.1,25.6,19.4,19.4,3.55,15.5,17.52,97,61,Mojokerto,-7.5271,112.4346
2025-08-20,31.1,22.4,25.9,1.0,1.0,4.21,6.8,20.56,98,59,Mojokerto,-7.5271,112.4346
2025-08-21,30.8,22.0,25.7,1.2,1.2,4.15,8.9,20.47,99,61,Mojokerto,-7.5271,112.4346
2025-08-22,31.0,22.3,26.4,0.1,0.1,4.34,10.3,20.92,99,57,Mojokerto,-7.5271,112.4346
2025-08-23,31.5,22.0,26.2,0.0,0.0,4.82,14.3,22.71,99,55,Mojokerto,-7.5271,112.4346
2025-08-24,31.3,22.5,26.1,1.8,1.8,4.45,10.5,21.78,93,58,Mojokerto,-7.5271,112.4346
2025-08-25,30.2,21.8,25.8,0.0,0.0,4.43,7.5,21.69,92,55,Mojokerto,-7.5271,112.4346
2025-08-26,32.2,21.3,26.3,0.0,0.0,4.6,7.5,22.07,81,44,Mojokerto,-7.5271,112.4346
2025-08-27,32.3,22.4,26.6,0.9,0.9,4.73,10.6,22.4,85,48,Mojokerto,-7.5271,112.4346
2025-08-28,30.4,23.2,26.3,0.2,0.2,4.46,10.7,21.9,92,61,Mojokerto,-7.5271,112.4346
2025-08-29,32.3,22.8,27.0,0.3,0.3,4.69,9.5,22.63,88,43,Mojokerto,-7.5271,112.4346
2025-08-30,32.3,22.6,26.9,0.0,0.0,4.95,10.4,23.62,89,42,Mojokerto,-7.5271,112.4346
2025-08-31,33.4,22.2,27.0,0.0,0.0,5.67,23.1,24.22,88,35,Mojokerto,-7.5271,112.4346
2025-09-01,32.2,21.4,26.6,0.0,0.0,5.45,19.4,23.88,83,45,Mojokerto,-7.5271,112.4346
2025-09-02,33.2,22.3,27.2,0.0,0.0,5.88,29.5,24.19,85,41,Mojokerto,-7.5271,112.4346
2025-09-03,33.2,21.8,26.9,0.0,0.0,6.13,28.4,24.59,87,36,Mojokerto,-7.5271,112.4346
2025-09-04,32.8,22.4,26.8,0.0,0.0,5.27,17.7,23.73,90,34,Mojokerto,-7.5271,112.4346
2025-09-05,31.8,22.3,26.7,0.3,0.3,4.77,10.1,23.22,88,55,Mojokerto,-7.5271,112.4346
2025-09-06,31.0,23.0,26.7,0.0,0.0,4.81,9.7,22.85,87,51,Mojokerto,-7.5271,112.4346
2025-09-07,32.1,22.7,26.9,0.0,0.0,4.98,14.8,22.79,82,45,Mojokerto,-7.5271,112.4346
2025-09-08,31.6,22.5,26.9,0.0,0.0,4.75,13.9,22.06,82,52,Mojokerto,-7.5271,112.4346
2025-09-09,32.9,23.4,27.3,0.9,0.9,4.83,13.5,22.95,90,53,Mojokerto,-7.5271,112.4346
2025-09-10,32.7,23.1,26.8,1.8,1.8,4.09,9.1,19.33,95,56,Mojokerto,-7.5271,112.4346
2025-09-11,33.0,23.2,27.1,0.2,0.2,5.12,15.4,22.95,97,45,Mojokerto,-7.5271,112.4346
2025-09-12,33.1,22.7,27.4,0.0,0.0,5.25,10.2,24.17,83,47,Mojokerto,-7.5271,112.4346
2025-09-13,32.7,23.6,27.6,0.7,0.7,4.87,8.8,23.23,92,53,Mojokerto,-7.5271,112.4346
2025-09-14,32.5,22.1,27.1,0.2,0.2,5.17,13.7,24.04,91,48,Mojokerto,-7.5271,112.4346
2025-09-15,32.9,23.1,27.4,0.5,0.5,5.01,10.7,23.94,91,50,Mojokerto,-7.5271,112.4346
2025-09-16,32.5,23.5,26.4,7.4,7.4,4.0,14.0,19.3,95,56,Mojokerto,-7.5271,112.4346
2025-09-17,31.2,23.0,26.1,8.1,8.1,4.52,8.4,22.19,96,59,Mojokerto,-7.5271,112.4346
2025-09-18,32.4,22.4,26.1,0.4,0.4,4.62,13.8,22.41,98,53,Mojokerto,-7.5271,112.4346
2025-09-19,33.0,22.1,27.1,0.0,0.0,5.29,22.1,23.67,98,47,Mojokerto,-7.5271,112.4346
2025-09-20,33.6,23.0,27.7,0.3,0.3,5.44,14.7,24.09,91,46,Mojokerto,-7.5271,112.4346
2025-09-21,32.3,23.0,27.1,1.0,1.0,4.93,13.2,23.68,92,56,Mojokerto,-7.5271,112.4346
2025-09-22,33.7,23.4,27.7,0.2,0.2,5.1,5.9,24.25,92,37,Mojokerto,-7.5271,112.4346
2025-09-23,34.0,23.1,28.3,0.0,0.0,5.33,7.7,24.82,82,43,Mojokerto,-7.5271,112.4346
2025-09-24,32.9,23.5,27.3,0.6,0.6,5.02,11.3,23.59,87,53,Mojokerto,-7.5271,112.4346
2025-09-25,34.0,22.3,27.6,0.0,0.0,5.78,21.7,25.03,85,41,Mojokerto,-7.5271,112.4346
2025-09-26,33.3,23.5,28.1,0.2,0.2,5.18,8.8,24.01,86,46,Mojokerto,-7.5271,112.4346
2025-09-27,34.6,23.4,28.5,0.1,0.1,5.8,20.4,23.86,87,39,Mojokerto,-7.5271,112.4346
2025-09-28,34.8,23.6,28.9,0.0,0.0,6.36,25.7,25.24,81,40,Mojokerto,-7.5271,112.4346
2025-09-29,34.7,23.4,27.9,0.9,0.9,5.19,8.3,23.6,95,44,Mojokerto,-7.5271,112.4346
2025-09-30,30.6,23.4,26.0,2.3,2.3,3.13,13.1,14.58,97,63,Mojokerto,-7.5271,112.4346
2025-10-01,32.9,23.1,26.9,0.8,0.8,4.79,18.8,22.17,95,53,Mojokerto,-7.5271,112.4346
2025-10-02,34.5,22.6,28.4,0.0,0.0,5.93,17.3,25.56,81,36,Mojokerto,-7.5271,112.4346
2025-10-03,34.2,23.4,28.6,0.0,0.0,5.77,15.4,25.17,79,45,Mojokerto,-7.5271,112.4346
2025-10-04,34.5,23.5,28.7,0.0,0.0,5.43,8.7,24.6,81,32,Mojokerto,-7.5271,112.4346
2025-10-05,34.8,23.0,28.4,0.0,0.0,6.81,28.7,26.15,84,32,Mojokerto,-7.5271,112.4346
2025-10-06,35.0,23.0,28.5,0.1,0.1,6.13,19.6,24.57,83,34,Mojokerto,-7.5271,112.4346
2025-10-07,34.1,23.5,28.3,0.2,0.2,5.31,16.6,23.68,81,43,Mojokerto,-7.5271,112.4346
2025-10-08,34.8,23.8,28.6,0.5,0.5,5.44,12.1,24.43,88,34,Mojokerto,-7.5271,112.4346
2025-10-09,34.7,23.4,28.5,0.0,0.0,5.16,5.3,24.5,79,31,Mojokerto,-7.5271,112.4346
2025-10-10,33.9,23.2,28.5,0.1,0.1,5.42,7.6,24.89,83,34,Mojokerto,-7.5271,112.4346
2025-10-11,35.2,23.1,28.7,0.0,0.0,6.1,19.2,25.37,84,36,Mojokerto,-7.5271,112.4346
2025-10-12,35.3,24.3,29.2,0.0,0.0,6.24,26.3,24.93,83,40,Mojokerto,-7.5271,112.4346
2025-10-13,36.5,24.0,29.6,0.0,0.0,5.93,15.2,24.81,86,36,Mojokerto,-7.5271,112.4346
2025-10-14,37.0,24.0,29.8,0.0,0.0,6.39,19.7,25.57,85,31,Mojokerto,-7.5271,112.4346
2025-10-15,34.7,24.7,28.3,0.7,0.7,4.84,12.8,22.46,88,48,Mojokerto,-7.5271,112.4346
2025-10-16,35.8,23.6,29.3,0.0,0.0,5.48,7.3,24.99,84,39,Mojokerto,-7.5271,112.4346
2025-10-17,34.8,24.7,29.5,0.0,0.0,5.31,10.4,24.06,85,42,Mojokerto,-7.5271,112.4346
2025-10-18,37.0,24.5,29.9,0.0,0.0,5.8,13.7,25.23,84,30,Mojokerto,-7.5271,112.4346
2025-10-19,34.8,25.0,29.3,1.0,1.0,5.22,11.9,23.04,88,47,Mojokerto,-7.5271,112.4346
2025-10-20,33.8,24.8,28.0,10.9,10.9,4.06,11.1,19.04,90,51,Mojokerto,-7.5271,112.4346
2025-10-21,32.8,24.5,26.6,43.8,43.8,3.3,9.1,15.45,98,58,Mojokerto,-7.5271,112.4346
2025-10-22,33.1,23.9,26.4,21.0,21.0,3.85,9.5,18.35,98,55,Mojokerto,-7.5271,112.4346
2025-10-23,32.2,23.8,27.2,1.0,1.0,4.78,8.0,22.65,97,57,Mojokerto,-7.5271,112.4346
2025-10-24,32.7,24.0,27.0,12.5,12.5,4.54,13.8,21.75,98,57,Mojokerto,-7.5271,112.4346
2025-10-25,31.5,23.5,27.1,0.6,0.6,4.58,15.0,21.64,99,63,Mojokerto,-7.5271,112.4346
2025-10-26,32.1,23.4,26.6,3.8,3.8,4.69,12.8,22.68,97,60,Mojokerto,-7.5271,112.4346
2025-10-27,32.2,23.5,27.3,0.2,0.2,4.55,11.7,21.48,97,56,Mojokerto,-7.5271,112.4346
2025-10-28,30.9,24.3,26.3,14.3,14.3,3.62,12.9,17.7,97,67,Mojokerto,-7.5271,112.4346
2025-10-29,31.6,23.8,26.7,2.1,2.1,4.09,9.1,19.53,96,57,Mojokerto,-7.5271,112.4346
2025-10-30,31.4,23.8,26.6,3.3,3.3,3.98,10.5,18.92,98,62,Mojokerto,-7.5271,112.4346
2025-10-31,32.0,23.5,27.0,2.3,2.3,4.38,17.6,21.0,95,61,Mojokerto,-7.5271,112.4346
2025-11-01,33.5,23.7,27.4,2.6,2.6,4.85,16.8,22.73,98,53,Mojokerto,-7.5271,112.4346
2025-11-02,32.7,24.2,26.5,16.4,16.4,3.82,14.5,18.74,99,58,Mojokerto,-7.5271,112.4346
2025-11-03,32.7,23.9,27.1,5.1,5.1,4.32,5.6,20.92,98,56,Mojokerto,-7.5271,112.4346
2025-11-04,32.2,24.2,27.0,3.4,3.4,4.0,8.0,19.24,99,57,Mojokerto,-7.5271,112.4346
2025-11-05,31.8,24.1,26.3,17.7,17.7,3.32,17.2,16.2,100,63,Mojokerto,-7.5271,112.4346
2025-11-06,31.6,23.5,26.2,17.2,17.2,3.71,13.3,17.94,99,62,Mojokerto,-7.5271,112.4346
2025-11-07,32.5,23.9,26.8,11.3,11.3,4.51,8.7,21.75,94,57,Mojokerto,-7.5271,112.4346
2025-11-08,31.6,24.6,27.0,16.8,16.8,4.02,14.8,19.16,93,64,Mojokerto,-7.5271,112.4346
2025-11-09,31.0,23.5,27.2,0.6,0.6,3.2,10.2,14.39,96,58,Mojokerto,-7.5271,112.4346
2025-11-10,31.8,24.1,26.6,17.6,17.6,3.24,13.7,15.3,99,64,Mojokerto,-7.5271,112.4346
2025-11-11,30.0,24.1,26.1,16.4,16.4,3.32,7.9,15.84,100,72,Mojokerto,-7.5271,112.4346
2025-11-12,28.6,23.8,25.4,7.6,7.6,2.56,9.6,12.37,99,73,Mojokerto,-7.5271,112.4346
2025-11-13,29.6,23.4,25.5,5.4,5.4,2.77,19.7,12.98,100,70,Mojokerto,-7.5271,112.4346
2025-11-14,31.0,23.6,26.5,4.5,4.5,4.13,18.1,19.41,100,61,Mojokerto,-7.5271,112.4346
2025-11-15,31.3,23.0,26.8,11.1,11.1,4.18,19.7,19.84,99,62,Mojokerto,-7.5271,112.4346
2025-11-16,32.1,24.0,27.1,2.1,2.1,4.36,9.2,20.44,98,57,Mojokerto,-7.5271,112.4346
2025-11-17,30.9,24.0,26.6,4.9,4.9,3.86,12.5,18.19,97,64,Mojokerto,-7.5271,112.4346
2025-11-18,32.6,23.8,26.6,8.4,8.4,4.56,12.9,22.23,98,57,Mojokerto,-7.5271,112.4346
2025-11-19,31.4,23.9,26.1,19.0,19.0,4.17,11.1,20.22,99,67,Mojokerto,-7.5271,112.4346
2025-11-20,30.5,24.0,25.9,9.0,9.0,3.11,9.6,15.35,98,68,Mojokerto,-7.5271,112.4346
2025-11-21,29.3,23.9,26.1,14.5,14.5,3.06,11.2,14.84,98,71,Mojokerto,-7.5271,112.4346
2025-11-22,30.8,24.0,26.9,7.8,7.8,2.99,9.8,13.92,99,60,Mojokerto,-7.5271,112.4346
2025-11-23,31.9,24.6,26.8,18.0,18.0,4.37,10.7,21.01,97,62,Mojokerto,-7.5271,112.4346
2025-11-24,31.4,23.8,26.9,0.1,0.1,3.64,9.1,17.27,98,61,Mojokerto,-7.5271,112.4346
2025-11-25,33.0,23.7,28.0,0.1,0.1,5.46,13.4,25.72,92,53,Mojokerto,-7.5271,112.4346
2025-11-26,32.2,24.0,27.5,0.4,0.4,5.09,22.9,24.17,92,58,Mojokerto,-7.5271,112.4346
2025-11-27,32.6,24.1,27.4,1.2,1.2,4.23,7.0,19.95,90,55,Mojokerto,-7.5271,112.4346
2025-11-28,30.8,24.5,27.2,1.0,1.0,4.46,11.4,21.49,91,64,Mojokerto,-7.5271,112.4346
2025-11-29,32.2,23.2,27.2,0.0,0.0,4.8,9.3,22.55,94,53,Mojokerto,-7.5271,112.4346
2025-11-30,31.5,24.1,27.2,7.1,7.1,3.93,6.9,18.69,83,63,Mojokerto,-7.5271,112.4346
2025-12-01,31.6,24.1,27.3,1.8,1.8,4.59,6.4,21.97,97,58,Mojokerto,-7.5271,112.4346
2025-12-02,32.2,24.0,26.9,17.4,17.4,4.25,6.7,20.29,99,59,Mojokerto,-7.5271,112.4346
2025-12-03,31.1,24.4,27.1,2.2,2.2,3.53,9.5,17.1,99,67,Mojokerto,-7.5271,112.4346
2025-12-04,30.8,23.8,25.9,14.9,14.9,3.22,9.7,15.68,98,68,Mojokerto,-7.5271,112.4346
2025-12-05,31.3,23.5,26.2,1.8,1.8,4.31,17.5,20.75,96,57,Mojokerto,-7.5271,112.4346
2025-12-06,31.1,23.9,25.9,10.8,10.8,3.92,15.6,19.05,98,67,Mojokerto,-7.5271,112.4346
2025-12-07,31.4,23.6,26.6,1.7,1.7,4.18,9.1,20.27,98,62,Mojokerto,-7.5271,112.4346
2025-12-08,30.0,24.5,26.8,15.9,15.9,3.74,10.1,18.22,98,71,Mojokerto,-7.5271,112.4346
2025-12-09,30.4,23.5,26.0,6.3,6.3,3.45,6.5,16.72,98,72,Mojokerto,-7.5271,112.4346
2025-12-10,30.3,23.5,26.3,4.7,4.7,3.79,7.5,18.42,99,68,Mojokerto,-7.5271,112.4346
2025-12-11,31.9,24.0,27.0,0.8,0.8,4.47,18.0,21.17,93,58,Mojokerto,-7.5271,112.4346
2025-12-12,32.0,23.5,27.6,0.0,0.0,5.04,11.9,23.36,93,52,Mojokerto,-7.5271,112.4346
2025-12-13,31.0,24.2,27.6,0.8,0.8,4.47,12.4,20.91,84,62,Mojokerto,-7.5271,112.4346
2025-12-14,30.6,23.8,26.3,20.4,20.4,4.37,17.8,21.6,97,65,Mojokerto,-7.5271,112.4346
2025-12-15,31.5,24.0,27.3,0.4,0.4,5.12,21.9,21.14,93,51,Mojokerto,-7.5271,112.4346
2025-12-16,33.5,25.4,28.8,0.0,0.0,6.42,21.1,24.92,91,45,Mojokerto,-7.5271,112.4346
2025-12-17,32.8,23.1,27.8,0.0,0.0,5.52,9.4,25.89,91,51,Mojokerto,-7.5271,112.4346
2025-12-18,31.5,23.6,26.2,13.0,13.0,3.93,10.6,19.15,99,66,Mojokerto,-7.5271,112.4346
2025-12-19,30.5,23.9,25.9,2.4,2.4,2.83,9.7,13.5,99,59,Mojokerto,-7.5271,112.4346
2025-12-20,31.9,23.2,25.9,52.7,52.7,3.81,10.0,18.23,97,65,Mojokerto,-7.5271,112.4346
2025-12-21,30.5,23.9,26.3,15.6,15.6,4.1,16.2,20.5,97,70,Mojokerto,-7.5271,112.4346
2025-12-22,30.6,23.6,27.0,1.0,1.0,3.79,16.2,17.74,96,68,Mojokerto,-7.5271,112.4346
2025-12-23,32.3,24.9,27.6,2.7,2.7,4.4,20.0,20.8,90,61,Mojokerto,-7.5271,112.4346
2025-12-24,31.8,24.0,27.3,1.7,1.7,4.76,17.8,22.71,93,62,Mojokerto,-7.5271,112.4346
2025-12-25,32.3,23.9,27.2,6.1,6.1,5.05,16.1,24.12,96,62,Mojokerto,-7.5271,112.4346
2025-12-26,31.6,24.2,27.3,4.8,4.8,4.38,19.8,19.54,98,62,Mojokerto,-7.5271,112.4346
2025-12-27,32.5,24.2,28.3,7.3,7.3,4.26,19.4,15.63,97,62,Mojokerto,-7.5271,112.4346
2025-12-28,32.7,23.6,27.1,2.8,2.8,4.69,12.3,22.63,98,60,Mojokerto,-7.5271,112.4346
2025-12-29,32.5,23.4,27.4,0.3,0.3,5.07,9.9,24.29,97,53,Mojokerto,-7.5271,112.4346
2025-12-30,32.3,24.7,27.8,1.1,1.1,4.67,8.0,22.04,96,54,Mojokerto,-7.5271,112.4346
2025-12-31,29.6,24.4,26.3,12.8,12.8,3.25,12.5,15.59,97,73,Mojokerto,-7.5271,112.4346
