tanggal,temperature_2m_max,temperature_2m_min,temperature_2m_mean,precipitation_sum,rain_sum,et0_fao_evapotranspiration,windspeed_10m_max,shortwave_radiation_sum,relative_humidity_2m_max,relative_humidity_2m_min,kabupaten,lat,lon
2018-01-01,29.1,22.4,25.7,1.5,1.5,3.87,10.1,19.52,95,67,Nganjuk,-7.6044,111.9013
2018-01-02,29.4,23.3,26.0,0.2,0.2,3.32,8.4,16.28,97,67,Nganjuk,-7.6044,111.9013
2018-01-03,31.0,23.4,26.5,4.9,4.9,3.73,14.7,18.44,96,67,Nganjuk,-7.6044,111.9013
2018-01-04,29.1,23.8,25.8,6.6,6.6,2.77,7.4,13.53,99,74,Nganjuk,-7.6044,111.9013
2018-01-05,29.2,22.8,25.9,1.0,1.0,3.86,10.2,19.2,99,69,Nganjuk,-7.6044,111.9013
2018-01-06,28.8,23.5,25.8,1.1,1.1,3.03,9.7,14.73,98,75,Nganjuk,-7.6044,111.9013
2018-01-07,27.8,22.9,25.2,24.6,24.6,2.34,6.8,11.21,97,76,Nganjuk,-7.6044,111.9013
2018-01-08,30.1,23.5,26.5,3.6,3.6,3.96,5.4,19.2,98,67,Nganjuk,-7.6044,111.9013
2018-01-09,31.1,23.7,26.6,7.3,7.3,4.02,12.2,19.89,97,68,Nganjuk,-7.6044,111.9013
2018-01-10,29.1,23.6,25.6,4.8,4.8,3.46,8.7,17.33,99,76,Nganjuk,-7.6044,111.9013
2018-01-11,28.4,23.1,25.1,9.1,9.1,2.19,8.7,10.5,99,75,Nganjuk,-7.6044,111.9013
2018-01-12,28.5,22.0,24.8,4.8,4.8,1.96,10.9,9.03,98,71,Nganjuk,-7.6044,111.9013
2018-01-13,30.6,24.0,26.5,7.6,7.6,3.36,21.3,15.07,93,65,Nganjuk,-7.6044,111.9013
2018-01-14,30.5,22.8,26.3,2.5,2.5,3.26,13.1,15.16,98,64,Nganjuk,-7.6044,111.9013
2018-01-15,31.2,23.9,26.8,0.2,0.2,3.83,13.8,17.85,94,58,Nganjuk,-7.6044,111.9013
2018-01-16,29.0,23.6,25.9,3.2,3.2,3.05,20.4,14.38,94,69,Nganjuk,-7.6044,111.9013
2018-01-17,30.0,23.1,26.3,1.6,1.6,3.5,11.3,16.79,92,67,Nganjuk,-7.6044,111.9013
2018-01-18,28.2,23.6,25.4,21.7,21.7,2.29,18.9,11.16,96,76,Nganjuk,-7.6044,111.9013
2018-01-19,28.8,23.3,25.2,3.9,3.9,2.47,6.7,11.96,99,71,Nganjuk,-7.6044,111.9013
2018-01-20,27.9,22.8,24.8,30.5,30.5,2.45,9.0,12.06,100,80,Nganjuk,-7.6044,111.9013
2018-01-21,29.2,22.7,25.0,4.5,4.5,2.28,11.2,10.82,98,64,Nganjuk,-7.6044,111.9013
2018-01-22,29.8,23.0,25.3,10.7,10.7,2.59,17.9,12.02,94,69,Nganjuk,-7.6044,111.9013
2018-01-23,29.5,23.5,25.8,3.2,3.2,3.15,15.5,15.26,97,70,Nganjuk,-7.6044,111.9013
2018-01-24,29.0,23.5,25.6,8.6,8.6,2.86,12.2,13.98,97,73,Nganjuk,-7.6044,111.9013
2018-01-25,27.9,23.4,25.4,9.1,9.1,2.2,19.9,10.73,98,77,Nganjuk,-7.6044,111.9013
2018-01-26,29.9,22.7,25.7,10.5,10.5,3.16,15.7,15.37,98,67,Nganjuk,-7.6044,111.9013
2018-01-27,30.1,23.5,26.4,2.9,2.9,3.67,20.9,17.69,97,68,Nganjuk,-7.6044,111.9013
2018-01-28,28.9,24.1,25.9,3.3,3.3,3.0,24.9,13.32,93,71,Nganjuk,-7.6044,111.9013
2018-01-29,30.0,23.6,26.3,1.7,1.7,3.13,17.4,14.39,94,64,Nganjuk,-7.6044,111.9013
2018-01-30,30.0,22.1,25.9,2.5,2.5,4.06,13.6,19.49,97,62,Nganjuk,-7.6044,111.9013
2018-01-31,30.0,23.5,26.1,2.7,2.7,3.58,21.9,17.51,95,67,Nganjuk,-7.6044,111.9013
2018-02-01,29.0,23.8,25.5,8.8,8.8,2.78,23.8,13.87,98,73,Nganjuk,-7.6044,111.9013
2018-02-02,27.8,23.0,25.4,5.5,5.5,2.79,14.1,13.85,98,80,Nganjuk,-7.6044,111.9013
2018-02-03,28.3,23.6,25.2,16.3,16.3,2.92,22.4,15.34,96,73,Nganjuk,-7.6044,111.9013
2018-02-04,29.2,22.9,25.5,11.3,11.3,3.33,18.8,16.66,96,69,Nganjuk,-7.6044,111.9013
2018-02-05,27.5,22.5,24.7,3.7,3.7,2.2,12.2,11.02,99,84,Nganjuk,-7.6044,111.9013
2018-02-06,29.0,22.9,25.0,4.0,4.0,3.17,17.2,15.77,99,66,Nganjuk,-7.6044,111.9013
2018-02-07,28.2,22.5,25.0,21.0,21.0,3.21,16.8,16.4,96,74,Nganjuk,-7.6044,111.9013
2018-02-08,28.3,23.2,24.9,19.1,19.1,2.44,17.9,12.44,97,81,Nganjuk,-7.6044,111.9013
2018-02-09,27.0,23.0,24.7,11.5,11.5,2.38,8.0,11.87,97,87,Nganjuk,-7.6044,111.9013
2018-02-10,30.0,22.5,25.5,4.7,4.7,3.89,14.5,19.36,98,66,Nganjuk,-7.6044,111.9013
2018-02-11,28.9,23.4,25.3,20.7,20.7,3.13,19.7,16.06,99,75,Nganjuk,-7.6044,111.9013
2018-02-12,28.8,23.5,25.5,8.2,8.2,2.58,20.1,11.8,96,71,Nganjuk,-7.6044,111.9013
2018-02-13,29.6,23.2,25.5,5.6,5.6,2.81,19.5,13.77,95,71,Nganjuk,-7.6044,111.9013
2018-02-14,29.4,23.8,26.0,2.5,2.5,3.07,16.5,14.52,94,69,Nganjuk,-7.6044,111.9013
2018-02-15,29.4,22.7,25.2,16.3,16.3,2.62,12.1,12.79,97,69,Nganjuk,-7.6044,111.9013
2018-02-16,30.4,23.3,25.9,5.1,5.1,2.99,19.7,13.99,98,66,Nganjuk,-7.6044,111.9013
2018-02-17,30.1,23.4,26.3,3.7,3.7,3.75,15.5,18.49,96,68,Nganjuk,-7.6044,111.9013
2018-02-18,30.2,22.8,26.2,4.7,4.7,3.74,12.9,18.38,97,67,Nganjuk,-7.6044,111.9013
2018-02-19,29.6,22.9,25.7,17.0,17.0,3.44,9.3,16.97,96,74,Nganjuk,-7.6044,111.9013
2018-02-20,29.5,22.9,25.8,12.7,12.7,3.42,11.3,17.06,99,69,Nganjuk,-7.6044,111.9013
2018-02-21,30.3,23.4,25.8,15.1,15.1,3.78,7.4,18.45,98,71,Nganjuk,-7.6044,111.9013
2018-02-22,28.5,23.0,25.2,28.1,28.1,2.8,5.1,13.5,99,76,Nganjuk,-7.6044,111.9013
2018-02-23,29.1,23.1,25.2,25.8,25.8,2.8,9.7,13.79,99,74,Nganjuk,-7.6044,111.9013
2018-02-24,28.5,23.1,25.1,6.7,6.7,2.4,12.2,11.58,98,74,Nganjuk,-7.6044,111.9013
2018-02-25,27.9,23.0,25.1,4.1,4.1,2.77,6.3,13.83,97,79,Nganjuk,-7.6044,111.9013
2018-02-26,28.7,23.3,25.3,0.8,0.8,2.7,9.1,13.02,95,69,Nganjuk,-7.6044,111.9013
2018-02-27,29.9,23.0,26.2,0.4,0.4,4.56,9.9,22.45,92,68,Nganjuk,-7.6044,111.9013
2018-02-28,29.8,23.6,26.4,1.0,1.0,4.09,10.5,19.85,94,68,Nganjuk,-7.6044,111.9013
2018-03-01,29.8,24.1,26.0,3.8,3.8,3.22,12.1,15.72,96,69,Nganjuk,-7.6044,111.9013
2018-03-02,28.6,23.0,26.1,1.5,1.5,3.52,6.7,17.41,96,74,Nganjuk,-7.6044,111.9013
2018-03-03,29.4,24.0,26.0,11.1,11.1,2.76,9.4,13.36,98,75,Nganjuk,-7.6044,111.9013
2018-03-04,28.8,22.9,26.0,6.4,6.4,2.88,9.2,14.12,98,73,Nganjuk,-7.6044,111.9013
2018-03-05,30.5,23.8,25.8,8.4,8.4,3.04,8.7,14.77,98,69,Nganjuk,-7.6044,111.9013
2018-03-06,30.5,23.1,26.3,1.4,1.4,4.18,11.1,20.7,97,68,Nganjuk,-7.6044,111.9013
2018-03-07,28.2,23.2,25.6,7.8,7.8,2.9,10.7,14.3,98,75,Nganjuk,-7.6044,111.9013
2018-03-08,29.0,23.1,25.9,2.9,2.9,3.19,13.4,16.08,98,71,Nganjuk,-7.6044,111.9013
2018-03-09,28.9,23.5,26.1,10.1,10.1,3.62,8.4,18.11,96,77,Nganjuk,-7.6044,111.9013
2018-03-10,30.5,23.5,26.2,10.9,10.9,3.5,13.0,17.09,97,69,Nganjuk,-7.6044,111.9013
2018-03-11,29.0,23.3,25.8,5.6,5.6,2.92,8.2,14.26,97,72,Nganjuk,-7.6044,111.9013
2018-03-12,29.4,23.1,25.7,2.9,2.9,2.74,7.2,13.02,98,73,Nganjuk,-7.6044,111.9013
2018-03-13,28.5,23.4,25.4,6.3,6.3,2.83,9.0,13.78,97,72,Nganjuk,-7.6044,111.9013
2018-03-14,29.8,23.5,26.1,1.2,1.2,4.29,13.3,20.64,95,65,Nganjuk,-7.6044,111.9013
2018-03-15,30.5,23.1,26.2,0.7,0.7,4.61,9.2,22.85,91,65,Nganjuk,-7.6044,111.9013
2018-03-16,29.5,22.7,25.8,2.0,2.0,3.54,8.1,17.45,96,64,Nganjuk,-7.6044,111.9013
2018-03-17,28.4,23.0,25.3,8.8,8.8,3.05,8.9,14.96,98,75,Nganjuk,-7.6044,111.9013
2018-03-18,30.6,22.7,25.6,5.0,5.0,3.9,14.0,19.83,98,66,Nganjuk,-7.6044,111.9013
2018-03-19,29.7,23.1,26.5,0.2,0.2,4.36,6.6,21.53,89,68,Nganjuk,-7.6044,111.9013
2018-03-20,30.9,21.9,26.7,0.0,0.0,5.03,12.1,24.45,92,59,Nganjuk,-7.6044,111.9013
2018-03-21,30.6,22.2,26.5,2.0,2.0,4.5,21.3,22.36,94,65,Nganjuk,-7.6044,111.9013
2018-03-22,29.9,23.2,25.3,11.8,11.8,3.29,12.9,16.45,97,70,Nganjuk,-7.6044,111.9013
2018-03-23,30.9,23.0,26.4,0.3,0.3,4.71,11.7,22.94,98,64,Nganjuk,-7.6044,111.9013
2018-03-24,29.1,22.5,25.8,0.4,0.4,4.14,7.4,20.85,94,74,Nganjuk,-7.6044,111.9013
2018-03-25,31.0,22.3,26.1,0.0,0.0,4.49,13.1,22.0,96,61,Nganjuk,-7.6044,111.9013
2018-03-26,31.0,22.1,26.1,0.6,0.6,4.36,8.6,21.31,97,59,Nganjuk,-7.6044,111.9013
2018-03-27,28.6,23.5,26.1,0.2,0.2,3.56,10.6,17.76,94,73,Nganjuk,-7.6044,111.9013
2018-03-28,30.0,22.5,26.2,0.2,0.2,4.42,7.9,21.64,92,68,Nganjuk,-7.6044,111.9013
2018-03-29,31.2,22.6,26.6,0.0,0.0,4.91,8.7,24.15,96,62,Nganjuk,-7.6044,111.9013
2018-03-30,31.4,23.5,26.6,2.3,2.3,4.26,10.5,20.67,96,63,Nganjuk,-7.6044,111.9013
2018-03-31,31.0,23.6,26.6,1.4,1.4,3.86,8.9,18.87,97,66,Nganjuk,-7.6044,111.9013
2018-04-01,30.8,24.1,26.7,5.0,5.0,4.05,11.8,19.74,96,64,Nganjuk,-7.6044,111.9013
2018-04-02,30.8,23.2,26.3,4.7,4.7,3.2,12.9,15.54,98,65,Nganjuk,-7.6044,111.9013
2018-04-03,31.5,23.6,26.7,0.5,0.5,4.5,8.2,22.19,91,62,Nganjuk,-7.6044,111.9013
2018-04-04,31.5,22.1,26.9,0.0,0.0,5.0,19.4,23.39,94,60,Nganjuk,-7.6044,111.9013
2018-04-05,31.5,24.1,27.5,0.3,0.3,4.61,19.2,21.93,86,62,Nganjuk,-7.6044,111.9013
2018-04-06,31.0,23.8,26.9,1.2,1.2,4.29,13.4,20.97,95,62,Nganjuk,-7.6044,111.9013
2018-04-07,30.0,24.2,26.3,4.8,4.8,4.07,11.0,20.33,96,69,Nganjuk,-7.6044,111.9013
2018-04-08,30.2,23.8,25.9,11.9,11.9,3.66,18.3,18.63,94,73,Nganjuk,-7.6044,111.9013
2018-04-09,30.4,23.5,26.4,2.8,2.8,4.12,11.0,20.41,91,68,Nganjuk,-7.6044,111.9013
2018-04-10,31.7,22.9,27.3,0.1,0.1,4.81,16.6,22.34,94,54,Nganjuk,-7.6044,111.9013
2018-04-11,31.4,23.7,27.6,0.1,0.1,4.84,14.8,22.45,90,61,Nganjuk,-7.6044,111.9013
2018-04-12,30.4,23.6,27.1,2.2,2.2,4.15,11.4,20.43,91,68,Nganjuk,-7.6044,111.9013
2018-04-13,32.5,24.1,28.2,0.6,0.6,4.85,21.8,21.71,96,58,Nganjuk,-7.6044,111.9013
2018-04-14,31.8,24.5,27.5,2.0,2.0,4.18,9.5,20.14,96,62,Nganjuk,-7.6044,111.9013
2018-04-15,32.8,24.7,28.6,0.0,0.0,5.39,16.6,22.42,93,52,Nganjuk,-7.6044,111.9013
2018-04-16,31.5,23.8,27.5,0.2,0.2,4.34,10.7,20.65,88,58,Nganjuk,-7.6044,111.9013
2018-04-17,30.7,24.0,26.9,6.1,6.1,4.02,12.1,19.77,95,64,Nganjuk,-7.6044,111.9013
2018-04-18,31.2,23.9,26.4,5.8,5.8,3.71,15.7,18.13,97,62,Nganjuk,-7.6044,111.9013
2018-04-19,31.6,23.8,27.1,0.3,0.3,4.35,16.8,20.82,96,60,Nganjuk,-7.6044,111.9013
2018-04-20,31.4,24.5,27.3,4.2,4.2,4.06,9.2,19.67,94,64,Nganjuk,-7.6044,111.9013
2018-04-21,31.3,24.6,27.3,0.6,0.6,4.01,10.8,19.57,94,65,Nganjuk,-7.6044,111.9013
2018-04-22,31.2,24.5,26.9,2.3,2.3,3.65,17.3,18.06,95,64,Nganjuk,-7.6044,111.9013
2018-04-23,31.0,24.4,26.6,5.9,5.9,3.77,13.6,18.35,98,66,Nganjuk,-7.6044,111.9013
2018-04-24,32.2,23.5,27.1,2.7,2.7,4.24,13.0,19.87,95,55,Nganjuk,-7.6044,111.9013
2018-04-25,31.5,24.0,27.0,0.9,0.9,4.25,14.0,20.1,96,57,Nganjuk,-7.6044,111.9013
2018-04-26,31.0,23.5,27.0,1.1,1.1,4.07,9.8,19.66,95,59,Nganjuk,-7.6044,111.9013
2018-04-27,32.1,23.8,27.8,0.0,0.0,4.62,12.8,20.89,94,54,Nganjuk,-7.6044,111.9013
2018-04-28,33.3,24.0,28.4,0.0,0.0,5.56,19.9,22.25,91,42,Nganjuk,-7.6044,111.9013
2018-04-29,33.5,25.5,29.1,0.0,0.0,6.86,22.5,23.21,72,42,Nganjuk,-7.6044,111.9013
2018-04-30,33.5,22.3,28.2,0.0,0.0,5.92,19.9,23.2,85,34,Nganjuk,-7.6044,111.9013
2018-05-01,33.7,23.0,27.9,0.0,0.0,5.68,20.1,22.89,80,34,Nganjuk,-7.6044,111.9013
2018-05-02,34.0,22.0,28.0,0.0,0.0,5.86,18.4,22.02,77,33,Nganjuk,-7.6044,111.9013
2018-05-03,34.2,22.5,28.2,0.0,0.0,5.96,18.0,22.89,75,32,Nganjuk,-7.6044,111.9013
2018-05-04,34.5,23.9,28.8,0.0,0.0,6.21,18.6,22.77,66,34,Nganjuk,-7.6044,111.9013
2018-05-05,33.6,22.9,28.2,0.0,0.0,5.54,16.5,23.14,73,40,Nganjuk,-7.6044,111.9013
2018-05-06,34.2,23.4,29.0,0.0,0.0,5.32,18.1,21.45,89,39,Nganjuk,-7.6044,111.9013
2018-05-07,35.2,24.1,29.4,0.0,0.0,5.68,17.7,22.14,86,36,Nganjuk,-7.6044,111.9013
2018-05-08,34.3,24.6,29.3,0.5,0.5,6.2,22.7,21.86,83,38,Nganjuk,-7.6044,111.9013
2018-05-09,33.8,23.8,28.8,0.0,0.0,5.6,18.8,21.54,73,40,Nganjuk,-7.6044,111.9013
2018-05-10,34.6,24.4,29.2,0.0,0.0,5.56,15.5,23.05,87,32,Nganjuk,-7.6044,111.9013
2018-05-11,36.1,23.0,29.0,0.0,0.0,5.96,24.2,22.89,93,27,Nganjuk,-7.6044,111.9013
2018-05-12,34.8,23.8,29.1,0.0,0.0,6.28,24.7,21.57,69,37,Nganjuk,-7.6044,111.9013
2018-05-13,34.7,24.1,29.2,0.0,0.0,6.09,23.7,21.11,73,36,Nganjuk,-7.6044,111.9013
2018-05-14,34.7,24.6,29.7,0.0,0.0,5.51,15.3,21.38,84,39,Nganjuk,-7.6044,111.9013
2018-05-15,35.0,24.4,29.0,2.1,2.1,4.78,19.9,18.23,89,41,Nganjuk,-7.6044,111.9013
2018-05-16,34.8,25.2,29.2,7.2,7.2,4.72,14.9,18.36,86,46,Nganjuk,-7.6044,111.9013
2018-05-17,34.5,25.5,29.5,0.5,0.5,4.88,16.9,18.23,81,42,Nganjuk,-7.6044,111.9013
2018-05-18,34.0,26.0,29.4,0.0,0.0,5.18,21.0,19.04,71,43,Nganjuk,-7.6044,111.9013
2018-05-19,33.9,25.5,29.4,0.2,0.2,5.05,18.6,19.48,73,42,Nganjuk,-7.6044,111.9013
2018-05-20,34.4,25.1,29.5,0.1,0.1,4.99,17.1,19.51,80,38,Nganjuk,-7.6044,111.9013
2018-05-21,33.7,25.2,28.7,0.3,0.3,3.91,16.3,15.03,83,44,Nganjuk,-7.6044,111.9013
2018-05-22,34.2,24.0,29.1,0.0,0.0,4.73,15.5,19.29,91,45,Nganjuk,-7.6044,111.9013
2018-05-23,33.2,24.5,27.9,9.2,9.2,3.62,11.4,16.23,90,51,Nganjuk,-7.6044,111.9013
2018-05-24,33.7,24.4,28.4,1.2,1.2,4.61,19.5,18.1,92,44,Nganjuk,-7.6044,111.9013
2018-05-25,33.3,24.5,28.2,0.6,0.6,3.82,17.1,16.11,89,46,Nganjuk,-7.6044,111.9013
2018-05-26,33.8,24.8,28.8,0.2,0.2,5.32,21.1,18.81,86,44,Nganjuk,-7.6044,111.9013
2018-05-27,34.1,26.4,29.1,0.0,0.0,6.6,29.9,19.73,72,41,Nganjuk,-7.6044,111.9013
2018-05-28,34.8,25.7,29.3,0.0,0.0,6.36,25.0,20.61,73,38,Nganjuk,-7.6044,111.9013
2018-05-29,34.5,25.0,28.8,0.0,0.0,5.99,25.8,19.9,76,37,Nganjuk,-7.6044,111.9013
2018-05-30,34.4,22.7,27.8,0.0,0.0,5.03,22.6,20.61,80,35,Nganjuk,-7.6044,111.9013
2018-05-31,34.2,22.9,27.8,0.0,0.0,4.92,21.9,20.32,85,34,Nganjuk,-7.6044,111.9013
2018-06-01,34.0,22.7,27.8,0.0,0.0,5.3,22.9,21.32,82,33,Nganjuk,-7.6044,111.9013
2018-06-02,34.5,23.8,28.7,0.1,0.1,5.0,14.8,20.28,73,32,Nganjuk,-7.6044,111.9013
2018-06-03,34.4,24.8,29.3,0.0,0.0,5.0,14.8,19.53,83,37,Nganjuk,-7.6044,111.9013
2018-06-04,35.2,25.0,29.3,0.0,0.0,4.66,16.7,18.48,81,34,Nganjuk,-7.6044,111.9013
2018-06-05,35.0,24.5,29.4,0.1,0.1,4.65,15.2,19.14,89,38,Nganjuk,-7.6044,111.9013
2018-06-06,34.5,23.4,28.4,0.0,0.0,4.78,19.0,19.88,91,38,Nganjuk,-7.6044,111.9013
2018-06-07,34.8,23.5,28.7,0.0,0.0,5.04,19.9,21.14,89,39,Nganjuk,-7.6044,111.9013
2018-06-08,35.2,24.5,28.7,0.0,0.0,5.39,24.0,21.01,80,35,Nganjuk,-7.6044,111.9013
2018-06-09,34.2,24.0,28.5,0.0,0.0,5.6,22.2,19.73,83,40,Nganjuk,-7.6044,111.9013
2018-06-10,34.5,22.5,28.3,0.0,0.0,5.29,25.4,19.81,86,38,Nganjuk,-7.6044,111.9013
2018-06-11,34.2,25.7,29.1,0.4,0.4,5.82,25.8,19.71,76,40,Nganjuk,-7.6044,111.9013
2018-06-12,34.5,26.1,29.2,0.2,0.2,6.03,25.7,18.81,75,41,Nganjuk,-7.6044,111.9013
2018-06-13,34.2,25.0,28.4,0.0,0.0,6.14,24.8,19.43,75,39,Nganjuk,-7.6044,111.9013
2018-06-14,34.3,24.2,28.3,0.0,0.0,6.35,24.3,20.7,75,34,Nganjuk,-7.6044,111.9013
2018-06-15,34.5,23.0,28.1,0.0,0.0,6.03,23.2,21.25,82,28,Nganjuk,-7.6044,111.9013
2018-06-16,33.6,21.1,27.6,0.0,0.0,4.8,19.2,19.32,86,33,Nganjuk,-7.6044,111.9013
2018-06-17,34.7,21.5,27.6,0.0,0.0,4.95,18.7,20.4,97,34,Nganjuk,-7.6044,111.9013
2018-06-18,34.5,22.6,28.1,0.0,0.0,5.15,19.7,20.78,90,31,Nganjuk,-7.6044,111.9013
2018-06-19,32.9,23.0,27.8,0.2,0.2,4.98,25.6,17.6,83,44,Nganjuk,-7.6044,111.9013
2018-06-20,32.9,24.4,28.4,6.4,6.4,4.85,19.8,17.2,95,48,Nganjuk,-7.6044,111.9013
2018-06-21,29.7,23.8,26.5,1.4,1.4,2.6,24.2,8.83,96,59,Nganjuk,-7.6044,111.9013
2018-06-22,32.6,25.9,28.3,0.7,0.7,5.48,24.5,17.96,77,48,Nganjuk,-7.6044,111.9013
2018-06-23,33.5,25.5,28.3,2.3,2.3,5.38,25.1,19.01,78,44,Nganjuk,-7.6044,111.9013
2018-06-24,33.3,24.2,28.1,1.0,1.0,5.01,21.1,19.03,84,46,Nganjuk,-7.6044,111.9013
2018-06-25,32.4,24.0,27.6,0.5,0.5,5.12,25.8,18.99,78,46,Nganjuk,-7.6044,111.9013
2018-06-26,32.8,24.1,27.6,0.0,0.0,5.31,26.2,18.84,78,42,Nganjuk,-7.6044,111.9013
2018-06-27,32.8,23.1,27.5,0.0,0.0,5.61,27.9,20.06,82,43,Nganjuk,-7.6044,111.9013
2018-06-28,32.8,24.8,27.8,0.0,0.0,5.84,30.6,19.5,73,42,Nganjuk,-7.6044,111.9013
2018-06-29,32.7,23.3,27.5,0.0,0.0,5.93,31.5,20.16,78,41,Nganjuk,-7.6044,111.9013
2018-06-30,33.9,22.5,27.6,0.0,0.0,5.88,29.2,20.44,74,39,Nganjuk,-7.6044,111.9013
2018-07-01,33.7,22.1,27.6,0.0,0.0,5.37,19.1,20.75,83,39,Nganjuk,-7.6044,111.9013
2018-07-02,33.8,22.4,27.2,0.0,0.0,5.26,22.4,20.78,84,38,Nganjuk,-7.6044,111.9013
2018-07-03,33.5,20.8,27.5,0.0,0.0,5.83,26.6,19.97,85,32,Nganjuk,-7.6044,111.9013
2018-07-04,32.1,25.0,27.8,0.0,0.0,6.17,32.7,18.77,75,47,Nganjuk,-7.6044,111.9013
2018-07-05,31.6,24.3,26.8,0.0,0.0,7.7,38.6,20.9,71,36,Nganjuk,-7.6044,111.9013
2018-07-06,32.7,23.0,27.0,0.0,0.0,6.87,25.6,21.36,68,33,Nganjuk,-7.6044,111.9013
2018-07-07,32.9,22.1,27.1,0.0,0.0,5.85,25.7,20.61,76,36,Nganjuk,-7.6044,111.9013
2018-07-08,33.0,22.2,27.2,0.0,0.0,5.36,25.6,20.67,80,38,Nganjuk,-7.6044,111.9013
2018-07-09,33.1,24.3,27.9,0.0,0.0,6.53,27.9,21.33,78,37,Nganjuk,-7.6044,111.9013
2018-07-10,32.8,22.9,27.0,0.0,0.0,5.89,32.6,19.71,78,40,Nganjuk,-7.6044,111.9013
2018-07-11,32.5,22.5,27.0,0.0,0.0,6.39,29.8,21.02,68,33,Nganjuk,-7.6044,111.9013
2018-07-12,33.0,22.0,27.0,0.0,0.0,5.94,26.6,21.08,76,36,Nganjuk,-7.6044,111.9013
2018-07-13,32.3,21.3,26.8,0.0,0.0,5.53,25.8,19.47,85,40,Nganjuk,-7.6044,111.9013
2018-07-14,32.1,23.7,26.9,0.0,0.0,6.18,27.7,19.6,71,41,Nganjuk,-7.6044,111.9013
2018-07-15,31.5,23.2,26.4,0.0,0.0,6.36,31.1,20.04,72,41,Nganjuk,-7.6044,111.9013
2018-07-16,33.2,21.6,26.9,0.0,0.0,5.82,23.9,20.33,73,38,Nganjuk,-7.6044,111.9013
2018-07-17,33.0,22.5,27.1,0.0,0.0,4.98,18.7,18.65,78,39,Nganjuk,-7.6044,111.9013
2018-07-18,32.8,22.8,27.4,0.0,0.0,5.12,21.4,19.26,82,41,Nganjuk,-7.6044,111.9013
2018-07-19,33.5,22.9,27.6,0.0,0.0,5.84,23.7,21.26,81,38,Nganjuk,-7.6044,111.9013
2018-07-20,34.4,23.0,27.6,0.0,0.0,5.27,23.8,21.33,80,38,Nganjuk,-7.6044,111.9013
2018-07-21,34.2,23.1,27.7,0.0,0.0,5.19,25.0,20.1,81,38,Nganjuk,-7.6044,111.9013
2018-07-22,34.2,23.0,28.0,0.0,0.0,5.65,28.7,20.63,83,40,Nganjuk,-7.6044,111.9013
2018-07-23,33.3,24.9,28.4,0.0,0.0,6.3,29.3,20.72,79,44,Nganjuk,-7.6044,111.9013
2018-07-24,34.0,22.8,27.6,0.0,0.0,5.75,17.7,22.2,78,30,Nganjuk,-7.6044,111.9013
2018-07-25,34.1,20.1,26.2,0.0,0.0,5.79,24.2,22.79,96,22,Nganjuk,-7.6044,111.9013
2018-07-26,33.3,18.5,25.7,0.0,0.0,5.58,25.8,22.56,80,34,Nganjuk,-7.6044,111.9013
2018-07-27,33.7,20.0,26.2,0.0,0.0,5.79,30.6,22.6,85,35,Nganjuk,-7.6044,111.9013
2018-07-28,32.9,23.0,27.0,0.0,0.0,5.92,29.3,22.13,84,42,Nganjuk,-7.6044,111.9013
2018-07-29,33.6,22.0,27.2,0.0,0.0,5.33,30.0,20.16,78,36,Nganjuk,-7.6044,111.9013
2018-07-30,34.0,21.6,27.6,0.0,0.0,5.6,19.2,21.72,76,37,Nganjuk,-7.6044,111.9013
2018-07-31,33.5,21.8,27.5,0.0,0.0,5.61,30.6,20.71,87,39,Nganjuk,-7.6044,111.9013
2018-08-01,33.1,23.3,27.4,0.0,0.0,5.74,29.6,20.47,81,41,Nganjuk,-7.6044,111.9013
2018-08-02,31.8,23.1,26.2,0.0,0.0,7.08,36.1,22.49,78,33,Nganjuk,-7.6044,111.9013
2018-08-03,30.1,22.5,25.3,0.0,0.0,6.78,36.2,22.54,70,40,Nganjuk,-7.6044,111.9013
2018-08-04,31.2,21.8,25.5,0.0,0.0,6.26,28.9,22.77,75,39,Nganjuk,-7.6044,111.9013
2018-08-05,29.6,22.3,25.2,0.0,0.0,6.15,32.6,20.92,76,47,Nganjuk,-7.6044,111.9013
2018-08-06,32.2,21.8,26.1,0.0,0.0,6.83,31.3,22.83,68,35,Nganjuk,-7.6044,111.9013
2018-08-07,32.8,22.4,26.8,0.0,0.0,5.79,21.8,21.28,74,33,Nganjuk,-7.6044,111.9013
2018-08-08,33.8,21.7,27.5,0.0,0.0,5.03,17.5,19.66,85,37,Nganjuk,-7.6044,111.9013
2018-08-09,33.8,22.4,27.6,0.0,0.0,5.47,27.4,21.06,90,39,Nganjuk,-7.6044,111.9013
2018-08-10,32.9,22.0,27.2,0.0,0.0,6.02,32.4,21.57,85,44,Nganjuk,-7.6044,111.9013
2018-08-11,33.5,23.6,27.6,0.0,0.0,6.75,32.1,23.32,76,39,Nganjuk,-7.6044,111.9013
2018-08-12,33.1,21.9,27.5,0.0,0.0,5.66,25.3,20.42,83,40,Nganjuk,-7.6044,111.9013
2018-08-13,34.5,22.0,27.8,0.0,0.0,5.39,20.9,20.93,86,35,Nganjuk,-7.6044,111.9013
2018-08-14,34.0,22.5,27.6,0.0,0.0,5.9,22.1,21.61,88,38,Nganjuk,-7.6044,111.9013
2018-08-15,33.2,21.6,26.9,0.0,0.0,6.56,28.1,22.42,83,34,Nganjuk,-7.6044,111.9013
2018-08-16,32.9,21.1,26.3,0.0,0.0,6.98,28.3,24.03,74,30,Nganjuk,-7.6044,111.9013
2018-08-17,32.6,20.3,26.0,0.0,0.0,6.42,29.9,24.07,82,34,Nganjuk,-7.6044,111.9013
2018-08-18,33.4,21.9,26.7,0.0,0.0,6.16,23.9,22.82,81,31,Nganjuk,-7.6044,111.9013
2018-08-19,34.0,21.2,27.1,0.0,0.0,6.21,21.9,23.84,87,30,Nganjuk,-7.6044,111.9013
2018-08-20,34.2,22.6,27.4,0.0,0.0,5.68,23.0,22.82,80,35,Nganjuk,-7.6044,111.9013
2018-08-21,32.5,22.1,27.5,0.3,0.3,5.62,19.3,21.23,86,43,Nganjuk,-7.6044,111.9013
2018-08-22,33.7,23.1,27.6,0.0,0.0,6.04,25.9,21.14,80,38,Nganjuk,-7.6044,111.9013
2018-08-23,34.3,22.9,27.7,0.0,0.0,6.81,28.7,23.63,79,30,Nganjuk,-7.6044,111.9013
2018-08-24,34.0,21.2,27.3,0.0,0.0,6.6,27.4,23.77,80,37,Nganjuk,-7.6044,111.9013
2018-08-25,33.2,19.9,26.4,0.0,0.0,6.03,25.1,24.23,76,33,Nganjuk,-7.6044,111.9013
2018-08-26,34.0,22.0,27.2,0.0,0.0,6.2,26.1,23.65,81,35,Nganjuk,-7.6044,111.9013
2018-08-27,34.8,21.4,27.6,0.0,0.0,5.64,23.4,22.2,88,34,Nganjuk,-7.6044,111.9013
2018-08-28,33.3,22.7,27.4,0.0,0.0,5.58,27.4,21.62,89,41,Nganjuk,-7.6044,111.9013
2018-08-29,31.6,22.9,27.1,0.0,0.0,5.19,21.9,20.28,86,47,Nganjuk,-7.6044,111.9013
2018-08-30,33.0,23.5,27.4,0.0,0.0,6.01,29.6,22.41,80,43,Nganjuk,-7.6044,111.9013
2018-08-31,32.8,24.4,27.8,0.0,0.0,6.08,30.7,21.94,79,45,Nganjuk,-7.6044,111.9013
2018-09-01,31.9,23.4,27.2,0.5,0.5,5.14,24.7,19.38,82,50,Nganjuk,-7.6044,111.9013
2018-09-02,33.3,24.1,27.7,0.0,0.0,6.38,27.5,23.31,79,42,Nganjuk,-7.6044,111.9013
2018-09-03,33.5,22.6,27.0,0.0,0.0,7.08,31.1,25.29,79,32,Nganjuk,-7.6044,111.9013
2018-09-04,33.0,21.5,26.8,0.0,0.0,6.93,32.1,24.57,81,32,Nganjuk,-7.6044,111.9013
2018-09-05,32.8,22.3,27.4,0.0,0.0,6.3,30.3,22.99,79,44,Nganjuk,-7.6044,111.9013
2018-09-06,33.2,24.2,28.0,0.2,0.2,6.37,25.1,22.44,78,40,Nganjuk,-7.6044,111.9013
2018-09-07,33.8,23.0,27.9,0.4,0.4,6.6,25.6,23.7,76,37,Nganjuk,-7.6044,111.9013
2018-09-08,33.8,24.4,28.6,0.0,0.0,6.91,26.5,23.94,77,38,Nganjuk,-7.6044,111.9013
2018-09-09,35.7,23.4,28.5,0.0,0.0,6.41,20.0,24.94,83,32,Nganjuk,-7.6044,111.9013
2018-09-10,36.2,23.8,28.6,0.0,0.0,6.95,25.2,24.92,81,22,Nganjuk,-7.6044,111.9013
2018-09-11,34.9,22.8,28.3,0.0,0.0,6.96,27.6,24.16,74,34,Nganjuk,-7.6044,111.9013
2018-09-12,33.0,24.2,27.6,0.0,0.0,7.43,34.6,25.02,77,36,Nganjuk,-7.6044,111.9013
2018-09-13,34.1,20.4,26.8,0.0,0.0,6.71,31.1,25.88,81,32,Nganjuk,-7.6044,111.9013
2018-09-14,33.2,20.2,26.4,0.0,0.0,6.78,30.3,25.19,82,34,Nganjuk,-7.6044,111.9013
2018-09-15,33.3,22.9,27.3,0.0,0.0,7.25,26.7,25.44,72,30,Nganjuk,-7.6044,111.9013
2018-09-16,34.2,20.0,27.2,0.0,0.0,6.6,24.3,24.76,87,29,Nganjuk,-7.6044,111.9013
2018-09-17,33.8,21.8,27.9,0.3,0.3,6.63,24.9,23.99,82,37,Nganjuk,-7.6044,111.9013
2018-09-18,33.9,22.5,28.0,0.0,0.0,6.22,26.9,23.17,86,38,Nganjuk,-7.6044,111.9013
2018-09-19,34.7,23.3,27.7,5.2,5.2,4.63,12.7,19.81,90,40,Nganjuk,-7.6044,111.9013
2018-09-20,33.0,25.0,28.5,0.0,0.0,4.36,16.6,16.67,81,43,Nganjuk,-7.6044,111.9013
2018-09-21,35.0,24.9,29.0,0.0,0.0,5.99,26.8,23.55,80,35,Nganjuk,-7.6044,111.9013
2018-09-22,35.5,23.8,28.9,0.2,0.2,6.58,17.1,25.33,78,29,Nganjuk,-7.6044,111.9013
2018-09-23,34.8,23.2,28.6,0.0,0.0,6.88,26.8,24.46,84,33,Nganjuk,-7.6044,111.9013
2018-09-24,35.2,22.5,28.9,0.0,0.0,6.69,23.1,25.13,82,31,Nganjuk,-7.6044,111.9013
2018-09-25,35.2,22.6,28.9,0.0,0.0,6.92,27.0,24.51,76,36,Nganjuk,-7.6044,111.9013
2018-09-26,35.3,23.4,29.0,0.0,0.0,7.32,26.0,25.94,87,31,Nganjuk,-7.6044,111.9013
2018-09-27,35.2,23.5,28.7,0.0,0.0,8.47,28.7,27.05,60,22,Nganjuk,-7.6044,111.9013
2018-09-28,34.9,21.8,28.3,0.0,0.0,7.64,27.1,26.8,70,31,Nganjuk,-7.6044,111.9013
2018-09-29,35.4,23.5,28.6,0.0,0.0,6.61,26.1,25.04,74,31,Nganjuk,-7.6044,111.9013
2018-09-30,37.4,23.0,29.3,0.0,0.0,7.0,27.3,26.0,80,24,Nganjuk,-7.6044,111.9013
2018-10-01,35.6,25.0,29.8,0.0,0.0,7.02,23.0,23.68,70,36,Nganjuk,-7.6044,111.9013
2018-10-02,36.5,23.5,29.8,0.1,0.1,6.83,22.2,25.21,72,33,Nganjuk,-7.6044,111.9013
2018-10-03,37.0,23.9,29.8,0.0,0.0,7.37,24.0,25.53,82,28,Nganjuk,-7.6044,111.9013
2018-10-04,36.6,24.0,29.1,0.0,0.0,7.15,24.4,26.29,74,23,Nganjuk,-7.6044,111.9013
2018-10-05,37.0,22.9,29.1,0.0,0.0,6.93,24.8,26.43,69,22,Nganjuk,-7.6044,111.9013
2018-10-06,36.1,23.2,29.2,0.0,0.0,6.67,23.5,24.69,80,33,Nganjuk,-7.6044,111.9013
2018-10-07,35.4,23.2,29.3,0.1,0.1,6.83,21.4,25.17,82,29,Nganjuk,-7.6044,111.9013
2018-10-08,37.4,22.8,29.3,0.0,0.0,7.22,23.2,26.19,81,20,Nganjuk,-7.6044,111.9013
2018-10-09,35.7,22.5,29.3,0.0,0.0,7.53,30.0,25.79,80,28,Nganjuk,-7.6044,111.9013
2018-10-10,35.4,22.0,28.5,0.0,0.0,6.74,28.0,25.44,78,34,Nganjuk,-7.6044,111.9013
2018-10-11,35.7,22.6,29.0,0.0,0.0,6.99,23.3,26.58,85,33,Nganjuk,-7.6044,111.9013
2018-10-12,36.7,23.1,29.4,0.0,0.0,6.62,31.1,25.69,89,31,Nganjuk,-7.6044,111.9013
2018-10-13,36.0,24.1,29.3,0.0,0.0,7.28,33.2,26.16,86,33,Nganjuk,-7.6044,111.9013
2018-10-14,35.8,23.1,29.3,0.1,0.1,6.75,28.0,25.53,73,31,Nganjuk,-7.6044,111.9013
2018-10-15,35.2,24.9,29.4,0.0,0.0,6.97,29.5,24.45,80,36,Nganjuk,-7.6044,111.9013
2018-10-16,35.5,23.6,29.3,0.1,0.1,7.05,28.7,25.1,82,33,Nganjuk,-7.6044,111.9013
2018-10-17,34.8,24.0,29.0,0.0,0.0,6.46,25.5,23.73,81,34,Nganjuk,-7.6044,111.9013
2018-10-18,34.5,23.9,28.7,0.0,0.0,6.88,29.3,24.45,78,37,Nganjuk,-7.6044,111.9013
2018-10-19,34.5,24.1,28.6,0.0,0.0,7.45,33.3,25.54,77,37,Nganjuk,-7.6044,111.9013
2018-10-20,35.7,24.8,29.1,0.0,0.0,7.7,33.4,25.39,72,32,Nganjuk,-7.6044,111.9013
2018-10-21,35.0,24.6,29.3,0.0,0.0,7.06,21.5,25.14,78,36,Nganjuk,-7.6044,111.9013
2018-10-22,35.2,23.2,28.9,0.0,0.0,6.8,29.0,25.1,89,35,Nganjuk,-7.6044,111.9013
2018-10-23,35.8,24.0,29.6,0.0,0.0,6.48,24.1,24.6,84,34,Nganjuk,-7.6044,111.9013
2018-10-24,35.7,23.8,29.4,0.0,0.0,6.54,25.9,24.58,82,37,Nganjuk,-7.6044,111.9013
2018-10-25,34.8,24.1,28.8,0.0,0.0,6.33,28.3,23.18,86,39,Nganjuk,-7.6044,111.9013
2018-10-26,34.5,23.5,29.0,0.0,0.0,6.59,27.6,23.7,86,39,Nganjuk,-7.6044,111.9013
2018-10-27,35.5,24.3,29.0,0.1,0.1,6.7,29.1,24.47,82,36,Nganjuk,-7.6044,111.9013
2018-10-28,34.3,23.5,28.8,0.0,0.0,6.4,28.5,23.69,86,39,Nganjuk,-7.6044,111.9013
2018-10-29,34.7,24.1,28.8,0.8,0.8,5.92,23.0,21.78,85,36,Nganjuk,-7.6044,111.9013
2018-10-30,35.5,23.6,29.7,0.0,0.0,7.72,27.9,26.54,80,32,Nganjuk,-7.6044,111.9013
2018-10-31,36.4,23.2,29.4,0.0,0.0,7.14,29.5,25.35,74,25,Nganjuk,-7.6044,111.9013
2018-11-01,35.0,23.5,29.0,0.0,0.0,6.6,30.4,23.94,82,38,Nganjuk,-7.6044,111.9013
2018-11-02,36.7,24.5,30.2,0.0,0.0,6.91,22.8,25.08,76,33,Nganjuk,-7.6044,111.9013
2018-11-03,35.8,25.5,30.1,0.0,0.0,6.73,32.4,23.12,82,41,Nganjuk,-7.6044,111.9013
2018-11-04,36.3,26.8,30.7,0.0,0.0,7.51,29.5,24.99,71,36,Nganjuk,-7.6044,111.9013
2018-11-05,34.3,26.1,29.8,1.0,1.0,6.17,25.3,22.96,77,42,Nganjuk,-7.6044,111.9013
2018-11-06,35.2,25.9,29.7,0.0,0.0,6.22,26.2,22.71,81,42,Nganjuk,-7.6044,111.9013
2018-11-07,34.2,25.2,28.3,7.4,7.4,3.87,13.2,16.01,89,45,Nganjuk,-7.6044,111.9013
2018-11-08,32.1,24.5,27.2,8.5,8.5,3.58,15.1,16.23,94,57,Nganjuk,-7.6044,111.9013
2018-11-09,32.3,24.1,27.2,1.6,1.6,3.87,16.9,17.59,96,54,Nganjuk,-7.6044,111.9013
2018-11-10,33.0,24.4,27.8,3.2,3.2,4.31,15.2,19.45,97,54,Nganjuk,-7.6044,111.9013
2018-11-11,33.8,24.0,28.3,0.3,0.3,5.11,19.6,21.65,96,43,Nganjuk,-7.6044,111.9013
2018-11-12,33.2,24.2,28.2,1.5,1.5,4.91,17.9,20.39,91,49,Nganjuk,-7.6044,111.9013
2018-11-13,33.0,24.9,28.2,2.3,2.3,4.92,17.7,21.48,88,51,Nganjuk,-7.6044,111.9013
2018-11-14,33.0,24.0,27.6,13.0,13.0,4.29,11.0,19.88,98,50,Nganjuk,-7.6044,111.9013
2018-11-15,33.0,23.4,28.7,0.0,0.0,5.77,23.8,23.73,96,51,Nganjuk,-7.6044,111.9013
2018-11-16,35.0,25.0,29.8,0.2,0.2,6.64,23.8,24.63,83,43,Nganjuk,-7.6044,111.9013
2018-11-17,35.2,25.1,29.3,3.2,3.2,5.59,15.1,23.8,94,42,Nganjuk,-7.6044,111.9013
2018-11-18,33.5,24.0,27.8,2.2,2.2,4.01,12.1,17.9,95,48,Nganjuk,-7.6044,111.9013
2018-11-19,36.8,24.5,29.5,0.0,0.0,6.32,24.9,26.2,91,30,Nganjuk,-7.6044,111.9013
2018-11-20,35.4,23.6,29.3,0.0,0.0,5.66,17.8,24.25,89,35,Nganjuk,-7.6044,111.9013
2018-11-21,35.0,24.1,29.3,0.2,0.2,5.68,15.3,24.09,78,38,Nganjuk,-7.6044,111.9013
2018-11-22,34.2,25.0,28.7,1.7,1.7,5.72,18.8,23.2,82,41,Nganjuk,-7.6044,111.9013
2018-11-23,34.7,22.8,28.8,0.2,0.2,6.48,26.0,24.96,73,37,Nganjuk,-7.6044,111.9013
2018-11-24,33.8,23.5,28.7,0.4,0.4,5.99,22.2,23.71,79,40,Nganjuk,-7.6044,111.9013
2018-11-25,33.4,24.4,27.3,22.0,22.0,4.03,14.8,18.16,94,48,Nganjuk,-7.6044,111.9013
2018-11-26,26.9,23.8,25.2,10.3,10.3,1.62,12.3,7.49,99,81,Nganjuk,-7.6044,111.9013
2018-11-27,32.4,23.5,26.5,20.4,20.4,4.14,10.6,19.68,97,56,Nganjuk,-7.6044,111.9013
2018-11-28,31.4,23.6,26.8,4.1,4.1,3.64,11.8,16.82,99,60,Nganjuk,-7.6044,111.9013
2018-11-29,31.4,23.8,27.4,0.2,0.2,4.08,16.2,17.86,96,60,Nganjuk,-7.6044,111.9013
2018-11-30,28.6,24.0,26.3,2.0,2.0,2.8,10.7,12.94,96,71,Nganjuk,-7.6044,111.9013
2018-12-01,30.5,22.9,26.2,80.0,80.0,4.04,11.9,18.56,99,63,Nganjuk,-7.6044,111.9013
2018-12-02,30.2,23.1,26.7,0.1,0.1,4.42,15.4,20.18,91,65,Nganjuk,-7.6044,111.9013
2018-12-03,29.9,24.2,26.5,3.1,3.1,3.3,16.3,15.48,94,67,Nganjuk,-7.6044,111.9013
2018-12-04,31.4,24.0,27.1,2.4,2.4,4.58,17.8,21.83,97,63,Nganjuk,-7.6044,111.9013
2018-12-05,31.5,23.2,26.5,6.8,6.8,4.21,15.9,20.76,99,66,Nganjuk,-7.6044,111.9013
2018-12-06,30.6,23.7,26.8,1.5,1.5,3.94,12.2,19.08,98,65,Nganjuk,-7.6044,111.9013
2018-12-07,32.4,24.3,28.0,0.9,0.9,5.04,16.9,23.22,90,61,Nganjuk,-7.6044,111.9013
2018-12-08,31.2,23.8,27.1,15.1,15.1,4.26,11.5,20.15,99,65,Nganjuk,-7.6044,111.9013
2018-12-09,31.6,23.8,27.0,2.4,2.4,4.35,12.0,21.03,98,62,Nganjuk,-7.6044,111.9013
2018-12-10,31.2,24.4,27.1,5.2,5.2,4.08,13.0,19.61,97,65,Nganjuk,-7.6044,111.9013
2018-12-11,31.3,24.3,27.2,1.2,1.2,4.4,13.5,21.5,98,61,Nganjuk,-7.6044,111.9013
2018-12-12,30.6,24.2,27.0,61.4,61.4,4.06,7.9,19.35,95,64,Nganjuk,-7.6044,111.9013
2018-12-13,28.6,23.4,26.0,125.2,125.2,2.54,8.5,11.96,98,70,Nganjuk,-7.6044,111.9013
2018-12-14,30.5,24.5,27.0,4.3,4.3,4.05,11.9,19.34,97,64,Nganjuk,-7.6044,111.9013
2018-12-15,30.0,23.5,25.9,10.9,10.9,3.31,9.0,16.05,98,66,Nganjuk,-7.6044,111.9013
2018-12-16,28.5,23.0,25.8,0.2,0.2,2.67,9.1,12.74,96,76,Nganjuk,-7.6044,111.9013
2018-12-17,31.1,22.6,26.8,0.0,0.0,4.9,19.1,22.81,84,63,Nganjuk,-7.6044,111.9013
2018-12-18,30.7,22.1,26.7,0.0,0.0,5.14,14.6,24.22,88,63,Nganjuk,-7.6044,111.9013
2018-12-19,31.0,23.0,27.0,0.1,0.1,4.93,16.3,23.01,92,62,Nganjuk,-7.6044,111.9013
2018-12-20,30.8,23.6,26.2,6.0,6.0,3.65,11.5,17.82,99,68,Nganjuk,-7.6044,111.9013
2018-12-21,28.0,23.7,25.6,2.3,2.3,2.49,11.6,12.01,99,73,Nganjuk,-7.6044,111.9013
2018-12-22,28.7,23.5,25.8,5.5,5.5,3.48,10.0,17.17,98,72,Nganjuk,-7.6044,111.9013
2018-12-23,28.2,22.8,24.9,27.5,27.5,2.66,9.4,13.35,98,78,Nganjuk,-7.6044,111.9013
2018-12-24,27.8,22.4,24.8,10.1,10.1,2.58,10.7,12.55,98,74,Nganjuk,-7.6044,111.9013
2018-12-25,26.0,22.7,24.1,25.2,25.2,1.5,9.7,7.33,100,88,Nganjuk,-7.6044,111.9013
2018-12-26,28.5,22.9,25.3,11.9,11.9,2.8,7.9,14.0,98,79,Nganjuk,-7.6044,111.9013
2018-12-27,30.5,22.5,26.0,8.6,8.6,4.22,8.9,21.23,97,71,Nganjuk,-7.6044,111.9013
2018-12-28,31.8,22.7,26.8,0.6,0.6,4.73,14.4,23.18,99,55,Nganjuk,-7.6044,111.9013
2018-12-29,31.5,23.1,27.4,0.1,0.1,4.49,8.3,21.06,95,62,Nganjuk,-7.6044,111.9013
2018-12-30,30.6,23.9,26.5,1.0,1.0,3.22,13.0,14.82,94,62,Nganjuk,-7.6044,111.9013
2018-12-31,31.1,23.4,27.3,0.7,0.7,4.51,17.1,21.32,98,62,Nganjuk,-7.6044,111.9013
2019-01-01,30.0,23.9,26.5,8.2,8.2,3.28,20.1,15.63,94,65,Nganjuk,-7.6044,111.9013
2019-01-02,30.1,23.6,26.1,4.8,4.8,3.3,11.9,15.67,96,66,Nganjuk,-7.6044,111.9013
2019-01-03,28.1,23.4,24.9,16.6,16.6,1.98,8.4,9.54,98,81,Nganjuk,-7.6044,111.9013
2019-01-04,30.0,22.5,25.9,3.4,3.4,3.57,10.1,17.3,98,63,Nganjuk,-7.6044,111.9013
2019-01-05,30.2,23.0,26.6,7.1,7.1,3.93,8.7,19.42,93,68,Nganjuk,-7.6044,111.9013
2019-01-06,31.5,23.1,26.6,7.0,7.0,4.28,10.8,20.79,97,68,Nganjuk,-7.6044,111.9013
2019-01-07,30.6,23.5,26.5,2.1,2.1,4.13,10.1,20.0,97,67,Nganjuk,-7.6044,111.9013
2019-01-08,30.5,22.9,26.7,0.1,0.1,4.74,13.1,22.95,98,68,Nganjuk,-7.6044,111.9013
2019-01-09,31.3,23.7,26.9,5.4,5.4,4.65,8.3,22.86,94,64,Nganjuk,-7.6044,111.9013
2019-01-10,31.5,23.6,27.0,5.2,5.2,4.56,7.9,22.13,98,66,Nganjuk,-7.6044,111.9013
2019-01-11,31.5,24.0,26.3,5.2,5.2,4.06,12.4,19.72,99,62,Nganjuk,-7.6044,111.9013
2019-01-12,31.2,23.5,26.3,12.0,12.0,3.88,10.9,18.76,99,62,Nganjuk,-7.6044,111.9013
2019-01-13,30.3,24.1,26.2,44.3,44.3,3.84,7.1,19.01,97,70,Nganjuk,-7.6044,111.9013
2019-01-14,30.9,23.9,26.4,11.4,11.4,3.96,11.8,19.48,97,67,Nganjuk,-7.6044,111.9013
2019-01-15,30.0,23.6,26.0,8.2,8.2,3.46,14.8,16.96,99,71,Nganjuk,-7.6044,111.9013
2019-01-16,25.6,23.4,24.2,107.8,107.8,1.17,10.5,5.29,99,88,Nganjuk,-7.6044,111.9013
2019-01-17,28.7,22.9,25.1,38.0,38.0,2.97,8.7,14.66,99,81,Nganjuk,-7.6044,111.9013
2019-01-18,29.9,23.2,26.1,11.9,11.9,3.49,12.7,17.15,100,72,Nganjuk,-7.6044,111.9013
2019-01-19,29.0,23.8,25.7,8.5,8.5,2.69,6.4,13.1,99,81,Nganjuk,-7.6044,111.9013
2019-01-20,30.2,23.9,26.3,17.6,17.6,3.35,13.1,16.56,97,72,Nganjuk,-7.6044,111.9013
2019-01-21,28.8,23.5,25.8,17.8,17.8,2.88,9.3,14.22,98,78,Nganjuk,-7.6044,111.9013
2019-01-22,29.0,23.3,25.3,22.4,22.4,2.55,22.9,12.36,99,76,Nganjuk,-7.6044,111.9013
2019-01-23,29.2,23.9,25.5,7.6,7.6,1.94,21.9,8.22,96,66,Nganjuk,-7.6044,111.9013
2019-01-24,30.1,23.8,26.0,2.9,2.9,3.28,18.4,16.18,98,72,Nganjuk,-7.6044,111.9013
2019-01-25,29.0,23.2,25.3,11.5,11.5,2.38,22.2,11.75,99,74,Nganjuk,-7.6044,111.9013
2019-01-26,30.5,23.9,26.1,7.7,7.7,3.69,25.9,18.34,98,70,Nganjuk,-7.6044,111.9013
2019-01-27,29.5,24.0,25.7,7.2,7.2,2.84,22.6,13.67,94,74,Nganjuk,-7.6044,111.9013
2019-01-28,29.4,23.6,25.7,6.8,6.8,3.06,20.9,15.56,96,74,Nganjuk,-7.6044,111.9013
2019-01-29,30.0,23.6,26.3,5.4,5.4,3.66,16.9,18.5,96,74,Nganjuk,-7.6044,111.9013
2019-01-30,30.0,24.1,26.5,5.8,5.8,3.62,11.8,17.65,97,70,Nganjuk,-7.6044,111.9013
2019-01-31,28.5,23.4,25.4,7.9,7.9,2.63,14.0,12.99,98,78,Nganjuk,-7.6044,111.9013
2019-02-01,29.9,22.9,25.7,19.0,19.0,3.41,7.8,16.7,99,77,Nganjuk,-7.6044,111.9013
2019-02-02,30.5,23.2,25.7,12.4,12.4,3.13,11.0,15.3,98,71,Nganjuk,-7.6044,111.9013
2019-02-03,29.5,23.2,25.9,4.2,4.2,3.36,7.0,16.6,98,75,Nganjuk,-7.6044,111.9013
2019-02-04,30.3,23.5,25.8,2.6,2.6,3.21,13.5,15.85,97,72,Nganjuk,-7.6044,111.9013
2019-02-05,29.6,22.9,25.7,5.7,5.7,3.03,16.4,14.94,98,73,Nganjuk,-7.6044,111.9013
2019-02-06,30.0,24.0,26.2,3.5,3.5,3.21,14.3,15.74,97,72,Nganjuk,-7.6044,111.9013
2019-02-07,30.0,23.2,26.1,9.3,9.3,3.69,9.5,18.27,97,78,Nganjuk,-7.6044,111.9013
2019-02-08,28.7,23.6,25.5,5.2,5.2,2.86,9.0,14.14,99,76,Nganjuk,-7.6044,111.9013
2019-02-09,29.5,23.2,25.9,3.2,3.2,3.39,9.8,16.74,97,71,Nganjuk,-7.6044,111.9013
2019-02-10,28.4,23.4,25.6,10.3,10.3,3.27,8.4,16.17,97,77,Nganjuk,-7.6044,111.9013
2019-02-11,28.6,23.2,25.7,5.3,5.3,3.48,9.7,17.25,98,77,Nganjuk,-7.6044,111.9013
2019-02-12,29.5,23.9,26.1,8.9,8.9,3.11,9.2,14.68,97,66,Nganjuk,-7.6044,111.9013
2019-02-13,30.1,23.0,26.2,5.8,5.8,3.57,6.2,17.43,95,68,Nganjuk,-7.6044,111.9013
2019-02-14,29.1,23.9,26.2,6.7,6.7,3.61,6.9,18.03,95,73,Nganjuk,-7.6044,111.9013
2019-02-15,30.1,22.9,26.1,8.0,8.0,4.14,14.0,20.87,96,72,Nganjuk,-7.6044,111.9013
2019-02-16,31.1,23.7,26.2,29.5,29.5,4.49,8.2,21.99,97,65,Nganjuk,-7.6044,111.9013
2019-02-17,30.8,23.0,26.4,4.3,4.3,4.89,7.9,24.06,98,65,Nganjuk,-7.6044,111.9013
2019-02-18,31.2,23.5,25.9,11.9,11.9,3.57,11.5,17.38,97,64,Nganjuk,-7.6044,111.9013
2019-02-19,30.4,23.3,26.1,2.5,2.5,3.29,11.3,16.18,97,69,Nganjuk,-7.6044,111.9013
2019-02-20,29.6,23.5,26.1,9.7,9.7,3.65,8.9,18.13,99,75,Nganjuk,-7.6044,111.9013
2019-02-21,30.4,24.3,26.4,7.0,7.0,4.08,10.8,20.45,94,71,Nganjuk,-7.6044,111.9013
2019-02-22,29.8,23.1,25.9,4.4,4.4,3.81,7.7,18.69,98,70,Nganjuk,-7.6044,111.9013
2019-02-23,30.2,23.5,26.5,1.7,1.7,4.27,10.8,20.93,94,69,Nganjuk,-7.6044,111.9013
2019-02-24,30.8,23.7,26.3,4.1,4.1,4.25,13.8,20.94,96,67,Nganjuk,-7.6044,111.9013
2019-02-25,31.0,23.5,26.8,7.6,7.6,4.53,13.0,22.22,94,65,Nganjuk,-7.6044,111.9013
2019-02-26,32.0,23.3,27.6,0.1,0.1,5.26,10.6,25.46,99,57,Nganjuk,-7.6044,111.9013
2019-02-27,31.5,23.6,27.1,4.3,4.3,4.64,11.6,23.08,95,64,Nganjuk,-7.6044,111.9013
2019-02-28,31.4,23.6,26.9,1.1,1.1,4.38,14.8,21.67,96,64,Nganjuk,-7.6044,111.9013
2019-03-01,30.0,24.5,26.6,11.6,11.6,3.9,10.0,19.34,95,74,Nganjuk,-7.6044,111.9013
2019-03-02,30.2,23.1,25.8,10.8,10.8,3.75,12.9,18.68,98,70,Nganjuk,-7.6044,111.9013
2019-03-03,30.3,23.3,26.2,3.1,3.1,3.33,10.0,16.33,98,71,Nganjuk,-7.6044,111.9013
2019-03-04,30.2,23.8,26.5,13.7,13.7,4.04,9.9,20.01,98,65,Nganjuk,-7.6044,111.9013
2019-03-05,30.2,23.0,25.8,31.0,31.0,3.56,9.9,17.35,99,72,Nganjuk,-7.6044,111.9013
2019-03-06,27.0,23.7,25.1,29.2,29.2,1.73,21.1,8.42,98,86,Nganjuk,-7.6044,111.9013
2019-03-07,26.0,22.5,23.9,23.0,23.0,1.28,10.0,6.1,99,90,Nganjuk,-7.6044,111.9013
2019-03-08,28.2,21.6,24.7,0.8,0.8,2.58,13.9,12.16,95,74,Nganjuk,-7.6044,111.9013
2019-03-09,29.7,22.5,25.7,5.0,5.0,4.36,9.9,21.8,97,69,Nganjuk,-7.6044,111.9013
2019-03-10,29.2,23.1,25.3,26.0,26.0,3.48,9.4,17.18,98,76,Nganjuk,-7.6044,111.9013
2019-03-11,30.8,23.0,26.6,0.8,0.8,4.2,10.2,20.16,97,63,Nganjuk,-7.6044,111.9013
2019-03-12,29.8,23.8,26.6,4.9,4.9,3.87,14.3,19.58,94,73,Nganjuk,-7.6044,111.9013
2019-03-13,29.7,24.2,26.3,3.1,3.1,3.19,11.0,15.39,96,71,Nganjuk,-7.6044,111.9013
2019-03-14,30.2,24.1,26.8,6.6,6.6,3.61,5.9,17.54,93,68,Nganjuk,-7.6044,111.9013
2019-03-15,29.4,22.4,25.9,5.4,5.4,4.04,9.5,20.05,98,71,Nganjuk,-7.6044,111.9013
2019-03-16,29.9,22.4,25.5,2.4,2.4,4.37,9.0,21.89,98,70,Nganjuk,-7.6044,111.9013
2019-03-17,28.2,22.1,24.6,36.3,36.3,2.51,9.7,12.24,99,78,Nganjuk,-7.6044,111.9013
2019-03-18,28.5,22.1,25.0,6.9,6.9,3.04,7.4,15.35,98,77,Nganjuk,-7.6044,111.9013
2019-03-19,28.1,22.6,24.8,31.5,31.5,2.46,12.8,12.19,98,77,Nganjuk,-7.6044,111.9013
2019-03-20,30.5,23.0,26.0,5.6,5.6,3.53,19.2,17.34,98,68,Nganjuk,-7.6044,111.9013
2019-03-21,30.5,23.5,26.4,4.7,4.7,3.15,15.7,15.58,97,70,Nganjuk,-7.6044,111.9013
2019-03-22,30.5,23.8,26.1,12.2,12.2,3.53,19.7,17.73,98,71,Nganjuk,-7.6044,111.9013
2019-03-23,29.5,23.5,25.7,26.2,26.2,2.58,14.8,12.63,98,75,Nganjuk,-7.6044,111.9013
2019-03-24,28.8,23.5,25.5,7.9,7.9,2.17,14.6,10.46,99,77,Nganjuk,-7.6044,111.9013
2019-03-25,30.2,23.2,26.1,14.4,14.4,3.25,10.5,15.94,98,69,Nganjuk,-7.6044,111.9013
2019-03-26,30.0,23.4,25.9,1.0,1.0,3.29,13.5,16.38,97,70,Nganjuk,-7.6044,111.9013
2019-03-27,29.7,23.9,26.5,7.3,7.3,3.42,7.6,16.78,96,73,Nganjuk,-7.6044,111.9013
2019-03-28,29.4,23.3,25.6,35.5,35.5,3.5,7.9,17.54,97,73,Nganjuk,-7.6044,111.9013
2019-03-29,30.9,22.7,26.5,0.0,0.0,4.78,14.0,22.44,97,52,Nganjuk,-7.6044,111.9013
2019-03-30,31.3,22.4,27.0,1.0,1.0,5.03,7.9,24.38,93,55,Nganjuk,-7.6044,111.9013
2019-03-31,31.8,23.1,27.0,2.1,2.1,4.85,12.2,23.64,95,60,Nganjuk,-7.6044,111.9013
2019-04-01,31.0,24.4,26.8,3.0,3.0,4.35,11.6,21.23,98,60,Nganjuk,-7.6044,111.9013
2019-04-02,30.2,23.0,26.2,1.4,1.4,4.41,7.0,21.8,99,65,Nganjuk,-7.6044,111.9013
2019-04-03,30.8,23.5,26.6,2.0,2.0,4.17,14.1,20.62,99,65,Nganjuk,-7.6044,111.9013
2019-04-04,30.3,23.8,26.6,2.2,2.2,3.92,12.8,19.2,96,67,Nganjuk,-7.6044,111.9013
2019-04-05,29.8,23.6,25.9,10.0,10.0,3.46,10.5,17.1,98,70,Nganjuk,-7.6044,111.9013
2019-04-06,29.6,23.0,26.3,1.6,1.6,3.85,8.4,19.11,97,70,Nganjuk,-7.6044,111.9013
2019-04-07,30.1,23.5,26.5,0.6,0.6,4.09,9.7,20.35,93,74,Nganjuk,-7.6044,111.9013
2019-04-08,30.3,24.0,26.5,4.9,4.9,3.66,10.7,18.13,95,73,Nganjuk,-7.6044,111.9013
2019-04-09,30.3,24.0,26.8,10.2,10.2,3.48,5.9,16.99,96,73,Nganjuk,-7.6044,111.9013
2019-04-10,30.1,23.9,26.5,6.3,6.3,3.24,12.2,15.86,98,74,Nganjuk,-7.6044,111.9013
2019-04-11,29.8,24.4,26.4,3.7,3.7,2.6,8.7,12.42,94,73,Nganjuk,-7.6044,111.9013
2019-04-12,31.4,23.8,26.8,0.2,0.2,4.13,12.8,19.96,96,58,Nganjuk,-7.6044,111.9013
2019-04-13,29.9,24.5,26.5,0.7,0.7,2.64,9.7,12.55,96,68,Nganjuk,-7.6044,111.9013
2019-04-14,30.0,23.9,26.6,3.0,3.0,3.65,9.5,17.82,98,72,Nganjuk,-7.6044,111.9013
2019-04-15,30.2,23.1,26.2,2.9,2.9,3.56,14.5,17.6,98,74,Nganjuk,-7.6044,111.9013
2019-04-16,29.3,23.4,26.3,3.5,3.5,3.11,9.4,15.42,99,75,Nganjuk,-7.6044,111.9013
2019-04-17,31.5,23.2,26.7,5.1,5.1,4.15,10.2,20.47,96,67,Nganjuk,-7.6044,111.9013
2019-04-18,31.0,23.1,26.7,3.3,3.3,4.05,13.2,20.47,98,73,Nganjuk,-7.6044,111.9013
2019-04-19,30.9,23.8,27.3,1.6,1.6,4.43,13.8,21.18,97,65,Nganjuk,-7.6044,111.9013
2019-04-20,31.2,24.0,27.5,0.3,0.3,4.55,16.3,21.57,95,61,Nganjuk,-7.6044,111.9013
2019-04-21,30.9,24.1,27.4,0.1,0.1,4.25,9.4,20.38,93,64,Nganjuk,-7.6044,111.9013
2019-04-22,31.5,23.2,27.6,0.0,0.0,4.83,14.8,22.54,92,59,Nganjuk,-7.6044,111.9013
2019-04-23,31.8,24.5,27.8,1.5,1.5,4.69,16.0,21.57,87,60,Nganjuk,-7.6044,111.9013
2019-04-24,31.2,23.6,27.7,0.2,0.2,4.43,8.2,21.2,96,60,Nganjuk,-7.6044,111.9013
2019-04-25,31.9,24.2,28.0,0.2,0.2,4.91,19.4,21.63,88,58,Nganjuk,-7.6044,111.9013
2019-04-26,31.4,23.0,27.5,0.9,0.9,4.6,17.8,21.57,96,62,Nganjuk,-7.6044,111.9013
2019-04-27,31.6,23.5,27.4,1.9,1.9,4.21,11.0,20.22,95,59,Nganjuk,-7.6044,111.9013
2019-04-28,29.6,24.5,26.3,13.8,13.8,3.23,8.9,15.76,96,73,Nganjuk,-7.6044,111.9013
2019-04-29,29.1,24.0,25.8,10.7,10.7,2.79,8.3,13.92,97,76,Nganjuk,-7.6044,111.9013
2019-04-30,30.6,23.5,26.4,5.1,5.1,3.81,9.3,18.77,99,68,Nganjuk,-7.6044,111.9013
2019-05-01,29.7,24.0,26.1,4.8,4.8,3.18,6.6,15.75,99,70,Nganjuk,-7.6044,111.9013
2019-05-02,29.5,22.4,26.0,4.5,4.5,3.56,6.0,17.62,97,73,Nganjuk,-7.6044,111.9013
2019-05-03,31.4,22.8,26.8,0.2,0.2,4.31,10.7,20.33,97,61,Nganjuk,-7.6044,111.9013
2019-05-04,31.9,22.5,27.2,0.0,0.0,4.84,13.6,22.28,92,56,Nganjuk,-7.6044,111.9013
2019-05-05,31.5,22.4,26.8,0.0,0.0,4.43,15.6,20.95,92,60,Nganjuk,-7.6044,111.9013
2019-05-06,31.5,22.7,27.1,0.3,0.3,4.32,12.4,20.67,94,60,Nganjuk,-7.6044,111.9013
2019-05-07,31.6,23.4,27.4,0.8,0.8,4.43,12.5,21.1,94,61,Nganjuk,-7.6044,111.9013
2019-05-08,31.8,24.3,28.1,0.0,0.0,5.28,23.2,21.22,78,56,Nganjuk,-7.6044,111.9013
2019-05-09,31.4,24.6,27.5,0.0,0.0,4.99,22.5,19.86,83,59,Nganjuk,-7.6044,111.9013
2019-05-10,31.7,23.1,27.3,0.1,0.1,4.86,21.0,19.46,89,54,Nganjuk,-7.6044,111.9013
2019-05-11,31.1,24.5,27.8,0.1,0.1,4.73,20.5,19.52,84,57,Nganjuk,-7.6044,111.9013
2019-05-12,32.1,24.0,27.7,0.0,0.0,5.25,21.3,21.55,81,53,Nganjuk,-7.6044,111.9013
2019-05-13,31.8,22.8,27.5,0.2,0.2,5.07,19.9,21.17,87,55,Nganjuk,-7.6044,111.9013
2019-05-14,31.6,24.2,27.8,0.3,0.3,4.32,11.6,19.53,94,59,Nganjuk,-7.6044,111.9013
2019-05-15,32.2,23.7,27.8,0.8,0.8,4.46,14.8,19.94,97,54,Nganjuk,-7.6044,111.9013
2019-05-16,32.2,24.4,27.9,0.1,0.1,5.01,21.1,20.82,88,52,Nganjuk,-7.6044,111.9013
2019-05-17,32.5,22.6,27.5,0.0,0.0,5.4,21.9,21.07,85,42,Nganjuk,-7.6044,111.9013
2019-05-18,32.0,21.8,27.2,0.0,0.0,5.18,18.8,20.46,83,42,Nganjuk,-7.6044,111.9013
2019-05-19,32.8,23.0,27.9,0.0,0.0,5.39,17.7,21.54,84,43,Nganjuk,-7.6044,111.9013
2019-05-20,33.3,22.6,28.1,0.0,0.0,5.4,22.1,21.04,87,47,Nganjuk,-7.6044,111.9013
2019-05-21,33.8,23.5,28.5,0.0,0.0,5.79,22.5,21.8,89,41,Nganjuk,-7.6044,111.9013
2019-05-22,34.0,23.4,28.8,0.0,0.0,5.9,21.1,22.03,78,42,Nganjuk,-7.6044,111.9013
2019-05-23,33.5,22.5,28.3,1.1,1.1,5.45,21.9,20.53,91,44,Nganjuk,-7.6044,111.9013
2019-05-24,33.7,23.8,28.5,0.0,0.0,5.56,25.0,21.03,86,42,Nganjuk,-7.6044,111.9013
2019-05-25,33.2,23.9,28.2,0.0,0.0,5.47,19.4,20.94,78,42,Nganjuk,-7.6044,111.9013
2019-05-26,34.1,24.1,28.5,0.0,0.0,5.58,23.7,20.92,81,41,Nganjuk,-7.6044,111.9013
2019-05-27,33.5,24.5,28.6,0.7,0.7,5.03,19.5,19.92,81,43,Nganjuk,-7.6044,111.9013
2019-05-28,33.5,24.0,28.7,0.1,0.1,5.14,17.7,20.56,88,44,Nganjuk,-7.6044,111.9013
2019-05-29,33.7,24.6,28.9,0.8,0.8,5.33,23.5,19.61,81,43,Nganjuk,-7.6044,111.9013
2019-05-30,34.0,25.3,28.9,0.0,0.0,6.46,26.7,20.49,71,40,Nganjuk,-7.6044,111.9013
2019-05-31,32.8,24.3,28.0,0.0,0.0,6.01,30.9,19.79,70,46,Nganjuk,-7.6044,111.9013
2019-06-01,33.1,25.0,28.1,0.0,0.0,6.14,30.4,19.87,71,42,Nganjuk,-7.6044,111.9013
2019-06-02,32.8,24.5,28.0,0.0,0.0,5.71,26.6,19.59,78,46,Nganjuk,-7.6044,111.9013
2019-06-03,33.2,24.5,28.4,0.0,0.0,5.27,18.7,18.71,74,42,Nganjuk,-7.6044,111.9013
2019-06-04,33.5,24.0,28.4,0.1,0.1,4.83,15.5,19.42,81,43,Nganjuk,-7.6044,111.9013
2019-06-05,34.0,24.0,28.6,0.0,0.0,5.0,15.9,20.26,86,42,Nganjuk,-7.6044,111.9013
2019-06-06,33.8,24.0,28.7,0.0,0.0,4.66,11.8,19.49,84,44,Nganjuk,-7.6044,111.9013
2019-06-07,33.8,23.9,28.1,0.0,0.0,4.92,18.3,20.07,90,41,Nganjuk,-7.6044,111.9013
2019-06-08,34.2,22.9,28.1,0.0,0.0,5.6,18.7,21.23,87,32,Nganjuk,-7.6044,111.9013
2019-06-09,33.2,23.9,27.9,0.0,0.0,5.44,29.3,19.08,81,42,Nganjuk,-7.6044,111.9013
2019-06-10,34.2,23.1,28.4,0.0,0.0,5.42,22.1,19.92,83,40,Nganjuk,-7.6044,111.9013
2019-06-11,34.1,24.1,28.7,0.0,0.0,6.18,25.5,20.67,80,36,Nganjuk,-7.6044,111.9013
2019-06-12,34.6,24.2,28.8,0.0,0.0,6.34,29.0,20.65,73,37,Nganjuk,-7.6044,111.9013
2019-06-13,33.9,26.5,29.1,0.0,0.0,6.18,26.5,18.95,70,42,Nganjuk,-7.6044,111.9013
2019-06-14,32.5,26.4,28.6,0.8,0.8,5.45,25.9,17.27,72,51,Nganjuk,-7.6044,111.9013
2019-06-15,33.1,26.2,29.0,0.0,0.0,5.92,26.7,17.76,72,44,Nganjuk,-7.6044,111.9013
2019-06-16,33.2,23.2,27.8,0.0,0.0,5.69,23.9,20.07,75,38,Nganjuk,-7.6044,111.9013
2019-06-17,33.2,21.6,27.5,0.0,0.0,5.78,18.4,21.52,83,35,Nganjuk,-7.6044,111.9013
2019-06-18,33.2,22.2,26.8,0.0,0.0,4.87,19.5,20.53,84,38,Nganjuk,-7.6044,111.9013
2019-06-19,33.0,21.1,26.9,0.0,0.0,5.58,18.1,21.24,87,32,Nganjuk,-7.6044,111.9013
2019-06-20,32.8,20.2,26.3,0.0,0.0,5.31,18.5,20.87,79,33,Nganjuk,-7.6044,111.9013
2019-06-21,32.7,21.5,26.5,0.0,0.0,4.85,15.2,20.39,80,39,Nganjuk,-7.6044,111.9013
2019-06-22,33.3,22.0,27.0,0.0,0.0,5.12,18.9,21.36,74,38,Nganjuk,-7.6044,111.9013
2019-06-23,33.2,22.4,26.8,0.0,0.0,5.19,23.5,20.58,82,35,Nganjuk,-7.6044,111.9013
2019-06-24,33.4,21.3,27.0,0.0,0.0,5.63,18.9,21.2,79,34,Nganjuk,-7.6044,111.9013
2019-06-25,34.3,21.7,27.1,0.0,0.0,5.47,21.3,21.65,82,29,Nganjuk,-7.6044,111.9013
2019-06-26,34.0,20.8,26.8,0.0,0.0,5.09,21.5,21.09,90,38,Nganjuk,-7.6044,111.9013
2019-06-27,32.8,22.0,26.9,0.0,0.0,5.53,29.8,19.91,88,42,Nganjuk,-7.6044,111.9013
2019-06-28,32.6,22.5,26.6,0.0,0.0,6.48,30.4,21.34,78,35,Nganjuk,-7.6044,111.9013
2019-06-29,33.5,23.5,27.3,0.0,0.0,7.09,29.1,21.73,68,27,Nganjuk,-7.6044,111.9013
2019-06-30,32.3,19.5,25.8,0.0,0.0,5.18,23.7,21.04,88,35,Nganjuk,-7.6044,111.9013
2019-07-01,32.8,20.9,26.2,0.0,0.0,5.23,21.8,20.99,85,35,Nganjuk,-7.6044,111.9013
2019-07-02,33.2,20.8,27.0,0.0,0.0,4.93,20.7,20.53,87,36,Nganjuk,-7.6044,111.9013
2019-07-03,33.5,23.3,28.1,0.1,0.1,4.67,21.1,17.5,82,43,Nganjuk,-7.6044,111.9013
2019-07-04,33.2,23.4,27.3,4.5,4.5,4.02,15.3,17.5,92,49,Nganjuk,-7.6044,111.9013
2019-07-05,31.7,22.8,26.9,1.2,1.2,4.61,23.0,17.45,99,51,Nganjuk,-7.6044,111.9013
2019-07-06,33.7,24.2,27.9,0.0,0.0,5.38,21.4,19.72,79,42,Nganjuk,-7.6044,111.9013
2019-07-07,33.6,21.2,27.3,0.0,0.0,5.47,23.2,21.06,93,37,Nganjuk,-7.6044,111.9013
2019-07-08,33.0,22.7,27.2,0.0,0.0,5.78,21.7,21.26,83,36,Nganjuk,-7.6044,111.9013
2019-07-09,32.3,21.3,26.3,0.0,0.0,6.01,26.5,21.16,82,35,Nganjuk,-7.6044,111.9013
2019-07-10,33.4,22.6,27.2,0.0,0.0,6.01,23.0,21.34,76,35,Nganjuk,-7.6044,111.9013
2019-07-11,33.5,21.5,26.9,0.0,0.0,5.37,24.2,19.93,80,34,Nganjuk,-7.6044,111.9013
2019-07-12,33.9,22.4,27.2,0.0,0.0,5.68,25.4,20.99,79,32,Nganjuk,-7.6044,111.9013
2019-07-13,33.0,23.5,27.1,0.0,0.0,6.83,29.5,21.97,68,33,Nganjuk,-7.6044,111.9013
2019-07-14,32.7,19.8,26.1,0.0,0.0,6.47,25.0,22.16,74,31,Nganjuk,-7.6044,111.9013
2019-07-15,33.1,20.5,26.4,0.0,0.0,5.88,30.6,20.28,78,32,Nganjuk,-7.6044,111.9013
2019-07-16,32.2,22.8,26.6,0.0,0.0,6.73,32.8,21.85,69,36,Nganjuk,-7.6044,111.9013
2019-07-17,33.6,22.4,27.2,0.0,0.0,6.36,26.2,20.77,68,31,Nganjuk,-7.6044,111.9013
2019-07-18,33.8,21.9,27.3,0.2,0.2,5.38,23.2,18.85,76,37,Nganjuk,-7.6044,111.9013
2019-07-19,32.5,23.0,27.3,0.6,0.6,4.76,24.3,16.38,87,43,Nganjuk,-7.6044,111.9013
2019-07-20,33.8,25.9,28.6,0.1,0.1,6.2,28.7,19.63,72,42,Nganjuk,-7.6044,111.9013
2019-07-21,33.0,23.9,27.7,0.0,0.0,5.8,25.8,19.76,77,42,Nganjuk,-7.6044,111.9013
2019-07-22,33.5,20.0,26.8,0.0,0.0,5.87,23.5,21.65,85,34,Nganjuk,-7.6044,111.9013
2019-07-23,33.7,21.3,26.9,0.0,0.0,5.46,21.4,20.72,82,36,Nganjuk,-7.6044,111.9013
2019-07-24,33.2,22.2,27.0,0.0,0.0,5.89,28.7,20.88,85,36,Nganjuk,-7.6044,111.9013
2019-07-25,34.1,21.5,27.5,0.0,0.0,5.75,17.9,22.05,81,32,Nganjuk,-7.6044,111.9013
2019-07-26,34.5,22.0,27.5,0.0,0.0,5.56,22.3,22.11,91,34,Nganjuk,-7.6044,111.9013
2019-07-27,34.5,21.2,27.3,0.0,0.0,5.64,24.5,21.93,93,33,Nganjuk,-7.6044,111.9013
2019-07-28,34.5,22.4,27.1,0.0,0.0,6.29,28.4,22.54,83,29,Nganjuk,-7.6044,111.9013
2019-07-29,33.1,21.3,26.8,0.0,0.0,6.04,25.7,21.75,77,37,Nganjuk,-7.6044,111.9013
2019-07-30,34.0,23.5,27.6,0.0,0.0,6.08,23.8,20.49,77,34,Nganjuk,-7.6044,111.9013
2019-07-31,33.2,23.8,27.5,0.0,0.0,6.76,26.6,22.54,74,37,Nganjuk,-7.6044,111.9013
2019-08-01,33.5,21.7,27.5,0.0,0.0,5.82,21.3,21.59,81,34,Nganjuk,-7.6044,111.9013
2019-08-02,33.3,22.4,27.5,0.0,0.0,6.03,26.3,21.27,82,37,Nganjuk,-7.6044,111.9013
2019-08-03,33.0,20.8,26.6,0.0,0.0,6.79,32.1,22.4,72,34,Nganjuk,-7.6044,111.9013
2019-08-04,32.6,23.4,26.5,0.0,0.0,7.55,31.7,22.48,71,32,Nganjuk,-7.6044,111.9013
2019-08-05,32.5,21.9,26.4,0.0,0.0,6.89,24.2,22.86,72,29,Nganjuk,-7.6044,111.9013
2019-08-06,32.9,20.2,26.3,0.0,0.0,6.67,23.5,23.25,71,29,Nganjuk,-7.6044,111.9013
2019-08-07,33.5,19.6,26.2,0.0,0.0,6.47,29.4,22.74,79,27,Nganjuk,-7.6044,111.9013
2019-08-08,33.1,20.6,26.5,0.0,0.0,5.87,27.2,21.32,80,39,Nganjuk,-7.6044,111.9013
2019-08-09,34.2,22.8,27.5,0.0,0.0,6.25,27.2,21.37,69,33,Nganjuk,-7.6044,111.9013
2019-08-10,34.0,21.5,27.3,0.0,0.0,6.23,21.6,22.2,79,32,Nganjuk,-7.6044,111.9013
2019-08-11,33.8,21.2,27.0,0.0,0.0,5.56,26.3,21.25,85,36,Nganjuk,-7.6044,111.9013
2019-08-12,35.8,21.6,27.6,0.0,0.0,5.49,24.6,21.73,80,30,Nganjuk,-7.6044,111.9013
2019-08-13,35.0,22.2,28.0,0.0,0.0,5.37,20.1,21.18,92,32,Nganjuk,-7.6044,111.9013
2019-08-14,35.2,22.2,28.1,0.0,0.0,5.68,20.1,22.06,93,31,Nganjuk,-7.6044,111.9013
2019-08-15,33.6,23.0,28.1,0.7,0.7,5.67,21.9,20.62,91,39,Nganjuk,-7.6044,111.9013
2019-08-16,34.2,22.2,27.6,0.0,0.0,6.19,26.5,21.61,82,37,Nganjuk,-7.6044,111.9013
2019-08-17,34.0,23.6,27.6,0.0,0.0,7.32,31.1,23.45,76,33,Nganjuk,-7.6044,111.9013
2019-08-18,34.1,22.6,27.5,0.0,0.0,7.27,30.3,23.92,71,30,Nganjuk,-7.6044,111.9013
2019-08-19,34.0,23.0,27.2,0.0,0.0,7.04,31.7,23.67,75,32,Nganjuk,-7.6044,111.9013
2019-08-20,34.2,24.0,28.1,0.0,0.0,7.15,27.5,22.76,70,34,Nganjuk,-7.6044,111.9013
2019-08-21,35.3,20.9,27.5,0.0,0.0,5.96,22.3,23.79,89,31,Nganjuk,-7.6044,111.9013
2019-08-22,34.3,23.5,27.7,0.0,0.0,5.64,28.3,20.17,79,37,Nganjuk,-7.6044,111.9013
2019-08-23,34.5,21.8,27.3,0.0,0.0,6.64,33.8,23.62,79,31,Nganjuk,-7.6044,111.9013
2019-08-24,33.2,23.0,27.6,0.0,0.0,6.59,30.1,22.44,77,34,Nganjuk,-7.6044,111.9013
2019-08-25,34.2,22.5,27.6,0.0,0.0,6.57,32.4,23.94,78,39,Nganjuk,-7.6044,111.9013
2019-08-26,33.7,23.9,27.8,0.0,0.0,6.19,29.0,22.12,77,40,Nganjuk,-7.6044,111.9013
2019-08-27,35.0,24.0,28.1,0.0,0.0,6.31,25.2,23.2,76,35,Nganjuk,-7.6044,111.9013
2019-08-28,34.5,21.1,27.4,0.0,0.0,6.4,19.7,24.31,82,29,Nganjuk,-7.6044,111.9013
2019-08-29,35.2,21.8,27.6,0.0,0.0,6.1,22.4,24.21,88,23,Nganjuk,-7.6044,111.9013
2019-08-30,34.7,21.6,27.4,0.0,0.0,6.67,25.3,24.06,84,30,Nganjuk,-7.6044,111.9013
2019-08-31,34.5,22.0,27.4,0.0,0.0,6.13,27.2,22.69,83,34,Nganjuk,-7.6044,111.9013
2019-09-01,35.0,21.6,27.7,0.0,0.0,6.42,24.3,24.43,81,34,Nganjuk,-7.6044,111.9013
2019-09-02,35.5,23.0,28.0,0.0,0.0,6.57,26.6,24.77,81,33,Nganjuk,-7.6044,111.9013
2019-09-03,34.2,22.6,27.5,0.0,0.0,5.85,22.2,22.58,79,34,Nganjuk,-7.6044,111.9013
2019-09-04,34.7,22.0,27.6,0.0,0.0,7.33,25.6,25.3,85,27,Nganjuk,-7.6044,111.9013
2019-09-05,34.2,20.8,26.6,0.0,0.0,6.95,31.2,25.24,68,30,Nganjuk,-7.6044,111.9013
2019-09-06,33.8,20.8,26.8,0.0,0.0,6.85,32.4,24.87,82,30,Nganjuk,-7.6044,111.9013
2019-09-07,34.1,21.9,27.5,0.0,0.0,6.95,30.2,24.77,82,31,Nganjuk,-7.6044,111.9013
2019-09-08,34.5,24.4,28.2,0.0,0.0,7.27,30.2,25.24,73,31,Nganjuk,-7.6044,111.9013
2019-09-09,36.3,22.1,28.2,0.0,0.0,6.33,28.5,25.34,84,22,Nganjuk,-7.6044,111.9013
2019-09-10,36.0,20.2,27.7,0.0,0.0,6.95,24.8,25.68,98,27,Nganjuk,-7.6044,111.9013
2019-09-11,35.6,21.8,28.1,0.0,0.0,7.19,27.9,24.93,87,28,Nganjuk,-7.6044,111.9013
2019-09-12,33.6,20.2,26.7,0.0,0.0,8.04,31.9,26.1,64,24,Nganjuk,-7.6044,111.9013
2019-09-13,34.3,21.6,27.4,0.0,0.0,6.78,25.0,25.12,73,25,Nganjuk,-7.6044,111.9013
2019-09-14,34.7,21.8,27.8,0.0,0.0,6.33,22.9,23.45,81,28,Nganjuk,-7.6044,111.9013
2019-09-15,34.8,22.0,28.0,0.0,0.0,6.07,22.5,22.04,79,32,Nganjuk,-7.6044,111.9013
2019-09-16,36.0,23.1,28.2,0.0,0.0,6.41,25.8,25.46,76,27,Nganjuk,-7.6044,111.9013
2019-09-17,36.1,22.9,28.3,0.1,0.1,6.5,27.4,25.36,81,30,Nganjuk,-7.6044,111.9013
2019-09-18,36.2,22.4,28.4,0.0,0.0,6.92,23.3,25.68,84,28,Nganjuk,-7.6044,111.9013
2019-09-19,34.9,22.1,27.6,0.0,0.0,7.07,28.5,25.8,86,29,Nganjuk,-7.6044,111.9013
2019-09-20,34.2,22.0,28.0,0.0,0.0,6.71,22.9,24.76,82,32,Nganjuk,-7.6044,111.9013
2019-09-21,34.7,21.5,27.6,0.0,0.0,6.94,32.9,25.26,84,30,Nganjuk,-7.6044,111.9013
2019-09-22,35.9,22.4,28.5,0.0,0.0,7.18,26.3,25.51,74,30,Nganjuk,-7.6044,111.9013
2019-09-23,36.2,22.7,28.4,0.0,0.0,6.77,23.7,26.16,80,31,Nganjuk,-7.6044,111.9013
2019-09-24,36.0,22.5,28.8,0.6,0.6,6.52,24.7,24.62,78,34,Nganjuk,-7.6044,111.9013
2019-09-25,36.6,23.3,29.6,0.0,0.0,7.06,26.0,25.36,85,32,Nganjuk,-7.6044,111.9013
2019-09-26,35.2,23.7,29.2,0.3,0.3,6.69,24.2,23.46,85,35,Nganjuk,-7.6044,111.9013
2019-09-27,36.0,24.1,29.4,0.0,0.0,7.34,27.7,25.2,75,30,Nganjuk,-7.6044,111.9013
2019-09-28,34.8,23.9,29.1,0.0,0.0,6.88,22.9,24.41,79,38,Nganjuk,-7.6044,111.9013
2019-09-29,35.0,25.2,29.1,0.1,0.1,6.79,24.1,24.65,77,37,Nganjuk,-7.6044,111.9013
2019-09-30,35.5,21.9,28.9,0.0,0.0,7.67,26.8,25.29,87,27,Nganjuk,-7.6044,111.9013
2019-10-01,36.2,22.0,28.7,0.0,0.0,7.36,27.6,25.62,71,26,Nganjuk,-7.6044,111.9013
2019-10-02,36.8,22.6,29.1,0.1,0.1,6.89,26.3,25.34,84,29,Nganjuk,-7.6044,111.9013
2019-10-03,36.8,23.4,29.4,0.1,0.1,7.17,25.1,24.98,85,23,Nganjuk,-7.6044,111.9013
2019-10-04,35.0,22.8,29.4,0.3,0.3,8.65,36.4,24.85,76,29,Nganjuk,-7.6044,111.9013
2019-10-05,35.8,23.4,29.2,0.0,0.0,8.77,27.4,26.7,67,23,Nganjuk,-7.6044,111.9013
2019-10-06,35.0,22.9,28.6,0.1,0.1,7.29,25.7,26.11,80,32,Nganjuk,-7.6044,111.9013
2019-10-07,36.5,24.0,29.6,0.0,0.0,7.24,25.3,24.59,81,32,Nganjuk,-7.6044,111.9013
2019-10-08,35.8,23.6,29.4,0.0,0.0,7.8,27.8,26.23,78,29,Nganjuk,-7.6044,111.9013
2019-10-09,36.2,23.6,29.5,0.0,0.0,6.64,25.8,24.2,76,32,Nganjuk,-7.6044,111.9013
2019-10-10,36.6,25.9,30.1,0.0,0.0,6.66,21.6,24.15,71,29,Nganjuk,-7.6044,111.9013
2019-10-11,38.8,24.4,30.5,0.0,0.0,7.35,22.2,26.57,86,16,Nganjuk,-7.6044,111.9013
2019-10-12,36.5,23.5,29.7,0.0,0.0,7.11,28.4,25.2,67,26,Nganjuk,-7.6044,111.9013
2019-10-13,35.8,23.9,29.7,0.0,0.0,7.83,27.1,25.2,70,30,Nganjuk,-7.6044,111.9013
2019-10-14,35.5,23.5,29.2,0.1,0.1,6.95,29.9,24.62,80,33,Nganjuk,-7.6044,111.9013
2019-10-15,35.3,23.5,29.0,0.0,0.0,7.13,32.0,25.22,83,36,Nganjuk,-7.6044,111.9013
2019-10-16,34.9,24.8,29.1,0.0,0.0,6.75,27.8,22.8,79,36,Nganjuk,-7.6044,111.9013
2019-10-17,36.2,24.0,29.2,0.0,0.0,7.18,33.0,25.87,78,30,Nganjuk,-7.6044,111.9013
2019-10-18,37.2,23.7,29.3,0.1,0.1,6.96,31.3,26.34,77,28,Nganjuk,-7.6044,111.9013
2019-10-19,37.8,25.0,30.2,0.3,0.3,6.86,24.6,25.15,74,31,Nganjuk,-7.6044,111.9013
2019-10-20,38.4,24.0,29.9,0.0,0.0,7.59,30.7,26.3,86,15,Nganjuk,-7.6044,111.9013
2019-10-21,39.5,22.8,30.4,0.0,0.0,8.13,28.5,26.85,79,17,Nganjuk,-7.6044,111.9013
2019-10-22,36.8,23.5,30.4,0.0,0.0,7.97,28.4,24.58,74,29,Nganjuk,-7.6044,111.9013
2019-10-23,36.8,24.6,30.3,0.4,0.4,7.02,31.2,23.94,74,29,Nganjuk,-7.6044,111.9013
2019-10-24,36.7,23.3,29.9,0.4,0.4,7.47,24.3,25.51,78,30,Nganjuk,-7.6044,111.9013
2019-10-25,37.2,24.0,29.8,0.0,0.0,7.29,28.5,27.14,83,28,Nganjuk,-7.6044,111.9013
2019-10-26,35.8,23.0,29.5,0.0,0.0,6.97,28.4,24.99,85,33,Nganjuk,-7.6044,111.9013
2019-10-27,37.5,24.0,30.2,0.0,0.0,7.78,28.2,25.98,77,25,Nganjuk,-7.6044,111.9013
2019-10-28,37.0,24.2,29.9,0.3,0.3,7.41,25.9,25.66,79,28,Nganjuk,-7.6044,111.9013
2019-10-29,36.5,23.9,29.8,0.1,0.1,7.05,25.8,24.03,83,29,Nganjuk,-7.6044,111.9013
2019-10-30,36.5,23.5,29.7,0.0,0.0,7.25,29.5,25.48,74,30,Nganjuk,-7.6044,111.9013
2019-10-31,37.2,26.0,30.6,0.0,0.0,7.37,31.0,25.57,73,30,Nganjuk,-7.6044,111.9013
2019-11-01,34.5,25.5,29.2,0.3,0.3,5.08,23.0,18.42,81,42,Nganjuk,-7.6044,111.9013
2019-11-02,33.3,24.5,27.2,4.9,4.9,4.46,27.2,17.29,88,47,Nganjuk,-7.6044,111.9013
2019-11-03,34.0,24.1,28.5,0.0,0.0,5.97,24.3,21.97,85,44,Nganjuk,-7.6044,111.9013
2019-11-04,34.9,25.0,28.9,1.3,1.3,6.23,25.9,22.28,81,42,Nganjuk,-7.6044,111.9013
2019-11-05,35.9,24.6,29.6,0.1,0.1,7.1,22.6,24.82,79,32,Nganjuk,-7.6044,111.9013
2019-11-06,37.4,22.5,29.1,0.0,0.0,7.09,24.2,26.68,83,21,Nganjuk,-7.6044,111.9013
2019-11-07,37.2,23.0,29.6,0.1,0.1,6.9,22.7,25.35,74,27,Nganjuk,-7.6044,111.9013
2019-11-08,36.5,24.8,30.1,0.3,0.3,6.53,18.9,24.18,76,31,Nganjuk,-7.6044,111.9013
2019-11-09,37.0,24.9,30.4,0.0,0.0,6.96,25.3,24.73,83,31,Nganjuk,-7.6044,111.9013
2019-11-10,36.6,25.0,30.6,0.4,0.4,6.71,20.5,24.42,70,34,Nganjuk,-7.6044,111.9013
2019-11-11,36.8,25.1,30.4,0.5,0.5,6.88,26.8,24.92,81,34,Nganjuk,-7.6044,111.9013
2019-11-12,36.2,24.9,30.1,0.2,0.2,6.48,22.2,24.37,82,39,Nganjuk,-7.6044,111.9013
2019-11-13,37.5,26.2,30.4,0.9,0.9,6.08,20.4,23.57,78,32,Nganjuk,-7.6044,111.9013
2019-11-14,36.7,25.0,30.2,1.0,1.0,5.88,20.0,22.83,89,37,Nganjuk,-7.6044,111.9013
2019-11-15,37.1,24.6,30.5,0.0,0.0,8.1,28.4,26.01,79,26,Nganjuk,-7.6044,111.9013
2019-11-16,36.0,23.4,29.7,0.1,0.1,7.16,26.5,23.8,72,33,Nganjuk,-7.6044,111.9013
2019-11-17,36.7,24.6,30.3,0.3,0.3,7.08,21.5,24.32,79,35,Nganjuk,-7.6044,111.9013
2019-11-18,37.0,23.6,30.6,0.0,0.0,6.78,22.1,24.08,86,33,Nganjuk,-7.6044,111.9013
2019-11-19,36.5,24.8,30.2,0.4,0.4,5.85,23.1,21.65,88,33,Nganjuk,-7.6044,111.9013
2019-11-20,36.1,25.0,30.1,0.6,0.6,6.49,24.5,24.41,89,31,Nganjuk,-7.6044,111.9013
2019-11-21,34.6,25.7,29.9,0.0,0.0,5.74,21.6,21.74,78,41,Nganjuk,-7.6044,111.9013
2019-11-22,36.0,24.4,30.0,0.0,0.0,6.6,24.3,24.93,90,34,Nganjuk,-7.6044,111.9013
2019-11-23,38.2,25.6,30.7,0.1,0.1,6.97,27.2,25.77,77,28,Nganjuk,-7.6044,111.9013
2019-11-24,36.2,24.8,30.6,0.0,0.0,6.32,23.1,23.65,86,36,Nganjuk,-7.6044,111.9013
2019-11-25,36.7,26.1,30.4,0.2,0.2,5.85,18.8,22.34,84,36,Nganjuk,-7.6044,111.9013
2019-11-26,37.1,24.3,30.3,0.4,0.4,6.43,19.4,23.83,86,30,Nganjuk,-7.6044,111.9013
2019-11-27,35.5,25.1,29.5,2.8,2.8,5.06,15.8,20.92,87,39,Nganjuk,-7.6044,111.9013
2019-11-28,36.7,25.0,30.5,0.3,0.3,6.16,22.7,22.42,90,34,Nganjuk,-7.6044,111.9013
2019-11-29,35.7,25.8,30.5,1.6,1.6,6.03,20.9,21.79,76,43,Nganjuk,-7.6044,111.9013
2019-11-30,35.0,25.8,29.7,2.6,2.6,5.14,15.9,20.94,94,43,Nganjuk,-7.6044,111.9013
2019-12-01,36.7,24.9,30.0,0.1,0.1,6.51,21.2,25.27,97,35,Nganjuk,-7.6044,111.9013
2019-12-02,37.9,25.3,30.6,0.7,0.7,5.42,14.0,23.08,83,32,Nganjuk,-7.6044,111.9013
2019-12-03,36.7,25.0,29.0,21.9,21.9,5.19,13.2,22.8,95,37,Nganjuk,-7.6044,111.9013
2019-12-04,36.5,24.3,28.7,9.0,9.0,5.27,13.2,22.97,97,38,Nganjuk,-7.6044,111.9013
2019-12-05,35.4,24.5,28.3,5.1,5.1,4.66,15.0,20.44,97,42,Nganjuk,-7.6044,111.9013
2019-12-06,35.5,24.1,27.7,18.1,18.1,4.55,22.3,20.89,98,45,Nganjuk,-7.6044,111.9013
2019-12-07,34.0,24.3,27.9,4.4,4.4,4.82,11.3,22.32,94,51,Nganjuk,-7.6044,111.9013
2019-12-08,35.2,24.0,29.1,2.0,2.0,5.65,20.4,23.33,97,42,Nganjuk,-7.6044,111.9013
2019-12-09,35.1,24.2,28.9,0.9,0.9,4.97,21.6,21.37,96,48,Nganjuk,-7.6044,111.9013
2019-12-10,34.7,24.0,28.7,4.0,4.0,5.3,16.8,23.31,98,45,Nganjuk,-7.6044,111.9013
2019-12-11,33.8,24.8,28.7,18.9,18.9,5.61,21.7,24.36,94,48,Nganjuk,-7.6044,111.9013
2019-12-12,34.0,24.6,28.4,0.3,0.3,4.85,9.8,22.14,95,48,Nganjuk,-7.6044,111.9013
2019-12-13,32.3,24.0,27.4,0.7,0.7,4.09,12.1,18.66,97,52,Nganjuk,-7.6044,111.9013
2019-12-14,33.7,23.9,27.7,3.6,3.6,4.38,10.1,20.16,97,52,Nganjuk,-7.6044,111.9013
2019-12-15,31.5,24.0,27.0,2.0,2.0,3.58,10.2,16.38,98,58,Nganjuk,-7.6044,111.9013
2019-12-16,32.3,23.8,26.4,33.8,33.8,3.97,9.8,19.0,99,56,Nganjuk,-7.6044,111.9013
2019-12-17,32.0,23.5,26.4,3.3,3.3,3.63,16.8,16.91,98,56,Nganjuk,-7.6044,111.9013
2019-12-18,33.2,22.9,27.7,0.3,0.3,4.81,17.6,21.96,98,51,Nganjuk,-7.6044,111.9013
2019-12-19,34.0,24.6,28.2,1.0,1.0,4.64,7.9,21.49,94,49,Nganjuk,-7.6044,111.9013
2019-12-20,34.8,24.2,28.6,0.8,0.8,5.24,19.1,22.64,96,45,Nganjuk,-7.6044,111.9013
2019-12-21,34.8,25.2,28.8,2.4,2.4,5.04,15.4,22.66,96,51,Nganjuk,-7.6044,111.9013
2019-12-22,33.5,24.5,28.0,2.3,2.3,4.35,12.6,20.42,93,50,Nganjuk,-7.6044,111.9013
2019-12-23,31.8,24.4,27.6,4.6,4.6,3.82,11.9,17.71,91,52,Nganjuk,-7.6044,111.9013
2019-12-24,34.4,25.1,28.3,3.3,3.3,4.55,8.8,20.79,91,49,Nganjuk,-7.6044,111.9013
2019-12-25,31.9,25.1,27.2,23.3,23.3,3.29,12.1,14.71,97,60,Nganjuk,-7.6044,111.9013
2019-12-26,31.3,24.2,27.6,1.8,1.8,3.72,9.3,17.02,98,57,Nganjuk,-7.6044,111.9013
2019-12-27,31.0,24.6,26.8,12.5,12.5,3.18,12.3,14.87,96,60,Nganjuk,-7.6044,111.9013
2019-12-28,31.8,24.2,27.5,8.4,8.4,4.05,10.8,18.54,97,57,Nganjuk,-7.6044,111.9013
2019-12-29,34.3,25.4,27.9,36.1,36.1,4.72,11.2,21.74,96,51,Nganjuk,-7.6044,111.9013
2019-12-30,32.0,24.2,26.9,6.9,6.9,3.88,11.1,18.55,99,63,Nganjuk,-7.6044,111.9013
2019-12-31,31.5,24.3,26.7,6.9,6.9,3.24,8.8,15.35,97,58,Nganjuk,-7.6044,111.9013
2020-01-01,27.4,23.6,25.3,28.3,28.3,1.59,14.7,7.23,97,80,Nganjuk,-7.6044,111.9013
2020-01-02,31.6,24.1,26.8,9.2,9.2,4.21,15.8,19.74,96,58,Nganjuk,-7.6044,111.9013
2020-01-03,32.0,23.5,26.9,12.4,12.4,4.18,20.0,19.63,98,58,Nganjuk,-7.6044,111.9013
2020-01-04,30.8,23.9,26.5,3.6,3.6,2.8,20.9,12.58,96,66,Nganjuk,-7.6044,111.9013
2020-01-05,29.9,23.8,26.0,4.7,4.7,2.58,16.6,12.1,97,68,Nganjuk,-7.6044,111.9013
2020-01-06,28.4,23.6,25.7,9.2,9.2,2.67,12.6,13.04,100,80,Nganjuk,-7.6044,111.9013
2020-01-07,30.1,23.8,26.4,4.5,4.5,3.24,17.7,14.72,100,66,Nganjuk,-7.6044,111.9013
2020-01-08,28.5,23.2,25.8,5.5,5.5,2.47,10.4,11.65,99,77,Nganjuk,-7.6044,111.9013
2020-01-09,29.6,23.0,25.9,13.0,13.0,3.89,9.8,19.39,99,72,Nganjuk,-7.6044,111.9013
2020-01-10,29.8,23.9,26.0,12.9,12.9,3.47,8.2,16.88,98,64,Nganjuk,-7.6044,111.9013
2020-01-11,29.3,23.5,25.6,3.3,3.3,2.57,8.1,12.08,99,71,Nganjuk,-7.6044,111.9013
2020-01-12,31.5,23.1,26.4,3.2,3.2,3.21,14.7,14.07,98,56,Nganjuk,-7.6044,111.9013
2020-01-13,32.0,22.8,27.3,0.6,0.6,4.78,15.1,21.92,97,57,Nganjuk,-7.6044,111.9013
2020-01-14,31.7,23.7,27.2,4.8,4.8,4.36,14.0,20.71,96,65,Nganjuk,-7.6044,111.9013
2020-01-15,31.2,24.0,26.8,8.7,8.7,3.5,6.8,16.46,99,62,Nganjuk,-7.6044,111.9013
2020-01-16,31.1,23.9,26.8,4.4,4.4,4.46,10.1,21.6,97,69,Nganjuk,-7.6044,111.9013
2020-01-17,31.5,22.4,27.1,0.5,0.5,5.2,10.4,24.8,94,60,Nganjuk,-7.6044,111.9013
2020-01-18,31.6,22.7,27.5,0.8,0.8,5.15,11.8,24.09,94,56,Nganjuk,-7.6044,111.9013
2020-01-19,32.4,24.1,28.0,1.3,1.3,4.76,10.7,22.23,96,54,Nganjuk,-7.6044,111.9013
2020-01-20,32.3,24.9,27.8,12.2,12.2,4.3,8.7,20.18,98,56,Nganjuk,-7.6044,111.9013
2020-01-21,31.0,23.8,26.9,5.0,5.0,3.97,11.3,19.15,99,66,Nganjuk,-7.6044,111.9013
2020-01-22,31.8,24.4,27.2,1.6,1.6,4.23,13.6,20.35,98,62,Nganjuk,-7.6044,111.9013
2020-01-23,30.5,24.7,27.1,9.7,9.7,3.53,9.0,16.74,98,65,Nganjuk,-7.6044,111.9013
2020-01-24,31.4,24.7,27.3,5.4,5.4,4.25,11.8,20.64,97,64,Nganjuk,-7.6044,111.9013
2020-01-25,31.2,24.2,26.9,63.8,63.8,4.34,10.9,21.09,97,65,Nganjuk,-7.6044,111.9013
2020-01-26,31.9,24.5,27.2,65.7,65.7,4.37,12.1,20.7,97,60,Nganjuk,-7.6044,111.9013
2020-01-27,29.5,24.5,27.2,9.1,9.1,3.43,8.7,16.85,93,72,Nganjuk,-7.6044,111.9013
2020-01-28,32.2,25.2,27.8,2.1,2.1,4.68,10.0,22.47,96,60,Nganjuk,-7.6044,111.9013
2020-01-29,32.0,24.6,27.4,1.3,1.3,4.01,9.5,19.34,97,67,Nganjuk,-7.6044,111.9013
2020-01-30,30.5,24.5,26.3,10.4,10.4,2.73,13.7,13.19,97,69,Nganjuk,-7.6044,111.9013
2020-01-31,30.9,24.0,26.3,2.7,2.7,2.73,15.9,12.61,99,64,Nganjuk,-7.6044,111.9013
2020-02-01,30.0,23.8,26.2,12.7,12.7,2.65,10.4,12.12,97,69,Nganjuk,-7.6044,111.9013
2020-02-02,29.1,23.5,25.8,8.6,8.6,2.73,12.8,13.23,98,72,Nganjuk,-7.6044,111.9013
2020-02-03,29.9,24.0,25.9,14.6,14.6,3.52,9.2,17.35,97,71,Nganjuk,-7.6044,111.9013
2020-02-04,31.6,23.2,26.7,2.0,2.0,4.76,9.8,23.08,98,61,Nganjuk,-7.6044,111.9013
2020-02-05,31.4,23.6,26.6,0.5,0.5,4.54,10.3,22.26,97,64,Nganjuk,-7.6044,111.9013
2020-02-06,31.7,23.5,27.1,12.0,12.0,4.26,11.5,20.11,97,60,Nganjuk,-7.6044,111.9013
2020-02-07,30.1,24.2,26.3,14.1,14.1,3.0,20.5,14.27,99,71,Nganjuk,-7.6044,111.9013
2020-02-08,30.0,24.3,26.7,5.7,5.7,3.7,23.5,17.76,96,72,Nganjuk,-7.6044,111.9013
2020-02-09,27.8,23.9,25.7,7.1,7.1,1.94,11.1,8.99,99,81,Nganjuk,-7.6044,111.9013
2020-02-10,31.5,23.5,26.2,6.5,6.5,3.19,6.8,15.18,98,63,Nganjuk,-7.6044,111.9013
2020-02-11,29.4,23.8,26.1,7.3,7.3,3.28,8.5,16.07,100,74,Nganjuk,-7.6044,111.9013
2020-02-12,29.9,23.9,26.0,11.8,11.8,2.97,7.3,14.48,98,71,Nganjuk,-7.6044,111.9013
2020-02-13,30.8,24.6,26.9,13.0,13.0,3.88,9.6,18.99,95,67,Nganjuk,-7.6044,111.9013
2020-02-14,29.6,24.2,26.5,16.3,16.3,3.56,8.5,17.54,97,76,Nganjuk,-7.6044,111.9013
2020-02-15,30.1,24.0,26.2,10.1,10.1,2.95,8.3,14.15,98,68,Nganjuk,-7.6044,111.9013
2020-02-16,30.6,23.6,26.3,21.4,21.4,3.5,6.4,16.91,99,67,Nganjuk,-7.6044,111.9013
2020-02-17,29.6,23.3,25.6,12.4,12.4,2.81,6.8,13.59,99,78,Nganjuk,-7.6044,111.9013
2020-02-18,29.0,23.4,25.8,4.3,4.3,2.74,17.4,13.07,99,73,Nganjuk,-7.6044,111.9013
2020-02-19,30.0,24.2,25.8,12.0,12.0,2.91,18.6,13.96,97,67,Nganjuk,-7.6044,111.9013
2020-02-20,28.1,24.0,25.3,19.8,19.8,1.96,21.1,9.45,97,75,Nganjuk,-7.6044,111.9013
2020-02-21,30.7,23.2,26.2,16.2,16.2,3.55,15.5,17.29,98,68,Nganjuk,-7.6044,111.9013
2020-02-22,30.6,23.3,26.0,11.1,11.1,3.62,8.4,17.8,100,71,Nganjuk,-7.6044,111.9013
2020-02-23,30.8,23.9,26.4,21.3,21.3,3.64,10.8,17.75,99,69,Nganjuk,-7.6044,111.9013
2020-02-24,30.6,24.5,26.6,7.6,7.6,3.76,15.1,18.66,95,73,Nganjuk,-7.6044,111.9013
2020-02-25,29.8,24.3,26.3,10.9,10.9,2.91,15.6,14.19,98,74,Nganjuk,-7.6044,111.9013
2020-02-26,28.4,23.8,25.7,18.0,18.0,2.22,8.4,10.63,99,83,Nganjuk,-7.6044,111.9013
2020-02-27,30.5,24.8,26.9,3.1,3.1,3.02,15.2,14.25,96,74,Nganjuk,-7.6044,111.9013
2020-02-28,30.9,24.3,26.5,14.7,14.7,3.19,11.2,15.35,99,69,Nganjuk,-7.6044,111.9013
2020-02-29,29.6,24.4,26.5,13.0,13.0,2.92,13.1,14.08,97,75,Nganjuk,-7.6044,111.9013
2020-03-01,29.4,24.6,26.0,13.6,13.6,2.42,14.5,11.93,97,78,Nganjuk,-7.6044,111.9013
2020-03-02,30.6,24.6,26.8,6.5,6.5,3.62,18.3,18.03,98,71,Nganjuk,-7.6044,111.9013
2020-03-03,30.1,24.4,26.8,7.3,7.3,2.81,12.5,13.52,98,76,Nganjuk,-7.6044,111.9013
2020-03-04,28.2,24.3,26.0,23.9,23.9,2.63,9.7,13.34,98,85,Nganjuk,-7.6044,111.9013
2020-03-05,29.8,23.8,26.1,18.8,18.8,2.71,5.6,12.65,98,70,Nganjuk,-7.6044,111.9013
2020-03-06,31.0,23.1,26.4,7.2,7.2,3.9,10.0,18.95,98,65,Nganjuk,-7.6044,111.9013
2020-03-07,29.7,23.6,26.0,8.3,8.3,3.0,11.2,14.54,99,72,Nganjuk,-7.6044,111.9013
2020-03-08,30.9,23.8,26.6,0.8,0.8,3.72,11.8,17.79,98,63,Nganjuk,-7.6044,111.9013
2020-03-09,28.6,23.2,26.0,6.1,6.1,2.74,8.7,13.34,98,79,Nganjuk,-7.6044,111.9013
2020-03-10,31.4,23.1,26.2,13.7,13.7,3.92,15.6,18.81,98,66,Nganjuk,-7.6044,111.9013
2020-03-11,31.6,23.9,26.8,9.6,9.6,4.08,15.1,19.82,98,69,Nganjuk,-7.6044,111.9013
2020-03-12,31.3,22.9,26.8,6.8,6.8,4.09,14.0,19.98,99,69,Nganjuk,-7.6044,111.9013
2020-03-13,30.2,23.6,26.5,7.2,7.2,3.51,9.3,17.17,97,71,Nganjuk,-7.6044,111.9013
2020-03-14,31.0,23.9,27.0,2.1,2.1,4.14,4.7,20.13,99,68,Nganjuk,-7.6044,111.9013
2020-03-15,31.2,24.5,26.8,7.2,7.2,3.8,7.6,18.71,97,72,Nganjuk,-7.6044,111.9013
2020-03-16,31.5,23.2,27.0,2.1,2.1,4.75,14.7,23.12,98,61,Nganjuk,-7.6044,111.9013
2020-03-17,30.9,23.4,26.3,9.2,9.2,4.45,12.7,22.25,98,70,Nganjuk,-7.6044,111.9013
2020-03-18,30.6,23.5,26.3,13.4,13.4,3.76,13.9,18.57,97,70,Nganjuk,-7.6044,111.9013
2020-03-19,29.8,24.2,26.1,12.0,12.0,3.33,9.2,16.37,96,71,Nganjuk,-7.6044,111.9013
2020-03-20,30.6,23.8,26.4,12.1,12.1,4.04,7.2,19.8,97,68,Nganjuk,-7.6044,111.9013
2020-03-21,30.4,23.4,26.6,4.6,4.6,4.16,10.0,20.51,97,70,Nganjuk,-7.6044,111.9013
2020-03-22,30.1,24.2,26.9,8.0,8.0,3.72,10.0,18.36,98,74,Nganjuk,-7.6044,111.9013
2020-03-23,30.2,23.9,26.3,3.7,3.7,3.39,8.9,16.51,98,64,Nganjuk,-7.6044,111.9013
2020-03-24,30.6,23.9,26.1,13.9,13.9,3.74,5.6,18.42,98,68,Nganjuk,-7.6044,111.9013
2020-03-25,31.5,23.9,26.8,1.5,1.5,4.39,10.4,21.45,96,63,Nganjuk,-7.6044,111.9013
2020-03-26,31.6,24.0,27.4,2.3,2.3,4.84,12.3,23.65,99,64,Nganjuk,-7.6044,111.9013
2020-03-27,31.5,24.0,27.3,1.9,1.9,4.11,11.0,19.6,94,58,Nganjuk,-7.6044,111.9013
2020-03-28,29.5,24.8,26.7,7.2,7.2,2.82,10.8,13.8,97,75,Nganjuk,-7.6044,111.9013
2020-03-29,29.5,24.0,26.5,8.4,8.4,3.36,10.1,16.8,98,77,Nganjuk,-7.6044,111.9013
2020-03-30,30.8,23.4,26.7,5.5,5.5,3.8,11.3,18.72,99,66,Nganjuk,-7.6044,111.9013
2020-03-31,30.6,23.6,26.1,19.1,19.1,3.56,10.0,17.57,99,69,Nganjuk,-7.6044,111.9013
2020-04-01,30.0,23.9,26.5,6.5,6.5,3.24,6.2,15.92,95,75,Nganjuk,-7.6044,111.9013
2020-04-02,30.0,23.8,26.6,5.1,5.1,3.56,9.9,17.41,96,72,Nganjuk,-7.6044,111.9013
2020-04-03,30.9,24.9,26.6,7.9,7.9,3.77,8.4,18.45,98,67,Nganjuk,-7.6044,111.9013
2020-04-04,29.9,23.5,26.2,2.7,2.7,2.99,9.3,14.43,99,71,Nganjuk,-7.6044,111.9013
2020-04-05,29.6,24.4,26.4,3.5,3.5,3.3,11.7,16.42,100,77,Nganjuk,-7.6044,111.9013
2020-04-06,28.8,24.0,25.8,2.4,2.4,2.4,6.0,11.97,99,80,Nganjuk,-7.6044,111.9013
2020-04-07,30.0,23.0,26.3,7.3,7.3,3.52,6.3,17.17,99,65,Nganjuk,-7.6044,111.9013
2020-04-08,29.6,23.2,26.2,0.7,0.7,3.29,8.0,15.93,98,66,Nganjuk,-7.6044,111.9013
2020-04-09,32.2,22.5,27.0,0.4,0.4,4.9,16.5,23.7,98,59,Nganjuk,-7.6044,111.9013
2020-04-10,31.5,23.5,27.1,1.2,1.2,4.43,12.1,21.65,99,64,Nganjuk,-7.6044,111.9013
2020-04-11,31.5,23.1,26.9,0.3,0.3,4.46,9.9,21.65,97,61,Nganjuk,-7.6044,111.9013
2020-04-12,31.1,23.5,26.9,0.3,0.3,4.39,14.0,20.64,98,61,Nganjuk,-7.6044,111.9013
2020-04-13,30.8,24.2,27.0,6.9,6.9,4.38,8.8,21.39,95,67,Nganjuk,-7.6044,111.9013
2020-04-14,30.2,23.8,26.4,154.8,154.8,3.62,10.2,18.2,99,66,Nganjuk,-7.6044,111.9013
2020-04-15,30.5,24.4,27.1,1.0,1.0,4.01,10.9,19.77,96,69,Nganjuk,-7.6044,111.9013
2020-04-16,31.5,24.0,27.3,0.9,0.9,4.35,7.8,21.27,97,65,Nganjuk,-7.6044,111.9013
2020-04-17,30.1,24.4,26.2,13.4,13.4,2.86,13.9,14.23,96,75,Nganjuk,-7.6044,111.9013
2020-04-18,30.6,23.5,26.2,15.5,15.5,3.33,10.4,16.43,98,73,Nganjuk,-7.6044,111.9013
2020-04-19,29.0,24.1,26.4,9.1,9.1,2.9,9.8,14.37,98,81,Nganjuk,-7.6044,111.9013
2020-04-20,31.4,24.4,27.3,2.6,2.6,3.58,7.0,17.31,94,68,Nganjuk,-7.6044,111.9013
2020-04-21,30.4,24.1,26.8,3.0,3.0,3.74,11.2,18.32,96,73,Nganjuk,-7.6044,111.9013
2020-04-22,31.4,24.0,27.6,0.3,0.3,4.64,13.9,22.14,95,66,Nganjuk,-7.6044,111.9013
2020-04-23,31.7,24.4,27.7,1.6,1.6,4.38,7.8,21.3,98,67,Nganjuk,-7.6044,111.9013
2020-04-24,31.5,23.9,27.4,0.1,0.1,4.65,10.2,22.14,98,62,Nganjuk,-7.6044,111.9013
2020-04-25,31.8,23.7,27.1,10.5,10.5,4.29,12.9,20.46,96,57,Nganjuk,-7.6044,111.9013
2020-04-26,28.6,23.8,26.4,0.6,0.6,2.21,7.2,10.58,97,77,Nganjuk,-7.6044,111.9013
2020-04-27,31.0,24.9,27.5,0.9,0.9,4.32,14.0,20.53,87,61,Nganjuk,-7.6044,111.9013
2020-04-28,29.9,24.1,26.7,0.8,0.8,3.08,9.8,14.77,94,65,Nganjuk,-7.6044,111.9013
2020-04-29,31.0,24.3,27.0,1.7,1.7,4.04,10.1,19.56,91,64,Nganjuk,-7.6044,111.9013
2020-04-30,31.5,24.3,27.0,5.5,5.5,4.19,17.7,19.77,97,57,Nganjuk,-7.6044,111.9013
2020-05-01,31.0,24.3,27.6,0.6,0.6,4.56,14.5,21.12,95,60,Nganjuk,-7.6044,111.9013
2020-05-02,31.2,22.8,27.1,2.4,2.4,4.33,14.6,20.47,95,58,Nganjuk,-7.6044,111.9013
2020-05-03,29.6,23.8,26.8,0.5,0.5,3.06,6.1,14.82,96,65,Nganjuk,-7.6044,111.9013
2020-05-04,31.9,23.6,28.0,0.4,0.4,4.29,10.3,20.65,95,60,Nganjuk,-7.6044,111.9013
2020-05-05,31.4,25.0,27.9,1.0,1.0,4.24,11.0,20.26,91,64,Nganjuk,-7.6044,111.9013
2020-05-06,31.9,24.4,28.0,0.0,0.0,4.61,13.0,20.64,97,59,Nganjuk,-7.6044,111.9013
2020-05-07,32.2,23.7,28.0,0.0,0.0,4.77,13.6,21.8,91,57,Nganjuk,-7.6044,111.9013
2020-05-08,32.5,24.6,28.1,0.8,0.8,4.42,14.7,20.7,94,58,Nganjuk,-7.6044,111.9013
2020-05-09,31.3,25.1,27.3,9.5,9.5,3.48,13.7,16.8,95,67,Nganjuk,-7.6044,111.9013
2020-05-10,31.3,24.5,27.4,3.0,3.0,3.95,9.0,18.73,95,62,Nganjuk,-7.6044,111.9013
2020-05-11,31.0,23.9,27.1,4.3,4.3,3.63,9.1,17.69,98,67,Nganjuk,-7.6044,111.9013
2020-05-12,31.3,24.4,27.7,0.6,0.6,4.52,18.9,20.17,90,52,Nganjuk,-7.6044,111.9013
2020-05-13,31.6,24.6,27.8,0.0,0.0,4.74,15.6,21.3,90,55,Nganjuk,-7.6044,111.9013
2020-05-14,31.4,24.4,28.0,0.1,0.1,5.01,22.1,20.5,86,59,Nganjuk,-7.6044,111.9013
2020-05-15,31.9,23.1,27.9,0.3,0.3,4.84,18.8,20.95,92,54,Nganjuk,-7.6044,111.9013
2020-05-16,33.2,26.6,29.2,0.0,0.0,5.6,21.3,20.94,74,54,Nganjuk,-7.6044,111.9013
2020-05-17,32.4,24.6,28.7,0.6,0.6,4.79,18.0,19.68,85,58,Nganjuk,-7.6044,111.9013
2020-05-18,32.4,24.5,27.6,3.2,3.2,4.03,17.0,18.23,96,58,Nganjuk,-7.6044,111.9013
2020-05-19,32.0,24.5,27.2,2.2,2.2,3.66,17.2,16.42,98,59,Nganjuk,-7.6044,111.9013
2020-05-20,31.2,24.4,27.2,5.2,5.2,3.6,8.8,17.5,95,63,Nganjuk,-7.6044,111.9013
2020-05-21,29.9,24.4,27.1,2.6,2.6,2.71,14.1,12.84,98,75,Nganjuk,-7.6044,111.9013
2020-05-22,30.2,23.5,26.8,1.0,1.0,3.71,6.6,18.12,97,63,Nganjuk,-7.6044,111.9013
2020-05-23,31.5,24.0,27.6,0.9,0.9,4.27,11.4,19.88,99,63,Nganjuk,-7.6044,111.9013
2020-05-24,32.5,23.1,27.9,0.2,0.2,4.55,13.4,20.87,90,59,Nganjuk,-7.6044,111.9013
2020-05-25,31.5,24.8,27.9,1.9,1.9,3.89,8.7,18.75,91,58,Nganjuk,-7.6044,111.9013
2020-05-26,30.2,24.9,27.0,1.4,1.4,2.84,7.9,13.53,99,73,Nganjuk,-7.6044,111.9013
2020-05-27,29.4,24.0,26.2,0.9,0.9,2.88,14.3,14.04,100,73,Nganjuk,-7.6044,111.9013
2020-05-28,30.3,23.5,25.8,14.6,14.6,2.61,8.0,12.78,99,71,Nganjuk,-7.6044,111.9013
2020-05-29,30.0,24.0,26.4,4.5,4.5,3.16,12.1,15.09,98,68,Nganjuk,-7.6044,111.9013
2020-05-30,31.7,23.5,27.2,2.8,2.8,4.28,17.7,20.21,96,61,Nganjuk,-7.6044,111.9013
2020-05-31,29.9,24.4,26.4,3.9,3.9,3.04,12.5,14.91,94,71,Nganjuk,-7.6044,111.9013
2020-06-01,30.2,23.7,27.0,0.5,0.5,2.98,10.7,13.84,95,67,Nganjuk,-7.6044,111.9013
2020-06-02,28.9,23.5,26.7,0.1,0.1,2.45,9.8,10.97,97,69,Nganjuk,-7.6044,111.9013
2020-06-03,31.9,24.2,27.4,0.0,0.0,4.23,15.5,19.63,92,52,Nganjuk,-7.6044,111.9013
2020-06-04,31.5,22.8,27.1,0.3,0.3,4.93,23.8,19.95,92,52,Nganjuk,-7.6044,111.9013
2020-06-05,31.5,24.6,27.6,0.9,0.9,4.51,22.2,18.6,77,55,Nganjuk,-7.6044,111.9013
2020-06-06,31.2,22.6,27.1,1.0,1.0,4.67,23.1,18.27,93,56,Nganjuk,-7.6044,111.9013
2020-06-07,31.1,24.0,27.3,1.6,1.6,4.13,19.7,16.78,89,57,Nganjuk,-7.6044,111.9013
2020-06-08,31.6,23.3,27.7,0.3,0.3,4.59,18.2,17.94,88,52,Nganjuk,-7.6044,111.9013
2020-06-09,31.6,23.5,27.6,0.3,0.3,4.48,16.9,18.04,92,52,Nganjuk,-7.6044,111.9013
2020-06-10,32.3,22.6,27.5,0.0,0.0,4.86,15.4,20.21,84,40,Nganjuk,-7.6044,111.9013
2020-06-11,32.0,22.5,27.3,0.4,0.4,4.57,16.7,19.13,90,49,Nganjuk,-7.6044,111.9013
2020-06-12,33.1,23.0,27.5,0.0,0.0,5.13,18.8,21.0,89,40,Nganjuk,-7.6044,111.9013
2020-06-13,33.5,21.8,27.8,0.0,0.0,5.31,20.7,21.06,84,41,Nganjuk,-7.6044,111.9013
2020-06-14,31.5,24.6,27.2,10.6,10.6,3.1,10.9,13.69,91,60,Nganjuk,-7.6044,111.9013
2020-06-15,32.7,24.2,28.0,0.6,0.6,4.21,16.4,18.21,96,53,Nganjuk,-7.6044,111.9013
2020-06-16,33.0,23.9,28.0,0.1,0.1,4.62,17.2,19.18,98,47,Nganjuk,-7.6044,111.9013
2020-06-17,33.0,23.1,28.3,0.3,0.3,5.14,23.7,19.03,84,49,Nganjuk,-7.6044,111.9013
2020-06-18,33.0,24.6,28.5,0.3,0.3,5.0,21.9,18.71,77,50,Nganjuk,-7.6044,111.9013
2020-06-19,33.2,23.5,28.1,0.0,0.0,5.45,30.9,19.06,92,45,Nganjuk,-7.6044,111.9013
2020-06-20,33.7,24.6,28.7,0.0,0.0,5.75,24.0,19.35,74,42,Nganjuk,-7.6044,111.9013
2020-06-21,33.1,23.5,28.3,0.1,0.1,4.62,22.6,15.71,85,43,Nganjuk,-7.6044,111.9013
2020-06-22,33.2,25.0,28.5,0.0,0.0,5.09,24.9,18.46,80,45,Nganjuk,-7.6044,111.9013
2020-06-23,34.1,24.2,28.5,0.0,0.0,5.71,25.9,20.07,78,38,Nganjuk,-7.6044,111.9013
2020-06-24,32.8,25.8,28.5,0.0,0.0,6.06,26.7,18.87,74,46,Nganjuk,-7.6044,111.9013
2020-06-25,33.5,22.7,28.0,0.0,0.0,5.76,28.7,20.6,85,39,Nganjuk,-7.6044,111.9013
2020-06-26,33.2,21.6,27.4,0.0,0.0,5.28,20.9,19.97,82,41,Nganjuk,-7.6044,111.9013
2020-06-27,33.2,21.6,27.5,0.0,0.0,5.2,20.0,20.48,88,40,Nganjuk,-7.6044,111.9013
2020-06-28,33.8,21.8,27.7,0.0,0.0,5.34,22.3,20.28,85,39,Nganjuk,-7.6044,111.9013
2020-06-29,33.3,23.4,28.0,0.0,0.0,5.32,26.3,19.97,84,43,Nganjuk,-7.6044,111.9013
2020-06-30,33.5,24.0,28.0,0.0,0.0,5.55,23.5,20.2,81,40,Nganjuk,-7.6044,111.9013
2020-07-01,33.5,22.5,27.7,0.0,0.0,5.56,27.4,20.01,85,40,Nganjuk,-7.6044,111.9013
2020-07-02,33.5,23.6,28.1,0.3,0.3,5.24,24.8,19.56,83,45,Nganjuk,-7.6044,111.9013
2020-07-03,33.5,22.8,28.0,0.0,0.0,6.13,26.2,21.28,92,35,Nganjuk,-7.6044,111.9013
2020-07-04,33.8,22.5,27.6,0.0,0.0,5.12,17.7,20.8,80,30,Nganjuk,-7.6044,111.9013
2020-07-05,33.6,21.6,27.7,0.2,0.2,5.03,20.2,20.29,96,38,Nganjuk,-7.6044,111.9013
2020-07-06,32.0,24.1,27.3,2.0,2.0,4.07,24.2,13.65,84,47,Nganjuk,-7.6044,111.9013
2020-07-07,32.0,24.9,27.7,0.2,0.2,4.23,26.5,12.47,87,50,Nganjuk,-7.6044,111.9013
2020-07-08,33.2,23.1,28.0,0.0,0.0,5.99,29.3,19.87,75,40,Nganjuk,-7.6044,111.9013
2020-07-09,33.5,25.6,28.6,0.0,0.0,6.54,28.3,20.37,71,44,Nganjuk,-7.6044,111.9013
2020-07-10,33.5,24.9,28.4,0.0,0.0,6.2,28.7,20.48,71,43,Nganjuk,-7.6044,111.9013
2020-07-11,34.2,25.0,28.5,0.0,0.0,5.66,23.8,20.1,76,40,Nganjuk,-7.6044,111.9013
2020-07-12,32.8,23.1,28.1,0.0,0.0,5.3,25.1,18.82,84,47,Nganjuk,-7.6044,111.9013
2020-07-13,34.0,23.0,28.2,0.0,0.0,5.17,21.0,20.2,85,41,Nganjuk,-7.6044,111.9013
2020-07-14,33.3,23.9,28.4,1.2,1.2,5.19,20.4,19.83,81,43,Nganjuk,-7.6044,111.9013
2020-07-15,33.0,22.8,27.0,0.9,0.9,3.84,13.7,17.04,94,47,Nganjuk,-7.6044,111.9013
2020-07-16,34.0,24.1,28.3,0.0,0.0,4.83,17.1,19.36,93,44,Nganjuk,-7.6044,111.9013
2020-07-17,34.3,22.7,27.9,0.1,0.1,5.41,23.3,21.59,88,42,Nganjuk,-7.6044,111.9013
2020-07-18,34.2,23.3,28.1,0.0,0.0,5.96,23.4,21.33,84,37,Nganjuk,-7.6044,111.9013
2020-07-19,34.6,22.0,28.0,0.1,0.1,5.82,32.0,21.26,86,39,Nganjuk,-7.6044,111.9013
2020-07-20,34.0,25.5,28.9,0.0,0.0,5.69,24.2,19.03,77,42,Nganjuk,-7.6044,111.9013
2020-07-21,33.2,24.8,28.5,1.0,1.0,4.92,23.9,18.44,84,47,Nganjuk,-7.6044,111.9013
2020-07-22,33.7,24.3,28.5,0.8,0.8,5.04,21.4,19.16,81,44,Nganjuk,-7.6044,111.9013
2020-07-23,34.0,24.5,28.5,0.0,0.0,6.53,25.6,21.27,76,34,Nganjuk,-7.6044,111.9013
2020-07-24,33.5,22.9,27.7,0.0,0.0,6.41,30.1,21.15,74,36,Nganjuk,-7.6044,111.9013
2020-07-25,33.2,22.7,27.2,0.0,0.0,7.28,32.5,22.08,69,31,Nganjuk,-7.6044,111.9013
2020-07-26,33.5,23.0,27.5,0.0,0.0,6.77,25.0,22.51,72,31,Nganjuk,-7.6044,111.9013
2020-07-27,33.4,20.6,27.1,0.0,0.0,6.13,28.3,22.52,79,36,Nganjuk,-7.6044,111.9013
2020-07-28,33.2,24.0,27.5,0.0,0.0,6.78,34.2,22.09,75,38,Nganjuk,-7.6044,111.9013
2020-07-29,32.0,23.5,27.0,0.0,0.0,7.24,33.8,22.87,76,35,Nganjuk,-7.6044,111.9013
2020-07-30,33.0,20.0,26.6,0.0,0.0,6.4,23.8,23.09,65,28,Nganjuk,-7.6044,111.9013
2020-07-31,32.7,20.6,26.5,0.0,0.0,5.75,31.6,20.92,79,43,Nganjuk,-7.6044,111.9013
2020-08-01,33.5,23.5,27.8,0.0,0.0,6.1,25.1,21.11,73,38,Nganjuk,-7.6044,111.9013
2020-08-02,33.5,22.8,27.3,0.0,0.0,6.17,25.1,22.56,78,35,Nganjuk,-7.6044,111.9013
2020-08-03,33.8,22.5,27.6,0.0,0.0,5.6,22.1,22.01,72,37,Nganjuk,-7.6044,111.9013
2020-08-04,31.7,23.6,26.9,0.6,0.6,3.69,20.1,13.15,77,48,Nganjuk,-7.6044,111.9013
2020-08-05,34.2,24.4,28.3,0.0,0.0,5.65,25.8,20.72,79,41,Nganjuk,-7.6044,111.9013
2020-08-06,34.5,23.5,28.4,0.0,0.0,6.27,24.5,21.95,72,37,Nganjuk,-7.6044,111.9013
2020-08-07,33.0,23.2,27.5,0.0,0.0,5.05,26.8,19.41,78,43,Nganjuk,-7.6044,111.9013
2020-08-08,33.0,23.4,27.8,0.1,0.1,4.68,19.9,18.22,82,43,Nganjuk,-7.6044,111.9013
2020-08-09,34.7,23.5,28.3,0.0,0.0,5.18,19.0,20.93,82,37,Nganjuk,-7.6044,111.9013
2020-08-10,35.1,23.5,28.4,0.0,0.0,5.53,25.9,21.67,81,36,Nganjuk,-7.6044,111.9013
2020-08-11,34.7,23.8,28.0,3.5,3.5,4.6,21.1,19.57,83,42,Nganjuk,-7.6044,111.9013
2020-08-12,32.1,24.5,27.4,0.7,0.7,3.6,17.9,14.08,93,54,Nganjuk,-7.6044,111.9013
2020-08-13,32.5,23.9,28.0,0.1,0.1,4.76,27.3,17.64,85,48,Nganjuk,-7.6044,111.9013
2020-08-14,33.8,23.3,27.9,0.5,0.5,4.98,20.4,20.25,93,42,Nganjuk,-7.6044,111.9013
2020-08-15,34.7,23.4,28.7,0.5,0.5,5.12,18.0,21.24,94,41,Nganjuk,-7.6044,111.9013
2020-08-16,33.1,23.1,28.1,0.8,0.8,5.32,23.7,20.62,97,47,Nganjuk,-7.6044,111.9013
2020-08-17,34.1,23.2,28.4,0.2,0.2,5.9,23.5,21.86,83,37,Nganjuk,-7.6044,111.9013
2020-08-18,34.2,23.5,28.2,0.0,0.0,6.54,30.8,22.78,78,38,Nganjuk,-7.6044,111.9013
2020-08-19,33.8,24.0,28.0,0.0,0.0,6.34,28.7,21.33,78,37,Nganjuk,-7.6044,111.9013
2020-08-20,33.9,23.8,28.2,0.3,0.3,5.34,21.2,21.05,77,37,Nganjuk,-7.6044,111.9013
2020-08-21,36.5,22.1,28.4,0.0,0.0,6.34,19.1,23.89,87,24,Nganjuk,-7.6044,111.9013
2020-08-22,35.2,22.7,28.7,0.1,0.1,6.22,23.9,23.8,80,34,Nganjuk,-7.6044,111.9013
2020-08-23,36.6,23.1,29.0,0.0,0.0,6.35,27.6,23.45,84,34,Nganjuk,-7.6044,111.9013
2020-08-24,35.7,23.1,28.6,0.0,0.0,6.41,23.1,23.98,88,27,Nganjuk,-7.6044,111.9013
2020-08-25,35.1,22.0,28.4,0.1,0.1,6.91,28.7,24.02,78,34,Nganjuk,-7.6044,111.9013
2020-08-26,33.8,25.5,28.5,0.0,0.0,7.99,38.7,24.1,71,37,Nganjuk,-7.6044,111.9013
2020-08-27,35.0,21.2,28.0,0.0,0.0,7.07,24.7,25.01,76,31,Nganjuk,-7.6044,111.9013
2020-08-28,33.4,21.9,28.0,1.4,1.4,5.94,24.3,22.07,87,40,Nganjuk,-7.6044,111.9013
2020-08-29,34.8,25.6,29.2,0.0,0.0,7.41,29.5,22.8,72,38,Nganjuk,-7.6044,111.9013
2020-08-30,35.0,23.0,28.5,0.0,0.0,6.62,25.7,23.13,80,31,Nganjuk,-7.6044,111.9013
2020-08-31,34.9,22.7,28.5,0.0,0.0,6.93,23.4,24.61,73,33,Nganjuk,-7.6044,111.9013
2020-09-01,34.5,23.9,28.6,0.2,0.2,6.69,30.8,23.3,77,38,Nganjuk,-7.6044,111.9013
2020-09-02,33.8,24.5,28.8,0.1,0.1,6.27,26.4,21.28,79,43,Nganjuk,-7.6044,111.9013
2020-09-03,35.0,25.9,29.3,0.2,0.2,6.24,26.8,21.9,74,43,Nganjuk,-7.6044,111.9013
2020-09-04,35.5,24.3,29.5,0.4,0.4,6.55,24.9,23.82,92,40,Nganjuk,-7.6044,111.9013
2020-09-05,35.2,25.7,29.5,0.0,0.0,7.36,28.1,23.72,68,33,Nganjuk,-7.6044,111.9013
2020-09-06,34.9,25.0,29.0,0.0,0.0,7.05,26.0,23.54,70,36,Nganjuk,-7.6044,111.9013
2020-09-07,34.5,24.3,28.7,0.0,0.0,6.64,26.0,23.48,82,37,Nganjuk,-7.6044,111.9013
2020-09-08,35.2,22.8,28.7,0.0,0.0,6.62,24.0,24.26,83,33,Nganjuk,-7.6044,111.9013
2020-09-09,35.0,23.6,28.9,0.3,0.3,6.25,20.9,23.32,82,37,Nganjuk,-7.6044,111.9013
2020-09-10,34.7,24.7,28.8,0.0,0.0,6.86,30.4,24.06,80,37,Nganjuk,-7.6044,111.9013
2020-09-11,34.8,23.3,28.8,0.0,0.0,7.31,30.3,24.82,77,36,Nganjuk,-7.6044,111.9013
2020-09-12,35.3,25.3,29.0,0.0,0.0,7.8,32.2,24.96,70,32,Nganjuk,-7.6044,111.9013
2020-09-13,35.0,24.4,28.9,0.0,0.0,7.37,32.8,24.59,78,37,Nganjuk,-7.6044,111.9013
2020-09-14,35.2,23.2,28.8,0.0,0.0,7.31,26.8,24.59,76,32,Nganjuk,-7.6044,111.9013
2020-09-15,34.8,22.6,28.6,0.1,0.1,8.02,28.3,25.07,67,30,Nganjuk,-7.6044,111.9013
2020-09-16,34.2,22.6,28.1,0.1,0.1,7.42,31.3,25.56,69,31,Nganjuk,-7.6044,111.9013
2020-09-17,35.2,22.6,28.7,0.0,0.0,6.56,24.1,24.22,87,31,Nganjuk,-7.6044,111.9013
2020-09-18,37.5,23.0,29.3,0.0,0.0,6.53,21.7,25.35,90,22,Nganjuk,-7.6044,111.9013
2020-09-19,37.9,24.2,29.9,0.0,0.0,6.68,24.0,25.59,87,23,Nganjuk,-7.6044,111.9013
2020-09-20,37.6,24.7,30.1,0.0,0.0,6.92,24.5,25.66,88,22,Nganjuk,-7.6044,111.9013
2020-09-21,35.1,25.4,29.6,0.0,0.0,6.96,32.6,24.13,76,40,Nganjuk,-7.6044,111.9013
2020-09-22,33.3,25.2,28.8,0.4,0.4,5.77,28.5,21.21,81,48,Nganjuk,-7.6044,111.9013
2020-09-23,35.1,25.5,29.9,0.2,0.2,6.89,26.7,24.07,81,41,Nganjuk,-7.6044,111.9013
2020-09-24,35.5,24.2,29.9,0.0,0.0,7.32,24.3,24.7,80,35,Nganjuk,-7.6044,111.9013
2020-09-25,35.7,25.6,30.0,0.0,0.0,7.2,26.2,22.59,75,35,Nganjuk,-7.6044,111.9013
2020-09-26,36.5,24.2,29.5,0.0,0.0,6.89,29.6,23.97,78,35,Nganjuk,-7.6044,111.9013
2020-09-27,35.3,26.1,30.1,0.4,0.4,7.55,27.1,23.95,70,37,Nganjuk,-7.6044,111.9013
2020-09-28,34.3,25.9,29.5,0.1,0.1,7.67,32.8,23.74,72,40,Nganjuk,-7.6044,111.9013
2020-09-29,33.6,26.0,29.1,0.0,0.0,7.51,32.7,23.58,70,41,Nganjuk,-7.6044,111.9013
2020-09-30,34.8,25.3,29.5,0.7,0.7,6.85,23.9,23.79,71,38,Nganjuk,-7.6044,111.9013
2020-10-01,37.2,25.5,30.4,0.0,0.0,7.0,27.9,25.7,79,34,Nganjuk,-7.6044,111.9013
2020-10-02,36.5,25.2,30.4,0.0,0.0,6.89,29.5,24.54,77,33,Nganjuk,-7.6044,111.9013
2020-10-03,35.2,26.5,29.9,0.0,0.0,7.27,29.0,23.51,71,35,Nganjuk,-7.6044,111.9013
2020-10-04,33.2,26.0,28.7,0.0,0.0,7.33,36.0,24.42,75,43,Nganjuk,-7.6044,111.9013
2020-10-05,33.4,25.5,28.5,0.0,0.0,6.55,29.4,19.86,73,40,Nganjuk,-7.6044,111.9013
2020-10-06,33.2,25.5,28.5,0.0,0.0,7.37,35.5,23.93,73,44,Nganjuk,-7.6044,111.9013
2020-10-07,33.8,25.4,29.1,0.0,0.0,6.68,27.1,21.3,72,42,Nganjuk,-7.6044,111.9013
2020-10-08,33.6,25.5,28.7,0.0,0.0,6.84,28.6,23.04,74,43,Nganjuk,-7.6044,111.9013
2020-10-09,36.2,24.5,29.7,0.0,0.0,6.7,22.9,23.62,78,34,Nganjuk,-7.6044,111.9013
2020-10-10,32.8,25.2,28.1,4.1,4.1,4.59,29.0,17.21,90,51,Nganjuk,-7.6044,111.9013
2020-10-11,34.8,24.2,29.0,1.0,1.0,6.15,19.9,23.73,94,41,Nganjuk,-7.6044,111.9013
2020-10-12,34.8,26.5,29.7,0.3,0.3,6.43,23.0,21.44,74,42,Nganjuk,-7.6044,111.9013
2020-10-13,34.3,26.0,29.5,1.1,1.1,6.6,20.9,23.61,75,41,Nganjuk,-7.6044,111.9013
2020-10-14,35.8,23.5,29.5,0.0,0.0,7.07,28.8,24.58,86,37,Nganjuk,-7.6044,111.9013
2020-10-15,35.0,25.0,29.7,0.4,0.4,6.73,25.1,23.42,75,37,Nganjuk,-7.6044,111.9013
2020-10-16,34.0,25.3,29.2,0.1,0.1,5.56,25.2,17.97,79,43,Nganjuk,-7.6044,111.9013
2020-10-17,35.0,24.8,29.3,0.0,0.0,6.42,24.0,22.68,77,38,Nganjuk,-7.6044,111.9013
2020-10-18,32.3,23.7,28.1,0.5,0.5,4.42,21.7,14.59,80,43,Nganjuk,-7.6044,111.9013
2020-10-19,32.2,25.0,27.5,9.8,9.8,3.68,19.0,13.82,92,48,Nganjuk,-7.6044,111.9013
2020-10-20,32.5,24.2,27.1,10.5,10.5,4.1,13.0,18.73,92,52,Nganjuk,-7.6044,111.9013
2020-10-21,33.0,23.8,27.4,4.4,4.4,3.96,11.3,17.97,98,51,Nganjuk,-7.6044,111.9013
2020-10-22,33.8,24.4,28.2,1.9,1.9,4.64,15.9,21.01,96,45,Nganjuk,-7.6044,111.9013
2020-10-23,33.5,24.1,27.6,3.7,3.7,4.45,15.8,19.79,97,48,Nganjuk,-7.6044,111.9013
2020-10-24,33.5,24.1,28.5,1.7,1.7,5.14,17.3,21.53,92,46,Nganjuk,-7.6044,111.9013
2020-10-25,33.5,24.1,28.6,0.5,0.5,5.29,19.3,22.22,98,50,Nganjuk,-7.6044,111.9013
2020-10-26,33.0,24.6,28.1,4.7,4.7,4.52,17.1,19.52,96,51,Nganjuk,-7.6044,111.9013
2020-10-27,30.4,23.9,26.4,12.7,12.7,2.96,9.2,13.51,96,58,Nganjuk,-7.6044,111.9013
2020-10-28,34.0,23.8,28.5,0.0,0.0,6.06,25.3,24.88,91,43,Nganjuk,-7.6044,111.9013
2020-10-29,33.8,24.5,28.8,0.2,0.2,5.72,19.3,23.16,87,43,Nganjuk,-7.6044,111.9013
2020-10-30,33.3,24.1,27.8,10.2,10.2,4.07,14.3,18.49,94,51,Nganjuk,-7.6044,111.9013
2020-10-31,31.8,23.9,26.2,34.6,34.6,3.08,10.5,14.33,99,57,Nganjuk,-7.6044,111.9013
2020-11-01,30.1,23.5,25.9,30.5,30.5,3.03,8.6,14.49,98,67,Nganjuk,-7.6044,111.9013
2020-11-02,31.0,23.8,26.3,34.0,34.0,3.47,11.5,16.63,98,62,Nganjuk,-7.6044,111.9013
2020-11-03,31.2,23.5,26.2,20.8,20.8,3.82,11.6,18.78,99,65,Nganjuk,-7.6044,111.9013
2020-11-04,31.7,22.6,27.3,0.3,0.3,5.0,15.2,23.18,98,57,Nganjuk,-7.6044,111.9013
2020-11-05,31.7,24.1,27.5,0.8,0.8,4.84,9.4,23.18,97,60,Nganjuk,-7.6044,111.9013
2020-11-06,33.5,24.0,28.3,0.0,0.0,5.6,15.9,25.04,97,48,Nganjuk,-7.6044,111.9013
2020-11-07,33.0,24.0,28.4,0.0,0.0,5.91,20.1,25.47,90,50,Nganjuk,-7.6044,111.9013
2020-11-08,32.2,24.6,28.0,0.1,0.1,5.29,16.0,24.1,87,53,Nganjuk,-7.6044,111.9013
2020-11-09,33.4,23.9,28.5,0.0,0.0,6.1,20.7,25.03,89,50,Nganjuk,-7.6044,111.9013
2020-11-10,33.8,23.9,28.9,0.0,0.0,6.74,22.8,25.22,82,47,Nganjuk,-7.6044,111.9013
2020-11-11,32.9,25.0,28.9,0.0,0.0,6.0,30.1,23.62,78,51,Nganjuk,-7.6044,111.9013
2020-11-12,34.6,24.5,29.2,0.8,0.8,5.51,14.8,23.44,91,45,Nganjuk,-7.6044,111.9013
2020-11-13,34.0,24.4,29.0,1.2,1.2,5.49,20.4,23.9,91,48,Nganjuk,-7.6044,111.9013
2020-11-14,34.3,25.5,29.8,0.2,0.2,6.09,20.1,24.24,85,48,Nganjuk,-7.6044,111.9013
2020-11-15,33.2,24.5,28.8,0.6,0.6,4.91,17.7,19.99,88,48,Nganjuk,-7.6044,111.9013
2020-11-16,35.2,24.7,29.9,0.1,0.1,6.63,23.9,24.71,91,43,Nganjuk,-7.6044,111.9013
2020-11-17,35.4,27.0,30.3,0.2,0.2,7.59,27.0,24.96,73,39,Nganjuk,-7.6044,111.9013
2020-11-18,34.8,25.3,30.2,0.2,0.2,6.63,20.8,23.97,80,41,Nganjuk,-7.6044,111.9013
2020-11-19,35.8,25.2,28.7,11.8,11.8,4.96,18.5,20.65,98,41,Nganjuk,-7.6044,111.9013
2020-11-20,31.6,24.0,27.2,3.8,3.8,3.22,12.2,14.89,98,58,Nganjuk,-7.6044,111.9013
2020-11-21,33.7,24.1,27.9,3.0,3.0,4.32,14.2,19.51,98,48,Nganjuk,-7.6044,111.9013
2020-11-22,32.1,23.9,26.9,2.6,2.6,3.69,15.5,16.75,99,54,Nganjuk,-7.6044,111.9013
2020-11-23,31.8,23.7,26.6,4.0,4.0,3.21,12.1,14.92,99,59,Nganjuk,-7.6044,111.9013
2020-11-24,31.2,24.0,27.1,4.0,4.0,3.7,11.0,16.51,97,57,Nganjuk,-7.6044,111.9013
2020-11-25,31.5,23.9,27.3,0.7,0.7,3.29,9.4,14.46,92,54,Nganjuk,-7.6044,111.9013
2020-11-26,33.2,24.5,27.9,0.3,0.3,3.96,10.2,17.33,91,44,Nganjuk,-7.6044,111.9013
2020-11-27,29.0,24.4,26.5,4.3,4.3,2.61,10.1,11.77,89,61,Nganjuk,-7.6044,111.9013
2020-11-28,32.2,24.2,27.1,6.3,6.3,3.43,7.5,15.5,97,49,Nganjuk,-7.6044,111.9013
2020-11-29,30.0,24.1,25.8,20.3,20.3,2.52,8.9,11.7,98,66,Nganjuk,-7.6044,111.9013
2020-11-30,27.2,23.1,24.4,9.0,9.0,1.61,10.5,7.57,98,75,Nganjuk,-7.6044,111.9013
2020-12-01,32.2,22.5,27.2,0.1,0.1,4.99,13.7,23.02,95,49,Nganjuk,-7.6044,111.9013
2020-12-02,30.8,23.9,26.6,12.1,12.1,3.2,9.2,14.9,96,64,Nganjuk,-7.6044,111.9013
2020-12-03,30.0,23.5,26.3,4.4,4.4,3.18,17.4,14.86,96,69,Nganjuk,-7.6044,111.9013
2020-12-04,29.2,23.5,25.8,11.5,11.5,3.24,7.8,16.03,99,72,Nganjuk,-7.6044,111.9013
2020-12-05,30.0,23.7,25.8,34.4,34.4,3.07,14.5,14.28,98,67,Nganjuk,-7.6044,111.9013
2020-12-06,28.1,24.0,25.4,23.4,23.4,2.12,20.8,10.63,96,81,Nganjuk,-7.6044,111.9013
2020-12-07,26.2,23.8,24.7,41.1,41.1,1.32,17.9,6.25,96,88,Nganjuk,-7.6044,111.9013
2020-12-08,31.6,24.0,27.0,6.2,6.2,4.87,31.2,22.82,96,60,Nganjuk,-7.6044,111.9013
2020-12-09,29.0,24.5,26.4,4.7,4.7,3.26,22.0,14.8,93,72,Nganjuk,-7.6044,111.9013
2020-12-10,29.9,23.7,26.4,4.1,4.1,3.11,19.1,14.7,97,74,Nganjuk,-7.6044,111.9013
2020-12-11,29.9,24.1,26.0,17.2,17.2,3.01,19.7,15.0,96,75,Nganjuk,-7.6044,111.9013
2020-12-12,28.5,23.5,25.2,27.1,27.1,2.33,7.1,11.2,98,74,Nganjuk,-7.6044,111.9013
2020-12-13,29.1,23.3,25.5,24.0,24.0,2.93,23.9,13.85,99,69,Nganjuk,-7.6044,111.9013
2020-12-14,27.5,23.0,25.0,14.0,14.0,2.26,6.4,10.97,98,76,Nganjuk,-7.6044,111.9013
2020-12-15,27.6,22.8,24.8,14.6,14.6,2.07,7.5,10.23,98,80,Nganjuk,-7.6044,111.9013
2020-12-16,26.5,22.5,24.5,9.7,9.7,2.54,9.1,13.25,98,82,Nganjuk,-7.6044,111.9013
2020-12-17,28.4,23.0,25.0,12.0,12.0,2.75,9.6,13.65,99,81,Nganjuk,-7.6044,111.9013
2020-12-18,27.8,22.2,24.8,17.3,17.3,2.88,6.2,14.3,98,78,Nganjuk,-7.6044,111.9013
2020-12-19,28.0,22.4,24.9,0.9,0.9,3.02,13.2,15.39,97,77,Nganjuk,-7.6044,111.9013
2020-12-20,29.4,22.2,25.6,0.3,0.3,3.64,8.4,17.82,97,70,Nganjuk,-7.6044,111.9013
2020-12-21,30.1,21.4,25.9,0.6,0.6,4.38,10.0,21.64,96,68,Nganjuk,-7.6044,111.9013
2020-12-22,31.2,22.1,26.3,0.3,0.3,4.43,9.3,21.58,98,62,Nganjuk,-7.6044,111.9013
2020-12-23,31.1,23.3,26.7,0.7,0.7,4.81,9.5,23.45,94,61,Nganjuk,-7.6044,111.9013
2020-12-24,30.5,24.0,26.8,1.0,1.0,4.59,13.8,22.25,91,63,Nganjuk,-7.6044,111.9013
2020-12-25,30.8,24.0,26.5,2.8,2.8,3.86,11.2,18.6,94,62,Nganjuk,-7.6044,111.9013
2020-12-26,30.4,24.1,26.5,7.1,7.1,3.7,7.2,17.98,97,61,Nganjuk,-7.6044,111.9013
2020-12-27,29.6,23.5,26.0,14.1,14.1,3.45,9.6,16.91,98,73,Nganjuk,-7.6044,111.9013
2020-12-28,29.2,23.3,25.6,22.0,22.0,3.46,6.4,17.0,98,76,Nganjuk,-7.6044,111.9013
2020-12-29,29.5,23.5,25.4,21.9,21.9,2.76,5.6,13.27,99,76,Nganjuk,-7.6044,111.9013
2020-12-30,27.5,23.5,24.8,23.0,23.0,2.3,10.2,11.65,99,82,Nganjuk,-7.6044,111.9013
2020-12-31,28.7,22.5,25.3,5.9,5.9,2.51,9.5,12.17,99,77,Nganjuk,-7.6044,111.9013
2021-01-01,29.0,23.0,25.6,5.8,5.8,2.97,6.7,14.54,99,72,Nganjuk,-7.6044,111.9013
2021-01-02,29.2,23.6,25.8,2.1,2.1,2.86,11.0,13.67,96,71,Nganjuk,-7.6044,111.9013
2021-01-03,29.0,22.9,25.3,16.4,16.4,3.13,9.4,15.46,97,80,Nganjuk,-7.6044,111.9013
2021-01-04,28.4,22.9,25.2,8.0,8.0,2.57,6.9,12.57,99,78,Nganjuk,-7.6044,111.9013
2021-01-05,28.7,23.5,25.6,10.7,10.7,2.43,13.7,11.67,99,74,Nganjuk,-7.6044,111.9013
2021-01-06,29.4,24.0,25.9,16.0,16.0,2.63,10.9,12.65,98,73,Nganjuk,-7.6044,111.9013
2021-01-07,29.2,23.6,25.5,28.5,28.5,2.6,9.0,12.47,99,75,Nganjuk,-7.6044,111.9013
2021-01-08,29.4,24.0,26.2,11.8,11.8,2.77,10.0,13.39,98,73,Nganjuk,-7.6044,111.9013
2021-01-09,29.0,22.9,25.7,7.6,7.6,3.41,8.7,16.93,99,74,Nganjuk,-7.6044,111.9013
2021-01-10,27.6,23.4,25.2,11.0,11.0,1.66,9.1,7.79,98,81,Nganjuk,-7.6044,111.9013
2021-01-11,29.6,23.4,25.9,23.2,23.2,3.09,6.2,15.12,97,71,Nganjuk,-7.6044,111.9013
2021-01-12,29.2,23.6,26.1,2.5,2.5,3.14,9.4,15.29,99,76,Nganjuk,-7.6044,111.9013
2021-01-13,29.0,23.6,25.7,10.4,10.4,2.75,10.6,13.68,99,75,Nganjuk,-7.6044,111.9013
2021-01-14,28.9,23.5,25.6,4.1,4.1,3.29,10.3,16.48,99,72,Nganjuk,-7.6044,111.9013
2021-01-15,27.9,22.1,24.8,5.0,5.0,2.96,10.3,14.83,97,76,Nganjuk,-7.6044,111.9013
2021-01-16,25.6,22.3,24.0,12.9,12.9,1.22,9.2,5.88,98,91,Nganjuk,-7.6044,111.9013
2021-01-17,29.3,22.6,25.3,26.6,26.6,3.31,13.0,16.2,97,75,Nganjuk,-7.6044,111.9013
2021-01-18,28.2,23.6,25.1,24.0,24.0,2.37,19.8,12.02,96,75,Nganjuk,-7.6044,111.9013
2021-01-19,28.3,23.5,25.0,17.3,17.3,2.57,24.1,12.69,95,74,Nganjuk,-7.6044,111.9013
2021-01-20,29.5,23.3,25.8,5.7,5.7,3.02,14.2,14.37,96,69,Nganjuk,-7.6044,111.9013
2021-01-21,29.3,23.8,26.0,16.2,16.2,3.37,10.5,16.52,96,76,Nganjuk,-7.6044,111.9013
2021-01-22,28.8,23.1,25.6,17.5,17.5,3.13,7.5,15.7,99,77,Nganjuk,-7.6044,111.9013
2021-01-23,29.5,23.7,25.9,9.9,9.9,2.95,9.4,14.31,98,69,Nganjuk,-7.6044,111.9013
2021-01-24,28.3,23.5,25.4,24.0,24.0,2.59,10.0,12.59,96,78,Nganjuk,-7.6044,111.9013
2021-01-25,28.0,23.0,24.8,16.2,16.2,2.25,6.7,10.96,97,77,Nganjuk,-7.6044,111.9013
2021-01-26,28.6,21.5,24.7,20.8,20.8,3.48,8.7,17.57,98,77,Nganjuk,-7.6044,111.9013
2021-01-27,27.1,22.9,24.8,11.4,11.4,1.71,10.2,8.45,99,86,Nganjuk,-7.6044,111.9013
2021-01-28,29.0,22.9,25.3,7.2,7.2,3.04,21.1,14.9,100,74,Nganjuk,-7.6044,111.9013
2021-01-29,27.5,23.6,24.9,29.0,29.0,2.19,26.0,10.04,95,76,Nganjuk,-7.6044,111.9013
2021-01-30,26.6,23.3,24.7,5.2,5.2,2.01,24.9,9.83,98,84,Nganjuk,-7.6044,111.9013
2021-01-31,29.6,22.0,25.0,7.7,7.7,2.75,20.6,13.84,98,74,Nganjuk,-7.6044,111.9013
2021-02-01,30.5,23.1,26.0,11.6,11.6,3.81,17.9,17.89,96,68,Nganjuk,-7.6044,111.9013
2021-02-02,29.4,23.9,25.6,14.0,14.0,2.82,25.6,14.68,97,77,Nganjuk,-7.6044,111.9013
2021-02-03,29.1,23.7,25.5,18.8,18.8,2.81,24.4,13.65,97,72,Nganjuk,-7.6044,111.9013
2021-02-04,29.0,23.8,25.5,4.9,4.9,3.04,27.2,15.01,95,73,Nganjuk,-7.6044,111.9013
2021-02-05,28.4,23.8,25.3,13.0,13.0,2.53,22.9,12.26,95,77,Nganjuk,-7.6044,111.9013
2021-02-06,27.6,24.0,25.4,14.1,14.1,2.56,25.5,12.78,92,80,Nganjuk,-7.6044,111.9013
2021-02-07,28.8,23.6,25.8,5.1,5.1,3.17,25.6,16.16,95,75,Nganjuk,-7.6044,111.9013
2021-02-08,27.0,24.2,25.4,4.1,4.1,1.87,20.8,8.41,95,82,Nganjuk,-7.6044,111.9013
2021-02-09,28.3,23.8,25.4,6.6,6.6,2.54,24.6,13.4,96,80,Nganjuk,-7.6044,111.9013
2021-02-10,27.0,23.0,24.7,29.7,29.7,1.48,5.5,6.92,99,86,Nganjuk,-7.6044,111.9013
2021-02-11,28.5,23.5,25.7,6.5,6.5,3.01,9.8,15.05,98,81,Nganjuk,-7.6044,111.9013
2021-02-12,29.5,23.7,25.8,7.0,7.0,2.99,10.5,14.68,99,73,Nganjuk,-7.6044,111.9013
2021-02-13,29.1,23.4,25.3,18.2,18.2,2.98,14.3,14.77,98,76,Nganjuk,-7.6044,111.9013
2021-02-14,28.2,23.6,25.4,15.3,15.3,2.72,12.3,13.52,98,79,Nganjuk,-7.6044,111.9013
2021-02-15,28.9,23.1,25.8,11.0,11.0,3.44,20.6,17.87,97,75,Nganjuk,-7.6044,111.9013
2021-02-16,29.5,23.5,25.9,13.9,13.9,3.42,18.0,17.4,96,74,Nganjuk,-7.6044,111.9013
2021-02-17,28.8,23.2,25.2,46.3,46.3,2.53,11.6,12.47,99,79,Nganjuk,-7.6044,111.9013
2021-02-18,30.5,21.8,25.5,7.8,7.8,4.01,17.1,19.49,96,65,Nganjuk,-7.6044,111.9013
2021-02-19,27.0,23.4,24.8,24.8,24.8,2.33,22.2,11.71,96,81,Nganjuk,-7.6044,111.9013
2021-02-20,28.8,23.1,25.2,10.4,10.4,3.08,22.5,15.65,95,76,Nganjuk,-7.6044,111.9013
2021-02-21,30.0,22.0,25.6,7.7,7.7,3.8,15.7,19.23,96,69,Nganjuk,-7.6044,111.9013
2021-02-22,28.4,22.7,25.3,5.4,5.4,2.9,11.2,14.49,100,78,Nganjuk,-7.6044,111.9013
2021-02-23,29.8,22.4,25.8,7.1,7.1,3.58,15.0,17.44,99,67,Nganjuk,-7.6044,111.9013
2021-02-24,29.1,23.8,25.4,43.8,43.8,2.7,23.5,12.77,96,72,Nganjuk,-7.6044,111.9013
2021-02-25,28.0,23.4,25.1,15.7,15.7,2.93,20.9,15.38,96,79,Nganjuk,-7.6044,111.9013
2021-02-26,28.9,24.0,25.6,15.8,15.8,2.97,21.6,15.46,98,80,Nganjuk,-7.6044,111.9013
2021-02-27,29.0,23.6,25.4,26.1,26.1,2.93,5.9,14.5,97,78,Nganjuk,-7.6044,111.9013
2021-02-28,27.9,23.3,25.3,3.1,3.1,2.15,6.9,10.05,96,74,Nganjuk,-7.6044,111.9013
2021-03-01,29.1,23.6,26.1,9.0,9.0,3.52,8.9,17.08,95,64,Nganjuk,-7.6044,111.9013
2021-03-02,30.1,23.3,25.7,20.7,20.7,3.61,18.8,18.37,99,75,Nganjuk,-7.6044,111.9013
2021-03-03,30.4,23.3,26.0,4.0,4.0,3.7,18.4,18.44,98,69,Nganjuk,-7.6044,111.9013
2021-03-04,29.8,23.0,25.8,15.9,15.9,3.23,9.4,15.89,96,70,Nganjuk,-7.6044,111.9013
2021-03-05,28.4,23.6,25.9,5.1,5.1,3.43,8.3,16.79,95,71,Nganjuk,-7.6044,111.9013
2021-03-06,29.3,23.2,25.6,13.5,13.5,2.87,11.0,14.14,97,71,Nganjuk,-7.6044,111.9013
2021-03-07,29.0,23.0,25.2,8.3,8.3,2.66,15.3,12.91,97,70,Nganjuk,-7.6044,111.9013
2021-03-08,29.4,22.5,25.7,8.3,8.3,3.21,14.8,15.62,98,69,Nganjuk,-7.6044,111.9013
2021-03-09,29.0,23.5,25.8,5.3,5.3,2.95,14.2,14.38,97,70,Nganjuk,-7.6044,111.9013
2021-03-10,29.3,23.9,25.7,10.7,10.7,2.96,17.1,14.63,92,76,Nganjuk,-7.6044,111.9013
2021-03-11,29.4,23.1,25.5,16.7,16.7,2.98,11.6,14.4,97,71,Nganjuk,-7.6044,111.9013
2021-03-12,29.5,23.4,25.7,8.1,8.1,3.39,7.1,16.72,98,68,Nganjuk,-7.6044,111.9013
2021-03-13,29.5,23.4,25.6,5.3,5.3,3.46,8.8,17.14,98,73,Nganjuk,-7.6044,111.9013
2021-03-14,30.2,22.8,25.5,10.0,10.0,3.42,9.7,16.79,100,68,Nganjuk,-7.6044,111.9013
2021-03-15,29.6,22.8,25.9,3.8,3.8,3.54,8.5,17.47,99,69,Nganjuk,-7.6044,111.9013
2021-03-16,30.1,23.4,26.1,3.4,3.4,3.9,9.4,19.28,96,66,Nganjuk,-7.6044,111.9013
2021-03-17,30.9,22.8,26.5,0.8,0.8,4.64,12.6,23.07,96,65,Nganjuk,-7.6044,111.9013
2021-03-18,31.0,23.5,26.4,19.2,19.2,4.02,8.8,19.62,96,66,Nganjuk,-7.6044,111.9013
2021-03-19,31.2,22.9,26.4,1.8,1.8,4.31,13.4,21.28,98,64,Nganjuk,-7.6044,111.9013
2021-03-20,29.5,22.7,25.7,2.7,2.7,3.28,11.5,16.28,99,73,Nganjuk,-7.6044,111.9013
2021-03-21,30.6,22.9,26.3,5.0,5.0,3.99,14.1,19.69,97,68,Nganjuk,-7.6044,111.9013
2021-03-22,29.6,23.3,26.2,10.9,10.9,3.19,6.7,15.49,94,73,Nganjuk,-7.6044,111.9013
2021-03-23,30.0,23.3,26.1,7.6,7.6,3.44,7.3,16.79,97,71,Nganjuk,-7.6044,111.9013
2021-03-24,30.9,23.2,26.7,5.8,5.8,4.34,10.5,21.22,95,67,Nganjuk,-7.6044,111.9013
2021-03-25,31.1,24.3,26.6,6.6,6.6,3.97,8.4,19.32,97,66,Nganjuk,-7.6044,111.9013
2021-03-26,30.7,23.5,26.6,4.5,4.5,3.84,10.8,18.77,98,68,Nganjuk,-7.6044,111.9013
2021-03-27,29.6,23.6,26.0,27.2,27.2,3.45,6.6,17.0,98,79,Nganjuk,-7.6044,111.9013
2021-03-28,31.1,23.1,26.7,0.7,0.7,4.48,9.9,21.68,98,64,Nganjuk,-7.6044,111.9013
2021-03-29,30.9,23.0,26.4,6.1,6.1,3.94,14.4,19.28,96,65,Nganjuk,-7.6044,111.9013
2021-03-30,28.1,24.1,26.0,1.6,1.6,2.68,7.9,13.15,98,78,Nganjuk,-7.6044,111.9013
2021-03-31,31.0,23.2,26.7,0.0,0.0,3.96,8.9,19.11,99,65,Nganjuk,-7.6044,111.9013
2021-04-01,30.0,23.9,26.0,13.5,13.5,3.35,15.3,16.37,97,70,Nganjuk,-7.6044,111.9013
2021-04-02,29.2,23.6,26.4,20.4,20.4,2.34,9.6,10.99,97,70,Nganjuk,-7.6044,111.9013
2021-04-03,31.6,23.8,27.4,0.1,0.1,4.65,20.2,22.39,96,62,Nganjuk,-7.6044,111.9013
2021-04-04,29.9,24.0,26.6,17.2,17.2,3.32,6.9,16.13,97,75,Nganjuk,-7.6044,111.9013
2021-04-05,30.4,23.6,26.7,19.5,19.5,3.51,9.4,16.74,99,72,Nganjuk,-7.6044,111.9013
2021-04-06,30.0,24.6,26.3,18.6,18.6,2.6,18.8,12.69,97,71,Nganjuk,-7.6044,111.9013
2021-04-07,29.4,24.0,25.8,15.0,15.0,2.34,18.4,11.38,97,76,Nganjuk,-7.6044,111.9013
2021-04-08,30.5,23.5,26.4,9.0,9.0,3.43,18.7,16.66,95,68,Nganjuk,-7.6044,111.9013
2021-04-09,31.0,24.4,27.0,9.0,9.0,4.02,21.1,20.04,94,70,Nganjuk,-7.6044,111.9013
2021-04-10,30.2,24.1,26.4,7.4,7.4,3.21,7.8,15.83,96,70,Nganjuk,-7.6044,111.9013
2021-04-11,31.0,23.1,26.8,2.3,2.3,4.21,10.0,20.53,98,65,Nganjuk,-7.6044,111.9013
2021-04-12,29.2,23.8,26.7,2.1,2.1,3.94,7.1,19.64,94,70,Nganjuk,-7.6044,111.9013
2021-04-13,30.1,23.1,26.4,2.0,2.0,4.02,7.7,19.99,91,67,Nganjuk,-7.6044,111.9013
2021-04-14,30.6,23.2,26.4,3.0,3.0,4.0,9.2,19.91,96,65,Nganjuk,-7.6044,111.9013
2021-04-15,31.2,23.5,26.4,3.3,3.3,4.44,10.0,21.96,97,61,Nganjuk,-7.6044,111.9013
2021-04-16,31.8,22.8,27.2,0.5,0.5,4.82,13.8,21.98,98,56,Nganjuk,-7.6044,111.9013
2021-04-17,31.0,22.5,27.0,0.4,0.4,4.56,18.6,20.88,87,60,Nganjuk,-7.6044,111.9013
2021-04-18,30.7,23.0,26.3,0.1,0.1,3.92,9.4,19.05,92,58,Nganjuk,-7.6044,111.9013
2021-04-19,31.8,23.0,27.3,0.4,0.4,5.32,19.9,23.28,91,55,Nganjuk,-7.6044,111.9013
2021-04-20,32.0,21.2,26.8,0.3,0.3,5.85,17.3,24.6,91,41,Nganjuk,-7.6044,111.9013
2021-04-21,31.4,20.5,26.8,0.0,0.0,5.93,21.1,23.49,75,51,Nganjuk,-7.6044,111.9013
2021-04-22,31.2,21.3,27.2,0.0,0.0,5.71,18.4,23.43,84,49,Nganjuk,-7.6044,111.9013
2021-04-23,31.1,21.4,26.4,0.6,0.6,4.59,14.8,21.34,86,52,Nganjuk,-7.6044,111.9013
2021-04-24,31.8,21.8,26.9,0.0,0.0,5.01,15.3,22.7,89,52,Nganjuk,-7.6044,111.9013
2021-04-25,31.8,24.1,27.1,5.5,5.5,4.32,11.6,20.74,90,53,Nganjuk,-7.6044,111.9013
2021-04-26,32.0,23.9,27.7,0.0,0.0,5.24,16.9,23.86,88,52,Nganjuk,-7.6044,111.9013
2021-04-27,32.0,23.7,27.7,0.0,0.0,5.36,20.1,22.23,86,54,Nganjuk,-7.6044,111.9013
2021-04-28,30.5,24.2,27.4,1.3,1.3,4.31,16.3,19.1,88,59,Nganjuk,-7.6044,111.9013
2021-04-29,30.8,23.4,26.5,2.4,2.4,3.54,10.1,17.06,95,62,Nganjuk,-7.6044,111.9013
2021-04-30,31.2,24.1,27.0,0.6,0.6,3.94,13.3,18.82,95,57,Nganjuk,-7.6044,111.9013
2021-05-01,31.9,23.9,27.2,3.2,3.2,4.38,14.8,21.15,92,62,Nganjuk,-7.6044,111.9013
2021-05-02,32.0,24.2,27.3,1.8,1.8,4.32,12.8,20.97,96,63,Nganjuk,-7.6044,111.9013
2021-05-03,32.2,24.6,27.9,0.5,0.5,4.45,10.1,20.91,92,53,Nganjuk,-7.6044,111.9013
2021-05-04,32.0,23.8,27.5,2.0,2.0,4.2,15.8,19.58,94,60,Nganjuk,-7.6044,111.9013
2021-05-05,32.6,23.8,27.8,0.3,0.3,4.58,14.4,21.1,96,53,Nganjuk,-7.6044,111.9013
2021-05-06,32.3,23.8,28.1,0.2,0.2,4.28,13.4,18.97,95,54,Nganjuk,-7.6044,111.9013
2021-05-07,32.0,24.2,27.4,1.4,1.4,3.88,14.3,17.84,95,57,Nganjuk,-7.6044,111.9013
2021-05-08,32.3,24.1,27.4,0.3,0.3,5.08,16.8,21.71,97,49,Nganjuk,-7.6044,111.9013
2021-05-09,32.2,20.8,26.9,0.0,0.0,5.33,16.0,22.94,87,45,Nganjuk,-7.6044,111.9013
2021-05-10,32.8,24.1,28.1,0.0,0.0,5.17,20.8,21.86,87,49,Nganjuk,-7.6044,111.9013
2021-05-11,33.2,24.5,28.4,0.0,0.0,5.3,20.0,21.88,84,51,Nganjuk,-7.6044,111.9013
2021-05-12,33.2,25.2,28.9,0.0,0.0,5.67,22.1,21.87,80,47,Nganjuk,-7.6044,111.9013
2021-05-13,33.2,23.2,28.4,0.0,0.0,5.09,13.8,21.61,86,47,Nganjuk,-7.6044,111.9013
2021-05-14,33.5,23.6,28.7,0.5,0.5,4.95,16.5,20.06,85,46,Nganjuk,-7.6044,111.9013
2021-05-15,33.5,23.0,28.6,0.1,0.1,5.1,16.0,20.15,93,45,Nganjuk,-7.6044,111.9013
2021-05-16,34.1,24.0,28.7,0.0,0.0,5.25,19.3,20.01,88,42,Nganjuk,-7.6044,111.9013
2021-05-17,32.7,23.0,28.1,0.3,0.3,4.68,17.1,19.13,86,49,Nganjuk,-7.6044,111.9013
2021-05-18,33.4,24.7,28.7,0.2,0.2,4.5,12.8,19.27,85,47,Nganjuk,-7.6044,111.9013
2021-05-19,32.5,25.4,28.1,0.4,0.4,3.87,10.5,16.82,83,48,Nganjuk,-7.6044,111.9013
2021-05-20,32.9,24.3,28.2,0.2,0.2,4.34,15.0,18.0,96,48,Nganjuk,-7.6044,111.9013
2021-05-21,33.4,24.5,28.7,0.2,0.2,4.62,15.9,18.74,82,48,Nganjuk,-7.6044,111.9013
2021-05-22,33.5,24.9,28.6,0.5,0.5,4.78,15.5,19.95,82,46,Nganjuk,-7.6044,111.9013
2021-05-23,32.2,24.5,27.4,8.3,8.3,3.38,6.9,15.77,92,53,Nganjuk,-7.6044,111.9013
2021-05-24,32.0,24.0,27.6,0.4,0.4,3.97,15.9,17.41,96,57,Nganjuk,-7.6044,111.9013
2021-05-25,31.1,24.7,27.4,4.6,4.6,3.28,10.9,14.79,96,59,Nganjuk,-7.6044,111.9013
2021-05-26,33.3,24.4,28.2,0.1,0.1,4.55,12.9,20.33,90,46,Nganjuk,-7.6044,111.9013
2021-05-27,34.0,24.4,28.7,0.0,0.0,4.91,14.0,21.22,86,45,Nganjuk,-7.6044,111.9013
2021-05-28,33.0,24.6,27.8,1.9,1.9,4.09,16.2,18.63,89,54,Nganjuk,-7.6044,111.9013
2021-05-29,33.2,24.4,27.5,0.8,0.8,3.75,10.9,17.02,98,47,Nganjuk,-7.6044,111.9013
2021-05-30,32.0,24.0,27.5,0.7,0.7,3.67,8.3,16.87,99,55,Nganjuk,-7.6044,111.9013
2021-05-31,31.9,24.4,27.5,2.4,2.4,3.64,14.0,16.44,97,54,Nganjuk,-7.6044,111.9013
2021-06-01,33.0,24.4,28.0,0.0,0.0,4.32,15.1,18.69,97,49,Nganjuk,-7.6044,111.9013
2021-06-02,32.8,23.6,28.3,0.3,0.3,4.13,10.0,18.46,94,51,Nganjuk,-7.6044,111.9013
2021-06-03,34.2,23.6,28.4,0.0,0.0,4.98,13.4,21.51,98,44,Nganjuk,-7.6044,111.9013
2021-06-04,34.0,23.7,28.5,0.3,0.3,4.76,13.7,19.99,91,46,Nganjuk,-7.6044,111.9013
2021-06-05,33.8,24.3,28.8,0.0,0.0,4.53,13.8,19.76,88,45,Nganjuk,-7.6044,111.9013
2021-06-06,33.6,24.1,28.7,0.1,0.1,4.36,14.3,18.72,96,46,Nganjuk,-7.6044,111.9013
2021-06-07,34.3,23.8,28.8,0.0,0.0,5.08,16.3,20.17,86,42,Nganjuk,-7.6044,111.9013
2021-06-08,33.6,22.6,28.5,0.0,0.0,5.06,17.6,20.58,86,43,Nganjuk,-7.6044,111.9013
2021-06-09,33.8,24.5,28.7,1.2,1.2,4.42,13.0,18.54,91,46,Nganjuk,-7.6044,111.9013
2021-06-10,33.5,24.0,28.5,0.6,0.6,4.48,18.1,17.77,95,44,Nganjuk,-7.6044,111.9013
2021-06-11,33.8,24.9,28.3,1.5,1.5,4.26,18.4,18.19,92,50,Nganjuk,-7.6044,111.9013
2021-06-12,33.0,23.9,27.3,0.9,0.9,3.93,18.9,17.59,98,47,Nganjuk,-7.6044,111.9013
2021-06-13,32.5,23.3,27.9,0.2,0.2,4.43,15.1,19.0,95,50,Nganjuk,-7.6044,111.9013
2021-06-14,32.7,23.9,26.8,4.7,4.7,3.5,10.3,16.43,95,50,Nganjuk,-7.6044,111.9013
2021-06-15,32.9,23.4,26.5,7.6,7.6,3.56,10.5,16.93,99,53,Nganjuk,-7.6044,111.9013
2021-06-16,32.0,23.5,26.6,7.9,7.9,3.46,10.9,16.45,94,58,Nganjuk,-7.6044,111.9013
2021-06-17,29.8,22.9,25.8,4.8,4.8,2.59,10.4,12.52,96,62,Nganjuk,-7.6044,111.9013
2021-06-18,31.2,23.6,26.6,0.2,0.2,3.47,11.9,15.99,98,54,Nganjuk,-7.6044,111.9013
2021-06-19,30.1,23.5,25.8,3.2,3.2,2.9,8.7,14.13,98,67,Nganjuk,-7.6044,111.9013
2021-06-20,31.2,22.0,26.0,3.8,3.8,3.43,13.2,16.72,99,56,Nganjuk,-7.6044,111.9013
2021-06-21,30.1,23.0,25.6,9.1,9.1,2.86,7.9,14.15,98,65,Nganjuk,-7.6044,111.9013
2021-06-22,32.2,22.8,26.9,0.6,0.6,4.33,21.4,19.15,96,52,Nganjuk,-7.6044,111.9013
2021-06-23,31.1,22.7,26.1,1.6,1.6,3.07,14.2,14.57,94,56,Nganjuk,-7.6044,111.9013
2021-06-24,29.9,23.3,25.8,8.6,8.6,2.85,13.8,13.74,99,65,Nganjuk,-7.6044,111.9013
2021-06-25,31.0,22.1,26.1,1.8,1.8,3.53,15.9,16.64,99,60,Nganjuk,-7.6044,111.9013
2021-06-26,31.6,23.2,26.5,6.8,6.8,3.48,8.7,16.8,95,57,Nganjuk,-7.6044,111.9013
2021-06-27,32.3,23.3,27.4,1.2,1.2,4.25,15.5,19.47,96,53,Nganjuk,-7.6044,111.9013
2021-06-28,30.1,23.6,26.1,3.2,3.2,3.07,10.2,15.04,99,65,Nganjuk,-7.6044,111.9013
2021-06-29,31.7,23.5,27.0,0.1,0.1,3.96,13.8,18.35,91,55,Nganjuk,-7.6044,111.9013
2021-06-30,31.8,22.9,27.5,0.2,0.2,4.22,14.6,18.5,98,51,Nganjuk,-7.6044,111.9013
2021-07-01,32.9,23.8,27.8,0.0,0.0,4.67,15.9,19.62,86,43,Nganjuk,-7.6044,111.9013
2021-07-02,32.2,22.5,27.5,0.0,0.0,4.71,17.6,19.85,89,46,Nganjuk,-7.6044,111.9013
2021-07-03,32.5,23.4,27.7,0.0,0.0,4.96,20.4,19.23,86,45,Nganjuk,-7.6044,111.9013
2021-07-04,33.0,22.7,27.6,0.1,0.1,5.0,18.5,20.07,90,42,Nganjuk,-7.6044,111.9013
2021-07-05,32.8,21.8,27.5,0.0,0.0,6.38,28.9,21.46,87,40,Nganjuk,-7.6044,111.9013
2021-07-06,32.0,23.0,27.1,0.0,0.0,6.41,27.9,21.17,76,35,Nganjuk,-7.6044,111.9013
2021-07-07,33.5,20.2,26.9,0.0,0.0,5.54,23.7,21.39,77,33,Nganjuk,-7.6044,111.9013
2021-07-08,32.7,24.0,28.2,0.0,0.0,4.24,17.8,14.95,81,46,Nganjuk,-7.6044,111.9013
2021-07-09,33.7,24.1,27.6,5.4,5.4,4.21,19.7,18.58,86,46,Nganjuk,-7.6044,111.9013
2021-07-10,32.5,23.6,27.5,2.3,2.3,3.87,13.9,17.11,97,55,Nganjuk,-7.6044,111.9013
2021-07-11,35.0,24.4,28.6,0.0,0.0,5.4,23.2,21.15,91,28,Nganjuk,-7.6044,111.9013
2021-07-12,34.0,22.0,28.0,0.0,0.0,4.89,17.6,20.63,98,40,Nganjuk,-7.6044,111.9013
2021-07-13,34.3,23.7,28.2,0.0,0.0,5.77,25.3,20.88,88,37,Nganjuk,-7.6044,111.9013
2021-07-14,33.2,25.4,28.3,0.0,0.0,6.28,28.0,20.53,75,37,Nganjuk,-7.6044,111.9013
2021-07-15,32.7,25.0,27.9,0.0,0.0,6.68,32.6,20.67,77,37,Nganjuk,-7.6044,111.9013
2021-07-16,32.3,25.4,28.0,0.0,0.0,5.57,22.1,17.17,71,39,Nganjuk,-7.6044,111.9013
2021-07-17,33.7,22.3,27.6,0.1,0.1,5.19,25.7,19.46,79,38,Nganjuk,-7.6044,111.9013
2021-07-18,34.2,23.2,28.3,0.0,0.0,5.7,24.8,20.22,83,38,Nganjuk,-7.6044,111.9013
2021-07-19,34.0,24.1,28.5,0.0,0.0,5.12,21.1,19.88,83,39,Nganjuk,-7.6044,111.9013
2021-07-20,35.0,23.0,28.7,0.0,0.0,5.34,17.9,21.79,88,33,Nganjuk,-7.6044,111.9013
2021-07-21,34.4,23.6,28.7,0.0,0.0,5.57,21.2,20.52,86,41,Nganjuk,-7.6044,111.9013
2021-07-22,33.3,23.7,27.7,0.0,0.0,3.66,19.6,13.54,78,33,Nganjuk,-7.6044,111.9013
2021-07-23,34.0,24.6,28.4,0.1,0.1,5.67,29.8,20.56,84,39,Nganjuk,-7.6044,111.9013
2021-07-24,34.7,23.7,28.7,0.0,0.0,6.74,23.8,22.57,78,29,Nganjuk,-7.6044,111.9013
2021-07-25,34.5,21.2,27.8,0.0,0.0,6.81,29.6,23.07,82,30,Nganjuk,-7.6044,111.9013
2021-07-26,34.5,20.2,26.9,0.0,0.0,5.44,19.5,22.99,82,32,Nganjuk,-7.6044,111.9013
2021-07-27,34.3,19.0,26.4,0.0,0.0,5.82,22.7,22.96,87,32,Nganjuk,-7.6044,111.9013
2021-07-28,33.5,21.9,27.2,0.0,0.0,6.09,25.1,22.37,85,34,Nganjuk,-7.6044,111.9013
2021-07-29,34.4,22.4,27.8,0.0,0.0,5.98,25.8,21.83,84,32,Nganjuk,-7.6044,111.9013
2021-07-30,34.0,22.4,27.7,0.2,0.2,5.45,23.9,20.72,86,42,Nganjuk,-7.6044,111.9013
2021-07-31,33.5,25.2,28.7,0.3,0.3,6.07,26.6,19.58,77,44,Nganjuk,-7.6044,111.9013
2021-08-01,32.6,23.3,27.9,0.1,0.1,5.9,31.1,20.08,82,47,Nganjuk,-7.6044,111.9013
2021-08-02,32.8,24.6,28.1,0.4,0.4,5.93,26.4,19.4,74,46,Nganjuk,-7.6044,111.9013
2021-08-03,32.8,25.1,28.5,1.3,1.3,5.64,24.5,20.19,77,49,Nganjuk,-7.6044,111.9013
2021-08-04,34.0,24.7,28.5,0.2,0.2,5.39,22.4,20.72,81,42,Nganjuk,-7.6044,111.9013
2021-08-05,35.5,23.9,28.9,0.0,0.0,5.37,20.9,20.69,84,32,Nganjuk,-7.6044,111.9013
2021-08-06,36.4,23.1,29.1,0.0,0.0,5.76,18.9,22.29,90,29,Nganjuk,-7.6044,111.9013
2021-08-07,36.0,24.2,29.0,0.9,0.9,5.29,17.2,21.33,86,35,Nganjuk,-7.6044,111.9013
2021-08-08,35.5,24.4,28.9,2.9,2.9,5.36,19.6,21.63,91,39,Nganjuk,-7.6044,111.9013
2021-08-09,33.5,24.0,28.2,1.8,1.8,4.71,16.3,19.21,97,45,Nganjuk,-7.6044,111.9013
2021-08-10,34.3,24.5,28.3,0.0,0.0,6.32,29.3,21.45,82,37,Nganjuk,-7.6044,111.9013
2021-08-11,33.7,24.8,28.2,0.0,0.0,7.22,29.1,22.72,69,33,Nganjuk,-7.6044,111.9013
2021-08-12,33.3,23.5,28.2,0.6,0.6,6.51,30.6,21.2,73,41,Nganjuk,-7.6044,111.9013
2021-08-13,34.3,23.8,28.7,0.3,0.3,5.67,22.7,21.24,84,40,Nganjuk,-7.6044,111.9013
2021-08-14,34.0,25.2,28.8,0.5,0.5,6.01,20.4,21.6,76,41,Nganjuk,-7.6044,111.9013
2021-08-15,35.2,23.5,28.8,0.1,0.1,5.76,20.1,22.1,83,33,Nganjuk,-7.6044,111.9013
2021-08-16,34.2,25.9,29.2,0.0,0.0,6.47,24.6,21.43,73,39,Nganjuk,-7.6044,111.9013
2021-08-17,35.0,25.0,29.2,0.0,0.0,6.54,23.0,22.93,72,35,Nganjuk,-7.6044,111.9013
2021-08-18,33.5,23.6,28.3,0.7,0.7,5.56,22.4,20.91,77,43,Nganjuk,-7.6044,111.9013
2021-08-19,33.9,25.5,28.6,0.1,0.1,6.46,27.0,21.16,74,38,Nganjuk,-7.6044,111.9013
2021-08-20,34.0,23.9,28.3,0.0,0.0,6.13,27.2,21.39,73,41,Nganjuk,-7.6044,111.9013
2021-08-21,33.4,24.3,28.3,0.4,0.4,5.77,26.1,20.78,76,45,Nganjuk,-7.6044,111.9013
2021-08-22,34.0,25.0,28.6,0.0,0.0,6.32,27.3,21.81,76,42,Nganjuk,-7.6044,111.9013
2021-08-23,34.6,24.5,28.6,0.0,0.0,6.8,26.9,23.34,75,33,Nganjuk,-7.6044,111.9013
2021-08-24,34.0,22.2,27.5,0.0,0.0,6.65,30.5,23.85,84,37,Nganjuk,-7.6044,111.9013
2021-08-25,34.0,24.0,28.0,0.0,0.0,6.92,29.5,23.22,81,37,Nganjuk,-7.6044,111.9013
2021-08-26,34.3,24.0,28.0,0.0,0.0,7.4,29.3,24.57,77,34,Nganjuk,-7.6044,111.9013
2021-08-27,34.4,20.5,27.2,0.0,0.0,6.7,29.0,24.66,87,34,Nganjuk,-7.6044,111.9013
2021-08-28,34.6,24.6,28.6,0.0,0.0,6.7,26.3,22.63,74,36,Nganjuk,-7.6044,111.9013
2021-08-29,35.0,23.3,28.6,0.0,0.0,6.64,31.6,23.48,84,37,Nganjuk,-7.6044,111.9013
2021-08-30,35.5,26.4,29.5,0.0,0.0,7.18,27.2,22.94,70,36,Nganjuk,-7.6044,111.9013
2021-08-31,34.2,25.0,29.1,0.4,0.4,6.63,21.4,23.71,72,41,Nganjuk,-7.6044,111.9013
2021-09-01,35.6,22.6,28.7,0.0,0.0,7.08,29.3,24.47,80,33,Nganjuk,-7.6044,111.9013
2021-09-02,34.3,24.0,28.2,0.0,0.0,7.48,28.7,25.33,76,32,Nganjuk,-7.6044,111.9013
2021-09-03,34.1,24.3,28.0,0.0,0.0,7.24,30.4,24.53,75,35,Nganjuk,-7.6044,111.9013
2021-09-04,33.7,23.9,28.2,0.0,0.0,6.83,31.1,23.79,78,41,Nganjuk,-7.6044,111.9013
2021-09-05,33.2,24.9,28.8,0.0,0.0,6.1,28.3,18.05,73,43,Nganjuk,-7.6044,111.9013
2021-09-06,35.6,23.7,29.4,0.1,0.1,6.27,21.9,23.75,79,36,Nganjuk,-7.6044,111.9013
2021-09-07,34.0,23.6,28.7,0.1,0.1,6.27,27.3,21.6,87,41,Nganjuk,-7.6044,111.9013
2021-09-08,35.0,26.0,29.1,0.0,0.0,7.63,31.0,23.2,69,36,Nganjuk,-7.6044,111.9013
2021-09-09,34.3,24.8,28.9,0.0,0.0,7.38,28.9,23.06,64,33,Nganjuk,-7.6044,111.9013
2021-09-10,35.7,23.0,29.0,0.0,0.0,6.78,31.9,24.29,83,33,Nganjuk,-7.6044,111.9013
2021-09-11,35.0,25.8,29.0,1.7,1.7,5.77,24.3,20.13,78,40,Nganjuk,-7.6044,111.9013
2021-09-12,33.5,24.9,28.1,0.1,0.1,4.67,18.4,16.86,82,46,Nganjuk,-7.6044,111.9013
2021-09-13,33.3,23.5,28.5,0.1,0.1,4.7,13.2,18.99,91,43,Nganjuk,-7.6044,111.9013
2021-09-14,33.5,24.4,27.3,10.6,10.6,3.99,9.4,18.15,96,45,Nganjuk,-7.6044,111.9013
2021-09-15,33.8,23.5,27.3,4.6,4.6,4.97,12.1,22.67,98,48,Nganjuk,-7.6044,111.9013
2021-09-16,33.3,23.0,28.0,0.1,0.1,5.78,24.0,23.71,93,46,Nganjuk,-7.6044,111.9013
2021-09-17,34.1,22.6,28.2,0.0,0.0,6.16,28.1,23.1,90,41,Nganjuk,-7.6044,111.9013
2021-09-18,34.3,25.6,29.3,0.2,0.2,6.77,23.6,23.73,74,39,Nganjuk,-7.6044,111.9013
2021-09-19,34.0,26.0,28.8,0.0,0.0,7.13,28.8,22.91,68,38,Nganjuk,-7.6044,111.9013
2021-09-20,34.0,25.5,29.0,0.0,0.0,7.57,28.2,25.03,69,38,Nganjuk,-7.6044,111.9013
2021-09-21,34.0,25.0,28.7,0.7,0.7,5.34,17.5,20.29,75,42,Nganjuk,-7.6044,111.9013
2021-09-22,35.5,23.6,28.6,0.6,0.6,5.93,20.9,23.89,94,31,Nganjuk,-7.6044,111.9013
2021-09-23,34.8,24.0,29.0,0.5,0.5,5.79,22.3,22.84,84,41,Nganjuk,-7.6044,111.9013
2021-09-24,34.8,24.1,28.4,1.3,1.3,4.88,17.8,19.43,90,39,Nganjuk,-7.6044,111.9013
2021-09-25,35.0,24.1,28.6,1.7,1.7,5.46,22.9,22.03,90,41,Nganjuk,-7.6044,111.9013
2021-09-26,33.0,24.4,27.6,17.9,17.9,4.82,18.4,19.88,94,49,Nganjuk,-7.6044,111.9013
2021-09-27,33.7,24.6,28.5,0.0,0.0,6.65,26.9,24.53,78,41,Nganjuk,-7.6044,111.9013
2021-09-28,34.2,25.0,28.5,0.0,0.0,7.19,26.9,25.98,73,41,Nganjuk,-7.6044,111.9013
2021-09-29,34.7,22.5,28.4,0.0,0.0,6.4,22.9,24.87,85,40,Nganjuk,-7.6044,111.9013
2021-09-30,35.0,24.0,28.7,0.0,0.0,6.42,24.0,25.58,84,39,Nganjuk,-7.6044,111.9013
2021-10-01,34.8,23.4,28.7,0.0,0.0,6.21,22.1,24.25,86,40,Nganjuk,-7.6044,111.9013
2021-10-02,35.0,22.2,28.2,0.1,0.1,5.98,22.1,23.58,87,35,Nganjuk,-7.6044,111.9013
2021-10-03,35.0,23.2,28.5,0.6,0.6,6.39,24.6,24.31,85,38,Nganjuk,-7.6044,111.9013
2021-10-04,33.1,23.4,27.9,0.0,0.0,5.31,17.5,21.23,87,47,Nganjuk,-7.6044,111.9013
2021-10-05,33.2,24.5,28.0,0.1,0.1,5.98,29.0,22.04,74,44,Nganjuk,-7.6044,111.9013
2021-10-06,33.5,24.5,27.9,0.0,0.0,6.77,33.2,24.31,75,41,Nganjuk,-7.6044,111.9013
2021-10-07,34.2,23.8,28.2,0.1,0.1,6.67,25.0,24.45,75,39,Nganjuk,-7.6044,111.9013
2021-10-08,35.1,23.6,28.5,0.0,0.0,6.81,27.9,25.44,83,37,Nganjuk,-7.6044,111.9013
2021-10-09,34.8,24.2,28.8,0.0,0.0,7.17,28.3,25.59,80,36,Nganjuk,-7.6044,111.9013
2021-10-10,36.2,24.5,29.4,0.0,0.0,7.28,26.8,26.13,78,34,Nganjuk,-7.6044,111.9013
2021-10-11,35.5,23.5,28.9,0.0,0.0,6.7,28.2,25.25,87,39,Nganjuk,-7.6044,111.9013
2021-10-12,35.2,23.4,28.9,0.0,0.0,7.5,26.0,27.02,77,35,Nganjuk,-7.6044,111.9013
2021-10-13,35.8,23.1,28.8,0.0,0.0,7.17,27.4,26.39,81,33,Nganjuk,-7.6044,111.9013
2021-10-14,35.8,24.1,29.1,0.0,0.0,6.84,24.9,25.1,76,34,Nganjuk,-7.6044,111.9013
2021-10-15,35.7,24.2,29.3,0.0,0.0,6.61,24.2,25.56,77,38,Nganjuk,-7.6044,111.9013
2021-10-16,35.8,24.2,29.4,0.0,0.0,6.78,27.3,25.33,81,37,Nganjuk,-7.6044,111.9013
2021-10-17,34.8,24.8,29.4,0.9,0.9,5.84,24.6,23.04,82,41,Nganjuk,-7.6044,111.9013
2021-10-18,35.2,24.6,27.8,19.3,19.3,4.21,28.2,18.91,94,45,Nganjuk,-7.6044,111.9013
2021-10-19,33.2,24.5,28.0,2.8,2.8,4.79,13.6,21.33,94,56,Nganjuk,-7.6044,111.9013
2021-10-20,34.0,24.8,29.1,2.5,2.5,6.07,21.0,23.8,82,48,Nganjuk,-7.6044,111.9013
2021-10-21,34.7,24.4,29.1,0.5,0.5,6.11,25.3,24.35,86,45,Nganjuk,-7.6044,111.9013
2021-10-22,34.2,24.4,28.9,0.8,0.8,6.1,23.2,24.76,87,46,Nganjuk,-7.6044,111.9013
2021-10-23,36.3,23.6,29.2,0.0,0.0,6.36,22.9,24.55,95,35,Nganjuk,-7.6044,111.9013
2021-10-24,36.0,24.3,29.5,3.5,3.5,6.17,24.5,25.02,91,40,Nganjuk,-7.6044,111.9013
2021-10-25,35.8,24.9,29.4,0.2,0.2,6.34,24.7,25.08,85,39,Nganjuk,-7.6044,111.9013
2021-10-26,35.3,23.1,28.9,0.5,0.5,5.86,22.4,23.67,90,39,Nganjuk,-7.6044,111.9013
2021-10-27,34.0,24.9,27.8,3.7,3.7,4.0,19.4,17.24,96,48,Nganjuk,-7.6044,111.9013
2021-10-28,33.2,24.1,27.6,8.9,8.9,4.5,16.1,20.53,99,50,Nganjuk,-7.6044,111.9013
2021-10-29,33.2,23.6,28.1,1.0,1.0,5.15,19.8,22.63,95,51,Nganjuk,-7.6044,111.9013
2021-10-30,33.6,24.6,27.7,14.9,14.9,4.72,20.1,21.24,97,52,Nganjuk,-7.6044,111.9013
2021-10-31,33.1,23.5,26.8,10.3,10.3,3.88,15.3,18.05,99,55,Nganjuk,-7.6044,111.9013
2021-11-01,32.9,23.1,26.3,11.8,11.8,3.75,14.0,17.41,99,54,Nganjuk,-7.6044,111.9013
2021-11-02,31.5,23.5,27.0,4.5,4.5,4.23,13.8,19.09,98,58,Nganjuk,-7.6044,111.9013
2021-11-03,33.6,23.5,27.5,2.9,2.9,5.05,20.1,23.37,99,51,Nganjuk,-7.6044,111.9013
2021-11-04,33.3,22.6,27.5,2.0,2.0,4.86,25.2,21.5,98,48,Nganjuk,-7.6044,111.9013
2021-11-05,32.8,23.7,26.5,9.0,9.0,3.69,12.8,17.23,98,54,Nganjuk,-7.6044,111.9013
2021-11-06,32.8,23.8,27.3,2.8,2.8,4.79,11.0,22.71,97,55,Nganjuk,-7.6044,111.9013
2021-11-07,33.8,23.5,27.0,12.7,12.7,4.68,18.6,22.27,99,53,Nganjuk,-7.6044,111.9013
2021-11-08,32.5,23.1,26.6,4.0,4.0,3.94,13.2,18.76,99,58,Nganjuk,-7.6044,111.9013
2021-11-09,32.9,23.2,27.1,3.1,3.1,4.43,12.6,20.7,96,60,Nganjuk,-7.6044,111.9013
2021-11-10,31.5,22.6,26.8,0.5,0.5,4.41,10.8,20.72,99,60,Nganjuk,-7.6044,111.9013
2021-11-11,29.9,23.4,26.0,8.3,8.3,3.43,12.3,16.2,99,65,Nganjuk,-7.6044,111.9013
2021-11-12,29.6,23.5,26.0,8.4,8.4,3.16,8.1,14.85,99,71,Nganjuk,-7.6044,111.9013
2021-11-13,30.9,22.7,26.3,11.5,11.5,3.66,9.6,17.33,98,63,Nganjuk,-7.6044,111.9013
2021-11-14,29.0,23.6,25.7,10.4,10.4,2.83,8.8,13.6,99,71,Nganjuk,-7.6044,111.9013
2021-11-15,29.5,23.5,25.6,15.6,15.6,2.46,8.4,11.5,97,71,Nganjuk,-7.6044,111.9013
2021-11-16,30.9,22.9,26.0,5.5,5.5,3.54,13.2,16.82,98,62,Nganjuk,-7.6044,111.9013
2021-11-17,30.6,23.5,26.4,10.1,10.1,3.37,8.8,16.3,97,67,Nganjuk,-7.6044,111.9013
2021-11-18,32.0,23.2,26.8,2.2,2.2,4.8,15.2,23.28,97,59,Nganjuk,-7.6044,111.9013
2021-11-19,32.5,23.2,26.3,34.2,34.2,4.65,15.9,22.52,98,53,Nganjuk,-7.6044,111.9013
2021-11-20,26.9,23.1,25.0,10.3,10.3,1.6,7.6,7.46,98,81,Nganjuk,-7.6044,111.9013
2021-11-21,30.8,23.1,26.1,4.5,4.5,3.57,10.5,17.34,98,66,Nganjuk,-7.6044,111.9013
2021-11-22,31.0,24.0,26.6,17.6,17.6,3.34,17.2,16.44,97,66,Nganjuk,-7.6044,111.9013
2021-11-23,30.0,23.4,25.6,24.5,24.5,2.65,7.9,12.51,99,71,Nganjuk,-7.6044,111.9013
2021-11-24,29.5,22.2,25.4,3.0,3.0,3.18,6.5,15.63,99,70,Nganjuk,-7.6044,111.9013
2021-11-25,29.0,22.5,25.3,20.9,20.9,3.2,11.4,16.2,98,72,Nganjuk,-7.6044,111.9013
2021-11-26,30.0,23.1,25.7,3.4,3.4,3.72,11.1,18.08,96,70,Nganjuk,-7.6044,111.9013
2021-11-27,29.8,22.7,25.5,7.1,7.1,3.55,9.3,17.33,97,71,Nganjuk,-7.6044,111.9013
2021-11-28,27.5,22.6,24.3,23.9,23.9,1.87,7.9,8.9,98,80,Nganjuk,-7.6044,111.9013
2021-11-29,29.8,21.6,25.5,2.2,2.2,4.01,7.5,19.55,96,68,Nganjuk,-7.6044,111.9013
2021-11-30,31.3,22.5,26.0,4.9,4.9,4.3,10.0,21.05,95,61,Nganjuk,-7.6044,111.9013
2021-12-01,27.6,23.0,24.7,11.9,11.9,2.39,11.0,12.11,98,78,Nganjuk,-7.6044,111.9013
2021-12-02,30.0,22.4,26.1,3.0,3.0,4.23,11.5,20.71,99,71,Nganjuk,-7.6044,111.9013
2021-12-03,30.1,23.5,25.9,11.3,11.3,2.88,12.2,13.95,99,70,Nganjuk,-7.6044,111.9013
2021-12-04,28.5,22.8,25.1,52.2,52.2,2.27,14.2,11.07,99,81,Nganjuk,-7.6044,111.9013
2021-12-05,28.6,23.4,25.2,16.1,16.1,2.22,17.1,10.73,99,76,Nganjuk,-7.6044,111.9013
2021-12-06,29.1,22.8,25.0,10.3,10.3,2.23,10.1,10.89,98,79,Nganjuk,-7.6044,111.9013
2021-12-07,30.0,24.0,26.2,21.3,21.3,3.24,20.7,15.68,93,76,Nganjuk,-7.6044,111.9013
2021-12-08,31.6,23.4,26.8,9.3,9.3,4.02,15.6,19.0,96,63,Nganjuk,-7.6044,111.9013
2021-12-09,29.7,22.9,25.9,3.9,3.9,3.76,9.3,18.54,98,75,Nganjuk,-7.6044,111.9013
2021-12-10,29.9,22.0,25.3,6.8,6.8,3.82,8.7,18.97,97,71,Nganjuk,-7.6044,111.9013
2021-12-11,30.0,22.4,25.0,18.9,18.9,3.6,10.6,18.27,98,71,Nganjuk,-7.6044,111.9013
2021-12-12,30.5,22.6,25.9,9.4,9.4,4.43,7.3,22.03,98,67,Nganjuk,-7.6044,111.9013
2021-12-13,31.3,21.9,26.5,0.0,0.0,4.86,9.5,23.7,98,61,Nganjuk,-7.6044,111.9013
2021-12-14,30.6,23.0,26.3,3.4,3.4,4.27,7.0,20.96,94,69,Nganjuk,-7.6044,111.9013
2021-12-15,29.1,23.2,25.9,2.6,2.6,3.02,9.8,14.71,98,73,Nganjuk,-7.6044,111.9013
2021-12-16,29.8,23.4,25.9,6.9,6.9,3.18,13.0,15.42,98,72,Nganjuk,-7.6044,111.9013
2021-12-17,31.8,23.5,26.3,5.1,5.1,3.88,10.5,19.09,98,67,Nganjuk,-7.6044,111.9013
2021-12-18,31.4,23.4,26.6,5.0,5.0,3.73,15.3,18.36,99,66,Nganjuk,-7.6044,111.9013
2021-12-19,32.0,24.0,26.9,12.5,12.5,4.58,11.7,22.2,97,60,Nganjuk,-7.6044,111.9013
2021-12-20,28.9,23.3,25.2,10.9,10.9,2.71,10.6,13.04,99,74,Nganjuk,-7.6044,111.9013
2021-12-21,27.9,23.4,25.8,11.8,11.8,2.46,9.5,12.03,98,77,Nganjuk,-7.6044,111.9013
2021-12-22,31.9,24.2,27.5,1.7,1.7,4.85,10.1,23.18,90,62,Nganjuk,-7.6044,111.9013
2021-12-23,31.6,23.9,26.6,14.2,14.2,3.88,10.4,18.73,94,65,Nganjuk,-7.6044,111.9013
2021-12-24,31.0,23.1,26.5,0.0,0.0,3.74,7.8,17.93,99,65,Nganjuk,-7.6044,111.9013
2021-12-25,29.6,23.1,26.3,2.0,2.0,3.49,13.1,16.83,94,70,Nganjuk,-7.6044,111.9013
2021-12-26,28.8,23.1,25.8,5.5,5.5,3.3,7.9,16.57,96,76,Nganjuk,-7.6044,111.9013
2021-12-27,29.5,22.2,25.3,12.2,12.2,3.42,8.6,17.17,97,71,Nganjuk,-7.6044,111.9013
2021-12-28,30.5,22.2,25.6,5.2,5.2,4.53,9.5,22.7,98,69,Nganjuk,-7.6044,111.9013
2021-12-29,28.0,23.2,25.5,4.9,4.9,3.15,7.3,15.81,98,79,Nganjuk,-7.6044,111.9013
2021-12-30,27.7,22.8,25.3,18.4,18.4,2.85,9.6,14.47,97,80,Nganjuk,-7.6044,111.9013
2021-12-31,28.9,22.8,25.3,3.6,3.6,3.25,9.7,16.39,99,82,Nganjuk,-7.6044,111.9013
2022-01-01,31.0,22.4,25.8,7.5,7.5,3.6,10.5,17.46,97,67,Nganjuk,-7.6044,111.9013
2022-01-02,29.5,22.5,25.3,3.3,3.3,3.3,8.8,16.48,98,73,Nganjuk,-7.6044,111.9013
2022-01-03,29.9,22.2,25.8,2.3,2.3,4.63,8.2,23.05,98,64,Nganjuk,-7.6044,111.9013
2022-01-04,31.2,21.6,26.5,0.8,0.8,4.72,14.4,22.58,90,60,Nganjuk,-7.6044,111.9013
2022-01-05,30.6,22.6,26.5,0.0,0.0,4.75,9.9,22.84,90,60,Nganjuk,-7.6044,111.9013
2022-01-06,31.2,22.8,26.3,2.6,2.6,4.67,12.6,22.58,94,57,Nganjuk,-7.6044,111.9013
2022-01-07,30.2,22.6,26.7,0.6,0.6,4.62,10.2,22.23,90,58,Nganjuk,-7.6044,111.9013
2022-01-08,31.0,22.7,26.3,4.5,4.5,4.34,12.5,21.29,91,58,Nganjuk,-7.6044,111.9013
2022-01-09,28.8,23.3,25.3,8.4,8.4,3.08,6.9,15.37,98,74,Nganjuk,-7.6044,111.9013
2022-01-10,30.5,22.0,25.4,10.6,10.6,3.47,17.9,17.22,98,70,Nganjuk,-7.6044,111.9013
2022-01-11,29.2,23.3,25.4,10.3,10.3,3.09,12.2,15.42,100,71,Nganjuk,-7.6044,111.9013
2022-01-12,27.3,23.3,25.0,6.9,6.9,2.25,24.6,11.07,96,79,Nganjuk,-7.6044,111.9013
2022-01-13,29.7,23.5,25.5,10.5,10.5,2.84,13.2,13.7,96,70,Nganjuk,-7.6044,111.9013
2022-01-14,29.5,22.8,26.2,3.5,3.5,3.87,21.3,18.13,96,69,Nganjuk,-7.6044,111.9013
2022-01-15,29.5,23.6,26.0,20.0,20.0,3.18,20.8,15.3,95,72,Nganjuk,-7.6044,111.9013
2022-01-16,29.7,23.4,25.4,26.8,26.8,2.74,16.2,13.35,98,72,Nganjuk,-7.6044,111.9013
2022-01-17,29.1,23.4,25.5,16.7,16.7,3.45,13.7,17.44,99,80,Nganjuk,-7.6044,111.9013
2022-01-18,28.0,23.1,24.9,29.0,29.0,2.33,14.7,11.55,99,80,Nganjuk,-7.6044,111.9013
2022-01-19,28.2,22.6,24.7,15.9,15.9,3.07,14.2,15.57,97,76,Nganjuk,-7.6044,111.9013
2022-01-20,26.4,22.3,23.9,10.2,10.2,1.65,10.4,8.01,100,87,Nganjuk,-7.6044,111.9013
2022-01-21,29.8,22.1,24.7,7.3,7.3,3.16,9.7,15.46,99,76,Nganjuk,-7.6044,111.9013
2022-01-22,29.5,22.8,25.4,4.9,4.9,3.12,16.8,15.44,99,69,Nganjuk,-7.6044,111.9013
2022-01-23,29.1,22.8,25.4,3.5,3.5,2.99,8.7,15.1,98,77,Nganjuk,-7.6044,111.9013
2022-01-24,33.2,23.0,27.3,0.1,0.1,5.27,13.6,24.67,96,49,Nganjuk,-7.6044,111.9013
2022-01-25,31.5,21.9,26.3,9.1,9.1,4.71,20.4,23.13,95,67,Nganjuk,-7.6044,111.9013
2022-01-26,29.6,23.6,26.3,16.3,16.3,3.69,24.0,18.33,96,73,Nganjuk,-7.6044,111.9013
2022-01-27,30.4,23.5,25.9,4.1,4.1,3.53,15.5,17.21,97,69,Nganjuk,-7.6044,111.9013
2022-01-28,28.8,23.1,25.6,4.5,4.5,3.13,6.1,15.45,97,77,Nganjuk,-7.6044,111.9013
2022-01-29,30.8,23.6,26.0,12.6,12.6,3.11,8.4,14.75,98,66,Nganjuk,-7.6044,111.9013
2022-01-30,29.2,23.7,25.8,14.0,14.0,3.49,11.5,17.14,97,75,Nganjuk,-7.6044,111.9013
2022-01-31,30.8,22.3,25.9,4.0,4.0,3.7,18.7,18.12,97,65,Nganjuk,-7.6044,111.9013
2022-02-01,29.9,23.8,25.5,26.1,26.1,2.72,18.7,13.39,96,73,Nganjuk,-7.6044,111.9013
2022-02-02,31.1,23.1,25.9,48.5,48.5,4.06,15.5,20.18,98,69,Nganjuk,-7.6044,111.9013
2022-02-03,30.5,22.6,25.9,8.9,8.9,3.77,9.5,18.6,98,70,Nganjuk,-7.6044,111.9013
2022-02-04,29.1,22.3,25.3,14.3,14.3,3.07,8.9,15.11,97,77,Nganjuk,-7.6044,111.9013
2022-02-05,28.0,22.8,25.0,19.6,19.6,2.55,17.7,12.9,99,77,Nganjuk,-7.6044,111.9013
2022-02-06,29.0,22.1,25.4,6.5,6.5,3.1,19.2,15.72,99,74,Nganjuk,-7.6044,111.9013
2022-02-07,28.5,23.6,25.3,12.2,12.2,2.55,19.3,12.93,96,79,Nganjuk,-7.6044,111.9013
2022-02-08,30.0,23.1,25.5,19.3,19.3,2.75,14.9,13.66,99,75,Nganjuk,-7.6044,111.9013
2022-02-09,29.3,23.0,25.4,26.4,26.4,3.27,17.3,16.47,99,82,Nganjuk,-7.6044,111.9013
2022-02-10,30.2,23.9,25.6,10.5,10.5,2.86,17.9,13.76,98,68,Nganjuk,-7.6044,111.9013
2022-02-11,30.3,23.5,25.6,4.8,4.8,2.86,13.9,13.8,98,68,Nganjuk,-7.6044,111.9013
2022-02-12,30.0,23.2,25.5,29.9,29.9,2.95,16.1,14.38,96,71,Nganjuk,-7.6044,111.9013
2022-02-13,30.0,22.8,25.2,37.8,37.8,3.61,17.9,18.25,98,71,Nganjuk,-7.6044,111.9013
2022-02-14,28.2,23.1,25.4,3.2,3.2,2.51,9.8,12.03,98,74,Nganjuk,-7.6044,111.9013
2022-02-15,27.4,23.2,25.1,14.5,14.5,2.55,15.3,13.0,95,86,Nganjuk,-7.6044,111.9013
2022-02-16,30.6,22.1,25.6,19.9,19.9,4.43,13.2,22.53,97,67,Nganjuk,-7.6044,111.9013
2022-02-17,28.8,23.1,25.2,19.8,19.8,2.85,10.7,14.35,96,78,Nganjuk,-7.6044,111.9013
2022-02-18,27.9,23.0,24.9,10.9,10.9,2.74,14.3,13.89,97,80,Nganjuk,-7.6044,111.9013
2022-02-19,30.9,22.1,25.8,4.2,4.2,4.01,11.8,19.61,95,61,Nganjuk,-7.6044,111.9013
2022-02-20,28.0,23.3,25.3,27.3,27.3,2.54,13.3,12.77,98,80,Nganjuk,-7.6044,111.9013
2022-02-21,28.6,22.4,25.2,0.3,0.3,3.51,19.5,17.72,98,76,Nganjuk,-7.6044,111.9013
2022-02-22,30.3,22.6,25.7,0.2,0.2,3.86,11.3,18.77,95,62,Nganjuk,-7.6044,111.9013
2022-02-23,30.7,20.9,25.5,1.3,1.3,4.54,9.5,22.86,97,68,Nganjuk,-7.6044,111.9013
2022-02-24,29.2,21.6,25.1,1.2,1.2,3.88,9.4,19.73,99,74,Nganjuk,-7.6044,111.9013
2022-02-25,30.7,22.0,25.3,13.6,13.6,4.05,17.4,20.37,97,63,Nganjuk,-7.6044,111.9013
2022-02-26,30.4,22.1,25.1,14.3,14.3,3.19,14.5,15.79,96,68,Nganjuk,-7.6044,111.9013
2022-02-27,30.5,23.2,25.4,14.0,14.0,3.3,16.1,16.72,98,72,Nganjuk,-7.6044,111.9013
2022-02-28,28.0,23.0,25.1,14.4,14.4,2.81,16.3,14.57,97,80,Nganjuk,-7.6044,111.9013
2022-03-01,29.4,23.8,25.7,9.2,9.2,3.31,18.8,16.74,96,71,Nganjuk,-7.6044,111.9013
2022-03-02,30.9,23.4,25.9,12.4,12.4,3.78,22.8,19.28,96,70,Nganjuk,-7.6044,111.9013
2022-03-03,30.1,23.2,25.9,9.2,9.2,3.37,16.2,16.68,98,71,Nganjuk,-7.6044,111.9013
2022-03-04,29.0,23.1,25.7,8.6,8.6,3.69,9.2,18.41,99,81,Nganjuk,-7.6044,111.9013
2022-03-05,28.8,23.0,25.8,15.3,15.3,3.78,9.7,19.06,97,78,Nganjuk,-7.6044,111.9013
2022-03-06,30.7,22.8,25.8,15.1,15.1,4.49,11.8,22.24,97,70,Nganjuk,-7.6044,111.9013
2022-03-07,30.3,22.1,25.2,17.2,17.2,4.08,10.3,20.35,99,71,Nganjuk,-7.6044,111.9013
2022-03-08,30.5,23.0,25.6,11.6,11.6,3.79,6.2,18.33,99,71,Nganjuk,-7.6044,111.9013
2022-03-09,29.2,22.6,25.3,8.4,8.4,3.53,11.2,17.68,99,78,Nganjuk,-7.6044,111.9013
2022-03-10,29.0,23.5,25.5,28.3,28.3,2.93,8.7,14.14,99,77,Nganjuk,-7.6044,111.9013
2022-03-11,30.7,23.2,25.9,30.2,30.2,4.1,19.2,20.86,99,69,Nganjuk,-7.6044,111.9013
2022-03-12,28.3,23.5,25.4,15.2,15.2,2.71,14.5,13.9,98,79,Nganjuk,-7.6044,111.9013
2022-03-13,30.2,23.1,25.9,8.0,8.0,4.02,13.9,20.1,99,71,Nganjuk,-7.6044,111.9013
2022-03-14,30.8,22.9,25.9,18.1,18.1,3.76,16.6,18.53,99,67,Nganjuk,-7.6044,111.9013
2022-03-15,30.3,23.2,25.7,25.5,25.5,3.8,12.0,18.84,99,71,Nganjuk,-7.6044,111.9013
2022-03-16,29.3,23.1,25.7,16.9,16.9,3.52,9.3,17.42,98,74,Nganjuk,-7.6044,111.9013
2022-03-17,31.4,22.8,27.1,1.3,1.3,4.94,9.3,24.28,96,67,Nganjuk,-7.6044,111.9013
2022-03-18,31.6,23.0,26.4,4.8,4.8,4.52,9.7,22.22,99,67,Nganjuk,-7.6044,111.9013
2022-03-19,29.5,22.8,25.3,13.8,13.8,3.73,11.2,18.79,98,76,Nganjuk,-7.6044,111.9013
2022-03-20,28.9,22.2,24.8,17.6,17.6,3.01,7.2,15.04,99,77,Nganjuk,-7.6044,111.9013
2022-03-21,30.9,23.4,25.8,6.7,6.7,3.2,9.5,15.58,99,67,Nganjuk,-7.6044,111.9013
2022-03-22,29.0,23.6,25.8,3.0,3.0,2.8,10.0,13.72,99,75,Nganjuk,-7.6044,111.9013
2022-03-23,31.4,22.7,25.8,12.9,12.9,4.03,19.2,20.49,100,68,Nganjuk,-7.6044,111.9013
2022-03-24,31.4,22.9,26.3,6.7,6.7,4.41,15.0,21.73,98,64,Nganjuk,-7.6044,111.9013
2022-03-25,30.0,23.5,26.3,0.7,0.7,3.52,14.7,17.41,96,68,Nganjuk,-7.6044,111.9013
2022-03-26,30.0,23.7,26.3,1.1,1.1,3.76,13.0,18.2,99,70,Nganjuk,-7.6044,111.9013
2022-03-27,28.7,23.2,25.3,7.8,7.8,2.79,7.0,13.95,99,77,Nganjuk,-7.6044,111.9013
2022-03-28,31.0,23.3,26.1,22.3,22.3,4.08,13.4,20.1,97,66,Nganjuk,-7.6044,111.9013
2022-03-29,31.3,23.2,26.5,4.7,4.7,4.6,12.3,22.44,97,61,Nganjuk,-7.6044,111.9013
2022-03-30,30.4,23.7,26.7,5.3,5.3,3.85,13.0,18.91,96,68,Nganjuk,-7.6044,111.9013
2022-03-31,30.9,23.0,25.7,19.9,19.9,3.48,11.1,17.42,98,71,Nganjuk,-7.6044,111.9013
2022-04-01,28.9,22.7,25.7,2.5,2.5,3.28,8.2,16.48,97,80,Nganjuk,-7.6044,111.9013
2022-04-02,30.0,23.5,26.5,0.4,0.4,3.61,9.7,17.28,96,62,Nganjuk,-7.6044,111.9013
2022-04-03,31.0,22.8,25.8,10.8,10.8,3.82,10.4,18.76,96,66,Nganjuk,-7.6044,111.9013
2022-04-04,30.0,22.0,25.6,7.6,7.6,4.07,7.6,20.69,96,75,Nganjuk,-7.6044,111.9013
2022-04-05,31.1,22.3,26.1,1.4,1.4,4.6,11.4,22.83,97,61,Nganjuk,-7.6044,111.9013
2022-04-06,30.5,22.4,26.1,0.0,0.0,4.59,15.7,22.83,96,66,Nganjuk,-7.6044,111.9013
2022-04-07,30.3,23.1,26.6,0.0,0.0,4.08,16.8,19.52,89,63,Nganjuk,-7.6044,111.9013
2022-04-08,31.1,23.2,26.9,0.2,0.2,4.73,9.7,23.43,93,60,Nganjuk,-7.6044,111.9013
2022-04-09,30.9,22.4,26.7,1.2,1.2,4.71,11.1,23.35,93,66,Nganjuk,-7.6044,111.9013
2022-04-10,31.5,23.5,26.6,1.4,1.4,4.31,20.1,21.49,95,61,Nganjuk,-7.6044,111.9013
2022-04-11,31.5,23.0,27.2,0.3,0.3,4.91,15.1,23.36,96,57,Nganjuk,-7.6044,111.9013
2022-04-12,32.3,21.5,26.8,0.1,0.1,5.17,16.6,24.24,91,48,Nganjuk,-7.6044,111.9013
2022-04-13,31.6,22.0,26.9,0.4,0.4,4.81,16.3,22.77,90,54,Nganjuk,-7.6044,111.9013
2022-04-14,31.5,23.5,27.0,0.8,0.8,4.71,14.8,22.8,91,58,Nganjuk,-7.6044,111.9013
2022-04-15,32.5,23.0,27.7,0.0,0.0,5.38,19.3,24.45,86,51,Nganjuk,-7.6044,111.9013
2022-04-16,32.2,22.9,27.2,0.0,0.0,4.68,17.6,22.16,89,56,Nganjuk,-7.6044,111.9013
2022-04-17,32.5,24.6,27.5,0.9,0.9,4.51,16.3,21.6,96,57,Nganjuk,-7.6044,111.9013
2022-04-18,32.2,24.4,26.8,13.9,13.9,3.66,11.3,18.05,96,65,Nganjuk,-7.6044,111.9013
2022-04-19,30.8,23.9,26.2,24.5,24.5,3.02,10.0,14.79,97,70,Nganjuk,-7.6044,111.9013
2022-04-20,30.4,23.2,25.6,12.5,12.5,2.95,8.8,14.36,98,71,Nganjuk,-7.6044,111.9013
2022-04-21,29.0,23.1,25.1,26.5,26.5,2.39,11.0,11.96,97,79,Nganjuk,-7.6044,111.9013
2022-04-22,31.5,23.1,26.8,0.5,0.5,4.31,10.0,21.05,96,62,Nganjuk,-7.6044,111.9013
2022-04-23,31.2,23.8,26.8,1.3,1.3,4.09,13.7,20.01,97,64,Nganjuk,-7.6044,111.9013
2022-04-24,30.5,23.4,26.3,7.9,7.9,3.69,10.5,17.99,99,70,Nganjuk,-7.6044,111.9013
2022-04-25,31.6,24.2,27.0,2.1,2.1,4.16,16.1,20.11,96,60,Nganjuk,-7.6044,111.9013
2022-04-26,29.5,23.5,26.0,6.8,6.8,3.19,15.9,16.12,92,75,Nganjuk,-7.6044,111.9013
2022-04-27,30.5,24.2,26.3,5.3,5.3,3.65,15.8,18.27,96,70,Nganjuk,-7.6044,111.9013
2022-04-28,30.9,23.4,26.1,15.7,15.7,3.7,12.1,18.52,98,73,Nganjuk,-7.6044,111.9013
2022-04-29,30.0,23.4,26.5,14.2,14.2,3.31,6.2,16.24,97,75,Nganjuk,-7.6044,111.9013
2022-04-30,29.6,24.4,26.3,10.7,10.7,3.29,12.7,16.7,95,75,Nganjuk,-7.6044,111.9013
2022-05-01,30.5,23.5,26.4,2.8,2.8,4.0,12.5,20.14,94,69,Nganjuk,-7.6044,111.9013
2022-05-02,32.0,24.8,27.7,4.2,4.2,4.27,14.4,20.62,92,62,Nganjuk,-7.6044,111.9013
2022-05-03,31.8,23.4,27.3,1.2,1.2,4.6,12.4,22.28,90,62,Nganjuk,-7.6044,111.9013
2022-05-04,31.7,24.2,27.3,1.6,1.6,4.51,17.1,21.56,92,60,Nganjuk,-7.6044,111.9013
2022-05-05,31.2,23.0,26.8,0.5,0.5,4.27,13.9,20.74,95,64,Nganjuk,-7.6044,111.9013
2022-05-06,31.2,23.7,26.9,5.8,5.8,3.97,18.4,19.95,96,65,Nganjuk,-7.6044,111.9013
2022-05-07,31.5,23.9,27.0,4.8,4.8,3.79,15.0,18.73,96,63,Nganjuk,-7.6044,111.9013
2022-05-08,29.0,23.9,26.2,0.9,0.9,2.87,11.0,14.31,99,76,Nganjuk,-7.6044,111.9013
2022-05-09,30.8,23.5,26.3,10.2,10.2,3.47,12.5,17.06,99,71,Nganjuk,-7.6044,111.9013
2022-05-10,30.3,23.9,25.9,10.5,10.5,3.11,13.4,15.4,98,76,Nganjuk,-7.6044,111.9013
2022-05-11,30.2,23.1,26.6,2.6,2.6,3.65,11.9,18.33,98,71,Nganjuk,-7.6044,111.9013
2022-05-12,31.0,23.6,26.0,24.3,24.3,2.98,15.2,14.68,98,73,Nganjuk,-7.6044,111.9013
2022-05-13,30.4,23.4,26.4,7.7,7.7,3.41,6.4,17.0,99,72,Nganjuk,-7.6044,111.9013
2022-05-14,29.8,23.0,26.2,1.5,1.5,3.09,8.7,15.39,97,77,Nganjuk,-7.6044,111.9013
2022-05-15,31.5,23.5,26.8,3.3,3.3,4.01,17.7,19.95,100,67,Nganjuk,-7.6044,111.9013
2022-05-16,32.0,22.6,26.7,0.0,0.0,4.48,14.2,21.67,94,60,Nganjuk,-7.6044,111.9013
2022-05-17,31.5,21.4,26.3,0.0,0.0,4.25,15.6,20.72,98,57,Nganjuk,-7.6044,111.9013
2022-05-18,30.5,23.9,26.4,14.0,14.0,3.45,12.2,17.78,97,70,Nganjuk,-7.6044,111.9013
2022-05-19,29.6,23.0,25.5,17.3,17.3,2.84,20.2,14.65,99,78,Nganjuk,-7.6044,111.9013
2022-05-20,29.9,23.2,25.4,10.9,10.9,3.11,15.0,15.85,98,71,Nganjuk,-7.6044,111.9013
2022-05-21,29.1,23.2,25.4,10.3,10.3,3.0,16.9,15.04,95,76,Nganjuk,-7.6044,111.9013
2022-05-22,30.4,23.4,26.6,2.5,2.5,3.85,8.9,19.32,92,74,Nganjuk,-7.6044,111.9013
2022-05-23,31.6,23.8,27.2,0.0,0.0,4.42,10.2,21.24,88,56,Nganjuk,-7.6044,111.9013
2022-05-24,31.1,22.7,26.9,0.1,0.1,4.15,12.0,19.97,88,62,Nganjuk,-7.6044,111.9013
2022-05-25,30.5,23.0,26.3,7.7,7.7,3.67,10.6,18.42,97,70,Nganjuk,-7.6044,111.9013
2022-05-26,26.1,23.0,24.3,25.2,25.2,1.34,14.6,6.32,97,87,Nganjuk,-7.6044,111.9013
2022-05-27,29.4,22.3,25.3,0.8,0.8,2.79,12.8,13.44,97,70,Nganjuk,-7.6044,111.9013
2022-05-28,31.0,23.1,26.8,5.4,5.4,3.85,12.2,18.84,96,68,Nganjuk,-7.6044,111.9013
2022-05-29,30.8,22.9,26.3,8.1,8.1,3.66,12.0,18.2,95,68,Nganjuk,-7.6044,111.9013
2022-05-30,31.0,23.0,26.9,0.9,0.9,3.9,9.7,18.93,92,62,Nganjuk,-7.6044,111.9013
2022-05-31,30.9,22.9,26.3,2.7,2.7,3.76,8.0,18.48,96,67,Nganjuk,-7.6044,111.9013
2022-06-01,28.6,23.0,26.0,2.0,2.0,2.61,11.0,12.58,97,71,Nganjuk,-7.6044,111.9013
2022-06-02,30.9,22.0,26.7,0.0,0.0,4.04,10.0,19.42,93,64,Nganjuk,-7.6044,111.9013
2022-06-03,30.9,22.1,26.1,0.0,0.0,4.03,15.3,19.41,94,62,Nganjuk,-7.6044,111.9013
2022-06-04,30.1,23.2,25.8,6.8,6.8,3.49,19.1,17.85,94,68,Nganjuk,-7.6044,111.9013
2022-06-05,29.8,22.2,25.4,12.7,12.7,3.03,18.8,15.34,98,68,Nganjuk,-7.6044,111.9013
2022-06-06,29.4,22.2,25.1,1.8,1.8,3.02,15.2,15.34,99,69,Nganjuk,-7.6044,111.9013
2022-06-07,31.1,22.0,26.4,1.0,1.0,4.0,15.4,19.41,96,62,Nganjuk,-7.6044,111.9013
2022-06-08,30.8,23.6,26.3,7.5,7.5,3.65,14.1,18.4,95,68,Nganjuk,-7.6044,111.9013
2022-06-09,31.2,21.8,26.4,0.8,0.8,3.93,8.9,18.96,97,57,Nganjuk,-7.6044,111.9013
2022-06-10,30.9,23.5,26.4,1.3,1.3,3.44,15.4,16.88,91,65,Nganjuk,-7.6044,111.9013
2022-06-11,30.7,22.6,26.3,7.6,7.6,3.68,12.1,18.3,97,67,Nganjuk,-7.6044,111.9013
2022-06-12,30.5,23.8,26.1,1.8,1.8,3.78,19.6,19.32,95,64,Nganjuk,-7.6044,111.9013
2022-06-13,30.5,23.0,25.8,12.3,12.3,3.37,10.0,16.8,95,66,Nganjuk,-7.6044,111.9013
2022-06-14,29.1,23.8,25.7,6.9,6.9,2.92,10.8,14.91,96,72,Nganjuk,-7.6044,111.9013
2022-06-15,29.6,22.9,26.4,4.5,4.5,3.4,12.1,17.13,93,70,Nganjuk,-7.6044,111.9013
2022-06-16,30.5,23.0,26.2,2.2,2.2,3.64,12.1,18.3,97,65,Nganjuk,-7.6044,111.9013
2022-06-17,30.3,22.5,25.8,0.9,0.9,3.25,15.3,16.06,95,60,Nganjuk,-7.6044,111.9013
2022-06-18,31.0,22.0,26.2,0.6,0.6,4.08,20.5,19.62,97,59,Nganjuk,-7.6044,111.9013
2022-06-19,30.6,22.9,26.1,2.0,2.0,3.77,14.4,18.33,93,63,Nganjuk,-7.6044,111.9013
2022-06-20,31.1,23.7,26.9,2.4,2.4,4.2,20.4,18.88,87,59,Nganjuk,-7.6044,111.9013
2022-06-21,31.0,22.5,27.1,0.2,0.2,4.44,16.8,19.12,93,54,Nganjuk,-7.6044,111.9013
2022-06-22,31.5,23.9,27.3,0.0,0.0,4.92,21.0,20.27,82,50,Nganjuk,-7.6044,111.9013
2022-06-23,30.9,21.5,26.6,3.0,3.0,4.38,20.9,18.74,90,57,Nganjuk,-7.6044,111.9013
2022-06-24,31.8,25.4,28.0,0.0,0.0,5.38,26.1,19.08,72,53,Nganjuk,-7.6044,111.9013
2022-06-25,31.4,23.2,27.2,0.9,0.9,4.54,20.2,18.6,84,57,Nganjuk,-7.6044,111.9013
2022-06-26,30.4,23.7,26.3,14.9,14.9,3.57,17.7,15.69,97,59,Nganjuk,-7.6044,111.9013
2022-06-27,31.2,23.0,27.1,0.0,0.0,4.99,25.8,18.16,98,57,Nganjuk,-7.6044,111.9013
2022-06-28,31.2,24.5,27.4,0.0,0.0,6.0,26.6,20.31,77,49,Nganjuk,-7.6044,111.9013
2022-06-29,31.9,24.5,27.5,0.0,0.0,6.05,22.4,20.9,68,41,Nganjuk,-7.6044,111.9013
2022-06-30,31.5,22.1,26.9,1.4,1.4,4.84,19.9,18.97,83,52,Nganjuk,-7.6044,111.9013
2022-07-01,31.1,23.8,27.6,0.2,0.2,5.17,26.9,18.82,81,56,Nganjuk,-7.6044,111.9013
2022-07-02,32.7,24.4,28.1,0.5,0.5,4.83,20.9,19.52,80,49,Nganjuk,-7.6044,111.9013
2022-07-03,31.5,22.6,26.6,6.3,6.3,3.4,11.2,16.2,98,61,Nganjuk,-7.6044,111.9013
2022-07-04,30.5,23.6,27.0,0.8,0.8,3.29,10.8,15.59,94,67,Nganjuk,-7.6044,111.9013
2022-07-05,31.2,23.6,26.5,1.6,1.6,3.42,12.6,16.5,96,61,Nganjuk,-7.6044,111.9013
2022-07-06,30.8,22.5,25.9,1.5,1.5,3.55,14.4,17.16,98,63,Nganjuk,-7.6044,111.9013
2022-07-07,31.4,20.5,26.2,0.0,0.0,5.08,21.7,21.31,94,53,Nganjuk,-7.6044,111.9013
2022-07-08,30.8,21.3,26.2,0.0,0.0,5.69,26.3,20.84,89,48,Nganjuk,-7.6044,111.9013
2022-07-09,31.0,19.9,26.1,0.0,0.0,5.41,21.9,20.85,83,46,Nganjuk,-7.6044,111.9013
2022-07-10,31.9,21.9,27.0,0.0,0.0,5.28,21.3,20.66,86,47,Nganjuk,-7.6044,111.9013
2022-07-11,32.0,21.8,27.4,2.5,2.5,4.73,22.4,19.52,91,52,Nganjuk,-7.6044,111.9013
2022-07-12,32.6,22.8,27.4,0.3,0.3,4.62,22.7,19.98,96,49,Nganjuk,-7.6044,111.9013
2022-07-13,32.0,22.4,26.5,2.8,2.8,3.97,11.3,18.82,96,51,Nganjuk,-7.6044,111.9013
2022-07-14,31.9,22.1,26.0,14.9,14.9,3.78,14.2,18.21,99,55,Nganjuk,-7.6044,111.9013
2022-07-15,31.5,22.9,27.2,0.5,0.5,4.58,21.9,19.21,94,54,Nganjuk,-7.6044,111.9013
2022-07-16,31.9,22.5,27.2,0.0,0.0,4.5,19.0,19.87,95,53,Nganjuk,-7.6044,111.9013
2022-07-17,31.6,23.8,26.7,6.2,6.2,3.71,21.3,14.64,91,53,Nganjuk,-7.6044,111.9013
2022-07-18,32.2,23.1,27.3,0.8,0.8,4.73,23.2,19.24,88,53,Nganjuk,-7.6044,111.9013
2022-07-19,33.3,25.0,28.3,0.0,0.0,5.68,22.2,20.8,80,43,Nganjuk,-7.6044,111.9013
2022-07-20,33.5,22.9,27.4,0.0,0.0,5.18,21.5,21.29,85,41,Nganjuk,-7.6044,111.9013
2022-07-21,33.0,22.4,27.4,0.0,0.0,5.7,25.5,20.85,86,44,Nganjuk,-7.6044,111.9013
2022-07-22,32.7,25.5,28.2,0.4,0.4,5.66,23.9,19.9,76,47,Nganjuk,-7.6044,111.9013
2022-07-23,32.8,23.5,27.4,0.1,0.1,5.11,28.1,19.27,86,47,Nganjuk,-7.6044,111.9013
2022-07-24,32.2,24.1,27.3,0.0,0.0,6.84,28.8,21.84,73,43,Nganjuk,-7.6044,111.9013
2022-07-25,31.8,22.8,26.5,0.0,0.0,6.79,28.5,22.32,67,36,Nganjuk,-7.6044,111.9013
2022-07-26,33.0,20.8,26.9,0.0,0.0,5.82,18.1,22.32,81,34,Nganjuk,-7.6044,111.9013
2022-07-27,33.6,21.9,27.8,0.1,0.1,5.37,19.6,21.35,85,42,Nganjuk,-7.6044,111.9013
2022-07-28,33.5,21.8,27.5,0.0,0.0,5.22,21.1,21.39,96,43,Nganjuk,-7.6044,111.9013
2022-07-29,34.2,22.3,27.6,0.0,0.0,5.22,22.2,21.37,91,38,Nganjuk,-7.6044,111.9013
2022-07-30,33.8,23.7,27.8,0.0,0.0,5.41,21.4,21.47,84,39,Nganjuk,-7.6044,111.9013
2022-07-31,33.8,22.6,28.0,0.0,0.0,5.26,17.7,21.2,84,35,Nganjuk,-7.6044,111.9013
2022-08-01,34.5,21.5,28.1,0.0,0.0,5.45,20.8,22.47,91,34,Nganjuk,-7.6044,111.9013
2022-08-02,34.0,23.1,27.9,4.5,4.5,4.8,21.9,19.86,84,44,Nganjuk,-7.6044,111.9013
2022-08-03,34.2,22.8,27.6,2.1,2.1,4.98,21.2,20.93,98,46,Nganjuk,-7.6044,111.9013
2022-08-04,34.8,24.7,28.7,0.0,0.0,7.29,27.1,23.09,76,29,Nganjuk,-7.6044,111.9013
2022-08-05,34.5,20.4,27.2,0.0,0.0,6.38,27.2,23.2,80,32,Nganjuk,-7.6044,111.9013
2022-08-06,33.7,20.5,27.2,0.2,0.2,5.76,24.0,21.99,81,39,Nganjuk,-7.6044,111.9013
2022-08-07,32.1,23.1,27.3,0.3,0.3,5.33,25.8,20.12,86,48,Nganjuk,-7.6044,111.9013
2022-08-08,33.5,22.7,27.7,0.0,0.0,6.11,30.4,22.3,84,43,Nganjuk,-7.6044,111.9013
2022-08-09,34.1,24.5,28.4,0.0,0.0,6.45,28.0,22.17,77,38,Nganjuk,-7.6044,111.9013
2022-08-10,34.7,25.1,28.9,0.8,0.8,6.11,26.4,21.84,75,39,Nganjuk,-7.6044,111.9013
2022-08-11,32.8,24.2,28.4,0.6,0.6,4.99,20.1,19.37,84,49,Nganjuk,-7.6044,111.9013
2022-08-12,34.3,24.7,28.3,4.6,4.6,4.35,11.9,19.38,86,45,Nganjuk,-7.6044,111.9013
2022-08-13,33.0,23.4,26.7,6.3,6.3,3.85,13.7,17.85,97,48,Nganjuk,-7.6044,111.9013
2022-08-14,31.9,22.1,25.5,20.8,20.8,3.76,11.9,18.17,99,55,Nganjuk,-7.6044,111.9013
2022-08-15,31.9,22.2,26.2,15.9,15.9,4.25,17.4,20.48,98,54,Nganjuk,-7.6044,111.9013
2022-08-16,32.1,22.9,26.9,0.1,0.1,4.86,20.6,21.6,91,54,Nganjuk,-7.6044,111.9013
2022-08-17,32.2,23.2,27.3,0.0,0.0,5.79,26.8,21.94,81,46,Nganjuk,-7.6044,111.9013
2022-08-18,32.2,25.0,27.9,0.4,0.4,6.27,25.8,22.32,73,49,Nganjuk,-7.6044,111.9013
2022-08-19,32.7,23.8,27.8,0.2,0.2,6.0,31.0,22.4,81,47,Nganjuk,-7.6044,111.9013
2022-08-20,32.6,25.0,28.1,0.0,0.0,6.72,25.2,22.73,71,44,Nganjuk,-7.6044,111.9013
2022-08-21,32.5,23.3,27.5,0.5,0.5,5.6,22.7,21.59,82,45,Nganjuk,-7.6044,111.9013
2022-08-22,33.5,23.3,28.0,0.0,0.0,6.22,24.1,22.41,79,42,Nganjuk,-7.6044,111.9013
2022-08-23,33.2,24.2,28.1,0.0,0.0,6.67,29.3,23.25,74,42,Nganjuk,-7.6044,111.9013
2022-08-24,33.8,23.0,27.9,0.0,0.0,6.54,26.1,23.43,77,36,Nganjuk,-7.6044,111.9013
2022-08-25,33.2,24.4,28.1,0.0,0.0,6.56,24.8,22.4,74,39,Nganjuk,-7.6044,111.9013
2022-08-26,34.2,23.8,28.2,0.8,0.8,6.06,28.7,22.56,78,41,Nganjuk,-7.6044,111.9013
2022-08-27,33.3,25.0,28.2,0.1,0.1,6.35,30.9,21.55,72,45,Nganjuk,-7.6044,111.9013
2022-08-28,33.1,24.1,27.7,0.0,0.0,6.85,30.0,23.88,75,40,Nganjuk,-7.6044,111.9013
2022-08-29,34.2,23.9,28.1,0.2,0.2,6.56,28.7,22.62,72,37,Nganjuk,-7.6044,111.9013
2022-08-30,34.2,25.0,28.7,0.0,0.0,6.39,28.6,23.0,75,42,Nganjuk,-7.6044,111.9013
2022-08-31,33.1,23.9,27.8,3.6,3.6,5.15,20.7,21.98,86,48,Nganjuk,-7.6044,111.9013
2022-09-01,33.8,23.6,28.4,2.9,2.9,5.64,21.2,22.63,87,42,Nganjuk,-7.6044,111.9013
2022-09-02,35.5,24.0,29.1,0.3,0.3,6.09,18.2,23.07,87,37,Nganjuk,-7.6044,111.9013
2022-09-03,35.1,23.7,28.8,0.0,0.0,6.63,25.0,24.19,85,32,Nganjuk,-7.6044,111.9013
2022-09-04,34.3,24.5,28.7,0.4,0.4,5.87,28.7,22.9,81,40,Nganjuk,-7.6044,111.9013
2022-09-05,34.4,24.5,29.0,0.0,0.0,5.36,17.4,20.71,81,39,Nganjuk,-7.6044,111.9013
2022-09-06,34.5,24.0,28.8,0.0,0.0,6.0,25.0,23.64,85,39,Nganjuk,-7.6044,111.9013
2022-09-07,34.0,24.0,28.4,1.6,1.6,5.62,26.3,21.95,85,42,Nganjuk,-7.6044,111.9013
2022-09-08,35.5,23.8,27.6,19.9,19.9,4.77,14.6,21.71,90,37,Nganjuk,-7.6044,111.9013
2022-09-09,32.2,23.1,26.0,17.1,17.1,3.1,10.7,14.27,98,51,Nganjuk,-7.6044,111.9013
2022-09-10,32.6,23.1,26.3,20.8,20.8,4.12,19.4,19.31,98,50,Nganjuk,-7.6044,111.9013
2022-09-11,31.6,23.0,26.7,2.0,2.0,4.55,18.4,21.01,98,59,Nganjuk,-7.6044,111.9013
2022-09-12,33.5,23.4,28.0,0.1,0.1,5.71,17.0,24.79,83,41,Nganjuk,-7.6044,111.9013
2022-09-13,34.4,21.7,27.8,0.0,0.0,6.16,24.8,24.27,88,39,Nganjuk,-7.6044,111.9013
2022-09-14,33.5,24.2,28.4,0.3,0.3,6.42,25.8,23.45,81,41,Nganjuk,-7.6044,111.9013
2022-09-15,33.3,25.0,28.5,0.0,0.0,6.47,29.7,23.52,75,44,Nganjuk,-7.6044,111.9013
2022-09-16,34.2,25.3,28.6,0.7,0.7,6.05,26.9,23.1,76,40,Nganjuk,-7.6044,111.9013
2022-09-17,34.2,24.0,28.5,0.0,0.0,6.44,24.3,24.76,88,37,Nganjuk,-7.6044,111.9013
2022-09-18,35.4,22.6,28.5,0.2,0.2,6.48,23.5,24.52,82,35,Nganjuk,-7.6044,111.9013
2022-09-19,34.2,23.0,28.4,0.0,0.0,6.73,27.7,24.35,83,39,Nganjuk,-7.6044,111.9013
2022-09-20,33.6,24.6,28.6,0.1,0.1,6.49,29.8,21.58,74,44,Nganjuk,-7.6044,111.9013
2022-09-21,34.2,25.4,28.5,0.3,0.3,5.39,25.2,19.03,75,40,Nganjuk,-7.6044,111.9013
2022-09-22,34.8,25.8,29.1,0.9,0.9,6.55,27.7,22.99,75,41,Nganjuk,-7.6044,111.9013
2022-09-23,34.8,25.1,29.3,1.8,1.8,6.41,19.7,24.38,77,40,Nganjuk,-7.6044,111.9013
2022-09-24,34.2,25.5,29.3,1.1,1.1,6.6,22.5,23.97,80,41,Nganjuk,-7.6044,111.9013
2022-09-25,34.5,25.4,29.1,0.1,0.1,6.95,29.5,23.97,80,39,Nganjuk,-7.6044,111.9013
2022-09-26,33.0,25.5,28.7,0.0,0.0,7.01,31.6,23.98,76,44,Nganjuk,-7.6044,111.9013
2022-09-27,34.7,25.1,28.9,0.0,0.0,7.24,27.2,24.42,73,36,Nganjuk,-7.6044,111.9013
2022-09-28,34.3,23.2,28.4,0.0,0.0,6.89,29.1,25.7,76,36,Nganjuk,-7.6044,111.9013
2022-09-29,34.3,23.4,28.7,0.0,0.0,6.35,26.3,24.7,82,38,Nganjuk,-7.6044,111.9013
2022-09-30,34.2,24.8,27.6,14.1,14.1,4.31,19.8,18.09,94,46,Nganjuk,-7.6044,111.9013
2022-10-01,32.6,23.9,26.7,13.6,13.6,3.85,14.2,17.96,96,58,Nganjuk,-7.6044,111.9013
2022-10-02,30.0,24.1,26.0,8.0,8.0,2.58,9.0,12.16,99,69,Nganjuk,-7.6044,111.9013
2022-10-03,28.1,23.2,25.2,17.6,17.6,2.23,12.2,11.26,99,78,Nganjuk,-7.6044,111.9013
2022-10-04,31.5,22.9,26.7,0.0,0.0,4.6,13.1,21.36,99,59,Nganjuk,-7.6044,111.9013
2022-10-05,31.5,23.2,26.8,1.2,1.2,4.61,14.5,21.26,91,56,Nganjuk,-7.6044,111.9013
2022-10-06,31.0,24.0,26.6,3.1,3.1,4.4,23.3,20.03,92,60,Nganjuk,-7.6044,111.9013
2022-10-07,32.0,23.6,27.1,0.9,0.9,4.52,16.6,20.34,94,58,Nganjuk,-7.6044,111.9013
2022-10-08,31.8,23.2,26.7,5.6,5.6,4.08,17.4,18.46,99,57,Nganjuk,-7.6044,111.9013
2022-10-09,32.7,23.0,27.2,3.7,3.7,4.93,18.8,22.02,96,54,Nganjuk,-7.6044,111.9013
2022-10-10,31.6,23.5,26.8,2.2,2.2,4.38,19.9,20.71,96,58,Nganjuk,-7.6044,111.9013
2022-10-11,31.5,23.6,27.1,1.3,1.3,4.23,19.0,18.39,89,52,Nganjuk,-7.6044,111.9013
2022-10-12,31.0,23.1,27.2,0.5,0.5,4.5,20.1,18.06,90,57,Nganjuk,-7.6044,111.9013
2022-10-13,31.9,23.9,27.5,0.3,0.3,4.9,18.8,20.91,85,55,Nganjuk,-7.6044,111.9013
2022-10-14,32.1,23.6,27.5,1.4,1.4,5.0,17.9,21.83,93,54,Nganjuk,-7.6044,111.9013
2022-10-15,31.7,23.4,26.3,16.3,16.3,4.17,19.1,18.9,99,56,Nganjuk,-7.6044,111.9013
2022-10-16,31.9,23.2,27.5,2.7,2.7,5.5,22.7,23.34,94,57,Nganjuk,-7.6044,111.9013
2022-10-17,31.0,23.8,27.0,1.6,1.6,4.11,23.7,17.44,93,60,Nganjuk,-7.6044,111.9013
2022-10-18,29.2,23.9,26.2,1.1,1.1,3.11,18.7,14.28,96,68,Nganjuk,-7.6044,111.9013
2022-10-19,30.9,23.2,26.1,2.3,2.3,3.02,13.5,13.79,97,62,Nganjuk,-7.6044,111.9013
2022-10-20,31.2,23.0,26.1,17.2,17.2,3.67,13.0,17.69,98,60,Nganjuk,-7.6044,111.9013
2022-10-21,31.1,23.1,25.8,21.1,21.1,2.99,11.6,14.31,98,64,Nganjuk,-7.6044,111.9013
2022-10-22,31.3,23.4,26.9,0.2,0.2,3.97,10.5,18.77,98,59,Nganjuk,-7.6044,111.9013
2022-10-23,30.1,23.3,26.0,4.2,4.2,3.35,10.5,16.29,98,66,Nganjuk,-7.6044,111.9013
2022-10-24,28.0,22.9,24.9,36.1,36.1,2.81,8.8,14.15,99,79,Nganjuk,-7.6044,111.9013
2022-10-25,28.9,22.5,25.1,30.2,30.2,3.32,10.9,16.44,97,76,Nganjuk,-7.6044,111.9013
2022-10-26,27.2,23.1,24.6,21.9,21.9,2.33,8.2,11.71,99,81,Nganjuk,-7.6044,111.9013
2022-10-27,30.1,22.5,25.6,0.2,0.2,4.52,18.3,21.76,98,63,Nganjuk,-7.6044,111.9013
2022-10-28,29.7,20.9,25.7,1.2,1.2,5.65,21.9,25.89,91,58,Nganjuk,-7.6044,111.9013
2022-10-29,29.5,20.8,25.4,0.1,0.1,4.33,14.5,20.19,88,63,Nganjuk,-7.6044,111.9013
2022-10-30,29.8,21.5,26.0,0.5,0.5,5.23,19.4,24.4,90,59,Nganjuk,-7.6044,111.9013
2022-10-31,31.1,21.3,26.2,0.2,0.2,5.44,22.9,25.27,87,57,Nganjuk,-7.6044,111.9013
2022-11-01,31.0,23.5,26.9,1.0,1.0,4.61,17.3,21.04,96,60,Nganjuk,-7.6044,111.9013
2022-11-02,31.0,23.6,26.8,1.8,1.8,4.29,17.9,19.03,99,63,Nganjuk,-7.6044,111.9013
2022-11-03,32.2,23.2,26.9,4.2,4.2,4.74,9.7,22.74,97,55,Nganjuk,-7.6044,111.9013
2022-11-04,31.2,23.2,26.9,5.0,5.0,4.47,18.6,21.56,96,64,Nganjuk,-7.6044,111.9013
2022-11-05,31.5,23.2,26.7,2.3,2.3,4.08,17.3,19.83,97,62,Nganjuk,-7.6044,111.9013
2022-11-06,31.6,23.0,26.1,13.4,13.4,4.13,15.5,19.97,99,58,Nganjuk,-7.6044,111.9013
2022-11-07,31.1,22.6,25.4,19.0,19.0,3.56,12.1,17.85,97,62,Nganjuk,-7.6044,111.9013
2022-11-08,31.2,23.0,26.2,3.8,3.8,4.37,13.1,21.05,96,62,Nganjuk,-7.6044,111.9013
2022-11-09,30.2,23.0,25.4,9.1,9.1,2.88,12.1,14.09,97,67,Nganjuk,-7.6044,111.9013
2022-11-10,30.6,22.9,25.9,5.9,5.9,3.39,11.7,16.05,98,67,Nganjuk,-7.6044,111.9013
2022-11-11,30.0,23.0,25.8,3.0,3.0,3.63,8.8,17.72,96,70,Nganjuk,-7.6044,111.9013
2022-11-12,30.3,22.9,25.7,4.9,4.9,3.23,9.5,15.68,98,68,Nganjuk,-7.6044,111.9013
2022-11-13,30.0,23.0,26.0,4.2,4.2,3.69,12.0,18.21,98,67,Nganjuk,-7.6044,111.9013
2022-11-14,31.0,23.3,25.9,20.4,20.4,3.47,12.4,17.06,99,69,Nganjuk,-7.6044,111.9013
2022-11-15,30.4,23.2,25.7,16.3,16.3,3.22,9.8,15.89,98,73,Nganjuk,-7.6044,111.9013
2022-11-16,29.4,23.5,25.7,19.2,19.2,2.21,9.7,10.71,99,75,Nganjuk,-7.6044,111.9013
2022-11-17,31.6,23.6,26.3,16.3,16.3,3.84,25.6,18.58,97,68,Nganjuk,-7.6044,111.9013
2022-11-18,30.0,23.1,25.9,8.5,8.5,3.28,14.0,15.35,98,72,Nganjuk,-7.6044,111.9013
2022-11-19,27.5,23.5,25.0,10.3,10.3,1.61,13.4,7.2,97,76,Nganjuk,-7.6044,111.9013
2022-11-20,30.5,23.5,26.2,5.3,5.3,3.91,18.6,19.56,94,66,Nganjuk,-7.6044,111.9013
2022-11-21,30.4,21.9,26.0,1.5,1.5,3.97,12.4,19.32,97,66,Nganjuk,-7.6044,111.9013
2022-11-22,30.2,22.4,26.2,2.9,2.9,4.1,8.4,19.98,97,68,Nganjuk,-7.6044,111.9013
2022-11-23,30.0,22.8,26.0,1.8,1.8,3.23,10.9,15.37,96,64,Nganjuk,-7.6044,111.9013
2022-11-24,29.9,23.2,25.5,21.1,21.1,3.28,11.0,16.23,97,71,Nganjuk,-7.6044,111.9013
2022-11-25,30.9,22.9,25.5,19.6,19.6,4.02,11.9,19.55,98,64,Nganjuk,-7.6044,111.9013
2022-11-26,29.8,22.8,25.0,8.9,8.9,3.23,10.8,16.01,99,68,Nganjuk,-7.6044,111.9013
2022-11-27,30.4,22.5,25.3,9.1,9.1,3.39,9.2,16.96,99,66,Nganjuk,-7.6044,111.9013
2022-11-28,29.0,23.0,25.7,2.7,2.7,3.32,9.9,16.03,98,74,Nganjuk,-7.6044,111.9013
2022-11-29,29.4,22.9,25.7,2.1,2.1,3.52,8.9,17.3,98,71,Nganjuk,-7.6044,111.9013
2022-11-30,30.8,23.0,25.7,1.0,1.0,4.21,16.4,20.47,97,65,Nganjuk,-7.6044,111.9013
2022-12-01,29.9,22.1,25.5,15.4,15.4,4.32,7.9,21.15,94,66,Nganjuk,-7.6044,111.9013
2022-12-02,30.7,21.6,26.1,0.2,0.2,4.52,15.0,21.27,94,59,Nganjuk,-7.6044,111.9013
2022-12-03,30.4,22.2,26.5,0.2,0.2,4.07,12.5,19.02,92,62,Nganjuk,-7.6044,111.9013
2022-12-04,30.8,22.5,25.8,2.9,2.9,3.65,11.0,17.99,95,68,Nganjuk,-7.6044,111.9013
2022-12-05,30.1,23.2,25.5,20.8,20.8,3.16,17.2,15.63,97,71,Nganjuk,-7.6044,111.9013
2022-12-06,30.5,23.7,26.0,18.0,18.0,3.85,8.7,18.85,96,68,Nganjuk,-7.6044,111.9013
2022-12-07,31.1,22.7,25.8,11.5,11.5,3.98,12.2,19.59,97,61,Nganjuk,-7.6044,111.9013
2022-12-08,31.7,22.9,27.1,0.6,0.6,5.04,19.1,24.45,95,59,Nganjuk,-7.6044,111.9013
2022-12-09,32.3,22.6,27.6,0.4,0.4,5.59,18.2,25.4,93,50,Nganjuk,-7.6044,111.9013
2022-12-10,31.5,21.5,26.8,0.0,0.0,5.54,16.2,25.35,93,56,Nganjuk,-7.6044,111.9013
2022-12-11,31.9,22.8,27.0,0.1,0.1,4.91,16.8,23.68,89,59,Nganjuk,-7.6044,111.9013
2022-12-12,32.8,23.4,27.9,0.3,0.3,5.42,17.8,24.22,92,50,Nganjuk,-7.6044,111.9013
2022-12-13,31.9,23.6,26.8,3.8,3.8,4.27,13.2,20.46,98,61,Nganjuk,-7.6044,111.9013
2022-12-14,31.0,23.6,26.1,10.1,10.1,3.55,13.8,17.42,99,65,Nganjuk,-7.6044,111.9013
2022-12-15,30.4,23.5,26.0,3.9,3.9,3.66,8.3,17.82,98,59,Nganjuk,-7.6044,111.9013
2022-12-16,29.0,22.9,24.8,23.8,23.8,2.54,11.1,12.66,98,74,Nganjuk,-7.6044,111.9013
2022-12-17,29.5,22.2,25.6,7.2,7.2,4.14,8.4,20.79,99,70,Nganjuk,-7.6044,111.9013
2022-12-18,31.5,21.6,26.6,0.4,0.4,5.04,11.3,24.28,99,58,Nganjuk,-7.6044,111.9013
2022-12-19,31.5,22.4,26.2,2.3,2.3,4.74,6.8,23.05,95,59,Nganjuk,-7.6044,111.9013
2022-12-20,30.5,23.1,26.3,9.9,9.9,4.46,9.0,22.11,97,65,Nganjuk,-7.6044,111.9013
2022-12-21,29.9,22.3,26.0,5.3,5.3,3.84,7.5,19.03,98,69,Nganjuk,-7.6044,111.9013
2022-12-22,29.6,23.0,25.4,9.0,9.0,2.61,14.5,12.57,97,72,Nganjuk,-7.6044,111.9013
2022-12-23,30.2,23.0,25.4,35.9,35.9,2.5,15.8,11.54,99,63,Nganjuk,-7.6044,111.9013
2022-12-24,29.1,22.9,25.3,9.0,9.0,2.44,13.0,11.21,98,71,Nganjuk,-7.6044,111.9013
2022-12-25,26.7,23.4,24.7,20.0,20.0,1.36,17.9,6.34,96,85,Nganjuk,-7.6044,111.9013
2022-12-26,29.2,21.9,24.9,6.4,6.4,2.7,15.6,13.23,100,73,Nganjuk,-7.6044,111.9013
2022-12-27,28.2,22.4,24.7,10.6,10.6,2.58,18.2,12.76,99,72,Nganjuk,-7.6044,111.9013
2022-12-28,29.7,22.9,25.8,16.5,16.5,3.51,20.3,17.16,96,69,Nganjuk,-7.6044,111.9013
2022-12-29,28.3,23.4,25.1,16.7,16.7,2.36,20.0,11.22,99,77,Nganjuk,-7.6044,111.9013
2022-12-30,27.3,23.4,24.9,14.8,14.8,2.13,21.9,10.04,96,83,Nganjuk,-7.6044,111.9013
2022-12-31,26.5,23.2,24.8,9.5,9.5,2.2,23.2,10.42,95,82,Nganjuk,-7.6044,111.9013
2023-01-01,27.6,23.8,25.3,6.9,6.9,2.7,28.0,12.66,95,77,Nganjuk,-7.6044,111.9013
2023-01-02,29.6,23.5,25.6,12.7,12.7,3.13,23.0,15.45,94,72,Nganjuk,-7.6044,111.9013
2023-01-03,30.5,22.9,25.8,9.0,9.0,4.02,20.4,19.87,96,62,Nganjuk,-7.6044,111.9013
2023-01-04,30.1,23.2,25.9,4.3,4.3,4.01,17.1,19.86,96,67,Nganjuk,-7.6044,111.9013
2023-01-05,29.3,22.6,25.6,1.7,1.7,3.63,8.5,17.96,98,71,Nganjuk,-7.6044,111.9013
2023-01-06,29.5,23.4,25.6,5.3,5.3,3.12,9.8,15.16,96,71,Nganjuk,-7.6044,111.9013
2023-01-07,29.8,22.7,25.7,3.6,3.6,4.67,9.6,23.7,96,68,Nganjuk,-7.6044,111.9013
2023-01-08,30.2,22.5,25.9,5.5,5.5,4.35,12.9,21.56,95,71,Nganjuk,-7.6044,111.9013
2023-01-09,29.2,22.3,25.0,25.7,25.7,3.94,11.8,20.3,97,71,Nganjuk,-7.6044,111.9013
2023-01-10,30.0,22.1,25.6,4.3,4.3,4.38,9.7,22.19,96,69,Nganjuk,-7.6044,111.9013
2023-01-11,31.3,22.0,26.4,0.0,0.0,5.26,13.0,25.32,98,61,Nganjuk,-7.6044,111.9013
2023-01-12,31.4,21.6,26.4,0.0,0.0,5.48,14.8,25.65,92,59,Nganjuk,-7.6044,111.9013
2023-01-13,31.4,21.5,26.3,0.0,0.0,5.38,10.1,26.19,89,52,Nganjuk,-7.6044,111.9013
2023-01-14,31.2,24.3,27.2,0.5,0.5,4.28,10.0,20.29,94,59,Nganjuk,-7.6044,111.9013
2023-01-15,31.0,22.8,26.0,5.8,5.8,3.47,14.6,16.78,98,64,Nganjuk,-7.6044,111.9013
2023-01-16,30.2,23.1,25.9,8.5,8.5,2.98,17.7,14.32,100,69,Nganjuk,-7.6044,111.9013
2023-01-17,29.0,23.1,25.5,14.3,14.3,2.94,12.2,14.48,96,79,Nganjuk,-7.6044,111.9013
2023-01-18,28.8,22.6,24.9,3.7,3.7,3.32,8.7,16.94,99,76,Nganjuk,-7.6044,111.9013
2023-01-19,31.0,22.8,25.6,9.4,9.4,3.83,8.0,18.61,98,63,Nganjuk,-7.6044,111.9013
2023-01-20,29.0,22.5,25.3,0.8,0.8,3.76,7.5,18.86,97,72,Nganjuk,-7.6044,111.9013
2023-01-21,29.8,22.4,25.1,8.3,8.3,3.55,8.4,17.67,97,69,Nganjuk,-7.6044,111.9013
2023-01-22,29.5,23.0,25.8,3.9,3.9,3.77,5.9,18.93,98,73,Nganjuk,-7.6044,111.9013
2023-01-23,31.0,22.7,26.7,0.5,0.5,4.51,6.9,22.02,97,60,Nganjuk,-7.6044,111.9013
2023-01-24,31.0,23.1,26.8,3.8,3.8,4.61,5.4,22.45,94,64,Nganjuk,-7.6044,111.9013
2023-01-25,29.1,23.5,25.5,19.6,19.6,2.6,10.1,12.72,98,76,Nganjuk,-7.6044,111.9013
2023-01-26,28.0,22.5,24.7,43.1,43.1,2.55,9.0,12.72,98,77,Nganjuk,-7.6044,111.9013
2023-01-27,28.8,22.8,25.0,19.6,19.6,2.35,10.5,11.2,98,77,Nganjuk,-7.6044,111.9013
2023-01-28,28.8,22.9,25.0,10.8,10.8,2.55,18.4,12.32,97,74,Nganjuk,-7.6044,111.9013
2023-01-29,30.0,23.1,25.6,8.1,8.1,3.22,19.7,15.65,98,70,Nganjuk,-7.6044,111.9013
2023-01-30,30.1,23.4,25.8,13.4,13.4,3.22,15.7,15.64,99,72,Nganjuk,-7.6044,111.9013
2023-01-31,29.7,23.5,26.0,3.9,3.9,2.94,10.8,13.89,95,67,Nganjuk,-7.6044,111.9013
2023-02-01,30.0,22.9,25.4,30.9,30.9,3.07,14.6,15.01,97,71,Nganjuk,-7.6044,111.9013
2023-02-02,27.5,23.2,24.9,10.8,10.8,1.64,12.8,7.53,99,79,Nganjuk,-7.6044,111.9013
2023-02-03,29.5,23.4,25.5,4.2,4.2,2.42,22.5,11.17,95,70,Nganjuk,-7.6044,111.9013
2023-02-04,29.8,23.1,25.5,14.9,14.9,2.54,17.9,12.6,97,71,Nganjuk,-7.6044,111.9013
2023-02-05,31.5,23.4,26.7,6.1,6.1,3.89,9.8,17.87,98,48,Nganjuk,-7.6044,111.9013
2023-02-06,30.5,23.0,25.7,0.5,0.5,2.74,10.2,12.46,92,57,Nganjuk,-7.6044,111.9013
2023-02-07,29.9,22.0,25.3,19.2,19.2,2.9,15.5,13.67,97,62,Nganjuk,-7.6044,111.9013
2023-02-08,27.8,23.1,24.7,39.0,39.0,1.21,18.4,5.34,98,80,Nganjuk,-7.6044,111.9013
2023-02-09,29.4,23.0,25.1,17.3,17.3,2.98,18.6,14.86,97,72,Nganjuk,-7.6044,111.9013
2023-02-10,30.0,23.2,25.5,35.3,35.3,3.02,14.5,14.9,98,70,Nganjuk,-7.6044,111.9013
2023-02-11,28.8,24.0,25.2,13.4,13.4,2.57,18.6,13.26,97,77,Nganjuk,-7.6044,111.9013
2023-02-12,29.7,23.2,25.0,27.6,27.6,2.22,17.6,10.81,98,73,Nganjuk,-7.6044,111.9013
2023-02-13,28.5,22.9,24.7,6.3,6.3,2.67,9.1,13.22,98,78,Nganjuk,-7.6044,111.9013
2023-02-14,30.1,22.0,25.1,3.7,3.7,3.72,8.0,18.7,97,73,Nganjuk,-7.6044,111.9013
2023-02-15,27.8,22.2,24.7,9.1,9.1,2.72,9.9,13.59,98,78,Nganjuk,-7.6044,111.9013
2023-02-16,27.9,22.9,24.5,30.3,30.3,2.18,12.6,10.86,98,81,Nganjuk,-7.6044,111.9013
2023-02-17,29.0,22.7,25.3,8.3,8.3,2.92,13.6,14.12,99,71,Nganjuk,-7.6044,111.9013
2023-02-18,29.8,22.9,25.3,10.7,10.7,3.01,11.5,14.76,100,69,Nganjuk,-7.6044,111.9013
2023-02-19,30.4,22.7,25.7,7.5,7.5,3.91,10.0,19.33,98,66,Nganjuk,-7.6044,111.9013
2023-02-20,29.5,22.5,25.3,19.2,19.2,3.43,8.4,17.15,99,75,Nganjuk,-7.6044,111.9013
2023-02-21,29.9,23.2,25.6,7.5,7.5,3.2,15.8,16.16,99,72,Nganjuk,-7.6044,111.9013
2023-02-22,29.7,23.3,25.5,12.4,12.4,3.19,22.3,16.13,98,72,Nganjuk,-7.6044,111.9013
2023-02-23,28.6,23.6,25.7,2.2,2.2,3.0,25.8,14.98,96,77,Nganjuk,-7.6044,111.9013
2023-02-24,28.1,23.3,25.6,4.8,4.8,2.6,23.2,12.46,97,78,Nganjuk,-7.6044,111.9013
2023-02-25,29.8,23.3,25.9,5.4,5.4,3.39,28.8,16.64,97,69,Nganjuk,-7.6044,111.9013
2023-02-26,29.0,22.8,25.1,21.9,21.9,3.03,22.4,15.17,100,68,Nganjuk,-7.6044,111.9013
2023-02-27,27.5,23.5,24.9,11.5,11.5,2.35,29.0,11.95,96,81,Nganjuk,-7.6044,111.9013
2023-02-28,29.8,22.8,25.1,15.2,15.2,3.11,25.8,15.86,98,69,Nganjuk,-7.6044,111.9013
2023-03-01,29.2,22.1,24.8,10.7,10.7,3.16,10.4,15.39,98,68,Nganjuk,-7.6044,111.9013
2023-03-02,27.7,22.9,24.4,63.8,63.8,2.43,17.5,12.42,98,79,Nganjuk,-7.6044,111.9013
2023-03-03,30.0,21.6,25.4,1.6,1.6,3.99,12.4,20.23,98,64,Nganjuk,-7.6044,111.9013
2023-03-04,30.5,23.0,25.6,12.6,12.6,3.83,9.1,18.79,97,67,Nganjuk,-7.6044,111.9013
2023-03-05,29.8,22.2,25.4,3.5,3.5,3.69,11.2,18.21,98,69,Nganjuk,-7.6044,111.9013
2023-03-06,30.5,22.4,25.8,3.9,3.9,4.55,9.8,23.05,98,65,Nganjuk,-7.6044,111.9013
2023-03-07,30.1,22.1,25.8,3.9,3.9,4.69,8.1,23.54,99,65,Nganjuk,-7.6044,111.9013
2023-03-08,29.3,22.7,25.3,3.2,3.2,3.8,12.0,19.14,97,71,Nganjuk,-7.6044,111.9013
2023-03-09,31.2,22.1,26.1,0.9,0.9,4.8,8.8,23.59,98,59,Nganjuk,-7.6044,111.9013
2023-03-10,31.1,22.2,26.2,2.2,2.2,4.92,15.6,24.4,97,62,Nganjuk,-7.6044,111.9013
2023-03-11,32.2,22.5,27.1,1.7,1.7,5.19,14.5,24.62,96,57,Nganjuk,-7.6044,111.9013
2023-03-12,31.7,20.6,26.5,0.2,0.2,5.46,11.1,26.37,98,53,Nganjuk,-7.6044,111.9013
2023-03-13,31.2,22.0,26.5,0.3,0.3,5.25,13.7,25.29,96,53,Nganjuk,-7.6044,111.9013
2023-03-14,31.0,22.8,25.5,3.6,3.6,4.26,14.1,21.19,97,55,Nganjuk,-7.6044,111.9013
2023-03-15,31.5,22.2,26.2,3.6,3.6,4.41,11.4,21.69,99,61,Nganjuk,-7.6044,111.9013
2023-03-16,31.0,23.6,26.9,4.6,4.6,4.28,13.7,21.16,94,66,Nganjuk,-7.6044,111.9013
2023-03-17,31.0,23.5,26.2,3.2,3.2,3.77,11.4,18.39,96,64,Nganjuk,-7.6044,111.9013
2023-03-18,31.6,23.4,26.2,3.6,3.6,4.27,13.7,21.32,96,62,Nganjuk,-7.6044,111.9013
2023-03-19,31.2,22.3,26.5,6.0,6.0,4.49,14.2,22.2,96,63,Nganjuk,-7.6044,111.9013
2023-03-20,31.5,23.8,26.4,8.1,8.1,3.85,13.8,18.55,97,62,Nganjuk,-7.6044,111.9013
2023-03-21,31.7,22.8,26.7,4.7,4.7,5.04,10.6,24.72,99,63,Nganjuk,-7.6044,111.9013
2023-03-22,30.6,22.8,26.3,6.9,6.9,3.8,11.2,18.62,98,70,Nganjuk,-7.6044,111.9013
2023-03-23,32.0,23.3,26.7,0.8,0.8,3.99,13.8,19.33,99,60,Nganjuk,-7.6044,111.9013
2023-03-24,31.0,24.6,26.9,7.9,7.9,3.49,10.9,16.44,97,65,Nganjuk,-7.6044,111.9013
2023-03-25,30.6,23.6,25.8,6.5,6.5,3.14,14.8,15.35,98,69,Nganjuk,-7.6044,111.9013
2023-03-26,30.1,22.9,25.4,20.4,20.4,3.35,16.2,16.88,97,77,Nganjuk,-7.6044,111.9013
2023-03-27,28.9,23.1,25.7,4.3,4.3,2.79,16.5,13.76,98,74,Nganjuk,-7.6044,111.9013
2023-03-28,30.2,23.9,25.8,19.1,19.1,3.05,16.6,14.89,98,69,Nganjuk,-7.6044,111.9013
2023-03-29,30.1,23.0,26.0,14.5,14.5,3.31,5.1,15.99,96,68,Nganjuk,-7.6044,111.9013
2023-03-30,29.6,23.0,25.9,18.4,18.4,3.54,10.6,17.4,96,69,Nganjuk,-7.6044,111.9013
2023-03-31,28.1,23.3,25.0,25.6,25.6,2.82,12.4,14.05,98,77,Nganjuk,-7.6044,111.9013
2023-04-01,27.5,23.0,24.6,20.8,20.8,2.51,9.7,12.99,98,81,Nganjuk,-7.6044,111.9013
2023-04-02,28.0,22.0,24.7,11.8,11.8,2.78,11.0,14.13,99,75,Nganjuk,-7.6044,111.9013
2023-04-03,28.5,22.9,25.0,18.9,18.9,2.96,8.2,14.63,97,75,Nganjuk,-7.6044,111.9013
2023-04-04,30.0,23.0,25.4,3.6,3.6,3.81,12.6,18.98,98,66,Nganjuk,-7.6044,111.9013
2023-04-05,30.0,24.1,26.2,0.4,0.4,3.91,8.5,18.96,92,63,Nganjuk,-7.6044,111.9013
2023-04-06,29.3,22.4,25.6,3.5,3.5,3.24,13.3,16.12,94,68,Nganjuk,-7.6044,111.9013
2023-04-07,29.2,23.0,25.7,0.5,0.5,3.29,8.2,16.06,96,71,Nganjuk,-7.6044,111.9013
2023-04-08,30.1,23.1,25.7,17.6,17.6,3.95,9.4,19.5,98,65,Nganjuk,-7.6044,111.9013
2023-04-09,30.4,22.4,26.2,6.7,6.7,4.2,6.2,20.85,97,67,Nganjuk,-7.6044,111.9013
2023-04-10,29.4,22.3,25.2,3.7,3.7,3.38,7.6,17.24,98,73,Nganjuk,-7.6044,111.9013
2023-04-11,29.6,22.4,25.7,2.6,2.6,3.56,10.6,18.1,98,78,Nganjuk,-7.6044,111.9013
2023-04-12,28.5,23.3,25.4,13.1,13.1,3.1,8.2,15.82,98,80,Nganjuk,-7.6044,111.9013
2023-04-13,27.5,23.1,25.0,15.9,15.9,2.31,7.9,11.53,99,86,Nganjuk,-7.6044,111.9013
2023-04-14,29.6,22.9,25.8,0.8,0.8,3.33,11.5,16.46,96,71,Nganjuk,-7.6044,111.9013
2023-04-15,30.0,23.3,26.3,2.6,2.6,3.73,6.9,18.59,94,72,Nganjuk,-7.6044,111.9013
2023-04-16,30.0,23.0,26.6,2.9,2.9,4.17,10.8,20.55,95,73,Nganjuk,-7.6044,111.9013
2023-04-17,30.4,24.0,26.3,7.8,7.8,3.43,11.0,16.75,98,68,Nganjuk,-7.6044,111.9013
2023-04-18,30.7,23.6,26.2,2.7,2.7,3.73,15.1,18.7,96,67,Nganjuk,-7.6044,111.9013
2023-04-19,32.0,22.7,27.3,0.0,0.0,5.05,16.5,23.39,90,60,Nganjuk,-7.6044,111.9013
2023-04-20,32.0,23.0,26.8,3.8,3.8,4.54,13.7,22.0,96,58,Nganjuk,-7.6044,111.9013
2023-04-21,31.4,23.4,26.6,3.3,3.3,4.03,8.2,19.91,97,63,Nganjuk,-7.6044,111.9013
2023-04-22,31.2,23.5,26.5,12.1,12.1,4.14,14.1,20.32,95,62,Nganjuk,-7.6044,111.9013
2023-04-23,31.8,25.0,27.7,0.0,0.0,4.33,9.5,20.91,91,60,Nganjuk,-7.6044,111.9013
2023-04-24,31.4,22.9,26.9,10.7,10.7,4.18,8.3,20.25,97,66,Nganjuk,-7.6044,111.9013
2023-04-25,31.5,23.3,26.9,3.3,3.3,4.33,13.5,21.01,96,63,Nganjuk,-7.6044,111.9013
2023-04-26,31.9,23.9,26.9,0.0,0.0,4.14,16.6,20.51,94,60,Nganjuk,-7.6044,111.9013
2023-04-27,31.1,23.6,26.9,1.0,1.0,4.14,16.2,20.3,96,66,Nganjuk,-7.6044,111.9013
2023-04-28,30.0,23.4,26.4,3.7,3.7,2.97,11.2,14.26,97,72,Nganjuk,-7.6044,111.9013
2023-04-29,29.2,23.5,25.2,28.8,28.8,2.22,7.7,10.89,99,76,Nganjuk,-7.6044,111.9013
2023-04-30,31.6,23.6,26.6,0.1,0.1,3.99,15.3,19.24,99,61,Nganjuk,-7.6044,111.9013
2023-05-01,31.0,24.0,26.7,17.1,17.1,3.83,12.2,18.87,98,71,Nganjuk,-7.6044,111.9013
2023-05-02,30.0,23.4,26.2,5.6,5.6,3.21,8.4,15.97,97,74,Nganjuk,-7.6044,111.9013
2023-05-03,30.5,24.6,26.8,7.5,7.5,3.58,9.9,17.85,93,73,Nganjuk,-7.6044,111.9013
2023-05-04,31.6,24.4,26.9,19.9,19.9,3.93,7.9,19.26,96,69,Nganjuk,-7.6044,111.9013
2023-05-05,31.2,23.8,27.2,0.7,0.7,4.17,12.5,20.49,99,66,Nganjuk,-7.6044,111.9013
2023-05-06,31.0,22.9,26.6,2.4,2.4,3.73,13.0,18.33,96,69,Nganjuk,-7.6044,111.9013
2023-05-07,31.4,23.4,27.4,0.0,0.0,4.33,16.5,20.06,93,62,Nganjuk,-7.6044,111.9013
2023-05-08,31.9,22.7,27.5,0.0,0.0,4.5,12.8,21.06,90,56,Nganjuk,-7.6044,111.9013
2023-05-09,31.3,23.4,26.8,0.2,0.2,3.88,18.6,18.19,93,65,Nganjuk,-7.6044,111.9013
2023-05-10,30.5,23.5,26.4,7.6,7.6,3.4,18.2,16.99,99,72,Nganjuk,-7.6044,111.9013
2023-05-11,30.4,23.9,26.1,10.2,10.2,3.04,8.9,15.1,97,70,Nganjuk,-7.6044,111.9013
2023-05-12,31.6,23.2,27.1,1.7,1.7,4.26,14.7,19.89,96,67,Nganjuk,-7.6044,111.9013
2023-05-13,31.0,25.5,27.7,0.0,0.0,5.56,29.5,21.05,83,59,Nganjuk,-7.6044,111.9013
2023-05-14,30.4,24.2,27.1,0.0,0.0,5.59,24.0,21.78,77,63,Nganjuk,-7.6044,111.9013
2023-05-15,30.5,24.0,26.7,0.0,0.0,5.36,22.1,21.62,78,59,Nganjuk,-7.6044,111.9013
2023-05-16,30.0,22.6,26.4,0.0,0.0,4.93,18.5,20.79,81,57,Nganjuk,-7.6044,111.9013
2023-05-17,29.9,22.1,26.1,0.0,0.0,4.81,16.5,21.52,84,55,Nganjuk,-7.6044,111.9013
2023-05-18,30.4,21.0,26.0,0.0,0.0,4.68,14.1,21.36,87,58,Nganjuk,-7.6044,111.9013
2023-05-19,31.6,22.3,27.0,0.0,0.0,4.57,13.5,20.34,87,52,Nganjuk,-7.6044,111.9013
2023-05-20,31.8,22.2,27.3,0.0,0.0,4.94,19.0,20.94,84,51,Nganjuk,-7.6044,111.9013
2023-05-21,31.5,21.4,26.9,0.0,0.0,4.92,18.0,21.28,88,51,Nganjuk,-7.6044,111.9013
2023-05-22,31.5,22.5,27.3,0.0,0.0,5.3,19.8,21.5,81,49,Nganjuk,-7.6044,111.9013
2023-05-23,31.5,21.6,26.9,0.0,0.0,4.82,16.0,21.33,88,51,Nganjuk,-7.6044,111.9013
2023-05-24,31.9,22.1,27.0,0.0,0.0,4.7,16.3,20.79,89,49,Nganjuk,-7.6044,111.9013
2023-05-25,32.8,22.5,27.5,0.0,0.0,5.41,21.7,21.72,87,45,Nganjuk,-7.6044,111.9013
2023-05-26,32.7,23.0,27.8,0.0,0.0,5.23,18.4,21.43,82,46,Nganjuk,-7.6044,111.9013
2023-05-27,32.5,25.0,28.2,0.0,0.0,5.85,25.9,20.4,76,46,Nganjuk,-7.6044,111.9013
2023-05-28,32.2,24.8,27.7,0.0,0.0,5.67,23.9,19.83,74,45,Nganjuk,-7.6044,111.9013
2023-05-29,32.2,23.4,27.9,0.0,0.0,5.0,16.6,18.31,81,46,Nganjuk,-7.6044,111.9013
2023-05-30,32.6,22.0,27.4,0.0,0.0,5.07,18.4,21.72,88,42,Nganjuk,-7.6044,111.9013
2023-05-31,32.8,22.0,27.5,0.0,0.0,4.93,16.5,20.78,84,42,Nganjuk,-7.6044,111.9013
2023-06-01,33.3,23.2,28.1,0.0,0.0,5.21,21.2,21.12,87,45,Nganjuk,-7.6044,111.9013
2023-06-02,33.3,24.0,28.5,0.0,0.0,5.47,24.5,20.08,86,48,Nganjuk,-7.6044,111.9013
2023-06-03,33.5,24.0,28.5,0.2,0.2,5.32,21.2,20.59,84,49,Nganjuk,-7.6044,111.9013
2023-06-04,32.4,24.0,28.0,0.2,0.2,4.88,21.5,19.44,85,53,Nganjuk,-7.6044,111.9013
2023-06-05,31.5,24.3,27.7,1.0,1.0,4.46,21.3,17.14,87,55,Nganjuk,-7.6044,111.9013
2023-06-06,31.8,25.1,27.8,1.1,1.1,4.67,25.2,17.01,79,54,Nganjuk,-7.6044,111.9013
2023-06-07,32.0,24.4,27.6,9.8,9.8,4.68,25.3,17.42,92,52,Nganjuk,-7.6044,111.9013
2023-06-08,32.7,24.0,27.6,2.0,2.0,4.6,19.5,19.39,91,50,Nganjuk,-7.6044,111.9013
2023-06-09,33.0,24.1,28.3,0.0,0.0,5.56,22.3,20.7,77,47,Nganjuk,-7.6044,111.9013
2023-06-10,33.1,22.8,27.7,0.0,0.0,5.33,21.3,20.4,88,45,Nganjuk,-7.6044,111.9013
2023-06-11,33.2,22.9,27.9,0.4,0.4,4.98,23.0,19.11,86,48,Nganjuk,-7.6044,111.9013
2023-06-12,33.5,23.5,28.2,0.9,0.9,4.69,21.6,19.37,91,50,Nganjuk,-7.6044,111.9013
2023-06-13,32.7,24.1,28.3,0.7,0.7,4.88,20.3,19.05,79,52,Nganjuk,-7.6044,111.9013
2023-06-14,33.2,25.2,28.5,0.0,0.0,5.68,17.8,20.3,76,44,Nganjuk,-7.6044,111.9013
2023-06-15,33.2,23.4,27.9,0.0,0.0,4.84,20.4,17.47,86,43,Nganjuk,-7.6044,111.9013
2023-06-16,32.8,23.5,27.8,0.0,0.0,4.69,18.6,19.68,85,45,Nganjuk,-7.6044,111.9013
2023-06-17,33.5,22.8,28.1,0.0,0.0,4.76,14.3,20.54,90,44,Nganjuk,-7.6044,111.9013
2023-06-18,33.8,22.2,27.9,0.0,0.0,4.78,11.1,20.62,96,43,Nganjuk,-7.6044,111.9013
2023-06-19,33.9,24.2,28.6,0.1,0.1,4.64,20.3,19.3,83,40,Nganjuk,-7.6044,111.9013
2023-06-20,33.7,23.5,28.1,0.0,0.0,4.55,20.2,19.13,89,42,Nganjuk,-7.6044,111.9013
2023-06-21,34.7,23.3,28.6,0.0,0.0,5.89,25.0,20.77,81,40,Nganjuk,-7.6044,111.9013
2023-06-22,35.0,24.7,29.0,0.0,0.0,5.74,24.8,19.97,75,39,Nganjuk,-7.6044,111.9013
2023-06-23,33.7,23.8,28.1,0.0,0.0,4.98,19.6,19.9,84,41,Nganjuk,-7.6044,111.9013
2023-06-24,33.8,22.6,27.8,0.0,0.0,4.81,16.3,20.53,82,39,Nganjuk,-7.6044,111.9013
2023-06-25,32.5,22.6,27.5,0.0,0.0,4.38,16.5,18.41,87,46,Nganjuk,-7.6044,111.9013
2023-06-26,32.8,22.9,27.6,0.1,0.1,4.55,19.3,19.02,84,45,Nganjuk,-7.6044,111.9013
2023-06-27,32.6,23.5,27.5,0.1,0.1,4.97,25.0,18.64,85,47,Nganjuk,-7.6044,111.9013
2023-06-28,33.0,25.1,28.3,0.0,0.0,5.58,25.6,19.48,77,48,Nganjuk,-7.6044,111.9013
2023-06-29,33.5,25.0,28.6,0.0,0.0,5.25,22.1,19.27,80,47,Nganjuk,-7.6044,111.9013
2023-06-30,33.5,23.6,28.1,0.6,0.6,5.26,23.1,19.82,84,46,Nganjuk,-7.6044,111.9013
2023-07-01,33.0,26.1,28.4,0.0,0.0,5.53,28.2,18.37,74,49,Nganjuk,-7.6044,111.9013
2023-07-02,32.5,25.6,28.2,0.3,0.3,4.92,23.7,17.99,74,50,Nganjuk,-7.6044,111.9013
2023-07-03,32.7,23.2,27.8,0.0,0.0,4.61,21.5,18.25,86,49,Nganjuk,-7.6044,111.9013
2023-07-04,33.2,23.6,27.8,0.0,0.0,4.71,22.3,19.09,87,47,Nganjuk,-7.6044,111.9013
2023-07-05,33.5,24.0,28.3,0.0,0.0,4.99,21.5,19.08,88,48,Nganjuk,-7.6044,111.9013
2023-07-06,33.2,25.0,28.4,1.0,1.0,5.11,25.5,18.62,82,49,Nganjuk,-7.6044,111.9013
2023-07-07,32.0,25.2,27.7,1.2,1.2,4.35,25.1,15.78,80,52,Nganjuk,-7.6044,111.9013
2023-07-08,31.6,24.8,27.4,2.7,2.7,3.55,22.4,13.72,94,54,Nganjuk,-7.6044,111.9013
2023-07-09,32.5,23.0,27.3,1.0,1.0,4.63,19.2,19.59,99,48,Nganjuk,-7.6044,111.9013
2023-07-10,33.5,22.8,27.7,0.0,0.0,4.88,22.3,20.44,91,47,Nganjuk,-7.6044,111.9013
2023-07-11,33.8,23.1,28.1,0.0,0.0,5.82,21.9,20.94,88,36,Nganjuk,-7.6044,111.9013
2023-07-12,33.0,22.2,27.7,0.0,0.0,6.28,24.9,21.13,79,38,Nganjuk,-7.6044,111.9013
2023-07-13,32.5,24.8,28.2,0.0,0.0,5.61,27.5,19.14,74,48,Nganjuk,-7.6044,111.9013
2023-07-14,32.3,25.0,28.0,0.0,0.0,5.72,29.0,19.08,77,45,Nganjuk,-7.6044,111.9013
2023-07-15,33.5,22.9,27.9,0.0,0.0,5.41,21.4,20.3,85,43,Nganjuk,-7.6044,111.9013
2023-07-16,32.5,22.5,27.1,0.0,0.0,5.48,25.0,20.77,85,45,Nganjuk,-7.6044,111.9013
2023-07-17,33.2,21.6,27.4,0.0,0.0,6.02,22.8,21.82,83,36,Nganjuk,-7.6044,111.9013
2023-07-18,33.7,21.8,27.4,0.0,0.0,5.48,19.0,21.77,87,36,Nganjuk,-7.6044,111.9013
2023-07-19,32.5,23.1,27.4,0.0,0.0,6.53,30.6,21.11,78,38,Nganjuk,-7.6044,111.9013
2023-07-20,32.5,22.5,27.2,0.0,0.0,6.7,27.8,21.61,71,39,Nganjuk,-7.6044,111.9013
2023-07-21,32.5,23.9,27.2,0.0,0.0,5.93,29.8,19.86,75,43,Nganjuk,-7.6044,111.9013
2023-07-22,33.0,23.0,27.9,0.0,0.0,6.0,19.9,20.98,70,38,Nganjuk,-7.6044,111.9013
2023-07-23,33.2,23.6,28.0,0.0,0.0,5.74,21.8,20.13,73,40,Nganjuk,-7.6044,111.9013
2023-07-24,32.7,21.5,27.2,0.0,0.0,4.77,14.3,20.17,85,43,Nganjuk,-7.6044,111.9013
2023-07-25,33.2,21.8,27.4,0.0,0.0,4.95,15.5,20.37,92,41,Nganjuk,-7.6044,111.9013
2023-07-26,33.2,23.0,27.2,0.0,0.0,5.94,22.2,22.12,80,35,Nganjuk,-7.6044,111.9013
2023-07-27,32.5,19.0,25.9,0.0,0.0,5.57,22.7,21.99,85,38,Nganjuk,-7.6044,111.9013
2023-07-28,32.7,21.8,26.8,0.0,0.0,5.94,22.2,21.88,78,36,Nganjuk,-7.6044,111.9013
2023-07-29,32.8,21.2,26.9,0.0,0.0,6.07,25.3,22.22,80,37,Nganjuk,-7.6044,111.9013
2023-07-30,32.2,22.0,26.6,0.0,0.0,6.02,26.2,20.71,76,38,Nganjuk,-7.6044,111.9013
2023-07-31,33.6,20.8,26.9,0.0,0.0,5.53,24.8,22.4,83,37,Nganjuk,-7.6044,111.9013
2023-08-01,34.3,20.2,27.0,0.0,0.0,5.24,22.9,21.93,95,36,Nganjuk,-7.6044,111.9013
2023-08-02,34.2,21.8,27.6,0.0,0.0,5.17,17.9,21.96,97,41,Nganjuk,-7.6044,111.9013
2023-08-03,34.4,22.0,27.7,0.0,0.0,5.17,21.4,19.62,96,42,Nganjuk,-7.6044,111.9013
2023-08-04,32.3,22.5,27.5,0.0,0.0,5.68,30.6,20.85,90,45,Nganjuk,-7.6044,111.9013
2023-08-05,34.9,22.6,27.9,0.0,0.0,5.87,27.9,22.04,79,36,Nganjuk,-7.6044,111.9013
2023-08-06,33.5,23.6,28.0,0.0,0.0,5.48,23.2,21.46,79,42,Nganjuk,-7.6044,111.9013
2023-08-07,33.8,22.0,27.7,0.0,0.0,5.47,23.8,21.68,90,41,Nganjuk,-7.6044,111.9013
2023-08-08,33.2,22.3,27.2,0.0,0.0,5.48,22.8,22.15,88,38,Nganjuk,-7.6044,111.9013
2023-08-09,33.3,20.4,27.0,0.0,0.0,5.6,20.8,23.07,87,37,Nganjuk,-7.6044,111.9013
2023-08-10,33.5,20.1,26.3,0.0,0.0,5.98,19.4,23.86,94,29,Nganjuk,-7.6044,111.9013
2023-08-11,33.2,18.9,26.0,0.0,0.0,6.32,20.7,23.83,91,33,Nganjuk,-7.6044,111.9013
2023-08-12,33.0,19.5,26.2,0.0,0.0,5.85,22.7,23.18,75,36,Nganjuk,-7.6044,111.9013
2023-08-13,33.3,21.9,27.0,0.0,0.0,5.79,16.4,23.32,76,34,Nganjuk,-7.6044,111.9013
2023-08-14,34.0,21.0,27.3,0.0,0.0,6.21,21.9,23.37,79,32,Nganjuk,-7.6044,111.9013
2023-08-15,34.2,21.5,27.5,0.0,0.0,6.05,24.3,22.5,86,36,Nganjuk,-7.6044,111.9013
2023-08-16,34.2,21.2,27.2,0.0,0.0,6.8,30.1,23.04,77,33,Nganjuk,-7.6044,111.9013
2023-08-17,32.4,23.2,26.7,0.0,0.0,6.17,30.4,21.66,74,41,Nganjuk,-7.6044,111.9013
2023-08-18,33.3,21.5,26.8,0.0,0.0,5.91,27.9,22.44,82,38,Nganjuk,-7.6044,111.9013
2023-08-19,33.8,21.8,27.5,0.0,0.0,5.71,20.9,22.23,84,36,Nganjuk,-7.6044,111.9013
2023-08-20,33.8,22.0,27.3,0.0,0.0,5.79,22.2,22.35,91,38,Nganjuk,-7.6044,111.9013
2023-08-21,34.0,21.5,27.8,0.0,0.0,6.29,27.9,22.87,82,36,Nganjuk,-7.6044,111.9013
2023-08-22,33.9,22.9,27.9,0.0,0.0,6.3,26.5,22.76,80,35,Nganjuk,-7.6044,111.9013
2023-08-23,33.2,22.2,27.4,0.0,0.0,6.3,28.0,22.94,81,37,Nganjuk,-7.6044,111.9013
2023-08-24,34.8,22.6,27.8,0.0,0.0,6.16,24.6,23.24,79,35,Nganjuk,-7.6044,111.9013
2023-08-25,35.0,22.5,28.0,0.0,0.0,6.03,29.6,22.9,85,34,Nganjuk,-7.6044,111.9013
2023-08-26,34.2,22.9,27.8,0.0,0.0,5.84,25.0,22.83,81,38,Nganjuk,-7.6044,111.9013
2023-08-27,33.6,21.8,27.3,0.0,0.0,5.75,24.5,23.51,87,37,Nganjuk,-7.6044,111.9013
2023-08-28,34.5,22.4,27.9,0.0,0.0,6.43,20.7,25.0,77,29,Nganjuk,-7.6044,111.9013
2023-08-29,35.0,22.3,28.0,0.0,0.0,6.42,20.0,24.86,82,30,Nganjuk,-7.6044,111.9013
2023-08-30,34.7,20.8,27.2,0.0,0.0,5.97,23.0,24.8,85,31,Nganjuk,-7.6044,111.9013
2023-08-31,34.7,21.3,27.5,0.0,0.0,6.38,24.6,24.55,94,34,Nganjuk,-7.6044,111.9013
2023-09-01,34.2,21.6,27.4,0.0,0.0,6.73,24.6,25.37,81,31,Nganjuk,-7.6044,111.9013
2023-09-02,33.7,20.0,26.5,0.0,0.0,6.25,27.9,23.9,83,32,Nganjuk,-7.6044,111.9013
2023-09-03,33.3,21.4,26.8,0.0,0.0,6.29,27.8,22.77,86,31,Nganjuk,-7.6044,111.9013
2023-09-04,34.4,22.6,27.6,0.0,0.0,7.59,26.1,25.77,71,23,Nganjuk,-7.6044,111.9013
2023-09-05,34.7,21.6,27.5,0.0,0.0,6.8,28.2,24.92,75,32,Nganjuk,-7.6044,111.9013
2023-09-06,34.2,23.5,28.0,0.0,0.0,6.73,32.2,23.34,76,39,Nganjuk,-7.6044,111.9013
2023-09-07,34.2,23.4,28.0,0.0,0.0,6.51,28.7,23.72,77,37,Nganjuk,-7.6044,111.9013
2023-09-08,34.8,22.2,28.0,0.0,0.0,6.44,26.4,24.4,80,33,Nganjuk,-7.6044,111.9013
2023-09-09,35.0,22.4,27.6,0.0,0.0,6.62,23.3,26.24,70,24,Nganjuk,-7.6044,111.9013
2023-09-10,34.3,20.4,27.0,0.0,0.0,6.61,28.9,24.42,82,33,Nganjuk,-7.6044,111.9013
2023-09-11,35.0,23.6,28.7,0.3,0.3,6.43,24.5,23.81,75,35,Nganjuk,-7.6044,111.9013
2023-09-12,34.8,23.7,28.8,0.0,0.0,6.85,27.5,24.26,82,37,Nganjuk,-7.6044,111.9013
2023-09-13,35.3,22.6,28.6,0.0,0.0,7.06,31.3,25.03,77,31,Nganjuk,-7.6044,111.9013
2023-09-14,32.4,24.1,28.4,0.1,0.1,7.0,30.4,23.4,73,38,Nganjuk,-7.6044,111.9013
2023-09-15,34.8,23.0,28.5,0.0,0.0,6.79,27.4,24.42,77,35,Nganjuk,-7.6044,111.9013
2023-09-16,35.2,24.0,28.6,0.0,0.0,6.22,24.7,24.29,74,37,Nganjuk,-7.6044,111.9013
2023-09-17,35.2,24.2,29.0,0.0,0.0,6.72,27.5,23.76,74,37,Nganjuk,-7.6044,111.9013
2023-09-18,34.2,23.7,28.3,0.0,0.0,6.94,30.9,25.01,75,36,Nganjuk,-7.6044,111.9013
2023-09-19,34.6,22.1,28.0,0.0,0.0,6.56,28.6,24.18,77,34,Nganjuk,-7.6044,111.9013
2023-09-20,34.8,22.2,28.5,0.0,0.0,6.85,27.6,25.08,78,36,Nganjuk,-7.6044,111.9013
2023-09-21,35.3,21.8,28.4,0.0,0.0,7.29,25.9,25.83,75,33,Nganjuk,-7.6044,111.9013
2023-09-22,34.2,21.3,27.3,0.0,0.0,7.09,34.0,25.23,72,28,Nganjuk,-7.6044,111.9013
2023-09-23,35.0,21.5,27.7,0.0,0.0,6.38,25.4,24.83,78,29,Nganjuk,-7.6044,111.9013
2023-09-24,35.2,21.6,28.6,0.0,0.0,6.7,22.7,25.43,84,31,Nganjuk,-7.6044,111.9013
2023-09-25,35.1,23.4,28.6,0.0,0.0,7.52,29.9,25.69,79,29,Nganjuk,-7.6044,111.9013
2023-09-26,35.2,24.4,29.0,0.0,0.0,8.18,27.3,26.1,66,27,Nganjuk,-7.6044,111.9013
2023-09-27,35.5,22.5,28.6,0.0,0.0,7.01,23.4,26.2,77,32,Nganjuk,-7.6044,111.9013
2023-09-28,36.5,22.2,28.8,0.0,0.0,6.72,23.7,26.02,83,31,Nganjuk,-7.6044,111.9013
2023-09-29,36.5,23.4,29.1,0.0,0.0,6.97,23.8,26.09,82,30,Nganjuk,-7.6044,111.9013
2023-09-30,36.2,22.8,29.1,0.0,0.0,7.32,29.9,26.15,82,27,Nganjuk,-7.6044,111.9013
2023-10-01,35.3,21.5,28.7,0.4,0.4,7.55,26.0,26.47,81,30,Nganjuk,-7.6044,111.9013
2023-10-02,34.8,22.4,28.4,0.0,0.0,7.19,30.2,25.86,80,33,Nganjuk,-7.6044,111.9013
2023-10-03,35.7,23.5,28.8,0.0,0.0,6.66,31.3,25.28,76,34,Nganjuk,-7.6044,111.9013
2023-10-04,36.8,25.0,29.8,0.1,0.1,6.59,25.7,25.74,74,32,Nganjuk,-7.6044,111.9013
2023-10-05,37.2,23.4,29.5,0.1,0.1,6.49,23.5,25.38,89,34,Nganjuk,-7.6044,111.9013
2023-10-06,36.7,24.0,30.2,0.0,0.0,6.6,22.1,24.62,86,35,Nganjuk,-7.6044,111.9013
2023-10-07,36.5,25.0,30.0,0.1,0.1,6.7,24.0,24.77,82,37,Nganjuk,-7.6044,111.9013
2023-10-08,36.8,25.5,30.2,0.1,0.1,6.44,20.4,24.66,80,28,Nganjuk,-7.6044,111.9013
2023-10-09,36.8,23.5,29.9,0.3,0.3,6.55,23.8,25.66,86,31,Nganjuk,-7.6044,111.9013
2023-10-10,36.6,25.0,30.0,0.0,0.0,6.98,22.6,26.26,79,29,Nganjuk,-7.6044,111.9013
2023-10-11,37.0,24.7,29.8,0.0,0.0,7.18,24.8,26.89,77,29,Nganjuk,-7.6044,111.9013
2023-10-12,36.4,23.7,29.8,0.0,0.0,6.99,24.1,25.89,82,31,Nganjuk,-7.6044,111.9013
2023-10-13,36.5,25.0,30.3,0.3,0.3,7.28,23.3,25.06,75,31,Nganjuk,-7.6044,111.9013
2023-10-14,36.2,25.9,30.3,0.0,0.0,6.88,22.1,26.04,72,33,Nganjuk,-7.6044,111.9013
2023-10-15,36.9,23.2,30.2,0.3,0.3,6.75,18.3,25.46,84,31,Nganjuk,-7.6044,111.9013
2023-10-16,37.2,25.4,30.8,0.0,0.0,6.92,21.1,25.14,75,36,Nganjuk,-7.6044,111.9013
2023-10-17,38.3,25.7,30.6,0.5,0.5,7.08,23.6,25.68,78,21,Nganjuk,-7.6044,111.9013
2023-10-18,36.9,24.0,30.1,0.0,0.0,6.92,21.5,26.01,86,29,Nganjuk,-7.6044,111.9013
2023-10-19,36.2,24.6,29.9,0.2,0.2,6.28,19.3,24.9,79,35,Nganjuk,-7.6044,111.9013
2023-10-20,36.2,24.8,30.0,0.4,0.4,6.83,23.2,25.29,82,34,Nganjuk,-7.6044,111.9013
2023-10-21,37.0,24.6,30.6,0.0,0.0,7.08,23.4,26.52,79,31,Nganjuk,-7.6044,111.9013
2023-10-22,36.7,23.5,30.2,0.0,0.0,6.74,20.8,25.65,80,32,Nganjuk,-7.6044,111.9013
2023-10-23,35.7,24.1,30.0,0.2,0.2,6.7,23.7,25.85,82,34,Nganjuk,-7.6044,111.9013
2023-10-24,36.2,24.7,30.2,0.4,0.4,6.51,23.4,24.75,83,36,Nganjuk,-7.6044,111.9013
2023-10-25,37.3,24.5,30.1,0.0,0.0,6.89,23.3,26.0,83,30,Nganjuk,-7.6044,111.9013
2023-10-26,37.7,24.2,30.6,0.1,0.1,7.28,23.6,25.28,77,30,Nganjuk,-7.6044,111.9013
2023-10-27,39.3,25.2,30.8,0.0,0.0,7.37,22.7,26.12,76,18,Nganjuk,-7.6044,111.9013
2023-10-28,36.3,24.1,29.8,1.1,1.1,6.84,26.6,25.07,77,29,Nganjuk,-7.6044,111.9013
2023-10-29,36.5,25.0,30.5,0.0,0.0,7.07,22.0,24.79,77,34,Nganjuk,-7.6044,111.9013
2023-10-30,36.4,25.0,30.3,0.0,0.0,7.22,28.9,25.82,79,34,Nganjuk,-7.6044,111.9013
2023-10-31,36.6,24.8,30.7,0.3,0.3,7.11,25.4,25.05,83,37,Nganjuk,-7.6044,111.9013
2023-11-01,37.7,25.3,31.1,0.4,0.4,7.62,22.9,25.51,79,30,Nganjuk,-7.6044,111.9013
2023-11-02,37.8,25.2,31.2,0.1,0.1,7.44,23.2,26.29,79,29,Nganjuk,-7.6044,111.9013
2023-11-03,36.8,25.5,29.1,13.1,13.1,5.05,28.3,21.72,90,38,Nganjuk,-7.6044,111.9013
2023-11-04,35.3,24.4,29.0,4.0,4.0,5.19,20.3,21.71,96,44,Nganjuk,-7.6044,111.9013
2023-11-05,35.6,24.6,29.9,1.7,1.7,6.05,21.2,25.04,93,42,Nganjuk,-7.6044,111.9013
2023-11-06,37.1,25.0,30.3,0.0,0.0,6.69,24.1,26.23,86,34,Nganjuk,-7.6044,111.9013
2023-11-07,36.8,24.9,30.2,0.0,0.0,6.43,22.9,25.01,83,38,Nganjuk,-7.6044,111.9013
2023-11-08,38.0,25.4,30.7,0.4,0.4,6.63,22.2,26.19,80,30,Nganjuk,-7.6044,111.9013
2023-11-09,37.1,25.0,30.6,0.0,0.0,6.51,25.0,24.64,83,33,Nganjuk,-7.6044,111.9013
2023-11-10,37.2,25.1,29.8,2.0,2.0,5.73,28.5,23.0,83,38,Nganjuk,-7.6044,111.9013
2023-11-11,37.2,24.1,29.8,0.5,0.5,6.12,25.6,24.23,91,35,Nganjuk,-7.6044,111.9013
2023-11-12,35.6,25.2,29.8,1.3,1.3,6.27,25.8,23.77,81,39,Nganjuk,-7.6044,111.9013
2023-11-13,36.8,25.5,30.2,1.1,1.1,6.43,24.2,24.4,79,36,Nganjuk,-7.6044,111.9013
2023-11-14,36.2,26.4,30.2,0.6,0.6,5.64,30.7,22.54,79,42,Nganjuk,-7.6044,111.9013
2023-11-15,35.5,26.0,30.4,0.6,0.6,5.99,24.3,23.18,84,43,Nganjuk,-7.6044,111.9013
2023-11-16,36.5,25.8,30.4,0.3,0.3,6.23,20.5,24.48,83,39,Nganjuk,-7.6044,111.9013
2023-11-17,36.1,25.9,30.3,0.0,0.0,6.68,26.5,25.35,81,37,Nganjuk,-7.6044,111.9013
2023-11-18,36.3,24.4,29.9,0.0,0.0,7.02,27.7,25.98,84,37,Nganjuk,-7.6044,111.9013
2023-11-19,36.1,25.3,30.2,0.0,0.0,7.29,28.9,25.59,76,38,Nganjuk,-7.6044,111.9013
2023-11-20,36.2,25.9,30.5,0.3,0.3,6.79,28.0,24.26,75,40,Nganjuk,-7.6044,111.9013
2023-11-21,36.8,25.8,30.9,0.4,0.4,6.97,26.5,25.42,80,36,Nganjuk,-7.6044,111.9013
2023-11-22,36.5,26.5,31.1,0.3,0.3,7.08,25.4,24.7,77,38,Nganjuk,-7.6044,111.9013
2023-11-23,37.3,26.6,30.9,1.1,1.1,6.21,20.2,22.76,80,38,Nganjuk,-7.6044,111.9013
2023-11-24,35.7,25.8,28.7,10.0,10.0,4.94,19.7,21.31,91,45,Nganjuk,-7.6044,111.9013
2023-11-25,35.4,24.0,27.6,16.1,16.1,4.68,12.9,21.21,97,45,Nganjuk,-7.6044,111.9013
2023-11-26,34.6,23.1,28.6,0.3,0.3,5.99,17.9,25.17,96,44,Nganjuk,-7.6044,111.9013
2023-11-27,34.8,24.9,28.7,9.5,9.5,5.32,11.9,24.07,92,40,Nganjuk,-7.6044,111.9013
2023-11-28,30.9,23.7,27.2,9.9,9.9,3.02,13.6,12.68,97,57,Nganjuk,-7.6044,111.9013
2023-11-29,34.2,24.5,28.0,6.5,6.5,4.36,14.0,19.21,87,49,Nganjuk,-7.6044,111.9013
2023-11-30,34.0,24.6,27.9,13.1,13.1,4.42,14.1,19.91,96,49,Nganjuk,-7.6044,111.9013
2023-12-01,30.8,24.0,26.4,9.5,9.5,3.09,14.4,14.68,99,63,Nganjuk,-7.6044,111.9013
2023-12-02,31.9,24.1,27.4,1.3,1.3,3.68,18.4,16.14,95,58,Nganjuk,-7.6044,111.9013
2023-12-03,33.2,24.0,28.1,1.8,1.8,4.78,20.5,20.69,92,49,Nganjuk,-7.6044,111.9013
2023-12-04,34.3,24.5,28.0,2.1,2.1,4.48,19.7,18.88,94,46,Nganjuk,-7.6044,111.9013
2023-12-05,32.3,24.0,28.1,2.4,2.4,4.77,18.1,20.88,99,55,Nganjuk,-7.6044,111.9013
2023-12-06,34.2,24.6,29.0,0.4,0.4,4.97,16.0,22.17,91,48,Nganjuk,-7.6044,111.9013
2023-12-07,34.7,24.8,28.9,1.5,1.5,5.13,12.4,22.75,94,44,Nganjuk,-7.6044,111.9013
2023-12-08,33.8,23.6,28.0,0.7,0.7,4.27,9.7,19.36,98,53,Nganjuk,-7.6044,111.9013
2023-12-09,34.2,24.5,28.8,1.4,1.4,4.36,10.7,18.75,95,42,Nganjuk,-7.6044,111.9013
2023-12-10,33.9,25.4,28.1,3.4,3.4,3.62,9.7,16.0,86,47,Nganjuk,-7.6044,111.9013
2023-12-11,35.5,24.2,29.6,0.0,0.0,6.54,22.1,25.77,84,41,Nganjuk,-7.6044,111.9013
2023-12-12,36.3,23.0,29.6,0.4,0.4,5.73,15.8,24.74,78,36,Nganjuk,-7.6044,111.9013
2023-12-13,34.5,25.0,28.9,0.3,0.3,4.66,12.8,20.55,83,45,Nganjuk,-7.6044,111.9013
2023-12-14,34.1,24.7,28.7,1.7,1.7,4.35,11.5,19.75,91,48,Nganjuk,-7.6044,111.9013
2023-12-15,35.3,24.6,29.4,0.0,0.0,5.55,17.8,22.82,87,39,Nganjuk,-7.6044,111.9013
2023-12-16,37.2,24.4,30.1,0.0,0.0,5.95,19.4,25.19,79,29,Nganjuk,-7.6044,111.9013
2023-12-17,37.7,25.4,30.6,0.2,0.2,6.67,27.0,26.41,76,29,Nganjuk,-7.6044,111.9013
2023-12-18,36.8,25.8,30.2,0.0,0.0,6.58,23.7,24.76,74,34,Nganjuk,-7.6044,111.9013
2023-12-19,35.0,23.4,29.5,0.0,0.0,6.6,22.4,25.17,79,34,Nganjuk,-7.6044,111.9013
2023-12-20,36.8,25.0,30.1,0.0,0.0,6.17,21.1,23.85,61,28,Nganjuk,-7.6044,111.9013
2023-12-21,37.2,24.4,30.3,0.0,0.0,5.91,24.6,23.18,67,25,Nganjuk,-7.6044,111.9013
2023-12-22,37.3,24.6,30.3,0.4,0.4,6.43,29.6,23.86,79,32,Nganjuk,-7.6044,111.9013
2023-12-23,37.7,25.3,31.2,0.0,0.0,7.29,26.6,25.93,76,30,Nganjuk,-7.6044,111.9013
2023-12-24,38.3,26.3,30.9,0.7,0.7,6.57,25.5,25.52,74,29,Nganjuk,-7.6044,111.9013
2023-12-25,35.1,25.3,28.7,2.6,2.6,4.22,16.1,18.28,94,41,Nganjuk,-7.6044,111.9013
2023-12-26,32.9,24.6,28.6,0.4,0.4,4.68,17.7,20.52,96,52,Nganjuk,-7.6044,111.9013
2023-12-27,34.6,25.2,29.3,1.2,1.2,5.32,21.1,22.49,87,48,Nganjuk,-7.6044,111.9013
2023-12-28,35.7,25.1,29.1,1.5,1.5,5.24,26.4,21.94,93,46,Nganjuk,-7.6044,111.9013
2023-12-29,35.8,24.6,29.5,2.2,2.2,6.03,24.7,24.71,95,45,Nganjuk,-7.6044,111.9013
2023-12-30,35.4,24.0,28.3,10.9,10.9,4.51,14.9,19.73,97,46,Nganjuk,-7.6044,111.9013
2023-12-31,35.7,24.4,28.8,8.1,8.1,5.4,24.2,22.82,99,44,Nganjuk,-7.6044,111.9013
2024-01-01,32.6,24.9,28.0,19.6,19.6,4.01,14.2,18.05,98,58,Nganjuk,-7.6044,111.9013
2024-01-02,33.3,24.1,27.7,10.1,10.1,4.4,16.6,20.51,98,56,Nganjuk,-7.6044,111.9013
2024-01-03,32.2,24.0,27.0,7.8,7.8,3.47,13.5,16.37,96,64,Nganjuk,-7.6044,111.9013
2024-01-04,33.2,23.8,26.8,25.9,25.9,4.08,11.9,19.47,98,57,Nganjuk,-7.6044,111.9013
2024-01-05,31.9,23.4,26.4,5.3,5.3,3.6,19.4,17.36,97,62,Nganjuk,-7.6044,111.9013
2024-01-06,31.1,24.8,27.0,5.2,5.2,3.31,14.9,15.38,98,62,Nganjuk,-7.6044,111.9013
2024-01-07,30.0,24.6,26.2,30.5,30.5,2.6,10.5,12.64,96,75,Nganjuk,-7.6044,111.9013
2024-01-08,30.5,24.0,26.7,1.2,1.2,3.76,14.0,18.22,97,67,Nganjuk,-7.6044,111.9013
2024-01-09,31.5,24.0,27.1,0.3,0.3,3.95,11.6,18.93,99,66,Nganjuk,-7.6044,111.9013
2024-01-10,32.2,24.4,26.9,28.3,28.3,4.06,8.3,19.44,97,67,Nganjuk,-7.6044,111.9013
2024-01-11,32.4,23.2,26.7,1.7,1.7,4.78,13.9,23.08,98,54,Nganjuk,-7.6044,111.9013
2024-01-12,31.3,23.6,27.3,0.0,0.0,5.05,10.1,24.0,94,57,Nganjuk,-7.6044,111.9013
2024-01-13,32.2,22.7,27.6,0.0,0.0,5.57,13.9,25.74,86,55,Nganjuk,-7.6044,111.9013
2024-01-14,30.5,24.4,27.5,0.0,0.0,3.76,12.7,16.57,86,58,Nganjuk,-7.6044,111.9013
2024-01-15,32.1,25.5,28.0,0.0,0.0,4.11,10.9,18.95,88,55,Nganjuk,-7.6044,111.9013
2024-01-16,32.2,24.9,27.6,0.4,0.4,4.45,12.0,21.29,90,60,Nganjuk,-7.6044,111.9013
2024-01-17,31.0,24.2,26.7,21.8,21.8,3.29,11.5,15.53,97,66,Nganjuk,-7.6044,111.9013
2024-01-18,30.0,23.3,26.2,3.6,3.6,3.51,9.0,16.97,99,70,Nganjuk,-7.6044,111.9013
2024-01-19,28.0,23.4,25.1,20.0,20.0,2.56,10.2,12.67,97,79,Nganjuk,-7.6044,111.9013
2024-01-20,30.4,22.1,26.3,0.8,0.8,4.07,10.0,19.83,97,64,Nganjuk,-7.6044,111.9013
2024-01-21,30.6,23.2,26.9,1.2,1.2,4.33,9.0,20.82,96,66,Nganjuk,-7.6044,111.9013
2024-01-22,31.2,24.1,27.1,0.8,0.8,3.92,5.3,18.95,93,64,Nganjuk,-7.6044,111.9013
2024-01-23,31.1,24.3,27.4,0.0,0.0,3.58,6.7,16.89,93,64,Nganjuk,-7.6044,111.9013
2024-01-24,31.6,23.5,26.6,17.2,17.2,3.56,14.1,17.1,95,61,Nganjuk,-7.6044,111.9013
2024-01-25,32.0,24.2,26.9,14.5,14.5,4.34,18.0,20.69,97,60,Nganjuk,-7.6044,111.9013
2024-01-26,32.2,23.7,26.5,13.2,13.2,4.13,13.8,19.93,99,62,Nganjuk,-7.6044,111.9013
2024-01-27,31.0,23.5,26.2,5.1,5.1,3.67,17.4,18.32,99,68,Nganjuk,-7.6044,111.9013
2024-01-28,31.4,23.5,26.1,9.8,9.8,3.64,17.4,17.61,98,65,Nganjuk,-7.6044,111.9013
2024-01-29,29.4,23.6,25.9,13.5,13.5,2.67,7.4,12.97,98,75,Nganjuk,-7.6044,111.9013
2024-01-30,28.9,23.3,26.0,16.9,16.9,3.12,5.5,15.4,98,74,Nganjuk,-7.6044,111.9013
2024-01-31,31.5,23.4,26.2,5.3,5.3,3.9,15.7,19.36,99,65,Nganjuk,-7.6044,111.9013
2024-02-01,32.1,24.5,27.2,16.6,16.6,4.42,8.9,21.1,95,62,Nganjuk,-7.6044,111.9013
2024-02-02,29.9,23.5,26.2,2.9,2.9,3.51,8.9,17.28,96,74,Nganjuk,-7.6044,111.9013
2024-02-03,28.3,23.7,25.4,12.7,12.7,2.49,9.8,12.32,97,82,Nganjuk,-7.6044,111.9013
2024-02-04,28.8,23.7,25.7,15.1,15.1,2.89,8.7,14.32,99,77,Nganjuk,-7.6044,111.9013
2024-02-05,30.8,22.4,25.9,19.2,19.2,3.25,13.2,15.84,99,70,Nganjuk,-7.6044,111.9013
2024-02-06,29.9,23.5,25.9,15.5,15.5,2.96,13.8,14.42,97,73,Nganjuk,-7.6044,111.9013
2024-02-07,30.1,23.6,26.1,12.6,12.6,3.35,14.1,16.22,97,71,Nganjuk,-7.6044,111.9013
2024-02-08,32.2,23.5,26.3,1.3,1.3,4.0,9.7,19.17,96,56,Nganjuk,-7.6044,111.9013
2024-02-09,32.0,23.2,27.1,9.6,9.6,4.94,13.9,24.0,97,63,Nganjuk,-7.6044,111.9013
2024-02-10,29.6,23.7,25.7,18.7,18.7,2.6,7.9,12.59,98,70,Nganjuk,-7.6044,111.9013
2024-02-11,29.0,23.5,25.6,25.9,25.9,3.34,10.2,16.82,99,80,Nganjuk,-7.6044,111.9013
2024-02-12,31.6,23.5,26.6,14.8,14.8,4.26,10.9,20.71,98,66,Nganjuk,-7.6044,111.9013
2024-02-13,31.5,24.1,27.2,0.2,0.2,4.55,9.0,21.95,96,67,Nganjuk,-7.6044,111.9013
2024-02-14,30.1,24.5,26.7,2.6,2.6,3.45,10.8,16.46,98,73,Nganjuk,-7.6044,111.9013
2024-02-15,32.0,24.5,27.2,5.0,5.0,4.44,10.8,21.55,98,68,Nganjuk,-7.6044,111.9013
2024-02-16,32.7,24.0,27.8,0.7,0.7,5.33,15.1,25.37,98,61,Nganjuk,-7.6044,111.9013
2024-02-17,31.5,24.2,26.6,8.1,8.1,4.54,11.2,22.31,97,68,Nganjuk,-7.6044,111.9013
2024-02-18,30.0,24.0,26.6,1.5,1.5,4.14,6.4,20.16,98,74,Nganjuk,-7.6044,111.9013
2024-02-19,32.0,23.7,27.2,5.0,5.0,4.47,11.0,21.7,99,66,Nganjuk,-7.6044,111.9013
2024-02-20,32.2,25.5,27.6,13.0,13.0,4.18,8.6,19.81,96,66,Nganjuk,-7.6044,111.9013
2024-02-21,31.6,24.1,27.0,0.7,0.7,4.38,7.7,21.2,98,65,Nganjuk,-7.6044,111.9013
2024-02-22,33.2,24.0,28.1,7.8,7.8,4.72,13.7,21.82,99,59,Nganjuk,-7.6044,111.9013
2024-02-23,32.0,24.8,27.2,8.9,8.9,3.83,10.2,18.34,98,66,Nganjuk,-7.6044,111.9013
2024-02-24,31.6,24.4,26.8,11.4,11.4,3.51,15.9,17.04,97,70,Nganjuk,-7.6044,111.9013
2024-02-25,29.4,24.3,26.2,23.9,23.9,2.87,14.8,14.24,98,76,Nganjuk,-7.6044,111.9013
2024-02-26,29.6,24.3,26.5,2.3,2.3,3.55,13.7,17.42,98,71,Nganjuk,-7.6044,111.9013
2024-02-27,32.1,23.9,27.2,2.3,2.3,4.33,10.8,20.69,95,61,Nganjuk,-7.6044,111.9013
2024-02-28,30.8,24.9,26.9,15.8,15.8,3.6,13.1,17.72,98,71,Nganjuk,-7.6044,111.9013
2024-02-29,31.7,24.8,27.3,9.8,9.8,4.06,5.6,19.62,96,68,Nganjuk,-7.6044,111.9013
2024-03-01,30.0,24.7,26.6,2.8,2.8,3.38,13.3,16.86,97,75,Nganjuk,-7.6044,111.9013
2024-03-02,30.5,23.7,26.8,15.8,15.8,3.22,9.7,15.55,97,73,Nganjuk,-7.6044,111.9013
2024-03-03,31.3,24.5,26.9,5.5,5.5,3.82,9.0,18.3,97,66,Nganjuk,-7.6044,111.9013
2024-03-04,29.7,24.0,26.4,16.2,16.2,3.34,7.6,16.44,97,77,Nganjuk,-7.6044,111.9013
2024-03-05,30.3,24.5,26.9,9.9,9.9,3.6,8.7,17.46,97,74,Nganjuk,-7.6044,111.9013
2024-03-06,31.7,23.4,26.9,15.6,15.6,3.92,8.9,18.98,98,67,Nganjuk,-7.6044,111.9013
2024-03-07,30.3,24.4,26.8,7.9,7.9,3.05,13.8,14.52,97,74,Nganjuk,-7.6044,111.9013
2024-03-08,32.0,24.9,27.1,8.6,8.6,3.36,8.9,16.03,99,69,Nganjuk,-7.6044,111.9013
2024-03-09,28.1,24.1,25.5,28.1,28.1,1.32,19.2,6.04,99,85,Nganjuk,-7.6044,111.9013
2024-03-10,30.2,23.0,26.0,12.5,12.5,2.77,17.1,12.77,98,70,Nganjuk,-7.6044,111.9013
2024-03-11,30.5,24.6,26.7,8.0,8.0,2.87,18.6,13.81,94,75,Nganjuk,-7.6044,111.9013
2024-03-12,29.8,25.1,27.0,1.9,1.9,2.73,21.7,11.53,93,74,Nganjuk,-7.6044,111.9013
2024-03-13,28.1,24.9,25.9,11.5,11.5,1.71,23.9,7.13,94,83,Nganjuk,-7.6044,111.9013
2024-03-14,29.1,24.6,25.9,8.6,8.6,2.14,25.3,9.26,95,74,Nganjuk,-7.6044,111.9013
2024-03-15,30.2,24.5,26.3,16.6,16.6,3.34,22.8,16.51,96,75,Nganjuk,-7.6044,111.9013
2024-03-16,32.3,23.6,27.1,8.6,8.6,4.59,19.6,22.04,95,64,Nganjuk,-7.6044,111.9013
2024-03-17,31.3,23.8,26.4,10.8,10.8,4.06,20.7,20.35,97,68,Nganjuk,-7.6044,111.9013
2024-03-18,31.6,23.0,27.1,0.8,0.8,4.72,16.3,22.43,98,61,Nganjuk,-7.6044,111.9013
2024-03-19,33.0,23.0,27.9,0.0,0.0,5.32,12.0,24.96,96,52,Nganjuk,-7.6044,111.9013
2024-03-20,33.2,22.3,27.7,0.0,0.0,5.44,11.2,25.44,97,49,Nganjuk,-7.6044,111.9013
2024-03-21,31.9,23.5,27.0,4.1,4.1,4.35,21.6,21.14,97,62,Nganjuk,-7.6044,111.9013
2024-03-22,31.9,24.5,27.5,0.0,0.0,4.71,14.1,22.7,93,62,Nganjuk,-7.6044,111.9013
2024-03-23,33.3,23.7,28.2,0.0,0.0,5.66,16.6,25.8,94,53,Nganjuk,-7.6044,111.9013
2024-03-24,33.1,24.1,27.5,1.8,1.8,4.95,14.8,24.07,94,57,Nganjuk,-7.6044,111.9013
2024-03-25,33.5,25.4,28.5,0.1,0.1,5.43,18.8,24.11,94,46,Nganjuk,-7.6044,111.9013
2024-03-26,33.1,24.6,28.6,0.7,0.7,5.3,18.8,23.59,94,56,Nganjuk,-7.6044,111.9013
2024-03-27,33.2,23.8,28.7,0.0,0.0,5.38,16.7,24.0,97,48,Nganjuk,-7.6044,111.9013
2024-03-28,31.8,24.5,27.5,1.1,1.1,4.03,8.9,18.87,96,61,Nganjuk,-7.6044,111.9013
2024-03-29,33.4,24.2,28.1,1.6,1.6,4.92,17.3,22.49,96,54,Nganjuk,-7.6044,111.9013
2024-03-30,34.9,25.1,29.1,1.1,1.1,5.41,16.5,23.68,88,49,Nganjuk,-7.6044,111.9013
2024-03-31,34.2,25.1,29.3,0.0,0.0,5.66,17.4,24.09,91,50,Nganjuk,-7.6044,111.9013
2024-04-01,33.5,25.6,28.3,1.1,1.1,4.39,18.2,19.66,96,54,Nganjuk,-7.6044,111.9013
2024-04-02,32.6,24.4,27.8,3.0,3.0,4.17,19.3,19.37,97,58,Nganjuk,-7.6044,111.9013
2024-04-03,34.7,24.3,28.9,2.3,2.3,4.91,15.3,22.03,98,50,Nganjuk,-7.6044,111.9013
2024-04-04,35.0,24.1,29.0,3.2,3.2,5.57,19.6,24.03,98,44,Nganjuk,-7.6044,111.9013
2024-04-05,32.5,25.5,28.7,2.0,2.0,3.81,10.0,17.11,89,55,Nganjuk,-7.6044,111.9013
2024-04-06,34.2,25.0,29.3,0.4,0.4,5.09,15.6,22.5,91,45,Nganjuk,-7.6044,111.9013
2024-04-07,34.2,25.1,28.9,0.9,0.9,4.51,16.3,20.34,87,47,Nganjuk,-7.6044,111.9013
2024-04-08,33.5,25.1,28.7,5.4,5.4,3.94,9.3,17.13,91,50,Nganjuk,-7.6044,111.9013
2024-04-09,31.0,24.8,26.6,9.6,9.6,2.86,11.8,13.37,98,70,Nganjuk,-7.6044,111.9013
2024-04-10,31.5,24.2,26.8,1.7,1.7,2.82,9.1,12.99,98,60,Nganjuk,-7.6044,111.9013
2024-04-11,31.5,24.4,26.8,5.4,5.4,3.45,9.0,16.39,100,63,Nganjuk,-7.6044,111.9013
2024-04-12,32.5,24.4,27.3,10.4,10.4,4.52,16.6,21.91,97,60,Nganjuk,-7.6044,111.9013
2024-04-13,32.8,24.0,27.4,4.6,4.6,3.93,8.0,18.76,97,60,Nganjuk,-7.6044,111.9013
2024-04-14,32.5,24.4,27.7,2.7,2.7,4.47,12.5,21.03,97,61,Nganjuk,-7.6044,111.9013
2024-04-15,32.8,24.8,27.9,1.1,1.1,4.23,10.5,19.83,97,57,Nganjuk,-7.6044,111.9013
2024-04-16,34.5,23.4,28.8,0.5,0.5,5.31,18.9,22.35,98,49,Nganjuk,-7.6044,111.9013
2024-04-17,31.9,25.5,28.0,2.6,2.6,3.39,17.1,14.39,99,60,Nganjuk,-7.6044,111.9013
2024-04-18,32.4,23.8,27.3,3.3,3.3,4.18,17.1,19.61,100,57,Nganjuk,-7.6044,111.9013
2024-04-19,33.2,25.0,27.7,9.3,9.3,4.32,17.7,20.19,98,55,Nganjuk,-7.6044,111.9013
2024-04-20,33.4,24.1,28.3,2.3,2.3,4.5,14.9,20.76,99,53,Nganjuk,-7.6044,111.9013
2024-04-21,33.6,25.0,27.9,6.3,6.3,3.78,12.2,17.31,96,56,Nganjuk,-7.6044,111.9013
2024-04-22,32.3,24.9,28.1,3.5,3.5,3.85,14.6,17.3,99,62,Nganjuk,-7.6044,111.9013
2024-04-23,31.8,25.3,27.1,6.0,6.0,2.95,12.1,13.87,98,67,Nganjuk,-7.6044,111.9013
2024-04-24,31.9,24.0,26.9,1.4,1.4,3.05,10.5,14.3,99,65,Nganjuk,-7.6044,111.9013
2024-04-25,29.0,25.1,26.5,7.2,7.2,2.08,9.5,9.87,98,77,Nganjuk,-7.6044,111.9013
2024-04-26,31.6,23.9,27.6,7.2,7.2,3.8,8.3,18.44,98,63,Nganjuk,-7.6044,111.9013
2024-04-27,33.0,23.5,28.2,0.6,0.6,4.73,14.4,22.18,98,59,Nganjuk,-7.6044,111.9013
2024-04-28,33.8,24.6,28.6,1.3,1.3,4.55,12.0,21.36,96,55,Nganjuk,-7.6044,111.9013
2024-04-29,34.2,24.5,29.2,0.0,0.0,5.28,21.9,22.21,95,52,Nganjuk,-7.6044,111.9013
2024-04-30,34.0,25.5,29.3,0.2,0.2,5.36,20.9,21.29,92,49,Nganjuk,-7.6044,111.9013
2024-05-01,34.4,25.0,29.6,0.0,0.0,5.44,20.7,21.86,86,47,Nganjuk,-7.6044,111.9013
2024-05-02,34.1,25.6,29.5,0.0,0.0,5.56,22.7,21.39,82,48,Nganjuk,-7.6044,111.9013
2024-05-03,35.2,25.1,29.8,0.0,0.0,5.83,20.5,22.33,79,42,Nganjuk,-7.6044,111.9013
2024-05-04,34.4,24.9,29.1,0.0,0.0,5.97,23.8,21.66,77,43,Nganjuk,-7.6044,111.9013
2024-05-05,34.3,22.7,28.4,0.0,0.0,5.98,20.6,21.86,76,36,Nganjuk,-7.6044,111.9013
2024-05-06,34.0,23.6,28.7,0.0,0.0,6.18,22.9,22.32,75,41,Nganjuk,-7.6044,111.9013
2024-05-07,34.4,22.9,28.7,0.0,0.0,5.92,22.8,22.31,83,43,Nganjuk,-7.6044,111.9013
2024-05-08,33.9,24.8,28.6,3.2,3.2,4.37,13.0,19.92,91,47,Nganjuk,-7.6044,111.9013
2024-05-09,33.9,24.9,28.3,1.3,1.3,4.23,19.8,19.25,94,49,Nganjuk,-7.6044,111.9013
2024-05-10,34.4,24.2,29.1,0.0,0.0,5.18,14.4,21.99,100,47,Nganjuk,-7.6044,111.9013
2024-05-11,34.6,25.5,29.3,1.8,1.8,4.66,19.9,19.31,86,45,Nganjuk,-7.6044,111.9013
2024-05-12,34.5,24.2,28.9,0.9,0.9,4.8,20.2,20.48,92,44,Nganjuk,-7.6044,111.9013
2024-05-13,35.0,24.5,29.2,0.0,0.0,5.17,18.9,20.76,90,43,Nganjuk,-7.6044,111.9013
2024-05-14,35.3,24.7,29.4,0.0,0.0,5.33,16.9,21.61,86,40,Nganjuk,-7.6044,111.9013
2024-05-15,34.6,24.5,29.0,0.0,0.0,5.41,21.4,20.77,93,42,Nganjuk,-7.6044,111.9013
2024-05-16,35.2,23.6,28.9,0.0,0.0,5.43,22.5,21.46,83,38,Nganjuk,-7.6044,111.9013
2024-05-17,35.2,23.7,29.2,0.2,0.2,5.65,20.4,21.8,90,39,Nganjuk,-7.6044,111.9013
2024-05-18,35.3,24.8,29.6,0.3,0.3,5.82,21.7,21.25,85,41,Nganjuk,-7.6044,111.9013
2024-05-19,34.7,24.8,29.4,0.0,0.0,6.27,23.3,21.59,75,37,Nganjuk,-7.6044,111.9013
2024-05-20,34.7,24.4,29.1,0.0,0.0,5.59,22.4,20.81,78,41,Nganjuk,-7.6044,111.9013
2024-05-21,34.8,23.4,28.8,0.0,0.0,5.51,22.1,21.35,87,40,Nganjuk,-7.6044,111.9013
2024-05-22,35.0,23.8,29.1,0.0,0.0,5.27,18.4,20.73,84,40,Nganjuk,-7.6044,111.9013
2024-05-23,34.0,25.5,28.8,6.6,6.6,4.55,16.3,18.6,94,47,Nganjuk,-7.6044,111.9013
2024-05-24,34.8,24.5,28.5,0.2,0.2,4.27,23.7,18.53,99,47,Nganjuk,-7.6044,111.9013
2024-05-25,32.5,24.9,28.1,1.9,1.9,3.49,13.0,14.34,96,51,Nganjuk,-7.6044,111.9013
2024-05-26,33.8,25.1,29.1,0.0,0.0,5.0,15.5,19.74,79,48,Nganjuk,-7.6044,111.9013
2024-05-27,34.5,23.8,28.7,0.0,0.0,4.99,21.6,20.69,91,45,Nganjuk,-7.6044,111.9013
2024-05-28,34.5,23.6,28.6,0.8,0.8,4.48,12.0,19.81,98,45,Nganjuk,-7.6044,111.9013
2024-05-29,34.8,24.2,29.1,0.0,0.0,4.97,16.8,21.21,95,42,Nganjuk,-7.6044,111.9013
2024-05-30,35.0,24.5,29.2,0.0,0.0,5.29,20.9,20.57,91,42,Nganjuk,-7.6044,111.9013
2024-05-31,34.8,24.5,29.5,0.1,0.1,5.21,21.2,19.61,84,46,Nganjuk,-7.6044,111.9013
2024-06-01,36.0,24.9,29.6,2.9,2.9,4.73,17.4,20.08,90,41,Nganjuk,-7.6044,111.9013
2024-06-02,35.0,25.0,29.1,1.4,1.4,4.36,17.7,17.56,94,43,Nganjuk,-7.6044,111.9013
2024-06-03,35.2,23.7,29.2,0.0,0.0,5.84,26.2,20.12,96,41,Nganjuk,-7.6044,111.9013
2024-06-04,34.9,24.5,29.3,0.0,0.0,5.02,19.4,16.79,73,38,Nganjuk,-7.6044,111.9013
2024-06-05,35.2,23.5,28.9,0.0,0.0,5.62,23.7,20.47,86,39,Nganjuk,-7.6044,111.9013
2024-06-06,35.0,23.2,28.9,0.0,0.0,5.27,21.2,20.83,82,38,Nganjuk,-7.6044,111.9013
2024-06-07,35.1,23.4,28.7,0.9,0.9,4.91,18.6,19.63,91,40,Nganjuk,-7.6044,111.9013
2024-06-08,35.0,25.4,29.3,0.7,0.7,4.87,19.9,19.09,81,43,Nganjuk,-7.6044,111.9013
2024-06-09,34.2,25.0,28.7,1.6,1.6,4.15,16.6,16.65,88,48,Nganjuk,-7.6044,111.9013
2024-06-10,35.3,25.0,29.1,2.9,2.9,4.65,16.2,19.42,86,44,Nganjuk,-7.6044,111.9013
2024-06-11,34.2,24.4,29.0,0.6,0.6,4.97,20.7,19.25,93,43,Nganjuk,-7.6044,111.9013
2024-06-12,35.0,24.9,29.0,0.2,0.2,4.99,20.2,19.62,92,42,Nganjuk,-7.6044,111.9013
2024-06-13,34.2,24.0,27.8,7.2,7.2,3.64,15.2,16.65,92,44,Nganjuk,-7.6044,111.9013
2024-06-14,32.8,24.3,27.8,7.6,7.6,3.81,9.5,17.79,93,52,Nganjuk,-7.6044,111.9013
2024-06-15,31.8,24.1,27.0,2.6,2.6,3.26,8.9,15.09,98,57,Nganjuk,-7.6044,111.9013
2024-06-16,34.2,21.5,27.5,0.0,0.0,4.76,19.5,20.15,100,39,Nganjuk,-7.6044,111.9013
2024-06-17,34.5,23.3,28.6,0.1,0.1,4.89,16.5,20.04,91,42,Nganjuk,-7.6044,111.9013
2024-06-18,33.7,23.5,28.1,0.0,0.0,5.21,21.7,20.48,99,44,Nganjuk,-7.6044,111.9013
2024-06-19,33.8,21.6,27.4,0.0,0.0,5.44,21.5,20.74,93,37,Nganjuk,-7.6044,111.9013
2024-06-20,34.5,23.8,28.5,0.0,0.0,5.78,22.6,21.16,77,36,Nganjuk,-7.6044,111.9013
2024-06-21,34.3,22.6,27.8,0.0,0.0,5.78,24.1,20.94,81,35,Nganjuk,-7.6044,111.9013
2024-06-22,34.2,21.5,27.6,0.0,0.0,5.39,24.5,19.15,85,36,Nganjuk,-7.6044,111.9013
2024-06-23,33.6,23.3,28.3,0.0,0.0,5.54,26.7,19.18,81,44,Nganjuk,-7.6044,111.9013
2024-06-24,33.6,26.0,28.8,0.4,0.4,5.16,27.1,17.52,74,45,Nganjuk,-7.6044,111.9013
2024-06-25,33.8,24.0,28.7,0.2,0.2,5.16,21.9,19.83,84,45,Nganjuk,-7.6044,111.9013
2024-06-26,34.3,23.9,29.2,0.1,0.1,5.03,14.2,20.21,89,46,Nganjuk,-7.6044,111.9013
2024-06-27,34.3,24.0,27.9,2.8,2.8,4.22,13.1,19.23,96,45,Nganjuk,-7.6044,111.9013
2024-06-28,32.5,24.1,27.9,0.1,0.1,4.25,17.2,18.66,94,56,Nganjuk,-7.6044,111.9013
2024-06-29,33.5,25.2,28.6,0.0,0.0,4.92,22.5,18.85,87,48,Nganjuk,-7.6044,111.9013
2024-06-30,34.5,25.0,29.2,0.0,0.0,5.83,22.4,20.09,78,43,Nganjuk,-7.6044,111.9013
2024-07-01,34.5,23.7,28.7,0.0,0.0,5.26,24.0,19.85,80,40,Nganjuk,-7.6044,111.9013
2024-07-02,32.3,24.5,28.0,1.5,1.5,3.86,21.7,14.57,84,53,Nganjuk,-7.6044,111.9013
2024-07-03,33.0,24.9,28.7,5.0,5.0,4.66,22.9,16.21,94,47,Nganjuk,-7.6044,111.9013
2024-07-04,30.8,24.9,26.6,14.1,14.1,2.75,18.8,12.1,98,60,Nganjuk,-7.6044,111.9013
2024-07-05,32.7,23.5,27.9,0.0,0.0,4.95,20.1,20.2,93,48,Nganjuk,-7.6044,111.9013
2024-07-06,33.0,23.0,27.6,0.1,0.1,4.18,13.4,18.71,89,49,Nganjuk,-7.6044,111.9013
2024-07-07,32.3,23.4,27.3,0.3,0.3,3.76,18.9,16.69,91,49,Nganjuk,-7.6044,111.9013
2024-07-08,34.4,22.8,27.7,0.0,0.0,5.48,22.6,20.91,99,38,Nganjuk,-7.6044,111.9013
2024-07-09,33.5,21.2,27.4,0.0,0.0,4.91,18.4,20.46,90,34,Nganjuk,-7.6044,111.9013
2024-07-10,34.8,22.0,27.9,0.0,0.0,5.71,26.3,20.59,88,37,Nganjuk,-7.6044,111.9013
2024-07-11,32.9,24.0,28.0,0.0,0.0,6.63,29.6,20.37,68,39,Nganjuk,-7.6044,111.9013
2024-07-12,33.3,21.6,27.3,0.0,0.0,5.89,25.5,20.93,76,37,Nganjuk,-7.6044,111.9013
2024-07-13,32.9,21.2,26.7,0.0,0.0,6.07,25.8,21.71,81,33,Nganjuk,-7.6044,111.9013
2024-07-14,32.5,22.1,27.1,0.0,0.0,6.54,25.5,21.72,72,34,Nganjuk,-7.6044,111.9013
2024-07-15,33.5,20.4,26.5,0.0,0.0,6.19,29.9,21.84,82,33,Nganjuk,-7.6044,111.9013
2024-07-16,34.2,22.5,27.9,0.0,0.0,5.96,24.4,20.57,78,35,Nganjuk,-7.6044,111.9013
2024-07-17,33.5,21.2,27.4,0.0,0.0,5.49,18.5,21.73,79,37,Nganjuk,-7.6044,111.9013
2024-07-18,34.5,21.3,27.4,0.0,0.0,5.63,21.7,21.14,85,33,Nganjuk,-7.6044,111.9013
2024-07-19,34.4,21.9,27.6,0.0,0.0,6.36,26.6,22.09,80,32,Nganjuk,-7.6044,111.9013
2024-07-20,33.8,21.4,27.4,0.0,0.0,5.97,26.4,21.43,84,36,Nganjuk,-7.6044,111.9013
2024-07-21,34.4,21.6,27.6,0.0,0.0,6.09,25.0,21.37,79,34,Nganjuk,-7.6044,111.9013
2024-07-22,33.9,22.0,27.4,0.0,0.0,5.14,24.8,18.21,83,37,Nganjuk,-7.6044,111.9013
2024-07-23,34.5,21.6,27.6,0.0,0.0,5.02,20.0,19.16,83,37,Nganjuk,-7.6044,111.9013
2024-07-24,33.5,22.3,27.7,0.0,0.0,4.97,21.1,18.54,85,39,Nganjuk,-7.6044,111.9013
2024-07-25,35.0,21.4,27.6,0.0,0.0,5.65,24.5,21.34,85,31,Nganjuk,-7.6044,111.9013
2024-07-26,35.0,21.6,27.8,0.0,0.0,5.91,21.1,20.94,80,34,Nganjuk,-7.6044,111.9013
2024-07-27,35.5,23.6,28.4,0.0,0.0,5.94,27.9,21.76,80,32,Nganjuk,-7.6044,111.9013
2024-07-28,34.0,23.3,27.9,0.0,0.0,5.89,29.6,21.69,82,39,Nganjuk,-7.6044,111.9013
2024-07-29,34.3,21.5,27.6,0.0,0.0,5.71,26.4,21.51,83,37,Nganjuk,-7.6044,111.9013
2024-07-30,34.7,23.5,28.4,0.0,0.0,5.82,25.4,21.14,83,39,Nganjuk,-7.6044,111.9013
2024-07-31,34.7,23.6,28.6,0.1,0.1,5.25,25.0,20.07,80,42,Nganjuk,-7.6044,111.9013
2024-08-01,34.5,24.0,28.3,1.1,1.1,4.94,25.2,19.95,89,45,Nganjuk,-7.6044,111.9013
2024-08-02,34.6,24.0,27.9,2.3,2.3,4.38,18.9,18.87,91,45,Nganjuk,-7.6044,111.9013
2024-08-03,34.8,23.6,28.5,0.4,0.4,5.48,21.4,21.72,96,38,Nganjuk,-7.6044,111.9013
2024-08-04,34.8,22.5,28.2,0.0,0.0,6.37,25.4,22.45,84,33,Nganjuk,-7.6044,111.9013
2024-08-05,35.2,20.5,27.7,0.0,0.0,6.36,21.1,22.67,78,28,Nganjuk,-7.6044,111.9013
2024-08-06,35.0,22.0,27.8,0.0,0.0,6.23,26.4,22.74,78,32,Nganjuk,-7.6044,111.9013
2024-08-07,35.3,23.8,28.6,0.1,0.1,6.17,26.3,21.83,78,35,Nganjuk,-7.6044,111.9013
2024-08-08,33.8,24.6,28.6,0.4,0.4,5.71,27.1,20.79,80,42,Nganjuk,-7.6044,111.9013
2024-08-09,34.7,25.4,28.9,0.0,0.0,6.33,30.4,20.92,76,38,Nganjuk,-7.6044,111.9013
2024-08-10,34.3,23.6,28.3,0.0,0.0,5.87,26.3,20.94,82,38,Nganjuk,-7.6044,111.9013
2024-08-11,33.2,21.5,27.1,0.0,0.0,6.99,28.0,23.43,76,33,Nganjuk,-7.6044,111.9013
2024-08-12,33.5,20.0,26.9,0.0,0.0,6.93,19.4,24.24,63,22,Nganjuk,-7.6044,111.9013
2024-08-13,34.6,20.4,27.3,0.0,0.0,6.26,29.3,22.71,78,33,Nganjuk,-7.6044,111.9013
2024-08-14,35.2,21.6,27.9,0.0,0.0,6.67,27.7,23.41,78,32,Nganjuk,-7.6044,111.9013
2024-08-15,34.0,22.8,27.7,0.0,0.0,6.92,31.4,23.31,71,35,Nganjuk,-7.6044,111.9013
2024-08-16,34.3,21.4,27.1,0.0,0.0,6.33,27.5,23.63,76,34,Nganjuk,-7.6044,111.9013
2024-08-17,34.2,22.0,27.8,0.0,0.0,6.41,22.7,23.35,75,35,Nganjuk,-7.6044,111.9013
2024-08-18,35.3,22.5,27.9,0.0,0.0,6.49,31.0,23.46,76,31,Nganjuk,-7.6044,111.9013
2024-08-19,35.2,20.9,27.4,0.0,0.0,6.51,30.6,23.87,83,32,Nganjuk,-7.6044,111.9013
2024-08-20,35.0,21.0,27.5,0.0,0.0,6.28,22.3,24.31,84,31,Nganjuk,-7.6044,111.9013
2024-08-21,35.2,21.5,27.9,0.0,0.0,6.06,25.1,23.99,85,33,Nganjuk,-7.6044,111.9013
2024-08-22,35.2,21.5,27.5,0.0,0.0,5.54,26.0,22.36,90,35,Nganjuk,-7.6044,111.9013
2024-08-23,34.9,22.3,28.0,0.0,0.0,6.06,25.1,22.29,82,35,Nganjuk,-7.6044,111.9013
2024-08-24,33.7,22.0,27.8,0.0,0.0,6.66,30.2,22.71,84,38,Nganjuk,-7.6044,111.9013
2024-08-25,34.8,22.7,28.3,0.0,0.0,6.67,29.5,23.23,68,34,Nganjuk,-7.6044,111.9013
2024-08-26,35.5,24.5,29.4,0.0,0.0,7.12,27.9,23.68,76,34,Nganjuk,-7.6044,111.9013
2024-08-27,34.5,22.7,28.5,0.0,0.0,7.44,29.2,23.47,63,34,Nganjuk,-7.6044,111.9013
2024-08-28,34.9,23.0,28.7,0.0,0.0,6.73,25.3,22.74,70,31,Nganjuk,-7.6044,111.9013
2024-08-29,34.3,22.6,28.6,0.0,0.0,7.3,29.3,23.57,83,36,Nganjuk,-7.6044,111.9013
2024-08-30,35.2,23.2,28.9,0.0,0.0,7.63,27.7,24.53,67,32,Nganjuk,-7.6044,111.9013
2024-08-31,35.0,22.6,28.1,0.0,0.0,6.44,26.6,24.56,74,37,Nganjuk,-7.6044,111.9013
2024-09-01,34.2,23.4,28.2,0.1,0.1,6.16,27.5,23.68,80,42,Nganjuk,-7.6044,111.9013
2024-09-02,36.3,22.4,28.5,0.0,0.0,6.74,25.2,24.67,86,30,Nganjuk,-7.6044,111.9013
2024-09-03,35.3,21.5,28.1,0.0,0.0,6.47,28.0,24.01,85,31,Nganjuk,-7.6044,111.9013
2024-09-04,35.2,24.2,28.8,0.0,0.0,6.01,25.5,22.64,79,38,Nganjuk,-7.6044,111.9013
2024-09-05,35.8,24.6,29.5,0.8,0.8,6.54,28.7,23.61,80,36,Nganjuk,-7.6044,111.9013
2024-09-06,36.1,25.5,29.8,0.0,0.0,7.51,28.4,24.15,70,33,Nganjuk,-7.6044,111.9013
2024-09-07,36.1,24.8,29.7,0.3,0.3,7.06,27.2,23.71,72,33,Nganjuk,-7.6044,111.9013
2024-09-08,35.2,25.7,29.4,2.1,2.1,5.87,24.7,22.17,76,40,Nganjuk,-7.6044,111.9013
2024-09-09,35.7,23.5,29.3,0.4,0.4,5.92,22.5,23.65,90,41,Nganjuk,-7.6044,111.9013
2024-09-10,34.7,24.4,27.7,15.9,15.9,4.73,23.2,20.31,97,44,Nganjuk,-7.6044,111.9013
2024-09-11,34.0,23.8,28.3,0.5,0.5,6.11,24.7,24.2,99,43,Nganjuk,-7.6044,111.9013
2024-09-12,35.0,23.3,28.7,0.0,0.0,7.0,26.7,25.22,77,34,Nganjuk,-7.6044,111.9013
2024-09-13,34.3,22.2,28.5,0.0,0.0,7.44,27.1,25.01,74,35,Nganjuk,-7.6044,111.9013
2024-09-14,34.6,24.0,29.1,0.2,0.2,7.22,23.7,24.16,71,33,Nganjuk,-7.6044,111.9013
2024-09-15,34.8,24.3,29.1,0.0,0.0,7.79,24.4,24.99,60,31,Nganjuk,-7.6044,111.9013
2024-09-16,34.2,22.5,28.4,0.1,0.1,7.12,26.8,24.6,71,35,Nganjuk,-7.6044,111.9013
2024-09-17,35.1,21.8,28.6,0.0,0.0,8.21,24.7,25.3,67,28,Nganjuk,-7.6044,111.9013
2024-09-18,35.1,21.8,28.4,0.0,0.0,7.38,25.4,25.46,58,28,Nganjuk,-7.6044,111.9013
2024-09-19,35.8,21.8,28.3,0.0,0.0,6.45,25.9,25.44,71,27,Nganjuk,-7.6044,111.9013
2024-09-20,35.8,23.5,29.0,0.0,0.0,6.02,16.5,24.82,82,30,Nganjuk,-7.6044,111.9013
2024-09-21,36.0,24.5,29.4,0.0,0.0,5.89,22.3,24.17,86,32,Nganjuk,-7.6044,111.9013
2024-09-22,37.6,23.8,30.2,0.1,0.1,6.2,18.8,25.13,89,32,Nganjuk,-7.6044,111.9013
2024-09-23,33.5,25.6,27.9,18.3,18.3,3.21,7.1,14.87,92,50,Nganjuk,-7.6044,111.9013
2024-09-24,34.3,24.8,28.4,1.3,1.3,4.44,18.2,19.62,93,47,Nganjuk,-7.6044,111.9013
2024-09-25,34.9,24.0,27.7,9.2,9.2,4.87,18.3,21.33,96,42,Nganjuk,-7.6044,111.9013
2024-09-26,34.5,23.8,27.7,5.3,5.3,4.5,19.2,19.72,98,47,Nganjuk,-7.6044,111.9013
2024-09-27,35.0,24.0,29.0,0.6,0.6,5.87,22.6,23.21,98,44,Nganjuk,-7.6044,111.9013
2024-09-28,35.5,24.8,29.7,0.0,0.0,6.55,23.4,24.81,82,39,Nganjuk,-7.6044,111.9013
2024-09-29,36.5,24.4,30.1,0.0,0.0,6.98,26.5,25.36,80,33,Nganjuk,-7.6044,111.9013
2024-09-30,36.9,23.7,30.2,0.0,0.0,6.76,26.7,24.62,87,31,Nganjuk,-7.6044,111.9013
2024-10-01,36.2,24.5,29.8,0.4,0.4,6.71,26.6,24.76,87,34,Nganjuk,-7.6044,111.9013
2024-10-02,36.4,25.6,29.9,0.0,0.0,6.74,30.1,25.44,76,35,Nganjuk,-7.6044,111.9013
2024-10-03,36.2,24.4,29.5,0.0,0.0,6.74,26.7,24.85,85,35,Nganjuk,-7.6044,111.9013
2024-10-04,37.1,25.5,30.4,0.1,0.1,6.86,28.3,24.64,71,34,Nganjuk,-7.6044,111.9013
2024-10-05,36.3,25.4,30.4,0.2,0.2,6.7,25.2,24.05,76,33,Nganjuk,-7.6044,111.9013
2024-10-06,36.0,25.4,30.2,0.3,0.3,6.55,22.1,24.41,80,36,Nganjuk,-7.6044,111.9013
2024-10-07,35.8,24.0,29.9,0.0,0.0,7.35,30.3,25.5,81,37,Nganjuk,-7.6044,111.9013
2024-10-08,35.2,25.5,30.3,0.4,0.4,7.26,27.4,24.85,71,40,Nganjuk,-7.6044,111.9013
2024-10-09,36.1,26.3,30.3,0.1,0.1,7.06,24.9,24.99,70,35,Nganjuk,-7.6044,111.9013
2024-10-10,37.0,24.4,30.1,0.0,0.0,6.83,26.5,25.55,84,33,Nganjuk,-7.6044,111.9013
2024-10-11,36.3,23.5,30.1,0.8,0.8,6.66,23.0,24.84,87,37,Nganjuk,-7.6044,111.9013
2024-10-12,39.2,26.0,31.1,0.0,0.0,6.84,22.0,26.08,79,21,Nganjuk,-7.6044,111.9013
2024-10-13,37.8,25.9,31.1,0.4,0.4,6.97,24.8,24.44,77,34,Nganjuk,-7.6044,111.9013
2024-10-14,37.2,25.4,30.7,0.2,0.2,7.12,23.7,24.37,79,32,Nganjuk,-7.6044,111.9013
2024-10-15,36.5,25.5,30.6,0.0,0.0,8.62,29.0,25.29,76,25,Nganjuk,-7.6044,111.9013
2024-10-16,35.9,23.5,29.4,0.0,0.0,8.58,33.8,26.78,66,25,Nganjuk,-7.6044,111.9013
2024-10-17,35.7,24.4,29.4,0.0,0.0,7.91,29.8,26.32,71,30,Nganjuk,-7.6044,111.9013
2024-10-18,36.1,23.6,29.3,0.3,0.3,6.93,31.0,24.65,69,34,Nganjuk,-7.6044,111.9013
2024-10-19,35.8,23.6,28.3,24.9,24.9,5.22,19.9,22.31,94,39,Nganjuk,-7.6044,111.9013
2024-10-20,33.4,23.5,26.7,7.6,7.6,4.02,12.3,18.82,96,49,Nganjuk,-7.6044,111.9013
2024-10-21,32.3,23.9,27.7,0.1,0.1,4.82,11.3,21.5,97,51,Nganjuk,-7.6044,111.9013
2024-10-22,32.8,23.8,28.1,0.3,0.3,5.44,20.8,22.81,88,52,Nganjuk,-7.6044,111.9013
2024-10-23,33.4,25.0,28.6,0.1,0.1,6.25,22.7,25.59,80,49,Nganjuk,-7.6044,111.9013
2024-10-24,33.2,23.8,28.2,0.0,0.0,5.69,18.2,24.79,86,48,Nganjuk,-7.6044,111.9013
2024-10-25,33.7,24.1,28.7,0.4,0.4,6.03,19.8,25.28,85,47,Nganjuk,-7.6044,111.9013
2024-10-26,34.8,24.5,29.2,0.5,0.5,6.42,23.2,25.13,81,42,Nganjuk,-7.6044,111.9013
2024-10-27,35.5,23.9,29.4,0.0,0.0,6.74,24.8,26.4,79,39,Nganjuk,-7.6044,111.9013
2024-10-28,36.2,24.2,29.6,0.2,0.2,6.29,24.2,25.59,84,39,Nganjuk,-7.6044,111.9013
2024-10-29,36.2,24.9,30.1,0.0,0.0,7.09,26.3,25.74,81,37,Nganjuk,-7.6044,111.9013
2024-10-30,34.8,25.0,29.8,1.1,1.1,6.17,22.5,23.9,78,42,Nganjuk,-7.6044,111.9013
2024-10-31,35.2,25.3,30.0,0.2,0.2,5.61,15.0,23.19,82,45,Nganjuk,-7.6044,111.9013
2024-11-01,30.6,24.1,27.7,3.2,3.2,3.2,15.5,14.36,93,66,Nganjuk,-7.6044,111.9013
2024-11-02,34.8,25.1,28.5,7.5,7.5,4.6,20.4,20.83,91,47,Nganjuk,-7.6044,111.9013
2024-11-03,33.2,24.0,27.0,18.6,18.6,4.16,18.9,19.6,96,55,Nganjuk,-7.6044,111.9013
2024-11-04,33.2,24.6,27.2,10.8,10.8,4.28,17.0,20.44,94,52,Nganjuk,-7.6044,111.9013
2024-11-05,33.2,23.4,27.9,1.3,1.3,5.25,17.5,23.78,99,53,Nganjuk,-7.6044,111.9013
2024-11-06,34.0,23.5,28.5,0.0,0.0,5.8,13.0,25.7,93,40,Nganjuk,-7.6044,111.9013
2024-11-07,34.8,23.6,29.1,0.8,0.8,5.95,17.9,25.53,84,39,Nganjuk,-7.6044,111.9013
2024-11-08,35.0,26.4,29.3,0.8,0.8,5.61,21.5,24.35,82,43,Nganjuk,-7.6044,111.9013
2024-11-09,34.0,24.4,28.4,2.8,2.8,4.37,14.9,18.84,94,50,Nganjuk,-7.6044,111.9013
2024-11-10,34.5,24.3,28.2,0.6,0.6,4.99,21.1,22.34,95,48,Nganjuk,-7.6044,111.9013
2024-11-11,34.5,24.9,27.7,18.3,18.3,4.58,12.0,21.23,96,47,Nganjuk,-7.6044,111.9013
2024-11-12,34.2,24.5,28.3,0.8,0.8,5.25,19.3,24.17,94,50,Nganjuk,-7.6044,111.9013
2024-11-13,34.6,24.8,29.2,0.6,0.6,5.07,16.6,22.16,94,49,Nganjuk,-7.6044,111.9013
2024-11-14,36.0,24.4,30.1,0.7,0.7,6.2,19.2,24.89,94,36,Nganjuk,-7.6044,111.9013
2024-11-15,36.2,25.0,29.9,0.5,0.5,5.7,12.8,24.88,86,40,Nganjuk,-7.6044,111.9013
2024-11-16,35.4,24.5,28.4,12.2,12.2,4.43,22.0,20.0,94,46,Nganjuk,-7.6044,111.9013
2024-11-17,34.9,24.6,28.3,5.7,5.7,5.13,13.5,23.58,97,51,Nganjuk,-7.6044,111.9013
2024-11-18,33.4,24.5,27.4,14.2,14.2,4.69,9.4,22.27,97,56,Nganjuk,-7.6044,111.9013
2024-11-19,32.8,24.2,27.3,4.6,4.6,4.43,18.3,21.07,98,56,Nganjuk,-7.6044,111.9013
2024-11-20,33.3,23.8,27.1,3.3,3.3,4.43,17.0,21.06,97,52,Nganjuk,-7.6044,111.9013
2024-11-21,33.8,24.3,27.5,6.7,6.7,4.24,15.8,20.17,97,55,Nganjuk,-7.6044,111.9013
2024-11-22,33.6,24.7,27.4,8.7,8.7,4.31,20.2,20.21,96,55,Nganjuk,-7.6044,111.9013
2024-11-23,34.8,24.5,27.9,3.7,3.7,4.25,24.4,20.17,95,48,Nganjuk,-7.6044,111.9013
2024-11-24,34.2,25.0,27.4,5.3,5.3,3.62,16.2,16.72,96,49,Nganjuk,-7.6044,111.9013
2024-11-25,33.1,24.3,27.6,6.7,6.7,4.33,9.9,20.45,97,54,Nganjuk,-7.6044,111.9013
2024-11-26,31.4,24.0,27.7,0.7,0.7,4.2,11.3,19.76,99,58,Nganjuk,-7.6044,111.9013
2024-11-27,32.5,24.8,27.6,6.3,6.3,3.9,11.6,18.12,95,50,Nganjuk,-7.6044,111.9013
2024-11-28,30.0,24.0,26.3,26.5,26.5,3.33,10.7,16.1,96,67,Nganjuk,-7.6044,111.9013
2024-11-29,31.1,22.4,26.6,1.2,1.2,4.14,10.5,20.0,94,65,Nganjuk,-7.6044,111.9013
2024-11-30,29.1,23.2,25.4,26.7,26.7,2.98,11.5,15.08,99,74,Nganjuk,-7.6044,111.9013
2024-12-01,30.4,22.8,26.1,9.8,9.8,3.55,8.3,17.1,96,72,Nganjuk,-7.6044,111.9013
2024-12-02,31.4,23.9,26.7,2.1,2.1,4.06,8.9,19.45,95,65,Nganjuk,-7.6044,111.9013
2024-12-03,32.3,23.5,27.4,0.4,0.4,4.88,15.2,23.05,92,60,Nganjuk,-7.6044,111.9013
2024-12-04,32.5,24.0,27.5,3.6,3.6,3.74,13.6,16.85,96,51,Nganjuk,-7.6044,111.9013
2024-12-05,33.6,24.5,27.2,16.2,16.2,3.66,10.8,16.64,98,51,Nganjuk,-7.6044,111.9013
2024-12-06,29.4,23.5,25.5,20.3,20.3,1.87,9.3,8.75,98,73,Nganjuk,-7.6044,111.9013
2024-12-07,31.0,23.1,26.2,9.5,9.5,3.56,7.3,17.08,97,66,Nganjuk,-7.6044,111.9013
2024-12-08,31.2,23.9,26.5,17.6,17.6,3.58,17.1,17.39,99,66,Nganjuk,-7.6044,111.9013
2024-12-09,30.0,23.1,25.4,3.3,3.3,3.01,8.2,14.65,99,77,Nganjuk,-7.6044,111.9013
2024-12-10,29.9,23.0,26.2,9.7,9.7,2.91,12.5,13.89,97,75,Nganjuk,-7.6044,111.9013
2024-12-11,30.9,23.1,26.1,14.4,14.4,3.12,9.4,15.02,97,70,Nganjuk,-7.6044,111.9013
2024-12-12,29.6,23.6,25.8,9.1,9.1,2.84,9.6,13.94,97,78,Nganjuk,-7.6044,111.9013
2024-12-13,31.8,23.8,26.6,20.5,20.5,3.68,8.5,17.72,98,64,Nganjuk,-7.6044,111.9013
2024-12-14,29.5,23.9,25.7,16.3,16.3,2.29,9.8,11.01,99,75,Nganjuk,-7.6044,111.9013
2024-12-15,30.8,24.1,26.1,33.7,33.7,2.46,11.0,11.66,99,73,Nganjuk,-7.6044,111.9013
2024-12-16,29.7,24.2,26.3,17.1,17.1,2.45,10.1,11.23,99,71,Nganjuk,-7.6044,111.9013
2024-12-17,30.6,23.8,26.1,7.8,7.8,2.77,15.9,13.31,96,69,Nganjuk,-7.6044,111.9013
2024-12-18,29.0,23.2,26.1,1.5,1.5,3.25,7.9,16.15,98,76,Nganjuk,-7.6044,111.9013
2024-12-19,33.3,22.5,27.4,0.4,0.4,4.78,12.5,21.91,94,51,Nganjuk,-7.6044,111.9013
2024-12-20,31.5,23.9,26.9,12.0,12.0,3.59,9.7,17.16,97,66,Nganjuk,-7.6044,111.9013
2024-12-21,30.7,24.2,26.6,25.9,25.9,3.23,17.5,15.45,97,71,Nganjuk,-7.6044,111.9013
2024-12-22,29.5,24.5,26.0,12.7,12.7,2.79,8.6,13.71,98,74,Nganjuk,-7.6044,111.9013
2024-12-23,31.2,23.4,26.1,15.3,15.3,3.53,13.7,17.37,95,71,Nganjuk,-7.6044,111.9013
2024-12-24,30.1,23.0,25.6,20.6,20.6,3.42,14.2,17.24,99,78,Nganjuk,-7.6044,111.9013
2024-12-25,30.9,23.6,26.2,2.4,2.4,2.98,12.2,14.17,98,67,Nganjuk,-7.6044,111.9013
2024-12-26,30.0,23.5,26.3,5.8,5.8,3.14,9.2,15.21,98,72,Nganjuk,-7.6044,111.9013
2024-12-27,30.1,23.6,27.0,9.2,9.2,3.66,6.1,17.61,95,71,Nganjuk,-7.6044,111.9013
2024-12-28,29.5,24.0,26.0,7.0,7.0,3.01,10.3,14.56,97,72,Nganjuk,-7.6044,111.9013
2024-12-29,29.2,23.0,25.4,6.5,6.5,2.19,8.9,10.35,98,70,Nganjuk,-7.6044,111.9013
2024-12-30,30.7,22.6,25.8,25.7,25.7,3.28,13.5,16.11,98,66,Nganjuk,-7.6044,111.9013
2024-12-31,29.8,23.0,26.0,20.6,20.6,2.88,15.2,14.4,99,71,Nganjuk,-7.6044,111.9013
2025-01-01,28.1,24.2,25.6,25.5,25.5,2.04,10.2,9.82,97,83,Nganjuk,-7.6044,111.9013
2025-01-02,29.5,23.5,25.6,12.9,12.9,3.15,8.9,15.35,99,71,Nganjuk,-7.6044,111.9013
2025-01-03,29.6,23.5,26.0,8.3,8.3,3.81,11.1,19.01,96,74,Nganjuk,-7.6044,111.9013
2025-01-04,28.7,23.5,25.5,10.5,10.5,3.66,6.8,18.46,91,69,Nganjuk,-7.6044,111.9013
2025-01-05,28.0,22.8,25.0,4.4,4.4,2.91,11.1,14.72,98,79,Nganjuk,-7.6044,111.9013
2025-01-06,29.5,23.2,25.7,3.4,3.4,3.42,7.9,16.79,96,70,Nganjuk,-7.6044,111.9013
2025-01-07,30.0,23.9,25.8,14.6,14.6,3.32,10.2,16.6,97,69,Nganjuk,-7.6044,111.9013
2025-01-08,28.6,23.9,25.7,18.5,18.5,2.98,18.8,15.33,96,78,Nganjuk,-7.6044,111.9013
2025-01-09,31.2,23.6,27.1,0.7,0.7,4.51,20.3,21.94,98,64,Nganjuk,-7.6044,111.9013
2025-01-10,29.0,23.2,25.9,22.2,22.2,3.59,11.9,17.74,97,76,Nganjuk,-7.6044,111.9013
2025-01-11,29.0,23.2,25.6,17.3,17.3,3.17,6.2,15.85,97,74,Nganjuk,-7.6044,111.9013
2025-01-12,28.1,23.3,25.4,13.2,13.2,2.5,6.6,12.37,98,80,Nganjuk,-7.6044,111.9013
2025-01-13,28.3,23.1,25.3,12.9,12.9,2.83,6.7,14.01,98,78,Nganjuk,-7.6044,111.9013
2025-01-14,30.8,23.5,26.1,15.0,15.0,3.45,8.5,16.78,98,67,Nganjuk,-7.6044,111.9013
2025-01-15,29.5,22.9,26.0,13.7,13.7,3.49,7.3,17.2,99,74,Nganjuk,-7.6044,111.9013
2025-01-16,30.2,23.6,26.1,15.7,15.7,3.39,12.5,16.6,99,67,Nganjuk,-7.6044,111.9013
2025-01-17,31.4,24.0,26.4,20.5,20.5,3.9,20.5,20.11,98,68,Nganjuk,-7.6044,111.9013
2025-01-18,30.0,24.0,26.1,3.1,3.1,2.97,14.9,14.47,96,72,Nganjuk,-7.6044,111.9013
2025-01-19,30.4,22.9,26.1,15.9,15.9,3.3,9.6,15.99,99,68,Nganjuk,-7.6044,111.9013
2025-01-20,28.4,24.1,25.5,20.4,20.4,2.06,12.1,10.0,99,82,Nganjuk,-7.6044,111.9013
2025-01-21,29.4,23.7,25.8,9.9,9.9,2.75,19.6,13.65,99,74,Nganjuk,-7.6044,111.9013
2025-01-22,30.4,23.3,25.9,11.4,11.4,3.23,8.3,15.63,99,72,Nganjuk,-7.6044,111.9013
2025-01-23,27.5,23.4,25.0,17.7,17.7,2.14,5.0,10.58,98,80,Nganjuk,-7.6044,111.9013
2025-01-24,28.9,23.2,25.5,8.0,8.0,3.42,6.9,17.02,96,72,Nganjuk,-7.6044,111.9013
2025-01-25,29.9,23.5,26.3,0.1,0.1,3.77,8.5,18.37,96,69,Nganjuk,-7.6044,111.9013
2025-01-26,29.4,23.6,25.7,6.0,6.0,3.39,9.2,16.8,97,76,Nganjuk,-7.6044,111.9013
2025-01-27,28.5,23.5,25.4,14.8,14.8,2.25,14.3,11.32,99,82,Nganjuk,-7.6044,111.9013
2025-01-28,29.3,23.5,25.5,20.8,20.8,3.08,13.0,15.05,99,79,Nganjuk,-7.6044,111.9013
2025-01-29,29.1,23.8,25.4,14.9,14.9,2.88,21.6,14.5,95,75,Nganjuk,-7.6044,111.9013
2025-01-30,26.5,23.8,24.6,9.5,9.5,1.79,26.0,8.24,95,82,Nganjuk,-7.6044,111.9013
2025-01-31,29.8,24.0,26.2,2.5,2.5,3.29,21.3,14.85,91,70,Nganjuk,-7.6044,111.9013
2025-02-01,29.2,24.0,26.4,2.7,2.7,3.38,19.3,15.52,91,73,Nganjuk,-7.6044,111.9013
2025-02-02,29.0,24.4,26.2,3.5,3.5,3.31,18.1,16.36,93,77,Nganjuk,-7.6044,111.9013
2025-02-03,30.5,24.4,27.1,4.8,4.8,4.38,25.2,20.42,94,69,Nganjuk,-7.6044,111.9013
2025-02-04,30.6,25.0,27.1,4.2,4.2,4.09,20.4,18.23,90,68,Nganjuk,-7.6044,111.9013
2025-02-05,31.2,24.7,26.9,4.1,4.1,4.42,22.4,21.09,92,64,Nganjuk,-7.6044,111.9013
2025-02-06,29.7,25.0,26.6,1.9,1.9,3.7,23.7,17.1,88,73,Nganjuk,-7.6044,111.9013
2025-02-07,29.9,24.3,26.2,9.6,9.6,2.76,14.1,12.95,96,73,Nganjuk,-7.6044,111.9013
2025-02-08,29.1,23.5,26.0,3.3,3.3,3.59,15.1,17.87,96,76,Nganjuk,-7.6044,111.9013
2025-02-09,31.0,23.0,25.9,6.5,6.5,3.86,11.7,19.07,98,64,Nganjuk,-7.6044,111.9013
2025-02-10,29.5,23.0,25.7,2.1,2.1,3.42,9.7,16.95,98,73,Nganjuk,-7.6044,111.9013
2025-02-11,31.6,23.2,26.8,0.7,0.7,4.12,6.4,20.01,98,64,Nganjuk,-7.6044,111.9013
2025-02-12,28.8,22.3,25.9,0.0,0.0,3.02,12.6,13.84,88,66,Nganjuk,-7.6044,111.9013
2025-02-13,31.3,23.8,26.7,1.9,1.9,4.09,7.6,19.78,93,64,Nganjuk,-7.6044,111.9013
2025-02-14,31.9,23.7,26.5,11.7,11.7,4.49,15.2,22.35,97,62,Nganjuk,-7.6044,111.9013
2025-02-15,31.2,23.1,26.2,12.7,12.7,4.47,16.3,22.63,99,70,Nganjuk,-7.6044,111.9013
2025-02-16,31.8,22.6,26.3,12.4,12.4,4.52,15.8,22.43,99,63,Nganjuk,-7.6044,111.9013
2025-02-17,30.2,23.4,25.8,6.3,6.3,3.27,9.7,16.02,99,66,Nganjuk,-7.6044,111.9013
2025-02-18,31.2,23.2,26.1,1.0,1.0,3.74,11.1,18.14,100,63,Nganjuk,-7.6044,111.9013
2025-02-19,30.7,23.5,26.2,8.4,8.4,4.4,21.4,21.98,97,71,Nganjuk,-7.6044,111.9013
2025-02-20,29.4,22.8,25.7,9.5,9.5,3.74,10.3,19.02,98,77,Nganjuk,-7.6044,111.9013
2025-02-21,30.8,24.1,26.0,8.9,8.9,3.75,6.2,18.29,97,70,Nganjuk,-7.6044,111.9013
2025-02-22,31.0,23.4,25.9,16.2,16.2,3.28,13.1,16.52,97,70,Nganjuk,-7.6044,111.9013
2025-02-23,29.4,23.5,25.1,30.4,30.4,2.44,10.5,12.16,99,80,Nganjuk,-7.6044,111.9013
2025-02-24,28.4,23.4,25.0,15.5,15.5,2.38,8.7,11.44,98,76,Nganjuk,-7.6044,111.9013
2025-02-25,30.3,22.7,25.8,9.6,9.6,3.99,10.3,19.93,97,69,Nganjuk,-7.6044,111.9013
2025-02-26,29.0,23.3,25.6,2.0,2.0,3.06,8.3,15.0,97,73,Nganjuk,-7.6044,111.9013
2025-02-27,30.0,23.6,26.1,6.7,6.7,4.05,11.4,20.22,96,71,Nganjuk,-7.6044,111.9013
2025-02-28,31.8,23.5,25.9,1.2,1.2,4.26,22.2,21.08,97,61,Nganjuk,-7.6044,111.9013
2025-03-01,32.0,23.1,26.7,7.3,7.3,4.73,16.7,23.32,98,62,Nganjuk,-7.6044,111.9013
2025-03-02,32.0,24.2,27.4,0.6,0.6,4.84,14.3,23.34,91,61,Nganjuk,-7.6044,111.9013
2025-03-03,31.7,24.0,27.2,1.7,1.7,4.9,16.7,24.29,94,65,Nganjuk,-7.6044,111.9013
2025-03-04,31.6,23.9,26.4,7.8,7.8,4.5,12.5,22.37,95,64,Nganjuk,-7.6044,111.9013
2025-03-05,32.3,24.1,27.7,1.1,1.1,5.24,12.7,25.28,89,59,Nganjuk,-7.6044,111.9013
2025-03-06,32.3,24.4,27.2,0.9,0.9,4.17,9.6,20.01,93,61,Nganjuk,-7.6044,111.9013
2025-03-07,30.2,23.8,26.1,10.8,10.8,4.07,15.3,20.5,97,70,Nganjuk,-7.6044,111.9013
2025-03-08,31.1,23.1,25.8,10.9,10.9,3.98,10.9,19.5,99,67,Nganjuk,-7.6044,111.9013
2025-03-09,29.7,23.9,25.9,12.0,12.0,3.37,18.5,17.19,95,77,Nganjuk,-7.6044,111.9013
2025-03-10,28.4,23.2,25.5,24.3,24.3,2.61,15.0,13.28,97,79,Nganjuk,-7.6044,111.9013
2025-03-11,31.1,24.1,26.8,4.3,4.3,3.6,10.0,17.33,95,64,Nganjuk,-7.6044,111.9013
2025-03-12,31.7,23.9,26.7,12.0,12.0,4.22,27.8,20.99,96,66,Nganjuk,-7.6044,111.9013
2025-03-13,31.6,23.5,26.6,6.1,6.1,4.3,6.8,20.87,96,68,Nganjuk,-7.6044,111.9013
2025-03-14,30.0,24.0,26.3,2.1,2.1,3.15,6.8,15.2,98,68,Nganjuk,-7.6044,111.9013
2025-03-15,31.2,24.0,26.0,14.6,14.6,3.27,9.0,15.81,98,68,Nganjuk,-7.6044,111.9013
2025-03-16,30.4,22.9,25.6,5.7,5.7,3.13,12.8,15.03,99,67,Nganjuk,-7.6044,111.9013
2025-03-17,30.6,23.4,25.9,17.5,17.5,3.23,11.4,15.93,99,71,Nganjuk,-7.6044,111.9013
2025-03-18,30.4,24.2,25.9,35.2,35.2,2.98,15.3,14.26,97,73,Nganjuk,-7.6044,111.9013
2025-03-19,28.0,23.0,24.9,12.8,12.8,2.76,9.4,14.19,98,76,Nganjuk,-7.6044,111.9013
2025-03-20,32.0,22.0,26.3,0.7,0.7,4.45,9.4,21.57,97,56,Nganjuk,-7.6044,111.9013
2025-03-21,31.6,24.0,27.1,5.1,5.1,4.15,13.1,19.74,95,61,Nganjuk,-7.6044,111.9013
2025-03-22,29.1,23.8,25.7,4.5,4.5,2.51,12.7,11.99,98,72,Nganjuk,-7.6044,111.9013
2025-03-23,31.0,23.3,26.7,0.0,0.0,3.98,19.9,18.27,99,66,Nganjuk,-7.6044,111.9013
2025-03-24,29.5,24.0,26.4,10.2,10.2,2.98,20.0,14.49,95,75,Nganjuk,-7.6044,111.9013
2025-03-25,31.2,24.0,27.2,3.0,3.0,4.16,18.2,20.46,96,70,Nganjuk,-7.6044,111.9013
2025-03-26,31.5,24.5,27.3,15.8,15.8,4.29,18.9,20.86,97,69,Nganjuk,-7.6044,111.9013
2025-03-27,31.5,23.6,26.4,9.2,9.2,3.35,15.4,16.37,95,70,Nganjuk,-7.6044,111.9013
2025-03-28,30.2,23.6,25.8,37.8,37.8,2.75,14.6,13.78,98,76,Nganjuk,-7.6044,111.9013
2025-03-29,29.8,23.5,25.7,15.3,15.3,2.9,10.6,14.17,99,76,Nganjuk,-7.6044,111.9013
2025-03-30,29.9,22.2,25.7,1.2,1.2,3.53,12.0,17.65,98,77,Nganjuk,-7.6044,111.9013
2025-03-31,30.5,23.5,26.2,4.3,4.3,4.1,9.3,20.22,94,64,Nganjuk,-7.6044,111.9013
2025-04-01,29.4,23.6,25.7,6.0,6.0,3.5,8.4,17.51,95,72,Nganjuk,-7.6044,111.9013
2025-04-02,30.4,23.8,26.1,2.0,2.0,3.78,8.8,18.5,96,65,Nganjuk,-7.6044,111.9013
2025-04-03,30.6,23.5,26.1,2.3,2.3,3.88,10.7,18.87,98,62,Nganjuk,-7.6044,111.9013
2025-04-04,31.4,23.6,26.6,1.9,1.9,4.49,9.6,21.9,97,60,Nganjuk,-7.6044,111.9013
2025-04-05,31.0,23.0,26.4,0.1,0.1,4.19,10.0,20.23,98,60,Nganjuk,-7.6044,111.9013
2025-04-06,32.3,23.5,27.2,0.3,0.3,5.09,13.1,23.98,96,49,Nganjuk,-7.6044,111.9013
2025-04-07,31.5,23.5,27.3,0.0,0.0,5.12,14.7,24.32,87,58,Nganjuk,-7.6044,111.9013
2025-04-08,31.6,22.9,26.8,0.9,0.9,4.54,15.2,21.97,95,60,Nganjuk,-7.6044,111.9013
2025-04-09,31.4,23.5,27.0,5.6,5.6,4.49,10.9,22.12,97,64,Nganjuk,-7.6044,111.9013
2025-04-10,30.2,24.2,26.6,2.7,2.7,3.35,10.1,16.68,95,70,Nganjuk,-7.6044,111.9013
2025-04-11,31.7,24.2,26.6,5.8,5.8,3.98,15.6,19.62,96,64,Nganjuk,-7.6044,111.9013
2025-04-12,31.8,24.0,26.6,2.9,2.9,4.33,12.9,21.6,96,63,Nganjuk,-7.6044,111.9013
2025-04-13,31.4,23.5,26.4,1.5,1.5,4.22,8.9,20.6,96,62,Nganjuk,-7.6044,111.9013
2025-04-14,30.2,24.0,26.5,0.3,0.3,3.04,6.8,14.75,99,68,Nganjuk,-7.6044,111.9013
2025-04-15,31.1,23.4,26.6,0.4,0.4,3.72,8.0,17.99,94,62,Nganjuk,-7.6044,111.9013
2025-04-16,31.6,23.6,27.1,0.3,0.3,4.36,7.9,21.1,92,62,Nganjuk,-7.6044,111.9013
2025-04-17,29.4,24.1,25.9,12.2,12.2,2.61,13.3,12.71,96,77,Nganjuk,-7.6044,111.9013
2025-04-18,30.1,24.2,26.4,5.2,5.2,3.26,11.4,15.98,98,70,Nganjuk,-7.6044,111.9013
2025-04-19,30.5,24.2,26.3,0.6,0.6,3.21,6.5,15.46,95,68,Nganjuk,-7.6044,111.9013
2025-04-20,29.0,23.9,26.1,4.9,4.9,3.35,9.1,16.87,96,76,Nganjuk,-7.6044,111.9013
2025-04-21,29.5,23.6,26.3,1.1,1.1,3.44,9.0,16.87,93,71,Nganjuk,-7.6044,111.9013
2025-04-22,30.8,22.9,26.3,0.5,0.5,4.28,9.3,21.23,94,67,Nganjuk,-7.6044,111.9013
2025-04-23,31.3,22.7,26.8,0.1,0.1,4.4,9.0,21.36,91,59,Nganjuk,-7.6044,111.9013
2025-04-24,32.0,22.7,27.5,0.0,0.0,4.97,13.0,23.38,90,56,Nganjuk,-7.6044,111.9013
2025-04-25,31.5,24.1,27.1,0.2,0.2,4.31,11.2,20.76,92,60,Nganjuk,-7.6044,111.9013
2025-04-26,31.2,22.4,26.7,0.1,0.1,4.47,14.1,21.65,96,63,Nganjuk,-7.6044,111.9013
2025-04-27,31.9,22.1,26.8,0.0,0.0,5.08,15.0,22.77,92,56,Nganjuk,-7.6044,111.9013
2025-04-28,31.9,21.5,26.6,0.0,0.0,4.89,14.1,22.38,93,54,Nganjuk,-7.6044,111.9013
2025-04-29,31.6,21.2,26.7,0.0,0.0,5.31,19.6,23.24,91,51,Nganjuk,-7.6044,111.9013
2025-04-30,31.4,21.5,26.4,0.0,0.0,4.45,10.6,21.33,93,56,Nganjuk,-7.6044,111.9013
2025-05-01,31.9,23.5,27.2,0.5,0.5,4.48,8.8,21.67,91,58,Nganjuk,-7.6044,111.9013
2025-05-02,28.2,24.4,26.0,15.3,15.3,2.29,7.4,11.35,92,76,Nganjuk,-7.6044,111.9013
2025-05-03,31.5,24.5,27.2,0.7,0.7,4.23,10.7,20.57,89,65,Nganjuk,-7.6044,111.9013
2025-05-04,31.6,24.8,26.9,8.3,8.3,4.07,16.8,20.57,94,68,Nganjuk,-7.6044,111.9013
2025-05-05,32.0,23.4,27.2,0.1,0.1,4.4,13.5,21.28,96,61,Nganjuk,-7.6044,111.9013
2025-05-06,31.4,23.5,27.1,1.0,1.0,3.99,13.0,19.25,96,64,Nganjuk,-7.6044,111.9013
2025-05-07,31.7,23.2,26.6,5.5,5.5,3.72,13.5,18.07,97,63,Nganjuk,-7.6044,111.9013
2025-05-08,30.9,23.6,26.4,8.2,8.2,3.32,10.7,16.58,95,71,Nganjuk,-7.6044,111.9013
2025-05-09,30.5,23.7,26.0,24.0,24.0,2.89,11.1,14.3,96,73,Nganjuk,-7.6044,111.9013
2025-05-10,30.7,23.8,26.3,10.6,10.6,3.5,9.8,17.62,97,71,Nganjuk,-7.6044,111.9013
2025-05-11,30.8,23.8,26.0,21.2,21.2,3.23,8.5,15.87,97,70,Nganjuk,-7.6044,111.9013
2025-05-12,29.2,23.3,25.4,25.4,25.4,2.47,7.2,12.28,97,74,Nganjuk,-7.6044,111.9013
2025-05-13,29.1,23.5,25.6,12.7,12.7,2.81,13.6,14.31,98,78,Nganjuk,-7.6044,111.9013
2025-05-14,30.0,23.6,26.0,11.6,11.6,3.33,8.6,16.87,98,77,Nganjuk,-7.6044,111.9013
2025-05-15,30.4,23.8,26.1,27.7,27.7,3.28,9.9,16.46,96,73,Nganjuk,-7.6044,111.9013
2025-05-16,29.5,24.5,26.3,11.6,11.6,3.04,13.4,15.12,97,73,Nganjuk,-7.6044,111.9013
2025-05-17,29.6,24.0,25.7,32.8,32.8,2.73,15.8,13.37,98,76,Nganjuk,-7.6044,111.9013
2025-05-18,29.7,23.6,25.9,2.0,2.0,3.15,11.5,15.5,98,70,Nganjuk,-7.6044,111.9013
2025-05-19,29.3,23.5,25.8,10.7,10.7,2.75,8.1,13.56,98,74,Nganjuk,-7.6044,111.9013
2025-05-20,31.0,23.9,26.9,1.5,1.5,3.97,17.1,18.62,97,66,Nganjuk,-7.6044,111.9013
2025-05-21,30.9,25.5,27.8,0.4,0.4,4.29,16.6,18.6,86,65,Nganjuk,-7.6044,111.9013
2025-05-22,30.5,23.4,26.4,4.3,4.3,3.59,6.3,17.67,96,65,Nganjuk,-7.6044,111.9013
2025-05-23,28.1,23.7,25.4,23.0,23.0,2.23,9.5,11.2,97,82,Nganjuk,-7.6044,111.9013
2025-05-24,29.8,24.2,26.3,8.3,8.3,3.15,8.3,15.78,95,73,Nganjuk,-7.6044,111.9013
2025-05-25,30.9,24.8,26.9,2.8,2.8,3.48,12.6,16.96,89,70,Nganjuk,-7.6044,111.9013
2025-05-26,27.9,24.2,25.7,24.2,24.2,1.84,11.4,9.21,97,80,Nganjuk,-7.6044,111.9013
2025-05-27,28.8,23.5,26.0,2.3,2.3,2.66,5.5,13.17,97,77,Nganjuk,-7.6044,111.9013
2025-05-28,30.6,24.4,27.1,0.0,0.0,3.31,10.0,16.1,93,66,Nganjuk,-7.6044,111.9013
2025-05-29,30.7,24.3,27.3,0.0,0.0,3.94,7.2,19.41,90,68,Nganjuk,-7.6044,111.9013
2025-05-30,32.0,22.8,27.0,0.0,0.0,4.26,10.9,20.7,95,60,Nganjuk,-7.6044,111.9013
2025-05-31,30.9,23.6,26.3,0.6,0.6,3.51,16.7,17.24,96,65,Nganjuk,-7.6044,111.9013
2025-06-01,31.1,23.3,26.8,2.0,2.0,3.34,16.2,15.61,98,63,Nganjuk,-7.6044,111.9013
2025-06-02,31.0,23.0,26.8,0.0,0.0,4.03,14.6,19.59,98,62,Nganjuk,-7.6044,111.9013
2025-06-03,31.9,23.3,27.2,0.0,0.0,4.22,7.6,20.45,96,60,Nganjuk,-7.6044,111.9013
2025-06-04,31.5,24.4,27.0,0.6,0.6,4.01,16.0,19.76,92,64,Nganjuk,-7.6044,111.9013
2025-06-05,32.2,23.2,27.1,0.0,0.0,4.58,15.9,20.36,94,51,Nganjuk,-7.6044,111.9013
2025-06-06,31.1,21.5,26.7,0.0,0.0,4.26,11.9,20.34,93,52,Nganjuk,-7.6044,111.9013
2025-06-07,32.2,22.2,27.1,0.0,0.0,4.71,16.2,21.02,93,54,Nganjuk,-7.6044,111.9013
2025-06-08,32.0,23.2,27.2,1.5,1.5,4.13,17.6,18.85,97,57,Nganjuk,-7.6044,111.9013
2025-06-09,28.6,23.4,25.5,27.6,27.6,2.35,7.0,11.52,99,71,Nganjuk,-7.6044,111.9013
2025-06-10,29.9,23.0,26.1,0.2,0.2,3.08,12.8,15.3,95,66,Nganjuk,-7.6044,111.9013
2025-06-11,31.4,23.5,26.8,2.8,2.8,4.03,11.9,19.0,97,59,Nganjuk,-7.6044,111.9013
2025-06-12,31.8,21.9,26.6,0.1,0.1,4.41,14.1,20.35,97,54,Nganjuk,-7.6044,111.9013
2025-06-13,31.3,23.2,26.7,0.3,0.3,3.6,14.0,16.73,92,61,Nganjuk,-7.6044,111.9013
2025-06-14,31.1,23.1,26.1,19.2,19.2,3.45,8.4,16.89,95,63,Nganjuk,-7.6044,111.9013
2025-06-15,31.4,23.0,26.5,0.8,0.8,3.77,13.6,18.3,98,63,Nganjuk,-7.6044,111.9013
2025-06-16,31.4,23.0,26.5,1.2,1.2,3.75,16.9,18.23,97,63,Nganjuk,-7.6044,111.9013
2025-06-17,30.8,22.4,26.3,8.8,8.8,3.92,7.2,19.32,98,61,Nganjuk,-7.6044,111.9013
2025-06-18,31.5,21.7,26.5,0.0,0.0,4.42,12.5,19.93,94,48,Nganjuk,-7.6044,111.9013
2025-06-19,30.5,21.3,25.8,0.0,0.0,3.63,9.7,17.2,92,46,Nganjuk,-7.6044,111.9013
2025-06-20,29.2,22.5,25.6,0.0,0.0,2.64,9.0,12.23,85,62,Nganjuk,-7.6044,111.9013
2025-06-21,31.6,22.7,26.4,1.1,1.1,3.9,15.0,19.1,92,54,Nganjuk,-7.6044,111.9013
2025-06-22,29.8,23.0,25.5,1.6,1.6,2.98,13.2,14.76,97,67,Nganjuk,-7.6044,111.9013
2025-06-23,31.2,21.6,26.2,0.6,0.6,4.36,19.7,19.27,100,57,Nganjuk,-7.6044,111.9013
2025-06-24,31.2,23.1,27.3,0.0,0.0,4.28,14.3,18.76,85,54,Nganjuk,-7.6044,111.9013
2025-06-25,31.5,24.6,27.7,0.0,0.0,4.73,16.4,18.63,77,54,Nganjuk,-7.6044,111.9013
2025-06-26,31.9,24.2,27.6,0.3,0.3,4.48,18.6,17.64,81,53,Nganjuk,-7.6044,111.9013
2025-06-27,31.2,22.8,26.7,0.8,0.8,3.91,14.8,18.62,96,59,Nganjuk,-7.6044,111.9013
2025-06-28,31.9,23.1,26.6,1.9,1.9,4.05,14.5,18.92,93,52,Nganjuk,-7.6044,111.9013
2025-06-29,31.8,23.0,26.9,0.7,0.7,4.42,17.0,19.73,91,53,Nganjuk,-7.6044,111.9013
2025-06-30,31.6,22.1,26.8,0.0,0.0,4.32,13.1,19.35,96,52,Nganjuk,-7.6044,111.9013
2025-07-01,32.1,22.5,27.0,0.0,0.0,4.43,16.8,20.07,95,51,Nganjuk,-7.6044,111.9013
2025-07-02,33.3,23.0,27.5,0.1,0.1,4.63,15.7,20.13,93,45,Nganjuk,-7.6044,111.9013
2025-07-03,31.6,22.9,27.0,0.3,0.3,4.14,18.1,17.87,96,53,Nganjuk,-7.6044,111.9013
2025-07-04,31.7,23.5,27.2,1.1,1.1,4.71,24.1,18.17,88,53,Nganjuk,-7.6044,111.9013
2025-07-05,32.5,24.1,27.3,2.5,2.5,4.3,14.8,17.92,86,47,Nganjuk,-7.6044,111.9013
2025-07-06,30.6,23.1,26.2,0.7,0.7,3.21,13.0,14.38,93,58,Nganjuk,-7.6044,111.9013
2025-07-07,32.0,21.8,26.1,1.4,1.4,3.67,10.1,17.3,98,49,Nganjuk,-7.6044,111.9013
2025-07-08,32.2,22.8,26.7,5.0,5.0,4.78,22.6,19.69,98,48,Nganjuk,-7.6044,111.9013
2025-07-09,31.8,22.6,26.2,0.0,0.0,5.46,20.8,20.99,80,37,Nganjuk,-7.6044,111.9013
2025-07-10,31.7,20.2,25.6,0.0,0.0,4.9,18.5,21.42,82,41,Nganjuk,-7.6044,111.9013
2025-07-11,32.0,20.5,25.8,0.0,0.0,4.74,16.2,20.64,87,41,Nganjuk,-7.6044,111.9013
2025-07-12,32.3,21.0,26.3,0.0,0.0,4.26,21.0,17.67,90,47,Nganjuk,-7.6044,111.9013
2025-07-13,32.8,23.3,27.5,0.2,0.2,4.75,19.6,20.2,89,50,Nganjuk,-7.6044,111.9013
2025-07-14,33.0,23.9,27.9,0.0,0.0,5.3,23.7,19.97,85,46,Nganjuk,-7.6044,111.9013
2025-07-15,32.6,23.5,27.8,0.0,0.0,4.65,16.0,19.66,82,50,Nganjuk,-7.6044,111.9013
2025-07-16,33.1,24.8,28.1,0.1,0.1,5.5,20.9,19.85,79,44,Nganjuk,-7.6044,111.9013
2025-07-17,32.1,21.2,26.4,0.0,0.0,4.92,17.6,21.24,84,45,Nganjuk,-7.6044,111.9013
2025-07-18,31.3,21.8,26.2,0.0,0.0,4.65,16.9,19.94,87,50,Nganjuk,-7.6044,111.9013
2025-07-19,30.6,20.8,25.8,0.0,0.0,4.43,14.7,19.27,87,48,Nganjuk,-7.6044,111.9013
2025-07-20,31.0,19.3,25.1,0.0,0.0,4.95,21.6,21.83,92,44,Nganjuk,-7.6044,111.9013
2025-07-21,31.3,18.8,24.9,0.0,0.0,5.03,18.9,22.35,90,42,Nganjuk,-7.6044,111.9013
2025-07-22,31.6,18.6,25.2,0.0,0.0,4.96,20.0,22.35,88,40,Nganjuk,-7.6044,111.9013
2025-07-23,32.2,21.1,26.2,0.0,0.0,4.71,19.9,21.72,87,50,Nganjuk,-7.6044,111.9013
2025-07-24,32.3,21.8,26.8,0.0,0.0,4.87,20.3,21.15,91,52,Nganjuk,-7.6044,111.9013
2025-07-25,32.9,23.3,27.8,0.1,0.1,5.04,18.6,20.45,87,48,Nganjuk,-7.6044,111.9013
2025-07-26,33.2,23.0,27.9,0.0,0.0,4.76,15.3,21.18,88,48,Nganjuk,-7.6044,111.9013
2025-07-27,33.4,23.5,27.9,0.0,0.0,4.62,13.7,20.38,87,47,Nganjuk,-7.6044,111.9013
2025-07-28,32.5,23.3,27.5,0.3,0.3,4.83,21.6,19.33,90,53,Nganjuk,-7.6044,111.9013
2025-07-29,31.7,25.7,28.0,0.1,0.1,5.51,24.7,18.94,76,54,Nganjuk,-7.6044,111.9013
2025-07-30,32.0,24.0,27.6,0.0,0.0,5.54,26.2,20.47,83,50,Nganjuk,-7.6044,111.9013
2025-07-31,32.7,24.8,27.9,0.0,0.0,5.63,23.1,21.94,75,46,Nganjuk,-7.6044,111.9013
2025-08-01,33.1,24.9,28.1,0.0,0.0,5.47,16.1,22.48,82,46,Nganjuk,-7.6044,111.9013
2025-08-02,33.4,22.4,27.6,0.0,0.0,4.94,15.6,21.95,96,46,Nganjuk,-7.6044,111.9013
2025-08-03,33.5,23.3,27.5,0.8,0.8,4.93,21.3,20.83,98,48,Nganjuk,-7.6044,111.9013
2025-08-04,33.5,23.0,27.6,0.6,0.6,4.91,18.5,21.67,94,47,Nganjuk,-7.6044,111.9013
2025-08-05,33.2,22.6,27.3,0.2,0.2,4.76,15.9,21.58,96,45,Nganjuk,-7.6044,111.9013
2025-08-06,33.0,21.5,27.0,0.0,0.0,5.15,17.9,22.01,92,42,Nganjuk,-7.6044,111.9013
2025-08-07,33.2,21.1,26.9,0.0,0.0,4.94,16.6,22.08,91,47,Nganjuk,-7.6044,111.9013
2025-08-08,32.8,23.4,27.8,0.0,0.0,4.88,11.7,21.41,88,47,Nganjuk,-7.6044,111.9013
2025-08-09,33.3,23.7,27.6,0.5,0.5,4.82,15.7,21.12,88,47,Nganjuk,-7.6044,111.9013
2025-08-10,32.2,23.0,27.2,0.1,0.1,4.86,22.1,20.64,96,51,Nganjuk,-7.6044,111.9013
2025-08-11,33.4,23.1,27.6,1.0,1.0,5.08,20.9,20.98,90,46,Nganjuk,-7.6044,111.9013
2025-08-12,32.8,24.2,27.0,1.6,1.6,4.42,19.7,19.58,89,49,Nganjuk,-7.6044,111.9013
2025-08-13,32.5,22.5,26.8,1.0,1.0,4.6,15.1,20.18,95,46,Nganjuk,-7.6044,111.9013
2025-08-14,31.8,24.5,27.3,0.0,0.0,6.26,24.8,21.2,78,40,Nganjuk,-7.6044,111.9013
2025-08-15,33.0,21.9,27.1,0.0,0.0,6.05,23.6,22.68,76,39,Nganjuk,-7.6044,111.9013
2025-08-16,32.7,22.5,27.5,0.0,0.0,5.4,15.0,23.22,87,45,Nganjuk,-7.6044,111.9013
2025-08-17,33.3,20.9,26.9,0.0,0.0,5.45,15.4,23.59,91,42,Nganjuk,-7.6044,111.9013
2025-08-18,33.0,23.0,27.5,0.6,0.6,4.75,17.8,21.01,92,47,Nganjuk,-7.6044,111.9013
2025-08-19,32.3,22.9,25.7,39.6,39.6,3.33,15.5,16.06,98,54,Nganjuk,-7.6044,111.9013
2025-08-20,30.3,22.0,25.7,1.2,1.2,4.04,9.2,19.47,99,59,Nganjuk,-7.6044,111.9013
2025-08-21,31.8,22.1,25.9,1.0,1.0,4.27,11.8,20.55,97,58,Nganjuk,-7.6044,111.9013
2025-08-22,32.2,22.0,26.6,0.2,0.2,4.68,16.1,21.81,99,50,Nganjuk,-7.6044,111.9013
2025-08-23,32.7,23.1,27.4,0.0,0.0,4.9,10.5,22.37,92,50,Nganjuk,-7.6044,111.9013
2025-08-24,33.8,22.6,27.2,0.0,0.0,5.17,16.1,22.84,93,40,Nganjuk,-7.6044,111.9013
2025-08-25,33.5,21.2,26.8,0.0,0.0,5.78,20.0,23.97,87,37,Nganjuk,-7.6044,111.9013
2025-08-26,34.0,20.1,27.0,0.0,0.0,6.54,22.1,23.2,78,35,Nganjuk,-7.6044,111.9013
2025-08-27,32.8,23.6,27.4,0.1,0.1,6.1,27.3,22.95,75,46,Nganjuk,-7.6044,111.9013
2025-08-28,31.7,25.1,27.3,0.0,0.0,5.85,26.4,20.97,74,49,Nganjuk,-7.6044,111.9013
2025-08-29,31.9,23.6,27.4,2.0,2.0,5.42,26.9,20.33,82,50,Nganjuk,-7.6044,111.9013
2025-08-30,33.5,24.9,28.3,0.2,0.2,6.25,23.2,23.0,75,40,Nganjuk,-7.6044,111.9013
2025-08-31,33.5,23.5,27.9,0.1,0.1,5.7,22.2,23.91,85,41,Nganjuk,-7.6044,111.9013
2025-09-01,35.0,21.5,27.4,0.0,0.0,5.43,19.2,22.53,91,35,Nganjuk,-7.6044,111.9013
2025-09-02,34.9,22.6,27.9,0.0,0.0,5.81,20.6,24.33,94,35,Nganjuk,-7.6044,111.9013
2025-09-03,35.2,22.7,28.0,0.0,0.0,5.91,17.8,24.65,99,32,Nganjuk,-7.6044,111.9013
2025-09-04,34.0,22.9,28.1,2.1,2.1,5.82,20.6,24.13,94,42,Nganjuk,-7.6044,111.9013
2025-09-05,34.9,23.5,28.4,0.0,0.0,6.07,21.5,24.48,89,31,Nganjuk,-7.6044,111.9013
2025-09-06,33.7,23.8,27.7,0.0,0.0,6.6,25.3,23.78,82,32,Nganjuk,-7.6044,111.9013
2025-09-07,33.2,23.5,27.6,0.0,0.0,6.44,26.2,21.56,72,41,Nganjuk,-7.6044,111.9013
2025-09-08,33.6,24.6,28.3,0.0,0.0,6.29,25.7,21.91,71,39,Nganjuk,-7.6044,111.9013
2025-09-09,33.6,25.6,28.3,0.3,0.3,6.17,26.7,22.92,74,45,Nganjuk,-7.6044,111.9013
2025-09-10,32.6,25.1,28.0,1.5,1.5,5.51,23.1,21.46,87,51,Nganjuk,-7.6044,111.9013
2025-09-11,32.9,23.5,27.4,0.5,0.5,4.6,13.1,21.27,96,52,Nganjuk,-7.6044,111.9013
2025-09-12,34.2,23.1,28.3,0.6,0.6,6.08,19.1,24.1,94,40,Nganjuk,-7.6044,111.9013
2025-09-13,34.8,23.8,28.6,0.0,0.0,5.83,18.3,24.02,81,39,Nganjuk,-7.6044,111.9013
2025-09-14,33.2,22.4,27.9,0.0,0.0,6.22,25.3,24.2,92,46,Nganjuk,-7.6044,111.9013
2025-09-15,33.2,23.5,28.3,0.2,0.2,6.11,25.9,23.57,78,45,Nganjuk,-7.6044,111.9013
2025-09-16,33.1,24.3,28.2,0.8,0.8,5.45,20.9,22.01,84,48,Nganjuk,-7.6044,111.9013
2025-09-17,33.5,25.3,28.2,1.2,1.2,5.45,23.1,22.58,78,46,Nganjuk,-7.6044,111.9013
2025-09-18,33.6,24.0,27.7,2.8,2.8,5.15,21.6,21.1,85,43,Nganjuk,-7.6044,111.9013
2025-09-19,35.0,24.7,29.0,1.0,1.0,5.86,19.4,23.85,78,41,Nganjuk,-7.6044,111.9013
2025-09-20,35.4,23.2,29.1,1.2,1.2,5.73,10.6,24.69,95,38,Nganjuk,-7.6044,111.9013
2025-09-21,35.3,23.4,28.6,0.4,0.4,5.66,21.1,23.52,96,41,Nganjuk,-7.6044,111.9013
2025-09-22,35.0,23.0,28.4,0.0,0.0,6.25,21.2,25.05,96,38,Nganjuk,-7.6044,111.9013
2025-09-23,36.7,22.1,28.9,0.0,0.0,6.62,23.2,25.82,92,27,Nganjuk,-7.6044,111.9013
2025-09-24,35.3,23.1,28.6,0.2,0.2,6.06,23.5,25.01,84,36,Nganjuk,-7.6044,111.9013
2025-09-25,35.2,24.8,29.2,0.3,0.3,6.0,23.7,25.03,79,37,Nganjuk,-7.6044,111.9013
2025-09-26,36.4,24.2,29.3,0.0,0.0,6.2,25.6,24.39,84,35,Nganjuk,-7.6044,111.9013
2025-09-27,36.2,24.4,29.4,0.4,0.4,6.1,21.7,25.11,85,39,Nganjuk,-7.6044,111.9013
2025-09-28,36.7,25.0,29.8,0.0,0.0,6.14,18.0,25.13,84,33,Nganjuk,-7.6044,111.9013
2025-09-29,36.2,24.0,28.8,0.8,0.8,5.57,25.1,23.23,93,39,Nganjuk,-7.6044,111.9013
2025-09-30,32.6,24.1,26.7,10.5,10.5,3.72,16.8,16.49,98,52,Nganjuk,-7.6044,111.9013
2025-10-01,34.0,23.5,27.1,11.5,11.5,4.41,23.5,20.35,98,47,Nganjuk,-7.6044,111.9013
2025-10-02,34.5,23.5,28.7,0.0,0.0,5.6,13.4,25.43,85,38,Nganjuk,-7.6044,111.9013
2025-10-03,35.1,23.8,28.8,0.0,0.0,6.42,19.1,24.42,87,37,Nganjuk,-7.6044,111.9013
2025-10-04,35.2,21.4,28.5,0.1,0.1,6.04,17.0,24.29,80,30,Nganjuk,-7.6044,111.9013
2025-10-05,36.3,23.3,29.1,0.8,0.8,6.3,18.6,25.79,88,27,Nganjuk,-7.6044,111.9013
2025-10-06,34.7,23.2,28.6,0.0,0.0,6.04,20.6,24.45,96,38,Nganjuk,-7.6044,111.9013
2025-10-07,36.2,22.9,28.9,0.0,0.0,5.97,17.7,24.44,97,28,Nganjuk,-7.6044,111.9013
2025-10-08,35.5,24.1,29.2,0.0,0.0,7.16,25.3,25.88,74,31,Nganjuk,-7.6044,111.9013
2025-10-09,35.0,23.1,28.4,0.8,0.8,6.06,23.3,24.79,74,35,Nganjuk,-7.6044,111.9013
2025-10-10,34.8,23.6,28.6,0.2,0.2,6.07,21.3,24.11,81,36,Nganjuk,-7.6044,111.9013
2025-10-11,34.7,22.8,28.6,0.0,0.0,6.24,22.6,25.05,94,37,Nganjuk,-7.6044,111.9013
2025-10-12,35.1,24.9,29.6,0.0,0.0,5.93,19.3,24.46,82,42,Nganjuk,-7.6044,111.9013
2025-10-13,35.0,25.0,29.3,0.2,0.2,5.49,16.0,23.31,90,42,Nganjuk,-7.6044,111.9013
2025-10-14,35.8,24.2,29.7,0.1,0.1,6.18,18.3,25.04,94,39,Nganjuk,-7.6044,111.9013
2025-10-15,35.5,24.4,28.8,6.2,6.2,5.33,16.3,23.33,94,43,Nganjuk,-7.6044,111.9013
2025-10-16,35.0,24.0,29.1,1.1,1.1,6.02,18.2,24.5,97,46,Nganjuk,-7.6044,111.9013
2025-10-17,34.3,24.5,29.3,0.2,0.2,5.58,19.0,23.87,87,46,Nganjuk,-7.6044,111.9013
2025-10-18,36.5,25.0,29.7,0.0,0.0,6.06,19.1,25.2,89,36,Nganjuk,-7.6044,111.9013
2025-10-19,35.5,25.3,29.4,1.3,1.3,5.44,17.3,23.89,88,39,Nganjuk,-7.6044,111.9013
2025-10-20,35.7,25.0,28.7,6.7,6.7,4.82,20.5,21.52,93,44,Nganjuk,-7.6044,111.9013
2025-10-21,32.3,25.0,27.0,7.2,7.2,3.23,11.2,14.97,98,57,Nganjuk,-7.6044,111.9013
2025-10-22,32.2,24.1,26.7,5.0,5.0,3.99,10.5,18.74,97,58,Nganjuk,-7.6044,111.9013
2025-10-23,33.0,23.6,27.2,1.2,1.2,4.57,12.7,21.5,97,51,Nganjuk,-7.6044,111.9013
2025-10-24,33.3,23.8,27.4,0.7,0.7,4.67,17.4,21.42,99,50,Nganjuk,-7.6044,111.9013
2025-10-25,31.9,23.5,26.6,1.5,1.5,4.03,9.3,19.27,99,59,Nganjuk,-7.6044,111.9013
2025-10-26,34.2,23.5,27.2,2.4,2.4,4.95,18.0,22.95,94,46,Nganjuk,-7.6044,111.9013
2025-10-27,33.6,23.2,27.5,1.7,1.7,4.55,13.2,20.48,97,48,Nganjuk,-7.6044,111.9013
2025-10-28,32.2,24.3,26.6,23.4,23.4,3.19,10.7,15.15,97,56,Nganjuk,-7.6044,111.9013
2025-10-29,32.2,23.5,27.0,3.1,3.1,3.87,7.9,18.08,99,51,Nganjuk,-7.6044,111.9013
2025-10-30,32.3,24.2,27.2,3.2,3.2,4.03,10.9,18.19,98,56,Nganjuk,-7.6044,111.9013
2025-10-31,33.0,23.8,27.0,9.1,9.1,4.17,10.7,19.76,97,55,Nganjuk,-7.6044,111.9013
2025-11-01,33.6,24.4,27.5,3.7,3.7,4.57,13.9,21.06,99,51,Nganjuk,-7.6044,111.9013
2025-11-02,32.5,24.0,27.5,5.5,5.5,4.39,10.6,20.56,98,57,Nganjuk,-7.6044,111.9013
2025-11-03,33.6,24.0,27.1,10.9,10.9,3.9,7.9,18.55,97,48,Nganjuk,-7.6044,111.9013
2025-11-04,32.3,24.2,27.2,6.6,6.6,3.71,6.3,17.55,98,55,Nganjuk,-7.6044,111.9013
2025-11-05,31.0,23.8,26.1,23.5,23.5,2.93,11.8,13.58,99,62,Nganjuk,-7.6044,111.9013
2025-11-06,31.9,23.5,26.8,9.8,9.8,4.18,12.8,19.48,99,57,Nganjuk,-7.6044,111.9013
2025-11-07,31.4,23.5,26.4,9.3,9.3,3.6,12.9,17.32,95,60,Nganjuk,-7.6044,111.9013
2025-11-08,33.2,24.0,26.8,29.5,29.5,4.1,17.6,19.97,99,55,Nganjuk,-7.6044,111.9013
2025-11-09,29.2,23.1,26.0,8.2,8.2,2.76,10.5,13.31,98,72,Nganjuk,-7.6044,111.9013
2025-11-10,32.5,24.5,27.2,12.1,12.1,4.09,11.6,18.56,97,53,Nganjuk,-7.6044,111.9013
2025-11-11,31.4,23.8,26.2,26.7,26.7,3.35,11.5,15.84,98,62,Nganjuk,-7.6044,111.9013
2025-11-12,27.2,23.1,24.9,26.9,26.9,1.81,6.9,8.61,97,82,Nganjuk,-7.6044,111.9013
2025-11-13,28.6,22.7,24.8,10.0,10.0,2.24,6.6,10.76,98,71,Nganjuk,-7.6044,111.9013
2025-11-14,29.1,22.9,25.4,7.4,7.4,3.19,6.7,15.64,98,71,Nganjuk,-7.6044,111.9013
2025-11-15,28.2,23.5,25.6,8.0,8.0,2.84,11.3,14.0,97,75,Nganjuk,-7.6044,111.9013
2025-11-16,31.5,24.0,26.3,10.3,10.3,3.65,12.9,17.58,96,61,Nganjuk,-7.6044,111.9013
2025-11-17,30.1,24.0,26.3,9.0,9.0,3.38,9.4,16.34,94,66,Nganjuk,-7.6044,111.9013
2025-11-18,31.0,23.9,26.1,19.2,19.2,3.7,8.8,18.04,97,62,Nganjuk,-7.6044,111.9013
2025-11-19,31.8,23.8,26.0,20.0,20.0,3.18,9.7,14.97,99,64,Nganjuk,-7.6044,111.9013
2025-11-20,31.2,23.4,26.3,17.5,17.5,3.84,7.6,18.39,99,58,Nganjuk,-7.6044,111.9013
2025-11-21,30.2,24.0,26.2,17.6,17.6,2.95,10.2,13.87,99,71,Nganjuk,-7.6044,111.9013
2025-11-22,30.4,23.5,26.1,8.2,8.2,3.14,11.8,14.74,99,63,Nganjuk,-7.6044,111.9013
2025-11-23,31.9,24.1,26.8,13.1,13.1,4.85,12.7,23.29,98,58,Nganjuk,-7.6044,111.9013
2025-11-24,30.0,23.5,26.1,2.7,2.7,3.26,6.7,15.84,94,60,Nganjuk,-7.6044,111.9013
2025-11-25,31.7,23.5,27.1,0.0,0.0,4.85,9.6,23.45,86,62,Nganjuk,-7.6044,111.9013
2025-11-26,29.7,23.8,26.0,12.2,12.2,3.83,10.4,19.22,97,69,Nganjuk,-7.6044,111.9013
2025-11-27,31.3,23.6,27.1,0.0,0.0,4.73,11.1,22.54,95,61,Nganjuk,-7.6044,111.9013
2025-11-28,31.4,24.2,27.4,0.0,0.0,5.15,9.0,24.49,91,58,Nganjuk,-7.6044,111.9013
2025-11-29,30.5,23.5,26.8,0.2,0.2,4.78,13.6,22.05,83,57,Nganjuk,-7.6044,111.9013
2025-11-30,32.6,23.2,27.2,0.1,0.1,4.74,15.7,22.04,86,52,Nganjuk,-7.6044,111.9013
2025-12-01,32.0,23.9,27.5,0.0,0.0,4.3,8.7,19.82,91,56,Nganjuk,-7.6044,111.9013
2025-12-02,31.6,23.3,26.8,4.0,4.0,4.13,11.5,19.46,96,60,Nganjuk,-7.6044,111.9013
2025-12-03,30.6,24.2,27.5,0.6,0.6,4.12,6.5,19.81,97,65,Nganjuk,-7.6044,111.9013
2025-12-04,30.5,23.5,25.9,10.4,10.4,3.45,6.2,16.76,98,71,Nganjuk,-7.6044,111.9013
2025-12-05,30.3,23.4,26.4,0.5,0.5,4.1,6.4,19.85,97,66,Nganjuk,-7.6044,111.9013
2025-12-06,31.6,23.5,26.5,1.2,1.2,4.06,10.2,19.26,94,57,Nganjuk,-7.6044,111.9013
2025-12-07,31.8,23.7,26.8,0.4,0.4,4.04,13.0,19.28,94,57,Nganjuk,-7.6044,111.9013
2025-12-08,29.1,24.0,26.0,8.0,8.0,3.0,6.8,14.57,97,70,Nganjuk,-7.6044,111.9013
2025-12-09,29.2,22.7,25.8,0.7,0.7,3.31,8.5,16.04,98,69,Nganjuk,-7.6044,111.9013
2025-12-10,31.0,24.0,26.7,3.6,3.6,4.37,9.5,20.88,96,60,Nganjuk,-7.6044,111.9013
2025-12-11,30.7,23.6,26.7,0.1,0.1,3.78,4.1,18.03,94,59,Nganjuk,-7.6044,111.9013
2025-12-12,32.7,23.4,27.5,0.0,0.0,5.02,8.3,23.84,91,49,Nganjuk,-7.6044,111.9013
2025-12-13,32.2,23.5,28.0,0.2,0.2,4.74,11.3,21.62,92,48,Nganjuk,-7.6044,111.9013
2025-12-14,31.0,24.1,26.7,6.9,6.9,3.85,9.4,18.21,97,63,Nganjuk,-7.6044,111.9013
2025-12-15,31.3,24.0,26.8,0.5,0.5,4.04,10.7,19.16,97,58,Nganjuk,-7.6044,111.9013
2025-12-16,33.0,23.1,27.8,0.0,0.0,5.01,11.7,23.68,95,46,Nganjuk,-7.6044,111.9013
2025-12-17,32.3,22.8,27.4,1.0,1.0,4.92,11.6,23.17,91,51,Nganjuk,-7.6044,111.9013
2025-12-18,32.4,23.8,26.8,20.4,20.4,3.93,12.2,18.59,98,57,Nganjuk,-7.6044,111.9013
2025-12-19,31.8,23.8,26.8,1.7,1.7,3.94,15.1,17.96,97,55,Nganjuk,-7.6044,111.9013
2025-12-20,31.6,23.9,26.0,20.2,20.2,3.08,13.7,14.66,98,61,Nganjuk,-7.6044,111.9013
2025-12-21,31.0,23.6,26.5,4.2,4.2,4.29,9.0,20.91,99,65,Nganjuk,-7.6044,111.9013
2025-12-22,30.2,24.1,26.3,17.5,17.5,3.07,14.8,15.01,96,71,Nganjuk,-7.6044,111.9013
2025-12-23,30.4,23.2,26.2,2.7,2.7,4.31,8.5,21.31,95,74,Nganjuk,-7.6044,111.9013
2025-12-24,31.7,23.5,26.3,8.7,8.7,4.41,14.2,22.0,97,67,Nganjuk,-7.6044,111.9013
2025-12-25,31.2,22.8,26.5,2.4,2.4,4.34,9.0,21.33,97,68,Nganjuk,-7.6044,111.9013
2025-12-26,29.5,22.6,25.8,6.8,6.8,3.79,12.3,18.8,98,72,Nganjuk,-7.6044,111.9013
2025-12-27,30.2,22.5,25.7,16.2,16.2,3.43,10.2,16.93,98,67,Nganjuk,-7.6044,111.9013
2025-12-28,32.9,23.5,27.2,0.0,0.0,4.89,13.8,23.5,93,56,Nganjuk,-7.6044,111.9013
2025-12-29,32.0,23.9,27.4,0.5,0.5,4.92,5.4,23.73,95,55,Nganjuk,-7.6044,111.9013
2025-12-30,32.0,24.5,27.5,3.5,3.5,4.45,10.0,20.94,95,56,Nganjuk,-7.6044,111.9013
2025-12-31,29.6,24.5,26.3,13.6,13.6,2.92,12.1,14.14,96,71,Nganjuk,-7.6044,111.9013
