tanggal,temperature_2m_max,temperature_2m_min,temperature_2m_mean,precipitation_sum,rain_sum,et0_fao_evapotranspiration,windspeed_10m_max,shortwave_radiation_sum,relative_humidity_2m_max,relative_humidity_2m_min,kabupaten,lat,lon
2018-01-01,30.1,23.5,26.5,2.4,2.4,4.24,14.8,20.7,92,66,Ngawi,-7.4008,111.4492
2018-01-02,28.5,24.1,26.0,8.1,8.1,3.2,9.6,15.86,97,74,Ngawi,-7.4008,111.4492
2018-01-03,31.4,23.6,26.2,18.4,18.4,3.88,6.9,18.95,99,65,Ngawi,-7.4008,111.4492
2018-01-04,30.0,23.9,25.8,33.4,33.4,3.05,8.4,14.91,98,71,Ngawi,-7.4008,111.4492
2018-01-05,29.6,23.2,25.9,2.7,2.7,3.61,7.9,17.91,98,71,Ngawi,-7.4008,111.4492
2018-01-06,29.2,23.4,25.8,5.4,5.4,3.22,10.1,15.58,97,73,Ngawi,-7.4008,111.4492
2018-01-07,27.9,23.0,25.1,19.5,19.5,2.29,9.9,11.1,96,77,Ngawi,-7.4008,111.4492
2018-01-08,30.8,23.5,26.3,0.6,0.6,4.27,6.6,20.84,97,62,Ngawi,-7.4008,111.4492
2018-01-09,31.1,23.6,26.3,11.1,11.1,3.95,12.1,19.44,98,67,Ngawi,-7.4008,111.4492
2018-01-10,30.0,23.6,26.0,11.4,11.4,3.66,10.8,17.91,97,68,Ngawi,-7.4008,111.4492
2018-01-11,29.6,22.9,25.4,3.7,3.7,2.42,16.3,11.08,98,64,Ngawi,-7.4008,111.4492
2018-01-12,29.6,22.1,25.2,4.6,4.6,2.65,12.2,12.02,97,64,Ngawi,-7.4008,111.4492
2018-01-13,30.1,24.0,26.6,4.3,4.3,3.52,21.9,16.28,92,62,Ngawi,-7.4008,111.4492
2018-01-14,30.5,22.8,26.0,3.3,3.3,3.45,15.3,16.48,97,60,Ngawi,-7.4008,111.4492
2018-01-15,31.0,23.5,26.8,0.4,0.4,4.32,16.6,19.56,93,56,Ngawi,-7.4008,111.4492
2018-01-16,29.5,23.5,25.9,5.8,5.8,3.44,18.7,15.94,94,74,Ngawi,-7.4008,111.4492
2018-01-17,30.3,23.5,26.2,8.8,8.8,3.49,13.7,16.44,91,65,Ngawi,-7.4008,111.4492
2018-01-18,28.5,23.3,25.4,19.8,19.8,2.22,15.5,10.5,96,72,Ngawi,-7.4008,111.4492
2018-01-19,28.9,23.4,25.3,3.6,3.6,2.55,8.5,12.11,98,73,Ngawi,-7.4008,111.4492
2018-01-20,28.4,22.8,24.9,12.6,12.6,2.49,11.7,12.07,100,76,Ngawi,-7.4008,111.4492
2018-01-21,29.1,22.2,25.2,0.9,0.9,2.78,16.2,12.63,99,65,Ngawi,-7.4008,111.4492
2018-01-22,28.9,22.7,25.1,24.7,24.7,2.62,17.9,12.78,95,74,Ngawi,-7.4008,111.4492
2018-01-23,29.6,23.0,25.3,7.0,7.0,3.32,18.7,16.78,99,68,Ngawi,-7.4008,111.4492
2018-01-24,30.0,22.9,25.5,16.1,16.1,3.0,13.7,14.73,98,71,Ngawi,-7.4008,111.4492
2018-01-25,29.0,22.2,25.1,7.7,7.7,2.66,24.5,13.23,99,74,Ngawi,-7.4008,111.4492
2018-01-26,30.4,23.1,25.6,12.3,12.3,3.4,20.9,16.79,98,61,Ngawi,-7.4008,111.4492
2018-01-27,30.0,23.5,26.5,2.2,2.2,3.77,20.3,17.13,96,68,Ngawi,-7.4008,111.4492
2018-01-28,29.3,24.0,26.1,6.3,6.3,3.48,24.5,15.51,95,66,Ngawi,-7.4008,111.4492
2018-01-29,29.8,23.4,26.0,3.1,3.1,3.45,24.8,16.33,95,67,Ngawi,-7.4008,111.4492
2018-01-30,30.5,21.6,25.5,4.0,4.0,4.3,17.2,21.06,99,58,Ngawi,-7.4008,111.4492
2018-01-31,29.9,23.8,26.2,3.6,3.6,3.61,22.5,17.05,96,67,Ngawi,-7.4008,111.4492
2018-02-01,29.8,23.5,25.6,10.6,10.6,3.11,24.8,15.61,95,69,Ngawi,-7.4008,111.4492
2018-02-02,29.1,22.8,25.3,21.8,21.8,3.18,15.6,15.9,97,72,Ngawi,-7.4008,111.4492
2018-02-03,27.9,23.3,25.2,5.5,5.5,2.91,22.2,15.02,98,77,Ngawi,-7.4008,111.4492
2018-02-04,29.0,22.2,25.3,9.7,9.7,3.22,16.8,16.61,96,75,Ngawi,-7.4008,111.4492
2018-02-05,26.5,23.0,24.4,6.6,6.6,1.49,11.4,6.86,97,81,Ngawi,-7.4008,111.4492
2018-02-06,28.6,22.2,24.9,11.7,11.7,2.84,18.0,13.65,98,66,Ngawi,-7.4008,111.4492
2018-02-07,28.6,22.2,24.7,16.1,16.1,2.84,18.9,14.16,96,72,Ngawi,-7.4008,111.4492
2018-02-08,28.0,23.0,24.7,17.4,17.4,2.28,18.1,10.88,98,75,Ngawi,-7.4008,111.4492
2018-02-09,27.6,22.5,24.7,5.8,5.8,2.54,10.1,12.61,98,76,Ngawi,-7.4008,111.4492
2018-02-10,29.9,22.0,25.5,1.4,1.4,4.0,13.2,19.79,96,66,Ngawi,-7.4008,111.4492
2018-02-11,28.1,23.5,25.3,4.7,4.7,3.03,17.6,15.05,95,75,Ngawi,-7.4008,111.4492
2018-02-12,28.9,23.2,25.3,4.9,4.9,3.11,21.9,15.04,96,69,Ngawi,-7.4008,111.4492
2018-02-13,29.4,23.7,25.7,3.7,3.7,3.13,19.7,14.68,93,70,Ngawi,-7.4008,111.4492
2018-02-14,29.9,23.6,25.9,2.1,2.1,3.64,20.0,17.59,93,66,Ngawi,-7.4008,111.4492
2018-02-15,28.5,22.5,24.8,13.9,13.9,2.7,20.2,13.28,98,73,Ngawi,-7.4008,111.4492
2018-02-16,30.4,23.1,25.7,4.1,4.1,3.17,19.2,14.53,98,65,Ngawi,-7.4008,111.4492
2018-02-17,31.0,22.6,26.4,0.5,0.5,4.62,18.4,22.15,98,64,Ngawi,-7.4008,111.4492
2018-02-18,30.4,22.5,26.1,4.3,4.3,3.96,16.3,19.54,95,68,Ngawi,-7.4008,111.4492
2018-02-19,29.7,23.1,25.7,20.8,20.8,3.47,12.3,17.05,96,70,Ngawi,-7.4008,111.4492
2018-02-20,29.5,22.8,25.6,9.3,9.3,3.55,14.2,17.84,99,74,Ngawi,-7.4008,111.4492
2018-02-21,31.1,23.1,26.2,10.7,10.7,4.07,6.7,19.97,97,68,Ngawi,-7.4008,111.4492
2018-02-22,29.3,22.9,25.4,25.8,25.8,3.2,8.2,15.66,98,73,Ngawi,-7.4008,111.4492
2018-02-23,29.5,23.4,25.4,16.0,16.0,2.7,12.3,13.27,99,71,Ngawi,-7.4008,111.4492
2018-02-24,28.5,23.5,25.3,14.4,14.4,2.51,12.0,12.27,97,74,Ngawi,-7.4008,111.4492
2018-02-25,29.2,23.4,25.6,5.7,5.7,3.13,7.4,15.22,99,74,Ngawi,-7.4008,111.4492
2018-02-26,29.2,23.3,25.5,0.2,0.2,2.82,11.5,13.26,96,67,Ngawi,-7.4008,111.4492
2018-02-27,30.9,22.4,26.2,2.8,2.8,4.82,10.1,23.68,100,61,Ngawi,-7.4008,111.4492
2018-02-28,30.7,23.2,26.5,0.6,0.6,4.15,11.0,20.23,99,63,Ngawi,-7.4008,111.4492
2018-03-01,29.6,23.7,25.8,19.1,19.1,3.24,11.0,15.97,96,74,Ngawi,-7.4008,111.4492
2018-03-02,30.1,23.1,26.2,5.0,5.0,3.71,11.1,18.49,99,69,Ngawi,-7.4008,111.4492
2018-03-03,30.4,23.6,26.0,15.1,15.1,3.6,15.2,17.86,98,74,Ngawi,-7.4008,111.4492
2018-03-04,29.6,23.0,26.1,15.8,15.8,3.0,8.7,14.88,98,74,Ngawi,-7.4008,111.4492
2018-03-05,30.0,24.3,25.9,14.4,14.4,3.23,12.2,15.87,98,74,Ngawi,-7.4008,111.4492
2018-03-06,31.0,23.2,26.5,4.2,4.2,4.31,9.6,21.17,99,66,Ngawi,-7.4008,111.4492
2018-03-07,29.8,23.4,25.9,10.3,10.3,3.12,9.0,15.12,98,74,Ngawi,-7.4008,111.4492
2018-03-08,28.7,23.5,25.7,14.6,14.6,3.3,15.8,17.23,98,79,Ngawi,-7.4008,111.4492
2018-03-09,30.4,23.1,26.2,3.2,3.2,4.03,8.9,19.92,99,64,Ngawi,-7.4008,111.4492
2018-03-10,30.6,23.6,26.2,8.6,8.6,3.8,7.4,18.41,97,69,Ngawi,-7.4008,111.4492
2018-03-11,29.1,23.5,25.9,7.8,7.8,3.39,9.2,16.71,99,73,Ngawi,-7.4008,111.4492
2018-03-12,30.0,23.3,26.0,12.4,12.4,3.56,7.9,17.24,97,70,Ngawi,-7.4008,111.4492
2018-03-13,29.4,23.0,25.6,28.6,28.6,2.76,10.0,13.05,98,66,Ngawi,-7.4008,111.4492
2018-03-14,30.5,23.5,26.7,0.5,0.5,4.54,10.6,21.6,94,59,Ngawi,-7.4008,111.4492
2018-03-15,30.9,22.2,26.6,4.7,4.7,4.98,17.6,23.38,97,66,Ngawi,-7.4008,111.4492
2018-03-16,30.5,23.8,26.0,6.4,6.4,4.04,11.3,19.81,96,64,Ngawi,-7.4008,111.4492
2018-03-17,30.0,22.8,25.3,22.7,22.7,3.26,14.9,16.05,98,73,Ngawi,-7.4008,111.4492
2018-03-18,30.1,22.6,25.5,11.3,11.3,3.6,13.0,17.82,98,73,Ngawi,-7.4008,111.4492
2018-03-19,30.3,22.6,26.4,1.7,1.7,4.42,13.2,21.83,98,67,Ngawi,-7.4008,111.4492
2018-03-20,31.7,22.5,26.9,0.0,0.0,4.98,7.2,24.26,98,56,Ngawi,-7.4008,111.4492
2018-03-21,30.5,22.5,26.5,0.8,0.8,4.6,22.0,22.69,94,66,Ngawi,-7.4008,111.4492
2018-03-22,30.1,23.3,25.4,14.6,14.6,3.22,14.8,16.09,96,71,Ngawi,-7.4008,111.4492
2018-03-23,30.4,23.1,26.6,0.7,0.7,4.64,14.1,22.38,96,69,Ngawi,-7.4008,111.4492
2018-03-24,30.1,23.2,26.5,0.1,0.1,4.12,13.6,19.8,95,66,Ngawi,-7.4008,111.4492
2018-03-25,30.6,23.3,26.2,9.1,9.1,4.23,22.0,20.74,96,65,Ngawi,-7.4008,111.4492
2018-03-26,30.5,21.9,25.9,0.6,0.6,4.24,9.4,20.87,99,63,Ngawi,-7.4008,111.4492
2018-03-27,30.0,23.4,26.1,2.2,2.2,3.56,13.6,17.61,96,69,Ngawi,-7.4008,111.4492
2018-03-28,31.0,22.4,26.5,0.5,0.5,4.46,11.4,21.64,97,64,Ngawi,-7.4008,111.4492
2018-03-29,31.4,23.0,26.9,0.0,0.0,4.73,8.6,22.82,93,59,Ngawi,-7.4008,111.4492
2018-03-30,31.4,23.0,26.5,7.2,7.2,4.39,11.9,21.4,96,61,Ngawi,-7.4008,111.4492
2018-03-31,31.3,24.0,26.6,4.2,4.2,4.01,16.9,19.47,96,62,Ngawi,-7.4008,111.4492
2018-04-01,31.1,23.1,26.4,8.3,8.3,4.3,8.5,21.37,96,69,Ngawi,-7.4008,111.4492
2018-04-02,30.0,23.4,26.1,5.3,5.3,3.45,14.5,17.22,99,74,Ngawi,-7.4008,111.4492
2018-04-03,30.8,23.2,26.5,5.5,5.5,4.39,12.7,21.92,98,66,Ngawi,-7.4008,111.4492
2018-04-04,31.2,23.0,27.0,0.6,0.6,4.84,8.9,23.4,95,60,Ngawi,-7.4008,111.4492
2018-04-05,31.5,23.8,27.0,1.3,1.3,4.51,12.7,21.97,94,61,Ngawi,-7.4008,111.4492
2018-04-06,31.1,23.6,26.3,7.0,7.0,4.39,10.8,21.71,99,73,Ngawi,-7.4008,111.4492
2018-04-07,30.4,23.2,26.0,13.6,13.6,4.16,8.8,20.78,98,68,Ngawi,-7.4008,111.4492
2018-04-08,30.0,23.2,25.9,11.2,11.2,3.59,8.9,18.0,99,71,Ngawi,-7.4008,111.4492
2018-04-09,30.5,23.5,26.0,7.2,7.2,3.93,8.5,19.64,100,70,Ngawi,-7.4008,111.4492
2018-04-10,31.4,23.0,27.0,0.1,0.1,4.82,11.9,22.64,95,58,Ngawi,-7.4008,111.4492
2018-04-11,31.2,24.4,27.7,0.9,0.9,4.71,9.9,22.43,92,64,Ngawi,-7.4008,111.4492
2018-04-12,30.5,24.8,27.2,6.3,6.3,3.86,14.6,18.82,94,69,Ngawi,-7.4008,111.4492
2018-04-13,32.0,24.0,27.5,3.1,3.1,4.58,10.2,22.08,99,63,Ngawi,-7.4008,111.4492
2018-04-14,31.5,24.6,27.3,1.1,1.1,4.15,9.7,19.96,96,62,Ngawi,-7.4008,111.4492
2018-04-15,32.0,24.9,28.2,0.0,0.0,5.26,18.2,23.16,96,59,Ngawi,-7.4008,111.4492
2018-04-16,30.9,23.7,27.0,0.6,0.6,4.42,12.1,21.27,95,64,Ngawi,-7.4008,111.4492
2018-04-17,30.7,24.4,26.8,15.1,15.1,3.89,6.6,19.29,96,67,Ngawi,-7.4008,111.4492
2018-04-18,30.1,24.0,26.4,6.2,6.2,3.95,7.7,19.52,97,71,Ngawi,-7.4008,111.4492
2018-04-19,30.9,23.9,26.9,0.7,0.7,4.12,11.3,20.17,98,65,Ngawi,-7.4008,111.4492
2018-04-20,31.1,24.2,26.7,3.2,3.2,4.18,14.6,20.65,97,65,Ngawi,-7.4008,111.4492
2018-04-21,30.8,24.2,26.9,1.7,1.7,3.82,8.2,18.81,95,70,Ngawi,-7.4008,111.4492
2018-04-22,31.7,23.8,26.6,14.4,14.4,3.59,16.6,17.79,100,67,Ngawi,-7.4008,111.4492
2018-04-23,30.6,24.5,26.3,8.0,8.0,3.51,15.5,17.53,97,71,Ngawi,-7.4008,111.4492
2018-04-24,31.2,23.9,26.8,2.3,2.3,4.02,12.2,19.58,95,63,Ngawi,-7.4008,111.4492
2018-04-25,30.9,24.1,26.4,5.0,5.0,4.05,7.6,19.86,95,71,Ngawi,-7.4008,111.4492
2018-04-26,30.5,23.5,26.6,1.2,1.2,3.83,15.2,18.54,95,63,Ngawi,-7.4008,111.4492
2018-04-27,31.3,23.2,27.2,0.7,0.7,4.29,9.4,20.52,99,59,Ngawi,-7.4008,111.4492
2018-04-28,31.5,23.2,27.3,0.4,0.4,5.04,19.8,21.78,93,59,Ngawi,-7.4008,111.4492
2018-04-29,32.0,24.8,27.8,0.0,0.0,5.7,20.5,23.58,80,49,Ngawi,-7.4008,111.4492
2018-04-30,31.5,24.1,27.3,0.0,0.0,5.26,15.4,23.57,82,47,Ngawi,-7.4008,111.4492
2018-05-01,31.6,23.0,27.1,0.0,0.0,5.19,19.1,22.31,87,48,Ngawi,-7.4008,111.4492
2018-05-02,31.5,22.9,27.0,0.0,0.0,4.87,11.7,22.31,84,48,Ngawi,-7.4008,111.4492
2018-05-03,32.0,23.2,27.3,0.0,0.0,5.19,16.6,22.42,81,46,Ngawi,-7.4008,111.4492
2018-05-04,32.3,22.5,27.6,0.0,0.0,5.48,18.4,22.78,85,47,Ngawi,-7.4008,111.4492
2018-05-05,32.8,21.9,27.5,0.0,0.0,5.16,11.8,23.08,86,43,Ngawi,-7.4008,111.4492
2018-05-06,33.0,23.2,28.1,0.0,0.0,4.93,15.3,20.69,89,44,Ngawi,-7.4008,111.4492
2018-05-07,33.7,24.1,28.8,0.0,0.0,5.5,19.2,22.59,85,43,Ngawi,-7.4008,111.4492
2018-05-08,34.0,25.9,29.0,0.0,0.0,5.71,22.1,22.1,75,39,Ngawi,-7.4008,111.4492
2018-05-09,33.3,24.1,28.5,0.0,0.0,5.5,17.3,21.66,79,40,Ngawi,-7.4008,111.4492
2018-05-10,34.5,24.5,28.9,0.0,0.0,5.53,10.5,22.77,80,34,Ngawi,-7.4008,111.4492
2018-05-11,34.9,23.7,28.5,0.0,0.0,5.77,26.7,22.67,84,33,Ngawi,-7.4008,111.4492
2018-05-12,34.5,25.2,29.1,0.0,0.0,5.98,23.7,21.29,76,36,Ngawi,-7.4008,111.4492
2018-05-13,34.9,25.5,29.2,0.1,0.1,5.99,24.3,20.94,74,33,Ngawi,-7.4008,111.4492
2018-05-14,35.0,25.6,29.6,0.0,0.0,5.34,17.0,20.56,78,38,Ngawi,-7.4008,111.4492
2018-05-15,35.2,25.5,28.6,1.6,1.6,4.3,14.0,17.86,87,40,Ngawi,-7.4008,111.4492
2018-05-16,35.0,25.6,28.8,0.7,0.7,4.82,18.7,19.2,81,43,Ngawi,-7.4008,111.4492
2018-05-17,34.5,26.3,28.8,2.8,2.8,4.6,16.4,17.19,76,44,Ngawi,-7.4008,111.4492
2018-05-18,33.3,25.7,28.9,0.0,0.0,5.15,18.1,19.14,76,46,Ngawi,-7.4008,111.4492
2018-05-19,34.0,25.5,29.4,0.1,0.1,5.1,14.6,20.33,75,42,Ngawi,-7.4008,111.4492
2018-05-20,33.8,26.0,29.3,0.0,0.0,4.81,16.3,18.79,76,42,Ngawi,-7.4008,111.4492
2018-05-21,32.1,25.3,28.0,0.4,0.4,3.79,10.1,16.84,88,50,Ngawi,-7.4008,111.4492
2018-05-22,32.5,24.6,28.3,0.5,0.5,4.14,15.8,17.61,91,51,Ngawi,-7.4008,111.4492
2018-05-23,33.3,25.1,27.8,4.8,4.8,3.79,13.4,16.36,92,51,Ngawi,-7.4008,111.4492
2018-05-24,33.0,24.2,27.5,1.1,1.1,4.06,11.3,18.81,96,52,Ngawi,-7.4008,111.4492
2018-05-25,32.9,25.2,28.0,0.4,0.4,4.0,14.6,17.65,85,52,Ngawi,-7.4008,111.4492
2018-05-26,32.5,25.1,28.4,0.2,0.2,4.6,21.6,17.17,87,51,Ngawi,-7.4008,111.4492
2018-05-27,34.0,25.9,28.5,0.0,0.0,6.18,30.7,19.95,76,42,Ngawi,-7.4008,111.4492
2018-05-28,34.0,25.6,28.9,0.0,0.0,5.86,24.4,20.22,72,41,Ngawi,-7.4008,111.4492
2018-05-29,34.3,25.6,28.7,0.0,0.0,6.29,27.0,19.48,74,38,Ngawi,-7.4008,111.4492
2018-05-30,34.9,24.3,28.6,0.0,0.0,5.69,24.3,20.26,73,31,Ngawi,-7.4008,111.4492
2018-05-31,34.0,24.5,28.6,0.0,0.0,4.97,14.9,19.09,74,32,Ngawi,-7.4008,111.4492
2018-06-01,34.5,23.5,28.4,0.0,0.0,5.4,15.9,21.41,79,31,Ngawi,-7.4008,111.4492
2018-06-02,35.3,24.2,29.0,0.0,0.0,5.13,17.8,19.58,72,33,Ngawi,-7.4008,111.4492
2018-06-03,33.9,25.4,29.2,0.1,0.1,4.69,13.8,18.55,76,42,Ngawi,-7.4008,111.4492
2018-06-04,35.2,25.0,29.5,0.0,0.0,4.56,16.3,17.66,85,36,Ngawi,-7.4008,111.4492
2018-06-05,35.2,25.5,29.8,0.0,0.0,4.67,15.6,19.31,84,38,Ngawi,-7.4008,111.4492
2018-06-06,34.8,25.1,29.5,0.7,0.7,4.45,12.7,19.31,87,35,Ngawi,-7.4008,111.4492
2018-06-07,35.2,24.9,29.3,3.3,3.3,4.7,18.0,20.77,96,38,Ngawi,-7.4008,111.4492
2018-06-08,34.2,24.4,28.5,0.2,0.2,4.92,21.7,20.8,95,41,Ngawi,-7.4008,111.4492
2018-06-09,34.6,24.3,28.4,0.0,0.0,5.31,23.0,20.13,82,37,Ngawi,-7.4008,111.4492
2018-06-10,35.0,24.0,28.6,0.0,0.0,5.24,19.5,19.16,78,33,Ngawi,-7.4008,111.4492
2018-06-11,34.3,25.4,28.8,0.5,0.5,5.44,26.9,18.85,79,39,Ngawi,-7.4008,111.4492
2018-06-12,34.7,26.0,28.8,1.0,1.0,5.6,22.8,18.36,76,42,Ngawi,-7.4008,111.4492
2018-06-13,34.1,25.2,28.3,0.0,0.0,5.95,27.4,18.29,75,38,Ngawi,-7.4008,111.4492
2018-06-14,34.3,24.3,28.3,0.0,0.0,6.0,27.7,20.99,74,33,Ngawi,-7.4008,111.4492
2018-06-15,34.3,23.5,27.9,0.0,0.0,5.81,27.0,21.05,83,29,Ngawi,-7.4008,111.4492
2018-06-16,34.0,22.4,28.2,0.0,0.0,4.81,13.9,18.5,85,34,Ngawi,-7.4008,111.4492
2018-06-17,35.0,22.5,28.2,0.0,0.0,5.05,19.7,19.17,87,33,Ngawi,-7.4008,111.4492
2018-06-18,34.5,22.5,28.3,0.0,0.0,5.01,13.8,19.36,91,25,Ngawi,-7.4008,111.4492
2018-06-19,34.4,24.5,28.2,0.8,0.8,4.8,22.8,16.59,78,39,Ngawi,-7.4008,111.4492
2018-06-20,34.8,24.2,27.6,5.4,5.4,4.21,18.7,16.92,96,43,Ngawi,-7.4008,111.4492
2018-06-21,30.4,23.8,26.5,1.7,1.7,2.93,23.0,10.72,95,57,Ngawi,-7.4008,111.4492
2018-06-22,32.0,25.0,27.6,0.9,0.9,4.5,23.7,16.25,81,52,Ngawi,-7.4008,111.4492
2018-06-23,33.5,24.7,27.6,3.7,3.7,4.33,15.3,17.34,93,44,Ngawi,-7.4008,111.4492
2018-06-24,32.5,24.6,27.3,6.1,6.1,4.53,21.7,18.9,89,51,Ngawi,-7.4008,111.4492
2018-06-25,31.2,23.6,26.5,15.7,15.7,4.11,21.4,16.75,88,54,Ngawi,-7.4008,111.4492
2018-06-26,31.1,23.6,26.7,0.1,0.1,4.74,24.0,17.71,86,52,Ngawi,-7.4008,111.4492
2018-06-27,32.8,23.9,27.0,0.7,0.7,5.38,25.8,19.85,79,42,Ngawi,-7.4008,111.4492
2018-06-28,32.2,24.2,27.1,0.1,0.1,5.55,28.7,19.03,77,46,Ngawi,-7.4008,111.4492
2018-06-29,33.2,23.9,27.0,0.0,0.0,5.56,31.8,18.91,78,39,Ngawi,-7.4008,111.4492
2018-06-30,33.0,23.1,27.2,0.0,0.0,5.9,28.1,19.78,75,40,Ngawi,-7.4008,111.4492
2018-07-01,34.5,22.2,27.9,0.0,0.0,5.2,20.6,20.64,87,34,Ngawi,-7.4008,111.4492
2018-07-02,34.0,23.0,27.6,0.0,0.0,5.42,18.8,20.88,84,34,Ngawi,-7.4008,111.4492
2018-07-03,33.0,23.0,27.3,0.0,0.0,6.0,29.6,19.89,77,36,Ngawi,-7.4008,111.4492
2018-07-04,32.2,24.1,27.3,0.2,0.2,5.62,31.0,18.73,82,43,Ngawi,-7.4008,111.4492
2018-07-05,32.4,23.4,26.5,0.0,0.0,6.88,35.8,19.98,75,34,Ngawi,-7.4008,111.4492
2018-07-06,32.9,22.6,26.6,0.0,0.0,6.39,28.1,20.92,71,33,Ngawi,-7.4008,111.4492
2018-07-07,33.0,22.9,27.0,0.0,0.0,6.1,25.9,20.35,75,38,Ngawi,-7.4008,111.4492
2018-07-08,34.2,23.3,27.5,0.0,0.0,5.79,27.3,20.06,72,33,Ngawi,-7.4008,111.4492
2018-07-09,33.3,24.0,27.5,0.0,0.0,6.45,30.9,21.12,76,37,Ngawi,-7.4008,111.4492
2018-07-10,32.8,23.4,26.9,0.0,0.0,6.03,33.7,19.35,76,40,Ngawi,-7.4008,111.4492
2018-07-11,32.5,23.0,26.7,0.0,0.0,6.23,29.5,20.03,71,34,Ngawi,-7.4008,111.4492
2018-07-12,33.2,22.9,26.9,0.0,0.0,5.75,25.8,19.74,79,35,Ngawi,-7.4008,111.4492
2018-07-13,32.8,23.1,26.8,0.0,0.0,5.65,27.2,18.56,78,37,Ngawi,-7.4008,111.4492
2018-07-14,31.9,23.5,26.6,0.0,0.0,6.15,28.1,18.75,73,39,Ngawi,-7.4008,111.4492
2018-07-15,31.6,23.0,26.2,0.0,0.0,6.63,33.3,19.81,72,39,Ngawi,-7.4008,111.4492
2018-07-16,33.0,22.7,26.6,0.0,0.0,6.22,27.0,20.87,70,35,Ngawi,-7.4008,111.4492
2018-07-17,32.6,23.2,27.1,0.0,0.0,5.25,26.7,17.42,75,36,Ngawi,-7.4008,111.4492
2018-07-18,33.8,24.0,27.7,0.0,0.0,5.39,24.8,17.99,75,35,Ngawi,-7.4008,111.4492
2018-07-19,34.2,23.6,27.7,0.0,0.0,5.9,26.1,20.92,80,33,Ngawi,-7.4008,111.4492
2018-07-20,34.8,23.4,28.2,0.0,0.0,5.28,21.3,20.63,79,34,Ngawi,-7.4008,111.4492
2018-07-21,34.8,23.8,28.2,0.0,0.0,5.52,26.7,19.58,78,33,Ngawi,-7.4008,111.4492
2018-07-22,35.0,24.0,28.6,0.0,0.0,6.25,21.6,20.96,77,35,Ngawi,-7.4008,111.4492
2018-07-23,33.6,25.0,28.3,0.4,0.4,5.97,27.4,19.89,79,42,Ngawi,-7.4008,111.4492
2018-07-24,34.5,23.6,28.1,0.0,0.0,5.98,19.9,21.71,80,31,Ngawi,-7.4008,111.4492
2018-07-25,35.0,22.0,27.0,0.0,0.0,6.75,27.4,22.47,80,17,Ngawi,-7.4008,111.4492
2018-07-26,34.2,20.6,26.3,0.0,0.0,6.2,27.0,22.35,76,23,Ngawi,-7.4008,111.4492
2018-07-27,33.7,21.5,26.6,0.0,0.0,6.26,28.7,22.15,80,33,Ngawi,-7.4008,111.4492
2018-07-28,32.9,22.9,26.9,0.0,0.0,6.29,29.3,21.94,82,40,Ngawi,-7.4008,111.4492
2018-07-29,34.5,23.4,27.5,0.0,0.0,5.82,30.0,20.3,72,30,Ngawi,-7.4008,111.4492
2018-07-30,34.2,23.2,28.3,0.0,0.0,5.84,16.2,21.76,69,34,Ngawi,-7.4008,111.4492
2018-07-31,34.1,23.6,27.8,0.0,0.0,5.73,28.4,19.89,80,35,Ngawi,-7.4008,111.4492
2018-08-01,33.3,24.5,27.7,0.5,0.5,6.12,28.9,20.11,76,39,Ngawi,-7.4008,111.4492
2018-08-02,32.0,22.9,26.1,0.0,0.0,7.3,38.2,22.51,79,29,Ngawi,-7.4008,111.4492
2018-08-03,30.4,22.2,25.2,0.0,0.0,6.87,34.6,22.54,74,37,Ngawi,-7.4008,111.4492
2018-08-04,31.5,21.3,25.3,0.0,0.0,6.22,31.5,21.49,77,35,Ngawi,-7.4008,111.4492
2018-08-05,31.0,22.5,25.4,0.0,0.0,6.65,35.8,21.31,72,40,Ngawi,-7.4008,111.4492
2018-08-06,32.0,21.6,25.9,0.0,0.0,6.82,27.6,23.0,71,32,Ngawi,-7.4008,111.4492
2018-08-07,33.0,22.7,26.7,0.0,0.0,6.03,24.1,20.25,74,31,Ngawi,-7.4008,111.4492
2018-08-08,33.4,22.4,27.6,0.0,0.0,5.4,22.7,19.18,84,36,Ngawi,-7.4008,111.4492
2018-08-09,34.5,23.6,28.3,0.1,0.1,5.79,25.9,19.45,80,35,Ngawi,-7.4008,111.4492
2018-08-10,32.9,24.0,27.5,0.0,0.0,6.37,30.3,20.44,77,41,Ngawi,-7.4008,111.4492
2018-08-11,33.8,23.6,27.3,0.0,0.0,6.46,31.2,22.28,76,36,Ngawi,-7.4008,111.4492
2018-08-12,33.5,23.7,27.6,0.0,0.0,5.48,25.6,18.49,74,38,Ngawi,-7.4008,111.4492
2018-08-13,34.9,23.5,28.3,0.0,0.0,5.75,19.3,21.55,78,33,Ngawi,-7.4008,111.4492
2018-08-14,34.6,23.4,27.7,0.0,0.0,5.97,26.9,20.78,80,34,Ngawi,-7.4008,111.4492
2018-08-15,33.5,22.3,27.1,0.0,0.0,6.52,27.8,22.73,84,36,Ngawi,-7.4008,111.4492
2018-08-16,32.8,21.5,26.3,0.0,0.0,6.79,31.1,23.75,76,31,Ngawi,-7.4008,111.4492
2018-08-17,33.2,21.8,26.2,0.0,0.0,6.97,32.3,23.87,76,28,Ngawi,-7.4008,111.4492
2018-08-18,33.6,21.4,26.6,0.0,0.0,6.28,26.0,23.49,83,27,Ngawi,-7.4008,111.4492
2018-08-19,34.5,21.4,27.3,0.0,0.0,6.11,26.6,23.66,87,24,Ngawi,-7.4008,111.4492
2018-08-20,35.0,23.1,28.3,0.0,0.0,5.84,20.2,22.15,76,30,Ngawi,-7.4008,111.4492
2018-08-21,33.3,24.0,27.9,0.0,0.0,6.03,21.3,20.51,78,38,Ngawi,-7.4008,111.4492
2018-08-22,34.2,24.1,28.0,0.0,0.0,6.46,27.4,20.21,75,33,Ngawi,-7.4008,111.4492
2018-08-23,34.5,23.6,28.0,0.0,0.0,7.43,28.8,22.75,73,26,Ngawi,-7.4008,111.4492
2018-08-24,34.1,23.0,27.4,0.0,0.0,6.9,28.8,22.31,78,32,Ngawi,-7.4008,111.4492
2018-08-25,34.2,22.4,27.4,0.0,0.0,6.54,27.0,23.81,69,30,Ngawi,-7.4008,111.4492
2018-08-26,34.4,23.0,27.6,0.0,0.0,6.3,29.3,23.45,73,32,Ngawi,-7.4008,111.4492
2018-08-27,35.7,23.5,28.4,0.0,0.0,5.75,18.1,22.54,76,29,Ngawi,-7.4008,111.4492
2018-08-28,34.5,24.4,28.4,0.0,0.0,5.61,28.8,20.21,78,35,Ngawi,-7.4008,111.4492
2018-08-29,33.5,24.8,28.0,0.0,0.0,5.97,27.4,19.64,74,37,Ngawi,-7.4008,111.4492
2018-08-30,34.6,24.2,27.8,0.7,0.7,5.61,26.6,19.86,75,36,Ngawi,-7.4008,111.4492
2018-08-31,33.3,24.7,28.0,0.3,0.3,5.82,26.0,20.15,74,43,Ngawi,-7.4008,111.4492
2018-09-01,33.2,24.8,27.8,0.2,0.2,5.58,26.5,18.92,73,44,Ngawi,-7.4008,111.4492
2018-09-02,35.0,24.6,28.0,0.0,0.0,6.7,31.7,22.36,76,35,Ngawi,-7.4008,111.4492
2018-09-03,34.0,23.6,27.2,0.0,0.0,7.71,36.7,24.42,76,32,Ngawi,-7.4008,111.4492
2018-09-04,34.0,22.7,27.1,0.0,0.0,7.28,29.5,23.77,72,32,Ngawi,-7.4008,111.4492
2018-09-05,33.9,23.8,27.7,0.6,0.6,6.59,28.8,22.09,74,40,Ngawi,-7.4008,111.4492
2018-09-06,35.1,24.4,28.4,0.4,0.4,6.17,18.1,22.62,76,34,Ngawi,-7.4008,111.4492
2018-09-07,35.6,24.0,28.3,0.3,0.3,6.42,27.0,21.54,75,31,Ngawi,-7.4008,111.4492
2018-09-08,36.2,24.3,28.6,0.2,0.2,6.71,25.3,23.73,79,30,Ngawi,-7.4008,111.4492
2018-09-09,37.0,24.1,29.5,0.0,0.0,7.06,16.7,24.46,77,18,Ngawi,-7.4008,111.4492
2018-09-10,37.1,24.9,29.5,0.0,0.0,7.79,24.5,24.52,74,15,Ngawi,-7.4008,111.4492
2018-09-11,37.1,23.7,28.9,0.0,0.0,6.95,29.3,23.44,76,24,Ngawi,-7.4008,111.4492
2018-09-12,33.5,24.5,27.8,0.0,0.0,7.63,35.8,23.37,75,30,Ngawi,-7.4008,111.4492
2018-09-13,35.5,22.9,27.9,0.0,0.0,7.28,32.1,25.48,70,27,Ngawi,-7.4008,111.4492
2018-09-14,34.1,22.9,27.4,0.0,0.0,7.39,31.7,24.41,73,28,Ngawi,-7.4008,111.4492
2018-09-15,35.5,23.5,27.6,0.0,0.0,6.89,29.8,24.52,69,22,Ngawi,-7.4008,111.4492
2018-09-16,36.0,22.6,28.5,0.0,0.0,6.98,17.6,24.15,67,22,Ngawi,-7.4008,111.4492
2018-09-17,35.6,24.0,28.7,0.4,0.4,6.75,24.9,23.82,77,32,Ngawi,-7.4008,111.4492
2018-09-18,36.6,24.1,28.9,0.9,0.9,6.6,27.0,23.5,73,29,Ngawi,-7.4008,111.4492
2018-09-19,34.5,24.5,28.4,0.5,0.5,5.0,17.8,18.07,85,38,Ngawi,-7.4008,111.4492
2018-09-20,34.0,24.6,27.1,17.4,17.4,3.99,15.1,16.81,93,41,Ngawi,-7.4008,111.4492
2018-09-21,35.7,24.6,28.3,1.6,1.6,5.22,17.5,21.61,93,30,Ngawi,-7.4008,111.4492
2018-09-22,35.3,24.0,28.9,0.3,0.3,5.61,15.2,23.7,87,34,Ngawi,-7.4008,111.4492
2018-09-23,35.7,24.2,28.8,0.0,0.0,6.72,25.8,24.63,80,27,Ngawi,-7.4008,111.4492
2018-09-24,36.8,24.4,29.4,0.0,0.0,6.52,24.9,23.35,72,24,Ngawi,-7.4008,111.4492
2018-09-25,35.8,24.0,29.4,0.1,0.1,7.52,26.1,24.54,75,33,Ngawi,-7.4008,111.4492
2018-09-26,36.5,24.5,29.7,0.0,0.0,7.13,24.9,25.05,72,26,Ngawi,-7.4008,111.4492
2018-09-27,36.8,23.6,29.2,0.0,0.0,8.03,30.0,26.67,60,18,Ngawi,-7.4008,111.4492
2018-09-28,36.3,22.6,28.7,0.0,0.0,6.92,19.0,26.58,70,20,Ngawi,-7.4008,111.4492
2018-09-29,36.9,24.1,29.6,0.0,0.0,6.5,22.8,24.33,72,23,Ngawi,-7.4008,111.4492
2018-09-30,38.0,25.1,30.3,0.1,0.1,6.72,17.0,24.55,76,21,Ngawi,-7.4008,111.4492
2018-10-01,37.5,25.4,30.2,0.9,0.9,6.94,25.3,24.41,73,29,Ngawi,-7.4008,111.4492
2018-10-02,37.5,24.7,30.0,1.2,1.2,6.41,18.9,25.17,75,29,Ngawi,-7.4008,111.4492
2018-10-03,37.1,25.5,30.0,0.5,0.5,6.29,22.0,24.51,78,27,Ngawi,-7.4008,111.4492
2018-10-04,37.5,24.2,30.1,0.0,0.0,6.51,15.5,24.32,79,22,Ngawi,-7.4008,111.4492
2018-10-05,38.8,24.1,30.3,0.0,0.0,6.96,18.7,25.18,68,19,Ngawi,-7.4008,111.4492
2018-10-06,38.3,25.0,30.3,0.1,0.1,6.64,16.2,24.35,75,25,Ngawi,-7.4008,111.4492
2018-10-07,38.1,24.9,30.8,0.0,0.0,7.81,19.7,25.98,72,16,Ngawi,-7.4008,111.4492
2018-10-08,38.5,25.0,30.5,0.0,0.0,8.06,21.3,25.99,73,16,Ngawi,-7.4008,111.4492
2018-10-09,38.5,25.0,30.3,0.0,0.0,7.89,29.9,25.48,71,21,Ngawi,-7.4008,111.4492
2018-10-10,38.8,24.0,29.9,0.1,0.1,7.13,26.3,25.54,67,21,Ngawi,-7.4008,111.4492
2018-10-11,38.2,24.2,30.5,0.0,0.0,7.32,17.8,26.37,76,23,Ngawi,-7.4008,111.4492
2018-10-12,37.8,24.5,30.3,1.1,1.1,6.72,22.0,25.76,78,27,Ngawi,-7.4008,111.4492
2018-10-13,37.3,25.9,30.0,0.0,0.0,8.07,34.7,24.8,75,26,Ngawi,-7.4008,111.4492
2018-10-14,38.2,25.3,30.3,0.3,0.3,6.44,18.8,24.39,70,22,Ngawi,-7.4008,111.4492
2018-10-15,37.3,25.6,30.1,0.1,0.1,7.08,27.5,24.47,73,27,Ngawi,-7.4008,111.4492
2018-10-16,37.0,25.5,30.2,0.2,0.2,7.02,24.1,24.86,72,27,Ngawi,-7.4008,111.4492
2018-10-17,36.8,25.5,30.1,0.2,0.2,6.94,24.5,23.66,72,27,Ngawi,-7.4008,111.4492
2018-10-18,36.0,25.5,29.3,1.3,1.3,7.43,31.7,23.74,72,30,Ngawi,-7.4008,111.4492
2018-10-19,35.4,25.4,29.2,0.0,0.0,7.5,33.1,22.94,72,33,Ngawi,-7.4008,111.4492
2018-10-20,36.2,25.2,29.4,0.0,0.0,7.74,28.5,24.7,71,29,Ngawi,-7.4008,111.4492
2018-10-21,36.8,25.1,30.0,0.0,0.0,6.21,18.8,24.73,76,29,Ngawi,-7.4008,111.4492
2018-10-22,37.0,25.1,29.8,0.5,0.5,7.2,26.0,24.81,75,29,Ngawi,-7.4008,111.4492
2018-10-23,37.0,25.5,30.1,2.0,2.0,5.95,21.5,22.74,82,28,Ngawi,-7.4008,111.4492
2018-10-24,37.2,26.0,30.1,0.8,0.8,6.8,25.7,24.1,74,31,Ngawi,-7.4008,111.4492
2018-10-25,35.5,25.5,29.4,1.0,1.0,6.19,24.1,21.82,78,36,Ngawi,-7.4008,111.4492
2018-10-26,36.1,25.6,30.0,1.2,1.2,6.9,20.0,24.25,76,31,Ngawi,-7.4008,111.4492
2018-10-27,37.8,25.5,29.9,0.4,0.4,7.16,31.8,25.03,75,27,Ngawi,-7.4008,111.4492
2018-10-28,36.3,26.0,29.7,0.0,0.0,6.91,28.9,22.81,74,31,Ngawi,-7.4008,111.4492
2018-10-29,34.5,25.3,29.6,0.6,0.6,5.91,18.6,20.99,78,36,Ngawi,-7.4008,111.4492
2018-10-30,36.8,25.6,30.4,0.1,0.1,7.31,23.2,23.65,70,29,Ngawi,-7.4008,111.4492
2018-10-31,37.7,25.0,30.3,0.0,0.0,6.89,20.5,24.58,67,23,Ngawi,-7.4008,111.4492
2018-11-01,37.0,25.5,29.9,0.5,0.5,6.57,26.6,22.05,74,29,Ngawi,-7.4008,111.4492
2018-11-02,39.1,25.9,31.2,0.6,0.6,6.63,16.3,24.71,72,23,Ngawi,-7.4008,111.4492
2018-11-03,37.2,26.9,30.7,0.8,0.8,6.9,29.6,23.73,73,34,Ngawi,-7.4008,111.4492
2018-11-04,38.2,26.5,30.5,2.1,2.1,6.57,20.5,24.3,79,30,Ngawi,-7.4008,111.4492
2018-11-05,37.9,26.5,30.8,1.2,1.2,6.22,20.9,23.01,76,31,Ngawi,-7.4008,111.4492
2018-11-06,35.0,26.1,28.9,5.2,5.2,4.19,17.6,16.08,96,42,Ngawi,-7.4008,111.4492
2018-11-07,33.0,25.0,27.8,7.8,7.8,3.96,11.9,17.32,93,53,Ngawi,-7.4008,111.4492
2018-11-08,29.4,24.2,26.2,58.3,58.3,2.52,11.7,11.9,96,76,Ngawi,-7.4008,111.4492
2018-11-09,31.1,24.1,26.2,19.2,19.2,3.53,11.2,16.71,98,68,Ngawi,-7.4008,111.4492
2018-11-10,31.6,23.8,26.3,36.3,36.3,3.94,9.6,19.03,97,65,Ngawi,-7.4008,111.4492
2018-11-11,31.8,24.0,27.3,2.1,2.1,4.62,13.7,21.72,97,59,Ngawi,-7.4008,111.4492
2018-11-12,31.9,24.0,27.2,2.5,2.5,4.54,16.7,20.85,96,57,Ngawi,-7.4008,111.4492
2018-11-13,31.5,24.5,27.0,34.6,34.6,4.28,9.6,20.78,95,66,Ngawi,-7.4008,111.4492
2018-11-14,31.9,24.3,26.8,38.3,38.3,4.19,6.8,20.5,96,66,Ngawi,-7.4008,111.4492
2018-11-15,31.8,23.8,27.9,1.8,1.8,5.22,24.6,22.84,98,64,Ngawi,-7.4008,111.4492
2018-11-16,33.0,25.9,28.7,0.6,0.6,5.94,20.3,24.44,82,57,Ngawi,-7.4008,111.4492
2018-11-17,33.1,25.0,27.9,6.5,6.5,5.03,15.6,23.17,94,54,Ngawi,-7.4008,111.4492
2018-11-18,31.1,24.0,27.0,3.5,3.5,3.53,7.7,16.74,97,67,Ngawi,-7.4008,111.4492
2018-11-19,33.5,24.1,28.3,1.7,1.7,5.41,9.0,25.49,94,55,Ngawi,-7.4008,111.4492
2018-11-20,32.4,23.6,28.0,0.0,0.0,5.43,19.5,24.24,98,54,Ngawi,-7.4008,111.4492
2018-11-21,32.2,22.9,27.8,0.0,0.0,5.29,14.2,24.3,92,55,Ngawi,-7.4008,111.4492
2018-11-22,31.9,24.0,27.7,0.0,0.0,5.63,23.5,22.22,91,52,Ngawi,-7.4008,111.4492
2018-11-23,33.0,23.9,28.0,0.0,0.0,6.47,27.4,24.41,83,44,Ngawi,-7.4008,111.4492
2018-11-24,32.8,23.4,28.2,0.1,0.1,5.94,18.0,25.06,86,45,Ngawi,-7.4008,111.4492
2018-11-25,31.4,24.0,26.9,15.5,15.5,4.44,14.2,20.72,96,59,Ngawi,-7.4008,111.4492
2018-11-26,27.8,23.4,25.3,17.2,17.2,1.94,10.9,8.94,96,78,Ngawi,-7.4008,111.4492
2018-11-27,31.2,23.6,26.1,7.7,7.7,4.05,9.1,19.62,99,63,Ngawi,-7.4008,111.4492
2018-11-28,30.4,23.2,26.3,13.6,13.6,3.81,12.4,18.38,98,69,Ngawi,-7.4008,111.4492
2018-11-29,31.4,24.0,27.1,1.5,1.5,4.33,15.5,20.0,95,63,Ngawi,-7.4008,111.4492
2018-11-30,28.9,24.1,26.4,6.2,6.2,3.07,16.2,13.67,95,77,Ngawi,-7.4008,111.4492
2018-12-01,30.8,24.0,26.9,0.1,0.1,4.33,18.2,17.95,91,59,Ngawi,-7.4008,111.4492
2018-12-02,30.5,23.4,26.5,7.0,7.0,3.91,15.1,18.02,92,67,Ngawi,-7.4008,111.4492
2018-12-03,29.4,23.9,26.2,9.8,9.8,3.21,11.8,15.58,96,71,Ngawi,-7.4008,111.4492
2018-12-04,31.4,24.3,26.5,18.8,18.8,4.22,15.5,20.74,97,66,Ngawi,-7.4008,111.4492
2018-12-05,30.2,23.1,26.5,4.2,4.2,3.81,9.7,18.65,100,74,Ngawi,-7.4008,111.4492
2018-12-06,30.3,24.0,26.4,3.5,3.5,3.66,12.2,17.74,96,71,Ngawi,-7.4008,111.4492
2018-12-07,32.2,23.9,27.0,60.7,60.7,4.78,9.7,22.87,99,65,Ngawi,-7.4008,111.4492
2018-12-08,31.5,24.0,26.9,3.4,3.4,4.23,13.6,20.43,97,62,Ngawi,-7.4008,111.4492
2018-12-09,31.5,24.0,27.1,4.1,4.1,4.16,7.9,20.24,99,67,Ngawi,-7.4008,111.4492
2018-12-10,31.5,24.3,26.8,59.7,59.7,4.13,7.6,19.94,98,71,Ngawi,-7.4008,111.4492
2018-12-11,32.2,23.6,27.1,2.0,2.0,4.31,13.0,20.7,99,58,Ngawi,-7.4008,111.4492
2018-12-12,31.3,24.1,27.0,13.7,13.7,4.02,9.4,19.4,94,66,Ngawi,-7.4008,111.4492
2018-12-13,29.6,24.3,26.5,47.1,47.1,2.8,11.7,12.95,97,64,Ngawi,-7.4008,111.4492
2018-12-14,30.2,24.1,26.7,7.3,7.3,3.84,11.3,18.77,98,69,Ngawi,-7.4008,111.4492
2018-12-15,31.1,23.2,26.4,1.9,1.9,3.67,7.3,17.47,98,60,Ngawi,-7.4008,111.4492
2018-12-16,29.6,23.8,26.5,0.4,0.4,3.07,19.1,12.55,94,71,Ngawi,-7.4008,111.4492
2018-12-17,31.9,24.5,27.6,0.0,0.0,5.67,27.3,22.28,86,56,Ngawi,-7.4008,111.4492
2018-12-18,31.0,22.5,27.0,0.0,0.0,5.46,22.1,24.25,90,52,Ngawi,-7.4008,111.4492
2018-12-19,31.1,23.9,27.2,1.3,1.3,4.97,12.2,23.31,91,60,Ngawi,-7.4008,111.4492
2018-12-20,30.5,24.0,26.2,16.4,16.4,3.73,12.5,18.75,95,68,Ngawi,-7.4008,111.4492
2018-12-21,29.3,24.4,26.1,3.4,3.4,2.7,10.9,12.61,96,73,Ngawi,-7.4008,111.4492
2018-12-22,29.0,24.3,26.2,3.8,3.8,3.37,13.0,16.29,93,69,Ngawi,-7.4008,111.4492
2018-12-23,29.2,23.9,25.5,5.5,5.5,2.79,8.4,13.32,99,68,Ngawi,-7.4008,111.4492
2018-12-24,28.7,23.4,25.2,4.4,4.4,2.45,10.7,11.55,98,70,Ngawi,-7.4008,111.4492
2018-12-25,26.5,22.3,24.2,23.8,23.8,1.8,10.5,8.72,98,81,Ngawi,-7.4008,111.4492
2018-12-26,29.2,22.4,25.2,3.6,3.6,2.45,11.5,11.74,98,72,Ngawi,-7.4008,111.4492
2018-12-27,30.6,22.6,26.3,3.7,3.7,4.1,7.6,19.89,96,60,Ngawi,-7.4008,111.4492
2018-12-28,31.5,23.1,26.9,0.0,0.0,4.57,7.7,22.05,98,54,Ngawi,-7.4008,111.4492
2018-12-29,31.6,23.4,27.1,0.0,0.0,4.6,6.2,22.01,93,61,Ngawi,-7.4008,111.4492
2018-12-30,29.5,24.1,26.6,0.0,0.0,3.49,13.4,16.49,91,67,Ngawi,-7.4008,111.4492
2018-12-31,31.1,23.4,26.9,0.8,0.8,4.81,18.7,22.92,90,61,Ngawi,-7.4008,111.4492
2019-01-01,29.5,23.4,25.9,5.6,5.6,3.25,21.6,15.64,95,69,Ngawi,-7.4008,111.4492
2019-01-02,30.2,22.9,25.8,3.7,3.7,3.33,10.7,15.83,94,69,Ngawi,-7.4008,111.4492
2019-01-03,27.5,22.7,24.6,24.2,24.2,1.69,11.2,7.77,96,80,Ngawi,-7.4008,111.4492
2019-01-04,29.5,22.9,26.0,6.8,6.8,3.71,9.8,18.15,96,69,Ngawi,-7.4008,111.4492
2019-01-05,30.2,22.9,26.4,3.7,3.7,3.97,12.6,19.68,99,69,Ngawi,-7.4008,111.4492
2019-01-06,31.5,23.8,26.9,5.5,5.5,4.51,11.8,21.79,97,64,Ngawi,-7.4008,111.4492
2019-01-07,31.5,23.7,26.5,8.4,8.4,4.19,11.3,20.4,98,66,Ngawi,-7.4008,111.4492
2019-01-08,31.1,23.5,26.6,6.9,6.9,4.48,12.2,22.08,99,68,Ngawi,-7.4008,111.4492
2019-01-09,31.6,23.5,26.7,5.2,5.2,4.6,17.0,22.69,97,63,Ngawi,-7.4008,111.4492
2019-01-10,31.9,23.2,27.0,9.4,9.4,4.88,9.9,23.67,98,63,Ngawi,-7.4008,111.4492
2019-01-11,31.0,23.8,26.3,21.1,21.1,3.74,12.9,18.2,99,70,Ngawi,-7.4008,111.4492
2019-01-12,30.7,23.5,26.3,12.3,12.3,4.03,10.4,19.76,99,71,Ngawi,-7.4008,111.4492
2019-01-13,29.1,24.1,26.2,90.9,90.9,3.3,10.2,16.22,99,76,Ngawi,-7.4008,111.4492
2019-01-14,30.5,23.4,26.3,76.1,76.1,4.1,10.7,20.29,99,66,Ngawi,-7.4008,111.4492
2019-01-15,30.5,23.6,26.2,22.9,22.9,3.51,15.0,17.32,98,75,Ngawi,-7.4008,111.4492
2019-01-16,25.0,23.0,24.0,152.9,152.9,0.6,9.8,2.0,98,91,Ngawi,-7.4008,111.4492
2019-01-17,29.4,22.1,24.9,45.1,45.1,3.01,12.6,14.93,99,73,Ngawi,-7.4008,111.4492
2019-01-18,30.4,22.8,25.7,14.1,14.1,3.27,9.2,15.89,98,69,Ngawi,-7.4008,111.4492
2019-01-19,29.5,23.8,25.9,13.8,13.8,2.81,13.5,13.52,96,77,Ngawi,-7.4008,111.4492
2019-01-20,30.7,23.2,26.1,10.8,10.8,3.24,17.2,15.76,96,72,Ngawi,-7.4008,111.4492
2019-01-21,29.1,23.0,25.5,6.9,6.9,2.93,18.4,14.08,97,71,Ngawi,-7.4008,111.4492
2019-01-22,29.3,22.5,25.0,15.9,15.9,2.69,25.9,13.53,98,71,Ngawi,-7.4008,111.4492
2019-01-23,28.7,23.8,25.3,13.2,13.2,2.04,22.2,9.28,95,78,Ngawi,-7.4008,111.4492
2019-01-24,29.7,23.8,25.6,8.5,8.5,3.1,21.1,15.15,97,71,Ngawi,-7.4008,111.4492
2019-01-25,28.5,22.4,25.1,6.1,6.1,2.68,23.7,13.26,98,76,Ngawi,-7.4008,111.4492
2019-01-26,30.5,24.0,26.0,13.7,13.7,3.65,26.1,18.24,95,67,Ngawi,-7.4008,111.4492
2019-01-27,28.5,23.9,25.6,16.2,16.2,2.8,22.7,13.86,95,75,Ngawi,-7.4008,111.4492
2019-01-28,29.3,23.8,25.8,8.8,8.8,3.16,21.0,16.04,95,78,Ngawi,-7.4008,111.4492
2019-01-29,29.9,23.9,26.3,2.1,2.1,3.64,14.6,18.18,96,75,Ngawi,-7.4008,111.4492
2019-01-30,30.9,24.0,26.6,5.4,5.4,3.51,17.4,17.0,97,66,Ngawi,-7.4008,111.4492
2019-01-31,29.7,23.0,25.5,21.9,21.9,2.64,11.6,12.79,99,74,Ngawi,-7.4008,111.4492
2019-02-01,30.7,22.4,25.6,20.8,20.8,3.25,10.7,15.76,98,67,Ngawi,-7.4008,111.4492
2019-02-02,30.3,22.9,25.8,10.8,10.8,3.35,12.7,16.25,97,70,Ngawi,-7.4008,111.4492
2019-02-03,29.9,23.7,26.3,11.9,11.9,3.64,10.9,17.79,95,73,Ngawi,-7.4008,111.4492
2019-02-04,30.4,23.4,25.8,9.3,9.3,3.36,15.8,16.65,98,71,Ngawi,-7.4008,111.4492
2019-02-05,30.5,22.4,25.6,8.9,8.9,3.16,15.2,15.49,97,69,Ngawi,-7.4008,111.4492
2019-02-06,30.4,23.5,26.1,9.7,9.7,3.57,14.1,17.6,97,71,Ngawi,-7.4008,111.4492
2019-02-07,30.3,23.1,26.2,8.8,8.8,3.89,10.8,19.18,98,72,Ngawi,-7.4008,111.4492
2019-02-08,29.8,23.5,25.9,8.8,8.8,3.26,10.4,15.96,99,71,Ngawi,-7.4008,111.4492
2019-02-09,30.5,23.2,26.3,6.6,6.6,3.92,10.6,19.0,97,70,Ngawi,-7.4008,111.4492
2019-02-10,30.2,23.6,25.9,23.2,23.2,3.59,14.9,17.83,98,71,Ngawi,-7.4008,111.4492
2019-02-11,29.6,22.8,25.7,4.4,4.4,3.27,13.5,16.1,98,72,Ngawi,-7.4008,111.4492
2019-02-12,28.9,23.9,25.6,14.9,14.9,2.58,14.7,12.14,98,71,Ngawi,-7.4008,111.4492
2019-02-13,30.1,23.4,26.2,5.7,5.7,3.32,9.1,16.14,100,69,Ngawi,-7.4008,111.4492
2019-02-14,30.1,23.8,26.1,14.8,14.8,3.81,9.3,18.68,96,72,Ngawi,-7.4008,111.4492
2019-02-15,29.9,23.1,25.7,33.6,33.6,3.69,9.4,18.33,97,72,Ngawi,-7.4008,111.4492
2019-02-16,30.7,22.9,26.0,8.6,8.6,4.58,10.5,22.45,98,66,Ngawi,-7.4008,111.4492
2019-02-17,31.5,22.9,26.6,3.6,3.6,4.96,9.8,24.14,99,66,Ngawi,-7.4008,111.4492
2019-02-18,31.5,23.9,26.3,15.6,15.6,4.41,10.2,21.62,99,66,Ngawi,-7.4008,111.4492
2019-02-19,31.1,23.5,26.2,8.9,8.9,3.63,11.9,17.78,97,71,Ngawi,-7.4008,111.4492
2019-02-20,30.5,24.2,26.3,9.9,9.9,3.42,10.1,16.98,98,72,Ngawi,-7.4008,111.4492
2019-02-21,30.4,23.3,26.0,8.6,8.6,3.57,20.1,17.9,100,68,Ngawi,-7.4008,111.4492
2019-02-22,30.6,23.2,26.2,13.5,13.5,4.01,9.4,19.71,100,75,Ngawi,-7.4008,111.4492
2019-02-23,31.4,23.0,26.3,5.5,5.5,4.43,7.0,21.68,99,66,Ngawi,-7.4008,111.4492
2019-02-24,31.0,23.5,26.4,10.0,10.0,4.54,8.7,22.39,99,70,Ngawi,-7.4008,111.4492
2019-02-25,31.3,23.4,26.6,7.1,7.1,4.75,10.9,23.4,99,64,Ngawi,-7.4008,111.4492
2019-02-26,32.3,24.1,27.8,0.2,0.2,5.35,11.8,25.45,95,57,Ngawi,-7.4008,111.4492
2019-02-27,32.0,24.0,27.4,2.2,2.2,4.79,10.4,23.19,98,64,Ngawi,-7.4008,111.4492
2019-02-28,31.5,24.3,27.2,3.6,3.6,4.6,7.4,22.38,98,67,Ngawi,-7.4008,111.4492
2019-03-01,30.5,24.6,26.6,18.4,18.4,3.71,13.2,18.27,98,66,Ngawi,-7.4008,111.4492
2019-03-02,31.1,23.6,25.9,32.9,32.9,3.73,8.9,18.31,100,69,Ngawi,-7.4008,111.4492
2019-03-03,29.3,23.4,25.9,11.4,11.4,2.79,9.1,13.47,99,76,Ngawi,-7.4008,111.4492
2019-03-04,31.5,23.6,26.8,11.7,11.7,4.59,9.7,22.34,97,65,Ngawi,-7.4008,111.4492
2019-03-05,30.9,23.9,26.0,30.2,30.2,3.77,11.2,18.51,97,73,Ngawi,-7.4008,111.4492
2019-03-06,27.8,24.0,25.2,18.5,18.5,1.82,20.4,8.81,97,86,Ngawi,-7.4008,111.4492
2019-03-07,24.5,22.3,23.7,47.4,47.4,1.53,8.0,6.92,98,80,Ngawi,-7.4008,111.4492
2019-03-08,30.0,22.3,25.5,1.6,1.6,3.71,17.7,16.53,92,62,Ngawi,-7.4008,111.4492
2019-03-09,30.8,22.0,26.3,0.3,0.3,4.68,9.8,22.69,96,60,Ngawi,-7.4008,111.4492
2019-03-10,29.8,22.9,26.0,3.1,3.1,3.76,8.7,18.24,98,68,Ngawi,-7.4008,111.4492
2019-03-11,30.4,23.8,26.4,18.8,18.8,3.77,9.7,18.42,96,69,Ngawi,-7.4008,111.4492
2019-03-12,30.2,24.1,26.5,7.8,7.8,3.8,13.9,19.13,97,69,Ngawi,-7.4008,111.4492
2019-03-13,30.6,24.0,26.5,9.5,9.5,3.59,10.5,17.34,97,71,Ngawi,-7.4008,111.4492
2019-03-14,30.1,23.6,26.6,3.4,3.4,3.51,9.0,16.87,98,69,Ngawi,-7.4008,111.4492
2019-03-15,30.7,23.4,26.4,15.8,15.8,4.35,21.0,20.53,100,64,Ngawi,-7.4008,111.4492
2019-03-16,30.5,22.5,26.1,10.9,10.9,4.49,12.7,22.33,96,69,Ngawi,-7.4008,111.4492
2019-03-17,28.6,22.7,25.1,10.2,10.2,2.83,15.5,13.79,99,72,Ngawi,-7.4008,111.4492
2019-03-18,29.0,22.5,25.6,4.7,4.7,3.48,8.7,17.27,98,72,Ngawi,-7.4008,111.4492
2019-03-19,29.2,22.7,25.1,26.5,26.5,2.82,10.2,14.0,97,74,Ngawi,-7.4008,111.4492
2019-03-20,30.6,22.5,25.8,7.9,7.9,3.57,13.8,17.78,97,72,Ngawi,-7.4008,111.4492
2019-03-21,30.0,23.3,26.2,8.4,8.4,3.18,16.3,15.6,96,72,Ngawi,-7.4008,111.4492
2019-03-22,30.2,23.3,26.1,14.1,14.1,3.58,20.1,18.08,99,71,Ngawi,-7.4008,111.4492
2019-03-23,29.5,23.1,25.6,56.1,56.1,2.77,16.1,13.55,98,75,Ngawi,-7.4008,111.4492
2019-03-24,28.1,23.1,25.3,5.3,5.3,2.02,11.4,9.56,98,79,Ngawi,-7.4008,111.4492
2019-03-25,29.7,23.1,25.9,15.0,15.0,3.17,12.8,15.72,96,79,Ngawi,-7.4008,111.4492
2019-03-26,30.4,23.8,26.1,23.6,23.6,3.76,9.6,18.74,98,72,Ngawi,-7.4008,111.4492
2019-03-27,31.0,23.5,26.2,2.0,2.0,3.57,9.4,17.58,99,66,Ngawi,-7.4008,111.4492
2019-03-28,29.2,23.9,25.7,10.7,10.7,3.18,8.9,15.83,99,70,Ngawi,-7.4008,111.4492
2019-03-29,31.2,22.8,26.8,0.0,0.0,4.85,10.0,23.4,98,58,Ngawi,-7.4008,111.4492
2019-03-30,31.1,23.5,27.0,0.8,0.8,4.75,9.9,23.05,94,60,Ngawi,-7.4008,111.4492
2019-03-31,31.6,24.2,27.4,2.0,2.0,5.09,10.1,24.61,96,59,Ngawi,-7.4008,111.4492
2019-04-01,31.0,23.4,26.6,16.8,16.8,4.57,11.8,22.38,100,65,Ngawi,-7.4008,111.4492
2019-04-02,30.6,23.2,26.5,11.9,11.9,4.48,9.9,21.91,99,62,Ngawi,-7.4008,111.4492
2019-04-03,30.6,23.4,26.6,3.3,3.3,4.28,8.6,21.14,99,65,Ngawi,-7.4008,111.4492
2019-04-04,31.1,24.1,26.3,21.2,21.2,4.06,8.7,20.04,98,67,Ngawi,-7.4008,111.4492
2019-04-05,30.5,23.2,25.9,10.8,10.8,3.7,7.9,18.31,98,68,Ngawi,-7.4008,111.4492
2019-04-06,30.5,23.4,26.5,0.9,0.9,3.98,10.7,19.54,98,68,Ngawi,-7.4008,111.4492
2019-04-07,31.1,23.3,26.7,5.3,5.3,4.27,11.5,21.05,99,65,Ngawi,-7.4008,111.4492
2019-04-08,31.0,23.6,26.7,9.6,9.6,4.02,11.2,19.79,99,71,Ngawi,-7.4008,111.4492
2019-04-09,31.0,24.2,26.9,9.0,9.0,3.71,10.0,18.05,97,72,Ngawi,-7.4008,111.4492
2019-04-10,31.0,23.5,26.8,15.8,15.8,3.71,7.2,18.07,99,69,Ngawi,-7.4008,111.4492
2019-04-11,29.9,24.3,26.4,17.6,17.6,2.97,8.9,14.46,98,75,Ngawi,-7.4008,111.4492
2019-04-12,31.5,24.1,26.6,24.2,24.2,4.17,15.8,20.43,97,64,Ngawi,-7.4008,111.4492
2019-04-13,30.2,24.3,26.4,2.0,2.0,3.1,7.4,15.16,99,71,Ngawi,-7.4008,111.4492
2019-04-14,30.9,24.2,26.5,13.3,13.3,3.52,10.7,17.04,100,68,Ngawi,-7.4008,111.4492
2019-04-15,30.8,23.9,26.5,7.0,7.0,3.48,10.4,17.06,100,72,Ngawi,-7.4008,111.4492
2019-04-16,30.7,23.9,26.2,18.7,18.7,3.38,13.7,16.61,98,79,Ngawi,-7.4008,111.4492
2019-04-17,31.4,24.0,26.8,4.9,4.9,3.93,10.0,19.34,99,72,Ngawi,-7.4008,111.4492
2019-04-18,31.1,24.4,26.9,8.9,8.9,3.89,10.7,19.39,95,71,Ngawi,-7.4008,111.4492
2019-04-19,31.1,24.5,27.2,1.5,1.5,4.22,13.0,20.38,97,68,Ngawi,-7.4008,111.4492
2019-04-20,31.2,24.8,27.4,0.6,0.6,4.43,14.4,21.17,94,65,Ngawi,-7.4008,111.4492
2019-04-21,30.9,24.3,27.2,0.5,0.5,3.78,11.6,17.82,97,62,Ngawi,-7.4008,111.4492
2019-04-22,32.0,23.6,27.5,0.1,0.1,4.9,13.1,22.85,98,57,Ngawi,-7.4008,111.4492
2019-04-23,31.5,25.2,27.8,1.6,1.6,4.84,14.3,21.84,86,60,Ngawi,-7.4008,111.4492
2019-04-24,31.5,24.2,27.7,0.7,0.7,4.52,13.6,21.39,89,59,Ngawi,-7.4008,111.4492
2019-04-25,31.4,24.8,27.6,1.5,1.5,4.7,11.9,22.08,87,60,Ngawi,-7.4008,111.4492
2019-04-26,31.0,24.7,27.5,0.9,0.9,4.51,11.9,21.11,89,64,Ngawi,-7.4008,111.4492
2019-04-27,31.4,24.2,27.2,2.5,2.5,4.39,11.5,20.99,96,62,Ngawi,-7.4008,111.4492
2019-04-28,29.6,24.1,25.9,14.8,14.8,2.8,11.5,13.56,98,74,Ngawi,-7.4008,111.4492
2019-04-29,29.6,24.0,26.0,9.0,9.0,2.89,11.2,14.25,99,76,Ngawi,-7.4008,111.4492
2019-04-30,30.7,23.6,26.4,17.4,17.4,3.87,6.8,19.1,99,68,Ngawi,-7.4008,111.4492
2019-05-01,29.9,23.8,26.1,27.1,27.1,3.32,9.8,16.6,98,73,Ngawi,-7.4008,111.4492
2019-05-02,30.3,23.0,26.3,3.1,3.1,3.8,10.0,18.8,98,67,Ngawi,-7.4008,111.4492
2019-05-03,31.0,23.2,26.9,0.1,0.1,4.25,14.9,20.2,97,64,Ngawi,-7.4008,111.4492
2019-05-04,31.1,24.0,27.5,0.0,0.0,4.78,16.2,21.86,90,60,Ngawi,-7.4008,111.4492
2019-05-05,31.4,23.0,27.3,0.0,0.0,4.64,15.5,21.72,96,59,Ngawi,-7.4008,111.4492
2019-05-06,31.1,23.7,27.0,1.7,1.7,4.27,8.2,20.98,94,65,Ngawi,-7.4008,111.4492
2019-05-07,31.0,23.9,27.1,1.0,1.0,4.41,15.5,20.88,94,63,Ngawi,-7.4008,111.4492
2019-05-08,31.2,24.2,27.8,0.4,0.4,4.84,22.7,20.84,85,63,Ngawi,-7.4008,111.4492
2019-05-09,30.5,24.6,27.2,0.0,0.0,4.64,17.2,20.16,84,63,Ngawi,-7.4008,111.4492
2019-05-10,30.6,23.0,26.5,0.7,0.7,4.48,18.5,20.28,87,60,Ngawi,-7.4008,111.4492
2019-05-11,30.9,24.2,27.2,0.3,0.3,4.63,14.1,20.65,84,60,Ngawi,-7.4008,111.4492
2019-05-12,31.1,24.1,27.2,0.0,0.0,5.08,21.3,21.55,85,60,Ngawi,-7.4008,111.4492
2019-05-13,31.1,24.4,27.3,0.0,0.0,5.03,17.7,21.59,82,59,Ngawi,-7.4008,111.4492
2019-05-14,31.6,24.2,27.5,0.6,0.6,4.29,12.6,19.73,87,58,Ngawi,-7.4008,111.4492
2019-05-15,31.3,24.5,27.7,0.5,0.5,4.32,15.6,19.58,90,61,Ngawi,-7.4008,111.4492
2019-05-16,32.0,24.1,27.7,0.0,0.0,5.08,22.0,21.03,89,53,Ngawi,-7.4008,111.4492
2019-05-17,31.4,23.9,27.2,0.0,0.0,5.31,24.2,21.07,80,50,Ngawi,-7.4008,111.4492
2019-05-18,31.4,22.6,27.1,0.0,0.0,4.76,16.6,21.3,89,50,Ngawi,-7.4008,111.4492
2019-05-19,32.2,23.5,27.5,0.0,0.0,5.25,19.4,21.17,84,50,Ngawi,-7.4008,111.4492
2019-05-20,32.1,24.6,27.8,0.0,0.0,5.22,21.3,20.62,82,54,Ngawi,-7.4008,111.4492
2019-05-21,33.0,24.9,28.3,0.0,0.0,5.54,23.2,21.66,83,47,Ngawi,-7.4008,111.4492
2019-05-22,33.5,24.4,28.4,0.0,0.0,5.47,21.6,21.66,82,44,Ngawi,-7.4008,111.4492
2019-05-23,32.9,23.4,28.1,0.3,0.3,5.06,20.5,20.4,88,47,Ngawi,-7.4008,111.4492
2019-05-24,33.2,24.6,28.3,0.0,0.0,5.73,24.9,21.16,81,45,Ngawi,-7.4008,111.4492
2019-05-25,33.2,24.2,28.1,0.0,0.0,5.65,22.1,21.18,76,43,Ngawi,-7.4008,111.4492
2019-05-26,33.7,24.7,28.4,0.1,0.1,5.49,25.3,20.96,82,44,Ngawi,-7.4008,111.4492
2019-05-27,33.1,25.1,28.3,1.3,1.3,4.86,15.9,19.67,81,48,Ngawi,-7.4008,111.4492
2019-05-28,34.2,24.8,28.9,0.0,0.0,5.38,15.5,20.68,83,44,Ngawi,-7.4008,111.4492
2019-05-29,33.3,25.7,28.8,0.7,0.7,5.36,21.7,20.06,78,46,Ngawi,-7.4008,111.4492
2019-05-30,33.8,25.8,28.6,0.1,0.1,6.17,29.0,19.98,71,43,Ngawi,-7.4008,111.4492
2019-05-31,32.9,24.9,27.8,0.3,0.3,5.88,30.5,19.98,73,44,Ngawi,-7.4008,111.4492
2019-06-01,32.8,25.0,27.8,0.0,0.0,6.05,27.2,18.89,74,43,Ngawi,-7.4008,111.4492
2019-06-02,32.4,24.8,27.7,0.0,0.0,5.77,28.8,19.25,74,47,Ngawi,-7.4008,111.4492
2019-06-03,32.8,24.9,28.2,0.0,0.0,5.52,20.3,18.92,76,45,Ngawi,-7.4008,111.4492
2019-06-04,33.7,25.1,28.8,0.2,0.2,4.86,15.5,19.77,74,42,Ngawi,-7.4008,111.4492
2019-06-05,34.5,24.3,29.0,0.0,0.0,4.87,13.0,20.08,82,41,Ngawi,-7.4008,111.4492
2019-06-06,34.3,25.1,29.4,0.0,0.0,5.14,11.9,20.3,79,40,Ngawi,-7.4008,111.4492
2019-06-07,33.8,24.5,28.9,0.1,0.1,4.89,14.8,19.44,83,42,Ngawi,-7.4008,111.4492
2019-06-08,34.0,24.1,28.5,0.0,0.0,6.1,21.6,20.93,82,33,Ngawi,-7.4008,111.4492
2019-06-09,33.3,24.6,28.0,0.0,0.0,5.41,23.9,17.34,74,40,Ngawi,-7.4008,111.4492
2019-06-10,34.6,24.5,28.7,0.0,0.0,5.54,26.0,18.55,74,37,Ngawi,-7.4008,111.4492
2019-06-11,34.4,25.1,28.6,0.0,0.0,6.48,31.3,20.73,74,39,Ngawi,-7.4008,111.4492
2019-06-12,35.3,25.5,28.9,0.0,0.0,6.29,30.5,20.34,71,33,Ngawi,-7.4008,111.4492
2019-06-13,33.9,25.6,28.6,0.0,0.0,5.65,26.3,17.45,72,42,Ngawi,-7.4008,111.4492
2019-06-14,33.0,26.0,28.0,4.6,4.6,4.61,22.8,15.68,80,49,Ngawi,-7.4008,111.4492
2019-06-15,34.0,25.9,28.5,0.0,0.0,5.77,24.8,18.14,77,46,Ngawi,-7.4008,111.4492
2019-06-16,34.2,24.6,28.0,0.0,0.0,5.72,29.2,19.86,73,34,Ngawi,-7.4008,111.4492
2019-06-17,34.5,23.6,27.8,0.0,0.0,5.93,17.9,21.24,70,31,Ngawi,-7.4008,111.4492
2019-06-18,33.5,23.1,27.6,0.0,0.0,5.25,15.7,20.75,82,36,Ngawi,-7.4008,111.4492
2019-06-19,33.0,22.5,27.1,0.0,0.0,5.36,19.5,21.25,87,34,Ngawi,-7.4008,111.4492
2019-06-20,33.1,20.9,26.7,0.0,0.0,5.42,21.4,20.93,81,33,Ngawi,-7.4008,111.4492
2019-06-21,33.0,21.1,27.0,0.0,0.0,5.13,16.8,20.71,77,36,Ngawi,-7.4008,111.4492
2019-06-22,33.5,22.0,27.8,0.0,0.0,4.9,17.8,20.97,81,36,Ngawi,-7.4008,111.4492
2019-06-23,33.5,23.1,27.7,0.0,0.0,5.47,22.2,20.62,75,34,Ngawi,-7.4008,111.4492
2019-06-24,33.8,22.5,27.5,0.0,0.0,5.82,22.5,21.35,79,30,Ngawi,-7.4008,111.4492
2019-06-25,34.5,21.5,27.5,0.0,0.0,5.68,25.2,21.37,84,27,Ngawi,-7.4008,111.4492
2019-06-26,34.6,22.6,27.9,0.0,0.0,5.43,24.9,20.93,82,32,Ngawi,-7.4008,111.4492
2019-06-27,33.6,23.5,27.2,0.0,0.0,6.28,31.4,19.95,80,37,Ngawi,-7.4008,111.4492
2019-06-28,32.5,22.8,26.5,0.0,0.0,6.79,31.7,21.12,69,35,Ngawi,-7.4008,111.4492
2019-06-29,33.0,22.4,26.4,0.0,0.0,6.25,25.6,21.52,71,30,Ngawi,-7.4008,111.4492
2019-06-30,32.2,20.9,26.1,0.0,0.0,5.19,24.4,20.82,84,29,Ngawi,-7.4008,111.4492
2019-07-01,33.0,21.8,26.9,0.0,0.0,5.32,22.2,21.0,82,34,Ngawi,-7.4008,111.4492
2019-07-02,34.3,22.0,28.1,0.0,0.0,5.07,12.1,20.28,82,33,Ngawi,-7.4008,111.4492
2019-07-03,33.5,24.8,28.6,0.7,0.7,4.76,17.1,16.86,74,42,Ngawi,-7.4008,111.4492
2019-07-04,34.3,24.2,27.1,16.5,16.5,3.62,15.4,16.03,92,44,Ngawi,-7.4008,111.4492
2019-07-05,31.5,23.5,27.0,2.4,2.4,4.06,21.7,17.52,92,53,Ngawi,-7.4008,111.4492
2019-07-06,33.7,23.9,27.6,0.1,0.1,5.06,20.6,19.32,83,41,Ngawi,-7.4008,111.4492
2019-07-07,33.3,22.7,27.4,0.0,0.0,5.28,23.1,20.58,80,37,Ngawi,-7.4008,111.4492
2019-07-08,33.3,23.1,27.1,0.0,0.0,5.67,23.1,21.13,79,33,Ngawi,-7.4008,111.4492
2019-07-09,32.2,22.5,26.4,0.0,0.0,5.91,27.0,21.03,77,36,Ngawi,-7.4008,111.4492
2019-07-10,33.8,22.5,27.2,0.0,0.0,5.69,21.0,21.19,78,33,Ngawi,-7.4008,111.4492
2019-07-11,33.9,22.8,27.1,0.0,0.0,5.62,26.5,19.47,78,32,Ngawi,-7.4008,111.4492
2019-07-12,34.0,21.9,27.3,0.0,0.0,5.91,29.3,21.39,83,31,Ngawi,-7.4008,111.4492
2019-07-13,33.0,23.4,27.1,0.0,0.0,6.93,31.6,21.6,73,31,Ngawi,-7.4008,111.4492
2019-07-14,33.0,21.4,26.4,0.0,0.0,6.3,27.8,22.06,77,25,Ngawi,-7.4008,111.4492
2019-07-15,33.4,22.0,26.4,0.0,0.0,6.15,32.3,20.8,78,29,Ngawi,-7.4008,111.4492
2019-07-16,32.8,23.0,26.5,0.0,0.0,6.49,33.3,21.75,73,35,Ngawi,-7.4008,111.4492
2019-07-17,34.0,22.8,26.9,0.0,0.0,6.03,26.0,21.18,73,29,Ngawi,-7.4008,111.4492
2019-07-18,33.8,23.0,27.3,0.0,0.0,5.28,21.6,17.0,75,36,Ngawi,-7.4008,111.4492
2019-07-19,33.2,23.8,27.6,0.0,0.0,4.86,24.1,15.07,79,40,Ngawi,-7.4008,111.4492
2019-07-20,34.9,25.1,28.2,0.5,0.5,5.66,29.4,18.85,78,39,Ngawi,-7.4008,111.4492
2019-07-21,34.2,24.6,27.9,0.2,0.2,5.78,24.9,18.88,76,35,Ngawi,-7.4008,111.4492
2019-07-22,34.7,21.6,27.2,0.0,0.0,5.9,24.2,21.74,78,29,Ngawi,-7.4008,111.4492
2019-07-23,34.9,21.5,27.5,0.0,0.0,5.32,17.4,20.56,85,28,Ngawi,-7.4008,111.4492
2019-07-24,33.0,23.1,27.0,0.0,0.0,5.78,27.1,19.56,79,38,Ngawi,-7.4008,111.4492
2019-07-25,33.8,22.8,27.4,0.0,0.0,5.52,24.6,21.2,79,32,Ngawi,-7.4008,111.4492
2019-07-26,34.7,22.6,28.2,0.0,0.0,5.36,19.9,21.94,83,32,Ngawi,-7.4008,111.4492
2019-07-27,34.8,22.3,27.8,0.0,0.0,5.84,27.7,21.73,83,31,Ngawi,-7.4008,111.4492
2019-07-28,33.8,22.4,27.1,0.0,0.0,6.46,35.9,22.43,80,35,Ngawi,-7.4008,111.4492
2019-07-29,34.2,21.8,26.8,0.0,0.0,5.96,27.5,22.09,81,32,Ngawi,-7.4008,111.4492
2019-07-30,34.3,23.4,27.6,0.0,0.0,5.88,25.1,20.38,76,30,Ngawi,-7.4008,111.4492
2019-07-31,34.0,23.6,27.3,0.0,0.0,6.38,28.9,22.01,73,32,Ngawi,-7.4008,111.4492
2019-08-01,34.8,23.6,27.7,0.0,0.0,6.04,22.1,21.54,75,29,Ngawi,-7.4008,111.4492
2019-08-02,34.2,23.2,27.5,0.0,0.0,6.15,28.5,20.96,80,29,Ngawi,-7.4008,111.4492
2019-08-03,33.5,22.4,26.7,0.0,0.0,6.74,35.7,22.52,76,29,Ngawi,-7.4008,111.4492
2019-08-04,32.1,22.5,26.1,0.0,0.0,7.04,33.3,22.41,72,32,Ngawi,-7.4008,111.4492
2019-08-05,32.5,21.8,26.2,0.0,0.0,6.86,31.0,22.8,76,31,Ngawi,-7.4008,111.4492
2019-08-06,32.7,20.5,26.3,0.0,0.0,6.71,26.3,22.98,75,27,Ngawi,-7.4008,111.4492
2019-08-07,33.1,21.4,26.5,0.0,0.0,6.56,28.4,22.22,75,26,Ngawi,-7.4008,111.4492
2019-08-08,32.9,22.2,26.6,0.0,0.0,6.08,27.8,20.78,78,35,Ngawi,-7.4008,111.4492
2019-08-09,33.5,23.1,27.2,0.0,0.0,6.26,28.9,20.44,75,33,Ngawi,-7.4008,111.4492
2019-08-10,34.1,23.2,27.5,0.0,0.0,6.24,24.1,21.91,72,29,Ngawi,-7.4008,111.4492
2019-08-11,34.8,23.1,27.9,0.0,0.0,5.73,24.2,20.8,72,30,Ngawi,-7.4008,111.4492
2019-08-12,36.3,23.2,28.9,0.0,0.0,5.81,18.7,21.29,70,27,Ngawi,-7.4008,111.4492
2019-08-13,35.3,23.9,29.0,0.0,0.0,5.6,15.6,18.78,76,31,Ngawi,-7.4008,111.4492
2019-08-14,36.0,22.8,28.9,0.0,0.0,5.72,16.2,21.38,86,28,Ngawi,-7.4008,111.4492
2019-08-15,33.8,24.1,28.4,0.2,0.2,5.71,21.8,20.67,82,38,Ngawi,-7.4008,111.4492
2019-08-16,34.8,23.8,27.7,0.0,0.0,6.49,27.4,21.98,73,32,Ngawi,-7.4008,111.4492
2019-08-17,34.1,23.7,27.3,0.0,0.0,7.18,33.7,22.78,74,35,Ngawi,-7.4008,111.4492
2019-08-18,34.7,23.1,27.2,0.0,0.0,6.8,30.2,23.61,71,28,Ngawi,-7.4008,111.4492
2019-08-19,33.5,22.9,26.9,0.0,0.0,7.18,35.0,23.09,76,34,Ngawi,-7.4008,111.4492
2019-08-20,33.5,23.3,27.6,0.0,0.0,6.56,26.9,21.42,74,37,Ngawi,-7.4008,111.4492
2019-08-21,36.2,22.6,28.6,0.0,0.0,6.49,16.8,23.34,77,27,Ngawi,-7.4008,111.4492
2019-08-22,35.0,24.1,27.8,0.5,0.5,5.94,31.8,19.79,74,34,Ngawi,-7.4008,111.4492
2019-08-23,35.3,23.1,27.3,0.0,0.0,6.67,32.1,23.27,73,27,Ngawi,-7.4008,111.4492
2019-08-24,33.7,23.1,27.4,0.0,0.0,6.46,32.8,21.04,76,34,Ngawi,-7.4008,111.4492
2019-08-25,35.0,23.7,27.8,0.0,0.0,6.8,32.1,22.73,73,35,Ngawi,-7.4008,111.4492
2019-08-26,34.0,24.2,28.0,0.0,0.0,5.9,27.5,18.74,76,38,Ngawi,-7.4008,111.4492
2019-08-27,35.3,23.8,28.1,0.2,0.2,6.33,22.0,22.46,74,34,Ngawi,-7.4008,111.4492
2019-08-28,35.5,22.9,28.0,0.0,0.0,6.45,17.1,24.23,74,26,Ngawi,-7.4008,111.4492
2019-08-29,36.0,22.7,28.4,0.0,0.0,6.44,16.8,23.86,79,17,Ngawi,-7.4008,111.4492
2019-08-30,35.3,22.9,27.7,0.0,0.0,6.72,29.2,23.84,81,28,Ngawi,-7.4008,111.4492
2019-08-31,35.5,22.8,27.5,0.0,0.0,6.12,23.6,20.93,78,29,Ngawi,-7.4008,111.4492
2019-09-01,35.9,23.2,28.2,0.0,0.0,7.02,28.3,24.21,72,31,Ngawi,-7.4008,111.4492
2019-09-02,36.5,23.6,28.3,0.0,0.0,6.98,29.6,24.21,76,30,Ngawi,-7.4008,111.4492
2019-09-03,35.5,23.6,28.4,0.0,0.0,6.08,21.3,21.3,72,30,Ngawi,-7.4008,111.4492
2019-09-04,35.3,23.6,28.0,0.0,0.0,7.42,29.9,24.58,73,26,Ngawi,-7.4008,111.4492
2019-09-05,34.4,21.9,27.0,0.0,0.0,7.38,29.3,25.07,71,29,Ngawi,-7.4008,111.4492
2019-09-06,34.6,22.4,27.1,0.0,0.0,6.87,32.3,24.97,77,28,Ngawi,-7.4008,111.4492
2019-09-07,34.8,22.8,27.6,0.0,0.0,6.9,32.2,24.54,77,30,Ngawi,-7.4008,111.4492
2019-09-08,35.9,23.7,28.3,0.0,0.0,6.86,33.2,24.7,76,27,Ngawi,-7.4008,111.4492
2019-09-09,37.4,23.6,29.1,0.0,0.0,6.44,19.5,24.24,78,23,Ngawi,-7.4008,111.4492
2019-09-10,37.7,21.7,28.7,0.0,0.0,7.16,24.2,25.7,78,17,Ngawi,-7.4008,111.4492
2019-09-11,36.2,23.2,28.6,0.0,0.0,7.37,31.9,24.76,78,25,Ngawi,-7.4008,111.4492
2019-09-12,33.9,23.1,27.2,0.0,0.0,8.11,31.4,25.95,64,21,Ngawi,-7.4008,111.4492
2019-09-13,34.5,22.5,27.6,0.0,0.0,6.4,26.3,24.31,72,21,Ngawi,-7.4008,111.4492
2019-09-14,35.0,23.8,28.6,0.1,0.1,5.74,13.9,21.41,70,26,Ngawi,-7.4008,111.4492
2019-09-15,35.0,23.4,28.5,0.0,0.0,5.84,23.5,21.46,73,29,Ngawi,-7.4008,111.4492
2019-09-16,36.7,23.0,29.3,0.8,0.8,6.46,21.8,24.8,75,25,Ngawi,-7.4008,111.4492
2019-09-17,36.8,23.0,29.1,0.0,0.0,6.43,17.5,25.08,81,26,Ngawi,-7.4008,111.4492
2019-09-18,36.8,22.9,28.5,0.0,0.0,7.12,29.5,24.51,78,25,Ngawi,-7.4008,111.4492
2019-09-19,35.5,23.0,27.9,0.0,0.0,7.18,30.3,26.1,79,26,Ngawi,-7.4008,111.4492
2019-09-20,36.5,23.4,28.4,0.0,0.0,6.95,22.5,25.06,78,22,Ngawi,-7.4008,111.4492
2019-09-21,36.0,23.2,28.0,0.0,0.0,7.07,35.9,24.56,77,28,Ngawi,-7.4008,111.4492
2019-09-22,37.1,23.6,28.8,0.0,0.0,6.88,23.5,24.11,70,24,Ngawi,-7.4008,111.4492
2019-09-23,37.8,23.8,29.5,0.0,0.0,7.15,23.1,24.26,74,24,Ngawi,-7.4008,111.4492
2019-09-24,38.3,24.1,29.7,0.5,0.5,7.16,18.1,24.71,76,25,Ngawi,-7.4008,111.4492
2019-09-25,37.8,25.0,29.7,0.1,0.1,7.37,24.3,24.96,72,26,Ngawi,-7.4008,111.4492
2019-09-26,36.8,25.0,29.4,0.4,0.4,6.76,21.6,23.6,77,29,Ngawi,-7.4008,111.4492
2019-09-27,36.9,25.1,29.7,0.3,0.3,7.38,26.2,24.61,70,30,Ngawi,-7.4008,111.4492
2019-09-28,36.4,24.6,29.2,0.3,0.3,6.89,24.5,23.85,77,30,Ngawi,-7.4008,111.4492
2019-09-29,37.3,25.2,29.5,0.3,0.3,6.75,22.7,23.76,77,27,Ngawi,-7.4008,111.4492
2019-09-30,36.5,24.0,29.3,0.0,0.0,8.01,28.2,25.84,76,26,Ngawi,-7.4008,111.4492
2019-10-01,38.5,24.0,29.4,0.0,0.0,7.56,26.8,25.6,65,21,Ngawi,-7.4008,111.4492
2019-10-02,37.8,24.5,30.3,0.0,0.0,7.15,18.2,25.17,75,26,Ngawi,-7.4008,111.4492
2019-10-03,39.0,25.0,31.1,0.0,0.0,7.27,19.9,24.69,75,18,Ngawi,-7.4008,111.4492
2019-10-04,37.3,25.0,30.0,0.0,0.0,8.22,30.7,24.98,68,22,Ngawi,-7.4008,111.4492
2019-10-05,37.5,24.0,29.4,0.0,0.0,8.15,28.6,26.49,63,15,Ngawi,-7.4008,111.4492
2019-10-06,37.5,24.0,29.4,0.0,0.0,7.4,22.6,25.11,74,23,Ngawi,-7.4008,111.4492
2019-10-07,37.5,25.1,30.1,0.1,0.1,7.16,19.6,24.19,74,29,Ngawi,-7.4008,111.4492
2019-10-08,36.8,25.5,30.1,0.0,0.0,7.9,28.2,25.45,67,30,Ngawi,-7.4008,111.4492
2019-10-09,37.8,25.0,30.4,1.3,1.3,6.44,14.0,25.06,69,27,Ngawi,-7.4008,111.4492
2019-10-10,36.0,25.6,30.4,0.4,0.4,6.01,16.1,23.36,78,31,Ngawi,-7.4008,111.4492
2019-10-11,39.0,24.9,31.3,0.0,0.0,7.11,18.4,26.36,80,17,Ngawi,-7.4008,111.4492
2019-10-12,38.5,24.7,30.6,0.0,0.0,7.14,32.0,25.76,70,20,Ngawi,-7.4008,111.4492
2019-10-13,36.8,25.5,30.7,0.0,0.0,7.44,26.2,23.81,69,28,Ngawi,-7.4008,111.4492
2019-10-14,39.0,25.0,30.0,0.3,0.3,7.31,31.4,25.19,71,23,Ngawi,-7.4008,111.4492
2019-10-15,36.2,25.5,29.5,0.9,0.9,7.42,32.8,24.57,72,32,Ngawi,-7.4008,111.4492
2019-10-16,36.0,25.5,29.4,0.2,0.2,7.04,29.9,23.46,71,32,Ngawi,-7.4008,111.4492
2019-10-17,38.2,24.6,29.5,0.0,0.0,7.24,38.6,24.7,71,23,Ngawi,-7.4008,111.4492
2019-10-18,37.8,24.9,30.0,0.2,0.2,7.04,36.5,25.26,69,26,Ngawi,-7.4008,111.4492
2019-10-19,39.6,25.4,31.0,0.2,0.2,6.62,13.9,24.6,72,25,Ngawi,-7.4008,111.4492
2019-10-20,39.0,24.9,30.8,0.0,0.0,7.98,21.3,26.23,78,15,Ngawi,-7.4008,111.4492
2019-10-21,40.0,25.4,31.2,0.0,0.0,8.92,25.3,26.92,76,15,Ngawi,-7.4008,111.4492
2019-10-22,39.2,26.0,31.3,0.0,0.0,8.08,27.2,24.94,63,20,Ngawi,-7.4008,111.4492
2019-10-23,38.2,24.1,30.8,0.0,0.0,7.18,33.2,23.7,69,24,Ngawi,-7.4008,111.4492
2019-10-24,38.8,24.9,31.1,0.0,0.0,7.36,17.9,26.39,69,21,Ngawi,-7.4008,111.4492
2019-10-25,38.5,24.9,30.7,1.0,1.0,7.16,19.5,26.49,72,21,Ngawi,-7.4008,111.4492
2019-10-26,36.8,25.0,30.3,0.0,0.0,6.81,24.8,23.96,76,27,Ngawi,-7.4008,111.4492
2019-10-27,38.0,25.9,30.7,0.0,0.0,7.05,25.9,24.94,68,25,Ngawi,-7.4008,111.4492
2019-10-28,37.6,25.3,30.6,0.0,0.0,6.87,20.9,24.97,77,24,Ngawi,-7.4008,111.4492
2019-10-29,37.7,25.9,30.8,0.1,0.1,6.99,22.1,24.17,70,23,Ngawi,-7.4008,111.4492
2019-10-30,37.2,25.6,30.5,1.3,1.3,6.72,22.5,24.38,65,28,Ngawi,-7.4008,111.4492
2019-10-31,38.3,26.4,31.0,0.6,0.6,6.56,27.0,24.15,71,28,Ngawi,-7.4008,111.4492
2019-11-01,34.1,26.0,28.8,4.7,4.7,4.67,20.3,17.68,87,42,Ngawi,-7.4008,111.4492
2019-11-02,32.4,25.0,27.4,3.5,3.5,4.19,26.4,14.33,90,51,Ngawi,-7.4008,111.4492
2019-11-03,34.8,25.1,28.2,5.2,5.2,5.31,19.1,20.8,89,42,Ngawi,-7.4008,111.4492
2019-11-04,34.3,25.1,28.5,6.0,6.0,5.04,18.4,19.08,84,43,Ngawi,-7.4008,111.4492
2019-11-05,35.7,25.2,29.7,0.1,0.1,6.85,28.8,23.52,77,33,Ngawi,-7.4008,111.4492
2019-11-06,38.3,24.0,30.5,0.0,0.0,7.41,21.3,26.84,74,21,Ngawi,-7.4008,111.4492
2019-11-07,37.4,23.8,30.0,1.1,1.1,6.21,17.0,24.99,86,26,Ngawi,-7.4008,111.4492
2019-11-08,36.3,24.9,30.3,2.5,2.5,5.79,14.8,23.32,88,33,Ngawi,-7.4008,111.4492
2019-11-09,36.9,25.5,30.2,1.4,1.4,6.58,22.0,23.57,82,32,Ngawi,-7.4008,111.4492
2019-11-10,38.0,26.0,30.8,1.7,1.7,6.3,17.6,24.75,73,29,Ngawi,-7.4008,111.4492
2019-11-11,37.6,26.2,30.0,3.8,3.8,6.28,18.3,24.16,86,32,Ngawi,-7.4008,111.4492
2019-11-12,37.8,26.1,30.8,0.6,0.6,6.21,17.7,23.01,78,32,Ngawi,-7.4008,111.4492
2019-11-13,36.5,26.2,29.9,2.7,2.7,5.57,17.3,21.5,79,38,Ngawi,-7.4008,111.4492
2019-11-14,36.9,25.8,30.5,0.2,0.2,5.25,16.8,20.56,80,31,Ngawi,-7.4008,111.4492
2019-11-15,38.3,25.7,31.1,0.0,0.0,7.23,26.7,24.7,76,21,Ngawi,-7.4008,111.4492
2019-11-16,37.6,24.2,30.2,0.1,0.1,7.14,22.1,24.31,74,25,Ngawi,-7.4008,111.4492
2019-11-17,38.7,25.5,31.2,0.3,0.3,6.84,20.5,22.43,78,20,Ngawi,-7.4008,111.4492
2019-11-18,38.5,25.1,31.5,0.5,0.5,6.54,17.1,23.46,78,24,Ngawi,-7.4008,111.4492
2019-11-19,37.9,25.7,31.0,1.6,1.6,6.13,21.6,24.22,83,26,Ngawi,-7.4008,111.4492
2019-11-20,36.5,26.0,30.5,3.0,3.0,5.87,24.9,23.68,85,31,Ngawi,-7.4008,111.4492
2019-11-21,36.2,25.4,29.9,9.7,9.7,5.16,11.2,22.23,90,33,Ngawi,-7.4008,111.4492
2019-11-22,35.8,24.9,29.5,2.8,2.8,5.7,18.4,24.36,93,34,Ngawi,-7.4008,111.4492
2019-11-23,38.0,25.0,30.4,1.4,1.4,5.96,13.2,25.19,81,25,Ngawi,-7.4008,111.4492
2019-11-24,37.2,25.2,29.7,6.2,6.2,5.56,13.7,23.61,89,32,Ngawi,-7.4008,111.4492
2019-11-25,36.5,24.6,28.9,6.8,6.8,5.13,18.1,21.84,97,37,Ngawi,-7.4008,111.4492
2019-11-26,36.0,23.9,29.2,4.1,4.1,5.64,16.7,24.34,97,34,Ngawi,-7.4008,111.4492
2019-11-27,35.0,24.0,28.6,11.2,11.2,4.82,14.0,21.55,98,42,Ngawi,-7.4008,111.4492
2019-11-28,33.9,25.4,28.6,10.2,10.2,4.74,13.6,21.03,93,49,Ngawi,-7.4008,111.4492
2019-11-29,34.0,25.6,28.8,4.6,4.6,5.06,15.8,22.21,95,48,Ngawi,-7.4008,111.4492
2019-11-30,33.8,24.8,27.7,53.9,53.9,4.29,12.1,19.99,96,51,Ngawi,-7.4008,111.4492
2019-12-01,33.2,25.0,28.9,2.1,2.1,5.39,15.9,24.34,94,53,Ngawi,-7.4008,111.4492
2019-12-02,34.0,25.0,28.9,1.0,1.0,5.34,10.8,24.24,97,50,Ngawi,-7.4008,111.4492
2019-12-03,33.8,25.0,28.3,3.6,3.6,5.18,20.5,23.89,96,57,Ngawi,-7.4008,111.4492
2019-12-04,33.5,24.7,27.7,29.0,29.0,4.74,11.8,22.28,96,57,Ngawi,-7.4008,111.4492
2019-12-05,31.3,24.1,27.0,15.0,15.0,4.0,10.1,19.31,99,63,Ngawi,-7.4008,111.4492
2019-12-06,32.7,24.3,26.9,41.2,41.2,4.26,11.3,20.27,98,65,Ngawi,-7.4008,111.4492
2019-12-07,32.3,23.8,26.9,10.5,10.5,4.47,8.4,21.54,99,63,Ngawi,-7.4008,111.4492
2019-12-08,33.2,23.1,27.8,8.9,8.9,4.92,14.0,23.13,100,55,Ngawi,-7.4008,111.4492
2019-12-09,33.0,23.5,27.7,5.6,5.6,4.76,11.3,22.42,99,57,Ngawi,-7.4008,111.4492
2019-12-10,32.2,24.1,27.0,4.3,4.3,4.47,8.3,21.59,95,62,Ngawi,-7.4008,111.4492
2019-12-11,33.4,24.2,27.6,6.2,6.2,4.81,11.6,22.67,96,54,Ngawi,-7.4008,111.4492
2019-12-12,32.3,24.4,27.2,7.6,7.6,4.58,9.7,22.11,97,60,Ngawi,-7.4008,111.4492
2019-12-13,30.9,24.1,27.0,1.9,1.9,4.0,10.8,19.14,97,61,Ngawi,-7.4008,111.4492
2019-12-14,32.2,24.2,27.0,22.7,22.7,4.41,10.9,21.05,100,59,Ngawi,-7.4008,111.4492
2019-12-15,31.8,24.0,26.8,15.3,15.3,4.38,8.4,21.18,98,65,Ngawi,-7.4008,111.4492
2019-12-16,31.2,23.0,26.1,42.7,42.7,4.01,11.5,19.54,98,68,Ngawi,-7.4008,111.4492
2019-12-17,30.9,23.6,26.0,18.6,18.6,3.42,11.1,16.59,97,71,Ngawi,-7.4008,111.4492
2019-12-18,32.6,23.1,26.9,13.2,13.2,4.32,11.7,21.08,100,60,Ngawi,-7.4008,111.4492
2019-12-19,32.0,23.8,27.2,10.4,10.4,4.37,7.9,21.0,100,65,Ngawi,-7.4008,111.4492
2019-12-20,33.1,24.0,27.4,2.1,2.1,4.87,8.7,23.21,99,62,Ngawi,-7.4008,111.4492
2019-12-21,32.8,24.1,27.6,5.0,5.0,4.81,8.7,22.87,99,63,Ngawi,-7.4008,111.4492
2019-12-22,32.2,23.8,26.8,11.7,11.7,3.99,19.3,19.58,98,64,Ngawi,-7.4008,111.4492
2019-12-23,32.1,24.0,27.1,0.6,0.6,4.22,14.8,19.99,98,56,Ngawi,-7.4008,111.4492
2019-12-24,32.7,24.2,27.6,6.9,6.9,4.76,11.6,22.7,92,57,Ngawi,-7.4008,111.4492
2019-12-25,30.5,24.2,26.4,35.7,35.7,3.24,16.3,15.74,98,72,Ngawi,-7.4008,111.4492
2019-12-26,30.7,23.9,26.7,2.6,2.6,3.2,8.0,15.23,99,68,Ngawi,-7.4008,111.4492
2019-12-27,30.5,23.6,26.2,20.5,20.5,3.15,12.9,15.18,97,69,Ngawi,-7.4008,111.4492
2019-12-28,30.6,23.2,26.5,7.6,7.6,3.83,15.0,18.46,98,66,Ngawi,-7.4008,111.4492
2019-12-29,32.0,24.2,27.1,13.5,13.5,4.0,11.4,19.17,97,64,Ngawi,-7.4008,111.4492
2019-12-30,32.0,23.6,26.8,14.5,14.5,4.06,7.4,19.48,99,68,Ngawi,-7.4008,111.4492
2019-12-31,31.9,24.0,26.3,19.6,19.6,3.54,10.1,17.04,100,68,Ngawi,-7.4008,111.4492
2020-01-01,26.2,24.1,25.0,34.3,34.3,1.13,11.8,5.08,97,90,Ngawi,-7.4008,111.4492
2020-01-02,30.8,24.0,26.7,9.4,9.4,4.25,21.1,20.55,97,64,Ngawi,-7.4008,111.4492
2020-01-03,31.0,22.6,26.2,5.8,5.8,4.14,27.4,20.53,98,62,Ngawi,-7.4008,111.4492
2020-01-04,29.2,24.0,26.2,2.2,2.2,2.8,25.9,13.22,94,71,Ngawi,-7.4008,111.4492
2020-01-05,29.8,23.5,25.9,6.7,6.7,2.91,25.3,14.27,97,72,Ngawi,-7.4008,111.4492
2020-01-06,29.5,23.2,25.6,12.4,12.4,2.98,15.6,14.54,99,74,Ngawi,-7.4008,111.4492
2020-01-07,29.6,23.4,25.8,5.3,5.3,2.97,16.9,14.01,99,69,Ngawi,-7.4008,111.4492
2020-01-08,29.6,22.9,25.5,15.7,15.7,2.94,13.4,14.11,98,73,Ngawi,-7.4008,111.4492
2020-01-09,30.3,22.5,25.7,11.3,11.3,3.7,11.2,18.28,98,64,Ngawi,-7.4008,111.4492
2020-01-10,29.1,23.4,25.7,6.3,6.3,3.09,15.6,15.11,99,71,Ngawi,-7.4008,111.4492
2020-01-11,28.9,23.0,25.2,1.1,1.1,2.92,9.6,14.17,95,71,Ngawi,-7.4008,111.4492
2020-01-12,30.5,22.5,25.9,2.3,2.3,3.42,24.5,14.56,99,64,Ngawi,-7.4008,111.4492
2020-01-13,31.6,22.5,26.8,0.3,0.3,5.12,25.3,23.65,96,60,Ngawi,-7.4008,111.4492
2020-01-14,30.9,24.1,26.9,2.2,2.2,3.83,19.2,18.1,96,64,Ngawi,-7.4008,111.4492
2020-01-15,31.5,24.1,26.5,28.8,28.8,3.89,13.6,19.01,98,65,Ngawi,-7.4008,111.4492
2020-01-16,31.7,24.2,26.9,2.5,2.5,4.06,15.6,19.84,98,62,Ngawi,-7.4008,111.4492
2020-01-17,31.2,22.9,27.0,0.2,0.2,4.99,10.2,24.34,100,59,Ngawi,-7.4008,111.4492
2020-01-18,32.5,22.9,27.6,5.4,5.4,5.17,10.3,24.77,99,54,Ngawi,-7.4008,111.4492
2020-01-19,32.2,23.9,27.6,2.6,2.6,4.94,11.1,23.51,97,56,Ngawi,-7.4008,111.4492
2020-01-20,32.7,24.7,27.5,21.3,21.3,4.48,11.6,21.26,99,57,Ngawi,-7.4008,111.4492
2020-01-21,31.6,24.5,26.8,11.9,11.9,4.41,8.4,21.64,97,66,Ngawi,-7.4008,111.4492
2020-01-22,32.0,24.0,27.2,10.7,10.7,4.82,10.4,23.31,100,65,Ngawi,-7.4008,111.4492
2020-01-23,31.0,25.2,27.1,17.4,17.4,4.1,9.0,19.79,95,69,Ngawi,-7.4008,111.4492
2020-01-24,32.0,24.2,27.1,4.5,4.5,4.54,12.3,22.21,98,67,Ngawi,-7.4008,111.4492
2020-01-25,31.5,24.0,26.5,76.4,76.4,4.04,10.1,19.73,97,69,Ngawi,-7.4008,111.4492
2020-01-26,30.8,24.1,26.7,16.5,16.5,4.01,13.4,19.38,98,67,Ngawi,-7.4008,111.4492
2020-01-27,30.1,23.8,26.8,1.9,1.9,3.55,11.4,17.26,98,73,Ngawi,-7.4008,111.4492
2020-01-28,32.3,24.0,27.2,9.4,9.4,4.83,10.4,23.31,99,66,Ngawi,-7.4008,111.4492
2020-01-29,31.3,24.2,27.4,14.7,14.7,4.43,15.8,21.84,97,76,Ngawi,-7.4008,111.4492
2020-01-30,30.4,24.2,26.4,7.8,7.8,2.93,16.7,14.04,98,72,Ngawi,-7.4008,111.4492
2020-01-31,29.0,23.5,25.8,9.9,9.9,2.21,14.3,10.74,96,78,Ngawi,-7.4008,111.4492
2020-02-01,31.1,23.9,26.4,27.1,27.1,3.5,12.1,17.15,98,69,Ngawi,-7.4008,111.4492
2020-02-02,30.9,23.3,26.1,17.4,17.4,3.32,11.1,16.08,99,64,Ngawi,-7.4008,111.4492
2020-02-03,29.3,24.1,26.0,11.5,11.5,3.1,9.8,15.25,97,76,Ngawi,-7.4008,111.4492
2020-02-04,31.6,23.4,26.7,32.4,32.4,4.76,12.6,23.11,98,62,Ngawi,-7.4008,111.4492
2020-02-05,31.0,23.5,26.5,5.0,5.0,4.29,9.2,20.92,99,66,Ngawi,-7.4008,111.4492
2020-02-06,30.9,23.5,26.8,11.8,11.8,4.48,21.8,21.61,100,66,Ngawi,-7.4008,111.4492
2020-02-07,29.9,24.5,26.0,14.3,14.3,2.77,15.3,13.4,99,75,Ngawi,-7.4008,111.4492
2020-02-08,29.2,24.0,26.3,4.3,4.3,3.04,19.8,14.13,97,73,Ngawi,-7.4008,111.4492
2020-02-09,27.8,23.6,25.5,11.3,11.3,2.26,11.9,10.48,98,73,Ngawi,-7.4008,111.4492
2020-02-10,29.5,22.6,25.5,4.9,4.9,2.88,10.0,13.89,96,76,Ngawi,-7.4008,111.4492
2020-02-11,30.2,23.3,26.2,9.9,9.9,3.55,10.4,17.52,98,71,Ngawi,-7.4008,111.4492
2020-02-12,30.0,24.1,26.3,11.3,11.3,3.28,12.4,16.09,98,73,Ngawi,-7.4008,111.4492
2020-02-13,30.8,24.9,26.9,6.0,6.0,3.82,7.9,18.84,99,67,Ngawi,-7.4008,111.4492
2020-02-14,30.8,23.5,26.6,10.7,10.7,3.56,9.0,17.33,99,69,Ngawi,-7.4008,111.4492
2020-02-15,31.5,24.4,26.3,35.8,35.8,3.71,9.0,17.85,98,70,Ngawi,-7.4008,111.4492
2020-02-16,30.4,23.6,26.5,10.6,10.6,3.53,11.8,17.0,99,71,Ngawi,-7.4008,111.4492
2020-02-17,29.2,23.9,25.8,7.9,7.9,2.46,9.7,11.57,98,74,Ngawi,-7.4008,111.4492
2020-02-18,29.0,23.2,25.5,9.8,9.8,2.9,16.0,14.6,98,77,Ngawi,-7.4008,111.4492
2020-02-19,29.8,23.9,25.6,14.1,14.1,2.73,18.7,13.43,98,70,Ngawi,-7.4008,111.4492
2020-02-20,28.2,23.3,25.3,28.6,28.6,2.06,20.0,9.69,97,75,Ngawi,-7.4008,111.4492
2020-02-21,30.9,22.9,26.1,9.5,9.5,3.93,17.1,19.26,99,68,Ngawi,-7.4008,111.4492
2020-02-22,30.4,23.0,26.1,29.6,29.6,3.88,11.4,19.13,98,72,Ngawi,-7.4008,111.4492
2020-02-23,31.1,23.8,26.4,21.3,21.3,3.8,14.1,18.55,98,70,Ngawi,-7.4008,111.4492
2020-02-24,29.6,24.0,26.5,8.4,8.4,3.62,19.6,18.38,97,76,Ngawi,-7.4008,111.4492
2020-02-25,30.5,24.2,26.4,16.3,16.3,3.09,17.4,15.0,98,75,Ngawi,-7.4008,111.4492
2020-02-26,29.9,23.4,26.1,16.5,16.5,2.96,8.7,14.23,98,74,Ngawi,-7.4008,111.4492
2020-02-27,30.5,24.7,26.6,19.8,19.8,2.85,12.6,13.78,97,74,Ngawi,-7.4008,111.4492
2020-02-28,31.1,23.6,26.3,21.1,21.1,3.36,14.8,16.26,99,69,Ngawi,-7.4008,111.4492
2020-02-29,30.6,24.1,26.4,9.7,9.7,3.22,14.4,15.77,99,73,Ngawi,-7.4008,111.4492
2020-03-01,28.7,24.4,26.0,13.9,13.9,2.39,17.4,12.09,98,79,Ngawi,-7.4008,111.4492
2020-03-02,29.9,24.4,26.7,10.7,10.7,3.71,18.3,18.69,98,75,Ngawi,-7.4008,111.4492
2020-03-03,30.9,24.4,26.7,14.4,14.4,2.8,11.9,13.33,99,72,Ngawi,-7.4008,111.4492
2020-03-04,28.1,24.3,26.2,7.8,7.8,2.72,8.4,13.4,99,76,Ngawi,-7.4008,111.4492
2020-03-05,28.4,23.4,25.4,5.4,5.4,2.32,15.7,10.77,99,73,Ngawi,-7.4008,111.4492
2020-03-06,31.0,22.6,26.1,3.5,3.5,3.93,18.1,19.16,98,68,Ngawi,-7.4008,111.4492
2020-03-07,29.8,23.5,25.9,9.2,9.2,3.09,14.5,14.86,99,72,Ngawi,-7.4008,111.4492
2020-03-08,30.0,23.0,26.0,3.5,3.5,3.6,13.7,17.32,97,67,Ngawi,-7.4008,111.4492
2020-03-09,29.9,22.4,26.0,0.8,0.8,3.29,6.8,15.79,99,69,Ngawi,-7.4008,111.4492
2020-03-10,31.4,22.6,26.2,8.4,8.4,4.01,13.6,19.41,98,68,Ngawi,-7.4008,111.4492
2020-03-11,31.8,23.5,26.8,11.0,11.0,4.08,18.2,19.87,97,69,Ngawi,-7.4008,111.4492
2020-03-12,31.5,23.2,26.5,21.4,21.4,3.86,13.7,19.0,98,66,Ngawi,-7.4008,111.4492
2020-03-13,31.4,23.5,26.7,24.5,24.5,3.85,9.2,18.59,100,64,Ngawi,-7.4008,111.4492
2020-03-14,32.0,23.9,27.3,1.9,1.9,4.28,13.5,20.54,100,63,Ngawi,-7.4008,111.4492
2020-03-15,31.2,24.3,26.7,14.0,14.0,3.58,13.7,17.52,98,72,Ngawi,-7.4008,111.4492
2020-03-16,32.0,23.0,26.8,4.6,4.6,5.0,10.3,24.16,99,62,Ngawi,-7.4008,111.4492
2020-03-17,30.5,23.9,26.4,16.7,16.7,4.46,9.0,22.11,99,70,Ngawi,-7.4008,111.4492
2020-03-18,30.5,23.5,26.2,21.0,21.0,3.51,12.7,17.31,100,72,Ngawi,-7.4008,111.4492
2020-03-19,29.9,23.9,26.0,30.4,30.4,3.06,13.1,15.13,99,76,Ngawi,-7.4008,111.4492
2020-03-20,30.8,23.6,26.3,10.6,10.6,4.08,11.6,20.05,100,69,Ngawi,-7.4008,111.4492
2020-03-21,30.6,23.1,26.6,4.8,4.8,4.23,11.3,21.16,99,71,Ngawi,-7.4008,111.4492
2020-03-22,31.0,24.5,26.9,7.1,7.1,3.88,12.3,18.93,98,67,Ngawi,-7.4008,111.4492
2020-03-23,31.0,23.5,25.8,24.7,24.7,3.6,12.4,17.47,98,69,Ngawi,-7.4008,111.4492
2020-03-24,30.8,22.6,25.9,12.5,12.5,3.91,14.4,19.57,100,72,Ngawi,-7.4008,111.4492
2020-03-25,32.0,23.0,26.2,23.3,23.3,4.35,13.0,21.31,99,67,Ngawi,-7.4008,111.4492
2020-03-26,31.9,23.9,27.3,2.1,2.1,4.78,9.6,23.08,96,68,Ngawi,-7.4008,111.4492
2020-03-27,31.6,24.1,27.5,2.0,2.0,4.62,5.9,22.24,100,62,Ngawi,-7.4008,111.4492
2020-03-28,30.7,24.8,26.9,12.4,12.4,3.22,9.7,15.45,98,73,Ngawi,-7.4008,111.4492
2020-03-29,31.0,24.4,26.6,4.9,4.9,3.53,10.7,17.24,98,64,Ngawi,-7.4008,111.4492
2020-03-30,30.9,23.7,26.5,13.8,13.8,3.79,9.0,18.66,100,71,Ngawi,-7.4008,111.4492
2020-03-31,30.1,23.6,26.2,12.3,12.3,3.52,9.5,17.36,99,72,Ngawi,-7.4008,111.4492
2020-04-01,30.1,23.9,26.5,5.9,5.9,3.1,10.0,15.02,100,74,Ngawi,-7.4008,111.4492
2020-04-02,31.7,24.1,26.7,13.2,13.2,3.98,8.6,19.43,100,63,Ngawi,-7.4008,111.4492
2020-04-03,30.6,23.5,26.1,13.1,13.1,3.69,12.1,18.1,99,72,Ngawi,-7.4008,111.4492
2020-04-04,30.5,23.5,26.2,17.9,17.9,3.42,10.4,16.64,98,72,Ngawi,-7.4008,111.4492
2020-04-05,30.2,23.8,26.2,28.7,28.7,2.98,7.6,14.43,99,74,Ngawi,-7.4008,111.4492
2020-04-06,28.6,24.0,26.0,25.8,25.8,2.65,12.5,13.25,97,82,Ngawi,-7.4008,111.4492
2020-04-07,29.9,24.0,26.4,11.1,11.1,3.45,11.6,16.8,99,67,Ngawi,-7.4008,111.4492
2020-04-08,30.4,23.5,26.2,12.3,12.3,3.51,10.2,17.19,99,70,Ngawi,-7.4008,111.4492
2020-04-09,32.1,23.4,27.3,0.7,0.7,4.88,13.4,23.78,99,59,Ngawi,-7.4008,111.4492
2020-04-10,31.9,23.9,27.2,4.1,4.1,4.44,12.7,21.59,99,63,Ngawi,-7.4008,111.4492
2020-04-11,31.3,24.0,26.9,2.4,2.4,4.07,9.7,19.83,99,67,Ngawi,-7.4008,111.4492
2020-04-12,31.1,23.6,26.8,1.3,1.3,4.35,11.2,21.06,100,66,Ngawi,-7.4008,111.4492
2020-04-13,30.7,23.6,26.8,9.5,9.5,4.28,8.4,21.03,100,68,Ngawi,-7.4008,111.4492
2020-04-14,30.5,23.8,26.5,10.5,10.5,3.82,14.3,19.03,97,71,Ngawi,-7.4008,111.4492
2020-04-15,31.1,24.7,27.1,4.7,4.7,4.11,15.7,20.29,98,68,Ngawi,-7.4008,111.4492
2020-04-16,31.1,24.1,27.3,4.4,4.4,4.24,8.4,20.83,97,73,Ngawi,-7.4008,111.4492
2020-04-17,30.5,24.0,26.1,31.5,31.5,2.88,13.7,14.19,99,75,Ngawi,-7.4008,111.4492
2020-04-18,31.0,23.5,26.3,8.0,8.0,3.36,13.0,16.48,100,73,Ngawi,-7.4008,111.4492
2020-04-19,30.0,23.5,26.5,9.4,9.4,3.18,12.0,15.47,98,77,Ngawi,-7.4008,111.4492
2020-04-20,31.3,24.8,27.4,6.7,6.7,3.67,8.0,17.72,98,69,Ngawi,-7.4008,111.4492
2020-04-21,30.8,24.0,26.9,5.0,5.0,3.44,10.5,16.95,98,73,Ngawi,-7.4008,111.4492
2020-04-22,31.8,24.0,27.9,0.9,0.9,4.43,8.8,21.16,98,61,Ngawi,-7.4008,111.4492
2020-04-23,31.9,24.9,27.8,3.2,3.2,4.39,8.4,21.21,96,64,Ngawi,-7.4008,111.4492
2020-04-24,32.2,24.5,27.7,0.3,0.3,4.6,12.2,21.74,96,54,Ngawi,-7.4008,111.4492
2020-04-25,31.4,24.1,27.0,3.5,3.5,3.53,10.6,16.97,94,64,Ngawi,-7.4008,111.4492
2020-04-26,29.6,24.0,26.3,5.5,5.5,2.56,9.7,12.43,97,71,Ngawi,-7.4008,111.4492
2020-04-27,31.2,23.9,27.2,1.4,1.4,4.36,15.5,20.57,96,62,Ngawi,-7.4008,111.4492
2020-04-28,30.8,24.1,27.0,0.7,0.7,3.89,10.5,18.66,95,61,Ngawi,-7.4008,111.4492
2020-04-29,30.5,24.0,26.6,4.6,4.6,3.87,9.2,19.2,97,69,Ngawi,-7.4008,111.4492
2020-04-30,31.2,24.1,27.0,2.1,2.1,4.05,8.7,19.55,94,65,Ngawi,-7.4008,111.4492
2020-05-01,30.9,24.6,27.3,1.1,1.1,4.36,9.1,20.82,94,63,Ngawi,-7.4008,111.4492
2020-05-02,31.0,24.6,27.3,3.7,3.7,3.82,9.4,18.35,93,63,Ngawi,-7.4008,111.4492
2020-05-03,30.8,23.8,26.9,0.8,0.8,3.66,14.1,17.76,98,66,Ngawi,-7.4008,111.4492
2020-05-04,32.1,24.4,27.5,1.9,1.9,4.24,8.9,20.42,99,59,Ngawi,-7.4008,111.4492
2020-05-05,31.6,24.7,27.5,6.7,6.7,3.89,9.8,18.92,98,65,Ngawi,-7.4008,111.4492
2020-05-06,31.9,24.6,27.9,0.6,0.6,4.31,11.4,20.36,94,60,Ngawi,-7.4008,111.4492
2020-05-07,32.7,25.0,28.3,0.3,0.3,4.75,12.2,21.56,85,56,Ngawi,-7.4008,111.4492
2020-05-08,32.3,24.9,27.7,3.5,3.5,4.34,10.2,20.5,96,62,Ngawi,-7.4008,111.4492
2020-05-09,31.2,24.9,26.9,31.8,31.8,3.4,14.7,16.55,100,71,Ngawi,-7.4008,111.4492
2020-05-10,31.6,24.5,27.5,2.1,2.1,4.01,11.5,19.08,97,61,Ngawi,-7.4008,111.4492
2020-05-11,30.5,24.4,26.9,10.9,10.9,3.18,9.9,15.56,96,69,Ngawi,-7.4008,111.4492
2020-05-12,32.0,24.5,27.7,1.6,1.6,4.34,16.5,19.87,90,56,Ngawi,-7.4008,111.4492
2020-05-13,31.4,25.0,27.6,0.1,0.1,4.34,12.3,19.44,87,58,Ngawi,-7.4008,111.4492
2020-05-14,31.4,25.1,27.6,0.6,0.6,4.91,19.9,20.27,81,58,Ngawi,-7.4008,111.4492
2020-05-15,32.0,24.4,27.8,1.0,1.0,4.69,18.0,20.61,86,57,Ngawi,-7.4008,111.4492
2020-05-16,32.5,25.8,28.4,0.7,0.7,4.98,18.0,20.61,84,57,Ngawi,-7.4008,111.4492
2020-05-17,31.9,25.6,28.0,2.9,2.9,4.45,16.6,19.31,89,61,Ngawi,-7.4008,111.4492
2020-05-18,32.0,25.0,27.2,32.5,32.5,3.88,12.0,18.01,96,62,Ngawi,-7.4008,111.4492
2020-05-19,30.6,24.2,26.9,6.6,6.6,3.05,12.1,14.41,98,69,Ngawi,-7.4008,111.4492
2020-05-20,31.6,23.5,27.1,5.7,5.7,3.87,12.5,18.75,97,65,Ngawi,-7.4008,111.4492
2020-05-21,30.6,24.8,27.4,1.0,1.0,3.14,21.4,13.06,97,68,Ngawi,-7.4008,111.4492
2020-05-22,31.0,24.7,27.6,0.4,0.4,3.91,10.5,18.57,91,63,Ngawi,-7.4008,111.4492
2020-05-23,31.8,24.3,27.8,0.0,0.0,4.03,8.1,18.9,95,60,Ngawi,-7.4008,111.4492
2020-05-24,33.3,23.5,28.0,0.0,0.0,4.38,12.0,20.32,95,55,Ngawi,-7.4008,111.4492
2020-05-25,31.5,25.1,27.8,3.6,3.6,3.78,8.7,18.22,98,66,Ngawi,-7.4008,111.4492
2020-05-26,30.6,25.4,27.0,13.3,13.3,2.77,8.5,13.18,98,73,Ngawi,-7.4008,111.4492
2020-05-27,30.7,24.2,26.2,6.0,6.0,2.92,15.1,14.17,100,70,Ngawi,-7.4008,111.4492
2020-05-28,30.1,23.6,26.2,9.6,9.6,3.03,10.9,14.7,99,70,Ngawi,-7.4008,111.4492
2020-05-29,30.6,23.8,26.7,0.7,0.7,3.45,12.0,16.2,98,68,Ngawi,-7.4008,111.4492
2020-05-30,31.9,24.0,27.3,4.7,4.7,4.17,10.9,20.04,96,60,Ngawi,-7.4008,111.4492
2020-05-31,30.0,24.2,26.3,20.8,20.8,2.59,11.5,12.54,98,77,Ngawi,-7.4008,111.4492
2020-06-01,29.4,23.5,26.6,0.2,0.2,2.15,13.3,9.53,96,71,Ngawi,-7.4008,111.4492
2020-06-02,29.0,24.5,26.3,3.1,3.1,2.32,9.7,11.11,96,75,Ngawi,-7.4008,111.4492
2020-06-03,31.2,23.8,27.2,0.4,0.4,4.07,14.8,18.25,95,59,Ngawi,-7.4008,111.4492
2020-06-04,31.7,23.8,27.1,0.2,0.2,4.41,16.6,19.29,91,52,Ngawi,-7.4008,111.4492
2020-06-05,30.6,24.4,27.0,1.1,1.1,4.3,17.5,18.22,82,59,Ngawi,-7.4008,111.4492
2020-06-06,30.9,22.6,26.8,0.9,0.9,4.29,19.4,18.48,90,62,Ngawi,-7.4008,111.4492
2020-06-07,30.6,24.0,26.8,9.5,9.5,3.58,12.6,17.04,93,63,Ngawi,-7.4008,111.4492
2020-06-08,30.9,23.8,27.1,0.4,0.4,3.97,13.9,18.14,88,60,Ngawi,-7.4008,111.4492
2020-06-09,31.4,23.5,27.1,0.0,0.0,4.47,18.6,19.02,90,55,Ngawi,-7.4008,111.4492
2020-06-10,32.2,23.6,27.4,0.0,0.0,4.54,12.5,19.59,80,50,Ngawi,-7.4008,111.4492
2020-06-11,31.4,22.9,27.2,0.2,0.2,4.34,10.4,20.06,90,51,Ngawi,-7.4008,111.4492
2020-06-12,32.5,23.4,27.7,0.0,0.0,5.0,19.8,21.06,85,46,Ngawi,-7.4008,111.4492
2020-06-13,33.1,22.1,27.6,0.0,0.0,5.03,21.5,21.07,95,44,Ngawi,-7.4008,111.4492
2020-06-14,31.2,24.9,27.2,3.1,3.1,2.93,10.8,12.97,89,62,Ngawi,-7.4008,111.4492
2020-06-15,33.0,24.8,27.6,2.9,2.9,3.54,9.2,16.44,92,55,Ngawi,-7.4008,111.4492
2020-06-16,33.1,24.4,28.1,0.9,0.9,4.31,11.3,19.2,95,48,Ngawi,-7.4008,111.4492
2020-06-17,32.8,24.2,28.1,0.2,0.2,4.72,20.3,18.87,91,49,Ngawi,-7.4008,111.4492
2020-06-18,33.8,25.4,28.3,1.7,1.7,4.68,18.1,18.68,82,49,Ngawi,-7.4008,111.4492
2020-06-19,33.2,24.9,28.0,0.7,0.7,5.24,27.4,18.64,81,45,Ngawi,-7.4008,111.4492
2020-06-20,34.1,24.8,28.4,0.0,0.0,5.43,24.5,19.68,80,37,Ngawi,-7.4008,111.4492
2020-06-21,32.3,24.0,28.0,0.5,0.5,4.21,19.8,15.46,82,49,Ngawi,-7.4008,111.4492
2020-06-22,33.7,25.1,28.3,0.9,0.9,4.74,23.9,17.71,82,47,Ngawi,-7.4008,111.4492
2020-06-23,34.4,25.0,28.4,0.0,0.0,5.43,27.5,20.01,80,36,Ngawi,-7.4008,111.4492
2020-06-24,33.2,25.4,28.3,0.0,0.0,5.35,23.1,18.77,78,43,Ngawi,-7.4008,111.4492
2020-06-25,33.7,24.5,27.9,0.0,0.0,5.67,26.8,19.4,73,40,Ngawi,-7.4008,111.4492
2020-06-26,33.7,23.4,28.0,0.0,0.0,5.26,17.7,19.78,76,36,Ngawi,-7.4008,111.4492
2020-06-27,34.0,23.4,28.2,0.0,0.0,5.23,16.6,20.87,84,31,Ngawi,-7.4008,111.4492
2020-06-28,34.2,23.8,28.5,0.0,0.0,5.26,17.0,20.25,80,34,Ngawi,-7.4008,111.4492
2020-06-29,34.2,23.9,28.0,0.0,0.0,5.1,25.6,18.66,86,37,Ngawi,-7.4008,111.4492
2020-06-30,33.9,24.0,28.1,0.0,0.0,5.43,23.3,19.89,84,39,Ngawi,-7.4008,111.4492
2020-07-01,34.2,24.0,28.0,1.1,1.1,5.38,24.6,19.5,79,41,Ngawi,-7.4008,111.4492
2020-07-02,32.9,24.1,27.8,1.9,1.9,4.63,25.1,18.32,88,48,Ngawi,-7.4008,111.4492
2020-07-03,33.8,23.0,27.5,0.0,0.0,5.57,25.1,20.05,96,38,Ngawi,-7.4008,111.4492
2020-07-04,34.0,21.5,27.7,0.0,0.0,5.01,15.9,20.03,92,33,Ngawi,-7.4008,111.4492
2020-07-05,33.7,23.0,27.9,0.7,0.7,4.77,11.5,18.84,81,38,Ngawi,-7.4008,111.4492
2020-07-06,33.2,24.1,27.2,8.1,8.1,3.96,16.6,15.27,92,44,Ngawi,-7.4008,111.4492
2020-07-07,30.6,23.3,26.7,1.1,1.1,3.63,22.7,11.56,91,55,Ngawi,-7.4008,111.4492
2020-07-08,32.5,24.3,27.5,0.1,0.1,5.33,28.5,18.72,78,46,Ngawi,-7.4008,111.4492
2020-07-09,32.4,24.7,27.7,0.1,0.1,5.55,27.7,19.08,77,48,Ngawi,-7.4008,111.4492
2020-07-10,33.0,24.6,27.9,0.2,0.2,5.62,26.0,19.65,76,44,Ngawi,-7.4008,111.4492
2020-07-11,34.0,24.7,28.2,0.0,0.0,5.35,20.9,19.59,75,39,Ngawi,-7.4008,111.4492
2020-07-12,32.7,24.5,28.1,1.4,1.4,5.05,17.2,19.02,80,44,Ngawi,-7.4008,111.4492
2020-07-13,34.0,24.6,28.7,0.0,0.0,5.31,15.6,19.91,79,41,Ngawi,-7.4008,111.4492
2020-07-14,34.7,24.9,28.9,0.4,0.4,5.2,12.9,20.13,76,40,Ngawi,-7.4008,111.4492
2020-07-15,31.8,24.1,26.7,4.8,4.8,3.41,14.8,15.07,94,52,Ngawi,-7.4008,111.4492
2020-07-16,32.8,23.7,28.0,0.0,0.0,4.32,10.9,19.43,92,49,Ngawi,-7.4008,111.4492
2020-07-17,34.2,22.5,27.9,0.2,0.2,4.79,20.5,21.19,96,39,Ngawi,-7.4008,111.4492
2020-07-18,33.8,24.2,28.1,0.0,0.0,5.59,22.5,20.84,81,40,Ngawi,-7.4008,111.4492
2020-07-19,35.0,23.6,28.0,0.4,0.4,5.61,28.9,20.57,81,38,Ngawi,-7.4008,111.4492
2020-07-20,34.0,25.3,28.7,0.8,0.8,4.88,18.7,18.98,76,44,Ngawi,-7.4008,111.4492
2020-07-21,33.2,25.0,28.1,3.3,3.3,4.42,15.6,17.83,84,46,Ngawi,-7.4008,111.4492
2020-07-22,33.8,24.0,28.1,0.4,0.4,5.08,24.0,19.38,84,41,Ngawi,-7.4008,111.4492
2020-07-23,33.8,24.5,28.2,0.0,0.0,6.5,27.4,21.24,77,40,Ngawi,-7.4008,111.4492
2020-07-24,34.3,23.4,27.4,0.0,0.0,5.86,30.7,20.93,80,32,Ngawi,-7.4008,111.4492
2020-07-25,32.7,23.2,26.9,0.0,0.0,6.96,33.0,21.98,69,33,Ngawi,-7.4008,111.4492
2020-07-26,33.8,22.8,27.3,0.0,0.0,6.23,26.8,22.31,71,29,Ngawi,-7.4008,111.4492
2020-07-27,33.7,22.4,27.1,0.0,0.0,6.15,28.5,22.03,80,34,Ngawi,-7.4008,111.4492
2020-07-28,33.1,23.6,27.2,0.0,0.0,6.56,33.2,21.95,76,40,Ngawi,-7.4008,111.4492
2020-07-29,32.0,23.5,26.7,0.0,0.0,6.99,33.2,22.31,76,36,Ngawi,-7.4008,111.4492
2020-07-30,32.3,21.6,26.6,0.0,0.0,5.82,27.3,22.4,65,32,Ngawi,-7.4008,111.4492
2020-07-31,32.8,21.1,26.6,0.0,0.0,5.59,28.2,19.22,78,41,Ngawi,-7.4008,111.4492
2020-08-01,33.3,24.1,27.6,0.0,0.0,5.71,23.9,19.15,74,39,Ngawi,-7.4008,111.4492
2020-08-02,33.9,23.4,27.4,0.0,0.0,6.26,26.1,21.88,74,36,Ngawi,-7.4008,111.4492
2020-08-03,34.3,23.0,28.1,0.0,0.0,5.45,16.0,21.26,74,34,Ngawi,-7.4008,111.4492
2020-08-04,32.8,24.3,27.2,0.5,0.5,4.25,21.7,14.47,74,43,Ngawi,-7.4008,111.4492
2020-08-05,33.7,25.0,28.1,0.0,0.0,6.0,26.0,19.8,75,41,Ngawi,-7.4008,111.4492
2020-08-06,34.0,24.1,28.2,0.0,0.0,6.62,23.8,21.28,72,37,Ngawi,-7.4008,111.4492
2020-08-07,33.5,23.9,27.7,0.0,0.0,5.11,24.5,17.53,74,39,Ngawi,-7.4008,111.4492
2020-08-08,34.8,24.0,28.4,0.0,0.0,4.92,21.3,18.61,75,33,Ngawi,-7.4008,111.4492
2020-08-09,35.3,24.2,29.1,0.0,0.0,4.75,14.4,20.04,77,34,Ngawi,-7.4008,111.4492
2020-08-10,35.5,23.2,29.1,0.0,0.0,5.48,17.3,21.47,83,36,Ngawi,-7.4008,111.4492
2020-08-11,35.0,24.9,27.9,36.3,36.3,4.53,13.0,18.84,95,41,Ngawi,-7.4008,111.4492
2020-08-12,31.7,24.8,27.2,2.6,2.6,3.61,18.8,16.24,94,56,Ngawi,-7.4008,111.4492
2020-08-13,30.9,24.3,27.2,1.3,1.3,4.43,20.8,18.19,86,59,Ngawi,-7.4008,111.4492
2020-08-14,32.2,24.2,27.3,1.4,1.4,4.39,12.1,19.82,85,53,Ngawi,-7.4008,111.4492
2020-08-15,33.4,23.9,27.9,1.5,1.5,4.75,10.2,21.83,91,46,Ngawi,-7.4008,111.4492
2020-08-16,32.5,23.1,27.4,1.0,1.0,4.84,17.1,21.0,96,47,Ngawi,-7.4008,111.4492
2020-08-17,34.1,23.8,28.0,0.6,0.6,5.65,22.8,21.82,81,38,Ngawi,-7.4008,111.4492
2020-08-18,33.5,24.6,28.0,0.0,0.0,6.24,30.0,21.99,76,41,Ngawi,-7.4008,111.4492
2020-08-19,34.2,24.3,27.9,0.0,0.0,6.04,26.2,21.86,78,35,Ngawi,-7.4008,111.4492
2020-08-20,34.6,23.9,28.1,0.6,0.6,5.32,14.9,20.32,77,35,Ngawi,-7.4008,111.4492
2020-08-21,36.7,22.1,28.7,0.0,0.0,6.41,20.2,23.12,81,29,Ngawi,-7.4008,111.4492
2020-08-22,36.4,22.7,28.8,0.0,0.0,6.25,15.8,23.82,87,24,Ngawi,-7.4008,111.4492
2020-08-23,36.6,25.0,29.3,0.4,0.4,6.08,27.1,22.99,77,33,Ngawi,-7.4008,111.4492
2020-08-24,36.9,24.8,29.4,0.0,0.0,7.06,26.0,24.46,77,16,Ngawi,-7.4008,111.4492
2020-08-25,36.2,23.7,28.8,0.0,0.0,6.97,28.9,24.07,80,29,Ngawi,-7.4008,111.4492
2020-08-26,34.8,24.6,28.3,0.1,0.1,7.49,33.8,23.59,74,33,Ngawi,-7.4008,111.4492
2020-08-27,35.4,23.2,28.1,0.0,0.0,6.63,28.0,24.35,74,28,Ngawi,-7.4008,111.4492
2020-08-28,34.6,23.6,28.3,0.6,0.6,5.89,23.3,20.43,75,34,Ngawi,-7.4008,111.4492
2020-08-29,35.2,25.1,28.8,0.2,0.2,7.05,26.2,23.01,77,38,Ngawi,-7.4008,111.4492
2020-08-30,35.8,24.4,28.2,0.0,0.0,6.65,28.0,22.11,72,30,Ngawi,-7.4008,111.4492
2020-08-31,35.9,24.1,28.5,0.0,0.0,6.83,26.4,23.9,72,30,Ngawi,-7.4008,111.4492
2020-09-01,34.2,24.6,28.4,2.6,2.6,6.35,27.3,22.46,77,39,Ngawi,-7.4008,111.4492
2020-09-02,33.5,25.1,28.4,1.6,1.6,5.75,20.4,20.48,76,46,Ngawi,-7.4008,111.4492
2020-09-03,35.1,24.8,28.3,10.1,10.1,5.28,18.1,21.5,93,42,Ngawi,-7.4008,111.4492
2020-09-04,33.2,24.4,28.2,0.6,0.6,5.58,22.0,22.55,87,51,Ngawi,-7.4008,111.4492
2020-09-05,33.6,25.0,28.5,0.3,0.3,6.56,29.7,23.61,73,41,Ngawi,-7.4008,111.4492
2020-09-06,33.0,24.7,28.4,0.0,0.0,6.2,20.5,23.01,72,44,Ngawi,-7.4008,111.4492
2020-09-07,34.5,24.3,28.4,0.2,0.2,6.04,20.7,23.4,81,38,Ngawi,-7.4008,111.4492
2020-09-08,36.2,23.9,28.8,0.2,0.2,6.47,20.6,24.2,80,29,Ngawi,-7.4008,111.4492
2020-09-09,35.5,24.8,29.3,0.6,0.6,6.12,16.6,23.01,80,35,Ngawi,-7.4008,111.4492
2020-09-10,35.3,25.1,28.7,0.1,0.1,6.41,26.2,22.79,79,38,Ngawi,-7.4008,111.4492
2020-09-11,34.5,24.3,28.6,0.0,0.0,7.08,30.1,23.81,74,37,Ngawi,-7.4008,111.4492
2020-09-12,35.2,25.0,28.9,0.0,0.0,7.33,29.8,23.35,72,32,Ngawi,-7.4008,111.4492
2020-09-13,35.0,25.1,29.0,0.0,0.0,7.41,31.4,23.99,73,36,Ngawi,-7.4008,111.4492
2020-09-14,36.2,24.9,29.2,0.0,0.0,7.27,26.4,24.53,66,28,Ngawi,-7.4008,111.4492
2020-09-15,35.5,24.8,29.1,0.0,0.0,7.93,30.7,24.45,66,23,Ngawi,-7.4008,111.4492
2020-09-16,35.0,23.9,28.6,0.0,0.0,7.07,28.9,24.49,72,29,Ngawi,-7.4008,111.4492
2020-09-17,36.5,24.2,29.4,0.2,0.2,6.14,22.3,23.29,76,26,Ngawi,-7.4008,111.4492
2020-09-18,38.3,24.5,30.6,0.0,0.0,7.04,21.6,24.67,75,23,Ngawi,-7.4008,111.4492
2020-09-19,38.8,25.1,31.2,0.0,0.0,7.4,20.6,24.38,75,26,Ngawi,-7.4008,111.4492
2020-09-20,37.8,25.5,30.6,0.3,0.3,6.63,19.5,24.48,76,28,Ngawi,-7.4008,111.4492
2020-09-21,36.0,26.1,29.9,1.2,1.2,7.08,31.8,23.55,74,35,Ngawi,-7.4008,111.4492
2020-09-22,34.8,25.9,28.8,2.4,2.4,5.63,28.1,20.12,78,44,Ngawi,-7.4008,111.4492
2020-09-23,36.3,26.2,30.2,0.8,0.8,6.37,18.8,22.98,77,37,Ngawi,-7.4008,111.4492
2020-09-24,37.2,25.6,30.4,0.0,0.0,6.98,20.9,23.91,75,28,Ngawi,-7.4008,111.4492
2020-09-25,36.5,25.9,30.2,0.0,0.0,6.99,22.9,23.05,75,32,Ngawi,-7.4008,111.4492
2020-09-26,38.7,25.6,29.6,2.0,2.0,6.03,15.3,23.06,84,28,Ngawi,-7.4008,111.4492
2020-09-27,36.3,25.8,30.0,1.2,1.2,6.6,21.3,22.55,75,35,Ngawi,-7.4008,111.4492
2020-09-28,36.3,26.0,29.6,0.2,0.2,7.32,29.5,23.56,72,33,Ngawi,-7.4008,111.4492
2020-09-29,34.9,25.4,28.9,1.1,1.1,7.02,29.9,23.71,74,38,Ngawi,-7.4008,111.4492
2020-09-30,36.0,24.8,29.3,1.4,1.4,6.26,18.7,23.09,76,34,Ngawi,-7.4008,111.4492
2020-10-01,38.5,25.8,30.4,3.0,3.0,6.4,18.7,24.54,78,27,Ngawi,-7.4008,111.4492
2020-10-02,38.2,26.1,30.5,1.5,1.5,6.51,20.9,24.66,80,29,Ngawi,-7.4008,111.4492
2020-10-03,36.7,25.6,29.6,0.0,0.0,7.13,30.3,23.49,79,27,Ngawi,-7.4008,111.4492
2020-10-04,33.7,25.6,28.5,0.0,0.0,7.09,36.2,22.72,78,41,Ngawi,-7.4008,111.4492
2020-10-05,33.2,25.5,28.3,0.1,0.1,6.72,32.4,20.68,73,42,Ngawi,-7.4008,111.4492
2020-10-06,34.2,25.3,28.5,0.0,0.0,7.02,32.6,21.92,74,40,Ngawi,-7.4008,111.4492
2020-10-07,35.1,25.1,28.9,0.0,0.0,6.63,27.1,20.49,72,39,Ngawi,-7.4008,111.4492
2020-10-08,34.5,25.0,28.7,0.9,0.9,6.58,25.9,20.82,75,41,Ngawi,-7.4008,111.4492
2020-10-09,35.7,25.0,29.2,3.1,3.1,5.92,20.2,22.34,86,34,Ngawi,-7.4008,111.4492
2020-10-10,33.2,25.0,27.6,8.7,8.7,4.23,17.3,17.1,90,49,Ngawi,-7.4008,111.4492
2020-10-11,35.6,24.3,28.9,3.2,3.2,6.09,19.5,24.49,91,37,Ngawi,-7.4008,111.4492
2020-10-12,34.2,25.2,28.5,2.5,2.5,5.08,23.6,17.99,85,43,Ngawi,-7.4008,111.4492
2020-10-13,35.2,25.5,29.2,0.1,0.1,6.65,19.1,23.9,76,37,Ngawi,-7.4008,111.4492
2020-10-14,36.1,24.8,29.5,0.3,0.3,6.43,23.9,22.68,82,37,Ngawi,-7.4008,111.4492
2020-10-15,35.3,25.6,29.8,1.3,1.3,6.51,19.5,23.03,74,36,Ngawi,-7.4008,111.4492
2020-10-16,34.5,26.4,29.2,0.4,0.4,5.59,28.9,16.3,72,41,Ngawi,-7.4008,111.4492
2020-10-17,35.3,25.4,29.4,0.1,0.1,6.07,19.6,20.91,75,37,Ngawi,-7.4008,111.4492
2020-10-18,30.0,25.2,27.3,1.4,1.4,2.91,21.5,9.05,79,52,Ngawi,-7.4008,111.4492
2020-10-19,31.9,24.9,26.8,11.3,11.3,2.89,13.8,11.2,92,54,Ngawi,-7.4008,111.4492
2020-10-20,32.9,23.9,27.0,15.8,15.8,4.3,14.8,19.79,96,49,Ngawi,-7.4008,111.4492
2020-10-21,30.6,24.0,26.4,13.0,13.0,3.25,9.4,15.49,98,65,Ngawi,-7.4008,111.4492
2020-10-22,32.3,24.1,26.8,36.0,36.0,4.16,8.4,19.76,99,57,Ngawi,-7.4008,111.4492
2020-10-23,31.7,23.7,26.7,55.4,55.4,4.48,9.9,21.6,98,59,Ngawi,-7.4008,111.4492
2020-10-24,32.0,24.0,27.2,9.7,9.7,4.69,10.8,22.55,95,60,Ngawi,-7.4008,111.4492
2020-10-25,31.9,24.0,26.8,32.1,32.1,4.26,12.5,20.87,96,63,Ngawi,-7.4008,111.4492
2020-10-26,32.3,24.1,26.5,20.7,20.7,3.99,10.2,19.23,97,63,Ngawi,-7.4008,111.4492
2020-10-27,29.2,23.8,25.9,12.5,12.5,3.06,13.1,14.81,97,71,Ngawi,-7.4008,111.4492
2020-10-28,32.3,23.1,26.9,5.8,5.8,5.02,14.4,23.64,96,57,Ngawi,-7.4008,111.4492
2020-10-29,32.3,23.2,27.7,0.0,0.0,5.06,11.0,23.35,96,54,Ngawi,-7.4008,111.4492
2020-10-30,31.5,24.6,26.8,16.0,16.0,3.74,17.2,17.62,94,65,Ngawi,-7.4008,111.4492
2020-10-31,30.9,23.8,25.9,42.4,42.4,3.13,13.7,14.81,96,67,Ngawi,-7.4008,111.4492
2020-11-01,29.6,22.6,25.6,29.7,29.7,3.24,10.8,15.93,98,73,Ngawi,-7.4008,111.4492
2020-11-02,30.8,24.1,26.4,39.7,39.7,3.33,11.5,15.93,97,67,Ngawi,-7.4008,111.4492
2020-11-03,30.5,23.6,25.9,37.4,37.4,3.3,8.4,16.12,98,72,Ngawi,-7.4008,111.4492
2020-11-04,32.5,22.6,26.8,2.8,2.8,4.89,12.7,23.25,98,61,Ngawi,-7.4008,111.4492
2020-11-05,31.5,23.6,26.6,13.7,13.7,4.19,14.0,20.17,99,64,Ngawi,-7.4008,111.4492
2020-11-06,33.0,23.5,27.7,0.0,0.0,5.11,11.6,23.77,94,50,Ngawi,-7.4008,111.4492
2020-11-07,33.0,25.0,28.4,0.2,0.2,5.51,15.5,25.39,91,49,Ngawi,-7.4008,111.4492
2020-11-08,32.2,23.4,27.8,0.3,0.3,4.91,9.7,23.26,96,56,Ngawi,-7.4008,111.4492
2020-11-09,32.7,24.0,28.1,0.0,0.0,5.58,21.0,23.85,91,52,Ngawi,-7.4008,111.4492
2020-11-10,32.5,24.6,28.3,0.5,0.5,5.87,20.9,24.1,84,54,Ngawi,-7.4008,111.4492
2020-11-11,32.5,25.6,28.1,4.5,4.5,5.46,17.3,23.86,84,58,Ngawi,-7.4008,111.4492
2020-11-12,32.4,24.5,28.4,1.3,1.3,4.68,13.8,21.46,93,57,Ngawi,-7.4008,111.4492
2020-11-13,32.6,24.6,27.8,23.1,23.1,4.62,14.5,21.4,94,58,Ngawi,-7.4008,111.4492
2020-11-14,33.1,23.6,28.2,1.7,1.7,5.05,12.8,23.24,94,55,Ngawi,-7.4008,111.4492
2020-11-15,32.1,24.5,27.4,3.2,3.2,4.26,10.0,20.01,92,59,Ngawi,-7.4008,111.4492
2020-11-16,33.3,24.5,28.5,1.1,1.1,5.61,22.0,23.75,91,53,Ngawi,-7.4008,111.4492
2020-11-17,33.6,26.0,28.9,1.0,1.0,5.64,21.0,22.61,80,53,Ngawi,-7.4008,111.4492
2020-11-18,33.5,24.4,28.8,0.6,0.6,5.58,18.0,23.9,88,48,Ngawi,-7.4008,111.4492
2020-11-19,33.8,24.2,27.3,26.9,26.9,4.26,9.8,19.62,96,52,Ngawi,-7.4008,111.4492
2020-11-20,30.9,23.9,26.6,7.0,7.0,3.65,9.4,17.55,99,68,Ngawi,-7.4008,111.4492
2020-11-21,32.3,24.2,27.2,4.7,4.7,4.03,9.7,18.89,98,57,Ngawi,-7.4008,111.4492
2020-11-22,31.8,24.0,26.1,28.0,28.0,3.52,11.2,17.1,99,64,Ngawi,-7.4008,111.4492
2020-11-23,30.3,23.6,26.2,10.0,10.0,3.14,8.4,15.08,99,72,Ngawi,-7.4008,111.4492
2020-11-24,30.1,23.6,26.7,5.2,5.2,3.48,21.3,15.27,99,66,Ngawi,-7.4008,111.4492
2020-11-25,31.2,23.6,26.7,7.2,7.2,3.76,12.2,17.47,92,62,Ngawi,-7.4008,111.4492
2020-11-26,31.1,23.7,27.3,0.9,0.9,4.31,11.9,19.28,92,60,Ngawi,-7.4008,111.4492
2020-11-27,29.6,23.6,26.7,1.0,1.0,3.27,14.5,13.98,92,62,Ngawi,-7.4008,111.4492
2020-11-28,30.8,23.5,26.2,13.4,13.4,3.52,8.6,16.85,98,68,Ngawi,-7.4008,111.4492
2020-11-29,28.9,23.8,25.8,27.4,27.4,2.22,8.5,10.36,98,76,Ngawi,-7.4008,111.4492
2020-11-30,25.7,22.6,24.2,7.6,7.6,1.29,11.7,5.6,97,81,Ngawi,-7.4008,111.4492
2020-12-01,31.8,22.8,26.9,1.0,1.0,4.87,11.2,23.14,94,52,Ngawi,-7.4008,111.4492
2020-12-02,30.4,24.3,26.1,14.9,14.9,3.19,9.7,15.19,97,68,Ngawi,-7.4008,111.4492
2020-12-03,29.4,23.1,26.0,12.3,12.3,3.15,16.2,15.21,99,75,Ngawi,-7.4008,111.4492
2020-12-04,29.3,23.4,25.7,5.4,5.4,3.08,12.1,14.85,97,71,Ngawi,-7.4008,111.4492
2020-12-05,29.6,24.0,25.8,28.0,28.0,2.66,17.2,12.44,98,71,Ngawi,-7.4008,111.4492
2020-12-06,27.9,24.1,25.2,16.0,16.0,1.98,18.7,10.49,96,85,Ngawi,-7.4008,111.4492
2020-12-07,25.8,23.8,24.6,52.0,52.0,1.14,18.2,5.28,97,90,Ngawi,-7.4008,111.4492
2020-12-08,30.7,24.0,26.9,4.6,4.6,4.73,29.7,22.77,95,65,Ngawi,-7.4008,111.4492
2020-12-09,29.2,24.1,26.3,8.5,8.5,3.63,27.1,17.11,95,71,Ngawi,-7.4008,111.4492
2020-12-10,29.9,23.3,26.4,2.6,2.6,3.44,20.0,15.97,97,68,Ngawi,-7.4008,111.4492
2020-12-11,29.8,23.5,25.8,12.6,12.6,2.56,18.2,12.26,96,73,Ngawi,-7.4008,111.4492
2020-12-12,30.0,22.9,25.2,21.2,21.2,2.7,17.4,13.32,99,73,Ngawi,-7.4008,111.4492
2020-12-13,28.4,23.1,25.2,35.2,35.2,2.58,19.9,12.85,98,75,Ngawi,-7.4008,111.4492
2020-12-14,27.8,23.2,25.0,8.9,8.9,2.36,9.4,11.35,99,78,Ngawi,-7.4008,111.4492
2020-12-15,28.1,22.5,24.9,11.5,11.5,2.64,11.2,12.97,98,78,Ngawi,-7.4008,111.4492
2020-12-16,28.4,22.0,24.9,8.8,8.8,3.23,9.7,15.99,96,71,Ngawi,-7.4008,111.4492
2020-12-17,29.5,22.8,25.4,9.3,9.3,3.11,9.7,15.09,99,72,Ngawi,-7.4008,111.4492
2020-12-18,28.6,22.1,25.0,15.9,15.9,3.02,10.5,14.71,98,72,Ngawi,-7.4008,111.4492
2020-12-19,29.8,22.0,25.3,0.8,0.8,3.6,7.9,17.6,99,67,Ngawi,-7.4008,111.4492
2020-12-20,29.4,22.0,25.7,0.0,0.0,3.58,8.6,17.22,96,63,Ngawi,-7.4008,111.4492
2020-12-21,30.6,21.9,26.1,0.1,0.1,4.04,8.3,19.54,92,64,Ngawi,-7.4008,111.4492
2020-12-22,30.2,23.7,26.8,0.1,0.1,4.08,14.8,19.09,92,66,Ngawi,-7.4008,111.4492
2020-12-23,31.1,23.9,27.1,1.4,1.4,4.57,18.0,20.83,91,65,Ngawi,-7.4008,111.4492
2020-12-24,31.2,23.0,27.0,0.8,0.8,4.92,10.2,23.63,93,63,Ngawi,-7.4008,111.4492
2020-12-25,31.0,23.4,26.6,10.1,10.1,4.24,7.8,20.53,96,62,Ngawi,-7.4008,111.4492
2020-12-26,29.9,23.1,26.2,22.4,22.4,3.98,8.1,19.65,99,69,Ngawi,-7.4008,111.4492
2020-12-27,29.9,23.9,26.4,12.2,12.2,3.69,9.5,17.97,98,70,Ngawi,-7.4008,111.4492
2020-12-28,30.0,23.1,25.6,13.3,13.3,3.19,16.0,15.23,98,70,Ngawi,-7.4008,111.4492
2020-12-29,30.1,23.1,25.3,51.6,51.6,2.87,11.9,13.85,98,69,Ngawi,-7.4008,111.4492
2020-12-30,27.6,22.8,25.1,32.2,32.2,2.21,9.7,10.53,99,79,Ngawi,-7.4008,111.4492
2020-12-31,29.0,22.7,25.2,30.3,30.3,2.83,13.2,13.69,98,75,Ngawi,-7.4008,111.4492
2021-01-01,29.0,23.5,25.6,12.4,12.4,3.13,8.1,15.37,98,74,Ngawi,-7.4008,111.4492
2021-01-02,30.3,23.0,25.8,2.9,2.9,3.45,12.3,16.48,98,68,Ngawi,-7.4008,111.4492
2021-01-03,29.6,22.5,25.8,3.6,3.6,3.29,7.6,15.73,96,66,Ngawi,-7.4008,111.4492
2021-01-04,29.4,23.0,25.6,9.7,9.7,3.11,8.7,15.14,94,75,Ngawi,-7.4008,111.4492
2021-01-05,29.4,23.0,25.5,17.4,17.4,2.88,14.0,14.19,98,75,Ngawi,-7.4008,111.4492
2021-01-06,30.1,23.7,25.8,25.2,25.2,3.13,16.5,15.66,99,71,Ngawi,-7.4008,111.4492
2021-01-07,28.0,23.1,25.5,16.9,16.9,2.29,11.5,11.05,99,76,Ngawi,-7.4008,111.4492
2021-01-08,29.9,23.7,26.2,3.0,3.0,2.97,10.6,13.96,98,66,Ngawi,-7.4008,111.4492
2021-01-09,29.5,23.2,26.0,9.3,9.3,3.05,13.4,15.05,98,75,Ngawi,-7.4008,111.4492
2021-01-10,27.9,23.0,25.0,62.1,62.1,2.07,9.5,9.93,97,78,Ngawi,-7.4008,111.4492
2021-01-11,29.8,23.1,25.7,14.9,14.9,3.23,11.9,15.84,99,72,Ngawi,-7.4008,111.4492
2021-01-12,29.1,23.4,25.8,21.0,21.0,3.11,12.1,15.2,99,76,Ngawi,-7.4008,111.4492
2021-01-13,29.6,22.9,25.9,9.2,9.2,3.11,6.8,15.06,99,69,Ngawi,-7.4008,111.4492
2021-01-14,29.4,23.4,25.8,1.6,1.6,3.27,7.4,16.06,97,73,Ngawi,-7.4008,111.4492
2021-01-15,29.2,22.0,25.5,1.3,1.3,3.17,4.7,15.42,97,69,Ngawi,-7.4008,111.4492
2021-01-16,28.0,22.7,25.2,2.7,2.7,2.36,8.0,11.43,97,76,Ngawi,-7.4008,111.4492
2021-01-17,30.4,22.8,25.5,22.3,22.3,3.5,15.0,16.93,97,64,Ngawi,-7.4008,111.4492
2021-01-18,27.1,23.5,24.8,19.0,19.0,1.73,20.3,8.22,96,84,Ngawi,-7.4008,111.4492
2021-01-19,27.3,23.3,24.8,7.3,7.3,2.5,22.4,12.63,96,77,Ngawi,-7.4008,111.4492
2021-01-20,29.3,23.5,25.7,6.9,6.9,3.0,16.0,14.59,96,71,Ngawi,-7.4008,111.4492
2021-01-21,30.0,23.5,26.0,10.6,10.6,3.49,13.4,16.98,97,70,Ngawi,-7.4008,111.4492
2021-01-22,29.5,22.8,25.6,13.4,13.4,3.18,10.2,15.56,99,69,Ngawi,-7.4008,111.4492
2021-01-23,29.6,23.2,25.8,6.2,6.2,3.07,10.6,14.85,98,71,Ngawi,-7.4008,111.4492
2021-01-24,29.5,23.8,25.5,23.6,23.6,2.55,12.9,12.29,98,72,Ngawi,-7.4008,111.4492
2021-01-25,27.5,23.3,25.0,5.3,5.3,2.08,6.2,9.96,98,77,Ngawi,-7.4008,111.4492
2021-01-26,30.0,22.6,25.5,8.2,8.2,3.44,12.7,17.04,95,69,Ngawi,-7.4008,111.4492
2021-01-27,28.0,22.5,24.8,10.1,10.1,2.21,13.7,10.26,99,75,Ngawi,-7.4008,111.4492
2021-01-28,29.5,21.8,24.7,11.8,11.8,3.18,19.4,16.15,98,69,Ngawi,-7.4008,111.4492
2021-01-29,27.2,23.4,25.0,7.4,7.4,2.51,26.6,11.98,95,77,Ngawi,-7.4008,111.4492
2021-01-30,26.4,23.2,24.6,4.4,4.4,2.06,23.8,10.41,96,84,Ngawi,-7.4008,111.4492
2021-01-31,29.0,22.5,25.0,12.7,12.7,3.15,21.5,16.04,98,73,Ngawi,-7.4008,111.4492
2021-02-01,30.5,22.6,25.6,24.5,24.5,3.69,17.9,17.74,98,63,Ngawi,-7.4008,111.4492
2021-02-02,29.1,23.8,25.7,7.3,7.3,3.0,26.8,15.22,95,77,Ngawi,-7.4008,111.4492
2021-02-03,29.0,23.8,25.4,8.8,8.8,2.84,28.0,13.95,96,71,Ngawi,-7.4008,111.4492
2021-02-04,28.6,23.5,25.4,6.3,6.3,3.13,23.6,15.63,95,72,Ngawi,-7.4008,111.4492
2021-02-05,28.8,23.8,25.4,8.1,8.1,2.9,27.1,14.36,95,72,Ngawi,-7.4008,111.4492
2021-02-06,27.5,24.1,25.5,14.9,14.9,2.66,20.5,12.91,92,79,Ngawi,-7.4008,111.4492
2021-02-07,28.5,23.9,25.9,7.4,7.4,3.44,21.0,17.12,95,74,Ngawi,-7.4008,111.4492
2021-02-08,26.9,24.3,25.3,4.6,4.6,2.05,21.6,9.73,94,83,Ngawi,-7.4008,111.4492
2021-02-09,28.5,24.0,25.4,13.2,13.2,2.3,21.0,11.64,96,84,Ngawi,-7.4008,111.4492
2021-02-10,29.4,23.0,25.0,28.9,28.9,2.14,11.4,10.08,99,74,Ngawi,-7.4008,111.4492
2021-02-11,29.5,23.2,26.0,3.6,3.6,3.22,10.3,15.75,99,74,Ngawi,-7.4008,111.4492
2021-02-12,29.9,23.7,25.9,20.8,20.8,3.42,15.9,17.17,98,73,Ngawi,-7.4008,111.4492
2021-02-13,29.1,23.0,25.6,16.1,16.1,2.9,15.0,14.37,97,75,Ngawi,-7.4008,111.4492
2021-02-14,29.1,23.0,25.2,21.5,21.5,2.68,15.5,13.14,98,73,Ngawi,-7.4008,111.4492
2021-02-15,27.8,22.8,25.2,6.1,6.1,3.01,17.1,15.58,97,80,Ngawi,-7.4008,111.4492
2021-02-16,29.5,23.4,25.7,13.5,13.5,3.55,15.8,17.95,97,75,Ngawi,-7.4008,111.4492
2021-02-17,28.8,23.1,25.0,33.0,33.0,2.29,15.8,11.1,99,76,Ngawi,-7.4008,111.4492
2021-02-18,30.9,22.0,25.4,6.4,6.4,4.21,21.1,21.24,95,64,Ngawi,-7.4008,111.4492
2021-02-19,26.1,23.0,24.3,28.4,28.4,1.67,18.9,8.69,96,86,Ngawi,-7.4008,111.4492
2021-02-20,28.4,23.0,25.3,6.7,6.7,3.47,20.5,17.5,97,73,Ngawi,-7.4008,111.4492
2021-02-21,30.5,22.5,25.5,16.6,16.6,3.26,15.4,15.74,97,69,Ngawi,-7.4008,111.4492
2021-02-22,29.5,22.5,25.4,12.8,12.8,3.07,13.5,15.23,99,71,Ngawi,-7.4008,111.4492
2021-02-23,29.9,22.8,25.8,5.2,5.2,3.98,14.1,19.7,100,66,Ngawi,-7.4008,111.4492
2021-02-24,28.0,23.5,25.2,29.2,29.2,2.34,24.6,11.14,96,76,Ngawi,-7.4008,111.4492
2021-02-25,28.0,23.5,25.2,17.2,17.2,2.76,19.8,14.08,96,79,Ngawi,-7.4008,111.4492
2021-02-26,27.9,23.5,25.2,16.4,16.4,2.54,20.0,13.5,98,81,Ngawi,-7.4008,111.4492
2021-02-27,30.8,23.0,25.5,15.4,15.4,3.03,11.5,14.73,98,68,Ngawi,-7.4008,111.4492
2021-02-28,27.2,23.2,25.3,1.0,1.0,1.85,11.3,8.49,98,79,Ngawi,-7.4008,111.4492
2021-03-01,30.7,23.6,26.3,12.7,12.7,4.12,7.4,19.82,96,62,Ngawi,-7.4008,111.4492
2021-03-02,30.1,23.4,26.0,10.6,10.6,3.34,18.1,16.61,99,72,Ngawi,-7.4008,111.4492
2021-03-03,30.5,23.4,26.2,5.3,5.3,3.97,13.0,19.52,99,70,Ngawi,-7.4008,111.4492
2021-03-04,30.2,22.9,25.6,21.1,21.1,3.36,9.8,16.4,98,67,Ngawi,-7.4008,111.4492
2021-03-05,30.0,22.9,25.9,7.8,7.8,3.62,9.4,17.35,98,63,Ngawi,-7.4008,111.4492
2021-03-06,29.0,22.9,25.6,8.7,8.7,3.04,10.6,15.05,99,76,Ngawi,-7.4008,111.4492
2021-03-07,30.3,23.1,25.3,9.8,9.8,2.82,12.7,13.48,95,66,Ngawi,-7.4008,111.4492
2021-03-08,29.5,22.5,25.9,8.5,8.5,3.47,12.4,16.89,98,68,Ngawi,-7.4008,111.4492
2021-03-09,29.0,22.8,25.7,2.5,2.5,2.89,13.1,13.76,99,70,Ngawi,-7.4008,111.4492
2021-03-10,29.2,23.2,25.5,9.9,9.9,3.19,17.0,16.13,97,76,Ngawi,-7.4008,111.4492
2021-03-11,30.0,23.2,25.5,14.5,14.5,3.1,14.2,15.35,97,71,Ngawi,-7.4008,111.4492
2021-03-12,29.2,22.5,25.4,10.1,10.1,3.2,8.2,15.86,97,70,Ngawi,-7.4008,111.4492
2021-03-13,30.5,22.5,25.5,1.3,1.3,3.74,12.0,18.27,98,62,Ngawi,-7.4008,111.4492
2021-03-14,30.7,21.9,25.4,9.4,9.4,3.75,10.4,18.32,99,66,Ngawi,-7.4008,111.4492
2021-03-15,30.1,23.7,26.1,7.1,7.1,3.72,8.6,18.33,100,72,Ngawi,-7.4008,111.4492
2021-03-16,29.8,23.4,26.2,6.5,6.5,3.69,9.0,18.15,98,74,Ngawi,-7.4008,111.4492
2021-03-17,31.7,23.0,26.4,3.6,3.6,4.71,10.2,23.16,96,63,Ngawi,-7.4008,111.4492
2021-03-18,31.1,23.5,26.2,9.8,9.8,4.27,8.9,20.84,98,68,Ngawi,-7.4008,111.4492
2021-03-19,31.6,23.0,26.6,8.1,8.1,4.51,16.6,22.26,98,65,Ngawi,-7.4008,111.4492
2021-03-20,30.3,23.0,26.0,4.7,4.7,3.54,14.2,17.2,98,65,Ngawi,-7.4008,111.4492
2021-03-21,31.1,22.6,26.2,5.2,5.2,4.33,14.5,21.32,96,64,Ngawi,-7.4008,111.4492
2021-03-22,30.5,23.4,26.2,8.1,8.1,3.7,9.7,17.98,96,67,Ngawi,-7.4008,111.4492
2021-03-23,31.0,23.4,26.3,5.1,5.1,3.82,13.3,18.39,98,64,Ngawi,-7.4008,111.4492
2021-03-24,31.2,23.9,26.7,9.2,9.2,4.31,12.6,20.89,96,65,Ngawi,-7.4008,111.4492
2021-03-25,31.0,23.9,26.6,4.7,4.7,4.03,8.2,19.52,98,68,Ngawi,-7.4008,111.4492
2021-03-26,31.0,24.1,26.8,10.1,10.1,4.32,9.0,20.98,99,71,Ngawi,-7.4008,111.4492
2021-03-27,29.9,24.4,26.2,16.2,16.2,2.96,9.9,14.42,99,76,Ngawi,-7.4008,111.4492
2021-03-28,30.6,23.2,26.5,7.1,7.1,4.24,12.3,20.99,99,71,Ngawi,-7.4008,111.4492
2021-03-29,31.2,23.0,26.7,3.8,3.8,4.15,8.0,20.04,98,68,Ngawi,-7.4008,111.4492
2021-03-30,29.8,24.4,26.2,11.7,11.7,3.19,8.4,15.57,98,70,Ngawi,-7.4008,111.4492
2021-03-31,31.0,23.1,26.6,14.6,14.6,4.18,8.3,20.56,99,70,Ngawi,-7.4008,111.4492
2021-04-01,30.7,23.5,26.2,17.8,17.8,3.53,17.4,17.36,99,70,Ngawi,-7.4008,111.4492
2021-04-02,30.5,23.6,26.4,10.1,10.1,3.11,8.4,14.8,97,67,Ngawi,-7.4008,111.4492
2021-04-03,31.6,23.4,27.2,0.3,0.3,4.9,15.3,23.41,99,64,Ngawi,-7.4008,111.4492
2021-04-04,31.3,24.4,27.1,12.5,12.5,3.68,11.2,17.7,95,69,Ngawi,-7.4008,111.4492
2021-04-05,30.6,23.8,26.9,9.2,9.2,3.41,9.9,16.37,97,70,Ngawi,-7.4008,111.4492
2021-04-06,30.0,24.1,26.3,14.8,14.8,2.52,14.5,12.33,97,75,Ngawi,-7.4008,111.4492
2021-04-07,29.9,23.9,26.0,13.0,13.0,2.94,13.1,14.05,97,74,Ngawi,-7.4008,111.4492
2021-04-08,30.9,23.2,26.6,1.7,1.7,4.05,22.3,18.96,96,63,Ngawi,-7.4008,111.4492
2021-04-09,31.5,24.4,27.3,4.2,4.2,4.12,17.4,19.93,95,69,Ngawi,-7.4008,111.4492
2021-04-10,31.0,24.5,26.6,10.3,10.3,3.59,7.3,17.53,96,67,Ngawi,-7.4008,111.4492
2021-04-11,31.2,23.4,26.6,10.3,10.3,4.14,9.8,20.12,99,64,Ngawi,-7.4008,111.4492
2021-04-12,30.2,23.1,26.4,1.8,1.8,4.1,11.8,20.51,98,67,Ngawi,-7.4008,111.4492
2021-04-13,30.5,23.6,26.3,3.4,3.4,4.01,8.4,19.87,100,65,Ngawi,-7.4008,111.4492
2021-04-14,30.4,23.2,26.0,6.4,6.4,3.54,7.2,17.61,99,69,Ngawi,-7.4008,111.4492
2021-04-15,31.0,24.1,26.0,11.4,11.4,4.14,10.5,20.44,96,68,Ngawi,-7.4008,111.4492
2021-04-16,31.2,23.0,27.1,0.6,0.6,5.0,17.8,23.05,97,68,Ngawi,-7.4008,111.4492
2021-04-17,30.9,23.5,27.1,0.9,0.9,4.36,9.5,21.1,93,60,Ngawi,-7.4008,111.4492
2021-04-18,30.5,23.2,26.4,7.6,7.6,4.19,9.7,20.61,98,71,Ngawi,-7.4008,111.4492
2021-04-19,31.5,23.2,27.1,0.1,0.1,4.83,13.0,22.6,94,57,Ngawi,-7.4008,111.4492
2021-04-20,31.7,22.6,26.9,0.0,0.0,5.4,17.7,24.04,98,48,Ngawi,-7.4008,111.4492
2021-04-21,31.5,20.9,26.6,0.0,0.0,5.48,19.7,24.16,90,51,Ngawi,-7.4008,111.4492
2021-04-22,31.5,21.6,26.9,0.0,0.0,5.41,16.2,23.78,92,51,Ngawi,-7.4008,111.4492
2021-04-23,30.6,22.0,26.7,0.5,0.5,4.58,11.0,21.25,91,56,Ngawi,-7.4008,111.4492
2021-04-24,31.0,22.1,26.8,0.1,0.1,4.72,7.9,23.0,96,55,Ngawi,-7.4008,111.4492
2021-04-25,31.2,24.0,26.9,4.0,4.0,4.16,9.3,20.07,94,59,Ngawi,-7.4008,111.4492
2021-04-26,32.3,23.1,27.5,0.1,0.1,5.09,14.1,23.49,96,50,Ngawi,-7.4008,111.4492
2021-04-27,32.0,24.1,27.8,0.0,0.0,5.22,17.4,22.46,86,53,Ngawi,-7.4008,111.4492
2021-04-28,30.8,24.9,27.3,0.9,0.9,3.8,9.7,17.32,89,56,Ngawi,-7.4008,111.4492
2021-04-29,31.1,24.0,26.7,5.7,5.7,3.91,10.6,18.98,92,63,Ngawi,-7.4008,111.4492
2021-04-30,31.5,23.8,26.7,10.8,10.8,3.94,9.2,19.16,95,62,Ngawi,-7.4008,111.4492
2021-05-01,32.0,23.3,26.9,3.6,3.6,4.05,9.3,19.8,98,64,Ngawi,-7.4008,111.4492
2021-05-02,32.2,23.4,27.0,4.6,4.6,4.42,11.2,21.63,97,62,Ngawi,-7.4008,111.4492
2021-05-03,31.8,23.5,27.4,0.6,0.6,4.33,12.5,20.37,98,57,Ngawi,-7.4008,111.4492
2021-05-04,32.0,23.9,27.1,32.3,32.3,4.13,11.9,19.68,97,61,Ngawi,-7.4008,111.4492
2021-05-05,32.1,23.5,27.4,1.8,1.8,4.47,11.2,21.36,100,57,Ngawi,-7.4008,111.4492
2021-05-06,31.8,24.5,27.8,1.6,1.6,4.06,7.3,19.35,95,59,Ngawi,-7.4008,111.4492
2021-05-07,31.1,24.4,27.0,1.8,1.8,3.42,9.5,16.36,97,63,Ngawi,-7.4008,111.4492
2021-05-08,31.9,24.5,27.4,0.0,0.0,4.5,19.1,18.99,96,51,Ngawi,-7.4008,111.4492
2021-05-09,31.4,21.5,26.6,0.0,0.0,5.05,13.1,23.29,88,43,Ngawi,-7.4008,111.4492
2021-05-10,32.7,24.4,27.9,0.0,0.0,4.97,17.2,21.43,86,50,Ngawi,-7.4008,111.4492
2021-05-11,33.2,24.2,28.5,0.0,0.0,5.22,19.1,22.16,89,49,Ngawi,-7.4008,111.4492
2021-05-12,34.0,24.5,28.6,0.0,0.0,5.59,23.7,21.93,87,43,Ngawi,-7.4008,111.4492
2021-05-13,33.3,24.1,28.7,1.0,1.0,5.04,13.8,21.13,86,46,Ngawi,-7.4008,111.4492
2021-05-14,34.0,25.3,28.8,0.4,0.4,5.21,20.9,20.45,83,42,Ngawi,-7.4008,111.4492
2021-05-15,33.5,25.5,28.9,0.4,0.4,5.24,19.5,20.47,80,46,Ngawi,-7.4008,111.4492
2021-05-16,33.5,25.1,28.8,0.2,0.2,5.47,21.6,20.66,81,45,Ngawi,-7.4008,111.4492
2021-05-17,33.1,24.8,28.7,0.2,0.2,5.0,18.7,20.3,81,46,Ngawi,-7.4008,111.4492
2021-05-18,33.7,25.6,28.9,1.6,1.6,4.98,17.7,19.54,78,45,Ngawi,-7.4008,111.4492
2021-05-19,32.5,25.5,27.8,3.0,3.0,3.87,13.1,16.38,91,50,Ngawi,-7.4008,111.4492
2021-05-20,32.2,24.5,27.4,5.3,5.3,4.02,13.0,18.05,92,54,Ngawi,-7.4008,111.4492
2021-05-21,33.0,24.3,28.4,0.3,0.3,4.79,13.4,19.74,83,47,Ngawi,-7.4008,111.4492
2021-05-22,33.2,24.3,28.4,0.8,0.8,4.54,9.0,20.22,89,47,Ngawi,-7.4008,111.4492
2021-05-23,32.9,24.0,27.4,6.3,6.3,3.74,14.9,17.43,94,53,Ngawi,-7.4008,111.4492
2021-05-24,33.0,24.4,27.5,15.2,15.2,4.1,14.3,19.07,96,56,Ngawi,-7.4008,111.4492
2021-05-25,30.9,24.4,26.9,7.8,7.8,2.61,8.7,11.96,98,61,Ngawi,-7.4008,111.4492
2021-05-26,32.4,23.9,27.4,3.0,3.0,4.01,12.5,18.76,96,54,Ngawi,-7.4008,111.4492
2021-05-27,33.8,23.6,28.3,0.3,0.3,4.41,10.1,19.81,97,44,Ngawi,-7.4008,111.4492
2021-05-28,33.0,24.7,27.0,17.9,17.9,3.36,11.2,15.88,94,55,Ngawi,-7.4008,111.4492
2021-05-29,31.3,23.8,26.7,9.6,9.6,3.41,9.8,16.34,97,65,Ngawi,-7.4008,111.4492
2021-05-30,31.0,23.5,26.8,1.3,1.3,3.57,9.9,17.41,98,68,Ngawi,-7.4008,111.4492
2021-05-31,31.0,24.5,26.9,3.7,3.7,3.39,13.8,16.22,97,64,Ngawi,-7.4008,111.4492
2021-06-01,31.6,23.9,27.2,1.5,1.5,3.97,12.1,19.18,97,60,Ngawi,-7.4008,111.4492
2021-06-02,32.1,24.1,27.8,1.3,1.3,3.81,10.7,17.79,94,57,Ngawi,-7.4008,111.4492
2021-06-03,33.4,24.2,28.4,0.0,0.0,4.53,8.0,21.05,96,48,Ngawi,-7.4008,111.4492
2021-06-04,32.7,23.5,28.1,0.9,0.9,4.18,9.5,19.39,94,54,Ngawi,-7.4008,111.4492
2021-06-05,32.7,23.3,27.9,0.7,0.7,4.07,9.1,18.78,95,52,Ngawi,-7.4008,111.4492
2021-06-06,32.6,23.3,27.7,4.3,4.3,3.98,6.6,18.69,97,54,Ngawi,-7.4008,111.4492
2021-06-07,33.0,24.1,28.3,0.9,0.9,4.61,14.9,19.89,94,48,Ngawi,-7.4008,111.4492
2021-06-08,33.7,23.8,28.4,0.7,0.7,4.63,13.0,20.44,87,42,Ngawi,-7.4008,111.4492
2021-06-09,33.2,24.0,28.2,1.9,1.9,4.08,8.9,18.34,99,48,Ngawi,-7.4008,111.4492
2021-06-10,32.6,24.0,28.0,1.5,1.5,3.8,10.6,17.43,97,51,Ngawi,-7.4008,111.4492
2021-06-11,34.1,24.2,27.2,72.0,72.0,3.92,13.4,18.29,98,47,Ngawi,-7.4008,111.4492
2021-06-12,29.8,23.7,26.4,3.1,3.1,3.61,8.3,18.01,98,72,Ngawi,-7.4008,111.4492
2021-06-13,32.1,23.6,27.5,0.3,0.3,4.0,7.9,19.25,94,50,Ngawi,-7.4008,111.4492
2021-06-14,29.9,23.4,26.1,2.4,2.4,2.94,7.4,14.4,97,70,Ngawi,-7.4008,111.4492
2021-06-15,30.5,23.5,25.8,17.4,17.4,3.0,11.1,14.78,98,69,Ngawi,-7.4008,111.4492
2021-06-16,31.3,22.6,25.9,11.0,11.0,3.45,11.8,16.74,99,62,Ngawi,-7.4008,111.4492
2021-06-17,29.5,22.8,25.7,8.6,8.6,2.78,8.5,13.53,97,68,Ngawi,-7.4008,111.4492
2021-06-18,30.9,23.5,26.3,2.7,2.7,3.73,9.4,18.45,99,65,Ngawi,-7.4008,111.4492
2021-06-19,28.8,23.1,25.1,18.7,18.7,2.53,8.4,12.52,98,75,Ngawi,-7.4008,111.4492
2021-06-20,29.9,22.5,25.7,3.7,3.7,3.42,12.8,17.04,98,66,Ngawi,-7.4008,111.4492
2021-06-21,28.8,22.8,25.0,28.3,28.3,2.44,6.9,12.23,98,75,Ngawi,-7.4008,111.4492
2021-06-22,30.6,22.9,26.0,3.2,3.2,3.78,10.6,18.71,97,64,Ngawi,-7.4008,111.4492
2021-06-23,30.0,22.4,25.6,5.4,5.4,2.99,14.4,14.65,98,68,Ngawi,-7.4008,111.4492
2021-06-24,29.5,22.9,25.5,7.6,7.6,2.57,13.7,12.55,99,72,Ngawi,-7.4008,111.4492
2021-06-25,30.4,22.7,26.3,0.9,0.9,3.54,7.9,17.15,99,64,Ngawi,-7.4008,111.4492
2021-06-26,30.6,23.1,26.2,15.3,15.3,3.3,12.4,16.38,94,67,Ngawi,-7.4008,111.4492
2021-06-27,31.5,23.1,27.1,1.7,1.7,3.9,7.9,18.95,97,57,Ngawi,-7.4008,111.4492
2021-06-28,29.4,23.4,25.6,15.7,15.7,2.74,12.6,13.75,99,71,Ngawi,-7.4008,111.4492
2021-06-29,31.0,22.6,26.2,1.9,1.9,3.69,8.1,18.32,98,62,Ngawi,-7.4008,111.4492
2021-06-30,30.5,23.4,26.9,0.1,0.1,3.78,13.7,17.62,97,63,Ngawi,-7.4008,111.4492
2021-07-01,31.1,22.5,26.9,0.0,0.0,4.22,15.5,19.89,96,55,Ngawi,-7.4008,111.4492
2021-07-02,31.5,23.2,26.8,0.0,0.0,4.16,13.4,19.94,90,51,Ngawi,-7.4008,111.4492
2021-07-03,31.0,22.5,26.6,0.0,0.0,4.47,17.4,19.47,93,55,Ngawi,-7.4008,111.4492
2021-07-04,31.4,23.6,27.0,0.0,0.0,4.86,18.1,20.38,82,52,Ngawi,-7.4008,111.4492
2021-07-05,31.7,22.9,26.7,0.0,0.0,5.4,24.6,21.09,88,49,Ngawi,-7.4008,111.4492
2021-07-06,31.1,22.8,26.4,0.0,0.0,5.25,22.5,20.37,79,43,Ngawi,-7.4008,111.4492
2021-07-07,31.5,20.4,26.2,0.0,0.0,4.94,22.7,21.37,89,45,Ngawi,-7.4008,111.4492
2021-07-08,31.7,22.2,27.4,0.0,0.0,4.11,11.6,17.58,88,48,Ngawi,-7.4008,111.4492
2021-07-09,32.2,23.9,27.3,1.0,1.0,4.03,15.0,18.44,91,54,Ngawi,-7.4008,111.4492
2021-07-10,32.5,23.9,27.1,1.8,1.8,3.56,19.1,16.79,98,57,Ngawi,-7.4008,111.4492
2021-07-11,34.1,23.4,27.8,0.0,0.0,4.9,17.4,20.39,96,31,Ngawi,-7.4008,111.4492
2021-07-12,33.6,22.2,27.3,0.0,0.0,4.57,10.5,20.05,89,39,Ngawi,-7.4008,111.4492
2021-07-13,33.4,24.1,27.9,0.0,0.0,5.66,24.6,21.14,85,43,Ngawi,-7.4008,111.4492
2021-07-14,33.5,25.1,28.1,0.0,0.0,5.89,25.4,20.11,78,35,Ngawi,-7.4008,111.4492
2021-07-15,33.5,24.7,27.7,0.0,0.0,6.04,27.3,20.26,78,35,Ngawi,-7.4008,111.4492
2021-07-16,31.4,24.5,27.2,0.0,0.0,4.34,20.3,14.41,73,41,Ngawi,-7.4008,111.4492
2021-07-17,33.3,23.5,27.7,0.2,0.2,5.16,26.3,19.44,79,38,Ngawi,-7.4008,111.4492
2021-07-18,33.6,24.8,28.2,0.0,0.0,5.57,21.6,20.03,77,42,Ngawi,-7.4008,111.4492
2021-07-19,34.0,24.1,28.8,0.2,0.2,4.91,16.3,19.39,81,40,Ngawi,-7.4008,111.4492
2021-07-20,35.0,24.4,29.2,0.2,0.2,5.15,12.3,21.48,80,34,Ngawi,-7.4008,111.4492
2021-07-21,33.5,24.1,28.5,0.0,0.0,5.07,17.5,19.7,86,44,Ngawi,-7.4008,111.4492
2021-07-22,31.2,24.0,27.5,0.0,0.0,2.97,20.5,9.93,75,43,Ngawi,-7.4008,111.4492
2021-07-23,34.0,24.8,28.0,0.7,0.7,5.41,28.7,20.16,82,39,Ngawi,-7.4008,111.4492
2021-07-24,35.5,24.5,28.7,0.0,0.0,6.15,22.0,22.2,77,27,Ngawi,-7.4008,111.4492
2021-07-25,34.4,22.6,27.6,0.0,0.0,6.54,28.0,22.72,82,36,Ngawi,-7.4008,111.4492
2021-07-26,34.5,18.9,27.2,0.0,0.0,5.02,11.7,22.66,92,30,Ngawi,-7.4008,111.4492
2021-07-27,34.5,19.9,27.0,0.0,0.0,5.53,13.8,22.78,87,26,Ngawi,-7.4008,111.4492
2021-07-28,34.2,22.1,27.4,0.0,0.0,5.59,24.0,22.06,91,29,Ngawi,-7.4008,111.4492
2021-07-29,34.5,21.7,27.8,0.0,0.0,5.82,27.3,21.6,89,32,Ngawi,-7.4008,111.4492
2021-07-30,34.3,22.9,27.9,0.3,0.3,5.21,23.5,20.52,84,37,Ngawi,-7.4008,111.4492
2021-07-31,33.2,24.8,28.2,0.7,0.7,5.05,23.0,18.67,80,45,Ngawi,-7.4008,111.4492
2021-08-01,33.0,24.0,27.9,0.5,0.5,5.91,27.9,20.62,80,44,Ngawi,-7.4008,111.4492
2021-08-02,32.8,25.0,27.7,1.3,1.3,5.63,25.9,19.51,75,43,Ngawi,-7.4008,111.4492
2021-08-03,33.2,25.1,28.1,0.7,0.7,5.3,20.7,19.97,78,46,Ngawi,-7.4008,111.4492
2021-08-04,34.3,24.6,28.3,1.1,1.1,5.1,19.4,19.92,83,41,Ngawi,-7.4008,111.4492
2021-08-05,34.2,24.5,28.4,0.1,0.1,5.15,18.9,20.25,84,41,Ngawi,-7.4008,111.4492
2021-08-06,36.2,23.6,29.2,0.0,0.0,5.71,21.4,21.86,86,32,Ngawi,-7.4008,111.4492
2021-08-07,33.7,23.8,28.6,1.6,1.6,4.75,13.8,18.65,88,45,Ngawi,-7.4008,111.4492
2021-08-08,35.0,24.4,28.5,5.2,5.2,4.77,11.2,21.43,94,40,Ngawi,-7.4008,111.4492
2021-08-09,32.5,23.7,27.6,3.2,3.2,4.06,16.0,17.75,97,52,Ngawi,-7.4008,111.4492
2021-08-10,33.5,23.5,27.7,0.3,0.3,5.69,30.0,21.25,89,44,Ngawi,-7.4008,111.4492
2021-08-11,34.0,24.0,27.5,0.0,0.0,6.41,28.4,22.04,77,34,Ngawi,-7.4008,111.4492
2021-08-12,34.1,24.0,27.9,1.3,1.3,5.99,29.7,20.64,77,37,Ngawi,-7.4008,111.4492
2021-08-13,34.2,23.8,28.0,2.5,2.5,5.24,25.9,20.85,85,39,Ngawi,-7.4008,111.4492
2021-08-14,34.3,23.9,28.4,0.5,0.5,5.64,18.1,21.54,83,40,Ngawi,-7.4008,111.4492
2021-08-15,35.5,24.0,29.1,0.2,0.2,5.95,18.5,21.87,80,29,Ngawi,-7.4008,111.4492
2021-08-16,34.5,25.0,28.7,0.0,0.0,5.94,27.0,20.95,77,37,Ngawi,-7.4008,111.4492
2021-08-17,35.7,24.9,29.0,0.0,0.0,6.34,25.7,22.3,74,30,Ngawi,-7.4008,111.4492
2021-08-18,34.7,24.7,28.6,1.2,1.2,5.54,18.4,21.3,77,37,Ngawi,-7.4008,111.4492
2021-08-19,34.0,25.1,28.4,1.1,1.1,6.4,24.4,20.76,76,38,Ngawi,-7.4008,111.4492
2021-08-20,34.0,24.8,28.4,0.9,0.9,5.83,19.1,20.68,74,40,Ngawi,-7.4008,111.4492
2021-08-21,33.8,25.0,28.4,1.0,1.0,5.44,24.0,19.86,76,43,Ngawi,-7.4008,111.4492
2021-08-22,34.3,25.0,28.7,0.5,0.5,5.98,18.2,21.75,76,38,Ngawi,-7.4008,111.4492
2021-08-23,34.5,25.0,28.5,0.0,0.0,6.68,24.9,22.97,75,33,Ngawi,-7.4008,111.4492
2021-08-24,34.2,23.5,27.7,0.0,0.0,6.71,32.6,22.75,82,36,Ngawi,-7.4008,111.4492
2021-08-25,33.9,24.0,27.8,0.3,0.3,6.69,30.5,22.72,81,38,Ngawi,-7.4008,111.4492
2021-08-26,34.4,24.1,28.0,0.0,0.0,7.23,29.5,23.89,74,32,Ngawi,-7.4008,111.4492
2021-08-27,34.5,22.0,27.6,0.0,0.0,7.05,34.7,24.04,80,32,Ngawi,-7.4008,111.4492
2021-08-28,34.5,24.2,28.4,0.4,0.4,5.71,23.0,19.45,75,34,Ngawi,-7.4008,111.4492
2021-08-29,34.8,24.6,28.8,0.0,0.0,6.53,30.9,22.44,78,37,Ngawi,-7.4008,111.4492
2021-08-30,36.1,25.4,28.8,1.9,1.9,6.01,21.3,21.73,75,37,Ngawi,-7.4008,111.4492
2021-08-31,35.9,25.0,29.2,0.1,0.1,6.22,18.1,22.98,74,36,Ngawi,-7.4008,111.4492
2021-09-01,35.5,24.1,28.6,0.3,0.3,7.13,26.0,24.15,82,34,Ngawi,-7.4008,111.4492
2021-09-02,34.2,24.5,28.0,0.0,0.0,7.35,31.0,24.27,74,35,Ngawi,-7.4008,111.4492
2021-09-03,34.0,24.4,27.9,0.0,0.0,7.39,32.7,23.5,76,36,Ngawi,-7.4008,111.4492
2021-09-04,34.2,24.5,28.2,0.0,0.0,7.02,34.1,22.33,73,37,Ngawi,-7.4008,111.4492
2021-09-05,32.0,25.1,27.7,0.1,0.1,4.71,26.0,11.12,72,49,Ngawi,-7.4008,111.4492
2021-09-06,36.1,24.8,29.2,1.4,1.4,5.88,18.5,22.44,75,36,Ngawi,-7.4008,111.4492
2021-09-07,33.9,24.7,28.5,0.6,0.6,6.0,26.2,21.41,84,41,Ngawi,-7.4008,111.4492
2021-09-08,34.8,25.1,28.6,0.0,0.0,6.81,28.6,22.98,76,36,Ngawi,-7.4008,111.4492
2021-09-09,35.1,24.1,28.5,0.0,0.0,7.01,30.1,22.82,75,29,Ngawi,-7.4008,111.4492
2021-09-10,35.8,24.0,29.0,0.2,0.2,6.45,31.0,22.26,78,32,Ngawi,-7.4008,111.4492
2021-09-11,35.7,24.9,28.5,7.4,7.4,5.04,18.5,19.35,92,40,Ngawi,-7.4008,111.4492
2021-09-12,32.2,24.1,26.8,3.9,3.9,3.87,15.5,16.39,91,56,Ngawi,-7.4008,111.4492
2021-09-13,31.9,24.1,27.8,3.9,3.9,3.89,15.5,16.98,88,54,Ngawi,-7.4008,111.4492
2021-09-14,32.6,24.3,27.2,31.9,31.9,4.01,11.6,18.51,95,50,Ngawi,-7.4008,111.4492
2021-09-15,33.1,23.2,26.8,14.1,14.1,4.7,11.6,22.36,99,55,Ngawi,-7.4008,111.4492
2021-09-16,32.2,23.9,27.6,0.9,0.9,5.26,18.4,22.92,93,52,Ngawi,-7.4008,111.4492
2021-09-17,32.7,23.7,27.6,1.2,1.2,5.72,27.5,23.72,85,51,Ngawi,-7.4008,111.4492
2021-09-18,33.8,24.4,28.0,0.3,0.3,6.11,27.0,23.6,81,43,Ngawi,-7.4008,111.4492
2021-09-19,32.2,24.9,27.7,0.7,0.7,6.21,29.4,23.32,80,48,Ngawi,-7.4008,111.4492
2021-09-20,32.7,24.9,27.8,0.0,0.0,6.68,24.9,24.47,75,45,Ngawi,-7.4008,111.4492
2021-09-21,32.0,23.9,27.2,10.3,10.3,4.42,14.6,18.38,79,52,Ngawi,-7.4008,111.4492
2021-09-22,33.9,23.4,27.5,3.3,3.3,5.24,17.7,22.59,90,40,Ngawi,-7.4008,111.4492
2021-09-23,34.5,23.2,27.4,4.0,4.0,4.72,16.0,20.34,90,43,Ngawi,-7.4008,111.4492
2021-09-24,31.0,24.2,26.5,14.1,14.1,3.41,13.8,15.27,91,63,Ngawi,-7.4008,111.4492
2021-09-25,32.3,23.5,27.3,41.1,41.1,4.63,12.0,21.52,93,53,Ngawi,-7.4008,111.4492
2021-09-26,31.2,23.8,26.3,63.2,63.2,3.92,16.0,17.91,95,63,Ngawi,-7.4008,111.4492
2021-09-27,31.6,24.1,27.2,0.1,0.1,5.92,25.0,24.58,83,54,Ngawi,-7.4008,111.4492
2021-09-28,31.7,24.6,27.4,0.0,0.0,6.43,27.4,24.32,77,54,Ngawi,-7.4008,111.4492
2021-09-29,32.5,23.0,27.5,0.1,0.1,6.01,19.4,25.08,81,52,Ngawi,-7.4008,111.4492
2021-09-30,32.5,23.3,27.6,0.0,0.0,5.83,22.6,24.87,88,53,Ngawi,-7.4008,111.4492
2021-10-01,33.0,24.2,28.0,0.3,0.3,5.92,22.7,23.88,85,51,Ngawi,-7.4008,111.4492
2021-10-02,32.5,23.8,27.7,0.0,0.0,5.5,20.5,22.99,80,48,Ngawi,-7.4008,111.4492
2021-10-03,32.9,24.6,27.9,0.3,0.3,6.17,29.5,23.89,79,48,Ngawi,-7.4008,111.4492
2021-10-04,33.1,24.8,27.8,0.4,0.4,6.13,27.4,22.42,77,49,Ngawi,-7.4008,111.4492
2021-10-05,32.7,24.5,27.7,0.5,0.5,6.21,28.8,20.43,72,46,Ngawi,-7.4008,111.4492
2021-10-06,33.7,24.4,27.7,0.0,0.0,7.0,32.0,24.13,75,40,Ngawi,-7.4008,111.4492
2021-10-07,33.5,24.0,27.9,0.9,0.9,6.76,24.9,24.81,74,43,Ngawi,-7.4008,111.4492
2021-10-08,34.0,23.7,28.2,0.2,0.2,6.67,29.3,24.86,80,41,Ngawi,-7.4008,111.4492
2021-10-09,34.2,24.2,28.4,0.2,0.2,6.73,27.2,24.69,81,41,Ngawi,-7.4008,111.4492
2021-10-10,34.7,24.2,28.9,0.0,0.0,6.94,26.6,25.55,80,40,Ngawi,-7.4008,111.4492
2021-10-11,35.5,24.9,28.8,0.0,0.0,7.22,32.9,25.82,79,36,Ngawi,-7.4008,111.4492
2021-10-12,35.3,24.5,28.9,0.0,0.0,7.41,27.0,26.53,76,35,Ngawi,-7.4008,111.4492
2021-10-13,35.2,24.4,29.1,0.0,0.0,7.09,29.2,25.12,72,36,Ngawi,-7.4008,111.4492
2021-10-14,35.7,25.2,29.4,0.2,0.2,6.8,22.7,25.05,74,36,Ngawi,-7.4008,111.4492
2021-10-15,36.1,24.8,29.6,0.3,0.3,6.31,16.7,25.41,74,35,Ngawi,-7.4008,111.4492
2021-10-16,35.7,25.5,29.8,0.3,0.3,6.74,22.5,25.35,76,35,Ngawi,-7.4008,111.4492
2021-10-17,35.8,25.8,28.6,10.4,10.4,5.34,14.8,22.56,90,41,Ngawi,-7.4008,111.4492
2021-10-18,33.3,24.5,27.3,6.8,6.8,3.89,17.1,17.25,96,51,Ngawi,-7.4008,111.4492
2021-10-19,33.2,23.4,27.6,5.9,5.9,5.07,19.5,22.51,97,55,Ngawi,-7.4008,111.4492
2021-10-20,34.2,24.7,28.6,8.1,8.1,5.88,21.6,24.09,93,50,Ngawi,-7.4008,111.4492
2021-10-21,35.0,24.2,28.3,1.3,1.3,5.58,24.5,24.62,87,45,Ngawi,-7.4008,111.4492
2021-10-22,35.0,24.0,28.0,13.1,13.1,5.31,19.2,23.78,93,43,Ngawi,-7.4008,111.4492
2021-10-23,35.2,23.1,28.5,3.6,3.6,5.62,21.3,24.56,97,42,Ngawi,-7.4008,111.4492
2021-10-24,35.5,24.5,28.5,2.1,2.1,5.5,14.8,24.53,94,47,Ngawi,-7.4008,111.4492
2021-10-25,35.5,24.6,28.8,12.5,12.5,6.02,23.7,24.8,82,45,Ngawi,-7.4008,111.4492
2021-10-26,34.3,24.1,27.9,2.9,2.9,5.18,14.5,22.72,94,46,Ngawi,-7.4008,111.4492
2021-10-27,32.5,23.8,26.9,11.1,11.1,3.8,10.6,17.22,98,57,Ngawi,-7.4008,111.4492
2021-10-28,33.0,24.0,27.1,5.7,5.7,4.38,13.8,20.76,97,58,Ngawi,-7.4008,111.4492
2021-10-29,33.0,23.6,27.3,7.1,7.1,4.47,15.0,20.98,97,56,Ngawi,-7.4008,111.4492
2021-10-30,33.1,24.5,27.3,19.9,19.9,4.38,20.6,20.42,95,57,Ngawi,-7.4008,111.4492
2021-10-31,31.2,23.5,26.4,23.3,23.3,3.9,10.0,18.91,98,65,Ngawi,-7.4008,111.4492
2021-11-01,31.2,22.9,26.1,13.2,13.2,3.75,13.5,18.01,97,63,Ngawi,-7.4008,111.4492
2021-11-02,32.2,24.0,26.5,4.7,4.7,3.92,13.7,18.86,100,60,Ngawi,-7.4008,111.4492
2021-11-03,32.4,23.1,26.6,7.4,7.4,4.66,10.2,22.26,98,62,Ngawi,-7.4008,111.4492
2021-11-04,33.0,22.9,26.7,10.4,10.4,4.73,14.7,22.53,100,55,Ngawi,-7.4008,111.4492
2021-11-05,31.4,23.6,26.4,5.3,5.3,3.64,17.9,17.55,99,61,Ngawi,-7.4008,111.4492
2021-11-06,32.1,23.6,26.8,4.4,4.4,4.52,14.5,21.69,99,62,Ngawi,-7.4008,111.4492
2021-11-07,33.3,23.2,26.9,13.1,13.1,4.89,15.5,23.53,99,56,Ngawi,-7.4008,111.4492
2021-11-08,32.4,23.1,26.3,19.8,19.8,4.17,12.8,20.03,98,63,Ngawi,-7.4008,111.4492
2021-11-09,32.7,23.6,26.8,15.4,15.4,4.47,9.4,21.52,96,61,Ngawi,-7.4008,111.4492
2021-11-10,31.0,23.8,26.4,10.4,10.4,3.61,18.8,16.49,99,65,Ngawi,-7.4008,111.4492
2021-11-11,29.0,23.5,25.6,17.3,17.3,2.85,19.2,13.35,98,75,Ngawi,-7.4008,111.4492
2021-11-12,29.4,23.2,25.5,7.3,7.3,2.49,20.3,11.26,94,70,Ngawi,-7.4008,111.4492
2021-11-13,31.0,23.0,25.8,17.1,17.1,3.46,10.8,16.79,98,67,Ngawi,-7.4008,111.4492
2021-11-14,30.4,23.4,25.4,40.3,40.3,2.74,8.9,13.32,99,70,Ngawi,-7.4008,111.4492
2021-11-15,28.7,23.1,25.4,19.5,19.5,2.49,8.8,11.89,98,75,Ngawi,-7.4008,111.4492
2021-11-16,31.0,23.0,25.9,15.8,15.8,3.53,15.5,17.01,97,63,Ngawi,-7.4008,111.4492
2021-11-17,31.4,23.5,26.1,19.3,19.3,3.65,19.8,17.59,96,62,Ngawi,-7.4008,111.4492
2021-11-18,30.9,22.9,25.8,29.2,29.2,3.85,8.0,18.77,98,68,Ngawi,-7.4008,111.4492
2021-11-19,31.4,23.2,26.0,13.0,13.0,4.49,12.1,21.95,99,61,Ngawi,-7.4008,111.4492
2021-11-20,28.2,23.5,25.3,7.2,7.2,1.81,7.6,8.51,99,76,Ngawi,-7.4008,111.4492
2021-11-21,30.9,23.8,26.4,8.6,8.6,3.83,15.3,18.89,99,72,Ngawi,-7.4008,111.4492
2021-11-22,30.5,23.0,26.3,18.8,18.8,3.36,15.3,16.44,98,72,Ngawi,-7.4008,111.4492
2021-11-23,29.6,23.2,25.5,27.2,27.2,2.86,15.4,14.12,98,73,Ngawi,-7.4008,111.4492
2021-11-24,29.6,22.8,25.8,3.5,3.5,3.0,12.9,14.32,98,66,Ngawi,-7.4008,111.4492
2021-11-25,31.0,23.4,26.0,11.3,11.3,3.9,13.0,19.05,97,61,Ngawi,-7.4008,111.4492
2021-11-26,30.4,22.2,25.3,27.7,27.7,3.1,14.6,15.52,99,73,Ngawi,-7.4008,111.4492
2021-11-27,29.9,22.8,25.2,31.2,31.2,3.4,14.6,17.17,99,72,Ngawi,-7.4008,111.4492
2021-11-28,26.1,22.4,24.1,9.8,9.8,1.62,12.6,7.93,99,86,Ngawi,-7.4008,111.4492
2021-11-29,30.8,22.0,25.7,2.4,2.4,4.03,12.8,19.61,95,58,Ngawi,-7.4008,111.4492
2021-11-30,31.1,22.0,25.5,28.8,28.8,4.03,14.5,20.01,97,69,Ngawi,-7.4008,111.4492
2021-12-01,29.1,22.6,24.9,2.9,2.9,2.76,11.1,13.6,98,70,Ngawi,-7.4008,111.4492
2021-12-02,31.2,22.3,26.4,1.7,1.7,4.56,10.7,21.99,98,61,Ngawi,-7.4008,111.4492
2021-12-03,30.2,23.6,26.4,2.2,2.2,3.36,13.7,15.89,99,67,Ngawi,-7.4008,111.4492
2021-12-04,29.0,22.6,25.2,25.6,25.6,2.71,15.7,13.02,98,75,Ngawi,-7.4008,111.4492
2021-12-05,28.2,22.3,24.8,8.4,8.4,2.06,16.6,9.84,98,77,Ngawi,-7.4008,111.4492
2021-12-06,29.0,22.9,25.2,7.7,7.7,2.47,13.4,11.73,99,72,Ngawi,-7.4008,111.4492
2021-12-07,30.5,24.0,26.1,12.3,12.3,3.16,14.0,14.92,95,70,Ngawi,-7.4008,111.4492
2021-12-08,30.5,24.1,26.8,6.9,6.9,3.58,19.1,16.86,97,68,Ngawi,-7.4008,111.4492
2021-12-09,30.6,22.7,25.9,2.4,2.4,4.04,10.4,19.99,99,72,Ngawi,-7.4008,111.4492
2021-12-10,31.0,22.6,25.8,4.1,4.1,3.68,14.4,18.34,99,67,Ngawi,-7.4008,111.4492
2021-12-11,31.5,22.5,25.6,3.6,3.6,3.82,11.7,18.87,98,63,Ngawi,-7.4008,111.4492
2021-12-12,31.5,22.8,26.4,10.0,10.0,4.72,11.4,23.0,98,64,Ngawi,-7.4008,111.4492
2021-12-13,31.6,22.8,27.0,0.1,0.1,5.15,16.6,24.42,98,61,Ngawi,-7.4008,111.4492
2021-12-14,31.0,23.4,26.4,7.8,7.8,4.28,14.5,21.2,95,65,Ngawi,-7.4008,111.4492
2021-12-15,30.5,23.6,26.0,12.7,12.7,3.04,14.2,15.03,98,71,Ngawi,-7.4008,111.4492
2021-12-16,30.0,23.7,26.0,12.4,12.4,3.36,10.2,16.3,98,73,Ngawi,-7.4008,111.4492
2021-12-17,30.9,24.0,26.2,15.1,15.1,3.8,6.9,18.39,99,70,Ngawi,-7.4008,111.4492
2021-12-18,30.9,23.5,26.5,18.8,18.8,3.9,8.9,19.16,99,74,Ngawi,-7.4008,111.4492
2021-12-19,31.8,23.7,26.8,9.2,9.2,4.43,15.5,21.74,100,64,Ngawi,-7.4008,111.4492
2021-12-20,29.2,23.6,25.2,19.3,19.3,2.24,17.3,10.53,97,71,Ngawi,-7.4008,111.4492
2021-12-21,28.1,23.5,25.5,8.2,8.2,2.27,11.2,11.01,99,80,Ngawi,-7.4008,111.4492
2021-12-22,31.7,23.1,26.9,2.5,2.5,4.71,11.8,22.96,100,64,Ngawi,-7.4008,111.4492
2021-12-23,31.8,23.4,25.8,13.9,13.9,4.26,13.2,21.1,98,66,Ngawi,-7.4008,111.4492
2021-12-24,30.7,23.2,26.1,1.0,1.0,3.13,13.1,14.21,97,68,Ngawi,-7.4008,111.4492
2021-12-25,31.2,23.6,26.0,8.5,8.5,3.74,9.9,18.22,96,66,Ngawi,-7.4008,111.4492
2021-12-26,29.8,22.4,25.9,2.3,2.3,3.67,10.9,18.11,95,68,Ngawi,-7.4008,111.4492
2021-12-27,30.7,22.9,25.7,3.0,3.0,3.7,15.2,18.37,95,68,Ngawi,-7.4008,111.4492
2021-12-28,31.1,21.7,25.8,4.1,4.1,4.46,13.6,21.82,97,64,Ngawi,-7.4008,111.4492
2021-12-29,30.2,22.6,26.0,2.3,2.3,3.86,8.9,18.92,98,65,Ngawi,-7.4008,111.4492
2021-12-30,29.9,23.8,25.8,5.9,5.9,2.96,8.4,14.14,96,68,Ngawi,-7.4008,111.4492
2021-12-31,29.8,22.6,25.4,15.3,15.3,3.54,12.7,17.79,98,70,Ngawi,-7.4008,111.4492
2022-01-01,30.8,22.5,25.8,14.6,14.6,4.17,14.7,20.44,98,67,Ngawi,-7.4008,111.4492
2022-01-02,29.5,23.0,25.6,4.0,4.0,3.2,12.7,15.4,94,72,Ngawi,-7.4008,111.4492
2022-01-03,31.5,22.1,26.7,0.0,0.0,5.16,14.8,23.25,96,53,Ngawi,-7.4008,111.4492
2022-01-04,31.0,22.1,26.8,0.1,0.1,5.01,13.2,23.4,93,58,Ngawi,-7.4008,111.4492
2022-01-05,31.0,23.2,27.1,0.3,0.3,4.9,9.7,23.45,93,56,Ngawi,-7.4008,111.4492
2022-01-06,32.5,22.5,26.1,1.6,1.6,4.63,20.6,22.61,98,50,Ngawi,-7.4008,111.4492
2022-01-07,31.7,21.6,26.1,1.2,1.2,4.61,15.0,22.13,99,53,Ngawi,-7.4008,111.4492
2022-01-08,31.5,22.5,26.2,5.6,5.6,4.69,19.4,22.95,98,58,Ngawi,-7.4008,111.4492
2022-01-09,30.1,23.1,25.5,9.3,9.3,3.18,10.2,15.64,97,63,Ngawi,-7.4008,111.4492
2022-01-10,31.5,22.8,25.9,15.1,15.1,3.86,13.9,18.73,96,64,Ngawi,-7.4008,111.4492
2022-01-11,31.1,23.1,25.4,21.2,21.2,3.4,13.9,16.57,98,63,Ngawi,-7.4008,111.4492
2022-01-12,26.5,23.3,24.6,7.8,7.8,1.74,19.2,8.33,96,84,Ngawi,-7.4008,111.4492
2022-01-13,29.4,23.7,25.4,13.1,13.1,2.88,14.8,13.88,96,70,Ngawi,-7.4008,111.4492
2022-01-14,28.9,22.5,25.9,0.8,0.8,3.52,22.7,16.48,99,74,Ngawi,-7.4008,111.4492
2022-01-15,29.8,23.0,25.8,12.5,12.5,3.28,26.1,15.9,96,71,Ngawi,-7.4008,111.4492
2022-01-16,29.8,23.0,25.2,27.0,27.0,2.77,16.2,13.93,98,73,Ngawi,-7.4008,111.4492
2022-01-17,30.8,23.0,25.7,5.7,5.7,3.74,22.1,18.84,98,70,Ngawi,-7.4008,111.4492
2022-01-18,29.0,22.9,25.1,13.3,13.3,3.13,20.8,15.6,99,74,Ngawi,-7.4008,111.4492
2022-01-19,29.6,22.6,24.9,21.0,21.0,3.74,20.9,19.41,97,69,Ngawi,-7.4008,111.4492
2022-01-20,26.8,22.1,23.8,10.7,10.7,2.34,16.1,11.64,99,82,Ngawi,-7.4008,111.4492
2022-01-21,30.4,21.6,25.0,21.9,21.9,3.59,11.7,17.73,98,72,Ngawi,-7.4008,111.4492
2022-01-22,29.6,22.1,25.1,7.7,7.7,3.11,18.4,15.62,98,71,Ngawi,-7.4008,111.4492
2022-01-23,30.0,22.5,25.7,14.7,14.7,3.58,9.9,17.35,98,72,Ngawi,-7.4008,111.4492
2022-01-24,32.3,22.5,26.7,0.0,0.0,5.1,18.5,23.89,100,55,Ngawi,-7.4008,111.4492
2022-01-25,31.0,21.5,26.3,5.2,5.2,4.99,23.7,24.8,98,63,Ngawi,-7.4008,111.4492
2022-01-26,30.6,23.5,26.3,6.7,6.7,4.22,25.0,20.99,95,71,Ngawi,-7.4008,111.4492
2022-01-27,30.5,22.8,25.5,10.8,10.8,3.53,17.8,17.87,98,67,Ngawi,-7.4008,111.4492
2022-01-28,30.3,22.2,25.4,3.1,3.1,3.36,10.5,16.53,98,68,Ngawi,-7.4008,111.4492
2022-01-29,31.0,23.0,25.9,9.4,9.4,3.63,14.1,17.72,97,67,Ngawi,-7.4008,111.4492
2022-01-30,30.8,23.0,26.0,7.8,7.8,3.96,13.4,19.3,97,66,Ngawi,-7.4008,111.4492
2022-01-31,30.5,22.7,25.8,8.8,8.8,3.75,21.6,18.9,96,67,Ngawi,-7.4008,111.4492
2022-02-01,30.2,22.8,25.6,15.8,15.8,3.17,19.6,15.9,97,72,Ngawi,-7.4008,111.4492
2022-02-02,30.7,22.7,25.5,33.5,33.5,3.84,23.2,19.54,97,71,Ngawi,-7.4008,111.4492
2022-02-03,31.3,22.5,26.2,2.7,2.7,4.14,23.3,20.8,100,66,Ngawi,-7.4008,111.4492
2022-02-04,30.8,23.5,25.8,24.0,24.0,3.07,14.6,14.7,97,67,Ngawi,-7.4008,111.4492
2022-02-05,28.2,22.5,25.0,17.0,17.0,2.43,16.7,12.09,96,78,Ngawi,-7.4008,111.4492
2022-02-06,29.2,22.0,25.3,5.9,5.9,3.02,15.9,14.9,96,72,Ngawi,-7.4008,111.4492
2022-02-07,27.8,24.0,25.4,2.6,2.6,2.47,16.7,12.2,96,80,Ngawi,-7.4008,111.4492
2022-02-08,29.6,23.2,25.7,14.1,14.1,3.09,22.5,16.05,98,76,Ngawi,-7.4008,111.4492
2022-02-09,29.5,23.2,25.3,39.8,39.8,2.91,11.6,14.7,99,73,Ngawi,-7.4008,111.4492
2022-02-10,29.8,23.8,25.6,14.0,14.0,2.91,16.3,14.15,97,70,Ngawi,-7.4008,111.4492
2022-02-11,30.0,23.7,25.9,2.3,2.3,3.04,12.8,14.25,96,65,Ngawi,-7.4008,111.4492
2022-02-12,30.0,23.4,25.7,26.9,26.9,3.18,14.2,15.51,98,71,Ngawi,-7.4008,111.4492
2022-02-13,29.5,23.1,24.8,32.2,32.2,2.7,11.1,13.44,98,76,Ngawi,-7.4008,111.4492
2022-02-14,28.5,23.0,25.4,9.4,9.4,2.73,14.1,12.94,97,74,Ngawi,-7.4008,111.4492
2022-02-15,27.0,24.0,24.8,22.7,22.7,1.75,23.2,8.72,98,83,Ngawi,-7.4008,111.4492
2022-02-16,31.1,22.7,25.6,20.1,20.1,4.51,12.7,22.64,99,67,Ngawi,-7.4008,111.4492
2022-02-17,29.1,22.4,25.0,24.3,24.3,2.55,13.1,12.62,99,73,Ngawi,-7.4008,111.4492
2022-02-18,27.6,23.1,24.8,11.9,11.9,1.79,13.0,8.71,98,78,Ngawi,-7.4008,111.4492
2022-02-19,31.1,23.1,26.0,11.6,11.6,4.63,13.4,23.04,98,65,Ngawi,-7.4008,111.4492
2022-02-20,29.0,23.4,25.7,3.5,3.5,2.71,9.8,13.34,97,73,Ngawi,-7.4008,111.4492
2022-02-21,30.0,23.0,25.8,6.2,6.2,3.31,13.0,16.07,96,68,Ngawi,-7.4008,111.4492
2022-02-22,30.4,22.4,25.7,0.4,0.4,3.3,16.8,15.17,97,61,Ngawi,-7.4008,111.4492
2022-02-23,31.3,21.6,26.1,1.6,1.6,4.98,12.5,24.07,93,59,Ngawi,-7.4008,111.4492
2022-02-24,30.6,21.9,25.7,1.6,1.6,4.49,8.0,22.55,96,63,Ngawi,-7.4008,111.4492
2022-02-25,30.0,22.2,25.2,15.5,15.5,3.7,16.2,18.44,96,67,Ngawi,-7.4008,111.4492
2022-02-26,30.5,22.2,24.9,21.7,21.7,3.28,8.6,16.15,99,70,Ngawi,-7.4008,111.4492
2022-02-27,30.4,23.1,25.5,15.9,15.9,3.4,22.7,17.36,98,73,Ngawi,-7.4008,111.4492
2022-02-28,30.1,23.4,25.6,16.1,16.1,3.28,19.2,16.36,96,69,Ngawi,-7.4008,111.4492
2022-03-01,29.6,23.4,25.7,10.4,10.4,3.63,19.6,18.27,98,69,Ngawi,-7.4008,111.4492
2022-03-02,31.0,22.9,25.6,16.3,16.3,4.1,22.0,20.84,98,65,Ngawi,-7.4008,111.4492
2022-03-03,30.5,22.1,25.4,13.9,13.9,3.75,18.1,18.96,98,68,Ngawi,-7.4008,111.4492
2022-03-04,30.8,22.4,25.9,17.9,17.9,4.12,12.8,20.52,98,69,Ngawi,-7.4008,111.4492
2022-03-05,30.0,23.0,25.8,4.5,4.5,3.73,12.2,18.6,96,69,Ngawi,-7.4008,111.4492
2022-03-06,30.8,22.9,25.8,13.5,13.5,3.97,13.7,20.06,97,67,Ngawi,-7.4008,111.4492
2022-03-07,31.1,22.9,25.5,17.5,17.5,3.75,12.7,18.89,96,68,Ngawi,-7.4008,111.4492
2022-03-08,30.2,22.1,25.3,15.5,15.5,3.6,12.8,18.04,99,72,Ngawi,-7.4008,111.4492
2022-03-09,30.9,23.0,25.6,18.9,18.9,3.75,9.0,18.31,98,70,Ngawi,-7.4008,111.4492
2022-03-10,30.1,23.6,25.4,41.1,41.1,3.24,11.2,15.93,98,71,Ngawi,-7.4008,111.4492
2022-03-11,30.8,23.2,25.9,20.3,20.3,4.37,14.1,22.32,99,70,Ngawi,-7.4008,111.4492
2022-03-12,29.1,22.8,25.7,15.3,15.3,2.92,12.1,14.67,98,77,Ngawi,-7.4008,111.4492
2022-03-13,30.9,23.0,26.1,18.5,18.5,4.19,8.9,20.5,100,71,Ngawi,-7.4008,111.4492
2022-03-14,30.9,23.1,25.8,29.0,29.0,3.68,9.2,18.25,100,75,Ngawi,-7.4008,111.4492
2022-03-15,29.4,23.0,25.4,34.9,34.9,3.19,13.5,16.07,99,77,Ngawi,-7.4008,111.4492
2022-03-16,30.4,23.1,25.7,44.9,44.9,3.67,8.7,18.04,98,76,Ngawi,-7.4008,111.4492
2022-03-17,31.5,23.0,26.7,5.0,5.0,4.68,10.6,22.74,98,67,Ngawi,-7.4008,111.4492
2022-03-18,31.4,23.0,26.1,10.2,10.2,4.49,8.7,22.2,97,67,Ngawi,-7.4008,111.4492
2022-03-19,30.2,22.9,25.4,9.6,9.6,3.81,11.3,19.18,98,70,Ngawi,-7.4008,111.4492
2022-03-20,30.5,22.9,25.2,21.4,21.4,3.36,14.6,16.57,99,76,Ngawi,-7.4008,111.4492
2022-03-21,31.0,22.8,25.8,11.2,11.2,3.39,10.4,16.8,99,71,Ngawi,-7.4008,111.4492
2022-03-22,29.0,24.1,26.1,2.3,2.3,3.13,14.7,15.51,97,74,Ngawi,-7.4008,111.4492
2022-03-23,30.5,23.0,25.9,14.8,14.8,4.18,13.8,21.29,98,74,Ngawi,-7.4008,111.4492
2022-03-24,31.4,22.9,26.3,10.9,10.9,4.25,13.0,20.76,97,62,Ngawi,-7.4008,111.4492
2022-03-25,30.9,23.0,26.2,12.7,12.7,3.86,12.0,18.83,98,70,Ngawi,-7.4008,111.4492
2022-03-26,31.4,24.1,26.6,15.0,15.0,4.41,21.9,21.71,97,65,Ngawi,-7.4008,111.4492
2022-03-27,28.9,23.3,25.7,7.9,7.9,3.12,9.8,15.29,96,74,Ngawi,-7.4008,111.4492
2022-03-28,31.4,22.6,25.6,22.6,22.6,4.14,12.5,20.66,98,66,Ngawi,-7.4008,111.4492
2022-03-29,31.6,22.3,26.3,9.9,9.9,4.74,13.3,23.46,100,62,Ngawi,-7.4008,111.4492
2022-03-30,31.6,23.5,26.6,9.8,9.8,4.53,9.7,22.11,99,64,Ngawi,-7.4008,111.4492
2022-03-31,31.4,23.2,26.0,18.4,18.4,4.0,7.9,19.41,99,64,Ngawi,-7.4008,111.4492
2022-04-01,30.5,22.9,25.8,11.1,11.1,3.74,12.9,18.6,98,72,Ngawi,-7.4008,111.4492
2022-04-02,30.4,23.0,26.5,3.4,3.4,4.08,7.6,19.91,99,66,Ngawi,-7.4008,111.4492
2022-04-03,31.4,23.5,26.0,9.0,9.0,4.35,11.6,21.48,96,63,Ngawi,-7.4008,111.4492
2022-04-04,30.4,22.2,25.8,5.8,5.8,3.92,10.1,19.66,99,69,Ngawi,-7.4008,111.4492
2022-04-05,31.4,22.5,25.8,0.7,0.7,4.57,13.1,22.65,99,63,Ngawi,-7.4008,111.4492
2022-04-06,30.8,22.1,26.3,2.8,2.8,4.82,20.9,22.41,100,67,Ngawi,-7.4008,111.4492
2022-04-07,30.5,24.1,26.8,11.6,11.6,4.45,17.7,21.19,89,67,Ngawi,-7.4008,111.4492
2022-04-08,31.5,23.0,26.7,4.5,4.5,4.8,18.9,23.22,93,63,Ngawi,-7.4008,111.4492
2022-04-09,31.9,23.3,26.5,6.1,6.1,4.49,14.5,22.24,94,62,Ngawi,-7.4008,111.4492
2022-04-10,31.4,23.5,26.1,17.2,17.2,4.43,12.4,21.61,99,65,Ngawi,-7.4008,111.4492
2022-04-11,31.3,22.5,26.7,1.0,1.0,4.82,10.8,23.21,96,62,Ngawi,-7.4008,111.4492
2022-04-12,31.4,22.2,26.6,0.7,0.7,4.78,11.0,23.27,99,56,Ngawi,-7.4008,111.4492
2022-04-13,30.9,22.6,26.5,1.1,1.1,4.79,10.9,23.31,95,60,Ngawi,-7.4008,111.4492
2022-04-14,30.9,22.9,26.1,4.9,4.9,4.53,12.4,22.46,96,67,Ngawi,-7.4008,111.4492
2022-04-15,32.0,22.1,27.4,0.0,0.0,5.14,13.4,24.23,96,56,Ngawi,-7.4008,111.4492
2022-04-16,32.3,24.0,27.2,1.0,1.0,4.92,10.3,23.81,96,58,Ngawi,-7.4008,111.4492
2022-04-17,32.0,23.5,26.7,8.0,8.0,4.65,11.0,22.47,98,62,Ngawi,-7.4008,111.4492
2022-04-18,31.2,23.5,26.1,6.5,6.5,3.72,12.3,18.39,97,71,Ngawi,-7.4008,111.4492
2022-04-19,30.3,24.0,25.7,17.9,17.9,3.04,12.3,15.03,98,72,Ngawi,-7.4008,111.4492
2022-04-20,30.3,23.0,25.5,49.0,49.0,3.3,7.6,15.99,99,71,Ngawi,-7.4008,111.4492
2022-04-21,28.1,22.9,25.0,16.2,16.2,2.16,12.2,10.95,97,80,Ngawi,-7.4008,111.4492
2022-04-22,31.8,23.2,27.0,0.4,0.4,4.54,10.2,22.09,96,61,Ngawi,-7.4008,111.4492
2022-04-23,31.7,23.8,26.5,11.5,11.5,4.34,10.7,21.31,97,66,Ngawi,-7.4008,111.4492
2022-04-24,30.5,23.0,26.0,19.1,19.1,3.75,7.5,18.32,98,76,Ngawi,-7.4008,111.4492
2022-04-25,31.4,23.2,26.7,4.4,4.4,4.18,11.2,20.58,99,68,Ngawi,-7.4008,111.4492
2022-04-26,29.0,23.4,25.7,9.1,9.1,2.5,14.1,12.61,99,74,Ngawi,-7.4008,111.4492
2022-04-27,30.2,23.0,25.5,9.9,9.9,3.37,21.0,17.32,99,73,Ngawi,-7.4008,111.4492
2022-04-28,30.6,23.2,26.1,10.9,10.9,3.55,13.6,17.93,98,75,Ngawi,-7.4008,111.4492
2022-04-29,31.1,23.3,26.2,11.7,11.7,3.61,7.6,17.58,99,72,Ngawi,-7.4008,111.4492
2022-04-30,30.9,23.4,26.3,7.2,7.2,3.72,10.8,18.62,97,73,Ngawi,-7.4008,111.4492
2022-05-01,30.0,24.0,26.3,20.0,20.0,3.32,13.2,16.58,98,79,Ngawi,-7.4008,111.4492
2022-05-02,31.9,24.3,27.5,0.3,0.3,4.59,12.2,21.8,93,60,Ngawi,-7.4008,111.4492
2022-05-03,32.5,23.9,27.5,3.1,3.1,4.62,12.1,21.79,91,58,Ngawi,-7.4008,111.4492
2022-05-04,31.4,24.9,26.9,0.9,0.9,4.17,14.0,20.14,93,63,Ngawi,-7.4008,111.4492
2022-05-05,31.6,23.4,27.4,0.8,0.8,4.55,12.5,21.81,95,58,Ngawi,-7.4008,111.4492
2022-05-06,31.4,24.5,26.8,10.2,10.2,4.02,15.3,19.9,96,64,Ngawi,-7.4008,111.4492
2022-05-07,31.5,24.2,26.5,21.5,21.5,4.06,8.7,20.11,97,70,Ngawi,-7.4008,111.4492
2022-05-08,30.1,23.6,25.9,26.5,26.5,3.29,10.0,16.42,98,76,Ngawi,-7.4008,111.4492
2022-05-09,30.8,23.1,26.1,9.6,9.6,3.19,12.6,15.61,99,71,Ngawi,-7.4008,111.4492
2022-05-10,30.4,23.2,26.1,15.9,15.9,2.92,12.4,14.54,100,78,Ngawi,-7.4008,111.4492
2022-05-11,31.2,23.5,26.6,3.1,3.1,3.95,13.2,19.62,98,69,Ngawi,-7.4008,111.4492
2022-05-12,31.1,23.6,26.2,26.4,26.4,3.32,7.9,16.19,99,74,Ngawi,-7.4008,111.4492
2022-05-13,31.2,23.8,26.7,16.9,16.9,3.57,12.6,17.7,99,72,Ngawi,-7.4008,111.4492
2022-05-14,30.0,24.2,26.3,6.9,6.9,3.05,9.6,14.97,99,75,Ngawi,-7.4008,111.4492
2022-05-15,31.8,23.5,26.5,11.0,11.0,4.02,11.5,19.72,99,66,Ngawi,-7.4008,111.4492
2022-05-16,31.5,23.4,27.1,0.6,0.6,4.26,7.8,20.66,99,61,Ngawi,-7.4008,111.4492
2022-05-17,31.6,23.0,26.9,0.0,0.0,4.4,16.3,21.3,96,55,Ngawi,-7.4008,111.4492
2022-05-18,30.9,24.0,26.1,18.4,18.4,3.06,13.0,15.36,96,71,Ngawi,-7.4008,111.4492
2022-05-19,29.6,23.7,25.5,27.8,27.8,2.57,16.6,12.91,98,78,Ngawi,-7.4008,111.4492
2022-05-20,29.8,23.5,25.3,31.5,31.5,3.19,9.7,15.96,98,79,Ngawi,-7.4008,111.4492
2022-05-21,29.2,23.5,25.6,13.6,13.6,2.7,8.5,13.53,99,77,Ngawi,-7.4008,111.4492
2022-05-22,30.8,23.4,26.1,11.0,11.0,3.43,12.5,17.19,99,67,Ngawi,-7.4008,111.4492
2022-05-23,31.5,22.9,26.9,0.1,0.1,4.08,11.8,19.27,98,58,Ngawi,-7.4008,111.4492
2022-05-24,31.5,22.6,26.9,0.5,0.5,4.15,10.1,19.73,96,61,Ngawi,-7.4008,111.4492
2022-05-25,30.5,23.6,26.0,4.3,4.3,3.21,8.8,15.9,97,73,Ngawi,-7.4008,111.4492
2022-05-26,28.1,23.4,24.6,37.0,37.0,1.84,14.3,8.85,99,78,Ngawi,-7.4008,111.4492
2022-05-27,30.8,22.5,26.1,0.1,0.1,3.57,13.2,17.04,94,59,Ngawi,-7.4008,111.4492
2022-05-28,31.5,23.5,26.9,3.9,3.9,4.16,12.6,20.11,97,64,Ngawi,-7.4008,111.4492
2022-05-29,30.3,23.4,26.3,3.8,3.8,3.51,10.8,17.52,96,71,Ngawi,-7.4008,111.4492
2022-05-30,30.8,22.9,26.7,1.0,1.0,4.0,11.8,19.46,98,68,Ngawi,-7.4008,111.4492
2022-05-31,31.5,23.1,26.5,0.6,0.6,3.93,10.1,19.12,97,61,Ngawi,-7.4008,111.4492
2022-06-01,29.0,23.5,25.7,1.6,1.6,2.67,14.1,13.34,97,71,Ngawi,-7.4008,111.4492
2022-06-02,31.6,23.0,26.8,1.1,1.1,4.23,8.9,20.55,97,57,Ngawi,-7.4008,111.4492
2022-06-03,31.1,23.0,26.7,4.6,4.6,3.9,11.2,19.06,97,62,Ngawi,-7.4008,111.4492
2022-06-04,30.4,22.8,25.7,7.3,7.3,3.44,13.5,17.36,97,67,Ngawi,-7.4008,111.4492
2022-06-05,30.2,23.0,25.6,11.0,11.0,3.09,9.8,15.34,97,68,Ngawi,-7.4008,111.4492
2022-06-06,30.0,22.6,25.1,13.1,13.1,3.21,17.3,16.25,99,70,Ngawi,-7.4008,111.4492
2022-06-07,31.5,22.9,26.7,0.1,0.1,3.99,8.7,19.56,99,62,Ngawi,-7.4008,111.4492
2022-06-08,30.8,23.1,25.9,15.5,15.5,3.28,11.0,16.24,99,68,Ngawi,-7.4008,111.4492
2022-06-09,31.3,22.0,26.0,0.5,0.5,3.81,11.2,18.64,96,63,Ngawi,-7.4008,111.4492
2022-06-10,30.6,22.5,26.0,8.4,8.4,3.57,7.9,17.68,99,68,Ngawi,-7.4008,111.4492
2022-06-11,30.8,23.2,25.9,21.4,21.4,3.58,9.5,17.73,98,70,Ngawi,-7.4008,111.4492
2022-06-12,30.6,22.2,25.1,14.1,14.1,3.51,5.5,17.63,99,71,Ngawi,-7.4008,111.4492
2022-06-13,30.0,22.7,25.3,16.9,16.9,3.27,15.2,16.51,99,74,Ngawi,-7.4008,111.4492
2022-06-14,30.5,22.4,25.3,13.4,13.4,3.03,12.0,15.66,100,72,Ngawi,-7.4008,111.4492
2022-06-15,29.5,23.0,26.0,6.0,6.0,2.87,10.3,14.38,98,72,Ngawi,-7.4008,111.4492
2022-06-16,30.5,22.6,26.0,10.3,10.3,3.48,9.8,17.38,99,66,Ngawi,-7.4008,111.4492
2022-06-17,29.6,22.7,24.8,17.8,17.8,2.83,10.2,14.39,100,72,Ngawi,-7.4008,111.4492
2022-06-18,31.0,21.4,25.6,1.0,1.0,3.87,10.5,19.21,98,61,Ngawi,-7.4008,111.4492
2022-06-19,30.5,22.3,25.8,6.1,6.1,3.59,11.4,17.67,99,62,Ngawi,-7.4008,111.4492
2022-06-20,30.7,23.0,26.3,8.7,8.7,3.74,12.2,17.89,92,64,Ngawi,-7.4008,111.4492
2022-06-21,30.9,23.1,26.8,0.2,0.2,4.3,14.7,19.87,89,56,Ngawi,-7.4008,111.4492
2022-06-22,31.6,23.2,27.0,0.0,0.0,4.48,12.6,20.24,87,50,Ngawi,-7.4008,111.4492
2022-06-23,31.0,23.4,26.6,4.0,4.0,4.28,15.8,19.35,87,60,Ngawi,-7.4008,111.4492
2022-06-24,31.0,24.5,27.0,0.2,0.2,4.55,20.3,19.45,81,58,Ngawi,-7.4008,111.4492
2022-06-25,30.6,23.1,26.1,10.0,10.0,3.76,14.5,17.64,95,64,Ngawi,-7.4008,111.4492
2022-06-26,30.0,23.4,25.5,7.9,7.9,3.2,12.9,15.71,97,67,Ngawi,-7.4008,111.4492
2022-06-27,30.4,23.5,26.3,1.6,1.6,3.92,17.9,17.34,93,64,Ngawi,-7.4008,111.4492
2022-06-28,30.9,23.8,26.7,0.0,0.0,5.33,22.7,20.43,80,53,Ngawi,-7.4008,111.4492
2022-06-29,31.1,24.5,26.9,0.0,0.0,5.89,24.5,20.87,68,46,Ngawi,-7.4008,111.4492
2022-06-30,31.4,20.7,26.3,0.0,0.0,4.57,18.6,20.18,91,50,Ngawi,-7.4008,111.4492
2022-07-01,31.1,22.7,26.7,1.1,1.1,4.63,20.9,19.49,90,57,Ngawi,-7.4008,111.4492
2022-07-02,31.6,24.4,27.5,0.5,0.5,4.59,15.9,19.78,83,59,Ngawi,-7.4008,111.4492
2022-07-03,31.4,24.0,26.6,10.8,10.8,3.26,11.9,15.24,91,63,Ngawi,-7.4008,111.4492
2022-07-04,30.4,23.3,26.7,1.0,1.0,3.31,12.8,15.98,96,67,Ngawi,-7.4008,111.4492
2022-07-05,31.8,23.6,26.2,8.8,8.8,3.69,9.2,18.12,99,60,Ngawi,-7.4008,111.4492
2022-07-06,30.1,23.1,25.6,7.2,7.2,3.44,14.6,17.15,99,66,Ngawi,-7.4008,111.4492
2022-07-07,31.5,21.5,26.1,0.0,0.0,4.98,24.7,21.03,94,52,Ngawi,-7.4008,111.4492
2022-07-08,30.5,22.5,26.2,0.0,0.0,5.6,27.6,20.84,86,49,Ngawi,-7.4008,111.4492
2022-07-09,30.4,21.6,26.0,0.0,0.0,5.15,21.7,21.43,77,47,Ngawi,-7.4008,111.4492
2022-07-10,31.9,22.8,26.8,0.0,0.0,4.66,14.8,19.72,83,45,Ngawi,-7.4008,111.4492
2022-07-11,32.5,24.0,27.5,1.0,1.0,4.73,20.0,19.34,84,52,Ngawi,-7.4008,111.4492
2022-07-12,32.8,24.2,27.4,0.9,0.9,4.59,12.0,20.35,87,52,Ngawi,-7.4008,111.4492
2022-07-13,31.2,23.6,26.4,12.4,12.4,3.85,14.5,18.11,95,60,Ngawi,-7.4008,111.4492
2022-07-14,31.2,22.5,25.7,19.0,19.0,3.49,13.1,17.0,98,60,Ngawi,-7.4008,111.4492
2022-07-15,31.4,23.3,26.7,3.0,3.0,4.1,13.4,18.89,97,58,Ngawi,-7.4008,111.4492
2022-07-16,31.9,22.9,26.6,1.5,1.5,4.29,15.9,19.96,94,51,Ngawi,-7.4008,111.4492
2022-07-17,30.5,24.2,26.2,0.3,0.3,3.18,18.6,13.19,89,57,Ngawi,-7.4008,111.4492
2022-07-18,31.9,24.0,27.3,0.2,0.2,4.62,17.3,20.01,85,51,Ngawi,-7.4008,111.4492
2022-07-19,32.5,24.1,27.6,0.0,0.0,4.96,19.8,20.66,85,47,Ngawi,-7.4008,111.4492
2022-07-20,32.2,23.2,27.2,0.0,0.0,4.8,16.2,21.19,86,48,Ngawi,-7.4008,111.4492
2022-07-21,32.0,23.5,27.3,0.4,0.4,5.31,22.1,20.61,83,50,Ngawi,-7.4008,111.4492
2022-07-22,32.2,24.8,27.7,0.7,0.7,4.7,19.1,19.37,81,52,Ngawi,-7.4008,111.4492
2022-07-23,32.2,24.3,27.4,0.3,0.3,5.24,24.9,20.05,81,52,Ngawi,-7.4008,111.4492
2022-07-24,31.9,24.0,27.1,0.0,0.0,6.43,30.4,21.28,76,46,Ngawi,-7.4008,111.4492
2022-07-25,31.0,21.9,26.0,0.0,0.0,5.93,22.2,22.29,70,40,Ngawi,-7.4008,111.4492
2022-07-26,31.9,21.2,26.5,0.0,0.0,5.15,18.4,22.15,80,38,Ngawi,-7.4008,111.4492
2022-07-27,33.3,23.5,28.0,0.0,0.0,4.87,16.9,19.26,79,42,Ngawi,-7.4008,111.4492
2022-07-28,33.8,23.2,27.9,0.0,0.0,5.1,18.5,21.07,88,41,Ngawi,-7.4008,111.4492
2022-07-29,33.2,22.7,27.6,0.0,0.0,4.91,15.5,21.3,88,41,Ngawi,-7.4008,111.4492
2022-07-30,32.7,22.7,27.5,0.0,0.0,5.02,20.2,21.81,91,39,Ngawi,-7.4008,111.4492
2022-07-31,33.8,23.1,27.9,0.0,0.0,5.18,17.3,21.8,84,39,Ngawi,-7.4008,111.4492
2022-08-01,34.0,22.6,28.2,0.0,0.0,5.23,16.2,22.16,83,38,Ngawi,-7.4008,111.4492
2022-08-02,33.7,24.4,27.7,2.3,2.3,4.62,16.8,19.72,84,47,Ngawi,-7.4008,111.4492
2022-08-03,34.0,23.8,28.2,2.3,2.3,4.77,17.0,19.93,89,46,Ngawi,-7.4008,111.4492
2022-08-04,34.2,24.5,28.4,0.0,0.0,7.02,30.2,22.92,78,33,Ngawi,-7.4008,111.4492
2022-08-05,34.1,21.0,27.5,0.0,0.0,6.0,26.1,23.16,89,28,Ngawi,-7.4008,111.4492
2022-08-06,33.4,21.5,27.4,0.3,0.3,5.52,25.6,21.69,87,39,Ngawi,-7.4008,111.4492
2022-08-07,33.2,23.7,27.7,0.6,0.6,5.83,29.2,21.29,82,46,Ngawi,-7.4008,111.4492
2022-08-08,33.5,23.5,28.0,0.0,0.0,6.14,28.1,21.91,83,43,Ngawi,-7.4008,111.4492
2022-08-09,33.9,24.3,28.3,0.0,0.0,6.07,25.8,22.06,79,41,Ngawi,-7.4008,111.4492
2022-08-10,34.7,24.6,28.5,1.0,1.0,5.87,23.4,21.75,80,41,Ngawi,-7.4008,111.4492
2022-08-11,33.6,25.0,28.6,0.7,0.7,5.41,20.9,20.44,80,46,Ngawi,-7.4008,111.4492
2022-08-12,33.8,24.8,28.0,1.6,1.6,4.64,20.2,19.59,93,46,Ngawi,-7.4008,111.4492
2022-08-13,32.4,23.5,26.1,22.6,22.6,3.53,17.3,16.81,96,57,Ngawi,-7.4008,111.4492
2022-08-14,31.5,22.8,25.4,23.3,23.3,3.7,18.0,17.99,98,60,Ngawi,-7.4008,111.4492
2022-08-15,31.5,22.6,25.8,31.5,31.5,4.14,8.0,20.4,98,61,Ngawi,-7.4008,111.4492
2022-08-16,31.2,22.5,26.2,4.5,4.5,4.38,12.6,21.42,98,59,Ngawi,-7.4008,111.4492
2022-08-17,31.1,22.9,26.6,0.1,0.1,4.92,22.9,21.7,88,52,Ngawi,-7.4008,111.4492
2022-08-18,31.4,23.9,26.9,0.4,0.4,5.3,24.8,21.92,82,52,Ngawi,-7.4008,111.4492
2022-08-19,32.0,24.2,27.1,0.8,0.8,5.4,28.4,22.06,82,52,Ngawi,-7.4008,111.4492
2022-08-20,31.5,24.4,27.0,0.0,0.0,5.71,24.0,21.25,74,49,Ngawi,-7.4008,111.4492
2022-08-21,31.6,23.4,27.0,0.2,0.2,5.36,23.6,21.46,80,49,Ngawi,-7.4008,111.4492
2022-08-22,31.6,23.1,27.1,0.3,0.3,5.6,23.2,22.67,83,50,Ngawi,-7.4008,111.4492
2022-08-23,32.0,24.3,27.3,0.2,0.2,5.82,27.6,22.04,77,48,Ngawi,-7.4008,111.4492
2022-08-24,33.1,23.1,27.3,0.0,0.0,6.24,28.2,23.58,78,37,Ngawi,-7.4008,111.4492
2022-08-25,32.8,23.9,27.4,0.0,0.0,5.66,24.5,20.76,76,41,Ngawi,-7.4008,111.4492
2022-08-26,33.1,24.0,27.7,1.1,1.1,5.57,23.6,22.07,81,48,Ngawi,-7.4008,111.4492
2022-08-27,33.5,24.8,27.6,2.3,2.3,6.01,22.0,22.4,86,45,Ngawi,-7.4008,111.4492
2022-08-28,33.1,24.4,27.5,0.0,0.0,6.97,29.6,23.18,74,41,Ngawi,-7.4008,111.4492
2022-08-29,33.2,24.2,27.8,0.2,0.2,6.18,31.3,21.55,71,41,Ngawi,-7.4008,111.4492
2022-08-30,33.6,24.6,28.3,0.3,0.3,6.09,22.0,23.14,76,44,Ngawi,-7.4008,111.4492
2022-08-31,32.8,24.4,27.4,1.0,1.0,4.81,13.1,20.72,82,50,Ngawi,-7.4008,111.4492
2022-09-01,34.3,24.0,28.4,0.1,0.1,5.47,17.3,22.63,83,41,Ngawi,-7.4008,111.4492
2022-09-02,34.8,24.5,29.0,0.0,0.0,5.86,17.7,23.63,82,37,Ngawi,-7.4008,111.4492
2022-09-03,34.3,24.3,28.5,0.0,0.0,6.74,27.7,23.91,81,38,Ngawi,-7.4008,111.4492
2022-09-04,34.8,24.6,28.6,0.1,0.1,6.04,23.3,23.04,79,39,Ngawi,-7.4008,111.4492
2022-09-05,33.7,24.9,28.7,0.1,0.1,5.35,14.9,20.88,77,40,Ngawi,-7.4008,111.4492
2022-09-06,34.0,24.6,28.7,1.9,1.9,5.17,10.1,22.47,87,43,Ngawi,-7.4008,111.4492
2022-09-07,34.2,24.6,28.0,4.0,4.0,5.16,13.6,22.18,84,45,Ngawi,-7.4008,111.4492
2022-09-08,32.8,23.1,26.6,6.9,6.9,3.92,16.8,18.14,98,49,Ngawi,-7.4008,111.4492
2022-09-09,31.5,23.4,26.0,14.5,14.5,3.58,17.1,17.28,95,58,Ngawi,-7.4008,111.4492
2022-09-10,32.0,23.0,25.7,34.3,34.3,3.67,11.3,17.86,98,57,Ngawi,-7.4008,111.4492
2022-09-11,31.1,22.7,25.7,10.3,10.3,3.91,9.4,19.23,97,63,Ngawi,-7.4008,111.4492
2022-09-12,32.3,22.3,27.2,0.0,0.0,5.11,10.8,23.95,99,49,Ngawi,-7.4008,111.4492
2022-09-13,32.2,23.2,27.4,0.1,0.1,5.58,20.4,23.95,84,48,Ngawi,-7.4008,111.4492
2022-09-14,32.7,24.1,27.8,0.5,0.5,5.86,23.8,23.83,83,45,Ngawi,-7.4008,111.4492
2022-09-15,32.2,24.5,27.5,0.5,0.5,6.01,27.2,23.66,80,51,Ngawi,-7.4008,111.4492
2022-09-16,32.8,24.6,27.3,4.1,4.1,5.2,19.5,22.33,82,50,Ngawi,-7.4008,111.4492
2022-09-17,34.2,23.9,27.8,0.0,0.0,6.12,22.8,24.71,78,39,Ngawi,-7.4008,111.4492
2022-09-18,34.0,23.6,27.9,0.1,0.1,6.13,22.3,24.55,82,38,Ngawi,-7.4008,111.4492
2022-09-19,33.3,23.0,27.8,0.1,0.1,6.4,29.2,24.13,82,42,Ngawi,-7.4008,111.4492
2022-09-20,33.1,24.9,28.1,0.0,0.0,6.2,28.3,21.94,75,44,Ngawi,-7.4008,111.4492
2022-09-21,33.2,25.1,28.1,0.6,0.6,5.22,19.6,20.61,85,43,Ngawi,-7.4008,111.4492
2022-09-22,34.1,25.3,28.0,6.9,6.9,5.45,18.2,22.13,88,46,Ngawi,-7.4008,111.4492
2022-09-23,34.2,24.9,28.0,2.8,2.8,5.32,19.2,22.43,84,46,Ngawi,-7.4008,111.4492
2022-09-24,35.0,24.2,28.5,1.2,1.2,5.94,19.6,24.25,85,36,Ngawi,-7.4008,111.4492
2022-09-25,33.8,24.8,28.5,0.9,0.9,6.68,31.1,24.72,82,40,Ngawi,-7.4008,111.4492
2022-09-26,33.0,25.1,28.2,0.1,0.1,6.77,31.4,23.22,77,46,Ngawi,-7.4008,111.4492
2022-09-27,34.8,25.0,28.8,0.0,0.0,6.92,25.3,23.58,73,36,Ngawi,-7.4008,111.4492
2022-09-28,35.8,24.1,28.6,0.0,0.0,6.86,30.3,24.94,74,31,Ngawi,-7.4008,111.4492
2022-09-29,35.3,24.2,28.9,0.2,0.2,5.95,19.2,23.42,82,35,Ngawi,-7.4008,111.4492
2022-09-30,33.7,24.6,27.3,9.5,9.5,4.1,18.0,16.86,93,47,Ngawi,-7.4008,111.4492
2022-10-01,32.8,24.4,26.8,19.3,19.3,4.11,10.4,19.27,92,54,Ngawi,-7.4008,111.4492
2022-10-02,30.8,24.0,26.2,12.6,12.6,2.98,16.3,14.09,92,64,Ngawi,-7.4008,111.4492
2022-10-03,29.0,23.4,25.7,19.8,19.8,3.12,13.9,15.3,96,73,Ngawi,-7.4008,111.4492
2022-10-04,32.4,23.0,26.7,6.2,6.2,4.58,24.5,21.52,98,56,Ngawi,-7.4008,111.4492
2022-10-05,31.8,23.4,26.2,8.5,8.5,4.1,16.3,19.5,91,57,Ngawi,-7.4008,111.4492
2022-10-06,30.4,23.5,25.8,15.4,15.4,3.79,19.5,18.1,96,65,Ngawi,-7.4008,111.4492
2022-10-07,31.9,23.4,26.2,26.7,26.7,4.13,11.4,19.79,97,62,Ngawi,-7.4008,111.4492
2022-10-08,31.5,22.9,25.9,10.7,10.7,3.62,18.8,16.67,96,63,Ngawi,-7.4008,111.4492
2022-10-09,32.3,22.8,26.4,13.1,13.1,4.69,19.5,22.59,97,62,Ngawi,-7.4008,111.4492
2022-10-10,31.5,23.0,25.5,21.4,21.4,3.67,9.5,18.06,98,63,Ngawi,-7.4008,111.4492
2022-10-11,31.6,23.6,26.2,10.1,10.1,3.64,9.4,17.49,94,61,Ngawi,-7.4008,111.4492
2022-10-12,31.0,22.8,26.4,6.7,6.7,4.2,18.9,18.5,93,64,Ngawi,-7.4008,111.4492
2022-10-13,31.4,24.1,26.8,15.2,15.2,4.76,20.2,22.0,91,60,Ngawi,-7.4008,111.4492
2022-10-14,31.5,23.6,26.8,4.4,4.4,4.68,12.9,22.46,95,59,Ngawi,-7.4008,111.4492
2022-10-15,30.6,23.5,25.8,15.3,15.3,4.04,12.3,19.94,98,64,Ngawi,-7.4008,111.4492
2022-10-16,31.5,23.0,27.1,0.9,0.9,5.16,21.7,22.68,94,62,Ngawi,-7.4008,111.4492
2022-10-17,30.0,24.6,27.1,3.0,3.0,4.65,24.7,19.74,88,65,Ngawi,-7.4008,111.4492
2022-10-18,30.8,24.3,26.3,14.8,14.8,3.47,14.8,15.81,94,66,Ngawi,-7.4008,111.4492
2022-10-19,31.0,23.1,26.0,9.1,9.1,3.47,10.2,16.52,97,64,Ngawi,-7.4008,111.4492
2022-10-20,31.0,23.3,25.9,12.3,12.3,3.68,9.5,17.99,99,65,Ngawi,-7.4008,111.4492
2022-10-21,30.5,23.0,25.5,22.4,22.4,3.21,17.3,15.41,98,69,Ngawi,-7.4008,111.4492
2022-10-22,31.7,23.5,26.5,12.2,12.2,4.53,12.1,21.65,98,62,Ngawi,-7.4008,111.4492
2022-10-23,30.3,23.3,25.9,2.0,2.0,3.49,15.4,17.04,99,66,Ngawi,-7.4008,111.4492
2022-10-24,28.7,22.5,25.0,11.9,11.9,2.87,9.9,14.19,99,74,Ngawi,-7.4008,111.4492
2022-10-25,30.1,22.4,25.0,9.8,9.8,3.5,13.8,17.62,99,71,Ngawi,-7.4008,111.4492
2022-10-26,28.5,23.1,25.0,23.0,23.0,2.88,15.5,14.7,98,71,Ngawi,-7.4008,111.4492
2022-10-27,30.8,23.0,26.4,0.4,0.4,5.1,24.9,22.57,93,55,Ngawi,-7.4008,111.4492
2022-10-28,31.1,21.7,26.1,0.0,0.0,5.85,27.4,24.01,87,52,Ngawi,-7.4008,111.4492
2022-10-29,29.7,21.8,26.1,0.1,0.1,4.86,24.2,19.12,83,59,Ngawi,-7.4008,111.4492
2022-10-30,30.6,23.8,26.8,0.1,0.1,6.14,26.3,23.36,77,55,Ngawi,-7.4008,111.4492
2022-10-31,32.5,23.2,27.4,0.0,0.0,6.27,24.9,25.1,81,47,Ngawi,-7.4008,111.4492
2022-11-01,31.6,23.0,26.5,4.5,4.5,4.71,9.9,22.78,94,61,Ngawi,-7.4008,111.4492
2022-11-02,30.8,24.0,26.4,5.6,5.6,3.61,11.7,17.35,96,66,Ngawi,-7.4008,111.4492
2022-11-03,31.8,23.0,26.4,9.1,9.1,4.58,11.5,22.1,99,63,Ngawi,-7.4008,111.4492
2022-11-04,31.4,23.3,26.4,7.8,7.8,4.29,11.8,21.13,97,67,Ngawi,-7.4008,111.4492
2022-11-05,31.4,23.2,26.1,19.7,19.7,3.88,10.5,18.92,98,67,Ngawi,-7.4008,111.4492
2022-11-06,31.1,23.5,25.7,33.4,33.4,3.62,12.6,17.46,97,65,Ngawi,-7.4008,111.4492
2022-11-07,29.9,22.8,25.3,7.9,7.9,3.49,11.8,17.32,99,71,Ngawi,-7.4008,111.4492
2022-11-08,31.3,23.6,26.0,11.9,11.9,4.08,17.8,19.59,99,63,Ngawi,-7.4008,111.4492
2022-11-09,30.0,22.5,25.3,22.2,22.2,3.37,10.6,16.52,98,71,Ngawi,-7.4008,111.4492
2022-11-10,30.5,23.5,26.0,23.9,23.9,3.77,9.1,18.02,98,68,Ngawi,-7.4008,111.4492
2022-11-11,30.3,23.5,25.7,16.6,16.6,3.68,12.7,18.46,99,71,Ngawi,-7.4008,111.4492
2022-11-12,29.9,23.0,25.8,5.0,5.0,3.36,11.8,16.25,97,71,Ngawi,-7.4008,111.4492
2022-11-13,30.4,22.9,25.8,18.2,18.2,3.25,14.8,16.35,98,72,Ngawi,-7.4008,111.4492
2022-11-14,31.2,23.7,25.6,14.4,14.4,3.39,19.6,16.46,98,68,Ngawi,-7.4008,111.4492
2022-11-15,30.4,23.5,25.7,22.0,22.0,3.59,12.1,17.68,99,73,Ngawi,-7.4008,111.4492
2022-11-16,29.2,23.1,25.6,17.4,17.4,2.36,12.0,11.61,99,77,Ngawi,-7.4008,111.4492
2022-11-17,31.4,23.4,26.1,12.9,12.9,3.71,24.9,18.63,97,69,Ngawi,-7.4008,111.4492
2022-11-18,30.6,23.4,26.2,15.7,15.7,3.84,10.3,18.09,98,68,Ngawi,-7.4008,111.4492
2022-11-19,28.1,23.5,25.0,11.9,11.9,1.94,10.2,9.09,96,78,Ngawi,-7.4008,111.4492
2022-11-20,30.8,22.5,26.2,1.2,1.2,3.98,15.3,19.84,100,68,Ngawi,-7.4008,111.4492
2022-11-21,30.0,22.0,26.0,0.9,0.9,4.31,13.3,21.17,96,65,Ngawi,-7.4008,111.4492
2022-11-22,31.7,22.8,26.8,0.3,0.3,4.96,17.0,22.55,93,60,Ngawi,-7.4008,111.4492
2022-11-23,30.5,23.1,26.0,15.1,15.1,3.51,10.8,16.74,93,64,Ngawi,-7.4008,111.4492
2022-11-24,30.0,23.0,25.4,17.4,17.4,3.08,10.0,15.18,97,71,Ngawi,-7.4008,111.4492
2022-11-25,31.1,23.2,25.6,19.4,19.4,4.1,18.6,20.02,99,68,Ngawi,-7.4008,111.4492
2022-11-26,29.9,22.4,24.9,48.8,48.8,3.31,9.7,16.14,99,70,Ngawi,-7.4008,111.4492
2022-11-27,30.0,22.5,25.0,17.5,17.5,3.44,12.4,17.27,99,71,Ngawi,-7.4008,111.4492
2022-11-28,30.4,22.8,25.8,6.5,6.5,3.82,9.0,18.7,99,71,Ngawi,-7.4008,111.4492
2022-11-29,29.9,22.5,25.7,9.8,9.8,3.53,17.0,16.92,99,71,Ngawi,-7.4008,111.4492
2022-11-30,31.1,22.2,25.5,20.1,20.1,3.75,15.9,18.58,99,65,Ngawi,-7.4008,111.4492
2022-12-01,30.5,22.1,26.1,0.4,0.4,4.33,15.2,21.31,98,60,Ngawi,-7.4008,111.4492
2022-12-02,31.4,22.5,26.3,0.3,0.3,4.88,15.2,23.55,97,54,Ngawi,-7.4008,111.4492
2022-12-03,31.4,23.1,26.9,4.1,4.1,4.77,16.9,21.59,95,56,Ngawi,-7.4008,111.4492
2022-12-04,30.2,22.8,25.6,10.9,10.9,3.95,10.3,19.62,97,68,Ngawi,-7.4008,111.4492
2022-12-05,29.8,23.0,25.4,12.1,12.1,2.96,16.6,14.77,98,73,Ngawi,-7.4008,111.4492
2022-12-06,30.7,23.1,25.9,9.9,9.9,4.07,14.9,20.02,100,69,Ngawi,-7.4008,111.4492
2022-12-07,30.6,23.0,25.7,14.5,14.5,4.3,10.9,21.32,99,70,Ngawi,-7.4008,111.4492
2022-12-08,31.3,23.0,26.2,5.8,5.8,4.53,8.4,22.04,98,63,Ngawi,-7.4008,111.4492
2022-12-09,32.0,22.5,26.8,1.1,1.1,5.32,14.9,25.06,94,52,Ngawi,-7.4008,111.4492
2022-12-10,32.1,21.8,27.0,0.1,0.1,5.84,25.3,25.34,99,53,Ngawi,-7.4008,111.4492
2022-12-11,31.9,23.2,26.3,7.3,7.3,4.59,14.5,22.45,98,62,Ngawi,-7.4008,111.4492
2022-12-12,32.3,22.7,27.2,0.5,0.5,5.25,11.4,25.15,96,56,Ngawi,-7.4008,111.4492
2022-12-13,31.5,23.2,26.5,21.0,21.0,4.65,15.3,22.94,98,68,Ngawi,-7.4008,111.4492
2022-12-14,30.5,23.0,25.9,4.9,4.9,3.66,13.7,18.0,99,67,Ngawi,-7.4008,111.4492
2022-12-15,30.2,22.9,25.5,12.2,12.2,3.72,13.2,18.27,98,65,Ngawi,-7.4008,111.4492
2022-12-16,28.8,22.6,24.9,11.0,11.0,2.4,9.7,11.6,98,76,Ngawi,-7.4008,111.4492
2022-12-17,30.5,22.5,25.7,1.3,1.3,4.3,15.5,21.42,99,63,Ngawi,-7.4008,111.4492
2022-12-18,32.1,21.5,26.7,0.2,0.2,5.18,14.0,24.63,100,54,Ngawi,-7.4008,111.4492
2022-12-19,31.5,21.9,26.0,0.2,0.2,4.5,18.1,22.17,100,57,Ngawi,-7.4008,111.4492
2022-12-20,30.2,22.9,26.3,3.5,3.5,4.26,14.7,21.29,98,65,Ngawi,-7.4008,111.4492
2022-12-21,30.4,23.4,26.4,5.1,5.1,3.94,11.2,19.02,95,64,Ngawi,-7.4008,111.4492
2022-12-22,29.4,23.1,25.3,23.9,23.9,2.77,14.7,13.4,97,71,Ngawi,-7.4008,111.4492
2022-12-23,30.0,22.5,24.7,22.9,22.9,2.39,23.3,11.72,98,67,Ngawi,-7.4008,111.4492
2022-12-24,30.0,22.5,25.2,5.5,5.5,3.12,22.0,14.73,97,63,Ngawi,-7.4008,111.4492
2022-12-25,26.5,22.4,24.2,16.8,16.8,1.6,19.7,8.02,98,85,Ngawi,-7.4008,111.4492
2022-12-26,27.5,21.8,24.2,11.9,11.9,2.44,19.8,12.66,99,78,Ngawi,-7.4008,111.4492
2022-12-27,27.8,22.0,24.4,8.9,8.9,2.51,17.1,12.58,99,72,Ngawi,-7.4008,111.4492
2022-12-28,30.1,22.5,25.6,16.9,16.9,4.13,27.0,20.22,97,61,Ngawi,-7.4008,111.4492
2022-12-29,28.5,23.0,25.2,10.6,10.6,2.89,20.8,14.43,98,78,Ngawi,-7.4008,111.4492
2022-12-30,27.9,23.4,24.9,14.8,14.8,2.27,18.4,10.8,94,79,Ngawi,-7.4008,111.4492
2022-12-31,27.1,23.0,24.6,23.4,23.4,2.21,20.3,10.7,97,78,Ngawi,-7.4008,111.4492
2023-01-01,28.2,23.5,25.4,3.8,3.8,3.11,27.1,14.82,93,75,Ngawi,-7.4008,111.4492
2023-01-02,29.0,23.8,25.5,11.8,11.8,3.64,30.2,18.89,92,71,Ngawi,-7.4008,111.4492
2023-01-03,29.6,22.2,25.5,6.0,6.0,4.13,26.0,20.76,98,65,Ngawi,-7.4008,111.4492
2023-01-04,29.8,22.7,25.7,8.4,8.4,4.23,23.1,21.47,94,67,Ngawi,-7.4008,111.4492
2023-01-05,29.4,21.9,25.0,6.5,6.5,3.05,11.0,15.11,99,74,Ngawi,-7.4008,111.4492
2023-01-06,29.7,22.7,25.7,1.4,1.4,3.27,7.9,15.65,95,68,Ngawi,-7.4008,111.4492
2023-01-07,30.7,22.9,26.0,1.3,1.3,4.53,9.0,22.2,100,62,Ngawi,-7.4008,111.4492
2023-01-08,30.4,22.2,26.2,1.1,1.1,4.35,9.2,21.21,97,64,Ngawi,-7.4008,111.4492
2023-01-09,30.0,23.0,25.4,8.7,8.7,4.17,12.6,21.13,100,69,Ngawi,-7.4008,111.4492
2023-01-10,29.6,21.9,25.6,0.2,0.2,3.97,10.5,19.89,100,68,Ngawi,-7.4008,111.4492
2023-01-11,31.5,22.2,26.7,0.2,0.2,4.9,18.1,23.41,97,60,Ngawi,-7.4008,111.4492
2023-01-12,31.8,21.7,27.1,0.0,0.0,5.76,25.2,24.69,97,56,Ngawi,-7.4008,111.4492
2023-01-13,31.5,22.6,27.1,0.1,0.1,5.48,14.8,25.46,92,56,Ngawi,-7.4008,111.4492
2023-01-14,31.8,22.4,26.8,1.3,1.3,4.9,11.2,23.55,98,57,Ngawi,-7.4008,111.4492
2023-01-15,31.4,23.5,26.4,4.2,4.2,4.1,16.2,19.9,96,62,Ngawi,-7.4008,111.4492
2023-01-16,29.7,23.2,25.9,12.4,12.4,3.31,14.7,16.1,97,69,Ngawi,-7.4008,111.4492
2023-01-17,29.5,22.8,25.4,18.0,18.0,3.15,11.6,15.54,97,74,Ngawi,-7.4008,111.4492
2023-01-18,30.5,22.0,25.2,4.6,4.6,3.56,15.9,17.42,99,66,Ngawi,-7.4008,111.4492
2023-01-19,31.0,22.8,25.8,4.9,4.9,3.81,14.6,18.31,98,61,Ngawi,-7.4008,111.4492
2023-01-20,29.7,22.5,25.6,7.0,7.0,3.86,9.7,18.87,96,68,Ngawi,-7.4008,111.4492
2023-01-21,30.2,22.2,25.2,17.5,17.5,3.76,13.4,18.66,99,69,Ngawi,-7.4008,111.4492
2023-01-22,30.2,23.0,25.7,2.5,2.5,3.71,9.0,18.24,99,66,Ngawi,-7.4008,111.4492
2023-01-23,32.2,23.5,26.9,0.4,0.4,4.9,13.7,23.26,97,52,Ngawi,-7.4008,111.4492
2023-01-24,32.0,23.4,26.7,1.5,1.5,4.7,14.4,22.87,98,56,Ngawi,-7.4008,111.4492
2023-01-25,29.9,22.6,25.2,17.2,17.2,2.97,10.1,14.71,97,69,Ngawi,-7.4008,111.4492
2023-01-26,28.8,21.9,24.4,20.9,20.9,2.67,10.0,13.36,100,76,Ngawi,-7.4008,111.4492
2023-01-27,28.9,22.5,24.9,14.2,14.2,2.61,13.3,12.51,98,72,Ngawi,-7.4008,111.4492
2023-01-28,27.7,23.2,24.6,10.2,10.2,2.06,16.3,9.93,98,76,Ngawi,-7.4008,111.4492
2023-01-29,29.5,22.2,25.4,11.8,11.8,3.44,16.1,17.37,99,72,Ngawi,-7.4008,111.4492
2023-01-30,31.1,22.9,25.7,2.3,2.3,3.38,15.6,16.37,97,65,Ngawi,-7.4008,111.4492
2023-01-31,30.1,22.6,26.0,0.9,0.9,3.55,13.4,16.96,95,67,Ngawi,-7.4008,111.4492
2023-02-01,30.8,22.7,25.4,26.5,26.5,3.41,21.0,16.91,96,63,Ngawi,-7.4008,111.4492
2023-02-02,28.4,22.8,25.0,13.0,13.0,2.11,16.0,9.54,99,71,Ngawi,-7.4008,111.4492
2023-02-03,28.9,23.0,25.6,8.1,8.1,2.55,23.5,11.03,97,68,Ngawi,-7.4008,111.4492
2023-02-04,29.8,23.5,25.9,8.3,8.3,3.13,16.4,15.33,97,72,Ngawi,-7.4008,111.4492
2023-02-05,30.8,23.2,26.0,4.1,4.1,4.16,16.7,19.45,98,54,Ngawi,-7.4008,111.4492
2023-02-06,30.6,23.0,26.3,0.0,0.0,3.43,12.7,15.58,91,60,Ngawi,-7.4008,111.4492
2023-02-07,29.6,22.2,25.1,17.7,17.7,2.88,17.3,13.78,95,65,Ngawi,-7.4008,111.4492
2023-02-08,29.2,23.3,25.2,20.0,20.0,2.62,17.7,12.95,97,75,Ngawi,-7.4008,111.4492
2023-02-09,29.7,22.4,25.0,21.2,21.2,2.81,17.4,13.63,98,72,Ngawi,-7.4008,111.4492
2023-02-10,30.4,23.2,25.9,15.9,15.9,3.59,19.9,17.96,99,70,Ngawi,-7.4008,111.4492
2023-02-11,28.4,23.2,25.2,20.2,20.2,2.65,20.9,14.11,97,79,Ngawi,-7.4008,111.4492
2023-02-12,29.5,22.8,25.1,19.9,19.9,2.86,19.1,14.77,100,75,Ngawi,-7.4008,111.4492
2023-02-13,29.4,22.2,25.0,3.3,3.3,3.47,8.9,16.75,99,64,Ngawi,-7.4008,111.4492
2023-02-14,30.6,21.5,25.1,13.4,13.4,3.99,21.6,20.37,100,67,Ngawi,-7.4008,111.4492
2023-02-15,29.0,22.0,24.9,13.3,13.3,2.84,13.6,13.63,100,71,Ngawi,-7.4008,111.4492
2023-02-16,27.9,22.5,24.3,48.4,48.4,2.28,12.3,11.43,99,77,Ngawi,-7.4008,111.4492
2023-02-17,27.9,21.9,24.7,13.1,13.1,2.58,17.4,12.78,98,77,Ngawi,-7.4008,111.4492
2023-02-18,28.9,22.3,25.0,10.0,10.0,2.97,18.2,14.72,99,73,Ngawi,-7.4008,111.4492
2023-02-19,31.0,21.6,25.6,1.1,1.1,4.21,20.9,21.06,98,61,Ngawi,-7.4008,111.4492
2023-02-20,30.4,22.2,25.2,26.8,26.8,3.55,14.5,17.87,97,68,Ngawi,-7.4008,111.4492
2023-02-21,30.1,22.6,25.4,20.2,20.2,3.3,15.5,16.41,98,71,Ngawi,-7.4008,111.4492
2023-02-22,29.8,23.0,25.4,17.8,17.8,3.31,20.8,16.76,96,71,Ngawi,-7.4008,111.4492
2023-02-23,28.4,23.5,25.5,11.0,11.0,3.01,23.7,15.55,96,79,Ngawi,-7.4008,111.4492
2023-02-24,28.8,22.5,25.6,1.2,1.2,3.05,23.0,15.0,99,75,Ngawi,-7.4008,111.4492
2023-02-25,29.3,23.2,25.8,8.1,8.1,3.54,27.2,17.25,96,68,Ngawi,-7.4008,111.4492
2023-02-26,29.1,22.5,25.1,16.4,16.4,3.44,27.4,17.86,98,69,Ngawi,-7.4008,111.4492
2023-02-27,27.4,23.4,24.8,7.1,7.1,2.28,26.9,11.79,96,79,Ngawi,-7.4008,111.4492
2023-02-28,30.1,22.4,25.0,23.1,23.1,2.92,21.7,14.1,98,69,Ngawi,-7.4008,111.4492
2023-03-01,30.2,22.1,24.9,11.7,11.7,3.13,15.2,15.33,100,64,Ngawi,-7.4008,111.4492
2023-03-02,27.0,22.5,24.0,38.6,38.6,2.02,18.6,10.2,99,81,Ngawi,-7.4008,111.4492
2023-03-03,29.5,21.8,25.2,4.1,4.1,4.09,16.6,20.8,96,71,Ngawi,-7.4008,111.4492
2023-03-04,31.0,21.7,25.2,15.5,15.5,4.02,19.6,20.18,98,68,Ngawi,-7.4008,111.4492
2023-03-05,29.7,22.2,25.1,10.3,10.3,3.4,18.5,16.94,98,66,Ngawi,-7.4008,111.4492
2023-03-06,30.5,22.2,26.2,0.0,0.0,4.57,8.4,22.16,99,61,Ngawi,-7.4008,111.4492
2023-03-07,30.7,22.5,25.8,2.7,2.7,4.56,10.1,22.52,97,68,Ngawi,-7.4008,111.4492
2023-03-08,30.2,22.5,25.5,3.6,3.6,4.08,11.7,20.27,99,66,Ngawi,-7.4008,111.4492
2023-03-09,31.1,22.8,26.0,3.9,3.9,4.69,11.6,23.07,99,66,Ngawi,-7.4008,111.4492
2023-03-10,32.0,22.1,26.4,4.7,4.7,5.16,11.2,25.24,100,57,Ngawi,-7.4008,111.4492
2023-03-11,32.2,22.9,26.9,1.7,1.7,4.96,11.6,24.08,98,62,Ngawi,-7.4008,111.4492
2023-03-12,32.2,21.6,26.7,0.3,0.3,5.52,12.1,26.3,100,52,Ngawi,-7.4008,111.4492
2023-03-13,31.7,22.2,26.7,1.9,1.9,5.33,9.8,25.76,99,51,Ngawi,-7.4008,111.4492
2023-03-14,31.6,22.9,25.8,4.7,4.7,4.66,9.9,22.91,97,56,Ngawi,-7.4008,111.4492
2023-03-15,31.5,23.1,26.2,6.5,6.5,4.35,15.8,21.7,97,61,Ngawi,-7.4008,111.4492
2023-03-16,31.3,23.3,26.4,11.8,11.8,4.2,14.5,20.87,99,65,Ngawi,-7.4008,111.4492
2023-03-17,30.5,23.4,25.9,10.8,10.8,3.71,7.6,18.32,98,71,Ngawi,-7.4008,111.4492
2023-03-18,32.0,22.5,25.9,21.1,21.1,4.31,15.7,21.38,100,60,Ngawi,-7.4008,111.4492
2023-03-19,31.8,23.6,26.4,7.0,7.0,4.37,17.8,21.66,98,62,Ngawi,-7.4008,111.4492
2023-03-20,31.3,23.1,25.8,24.0,24.0,4.01,12.6,19.76,97,66,Ngawi,-7.4008,111.4492
2023-03-21,31.9,22.6,26.7,8.4,8.4,5.07,10.0,24.59,98,63,Ngawi,-7.4008,111.4492
2023-03-22,30.5,22.3,26.2,16.6,16.6,3.93,13.7,19.34,99,69,Ngawi,-7.4008,111.4492
2023-03-23,31.0,23.2,26.4,12.6,12.6,4.33,9.0,21.03,98,71,Ngawi,-7.4008,111.4492
2023-03-24,31.5,23.5,26.3,17.5,17.5,4.09,7.9,19.81,99,67,Ngawi,-7.4008,111.4492
2023-03-25,30.3,23.6,26.0,3.1,3.1,3.6,11.8,17.86,99,71,Ngawi,-7.4008,111.4492
2023-03-26,30.8,22.6,25.6,9.5,9.5,3.64,19.8,18.35,97,72,Ngawi,-7.4008,111.4492
2023-03-27,28.9,23.5,25.4,8.2,8.2,2.54,15.5,12.65,100,78,Ngawi,-7.4008,111.4492
2023-03-28,29.9,23.0,25.6,16.2,16.2,2.9,21.3,14.55,98,75,Ngawi,-7.4008,111.4492
2023-03-29,30.5,23.3,25.9,7.2,7.2,3.39,11.8,16.5,96,65,Ngawi,-7.4008,111.4492
2023-03-30,30.5,23.9,25.9,20.0,20.0,3.49,11.2,16.83,98,70,Ngawi,-7.4008,111.4492
2023-03-31,29.6,22.9,25.0,37.3,37.3,2.89,8.5,14.23,99,72,Ngawi,-7.4008,111.4492
2023-04-01,28.2,23.0,24.9,10.4,10.4,2.87,10.7,14.27,97,73,Ngawi,-7.4008,111.4492
2023-04-02,30.1,22.0,24.9,30.0,30.0,3.44,12.7,16.88,97,74,Ngawi,-7.4008,111.4492
2023-04-03,30.5,23.0,25.6,13.8,13.8,3.69,7.8,18.08,97,66,Ngawi,-7.4008,111.4492
2023-04-04,30.0,23.1,25.9,0.1,0.1,3.51,8.0,16.83,97,62,Ngawi,-7.4008,111.4492
2023-04-05,31.0,23.0,26.3,11.2,11.2,4.54,10.1,22.17,99,60,Ngawi,-7.4008,111.4492
2023-04-06,30.5,22.5,26.0,0.2,0.2,3.87,12.9,19.04,98,67,Ngawi,-7.4008,111.4492
2023-04-07,29.5,22.5,26.2,0.0,0.0,3.54,9.7,17.02,93,67,Ngawi,-7.4008,111.4492
2023-04-08,31.5,23.2,26.3,11.7,11.7,4.22,10.0,20.57,96,59,Ngawi,-7.4008,111.4492
2023-04-09,31.0,22.8,26.4,2.8,2.8,4.31,12.3,21.11,99,62,Ngawi,-7.4008,111.4492
2023-04-10,29.1,23.1,25.7,15.7,15.7,3.72,12.8,18.44,96,73,Ngawi,-7.4008,111.4492
2023-04-11,31.1,22.2,26.4,1.3,1.3,4.28,12.3,21.06,98,64,Ngawi,-7.4008,111.4492
2023-04-12,30.7,23.1,26.1,7.3,7.3,3.55,12.2,17.6,97,68,Ngawi,-7.4008,111.4492
2023-04-13,29.2,23.5,25.5,10.4,10.4,2.2,10.1,10.63,95,77,Ngawi,-7.4008,111.4492
2023-04-14,30.0,22.8,26.0,0.5,0.5,3.78,9.4,18.49,97,66,Ngawi,-7.4008,111.4492
2023-04-15,30.4,23.0,26.4,0.8,0.8,4.0,10.8,19.83,96,70,Ngawi,-7.4008,111.4492
2023-04-16,31.2,23.9,26.8,7.9,7.9,3.96,8.1,19.21,97,66,Ngawi,-7.4008,111.4492
2023-04-17,31.1,23.8,26.5,6.3,6.3,3.92,9.0,19.11,99,68,Ngawi,-7.4008,111.4492
2023-04-18,30.9,23.9,26.8,2.9,2.9,3.72,9.0,18.04,97,72,Ngawi,-7.4008,111.4492
2023-04-19,32.3,23.4,27.7,0.4,0.4,4.97,8.7,23.74,96,55,Ngawi,-7.4008,111.4492
2023-04-20,32.0,22.6,26.9,6.1,6.1,4.48,10.5,21.65,98,59,Ngawi,-7.4008,111.4492
2023-04-21,31.6,23.1,26.3,4.8,4.8,3.91,19.2,19.2,98,65,Ngawi,-7.4008,111.4492
2023-04-22,31.7,24.0,26.6,7.4,7.4,4.15,13.3,20.25,95,67,Ngawi,-7.4008,111.4492
2023-04-23,32.6,23.8,27.3,1.2,1.2,4.54,12.2,21.95,97,60,Ngawi,-7.4008,111.4492
2023-04-24,32.0,24.6,27.2,13.4,13.4,4.41,9.4,21.32,94,63,Ngawi,-7.4008,111.4492
2023-04-25,32.0,22.7,26.8,10.1,10.1,4.37,10.2,20.92,98,60,Ngawi,-7.4008,111.4492
2023-04-26,31.8,23.8,27.1,1.8,1.8,4.4,11.2,21.71,97,67,Ngawi,-7.4008,111.4492
2023-04-27,31.5,24.3,27.0,10.2,10.2,4.01,9.8,19.69,99,68,Ngawi,-7.4008,111.4492
2023-04-28,31.6,24.2,26.8,25.5,25.5,3.8,8.9,18.26,97,68,Ngawi,-7.4008,111.4492
2023-04-29,30.3,24.0,25.8,22.5,22.5,2.99,12.3,14.78,97,70,Ngawi,-7.4008,111.4492
2023-04-30,31.8,23.5,27.1,3.2,3.2,4.26,8.2,20.69,99,60,Ngawi,-7.4008,111.4492
2023-05-01,31.5,24.0,26.4,12.6,12.6,3.72,15.2,18.67,98,66,Ngawi,-7.4008,111.4492
2023-05-02,31.1,23.4,26.4,5.5,5.5,3.61,11.2,17.96,97,71,Ngawi,-7.4008,111.4492
2023-05-03,30.5,24.1,26.4,14.6,14.6,3.21,16.0,16.16,98,74,Ngawi,-7.4008,111.4492
2023-05-04,31.1,23.9,26.2,12.8,12.8,3.5,9.5,17.23,98,74,Ngawi,-7.4008,111.4492
2023-05-05,31.6,23.1,27.0,3.9,3.9,4.33,11.5,21.09,96,63,Ngawi,-7.4008,111.4492
2023-05-06,31.5,22.8,26.5,2.5,2.5,3.9,13.1,19.11,98,68,Ngawi,-7.4008,111.4492
2023-05-07,31.0,23.5,27.0,8.2,8.2,4.09,10.2,19.86,97,69,Ngawi,-7.4008,111.4492
2023-05-08,31.2,23.6,27.3,0.9,0.9,4.24,10.9,20.05,89,61,Ngawi,-7.4008,111.4492
2023-05-09,31.5,23.2,26.6,1.0,1.0,3.91,13.0,18.81,96,63,Ngawi,-7.4008,111.4492
2023-05-10,31.0,24.2,26.6,12.9,12.9,3.3,12.8,16.12,95,70,Ngawi,-7.4008,111.4492
2023-05-11,30.0,23.8,26.1,18.3,18.3,2.92,21.3,14.64,98,77,Ngawi,-7.4008,111.4492
2023-05-12,31.6,22.9,26.7,11.2,11.2,3.96,14.0,19.23,98,66,Ngawi,-7.4008,111.4492
2023-05-13,30.8,25.4,27.3,0.0,0.0,5.22,25.9,21.33,87,61,Ngawi,-7.4008,111.4492
2023-05-14,30.5,24.2,26.7,0.1,0.1,5.34,24.9,21.66,78,62,Ngawi,-7.4008,111.4492
2023-05-15,30.5,23.2,26.5,0.0,0.0,5.16,21.3,21.03,81,55,Ngawi,-7.4008,111.4492
2023-05-16,30.6,22.6,26.5,0.0,0.0,5.01,18.8,21.74,82,54,Ngawi,-7.4008,111.4492
2023-05-17,30.5,22.6,26.4,0.0,0.0,4.99,17.3,21.63,83,56,Ngawi,-7.4008,111.4492
2023-05-18,31.0,21.5,26.3,0.0,0.0,4.97,18.7,21.51,87,53,Ngawi,-7.4008,111.4492
2023-05-19,31.1,23.6,27.2,0.0,0.0,4.83,16.6,20.93,82,55,Ngawi,-7.4008,111.4492
2023-05-20,31.5,23.7,27.5,0.0,0.0,5.12,22.4,21.4,83,54,Ngawi,-7.4008,111.4492
2023-05-21,31.5,22.5,26.9,0.0,0.0,4.95,20.3,21.61,90,53,Ngawi,-7.4008,111.4492
2023-05-22,31.4,23.5,27.2,0.0,0.0,5.17,18.4,21.5,83,51,Ngawi,-7.4008,111.4492
2023-05-23,31.2,22.8,27.0,0.0,0.0,4.74,12.7,21.94,85,47,Ngawi,-7.4008,111.4492
2023-05-24,31.7,22.8,27.4,0.0,0.0,4.51,12.7,20.82,91,51,Ngawi,-7.4008,111.4492
2023-05-25,31.9,23.3,27.5,0.0,0.0,5.33,22.3,21.67,89,51,Ngawi,-7.4008,111.4492
2023-05-26,32.2,23.0,27.6,0.0,0.0,5.09,21.6,20.97,87,49,Ngawi,-7.4008,111.4492
2023-05-27,32.4,24.8,27.9,0.0,0.0,5.64,27.1,20.49,78,46,Ngawi,-7.4008,111.4492
2023-05-28,31.5,23.9,27.4,0.0,0.0,5.26,23.4,20.07,79,44,Ngawi,-7.4008,111.4492
2023-05-29,31.6,24.0,27.7,0.0,0.0,4.76,21.4,17.6,77,48,Ngawi,-7.4008,111.4492
2023-05-30,32.6,23.5,27.9,0.0,0.0,5.1,14.9,20.66,83,42,Ngawi,-7.4008,111.4492
2023-05-31,32.8,23.5,28.0,0.0,0.0,5.0,19.7,20.07,85,43,Ngawi,-7.4008,111.4492
2023-06-01,33.3,23.5,28.1,0.0,0.0,5.13,20.5,20.77,87,45,Ngawi,-7.4008,111.4492
2023-06-02,33.4,24.9,28.4,0.0,0.0,5.46,26.1,20.6,83,47,Ngawi,-7.4008,111.4492
2023-06-03,33.2,24.4,28.5,0.0,0.0,5.22,20.2,20.53,84,48,Ngawi,-7.4008,111.4492
2023-06-04,32.8,24.8,28.3,0.4,0.4,5.06,19.5,19.33,82,51,Ngawi,-7.4008,111.4492
2023-06-05,32.3,24.8,27.9,1.4,1.4,4.66,20.0,18.36,83,54,Ngawi,-7.4008,111.4492
2023-06-06,32.8,25.2,27.7,2.3,2.3,4.59,19.8,18.59,83,53,Ngawi,-7.4008,111.4492
2023-06-07,32.5,23.6,27.0,3.6,3.6,4.41,20.2,19.0,93,55,Ngawi,-7.4008,111.4492
2023-06-08,32.5,24.1,27.6,1.7,1.7,4.66,16.4,20.23,93,52,Ngawi,-7.4008,111.4492
2023-06-09,32.8,24.8,28.2,0.2,0.2,5.44,22.8,20.48,79,46,Ngawi,-7.4008,111.4492
2023-06-10,33.6,24.1,28.1,0.0,0.0,5.37,21.8,20.87,82,41,Ngawi,-7.4008,111.4492
2023-06-11,33.2,23.6,28.1,0.5,0.5,4.85,18.4,19.24,84,47,Ngawi,-7.4008,111.4492
2023-06-12,33.9,25.1,28.4,1.5,1.5,4.54,14.8,19.05,84,48,Ngawi,-7.4008,111.4492
2023-06-13,33.5,24.9,28.4,0.2,0.2,4.86,22.0,18.87,84,47,Ngawi,-7.4008,111.4492
2023-06-14,33.3,24.5,28.4,0.0,0.0,5.37,22.4,20.36,81,42,Ngawi,-7.4008,111.4492
2023-06-15,33.2,24.5,28.1,0.0,0.0,4.63,18.8,17.81,80,40,Ngawi,-7.4008,111.4492
2023-06-16,33.7,23.6,28.4,0.0,0.0,4.62,14.3,20.39,86,34,Ngawi,-7.4008,111.4492
2023-06-17,34.1,23.7,28.0,1.1,1.1,4.45,11.4,19.92,92,43,Ngawi,-7.4008,111.4492
2023-06-18,34.0,23.4,28.2,0.0,0.0,4.8,17.9,20.06,98,42,Ngawi,-7.4008,111.4492
2023-06-19,34.6,23.1,27.8,12.1,12.1,4.3,15.1,19.96,96,41,Ngawi,-7.4008,111.4492
2023-06-20,31.5,22.5,27.0,0.2,0.2,4.17,7.4,20.07,98,55,Ngawi,-7.4008,111.4492
2023-06-21,32.8,23.5,27.8,0.0,0.0,5.15,23.9,20.39,90,51,Ngawi,-7.4008,111.4492
2023-06-22,32.7,23.4,27.7,0.0,0.0,5.0,23.8,20.29,88,48,Ngawi,-7.4008,111.4492
2023-06-23,32.4,23.0,27.5,0.0,0.0,4.74,18.1,20.56,92,42,Ngawi,-7.4008,111.4492
2023-06-24,32.6,23.4,27.6,0.2,0.2,4.53,15.5,20.65,81,40,Ngawi,-7.4008,111.4492
2023-06-25,32.0,22.8,27.4,0.0,0.0,4.36,16.8,19.37,92,46,Ngawi,-7.4008,111.4492
2023-06-26,32.2,22.5,27.3,0.0,0.0,4.86,23.8,19.7,92,45,Ngawi,-7.4008,111.4492
2023-06-27,33.0,24.3,27.7,0.1,0.1,5.65,28.7,19.13,79,46,Ngawi,-7.4008,111.4492
2023-06-28,32.9,25.0,28.0,0.3,0.3,5.71,28.9,19.79,77,47,Ngawi,-7.4008,111.4492
2023-06-29,33.1,25.5,28.5,0.1,0.1,5.89,27.0,19.84,76,48,Ngawi,-7.4008,111.4492
2023-06-30,32.9,24.0,28.1,0.0,0.0,5.35,24.9,20.15,84,46,Ngawi,-7.4008,111.4492
2023-07-01,32.8,25.4,28.0,0.3,0.3,5.64,31.9,19.38,76,48,Ngawi,-7.4008,111.4492
2023-07-02,32.3,25.2,28.0,0.4,0.4,5.23,23.5,18.49,76,51,Ngawi,-7.4008,111.4492
2023-07-03,33.5,24.5,28.3,0.0,0.0,5.81,27.4,19.2,74,44,Ngawi,-7.4008,111.4492
2023-07-04,34.2,23.4,28.3,0.0,0.0,5.35,27.8,20.04,86,40,Ngawi,-7.4008,111.4492
2023-07-05,33.6,24.7,28.2,1.0,1.0,5.29,23.6,19.23,79,47,Ngawi,-7.4008,111.4492
2023-07-06,33.0,25.0,27.8,2.8,2.8,4.74,24.9,17.74,80,51,Ngawi,-7.4008,111.4492
2023-07-07,30.1,24.4,26.5,6.5,6.5,3.59,20.7,14.26,89,61,Ngawi,-7.4008,111.4492
2023-07-08,31.9,24.5,26.8,2.1,2.1,3.51,17.4,14.61,92,55,Ngawi,-7.4008,111.4492
2023-07-09,32.5,23.5,27.5,0.5,0.5,4.54,14.8,19.21,91,49,Ngawi,-7.4008,111.4492
2023-07-10,33.0,22.9,27.4,0.2,0.2,5.23,22.5,20.48,88,48,Ngawi,-7.4008,111.4492
2023-07-11,33.0,24.4,27.5,0.0,0.0,5.84,24.7,20.89,79,42,Ngawi,-7.4008,111.4492
2023-07-12,32.1,23.0,27.3,0.0,0.0,6.21,27.6,21.1,77,43,Ngawi,-7.4008,111.4492
2023-07-13,32.0,24.9,27.8,0.8,0.8,5.7,26.1,19.57,72,50,Ngawi,-7.4008,111.4492
2023-07-14,31.6,24.7,27.5,0.0,0.0,6.03,34.3,20.17,78,48,Ngawi,-7.4008,111.4492
2023-07-15,32.9,22.9,27.6,0.0,0.0,5.35,28.5,20.26,85,46,Ngawi,-7.4008,111.4492
2023-07-16,32.5,23.0,27.0,0.0,0.0,5.89,28.1,20.83,84,44,Ngawi,-7.4008,111.4492
2023-07-17,32.5,22.6,26.8,0.0,0.0,5.62,24.3,21.66,82,41,Ngawi,-7.4008,111.4492
2023-07-18,32.8,22.5,27.0,0.0,0.0,5.47,24.1,21.68,85,41,Ngawi,-7.4008,111.4492
2023-07-19,32.0,23.9,26.8,0.0,0.0,6.6,36.4,21.37,76,42,Ngawi,-7.4008,111.4492
2023-07-20,31.9,23.4,26.6,0.0,0.0,6.59,29.4,21.6,70,43,Ngawi,-7.4008,111.4492
2023-07-21,32.0,23.8,26.8,0.0,0.0,6.18,28.9,19.73,75,44,Ngawi,-7.4008,111.4492
2023-07-22,33.1,23.0,27.3,0.0,0.0,5.9,25.2,21.13,74,37,Ngawi,-7.4008,111.4492
2023-07-23,33.0,24.0,27.6,0.0,0.0,5.84,24.9,18.71,72,41,Ngawi,-7.4008,111.4492
2023-07-24,32.9,22.6,27.5,0.0,0.0,5.12,20.5,18.64,80,42,Ngawi,-7.4008,111.4492
2023-07-25,33.5,22.7,27.6,0.0,0.0,5.09,22.5,19.21,86,39,Ngawi,-7.4008,111.4492
2023-07-26,32.4,23.3,26.9,0.0,0.0,6.13,25.4,21.67,79,41,Ngawi,-7.4008,111.4492
2023-07-27,32.3,20.9,26.1,0.0,0.0,5.84,23.4,22.36,84,37,Ngawi,-7.4008,111.4492
2023-07-28,31.8,21.9,26.1,0.0,0.0,5.65,25.6,21.89,81,39,Ngawi,-7.4008,111.4492
2023-07-29,32.2,21.9,26.3,0.0,0.0,6.02,28.6,22.06,81,39,Ngawi,-7.4008,111.4492
2023-07-30,32.3,22.2,26.4,0.0,0.0,6.19,27.7,21.51,76,41,Ngawi,-7.4008,111.4492
2023-07-31,33.7,22.0,27.2,0.0,0.0,5.71,20.5,22.1,79,35,Ngawi,-7.4008,111.4492
2023-08-01,35.0,22.4,28.0,0.0,0.0,5.44,14.7,21.68,75,34,Ngawi,-7.4008,111.4492
2023-08-02,34.7,22.5,28.1,0.2,0.2,5.0,11.2,21.6,88,40,Ngawi,-7.4008,111.4492
2023-08-03,34.2,23.2,28.2,0.0,0.0,5.2,28.5,19.59,86,40,Ngawi,-7.4008,111.4492
2023-08-04,32.7,23.2,27.3,0.0,0.0,5.83,25.8,20.0,85,44,Ngawi,-7.4008,111.4492
2023-08-05,34.0,23.6,27.5,0.0,0.0,5.94,29.9,21.73,78,37,Ngawi,-7.4008,111.4492
2023-08-06,33.2,23.9,27.8,0.1,0.1,5.57,23.1,21.31,78,45,Ngawi,-7.4008,111.4492
2023-08-07,32.6,23.9,27.6,0.1,0.1,5.68,23.1,21.81,76,46,Ngawi,-7.4008,111.4492
2023-08-08,33.0,22.5,27.1,0.0,0.0,5.46,22.0,22.06,83,41,Ngawi,-7.4008,111.4492
2023-08-09,33.0,22.4,27.0,0.0,0.0,5.58,20.9,23.41,78,34,Ngawi,-7.4008,111.4492
2023-08-10,33.0,22.7,26.6,0.0,0.0,6.32,29.5,23.44,77,34,Ngawi,-7.4008,111.4492
2023-08-11,32.7,19.8,26.1,0.0,0.0,6.33,24.7,23.38,90,33,Ngawi,-7.4008,111.4492
2023-08-12,32.5,20.4,26.5,0.0,0.0,5.92,22.1,22.89,78,36,Ngawi,-7.4008,111.4492
2023-08-13,33.0,22.1,27.3,0.0,0.0,6.07,20.9,23.26,74,30,Ngawi,-7.4008,111.4492
2023-08-14,33.0,22.8,27.3,0.0,0.0,6.33,23.9,23.11,75,35,Ngawi,-7.4008,111.4492
2023-08-15,34.3,22.6,27.4,0.0,0.0,6.51,29.5,22.69,81,33,Ngawi,-7.4008,111.4492
2023-08-16,33.5,22.2,27.0,0.0,0.0,6.56,35.5,23.6,82,37,Ngawi,-7.4008,111.4492
2023-08-17,32.5,23.3,26.6,0.0,0.0,6.65,30.2,22.7,74,38,Ngawi,-7.4008,111.4492
2023-08-18,33.8,22.8,26.8,0.0,0.0,6.29,29.2,21.73,74,34,Ngawi,-7.4008,111.4492
2023-08-19,34.0,22.3,27.6,0.0,0.0,5.94,19.7,22.5,80,36,Ngawi,-7.4008,111.4492
2023-08-20,33.8,22.6,27.3,0.0,0.0,6.08,26.3,22.33,81,35,Ngawi,-7.4008,111.4492
2023-08-21,34.0,22.9,27.4,0.0,0.0,6.17,30.9,21.66,77,36,Ngawi,-7.4008,111.4492
2023-08-22,34.1,24.2,27.6,0.0,0.0,6.35,29.8,21.52,71,35,Ngawi,-7.4008,111.4492
2023-08-23,34.4,23.2,27.3,0.0,0.0,6.52,31.3,22.23,73,34,Ngawi,-7.4008,111.4492
2023-08-24,34.8,22.8,27.6,0.0,0.0,6.37,27.7,23.12,79,34,Ngawi,-7.4008,111.4492
2023-08-25,34.8,24.1,28.1,0.0,0.0,6.61,29.6,23.61,76,35,Ngawi,-7.4008,111.4492
2023-08-26,34.4,23.7,27.9,0.0,0.0,6.22,26.5,23.19,74,39,Ngawi,-7.4008,111.4492
2023-08-27,34.8,23.5,27.8,0.0,0.0,6.36,29.5,22.44,73,30,Ngawi,-7.4008,111.4492
2023-08-28,34.4,23.0,27.9,0.0,0.0,6.51,25.3,24.55,74,27,Ngawi,-7.4008,111.4492
2023-08-29,35.0,23.5,28.2,0.0,0.0,6.56,21.7,24.56,73,29,Ngawi,-7.4008,111.4492
2023-08-30,34.7,23.0,28.1,0.0,0.0,6.01,15.3,24.29,77,30,Ngawi,-7.4008,111.4492
2023-08-31,34.3,22.3,27.2,0.0,0.0,6.65,29.0,24.25,85,34,Ngawi,-7.4008,111.4492
2023-09-01,33.7,22.9,27.2,0.0,0.0,7.08,28.1,25.16,76,34,Ngawi,-7.4008,111.4492
2023-09-02,33.2,21.5,26.6,0.0,0.0,6.35,32.8,23.6,77,32,Ngawi,-7.4008,111.4492
2023-09-03,33.3,22.0,26.7,0.0,0.0,6.39,31.9,23.07,81,31,Ngawi,-7.4008,111.4492
2023-09-04,33.8,22.4,27.1,0.0,0.0,7.07,28.5,25.07,78,26,Ngawi,-7.4008,111.4492
2023-09-05,36.2,22.9,27.8,0.0,0.0,6.88,27.6,24.22,71,26,Ngawi,-7.4008,111.4492
2023-09-06,33.9,23.9,27.7,0.0,0.0,7.04,31.5,22.11,75,39,Ngawi,-7.4008,111.4492
2023-09-07,35.0,23.9,28.0,0.0,0.0,7.19,30.3,23.84,74,32,Ngawi,-7.4008,111.4492
2023-09-08,34.7,23.0,27.9,0.0,0.0,6.99,29.9,23.42,76,32,Ngawi,-7.4008,111.4492
2023-09-09,35.5,22.9,27.8,0.0,0.0,6.94,24.7,25.83,66,21,Ngawi,-7.4008,111.4492
2023-09-10,34.7,22.6,27.4,0.0,0.0,7.32,31.3,25.31,70,31,Ngawi,-7.4008,111.4492
2023-09-11,36.5,24.4,29.0,0.3,0.3,6.91,28.6,24.12,73,30,Ngawi,-7.4008,111.4492
2023-09-12,35.7,24.8,28.8,0.0,0.0,6.84,25.4,23.63,76,33,Ngawi,-7.4008,111.4492
2023-09-13,35.7,24.0,28.7,0.0,0.0,7.18,29.1,23.64,72,30,Ngawi,-7.4008,111.4492
2023-09-14,33.2,25.1,28.2,0.8,0.8,6.67,27.7,22.07,68,40,Ngawi,-7.4008,111.4492
2023-09-15,35.0,23.8,28.2,0.3,0.3,7.07,30.6,23.93,72,34,Ngawi,-7.4008,111.4492
2023-09-16,35.4,24.1,28.5,0.7,0.7,6.44,24.3,24.15,73,35,Ngawi,-7.4008,111.4492
2023-09-17,33.9,24.9,28.5,0.0,0.0,7.04,29.4,24.07,72,40,Ngawi,-7.4008,111.4492
2023-09-18,34.2,25.0,28.4,0.0,0.0,7.64,34.3,24.57,71,33,Ngawi,-7.4008,111.4492
2023-09-19,36.0,23.7,28.4,0.0,0.0,7.08,31.3,23.57,70,29,Ngawi,-7.4008,111.4492
2023-09-20,36.0,24.0,28.7,0.0,0.0,7.28,27.4,24.32,71,31,Ngawi,-7.4008,111.4492
2023-09-21,35.4,23.8,28.5,0.0,0.0,8.14,34.3,25.33,67,30,Ngawi,-7.4008,111.4492
2023-09-22,34.2,22.5,27.7,0.0,0.0,8.15,35.2,25.91,74,23,Ngawi,-7.4008,111.4492
2023-09-23,35.7,21.9,28.2,0.0,0.0,6.7,25.6,25.32,79,25,Ngawi,-7.4008,111.4492
2023-09-24,37.0,23.7,29.3,0.0,0.0,6.57,15.7,24.15,74,28,Ngawi,-7.4008,111.4492
2023-09-25,35.3,24.2,28.7,0.0,0.0,7.78,31.7,24.76,74,30,Ngawi,-7.4008,111.4492
2023-09-26,36.2,24.1,29.0,0.0,0.0,7.95,32.1,25.62,73,25,Ngawi,-7.4008,111.4492
2023-09-27,36.5,23.8,29.3,0.0,0.0,7.35,20.6,25.79,70,27,Ngawi,-7.4008,111.4492
2023-09-28,36.5,23.7,29.4,0.0,0.0,7.12,18.8,25.96,79,29,Ngawi,-7.4008,111.4492
2023-09-29,37.0,24.5,29.7,0.0,0.0,6.67,23.3,25.46,76,26,Ngawi,-7.4008,111.4492
2023-09-30,36.3,24.7,29.5,0.0,0.0,7.21,26.3,26.21,75,25,Ngawi,-7.4008,111.4492
2023-10-01,35.7,24.1,29.4,0.0,0.0,7.41,26.9,25.98,72,26,Ngawi,-7.4008,111.4492
2023-10-02,35.8,24.4,28.9,0.0,0.0,7.32,29.9,25.12,71,30,Ngawi,-7.4008,111.4492
2023-10-03,37.0,23.8,29.6,0.0,0.0,6.76,27.4,24.59,79,30,Ngawi,-7.4008,111.4492
2023-10-04,37.4,25.8,30.2,0.6,0.6,6.51,18.4,24.89,68,30,Ngawi,-7.4008,111.4492
2023-10-05,37.0,24.4,30.0,0.3,0.3,6.38,15.5,25.1,78,34,Ngawi,-7.4008,111.4492
2023-10-06,38.1,25.1,30.6,0.0,0.0,6.61,16.1,25.07,76,28,Ngawi,-7.4008,111.4492
2023-10-07,37.0,25.5,30.3,0.6,0.6,6.34,17.8,24.31,76,33,Ngawi,-7.4008,111.4492
2023-10-08,36.8,25.9,30.5,0.3,0.3,6.72,16.1,24.57,74,23,Ngawi,-7.4008,111.4492
2023-10-09,38.1,25.4,30.9,0.0,0.0,6.76,17.5,25.48,74,26,Ngawi,-7.4008,111.4492
2023-10-10,37.2,25.4,30.4,0.0,0.0,6.74,21.9,25.36,76,29,Ngawi,-7.4008,111.4492
2023-10-11,37.0,24.6,30.2,0.0,0.0,7.0,23.8,26.15,79,24,Ngawi,-7.4008,111.4492
2023-10-12,38.0,25.0,30.5,0.0,0.0,6.57,16.3,23.89,72,25,Ngawi,-7.4008,111.4492
2023-10-13,37.3,25.4,30.3,1.0,1.0,6.71,17.6,24.52,76,28,Ngawi,-7.4008,111.4492
2023-10-14,38.1,25.9,30.6,0.0,0.0,6.55,15.8,24.7,72,25,Ngawi,-7.4008,111.4492
2023-10-15,37.3,24.8,30.9,0.0,0.0,7.4,21.1,25.49,71,27,Ngawi,-7.4008,111.4492
2023-10-16,37.7,26.4,30.9,0.5,0.5,7.04,18.8,24.97,74,32,Ngawi,-7.4008,111.4492
2023-10-17,38.8,26.5,31.3,0.0,0.0,7.96,23.4,25.58,73,20,Ngawi,-7.4008,111.4492
2023-10-18,38.0,25.0,30.7,0.0,0.0,7.28,19.3,25.51,73,24,Ngawi,-7.4008,111.4492
2023-10-19,36.8,25.0,30.4,0.4,0.4,6.41,15.5,24.9,74,31,Ngawi,-7.4008,111.4492
2023-10-20,37.2,24.6,30.5,0.3,0.3,6.4,18.9,25.42,79,30,Ngawi,-7.4008,111.4492
2023-10-21,37.8,25.6,31.2,0.5,0.5,6.46,11.5,25.93,78,28,Ngawi,-7.4008,111.4492
2023-10-22,36.7,24.9,30.3,0.1,0.1,6.21,15.5,25.2,81,32,Ngawi,-7.4008,111.4492
2023-10-23,36.4,25.8,30.1,1.5,1.5,6.18,16.6,24.26,79,32,Ngawi,-7.4008,111.4492
2023-10-24,36.2,24.8,29.6,6.3,6.3,5.94,14.5,24.6,90,35,Ngawi,-7.4008,111.4492
2023-10-25,38.7,23.8,30.1,1.6,1.6,6.57,21.7,26.06,97,25,Ngawi,-7.4008,111.4492
2023-10-26,37.3,25.3,31.0,0.3,0.3,6.77,17.8,25.25,71,28,Ngawi,-7.4008,111.4492
2023-10-27,38.2,25.4,31.1,0.3,0.3,6.78,16.1,25.32,78,26,Ngawi,-7.4008,111.4492
2023-10-28,38.1,23.5,30.3,0.8,0.8,7.17,27.9,25.5,82,23,Ngawi,-7.4008,111.4492
2023-10-29,36.8,24.6,30.5,0.3,0.3,6.83,21.0,25.26,76,32,Ngawi,-7.4008,111.4492
2023-10-30,37.4,26.1,30.7,0.3,0.3,6.77,17.1,25.06,76,29,Ngawi,-7.4008,111.4492
2023-10-31,36.5,26.2,30.6,0.6,0.6,6.01,18.0,24.88,74,37,Ngawi,-7.4008,111.4492
2023-11-01,37.2,25.7,31.1,0.2,0.2,6.76,23.1,25.57,78,31,Ngawi,-7.4008,111.4492
2023-11-02,37.7,26.4,31.2,0.4,0.4,6.64,15.9,25.57,72,28,Ngawi,-7.4008,111.4492
2023-11-03,36.1,24.9,28.8,4.7,4.7,4.9,22.9,21.03,95,40,Ngawi,-7.4008,111.4492
2023-11-04,33.8,24.8,27.7,1.7,1.7,4.55,18.1,20.93,98,52,Ngawi,-7.4008,111.4492
2023-11-05,34.8,24.6,28.7,0.5,0.5,5.41,13.4,24.23,96,50,Ngawi,-7.4008,111.4492
2023-11-06,35.4,24.5,29.9,0.0,0.0,5.77,13.2,25.44,90,37,Ngawi,-7.4008,111.4492
2023-11-07,36.5,24.7,30.2,0.1,0.1,6.03,14.9,25.57,85,35,Ngawi,-7.4008,111.4492
2023-11-08,37.7,24.9,30.9,0.3,0.3,6.02,9.7,25.72,85,29,Ngawi,-7.4008,111.4492
2023-11-09,37.0,25.5,30.1,1.9,1.9,6.09,18.1,23.88,91,32,Ngawi,-7.4008,111.4492
2023-11-10,36.2,24.2,28.4,4.4,4.4,5.26,16.4,22.98,95,39,Ngawi,-7.4008,111.4492
2023-11-11,35.7,24.0,28.6,10.2,10.2,5.34,11.5,24.67,98,43,Ngawi,-7.4008,111.4492
2023-11-12,34.0,24.1,28.9,0.2,0.2,5.73,19.6,24.29,97,44,Ngawi,-7.4008,111.4492
2023-11-13,34.7,24.6,29.1,0.4,0.4,5.43,17.3,22.72,86,49,Ngawi,-7.4008,111.4492
2023-11-14,35.2,25.5,28.9,7.8,7.8,4.98,13.3,22.61,88,48,Ngawi,-7.4008,111.4492
2023-11-15,35.2,24.7,29.1,2.2,2.2,5.25,17.1,22.81,92,48,Ngawi,-7.4008,111.4492
2023-11-16,35.3,25.5,29.0,3.6,3.6,5.51,20.3,22.9,95,46,Ngawi,-7.4008,111.4492
2023-11-17,35.2,25.0,29.6,0.0,0.0,6.83,28.3,25.2,93,38,Ngawi,-7.4008,111.4492
2023-11-18,35.7,23.4,29.3,0.6,0.6,7.09,32.8,24.8,90,37,Ngawi,-7.4008,111.4492
2023-11-19,36.0,25.6,30.1,0.0,0.0,7.58,31.4,24.89,76,39,Ngawi,-7.4008,111.4492
2023-11-20,35.5,26.0,30.0,1.5,1.5,6.1,16.9,24.17,88,44,Ngawi,-7.4008,111.4492
2023-11-21,35.9,25.1,30.4,0.4,0.4,6.27,15.9,25.16,93,40,Ngawi,-7.4008,111.4492
2023-11-22,36.8,26.5,30.7,0.5,0.5,6.63,21.7,24.59,80,38,Ngawi,-7.4008,111.4492
2023-11-23,35.9,26.1,30.3,0.1,0.1,4.97,15.4,20.0,87,41,Ngawi,-7.4008,111.4492
2023-11-24,35.0,25.2,27.9,4.7,4.7,4.39,19.9,19.93,97,48,Ngawi,-7.4008,111.4492
2023-11-25,33.5,24.4,27.1,3.3,3.3,4.29,20.9,20.37,99,55,Ngawi,-7.4008,111.4492
2023-11-26,35.0,23.0,28.5,0.0,0.0,5.95,19.5,24.96,98,43,Ngawi,-7.4008,111.4492
2023-11-27,33.9,24.0,28.0,16.2,16.2,5.28,13.7,24.08,94,45,Ngawi,-7.4008,111.4492
2023-11-28,30.9,23.8,26.9,4.5,4.5,3.28,12.6,14.85,96,63,Ngawi,-7.4008,111.4492
2023-11-29,31.2,24.0,26.8,5.7,5.7,3.88,15.5,17.94,99,63,Ngawi,-7.4008,111.4492
2023-11-30,32.0,24.2,27.0,7.4,7.4,4.06,16.5,19.5,95,65,Ngawi,-7.4008,111.4492
2023-12-01,31.8,23.8,26.1,17.7,17.7,3.19,11.2,15.35,99,65,Ngawi,-7.4008,111.4492
2023-12-02,31.7,24.4,26.5,11.2,11.2,3.58,14.4,16.97,96,66,Ngawi,-7.4008,111.4492
2023-12-03,31.8,23.5,26.8,2.0,2.0,3.93,16.0,18.78,96,61,Ngawi,-7.4008,111.4492
2023-12-04,32.2,24.7,26.6,28.5,28.5,4.01,10.0,19.25,96,60,Ngawi,-7.4008,111.4492
2023-12-05,31.4,23.2,26.6,8.1,8.1,4.21,14.7,20.4,98,68,Ngawi,-7.4008,111.4492
2023-12-06,32.3,23.9,27.4,1.6,1.6,4.57,10.7,21.34,99,59,Ngawi,-7.4008,111.4492
2023-12-07,33.0,23.9,27.0,10.8,10.8,4.46,14.3,21.37,99,58,Ngawi,-7.4008,111.4492
2023-12-08,31.8,23.5,27.0,2.4,2.4,4.08,15.3,19.47,100,61,Ngawi,-7.4008,111.4492
2023-12-09,32.6,23.7,27.7,0.2,0.2,4.52,15.2,19.99,100,53,Ngawi,-7.4008,111.4492
2023-12-10,31.8,24.9,26.9,4.5,4.5,3.34,14.1,15.09,96,60,Ngawi,-7.4008,111.4492
2023-12-11,33.7,23.3,28.2,0.0,0.0,6.51,25.6,25.52,98,49,Ngawi,-7.4008,111.4492
2023-12-12,33.7,22.6,28.3,0.1,0.1,6.08,24.7,25.66,86,49,Ngawi,-7.4008,111.4492
2023-12-13,33.8,23.6,27.4,4.0,4.0,4.82,16.6,22.46,93,52,Ngawi,-7.4008,111.4492
2023-12-14,34.2,24.2,27.8,2.7,2.7,4.49,10.5,20.75,96,52,Ngawi,-7.4008,111.4492
2023-12-15,34.5,24.1,28.8,0.0,0.0,5.8,14.7,24.63,91,41,Ngawi,-7.4008,111.4492
2023-12-16,34.5,23.6,28.9,0.0,0.0,5.82,12.1,26.33,82,42,Ngawi,-7.4008,111.4492
2023-12-17,35.8,23.5,29.3,0.0,0.0,6.79,27.9,26.64,85,36,Ngawi,-7.4008,111.4492
2023-12-18,35.7,24.6,29.4,0.0,0.0,7.27,28.3,25.84,78,37,Ngawi,-7.4008,111.4492
2023-12-19,34.7,25.2,29.4,0.0,0.0,7.88,26.9,24.97,69,34,Ngawi,-7.4008,111.4492
2023-12-20,35.7,24.4,29.4,0.0,0.0,6.88,27.2,22.38,68,32,Ngawi,-7.4008,111.4492
2023-12-21,36.0,23.8,29.4,0.0,0.0,6.21,16.4,25.71,75,32,Ngawi,-7.4008,111.4492
2023-12-22,35.9,25.5,30.0,0.5,0.5,6.23,21.1,26.04,73,36,Ngawi,-7.4008,111.4492
2023-12-23,37.4,25.7,30.4,2.4,2.4,6.51,13.1,25.48,91,33,Ngawi,-7.4008,111.4492
2023-12-24,36.3,24.3,29.6,17.7,17.7,6.15,18.0,25.76,97,33,Ngawi,-7.4008,111.4492
2023-12-25,32.9,24.4,27.1,6.0,6.0,4.23,14.6,19.97,98,55,Ngawi,-7.4008,111.4492
2023-12-26,33.2,23.9,27.4,5.2,5.2,4.93,18.1,23.3,99,54,Ngawi,-7.4008,111.4492
2023-12-27,33.6,24.4,27.8,5.4,5.4,4.93,14.9,23.36,98,54,Ngawi,-7.4008,111.4492
2023-12-28,33.9,24.3,27.4,19.7,19.7,4.37,10.5,20.7,99,55,Ngawi,-7.4008,111.4492
2023-12-29,33.2,24.0,27.4,18.6,18.6,4.6,10.8,22.08,100,62,Ngawi,-7.4008,111.4492
2023-12-30,32.5,23.8,26.8,14.3,14.3,4.44,13.7,21.46,99,62,Ngawi,-7.4008,111.4492
2023-12-31,33.2,24.0,27.2,22.8,22.8,4.56,18.4,21.58,98,61,Ngawi,-7.4008,111.4492
2024-01-01,31.1,24.4,27.1,14.9,14.9,4.18,10.2,20.24,99,71,Ngawi,-7.4008,111.4492
2024-01-02,32.7,23.8,26.9,9.5,9.5,4.38,14.9,21.34,100,65,Ngawi,-7.4008,111.4492
2024-01-03,30.0,24.2,26.4,6.9,6.9,3.26,13.7,16.1,98,76,Ngawi,-7.4008,111.4492
2024-01-04,32.0,23.7,26.3,34.4,34.4,4.07,17.4,19.91,98,67,Ngawi,-7.4008,111.4492
2024-01-05,32.4,23.3,26.3,21.6,21.6,4.29,11.7,20.69,99,63,Ngawi,-7.4008,111.4492
2024-01-06,31.3,23.2,26.2,34.0,34.0,3.56,13.9,17.29,99,65,Ngawi,-7.4008,111.4492
2024-01-07,30.2,24.0,25.7,20.5,20.5,2.64,15.5,12.88,98,76,Ngawi,-7.4008,111.4492
2024-01-08,29.4,23.1,26.0,18.1,18.1,2.99,10.0,14.75,100,79,Ngawi,-7.4008,111.4492
2024-01-09,31.3,24.5,26.9,5.4,5.4,3.98,8.8,19.25,100,75,Ngawi,-7.4008,111.4492
2024-01-10,32.0,24.0,26.6,46.2,46.2,4.25,11.7,20.44,98,67,Ngawi,-7.4008,111.4492
2024-01-11,32.4,23.0,26.6,1.4,1.4,4.42,13.6,21.44,100,61,Ngawi,-7.4008,111.4492
2024-01-12,32.2,22.6,27.2,0.0,0.0,5.51,16.8,25.29,100,52,Ngawi,-7.4008,111.4492
2024-01-13,32.4,22.9,27.6,0.3,0.3,5.24,11.1,24.63,89,58,Ngawi,-7.4008,111.4492
2024-01-14,32.0,24.2,27.9,0.0,0.0,5.02,11.8,23.3,89,57,Ngawi,-7.4008,111.4492
2024-01-15,32.4,23.9,27.8,0.1,0.1,4.9,12.3,22.67,93,54,Ngawi,-7.4008,111.4492
2024-01-16,33.0,25.0,27.8,1.2,1.2,4.72,11.5,22.28,97,54,Ngawi,-7.4008,111.4492
2024-01-17,30.1,24.2,26.4,16.5,16.5,2.88,6.7,13.83,99,70,Ngawi,-7.4008,111.4492
2024-01-18,29.7,23.3,25.8,3.3,3.3,3.27,10.0,16.26,98,74,Ngawi,-7.4008,111.4492
2024-01-19,27.5,23.0,24.8,9.2,9.2,2.62,10.6,12.75,100,77,Ngawi,-7.4008,111.4492
2024-01-20,30.2,22.0,26.0,1.1,1.1,4.12,7.9,19.98,98,70,Ngawi,-7.4008,111.4492
2024-01-21,31.1,23.2,26.9,1.7,1.7,4.49,10.1,21.51,94,63,Ngawi,-7.4008,111.4492
2024-01-22,32.2,22.8,26.7,0.5,0.5,4.23,17.2,20.1,99,61,Ngawi,-7.4008,111.4492
2024-01-23,30.5,24.0,26.9,0.1,0.1,3.21,10.8,14.8,98,65,Ngawi,-7.4008,111.4492
2024-01-24,32.0,23.4,26.1,13.8,13.8,3.66,16.1,17.97,97,61,Ngawi,-7.4008,111.4492
2024-01-25,32.2,22.8,26.1,10.1,10.1,4.36,14.8,21.35,97,63,Ngawi,-7.4008,111.4492
2024-01-26,31.5,22.8,26.0,12.6,12.6,4.11,17.2,20.55,99,65,Ngawi,-7.4008,111.4492
2024-01-27,31.0,23.2,25.9,9.0,9.0,4.11,22.2,20.5,99,66,Ngawi,-7.4008,111.4492
2024-01-28,31.1,22.5,25.8,27.4,27.4,3.97,18.9,19.74,100,67,Ngawi,-7.4008,111.4492
2024-01-29,28.8,23.8,25.6,13.5,13.5,2.25,14.5,10.8,99,73,Ngawi,-7.4008,111.4492
2024-01-30,29.6,23.0,25.8,14.6,14.6,3.3,7.3,16.26,99,73,Ngawi,-7.4008,111.4492
2024-01-31,31.4,23.2,26.4,12.6,12.6,4.09,8.1,19.87,100,65,Ngawi,-7.4008,111.4492
2024-02-01,32.0,23.8,26.6,10.7,10.7,4.63,13.3,22.49,100,62,Ngawi,-7.4008,111.4492
2024-02-02,29.5,23.0,25.6,19.3,19.3,3.05,15.5,15.46,96,78,Ngawi,-7.4008,111.4492
2024-02-03,29.5,23.1,25.3,13.4,13.4,2.67,12.7,13.31,99,75,Ngawi,-7.4008,111.4492
2024-02-04,29.4,23.1,25.4,46.1,46.1,3.01,13.1,14.59,99,72,Ngawi,-7.4008,111.4492
2024-02-05,30.8,22.6,25.9,11.0,11.0,3.57,14.8,17.11,98,67,Ngawi,-7.4008,111.4492
2024-02-06,30.1,23.0,25.4,23.8,23.8,2.98,15.5,14.98,99,75,Ngawi,-7.4008,111.4492
2024-02-07,29.8,23.1,25.6,25.5,25.5,3.3,13.2,16.38,97,75,Ngawi,-7.4008,111.4492
2024-02-08,31.6,23.1,26.2,16.9,16.9,4.38,7.8,21.25,98,61,Ngawi,-7.4008,111.4492
2024-02-09,32.0,23.2,26.9,8.5,8.5,5.1,10.5,24.9,100,64,Ngawi,-7.4008,111.4492
2024-02-10,30.1,23.6,25.8,23.2,23.2,3.13,17.3,15.48,99,76,Ngawi,-7.4008,111.4492
2024-02-11,28.6,22.9,25.4,20.1,20.1,3.14,12.8,15.72,99,74,Ngawi,-7.4008,111.4492
2024-02-12,31.3,22.5,26.2,7.0,7.0,4.53,17.4,22.73,100,67,Ngawi,-7.4008,111.4492
2024-02-13,32.1,23.6,27.0,11.0,11.0,5.03,10.3,24.27,98,64,Ngawi,-7.4008,111.4492
2024-02-14,31.4,24.1,26.8,16.0,16.0,3.68,9.7,17.81,98,72,Ngawi,-7.4008,111.4492
2024-02-15,32.0,24.3,26.9,3.3,3.3,4.6,8.9,22.02,99,71,Ngawi,-7.4008,111.4492
2024-02-16,32.8,23.7,27.5,1.8,1.8,5.3,11.9,25.24,100,58,Ngawi,-7.4008,111.4492
2024-02-17,31.7,23.9,26.3,15.4,15.4,3.88,15.9,19.36,98,69,Ngawi,-7.4008,111.4492
2024-02-18,31.5,23.4,26.4,4.2,4.2,4.05,10.5,19.8,99,70,Ngawi,-7.4008,111.4492
2024-02-19,31.4,23.6,26.9,15.5,15.5,4.29,9.0,20.93,99,68,Ngawi,-7.4008,111.4492
2024-02-20,32.2,24.6,27.3,13.1,13.1,4.74,8.2,22.81,99,70,Ngawi,-7.4008,111.4492
2024-02-21,32.2,24.1,27.2,7.2,7.2,4.71,14.1,22.99,98,66,Ngawi,-7.4008,111.4492
2024-02-22,32.9,23.6,28.0,0.9,0.9,5.1,16.5,23.87,98,58,Ngawi,-7.4008,111.4492
2024-02-23,31.6,24.8,27.0,11.5,11.5,3.68,12.6,17.83,96,69,Ngawi,-7.4008,111.4492
2024-02-24,31.1,23.9,26.5,21.2,21.2,3.64,15.6,18.14,98,73,Ngawi,-7.4008,111.4492
2024-02-25,30.5,24.3,26.0,23.2,23.2,2.9,13.8,14.57,98,74,Ngawi,-7.4008,111.4492
2024-02-26,31.4,23.5,26.0,29.2,29.2,3.75,14.4,18.8,99,69,Ngawi,-7.4008,111.4492
2024-02-27,32.6,23.9,27.0,11.2,11.2,4.39,8.4,20.96,100,60,Ngawi,-7.4008,111.4492
2024-02-28,30.4,24.3,26.5,16.4,16.4,3.38,13.2,16.94,98,71,Ngawi,-7.4008,111.4492
2024-02-29,31.5,24.1,27.0,11.7,11.7,4.53,8.9,21.84,100,70,Ngawi,-7.4008,111.4492
2024-03-01,31.7,24.2,26.7,15.1,15.1,3.55,8.2,17.18,98,66,Ngawi,-7.4008,111.4492
2024-03-02,31.4,23.9,26.8,6.6,6.6,4.09,17.9,19.97,97,67,Ngawi,-7.4008,111.4492
2024-03-03,31.5,24.5,27.1,12.7,12.7,4.02,11.2,19.73,97,70,Ngawi,-7.4008,111.4492
2024-03-04,29.8,24.2,26.5,8.8,8.8,3.34,13.5,16.56,95,69,Ngawi,-7.4008,111.4492
2024-03-05,31.1,24.1,27.0,16.3,16.3,3.75,9.3,17.93,97,69,Ngawi,-7.4008,111.4492
2024-03-06,32.0,24.2,26.9,20.3,20.3,4.13,12.2,20.08,99,71,Ngawi,-7.4008,111.4492
2024-03-07,31.8,24.1,27.0,32.3,32.3,3.47,8.8,16.53,98,71,Ngawi,-7.4008,111.4492
2024-03-08,32.2,24.8,27.1,17.1,17.1,3.91,12.9,19.0,100,70,Ngawi,-7.4008,111.4492
2024-03-09,27.7,24.0,25.3,32.3,32.3,1.5,22.6,6.89,96,82,Ngawi,-7.4008,111.4492
2024-03-10,30.3,21.7,25.7,3.0,3.0,3.35,16.4,15.3,97,62,Ngawi,-7.4008,111.4492
2024-03-11,30.3,24.3,26.3,15.0,15.0,2.96,13.2,14.62,97,76,Ngawi,-7.4008,111.4492
2024-03-12,30.2,24.6,26.8,0.5,0.5,3.62,22.2,16.96,96,69,Ngawi,-7.4008,111.4492
2024-03-13,29.0,24.5,26.1,7.6,7.6,2.98,25.3,14.24,94,76,Ngawi,-7.4008,111.4492
2024-03-14,29.5,24.2,25.7,18.8,18.8,2.6,27.4,12.8,96,77,Ngawi,-7.4008,111.4492
2024-03-15,30.7,23.8,26.3,5.9,5.9,3.95,26.6,19.41,96,68,Ngawi,-7.4008,111.4492
2024-03-16,31.5,23.2,26.6,4.4,4.4,4.67,25.6,22.68,97,65,Ngawi,-7.4008,111.4492
2024-03-17,30.7,23.0,26.2,6.4,6.4,3.99,19.5,19.94,99,67,Ngawi,-7.4008,111.4492
2024-03-18,31.0,23.2,26.9,0.9,0.9,4.68,17.5,21.7,96,64,Ngawi,-7.4008,111.4492
2024-03-19,32.8,22.7,27.5,0.0,0.0,5.35,12.1,25.31,96,52,Ngawi,-7.4008,111.4492
2024-03-20,32.4,21.8,27.2,0.0,0.0,5.43,14.6,25.41,90,55,Ngawi,-7.4008,111.4492
2024-03-21,31.8,23.7,26.9,4.4,4.4,4.64,14.9,23.09,95,67,Ngawi,-7.4008,111.4492
2024-03-22,31.8,23.3,26.8,7.2,7.2,4.71,10.7,22.94,100,66,Ngawi,-7.4008,111.4492
2024-03-23,33.0,23.8,28.1,0.6,0.6,5.36,15.0,25.1,97,57,Ngawi,-7.4008,111.4492
2024-03-24,33.0,23.8,27.3,1.1,1.1,4.72,23.1,23.05,99,60,Ngawi,-7.4008,111.4492
2024-03-25,32.0,24.6,27.7,1.3,1.3,4.43,13.8,20.92,98,60,Ngawi,-7.4008,111.4492
2024-03-26,32.8,24.5,28.1,2.7,2.7,4.94,10.5,22.99,90,56,Ngawi,-7.4008,111.4492
2024-03-27,33.3,24.9,28.3,0.8,0.8,5.06,14.6,22.71,93,54,Ngawi,-7.4008,111.4492
2024-03-28,32.3,24.2,27.0,10.5,10.5,3.8,9.7,17.85,99,60,Ngawi,-7.4008,111.4492
2024-03-29,33.0,23.4,27.5,2.0,2.0,4.73,12.2,22.7,98,57,Ngawi,-7.4008,111.4492
2024-03-30,34.0,24.8,28.3,2.1,2.1,5.03,9.7,23.63,94,55,Ngawi,-7.4008,111.4492
2024-03-31,33.5,25.1,28.5,1.1,1.1,4.93,19.5,22.41,97,58,Ngawi,-7.4008,111.4492
2024-04-01,33.2,24.8,27.6,16.6,16.6,4.55,17.0,21.25,97,61,Ngawi,-7.4008,111.4492
2024-04-02,31.6,24.0,26.7,12.6,12.6,4.0,9.0,19.31,99,68,Ngawi,-7.4008,111.4492
2024-04-03,32.5,24.0,27.4,7.2,7.2,4.47,10.5,21.49,99,66,Ngawi,-7.4008,111.4492
2024-04-04,33.5,23.5,28.0,2.4,2.4,5.09,13.1,23.77,98,55,Ngawi,-7.4008,111.4492
2024-04-05,32.0,24.5,27.3,4.1,4.1,4.05,14.5,19.07,98,63,Ngawi,-7.4008,111.4492
2024-04-06,33.9,23.7,28.2,0.0,0.0,5.06,10.2,23.43,100,47,Ngawi,-7.4008,111.4492
2024-04-07,33.8,23.9,28.2,1.8,1.8,5.05,11.6,23.01,97,50,Ngawi,-7.4008,111.4492
2024-04-08,33.9,24.5,28.2,10.5,10.5,4.67,11.9,21.3,94,53,Ngawi,-7.4008,111.4492
2024-04-09,30.5,24.8,26.7,20.3,20.3,2.92,9.3,14.0,96,73,Ngawi,-7.4008,111.4492
2024-04-10,31.7,23.7,26.6,21.0,21.0,3.73,18.4,18.0,100,68,Ngawi,-7.4008,111.4492
2024-04-11,31.2,24.2,26.4,23.9,23.9,3.38,7.3,16.33,100,72,Ngawi,-7.4008,111.4492
2024-04-12,31.9,24.4,27.1,14.9,14.9,4.45,12.8,21.36,98,65,Ngawi,-7.4008,111.4492
2024-04-13,31.5,24.2,26.8,8.6,8.6,4.11,13.6,20.1,98,71,Ngawi,-7.4008,111.4492
2024-04-14,32.0,24.0,26.5,16.6,16.6,4.22,18.0,21.1,98,69,Ngawi,-7.4008,111.4492
2024-04-15,31.4,23.5,26.9,1.2,1.2,4.31,13.5,21.32,100,70,Ngawi,-7.4008,111.4492
2024-04-16,32.4,24.4,27.8,0.5,0.5,4.97,20.5,22.52,98,62,Ngawi,-7.4008,111.4492
2024-04-17,30.1,24.9,26.9,39.9,39.9,3.01,14.8,14.04,95,75,Ngawi,-7.4008,111.4492
2024-04-18,31.3,24.0,26.3,22.0,22.0,3.9,12.7,19.17,98,69,Ngawi,-7.4008,111.4492
2024-04-19,31.5,23.9,26.6,20.4,20.4,3.88,10.2,18.81,96,68,Ngawi,-7.4008,111.4492
2024-04-20,32.2,23.9,27.1,20.4,20.4,4.37,10.5,21.15,99,69,Ngawi,-7.4008,111.4492
2024-04-21,31.5,24.1,26.7,20.4,20.4,3.76,8.2,18.3,99,71,Ngawi,-7.4008,111.4492
2024-04-22,30.6,24.6,27.0,15.7,15.7,3.71,13.3,17.92,99,78,Ngawi,-7.4008,111.4492
2024-04-23,30.3,24.0,26.3,28.1,28.1,2.95,10.5,14.16,99,77,Ngawi,-7.4008,111.4492
2024-04-24,31.1,23.7,26.8,4.4,4.4,3.42,12.8,16.33,99,71,Ngawi,-7.4008,111.4492
2024-04-25,30.1,24.8,26.3,11.9,11.9,2.83,12.5,14.06,97,77,Ngawi,-7.4008,111.4492
2024-04-26,31.5,24.2,27.2,11.0,11.0,3.96,9.3,19.5,99,71,Ngawi,-7.4008,111.4492
2024-04-27,31.9,23.8,27.3,4.5,4.5,4.42,16.3,21.5,100,69,Ngawi,-7.4008,111.4492
2024-04-28,32.5,24.2,27.2,9.8,9.8,4.34,11.4,21.03,94,65,Ngawi,-7.4008,111.4492
2024-04-29,32.5,25.0,28.4,0.3,0.3,4.98,16.7,22.77,87,60,Ngawi,-7.4008,111.4492
2024-04-30,32.2,25.6,28.3,1.2,1.2,4.94,20.5,21.15,85,60,Ngawi,-7.4008,111.4492
2024-05-01,32.8,25.2,28.4,0.7,0.7,5.1,21.7,21.74,85,57,Ngawi,-7.4008,111.4492
2024-05-02,32.5,25.4,28.3,0.3,0.3,5.15,22.8,21.88,86,63,Ngawi,-7.4008,111.4492
2024-05-03,32.6,25.0,28.5,0.0,0.0,5.5,23.2,21.54,82,56,Ngawi,-7.4008,111.4492
2024-05-04,32.3,25.2,28.1,0.0,0.0,5.89,24.7,21.97,78,54,Ngawi,-7.4008,111.4492
2024-05-05,31.9,22.5,27.4,0.0,0.0,5.17,23.0,20.42,86,53,Ngawi,-7.4008,111.4492
2024-05-06,32.0,23.6,27.9,0.0,0.0,5.5,20.5,21.87,78,52,Ngawi,-7.4008,111.4492
2024-05-07,32.8,22.9,27.6,0.0,0.0,5.32,23.2,22.1,86,52,Ngawi,-7.4008,111.4492
2024-05-08,32.1,24.0,27.7,4.5,4.5,4.6,15.2,21.14,92,58,Ngawi,-7.4008,111.4492
2024-05-09,32.0,24.9,27.5,3.2,3.2,4.07,13.1,19.18,92,63,Ngawi,-7.4008,111.4492
2024-05-10,33.0,25.1,28.6,0.1,0.1,4.87,12.8,21.92,90,55,Ngawi,-7.4008,111.4492
2024-05-11,32.5,25.6,28.3,1.4,1.4,4.47,15.4,19.31,86,60,Ngawi,-7.4008,111.4492
2024-05-12,33.2,25.5,28.5,0.6,0.6,4.83,12.9,20.48,83,57,Ngawi,-7.4008,111.4492
2024-05-13,32.7,24.6,28.4,0.1,0.1,4.78,14.5,20.86,85,55,Ngawi,-7.4008,111.4492
2024-05-14,33.2,24.5,28.7,0.5,0.5,4.92,13.5,22.02,87,49,Ngawi,-7.4008,111.4492
2024-05-15,33.2,25.1,28.6,0.3,0.3,4.88,16.1,20.98,91,51,Ngawi,-7.4008,111.4492
2024-05-16,33.2,24.0,28.2,0.0,0.0,5.22,19.3,20.91,85,47,Ngawi,-7.4008,111.4492
2024-05-17,33.3,24.5,28.7,0.1,0.1,5.25,17.4,20.94,83,50,Ngawi,-7.4008,111.4492
2024-05-18,33.3,25.5,28.7,0.0,0.0,5.67,23.6,21.54,81,49,Ngawi,-7.4008,111.4492
2024-05-19,33.7,24.6,28.3,0.0,0.0,5.71,28.3,21.15,79,44,Ngawi,-7.4008,111.4492
2024-05-20,33.6,24.5,28.3,0.0,0.0,5.66,27.5,20.67,80,46,Ngawi,-7.4008,111.4492
2024-05-21,33.5,24.8,28.4,0.0,0.0,5.71,24.4,21.53,74,46,Ngawi,-7.4008,111.4492
2024-05-22,33.2,25.0,28.8,0.0,0.0,4.95,15.9,20.75,79,46,Ngawi,-7.4008,111.4492
2024-05-23,33.0,25.4,28.2,3.7,3.7,4.61,20.2,19.41,95,53,Ngawi,-7.4008,111.4492
2024-05-24,31.7,24.4,26.6,41.0,41.0,3.81,12.5,18.7,96,70,Ngawi,-7.4008,111.4492
2024-05-25,31.2,24.0,27.4,4.6,4.6,4.29,18.4,17.61,94,61,Ngawi,-7.4008,111.4492
2024-05-26,31.7,25.0,27.9,0.0,0.0,5.1,19.1,20.69,82,60,Ngawi,-7.4008,111.4492
2024-05-27,32.1,24.5,27.9,0.1,0.1,4.66,15.4,20.95,87,59,Ngawi,-7.4008,111.4492
2024-05-28,32.3,24.4,27.8,0.2,0.2,4.2,11.1,19.8,91,57,Ngawi,-7.4008,111.4492
2024-05-29,32.4,23.7,27.9,0.4,0.4,4.26,12.0,20.43,96,56,Ngawi,-7.4008,111.4492
2024-05-30,32.2,23.9,28.0,0.0,0.0,4.78,20.5,20.91,90,57,Ngawi,-7.4008,111.4492
2024-05-31,32.3,25.2,28.2,0.1,0.1,4.59,18.4,19.75,83,60,Ngawi,-7.4008,111.4492
2024-06-01,33.0,25.8,28.5,1.3,1.3,4.45,11.4,19.84,87,55,Ngawi,-7.4008,111.4492
2024-06-02,32.5,24.5,27.5,7.9,7.9,3.78,17.6,18.2,96,61,Ngawi,-7.4008,111.4492
2024-06-03,33.0,23.4,28.0,0.0,0.0,5.22,24.7,20.28,99,51,Ngawi,-7.4008,111.4492
2024-06-04,31.8,24.8,27.9,0.0,0.0,3.78,16.3,14.68,81,54,Ngawi,-7.4008,111.4492
2024-06-05,33.2,23.8,28.0,0.2,0.2,5.45,26.4,20.75,86,48,Ngawi,-7.4008,111.4492
2024-06-06,32.2,22.8,27.7,0.0,0.0,4.67,16.9,20.73,92,51,Ngawi,-7.4008,111.4492
2024-06-07,32.8,24.0,27.9,0.0,0.0,4.85,21.6,20.35,87,48,Ngawi,-7.4008,111.4492
2024-06-08,32.5,24.5,28.1,0.3,0.3,4.38,9.7,19.8,85,53,Ngawi,-7.4008,111.4492
2024-06-09,32.7,24.6,27.7,4.2,4.2,4.05,11.5,18.55,92,55,Ngawi,-7.4008,111.4492
2024-06-10,33.1,24.4,28.1,0.4,0.4,4.39,14.9,19.91,90,53,Ngawi,-7.4008,111.4492
2024-06-11,33.0,24.9,27.8,3.5,3.5,4.36,15.3,19.58,91,54,Ngawi,-7.4008,111.4492
2024-06-12,33.3,23.6,27.3,12.2,12.2,4.17,12.9,19.67,97,48,Ngawi,-7.4008,111.4492
2024-06-13,31.7,23.6,27.2,1.4,1.4,3.9,12.0,18.43,96,58,Ngawi,-7.4008,111.4492
2024-06-14,31.8,24.9,27.6,7.1,7.1,3.94,9.7,18.81,93,59,Ngawi,-7.4008,111.4492
2024-06-15,31.2,24.1,26.2,4.1,4.1,3.0,8.0,14.54,97,63,Ngawi,-7.4008,111.4492
2024-06-16,32.2,22.5,27.1,0.6,0.6,4.3,10.5,20.65,98,48,Ngawi,-7.4008,111.4492
2024-06-17,33.1,23.8,27.7,0.1,0.1,4.24,14.0,18.21,88,48,Ngawi,-7.4008,111.4492
2024-06-18,33.2,24.0,27.8,0.1,0.1,4.83,19.5,20.64,94,43,Ngawi,-7.4008,111.4492
2024-06-19,33.0,22.4,27.1,0.0,0.0,5.06,18.4,21.16,90,41,Ngawi,-7.4008,111.4492
2024-06-20,33.0,23.0,27.2,0.0,0.0,5.08,22.0,21.13,85,41,Ngawi,-7.4008,111.4492
2024-06-21,32.8,21.6,26.8,0.0,0.0,5.33,24.9,21.36,83,41,Ngawi,-7.4008,111.4492
2024-06-22,32.7,22.8,27.1,0.0,0.0,4.99,24.6,19.05,85,39,Ngawi,-7.4008,111.4492
2024-06-23,33.8,24.0,27.9,0.4,0.4,5.22,26.2,18.73,81,43,Ngawi,-7.4008,111.4492
2024-06-24,32.5,24.3,27.4,14.8,14.8,4.34,18.1,17.32,96,52,Ngawi,-7.4008,111.4492
2024-06-25,33.0,24.4,28.0,0.3,0.3,4.72,14.8,19.34,81,49,Ngawi,-7.4008,111.4492
2024-06-26,33.2,24.1,28.4,0.4,0.4,4.59,13.0,19.69,84,52,Ngawi,-7.4008,111.4492
2024-06-27,33.3,24.2,28.1,10.6,10.6,4.37,15.7,19.56,97,49,Ngawi,-7.4008,111.4492
2024-06-28,32.6,24.2,27.6,1.5,1.5,3.99,11.8,18.42,99,57,Ngawi,-7.4008,111.4492
2024-06-29,33.2,24.5,28.3,0.3,0.3,4.89,24.0,19.13,91,50,Ngawi,-7.4008,111.4492
2024-06-30,34.0,25.4,28.8,0.0,0.0,5.7,28.5,19.77,78,47,Ngawi,-7.4008,111.4492
2024-07-01,33.1,23.8,28.4,0.1,0.1,4.98,20.7,19.65,88,43,Ngawi,-7.4008,111.4492
2024-07-02,32.5,25.0,27.6,4.0,4.0,4.0,15.6,16.72,96,52,Ngawi,-7.4008,111.4492
2024-07-03,33.3,25.1,28.3,0.3,0.3,4.37,17.0,16.92,88,49,Ngawi,-7.4008,111.4492
2024-07-04,30.1,24.6,26.2,13.1,13.1,3.17,14.8,14.23,92,65,Ngawi,-7.4008,111.4492
2024-07-05,32.2,23.9,27.6,0.0,0.0,4.65,16.9,19.44,85,51,Ngawi,-7.4008,111.4492
2024-07-06,32.5,23.0,26.7,24.1,24.1,4.04,13.0,17.67,98,52,Ngawi,-7.4008,111.4492
2024-07-07,32.2,23.1,26.6,0.4,0.4,3.8,16.0,17.63,98,54,Ngawi,-7.4008,111.4492
2024-07-08,32.4,23.5,27.4,0.0,0.0,4.92,23.4,20.35,91,48,Ngawi,-7.4008,111.4492
2024-07-09,33.2,22.4,27.6,0.0,0.0,4.79,15.8,20.59,89,41,Ngawi,-7.4008,111.4492
2024-07-10,33.9,23.9,27.9,0.0,0.0,5.58,29.9,20.39,83,41,Ngawi,-7.4008,111.4492
2024-07-11,33.1,24.5,27.5,0.0,0.0,6.32,30.9,20.87,74,39,Ngawi,-7.4008,111.4492
2024-07-12,33.3,23.2,27.2,0.0,0.0,6.01,27.0,20.58,73,36,Ngawi,-7.4008,111.4492
2024-07-13,32.0,23.2,26.7,0.0,0.0,6.49,29.1,21.68,76,35,Ngawi,-7.4008,111.4492
2024-07-14,32.5,22.5,26.7,0.0,0.0,6.01,23.9,21.65,73,36,Ngawi,-7.4008,111.4492
2024-07-15,32.5,21.8,26.6,0.0,0.0,6.23,31.1,20.31,79,37,Ngawi,-7.4008,111.4492
2024-07-16,33.9,23.1,27.3,0.0,0.0,5.43,25.9,19.32,78,38,Ngawi,-7.4008,111.4492
2024-07-17,33.9,22.6,27.2,0.0,0.0,5.42,15.8,21.12,79,34,Ngawi,-7.4008,111.4492
2024-07-18,33.2,22.8,27.5,0.0,0.0,5.26,20.2,20.51,84,35,Ngawi,-7.4008,111.4492
2024-07-19,33.8,23.2,27.3,0.0,0.0,6.04,32.2,21.93,78,35,Ngawi,-7.4008,111.4492
2024-07-20,33.5,22.7,27.3,0.0,0.0,6.23,28.5,21.31,81,36,Ngawi,-7.4008,111.4492
2024-07-21,33.8,23.0,27.4,0.0,0.0,6.2,28.6,21.57,77,35,Ngawi,-7.4008,111.4492
2024-07-22,33.7,22.6,27.4,0.0,0.0,5.51,26.1,19.41,81,38,Ngawi,-7.4008,111.4492
2024-07-23,33.7,23.0,27.9,0.0,0.0,5.52,25.8,20.97,85,39,Ngawi,-7.4008,111.4492
2024-07-24,34.1,24.4,28.5,0.0,0.0,5.54,27.1,17.81,75,36,Ngawi,-7.4008,111.4492
2024-07-25,33.8,22.4,27.8,0.0,0.0,5.27,28.8,20.18,82,30,Ngawi,-7.4008,111.4492
2024-07-26,34.4,23.6,27.8,0.0,0.0,5.91,27.4,20.97,75,32,Ngawi,-7.4008,111.4492
2024-07-27,34.6,23.5,27.9,0.0,0.0,5.73,29.1,21.55,83,33,Ngawi,-7.4008,111.4492
2024-07-28,34.0,23.9,27.7,0.0,0.0,6.31,29.2,21.75,80,37,Ngawi,-7.4008,111.4492
2024-07-29,33.7,22.9,27.7,0.0,0.0,5.65,26.0,20.47,77,36,Ngawi,-7.4008,111.4492
2024-07-30,34.2,24.4,28.4,0.0,0.0,6.04,25.2,21.2,77,37,Ngawi,-7.4008,111.4492
2024-07-31,34.4,23.4,28.2,1.9,1.9,4.94,18.1,20.33,86,43,Ngawi,-7.4008,111.4492
2024-08-01,34.0,24.0,28.0,3.7,3.7,4.56,15.5,20.1,87,45,Ngawi,-7.4008,111.4492
2024-08-02,33.8,23.5,27.1,10.8,10.8,4.24,12.6,19.79,94,49,Ngawi,-7.4008,111.4492
2024-08-03,33.5,22.6,27.6,1.7,1.7,5.07,18.4,22.07,99,40,Ngawi,-7.4008,111.4492
2024-08-04,33.0,23.4,27.7,0.2,0.2,5.89,27.1,21.61,85,42,Ngawi,-7.4008,111.4492
2024-08-05,33.6,21.6,27.4,0.0,0.0,5.88,25.9,23.04,83,33,Ngawi,-7.4008,111.4492
2024-08-06,33.8,22.6,27.4,0.0,0.0,6.19,28.1,22.72,81,36,Ngawi,-7.4008,111.4492
2024-08-07,33.3,23.4,27.8,0.3,0.3,5.57,22.7,21.08,82,43,Ngawi,-7.4008,111.4492
2024-08-08,33.7,24.3,27.9,1.6,1.6,5.7,27.4,20.82,80,41,Ngawi,-7.4008,111.4492
2024-08-09,34.3,25.1,28.2,0.0,0.0,5.84,25.7,20.06,76,39,Ngawi,-7.4008,111.4492
2024-08-10,34.5,24.0,28.0,0.0,0.0,5.91,27.0,21.39,80,35,Ngawi,-7.4008,111.4492
2024-08-11,32.7,23.5,26.9,0.0,0.0,7.32,32.3,23.41,70,37,Ngawi,-7.4008,111.4492
2024-08-12,32.9,22.0,26.8,0.0,0.0,6.63,25.2,23.85,65,27,Ngawi,-7.4008,111.4492
2024-08-13,34.2,21.9,27.3,0.0,0.0,6.35,28.8,21.89,77,34,Ngawi,-7.4008,111.4492
2024-08-14,34.9,23.5,27.7,0.0,0.0,6.49,31.0,22.26,72,31,Ngawi,-7.4008,111.4492
2024-08-15,33.3,23.8,27.0,0.0,0.0,7.37,31.7,23.37,73,35,Ngawi,-7.4008,111.4492
2024-08-16,33.7,22.8,27.1,0.0,0.0,6.72,28.4,23.13,71,36,Ngawi,-7.4008,111.4492
2024-08-17,35.5,23.0,28.0,0.0,0.0,6.47,26.3,23.07,66,32,Ngawi,-7.4008,111.4492
2024-08-18,34.7,22.3,27.5,0.0,0.0,6.29,32.2,23.44,74,36,Ngawi,-7.4008,111.4492
2024-08-19,34.2,21.8,27.3,0.0,0.0,6.58,30.9,23.66,76,39,Ngawi,-7.4008,111.4492
2024-08-20,34.5,22.5,27.8,0.0,0.0,6.31,25.6,23.93,77,32,Ngawi,-7.4008,111.4492
2024-08-21,34.8,23.1,28.3,0.0,0.0,6.31,22.3,23.5,76,35,Ngawi,-7.4008,111.4492
2024-08-22,34.7,22.4,28.1,0.0,0.0,5.68,24.9,22.46,85,33,Ngawi,-7.4008,111.4492
2024-08-23,35.0,23.8,28.2,0.0,0.0,6.34,30.0,21.22,73,33,Ngawi,-7.4008,111.4492
2024-08-24,34.0,23.5,27.8,0.0,0.0,6.89,34.4,23.23,77,36,Ngawi,-7.4008,111.4492
2024-08-25,35.0,23.5,28.1,0.1,0.1,6.27,28.6,21.82,72,34,Ngawi,-7.4008,111.4492
2024-08-26,35.5,24.6,28.8,0.0,0.0,7.25,31.5,22.95,74,34,Ngawi,-7.4008,111.4492
2024-08-27,34.6,24.7,28.4,0.0,0.0,7.67,35.2,23.73,68,36,Ngawi,-7.4008,111.4492
2024-08-28,35.8,22.6,28.8,0.0,0.0,6.56,22.7,22.32,79,29,Ngawi,-7.4008,111.4492
2024-08-29,35.0,24.2,28.7,0.0,0.0,7.31,26.7,22.76,72,32,Ngawi,-7.4008,111.4492
2024-08-30,35.0,24.1,28.9,0.0,0.0,7.29,27.8,24.18,76,28,Ngawi,-7.4008,111.4492
2024-08-31,35.1,23.7,28.4,0.0,0.0,7.06,27.9,24.16,78,35,Ngawi,-7.4008,111.4492
2024-09-01,35.8,24.2,28.6,0.1,0.1,6.78,27.4,23.3,74,35,Ngawi,-7.4008,111.4492
2024-09-02,36.0,24.0,28.9,0.0,0.0,6.91,28.5,24.57,77,34,Ngawi,-7.4008,111.4492
2024-09-03,35.5,23.3,28.5,0.0,0.0,6.69,29.5,23.77,80,30,Ngawi,-7.4008,111.4492
2024-09-04,35.5,24.2,29.1,0.1,0.1,6.03,23.8,21.13,78,37,Ngawi,-7.4008,111.4492
2024-09-05,36.2,25.4,29.5,1.0,1.0,6.74,24.5,23.43,75,35,Ngawi,-7.4008,111.4492
2024-09-06,36.5,25.6,29.4,0.0,0.0,7.19,33.3,23.57,72,32,Ngawi,-7.4008,111.4492
2024-09-07,36.3,24.9,29.2,0.0,0.0,6.58,28.2,20.23,77,31,Ngawi,-7.4008,111.4492
2024-09-08,35.5,25.0,28.4,8.9,8.9,5.66,20.9,21.78,91,39,Ngawi,-7.4008,111.4492
2024-09-09,35.8,23.7,28.1,12.2,12.2,5.4,23.2,23.22,91,39,Ngawi,-7.4008,111.4492
2024-09-10,33.5,24.0,26.6,15.5,15.5,4.16,20.7,19.41,97,49,Ngawi,-7.4008,111.4492
2024-09-11,32.5,24.5,27.8,0.4,0.4,5.55,23.1,23.25,93,52,Ngawi,-7.4008,111.4492
2024-09-12,33.5,24.9,28.0,0.0,0.0,6.5,26.8,24.38,77,42,Ngawi,-7.4008,111.4492
2024-09-13,32.7,22.6,27.6,0.0,0.0,6.59,28.6,24.55,81,40,Ngawi,-7.4008,111.4492
2024-09-14,33.0,22.4,27.8,0.0,0.0,6.63,25.1,24.71,81,34,Ngawi,-7.4008,111.4492
2024-09-15,33.5,24.0,28.2,0.1,0.1,6.96,29.6,24.42,71,35,Ngawi,-7.4008,111.4492
2024-09-16,33.5,22.8,27.8,0.0,0.0,6.96,31.5,23.62,80,34,Ngawi,-7.4008,111.4492
2024-09-17,34.5,23.0,28.4,0.0,0.0,7.9,27.9,24.7,76,26,Ngawi,-7.4008,111.4492
2024-09-18,34.9,22.4,28.4,0.0,0.0,8.02,30.6,24.59,68,23,Ngawi,-7.4008,111.4492
2024-09-19,35.3,21.5,28.4,0.0,0.0,6.6,34.0,25.63,84,23,Ngawi,-7.4008,111.4492
2024-09-20,35.8,23.0,29.1,0.2,0.2,5.77,17.4,24.69,80,29,Ngawi,-7.4008,111.4492
2024-09-21,35.5,25.0,30.1,0.0,0.0,5.92,19.4,24.09,83,33,Ngawi,-7.4008,111.4492
2024-09-22,37.0,25.8,30.6,3.1,3.1,5.93,16.6,24.12,91,34,Ngawi,-7.4008,111.4492
2024-09-23,31.9,24.1,27.0,8.2,8.2,3.52,10.9,16.05,95,56,Ngawi,-7.4008,111.4492
2024-09-24,33.6,24.2,27.0,19.6,19.6,3.89,19.6,18.29,97,52,Ngawi,-7.4008,111.4492
2024-09-25,33.8,23.6,27.0,12.2,12.2,4.7,15.9,21.84,96,49,Ngawi,-7.4008,111.4492
2024-09-26,33.8,23.4,26.6,28.7,28.7,4.46,13.5,21.25,99,51,Ngawi,-7.4008,111.4492
2024-09-27,33.2,23.5,27.5,9.7,9.7,4.88,14.5,22.87,99,53,Ngawi,-7.4008,111.4492
2024-09-28,34.7,24.8,29.1,0.1,0.1,6.13,23.9,24.62,84,43,Ngawi,-7.4008,111.4492
2024-09-29,35.6,24.9,29.5,0.0,0.0,6.6,25.1,25.28,82,36,Ngawi,-7.4008,111.4492
2024-09-30,36.5,24.1,29.7,0.4,0.4,6.66,20.3,24.96,80,33,Ngawi,-7.4008,111.4492
2024-10-01,36.2,25.2,29.6,0.5,0.5,6.68,27.0,25.0,77,35,Ngawi,-7.4008,111.4492
2024-10-02,36.0,24.5,29.7,2.0,2.0,6.17,19.5,25.32,79,37,Ngawi,-7.4008,111.4492
2024-10-03,36.0,24.4,29.3,0.2,0.2,6.43,25.3,24.31,88,35,Ngawi,-7.4008,111.4492
2024-10-04,35.2,25.8,29.8,0.3,0.3,6.15,20.0,24.16,74,40,Ngawi,-7.4008,111.4492
2024-10-05,35.8,25.8,30.1,0.2,0.2,6.4,20.6,24.35,78,36,Ngawi,-7.4008,111.4492
2024-10-06,36.5,25.8,29.9,0.6,0.6,6.58,24.3,24.91,76,32,Ngawi,-7.4008,111.4492
2024-10-07,37.2,25.2,29.9,0.1,0.1,7.34,30.0,25.7,78,29,Ngawi,-7.4008,111.4492
2024-10-08,36.0,26.3,30.1,0.4,0.4,7.14,26.9,24.71,72,36,Ngawi,-7.4008,111.4492
2024-10-09,36.5,26.4,30.2,0.5,0.5,6.71,20.3,25.02,73,33,Ngawi,-7.4008,111.4492
2024-10-10,38.2,25.8,30.5,0.0,0.0,7.0,19.8,25.23,72,28,Ngawi,-7.4008,111.4492
2024-10-11,37.1,25.4,30.4,1.7,1.7,6.53,16.1,24.06,78,33,Ngawi,-7.4008,111.4492
2024-10-12,38.2,26.7,31.5,0.0,0.0,7.02,18.6,25.55,72,20,Ngawi,-7.4008,111.4492
2024-10-13,37.8,25.6,30.7,4.5,4.5,6.46,18.4,24.31,88,33,Ngawi,-7.4008,111.4492
2024-10-14,37.0,26.8,31.0,0.0,0.0,6.29,19.5,24.4,75,32,Ngawi,-7.4008,111.4492
2024-10-15,36.6,26.1,30.5,0.1,0.1,8.32,30.7,24.5,79,25,Ngawi,-7.4008,111.4492
2024-10-16,36.3,22.9,29.3,0.0,0.0,8.63,39.2,25.86,64,26,Ngawi,-7.4008,111.4492
2024-10-17,36.1,25.3,29.5,0.0,0.0,8.99,36.1,25.91,69,27,Ngawi,-7.4008,111.4492
2024-10-18,37.4,24.8,30.0,2.8,2.8,7.24,29.9,25.39,71,27,Ngawi,-7.4008,111.4492
2024-10-19,36.5,24.6,28.4,12.7,12.7,5.37,20.5,21.92,92,36,Ngawi,-7.4008,111.4492
2024-10-20,31.8,23.8,25.9,29.5,29.5,3.7,14.8,17.81,96,59,Ngawi,-7.4008,111.4492
2024-10-21,32.5,23.1,27.0,19.7,19.7,4.88,12.7,22.6,96,56,Ngawi,-7.4008,111.4492
2024-10-22,33.6,24.6,28.5,0.6,0.6,6.11,24.2,24.03,82,47,Ngawi,-7.4008,111.4492
2024-10-23,33.6,24.9,28.7,0.1,0.1,6.69,27.2,24.64,80,47,Ngawi,-7.4008,111.4492
2024-10-24,33.2,24.2,28.4,1.1,1.1,5.91,19.8,24.13,82,52,Ngawi,-7.4008,111.4492
2024-10-25,33.9,24.5,28.7,1.7,1.7,6.29,23.3,24.6,85,46,Ngawi,-7.4008,111.4492
2024-10-26,34.0,24.4,29.1,0.0,0.0,6.87,24.1,24.99,83,45,Ngawi,-7.4008,111.4492
2024-10-27,35.5,24.3,29.5,0.0,0.0,6.94,23.4,25.87,81,43,Ngawi,-7.4008,111.4492
2024-10-28,35.8,24.3,29.7,0.6,0.6,6.4,20.3,25.71,86,40,Ngawi,-7.4008,111.4492
2024-10-29,36.0,24.5,30.0,0.0,0.0,7.14,27.6,25.93,85,38,Ngawi,-7.4008,111.4492
2024-10-30,35.7,26.0,29.8,1.6,1.6,6.63,21.8,24.71,77,39,Ngawi,-7.4008,111.4492
2024-10-31,36.1,25.7,29.4,2.9,2.9,5.62,16.9,23.49,88,42,Ngawi,-7.4008,111.4492
2024-11-01,29.6,23.6,26.6,11.1,11.1,2.76,10.3,13.1,94,70,Ngawi,-7.4008,111.4492
2024-11-02,33.5,24.3,27.5,18.1,18.1,4.19,10.5,19.53,96,55,Ngawi,-7.4008,111.4492
2024-11-03,30.9,23.2,26.0,26.1,26.1,3.41,11.7,16.36,99,66,Ngawi,-7.4008,111.4492
2024-11-04,31.6,24.1,26.6,23.2,23.2,4.09,15.9,19.79,98,61,Ngawi,-7.4008,111.4492
2024-11-05,33.2,23.1,27.2,20.6,20.6,5.24,12.2,24.93,97,53,Ngawi,-7.4008,111.4492
2024-11-06,33.1,22.3,27.5,0.4,0.4,5.36,11.3,24.76,99,46,Ngawi,-7.4008,111.4492
2024-11-07,33.3,23.0,28.2,0.0,0.0,5.39,7.3,25.14,97,46,Ngawi,-7.4008,111.4492
2024-11-08,33.0,23.8,27.3,5.0,5.0,4.87,12.9,23.01,95,59,Ngawi,-7.4008,111.4492
2024-11-09,32.5,24.1,27.1,21.0,21.0,4.12,13.5,19.58,96,59,Ngawi,-7.4008,111.4492
2024-11-10,32.8,23.8,26.4,21.0,21.0,4.3,16.0,20.97,98,59,Ngawi,-7.4008,111.4492
2024-11-11,32.2,23.7,26.3,32.2,32.2,4.15,17.8,20.06,100,59,Ngawi,-7.4008,111.4492
2024-11-12,33.0,23.4,27.3,3.0,3.0,5.01,13.8,23.36,100,56,Ngawi,-7.4008,111.4492
2024-11-13,32.6,23.1,26.8,9.2,9.2,4.9,11.0,23.66,100,63,Ngawi,-7.4008,111.4492
2024-11-14,33.0,23.7,28.2,0.1,0.1,5.66,20.8,25.24,96,52,Ngawi,-7.4008,111.4492
2024-11-15,32.7,24.2,27.8,6.5,6.5,5.08,10.3,24.24,96,58,Ngawi,-7.4008,111.4492
2024-11-16,32.2,24.7,26.8,14.6,14.6,4.0,18.3,19.54,99,65,Ngawi,-7.4008,111.4492
2024-11-17,32.8,23.7,27.0,12.0,12.0,4.65,14.0,22.5,99,63,Ngawi,-7.4008,111.4492
2024-11-18,32.3,23.3,26.6,20.1,20.1,4.56,14.4,22.24,99,64,Ngawi,-7.4008,111.4492
2024-11-19,31.9,24.2,26.6,63.4,63.4,4.05,11.4,19.45,99,68,Ngawi,-7.4008,111.4492
2024-11-20,32.3,23.4,26.5,19.5,19.5,4.38,9.9,21.02,99,60,Ngawi,-7.4008,111.4492
2024-11-21,31.8,23.8,26.8,5.6,5.6,4.2,8.2,20.33,99,67,Ngawi,-7.4008,111.4492
2024-11-22,31.4,23.6,26.2,27.3,27.3,3.63,11.5,17.86,99,71,Ngawi,-7.4008,111.4492
2024-11-23,32.0,23.6,26.7,20.8,20.8,3.97,14.7,19.16,100,70,Ngawi,-7.4008,111.4492
2024-11-24,31.3,24.2,26.5,29.4,29.4,3.95,8.1,19.04,98,71,Ngawi,-7.4008,111.4492
2024-11-25,31.3,23.8,26.8,13.0,13.0,4.24,8.4,20.66,99,68,Ngawi,-7.4008,111.4492
2024-11-26,30.6,23.9,27.3,5.7,5.7,4.3,10.7,21.18,96,70,Ngawi,-7.4008,111.4492
2024-11-27,31.4,24.1,27.0,14.3,14.3,4.23,10.2,20.4,98,64,Ngawi,-7.4008,111.4492
2024-11-28,30.5,24.0,26.8,5.2,5.2,3.82,16.2,18.35,98,69,Ngawi,-7.4008,111.4492
2024-11-29,32.2,23.9,27.4,0.3,0.3,4.4,16.6,20.19,95,60,Ngawi,-7.4008,111.4492
2024-11-30,29.9,23.2,26.3,6.6,6.6,3.11,11.6,14.98,97,73,Ngawi,-7.4008,111.4492
2024-12-01,30.4,22.9,26.2,7.1,7.1,3.27,18.7,15.83,99,70,Ngawi,-7.4008,111.4492
2024-12-02,29.9,23.8,25.7,16.7,16.7,2.86,11.7,14.18,100,78,Ngawi,-7.4008,111.4492
2024-12-03,31.8,23.1,26.3,8.8,8.8,4.11,14.7,20.21,100,67,Ngawi,-7.4008,111.4492
2024-12-04,30.9,23.6,26.6,2.9,2.9,3.34,5.8,15.78,99,66,Ngawi,-7.4008,111.4492
2024-12-05,31.0,23.8,26.1,50.4,50.4,3.6,11.7,17.71,98,71,Ngawi,-7.4008,111.4492
2024-12-06,29.4,23.4,25.1,23.1,23.1,1.95,11.0,9.42,98,77,Ngawi,-7.4008,111.4492
2024-12-07,30.0,22.8,25.5,18.4,18.4,3.03,11.9,14.79,99,71,Ngawi,-7.4008,111.4492
2024-12-08,30.6,23.5,26.2,10.7,10.7,3.67,17.9,18.26,100,73,Ngawi,-7.4008,111.4492
2024-12-09,29.3,22.8,25.4,8.4,8.4,2.94,18.6,14.64,99,77,Ngawi,-7.4008,111.4492
2024-12-10,29.6,21.8,25.2,8.3,8.3,2.71,17.8,13.41,100,75,Ngawi,-7.4008,111.4492
2024-12-11,30.8,22.0,25.5,26.3,26.3,3.45,17.5,17.19,99,72,Ngawi,-7.4008,111.4492
2024-12-12,29.6,23.2,25.4,14.9,14.9,2.49,10.9,12.26,99,75,Ngawi,-7.4008,111.4492
2024-12-13,31.4,22.9,25.8,19.4,19.4,3.73,9.9,18.33,98,68,Ngawi,-7.4008,111.4492
2024-12-14,28.0,23.5,25.2,44.5,44.5,2.14,12.0,10.54,99,82,Ngawi,-7.4008,111.4492
2024-12-15,29.5,23.5,25.4,46.7,46.7,2.45,12.6,12.06,98,80,Ngawi,-7.4008,111.4492
2024-12-16,28.8,24.3,25.7,26.7,26.7,2.33,9.6,11.05,99,76,Ngawi,-7.4008,111.4492
2024-12-17,30.0,23.3,25.6,24.6,24.6,2.82,15.2,14.18,99,77,Ngawi,-7.4008,111.4492
2024-12-18,29.5,22.8,26.1,0.5,0.5,3.51,9.6,17.33,99,70,Ngawi,-7.4008,111.4492
2024-12-19,31.6,22.2,26.9,1.7,1.7,4.89,22.3,23.19,96,59,Ngawi,-7.4008,111.4492
2024-12-20,30.0,23.6,26.3,19.3,19.3,3.86,18.5,19.77,98,73,Ngawi,-7.4008,111.4492
2024-12-21,30.8,23.6,26.4,9.8,9.8,3.95,23.2,19.46,97,69,Ngawi,-7.4008,111.4492
2024-12-22,29.8,23.4,25.6,11.6,11.6,2.93,12.2,14.65,99,78,Ngawi,-7.4008,111.4492
2024-12-23,30.5,22.7,25.5,28.1,28.1,3.59,13.0,18.18,100,72,Ngawi,-7.4008,111.4492
2024-12-24,29.5,23.1,25.5,35.6,35.6,3.12,13.8,15.74,99,77,Ngawi,-7.4008,111.4492
2024-12-25,28.8,23.2,25.4,12.6,12.6,2.68,7.8,13.22,100,77,Ngawi,-7.4008,111.4492
2024-12-26,29.8,23.1,25.8,11.1,11.1,3.25,13.8,15.79,99,73,Ngawi,-7.4008,111.4492
2024-12-27,30.5,23.2,26.4,3.6,3.6,3.25,7.4,15.56,99,66,Ngawi,-7.4008,111.4492
2024-12-28,29.8,23.5,26.0,5.8,5.8,3.19,7.6,15.39,99,67,Ngawi,-7.4008,111.4492
2024-12-29,27.8,22.7,25.0,4.7,4.7,2.42,9.7,11.77,99,79,Ngawi,-7.4008,111.4492
2024-12-30,30.4,22.1,25.3,35.5,35.5,3.27,15.8,16.43,100,71,Ngawi,-7.4008,111.4492
2024-12-31,30.2,22.6,25.7,11.9,11.9,2.77,17.5,13.5,100,68,Ngawi,-7.4008,111.4492
2025-01-01,28.0,23.3,25.1,33.0,33.0,2.08,11.0,10.14,99,76,Ngawi,-7.4008,111.4492
2025-01-02,29.8,23.0,25.4,10.2,10.2,3.16,10.3,15.54,99,70,Ngawi,-7.4008,111.4492
2025-01-03,29.3,22.2,25.9,0.2,0.2,3.6,10.0,17.6,100,68,Ngawi,-7.4008,111.4492
2025-01-04,30.2,22.7,26.1,3.1,3.1,4.4,10.1,21.82,98,65,Ngawi,-7.4008,111.4492
2025-01-05,29.0,22.4,25.1,5.0,5.0,3.38,8.7,17.18,99,77,Ngawi,-7.4008,111.4492
2025-01-06,29.8,22.0,25.5,6.0,6.0,3.59,9.7,17.81,100,71,Ngawi,-7.4008,111.4492
2025-01-07,29.8,22.9,25.7,21.7,21.7,3.85,7.6,19.11,99,72,Ngawi,-7.4008,111.4492
2025-01-08,28.4,23.4,25.5,17.9,17.9,3.06,14.6,15.92,98,81,Ngawi,-7.4008,111.4492
2025-01-09,30.1,22.6,26.4,1.0,1.0,4.46,18.8,21.87,99,67,Ngawi,-7.4008,111.4492
2025-01-10,30.3,23.6,26.2,3.1,3.1,3.98,16.1,19.82,97,69,Ngawi,-7.4008,111.4492
2025-01-11,30.5,23.1,25.9,23.3,23.3,3.71,8.8,18.33,99,69,Ngawi,-7.4008,111.4492
2025-01-12,29.3,22.4,25.0,14.0,14.0,2.73,8.9,13.52,99,75,Ngawi,-7.4008,111.4492
2025-01-13,27.7,22.0,24.9,28.0,28.0,2.76,9.5,14.02,100,85,Ngawi,-7.4008,111.4492
2025-01-14,30.6,23.4,25.7,11.8,11.8,3.56,14.7,17.64,98,69,Ngawi,-7.4008,111.4492
2025-01-15,29.1,22.5,25.6,10.2,10.2,3.31,7.4,16.48,98,81,Ngawi,-7.4008,111.4492
2025-01-16,30.5,23.7,26.3,4.1,4.1,3.8,14.4,18.52,99,66,Ngawi,-7.4008,111.4492
2025-01-17,30.8,23.6,26.0,19.8,19.8,3.97,18.6,20.56,96,71,Ngawi,-7.4008,111.4492
2025-01-18,29.4,23.8,25.9,4.9,4.9,3.08,15.7,15.56,98,77,Ngawi,-7.4008,111.4492
2025-01-19,31.2,22.0,25.7,4.0,4.0,3.68,15.5,18.23,96,62,Ngawi,-7.4008,111.4492
2025-01-20,27.7,23.6,24.9,38.7,38.7,2.08,13.9,10.56,99,83,Ngawi,-7.4008,111.4492
2025-01-21,29.3,23.5,25.3,24.8,24.8,2.66,13.3,13.45,100,79,Ngawi,-7.4008,111.4492
2025-01-22,29.9,23.2,25.5,16.8,16.8,3.05,12.6,15.01,98,73,Ngawi,-7.4008,111.4492
2025-01-23,28.0,23.0,24.8,7.4,7.4,2.06,9.2,10.11,98,81,Ngawi,-7.4008,111.4492
2025-01-24,29.6,22.5,25.0,23.9,23.9,3.55,11.7,17.93,96,71,Ngawi,-7.4008,111.4492
2025-01-25,30.9,22.5,25.8,2.5,2.5,4.14,9.3,20.51,98,68,Ngawi,-7.4008,111.4492
2025-01-26,29.5,23.0,25.6,6.1,6.1,3.5,12.1,17.57,100,71,Ngawi,-7.4008,111.4492
2025-01-27,28.0,23.0,25.0,16.5,16.5,2.26,9.5,11.27,100,86,Ngawi,-7.4008,111.4492
2025-01-28,29.3,22.5,24.7,27.2,27.2,2.68,12.7,13.27,100,73,Ngawi,-7.4008,111.4492
2025-01-29,28.6,23.2,25.3,11.2,11.2,2.99,26.1,15.47,97,77,Ngawi,-7.4008,111.4492
2025-01-30,26.1,23.5,24.4,3.5,3.5,1.86,22.2,9.21,94,84,Ngawi,-7.4008,111.4492
2025-01-31,29.4,23.5,26.1,0.9,0.9,3.68,23.7,17.41,94,69,Ngawi,-7.4008,111.4492
2025-02-01,28.9,23.6,26.2,2.2,2.2,3.69,21.1,17.55,94,73,Ngawi,-7.4008,111.4492
2025-02-02,28.1,24.3,25.8,7.9,7.9,3.15,18.0,15.93,94,76,Ngawi,-7.4008,111.4492
2025-02-03,30.3,24.1,27.0,0.9,0.9,4.47,26.7,20.59,95,67,Ngawi,-7.4008,111.4492
2025-02-04,30.5,24.4,26.8,2.6,2.6,4.31,24.1,19.97,92,67,Ngawi,-7.4008,111.4492
2025-02-05,30.7,24.1,26.8,4.6,4.6,4.6,24.4,22.14,94,66,Ngawi,-7.4008,111.4492
2025-02-06,29.6,24.4,26.4,1.7,1.7,3.97,22.9,18.96,91,72,Ngawi,-7.4008,111.4492
2025-02-07,30.5,24.1,26.1,7.4,7.4,3.19,18.3,15.32,97,67,Ngawi,-7.4008,111.4492
2025-02-08,28.8,23.3,25.6,21.9,21.9,3.43,18.2,17.52,99,75,Ngawi,-7.4008,111.4492
2025-02-09,30.8,22.5,25.7,9.6,9.6,3.82,22.7,19.24,98,65,Ngawi,-7.4008,111.4492
2025-02-10,30.0,23.0,26.1,4.4,4.4,3.79,14.7,18.61,98,68,Ngawi,-7.4008,111.4492
2025-02-11,31.5,23.0,26.8,0.0,0.0,4.38,14.3,20.51,100,56,Ngawi,-7.4008,111.4492
2025-02-12,29.3,22.5,25.9,0.0,0.0,2.48,7.2,11.42,97,67,Ngawi,-7.4008,111.4492
2025-02-13,31.2,23.3,26.6,1.5,1.5,4.03,9.1,19.4,95,63,Ngawi,-7.4008,111.4492
2025-02-14,30.8,23.4,26.1,17.8,17.8,4.25,13.1,21.42,99,66,Ngawi,-7.4008,111.4492
2025-02-15,31.0,22.3,25.7,13.0,13.0,4.2,15.7,21.32,98,72,Ngawi,-7.4008,111.4492
2025-02-16,31.9,22.6,26.2,10.1,10.1,4.44,17.6,22.18,100,64,Ngawi,-7.4008,111.4492
2025-02-17,29.9,23.0,25.4,20.5,20.5,3.22,10.9,15.91,98,72,Ngawi,-7.4008,111.4492
2025-02-18,30.9,22.6,25.6,10.4,10.4,3.87,14.7,19.18,99,64,Ngawi,-7.4008,111.4492
2025-02-19,30.4,23.2,25.7,14.4,14.4,4.0,18.4,20.46,100,71,Ngawi,-7.4008,111.4492
2025-02-20,30.4,22.2,25.5,15.4,15.4,3.77,11.8,18.44,98,67,Ngawi,-7.4008,111.4492
2025-02-21,31.2,23.4,25.7,10.9,10.9,3.73,9.7,18.28,100,69,Ngawi,-7.4008,111.4492
2025-02-22,30.4,22.6,25.7,18.6,18.6,3.45,11.3,17.31,99,74,Ngawi,-7.4008,111.4492
2025-02-23,28.8,22.9,24.9,32.6,32.6,2.46,12.7,12.53,99,79,Ngawi,-7.4008,111.4492
2025-02-24,29.3,23.6,25.1,56.9,56.9,2.94,15.8,14.59,99,77,Ngawi,-7.4008,111.4492
2025-02-25,30.4,22.8,25.4,20.9,20.9,3.93,9.2,19.59,100,68,Ngawi,-7.4008,111.4492
2025-02-26,29.7,23.3,25.3,26.9,26.9,2.88,11.1,13.98,99,69,Ngawi,-7.4008,111.4492
2025-02-27,31.1,22.9,25.5,29.2,29.2,4.16,18.3,20.58,99,70,Ngawi,-7.4008,111.4492
2025-02-28,30.9,23.1,25.5,24.8,24.8,4.12,8.6,20.3,100,70,Ngawi,-7.4008,111.4492
2025-03-01,31.8,22.8,26.4,1.7,1.7,4.76,8.9,23.2,100,63,Ngawi,-7.4008,111.4492
2025-03-02,31.6,23.7,26.7,1.8,1.8,4.56,15.7,22.25,100,64,Ngawi,-7.4008,111.4492
2025-03-03,31.5,24.0,26.3,11.9,11.9,4.35,13.3,21.78,100,67,Ngawi,-7.4008,111.4492
2025-03-04,30.8,23.1,25.9,15.4,15.4,4.16,12.3,20.8,99,71,Ngawi,-7.4008,111.4492
2025-03-05,32.3,23.1,27.1,3.0,3.0,5.09,13.6,24.93,99,64,Ngawi,-7.4008,111.4492
2025-03-06,32.0,24.0,26.7,6.5,6.5,4.49,8.5,21.82,99,67,Ngawi,-7.4008,111.4492
2025-03-07,30.9,23.1,25.8,20.4,20.4,3.28,10.2,16.36,99,71,Ngawi,-7.4008,111.4492
2025-03-08,30.9,23.3,25.8,14.3,14.3,3.96,9.7,19.47,98,71,Ngawi,-7.4008,111.4492
2025-03-09,30.5,23.5,25.8,20.9,20.9,3.46,16.3,17.34,99,72,Ngawi,-7.4008,111.4492
2025-03-10,28.7,23.5,25.1,15.5,15.5,2.13,14.8,10.65,100,76,Ngawi,-7.4008,111.4492
2025-03-11,30.9,23.2,26.3,5.3,5.3,3.68,11.1,17.84,100,66,Ngawi,-7.4008,111.4492
2025-03-12,31.6,23.1,26.4,16.0,16.0,4.22,17.4,21.02,98,72,Ngawi,-7.4008,111.4492
2025-03-13,31.2,23.1,26.3,7.9,7.9,4.56,13.1,22.38,99,67,Ngawi,-7.4008,111.4492
2025-03-14,30.8,23.6,25.9,32.5,32.5,3.47,7.1,16.93,99,74,Ngawi,-7.4008,111.4492
2025-03-15,31.0,22.9,25.5,23.6,23.6,3.57,13.4,17.71,99,69,Ngawi,-7.4008,111.4492
2025-03-16,29.6,22.4,25.1,13.8,13.8,3.02,11.2,14.74,99,76,Ngawi,-7.4008,111.4492
2025-03-17,29.8,22.9,25.3,37.3,37.3,2.76,14.5,14.2,100,78,Ngawi,-7.4008,111.4492
2025-03-18,30.1,23.8,25.7,10.6,10.6,2.91,18.3,14.14,98,70,Ngawi,-7.4008,111.4492
2025-03-19,29.2,22.6,24.9,14.9,14.9,2.87,11.8,14.66,99,72,Ngawi,-7.4008,111.4492
2025-03-20,31.5,22.2,26.3,0.8,0.8,4.54,11.4,22.12,96,60,Ngawi,-7.4008,111.4492
2025-03-21,31.6,23.1,26.9,4.1,4.1,4.53,16.9,21.79,97,62,Ngawi,-7.4008,111.4492
2025-03-22,28.4,23.3,25.6,4.5,4.5,2.47,10.4,11.94,99,78,Ngawi,-7.4008,111.4492
2025-03-23,30.6,22.4,26.1,1.1,1.1,3.58,20.7,16.41,98,64,Ngawi,-7.4008,111.4492
2025-03-24,29.5,23.6,26.2,7.3,7.3,3.22,23.2,16.18,96,73,Ngawi,-7.4008,111.4492
2025-03-25,31.0,23.5,27.0,1.2,1.2,4.51,18.0,21.71,95,66,Ngawi,-7.4008,111.4492
2025-03-26,31.3,24.8,27.1,9.3,9.3,4.17,15.4,20.29,94,69,Ngawi,-7.4008,111.4492
2025-03-27,30.7,23.4,25.8,13.8,13.8,3.4,13.2,16.71,98,70,Ngawi,-7.4008,111.4492
2025-03-28,29.5,23.4,25.5,29.9,29.9,2.82,13.8,14.26,99,81,Ngawi,-7.4008,111.4492
2025-03-29,30.0,22.8,25.5,5.0,5.0,3.49,10.1,17.29,100,71,Ngawi,-7.4008,111.4492
2025-03-30,31.4,22.6,26.3,0.8,0.8,3.65,9.9,17.36,98,60,Ngawi,-7.4008,111.4492
2025-03-31,31.1,23.9,26.4,4.0,4.0,4.13,15.2,20.29,97,70,Ngawi,-7.4008,111.4492
2025-04-01,30.0,22.9,25.6,5.8,5.8,3.52,10.5,17.51,99,73,Ngawi,-7.4008,111.4492
2025-04-02,30.4,22.2,25.5,16.2,16.2,4.11,10.6,20.15,100,66,Ngawi,-7.4008,111.4492
2025-04-03,30.8,23.1,25.8,17.4,17.4,4.06,6.5,20.02,100,68,Ngawi,-7.4008,111.4492
2025-04-04,30.5,22.9,25.8,12.0,12.0,4.37,7.7,21.68,99,71,Ngawi,-7.4008,111.4492
2025-04-05,30.5,23.2,26.2,1.9,1.9,4.44,8.1,21.8,98,66,Ngawi,-7.4008,111.4492
2025-04-06,31.8,23.0,27.2,0.0,0.0,4.79,9.2,23.35,100,57,Ngawi,-7.4008,111.4492
2025-04-07,31.8,23.2,27.2,0.1,0.1,5.09,13.1,24.15,96,55,Ngawi,-7.4008,111.4492
2025-04-08,31.5,23.5,26.7,3.9,3.9,4.73,12.6,23.11,96,64,Ngawi,-7.4008,111.4492
2025-04-09,31.5,23.1,26.7,0.4,0.4,4.57,11.7,22.6,99,62,Ngawi,-7.4008,111.4492
2025-04-10,30.0,24.1,26.1,7.8,7.8,3.05,10.8,15.37,98,76,Ngawi,-7.4008,111.4492
2025-04-11,30.1,23.7,26.0,7.8,7.8,3.68,9.2,18.23,98,74,Ngawi,-7.4008,111.4492
2025-04-12,31.1,23.2,26.1,4.4,4.4,4.36,18.0,21.82,100,67,Ngawi,-7.4008,111.4492
2025-04-13,31.0,23.4,25.9,23.6,23.6,4.04,14.9,19.8,99,69,Ngawi,-7.4008,111.4492
2025-04-14,30.1,23.5,26.0,8.0,8.0,3.57,8.4,17.81,100,73,Ngawi,-7.4008,111.4492
2025-04-15,30.5,23.5,26.6,0.2,0.2,3.59,9.6,17.55,96,63,Ngawi,-7.4008,111.4492
2025-04-16,31.6,23.6,26.9,2.5,2.5,4.22,6.4,20.76,99,66,Ngawi,-7.4008,111.4492
2025-04-17,28.5,24.0,25.8,4.1,4.1,2.75,10.2,13.76,99,79,Ngawi,-7.4008,111.4492
2025-04-18,29.5,23.9,25.6,19.3,19.3,3.05,12.6,15.52,100,79,Ngawi,-7.4008,111.4492
2025-04-19,30.7,23.6,26.1,8.7,8.7,3.69,13.5,18.35,99,70,Ngawi,-7.4008,111.4492
2025-04-20,29.5,22.9,26.0,10.0,10.0,3.67,18.3,18.78,100,75,Ngawi,-7.4008,111.4492
2025-04-21,30.1,23.3,25.9,2.2,2.2,3.39,10.7,16.69,99,71,Ngawi,-7.4008,111.4492
2025-04-22,29.9,23.1,26.2,0.6,0.6,3.9,11.8,19.68,99,70,Ngawi,-7.4008,111.4492
2025-04-23,30.8,23.0,26.7,1.1,1.1,4.34,11.4,21.41,96,63,Ngawi,-7.4008,111.4492
2025-04-24,31.0,22.5,26.8,0.7,0.7,4.63,10.4,22.56,100,61,Ngawi,-7.4008,111.4492
2025-04-25,31.2,23.1,26.6,0.9,0.9,4.16,15.5,20.06,97,64,Ngawi,-7.4008,111.4492
2025-04-26,31.1,22.5,26.2,1.5,1.5,4.37,12.8,21.39,98,60,Ngawi,-7.4008,111.4492
2025-04-27,32.2,22.5,27.0,0.0,0.0,5.08,18.7,22.6,99,52,Ngawi,-7.4008,111.4492
2025-04-28,31.5,22.2,26.7,0.6,0.6,4.7,10.6,22.27,89,54,Ngawi,-7.4008,111.4492
2025-04-29,30.9,22.3,26.7,0.0,0.0,4.97,17.7,22.18,90,55,Ngawi,-7.4008,111.4492
2025-04-30,30.9,23.1,27.0,0.0,0.0,4.69,13.3,21.61,87,59,Ngawi,-7.4008,111.4492
2025-05-01,31.4,23.3,26.9,3.2,3.2,4.42,8.6,21.59,91,64,Ngawi,-7.4008,111.4492
2025-05-02,30.2,22.9,25.4,10.4,10.4,2.63,17.7,13.24,100,72,Ngawi,-7.4008,111.4492
2025-05-03,31.1,22.7,26.4,1.8,1.8,4.01,8.8,19.58,99,67,Ngawi,-7.4008,111.4492
2025-05-04,31.0,23.3,26.0,6.2,6.2,3.83,15.2,19.53,98,75,Ngawi,-7.4008,111.4492
2025-05-05,31.9,24.0,27.0,5.7,5.7,4.31,14.4,21.29,96,65,Ngawi,-7.4008,111.4492
2025-05-06,30.5,23.9,26.4,10.0,10.0,3.86,12.2,19.3,96,74,Ngawi,-7.4008,111.4492
2025-05-07,31.0,23.4,26.3,7.8,7.8,3.69,11.4,18.45,99,69,Ngawi,-7.4008,111.4492
2025-05-08,30.7,23.2,26.1,4.5,4.5,3.57,9.0,18.1,100,71,Ngawi,-7.4008,111.4492
2025-05-09,30.9,23.7,25.8,35.3,35.3,3.43,15.1,16.75,99,72,Ngawi,-7.4008,111.4492
2025-05-10,31.0,23.4,26.2,6.0,6.0,4.07,13.3,20.12,98,67,Ngawi,-7.4008,111.4492
2025-05-11,30.1,22.9,25.7,9.1,9.1,3.32,9.5,16.55,100,73,Ngawi,-7.4008,111.4492
2025-05-12,29.1,23.2,25.3,13.9,13.9,2.52,8.6,12.53,100,79,Ngawi,-7.4008,111.4492
2025-05-13,29.5,23.4,25.4,18.5,18.5,2.82,8.1,14.29,99,81,Ngawi,-7.4008,111.4492
2025-05-14,29.8,23.6,25.8,20.3,20.3,3.22,9.5,16.22,100,80,Ngawi,-7.4008,111.4492
2025-05-15,30.5,23.5,25.7,28.2,28.2,3.45,11.2,17.16,99,71,Ngawi,-7.4008,111.4492
2025-05-16,28.8,23.1,25.2,46.5,46.5,2.68,5.6,13.63,99,85,Ngawi,-7.4008,111.4492
2025-05-17,29.2,23.6,25.5,28.2,28.2,3.01,8.9,15.06,99,77,Ngawi,-7.4008,111.4492
2025-05-18,29.2,23.5,25.6,12.9,12.9,3.0,9.2,15.06,99,77,Ngawi,-7.4008,111.4492
2025-05-19,30.2,23.5,25.5,22.2,22.2,3.14,11.6,15.81,99,73,Ngawi,-7.4008,111.4492
2025-05-20,30.5,23.8,26.3,3.8,3.8,3.57,14.8,16.53,93,67,Ngawi,-7.4008,111.4492
2025-05-21,30.1,24.5,26.6,5.6,5.6,3.95,13.7,19.35,99,77,Ngawi,-7.4008,111.4492
2025-05-22,30.0,23.2,25.7,22.1,22.1,3.23,13.9,16.27,99,72,Ngawi,-7.4008,111.4492
2025-05-23,28.0,23.1,24.9,20.5,20.5,2.09,10.5,10.53,100,82,Ngawi,-7.4008,111.4492
2025-05-24,29.6,23.2,25.6,3.9,3.9,3.05,9.0,15.56,99,78,Ngawi,-7.4008,111.4492
2025-05-25,30.4,23.4,26.1,4.3,4.3,3.31,10.6,16.37,98,74,Ngawi,-7.4008,111.4492
2025-05-26,27.9,23.1,25.0,26.8,26.8,1.67,11.9,8.29,99,84,Ngawi,-7.4008,111.4492
2025-05-27,29.0,23.5,25.9,0.0,0.0,3.04,9.0,15.33,99,74,Ngawi,-7.4008,111.4492
2025-05-28,30.7,23.7,26.8,0.7,0.7,3.51,9.7,17.14,99,68,Ngawi,-7.4008,111.4492
2025-05-29,31.9,23.1,27.3,0.0,0.0,4.11,9.9,19.75,97,60,Ngawi,-7.4008,111.4492
2025-05-30,31.5,22.2,26.9,0.4,0.4,4.11,7.6,19.97,95,61,Ngawi,-7.4008,111.4492
2025-05-31,31.4,23.4,26.2,22.5,22.5,3.77,12.0,18.5,99,66,Ngawi,-7.4008,111.4492
2025-06-01,30.5,23.2,25.9,3.6,3.6,3.16,11.0,15.2,98,68,Ngawi,-7.4008,111.4492
2025-06-02,30.9,22.6,26.6,0.0,0.0,3.99,8.3,19.71,99,62,Ngawi,-7.4008,111.4492
2025-06-03,31.5,23.3,27.0,0.0,0.0,4.1,10.7,20.04,95,59,Ngawi,-7.4008,111.4492
2025-06-04,31.7,23.5,27.1,0.5,0.5,4.06,12.7,19.63,99,58,Ngawi,-7.4008,111.4492
2025-06-05,31.0,23.4,27.1,0.1,0.1,4.59,15.3,20.09,97,55,Ngawi,-7.4008,111.4492
2025-06-06,31.5,22.5,27.0,0.0,0.0,4.64,17.4,20.88,92,56,Ngawi,-7.4008,111.4492
2025-06-07,32.0,23.0,27.1,0.0,0.0,4.7,17.9,20.77,90,55,Ngawi,-7.4008,111.4492
2025-06-08,30.8,23.7,26.6,5.6,5.6,3.93,12.4,18.95,99,66,Ngawi,-7.4008,111.4492
2025-06-09,28.5,23.0,25.4,9.2,9.2,2.14,10.9,9.96,98,73,Ngawi,-7.4008,111.4492
2025-06-10,30.1,23.2,26.2,4.3,4.3,3.34,10.4,16.53,94,68,Ngawi,-7.4008,111.4492
2025-06-11,30.2,23.0,26.1,1.1,1.1,3.82,10.9,18.86,98,67,Ngawi,-7.4008,111.4492
2025-06-12,31.1,23.6,26.9,0.1,0.1,4.4,14.2,20.22,96,57,Ngawi,-7.4008,111.4492
2025-06-13,30.9,24.0,26.9,0.4,0.4,3.66,12.7,17.0,90,63,Ngawi,-7.4008,111.4492
2025-06-14,31.4,23.7,26.2,5.1,5.1,3.53,14.9,17.44,97,65,Ngawi,-7.4008,111.4492
2025-06-15,31.6,23.2,26.9,0.3,0.3,3.94,10.8,18.57,98,60,Ngawi,-7.4008,111.4492
2025-06-16,31.0,22.6,26.3,13.9,13.9,3.63,9.7,17.76,97,66,Ngawi,-7.4008,111.4492
2025-06-17,30.5,22.7,25.7,3.1,3.1,3.73,13.3,18.35,100,68,Ngawi,-7.4008,111.4492
2025-06-18,31.6,22.3,26.6,0.0,0.0,4.51,16.4,19.68,95,51,Ngawi,-7.4008,111.4492
2025-06-19,29.7,22.1,25.7,0.0,0.0,3.48,14.8,16.21,86,55,Ngawi,-7.4008,111.4492
2025-06-20,28.5,22.0,24.9,0.4,0.4,2.42,8.6,11.8,93,68,Ngawi,-7.4008,111.4492
2025-06-21,31.1,22.6,26.2,10.7,10.7,3.92,8.6,19.18,99,62,Ngawi,-7.4008,111.4492
2025-06-22,30.2,22.8,25.5,9.6,9.6,3.3,9.8,16.58,100,66,Ngawi,-7.4008,111.4492
2025-06-23,31.5,23.1,26.4,0.3,0.3,4.59,19.8,20.6,97,52,Ngawi,-7.4008,111.4492
2025-06-24,31.0,23.5,27.0,0.0,0.0,4.65,17.1,20.24,84,56,Ngawi,-7.4008,111.4492
2025-06-25,31.3,24.5,27.2,0.0,0.0,4.69,24.0,18.42,76,55,Ngawi,-7.4008,111.4492
2025-06-26,31.1,24.1,27.2,0.4,0.4,4.51,17.6,18.92,82,60,Ngawi,-7.4008,111.4492
2025-06-27,31.1,24.4,26.9,0.8,0.8,4.15,15.0,18.68,86,60,Ngawi,-7.4008,111.4492
2025-06-28,30.8,22.9,26.0,10.0,10.0,4.01,18.4,18.24,96,63,Ngawi,-7.4008,111.4492
2025-06-29,30.9,23.8,26.7,0.7,0.7,4.2,17.9,18.67,86,56,Ngawi,-7.4008,111.4492
2025-06-30,31.3,23.5,26.8,1.2,1.2,4.06,13.0,17.81,87,54,Ngawi,-7.4008,111.4492
2025-07-01,31.8,23.5,27.1,0.6,0.6,4.3,11.1,19.56,89,53,Ngawi,-7.4008,111.4492
2025-07-02,32.0,23.3,27.3,0.1,0.1,4.64,16.6,20.28,89,52,Ngawi,-7.4008,111.4492
2025-07-03,31.5,23.7,26.5,1.7,1.7,3.83,16.2,17.82,94,57,Ngawi,-7.4008,111.4492
2025-07-04,31.1,23.1,26.6,0.5,0.5,4.69,22.9,18.7,86,55,Ngawi,-7.4008,111.4492
2025-07-05,31.5,23.6,26.4,6.5,6.5,4.22,13.6,18.96,95,56,Ngawi,-7.4008,111.4492
2025-07-06,31.0,23.0,25.8,7.6,7.6,3.17,13.1,14.47,95,62,Ngawi,-7.4008,111.4492
2025-07-07,31.3,22.1,26.0,2.3,2.3,3.86,19.8,18.61,96,56,Ngawi,-7.4008,111.4492
2025-07-08,31.0,23.1,26.5,2.5,2.5,4.86,25.6,19.46,95,51,Ngawi,-7.4008,111.4492
2025-07-09,30.9,23.5,26.2,0.0,0.0,5.99,24.4,21.31,76,43,Ngawi,-7.4008,111.4492
2025-07-10,30.9,21.7,25.9,0.0,0.0,4.98,19.0,21.48,79,43,Ngawi,-7.4008,111.4492
2025-07-11,31.0,21.3,25.9,0.0,0.0,4.63,15.4,21.15,85,46,Ngawi,-7.4008,111.4492
2025-07-12,31.4,22.1,26.3,0.2,0.2,4.23,12.8,17.86,80,52,Ngawi,-7.4008,111.4492
2025-07-13,31.8,23.6,26.9,9.0,9.0,4.09,18.0,17.94,94,54,Ngawi,-7.4008,111.4492
2025-07-14,31.9,24.1,27.2,0.3,0.3,5.25,22.7,20.12,83,53,Ngawi,-7.4008,111.4492
2025-07-15,32.2,23.1,27.5,0.4,0.4,4.86,20.8,20.39,86,51,Ngawi,-7.4008,111.4492
2025-07-16,31.8,25.0,27.4,0.0,0.0,5.61,27.6,20.84,81,51,Ngawi,-7.4008,111.4492
2025-07-17,31.6,23.2,26.9,0.0,0.0,5.16,19.5,21.24,74,49,Ngawi,-7.4008,111.4492
2025-07-18,32.2,21.9,26.7,0.0,0.0,5.14,23.7,20.93,87,44,Ngawi,-7.4008,111.4492
2025-07-19,31.5,21.7,26.5,0.0,0.0,4.92,22.3,20.45,85,44,Ngawi,-7.4008,111.4492
2025-07-20,31.2,20.5,25.6,0.0,0.0,5.19,22.3,22.15,91,41,Ngawi,-7.4008,111.4492
2025-07-21,31.0,20.7,25.5,0.0,0.0,5.04,18.1,22.26,83,42,Ngawi,-7.4008,111.4492
2025-07-22,31.2,20.0,25.8,0.0,0.0,4.8,20.9,21.83,87,43,Ngawi,-7.4008,111.4492
2025-07-23,32.0,21.3,26.5,0.0,0.0,4.44,9.9,20.49,92,50,Ngawi,-7.4008,111.4492
2025-07-24,32.3,22.5,27.1,0.0,0.0,4.81,19.3,20.64,89,49,Ngawi,-7.4008,111.4492
2025-07-25,32.2,24.1,27.7,0.0,0.0,5.02,18.9,20.84,84,50,Ngawi,-7.4008,111.4492
2025-07-26,32.5,24.2,27.9,0.1,0.1,5.09,18.4,21.15,81,51,Ngawi,-7.4008,111.4492
2025-07-27,32.5,24.2,27.7,0.2,0.2,4.53,12.3,20.3,83,52,Ngawi,-7.4008,111.4492
2025-07-28,31.8,24.5,27.4,0.5,0.5,4.97,23.6,20.15,82,54,Ngawi,-7.4008,111.4492
2025-07-29,31.0,25.0,27.2,1.0,1.0,5.09,24.6,19.68,79,57,Ngawi,-7.4008,111.4492
2025-07-30,30.6,24.5,26.8,0.6,0.6,5.19,27.7,20.4,80,58,Ngawi,-7.4008,111.4492
2025-07-31,32.1,24.2,27.3,0.0,0.0,5.38,21.7,21.7,80,50,Ngawi,-7.4008,111.4492
2025-08-01,32.5,22.7,27.3,0.0,0.0,5.03,16.0,22.37,88,49,Ngawi,-7.4008,111.4492
2025-08-02,33.0,23.4,27.8,0.0,0.0,4.96,13.3,21.65,88,50,Ngawi,-7.4008,111.4492
2025-08-03,32.8,23.9,27.3,1.5,1.5,4.8,22.5,20.83,86,56,Ngawi,-7.4008,111.4492
2025-08-04,32.5,22.8,26.8,1.9,1.9,4.41,14.0,20.88,95,56,Ngawi,-7.4008,111.4492
2025-08-05,31.8,22.8,25.9,4.3,4.3,4.25,14.2,20.64,96,59,Ngawi,-7.4008,111.4492
2025-08-06,32.4,22.5,27.1,0.0,0.0,5.19,15.9,22.16,88,46,Ngawi,-7.4008,111.4492
2025-08-07,32.0,22.1,27.0,1.6,1.6,4.82,10.8,22.27,88,54,Ngawi,-7.4008,111.4492
2025-08-08,32.0,24.0,27.5,0.4,0.4,4.74,12.2,21.01,83,51,Ngawi,-7.4008,111.4492
2025-08-09,32.2,23.4,27.5,0.8,0.8,4.67,11.3,21.19,87,50,Ngawi,-7.4008,111.4492
2025-08-10,32.4,23.5,27.2,0.8,0.8,4.71,14.2,21.12,92,49,Ngawi,-7.4008,111.4492
2025-08-11,32.5,23.1,27.1,0.8,0.8,4.92,20.1,21.49,90,50,Ngawi,-7.4008,111.4492
2025-08-12,31.3,22.9,25.9,9.1,9.1,4.15,12.2,19.66,99,52,Ngawi,-7.4008,111.4492
2025-08-13,31.0,22.2,26.0,2.5,2.5,4.57,18.6,20.52,97,53,Ngawi,-7.4008,111.4492
2025-08-14,30.6,23.9,26.4,0.4,0.4,6.09,29.0,21.56,79,44,Ngawi,-7.4008,111.4492
2025-08-15,31.9,22.9,26.5,0.0,0.0,5.55,24.2,21.21,76,44,Ngawi,-7.4008,111.4492
2025-08-16,32.3,23.4,27.2,0.0,0.0,5.38,19.4,22.46,82,46,Ngawi,-7.4008,111.4492
2025-08-17,33.2,22.8,27.4,0.0,0.0,5.49,12.6,23.31,88,42,Ngawi,-7.4008,111.4492
2025-08-18,32.8,23.8,27.0,8.0,8.0,4.58,15.0,20.35,96,47,Ngawi,-7.4008,111.4492
2025-08-19,31.8,22.9,25.4,20.0,20.0,2.92,14.1,13.8,98,55,Ngawi,-7.4008,111.4492
2025-08-20,31.0,22.4,26.2,0.3,0.3,4.07,9.8,19.86,98,56,Ngawi,-7.4008,111.4492
2025-08-21,31.5,22.0,25.9,0.7,0.7,4.25,12.3,20.58,99,55,Ngawi,-7.4008,111.4492
2025-08-22,31.8,22.6,26.5,2.1,2.1,4.53,9.9,21.63,98,55,Ngawi,-7.4008,111.4492
2025-08-23,32.5,22.7,27.2,2.5,2.5,4.71,9.6,21.66,99,49,Ngawi,-7.4008,111.4492
2025-08-24,32.8,22.5,27.6,0.0,0.0,4.83,7.6,22.41,100,45,Ngawi,-7.4008,111.4492
2025-08-25,34.0,21.9,27.2,0.0,0.0,5.84,25.2,23.17,94,31,Ngawi,-7.4008,111.4492
2025-08-26,33.4,22.1,27.2,0.0,0.0,6.87,28.3,23.67,81,37,Ngawi,-7.4008,111.4492
2025-08-27,32.5,24.1,27.4,1.1,1.1,6.09,31.2,22.76,78,43,Ngawi,-7.4008,111.4492
2025-08-28,31.1,24.7,26.9,0.0,0.0,6.14,32.6,22.88,78,50,Ngawi,-7.4008,111.4492
2025-08-29,32.3,24.6,27.1,3.5,3.5,5.42,27.4,20.66,77,51,Ngawi,-7.4008,111.4492
2025-08-30,33.5,24.6,27.7,0.5,0.5,5.82,22.4,22.66,77,42,Ngawi,-7.4008,111.4492
2025-08-31,34.0,24.0,28.2,0.0,0.0,6.17,18.3,23.86,79,37,Ngawi,-7.4008,111.4492
2025-09-01,34.0,23.2,28.2,0.0,0.0,5.94,14.1,23.29,77,38,Ngawi,-7.4008,111.4492
2025-09-02,35.0,22.6,28.4,0.0,0.0,6.23,21.4,23.76,90,33,Ngawi,-7.4008,111.4492
2025-09-03,35.2,23.0,28.5,0.0,0.0,6.65,21.4,24.67,90,27,Ngawi,-7.4008,111.4492
2025-09-04,34.4,23.7,28.4,0.4,0.4,5.79,17.5,23.43,86,37,Ngawi,-7.4008,111.4492
2025-09-05,34.6,24.4,28.6,0.0,0.0,6.22,25.2,23.82,80,37,Ngawi,-7.4008,111.4492
2025-09-06,33.7,24.9,28.0,0.0,0.0,7.39,31.7,23.58,74,34,Ngawi,-7.4008,111.4492
2025-09-07,34.0,24.0,27.9,0.0,0.0,7.04,29.4,22.58,72,37,Ngawi,-7.4008,111.4492
2025-09-08,34.5,24.5,28.3,0.1,0.1,6.35,28.4,22.45,74,36,Ngawi,-7.4008,111.4492
2025-09-09,34.2,25.2,28.1,0.9,0.9,6.1,25.5,22.07,76,45,Ngawi,-7.4008,111.4492
2025-09-10,32.7,24.5,27.5,3.8,3.8,5.21,20.4,20.65,89,52,Ngawi,-7.4008,111.4492
2025-09-11,30.8,23.4,26.1,9.6,9.6,3.5,11.7,17.14,95,67,Ngawi,-7.4008,111.4492
2025-09-12,33.4,22.7,27.6,0.1,0.1,5.89,26.5,24.0,93,43,Ngawi,-7.4008,111.4492
2025-09-13,33.8,23.4,28.3,0.0,0.0,5.49,18.5,23.8,86,46,Ngawi,-7.4008,111.4492
2025-09-14,32.9,22.9,27.8,0.1,0.1,5.95,23.3,23.44,92,43,Ngawi,-7.4008,111.4492
2025-09-15,33.3,24.8,28.3,1.8,1.8,6.45,25.7,23.61,75,43,Ngawi,-7.4008,111.4492
2025-09-16,33.7,24.2,27.0,16.2,16.2,4.87,17.5,21.44,98,47,Ngawi,-7.4008,111.4492
2025-09-17,32.8,23.2,26.0,67.2,67.2,4.37,15.3,20.46,98,51,Ngawi,-7.4008,111.4492
2025-09-18,30.3,23.1,25.7,8.4,8.4,3.61,13.5,17.55,96,62,Ngawi,-7.4008,111.4492
2025-09-19,32.0,23.4,26.7,3.3,3.3,4.97,17.1,23.01,94,56,Ngawi,-7.4008,111.4492
2025-09-20,32.6,23.7,27.7,0.0,0.0,5.35,12.2,24.22,89,51,Ngawi,-7.4008,111.4492
2025-09-21,32.7,23.9,27.3,1.2,1.2,5.09,11.7,23.99,95,53,Ngawi,-7.4008,111.4492
2025-09-22,33.0,22.7,27.5,0.0,0.0,5.55,12.5,25.06,99,47,Ngawi,-7.4008,111.4492
2025-09-23,33.8,22.0,27.8,0.0,0.0,5.96,20.0,25.7,82,41,Ngawi,-7.4008,111.4492
2025-09-24,32.8,22.5,27.4,0.0,0.0,5.43,12.3,24.92,87,48,Ngawi,-7.4008,111.4492
2025-09-25,33.3,23.5,27.8,0.0,0.0,5.14,12.1,23.48,90,45,Ngawi,-7.4008,111.4492
2025-09-26,34.4,23.5,28.4,0.9,0.9,5.71,15.2,24.38,93,46,Ngawi,-7.4008,111.4492
2025-09-27,34.4,24.8,29.0,0.0,0.0,5.81,13.2,23.82,76,44,Ngawi,-7.4008,111.4492
2025-09-28,35.2,23.9,29.3,0.0,0.0,6.1,15.9,24.61,93,36,Ngawi,-7.4008,111.4492
2025-09-29,34.2,24.6,27.8,5.0,5.0,5.04,17.0,23.01,94,49,Ngawi,-7.4008,111.4492
2025-09-30,30.3,23.6,25.6,10.2,10.2,2.7,10.1,12.27,97,64,Ngawi,-7.4008,111.4492
2025-10-01,32.6,23.1,26.1,30.1,30.1,4.38,15.7,21.11,99,55,Ngawi,-7.4008,111.4492
2025-10-02,34.4,23.2,28.1,0.1,0.1,5.54,11.2,24.89,99,39,Ngawi,-7.4008,111.4492
2025-10-03,34.8,23.0,28.6,0.0,0.0,6.55,25.6,24.94,94,41,Ngawi,-7.4008,111.4492
2025-10-04,34.2,22.2,28.6,0.0,0.0,5.65,11.3,23.52,80,33,Ngawi,-7.4008,111.4492
2025-10-05,35.0,23.0,28.5,0.0,0.0,5.92,18.2,24.22,88,35,Ngawi,-7.4008,111.4492
2025-10-06,34.5,23.6,28.7,0.0,0.0,5.92,12.9,24.67,96,38,Ngawi,-7.4008,111.4492
2025-10-07,34.5,24.3,28.9,0.0,0.0,5.99,20.4,24.42,84,36,Ngawi,-7.4008,111.4492
2025-10-08,35.0,25.1,29.3,0.3,0.3,7.49,28.2,25.35,72,33,Ngawi,-7.4008,111.4492
2025-10-09,34.7,23.6,28.9,0.2,0.2,6.11,15.4,25.14,84,33,Ngawi,-7.4008,111.4492
2025-10-10,34.0,24.1,28.8,0.1,0.1,6.29,20.7,25.32,82,38,Ngawi,-7.4008,111.4492
2025-10-11,34.3,24.1,28.9,0.0,0.0,6.12,21.8,24.95,87,39,Ngawi,-7.4008,111.4492
2025-10-12,35.8,25.2,29.2,2.9,2.9,5.93,18.6,23.78,80,41,Ngawi,-7.4008,111.4492
2025-10-13,35.0,25.2,29.4,0.4,0.4,5.75,14.0,23.53,86,42,Ngawi,-7.4008,111.4492
2025-10-14,36.3,24.5,29.7,0.5,0.5,5.87,14.6,24.76,93,38,Ngawi,-7.4008,111.4492
2025-10-15,35.6,25.0,28.6,4.2,4.2,5.23,17.4,23.67,88,43,Ngawi,-7.4008,111.4492
2025-10-16,35.8,25.4,29.7,0.5,0.5,6.55,24.4,25.28,84,36,Ngawi,-7.4008,111.4492
2025-10-17,36.0,25.9,29.6,1.1,1.1,5.73,16.2,24.35,78,39,Ngawi,-7.4008,111.4492
2025-10-18,36.2,24.0,29.6,1.8,1.8,5.93,13.1,24.96,98,37,Ngawi,-7.4008,111.4492
2025-10-19,35.8,24.8,29.6,0.7,0.7,5.68,12.6,24.71,96,40,Ngawi,-7.4008,111.4492
2025-10-20,34.5,25.9,28.6,9.1,9.1,4.37,16.6,19.47,88,48,Ngawi,-7.4008,111.4492
2025-10-21,34.5,24.4,26.9,43.3,43.3,3.51,12.8,16.51,99,48,Ngawi,-7.4008,111.4492
2025-10-22,32.8,23.9,26.1,37.2,37.2,3.81,8.1,18.2,99,58,Ngawi,-7.4008,111.4492
2025-10-23,30.1,23.1,26.0,4.5,4.5,3.66,14.4,18.26,99,70,Ngawi,-7.4008,111.4492
2025-10-24,32.2,23.5,26.4,29.1,29.1,4.22,14.2,20.28,99,60,Ngawi,-7.4008,111.4492
2025-10-25,30.5,23.2,26.3,20.1,20.1,4.03,10.6,19.69,99,66,Ngawi,-7.4008,111.4492
2025-10-26,32.2,23.0,25.9,44.7,44.7,4.65,10.1,22.64,99,61,Ngawi,-7.4008,111.4492
2025-10-27,32.2,22.5,26.7,1.1,1.1,4.52,12.5,21.51,100,58,Ngawi,-7.4008,111.4492
2025-10-28,31.0,23.4,25.9,28.5,28.5,3.68,10.8,18.05,99,67,Ngawi,-7.4008,111.4492
2025-10-29,31.0,23.4,26.5,0.5,0.5,4.21,11.2,19.99,98,61,Ngawi,-7.4008,111.4492
2025-10-30,31.8,23.6,26.1,22.6,22.6,3.92,13.1,18.95,99,63,Ngawi,-7.4008,111.4492
2025-10-31,31.0,23.0,25.9,11.5,11.5,3.98,12.3,19.52,99,69,Ngawi,-7.4008,111.4492
2025-11-01,32.6,23.4,26.6,12.7,12.7,4.17,9.8,19.98,99,60,Ngawi,-7.4008,111.4492
2025-11-02,31.6,23.6,26.6,11.9,11.9,4.06,10.4,19.77,100,67,Ngawi,-7.4008,111.4492
2025-11-03,32.3,23.6,26.8,3.3,3.3,4.59,12.0,22.03,98,55,Ngawi,-7.4008,111.4492
2025-11-04,31.5,23.8,26.4,9.7,9.7,4.29,9.3,20.92,99,63,Ngawi,-7.4008,111.4492
2025-11-05,30.1,23.4,25.2,18.8,18.8,2.68,12.7,13.26,96,72,Ngawi,-7.4008,111.4492
2025-11-06,31.5,22.6,26.0,10.3,10.3,3.62,13.9,17.45,98,59,Ngawi,-7.4008,111.4492
2025-11-07,31.6,23.8,26.4,21.1,21.1,4.4,10.2,21.15,98,60,Ngawi,-7.4008,111.4492
2025-11-08,31.2,24.0,26.5,9.5,9.5,4.05,17.2,20.17,100,66,Ngawi,-7.4008,111.4492
2025-11-09,29.3,22.8,25.9,22.4,22.4,3.11,12.5,15.06,98,72,Ngawi,-7.4008,111.4492
2025-11-10,31.8,24.4,26.6,11.8,11.8,3.43,10.2,16.18,99,63,Ngawi,-7.4008,111.4492
2025-11-11,30.9,23.6,25.6,25.4,25.4,3.48,17.7,17.0,99,67,Ngawi,-7.4008,111.4492
2025-11-12,27.7,22.6,24.4,13.5,13.5,2.28,8.2,11.27,99,76,Ngawi,-7.4008,111.4492
2025-11-13,29.1,22.2,24.7,10.3,10.3,3.12,18.4,15.8,100,70,Ngawi,-7.4008,111.4492
2025-11-14,30.6,22.3,25.2,20.2,20.2,3.61,12.5,17.7,99,66,Ngawi,-7.4008,111.4492
2025-11-15,29.1,22.9,25.3,6.0,6.0,3.5,16.4,17.58,99,69,Ngawi,-7.4008,111.4492
2025-11-16,30.5,23.8,26.4,8.6,8.6,3.95,10.3,18.81,94,62,Ngawi,-7.4008,111.4492
2025-11-17,30.7,23.9,26.0,5.0,5.0,3.72,13.8,18.02,99,60,Ngawi,-7.4008,111.4492
2025-11-18,31.4,23.3,25.8,32.2,32.2,3.91,8.5,19.06,100,66,Ngawi,-7.4008,111.4492
2025-11-19,30.6,23.2,25.7,17.7,17.7,3.72,13.0,18.45,100,71,Ngawi,-7.4008,111.4492
2025-11-20,31.6,23.1,26.0,9.4,9.4,3.81,9.9,18.6,99,59,Ngawi,-7.4008,111.4492
2025-11-21,30.0,23.5,25.6,27.4,27.4,3.01,10.6,14.68,99,75,Ngawi,-7.4008,111.4492
2025-11-22,30.9,23.0,26.4,0.0,0.0,3.8,9.2,17.77,99,60,Ngawi,-7.4008,111.4492
2025-11-23,31.9,23.9,26.4,24.2,24.2,4.41,13.0,21.48,99,63,Ngawi,-7.4008,111.4492
2025-11-24,29.4,23.1,26.0,0.4,0.4,3.16,11.3,14.71,99,68,Ngawi,-7.4008,111.4492
2025-11-25,32.6,22.9,27.2,0.1,0.1,5.18,11.0,24.27,85,54,Ngawi,-7.4008,111.4492
2025-11-26,30.4,23.3,26.4,0.5,0.5,4.31,20.3,20.32,90,64,Ngawi,-7.4008,111.4492
2025-11-27,31.5,24.0,27.1,1.0,1.0,4.86,15.4,23.05,94,62,Ngawi,-7.4008,111.4492
2025-11-28,32.2,23.6,27.4,0.0,0.0,5.74,20.0,24.87,90,53,Ngawi,-7.4008,111.4492
2025-11-29,32.0,23.7,27.3,0.0,0.0,5.81,17.0,24.63,84,52,Ngawi,-7.4008,111.4492
2025-11-30,31.7,23.2,26.9,1.7,1.7,5.03,12.7,24.02,95,59,Ngawi,-7.4008,111.4492
2025-12-01,32.0,23.7,27.1,4.6,4.6,3.98,16.7,17.41,98,55,Ngawi,-7.4008,111.4492
2025-12-02,32.0,22.9,26.8,6.9,6.9,4.56,15.1,21.37,97,58,Ngawi,-7.4008,111.4492
2025-12-03,29.0,23.6,26.6,0.2,0.2,2.49,8.8,11.84,99,75,Ngawi,-7.4008,111.4492
2025-12-04,30.0,23.2,25.4,4.7,4.7,3.03,16.8,14.91,98,68,Ngawi,-7.4008,111.4492
2025-12-05,30.8,22.8,25.9,2.9,2.9,4.04,14.2,19.48,99,68,Ngawi,-7.4008,111.4492
2025-12-06,30.4,22.5,25.5,9.6,9.6,3.5,14.2,17.54,99,71,Ngawi,-7.4008,111.4492
2025-12-07,30.9,22.8,26.3,6.5,6.5,4.11,7.9,20.15,100,61,Ngawi,-7.4008,111.4492
2025-12-08,29.8,23.6,26.3,3.4,3.4,3.67,13.5,17.76,97,70,Ngawi,-7.4008,111.4492
2025-12-09,30.4,22.6,25.3,10.0,10.0,3.27,11.3,16.2,99,69,Ngawi,-7.4008,111.4492
2025-12-10,31.7,23.4,26.1,16.6,16.6,4.26,8.8,20.89,99,62,Ngawi,-7.4008,111.4492
2025-12-11,30.0,23.0,25.9,2.3,2.3,2.37,7.7,10.88,99,61,Ngawi,-7.4008,111.4492
2025-12-12,31.5,23.7,27.1,0.0,0.0,4.72,9.9,23.06,94,53,Ngawi,-7.4008,111.4492
2025-12-13,31.9,23.8,27.2,0.1,0.1,4.18,14.7,19.28,91,54,Ngawi,-7.4008,111.4492
2025-12-14,29.5,23.5,26.3,10.0,10.0,3.54,17.0,17.25,98,70,Ngawi,-7.4008,111.4492
2025-12-15,30.8,23.4,26.7,0.0,0.0,4.12,7.8,19.55,99,59,Ngawi,-7.4008,111.4492
2025-12-16,32.3,24.2,27.8,0.0,0.0,4.9,6.5,23.84,86,49,Ngawi,-7.4008,111.4492
2025-12-17,31.3,23.7,27.1,1.4,1.4,4.91,15.4,23.32,87,58,Ngawi,-7.4008,111.4492
2025-12-18,31.9,24.2,26.5,23.7,23.7,3.77,8.4,18.31,97,61,Ngawi,-7.4008,111.4492
2025-12-19,30.1,23.2,26.3,4.5,4.5,3.39,14.2,15.61,99,63,Ngawi,-7.4008,111.4492
2025-12-20,30.9,23.8,26.1,15.7,15.7,3.42,8.7,16.46,99,68,Ngawi,-7.4008,111.4492
2025-12-21,31.4,23.4,25.8,10.4,10.4,3.45,9.5,16.72,100,55,Ngawi,-7.4008,111.4492
2025-12-22,31.6,23.1,25.8,18.9,18.9,3.19,12.9,15.49,99,62,Ngawi,-7.4008,111.4492
2025-12-23,31.0,23.1,26.2,10.6,10.6,4.23,12.1,21.23,98,68,Ngawi,-7.4008,111.4492
2025-12-24,31.9,22.9,26.3,19.6,19.6,4.46,18.0,21.78,97,65,Ngawi,-7.4008,111.4492
2025-12-25,32.3,23.5,26.6,14.8,14.8,4.6,15.5,22.67,97,63,Ngawi,-7.4008,111.4492
2025-12-26,30.1,23.0,25.4,14.5,14.5,3.64,8.5,18.22,99,68,Ngawi,-7.4008,111.4492
2025-12-27,30.1,22.8,25.9,0.9,0.9,3.36,9.7,16.09,99,72,Ngawi,-7.4008,111.4492
2025-12-28,32.8,23.1,27.0,2.5,2.5,5.0,18.6,24.03,96,58,Ngawi,-7.4008,111.4492
2025-12-29,32.8,23.3,26.9,1.3,1.3,4.83,13.2,23.34,100,55,Ngawi,-7.4008,111.4492
2025-12-30,32.0,24.0,26.9,2.4,2.4,4.79,14.9,22.72,98,58,Ngawi,-7.4008,111.4492
2025-12-31,28.0,24.0,25.6,7.8,7.8,2.35,16.4,11.45,99,78,Ngawi,-7.4008,111.4492
