tanggal,temperature_2m_max,temperature_2m_min,temperature_2m_mean,precipitation_sum,rain_sum,et0_fao_evapotranspiration,windspeed_10m_max,shortwave_radiation_sum,relative_humidity_2m_max,relative_humidity_2m_min,kabupaten,lat,lon
2018-01-01,28.1,24.5,26.0,12.7,12.7,3.29,10.6,16.72,96,81,Pacitan,-8.1845,111.1014
2018-01-02,28.0,24.6,25.8,3.0,3.0,2.56,11.3,12.51,94,76,Pacitan,-8.1845,111.1014
2018-01-03,29.6,24.3,26.6,4.9,4.9,4.11,9.2,20.78,96,79,Pacitan,-8.1845,111.1014
2018-01-04,28.5,24.5,26.0,24.7,24.7,3.17,11.9,16.07,97,80,Pacitan,-8.1845,111.1014
2018-01-05,27.7,24.3,25.6,22.8,22.8,2.42,12.7,11.87,96,82,Pacitan,-8.1845,111.1014
2018-01-06,28.0,24.4,25.9,11.1,11.1,2.62,17.3,12.76,93,78,Pacitan,-8.1845,111.1014
2018-01-07,28.9,24.6,26.1,8.5,8.5,2.83,15.5,13.21,90,76,Pacitan,-8.1845,111.1014
2018-01-08,29.3,24.1,26.4,15.6,15.6,3.33,11.5,16.5,96,76,Pacitan,-8.1845,111.1014
2018-01-09,29.6,24.4,26.7,3.8,3.8,3.47,7.8,16.92,96,74,Pacitan,-8.1845,111.1014
2018-01-10,28.6,23.9,25.8,21.1,21.1,3.41,14.3,18.07,94,82,Pacitan,-8.1845,111.1014
2018-01-11,28.8,24.5,26.2,6.8,6.8,2.64,17.8,11.47,92,73,Pacitan,-8.1845,111.1014
2018-01-12,28.9,23.8,26.1,12.2,12.2,2.33,15.6,9.57,96,66,Pacitan,-8.1845,111.1014
2018-01-13,29.7,24.6,26.9,11.9,11.9,3.42,10.4,15.56,96,70,Pacitan,-8.1845,111.1014
2018-01-14,29.9,24.6,26.6,3.4,3.4,3.56,18.7,16.01,93,65,Pacitan,-8.1845,111.1014
2018-01-15,29.6,25.1,26.8,0.7,0.7,3.98,18.7,18.18,88,66,Pacitan,-8.1845,111.1014
2018-01-16,27.6,24.5,25.9,1.9,1.9,1.7,12.0,6.87,94,77,Pacitan,-8.1845,111.1014
2018-01-17,29.9,25.1,26.8,1.5,1.5,3.95,15.3,19.55,91,73,Pacitan,-8.1845,111.1014
2018-01-18,29.4,23.9,26.3,8.1,8.1,3.01,9.2,14.6,93,76,Pacitan,-8.1845,111.1014
2018-01-19,28.1,23.9,25.4,15.4,15.4,2.5,19.5,13.06,95,82,Pacitan,-8.1845,111.1014
2018-01-20,27.4,24.2,25.0,50.0,50.0,1.79,18.5,8.5,93,84,Pacitan,-8.1845,111.1014
2018-01-21,27.1,23.6,25.0,40.0,40.0,1.48,17.6,6.31,94,82,Pacitan,-8.1845,111.1014
2018-01-22,27.5,23.9,25.5,15.2,15.2,2.39,19.7,11.62,95,81,Pacitan,-8.1845,111.1014
2018-01-23,28.2,24.8,26.1,11.2,11.2,3.35,17.7,16.61,92,75,Pacitan,-8.1845,111.1014
2018-01-24,29.0,24.4,26.4,6.0,6.0,3.35,15.3,16.12,95,74,Pacitan,-8.1845,111.1014
2018-01-25,26.5,23.9,25.2,19.5,19.5,1.41,22.0,5.57,96,83,Pacitan,-8.1845,111.1014
2018-01-26,28.1,24.9,26.0,11.9,11.9,2.91,22.4,14.05,91,77,Pacitan,-8.1845,111.1014
2018-01-27,30.2,24.6,27.0,2.0,2.0,4.52,18.8,21.72,92,68,Pacitan,-8.1845,111.1014
2018-01-28,30.5,24.7,26.7,12.8,12.8,3.72,21.1,17.19,92,69,Pacitan,-8.1845,111.1014
2018-01-29,27.6,24.9,25.7,4.2,4.2,3.05,22.9,14.6,90,78,Pacitan,-8.1845,111.1014
2018-01-30,27.6,24.7,25.8,4.1,4.1,3.34,18.1,16.87,91,82,Pacitan,-8.1845,111.1014
2018-01-31,29.1,24.6,26.4,4.3,4.3,3.86,22.1,18.38,88,71,Pacitan,-8.1845,111.1014
2018-02-01,28.2,24.0,25.7,12.8,12.8,2.69,23.1,13.55,94,79,Pacitan,-8.1845,111.1014
2018-02-02,28.8,23.8,25.9,15.3,15.3,3.44,16.0,17.45,94,78,Pacitan,-8.1845,111.1014
2018-02-03,29.6,24.1,26.1,14.9,14.9,3.28,13.3,16.05,93,71,Pacitan,-8.1845,111.1014
2018-02-04,29.3,23.7,26.6,5.6,5.6,3.94,11.8,19.39,92,70,Pacitan,-8.1845,111.1014
2018-02-05,27.8,24.1,25.6,4.1,4.1,2.29,11.9,10.91,94,83,Pacitan,-8.1845,111.1014
2018-02-06,27.8,24.1,25.7,8.1,8.1,3.6,15.1,18.76,93,76,Pacitan,-8.1845,111.1014
2018-02-07,28.2,23.4,25.5,7.5,7.5,3.34,16.9,16.9,92,75,Pacitan,-8.1845,111.1014
2018-02-08,27.6,24.0,25.5,15.0,15.0,2.69,16.7,13.78,94,83,Pacitan,-8.1845,111.1014
2018-02-09,28.4,23.8,25.5,10.7,10.7,3.18,14.0,16.62,93,78,Pacitan,-8.1845,111.1014
2018-02-10,29.1,23.7,26.3,2.4,2.4,4.19,17.0,20.97,92,70,Pacitan,-8.1845,111.1014
2018-02-11,29.7,23.8,26.2,7.2,7.2,3.86,10.1,18.84,93,70,Pacitan,-8.1845,111.1014
2018-02-12,29.6,24.6,26.4,3.8,3.8,3.63,14.3,17.9,90,77,Pacitan,-8.1845,111.1014
2018-02-13,27.8,24.5,26.2,3.6,3.6,3.47,18.1,17.59,91,79,Pacitan,-8.1845,111.1014
2018-02-14,28.3,24.0,26.0,8.7,8.7,2.74,18.4,13.31,91,81,Pacitan,-8.1845,111.1014
2018-02-15,27.8,24.5,25.5,16.7,16.7,2.46,15.6,12.27,96,83,Pacitan,-8.1845,111.1014
2018-02-16,29.0,24.6,26.4,0.8,0.8,3.02,16.9,13.18,89,71,Pacitan,-8.1845,111.1014
2018-02-17,29.5,24.8,26.6,2.8,2.8,4.07,19.7,19.99,91,74,Pacitan,-8.1845,111.1014
2018-02-18,28.8,24.2,26.5,1.6,1.6,4.21,14.5,21.7,95,77,Pacitan,-8.1845,111.1014
2018-02-19,28.8,24.2,26.1,10.6,10.6,3.71,12.9,19.26,93,82,Pacitan,-8.1845,111.1014
2018-02-20,28.7,24.4,26.2,4.4,4.4,3.59,15.3,18.55,94,78,Pacitan,-8.1845,111.1014
2018-02-21,29.1,24.2,26.6,2.2,2.2,4.27,12.3,21.87,93,74,Pacitan,-8.1845,111.1014
2018-02-22,28.9,24.4,26.1,4.1,4.1,2.75,8.4,13.27,96,75,Pacitan,-8.1845,111.1014
2018-02-23,29.4,24.4,26.0,17.2,17.2,3.61,7.7,17.84,95,74,Pacitan,-8.1845,111.1014
2018-02-24,28.8,23.8,25.9,10.1,10.1,3.13,10.2,15.54,96,74,Pacitan,-8.1845,111.1014
2018-02-25,28.2,23.9,26.0,6.3,6.3,3.48,11.4,17.83,95,78,Pacitan,-8.1845,111.1014
2018-02-26,27.9,24.2,25.9,7.0,7.0,2.99,9.7,15.19,95,83,Pacitan,-8.1845,111.1014
2018-02-27,29.1,23.8,26.4,0.8,0.8,4.67,10.8,24.08,93,76,Pacitan,-8.1845,111.1014
2018-02-28,29.3,23.7,26.7,2.5,2.5,4.39,10.0,22.03,92,74,Pacitan,-8.1845,111.1014
2018-03-01,28.7,24.4,26.1,47.4,47.4,3.57,11.3,18.12,95,81,Pacitan,-8.1845,111.1014
2018-03-02,29.0,23.8,26.5,3.3,3.3,4.23,10.3,21.85,93,82,Pacitan,-8.1845,111.1014
2018-03-03,29.9,25.1,27.0,2.2,2.2,4.28,9.4,21.15,93,71,Pacitan,-8.1845,111.1014
2018-03-04,28.3,24.4,26.5,7.5,7.5,2.93,8.5,14.54,94,80,Pacitan,-8.1845,111.1014
2018-03-05,29.0,24.5,26.3,2.1,2.1,3.36,6.4,16.65,94,78,Pacitan,-8.1845,111.1014
2018-03-06,29.6,24.4,26.4,14.5,14.5,3.77,10.0,18.99,96,79,Pacitan,-8.1845,111.1014
2018-03-07,27.7,24.1,25.7,19.0,19.0,2.69,8.9,13.73,95,83,Pacitan,-8.1845,111.1014
2018-03-08,29.1,24.0,26.0,12.0,12.0,3.37,13.1,17.27,92,76,Pacitan,-8.1845,111.1014
2018-03-09,28.6,24.4,26.6,0.3,0.3,4.08,8.6,20.85,93,81,Pacitan,-8.1845,111.1014
2018-03-10,29.9,24.3,26.6,5.2,5.2,3.97,13.6,20.03,96,78,Pacitan,-8.1845,111.1014
2018-03-11,29.5,24.1,26.7,4.4,4.4,4.53,8.7,22.94,96,74,Pacitan,-8.1845,111.1014
2018-03-12,29.5,23.9,26.5,3.9,3.9,4.55,11.0,22.94,95,71,Pacitan,-8.1845,111.1014
2018-03-13,29.0,23.8,26.4,2.4,2.4,3.92,11.8,19.71,96,74,Pacitan,-8.1845,111.1014
2018-03-14,28.0,24.3,26.2,0.4,0.4,2.59,9.4,12.42,92,78,Pacitan,-8.1845,111.1014
2018-03-15,29.0,23.3,26.3,5.2,5.2,4.28,13.2,21.88,94,76,Pacitan,-8.1845,111.1014
2018-03-16,29.4,23.8,26.3,6.7,6.7,4.25,9.7,21.81,97,78,Pacitan,-8.1845,111.1014
2018-03-17,28.8,24.0,25.9,10.4,10.4,3.58,10.5,18.37,94,76,Pacitan,-8.1845,111.1014
2018-03-18,29.5,23.5,26.2,2.0,2.0,4.37,11.2,22.17,93,75,Pacitan,-8.1845,111.1014
2018-03-19,29.4,23.8,26.4,0.8,0.8,4.23,11.0,21.39,91,71,Pacitan,-8.1845,111.1014
2018-03-20,30.1,24.3,27.0,0.1,0.1,4.79,13.4,24.27,92,69,Pacitan,-8.1845,111.1014
2018-03-21,31.4,24.7,27.2,1.0,1.0,4.75,18.7,22.62,91,64,Pacitan,-8.1845,111.1014
2018-03-22,30.6,24.8,27.0,1.9,1.9,4.34,9.8,21.01,89,64,Pacitan,-8.1845,111.1014
2018-03-23,29.7,24.5,27.1,0.1,0.1,4.67,11.3,23.64,92,75,Pacitan,-8.1845,111.1014
2018-03-24,27.2,24.5,25.6,9.6,9.6,2.95,11.1,15.54,95,83,Pacitan,-8.1845,111.1014
2018-03-25,28.0,24.0,25.8,11.3,11.3,3.5,12.8,18.56,96,79,Pacitan,-8.1845,111.1014
2018-03-26,28.7,24.1,26.1,3.3,3.3,3.77,8.7,19.15,97,77,Pacitan,-8.1845,111.1014
2018-03-27,28.0,24.5,26.2,2.6,2.6,3.39,9.4,17.22,95,78,Pacitan,-8.1845,111.1014
2018-03-28,28.6,24.6,26.3,5.6,5.6,3.88,14.0,20.4,94,79,Pacitan,-8.1845,111.1014
2018-03-29,29.5,24.4,26.7,2.6,2.6,4.57,14.8,23.42,96,73,Pacitan,-8.1845,111.1014
2018-03-30,29.8,24.6,26.8,1.4,1.4,4.05,14.6,20.54,92,74,Pacitan,-8.1845,111.1014
2018-03-31,29.1,24.8,26.5,5.4,5.4,3.73,16.6,19.52,92,82,Pacitan,-8.1845,111.1014
2018-04-01,30.6,24.2,27.0,0.8,0.8,4.42,13.2,21.89,90,69,Pacitan,-8.1845,111.1014
2018-04-02,29.5,24.2,26.7,6.3,6.3,3.96,7.9,19.85,95,72,Pacitan,-8.1845,111.1014
2018-04-03,28.8,24.5,26.5,6.1,6.1,3.91,11.1,20.12,94,76,Pacitan,-8.1845,111.1014
2018-04-04,28.9,23.8,26.6,0.7,0.7,4.21,12.0,21.37,93,76,Pacitan,-8.1845,111.1014
2018-04-05,29.0,25.0,26.9,3.0,3.0,3.91,16.1,20.19,95,77,Pacitan,-8.1845,111.1014
2018-04-06,29.4,24.3,26.7,2.1,2.1,3.95,12.1,20.39,96,79,Pacitan,-8.1845,111.1014
2018-04-07,29.3,24.3,26.7,5.8,5.8,3.94,12.2,20.33,92,77,Pacitan,-8.1845,111.1014
2018-04-08,29.2,24.5,26.5,19.0,19.0,3.48,10.2,17.35,94,74,Pacitan,-8.1845,111.1014
2018-04-09,29.4,24.2,26.3,10.8,10.8,3.44,9.7,17.13,92,79,Pacitan,-8.1845,111.1014
2018-04-10,29.9,24.3,27.0,4.1,4.1,4.02,16.5,19.87,88,71,Pacitan,-8.1845,111.1014
2018-04-11,28.6,25.4,26.9,1.7,1.7,3.48,16.4,18.19,92,79,Pacitan,-8.1845,111.1014
2018-04-12,29.7,24.6,26.8,8.7,8.7,3.5,9.0,17.38,94,74,Pacitan,-8.1845,111.1014
2018-04-13,29.6,25.2,27.2,0.8,0.8,3.86,18.3,20.01,94,78,Pacitan,-8.1845,111.1014
2018-04-14,29.8,24.6,27.3,2.9,2.9,3.99,15.9,20.67,90,74,Pacitan,-8.1845,111.1014
2018-04-15,29.9,24.8,27.3,2.1,2.1,4.03,16.7,20.38,92,75,Pacitan,-8.1845,111.1014
2018-04-16,29.5,24.6,27.0,1.4,1.4,4.11,12.2,21.24,93,79,Pacitan,-8.1845,111.1014
2018-04-17,29.3,25.2,26.6,4.8,4.8,3.27,10.5,16.78,95,79,Pacitan,-8.1845,111.1014
2018-04-18,29.5,25.0,26.9,6.7,6.7,3.63,11.2,18.46,94,75,Pacitan,-8.1845,111.1014
2018-04-19,28.8,24.3,26.5,1.6,1.6,3.61,16.4,18.85,94,76,Pacitan,-8.1845,111.1014
2018-04-20,29.8,24.3,26.8,7.1,7.1,3.72,7.9,18.8,95,78,Pacitan,-8.1845,111.1014
2018-04-21,30.4,24.3,27.1,3.5,3.5,4.13,11.2,20.64,96,71,Pacitan,-8.1845,111.1014
2018-04-22,29.9,24.5,27.0,8.5,8.5,3.57,8.7,17.72,92,78,Pacitan,-8.1845,111.1014
2018-04-23,30.4,25.9,27.6,3.2,3.2,3.74,16.1,18.06,92,72,Pacitan,-8.1845,111.1014
2018-04-24,30.1,24.9,27.3,0.8,0.8,3.87,16.9,18.91,93,72,Pacitan,-8.1845,111.1014
2018-04-25,29.6,24.5,27.0,1.4,1.4,3.79,11.8,18.76,91,71,Pacitan,-8.1845,111.1014
2018-04-26,31.1,24.1,27.2,0.2,0.2,4.24,17.6,20.39,96,63,Pacitan,-8.1845,111.1014
2018-04-27,30.4,23.7,27.0,0.4,0.4,4.11,13.6,20.28,91,66,Pacitan,-8.1845,111.1014
2018-04-28,29.8,24.5,27.0,0.1,0.1,4.21,16.2,20.88,92,71,Pacitan,-8.1845,111.1014
2018-04-29,30.0,25.3,27.0,0.0,0.0,4.65,18.5,23.07,90,68,Pacitan,-8.1845,111.1014
2018-04-30,29.1,22.8,26.3,0.2,0.2,4.27,17.1,21.27,92,69,Pacitan,-8.1845,111.1014
2018-05-01,29.3,22.5,26.2,0.1,0.1,4.37,18.5,21.38,87,65,Pacitan,-8.1845,111.1014
2018-05-02,29.6,24.0,26.2,0.0,0.0,4.23,14.5,20.83,90,64,Pacitan,-8.1845,111.1014
2018-05-03,29.5,23.5,26.2,0.0,0.0,4.47,13.5,22.59,92,65,Pacitan,-8.1845,111.1014
2018-05-04,30.5,23.2,26.5,0.0,0.0,4.83,19.1,22.84,89,58,Pacitan,-8.1845,111.1014
2018-05-05,29.9,23.6,26.6,0.2,0.2,4.17,14.2,20.55,91,66,Pacitan,-8.1845,111.1014
2018-05-06,30.3,23.4,27.0,0.3,0.3,4.2,17.1,19.67,91,66,Pacitan,-8.1845,111.1014
2018-05-07,30.3,24.2,27.3,0.0,0.0,4.43,19.0,21.22,87,67,Pacitan,-8.1845,111.1014
2018-05-08,30.4,24.8,27.2,0.0,0.0,4.85,21.1,22.7,90,61,Pacitan,-8.1845,111.1014
2018-05-09,30.4,23.6,26.9,0.0,0.0,4.7,18.6,22.3,87,59,Pacitan,-8.1845,111.1014
2018-05-10,30.4,24.3,27.0,0.2,0.2,4.34,18.6,20.02,89,61,Pacitan,-8.1845,111.1014
2018-05-11,30.3,24.0,27.0,0.0,0.0,4.65,22.0,21.1,91,64,Pacitan,-8.1845,111.1014
2018-05-12,29.8,25.0,27.1,0.0,0.0,4.29,22.7,18.95,86,66,Pacitan,-8.1845,111.1014
2018-05-13,29.8,25.1,27.1,0.0,0.0,4.45,21.2,19.98,87,64,Pacitan,-8.1845,111.1014
2018-05-14,30.5,25.0,27.4,0.0,0.0,4.35,22.1,19.96,90,63,Pacitan,-8.1845,111.1014
2018-05-15,29.8,25.3,27.3,0.5,0.5,3.8,22.6,17.63,93,70,Pacitan,-8.1845,111.1014
2018-05-16,30.3,25.6,27.4,0.3,0.3,3.92,23.5,17.41,88,67,Pacitan,-8.1845,111.1014
2018-05-17,30.4,25.6,27.4,0.0,0.0,4.31,23.2,17.94,87,63,Pacitan,-8.1845,111.1014
2018-05-18,29.7,25.2,27.1,0.2,0.2,4.13,21.6,17.04,85,63,Pacitan,-8.1845,111.1014
2018-05-19,30.2,25.2,27.1,0.5,0.5,4.35,19.1,19.57,86,63,Pacitan,-8.1845,111.1014
2018-05-20,30.6,25.0,27.1,0.4,0.4,3.96,15.9,17.24,93,61,Pacitan,-8.1845,111.1014
2018-05-21,29.6,24.2,26.7,1.0,1.0,3.37,15.6,15.97,94,67,Pacitan,-8.1845,111.1014
2018-05-22,30.3,24.3,27.0,0.2,0.2,3.8,17.5,18.07,94,67,Pacitan,-8.1845,111.1014
2018-05-23,30.6,25.1,27.1,4.2,4.2,3.76,15.9,17.91,94,64,Pacitan,-8.1845,111.1014
2018-05-24,30.4,24.7,27.0,0.9,0.9,3.95,17.6,18.54,93,64,Pacitan,-8.1845,111.1014
2018-05-25,30.4,25.3,27.2,0.0,0.0,4.05,17.6,18.16,91,61,Pacitan,-8.1845,111.1014
2018-05-26,29.2,25.1,26.7,0.6,0.6,3.26,20.7,14.08,92,68,Pacitan,-8.1845,111.1014
2018-05-27,29.8,25.1,26.6,0.0,0.0,4.1,24.1,17.04,88,58,Pacitan,-8.1845,111.1014
2018-05-28,29.7,24.2,26.5,0.0,0.0,4.22,22.6,18.85,88,62,Pacitan,-8.1845,111.1014
2018-05-29,29.8,24.3,26.4,0.0,0.0,4.58,25.3,19.46,88,56,Pacitan,-8.1845,111.1014
2018-05-30,29.2,23.3,25.8,0.1,0.1,3.79,18.2,17.18,90,62,Pacitan,-8.1845,111.1014
2018-05-31,29.7,22.6,25.7,0.0,0.0,4.29,13.7,21.21,93,61,Pacitan,-8.1845,111.1014
2018-06-01,29.2,22.5,25.6,0.0,0.0,3.91,14.5,18.92,90,59,Pacitan,-8.1845,111.1014
2018-06-02,30.6,22.7,26.1,0.0,0.0,4.38,16.7,20.92,87,53,Pacitan,-8.1845,111.1014
2018-06-03,30.3,24.3,26.7,0.0,0.0,4.18,16.8,19.86,90,62,Pacitan,-8.1845,111.1014
2018-06-04,31.2,23.6,26.9,0.0,0.0,4.07,14.9,19.55,92,56,Pacitan,-8.1845,111.1014
2018-06-05,30.4,24.8,27.3,0.0,0.0,4.11,12.6,20.34,92,68,Pacitan,-8.1845,111.1014
2018-06-06,31.1,24.2,26.9,0.0,0.0,4.09,15.5,19.72,88,57,Pacitan,-8.1845,111.1014
2018-06-07,30.6,23.4,26.5,0.0,0.0,4.19,15.9,20.3,89,63,Pacitan,-8.1845,111.1014
2018-06-08,30.5,24.7,26.7,0.1,0.1,3.83,19.1,16.93,90,57,Pacitan,-8.1845,111.1014
2018-06-09,29.7,24.1,26.1,0.0,0.0,4.01,19.7,18.1,92,63,Pacitan,-8.1845,111.1014
2018-06-10,29.8,23.0,26.3,0.2,0.2,3.82,20.1,16.73,92,60,Pacitan,-8.1845,111.1014
2018-06-11,29.3,24.6,26.6,0.7,0.7,3.69,23.3,15.52,91,66,Pacitan,-8.1845,111.1014
2018-06-12,27.7,24.8,25.9,3.4,3.4,2.34,21.4,9.91,91,77,Pacitan,-8.1845,111.1014
2018-06-13,29.4,24.6,26.4,0.0,0.0,4.2,21.7,17.63,91,59,Pacitan,-8.1845,111.1014
2018-06-14,29.8,23.4,26.1,0.0,0.0,4.44,24.2,19.42,88,56,Pacitan,-8.1845,111.1014
2018-06-15,30.2,23.8,26.2,0.0,0.0,4.61,21.5,20.25,90,46,Pacitan,-8.1845,111.1014
2018-06-16,30.4,22.4,25.7,0.1,0.1,4.03,20.2,19.1,92,58,Pacitan,-8.1845,111.1014
2018-06-17,30.3,22.7,25.9,0.0,0.0,4.05,18.7,19.19,95,56,Pacitan,-8.1845,111.1014
2018-06-18,30.6,22.4,26.0,0.0,0.0,4.18,16.3,20.14,94,55,Pacitan,-8.1845,111.1014
2018-06-19,28.9,23.2,25.7,1.4,1.4,3.44,22.6,16.47,92,67,Pacitan,-8.1845,111.1014
2018-06-20,28.6,24.4,26.0,5.0,5.0,2.97,21.6,13.74,94,72,Pacitan,-8.1845,111.1014
2018-06-21,28.4,23.7,25.8,7.0,7.0,3.03,23.3,14.41,98,72,Pacitan,-8.1845,111.1014
2018-06-22,28.2,24.1,25.9,1.3,1.3,3.2,23.4,14.63,93,71,Pacitan,-8.1845,111.1014
2018-06-23,29.0,24.0,26.0,0.2,0.2,3.45,21.6,15.41,94,67,Pacitan,-8.1845,111.1014
2018-06-24,28.9,24.3,26.1,0.2,0.2,3.32,25.2,14.48,92,68,Pacitan,-8.1845,111.1014
2018-06-25,28.0,24.1,25.6,3.6,3.6,3.11,25.5,13.64,92,70,Pacitan,-8.1845,111.1014
2018-06-26,28.3,24.1,25.5,0.0,0.0,3.41,22.7,14.14,88,62,Pacitan,-8.1845,111.1014
2018-06-27,27.9,23.7,25.4,0.2,0.2,3.36,23.3,14.75,89,67,Pacitan,-8.1845,111.1014
2018-06-28,27.6,23.6,25.2,0.5,0.5,3.11,25.6,13.42,89,70,Pacitan,-8.1845,111.1014
2018-06-29,27.7,23.6,25.0,0.4,0.4,3.22,23.0,14.89,90,69,Pacitan,-8.1845,111.1014
2018-06-30,28.7,23.1,25.3,0.0,0.0,4.22,20.7,19.98,92,63,Pacitan,-8.1845,111.1014
2018-07-01,29.6,22.6,25.4,0.0,0.0,4.37,23.3,20.23,92,58,Pacitan,-8.1845,111.1014
2018-07-02,28.7,21.9,24.8,0.0,0.0,3.4,17.1,16.44,92,66,Pacitan,-8.1845,111.1014
2018-07-03,28.3,21.2,24.7,0.1,0.1,3.56,19.3,17.35,95,59,Pacitan,-8.1845,111.1014
2018-07-04,27.4,23.5,25.0,1.3,1.3,3.23,25.9,15.76,95,72,Pacitan,-8.1845,111.1014
2018-07-05,28.4,23.1,25.0,0.0,0.0,4.49,26.9,19.68,89,55,Pacitan,-8.1845,111.1014
2018-07-06,27.9,22.0,24.6,0.0,0.0,4.36,22.9,19.03,82,57,Pacitan,-8.1845,111.1014
2018-07-07,28.5,22.9,25.0,0.0,0.0,4.43,23.5,19.74,89,54,Pacitan,-8.1845,111.1014
2018-07-08,28.1,22.7,24.9,0.1,0.1,3.76,19.8,17.21,92,60,Pacitan,-8.1845,111.1014
2018-07-09,28.7,23.2,25.2,0.0,0.0,4.14,24.0,19.44,93,62,Pacitan,-8.1845,111.1014
2018-07-10,28.0,22.8,24.8,0.0,0.0,3.87,25.6,17.84,92,63,Pacitan,-8.1845,111.1014
2018-07-11,27.6,22.2,24.5,0.0,0.0,4.11,20.1,19.37,86,62,Pacitan,-8.1845,111.1014
2018-07-12,27.7,22.1,24.4,0.0,0.0,3.58,22.0,17.31,92,63,Pacitan,-8.1845,111.1014
2018-07-13,27.7,22.0,24.4,0.2,0.2,3.73,23.4,17.31,96,62,Pacitan,-8.1845,111.1014
2018-07-14,27.8,21.9,24.4,0.4,0.4,4.14,22.7,18.77,89,59,Pacitan,-8.1845,111.1014
2018-07-15,27.7,22.0,24.3,0.3,0.3,4.56,23.7,20.29,87,56,Pacitan,-8.1845,111.1014
2018-07-16,27.9,22.0,24.4,0.0,0.0,4.47,20.4,20.99,84,60,Pacitan,-8.1845,111.1014
2018-07-17,28.4,22.1,24.7,0.0,0.0,4.49,20.4,20.9,90,54,Pacitan,-8.1845,111.1014
2018-07-18,28.5,22.5,25.0,0.0,0.0,4.16,20.7,20.43,93,63,Pacitan,-8.1845,111.1014
2018-07-19,28.5,22.5,25.0,0.0,0.0,4.0,23.1,19.16,94,63,Pacitan,-8.1845,111.1014
2018-07-20,29.0,21.7,25.1,0.0,0.0,4.01,18.7,19.68,93,62,Pacitan,-8.1845,111.1014
2018-07-21,29.4,22.6,25.4,0.0,0.0,3.88,17.8,18.73,94,61,Pacitan,-8.1845,111.1014
2018-07-22,28.7,22.4,25.3,0.2,0.2,3.51,17.1,17.07,95,66,Pacitan,-8.1845,111.1014
2018-07-23,28.4,23.5,25.2,1.3,1.3,3.34,23.7,16.14,98,67,Pacitan,-8.1845,111.1014
2018-07-24,29.6,22.0,25.0,0.0,0.0,4.71,21.0,22.14,95,52,Pacitan,-8.1845,111.1014
2018-07-25,27.8,20.4,23.6,0.0,0.0,4.53,20.5,22.5,93,56,Pacitan,-8.1845,111.1014
2018-07-26,27.5,19.3,23.3,0.0,0.0,4.42,19.6,22.31,89,62,Pacitan,-8.1845,111.1014
2018-07-27,27.2,21.4,24.0,0.3,0.3,3.24,21.4,15.5,93,67,Pacitan,-8.1845,111.1014
2018-07-28,27.4,22.7,24.3,1.3,1.3,3.01,19.4,14.4,96,66,Pacitan,-8.1845,111.1014
2018-07-29,28.1,22.2,24.5,0.3,0.3,3.64,16.9,17.94,95,64,Pacitan,-8.1845,111.1014
2018-07-30,28.2,21.4,24.6,0.0,0.0,4.2,18.6,21.43,91,62,Pacitan,-8.1845,111.1014
2018-07-31,28.4,22.8,25.2,0.0,0.0,3.86,19.1,18.88,91,65,Pacitan,-8.1845,111.1014
2018-08-01,28.2,22.8,24.9,1.9,1.9,3.78,23.2,19.17,95,66,Pacitan,-8.1845,111.1014
2018-08-02,27.3,21.8,24.1,1.5,1.5,4.23,25.0,20.36,93,58,Pacitan,-8.1845,111.1014
2018-08-03,25.7,19.9,23.0,3.1,3.1,3.35,25.2,14.46,90,59,Pacitan,-8.1845,111.1014
2018-08-04,25.6,21.6,23.4,2.2,2.2,3.21,20.9,13.51,83,65,Pacitan,-8.1845,111.1014
2018-08-05,25.7,21.6,23.4,1.6,1.6,3.5,20.1,15.61,85,60,Pacitan,-8.1845,111.1014
2018-08-06,27.1,20.7,23.6,0.0,0.0,4.45,22.9,20.73,82,53,Pacitan,-8.1845,111.1014
2018-08-07,27.4,21.1,24.0,0.0,0.0,4.09,21.7,20.28,89,64,Pacitan,-8.1845,111.1014
2018-08-08,27.9,22.1,24.7,0.0,0.0,3.51,23.2,16.64,93,66,Pacitan,-8.1845,111.1014
2018-08-09,29.0,22.0,25.1,0.0,0.0,4.13,18.7,20.92,97,63,Pacitan,-8.1845,111.1014
2018-08-10,27.4,22.8,24.7,2.8,2.8,3.58,21.8,18.49,96,70,Pacitan,-8.1845,111.1014
2018-08-11,26.8,22.2,24.2,1.4,1.4,3.08,26.5,15.25,93,73,Pacitan,-8.1845,111.1014
2018-08-12,28.3,22.7,24.9,0.0,0.0,3.88,21.7,17.89,92,63,Pacitan,-8.1845,111.1014
2018-08-13,28.8,22.5,25.1,0.0,0.0,4.28,19.1,21.06,92,63,Pacitan,-8.1845,111.1014
2018-08-14,28.2,22.3,24.8,0.0,0.0,3.92,23.2,19.35,93,65,Pacitan,-8.1845,111.1014
2018-08-15,28.3,22.4,24.7,0.0,0.0,4.07,22.7,19.73,96,58,Pacitan,-8.1845,111.1014
2018-08-16,27.5,22.1,24.3,0.2,0.2,4.28,19.4,21.39,96,62,Pacitan,-8.1845,111.1014
2018-08-17,27.4,21.3,23.9,0.1,0.1,4.03,19.5,19.72,91,59,Pacitan,-8.1845,111.1014
2018-08-18,27.5,21.4,24.1,0.0,0.0,3.77,21.1,18.08,94,62,Pacitan,-8.1845,111.1014
2018-08-19,28.3,21.3,24.6,0.0,0.0,4.5,19.9,23.07,95,62,Pacitan,-8.1845,111.1014
2018-08-20,28.7,21.2,24.8,0.0,0.0,4.03,18.1,19.85,96,63,Pacitan,-8.1845,111.1014
2018-08-21,28.2,22.9,25.0,0.8,0.8,3.91,17.6,19.54,93,66,Pacitan,-8.1845,111.1014
2018-08-22,28.5,22.7,25.1,0.0,0.0,4.56,19.9,22.8,92,60,Pacitan,-8.1845,111.1014
2018-08-23,28.7,23.0,25.1,0.0,0.0,4.59,17.2,22.64,94,59,Pacitan,-8.1845,111.1014
2018-08-24,29.0,22.6,24.9,0.0,0.0,5.01,22.2,23.48,91,53,Pacitan,-8.1845,111.1014
2018-08-25,28.2,21.7,24.4,0.0,0.0,4.96,16.9,24.06,89,55,Pacitan,-8.1845,111.1014
2018-08-26,28.5,21.6,24.8,0.0,0.0,4.88,20.6,23.62,87,58,Pacitan,-8.1845,111.1014
2018-08-27,28.6,22.1,25.0,0.4,0.4,3.92,18.3,18.5,92,64,Pacitan,-8.1845,111.1014
2018-08-28,27.7,23.2,24.9,1.3,1.3,3.04,18.2,14.6,95,69,Pacitan,-8.1845,111.1014
2018-08-29,26.8,22.9,24.4,4.7,4.7,3.15,15.5,15.61,96,69,Pacitan,-8.1845,111.1014
2018-08-30,26.9,22.8,24.5,2.9,2.9,2.7,17.2,12.04,94,71,Pacitan,-8.1845,111.1014
2018-08-31,27.2,22.9,24.7,2.7,2.7,2.85,19.9,13.27,96,71,Pacitan,-8.1845,111.1014
2018-09-01,25.9,23.2,24.3,5.0,5.0,2.13,18.5,10.89,95,83,Pacitan,-8.1845,111.1014
2018-09-02,27.0,23.0,24.7,5.0,5.0,3.24,21.1,16.5,96,74,Pacitan,-8.1845,111.1014
2018-09-03,26.8,22.7,24.3,4.7,4.7,3.9,20.0,19.55,95,69,Pacitan,-8.1845,111.1014
2018-09-04,27.1,22.4,24.5,0.7,0.7,3.63,20.0,15.96,86,57,Pacitan,-8.1845,111.1014
2018-09-05,26.5,22.2,24.5,3.1,3.1,3.26,20.1,16.73,92,75,Pacitan,-8.1845,111.1014
2018-09-06,27.2,23.2,24.9,1.4,1.4,3.38,21.6,16.75,92,74,Pacitan,-8.1845,111.1014
2018-09-07,27.4,22.9,24.9,2.9,2.9,3.38,21.2,16.93,93,73,Pacitan,-8.1845,111.1014
2018-09-08,27.8,23.2,25.1,0.3,0.3,3.6,23.2,17.29,93,70,Pacitan,-8.1845,111.1014
2018-09-09,29.2,22.9,25.4,0.0,0.0,4.63,21.2,23.53,94,64,Pacitan,-8.1845,111.1014
2018-09-10,28.0,23.7,25.5,0.7,0.7,3.54,20.9,17.41,95,72,Pacitan,-8.1845,111.1014
2018-09-11,28.9,23.2,25.4,1.0,1.0,4.3,22.7,21.85,95,61,Pacitan,-8.1845,111.1014
2018-09-12,27.5,22.8,24.8,2.1,2.1,4.13,20.3,20.11,96,63,Pacitan,-8.1845,111.1014
2018-09-13,26.9,21.2,24.3,0.7,0.7,3.88,18.5,18.61,93,66,Pacitan,-8.1845,111.1014
2018-09-14,26.8,22.3,24.3,2.5,2.5,3.71,19.1,18.16,92,66,Pacitan,-8.1845,111.1014
2018-09-15,27.7,21.8,24.5,0.0,0.0,4.71,18.8,23.6,89,61,Pacitan,-8.1845,111.1014
2018-09-16,28.3,20.8,24.7,0.0,0.0,4.57,22.4,23.32,92,64,Pacitan,-8.1845,111.1014
2018-09-17,28.3,22.7,25.4,0.7,0.7,4.33,19.1,21.47,95,67,Pacitan,-8.1845,111.1014
2018-09-18,28.5,23.1,25.5,1.2,1.2,3.79,19.6,18.81,92,69,Pacitan,-8.1845,111.1014
2018-09-19,28.8,23.4,25.5,12.5,12.5,3.59,14.7,17.65,94,65,Pacitan,-8.1845,111.1014
2018-09-20,28.6,23.8,25.6,0.5,0.5,3.15,13.6,15.15,95,69,Pacitan,-8.1845,111.1014
2018-09-21,29.9,23.6,26.1,0.2,0.2,4.37,16.8,21.84,93,69,Pacitan,-8.1845,111.1014
2018-09-22,29.5,22.4,25.5,0.0,0.0,4.99,18.4,25.51,95,61,Pacitan,-8.1845,111.1014
2018-09-23,29.7,22.9,25.9,0.0,0.0,5.12,20.1,25.5,94,60,Pacitan,-8.1845,111.1014
2018-09-24,29.4,23.4,26.2,0.0,0.0,4.78,20.4,23.04,89,63,Pacitan,-8.1845,111.1014
2018-09-25,29.7,23.5,25.9,0.2,0.2,4.33,19.1,21.62,94,63,Pacitan,-8.1845,111.1014
2018-09-26,29.1,22.8,25.6,0.0,0.0,5.04,16.2,25.19,94,58,Pacitan,-8.1845,111.1014
2018-09-27,29.1,22.2,25.1,0.0,0.0,4.98,16.8,24.93,94,56,Pacitan,-8.1845,111.1014
2018-09-28,29.0,22.0,25.5,0.0,0.0,4.83,17.9,24.1,94,62,Pacitan,-8.1845,111.1014
2018-09-29,29.0,22.5,25.8,0.9,0.9,4.47,14.8,22.17,94,62,Pacitan,-8.1845,111.1014
2018-09-30,29.4,23.4,26.3,0.3,0.3,4.62,14.8,22.51,95,65,Pacitan,-8.1845,111.1014
2018-10-01,30.2,24.4,26.8,0.0,0.0,4.88,17.9,23.4,91,62,Pacitan,-8.1845,111.1014
2018-10-02,30.6,23.8,26.8,0.0,0.0,5.43,19.3,25.79,91,56,Pacitan,-8.1845,111.1014
2018-10-03,30.8,23.9,26.5,0.0,0.0,5.46,23.5,26.05,94,55,Pacitan,-8.1845,111.1014
2018-10-04,30.5,22.5,25.9,0.0,0.0,5.62,18.9,26.87,94,49,Pacitan,-8.1845,111.1014
2018-10-05,30.1,21.4,25.9,0.0,0.0,5.3,16.6,26.03,92,58,Pacitan,-8.1845,111.1014
2018-10-06,30.2,23.3,26.4,0.1,0.1,4.9,21.9,23.39,95,60,Pacitan,-8.1845,111.1014
2018-10-07,30.0,24.2,26.7,0.0,0.0,5.05,20.6,24.88,94,63,Pacitan,-8.1845,111.1014
2018-10-08,30.3,24.0,26.6,0.0,0.0,5.07,23.2,24.37,96,61,Pacitan,-8.1845,111.1014
2018-10-09,29.9,23.9,26.2,0.2,0.2,4.53,21.4,21.87,97,60,Pacitan,-8.1845,111.1014
2018-10-10,29.6,23.9,26.1,0.1,0.1,4.33,17.9,21.12,94,60,Pacitan,-8.1845,111.1014
2018-10-11,30.2,24.0,26.6,0.1,0.1,5.14,18.6,25.44,95,62,Pacitan,-8.1845,111.1014
2018-10-12,30.2,23.5,26.7,0.1,0.1,5.1,15.9,25.2,96,61,Pacitan,-8.1845,111.1014
2018-10-13,28.9,24.0,26.2,3.7,3.7,4.48,16.2,22.73,98,68,Pacitan,-8.1845,111.1014
2018-10-14,29.4,23.0,26.0,0.9,0.9,4.28,15.9,21.03,93,61,Pacitan,-8.1845,111.1014
2018-10-15,29.8,23.7,26.4,1.4,1.4,4.58,20.9,22.04,95,63,Pacitan,-8.1845,111.1014
2018-10-16,29.4,23.9,26.3,0.8,0.8,4.46,20.4,21.61,93,65,Pacitan,-8.1845,111.1014
2018-10-17,28.9,23.8,26.1,1.4,1.4,4.04,15.8,19.45,92,68,Pacitan,-8.1845,111.1014
2018-10-18,29.0,23.7,25.9,3.2,3.2,4.0,16.2,18.73,94,63,Pacitan,-8.1845,111.1014
2018-10-19,28.8,23.9,26.0,2.1,2.1,4.11,21.9,18.73,89,65,Pacitan,-8.1845,111.1014
2018-10-20,29.1,23.7,26.0,3.3,3.3,4.26,20.5,20.4,92,66,Pacitan,-8.1845,111.1014
2018-10-21,28.7,23.5,25.9,1.3,1.3,4.01,19.9,19.26,94,69,Pacitan,-8.1845,111.1014
2018-10-22,28.2,23.8,26.1,3.2,3.2,4.11,19.2,20.31,92,73,Pacitan,-8.1845,111.1014
2018-10-23,29.6,24.3,26.6,2.1,2.1,3.9,15.6,18.41,94,67,Pacitan,-8.1845,111.1014
2018-10-24,29.0,24.5,26.3,5.4,5.4,3.98,15.5,19.74,96,71,Pacitan,-8.1845,111.1014
2018-10-25,28.4,24.4,26.2,3.4,3.4,3.68,18.7,17.38,96,71,Pacitan,-8.1845,111.1014
2018-10-26,28.7,24.3,26.2,1.5,1.5,4.09,18.6,20.35,89,73,Pacitan,-8.1845,111.1014
2018-10-27,28.9,24.4,26.1,5.3,5.3,3.89,19.0,19.27,92,71,Pacitan,-8.1845,111.1014
2018-10-28,28.2,24.3,25.9,4.5,4.5,3.85,17.9,19.36,94,73,Pacitan,-8.1845,111.1014
2018-10-29,28.9,23.4,26.0,1.8,1.8,4.71,15.9,23.07,94,66,Pacitan,-8.1845,111.1014
2018-10-30,29.6,23.4,26.2,0.4,0.4,4.73,19.4,22.91,91,61,Pacitan,-8.1845,111.1014
2018-10-31,29.9,23.9,26.5,0.1,0.1,4.95,18.7,23.8,92,61,Pacitan,-8.1845,111.1014
2018-11-01,29.3,23.8,26.5,0.7,0.7,4.47,22.2,20.87,94,67,Pacitan,-8.1845,111.1014
2018-11-02,30.1,24.6,27.2,0.0,0.0,4.76,19.4,22.21,89,64,Pacitan,-8.1845,111.1014
2018-11-03,30.0,24.5,26.9,1.9,1.9,4.16,19.5,20.51,96,73,Pacitan,-8.1845,111.1014
2018-11-04,30.3,24.9,26.9,1.2,1.2,3.7,20.4,16.99,95,64,Pacitan,-8.1845,111.1014
2018-11-05,29.3,24.9,26.7,2.4,2.4,3.83,18.6,19.33,96,77,Pacitan,-8.1845,111.1014
2018-11-06,29.1,24.7,26.4,4.7,4.7,3.53,17.9,17.99,97,77,Pacitan,-8.1845,111.1014
2018-11-07,29.1,24.6,26.2,7.9,7.9,3.33,14.1,16.91,97,77,Pacitan,-8.1845,111.1014
2018-11-08,27.4,24.4,25.7,96.9,96.9,1.84,12.0,8.66,96,84,Pacitan,-8.1845,111.1014
2018-11-09,28.3,24.2,26.2,20.3,20.3,2.65,10.3,13.44,97,83,Pacitan,-8.1845,111.1014
2018-11-10,28.9,25.0,26.5,5.3,5.3,3.53,13.3,18.06,98,81,Pacitan,-8.1845,111.1014
2018-11-11,28.5,24.9,26.3,9.3,9.3,3.29,13.2,17.36,97,84,Pacitan,-8.1845,111.1014
2018-11-12,28.1,25.0,26.1,15.8,15.8,3.28,14.3,17.47,95,85,Pacitan,-8.1845,111.1014
2018-11-13,28.4,24.9,26.3,6.2,6.2,3.39,12.7,17.91,96,85,Pacitan,-8.1845,111.1014
2018-11-14,28.9,24.6,26.5,6.9,6.9,3.62,12.3,18.82,98,84,Pacitan,-8.1845,111.1014
2018-11-15,28.9,24.8,26.5,4.5,4.5,3.14,12.3,16.17,98,82,Pacitan,-8.1845,111.1014
2018-11-16,29.3,25.0,27.0,2.4,2.4,4.03,16.0,20.37,96,74,Pacitan,-8.1845,111.1014
2018-11-17,29.7,24.8,27.2,2.6,2.6,4.33,12.2,21.85,96,73,Pacitan,-8.1845,111.1014
2018-11-18,29.0,25.1,26.9,2.2,2.2,3.79,9.9,19.27,97,81,Pacitan,-8.1845,111.1014
2018-11-19,30.1,23.9,27.1,1.9,1.9,5.22,12.1,26.51,96,72,Pacitan,-8.1845,111.1014
2018-11-20,29.7,25.2,27.2,3.0,3.0,4.42,12.4,21.86,96,72,Pacitan,-8.1845,111.1014
2018-11-21,28.5,24.3,26.4,3.0,3.0,3.98,13.7,20.79,94,79,Pacitan,-8.1845,111.1014
2018-11-22,28.7,24.5,26.4,2.1,2.1,3.98,13.8,20.25,94,73,Pacitan,-8.1845,111.1014
2018-11-23,28.3,24.0,26.2,3.1,3.1,4.09,14.5,20.77,94,74,Pacitan,-8.1845,111.1014
2018-11-24,28.9,23.7,26.3,4.5,4.5,4.43,13.0,21.9,96,69,Pacitan,-8.1845,111.1014
2018-11-25,28.0,23.9,25.8,5.3,5.3,3.78,12.0,19.8,94,82,Pacitan,-8.1845,111.1014
2018-11-26,27.3,24.3,25.6,7.7,7.7,2.19,12.4,10.62,95,83,Pacitan,-8.1845,111.1014
2018-11-27,27.8,24.6,25.6,15.5,15.5,2.55,13.6,12.85,96,84,Pacitan,-8.1845,111.1014
2018-11-28,27.4,24.6,25.8,17.3,17.3,2.01,11.0,9.05,94,79,Pacitan,-8.1845,111.1014
2018-11-29,29.5,24.4,26.5,6.6,6.6,3.88,17.5,19.51,92,70,Pacitan,-8.1845,111.1014
2018-11-30,28.1,24.4,26.0,12.5,12.5,2.93,13.0,14.25,96,81,Pacitan,-8.1845,111.1014
2018-12-01,28.3,25.0,26.4,1.7,1.7,3.64,12.3,17.0,90,68,Pacitan,-8.1845,111.1014
2018-12-02,28.2,24.4,26.5,0.7,0.7,3.45,13.5,15.94,88,74,Pacitan,-8.1845,111.1014
2018-12-03,28.6,24.9,26.6,1.4,1.4,3.71,15.5,18.4,91,76,Pacitan,-8.1845,111.1014
2018-12-04,28.4,24.8,26.2,10.5,10.5,3.43,18.8,18.19,94,81,Pacitan,-8.1845,111.1014
2018-12-05,29.2,24.5,26.3,21.3,21.3,3.08,15.1,15.83,95,82,Pacitan,-8.1845,111.1014
2018-12-06,28.4,24.5,26.3,8.6,8.6,2.82,11.8,14.13,95,81,Pacitan,-8.1845,111.1014
2018-12-07,29.7,25.2,26.9,8.0,8.0,3.72,13.7,18.91,96,78,Pacitan,-8.1845,111.1014
2018-12-08,28.3,25.2,26.3,8.2,8.2,2.51,13.5,12.46,97,82,Pacitan,-8.1845,111.1014
2018-12-09,29.1,24.5,26.9,2.7,2.7,3.89,10.7,19.66,96,81,Pacitan,-8.1845,111.1014
2018-12-10,28.7,24.8,26.8,6.7,6.7,3.43,10.7,17.46,97,81,Pacitan,-8.1845,111.1014
2018-12-11,28.6,25.8,26.9,5.4,5.4,3.2,15.0,16.4,97,81,Pacitan,-8.1845,111.1014
2018-12-12,28.7,25.1,26.8,1.2,1.2,3.52,15.6,17.43,93,76,Pacitan,-8.1845,111.1014
2018-12-13,29.1,25.0,26.9,7.5,7.5,2.44,12.3,10.75,93,72,Pacitan,-8.1845,111.1014
2018-12-14,29.4,25.7,27.3,0.3,0.3,3.64,14.3,17.43,90,73,Pacitan,-8.1845,111.1014
2018-12-15,28.2,25.0,26.1,8.8,8.8,2.7,17.4,13.8,95,79,Pacitan,-8.1845,111.1014
2018-12-16,27.8,25.0,26.5,4.9,4.9,1.87,12.7,8.0,95,76,Pacitan,-8.1845,111.1014
2018-12-17,29.1,25.1,26.9,2.4,2.4,4.05,13.6,19.35,91,68,Pacitan,-8.1845,111.1014
2018-12-18,29.0,24.2,26.5,1.8,1.8,3.67,13.4,17.81,93,69,Pacitan,-8.1845,111.1014
2018-12-19,28.5,24.6,26.3,3.5,3.5,3.33,13.8,16.2,92,74,Pacitan,-8.1845,111.1014
2018-12-20,28.4,23.9,25.9,109.7,109.7,3.26,12.1,16.41,96,77,Pacitan,-8.1845,111.1014
2018-12-21,27.9,24.6,25.6,37.3,37.3,1.76,12.9,8.11,96,76,Pacitan,-8.1845,111.1014
2018-12-22,28.9,24.8,26.6,3.9,3.9,3.92,17.2,19.95,95,78,Pacitan,-8.1845,111.1014
2018-12-23,28.5,24.8,26.4,8.3,8.3,3.28,17.3,16.31,93,76,Pacitan,-8.1845,111.1014
2018-12-24,28.3,24.4,25.9,14.7,14.7,2.97,12.8,13.85,94,72,Pacitan,-8.1845,111.1014
2018-12-25,25.5,24.3,24.7,94.8,94.8,0.99,8.4,4.2,98,88,Pacitan,-8.1845,111.1014
2018-12-26,28.8,24.0,26.0,5.7,5.7,3.02,14.3,15.01,93,79,Pacitan,-8.1845,111.1014
2018-12-27,28.4,24.6,26.5,3.6,3.6,4.02,19.9,20.74,93,76,Pacitan,-8.1845,111.1014
2018-12-28,29.0,24.9,26.9,2.6,2.6,4.06,20.8,19.68,91,73,Pacitan,-8.1845,111.1014
2018-12-29,28.6,25.0,26.7,9.9,9.9,3.67,26.6,16.83,92,73,Pacitan,-8.1845,111.1014
2018-12-30,27.2,24.5,25.6,14.6,14.6,2.68,24.6,13.37,94,81,Pacitan,-8.1845,111.1014
2018-12-31,28.7,24.4,26.3,4.2,4.2,3.86,22.0,19.04,92,77,Pacitan,-8.1845,111.1014
2019-01-01,28.7,24.7,26.3,1.5,1.5,3.68,20.9,16.94,88,72,Pacitan,-8.1845,111.1014
2019-01-02,27.9,24.7,26.0,14.3,14.3,3.04,18.1,15.6,94,81,Pacitan,-8.1845,111.1014
2019-01-03,27.6,24.5,25.9,6.4,6.4,2.76,20.2,13.73,94,82,Pacitan,-8.1845,111.1014
2019-01-04,30.3,24.2,26.6,8.9,8.9,4.08,14.8,19.78,95,64,Pacitan,-8.1845,111.1014
2019-01-05,28.8,23.5,26.2,6.8,6.8,3.82,8.9,19.63,95,76,Pacitan,-8.1845,111.1014
2019-01-06,29.6,24.5,26.7,6.0,6.0,3.97,9.0,19.84,96,72,Pacitan,-8.1845,111.1014
2019-01-07,29.6,24.3,26.9,6.7,6.7,4.38,9.7,22.16,95,74,Pacitan,-8.1845,111.1014
2019-01-08,29.3,24.2,26.7,2.5,2.5,4.32,10.6,22.27,95,77,Pacitan,-8.1845,111.1014
2019-01-09,29.5,24.4,26.7,4.9,4.9,4.3,7.6,21.6,95,77,Pacitan,-8.1845,111.1014
2019-01-10,29.7,24.7,27.1,8.3,8.3,4.19,11.8,21.15,95,75,Pacitan,-8.1845,111.1014
2019-01-11,30.1,25.1,27.2,3.6,3.6,4.43,10.5,22.38,96,75,Pacitan,-8.1845,111.1014
2019-01-12,29.4,25.0,27.1,2.7,2.7,4.14,10.7,21.12,96,80,Pacitan,-8.1845,111.1014
2019-01-13,28.4,25.1,26.4,10.5,10.5,2.5,7.4,12.09,97,78,Pacitan,-8.1845,111.1014
2019-01-14,29.9,24.7,26.8,7.6,7.6,3.69,12.0,18.2,95,71,Pacitan,-8.1845,111.1014
2019-01-15,28.5,25.2,26.4,33.7,33.7,3.14,14.0,16.54,96,85,Pacitan,-8.1845,111.1014
2019-01-16,27.0,24.8,25.6,134.1,134.1,1.66,15.5,7.8,97,84,Pacitan,-8.1845,111.1014
2019-01-17,27.8,24.4,25.5,63.2,63.2,2.2,18.8,11.19,95,83,Pacitan,-8.1845,111.1014
2019-01-18,29.5,24.6,26.6,14.4,14.4,3.76,16.6,19.41,93,80,Pacitan,-8.1845,111.1014
2019-01-19,28.5,24.9,26.4,21.4,21.4,2.93,14.1,15.07,95,82,Pacitan,-8.1845,111.1014
2019-01-20,30.0,25.2,27.1,12.0,12.0,3.93,16.6,19.98,96,79,Pacitan,-8.1845,111.1014
2019-01-21,28.4,24.9,26.0,17.7,17.7,2.67,16.9,14.38,98,86,Pacitan,-8.1845,111.1014
2019-01-22,28.2,24.6,26.0,14.4,14.4,2.67,20.8,14.37,95,86,Pacitan,-8.1845,111.1014
2019-01-23,29.0,24.7,26.3,3.4,3.4,2.28,14.8,9.26,92,68,Pacitan,-8.1845,111.1014
2019-01-24,29.3,24.5,26.1,21.6,21.6,3.34,16.7,17.11,96,74,Pacitan,-8.1845,111.1014
2019-01-25,28.1,24.5,25.9,16.0,16.0,2.54,22.5,12.82,95,83,Pacitan,-8.1845,111.1014
2019-01-26,30.5,24.8,27.5,0.3,0.3,5.32,19.6,25.42,87,62,Pacitan,-8.1845,111.1014
2019-01-27,30.2,24.9,26.8,7.5,7.5,3.66,15.6,17.51,91,68,Pacitan,-8.1845,111.1014
2019-01-28,31.1,24.8,27.1,3.3,3.3,4.1,13.8,19.8,92,65,Pacitan,-8.1845,111.1014
2019-01-29,31.4,24.6,27.6,0.2,0.2,4.82,9.4,22.96,95,63,Pacitan,-8.1845,111.1014
2019-01-30,30.4,25.1,27.1,8.5,8.5,4.19,9.7,20.58,94,68,Pacitan,-8.1845,111.1014
2019-01-31,28.9,24.2,26.5,12.8,12.8,3.04,15.1,15.05,94,77,Pacitan,-8.1845,111.1014
2019-02-01,29.0,25.0,26.7,4.4,4.4,3.7,10.4,18.51,92,78,Pacitan,-8.1845,111.1014
2019-02-02,29.9,24.8,26.9,6.0,6.0,3.74,12.6,18.64,95,77,Pacitan,-8.1845,111.1014
2019-02-03,29.8,24.9,26.8,1.1,1.1,3.81,13.0,19.14,95,76,Pacitan,-8.1845,111.1014
2019-02-04,28.9,25.1,26.6,10.4,10.4,3.26,16.6,16.97,92,83,Pacitan,-8.1845,111.1014
2019-02-05,29.6,25.1,26.7,5.6,5.6,3.48,17.4,17.92,92,82,Pacitan,-8.1845,111.1014
2019-02-06,29.4,25.1,26.7,3.3,3.3,3.82,13.8,19.49,96,78,Pacitan,-8.1845,111.1014
2019-02-07,28.8,24.6,26.4,3.5,3.5,3.62,12.9,18.99,96,83,Pacitan,-8.1845,111.1014
2019-02-08,28.3,24.6,26.7,2.4,2.4,3.37,10.4,16.89,96,78,Pacitan,-8.1845,111.1014
2019-02-09,29.2,24.4,27.0,0.6,0.6,4.04,11.8,20.19,92,73,Pacitan,-8.1845,111.1014
2019-02-10,28.9,24.9,26.7,4.8,4.8,3.61,10.7,18.04,92,77,Pacitan,-8.1845,111.1014
2019-02-11,28.2,24.2,26.3,1.7,1.7,3.83,9.4,19.67,96,78,Pacitan,-8.1845,111.1014
2019-02-12,28.9,24.3,26.4,2.7,2.7,3.42,11.5,17.1,94,77,Pacitan,-8.1845,111.1014
2019-02-13,29.7,24.5,26.9,1.7,1.7,3.81,9.9,18.93,95,72,Pacitan,-8.1845,111.1014
2019-02-14,29.1,24.5,26.8,2.1,2.1,4.19,11.4,21.35,95,77,Pacitan,-8.1845,111.1014
2019-02-15,29.1,25.0,26.7,1.7,1.7,4.17,10.9,21.53,96,81,Pacitan,-8.1845,111.1014
2019-02-16,29.4,24.2,26.4,6.7,6.7,3.99,8.4,20.03,96,77,Pacitan,-8.1845,111.1014
2019-02-17,30.2,24.9,27.2,9.4,9.4,4.66,9.9,23.07,95,70,Pacitan,-8.1845,111.1014
2019-02-18,29.6,25.2,26.9,5.8,5.8,3.89,9.2,19.24,95,75,Pacitan,-8.1845,111.1014
2019-02-19,28.8,24.4,26.6,7.3,7.3,3.43,8.8,17.2,95,80,Pacitan,-8.1845,111.1014
2019-02-20,28.2,24.6,26.1,8.6,8.6,2.99,7.4,14.8,97,81,Pacitan,-8.1845,111.1014
2019-02-21,29.7,24.0,26.5,15.7,15.7,4.15,7.0,20.73,96,75,Pacitan,-8.1845,111.1014
2019-02-22,28.9,24.2,26.5,7.2,7.2,3.96,6.9,20.07,97,80,Pacitan,-8.1845,111.1014
2019-02-23,29.2,24.6,26.5,7.1,7.1,3.91,10.5,20.35,96,81,Pacitan,-8.1845,111.1014
2019-02-24,29.4,24.4,26.7,8.0,8.0,3.76,9.2,18.99,97,78,Pacitan,-8.1845,111.1014
2019-02-25,29.6,24.3,27.0,8.2,8.2,4.57,8.4,22.91,92,79,Pacitan,-8.1845,111.1014
2019-02-26,30.5,24.6,27.7,1.7,1.7,4.63,15.5,23.32,93,72,Pacitan,-8.1845,111.1014
2019-02-27,29.3,25.1,27.2,4.1,4.1,3.92,13.4,20.06,95,80,Pacitan,-8.1845,111.1014
2019-02-28,29.3,25.0,27.0,4.0,4.0,3.8,11.5,19.32,96,82,Pacitan,-8.1845,111.1014
2019-03-01,29.1,24.9,26.8,12.6,12.6,3.49,9.4,17.87,99,83,Pacitan,-8.1845,111.1014
2019-03-02,29.2,24.9,26.5,14.7,14.7,3.46,10.2,17.59,95,81,Pacitan,-8.1845,111.1014
2019-03-03,28.9,24.8,26.4,9.6,9.6,2.76,8.4,13.41,96,80,Pacitan,-8.1845,111.1014
2019-03-04,29.4,24.6,26.9,6.0,6.0,3.94,7.6,19.58,95,78,Pacitan,-8.1845,111.1014
2019-03-05,30.2,25.0,27.4,3.5,3.5,4.18,7.9,20.64,94,74,Pacitan,-8.1845,111.1014
2019-03-06,27.6,24.8,25.7,76.3,76.3,1.84,13.4,8.99,96,86,Pacitan,-8.1845,111.1014
2019-03-07,26.9,23.8,25.0,30.2,30.2,1.89,16.1,7.96,95,78,Pacitan,-8.1845,111.1014
2019-03-08,27.5,23.9,25.6,0.7,0.7,2.02,8.7,8.37,90,70,Pacitan,-8.1845,111.1014
2019-03-09,29.6,23.7,26.5,3.2,3.2,4.58,11.1,23.15,93,70,Pacitan,-8.1845,111.1014
2019-03-10,28.5,24.5,26.2,7.6,7.6,3.56,18.9,19.04,92,82,Pacitan,-8.1845,111.1014
2019-03-11,29.9,24.3,26.9,3.5,3.5,4.02,11.9,20.15,91,75,Pacitan,-8.1845,111.1014
2019-03-12,29.9,24.1,26.9,11.9,11.9,4.26,6.9,21.03,92,77,Pacitan,-8.1845,111.1014
2019-03-13,29.0,24.7,26.8,4.8,4.8,3.28,10.7,16.01,94,79,Pacitan,-8.1845,111.1014
2019-03-14,29.9,24.6,27.3,0.6,0.6,4.24,7.2,20.88,92,71,Pacitan,-8.1845,111.1014
2019-03-15,27.4,23.9,25.6,21.4,21.4,2.81,11.7,14.74,99,87,Pacitan,-8.1845,111.1014
2019-03-16,28.9,24.4,25.8,47.2,47.2,3.41,16.5,18.05,97,84,Pacitan,-8.1845,111.1014
2019-03-17,26.3,24.0,24.9,69.9,69.9,1.12,16.1,4.75,97,87,Pacitan,-8.1845,111.1014
2019-03-18,27.8,24.4,25.4,10.5,10.5,2.14,15.9,10.97,97,86,Pacitan,-8.1845,111.1014
2019-03-19,28.1,24.4,25.7,26.2,26.2,2.59,12.0,13.48,96,84,Pacitan,-8.1845,111.1014
2019-03-20,30.1,24.5,26.6,20.0,20.0,3.47,15.2,17.24,93,76,Pacitan,-8.1845,111.1014
2019-03-21,29.4,25.1,26.8,7.5,7.5,3.01,15.0,15.23,94,81,Pacitan,-8.1845,111.1014
2019-03-22,30.1,25.1,26.5,17.1,17.1,3.26,15.8,16.23,94,72,Pacitan,-8.1845,111.1014
2019-03-23,28.7,24.8,26.2,16.3,16.3,2.8,19.6,14.1,94,79,Pacitan,-8.1845,111.1014
2019-03-24,29.5,24.8,26.5,5.6,5.6,2.87,16.2,14.04,95,77,Pacitan,-8.1845,111.1014
2019-03-25,29.0,25.0,26.7,4.7,4.7,3.43,12.9,17.7,94,84,Pacitan,-8.1845,111.1014
2019-03-26,29.4,24.5,26.6,4.1,4.1,3.53,8.3,17.69,95,78,Pacitan,-8.1845,111.1014
2019-03-27,29.2,24.5,26.6,2.6,2.6,3.93,10.8,19.92,96,79,Pacitan,-8.1845,111.1014
2019-03-28,28.5,24.6,26.4,4.2,4.2,3.34,9.9,17.01,97,84,Pacitan,-8.1845,111.1014
2019-03-29,29.6,24.4,26.7,0.0,0.0,4.57,10.5,22.94,94,68,Pacitan,-8.1845,111.1014
2019-03-30,29.8,23.5,26.7,0.0,0.0,4.96,9.5,25.19,92,71,Pacitan,-8.1845,111.1014
2019-03-31,29.9,24.0,26.9,3.4,3.4,4.19,11.4,21.02,95,74,Pacitan,-8.1845,111.1014
2019-04-01,29.5,24.5,26.9,1.2,1.2,4.39,13.0,22.37,96,74,Pacitan,-8.1845,111.1014
2019-04-02,28.8,24.1,26.3,4.2,4.2,3.96,11.4,20.47,94,75,Pacitan,-8.1845,111.1014
2019-04-03,29.1,24.1,26.6,0.4,0.4,4.13,15.0,21.4,92,78,Pacitan,-8.1845,111.1014
2019-04-04,29.1,24.4,26.4,4.0,4.0,3.71,15.5,19.41,94,79,Pacitan,-8.1845,111.1014
2019-04-05,28.9,24.5,26.4,16.1,16.1,3.32,14.0,17.13,95,80,Pacitan,-8.1845,111.1014
2019-04-06,29.2,24.5,26.4,10.0,10.0,3.68,11.9,18.82,95,78,Pacitan,-8.1845,111.1014
2019-04-07,28.7,24.7,26.6,4.0,4.0,3.57,10.3,18.31,93,82,Pacitan,-8.1845,111.1014
2019-04-08,29.8,24.6,27.2,3.8,3.8,3.72,10.7,18.44,92,74,Pacitan,-8.1845,111.1014
2019-04-09,29.9,25.5,27.5,1.6,1.6,3.82,10.4,18.86,94,74,Pacitan,-8.1845,111.1014
2019-04-10,29.3,25.0,27.1,1.8,1.8,3.67,11.4,18.71,95,80,Pacitan,-8.1845,111.1014
2019-04-11,29.5,24.3,26.9,0.9,0.9,3.49,10.8,17.11,92,72,Pacitan,-8.1845,111.1014
2019-04-12,30.4,25.1,27.2,6.1,6.1,3.82,11.4,18.74,91,70,Pacitan,-8.1845,111.1014
2019-04-13,29.4,24.9,26.9,2.1,2.1,2.9,9.6,14.11,94,76,Pacitan,-8.1845,111.1014
2019-04-14,29.5,24.9,27.1,1.0,1.0,3.83,11.8,19.2,95,76,Pacitan,-8.1845,111.1014
2019-04-15,29.5,25.2,26.9,4.8,4.8,3.38,10.6,17.28,96,79,Pacitan,-8.1845,111.1014
2019-04-16,29.0,24.7,26.7,7.5,7.5,3.26,8.0,16.18,99,80,Pacitan,-8.1845,111.1014
2019-04-17,29.5,25.0,27.0,2.9,2.9,3.83,9.1,19.48,97,80,Pacitan,-8.1845,111.1014
2019-04-18,29.9,25.5,27.6,1.2,1.2,4.14,16.0,21.02,96,78,Pacitan,-8.1845,111.1014
2019-04-19,29.7,25.4,27.0,2.3,2.3,3.82,20.1,19.73,94,75,Pacitan,-8.1845,111.1014
2019-04-20,29.1,25.0,26.8,0.4,0.4,3.87,18.8,20.17,95,79,Pacitan,-8.1845,111.1014
2019-04-21,30.2,25.3,27.4,0.8,0.8,4.09,20.6,20.04,94,71,Pacitan,-8.1845,111.1014
2019-04-22,30.3,25.5,27.6,2.5,2.5,4.13,17.0,20.31,93,71,Pacitan,-8.1845,111.1014
2019-04-23,29.4,25.7,27.5,1.1,1.1,4.01,21.1,18.93,89,74,Pacitan,-8.1845,111.1014
2019-04-24,29.6,25.5,27.1,5.7,5.7,3.47,16.9,17.15,91,75,Pacitan,-8.1845,111.1014
2019-04-25,29.8,25.6,27.4,0.0,0.0,4.52,20.0,22.66,90,73,Pacitan,-8.1845,111.1014
2019-04-26,29.2,24.9,26.9,0.4,0.4,3.86,19.5,19.62,91,75,Pacitan,-8.1845,111.1014
2019-04-27,28.8,24.7,26.7,2.2,2.2,3.41,16.6,17.7,96,77,Pacitan,-8.1845,111.1014
2019-04-28,29.2,24.6,26.5,15.2,15.2,3.52,12.7,18.21,98,75,Pacitan,-8.1845,111.1014
2019-04-29,29.3,25.2,26.7,12.6,12.6,3.09,10.3,15.29,97,77,Pacitan,-8.1845,111.1014
2019-04-30,29.5,24.4,26.7,1.1,1.1,3.98,13.2,20.4,94,76,Pacitan,-8.1845,111.1014
2019-05-01,29.4,24.7,26.6,3.3,3.3,3.57,10.9,18.39,95,73,Pacitan,-8.1845,111.1014
2019-05-02,29.1,24.5,26.5,2.5,2.5,3.58,10.9,18.23,94,76,Pacitan,-8.1845,111.1014
2019-05-03,29.5,24.6,26.8,0.4,0.4,4.11,13.5,20.81,95,74,Pacitan,-8.1845,111.1014
2019-05-04,29.4,24.6,26.9,0.0,0.0,4.13,15.4,20.97,90,75,Pacitan,-8.1845,111.1014
2019-05-05,28.7,24.3,26.5,2.7,2.7,3.4,12.1,17.56,94,78,Pacitan,-8.1845,111.1014
2019-05-06,29.3,25.0,26.9,1.4,1.4,3.68,16.5,19.02,96,79,Pacitan,-8.1845,111.1014
2019-05-07,29.1,25.1,26.9,1.3,1.3,3.44,18.4,17.38,95,78,Pacitan,-8.1845,111.1014
2019-05-08,29.8,25.7,27.4,0.5,0.5,4.4,18.5,20.75,88,70,Pacitan,-8.1845,111.1014
2019-05-09,28.7,25.1,26.7,0.4,0.4,3.8,22.0,17.22,91,71,Pacitan,-8.1845,111.1014
2019-05-10,28.4,25.0,26.5,0.6,0.6,3.66,22.1,17.22,88,75,Pacitan,-8.1845,111.1014
2019-05-11,29.1,25.1,26.9,0.4,0.4,4.23,22.1,19.32,85,69,Pacitan,-8.1845,111.1014
2019-05-12,29.8,25.0,26.9,0.0,0.0,4.42,21.5,20.36,87,67,Pacitan,-8.1845,111.1014
2019-05-13,29.2,24.6,26.7,0.0,0.0,4.07,21.6,19.05,88,69,Pacitan,-8.1845,111.1014
2019-05-14,29.9,25.1,27.1,0.7,0.7,4.01,17.2,19.4,90,70,Pacitan,-8.1845,111.1014
2019-05-15,30.2,25.3,27.2,0.0,0.0,4.35,21.0,21.15,92,66,Pacitan,-8.1845,111.1014
2019-05-16,29.0,24.7,26.5,0.1,0.1,3.61,19.9,16.8,95,71,Pacitan,-8.1845,111.1014
2019-05-17,29.2,22.6,26.1,0.0,0.0,4.23,17.9,20.41,90,67,Pacitan,-8.1845,111.1014
2019-05-18,29.0,23.5,26.2,0.0,0.0,4.04,18.6,18.9,91,65,Pacitan,-8.1845,111.1014
2019-05-19,29.2,24.4,26.4,0.1,0.1,4.04,19.5,18.33,85,67,Pacitan,-8.1845,111.1014
2019-05-20,29.6,24.7,26.9,0.0,0.0,4.07,21.3,18.85,92,69,Pacitan,-8.1845,111.1014
2019-05-21,30.2,24.7,26.9,0.0,0.0,4.22,21.6,19.79,94,62,Pacitan,-8.1845,111.1014
2019-05-22,30.4,24.7,27.0,0.0,0.0,4.38,21.9,20.39,91,63,Pacitan,-8.1845,111.1014
2019-05-23,30.3,24.5,27.0,0.0,0.0,4.21,22.2,19.06,95,63,Pacitan,-8.1845,111.1014
2019-05-24,30.1,25.3,27.1,0.0,0.0,4.65,23.5,20.42,89,64,Pacitan,-8.1845,111.1014
2019-05-25,29.3,24.9,26.7,0.0,0.0,4.14,22.0,17.54,86,64,Pacitan,-8.1845,111.1014
2019-05-26,29.6,25.0,26.8,0.5,0.5,3.86,21.0,16.84,88,67,Pacitan,-8.1845,111.1014
2019-05-27,29.2,24.9,26.7,1.0,1.0,3.51,20.5,15.75,91,69,Pacitan,-8.1845,111.1014
2019-05-28,30.0,24.3,26.8,0.2,0.2,3.94,19.7,18.34,93,65,Pacitan,-8.1845,111.1014
2019-05-29,30.0,24.8,26.9,0.0,0.0,4.13,23.7,18.45,90,64,Pacitan,-8.1845,111.1014
2019-05-30,29.9,24.7,26.6,0.0,0.0,4.57,25.1,19.83,87,60,Pacitan,-8.1845,111.1014
2019-05-31,29.2,24.4,26.2,0.6,0.6,3.86,26.3,14.88,89,62,Pacitan,-8.1845,111.1014
2019-06-01,29.7,24.4,26.2,0.0,0.0,4.27,25.1,17.04,84,55,Pacitan,-8.1845,111.1014
2019-06-02,29.1,24.3,25.9,0.1,0.1,3.52,20.6,14.54,88,63,Pacitan,-8.1845,111.1014
2019-06-03,29.4,23.9,25.9,0.0,0.0,3.78,20.0,17.65,91,64,Pacitan,-8.1845,111.1014
2019-06-04,29.9,23.4,26.0,0.0,0.0,3.98,18.6,19.38,94,64,Pacitan,-8.1845,111.1014
2019-06-05,30.0,23.5,26.2,0.0,0.0,3.9,15.8,19.11,95,63,Pacitan,-8.1845,111.1014
2019-06-06,30.5,23.8,26.4,0.0,0.0,4.22,16.7,20.67,96,63,Pacitan,-8.1845,111.1014
2019-06-07,30.4,23.2,26.0,0.0,0.0,4.04,15.8,19.72,96,62,Pacitan,-8.1845,111.1014
2019-06-08,29.2,23.1,25.5,0.0,0.0,4.12,15.8,20.25,91,60,Pacitan,-8.1845,111.1014
2019-06-09,27.7,23.0,25.1,1.5,1.5,2.81,18.6,12.68,93,70,Pacitan,-8.1845,111.1014
2019-06-10,29.3,23.5,25.8,0.0,0.0,4.11,19.1,19.36,92,63,Pacitan,-8.1845,111.1014
2019-06-11,29.2,24.1,26.1,0.0,0.0,4.27,21.2,19.3,93,59,Pacitan,-8.1845,111.1014
2019-06-12,29.7,24.3,26.3,0.0,0.0,4.36,24.4,19.66,92,54,Pacitan,-8.1845,111.1014
2019-06-13,28.9,24.0,26.0,0.2,0.2,3.39,22.9,15.35,93,68,Pacitan,-8.1845,111.1014
2019-06-14,28.4,24.6,25.9,2.1,2.1,2.98,21.1,14.39,94,73,Pacitan,-8.1845,111.1014
2019-06-15,28.9,24.2,26.1,0.0,0.0,3.62,22.1,16.3,95,67,Pacitan,-8.1845,111.1014
2019-06-16,29.2,23.0,25.5,0.0,0.0,4.07,22.8,19.3,92,61,Pacitan,-8.1845,111.1014
2019-06-17,28.7,23.4,25.3,0.0,0.0,4.67,23.1,20.97,86,58,Pacitan,-8.1845,111.1014
2019-06-18,29.0,22.6,25.1,0.0,0.0,4.21,19.1,20.6,92,54,Pacitan,-8.1845,111.1014
2019-06-19,28.8,22.4,24.9,0.1,0.1,4.23,18.4,20.03,94,55,Pacitan,-8.1845,111.1014
2019-06-20,27.8,21.1,24.2,0.0,0.0,3.67,16.1,17.42,91,62,Pacitan,-8.1845,111.1014
2019-06-21,28.7,20.4,24.3,0.0,0.0,4.14,15.9,20.63,93,59,Pacitan,-8.1845,111.1014
2019-06-22,28.8,21.2,24.4,0.0,0.0,4.01,18.9,20.32,94,61,Pacitan,-8.1845,111.1014
2019-06-23,28.6,20.6,24.4,0.0,0.0,3.88,17.1,19.26,94,62,Pacitan,-8.1845,111.1014
2019-06-24,28.7,21.8,24.8,0.0,0.0,4.25,19.5,21.17,91,61,Pacitan,-8.1845,111.1014
2019-06-25,28.9,20.4,24.7,0.0,0.0,4.24,18.2,20.98,94,62,Pacitan,-8.1845,111.1014
2019-06-26,28.8,21.6,25.0,0.0,0.0,4.11,18.9,20.32,92,68,Pacitan,-8.1845,111.1014
2019-06-27,27.9,22.7,24.8,0.0,0.0,3.71,20.6,16.76,94,64,Pacitan,-8.1845,111.1014
2019-06-28,27.8,22.3,24.5,0.0,0.0,4.13,25.1,18.36,90,57,Pacitan,-8.1845,111.1014
2019-06-29,28.2,22.6,24.6,0.0,0.0,5.01,24.2,21.37,84,49,Pacitan,-8.1845,111.1014
2019-06-30,27.8,21.7,24.3,0.2,0.2,4.25,20.6,19.95,90,55,Pacitan,-8.1845,111.1014
2019-07-01,27.9,21.3,24.4,0.0,0.0,4.09,15.8,20.55,92,61,Pacitan,-8.1845,111.1014
2019-07-02,29.1,20.7,24.8,0.0,0.0,3.98,16.1,20.19,93,64,Pacitan,-8.1845,111.1014
2019-07-03,29.2,22.7,25.6,0.2,0.2,3.66,17.6,18.04,94,67,Pacitan,-8.1845,111.1014
2019-07-04,29.0,22.8,25.6,2.1,2.1,3.28,17.5,16.55,94,74,Pacitan,-8.1845,111.1014
2019-07-05,28.3,23.4,25.4,1.5,1.5,3.27,20.1,16.52,97,74,Pacitan,-8.1845,111.1014
2019-07-06,28.7,23.3,25.2,0.0,0.0,4.14,22.8,19.7,94,62,Pacitan,-8.1845,111.1014
2019-07-07,28.2,22.9,25.1,0.0,0.0,3.85,24.0,17.76,90,66,Pacitan,-8.1845,111.1014
2019-07-08,28.3,22.6,24.8,0.0,0.0,4.54,24.2,20.86,89,55,Pacitan,-8.1845,111.1014
2019-07-09,28.0,22.5,24.7,0.0,0.0,4.31,23.1,19.48,89,54,Pacitan,-8.1845,111.1014
2019-07-10,28.2,22.2,24.6,0.0,0.0,4.06,23.8,18.98,91,57,Pacitan,-8.1845,111.1014
2019-07-11,27.8,22.1,24.6,0.0,0.0,3.88,23.5,18.4,94,63,Pacitan,-8.1845,111.1014
2019-07-12,28.7,21.8,24.8,0.0,0.0,4.25,21.0,20.64,89,60,Pacitan,-8.1845,111.1014
2019-07-13,28.4,22.3,24.7,0.0,0.0,4.53,22.7,21.0,90,55,Pacitan,-8.1845,111.1014
2019-07-14,28.7,21.4,24.4,0.0,0.0,4.73,22.4,21.69,90,46,Pacitan,-8.1845,111.1014
2019-07-15,27.5,21.7,24.3,0.0,0.0,4.06,25.9,18.63,88,61,Pacitan,-8.1845,111.1014
2019-07-16,27.2,21.9,24.0,0.8,0.8,3.68,24.8,16.8,91,61,Pacitan,-8.1845,111.1014
2019-07-17,27.9,21.5,24.1,0.0,0.0,4.21,24.1,20.62,94,59,Pacitan,-8.1845,111.1014
2019-07-18,28.7,21.5,24.7,0.0,0.0,3.99,23.6,19.0,92,60,Pacitan,-8.1845,111.1014
2019-07-19,28.5,22.8,25.1,0.7,0.7,3.23,19.1,14.68,95,62,Pacitan,-8.1845,111.1014
2019-07-20,27.3,23.3,24.9,2.7,2.7,2.68,24.7,12.74,97,74,Pacitan,-8.1845,111.1014
2019-07-21,28.5,23.1,24.9,0.8,0.8,3.8,23.6,17.87,98,58,Pacitan,-8.1845,111.1014
2019-07-22,28.0,22.0,24.4,0.0,0.0,3.61,21.1,17.61,92,64,Pacitan,-8.1845,111.1014
2019-07-23,27.8,22.3,24.5,0.3,0.3,3.55,21.7,17.76,95,66,Pacitan,-8.1845,111.1014
2019-07-24,28.3,22.5,24.6,0.5,0.5,3.95,21.7,18.55,95,59,Pacitan,-8.1845,111.1014
2019-07-25,28.7,22.3,24.7,0.0,0.0,4.45,24.6,21.34,92,54,Pacitan,-8.1845,111.1014
2019-07-26,28.4,21.4,24.4,0.0,0.0,4.19,19.6,21.45,94,64,Pacitan,-8.1845,111.1014
2019-07-27,28.3,21.4,24.4,0.0,0.0,4.09,19.9,20.36,96,63,Pacitan,-8.1845,111.1014
2019-07-28,27.4,21.2,24.1,0.2,0.2,3.71,20.7,18.18,96,66,Pacitan,-8.1845,111.1014
2019-07-29,28.0,21.2,24.1,0.1,0.1,3.68,19.1,18.34,93,60,Pacitan,-8.1845,111.1014
2019-07-30,28.4,22.3,24.7,0.2,0.2,4.14,21.1,20.44,94,56,Pacitan,-8.1845,111.1014
2019-07-31,27.8,22.3,24.4,0.8,0.8,3.59,21.5,17.44,97,61,Pacitan,-8.1845,111.1014
2019-08-01,27.3,22.4,24.6,0.3,0.3,3.69,21.8,18.3,95,65,Pacitan,-8.1845,111.1014
2019-08-02,28.2,22.6,24.8,0.1,0.1,4.22,23.3,20.47,94,64,Pacitan,-8.1845,111.1014
2019-08-03,28.1,22.2,24.4,0.0,0.0,4.44,28.5,20.62,92,55,Pacitan,-8.1845,111.1014
2019-08-04,27.3,21.9,24.1,0.0,0.0,4.59,27.0,20.73,85,58,Pacitan,-8.1845,111.1014
2019-08-05,26.6,20.9,23.2,0.0,0.0,3.88,18.5,19.88,91,59,Pacitan,-8.1845,111.1014
2019-08-06,27.3,20.0,23.3,0.0,0.0,4.36,17.9,22.76,92,58,Pacitan,-8.1845,111.1014
2019-08-07,27.2,19.9,23.6,0.0,0.0,4.15,16.3,21.74,92,62,Pacitan,-8.1845,111.1014
2019-08-08,26.5,21.5,23.8,1.8,1.8,3.46,21.1,17.65,97,70,Pacitan,-8.1845,111.1014
2019-08-09,28.2,21.7,24.4,0.0,0.0,4.53,21.9,22.68,90,61,Pacitan,-8.1845,111.1014
2019-08-10,28.3,21.7,24.4,0.0,0.0,4.68,22.0,23.03,93,56,Pacitan,-8.1845,111.1014
2019-08-11,28.3,21.1,24.4,0.0,0.0,4.14,17.7,20.33,95,62,Pacitan,-8.1845,111.1014
2019-08-12,27.8,21.0,24.6,0.0,0.0,4.15,18.4,21.09,91,66,Pacitan,-8.1845,111.1014
2019-08-13,28.9,21.9,25.1,0.2,0.2,3.99,14.1,19.94,96,65,Pacitan,-8.1845,111.1014
2019-08-14,28.9,21.9,25.2,0.0,0.0,4.12,16.4,20.51,96,64,Pacitan,-8.1845,111.1014
2019-08-15,28.7,23.3,25.3,0.1,0.1,3.97,17.8,20.03,96,65,Pacitan,-8.1845,111.1014
2019-08-16,28.0,22.7,24.7,0.0,0.0,4.35,22.9,20.58,95,58,Pacitan,-8.1845,111.1014
2019-08-17,27.9,22.5,24.5,0.0,0.0,4.09,25.5,18.8,94,59,Pacitan,-8.1845,111.1014
2019-08-18,27.9,22.1,24.3,0.0,0.0,4.49,25.1,21.08,92,56,Pacitan,-8.1845,111.1014
2019-08-19,27.8,22.2,24.4,0.0,0.0,4.51,24.2,22.08,93,59,Pacitan,-8.1845,111.1014
2019-08-20,28.3,22.3,24.5,0.1,0.1,4.4,26.4,20.81,94,57,Pacitan,-8.1845,111.1014
2019-08-21,28.2,21.8,24.5,0.0,0.0,3.98,18.8,20.38,96,67,Pacitan,-8.1845,111.1014
2019-08-22,28.5,22.3,24.9,0.5,0.5,4.25,21.5,21.89,95,66,Pacitan,-8.1845,111.1014
2019-08-23,27.8,21.8,24.3,0.1,0.1,4.08,25.9,19.48,94,59,Pacitan,-8.1845,111.1014
2019-08-24,27.9,22.3,24.5,0.5,0.5,3.85,22.4,18.08,91,62,Pacitan,-8.1845,111.1014
2019-08-25,27.2,22.4,24.2,6.4,6.4,3.01,22.1,15.56,98,72,Pacitan,-8.1845,111.1014
2019-08-26,26.6,22.5,24.2,1.2,1.2,2.8,19.2,13.94,98,73,Pacitan,-8.1845,111.1014
2019-08-27,27.9,21.9,24.3,0.0,0.0,4.66,17.1,23.5,93,62,Pacitan,-8.1845,111.1014
2019-08-28,27.9,21.2,23.8,0.0,0.0,4.69,21.0,24.36,97,59,Pacitan,-8.1845,111.1014
2019-08-29,28.3,21.2,24.2,0.0,0.0,4.71,17.6,24.04,96,57,Pacitan,-8.1845,111.1014
2019-08-30,28.0,21.9,24.3,0.0,0.0,4.63,23.3,23.86,95,64,Pacitan,-8.1845,111.1014
2019-08-31,27.8,21.8,24.3,0.0,0.0,4.37,26.3,21.06,92,64,Pacitan,-8.1845,111.1014
2019-09-01,27.7,21.9,24.2,0.0,0.0,4.84,21.5,24.12,91,60,Pacitan,-8.1845,111.1014
2019-09-02,27.6,22.2,24.4,0.0,0.0,4.65,22.1,23.81,92,66,Pacitan,-8.1845,111.1014
2019-09-03,27.8,21.6,24.2,0.0,0.0,4.52,17.2,22.74,92,60,Pacitan,-8.1845,111.1014
2019-09-04,28.3,21.6,24.2,0.0,0.0,4.96,22.7,24.62,96,50,Pacitan,-8.1845,111.1014
2019-09-05,27.7,20.9,23.9,0.0,0.0,4.44,20.1,22.64,92,61,Pacitan,-8.1845,111.1014
2019-09-06,27.3,21.6,24.1,0.2,0.2,4.2,17.9,21.1,94,60,Pacitan,-8.1845,111.1014
2019-09-07,27.1,21.8,24.2,2.4,2.4,3.76,22.4,18.73,96,66,Pacitan,-8.1845,111.1014
2019-09-08,27.5,22.5,24.4,0.9,0.9,3.52,21.6,16.89,96,66,Pacitan,-8.1845,111.1014
2019-09-09,28.8,22.4,24.9,0.0,0.0,4.64,20.5,23.7,96,64,Pacitan,-8.1845,111.1014
2019-09-10,29.2,21.4,24.8,0.0,0.0,4.71,20.1,23.93,98,64,Pacitan,-8.1845,111.1014
2019-09-11,28.5,22.3,24.7,0.0,0.0,5.07,23.8,25.25,95,60,Pacitan,-8.1845,111.1014
2019-09-12,28.3,21.7,24.2,0.0,0.0,5.2,22.1,25.38,91,45,Pacitan,-8.1845,111.1014
2019-09-13,27.5,20.8,24.0,0.0,0.0,4.77,17.3,24.73,91,62,Pacitan,-8.1845,111.1014
2019-09-14,28.7,21.6,24.7,0.0,0.0,4.86,19.4,24.25,96,57,Pacitan,-8.1845,111.1014
2019-09-15,28.3,21.6,24.7,0.0,0.0,4.59,19.7,21.84,96,60,Pacitan,-8.1845,111.1014
2019-09-16,28.9,21.1,24.9,0.0,0.0,4.74,19.2,23.87,90,63,Pacitan,-8.1845,111.1014
2019-09-17,29.5,22.6,25.2,0.0,0.0,4.87,19.9,23.95,93,61,Pacitan,-8.1845,111.1014
2019-09-18,28.7,21.9,24.8,0.0,0.0,5.01,22.9,25.66,94,61,Pacitan,-8.1845,111.1014
2019-09-19,28.6,21.8,24.6,0.0,0.0,5.2,22.7,25.87,95,52,Pacitan,-8.1845,111.1014
2019-09-20,28.0,21.9,24.7,0.1,0.1,4.5,22.3,22.26,94,63,Pacitan,-8.1845,111.1014
2019-09-21,28.6,22.4,24.9,0.0,0.0,4.57,20.2,22.27,96,60,Pacitan,-8.1845,111.1014
2019-09-22,29.1,22.3,25.1,0.0,0.0,5.29,24.3,25.22,89,52,Pacitan,-8.1845,111.1014
2019-09-23,28.7,22.4,24.9,0.0,0.0,4.98,25.3,24.64,91,58,Pacitan,-8.1845,111.1014
2019-09-24,29.2,22.7,25.5,0.0,0.0,4.74,20.9,23.8,95,64,Pacitan,-8.1845,111.1014
2019-09-25,30.1,23.3,25.8,0.0,0.0,5.19,24.5,25.45,94,54,Pacitan,-8.1845,111.1014
2019-09-26,29.4,23.5,25.6,1.1,1.1,4.7,23.6,23.4,97,60,Pacitan,-8.1845,111.1014
2019-09-27,29.2,23.0,25.5,0.2,0.2,4.96,22.0,24.64,97,61,Pacitan,-8.1845,111.1014
2019-09-28,29.0,23.2,25.4,0.6,0.6,3.94,26.8,18.97,96,64,Pacitan,-8.1845,111.1014
2019-09-29,28.6,23.3,25.2,0.6,0.6,3.79,23.2,18.6,99,66,Pacitan,-8.1845,111.1014
2019-09-30,29.3,22.7,25.2,0.0,0.0,5.02,22.1,25.4,93,60,Pacitan,-8.1845,111.1014
2019-10-01,28.9,22.3,25.1,0.0,0.0,4.57,22.1,22.11,92,61,Pacitan,-8.1845,111.1014
2019-10-02,29.4,23.2,25.7,0.0,0.0,4.9,20.2,24.53,95,60,Pacitan,-8.1845,111.1014
2019-10-03,29.4,23.9,26.0,0.8,0.8,4.3,18.1,20.76,98,63,Pacitan,-8.1845,111.1014
2019-10-04,29.7,22.8,25.7,0.0,0.0,5.07,20.7,25.21,96,61,Pacitan,-8.1845,111.1014
2019-10-05,29.5,22.6,25.7,0.0,0.0,5.23,21.1,25.73,95,58,Pacitan,-8.1845,111.1014
2019-10-06,29.4,23.0,25.9,0.4,0.4,4.66,18.4,22.83,97,63,Pacitan,-8.1845,111.1014
2019-10-07,29.6,23.9,26.1,0.1,0.1,4.49,19.4,21.29,96,63,Pacitan,-8.1845,111.1014
2019-10-08,29.8,23.5,26.0,0.0,0.0,5.12,20.6,25.31,93,60,Pacitan,-8.1845,111.1014
2019-10-09,29.0,23.6,26.0,0.2,0.2,4.36,17.4,21.26,94,65,Pacitan,-8.1845,111.1014
2019-10-10,30.0,23.8,26.5,0.1,0.1,5.09,18.6,24.57,95,57,Pacitan,-8.1845,111.1014
2019-10-11,30.6,24.3,26.7,0.2,0.2,5.0,18.7,24.07,94,59,Pacitan,-8.1845,111.1014
2019-10-12,30.7,23.7,26.5,0.0,0.0,5.09,17.6,24.57,96,56,Pacitan,-8.1845,111.1014
2019-10-13,29.7,24.2,26.2,1.2,1.2,4.52,18.0,21.73,96,61,Pacitan,-8.1845,111.1014
2019-10-14,29.2,23.1,25.9,1.1,1.1,3.52,20.0,16.09,96,65,Pacitan,-8.1845,111.1014
2019-10-15,28.9,24.0,26.0,1.8,1.8,4.04,21.3,19.77,95,68,Pacitan,-8.1845,111.1014
2019-10-16,29.7,23.7,26.2,0.1,0.1,4.66,20.6,22.16,94,61,Pacitan,-8.1845,111.1014
2019-10-17,29.4,23.2,25.9,0.3,0.3,4.43,19.3,21.27,93,61,Pacitan,-8.1845,111.1014
2019-10-18,30.0,22.7,26.1,0.3,0.3,4.77,19.3,23.26,94,59,Pacitan,-8.1845,111.1014
2019-10-19,30.0,23.3,26.4,0.0,0.0,5.07,18.6,24.5,92,64,Pacitan,-8.1845,111.1014
2019-10-20,29.9,24.3,26.6,0.9,0.9,4.49,20.7,20.58,93,60,Pacitan,-8.1845,111.1014
2019-10-21,31.0,24.2,27.2,0.0,0.0,5.29,21.1,25.06,94,62,Pacitan,-8.1845,111.1014
2019-10-22,30.5,24.3,26.9,0.0,0.0,5.34,18.7,25.54,91,59,Pacitan,-8.1845,111.1014
2019-10-23,30.5,22.7,26.4,1.0,1.0,5.35,15.6,26.6,96,59,Pacitan,-8.1845,111.1014
2019-10-24,30.2,22.7,26.2,0.0,0.0,5.41,17.1,26.56,97,57,Pacitan,-8.1845,111.1014
2019-10-25,30.9,23.1,26.7,0.0,0.0,5.5,17.1,25.8,93,50,Pacitan,-8.1845,111.1014
2019-10-26,29.8,24.5,26.8,1.0,1.0,4.67,16.8,22.59,90,63,Pacitan,-8.1845,111.1014
2019-10-27,30.6,24.6,27.0,0.1,0.1,5.46,18.6,26.56,92,57,Pacitan,-8.1845,111.1014
2019-10-28,30.6,24.2,26.7,2.1,2.1,4.71,17.5,22.49,96,60,Pacitan,-8.1845,111.1014
2019-10-29,30.2,22.8,26.4,0.9,0.9,5.24,14.4,26.05,97,60,Pacitan,-8.1845,111.1014
2019-10-30,30.5,24.0,26.8,0.0,0.0,5.03,15.8,24.58,91,57,Pacitan,-8.1845,111.1014
2019-10-31,30.7,24.2,27.0,0.9,0.9,4.82,17.7,23.27,96,60,Pacitan,-8.1845,111.1014
2019-11-01,29.4,24.1,26.0,4.8,4.8,3.49,15.2,17.29,98,72,Pacitan,-8.1845,111.1014
2019-11-02,27.0,24.1,24.9,18.1,18.1,2.36,17.1,12.18,96,82,Pacitan,-8.1845,111.1014
2019-11-03,28.4,23.8,25.7,6.4,6.4,3.41,17.6,16.59,95,71,Pacitan,-8.1845,111.1014
2019-11-04,28.2,24.2,25.9,3.8,3.8,3.32,17.3,16.24,95,74,Pacitan,-8.1845,111.1014
2019-11-05,28.8,23.6,25.7,1.2,1.2,4.53,14.0,23.63,96,69,Pacitan,-8.1845,111.1014
2019-11-06,28.3,22.8,25.1,0.6,0.6,4.78,11.6,25.3,99,70,Pacitan,-8.1845,111.1014
2019-11-07,28.3,21.5,24.9,0.0,0.0,4.98,11.3,26.28,97,69,Pacitan,-8.1845,111.1014
2019-11-08,28.8,22.2,25.6,0.0,0.0,4.28,11.5,21.8,93,70,Pacitan,-8.1845,111.1014
2019-11-09,29.2,24.0,26.1,1.6,1.6,4.03,12.3,20.79,98,73,Pacitan,-8.1845,111.1014
2019-11-10,29.8,24.2,26.8,0.5,0.5,4.53,13.5,22.78,98,68,Pacitan,-8.1845,111.1014
2019-11-11,30.4,25.1,27.2,2.9,2.9,4.64,16.1,22.79,96,66,Pacitan,-8.1845,111.1014
2019-11-12,30.4,25.0,27.4,1.1,1.1,4.46,17.7,21.08,96,65,Pacitan,-8.1845,111.1014
2019-11-13,30.0,25.2,27.3,9.4,9.4,4.08,18.3,19.97,94,70,Pacitan,-8.1845,111.1014
2019-11-14,30.8,25.0,27.5,0.2,0.2,4.29,15.3,20.66,97,70,Pacitan,-8.1845,111.1014
2019-11-15,30.3,24.9,27.2,0.1,0.1,5.1,16.1,24.98,91,63,Pacitan,-8.1845,111.1014
2019-11-16,30.0,23.4,26.8,0.1,0.1,4.97,15.8,23.67,95,63,Pacitan,-8.1845,111.1014
2019-11-17,30.6,24.8,27.4,0.0,0.0,4.54,16.1,21.18,89,65,Pacitan,-8.1845,111.1014
2019-11-18,30.9,24.9,27.7,0.0,0.0,4.57,15.5,21.5,94,66,Pacitan,-8.1845,111.1014
2019-11-19,30.8,24.9,27.4,0.0,0.0,4.6,15.2,22.46,96,66,Pacitan,-8.1845,111.1014
2019-11-20,29.4,24.2,26.9,1.9,1.9,4.44,15.8,22.12,94,69,Pacitan,-8.1845,111.1014
2019-11-21,30.5,24.8,27.2,1.2,1.2,4.65,16.1,22.36,95,65,Pacitan,-8.1845,111.1014
2019-11-22,30.1,25.3,27.3,3.6,3.6,4.45,14.7,21.17,89,65,Pacitan,-8.1845,111.1014
2019-11-23,30.6,24.2,27.2,1.3,1.3,4.64,16.9,22.48,94,64,Pacitan,-8.1845,111.1014
2019-11-24,29.5,24.9,26.6,13.5,13.5,3.44,13.5,17.55,96,78,Pacitan,-8.1845,111.1014
2019-11-25,30.2,25.1,27.1,2.9,2.9,4.48,12.3,22.38,96,72,Pacitan,-8.1845,111.1014
2019-11-26,30.4,24.0,27.0,0.2,0.2,4.89,12.7,24.18,95,66,Pacitan,-8.1845,111.1014
2019-11-27,29.8,24.3,27.3,0.5,0.5,4.43,12.7,21.09,91,64,Pacitan,-8.1845,111.1014
2019-11-28,31.2,23.8,27.7,2.0,2.0,4.9,13.5,22.96,88,62,Pacitan,-8.1845,111.1014
2019-11-29,31.1,25.3,27.9,1.5,1.5,4.79,18.8,22.42,91,67,Pacitan,-8.1845,111.1014
2019-11-30,30.8,25.3,27.5,4.8,4.8,4.13,14.8,19.68,94,69,Pacitan,-8.1845,111.1014
2019-12-01,30.0,25.0,27.3,1.9,1.9,3.59,13.8,17.37,96,76,Pacitan,-8.1845,111.1014
2019-12-02,31.4,25.3,27.8,1.6,1.6,4.61,12.7,22.35,97,68,Pacitan,-8.1845,111.1014
2019-12-03,31.6,25.0,27.7,0.4,0.4,4.87,15.3,23.88,97,63,Pacitan,-8.1845,111.1014
2019-12-04,30.9,25.4,27.8,1.2,1.2,4.48,13.1,21.45,95,66,Pacitan,-8.1845,111.1014
2019-12-05,31.3,24.6,27.9,0.6,0.6,4.93,12.7,23.62,93,61,Pacitan,-8.1845,111.1014
2019-12-06,31.3,25.2,27.8,13.1,13.1,4.36,12.6,20.84,94,61,Pacitan,-8.1845,111.1014
2019-12-07,30.3,24.7,27.2,12.1,12.1,4.01,12.3,19.91,98,72,Pacitan,-8.1845,111.1014
2019-12-08,30.6,25.1,27.6,5.5,5.5,4.72,13.7,23.38,98,71,Pacitan,-8.1845,111.1014
2019-12-09,30.8,26.0,27.7,4.8,4.8,4.07,13.4,19.53,96,69,Pacitan,-8.1845,111.1014
2019-12-10,30.5,25.2,27.7,2.0,2.0,4.32,13.8,20.66,95,70,Pacitan,-8.1845,111.1014
2019-12-11,29.9,24.8,27.3,5.7,5.7,4.32,13.8,21.06,94,70,Pacitan,-8.1845,111.1014
2019-12-12,30.7,24.9,27.4,3.3,3.3,4.0,10.5,19.42,92,70,Pacitan,-8.1845,111.1014
2019-12-13,29.7,24.8,27.2,2.8,2.8,3.8,10.0,18.64,96,75,Pacitan,-8.1845,111.1014
2019-12-14,29.9,25.0,26.9,15.4,15.4,3.53,8.9,17.22,98,72,Pacitan,-8.1845,111.1014
2019-12-15,28.1,24.3,26.1,45.0,45.0,2.41,8.7,11.65,97,83,Pacitan,-8.1845,111.1014
2019-12-16,29.9,24.2,26.3,4.9,4.9,3.29,9.5,16.5,97,78,Pacitan,-8.1845,111.1014
2019-12-17,29.1,24.6,26.5,5.0,5.0,3.51,10.2,17.75,98,83,Pacitan,-8.1845,111.1014
2019-12-18,29.2,24.4,27.1,1.4,1.4,4.2,10.4,21.79,98,81,Pacitan,-8.1845,111.1014
2019-12-19,30.4,25.2,27.5,4.2,4.2,4.21,9.9,20.74,96,76,Pacitan,-8.1845,111.1014
2019-12-20,30.2,25.2,27.6,1.0,1.0,4.35,13.4,21.7,98,74,Pacitan,-8.1845,111.1014
2019-12-21,30.4,25.0,27.7,0.4,0.4,4.62,11.5,23.05,94,74,Pacitan,-8.1845,111.1014
2019-12-22,28.4,25.2,26.6,7.7,7.7,2.45,8.7,12.11,97,85,Pacitan,-8.1845,111.1014
2019-12-23,28.8,25.1,26.6,5.5,5.5,3.6,11.0,18.36,97,82,Pacitan,-8.1845,111.1014
2019-12-24,29.8,24.7,27.4,4.1,4.1,4.39,8.6,21.99,96,75,Pacitan,-8.1845,111.1014
2019-12-25,29.8,24.9,27.0,9.1,9.1,3.69,9.0,18.43,96,76,Pacitan,-8.1845,111.1014
2019-12-26,28.8,25.0,26.9,7.6,7.6,3.43,10.9,17.19,94,81,Pacitan,-8.1845,111.1014
2019-12-27,29.7,24.9,26.9,4.6,4.6,3.72,10.6,18.75,96,79,Pacitan,-8.1845,111.1014
2019-12-28,30.1,24.4,26.9,10.4,10.4,3.51,9.2,17.38,97,75,Pacitan,-8.1845,111.1014
2019-12-29,31.3,24.7,27.1,10.6,10.6,3.82,10.6,18.82,95,67,Pacitan,-8.1845,111.1014
2019-12-30,30.8,24.7,27.6,1.9,1.9,4.29,9.2,20.94,97,72,Pacitan,-8.1845,111.1014
2019-12-31,29.0,25.6,27.0,7.9,7.9,3.12,9.6,15.46,97,83,Pacitan,-8.1845,111.1014
2020-01-01,29.6,25.0,26.6,10.9,10.9,2.41,17.1,11.29,95,75,Pacitan,-8.1845,111.1014
2020-01-02,30.0,24.5,27.0,6.2,6.2,4.24,14.8,20.57,93,69,Pacitan,-8.1845,111.1014
2020-01-03,29.8,25.3,26.7,14.2,14.2,3.42,21.6,17.56,94,78,Pacitan,-8.1845,111.1014
2020-01-04,27.5,25.1,25.8,13.2,13.2,1.53,20.2,7.17,95,85,Pacitan,-8.1845,111.1014
2020-01-05,28.5,25.2,26.4,11.8,11.8,2.65,19.4,13.71,95,83,Pacitan,-8.1845,111.1014
2020-01-06,29.1,24.6,26.2,22.6,22.6,3.02,15.0,15.36,94,80,Pacitan,-8.1845,111.1014
2020-01-07,28.4,24.8,26.1,11.4,11.4,2.55,13.6,12.64,95,81,Pacitan,-8.1845,111.1014
2020-01-08,28.2,24.5,26.2,9.3,9.3,3.21,15.7,16.62,94,80,Pacitan,-8.1845,111.1014
2020-01-09,28.7,23.8,26.1,5.2,5.2,3.74,10.0,19.45,96,83,Pacitan,-8.1845,111.1014
2020-01-10,28.1,25.2,26.0,12.3,12.3,3.0,14.8,15.58,97,82,Pacitan,-8.1845,111.1014
2020-01-11,28.3,24.6,26.0,9.8,9.8,2.43,15.7,12.07,93,82,Pacitan,-8.1845,111.1014
2020-01-12,29.9,24.6,26.9,6.3,6.3,4.24,21.2,20.46,92,69,Pacitan,-8.1845,111.1014
2020-01-13,30.3,25.0,27.2,3.0,3.0,4.66,19.9,23.57,94,69,Pacitan,-8.1845,111.1014
2020-01-14,31.0,25.2,27.7,0.9,0.9,5.07,17.1,24.58,91,66,Pacitan,-8.1845,111.1014
2020-01-15,30.1,25.0,26.9,4.6,4.6,3.97,9.2,19.7,96,70,Pacitan,-8.1845,111.1014
2020-01-16,29.5,24.8,27.0,1.9,1.9,4.32,10.4,22.03,96,79,Pacitan,-8.1845,111.1014
2020-01-17,29.8,24.5,26.9,0.0,0.0,5.07,10.2,25.75,94,74,Pacitan,-8.1845,111.1014
2020-01-18,30.0,24.2,27.1,0.1,0.1,5.18,10.4,26.18,91,72,Pacitan,-8.1845,111.1014
2020-01-19,29.9,24.7,27.2,0.3,0.3,5.0,9.7,25.11,91,71,Pacitan,-8.1845,111.1014
2020-01-20,30.1,24.3,27.4,0.5,0.5,4.86,9.7,24.34,90,72,Pacitan,-8.1845,111.1014
2020-01-21,29.7,24.7,27.3,4.7,4.7,4.34,9.7,21.89,97,72,Pacitan,-8.1845,111.1014
2020-01-22,30.4,24.9,27.5,4.9,4.9,4.41,8.7,22.03,98,77,Pacitan,-8.1845,111.1014
2020-01-23,30.2,25.1,27.5,2.4,2.4,4.3,12.0,21.55,98,76,Pacitan,-8.1845,111.1014
2020-01-24,30.6,24.6,27.4,1.1,1.1,4.65,9.8,23.48,97,76,Pacitan,-8.1845,111.1014
2020-01-25,29.8,25.1,27.3,2.9,2.9,4.24,12.7,21.63,96,77,Pacitan,-8.1845,111.1014
2020-01-26,30.1,24.8,27.3,7.6,7.6,4.13,13.3,20.45,97,74,Pacitan,-8.1845,111.1014
2020-01-27,29.7,25.3,27.2,12.7,12.7,3.58,10.2,17.85,99,78,Pacitan,-8.1845,111.1014
2020-01-28,29.6,24.9,27.5,6.0,6.0,4.16,8.6,20.93,97,78,Pacitan,-8.1845,111.1014
2020-01-29,30.7,25.0,27.4,14.8,14.8,3.43,8.3,16.76,97,77,Pacitan,-8.1845,111.1014
2020-01-30,29.2,24.8,26.5,29.5,29.5,2.13,20.3,10.35,95,78,Pacitan,-8.1845,111.1014
2020-01-31,30.5,24.5,27.0,7.1,7.1,3.37,9.3,15.69,96,68,Pacitan,-8.1845,111.1014
2020-02-01,29.9,24.2,26.9,12.3,12.3,3.57,9.2,17.28,97,73,Pacitan,-8.1845,111.1014
2020-02-02,29.4,24.6,26.7,10.2,10.2,3.14,7.9,15.45,99,77,Pacitan,-8.1845,111.1014
2020-02-03,29.0,24.9,26.6,8.6,8.6,3.51,11.8,17.81,98,82,Pacitan,-8.1845,111.1014
2020-02-04,29.9,24.2,27.2,4.0,4.0,4.66,12.3,23.61,96,73,Pacitan,-8.1845,111.1014
2020-02-05,29.1,25.2,26.9,3.5,3.5,3.95,11.2,20.54,97,82,Pacitan,-8.1845,111.1014
2020-02-06,29.8,25.3,27.1,4.3,4.3,3.77,15.1,19.12,95,76,Pacitan,-8.1845,111.1014
2020-02-07,30.6,25.6,27.3,4.3,4.3,3.39,13.5,16.42,94,76,Pacitan,-8.1845,111.1014
2020-02-08,31.0,25.4,27.7,1.3,1.3,3.68,13.3,16.39,89,65,Pacitan,-8.1845,111.1014
2020-02-09,26.6,24.8,25.6,24.3,24.3,1.34,14.7,6.02,97,87,Pacitan,-8.1845,111.1014
2020-02-10,29.3,24.8,26.5,10.8,10.8,3.04,17.9,14.5,94,74,Pacitan,-8.1845,111.1014
2020-02-11,30.0,24.7,26.8,4.9,4.9,3.15,12.7,14.91,94,74,Pacitan,-8.1845,111.1014
2020-02-12,28.9,24.6,26.6,7.3,7.3,2.84,6.9,13.87,96,78,Pacitan,-8.1845,111.1014
2020-02-13,30.1,24.3,27.0,12.2,12.2,3.82,9.8,18.86,95,72,Pacitan,-8.1845,111.1014
2020-02-14,29.5,24.3,26.7,10.7,10.7,3.74,12.3,18.54,96,80,Pacitan,-8.1845,111.1014
2020-02-15,29.1,25.1,26.6,10.5,10.5,3.23,12.7,16.47,96,82,Pacitan,-8.1845,111.1014
2020-02-16,29.6,25.0,26.8,7.2,7.2,3.53,10.6,17.59,96,79,Pacitan,-8.1845,111.1014
2020-02-17,29.8,25.1,26.8,13.8,13.8,3.11,14.1,15.21,95,77,Pacitan,-8.1845,111.1014
2020-02-18,29.5,25.1,26.6,6.6,6.6,3.61,15.3,18.1,92,76,Pacitan,-8.1845,111.1014
2020-02-19,28.8,24.8,26.2,9.0,9.0,2.3,19.5,11.01,91,76,Pacitan,-8.1845,111.1014
2020-02-20,27.9,24.7,25.9,18.9,18.9,1.61,12.6,6.75,95,77,Pacitan,-8.1845,111.1014
2020-02-21,30.7,24.7,26.8,24.5,24.5,3.97,13.8,19.83,95,72,Pacitan,-8.1845,111.1014
2020-02-22,30.2,24.7,27.1,5.0,5.0,4.25,12.8,21.59,96,75,Pacitan,-8.1845,111.1014
2020-02-23,30.4,25.0,27.3,3.9,3.9,4.62,13.5,23.39,96,70,Pacitan,-8.1845,111.1014
2020-02-24,30.3,24.6,27.2,22.4,22.4,3.98,11.2,19.79,95,74,Pacitan,-8.1845,111.1014
2020-02-25,29.8,25.6,26.9,13.6,13.6,3.21,13.5,16.14,94,76,Pacitan,-8.1845,111.1014
2020-02-26,29.8,25.4,27.2,11.4,11.4,3.32,11.0,16.46,93,81,Pacitan,-8.1845,111.1014
2020-02-27,31.1,25.2,27.7,5.8,5.8,4.17,12.9,20.15,93,70,Pacitan,-8.1845,111.1014
2020-02-28,30.0,25.4,27.2,6.9,6.9,3.79,13.3,19.18,93,81,Pacitan,-8.1845,111.1014
2020-02-29,29.1,25.5,27.0,8.4,8.4,3.15,13.2,15.96,95,84,Pacitan,-8.1845,111.1014
2020-03-01,28.4,25.2,26.7,15.2,15.2,2.28,11.3,11.33,95,85,Pacitan,-8.1845,111.1014
2020-03-02,30.5,25.8,27.5,5.6,5.6,4.13,10.7,20.33,96,70,Pacitan,-8.1845,111.1014
2020-03-03,29.7,25.1,27.0,8.6,8.6,3.03,10.9,15.22,97,81,Pacitan,-8.1845,111.1014
2020-03-04,28.6,25.3,26.4,18.4,18.4,3.17,18.6,16.82,96,84,Pacitan,-8.1845,111.1014
2020-03-05,27.9,24.6,26.1,12.0,12.0,1.98,19.8,8.66,94,74,Pacitan,-8.1845,111.1014
2020-03-06,29.7,24.9,26.8,5.5,5.5,3.89,14.9,19.4,94,74,Pacitan,-8.1845,111.1014
2020-03-07,29.3,24.6,26.3,17.1,17.1,2.99,15.3,15.08,95,80,Pacitan,-8.1845,111.1014
2020-03-08,28.1,24.5,26.0,26.3,26.3,2.09,16.4,9.59,94,81,Pacitan,-8.1845,111.1014
2020-03-09,27.6,24.8,25.8,39.4,39.4,1.96,19.9,9.86,98,88,Pacitan,-8.1845,111.1014
2020-03-10,29.8,25.2,27.3,4.3,4.3,3.7,16.8,17.94,94,73,Pacitan,-8.1845,111.1014
2020-03-11,30.8,25.2,26.7,51.2,51.2,2.94,15.0,14.36,96,74,Pacitan,-8.1845,111.1014
2020-03-12,30.5,24.8,27.3,6.8,6.8,4.17,9.2,20.11,97,74,Pacitan,-8.1845,111.1014
2020-03-13,29.8,24.6,26.8,4.7,4.7,3.44,10.6,17.59,97,81,Pacitan,-8.1845,111.1014
2020-03-14,30.8,24.3,27.7,0.3,0.3,4.79,8.0,23.41,96,71,Pacitan,-8.1845,111.1014
2020-03-15,30.9,25.3,27.8,2.0,2.0,4.23,8.7,20.79,96,72,Pacitan,-8.1845,111.1014
2020-03-16,30.6,24.7,27.6,0.0,0.0,4.92,12.2,24.59,91,71,Pacitan,-8.1845,111.1014
2020-03-17,29.9,25.1,27.3,1.9,1.9,4.28,12.8,21.73,97,78,Pacitan,-8.1845,111.1014
2020-03-18,29.7,24.9,27.0,18.7,18.7,3.67,8.5,18.33,96,79,Pacitan,-8.1845,111.1014
2020-03-19,29.2,25.3,26.6,14.5,14.5,2.75,8.8,13.54,97,79,Pacitan,-8.1845,111.1014
2020-03-20,29.3,24.2,26.7,11.7,11.7,3.8,9.1,18.99,96,79,Pacitan,-8.1845,111.1014
2020-03-21,29.5,25.1,27.1,7.6,7.6,4.11,7.3,20.5,98,76,Pacitan,-8.1845,111.1014
2020-03-22,30.1,25.3,27.3,21.7,21.7,4.07,6.6,19.93,96,79,Pacitan,-8.1845,111.1014
2020-03-23,29.0,24.7,26.3,12.4,12.4,2.68,8.8,13.26,98,81,Pacitan,-8.1845,111.1014
2020-03-24,30.6,24.4,26.7,15.0,15.0,3.97,8.8,19.67,97,68,Pacitan,-8.1845,111.1014
2020-03-25,29.4,24.4,27.0,2.6,2.6,4.22,9.7,21.37,98,77,Pacitan,-8.1845,111.1014
2020-03-26,30.4,25.0,27.4,1.0,1.0,4.5,16.7,23.07,95,73,Pacitan,-8.1845,111.1014
2020-03-27,29.8,24.7,27.0,4.8,4.8,3.8,11.3,19.48,95,83,Pacitan,-8.1845,111.1014
2020-03-28,28.4,25.1,26.7,17.8,17.8,2.4,5.5,11.66,98,84,Pacitan,-8.1845,111.1014
2020-03-29,30.2,24.9,27.0,12.7,12.7,3.91,10.8,20.01,98,78,Pacitan,-8.1845,111.1014
2020-03-30,29.1,24.9,27.0,4.7,4.7,3.15,11.0,16.02,97,83,Pacitan,-8.1845,111.1014
2020-03-31,28.8,25.1,26.7,4.8,4.8,3.28,9.9,16.98,96,88,Pacitan,-8.1845,111.1014
2020-04-01,29.3,24.4,26.8,3.0,3.0,3.28,10.1,16.45,96,76,Pacitan,-8.1845,111.1014
2020-04-02,29.0,24.6,26.9,12.4,12.4,3.51,9.1,17.84,96,77,Pacitan,-8.1845,111.1014
2020-04-03,29.0,25.2,26.9,15.6,15.6,3.33,10.7,16.64,99,79,Pacitan,-8.1845,111.1014
2020-04-04,29.3,24.4,26.9,5.7,5.7,3.2,7.3,16.11,98,83,Pacitan,-8.1845,111.1014
2020-04-05,29.2,24.7,26.9,7.6,7.6,2.95,10.2,14.77,97,81,Pacitan,-8.1845,111.1014
2020-04-06,28.6,25.5,26.8,4.7,4.7,2.74,12.0,13.74,97,87,Pacitan,-8.1845,111.1014
2020-04-07,28.7,24.8,26.6,8.5,8.5,3.54,10.5,18.22,97,84,Pacitan,-8.1845,111.1014
2020-04-08,29.6,24.6,27.0,4.3,4.3,4.03,11.0,20.59,96,75,Pacitan,-8.1845,111.1014
2020-04-09,30.5,24.7,27.5,0.0,0.0,4.84,11.8,24.34,94,72,Pacitan,-8.1845,111.1014
2020-04-10,30.3,24.7,27.4,4.1,4.1,4.24,15.1,21.46,94,74,Pacitan,-8.1845,111.1014
2020-04-11,29.1,25.2,26.8,4.2,4.2,3.92,13.0,20.35,95,79,Pacitan,-8.1845,111.1014
2020-04-12,29.4,24.8,26.8,1.8,1.8,4.34,12.8,21.93,96,75,Pacitan,-8.1845,111.1014
2020-04-13,30.4,23.3,26.7,0.1,0.1,4.63,9.1,23.16,91,65,Pacitan,-8.1845,111.1014
2020-04-14,29.7,23.8,27.1,1.5,1.5,4.41,9.7,22.32,93,73,Pacitan,-8.1845,111.1014
2020-04-15,29.0,24.8,26.8,6.7,6.7,3.44,7.8,17.43,95,81,Pacitan,-8.1845,111.1014
2020-04-16,30.2,24.5,27.4,1.0,1.0,4.16,8.6,20.63,95,76,Pacitan,-8.1845,111.1014
2020-04-17,29.2,25.2,26.8,9.5,9.5,2.87,13.4,14.45,97,83,Pacitan,-8.1845,111.1014
2020-04-18,30.5,24.3,27.1,12.7,12.7,4.05,7.4,19.87,96,72,Pacitan,-8.1845,111.1014
2020-04-19,30.1,25.2,27.3,7.3,7.3,3.45,6.8,16.6,95,74,Pacitan,-8.1845,111.1014
2020-04-20,29.6,25.4,27.4,1.9,1.9,3.4,6.1,16.83,96,82,Pacitan,-8.1845,111.1014
2020-04-21,29.6,24.9,27.4,3.4,3.4,3.47,10.5,17.4,96,79,Pacitan,-8.1845,111.1014
2020-04-22,30.1,24.7,27.6,0.9,0.9,4.15,9.5,20.66,94,76,Pacitan,-8.1845,111.1014
2020-04-23,30.9,25.9,28.0,1.5,1.5,4.1,15.5,20.38,91,73,Pacitan,-8.1845,111.1014
2020-04-24,30.1,25.0,27.8,0.5,0.5,4.02,14.8,19.62,89,74,Pacitan,-8.1845,111.1014
2020-04-25,30.1,25.3,27.7,0.2,0.2,3.74,16.7,18.58,94,76,Pacitan,-8.1845,111.1014
2020-04-26,29.4,26.0,27.3,7.0,7.0,2.84,19.3,14.17,93,80,Pacitan,-8.1845,111.1014
2020-04-27,29.7,25.7,27.1,2.9,2.9,3.58,16.6,18.32,95,74,Pacitan,-8.1845,111.1014
2020-04-28,28.3,24.7,26.3,6.1,6.1,2.77,15.1,14.46,96,85,Pacitan,-8.1845,111.1014
2020-04-29,30.0,24.2,27.1,1.6,1.6,4.04,14.2,19.72,90,70,Pacitan,-8.1845,111.1014
2020-04-30,29.9,25.2,27.3,2.5,2.5,3.94,17.6,19.51,93,72,Pacitan,-8.1845,111.1014
2020-05-01,29.3,25.3,27.2,0.7,0.7,3.86,17.9,19.03,90,74,Pacitan,-8.1845,111.1014
2020-05-02,29.9,24.9,27.3,0.1,0.1,4.21,16.1,20.87,90,72,Pacitan,-8.1845,111.1014
2020-05-03,30.7,23.9,27.2,0.5,0.5,3.98,14.3,19.53,91,65,Pacitan,-8.1845,111.1014
2020-05-04,30.8,24.7,27.6,2.6,2.6,4.0,16.0,19.96,95,70,Pacitan,-8.1845,111.1014
2020-05-05,30.2,24.5,27.4,1.2,1.2,3.76,14.7,18.68,94,72,Pacitan,-8.1845,111.1014
2020-05-06,29.7,25.1,27.2,0.3,0.3,3.76,19.0,18.81,93,75,Pacitan,-8.1845,111.1014
2020-05-07,30.0,25.1,27.3,0.3,0.3,3.84,17.1,19.28,94,74,Pacitan,-8.1845,111.1014
2020-05-08,30.4,24.9,27.6,0.6,0.6,3.95,15.0,19.8,96,74,Pacitan,-8.1845,111.1014
2020-05-09,29.9,25.1,27.2,3.1,3.1,3.3,12.0,16.22,97,77,Pacitan,-8.1845,111.1014
2020-05-10,30.7,24.9,27.3,6.5,6.5,4.0,14.8,19.83,94,71,Pacitan,-8.1845,111.1014
2020-05-11,28.5,25.3,26.8,13.1,13.1,2.28,11.5,10.85,97,82,Pacitan,-8.1845,111.1014
2020-05-12,30.0,25.6,27.3,0.3,0.3,4.25,19.2,20.55,91,72,Pacitan,-8.1845,111.1014
2020-05-13,29.7,25.1,27.2,0.2,0.2,4.22,22.1,20.48,95,72,Pacitan,-8.1845,111.1014
2020-05-14,29.1,25.0,26.9,0.7,0.7,4.01,24.1,19.12,90,74,Pacitan,-8.1845,111.1014
2020-05-15,29.4,25.6,27.0,2.6,2.6,3.59,22.3,17.33,93,74,Pacitan,-8.1845,111.1014
2020-05-16,29.7,25.6,27.2,0.7,0.7,3.58,23.0,16.78,92,74,Pacitan,-8.1845,111.1014
2020-05-17,29.0,25.7,27.0,5.2,5.2,3.23,22.9,16.59,94,79,Pacitan,-8.1845,111.1014
2020-05-18,29.0,25.6,26.9,7.1,7.1,2.81,19.3,13.94,95,79,Pacitan,-8.1845,111.1014
2020-05-19,29.0,25.1,26.6,7.0,7.0,2.35,16.1,11.5,97,80,Pacitan,-8.1845,111.1014
2020-05-20,30.4,25.0,27.1,7.0,7.0,3.63,10.6,18.5,97,77,Pacitan,-8.1845,111.1014
2020-05-21,29.9,25.4,27.1,0.6,0.6,3.11,16.0,14.72,94,70,Pacitan,-8.1845,111.1014
2020-05-22,30.7,25.3,27.8,0.0,0.0,4.21,7.1,20.56,91,65,Pacitan,-8.1845,111.1014
2020-05-23,31.2,25.0,27.9,0.0,0.0,4.35,8.3,21.07,89,65,Pacitan,-8.1845,111.1014
2020-05-24,30.9,24.9,27.7,0.0,0.0,4.14,9.3,20.43,93,72,Pacitan,-8.1845,111.1014
2020-05-25,29.8,24.9,27.2,7.3,7.3,3.66,12.7,18.59,95,73,Pacitan,-8.1845,111.1014
2020-05-26,27.7,25.4,26.2,29.0,29.0,1.27,10.8,6.04,97,86,Pacitan,-8.1845,111.1014
2020-05-27,27.7,25.4,26.4,6.0,6.0,2.13,13.0,10.44,96,81,Pacitan,-8.1845,111.1014
2020-05-28,28.5,24.5,25.9,52.4,52.4,2.08,11.2,10.52,98,86,Pacitan,-8.1845,111.1014
2020-05-29,29.6,24.7,26.6,4.8,4.8,3.49,11.6,17.74,95,77,Pacitan,-8.1845,111.1014
2020-05-30,28.4,24.5,26.3,14.0,14.0,2.84,13.7,15.28,96,81,Pacitan,-8.1845,111.1014
2020-05-31,28.7,25.3,26.3,55.6,55.6,2.2,10.0,11.01,97,80,Pacitan,-8.1845,111.1014
2020-06-01,28.4,25.0,26.4,3.0,3.0,2.22,16.4,11.16,95,81,Pacitan,-8.1845,111.1014
2020-06-02,28.7,25.0,26.3,6.3,6.3,2.48,15.5,12.9,96,77,Pacitan,-8.1845,111.1014
2020-06-03,29.3,24.3,26.7,2.6,2.6,3.16,13.5,16.71,96,82,Pacitan,-8.1845,111.1014
2020-06-04,28.5,25.4,26.6,0.7,0.7,3.54,24.0,17.55,89,77,Pacitan,-8.1845,111.1014
2020-06-05,27.2,24.3,25.8,3.3,3.3,2.78,20.0,14.17,92,84,Pacitan,-8.1845,111.1014
2020-06-06,27.6,24.3,25.6,5.6,5.6,2.55,17.3,13.28,94,84,Pacitan,-8.1845,111.1014
2020-06-07,28.0,24.4,26.1,4.6,4.6,3.06,19.0,15.4,92,78,Pacitan,-8.1845,111.1014
2020-06-08,27.9,24.3,26.1,0.5,0.5,3.2,17.7,16.19,91,79,Pacitan,-8.1845,111.1014
2020-06-09,27.9,23.7,25.8,1.3,1.3,3.21,18.0,15.83,94,76,Pacitan,-8.1845,111.1014
2020-06-10,28.5,24.1,26.0,0.0,0.0,3.75,17.8,19.0,89,74,Pacitan,-8.1845,111.1014
2020-06-11,28.2,23.2,25.9,0.6,0.6,3.45,17.6,17.62,92,76,Pacitan,-8.1845,111.1014
2020-06-12,28.7,22.8,25.8,0.0,0.0,3.94,11.5,20.33,94,72,Pacitan,-8.1845,111.1014
2020-06-13,28.7,23.9,26.1,0.8,0.8,3.37,18.2,17.34,94,75,Pacitan,-8.1845,111.1014
2020-06-14,27.4,24.8,25.8,20.6,20.6,1.56,15.3,7.76,94,85,Pacitan,-8.1845,111.1014
2020-06-15,28.2,24.8,26.2,8.1,8.1,2.66,16.2,14.52,96,87,Pacitan,-8.1845,111.1014
2020-06-16,28.9,25.0,26.7,0.2,0.2,3.46,21.4,17.92,97,76,Pacitan,-8.1845,111.1014
2020-06-17,28.2,24.7,26.2,1.2,1.2,3.1,20.2,16.53,94,82,Pacitan,-8.1845,111.1014
2020-06-18,28.2,24.7,26.1,1.7,1.7,3.19,21.5,16.95,95,80,Pacitan,-8.1845,111.1014
2020-06-19,27.4,24.5,26.0,1.4,1.4,2.92,24.3,13.64,96,76,Pacitan,-8.1845,111.1014
2020-06-20,28.0,25.1,26.2,0.5,0.5,3.4,21.4,16.04,90,77,Pacitan,-8.1845,111.1014
2020-06-21,28.2,24.6,26.2,1.7,1.7,3.29,21.4,16.37,91,78,Pacitan,-8.1845,111.1014
2020-06-22,28.1,24.4,26.2,0.8,0.8,3.23,22.7,15.62,93,76,Pacitan,-8.1845,111.1014
2020-06-23,27.9,24.8,26.0,0.2,0.2,3.18,21.5,15.71,91,73,Pacitan,-8.1845,111.1014
2020-06-24,27.6,24.2,25.6,1.8,1.8,3.23,22.4,16.46,91,76,Pacitan,-8.1845,111.1014
2020-06-25,28.7,23.4,25.6,0.0,0.0,4.02,21.1,20.21,89,68,Pacitan,-8.1845,111.1014
2020-06-26,28.1,22.1,25.1,0.3,0.3,3.34,18.4,17.18,92,73,Pacitan,-8.1845,111.1014
2020-06-27,28.0,22.9,25.1,0.0,0.0,3.54,17.8,18.75,93,73,Pacitan,-8.1845,111.1014
2020-06-28,28.2,22.9,25.5,0.0,0.0,3.6,17.9,18.78,93,74,Pacitan,-8.1845,111.1014
2020-06-29,27.6,24.1,25.6,0.4,0.4,3.31,20.5,16.95,93,77,Pacitan,-8.1845,111.1014
2020-06-30,27.9,23.8,25.6,0.0,0.0,3.51,21.6,17.27,91,73,Pacitan,-8.1845,111.1014
2020-07-01,27.7,23.7,25.4,1.9,1.9,3.09,22.1,15.36,92,76,Pacitan,-8.1845,111.1014
2020-07-02,28.1,24.1,25.7,0.2,0.2,3.37,21.8,16.98,94,74,Pacitan,-8.1845,111.1014
2020-07-03,27.6,23.8,25.3,0.1,0.1,3.26,23.8,15.65,93,68,Pacitan,-8.1845,111.1014
2020-07-04,28.4,23.1,25.3,0.0,0.0,3.79,20.8,19.27,93,67,Pacitan,-8.1845,111.1014
2020-07-05,28.4,21.7,25.1,0.5,0.5,3.56,16.8,18.14,94,71,Pacitan,-8.1845,111.1014
2020-07-06,28.5,23.8,25.6,1.3,1.3,3.21,21.7,16.19,93,74,Pacitan,-8.1845,111.1014
2020-07-07,26.2,24.2,25.1,2.3,2.3,1.48,23.0,6.13,94,85,Pacitan,-8.1845,111.1014
2020-07-08,27.4,23.8,25.3,0.5,0.5,3.23,22.2,17.04,95,75,Pacitan,-8.1845,111.1014
2020-07-09,27.6,23.7,25.2,1.5,1.5,2.98,22.4,14.93,93,76,Pacitan,-8.1845,111.1014
2020-07-10,27.6,23.7,25.3,0.3,0.3,3.13,23.1,15.39,93,74,Pacitan,-8.1845,111.1014
2020-07-11,27.9,23.9,25.6,0.0,0.0,3.49,19.5,17.38,92,76,Pacitan,-8.1845,111.1014
2020-07-12,27.7,23.7,25.3,0.2,0.2,3.31,20.3,17.09,94,75,Pacitan,-8.1845,111.1014
2020-07-13,28.5,23.8,25.7,0.4,0.4,3.54,17.5,18.15,94,74,Pacitan,-8.1845,111.1014
2020-07-14,28.8,23.7,25.9,0.0,0.0,3.73,20.5,18.65,95,72,Pacitan,-8.1845,111.1014
2020-07-15,29.0,23.5,25.9,1.0,1.0,3.38,16.9,17.31,94,73,Pacitan,-8.1845,111.1014
2020-07-16,28.6,23.8,25.8,0.9,0.9,3.64,18.0,19.01,98,73,Pacitan,-8.1845,111.1014
2020-07-17,29.2,22.6,25.3,0.3,0.3,3.5,17.5,18.02,98,72,Pacitan,-8.1845,111.1014
2020-07-18,27.9,23.3,25.2,0.4,0.4,3.35,18.5,16.89,96,72,Pacitan,-8.1845,111.1014
2020-07-19,28.5,22.7,25.1,4.9,4.9,3.19,21.7,16.65,95,74,Pacitan,-8.1845,111.1014
2020-07-20,28.3,23.4,25.5,0.3,0.3,3.44,19.0,17.99,96,74,Pacitan,-8.1845,111.1014
2020-07-21,28.3,24.2,25.9,0.2,0.2,3.53,19.4,17.63,94,74,Pacitan,-8.1845,111.1014
2020-07-22,28.4,23.8,25.9,0.2,0.2,3.65,21.6,18.28,93,74,Pacitan,-8.1845,111.1014
2020-07-23,28.3,24.1,25.6,0.0,0.0,4.18,23.0,20.49,94,65,Pacitan,-8.1845,111.1014
2020-07-24,28.2,23.5,25.3,0.0,0.0,4.02,26.0,17.19,92,62,Pacitan,-8.1845,111.1014
2020-07-25,28.0,22.7,24.9,0.0,0.0,4.71,22.2,21.24,82,60,Pacitan,-8.1845,111.1014
2020-07-26,27.7,22.8,24.7,0.0,0.0,4.6,22.4,21.96,85,64,Pacitan,-8.1845,111.1014
2020-07-27,27.2,22.7,24.7,0.3,0.3,3.43,24.2,16.17,93,66,Pacitan,-8.1845,111.1014
2020-07-28,27.6,23.4,24.9,0.7,0.7,3.77,26.2,17.88,92,63,Pacitan,-8.1845,111.1014
2020-07-29,27.6,22.3,24.6,0.2,0.2,4.21,22.6,20.57,93,63,Pacitan,-8.1845,111.1014
2020-07-30,27.1,20.8,23.9,0.0,0.0,4.4,18.9,21.96,87,61,Pacitan,-8.1845,111.1014
2020-07-31,27.2,20.9,24.0,0.2,0.2,3.32,20.6,16.84,92,69,Pacitan,-8.1845,111.1014
2020-08-01,28.3,23.0,24.9,0.0,0.0,4.16,21.6,20.84,91,63,Pacitan,-8.1845,111.1014
2020-08-02,27.4,22.1,24.4,0.0,0.0,4.37,19.9,21.36,89,57,Pacitan,-8.1845,111.1014
2020-08-03,27.7,21.1,24.4,0.0,0.0,3.88,13.5,19.95,92,68,Pacitan,-8.1845,111.1014
2020-08-04,26.6,22.6,24.4,0.9,0.9,1.89,16.0,8.16,93,75,Pacitan,-8.1845,111.1014
2020-08-05,27.8,23.3,25.0,0.1,0.1,3.5,20.7,17.47,96,69,Pacitan,-8.1845,111.1014
2020-08-06,28.3,22.9,24.9,0.0,0.0,4.5,21.6,22.03,90,61,Pacitan,-8.1845,111.1014
2020-08-07,27.7,22.3,24.6,0.0,0.0,3.73,21.1,18.85,93,67,Pacitan,-8.1845,111.1014
2020-08-08,28.0,22.2,24.7,0.0,0.0,3.74,17.6,19.63,92,70,Pacitan,-8.1845,111.1014
2020-08-09,29.3,21.4,25.1,0.0,0.0,4.28,14.0,22.17,94,69,Pacitan,-8.1845,111.1014
2020-08-10,28.1,21.7,25.1,0.0,0.0,3.97,14.8,20.4,92,73,Pacitan,-8.1845,111.1014
2020-08-11,27.7,23.3,25.3,5.5,5.5,2.89,16.8,15.19,97,77,Pacitan,-8.1845,111.1014
2020-08-12,27.9,23.9,25.6,6.8,6.8,2.93,16.6,15.24,99,78,Pacitan,-8.1845,111.1014
2020-08-13,27.1,24.1,25.3,3.4,3.4,2.53,19.3,13.74,96,85,Pacitan,-8.1845,111.1014
2020-08-14,28.5,23.8,25.5,4.6,4.6,3.28,17.4,17.43,97,78,Pacitan,-8.1845,111.1014
2020-08-15,29.0,23.2,25.8,0.6,0.6,3.64,17.4,18.73,98,72,Pacitan,-8.1845,111.1014
2020-08-16,28.3,24.0,25.8,2.0,2.0,3.34,17.7,17.09,98,75,Pacitan,-8.1845,111.1014
2020-08-17,28.3,23.6,25.7,0.7,0.7,3.74,19.6,18.92,93,74,Pacitan,-8.1845,111.1014
2020-08-18,28.5,24.0,25.7,0.0,0.0,4.26,23.8,20.63,91,66,Pacitan,-8.1845,111.1014
2020-08-19,27.8,23.2,25.2,0.1,0.1,3.83,23.1,18.91,93,69,Pacitan,-8.1845,111.1014
2020-08-20,27.9,22.8,25.2,0.4,0.4,3.68,23.5,18.44,92,71,Pacitan,-8.1845,111.1014
2020-08-21,29.4,21.8,25.3,0.0,0.0,4.43,21.3,23.35,94,67,Pacitan,-8.1845,111.1014
2020-08-22,28.7,23.0,25.7,0.0,0.0,3.93,19.7,19.11,94,69,Pacitan,-8.1845,111.1014
2020-08-23,29.4,24.0,26.1,0.0,0.0,4.33,21.2,21.79,94,73,Pacitan,-8.1845,111.1014
2020-08-24,28.2,22.7,25.5,0.4,0.4,3.48,20.0,16.82,93,71,Pacitan,-8.1845,111.1014
2020-08-25,29.6,23.0,26.0,0.0,0.0,4.59,21.6,22.49,91,63,Pacitan,-8.1845,111.1014
2020-08-26,28.6,23.9,25.7,0.6,0.6,4.44,28.8,20.09,92,65,Pacitan,-8.1845,111.1014
2020-08-27,28.2,23.7,25.5,0.0,0.0,4.33,25.0,19.69,89,64,Pacitan,-8.1845,111.1014
2020-08-28,28.5,22.5,25.3,1.5,1.5,3.76,17.1,18.9,92,71,Pacitan,-8.1845,111.1014
2020-08-29,29.5,23.7,26.0,0.1,0.1,4.5,25.6,21.85,94,64,Pacitan,-8.1845,111.1014
2020-08-30,28.8,23.5,25.8,0.0,0.0,4.83,25.0,22.6,87,65,Pacitan,-8.1845,111.1014
2020-08-31,28.4,23.7,25.7,0.0,0.0,4.4,25.6,19.54,91,66,Pacitan,-8.1845,111.1014
2020-09-01,28.3,23.5,25.5,2.9,2.9,3.61,22.9,18.04,94,69,Pacitan,-8.1845,111.1014
2020-09-02,28.4,24.0,25.8,2.6,2.6,3.42,19.4,16.24,95,67,Pacitan,-8.1845,111.1014
2020-09-03,29.1,24.1,26.0,2.6,2.6,3.58,23.1,17.65,96,70,Pacitan,-8.1845,111.1014
2020-09-04,29.7,24.3,26.2,3.3,3.3,4.07,23.2,20.09,96,67,Pacitan,-8.1845,111.1014
2020-09-05,29.0,24.2,26.0,0.0,0.0,4.85,18.8,24.12,93,63,Pacitan,-8.1845,111.1014
2020-09-06,29.0,23.7,25.9,0.1,0.1,4.13,18.8,20.1,94,63,Pacitan,-8.1845,111.1014
2020-09-07,28.3,23.6,25.8,0.9,0.9,3.74,22.1,18.19,96,69,Pacitan,-8.1845,111.1014
2020-09-08,29.1,23.5,26.1,0.0,0.0,4.35,21.8,21.52,92,68,Pacitan,-8.1845,111.1014
2020-09-09,29.4,24.1,26.2,0.1,0.1,4.43,20.1,21.62,94,65,Pacitan,-8.1845,111.1014
2020-09-10,28.7,23.8,25.7,1.0,1.0,4.06,23.7,19.78,94,66,Pacitan,-8.1845,111.1014
2020-09-11,28.0,23.4,25.5,0.8,0.8,3.83,23.4,19.1,93,71,Pacitan,-8.1845,111.1014
2020-09-12,28.9,23.6,25.9,0.0,0.0,4.67,22.1,23.07,93,62,Pacitan,-8.1845,111.1014
2020-09-13,28.7,23.6,25.7,0.7,0.7,4.12,21.7,20.3,93,67,Pacitan,-8.1845,111.1014
2020-09-14,28.5,23.5,25.5,0.6,0.6,4.24,19.9,21.23,94,63,Pacitan,-8.1845,111.1014
2020-09-15,29.2,23.0,25.5,0.0,0.0,4.82,19.1,24.67,95,62,Pacitan,-8.1845,111.1014
2020-09-16,28.5,22.6,25.2,0.3,0.3,4.42,20.9,22.4,93,65,Pacitan,-8.1845,111.1014
2020-09-17,28.7,22.1,25.6,0.2,0.2,4.43,19.2,21.82,94,67,Pacitan,-8.1845,111.1014
2020-09-18,29.3,22.6,26.1,0.7,0.7,4.54,18.6,22.71,93,68,Pacitan,-8.1845,111.1014
2020-09-19,29.9,23.8,26.5,0.3,0.3,4.33,22.3,21.79,95,68,Pacitan,-8.1845,111.1014
2020-09-20,29.6,24.3,26.6,1.3,1.3,4.13,21.3,20.39,96,70,Pacitan,-8.1845,111.1014
2020-09-21,28.3,24.3,25.8,3.9,3.9,3.74,22.7,19.87,96,75,Pacitan,-8.1845,111.1014
2020-09-22,28.0,24.0,25.6,9.1,9.1,2.89,16.7,14.95,97,81,Pacitan,-8.1845,111.1014
2020-09-23,28.9,24.4,26.2,1.9,1.9,3.61,22.2,18.57,96,74,Pacitan,-8.1845,111.1014
2020-09-24,29.1,24.4,26.3,1.3,1.3,3.83,20.1,18.94,96,69,Pacitan,-8.1845,111.1014
2020-09-25,30.0,24.0,26.5,0.1,0.1,4.74,17.3,24.07,95,67,Pacitan,-8.1845,111.1014
2020-09-26,29.0,24.2,26.4,0.7,0.7,4.04,23.1,19.76,96,71,Pacitan,-8.1845,111.1014
2020-09-27,29.5,24.2,26.4,0.1,0.1,4.5,23.4,21.77,92,66,Pacitan,-8.1845,111.1014
2020-09-28,28.4,24.1,26.0,3.8,3.8,3.88,26.8,19.6,94,72,Pacitan,-8.1845,111.1014
2020-09-29,27.8,23.8,25.4,2.4,2.4,3.74,18.9,19.63,97,76,Pacitan,-8.1845,111.1014
2020-09-30,28.6,23.7,25.8,2.7,2.7,3.86,18.9,19.93,94,73,Pacitan,-8.1845,111.1014
2020-10-01,29.2,24.4,26.5,0.7,0.7,3.97,20.4,20.34,95,74,Pacitan,-8.1845,111.1014
2020-10-02,29.7,24.4,26.7,0.8,0.8,4.25,21.0,21.57,96,71,Pacitan,-8.1845,111.1014
2020-10-03,28.2,24.0,25.8,3.9,3.9,3.63,20.3,19.46,98,77,Pacitan,-8.1845,111.1014
2020-10-04,27.4,23.8,24.9,8.7,8.7,3.08,21.5,17.34,97,81,Pacitan,-8.1845,111.1014
2020-10-05,28.2,23.3,25.0,11.1,11.1,3.41,20.7,17.82,96,74,Pacitan,-8.1845,111.1014
2020-10-06,27.6,23.4,25.2,8.1,8.1,3.75,25.1,19.07,96,72,Pacitan,-8.1845,111.1014
2020-10-07,28.7,24.0,25.7,0.7,0.7,4.34,21.1,21.6,92,66,Pacitan,-8.1845,111.1014
2020-10-08,27.8,23.4,25.3,1.9,1.9,4.06,22.9,21.03,96,72,Pacitan,-8.1845,111.1014
2020-10-09,28.3,23.6,25.9,0.3,0.3,4.42,19.1,22.41,91,71,Pacitan,-8.1845,111.1014
2020-10-10,28.0,24.4,25.6,3.9,3.9,2.74,18.0,14.18,96,82,Pacitan,-8.1845,111.1014
2020-10-11,29.2,24.5,26.3,5.7,5.7,3.98,19.7,21.29,97,74,Pacitan,-8.1845,111.1014
2020-10-12,28.4,24.2,25.8,5.3,5.3,3.36,17.2,17.95,97,82,Pacitan,-8.1845,111.1014
2020-10-13,28.8,23.8,26.1,0.2,0.2,4.36,19.5,22.91,95,73,Pacitan,-8.1845,111.1014
2020-10-14,29.7,24.3,26.5,0.0,0.0,4.55,18.6,23.26,96,69,Pacitan,-8.1845,111.1014
2020-10-15,28.2,24.4,26.0,2.5,2.5,3.29,16.4,16.98,97,77,Pacitan,-8.1845,111.1014
2020-10-16,28.4,24.6,25.9,6.1,6.1,3.39,16.5,17.73,98,82,Pacitan,-8.1845,111.1014
2020-10-17,28.7,24.0,26.0,1.6,1.6,3.72,15.6,18.41,97,71,Pacitan,-8.1845,111.1014
2020-10-18,27.4,23.6,25.4,2.7,2.7,2.77,14.9,14.07,92,81,Pacitan,-8.1845,111.1014
2020-10-19,26.8,24.2,25.1,4.4,4.4,1.64,14.8,7.43,97,81,Pacitan,-8.1845,111.1014
2020-10-20,28.4,24.3,26.1,11.0,11.0,3.47,14.2,17.88,96,79,Pacitan,-8.1845,111.1014
2020-10-21,26.9,24.2,25.6,21.1,21.1,2.21,11.4,11.38,97,87,Pacitan,-8.1845,111.1014
2020-10-22,29.0,24.2,26.1,4.6,4.6,3.58,13.4,18.77,98,80,Pacitan,-8.1845,111.1014
2020-10-23,28.4,24.2,26.0,3.8,3.8,3.51,13.8,18.66,98,83,Pacitan,-8.1845,111.1014
2020-10-24,29.1,24.0,26.4,2.4,2.4,4.0,15.9,20.48,97,75,Pacitan,-8.1845,111.1014
2020-10-25,28.9,24.6,26.2,7.1,7.1,3.32,16.8,17.33,96,80,Pacitan,-8.1845,111.1014
2020-10-26,28.4,24.8,26.1,8.0,8.0,2.97,15.0,15.09,96,80,Pacitan,-8.1845,111.1014
2020-10-27,28.0,24.2,25.6,7.2,7.2,2.52,11.8,12.39,97,82,Pacitan,-8.1845,111.1014
2020-10-28,28.7,24.2,26.1,5.4,5.4,3.85,13.4,20.53,95,83,Pacitan,-8.1845,111.1014
2020-10-29,29.2,24.0,26.5,1.2,1.2,4.14,14.8,21.71,97,76,Pacitan,-8.1845,111.1014
2020-10-30,29.6,24.4,26.6,20.1,20.1,4.13,12.8,21.01,96,76,Pacitan,-8.1845,111.1014
2020-10-31,29.1,24.4,26.1,26.3,26.3,3.34,10.7,16.82,97,79,Pacitan,-8.1845,111.1014
2020-11-01,30.8,23.3,26.2,16.9,16.9,4.06,9.9,20.01,96,66,Pacitan,-8.1845,111.1014
2020-11-02,28.0,24.8,26.0,15.9,15.9,2.92,11.0,14.93,96,83,Pacitan,-8.1845,111.1014
2020-11-03,28.7,24.7,26.2,11.6,11.6,2.99,9.8,14.98,98,82,Pacitan,-8.1845,111.1014
2020-11-04,29.1,23.7,26.5,7.5,7.5,4.17,11.2,21.45,96,79,Pacitan,-8.1845,111.1014
2020-11-05,29.6,25.0,26.8,10.6,10.6,3.63,15.2,18.75,95,75,Pacitan,-8.1845,111.1014
2020-11-06,30.0,24.8,27.2,1.5,1.5,4.36,16.9,22.45,96,73,Pacitan,-8.1845,111.1014
2020-11-07,30.0,25.1,27.1,1.1,1.1,4.68,15.1,23.72,95,70,Pacitan,-8.1845,111.1014
2020-11-08,29.6,24.4,27.0,0.1,0.1,4.53,11.9,22.54,94,69,Pacitan,-8.1845,111.1014
2020-11-09,29.6,24.8,27.1,1.5,1.5,4.5,14.8,22.56,93,75,Pacitan,-8.1845,111.1014
2020-11-10,29.6,24.7,27.1,1.5,1.5,4.28,20.2,19.91,93,70,Pacitan,-8.1845,111.1014
2020-11-11,28.6,25.0,26.5,4.0,4.0,3.67,19.8,19.0,94,77,Pacitan,-8.1845,111.1014
2020-11-12,30.1,25.1,27.5,3.3,3.3,4.36,13.0,21.81,95,73,Pacitan,-8.1845,111.1014
2020-11-13,29.7,24.6,27.0,11.9,11.9,3.9,14.8,20.64,96,80,Pacitan,-8.1845,111.1014
2020-11-14,30.2,25.1,27.2,10.3,10.3,4.06,14.3,20.95,94,78,Pacitan,-8.1845,111.1014
2020-11-15,29.0,25.0,26.6,8.3,8.3,3.36,15.2,17.54,95,83,Pacitan,-8.1845,111.1014
2020-11-16,29.9,24.8,27.4,2.0,2.0,4.36,18.5,21.27,96,74,Pacitan,-8.1845,111.1014
2020-11-17,29.6,25.5,27.2,3.1,3.1,4.22,20.2,20.16,91,72,Pacitan,-8.1845,111.1014
2020-11-18,29.4,25.2,27.0,2.9,2.9,3.67,17.3,18.26,93,77,Pacitan,-8.1845,111.1014
2020-11-19,30.2,25.0,27.4,4.9,4.9,4.31,16.3,21.7,93,73,Pacitan,-8.1845,111.1014
2020-11-20,27.2,24.9,26.0,11.6,11.6,1.48,10.6,7.08,97,86,Pacitan,-8.1845,111.1014
2020-11-21,29.9,24.6,26.9,8.5,8.5,3.61,11.9,18.02,97,77,Pacitan,-8.1845,111.1014
2020-11-22,28.1,24.6,26.2,4.9,4.9,2.5,12.9,12.51,96,82,Pacitan,-8.1845,111.1014
2020-11-23,28.6,25.3,26.3,8.4,8.4,2.86,13.0,14.26,96,79,Pacitan,-8.1845,111.1014
2020-11-24,27.1,24.7,25.7,8.8,8.8,2.4,10.5,12.1,96,84,Pacitan,-8.1845,111.1014
2020-11-25,28.4,24.4,25.9,4.3,4.3,3.14,9.8,16.44,95,85,Pacitan,-8.1845,111.1014
2020-11-26,29.0,24.4,26.7,0.3,0.3,3.42,15.5,15.83,92,71,Pacitan,-8.1845,111.1014
2020-11-27,27.6,24.9,26.2,5.5,5.5,2.46,12.0,11.79,96,80,Pacitan,-8.1845,111.1014
2020-11-28,28.4,24.9,26.1,16.1,16.1,2.54,11.6,12.6,96,86,Pacitan,-8.1845,111.1014
2020-11-29,26.1,24.2,24.8,69.3,69.3,0.75,15.6,2.74,96,89,Pacitan,-8.1845,111.1014
2020-11-30,26.9,24.0,25.1,7.2,7.2,2.23,12.0,10.62,95,77,Pacitan,-8.1845,111.1014
2020-12-01,29.1,23.9,26.6,0.0,0.0,4.6,9.2,23.17,92,71,Pacitan,-8.1845,111.1014
2020-12-02,28.9,24.8,26.5,3.0,3.0,3.03,8.5,14.78,96,74,Pacitan,-8.1845,111.1014
2020-12-03,28.3,24.6,25.9,19.4,19.4,2.06,10.8,10.31,97,82,Pacitan,-8.1845,111.1014
2020-12-04,29.2,24.7,26.4,8.7,8.7,3.6,10.2,17.9,96,76,Pacitan,-8.1845,111.1014
2020-12-05,28.9,24.7,26.4,18.8,18.8,2.86,6.9,13.85,96,78,Pacitan,-8.1845,111.1014
2020-12-06,29.8,24.3,27.2,2.3,2.3,3.14,15.9,13.93,96,70,Pacitan,-8.1845,111.1014
2020-12-07,29.7,25.4,26.6,11.6,11.6,2.5,15.1,10.72,91,71,Pacitan,-8.1845,111.1014
2020-12-08,31.6,24.8,27.6,6.8,6.8,4.99,15.1,23.46,89,63,Pacitan,-8.1845,111.1014
2020-12-09,30.8,25.2,27.2,5.9,5.9,4.52,17.7,20.51,90,61,Pacitan,-8.1845,111.1014
2020-12-10,29.0,25.1,26.9,5.6,5.6,3.29,19.2,15.65,93,73,Pacitan,-8.1845,111.1014
2020-12-11,28.7,25.0,26.1,12.5,12.5,2.34,13.6,11.57,93,80,Pacitan,-8.1845,111.1014
2020-12-12,26.7,24.6,25.5,25.1,25.1,1.34,10.4,6.0,94,87,Pacitan,-8.1845,111.1014
2020-12-13,28.9,24.2,26.0,13.3,13.3,2.64,12.8,12.56,95,73,Pacitan,-8.1845,111.1014
2020-12-14,28.0,24.0,25.5,55.2,55.2,2.23,8.4,10.81,96,86,Pacitan,-8.1845,111.1014
2020-12-15,27.3,24.0,25.7,7.7,7.7,2.58,9.1,12.7,95,80,Pacitan,-8.1845,111.1014
2020-12-16,27.4,24.4,25.7,8.7,8.7,3.01,13.0,16.17,95,87,Pacitan,-8.1845,111.1014
2020-12-17,27.1,24.3,25.3,39.7,39.7,2.05,16.6,10.54,97,86,Pacitan,-8.1845,111.1014
2020-12-18,27.4,24.4,25.5,8.0,8.0,2.54,15.3,13.04,94,85,Pacitan,-8.1845,111.1014
2020-12-19,27.7,24.1,25.3,8.1,8.1,3.14,14.5,16.88,97,82,Pacitan,-8.1845,111.1014
2020-12-20,27.4,24.1,25.4,14.9,14.9,2.16,17.0,9.78,96,74,Pacitan,-8.1845,111.1014
2020-12-21,28.9,23.6,26.4,1.8,1.8,4.32,18.7,21.75,91,72,Pacitan,-8.1845,111.1014
2020-12-22,29.0,24.3,26.5,2.2,2.2,4.43,18.2,22.98,95,73,Pacitan,-8.1845,111.1014
2020-12-23,28.5,24.9,26.5,6.3,6.3,4.1,13.4,20.87,93,74,Pacitan,-8.1845,111.1014
2020-12-24,29.0,24.2,26.6,1.0,1.0,4.58,11.3,23.28,95,73,Pacitan,-8.1845,111.1014
2020-12-25,28.8,24.2,26.4,2.2,2.2,4.34,10.2,22.29,96,74,Pacitan,-8.1845,111.1014
2020-12-26,29.1,24.7,26.7,8.9,8.9,4.08,10.5,20.45,94,76,Pacitan,-8.1845,111.1014
2020-12-27,27.9,24.5,25.9,13.6,13.6,2.55,10.7,12.87,99,79,Pacitan,-8.1845,111.1014
2020-12-28,28.5,24.4,25.9,13.5,13.5,2.94,14.0,14.84,95,84,Pacitan,-8.1845,111.1014
2020-12-29,28.9,24.7,26.0,15.6,15.6,2.82,17.1,14.58,94,84,Pacitan,-8.1845,111.1014
2020-12-30,27.1,24.4,25.5,19.5,19.5,2.27,15.8,11.75,96,86,Pacitan,-8.1845,111.1014
2020-12-31,27.3,24.6,25.5,34.2,34.2,2.08,17.3,10.16,96,83,Pacitan,-8.1845,111.1014
2021-01-01,28.2,24.1,25.9,10.8,10.8,2.77,9.2,13.65,95,81,Pacitan,-8.1845,111.1014
2021-01-02,28.2,24.5,26.0,5.2,5.2,3.44,17.7,16.55,91,68,Pacitan,-8.1845,111.1014
2021-01-03,28.4,24.7,26.1,5.8,5.8,3.19,18.7,15.81,96,76,Pacitan,-8.1845,111.1014
2021-01-04,27.4,24.5,25.9,15.5,15.5,2.22,13.2,11.18,96,82,Pacitan,-8.1845,111.1014
2021-01-05,27.9,24.4,26.0,8.2,8.2,2.19,12.5,10.53,93,82,Pacitan,-8.1845,111.1014
2021-01-06,29.8,23.9,26.3,17.9,17.9,3.42,13.6,17.32,96,73,Pacitan,-8.1845,111.1014
2021-01-07,28.6,24.4,26.2,12.7,12.7,2.69,7.5,13.17,96,81,Pacitan,-8.1845,111.1014
2021-01-08,28.8,24.5,26.5,8.2,8.2,2.38,11.0,11.11,94,76,Pacitan,-8.1845,111.1014
2021-01-09,27.7,24.7,25.9,19.5,19.5,2.39,10.5,11.93,97,84,Pacitan,-8.1845,111.1014
2021-01-10,26.0,24.6,25.1,83.5,83.5,0.62,20.1,2.21,97,92,Pacitan,-8.1845,111.1014
2021-01-11,30.1,24.3,26.5,24.1,24.1,3.39,17.0,16.82,94,70,Pacitan,-8.1845,111.1014
2021-01-12,29.2,24.7,26.3,17.6,17.6,2.9,14.4,14.61,94,79,Pacitan,-8.1845,111.1014
2021-01-13,27.7,24.8,25.7,36.7,36.7,2.07,14.1,10.98,95,90,Pacitan,-8.1845,111.1014
2021-01-14,28.1,24.8,25.9,14.7,14.7,3.0,13.4,15.59,96,85,Pacitan,-8.1845,111.1014
2021-01-15,28.4,24.1,25.8,6.6,6.6,2.78,11.0,14.02,94,81,Pacitan,-8.1845,111.1014
2021-01-16,27.2,24.5,25.4,11.4,11.4,1.79,13.0,8.92,94,90,Pacitan,-8.1845,111.1014
2021-01-17,29.0,24.7,26.4,3.0,3.0,3.33,13.5,16.46,92,79,Pacitan,-8.1845,111.1014
2021-01-18,28.4,24.5,25.9,18.7,18.7,2.84,18.4,14.7,93,80,Pacitan,-8.1845,111.1014
2021-01-19,30.1,24.4,26.6,1.6,1.6,2.86,12.1,12.59,97,67,Pacitan,-8.1845,111.1014
2021-01-20,29.6,23.5,26.8,0.1,0.1,3.87,8.6,18.7,96,71,Pacitan,-8.1845,111.1014
2021-01-21,29.7,24.3,26.8,1.5,1.5,4.44,7.8,22.23,93,72,Pacitan,-8.1845,111.1014
2021-01-22,29.1,24.5,26.6,5.3,5.3,3.88,15.1,19.85,94,73,Pacitan,-8.1845,111.1014
2021-01-23,30.1,24.7,27.1,0.0,0.0,4.39,9.6,20.96,86,64,Pacitan,-8.1845,111.1014
2021-01-24,29.6,24.0,26.9,0.3,0.3,4.26,9.2,20.95,89,71,Pacitan,-8.1845,111.1014
2021-01-25,29.1,24.4,26.4,1.1,1.1,3.03,8.7,14.76,91,76,Pacitan,-8.1845,111.1014
2021-01-26,28.2,24.6,25.7,30.5,30.5,2.77,17.1,14.63,96,77,Pacitan,-8.1845,111.1014
2021-01-27,26.4,24.4,25.1,43.7,43.7,1.15,16.9,4.77,94,89,Pacitan,-8.1845,111.1014
2021-01-28,29.4,24.7,26.4,11.6,11.6,3.89,20.1,19.61,93,77,Pacitan,-8.1845,111.1014
2021-01-29,28.4,24.6,26.0,8.0,8.0,2.79,16.1,13.21,93,74,Pacitan,-8.1845,111.1014
2021-01-30,28.6,24.1,25.9,8.0,8.0,2.6,15.1,12.01,94,72,Pacitan,-8.1845,111.1014
2021-01-31,30.3,24.3,26.6,9.5,9.5,4.51,13.8,22.08,91,63,Pacitan,-8.1845,111.1014
2021-02-01,30.3,23.8,26.9,0.2,0.2,4.8,17.7,23.27,88,66,Pacitan,-8.1845,111.1014
2021-02-02,29.7,24.6,26.5,16.3,16.3,2.99,17.4,14.28,91,71,Pacitan,-8.1845,111.1014
2021-02-03,29.9,24.2,26.6,2.5,2.5,3.51,19.7,16.8,93,71,Pacitan,-8.1845,111.1014
2021-02-04,30.3,24.5,26.7,10.2,10.2,3.92,16.1,18.92,90,68,Pacitan,-8.1845,111.1014
2021-02-05,28.8,25.0,26.6,2.5,2.5,3.31,14.4,15.54,90,74,Pacitan,-8.1845,111.1014
2021-02-06,29.2,24.1,26.5,6.3,6.3,2.89,11.3,13.76,91,74,Pacitan,-8.1845,111.1014
2021-02-07,29.7,24.8,26.6,26.0,26.0,3.4,16.4,16.05,93,69,Pacitan,-8.1845,111.1014
2021-02-08,30.3,24.9,26.7,31.3,31.3,3.48,17.6,16.31,94,70,Pacitan,-8.1845,111.1014
2021-02-09,28.6,24.1,25.9,20.1,20.1,2.88,23.2,14.44,94,76,Pacitan,-8.1845,111.1014
2021-02-10,27.7,24.6,25.8,9.7,9.7,1.89,12.9,8.65,97,80,Pacitan,-8.1845,111.1014
2021-02-11,28.4,24.8,26.2,3.4,3.4,3.65,16.9,19.42,95,81,Pacitan,-8.1845,111.1014
2021-02-12,28.4,24.7,26.3,4.3,4.3,3.57,14.4,18.6,95,82,Pacitan,-8.1845,111.1014
2021-02-13,28.8,24.5,25.9,22.1,22.1,2.75,13.7,13.91,95,84,Pacitan,-8.1845,111.1014
2021-02-14,28.0,23.6,25.8,6.5,6.5,2.92,11.0,15.05,94,81,Pacitan,-8.1845,111.1014
2021-02-15,29.8,24.0,26.5,6.3,6.3,3.81,9.8,18.99,95,74,Pacitan,-8.1845,111.1014
2021-02-16,30.1,24.1,26.8,6.7,6.7,4.44,12.0,22.41,95,70,Pacitan,-8.1845,111.1014
2021-02-17,27.3,24.6,25.6,32.0,32.0,2.02,17.3,9.53,94,84,Pacitan,-8.1845,111.1014
2021-02-18,30.1,24.5,26.5,6.7,6.7,4.18,17.2,20.54,94,67,Pacitan,-8.1845,111.1014
2021-02-19,28.3,24.3,26.0,5.6,5.6,2.53,13.8,11.62,94,73,Pacitan,-8.1845,111.1014
2021-02-20,29.4,23.9,26.1,12.9,12.9,3.59,5.8,17.5,96,72,Pacitan,-8.1845,111.1014
2021-02-21,30.1,23.7,26.5,1.7,1.7,4.53,9.9,22.69,95,71,Pacitan,-8.1845,111.1014
2021-02-22,29.1,24.7,26.7,4.4,4.4,3.94,12.2,20.19,93,74,Pacitan,-8.1845,111.1014
2021-02-23,28.1,24.6,25.9,24.8,24.8,3.05,18.8,16.06,94,83,Pacitan,-8.1845,111.1014
2021-02-24,28.3,24.4,25.9,66.4,66.4,2.57,25.0,11.02,90,78,Pacitan,-8.1845,111.1014
2021-02-25,30.0,25.0,27.2,5.4,5.4,3.93,21.5,17.14,91,71,Pacitan,-8.1845,111.1014
2021-02-26,30.4,25.2,27.2,4.5,4.5,3.86,12.8,18.16,96,71,Pacitan,-8.1845,111.1014
2021-02-27,29.3,24.4,26.1,18.9,18.9,3.45,8.7,17.34,96,77,Pacitan,-8.1845,111.1014
2021-02-28,28.2,24.7,26.4,3.6,3.6,2.59,7.1,12.28,94,77,Pacitan,-8.1845,111.1014
2021-03-01,29.9,24.5,27.1,0.1,0.1,4.36,11.8,21.13,92,71,Pacitan,-8.1845,111.1014
2021-03-02,31.1,24.8,27.2,3.0,3.0,4.59,13.4,21.87,90,65,Pacitan,-8.1845,111.1014
2021-03-03,31.6,24.4,27.0,2.5,2.5,4.25,12.2,20.09,91,60,Pacitan,-8.1845,111.1014
2021-03-04,30.1,24.3,26.6,6.1,6.1,4.31,13.4,21.55,94,63,Pacitan,-8.1845,111.1014
2021-03-05,29.9,24.2,26.9,2.2,2.2,4.34,8.9,20.91,89,65,Pacitan,-8.1845,111.1014
2021-03-06,29.4,24.1,26.2,8.5,8.5,3.59,12.5,18.01,96,74,Pacitan,-8.1845,111.1014
2021-03-07,27.8,24.3,25.6,18.6,18.6,2.79,15.0,14.51,94,84,Pacitan,-8.1845,111.1014
2021-03-08,28.6,23.5,25.9,9.6,9.6,3.52,15.9,17.66,93,73,Pacitan,-8.1845,111.1014
2021-03-09,29.1,23.6,26.2,0.4,0.4,2.69,11.5,12.54,94,69,Pacitan,-8.1845,111.1014
2021-03-10,30.4,24.2,26.7,7.1,7.1,3.96,8.1,19.16,93,67,Pacitan,-8.1845,111.1014
2021-03-11,29.3,24.0,26.3,9.1,9.1,3.56,9.3,17.69,96,72,Pacitan,-8.1845,111.1014
2021-03-12,29.8,23.3,26.3,2.7,2.7,4.06,8.6,20.26,96,74,Pacitan,-8.1845,111.1014
2021-03-13,28.2,24.6,25.8,8.5,8.5,3.0,14.9,16.02,97,78,Pacitan,-8.1845,111.1014
2021-03-14,29.5,24.3,26.2,7.6,7.6,3.31,19.0,16.77,92,75,Pacitan,-8.1845,111.1014
2021-03-15,29.7,23.6,26.3,6.8,6.8,3.96,9.4,19.9,94,73,Pacitan,-8.1845,111.1014
2021-03-16,29.2,23.7,26.4,3.6,3.6,3.87,7.4,19.45,95,76,Pacitan,-8.1845,111.1014
2021-03-17,28.8,24.1,26.4,4.2,4.2,3.91,9.8,19.88,95,77,Pacitan,-8.1845,111.1014
2021-03-18,29.0,23.8,26.1,10.6,10.6,3.6,11.5,18.68,95,79,Pacitan,-8.1845,111.1014
2021-03-19,30.1,24.4,26.5,9.1,9.1,4.18,15.8,22.0,96,79,Pacitan,-8.1845,111.1014
2021-03-20,28.1,24.2,26.0,9.8,9.8,2.99,12.5,15.95,96,87,Pacitan,-8.1845,111.1014
2021-03-21,29.8,24.5,26.8,3.0,3.0,4.22,16.6,21.25,95,73,Pacitan,-8.1845,111.1014
2021-03-22,29.6,24.7,26.8,1.1,1.1,3.27,13.3,15.66,94,71,Pacitan,-8.1845,111.1014
2021-03-23,29.6,24.9,26.8,2.2,2.2,3.73,13.2,18.2,94,70,Pacitan,-8.1845,111.1014
2021-03-24,29.5,24.5,26.8,2.0,2.0,3.93,11.8,19.85,93,74,Pacitan,-8.1845,111.1014
2021-03-25,29.1,24.7,26.7,9.8,9.8,3.6,12.6,18.57,96,81,Pacitan,-8.1845,111.1014
2021-03-26,29.7,24.9,27.0,7.2,7.2,3.73,10.6,18.61,95,75,Pacitan,-8.1845,111.1014
2021-03-27,29.2,24.8,26.7,8.9,8.9,3.22,10.6,16.11,98,81,Pacitan,-8.1845,111.1014
2021-03-28,28.1,24.8,26.4,4.1,4.1,3.4,9.8,17.6,98,82,Pacitan,-8.1845,111.1014
2021-03-29,29.4,24.6,26.9,0.8,0.8,4.01,15.3,20.81,96,79,Pacitan,-8.1845,111.1014
2021-03-30,28.8,24.9,26.5,20.7,20.7,3.11,13.8,15.91,97,83,Pacitan,-8.1845,111.1014
2021-03-31,29.0,24.8,26.7,1.4,1.4,3.65,13.1,19.02,96,82,Pacitan,-8.1845,111.1014
2021-04-01,29.7,24.3,26.4,121.8,121.8,3.8,10.1,18.98,96,73,Pacitan,-8.1845,111.1014
2021-04-02,29.4,24.7,26.8,46.5,46.5,3.55,8.8,17.41,97,75,Pacitan,-8.1845,111.1014
2021-04-03,30.4,24.8,27.0,9.0,9.0,3.68,8.1,18.14,96,74,Pacitan,-8.1845,111.1014
2021-04-04,30.0,25.1,26.9,15.7,15.7,3.48,8.8,16.94,96,77,Pacitan,-8.1845,111.1014
2021-04-05,30.7,24.3,27.5,4.9,4.9,4.33,8.0,21.16,95,72,Pacitan,-8.1845,111.1014
2021-04-06,31.3,24.9,27.1,22.3,22.3,3.35,10.5,16.1,97,66,Pacitan,-8.1845,111.1014
2021-04-07,30.2,25.3,27.1,8.9,8.9,3.15,18.7,14.45,94,69,Pacitan,-8.1845,111.1014
2021-04-08,30.9,24.7,27.7,0.5,0.5,4.66,18.0,22.26,94,65,Pacitan,-8.1845,111.1014
2021-04-09,31.4,25.2,27.6,4.1,4.1,4.55,12.3,22.02,92,68,Pacitan,-8.1845,111.1014
2021-04-10,30.5,24.4,27.1,6.3,6.3,3.96,8.7,19.52,96,68,Pacitan,-8.1845,111.1014
2021-04-11,29.6,23.9,26.7,6.6,6.6,3.76,8.9,18.78,98,77,Pacitan,-8.1845,111.1014
2021-04-12,29.8,24.2,26.9,0.8,0.8,4.2,9.3,21.25,96,78,Pacitan,-8.1845,111.1014
2021-04-13,28.6,24.5,26.3,5.1,5.1,3.46,8.2,17.77,98,86,Pacitan,-8.1845,111.1014
2021-04-14,28.6,24.5,26.0,12.6,12.6,3.2,8.4,16.15,96,83,Pacitan,-8.1845,111.1014
2021-04-15,29.4,23.3,26.1,2.1,2.1,3.78,13.5,19.9,97,74,Pacitan,-8.1845,111.1014
2021-04-16,29.8,23.4,26.7,1.1,1.1,4.33,15.0,21.87,97,71,Pacitan,-8.1845,111.1014
2021-04-17,29.4,25.0,26.9,0.4,0.4,4.15,16.8,21.42,92,74,Pacitan,-8.1845,111.1014
2021-04-18,28.5,24.1,26.2,1.7,1.7,3.52,11.8,18.18,92,83,Pacitan,-8.1845,111.1014
2021-04-19,29.6,24.7,26.7,0.3,0.3,4.4,17.1,22.67,94,71,Pacitan,-8.1845,111.1014
2021-04-20,29.5,23.3,26.4,0.0,0.0,4.79,14.6,24.21,91,67,Pacitan,-8.1845,111.1014
2021-04-21,29.5,23.0,26.3,0.0,0.0,4.65,17.5,23.31,88,67,Pacitan,-8.1845,111.1014
2021-04-22,29.4,24.0,26.4,0.0,0.0,4.66,16.9,23.43,92,66,Pacitan,-8.1845,111.1014
2021-04-23,28.9,23.5,26.2,0.6,0.6,4.14,13.6,20.94,88,72,Pacitan,-8.1845,111.1014
2021-04-24,29.2,23.1,26.2,0.2,0.2,4.27,12.3,21.56,90,70,Pacitan,-8.1845,111.1014
2021-04-25,29.5,24.0,26.7,4.8,4.8,4.04,11.1,20.18,96,69,Pacitan,-8.1845,111.1014
2021-04-26,30.1,23.9,26.9,0.9,0.9,4.2,14.8,20.38,97,68,Pacitan,-8.1845,111.1014
2021-04-27,29.5,24.7,27.0,0.0,0.0,4.56,21.6,21.98,91,70,Pacitan,-8.1845,111.1014
2021-04-28,28.7,24.6,26.5,0.4,0.4,3.94,19.5,19.34,89,70,Pacitan,-8.1845,111.1014
2021-04-29,29.1,23.9,26.5,1.1,1.1,3.71,9.7,18.55,94,73,Pacitan,-8.1845,111.1014
2021-04-30,29.2,24.0,26.6,9.8,9.8,3.8,11.2,19.53,96,78,Pacitan,-8.1845,111.1014
2021-05-01,29.5,23.7,26.7,3.2,3.2,3.83,13.1,19.62,96,75,Pacitan,-8.1845,111.1014
2021-05-02,30.1,24.1,27.1,1.1,1.1,4.12,12.9,20.39,94,71,Pacitan,-8.1845,111.1014
2021-05-03,30.4,24.3,27.0,3.9,3.9,3.79,11.0,18.72,93,69,Pacitan,-8.1845,111.1014
2021-05-04,30.3,23.6,27.1,0.7,0.7,4.14,9.8,20.44,93,69,Pacitan,-8.1845,111.1014
2021-05-05,30.3,24.3,27.3,0.2,0.2,4.24,11.8,20.97,93,68,Pacitan,-8.1845,111.1014
2021-05-06,30.1,24.5,27.2,0.6,0.6,3.82,14.6,18.49,94,70,Pacitan,-8.1845,111.1014
2021-05-07,29.7,24.6,27.0,0.3,0.3,3.63,15.6,17.93,95,73,Pacitan,-8.1845,111.1014
2021-05-08,29.5,25.1,26.9,0.2,0.2,3.96,18.6,18.23,93,67,Pacitan,-8.1845,111.1014
2021-05-09,29.4,24.1,26.7,0.0,0.0,4.47,15.6,20.87,89,62,Pacitan,-8.1845,111.1014
2021-05-10,29.4,24.0,26.6,0.6,0.6,3.6,19.1,17.04,92,71,Pacitan,-8.1845,111.1014
2021-05-11,29.5,24.7,27.1,0.1,0.1,3.77,21.4,18.06,94,74,Pacitan,-8.1845,111.1014
2021-05-12,29.2,24.7,27.0,0.0,0.0,4.23,21.1,20.57,92,74,Pacitan,-8.1845,111.1014
2021-05-13,29.9,24.9,27.1,0.4,0.4,4.04,20.4,19.24,90,68,Pacitan,-8.1845,111.1014
2021-05-14,30.1,25.4,27.5,0.3,0.3,4.15,21.7,19.82,90,70,Pacitan,-8.1845,111.1014
2021-05-15,29.4,25.0,27.0,0.3,0.3,3.96,21.1,19.38,90,72,Pacitan,-8.1845,111.1014
2021-05-16,29.7,24.9,26.9,0.0,0.0,4.26,20.9,20.51,91,67,Pacitan,-8.1845,111.1014
2021-05-17,28.9,24.5,26.6,2.5,2.5,3.61,16.1,18.14,90,76,Pacitan,-8.1845,111.1014
2021-05-18,29.7,24.8,26.8,1.6,1.6,3.73,15.3,18.34,92,71,Pacitan,-8.1845,111.1014
2021-05-19,29.7,24.4,26.7,2.2,2.2,3.69,12.6,18.18,92,70,Pacitan,-8.1845,111.1014
2021-05-20,29.3,25.0,26.8,4.2,4.2,3.35,14.8,16.23,93,73,Pacitan,-8.1845,111.1014
2021-05-21,29.9,24.8,27.0,0.0,0.0,4.05,15.8,20.26,90,73,Pacitan,-8.1845,111.1014
2021-05-22,29.2,24.0,26.6,0.4,0.4,3.62,16.4,18.22,96,72,Pacitan,-8.1845,111.1014
2021-05-23,29.8,24.3,27.0,1.5,1.5,3.73,10.7,18.66,95,69,Pacitan,-8.1845,111.1014
2021-05-24,29.4,24.6,26.8,3.1,3.1,3.25,15.3,16.05,96,76,Pacitan,-8.1845,111.1014
2021-05-25,29.0,25.3,26.6,5.5,5.5,2.29,13.5,10.99,94,74,Pacitan,-8.1845,111.1014
2021-05-26,30.2,23.9,26.9,0.5,0.5,3.82,16.8,19.32,96,71,Pacitan,-8.1845,111.1014
2021-05-27,30.8,23.5,26.8,0.2,0.2,3.94,15.6,19.74,96,70,Pacitan,-8.1845,111.1014
2021-05-28,29.6,25.3,27.0,2.1,2.1,3.46,15.5,17.21,96,76,Pacitan,-8.1845,111.1014
2021-05-29,29.8,24.9,27.0,1.9,1.9,3.36,14.6,16.68,95,74,Pacitan,-8.1845,111.1014
2021-05-30,29.6,24.0,26.5,0.2,0.2,3.86,12.9,19.34,96,71,Pacitan,-8.1845,111.1014
2021-05-31,29.1,24.0,26.5,0.9,0.9,3.33,12.7,16.57,95,73,Pacitan,-8.1845,111.1014
2021-06-01,29.6,24.1,26.6,0.3,0.3,3.28,15.3,16.06,97,72,Pacitan,-8.1845,111.1014
2021-06-02,30.5,24.1,26.8,0.5,0.5,3.76,13.3,19.13,96,71,Pacitan,-8.1845,111.1014
2021-06-03,30.3,23.9,26.9,0.0,0.0,3.92,12.5,19.9,98,73,Pacitan,-8.1845,111.1014
2021-06-04,30.3,23.4,26.9,0.0,0.0,4.09,11.9,20.15,98,70,Pacitan,-8.1845,111.1014
2021-06-05,30.2,23.9,27.0,1.8,1.8,3.44,10.4,17.07,95,70,Pacitan,-8.1845,111.1014
2021-06-06,30.1,24.7,27.1,0.6,0.6,3.78,13.1,18.76,96,69,Pacitan,-8.1845,111.1014
2021-06-07,29.8,24.5,26.8,0.8,0.8,3.79,12.7,18.75,95,69,Pacitan,-8.1845,111.1014
2021-06-08,30.5,24.2,26.9,0.5,0.5,3.87,14.0,18.64,91,63,Pacitan,-8.1845,111.1014
2021-06-09,30.1,24.5,27.0,2.6,2.6,3.49,14.7,16.48,92,67,Pacitan,-8.1845,111.1014
2021-06-10,29.6,24.6,26.8,0.2,0.2,3.62,18.2,17.36,95,70,Pacitan,-8.1845,111.1014
2021-06-11,29.2,24.1,26.6,4.1,4.1,3.19,13.8,15.99,93,77,Pacitan,-8.1845,111.1014
2021-06-12,29.6,25.0,27.0,4.7,4.7,3.47,16.1,16.67,95,69,Pacitan,-8.1845,111.1014
2021-06-13,29.7,22.7,26.5,1.8,1.8,3.57,13.0,17.55,95,71,Pacitan,-8.1845,111.1014
2021-06-14,28.4,23.7,26.2,2.0,2.0,2.87,13.5,14.8,94,77,Pacitan,-8.1845,111.1014
2021-06-15,30.2,23.8,26.5,9.6,9.6,3.23,10.9,16.04,95,69,Pacitan,-8.1845,111.1014
2021-06-16,29.6,23.2,26.0,67.7,67.7,3.13,12.3,15.91,97,74,Pacitan,-8.1845,111.1014
2021-06-17,28.3,24.3,25.7,28.7,28.7,1.82,10.8,8.69,96,78,Pacitan,-8.1845,111.1014
2021-06-18,27.7,23.9,25.8,4.2,4.2,2.82,12.5,15.27,96,84,Pacitan,-8.1845,111.1014
2021-06-19,27.9,23.6,25.5,14.2,14.2,2.48,9.7,12.8,98,85,Pacitan,-8.1845,111.1014
2021-06-20,29.3,22.9,25.6,14.1,14.1,3.15,9.8,16.07,99,75,Pacitan,-8.1845,111.1014
2021-06-21,27.9,23.7,25.5,24.3,24.3,2.16,9.4,10.94,96,83,Pacitan,-8.1845,111.1014
2021-06-22,28.2,24.3,25.7,6.6,6.6,2.93,15.0,15.33,97,78,Pacitan,-8.1845,111.1014
2021-06-23,27.2,24.6,25.6,7.6,7.6,2.26,12.1,12.0,95,87,Pacitan,-8.1845,111.1014
2021-06-24,27.1,24.2,25.2,30.8,30.8,1.56,8.8,7.51,96,84,Pacitan,-8.1845,111.1014
2021-06-25,28.6,22.7,25.7,7.9,7.9,2.67,12.1,13.56,96,77,Pacitan,-8.1845,111.1014
2021-06-26,28.9,23.9,26.2,5.3,5.3,3.07,13.0,15.69,95,80,Pacitan,-8.1845,111.1014
2021-06-27,29.4,23.6,26.3,3.9,3.9,3.28,13.1,17.13,96,75,Pacitan,-8.1845,111.1014
2021-06-28,28.5,24.4,26.2,7.2,7.2,2.99,9.2,15.29,97,80,Pacitan,-8.1845,111.1014
2021-06-29,28.9,23.5,26.2,1.1,1.1,3.34,10.0,17.28,97,78,Pacitan,-8.1845,111.1014
2021-06-30,29.2,24.2,26.5,0.9,0.9,3.64,17.6,18.1,96,72,Pacitan,-8.1845,111.1014
2021-07-01,29.1,24.7,26.4,0.0,0.0,3.82,17.8,19.22,90,71,Pacitan,-8.1845,111.1014
2021-07-02,28.7,24.3,26.2,0.0,0.0,3.69,20.3,18.91,92,73,Pacitan,-8.1845,111.1014
2021-07-03,27.6,24.3,25.7,1.0,1.0,3.28,18.5,16.87,94,76,Pacitan,-8.1845,111.1014
2021-07-04,28.3,23.6,25.6,0.1,0.1,3.55,18.1,18.55,90,75,Pacitan,-8.1845,111.1014
2021-07-05,28.3,23.8,25.6,0.0,0.0,3.94,23.0,19.89,91,69,Pacitan,-8.1845,111.1014
2021-07-06,27.8,23.1,25.3,0.0,0.0,4.34,18.1,20.12,82,60,Pacitan,-8.1845,111.1014
2021-07-07,27.6,21.2,24.7,0.2,0.2,3.39,16.6,17.11,90,73,Pacitan,-8.1845,111.1014
2021-07-08,28.4,23.1,25.8,0.1,0.1,3.46,15.6,17.65,96,75,Pacitan,-8.1845,111.1014
2021-07-09,28.4,23.1,25.8,3.2,3.2,3.24,13.4,16.86,96,76,Pacitan,-8.1845,111.1014
2021-07-10,29.2,23.7,26.2,4.1,4.1,3.32,13.1,16.98,97,78,Pacitan,-8.1845,111.1014
2021-07-11,29.4,23.9,26.4,1.8,1.8,3.41,16.7,17.6,96,75,Pacitan,-8.1845,111.1014
2021-07-12,28.7,23.4,25.7,1.3,1.3,3.13,17.6,16.21,92,76,Pacitan,-8.1845,111.1014
2021-07-13,28.4,24.0,25.8,0.1,0.1,3.34,20.3,17.16,94,72,Pacitan,-8.1845,111.1014
2021-07-14,27.8,24.0,25.6,1.0,1.0,3.46,21.7,16.65,95,71,Pacitan,-8.1845,111.1014
2021-07-15,28.1,23.5,25.5,1.4,1.4,3.88,24.5,17.76,93,61,Pacitan,-8.1845,111.1014
2021-07-16,26.6,23.8,25.1,0.0,0.0,3.13,20.7,14.95,89,75,Pacitan,-8.1845,111.1014
2021-07-17,27.6,22.8,25.2,2.1,2.1,3.12,19.5,16.09,91,78,Pacitan,-8.1845,111.1014
2021-07-18,28.3,23.6,25.5,0.0,0.0,3.57,20.7,18.08,90,71,Pacitan,-8.1845,111.1014
2021-07-19,27.7,23.2,25.5,1.1,1.1,3.24,19.6,17.06,92,77,Pacitan,-8.1845,111.1014
2021-07-20,30.0,23.3,26.1,0.4,0.4,3.8,15.8,19.42,94,70,Pacitan,-8.1845,111.1014
2021-07-21,28.8,23.9,26.0,0.0,0.0,3.97,17.5,20.3,95,71,Pacitan,-8.1845,111.1014
2021-07-22,28.2,22.6,25.3,0.1,0.1,2.93,18.2,14.35,93,73,Pacitan,-8.1845,111.1014
2021-07-23,27.6,24.3,25.7,3.3,3.3,3.14,20.7,15.71,94,80,Pacitan,-8.1845,111.1014
2021-07-24,28.4,23.4,25.6,0.0,0.0,4.35,19.9,21.67,89,66,Pacitan,-8.1845,111.1014
2021-07-25,28.1,22.3,24.9,0.0,0.0,3.94,23.5,19.72,92,66,Pacitan,-8.1845,111.1014
2021-07-26,28.5,20.0,24.3,0.0,0.0,4.13,15.5,21.49,93,70,Pacitan,-8.1845,111.1014
2021-07-27,27.7,21.4,24.7,0.6,0.6,3.38,17.0,17.02,95,72,Pacitan,-8.1845,111.1014
2021-07-28,27.9,23.3,25.2,0.4,0.4,3.71,21.0,18.45,93,68,Pacitan,-8.1845,111.1014
2021-07-29,28.0,23.5,25.5,0.3,0.3,3.61,19.8,18.51,93,73,Pacitan,-8.1845,111.1014
2021-07-30,27.1,23.4,25.2,2.4,2.4,2.81,16.6,15.06,95,85,Pacitan,-8.1845,111.1014
2021-07-31,27.8,23.8,25.4,2.0,2.0,3.19,21.1,15.97,95,76,Pacitan,-8.1845,111.1014
2021-08-01,27.0,23.9,25.1,2.2,2.2,2.98,20.5,15.75,94,83,Pacitan,-8.1845,111.1014
2021-08-02,26.7,23.7,24.9,6.0,6.0,2.86,20.1,15.37,95,82,Pacitan,-8.1845,111.1014
2021-08-03,25.5,24.0,24.6,59.4,59.4,1.3,18.4,6.68,95,89,Pacitan,-8.1845,111.1014
2021-08-04,27.3,24.1,25.3,3.3,3.3,2.82,18.2,16.04,96,85,Pacitan,-8.1845,111.1014
2021-08-05,28.7,23.8,25.7,2.1,2.1,3.41,17.1,17.82,94,75,Pacitan,-8.1845,111.1014
2021-08-06,29.9,23.6,26.1,0.0,0.0,3.92,19.3,20.87,96,75,Pacitan,-8.1845,111.1014
2021-08-07,29.6,23.0,26.0,0.4,0.4,4.03,13.5,20.86,96,73,Pacitan,-8.1845,111.1014
2021-08-08,29.2,23.6,26.1,0.0,0.0,3.93,16.5,20.47,95,74,Pacitan,-8.1845,111.1014
2021-08-09,28.4,23.1,25.8,1.0,1.0,3.69,18.4,19.41,97,77,Pacitan,-8.1845,111.1014
2021-08-10,27.7,23.8,25.5,0.6,0.6,3.5,23.9,17.9,96,76,Pacitan,-8.1845,111.1014
2021-08-11,27.8,23.5,25.3,0.0,0.0,4.37,24.1,21.49,92,64,Pacitan,-8.1845,111.1014
2021-08-12,27.4,23.3,25.1,2.4,2.4,3.57,21.9,18.91,91,80,Pacitan,-8.1845,111.1014
2021-08-13,28.2,24.0,25.5,2.3,2.3,3.24,19.8,16.22,94,74,Pacitan,-8.1845,111.1014
2021-08-14,28.3,23.8,25.6,0.3,0.3,3.73,19.2,19.77,95,76,Pacitan,-8.1845,111.1014
2021-08-15,28.8,23.7,25.9,0.0,0.0,3.82,19.1,20.21,95,73,Pacitan,-8.1845,111.1014
2021-08-16,28.4,23.9,25.8,0.0,0.0,4.05,22.2,20.63,94,68,Pacitan,-8.1845,111.1014
2021-08-17,28.1,23.5,25.5,0.2,0.2,3.84,19.8,19.99,94,71,Pacitan,-8.1845,111.1014
2021-08-18,28.0,23.6,25.6,0.5,0.5,3.77,21.9,19.66,94,74,Pacitan,-8.1845,111.1014
2021-08-19,28.2,24.0,25.5,1.0,1.0,4.16,20.5,19.83,93,64,Pacitan,-8.1845,111.1014
2021-08-20,28.4,23.3,25.4,1.6,1.6,3.54,19.1,17.41,93,67,Pacitan,-8.1845,111.1014
2021-08-21,27.8,23.7,25.3,2.1,2.1,3.35,19.9,17.18,95,74,Pacitan,-8.1845,111.1014
2021-08-22,27.9,23.3,25.3,0.2,0.2,3.37,21.2,16.78,96,73,Pacitan,-8.1845,111.1014
2021-08-23,28.1,23.5,25.3,0.1,0.1,3.91,20.2,19.62,94,68,Pacitan,-8.1845,111.1014
2021-08-24,27.4,23.6,25.1,1.0,1.0,3.58,21.1,17.99,94,72,Pacitan,-8.1845,111.1014
2021-08-25,27.3,23.5,25.0,2.9,2.9,3.41,22.0,16.94,95,72,Pacitan,-8.1845,111.1014
2021-08-26,27.8,23.3,25.2,0.1,0.1,4.14,21.2,19.93,91,63,Pacitan,-8.1845,111.1014
2021-08-27,27.3,22.6,24.8,1.3,1.3,3.21,20.0,15.54,94,69,Pacitan,-8.1845,111.1014
2021-08-28,28.2,23.5,25.3,0.9,0.9,3.84,22.8,19.44,94,70,Pacitan,-8.1845,111.1014
2021-08-29,28.5,23.5,25.6,1.8,1.8,3.79,22.2,19.26,94,72,Pacitan,-8.1845,111.1014
2021-08-30,28.1,23.7,25.6,0.1,0.1,3.61,23.5,18.08,94,73,Pacitan,-8.1845,111.1014
2021-08-31,29.0,23.8,25.9,0.2,0.2,4.14,21.4,20.08,90,68,Pacitan,-8.1845,111.1014
2021-09-01,28.8,23.5,25.7,0.1,0.1,4.68,21.6,22.81,94,65,Pacitan,-8.1845,111.1014
2021-09-02,27.9,23.7,25.4,1.1,1.1,4.11,22.4,18.71,88,58,Pacitan,-8.1845,111.1014
2021-09-03,27.4,23.4,24.9,4.4,4.4,3.38,22.3,16.82,94,71,Pacitan,-8.1845,111.1014
2021-09-04,27.1,22.9,25.0,2.6,2.6,3.29,20.1,16.21,94,73,Pacitan,-8.1845,111.1014
2021-09-05,27.4,23.6,25.3,0.2,0.2,2.52,20.5,10.46,90,73,Pacitan,-8.1845,111.1014
2021-09-06,29.0,23.9,26.0,0.4,0.4,4.2,21.5,21.38,96,71,Pacitan,-8.1845,111.1014
2021-09-07,28.4,24.2,25.6,3.5,3.5,3.42,21.0,17.38,96,73,Pacitan,-8.1845,111.1014
2021-09-08,28.9,23.6,25.7,0.4,0.4,4.26,24.1,21.75,96,68,Pacitan,-8.1845,111.1014
2021-09-09,28.4,22.8,25.5,0.4,0.4,4.28,20.0,21.33,94,66,Pacitan,-8.1845,111.1014
2021-09-10,28.8,23.3,25.8,1.3,1.3,4.13,22.0,21.05,94,70,Pacitan,-8.1845,111.1014
2021-09-11,28.7,24.2,26.1,1.9,1.9,3.78,20.5,18.67,95,72,Pacitan,-8.1845,111.1014
2021-09-12,27.1,24.0,25.3,5.1,5.1,2.22,19.0,10.85,96,80,Pacitan,-8.1845,111.1014
2021-09-13,29.2,23.7,26.0,15.6,15.6,3.21,13.0,16.26,96,76,Pacitan,-8.1845,111.1014
2021-09-14,28.4,23.4,25.8,13.7,13.7,2.82,12.5,14.25,99,79,Pacitan,-8.1845,111.1014
2021-09-15,28.2,23.7,25.8,25.4,25.4,3.5,14.3,18.01,97,78,Pacitan,-8.1845,111.1014
2021-09-16,28.8,24.3,26.1,1.3,1.3,4.16,18.1,22.06,96,74,Pacitan,-8.1845,111.1014
2021-09-17,28.1,23.9,25.8,0.7,0.7,3.89,22.7,21.1,95,78,Pacitan,-8.1845,111.1014
2021-09-18,28.0,24.2,25.7,1.4,1.4,3.77,23.6,20.4,94,77,Pacitan,-8.1845,111.1014
2021-09-19,27.2,23.9,25.3,2.0,2.0,3.54,21.8,19.4,96,79,Pacitan,-8.1845,111.1014
2021-09-20,27.7,23.5,25.4,1.0,1.0,3.7,21.3,19.07,93,74,Pacitan,-8.1845,111.1014
2021-09-21,28.3,23.5,25.6,1.3,1.3,3.44,17.2,17.79,94,75,Pacitan,-8.1845,111.1014
2021-09-22,28.9,23.0,25.8,3.4,3.4,3.91,16.9,20.7,95,74,Pacitan,-8.1845,111.1014
2021-09-23,29.5,23.9,26.2,0.7,0.7,4.32,18.7,22.71,97,71,Pacitan,-8.1845,111.1014
2021-09-24,29.0,24.6,26.2,1.8,1.8,3.85,16.4,19.24,94,64,Pacitan,-8.1845,111.1014
2021-09-25,28.4,23.8,26.0,2.3,2.3,3.85,17.2,20.11,95,78,Pacitan,-8.1845,111.1014
2021-09-26,29.2,24.6,26.0,3.0,3.0,3.5,17.8,17.71,92,71,Pacitan,-8.1845,111.1014
2021-09-27,28.7,24.5,26.0,0.0,0.0,5.02,21.3,25.15,91,62,Pacitan,-8.1845,111.1014
2021-09-28,28.3,24.1,25.7,0.0,0.0,4.69,21.3,22.24,87,63,Pacitan,-8.1845,111.1014
2021-09-29,28.3,23.5,25.6,0.2,0.2,4.03,19.7,20.24,94,73,Pacitan,-8.1845,111.1014
2021-09-30,28.0,23.7,25.7,0.4,0.4,3.6,19.5,18.66,95,76,Pacitan,-8.1845,111.1014
2021-10-01,28.4,23.3,25.6,2.0,2.0,4.03,16.1,21.04,97,75,Pacitan,-8.1845,111.1014
2021-10-02,28.5,23.2,25.4,2.1,2.1,3.48,14.8,17.27,95,71,Pacitan,-8.1845,111.1014
2021-10-03,28.0,23.4,25.4,0.8,0.8,3.75,17.1,19.18,94,74,Pacitan,-8.1845,111.1014
2021-10-04,27.8,23.0,25.2,1.1,1.1,3.75,14.1,19.09,92,74,Pacitan,-8.1845,111.1014
2021-10-05,26.8,22.9,24.6,5.4,5.4,3.34,16.3,17.86,93,77,Pacitan,-8.1845,111.1014
2021-10-06,27.6,23.0,25.1,3.6,3.6,3.97,17.9,19.7,94,69,Pacitan,-8.1845,111.1014
2021-10-07,28.4,22.6,25.4,0.0,0.0,5.0,16.6,24.94,87,65,Pacitan,-8.1845,111.1014
2021-10-08,27.0,23.5,25.0,8.0,8.0,3.45,19.6,18.92,97,80,Pacitan,-8.1845,111.1014
2021-10-09,27.7,23.6,25.3,4.9,4.9,3.7,20.6,19.68,94,75,Pacitan,-8.1845,111.1014
2021-10-10,28.9,24.1,26.0,1.3,1.3,3.81,19.7,19.56,96,72,Pacitan,-8.1845,111.1014
2021-10-11,28.5,24.0,25.7,2.7,2.7,4.05,18.7,21.11,96,73,Pacitan,-8.1845,111.1014
2021-10-12,28.3,23.6,25.8,1.8,1.8,4.33,19.1,21.11,96,70,Pacitan,-8.1845,111.1014
2021-10-13,29.2,24.1,26.4,0.0,0.0,4.86,18.8,22.19,85,62,Pacitan,-8.1845,111.1014
2021-10-14,28.4,24.4,26.0,1.2,1.2,3.53,16.8,15.89,84,72,Pacitan,-8.1845,111.1014
2021-10-15,29.4,23.1,26.3,0.2,0.2,4.15,15.4,19.79,89,68,Pacitan,-8.1845,111.1014
2021-10-16,28.9,24.9,26.8,1.5,1.5,3.72,15.3,17.06,90,70,Pacitan,-8.1845,111.1014
2021-10-17,29.4,24.6,26.8,2.1,2.1,4.02,16.4,19.13,93,71,Pacitan,-8.1845,111.1014
2021-10-18,30.9,23.6,26.4,15.5,15.5,4.01,11.5,19.8,98,64,Pacitan,-8.1845,111.1014
2021-10-19,30.0,24.1,26.8,1.8,1.8,4.73,13.4,23.79,97,67,Pacitan,-8.1845,111.1014
2021-10-20,30.7,24.4,27.0,1.9,1.9,4.62,15.8,22.86,96,67,Pacitan,-8.1845,111.1014
2021-10-21,29.8,24.8,26.9,0.9,0.9,4.34,18.1,21.9,93,73,Pacitan,-8.1845,111.1014
2021-10-22,29.7,24.7,26.7,2.7,2.7,4.15,19.4,21.03,94,75,Pacitan,-8.1845,111.1014
2021-10-23,30.6,24.4,27.2,1.2,1.2,4.4,14.8,20.4,94,63,Pacitan,-8.1845,111.1014
2021-10-24,29.9,24.3,27.1,0.6,0.6,3.97,14.0,18.33,94,69,Pacitan,-8.1845,111.1014
2021-10-25,29.0,24.7,26.8,2.7,2.7,3.7,15.5,17.66,92,73,Pacitan,-8.1845,111.1014
2021-10-26,29.4,24.4,26.7,2.2,2.2,4.05,16.2,19.05,90,70,Pacitan,-8.1845,111.1014
2021-10-27,30.5,24.1,26.4,21.4,21.4,3.39,16.6,16.29,94,70,Pacitan,-8.1845,111.1014
2021-10-28,29.8,24.6,26.9,3.0,3.0,3.89,16.9,19.47,96,74,Pacitan,-8.1845,111.1014
2021-10-29,29.1,24.7,26.4,12.7,12.7,3.45,15.8,17.4,96,78,Pacitan,-8.1845,111.1014
2021-10-30,29.8,24.6,26.6,5.2,5.2,3.99,14.9,20.07,97,74,Pacitan,-8.1845,111.1014
2021-10-31,28.7,24.3,25.9,19.9,19.9,2.79,11.9,14.27,97,80,Pacitan,-8.1845,111.1014
2021-11-01,28.0,23.8,25.7,18.4,18.4,2.46,11.7,12.03,96,79,Pacitan,-8.1845,111.1014
2021-11-02,27.4,24.4,25.4,10.9,10.9,2.64,14.2,13.53,97,81,Pacitan,-8.1845,111.1014
2021-11-03,29.1,24.2,26.4,15.5,15.5,3.48,13.8,17.6,95,77,Pacitan,-8.1845,111.1014
2021-11-04,29.4,24.0,26.2,10.3,10.3,3.71,16.4,19.4,97,78,Pacitan,-8.1845,111.1014
2021-11-05,29.6,24.3,26.7,17.4,17.4,3.3,12.0,16.49,97,75,Pacitan,-8.1845,111.1014
2021-11-06,29.5,24.5,26.6,9.7,9.7,4.23,8.6,21.28,97,80,Pacitan,-8.1845,111.1014
2021-11-07,30.2,24.1,26.4,27.8,27.8,3.71,9.2,18.67,97,78,Pacitan,-8.1845,111.1014
2021-11-08,29.8,23.5,26.6,0.7,0.7,4.11,8.7,20.32,98,72,Pacitan,-8.1845,111.1014
2021-11-09,30.6,24.4,27.3,5.0,5.0,4.41,12.2,21.81,92,74,Pacitan,-8.1845,111.1014
2021-11-10,27.3,24.1,25.5,32.9,32.9,2.3,12.6,11.59,97,84,Pacitan,-8.1845,111.1014
2021-11-11,25.5,24.0,24.9,44.9,44.9,0.99,11.8,4.35,96,89,Pacitan,-8.1845,111.1014
2021-11-12,27.9,24.8,25.8,8.7,8.7,2.62,9.2,13.14,96,81,Pacitan,-8.1845,111.1014
2021-11-13,28.3,24.8,26.2,17.8,17.8,2.97,11.9,14.96,96,81,Pacitan,-8.1845,111.1014
2021-11-14,27.0,24.6,25.8,14.5,14.5,1.98,9.2,9.5,96,85,Pacitan,-8.1845,111.1014
2021-11-15,28.9,24.4,25.6,21.1,21.1,2.59,6.9,12.29,96,73,Pacitan,-8.1845,111.1014
2021-11-16,28.8,23.9,26.1,6.8,6.8,3.78,10.2,19.05,96,78,Pacitan,-8.1845,111.1014
2021-11-17,30.0,24.2,26.4,15.5,15.5,3.46,8.6,17.34,97,79,Pacitan,-8.1845,111.1014
2021-11-18,28.3,23.8,26.1,33.7,33.7,3.42,8.3,17.27,98,80,Pacitan,-8.1845,111.1014
2021-11-19,29.1,23.6,26.0,18.4,18.4,3.83,9.7,19.52,98,77,Pacitan,-8.1845,111.1014
2021-11-20,28.5,24.4,25.8,51.3,51.3,2.4,6.2,11.37,95,72,Pacitan,-8.1845,111.1014
2021-11-21,29.5,23.3,26.7,1.7,1.7,4.23,8.4,21.1,93,69,Pacitan,-8.1845,111.1014
2021-11-22,29.7,24.7,26.6,37.7,37.7,3.48,14.2,17.43,95,77,Pacitan,-8.1845,111.1014
2021-11-23,29.1,23.9,26.0,35.7,35.7,3.12,10.5,15.31,95,80,Pacitan,-8.1845,111.1014
2021-11-24,29.0,24.6,26.5,7.1,7.1,2.74,11.5,13.26,96,77,Pacitan,-8.1845,111.1014
2021-11-25,29.4,24.3,26.7,4.9,4.9,4.16,11.8,21.29,97,78,Pacitan,-8.1845,111.1014
2021-11-26,28.6,24.5,26.0,10.9,10.9,3.53,11.6,18.16,95,79,Pacitan,-8.1845,111.1014
2021-11-27,28.4,24.7,25.7,12.6,12.6,3.25,10.2,16.71,96,81,Pacitan,-8.1845,111.1014
2021-11-28,27.8,24.2,25.8,3.0,3.0,2.84,9.8,13.89,96,77,Pacitan,-8.1845,111.1014
2021-11-29,29.1,22.9,26.3,0.2,0.2,4.52,12.7,22.16,94,64,Pacitan,-8.1845,111.1014
2021-11-30,29.6,23.5,26.3,3.9,3.9,4.28,12.4,21.74,95,74,Pacitan,-8.1845,111.1014
2021-12-01,28.1,24.2,25.4,13.3,13.3,2.84,12.7,14.72,96,80,Pacitan,-8.1845,111.1014
2021-12-02,29.1,24.2,26.7,2.2,2.2,3.62,13.4,17.74,96,75,Pacitan,-8.1845,111.1014
2021-12-03,28.8,24.7,26.3,7.6,7.6,3.12,17.7,15.61,95,75,Pacitan,-8.1845,111.1014
2021-12-04,28.0,23.9,25.2,17.0,17.0,1.86,18.5,8.95,96,81,Pacitan,-8.1845,111.1014
2021-12-05,28.1,24.1,25.4,20.2,20.2,2.07,18.0,9.97,96,80,Pacitan,-8.1845,111.1014
2021-12-06,27.6,24.5,25.8,6.3,6.3,1.92,15.5,9.18,96,83,Pacitan,-8.1845,111.1014
2021-12-07,30.8,23.2,26.8,5.1,5.1,4.01,14.1,19.56,93,71,Pacitan,-8.1845,111.1014
2021-12-08,31.0,24.5,27.5,0.6,0.6,4.34,9.2,21.16,94,71,Pacitan,-8.1845,111.1014
2021-12-09,29.2,24.4,26.8,2.4,2.4,4.6,13.6,23.88,96,81,Pacitan,-8.1845,111.1014
2021-12-10,29.8,24.2,26.4,3.1,3.1,4.22,11.3,21.53,96,78,Pacitan,-8.1845,111.1014
2021-12-11,29.1,24.3,26.4,5.5,5.5,4.23,15.1,21.95,96,76,Pacitan,-8.1845,111.1014
2021-12-12,29.3,24.2,26.1,5.4,5.4,4.1,17.6,21.14,95,71,Pacitan,-8.1845,111.1014
2021-12-13,29.7,24.3,26.9,0.3,0.3,4.68,16.3,23.94,94,73,Pacitan,-8.1845,111.1014
2021-12-14,28.4,24.7,26.4,6.0,6.0,3.64,12.7,19.12,95,81,Pacitan,-8.1845,111.1014
2021-12-15,28.0,25.0,26.2,5.9,5.9,3.2,10.8,16.47,95,79,Pacitan,-8.1845,111.1014
2021-12-16,28.7,25.0,26.2,21.3,21.3,2.89,10.4,14.63,95,83,Pacitan,-8.1845,111.1014
2021-12-17,29.4,24.6,26.4,27.9,27.9,3.18,9.7,15.88,97,81,Pacitan,-8.1845,111.1014
2021-12-18,28.6,24.4,26.4,18.9,18.9,3.06,9.2,15.33,97,82,Pacitan,-8.1845,111.1014
2021-12-19,29.9,25.3,27.1,10.2,10.2,3.68,11.8,17.95,96,77,Pacitan,-8.1845,111.1014
2021-12-20,27.8,24.5,25.9,22.2,22.2,1.89,8.3,8.9,96,82,Pacitan,-8.1845,111.1014
2021-12-21,30.0,24.7,26.7,17.8,17.8,3.07,8.8,15.13,96,74,Pacitan,-8.1845,111.1014
2021-12-22,30.0,25.0,27.2,12.5,12.5,4.53,8.9,22.71,98,75,Pacitan,-8.1845,111.1014
2021-12-23,29.6,24.3,26.2,21.8,21.8,3.75,10.0,18.85,98,75,Pacitan,-8.1845,111.1014
2021-12-24,29.9,23.9,26.4,12.3,12.3,3.31,13.2,16.26,95,71,Pacitan,-8.1845,111.1014
2021-12-25,29.1,24.7,27.0,3.7,3.7,3.98,14.1,19.89,93,75,Pacitan,-8.1845,111.1014
2021-12-26,29.6,25.1,27.0,1.8,1.8,4.19,16.9,21.73,93,78,Pacitan,-8.1845,111.1014
2021-12-27,29.7,24.6,26.6,3.0,3.0,4.34,14.8,22.55,96,77,Pacitan,-8.1845,111.1014
2021-12-28,29.9,24.0,26.6,13.3,13.3,4.82,12.8,24.77,93,76,Pacitan,-8.1845,111.1014
2021-12-29,29.2,23.0,26.2,3.6,3.6,3.81,12.8,19.22,94,74,Pacitan,-8.1845,111.1014
2021-12-30,28.0,24.5,25.9,18.8,18.8,2.54,14.2,12.67,95,82,Pacitan,-8.1845,111.1014
2021-12-31,29.4,24.2,26.2,10.1,10.1,3.85,17.8,19.96,95,75,Pacitan,-8.1845,111.1014
2022-01-01,30.3,24.3,26.4,8.8,8.8,4.12,17.0,20.89,92,72,Pacitan,-8.1845,111.1014
2022-01-02,28.6,24.1,25.9,2.0,2.0,3.72,13.2,19.86,93,80,Pacitan,-8.1845,111.1014
2022-01-03,29.3,24.1,26.5,0.5,0.5,4.95,14.0,25.12,94,67,Pacitan,-8.1845,111.1014
2022-01-04,29.4,23.2,26.4,1.0,1.0,4.89,12.6,24.78,94,69,Pacitan,-8.1845,111.1014
2022-01-05,29.8,23.6,26.8,0.2,0.2,5.13,9.7,25.39,88,64,Pacitan,-8.1845,111.1014
2022-01-06,29.9,23.7,26.8,0.0,0.0,5.46,12.1,27.14,86,63,Pacitan,-8.1845,111.1014
2022-01-07,29.9,25.3,27.5,0.3,0.3,5.15,14.3,24.97,86,66,Pacitan,-8.1845,111.1014
2022-01-08,30.1,24.4,27.2,0.2,0.2,4.8,11.9,23.45,87,68,Pacitan,-8.1845,111.1014
2022-01-09,28.8,24.3,26.1,11.4,11.4,3.65,14.9,18.92,94,81,Pacitan,-8.1845,111.1014
2022-01-10,30.0,24.2,26.6,6.1,6.1,4.07,15.8,20.29,95,71,Pacitan,-8.1845,111.1014
2022-01-11,29.1,24.5,25.8,18.4,18.4,2.55,16.1,12.47,93,76,Pacitan,-8.1845,111.1014
2022-01-12,28.5,24.6,26.1,3.9,3.9,2.17,15.7,8.82,90,74,Pacitan,-8.1845,111.1014
2022-01-13,29.2,24.4,26.3,12.3,12.3,2.96,12.6,14.17,92,73,Pacitan,-8.1845,111.1014
2022-01-14,31.2,24.7,27.1,10.0,10.0,4.65,14.9,22.54,89,68,Pacitan,-8.1845,111.1014
2022-01-15,29.3,24.7,26.6,7.4,7.4,3.42,19.5,16.87,91,75,Pacitan,-8.1845,111.1014
2022-01-16,31.0,24.7,27.1,1.2,1.2,4.23,15.4,19.71,93,67,Pacitan,-8.1845,111.1014
2022-01-17,29.7,24.5,26.2,15.3,15.3,3.94,18.0,20.12,94,73,Pacitan,-8.1845,111.1014
2022-01-18,29.2,24.2,26.0,10.6,10.6,3.51,17.0,18.11,95,76,Pacitan,-8.1845,111.1014
2022-01-19,28.2,23.3,25.2,13.7,13.7,3.23,17.3,17.22,93,80,Pacitan,-8.1845,111.1014
2022-01-20,25.8,23.3,24.3,44.0,44.0,1.41,13.8,6.37,94,87,Pacitan,-8.1845,111.1014
2022-01-21,27.4,23.4,25.3,13.5,13.5,1.87,12.5,8.44,95,81,Pacitan,-8.1845,111.1014
2022-01-22,29.2,23.7,25.8,18.7,18.7,2.95,13.8,14.76,94,75,Pacitan,-8.1845,111.1014
2022-01-23,29.6,24.5,26.6,11.5,11.5,4.07,17.9,20.59,93,75,Pacitan,-8.1845,111.1014
2022-01-24,30.0,24.6,27.2,0.0,0.0,4.91,22.7,23.8,92,67,Pacitan,-8.1845,111.1014
2022-01-25,30.5,25.5,27.2,2.6,2.6,4.41,21.6,21.14,89,72,Pacitan,-8.1845,111.1014
2022-01-26,30.5,24.7,27.0,12.3,12.3,4.02,19.2,19.67,91,74,Pacitan,-8.1845,111.1014
2022-01-27,29.2,24.7,26.5,2.7,2.7,3.85,19.4,19.56,90,79,Pacitan,-8.1845,111.1014
2022-01-28,29.2,24.6,26.2,1.6,1.6,3.28,15.5,16.65,92,77,Pacitan,-8.1845,111.1014
2022-01-29,30.2,24.5,27.0,0.8,0.8,4.56,13.9,22.55,91,68,Pacitan,-8.1845,111.1014
2022-01-30,29.7,24.7,26.9,1.2,1.2,4.56,13.6,23.19,91,74,Pacitan,-8.1845,111.1014
2022-01-31,30.8,24.3,26.9,6.3,6.3,4.6,15.3,23.34,91,72,Pacitan,-8.1845,111.1014
2022-02-01,29.5,24.9,26.8,7.7,7.7,3.63,16.1,17.58,93,72,Pacitan,-8.1845,111.1014
2022-02-02,31.8,24.6,27.1,2.1,2.1,4.55,14.1,21.88,91,62,Pacitan,-8.1845,111.1014
2022-02-03,30.1,23.6,27.1,1.5,1.5,4.77,11.9,23.34,92,70,Pacitan,-8.1845,111.1014
2022-02-04,29.9,24.0,26.8,8.1,8.1,4.06,13.7,19.76,94,73,Pacitan,-8.1845,111.1014
2022-02-05,27.5,24.1,25.4,17.3,17.3,2.21,14.9,11.17,94,84,Pacitan,-8.1845,111.1014
2022-02-06,29.0,24.4,26.2,19.1,19.1,2.93,10.9,14.39,94,80,Pacitan,-8.1845,111.1014
2022-02-07,31.5,24.8,27.6,0.3,0.3,4.37,20.8,20.05,92,65,Pacitan,-8.1845,111.1014
2022-02-08,31.6,24.8,27.5,2.6,2.6,4.57,18.1,21.27,94,63,Pacitan,-8.1845,111.1014
2022-02-09,29.4,23.5,26.4,5.9,5.9,3.39,16.1,16.75,96,78,Pacitan,-8.1845,111.1014
2022-02-10,30.8,25.0,27.5,4.1,4.1,4.79,18.6,22.4,89,64,Pacitan,-8.1845,111.1014
2022-02-11,29.7,24.4,26.9,0.4,0.4,3.05,14.2,13.24,96,62,Pacitan,-8.1845,111.1014
2022-02-12,31.4,24.2,26.9,13.0,13.0,3.83,15.0,18.42,91,62,Pacitan,-8.1845,111.1014
2022-02-13,29.9,24.9,26.5,36.6,36.6,3.52,7.9,17.09,94,70,Pacitan,-8.1845,111.1014
2022-02-14,28.0,24.2,25.9,17.3,17.3,2.32,6.8,10.61,95,73,Pacitan,-8.1845,111.1014
2022-02-15,26.1,24.1,25.1,26.1,26.1,1.34,12.8,6.2,97,87,Pacitan,-8.1845,111.1014
2022-02-16,28.8,23.8,26.2,3.9,3.9,4.22,13.8,21.98,97,78,Pacitan,-8.1845,111.1014
2022-02-17,29.4,23.9,26.1,40.6,40.6,3.38,9.0,17.01,98,79,Pacitan,-8.1845,111.1014
2022-02-18,29.0,24.6,26.0,24.1,24.1,3.11,8.8,15.51,97,80,Pacitan,-8.1845,111.1014
2022-02-19,29.6,24.5,26.5,2.4,2.4,3.65,9.1,17.95,95,77,Pacitan,-8.1845,111.1014
2022-02-20,28.6,23.9,26.4,4.8,4.8,3.07,11.3,15.36,96,78,Pacitan,-8.1845,111.1014
2022-02-21,28.1,24.3,26.4,14.9,14.9,3.02,12.8,15.26,94,81,Pacitan,-8.1845,111.1014
2022-02-22,29.7,23.7,26.2,3.9,3.9,4.12,16.7,20.8,98,71,Pacitan,-8.1845,111.1014
2022-02-23,29.7,23.6,26.4,1.6,1.6,5.16,18.4,26.82,94,71,Pacitan,-8.1845,111.1014
2022-02-24,28.3,23.8,25.7,3.5,3.5,3.7,21.5,20.15,93,78,Pacitan,-8.1845,111.1014
2022-02-25,29.5,24.5,26.0,14.3,14.3,3.51,19.2,17.84,92,75,Pacitan,-8.1845,111.1014
2022-02-26,29.1,24.4,26.2,6.9,6.9,3.58,14.3,17.63,93,75,Pacitan,-8.1845,111.1014
2022-02-27,30.6,24.4,26.8,6.3,6.3,4.28,13.0,20.61,89,66,Pacitan,-8.1845,111.1014
2022-02-28,30.5,24.6,26.6,10.8,10.8,3.91,19.1,18.31,90,69,Pacitan,-8.1845,111.1014
2022-03-01,30.7,24.7,26.7,3.4,3.4,4.58,23.2,21.98,89,65,Pacitan,-8.1845,111.1014
2022-03-02,29.2,24.8,26.1,8.5,8.5,3.74,20.9,18.76,91,75,Pacitan,-8.1845,111.1014
2022-03-03,29.1,24.4,26.2,15.6,15.6,3.56,16.5,18.14,93,77,Pacitan,-8.1845,111.1014
2022-03-04,29.2,24.5,26.4,6.1,6.1,4.01,14.2,20.9,94,79,Pacitan,-8.1845,111.1014
2022-03-05,29.1,24.4,26.2,10.1,10.1,3.91,12.8,20.02,96,78,Pacitan,-8.1845,111.1014
2022-03-06,28.4,24.4,25.8,10.4,10.4,3.54,12.6,18.42,97,79,Pacitan,-8.1845,111.1014
2022-03-07,27.9,24.3,25.4,12.9,12.9,2.86,13.5,14.95,96,83,Pacitan,-8.1845,111.1014
2022-03-08,28.9,24.5,26.1,5.8,5.8,3.72,11.0,19.3,97,80,Pacitan,-8.1845,111.1014
2022-03-09,28.8,24.8,26.3,6.2,6.2,3.61,9.1,18.55,96,81,Pacitan,-8.1845,111.1014
2022-03-10,29.0,24.8,26.4,9.1,9.1,3.93,12.7,20.22,96,79,Pacitan,-8.1845,111.1014
2022-03-11,29.7,24.2,25.9,23.5,23.5,2.69,12.7,13.3,97,79,Pacitan,-8.1845,111.1014
2022-03-12,29.5,24.0,26.2,11.7,11.7,3.09,9.2,15.58,97,81,Pacitan,-8.1845,111.1014
2022-03-13,29.8,24.1,27.0,2.6,2.6,4.11,12.2,20.68,96,78,Pacitan,-8.1845,111.1014
2022-03-14,29.6,24.9,26.9,15.1,15.1,4.28,13.8,22.63,94,81,Pacitan,-8.1845,111.1014
2022-03-15,28.6,23.7,25.8,28.8,28.8,2.97,10.5,15.07,97,81,Pacitan,-8.1845,111.1014
2022-03-16,28.7,24.5,26.5,5.6,5.6,3.2,8.5,16.15,97,83,Pacitan,-8.1845,111.1014
2022-03-17,30.5,24.8,27.4,4.7,4.7,4.37,14.3,22.69,93,79,Pacitan,-8.1845,111.1014
2022-03-18,30.0,25.0,27.2,4.6,4.6,4.25,10.7,21.64,96,79,Pacitan,-8.1845,111.1014
2022-03-19,29.0,24.4,25.9,3.9,3.9,3.59,13.7,19.09,97,80,Pacitan,-8.1845,111.1014
2022-03-20,29.6,24.6,26.6,3.1,3.1,3.86,16.0,19.52,95,72,Pacitan,-8.1845,111.1014
2022-03-21,30.1,24.8,26.8,5.8,5.8,3.65,17.7,17.72,90,75,Pacitan,-8.1845,111.1014
2022-03-22,32.0,24.6,27.7,1.0,1.0,4.51,12.3,21.37,94,60,Pacitan,-8.1845,111.1014
2022-03-23,29.6,24.3,26.6,14.5,14.5,3.91,9.3,19.48,94,75,Pacitan,-8.1845,111.1014
2022-03-24,30.7,24.3,26.6,12.8,12.8,4.2,8.6,20.61,99,70,Pacitan,-8.1845,111.1014
2022-03-25,29.6,24.4,27.1,2.1,2.1,3.38,7.8,16.59,93,77,Pacitan,-8.1845,111.1014
2022-03-26,29.4,24.4,26.5,13.8,13.8,3.89,11.8,19.51,97,75,Pacitan,-8.1845,111.1014
2022-03-27,28.1,24.5,26.2,17.2,17.2,3.03,13.3,15.61,95,77,Pacitan,-8.1845,111.1014
2022-03-28,31.0,24.5,26.8,9.8,9.8,3.98,8.8,19.1,94,67,Pacitan,-8.1845,111.1014
2022-03-29,30.4,23.9,27.0,1.3,1.3,4.43,8.0,22.21,94,70,Pacitan,-8.1845,111.1014
2022-03-30,30.0,24.7,27.0,0.3,0.3,4.43,10.0,22.53,93,78,Pacitan,-8.1845,111.1014
2022-03-31,29.9,24.6,26.8,6.0,6.0,3.97,9.6,20.15,93,77,Pacitan,-8.1845,111.1014
2022-04-01,29.5,24.0,26.4,4.1,4.1,3.91,8.7,19.83,97,78,Pacitan,-8.1845,111.1014
2022-04-02,30.0,24.4,26.8,6.7,6.7,3.99,7.9,19.75,92,75,Pacitan,-8.1845,111.1014
2022-04-03,29.1,24.3,26.3,13.0,13.0,4.04,10.0,20.91,96,75,Pacitan,-8.1845,111.1014
2022-04-04,29.1,23.6,26.0,8.4,8.4,3.9,12.1,20.24,97,77,Pacitan,-8.1845,111.1014
2022-04-05,28.8,24.6,26.4,2.7,2.7,4.04,11.0,21.34,96,80,Pacitan,-8.1845,111.1014
2022-04-06,28.3,23.1,25.9,2.4,2.4,4.02,10.9,21.03,96,80,Pacitan,-8.1845,111.1014
2022-04-07,27.8,24.0,25.7,10.1,10.1,3.06,11.5,15.97,95,83,Pacitan,-8.1845,111.1014
2022-04-08,28.0,24.0,25.8,2.0,2.0,3.44,12.5,18.13,96,81,Pacitan,-8.1845,111.1014
2022-04-09,28.4,24.2,26.0,2.8,2.8,3.36,9.5,17.46,95,80,Pacitan,-8.1845,111.1014
2022-04-10,29.0,24.0,26.2,4.4,4.4,3.56,8.8,18.04,94,77,Pacitan,-8.1845,111.1014
2022-04-11,30.0,24.3,27.0,1.4,1.4,4.5,13.0,22.71,92,74,Pacitan,-8.1845,111.1014
2022-04-12,30.0,23.7,27.0,1.5,1.5,4.49,12.5,22.09,91,66,Pacitan,-8.1845,111.1014
2022-04-13,29.9,24.4,27.0,0.3,0.3,4.51,12.2,22.69,89,70,Pacitan,-8.1845,111.1014
2022-04-14,30.0,23.8,26.6,2.1,2.1,4.3,15.5,21.95,92,75,Pacitan,-8.1845,111.1014
2022-04-15,30.4,24.0,27.1,3.9,3.9,4.57,10.5,22.8,90,72,Pacitan,-8.1845,111.1014
2022-04-16,29.8,24.1,26.8,2.5,2.5,4.03,10.2,20.43,93,77,Pacitan,-8.1845,111.1014
2022-04-17,30.2,24.2,27.0,4.1,4.1,4.03,10.2,20.26,92,77,Pacitan,-8.1845,111.1014
2022-04-18,30.1,24.2,26.8,11.8,11.8,3.64,9.4,18.22,96,77,Pacitan,-8.1845,111.1014
2022-04-19,29.1,24.6,26.3,11.9,11.9,3.11,7.4,15.59,95,82,Pacitan,-8.1845,111.1014
2022-04-20,29.5,24.4,26.2,9.1,9.1,3.04,9.7,15.16,94,73,Pacitan,-8.1845,111.1014
2022-04-21,29.1,24.2,25.8,30.0,30.0,2.29,11.6,11.44,95,78,Pacitan,-8.1845,111.1014
2022-04-22,30.6,24.7,27.0,9.2,9.2,3.67,11.0,18.46,96,77,Pacitan,-8.1845,111.1014
2022-04-23,30.3,24.3,27.0,9.4,9.4,3.98,11.2,20.0,93,74,Pacitan,-8.1845,111.1014
2022-04-24,28.5,24.5,26.3,8.3,8.3,2.88,9.4,14.6,96,83,Pacitan,-8.1845,111.1014
2022-04-25,29.6,25.0,26.8,5.3,5.3,3.85,15.6,20.12,94,77,Pacitan,-8.1845,111.1014
2022-04-26,30.1,23.9,26.4,7.0,7.0,3.46,7.3,17.2,93,74,Pacitan,-8.1845,111.1014
2022-04-27,31.1,23.7,26.8,16.4,16.4,3.75,8.6,18.51,93,72,Pacitan,-8.1845,111.1014
2022-04-28,31.1,25.2,27.2,15.6,15.6,3.69,9.8,17.62,95,69,Pacitan,-8.1845,111.1014
2022-04-29,30.3,24.8,26.8,7.6,7.6,3.52,8.9,17.51,97,69,Pacitan,-8.1845,111.1014
2022-04-30,29.5,24.3,26.3,19.5,19.5,3.07,7.6,15.57,98,79,Pacitan,-8.1845,111.1014
2022-05-01,29.6,24.6,26.9,6.7,6.7,3.55,9.5,17.96,94,80,Pacitan,-8.1845,111.1014
2022-05-02,30.0,25.4,27.4,4.0,4.0,3.74,17.9,19.21,93,74,Pacitan,-8.1845,111.1014
2022-05-03,29.8,25.5,27.5,5.9,5.9,3.77,16.8,19.0,92,78,Pacitan,-8.1845,111.1014
2022-05-04,29.3,25.6,27.2,1.3,1.3,3.68,18.7,18.95,93,78,Pacitan,-8.1845,111.1014
2022-05-05,29.6,24.8,27.1,1.6,1.6,3.86,15.2,19.54,93,74,Pacitan,-8.1845,111.1014
2022-05-06,29.5,24.5,27.1,2.1,2.1,3.82,16.4,20.05,95,80,Pacitan,-8.1845,111.1014
2022-05-07,29.6,25.3,27.2,7.7,7.7,3.72,14.1,19.16,93,79,Pacitan,-8.1845,111.1014
2022-05-08,28.3,24.4,26.3,9.1,9.1,2.74,10.6,14.02,95,84,Pacitan,-8.1845,111.1014
2022-05-09,29.7,24.8,27.2,0.9,0.9,3.49,10.7,17.55,95,79,Pacitan,-8.1845,111.1014
2022-05-10,30.3,24.3,27.2,5.6,5.6,3.29,11.4,16.39,94,79,Pacitan,-8.1845,111.1014
2022-05-11,30.9,25.4,27.3,15.5,15.5,3.68,10.6,18.28,93,75,Pacitan,-8.1845,111.1014
2022-05-12,30.7,24.7,27.2,8.8,8.8,3.03,11.4,14.8,95,75,Pacitan,-8.1845,111.1014
2022-05-13,30.2,25.3,27.5,7.5,7.5,3.78,9.7,18.81,96,77,Pacitan,-8.1845,111.1014
2022-05-14,28.6,25.1,26.5,7.9,7.9,3.05,9.2,15.48,96,83,Pacitan,-8.1845,111.1014
2022-05-15,29.7,25.0,27.2,3.1,3.1,3.48,14.2,17.79,94,79,Pacitan,-8.1845,111.1014
2022-05-16,30.1,24.8,27.2,0.6,0.6,4.07,11.6,20.51,94,73,Pacitan,-8.1845,111.1014
2022-05-17,30.2,23.4,27.1,0.8,0.8,4.07,9.1,20.11,93,70,Pacitan,-8.1845,111.1014
2022-05-18,29.8,24.5,26.9,3.0,3.0,3.65,11.1,18.7,94,76,Pacitan,-8.1845,111.1014
2022-05-19,28.6,24.0,26.1,16.9,16.9,2.29,10.9,11.5,97,83,Pacitan,-8.1845,111.1014
2022-05-20,28.4,25.1,26.5,14.7,14.7,2.41,11.6,12.16,96,83,Pacitan,-8.1845,111.1014
2022-05-21,28.0,24.8,26.1,6.3,6.3,2.0,5.4,9.72,97,83,Pacitan,-8.1845,111.1014
2022-05-22,28.6,24.2,26.2,27.1,27.1,3.03,8.7,15.44,97,80,Pacitan,-8.1845,111.1014
2022-05-23,29.5,24.1,26.7,1.2,1.2,3.7,9.7,18.46,94,75,Pacitan,-8.1845,111.1014
2022-05-24,31.5,23.5,27.0,1.0,1.0,4.04,12.2,19.61,90,61,Pacitan,-8.1845,111.1014
2022-05-25,30.1,25.0,27.1,16.8,16.8,3.11,9.2,15.35,94,76,Pacitan,-8.1845,111.1014
2022-05-26,27.2,24.2,25.3,52.7,52.7,1.59,12.0,7.51,95,86,Pacitan,-8.1845,111.1014
2022-05-27,29.8,23.9,26.5,2.4,2.4,3.46,10.9,16.8,93,72,Pacitan,-8.1845,111.1014
2022-05-28,31.1,23.1,26.8,7.6,7.6,4.1,7.1,20.17,97,67,Pacitan,-8.1845,111.1014
2022-05-29,31.5,23.7,26.8,4.2,4.2,3.81,9.7,18.39,95,61,Pacitan,-8.1845,111.1014
2022-05-30,31.9,24.0,27.3,0.3,0.3,4.1,8.9,19.65,95,58,Pacitan,-8.1845,111.1014
2022-05-31,30.3,23.5,26.2,15.8,15.8,3.61,12.9,18.19,96,67,Pacitan,-8.1845,111.1014
2022-06-01,27.4,23.9,25.6,21.9,21.9,1.69,7.3,8.02,96,83,Pacitan,-8.1845,111.1014
2022-06-02,29.4,23.7,26.5,0.3,0.3,3.93,12.2,19.98,93,74,Pacitan,-8.1845,111.1014
2022-06-03,28.4,23.8,26.1,5.5,5.5,3.39,10.5,17.56,96,77,Pacitan,-8.1845,111.1014
2022-06-04,28.6,23.9,26.0,6.2,6.2,3.36,12.3,17.47,94,79,Pacitan,-8.1845,111.1014
2022-06-05,28.0,24.0,25.8,8.0,8.0,2.86,13.4,15.12,95,81,Pacitan,-8.1845,111.1014
2022-06-06,27.8,23.6,25.9,5.5,5.5,2.74,13.4,14.04,95,81,Pacitan,-8.1845,111.1014
2022-06-07,29.5,23.4,26.5,7.0,7.0,3.43,17.7,17.55,95,76,Pacitan,-8.1845,111.1014
2022-06-08,29.8,23.7,25.8,17.8,17.8,2.87,7.6,14.42,95,75,Pacitan,-8.1845,111.1014
2022-06-09,29.2,23.7,26.0,2.3,2.3,3.13,10.2,16.05,97,79,Pacitan,-8.1845,111.1014
2022-06-10,29.9,23.3,26.5,1.8,1.8,3.42,9.7,16.84,93,67,Pacitan,-8.1845,111.1014
2022-06-11,29.4,24.4,26.4,13.4,13.4,3.03,9.3,15.43,93,81,Pacitan,-8.1845,111.1014
2022-06-12,28.7,24.0,25.8,11.4,11.4,2.96,9.0,15.17,96,80,Pacitan,-8.1845,111.1014
2022-06-13,28.0,23.7,25.6,20.2,20.2,2.41,7.8,12.21,95,82,Pacitan,-8.1845,111.1014
2022-06-14,27.8,24.2,25.8,15.1,15.1,2.51,11.7,13.15,96,82,Pacitan,-8.1845,111.1014
2022-06-15,29.8,23.7,26.5,17.0,17.0,3.09,8.7,15.33,95,72,Pacitan,-8.1845,111.1014
2022-06-16,28.4,24.0,26.0,5.3,5.3,3.03,13.5,15.9,96,81,Pacitan,-8.1845,111.1014
2022-06-17,28.0,23.4,25.7,16.6,16.6,2.75,10.2,14.24,94,82,Pacitan,-8.1845,111.1014
2022-06-18,28.9,23.8,26.3,1.4,1.4,3.35,14.5,17.48,91,81,Pacitan,-8.1845,111.1014
2022-06-19,29.0,24.1,26.4,0.7,0.7,3.38,17.5,17.52,91,77,Pacitan,-8.1845,111.1014
2022-06-20,28.2,24.3,26.1,2.4,2.4,3.25,18.8,16.92,90,78,Pacitan,-8.1845,111.1014
2022-06-21,29.1,24.9,26.7,0.3,0.3,3.74,18.2,17.37,88,75,Pacitan,-8.1845,111.1014
2022-06-22,29.4,25.4,26.9,0.0,0.0,4.27,21.3,19.47,86,65,Pacitan,-8.1845,111.1014
2022-06-23,28.3,25.1,26.2,2.2,2.2,3.44,23.8,17.4,87,75,Pacitan,-8.1845,111.1014
2022-06-24,29.3,25.0,26.9,0.5,0.5,4.22,23.8,17.97,85,66,Pacitan,-8.1845,111.1014
2022-06-25,27.9,24.7,26.2,5.0,5.0,3.34,18.6,16.16,89,76,Pacitan,-8.1845,111.1014
2022-06-26,28.9,24.6,26.6,1.5,1.5,3.69,22.6,16.71,92,67,Pacitan,-8.1845,111.1014
2022-06-27,28.3,24.1,26.4,1.3,1.3,3.89,26.1,17.72,94,68,Pacitan,-8.1845,111.1014
2022-06-28,28.8,23.5,26.3,0.1,0.1,4.47,18.2,20.18,83,63,Pacitan,-8.1845,111.1014
2022-06-29,28.9,23.8,26.5,0.0,0.0,4.81,15.8,21.07,76,61,Pacitan,-8.1845,111.1014
2022-06-30,28.0,23.6,26.1,0.5,0.5,3.68,18.5,17.94,84,75,Pacitan,-8.1845,111.1014
2022-07-01,27.6,23.8,25.9,0.7,0.7,3.69,26.1,17.82,93,74,Pacitan,-8.1845,111.1014
2022-07-02,27.7,24.7,26.1,2.8,2.8,3.2,22.2,15.92,90,80,Pacitan,-8.1845,111.1014
2022-07-03,29.6,23.9,26.3,15.0,15.0,3.24,9.2,16.47,96,74,Pacitan,-8.1845,111.1014
2022-07-04,30.4,23.5,26.8,3.4,3.4,3.61,9.8,17.89,97,71,Pacitan,-8.1845,111.1014
2022-07-05,29.9,24.3,26.7,4.6,4.6,3.54,9.8,17.72,96,76,Pacitan,-8.1845,111.1014
2022-07-06,28.4,24.2,26.0,2.6,2.6,3.39,20.0,17.66,97,76,Pacitan,-8.1845,111.1014
2022-07-07,28.2,23.7,25.7,0.2,0.2,3.74,18.7,19.14,92,73,Pacitan,-8.1845,111.1014
2022-07-08,28.0,22.9,25.2,0.1,0.1,4.07,19.1,19.94,92,67,Pacitan,-8.1845,111.1014
2022-07-09,27.2,22.9,25.1,1.2,1.2,3.89,20.0,18.67,85,68,Pacitan,-8.1845,111.1014
2022-07-10,28.0,23.5,25.7,0.4,0.4,3.66,19.3,17.37,87,70,Pacitan,-8.1845,111.1014
2022-07-11,28.4,23.8,26.0,1.9,1.9,3.47,21.5,17.73,94,75,Pacitan,-8.1845,111.1014
2022-07-12,28.3,24.4,26.1,1.3,1.3,3.52,23.2,18.32,93,76,Pacitan,-8.1845,111.1014
2022-07-13,29.3,24.0,25.9,9.3,9.3,3.37,14.4,17.47,96,75,Pacitan,-8.1845,111.1014
2022-07-14,28.1,23.3,25.8,2.0,2.0,3.18,20.7,16.6,96,79,Pacitan,-8.1845,111.1014
2022-07-15,27.8,24.2,25.9,3.9,3.9,3.09,24.6,15.1,94,77,Pacitan,-8.1845,111.1014
2022-07-16,27.7,24.2,25.8,3.0,3.0,3.35,19.0,17.55,92,78,Pacitan,-8.1845,111.1014
2022-07-17,28.1,24.1,25.7,0.3,0.3,3.03,21.0,14.52,91,74,Pacitan,-8.1845,111.1014
2022-07-18,27.7,24.5,25.7,2.1,2.1,2.94,20.8,14.41,90,78,Pacitan,-8.1845,111.1014
2022-07-19,29.2,23.9,25.8,0.0,0.0,4.13,21.1,21.05,92,69,Pacitan,-8.1845,111.1014
2022-07-20,28.2,22.9,25.3,0.0,0.0,3.81,21.5,19.5,92,71,Pacitan,-8.1845,111.1014
2022-07-21,27.5,24.0,25.5,0.7,0.7,3.33,21.4,15.56,86,75,Pacitan,-8.1845,111.1014
2022-07-22,28.4,24.2,25.9,0.0,0.0,3.7,21.4,16.81,89,68,Pacitan,-8.1845,111.1014
2022-07-23,28.2,24.2,25.8,1.0,1.0,3.9,20.4,19.06,90,71,Pacitan,-8.1845,111.1014
2022-07-24,27.8,23.6,25.3,0.2,0.2,4.31,25.1,18.45,89,64,Pacitan,-8.1845,111.1014
2022-07-25,27.7,23.1,25.0,0.0,0.0,5.16,23.5,21.7,74,54,Pacitan,-8.1845,111.1014
2022-07-26,28.5,22.4,25.1,0.0,0.0,4.45,21.4,21.12,87,63,Pacitan,-8.1845,111.1014
2022-07-27,28.5,23.0,25.6,0.1,0.1,3.68,19.0,18.27,91,71,Pacitan,-8.1845,111.1014
2022-07-28,28.1,23.3,25.5,0.1,0.1,3.55,19.9,17.75,94,75,Pacitan,-8.1845,111.1014
2022-07-29,28.4,22.9,25.5,0.0,0.0,3.68,18.8,18.59,92,73,Pacitan,-8.1845,111.1014
2022-07-30,27.5,23.7,25.3,0.1,0.1,3.29,17.8,15.51,94,74,Pacitan,-8.1845,111.1014
2022-07-31,28.9,22.7,25.2,0.0,0.0,4.12,19.9,21.69,93,70,Pacitan,-8.1845,111.1014
2022-08-01,29.5,21.5,25.3,0.0,0.0,4.15,15.8,21.7,94,70,Pacitan,-8.1845,111.1014
2022-08-02,29.0,23.1,25.5,1.3,1.3,3.13,16.7,15.58,96,72,Pacitan,-8.1845,111.1014
2022-08-03,28.6,23.3,25.5,4.1,4.1,3.0,16.8,15.68,96,77,Pacitan,-8.1845,111.1014
2022-08-04,28.8,23.3,25.6,0.0,0.0,4.45,19.2,22.74,96,67,Pacitan,-8.1845,111.1014
2022-08-05,28.7,22.2,25.2,0.0,0.0,4.31,16.8,22.27,90,68,Pacitan,-8.1845,111.1014
2022-08-06,28.3,22.2,25.2,2.1,2.1,3.84,17.4,19.8,93,72,Pacitan,-8.1845,111.1014
2022-08-07,27.8,23.0,25.2,4.4,4.4,3.05,19.1,14.64,94,73,Pacitan,-8.1845,111.1014
2022-08-08,27.2,23.6,25.3,2.7,2.7,3.09,19.1,15.59,94,76,Pacitan,-8.1845,111.1014
2022-08-09,28.2,23.9,25.6,0.5,0.5,3.91,23.3,19.28,91,71,Pacitan,-8.1845,111.1014
2022-08-10,28.6,23.5,25.8,1.6,1.6,3.64,21.5,18.31,94,74,Pacitan,-8.1845,111.1014
2022-08-11,28.4,24.3,26.1,3.6,3.6,3.47,17.9,17.36,93,75,Pacitan,-8.1845,111.1014
2022-08-12,29.7,24.5,26.5,5.6,5.6,3.51,14.2,17.61,96,77,Pacitan,-8.1845,111.1014
2022-08-13,29.4,23.5,25.7,14.2,14.2,3.37,11.6,17.23,98,77,Pacitan,-8.1845,111.1014
2022-08-14,29.2,23.0,25.6,3.4,3.4,3.41,10.7,17.34,96,74,Pacitan,-8.1845,111.1014
2022-08-15,29.3,23.0,25.7,12.5,12.5,3.53,14.9,18.0,94,74,Pacitan,-8.1845,111.1014
2022-08-16,29.0,22.5,25.7,1.7,1.7,3.84,15.9,19.46,94,77,Pacitan,-8.1845,111.1014
2022-08-17,28.5,24.0,26.0,0.4,0.4,4.18,22.4,19.73,92,70,Pacitan,-8.1845,111.1014
2022-08-18,27.6,23.5,25.5,2.6,2.6,3.75,24.8,17.89,91,74,Pacitan,-8.1845,111.1014
2022-08-19,28.0,24.3,25.8,2.2,2.2,3.79,26.5,17.75,89,73,Pacitan,-8.1845,111.1014
2022-08-20,28.2,24.2,25.7,0.0,0.0,4.74,26.7,20.6,83,67,Pacitan,-8.1845,111.1014
2022-08-21,28.3,24.2,26.0,0.2,0.2,4.04,19.4,17.58,82,69,Pacitan,-8.1845,111.1014
2022-08-22,29.0,24.1,26.1,0.0,0.0,4.68,22.6,21.71,84,67,Pacitan,-8.1845,111.1014
2022-08-23,28.9,24.2,26.0,0.0,0.0,4.51,25.8,19.93,86,63,Pacitan,-8.1845,111.1014
2022-08-24,28.6,23.8,25.9,0.0,0.0,4.83,22.6,20.99,80,63,Pacitan,-8.1845,111.1014
2022-08-25,28.4,23.0,25.4,0.1,0.1,4.06,21.6,18.68,87,65,Pacitan,-8.1845,111.1014
2022-08-26,28.1,23.8,25.6,1.4,1.4,3.86,22.2,19.15,91,73,Pacitan,-8.1845,111.1014
2022-08-27,28.0,24.0,25.5,1.3,1.3,3.72,23.5,17.14,91,72,Pacitan,-8.1845,111.1014
2022-08-28,28.1,23.6,25.5,0.5,0.5,4.47,20.2,19.92,86,62,Pacitan,-8.1845,111.1014
2022-08-29,28.6,23.4,25.7,0.1,0.1,4.35,19.6,19.99,84,62,Pacitan,-8.1845,111.1014
2022-08-30,27.8,23.3,25.2,2.3,2.3,2.75,19.1,13.18,95,73,Pacitan,-8.1845,111.1014
2022-08-31,27.8,23.5,25.4,1.5,1.5,3.35,16.1,17.55,95,78,Pacitan,-8.1845,111.1014
2022-09-01,29.3,23.5,26.1,0.3,0.3,4.29,19.0,21.84,94,72,Pacitan,-8.1845,111.1014
2022-09-02,29.7,23.5,26.3,0.0,0.0,4.55,18.9,22.91,94,69,Pacitan,-8.1845,111.1014
2022-09-03,29.4,24.3,26.2,0.8,0.8,4.43,17.1,22.33,95,66,Pacitan,-8.1845,111.1014
2022-09-04,28.8,23.5,25.8,0.5,0.5,4.13,15.9,20.7,95,70,Pacitan,-8.1845,111.1014
2022-09-05,29.2,23.0,26.0,0.5,0.5,4.35,14.3,21.96,95,69,Pacitan,-8.1845,111.1014
2022-09-06,29.0,23.3,26.0,1.5,1.5,4.15,17.3,21.19,94,69,Pacitan,-8.1845,111.1014
2022-09-07,29.6,23.7,26.3,2.5,2.5,4.4,20.3,21.73,93,70,Pacitan,-8.1845,111.1014
2022-09-08,29.7,24.1,26.1,7.4,7.4,3.74,15.0,18.51,96,71,Pacitan,-8.1845,111.1014
2022-09-09,29.4,23.6,25.9,10.2,10.2,3.19,13.7,16.14,96,76,Pacitan,-8.1845,111.1014
2022-09-10,27.7,24.3,25.4,16.5,16.5,3.06,14.5,15.86,96,78,Pacitan,-8.1845,111.1014
2022-09-11,26.8,23.7,25.0,4.7,4.7,2.59,18.5,13.32,97,82,Pacitan,-8.1845,111.1014
2022-09-12,30.4,22.7,26.1,0.3,0.3,4.64,14.2,23.38,96,65,Pacitan,-8.1845,111.1014
2022-09-13,29.2,23.5,26.3,0.4,0.4,4.56,20.6,22.84,94,72,Pacitan,-8.1845,111.1014
2022-09-14,29.0,23.8,26.2,0.2,0.2,4.69,21.8,23.03,91,70,Pacitan,-8.1845,111.1014
2022-09-15,28.1,23.6,25.4,3.2,3.2,3.66,22.1,18.9,92,75,Pacitan,-8.1845,111.1014
2022-09-16,28.7,23.1,25.8,2.3,2.3,4.15,21.9,21.21,94,75,Pacitan,-8.1845,111.1014
2022-09-17,29.4,23.8,26.2,0.0,0.0,4.91,20.2,23.7,90,65,Pacitan,-8.1845,111.1014
2022-09-18,29.1,23.9,26.2,0.1,0.1,4.35,16.4,20.56,90,66,Pacitan,-8.1845,111.1014
2022-09-19,29.0,23.7,26.1,1.5,1.5,4.47,20.7,21.45,92,67,Pacitan,-8.1845,111.1014
2022-09-20,28.4,24.1,25.9,1.7,1.7,3.7,21.9,16.56,87,70,Pacitan,-8.1845,111.1014
2022-09-21,29.0,23.9,26.0,2.1,2.1,3.7,19.6,17.7,92,72,Pacitan,-8.1845,111.1014
2022-09-22,29.0,24.7,26.4,2.8,2.8,3.89,22.2,17.89,89,70,Pacitan,-8.1845,111.1014
2022-09-23,29.2,24.0,26.1,5.1,5.1,3.69,19.3,18.11,94,72,Pacitan,-8.1845,111.1014
2022-09-24,29.2,24.1,26.2,2.9,2.9,4.19,16.4,21.56,96,73,Pacitan,-8.1845,111.1014
2022-09-25,28.5,23.7,26.0,2.8,2.8,4.26,20.7,21.78,92,73,Pacitan,-8.1845,111.1014
2022-09-26,28.0,23.9,25.7,4.3,4.3,3.85,21.0,19.29,94,74,Pacitan,-8.1845,111.1014
2022-09-27,28.7,23.1,25.9,1.9,1.9,4.36,18.4,20.77,96,67,Pacitan,-8.1845,111.1014
2022-09-28,28.3,23.2,25.8,1.4,1.4,4.24,17.1,20.78,91,71,Pacitan,-8.1845,111.1014
2022-09-29,28.2,23.5,26.1,1.8,1.8,4.18,15.8,20.76,92,73,Pacitan,-8.1845,111.1014
2022-09-30,28.4,24.2,26.0,9.4,9.4,3.39,17.9,17.07,94,75,Pacitan,-8.1845,111.1014
2022-10-01,27.9,24.6,25.8,5.7,5.7,2.95,14.8,15.13,95,81,Pacitan,-8.1845,111.1014
2022-10-02,28.9,24.2,25.9,12.9,12.9,3.56,14.5,18.43,95,76,Pacitan,-8.1845,111.1014
2022-10-03,28.6,24.0,25.7,6.4,6.4,3.48,14.3,17.98,97,75,Pacitan,-8.1845,111.1014
2022-10-04,29.1,23.8,26.3,1.0,1.0,4.42,14.0,22.27,95,71,Pacitan,-8.1845,111.1014
2022-10-05,28.7,24.3,25.9,6.2,6.2,3.91,15.0,20.25,92,72,Pacitan,-8.1845,111.1014
2022-10-06,28.3,24.4,25.7,8.3,8.3,2.96,18.7,14.42,93,75,Pacitan,-8.1845,111.1014
2022-10-07,28.3,23.7,25.7,25.4,25.4,3.34,16.1,17.43,97,80,Pacitan,-8.1845,111.1014
2022-10-08,27.8,24.0,25.3,34.4,34.4,2.4,17.1,11.93,96,81,Pacitan,-8.1845,111.1014
2022-10-09,28.6,23.8,26.0,12.5,12.5,3.64,17.1,18.46,97,76,Pacitan,-8.1845,111.1014
2022-10-10,28.0,24.5,25.8,5.9,5.9,2.84,13.3,14.41,95,82,Pacitan,-8.1845,111.1014
2022-10-11,28.7,24.4,26.2,2.6,2.6,3.8,13.8,19.38,96,76,Pacitan,-8.1845,111.1014
2022-10-12,27.6,24.0,25.7,2.9,2.9,3.58,17.7,19.01,95,80,Pacitan,-8.1845,111.1014
2022-10-13,27.5,23.9,25.7,6.1,6.1,3.28,17.4,17.03,95,80,Pacitan,-8.1845,111.1014
2022-10-14,27.8,24.2,26.1,8.1,8.1,3.63,16.6,18.4,94,78,Pacitan,-8.1845,111.1014
2022-10-15,28.4,24.5,26.2,4.3,4.3,3.39,14.5,15.96,92,72,Pacitan,-8.1845,111.1014
2022-10-16,28.4,24.5,26.3,3.2,3.2,3.97,16.5,20.32,91,78,Pacitan,-8.1845,111.1014
2022-10-17,27.6,24.3,25.7,13.4,13.4,2.9,15.6,14.54,95,79,Pacitan,-8.1845,111.1014
2022-10-18,26.5,24.4,25.2,6.9,6.9,1.88,13.9,9.18,96,82,Pacitan,-8.1845,111.1014
2022-10-19,28.3,23.5,25.5,11.4,11.4,3.06,14.0,15.73,95,79,Pacitan,-8.1845,111.1014
2022-10-20,27.6,24.5,25.6,26.1,26.1,2.8,10.0,14.27,96,87,Pacitan,-8.1845,111.1014
2022-10-21,28.0,24.2,25.7,21.9,21.9,3.04,8.6,15.38,96,79,Pacitan,-8.1845,111.1014
2022-10-22,29.4,24.1,26.3,11.6,11.6,3.87,9.7,19.51,97,74,Pacitan,-8.1845,111.1014
2022-10-23,28.4,23.9,25.8,14.8,14.8,3.29,15.2,16.98,96,81,Pacitan,-8.1845,111.1014
2022-10-24,26.7,24.3,25.0,20.8,20.8,1.77,12.5,8.65,96,84,Pacitan,-8.1845,111.1014
2022-10-25,28.0,24.0,25.4,12.4,12.4,3.11,11.8,15.93,96,79,Pacitan,-8.1845,111.1014
2022-10-26,27.1,23.9,25.1,35.1,35.1,2.35,13.1,11.83,96,79,Pacitan,-8.1845,111.1014
2022-10-27,28.0,23.7,25.5,2.3,2.3,4.47,13.1,23.25,96,72,Pacitan,-8.1845,111.1014
2022-10-28,27.9,22.1,25.5,0.0,0.0,4.49,12.1,22.17,85,62,Pacitan,-8.1845,111.1014
2022-10-29,27.6,22.3,25.3,1.2,1.2,4.19,14.1,20.6,83,66,Pacitan,-8.1845,111.1014
2022-10-30,27.9,23.5,25.6,0.9,0.9,4.19,12.4,20.99,88,66,Pacitan,-8.1845,111.1014
2022-10-31,27.6,21.6,25.2,4.6,4.6,4.24,15.1,22.22,94,75,Pacitan,-8.1845,111.1014
2022-11-01,28.4,24.0,25.9,6.6,6.6,3.86,17.1,20.36,95,79,Pacitan,-8.1845,111.1014
2022-11-02,28.5,24.1,26.3,0.6,0.6,4.06,16.8,20.83,95,77,Pacitan,-8.1845,111.1014
2022-11-03,29.0,23.8,26.2,5.3,5.3,3.98,11.3,20.32,92,77,Pacitan,-8.1845,111.1014
2022-11-04,28.1,23.9,26.0,19.7,19.7,3.27,13.7,16.93,96,78,Pacitan,-8.1845,111.1014
2022-11-05,28.7,24.2,26.2,6.0,6.0,3.5,13.8,18.22,96,81,Pacitan,-8.1845,111.1014
2022-11-06,28.6,23.8,25.8,14.1,14.1,3.3,13.4,16.85,96,79,Pacitan,-8.1845,111.1014
2022-11-07,28.1,23.6,25.4,22.0,22.0,2.6,10.6,13.08,96,81,Pacitan,-8.1845,111.1014
2022-11-08,28.8,23.8,25.9,15.2,15.2,3.8,8.7,19.14,97,77,Pacitan,-8.1845,111.1014
2022-11-09,28.2,23.1,25.2,45.3,45.3,2.69,15.0,13.82,97,84,Pacitan,-8.1845,111.1014
2022-11-10,28.8,24.3,26.0,6.3,6.3,3.22,9.4,16.06,96,76,Pacitan,-8.1845,111.1014
2022-11-11,28.4,24.0,25.7,6.3,6.3,3.46,13.1,17.74,96,80,Pacitan,-8.1845,111.1014
2022-11-12,28.9,24.5,25.8,17.2,17.2,3.06,10.8,15.5,97,80,Pacitan,-8.1845,111.1014
2022-11-13,27.6,24.0,25.7,18.5,18.5,2.66,12.1,13.43,96,84,Pacitan,-8.1845,111.1014
2022-11-14,28.4,24.0,25.8,18.1,18.1,2.82,8.1,14.2,96,83,Pacitan,-8.1845,111.1014
2022-11-15,28.9,24.5,26.3,16.1,16.1,3.01,8.1,14.9,97,80,Pacitan,-8.1845,111.1014
2022-11-16,28.8,24.5,26.1,18.8,18.8,2.5,8.0,12.08,96,80,Pacitan,-8.1845,111.1014
2022-11-17,30.0,24.4,26.3,30.6,30.6,3.62,11.5,17.82,96,77,Pacitan,-8.1845,111.1014
2022-11-18,29.7,23.0,26.4,2.7,2.7,4.31,11.6,20.33,91,66,Pacitan,-8.1845,111.1014
2022-11-19,30.7,24.6,27.0,4.2,4.2,3.41,13.8,15.74,92,61,Pacitan,-8.1845,111.1014
2022-11-20,28.6,23.4,25.7,19.3,19.3,3.05,18.8,15.31,95,77,Pacitan,-8.1845,111.1014
2022-11-21,28.3,24.4,26.3,1.2,1.2,3.78,17.8,18.94,90,77,Pacitan,-8.1845,111.1014
2022-11-22,28.7,24.2,26.4,1.3,1.3,3.76,14.7,19.12,93,77,Pacitan,-8.1845,111.1014
2022-11-23,27.6,24.4,26.1,3.9,3.9,1.66,8.9,7.14,94,80,Pacitan,-8.1845,111.1014
2022-11-24,28.5,23.9,26.0,13.8,13.8,3.39,11.4,17.11,96,78,Pacitan,-8.1845,111.1014
2022-11-25,29.6,24.2,26.1,21.7,21.7,3.6,7.3,17.68,95,68,Pacitan,-8.1845,111.1014
2022-11-26,27.5,24.5,25.3,16.7,16.7,2.37,10.9,11.7,94,81,Pacitan,-8.1845,111.1014
2022-11-27,28.1,24.0,25.4,20.1,20.1,3.01,11.6,15.52,95,80,Pacitan,-8.1845,111.1014
2022-11-28,27.6,24.3,25.5,10.6,10.6,2.59,11.6,13.19,96,82,Pacitan,-8.1845,111.1014
2022-11-29,27.7,24.2,25.8,5.4,5.4,2.91,12.8,14.49,95,80,Pacitan,-8.1845,111.1014
2022-11-30,29.5,24.7,26.8,1.4,1.4,4.02,13.6,19.16,95,68,Pacitan,-8.1845,111.1014
2022-12-01,29.3,24.6,26.9,0.0,0.0,4.33,11.4,20.07,83,62,Pacitan,-8.1845,111.1014
2022-12-02,29.0,23.4,26.8,1.1,1.1,4.74,11.7,23.54,92,69,Pacitan,-8.1845,111.1014
2022-12-03,28.9,24.3,26.7,2.4,2.4,3.8,14.4,18.03,93,67,Pacitan,-8.1845,111.1014
2022-12-04,28.3,24.6,25.9,8.5,8.5,3.2,10.1,16.33,96,81,Pacitan,-8.1845,111.1014
2022-12-05,28.4,23.8,25.5,20.3,20.3,2.48,13.5,12.76,96,83,Pacitan,-8.1845,111.1014
2022-12-06,29.3,23.5,25.8,22.2,22.2,3.61,8.8,18.21,97,78,Pacitan,-8.1845,111.1014
2022-12-07,28.9,24.1,26.0,7.6,7.6,3.73,10.8,19.3,95,82,Pacitan,-8.1845,111.1014
2022-12-08,28.3,23.8,25.9,14.7,14.7,3.92,10.2,20.43,95,81,Pacitan,-8.1845,111.1014
2022-12-09,29.6,23.2,26.6,0.2,0.2,4.98,17.5,25.77,95,73,Pacitan,-8.1845,111.1014
2022-12-10,28.3,24.4,26.3,5.3,5.3,4.33,15.5,22.73,95,76,Pacitan,-8.1845,111.1014
2022-12-11,29.1,24.1,26.2,6.3,6.3,4.04,12.2,21.11,97,77,Pacitan,-8.1845,111.1014
2022-12-12,29.1,24.0,26.7,2.8,2.8,4.69,12.6,24.07,96,74,Pacitan,-8.1845,111.1014
2022-12-13,29.2,24.5,26.4,5.7,5.7,3.98,8.9,20.28,96,78,Pacitan,-8.1845,111.1014
2022-12-14,27.4,24.0,25.6,8.7,8.7,2.54,9.3,13.08,96,83,Pacitan,-8.1845,111.1014
2022-12-15,28.7,24.0,25.9,10.5,10.5,3.66,10.7,18.97,97,80,Pacitan,-8.1845,111.1014
2022-12-16,27.4,23.2,24.9,30.5,30.5,2.15,12.7,10.77,95,82,Pacitan,-8.1845,111.1014
2022-12-17,29.2,23.9,26.0,4.2,4.2,4.6,12.8,24.02,95,74,Pacitan,-8.1845,111.1014
2022-12-18,29.5,23.7,26.7,1.8,1.8,5.09,10.0,25.97,99,73,Pacitan,-8.1845,111.1014
2022-12-19,29.4,23.7,26.5,2.0,2.0,4.56,10.9,23.41,97,76,Pacitan,-8.1845,111.1014
2022-12-20,29.8,23.7,26.5,6.1,6.1,4.58,11.8,23.39,94,72,Pacitan,-8.1845,111.1014
2022-12-21,30.0,24.5,27.1,7.3,7.3,4.67,14.0,23.21,94,72,Pacitan,-8.1845,111.1014
2022-12-22,28.4,24.5,25.5,42.4,42.4,2.21,22.8,10.87,94,82,Pacitan,-8.1845,111.1014
2022-12-23,27.3,23.6,25.0,39.2,39.2,1.53,23.1,6.55,95,82,Pacitan,-8.1845,111.1014
2022-12-24,29.5,23.8,26.1,15.3,15.3,3.47,15.6,15.91,95,69,Pacitan,-8.1845,111.1014
2022-12-25,26.1,23.8,24.8,46.0,46.0,1.11,18.0,4.49,97,88,Pacitan,-8.1845,111.1014
2022-12-26,27.0,23.4,24.8,19.3,19.3,2.22,21.3,11.61,94,85,Pacitan,-8.1845,111.1014
2022-12-27,28.7,23.3,25.7,4.3,4.3,3.53,18.4,17.59,93,75,Pacitan,-8.1845,111.1014
2022-12-28,28.4,23.7,25.6,33.7,33.7,3.09,19.7,15.84,93,81,Pacitan,-8.1845,111.1014
2022-12-29,29.2,24.6,26.0,13.5,13.5,3.17,20.0,15.88,93,75,Pacitan,-8.1845,111.1014
2022-12-30,29.8,24.1,26.7,1.0,1.0,3.66,17.8,15.76,93,67,Pacitan,-8.1845,111.1014
2022-12-31,29.5,24.7,26.5,9.3,9.3,3.83,16.3,17.92,89,72,Pacitan,-8.1845,111.1014
2023-01-01,29.5,24.7,26.3,4.8,4.8,3.35,20.4,15.66,90,73,Pacitan,-8.1845,111.1014
2023-01-02,29.0,24.2,26.1,3.3,3.3,3.82,24.8,18.76,92,71,Pacitan,-8.1845,111.1014
2023-01-03,29.5,24.2,26.3,2.5,2.5,4.5,22.4,21.86,90,69,Pacitan,-8.1845,111.1014
2023-01-04,28.9,23.7,25.9,5.5,5.5,4.12,23.2,21.72,91,77,Pacitan,-8.1845,111.1014
2023-01-05,27.8,23.9,25.7,5.8,5.8,3.69,23.5,19.62,94,81,Pacitan,-8.1845,111.1014
2023-01-06,27.8,24.3,25.6,6.7,6.7,3.23,21.7,17.07,93,81,Pacitan,-8.1845,111.1014
2023-01-07,28.4,23.6,26.0,3.8,3.8,4.41,17.4,24.03,93,78,Pacitan,-8.1845,111.1014
2023-01-08,28.6,23.4,26.2,3.3,3.3,4.61,13.8,24.19,94,76,Pacitan,-8.1845,111.1014
2023-01-09,28.6,24.2,26.0,2.7,2.7,4.34,12.0,22.74,95,76,Pacitan,-8.1845,111.1014
2023-01-10,28.7,24.0,26.1,4.3,4.3,4.34,12.8,23.03,96,78,Pacitan,-8.1845,111.1014
2023-01-11,27.9,23.9,26.0,3.2,3.2,4.02,12.3,21.19,96,81,Pacitan,-8.1845,111.1014
2023-01-12,29.4,23.7,26.5,1.5,1.5,4.92,12.3,24.98,96,71,Pacitan,-8.1845,111.1014
2023-01-13,29.8,23.6,26.9,0.0,0.0,4.99,12.2,24.7,94,67,Pacitan,-8.1845,111.1014
2023-01-14,29.2,24.4,26.6,3.1,3.1,4.43,16.4,23.0,90,75,Pacitan,-8.1845,111.1014
2023-01-15,29.6,24.3,26.8,0.8,0.8,4.14,16.5,20.33,89,74,Pacitan,-8.1845,111.1014
2023-01-16,29.4,24.6,26.3,7.3,7.3,3.2,14.5,15.93,91,76,Pacitan,-8.1845,111.1014
2023-01-17,28.6,23.8,26.3,1.8,1.8,3.54,13.8,17.64,95,76,Pacitan,-8.1845,111.1014
2023-01-18,28.8,24.2,26.2,5.0,5.0,4.08,16.1,21.29,94,74,Pacitan,-8.1845,111.1014
2023-01-19,28.6,24.2,26.0,1.7,1.7,3.86,16.0,20.42,93,79,Pacitan,-8.1845,111.1014
2023-01-20,28.5,23.5,25.9,3.2,3.2,3.93,12.9,20.46,94,75,Pacitan,-8.1845,111.1014
2023-01-21,28.8,24.1,26.3,0.8,0.8,4.09,14.3,20.35,92,63,Pacitan,-8.1845,111.1014
2023-01-22,28.7,24.8,26.5,1.8,1.8,4.26,16.2,22.04,92,74,Pacitan,-8.1845,111.1014
2023-01-23,30.5,24.1,26.8,0.5,0.5,4.92,17.3,24.54,91,65,Pacitan,-8.1845,111.1014
2023-01-24,30.4,24.2,26.9,2.9,2.9,4.59,16.2,23.02,92,66,Pacitan,-8.1845,111.1014
2023-01-25,29.4,24.5,26.3,11.7,11.7,3.38,14.8,16.82,92,73,Pacitan,-8.1845,111.1014
2023-01-26,26.8,24.3,25.2,23.6,23.6,2.34,14.4,12.02,94,85,Pacitan,-8.1845,111.1014
2023-01-27,29.4,24.1,26.0,15.9,15.9,3.13,15.7,15.6,94,77,Pacitan,-8.1845,111.1014
2023-01-28,29.6,23.8,26.1,18.2,18.2,3.08,12.1,14.92,97,74,Pacitan,-8.1845,111.1014
2023-01-29,29.7,24.2,26.2,14.9,14.9,3.38,10.6,16.63,96,71,Pacitan,-8.1845,111.1014
2023-01-30,29.1,24.2,26.5,2.8,2.8,2.9,15.3,13.82,94,74,Pacitan,-8.1845,111.1014
2023-01-31,27.8,24.7,25.9,9.9,9.9,2.63,23.4,13.05,94,80,Pacitan,-8.1845,111.1014
2023-02-01,29.6,24.5,26.3,5.1,5.1,3.16,20.9,15.26,94,72,Pacitan,-8.1845,111.1014
2023-02-02,30.0,24.1,26.6,4.5,4.5,3.45,12.4,16.05,94,66,Pacitan,-8.1845,111.1014
2023-02-03,29.9,23.9,26.7,3.9,3.9,3.1,16.6,13.32,93,69,Pacitan,-8.1845,111.1014
2023-02-04,29.3,25.0,26.8,5.4,5.4,3.51,18.5,15.6,90,71,Pacitan,-8.1845,111.1014
2023-02-05,29.9,24.6,27.0,7.6,7.6,4.93,22.0,22.96,93,60,Pacitan,-8.1845,111.1014
2023-02-06,28.2,25.2,26.5,2.1,2.1,2.83,23.1,11.32,87,74,Pacitan,-8.1845,111.1014
2023-02-07,28.2,24.2,25.7,19.1,19.1,2.82,19.7,14.03,94,76,Pacitan,-8.1845,111.1014
2023-02-08,27.6,24.3,25.7,16.5,16.5,2.09,16.2,9.47,95,81,Pacitan,-8.1845,111.1014
2023-02-09,28.6,24.7,26.0,20.4,20.4,3.34,19.1,16.32,91,78,Pacitan,-8.1845,111.1014
2023-02-10,30.3,24.9,26.6,12.2,12.2,4.07,15.7,19.78,93,71,Pacitan,-8.1845,111.1014
2023-02-11,30.4,24.8,26.5,8.1,8.1,3.52,16.8,17.28,93,70,Pacitan,-8.1845,111.1014
2023-02-12,28.8,23.7,25.8,14.5,14.5,3.02,13.7,15.09,93,75,Pacitan,-8.1845,111.1014
2023-02-13,28.0,23.6,25.2,25.7,25.7,2.92,22.7,15.4,96,80,Pacitan,-8.1845,111.1014
2023-02-14,28.7,23.7,25.7,2.2,2.2,3.74,21.2,19.47,92,78,Pacitan,-8.1845,111.1014
2023-02-15,27.5,23.3,25.0,19.0,19.0,2.41,18.0,12.07,95,81,Pacitan,-8.1845,111.1014
2023-02-16,28.0,23.9,25.3,17.0,17.0,2.38,14.9,11.93,93,82,Pacitan,-8.1845,111.1014
2023-02-17,27.9,24.4,25.8,6.9,6.9,2.43,14.3,11.82,92,79,Pacitan,-8.1845,111.1014
2023-02-18,29.3,24.0,26.1,8.3,8.3,4.21,19.3,22.11,94,75,Pacitan,-8.1845,111.1014
2023-02-19,29.1,24.0,26.1,2.8,2.8,4.0,17.1,21.02,94,78,Pacitan,-8.1845,111.1014
2023-02-20,29.3,24.2,26.1,6.2,6.2,3.78,16.2,19.35,93,75,Pacitan,-8.1845,111.1014
2023-02-21,30.2,24.2,26.5,6.8,6.8,3.92,16.0,19.63,93,71,Pacitan,-8.1845,111.1014
2023-02-22,29.6,24.7,26.5,11.6,11.6,3.9,15.2,19.85,91,77,Pacitan,-8.1845,111.1014
2023-02-23,29.7,24.3,26.3,10.3,10.3,3.33,14.2,16.58,93,74,Pacitan,-8.1845,111.1014
2023-02-24,27.9,24.1,25.9,11.7,11.7,2.17,14.8,10.5,96,78,Pacitan,-8.1845,111.1014
2023-02-25,30.4,24.0,26.2,17.0,17.0,3.25,17.1,16.01,95,72,Pacitan,-8.1845,111.1014
2023-02-26,29.1,24.1,25.8,19.3,19.3,3.08,18.7,15.04,95,73,Pacitan,-8.1845,111.1014
2023-02-27,29.7,23.5,25.8,21.3,21.3,3.16,15.9,15.77,94,71,Pacitan,-8.1845,111.1014
2023-02-28,30.5,23.9,26.0,17.7,17.7,3.8,17.2,18.61,93,67,Pacitan,-8.1845,111.1014
2023-03-01,27.8,23.9,25.3,18.3,18.3,3.08,18.1,16.49,94,82,Pacitan,-8.1845,111.1014
2023-03-02,28.2,23.4,25.3,22.6,22.6,3.2,18.0,16.32,92,78,Pacitan,-8.1845,111.1014
2023-03-03,29.5,24.2,26.5,1.9,1.9,4.81,19.0,24.62,90,70,Pacitan,-8.1845,111.1014
2023-03-04,29.7,24.0,26.2,3.0,3.0,4.12,17.6,21.24,91,75,Pacitan,-8.1845,111.1014
2023-03-05,27.9,23.7,25.6,6.8,6.8,3.48,17.2,18.33,92,82,Pacitan,-8.1845,111.1014
2023-03-06,28.6,23.4,26.0,3.8,3.8,4.22,18.5,22.6,95,76,Pacitan,-8.1845,111.1014
2023-03-07,29.0,23.6,26.2,2.9,2.9,4.67,12.3,24.83,96,79,Pacitan,-8.1845,111.1014
2023-03-08,28.8,24.0,26.2,1.2,1.2,4.48,12.0,23.34,97,77,Pacitan,-8.1845,111.1014
2023-03-09,29.0,23.3,26.2,1.0,1.0,4.59,10.2,23.84,95,79,Pacitan,-8.1845,111.1014
2023-03-10,29.6,23.5,26.6,0.6,0.6,4.96,10.4,25.2,93,72,Pacitan,-8.1845,111.1014
2023-03-11,30.2,24.0,26.9,1.5,1.5,4.71,13.8,24.02,94,72,Pacitan,-8.1845,111.1014
2023-03-12,29.9,23.6,26.7,0.5,0.5,5.02,12.7,25.47,94,72,Pacitan,-8.1845,111.1014
2023-03-13,29.4,23.4,26.7,1.1,1.1,5.03,11.5,25.52,92,71,Pacitan,-8.1845,111.1014
2023-03-14,29.5,22.9,26.3,0.1,0.1,5.0,13.5,25.5,93,70,Pacitan,-8.1845,111.1014
2023-03-15,30.3,24.1,27.0,2.3,2.3,4.55,10.8,22.79,91,71,Pacitan,-8.1845,111.1014
2023-03-16,29.3,24.1,26.5,12.3,12.3,3.49,12.9,17.77,95,82,Pacitan,-8.1845,111.1014
2023-03-17,29.0,24.6,26.5,0.9,0.9,3.52,10.6,17.86,92,80,Pacitan,-8.1845,111.1014
2023-03-18,29.6,24.3,26.9,2.5,2.5,4.29,11.3,21.75,93,75,Pacitan,-8.1845,111.1014
2023-03-19,29.7,24.5,26.7,4.5,4.5,3.87,10.9,19.33,94,78,Pacitan,-8.1845,111.1014
2023-03-20,29.1,24.4,26.5,5.1,5.1,4.13,13.7,21.54,98,80,Pacitan,-8.1845,111.1014
2023-03-21,30.1,23.6,26.6,7.0,7.0,4.74,13.1,24.46,97,74,Pacitan,-8.1845,111.1014
2023-03-22,29.1,24.3,26.4,13.7,13.7,3.72,8.5,18.93,94,79,Pacitan,-8.1845,111.1014
2023-03-23,30.3,24.4,27.2,10.0,10.0,4.18,8.2,20.42,96,72,Pacitan,-8.1845,111.1014
2023-03-24,30.3,24.6,27.0,2.8,2.8,3.95,11.0,19.77,96,75,Pacitan,-8.1845,111.1014
2023-03-25,29.3,24.6,26.5,9.4,9.4,3.49,13.8,17.9,95,81,Pacitan,-8.1845,111.1014
2023-03-26,30.0,24.5,26.1,15.7,15.7,3.23,15.3,16.33,94,73,Pacitan,-8.1845,111.1014
2023-03-27,28.6,23.9,25.9,19.4,19.4,2.38,16.5,11.64,93,81,Pacitan,-8.1845,111.1014
2023-03-28,30.9,24.3,26.5,13.1,13.1,3.2,12.4,15.06,94,62,Pacitan,-8.1845,111.1014
2023-03-29,30.0,24.4,26.7,6.6,6.6,3.56,10.2,17.64,93,77,Pacitan,-8.1845,111.1014
2023-03-30,30.2,24.1,27.1,0.7,0.7,4.42,9.5,21.91,94,74,Pacitan,-8.1845,111.1014
2023-03-31,29.3,24.1,26.4,10.4,10.4,3.19,12.6,15.77,95,73,Pacitan,-8.1845,111.1014
2023-04-01,27.8,24.8,25.3,15.2,15.2,2.27,12.9,11.73,94,85,Pacitan,-8.1845,111.1014
2023-04-02,28.2,24.1,25.9,1.3,1.3,2.42,9.2,11.73,93,81,Pacitan,-8.1845,111.1014
2023-04-03,28.9,24.0,26.0,6.8,6.8,3.36,8.7,16.78,95,77,Pacitan,-8.1845,111.1014
2023-04-04,28.8,24.1,25.9,9.2,9.2,3.23,14.0,16.47,97,78,Pacitan,-8.1845,111.1014
2023-04-05,29.2,23.8,26.6,0.8,0.8,4.24,12.5,21.87,96,75,Pacitan,-8.1845,111.1014
2023-04-06,29.1,23.8,26.3,2.6,2.6,4.16,12.0,21.48,95,76,Pacitan,-8.1845,111.1014
2023-04-07,29.0,24.6,26.7,0.2,0.2,3.91,9.2,19.41,92,72,Pacitan,-8.1845,111.1014
2023-04-08,29.8,24.5,26.6,0.6,0.6,4.37,12.7,21.79,91,69,Pacitan,-8.1845,111.1014
2023-04-09,29.7,23.8,26.6,2.3,2.3,4.15,14.5,21.01,91,69,Pacitan,-8.1845,111.1014
2023-04-10,28.3,24.3,25.8,12.1,12.1,3.33,18.1,17.92,95,82,Pacitan,-8.1845,111.1014
2023-04-11,29.3,24.1,26.7,2.6,2.6,4.05,18.4,20.81,94,74,Pacitan,-8.1845,111.1014
2023-04-12,28.1,24.6,26.1,6.3,6.3,2.69,8.4,13.32,96,82,Pacitan,-8.1845,111.1014
2023-04-13,28.2,24.6,26.0,5.4,5.4,2.43,11.8,12.08,96,83,Pacitan,-8.1845,111.1014
2023-04-14,28.7,24.6,26.6,2.5,2.5,3.6,14.0,18.04,94,73,Pacitan,-8.1845,111.1014
2023-04-15,29.2,24.0,26.8,1.2,1.2,3.84,12.8,19.04,93,72,Pacitan,-8.1845,111.1014
2023-04-16,30.0,24.6,27.0,0.2,0.2,4.49,14.5,22.86,93,72,Pacitan,-8.1845,111.1014
2023-04-17,30.4,24.6,27.4,0.6,0.6,4.28,14.0,21.34,90,68,Pacitan,-8.1845,111.1014
2023-04-18,29.9,24.5,27.4,0.6,0.6,4.27,11.9,21.12,96,74,Pacitan,-8.1845,111.1014
2023-04-19,30.1,24.9,27.4,0.1,0.1,4.46,15.0,22.47,92,75,Pacitan,-8.1845,111.1014
2023-04-20,30.0,24.6,27.1,3.2,3.2,4.32,15.0,22.17,94,75,Pacitan,-8.1845,111.1014
2023-04-21,29.5,23.5,26.6,4.4,4.4,3.87,12.3,19.74,95,74,Pacitan,-8.1845,111.1014
2023-04-22,30.1,24.8,27.1,1.0,1.0,4.07,17.3,20.69,94,73,Pacitan,-8.1845,111.1014
2023-04-23,30.2,24.2,27.2,3.4,3.4,4.1,11.8,20.39,92,74,Pacitan,-8.1845,111.1014
2023-04-24,30.4,25.0,27.6,0.5,0.5,4.27,13.9,21.25,94,71,Pacitan,-8.1845,111.1014
2023-04-25,30.5,24.0,27.0,2.4,2.4,4.11,9.2,20.34,95,69,Pacitan,-8.1845,111.1014
2023-04-26,30.4,24.1,27.4,2.4,2.4,4.28,11.4,21.0,95,75,Pacitan,-8.1845,111.1014
2023-04-27,29.8,24.7,27.0,6.3,6.3,3.26,16.4,16.39,95,78,Pacitan,-8.1845,111.1014
2023-04-28,29.1,25.4,26.8,11.3,11.3,2.78,12.9,14.14,96,83,Pacitan,-8.1845,111.1014
2023-04-29,29.8,24.9,26.1,53.2,53.2,2.49,10.8,12.3,98,75,Pacitan,-8.1845,111.1014
2023-04-30,30.0,24.1,26.8,0.7,0.7,4.14,10.5,20.88,96,73,Pacitan,-8.1845,111.1014
2023-05-01,30.5,24.8,26.4,23.3,23.3,3.22,9.1,15.96,95,72,Pacitan,-8.1845,111.1014
2023-05-02,29.1,24.2,26.6,15.6,15.6,3.18,7.7,16.1,96,79,Pacitan,-8.1845,111.1014
2023-05-03,30.0,24.5,27.2,1.6,1.6,3.53,11.6,17.68,96,79,Pacitan,-8.1845,111.1014
2023-05-04,29.7,24.6,26.8,17.1,17.1,3.26,7.6,16.39,96,85,Pacitan,-8.1845,111.1014
2023-05-05,29.7,25.0,27.0,11.8,11.8,3.64,13.5,18.61,93,74,Pacitan,-8.1845,111.1014
2023-05-06,28.7,25.1,26.8,10.8,10.8,3.13,14.8,16.13,95,83,Pacitan,-8.1845,111.1014
2023-05-07,29.6,26.0,27.4,0.3,0.3,3.93,18.2,18.9,90,76,Pacitan,-8.1845,111.1014
2023-05-08,30.1,25.4,27.3,0.0,0.0,4.12,16.3,20.42,90,71,Pacitan,-8.1845,111.1014
2023-05-09,28.9,24.7,26.7,1.7,1.7,3.17,17.4,16.3,93,80,Pacitan,-8.1845,111.1014
2023-05-10,30.2,25.4,27.3,8.8,8.8,3.3,17.5,16.5,92,77,Pacitan,-8.1845,111.1014
2023-05-11,29.9,25.4,27.1,34.2,34.2,2.89,17.9,14.46,97,78,Pacitan,-8.1845,111.1014
2023-05-12,29.5,25.7,27.4,1.2,1.2,3.61,21.9,18.4,94,79,Pacitan,-8.1845,111.1014
2023-05-13,28.8,25.6,27.0,0.1,0.1,4.7,23.2,20.83,91,69,Pacitan,-8.1845,111.1014
2023-05-14,28.1,24.2,26.3,4.0,4.0,4.05,19.8,19.2,89,70,Pacitan,-8.1845,111.1014
2023-05-15,28.7,24.6,26.2,0.1,0.1,4.33,19.5,19.76,84,67,Pacitan,-8.1845,111.1014
2023-05-16,28.8,23.5,25.8,0.0,0.0,4.45,18.2,21.47,81,64,Pacitan,-8.1845,111.1014
2023-05-17,28.5,24.0,25.7,0.0,0.0,4.46,14.3,21.79,81,62,Pacitan,-8.1845,111.1014
2023-05-18,28.9,22.8,25.8,0.0,0.0,4.24,12.8,21.42,89,69,Pacitan,-8.1845,111.1014
2023-05-19,29.1,24.1,26.4,0.0,0.0,4.28,14.3,21.09,86,70,Pacitan,-8.1845,111.1014
2023-05-20,29.4,24.1,26.5,0.0,0.0,4.31,17.2,21.25,88,71,Pacitan,-8.1845,111.1014
2023-05-21,29.6,23.9,26.5,0.0,0.0,4.47,17.7,21.78,91,63,Pacitan,-8.1845,111.1014
2023-05-22,28.9,23.8,26.2,0.0,0.0,4.23,18.2,21.18,89,71,Pacitan,-8.1845,111.1014
2023-05-23,29.4,23.6,26.2,0.1,0.1,4.19,14.3,20.97,89,67,Pacitan,-8.1845,111.1014
2023-05-24,29.4,22.6,26.1,0.7,0.7,4.18,12.3,21.15,93,70,Pacitan,-8.1845,111.1014
2023-05-25,29.2,23.6,26.3,0.0,0.0,4.27,18.2,21.23,91,69,Pacitan,-8.1845,111.1014
2023-05-26,29.9,23.8,26.5,0.0,0.0,4.37,20.5,21.24,88,68,Pacitan,-8.1845,111.1014
2023-05-27,29.3,24.1,26.5,0.0,0.0,4.47,18.3,20.27,88,65,Pacitan,-8.1845,111.1014
2023-05-28,28.9,24.8,26.4,0.0,0.0,4.8,22.0,20.57,78,59,Pacitan,-8.1845,111.1014
2023-05-29,29.6,24.1,26.5,0.0,0.0,4.28,16.9,19.1,85,61,Pacitan,-8.1845,111.1014
2023-05-30,29.4,22.8,25.9,0.0,0.0,4.12,14.6,20.62,92,67,Pacitan,-8.1845,111.1014
2023-05-31,29.1,23.2,26.1,0.3,0.3,3.86,16.7,19.08,93,69,Pacitan,-8.1845,111.1014
2023-06-01,29.0,24.2,26.5,0.0,0.0,3.83,19.6,18.43,91,73,Pacitan,-8.1845,111.1014
2023-06-02,29.1,24.5,26.6,0.5,0.5,3.8,20.7,17.98,90,73,Pacitan,-8.1845,111.1014
2023-06-03,29.7,25.1,26.9,0.0,0.0,3.88,19.0,17.54,88,70,Pacitan,-8.1845,111.1014
2023-06-04,29.0,24.7,26.5,0.4,0.4,3.78,17.7,18.63,91,74,Pacitan,-8.1845,111.1014
2023-06-05,28.5,24.3,26.0,1.1,1.1,3.36,18.4,16.97,92,76,Pacitan,-8.1845,111.1014
2023-06-06,27.7,24.5,25.6,4.1,4.1,2.93,22.0,15.21,94,78,Pacitan,-8.1845,111.1014
2023-06-07,27.5,24.4,25.5,7.5,7.5,2.72,21.1,14.31,95,78,Pacitan,-8.1845,111.1014
2023-06-08,28.9,24.2,26.2,0.7,0.7,3.54,19.0,18.06,93,77,Pacitan,-8.1845,111.1014
2023-06-09,28.4,24.2,26.0,0.4,0.4,3.5,20.8,17.39,93,74,Pacitan,-8.1845,111.1014
2023-06-10,28.8,24.3,26.2,0.1,0.1,3.83,18.6,18.13,91,69,Pacitan,-8.1845,111.1014
2023-06-11,29.1,23.5,25.9,2.1,2.1,3.5,17.8,18.0,94,71,Pacitan,-8.1845,111.1014
2023-06-12,29.3,24.2,26.6,0.1,0.1,3.69,20.3,17.94,96,73,Pacitan,-8.1845,111.1014
2023-06-13,29.4,25.1,26.9,0.2,0.2,3.86,23.7,17.1,88,71,Pacitan,-8.1845,111.1014
2023-06-14,29.6,25.2,26.7,0.0,0.0,4.35,20.6,18.41,85,61,Pacitan,-8.1845,111.1014
2023-06-15,28.8,24.7,26.3,0.0,0.0,3.73,20.8,16.73,85,67,Pacitan,-8.1845,111.1014
2023-06-16,29.0,23.9,26.1,0.2,0.2,3.71,17.7,18.77,90,71,Pacitan,-8.1845,111.1014
2023-06-17,29.3,23.2,25.9,0.0,0.0,3.49,19.4,17.54,93,71,Pacitan,-8.1845,111.1014
2023-06-18,30.6,23.1,26.3,1.8,1.8,3.75,12.3,18.87,93,68,Pacitan,-8.1845,111.1014
2023-06-19,30.1,23.6,26.7,0.0,0.0,3.95,10.9,19.63,94,68,Pacitan,-8.1845,111.1014
2023-06-20,29.4,23.5,26.5,1.3,1.3,3.68,11.3,18.74,97,70,Pacitan,-8.1845,111.1014
2023-06-21,29.8,24.5,26.7,0.2,0.2,3.9,17.6,19.04,90,69,Pacitan,-8.1845,111.1014
2023-06-22,29.5,24.3,26.4,0.3,0.3,3.82,19.1,19.07,94,68,Pacitan,-8.1845,111.1014
2023-06-23,27.9,23.9,25.8,1.5,1.5,3.21,14.4,16.5,98,78,Pacitan,-8.1845,111.1014
2023-06-24,29.6,22.8,26.0,0.0,0.0,4.12,14.0,20.78,92,65,Pacitan,-8.1845,111.1014
2023-06-25,29.0,22.7,25.6,0.4,0.4,3.78,13.1,19.4,93,67,Pacitan,-8.1845,111.1014
2023-06-26,27.9,23.0,25.4,2.5,2.5,3.35,12.6,17.35,93,74,Pacitan,-8.1845,111.1014
2023-06-27,27.5,23.7,25.2,3.9,3.9,3.05,19.4,15.43,95,76,Pacitan,-8.1845,111.1014
2023-06-28,27.5,23.2,25.0,5.0,5.0,3.15,20.6,17.06,95,77,Pacitan,-8.1845,111.1014
2023-06-29,27.7,23.6,25.3,5.0,5.0,3.08,18.1,16.31,96,78,Pacitan,-8.1845,111.1014
2023-06-30,28.2,23.5,25.6,2.4,2.4,3.38,18.8,17.49,96,76,Pacitan,-8.1845,111.1014
2023-07-01,27.3,23.7,25.3,2.0,2.0,2.96,21.8,15.46,94,79,Pacitan,-8.1845,111.1014
2023-07-02,26.7,23.7,25.1,5.5,5.5,2.53,18.3,12.7,94,80,Pacitan,-8.1845,111.1014
2023-07-03,26.5,22.9,24.7,6.7,6.7,3.07,14.2,16.93,97,82,Pacitan,-8.1845,111.1014
2023-07-04,27.1,22.5,24.7,3.9,3.9,3.03,15.3,16.83,98,80,Pacitan,-8.1845,111.1014
2023-07-05,27.9,22.9,25.3,1.9,1.9,2.98,18.7,15.69,97,78,Pacitan,-8.1845,111.1014
2023-07-06,27.4,24.0,25.2,4.6,4.6,2.66,20.5,14.0,96,78,Pacitan,-8.1845,111.1014
2023-07-07,26.4,23.8,24.6,24.2,24.2,1.89,20.6,10.04,96,82,Pacitan,-8.1845,111.1014
2023-07-08,27.2,23.7,25.1,8.3,8.3,2.62,17.4,14.24,96,83,Pacitan,-8.1845,111.1014
2023-07-09,28.1,23.9,25.6,0.7,0.7,3.36,19.7,18.18,95,80,Pacitan,-8.1845,111.1014
2023-07-10,28.4,22.7,25.4,0.2,0.2,3.77,19.2,19.35,91,74,Pacitan,-8.1845,111.1014
2023-07-11,28.1,23.5,25.4,0.0,0.0,4.24,24.0,20.83,90,68,Pacitan,-8.1845,111.1014
2023-07-12,28.0,23.4,25.3,0.0,0.0,4.09,23.5,18.45,86,62,Pacitan,-8.1845,111.1014
2023-07-13,26.8,23.4,25.0,4.1,4.1,2.97,21.3,16.07,93,79,Pacitan,-8.1845,111.1014
2023-07-14,27.1,23.3,24.9,5.1,5.1,3.03,23.7,16.02,98,74,Pacitan,-8.1845,111.1014
2023-07-15,27.2,23.2,24.7,1.0,1.0,2.64,17.6,13.48,96,78,Pacitan,-8.1845,111.1014
2023-07-16,26.4,22.3,24.3,1.9,1.9,3.32,20.0,17.81,97,79,Pacitan,-8.1845,111.1014
2023-07-17,27.5,22.7,24.6,0.0,0.0,3.91,23.5,20.24,92,68,Pacitan,-8.1845,111.1014
2023-07-18,27.6,22.5,24.8,0.0,0.0,3.91,21.9,20.27,92,70,Pacitan,-8.1845,111.1014
2023-07-19,27.5,23.2,24.9,0.0,0.0,4.3,30.1,20.11,89,63,Pacitan,-8.1845,111.1014
2023-07-20,27.2,22.6,24.4,0.4,0.4,3.82,26.1,18.75,91,67,Pacitan,-8.1845,111.1014
2023-07-21,27.2,22.5,24.5,1.3,1.3,3.83,20.9,19.33,92,67,Pacitan,-8.1845,111.1014
2023-07-22,27.8,23.1,25.0,0.1,0.1,4.15,22.9,20.44,88,69,Pacitan,-8.1845,111.1014
2023-07-23,28.0,22.8,25.0,0.0,0.0,4.63,23.5,21.45,86,61,Pacitan,-8.1845,111.1014
2023-07-24,28.1,21.8,24.6,0.0,0.0,4.02,17.4,20.39,92,64,Pacitan,-8.1845,111.1014
2023-07-25,28.4,21.0,24.5,0.0,0.0,4.16,16.3,21.77,91,70,Pacitan,-8.1845,111.1014
2023-07-26,27.7,21.7,24.3,0.0,0.0,4.19,19.2,21.83,93,66,Pacitan,-8.1845,111.1014
2023-07-27,26.9,20.5,23.6,0.0,0.0,4.04,19.8,20.69,90,63,Pacitan,-8.1845,111.1014
2023-07-28,27.0,22.3,24.2,0.0,0.0,4.53,22.8,21.97,90,59,Pacitan,-8.1845,111.1014
2023-07-29,26.9,22.5,24.2,0.0,0.0,4.3,24.3,20.65,84,66,Pacitan,-8.1845,111.1014
2023-07-30,27.4,22.3,24.3,0.0,0.0,4.26,25.9,19.8,88,60,Pacitan,-8.1845,111.1014
2023-07-31,26.8,22.0,24.0,0.3,0.3,3.54,20.8,18.49,92,71,Pacitan,-8.1845,111.1014
2023-08-01,27.7,20.4,24.1,0.1,0.1,3.7,18.5,19.85,95,74,Pacitan,-8.1845,111.1014
2023-08-02,28.4,21.4,24.7,0.0,0.0,3.88,15.0,20.8,97,77,Pacitan,-8.1845,111.1014
2023-08-03,28.2,21.7,24.7,0.0,0.0,3.8,17.6,20.02,96,67,Pacitan,-8.1845,111.1014
2023-08-04,27.8,22.3,24.7,0.4,0.4,3.85,23.6,19.38,94,67,Pacitan,-8.1845,111.1014
2023-08-05,27.7,23.0,24.9,0.7,0.7,3.6,23.5,18.71,93,74,Pacitan,-8.1845,111.1014
2023-08-06,27.8,22.8,24.9,0.6,0.6,3.7,19.9,19.48,95,72,Pacitan,-8.1845,111.1014
2023-08-07,28.2,22.9,25.0,0.0,0.0,4.1,21.0,21.02,93,69,Pacitan,-8.1845,111.1014
2023-08-08,27.5,21.4,24.3,0.0,0.0,4.36,23.3,22.86,90,68,Pacitan,-8.1845,111.1014
2023-08-09,28.1,21.3,24.2,0.0,0.0,4.32,24.4,22.57,92,62,Pacitan,-8.1845,111.1014
2023-08-10,27.6,20.7,23.8,0.0,0.0,4.49,20.2,23.46,93,56,Pacitan,-8.1845,111.1014
2023-08-11,27.4,19.9,23.4,0.0,0.0,4.27,17.3,23.03,93,65,Pacitan,-8.1845,111.1014
2023-08-12,27.6,20.0,23.5,0.0,0.0,4.24,16.3,22.95,95,66,Pacitan,-8.1845,111.1014
2023-08-13,27.8,19.5,23.7,0.0,0.0,4.39,17.3,23.47,94,68,Pacitan,-8.1845,111.1014
2023-08-14,28.1,21.1,24.2,0.0,0.0,4.48,21.0,23.26,90,62,Pacitan,-8.1845,111.1014
2023-08-15,28.5,21.2,24.5,0.0,0.0,4.27,19.1,22.41,94,66,Pacitan,-8.1845,111.1014
2023-08-16,28.1,22.5,24.8,0.0,0.0,4.53,23.1,23.17,92,63,Pacitan,-8.1845,111.1014
2023-08-17,26.3,22.0,23.8,2.3,2.3,3.59,23.7,18.89,91,72,Pacitan,-8.1845,111.1014
2023-08-18,27.5,21.3,24.1,0.1,0.1,4.13,19.9,20.45,88,62,Pacitan,-8.1845,111.1014
2023-08-19,28.5,20.8,24.1,0.0,0.0,4.32,21.4,23.04,94,65,Pacitan,-8.1845,111.1014
2023-08-20,27.7,20.7,24.0,0.4,0.4,3.99,20.6,21.19,96,68,Pacitan,-8.1845,111.1014
2023-08-21,28.0,21.1,24.5,0.1,0.1,4.29,24.8,21.59,94,64,Pacitan,-8.1845,111.1014
2023-08-22,28.0,22.4,24.7,0.0,0.0,4.24,26.4,20.7,89,65,Pacitan,-8.1845,111.1014
2023-08-23,27.4,22.4,24.5,0.0,0.0,4.36,26.2,20.62,88,62,Pacitan,-8.1845,111.1014
2023-08-24,27.5,21.9,24.4,0.0,0.0,4.27,27.3,22.18,94,64,Pacitan,-8.1845,111.1014
2023-08-25,27.4,22.6,24.4,0.8,0.8,3.5,24.2,17.88,95,71,Pacitan,-8.1845,111.1014
2023-08-26,27.3,22.1,24.2,0.2,0.2,3.89,22.6,20.39,93,65,Pacitan,-8.1845,111.1014
2023-08-27,28.0,21.4,24.2,0.0,0.0,4.52,17.6,23.93,95,64,Pacitan,-8.1845,111.1014
2023-08-28,27.7,20.7,23.9,0.0,0.0,4.52,21.9,24.28,93,63,Pacitan,-8.1845,111.1014
2023-08-29,28.2,21.0,24.3,0.0,0.0,4.61,21.5,23.99,94,63,Pacitan,-8.1845,111.1014
2023-08-30,27.9,21.1,24.2,0.0,0.0,4.46,20.6,23.78,94,66,Pacitan,-8.1845,111.1014
2023-08-31,28.0,21.3,24.1,0.0,0.0,4.25,21.7,22.33,96,64,Pacitan,-8.1845,111.1014
2023-09-01,27.7,21.4,24.0,0.0,0.0,4.65,22.2,23.84,94,55,Pacitan,-8.1845,111.1014
2023-09-02,27.1,20.2,23.7,0.0,0.0,4.7,18.4,24.59,93,50,Pacitan,-8.1845,111.1014
2023-09-03,27.4,21.0,23.8,0.0,0.0,4.61,22.7,24.59,95,58,Pacitan,-8.1845,111.1014
2023-09-04,27.5,22.1,24.2,0.0,0.0,5.13,21.4,24.96,89,59,Pacitan,-8.1845,111.1014
2023-09-05,28.0,21.6,24.4,0.0,0.0,5.18,22.3,24.75,85,54,Pacitan,-8.1845,111.1014
2023-09-06,28.5,22.3,24.8,0.0,0.0,4.53,24.9,22.92,92,64,Pacitan,-8.1845,111.1014
2023-09-07,28.3,22.0,24.5,0.0,0.0,4.66,19.8,24.42,92,63,Pacitan,-8.1845,111.1014
2023-09-08,29.2,21.7,24.5,0.0,0.0,4.97,18.1,25.23,93,57,Pacitan,-8.1845,111.1014
2023-09-09,28.3,20.3,23.9,0.0,0.0,5.2,18.3,25.91,85,54,Pacitan,-8.1845,111.1014
2023-09-10,27.8,20.5,23.9,0.0,0.0,4.67,19.1,24.36,93,63,Pacitan,-8.1845,111.1014
2023-09-11,27.8,22.2,24.9,0.4,0.4,3.85,20.2,19.81,94,71,Pacitan,-8.1845,111.1014
2023-09-12,29.1,22.8,25.2,0.1,0.1,4.39,23.1,22.52,97,67,Pacitan,-8.1845,111.1014
2023-09-13,28.3,22.4,24.9,0.7,0.7,4.35,19.3,22.54,94,67,Pacitan,-8.1845,111.1014
2023-09-14,28.4,23.1,25.0,1.1,1.1,4.27,23.4,21.64,95,62,Pacitan,-8.1845,111.1014
2023-09-15,28.6,22.7,25.1,0.2,0.2,4.64,25.2,23.09,93,64,Pacitan,-8.1845,111.1014
2023-09-16,28.5,22.4,25.1,0.0,0.0,4.31,24.7,21.89,93,66,Pacitan,-8.1845,111.1014
2023-09-17,28.7,22.7,25.1,0.0,0.0,4.53,22.0,23.8,94,64,Pacitan,-8.1845,111.1014
2023-09-18,28.3,21.5,24.4,0.0,0.0,4.52,18.7,23.79,97,65,Pacitan,-8.1845,111.1014
2023-09-19,28.4,21.2,24.5,0.0,0.0,4.81,19.6,25.47,95,65,Pacitan,-8.1845,111.1014
2023-09-20,28.6,21.7,24.7,0.0,0.0,4.92,19.5,25.74,95,64,Pacitan,-8.1845,111.1014
2023-09-21,28.8,21.4,24.6,0.0,0.0,4.98,19.7,26.02,98,61,Pacitan,-8.1845,111.1014
2023-09-22,28.6,20.9,24.5,0.0,0.0,4.92,21.4,25.31,93,58,Pacitan,-8.1845,111.1014
2023-09-23,28.2,20.6,24.5,0.0,0.0,4.73,18.8,24.71,95,64,Pacitan,-8.1845,111.1014
2023-09-24,28.9,21.6,25.2,0.0,0.0,4.74,20.1,24.15,95,65,Pacitan,-8.1845,111.1014
2023-09-25,29.1,22.8,25.4,0.4,0.4,4.79,20.7,24.31,93,65,Pacitan,-8.1845,111.1014
2023-09-26,28.9,22.6,25.5,0.0,0.0,5.2,19.2,26.46,94,63,Pacitan,-8.1845,111.1014
2023-09-27,28.6,22.9,25.5,0.0,0.0,4.79,20.4,24.71,93,67,Pacitan,-8.1845,111.1014
2023-09-28,29.7,23.1,25.7,0.0,0.0,5.09,17.9,25.57,93,64,Pacitan,-8.1845,111.1014
2023-09-29,29.7,22.4,25.9,0.0,0.0,5.13,19.3,26.16,95,65,Pacitan,-8.1845,111.1014
2023-09-30,29.2,22.8,25.8,0.0,0.0,5.08,17.4,26.21,96,62,Pacitan,-8.1845,111.1014
2023-10-01,29.0,21.8,25.6,0.0,0.0,4.81,15.8,24.76,94,66,Pacitan,-8.1845,111.1014
2023-10-02,28.1,22.8,25.4,2.5,2.5,4.4,18.4,22.9,95,70,Pacitan,-8.1845,111.1014
2023-10-03,27.7,23.8,25.3,4.8,4.8,3.8,18.5,20.13,94,76,Pacitan,-8.1845,111.1014
2023-10-04,29.9,22.4,26.2,0.0,0.0,4.85,17.9,24.32,96,65,Pacitan,-8.1845,111.1014
2023-10-05,30.3,22.9,26.3,0.1,0.1,4.66,18.9,23.39,95,69,Pacitan,-8.1845,111.1014
2023-10-06,30.3,23.4,26.6,0.0,0.0,4.94,17.3,24.67,98,66,Pacitan,-8.1845,111.1014
2023-10-07,30.0,23.3,26.6,0.0,0.0,5.01,17.8,25.27,96,68,Pacitan,-8.1845,111.1014
2023-10-08,30.2,23.9,26.7,0.2,0.2,4.99,20.4,24.63,96,65,Pacitan,-8.1845,111.1014
2023-10-09,30.3,23.6,26.8,0.0,0.0,4.93,21.9,24.27,92,63,Pacitan,-8.1845,111.1014
2023-10-10,30.6,23.0,26.2,0.0,0.0,5.39,18.6,26.64,95,56,Pacitan,-8.1845,111.1014
2023-10-11,30.0,22.2,25.7,0.0,0.0,5.38,18.7,27.17,97,57,Pacitan,-8.1845,111.1014
2023-10-12,29.9,22.4,25.9,0.0,0.0,5.07,21.4,25.42,95,62,Pacitan,-8.1845,111.1014
2023-10-13,30.3,23.2,26.5,0.0,0.0,5.24,16.7,26.1,94,62,Pacitan,-8.1845,111.1014
2023-10-14,30.5,24.0,26.6,0.1,0.1,4.88,19.9,24.03,94,62,Pacitan,-8.1845,111.1014
2023-10-15,30.8,22.9,26.6,0.0,0.0,5.03,17.8,24.63,93,64,Pacitan,-8.1845,111.1014
2023-10-16,31.0,24.7,27.0,0.0,0.0,5.22,24.2,25.54,93,59,Pacitan,-8.1845,111.1014
2023-10-17,30.7,24.2,26.7,0.0,0.0,5.3,19.5,26.66,94,64,Pacitan,-8.1845,111.1014
2023-10-18,30.0,23.5,26.3,0.0,0.0,4.98,17.7,24.69,95,63,Pacitan,-8.1845,111.1014
2023-10-19,30.4,23.1,26.4,0.0,0.0,4.8,17.8,23.34,97,60,Pacitan,-8.1845,111.1014
2023-10-20,30.5,23.3,26.5,0.2,0.2,4.75,18.6,23.13,97,63,Pacitan,-8.1845,111.1014
2023-10-21,30.4,23.3,26.4,0.0,0.0,5.47,17.1,26.93,94,57,Pacitan,-8.1845,111.1014
2023-10-22,30.4,22.7,26.0,0.0,0.0,5.22,15.4,26.59,95,63,Pacitan,-8.1845,111.1014
2023-10-23,29.8,22.9,26.3,0.3,0.3,4.97,16.3,24.97,97,66,Pacitan,-8.1845,111.1014
2023-10-24,30.3,23.5,26.7,0.1,0.1,4.87,17.1,23.96,98,64,Pacitan,-8.1845,111.1014
2023-10-25,30.7,23.3,26.9,0.7,0.7,5.02,18.2,24.16,90,62,Pacitan,-8.1845,111.1014
2023-10-26,31.0,24.1,27.3,0.1,0.1,5.18,16.5,25.02,93,64,Pacitan,-8.1845,111.1014
2023-10-27,31.2,24.2,27.3,0.0,0.0,5.35,15.8,25.7,93,58,Pacitan,-8.1845,111.1014
2023-10-28,30.4,24.3,27.1,2.1,2.1,5.12,17.1,25.18,91,67,Pacitan,-8.1845,111.1014
2023-10-29,31.0,24.3,27.5,0.1,0.1,5.5,15.8,26.08,90,58,Pacitan,-8.1845,111.1014
2023-10-30,30.3,24.3,27.2,2.1,2.1,4.77,19.2,22.99,92,64,Pacitan,-8.1845,111.1014
2023-10-31,31.3,24.5,27.7,0.4,0.4,5.29,18.6,24.93,91,62,Pacitan,-8.1845,111.1014
2023-11-01,31.8,25.0,27.9,0.0,0.0,5.42,19.0,25.61,92,59,Pacitan,-8.1845,111.1014
2023-11-02,31.8,25.0,27.8,0.0,0.0,5.57,19.1,26.35,94,59,Pacitan,-8.1845,111.1014
2023-11-03,31.7,24.5,27.7,0.7,0.7,4.97,19.6,23.37,94,61,Pacitan,-8.1845,111.1014
2023-11-04,31.5,24.7,27.7,2.2,2.2,5.08,20.9,24.11,96,63,Pacitan,-8.1845,111.1014
2023-11-05,31.7,25.1,27.9,4.0,4.0,4.82,17.8,22.77,92,62,Pacitan,-8.1845,111.1014
2023-11-06,31.2,24.6,27.8,0.1,0.1,4.89,16.9,22.76,97,62,Pacitan,-8.1845,111.1014
2023-11-07,30.3,24.6,27.4,1.3,1.3,4.79,16.4,23.17,88,69,Pacitan,-8.1845,111.1014
2023-11-08,31.5,24.1,27.6,0.1,0.1,5.23,14.2,25.63,94,65,Pacitan,-8.1845,111.1014
2023-11-09,31.5,25.0,27.9,0.5,0.5,5.36,14.3,26.06,95,62,Pacitan,-8.1845,111.1014
2023-11-10,31.1,24.6,27.5,1.8,1.8,4.73,15.1,22.8,98,64,Pacitan,-8.1845,111.1014
2023-11-11,30.4,25.0,27.4,4.7,4.7,4.37,15.7,20.84,93,67,Pacitan,-8.1845,111.1014
2023-11-12,30.1,25.0,26.8,1.2,1.2,4.06,16.9,19.46,92,69,Pacitan,-8.1845,111.1014
2023-11-13,30.9,25.0,27.6,0.6,0.6,4.71,17.8,22.17,92,66,Pacitan,-8.1845,111.1014
2023-11-14,30.7,25.0,27.4,3.3,3.3,4.26,17.4,20.75,94,70,Pacitan,-8.1845,111.1014
2023-11-15,30.6,24.6,27.1,2.6,2.6,4.11,15.5,20.27,96,69,Pacitan,-8.1845,111.1014
2023-11-16,30.4,25.0,27.1,3.2,3.2,4.55,17.6,23.0,97,71,Pacitan,-8.1845,111.1014
2023-11-17,30.8,24.9,27.4,1.0,1.0,5.17,14.7,25.27,97,63,Pacitan,-8.1845,111.1014
2023-11-18,29.3,24.8,26.8,5.7,5.7,4.71,15.5,23.77,94,72,Pacitan,-8.1845,111.1014
2023-11-19,29.1,24.5,26.3,6.6,6.6,4.36,17.7,22.83,96,74,Pacitan,-8.1845,111.1014
2023-11-20,30.2,24.7,26.8,3.2,3.2,4.03,17.7,19.91,95,70,Pacitan,-8.1845,111.1014
2023-11-21,31.1,24.7,27.7,0.3,0.3,5.3,19.4,24.48,95,63,Pacitan,-8.1845,111.1014
2023-11-22,31.1,24.8,27.9,0.3,0.3,4.97,19.9,23.64,93,67,Pacitan,-8.1845,111.1014
2023-11-23,30.6,25.3,27.8,0.3,0.3,4.19,17.3,19.9,93,68,Pacitan,-8.1845,111.1014
2023-11-24,30.7,24.9,27.5,5.5,5.5,4.49,17.7,21.8,96,67,Pacitan,-8.1845,111.1014
2023-11-25,31.4,24.8,27.5,0.9,0.9,4.59,13.6,21.94,97,63,Pacitan,-8.1845,111.1014
2023-11-26,30.3,24.2,27.3,1.9,1.9,5.0,14.5,24.97,93,67,Pacitan,-8.1845,111.1014
2023-11-27,30.5,23.8,27.1,3.7,3.7,4.71,12.0,22.88,93,65,Pacitan,-8.1845,111.1014
2023-11-28,30.8,24.5,27.2,0.9,0.9,4.43,15.4,20.78,94,64,Pacitan,-8.1845,111.1014
2023-11-29,29.9,24.5,26.7,9.6,9.6,3.51,15.8,16.64,92,67,Pacitan,-8.1845,111.1014
2023-11-30,29.6,24.4,26.7,8.7,8.7,3.58,14.0,17.61,95,74,Pacitan,-8.1845,111.1014
2023-12-01,27.0,24.6,25.2,20.0,20.0,1.99,11.9,9.95,97,84,Pacitan,-8.1845,111.1014
2023-12-02,28.7,24.9,26.4,5.6,5.6,3.4,15.3,17.05,98,78,Pacitan,-8.1845,111.1014
2023-12-03,30.3,24.8,26.9,3.0,3.0,4.28,13.4,20.9,95,70,Pacitan,-8.1845,111.1014
2023-12-04,30.2,24.0,26.9,1.2,1.2,4.19,16.4,20.43,96,70,Pacitan,-8.1845,111.1014
2023-12-05,29.3,24.8,26.8,3.7,3.7,3.79,15.8,19.27,93,76,Pacitan,-8.1845,111.1014
2023-12-06,30.9,25.1,27.8,1.2,1.2,4.92,14.9,24.1,92,63,Pacitan,-8.1845,111.1014
2023-12-07,30.1,24.7,26.9,2.3,2.3,4.35,13.1,21.95,97,73,Pacitan,-8.1845,111.1014
2023-12-08,30.9,25.1,27.2,3.4,3.4,4.08,14.1,19.98,97,70,Pacitan,-8.1845,111.1014
2023-12-09,30.6,24.8,27.6,3.8,3.8,4.76,14.3,23.27,96,67,Pacitan,-8.1845,111.1014
2023-12-10,30.4,25.5,27.4,2.5,2.5,3.94,12.1,18.49,94,66,Pacitan,-8.1845,111.1014
2023-12-11,30.4,24.4,27.4,1.7,1.7,4.79,18.0,22.8,93,64,Pacitan,-8.1845,111.1014
2023-12-12,31.4,24.5,27.8,1.7,1.7,5.0,19.4,23.3,94,60,Pacitan,-8.1845,111.1014
2023-12-13,29.2,24.0,26.3,6.0,6.0,3.53,14.2,18.11,95,75,Pacitan,-8.1845,111.1014
2023-12-14,29.9,24.0,27.2,5.2,5.2,4.69,13.9,23.27,96,70,Pacitan,-8.1845,111.1014
2023-12-15,30.3,24.9,27.4,0.5,0.5,5.1,14.6,24.25,89,56,Pacitan,-8.1845,111.1014
2023-12-16,30.6,23.7,27.0,0.2,0.2,4.77,14.6,22.62,85,61,Pacitan,-8.1845,111.1014
2023-12-17,30.1,24.2,27.1,1.0,1.0,4.48,14.2,21.39,92,64,Pacitan,-8.1845,111.1014
2023-12-18,30.4,23.8,27.0,0.5,0.5,4.87,13.5,22.46,88,60,Pacitan,-8.1845,111.1014
2023-12-19,30.7,23.6,27.1,0.0,0.0,5.72,14.8,26.06,84,47,Pacitan,-8.1845,111.1014
2023-12-20,31.2,24.7,27.9,0.0,0.0,5.5,16.1,23.75,75,49,Pacitan,-8.1845,111.1014
2023-12-21,31.8,23.1,27.3,0.0,0.0,5.48,16.5,25.07,80,49,Pacitan,-8.1845,111.1014
2023-12-22,31.6,24.0,28.0,0.0,0.0,5.61,15.8,24.87,78,54,Pacitan,-8.1845,111.1014
2023-12-23,32.7,24.9,28.6,0.0,0.0,6.05,17.0,26.74,78,52,Pacitan,-8.1845,111.1014
2023-12-24,32.3,24.7,28.5,0.0,0.0,5.81,15.1,26.26,79,52,Pacitan,-8.1845,111.1014
2023-12-25,32.6,25.7,28.4,2.9,2.9,5.14,13.2,23.51,86,53,Pacitan,-8.1845,111.1014
2023-12-26,31.4,25.3,28.0,7.6,7.6,4.71,15.7,22.27,85,59,Pacitan,-8.1845,111.1014
2023-12-27,31.3,25.8,27.8,5.8,5.8,4.6,14.2,22.08,93,67,Pacitan,-8.1845,111.1014
2023-12-28,32.0,25.0,27.9,5.8,5.8,4.53,16.8,21.4,95,63,Pacitan,-8.1845,111.1014
2023-12-29,30.8,25.2,27.5,5.3,5.3,4.28,16.3,21.12,95,70,Pacitan,-8.1845,111.1014
2023-12-30,32.0,25.1,27.7,7.0,7.0,4.59,15.5,21.7,96,64,Pacitan,-8.1845,111.1014
2023-12-31,31.1,25.4,27.7,2.6,2.6,4.58,17.6,22.22,94,68,Pacitan,-8.1845,111.1014
2024-01-01,30.3,25.2,27.6,7.3,7.3,4.09,14.3,20.0,96,73,Pacitan,-8.1845,111.1014
2024-01-02,30.5,25.1,27.7,9.6,9.6,4.21,11.2,20.47,95,73,Pacitan,-8.1845,111.1014
2024-01-03,30.7,25.0,26.7,5.2,5.2,2.84,10.5,13.87,98,73,Pacitan,-8.1845,111.1014
2024-01-04,30.8,24.6,26.8,8.1,8.1,3.4,12.2,16.62,98,70,Pacitan,-8.1845,111.1014
2024-01-05,30.2,25.0,27.0,6.5,6.5,3.76,10.8,18.63,97,78,Pacitan,-8.1845,111.1014
2024-01-06,29.5,24.7,27.0,4.1,4.1,3.77,10.5,19.0,98,78,Pacitan,-8.1845,111.1014
2024-01-07,28.6,24.9,26.2,30.1,30.1,2.81,6.6,13.93,98,84,Pacitan,-8.1845,111.1014
2024-01-08,29.1,24.9,27.0,7.7,7.7,3.93,10.7,19.72,97,77,Pacitan,-8.1845,111.1014
2024-01-09,29.0,25.0,26.9,1.2,1.2,3.38,9.7,16.81,96,80,Pacitan,-8.1845,111.1014
2024-01-10,29.6,24.9,26.8,15.2,15.2,3.21,8.7,15.81,95,79,Pacitan,-8.1845,111.1014
2024-01-11,30.0,25.1,27.3,2.0,2.0,4.51,15.6,23.05,96,77,Pacitan,-8.1845,111.1014
2024-01-12,29.7,24.8,27.2,1.9,1.9,4.59,18.2,22.88,95,72,Pacitan,-8.1845,111.1014
2024-01-13,29.1,24.8,27.0,2.7,2.7,4.03,16.1,20.28,95,77,Pacitan,-8.1845,111.1014
2024-01-14,29.9,25.1,27.5,0.1,0.1,4.19,12.8,20.09,89,69,Pacitan,-8.1845,111.1014
2024-01-15,29.6,24.7,27.1,1.7,1.7,4.57,13.6,23.32,92,73,Pacitan,-8.1845,111.1014
2024-01-16,29.9,24.9,27.2,3.3,3.3,4.69,16.1,23.85,92,73,Pacitan,-8.1845,111.1014
2024-01-17,29.0,24.8,26.5,21.4,21.4,2.79,16.6,13.36,94,75,Pacitan,-8.1845,111.1014
2024-01-18,28.9,24.6,25.7,19.8,19.8,2.53,18.8,12.99,96,79,Pacitan,-8.1845,111.1014
2024-01-19,28.4,23.6,25.3,44.7,44.7,2.92,21.1,15.85,96,78,Pacitan,-8.1845,111.1014
2024-01-20,28.3,23.2,25.3,13.4,13.4,2.92,21.5,15.25,97,80,Pacitan,-8.1845,111.1014
2024-01-21,28.8,23.7,26.1,2.7,2.7,4.06,21.2,21.24,93,77,Pacitan,-8.1845,111.1014
2024-01-22,29.8,24.6,26.6,2.1,2.1,4.24,22.9,21.2,92,69,Pacitan,-8.1845,111.1014
2024-01-23,29.7,24.9,26.7,2.8,2.8,4.3,22.4,21.93,91,73,Pacitan,-8.1845,111.1014
2024-01-24,29.4,24.9,26.8,7.8,7.8,3.64,17.5,18.4,93,79,Pacitan,-8.1845,111.1014
2024-01-25,31.4,24.6,27.0,4.0,4.0,4.54,18.6,22.55,97,67,Pacitan,-8.1845,111.1014
2024-01-26,30.9,24.5,26.7,22.0,22.0,4.11,16.4,20.35,95,70,Pacitan,-8.1845,111.1014
2024-01-27,29.7,24.5,26.1,20.2,20.2,2.97,14.5,14.96,91,78,Pacitan,-8.1845,111.1014
2024-01-28,28.9,24.0,26.4,6.7,6.7,3.8,13.2,19.38,96,82,Pacitan,-8.1845,111.1014
2024-01-29,29.7,24.1,26.4,20.9,20.9,3.01,10.1,14.95,96,80,Pacitan,-8.1845,111.1014
2024-01-30,30.3,24.2,26.9,2.2,2.2,4.39,9.4,21.87,97,78,Pacitan,-8.1845,111.1014
2024-01-31,30.4,24.2,26.9,5.1,5.1,4.58,11.8,22.99,96,73,Pacitan,-8.1845,111.1014
2024-02-01,30.9,24.5,27.2,4.8,4.8,4.58,16.1,22.2,91,65,Pacitan,-8.1845,111.1014
2024-02-02,28.8,25.3,26.6,11.1,11.1,3.3,18.6,16.82,93,81,Pacitan,-8.1845,111.1014
2024-02-03,27.3,24.0,25.6,36.0,36.0,2.38,12.0,11.93,95,87,Pacitan,-8.1845,111.1014
2024-02-04,28.8,24.5,26.2,21.6,21.6,3.4,16.7,18.04,94,79,Pacitan,-8.1845,111.1014
2024-02-05,29.5,24.6,26.9,2.7,2.7,3.61,14.2,17.91,95,75,Pacitan,-8.1845,111.1014
2024-02-06,29.0,24.3,26.2,17.6,17.6,2.6,13.1,12.69,96,82,Pacitan,-8.1845,111.1014
2024-02-07,29.3,24.4,26.1,29.2,29.2,3.18,14.5,15.98,93,77,Pacitan,-8.1845,111.1014
2024-02-08,30.2,24.1,26.4,1.7,1.7,4.29,13.5,21.69,91,75,Pacitan,-8.1845,111.1014
2024-02-09,29.8,24.0,26.8,3.5,3.5,4.87,10.8,25.18,94,75,Pacitan,-8.1845,111.1014
2024-02-10,28.6,24.3,26.5,10.5,10.5,3.57,9.6,18.02,96,82,Pacitan,-8.1845,111.1014
2024-02-11,29.3,24.8,26.5,9.0,9.0,3.99,12.6,20.78,96,81,Pacitan,-8.1845,111.1014
2024-02-12,30.4,24.6,27.2,1.2,1.2,4.53,15.1,22.98,94,75,Pacitan,-8.1845,111.1014
2024-02-13,30.0,24.6,27.3,1.7,1.7,4.71,11.4,24.05,95,76,Pacitan,-8.1845,111.1014
2024-02-14,30.1,24.8,27.5,1.4,1.4,4.55,10.2,22.76,94,74,Pacitan,-8.1845,111.1014
2024-02-15,30.7,25.6,28.0,0.8,0.8,5.09,11.2,25.19,91,72,Pacitan,-8.1845,111.1014
2024-02-16,30.2,25.6,27.8,1.9,1.9,4.86,11.5,24.66,93,75,Pacitan,-8.1845,111.1014
2024-02-17,30.1,24.6,27.2,4.0,4.0,4.82,11.2,24.62,96,77,Pacitan,-8.1845,111.1014
2024-02-18,29.6,24.9,27.3,1.3,1.3,4.68,11.4,24.05,96,79,Pacitan,-8.1845,111.1014
2024-02-19,31.1,25.1,27.7,14.0,14.0,4.13,8.3,20.02,95,70,Pacitan,-8.1845,111.1014
2024-02-20,31.2,25.6,27.8,10.2,10.2,3.93,9.8,19.08,95,77,Pacitan,-8.1845,111.1014
2024-02-21,31.1,25.1,27.8,0.6,0.6,5.12,16.6,25.83,96,73,Pacitan,-8.1845,111.1014
2024-02-22,32.3,25.7,28.5,2.2,2.2,5.52,19.9,26.41,94,62,Pacitan,-8.1845,111.1014
2024-02-23,31.2,25.6,28.1,3.9,3.9,3.87,17.6,17.73,93,70,Pacitan,-8.1845,111.1014
2024-02-24,31.5,25.7,27.6,11.0,11.0,3.86,12.2,18.29,96,65,Pacitan,-8.1845,111.1014
2024-02-25,29.9,24.9,26.7,25.0,25.0,2.97,9.2,14.44,97,76,Pacitan,-8.1845,111.1014
2024-02-26,30.6,24.5,27.2,2.6,2.6,4.38,10.1,21.9,94,74,Pacitan,-8.1845,111.1014
2024-02-27,30.8,25.7,28.0,1.8,1.8,4.5,10.9,22.19,91,72,Pacitan,-8.1845,111.1014
2024-02-28,30.0,25.3,27.1,14.0,14.0,3.04,9.4,15.06,95,80,Pacitan,-8.1845,111.1014
2024-02-29,30.2,24.7,27.1,17.9,17.9,4.0,8.5,20.0,97,78,Pacitan,-8.1845,111.1014
2024-03-01,28.4,25.0,26.4,20.7,20.7,2.83,8.8,14.23,97,84,Pacitan,-8.1845,111.1014
2024-03-02,29.4,25.1,26.6,20.2,20.2,2.99,10.2,15.1,97,84,Pacitan,-8.1845,111.1014
2024-03-03,30.3,24.9,27.1,6.7,6.7,3.72,9.2,18.44,94,80,Pacitan,-8.1845,111.1014
2024-03-04,28.4,25.4,26.8,19.0,19.0,2.57,10.0,12.88,95,85,Pacitan,-8.1845,111.1014
2024-03-05,30.3,25.7,27.2,9.8,9.8,3.46,12.0,17.26,96,78,Pacitan,-8.1845,111.1014
2024-03-06,30.7,25.6,27.5,15.8,15.8,3.39,10.2,16.57,96,75,Pacitan,-8.1845,111.1014
2024-03-07,30.3,25.4,27.6,17.0,17.0,3.64,13.6,18.02,94,77,Pacitan,-8.1845,111.1014
2024-03-08,30.2,25.4,27.2,14.7,14.7,3.56,18.1,18.09,94,80,Pacitan,-8.1845,111.1014
2024-03-09,27.6,24.6,26.0,29.4,29.4,1.38,18.3,4.64,92,78,Pacitan,-8.1845,111.1014
2024-03-10,29.8,24.7,26.8,5.4,5.4,2.83,15.3,11.98,89,72,Pacitan,-8.1845,111.1014
2024-03-11,31.2,25.2,27.8,0.2,0.2,3.71,10.5,17.1,91,68,Pacitan,-8.1845,111.1014
2024-03-12,31.7,26.3,28.5,0.7,0.7,4.8,20.7,20.64,85,68,Pacitan,-8.1845,111.1014
2024-03-13,30.5,25.9,27.4,17.8,17.8,3.44,17.9,14.55,92,73,Pacitan,-8.1845,111.1014
2024-03-14,29.7,25.0,26.6,21.4,21.4,2.81,15.7,13.34,92,79,Pacitan,-8.1845,111.1014
2024-03-15,30.5,24.5,26.8,14.3,14.3,3.57,21.6,17.1,93,76,Pacitan,-8.1845,111.1014
2024-03-16,29.9,25.1,27.2,3.1,3.1,4.87,23.9,24.1,90,72,Pacitan,-8.1845,111.1014
2024-03-17,29.7,24.4,26.7,4.7,4.7,4.45,23.7,22.18,92,71,Pacitan,-8.1845,111.1014
2024-03-18,30.2,24.9,27.1,1.3,1.3,4.82,21.9,23.42,87,68,Pacitan,-8.1845,111.1014
2024-03-19,30.8,24.5,27.3,0.1,0.1,5.32,19.4,25.99,89,62,Pacitan,-8.1845,111.1014
2024-03-20,31.5,24.5,27.4,0.7,0.7,5.1,17.9,24.91,91,62,Pacitan,-8.1845,111.1014
2024-03-21,31.0,24.1,27.2,2.3,2.3,4.59,12.9,22.7,93,65,Pacitan,-8.1845,111.1014
2024-03-22,30.5,24.5,27.4,0.2,0.2,4.61,11.5,22.82,92,73,Pacitan,-8.1845,111.1014
2024-03-23,30.8,24.8,27.7,0.1,0.1,5.15,14.0,25.67,90,70,Pacitan,-8.1845,111.1014
2024-03-24,30.7,24.4,27.5,2.5,2.5,4.72,13.2,23.52,93,71,Pacitan,-8.1845,111.1014
2024-03-25,30.6,24.4,27.4,1.6,1.6,4.4,14.3,21.01,91,65,Pacitan,-8.1845,111.1014
2024-03-26,30.4,25.0,27.8,2.3,2.3,4.61,17.9,22.09,90,74,Pacitan,-8.1845,111.1014
2024-03-27,31.0,25.9,28.1,0.0,0.0,5.09,17.1,23.19,84,61,Pacitan,-8.1845,111.1014
2024-03-28,30.1,25.0,27.3,5.2,5.2,4.19,12.0,20.52,90,72,Pacitan,-8.1845,111.1014
2024-03-29,30.2,24.9,27.5,0.5,0.5,4.54,15.8,22.31,91,72,Pacitan,-8.1845,111.1014
2024-03-30,30.5,25.8,27.9,1.1,1.1,4.01,18.2,18.73,90,73,Pacitan,-8.1845,111.1014
2024-03-31,30.6,25.7,27.8,2.5,2.5,4.44,15.5,21.13,93,68,Pacitan,-8.1845,111.1014
2024-04-01,29.6,25.6,27.0,5.6,5.6,3.4,14.7,16.65,94,75,Pacitan,-8.1845,111.1014
2024-04-02,29.6,25.3,27.2,1.8,1.8,3.9,17.6,20.01,93,78,Pacitan,-8.1845,111.1014
2024-04-03,30.9,25.0,27.8,0.5,0.5,4.43,14.8,22.22,95,74,Pacitan,-8.1845,111.1014
2024-04-04,30.5,25.1,27.7,0.5,0.5,4.74,12.7,24.04,97,74,Pacitan,-8.1845,111.1014
2024-04-05,31.0,24.7,27.7,0.3,0.3,4.53,10.8,22.49,94,69,Pacitan,-8.1845,111.1014
2024-04-06,30.5,24.5,27.6,0.9,0.9,4.53,14.6,22.51,94,71,Pacitan,-8.1845,111.1014
2024-04-07,30.6,25.2,27.4,5.3,5.3,4.02,13.5,20.02,96,76,Pacitan,-8.1845,111.1014
2024-04-08,30.5,25.1,27.2,10.5,10.5,3.5,12.5,17.18,98,72,Pacitan,-8.1845,111.1014
2024-04-09,29.5,25.4,26.5,17.6,17.6,2.76,6.4,13.56,97,82,Pacitan,-8.1845,111.1014
2024-04-10,29.6,25.1,26.8,7.5,7.5,3.46,12.1,17.55,97,80,Pacitan,-8.1845,111.1014
2024-04-11,29.4,24.8,26.9,4.0,4.0,3.51,12.2,17.76,96,81,Pacitan,-8.1845,111.1014
2024-04-12,30.0,25.1,27.2,1.1,1.1,4.2,14.3,21.64,98,76,Pacitan,-8.1845,111.1014
2024-04-13,30.3,24.9,27.3,4.0,4.0,3.78,10.3,18.89,98,80,Pacitan,-8.1845,111.1014
2024-04-14,30.7,25.4,27.7,4.0,4.0,4.19,15.5,20.44,91,72,Pacitan,-8.1845,111.1014
2024-04-15,30.7,25.1,28.0,0.7,0.7,4.53,15.3,21.92,89,70,Pacitan,-8.1845,111.1014
2024-04-16,31.0,25.2,27.8,1.8,1.8,4.46,19.1,21.63,91,69,Pacitan,-8.1845,111.1014
2024-04-17,29.3,25.7,27.0,4.7,4.7,3.55,22.6,17.86,93,73,Pacitan,-8.1845,111.1014
2024-04-18,29.2,24.8,26.8,1.5,1.5,3.45,17.3,17.33,95,78,Pacitan,-8.1845,111.1014
2024-04-19,29.8,25.1,27.0,4.2,4.2,3.63,15.0,18.33,95,75,Pacitan,-8.1845,111.1014
2024-04-20,30.7,25.1,27.6,1.6,1.6,3.69,18.6,18.44,95,75,Pacitan,-8.1845,111.1014
2024-04-21,29.9,25.9,27.5,1.8,1.8,3.63,17.3,18.26,95,75,Pacitan,-8.1845,111.1014
2024-04-22,29.7,25.2,27.3,0.5,0.5,3.59,18.6,17.61,96,79,Pacitan,-8.1845,111.1014
2024-04-23,29.5,25.9,27.1,6.3,6.3,3.09,17.1,15.42,94,78,Pacitan,-8.1845,111.1014
2024-04-24,29.5,24.7,26.7,17.9,17.9,2.97,13.5,14.93,96,78,Pacitan,-8.1845,111.1014
2024-04-25,29.3,24.8,26.8,9.7,9.7,2.72,11.8,13.58,98,83,Pacitan,-8.1845,111.1014
2024-04-26,30.1,24.4,27.2,22.9,22.9,3.83,12.3,19.41,98,80,Pacitan,-8.1845,111.1014
2024-04-27,30.0,24.8,27.3,5.7,5.7,3.83,13.2,19.29,95,78,Pacitan,-8.1845,111.1014
2024-04-28,30.6,25.2,27.7,0.9,0.9,4.17,15.9,21.09,93,75,Pacitan,-8.1845,111.1014
2024-04-29,30.2,25.6,27.5,0.0,0.0,4.41,22.5,22.44,92,75,Pacitan,-8.1845,111.1014
2024-04-30,29.2,25.6,27.2,0.1,0.1,3.52,17.8,16.85,90,75,Pacitan,-8.1845,111.1014
2024-05-01,29.9,25.3,27.2,0.2,0.2,4.03,18.9,20.1,90,74,Pacitan,-8.1845,111.1014
2024-05-02,29.6,25.5,27.2,0.3,0.3,4.19,21.3,20.75,91,77,Pacitan,-8.1845,111.1014
2024-05-03,29.6,25.4,27.2,0.0,0.0,4.36,22.8,21.22,87,75,Pacitan,-8.1845,111.1014
2024-05-04,29.6,24.7,26.7,0.0,0.0,4.38,20.4,21.64,88,70,Pacitan,-8.1845,111.1014
2024-05-05,29.4,23.6,26.2,0.0,0.0,4.39,15.8,22.14,91,69,Pacitan,-8.1845,111.1014
2024-05-06,29.2,24.0,26.2,0.0,0.0,4.34,19.6,21.69,88,67,Pacitan,-8.1845,111.1014
2024-05-07,29.0,23.3,26.0,0.7,0.7,3.76,19.0,19.38,92,74,Pacitan,-8.1845,111.1014
2024-05-08,29.3,24.2,26.7,1.3,1.3,3.76,15.2,19.17,95,74,Pacitan,-8.1845,111.1014
2024-05-09,30.5,24.9,27.1,2.3,2.3,3.95,16.7,19.84,93,74,Pacitan,-8.1845,111.1014
2024-05-10,29.8,25.3,27.2,0.0,0.0,3.95,19.0,19.9,93,74,Pacitan,-8.1845,111.1014
2024-05-11,30.4,25.6,27.5,0.1,0.1,4.22,19.5,20.93,91,72,Pacitan,-8.1845,111.1014
2024-05-12,30.1,25.1,27.2,0.0,0.0,4.27,18.0,21.55,93,70,Pacitan,-8.1845,111.1014
2024-05-13,30.3,24.2,26.9,0.0,0.0,4.4,17.1,21.9,93,65,Pacitan,-8.1845,111.1014
2024-05-14,30.1,23.9,26.7,0.3,0.3,4.23,15.9,21.71,93,72,Pacitan,-8.1845,111.1014
2024-05-15,29.8,24.0,26.4,0.0,0.0,3.87,18.0,19.17,95,71,Pacitan,-8.1845,111.1014
2024-05-16,29.0,23.7,26.3,0.2,0.2,3.9,20.7,19.63,92,71,Pacitan,-8.1845,111.1014
2024-05-17,29.8,23.7,26.6,0.0,0.0,4.12,21.6,20.83,93,69,Pacitan,-8.1845,111.1014
2024-05-18,30.2,24.9,27.0,0.0,0.0,4.44,23.4,21.23,91,68,Pacitan,-8.1845,111.1014
2024-05-19,29.6,24.8,26.6,0.0,0.0,4.47,25.6,20.79,88,65,Pacitan,-8.1845,111.1014
2024-05-20,29.8,24.4,26.6,0.0,0.0,4.38,21.1,20.5,89,67,Pacitan,-8.1845,111.1014
2024-05-21,30.0,23.7,26.5,0.0,0.0,4.48,19.8,21.06,88,66,Pacitan,-8.1845,111.1014
2024-05-22,30.2,23.9,26.6,0.0,0.0,4.22,17.3,20.88,91,67,Pacitan,-8.1845,111.1014
2024-05-23,30.0,24.6,26.9,0.0,0.0,4.06,16.3,20.17,92,70,Pacitan,-8.1845,111.1014
2024-05-24,30.5,25.0,27.0,5.2,5.2,3.41,15.7,16.64,95,71,Pacitan,-8.1845,111.1014
2024-05-25,29.2,25.1,26.7,1.4,1.4,2.53,16.4,11.36,95,76,Pacitan,-8.1845,111.1014
2024-05-26,29.6,24.9,26.7,0.0,0.0,3.7,22.4,17.04,91,69,Pacitan,-8.1845,111.1014
2024-05-27,30.0,24.6,26.7,0.0,0.0,3.77,20.9,18.84,93,69,Pacitan,-8.1845,111.1014
2024-05-28,30.1,23.6,26.7,2.1,2.1,3.77,10.6,18.77,95,71,Pacitan,-8.1845,111.1014
2024-05-29,30.0,23.9,26.8,0.9,0.9,3.89,11.2,19.71,96,72,Pacitan,-8.1845,111.1014
2024-05-30,29.6,25.0,26.7,1.0,1.0,3.67,14.8,18.58,92,72,Pacitan,-8.1845,111.1014
2024-05-31,29.8,24.1,26.9,1.1,1.1,3.81,17.1,18.44,93,72,Pacitan,-8.1845,111.1014
2024-06-01,30.9,25.1,27.5,1.1,1.1,3.87,20.2,18.68,91,67,Pacitan,-8.1845,111.1014
2024-06-02,30.4,24.9,27.2,0.0,0.0,3.95,17.4,19.48,95,71,Pacitan,-8.1845,111.1014
2024-06-03,30.3,24.8,27.0,0.3,0.3,3.95,22.7,19.02,93,69,Pacitan,-8.1845,111.1014
2024-06-04,30.3,24.8,27.0,0.0,0.0,4.25,19.2,19.93,89,65,Pacitan,-8.1845,111.1014
2024-06-05,30.2,23.2,26.5,0.1,0.1,4.23,20.2,20.16,91,67,Pacitan,-8.1845,111.1014
2024-06-06,29.9,24.7,26.8,0.7,0.7,3.99,21.9,18.58,91,67,Pacitan,-8.1845,111.1014
2024-06-07,29.5,23.6,26.4,0.9,0.9,3.79,20.8,18.08,94,70,Pacitan,-8.1845,111.1014
2024-06-08,30.3,23.6,26.8,0.2,0.2,3.83,17.8,17.72,93,67,Pacitan,-8.1845,111.1014
2024-06-09,30.0,24.6,27.0,1.1,1.1,3.57,18.1,17.03,90,68,Pacitan,-8.1845,111.1014
2024-06-10,30.9,24.7,27.3,0.0,0.0,3.99,19.2,18.69,91,64,Pacitan,-8.1845,111.1014
2024-06-11,30.5,24.8,27.3,0.4,0.4,3.94,17.0,18.7,92,71,Pacitan,-8.1845,111.1014
2024-06-12,30.3,24.5,27.1,1.1,1.1,4.0,19.7,18.44,90,66,Pacitan,-8.1845,111.1014
2024-06-13,30.7,24.5,27.0,1.1,1.1,3.62,14.5,16.33,89,60,Pacitan,-8.1845,111.1014
2024-06-14,31.1,24.4,27.5,3.8,3.8,3.87,13.5,18.42,93,62,Pacitan,-8.1845,111.1014
2024-06-15,30.4,24.5,27.1,0.9,0.9,3.88,15.6,18.6,96,68,Pacitan,-8.1845,111.1014
2024-06-16,30.2,23.5,26.8,0.0,0.0,4.11,16.0,18.71,89,64,Pacitan,-8.1845,111.1014
2024-06-17,30.7,23.8,27.2,0.4,0.4,3.82,16.0,17.31,89,63,Pacitan,-8.1845,111.1014
2024-06-18,30.0,24.5,26.9,1.0,1.0,4.05,22.7,18.5,96,66,Pacitan,-8.1845,111.1014
2024-06-19,29.3,23.1,26.2,0.1,0.1,4.24,22.6,18.15,90,59,Pacitan,-8.1845,111.1014
2024-06-20,30.1,23.8,26.3,0.0,0.0,4.38,24.2,17.97,88,56,Pacitan,-8.1845,111.1014
2024-06-21,29.7,23.8,26.3,0.0,0.0,4.39,24.0,18.29,85,59,Pacitan,-8.1845,111.1014
2024-06-22,29.0,23.9,26.0,1.0,1.0,3.78,23.2,16.82,89,63,Pacitan,-8.1845,111.1014
2024-06-23,28.6,23.9,25.9,2.1,2.1,3.59,24.2,16.37,91,68,Pacitan,-8.1845,111.1014
2024-06-24,28.7,24.3,26.3,1.9,1.9,3.68,26.2,16.21,92,70,Pacitan,-8.1845,111.1014
2024-06-25,29.4,24.3,26.4,2.4,2.4,3.54,19.2,16.2,89,70,Pacitan,-8.1845,111.1014
2024-06-26,30.1,23.8,26.6,0.0,0.0,3.8,20.7,17.86,90,68,Pacitan,-8.1845,111.1014
2024-06-27,30.3,23.9,26.7,2.0,2.0,3.48,14.0,17.11,93,67,Pacitan,-8.1845,111.1014
2024-06-28,30.3,23.8,26.7,3.9,3.9,3.68,13.6,18.28,97,69,Pacitan,-8.1845,111.1014
2024-06-29,29.8,24.5,26.6,2.3,2.3,3.63,18.9,17.97,93,71,Pacitan,-8.1845,111.1014
2024-06-30,29.8,24.2,26.6,0.2,0.2,3.78,22.0,17.64,95,69,Pacitan,-8.1845,111.1014
2024-07-01,29.8,24.1,26.6,0.0,0.0,4.13,21.3,19.18,89,63,Pacitan,-8.1845,111.1014
2024-07-02,28.8,24.3,26.3,0.9,0.9,3.34,21.1,15.69,92,70,Pacitan,-8.1845,111.1014
2024-07-03,30.1,24.4,26.8,0.0,0.0,3.89,23.4,17.62,91,65,Pacitan,-8.1845,111.1014
2024-07-04,26.8,24.5,25.6,6.1,6.1,2.18,24.2,9.81,95,80,Pacitan,-8.1845,111.1014
2024-07-05,29.3,24.9,26.5,0.1,0.1,4.1,24.4,17.24,85,67,Pacitan,-8.1845,111.1014
2024-07-06,29.9,24.2,26.3,1.6,1.6,3.91,20.3,18.41,95,65,Pacitan,-8.1845,111.1014
2024-07-07,29.3,23.4,26.2,0.4,0.4,3.59,15.5,17.69,97,70,Pacitan,-8.1845,111.1014
2024-07-08,29.2,23.8,26.0,0.0,0.0,3.78,23.3,18.05,93,68,Pacitan,-8.1845,111.1014
2024-07-09,29.2,21.5,25.5,0.0,0.0,3.87,18.7,19.08,92,63,Pacitan,-8.1845,111.1014
2024-07-10,29.2,22.8,25.7,0.3,0.3,3.42,23.7,15.95,94,68,Pacitan,-8.1845,111.1014
2024-07-11,28.6,23.5,25.4,0.0,0.0,3.99,26.1,18.6,91,63,Pacitan,-8.1845,111.1014
2024-07-12,28.4,22.3,25.1,0.0,0.0,4.17,24.0,19.31,90,61,Pacitan,-8.1845,111.1014
2024-07-13,28.5,21.9,24.9,0.1,0.1,4.48,21.8,20.17,90,55,Pacitan,-8.1845,111.1014
2024-07-14,28.5,22.9,25.1,0.0,0.0,4.76,28.5,18.25,80,51,Pacitan,-8.1845,111.1014
2024-07-15,29.0,22.3,25.3,0.0,0.0,4.68,22.7,18.98,81,49,Pacitan,-8.1845,111.1014
2024-07-16,28.9,23.2,25.5,0.0,0.0,4.55,26.2,17.99,85,55,Pacitan,-8.1845,111.1014
2024-07-17,29.4,22.5,25.4,0.0,0.0,4.54,26.4,20.35,89,56,Pacitan,-8.1845,111.1014
2024-07-18,28.8,22.4,25.3,0.0,0.0,4.03,17.1,19.21,92,62,Pacitan,-8.1845,111.1014
2024-07-19,29.1,21.9,25.3,0.0,0.0,4.61,25.8,21.47,91,60,Pacitan,-8.1845,111.1014
2024-07-20,28.9,22.0,25.1,0.0,0.0,4.34,23.1,20.02,89,58,Pacitan,-8.1845,111.1014
2024-07-21,29.5,22.5,25.3,0.0,0.0,4.75,21.7,21.51,87,53,Pacitan,-8.1845,111.1014
2024-07-22,29.1,22.4,25.4,0.0,0.0,4.46,18.8,20.74,88,59,Pacitan,-8.1845,111.1014
2024-07-23,28.4,22.6,25.4,0.3,0.3,3.53,16.8,17.01,91,67,Pacitan,-8.1845,111.1014
2024-07-24,29.1,22.3,25.3,0.0,0.0,4.15,16.6,21.23,91,63,Pacitan,-8.1845,111.1014
2024-07-25,28.6,21.0,24.9,0.0,0.0,4.36,17.1,21.51,88,63,Pacitan,-8.1845,111.1014
2024-07-26,28.9,22.5,25.4,0.0,0.0,4.38,21.0,21.08,89,65,Pacitan,-8.1845,111.1014
2024-07-27,29.1,23.1,25.5,0.4,0.4,4.01,23.4,18.76,92,64,Pacitan,-8.1845,111.1014
2024-07-28,28.3,23.2,25.2,0.6,0.6,3.77,21.9,17.82,92,67,Pacitan,-8.1845,111.1014
2024-07-29,28.3,22.6,25.1,0.4,0.4,3.7,18.9,17.63,92,65,Pacitan,-8.1845,111.1014
2024-07-30,28.4,23.0,25.4,1.0,1.0,3.42,19.6,16.66,94,70,Pacitan,-8.1845,111.1014
2024-07-31,28.9,23.0,25.7,0.7,0.7,3.51,17.1,17.33,93,70,Pacitan,-8.1845,111.1014
2024-08-01,28.8,23.5,25.9,0.7,0.7,3.54,16.5,17.94,95,73,Pacitan,-8.1845,111.1014
2024-08-02,29.5,23.3,26.2,1.5,1.5,3.77,14.6,19.18,96,66,Pacitan,-8.1845,111.1014
2024-08-03,29.3,23.0,25.9,2.8,2.8,3.99,15.5,20.36,95,68,Pacitan,-8.1845,111.1014
2024-08-04,29.0,22.9,25.6,0.4,0.4,4.22,19.9,20.78,93,65,Pacitan,-8.1845,111.1014
2024-08-05,29.7,22.4,25.5,0.0,0.0,4.64,19.6,22.76,89,59,Pacitan,-8.1845,111.1014
2024-08-06,29.0,21.7,25.1,0.0,0.0,4.39,22.8,20.2,91,59,Pacitan,-8.1845,111.1014
2024-08-07,28.8,23.6,25.7,0.6,0.6,3.78,24.6,17.11,89,68,Pacitan,-8.1845,111.1014
2024-08-08,28.7,24.1,25.8,0.7,0.7,4.1,25.5,19.52,91,67,Pacitan,-8.1845,111.1014
2024-08-09,28.8,23.7,25.5,0.3,0.3,3.76,27.1,17.49,93,65,Pacitan,-8.1845,111.1014
2024-08-10,27.9,23.2,25.1,0.6,0.6,3.52,22.7,16.91,93,70,Pacitan,-8.1845,111.1014
2024-08-11,28.0,22.0,24.5,0.0,0.0,4.74,25.6,22.71,91,60,Pacitan,-8.1845,111.1014
2024-08-12,28.2,21.1,24.0,0.0,0.0,5.06,20.7,23.8,87,50,Pacitan,-8.1845,111.1014
2024-08-13,28.6,20.7,24.4,0.0,0.0,4.51,19.4,22.68,91,65,Pacitan,-8.1845,111.1014
2024-08-14,28.8,22.7,25.0,0.0,0.0,4.81,23.9,23.07,88,61,Pacitan,-8.1845,111.1014
2024-08-15,27.9,22.6,24.6,0.0,0.0,4.96,26.1,22.83,88,59,Pacitan,-8.1845,111.1014
2024-08-16,28.2,21.1,24.3,0.0,0.0,4.59,20.6,21.91,86,58,Pacitan,-8.1845,111.1014
2024-08-17,28.3,21.1,24.5,0.0,0.0,4.73,21.2,23.17,90,63,Pacitan,-8.1845,111.1014
2024-08-18,28.2,21.5,24.8,0.0,0.0,4.73,22.7,22.88,87,61,Pacitan,-8.1845,111.1014
2024-08-19,28.4,21.9,24.7,0.4,0.4,4.14,24.7,19.83,88,62,Pacitan,-8.1845,111.1014
2024-08-20,28.8,21.1,24.6,0.0,0.0,4.63,19.5,22.74,91,62,Pacitan,-8.1845,111.1014
2024-08-21,29.0,22.3,25.2,0.0,0.0,4.44,20.4,21.29,91,62,Pacitan,-8.1845,111.1014
2024-08-22,29.2,21.5,24.8,0.0,0.0,4.6,18.6,22.82,93,64,Pacitan,-8.1845,111.1014
2024-08-23,29.1,21.8,25.0,0.0,0.0,4.76,18.9,23.49,90,60,Pacitan,-8.1845,111.1014
2024-08-24,28.2,22.3,24.7,3.0,3.0,3.84,21.4,19.73,94,68,Pacitan,-8.1845,111.1014
2024-08-25,28.7,22.9,25.3,0.1,0.1,4.24,24.4,20.42,92,63,Pacitan,-8.1845,111.1014
2024-08-26,29.4,23.2,25.6,0.0,0.0,4.61,24.2,21.92,91,60,Pacitan,-8.1845,111.1014
2024-08-27,28.7,22.7,25.3,1.0,1.0,4.27,19.7,21.41,95,63,Pacitan,-8.1845,111.1014
2024-08-28,29.1,22.3,25.3,0.0,0.0,4.52,19.6,22.9,96,64,Pacitan,-8.1845,111.1014
2024-08-29,29.5,23.1,25.7,0.2,0.2,4.74,18.5,23.53,92,60,Pacitan,-8.1845,111.1014
2024-08-30,29.3,23.1,25.6,0.9,0.9,4.74,17.9,23.87,96,59,Pacitan,-8.1845,111.1014
2024-08-31,28.9,23.0,25.4,1.0,1.0,4.21,19.5,20.33,93,63,Pacitan,-8.1845,111.1014
2024-09-01,28.3,22.3,25.2,1.1,1.1,4.07,19.1,20.48,91,69,Pacitan,-8.1845,111.1014
2024-09-02,29.5,22.5,25.6,0.0,0.0,4.53,20.4,21.96,92,62,Pacitan,-8.1845,111.1014
2024-09-03,29.3,22.1,25.3,0.2,0.2,4.43,20.7,21.82,94,60,Pacitan,-8.1845,111.1014
2024-09-04,28.8,22.9,25.7,0.9,0.9,3.89,18.3,18.82,92,68,Pacitan,-8.1845,111.1014
2024-09-05,29.3,23.7,26.2,0.5,0.5,4.23,19.6,20.7,92,69,Pacitan,-8.1845,111.1014
2024-09-06,30.1,23.9,26.4,0.0,0.0,5.11,26.0,23.84,91,61,Pacitan,-8.1845,111.1014
2024-09-07,29.5,24.1,26.4,0.2,0.2,4.81,27.6,22.25,91,64,Pacitan,-8.1845,111.1014
2024-09-08,29.4,24.4,26.3,7.3,7.3,4.08,22.5,20.07,93,67,Pacitan,-8.1845,111.1014
2024-09-09,30.5,23.4,26.3,1.1,1.1,4.45,18.9,21.9,95,61,Pacitan,-8.1845,111.1014
2024-09-10,29.4,23.2,26.2,1.8,1.8,4.06,15.8,19.87,93,67,Pacitan,-8.1845,111.1014
2024-09-11,30.2,24.4,26.6,0.1,0.1,4.67,19.7,22.6,95,63,Pacitan,-8.1845,111.1014
2024-09-12,30.1,23.7,26.2,0.2,0.2,4.62,23.2,21.34,92,59,Pacitan,-8.1845,111.1014
2024-09-13,29.8,23.0,26.0,0.4,0.4,5.03,18.9,24.29,92,59,Pacitan,-8.1845,111.1014
2024-09-14,29.7,22.2,25.8,0.0,0.0,4.92,19.3,24.54,92,62,Pacitan,-8.1845,111.1014
2024-09-15,30.0,22.1,25.9,0.0,0.0,5.04,20.6,24.37,90,56,Pacitan,-8.1845,111.1014
2024-09-16,29.6,22.8,25.8,0.0,0.0,5.02,18.7,24.69,93,58,Pacitan,-8.1845,111.1014
2024-09-17,30.6,22.1,25.8,0.0,0.0,5.43,18.1,25.76,93,45,Pacitan,-8.1845,111.1014
2024-09-18,30.5,21.6,25.8,0.1,0.1,5.33,16.9,25.91,89,51,Pacitan,-8.1845,111.1014
2024-09-19,30.5,21.3,25.8,0.0,0.0,5.33,15.5,26.1,91,54,Pacitan,-8.1845,111.1014
2024-09-20,30.1,21.7,25.8,0.0,0.0,5.18,14.6,26.01,91,59,Pacitan,-8.1845,111.1014
2024-09-21,30.2,22.4,26.4,0.0,0.0,4.97,16.6,24.18,91,60,Pacitan,-8.1845,111.1014
2024-09-22,31.6,23.8,27.6,0.0,0.0,5.08,16.6,23.62,88,59,Pacitan,-8.1845,111.1014
2024-09-23,31.4,24.4,27.5,5.8,5.8,4.7,15.1,22.87,96,63,Pacitan,-8.1845,111.1014
2024-09-24,30.6,24.5,27.1,4.0,4.0,4.39,15.0,21.42,97,67,Pacitan,-8.1845,111.1014
2024-09-25,30.8,24.4,27.0,4.4,4.4,4.65,15.0,22.6,90,64,Pacitan,-8.1845,111.1014
2024-09-26,30.3,23.9,26.6,13.3,13.3,3.78,13.7,18.46,93,68,Pacitan,-8.1845,111.1014
2024-09-27,30.7,24.0,27.2,1.2,1.2,4.83,15.0,23.32,94,67,Pacitan,-8.1845,111.1014
2024-09-28,30.9,24.3,27.4,0.2,0.2,5.02,21.1,24.09,93,64,Pacitan,-8.1845,111.1014
2024-09-29,31.1,25.2,27.8,0.0,0.0,5.34,22.7,24.17,87,63,Pacitan,-8.1845,111.1014
2024-09-30,30.9,24.9,27.4,4.7,4.7,4.78,21.6,22.63,86,64,Pacitan,-8.1845,111.1014
2024-10-01,29.6,24.4,26.8,7.9,7.9,4.21,19.6,20.72,95,72,Pacitan,-8.1845,111.1014
2024-10-02,30.4,23.5,26.8,0.4,0.4,4.88,16.9,24.12,90,66,Pacitan,-8.1845,111.1014
2024-10-03,29.8,23.7,26.7,1.9,1.9,4.46,19.0,21.82,93,68,Pacitan,-8.1845,111.1014
2024-10-04,30.3,23.9,27.0,0.0,0.0,5.04,19.7,24.68,91,66,Pacitan,-8.1845,111.1014
2024-10-05,30.5,24.2,27.2,0.2,0.2,5.02,20.4,24.12,91,65,Pacitan,-8.1845,111.1014
2024-10-06,30.7,24.7,27.0,2.9,2.9,4.75,19.6,23.1,95,67,Pacitan,-8.1845,111.1014
2024-10-07,30.3,24.7,27.3,0.2,0.2,5.28,24.4,24.53,89,65,Pacitan,-8.1845,111.1014
2024-10-08,29.8,24.5,26.9,0.5,0.5,5.01,23.3,24.08,91,67,Pacitan,-8.1845,111.1014
2024-10-09,30.0,24.3,26.8,0.5,0.5,4.8,20.0,23.48,95,66,Pacitan,-8.1845,111.1014
2024-10-10,30.7,24.5,27.3,0.1,0.1,5.0,20.1,23.73,91,63,Pacitan,-8.1845,111.1014
2024-10-11,31.5,24.2,27.5,0.0,0.0,5.44,21.0,25.4,92,56,Pacitan,-8.1845,111.1014
2024-10-12,31.2,25.0,28.0,0.3,0.3,5.01,20.5,23.1,88,64,Pacitan,-8.1845,111.1014
2024-10-13,31.6,25.4,27.9,0.0,0.0,5.43,20.2,25.68,91,62,Pacitan,-8.1845,111.1014
2024-10-14,30.9,25.2,27.6,0.1,0.1,5.33,18.0,25.64,93,62,Pacitan,-8.1845,111.1014
2024-10-15,31.2,24.4,27.2,0.1,0.1,5.32,19.3,24.11,96,51,Pacitan,-8.1845,111.1014
2024-10-16,30.3,22.2,26.5,0.0,0.0,5.63,19.2,25.78,80,57,Pacitan,-8.1845,111.1014
2024-10-17,30.3,22.8,26.7,0.0,0.0,5.54,19.0,25.21,84,54,Pacitan,-8.1845,111.1014
2024-10-18,29.6,23.5,26.6,0.6,0.6,4.68,19.6,20.74,86,62,Pacitan,-8.1845,111.1014
2024-10-19,30.3,23.7,26.8,4.4,4.4,4.53,15.7,22.02,94,64,Pacitan,-8.1845,111.1014
2024-10-20,27.5,23.5,25.0,38.9,38.9,2.18,11.9,11.12,96,84,Pacitan,-8.1845,111.1014
2024-10-21,29.6,24.8,26.4,5.0,5.0,3.91,14.5,19.61,92,71,Pacitan,-8.1845,111.1014
2024-10-22,29.0,24.2,26.5,1.5,1.5,4.56,18.3,23.59,92,73,Pacitan,-8.1845,111.1014
2024-10-23,28.4,24.1,26.0,6.0,6.0,4.17,16.7,22.14,97,76,Pacitan,-8.1845,111.1014
2024-10-24,27.8,24.2,25.5,3.7,3.7,3.67,12.7,19.59,97,79,Pacitan,-8.1845,111.1014
2024-10-25,27.7,24.1,25.8,1.9,1.9,3.68,13.3,19.39,96,81,Pacitan,-8.1845,111.1014
2024-10-26,28.6,24.0,26.2,2.1,2.1,4.2,16.3,22.0,97,76,Pacitan,-8.1845,111.1014
2024-10-27,29.3,24.3,26.8,1.8,1.8,4.46,14.6,22.59,96,74,Pacitan,-8.1845,111.1014
2024-10-28,29.6,24.5,27.0,1.8,1.8,4.66,12.1,23.22,93,71,Pacitan,-8.1845,111.1014
2024-10-29,30.3,24.6,27.2,1.5,1.5,5.2,14.8,25.59,96,68,Pacitan,-8.1845,111.1014
2024-10-30,29.9,24.5,26.9,4.4,4.4,4.47,17.3,22.35,97,68,Pacitan,-8.1845,111.1014
2024-10-31,29.9,24.6,27.1,7.3,7.3,4.26,13.4,21.41,93,77,Pacitan,-8.1845,111.1014
2024-11-01,28.9,24.4,26.5,23.2,23.2,3.14,13.9,15.75,95,79,Pacitan,-8.1845,111.1014
2024-11-02,30.9,24.9,27.2,16.8,16.8,4.66,10.6,23.08,96,72,Pacitan,-8.1845,111.1014
2024-11-03,29.1,24.0,26.1,24.2,24.2,3.83,9.6,19.44,97,78,Pacitan,-8.1845,111.1014
2024-11-04,29.4,24.5,26.7,12.2,12.2,3.98,9.5,19.89,95,77,Pacitan,-8.1845,111.1014
2024-11-05,30.3,24.2,27.2,0.9,0.9,4.91,18.6,25.02,92,68,Pacitan,-8.1845,111.1014
2024-11-06,30.4,23.7,27.1,2.4,2.4,4.8,16.5,24.21,94,72,Pacitan,-8.1845,111.1014
2024-11-07,30.4,23.6,27.2,3.1,3.1,4.86,13.9,23.86,93,67,Pacitan,-8.1845,111.1014
2024-11-08,28.0,24.0,26.0,5.5,5.5,3.03,11.1,15.74,94,79,Pacitan,-8.1845,111.1014
2024-11-09,30.1,24.5,26.6,8.4,8.4,3.68,12.7,18.58,94,78,Pacitan,-8.1845,111.1014
2024-11-10,30.2,24.6,26.9,8.9,8.9,4.18,15.3,21.36,96,76,Pacitan,-8.1845,111.1014
2024-11-11,29.8,24.3,26.0,39.6,39.6,3.53,11.2,18.02,97,78,Pacitan,-8.1845,111.1014
2024-11-12,30.6,24.4,26.8,15.3,15.3,4.0,11.0,19.89,97,76,Pacitan,-8.1845,111.1014
2024-11-13,30.9,24.1,27.3,12.4,12.4,4.39,11.7,21.59,96,72,Pacitan,-8.1845,111.1014
2024-11-14,31.1,24.5,27.3,4.1,4.1,4.85,15.7,23.82,94,67,Pacitan,-8.1845,111.1014
2024-11-15,31.3,24.5,27.5,9.4,9.4,4.47,12.3,21.91,98,67,Pacitan,-8.1845,111.1014
2024-11-16,31.1,24.6,26.9,7.5,7.5,4.47,10.6,22.26,99,73,Pacitan,-8.1845,111.1014
2024-11-17,31.2,23.9,26.6,24.1,24.1,4.29,12.6,21.18,98,68,Pacitan,-8.1845,111.1014
2024-11-18,30.8,24.1,26.7,17.5,17.5,3.99,9.9,19.56,96,71,Pacitan,-8.1845,111.1014
2024-11-19,30.0,24.6,26.5,9.2,9.2,3.61,10.9,18.07,99,72,Pacitan,-8.1845,111.1014
2024-11-20,30.3,24.3,26.8,13.4,13.4,3.85,9.5,19.16,99,75,Pacitan,-8.1845,111.1014
2024-11-21,30.0,24.8,26.8,14.4,14.4,3.66,8.3,17.92,99,75,Pacitan,-8.1845,111.1014
2024-11-22,29.5,24.1,26.6,14.0,14.0,3.75,10.4,18.89,98,77,Pacitan,-8.1845,111.1014
2024-11-23,30.2,25.0,26.8,4.3,4.3,3.78,11.7,18.97,97,74,Pacitan,-8.1845,111.1014
2024-11-24,28.5,24.4,26.2,11.0,11.0,3.14,12.5,15.95,98,80,Pacitan,-8.1845,111.1014
2024-11-25,29.5,24.9,26.6,14.9,14.9,3.24,11.3,16.03,98,78,Pacitan,-8.1845,111.1014
2024-11-26,30.1,24.7,27.1,2.8,2.8,4.35,12.2,21.92,98,75,Pacitan,-8.1845,111.1014
2024-11-27,30.1,25.1,26.9,11.6,11.6,4.13,15.8,21.05,96,71,Pacitan,-8.1845,111.1014
2024-11-28,27.1,24.6,25.3,37.2,37.2,1.87,13.6,9.55,99,86,Pacitan,-8.1845,111.1014
2024-11-29,30.3,24.3,26.6,4.9,4.9,3.77,14.1,18.54,99,69,Pacitan,-8.1845,111.1014
2024-11-30,27.9,24.6,25.9,27.4,27.4,2.39,13.5,12.24,99,84,Pacitan,-8.1845,111.1014
2024-12-01,28.2,24.5,26.1,12.1,12.1,2.67,12.8,13.48,99,83,Pacitan,-8.1845,111.1014
2024-12-02,30.1,25.0,26.9,10.4,10.4,4.21,15.3,21.19,98,74,Pacitan,-8.1845,111.1014
2024-12-03,29.8,24.5,26.7,6.8,6.8,4.26,14.3,21.34,98,74,Pacitan,-8.1845,111.1014
2024-12-04,29.7,24.6,26.2,19.7,19.7,2.93,10.8,14.37,98,73,Pacitan,-8.1845,111.1014
2024-12-05,30.2,24.8,26.6,10.9,10.9,3.61,10.7,18.04,98,75,Pacitan,-8.1845,111.1014
2024-12-06,28.8,23.9,25.3,23.3,23.3,2.31,13.0,11.95,99,79,Pacitan,-8.1845,111.1014
2024-12-07,30.2,24.2,26.3,15.7,15.7,2.88,10.2,14.31,97,75,Pacitan,-8.1845,111.1014
2024-12-08,30.2,24.5,26.6,13.3,13.3,3.41,11.9,16.98,98,76,Pacitan,-8.1845,111.1014
2024-12-09,28.5,23.6,25.9,15.1,15.1,2.29,15.1,11.27,98,82,Pacitan,-8.1845,111.1014
2024-12-10,28.7,24.4,25.7,41.6,41.6,2.55,18.9,13.63,98,82,Pacitan,-8.1845,111.1014
2024-12-11,30.9,24.4,26.8,5.1,5.1,4.35,19.9,21.43,98,69,Pacitan,-8.1845,111.1014
2024-12-12,29.1,24.5,26.3,8.3,8.3,2.56,17.4,12.57,96,79,Pacitan,-8.1845,111.1014
2024-12-13,31.6,24.0,27.5,7.5,7.5,4.48,11.2,21.45,99,65,Pacitan,-8.1845,111.1014
2024-12-14,27.7,24.4,25.5,33.9,33.9,1.43,10.9,6.77,98,89,Pacitan,-8.1845,111.1014
2024-12-15,31.0,24.8,26.8,30.4,30.4,3.57,11.8,17.47,98,72,Pacitan,-8.1845,111.1014
2024-12-16,29.6,24.5,26.4,8.7,8.7,2.96,13.6,13.62,97,67,Pacitan,-8.1845,111.1014
2024-12-17,29.6,24.4,25.8,30.4,30.4,2.11,11.4,10.37,99,77,Pacitan,-8.1845,111.1014
2024-12-18,30.3,24.4,27.0,5.3,5.3,4.61,19.2,23.07,98,72,Pacitan,-8.1845,111.1014
2024-12-19,30.3,25.0,27.4,1.5,1.5,4.62,24.1,21.95,91,68,Pacitan,-8.1845,111.1014
2024-12-20,30.5,24.9,27.2,1.6,1.6,3.89,19.6,18.6,92,71,Pacitan,-8.1845,111.1014
2024-12-21,30.7,25.1,27.6,4.5,4.5,3.87,8.9,18.71,97,71,Pacitan,-8.1845,111.1014
2024-12-22,30.0,24.7,26.7,16.2,16.2,3.39,10.2,16.59,98,75,Pacitan,-8.1845,111.1014
2024-12-23,30.5,24.3,26.8,9.5,9.5,3.73,10.4,18.75,98,76,Pacitan,-8.1845,111.1014
2024-12-24,29.9,23.8,26.1,13.7,13.7,3.3,16.6,16.38,98,73,Pacitan,-8.1845,111.1014
2024-12-25,30.5,24.4,26.8,2.9,2.9,3.45,12.2,16.19,98,71,Pacitan,-8.1845,111.1014
2024-12-26,28.8,24.5,26.1,23.0,23.0,2.55,18.6,13.01,95,81,Pacitan,-8.1845,111.1014
2024-12-27,31.0,25.2,27.6,0.1,0.1,4.84,19.6,22.72,91,64,Pacitan,-8.1845,111.1014
2024-12-28,28.3,24.3,25.7,20.8,20.8,2.5,17.6,12.84,99,80,Pacitan,-8.1845,111.1014
2024-12-29,28.2,24.2,25.7,11.9,11.9,2.32,15.2,10.54,98,75,Pacitan,-8.1845,111.1014
2024-12-30,30.2,24.1,26.2,8.1,8.1,3.54,20.2,17.33,92,72,Pacitan,-8.1845,111.1014
2024-12-31,30.6,25.1,27.1,1.5,1.5,4.14,21.5,17.85,92,62,Pacitan,-8.1845,111.1014
2025-01-01,30.9,24.6,27.1,3.1,3.1,3.73,15.0,15.99,97,59,Pacitan,-8.1845,111.1014
2025-01-02,29.4,24.3,26.0,12.9,12.9,3.01,12.3,14.89,98,77,Pacitan,-8.1845,111.1014
2025-01-03,29.6,23.8,26.5,1.3,1.3,4.22,11.7,21.23,93,71,Pacitan,-8.1845,111.1014
2025-01-04,29.8,23.6,25.9,22.7,22.7,3.9,17.7,20.02,99,68,Pacitan,-8.1845,111.1014
2025-01-05,27.7,23.6,25.3,8.7,8.7,3.55,11.0,18.82,99,81,Pacitan,-8.1845,111.1014
2025-01-06,28.6,23.9,25.4,9.9,9.9,3.42,12.7,17.87,98,78,Pacitan,-8.1845,111.1014
2025-01-07,29.4,23.7,25.7,16.7,16.7,2.94,12.7,14.77,98,75,Pacitan,-8.1845,111.1014
2025-01-08,29.5,24.1,26.1,5.5,5.5,2.98,9.0,14.51,98,74,Pacitan,-8.1845,111.1014
2025-01-09,31.9,23.9,27.2,7.4,7.4,4.66,8.3,22.21,97,60,Pacitan,-8.1845,111.1014
2025-01-10,30.6,24.0,26.9,18.8,18.8,4.63,9.7,23.06,98,69,Pacitan,-8.1845,111.1014
2025-01-11,30.3,24.4,27.0,3.5,3.5,4.26,11.9,21.38,98,75,Pacitan,-8.1845,111.1014
2025-01-12,29.7,24.2,25.6,21.1,21.1,3.03,17.3,16.17,98,75,Pacitan,-8.1845,111.1014
2025-01-13,30.0,24.2,26.4,17.0,17.0,3.45,13.3,16.96,97,73,Pacitan,-8.1845,111.1014
2025-01-14,30.0,24.2,26.1,29.6,29.6,3.27,14.6,16.6,98,74,Pacitan,-8.1845,111.1014
2025-01-15,29.3,24.5,26.3,10.3,10.3,2.89,9.9,14.4,98,78,Pacitan,-8.1845,111.1014
2025-01-16,30.9,25.1,27.3,1.3,1.3,4.3,18.6,20.22,93,64,Pacitan,-8.1845,111.1014
2025-01-17,30.9,24.1,26.7,15.2,15.2,4.31,20.5,21.35,96,63,Pacitan,-8.1845,111.1014
2025-01-18,29.5,24.5,26.7,3.5,3.5,3.72,23.5,17.95,93,72,Pacitan,-8.1845,111.1014
2025-01-19,29.2,24.8,26.3,12.6,12.6,3.38,17.4,16.75,95,76,Pacitan,-8.1845,111.1014
2025-01-20,26.1,24.1,25.1,38.2,38.2,1.41,17.2,6.98,98,88,Pacitan,-8.1845,111.1014
2025-01-21,30.6,23.9,26.2,6.5,6.5,3.66,12.0,17.87,97,71,Pacitan,-8.1845,111.1014
2025-01-22,30.1,24.5,26.3,18.3,18.3,2.77,11.2,13.4,96,72,Pacitan,-8.1845,111.1014
2025-01-23,27.7,24.4,25.7,8.2,8.2,1.96,12.3,9.04,99,80,Pacitan,-8.1845,111.1014
2025-01-24,28.2,23.9,25.4,22.1,22.1,2.99,10.7,15.61,98,79,Pacitan,-8.1845,111.1014
2025-01-25,29.3,23.6,26.3,7.2,7.2,4.0,10.1,20.35,97,78,Pacitan,-8.1845,111.1014
2025-01-26,29.2,24.4,26.2,10.1,10.1,3.74,13.2,19.18,98,76,Pacitan,-8.1845,111.1014
2025-01-27,28.9,23.4,25.4,23.3,23.3,2.14,12.1,10.83,99,78,Pacitan,-8.1845,111.1014
2025-01-28,30.6,23.9,26.0,11.7,11.7,3.23,13.5,15.56,96,69,Pacitan,-8.1845,111.1014
2025-01-29,30.7,23.5,26.1,6.6,6.6,3.73,13.1,18.5,99,68,Pacitan,-8.1845,111.1014
2025-01-30,29.4,23.8,26.0,4.1,4.1,3.1,19.1,14.0,98,69,Pacitan,-8.1845,111.1014
2025-01-31,31.3,25.1,27.8,0.1,0.1,4.77,14.3,20.67,92,62,Pacitan,-8.1845,111.1014
2025-02-01,31.4,25.6,27.6,2.4,2.4,3.22,14.5,12.98,91,60,Pacitan,-8.1845,111.1014
2025-02-02,31.7,24.3,27.6,12.2,12.2,4.59,19.3,20.19,94,61,Pacitan,-8.1845,111.1014
2025-02-03,32.1,25.7,28.4,0.0,0.0,5.1,20.7,20.69,84,60,Pacitan,-8.1845,111.1014
2025-02-04,32.9,26.1,28.9,2.1,2.1,6.16,24.5,24.99,84,52,Pacitan,-8.1845,111.1014
2025-02-05,32.5,25.2,28.1,1.0,1.0,5.49,17.7,24.18,85,56,Pacitan,-8.1845,111.1014
2025-02-06,32.9,24.8,28.4,1.2,1.2,5.51,21.3,23.46,99,55,Pacitan,-8.1845,111.1014
2025-02-07,30.7,24.7,27.2,1.0,1.0,3.61,11.0,17.06,98,66,Pacitan,-8.1845,111.1014
2025-02-08,29.8,24.7,27.1,3.5,3.5,4.14,15.9,20.21,91,73,Pacitan,-8.1845,111.1014
2025-02-09,29.6,24.0,26.4,9.9,9.9,4.16,18.4,21.95,97,74,Pacitan,-8.1845,111.1014
2025-02-10,28.4,23.4,25.7,15.9,15.9,3.55,17.0,18.63,98,79,Pacitan,-8.1845,111.1014
2025-02-11,30.8,24.2,27.3,0.9,0.9,5.07,18.4,23.48,96,58,Pacitan,-8.1845,111.1014
2025-02-12,28.8,25.2,26.5,7.9,7.9,3.45,19.2,16.6,92,74,Pacitan,-8.1845,111.1014
2025-02-13,29.5,25.3,26.6,3.0,3.0,4.17,19.5,22.02,92,78,Pacitan,-8.1845,111.1014
2025-02-14,30.3,24.4,26.6,3.5,3.5,3.9,16.2,19.54,94,73,Pacitan,-8.1845,111.1014
2025-02-15,30.7,23.8,26.1,13.3,13.3,3.64,12.5,18.15,98,66,Pacitan,-8.1845,111.1014
2025-02-16,29.8,23.7,25.8,33.1,33.1,3.15,11.1,15.84,100,75,Pacitan,-8.1845,111.1014
2025-02-17,29.1,23.9,25.5,27.8,27.8,2.92,14.8,14.84,98,77,Pacitan,-8.1845,111.1014
2025-02-18,30.0,23.3,26.2,4.2,4.2,3.95,13.9,19.2,94,65,Pacitan,-8.1845,111.1014
2025-02-19,29.8,23.4,25.6,50.0,50.0,3.3,12.5,16.8,98,76,Pacitan,-8.1845,111.1014
2025-02-20,28.3,23.7,25.7,1.8,1.8,3.06,8.8,15.51,97,81,Pacitan,-8.1845,111.1014
2025-02-21,30.5,24.1,26.3,9.8,9.8,3.69,13.7,18.45,98,73,Pacitan,-8.1845,111.1014
2025-02-22,30.2,23.9,26.3,12.4,12.4,3.51,13.9,17.76,96,73,Pacitan,-8.1845,111.1014
2025-02-23,29.3,24.3,25.9,26.3,26.3,2.97,7.3,14.81,99,80,Pacitan,-8.1845,111.1014
2025-02-24,29.0,23.7,25.7,9.6,9.6,3.41,9.5,17.4,98,77,Pacitan,-8.1845,111.1014
2025-02-25,29.5,23.4,26.0,3.3,3.3,3.87,13.2,19.52,97,71,Pacitan,-8.1845,111.1014
2025-02-26,27.9,23.6,25.3,16.0,16.0,2.5,6.4,12.23,98,82,Pacitan,-8.1845,111.1014
2025-02-27,29.5,23.8,26.1,9.9,9.9,3.94,11.5,19.79,96,76,Pacitan,-8.1845,111.1014
2025-02-28,30.2,23.9,26.3,2.6,2.6,4.7,10.6,23.93,94,74,Pacitan,-8.1845,111.1014
2025-03-01,30.0,24.6,26.9,1.8,1.8,4.61,13.2,23.36,95,72,Pacitan,-8.1845,111.1014
2025-03-02,30.7,24.4,27.2,1.0,1.0,4.88,13.8,24.5,94,70,Pacitan,-8.1845,111.1014
2025-03-03,30.9,24.2,27.0,5.8,5.8,4.82,10.1,24.48,97,70,Pacitan,-8.1845,111.1014
2025-03-04,29.6,24.4,26.3,25.9,25.9,3.45,12.2,17.6,96,79,Pacitan,-8.1845,111.1014
2025-03-05,31.1,23.5,27.2,1.1,1.1,4.86,12.0,23.93,93,69,Pacitan,-8.1845,111.1014
2025-03-06,30.8,24.9,27.4,4.8,4.8,4.71,12.5,23.21,96,70,Pacitan,-8.1845,111.1014
2025-03-07,27.9,24.5,25.5,20.3,20.3,2.86,11.4,14.85,99,84,Pacitan,-8.1845,111.1014
2025-03-08,29.8,24.4,26.2,25.2,25.2,3.16,11.8,15.89,96,77,Pacitan,-8.1845,111.1014
2025-03-09,29.8,23.8,26.2,19.8,19.8,2.82,9.5,14.0,98,80,Pacitan,-8.1845,111.1014
2025-03-10,29.2,24.5,26.1,33.9,33.9,2.66,6.8,13.23,97,77,Pacitan,-8.1845,111.1014
2025-03-11,30.7,24.4,27.0,6.1,6.1,4.74,7.6,23.14,96,70,Pacitan,-8.1845,111.1014
2025-03-12,30.1,24.4,26.7,18.2,18.2,3.47,11.6,17.4,93,77,Pacitan,-8.1845,111.1014
2025-03-13,32.0,23.5,27.5,1.1,1.1,5.02,11.0,24.11,94,60,Pacitan,-8.1845,111.1014
2025-03-14,30.6,24.4,26.7,14.3,14.3,3.27,13.0,16.14,97,70,Pacitan,-8.1845,111.1014
2025-03-15,31.0,24.2,26.3,19.0,19.0,3.63,13.1,18.04,97,72,Pacitan,-8.1845,111.1014
2025-03-16,27.6,24.5,25.5,5.8,5.8,1.68,14.7,8.09,94,87,Pacitan,-8.1845,111.1014
2025-03-17,31.4,23.3,26.4,7.9,7.9,3.59,11.2,17.33,97,63,Pacitan,-8.1845,111.1014
2025-03-18,29.6,24.4,27.2,2.5,2.5,3.67,11.2,18.09,96,75,Pacitan,-8.1845,111.1014
2025-03-19,27.2,23.7,25.6,39.7,39.7,1.52,14.9,7.8,98,86,Pacitan,-8.1845,111.1014
2025-03-20,31.0,24.9,27.7,0.4,0.4,4.95,17.8,23.7,91,64,Pacitan,-8.1845,111.1014
2025-03-21,31.6,25.6,27.9,0.5,0.5,4.93,15.0,23.93,92,64,Pacitan,-8.1845,111.1014
2025-03-22,28.8,24.4,25.9,24.5,24.5,2.63,20.0,13.49,96,80,Pacitan,-8.1845,111.1014
2025-03-23,31.6,24.6,27.5,0.4,0.4,5.03,18.2,22.27,89,54,Pacitan,-8.1845,111.1014
2025-03-24,30.7,25.3,27.3,5.2,5.2,4.17,19.1,19.74,94,67,Pacitan,-8.1845,111.1014
2025-03-25,32.6,25.1,28.0,0.3,0.3,4.84,16.4,22.43,92,60,Pacitan,-8.1845,111.1014
2025-03-26,32.3,25.1,27.7,2.5,2.5,4.45,12.8,20.81,91,62,Pacitan,-8.1845,111.1014
2025-03-27,31.6,24.4,27.4,3.3,3.3,4.26,9.2,20.46,96,65,Pacitan,-8.1845,111.1014
2025-03-28,29.4,24.7,25.9,58.9,58.9,2.44,12.6,12.25,98,78,Pacitan,-8.1845,111.1014
2025-03-29,29.1,24.2,25.7,27.0,27.0,2.39,18.9,11.69,98,74,Pacitan,-8.1845,111.1014
2025-03-30,29.5,24.3,26.6,2.1,2.1,3.76,15.2,19.28,96,76,Pacitan,-8.1845,111.1014
2025-03-31,30.0,24.4,26.8,2.6,2.6,4.63,13.3,23.58,95,71,Pacitan,-8.1845,111.1014
2025-04-01,29.8,23.7,26.3,0.8,0.8,4.16,10.9,21.0,94,74,Pacitan,-8.1845,111.1014
2025-04-02,29.9,23.7,26.6,0.1,0.1,4.04,9.3,19.95,90,69,Pacitan,-8.1845,111.1014
2025-04-03,29.6,24.6,26.6,1.5,1.5,3.8,11.1,18.7,91,70,Pacitan,-8.1845,111.1014
2025-04-04,30.0,24.5,27.0,0.3,0.3,4.66,13.9,23.24,87,68,Pacitan,-8.1845,111.1014
2025-04-05,30.4,24.3,27.1,0.0,0.0,4.93,12.2,24.18,88,63,Pacitan,-8.1845,111.1014
2025-04-06,30.5,23.9,26.8,0.0,0.0,5.15,13.3,25.04,85,63,Pacitan,-8.1845,111.1014
2025-04-07,29.8,23.7,26.7,0.9,0.9,4.6,13.2,22.54,85,70,Pacitan,-8.1845,111.1014
2025-04-08,30.4,24.4,27.0,3.8,3.8,4.31,11.3,21.19,90,70,Pacitan,-8.1845,111.1014
2025-04-09,30.5,24.3,26.8,6.6,6.6,3.82,12.3,19.46,93,75,Pacitan,-8.1845,111.1014
2025-04-10,29.9,24.7,26.3,24.2,24.2,2.74,14.8,13.83,97,77,Pacitan,-8.1845,111.1014
2025-04-11,29.2,24.1,26.4,4.3,4.3,3.71,12.2,19.14,95,78,Pacitan,-8.1845,111.1014
2025-04-12,30.5,23.6,26.4,10.0,10.0,3.74,10.9,18.86,98,74,Pacitan,-8.1845,111.1014
2025-04-13,30.1,24.3,26.5,8.9,8.9,3.74,13.2,18.79,94,71,Pacitan,-8.1845,111.1014
2025-04-14,29.4,24.7,26.5,2.1,2.1,3.36,12.0,16.69,95,74,Pacitan,-8.1845,111.1014
2025-04-15,30.3,24.1,26.8,0.9,0.9,3.98,11.1,19.41,93,70,Pacitan,-8.1845,111.1014
2025-04-16,30.7,24.3,27.3,0.6,0.6,4.67,11.9,23.24,93,67,Pacitan,-8.1845,111.1014
2025-04-17,30.0,24.6,26.7,10.9,10.9,3.15,8.6,15.42,96,75,Pacitan,-8.1845,111.1014
2025-04-18,29.9,24.2,26.0,20.4,20.4,2.73,11.5,13.77,98,79,Pacitan,-8.1845,111.1014
2025-04-19,29.9,24.1,26.3,11.9,11.9,3.08,9.7,15.21,97,78,Pacitan,-8.1845,111.1014
2025-04-20,28.5,24.4,26.1,2.7,2.7,3.4,11.0,17.7,99,79,Pacitan,-8.1845,111.1014
2025-04-21,29.8,24.3,27.0,0.7,0.7,3.91,9.9,19.55,91,74,Pacitan,-8.1845,111.1014
2025-04-22,30.1,23.6,26.6,9.9,9.9,4.27,12.9,21.42,99,69,Pacitan,-8.1845,111.1014
2025-04-23,30.2,24.1,26.8,0.6,0.6,4.62,12.9,22.6,92,64,Pacitan,-8.1845,111.1014
2025-04-24,29.8,23.8,26.8,1.7,1.7,4.38,9.4,22.16,91,70,Pacitan,-8.1845,111.1014
2025-04-25,30.5,24.5,27.2,0.8,0.8,4.35,10.7,21.24,88,67,Pacitan,-8.1845,111.1014
2025-04-26,30.2,23.6,26.9,1.3,1.3,4.37,14.9,21.63,90,67,Pacitan,-8.1845,111.1014
2025-04-27,30.3,24.0,26.7,0.0,0.0,4.79,15.1,23.17,87,61,Pacitan,-8.1845,111.1014
2025-04-28,30.4,23.9,26.9,0.0,0.0,4.53,16.5,20.95,89,57,Pacitan,-8.1845,111.1014
2025-04-29,29.6,23.3,26.5,0.1,0.1,4.73,19.0,22.44,90,64,Pacitan,-8.1845,111.1014
2025-04-30,29.1,24.0,26.6,2.9,2.9,3.93,15.7,19.35,86,69,Pacitan,-8.1845,111.1014
2025-05-01,29.9,23.8,26.8,0.7,0.7,4.36,14.1,22.01,89,72,Pacitan,-8.1845,111.1014
2025-05-02,28.2,24.4,25.7,26.0,26.0,2.21,7.9,10.93,98,82,Pacitan,-8.1845,111.1014
2025-05-03,29.0,23.5,25.9,10.4,10.4,3.31,8.0,17.09,97,80,Pacitan,-8.1845,111.1014
2025-05-04,30.2,23.8,26.6,8.5,8.5,3.96,10.9,19.81,94,73,Pacitan,-8.1845,111.1014
2025-05-05,29.5,24.0,26.7,7.8,7.8,3.72,13.5,19.21,94,78,Pacitan,-8.1845,111.1014
2025-05-06,28.7,25.1,26.5,9.3,9.3,3.16,16.9,16.59,95,79,Pacitan,-8.1845,111.1014
2025-05-07,28.9,24.9,26.4,5.3,5.3,3.12,17.1,16.77,95,81,Pacitan,-8.1845,111.1014
2025-05-08,30.0,24.9,26.6,12.5,12.5,2.81,10.0,14.07,96,78,Pacitan,-8.1845,111.1014
2025-05-09,29.6,24.4,26.0,28.0,28.0,2.5,10.5,12.54,98,79,Pacitan,-8.1845,111.1014
2025-05-10,29.5,24.4,26.5,4.3,4.3,3.65,13.1,19.02,98,77,Pacitan,-8.1845,111.1014
2025-05-11,30.1,23.8,26.1,19.0,19.0,3.35,10.9,17.13,99,72,Pacitan,-8.1845,111.1014
2025-05-12,29.6,24.5,26.1,13.1,13.1,2.74,10.4,13.92,99,77,Pacitan,-8.1845,111.1014
2025-05-13,29.3,24.3,26.0,25.2,25.2,2.63,11.8,13.53,98,79,Pacitan,-8.1845,111.1014
2025-05-14,29.2,24.0,26.0,11.3,11.3,3.16,10.5,16.26,97,79,Pacitan,-8.1845,111.1014
2025-05-15,29.0,24.2,25.9,19.4,19.4,2.57,7.9,12.99,99,85,Pacitan,-8.1845,111.1014
2025-05-16,30.5,23.9,26.1,18.8,18.8,3.31,13.6,17.03,99,73,Pacitan,-8.1845,111.1014
2025-05-17,28.5,24.1,25.6,42.1,42.1,2.28,9.9,11.55,99,81,Pacitan,-8.1845,111.1014
2025-05-18,28.9,24.2,25.8,34.9,34.9,2.25,12.8,11.56,99,83,Pacitan,-8.1845,111.1014
2025-05-19,27.5,24.0,25.4,23.0,23.0,2.28,15.1,11.97,97,85,Pacitan,-8.1845,111.1014
2025-05-20,28.9,24.0,26.0,4.4,4.4,2.91,16.0,14.67,94,79,Pacitan,-8.1845,111.1014
2025-05-21,28.6,25.0,26.5,2.0,2.0,3.62,21.0,18.1,92,76,Pacitan,-8.1845,111.1014
2025-05-22,28.0,24.6,26.1,5.3,5.3,2.5,14.6,12.56,92,79,Pacitan,-8.1845,111.1014
2025-05-23,28.7,23.8,25.7,31.9,31.9,2.43,10.5,12.44,97,84,Pacitan,-8.1845,111.1014
2025-05-24,28.9,23.9,26.0,13.2,13.2,3.12,8.9,15.9,98,79,Pacitan,-8.1845,111.1014
2025-05-25,30.2,24.3,26.3,5.2,5.2,3.26,8.6,16.48,96,75,Pacitan,-8.1845,111.1014
2025-05-26,29.4,24.0,26.1,6.7,6.7,2.2,11.4,10.72,97,75,Pacitan,-8.1845,111.1014
2025-05-27,29.4,24.4,26.5,1.8,1.8,3.31,12.3,16.65,95,77,Pacitan,-8.1845,111.1014
2025-05-28,30.1,24.5,26.9,0.6,0.6,3.53,7.8,17.54,94,76,Pacitan,-8.1845,111.1014
2025-05-29,30.3,24.6,27.0,0.0,0.0,4.12,9.4,20.7,93,70,Pacitan,-8.1845,111.1014
2025-05-30,29.4,24.6,26.7,4.5,4.5,3.51,10.9,18.0,93,79,Pacitan,-8.1845,111.1014
2025-05-31,30.2,23.9,26.3,9.5,9.5,3.32,9.6,16.81,99,75,Pacitan,-8.1845,111.1014
2025-06-01,29.8,23.6,26.4,1.6,1.6,3.46,14.2,17.24,97,72,Pacitan,-8.1845,111.1014
2025-06-02,30.3,23.6,26.7,1.7,1.7,3.71,11.1,18.48,93,68,Pacitan,-8.1845,111.1014
2025-06-03,30.5,24.3,26.7,1.6,1.6,3.73,12.3,18.68,92,70,Pacitan,-8.1845,111.1014
2025-06-04,29.0,23.4,26.0,8.3,8.3,3.1,9.6,15.84,97,76,Pacitan,-8.1845,111.1014
2025-06-05,29.4,23.9,26.3,2.0,2.0,3.88,17.2,19.41,98,70,Pacitan,-8.1845,111.1014
2025-06-06,30.3,23.9,26.8,0.0,0.0,4.09,16.2,19.64,88,66,Pacitan,-8.1845,111.1014
2025-06-07,30.0,23.9,26.7,0.0,0.0,4.27,16.1,20.31,90,66,Pacitan,-8.1845,111.1014
2025-06-08,28.9,24.1,26.2,1.7,1.7,3.43,19.9,17.36,91,75,Pacitan,-8.1845,111.1014
2025-06-09,29.8,24.5,26.2,11.8,11.8,3.09,12.0,15.27,92,72,Pacitan,-8.1845,111.1014
2025-06-10,28.3,24.3,26.0,11.2,11.2,2.93,14.4,14.92,92,78,Pacitan,-8.1845,111.1014
2025-06-11,29.6,24.2,26.8,0.3,0.3,4.1,23.2,18.98,92,67,Pacitan,-8.1845,111.1014
2025-06-12,29.7,24.5,26.6,0.0,0.0,4.18,21.6,19.94,91,66,Pacitan,-8.1845,111.1014
2025-06-13,29.3,24.6,26.3,0.9,0.9,3.42,20.0,17.43,94,72,Pacitan,-8.1845,111.1014
2025-06-14,29.0,24.3,26.2,11.3,11.3,3.03,12.9,15.8,96,81,Pacitan,-8.1845,111.1014
2025-06-15,29.9,23.6,26.3,2.5,2.5,3.36,14.0,17.33,96,72,Pacitan,-8.1845,111.1014
2025-06-16,29.5,24.4,26.5,0.0,0.0,3.55,17.7,18.26,94,75,Pacitan,-8.1845,111.1014
2025-06-17,29.4,24.0,26.5,0.5,0.5,3.83,16.9,18.95,94,71,Pacitan,-8.1845,111.1014
2025-06-18,29.4,23.2,25.9,0.0,0.0,4.19,14.8,20.53,87,67,Pacitan,-8.1845,111.1014
2025-06-19,28.8,22.5,25.2,0.0,0.0,3.91,13.4,18.82,87,59,Pacitan,-8.1845,111.1014
2025-06-20,29.4,22.2,25.6,3.0,3.0,3.11,13.9,15.18,96,67,Pacitan,-8.1845,111.1014
2025-06-21,29.7,23.5,26.2,4.9,4.9,3.32,12.9,16.65,92,72,Pacitan,-8.1845,111.1014
2025-06-22,29.0,24.1,26.3,8.9,8.9,3.32,17.6,15.97,91,71,Pacitan,-8.1845,111.1014
2025-06-23,29.1,24.1,26.1,2.6,2.6,3.71,20.9,17.57,88,68,Pacitan,-8.1845,111.1014
2025-06-24,29.0,24.5,26.4,0.0,0.0,4.24,20.1,18.95,84,67,Pacitan,-8.1845,111.1014
2025-06-25,28.7,24.2,26.3,0.2,0.2,3.96,20.2,18.44,86,71,Pacitan,-8.1845,111.1014
2025-06-26,28.8,24.1,26.2,0.3,0.3,3.73,20.6,18.04,92,69,Pacitan,-8.1845,111.1014
2025-06-27,28.1,24.5,26.0,2.0,2.0,3.19,18.4,16.4,93,76,Pacitan,-8.1845,111.1014
2025-06-28,27.7,23.0,25.3,6.3,6.3,3.18,22.2,17.04,97,78,Pacitan,-8.1845,111.1014
2025-06-29,28.2,24.1,25.8,1.1,1.1,3.68,22.4,18.1,89,72,Pacitan,-8.1845,111.1014
2025-06-30,29.0,23.9,26.0,0.1,0.1,4.0,23.3,19.0,89,67,Pacitan,-8.1845,111.1014
2025-07-01,29.0,23.3,25.9,1.2,1.2,3.66,14.7,18.78,92,72,Pacitan,-8.1845,111.1014
2025-07-02,29.5,23.1,26.1,0.0,0.0,4.03,18.1,20.13,91,69,Pacitan,-8.1845,111.1014
2025-07-03,28.9,23.5,25.9,0.3,0.3,3.87,19.2,18.8,90,70,Pacitan,-8.1845,111.1014
2025-07-04,26.3,23.9,24.9,9.1,9.1,2.31,18.8,10.59,91,81,Pacitan,-8.1845,111.1014
2025-07-05,27.5,23.7,25.2,0.4,0.4,3.14,19.4,15.43,89,75,Pacitan,-8.1845,111.1014
2025-07-06,28.3,23.6,25.3,3.9,3.9,2.92,16.4,14.9,96,76,Pacitan,-8.1845,111.1014
2025-07-07,28.7,23.5,25.4,3.7,3.7,3.22,14.7,17.09,96,77,Pacitan,-8.1845,111.1014
2025-07-08,28.4,23.8,25.7,0.0,0.0,4.12,21.3,18.9,91,67,Pacitan,-8.1845,111.1014
2025-07-09,27.5,22.8,25.0,0.3,0.3,4.18,21.1,18.19,86,62,Pacitan,-8.1845,111.1014
2025-07-10,28.0,21.6,24.4,0.0,0.0,4.23,15.4,20.11,86,57,Pacitan,-8.1845,111.1014
2025-07-11,27.4,21.7,24.1,0.0,0.0,3.72,19.2,18.55,88,65,Pacitan,-8.1845,111.1014
2025-07-12,27.8,21.7,24.7,0.1,0.1,3.24,16.8,15.99,90,72,Pacitan,-8.1845,111.1014
2025-07-13,28.9,22.6,25.5,0.8,0.8,3.73,16.9,19.02,91,71,Pacitan,-8.1845,111.1014
2025-07-14,28.4,24.0,25.7,0.2,0.2,3.69,21.6,17.45,94,68,Pacitan,-8.1845,111.1014
2025-07-15,28.2,23.6,25.4,0.8,0.8,3.28,19.5,16.87,96,74,Pacitan,-8.1845,111.1014
2025-07-16,28.2,23.6,25.4,0.8,0.8,3.7,23.4,18.1,95,68,Pacitan,-8.1845,111.1014
2025-07-17,28.5,22.6,25.0,0.0,0.0,3.91,17.0,18.7,89,62,Pacitan,-8.1845,111.1014
2025-07-18,28.4,21.6,24.5,0.0,0.0,4.01,15.0,20.29,91,65,Pacitan,-8.1845,111.1014
2025-07-19,28.5,20.9,24.1,0.0,0.0,4.31,13.8,21.92,92,57,Pacitan,-8.1845,111.1014
2025-07-20,27.9,21.1,24.0,0.0,0.0,4.34,17.2,21.82,93,62,Pacitan,-8.1845,111.1014
2025-07-21,27.9,21.1,24.1,0.0,0.0,4.42,13.5,21.6,85,57,Pacitan,-8.1845,111.1014
2025-07-22,27.9,21.0,24.2,0.1,0.1,3.77,16.4,19.31,91,66,Pacitan,-8.1845,111.1014
2025-07-23,28.7,20.5,24.5,0.0,0.0,3.56,16.6,18.18,93,71,Pacitan,-8.1845,111.1014
2025-07-24,28.5,22.4,25.3,0.6,0.6,3.73,16.0,18.63,94,70,Pacitan,-8.1845,111.1014
2025-07-25,28.5,23.7,25.8,0.2,0.2,3.68,20.7,17.74,94,70,Pacitan,-8.1845,111.1014
2025-07-26,28.7,23.3,25.8,0.5,0.5,3.83,16.9,19.02,90,72,Pacitan,-8.1845,111.1014
2025-07-27,29.5,23.3,26.0,1.6,1.6,3.87,17.6,19.68,94,69,Pacitan,-8.1845,111.1014
2025-07-28,27.5,23.6,25.1,4.5,4.5,2.9,21.5,15.28,98,77,Pacitan,-8.1845,111.1014
2025-07-29,26.2,23.5,24.6,11.6,11.6,2.59,24.9,14.57,98,81,Pacitan,-8.1845,111.1014
2025-07-30,26.0,23.0,24.0,10.2,10.2,2.58,21.3,15.04,98,85,Pacitan,-8.1845,111.1014
2025-07-31,27.7,23.0,25.0,0.5,0.5,3.65,23.5,18.91,95,72,Pacitan,-8.1845,111.1014
2025-08-01,27.7,23.4,25.2,0.1,0.1,3.1,22.8,16.11,93,77,Pacitan,-8.1845,111.1014
2025-08-02,29.6,22.9,25.6,0.2,0.2,3.6,18.2,18.94,95,70,Pacitan,-8.1845,111.1014
2025-08-03,28.9,23.3,25.6,3.2,3.2,3.44,15.9,18.03,97,75,Pacitan,-8.1845,111.1014
2025-08-04,28.9,23.2,25.7,0.4,0.4,3.59,15.6,18.23,95,71,Pacitan,-8.1845,111.1014
2025-08-05,29.6,23.3,25.9,0.5,0.5,3.99,15.9,19.76,95,65,Pacitan,-8.1845,111.1014
2025-08-06,28.6,23.0,25.3,0.0,0.0,4.42,17.6,22.38,90,66,Pacitan,-8.1845,111.1014
2025-08-07,28.8,21.9,24.9,0.0,0.0,4.31,15.4,22.11,90,68,Pacitan,-8.1845,111.1014
2025-08-08,29.0,23.5,25.7,0.2,0.2,3.73,14.1,18.59,91,70,Pacitan,-8.1845,111.1014
2025-08-09,29.1,23.5,25.9,0.2,0.2,3.66,15.5,18.05,94,69,Pacitan,-8.1845,111.1014
2025-08-10,28.4,23.5,25.5,0.9,0.9,3.73,18.5,19.54,95,73,Pacitan,-8.1845,111.1014
2025-08-11,28.7,23.4,25.9,0.8,0.8,3.85,18.0,18.62,90,71,Pacitan,-8.1845,111.1014
2025-08-12,28.4,23.5,25.8,0.1,0.1,4.1,21.6,20.55,89,70,Pacitan,-8.1845,111.1014
2025-08-13,28.7,23.0,25.6,0.0,0.0,4.36,23.6,21.21,94,66,Pacitan,-8.1845,111.1014
2025-08-14,28.2,23.5,25.4,0.0,0.0,4.9,26.5,21.13,85,58,Pacitan,-8.1845,111.1014
2025-08-15,28.4,23.0,25.2,0.0,0.0,4.59,25.5,20.03,83,58,Pacitan,-8.1845,111.1014
2025-08-16,29.0,22.7,25.5,0.1,0.1,4.37,24.2,20.78,90,64,Pacitan,-8.1845,111.1014
2025-08-17,28.7,22.3,25.3,0.1,0.1,4.08,21.3,20.49,92,68,Pacitan,-8.1845,111.1014
2025-08-18,30.0,23.2,26.0,0.8,0.8,4.0,18.6,19.59,95,65,Pacitan,-8.1845,111.1014
2025-08-19,28.1,23.7,25.0,32.4,32.4,2.6,13.9,13.44,99,77,Pacitan,-8.1845,111.1014
2025-08-20,29.6,22.9,25.4,6.8,6.8,3.13,8.6,15.12,99,61,Pacitan,-8.1845,111.1014
2025-08-21,28.6,23.0,25.5,10.4,10.4,3.23,13.9,16.15,93,71,Pacitan,-8.1845,111.1014
2025-08-22,29.3,22.3,25.6,1.9,1.9,4.03,14.9,20.5,93,68,Pacitan,-8.1845,111.1014
2025-08-23,29.9,22.8,25.9,0.3,0.3,4.19,13.9,21.3,94,66,Pacitan,-8.1845,111.1014
2025-08-24,29.2,23.1,25.8,0.1,0.1,4.43,13.6,22.6,96,69,Pacitan,-8.1845,111.1014
2025-08-25,29.1,22.3,25.3,0.0,0.0,4.81,15.3,23.76,91,63,Pacitan,-8.1845,111.1014
2025-08-26,29.0,22.8,25.4,0.0,0.0,5.12,20.8,23.62,82,57,Pacitan,-8.1845,111.1014
2025-08-27,26.6,23.3,24.5,17.0,17.0,3.18,22.0,17.72,97,78,Pacitan,-8.1845,111.1014
2025-08-28,25.3,23.0,23.9,17.3,17.3,1.95,19.6,9.89,97,84,Pacitan,-8.1845,111.1014
2025-08-29,25.5,23.1,23.9,18.1,18.1,1.85,21.4,10.31,98,83,Pacitan,-8.1845,111.1014
2025-08-30,27.6,22.8,24.9,2.8,2.8,3.35,23.6,16.89,97,73,Pacitan,-8.1845,111.1014
2025-08-31,28.1,23.6,25.6,1.4,1.4,4.19,21.9,20.58,90,71,Pacitan,-8.1845,111.1014
2025-09-01,28.9,21.8,25.3,0.3,0.3,3.84,19.3,19.19,91,69,Pacitan,-8.1845,111.1014
2025-09-02,29.0,22.6,25.6,1.6,1.6,4.14,17.4,21.27,94,69,Pacitan,-8.1845,111.1014
2025-09-03,29.4,22.6,25.7,0.3,0.3,4.21,18.9,21.68,94,71,Pacitan,-8.1845,111.1014
2025-09-04,28.7,23.6,25.9,0.4,0.4,4.22,22.9,21.19,93,70,Pacitan,-8.1845,111.1014
2025-09-05,28.9,23.4,25.8,0.0,0.0,4.65,17.2,22.24,92,64,Pacitan,-8.1845,111.1014
2025-09-06,28.2,23.0,25.4,1.3,1.3,4.59,19.2,21.64,93,62,Pacitan,-8.1845,111.1014
2025-09-07,28.7,24.0,25.6,0.1,0.1,4.37,22.1,19.09,87,61,Pacitan,-8.1845,111.1014
2025-09-08,28.9,24.0,25.7,0.6,0.6,3.73,24.2,15.72,89,64,Pacitan,-8.1845,111.1014
2025-09-09,27.1,23.5,24.7,9.1,9.1,2.71,19.7,14.35,98,80,Pacitan,-8.1845,111.1014
2025-09-10,27.5,23.3,25.1,15.5,15.5,2.76,19.9,14.22,99,79,Pacitan,-8.1845,111.1014
2025-09-11,27.1,23.7,25.0,15.2,15.2,1.98,9.9,9.98,99,83,Pacitan,-8.1845,111.1014
2025-09-12,29.4,23.2,25.9,0.1,0.1,4.45,17.5,22.65,95,69,Pacitan,-8.1845,111.1014
2025-09-13,29.4,23.2,25.9,0.0,0.0,4.49,16.9,22.74,94,66,Pacitan,-8.1845,111.1014
2025-09-14,28.3,22.6,25.3,1.4,1.4,4.21,21.5,21.81,94,71,Pacitan,-8.1845,111.1014
2025-09-15,27.7,23.4,25.4,3.3,3.3,4.02,19.9,20.67,91,72,Pacitan,-8.1845,111.1014
2025-09-16,28.2,23.6,25.6,1.4,1.4,3.83,20.8,19.29,93,74,Pacitan,-8.1845,111.1014
2025-09-17,28.6,23.5,25.6,1.3,1.3,4.07,20.6,20.3,93,70,Pacitan,-8.1845,111.1014
2025-09-18,28.7,23.9,25.4,3.7,3.7,3.51,18.7,17.52,92,71,Pacitan,-8.1845,111.1014
2025-09-19,28.6,23.6,25.4,14.3,14.3,3.72,18.0,20.02,97,75,Pacitan,-8.1845,111.1014
2025-09-20,29.8,23.5,26.1,2.2,2.2,4.24,17.4,21.83,98,72,Pacitan,-8.1845,111.1014
2025-09-21,29.3,23.7,26.3,0.6,0.6,3.84,18.3,18.99,98,71,Pacitan,-8.1845,111.1014
2025-09-22,29.1,23.7,25.8,1.8,1.8,4.34,16.4,21.75,98,66,Pacitan,-8.1845,111.1014
2025-09-23,29.6,22.4,25.7,0.0,0.0,5.01,13.0,25.94,94,66,Pacitan,-8.1845,111.1014
2025-09-24,29.2,22.5,25.9,1.1,1.1,4.37,14.6,21.88,95,68,Pacitan,-8.1845,111.1014
2025-09-25,29.7,22.4,26.1,2.6,2.6,4.46,13.7,22.64,94,69,Pacitan,-8.1845,111.1014
2025-09-26,29.6,23.4,26.2,1.6,1.6,4.43,17.7,21.87,91,68,Pacitan,-8.1845,111.1014
2025-09-27,29.7,23.2,26.3,0.8,0.8,4.32,18.0,21.77,92,73,Pacitan,-8.1845,111.1014
2025-09-28,30.1,23.5,26.4,2.5,2.5,4.04,17.3,20.46,93,71,Pacitan,-8.1845,111.1014
2025-09-29,29.2,23.9,26.2,5.8,5.8,3.84,18.4,19.73,98,72,Pacitan,-8.1845,111.1014
2025-09-30,27.9,24.0,25.4,3.9,3.9,2.58,15.5,12.74,98,80,Pacitan,-8.1845,111.1014
2025-10-01,29.5,23.5,25.8,21.1,21.1,3.63,13.2,18.85,99,71,Pacitan,-8.1845,111.1014
2025-10-02,30.4,23.1,26.2,1.6,1.6,4.54,15.4,23.18,97,72,Pacitan,-8.1845,111.1014
2025-10-03,29.1,23.1,26.0,1.0,1.0,4.14,14.1,21.07,96,74,Pacitan,-8.1845,111.1014
2025-10-04,29.6,22.4,25.8,0.0,0.0,4.81,14.4,23.73,89,62,Pacitan,-8.1845,111.1014
2025-10-05,30.2,23.1,26.4,0.3,0.3,4.69,12.7,23.52,94,66,Pacitan,-8.1845,111.1014
2025-10-06,29.3,23.4,26.1,1.0,1.0,4.46,17.7,22.93,98,70,Pacitan,-8.1845,111.1014
2025-10-07,30.1,23.8,26.6,0.1,0.1,4.7,14.9,23.16,94,69,Pacitan,-8.1845,111.1014
2025-10-08,29.6,23.3,26.4,2.1,2.1,4.87,17.2,24.02,95,65,Pacitan,-8.1845,111.1014
2025-10-09,29.7,22.6,26.0,0.1,0.1,4.63,14.9,22.85,95,66,Pacitan,-8.1845,111.1014
2025-10-10,29.5,23.0,26.3,0.9,0.9,4.74,16.4,22.95,89,66,Pacitan,-8.1845,111.1014
2025-10-11,29.2,23.5,26.1,1.8,1.8,4.4,16.8,21.9,92,71,Pacitan,-8.1845,111.1014
2025-10-12,29.3,24.6,26.7,1.5,1.5,4.09,17.6,20.44,94,74,Pacitan,-8.1845,111.1014
2025-10-13,30.1,24.7,26.7,1.4,1.4,4.11,15.2,20.96,97,74,Pacitan,-8.1845,111.1014
2025-10-14,29.7,24.2,26.9,1.1,1.1,4.27,14.4,21.57,97,73,Pacitan,-8.1845,111.1014
2025-10-15,30.3,24.3,27.3,0.5,0.5,4.6,16.8,22.89,94,69,Pacitan,-8.1845,111.1014
2025-10-16,30.1,25.0,27.2,2.0,2.0,4.41,17.9,21.66,93,69,Pacitan,-8.1845,111.1014
2025-10-17,30.5,24.2,27.2,4.7,4.7,4.59,17.2,22.77,94,68,Pacitan,-8.1845,111.1014
2025-10-18,30.6,23.8,26.9,0.8,0.8,4.24,11.9,21.01,96,73,Pacitan,-8.1845,111.1014
2025-10-19,30.6,23.9,26.9,9.1,9.1,4.25,13.1,21.42,96,70,Pacitan,-8.1845,111.1014
2025-10-20,29.8,24.8,26.7,15.8,15.8,4.36,11.6,22.21,99,75,Pacitan,-8.1845,111.1014
2025-10-21,29.0,24.2,25.8,27.9,27.9,2.67,11.7,13.55,99,79,Pacitan,-8.1845,111.1014
2025-10-22,28.6,24.4,25.5,24.4,24.4,2.95,12.1,15.16,99,79,Pacitan,-8.1845,111.1014
2025-10-23,27.1,23.9,25.3,6.6,6.6,2.81,12.5,14.66,98,81,Pacitan,-8.1845,111.1014
2025-10-24,28.5,24.4,25.4,15.6,15.6,2.72,12.5,14.16,99,78,Pacitan,-8.1845,111.1014
2025-10-25,27.6,23.7,25.1,8.8,8.8,2.94,11.8,15.34,99,80,Pacitan,-8.1845,111.1014
2025-10-26,28.8,24.3,25.5,11.8,11.8,3.07,14.4,15.98,99,76,Pacitan,-8.1845,111.1014
2025-10-27,28.5,24.1,26.0,3.1,3.1,3.43,10.3,17.29,99,78,Pacitan,-8.1845,111.1014
2025-10-28,29.8,23.6,25.3,41.7,41.7,2.6,15.2,13.15,99,75,Pacitan,-8.1845,111.1014
2025-10-29,28.3,23.2,25.5,3.4,3.4,3.09,13.6,15.02,99,77,Pacitan,-8.1845,111.1014
2025-10-30,28.2,24.1,25.5,8.4,8.4,2.64,11.9,13.22,99,79,Pacitan,-8.1845,111.1014
2025-10-31,28.7,23.8,25.6,19.1,19.1,2.86,11.1,14.47,99,78,Pacitan,-8.1845,111.1014
2025-11-01,30.0,24.2,26.4,16.1,16.1,3.71,13.7,18.82,97,72,Pacitan,-8.1845,111.1014
2025-11-02,27.9,24.0,25.9,14.8,14.8,2.93,10.2,14.77,99,80,Pacitan,-8.1845,111.1014
2025-11-03,29.6,24.0,26.1,11.3,11.3,3.6,13.8,18.28,99,74,Pacitan,-8.1845,111.1014
2025-11-04,28.6,24.1,26.0,15.6,15.6,3.17,9.8,15.96,96,75,Pacitan,-8.1845,111.1014
2025-11-05,27.4,24.3,25.1,17.3,17.3,1.93,12.4,9.83,99,82,Pacitan,-8.1845,111.1014
2025-11-06,29.2,23.9,26.1,10.5,10.5,3.57,11.0,17.81,99,73,Pacitan,-8.1845,111.1014
2025-11-07,29.7,24.4,25.9,21.1,21.1,3.03,10.4,15.22,99,77,Pacitan,-8.1845,111.1014
2025-11-08,31.5,24.1,26.2,23.7,23.7,3.79,13.6,18.72,99,65,Pacitan,-8.1845,111.1014
2025-11-09,30.3,24.3,26.3,38.1,38.1,3.43,14.6,16.46,99,70,Pacitan,-8.1845,111.1014
2025-11-10,30.3,24.1,26.5,20.5,20.5,3.58,11.9,17.38,98,68,Pacitan,-8.1845,111.1014
2025-11-11,30.9,24.0,26.2,28.6,28.6,3.25,15.6,15.82,98,64,Pacitan,-8.1845,111.1014
2025-11-12,28.5,23.8,25.1,28.5,28.5,2.25,12.0,11.31,97,79,Pacitan,-8.1845,111.1014
2025-11-13,29.4,23.8,25.7,15.5,15.5,3.98,16.2,20.44,97,71,Pacitan,-8.1845,111.1014
2025-11-14,27.3,23.7,25.1,17.3,17.3,2.66,14.9,13.76,97,80,Pacitan,-8.1845,111.1014
2025-11-15,28.0,23.4,25.2,3.9,3.9,2.66,11.1,13.46,97,75,Pacitan,-8.1845,111.1014
2025-11-16,30.2,23.9,26.3,15.3,15.3,3.39,9.7,16.48,93,72,Pacitan,-8.1845,111.1014
2025-11-17,30.0,24.9,27.0,1.5,1.5,4.06,11.4,19.79,94,65,Pacitan,-8.1845,111.1014
2025-11-18,30.2,23.9,26.5,12.9,12.9,3.66,9.2,17.67,100,67,Pacitan,-8.1845,111.1014
2025-11-19,27.5,24.3,25.5,32.1,32.1,2.4,7.0,11.67,99,84,Pacitan,-8.1845,111.1014
2025-11-20,31.0,24.5,26.5,9.6,9.6,3.72,11.5,18.0,98,68,Pacitan,-8.1845,111.1014
2025-11-21,28.5,23.9,25.4,35.0,35.0,2.6,11.2,13.0,99,78,Pacitan,-8.1845,111.1014
2025-11-22,29.4,24.1,26.2,12.6,12.6,3.57,16.8,17.06,98,60,Pacitan,-8.1845,111.1014
2025-11-23,30.8,24.4,26.6,10.1,10.1,4.37,14.8,21.34,95,61,Pacitan,-8.1845,111.1014
2025-11-24,29.4,24.2,26.1,1.3,1.3,4.17,12.9,20.44,96,59,Pacitan,-8.1845,111.1014
2025-11-25,30.1,24.2,26.8,0.6,0.6,4.99,19.1,24.25,92,59,Pacitan,-8.1845,111.1014
2025-11-26,27.2,24.6,25.3,15.3,15.3,1.83,14.3,9.45,98,82,Pacitan,-8.1845,111.1014
2025-11-27,29.5,24.7,27.1,1.4,1.4,4.46,13.4,21.6,90,65,Pacitan,-8.1845,111.1014
2025-11-28,29.1,25.0,26.8,1.1,1.1,4.26,16.3,20.07,86,60,Pacitan,-8.1845,111.1014
2025-11-29,29.4,25.2,26.8,0.5,0.5,4.42,13.4,21.01,83,60,Pacitan,-8.1845,111.1014
2025-11-30,29.6,23.3,26.6,0.5,0.5,4.22,11.4,20.47,86,69,Pacitan,-8.1845,111.1014
2025-12-01,29.4,24.2,26.9,0.3,0.3,3.91,13.7,18.02,86,67,Pacitan,-8.1845,111.1014
2025-12-02,30.4,23.7,26.5,7.9,7.9,4.23,10.9,20.33,98,64,Pacitan,-8.1845,111.1014
2025-12-03,28.9,24.1,26.4,22.0,22.0,3.03,10.8,15.09,98,80,Pacitan,-8.1845,111.1014
2025-12-04,30.3,24.5,26.1,2.9,2.9,3.02,10.6,14.66,96,72,Pacitan,-8.1845,111.1014
2025-12-05,29.5,24.0,26.0,1.7,1.7,3.98,10.7,20.07,96,74,Pacitan,-8.1845,111.1014
2025-12-06,28.8,23.5,25.5,7.8,7.8,3.32,8.8,16.82,98,76,Pacitan,-8.1845,111.1014
2025-12-07,28.4,23.3,25.8,6.7,6.7,3.75,11.0,19.39,99,79,Pacitan,-8.1845,111.1014
2025-12-08,27.6,24.5,25.6,21.9,21.9,2.25,10.9,11.13,99,80,Pacitan,-8.1845,111.1014
2025-12-09,27.5,23.7,25.3,13.7,13.7,2.02,12.0,9.84,99,79,Pacitan,-8.1845,111.1014
2025-12-10,30.5,24.3,27.4,0.1,0.1,5.12,13.1,24.96,88,62,Pacitan,-8.1845,111.1014
2025-12-11,29.8,24.6,27.0,1.4,1.4,3.57,15.1,16.49,91,67,Pacitan,-8.1845,111.1014
2025-12-12,30.1,24.9,27.3,0.2,0.2,5.26,17.7,24.89,88,57,Pacitan,-8.1845,111.1014
2025-12-13,30.0,24.9,27.3,0.8,0.8,4.82,18.0,21.54,80,64,Pacitan,-8.1845,111.1014
2025-12-14,29.6,25.6,27.4,1.5,1.5,4.93,24.7,22.21,81,65,Pacitan,-8.1845,111.1014
2025-12-15,29.2,24.6,26.6,8.7,8.7,4.05,24.9,17.57,91,69,Pacitan,-8.1845,111.1014
2025-12-16,30.7,25.5,27.7,0.9,0.9,5.43,21.5,22.79,82,59,Pacitan,-8.1845,111.1014
2025-12-17,29.6,24.2,26.8,2.0,2.0,4.75,17.1,22.92,91,67,Pacitan,-8.1845,111.1014
2025-12-18,30.9,24.5,26.9,4.0,4.0,4.19,16.6,20.1,94,65,Pacitan,-8.1845,111.1014
2025-12-19,31.5,24.5,27.6,0.7,0.7,4.83,13.9,22.36,97,55,Pacitan,-8.1845,111.1014
2025-12-20,30.4,24.6,26.6,12.1,12.1,3.98,8.0,19.45,99,70,Pacitan,-8.1845,111.1014
2025-12-21,30.3,24.6,26.9,5.8,5.8,4.04,8.6,19.68,98,71,Pacitan,-8.1845,111.1014
2025-12-22,30.2,24.4,27.1,6.4,6.4,3.63,14.4,17.42,95,67,Pacitan,-8.1845,111.1014
2025-12-23,30.3,24.6,27.2,2.1,2.1,4.85,15.4,24.54,97,71,Pacitan,-8.1845,111.1014
2025-12-24,30.5,24.7,26.9,1.9,1.9,4.85,15.5,24.73,96,71,Pacitan,-8.1845,111.1014
2025-12-25,30.5,24.7,27.0,4.6,4.6,4.65,16.8,23.68,97,71,Pacitan,-8.1845,111.1014
2025-12-26,28.5,23.0,25.5,25.0,25.0,3.33,19.4,18.12,99,79,Pacitan,-8.1845,111.1014
2025-12-27,30.1,23.1,26.3,8.4,8.4,3.93,17.7,19.78,98,68,Pacitan,-8.1845,111.1014
2025-12-28,30.1,24.5,27.1,4.4,4.4,4.51,16.2,22.83,95,75,Pacitan,-8.1845,111.1014
2025-12-29,30.0,25.5,27.3,4.8,4.8,4.62,12.8,22.95,93,66,Pacitan,-8.1845,111.1014
2025-12-30,29.7,24.9,27.3,0.1,0.1,4.35,11.5,21.11,90,67,Pacitan,-8.1845,111.1014
2025-12-31,29.2,24.6,26.3,5.4,5.4,2.01,11.0,9.33,96,73,Pacitan,-8.1845,111.1014
