tanggal,temperature_2m_max,temperature_2m_min,temperature_2m_mean,precipitation_sum,rain_sum,et0_fao_evapotranspiration,windspeed_10m_max,shortwave_radiation_sum,relative_humidity_2m_max,relative_humidity_2m_min,kabupaten,lat,lon
2018-01-01,28.9,24.2,25.8,24.9,24.9,3.31,10.2,16.89,99,76,Sumenep,-6.9924,113.8607
2018-01-02,29.1,23.6,26.1,11.8,11.8,4.02,7.8,20.43,99,78,Sumenep,-6.9924,113.8607
2018-01-03,30.4,24.4,26.5,9.9,9.9,4.31,9.8,21.73,99,72,Sumenep,-6.9924,113.8607
2018-01-04,29.5,24.0,26.1,24.7,24.7,3.79,8.8,19.16,100,74,Sumenep,-6.9924,113.8607
2018-01-05,29.8,23.5,26.0,33.3,33.3,3.77,9.0,19.05,100,75,Sumenep,-6.9924,113.8607
2018-01-06,30.0,23.9,25.8,16.7,16.7,4.05,8.4,20.39,99,73,Sumenep,-6.9924,113.8607
2018-01-07,27.0,23.4,24.9,21.4,21.4,1.9,13.2,9.81,99,85,Sumenep,-6.9924,113.8607
2018-01-08,29.6,23.0,26.0,11.0,11.0,3.7,10.2,18.83,99,72,Sumenep,-6.9924,113.8607
2018-01-09,30.2,23.8,26.3,10.0,10.0,4.36,7.0,21.86,99,75,Sumenep,-6.9924,113.8607
2018-01-10,30.4,24.3,26.3,7.6,7.6,4.15,14.7,21.0,96,67,Sumenep,-6.9924,113.8607
2018-01-11,28.6,23.4,25.4,19.7,19.7,2.37,12.9,11.64,98,76,Sumenep,-6.9924,113.8607
2018-01-12,29.5,22.7,25.8,6.7,6.7,3.22,15.4,14.3,96,66,Sumenep,-6.9924,113.8607
2018-01-13,29.5,24.8,26.8,1.5,1.5,3.13,19.8,13.48,89,64,Sumenep,-6.9924,113.8607
2018-01-14,29.4,24.3,26.1,7.6,7.6,2.52,15.9,11.61,100,70,Sumenep,-6.9924,113.8607
2018-01-15,27.9,24.5,26.1,7.1,7.1,2.27,15.4,10.5,96,78,Sumenep,-6.9924,113.8607
2018-01-16,28.4,24.3,25.8,3.8,3.8,2.19,18.4,9.25,96,71,Sumenep,-6.9924,113.8607
2018-01-17,28.5,24.3,25.8,11.8,11.8,2.42,14.6,11.57,97,74,Sumenep,-6.9924,113.8607
2018-01-18,28.7,23.5,25.6,20.4,20.4,3.14,14.5,16.21,98,71,Sumenep,-6.9924,113.8607
2018-01-19,27.6,22.9,24.9,25.9,25.9,2.07,10.2,10.4,99,87,Sumenep,-6.9924,113.8607
2018-01-20,29.5,23.8,25.3,30.2,30.2,2.94,13.7,15.09,99,69,Sumenep,-6.9924,113.8607
2018-01-21,28.4,23.6,25.3,24.6,24.6,2.32,15.1,11.74,98,70,Sumenep,-6.9924,113.8607
2018-01-22,27.2,24.8,25.7,14.0,14.0,2.62,18.8,12.86,92,81,Sumenep,-6.9924,113.8607
2018-01-23,28.4,24.4,25.9,2.2,2.2,2.96,21.1,14.3,92,75,Sumenep,-6.9924,113.8607
2018-01-24,28.5,24.8,26.2,7.4,7.4,3.7,18.7,19.07,94,71,Sumenep,-6.9924,113.8607
2018-01-25,28.6,25.0,26.6,6.3,6.3,3.61,20.8,17.25,94,75,Sumenep,-6.9924,113.8607
2018-01-26,28.4,25.3,26.7,8.1,8.1,3.98,25.1,19.52,88,74,Sumenep,-6.9924,113.8607
2018-01-27,29.4,25.2,27.0,7.5,7.5,4.05,24.5,18.5,88,71,Sumenep,-6.9924,113.8607
2018-01-28,28.0,25.4,26.6,11.0,11.0,4.12,25.3,19.77,89,75,Sumenep,-6.9924,113.8607
2018-01-29,29.2,24.9,26.9,0.7,0.7,4.37,32.4,19.53,89,70,Sumenep,-6.9924,113.8607
2018-01-30,28.5,24.2,26.5,3.4,3.4,4.08,23.1,19.12,92,71,Sumenep,-6.9924,113.8607
2018-01-31,28.2,24.0,25.9,1.5,1.5,3.34,26.3,16.11,93,73,Sumenep,-6.9924,113.8607
2018-02-01,28.9,24.7,26.2,1.4,1.4,3.37,23.5,16.35,91,72,Sumenep,-6.9924,113.8607
2018-02-02,27.6,24.1,25.8,17.9,17.9,3.17,19.2,16.4,94,76,Sumenep,-6.9924,113.8607
2018-02-03,29.2,24.3,26.3,1.3,1.3,3.67,19.1,18.39,95,70,Sumenep,-6.9924,113.8607
2018-02-04,30.8,23.5,26.0,18.9,18.9,4.37,12.8,22.4,98,67,Sumenep,-6.9924,113.8607
2018-02-05,29.2,23.5,25.7,27.7,27.7,3.37,12.3,16.74,97,73,Sumenep,-6.9924,113.8607
2018-02-06,29.1,24.4,26.1,8.0,8.0,3.51,14.5,16.42,89,68,Sumenep,-6.9924,113.8607
2018-02-07,28.8,24.2,25.5,3.6,3.6,3.35,17.1,16.91,92,72,Sumenep,-6.9924,113.8607
2018-02-08,26.7,23.8,24.8,26.6,26.6,2.35,13.7,12.54,99,83,Sumenep,-6.9924,113.8607
2018-02-09,29.3,23.8,25.2,33.9,33.9,3.22,14.1,16.7,98,73,Sumenep,-6.9924,113.8607
2018-02-10,28.8,23.0,25.6,5.2,5.2,3.92,11.0,19.6,99,70,Sumenep,-6.9924,113.8607
2018-02-11,28.1,23.5,25.2,13.5,13.5,3.53,13.9,19.0,96,80,Sumenep,-6.9924,113.8607
2018-02-12,28.4,23.6,25.8,4.1,4.1,3.43,20.8,16.88,94,74,Sumenep,-6.9924,113.8607
2018-02-13,28.9,24.6,26.2,7.0,7.0,3.87,19.8,19.05,89,74,Sumenep,-6.9924,113.8607
2018-02-14,28.8,24.6,26.4,4.3,4.3,3.59,22.4,16.89,89,73,Sumenep,-6.9924,113.8607
2018-02-15,29.5,23.5,25.7,10.5,10.5,3.41,20.8,16.99,98,68,Sumenep,-6.9924,113.8607
2018-02-16,28.7,23.4,26.1,2.2,2.2,3.22,21.8,14.5,98,70,Sumenep,-6.9924,113.8607
2018-02-17,29.8,24.8,26.9,4.6,4.6,4.61,22.1,22.87,91,67,Sumenep,-6.9924,113.8607
2018-02-18,30.0,24.7,26.9,3.1,3.1,4.39,13.2,21.59,92,70,Sumenep,-6.9924,113.8607
2018-02-19,29.9,24.0,26.4,5.1,5.1,4.59,11.1,23.36,99,72,Sumenep,-6.9924,113.8607
2018-02-20,29.5,23.9,26.0,20.9,20.9,4.35,9.7,22.29,99,71,Sumenep,-6.9924,113.8607
2018-02-21,29.6,23.5,26.0,2.2,2.2,4.6,7.9,23.31,99,72,Sumenep,-6.9924,113.8607
2018-02-22,29.1,23.0,26.0,10.4,10.4,4.62,10.5,23.34,99,70,Sumenep,-6.9924,113.8607
2018-02-23,28.0,23.0,25.4,16.8,16.8,3.08,11.3,15.75,99,75,Sumenep,-6.9924,113.8607
2018-02-24,28.1,23.0,25.0,18.3,18.3,3.14,13.0,16.46,99,78,Sumenep,-6.9924,113.8607
2018-02-25,30.0,23.5,26.0,6.5,6.5,4.3,8.5,21.61,98,70,Sumenep,-6.9924,113.8607
2018-02-26,28.9,24.1,25.6,26.8,26.8,3.7,7.9,19.34,98,76,Sumenep,-6.9924,113.8607
2018-02-27,29.5,23.0,26.2,1.3,1.3,4.55,7.6,22.78,99,67,Sumenep,-6.9924,113.8607
2018-02-28,29.6,23.2,26.4,1.5,1.5,4.71,10.5,24.01,99,72,Sumenep,-6.9924,113.8607
2018-03-01,28.1,23.7,25.6,18.5,18.5,3.29,11.5,17.05,99,77,Sumenep,-6.9924,113.8607
2018-03-02,29.6,23.5,26.0,12.2,12.2,4.34,8.2,22.22,97,68,Sumenep,-6.9924,113.8607
2018-03-03,29.0,23.9,26.3,7.1,7.1,4.2,8.7,21.47,99,74,Sumenep,-6.9924,113.8607
2018-03-04,29.9,23.6,26.3,7.6,7.6,4.36,8.7,21.79,98,72,Sumenep,-6.9924,113.8607
2018-03-05,29.5,23.4,26.1,14.4,14.4,4.39,10.3,22.31,99,76,Sumenep,-6.9924,113.8607
2018-03-06,29.8,23.5,26.3,6.9,6.9,4.45,8.7,22.34,98,73,Sumenep,-6.9924,113.8607
2018-03-07,29.7,23.4,25.6,29.3,29.3,4.22,8.6,21.32,99,73,Sumenep,-6.9924,113.8607
2018-03-08,28.1,23.2,25.7,12.6,12.6,2.97,11.5,15.3,100,81,Sumenep,-6.9924,113.8607
2018-03-09,30.0,23.5,26.3,8.9,8.9,4.38,12.0,21.77,98,77,Sumenep,-6.9924,113.8607
2018-03-10,30.2,23.4,26.0,10.1,10.1,3.94,8.9,19.75,97,71,Sumenep,-6.9924,113.8607
2018-03-11,29.0,23.4,25.7,13.7,13.7,3.48,7.6,17.46,99,76,Sumenep,-6.9924,113.8607
2018-03-12,29.8,23.0,25.7,13.3,13.3,4.07,6.3,20.37,99,73,Sumenep,-6.9924,113.8607
2018-03-13,28.3,23.2,25.2,22.7,22.7,2.8,12.7,14.43,100,78,Sumenep,-6.9924,113.8607
2018-03-14,29.6,23.4,25.8,5.6,5.6,3.89,10.2,19.5,100,65,Sumenep,-6.9924,113.8607
2018-03-15,30.1,23.2,26.8,1.3,1.3,4.75,9.4,23.52,100,64,Sumenep,-6.9924,113.8607
2018-03-16,29.5,23.5,25.8,24.3,24.3,4.34,9.7,22.5,99,74,Sumenep,-6.9924,113.8607
2018-03-17,28.6,23.0,25.2,30.0,30.0,3.99,9.1,20.82,100,78,Sumenep,-6.9924,113.8607
2018-03-18,29.5,22.8,25.6,15.5,15.5,4.16,8.7,21.28,98,71,Sumenep,-6.9924,113.8607
2018-03-19,29.8,22.8,26.2,2.6,2.6,4.65,8.4,23.62,99,69,Sumenep,-6.9924,113.8607
2018-03-20,30.7,24.2,27.1,0.2,0.2,5.15,9.9,25.39,97,60,Sumenep,-6.9924,113.8607
2018-03-21,29.1,24.6,26.4,7.8,7.8,4.14,20.9,21.94,94,75,Sumenep,-6.9924,113.8607
2018-03-22,27.8,23.2,25.1,17.5,17.5,2.89,14.9,15.31,98,78,Sumenep,-6.9924,113.8607
2018-03-23,30.2,23.3,26.5,0.6,0.6,4.92,9.3,24.3,98,63,Sumenep,-6.9924,113.8607
2018-03-24,30.0,24.4,26.7,8.0,8.0,4.54,9.3,22.68,96,71,Sumenep,-6.9924,113.8607
2018-03-25,30.1,24.0,26.3,10.8,10.8,4.6,7.9,23.12,98,68,Sumenep,-6.9924,113.8607
2018-03-26,29.5,23.8,26.2,6.3,6.3,4.29,6.2,21.63,96,76,Sumenep,-6.9924,113.8607
2018-03-27,30.1,24.5,26.5,5.4,5.4,3.94,10.5,19.53,96,69,Sumenep,-6.9924,113.8607
2018-03-28,29.8,24.0,26.8,1.0,1.0,4.67,9.4,23.36,96,66,Sumenep,-6.9924,113.8607
2018-03-29,30.5,24.0,27.2,1.6,1.6,5.06,9.7,24.85,96,64,Sumenep,-6.9924,113.8607
2018-03-30,29.5,23.4,26.4,17.0,17.0,4.27,13.2,22.11,98,75,Sumenep,-6.9924,113.8607
2018-03-31,30.1,24.5,26.5,7.5,7.5,4.31,12.3,21.9,95,69,Sumenep,-6.9924,113.8607
2018-04-01,30.8,23.6,26.7,2.5,2.5,4.47,10.0,22.33,98,64,Sumenep,-6.9924,113.8607
2018-04-02,30.0,23.2,26.2,9.5,9.5,4.16,7.3,20.92,98,78,Sumenep,-6.9924,113.8607
2018-04-03,30.3,23.3,26.7,2.3,2.3,4.56,9.3,22.83,100,64,Sumenep,-6.9924,113.8607
2018-04-04,30.2,23.5,26.8,1.1,1.1,4.75,6.2,23.72,100,65,Sumenep,-6.9924,113.8607
2018-04-05,30.1,24.9,27.3,1.0,1.0,4.83,11.9,24.26,95,67,Sumenep,-6.9924,113.8607
2018-04-06,30.3,25.1,27.5,1.1,1.1,4.87,12.1,24.23,95,67,Sumenep,-6.9924,113.8607
2018-04-07,29.2,24.4,26.4,2.8,2.8,3.89,12.3,19.84,97,73,Sumenep,-6.9924,113.8607
2018-04-08,29.6,24.0,26.1,17.1,17.1,3.81,10.8,19.69,99,75,Sumenep,-6.9924,113.8607
2018-04-09,29.5,23.8,26.8,3.1,3.1,4.11,11.5,20.58,98,70,Sumenep,-6.9924,113.8607
2018-04-10,29.9,25.2,27.4,2.6,2.6,4.62,14.5,23.05,91,68,Sumenep,-6.9924,113.8607
2018-04-11,30.3,25.8,27.8,0.6,0.6,4.81,14.2,23.35,91,66,Sumenep,-6.9924,113.8607
2018-04-12,30.6,25.0,27.6,0.3,0.3,4.38,10.8,21.68,96,68,Sumenep,-6.9924,113.8607
2018-04-13,30.4,25.4,27.6,0.9,0.9,4.62,15.1,22.98,95,69,Sumenep,-6.9924,113.8607
2018-04-14,29.9,25.8,27.5,2.2,2.2,4.47,15.8,22.78,95,72,Sumenep,-6.9924,113.8607
2018-04-15,31.1,25.4,27.7,0.7,0.7,4.91,12.3,23.88,95,62,Sumenep,-6.9924,113.8607
2018-04-16,31.0,25.3,27.5,1.8,1.8,4.59,10.7,22.52,97,68,Sumenep,-6.9924,113.8607
2018-04-17,30.5,24.4,26.7,5.6,5.6,4.1,8.2,20.58,99,71,Sumenep,-6.9924,113.8607
2018-04-18,30.2,23.9,26.6,3.4,3.4,4.19,9.3,21.21,99,71,Sumenep,-6.9924,113.8607
2018-04-19,30.4,24.4,27.1,1.7,1.7,4.42,9.8,21.95,99,69,Sumenep,-6.9924,113.8607
2018-04-20,30.4,24.9,27.1,6.8,6.8,4.16,9.4,20.82,96,69,Sumenep,-6.9924,113.8607
2018-04-21,30.1,24.4,26.9,1.8,1.8,3.87,10.4,19.44,100,72,Sumenep,-6.9924,113.8607
2018-04-22,28.9,24.6,26.8,8.4,8.4,3.45,14.9,17.53,97,76,Sumenep,-6.9924,113.8607
2018-04-23,29.6,24.4,26.7,12.1,12.1,3.63,15.3,18.87,98,77,Sumenep,-6.9924,113.8607
2018-04-24,30.5,24.4,27.4,0.5,0.5,4.44,13.2,21.9,99,64,Sumenep,-6.9924,113.8607
2018-04-25,30.4,24.5,27.3,0.4,0.4,4.47,11.1,21.94,94,64,Sumenep,-6.9924,113.8607
2018-04-26,29.9,24.8,26.9,0.9,0.9,4.28,11.7,21.37,96,66,Sumenep,-6.9924,113.8607
2018-04-27,30.4,24.9,27.4,0.3,0.3,4.68,14.5,22.78,93,63,Sumenep,-6.9924,113.8607
2018-04-28,30.4,25.1,27.4,0.6,0.6,4.63,13.1,22.79,93,65,Sumenep,-6.9924,113.8607
2018-04-29,30.5,25.9,27.6,0.0,0.0,5.33,16.8,24.18,90,58,Sumenep,-6.9924,113.8607
2018-04-30,29.5,25.5,27.2,0.7,0.7,4.67,15.3,21.95,86,64,Sumenep,-6.9924,113.8607
2018-05-01,29.6,24.9,26.9,0.1,0.1,4.53,16.7,21.76,89,66,Sumenep,-6.9924,113.8607
2018-05-02,30.1,24.2,27.0,0.0,0.0,4.98,12.7,23.3,92,58,Sumenep,-6.9924,113.8607
2018-05-03,29.8,24.1,26.8,0.0,0.0,4.33,12.2,20.28,92,52,Sumenep,-6.9924,113.8607
2018-05-04,30.0,24.3,26.8,0.0,0.0,4.86,14.3,23.45,92,57,Sumenep,-6.9924,113.8607
2018-05-05,30.4,24.8,27.4,0.2,0.2,4.7,15.2,21.93,91,60,Sumenep,-6.9924,113.8607
2018-05-06,30.5,25.4,27.7,0.8,0.8,4.63,20.1,21.39,89,63,Sumenep,-6.9924,113.8607
2018-05-07,30.2,25.2,27.5,0.7,0.7,4.54,17.7,21.65,93,65,Sumenep,-6.9924,113.8607
2018-05-08,30.2,25.6,27.6,0.0,0.0,4.89,13.7,22.64,89,60,Sumenep,-6.9924,113.8607
2018-05-09,29.5,24.9,27.1,1.6,1.6,4.32,15.5,20.16,92,63,Sumenep,-6.9924,113.8607
2018-05-10,30.1,25.5,27.4,0.0,0.0,4.73,17.5,21.9,87,63,Sumenep,-6.9924,113.8607
2018-05-11,30.5,25.7,27.8,0.1,0.1,4.93,15.8,22.5,89,59,Sumenep,-6.9924,113.8607
2018-05-12,30.4,25.2,27.8,0.0,0.0,4.7,15.4,20.84,88,62,Sumenep,-6.9924,113.8607
2018-05-13,30.1,25.9,27.7,0.6,0.6,4.54,16.9,20.75,89,65,Sumenep,-6.9924,113.8607
2018-05-14,30.4,26.1,27.9,3.6,3.6,4.45,18.3,20.0,87,64,Sumenep,-6.9924,113.8607
2018-05-15,29.6,26.1,27.6,4.8,4.8,3.84,16.1,17.14,87,72,Sumenep,-6.9924,113.8607
2018-05-16,29.5,24.7,27.5,8.3,8.3,3.62,20.1,16.06,94,71,Sumenep,-6.9924,113.8607
2018-05-17,30.0,26.0,27.6,0.7,0.7,4.08,15.1,18.48,90,67,Sumenep,-6.9924,113.8607
2018-05-18,29.5,26.0,27.5,0.7,0.7,4.33,15.5,19.45,86,68,Sumenep,-6.9924,113.8607
2018-05-19,30.0,25.6,27.4,2.7,2.7,4.25,16.9,19.87,89,65,Sumenep,-6.9924,113.8607
2018-05-20,30.0,26.0,27.6,0.7,0.7,4.29,16.0,19.3,87,65,Sumenep,-6.9924,113.8607
2018-05-21,29.3,25.1,27.1,8.4,8.4,3.58,16.2,16.65,94,68,Sumenep,-6.9924,113.8607
2018-05-22,30.0,25.2,27.5,1.9,1.9,4.22,19.2,19.41,91,67,Sumenep,-6.9924,113.8607
2018-05-23,29.9,25.2,27.4,2.4,2.4,3.77,17.2,17.4,91,66,Sumenep,-6.9924,113.8607
2018-05-24,29.8,25.2,27.1,1.6,1.6,3.71,16.7,18.14,92,73,Sumenep,-6.9924,113.8607
2018-05-25,30.3,26.2,27.6,2.2,2.2,3.69,15.6,16.95,89,70,Sumenep,-6.9924,113.8607
2018-05-26,29.8,25.6,27.5,1.7,1.7,4.05,18.7,18.94,92,70,Sumenep,-6.9924,113.8607
2018-05-27,30.0,25.9,27.8,0.0,0.0,4.42,16.5,19.97,88,62,Sumenep,-6.9924,113.8607
2018-05-28,30.2,24.2,27.4,0.0,0.0,4.54,14.1,21.19,93,58,Sumenep,-6.9924,113.8607
2018-05-29,29.9,24.6,27.3,0.0,0.0,4.67,20.8,21.57,96,58,Sumenep,-6.9924,113.8607
2018-05-30,29.5,24.7,26.9,0.0,0.0,4.63,13.3,21.41,88,58,Sumenep,-6.9924,113.8607
2018-05-31,29.5,24.2,26.5,0.0,0.0,4.08,11.2,19.73,94,57,Sumenep,-6.9924,113.8607
2018-06-01,29.6,24.0,26.7,0.0,0.0,4.4,11.4,21.4,91,58,Sumenep,-6.9924,113.8607
2018-06-02,30.2,23.5,26.6,0.3,0.3,4.32,12.5,20.98,95,57,Sumenep,-6.9924,113.8607
2018-06-03,30.0,24.1,26.9,0.2,0.2,4.23,14.8,20.07,96,64,Sumenep,-6.9924,113.8607
2018-06-04,30.8,24.9,27.2,0.0,0.0,4.21,14.2,19.56,92,58,Sumenep,-6.9924,113.8607
2018-06-05,31.1,23.9,27.4,0.0,0.0,4.31,11.4,20.39,95,59,Sumenep,-6.9924,113.8607
2018-06-06,30.4,24.2,27.1,1.0,1.0,3.65,10.0,17.37,96,65,Sumenep,-6.9924,113.8607
2018-06-07,30.7,25.2,27.5,1.5,1.5,4.19,14.7,19.89,94,64,Sumenep,-6.9924,113.8607
2018-06-08,30.0,24.9,27.3,2.4,2.4,4.02,17.8,19.5,93,68,Sumenep,-6.9924,113.8607
2018-06-09,29.6,25.5,27.2,0.9,0.9,3.92,16.3,17.69,91,64,Sumenep,-6.9924,113.8607
2018-06-10,30.4,24.7,27.5,0.0,0.0,4.5,15.3,20.12,87,61,Sumenep,-6.9924,113.8607
2018-06-11,30.4,25.5,27.8,5.8,5.8,4.3,17.2,18.65,91,63,Sumenep,-6.9924,113.8607
2018-06-12,31.3,26.1,28.2,0.0,0.0,4.7,15.1,20.07,87,54,Sumenep,-6.9924,113.8607
2018-06-13,30.4,25.0,27.4,0.0,0.0,4.94,16.8,20.97,92,51,Sumenep,-6.9924,113.8607
2018-06-14,30.1,23.5,26.9,0.0,0.0,5.06,17.1,21.61,84,51,Sumenep,-6.9924,113.8607
2018-06-15,29.7,24.2,26.8,0.0,0.0,4.91,17.0,21.41,82,59,Sumenep,-6.9924,113.8607
2018-06-16,29.7,24.1,26.9,0.5,0.5,4.32,14.4,19.28,88,61,Sumenep,-6.9924,113.8607
2018-06-17,30.4,24.6,27.2,0.2,0.2,4.53,21.6,19.03,88,57,Sumenep,-6.9924,113.8607
2018-06-18,30.0,25.0,27.1,1.6,1.6,4.41,19.3,18.81,87,57,Sumenep,-6.9924,113.8607
2018-06-19,28.1,24.6,26.2,4.1,4.1,2.9,16.8,12.84,94,74,Sumenep,-6.9924,113.8607
2018-06-20,29.0,24.7,26.6,7.9,7.9,3.1,17.2,13.41,99,68,Sumenep,-6.9924,113.8607
2018-06-21,28.6,23.4,26.0,8.6,8.6,2.82,16.1,13.16,98,71,Sumenep,-6.9924,113.8607
2018-06-22,29.6,24.4,26.9,1.6,1.6,3.99,17.1,18.43,93,65,Sumenep,-6.9924,113.8607
2018-06-23,29.3,24.4,26.8,2.2,2.2,4.06,16.4,18.58,95,66,Sumenep,-6.9924,113.8607
2018-06-24,29.5,24.5,27.0,1.0,1.0,4.17,18.4,18.61,91,64,Sumenep,-6.9924,113.8607
2018-06-25,29.8,25.5,27.2,0.4,0.4,4.3,15.5,18.67,86,61,Sumenep,-6.9924,113.8607
2018-06-26,29.5,24.1,26.8,0.0,0.0,4.19,15.9,18.31,94,59,Sumenep,-6.9924,113.8607
2018-06-27,29.9,24.5,27.2,0.0,0.0,4.76,18.2,20.45,86,55,Sumenep,-6.9924,113.8607
2018-06-28,29.9,23.6,27.0,0.0,0.0,4.67,19.4,20.33,96,56,Sumenep,-6.9924,113.8607
2018-06-29,29.6,23.6,26.7,0.1,0.1,4.47,17.6,19.88,95,59,Sumenep,-6.9924,113.8607
2018-06-30,29.6,24.4,26.9,0.0,0.0,4.73,20.3,20.78,90,56,Sumenep,-6.9924,113.8607
2018-07-01,29.9,23.8,26.6,0.0,0.0,4.75,16.8,21.33,92,56,Sumenep,-6.9924,113.8607
2018-07-02,30.0,24.2,26.7,0.0,0.0,4.62,15.3,21.14,89,50,Sumenep,-6.9924,113.8607
2018-07-03,30.2,24.2,27.1,0.0,0.0,4.3,12.6,19.26,92,53,Sumenep,-6.9924,113.8607
2018-07-04,30.1,25.2,27.2,0.5,0.5,4.5,22.7,18.2,86,57,Sumenep,-6.9924,113.8607
2018-07-05,29.4,23.8,26.5,0.0,0.0,5.41,25.9,21.49,80,49,Sumenep,-6.9924,113.8607
2018-07-06,29.2,23.5,26.3,0.0,0.0,5.17,18.2,21.16,75,52,Sumenep,-6.9924,113.8607
2018-07-07,29.4,24.3,26.6,0.0,0.0,4.91,19.3,19.86,78,51,Sumenep,-6.9924,113.8607
2018-07-08,29.4,24.5,26.7,0.1,0.1,4.6,17.9,19.82,81,58,Sumenep,-6.9924,113.8607
2018-07-09,29.7,24.6,26.7,0.0,0.0,4.93,18.9,21.59,84,55,Sumenep,-6.9924,113.8607
2018-07-10,29.4,24.6,26.6,0.5,0.5,4.91,20.1,20.29,83,55,Sumenep,-6.9924,113.8607
2018-07-11,29.1,23.2,26.1,0.0,0.0,4.58,14.5,20.83,92,53,Sumenep,-6.9924,113.8607
2018-07-12,29.6,23.8,26.4,0.0,0.0,4.75,14.5,21.19,85,53,Sumenep,-6.9924,113.8607
2018-07-13,29.5,23.3,26.5,0.0,0.0,4.82,18.8,20.88,93,54,Sumenep,-6.9924,113.8607
2018-07-14,29.4,24.5,26.5,0.0,0.0,5.1,17.2,21.55,83,52,Sumenep,-6.9924,113.8607
2018-07-15,29.6,23.5,26.4,0.0,0.0,4.88,16.3,20.97,85,53,Sumenep,-6.9924,113.8607
2018-07-16,29.3,23.7,26.4,0.0,0.0,4.96,15.3,21.61,81,52,Sumenep,-6.9924,113.8607
2018-07-17,29.5,24.6,26.5,0.0,0.0,4.65,17.3,20.86,82,56,Sumenep,-6.9924,113.8607
2018-07-18,29.4,24.4,26.5,0.5,0.5,4.31,17.3,19.41,86,58,Sumenep,-6.9924,113.8607
2018-07-19,30.2,24.2,26.6,0.0,0.0,4.78,17.6,21.72,91,52,Sumenep,-6.9924,113.8607
2018-07-20,30.8,24.3,26.8,0.0,0.0,4.65,16.1,21.41,90,55,Sumenep,-6.9924,113.8607
2018-07-21,29.6,24.9,27.1,0.6,0.6,3.91,16.0,16.64,87,61,Sumenep,-6.9924,113.8607
2018-07-22,31.4,23.5,27.0,4.6,4.6,4.04,15.2,18.87,100,55,Sumenep,-6.9924,113.8607
2018-07-23,30.1,23.6,27.1,0.2,0.2,4.73,19.4,21.11,98,61,Sumenep,-6.9924,113.8607
2018-07-24,29.8,24.6,26.9,0.0,0.0,5.09,18.3,21.82,81,57,Sumenep,-6.9924,113.8607
2018-07-25,29.1,23.5,26.0,0.0,0.0,4.91,16.3,22.49,88,56,Sumenep,-6.9924,113.8607
2018-07-26,29.4,23.4,26.1,0.0,0.0,4.77,17.3,22.03,88,57,Sumenep,-6.9924,113.8607
2018-07-27,30.1,23.5,26.6,0.0,0.0,4.84,17.0,21.92,86,54,Sumenep,-6.9924,113.8607
2018-07-28,29.9,23.1,26.6,0.0,0.0,4.89,15.3,22.38,96,53,Sumenep,-6.9924,113.8607
2018-07-29,30.2,24.0,26.8,0.0,0.0,4.96,15.1,22.32,86,55,Sumenep,-6.9924,113.8607
2018-07-30,29.9,23.8,26.7,0.7,0.7,4.58,18.8,21.19,91,61,Sumenep,-6.9924,113.8607
2018-07-31,30.0,24.8,26.9,0.5,0.5,4.77,17.8,21.05,88,55,Sumenep,-6.9924,113.8607
2018-08-01,30.0,23.6,26.8,0.2,0.2,4.62,18.1,20.8,95,57,Sumenep,-6.9924,113.8607
2018-08-02,30.0,23.8,26.3,0.0,0.0,5.38,18.7,22.66,84,46,Sumenep,-6.9924,113.8607
2018-08-03,29.2,22.8,25.4,0.0,0.0,5.34,21.4,22.95,93,41,Sumenep,-6.9924,113.8607
2018-08-04,28.7,22.0,25.4,0.0,0.0,5.03,15.2,22.73,84,47,Sumenep,-6.9924,113.8607
2018-08-05,29.8,21.8,25.7,0.0,0.0,5.07,15.9,22.57,90,45,Sumenep,-6.9924,113.8607
2018-08-06,29.5,23.3,26.0,0.0,0.0,5.64,17.9,23.17,81,46,Sumenep,-6.9924,113.8607
2018-08-07,29.5,23.4,26.2,0.0,0.0,4.8,17.3,20.99,83,55,Sumenep,-6.9924,113.8607
2018-08-08,30.0,24.3,26.8,0.0,0.0,5.1,20.0,22.66,90,53,Sumenep,-6.9924,113.8607
2018-08-09,30.4,24.2,26.9,0.0,0.0,4.97,17.4,22.8,91,55,Sumenep,-6.9924,113.8607
2018-08-10,30.6,22.7,27.0,0.1,0.1,5.17,17.8,22.95,99,50,Sumenep,-6.9924,113.8607
2018-08-11,30.8,24.2,27.0,0.3,0.3,5.0,18.6,22.19,93,53,Sumenep,-6.9924,113.8607
2018-08-12,30.6,24.2,27.0,0.0,0.0,5.38,17.3,23.22,85,52,Sumenep,-6.9924,113.8607
2018-08-13,30.1,24.4,26.7,0.0,0.0,5.04,16.7,22.56,87,55,Sumenep,-6.9924,113.8607
2018-08-14,30.1,24.2,26.7,0.0,0.0,5.15,20.5,22.35,88,49,Sumenep,-6.9924,113.8607
2018-08-15,29.9,24.2,26.6,0.0,0.0,5.46,15.9,23.75,86,51,Sumenep,-6.9924,113.8607
2018-08-16,29.8,23.2,26.4,0.0,0.0,5.85,14.5,24.3,77,40,Sumenep,-6.9924,113.8607
2018-08-17,30.0,21.2,25.8,0.0,0.0,5.39,18.8,24.21,95,43,Sumenep,-6.9924,113.8607
2018-08-18,29.6,23.4,26.0,0.0,0.0,4.96,16.6,22.92,87,56,Sumenep,-6.9924,113.8607
2018-08-19,29.8,23.6,26.4,0.2,0.2,4.92,17.7,22.67,89,57,Sumenep,-6.9924,113.8607
2018-08-20,29.7,24.3,26.6,1.0,1.0,4.68,16.6,21.85,88,61,Sumenep,-6.9924,113.8607
2018-08-21,30.2,24.5,26.9,0.8,0.8,5.11,15.1,23.14,89,53,Sumenep,-6.9924,113.8607
2018-08-22,30.8,24.5,27.1,0.0,0.0,5.41,16.1,23.64,88,51,Sumenep,-6.9924,113.8607
2018-08-23,30.9,23.6,26.9,0.0,0.0,5.48,15.1,24.16,91,46,Sumenep,-6.9924,113.8607
2018-08-24,30.2,22.3,26.6,0.0,0.0,5.66,18.1,24.33,94,45,Sumenep,-6.9924,113.8607
2018-08-25,30.0,22.6,26.3,0.0,0.0,5.37,13.7,24.32,90,46,Sumenep,-6.9924,113.8607
2018-08-26,30.7,24.0,26.7,0.1,0.1,5.43,19.0,24.08,83,53,Sumenep,-6.9924,113.8607
2018-08-27,30.5,24.4,26.9,2.6,2.6,4.91,17.3,22.48,89,58,Sumenep,-6.9924,113.8607
2018-08-28,29.8,24.5,26.8,2.1,2.1,4.45,15.3,20.4,92,60,Sumenep,-6.9924,113.8607
2018-08-29,30.5,24.4,27.1,0.0,0.0,5.12,12.2,22.96,89,50,Sumenep,-6.9924,113.8607
2018-08-30,31.2,23.5,27.1,0.0,0.0,5.43,14.8,23.99,93,46,Sumenep,-6.9924,113.8607
2018-08-31,30.6,24.7,27.4,0.0,0.0,5.28,14.5,23.25,86,56,Sumenep,-6.9924,113.8607
2018-09-01,31.2,24.0,27.3,0.5,0.5,4.85,15.1,22.42,96,52,Sumenep,-6.9924,113.8607
2018-09-02,31.2,23.4,27.2,0.1,0.1,5.44,16.8,24.34,96,48,Sumenep,-6.9924,113.8607
2018-09-03,30.6,23.9,26.8,0.3,0.3,5.8,20.1,24.81,86,41,Sumenep,-6.9924,113.8607
2018-09-04,30.8,21.8,26.6,0.0,0.0,5.58,14.2,24.62,96,41,Sumenep,-6.9924,113.8607
2018-09-05,31.3,23.2,27.4,0.0,0.0,5.32,17.0,22.12,94,45,Sumenep,-6.9924,113.8607
2018-09-06,31.1,24.6,27.5,0.0,0.0,5.35,15.9,23.13,83,45,Sumenep,-6.9924,113.8607
2018-09-07,31.0,24.8,27.4,0.0,0.0,5.64,20.0,24.76,87,52,Sumenep,-6.9924,113.8607
2018-09-08,31.6,24.1,27.4,0.0,0.0,5.69,18.4,25.2,94,47,Sumenep,-6.9924,113.8607
2018-09-09,31.2,24.2,27.4,0.0,0.0,5.8,17.6,25.33,88,46,Sumenep,-6.9924,113.8607
2018-09-10,31.2,25.3,27.7,0.0,0.0,5.93,19.6,24.25,84,48,Sumenep,-6.9924,113.8607
2018-09-11,32.0,21.8,27.1,0.0,0.0,5.73,17.1,25.61,100,42,Sumenep,-6.9924,113.8607
2018-09-12,32.7,23.8,27.3,0.0,0.0,5.82,13.3,25.83,91,29,Sumenep,-6.9924,113.8607
2018-09-13,32.2,21.8,27.0,0.0,0.0,6.17,18.1,26.31,91,31,Sumenep,-6.9924,113.8607
2018-09-14,30.6,23.0,26.7,0.0,0.0,5.88,16.3,25.31,90,39,Sumenep,-6.9924,113.8607
2018-09-15,30.5,23.4,26.5,0.0,0.0,5.71,16.4,25.4,87,45,Sumenep,-6.9924,113.8607
2018-09-16,30.8,24.4,27.1,0.1,0.1,5.59,18.7,24.7,85,52,Sumenep,-6.9924,113.8607
2018-09-17,31.4,24.0,27.4,0.1,0.1,5.58,17.9,24.27,92,50,Sumenep,-6.9924,113.8607
2018-09-18,31.5,25.0,27.8,0.0,0.0,5.83,19.8,25.01,85,48,Sumenep,-6.9924,113.8607
2018-09-19,32.4,25.0,28.0,0.0,0.0,4.9,12.0,22.74,92,45,Sumenep,-6.9924,113.8607
2018-09-20,32.6,23.6,27.6,0.0,0.0,5.04,13.0,22.04,99,44,Sumenep,-6.9924,113.8607
2018-09-21,32.6,23.9,27.9,0.0,0.0,5.62,15.6,25.55,99,44,Sumenep,-6.9924,113.8607
2018-09-22,31.9,24.4,27.7,0.8,0.8,5.7,18.1,25.28,96,48,Sumenep,-6.9924,113.8607
2018-09-23,32.2,24.5,27.9,0.0,0.0,5.94,16.6,25.46,94,43,Sumenep,-6.9924,113.8607
2018-09-24,32.8,24.9,28.1,0.0,0.0,6.08,18.8,26.13,89,42,Sumenep,-6.9924,113.8607
2018-09-25,32.2,24.5,27.9,0.0,0.0,5.9,15.5,25.97,90,48,Sumenep,-6.9924,113.8607
2018-09-26,32.1,24.5,27.9,0.0,0.0,6.04,15.3,26.36,91,42,Sumenep,-6.9924,113.8607
2018-09-27,32.3,23.6,27.8,0.0,0.0,6.27,15.0,26.94,86,37,Sumenep,-6.9924,113.8607
2018-09-28,31.5,24.6,27.6,0.0,0.0,6.14,17.6,26.42,91,44,Sumenep,-6.9924,113.8607
2018-09-29,31.0,24.8,27.5,0.4,0.4,5.37,17.6,23.79,91,55,Sumenep,-6.9924,113.8607
2018-09-30,31.5,25.0,27.8,0.1,0.1,5.73,20.1,24.86,88,50,Sumenep,-6.9924,113.8607
2018-10-01,32.1,25.6,28.2,0.9,0.9,5.6,16.3,24.42,88,51,Sumenep,-6.9924,113.8607
2018-10-02,31.8,25.0,28.0,0.7,0.7,5.59,17.9,25.21,92,55,Sumenep,-6.9924,113.8607
2018-10-03,31.4,25.4,27.8,0.8,0.8,5.23,17.7,23.16,90,55,Sumenep,-6.9924,113.8607
2018-10-04,31.5,24.7,27.7,0.3,0.3,5.8,17.8,25.43,91,52,Sumenep,-6.9924,113.8607
2018-10-05,31.5,25.0,27.8,0.0,0.0,5.92,18.2,26.27,88,50,Sumenep,-6.9924,113.8607
2018-10-06,31.6,25.3,28.0,0.7,0.7,5.71,20.5,24.33,86,54,Sumenep,-6.9924,113.8607
2018-10-07,32.5,24.5,28.1,0.0,0.0,6.3,21.3,26.87,94,42,Sumenep,-6.9924,113.8607
2018-10-08,32.3,24.6,28.1,0.0,0.0,6.29,19.1,26.51,89,45,Sumenep,-6.9924,113.8607
2018-10-09,33.0,23.6,28.2,0.0,0.0,6.26,16.3,26.77,98,38,Sumenep,-6.9924,113.8607
2018-10-10,32.2,23.2,27.9,0.0,0.0,5.99,15.3,26.47,100,48,Sumenep,-6.9924,113.8607
2018-10-11,32.7,23.6,28.0,0.0,0.0,6.1,16.3,27.05,95,44,Sumenep,-6.9924,113.8607
2018-10-12,33.4,23.5,28.3,0.0,0.0,6.06,13.7,26.88,95,42,Sumenep,-6.9924,113.8607
2018-10-13,33.7,25.0,29.0,0.0,0.0,5.92,11.5,25.62,92,34,Sumenep,-6.9924,113.8607
2018-10-14,32.8,23.5,28.3,0.1,0.1,5.08,7.6,23.59,100,43,Sumenep,-6.9924,113.8607
2018-10-15,33.8,23.6,28.8,0.0,0.0,6.0,15.4,25.33,99,40,Sumenep,-6.9924,113.8607
2018-10-16,34.0,24.5,28.8,0.0,0.0,6.21,16.1,26.63,96,37,Sumenep,-6.9924,113.8607
2018-10-17,33.0,24.8,28.5,0.1,0.1,5.48,10.5,25.0,96,47,Sumenep,-6.9924,113.8607
2018-10-18,33.2,24.2,28.7,0.0,0.0,5.84,14.9,25.38,98,44,Sumenep,-6.9924,113.8607
2018-10-19,33.0,24.9,28.6,0.0,0.0,6.29,16.8,26.62,89,39,Sumenep,-6.9924,113.8607
2018-10-20,33.3,24.5,28.4,0.0,0.0,6.32,18.4,26.86,90,41,Sumenep,-6.9924,113.8607
2018-10-21,33.2,24.2,28.4,0.0,0.0,5.98,15.3,26.02,94,43,Sumenep,-6.9924,113.8607
2018-10-22,33.5,25.2,29.0,0.0,0.0,6.38,14.7,26.86,92,38,Sumenep,-6.9924,113.8607
2018-10-23,34.4,24.0,29.3,0.0,0.0,5.83,10.2,26.57,96,40,Sumenep,-6.9924,113.8607
2018-10-24,34.0,25.2,29.2,0.6,0.6,5.62,9.4,25.6,93,45,Sumenep,-6.9924,113.8607
2018-10-25,33.5,24.7,28.8,0.2,0.2,5.8,13.8,25.29,96,45,Sumenep,-6.9924,113.8607
2018-10-26,33.3,24.5,29.0,0.0,0.0,6.22,15.6,26.35,97,41,Sumenep,-6.9924,113.8607
2018-10-27,33.5,23.8,28.9,0.0,0.0,6.36,14.4,26.95,99,41,Sumenep,-6.9924,113.8607
2018-10-28,33.2,24.8,28.7,0.4,0.4,5.65,13.5,24.48,93,46,Sumenep,-6.9924,113.8607
2018-10-29,31.9,25.4,28.3,1.8,1.8,4.85,10.0,22.2,86,53,Sumenep,-6.9924,113.8607
2018-10-30,33.8,24.8,28.7,0.0,0.0,6.31,16.3,27.48,94,32,Sumenep,-6.9924,113.8607
2018-10-31,33.1,23.4,28.2,0.1,0.1,5.93,14.3,25.61,100,41,Sumenep,-6.9924,113.8607
2018-11-01,32.7,25.3,28.6,0.0,0.0,6.13,17.4,26.1,84,47,Sumenep,-6.9924,113.8607
2018-11-02,32.1,25.9,28.5,1.6,1.6,5.03,16.9,21.52,89,54,Sumenep,-6.9924,113.8607
2018-11-03,33.6,25.7,29.3,0.2,0.2,6.06,17.1,25.69,93,48,Sumenep,-6.9924,113.8607
2018-11-04,33.7,25.3,29.3,1.6,1.6,5.57,13.5,24.05,88,47,Sumenep,-6.9924,113.8607
2018-11-05,32.8,25.2,29.2,0.9,0.9,5.56,14.9,23.78,95,51,Sumenep,-6.9924,113.8607
2018-11-06,32.7,25.7,29.0,1.2,1.2,5.25,14.8,23.04,93,55,Sumenep,-6.9924,113.8607
2018-11-07,32.2,25.2,28.2,9.1,9.1,4.5,12.1,20.64,97,59,Sumenep,-6.9924,113.8607
2018-11-08,30.6,24.8,27.0,6.1,6.1,3.71,12.0,17.78,98,63,Sumenep,-6.9924,113.8607
2018-11-09,30.4,24.9,26.7,14.9,14.9,3.38,12.7,16.42,99,70,Sumenep,-6.9924,113.8607
2018-11-10,31.5,24.7,28.0,1.3,1.3,4.9,12.0,23.46,99,64,Sumenep,-6.9924,113.8607
2018-11-11,32.0,23.9,28.1,1.0,1.0,5.06,9.1,23.95,99,52,Sumenep,-6.9924,113.8607
2018-11-12,32.2,24.5,28.0,1.8,1.8,4.66,5.2,22.17,96,55,Sumenep,-6.9924,113.8607
2018-11-13,32.2,25.5,28.1,1.9,1.9,4.5,10.9,20.96,99,58,Sumenep,-6.9924,113.8607
2018-11-14,32.3,24.9,28.2,2.2,2.2,4.98,9.3,23.57,100,59,Sumenep,-6.9924,113.8607
2018-11-15,33.0,24.9,28.8,1.2,1.2,5.06,14.8,22.92,98,52,Sumenep,-6.9924,113.8607
2018-11-16,34.5,25.6,29.6,0.0,0.0,5.92,12.7,25.4,96,44,Sumenep,-6.9924,113.8607
2018-11-17,33.5,26.0,28.9,4.0,4.0,4.69,9.4,21.33,97,55,Sumenep,-6.9924,113.8607
2018-11-18,30.6,25.0,27.4,12.2,12.2,3.82,9.2,18.69,100,66,Sumenep,-6.9924,113.8607
2018-11-19,32.7,24.8,28.4,0.7,0.7,5.31,9.5,25.32,99,57,Sumenep,-6.9924,113.8607
2018-11-20,32.2,24.4,28.1,1.7,1.7,4.81,12.0,22.54,96,61,Sumenep,-6.9924,113.8607
2018-11-21,31.9,24.9,28.0,2.5,2.5,5.07,10.6,24.05,100,59,Sumenep,-6.9924,113.8607
2018-11-22,32.0,24.5,28.0,0.5,0.5,4.97,12.4,23.48,96,55,Sumenep,-6.9924,113.8607
2018-11-23,32.8,24.5,28.4,1.1,1.1,5.4,10.5,24.56,96,45,Sumenep,-6.9924,113.8607
2018-11-24,31.0,25.0,27.6,3.9,3.9,4.18,10.9,19.75,92,60,Sumenep,-6.9924,113.8607
2018-11-25,30.8,24.5,26.8,26.0,26.0,4.3,10.4,21.15,99,64,Sumenep,-6.9924,113.8607
2018-11-26,27.5,23.7,24.9,19.4,19.4,1.8,9.0,8.84,100,80,Sumenep,-6.9924,113.8607
2018-11-27,30.2,23.5,26.4,10.8,10.8,3.92,7.2,19.56,100,68,Sumenep,-6.9924,113.8607
2018-11-28,30.0,24.3,26.7,3.9,3.9,4.18,8.1,20.81,100,67,Sumenep,-6.9924,113.8607
2018-11-29,30.6,24.5,26.5,22.5,22.5,4.06,7.6,20.15,100,68,Sumenep,-6.9924,113.8607
2018-11-30,29.0,23.8,26.0,11.8,11.8,2.67,9.7,13.22,100,78,Sumenep,-6.9924,113.8607
2018-12-01,29.0,23.9,25.9,18.9,18.9,3.33,9.8,16.8,100,73,Sumenep,-6.9924,113.8607
2018-12-02,30.2,23.8,26.8,2.8,2.8,4.66,12.2,23.04,99,66,Sumenep,-6.9924,113.8607
2018-12-03,29.0,24.6,26.6,2.3,2.3,3.02,12.8,14.38,95,70,Sumenep,-6.9924,113.8607
2018-12-04,30.0,24.9,27.3,3.8,3.8,4.34,14.1,21.36,100,67,Sumenep,-6.9924,113.8607
2018-12-05,30.8,24.5,27.0,8.3,8.3,4.32,11.9,21.42,99,69,Sumenep,-6.9924,113.8607
2018-12-06,30.5,24.2,26.9,5.7,5.7,4.37,9.3,21.9,99,70,Sumenep,-6.9924,113.8607
2018-12-07,30.9,24.8,27.7,1.9,1.9,4.65,7.1,22.62,100,66,Sumenep,-6.9924,113.8607
2018-12-08,31.7,25.1,27.5,3.1,3.1,4.68,12.2,22.95,100,60,Sumenep,-6.9924,113.8607
2018-12-09,29.1,24.8,26.0,18.7,18.7,1.82,9.8,8.91,99,80,Sumenep,-6.9924,113.8607
2018-12-10,30.7,24.4,27.5,3.3,3.3,4.65,10.6,22.78,99,70,Sumenep,-6.9924,113.8607
2018-12-11,31.4,24.7,27.5,3.3,3.3,4.36,11.5,21.2,99,68,Sumenep,-6.9924,113.8607
2018-12-12,29.9,24.5,26.6,9.4,9.4,3.43,9.8,17.02,100,76,Sumenep,-6.9924,113.8607
2018-12-13,27.5,23.5,25.4,10.7,10.7,1.99,8.7,9.77,100,81,Sumenep,-6.9924,113.8607
2018-12-14,30.4,24.2,26.8,8.4,8.4,4.45,9.3,21.68,99,68,Sumenep,-6.9924,113.8607
2018-12-15,30.0,24.0,26.4,16.3,16.3,4.28,9.4,21.31,100,72,Sumenep,-6.9924,113.8607
2018-12-16,30.8,24.2,27.3,1.0,1.0,3.83,9.1,18.2,98,61,Sumenep,-6.9924,113.8607
2018-12-17,31.1,25.1,28.0,0.2,0.2,5.0,12.5,23.32,94,54,Sumenep,-6.9924,113.8607
2018-12-18,30.2,25.4,27.0,4.8,4.8,3.57,12.0,17.3,98,67,Sumenep,-6.9924,113.8607
2018-12-19,29.6,24.0,26.3,27.7,27.7,3.46,5.6,17.21,100,78,Sumenep,-6.9924,113.8607
2018-12-20,29.1,24.5,26.2,7.1,7.1,3.86,7.3,19.36,100,73,Sumenep,-6.9924,113.8607
2018-12-21,28.2,23.9,25.9,12.9,12.9,2.91,12.0,14.54,99,75,Sumenep,-6.9924,113.8607
2018-12-22,30.9,23.8,26.4,17.0,17.0,3.89,10.8,19.04,100,63,Sumenep,-6.9924,113.8607
2018-12-23,29.9,23.5,25.6,30.2,30.2,2.8,10.2,13.6,100,73,Sumenep,-6.9924,113.8607
2018-12-24,26.9,23.8,25.2,13.0,13.0,1.47,12.8,7.08,99,84,Sumenep,-6.9924,113.8607
2018-12-25,29.6,23.9,26.0,13.1,13.1,3.46,9.6,17.28,99,70,Sumenep,-6.9924,113.8607
2018-12-26,30.9,23.2,26.5,1.0,1.0,4.26,9.8,20.91,99,63,Sumenep,-6.9924,113.8607
2018-12-27,30.1,23.8,26.6,12.0,12.0,4.65,12.8,23.31,99,66,Sumenep,-6.9924,113.8607
2018-12-28,30.8,23.7,26.8,0.8,0.8,3.57,14.3,16.47,96,61,Sumenep,-6.9924,113.8607
2018-12-29,31.5,24.0,27.8,16.8,16.8,4.75,16.3,21.96,99,61,Sumenep,-6.9924,113.8607
2018-12-30,30.4,23.9,26.8,11.5,11.5,3.63,18.9,17.53,99,64,Sumenep,-6.9924,113.8607
2018-12-31,28.3,25.2,26.9,3.9,3.9,2.96,17.3,13.16,91,78,Sumenep,-6.9924,113.8607
2019-01-01,28.5,24.6,26.6,3.4,3.4,3.58,23.6,17.13,93,73,Sumenep,-6.9924,113.8607
2019-01-02,29.5,24.3,26.4,13.2,13.2,3.2,15.1,14.76,99,66,Sumenep,-6.9924,113.8607
2019-01-03,27.4,23.4,24.7,37.8,37.8,1.63,16.4,8.23,99,81,Sumenep,-6.9924,113.8607
2019-01-04,26.8,23.2,25.2,8.4,8.4,2.29,15.9,12.73,99,86,Sumenep,-6.9924,113.8607
2019-01-05,29.2,23.7,26.3,6.5,6.5,3.94,13.0,20.16,98,71,Sumenep,-6.9924,113.8607
2019-01-06,30.5,23.6,27.0,2.8,2.8,4.85,9.0,24.03,100,66,Sumenep,-6.9924,113.8607
2019-01-07,30.8,24.2,26.7,8.2,8.2,4.58,8.1,22.51,100,69,Sumenep,-6.9924,113.8607
2019-01-08,30.2,23.1,26.6,5.9,5.9,4.58,8.2,22.86,100,68,Sumenep,-6.9924,113.8607
2019-01-09,29.6,24.2,26.7,2.9,2.9,4.19,13.4,21.44,100,76,Sumenep,-6.9924,113.8607
2019-01-10,30.3,24.4,26.9,2.9,2.9,4.26,9.8,21.38,99,69,Sumenep,-6.9924,113.8607
2019-01-11,30.6,24.4,26.8,5.0,5.0,4.37,9.5,21.83,100,70,Sumenep,-6.9924,113.8607
2019-01-12,30.1,24.0,26.3,11.9,11.9,4.19,7.8,21.21,99,72,Sumenep,-6.9924,113.8607
2019-01-13,29.5,24.2,26.5,4.4,4.4,3.81,9.7,19.14,100,77,Sumenep,-6.9924,113.8607
2019-01-14,29.1,23.5,26.3,5.4,5.4,4.24,15.6,22.04,98,72,Sumenep,-6.9924,113.8607
2019-01-15,29.7,24.0,26.2,16.3,16.3,3.73,14.0,19.25,99,78,Sumenep,-6.9924,113.8607
2019-01-16,25.7,23.4,24.6,43.4,43.4,0.77,14.0,3.33,99,91,Sumenep,-6.9924,113.8607
2019-01-17,28.6,24.0,25.6,17.2,17.2,2.67,15.8,13.39,99,76,Sumenep,-6.9924,113.8607
2019-01-18,29.6,23.5,25.8,22.9,22.9,3.44,15.0,17.4,99,72,Sumenep,-6.9924,113.8607
2019-01-19,27.3,23.4,25.2,52.4,52.4,2.35,8.8,11.67,100,84,Sumenep,-6.9924,113.8607
2019-01-20,29.8,23.8,25.8,37.5,37.5,3.01,10.2,15.07,100,82,Sumenep,-6.9924,113.8607
2019-01-21,31.1,24.0,26.3,24.0,24.0,3.92,14.2,19.69,96,67,Sumenep,-6.9924,113.8607
2019-01-22,30.2,24.4,26.2,13.3,13.3,3.6,28.6,17.65,94,67,Sumenep,-6.9924,113.8607
2019-01-23,27.4,23.8,25.7,6.7,6.7,2.02,22.5,7.55,98,80,Sumenep,-6.9924,113.8607
2019-01-24,29.6,25.1,26.9,0.2,0.2,4.01,24.3,18.67,89,71,Sumenep,-6.9924,113.8607
2019-01-25,28.0,24.6,26.0,6.8,6.8,2.66,27.3,11.83,92,78,Sumenep,-6.9924,113.8607
2019-01-26,28.6,25.1,26.7,5.0,5.0,4.1,25.9,19.81,90,75,Sumenep,-6.9924,113.8607
2019-01-27,27.8,24.5,26.0,5.8,5.8,3.69,24.9,19.29,93,78,Sumenep,-6.9924,113.8607
2019-01-28,27.3,24.2,25.8,8.0,8.0,2.39,20.4,11.78,96,81,Sumenep,-6.9924,113.8607
2019-01-29,28.8,24.8,26.6,0.8,0.8,3.31,17.4,15.97,95,73,Sumenep,-6.9924,113.8607
2019-01-30,29.8,24.0,26.5,8.8,8.8,4.33,10.7,22.04,99,75,Sumenep,-6.9924,113.8607
2019-01-31,29.5,23.0,25.4,25.3,25.3,3.19,10.2,15.91,99,79,Sumenep,-6.9924,113.8607
2019-02-01,29.4,23.4,25.9,10.7,10.7,3.64,10.0,18.44,98,73,Sumenep,-6.9924,113.8607
2019-02-02,29.3,23.5,26.1,7.0,7.0,3.98,10.8,20.39,99,77,Sumenep,-6.9924,113.8607
2019-02-03,29.7,23.6,26.1,10.6,10.6,3.94,11.5,20.2,100,70,Sumenep,-6.9924,113.8607
2019-02-04,28.3,24.1,25.9,19.8,19.8,3.32,17.5,17.55,97,81,Sumenep,-6.9924,113.8607
2019-02-05,27.8,24.0,25.8,16.5,16.5,2.9,18.1,15.63,97,82,Sumenep,-6.9924,113.8607
2019-02-06,28.9,24.4,26.2,2.1,2.1,3.47,15.8,17.99,97,78,Sumenep,-6.9924,113.8607
2019-02-07,30.0,23.7,26.2,13.3,13.3,4.33,10.3,22.15,99,74,Sumenep,-6.9924,113.8607
2019-02-08,29.5,23.0,25.8,16.6,16.6,4.08,8.4,20.64,99,73,Sumenep,-6.9924,113.8607
2019-02-09,29.0,23.5,26.0,11.2,11.2,4.28,9.2,21.55,100,76,Sumenep,-6.9924,113.8607
2019-02-10,29.0,23.5,25.8,20.0,20.0,4.03,11.5,20.71,100,77,Sumenep,-6.9924,113.8607
2019-02-11,28.9,23.1,25.4,25.0,25.0,3.49,9.8,17.57,100,80,Sumenep,-6.9924,113.8607
2019-02-12,27.0,23.1,25.2,6.4,6.4,2.51,14.8,13.04,99,82,Sumenep,-6.9924,113.8607
2019-02-13,27.1,23.5,25.5,9.9,9.9,2.32,12.3,11.88,99,86,Sumenep,-6.9924,113.8607
2019-02-14,29.4,23.8,26.3,4.5,4.5,4.17,5.4,20.97,99,75,Sumenep,-6.9924,113.8607
2019-02-15,29.6,24.6,26.6,5.0,5.0,4.06,11.2,21.08,99,77,Sumenep,-6.9924,113.8607
2019-02-16,29.9,23.6,26.5,2.8,2.8,4.43,9.4,22.19,99,73,Sumenep,-6.9924,113.8607
2019-02-17,30.0,23.4,26.4,1.8,1.8,4.77,4.7,23.74,100,72,Sumenep,-6.9924,113.8607
2019-02-18,29.6,23.9,26.5,4.5,4.5,4.41,9.4,21.96,97,74,Sumenep,-6.9924,113.8607
2019-02-19,29.3,24.3,26.3,6.7,6.7,3.57,7.0,18.04,99,76,Sumenep,-6.9924,113.8607
2019-02-20,30.2,24.5,26.5,10.0,10.0,4.11,9.7,20.75,100,72,Sumenep,-6.9924,113.8607
2019-02-21,29.4,24.8,26.4,9.5,9.5,3.86,9.4,19.64,100,71,Sumenep,-6.9924,113.8607
2019-02-22,30.0,23.7,26.4,12.5,12.5,4.56,7.4,22.66,100,70,Sumenep,-6.9924,113.8607
2019-02-23,30.2,23.7,26.5,2.9,2.9,4.84,6.2,24.35,100,71,Sumenep,-6.9924,113.8607
2019-02-24,30.8,23.8,26.7,6.2,6.2,4.84,7.2,24.14,100,72,Sumenep,-6.9924,113.8607
2019-02-25,30.5,23.9,26.8,3.6,3.6,4.78,8.9,24.07,99,74,Sumenep,-6.9924,113.8607
2019-02-26,30.9,24.8,27.6,0.8,0.8,5.28,15.5,26.28,98,64,Sumenep,-6.9924,113.8607
2019-02-27,30.5,24.8,27.5,1.1,1.1,4.7,11.9,23.58,97,72,Sumenep,-6.9924,113.8607
2019-02-28,30.1,24.6,27.2,2.7,2.7,4.49,11.8,22.69,99,71,Sumenep,-6.9924,113.8607
2019-03-01,29.6,25.1,26.7,7.1,7.1,3.93,13.0,20.63,98,80,Sumenep,-6.9924,113.8607
2019-03-02,29.1,23.9,25.9,23.1,23.1,3.54,8.3,17.97,100,78,Sumenep,-6.9924,113.8607
2019-03-03,30.1,23.5,26.4,7.9,7.9,3.65,10.9,18.19,100,69,Sumenep,-6.9924,113.8607
2019-03-04,29.6,23.3,26.3,9.6,9.6,4.33,8.4,21.57,100,74,Sumenep,-6.9924,113.8607
2019-03-05,30.1,24.0,26.4,18.8,18.8,4.4,7.9,22.16,100,75,Sumenep,-6.9924,113.8607
2019-03-06,26.0,23.4,24.4,41.5,41.5,1.43,19.0,8.22,100,94,Sumenep,-6.9924,113.8607
2019-03-07,28.8,21.2,25.0,8.8,8.8,2.37,16.4,11.03,98,74,Sumenep,-6.9924,113.8607
2019-03-08,30.3,21.1,25.5,3.9,3.9,3.33,10.4,15.58,97,61,Sumenep,-6.9924,113.8607
2019-03-09,30.0,23.0,26.4,4.0,4.0,4.74,9.8,23.75,99,64,Sumenep,-6.9924,113.8607
2019-03-10,30.5,23.5,26.4,7.9,7.9,4.37,8.9,21.73,99,70,Sumenep,-6.9924,113.8607
2019-03-11,29.9,23.4,26.5,2.4,2.4,4.26,12.6,21.65,99,74,Sumenep,-6.9924,113.8607
2019-03-12,28.5,24.4,26.3,6.2,6.2,3.7,13.9,19.23,96,77,Sumenep,-6.9924,113.8607
2019-03-13,29.6,24.1,26.3,12.1,12.1,3.61,12.3,18.34,98,77,Sumenep,-6.9924,113.8607
2019-03-14,30.4,24.4,26.2,6.5,6.5,3.35,8.9,16.4,98,71,Sumenep,-6.9924,113.8607
2019-03-15,31.0,24.5,27.1,3.7,3.7,4.34,12.5,21.31,95,63,Sumenep,-6.9924,113.8607
2019-03-16,29.5,24.0,26.1,19.6,19.6,3.85,11.4,19.61,100,68,Sumenep,-6.9924,113.8607
2019-03-17,28.9,23.6,25.3,22.5,22.5,3.27,16.5,17.55,99,74,Sumenep,-6.9924,113.8607
2019-03-18,28.4,23.2,25.3,12.3,12.3,3.12,11.5,15.85,99,74,Sumenep,-6.9924,113.8607
2019-03-19,28.7,23.3,25.5,11.8,11.8,3.49,15.5,18.8,99,82,Sumenep,-6.9924,113.8607
2019-03-20,30.0,23.9,26.6,3.7,3.7,4.38,18.0,22.22,99,69,Sumenep,-6.9924,113.8607
2019-03-21,29.4,24.7,26.8,6.3,6.3,4.08,18.0,21.07,95,74,Sumenep,-6.9924,113.8607
2019-03-22,30.1,25.5,27.2,4.6,4.6,4.05,20.2,20.5,93,73,Sumenep,-6.9924,113.8607
2019-03-23,29.5,24.2,25.9,19.4,19.4,3.33,17.3,17.69,99,71,Sumenep,-6.9924,113.8607
2019-03-24,28.7,23.8,25.9,8.6,8.6,2.54,17.1,13.2,99,81,Sumenep,-6.9924,113.8607
2019-03-25,29.3,24.0,26.3,9.5,9.5,3.69,13.8,19.17,99,79,Sumenep,-6.9924,113.8607
2019-03-26,29.2,23.8,26.0,13.0,13.0,3.73,6.9,18.91,100,77,Sumenep,-6.9924,113.8607
2019-03-27,29.3,23.8,26.3,21.9,21.9,4.13,10.7,21.31,100,78,Sumenep,-6.9924,113.8607
2019-03-28,29.2,24.3,26.1,31.7,31.7,3.69,9.3,19.12,99,76,Sumenep,-6.9924,113.8607
2019-03-29,30.2,23.9,26.8,1.3,1.3,4.73,8.5,23.7,99,66,Sumenep,-6.9924,113.8607
2019-03-30,29.9,24.9,26.6,13.3,13.3,3.99,7.7,20.14,99,73,Sumenep,-6.9924,113.8607
2019-03-31,30.4,24.4,26.4,25.8,25.8,4.0,9.2,20.1,98,71,Sumenep,-6.9924,113.8607
2019-04-01,29.6,24.4,26.1,17.6,17.6,3.88,5.6,19.65,100,74,Sumenep,-6.9924,113.8607
2019-04-02,29.4,23.6,25.6,15.8,15.8,3.79,7.8,19.48,100,72,Sumenep,-6.9924,113.8607
2019-04-03,29.5,24.4,26.3,4.8,4.8,3.84,8.0,19.43,100,77,Sumenep,-6.9924,113.8607
2019-04-04,29.5,23.8,26.7,2.1,2.1,4.24,9.9,21.51,99,74,Sumenep,-6.9924,113.8607
2019-04-05,29.9,23.8,26.0,15.2,15.2,3.88,8.2,19.72,99,74,Sumenep,-6.9924,113.8607
2019-04-06,30.4,23.0,26.0,12.6,12.6,4.24,6.2,21.42,100,75,Sumenep,-6.9924,113.8607
2019-04-07,30.1,24.0,26.6,7.7,7.7,4.41,8.7,22.34,98,68,Sumenep,-6.9924,113.8607
2019-04-08,29.9,24.4,27.0,1.9,1.9,4.36,11.7,22.06,100,73,Sumenep,-6.9924,113.8607
2019-04-09,30.0,24.9,27.0,4.1,4.1,4.14,8.6,20.96,100,76,Sumenep,-6.9924,113.8607
2019-04-10,29.9,24.4,26.7,6.5,6.5,4.06,7.2,20.53,99,75,Sumenep,-6.9924,113.8607
2019-04-11,29.8,24.8,26.5,13.0,13.0,3.58,7.7,18.15,99,76,Sumenep,-6.9924,113.8607
2019-04-12,30.0,23.6,26.4,9.4,9.4,3.96,9.0,20.23,100,75,Sumenep,-6.9924,113.8607
2019-04-13,28.5,24.5,26.1,20.3,20.3,3.3,7.4,16.92,100,82,Sumenep,-6.9924,113.8607
2019-04-14,28.4,24.0,26.0,11.5,11.5,3.03,5.9,15.12,100,81,Sumenep,-6.9924,113.8607
2019-04-15,29.0,24.8,26.2,26.3,26.3,2.72,7.6,13.58,99,77,Sumenep,-6.9924,113.8607
2019-04-16,28.8,24.3,26.3,15.6,15.6,3.59,7.7,18.27,100,79,Sumenep,-6.9924,113.8607
2019-04-17,30.0,24.5,27.0,5.6,5.6,4.05,10.0,20.57,99,75,Sumenep,-6.9924,113.8607
2019-04-18,30.2,24.8,27.3,3.0,3.0,4.15,12.8,21.11,99,79,Sumenep,-6.9924,113.8607
2019-04-19,30.2,26.5,28.0,0.3,0.3,4.82,18.4,22.54,87,65,Sumenep,-6.9924,113.8607
2019-04-20,30.4,26.1,27.9,1.2,1.2,4.86,17.2,23.17,89,65,Sumenep,-6.9924,113.8607
2019-04-21,30.1,26.0,27.8,0.6,0.6,4.51,17.7,21.2,88,68,Sumenep,-6.9924,113.8607
2019-04-22,29.9,26.4,27.9,0.9,0.9,4.25,17.0,19.9,87,73,Sumenep,-6.9924,113.8607
2019-04-23,30.3,26.6,28.1,0.7,0.7,4.86,19.6,23.0,87,68,Sumenep,-6.9924,113.8607
2019-04-24,30.1,26.1,28.0,0.8,0.8,4.29,15.9,19.93,92,67,Sumenep,-6.9924,113.8607
2019-04-25,30.5,25.8,27.9,0.0,0.0,4.85,14.3,23.52,93,64,Sumenep,-6.9924,113.8607
2019-04-26,30.1,25.9,27.7,1.1,1.1,4.54,14.5,22.48,90,66,Sumenep,-6.9924,113.8607
2019-04-27,30.5,25.6,27.7,1.6,1.6,4.22,11.5,20.81,93,70,Sumenep,-6.9924,113.8607
2019-04-28,29.3,24.3,26.2,19.5,19.5,3.37,13.0,17.65,100,77,Sumenep,-6.9924,113.8607
2019-04-29,28.4,24.4,25.6,27.6,27.6,2.44,8.7,12.47,100,79,Sumenep,-6.9924,113.8607
2019-04-30,29.5,24.5,26.8,2.1,2.1,3.65,7.8,18.22,100,74,Sumenep,-6.9924,113.8607
2019-05-01,29.2,24.1,26.3,9.8,9.8,3.32,7.5,16.82,100,78,Sumenep,-6.9924,113.8607
2019-05-02,29.0,24.1,26.1,10.5,10.5,3.27,10.5,16.75,100,75,Sumenep,-6.9924,113.8607
2019-05-03,30.2,24.6,27.3,0.6,0.6,4.48,11.6,22.32,99,66,Sumenep,-6.9924,113.8607
2019-05-04,30.4,24.3,27.3,0.1,0.1,4.45,8.9,22.19,99,67,Sumenep,-6.9924,113.8607
2019-05-05,30.1,25.8,27.6,0.5,0.5,4.28,10.7,21.21,92,68,Sumenep,-6.9924,113.8607
2019-05-06,30.4,25.8,27.6,2.3,2.3,4.33,10.1,21.47,95,68,Sumenep,-6.9924,113.8607
2019-05-07,29.9,25.9,27.6,0.7,0.7,4.12,13.2,20.24,95,75,Sumenep,-6.9924,113.8607
2019-05-08,30.5,25.4,27.9,0.1,0.1,4.85,12.8,22.31,92,55,Sumenep,-6.9924,113.8607
2019-05-09,29.5,24.9,27.3,0.5,0.5,4.37,19.5,20.45,97,60,Sumenep,-6.9924,113.8607
2019-05-10,29.4,25.6,27.4,0.7,0.7,4.44,17.3,20.5,87,65,Sumenep,-6.9924,113.8607
2019-05-11,29.5,26.1,27.4,0.7,0.7,4.51,18.9,20.37,86,65,Sumenep,-6.9924,113.8607
2019-05-12,29.8,25.6,27.4,0.3,0.3,4.66,14.6,21.81,86,66,Sumenep,-6.9924,113.8607
2019-05-13,29.5,25.5,27.5,0.7,0.7,4.51,15.7,21.21,90,69,Sumenep,-6.9924,113.8607
2019-05-14,29.9,25.6,27.5,1.4,1.4,4.22,15.3,20.58,91,69,Sumenep,-6.9924,113.8607
2019-05-15,30.2,26.0,27.8,0.4,0.4,4.6,19.5,21.67,89,66,Sumenep,-6.9924,113.8607
2019-05-16,29.9,25.8,27.5,0.1,0.1,4.57,13.3,22.03,91,66,Sumenep,-6.9924,113.8607
2019-05-17,29.9,24.0,27.2,0.1,0.1,4.57,14.8,21.84,94,57,Sumenep,-6.9924,113.8607
2019-05-18,29.5,23.8,26.9,0.2,0.2,4.45,14.6,21.48,95,64,Sumenep,-6.9924,113.8607
2019-05-19,29.5,25.5,27.1,0.0,0.0,4.7,17.6,21.98,88,66,Sumenep,-6.9924,113.8607
2019-05-20,30.3,25.2,27.5,0.0,0.0,4.61,14.6,22.1,90,64,Sumenep,-6.9924,113.8607
2019-05-21,30.2,23.8,27.5,0.0,0.0,4.79,16.3,22.33,95,61,Sumenep,-6.9924,113.8607
2019-05-22,30.6,25.0,27.8,0.0,0.0,4.88,15.4,22.09,88,60,Sumenep,-6.9924,113.8607
2019-05-23,30.5,26.4,27.9,1.1,1.1,4.39,17.1,19.21,87,65,Sumenep,-6.9924,113.8607
2019-05-24,30.2,26.1,27.7,0.0,0.0,4.96,17.1,21.85,87,61,Sumenep,-6.9924,113.8607
2019-05-25,29.5,25.4,27.2,0.0,0.0,4.55,17.1,20.43,86,62,Sumenep,-6.9924,113.8607
2019-05-26,30.2,24.5,27.6,0.2,0.2,4.59,14.8,20.97,94,63,Sumenep,-6.9924,113.8607
2019-05-27,30.0,26.0,27.8,1.2,1.2,4.47,17.0,19.5,88,64,Sumenep,-6.9924,113.8607
2019-05-28,29.5,26.5,27.6,1.5,1.5,4.19,20.2,18.17,84,69,Sumenep,-6.9924,113.8607
2019-05-29,30.2,25.1,27.5,1.4,1.4,4.24,18.0,18.86,92,63,Sumenep,-6.9924,113.8607
2019-05-30,30.0,26.0,27.7,0.3,0.3,4.89,19.9,21.09,84,63,Sumenep,-6.9924,113.8607
2019-05-31,30.1,26.0,27.7,0.0,0.0,5.08,19.6,20.89,81,58,Sumenep,-6.9924,113.8607
2019-06-01,30.1,25.8,27.6,0.0,0.0,4.99,18.4,21.18,82,61,Sumenep,-6.9924,113.8607
2019-06-02,29.8,24.5,27.1,0.0,0.0,4.43,15.0,20.98,94,62,Sumenep,-6.9924,113.8607
2019-06-03,29.9,24.3,27.1,0.0,0.0,4.17,13.9,20.02,97,60,Sumenep,-6.9924,113.8607
2019-06-04,30.2,24.0,27.2,0.8,0.8,3.92,13.5,18.24,98,62,Sumenep,-6.9924,113.8607
2019-06-05,30.0,25.5,27.4,1.4,1.4,4.02,15.5,19.1,92,66,Sumenep,-6.9924,113.8607
2019-06-06,30.2,25.8,27.5,0.6,0.6,4.22,16.5,19.67,88,64,Sumenep,-6.9924,113.8607
2019-06-07,30.1,25.8,27.4,0.6,0.6,4.19,17.6,19.58,90,64,Sumenep,-6.9924,113.8607
2019-06-08,30.3,25.3,27.5,0.0,0.0,4.41,11.6,20.92,92,57,Sumenep,-6.9924,113.8607
2019-06-09,30.6,25.6,27.9,0.1,0.1,4.56,16.8,19.6,91,58,Sumenep,-6.9924,113.8607
2019-06-10,30.5,24.8,27.4,0.0,0.0,4.56,13.8,20.96,95,58,Sumenep,-6.9924,113.8607
2019-06-11,30.4,25.6,27.9,0.0,0.0,4.85,20.0,20.97,86,59,Sumenep,-6.9924,113.8607
2019-06-12,30.6,24.9,27.8,0.0,0.0,4.74,19.1,21.0,94,58,Sumenep,-6.9924,113.8607
2019-06-13,30.8,25.0,27.7,0.4,0.4,4.42,17.1,19.45,95,57,Sumenep,-6.9924,113.8607
2019-06-14,30.1,25.2,27.3,3.5,3.5,3.32,15.1,15.33,94,63,Sumenep,-6.9924,113.8607
2019-06-15,31.0,24.3,27.4,0.0,0.0,4.5,18.3,20.06,99,57,Sumenep,-6.9924,113.8607
2019-06-16,29.7,24.2,26.8,0.5,0.5,4.55,17.0,20.02,86,61,Sumenep,-6.9924,113.8607
2019-06-17,29.6,24.1,26.6,0.0,0.0,4.65,18.5,21.32,88,59,Sumenep,-6.9924,113.8607
2019-06-18,29.0,24.5,26.6,3.0,3.0,4.35,20.8,19.83,85,58,Sumenep,-6.9924,113.8607
2019-06-19,29.2,24.0,26.1,0.0,0.0,4.45,15.5,21.02,86,59,Sumenep,-6.9924,113.8607
2019-06-20,29.0,24.2,26.3,0.0,0.0,4.31,15.8,19.92,86,60,Sumenep,-6.9924,113.8607
2019-06-21,28.7,24.4,26.2,3.8,3.8,3.75,16.1,17.76,88,66,Sumenep,-6.9924,113.8607
2019-06-22,28.8,24.7,26.5,2.0,2.0,3.88,18.5,17.9,85,68,Sumenep,-6.9924,113.8607
2019-06-23,28.5,23.9,26.3,3.2,3.2,3.74,17.5,17.52,89,65,Sumenep,-6.9924,113.8607
2019-06-24,29.2,24.3,26.3,0.0,0.0,4.52,16.9,20.85,86,57,Sumenep,-6.9924,113.8607
2019-06-25,29.4,24.2,26.5,0.0,0.0,4.57,17.6,20.88,85,64,Sumenep,-6.9924,113.8607
2019-06-26,29.6,24.5,26.6,1.2,1.2,4.3,17.0,19.46,88,62,Sumenep,-6.9924,113.8607
2019-06-27,28.9,24.1,26.3,0.0,0.0,4.53,15.8,21.3,88,59,Sumenep,-6.9924,113.8607
2019-06-28,29.2,22.5,25.7,0.0,0.0,4.68,20.9,21.59,94,52,Sumenep,-6.9924,113.8607
2019-06-29,28.5,24.0,25.8,0.0,0.0,5.31,21.4,21.72,75,51,Sumenep,-6.9924,113.8607
2019-06-30,28.5,23.2,25.4,0.2,0.2,4.35,17.6,19.29,83,53,Sumenep,-6.9924,113.8607
2019-07-01,29.5,23.5,25.9,0.0,0.0,4.52,13.3,21.34,85,55,Sumenep,-6.9924,113.8607
2019-07-02,29.1,24.2,26.5,2.8,2.8,3.84,14.4,18.12,89,66,Sumenep,-6.9924,113.8607
2019-07-03,29.4,24.7,26.6,3.2,3.2,3.59,16.0,16.74,91,65,Sumenep,-6.9924,113.8607
2019-07-04,29.0,23.4,25.8,17.6,17.6,3.18,16.0,16.31,99,74,Sumenep,-6.9924,113.8607
2019-07-05,28.5,23.7,25.9,3.1,3.1,3.58,17.5,17.87,98,71,Sumenep,-6.9924,113.8607
2019-07-06,28.8,24.9,26.4,0.4,0.4,4.43,21.5,19.42,85,62,Sumenep,-6.9924,113.8607
2019-07-07,28.9,24.7,26.3,0.0,0.0,4.91,21.6,20.42,86,55,Sumenep,-6.9924,113.8607
2019-07-08,28.8,24.0,25.9,0.3,0.3,4.64,20.6,20.6,84,58,Sumenep,-6.9924,113.8607
2019-07-09,28.4,22.2,25.6,0.1,0.1,4.43,17.9,20.48,86,59,Sumenep,-6.9924,113.8607
2019-07-10,29.1,21.6,25.8,0.0,0.0,4.56,15.4,21.66,100,53,Sumenep,-6.9924,113.8607
2019-07-11,29.0,24.2,26.3,0.7,0.7,4.41,20.1,19.98,86,60,Sumenep,-6.9924,113.8607
2019-07-12,29.4,24.0,26.4,0.0,0.0,4.8,15.8,21.19,84,59,Sumenep,-6.9924,113.8607
2019-07-13,29.1,22.2,26.1,0.0,0.0,5.19,20.7,22.05,97,50,Sumenep,-6.9924,113.8607
2019-07-14,28.3,23.4,25.4,0.0,0.0,4.63,16.2,20.6,82,55,Sumenep,-6.9924,113.8607
2019-07-15,28.9,23.6,25.7,0.4,0.4,4.6,18.6,20.43,82,54,Sumenep,-6.9924,113.8607
2019-07-16,29.1,21.5,25.7,0.0,0.0,4.78,16.9,21.29,95,49,Sumenep,-6.9924,113.8607
2019-07-17,29.4,23.2,26.0,0.0,0.0,4.81,17.1,21.69,88,50,Sumenep,-6.9924,113.8607
2019-07-18,29.7,23.8,26.7,0.0,0.0,4.78,21.6,21.15,87,58,Sumenep,-6.9924,113.8607
2019-07-19,28.4,25.0,26.5,2.0,2.0,3.11,21.9,11.89,87,68,Sumenep,-6.9924,113.8607
2019-07-20,30.4,25.6,27.4,0.1,0.1,4.77,19.9,20.27,83,59,Sumenep,-6.9924,113.8607
2019-07-21,29.9,24.5,26.7,0.0,0.0,4.71,18.1,20.99,96,56,Sumenep,-6.9924,113.8607
2019-07-22,29.5,24.2,26.4,0.0,0.0,4.83,20.1,21.78,87,55,Sumenep,-6.9924,113.8607
2019-07-23,29.4,22.8,25.8,0.0,0.0,4.65,16.8,21.76,92,55,Sumenep,-6.9924,113.8607
2019-07-24,29.5,23.5,26.2,0.0,0.0,4.69,17.1,21.05,90,51,Sumenep,-6.9924,113.8607
2019-07-25,29.5,23.0,26.1,0.0,0.0,4.91,18.3,21.6,91,53,Sumenep,-6.9924,113.8607
2019-07-26,29.6,22.5,25.8,0.0,0.0,4.55,17.1,21.79,93,58,Sumenep,-6.9924,113.8607
2019-07-27,29.9,23.3,26.0,0.0,0.0,4.46,17.3,21.42,94,60,Sumenep,-6.9924,113.8607
2019-07-28,29.6,23.5,26.1,0.0,0.0,4.62,17.0,22.04,94,57,Sumenep,-6.9924,113.8607
2019-07-29,29.4,23.5,26.2,0.0,0.0,4.68,15.3,20.47,84,57,Sumenep,-6.9924,113.8607
2019-07-30,30.2,24.1,26.4,0.0,0.0,4.98,17.6,22.07,87,45,Sumenep,-6.9924,113.8607
2019-07-31,29.6,24.0,26.3,0.0,0.0,5.0,17.3,21.66,82,52,Sumenep,-6.9924,113.8607
2019-08-01,29.5,24.2,26.2,0.2,0.2,4.85,20.0,21.41,84,56,Sumenep,-6.9924,113.8607
2019-08-02,29.6,24.0,26.3,0.1,0.1,4.82,17.1,21.6,88,55,Sumenep,-6.9924,113.8607
2019-08-03,29.3,23.8,26.2,0.2,0.2,5.44,22.9,22.23,89,48,Sumenep,-6.9924,113.8607
2019-08-04,29.1,24.1,26.2,0.0,0.0,5.76,20.9,22.91,73,49,Sumenep,-6.9924,113.8607
2019-08-05,28.8,23.6,25.7,0.0,0.0,5.42,18.7,23.06,76,48,Sumenep,-6.9924,113.8607
2019-08-06,29.0,22.9,25.7,0.0,0.0,5.16,14.6,23.06,80,45,Sumenep,-6.9924,113.8607
2019-08-07,29.5,21.9,25.9,0.0,0.0,5.08,15.5,22.96,90,47,Sumenep,-6.9924,113.8607
2019-08-08,29.8,23.0,26.3,0.0,0.0,5.11,16.1,22.69,89,49,Sumenep,-6.9924,113.8607
2019-08-09,29.9,24.1,26.5,0.0,0.0,5.16,16.5,22.98,83,52,Sumenep,-6.9924,113.8607
2019-08-10,30.0,23.0,26.3,0.0,0.0,5.0,14.8,23.09,94,52,Sumenep,-6.9924,113.8607
2019-08-11,29.5,24.0,26.4,0.5,0.5,4.65,19.1,21.5,89,61,Sumenep,-6.9924,113.8607
2019-08-12,30.5,24.7,26.9,0.6,0.6,5.06,20.4,22.23,88,58,Sumenep,-6.9924,113.8607
2019-08-13,30.5,24.7,26.9,0.0,0.0,5.05,22.9,22.03,89,51,Sumenep,-6.9924,113.8607
2019-08-14,30.4,24.8,26.9,0.0,0.0,5.14,23.3,22.16,88,52,Sumenep,-6.9924,113.8607
2019-08-15,30.1,24.4,26.7,0.8,0.8,4.46,16.5,20.34,89,60,Sumenep,-6.9924,113.8607
2019-08-16,30.0,24.6,26.6,0.0,0.0,4.95,17.1,21.91,88,57,Sumenep,-6.9924,113.8607
2019-08-17,29.7,23.4,26.3,0.0,0.0,5.22,21.1,23.82,94,54,Sumenep,-6.9924,113.8607
2019-08-18,29.8,23.0,26.1,0.0,0.0,5.45,17.2,24.08,89,48,Sumenep,-6.9924,113.8607
2019-08-19,30.0,21.6,26.0,0.0,0.0,5.12,17.4,23.62,98,44,Sumenep,-6.9924,113.8607
2019-08-20,30.7,23.8,26.7,0.0,0.0,5.59,18.0,23.87,84,45,Sumenep,-6.9924,113.8607
2019-08-21,30.4,24.5,26.9,0.2,0.2,5.22,24.0,22.52,87,55,Sumenep,-6.9924,113.8607
2019-08-22,29.5,24.9,26.6,1.2,1.2,5.0,19.4,21.82,86,58,Sumenep,-6.9924,113.8607
2019-08-23,29.6,24.5,26.4,0.4,0.4,5.16,19.2,23.01,87,57,Sumenep,-6.9924,113.8607
2019-08-24,30.4,22.9,26.7,0.2,0.2,5.26,17.1,23.52,97,51,Sumenep,-6.9924,113.8607
2019-08-25,30.4,24.0,27.0,0.0,0.0,5.33,17.6,24.03,91,54,Sumenep,-6.9924,113.8607
2019-08-26,30.4,23.2,26.8,0.0,0.0,5.0,17.1,22.92,96,54,Sumenep,-6.9924,113.8607
2019-08-27,30.4,24.6,26.7,0.1,0.1,5.29,15.7,23.77,87,53,Sumenep,-6.9924,113.8607
2019-08-28,29.8,23.9,26.2,0.2,0.2,5.19,18.5,23.15,89,55,Sumenep,-6.9924,113.8607
2019-08-29,30.1,23.9,26.3,0.0,0.0,5.22,21.4,23.53,89,52,Sumenep,-6.9924,113.8607
2019-08-30,29.9,23.8,26.3,0.2,0.2,5.37,20.1,24.16,87,55,Sumenep,-6.9924,113.8607
2019-08-31,29.5,24.3,26.3,0.1,0.1,5.42,21.5,23.78,84,57,Sumenep,-6.9924,113.8607
2019-09-01,30.5,24.6,26.8,0.0,0.0,5.61,17.4,24.64,86,54,Sumenep,-6.9924,113.8607
2019-09-02,30.2,23.0,26.5,0.0,0.0,5.32,16.9,24.73,98,55,Sumenep,-6.9924,113.8607
2019-09-03,29.5,24.0,26.2,1.8,1.8,4.75,19.2,22.35,94,56,Sumenep,-6.9924,113.8607
2019-09-04,30.0,23.7,26.3,0.0,0.0,5.67,16.8,25.35,86,48,Sumenep,-6.9924,113.8607
2019-09-05,30.0,23.5,26.2,0.4,0.4,5.38,16.4,24.26,84,47,Sumenep,-6.9924,113.8607
2019-09-06,30.0,23.2,26.5,0.0,0.0,5.46,16.2,24.6,90,50,Sumenep,-6.9924,113.8607
2019-09-07,30.3,23.6,26.6,0.0,0.0,5.52,17.1,24.44,85,50,Sumenep,-6.9924,113.8607
2019-09-08,30.6,23.7,26.9,0.0,0.0,5.61,17.3,24.99,90,50,Sumenep,-6.9924,113.8607
2019-09-09,30.1,24.0,26.6,0.0,0.0,5.34,18.2,24.24,86,55,Sumenep,-6.9924,113.8607
2019-09-10,31.6,23.4,27.0,0.0,0.0,5.9,17.4,25.77,88,40,Sumenep,-6.9924,113.8607
2019-09-11,30.6,24.1,26.9,0.0,0.0,5.82,17.2,25.42,90,50,Sumenep,-6.9924,113.8607
2019-09-12,30.0,21.5,26.0,0.0,0.0,6.04,19.6,25.81,92,43,Sumenep,-6.9924,113.8607
2019-09-13,29.9,23.5,26.3,0.0,0.0,5.77,17.4,25.37,81,47,Sumenep,-6.9924,113.8607
2019-09-14,30.3,23.9,26.4,0.0,0.0,5.49,20.0,24.25,86,48,Sumenep,-6.9924,113.8607
2019-09-15,29.3,23.6,26.2,1.9,1.9,4.96,21.6,22.1,86,59,Sumenep,-6.9924,113.8607
2019-09-16,31.2,24.6,27.0,0.0,0.0,5.86,21.3,25.06,83,47,Sumenep,-6.9924,113.8607
2019-09-17,31.2,24.9,27.2,0.0,0.0,5.68,18.4,24.47,87,52,Sumenep,-6.9924,113.8607
2019-09-18,30.6,24.6,27.2,0.0,0.0,5.74,18.0,25.47,87,50,Sumenep,-6.9924,113.8607
2019-09-19,29.9,24.0,26.5,2.0,2.0,5.17,17.7,23.07,92,53,Sumenep,-6.9924,113.8607
2019-09-20,31.2,23.9,26.8,0.0,0.0,5.77,17.2,26.02,92,47,Sumenep,-6.9924,113.8607
2019-09-21,31.2,23.5,27.0,0.0,0.0,5.74,15.8,25.85,94,51,Sumenep,-6.9924,113.8607
2019-09-22,31.4,24.0,27.1,0.0,0.0,5.77,18.5,25.91,90,48,Sumenep,-6.9924,113.8607
2019-09-23,30.6,24.4,27.0,0.0,0.0,5.75,20.0,25.37,86,53,Sumenep,-6.9924,113.8607
2019-09-24,31.1,25.3,27.6,0.0,0.0,5.88,20.8,25.55,88,55,Sumenep,-6.9924,113.8607
2019-09-25,31.8,24.9,27.6,0.0,0.0,5.89,20.2,26.05,89,49,Sumenep,-6.9924,113.8607
2019-09-26,31.4,24.7,27.5,0.7,0.7,5.45,18.4,24.53,93,55,Sumenep,-6.9924,113.8607
2019-09-27,31.9,24.9,27.9,0.0,0.0,5.93,18.1,25.8,87,50,Sumenep,-6.9924,113.8607
2019-09-28,31.9,25.1,27.8,0.0,0.0,5.72,20.4,24.75,88,51,Sumenep,-6.9924,113.8607
2019-09-29,31.6,24.6,27.6,0.0,0.0,5.66,17.4,25.09,93,53,Sumenep,-6.9924,113.8607
2019-09-30,32.3,24.0,27.6,0.0,0.0,6.07,17.3,26.47,92,44,Sumenep,-6.9924,113.8607
2019-10-01,32.8,23.8,27.9,0.0,0.0,6.2,16.7,26.11,94,41,Sumenep,-6.9924,113.8607
2019-10-02,32.0,24.0,27.9,0.0,0.0,6.0,17.7,26.05,92,48,Sumenep,-6.9924,113.8607
2019-10-03,32.7,24.0,28.1,0.0,0.0,6.08,16.7,26.34,94,47,Sumenep,-6.9924,113.8607
2019-10-04,33.2,22.5,28.2,0.0,0.0,6.71,22.6,26.87,100,39,Sumenep,-6.9924,113.8607
2019-10-05,31.8,22.0,27.2,0.0,0.0,6.28,17.6,26.98,98,42,Sumenep,-6.9924,113.8607
2019-10-06,31.2,24.4,27.6,0.0,0.0,6.2,18.1,26.55,82,49,Sumenep,-6.9924,113.8607
2019-10-07,33.2,25.0,28.3,0.0,0.0,6.16,15.1,26.04,88,40,Sumenep,-6.9924,113.8607
2019-10-08,32.7,25.0,28.2,0.0,0.0,6.07,15.6,26.19,91,41,Sumenep,-6.9924,113.8607
2019-10-09,32.1,24.9,28.0,0.0,0.0,6.04,15.5,26.38,88,50,Sumenep,-6.9924,113.8607
2019-10-10,32.2,25.4,28.2,0.0,0.0,6.12,17.7,26.2,88,47,Sumenep,-6.9924,113.8607
2019-10-11,32.7,24.5,28.1,0.0,0.0,6.25,16.7,27.0,89,41,Sumenep,-6.9924,113.8607
2019-10-12,33.1,23.7,27.8,0.0,0.0,6.08,14.5,26.8,97,40,Sumenep,-6.9924,113.8607
2019-10-13,33.8,23.4,28.0,0.0,0.0,6.07,16.2,26.57,97,36,Sumenep,-6.9924,113.8607
2019-10-14,32.6,24.1,28.1,0.0,0.0,6.01,14.5,26.55,96,45,Sumenep,-6.9924,113.8607
2019-10-15,32.7,25.0,28.5,0.0,0.0,6.31,16.6,26.4,89,47,Sumenep,-6.9924,113.8607
2019-10-16,32.5,23.9,28.0,0.0,0.0,6.14,16.8,26.47,99,46,Sumenep,-6.9924,113.8607
2019-10-17,32.0,25.3,28.2,0.1,0.1,5.95,15.7,25.27,87,49,Sumenep,-6.9924,113.8607
2019-10-18,33.5,24.1,28.6,0.0,0.0,6.32,14.7,26.76,92,38,Sumenep,-6.9924,113.8607
2019-10-19,32.9,25.4,28.4,0.0,0.0,6.11,16.1,26.5,91,51,Sumenep,-6.9924,113.8607
2019-10-20,32.2,25.2,28.2,0.0,0.0,6.23,18.8,26.61,86,49,Sumenep,-6.9924,113.8607
2019-10-21,33.7,25.3,29.1,0.0,0.0,6.72,19.5,27.13,89,41,Sumenep,-6.9924,113.8607
2019-10-22,33.8,22.9,28.6,0.0,0.0,6.37,17.9,27.07,100,45,Sumenep,-6.9924,113.8607
2019-10-23,34.2,24.9,28.9,0.0,0.0,6.4,17.0,27.15,96,34,Sumenep,-6.9924,113.8607
2019-10-24,32.8,25.1,28.6,0.0,0.0,6.17,16.4,26.99,93,45,Sumenep,-6.9924,113.8607
2019-10-25,32.3,24.8,28.2,0.0,0.0,5.86,15.9,25.55,92,47,Sumenep,-6.9924,113.8607
2019-10-26,33.4,24.6,28.3,0.1,0.1,5.99,16.5,26.39,96,42,Sumenep,-6.9924,113.8607
2019-10-27,33.2,24.6,28.5,0.1,0.1,5.99,15.2,26.14,89,42,Sumenep,-6.9924,113.8607
2019-10-28,33.5,25.0,28.7,0.0,0.0,6.03,14.0,26.04,94,42,Sumenep,-6.9924,113.8607
2019-10-29,34.0,24.0,28.8,0.1,0.1,5.8,11.7,25.34,97,40,Sumenep,-6.9924,113.8607
2019-10-30,33.2,24.3,28.7,0.0,0.0,6.17,13.8,26.96,96,44,Sumenep,-6.9924,113.8607
2019-10-31,33.5,25.2,29.1,0.0,0.0,5.98,14.8,26.28,91,48,Sumenep,-6.9924,113.8607
2019-11-01,33.2,25.0,28.6,1.7,1.7,5.18,13.0,23.31,98,52,Sumenep,-6.9924,113.8607
2019-11-02,31.9,24.0,26.7,16.3,16.3,3.83,11.5,18.05,97,55,Sumenep,-6.9924,113.8607
2019-11-03,31.9,23.7,27.5,0.3,0.3,5.11,13.6,23.66,100,55,Sumenep,-6.9924,113.8607
2019-11-04,33.4,25.0,28.8,0.4,0.4,5.93,14.9,25.85,95,48,Sumenep,-6.9924,113.8607
2019-11-05,33.5,24.2,28.8,0.0,0.0,5.73,13.0,26.05,96,42,Sumenep,-6.9924,113.8607
2019-11-06,34.1,23.5,28.8,0.0,0.0,5.81,9.8,26.87,96,40,Sumenep,-6.9924,113.8607
2019-11-07,33.7,24.4,28.9,0.0,0.0,5.88,12.1,26.33,92,41,Sumenep,-6.9924,113.8607
2019-11-08,34.2,25.0,29.3,0.1,0.1,5.82,12.5,25.31,95,41,Sumenep,-6.9924,113.8607
2019-11-09,35.0,25.5,29.6,0.0,0.0,5.72,11.9,25.03,95,37,Sumenep,-6.9924,113.8607
2019-11-10,34.2,25.5,29.5,0.0,0.0,5.69,9.4,25.09,93,43,Sumenep,-6.9924,113.8607
2019-11-11,34.3,26.6,29.7,0.0,0.0,6.29,15.6,26.36,84,43,Sumenep,-6.9924,113.8607
2019-11-12,32.9,26.8,29.3,0.6,0.6,5.75,18.7,23.48,83,50,Sumenep,-6.9924,113.8607
2019-11-13,32.5,25.4,28.6,1.7,1.7,4.98,16.3,21.95,94,57,Sumenep,-6.9924,113.8607
2019-11-14,34.7,25.5,29.4,0.0,0.0,5.69,14.2,24.82,96,41,Sumenep,-6.9924,113.8607
2019-11-15,34.8,24.5,29.6,0.0,0.0,6.1,11.3,26.51,96,37,Sumenep,-6.9924,113.8607
2019-11-16,34.2,24.1,29.4,0.0,0.0,6.35,13.8,26.9,96,40,Sumenep,-6.9924,113.8607
2019-11-17,33.7,25.0,29.3,0.0,0.0,6.1,16.7,25.86,97,46,Sumenep,-6.9924,113.8607
2019-11-18,34.0,25.6,29.5,0.0,0.0,6.24,15.1,26.76,93,45,Sumenep,-6.9924,113.8607
2019-11-19,34.8,24.6,29.4,0.2,0.2,5.98,12.7,25.72,97,40,Sumenep,-6.9924,113.8607
2019-11-20,33.7,25.0,29.1,0.0,0.0,5.82,12.9,24.84,98,41,Sumenep,-6.9924,113.8607
2019-11-21,33.0,24.9,28.8,0.7,0.7,5.05,10.4,22.06,96,48,Sumenep,-6.9924,113.8607
2019-11-22,34.0,25.6,29.4,0.0,0.0,5.97,13.5,25.75,93,44,Sumenep,-6.9924,113.8607
2019-11-23,34.6,25.1,29.7,0.2,0.2,5.99,13.5,25.63,93,42,Sumenep,-6.9924,113.8607
2019-11-24,34.7,25.0,29.4,0.5,0.5,5.86,15.0,25.37,95,43,Sumenep,-6.9924,113.8607
2019-11-25,33.6,25.0,29.2,0.6,0.6,5.14,9.7,23.55,99,46,Sumenep,-6.9924,113.8607
2019-11-26,33.5,25.5,29.2,0.4,0.4,5.12,10.5,23.16,98,53,Sumenep,-6.9924,113.8607
2019-11-27,33.2,25.2,29.1,1.6,1.6,4.97,9.2,22.05,97,52,Sumenep,-6.9924,113.8607
2019-11-28,33.8,25.8,29.6,0.2,0.2,5.78,13.0,24.79,93,49,Sumenep,-6.9924,113.8607
2019-11-29,34.0,26.1,30.1,0.2,0.2,5.93,15.1,24.55,93,48,Sumenep,-6.9924,113.8607
2019-11-30,34.0,26.4,29.9,0.9,0.9,5.57,13.5,23.98,90,53,Sumenep,-6.9924,113.8607
2019-12-01,35.0,26.7,30.2,0.0,0.0,6.25,14.1,26.39,88,42,Sumenep,-6.9924,113.8607
2019-12-02,35.2,25.8,30.0,0.8,0.8,5.23,8.2,23.2,96,43,Sumenep,-6.9924,113.8607
2019-12-03,34.3,26.0,29.5,0.6,0.6,5.04,10.5,22.32,92,53,Sumenep,-6.9924,113.8607
2019-12-04,33.5,25.2,28.7,6.3,6.3,4.75,11.8,21.66,99,54,Sumenep,-6.9924,113.8607
2019-12-05,30.9,24.5,27.0,8.8,8.8,3.46,11.9,16.43,99,65,Sumenep,-6.9924,113.8607
2019-12-06,32.1,25.2,28.2,6.2,6.2,4.6,12.4,21.18,99,58,Sumenep,-6.9924,113.8607
2019-12-07,32.7,25.2,28.8,2.3,2.3,4.93,10.7,22.79,98,55,Sumenep,-6.9924,113.8607
2019-12-08,34.5,24.9,29.2,0.5,0.5,5.24,9.4,24.09,100,44,Sumenep,-6.9924,113.8607
2019-12-09,33.3,25.8,29.0,1.6,1.6,4.8,9.8,22.01,100,60,Sumenep,-6.9924,113.8607
2019-12-10,32.6,25.0,28.3,1.7,1.7,4.47,12.6,20.82,99,61,Sumenep,-6.9924,113.8607
2019-12-11,33.6,25.0,28.8,0.8,0.8,5.27,10.4,23.69,100,47,Sumenep,-6.9924,113.8607
2019-12-12,32.5,25.1,28.3,4.2,4.2,4.55,10.0,21.38,97,60,Sumenep,-6.9924,113.8607
2019-12-13,32.5,24.6,28.2,2.3,2.3,4.42,9.0,20.59,100,60,Sumenep,-6.9924,113.8607
2019-12-14,30.9,25.0,28.0,3.2,3.2,4.13,9.2,19.51,99,63,Sumenep,-6.9924,113.8607
2019-12-15,31.4,24.5,27.1,14.5,14.5,3.96,8.2,19.17,99,61,Sumenep,-6.9924,113.8607
2019-12-16,30.5,23.7,26.9,2.1,2.1,3.68,10.9,17.49,100,67,Sumenep,-6.9924,113.8607
2019-12-17,28.9,24.4,26.5,19.0,19.0,2.78,9.2,13.47,98,74,Sumenep,-6.9924,113.8607
2019-12-18,32.3,23.9,27.6,3.0,3.0,4.58,8.7,21.78,100,62,Sumenep,-6.9924,113.8607
2019-12-19,32.9,25.2,28.5,0.8,0.8,4.52,7.8,21.08,97,59,Sumenep,-6.9924,113.8607
2019-12-20,32.8,25.1,28.9,2.3,2.3,4.73,8.3,21.93,100,57,Sumenep,-6.9924,113.8607
2019-12-21,32.0,25.4,28.5,6.0,6.0,4.79,5.9,22.8,100,59,Sumenep,-6.9924,113.8607
2019-12-22,29.0,25.1,26.7,14.2,14.2,2.25,13.3,10.7,98,71,Sumenep,-6.9924,113.8607
2019-12-23,31.3,24.4,26.9,17.4,17.4,4.05,6.8,19.75,99,65,Sumenep,-6.9924,113.8607
2019-12-24,31.5,24.5,27.5,6.5,6.5,3.78,6.9,18.09,100,62,Sumenep,-6.9924,113.8607
2019-12-25,31.7,24.9,27.1,9.5,9.5,4.16,10.2,20.39,99,63,Sumenep,-6.9924,113.8607
2019-12-26,30.9,24.4,27.2,2.6,2.6,4.3,10.3,20.85,99,65,Sumenep,-6.9924,113.8607
2019-12-27,30.4,24.5,26.6,19.0,19.0,3.26,11.9,16.1,99,72,Sumenep,-6.9924,113.8607
2019-12-28,31.4,24.0,27.2,8.2,8.2,4.69,13.6,22.82,96,61,Sumenep,-6.9924,113.8607
2019-12-29,30.8,25.0,26.9,7.4,7.4,3.78,12.4,18.39,97,71,Sumenep,-6.9924,113.8607
2019-12-30,30.8,24.3,27.0,8.8,8.8,4.23,7.8,21.02,100,73,Sumenep,-6.9924,113.8607
2019-12-31,30.2,24.3,26.4,19.7,19.7,3.19,14.5,16.12,99,73,Sumenep,-6.9924,113.8607
2020-01-01,27.4,24.4,25.3,37.3,37.3,1.77,14.3,9.27,99,84,Sumenep,-6.9924,113.8607
2020-01-02,30.9,24.0,26.8,14.4,14.4,3.77,15.3,17.7,99,64,Sumenep,-6.9924,113.8607
2020-01-03,30.8,24.7,27.1,2.1,2.1,4.0,23.6,18.31,96,64,Sumenep,-6.9924,113.8607
2020-01-04,28.8,24.9,26.9,1.9,1.9,3.73,31.4,17.79,93,76,Sumenep,-6.9924,113.8607
2020-01-05,29.9,25.2,26.9,9.2,9.2,3.02,18.0,13.94,97,73,Sumenep,-6.9924,113.8607
2020-01-06,31.1,24.5,26.6,27.0,27.0,3.57,19.3,17.39,98,66,Sumenep,-6.9924,113.8607
2020-01-07,29.0,24.4,26.5,4.5,4.5,3.73,23.4,18.28,95,72,Sumenep,-6.9924,113.8607
2020-01-08,26.9,24.5,25.4,25.0,25.0,1.93,19.0,10.26,99,88,Sumenep,-6.9924,113.8607
2020-01-09,30.1,23.6,26.4,9.5,9.5,3.91,11.3,19.65,99,72,Sumenep,-6.9924,113.8607
2020-01-10,30.6,23.8,26.2,20.2,20.2,3.95,11.9,19.63,99,72,Sumenep,-6.9924,113.8607
2020-01-11,30.3,23.9,25.7,9.5,9.5,3.2,13.9,16.16,99,68,Sumenep,-6.9924,113.8607
2020-01-12,30.5,24.1,27.0,2.9,2.9,3.08,16.4,12.71,92,64,Sumenep,-6.9924,113.8607
2020-01-13,30.3,25.5,27.6,0.9,0.9,4.75,23.8,22.24,90,68,Sumenep,-6.9924,113.8607
2020-01-14,30.9,25.2,27.5,3.9,3.9,4.39,16.8,21.42,93,68,Sumenep,-6.9924,113.8607
2020-01-15,30.0,24.8,26.9,6.8,6.8,4.26,8.7,21.02,98,70,Sumenep,-6.9924,113.8607
2020-01-16,31.1,24.2,27.1,9.9,9.9,4.39,8.3,21.52,100,71,Sumenep,-6.9924,113.8607
2020-01-17,32.2,24.5,27.7,0.7,0.7,5.17,6.5,25.03,99,54,Sumenep,-6.9924,113.8607
2020-01-18,30.9,24.3,27.7,2.3,2.3,4.93,7.7,23.88,100,63,Sumenep,-6.9924,113.8607
2020-01-19,30.7,24.4,27.1,6.5,6.5,4.37,6.3,21.44,98,66,Sumenep,-6.9924,113.8607
2020-01-20,30.2,24.5,26.8,16.1,16.1,4.03,7.4,19.75,98,70,Sumenep,-6.9924,113.8607
2020-01-21,29.6,24.0,26.5,8.2,8.2,3.25,8.1,15.84,99,75,Sumenep,-6.9924,113.8607
2020-01-22,31.6,24.8,27.8,1.6,1.6,4.7,7.2,22.84,97,66,Sumenep,-6.9924,113.8607
2020-01-23,31.2,25.0,26.8,26.4,26.4,3.52,8.2,17.26,99,69,Sumenep,-6.9924,113.8607
2020-01-24,30.8,24.7,26.8,21.3,21.3,4.48,6.6,22.5,100,69,Sumenep,-6.9924,113.8607
2020-01-25,30.4,24.5,26.9,5.5,5.5,4.38,8.7,21.88,100,70,Sumenep,-6.9924,113.8607
2020-01-26,31.0,24.6,27.3,5.7,5.7,4.64,9.4,22.82,98,70,Sumenep,-6.9924,113.8607
2020-01-27,30.0,24.6,27.0,8.6,8.6,4.24,12.2,21.43,99,69,Sumenep,-6.9924,113.8607
2020-01-28,31.1,24.2,27.5,6.4,6.4,4.87,10.7,23.8,99,70,Sumenep,-6.9924,113.8607
2020-01-29,32.3,24.1,28.0,0.7,0.7,5.19,11.7,24.97,99,61,Sumenep,-6.9924,113.8607
2020-01-30,30.0,24.6,26.7,17.9,17.9,3.68,19.2,18.95,99,76,Sumenep,-6.9924,113.8607
2020-01-31,28.4,24.8,26.4,6.9,6.9,2.73,13.6,13.36,97,78,Sumenep,-6.9924,113.8607
2020-02-01,29.1,24.4,26.1,31.3,31.3,3.51,8.6,17.65,99,80,Sumenep,-6.9924,113.8607
2020-02-02,29.0,24.0,26.2,12.1,12.1,3.94,10.5,20.19,100,76,Sumenep,-6.9924,113.8607
2020-02-03,29.8,23.8,26.0,19.5,19.5,3.81,7.4,19.11,99,73,Sumenep,-6.9924,113.8607
2020-02-04,30.2,23.6,26.7,2.2,2.2,4.66,8.9,23.21,99,73,Sumenep,-6.9924,113.8607
2020-02-05,30.9,24.4,27.1,6.5,6.5,4.56,9.2,22.52,98,69,Sumenep,-6.9924,113.8607
2020-02-06,30.3,25.0,27.1,8.3,8.3,4.28,14.4,21.41,95,68,Sumenep,-6.9924,113.8607
2020-02-07,30.2,24.5,26.3,25.4,25.4,3.49,19.9,17.52,98,65,Sumenep,-6.9924,113.8607
2020-02-08,28.8,24.3,26.1,13.5,13.5,2.86,18.4,14.27,99,78,Sumenep,-6.9924,113.8607
2020-02-09,31.7,24.6,27.6,1.3,1.3,4.51,15.9,19.83,93,50,Sumenep,-6.9924,113.8607
2020-02-10,29.6,24.5,26.6,11.4,11.4,3.29,11.7,15.95,99,69,Sumenep,-6.9924,113.8607
2020-02-11,29.0,23.6,25.8,5.8,5.8,3.05,6.6,15.05,99,78,Sumenep,-6.9924,113.8607
2020-02-12,30.0,24.0,26.7,4.0,4.0,4.38,9.9,21.66,99,72,Sumenep,-6.9924,113.8607
2020-02-13,30.4,24.5,27.1,1.5,1.5,4.5,6.0,21.91,99,66,Sumenep,-6.9924,113.8607
2020-02-14,30.3,24.7,26.7,12.3,12.3,4.12,8.3,20.32,100,72,Sumenep,-6.9924,113.8607
2020-02-15,29.5,24.0,26.1,30.2,30.2,3.96,9.5,20.05,99,74,Sumenep,-6.9924,113.8607
2020-02-16,28.8,24.1,26.1,17.3,17.3,3.0,10.8,15.31,100,83,Sumenep,-6.9924,113.8607
2020-02-17,29.0,24.1,25.7,17.8,17.8,2.85,12.7,14.55,99,79,Sumenep,-6.9924,113.8607
2020-02-18,29.3,23.5,25.4,13.8,13.8,2.79,14.0,14.31,98,75,Sumenep,-6.9924,113.8607
2020-02-19,28.4,23.9,25.8,8.5,8.5,3.04,17.6,15.48,99,78,Sumenep,-6.9924,113.8607
2020-02-20,28.0,23.9,26.0,7.2,7.2,3.4,19.7,17.9,96,78,Sumenep,-6.9924,113.8607
2020-02-21,30.4,24.0,26.7,8.0,8.0,4.31,16.5,21.5,99,65,Sumenep,-6.9924,113.8607
2020-02-22,30.0,23.9,26.2,33.2,33.2,3.69,11.2,18.9,99,75,Sumenep,-6.9924,113.8607
2020-02-23,28.6,23.8,26.1,18.5,18.5,3.92,14.8,20.59,99,77,Sumenep,-6.9924,113.8607
2020-02-24,29.1,24.0,26.4,14.6,14.6,3.51,10.2,17.37,99,74,Sumenep,-6.9924,113.8607
2020-02-25,29.8,24.6,26.6,15.3,15.3,3.96,10.8,20.23,98,77,Sumenep,-6.9924,113.8607
2020-02-26,28.1,24.0,26.0,11.3,11.3,2.5,12.7,12.59,97,80,Sumenep,-6.9924,113.8607
2020-02-27,29.6,25.2,26.7,10.1,10.1,3.58,12.0,18.3,96,77,Sumenep,-6.9924,113.8607
2020-02-28,30.2,24.8,26.7,17.8,17.8,3.65,14.3,18.54,95,78,Sumenep,-6.9924,113.8607
2020-02-29,29.4,24.5,26.7,4.6,4.6,3.57,15.6,18.31,98,80,Sumenep,-6.9924,113.8607
2020-03-01,27.1,25.0,26.1,7.2,7.2,2.26,15.2,11.62,98,86,Sumenep,-6.9924,113.8607
2020-03-02,30.6,25.0,27.3,3.5,3.5,4.22,12.6,20.98,97,69,Sumenep,-6.9924,113.8607
2020-03-03,29.7,24.3,26.5,29.9,29.9,3.49,11.3,17.94,98,77,Sumenep,-6.9924,113.8607
2020-03-04,29.7,24.5,26.4,38.5,38.5,3.35,9.1,16.83,99,76,Sumenep,-6.9924,113.8607
2020-03-05,28.3,24.6,26.3,2.2,2.2,2.42,15.6,11.56,99,78,Sumenep,-6.9924,113.8607
2020-03-06,29.1,24.1,26.0,19.4,19.4,2.42,10.2,11.76,99,78,Sumenep,-6.9924,113.8607
2020-03-07,28.5,23.5,25.7,16.2,16.2,3.33,12.2,17.18,99,83,Sumenep,-6.9924,113.8607
2020-03-08,28.9,23.5,25.9,15.8,15.8,3.0,13.1,15.43,99,78,Sumenep,-6.9924,113.8607
2020-03-09,30.4,24.0,26.5,8.1,8.1,3.95,15.0,20.1,96,72,Sumenep,-6.9924,113.8607
2020-03-10,30.2,23.6,26.9,1.7,1.7,4.58,13.0,22.97,99,68,Sumenep,-6.9924,113.8607
2020-03-11,30.8,24.3,27.4,4.5,4.5,4.77,12.3,23.66,99,69,Sumenep,-6.9924,113.8607
2020-03-12,31.0,24.1,27.6,2.4,2.4,4.89,8.9,24.08,100,66,Sumenep,-6.9924,113.8607
2020-03-13,30.8,24.8,26.8,13.3,13.3,4.4,8.9,21.74,100,71,Sumenep,-6.9924,113.8607
2020-03-14,29.6,24.5,26.9,1.5,1.5,3.71,8.6,18.35,99,73,Sumenep,-6.9924,113.8607
2020-03-15,30.0,25.0,27.0,10.0,10.0,4.15,8.6,20.35,99,76,Sumenep,-6.9924,113.8607
2020-03-16,30.6,25.1,27.4,4.5,4.5,4.68,11.6,23.51,98,69,Sumenep,-6.9924,113.8607
2020-03-17,29.5,24.7,26.8,7.9,7.9,4.05,12.3,20.85,98,78,Sumenep,-6.9924,113.8607
2020-03-18,29.1,24.6,26.5,5.6,5.6,3.9,11.6,20.25,99,76,Sumenep,-6.9924,113.8607
2020-03-19,30.1,24.5,26.8,10.8,10.8,4.16,13.1,21.06,100,78,Sumenep,-6.9924,113.8607
2020-03-20,29.9,24.9,27.0,1.6,1.6,4.53,8.9,22.55,99,71,Sumenep,-6.9924,113.8607
2020-03-21,29.3,23.9,26.5,6.0,6.0,4.23,11.9,21.68,100,72,Sumenep,-6.9924,113.8607
2020-03-22,29.5,24.4,26.5,16.1,16.1,3.48,6.1,17.45,99,81,Sumenep,-6.9924,113.8607
2020-03-23,30.1,24.0,26.4,6.9,6.9,4.1,8.4,20.42,99,74,Sumenep,-6.9924,113.8607
2020-03-24,29.1,23.5,25.9,10.1,10.1,3.32,8.1,17.16,100,77,Sumenep,-6.9924,113.8607
2020-03-25,30.3,24.6,27.3,1.4,1.4,4.59,10.7,23.08,99,73,Sumenep,-6.9924,113.8607
2020-03-26,30.5,25.6,27.7,2.2,2.2,4.92,14.2,24.57,95,68,Sumenep,-6.9924,113.8607
2020-03-27,30.9,24.6,27.3,5.5,5.5,4.41,7.4,21.95,99,69,Sumenep,-6.9924,113.8607
2020-03-28,30.4,24.3,27.1,1.2,1.2,4.39,9.7,21.78,100,71,Sumenep,-6.9924,113.8607
2020-03-29,28.6,25.0,26.4,28.5,28.5,3.28,8.9,16.86,100,81,Sumenep,-6.9924,113.8607
2020-03-30,30.6,24.2,26.7,9.7,9.7,4.01,7.9,20.02,100,71,Sumenep,-6.9924,113.8607
2020-03-31,29.5,24.2,26.2,19.2,19.2,3.86,14.0,20.32,100,75,Sumenep,-6.9924,113.8607
2020-04-01,29.6,24.1,26.4,6.7,6.7,3.55,9.0,17.79,99,76,Sumenep,-6.9924,113.8607
2020-04-02,29.8,25.1,26.9,10.5,10.5,3.73,5.6,18.56,99,73,Sumenep,-6.9924,113.8607
2020-04-03,30.2,24.9,26.7,8.4,8.4,4.04,9.0,20.38,100,73,Sumenep,-6.9924,113.8607
2020-04-04,28.6,24.6,26.2,26.4,26.4,2.65,8.2,13.4,100,88,Sumenep,-6.9924,113.8607
2020-04-05,29.6,24.4,26.2,9.9,9.9,3.22,7.6,15.83,99,78,Sumenep,-6.9924,113.8607
2020-04-06,28.6,24.2,26.0,5.7,5.7,2.89,6.4,14.52,100,79,Sumenep,-6.9924,113.8607
2020-04-07,28.6,24.3,25.9,17.7,17.7,3.18,5.9,15.78,99,79,Sumenep,-6.9924,113.8607
2020-04-08,29.4,23.5,26.0,10.9,10.9,3.9,8.4,19.96,100,74,Sumenep,-6.9924,113.8607
2020-04-09,30.1,24.2,26.9,1.8,1.8,4.27,10.9,21.38,100,71,Sumenep,-6.9924,113.8607
2020-04-10,30.6,24.8,27.3,5.8,5.8,4.62,14.3,23.19,99,69,Sumenep,-6.9924,113.8607
2020-04-11,30.0,24.6,26.7,3.7,3.7,3.79,8.7,19.03,99,73,Sumenep,-6.9924,113.8607
2020-04-12,29.6,23.9,25.7,29.8,29.8,3.08,8.1,15.5,99,74,Sumenep,-6.9924,113.8607
2020-04-13,30.2,23.4,26.5,1.6,1.6,4.23,6.1,21.16,99,70,Sumenep,-6.9924,113.8607
2020-04-14,29.4,23.8,26.2,7.1,7.1,3.62,6.2,18.2,100,75,Sumenep,-6.9924,113.8607
2020-04-15,30.6,25.0,27.2,2.5,2.5,4.44,6.5,22.04,99,71,Sumenep,-6.9924,113.8607
2020-04-16,30.5,25.2,27.3,4.0,4.0,4.23,10.4,21.04,98,73,Sumenep,-6.9924,113.8607
2020-04-17,29.4,25.0,26.8,15.2,15.2,3.43,9.7,17.54,99,78,Sumenep,-6.9924,113.8607
2020-04-18,29.6,24.6,26.7,10.5,10.5,3.26,8.0,16.46,100,77,Sumenep,-6.9924,113.8607
2020-04-19,28.8,24.2,26.1,6.6,6.6,3.25,7.9,16.44,100,79,Sumenep,-6.9924,113.8607
2020-04-20,31.0,24.6,27.5,0.7,0.7,4.05,8.2,19.9,97,73,Sumenep,-6.9924,113.8607
2020-04-21,29.6,25.2,27.4,2.3,2.3,4.17,12.2,21.22,95,72,Sumenep,-6.9924,113.8607
2020-04-22,30.0,25.6,27.6,4.1,4.1,3.97,15.8,19.92,93,71,Sumenep,-6.9924,113.8607
2020-04-23,30.4,25.1,27.7,1.9,1.9,4.49,16.2,22.19,98,70,Sumenep,-6.9924,113.8607
2020-04-24,30.5,25.8,27.8,0.9,0.9,4.58,14.7,22.35,90,66,Sumenep,-6.9924,113.8607
2020-04-25,29.2,25.8,27.3,7.9,7.9,2.88,14.2,13.51,95,75,Sumenep,-6.9924,113.8607
2020-04-26,30.0,25.0,27.3,1.7,1.7,3.65,14.2,17.96,98,73,Sumenep,-6.9924,113.8607
2020-04-27,30.5,25.5,27.7,0.5,0.5,4.67,13.5,22.62,91,61,Sumenep,-6.9924,113.8607
2020-04-28,29.5,25.4,27.3,0.7,0.7,3.48,11.2,16.66,92,69,Sumenep,-6.9924,113.8607
2020-04-29,29.5,24.5,27.2,5.1,5.1,4.04,12.1,19.81,97,69,Sumenep,-6.9924,113.8607
2020-04-30,28.8,25.0,26.8,5.4,5.4,3.03,12.5,14.7,98,77,Sumenep,-6.9924,113.8607
2020-05-01,29.5,25.1,27.3,0.9,0.9,3.94,14.1,19.2,93,70,Sumenep,-6.9924,113.8607
2020-05-02,30.5,25.5,27.4,0.6,0.6,4.05,15.3,19.69,96,67,Sumenep,-6.9924,113.8607
2020-05-03,30.0,24.8,27.0,1.7,1.7,3.42,11.8,16.36,98,70,Sumenep,-6.9924,113.8607
2020-05-04,30.7,25.0,27.6,1.2,1.2,3.95,14.1,18.92,97,69,Sumenep,-6.9924,113.8607
2020-05-05,30.5,25.4,27.7,2.8,2.8,4.32,15.9,21.33,97,69,Sumenep,-6.9924,113.8607
2020-05-06,30.5,26.5,28.1,1.2,1.2,4.49,15.3,21.77,90,68,Sumenep,-6.9924,113.8607
2020-05-07,31.1,26.0,28.4,0.0,0.0,4.82,14.8,22.58,89,63,Sumenep,-6.9924,113.8607
2020-05-08,30.9,26.0,28.2,3.2,3.2,4.38,18.9,20.8,96,69,Sumenep,-6.9924,113.8607
2020-05-09,30.2,24.5,26.9,14.8,14.8,3.38,15.9,16.96,100,75,Sumenep,-6.9924,113.8607
2020-05-10,30.3,24.8,27.6,1.7,1.7,4.18,16.3,19.94,99,68,Sumenep,-6.9924,113.8607
2020-05-11,30.0,26.2,27.9,1.1,1.1,4.27,16.4,19.93,88,69,Sumenep,-6.9924,113.8607
2020-05-12,30.3,26.4,28.0,0.9,0.9,4.49,16.4,20.55,86,66,Sumenep,-6.9924,113.8607
2020-05-13,29.8,26.5,27.8,0.8,0.8,4.49,18.7,20.71,84,68,Sumenep,-6.9924,113.8607
2020-05-14,30.0,26.2,27.9,0.9,0.9,4.48,18.4,20.25,84,69,Sumenep,-6.9924,113.8607
2020-05-15,30.5,26.7,28.3,0.5,0.5,4.74,18.2,20.93,85,67,Sumenep,-6.9924,113.8607
2020-05-16,30.9,27.0,28.6,0.2,0.2,4.88,19.0,21.66,85,68,Sumenep,-6.9924,113.8607
2020-05-17,30.6,26.7,28.4,2.2,2.2,4.37,18.0,19.99,88,70,Sumenep,-6.9924,113.8607
2020-05-18,29.5,25.2,27.2,14.5,14.5,3.01,15.5,14.23,99,70,Sumenep,-6.9924,113.8607
2020-05-19,29.8,24.5,26.8,9.2,9.2,3.15,14.2,15.3,100,73,Sumenep,-6.9924,113.8607
2020-05-20,28.7,25.1,26.6,20.9,20.9,3.14,15.8,16.75,98,79,Sumenep,-6.9924,113.8607
2020-05-21,28.2,24.5,26.0,19.9,19.9,2.39,9.9,12.22,100,84,Sumenep,-6.9924,113.8607
2020-05-22,30.2,24.5,26.8,3.1,3.1,3.46,7.0,16.98,99,74,Sumenep,-6.9924,113.8607
2020-05-23,30.8,24.8,27.3,3.3,3.3,3.82,5.9,18.85,99,72,Sumenep,-6.9924,113.8607
2020-05-24,31.1,25.2,27.7,1.4,1.4,4.05,6.5,19.76,99,64,Sumenep,-6.9924,113.8607
2020-05-25,30.5,25.0,27.6,2.0,2.0,3.87,8.7,19.32,99,73,Sumenep,-6.9924,113.8607
2020-05-26,30.2,24.9,27.1,8.3,8.3,3.67,8.8,18.18,100,71,Sumenep,-6.9924,113.8607
2020-05-27,29.2,24.1,26.3,20.2,20.2,3.37,10.1,17.38,99,80,Sumenep,-6.9924,113.8607
2020-05-28,26.7,24.4,25.3,32.3,32.3,1.69,10.5,8.66,100,84,Sumenep,-6.9924,113.8607
2020-05-29,29.6,24.8,27.2,4.7,4.7,3.2,13.1,15.38,99,72,Sumenep,-6.9924,113.8607
2020-05-30,30.1,25.6,27.6,1.0,1.0,3.94,16.8,19.21,94,71,Sumenep,-6.9924,113.8607
2020-05-31,29.0,24.5,26.4,16.0,16.0,2.89,13.4,15.01,99,78,Sumenep,-6.9924,113.8607
2020-06-01,29.9,24.7,27.0,3.7,3.7,3.2,15.8,15.22,98,70,Sumenep,-6.9924,113.8607
2020-06-02,29.1,25.1,26.9,6.4,6.4,3.43,13.6,17.0,94,76,Sumenep,-6.9924,113.8607
2020-06-03,30.0,26.1,27.6,0.5,0.5,4.43,21.6,19.76,87,63,Sumenep,-6.9924,113.8607
2020-06-04,29.3,25.9,27.1,1.1,1.1,4.16,19.4,19.04,87,64,Sumenep,-6.9924,113.8607
2020-06-05,29.4,25.0,26.9,0.5,0.5,4.15,17.1,19.89,90,70,Sumenep,-6.9924,113.8607
2020-06-06,30.2,23.5,27.0,0.3,0.3,4.23,14.0,20.15,96,65,Sumenep,-6.9924,113.8607
2020-06-07,28.9,25.0,26.6,1.4,1.4,3.82,12.5,19.06,92,71,Sumenep,-6.9924,113.8607
2020-06-08,29.1,25.0,26.7,0.4,0.4,3.98,16.2,19.42,90,67,Sumenep,-6.9924,113.8607
2020-06-09,29.1,24.6,26.7,0.0,0.0,4.53,16.6,21.3,89,62,Sumenep,-6.9924,113.8607
2020-06-10,28.6,24.2,26.4,2.6,2.6,3.85,15.9,18.69,93,69,Sumenep,-6.9924,113.8607
2020-06-11,28.8,23.9,26.1,2.1,2.1,3.85,12.0,19.4,94,69,Sumenep,-6.9924,113.8607
2020-06-12,29.5,23.5,26.2,0.0,0.0,4.2,11.5,21.37,96,67,Sumenep,-6.9924,113.8607
2020-06-13,28.9,25.1,26.9,1.0,1.0,2.75,11.8,11.53,90,69,Sumenep,-6.9924,113.8607
2020-06-14,28.0,24.1,26.3,9.5,9.5,2.97,14.2,15.21,98,78,Sumenep,-6.9924,113.8607
2020-06-15,28.9,25.4,26.9,1.6,1.6,3.33,14.8,16.47,92,74,Sumenep,-6.9924,113.8607
2020-06-16,29.6,25.1,27.1,0.5,0.5,3.99,16.6,19.08,94,67,Sumenep,-6.9924,113.8607
2020-06-17,29.9,26.0,27.7,0.1,0.1,4.29,17.1,18.78,87,64,Sumenep,-6.9924,113.8607
2020-06-18,29.8,26.1,27.6,0.9,0.9,4.22,17.6,19.07,86,68,Sumenep,-6.9924,113.8607
2020-06-19,29.9,26.0,27.5,0.0,0.0,4.59,17.6,20.42,86,65,Sumenep,-6.9924,113.8607
2020-06-20,29.7,26.2,27.6,0.0,0.0,4.33,16.9,17.7,80,62,Sumenep,-6.9924,113.8607
2020-06-21,29.6,26.1,27.5,0.1,0.1,4.01,16.4,16.78,85,65,Sumenep,-6.9924,113.8607
2020-06-22,29.7,25.5,27.2,0.1,0.1,4.36,18.6,19.41,90,64,Sumenep,-6.9924,113.8607
2020-06-23,29.4,25.6,27.2,0.0,0.0,4.57,17.2,20.71,84,65,Sumenep,-6.9924,113.8607
2020-06-24,29.8,24.6,27.0,0.0,0.0,4.42,17.1,20.63,93,61,Sumenep,-6.9924,113.8607
2020-06-25,29.5,22.9,26.5,0.0,0.0,4.68,16.8,21.37,99,55,Sumenep,-6.9924,113.8607
2020-06-26,29.4,23.5,26.5,0.2,0.2,4.2,14.6,20.61,92,66,Sumenep,-6.9924,113.8607
2020-06-27,29.4,24.6,26.6,0.0,0.0,4.43,14.2,21.03,86,60,Sumenep,-6.9924,113.8607
2020-06-28,29.5,24.0,26.8,0.0,0.0,4.09,13.1,19.77,95,61,Sumenep,-6.9924,113.8607
2020-06-29,29.1,24.9,26.7,1.6,1.6,3.96,16.3,18.98,91,67,Sumenep,-6.9924,113.8607
2020-06-30,29.5,24.9,27.0,0.0,0.0,4.59,17.3,21.01,91,60,Sumenep,-6.9924,113.8607
2020-07-01,30.0,25.9,27.5,0.2,0.2,4.74,17.9,19.98,80,61,Sumenep,-6.9924,113.8607
2020-07-02,30.3,25.4,27.3,0.0,0.0,4.64,17.4,20.29,87,58,Sumenep,-6.9924,113.8607
2020-07-03,30.0,24.5,27.1,0.0,0.0,5.0,22.1,21.47,90,53,Sumenep,-6.9924,113.8607
2020-07-04,30.0,25.0,27.1,0.1,0.1,4.75,17.9,20.18,84,58,Sumenep,-6.9924,113.8607
2020-07-05,29.2,25.2,26.9,0.9,0.9,3.95,19.8,17.5,84,63,Sumenep,-6.9924,113.8607
2020-07-06,27.9,24.4,25.9,24.4,24.4,2.84,16.7,13.12,97,74,Sumenep,-6.9924,113.8607
2020-07-07,29.5,24.6,26.8,1.9,1.9,4.12,18.8,19.11,90,67,Sumenep,-6.9924,113.8607
2020-07-08,30.1,24.9,27.3,0.0,0.0,4.73,17.4,20.61,85,57,Sumenep,-6.9924,113.8607
2020-07-09,30.0,24.7,27.2,0.1,0.1,4.58,20.6,20.82,93,62,Sumenep,-6.9924,113.8607
2020-07-10,30.0,24.3,27.2,0.1,0.1,4.59,15.3,20.61,91,57,Sumenep,-6.9924,113.8607
2020-07-11,30.4,25.2,27.4,0.0,0.0,4.67,15.5,20.84,90,55,Sumenep,-6.9924,113.8607
2020-07-12,29.9,25.1,27.1,0.7,0.7,4.16,17.9,18.72,91,61,Sumenep,-6.9924,113.8607
2020-07-13,29.6,25.2,27.2,1.0,1.0,4.43,15.8,20.44,86,66,Sumenep,-6.9924,113.8607
2020-07-14,29.8,25.0,27.1,1.6,1.6,4.27,19.0,19.46,91,64,Sumenep,-6.9924,113.8607
2020-07-15,29.4,25.0,26.6,2.6,2.6,3.43,14.5,15.9,91,65,Sumenep,-6.9924,113.8607
2020-07-16,30.5,24.5,27.0,0.0,0.0,4.61,18.6,21.2,90,59,Sumenep,-6.9924,113.8607
2020-07-17,30.2,23.9,26.9,0.3,0.3,4.3,18.2,19.67,94,61,Sumenep,-6.9924,113.8607
2020-07-18,30.8,24.5,27.5,0.0,0.0,4.71,12.9,21.19,93,51,Sumenep,-6.9924,113.8607
2020-07-19,30.9,25.1,27.7,0.5,0.5,4.62,15.1,20.4,90,59,Sumenep,-6.9924,113.8607
2020-07-20,30.5,25.1,27.4,1.4,1.4,4.37,16.1,19.51,88,60,Sumenep,-6.9924,113.8607
2020-07-21,29.2,25.1,26.9,2.3,2.3,4.13,19.2,18.89,90,64,Sumenep,-6.9924,113.8607
2020-07-22,30.0,25.5,27.3,0.4,0.4,4.73,18.7,20.53,83,61,Sumenep,-6.9924,113.8607
2020-07-23,30.4,25.1,27.3,0.0,0.0,5.15,19.1,21.84,86,54,Sumenep,-6.9924,113.8607
2020-07-24,30.0,25.2,27.2,0.0,0.0,5.59,23.0,22.22,80,54,Sumenep,-6.9924,113.8607
2020-07-25,29.7,23.4,26.4,0.0,0.0,5.44,18.4,22.66,81,45,Sumenep,-6.9924,113.8607
2020-07-26,29.5,24.6,26.7,0.0,0.0,5.64,19.9,21.99,76,46,Sumenep,-6.9924,113.8607
2020-07-27,30.0,24.9,26.8,0.0,0.0,5.35,19.8,22.15,82,48,Sumenep,-6.9924,113.8607
2020-07-28,30.1,24.7,27.0,0.0,0.0,5.39,22.6,22.53,82,52,Sumenep,-6.9924,113.8607
2020-07-29,29.9,23.3,26.3,0.0,0.0,5.51,19.1,23.21,90,39,Sumenep,-6.9924,113.8607
2020-07-30,29.9,22.2,26.1,0.0,0.0,5.15,13.5,22.92,84,41,Sumenep,-6.9924,113.8607
2020-07-31,30.6,23.7,27.0,0.0,0.0,5.07,17.2,22.2,88,47,Sumenep,-6.9924,113.8607
2020-08-01,30.2,23.9,26.9,0.0,0.0,5.07,18.9,22.1,93,51,Sumenep,-6.9924,113.8607
2020-08-02,29.5,24.5,26.4,0.0,0.0,4.93,18.1,21.93,83,55,Sumenep,-6.9924,113.8607
2020-08-03,30.2,24.5,27.0,0.8,0.8,4.75,14.0,21.3,84,58,Sumenep,-6.9924,113.8607
2020-08-04,29.6,23.8,26.4,5.3,5.3,3.65,14.8,15.82,97,61,Sumenep,-6.9924,113.8607
2020-08-05,30.8,25.0,27.5,0.0,0.0,4.96,17.4,21.52,87,56,Sumenep,-6.9924,113.8607
2020-08-06,30.5,23.4,26.9,0.1,0.1,4.92,17.9,21.79,96,50,Sumenep,-6.9924,113.8607
2020-08-07,30.5,23.8,27.0,0.0,0.0,5.07,16.7,22.06,93,54,Sumenep,-6.9924,113.8607
2020-08-08,30.1,24.5,26.9,1.4,1.4,4.71,16.6,21.33,87,58,Sumenep,-6.9924,113.8607
2020-08-09,31.4,24.9,27.4,0.0,0.0,5.06,16.8,22.74,88,54,Sumenep,-6.9924,113.8607
2020-08-10,31.6,25.5,27.8,1.2,1.2,4.52,16.4,19.63,88,56,Sumenep,-6.9924,113.8607
2020-08-11,30.4,24.6,26.9,7.6,7.6,3.71,16.5,17.24,97,64,Sumenep,-6.9924,113.8607
2020-08-12,30.6,24.2,27.2,4.2,4.2,4.62,15.1,21.78,97,60,Sumenep,-6.9924,113.8607
2020-08-13,30.5,25.5,27.7,0.2,0.2,4.7,15.0,21.35,91,61,Sumenep,-6.9924,113.8607
2020-08-14,30.7,25.0,27.5,1.2,1.2,4.56,16.8,21.26,91,61,Sumenep,-6.9924,113.8607
2020-08-15,31.5,24.4,27.5,0.3,0.3,4.92,16.4,22.67,97,56,Sumenep,-6.9924,113.8607
2020-08-16,31.1,24.0,27.3,0.2,0.2,4.92,14.6,22.8,98,57,Sumenep,-6.9924,113.8607
2020-08-17,31.0,24.6,27.6,0.0,0.0,5.18,17.9,22.2,93,54,Sumenep,-6.9924,113.8607
2020-08-18,31.2,25.5,27.9,0.0,0.0,5.85,22.1,23.73,83,49,Sumenep,-6.9924,113.8607
2020-08-19,31.2,25.0,27.6,0.0,0.0,5.72,17.2,23.93,80,46,Sumenep,-6.9924,113.8607
2020-08-20,30.1,24.5,26.8,1.3,1.3,4.8,18.2,21.14,86,56,Sumenep,-6.9924,113.8607
2020-08-21,31.5,25.5,27.8,0.0,0.0,5.82,19.6,23.5,82,50,Sumenep,-6.9924,113.8607
2020-08-22,31.5,25.4,27.9,0.0,0.0,5.88,20.8,23.93,82,49,Sumenep,-6.9924,113.8607
2020-08-23,31.5,25.5,27.9,0.0,0.0,5.48,18.1,23.86,89,52,Sumenep,-6.9924,113.8607
2020-08-24,31.6,25.2,27.6,0.0,0.0,5.77,18.9,24.42,88,46,Sumenep,-6.9924,113.8607
2020-08-25,31.2,25.5,27.6,0.0,0.0,5.67,19.5,24.49,86,54,Sumenep,-6.9924,113.8607
2020-08-26,31.4,25.1,27.9,0.0,0.0,6.58,27.2,24.87,82,47,Sumenep,-6.9924,113.8607
2020-08-27,30.6,25.1,27.4,0.0,0.0,6.01,19.3,24.04,76,50,Sumenep,-6.9924,113.8607
2020-08-28,31.4,25.6,28.0,0.0,0.0,5.44,16.2,22.02,79,54,Sumenep,-6.9924,113.8607
2020-08-29,32.1,25.4,28.1,0.0,0.0,6.04,19.6,24.43,83,47,Sumenep,-6.9924,113.8607
2020-08-30,31.2,25.6,27.9,0.0,0.0,6.14,19.3,24.8,77,47,Sumenep,-6.9924,113.8607
2020-08-31,31.2,25.2,27.8,0.0,0.0,6.12,19.4,24.78,81,48,Sumenep,-6.9924,113.8607
2020-09-01,32.3,25.1,28.5,0.0,0.0,5.81,17.4,23.79,88,47,Sumenep,-6.9924,113.8607
2020-09-02,32.3,24.6,28.4,0.1,0.1,5.49,17.1,22.83,97,49,Sumenep,-6.9924,113.8607
2020-09-03,31.8,25.8,28.3,0.6,0.6,5.26,18.3,22.37,88,53,Sumenep,-6.9924,113.8607
2020-09-04,31.9,25.5,28.2,0.2,0.2,5.67,19.4,24.8,90,51,Sumenep,-6.9924,113.8607
2020-09-05,31.8,25.2,28.3,0.1,0.1,5.73,18.4,24.58,88,51,Sumenep,-6.9924,113.8607
2020-09-06,32.4,24.5,27.9,0.0,0.0,5.7,17.3,24.77,95,45,Sumenep,-6.9924,113.8607
2020-09-07,32.2,24.5,28.0,0.0,0.0,5.69,18.1,24.54,94,45,Sumenep,-6.9924,113.8607
2020-09-08,31.9,25.6,28.2,0.0,0.0,5.9,16.3,24.59,86,51,Sumenep,-6.9924,113.8607
2020-09-09,31.6,25.6,28.1,0.1,0.1,5.7,17.4,23.82,86,48,Sumenep,-6.9924,113.8607
2020-09-10,31.6,25.6,28.0,0.0,0.0,5.86,17.1,25.2,84,52,Sumenep,-6.9924,113.8607
2020-09-11,32.0,23.0,27.8,0.0,0.0,5.88,17.4,25.52,98,47,Sumenep,-6.9924,113.8607
2020-09-12,32.0,24.1,28.1,0.0,0.0,5.83,17.7,24.4,90,45,Sumenep,-6.9924,113.8607
2020-09-13,32.0,24.3,28.2,0.0,0.0,6.0,18.2,25.39,93,43,Sumenep,-6.9924,113.8607
2020-09-14,31.7,23.5,27.8,0.0,0.0,5.9,17.6,25.65,96,45,Sumenep,-6.9924,113.8607
2020-09-15,32.2,25.4,28.2,0.0,0.0,6.47,16.6,25.71,77,41,Sumenep,-6.9924,113.8607
2020-09-16,31.4,24.5,27.8,0.0,0.0,6.12,17.7,25.47,83,46,Sumenep,-6.9924,113.8607
2020-09-17,31.2,24.9,27.7,1.2,1.2,5.47,15.8,24.3,85,53,Sumenep,-6.9924,113.8607
2020-09-18,32.6,25.3,28.2,0.0,0.0,5.79,21.3,23.92,86,47,Sumenep,-6.9924,113.8607
2020-09-19,32.2,26.2,28.5,0.6,0.6,5.56,19.6,22.64,87,55,Sumenep,-6.9924,113.8607
2020-09-20,32.8,25.4,28.5,0.3,0.3,5.65,16.7,24.69,91,50,Sumenep,-6.9924,113.8607
2020-09-21,33.8,24.8,29.0,0.0,0.0,5.85,18.1,25.38,94,42,Sumenep,-6.9924,113.8607
2020-09-22,32.7,25.5,28.5,3.2,3.2,4.97,13.0,22.13,98,51,Sumenep,-6.9924,113.8607
2020-09-23,33.2,24.0,28.3,0.7,0.7,5.8,18.9,25.37,100,47,Sumenep,-6.9924,113.8607
2020-09-24,33.0,25.5,28.9,0.0,0.0,6.09,16.6,25.64,92,43,Sumenep,-6.9924,113.8607
2020-09-25,33.5,24.8,29.1,0.5,0.5,5.92,15.9,24.61,96,42,Sumenep,-6.9924,113.8607
2020-09-26,33.2,24.5,29.0,0.0,0.0,5.73,16.1,22.8,96,46,Sumenep,-6.9924,113.8607
2020-09-27,33.3,25.4,29.2,0.0,0.0,6.23,16.6,25.33,92,44,Sumenep,-6.9924,113.8607
2020-09-28,33.2,25.0,29.1,0.0,0.0,6.3,21.0,25.46,93,45,Sumenep,-6.9924,113.8607
2020-09-29,33.0,25.9,29.0,0.0,0.0,6.38,15.6,26.19,83,43,Sumenep,-6.9924,113.8607
2020-09-30,32.5,25.2,28.5,0.3,0.3,5.55,16.2,23.58,90,51,Sumenep,-6.9924,113.8607
2020-10-01,33.5,26.3,29.1,0.0,0.0,6.23,18.3,25.87,85,48,Sumenep,-6.9924,113.8607
2020-10-02,33.6,26.5,29.2,0.0,0.0,6.26,19.2,26.01,84,47,Sumenep,-6.9924,113.8607
2020-10-03,32.8,25.5,29.0,0.1,0.1,6.04,16.9,25.43,88,48,Sumenep,-6.9924,113.8607
2020-10-04,32.9,25.5,28.8,0.6,0.6,6.02,17.9,25.5,88,45,Sumenep,-6.9924,113.8607
2020-10-05,32.8,24.4,28.6,0.1,0.1,6.0,16.3,25.41,95,42,Sumenep,-6.9924,113.8607
2020-10-06,32.8,24.8,28.6,0.4,0.4,6.15,23.8,25.43,94,45,Sumenep,-6.9924,113.8607
2020-10-07,32.3,25.0,28.6,0.0,0.0,6.29,16.8,26.15,88,45,Sumenep,-6.9924,113.8607
2020-10-08,32.2,25.2,28.7,0.0,0.0,5.95,16.6,24.21,85,46,Sumenep,-6.9924,113.8607
2020-10-09,32.8,25.2,28.7,0.0,0.0,5.09,13.8,20.46,91,47,Sumenep,-6.9924,113.8607
2020-10-10,29.7,26.5,27.4,8.6,8.6,2.97,15.5,12.47,87,66,Sumenep,-6.9924,113.8607
2020-10-11,33.2,25.9,28.9,0.0,0.0,6.13,19.7,25.24,89,42,Sumenep,-6.9924,113.8607
2020-10-12,32.6,26.2,28.8,0.6,0.6,5.97,18.9,24.65,87,51,Sumenep,-6.9924,113.8607
2020-10-13,31.9,26.0,28.5,0.6,0.6,5.97,23.4,25.03,81,54,Sumenep,-6.9924,113.8607
2020-10-14,33.0,26.1,28.9,0.1,0.1,5.8,16.3,24.27,88,50,Sumenep,-6.9924,113.8607
2020-10-15,33.4,25.1,29.0,0.0,0.0,5.56,17.6,22.35,94,42,Sumenep,-6.9924,113.8607
2020-10-16,32.7,26.4,29.1,0.0,0.0,5.81,17.2,24.79,87,51,Sumenep,-6.9924,113.8607
2020-10-17,33.8,24.3,29.0,0.2,0.2,6.24,15.5,25.96,97,41,Sumenep,-6.9924,113.8607
2020-10-18,30.5,26.3,28.1,1.1,1.1,3.88,13.1,14.77,81,52,Sumenep,-6.9924,113.8607
2020-10-19,28.0,24.2,25.9,44.0,44.0,2.22,17.5,10.0,98,68,Sumenep,-6.9924,113.8607
2020-10-20,30.4,23.6,26.6,8.7,8.7,3.9,12.3,18.89,99,67,Sumenep,-6.9924,113.8607
2020-10-21,31.6,24.8,28.0,1.8,1.8,4.87,10.9,22.72,96,60,Sumenep,-6.9924,113.8607
2020-10-22,31.7,24.5,28.0,2.5,2.5,5.29,9.9,24.72,96,54,Sumenep,-6.9924,113.8607
2020-10-23,31.7,24.7,27.8,3.1,3.1,5.08,8.7,24.2,100,60,Sumenep,-6.9924,113.8607
2020-10-24,32.2,24.4,28.0,1.1,1.1,5.24,13.4,24.42,99,55,Sumenep,-6.9924,113.8607
2020-10-25,32.0,25.7,28.4,3.3,3.3,5.08,13.5,23.46,95,58,Sumenep,-6.9924,113.8607
2020-10-26,32.9,24.7,28.2,2.4,2.4,4.78,8.4,22.65,99,56,Sumenep,-6.9924,113.8607
2020-10-27,31.6,24.5,26.9,12.4,12.4,4.01,10.9,19.39,99,61,Sumenep,-6.9924,113.8607
2020-10-28,31.6,24.1,27.9,0.1,0.1,5.41,14.8,25.13,99,58,Sumenep,-6.9924,113.8607
2020-10-29,32.0,26.0,28.7,1.4,1.4,5.38,15.4,23.89,90,57,Sumenep,-6.9924,113.8607
2020-10-30,30.4,25.2,27.4,2.6,2.6,3.76,13.7,17.99,96,67,Sumenep,-6.9924,113.8607
2020-10-31,30.1,24.5,26.6,15.5,15.5,3.39,10.6,16.24,100,71,Sumenep,-6.9924,113.8607
2020-11-01,31.0,23.9,26.7,11.3,11.3,4.01,12.6,19.34,100,57,Sumenep,-6.9924,113.8607
2020-11-02,29.1,23.8,26.1,4.9,4.9,3.09,11.0,15.21,99,74,Sumenep,-6.9924,113.8607
2020-11-03,31.0,24.1,27.2,3.0,3.0,4.74,13.8,23.1,100,63,Sumenep,-6.9924,113.8607
2020-11-04,29.6,25.5,27.3,12.2,12.2,3.58,12.3,16.78,91,66,Sumenep,-6.9924,113.8607
2020-11-05,31.6,25.6,28.5,0.2,0.2,5.32,16.5,24.51,96,60,Sumenep,-6.9924,113.8607
2020-11-06,32.3,25.3,28.4,0.0,0.0,5.56,14.5,26.01,95,56,Sumenep,-6.9924,113.8607
2020-11-07,33.4,24.9,28.6,0.0,0.0,5.83,13.0,26.72,95,45,Sumenep,-6.9924,113.8607
2020-11-08,32.5,24.5,28.1,0.8,0.8,5.41,10.2,25.17,97,52,Sumenep,-6.9924,113.8607
2020-11-09,33.2,22.6,28.1,0.3,0.3,5.74,9.5,26.54,98,47,Sumenep,-6.9924,113.8607
2020-11-10,33.2,24.5,28.8,0.0,0.0,5.95,13.7,26.16,97,45,Sumenep,-6.9924,113.8607
2020-11-11,31.1,25.0,27.9,7.3,7.3,4.56,16.3,20.83,94,60,Sumenep,-6.9924,113.8607
2020-11-12,33.0,26.5,29.2,0.4,0.4,5.67,15.3,24.37,91,51,Sumenep,-6.9924,113.8607
2020-11-13,33.2,26.5,29.2,0.3,0.3,5.57,15.0,24.94,95,54,Sumenep,-6.9924,113.8607
2020-11-14,33.3,26.2,29.4,1.2,1.2,5.61,14.3,24.95,93,53,Sumenep,-6.9924,113.8607
2020-11-15,31.6,26.0,28.4,1.6,1.6,4.58,15.0,20.03,93,60,Sumenep,-6.9924,113.8607
2020-11-16,32.8,25.8,29.1,0.0,0.0,5.85,15.0,25.87,93,53,Sumenep,-6.9924,113.8607
2020-11-17,33.4,25.2,29.5,0.0,0.0,5.96,14.4,25.36,99,46,Sumenep,-6.9924,113.8607
2020-11-18,33.1,26.6,29.5,0.3,0.3,5.91,16.3,25.42,85,51,Sumenep,-6.9924,113.8607
2020-11-19,33.4,26.6,29.4,0.1,0.1,5.41,15.3,23.04,89,54,Sumenep,-6.9924,113.8607
2020-11-20,32.5,25.4,28.5,2.9,2.9,4.22,7.9,19.75,99,62,Sumenep,-6.9924,113.8607
2020-11-21,32.7,25.2,28.8,2.8,2.8,5.14,11.0,23.8,99,56,Sumenep,-6.9924,113.8607
2020-11-22,31.5,25.0,27.8,8.8,8.8,4.35,12.2,20.35,99,58,Sumenep,-6.9924,113.8607
2020-11-23,29.9,24.5,26.8,12.8,12.8,3.62,7.1,17.71,99,70,Sumenep,-6.9924,113.8607
2020-11-24,31.0,24.5,26.8,11.4,11.4,3.96,7.6,19.29,98,65,Sumenep,-6.9924,113.8607
2020-11-25,30.5,24.6,26.4,19.7,19.7,3.03,8.7,14.67,99,67,Sumenep,-6.9924,113.8607
2020-11-26,30.6,24.1,26.5,13.1,13.1,3.47,7.2,16.98,99,67,Sumenep,-6.9924,113.8607
2020-11-27,29.7,23.8,26.0,10.1,10.1,3.01,8.0,14.43,100,68,Sumenep,-6.9924,113.8607
2020-11-28,29.4,24.5,26.4,14.5,14.5,3.26,5.9,15.86,99,69,Sumenep,-6.9924,113.8607
2020-11-29,26.4,23.2,24.8,19.2,19.2,1.66,8.3,8.16,99,88,Sumenep,-6.9924,113.8607
2020-11-30,25.9,23.5,24.7,21.9,21.9,1.2,10.8,6.08,99,97,Sumenep,-6.9924,113.8607
2020-12-01,29.8,23.4,26.2,4.6,4.6,3.51,6.0,17.19,98,68,Sumenep,-6.9924,113.8607
2020-12-02,30.8,24.1,26.4,27.0,27.0,3.96,6.6,19.87,99,67,Sumenep,-6.9924,113.8607
2020-12-03,29.6,24.5,26.2,11.3,11.3,2.34,9.1,11.17,99,75,Sumenep,-6.9924,113.8607
2020-12-04,31.0,24.5,26.6,23.9,23.9,3.66,11.0,17.7,98,65,Sumenep,-6.9924,113.8607
2020-12-05,30.9,24.1,26.1,18.8,18.8,3.16,11.9,15.13,99,63,Sumenep,-6.9924,113.8607
2020-12-06,29.3,24.0,25.8,19.3,19.3,3.04,19.7,16.02,99,81,Sumenep,-6.9924,113.8607
2020-12-07,28.4,24.0,25.7,18.3,18.3,3.14,21.9,17.13,99,79,Sumenep,-6.9924,113.8607
2020-12-08,28.0,24.0,26.1,19.1,19.1,2.87,22.3,14.4,99,81,Sumenep,-6.9924,113.8607
2020-12-09,29.1,24.2,25.9,9.3,9.3,3.06,31.7,14.88,97,65,Sumenep,-6.9924,113.8607
2020-12-10,28.8,24.2,26.4,6.3,6.3,3.59,24.8,18.2,99,76,Sumenep,-6.9924,113.8607
2020-12-11,29.3,24.6,26.3,10.3,10.3,3.52,18.1,17.9,94,73,Sumenep,-6.9924,113.8607
2020-12-12,27.3,24.1,25.3,15.5,15.5,2.07,16.3,10.46,98,83,Sumenep,-6.9924,113.8607
2020-12-13,30.4,23.1,25.8,10.6,10.6,3.63,15.8,17.32,99,62,Sumenep,-6.9924,113.8607
2020-12-14,30.0,23.0,25.8,8.7,8.7,3.62,10.8,17.65,99,67,Sumenep,-6.9924,113.8607
2020-12-15,26.4,23.6,24.9,16.9,16.9,1.64,6.5,8.14,100,85,Sumenep,-6.9924,113.8607
2020-12-16,29.1,23.6,25.5,15.8,15.8,2.99,8.7,14.87,99,76,Sumenep,-6.9924,113.8607
2020-12-17,28.4,23.4,25.2,30.0,30.0,2.54,13.0,12.98,99,76,Sumenep,-6.9924,113.8607
2020-12-18,30.5,23.5,26.2,3.7,3.7,4.06,15.8,19.25,95,58,Sumenep,-6.9924,113.8607
2020-12-19,29.6,24.0,25.7,11.2,11.2,2.81,12.1,13.45,94,71,Sumenep,-6.9924,113.8607
2020-12-20,30.2,24.1,26.5,2.3,2.3,3.1,10.2,14.15,99,61,Sumenep,-6.9924,113.8607
2020-12-21,31.1,24.2,27.1,1.3,1.3,4.58,10.4,21.96,98,59,Sumenep,-6.9924,113.8607
2020-12-22,30.2,24.5,27.1,3.1,3.1,4.38,7.0,21.47,97,73,Sumenep,-6.9924,113.8607
2020-12-23,30.2,24.6,27.1,2.2,2.2,4.48,8.6,22.09,97,66,Sumenep,-6.9924,113.8607
2020-12-24,29.9,24.0,26.4,4.3,4.3,3.99,6.4,19.65,99,70,Sumenep,-6.9924,113.8607
2020-12-25,29.6,23.8,26.0,22.4,22.4,4.0,9.7,20.44,100,72,Sumenep,-6.9924,113.8607
2020-12-26,29.0,24.0,26.1,7.3,7.3,3.62,6.3,18.14,99,76,Sumenep,-6.9924,113.8607
2020-12-27,29.4,23.5,26.1,25.1,25.1,3.76,11.3,19.02,100,74,Sumenep,-6.9924,113.8607
2020-12-28,29.5,23.6,25.7,28.6,28.6,3.79,8.8,18.99,99,74,Sumenep,-6.9924,113.8607
2020-12-29,29.5,23.5,25.7,14.8,14.8,3.14,11.3,15.64,99,69,Sumenep,-6.9924,113.8607
2020-12-30,27.5,23.2,24.7,34.7,34.7,1.89,11.5,9.57,100,88,Sumenep,-6.9924,113.8607
2020-12-31,28.6,23.4,25.5,2.7,2.7,2.98,8.0,14.41,99,69,Sumenep,-6.9924,113.8607
2021-01-01,29.2,23.2,26.0,3.5,3.5,4.01,12.9,20.4,99,72,Sumenep,-6.9924,113.8607
2021-01-02,28.4,23.0,25.6,20.6,20.6,3.33,8.7,16.6,99,80,Sumenep,-6.9924,113.8607
2021-01-03,29.4,23.8,26.0,23.6,23.6,3.78,10.7,19.41,99,77,Sumenep,-6.9924,113.8607
2021-01-04,28.4,23.8,25.7,18.3,18.3,3.12,9.2,15.72,99,76,Sumenep,-6.9924,113.8607
2021-01-05,27.9,23.1,25.1,22.5,22.5,2.93,13.1,15.57,99,81,Sumenep,-6.9924,113.8607
2021-01-06,29.6,23.3,25.6,27.8,27.8,3.24,10.5,16.21,99,72,Sumenep,-6.9924,113.8607
2021-01-07,28.2,23.5,25.3,19.7,19.7,2.59,9.2,13.01,99,79,Sumenep,-6.9924,113.8607
2021-01-08,28.4,24.0,25.5,19.3,19.3,2.49,8.3,12.21,99,80,Sumenep,-6.9924,113.8607
2021-01-09,28.8,23.5,25.9,16.6,16.6,3.11,6.9,15.53,99,78,Sumenep,-6.9924,113.8607
2021-01-10,29.5,24.0,25.7,30.9,30.9,3.76,8.4,19.58,100,77,Sumenep,-6.9924,113.8607
2021-01-11,28.1,24.0,25.9,17.5,17.5,3.51,12.3,18.29,100,79,Sumenep,-6.9924,113.8607
2021-01-12,29.1,23.5,26.1,7.0,7.0,3.95,6.7,19.99,99,79,Sumenep,-6.9924,113.8607
2021-01-13,29.7,23.8,26.1,20.1,20.1,3.97,7.9,19.99,99,76,Sumenep,-6.9924,113.8607
2021-01-14,29.6,23.6,26.4,30.2,30.2,4.06,9.8,20.25,99,74,Sumenep,-6.9924,113.8607
2021-01-15,30.2,24.3,26.1,5.1,5.1,3.28,13.0,16.01,99,71,Sumenep,-6.9924,113.8607
2021-01-16,29.2,23.9,25.4,19.7,19.7,2.67,8.8,12.93,99,73,Sumenep,-6.9924,113.8607
2021-01-17,28.3,23.8,25.4,15.6,15.6,2.77,14.1,14.23,97,73,Sumenep,-6.9924,113.8607
2021-01-18,27.0,23.6,25.0,6.5,6.5,2.37,16.3,12.4,98,80,Sumenep,-6.9924,113.8607
2021-01-19,27.6,23.3,25.0,13.0,13.0,2.26,20.2,11.11,98,72,Sumenep,-6.9924,113.8607
2021-01-20,28.7,23.9,26.0,1.4,1.4,3.2,14.2,15.39,92,72,Sumenep,-6.9924,113.8607
2021-01-21,30.0,23.6,26.4,5.3,5.3,4.37,14.8,21.73,98,70,Sumenep,-6.9924,113.8607
2021-01-22,29.9,23.5,25.5,27.2,27.2,3.15,12.6,16.04,99,73,Sumenep,-6.9924,113.8607
2021-01-23,29.1,23.5,25.7,9.3,9.3,3.65,9.2,18.57,99,77,Sumenep,-6.9924,113.8607
2021-01-24,28.4,23.0,25.3,14.3,14.3,3.38,11.9,17.56,99,76,Sumenep,-6.9924,113.8607
2021-01-25,28.4,23.0,24.9,16.0,16.0,2.26,10.5,11.21,98,72,Sumenep,-6.9924,113.8607
2021-01-26,30.6,22.9,26.1,5.6,5.6,4.94,12.3,24.75,98,61,Sumenep,-6.9924,113.8607
2021-01-27,28.6,23.6,25.4,13.1,13.1,2.83,14.2,14.21,99,74,Sumenep,-6.9924,113.8607
2021-01-28,27.8,23.4,24.9,12.0,12.0,2.66,21.4,14.71,99,77,Sumenep,-6.9924,113.8607
2021-01-29,25.5,23.5,24.3,26.7,26.7,1.37,23.6,7.56,98,91,Sumenep,-6.9924,113.8607
2021-01-30,24.7,23.5,24.0,27.3,27.3,1.13,24.7,6.76,98,92,Sumenep,-6.9924,113.8607
2021-01-31,28.5,23.6,25.6,10.4,10.4,3.21,17.2,16.8,94,73,Sumenep,-6.9924,113.8607
2021-02-01,28.5,24.1,26.1,6.7,6.7,3.64,22.0,18.01,90,75,Sumenep,-6.9924,113.8607
2021-02-02,28.2,24.4,26.3,4.7,4.7,3.58,22.6,17.77,92,75,Sumenep,-6.9924,113.8607
2021-02-03,28.9,24.5,25.8,5.4,5.4,2.6,28.4,11.91,93,69,Sumenep,-6.9924,113.8607
2021-02-04,28.0,23.5,25.5,8.1,8.1,2.45,20.7,11.1,98,78,Sumenep,-6.9924,113.8607
2021-02-05,28.5,24.5,26.1,2.4,2.4,3.93,24.5,19.61,91,72,Sumenep,-6.9924,113.8607
2021-02-06,28.8,24.4,26.5,3.3,3.3,3.97,22.1,19.91,93,73,Sumenep,-6.9924,113.8607
2021-02-07,29.3,24.8,26.7,1.5,1.5,4.66,21.9,23.7,91,72,Sumenep,-6.9924,113.8607
2021-02-08,29.1,24.9,26.6,4.5,4.5,4.13,22.6,20.44,90,71,Sumenep,-6.9924,113.8607
2021-02-09,29.2,25.0,26.4,5.6,5.6,3.65,20.1,18.82,91,73,Sumenep,-6.9924,113.8607
2021-02-10,28.2,24.2,25.7,12.6,12.6,2.85,12.6,14.41,98,78,Sumenep,-6.9924,113.8607
2021-02-11,28.4,24.1,26.0,3.6,3.6,3.19,16.0,16.47,98,80,Sumenep,-6.9924,113.8607
2021-02-12,30.3,24.2,26.4,5.4,5.4,4.37,14.8,22.09,98,69,Sumenep,-6.9924,113.8607
2021-02-13,30.0,23.6,26.0,15.3,15.3,4.13,12.6,21.26,99,72,Sumenep,-6.9924,113.8607
2021-02-14,29.8,23.4,25.7,12.8,12.8,3.83,14.5,19.59,99,72,Sumenep,-6.9924,113.8607
2021-02-15,30.0,22.9,25.6,65.5,65.5,3.95,11.9,20.08,99,70,Sumenep,-6.9924,113.8607
2021-02-16,29.4,23.5,26.1,5.8,5.8,4.15,10.9,21.07,99,74,Sumenep,-6.9924,113.8607
2021-02-17,29.8,23.2,25.9,6.7,6.7,4.39,13.4,22.76,99,72,Sumenep,-6.9924,113.8607
2021-02-18,30.3,23.0,26.2,3.0,3.0,4.89,16.5,24.7,96,63,Sumenep,-6.9924,113.8607
2021-02-19,28.1,23.7,25.8,5.2,5.2,3.69,18.9,19.37,97,77,Sumenep,-6.9924,113.8607
2021-02-20,28.4,23.6,25.4,14.3,14.3,3.07,14.2,15.56,98,75,Sumenep,-6.9924,113.8607
2021-02-21,30.4,23.1,25.9,11.4,11.4,4.3,12.1,21.57,98,68,Sumenep,-6.9924,113.8607
2021-02-22,30.5,23.7,26.1,13.9,13.9,3.89,12.2,19.32,96,66,Sumenep,-6.9924,113.8607
2021-02-23,30.3,24.4,26.3,11.7,11.7,4.08,18.2,20.29,94,66,Sumenep,-6.9924,113.8607
2021-02-24,28.1,24.3,25.9,7.9,7.9,3.33,25.3,16.19,94,73,Sumenep,-6.9924,113.8607
2021-02-25,28.8,23.5,25.6,6.9,6.9,3.95,19.3,21.27,99,78,Sumenep,-6.9924,113.8607
2021-02-26,30.6,23.8,26.6,3.4,3.4,4.61,17.5,23.03,96,66,Sumenep,-6.9924,113.8607
2021-02-27,31.1,24.1,26.2,23.5,23.5,3.92,11.0,19.35,99,65,Sumenep,-6.9924,113.8607
2021-02-28,29.6,24.0,26.1,7.0,7.0,3.26,8.4,15.81,99,65,Sumenep,-6.9924,113.8607
2021-03-01,30.5,23.1,26.1,10.3,10.3,4.68,10.1,23.66,99,70,Sumenep,-6.9924,113.8607
2021-03-02,29.5,22.9,25.7,19.4,19.4,4.01,14.3,20.71,100,75,Sumenep,-6.9924,113.8607
2021-03-03,28.8,22.8,25.3,12.3,12.3,3.62,12.0,19.25,100,77,Sumenep,-6.9924,113.8607
2021-03-04,28.7,23.1,25.3,27.6,27.6,3.5,11.0,18.19,99,77,Sumenep,-6.9924,113.8607
2021-03-05,28.7,23.2,25.7,23.3,23.3,3.94,9.2,20.13,99,75,Sumenep,-6.9924,113.8607
2021-03-06,28.6,23.5,25.6,5.1,5.1,3.71,8.4,18.93,100,70,Sumenep,-6.9924,113.8607
2021-03-07,28.0,23.6,25.2,11.0,11.0,3.01,14.8,16.44,98,83,Sumenep,-6.9924,113.8607
2021-03-08,28.0,23.5,25.5,3.5,3.5,3.45,15.5,18.23,97,80,Sumenep,-6.9924,113.8607
2021-03-09,30.0,23.6,25.7,6.5,6.5,3.56,15.0,17.73,99,68,Sumenep,-6.9924,113.8607
2021-03-10,27.1,24.5,25.4,10.5,10.5,2.33,14.2,12.1,95,86,Sumenep,-6.9924,113.8607
2021-03-11,28.7,23.5,25.6,24.6,24.6,3.61,10.7,18.78,98,78,Sumenep,-6.9924,113.8607
2021-03-12,30.1,22.5,26.0,5.7,5.7,4.67,8.5,23.46,98,69,Sumenep,-6.9924,113.8607
2021-03-13,29.6,23.0,25.6,17.8,17.8,4.33,7.1,21.95,100,74,Sumenep,-6.9924,113.8607
2021-03-14,29.2,23.0,25.7,4.8,4.8,4.38,10.4,22.47,100,74,Sumenep,-6.9924,113.8607
2021-03-15,29.1,22.9,25.8,4.3,4.3,4.25,11.3,21.87,99,74,Sumenep,-6.9924,113.8607
2021-03-16,29.6,24.0,26.4,6.5,6.5,4.49,7.9,22.66,100,71,Sumenep,-6.9924,113.8607
2021-03-17,29.9,23.4,26.4,6.3,6.3,4.63,7.2,23.16,100,68,Sumenep,-6.9924,113.8607
2021-03-18,29.5,23.8,26.7,3.4,3.4,4.5,8.6,22.61,98,74,Sumenep,-6.9924,113.8607
2021-03-19,30.6,23.5,26.6,15.8,15.8,4.62,13.7,23.19,99,68,Sumenep,-6.9924,113.8607
2021-03-20,29.9,23.2,26.3,4.9,4.9,3.71,15.0,18.71,99,74,Sumenep,-6.9924,113.8607
2021-03-21,30.4,24.4,26.6,13.0,13.0,4.11,16.6,21.35,99,70,Sumenep,-6.9924,113.8607
2021-03-22,29.0,24.0,26.2,9.1,9.1,3.59,13.5,18.6,99,76,Sumenep,-6.9924,113.8607
2021-03-23,29.0,23.9,25.9,18.4,18.4,3.63,10.5,18.71,99,77,Sumenep,-6.9924,113.8607
2021-03-24,28.6,23.5,26.0,10.7,10.7,3.83,7.2,19.64,99,76,Sumenep,-6.9924,113.8607
2021-03-25,30.1,24.0,26.5,5.7,5.7,4.23,6.5,21.12,99,73,Sumenep,-6.9924,113.8607
2021-03-26,30.4,23.9,26.7,10.8,10.8,4.42,6.1,22.14,100,70,Sumenep,-6.9924,113.8607
2021-03-27,29.7,24.4,26.6,12.4,12.4,4.16,11.0,21.39,99,77,Sumenep,-6.9924,113.8607
2021-03-28,30.0,24.1,26.6,5.7,5.7,4.44,8.9,22.0,99,70,Sumenep,-6.9924,113.8607
2021-03-29,29.6,25.0,26.6,4.9,4.9,3.22,5.4,15.81,99,73,Sumenep,-6.9924,113.8607
2021-03-30,29.4,24.4,26.0,20.1,20.1,3.45,8.4,17.53,100,81,Sumenep,-6.9924,113.8607
2021-03-31,29.0,24.0,26.0,16.0,16.0,3.1,10.0,15.66,100,77,Sumenep,-6.9924,113.8607
2021-04-01,29.8,23.6,25.9,10.8,10.8,3.42,17.1,17.71,99,75,Sumenep,-6.9924,113.8607
2021-04-02,30.8,23.2,26.8,2.2,2.2,3.77,11.8,18.06,98,68,Sumenep,-6.9924,113.8607
2021-04-03,31.3,24.2,27.4,1.1,1.1,4.8,8.7,23.53,95,64,Sumenep,-6.9924,113.8607
2021-04-04,31.0,24.9,27.1,9.0,9.0,4.03,13.0,19.52,96,65,Sumenep,-6.9924,113.8607
2021-04-05,31.5,24.6,27.4,3.4,3.4,4.2,12.3,20.19,95,61,Sumenep,-6.9924,113.8607
2021-04-06,29.0,25.0,26.6,11.9,11.9,2.64,18.6,13.37,95,77,Sumenep,-6.9924,113.8607
2021-04-07,29.1,24.2,26.0,10.1,10.1,2.43,18.4,11.64,98,76,Sumenep,-6.9924,113.8607
2021-04-08,27.8,24.5,25.7,10.6,10.6,2.34,18.2,11.9,97,83,Sumenep,-6.9924,113.8607
2021-04-09,29.7,24.5,26.7,2.4,2.4,3.8,13.3,19.01,97,76,Sumenep,-6.9924,113.8607
2021-04-10,29.1,24.5,26.1,14.3,14.3,3.46,7.3,17.57,99,80,Sumenep,-6.9924,113.8607
2021-04-11,30.5,23.6,26.9,2.8,2.8,4.73,9.4,23.88,99,68,Sumenep,-6.9924,113.8607
2021-04-12,30.4,23.5,26.4,2.1,2.1,4.42,6.9,22.09,99,70,Sumenep,-6.9924,113.8607
2021-04-13,29.2,23.5,26.2,2.3,2.3,4.3,8.7,22.03,99,76,Sumenep,-6.9924,113.8607
2021-04-14,30.0,24.1,26.3,2.6,2.6,4.15,11.0,21.31,99,72,Sumenep,-6.9924,113.8607
2021-04-15,29.8,24.0,26.8,1.5,1.5,4.47,11.5,22.6,98,68,Sumenep,-6.9924,113.8607
2021-04-16,30.8,23.8,27.3,0.0,0.0,4.96,11.6,24.34,99,58,Sumenep,-6.9924,113.8607
2021-04-17,29.9,24.7,27.1,0.2,0.2,4.67,12.7,23.25,95,64,Sumenep,-6.9924,113.8607
2021-04-18,30.1,23.8,27.0,1.0,1.0,4.27,9.2,21.04,99,67,Sumenep,-6.9924,113.8607
2021-04-19,30.5,24.2,27.2,0.0,0.0,5.03,13.7,24.43,96,58,Sumenep,-6.9924,113.8607
2021-04-20,30.8,22.5,26.6,0.0,0.0,5.2,11.6,25.09,99,48,Sumenep,-6.9924,113.8607
2021-04-21,30.2,21.0,26.4,0.0,0.0,5.31,16.8,25.02,96,52,Sumenep,-6.9924,113.8607
2021-04-22,30.0,23.1,26.5,0.0,0.0,5.12,14.8,24.85,96,50,Sumenep,-6.9924,113.8607
2021-04-23,29.6,22.5,26.2,2.3,2.3,4.5,9.4,22.22,97,57,Sumenep,-6.9924,113.8607
2021-04-24,29.9,23.5,26.8,0.8,0.8,4.7,11.2,23.19,95,64,Sumenep,-6.9924,113.8607
2021-04-25,30.6,24.9,27.3,0.2,0.2,4.65,12.5,22.2,91,60,Sumenep,-6.9924,113.8607
2021-04-26,30.5,25.5,27.5,0.5,0.5,4.72,16.3,22.59,90,62,Sumenep,-6.9924,113.8607
2021-04-27,30.2,25.4,27.4,1.1,1.1,4.72,16.7,22.22,90,61,Sumenep,-6.9924,113.8607
2021-04-28,29.6,25.2,27.2,1.1,1.1,4.47,15.5,21.33,89,64,Sumenep,-6.9924,113.8607
2021-04-29,30.1,24.8,27.2,1.4,1.4,4.25,11.9,20.56,92,66,Sumenep,-6.9924,113.8607
2021-04-30,30.2,24.9,27.3,1.8,1.8,4.39,14.5,21.38,94,65,Sumenep,-6.9924,113.8607
2021-05-01,31.1,25.0,27.7,0.2,0.2,4.64,12.5,22.02,94,62,Sumenep,-6.9924,113.8607
2021-05-02,30.5,25.2,27.5,2.0,2.0,4.09,17.5,19.29,94,62,Sumenep,-6.9924,113.8607
2021-05-03,30.9,25.5,27.9,0.4,0.4,4.71,15.6,21.66,93,58,Sumenep,-6.9924,113.8607
2021-05-04,31.2,25.4,28.0,0.1,0.1,4.7,14.9,21.15,93,57,Sumenep,-6.9924,113.8607
2021-05-05,30.8,25.7,27.9,1.3,1.3,4.52,13.9,21.48,93,63,Sumenep,-6.9924,113.8607
2021-05-06,31.6,25.4,28.1,0.0,0.0,4.65,10.6,21.55,94,56,Sumenep,-6.9924,113.8607
2021-05-07,30.2,25.2,27.4,4.5,4.5,3.38,6.0,16.42,96,69,Sumenep,-6.9924,113.8607
2021-05-08,30.4,25.2,27.4,0.2,0.2,4.74,12.9,22.5,93,56,Sumenep,-6.9924,113.8607
2021-05-09,31.0,25.5,27.7,0.0,0.0,4.79,12.9,22.15,87,55,Sumenep,-6.9924,113.8607
2021-05-10,30.5,25.8,27.8,0.4,0.4,4.78,12.9,22.15,87,64,Sumenep,-6.9924,113.8607
2021-05-11,30.7,26.0,27.8,0.9,0.9,4.74,16.7,22.01,88,65,Sumenep,-6.9924,113.8607
2021-05-12,30.4,25.7,27.9,0.2,0.2,5.01,18.1,22.01,87,63,Sumenep,-6.9924,113.8607
2021-05-13,30.9,25.9,28.0,0.0,0.0,5.0,19.4,21.47,83,57,Sumenep,-6.9924,113.8607
2021-05-14,31.0,25.5,27.8,0.0,0.0,4.93,18.6,22.36,91,60,Sumenep,-6.9924,113.8607
2021-05-15,30.9,25.5,27.7,0.0,0.0,4.79,15.6,22.22,90,61,Sumenep,-6.9924,113.8607
2021-05-16,31.0,25.4,27.6,0.1,0.1,4.78,15.8,22.32,91,56,Sumenep,-6.9924,113.8607
2021-05-17,30.5,25.6,27.7,2.2,2.2,4.55,13.8,20.87,89,61,Sumenep,-6.9924,113.8607
2021-05-18,31.1,26.0,28.1,0.0,0.0,4.44,13.5,19.88,87,59,Sumenep,-6.9924,113.8607
2021-05-19,29.4,25.6,27.1,5.2,5.2,3.18,12.4,15.03,93,67,Sumenep,-6.9924,113.8607
2021-05-20,31.0,25.4,27.9,0.5,0.5,4.31,12.0,20.1,95,62,Sumenep,-6.9924,113.8607
2021-05-21,31.4,25.4,28.0,0.0,0.0,4.63,12.4,21.31,93,56,Sumenep,-6.9924,113.8607
2021-05-22,30.9,25.0,27.5,0.6,0.6,4.34,13.5,20.52,95,58,Sumenep,-6.9924,113.8607
2021-05-23,31.7,24.1,27.5,0.5,0.5,4.37,11.5,20.14,96,49,Sumenep,-6.9924,113.8607
2021-05-24,31.0,23.9,27.6,0.1,0.1,4.45,14.5,21.01,96,61,Sumenep,-6.9924,113.8607
2021-05-25,31.9,25.0,28.0,0.5,0.5,4.44,13.4,20.22,94,59,Sumenep,-6.9924,113.8607
2021-05-26,31.3,25.9,28.2,0.6,0.6,4.58,18.5,19.97,90,57,Sumenep,-6.9924,113.8607
2021-05-27,30.8,26.0,28.1,1.5,1.5,4.46,21.1,19.81,89,64,Sumenep,-6.9924,113.8607
2021-05-28,29.4,24.9,27.3,6.6,6.6,3.49,16.2,16.21,96,69,Sumenep,-6.9924,113.8607
2021-05-29,31.0,25.3,27.8,0.5,0.5,4.08,14.5,18.95,96,63,Sumenep,-6.9924,113.8607
2021-05-30,29.2,24.0,26.6,7.1,7.1,3.16,6.9,15.8,100,72,Sumenep,-6.9924,113.8607
2021-05-31,29.7,24.4,26.9,2.9,2.9,3.48,11.0,16.66,100,69,Sumenep,-6.9924,113.8607
2021-06-01,30.4,24.4,27.5,1.1,1.1,3.88,12.3,18.27,97,65,Sumenep,-6.9924,113.8607
2021-06-02,31.4,25.7,27.8,1.1,1.1,4.34,16.6,19.44,90,58,Sumenep,-6.9924,113.8607
2021-06-03,30.4,25.5,27.7,2.3,2.3,4.22,16.7,19.7,93,65,Sumenep,-6.9924,113.8607
2021-06-04,30.7,25.6,28.0,1.6,1.6,4.31,17.6,19.79,91,63,Sumenep,-6.9924,113.8607
2021-06-05,31.7,25.8,28.0,0.2,0.2,4.57,16.3,20.91,91,54,Sumenep,-6.9924,113.8607
2021-06-06,30.6,25.4,27.7,2.8,2.8,4.17,15.2,19.73,95,64,Sumenep,-6.9924,113.8607
2021-06-07,31.2,25.2,27.7,0.5,0.5,4.35,12.9,20.24,95,57,Sumenep,-6.9924,113.8607
2021-06-08,31.1,25.8,27.9,0.0,0.0,4.58,11.3,20.93,90,54,Sumenep,-6.9924,113.8607
2021-06-09,30.1,25.1,27.1,1.0,1.0,3.52,15.6,16.59,93,63,Sumenep,-6.9924,113.8607
2021-06-10,30.2,25.2,27.3,1.1,1.1,3.77,15.5,17.52,93,64,Sumenep,-6.9924,113.8607
2021-06-11,30.8,25.0,27.6,0.3,0.3,4.07,16.0,18.8,92,64,Sumenep,-6.9924,113.8607
2021-06-12,30.8,25.2,27.5,0.6,0.6,3.97,14.2,18.38,92,60,Sumenep,-6.9924,113.8607
2021-06-13,30.6,24.4,27.5,1.3,1.3,4.19,15.1,18.75,94,61,Sumenep,-6.9924,113.8607
2021-06-14,28.8,24.2,26.6,6.3,6.3,3.14,12.9,15.31,98,72,Sumenep,-6.9924,113.8607
2021-06-15,30.0,24.5,26.5,6.9,6.9,3.18,15.5,15.42,97,68,Sumenep,-6.9924,113.8607
2021-06-16,30.8,24.0,27.0,1.7,1.7,3.94,15.2,18.91,99,65,Sumenep,-6.9924,113.8607
2021-06-17,30.0,23.9,26.7,7.5,7.5,3.62,15.7,17.58,99,67,Sumenep,-6.9924,113.8607
2021-06-18,30.2,23.5,26.8,1.2,1.2,3.55,11.8,16.64,99,64,Sumenep,-6.9924,113.8607
2021-06-19,30.3,24.2,26.5,9.5,9.5,3.39,14.6,16.77,98,65,Sumenep,-6.9924,113.8607
2021-06-20,28.8,23.5,25.9,5.3,5.3,2.72,11.4,13.13,100,71,Sumenep,-6.9924,113.8607
2021-06-21,29.0,23.0,25.7,11.8,11.8,3.22,8.0,16.44,99,69,Sumenep,-6.9924,113.8607
2021-06-22,30.0,23.9,26.8,4.6,4.6,4.03,15.2,19.37,99,66,Sumenep,-6.9924,113.8607
2021-06-23,28.4,25.0,26.5,24.7,24.7,3.13,15.6,15.83,93,75,Sumenep,-6.9924,113.8607
2021-06-24,28.4,23.9,25.9,27.6,27.6,3.13,12.6,16.41,99,80,Sumenep,-6.9924,113.8607
2021-06-25,29.6,23.6,26.1,7.1,7.1,3.51,12.1,17.91,100,73,Sumenep,-6.9924,113.8607
2021-06-26,30.0,25.2,27.1,9.4,9.4,3.75,14.1,18.49,92,68,Sumenep,-6.9924,113.8607
2021-06-27,29.9,25.0,27.3,1.5,1.5,4.0,15.0,19.44,94,68,Sumenep,-6.9924,113.8607
2021-06-28,28.1,24.1,26.0,15.5,15.5,2.92,15.1,15.5,98,79,Sumenep,-6.9924,113.8607
2021-06-29,29.8,25.1,27.0,1.7,1.7,3.95,17.7,19.14,91,66,Sumenep,-6.9924,113.8607
2021-06-30,29.7,24.9,26.9,1.0,1.0,3.81,16.4,18.29,92,66,Sumenep,-6.9924,113.8607
2021-07-01,29.6,25.0,27.0,0.0,0.0,4.37,14.8,20.61,87,62,Sumenep,-6.9924,113.8607
2021-07-02,29.5,24.1,26.4,0.0,0.0,4.26,12.3,21.03,92,58,Sumenep,-6.9924,113.8607
2021-07-03,29.2,24.5,26.9,0.6,0.6,4.0,14.9,18.39,91,67,Sumenep,-6.9924,113.8607
2021-07-04,29.8,25.0,27.1,0.0,0.0,4.58,14.8,20.91,85,62,Sumenep,-6.9924,113.8607
2021-07-05,29.5,25.2,27.2,0.0,0.0,5.35,20.6,21.74,85,53,Sumenep,-6.9924,113.8607
2021-07-06,29.2,22.2,25.6,0.0,0.0,4.49,14.1,21.65,93,45,Sumenep,-6.9924,113.8607
2021-07-07,29.5,23.2,26.5,0.0,0.0,4.17,12.9,19.57,89,63,Sumenep,-6.9924,113.8607
2021-07-08,27.0,24.2,25.7,3.2,3.2,1.59,12.6,6.75,97,77,Sumenep,-6.9924,113.8607
2021-07-09,29.8,24.4,26.7,1.9,1.9,3.92,12.8,18.77,95,64,Sumenep,-6.9924,113.8607
2021-07-10,29.2,24.0,26.6,2.9,2.9,3.56,16.6,16.99,98,70,Sumenep,-6.9924,113.8607
2021-07-11,30.5,25.5,27.6,0.0,0.0,4.66,21.5,20.58,88,59,Sumenep,-6.9924,113.8607
2021-07-12,30.3,25.5,27.3,0.0,0.0,4.53,18.5,20.83,88,61,Sumenep,-6.9924,113.8607
2021-07-13,30.5,23.7,26.8,0.0,0.0,4.65,17.3,21.41,95,45,Sumenep,-6.9924,113.8607
2021-07-14,30.1,22.9,26.3,0.0,0.0,4.63,18.1,21.26,94,51,Sumenep,-6.9924,113.8607
2021-07-15,29.8,23.3,26.7,0.0,0.0,5.07,23.8,19.65,94,53,Sumenep,-6.9924,113.8607
2021-07-16,29.8,24.1,26.6,0.0,0.0,4.57,20.4,18.04,84,49,Sumenep,-6.9924,113.8607
2021-07-17,29.5,24.6,26.8,1.7,1.7,3.47,17.6,14.01,89,63,Sumenep,-6.9924,113.8607
2021-07-18,30.2,25.2,27.4,0.2,0.2,4.76,15.2,20.86,84,53,Sumenep,-6.9924,113.8607
2021-07-19,29.5,25.1,27.0,4.2,4.2,4.17,18.4,19.39,87,66,Sumenep,-6.9924,113.8607
2021-07-20,30.0,24.8,27.0,0.8,0.8,4.45,17.2,20.32,86,64,Sumenep,-6.9924,113.8607
2021-07-21,30.4,25.0,27.1,0.0,0.0,4.29,17.2,19.25,86,56,Sumenep,-6.9924,113.8607
2021-07-22,29.6,24.8,26.9,0.3,0.3,2.96,14.7,11.79,92,56,Sumenep,-6.9924,113.8607
2021-07-23,29.8,25.0,27.2,1.2,1.2,4.34,16.4,19.81,91,63,Sumenep,-6.9924,113.8607
2021-07-24,30.0,23.9,26.6,0.0,0.0,5.02,15.1,22.45,87,50,Sumenep,-6.9924,113.8607
2021-07-25,29.9,23.8,26.6,0.0,0.0,5.32,20.6,23.0,90,51,Sumenep,-6.9924,113.8607
2021-07-26,30.9,24.4,26.8,0.0,0.0,5.19,16.4,22.92,81,52,Sumenep,-6.9924,113.8607
2021-07-27,29.8,23.1,26.1,0.0,0.0,4.73,16.2,22.06,89,58,Sumenep,-6.9924,113.8607
2021-07-28,29.9,24.1,26.8,0.0,0.0,5.06,15.0,22.37,85,52,Sumenep,-6.9924,113.8607
2021-07-29,30.8,23.7,27.2,0.0,0.0,5.05,13.7,22.5,88,51,Sumenep,-6.9924,113.8607
2021-07-30,30.9,25.0,27.4,1.6,1.6,4.46,14.0,20.39,90,56,Sumenep,-6.9924,113.8607
2021-07-31,31.5,24.1,27.5,0.0,0.0,5.11,16.0,22.61,95,50,Sumenep,-6.9924,113.8607
2021-08-01,30.9,22.5,27.2,0.0,0.0,4.96,17.4,22.44,100,53,Sumenep,-6.9924,113.8607
2021-08-02,30.9,24.1,27.3,0.2,0.2,4.49,15.9,20.09,95,54,Sumenep,-6.9924,113.8607
2021-08-03,30.5,24.1,27.5,0.3,0.3,4.46,15.6,20.29,97,61,Sumenep,-6.9924,113.8607
2021-08-04,30.4,25.4,27.3,1.0,1.0,4.24,19.5,19.27,90,61,Sumenep,-6.9924,113.8607
2021-08-05,31.1,25.2,27.5,0.4,0.4,4.97,19.2,21.74,85,54,Sumenep,-6.9924,113.8607
2021-08-06,31.4,25.4,27.8,0.1,0.1,4.93,19.9,21.21,86,55,Sumenep,-6.9924,113.8607
2021-08-07,31.0,25.8,27.8,0.7,0.7,4.87,19.9,20.88,86,55,Sumenep,-6.9924,113.8607
2021-08-08,30.5,25.6,27.6,1.3,1.3,4.68,20.7,20.78,89,62,Sumenep,-6.9924,113.8607
2021-08-09,30.4,25.0,27.4,0.9,0.9,4.71,19.3,21.18,91,60,Sumenep,-6.9924,113.8607
2021-08-10,30.1,25.2,27.2,0.8,0.8,4.85,22.8,21.39,88,60,Sumenep,-6.9924,113.8607
2021-08-11,30.6,25.5,27.4,0.0,0.0,5.86,20.8,23.47,78,49,Sumenep,-6.9924,113.8607
2021-08-12,31.4,25.4,28.1,0.0,0.0,5.33,17.6,21.2,81,51,Sumenep,-6.9924,113.8607
2021-08-13,31.5,26.0,28.2,1.2,1.2,5.21,14.8,22.39,88,53,Sumenep,-6.9924,113.8607
2021-08-14,31.0,25.4,27.7,1.2,1.2,4.95,19.7,21.93,90,58,Sumenep,-6.9924,113.8607
2021-08-15,31.4,25.5,27.8,0.0,0.0,5.37,21.6,23.24,88,54,Sumenep,-6.9924,113.8607
2021-08-16,31.1,25.6,27.7,0.7,0.7,5.3,18.4,22.81,84,53,Sumenep,-6.9924,113.8607
2021-08-17,31.8,24.6,28.0,0.0,0.0,5.02,15.0,21.36,93,47,Sumenep,-6.9924,113.8607
2021-08-18,30.8,25.8,27.7,1.1,1.1,4.56,15.5,19.9,85,58,Sumenep,-6.9924,113.8607
2021-08-19,31.8,24.0,27.6,0.5,0.5,4.97,17.3,21.96,97,49,Sumenep,-6.9924,113.8607
2021-08-20,30.7,24.6,27.5,1.1,1.1,4.63,17.3,20.53,91,59,Sumenep,-6.9924,113.8607
2021-08-21,31.2,25.0,27.8,0.4,0.4,5.2,15.9,22.91,88,55,Sumenep,-6.9924,113.8607
2021-08-22,31.3,24.1,27.7,0.2,0.2,5.26,16.3,23.04,96,53,Sumenep,-6.9924,113.8607
2021-08-23,31.1,24.8,27.8,0.0,0.0,5.67,16.1,23.76,87,45,Sumenep,-6.9924,113.8607
2021-08-24,31.0,24.3,27.5,0.0,0.0,5.54,15.2,24.37,91,47,Sumenep,-6.9924,113.8607
2021-08-25,31.1,24.0,27.4,0.0,0.0,5.59,18.6,24.5,94,47,Sumenep,-6.9924,113.8607
2021-08-26,31.3,23.6,27.3,0.0,0.0,5.87,15.1,24.96,89,39,Sumenep,-6.9924,113.8607
2021-08-27,31.7,23.7,27.6,0.0,0.0,5.59,14.2,24.19,91,41,Sumenep,-6.9924,113.8607
2021-08-28,31.4,25.9,27.8,0.0,0.0,5.08,18.2,20.42,82,53,Sumenep,-6.9924,113.8607
2021-08-29,31.9,25.3,28.2,1.1,1.1,5.61,17.7,23.26,86,48,Sumenep,-6.9924,113.8607
2021-08-30,31.5,24.9,28.0,0.0,0.0,5.35,19.2,23.44,90,55,Sumenep,-6.9924,113.8607
2021-08-31,32.0,25.4,27.9,0.0,0.0,5.59,17.2,24.52,87,50,Sumenep,-6.9924,113.8607
2021-09-01,32.1,25.0,27.9,0.0,0.0,5.87,15.4,24.94,88,46,Sumenep,-6.9924,113.8607
2021-09-02,32.4,24.6,27.8,0.0,0.0,5.9,16.1,25.08,91,38,Sumenep,-6.9924,113.8607
2021-09-03,32.5,23.9,27.6,0.0,0.0,5.61,16.9,24.6,93,38,Sumenep,-6.9924,113.8607
2021-09-04,32.3,24.2,28.0,0.0,0.0,5.44,16.1,23.89,87,44,Sumenep,-6.9924,113.8607
2021-09-05,31.5,24.9,28.3,0.0,0.0,5.37,17.9,21.75,88,48,Sumenep,-6.9924,113.8607
2021-09-06,31.5,26.1,28.4,0.0,0.0,5.73,18.6,23.66,86,53,Sumenep,-6.9924,113.8607
2021-09-07,31.9,25.5,28.1,0.0,0.0,5.5,19.0,23.79,88,50,Sumenep,-6.9924,113.8607
2021-09-08,31.4,25.9,28.0,0.7,0.7,5.69,20.7,23.77,83,53,Sumenep,-6.9924,113.8607
2021-09-09,31.3,25.4,27.9,0.3,0.3,5.67,17.1,24.02,86,48,Sumenep,-6.9924,113.8607
2021-09-10,31.9,24.9,28.3,0.0,0.0,5.82,21.1,24.12,89,47,Sumenep,-6.9924,113.8607
2021-09-11,30.8,24.6,27.9,1.3,1.3,4.67,18.9,19.41,93,60,Sumenep,-6.9924,113.8607
2021-09-12,29.1,23.8,26.0,15.1,15.1,3.45,13.2,17.07,99,70,Sumenep,-6.9924,113.8607
2021-09-13,26.9,24.1,25.7,7.0,7.0,1.99,11.2,9.22,98,82,Sumenep,-6.9924,113.8607
2021-09-14,30.9,24.4,27.4,7.2,7.2,4.56,12.1,21.7,97,64,Sumenep,-6.9924,113.8607
2021-09-15,32.0,23.3,26.9,0.0,0.0,5.14,10.5,24.67,99,51,Sumenep,-6.9924,113.8607
2021-09-16,31.9,23.9,27.8,0.0,0.0,5.21,12.0,24.14,96,53,Sumenep,-6.9924,113.8607
2021-09-17,31.6,25.5,28.2,0.0,0.0,5.51,18.4,24.13,89,54,Sumenep,-6.9924,113.8607
2021-09-18,31.1,26.1,28.3,0.0,0.0,6.11,20.7,25.85,82,54,Sumenep,-6.9924,113.8607
2021-09-19,31.2,25.9,28.2,0.0,0.0,6.24,19.4,25.94,85,51,Sumenep,-6.9924,113.8607
2021-09-20,31.7,23.0,27.5,0.0,0.0,5.7,17.3,24.88,98,46,Sumenep,-6.9924,113.8607
2021-09-21,30.5,24.5,27.2,1.4,1.4,4.41,21.6,17.71,91,52,Sumenep,-6.9924,113.8607
2021-09-22,30.4,24.5,27.6,2.2,2.2,4.9,18.9,22.32,91,60,Sumenep,-6.9924,113.8607
2021-09-23,31.5,23.5,27.3,2.9,2.9,4.98,16.5,22.45,98,55,Sumenep,-6.9924,113.8607
2021-09-24,30.6,25.6,27.5,3.9,3.9,4.21,15.2,18.36,88,59,Sumenep,-6.9924,113.8607
2021-09-25,30.8,25.0,27.6,2.6,2.6,4.94,14.8,22.35,91,58,Sumenep,-6.9924,113.8607
2021-09-26,31.1,24.3,27.6,5.8,5.8,4.98,16.1,22.59,95,60,Sumenep,-6.9924,113.8607
2021-09-27,31.4,24.4,27.8,0.0,0.0,5.79,18.9,25.87,96,51,Sumenep,-6.9924,113.8607
2021-09-28,31.6,25.0,28.1,0.0,0.0,6.0,19.7,25.94,89,47,Sumenep,-6.9924,113.8607
2021-09-29,31.9,24.6,28.0,0.0,0.0,5.86,16.8,26.18,94,53,Sumenep,-6.9924,113.8607
2021-09-30,31.5,24.9,28.1,0.0,0.0,5.5,14.9,24.91,93,55,Sumenep,-6.9924,113.8607
2021-10-01,33.0,23.6,28.1,0.2,0.2,5.73,16.1,25.73,97,41,Sumenep,-6.9924,113.8607
2021-10-02,32.4,22.8,27.9,0.4,0.4,5.22,8.0,24.18,100,46,Sumenep,-6.9924,113.8607
2021-10-03,32.5,23.7,28.1,0.1,0.1,5.15,10.5,23.71,99,44,Sumenep,-6.9924,113.8607
2021-10-04,31.4,24.7,27.3,2.7,2.7,4.32,6.5,20.64,98,57,Sumenep,-6.9924,113.8607
2021-10-05,31.5,24.1,27.5,2.6,2.6,5.15,14.8,23.39,100,53,Sumenep,-6.9924,113.8607
2021-10-06,30.9,24.4,26.9,13.2,13.2,4.3,16.1,20.6,99,59,Sumenep,-6.9924,113.8607
2021-10-07,31.8,24.4,27.8,0.0,0.0,6.04,14.8,26.12,84,49,Sumenep,-6.9924,113.8607
2021-10-08,32.3,23.0,27.8,0.0,0.0,5.96,13.4,26.72,96,40,Sumenep,-6.9924,113.8607
2021-10-09,32.7,23.5,28.1,0.0,0.0,5.84,15.1,25.89,97,44,Sumenep,-6.9924,113.8607
2021-10-10,32.7,25.0,28.4,0.0,0.0,5.99,14.8,26.66,93,45,Sumenep,-6.9924,113.8607
2021-10-11,32.7,24.2,28.2,0.0,0.0,5.98,17.8,26.56,98,46,Sumenep,-6.9924,113.8607
2021-10-12,33.0,24.0,28.6,0.0,0.0,6.27,18.0,25.7,93,39,Sumenep,-6.9924,113.8607
2021-10-13,33.3,23.5,28.4,0.0,0.0,6.01,14.0,25.92,96,32,Sumenep,-6.9924,113.8607
2021-10-14,33.2,24.2,28.5,0.0,0.0,6.19,14.1,26.13,96,37,Sumenep,-6.9924,113.8607
2021-10-15,32.7,25.1,28.8,0.3,0.3,5.71,14.5,25.05,88,55,Sumenep,-6.9924,113.8607
2021-10-16,33.8,26.1,29.3,1.0,1.0,5.97,12.1,25.66,86,48,Sumenep,-6.9924,113.8607
2021-10-17,34.2,25.6,29.3,0.3,0.3,5.52,15.0,23.49,93,47,Sumenep,-6.9924,113.8607
2021-10-18,32.9,26.2,28.5,2.9,2.9,4.73,12.1,21.29,93,54,Sumenep,-6.9924,113.8607
2021-10-19,33.0,25.0,28.3,1.9,1.9,5.06,12.2,23.13,94,55,Sumenep,-6.9924,113.8607
2021-10-20,34.2,24.6,29.0,0.3,0.3,5.72,15.9,25.19,99,45,Sumenep,-6.9924,113.8607
2021-10-21,34.5,24.4,29.1,0.2,0.2,5.62,12.3,25.04,96,42,Sumenep,-6.9924,113.8607
2021-10-22,34.4,25.0,29.4,0.0,0.0,5.69,9.4,25.42,97,42,Sumenep,-6.9924,113.8607
2021-10-23,34.1,25.1,29.3,0.3,0.3,5.64,10.2,25.82,94,47,Sumenep,-6.9924,113.8607
2021-10-24,34.0,24.4,29.3,0.1,0.1,5.54,10.2,25.41,94,49,Sumenep,-6.9924,113.8607
2021-10-25,33.8,24.8,29.3,0.0,0.0,5.7,15.0,25.55,99,49,Sumenep,-6.9924,113.8607
2021-10-26,34.0,25.2,28.9,29.5,29.5,5.22,12.4,22.62,96,45,Sumenep,-6.9924,113.8607
2021-10-27,29.9,23.9,27.2,6.4,6.4,3.62,17.2,15.93,95,66,Sumenep,-6.9924,113.8607
2021-10-28,31.9,25.2,28.1,3.9,3.9,4.79,12.6,22.2,93,60,Sumenep,-6.9924,113.8607
2021-10-29,32.7,24.7,28.4,1.6,1.6,5.04,7.4,23.63,99,55,Sumenep,-6.9924,113.8607
2021-10-30,32.7,24.1,27.4,7.3,7.3,4.39,10.5,21.16,95,57,Sumenep,-6.9924,113.8607
2021-10-31,31.0,23.9,27.1,13.0,13.0,4.44,11.8,21.77,98,63,Sumenep,-6.9924,113.8607
2021-11-01,30.6,23.6,26.6,8.3,8.3,4.37,9.0,21.36,100,65,Sumenep,-6.9924,113.8607
2021-11-02,32.0,24.0,27.0,16.5,16.5,4.37,8.9,21.14,100,61,Sumenep,-6.9924,113.8607
2021-11-03,31.5,24.4,27.8,0.7,0.7,5.28,11.8,25.08,100,60,Sumenep,-6.9924,113.8607
2021-11-04,29.7,24.9,26.8,6.6,6.6,3.16,13.0,15.22,99,69,Sumenep,-6.9924,113.8607
2021-11-05,29.9,24.2,26.7,5.6,5.6,3.9,15.0,18.9,99,68,Sumenep,-6.9924,113.8607
2021-11-06,31.0,25.6,27.8,0.9,0.9,4.36,10.1,20.87,93,66,Sumenep,-6.9924,113.8607
2021-11-07,32.5,25.2,28.4,1.6,1.6,4.91,15.4,23.02,96,61,Sumenep,-6.9924,113.8607
2021-11-08,29.2,23.8,26.4,11.9,11.9,2.98,11.1,14.43,100,73,Sumenep,-6.9924,113.8607
2021-11-09,31.5,25.0,27.7,1.3,1.3,4.76,10.2,22.97,100,64,Sumenep,-6.9924,113.8607
2021-11-10,31.1,24.4,27.1,5.3,5.3,4.5,10.5,21.97,99,65,Sumenep,-6.9924,113.8607
2021-11-11,29.7,24.2,25.9,39.5,39.5,2.87,7.9,13.94,99,69,Sumenep,-6.9924,113.8607
2021-11-12,29.3,24.0,26.1,8.8,8.8,2.45,13.5,11.65,100,72,Sumenep,-6.9924,113.8607
2021-11-13,28.7,24.0,26.0,10.9,10.9,2.83,13.9,13.41,100,75,Sumenep,-6.9924,113.8607
2021-11-14,28.0,23.7,25.1,16.1,16.1,2.34,8.4,11.67,100,78,Sumenep,-6.9924,113.8607
2021-11-15,27.9,23.6,25.5,21.2,21.2,2.6,9.1,12.9,99,81,Sumenep,-6.9924,113.8607
2021-11-16,29.2,24.5,26.4,2.2,2.2,3.25,6.2,15.57,100,69,Sumenep,-6.9924,113.8607
2021-11-17,29.9,23.7,26.2,6.9,6.9,3.92,12.5,19.63,100,68,Sumenep,-6.9924,113.8607
2021-11-18,30.9,23.5,27.2,0.7,0.7,4.95,11.7,24.11,99,66,Sumenep,-6.9924,113.8607
2021-11-19,31.0,24.4,26.8,16.7,16.7,4.51,13.8,22.69,99,64,Sumenep,-6.9924,113.8607
2021-11-20,25.8,22.9,24.1,55.2,55.2,0.75,8.0,3.29,100,91,Sumenep,-6.9924,113.8607
2021-11-21,30.8,23.3,26.7,7.9,7.9,4.28,6.6,20.95,100,65,Sumenep,-6.9924,113.8607
2021-11-22,31.4,24.5,27.1,17.1,17.1,4.38,12.8,21.59,98,65,Sumenep,-6.9924,113.8607
2021-11-23,30.3,24.1,26.7,10.3,10.3,4.02,9.3,19.7,100,71,Sumenep,-6.9924,113.8607
2021-11-24,29.6,23.5,26.0,23.1,23.1,3.49,11.3,17.56,100,73,Sumenep,-6.9924,113.8607
2021-11-25,30.5,23.4,26.4,7.6,7.6,4.14,8.4,20.58,100,67,Sumenep,-6.9924,113.8607
2021-11-26,29.9,23.9,26.2,6.5,6.5,3.61,7.1,17.87,99,69,Sumenep,-6.9924,113.8607
2021-11-27,30.1,23.6,26.0,21.9,21.9,3.6,7.2,17.73,100,67,Sumenep,-6.9924,113.8607
2021-11-28,28.1,23.5,24.7,39.5,39.5,2.13,9.3,10.34,100,78,Sumenep,-6.9924,113.8607
2021-11-29,28.5,22.8,25.5,3.4,3.4,2.76,10.4,12.82,99,68,Sumenep,-6.9924,113.8607
2021-11-30,28.7,23.9,25.5,10.2,10.2,3.27,11.5,16.46,98,74,Sumenep,-6.9924,113.8607
2021-12-01,27.5,23.4,24.7,30.1,30.1,1.9,10.5,9.24,99,85,Sumenep,-6.9924,113.8607
2021-12-02,30.4,23.2,25.8,34.7,34.7,3.95,12.8,19.45,99,67,Sumenep,-6.9924,113.8607
2021-12-03,30.1,23.3,25.9,14.6,14.6,3.94,10.4,20.0,100,71,Sumenep,-6.9924,113.8607
2021-12-04,28.4,23.4,25.0,56.0,56.0,2.93,12.6,15.27,99,77,Sumenep,-6.9924,113.8607
2021-12-05,27.5,23.4,25.3,12.8,12.8,1.94,17.4,9.26,99,78,Sumenep,-6.9924,113.8607
2021-12-06,28.7,24.4,26.0,16.3,16.3,2.28,10.0,10.34,98,78,Sumenep,-6.9924,113.8607
2021-12-07,29.4,24.2,26.3,0.5,0.5,2.4,19.1,10.94,94,74,Sumenep,-6.9924,113.8607
2021-12-08,30.8,23.5,26.5,6.3,6.3,4.37,13.7,21.48,99,67,Sumenep,-6.9924,113.8607
2021-12-09,30.8,23.5,27.0,1.4,1.4,4.98,9.7,24.29,100,65,Sumenep,-6.9924,113.8607
2021-12-10,31.2,24.2,27.1,1.3,1.3,4.89,11.1,23.99,96,65,Sumenep,-6.9924,113.8607
2021-12-11,30.6,24.1,26.6,3.2,3.2,4.24,10.7,20.9,96,69,Sumenep,-6.9924,113.8607
2021-12-12,30.7,24.0,26.7,13.1,13.1,4.74,8.0,23.52,100,70,Sumenep,-6.9924,113.8607
2021-12-13,30.9,24.1,27.0,2.7,2.7,4.51,8.5,22.18,100,68,Sumenep,-6.9924,113.8607
2021-12-14,30.5,23.5,26.1,10.9,10.9,4.03,10.8,20.03,99,68,Sumenep,-6.9924,113.8607
2021-12-15,28.0,23.1,25.4,26.8,26.8,2.64,9.0,13.28,100,78,Sumenep,-6.9924,113.8607
2021-12-16,30.5,24.2,26.4,20.4,20.4,4.27,6.8,21.28,99,70,Sumenep,-6.9924,113.8607
2021-12-17,30.4,23.8,27.0,6.2,6.2,4.66,8.2,23.14,100,70,Sumenep,-6.9924,113.8607
2021-12-18,31.0,24.5,26.9,4.4,4.4,4.7,7.6,23.05,100,69,Sumenep,-6.9924,113.8607
2021-12-19,31.7,24.7,27.6,10.2,10.2,4.98,12.2,24.35,100,70,Sumenep,-6.9924,113.8607
2021-12-20,28.9,24.4,25.7,37.0,37.0,3.1,10.4,15.98,100,78,Sumenep,-6.9924,113.8607
2021-12-21,28.7,24.4,26.0,8.1,8.1,3.17,16.0,16.12,100,74,Sumenep,-6.9924,113.8607
2021-12-22,31.7,23.9,27.0,0.0,0.0,4.5,9.8,21.4,96,62,Sumenep,-6.9924,113.8607
2021-12-23,31.0,24.4,27.0,7.6,7.6,4.45,16.4,22.05,94,67,Sumenep,-6.9924,113.8607
2021-12-24,30.8,23.2,26.6,10.3,10.3,4.53,16.1,22.7,98,66,Sumenep,-6.9924,113.8607
2021-12-25,30.4,23.8,26.7,3.0,3.0,4.11,17.6,20.11,98,71,Sumenep,-6.9924,113.8607
2021-12-26,32.0,24.1,27.4,1.4,1.4,4.93,12.1,23.64,96,60,Sumenep,-6.9924,113.8607
2021-12-27,32.0,24.3,27.2,3.0,3.0,4.81,12.6,23.13,97,61,Sumenep,-6.9924,113.8607
2021-12-28,31.5,23.9,27.3,2.0,2.0,4.89,12.6,22.98,98,60,Sumenep,-6.9924,113.8607
2021-12-29,30.5,23.4,26.3,1.3,1.3,4.08,10.5,20.08,99,67,Sumenep,-6.9924,113.8607
2021-12-30,28.5,23.8,25.5,21.0,21.0,2.8,11.7,14.26,98,78,Sumenep,-6.9924,113.8607
2021-12-31,28.4,23.3,25.1,11.8,11.8,2.62,10.9,13.36,99,79,Sumenep,-6.9924,113.8607
2022-01-01,28.7,22.9,25.2,23.8,23.8,2.97,14.8,15.26,100,77,Sumenep,-6.9924,113.8607
2022-01-02,28.4,23.6,25.5,18.4,18.4,3.45,7.0,17.42,99,77,Sumenep,-6.9924,113.8607
2022-01-03,29.1,23.0,25.3,20.9,20.9,3.39,7.9,16.9,100,73,Sumenep,-6.9924,113.8607
2022-01-04,29.9,23.0,26.1,3.3,3.3,4.41,10.5,22.38,100,70,Sumenep,-6.9924,113.8607
2022-01-05,29.1,23.5,25.7,25.8,25.8,3.56,9.9,18.04,100,71,Sumenep,-6.9924,113.8607
2022-01-06,30.3,23.2,25.6,16.3,16.3,4.14,10.8,20.9,99,67,Sumenep,-6.9924,113.8607
2022-01-07,30.0,22.6,25.9,12.5,12.5,4.48,9.7,22.51,100,64,Sumenep,-6.9924,113.8607
2022-01-08,29.9,23.3,26.5,1.7,1.7,4.84,9.7,24.15,99,65,Sumenep,-6.9924,113.8607
2022-01-09,29.5,24.0,25.9,18.0,18.0,3.74,13.4,18.78,99,71,Sumenep,-6.9924,113.8607
2022-01-10,29.5,23.6,26.2,7.5,7.5,4.19,13.7,21.39,100,67,Sumenep,-6.9924,113.8607
2022-01-11,27.6,23.5,25.0,9.6,9.6,2.2,13.3,11.1,99,80,Sumenep,-6.9924,113.8607
2022-01-12,28.4,23.0,25.4,3.7,3.7,3.11,19.1,16.26,98,76,Sumenep,-6.9924,113.8607
2022-01-13,28.5,23.6,25.5,15.8,15.8,2.47,16.6,12.7,95,77,Sumenep,-6.9924,113.8607
2022-01-14,29.1,24.6,26.6,1.3,1.3,3.93,22.6,18.17,87,72,Sumenep,-6.9924,113.8607
2022-01-15,27.6,24.4,25.7,3.5,3.5,2.68,25.1,12.72,93,79,Sumenep,-6.9924,113.8607
2022-01-16,29.1,23.6,25.7,7.0,7.0,3.61,20.9,18.55,95,71,Sumenep,-6.9924,113.8607
2022-01-17,28.2,23.1,25.2,24.5,24.5,3.64,17.8,19.45,99,73,Sumenep,-6.9924,113.8607
2022-01-18,27.0,22.2,24.3,32.8,32.8,2.16,18.5,11.89,98,85,Sumenep,-6.9924,113.8607
2022-01-19,29.5,22.8,24.8,12.9,12.9,2.97,20.9,15.07,99,73,Sumenep,-6.9924,113.8607
2022-01-20,28.6,22.8,24.7,17.7,17.7,2.86,17.4,14.71,98,76,Sumenep,-6.9924,113.8607
2022-01-21,30.0,22.7,26.0,1.1,1.1,4.51,14.0,22.65,98,64,Sumenep,-6.9924,113.8607
2022-01-22,30.7,23.6,26.1,5.6,5.6,3.98,16.3,20.06,98,67,Sumenep,-6.9924,113.8607
2022-01-23,30.9,23.9,26.8,2.9,2.9,4.82,14.8,23.92,94,65,Sumenep,-6.9924,113.8607
2022-01-24,29.8,24.7,27.3,2.3,2.3,4.62,19.9,22.11,96,69,Sumenep,-6.9924,113.8607
2022-01-25,29.4,25.4,27.2,1.3,1.3,4.75,26.9,23.05,88,71,Sumenep,-6.9924,113.8607
2022-01-26,29.6,25.0,27.2,1.6,1.6,4.95,26.9,22.75,88,67,Sumenep,-6.9924,113.8607
2022-01-27,30.2,24.7,26.8,3.4,3.4,4.39,20.3,21.21,91,68,Sumenep,-6.9924,113.8607
2022-01-28,30.5,24.6,26.8,3.2,3.2,3.55,12.1,16.35,94,65,Sumenep,-6.9924,113.8607
2022-01-29,29.9,23.9,26.4,5.4,5.4,3.9,13.6,19.01,100,70,Sumenep,-6.9924,113.8607
2022-01-30,30.2,23.5,26.1,3.3,3.3,3.83,14.2,18.72,99,70,Sumenep,-6.9924,113.8607
2022-01-31,29.4,23.6,25.8,4.9,4.9,3.37,19.2,17.03,98,74,Sumenep,-6.9924,113.8607
2022-02-01,29.3,23.4,25.7,16.9,16.9,3.54,15.9,18.17,98,72,Sumenep,-6.9924,113.8607
2022-02-02,30.0,22.9,26.0,7.9,7.9,4.46,15.6,22.87,98,71,Sumenep,-6.9924,113.8607
2022-02-03,31.4,23.2,26.9,1.4,1.4,4.89,11.6,23.73,96,63,Sumenep,-6.9924,113.8607
2022-02-04,30.1,23.9,26.3,13.0,13.0,4.39,13.7,22.31,99,71,Sumenep,-6.9924,113.8607
2022-02-05,29.1,23.9,25.9,17.7,17.7,3.63,17.4,18.91,98,73,Sumenep,-6.9924,113.8607
2022-02-06,28.0,23.5,25.5,8.9,8.9,3.13,16.6,16.07,97,75,Sumenep,-6.9924,113.8607
2022-02-07,28.2,23.8,25.7,10.3,10.3,3.63,19.9,19.5,95,77,Sumenep,-6.9924,113.8607
2022-02-08,29.5,24.3,26.2,20.4,20.4,4.19,16.7,22.11,99,71,Sumenep,-6.9924,113.8607
2022-02-09,29.6,23.9,25.8,30.2,30.2,3.7,13.2,18.8,99,70,Sumenep,-6.9924,113.8607
2022-02-10,28.5,23.6,24.7,20.3,20.3,2.19,12.8,11.26,98,78,Sumenep,-6.9924,113.8607
2022-02-11,28.0,23.5,24.9,15.9,15.9,2.39,13.6,12.56,100,82,Sumenep,-6.9924,113.8607
2022-02-12,28.0,23.3,24.9,29.5,29.5,2.92,13.0,15.34,100,80,Sumenep,-6.9924,113.8607
2022-02-13,29.4,23.5,25.5,8.1,8.1,3.39,8.7,17.33,99,75,Sumenep,-6.9924,113.8607
2022-02-14,26.6,23.2,24.6,22.4,22.4,2.01,9.3,10.22,99,84,Sumenep,-6.9924,113.8607
2022-02-15,28.8,22.9,25.7,11.9,11.9,4.09,9.0,20.85,100,73,Sumenep,-6.9924,113.8607
2022-02-16,28.6,22.9,25.7,13.7,13.7,4.36,13.4,23.27,100,75,Sumenep,-6.9924,113.8607
2022-02-17,27.9,23.2,25.3,29.0,29.0,3.01,11.6,15.52,99,78,Sumenep,-6.9924,113.8607
2022-02-18,27.0,23.3,25.1,12.5,12.5,2.83,14.0,14.86,98,79,Sumenep,-6.9924,113.8607
2022-02-19,30.8,23.2,26.7,0.1,0.1,5.12,8.1,25.28,100,67,Sumenep,-6.9924,113.8607
2022-02-20,29.2,24.0,26.0,14.1,14.1,3.74,20.4,19.15,93,75,Sumenep,-6.9924,113.8607
2022-02-21,29.6,23.8,25.6,10.0,10.0,2.77,15.9,13.18,94,71,Sumenep,-6.9924,113.8607
2022-02-22,29.3,21.4,25.0,19.5,19.5,3.26,17.3,16.43,99,73,Sumenep,-6.9924,113.8607
2022-02-23,30.4,22.1,25.8,2.2,2.2,4.94,11.8,24.23,96,64,Sumenep,-6.9924,113.8607
2022-02-24,29.8,22.6,25.4,7.0,7.0,4.83,8.9,24.63,96,66,Sumenep,-6.9924,113.8607
2022-02-25,29.1,23.1,25.7,2.5,2.5,4.12,18.7,21.5,95,73,Sumenep,-6.9924,113.8607
2022-02-26,28.4,23.6,26.0,6.4,6.4,3.46,15.7,17.53,97,78,Sumenep,-6.9924,113.8607
2022-02-27,29.8,23.8,26.4,5.8,5.8,4.2,15.2,21.05,94,72,Sumenep,-6.9924,113.8607
2022-02-28,29.8,24.6,26.8,4.7,4.7,4.65,17.3,23.35,92,68,Sumenep,-6.9924,113.8607
2022-03-01,29.2,24.4,26.1,8.1,8.1,4.08,19.9,21.24,94,73,Sumenep,-6.9924,113.8607
2022-03-02,28.9,24.3,26.3,4.8,4.8,4.15,23.2,21.04,93,76,Sumenep,-6.9924,113.8607
2022-03-03,28.4,25.0,26.5,2.0,2.0,3.82,23.1,18.45,90,77,Sumenep,-6.9924,113.8607
2022-03-04,31.0,24.1,26.7,7.6,7.6,4.54,12.8,22.2,99,67,Sumenep,-6.9924,113.8607
2022-03-05,30.5,23.5,26.1,29.8,29.8,4.47,8.2,22.02,100,66,Sumenep,-6.9924,113.8607
2022-03-06,30.0,23.4,26.1,16.2,16.2,4.06,8.8,20.24,99,72,Sumenep,-6.9924,113.8607
2022-03-07,27.5,23.5,25.2,41.8,41.8,2.8,8.8,14.45,100,86,Sumenep,-6.9924,113.8607
2022-03-08,29.8,23.3,25.8,10.8,10.8,4.22,9.0,21.15,100,73,Sumenep,-6.9924,113.8607
2022-03-09,30.1,23.2,25.9,12.7,12.7,4.37,8.2,21.97,100,71,Sumenep,-6.9924,113.8607
2022-03-10,29.6,23.6,26.0,19.4,19.4,4.28,9.4,21.4,100,77,Sumenep,-6.9924,113.8607
2022-03-11,30.1,22.7,26.2,2.4,2.4,4.78,10.4,24.21,99,71,Sumenep,-6.9924,113.8607
2022-03-12,29.4,24.0,26.3,10.7,10.7,4.21,15.6,22.19,100,74,Sumenep,-6.9924,113.8607
2022-03-13,30.5,23.8,26.1,15.3,15.3,4.27,6.2,21.3,100,72,Sumenep,-6.9924,113.8607
2022-03-14,29.6,23.0,26.4,5.4,5.4,4.45,13.4,22.94,100,73,Sumenep,-6.9924,113.8607
2022-03-15,30.0,24.0,26.5,12.5,12.5,4.49,12.4,23.06,99,72,Sumenep,-6.9924,113.8607
2022-03-16,29.0,24.2,26.1,13.8,13.8,3.88,11.1,20.06,100,78,Sumenep,-6.9924,113.8607
2022-03-17,31.1,23.9,27.3,0.6,0.6,4.98,8.5,24.66,100,69,Sumenep,-6.9924,113.8607
2022-03-18,31.0,24.2,26.9,1.9,1.9,4.55,9.2,22.49,100,71,Sumenep,-6.9924,113.8607
2022-03-19,29.6,23.6,25.4,37.2,37.2,2.96,11.1,15.0,99,73,Sumenep,-6.9924,113.8607
2022-03-20,28.6,23.1,25.8,4.4,4.4,3.33,12.6,17.16,99,79,Sumenep,-6.9924,113.8607
2022-03-21,29.5,23.1,25.7,10.6,10.6,3.95,11.2,19.88,99,73,Sumenep,-6.9924,113.8607
2022-03-22,28.1,22.6,24.9,6.2,6.2,3.22,18.3,17.15,100,76,Sumenep,-6.9924,113.8607
2022-03-23,30.1,22.9,26.3,3.0,3.0,4.32,14.7,22.05,99,72,Sumenep,-6.9924,113.8607
2022-03-24,31.0,23.2,26.8,1.2,1.2,4.99,10.7,24.76,100,65,Sumenep,-6.9924,113.8607
2022-03-25,30.7,24.5,27.3,0.2,0.2,4.89,11.4,24.13,98,66,Sumenep,-6.9924,113.8607
2022-03-26,30.6,24.5,26.7,14.8,14.8,4.4,10.6,21.99,100,70,Sumenep,-6.9924,113.8607
2022-03-27,29.6,23.3,25.5,38.5,38.5,3.62,11.3,18.18,99,75,Sumenep,-6.9924,113.8607
2022-03-28,29.5,23.4,26.1,15.1,15.1,3.49,13.2,17.12,99,76,Sumenep,-6.9924,113.8607
2022-03-29,30.3,24.0,26.5,8.3,8.3,3.91,7.9,19.08,99,67,Sumenep,-6.9924,113.8607
2022-03-30,30.6,24.4,26.9,1.0,1.0,4.36,7.1,21.42,100,65,Sumenep,-6.9924,113.8607
2022-03-31,31.1,23.0,26.9,17.1,17.1,4.71,14.4,23.37,99,67,Sumenep,-6.9924,113.8607
2022-04-01,29.0,24.3,26.2,16.6,16.6,3.39,7.9,17.12,98,77,Sumenep,-6.9924,113.8607
2022-04-02,30.2,23.4,26.2,1.8,1.8,4.17,8.0,20.6,100,70,Sumenep,-6.9924,113.8607
2022-04-03,29.8,23.0,25.6,13.5,13.5,3.68,9.4,18.36,100,73,Sumenep,-6.9924,113.8607
2022-04-04,29.8,23.6,26.3,1.1,1.1,4.43,6.5,22.5,100,71,Sumenep,-6.9924,113.8607
2022-04-05,30.2,23.5,26.6,2.1,2.1,4.74,8.2,23.94,97,70,Sumenep,-6.9924,113.8607
2022-04-06,30.6,22.6,26.6,0.6,0.6,4.54,9.9,22.37,99,67,Sumenep,-6.9924,113.8607
2022-04-07,30.5,24.1,26.9,1.3,1.3,4.62,8.3,22.66,96,67,Sumenep,-6.9924,113.8607
2022-04-08,31.2,23.6,26.9,2.0,2.0,4.59,7.3,22.68,100,64,Sumenep,-6.9924,113.8607
2022-04-09,31.0,23.5,26.6,1.0,1.0,4.45,7.2,21.78,100,66,Sumenep,-6.9924,113.8607
2022-04-10,30.6,23.9,26.7,1.4,1.4,4.63,7.1,22.96,100,69,Sumenep,-6.9924,113.8607
2022-04-11,31.0,23.2,27.0,0.0,0.0,5.01,10.4,24.48,99,57,Sumenep,-6.9924,113.8607
2022-04-12,31.2,24.5,27.5,0.0,0.0,5.27,11.3,25.07,92,50,Sumenep,-6.9924,113.8607
2022-04-13,31.2,24.6,27.7,0.3,0.3,5.13,8.8,24.62,91,53,Sumenep,-6.9924,113.8607
2022-04-14,31.4,23.9,27.4,0.0,0.0,5.14,12.8,24.72,93,55,Sumenep,-6.9924,113.8607
2022-04-15,31.5,25.0,28.3,0.1,0.1,5.04,11.0,23.82,93,59,Sumenep,-6.9924,113.8607
2022-04-16,31.2,24.8,27.7,8.1,8.1,4.44,10.7,21.55,97,65,Sumenep,-6.9924,113.8607
2022-04-17,31.5,25.3,27.8,2.1,2.1,4.46,9.8,21.68,95,64,Sumenep,-6.9924,113.8607
2022-04-18,29.2,25.4,26.6,13.2,13.2,2.9,9.9,14.37,98,74,Sumenep,-6.9924,113.8607
2022-04-19,27.6,23.9,25.3,34.9,34.9,2.22,11.3,11.3,99,83,Sumenep,-6.9924,113.8607
2022-04-20,28.2,23.3,25.1,17.5,17.5,2.29,10.8,11.56,100,81,Sumenep,-6.9924,113.8607
2022-04-21,29.5,23.5,25.9,6.5,6.5,3.68,8.6,18.62,100,74,Sumenep,-6.9924,113.8607
2022-04-22,30.5,23.9,26.7,3.2,3.2,4.02,11.6,19.96,100,70,Sumenep,-6.9924,113.8607
2022-04-23,30.7,24.5,27.6,5.8,5.8,4.68,11.1,22.98,99,67,Sumenep,-6.9924,113.8607
2022-04-24,30.0,24.1,26.8,1.2,1.2,3.79,10.1,19.13,97,72,Sumenep,-6.9924,113.8607
2022-04-25,30.9,24.9,27.7,2.6,2.6,4.54,13.1,22.42,96,66,Sumenep,-6.9924,113.8607
2022-04-26,29.9,24.4,26.7,2.2,2.2,3.98,12.3,20.21,98,67,Sumenep,-6.9924,113.8607
2022-04-27,30.8,23.2,26.2,4.4,4.4,3.97,10.9,19.67,100,66,Sumenep,-6.9924,113.8607
2022-04-28,30.0,24.0,26.1,6.4,6.4,3.56,6.0,17.71,100,72,Sumenep,-6.9924,113.8607
2022-04-29,29.9,23.9,26.5,8.7,8.7,3.29,6.6,16.52,99,75,Sumenep,-6.9924,113.8607
2022-04-30,30.2,24.1,26.7,7.3,7.3,3.78,12.8,18.96,98,74,Sumenep,-6.9924,113.8607
2022-05-01,29.1,24.0,27.1,2.5,2.5,3.79,18.4,18.13,99,73,Sumenep,-6.9924,113.8607
2022-05-02,30.8,26.6,28.3,0.3,0.3,4.85,16.1,22.55,85,67,Sumenep,-6.9924,113.8607
2022-05-03,30.4,26.4,28.0,1.6,1.6,4.58,14.5,22.38,90,71,Sumenep,-6.9924,113.8607
2022-05-04,30.7,25.9,28.0,1.5,1.5,4.47,13.8,21.32,93,65,Sumenep,-6.9924,113.8607
2022-05-05,30.2,24.5,27.3,1.2,1.2,3.74,12.6,18.27,98,70,Sumenep,-6.9924,113.8607
2022-05-06,30.1,25.5,27.6,1.2,1.2,4.06,12.9,19.95,94,72,Sumenep,-6.9924,113.8607
2022-05-07,31.2,26.2,28.4,0.5,0.5,4.59,12.2,21.75,88,67,Sumenep,-6.9924,113.8607
2022-05-08,27.5,24.5,26.0,22.1,22.1,2.36,16.7,11.86,99,82,Sumenep,-6.9924,113.8607
2022-05-09,28.4,24.5,25.6,22.9,22.9,2.11,13.6,10.77,99,82,Sumenep,-6.9924,113.8607
2022-05-10,29.0,24.1,26.2,11.6,11.6,2.73,9.7,13.99,98,78,Sumenep,-6.9924,113.8607
2022-05-11,29.9,25.5,27.5,2.1,2.1,3.8,13.2,18.77,94,73,Sumenep,-6.9924,113.8607
2022-05-12,30.0,24.6,26.6,8.3,8.3,3.63,6.4,18.22,99,74,Sumenep,-6.9924,113.8607
2022-05-13,29.8,23.2,26.5,27.2,27.2,3.9,10.8,19.43,100,72,Sumenep,-6.9924,113.8607
2022-05-14,30.2,24.0,26.9,5.1,5.1,3.98,8.7,20.02,99,69,Sumenep,-6.9924,113.8607
2022-05-15,30.4,24.8,27.5,1.9,1.9,4.21,11.5,21.05,99,72,Sumenep,-6.9924,113.8607
2022-05-16,31.0,25.7,27.8,1.9,1.9,4.37,8.9,21.23,92,65,Sumenep,-6.9924,113.8607
2022-05-17,30.1,24.9,26.9,5.9,5.9,3.59,11.2,17.78,95,69,Sumenep,-6.9924,113.8607
2022-05-18,29.7,23.9,26.1,14.8,14.8,3.09,13.0,15.87,99,74,Sumenep,-6.9924,113.8607
2022-05-19,29.3,23.6,26.0,11.8,11.8,3.15,14.3,16.46,99,77,Sumenep,-6.9924,113.8607
2022-05-20,27.2,24.0,25.5,28.5,28.5,2.1,12.8,10.68,99,85,Sumenep,-6.9924,113.8607
2022-05-21,29.8,23.6,26.0,1.9,1.9,3.55,9.4,18.22,99,71,Sumenep,-6.9924,113.8607
2022-05-22,30.0,24.5,27.2,0.8,0.8,4.35,16.6,20.92,95,65,Sumenep,-6.9924,113.8607
2022-05-23,30.4,25.9,27.7,0.2,0.2,4.57,18.9,21.15,86,63,Sumenep,-6.9924,113.8607
2022-05-24,30.3,25.6,27.6,1.4,1.4,4.06,14.9,19.59,91,67,Sumenep,-6.9924,113.8607
2022-05-25,30.1,23.8,26.7,4.4,4.4,3.86,13.4,19.57,98,73,Sumenep,-6.9924,113.8607
2022-05-26,26.6,23.7,24.8,30.2,30.2,1.26,11.9,6.2,99,85,Sumenep,-6.9924,113.8607
2022-05-27,29.1,23.6,25.6,19.0,19.0,2.49,16.1,12.17,100,74,Sumenep,-6.9924,113.8607
2022-05-28,30.0,23.9,26.0,23.4,23.4,3.7,9.1,18.54,100,69,Sumenep,-6.9924,113.8607
2022-05-29,30.2,24.0,26.6,0.9,0.9,3.99,8.6,19.9,99,66,Sumenep,-6.9924,113.8607
2022-05-30,30.2,23.9,27.0,0.8,0.8,3.9,9.2,19.44,100,68,Sumenep,-6.9924,113.8607
2022-05-31,31.0,22.6,26.7,0.2,0.2,4.15,6.5,20.42,100,61,Sumenep,-6.9924,113.8607
2022-06-01,28.9,24.7,26.3,4.4,4.4,3.23,8.8,16.24,97,76,Sumenep,-6.9924,113.8607
2022-06-02,30.2,25.0,27.4,0.1,0.1,4.3,11.5,20.92,94,64,Sumenep,-6.9924,113.8607
2022-06-03,30.0,24.8,27.2,5.1,5.1,3.84,12.3,19.03,94,67,Sumenep,-6.9924,113.8607
2022-06-04,29.5,25.0,27.0,1.9,1.9,3.66,11.4,18.19,94,71,Sumenep,-6.9924,113.8607
2022-06-05,29.0,23.9,25.9,7.9,7.9,3.26,12.6,16.61,99,71,Sumenep,-6.9924,113.8607
2022-06-06,28.6,24.0,26.0,7.8,7.8,2.98,13.0,15.18,98,75,Sumenep,-6.9924,113.8607
2022-06-07,30.0,23.5,26.7,0.6,0.6,4.09,14.0,20.58,100,69,Sumenep,-6.9924,113.8607
2022-06-08,30.0,25.5,27.2,5.7,5.7,3.84,14.4,18.64,90,69,Sumenep,-6.9924,113.8607
2022-06-09,30.1,24.8,27.0,5.1,5.1,3.97,15.5,19.44,96,70,Sumenep,-6.9924,113.8607
2022-06-10,29.8,24.6,27.0,1.1,1.1,3.69,9.9,18.03,96,70,Sumenep,-6.9924,113.8607
2022-06-11,30.0,25.3,27.4,2.0,2.0,4.01,14.8,19.23,92,66,Sumenep,-6.9924,113.8607
2022-06-12,29.4,24.5,26.1,7.2,7.2,3.27,14.8,16.99,96,74,Sumenep,-6.9924,113.8607
2022-06-13,28.4,24.0,25.7,12.3,12.3,2.48,12.0,12.6,96,77,Sumenep,-6.9924,113.8607
2022-06-14,27.8,22.5,25.2,20.9,20.9,2.67,12.8,13.73,99,77,Sumenep,-6.9924,113.8607
2022-06-15,28.6,25.2,26.7,3.9,3.9,3.54,15.9,17.71,90,73,Sumenep,-6.9924,113.8607
2022-06-16,28.4,24.6,26.2,5.7,5.7,3.33,19.0,17.13,97,77,Sumenep,-6.9924,113.8607
2022-06-17,29.6,24.1,26.3,4.8,4.8,3.45,11.4,17.35,97,71,Sumenep,-6.9924,113.8607
2022-06-18,30.2,23.3,26.0,2.2,2.2,3.69,11.8,18.78,99,68,Sumenep,-6.9924,113.8607
2022-06-19,28.8,22.7,25.8,7.3,7.3,3.43,15.1,17.63,99,73,Sumenep,-6.9924,113.8607
2022-06-20,29.5,25.1,27.3,1.1,1.1,4.12,16.1,18.59,90,67,Sumenep,-6.9924,113.8607
2022-06-21,29.5,25.1,27.0,0.4,0.4,4.27,15.8,20.22,88,65,Sumenep,-6.9924,113.8607
2022-06-22,29.7,25.5,27.2,0.1,0.1,4.77,18.7,20.64,81,58,Sumenep,-6.9924,113.8607
2022-06-23,29.5,25.5,27.2,1.0,1.0,4.12,16.5,18.4,86,68,Sumenep,-6.9924,113.8607
2022-06-24,30.0,25.9,27.6,0.1,0.1,4.66,18.2,20.35,80,62,Sumenep,-6.9924,113.8607
2022-06-25,28.0,25.2,26.6,7.7,7.7,3.05,19.8,12.67,90,71,Sumenep,-6.9924,113.8607
2022-06-26,28.9,24.4,26.6,9.9,9.9,3.69,15.1,16.96,94,69,Sumenep,-6.9924,113.8607
2022-06-27,29.4,22.8,26.4,0.4,0.4,4.25,21.0,20.35,100,66,Sumenep,-6.9924,113.8607
2022-06-28,29.1,23.5,27.0,0.0,0.0,4.89,17.8,21.09,96,60,Sumenep,-6.9924,113.8607
2022-06-29,30.2,24.3,27.0,0.0,0.0,4.64,16.3,21.21,95,54,Sumenep,-6.9924,113.8607
2022-06-30,29.6,23.0,26.7,0.3,0.3,4.24,15.9,19.82,97,58,Sumenep,-6.9924,113.8607
2022-07-01,29.7,23.7,27.2,0.4,0.4,4.3,17.6,18.6,95,63,Sumenep,-6.9924,113.8607
2022-07-02,29.3,24.5,26.8,8.8,8.8,3.64,19.2,17.41,94,70,Sumenep,-6.9924,113.8607
2022-07-03,29.8,25.1,27.0,0.8,0.8,3.72,12.6,18.56,93,72,Sumenep,-6.9924,113.8607
2022-07-04,28.9,25.0,26.5,6.5,6.5,3.29,13.7,16.69,96,77,Sumenep,-6.9924,113.8607
2022-07-05,30.2,24.1,26.5,7.1,7.1,3.52,10.3,17.63,98,69,Sumenep,-6.9924,113.8607
2022-07-06,29.0,23.5,25.6,5.7,5.7,3.38,13.6,17.2,99,72,Sumenep,-6.9924,113.8607
2022-07-07,28.8,23.0,26.1,0.8,0.8,4.31,15.8,20.35,99,66,Sumenep,-6.9924,113.8607
2022-07-08,28.5,24.5,26.2,0.0,0.0,4.86,18.6,21.21,87,55,Sumenep,-6.9924,113.8607
2022-07-09,28.5,22.9,25.7,0.0,0.0,4.33,13.8,20.95,87,64,Sumenep,-6.9924,113.8607
2022-07-10,28.8,24.6,26.6,0.4,0.4,4.31,17.4,20.44,84,67,Sumenep,-6.9924,113.8607
2022-07-11,29.0,23.5,26.5,1.3,1.3,3.74,17.1,18.22,94,74,Sumenep,-6.9924,113.8607
2022-07-12,29.1,24.3,26.8,0.7,0.7,4.07,19.7,19.6,94,70,Sumenep,-6.9924,113.8607
2022-07-13,29.2,25.4,26.8,2.2,2.2,3.95,16.6,18.69,87,70,Sumenep,-6.9924,113.8607
2022-07-14,28.4,23.5,25.9,7.4,7.4,3.48,13.7,17.43,96,72,Sumenep,-6.9924,113.8607
2022-07-15,29.1,25.9,27.2,1.7,1.7,4.51,20.5,20.55,82,69,Sumenep,-6.9924,113.8607
2022-07-16,29.0,25.5,27.1,0.9,0.9,4.38,15.9,20.48,83,69,Sumenep,-6.9924,113.8607
2022-07-17,29.1,23.2,25.6,27.8,27.8,3.46,22.0,17.27,99,68,Sumenep,-6.9924,113.8607
2022-07-18,28.6,24.9,26.5,1.4,1.4,4.04,19.3,19.88,91,72,Sumenep,-6.9924,113.8607
2022-07-19,28.9,24.8,26.5,0.0,0.0,4.41,19.2,21.34,88,67,Sumenep,-6.9924,113.8607
2022-07-20,29.1,25.0,26.7,0.0,0.0,4.46,17.9,20.85,85,65,Sumenep,-6.9924,113.8607
2022-07-21,29.5,25.5,27.1,0.0,0.0,4.89,18.5,21.28,79,60,Sumenep,-6.9924,113.8607
2022-07-22,29.5,25.0,26.9,0.3,0.3,4.32,17.1,20.4,88,64,Sumenep,-6.9924,113.8607
2022-07-23,29.5,24.7,26.9,0.4,0.4,4.63,18.6,21.66,88,63,Sumenep,-6.9924,113.8607
2022-07-24,28.6,24.5,26.5,0.0,0.0,5.2,25.4,22.34,84,54,Sumenep,-6.9924,113.8607
2022-07-25,28.2,23.0,25.4,0.0,0.0,5.22,18.9,22.56,78,53,Sumenep,-6.9924,113.8607
2022-07-26,29.0,22.2,25.8,0.0,0.0,4.71,15.4,22.14,90,55,Sumenep,-6.9924,113.8607
2022-07-27,29.4,24.9,26.9,0.7,0.7,4.58,16.1,21.27,83,65,Sumenep,-6.9924,113.8607
2022-07-28,29.5,24.9,26.7,0.5,0.5,4.63,18.7,21.71,87,65,Sumenep,-6.9924,113.8607
2022-07-29,29.3,24.7,26.6,1.4,1.4,4.49,19.1,20.8,83,66,Sumenep,-6.9924,113.8607
2022-07-30,29.5,24.1,26.3,0.0,0.0,4.72,15.6,22.4,88,59,Sumenep,-6.9924,113.8607
2022-07-31,29.2,23.6,26.1,0.0,0.0,4.63,13.8,22.25,92,54,Sumenep,-6.9924,113.8607
2022-08-01,30.2,23.4,26.9,0.3,0.3,4.49,15.0,20.73,93,59,Sumenep,-6.9924,113.8607
2022-08-02,29.4,24.7,26.3,4.9,4.9,3.71,15.5,18.44,93,65,Sumenep,-6.9924,113.8607
2022-08-03,30.1,24.9,27.1,0.0,0.0,4.57,16.5,22.2,93,65,Sumenep,-6.9924,113.8607
2022-08-04,29.9,24.5,27.2,0.0,0.0,5.06,15.8,22.78,89,57,Sumenep,-6.9924,113.8607
2022-08-05,29.9,22.1,26.0,0.0,0.0,4.91,13.0,23.48,95,49,Sumenep,-6.9924,113.8607
2022-08-06,30.6,21.9,26.1,0.0,0.0,4.7,11.5,22.58,97,53,Sumenep,-6.9924,113.8607
2022-08-07,30.0,22.5,26.5,0.4,0.4,4.62,15.6,22.07,98,60,Sumenep,-6.9924,113.8607
2022-08-08,30.0,23.1,26.9,0.2,0.2,4.87,16.0,22.5,97,58,Sumenep,-6.9924,113.8607
2022-08-09,30.9,23.5,27.3,0.0,0.0,5.18,17.4,22.64,96,51,Sumenep,-6.9924,113.8607
2022-08-10,30.6,25.2,27.5,0.4,0.4,4.91,15.5,21.43,85,57,Sumenep,-6.9924,113.8607
2022-08-11,30.8,25.5,27.5,1.1,1.1,4.82,17.0,22.13,90,59,Sumenep,-6.9924,113.8607
2022-08-12,30.2,25.1,27.2,1.5,1.5,3.95,14.9,18.3,89,66,Sumenep,-6.9924,113.8607
2022-08-13,30.4,23.3,26.5,7.1,7.1,4.13,16.6,20.38,99,66,Sumenep,-6.9924,113.8607
2022-08-14,29.9,23.2,25.8,20.1,20.1,3.65,16.2,18.31,99,68,Sumenep,-6.9924,113.8607
2022-08-15,30.4,23.0,26.6,2.1,2.1,4.47,16.8,21.78,97,65,Sumenep,-6.9924,113.8607
2022-08-16,30.0,23.5,26.8,1.9,1.9,4.61,14.8,22.05,96,63,Sumenep,-6.9924,113.8607
2022-08-17,28.8,24.9,26.7,2.5,2.5,4.52,18.0,20.29,86,65,Sumenep,-6.9924,113.8607
2022-08-18,29.9,25.5,27.4,0.0,0.0,5.27,19.2,22.65,81,60,Sumenep,-6.9924,113.8607
2022-08-19,29.9,25.7,27.5,0.0,0.0,5.4,19.5,22.81,83,62,Sumenep,-6.9924,113.8607
2022-08-20,29.4,25.8,27.1,0.0,0.0,5.71,23.4,23.05,72,62,Sumenep,-6.9924,113.8607
2022-08-21,29.9,25.5,27.1,0.7,0.7,5.48,22.2,22.94,77,54,Sumenep,-6.9924,113.8607
2022-08-22,30.1,24.5,27.1,0.0,0.0,5.32,18.4,23.71,85,56,Sumenep,-6.9924,113.8607
2022-08-23,29.7,24.6,27.0,0.6,0.6,5.35,20.9,23.35,84,57,Sumenep,-6.9924,113.8607
2022-08-24,29.5,24.3,26.8,0.0,0.0,5.49,18.8,23.76,82,50,Sumenep,-6.9924,113.8607
2022-08-25,30.3,24.2,27.3,0.0,0.0,5.38,15.9,23.24,88,54,Sumenep,-6.9924,113.8607
2022-08-26,30.5,25.6,27.5,0.8,0.8,5.22,17.3,22.87,82,58,Sumenep,-6.9924,113.8607
2022-08-27,30.4,24.6,27.4,0.0,0.0,5.38,17.9,23.35,88,56,Sumenep,-6.9924,113.8607
2022-08-28,30.5,23.6,27.2,0.0,0.0,5.49,17.6,24.35,94,52,Sumenep,-6.9924,113.8607
2022-08-29,30.5,23.9,27.3,0.0,0.0,5.25,16.6,24.09,90,57,Sumenep,-6.9924,113.8607
2022-08-30,31.1,24.0,27.3,0.1,0.1,5.17,17.2,24.11,94,53,Sumenep,-6.9924,113.8607
2022-08-31,30.8,24.0,27.2,2.8,2.8,4.83,15.8,22.72,95,61,Sumenep,-6.9924,113.8607
2022-09-01,30.4,25.2,27.5,0.9,0.9,5.02,17.9,23.52,90,61,Sumenep,-6.9924,113.8607
2022-09-02,31.5,25.3,27.6,0.0,0.0,5.41,19.4,24.82,89,53,Sumenep,-6.9924,113.8607
2022-09-03,31.8,23.6,27.8,0.0,0.0,5.34,14.0,24.33,98,48,Sumenep,-6.9924,113.8607
2022-09-04,32.2,24.7,28.2,0.1,0.1,5.18,14.3,22.41,95,47,Sumenep,-6.9924,113.8607
2022-09-05,31.3,24.9,27.9,0.9,0.9,4.84,10.4,22.31,91,56,Sumenep,-6.9924,113.8607
2022-09-06,31.1,24.9,27.6,2.1,2.1,4.85,14.8,22.51,94,60,Sumenep,-6.9924,113.8607
2022-09-07,30.8,25.2,27.6,0.5,0.5,4.94,17.4,21.93,88,63,Sumenep,-6.9924,113.8607
2022-09-08,31.7,25.6,28.3,0.1,0.1,5.11,16.1,22.49,87,56,Sumenep,-6.9924,113.8607
2022-09-09,30.0,25.4,26.8,12.4,12.4,3.54,10.2,17.06,91,63,Sumenep,-6.9924,113.8607
2022-09-10,30.8,23.5,26.8,5.9,5.9,4.33,11.2,21.03,99,60,Sumenep,-6.9924,113.8607
2022-09-11,30.9,23.6,27.0,0.5,0.5,4.91,15.1,23.32,100,60,Sumenep,-6.9924,113.8607
2022-09-12,31.7,24.2,27.7,0.0,0.0,5.6,15.4,25.02,92,50,Sumenep,-6.9924,113.8607
2022-09-13,31.8,25.3,28.0,0.0,0.0,5.75,15.5,25.46,85,50,Sumenep,-6.9924,113.8607
2022-09-14,31.8,24.0,28.0,0.1,0.1,5.77,16.2,25.14,97,49,Sumenep,-6.9924,113.8607
2022-09-15,31.6,25.0,28.2,0.0,0.0,5.34,17.8,22.62,93,50,Sumenep,-6.9924,113.8607
2022-09-16,31.7,25.0,28.2,0.0,0.0,5.4,15.4,22.63,95,47,Sumenep,-6.9924,113.8607
2022-09-17,31.4,24.2,28.0,0.0,0.0,5.97,16.3,25.5,80,50,Sumenep,-6.9924,113.8607
2022-09-18,31.7,23.1,27.7,0.0,0.0,5.81,15.0,25.84,94,48,Sumenep,-6.9924,113.8607
2022-09-19,32.0,23.9,28.0,0.0,0.0,5.91,14.3,25.77,92,47,Sumenep,-6.9924,113.8607
2022-09-20,32.7,23.6,28.2,0.0,0.0,5.82,20.0,24.88,95,42,Sumenep,-6.9924,113.8607
2022-09-21,31.6,25.0,28.1,1.8,1.8,4.74,13.0,20.76,88,53,Sumenep,-6.9924,113.8607
2022-09-22,32.2,25.5,28.6,0.0,0.0,5.63,17.4,23.85,88,51,Sumenep,-6.9924,113.8607
2022-09-23,32.2,25.9,28.5,0.0,0.0,5.74,15.3,25.26,84,54,Sumenep,-6.9924,113.8607
2022-09-24,33.2,24.2,28.3,0.1,0.1,5.68,14.6,25.28,96,46,Sumenep,-6.9924,113.8607
2022-09-25,32.5,24.6,28.6,0.0,0.0,5.99,15.1,25.77,93,46,Sumenep,-6.9924,113.8607
2022-09-26,33.0,25.4,28.5,0.1,0.1,5.73,15.3,25.63,89,44,Sumenep,-6.9924,113.8607
2022-09-27,32.5,23.9,28.3,0.0,0.0,6.25,15.7,26.34,92,41,Sumenep,-6.9924,113.8607
2022-09-28,32.2,24.0,28.2,0.0,0.0,6.06,13.8,26.14,91,43,Sumenep,-6.9924,113.8607
2022-09-29,32.5,25.0,28.6,1.3,1.3,5.85,13.4,25.47,88,52,Sumenep,-6.9924,113.8607
2022-09-30,29.8,24.6,26.9,6.3,6.3,3.55,15.5,16.62,93,64,Sumenep,-6.9924,113.8607
2022-10-01,32.7,26.0,27.9,7.6,7.6,4.44,11.5,20.08,90,56,Sumenep,-6.9924,113.8607
2022-10-02,33.0,23.9,27.5,1.3,1.3,4.35,9.6,20.42,99,55,Sumenep,-6.9924,113.8607
2022-10-03,30.6,23.8,26.0,14.8,14.8,3.46,8.2,17.2,99,65,Sumenep,-6.9924,113.8607
2022-10-04,31.4,23.6,27.2,3.0,3.0,4.53,11.4,21.5,100,59,Sumenep,-6.9924,113.8607
2022-10-05,31.1,24.3,27.0,4.1,4.1,3.72,10.6,17.56,97,59,Sumenep,-6.9924,113.8607
2022-10-06,30.1,23.8,26.7,5.8,5.8,3.54,19.7,15.71,97,65,Sumenep,-6.9924,113.8607
2022-10-07,31.8,23.7,27.3,7.5,7.5,4.98,12.3,23.77,99,59,Sumenep,-6.9924,113.8607
2022-10-08,32.2,23.1,27.0,4.7,4.7,4.59,7.8,22.13,100,60,Sumenep,-6.9924,113.8607
2022-10-09,31.6,23.6,26.7,5.1,5.1,4.48,10.1,21.72,99,60,Sumenep,-6.9924,113.8607
2022-10-10,30.4,24.4,27.0,4.9,4.9,4.32,9.4,21.38,98,67,Sumenep,-6.9924,113.8607
2022-10-11,29.6,23.7,26.2,6.6,6.6,3.18,12.3,15.53,99,71,Sumenep,-6.9924,113.8607
2022-10-12,31.2,23.1,27.1,0.8,0.8,4.89,16.4,22.38,99,59,Sumenep,-6.9924,113.8607
2022-10-13,32.0,24.0,27.2,5.3,5.3,5.18,10.1,25.03,96,54,Sumenep,-6.9924,113.8607
2022-10-14,30.6,22.8,26.9,1.3,1.3,4.96,12.3,23.85,98,61,Sumenep,-6.9924,113.8607
2022-10-15,30.9,24.0,27.1,1.6,1.6,4.85,10.6,23.62,94,62,Sumenep,-6.9924,113.8607
2022-10-16,31.5,24.1,28.0,0.2,0.2,4.96,14.7,22.27,99,57,Sumenep,-6.9924,113.8607
2022-10-17,31.1,24.8,27.5,4.9,4.9,4.08,9.3,19.57,96,61,Sumenep,-6.9924,113.8607
2022-10-18,28.1,24.0,25.1,31.1,31.1,2.19,9.2,10.83,99,78,Sumenep,-6.9924,113.8607
2022-10-19,29.0,23.4,25.1,14.5,14.5,2.95,7.3,14.71,100,75,Sumenep,-6.9924,113.8607
2022-10-20,30.0,23.6,26.1,8.9,8.9,3.81,8.0,18.82,100,70,Sumenep,-6.9924,113.8607
2022-10-21,29.6,23.9,26.0,12.7,12.7,3.47,10.6,17.34,99,73,Sumenep,-6.9924,113.8607
2022-10-22,30.4,23.2,26.6,3.0,3.0,4.31,4.6,21.09,100,67,Sumenep,-6.9924,113.8607
2022-10-23,30.9,24.2,26.8,2.0,2.0,4.66,9.7,22.68,99,66,Sumenep,-6.9924,113.8607
2022-10-24,30.6,24.0,26.3,14.8,14.8,4.06,7.5,20.1,98,66,Sumenep,-6.9924,113.8607
2022-10-25,30.0,23.1,25.8,14.5,14.5,3.65,7.2,18.08,99,72,Sumenep,-6.9924,113.8607
2022-10-26,29.1,23.8,25.6,7.6,7.6,2.94,13.8,14.42,99,73,Sumenep,-6.9924,113.8607
2022-10-27,29.5,23.3,25.9,5.2,5.2,3.31,9.6,16.37,99,72,Sumenep,-6.9924,113.8607
2022-10-28,30.5,23.3,26.7,1.1,1.1,4.89,11.8,23.77,100,62,Sumenep,-6.9924,113.8607
2022-10-29,30.2,22.9,26.3,1.1,1.1,4.52,8.5,21.87,98,58,Sumenep,-6.9924,113.8607
2022-10-30,30.2,23.0,26.5,1.0,1.0,5.11,10.7,24.94,99,57,Sumenep,-6.9924,113.8607
2022-10-31,31.5,23.5,27.4,0.0,0.0,5.42,10.8,25.76,94,51,Sumenep,-6.9924,113.8607
2022-11-01,30.6,24.0,27.0,1.8,1.8,5.06,8.2,24.74,99,63,Sumenep,-6.9924,113.8607
2022-11-02,31.5,23.7,27.6,1.6,1.6,5.14,9.8,24.58,99,58,Sumenep,-6.9924,113.8607
2022-11-03,32.0,25.1,28.3,0.9,0.9,5.44,10.0,25.47,93,55,Sumenep,-6.9924,113.8607
2022-11-04,31.8,24.3,27.1,6.6,6.6,4.66,11.9,22.49,98,63,Sumenep,-6.9924,113.8607
2022-11-05,31.6,24.1,27.6,3.5,3.5,4.71,11.8,22.7,97,62,Sumenep,-6.9924,113.8607
2022-11-06,31.2,23.8,26.3,5.1,5.1,4.31,11.2,21.22,100,64,Sumenep,-6.9924,113.8607
2022-11-07,28.5,23.8,25.8,8.6,8.6,2.96,10.5,14.64,99,74,Sumenep,-6.9924,113.8607
2022-11-08,30.6,23.1,26.4,6.8,6.8,4.6,6.7,22.67,100,64,Sumenep,-6.9924,113.8607
2022-11-09,29.5,23.8,25.9,10.4,10.4,3.12,8.0,15.27,99,70,Sumenep,-6.9924,113.8607
2022-11-10,30.8,24.4,27.0,3.9,3.9,4.5,9.0,21.8,100,67,Sumenep,-6.9924,113.8607
2022-11-11,30.1,24.0,26.5,2.2,2.2,4.55,9.7,22.86,100,69,Sumenep,-6.9924,113.8607
2022-11-12,29.9,24.0,26.4,19.2,19.2,3.72,9.2,18.24,100,70,Sumenep,-6.9924,113.8607
2022-11-13,30.2,24.0,25.9,16.9,16.9,3.65,8.0,18.14,100,68,Sumenep,-6.9924,113.8607
2022-11-14,30.7,24.0,26.5,5.9,5.9,3.88,9.7,19.15,99,69,Sumenep,-6.9924,113.8607
2022-11-15,30.5,23.7,26.1,17.5,17.5,3.7,10.7,18.25,100,70,Sumenep,-6.9924,113.8607
2022-11-16,28.8,23.8,25.7,10.1,10.1,2.65,14.1,13.05,96,76,Sumenep,-6.9924,113.8607
2022-11-17,30.5,24.0,26.9,6.4,6.4,4.41,10.9,21.39,100,71,Sumenep,-6.9924,113.8607
2022-11-18,29.0,24.5,25.9,27.3,27.3,2.17,8.7,10.09,99,73,Sumenep,-6.9924,113.8607
2022-11-19,27.0,23.4,25.1,5.5,5.5,1.83,12.0,8.92,99,80,Sumenep,-6.9924,113.8607
2022-11-20,29.9,23.4,26.3,2.2,2.2,4.42,14.4,22.06,99,67,Sumenep,-6.9924,113.8607
2022-11-21,30.3,23.1,26.7,1.3,1.3,4.59,15.2,22.36,100,69,Sumenep,-6.9924,113.8607
2022-11-22,30.0,24.4,26.8,5.6,5.6,4.18,8.9,20.58,98,71,Sumenep,-6.9924,113.8607
2022-11-23,29.5,23.9,26.2,5.6,5.6,3.78,8.1,18.63,100,72,Sumenep,-6.9924,113.8607
2022-11-24,29.9,23.5,25.5,22.7,22.7,3.47,9.1,17.5,100,71,Sumenep,-6.9924,113.8607
2022-11-25,28.7,23.8,25.7,6.8,6.8,2.54,7.6,12.38,99,76,Sumenep,-6.9924,113.8607
2022-11-26,29.4,23.1,25.4,16.7,16.7,3.5,12.7,17.77,99,72,Sumenep,-6.9924,113.8607
2022-11-27,29.4,23.0,25.5,12.9,12.9,3.09,12.0,15.62,100,72,Sumenep,-6.9924,113.8607
2022-11-28,29.0,23.5,25.3,17.5,17.5,2.86,10.3,14.03,100,75,Sumenep,-6.9924,113.8607
2022-11-29,28.5,23.2,25.6,11.2,11.2,3.13,6.2,15.54,100,79,Sumenep,-6.9924,113.8607
2022-11-30,29.0,23.5,26.1,5.9,5.9,3.47,7.4,16.99,99,75,Sumenep,-6.9924,113.8607
2022-12-01,30.3,23.1,26.5,4.5,4.5,4.41,9.5,21.71,99,67,Sumenep,-6.9924,113.8607
2022-12-02,29.6,24.0,26.0,13.2,13.2,3.75,10.2,19.09,98,69,Sumenep,-6.9924,113.8607
2022-12-03,31.1,23.6,27.0,0.1,0.1,4.66,8.6,22.62,99,62,Sumenep,-6.9924,113.8607
2022-12-04,30.1,24.0,26.8,2.7,2.7,4.16,8.7,20.66,99,70,Sumenep,-6.9924,113.8607
2022-12-05,30.3,23.5,26.2,7.9,7.9,4.24,7.6,21.3,100,68,Sumenep,-6.9924,113.8607
2022-12-06,31.0,23.3,26.7,4.6,4.6,4.75,9.8,23.47,100,66,Sumenep,-6.9924,113.8607
2022-12-07,30.7,23.6,26.9,0.8,0.8,4.75,12.0,23.34,99,66,Sumenep,-6.9924,113.8607
2022-12-08,31.3,22.5,27.0,0.4,0.4,5.25,7.9,25.63,100,59,Sumenep,-6.9924,113.8607
2022-12-09,32.0,23.5,27.7,0.5,0.5,5.55,13.3,26.18,91,50,Sumenep,-6.9924,113.8607
2022-12-10,31.2,24.1,27.4,0.2,0.2,5.18,8.4,24.89,95,56,Sumenep,-6.9924,113.8607
2022-12-11,31.8,23.6,27.8,0.0,0.0,5.37,9.5,25.68,98,58,Sumenep,-6.9924,113.8607
2022-12-12,31.7,23.5,27.6,2.4,2.4,5.17,7.4,25.22,99,55,Sumenep,-6.9924,113.8607
2022-12-13,31.4,24.3,27.7,2.0,2.0,5.01,7.2,24.35,100,64,Sumenep,-6.9924,113.8607
2022-12-14,30.5,24.9,26.7,6.5,6.5,3.83,10.3,18.82,95,66,Sumenep,-6.9924,113.8607
2022-12-15,30.3,23.6,26.2,1.2,1.2,4.42,7.4,22.04,97,70,Sumenep,-6.9924,113.8607
2022-12-16,29.8,22.6,25.2,45.9,45.9,3.39,6.8,16.77,99,70,Sumenep,-6.9924,113.8607
2022-12-17,29.5,23.2,25.7,17.1,17.1,3.55,7.5,17.66,99,70,Sumenep,-6.9924,113.8607
2022-12-18,31.5,23.4,27.2,0.6,0.6,5.05,7.1,24.73,100,59,Sumenep,-6.9924,113.8607
2022-12-19,30.3,23.5,26.7,2.8,2.8,4.91,9.6,24.29,98,66,Sumenep,-6.9924,113.8607
2022-12-20,31.3,23.4,27.2,0.1,0.1,5.21,7.8,25.38,99,56,Sumenep,-6.9924,113.8607
2022-12-21,31.3,24.6,27.0,14.6,14.6,4.47,10.5,22.19,95,64,Sumenep,-6.9924,113.8607
2022-12-22,28.5,23.8,25.9,18.9,18.9,3.09,18.1,15.23,99,73,Sumenep,-6.9924,113.8607
2022-12-23,30.7,24.4,26.4,4.3,4.3,3.7,24.3,15.89,94,63,Sumenep,-6.9924,113.8607
2022-12-24,30.1,24.0,26.1,1.0,1.0,3.29,22.2,14.53,94,62,Sumenep,-6.9924,113.8607
2022-12-25,27.8,23.9,25.0,9.4,9.4,2.06,20.0,10.46,98,80,Sumenep,-6.9924,113.8607
2022-12-26,28.5,23.5,25.1,9.2,9.2,2.53,19.6,12.33,98,74,Sumenep,-6.9924,113.8607
2022-12-27,26.9,23.5,24.7,16.5,16.5,1.92,20.1,9.76,98,76,Sumenep,-6.9924,113.8607
2022-12-28,29.0,24.5,26.3,7.2,7.2,3.68,17.3,17.09,89,69,Sumenep,-6.9924,113.8607
2022-12-29,26.7,24.0,24.9,11.9,11.9,1.81,24.0,8.7,97,85,Sumenep,-6.9924,113.8607
2022-12-30,25.9,23.3,24.5,9.7,9.7,1.38,22.9,7.19,98,87,Sumenep,-6.9924,113.8607
2022-12-31,27.9,22.9,25.0,13.2,13.2,3.33,26.5,18.01,98,74,Sumenep,-6.9924,113.8607
2023-01-01,27.8,23.2,25.2,5.5,5.5,3.34,28.0,16.79,95,75,Sumenep,-6.9924,113.8607
2023-01-02,29.0,24.5,26.4,1.7,1.7,4.46,31.0,21.77,89,70,Sumenep,-6.9924,113.8607
2023-01-03,29.4,25.0,27.0,2.0,2.0,4.94,24.3,23.34,86,70,Sumenep,-6.9924,113.8607
2023-01-04,30.5,24.9,27.0,5.0,5.0,4.89,20.6,22.81,87,66,Sumenep,-6.9924,113.8607
2023-01-05,32.0,24.6,27.3,2.2,2.2,5.01,15.8,23.35,89,59,Sumenep,-6.9924,113.8607
2023-01-06,31.0,24.0,26.7,6.9,6.9,4.36,11.0,20.78,92,64,Sumenep,-6.9924,113.8607
2023-01-07,31.7,23.8,27.1,2.9,2.9,5.15,9.7,24.71,99,57,Sumenep,-6.9924,113.8607
2023-01-08,30.4,23.7,26.1,2.5,2.5,4.08,8.5,20.27,100,66,Sumenep,-6.9924,113.8607
2023-01-09,29.6,22.9,25.8,2.2,2.2,4.46,7.9,22.27,99,69,Sumenep,-6.9924,113.8607
2023-01-10,29.9,22.9,26.0,4.6,4.6,4.83,13.1,24.15,100,68,Sumenep,-6.9924,113.8607
2023-01-11,30.5,23.5,26.6,2.6,2.6,4.71,10.4,23.04,99,64,Sumenep,-6.9924,113.8607
2023-01-12,31.1,23.9,27.0,0.7,0.7,5.22,11.6,25.2,98,54,Sumenep,-6.9924,113.8607
2023-01-13,30.6,22.5,26.4,1.6,1.6,5.01,7.2,24.78,100,58,Sumenep,-6.9924,113.8607
2023-01-14,30.6,23.6,27.0,1.8,1.8,4.85,15.8,23.52,95,64,Sumenep,-6.9924,113.8607
2023-01-15,30.3,23.8,26.8,2.4,2.4,4.77,17.2,23.28,98,67,Sumenep,-6.9924,113.8607
2023-01-16,28.6,23.6,26.0,5.4,5.4,3.46,18.0,17.32,96,74,Sumenep,-6.9924,113.8607
2023-01-17,29.9,23.6,26.3,3.2,3.2,3.96,13.9,19.51,96,69,Sumenep,-6.9924,113.8607
2023-01-18,30.0,23.5,25.8,7.7,7.7,3.44,12.0,16.89,96,69,Sumenep,-6.9924,113.8607
2023-01-19,28.1,23.5,25.3,16.8,16.8,3.23,15.1,16.54,99,75,Sumenep,-6.9924,113.8607
2023-01-20,29.1,22.9,25.2,17.9,17.9,3.34,9.2,17.14,99,72,Sumenep,-6.9924,113.8607
2023-01-21,29.5,23.0,25.5,22.9,22.9,4.32,9.4,21.77,99,74,Sumenep,-6.9924,113.8607
2023-01-22,29.8,23.1,25.9,12.5,12.5,4.22,7.2,21.09,99,73,Sumenep,-6.9924,113.8607
2023-01-23,29.3,23.1,26.0,4.7,4.7,4.8,10.2,24.54,99,69,Sumenep,-6.9924,113.8607
2023-01-24,29.6,23.9,26.1,6.1,6.1,4.35,8.4,21.9,99,71,Sumenep,-6.9924,113.8607
2023-01-25,28.4,23.3,25.6,7.7,7.7,3.79,11.3,19.62,98,76,Sumenep,-6.9924,113.8607
2023-01-26,29.6,23.5,25.2,19.8,19.8,2.84,11.8,14.11,99,71,Sumenep,-6.9924,113.8607
2023-01-27,28.9,23.4,25.4,15.7,15.7,2.91,14.1,14.82,97,74,Sumenep,-6.9924,113.8607
2023-01-28,26.7,23.4,24.7,37.3,37.3,1.91,10.7,9.58,99,86,Sumenep,-6.9924,113.8607
2023-01-29,30.6,23.0,25.9,3.8,3.8,4.25,11.5,21.21,96,68,Sumenep,-6.9924,113.8607
2023-01-30,30.5,23.4,26.2,3.2,3.2,4.19,12.1,20.7,100,66,Sumenep,-6.9924,113.8607
2023-01-31,30.6,24.0,26.5,13.8,13.8,4.4,6.9,21.77,100,69,Sumenep,-6.9924,113.8607
2023-02-01,30.0,23.5,25.8,25.4,25.4,3.55,16.5,18.35,99,72,Sumenep,-6.9924,113.8607
2023-02-02,26.8,23.5,24.8,25.7,25.7,2.1,12.1,10.65,99,80,Sumenep,-6.9924,113.8607
2023-02-03,29.7,23.5,25.9,5.8,5.8,3.37,19.8,15.89,99,67,Sumenep,-6.9924,113.8607
2023-02-04,28.9,25.0,26.4,1.6,1.6,2.9,17.0,13.08,91,68,Sumenep,-6.9924,113.8607
2023-02-05,29.2,24.0,26.2,12.6,12.6,3.65,17.1,18.09,99,74,Sumenep,-6.9924,113.8607
2023-02-06,30.2,23.5,26.4,2.6,2.6,4.02,17.1,20.2,96,68,Sumenep,-6.9924,113.8607
2023-02-07,29.5,24.4,26.1,8.1,8.1,3.41,22.3,16.24,94,70,Sumenep,-6.9924,113.8607
2023-02-08,27.9,23.3,25.6,21.2,21.2,2.4,14.6,11.79,99,78,Sumenep,-6.9924,113.8607
2023-02-09,29.2,24.1,25.9,8.7,8.7,3.48,16.5,17.62,94,74,Sumenep,-6.9924,113.8607
2023-02-10,28.8,24.1,26.0,9.2,9.2,3.42,18.9,17.74,94,76,Sumenep,-6.9924,113.8607
2023-02-11,30.3,24.3,25.9,10.0,10.0,3.66,18.3,18.62,99,61,Sumenep,-6.9924,113.8607
2023-02-12,29.5,23.8,26.0,6.8,6.8,3.35,14.9,16.47,97,69,Sumenep,-6.9924,113.8607
2023-02-13,29.9,23.0,25.5,18.7,18.7,3.71,13.9,18.83,99,65,Sumenep,-6.9924,113.8607
2023-02-14,30.4,23.0,25.9,3.7,3.7,4.36,20.6,22.6,97,69,Sumenep,-6.9924,113.8607
2023-02-15,28.6,23.9,25.4,11.0,11.0,2.78,14.7,14.02,95,76,Sumenep,-6.9924,113.8607
2023-02-16,29.1,23.2,25.3,21.5,21.5,3.19,16.3,16.58,98,74,Sumenep,-6.9924,113.8607
2023-02-17,29.8,23.1,25.9,14.7,14.7,4.14,18.6,21.41,98,70,Sumenep,-6.9924,113.8607
2023-02-18,29.1,23.9,26.0,18.8,18.8,3.38,15.2,16.79,98,74,Sumenep,-6.9924,113.8607
2023-02-19,30.5,23.1,26.1,4.5,4.5,4.45,12.6,22.25,96,67,Sumenep,-6.9924,113.8607
2023-02-20,30.0,23.5,26.0,8.5,8.5,4.29,16.1,22.02,97,67,Sumenep,-6.9924,113.8607
2023-02-21,28.1,23.1,25.5,11.4,11.4,3.52,14.8,18.32,99,77,Sumenep,-6.9924,113.8607
2023-02-22,29.3,23.0,25.9,7.9,7.9,4.13,23.2,21.18,99,72,Sumenep,-6.9924,113.8607
2023-02-23,29.0,24.1,26.3,6.3,6.3,3.57,22.1,16.91,95,70,Sumenep,-6.9924,113.8607
2023-02-24,29.1,24.8,26.9,2.0,2.0,4.28,25.6,20.94,88,71,Sumenep,-6.9924,113.8607
2023-02-25,30.0,24.5,27.1,1.3,1.3,4.63,25.1,21.77,90,68,Sumenep,-6.9924,113.8607
2023-02-26,28.6,24.5,26.4,2.9,2.9,3.72,26.6,16.99,91,69,Sumenep,-6.9924,113.8607
2023-02-27,29.1,24.1,25.9,7.8,7.8,3.7,25.4,18.75,95,72,Sumenep,-6.9924,113.8607
2023-02-28,29.5,24.3,26.2,6.0,6.0,3.92,20.5,19.19,93,67,Sumenep,-6.9924,113.8607
2023-03-01,30.4,23.0,25.6,19.1,19.1,4.34,14.5,21.87,98,62,Sumenep,-6.9924,113.8607
2023-03-02,27.9,22.5,24.2,39.0,39.0,2.88,24.0,16.14,99,77,Sumenep,-6.9924,113.8607
2023-03-03,30.0,23.0,25.5,6.3,6.3,3.82,14.0,19.26,98,69,Sumenep,-6.9924,113.8607
2023-03-04,30.0,23.0,25.6,6.2,6.2,4.56,9.2,23.18,98,70,Sumenep,-6.9924,113.8607
2023-03-05,29.4,22.5,25.6,4.0,4.0,3.91,11.0,20.05,98,70,Sumenep,-6.9924,113.8607
2023-03-06,29.6,23.3,25.5,8.9,8.9,3.55,11.3,17.61,99,72,Sumenep,-6.9924,113.8607
2023-03-07,29.6,23.0,26.3,1.5,1.5,4.99,12.8,25.08,98,66,Sumenep,-6.9924,113.8607
2023-03-08,29.4,23.5,25.9,1.7,1.7,4.54,8.1,22.87,100,73,Sumenep,-6.9924,113.8607
2023-03-09,30.4,23.7,26.5,1.5,1.5,4.75,6.6,23.75,99,69,Sumenep,-6.9924,113.8607
2023-03-10,30.9,24.0,26.9,1.2,1.2,5.03,8.0,24.94,100,65,Sumenep,-6.9924,113.8607
2023-03-11,30.8,23.5,27.0,1.2,1.2,5.16,6.8,25.29,100,67,Sumenep,-6.9924,113.8607
2023-03-12,30.5,23.9,26.8,1.5,1.5,4.92,10.9,24.3,98,64,Sumenep,-6.9924,113.8607
2023-03-13,29.5,23.1,25.8,2.8,2.8,4.17,11.2,21.33,98,71,Sumenep,-6.9924,113.8607
2023-03-14,29.1,23.4,25.4,3.6,3.6,4.04,10.9,20.97,99,71,Sumenep,-6.9924,113.8607
2023-03-15,30.8,23.4,26.8,0.3,0.3,4.95,9.2,24.47,99,67,Sumenep,-6.9924,113.8607
2023-03-16,31.2,24.4,27.6,1.2,1.2,4.99,8.1,24.28,94,63,Sumenep,-6.9924,113.8607
2023-03-17,30.5,24.8,27.0,3.1,3.1,4.69,9.7,23.36,96,70,Sumenep,-6.9924,113.8607
2023-03-18,31.0,23.3,26.8,1.0,1.0,5.0,9.7,24.89,100,66,Sumenep,-6.9924,113.8607
2023-03-19,31.1,24.2,27.5,0.9,0.9,5.23,12.8,25.86,100,62,Sumenep,-6.9924,113.8607
2023-03-20,31.2,23.4,27.1,5.4,5.4,4.75,10.5,23.22,99,65,Sumenep,-6.9924,113.8607
2023-03-21,30.8,23.2,26.8,2.5,2.5,5.04,9.1,25.19,100,67,Sumenep,-6.9924,113.8607
2023-03-22,30.5,23.8,27.2,1.4,1.4,4.55,8.4,22.54,99,69,Sumenep,-6.9924,113.8607
2023-03-23,30.9,24.0,26.9,11.6,11.6,4.61,6.5,23.02,100,69,Sumenep,-6.9924,113.8607
2023-03-24,31.5,24.3,26.8,9.3,9.3,4.47,8.1,22.13,99,64,Sumenep,-6.9924,113.8607
2023-03-25,30.6,23.5,26.9,0.5,0.5,4.44,6.8,21.83,100,67,Sumenep,-6.9924,113.8607
2023-03-26,28.2,23.7,26.0,5.9,5.9,2.96,12.6,14.82,97,77,Sumenep,-6.9924,113.8607
2023-03-27,29.3,23.4,25.8,13.9,13.9,3.26,12.5,16.48,100,71,Sumenep,-6.9924,113.8607
2023-03-28,29.0,23.2,25.8,18.2,18.2,3.68,16.3,19.47,99,77,Sumenep,-6.9924,113.8607
2023-03-29,28.6,24.0,25.9,11.8,11.8,2.88,10.4,14.39,99,74,Sumenep,-6.9924,113.8607
2023-03-30,30.8,23.6,26.2,14.4,14.4,4.46,10.7,22.27,99,69,Sumenep,-6.9924,113.8607
2023-03-31,28.8,23.1,25.1,37.7,37.7,3.25,10.8,17.03,100,78,Sumenep,-6.9924,113.8607
2023-04-01,29.0,23.2,25.7,2.3,2.3,3.48,7.5,17.28,99,71,Sumenep,-6.9924,113.8607
2023-04-02,28.4,22.8,25.4,13.3,13.3,3.14,6.6,15.65,100,78,Sumenep,-6.9924,113.8607
2023-04-03,29.0,23.4,25.4,26.0,26.0,3.47,7.6,17.39,100,77,Sumenep,-6.9924,113.8607
2023-04-04,30.0,23.0,25.2,12.2,12.2,3.42,5.9,16.89,100,73,Sumenep,-6.9924,113.8607
2023-04-05,29.8,24.0,25.9,8.8,8.8,3.62,7.2,18.19,100,71,Sumenep,-6.9924,113.8607
2023-04-06,29.9,23.5,25.8,20.3,20.3,3.91,8.0,19.91,99,72,Sumenep,-6.9924,113.8607
2023-04-07,29.0,23.6,25.9,7.1,7.1,3.68,6.6,18.4,100,71,Sumenep,-6.9924,113.8607
2023-04-08,29.5,22.8,25.8,13.7,13.7,3.59,9.2,17.92,99,75,Sumenep,-6.9924,113.8607
2023-04-09,30.3,22.5,25.7,6.4,6.4,4.49,10.8,22.72,98,63,Sumenep,-6.9924,113.8607
2023-04-10,30.4,23.2,25.9,14.5,14.5,4.36,14.9,22.41,98,63,Sumenep,-6.9924,113.8607
2023-04-11,30.8,23.4,26.5,6.2,6.2,4.5,11.1,22.59,96,62,Sumenep,-6.9924,113.8607
2023-04-12,30.1,24.2,26.5,2.7,2.7,4.01,10.7,20.05,99,73,Sumenep,-6.9924,113.8607
2023-04-13,28.8,23.2,25.7,24.8,24.8,3.03,9.7,15.27,99,75,Sumenep,-6.9924,113.8607
2023-04-14,30.4,23.9,26.1,10.3,10.3,3.77,7.4,18.95,99,71,Sumenep,-6.9924,113.8607
2023-04-15,30.0,23.4,26.4,11.7,11.7,4.41,12.4,22.1,99,68,Sumenep,-6.9924,113.8607
2023-04-16,30.5,22.9,26.3,19.3,19.3,4.27,6.4,21.54,100,70,Sumenep,-6.9924,113.8607
2023-04-17,30.0,24.6,26.4,12.1,12.1,3.83,5.8,19.2,99,74,Sumenep,-6.9924,113.8607
2023-04-18,30.5,24.1,27.2,0.8,0.8,4.59,11.3,22.96,99,71,Sumenep,-6.9924,113.8607
2023-04-19,30.8,25.6,27.7,0.0,0.0,4.97,11.2,24.29,94,64,Sumenep,-6.9924,113.8607
2023-04-20,31.1,25.1,27.5,0.4,0.4,4.39,9.4,21.38,96,66,Sumenep,-6.9924,113.8607
2023-04-21,29.6,24.7,26.9,1.0,1.0,3.86,10.8,19.23,97,73,Sumenep,-6.9924,113.8607
2023-04-22,30.2,25.8,27.7,0.3,0.3,4.52,16.3,21.55,90,69,Sumenep,-6.9924,113.8607
2023-04-23,31.0,26.0,28.0,0.7,0.7,4.79,16.9,22.56,89,65,Sumenep,-6.9924,113.8607
2023-04-24,30.8,25.8,27.9,0.8,0.8,4.96,17.4,23.4,90,64,Sumenep,-6.9924,113.8607
2023-04-25,31.2,24.5,27.5,0.4,0.4,4.41,11.7,21.2,94,62,Sumenep,-6.9924,113.8607
2023-04-26,30.8,25.2,27.4,2.9,2.9,4.25,14.1,20.83,96,67,Sumenep,-6.9924,113.8607
2023-04-27,30.8,25.1,27.3,9.9,9.9,4.02,11.1,19.78,97,70,Sumenep,-6.9924,113.8607
2023-04-28,28.6,24.2,26.4,17.1,17.1,2.81,11.0,14.16,99,79,Sumenep,-6.9924,113.8607
2023-04-29,27.5,23.1,25.3,34.7,34.7,2.18,10.5,11.13,99,83,Sumenep,-6.9924,113.8607
2023-04-30,30.6,23.8,26.5,10.9,10.9,3.76,8.0,18.7,100,72,Sumenep,-6.9924,113.8607
2023-05-01,30.1,24.4,27.1,1.7,1.7,3.97,9.4,19.75,99,70,Sumenep,-6.9924,113.8607
2023-05-02,29.6,25.2,27.2,4.3,4.3,3.81,12.2,19.12,96,75,Sumenep,-6.9924,113.8607
2023-05-03,30.6,25.5,28.0,0.4,0.4,4.49,15.9,21.33,92,65,Sumenep,-6.9924,113.8607
2023-05-04,30.9,25.5,27.9,0.7,0.7,4.61,13.7,22.45,93,64,Sumenep,-6.9924,113.8607
2023-05-05,30.5,25.6,27.9,1.4,1.4,4.48,15.9,21.58,94,67,Sumenep,-6.9924,113.8607
2023-05-06,30.4,24.8,27.7,6.0,6.0,4.21,14.6,20.41,98,67,Sumenep,-6.9924,113.8607
2023-05-07,30.6,25.9,28.0,0.4,0.4,4.79,15.8,22.68,91,60,Sumenep,-6.9924,113.8607
2023-05-08,31.0,24.1,27.8,0.0,0.0,4.63,11.3,22.25,96,61,Sumenep,-6.9924,113.8607
2023-05-09,28.6,25.4,26.9,15.1,15.1,2.73,12.8,13.32,98,78,Sumenep,-6.9924,113.8607
2023-05-10,28.7,24.6,26.6,3.9,3.9,2.52,17.9,11.91,96,78,Sumenep,-6.9924,113.8607
2023-05-11,28.1,24.7,26.2,18.8,18.8,2.18,14.3,10.75,98,85,Sumenep,-6.9924,113.8607
2023-05-12,30.4,26.5,28.2,1.2,1.2,4.51,19.0,20.94,90,72,Sumenep,-6.9924,113.8607
2023-05-13,30.1,26.5,28.0,0.0,0.0,5.54,21.4,23.02,84,60,Sumenep,-6.9924,113.8607
2023-05-14,29.6,24.1,26.7,0.0,0.0,4.94,14.3,23.03,89,58,Sumenep,-6.9924,113.8607
2023-05-15,29.4,23.8,26.4,0.0,0.0,4.66,15.0,22.82,92,60,Sumenep,-6.9924,113.8607
2023-05-16,30.0,23.3,26.9,0.1,0.1,4.66,12.4,21.78,96,60,Sumenep,-6.9924,113.8607
2023-05-17,29.6,23.4,26.9,0.0,0.0,4.57,12.4,21.55,94,58,Sumenep,-6.9924,113.8607
2023-05-18,29.4,25.1,27.3,0.7,0.7,4.58,13.8,21.32,85,67,Sumenep,-6.9924,113.8607
2023-05-19,30.1,26.0,27.7,0.0,0.0,4.76,14.6,21.09,81,61,Sumenep,-6.9924,113.8607
2023-05-20,30.0,25.3,27.6,0.2,0.2,4.75,15.1,21.54,83,64,Sumenep,-6.9924,113.8607
2023-05-21,30.0,25.5,27.4,0.3,0.3,4.8,17.1,21.43,85,61,Sumenep,-6.9924,113.8607
2023-05-22,29.7,25.6,27.2,0.8,0.8,4.84,16.0,21.56,81,60,Sumenep,-6.9924,113.8607
2023-05-23,29.9,25.0,27.0,0.5,0.5,4.52,14.3,21.0,84,60,Sumenep,-6.9924,113.8607
2023-05-24,30.8,24.8,27.5,0.3,0.3,4.62,13.4,21.3,87,58,Sumenep,-6.9924,113.8607
2023-05-25,30.6,24.9,27.4,0.0,0.0,4.84,17.1,21.71,87,51,Sumenep,-6.9924,113.8607
2023-05-26,30.4,25.4,27.6,0.0,0.0,4.75,17.3,21.05,84,58,Sumenep,-6.9924,113.8607
2023-05-27,30.6,25.0,27.5,0.0,0.0,5.11,19.6,21.98,87,48,Sumenep,-6.9924,113.8607
2023-05-28,29.7,25.2,27.1,0.0,0.0,4.95,22.8,21.66,81,50,Sumenep,-6.9924,113.8607
2023-05-29,30.5,25.4,27.3,0.0,0.0,5.0,19.2,21.56,80,54,Sumenep,-6.9924,113.8607
2023-05-30,30.8,25.1,27.4,0.0,0.0,4.9,16.1,21.56,86,56,Sumenep,-6.9924,113.8607
2023-05-31,30.2,25.2,27.4,0.5,0.5,4.48,16.4,20.57,87,63,Sumenep,-6.9924,113.8607
2023-06-01,30.7,25.5,27.8,0.8,0.8,4.67,15.3,20.77,85,59,Sumenep,-6.9924,113.8607
2023-06-02,30.5,25.4,28.0,0.0,0.0,4.57,17.3,19.88,88,61,Sumenep,-6.9924,113.8607
2023-06-03,31.0,26.2,28.1,0.0,0.0,4.89,15.5,21.15,84,54,Sumenep,-6.9924,113.8607
2023-06-04,31.0,25.4,28.0,0.0,0.0,4.71,16.6,20.98,89,56,Sumenep,-6.9924,113.8607
2023-06-05,31.0,25.6,28.2,0.1,0.1,4.72,15.3,20.19,87,57,Sumenep,-6.9924,113.8607
2023-06-06,30.9,26.0,28.1,0.2,0.2,4.68,15.8,20.02,83,63,Sumenep,-6.9924,113.8607
2023-06-07,30.2,26.0,27.7,1.0,1.0,4.42,19.5,19.15,84,63,Sumenep,-6.9924,113.8607
2023-06-08,30.9,25.8,27.7,0.2,0.2,4.66,17.5,20.63,87,60,Sumenep,-6.9924,113.8607
2023-06-09,30.9,25.0,27.6,0.0,0.0,4.77,16.1,21.59,93,53,Sumenep,-6.9924,113.8607
2023-06-10,31.0,24.5,27.6,0.0,0.0,4.68,16.1,21.34,94,57,Sumenep,-6.9924,113.8607
2023-06-11,30.2,25.8,27.9,1.3,1.3,4.55,17.5,19.53,84,65,Sumenep,-6.9924,113.8607
2023-06-12,31.1,26.0,28.2,0.2,0.2,4.54,16.0,18.66,85,58,Sumenep,-6.9924,113.8607
2023-06-13,31.0,26.2,27.9,0.2,0.2,4.88,19.9,20.63,82,60,Sumenep,-6.9924,113.8607
2023-06-14,30.5,24.3,27.3,0.0,0.0,4.73,19.5,19.85,90,52,Sumenep,-6.9924,113.8607
2023-06-15,30.0,24.7,27.0,0.0,0.0,4.35,17.8,19.77,88,55,Sumenep,-6.9924,113.8607
2023-06-16,29.8,24.5,26.8,0.9,0.9,4.19,13.9,19.4,91,63,Sumenep,-6.9924,113.8607
2023-06-17,31.0,23.9,26.8,0.0,0.0,4.57,17.4,20.97,92,56,Sumenep,-6.9924,113.8607
2023-06-18,31.2,23.5,27.0,0.0,0.0,4.64,14.4,20.92,94,50,Sumenep,-6.9924,113.8607
2023-06-19,31.8,23.1,26.9,0.5,0.5,4.44,12.0,20.66,93,51,Sumenep,-6.9924,113.8607
2023-06-20,31.9,23.7,27.6,0.2,0.2,4.46,10.4,20.35,95,51,Sumenep,-6.9924,113.8607
2023-06-21,31.1,25.8,28.1,0.0,0.0,4.83,16.6,20.91,85,55,Sumenep,-6.9924,113.8607
2023-06-22,30.8,24.2,27.5,0.0,0.0,4.76,19.1,21.11,93,54,Sumenep,-6.9924,113.8607
2023-06-23,30.5,23.8,26.8,0.0,0.0,4.52,12.6,21.49,93,55,Sumenep,-6.9924,113.8607
2023-06-24,30.5,23.4,26.5,0.0,0.0,4.47,13.0,21.47,94,60,Sumenep,-6.9924,113.8607
2023-06-25,31.1,23.9,26.9,0.0,0.0,4.47,12.8,20.9,95,55,Sumenep,-6.9924,113.8607
2023-06-26,31.1,23.5,27.0,0.0,0.0,4.38,11.5,20.59,97,53,Sumenep,-6.9924,113.8607
2023-06-27,32.1,23.4,27.5,0.0,0.0,4.62,15.9,20.83,97,47,Sumenep,-6.9924,113.8607
2023-06-28,32.3,23.4,27.8,0.1,0.1,4.76,17.0,20.35,96,50,Sumenep,-6.9924,113.8607
2023-06-29,32.4,23.4,28.0,0.0,0.0,4.86,14.7,20.95,96,48,Sumenep,-6.9924,113.8607
2023-06-30,33.0,23.3,28.2,0.0,0.0,4.7,13.5,20.31,98,50,Sumenep,-6.9924,113.8607
2023-07-01,32.7,24.1,27.9,2.6,2.6,4.53,16.6,20.01,94,51,Sumenep,-6.9924,113.8607
2023-07-02,31.5,24.2,27.3,4.5,4.5,3.99,14.0,18.06,93,55,Sumenep,-6.9924,113.8607
2023-07-03,32.5,23.8,27.5,1.2,1.2,4.27,12.0,19.49,95,51,Sumenep,-6.9924,113.8607
2023-07-04,31.0,23.5,27.4,2.3,2.3,3.95,9.8,18.43,96,60,Sumenep,-6.9924,113.8607
2023-07-05,31.5,24.6,27.9,0.1,0.1,4.6,15.3,20.21,91,56,Sumenep,-6.9924,113.8607
2023-07-06,31.8,24.5,27.9,3.0,3.0,4.43,16.1,19.21,93,57,Sumenep,-6.9924,113.8607
2023-07-07,31.2,25.0,27.2,8.5,8.5,3.87,13.8,17.63,93,61,Sumenep,-6.9924,113.8607
2023-07-08,26.4,23.0,24.8,13.2,13.2,1.22,11.6,5.82,99,84,Sumenep,-6.9924,113.8607
2023-07-09,30.1,24.9,27.0,0.5,0.5,4.38,18.0,20.07,88,61,Sumenep,-6.9924,113.8607
2023-07-10,29.6,24.0,26.7,1.7,1.7,4.25,17.0,19.93,92,65,Sumenep,-6.9924,113.8607
2023-07-11,30.5,24.5,27.2,0.0,0.0,5.21,16.9,21.74,80,50,Sumenep,-6.9924,113.8607
2023-07-12,30.9,23.5,27.1,0.0,0.0,4.82,13.5,21.37,84,47,Sumenep,-6.9924,113.8607
2023-07-13,31.8,24.1,27.6,0.0,0.0,4.02,14.9,16.99,86,52,Sumenep,-6.9924,113.8607
2023-07-14,31.1,23.9,27.4,0.4,0.4,4.67,15.3,20.69,98,51,Sumenep,-6.9924,113.8607
2023-07-15,31.5,22.9,27.0,0.0,0.0,4.68,14.4,21.2,96,49,Sumenep,-6.9924,113.8607
2023-07-16,31.1,22.8,27.0,0.0,0.0,5.0,17.3,21.28,96,47,Sumenep,-6.9924,113.8607
2023-07-17,31.0,23.0,26.8,0.0,0.0,5.1,15.9,22.13,92,45,Sumenep,-6.9924,113.8607
2023-07-18,30.9,24.4,27.1,0.0,0.0,5.28,18.0,22.13,81,46,Sumenep,-6.9924,113.8607
2023-07-19,30.9,24.0,27.2,0.0,0.0,5.58,21.1,21.98,87,45,Sumenep,-6.9924,113.8607
2023-07-20,30.8,22.2,26.5,0.0,0.0,5.31,16.9,22.14,80,37,Sumenep,-6.9924,113.8607
2023-07-21,30.8,24.1,26.9,0.0,0.0,5.21,17.3,21.81,81,46,Sumenep,-6.9924,113.8607
2023-07-22,30.4,23.5,26.6,0.0,0.0,4.94,19.0,21.73,85,54,Sumenep,-6.9924,113.8607
2023-07-23,30.9,23.1,27.0,0.0,0.0,4.96,19.1,21.64,87,50,Sumenep,-6.9924,113.8607
2023-07-24,31.1,24.0,26.9,0.4,0.4,4.69,14.5,20.79,90,53,Sumenep,-6.9924,113.8607
2023-07-25,31.0,23.8,26.9,0.0,0.0,4.75,16.3,21.29,90,53,Sumenep,-6.9924,113.8607
2023-07-26,30.9,24.4,27.0,0.0,0.0,5.27,17.2,22.53,86,46,Sumenep,-6.9924,113.8607
2023-07-27,30.7,22.6,26.7,0.0,0.0,5.19,17.7,22.37,89,45,Sumenep,-6.9924,113.8607
2023-07-28,30.2,23.2,26.4,0.0,0.0,5.18,16.8,22.19,87,44,Sumenep,-6.9924,113.8607
2023-07-29,30.2,23.2,26.5,0.0,0.0,5.37,18.2,22.36,79,46,Sumenep,-6.9924,113.8607
2023-07-30,31.0,23.4,26.9,0.0,0.0,5.65,18.9,22.64,77,44,Sumenep,-6.9924,113.8607
2023-07-31,31.0,23.4,26.8,0.0,0.0,5.13,17.4,22.06,84,49,Sumenep,-6.9924,113.8607
2023-08-01,31.6,24.6,27.4,0.0,0.0,4.97,18.6,20.36,84,52,Sumenep,-6.9924,113.8607
2023-08-02,31.6,24.9,27.6,0.2,0.2,4.79,16.2,20.53,85,52,Sumenep,-6.9924,113.8607
2023-08-03,31.3,24.4,27.2,0.0,0.0,4.86,17.5,21.19,87,53,Sumenep,-6.9924,113.8607
2023-08-04,31.3,23.4,27.3,0.0,0.0,5.32,18.1,22.78,94,47,Sumenep,-6.9924,113.8607
2023-08-05,31.8,24.0,27.6,0.0,0.0,5.51,19.3,22.8,85,48,Sumenep,-6.9924,113.8607
2023-08-06,31.0,24.1,27.2,2.0,2.0,4.69,17.6,20.72,92,56,Sumenep,-6.9924,113.8607
2023-08-07,31.5,24.1,27.0,0.2,0.2,5.09,20.0,22.26,88,50,Sumenep,-6.9924,113.8607
2023-08-08,31.2,23.7,26.7,0.4,0.4,5.24,21.1,22.09,88,44,Sumenep,-6.9924,113.8607
2023-08-09,30.8,23.6,26.5,0.0,0.0,5.28,17.8,23.05,86,46,Sumenep,-6.9924,113.8607
2023-08-10,30.6,22.7,26.2,0.0,0.0,5.26,17.1,23.29,90,45,Sumenep,-6.9924,113.8607
2023-08-11,31.0,22.4,26.1,0.0,0.0,5.35,14.4,23.66,87,41,Sumenep,-6.9924,113.8607
2023-08-12,31.4,22.5,26.3,0.0,0.0,5.18,15.3,23.15,90,46,Sumenep,-6.9924,113.8607
2023-08-13,31.1,22.9,26.6,0.0,0.0,4.88,16.9,21.41,92,51,Sumenep,-6.9924,113.8607
2023-08-14,31.5,23.9,27.0,0.0,0.0,5.3,16.0,23.12,85,43,Sumenep,-6.9924,113.8607
2023-08-15,31.8,23.4,27.4,0.1,0.1,5.35,14.3,23.3,88,46,Sumenep,-6.9924,113.8607
2023-08-16,31.0,24.1,27.4,0.0,0.0,5.76,17.0,23.73,82,46,Sumenep,-6.9924,113.8607
2023-08-17,31.7,22.0,26.9,0.0,0.0,5.66,18.1,23.89,94,41,Sumenep,-6.9924,113.8607
2023-08-18,31.0,21.9,26.6,0.0,0.0,5.43,16.3,23.88,96,43,Sumenep,-6.9924,113.8607
2023-08-19,31.4,23.5,27.1,0.0,0.0,5.14,17.9,22.13,88,52,Sumenep,-6.9924,113.8607
2023-08-20,31.4,23.9,27.2,0.0,0.0,5.44,19.8,23.57,93,50,Sumenep,-6.9924,113.8607
2023-08-21,31.1,24.5,27.1,1.2,1.2,5.28,20.0,22.15,84,46,Sumenep,-6.9924,113.8607
2023-08-22,30.9,24.5,27.0,0.1,0.1,5.44,19.8,22.69,83,48,Sumenep,-6.9924,113.8607
2023-08-23,31.2,24.4,27.0,0.0,0.0,5.9,19.3,23.88,79,40,Sumenep,-6.9924,113.8607
2023-08-24,31.3,23.5,27.2,0.0,0.0,5.86,18.5,24.31,84,47,Sumenep,-6.9924,113.8607
2023-08-25,32.2,24.8,27.7,0.0,0.0,5.64,18.7,23.61,85,46,Sumenep,-6.9924,113.8607
2023-08-26,31.9,23.4,27.3,0.0,0.0,5.71,14.3,24.54,84,40,Sumenep,-6.9924,113.8607
2023-08-27,31.4,22.6,26.6,0.0,0.0,5.32,15.1,23.75,90,47,Sumenep,-6.9924,113.8607
2023-08-28,31.0,23.2,26.7,0.0,0.0,5.42,18.0,23.97,89,49,Sumenep,-6.9924,113.8607
2023-08-29,31.5,23.8,26.9,0.0,0.0,5.57,17.1,24.5,89,45,Sumenep,-6.9924,113.8607
2023-08-30,31.7,23.8,26.8,0.4,0.4,5.42,19.4,23.89,86,46,Sumenep,-6.9924,113.8607
2023-08-31,30.7,23.6,26.9,0.4,0.4,4.86,17.9,21.69,89,56,Sumenep,-6.9924,113.8607
2023-09-01,30.5,23.6,26.7,0.4,0.4,5.27,18.5,22.4,85,50,Sumenep,-6.9924,113.8607
2023-09-02,30.5,23.3,26.2,0.4,0.4,5.33,18.0,22.79,81,42,Sumenep,-6.9924,113.8607
2023-09-03,30.9,22.0,26.4,0.0,0.0,5.87,17.9,24.74,90,38,Sumenep,-6.9924,113.8607
2023-09-04,31.0,22.5,26.3,0.0,0.0,6.03,17.2,25.32,77,36,Sumenep,-6.9924,113.8607
2023-09-05,31.5,23.5,27.0,0.0,0.0,5.75,17.0,23.93,79,42,Sumenep,-6.9924,113.8607
2023-09-06,32.2,24.0,27.7,0.0,0.0,6.06,20.7,24.87,87,43,Sumenep,-6.9924,113.8607
2023-09-07,32.6,24.0,27.8,0.0,0.0,5.97,18.5,24.87,86,43,Sumenep,-6.9924,113.8607
2023-09-08,31.8,24.0,27.3,0.0,0.0,5.75,15.3,24.84,85,45,Sumenep,-6.9924,113.8607
2023-09-09,32.5,23.4,27.2,0.0,0.0,6.05,15.8,25.77,87,35,Sumenep,-6.9924,113.8607
2023-09-10,31.8,24.1,27.5,0.0,0.0,6.05,20.6,25.35,86,46,Sumenep,-6.9924,113.8607
2023-09-11,33.0,23.5,27.9,0.0,0.0,5.96,16.0,25.41,93,43,Sumenep,-6.9924,113.8607
2023-09-12,33.3,23.2,27.7,0.0,0.0,5.87,17.3,25.29,97,39,Sumenep,-6.9924,113.8607
2023-09-13,32.0,23.2,27.5,0.2,0.2,5.61,17.3,24.18,94,47,Sumenep,-6.9924,113.8607
2023-09-14,31.4,24.9,27.4,1.4,1.4,5.66,19.1,23.34,84,49,Sumenep,-6.9924,113.8607
2023-09-15,31.9,24.7,27.8,0.1,0.1,6.13,19.9,24.84,81,45,Sumenep,-6.9924,113.8607
2023-09-16,32.2,24.9,27.7,0.4,0.4,5.7,17.9,24.02,85,47,Sumenep,-6.9924,113.8607
2023-09-17,32.5,24.8,27.8,0.6,0.6,5.66,17.3,24.37,84,48,Sumenep,-6.9924,113.8607
2023-09-18,32.7,24.4,28.1,0.0,0.0,5.86,19.5,24.47,87,45,Sumenep,-6.9924,113.8607
2023-09-19,32.4,23.9,27.8,0.0,0.0,6.04,15.9,25.87,90,43,Sumenep,-6.9924,113.8607
2023-09-20,32.7,24.0,27.9,0.0,0.0,6.04,15.7,25.58,83,43,Sumenep,-6.9924,113.8607
2023-09-21,32.7,24.5,27.9,0.0,0.0,6.4,15.9,26.32,82,39,Sumenep,-6.9924,113.8607
2023-09-22,31.5,23.4,27.4,0.0,0.0,6.47,18.7,26.48,81,35,Sumenep,-6.9924,113.8607
2023-09-23,32.2,22.6,27.3,0.0,0.0,6.0,17.7,25.68,93,42,Sumenep,-6.9924,113.8607
2023-09-24,32.7,23.4,27.5,0.0,0.0,6.08,19.0,26.22,88,42,Sumenep,-6.9924,113.8607
2023-09-25,33.3,22.6,27.8,0.1,0.1,6.34,17.5,26.0,93,37,Sumenep,-6.9924,113.8607
2023-09-26,33.8,23.6,28.2,0.0,0.0,6.93,18.4,26.82,80,28,Sumenep,-6.9924,113.8607
2023-09-27,32.8,23.4,27.8,0.0,0.0,6.15,17.4,25.93,92,42,Sumenep,-6.9924,113.8607
2023-09-28,33.1,24.4,28.0,0.0,0.0,6.13,19.1,25.75,90,43,Sumenep,-6.9924,113.8607
2023-09-29,33.0,24.7,28.1,0.0,0.0,5.87,16.7,25.48,89,49,Sumenep,-6.9924,113.8607
2023-09-30,33.5,24.1,28.0,0.0,0.0,6.17,15.8,26.38,91,40,Sumenep,-6.9924,113.8607
2023-10-01,34.2,23.0,28.0,0.0,0.0,6.09,15.3,26.34,94,33,Sumenep,-6.9924,113.8607
2023-10-02,33.5,24.1,28.4,0.0,0.0,6.19,15.8,26.21,84,36,Sumenep,-6.9924,113.8607
2023-10-03,33.8,23.5,28.3,0.0,0.0,6.02,14.2,25.79,92,41,Sumenep,-6.9924,113.8607
2023-10-04,33.3,23.9,28.3,0.0,0.0,6.0,16.5,26.11,93,46,Sumenep,-6.9924,113.8607
2023-10-05,33.2,24.8,28.3,0.5,0.5,5.7,16.3,24.93,95,50,Sumenep,-6.9924,113.8607
2023-10-06,34.2,24.5,28.6,0.0,0.0,6.37,17.6,26.56,96,39,Sumenep,-6.9924,113.8607
2023-10-07,33.1,24.0,28.2,2.8,2.8,5.86,19.5,24.96,94,44,Sumenep,-6.9924,113.8607
2023-10-08,33.5,25.6,28.9,0.0,0.0,6.43,19.7,25.94,87,43,Sumenep,-6.9924,113.8607
2023-10-09,34.0,25.0,28.9,0.0,0.0,6.32,16.6,26.23,97,43,Sumenep,-6.9924,113.8607
2023-10-10,33.6,24.9,28.8,0.0,0.0,6.01,15.4,26.04,96,45,Sumenep,-6.9924,113.8607
2023-10-11,33.8,23.8,28.4,0.0,0.0,6.14,15.9,26.38,95,40,Sumenep,-6.9924,113.8607
2023-10-12,33.8,23.8,28.3,0.0,0.0,6.14,18.2,26.19,94,40,Sumenep,-6.9924,113.8607
2023-10-13,33.9,25.1,28.6,2.0,2.0,5.83,15.4,24.87,89,44,Sumenep,-6.9924,113.8607
2023-10-14,33.9,25.6,29.1,0.0,0.0,6.64,18.9,26.56,83,42,Sumenep,-6.9924,113.8607
2023-10-15,34.0,26.0,29.5,0.1,0.1,6.41,17.2,25.8,85,42,Sumenep,-6.9924,113.8607
2023-10-16,34.2,26.1,29.4,0.0,0.0,6.59,18.1,26.4,90,42,Sumenep,-6.9924,113.8607
2023-10-17,34.5,25.4,29.4,0.0,0.0,6.67,19.5,26.59,91,35,Sumenep,-6.9924,113.8607
2023-10-18,35.0,25.2,29.3,0.0,0.0,6.74,19.3,27.05,88,34,Sumenep,-6.9924,113.8607
2023-10-19,34.5,24.9,29.1,0.0,0.0,6.55,18.6,26.37,92,38,Sumenep,-6.9924,113.8607
2023-10-20,34.5,23.4,28.8,0.0,0.0,6.26,17.1,26.43,94,39,Sumenep,-6.9924,113.8607
2023-10-21,34.7,23.7,28.8,0.0,0.0,6.15,14.5,26.14,99,39,Sumenep,-6.9924,113.8607
2023-10-22,35.2,24.2,28.9,0.1,0.1,5.97,14.1,25.47,100,37,Sumenep,-6.9924,113.8607
2023-10-23,34.2,24.6,28.6,0.3,0.3,5.96,15.2,25.41,98,41,Sumenep,-6.9924,113.8607
2023-10-24,34.2,24.0,28.8,0.0,0.0,6.0,16.0,25.24,97,40,Sumenep,-6.9924,113.8607
2023-10-25,34.8,24.0,28.9,0.0,0.0,6.37,16.1,26.85,97,39,Sumenep,-6.9924,113.8607
2023-10-26,36.3,24.2,29.5,0.0,0.0,6.3,14.2,26.46,96,29,Sumenep,-6.9924,113.8607
2023-10-27,35.7,24.2,29.6,0.0,0.0,6.6,15.4,27.0,95,33,Sumenep,-6.9924,113.8607
2023-10-28,35.6,24.5,29.3,0.0,0.0,6.57,17.6,26.79,94,33,Sumenep,-6.9924,113.8607
2023-10-29,35.2,23.6,29.3,0.0,0.0,6.42,16.0,26.75,97,34,Sumenep,-6.9924,113.8607
2023-10-30,34.3,25.5,29.5,0.0,0.0,6.17,14.8,25.8,89,41,Sumenep,-6.9924,113.8607
2023-10-31,34.5,25.4,29.6,0.5,0.5,6.15,15.1,25.78,90,49,Sumenep,-6.9924,113.8607
2023-11-01,34.8,25.5,29.8,0.0,0.0,6.38,14.5,26.3,92,39,Sumenep,-6.9924,113.8607
2023-11-02,34.7,25.7,29.9,0.0,0.0,6.35,15.5,26.25,90,42,Sumenep,-6.9924,113.8607
2023-11-03,33.8,26.5,29.2,1.9,1.9,5.24,14.7,22.2,89,50,Sumenep,-6.9924,113.8607
2023-11-04,33.6,25.6,28.9,2.1,2.1,5.27,11.5,23.32,91,50,Sumenep,-6.9924,113.8607
2023-11-05,34.0,24.9,28.9,0.4,0.4,5.86,14.1,25.5,95,46,Sumenep,-6.9924,113.8607
2023-11-06,35.3,25.0,29.4,0.0,0.0,6.39,13.6,27.1,97,37,Sumenep,-6.9924,113.8607
2023-11-07,35.2,24.1,29.3,0.0,0.0,6.19,14.6,26.2,98,40,Sumenep,-6.9924,113.8607
2023-11-08,36.0,23.8,29.9,0.0,0.0,6.19,10.0,26.66,96,37,Sumenep,-6.9924,113.8607
2023-11-09,34.8,25.2,29.5,1.9,1.9,5.06,8.5,23.1,95,47,Sumenep,-6.9924,113.8607
2023-11-10,34.8,25.5,29.4,1.9,1.9,5.26,10.4,23.37,93,43,Sumenep,-6.9924,113.8607
2023-11-11,34.2,24.5,29.3,1.1,1.1,5.42,8.7,24.12,99,43,Sumenep,-6.9924,113.8607
2023-11-12,35.0,25.0,29.8,1.3,1.3,5.85,11.1,25.07,93,43,Sumenep,-6.9924,113.8607
2023-11-13,35.7,25.2,30.1,0.4,0.4,5.59,7.2,24.95,91,41,Sumenep,-6.9924,113.8607
2023-11-14,34.7,25.6,29.8,4.8,4.8,5.38,11.5,23.29,91,50,Sumenep,-6.9924,113.8607
2023-11-15,34.3,25.8,29.8,2.1,2.1,5.05,10.5,22.44,93,52,Sumenep,-6.9924,113.8607
2023-11-16,35.4,25.6,30.2,0.3,0.3,5.56,11.2,24.7,91,42,Sumenep,-6.9924,113.8607
2023-11-17,34.2,24.5,28.0,12.6,12.6,4.68,13.9,21.91,98,50,Sumenep,-6.9924,113.8607
2023-11-18,34.4,24.3,28.9,0.9,0.9,5.58,12.0,24.86,96,44,Sumenep,-6.9924,113.8607
2023-11-19,35.4,24.5,29.7,0.1,0.1,6.14,12.0,25.88,95,35,Sumenep,-6.9924,113.8607
2023-11-20,35.5,25.2,30.2,0.4,0.4,6.25,15.8,25.33,87,40,Sumenep,-6.9924,113.8607
2023-11-21,34.7,25.5,30.1,0.0,0.0,6.23,16.0,25.57,88,46,Sumenep,-6.9924,113.8607
2023-11-22,34.7,27.3,30.4,1.6,1.6,6.15,16.8,24.19,85,45,Sumenep,-6.9924,113.8607
2023-11-23,35.8,26.8,30.8,0.0,0.0,6.17,15.4,24.31,88,42,Sumenep,-6.9924,113.8607
2023-11-24,34.8,26.0,29.3,1.9,1.9,4.92,8.9,21.98,97,47,Sumenep,-6.9924,113.8607
2023-11-25,31.5,23.4,26.3,9.2,9.2,3.49,13.7,16.53,100,64,Sumenep,-6.9924,113.8607
2023-11-26,33.8,24.0,28.2,1.2,1.2,5.29,10.2,24.7,100,49,Sumenep,-6.9924,113.8607
2023-11-27,30.5,24.4,27.2,16.1,16.1,4.27,10.8,20.71,100,65,Sumenep,-6.9924,113.8607
2023-11-28,30.0,23.5,26.1,2.9,2.9,3.09,9.5,14.71,100,70,Sumenep,-6.9924,113.8607
2023-11-29,31.5,23.5,27.0,11.2,11.2,3.9,11.4,18.57,100,61,Sumenep,-6.9924,113.8607
2023-11-30,32.3,24.9,27.9,8.1,8.1,4.67,10.0,21.82,97,61,Sumenep,-6.9924,113.8607
2023-12-01,30.8,23.5,26.8,22.7,22.7,4.04,8.4,19.71,100,67,Sumenep,-6.9924,113.8607
2023-12-02,31.1,23.6,26.6,8.9,8.9,3.65,14.4,17.73,100,64,Sumenep,-6.9924,113.8607
2023-12-03,31.9,24.6,27.5,12.8,12.8,4.39,10.3,21.39,100,60,Sumenep,-6.9924,113.8607
2023-12-04,32.2,24.4,27.8,0.5,0.5,4.57,11.5,21.33,95,58,Sumenep,-6.9924,113.8607
2023-12-05,33.0,24.1,27.6,5.6,5.6,4.85,8.0,23.12,99,56,Sumenep,-6.9924,113.8607
2023-12-06,32.8,24.2,27.8,1.3,1.3,4.73,11.2,22.59,99,60,Sumenep,-6.9924,113.8607
2023-12-07,33.3,23.9,27.0,5.1,5.1,4.84,13.0,23.27,99,58,Sumenep,-6.9924,113.8607
2023-12-08,32.0,23.6,27.0,16.5,16.5,4.38,10.4,21.4,100,64,Sumenep,-6.9924,113.8607
2023-12-09,30.0,24.5,27.0,3.0,3.0,3.77,9.3,18.5,100,71,Sumenep,-6.9924,113.8607
2023-12-10,28.7,24.5,25.8,19.7,19.7,2.69,15.5,13.63,99,79,Sumenep,-6.9924,113.8607
2023-12-11,32.2,23.5,27.3,1.4,1.4,4.7,7.2,22.59,100,63,Sumenep,-6.9924,113.8607
2023-12-12,31.8,24.5,27.8,3.2,3.2,4.7,11.0,22.69,98,63,Sumenep,-6.9924,113.8607
2023-12-13,31.5,23.8,27.4,12.2,12.2,4.67,10.5,22.74,100,65,Sumenep,-6.9924,113.8607
2023-12-14,30.8,24.5,26.7,19.9,19.9,3.84,7.6,18.9,100,71,Sumenep,-6.9924,113.8607
2023-12-15,31.0,24.2,26.6,13.9,13.9,3.9,9.7,19.33,100,69,Sumenep,-6.9924,113.8607
2023-12-16,31.1,24.1,27.1,3.4,3.4,4.26,11.8,20.79,100,67,Sumenep,-6.9924,113.8607
2023-12-17,32.3,24.0,27.7,1.8,1.8,5.11,12.3,24.23,99,58,Sumenep,-6.9924,113.8607
2023-12-18,32.0,24.5,28.0,0.6,0.6,4.91,12.4,22.99,94,59,Sumenep,-6.9924,113.8607
2023-12-19,31.8,24.6,28.1,0.9,0.9,5.33,7.0,25.37,91,53,Sumenep,-6.9924,113.8607
2023-12-20,32.0,24.1,27.9,0.7,0.7,5.2,7.9,24.9,92,44,Sumenep,-6.9924,113.8607
2023-12-21,31.5,23.8,27.9,2.6,2.6,5.19,8.7,24.72,94,59,Sumenep,-6.9924,113.8607
2023-12-22,31.5,24.4,27.8,1.9,1.9,4.79,9.1,23.02,96,60,Sumenep,-6.9924,113.8607
2023-12-23,33.7,24.6,28.8,0.4,0.4,5.51,7.2,25.9,91,50,Sumenep,-6.9924,113.8607
2023-12-24,32.7,25.6,28.5,3.7,3.7,4.9,9.4,23.04,92,59,Sumenep,-6.9924,113.8607
2023-12-25,31.5,24.4,26.8,24.7,24.7,3.74,17.0,18.69,99,64,Sumenep,-6.9924,113.8607
2023-12-26,32.2,24.0,27.3,4.1,4.1,4.41,6.8,21.18,99,61,Sumenep,-6.9924,113.8607
2023-12-27,32.0,24.5,27.5,9.5,9.5,4.63,8.6,22.6,100,64,Sumenep,-6.9924,113.8607
2023-12-28,32.2,24.5,27.8,4.8,4.8,4.58,10.3,21.87,99,62,Sumenep,-6.9924,113.8607
2023-12-29,32.8,24.9,28.5,3.2,3.2,5.05,10.7,23.45,98,60,Sumenep,-6.9924,113.8607
2023-12-30,33.0,24.4,27.8,2.6,2.6,5.04,10.2,24.08,99,61,Sumenep,-6.9924,113.8607
2023-12-31,33.4,24.0,28.2,6.5,6.5,5.08,10.1,23.93,99,60,Sumenep,-6.9924,113.8607
2024-01-01,30.5,24.2,27.1,12.3,12.3,3.68,9.4,18.05,100,71,Sumenep,-6.9924,113.8607
2024-01-02,32.2,23.1,27.2,7.4,7.4,4.77,10.5,23.2,100,65,Sumenep,-6.9924,113.8607
2024-01-03,28.8,24.5,26.1,10.8,10.8,2.51,13.3,12.23,100,76,Sumenep,-6.9924,113.8607
2024-01-04,30.9,23.8,26.6,25.9,25.9,4.04,9.2,19.98,100,71,Sumenep,-6.9924,113.8607
2024-01-05,30.9,23.1,26.1,12.9,12.9,3.62,9.3,18.01,100,70,Sumenep,-6.9924,113.8607
2024-01-06,29.7,24.1,26.3,18.4,18.4,3.02,8.4,14.85,100,73,Sumenep,-6.9924,113.8607
2024-01-07,30.1,24.2,25.9,22.2,22.2,3.07,13.4,15.33,100,74,Sumenep,-6.9924,113.8607
2024-01-08,31.0,23.5,26.6,18.9,18.9,4.17,11.1,20.71,97,71,Sumenep,-6.9924,113.8607
2024-01-09,29.9,24.0,26.6,18.3,18.3,3.59,11.1,17.79,100,74,Sumenep,-6.9924,113.8607
2024-01-10,32.0,23.9,27.5,4.0,4.0,4.98,10.7,24.17,99,65,Sumenep,-6.9924,113.8607
2024-01-11,31.4,23.4,26.9,33.0,33.0,4.67,16.0,23.19,100,68,Sumenep,-6.9924,113.8607
2024-01-12,31.9,23.6,27.8,2.3,2.3,4.81,11.0,22.84,99,60,Sumenep,-6.9924,113.8607
2024-01-13,32.9,24.2,28.3,3.2,3.2,5.12,10.5,24.65,96,56,Sumenep,-6.9924,113.8607
2024-01-14,31.0,24.4,27.5,2.7,2.7,3.8,10.2,17.41,99,66,Sumenep,-6.9924,113.8607
2024-01-15,30.3,24.5,26.5,5.5,5.5,3.23,10.2,15.81,99,71,Sumenep,-6.9924,113.8607
2024-01-16,30.2,23.2,26.2,9.2,9.2,3.37,11.1,16.63,99,73,Sumenep,-6.9924,113.8607
2024-01-17,28.6,23.8,25.7,13.3,13.3,3.1,14.3,15.65,99,77,Sumenep,-6.9924,113.8607
2024-01-18,31.1,23.8,26.4,15.5,15.5,3.71,10.5,18.18,99,67,Sumenep,-6.9924,113.8607
2024-01-19,29.4,23.4,25.5,15.5,15.5,2.21,12.4,10.91,100,74,Sumenep,-6.9924,113.8607
2024-01-20,31.5,23.5,26.9,4.7,4.7,4.19,11.8,19.58,99,57,Sumenep,-6.9924,113.8607
2024-01-21,31.9,24.0,27.4,3.0,3.0,4.81,16.0,22.95,97,59,Sumenep,-6.9924,113.8607
2024-01-22,30.0,25.4,27.1,3.8,3.8,4.2,23.8,20.81,93,71,Sumenep,-6.9924,113.8607
2024-01-23,31.2,25.9,27.7,2.2,2.2,3.53,14.8,15.48,92,67,Sumenep,-6.9924,113.8607
2024-01-24,30.0,25.4,27.1,14.7,14.7,3.76,20.3,18.18,90,67,Sumenep,-6.9924,113.8607
2024-01-25,30.2,24.8,27.0,7.1,7.1,3.86,18.4,19.35,95,72,Sumenep,-6.9924,113.8607
2024-01-26,29.6,24.2,26.5,5.4,5.4,3.97,19.6,20.56,98,72,Sumenep,-6.9924,113.8607
2024-01-27,30.5,24.2,27.0,10.8,10.8,4.11,16.4,20.53,96,71,Sumenep,-6.9924,113.8607
2024-01-28,30.6,23.4,26.5,9.5,9.5,4.24,12.8,21.15,100,69,Sumenep,-6.9924,113.8607
2024-01-29,30.6,23.4,25.8,35.0,35.0,3.47,8.4,17.28,100,72,Sumenep,-6.9924,113.8607
2024-01-30,29.0,23.5,25.4,25.7,25.7,3.28,8.9,16.79,100,77,Sumenep,-6.9924,113.8607
2024-01-31,31.0,22.6,26.2,3.5,3.5,4.38,10.4,21.77,100,70,Sumenep,-6.9924,113.8607
2024-02-01,30.9,23.5,26.5,7.5,7.5,4.53,10.7,22.59,99,69,Sumenep,-6.9924,113.8607
2024-02-02,30.3,23.2,26.5,9.2,9.2,4.01,11.5,20.25,99,73,Sumenep,-6.9924,113.8607
2024-02-03,28.0,23.8,25.8,23.1,23.1,2.54,16.0,12.99,99,80,Sumenep,-6.9924,113.8607
2024-02-04,30.3,23.8,25.8,28.1,28.1,3.03,10.9,15.09,98,71,Sumenep,-6.9924,113.8607
2024-02-05,31.0,23.9,26.5,21.8,21.8,3.88,14.4,19.17,99,67,Sumenep,-6.9924,113.8607
2024-02-06,30.6,23.0,26.0,21.7,21.7,3.87,16.7,19.75,99,69,Sumenep,-6.9924,113.8607
2024-02-07,29.4,23.6,25.9,8.7,8.7,2.79,14.6,13.69,100,75,Sumenep,-6.9924,113.8607
2024-02-08,31.3,24.0,26.7,7.9,7.9,4.35,14.0,21.62,100,69,Sumenep,-6.9924,113.8607
2024-02-09,30.8,23.6,26.6,7.7,7.7,4.53,9.5,22.55,100,70,Sumenep,-6.9924,113.8607
2024-02-10,30.5,23.6,25.9,29.2,29.2,3.56,14.8,17.79,100,74,Sumenep,-6.9924,113.8607
2024-02-11,30.5,23.9,26.2,16.7,16.7,3.6,11.3,18.05,99,71,Sumenep,-6.9924,113.8607
2024-02-12,30.8,23.8,26.3,16.8,16.8,4.01,13.2,20.16,99,71,Sumenep,-6.9924,113.8607
2024-02-13,30.6,23.6,26.5,3.8,3.8,3.92,7.0,19.53,100,72,Sumenep,-6.9924,113.8607
2024-02-14,30.8,24.5,26.9,5.7,5.7,4.18,10.1,20.87,100,70,Sumenep,-6.9924,113.8607
2024-02-15,31.5,24.1,27.4,0.6,0.6,4.72,6.8,22.78,100,67,Sumenep,-6.9924,113.8607
2024-02-16,32.0,24.0,26.9,9.9,9.9,4.82,9.0,23.88,100,67,Sumenep,-6.9924,113.8607
2024-02-17,29.9,23.4,26.3,5.9,5.9,4.36,12.3,22.41,99,75,Sumenep,-6.9924,113.8607
2024-02-18,30.7,23.5,26.6,4.5,4.5,4.47,7.0,22.15,100,72,Sumenep,-6.9924,113.8607
2024-02-19,31.1,24.0,27.5,1.9,1.9,4.89,12.2,24.02,100,68,Sumenep,-6.9924,113.8607
2024-02-20,31.8,24.7,27.7,7.2,7.2,5.05,12.1,24.73,100,67,Sumenep,-6.9924,113.8607
2024-02-21,31.8,24.1,27.0,4.7,4.7,4.55,14.7,22.8,99,68,Sumenep,-6.9924,113.8607
2024-02-22,30.4,24.5,27.1,8.4,8.4,4.44,17.7,22.69,96,74,Sumenep,-6.9924,113.8607
2024-02-23,30.0,25.0,26.8,7.0,7.0,3.72,15.5,18.65,95,76,Sumenep,-6.9924,113.8607
2024-02-24,29.6,23.4,26.5,17.0,17.0,3.8,12.8,19.02,99,76,Sumenep,-6.9924,113.8607
2024-02-25,29.0,24.0,25.6,19.3,19.3,3.33,18.4,17.85,98,76,Sumenep,-6.9924,113.8607
2024-02-26,30.2,24.2,26.0,10.7,10.7,2.76,15.5,13.82,100,74,Sumenep,-6.9924,113.8607
2024-02-27,31.2,23.7,26.6,8.8,8.8,4.46,6.4,21.93,100,69,Sumenep,-6.9924,113.8607
2024-02-28,30.7,24.2,26.8,10.9,10.9,4.55,11.1,22.67,100,68,Sumenep,-6.9924,113.8607
2024-02-29,31.6,24.2,27.4,2.3,2.3,5.08,8.6,24.77,100,65,Sumenep,-6.9924,113.8607
2024-03-01,30.8,23.7,26.6,20.8,20.8,4.25,11.0,21.39,100,73,Sumenep,-6.9924,113.8607
2024-03-02,31.1,23.7,27.3,7.5,7.5,4.58,14.8,22.7,99,70,Sumenep,-6.9924,113.8607
2024-03-03,30.6,25.3,27.5,3.2,3.2,4.29,13.9,21.29,95,72,Sumenep,-6.9924,113.8607
2024-03-04,31.2,24.4,26.5,25.2,25.2,4.1,10.6,20.57,99,71,Sumenep,-6.9924,113.8607
2024-03-05,31.1,23.8,26.4,21.9,21.9,4.16,10.0,20.76,100,74,Sumenep,-6.9924,113.8607
2024-03-06,30.8,23.8,26.7,11.2,11.2,4.35,16.0,22.18,100,71,Sumenep,-6.9924,113.8607
2024-03-07,30.6,24.4,26.5,22.2,22.2,3.39,12.3,16.92,99,73,Sumenep,-6.9924,113.8607
2024-03-08,31.0,24.9,26.7,18.4,18.4,3.87,17.2,20.05,99,74,Sumenep,-6.9924,113.8607
2024-03-09,28.0,23.9,25.5,14.3,14.3,1.83,20.6,9.06,99,82,Sumenep,-6.9924,113.8607
2024-03-10,29.8,23.1,26.5,1.3,1.3,3.3,19.9,13.99,93,67,Sumenep,-6.9924,113.8607
2024-03-11,28.6,24.8,26.2,4.0,4.0,2.16,17.1,10.22,94,79,Sumenep,-6.9924,113.8607
2024-03-12,27.1,24.3,25.8,15.1,15.1,1.88,21.7,9.07,97,86,Sumenep,-6.9924,113.8607
2024-03-13,28.0,25.1,26.4,18.2,18.2,3.41,25.8,16.82,92,80,Sumenep,-6.9924,113.8607
2024-03-14,29.1,24.0,26.3,8.4,8.4,3.1,25.1,14.04,98,71,Sumenep,-6.9924,113.8607
2024-03-15,28.5,24.1,26.3,12.5,12.5,3.84,27.5,20.41,96,77,Sumenep,-6.9924,113.8607
2024-03-16,29.0,24.2,26.7,1.6,1.6,2.93,26.0,12.76,98,75,Sumenep,-6.9924,113.8607
2024-03-17,28.8,24.4,26.6,3.6,3.6,3.95,23.3,19.05,91,74,Sumenep,-6.9924,113.8607
2024-03-18,29.8,25.0,27.0,0.9,0.9,4.13,20.5,20.12,90,68,Sumenep,-6.9924,113.8607
2024-03-19,30.8,24.8,27.6,1.0,1.0,4.73,16.6,23.09,94,70,Sumenep,-6.9924,113.8607
2024-03-20,31.2,23.0,27.1,0.6,0.6,4.73,9.5,23.1,99,66,Sumenep,-6.9924,113.8607
2024-03-21,31.2,24.0,27.2,0.6,0.6,4.58,13.1,22.74,97,66,Sumenep,-6.9924,113.8607
2024-03-22,31.5,23.5,26.9,11.3,11.3,4.75,7.3,23.5,100,66,Sumenep,-6.9924,113.8607
2024-03-23,31.4,24.4,27.8,0.6,0.6,5.16,8.4,25.13,98,65,Sumenep,-6.9924,113.8607
2024-03-24,31.5,24.7,27.7,0.1,0.1,4.81,9.2,23.45,98,67,Sumenep,-6.9924,113.8607
2024-03-25,31.4,24.7,27.1,3.9,3.9,4.42,7.2,21.89,100,66,Sumenep,-6.9924,113.8607
2024-03-26,31.9,25.5,28.3,0.1,0.1,5.01,14.8,23.79,94,64,Sumenep,-6.9924,113.8607
2024-03-27,32.2,25.2,28.4,0.0,0.0,5.27,10.2,24.79,93,55,Sumenep,-6.9924,113.8607
2024-03-28,31.5,24.4,26.7,23.2,23.2,3.76,9.8,18.61,99,65,Sumenep,-6.9924,113.8607
2024-03-29,31.0,23.1,26.9,6.5,6.5,4.53,6.5,22.22,100,69,Sumenep,-6.9924,113.8607
2024-03-30,31.6,25.2,28.3,0.6,0.6,5.18,13.2,24.96,93,64,Sumenep,-6.9924,113.8607
2024-03-31,32.6,25.7,28.5,1.2,1.2,5.29,10.2,24.91,96,56,Sumenep,-6.9924,113.8607
2024-04-01,31.4,25.0,27.3,10.7,10.7,4.09,10.8,20.16,98,68,Sumenep,-6.9924,113.8607
2024-04-02,30.8,24.0,27.0,7.1,7.1,4.36,10.9,21.69,100,70,Sumenep,-6.9924,113.8607
2024-04-03,32.0,25.0,28.0,0.8,0.8,4.67,8.4,22.73,98,66,Sumenep,-6.9924,113.8607
2024-04-04,31.6,24.7,27.7,4.2,4.2,4.34,11.9,21.02,100,69,Sumenep,-6.9924,113.8607
2024-04-05,30.5,23.6,26.8,15.1,15.1,4.27,11.6,21.37,100,72,Sumenep,-6.9924,113.8607
2024-04-06,30.8,23.7,26.9,6.5,6.5,4.12,12.4,20.57,99,72,Sumenep,-6.9924,113.8607
2024-04-07,30.9,24.6,27.2,4.7,4.7,4.24,12.2,21.19,99,68,Sumenep,-6.9924,113.8607
2024-04-08,31.0,24.2,27.4,4.6,4.6,4.39,11.1,21.56,100,67,Sumenep,-6.9924,113.8607
2024-04-09,29.4,24.8,26.4,19.3,19.3,3.27,12.4,16.91,100,79,Sumenep,-6.9924,113.8607
2024-04-10,29.0,23.5,26.1,35.2,35.2,2.94,8.3,14.64,100,77,Sumenep,-6.9924,113.8607
2024-04-11,30.8,23.8,26.1,11.5,11.5,3.82,7.2,19.04,100,74,Sumenep,-6.9924,113.8607
2024-04-12,31.4,23.6,26.7,11.0,11.0,4.23,8.4,20.95,100,70,Sumenep,-6.9924,113.8607
2024-04-13,31.2,23.1,27.2,1.7,1.7,4.49,9.0,22.2,100,69,Sumenep,-6.9924,113.8607
2024-04-14,31.0,25.2,27.7,0.7,0.7,4.59,10.7,22.53,96,69,Sumenep,-6.9924,113.8607
2024-04-15,30.7,24.9,27.6,1.0,1.0,4.45,10.4,22.0,96,71,Sumenep,-6.9924,113.8607
2024-04-16,31.4,25.1,28.3,0.8,0.8,4.86,12.3,22.9,94,66,Sumenep,-6.9924,113.8607
2024-04-17,29.4,24.2,26.6,15.3,15.3,3.28,15.3,16.7,99,77,Sumenep,-6.9924,113.8607
2024-04-18,31.0,24.5,27.2,3.9,3.9,4.14,11.2,20.44,97,69,Sumenep,-6.9924,113.8607
2024-04-19,31.1,24.3,27.5,5.4,5.4,4.32,11.5,21.3,99,70,Sumenep,-6.9924,113.8607
2024-04-20,31.5,25.6,28.2,1.8,1.8,4.31,14.5,20.71,94,71,Sumenep,-6.9924,113.8607
2024-04-21,31.2,24.0,27.1,12.2,12.2,3.8,12.1,18.86,100,70,Sumenep,-6.9924,113.8607
2024-04-22,30.0,24.5,26.8,7.9,7.9,3.16,11.2,15.42,100,74,Sumenep,-6.9924,113.8607
2024-04-23,29.4,24.1,26.3,7.3,7.3,2.67,13.9,13.33,99,77,Sumenep,-6.9924,113.8607
2024-04-24,29.3,23.9,26.3,11.9,11.9,2.78,9.0,14.02,100,79,Sumenep,-6.9924,113.8607
2024-04-25,29.2,24.5,26.2,23.6,23.6,2.73,10.0,13.75,99,78,Sumenep,-6.9924,113.8607
2024-04-26,31.2,24.6,27.5,1.0,1.0,4.36,13.0,21.56,98,67,Sumenep,-6.9924,113.8607
2024-04-27,31.0,25.1,27.9,2.4,2.4,4.25,16.5,20.71,97,72,Sumenep,-6.9924,113.8607
2024-04-28,31.4,24.6,28.1,4.7,4.7,4.56,17.4,22.28,97,70,Sumenep,-6.9924,113.8607
2024-04-29,31.0,26.3,28.3,1.0,1.0,4.46,13.4,21.12,90,67,Sumenep,-6.9924,113.8607
2024-04-30,31.0,26.2,28.3,1.2,1.2,4.43,15.5,20.42,87,67,Sumenep,-6.9924,113.8607
2024-05-01,31.0,26.4,28.2,1.7,1.7,4.39,16.8,20.47,88,69,Sumenep,-6.9924,113.8607
2024-05-02,31.2,26.4,28.3,1.2,1.2,4.58,16.8,21.49,90,69,Sumenep,-6.9924,113.8607
2024-05-03,31.8,24.4,28.2,0.0,0.0,4.93,13.7,22.86,96,59,Sumenep,-6.9924,113.8607
2024-05-04,31.3,24.8,28.0,0.1,0.1,4.97,13.2,22.92,93,56,Sumenep,-6.9924,113.8607
2024-05-05,31.5,23.5,27.5,0.3,0.3,4.65,6.8,22.34,94,52,Sumenep,-6.9924,113.8607
2024-05-06,30.9,24.0,27.6,0.0,0.0,4.76,16.3,21.75,93,60,Sumenep,-6.9924,113.8607
2024-05-07,31.3,24.5,28.0,0.0,0.0,4.85,12.5,22.63,91,59,Sumenep,-6.9924,113.8607
2024-05-08,30.9,25.5,27.9,1.1,1.1,4.37,11.3,20.8,90,65,Sumenep,-6.9924,113.8607
2024-05-09,31.3,26.0,28.2,6.3,6.3,4.3,16.4,19.48,88,64,Sumenep,-6.9924,113.8607
2024-05-10,31.0,26.6,28.6,1.1,1.1,4.69,18.4,21.05,83,66,Sumenep,-6.9924,113.8607
2024-05-11,31.8,25.7,28.6,1.5,1.5,4.78,19.0,21.37,88,60,Sumenep,-6.9924,113.8607
2024-05-12,32.0,24.9,28.4,0.0,0.0,4.86,18.5,21.72,91,58,Sumenep,-6.9924,113.8607
2024-05-13,31.6,24.0,28.0,0.2,0.2,4.73,15.0,21.8,95,60,Sumenep,-6.9924,113.8607
2024-05-14,31.9,25.5,28.1,0.2,0.2,4.65,14.0,21.34,91,57,Sumenep,-6.9924,113.8607
2024-05-15,31.8,25.4,28.1,0.3,0.3,4.79,14.3,21.8,91,60,Sumenep,-6.9924,113.8607
2024-05-16,32.3,25.2,28.3,0.0,0.0,4.96,15.9,22.2,85,55,Sumenep,-6.9924,113.8607
2024-05-17,32.0,24.4,28.2,0.6,0.6,4.67,19.2,21.19,96,60,Sumenep,-6.9924,113.8607
2024-05-18,31.5,26.1,28.3,1.0,1.0,4.72,18.9,20.92,86,59,Sumenep,-6.9924,113.8607
2024-05-19,31.6,25.9,28.5,0.0,0.0,5.14,17.8,21.5,81,56,Sumenep,-6.9924,113.8607
2024-05-20,30.9,26.2,28.2,1.0,1.0,4.59,16.2,19.75,82,62,Sumenep,-6.9924,113.8607
2024-05-21,31.5,25.5,28.3,0.6,0.6,4.85,15.3,21.31,83,57,Sumenep,-6.9924,113.8607
2024-05-22,31.1,25.7,28.2,1.0,1.0,4.52,15.4,20.6,88,62,Sumenep,-6.9924,113.8607
2024-05-23,32.4,25.7,28.4,1.3,1.3,4.63,13.4,20.68,91,55,Sumenep,-6.9924,113.8607
2024-05-24,31.9,25.6,28.6,1.0,1.0,4.4,13.7,19.41,90,60,Sumenep,-6.9924,113.8607
2024-05-25,32.6,25.1,28.9,0.0,0.0,4.81,15.1,21.15,94,55,Sumenep,-6.9924,113.8607
2024-05-26,32.2,24.4,28.4,0.0,0.0,4.86,15.3,21.24,98,54,Sumenep,-6.9924,113.8607
2024-05-27,31.8,26.1,28.5,1.6,1.6,4.18,17.3,17.99,89,61,Sumenep,-6.9924,113.8607
2024-05-28,32.3,26.0,28.5,0.0,0.0,4.53,14.2,20.33,90,57,Sumenep,-6.9924,113.8607
2024-05-29,31.9,24.9,28.3,1.5,1.5,4.15,12.1,19.1,94,60,Sumenep,-6.9924,113.8607
2024-05-30,31.9,25.8,28.5,0.4,0.4,4.48,16.3,19.89,92,64,Sumenep,-6.9924,113.8607
2024-05-31,32.1,25.9,28.8,2.0,2.0,4.53,14.7,19.6,88,57,Sumenep,-6.9924,113.8607
2024-06-01,32.3,26.5,29.0,0.7,0.7,4.64,14.8,19.82,88,58,Sumenep,-6.9924,113.8607
2024-06-02,31.6,25.9,28.2,7.4,7.4,3.88,13.3,17.96,92,63,Sumenep,-6.9924,113.8607
2024-06-03,33.0,24.8,28.4,3.0,3.0,4.22,11.1,19.42,96,52,Sumenep,-6.9924,113.8607
2024-06-04,32.5,24.5,28.1,0.1,0.1,4.24,14.5,18.57,95,49,Sumenep,-6.9924,113.8607
2024-06-05,32.2,23.6,28.3,0.0,0.0,4.76,14.1,20.61,96,53,Sumenep,-6.9924,113.8607
2024-06-06,32.0,25.5,28.3,0.0,0.0,4.76,15.6,20.66,88,56,Sumenep,-6.9924,113.8607
2024-06-07,30.6,24.6,27.2,5.5,5.5,3.46,12.8,15.27,91,63,Sumenep,-6.9924,113.8607
2024-06-08,31.0,24.2,27.5,1.7,1.7,4.13,13.6,19.04,93,60,Sumenep,-6.9924,113.8607
2024-06-09,30.8,24.4,27.6,10.2,10.2,3.83,14.3,17.45,96,67,Sumenep,-6.9924,113.8607
2024-06-10,31.5,26.0,28.3,1.2,1.2,4.4,16.1,19.51,86,64,Sumenep,-6.9924,113.8607
2024-06-11,30.7,25.9,27.8,2.7,2.7,4.14,16.3,18.5,86,67,Sumenep,-6.9924,113.8607
2024-06-12,31.8,25.9,28.2,0.1,0.1,4.48,16.7,19.24,85,59,Sumenep,-6.9924,113.8607
2024-06-13,31.8,24.7,26.8,31.1,31.1,3.38,7.7,16.32,99,58,Sumenep,-6.9924,113.8607
2024-06-14,30.4,24.1,26.7,1.5,1.5,3.5,9.0,17.12,97,66,Sumenep,-6.9924,113.8607
2024-06-15,30.0,23.4,26.2,3.2,3.2,3.67,12.1,18.18,99,69,Sumenep,-6.9924,113.8607
2024-06-16,29.9,23.5,26.7,1.4,1.4,3.95,15.3,18.82,98,66,Sumenep,-6.9924,113.8607
2024-06-17,29.6,24.8,27.2,1.4,1.4,3.96,19.3,17.81,90,67,Sumenep,-6.9924,113.8607
2024-06-18,30.6,24.5,27.1,0.0,0.0,5.04,22.5,21.35,91,49,Sumenep,-6.9924,113.8607
2024-06-19,30.6,24.1,26.8,0.0,0.0,4.77,15.2,20.99,84,55,Sumenep,-6.9924,113.8607
2024-06-20,30.4,23.8,26.7,0.0,0.0,4.9,17.8,21.01,86,52,Sumenep,-6.9924,113.8607
2024-06-21,30.1,23.8,26.7,0.0,0.0,4.87,17.2,20.88,81,53,Sumenep,-6.9924,113.8607
2024-06-22,30.7,22.9,26.9,0.3,0.3,4.64,16.1,20.23,92,51,Sumenep,-6.9924,113.8607
2024-06-23,30.4,23.6,27.5,0.5,0.5,4.14,15.5,17.24,95,58,Sumenep,-6.9924,113.8607
2024-06-24,29.8,23.9,26.6,3.9,3.9,3.58,15.8,15.85,99,66,Sumenep,-6.9924,113.8607
2024-06-25,30.9,24.3,27.1,0.4,0.4,4.18,14.4,19.35,93,63,Sumenep,-6.9924,113.8607
2024-06-26,30.9,24.4,27.4,1.1,1.1,4.28,16.5,19.03,89,60,Sumenep,-6.9924,113.8607
2024-06-27,31.8,25.0,27.8,0.2,0.2,4.34,13.2,19.79,91,56,Sumenep,-6.9924,113.8607
2024-06-28,30.9,24.9,27.6,0.8,0.8,4.07,12.1,19.02,92,63,Sumenep,-6.9924,113.8607
2024-06-29,31.2,25.3,27.7,0.5,0.5,4.42,14.8,20.07,90,55,Sumenep,-6.9924,113.8607
2024-06-30,31.5,24.0,27.9,0.0,0.0,4.55,15.3,20.1,96,52,Sumenep,-6.9924,113.8607
2024-07-01,32.2,23.8,27.4,0.0,0.0,4.38,12.8,19.54,93,49,Sumenep,-6.9924,113.8607
2024-07-02,30.8,23.7,26.4,4.7,4.7,3.24,11.8,15.31,100,62,Sumenep,-6.9924,113.8607
2024-07-03,28.6,23.5,25.6,9.4,9.4,1.99,19.2,8.46,100,71,Sumenep,-6.9924,113.8607
2024-07-04,30.5,23.5,26.7,3.0,3.0,3.75,17.7,16.73,99,57,Sumenep,-6.9924,113.8607
2024-07-05,30.2,25.5,27.2,0.0,0.0,4.73,17.7,20.79,83,55,Sumenep,-6.9924,113.8607
2024-07-06,30.0,23.8,26.8,0.5,0.5,4.27,17.1,19.11,90,63,Sumenep,-6.9924,113.8607
2024-07-07,30.8,23.5,26.8,0.1,0.1,4.33,12.8,20.47,93,58,Sumenep,-6.9924,113.8607
2024-07-08,30.8,23.0,26.5,0.0,0.0,4.46,19.2,20.38,94,57,Sumenep,-6.9924,113.8607
2024-07-09,30.9,23.0,26.9,0.0,0.0,4.44,14.3,20.64,93,59,Sumenep,-6.9924,113.8607
2024-07-10,30.7,24.9,27.4,0.0,0.0,4.76,17.1,20.4,89,57,Sumenep,-6.9924,113.8607
2024-07-11,30.8,22.5,26.7,0.0,0.0,5.18,17.7,21.86,93,47,Sumenep,-6.9924,113.8607
2024-07-12,30.5,23.7,26.7,0.4,0.4,5.02,18.8,21.19,82,45,Sumenep,-6.9924,113.8607
2024-07-13,30.0,22.0,26.2,0.0,0.0,5.03,14.4,22.06,86,44,Sumenep,-6.9924,113.8607
2024-07-14,29.9,23.5,26.3,0.0,0.0,5.25,19.1,21.65,78,46,Sumenep,-6.9924,113.8607
2024-07-15,30.2,22.6,26.6,0.0,0.0,5.14,17.0,21.52,82,47,Sumenep,-6.9924,113.8607
2024-07-16,30.9,24.0,26.7,0.0,0.0,5.26,23.2,21.91,85,46,Sumenep,-6.9924,113.8607
2024-07-17,30.1,24.6,26.9,0.0,0.0,4.98,23.4,19.51,81,51,Sumenep,-6.9924,113.8607
2024-07-18,29.8,23.9,26.6,1.9,1.9,4.44,21.5,19.66,90,59,Sumenep,-6.9924,113.8607
2024-07-19,30.5,24.6,26.9,0.0,0.0,5.01,20.9,21.75,84,54,Sumenep,-6.9924,113.8607
2024-07-20,30.2,23.9,26.8,0.0,0.0,4.77,18.4,19.99,86,54,Sumenep,-6.9924,113.8607
2024-07-21,30.4,24.1,26.9,0.0,0.0,5.05,16.3,21.05,86,49,Sumenep,-6.9924,113.8607
2024-07-22,31.0,23.1,26.8,0.0,0.0,4.92,16.1,21.34,86,49,Sumenep,-6.9924,113.8607
2024-07-23,31.3,23.0,27.0,0.0,0.0,4.72,14.2,21.56,94,52,Sumenep,-6.9924,113.8607
2024-07-24,31.4,22.6,26.9,0.0,0.0,4.76,14.2,21.62,95,50,Sumenep,-6.9924,113.8607
2024-07-25,32.1,23.6,27.5,0.0,0.0,5.1,14.6,21.77,87,48,Sumenep,-6.9924,113.8607
2024-07-26,31.1,24.4,27.4,0.0,0.0,5.09,15.7,21.77,85,49,Sumenep,-6.9924,113.8607
2024-07-27,31.9,24.1,27.6,0.0,0.0,5.17,15.5,22.02,88,46,Sumenep,-6.9924,113.8607
2024-07-28,32.0,24.2,27.7,0.0,0.0,5.18,14.6,22.3,88,47,Sumenep,-6.9924,113.8607
2024-07-29,31.8,22.7,27.3,0.1,0.1,4.91,13.8,21.73,95,52,Sumenep,-6.9924,113.8607
2024-07-30,31.5,24.2,27.4,8.4,8.4,4.51,16.4,20.28,93,56,Sumenep,-6.9924,113.8607
2024-07-31,31.8,24.6,27.8,0.3,0.3,4.75,16.7,19.91,91,56,Sumenep,-6.9924,113.8607
2024-08-01,31.5,25.5,27.8,0.9,0.9,4.84,19.5,20.93,86,56,Sumenep,-6.9924,113.8607
2024-08-02,31.5,25.0,27.5,1.3,1.3,4.68,17.7,20.66,90,53,Sumenep,-6.9924,113.8607
2024-08-03,31.2,24.0,27.2,0.0,0.0,4.73,14.7,21.36,92,55,Sumenep,-6.9924,113.8607
2024-08-04,31.4,24.1,27.5,0.0,0.0,5.23,17.8,22.61,90,49,Sumenep,-6.9924,113.8607
2024-08-05,31.6,22.4,26.8,0.0,0.0,5.27,15.9,22.98,95,42,Sumenep,-6.9924,113.8607
2024-08-06,31.6,23.8,27.4,0.0,0.0,5.59,19.2,23.06,88,41,Sumenep,-6.9924,113.8607
2024-08-07,31.5,25.1,27.8,0.5,0.5,5.14,20.1,21.27,84,54,Sumenep,-6.9924,113.8607
2024-08-08,31.5,25.5,27.9,0.4,0.4,5.26,19.3,21.41,84,51,Sumenep,-6.9924,113.8607
2024-08-09,32.1,25.5,28.1,0.0,0.0,5.7,17.9,22.98,82,47,Sumenep,-6.9924,113.8607
2024-08-10,31.6,24.8,27.6,0.2,0.2,5.34,20.0,22.15,88,47,Sumenep,-6.9924,113.8607
2024-08-11,30.8,23.7,26.9,0.0,0.0,6.3,22.2,23.98,72,37,Sumenep,-6.9924,113.8607
2024-08-12,30.8,23.0,26.5,0.0,0.0,5.6,16.3,23.7,77,44,Sumenep,-6.9924,113.8607
2024-08-13,31.8,22.9,27.3,0.0,0.0,5.48,16.6,23.13,89,46,Sumenep,-6.9924,113.8607
2024-08-14,31.5,25.0,27.6,0.0,0.0,5.77,17.7,23.25,83,50,Sumenep,-6.9924,113.8607
2024-08-15,31.1,23.1,26.9,0.0,0.0,5.75,20.9,23.91,87,43,Sumenep,-6.9924,113.8607
2024-08-16,31.2,23.6,27.1,0.0,0.0,5.64,14.4,23.66,79,43,Sumenep,-6.9924,113.8607
2024-08-17,31.5,24.0,27.2,0.0,0.0,5.41,17.5,23.09,84,47,Sumenep,-6.9924,113.8607
2024-08-18,31.9,24.1,27.5,0.0,0.0,5.5,15.1,23.22,83,49,Sumenep,-6.9924,113.8607
2024-08-19,31.8,21.4,26.9,0.0,0.0,5.7,17.2,24.2,94,43,Sumenep,-6.9924,113.8607
2024-08-20,31.7,23.5,27.2,0.0,0.0,5.64,14.8,24.02,81,46,Sumenep,-6.9924,113.8607
2024-08-21,32.0,23.4,27.3,0.0,0.0,5.62,16.0,23.82,89,42,Sumenep,-6.9924,113.8607
2024-08-22,32.2,22.6,27.1,0.0,0.0,5.35,14.3,23.42,94,45,Sumenep,-6.9924,113.8607
2024-08-23,32.0,23.4,27.4,0.0,0.0,5.35,14.7,23.12,88,43,Sumenep,-6.9924,113.8607
2024-08-24,32.9,22.2,27.5,0.0,0.0,5.83,20.4,23.98,96,38,Sumenep,-6.9924,113.8607
2024-08-25,32.4,24.1,27.9,0.0,0.0,5.78,16.7,24.02,83,45,Sumenep,-6.9924,113.8607
2024-08-26,32.8,23.5,28.4,0.0,0.0,6.06,17.9,24.23,88,43,Sumenep,-6.9924,113.8607
2024-08-27,33.2,22.5,28.0,0.0,0.0,6.03,22.3,24.17,96,37,Sumenep,-6.9924,113.8607
2024-08-28,31.6,22.4,27.4,0.0,0.0,4.47,15.0,17.1,93,42,Sumenep,-6.9924,113.8607
2024-08-29,32.8,23.8,28.0,0.0,0.0,5.85,17.3,24.3,94,42,Sumenep,-6.9924,113.8607
2024-08-30,32.3,22.7,27.3,0.0,0.0,5.72,15.0,24.57,91,39,Sumenep,-6.9924,113.8607
2024-08-31,32.8,24.1,27.9,0.0,0.0,5.78,14.8,24.66,88,39,Sumenep,-6.9924,113.8607
2024-09-01,33.2,23.6,28.2,0.0,0.0,5.69,17.1,24.31,93,43,Sumenep,-6.9924,113.8607
2024-09-02,32.7,23.5,28.0,0.0,0.0,5.6,16.3,24.0,95,48,Sumenep,-6.9924,113.8607
2024-09-03,32.5,24.0,28.1,0.0,0.0,5.81,17.7,23.82,86,43,Sumenep,-6.9924,113.8607
2024-09-04,33.0,25.4,28.5,0.3,0.3,5.67,15.5,23.68,83,50,Sumenep,-6.9924,113.8607
2024-09-05,33.5,24.1,28.6,0.0,0.0,6.09,18.6,24.71,90,42,Sumenep,-6.9924,113.8607
2024-09-06,33.0,25.0,28.4,0.0,0.0,6.32,19.6,25.31,90,38,Sumenep,-6.9924,113.8607
2024-09-07,32.5,25.9,28.5,0.4,0.4,5.97,21.2,23.34,80,47,Sumenep,-6.9924,113.8607
2024-09-08,32.9,26.1,28.8,0.0,0.0,5.94,18.9,23.89,85,47,Sumenep,-6.9924,113.8607
2024-09-09,33.9,25.0,29.1,0.0,0.0,5.88,15.6,24.82,87,42,Sumenep,-6.9924,113.8607
2024-09-10,32.7,24.1,28.3,1.6,1.6,5.09,11.5,22.89,96,49,Sumenep,-6.9924,113.8607
2024-09-11,33.2,25.0,28.6,0.0,0.0,5.9,15.1,25.14,91,45,Sumenep,-6.9924,113.8607
2024-09-12,33.2,25.0,28.8,0.0,0.0,6.72,17.1,25.79,77,34,Sumenep,-6.9924,113.8607
2024-09-13,33.3,24.5,28.7,0.0,0.0,6.71,18.0,25.76,75,37,Sumenep,-6.9924,113.8607
2024-09-14,33.2,23.2,28.6,0.0,0.0,6.52,17.3,25.25,83,35,Sumenep,-6.9924,113.8607
2024-09-15,33.0,23.4,28.4,0.0,0.0,6.25,16.0,24.73,87,39,Sumenep,-6.9924,113.8607
2024-09-16,32.5,24.2,28.1,0.1,0.1,5.76,13.7,24.79,86,42,Sumenep,-6.9924,113.8607
2024-09-17,33.4,22.6,28.1,0.0,0.0,6.49,15.8,25.96,91,33,Sumenep,-6.9924,113.8607
2024-09-18,33.5,22.7,28.1,0.0,0.0,6.1,15.9,25.24,91,32,Sumenep,-6.9924,113.8607
2024-09-19,33.8,23.6,28.4,0.1,0.1,5.75,9.8,25.87,89,38,Sumenep,-6.9924,113.8607
2024-09-20,33.2,24.6,28.3,0.0,0.0,5.77,14.4,24.57,85,43,Sumenep,-6.9924,113.8607
2024-09-21,34.3,24.0,28.5,1.0,1.0,5.5,13.6,23.86,92,42,Sumenep,-6.9924,113.8607
2024-09-22,33.7,25.1,29.0,0.0,0.0,5.42,15.1,23.31,93,53,Sumenep,-6.9924,113.8607
2024-09-23,34.0,25.0,28.8,2.4,2.4,5.08,12.1,22.43,93,47,Sumenep,-6.9924,113.8607
2024-09-24,33.5,24.5,28.8,1.0,1.0,5.32,11.2,23.36,96,52,Sumenep,-6.9924,113.8607
2024-09-25,33.8,25.0,28.9,0.9,0.9,4.89,9.4,22.76,96,48,Sumenep,-6.9924,113.8607
2024-09-26,33.9,24.2,28.9,1.7,1.7,5.34,9.1,23.82,99,48,Sumenep,-6.9924,113.8607
2024-09-27,34.4,25.2,29.3,0.1,0.1,5.9,13.8,24.76,91,45,Sumenep,-6.9924,113.8607
2024-09-28,33.6,25.9,29.2,0.3,0.3,6.04,18.9,24.91,89,48,Sumenep,-6.9924,113.8607
2024-09-29,35.0,26.1,29.9,0.0,0.0,6.72,17.9,25.87,84,36,Sumenep,-6.9924,113.8607
2024-09-30,34.7,24.5,29.5,0.0,0.0,6.29,18.0,25.12,96,41,Sumenep,-6.9924,113.8607
2024-10-01,35.0,23.8,29.5,0.0,0.0,6.53,16.9,26.11,98,37,Sumenep,-6.9924,113.8607
2024-10-02,35.0,24.9,29.5,0.0,0.0,6.17,16.0,24.92,88,38,Sumenep,-6.9924,113.8607
2024-10-03,34.1,25.2,29.2,0.0,0.0,6.21,17.6,24.65,90,41,Sumenep,-6.9924,113.8607
2024-10-04,34.8,25.8,29.6,0.0,0.0,6.22,15.7,25.11,84,44,Sumenep,-6.9924,113.8607
2024-10-05,34.8,25.3,29.8,0.0,0.0,6.46,16.9,26.1,89,38,Sumenep,-6.9924,113.8607
2024-10-06,34.7,24.9,29.4,0.0,0.0,6.38,16.9,25.96,95,40,Sumenep,-6.9924,113.8607
2024-10-07,34.5,24.2,29.5,0.0,0.0,6.47,16.8,25.52,96,40,Sumenep,-6.9924,113.8607
2024-10-08,34.4,25.0,29.4,0.0,0.0,6.45,16.7,25.98,85,39,Sumenep,-6.9924,113.8607
2024-10-09,34.7,26.1,29.8,0.0,0.0,6.49,15.0,25.79,82,41,Sumenep,-6.9924,113.8607
2024-10-10,35.0,25.0,29.6,0.0,0.0,6.64,17.5,26.57,86,38,Sumenep,-6.9924,113.8607
2024-10-11,34.3,26.2,29.9,0.1,0.1,6.24,17.9,24.81,86,45,Sumenep,-6.9924,113.8607
2024-10-12,34.5,26.9,30.1,0.0,0.0,6.47,17.4,25.51,82,45,Sumenep,-6.9924,113.8607
2024-10-13,35.6,26.8,30.1,0.0,0.0,6.54,14.8,26.61,86,38,Sumenep,-6.9924,113.8607
2024-10-14,35.7,25.0,29.9,0.0,0.0,6.32,14.1,26.24,94,35,Sumenep,-6.9924,113.8607
2024-10-15,35.3,24.9,30.0,0.0,0.0,6.03,11.2,25.23,95,35,Sumenep,-6.9924,113.8607
2024-10-16,35.1,24.0,29.4,0.0,0.0,6.35,14.6,26.3,89,31,Sumenep,-6.9924,113.8607
2024-10-17,35.3,24.1,29.5,0.0,0.0,6.69,15.5,26.48,83,26,Sumenep,-6.9924,113.8607
2024-10-18,34.2,23.6,29.1,1.1,1.1,5.95,13.2,25.43,87,41,Sumenep,-6.9924,113.8607
2024-10-19,33.9,25.6,29.2,2.5,2.5,5.45,12.0,23.48,83,50,Sumenep,-6.9924,113.8607
2024-10-20,33.5,23.5,28.4,3.6,3.6,4.85,12.5,21.88,99,47,Sumenep,-6.9924,113.8607
2024-10-21,32.5,23.9,27.4,12.6,12.6,4.83,10.1,23.29,98,54,Sumenep,-6.9924,113.8607
2024-10-22,33.8,24.7,28.8,0.0,0.0,5.41,12.2,24.73,93,44,Sumenep,-6.9924,113.8607
2024-10-23,34.0,25.0,28.7,1.0,1.0,5.24,6.7,24.36,91,44,Sumenep,-6.9924,113.8607
2024-10-24,34.3,24.2,28.6,1.2,1.2,5.27,8.1,24.62,98,45,Sumenep,-6.9924,113.8607
2024-10-25,34.5,23.5,28.8,1.8,1.8,5.41,9.6,24.66,96,47,Sumenep,-6.9924,113.8607
2024-10-26,35.2,23.9,29.1,0.2,0.2,6.03,10.4,26.24,98,35,Sumenep,-6.9924,113.8607
2024-10-27,35.0,24.1,29.7,0.1,0.1,5.73,10.5,24.96,96,46,Sumenep,-6.9924,113.8607
2024-10-28,35.2,24.9,29.9,0.1,0.1,6.07,13.2,25.99,92,39,Sumenep,-6.9924,113.8607
2024-10-29,35.7,25.8,30.3,0.0,0.0,6.55,16.2,26.22,90,36,Sumenep,-6.9924,113.8607
2024-10-30,34.6,26.2,30.3,0.1,0.1,6.48,15.7,26.0,86,43,Sumenep,-6.9924,113.8607
2024-10-31,35.0,25.7,29.6,1.5,1.5,5.53,14.7,23.43,90,48,Sumenep,-6.9924,113.8607
2024-11-01,31.2,23.4,27.0,13.1,13.1,3.45,10.9,15.93,100,61,Sumenep,-6.9924,113.8607
2024-11-02,31.8,24.8,27.8,4.7,4.7,4.76,10.2,22.42,94,62,Sumenep,-6.9924,113.8607
2024-11-03,32.2,23.8,27.3,2.9,2.9,4.65,12.0,22.34,98,58,Sumenep,-6.9924,113.8607
2024-11-04,31.3,24.3,27.3,1.2,1.2,4.58,10.0,21.93,99,63,Sumenep,-6.9924,113.8607
2024-11-05,32.6,23.1,27.6,0.9,0.9,5.45,14.9,25.25,99,52,Sumenep,-6.9924,113.8607
2024-11-06,33.0,24.0,28.2,0.8,0.8,5.66,15.9,25.17,95,47,Sumenep,-6.9924,113.8607
2024-11-07,33.2,24.0,28.6,1.6,1.6,5.58,9.9,25.14,94,47,Sumenep,-6.9924,113.8607
2024-11-08,31.7,24.7,28.0,5.8,5.8,4.65,10.9,21.65,95,62,Sumenep,-6.9924,113.8607
2024-11-09,33.3,24.7,28.5,2.3,2.3,5.35,14.2,24.18,98,55,Sumenep,-6.9924,113.8607
2024-11-10,32.0,24.0,27.3,4.8,4.8,4.19,9.5,19.86,100,59,Sumenep,-6.9924,113.8607
2024-11-11,33.0,25.0,28.4,3.7,3.7,5.35,12.5,24.6,94,53,Sumenep,-6.9924,113.8607
2024-11-12,32.2,24.4,28.2,1.2,1.2,4.95,11.7,22.65,98,59,Sumenep,-6.9924,113.8607
2024-11-13,33.2,25.4,28.8,0.6,0.6,5.51,15.0,25.06,88,54,Sumenep,-6.9924,113.8607
2024-11-14,33.0,25.3,28.8,0.5,0.5,5.64,16.2,24.87,92,52,Sumenep,-6.9924,113.8607
2024-11-15,33.3,25.6,29.1,3.1,3.1,5.19,13.2,23.25,94,54,Sumenep,-6.9924,113.8607
2024-11-16,32.2,25.2,28.1,7.7,7.7,4.74,11.3,22.55,96,61,Sumenep,-6.9924,113.8607
2024-11-17,31.7,24.5,28.2,6.3,6.3,5.09,12.4,24.09,99,59,Sumenep,-6.9924,113.8607
2024-11-18,32.1,24.7,27.8,7.2,7.2,4.7,10.6,22.46,99,64,Sumenep,-6.9924,113.8607
2024-11-19,31.2,23.3,27.1,12.9,12.9,4.43,10.3,21.52,100,68,Sumenep,-6.9924,113.8607
2024-11-20,31.4,24.5,27.2,8.9,8.9,3.97,10.1,19.14,100,68,Sumenep,-6.9924,113.8607
2024-11-21,31.0,23.5,27.2,13.7,13.7,4.67,8.8,23.05,99,70,Sumenep,-6.9924,113.8607
2024-11-22,32.5,24.9,27.7,11.1,11.1,4.48,11.2,21.79,99,63,Sumenep,-6.9924,113.8607
2024-11-23,31.4,24.3,27.6,14.0,14.0,4.44,10.7,21.67,100,68,Sumenep,-6.9924,113.8607
2024-11-24,30.8,24.5,27.0,12.3,12.3,4.27,12.4,21.25,99,70,Sumenep,-6.9924,113.8607
2024-11-25,31.4,23.7,27.3,3.0,3.0,4.48,7.9,21.88,99,68,Sumenep,-6.9924,113.8607
2024-11-26,31.8,24.2,27.5,1.6,1.6,4.82,9.6,23.23,96,67,Sumenep,-6.9924,113.8607
2024-11-27,31.0,23.3,27.0,24.8,24.8,4.44,12.3,21.87,98,71,Sumenep,-6.9924,113.8607
2024-11-28,30.2,23.8,26.1,59.7,59.7,3.18,10.3,15.84,99,78,Sumenep,-6.9924,113.8607
2024-11-29,31.0,23.8,26.6,20.2,20.2,3.4,11.6,16.61,100,72,Sumenep,-6.9924,113.8607
2024-11-30,31.1,24.8,26.7,17.6,17.6,3.65,8.0,17.71,100,71,Sumenep,-6.9924,113.8607
2024-12-01,29.8,24.2,26.4,22.0,22.0,2.97,11.7,14.02,99,74,Sumenep,-6.9924,113.8607
2024-12-02,29.4,24.2,25.8,42.0,42.0,3.33,8.0,16.65,100,78,Sumenep,-6.9924,113.8607
2024-12-03,31.0,24.1,27.0,20.8,20.8,4.46,10.4,21.86,98,68,Sumenep,-6.9924,113.8607
2024-12-04,30.0,23.7,26.1,12.7,12.7,3.63,8.7,17.96,99,76,Sumenep,-6.9924,113.8607
2024-12-05,30.3,24.0,26.3,23.2,23.2,3.38,10.6,16.52,98,76,Sumenep,-6.9924,113.8607
2024-12-06,25.8,23.8,24.7,28.7,28.7,0.98,14.3,4.47,97,93,Sumenep,-6.9924,113.8607
2024-12-07,30.2,23.2,26.7,1.9,1.9,4.5,12.8,22.11,96,69,Sumenep,-6.9924,113.8607
2024-12-08,30.2,24.9,27.1,3.3,3.3,3.29,18.0,15.87,94,72,Sumenep,-6.9924,113.8607
2024-12-09,29.0,24.7,26.2,13.6,13.6,2.3,15.0,10.42,95,73,Sumenep,-6.9924,113.8607
2024-12-10,31.7,24.2,26.5,33.6,33.6,4.16,18.9,20.95,100,69,Sumenep,-6.9924,113.8607
2024-12-11,29.8,24.4,26.2,24.0,24.0,3.6,15.0,18.09,99,70,Sumenep,-6.9924,113.8607
2024-12-12,29.2,24.1,26.1,8.5,8.5,2.48,10.2,11.7,100,71,Sumenep,-6.9924,113.8607
2024-12-13,30.1,24.2,26.6,4.4,4.4,3.75,9.8,18.21,99,69,Sumenep,-6.9924,113.8607
2024-12-14,28.4,23.6,25.5,22.4,22.4,2.94,15.4,15.22,100,80,Sumenep,-6.9924,113.8607
2024-12-15,28.6,23.8,25.6,17.6,17.6,2.31,12.0,11.16,99,77,Sumenep,-6.9924,113.8607
2024-12-16,27.0,24.2,25.4,20.8,20.8,1.59,15.2,7.84,98,86,Sumenep,-6.9924,113.8607
2024-12-17,28.8,24.2,26.0,19.9,19.9,2.91,12.6,14.79,98,80,Sumenep,-6.9924,113.8607
2024-12-18,30.4,23.9,26.5,10.4,10.4,3.51,8.7,17.18,99,75,Sumenep,-6.9924,113.8607
2024-12-19,31.3,23.7,27.5,4.0,4.0,5.21,16.0,25.24,97,64,Sumenep,-6.9924,113.8607
2024-12-20,30.8,25.1,27.3,10.1,10.1,3.88,15.4,18.86,93,71,Sumenep,-6.9924,113.8607
2024-12-21,28.8,24.5,26.2,20.8,20.8,2.59,14.0,12.77,96,78,Sumenep,-6.9924,113.8607
2024-12-22,29.1,23.8,25.8,17.8,17.8,2.96,16.9,14.88,99,79,Sumenep,-6.9924,113.8607
2024-12-23,30.5,23.3,26.5,7.9,7.9,4.52,14.7,22.99,99,72,Sumenep,-6.9924,113.8607
2024-12-24,30.3,23.7,26.1,19.7,19.7,3.96,15.5,20.31,100,75,Sumenep,-6.9924,113.8607
2024-12-25,28.7,23.9,25.7,8.6,8.6,2.82,17.7,14.46,95,78,Sumenep,-6.9924,113.8607
2024-12-26,30.1,23.4,26.1,31.6,31.6,3.86,10.8,19.37,98,76,Sumenep,-6.9924,113.8607
2024-12-27,30.0,24.4,26.8,28.2,28.2,3.74,18.1,18.59,99,72,Sumenep,-6.9924,113.8607
2024-12-28,28.7,23.6,26.1,24.3,24.3,3.23,15.7,16.5,100,76,Sumenep,-6.9924,113.8607
2024-12-29,29.3,24.5,26.0,19.8,19.8,2.62,12.7,12.84,96,75,Sumenep,-6.9924,113.8607
2024-12-30,30.1,24.1,26.5,6.2,6.2,4.34,12.7,21.88,97,69,Sumenep,-6.9924,113.8607
2024-12-31,29.5,24.0,26.1,8.8,8.8,3.66,20.4,18.9,96,75,Sumenep,-6.9924,113.8607
2025-01-01,26.7,23.9,24.9,22.7,22.7,1.93,16.2,9.81,97,84,Sumenep,-6.9924,113.8607
2025-01-02,28.5,23.5,25.1,28.1,28.1,2.35,11.8,11.67,100,81,Sumenep,-6.9924,113.8607
2025-01-03,30.4,23.3,26.3,5.2,5.2,4.48,12.0,22.68,99,70,Sumenep,-6.9924,113.8607
2025-01-04,29.6,23.2,25.9,13.2,13.2,3.66,12.5,18.15,100,70,Sumenep,-6.9924,113.8607
2025-01-05,29.1,22.9,25.6,19.9,19.9,3.58,9.2,18.19,98,77,Sumenep,-6.9924,113.8607
2025-01-06,28.8,23.2,25.6,22.5,22.5,3.24,11.0,16.57,97,83,Sumenep,-6.9924,113.8607
2025-01-07,28.5,23.6,26.0,12.2,12.2,3.73,14.3,19.75,98,79,Sumenep,-6.9924,113.8607
2025-01-08,29.3,23.7,26.4,8.0,8.0,4.0,18.3,20.68,96,74,Sumenep,-6.9924,113.8607
2025-01-09,30.7,23.8,26.9,4.9,4.9,4.54,11.0,22.43,97,70,Sumenep,-6.9924,113.8607
2025-01-10,29.7,23.9,26.7,2.0,2.0,4.09,11.0,20.2,98,74,Sumenep,-6.9924,113.8607
2025-01-11,30.4,24.0,26.3,27.4,27.4,3.78,9.9,19.07,97,75,Sumenep,-6.9924,113.8607
2025-01-12,30.1,23.4,26.0,16.8,16.8,3.85,12.0,19.46,98,76,Sumenep,-6.9924,113.8607
2025-01-13,28.5,23.5,25.9,18.4,18.4,3.77,11.9,19.54,98,77,Sumenep,-6.9924,113.8607
2025-01-14,29.0,23.9,25.9,18.3,18.3,4.02,15.3,21.25,99,74,Sumenep,-6.9924,113.8607
2025-01-15,28.8,22.6,25.7,15.4,15.4,3.16,13.2,15.7,100,77,Sumenep,-6.9924,113.8607
2025-01-16,28.7,23.4,26.2,8.1,8.1,3.14,18.6,15.47,97,75,Sumenep,-6.9924,113.8607
2025-01-17,28.9,25.1,26.5,5.5,5.5,3.7,24.2,19.14,94,76,Sumenep,-6.9924,113.8607
2025-01-18,29.0,25.0,26.5,10.5,10.5,3.59,21.3,18.47,94,75,Sumenep,-6.9924,113.8607
2025-01-19,30.0,24.3,26.4,26.3,26.3,4.07,20.1,20.88,97,67,Sumenep,-6.9924,113.8607
2025-01-20,29.5,24.1,25.6,33.8,33.8,2.69,16.9,13.29,100,76,Sumenep,-6.9924,113.8607
2025-01-21,28.3,23.6,25.4,21.5,21.5,2.33,13.4,11.16,99,78,Sumenep,-6.9924,113.8607
2025-01-22,29.4,23.4,25.7,10.9,10.9,3.55,11.6,17.92,99,78,Sumenep,-6.9924,113.8607
2025-01-23,27.5,23.3,24.9,22.2,22.2,1.92,12.4,9.62,100,85,Sumenep,-6.9924,113.8607
2025-01-24,29.2,22.8,25.7,4.6,4.6,3.79,9.2,19.09,100,73,Sumenep,-6.9924,113.8607
2025-01-25,29.5,23.8,26.5,17.6,17.6,4.37,8.0,21.97,98,77,Sumenep,-6.9924,113.8607
2025-01-26,29.6,23.1,25.6,54.4,54.4,3.73,11.3,18.51,100,77,Sumenep,-6.9924,113.8607
2025-01-27,28.4,23.5,25.3,25.1,25.1,2.27,15.2,11.3,98,80,Sumenep,-6.9924,113.8607
2025-01-28,28.5,23.5,25.6,10.0,10.0,3.53,16.9,18.78,97,80,Sumenep,-6.9924,113.8607
2025-01-29,28.6,23.6,25.5,22.8,22.8,3.47,22.8,18.49,96,79,Sumenep,-6.9924,113.8607
2025-01-30,26.0,23.9,24.7,17.6,17.6,1.79,26.5,8.73,95,86,Sumenep,-6.9924,113.8607
2025-01-31,28.6,24.4,26.3,0.6,0.6,3.34,24.1,16.09,93,75,Sumenep,-6.9924,113.8607
2025-02-01,28.8,25.3,27.0,3.4,3.4,4.68,24.9,22.66,87,73,Sumenep,-6.9924,113.8607
2025-02-02,28.7,24.3,26.4,1.5,1.5,3.83,25.6,18.4,92,74,Sumenep,-6.9924,113.8607
2025-02-03,29.7,25.6,27.4,1.0,1.0,4.88,27.6,23.58,87,73,Sumenep,-6.9924,113.8607
2025-02-04,29.9,25.5,27.3,1.7,1.7,5.01,27.5,24.17,88,68,Sumenep,-6.9924,113.8607
2025-02-05,29.6,24.1,26.8,4.2,4.2,4.68,25.4,23.47,90,71,Sumenep,-6.9924,113.8607
2025-02-06,29.1,24.6,26.5,3.0,3.0,4.03,28.8,20.82,91,74,Sumenep,-6.9924,113.8607
2025-02-07,29.9,24.4,26.5,13.5,13.5,3.79,17.9,18.81,94,71,Sumenep,-6.9924,113.8607
2025-02-08,30.8,24.2,27.0,17.7,17.7,4.81,18.6,23.68,94,68,Sumenep,-6.9924,113.8607
2025-02-09,29.6,24.5,26.4,6.5,6.5,3.87,22.7,19.16,92,71,Sumenep,-6.9924,113.8607
2025-02-10,29.3,25.4,26.8,14.6,14.6,4.38,21.1,21.85,91,72,Sumenep,-6.9924,113.8607
2025-02-11,29.8,24.9,26.9,6.8,6.8,4.61,22.2,22.84,90,72,Sumenep,-6.9924,113.8607
2025-02-12,31.0,25.1,27.6,0.3,0.3,5.32,20.9,24.97,91,66,Sumenep,-6.9924,113.8607
2025-02-13,29.6,24.5,26.5,6.0,6.0,4.26,21.7,22.3,95,74,Sumenep,-6.9924,113.8607
2025-02-14,29.1,24.0,26.4,6.7,6.7,4.26,17.4,22.51,97,76,Sumenep,-6.9924,113.8607
2025-02-15,30.2,23.9,26.7,7.2,7.2,4.77,18.7,24.75,98,70,Sumenep,-6.9924,113.8607
2025-02-16,30.8,23.0,26.7,1.7,1.7,5.03,14.0,25.07,100,67,Sumenep,-6.9924,113.8607
2025-02-17,29.6,22.9,25.9,10.7,10.7,4.03,15.5,20.73,97,73,Sumenep,-6.9924,113.8607
2025-02-18,29.5,23.9,26.0,6.5,6.5,3.64,10.8,18.25,98,73,Sumenep,-6.9924,113.8607
2025-02-19,30.1,23.6,26.6,1.3,1.3,4.06,12.4,19.81,100,70,Sumenep,-6.9924,113.8607
2025-02-20,28.9,23.5,25.9,25.7,25.7,3.06,14.2,15.45,95,76,Sumenep,-6.9924,113.8607
2025-02-21,30.8,23.5,26.5,22.4,22.4,4.02,10.0,19.67,96,73,Sumenep,-6.9924,113.8607
2025-02-22,29.3,23.8,25.8,21.4,21.4,3.95,16.3,20.48,99,71,Sumenep,-6.9924,113.8607
2025-02-23,28.0,23.1,24.7,51.4,51.4,2.13,10.9,10.52,100,84,Sumenep,-6.9924,113.8607
2025-02-24,29.0,22.5,25.1,16.0,16.0,3.5,17.3,18.24,99,77,Sumenep,-6.9924,113.8607
2025-02-25,30.0,22.6,26.2,0.7,0.7,4.51,9.2,22.51,99,67,Sumenep,-6.9924,113.8607
2025-02-26,29.2,23.5,26.0,12.3,12.3,4.34,14.4,22.52,98,73,Sumenep,-6.9924,113.8607
2025-02-27,30.4,23.0,26.0,17.1,17.1,4.52,6.5,22.7,100,73,Sumenep,-6.9924,113.8607
2025-02-28,29.8,23.2,26.1,14.4,14.4,4.15,9.9,21.07,98,76,Sumenep,-6.9924,113.8607
2025-03-01,30.4,23.4,26.8,1.3,1.3,4.76,8.0,23.37,98,70,Sumenep,-6.9924,113.8607
2025-03-02,31.5,23.0,27.2,0.1,0.1,5.11,9.4,24.92,100,62,Sumenep,-6.9924,113.8607
2025-03-03,31.1,23.9,27.6,1.9,1.9,5.08,9.4,24.75,96,65,Sumenep,-6.9924,113.8607
2025-03-04,31.2,24.8,27.7,1.6,1.6,5.05,9.2,24.61,96,64,Sumenep,-6.9924,113.8607
2025-03-05,32.0,24.6,28.2,3.3,3.3,4.95,10.5,23.16,93,60,Sumenep,-6.9924,113.8607
2025-03-06,32.5,24.8,27.9,4.1,4.1,4.83,8.9,23.2,95,61,Sumenep,-6.9924,113.8607
2025-03-07,31.0,24.0,26.9,15.0,15.0,4.66,10.3,23.18,99,67,Sumenep,-6.9924,113.8607
2025-03-08,30.6,23.0,25.9,19.9,19.9,3.91,12.1,19.82,100,71,Sumenep,-6.9924,113.8607
2025-03-09,29.0,23.5,25.9,6.2,6.2,3.52,13.6,17.97,99,77,Sumenep,-6.9924,113.8607
2025-03-10,29.5,23.5,25.9,18.2,18.2,4.04,15.2,20.81,98,72,Sumenep,-6.9924,113.8607
2025-03-11,30.4,24.0,26.9,0.0,0.0,3.81,13.2,18.42,99,69,Sumenep,-6.9924,113.8607
2025-03-12,31.5,23.0,27.2,3.3,3.3,4.99,11.2,24.11,98,62,Sumenep,-6.9924,113.8607
2025-03-13,30.4,23.9,26.8,21.9,21.9,4.2,11.4,21.32,100,71,Sumenep,-6.9924,113.8607
2025-03-14,29.1,23.6,25.8,17.0,17.0,3.15,10.7,15.89,100,77,Sumenep,-6.9924,113.8607
2025-03-15,28.2,23.7,25.8,14.0,14.0,2.95,17.0,15.29,100,80,Sumenep,-6.9924,113.8607
2025-03-16,28.9,23.4,25.8,33.4,33.4,3.58,14.0,18.52,96,74,Sumenep,-6.9924,113.8607
2025-03-17,30.0,23.9,25.9,24.0,24.0,3.81,13.7,19.49,98,70,Sumenep,-6.9924,113.8607
2025-03-18,30.5,24.3,26.6,4.0,4.0,4.6,19.4,23.68,97,71,Sumenep,-6.9924,113.8607
2025-03-19,31.2,22.9,26.3,11.2,11.2,4.22,13.0,21.08,100,66,Sumenep,-6.9924,113.8607
2025-03-20,31.5,24.4,27.3,13.5,13.5,5.14,14.5,24.76,97,62,Sumenep,-6.9924,113.8607
2025-03-21,31.3,24.1,26.9,14.4,14.4,4.03,14.3,19.6,96,70,Sumenep,-6.9924,113.8607
2025-03-22,29.7,24.9,26.4,11.9,11.9,3.35,18.7,16.31,94,72,Sumenep,-6.9924,113.8607
2025-03-23,28.8,24.5,26.5,1.3,1.3,2.98,23.7,13.45,93,76,Sumenep,-6.9924,113.8607
2025-03-24,29.0,24.8,26.9,4.1,4.1,3.74,27.0,18.24,92,74,Sumenep,-6.9924,113.8607
2025-03-25,29.7,25.8,27.6,8.1,8.1,4.34,26.1,21.61,90,72,Sumenep,-6.9924,113.8607
2025-03-26,30.8,25.1,27.5,7.2,7.2,3.98,16.4,19.4,95,70,Sumenep,-6.9924,113.8607
2025-03-27,30.4,23.9,27.0,17.3,17.3,3.93,11.4,19.52,97,72,Sumenep,-6.9924,113.8607
2025-03-28,31.0,24.5,27.0,8.1,8.1,4.31,11.3,21.13,98,71,Sumenep,-6.9924,113.8607
2025-03-29,30.8,24.0,26.7,7.8,7.8,3.87,14.1,18.86,97,69,Sumenep,-6.9924,113.8607
2025-03-30,28.6,23.9,26.1,14.0,14.0,2.82,17.6,14.11,99,75,Sumenep,-6.9924,113.8607
2025-03-31,29.9,24.0,26.2,13.4,13.4,3.5,12.5,17.51,100,74,Sumenep,-6.9924,113.8607
2025-04-01,30.6,23.4,26.0,18.1,18.1,4.23,15.1,21.73,98,68,Sumenep,-6.9924,113.8607
2025-04-02,29.6,23.1,25.9,12.3,12.3,4.27,7.1,21.3,99,74,Sumenep,-6.9924,113.8607
2025-04-03,30.5,23.1,25.7,26.0,26.0,4.11,12.4,20.89,98,76,Sumenep,-6.9924,113.8607
2025-04-04,30.2,22.8,26.3,4.6,4.6,4.53,6.7,22.54,100,65,Sumenep,-6.9924,113.8607
2025-04-05,28.5,24.1,25.5,19.9,19.9,2.92,8.9,14.86,99,79,Sumenep,-6.9924,113.8607
2025-04-06,30.8,23.2,26.8,1.9,1.9,5.04,11.6,24.53,100,60,Sumenep,-6.9924,113.8607
2025-04-07,31.0,24.5,27.5,0.9,0.9,4.93,11.6,23.58,89,61,Sumenep,-6.9924,113.8607
2025-04-08,30.4,24.9,27.4,2.4,2.4,4.52,12.5,22.18,92,67,Sumenep,-6.9924,113.8607
2025-04-09,31.8,23.8,27.4,3.9,3.9,4.72,8.3,23.09,100,61,Sumenep,-6.9924,113.8607
2025-04-10,29.5,24.1,26.5,17.6,17.6,4.07,9.5,20.82,96,70,Sumenep,-6.9924,113.8607
2025-04-11,30.5,24.4,26.7,26.4,26.4,3.43,9.6,17.09,96,73,Sumenep,-6.9924,113.8607
2025-04-12,31.4,23.9,27.2,1.8,1.8,4.54,10.8,22.11,100,66,Sumenep,-6.9924,113.8607
2025-04-13,31.9,24.5,27.5,8.3,8.3,4.67,12.7,22.61,93,61,Sumenep,-6.9924,113.8607
2025-04-14,30.6,24.4,26.4,24.1,24.1,4.0,7.1,19.96,96,73,Sumenep,-6.9924,113.8607
2025-04-15,30.9,23.6,27.0,0.7,0.7,4.24,8.9,20.55,100,63,Sumenep,-6.9924,113.8607
2025-04-16,30.5,23.8,26.7,10.0,10.0,4.3,8.6,21.54,100,69,Sumenep,-6.9924,113.8607
2025-04-17,29.6,23.9,26.4,19.9,19.9,3.66,14.5,18.58,98,74,Sumenep,-6.9924,113.8607
2025-04-18,29.1,23.6,25.8,6.3,6.3,3.05,18.5,15.7,98,73,Sumenep,-6.9924,113.8607
2025-04-19,30.5,24.6,26.7,10.2,10.2,3.74,10.3,18.5,99,72,Sumenep,-6.9924,113.8607
2025-04-20,30.8,24.0,26.4,9.5,9.5,3.81,9.5,18.95,99,75,Sumenep,-6.9924,113.8607
2025-04-21,30.5,23.3,26.4,5.6,5.6,4.0,11.6,19.89,100,71,Sumenep,-6.9924,113.8607
2025-04-22,30.4,22.5,26.2,5.6,5.6,4.37,8.0,21.86,100,70,Sumenep,-6.9924,113.8607
2025-04-23,31.0,22.5,26.7,1.2,1.2,4.62,11.4,22.62,100,64,Sumenep,-6.9924,113.8607
2025-04-24,31.0,24.0,27.2,2.5,2.5,4.56,9.3,22.29,92,63,Sumenep,-6.9924,113.8607
2025-04-25,31.8,23.6,27.7,2.1,2.1,4.65,6.0,22.21,97,58,Sumenep,-6.9924,113.8607
2025-04-26,31.0,23.8,26.9,9.6,9.6,4.25,10.3,21.1,96,66,Sumenep,-6.9924,113.8607
2025-04-27,31.0,24.9,27.8,2.0,2.0,4.77,10.6,22.3,89,58,Sumenep,-6.9924,113.8607
2025-04-28,32.2,25.0,28.0,0.6,0.6,5.23,14.7,22.71,80,46,Sumenep,-6.9924,113.8607
2025-04-29,32.1,24.1,28.3,0.0,0.0,5.73,18.6,23.62,89,45,Sumenep,-6.9924,113.8607
2025-04-30,32.5,24.6,28.4,0.0,0.0,5.1,12.4,22.13,83,47,Sumenep,-6.9924,113.8607
2025-05-01,32.4,24.6,28.1,1.3,1.3,4.54,8.8,21.36,90,56,Sumenep,-6.9924,113.8607
2025-05-02,32.8,25.4,28.4,3.2,3.2,4.7,12.4,20.94,85,48,Sumenep,-6.9924,113.8607
2025-05-03,32.5,24.9,28.5,0.6,0.6,4.73,10.6,21.41,89,56,Sumenep,-6.9924,113.8607
2025-05-04,31.7,25.1,28.1,5.1,5.1,4.39,14.7,20.42,94,63,Sumenep,-6.9924,113.8607
2025-05-05,32.3,25.6,28.4,3.1,3.1,4.65,15.2,21.23,92,61,Sumenep,-6.9924,113.8607
2025-05-06,32.3,25.3,28.3,0.4,0.4,4.34,13.5,19.75,96,62,Sumenep,-6.9924,113.8607
2025-05-07,31.5,23.6,26.7,15.4,15.4,3.72,18.3,17.89,99,65,Sumenep,-6.9924,113.8607
2025-05-08,30.5,24.4,27.0,5.1,5.1,3.46,10.9,16.81,97,69,Sumenep,-6.9924,113.8607
2025-05-09,30.1,23.4,26.0,31.2,31.2,2.87,13.2,14.35,99,73,Sumenep,-6.9924,113.8607
2025-05-10,30.5,23.5,26.4,21.0,21.0,3.96,11.1,19.96,100,71,Sumenep,-6.9924,113.8607
2025-05-11,30.5,23.8,25.8,22.6,22.6,3.41,9.8,17.07,100,72,Sumenep,-6.9924,113.8607
2025-05-12,29.5,23.7,25.4,30.6,30.6,2.68,11.7,13.65,100,75,Sumenep,-6.9924,113.8607
2025-05-13,28.2,23.5,25.5,15.4,15.4,2.76,10.1,14.22,98,82,Sumenep,-6.9924,113.8607
2025-05-14,29.7,24.1,26.2,10.1,10.1,3.47,11.2,17.85,97,75,Sumenep,-6.9924,113.8607
2025-05-15,29.1,23.9,26.3,2.7,2.7,3.35,11.7,17.34,98,79,Sumenep,-6.9924,113.8607
2025-05-16,29.6,24.8,26.7,8.8,8.8,3.37,11.2,17.06,95,80,Sumenep,-6.9924,113.8607
2025-05-17,29.1,24.0,25.8,31.6,31.6,2.91,10.9,14.92,99,77,Sumenep,-6.9924,113.8607
2025-05-18,29.0,24.0,25.7,25.1,25.1,2.41,15.6,12.37,97,79,Sumenep,-6.9924,113.8607
2025-05-19,28.5,24.4,26.2,9.6,9.6,2.93,16.6,14.87,96,72,Sumenep,-6.9924,113.8607
2025-05-20,30.3,24.0,27.1,0.6,0.6,4.0,12.8,19.15,98,68,Sumenep,-6.9924,113.8607
2025-05-21,30.0,25.9,27.6,0.2,0.2,4.33,16.9,20.11,87,69,Sumenep,-6.9924,113.8607
2025-05-22,29.1,25.4,27.2,3.1,3.1,3.46,18.4,16.17,90,74,Sumenep,-6.9924,113.8607
2025-05-23,29.1,23.7,25.9,23.1,23.1,3.16,15.3,16.28,98,79,Sumenep,-6.9924,113.8607
2025-05-24,29.5,23.4,26.2,10.5,10.5,3.54,10.1,17.81,99,76,Sumenep,-6.9924,113.8607
2025-05-25,30.7,23.5,27.2,1.7,1.7,4.03,8.4,19.81,100,67,Sumenep,-6.9924,113.8607
2025-05-26,30.0,24.0,26.6,7.3,7.3,3.33,16.5,16.86,100,70,Sumenep,-6.9924,113.8607
2025-05-27,29.8,23.4,26.5,1.0,1.0,3.44,14.5,17.55,100,75,Sumenep,-6.9924,113.8607
2025-05-28,30.0,25.1,27.2,2.1,2.1,3.47,6.8,17.22,97,77,Sumenep,-6.9924,113.8607
2025-05-29,30.6,24.6,27.5,3.8,3.8,3.96,11.2,19.56,96,71,Sumenep,-6.9924,113.8607
2025-05-30,31.1,25.2,27.9,0.3,0.3,4.17,9.2,20.13,93,67,Sumenep,-6.9924,113.8607
2025-05-31,30.1,24.6,27.1,16.1,16.1,3.72,13.0,18.55,97,74,Sumenep,-6.9924,113.8607
2025-06-01,29.0,23.9,26.0,9.2,9.2,2.71,12.1,13.3,99,76,Sumenep,-6.9924,113.8607
2025-06-02,29.9,24.2,26.5,2.3,2.3,3.77,8.0,18.91,97,72,Sumenep,-6.9924,113.8607
2025-06-03,30.7,24.8,27.1,0.2,0.2,3.82,15.6,18.05,91,65,Sumenep,-6.9924,113.8607
2025-06-04,30.6,24.0,27.2,0.6,0.6,4.02,9.2,19.54,94,64,Sumenep,-6.9924,113.8607
2025-06-05,31.5,25.1,27.9,0.0,0.0,4.79,16.5,21.36,91,54,Sumenep,-6.9924,113.8607
2025-06-06,31.0,24.8,27.6,0.0,0.0,4.61,13.6,20.93,90,60,Sumenep,-6.9924,113.8607
2025-06-07,31.4,22.9,27.1,2.3,2.3,4.42,15.7,20.42,96,55,Sumenep,-6.9924,113.8607
2025-06-08,30.8,23.9,27.2,3.7,3.7,4.12,16.1,18.78,97,61,Sumenep,-6.9924,113.8607
2025-06-09,29.9,23.6,26.5,4.9,4.9,3.63,12.6,18.09,99,69,Sumenep,-6.9924,113.8607
2025-06-10,30.4,25.1,27.4,0.5,0.5,4.17,17.1,19.53,88,63,Sumenep,-6.9924,113.8607
2025-06-11,31.2,25.1,27.8,0.1,0.1,4.74,17.7,20.58,89,55,Sumenep,-6.9924,113.8607
2025-06-12,32.0,25.8,28.2,0.0,0.0,5.01,18.1,20.05,79,51,Sumenep,-6.9924,113.8607
2025-06-13,29.9,23.8,26.8,11.0,11.0,3.65,20.4,16.97,97,68,Sumenep,-6.9924,113.8607
2025-06-14,30.2,24.1,26.5,11.4,11.4,3.69,17.1,18.69,99,69,Sumenep,-6.9924,113.8607
2025-06-15,30.6,24.9,27.2,6.3,6.3,3.86,16.4,18.48,96,69,Sumenep,-6.9924,113.8607
2025-06-16,29.6,23.9,26.9,2.9,2.9,3.87,17.5,18.78,95,72,Sumenep,-6.9924,113.8607
2025-06-17,30.4,23.7,26.9,1.5,1.5,4.01,16.1,18.96,94,62,Sumenep,-6.9924,113.8607
2025-06-18,30.6,25.3,27.4,0.0,0.0,4.77,16.5,20.94,83,55,Sumenep,-6.9924,113.8607
2025-06-19,29.9,25.0,27.2,0.1,0.1,2.87,11.8,10.93,85,51,Sumenep,-6.9924,113.8607
2025-06-20,27.2,23.9,25.3,4.7,4.7,1.7,10.4,7.08,96,72,Sumenep,-6.9924,113.8607
2025-06-21,30.2,23.0,26.6,1.2,1.2,3.83,12.4,18.23,92,66,Sumenep,-6.9924,113.8607
2025-06-22,31.0,23.8,26.9,2.0,2.0,3.91,15.6,16.95,95,53,Sumenep,-6.9924,113.8607
2025-06-23,31.4,24.8,27.6,0.2,0.2,4.84,17.8,20.3,87,52,Sumenep,-6.9924,113.8607
2025-06-24,31.5,24.9,27.6,0.0,0.0,4.39,15.1,16.98,84,50,Sumenep,-6.9924,113.8607
2025-06-25,32.4,23.1,27.4,0.9,0.9,3.8,21.3,15.03,93,48,Sumenep,-6.9924,113.8607
2025-06-26,29.4,24.6,26.9,11.5,11.5,3.77,20.6,16.48,90,67,Sumenep,-6.9924,113.8607
2025-06-27,31.1,25.5,28.1,0.9,0.9,4.85,23.0,19.3,83,60,Sumenep,-6.9924,113.8607
2025-06-28,31.4,24.9,27.9,2.7,2.7,4.48,19.1,18.85,86,57,Sumenep,-6.9924,113.8607
2025-06-29,30.5,24.0,27.1,1.4,1.4,4.1,21.2,17.68,92,58,Sumenep,-6.9924,113.8607
2025-06-30,30.0,24.9,27.2,4.1,4.1,4.18,17.2,17.22,86,60,Sumenep,-6.9924,113.8607
2025-07-01,31.4,25.2,27.6,3.6,3.6,4.29,16.0,18.62,86,57,Sumenep,-6.9924,113.8607
2025-07-02,32.0,24.5,28.0,0.0,0.0,4.72,16.1,19.55,91,51,Sumenep,-6.9924,113.8607
2025-07-03,30.4,24.5,27.1,9.1,9.1,3.96,17.5,17.6,92,58,Sumenep,-6.9924,113.8607
2025-07-04,31.4,23.6,27.3,0.0,0.0,4.59,15.1,20.74,95,55,Sumenep,-6.9924,113.8607
2025-07-05,29.7,24.0,26.1,12.8,12.8,3.14,18.3,14.64,95,64,Sumenep,-6.9924,113.8607
2025-07-06,27.6,23.6,25.2,30.6,30.6,2.78,16.7,14.38,97,79,Sumenep,-6.9924,113.8607
2025-07-07,29.6,23.7,26.1,5.7,5.7,3.68,17.1,18.5,94,68,Sumenep,-6.9924,113.8607
2025-07-08,29.0,24.0,26.3,0.0,0.0,4.15,17.2,20.13,91,67,Sumenep,-6.9924,113.8607
2025-07-09,29.0,22.5,25.2,0.0,0.0,4.37,13.0,21.81,93,49,Sumenep,-6.9924,113.8607
2025-07-10,29.3,21.6,25.2,0.0,0.0,4.48,12.6,21.79,92,52,Sumenep,-6.9924,113.8607
2025-07-11,28.9,21.9,25.7,0.1,0.1,3.86,19.5,17.98,89,63,Sumenep,-6.9924,113.8607
2025-07-12,28.7,24.2,26.1,12.5,12.5,3.46,19.6,16.33,92,72,Sumenep,-6.9924,113.8607
2025-07-13,29.8,25.3,27.1,0.7,0.7,4.32,21.9,19.77,88,68,Sumenep,-6.9924,113.8607
2025-07-14,30.7,24.1,27.2,0.0,0.0,4.57,15.3,21.26,93,56,Sumenep,-6.9924,113.8607
2025-07-15,31.1,23.9,27.2,0.6,0.6,4.58,16.8,20.75,91,59,Sumenep,-6.9924,113.8607
2025-07-16,31.0,23.9,27.2,0.1,0.1,4.64,18.7,20.61,94,56,Sumenep,-6.9924,113.8607
2025-07-17,30.4,22.9,26.4,0.0,0.0,4.63,15.7,21.52,92,55,Sumenep,-6.9924,113.8607
2025-07-18,30.8,22.4,26.2,0.0,0.0,4.73,13.8,21.6,94,51,Sumenep,-6.9924,113.8607
2025-07-19,29.8,22.5,25.9,0.0,0.0,4.79,15.3,21.78,90,47,Sumenep,-6.9924,113.8607
2025-07-20,29.6,23.0,25.8,0.0,0.0,4.51,18.4,20.38,84,55,Sumenep,-6.9924,113.8607
2025-07-21,30.7,22.2,26.2,0.0,0.0,4.85,14.6,21.89,87,47,Sumenep,-6.9924,113.8607
2025-07-22,31.1,22.5,26.6,0.0,0.0,4.44,14.9,19.66,87,53,Sumenep,-6.9924,113.8607
2025-07-23,31.9,23.9,27.5,0.0,0.0,4.63,14.8,19.63,90,51,Sumenep,-6.9924,113.8607
2025-07-24,31.8,24.5,28.0,0.2,0.2,4.77,17.1,20.43,87,55,Sumenep,-6.9924,113.8607
2025-07-25,31.5,25.2,28.0,1.1,1.1,4.86,19.4,20.79,86,58,Sumenep,-6.9924,113.8607
2025-07-26,31.8,25.0,28.1,1.8,1.8,4.79,19.7,20.7,86,57,Sumenep,-6.9924,113.8607
2025-07-27,32.2,25.0,28.1,0.3,0.3,4.72,18.6,20.52,94,58,Sumenep,-6.9924,113.8607
2025-07-28,32.1,25.4,28.3,0.0,0.0,5.14,16.9,21.61,90,54,Sumenep,-6.9924,113.8607
2025-07-29,31.9,25.8,28.2,0.0,0.0,5.48,21.8,21.55,82,54,Sumenep,-6.9924,113.8607
2025-07-30,32.0,25.5,28.1,0.0,0.0,5.64,17.8,22.23,80,49,Sumenep,-6.9924,113.8607
2025-07-31,32.0,24.4,27.9,0.0,0.0,5.5,17.2,22.46,84,48,Sumenep,-6.9924,113.8607
2025-08-01,32.0,24.9,28.1,0.0,0.0,5.28,19.5,21.5,86,52,Sumenep,-6.9924,113.8607
2025-08-02,32.5,25.4,28.5,0.0,0.0,5.14,18.1,21.43,89,52,Sumenep,-6.9924,113.8607
2025-08-03,32.7,25.5,28.6,0.0,0.0,5.32,17.3,22.06,89,53,Sumenep,-6.9924,113.8607
2025-08-04,32.8,24.4,28.1,0.1,0.1,5.08,15.9,21.71,95,49,Sumenep,-6.9924,113.8607
2025-08-05,32.5,23.6,27.8,0.6,0.6,5.02,14.8,21.98,99,46,Sumenep,-6.9924,113.8607
2025-08-06,32.2,23.1,27.7,0.0,0.0,5.28,16.3,22.87,96,39,Sumenep,-6.9924,113.8607
2025-08-07,32.3,24.2,27.6,0.0,0.0,5.42,17.1,22.78,88,48,Sumenep,-6.9924,113.8607
2025-08-08,32.3,23.4,27.5,0.0,0.0,5.21,14.9,21.9,88,46,Sumenep,-6.9924,113.8607
2025-08-09,31.9,24.0,27.5,1.7,1.7,4.77,16.2,21.2,89,50,Sumenep,-6.9924,113.8607
2025-08-10,31.2,24.6,27.6,1.1,1.1,4.89,17.1,21.52,90,53,Sumenep,-6.9924,113.8607
2025-08-11,31.7,25.0,28.0,0.0,0.0,5.28,16.7,22.35,84,52,Sumenep,-6.9924,113.8607
2025-08-12,31.7,25.0,27.6,0.0,0.0,5.51,18.8,22.99,84,45,Sumenep,-6.9924,113.8607
2025-08-13,31.2,24.4,27.3,0.0,0.0,5.54,19.9,22.48,83,47,Sumenep,-6.9924,113.8607
2025-08-14,30.9,23.2,27.2,0.0,0.0,5.89,24.3,23.34,91,47,Sumenep,-6.9924,113.8607
2025-08-15,31.2,23.6,27.0,0.0,0.0,5.82,20.7,23.73,76,45,Sumenep,-6.9924,113.8607
2025-08-16,31.3,23.1,27.2,0.0,0.0,5.46,21.8,22.68,88,50,Sumenep,-6.9924,113.8607
2025-08-17,31.1,25.0,27.6,0.2,0.2,4.9,19.1,19.55,84,56,Sumenep,-6.9924,113.8607
2025-08-18,29.8,25.3,26.7,10.3,10.3,3.73,20.1,16.46,91,63,Sumenep,-6.9924,113.8607
2025-08-19,30.4,23.3,26.1,21.1,21.1,4.07,16.2,20.34,97,64,Sumenep,-6.9924,113.8607
2025-08-20,30.5,21.8,25.7,0.1,0.1,4.41,10.0,21.85,100,59,Sumenep,-6.9924,113.8607
2025-08-21,29.7,22.0,25.9,0.8,0.8,4.5,12.1,22.27,100,62,Sumenep,-6.9924,113.8607
2025-08-22,29.3,22.7,25.9,2.0,2.0,4.4,11.8,21.73,100,65,Sumenep,-6.9924,113.8607
2025-08-23,31.8,23.0,26.7,0.0,0.0,4.9,13.8,22.89,94,53,Sumenep,-6.9924,113.8607
2025-08-24,30.8,23.0,26.7,0.0,0.0,5.03,13.9,23.25,92,55,Sumenep,-6.9924,113.8607
2025-08-25,31.4,23.5,27.1,0.0,0.0,5.4,14.6,24.16,91,42,Sumenep,-6.9924,113.8607
2025-08-26,31.4,22.9,27.3,0.0,0.0,4.98,16.0,21.21,92,49,Sumenep,-6.9924,113.8607
2025-08-27,32.5,23.4,27.8,0.0,0.0,5.71,19.4,23.89,95,43,Sumenep,-6.9924,113.8607
2025-08-28,31.5,23.9,27.6,0.0,0.0,5.42,18.3,22.75,93,47,Sumenep,-6.9924,113.8607
2025-08-29,32.1,23.5,27.6,0.0,0.0,5.73,19.3,23.95,94,45,Sumenep,-6.9924,113.8607
2025-08-30,31.5,25.2,27.9,0.0,0.0,5.99,19.4,24.01,79,48,Sumenep,-6.9924,113.8607
2025-08-31,31.8,25.0,27.8,0.0,0.0,5.95,18.0,24.45,81,46,Sumenep,-6.9924,113.8607
2025-09-01,31.1,24.5,27.7,0.1,0.1,5.52,22.9,22.6,82,55,Sumenep,-6.9924,113.8607
2025-09-02,32.0,25.5,28.4,0.3,0.3,6.02,27.9,22.83,83,49,Sumenep,-6.9924,113.8607
2025-09-03,32.1,25.5,28.3,0.0,0.0,5.9,22.5,24.09,88,51,Sumenep,-6.9924,113.8607
2025-09-04,32.5,25.3,28.1,0.0,0.0,5.96,19.1,24.85,88,42,Sumenep,-6.9924,113.8607
2025-09-05,32.1,24.9,27.8,0.0,0.0,5.9,16.0,25.0,83,44,Sumenep,-6.9924,113.8607
2025-09-06,31.9,24.2,27.9,0.0,0.0,5.89,15.8,24.5,91,44,Sumenep,-6.9924,113.8607
2025-09-07,31.4,23.1,27.5,0.0,0.0,5.4,17.5,21.87,90,43,Sumenep,-6.9924,113.8607
2025-09-08,32.1,23.9,27.8,0.0,0.0,5.03,16.0,20.38,85,44,Sumenep,-6.9924,113.8607
2025-09-09,33.3,23.9,27.8,7.0,7.0,4.87,18.5,21.24,95,48,Sumenep,-6.9924,113.8607
2025-09-10,32.3,24.0,27.5,7.4,7.4,4.85,18.1,21.81,96,55,Sumenep,-6.9924,113.8607
2025-09-11,32.2,24.4,27.6,0.3,0.3,5.3,17.3,24.0,96,53,Sumenep,-6.9924,113.8607
2025-09-12,32.8,23.5,28.1,0.0,0.0,5.79,15.1,24.89,93,45,Sumenep,-6.9924,113.8607
2025-09-13,32.8,24.1,28.4,0.0,0.0,5.85,19.3,24.75,90,48,Sumenep,-6.9924,113.8607
2025-09-14,31.8,24.8,27.9,1.3,1.3,5.32,18.7,23.31,90,53,Sumenep,-6.9924,113.8607
2025-09-15,32.0,25.2,28.2,0.4,0.4,5.54,18.6,23.07,84,52,Sumenep,-6.9924,113.8607
2025-09-16,32.2,25.3,28.3,1.2,1.2,5.34,20.2,21.84,84,51,Sumenep,-6.9924,113.8607
2025-09-17,32.5,24.0,28.1,0.8,0.8,5.48,17.1,23.34,90,49,Sumenep,-6.9924,113.8607
2025-09-18,32.6,25.7,28.0,8.5,8.5,5.15,16.8,21.3,81,52,Sumenep,-6.9924,113.8607
2025-09-19,32.2,25.5,28.2,0.9,0.9,5.51,19.2,23.24,86,53,Sumenep,-6.9924,113.8607
2025-09-20,32.7,25.0,28.2,1.0,1.0,5.44,14.7,24.38,91,54,Sumenep,-6.9924,113.8607
2025-09-21,32.5,24.5,28.1,0.2,0.2,5.5,16.5,24.77,94,54,Sumenep,-6.9924,113.8607
2025-09-22,33.5,23.7,28.2,0.0,0.0,5.92,15.1,25.97,97,41,Sumenep,-6.9924,113.8607
2025-09-23,33.9,21.8,27.9,0.1,0.1,5.55,9.3,25.6,98,40,Sumenep,-6.9924,113.8607
2025-09-24,33.4,24.0,28.5,0.1,0.1,5.98,14.0,25.66,94,42,Sumenep,-6.9924,113.8607
2025-09-25,33.7,24.6,28.8,0.0,0.0,6.1,18.8,24.57,88,42,Sumenep,-6.9924,113.8607
2025-09-26,33.1,25.8,29.1,0.0,0.0,6.09,17.7,24.54,84,45,Sumenep,-6.9924,113.8607
2025-09-27,32.8,25.9,29.0,2.2,2.2,5.85,18.2,24.09,85,51,Sumenep,-6.9924,113.8607
2025-09-28,33.4,26.0,29.0,0.1,0.1,6.07,21.8,25.13,87,49,Sumenep,-6.9924,113.8607
2025-09-29,32.6,23.9,28.2,4.4,4.4,5.47,21.6,22.84,95,51,Sumenep,-6.9924,113.8607
2025-09-30,29.8,24.1,26.2,10.3,10.3,3.64,16.3,17.51,99,66,Sumenep,-6.9924,113.8607
2025-10-01,32.0,23.8,27.3,0.2,0.2,4.77,12.5,22.09,98,56,Sumenep,-6.9924,113.8607
2025-10-02,33.2,24.0,28.0,0.0,0.0,5.61,11.4,25.67,97,47,Sumenep,-6.9924,113.8607
2025-10-03,33.0,23.0,28.1,0.2,0.2,5.32,13.4,24.88,100,47,Sumenep,-6.9924,113.8607
2025-10-04,34.0,23.2,28.5,0.0,0.0,6.03,15.9,25.32,95,38,Sumenep,-6.9924,113.8607
2025-10-05,33.3,24.9,28.4,0.0,0.0,5.85,17.4,24.79,86,47,Sumenep,-6.9924,113.8607
2025-10-06,33.7,24.5,28.5,0.2,0.2,5.88,16.3,25.3,93,42,Sumenep,-6.9924,113.8607
2025-10-07,35.1,24.5,28.8,0.0,0.0,6.26,17.1,26.63,94,31,Sumenep,-6.9924,113.8607
2025-10-08,34.5,24.1,28.9,0.0,0.0,5.94,14.5,26.34,94,35,Sumenep,-6.9924,113.8607
2025-10-09,33.6,22.6,28.3,0.0,0.0,5.82,11.2,25.73,100,40,Sumenep,-6.9924,113.8607
2025-10-10,32.8,23.6,28.2,0.0,0.0,5.91,13.6,25.99,94,45,Sumenep,-6.9924,113.8607
2025-10-11,32.4,24.5,28.6,2.0,2.0,5.74,15.9,24.47,85,54,Sumenep,-6.9924,113.8607
2025-10-12,32.8,25.7,28.8,2.4,2.4,5.68,17.9,24.51,87,58,Sumenep,-6.9924,113.8607
2025-10-13,32.2,25.8,28.4,3.2,3.2,5.02,15.2,22.94,91,59,Sumenep,-6.9924,113.8607
2025-10-14,33.2,25.3,28.9,0.2,0.2,5.64,13.9,25.18,93,55,Sumenep,-6.9924,113.8607
2025-10-15,32.8,25.1,28.7,0.8,0.8,5.49,15.1,24.25,95,55,Sumenep,-6.9924,113.8607
2025-10-16,33.0,26.3,29.2,0.9,0.9,5.97,19.2,24.78,85,52,Sumenep,-6.9924,113.8607
2025-10-17,33.6,25.7,29.4,0.4,0.4,5.84,16.4,24.94,88,50,Sumenep,-6.9924,113.8607
2025-10-18,34.7,25.4,29.5,0.0,0.0,5.97,13.5,25.34,89,43,Sumenep,-6.9924,113.8607
2025-10-19,33.8,25.6,29.4,5.9,5.9,5.3,11.0,24.19,87,49,Sumenep,-6.9924,113.8607
2025-10-20,30.9,24.5,27.2,23.6,23.6,3.77,14.1,18.22,94,67,Sumenep,-6.9924,113.8607
2025-10-21,31.0,24.0,26.2,34.7,34.7,3.12,15.1,14.72,99,67,Sumenep,-6.9924,113.8607
2025-10-22,30.2,24.0,26.7,4.4,4.4,4.2,10.2,20.66,99,70,Sumenep,-6.9924,113.8607
2025-10-23,31.4,23.9,27.2,16.1,16.1,4.6,10.1,22.27,98,65,Sumenep,-6.9924,113.8607
2025-10-24,31.7,23.7,27.5,1.2,1.2,5.04,11.1,23.92,100,61,Sumenep,-6.9924,113.8607
2025-10-25,31.8,24.0,28.0,0.4,0.4,4.9,11.4,23.43,95,55,Sumenep,-6.9924,113.8607
2025-10-26,31.5,24.5,28.0,2.3,2.3,4.94,10.3,23.26,97,58,Sumenep,-6.9924,113.8607
2025-10-27,30.8,24.8,27.0,0.6,0.6,3.69,6.8,17.41,95,67,Sumenep,-6.9924,113.8607
2025-10-28,29.8,24.1,26.7,19.6,19.6,3.69,13.0,18.06,98,69,Sumenep,-6.9924,113.8607
2025-10-29,30.1,23.8,26.4,20.7,20.7,4.13,10.2,20.42,98,69,Sumenep,-6.9924,113.8607
2025-10-30,31.2,23.5,26.7,7.3,7.3,4.09,11.2,20.08,98,66,Sumenep,-6.9924,113.8607
2025-10-31,31.4,23.9,26.6,24.5,24.5,4.46,10.8,22.1,99,68,Sumenep,-6.9924,113.8607
2025-11-01,31.2,23.7,27.3,9.5,9.5,5.03,15.1,24.65,98,65,Sumenep,-6.9924,113.8607
2025-11-02,31.1,24.2,26.9,10.0,10.0,4.73,12.1,23.32,99,69,Sumenep,-6.9924,113.8607
2025-11-03,30.4,24.0,27.0,17.6,17.6,4.44,10.5,21.89,100,68,Sumenep,-6.9924,113.8607
2025-11-04,30.2,24.4,27.0,6.6,6.6,4.12,11.6,20.18,96,70,Sumenep,-6.9924,113.8607
2025-11-05,30.6,23.8,25.9,32.5,32.5,3.61,11.9,17.56,98,69,Sumenep,-6.9924,113.8607
2025-11-06,31.3,23.7,27.4,1.0,1.0,4.81,12.5,23.11,96,61,Sumenep,-6.9924,113.8607
2025-11-07,31.0,23.5,27.2,4.6,4.6,4.95,11.7,24.24,99,63,Sumenep,-6.9924,113.8607
2025-11-08,30.9,24.0,27.2,2.7,2.7,4.43,9.5,21.49,100,66,Sumenep,-6.9924,113.8607
2025-11-09,29.6,23.9,26.3,18.4,18.4,3.06,8.1,14.75,99,73,Sumenep,-6.9924,113.8607
2025-11-10,30.0,24.1,26.2,21.5,21.5,3.04,7.1,14.55,99,73,Sumenep,-6.9924,113.8607
2025-11-11,29.6,22.9,25.7,8.1,8.1,3.55,11.6,17.63,99,74,Sumenep,-6.9924,113.8607
2025-11-12,27.6,22.5,24.8,22.0,22.0,2.39,13.6,12.16,100,80,Sumenep,-6.9924,113.8607
2025-11-13,30.2,23.5,26.0,10.4,10.4,3.22,15.4,15.44,100,62,Sumenep,-6.9924,113.8607
2025-11-14,30.1,24.1,26.3,7.6,7.6,4.07,17.7,19.7,97,67,Sumenep,-6.9924,113.8607
2025-11-15,30.0,24.1,26.5,9.1,9.1,3.88,14.9,19.49,96,70,Sumenep,-6.9924,113.8607
2025-11-16,30.0,24.3,26.9,18.3,18.3,3.92,10.4,19.62,94,70,Sumenep,-6.9924,113.8607
2025-11-17,29.5,23.6,26.1,15.6,15.6,3.36,12.2,16.64,100,75,Sumenep,-6.9924,113.8607
2025-11-18,30.1,23.4,26.3,21.8,21.8,4.4,10.1,21.69,99,72,Sumenep,-6.9924,113.8607
2025-11-19,30.2,23.1,26.2,16.0,16.0,4.22,9.3,20.67,99,68,Sumenep,-6.9924,113.8607
2025-11-20,30.0,23.9,26.7,6.8,6.8,4.28,10.6,21.35,99,72,Sumenep,-6.9924,113.8607
2025-11-21,29.4,23.1,26.0,23.4,23.4,3.88,10.8,19.35,99,73,Sumenep,-6.9924,113.8607
2025-11-22,29.6,23.9,26.1,12.3,12.3,3.63,9.9,18.0,100,72,Sumenep,-6.9924,113.8607
2025-11-23,29.2,23.8,25.9,15.2,15.2,3.01,9.5,14.87,99,77,Sumenep,-6.9924,113.8607
2025-11-24,30.4,24.0,26.7,11.5,11.5,3.94,9.9,19.4,100,71,Sumenep,-6.9924,113.8607
2025-11-25,30.6,23.6,27.0,4.8,4.8,4.48,10.6,22.13,100,70,Sumenep,-6.9924,113.8607
2025-11-26,30.5,24.4,27.1,4.4,4.4,4.49,13.2,22.35,96,70,Sumenep,-6.9924,113.8607
2025-11-27,31.5,24.4,27.6,1.0,1.0,5.05,8.8,24.6,97,60,Sumenep,-6.9924,113.8607
2025-11-28,31.0,24.5,27.2,12.5,12.5,4.69,13.7,22.8,97,68,Sumenep,-6.9924,113.8607
2025-11-29,31.0,24.6,27.2,5.0,5.0,4.78,15.1,23.18,95,62,Sumenep,-6.9924,113.8607
2025-11-30,29.2,23.6,26.6,5.8,5.8,3.27,8.2,15.73,96,71,Sumenep,-6.9924,113.8607
2025-12-01,31.2,24.1,27.5,0.5,0.5,5.19,10.8,25.36,92,56,Sumenep,-6.9924,113.8607
2025-12-02,30.8,24.0,26.4,26.5,26.5,3.78,13.4,18.67,100,68,Sumenep,-6.9924,113.8607
2025-12-03,29.7,23.9,26.5,3.8,3.8,3.67,10.1,18.09,97,70,Sumenep,-6.9924,113.8607
2025-12-04,29.7,23.6,26.3,5.5,5.5,4.01,12.3,19.91,98,75,Sumenep,-6.9924,113.8607
2025-12-05,31.1,22.7,26.1,4.5,4.5,4.97,9.6,24.42,100,61,Sumenep,-6.9924,113.8607
2025-12-06,30.0,22.7,26.0,13.0,13.0,4.24,11.3,21.52,100,70,Sumenep,-6.9924,113.8607
2025-12-07,30.0,23.4,26.3,6.8,6.8,4.0,9.3,19.97,100,72,Sumenep,-6.9924,113.8607
2025-12-08,29.6,23.0,26.1,22.7,22.7,3.93,12.9,20.05,99,76,Sumenep,-6.9924,113.8607
2025-12-09,29.2,23.1,25.6,4.2,4.2,3.18,13.9,15.6,98,76,Sumenep,-6.9924,113.8607
2025-12-10,30.0,23.8,26.2,19.0,19.0,3.83,16.0,19.33,99,76,Sumenep,-6.9924,113.8607
2025-12-11,29.6,24.0,26.2,25.2,25.2,3.99,11.0,19.81,100,74,Sumenep,-6.9924,113.8607
2025-12-12,30.1,23.9,26.7,2.3,2.3,4.3,8.8,20.95,100,66,Sumenep,-6.9924,113.8607
2025-12-13,30.0,24.6,27.2,1.3,1.3,4.49,17.6,22.11,91,68,Sumenep,-6.9924,113.8607
2025-12-14,29.0,23.0,25.8,20.1,20.1,3.06,17.4,14.9,99,73,Sumenep,-6.9924,113.8607
2025-12-15,29.5,23.2,25.5,24.8,24.8,3.07,18.6,15.71,96,74,Sumenep,-6.9924,113.8607
2025-12-16,30.4,23.6,26.8,2.0,2.0,3.92,7.9,18.75,99,64,Sumenep,-6.9924,113.8607
2025-12-17,31.5,22.6,27.1,1.7,1.7,5.23,12.6,25.08,98,57,Sumenep,-6.9924,113.8607
2025-12-18,29.5,23.2,26.0,18.3,18.3,4.12,17.0,21.33,99,77,Sumenep,-6.9924,113.8607
2025-12-19,26.6,23.6,25.2,14.9,14.9,1.56,9.7,7.37,97,85,Sumenep,-6.9924,113.8607
2025-12-20,28.8,23.5,25.4,24.5,24.5,2.91,12.9,14.45,97,78,Sumenep,-6.9924,113.8607
2025-12-21,30.5,23.4,26.1,22.3,22.3,4.28,11.9,21.68,96,71,Sumenep,-6.9924,113.8607
2025-12-22,30.8,23.9,26.6,9.5,9.5,3.93,10.4,19.4,98,69,Sumenep,-6.9924,113.8607
2025-12-23,31.7,24.1,27.4,2.0,2.0,4.97,11.7,23.93,96,60,Sumenep,-6.9924,113.8607
2025-12-24,31.4,24.2,27.1,1.7,1.7,4.86,13.9,23.64,96,64,Sumenep,-6.9924,113.8607
2025-12-25,31.0,24.6,27.5,4.7,4.7,4.98,10.8,24.37,93,67,Sumenep,-6.9924,113.8607
2025-12-26,30.5,24.2,27.1,2.9,2.9,4.6,11.8,22.8,97,68,Sumenep,-6.9924,113.8607
2025-12-27,30.9,24.5,26.6,25.6,25.6,4.06,13.6,19.94,95,69,Sumenep,-6.9924,113.8607
2025-12-28,30.6,24.2,27.3,1.6,1.6,4.71,13.6,23.15,95,70,Sumenep,-6.9924,113.8607
2025-12-29,30.0,23.6,26.4,11.2,11.2,3.88,7.7,19.21,97,75,Sumenep,-6.9924,113.8607
2025-12-30,29.8,24.4,26.4,23.2,23.2,3.68,8.7,18.26,99,73,Sumenep,-6.9924,113.8607
2025-12-31,29.4,24.1,26.0,22.0,22.0,3.15,11.5,15.63,98,80,Sumenep,-6.9924,113.8607
